arrival_definition,key,level,name,commit,time_local,valid_votes_zweit,afd_votes,afd_share,reported,total,completion_evidence
first_positive_result,lsa:GEMEINDE:15087055,GEMEINDE,Berga,090c55727349adcf25c243dee770737bef332023,2026-09-06T18:39:34.212928+02:00,117,81,69.23076923076923,1,4,CSV Ist=Soll>0
first_positive_result,lsa:GEMEINDE:15087130,GEMEINDE,"Eisleben, Lutherstadt",090c55727349adcf25c243dee770737bef332023,2026-09-06T18:39:34.212928+02:00,123,77,62.60162601626016,1,24,CSV Ist=Soll>0
first_positive_result,lsa:GEMEINDE:15087165,GEMEINDE,"Gerbstedt, Stadt",090c55727349adcf25c243dee770737bef332023,2026-09-06T18:39:34.212928+02:00,92,57,61.95652173913044,1,15,CSV Ist=Soll>0
first_positive_result,lsa:GEMEINDE:15087370,GEMEINDE,"Sangerhausen, Stadt",090c55727349adcf25c243dee770737bef332023,2026-09-06T18:39:34.212928+02:00,75,52,69.33333333333333,1,33,CSV Ist=Soll>0
first_positive_result,lsa:GEMEINDE:15087412,GEMEINDE,Südharz,090c55727349adcf25c243dee770737bef332023,2026-09-06T18:39:34.212928+02:00,144,96,66.66666666666667,2,18,CSV Ist=Soll>0
first_positive_result,lsa:GEMEINDE:15090008,GEMEINDE,Altmärkische Wische,090c55727349adcf25c243dee770737bef332023,2026-09-06T18:39:34.212928+02:00,212,117,55.18867924528302,2,5,CSV Ist=Soll>0
first_positive_result,lsa:GEMEINDE:15090070,GEMEINDE,"Bismark (Altmark), Stadt",090c55727349adcf25c243dee770737bef332023,2026-09-06T18:39:34.212928+02:00,72,35,48.611111111111114,1,23,CSV Ist=Soll>0
first_positive_result,lsa:GEMEINDE:15090180,GEMEINDE,Goldbeck,090c55727349adcf25c243dee770737bef332023,2026-09-06T18:39:34.212928+02:00,119,55,46.21848739495798,1,3,CSV Ist=Soll>0
first_positive_result,lsa:GEMEINDE:15090220,GEMEINDE,Hassel,090c55727349adcf25c243dee770737bef332023,2026-09-06T18:39:34.212928+02:00,76,44,57.89473684210526,1,3,CSV Ist=Soll>0
first_positive_result,lsa:GEMEINDE:15090245,GEMEINDE,Hohenberg-Krusemark,090c55727349adcf25c243dee770737bef332023,2026-09-06T18:39:34.212928+02:00,144,89,61.80555555555556,1,4,CSV Ist=Soll>0
first_positive_result,lsa:KREIS:15087,KREIS,Mansfeld-Südharz,090c55727349adcf25c243dee770737bef332023,2026-09-06T18:39:34.212928+02:00,551,363,65.88021778584393,6,201,CSV Ist=Soll>0
first_positive_result,lsa:KREIS:15090,KREIS,Stendal,090c55727349adcf25c243dee770737bef332023,2026-09-06T18:39:34.212928+02:00,623,340,54.57463884430177,6,196,CSV Ist=Soll>0
first_positive_result,lsa:WAHLKREIS:003,WAHLKREIS,Havelberg-Osterburg,090c55727349adcf25c243dee770737bef332023,2026-09-06T18:39:34.212928+02:00,551,305,55.35390199637023,5,96,CSV Ist=Soll>0
first_positive_result,lsa:WAHLKREIS:004,WAHLKREIS,Stendal,090c55727349adcf25c243dee770737bef332023,2026-09-06T18:39:34.212928+02:00,72,35,48.611111111111114,1,65,CSV Ist=Soll>0
first_positive_result,lsa:WAHLKREIS:030,WAHLKREIS,Eisleben,090c55727349adcf25c243dee770737bef332023,2026-09-06T18:39:34.212928+02:00,215,134,62.325581395348834,2,71,CSV Ist=Soll>0
first_positive_result,lsa:WAHLKREIS:031,WAHLKREIS,Sangerhausen,090c55727349adcf25c243dee770737bef332023,2026-09-06T18:39:34.212928+02:00,336,229,68.1547619047619,4,88,CSV Ist=Soll>0
first_positive_result,lsa:GEMEINDE:15001000,GEMEINDE,"Dessau-Roßlau, Stadt",495732d5be6de63f6340e975915eccf6e9079367,2026-09-06T19:19:41.198663+02:00,1724,887,51.45011600928074,7,79,CSV Ist=Soll>0
first_positive_result,lsa:GEMEINDE:15002000,GEMEINDE,"Halle (Saale), Stadt",495732d5be6de63f6340e975915eccf6e9079367,2026-09-06T19:19:41.198663+02:00,226,117,51.769911504424776,2,186,CSV Ist=Soll>0
first_positive_result,lsa:GEMEINDE:15003000,GEMEINDE,"Magdeburg, Landeshauptstadt",495732d5be6de63f6340e975915eccf6e9079367,2026-09-06T19:19:41.198663+02:00,119,15,12.605042016806722,1,218,CSV Ist=Soll>0
first_positive_result,lsa:GEMEINDE:15081026,GEMEINDE,"Apenburg-Winterfeld, Flecken",495732d5be6de63f6340e975915eccf6e9079367,2026-09-06T19:19:41.198663+02:00,647,316,48.84080370942813,2,4,CSV Ist=Soll>0
first_positive_result,lsa:GEMEINDE:15081030,GEMEINDE,"Arendsee (Altmark), Stadt",495732d5be6de63f6340e975915eccf6e9079367,2026-09-06T19:19:41.198663+02:00,1421,657,46.235045742434906,12,17,CSV Ist=Soll>0
first_positive_result,lsa:GEMEINDE:15081045,GEMEINDE,Beetzendorf,495732d5be6de63f6340e975915eccf6e9079367,2026-09-06T19:19:41.198663+02:00,596,245,41.10738255033557,4,7,CSV Ist=Soll>0
first_positive_result,lsa:GEMEINDE:15081135,GEMEINDE,"Gardelegen, Hansestadt",495732d5be6de63f6340e975915eccf6e9079367,2026-09-06T19:19:41.198663+02:00,1857,827,44.53419493807216,13,40,CSV Ist=Soll>0
first_positive_result,lsa:GEMEINDE:15081225,GEMEINDE,Jübar,495732d5be6de63f6340e975915eccf6e9079367,2026-09-06T19:19:41.198663+02:00,570,327,57.36842105263158,4,6,CSV Ist=Soll>0
first_positive_result,lsa:GEMEINDE:15081240,GEMEINDE,"Kalbe (Milde), Stadt",495732d5be6de63f6340e975915eccf6e9079367,2026-09-06T19:19:41.198663+02:00,1486,731,49.19246298788695,10,18,CSV Ist=Soll>0
first_positive_result,lsa:GEMEINDE:15081280,GEMEINDE,"Klötze, Stadt",495732d5be6de63f6340e975915eccf6e9079367,2026-09-06T19:19:41.198663+02:00,759,303,39.92094861660079,6,19,CSV Ist=Soll>0
first_positive_result,lsa:GEMEINDE:15081290,GEMEINDE,Kuhfelde,495732d5be6de63f6340e975915eccf6e9079367,2026-09-06T19:19:41.198663+02:00,358,180,50.279329608938546,2,4,CSV Ist=Soll>0
first_positive_result,lsa:GEMEINDE:15081440,GEMEINDE,Rohrberg,495732d5be6de63f6340e975915eccf6e9079367,2026-09-06T19:19:41.198663+02:00,298,157,52.68456375838926,2,4,CSV Ist=Soll>0
first_positive_result,lsa:GEMEINDE:15081455,GEMEINDE,"Salzwedel, Hansestadt",495732d5be6de63f6340e975915eccf6e9079367,2026-09-06T19:19:41.198663+02:00,1281,619,48.321623731459795,6,25,CSV Ist=Soll>0
first_positive_result,lsa:GEMEINDE:15081545,GEMEINDE,Wallstawe,495732d5be6de63f6340e975915eccf6e9079367,2026-09-06T19:19:41.198663+02:00,179,85,47.486033519553075,1,3,CSV Ist=Soll>0
first_positive_result,lsa:GEMEINDE:15082005,GEMEINDE,"Aken (Elbe), Stadt",495732d5be6de63f6340e975915eccf6e9079367,2026-09-06T19:19:41.198663+02:00,981,497,50.66258919469929,4,9,CSV Ist=Soll>0
first_positive_result,lsa:GEMEINDE:15082015,GEMEINDE,"Bitterfeld-Wolfen, Stadt",495732d5be6de63f6340e975915eccf6e9079367,2026-09-06T19:19:41.198663+02:00,1932,986,51.0351966873706,5,31,CSV Ist=Soll>0
first_positive_result,lsa:GEMEINDE:15082180,GEMEINDE,"Köthen (Anhalt), Stadt",495732d5be6de63f6340e975915eccf6e9079367,2026-09-06T19:19:41.198663+02:00,919,535,58.21545157780196,6,24,CSV Ist=Soll>0
first_positive_result,lsa:GEMEINDE:15082241,GEMEINDE,Muldestausee,495732d5be6de63f6340e975915eccf6e9079367,2026-09-06T19:19:41.198663+02:00,995,560,56.28140703517588,3,16,CSV Ist=Soll>0
first_positive_result,lsa:GEMEINDE:15082256,GEMEINDE,Osternienburger Land,495732d5be6de63f6340e975915eccf6e9079367,2026-09-06T19:19:41.198663+02:00,893,498,55.76707726763718,6,19,CSV Ist=Soll>0
first_positive_result,lsa:GEMEINDE:15082301,GEMEINDE,"Raguhn-Jeßnitz, Stadt",495732d5be6de63f6340e975915eccf6e9079367,2026-09-06T19:19:41.198663+02:00,801,470,58.67665418227216,4,11,CSV Ist=Soll>0
first_positive_result,lsa:GEMEINDE:15082340,GEMEINDE,"Sandersdorf-Brehna, Stadt",495732d5be6de63f6340e975915eccf6e9079367,2026-09-06T19:19:41.198663+02:00,1075,593,55.16279069767442,4,17,CSV Ist=Soll>0
first_positive_result,lsa:GEMEINDE:15082377,GEMEINDE,"Südliches Anhalt, Stadt",495732d5be6de63f6340e975915eccf6e9079367,2026-09-06T19:19:41.198663+02:00,2036,1112,54.616895874263264,15,28,CSV Ist=Soll>0
first_positive_result,lsa:GEMEINDE:15082430,GEMEINDE,"Zerbst/Anhalt, Stadt",495732d5be6de63f6340e975915eccf6e9079367,2026-09-06T19:19:41.198663+02:00,2326,1257,54.04127257093723,18,36,CSV Ist=Soll>0
first_positive_result,lsa:GEMEINDE:15082440,GEMEINDE,"Zörbig, Stadt",495732d5be6de63f6340e975915eccf6e9079367,2026-09-06T19:19:41.198663+02:00,848,493,58.136792452830186,4,13,CSV Ist=Soll>0
first_positive_result,lsa:GEMEINDE:15083020,GEMEINDE,Altenhausen,495732d5be6de63f6340e975915eccf6e9079367,2026-09-06T19:19:41.198663+02:00,170,76,44.705882352941174,1,4,CSV Ist=Soll>0
first_positive_result,lsa:GEMEINDE:15083025,GEMEINDE,Am Großen Bruch,495732d5be6de63f6340e975915eccf6e9079367,2026-09-06T19:19:41.198663+02:00,299,188,62.876254180602004,2,5,CSV Ist=Soll>0
first_positive_result,lsa:GEMEINDE:15083030,GEMEINDE,Angern,495732d5be6de63f6340e975915eccf6e9079367,2026-09-06T19:19:41.198663+02:00,139,58,41.726618705035975,2,5,CSV Ist=Soll>0
first_positive_result,lsa:GEMEINDE:15083035,GEMEINDE,Ausleben,495732d5be6de63f6340e975915eccf6e9079367,2026-09-06T19:19:41.198663+02:00,285,169,59.29824561403509,1,3,CSV Ist=Soll>0
first_positive_result,lsa:GEMEINDE:15083115,GEMEINDE,Bülstringen,495732d5be6de63f6340e975915eccf6e9079367,2026-09-06T19:19:41.198663+02:00,88,22,25.0,1,3,CSV Ist=Soll>0
first_positive_result,lsa:GEMEINDE:15083120,GEMEINDE,Burgstall,495732d5be6de63f6340e975915eccf6e9079367,2026-09-06T19:19:41.198663+02:00,145,90,62.06896551724138,1,5,CSV Ist=Soll>0
first_positive_result,lsa:GEMEINDE:15083125,GEMEINDE,Calvörde,495732d5be6de63f6340e975915eccf6e9079367,2026-09-06T19:19:41.198663+02:00,327,164,50.15290519877676,3,9,CSV Ist=Soll>0
first_positive_result,lsa:GEMEINDE:15083190,GEMEINDE,Eilsleben,495732d5be6de63f6340e975915eccf6e9079367,2026-09-06T19:19:41.198663+02:00,391,181,46.29156010230179,2,6,CSV Ist=Soll>0
first_positive_result,lsa:GEMEINDE:15083205,GEMEINDE,Erxleben,495732d5be6de63f6340e975915eccf6e9079367,2026-09-06T19:19:41.198663+02:00,270,120,44.44444444444444,1,6,CSV Ist=Soll>0
first_positive_result,lsa:GEMEINDE:15083230,GEMEINDE,Flechtingen,495732d5be6de63f6340e975915eccf6e9079367,2026-09-06T19:19:41.198663+02:00,85,40,47.05882352941177,1,5,CSV Ist=Soll>0
first_positive_result,lsa:GEMEINDE:15083245,GEMEINDE,"Gröningen, Stadt",495732d5be6de63f6340e975915eccf6e9079367,2026-09-06T19:19:41.198663+02:00,75,43,57.333333333333336,1,6,CSV Ist=Soll>0
first_positive_result,lsa:GEMEINDE:15083270,GEMEINDE,"Haldensleben, Stadt",495732d5be6de63f6340e975915eccf6e9079367,2026-09-06T19:19:41.198663+02:00,548,329,60.03649635036496,2,17,CSV Ist=Soll>0
first_positive_result,lsa:GEMEINDE:15083275,GEMEINDE,Harbke,495732d5be6de63f6340e975915eccf6e9079367,2026-09-06T19:19:41.198663+02:00,136,42,30.88235294117647,1,2,CSV Ist=Soll>0
first_positive_result,lsa:GEMEINDE:15083298,GEMEINDE,Hohe Börde,495732d5be6de63f6340e975915eccf6e9079367,2026-09-06T19:19:41.198663+02:00,577,337,58.40554592720971,2,20,CSV Ist=Soll>0
first_positive_result,lsa:GEMEINDE:15083320,GEMEINDE,Hötensleben,495732d5be6de63f6340e975915eccf6e9079367,2026-09-06T19:19:41.198663+02:00,292,152,52.054794520547944,1,5,CSV Ist=Soll>0
first_positive_result,lsa:GEMEINDE:15083323,GEMEINDE,Ingersleben,495732d5be6de63f6340e975915eccf6e9079367,2026-09-06T19:19:41.198663+02:00,646,315,48.76160990712074,4,5,CSV Ist=Soll>0
first_positive_result,lsa:GEMEINDE:15083411,GEMEINDE,"Oebisfelde-Weferlingen, Stadt",495732d5be6de63f6340e975915eccf6e9079367,2026-09-06T19:19:41.198663+02:00,341,160,46.9208211143695,4,28,CSV Ist=Soll>0
first_positive_result,lsa:GEMEINDE:15083415,GEMEINDE,"Oschersleben (Bode), Stadt",495732d5be6de63f6340e975915eccf6e9079367,2026-09-06T19:19:41.198663+02:00,1204,755,62.70764119601329,6,21,CSV Ist=Soll>0
first_positive_result,lsa:GEMEINDE:15083485,GEMEINDE,Sommersdorf,495732d5be6de63f6340e975915eccf6e9079367,2026-09-06T19:19:41.198663+02:00,428,234,54.67289719626168,2,4,CSV Ist=Soll>0
first_positive_result,lsa:GEMEINDE:15083490,GEMEINDE,Sülzetal,495732d5be6de63f6340e975915eccf6e9079367,2026-09-06T19:19:41.198663+02:00,187,111,59.35828877005348,1,9,CSV Ist=Soll>0
first_positive_result,lsa:GEMEINDE:15083505,GEMEINDE,Ummendorf,495732d5be6de63f6340e975915eccf6e9079367,2026-09-06T19:19:41.198663+02:00,465,241,51.82795698924731,1,2,CSV Ist=Soll>0
first_positive_result,lsa:GEMEINDE:15083531,GEMEINDE,"Wanzleben-Börde, Stadt",495732d5be6de63f6340e975915eccf6e9079367,2026-09-06T19:19:41.198663+02:00,1172,608,51.877133105802045,6,18,CSV Ist=Soll>0
first_positive_result,lsa:GEMEINDE:15083557,GEMEINDE,Westheide,495732d5be6de63f6340e975915eccf6e9079367,2026-09-06T19:19:41.198663+02:00,135,83,61.48148148148148,1,5,CSV Ist=Soll>0
first_positive_result,lsa:GEMEINDE:15083565,GEMEINDE,"Wolmirstedt, Stadt",495732d5be6de63f6340e975915eccf6e9079367,2026-09-06T19:19:41.198663+02:00,184,80,43.47826086956522,1,12,CSV Ist=Soll>0
first_positive_result,lsa:GEMEINDE:15083580,GEMEINDE,Zielitz,495732d5be6de63f6340e975915eccf6e9079367,2026-09-06T19:19:41.198663+02:00,167,93,55.68862275449102,1,3,CSV Ist=Soll>0
first_positive_result,lsa:GEMEINDE:15084025,GEMEINDE,Balgstädt,495732d5be6de63f6340e975915eccf6e9079367,2026-09-06T19:19:41.198663+02:00,247,114,46.15384615384615,2,4,CSV Ist=Soll>0
first_positive_result,lsa:GEMEINDE:15084130,GEMEINDE,Elsteraue,495732d5be6de63f6340e975915eccf6e9079367,2026-09-06T19:19:41.198663+02:00,521,330,63.339731285988485,2,13,CSV Ist=Soll>0
first_positive_result,lsa:GEMEINDE:15084135,GEMEINDE,"Freyburg (Unstrut), Stadt",495732d5be6de63f6340e975915eccf6e9079367,2026-09-06T19:19:41.198663+02:00,208,107,51.44230769230769,2,7,CSV Ist=Soll>0
first_positive_result,lsa:GEMEINDE:15084150,GEMEINDE,Gleina,495732d5be6de63f6340e975915eccf6e9079367,2026-09-06T19:19:41.198663+02:00,243,139,57.20164609053498,2,4,CSV Ist=Soll>0
first_positive_result,lsa:GEMEINDE:15084235,GEMEINDE,"Hohenmölsen, Stadt",495732d5be6de63f6340e975915eccf6e9079367,2026-09-06T19:19:41.198663+02:00,333,186,55.85585585585586,2,13,CSV Ist=Soll>0
first_positive_result,lsa:GEMEINDE:15084250,GEMEINDE,Karsdorf,495732d5be6de63f6340e975915eccf6e9079367,2026-09-06T19:19:41.198663+02:00,144,61,42.361111111111114,1,4,CSV Ist=Soll>0
first_positive_result,lsa:GEMEINDE:15084315,GEMEINDE,"Lützen, Stadt",495732d5be6de63f6340e975915eccf6e9079367,2026-09-06T19:19:41.198663+02:00,1309,771,58.89992360580596,8,22,CSV Ist=Soll>0
first_positive_result,lsa:GEMEINDE:15084355,GEMEINDE,"Naumburg (Saale), Stadt",495732d5be6de63f6340e975915eccf6e9079367,2026-09-06T19:19:41.198663+02:00,896,480,53.57142857142857,5,31,CSV Ist=Soll>0
first_positive_result,lsa:GEMEINDE:15084490,GEMEINDE,"Teuchern, Stadt",495732d5be6de63f6340e975915eccf6e9079367,2026-09-06T19:19:41.198663+02:00,663,445,67.11915535444948,2,11,CSV Ist=Soll>0
first_positive_result,lsa:GEMEINDE:15084550,GEMEINDE,"Weißenfels, Stadt",495732d5be6de63f6340e975915eccf6e9079367,2026-09-06T19:19:41.198663+02:00,892,532,59.64125560538117,3,39,CSV Ist=Soll>0
first_positive_result,lsa:GEMEINDE:15084590,GEMEINDE,"Zeitz, Stadt",495732d5be6de63f6340e975915eccf6e9079367,2026-09-06T19:19:41.198663+02:00,44,18,40.90909090909091,1,29,CSV Ist=Soll>0
first_positive_result,lsa:GEMEINDE:15085040,GEMEINDE,"Ballenstedt, Stadt",495732d5be6de63f6340e975915eccf6e9079367,2026-09-06T19:19:41.198663+02:00,216,134,62.03703703703704,1,9,CSV Ist=Soll>0
first_positive_result,lsa:GEMEINDE:15085145,GEMEINDE,"Harzgerode, Stadt",495732d5be6de63f6340e975915eccf6e9079367,2026-09-06T19:19:41.198663+02:00,1640,929,56.646341463414636,5,13,CSV Ist=Soll>0
first_positive_result,lsa:GEMEINDE:15085185,GEMEINDE,Huy,495732d5be6de63f6340e975915eccf6e9079367,2026-09-06T19:19:41.198663+02:00,1372,723,52.69679300291545,6,12,CSV Ist=Soll>0
first_positive_result,lsa:GEMEINDE:15085190,GEMEINDE,"Ilsenburg (Harz), Stadt",495732d5be6de63f6340e975915eccf6e9079367,2026-09-06T19:19:41.198663+02:00,540,241,44.629629629629626,1,9,CSV Ist=Soll>0
first_positive_result,lsa:GEMEINDE:15085227,GEMEINDE,Nordharz,495732d5be6de63f6340e975915eccf6e9079367,2026-09-06T19:19:41.198663+02:00,473,244,51.58562367864693,2,9,CSV Ist=Soll>0
first_positive_result,lsa:GEMEINDE:15085230,GEMEINDE,"Osterwieck, Stadt",495732d5be6de63f6340e975915eccf6e9079367,2026-09-06T19:19:41.198663+02:00,862,397,46.05568445475638,6,21,CSV Ist=Soll>0
first_positive_result,lsa:GEMEINDE:15085287,GEMEINDE,Selke-Aue,495732d5be6de63f6340e975915eccf6e9079367,2026-09-06T19:19:41.198663+02:00,197,114,57.868020304568525,1,4,CSV Ist=Soll>0
first_positive_result,lsa:GEMEINDE:15085365,GEMEINDE,"Wegeleben, Stadt",495732d5be6de63f6340e975915eccf6e9079367,2026-09-06T19:19:41.198663+02:00,318,187,58.80503144654088,3,5,CSV Ist=Soll>0
first_positive_result,lsa:GEMEINDE:15086055,GEMEINDE,"Gommern, Stadt",495732d5be6de63f6340e975915eccf6e9079367,2026-09-06T19:19:41.198663+02:00,1173,551,46.97357203751066,6,15,CSV Ist=Soll>0
first_positive_result,lsa:GEMEINDE:15087031,GEMEINDE,"Arnstein, Stadt",495732d5be6de63f6340e975915eccf6e9079367,2026-09-06T19:19:41.198663+02:00,1267,709,55.95895816890292,6,13,CSV Ist=Soll>0
first_positive_result,lsa:GEMEINDE:15087075,GEMEINDE,Bornstedt,495732d5be6de63f6340e975915eccf6e9079367,2026-09-06T19:19:41.198663+02:00,104,30,28.846153846153847,1,2,CSV Ist=Soll>0
first_positive_result,lsa:GEMEINDE:15087101,GEMEINDE,Brücken-Hackpfüffel,495732d5be6de63f6340e975915eccf6e9079367,2026-09-06T19:19:41.198663+02:00,120,69,57.5,1,3,CSV Ist=Soll>0
first_positive_result,lsa:GEMEINDE:15087220,GEMEINDE,"Hettstedt, Stadt",495732d5be6de63f6340e975915eccf6e9079367,2026-09-06T19:19:41.198663+02:00,2394,1445,60.35923141186299,5,15,CSV Ist=Soll>0
first_positive_result,lsa:GEMEINDE:15087250,GEMEINDE,"Kelbra (Kyffhäuser), Stadt",495732d5be6de63f6340e975915eccf6e9079367,2026-09-06T19:19:41.198663+02:00,1282,585,45.63182527301092,4,6,CSV Ist=Soll>0
first_positive_result,lsa:GEMEINDE:15087260,GEMEINDE,Klostermansfeld,495732d5be6de63f6340e975915eccf6e9079367,2026-09-06T19:19:41.198663+02:00,325,91,28.0,1,2,CSV Ist=Soll>0
first_positive_result,lsa:GEMEINDE:15087275,GEMEINDE,"Mansfeld, Stadt",495732d5be6de63f6340e975915eccf6e9079367,2026-09-06T19:19:41.198663+02:00,1033,575,55.663117134559535,6,17,CSV Ist=Soll>0
first_positive_result,lsa:GEMEINDE:15087440,GEMEINDE,Wallhausen,495732d5be6de63f6340e975915eccf6e9079367,2026-09-06T19:19:41.198663+02:00,1094,615,56.215722120658135,3,5,CSV Ist=Soll>0
first_positive_result,lsa:GEMEINDE:15087470,GEMEINDE,Wimmelburg,495732d5be6de63f6340e975915eccf6e9079367,2026-09-06T19:19:41.198663+02:00,230,68,29.565217391304348,1,2,CSV Ist=Soll>0
first_positive_result,lsa:GEMEINDE:15089015,GEMEINDE,"Aschersleben, Stadt",495732d5be6de63f6340e975915eccf6e9079367,2026-09-06T19:19:41.198663+02:00,383,224,58.485639686684074,2,26,CSV Ist=Soll>0
first_positive_result,lsa:GEMEINDE:15089030,GEMEINDE,"Bernburg (Saale), Stadt",495732d5be6de63f6340e975915eccf6e9079367,2026-09-06T19:19:41.198663+02:00,4548,2435,53.54001759014952,9,27,CSV Ist=Soll>0
first_positive_result,lsa:GEMEINDE:15089055,GEMEINDE,"Calbe (Saale), Stadt",495732d5be6de63f6340e975915eccf6e9079367,2026-09-06T19:19:41.198663+02:00,261,131,50.191570881226056,2,8,CSV Ist=Soll>0
first_positive_result,lsa:GEMEINDE:15089165,GEMEINDE,"Güsten, Stadt",495732d5be6de63f6340e975915eccf6e9079367,2026-09-06T19:19:41.198663+02:00,252,169,67.06349206349206,1,6,CSV Ist=Soll>0
first_positive_result,lsa:GEMEINDE:15089245,GEMEINDE,Plötzkau,495732d5be6de63f6340e975915eccf6e9079367,2026-09-06T19:19:41.198663+02:00,232,165,71.12068965517241,2,4,CSV Ist=Soll>0
first_positive_result,lsa:GEMEINDE:15089307,GEMEINDE,"Seeland, Stadt",495732d5be6de63f6340e975915eccf6e9079367,2026-09-06T19:19:41.198663+02:00,83,41,49.397590361445786,1,7,CSV Ist=Soll>0
first_positive_result,lsa:GEMEINDE:15089310,GEMEINDE,"Staßfurt, Salzstadt",495732d5be6de63f6340e975915eccf6e9079367,2026-09-06T19:19:41.198663+02:00,919,543,59.08596300326442,2,19,CSV Ist=Soll>0
first_positive_result,lsa:GEMEINDE:15090003,GEMEINDE,Aland,495732d5be6de63f6340e975915eccf6e9079367,2026-09-06T19:19:41.198663+02:00,152,56,36.8421052631579,1,5,CSV Ist=Soll>0
first_positive_result,lsa:GEMEINDE:15090007,GEMEINDE,Altmärkische Höhe,495732d5be6de63f6340e975915eccf6e9079367,2026-09-06T19:19:41.198663+02:00,522,297,56.89655172413793,3,6,CSV Ist=Soll>0
first_positive_result,lsa:GEMEINDE:15090010,GEMEINDE,"Arneburg, Stadt",495732d5be6de63f6340e975915eccf6e9079367,2026-09-06T19:19:41.198663+02:00,51,22,43.13725490196079,1,3,CSV Ist=Soll>0
first_positive_result,lsa:GEMEINDE:15090135,GEMEINDE,Eichstedt (Altmark),495732d5be6de63f6340e975915eccf6e9079367,2026-09-06T19:19:41.198663+02:00,588,275,46.7687074829932,4,4,CSV Ist=Soll>0
first_positive_result,lsa:GEMEINDE:15090225,GEMEINDE,"Havelberg, Hansestadt",495732d5be6de63f6340e975915eccf6e9079367,2026-09-06T19:19:41.198663+02:00,501,288,57.48502994011976,5,10,CSV Ist=Soll>0
first_positive_result,lsa:GEMEINDE:15090270,GEMEINDE,Iden,495732d5be6de63f6340e975915eccf6e9079367,2026-09-06T19:19:41.198663+02:00,379,189,49.86807387862797,2,3,CSV Ist=Soll>0
first_positive_result,lsa:GEMEINDE:15090285,GEMEINDE,Kamern,495732d5be6de63f6340e975915eccf6e9079367,2026-09-06T19:19:41.198663+02:00,112,61,54.464285714285715,1,4,CSV Ist=Soll>0
first_positive_result,lsa:GEMEINDE:15090415,GEMEINDE,"Osterburg (Altmark), Hansestadt",495732d5be6de63f6340e975915eccf6e9079367,2026-09-06T19:19:41.198663+02:00,667,323,48.425787106446776,4,15,CSV Ist=Soll>0
first_positive_result,lsa:GEMEINDE:15090435,GEMEINDE,Rochau,495732d5be6de63f6340e975915eccf6e9079367,2026-09-06T19:19:41.198663+02:00,242,125,51.65289256198347,1,3,CSV Ist=Soll>0
first_positive_result,lsa:GEMEINDE:15090445,GEMEINDE,"Sandau (Elbe), Stadt",495732d5be6de63f6340e975915eccf6e9079367,2026-09-06T19:19:41.198663+02:00,132,40,30.303030303030305,1,2,CSV Ist=Soll>0
first_positive_result,lsa:GEMEINDE:15090500,GEMEINDE,Schönhausen (Elbe),495732d5be6de63f6340e975915eccf6e9079367,2026-09-06T19:19:41.198663+02:00,205,106,51.707317073170735,1,4,CSV Ist=Soll>0
first_positive_result,lsa:GEMEINDE:15090535,GEMEINDE,"Stendal, Hansestadt",495732d5be6de63f6340e975915eccf6e9079367,2026-09-06T19:19:41.198663+02:00,1070,528,49.345794392523366,7,42,CSV Ist=Soll>0
first_positive_result,lsa:GEMEINDE:15090631,GEMEINDE,Wust-Fischbeck,495732d5be6de63f6340e975915eccf6e9079367,2026-09-06T19:19:41.198663+02:00,455,182,40.0,2,4,CSV Ist=Soll>0
first_positive_result,lsa:GEMEINDE:15090635,GEMEINDE,Zehrental,495732d5be6de63f6340e975915eccf6e9079367,2026-09-06T19:19:41.198663+02:00,77,22,28.571428571428573,1,3,CSV Ist=Soll>0
first_positive_result,lsa:GEMEINDE:15091010,GEMEINDE,"Annaburg, Stadt",495732d5be6de63f6340e975915eccf6e9079367,2026-09-06T19:19:41.198663+02:00,898,553,61.58129175946548,7,14,CSV Ist=Soll>0
first_positive_result,lsa:GEMEINDE:15091020,GEMEINDE,"Bad Schmiedeberg, Stadt",495732d5be6de63f6340e975915eccf6e9079367,2026-09-06T19:19:41.198663+02:00,674,368,54.59940652818991,3,13,CSV Ist=Soll>0
first_positive_result,lsa:GEMEINDE:15091060,GEMEINDE,"Coswig (Anhalt), Stadt",495732d5be6de63f6340e975915eccf6e9079367,2026-09-06T19:19:41.198663+02:00,985,487,49.441624365482234,8,25,CSV Ist=Soll>0
first_positive_result,lsa:GEMEINDE:15091145,GEMEINDE,"Jessen (Elster), Stadt",495732d5be6de63f6340e975915eccf6e9079367,2026-09-06T19:19:41.198663+02:00,2208,1187,53.75905797101449,14,23,CSV Ist=Soll>0
first_positive_result,lsa:GEMEINDE:15091160,GEMEINDE,"Kemberg, Stadt",495732d5be6de63f6340e975915eccf6e9079367,2026-09-06T19:19:41.198663+02:00,1464,741,50.614754098360656,7,17,CSV Ist=Soll>0
first_positive_result,lsa:GEMEINDE:15091375,GEMEINDE,"Wittenberg, Lutherstadt",495732d5be6de63f6340e975915eccf6e9079367,2026-09-06T19:19:41.198663+02:00,1842,925,50.2171552660152,8,49,CSV Ist=Soll>0
first_positive_result,lsa:GEMEINDE:15091391,GEMEINDE,"Zahna-Elster, Stadt",495732d5be6de63f6340e975915eccf6e9079367,2026-09-06T19:19:41.198663+02:00,461,224,48.590021691973966,4,14,CSV Ist=Soll>0
first_positive_result,lsa:KREIS:15001,KREIS,"Dessau-Roßlau, Stadt",495732d5be6de63f6340e975915eccf6e9079367,2026-09-06T19:19:41.198663+02:00,1724,887,51.45011600928074,7,79,CSV Ist=Soll>0
first_positive_result,lsa:KREIS:15002,KREIS,"Halle (Saale), Stadt",495732d5be6de63f6340e975915eccf6e9079367,2026-09-06T19:19:41.198663+02:00,226,117,51.769911504424776,2,186,CSV Ist=Soll>0
first_positive_result,lsa:KREIS:15003,KREIS,"Magdeburg, Landeshauptstadt",495732d5be6de63f6340e975915eccf6e9079367,2026-09-06T19:19:41.198663+02:00,119,15,12.605042016806722,1,218,CSV Ist=Soll>0
first_positive_result,lsa:KREIS:15081,KREIS,Altmarkkreis Salzwedel,495732d5be6de63f6340e975915eccf6e9079367,2026-09-06T19:19:41.198663+02:00,9452,4447,47.04824375793483,62,152,CSV Ist=Soll>0
first_positive_result,lsa:KREIS:15082,KREIS,Anhalt-Bitterfeld,495732d5be6de63f6340e975915eccf6e9079367,2026-09-06T19:19:41.198663+02:00,12806,7001,54.66968608464782,69,204,CSV Ist=Soll>0
first_positive_result,lsa:KREIS:15083,KREIS,Börde,495732d5be6de63f6340e975915eccf6e9079367,2026-09-06T19:19:41.198663+02:00,8756,4691,53.57469164001827,49,244,CSV Ist=Soll>0
first_positive_result,lsa:KREIS:15084,KREIS,Burgenlandkreis,495732d5be6de63f6340e975915eccf6e9079367,2026-09-06T19:19:41.198663+02:00,5500,3183,57.872727272727275,30,253,CSV Ist=Soll>0
first_positive_result,lsa:KREIS:15085,KREIS,Harz,495732d5be6de63f6340e975915eccf6e9079367,2026-09-06T19:19:41.198663+02:00,5618,2969,52.84798860804557,25,227,CSV Ist=Soll>0
first_positive_result,lsa:KREIS:15086,KREIS,Jerichower Land,495732d5be6de63f6340e975915eccf6e9079367,2026-09-06T19:19:41.198663+02:00,1173,551,46.97357203751066,6,116,CSV Ist=Soll>0
first_positive_result,lsa:KREIS:15089,KREIS,Salzlandkreis,495732d5be6de63f6340e975915eccf6e9079367,2026-09-06T19:19:41.198663+02:00,6678,3708,55.525606469002696,19,194,CSV Ist=Soll>0
first_positive_result,lsa:KREIS:15091,KREIS,Wittenberg,495732d5be6de63f6340e975915eccf6e9079367,2026-09-06T19:19:41.198663+02:00,8532,4485,52.566807313642755,51,183,CSV Ist=Soll>0
first_positive_result,lsa:WAHLKREIS:001,WAHLKREIS,Salzwedel,495732d5be6de63f6340e975915eccf6e9079367,2026-09-06T19:19:41.198663+02:00,5350,2586,48.33644859813084,33,75,CSV Ist=Soll>0
first_positive_result,lsa:WAHLKREIS:002,WAHLKREIS,Gardelegen-Klötze,495732d5be6de63f6340e975915eccf6e9079367,2026-09-06T19:19:41.198663+02:00,4443,2021,45.48728336709431,33,105,CSV Ist=Soll>0
first_positive_result,lsa:WAHLKREIS:007,WAHLKREIS,Haldensleben,495732d5be6de63f6340e975915eccf6e9079367,2026-09-06T19:19:41.198663+02:00,3846,1916,49.81799271970879,20,85,CSV Ist=Soll>0
first_positive_result,lsa:WAHLKREIS:008,WAHLKREIS,Wolmirstedt,495732d5be6de63f6340e975915eccf6e9079367,2026-09-06T19:19:41.198663+02:00,1347,741,55.01113585746103,8,67,CSV Ist=Soll>0
first_positive_result,lsa:WAHLKREIS:009,WAHLKREIS,Oschersleben-Wanzleben,495732d5be6de63f6340e975915eccf6e9079367,2026-09-06T19:19:41.198663+02:00,3222,1874,58.16263190564867,17,64,CSV Ist=Soll>0
first_positive_result,lsa:WAHLKREIS:011,WAHLKREIS,Magdeburg II,495732d5be6de63f6340e975915eccf6e9079367,2026-09-06T19:19:41.198663+02:00,119,15,12.605042016806722,1,66,CSV Ist=Soll>0
first_positive_result,lsa:WAHLKREIS:014,WAHLKREIS,Halberstadt,495732d5be6de63f6340e975915eccf6e9079367,2026-09-06T19:19:41.198663+02:00,1372,723,52.69679300291545,6,48,CSV Ist=Soll>0
first_positive_result,lsa:WAHLKREIS:015,WAHLKREIS,Blankenburg,495732d5be6de63f6340e975915eccf6e9079367,2026-09-06T19:19:41.198663+02:00,1875,882,47.04,9,59,CSV Ist=Soll>0
first_positive_result,lsa:WAHLKREIS:016,WAHLKREIS,Wernigerode,495732d5be6de63f6340e975915eccf6e9079367,2026-09-06T19:19:41.198663+02:00,1640,929,56.646341463414636,5,51,CSV Ist=Soll>0
first_positive_result,lsa:WAHLKREIS:017,WAHLKREIS,Quedlinburg,495732d5be6de63f6340e975915eccf6e9079367,2026-09-06T19:19:41.198663+02:00,731,435,59.50752393980848,5,60,CSV Ist=Soll>0
first_positive_result,lsa:WAHLKREIS:018,WAHLKREIS,Aschersleben,495732d5be6de63f6340e975915eccf6e9079367,2026-09-06T19:19:41.198663+02:00,1733,974,56.20311598384305,9,55,CSV Ist=Soll>0
first_positive_result,lsa:WAHLKREIS:019,WAHLKREIS,Staßfurt,495732d5be6de63f6340e975915eccf6e9079367,2026-09-06T19:19:41.198663+02:00,919,543,59.08596300326442,2,40,CSV Ist=Soll>0
first_positive_result,lsa:WAHLKREIS:020,WAHLKREIS,Schönebeck,495732d5be6de63f6340e975915eccf6e9079367,2026-09-06T19:19:41.198663+02:00,261,131,50.191570881226056,2,56,CSV Ist=Soll>0
first_positive_result,lsa:WAHLKREIS:021,WAHLKREIS,Bernburg,495732d5be6de63f6340e975915eccf6e9079367,2026-09-06T19:19:41.198663+02:00,5032,2769,55.027821939586644,12,65,CSV Ist=Soll>0
first_positive_result,lsa:WAHLKREIS:022,WAHLKREIS,Köthen,495732d5be6de63f6340e975915eccf6e9079367,2026-09-06T19:19:41.198663+02:00,4751,2677,56.34603241422858,28,79,CSV Ist=Soll>0
first_positive_result,lsa:WAHLKREIS:023,WAHLKREIS,Zerbst,495732d5be6de63f6340e975915eccf6e9079367,2026-09-06T19:19:41.198663+02:00,5373,2803,52.16824865066071,34,79,CSV Ist=Soll>0
first_positive_result,lsa:WAHLKREIS:024,WAHLKREIS,Wittenberg,495732d5be6de63f6340e975915eccf6e9079367,2026-09-06T19:19:41.198663+02:00,2303,1149,49.89144594007816,12,63,CSV Ist=Soll>0
first_positive_result,lsa:WAHLKREIS:025,WAHLKREIS,Jessen,495732d5be6de63f6340e975915eccf6e9079367,2026-09-06T19:19:41.198663+02:00,5244,2849,54.32875667429443,31,81,CSV Ist=Soll>0
first_positive_result,lsa:WAHLKREIS:026,WAHLKREIS,Dessau-Roßlau,495732d5be6de63f6340e975915eccf6e9079367,2026-09-06T19:19:41.198663+02:00,1286,656,51.01088646967341,4,52,CSV Ist=Soll>0
first_positive_result,lsa:WAHLKREIS:027,WAHLKREIS,Dessau-Roßlau-Wittenberg,495732d5be6de63f6340e975915eccf6e9079367,2026-09-06T19:19:41.198663+02:00,1423,718,50.45678144764582,11,66,CSV Ist=Soll>0
first_positive_result,lsa:WAHLKREIS:028,WAHLKREIS,Bitterfeld-Wolfen,495732d5be6de63f6340e975915eccf6e9079367,2026-09-06T19:19:41.198663+02:00,3855,2072,53.74837872892348,13,61,CSV Ist=Soll>0
first_positive_result,lsa:WAHLKREIS:036,WAHLKREIS,Halle II,495732d5be6de63f6340e975915eccf6e9079367,2026-09-06T19:19:41.198663+02:00,101,56,55.445544554455445,1,47,CSV Ist=Soll>0
first_positive_result,lsa:WAHLKREIS:037,WAHLKREIS,Halle III,495732d5be6de63f6340e975915eccf6e9079367,2026-09-06T19:19:41.198663+02:00,125,61,48.8,1,57,CSV Ist=Soll>0
first_positive_result,lsa:WAHLKREIS:039,WAHLKREIS,Weißenfels,495732d5be6de63f6340e975915eccf6e9079367,2026-09-06T19:19:41.198663+02:00,2864,1748,61.03351955307262,13,72,CSV Ist=Soll>0
first_positive_result,lsa:WAHLKREIS:040,WAHLKREIS,Naumburg,495732d5be6de63f6340e975915eccf6e9079367,2026-09-06T19:19:41.198663+02:00,1738,901,51.84119677790564,12,79,CSV Ist=Soll>0
first_positive_result,lsa:WAHLKREIS:041,WAHLKREIS,Zeitz,495732d5be6de63f6340e975915eccf6e9079367,2026-09-06T19:19:41.198663+02:00,898,534,59.465478841870826,5,79,CSV Ist=Soll>0
first_positive_result,lsa:GEMEINDE:15081095,GEMEINDE,Dähre,54022b534f45331a7c3b6d920ff9a1ddd2a52510,2026-09-06T19:35:33.866455+02:00,394,179,45.431472081218274,1,3,CSV Ist=Soll>0
first_positive_result,lsa:GEMEINDE:15084012,GEMEINDE,An der Poststraße,54022b534f45331a7c3b6d920ff9a1ddd2a52510,2026-09-06T19:35:33.866455+02:00,309,188,60.84142394822006,1,4,CSV Ist=Soll>0
first_positive_result,lsa:GEMEINDE:15084015,GEMEINDE,"Bad Bibra, Stadt",54022b534f45331a7c3b6d920ff9a1ddd2a52510,2026-09-06T19:35:33.866455+02:00,363,251,69.14600550964187,1,3,CSV Ist=Soll>0
first_positive_result,lsa:GEMEINDE:15084115,GEMEINDE,Droyßig,54022b534f45331a7c3b6d920ff9a1ddd2a52510,2026-09-06T19:35:33.866455+02:00,137,84,61.31386861313869,1,3,CSV Ist=Soll>0
first_positive_result,lsa:GEMEINDE:15084125,GEMEINDE,"Eckartsberga, Stadt",54022b534f45331a7c3b6d920ff9a1ddd2a52510,2026-09-06T19:35:33.866455+02:00,192,117,60.9375,1,4,CSV Ist=Soll>0
first_positive_result,lsa:GEMEINDE:15084132,GEMEINDE,Finne,54022b534f45331a7c3b6d920ff9a1ddd2a52510,2026-09-06T19:35:33.866455+02:00,202,111,54.95049504950495,1,3,CSV Ist=Soll>0
first_positive_result,lsa:GEMEINDE:15084133,GEMEINDE,Finneland,54022b534f45331a7c3b6d920ff9a1ddd2a52510,2026-09-06T19:35:33.866455+02:00,168,97,57.73809523809524,1,3,CSV Ist=Soll>0
first_positive_result,lsa:GEMEINDE:15084170,GEMEINDE,Goseck,54022b534f45331a7c3b6d920ff9a1ddd2a52510,2026-09-06T19:35:33.866455+02:00,542,311,57.38007380073801,2,3,CSV Ist=Soll>0
first_positive_result,lsa:GEMEINDE:15084207,GEMEINDE,Gutenborn,54022b534f45331a7c3b6d920ff9a1ddd2a52510,2026-09-06T19:35:33.866455+02:00,495,293,59.19191919191919,2,5,CSV Ist=Soll>0
first_positive_result,lsa:GEMEINDE:15084246,GEMEINDE,Kaiserpfalz,54022b534f45331a7c3b6d920ff9a1ddd2a52510,2026-09-06T19:35:33.866455+02:00,361,210,58.17174515235457,1,3,CSV Ist=Soll>0
first_positive_result,lsa:GEMEINDE:15084275,GEMEINDE,Kretzschau,54022b534f45331a7c3b6d920ff9a1ddd2a52510,2026-09-06T19:35:33.866455+02:00,136,76,55.88235294117647,2,6,CSV Ist=Soll>0
first_positive_result,lsa:GEMEINDE:15084282,GEMEINDE,Lanitz-Hassel-Tal,54022b534f45331a7c3b6d920ff9a1ddd2a52510,2026-09-06T19:35:33.866455+02:00,672,328,48.80952380952381,3,3,CSV Ist=Soll>0
first_positive_result,lsa:GEMEINDE:15084285,GEMEINDE,"Laucha an der Unstrut, Stadt",54022b534f45331a7c3b6d920ff9a1ddd2a52510,2026-09-06T19:35:33.866455+02:00,1124,647,57.562277580071175,3,5,CSV Ist=Soll>0
first_positive_result,lsa:GEMEINDE:15084335,GEMEINDE,Mertendorf,54022b534f45331a7c3b6d920ff9a1ddd2a52510,2026-09-06T19:35:33.866455+02:00,323,195,60.371517027863774,1,3,CSV Ist=Soll>0
first_positive_result,lsa:GEMEINDE:15084360,GEMEINDE,"Nebra (Unstrut), Stadt",54022b534f45331a7c3b6d920ff9a1ddd2a52510,2026-09-06T19:35:33.866455+02:00,468,306,65.38461538461539,2,4,CSV Ist=Soll>0
first_positive_result,lsa:GEMEINDE:15084442,GEMEINDE,Schnaudertal,54022b534f45331a7c3b6d920ff9a1ddd2a52510,2026-09-06T19:35:33.866455+02:00,529,342,64.65028355387524,5,6,CSV Ist=Soll>0
first_positive_result,lsa:GEMEINDE:15084445,GEMEINDE,Schönburg,54022b534f45331a7c3b6d920ff9a1ddd2a52510,2026-09-06T19:35:33.866455+02:00,164,66,40.24390243902439,1,2,CSV Ist=Soll>0
first_positive_result,lsa:GEMEINDE:15084470,GEMEINDE,"Stößen, Stadt",54022b534f45331a7c3b6d920ff9a1ddd2a52510,2026-09-06T19:35:33.866455+02:00,407,239,58.72235872235872,1,2,CSV Ist=Soll>0
first_positive_result,lsa:GEMEINDE:15084565,GEMEINDE,Wetterzeube,54022b534f45331a7c3b6d920ff9a1ddd2a52510,2026-09-06T19:35:33.866455+02:00,366,250,68.30601092896175,2,4,CSV Ist=Soll>0
first_positive_result,lsa:GEMEINDE:15085135,GEMEINDE,"Halberstadt, Stadt",54022b534f45331a7c3b6d920ff9a1ddd2a52510,2026-09-06T19:35:33.866455+02:00,2285,1150,50.328227571115974,5,31,CSV Ist=Soll>0
first_positive_result,lsa:GEMEINDE:15085370,GEMEINDE,"Wernigerode, Stadt",54022b534f45331a7c3b6d920ff9a1ddd2a52510,2026-09-06T19:35:33.866455+02:00,4706,2079,44.17764555886103,8,26,CSV Ist=Soll>0
first_positive_result,lsa:GEMEINDE:15087015,GEMEINDE,"Allstedt, Stadt",54022b534f45331a7c3b6d920ff9a1ddd2a52510,2026-09-06T19:35:33.866455+02:00,689,382,55.44267053701016,3,15,CSV Ist=Soll>0
first_positive_result,lsa:GEMEINDE:15087386,GEMEINDE,Seegebiet Mansfelder Land,54022b534f45331a7c3b6d920ff9a1ddd2a52510,2026-09-06T19:35:33.866455+02:00,638,401,62.85266457680251,3,14,CSV Ist=Soll>0
first_positive_result,lsa:GEMEINDE:15088020,GEMEINDE,"Bad Dürrenberg, Stadt",54022b534f45331a7c3b6d920ff9a1ddd2a52510,2026-09-06T19:35:33.866455+02:00,260,167,64.23076923076923,2,10,CSV Ist=Soll>0
first_positive_result,lsa:GEMEINDE:15088025,GEMEINDE,"Bad Lauchstädt, Goethestadt",54022b534f45331a7c3b6d920ff9a1ddd2a52510,2026-09-06T19:35:33.866455+02:00,553,342,61.844484629294755,2,9,CSV Ist=Soll>0
first_positive_result,lsa:GEMEINDE:15088030,GEMEINDE,Barnstädt,54022b534f45331a7c3b6d920ff9a1ddd2a52510,2026-09-06T19:35:33.866455+02:00,616,306,49.675324675324674,2,2,CSV Ist=Soll>0
first_positive_result,lsa:GEMEINDE:15088065,GEMEINDE,"Braunsbedra, Stadt",54022b534f45331a7c3b6d920ff9a1ddd2a52510,2026-09-06T19:35:33.866455+02:00,1898,1101,58.00842992623814,5,11,CSV Ist=Soll>0
first_positive_result,lsa:GEMEINDE:15088195,GEMEINDE,"Landsberg, Stadt",54022b534f45331a7c3b6d920ff9a1ddd2a52510,2026-09-06T19:35:33.866455+02:00,1312,678,51.676829268292686,6,20,CSV Ist=Soll>0
first_positive_result,lsa:GEMEINDE:15088205,GEMEINDE,"Leuna, Stadt",54022b534f45331a7c3b6d920ff9a1ddd2a52510,2026-09-06T19:35:33.866455+02:00,1302,780,59.90783410138249,4,14,CSV Ist=Soll>0
first_positive_result,lsa:GEMEINDE:15088220,GEMEINDE,"Merseburg, Stadt",54022b534f45331a7c3b6d920ff9a1ddd2a52510,2026-09-06T19:35:33.866455+02:00,993,587,59.11379657603223,2,28,CSV Ist=Soll>0
first_positive_result,lsa:GEMEINDE:15088235,GEMEINDE,"Mücheln (Geiseltal), Stadt",54022b534f45331a7c3b6d920ff9a1ddd2a52510,2026-09-06T19:35:33.866455+02:00,1653,952,57.592256503327285,6,12,CSV Ist=Soll>0
first_positive_result,lsa:GEMEINDE:15088265,GEMEINDE,Obhausen,54022b534f45331a7c3b6d920ff9a1ddd2a52510,2026-09-06T19:35:33.866455+02:00,293,194,66.21160409556315,1,3,CSV Ist=Soll>0
first_positive_result,lsa:GEMEINDE:15088295,GEMEINDE,Petersberg,54022b534f45331a7c3b6d920ff9a1ddd2a52510,2026-09-06T19:35:33.866455+02:00,625,307,49.12,2,13,CSV Ist=Soll>0
first_positive_result,lsa:GEMEINDE:15088305,GEMEINDE,"Querfurt, Stadt",54022b534f45331a7c3b6d920ff9a1ddd2a52510,2026-09-06T19:35:33.866455+02:00,388,258,66.49484536082474,2,16,CSV Ist=Soll>0
first_positive_result,lsa:GEMEINDE:15088319,GEMEINDE,Salzatal,54022b534f45331a7c3b6d920ff9a1ddd2a52510,2026-09-06T19:35:33.866455+02:00,263,141,53.61216730038023,2,11,CSV Ist=Soll>0
first_positive_result,lsa:GEMEINDE:15088330,GEMEINDE,Schkopau,54022b534f45331a7c3b6d920ff9a1ddd2a52510,2026-09-06T19:35:33.866455+02:00,862,468,54.292343387471,3,15,CSV Ist=Soll>0
first_positive_result,lsa:GEMEINDE:15088355,GEMEINDE,Steigra,54022b534f45331a7c3b6d920ff9a1ddd2a52510,2026-09-06T19:35:33.866455+02:00,495,285,57.57575757575758,2,3,CSV Ist=Soll>0
first_positive_result,lsa:GEMEINDE:15088365,GEMEINDE,Teutschenthal,54022b534f45331a7c3b6d920ff9a1ddd2a52510,2026-09-06T19:35:33.866455+02:00,712,425,59.69101123595506,2,15,CSV Ist=Soll>0
first_positive_result,lsa:KREIS:15088,KREIS,Saalekreis,54022b534f45331a7c3b6d920ff9a1ddd2a52510,2026-09-06T19:35:33.866455+02:00,12225,6991,57.18609406952965,43,207,CSV Ist=Soll>0
first_positive_result,lsa:WAHLKREIS:029,WAHLKREIS,Saalekreis,54022b534f45331a7c3b6d920ff9a1ddd2a52510,2026-09-06T19:35:33.866455+02:00,2140,1240,57.94392523364486,8,63,CSV Ist=Soll>0
first_positive_result,lsa:WAHLKREIS:032,WAHLKREIS,Querfurt,54022b534f45331a7c3b6d920ff9a1ddd2a52510,2026-09-06T19:35:33.866455+02:00,6954,4021,57.822835777969516,27,90,CSV Ist=Soll>0
first_positive_result,lsa:WAHLKREIS:033,WAHLKREIS,Merseburg,54022b534f45331a7c3b6d920ff9a1ddd2a52510,2026-09-06T19:35:33.866455+02:00,3717,2196,59.07990314769976,8,43,CSV Ist=Soll>0
first_positive_result,lsa:WAHLKREIS:034,WAHLKREIS,Bad Dürrenberg-Saalekreis,54022b534f45331a7c3b6d920ff9a1ddd2a52510,2026-09-06T19:35:33.866455+02:00,3008,1619,53.82313829787234,15,63,CSV Ist=Soll>0
first_positive_result,lsa:WAHLKREIS:035,WAHLKREIS,Halle I,54022b534f45331a7c3b6d920ff9a1ddd2a52510,2026-09-06T19:35:33.866455+02:00,1475,593,40.20338983050848,3,38,CSV Ist=Soll>0
first_positive_result,lsa:WAHLKREIS:038,WAHLKREIS,Halle IV,54022b534f45331a7c3b6d920ff9a1ddd2a52510,2026-09-06T19:35:33.866455+02:00,637,339,53.218210361067506,1,44,CSV Ist=Soll>0
first_positive_result,lsa:GEMEINDE:15085090,GEMEINDE,Ditfurt,f6961b475040d09ebb7b6629e4706c6537a3ea82,2026-09-06T19:42:10.100413+02:00,159,53,33.333333333333336,1,2,CSV Ist=Soll>0
first_positive_result,lsa:GEMEINDE:15089005,GEMEINDE,"Alsleben (Saale), Stadt",f6961b475040d09ebb7b6629e4706c6537a3ea82,2026-09-06T19:42:10.100413+02:00,494,302,61.1336032388664,1,4,CSV Ist=Soll>0
first_positive_result,lsa:GEMEINDE:15089026,GEMEINDE,"Barby, Stadt",f6961b475040d09ebb7b6629e4706c6537a3ea82,2026-09-06T19:42:10.100413+02:00,540,308,57.03703703703704,4,14,CSV Ist=Soll>0
first_positive_result,lsa:GEMEINDE:15089041,GEMEINDE,Bördeaue,f6961b475040d09ebb7b6629e4706c6537a3ea82,2026-09-06T19:42:10.100413+02:00,554,300,54.151624548736464,1,3,CSV Ist=Soll>0
first_positive_result,lsa:GEMEINDE:15089042,GEMEINDE,Bördeland,f6961b475040d09ebb7b6629e4706c6537a3ea82,2026-09-06T19:42:10.100413+02:00,934,518,55.46038543897216,3,8,CSV Ist=Soll>0
first_positive_result,lsa:GEMEINDE:15089043,GEMEINDE,Börde-Hakel,f6961b475040d09ebb7b6629e4706c6537a3ea82,2026-09-06T19:42:10.100413+02:00,713,426,59.747545582047685,2,4,CSV Ist=Soll>0
first_positive_result,lsa:GEMEINDE:15089075,GEMEINDE,"Egeln, Stadt",f6961b475040d09ebb7b6629e4706c6537a3ea82,2026-09-06T19:42:10.100413+02:00,928,560,60.3448275862069,2,4,CSV Ist=Soll>0
first_positive_result,lsa:GEMEINDE:15089130,GEMEINDE,Giersleben,f6961b475040d09ebb7b6629e4706c6537a3ea82,2026-09-06T19:42:10.100413+02:00,501,281,56.08782435129741,1,2,CSV Ist=Soll>0
first_positive_result,lsa:GEMEINDE:15089175,GEMEINDE,"Hecklingen, Stadt",f6961b475040d09ebb7b6629e4706c6537a3ea82,2026-09-06T19:42:10.100413+02:00,1011,613,60.63303659742829,2,6,CSV Ist=Soll>0
first_positive_result,lsa:GEMEINDE:15089195,GEMEINDE,"Könnern, Stadt",f6961b475040d09ebb7b6629e4706c6537a3ea82,2026-09-06T19:42:10.100413+02:00,2727,1629,59.73597359735974,7,11,CSV Ist=Soll>0
first_positive_result,lsa:GEMEINDE:15089235,GEMEINDE,"Nienburg (Saale), Stadt",f6961b475040d09ebb7b6629e4706c6537a3ea82,2026-09-06T19:42:10.100413+02:00,148,100,67.56756756756756,1,9,CSV Ist=Soll>0
first_positive_result,lsa:GEMEINDE:15089305,GEMEINDE,"Schönebeck (Elbe), Stadt",f6961b475040d09ebb7b6629e4706c6537a3ea82,2026-09-06T19:42:10.100413+02:00,944,482,51.059322033898304,3,26,CSV Ist=Soll>0
first_positive_result,lsa:GEMEINDE:15089365,GEMEINDE,Wolmirsleben,f6961b475040d09ebb7b6629e4706c6537a3ea82,2026-09-06T19:42:10.100413+02:00,726,437,60.192837465564736,1,2,CSV Ist=Soll>0
first_positive_result,lsa:GEMEINDE:15090310,GEMEINDE,Klietz,f6961b475040d09ebb7b6629e4706c6537a3ea82,2026-09-06T19:42:10.100413+02:00,118,77,65.2542372881356,1,4,CSV Ist=Soll>0
first_positive_result,lsa:GEMEINDE:15090520,GEMEINDE,"Seehausen (Altmark), Hansestadt",f6961b475040d09ebb7b6629e4706c6537a3ea82,2026-09-06T19:42:10.100413+02:00,450,245,54.44444444444444,2,6,CSV Ist=Soll>0
first_positive_result,lsa:GEMEINDE:15090610,GEMEINDE,"Werben (Elbe), Hansestadt",f6961b475040d09ebb7b6629e4706c6537a3ea82,2026-09-06T19:42:10.100413+02:00,345,173,50.14492753623188,1,3,CSV Ist=Soll>0
first_positive_result,lsa:WAHLKREIS:010,WAHLKREIS,Magdeburg I,f6961b475040d09ebb7b6629e4706c6537a3ea82,2026-09-06T19:42:10.100413+02:00,2138,619,28.952291861552855,5,44,CSV Ist=Soll>0
first_positive_result,lsa:WAHLKREIS:012,WAHLKREIS,Magdeburg III,f6961b475040d09ebb7b6629e4706c6537a3ea82,2026-09-06T19:42:10.100413+02:00,3918,1171,29.887697805002553,7,49,CSV Ist=Soll>0
first_positive_result,lsa:WAHLKREIS:013,WAHLKREIS,Magdeburg IV,f6961b475040d09ebb7b6629e4706c6537a3ea82,2026-09-06T19:42:10.100413+02:00,6093,2377,39.0119809617594,14,59,CSV Ist=Soll>0
first_positive_result,lsa:GEMEINDE:15083040,GEMEINDE,Barleben,046bb7ecb898f9607e425107eeb8b414bf9d9c53,2026-09-06T20:03:37.130785+02:00,2383,1066,44.73352916491817,3,8,CSV Ist=Soll>0
first_positive_result,lsa:GEMEINDE:15083060,GEMEINDE,Beendorf,046bb7ecb898f9607e425107eeb8b414bf9d9c53,2026-09-06T20:03:37.130785+02:00,419,223,53.22195704057279,1,2,CSV Ist=Soll>0
first_positive_result,lsa:GEMEINDE:15083390,GEMEINDE,Niedere Börde,046bb7ecb898f9607e425107eeb8b414bf9d9c53,2026-09-06T20:03:37.130785+02:00,1737,906,52.15889464594128,6,10,CSV Ist=Soll>0
first_positive_result,lsa:GEMEINDE:15083515,GEMEINDE,Völpke,046bb7ecb898f9607e425107eeb8b414bf9d9c53,2026-09-06T20:03:37.130785+02:00,728,386,53.02197802197802,3,3,CSV Ist=Soll>0
first_positive_result,lsa:GEMEINDE:15084013,GEMEINDE,Meineweh,046bb7ecb898f9607e425107eeb8b414bf9d9c53,2026-09-06T20:03:37.130785+02:00,206,137,66.50485436893204,1,3,CSV Ist=Soll>0
first_positive_result,lsa:GEMEINDE:15084341,GEMEINDE,Molauer Land,046bb7ecb898f9607e425107eeb8b414bf9d9c53,2026-09-06T20:03:37.130785+02:00,474,286,60.33755274261603,1,2,CSV Ist=Soll>0
first_positive_result,lsa:GEMEINDE:15085285,GEMEINDE,"Schwanebeck, Stadt",046bb7ecb898f9607e425107eeb8b414bf9d9c53,2026-09-06T20:03:37.130785+02:00,217,153,70.50691244239631,1,3,CSV Ist=Soll>0
first_positive_result,lsa:GEMEINDE:15085330,GEMEINDE,"Thale, Stadt",046bb7ecb898f9607e425107eeb8b414bf9d9c53,2026-09-06T20:03:37.130785+02:00,4493,2347,52.23681281994213,8,18,CSV Ist=Soll>0
first_positive_result,lsa:GEMEINDE:15086005,GEMEINDE,Biederitz,046bb7ecb898f9607e425107eeb8b414bf9d9c53,2026-09-06T20:03:37.130785+02:00,209,91,43.54066985645933,1,8,CSV Ist=Soll>0
first_positive_result,lsa:GEMEINDE:15086015,GEMEINDE,"Burg, Stadt",046bb7ecb898f9607e425107eeb8b414bf9d9c53,2026-09-06T20:03:37.130785+02:00,493,244,49.49290060851927,2,19,CSV Ist=Soll>0
first_positive_result,lsa:GEMEINDE:15086040,GEMEINDE,"Genthin, Stadt",046bb7ecb898f9607e425107eeb8b414bf9d9c53,2026-09-06T20:03:37.130785+02:00,275,156,56.72727272727273,2,14,CSV Ist=Soll>0
first_positive_result,lsa:GEMEINDE:15086080,GEMEINDE,"Jerichow, Stadt",046bb7ecb898f9607e425107eeb8b414bf9d9c53,2026-09-06T20:03:37.130785+02:00,785,435,55.4140127388535,5,13,CSV Ist=Soll>0
first_positive_result,lsa:GEMEINDE:15086140,GEMEINDE,"Möckern, Stadt",046bb7ecb898f9607e425107eeb8b414bf9d9c53,2026-09-06T20:03:37.130785+02:00,344,203,59.01162790697674,4,30,CSV Ist=Soll>0
first_positive_result,lsa:GEMEINDE:15087070,GEMEINDE,Blankenheim,046bb7ecb898f9607e425107eeb8b414bf9d9c53,2026-09-06T20:03:37.130785+02:00,592,357,60.304054054054056,1,2,CSV Ist=Soll>0
first_positive_result,lsa:GEMEINDE:15087210,GEMEINDE,Hergisdorf,046bb7ecb898f9607e425107eeb8b414bf9d9c53,2026-09-06T20:03:37.130785+02:00,647,379,58.57805255023184,1,2,CSV Ist=Soll>0
first_positive_result,lsa:GEMEINDE:15088100,GEMEINDE,Farnstädt,046bb7ecb898f9607e425107eeb8b414bf9d9c53,2026-09-06T20:03:37.130785+02:00,212,141,66.50943396226415,1,3,CSV Ist=Soll>0
first_positive_result,lsa:GEMEINDE:15088150,GEMEINDE,Kabelsketal,046bb7ecb898f9607e425107eeb8b414bf9d9c53,2026-09-06T20:03:37.130785+02:00,530,286,53.9622641509434,1,6,CSV Ist=Soll>0
first_positive_result,lsa:GEMEINDE:15088216,GEMEINDE,"Wettin-Löbejün, Stadt",046bb7ecb898f9607e425107eeb8b414bf9d9c53,2026-09-06T20:03:37.130785+02:00,576,339,58.854166666666664,3,12,CSV Ist=Soll>0
first_positive_result,lsa:GEMEINDE:15088250,GEMEINDE,Nemsdorf-Göhrendorf,046bb7ecb898f9607e425107eeb8b414bf9d9c53,2026-09-06T20:03:37.130785+02:00,422,244,57.81990521327014,1,2,CSV Ist=Soll>0
first_positive_result,lsa:GEMEINDE:15088340,GEMEINDE,"Schraplau, Stadt",046bb7ecb898f9607e425107eeb8b414bf9d9c53,2026-09-06T20:03:37.130785+02:00,147,47,31.972789115646258,1,2,CSV Ist=Soll>0
first_positive_result,lsa:GEMEINDE:15090546,GEMEINDE,"Tangerhütte, Stadt",046bb7ecb898f9607e425107eeb8b414bf9d9c53,2026-09-06T20:03:37.130785+02:00,1527,900,58.93909626719057,7,21,CSV Ist=Soll>0
first_positive_result,lsa:GEMEINDE:15090550,GEMEINDE,"Tangermünde, Stadt",046bb7ecb898f9607e425107eeb8b414bf9d9c53,2026-09-06T20:03:37.130785+02:00,477,249,52.20125786163522,5,14,CSV Ist=Soll>0
first_positive_result,lsa:GEMEINDE:15091110,GEMEINDE,"Gräfenhainichen, Stadt",046bb7ecb898f9607e425107eeb8b414bf9d9c53,2026-09-06T20:03:37.130785+02:00,556,327,58.81294964028777,1,14,CSV Ist=Soll>0
first_positive_result,lsa:WAHLKREIS:005,WAHLKREIS,Genthin,046bb7ecb898f9607e425107eeb8b414bf9d9c53,2026-09-06T20:03:37.130785+02:00,3064,1740,56.78851174934726,19,70,CSV Ist=Soll>0
first_positive_result,lsa:WAHLKREIS:006,WAHLKREIS,Burg,046bb7ecb898f9607e425107eeb8b414bf9d9c53,2026-09-06T20:03:37.130785+02:00,1046,538,51.434034416826,7,66,CSV Ist=Soll>0
first_positive_result,lsa:GEMEINDE:15085055,GEMEINDE,"Blankenburg (Harz), Stadt",de4c8c37fdfd6cc1decef979e6653ade4b3e7acc,2026-09-06T20:09:43.905245+02:00,6568,3460,52.67965895249696,13,20,CSV Ist=Soll>0
first_positive_result,lsa:GEMEINDE:15090485,GEMEINDE,Schollene,de4c8c37fdfd6cc1decef979e6653ade4b3e7acc,2026-09-06T20:09:43.905245+02:00,573,300,52.35602094240838,1,2,CSV Ist=Soll>0
first_positive_result,lsa:GEMEINDE:15083440,GEMEINDE,Rogätz,74f14d2e1393a764f01c4873a012da6dcb8e961e,2026-09-06T20:24:59.723319+02:00,1014,572,56.41025641025641,1,2,CSV Ist=Soll>0
first_positive_result,lsa:GEMEINDE:15083535,GEMEINDE,Wefensleben,74f14d2e1393a764f01c4873a012da6dcb8e961e,2026-09-06T20:24:59.723319+02:00,788,413,52.411167512690355,1,2,CSV Ist=Soll>0
first_positive_result,lsa:GEMEINDE:15085110,GEMEINDE,"Falkenstein/Harz, Stadt",74f14d2e1393a764f01c4873a012da6dcb8e961e,2026-09-06T20:24:59.723319+02:00,598,348,58.19397993311037,2,9,CSV Ist=Soll>0
first_positive_result,lsa:GEMEINDE:15085235,GEMEINDE,"Quedlinburg, Welterbestadt",74f14d2e1393a764f01c4873a012da6dcb8e961e,2026-09-06T20:24:59.723319+02:00,1235,630,51.012145748987855,2,18,CSV Ist=Soll>0
first_positive_result,lsa:GEMEINDE:15086035,GEMEINDE,Elbe-Parey,74f14d2e1393a764f01c4873a012da6dcb8e961e,2026-09-06T20:24:59.723319+02:00,562,306,54.44839857651245,2,8,CSV Ist=Soll>0
first_positive_result,lsa:GEMEINDE:15086145,GEMEINDE,Möser,74f14d2e1393a764f01c4873a012da6dcb8e961e,2026-09-06T20:24:59.723319+02:00,121,44,36.36363636363637,1,9,CSV Ist=Soll>0
first_positive_result,lsa:GEMEINDE:15089045,GEMEINDE,Borne,74f14d2e1393a764f01c4873a012da6dcb8e961e,2026-09-06T20:24:59.723319+02:00,591,361,61.082910321489,1,2,CSV Ist=Soll>0
first_positive_result,lsa:GEMEINDE:15089185,GEMEINDE,Ilberstedt,74f14d2e1393a764f01c4873a012da6dcb8e961e,2026-09-06T20:24:59.723319+02:00,530,338,63.77358490566038,1,2,CSV Ist=Soll>0
first_positive_result,lsa:GEMEINDE:15083130,GEMEINDE,Colbitz,25b1063001e3c81db0ed5c28c39329ce1f820b16,2026-09-06T20:45:16.709868+02:00,1015,557,54.87684729064039,2,4,CSV Ist=Soll>0
first_positive_result,lsa:GEMEINDE:15083355,GEMEINDE,"Kroppenstedt, Stadt",25b1063001e3c81db0ed5c28c39329ce1f820b16,2026-09-06T20:45:16.709868+02:00,863,487,56.43105446118192,2,2,CSV Ist=Soll>0
first_positive_result,lsa:GEMEINDE:15083361,GEMEINDE,Loitsche-Heinrichsberg,25b1063001e3c81db0ed5c28c39329ce1f820b16,2026-09-06T20:45:16.709868+02:00,496,263,53.024193548387096,2,3,CSV Ist=Soll>0
first_positive_result,lsa:GEMEINDE:15084375,GEMEINDE,"Osterfeld, Stadt",25b1063001e3c81db0ed5c28c39329ce1f820b16,2026-09-06T20:45:16.709868+02:00,903,413,45.736434108527135,2,3,CSV Ist=Soll>0
first_positive_result,lsa:GEMEINDE:15084560,GEMEINDE,Wethau,25b1063001e3c81db0ed5c28c39329ce1f820b16,2026-09-06T20:45:16.709868+02:00,472,273,57.83898305084746,1,2,CSV Ist=Soll>0
first_positive_result,lsa:GEMEINDE:15085228,GEMEINDE,"Oberharz am Brocken, Stadt",25b1063001e3c81db0ed5c28c39329ce1f820b16,2026-09-06T20:45:16.709868+02:00,4236,2111,49.83474976392824,10,12,CSV Ist=Soll>0
first_positive_result,lsa:GEMEINDE:15087010,GEMEINDE,Ahlsdorf,25b1063001e3c81db0ed5c28c39329ce1f820b16,2026-09-06T20:45:16.709868+02:00,1005,556,55.32338308457712,2,2,CSV Ist=Soll>0
first_positive_result,lsa:GEMEINDE:15087045,GEMEINDE,Benndorf,25b1063001e3c81db0ed5c28c39329ce1f820b16,2026-09-06T20:45:16.709868+02:00,1065,537,50.42253521126761,2,2,CSV Ist=Soll>0
first_positive_result,lsa:GEMEINDE:15087125,GEMEINDE,Edersleben,25b1063001e3c81db0ed5c28c39329ce1f820b16,2026-09-06T20:45:16.709868+02:00,638,321,50.31347962382445,2,2,CSV Ist=Soll>0
first_positive_result,lsa:GEMEINDE:15087205,GEMEINDE,Helbra,25b1063001e3c81db0ed5c28c39329ce1f820b16,2026-09-06T20:45:16.709868+02:00,1594,762,47.80426599749059,2,3,CSV Ist=Soll>0
first_positive_result,lsa:GEMEINDE:15085125,GEMEINDE,Groß Quenstedt,6218983864c2bdf79746be3ce096d1fa5a4cbc04,2026-09-06T20:59:11.813756+02:00,554,247,44.584837545126355,2,2,CSV Ist=Soll>0
first_positive_result,lsa:GEMEINDE:15085160,GEMEINDE,Hedersleben,6218983864c2bdf79746be3ce096d1fa5a4cbc04,2026-09-06T20:59:11.813756+02:00,856,484,56.54205607476636,2,2,CSV Ist=Soll>0
first_positive_result,lsa:GEMEINDE:15085140,GEMEINDE,Harsleben,ba1fc517c286fae14ef9d1ae8b573aab69dc9d84,2026-09-06T22:11:13.043213+02:00,1497,715,47.762191048764194,2,2,CSV Ist=Soll>0
first_positive_result,lsa:GEMEINDE:15091241,GEMEINDE,"Oranienbaum-Wörlitz, Stadt",ba1fc517c286fae14ef9d1ae8b573aab69dc9d84,2026-09-06T22:11:13.043213+02:00,5246,2567,48.932520015249715,14,14,CSV Ist=Soll>0
first_positive_result,lsa:GEMEINDE:15081105,GEMEINDE,"Diesdorf, Flecken",4920eb3cd3175bd678ea09e327a2a1156a12e86a,2026-09-06T23:38:32.366534+02:00,1442,595,41.262135922330096,2,2,CSV Ist=Soll>0
first_complete_result,lsa:GEMEINDE:15090008,GEMEINDE,Altmärkische Wische,495732d5be6de63f6340e975915eccf6e9079367,2026-09-06T19:19:41.198663+02:00,544,274,50.36764705882353,5,5,CSV Ist=Soll>0
first_complete_result,lsa:GEMEINDE:15090135,GEMEINDE,Eichstedt (Altmark),495732d5be6de63f6340e975915eccf6e9079367,2026-09-06T19:19:41.198663+02:00,588,275,46.7687074829932,4,4,CSV Ist=Soll>0
first_complete_result,lsa:GEMEINDE:15084025,GEMEINDE,Balgstädt,54022b534f45331a7c3b6d920ff9a1ddd2a52510,2026-09-06T19:35:33.866455+02:00,716,397,55.44692737430167,4,4,CSV Ist=Soll>0
first_complete_result,lsa:GEMEINDE:15084150,GEMEINDE,Gleina,54022b534f45331a7c3b6d920ff9a1ddd2a52510,2026-09-06T19:35:33.866455+02:00,759,342,45.059288537549406,4,4,CSV Ist=Soll>0
first_complete_result,lsa:GEMEINDE:15084282,GEMEINDE,Lanitz-Hassel-Tal,54022b534f45331a7c3b6d920ff9a1ddd2a52510,2026-09-06T19:35:33.866455+02:00,672,328,48.80952380952381,3,3,CSV Ist=Soll>0
first_complete_result,lsa:GEMEINDE:15088030,GEMEINDE,Barnstädt,54022b534f45331a7c3b6d920ff9a1ddd2a52510,2026-09-06T19:35:33.866455+02:00,616,306,49.675324675324674,2,2,CSV Ist=Soll>0
first_complete_result,lsa:GEMEINDE:15090220,GEMEINDE,Hassel,f6961b475040d09ebb7b6629e4706c6537a3ea82,2026-09-06T19:42:10.100413+02:00,647,280,43.276661514683155,3,3,CSV Ist=Soll>0
first_complete_result,lsa:GEMEINDE:15090245,GEMEINDE,Hohenberg-Krusemark,f6961b475040d09ebb7b6629e4706c6537a3ea82,2026-09-06T19:42:10.100413+02:00,805,425,52.79503105590062,4,4,CSV Ist=Soll>0
first_complete_result,lsa:GEMEINDE:15090631,GEMEINDE,Wust-Fischbeck,f6961b475040d09ebb7b6629e4706c6537a3ea82,2026-09-06T19:42:10.100413+02:00,799,391,48.93617021276596,4,4,CSV Ist=Soll>0
first_complete_result,lsa:GEMEINDE:15090635,GEMEINDE,Zehrental,f6961b475040d09ebb7b6629e4706c6537a3ea82,2026-09-06T19:42:10.100413+02:00,529,253,47.82608695652174,3,3,CSV Ist=Soll>0
first_complete_result,lsa:GEMEINDE:15081290,GEMEINDE,Kuhfelde,046bb7ecb898f9607e425107eeb8b414bf9d9c53,2026-09-06T20:03:37.130785+02:00,700,332,47.42857142857143,4,4,CSV Ist=Soll>0
first_complete_result,lsa:GEMEINDE:15083020,GEMEINDE,Altenhausen,046bb7ecb898f9607e425107eeb8b414bf9d9c53,2026-09-06T20:03:37.130785+02:00,690,314,45.507246376811594,4,4,CSV Ist=Soll>0
first_complete_result,lsa:GEMEINDE:15083025,GEMEINDE,Am Großen Bruch,046bb7ecb898f9607e425107eeb8b414bf9d9c53,2026-09-06T20:03:37.130785+02:00,1336,712,53.293413173652695,5,5,CSV Ist=Soll>0
first_complete_result,lsa:GEMEINDE:15083115,GEMEINDE,Bülstringen,046bb7ecb898f9607e425107eeb8b414bf9d9c53,2026-09-06T20:03:37.130785+02:00,593,276,46.54300168634064,3,3,CSV Ist=Soll>0
first_complete_result,lsa:GEMEINDE:15083190,GEMEINDE,Eilsleben,046bb7ecb898f9607e425107eeb8b414bf9d9c53,2026-09-06T20:03:37.130785+02:00,2310,978,42.33766233766234,6,6,CSV Ist=Soll>0
first_complete_result,lsa:GEMEINDE:15083275,GEMEINDE,Harbke,046bb7ecb898f9607e425107eeb8b414bf9d9c53,2026-09-06T20:03:37.130785+02:00,874,389,44.50800915331808,2,2,CSV Ist=Soll>0
first_complete_result,lsa:GEMEINDE:15083323,GEMEINDE,Ingersleben,046bb7ecb898f9607e425107eeb8b414bf9d9c53,2026-09-06T20:03:37.130785+02:00,821,425,51.76613885505481,5,5,CSV Ist=Soll>0
first_complete_result,lsa:GEMEINDE:15083505,GEMEINDE,Ummendorf,046bb7ecb898f9607e425107eeb8b414bf9d9c53,2026-09-06T20:03:37.130785+02:00,614,287,46.74267100977199,2,2,CSV Ist=Soll>0
first_complete_result,lsa:GEMEINDE:15083515,GEMEINDE,Völpke,046bb7ecb898f9607e425107eeb8b414bf9d9c53,2026-09-06T20:03:37.130785+02:00,728,386,53.02197802197802,3,3,CSV Ist=Soll>0
first_complete_result,lsa:GEMEINDE:15085287,GEMEINDE,Selke-Aue,046bb7ecb898f9607e425107eeb8b414bf9d9c53,2026-09-06T20:03:37.130785+02:00,928,465,50.10775862068966,4,4,CSV Ist=Soll>0
first_complete_result,lsa:GEMEINDE:15087075,GEMEINDE,Bornstedt,046bb7ecb898f9607e425107eeb8b414bf9d9c53,2026-09-06T20:03:37.130785+02:00,492,267,54.26829268292683,2,2,CSV Ist=Soll>0
first_complete_result,lsa:GEMEINDE:15087250,GEMEINDE,"Kelbra (Kyffhäuser), Stadt",046bb7ecb898f9607e425107eeb8b414bf9d9c53,2026-09-06T20:03:37.130785+02:00,2033,1015,49.926217412690605,6,6,CSV Ist=Soll>0
first_complete_result,lsa:GEMEINDE:15087440,GEMEINDE,Wallhausen,046bb7ecb898f9607e425107eeb8b414bf9d9c53,2026-09-06T20:03:37.130785+02:00,1513,772,51.024454725710505,5,5,CSV Ist=Soll>0
first_complete_result,lsa:GEMEINDE:15088340,GEMEINDE,"Schraplau, Stadt",80a304eff2d7f1de688050e6982dc9913eddbddd,2026-09-06T20:06:30.053426+02:00,608,345,56.74342105263158,2,2,CSV Ist=Soll>0
first_complete_result,lsa:GEMEINDE:15085365,GEMEINDE,"Wegeleben, Stadt",de4c8c37fdfd6cc1decef979e6653ade4b3e7acc,2026-09-06T20:09:43.905245+02:00,1541,767,49.772874756651525,5,5,CSV Ist=Soll>0
first_complete_result,lsa:GEMEINDE:15090007,GEMEINDE,Altmärkische Höhe,de4c8c37fdfd6cc1decef979e6653ade4b3e7acc,2026-09-06T20:09:43.905245+02:00,1176,556,47.27891156462585,6,6,CSV Ist=Soll>0
first_complete_result,lsa:GEMEINDE:15090270,GEMEINDE,Iden,de4c8c37fdfd6cc1decef979e6653ade4b3e7acc,2026-09-06T20:09:43.905245+02:00,473,213,45.03171247357294,3,3,CSV Ist=Soll>0
first_complete_result,lsa:GEMEINDE:15090285,GEMEINDE,Kamern,de4c8c37fdfd6cc1decef979e6653ade4b3e7acc,2026-09-06T20:09:43.905245+02:00,778,329,42.2879177377892,4,4,CSV Ist=Soll>0
first_complete_result,lsa:GEMEINDE:15090445,GEMEINDE,"Sandau (Elbe), Stadt",de4c8c37fdfd6cc1decef979e6653ade4b3e7acc,2026-09-06T20:09:43.905245+02:00,562,302,53.736654804270465,2,2,CSV Ist=Soll>0
first_complete_result,lsa:GEMEINDE:15083485,GEMEINDE,Sommersdorf,74f14d2e1393a764f01c4873a012da6dcb8e961e,2026-09-06T20:24:59.723319+02:00,868,441,50.806451612903224,4,4,CSV Ist=Soll>0
first_complete_result,lsa:GEMEINDE:15084133,GEMEINDE,Finneland,74f14d2e1393a764f01c4873a012da6dcb8e961e,2026-09-06T20:24:59.723319+02:00,689,345,50.07256894049347,3,3,CSV Ist=Soll>0
first_complete_result,lsa:GEMEINDE:15084246,GEMEINDE,Kaiserpfalz,74f14d2e1393a764f01c4873a012da6dcb8e961e,2026-09-06T20:24:59.723319+02:00,962,540,56.13305613305613,3,3,CSV Ist=Soll>0
first_complete_result,lsa:GEMEINDE:15085090,GEMEINDE,Ditfurt,74f14d2e1393a764f01c4873a012da6dcb8e961e,2026-09-06T20:24:59.723319+02:00,954,499,52.306079664570234,2,2,CSV Ist=Soll>0
first_complete_result,lsa:GEMEINDE:15088100,GEMEINDE,Farnstädt,74f14d2e1393a764f01c4873a012da6dcb8e961e,2026-09-06T20:24:59.723319+02:00,958,529,55.21920668058455,3,3,CSV Ist=Soll>0
first_complete_result,lsa:GEMEINDE:15091160,GEMEINDE,"Kemberg, Stadt",74f14d2e1393a764f01c4873a012da6dcb8e961e,2026-09-06T20:24:59.723319+02:00,6438,2950,45.821683752718236,17,17,CSV Ist=Soll>0
first_complete_result,lsa:GEMEINDE:15083060,GEMEINDE,Beendorf,25b1063001e3c81db0ed5c28c39329ce1f820b16,2026-09-06T20:45:16.709868+02:00,517,258,49.90328820116054,2,2,CSV Ist=Soll>0
first_complete_result,lsa:GEMEINDE:15083355,GEMEINDE,"Kroppenstedt, Stadt",25b1063001e3c81db0ed5c28c39329ce1f820b16,2026-09-06T20:45:16.709868+02:00,863,487,56.43105446118192,2,2,CSV Ist=Soll>0
first_complete_result,lsa:GEMEINDE:15084015,GEMEINDE,"Bad Bibra, Stadt",25b1063001e3c81db0ed5c28c39329ce1f820b16,2026-09-06T20:45:16.709868+02:00,1550,796,51.354838709677416,3,3,CSV Ist=Soll>0
first_complete_result,lsa:GEMEINDE:15084130,GEMEINDE,Elsteraue,25b1063001e3c81db0ed5c28c39329ce1f820b16,2026-09-06T20:45:16.709868+02:00,5294,2920,55.15678126180582,13,13,CSV Ist=Soll>0
first_complete_result,lsa:GEMEINDE:15084335,GEMEINDE,Mertendorf,25b1063001e3c81db0ed5c28c39329ce1f820b16,2026-09-06T20:45:16.709868+02:00,1058,563,53.21361058601134,3,3,CSV Ist=Soll>0
first_complete_result,lsa:GEMEINDE:15084470,GEMEINDE,"Stößen, Stadt",25b1063001e3c81db0ed5c28c39329ce1f820b16,2026-09-06T20:45:16.709868+02:00,559,278,49.73166368515206,2,2,CSV Ist=Soll>0
first_complete_result,lsa:GEMEINDE:15084490,GEMEINDE,"Teuchern, Stadt",25b1063001e3c81db0ed5c28c39329ce1f820b16,2026-09-06T20:45:16.709868+02:00,4852,2824,58.20280296784831,11,11,CSV Ist=Soll>0
first_complete_result,lsa:GEMEINDE:15085285,GEMEINDE,"Schwanebeck, Stadt",25b1063001e3c81db0ed5c28c39329ce1f820b16,2026-09-06T20:45:16.709868+02:00,1536,904,58.854166666666664,3,3,CSV Ist=Soll>0
first_complete_result,lsa:GEMEINDE:15087010,GEMEINDE,Ahlsdorf,25b1063001e3c81db0ed5c28c39329ce1f820b16,2026-09-06T20:45:16.709868+02:00,1005,556,55.32338308457712,2,2,CSV Ist=Soll>0
first_complete_result,lsa:GEMEINDE:15087045,GEMEINDE,Benndorf,25b1063001e3c81db0ed5c28c39329ce1f820b16,2026-09-06T20:45:16.709868+02:00,1065,537,50.42253521126761,2,2,CSV Ist=Soll>0
first_complete_result,lsa:GEMEINDE:15087055,GEMEINDE,Berga,25b1063001e3c81db0ed5c28c39329ce1f820b16,2026-09-06T20:45:16.709868+02:00,1040,555,53.36538461538461,4,4,CSV Ist=Soll>0
first_complete_result,lsa:GEMEINDE:15087101,GEMEINDE,Brücken-Hackpfüffel,25b1063001e3c81db0ed5c28c39329ce1f820b16,2026-09-06T20:45:16.709868+02:00,647,340,52.55023183925812,3,3,CSV Ist=Soll>0
first_complete_result,lsa:GEMEINDE:15087125,GEMEINDE,Edersleben,25b1063001e3c81db0ed5c28c39329ce1f820b16,2026-09-06T20:45:16.709868+02:00,638,321,50.31347962382445,2,2,CSV Ist=Soll>0
first_complete_result,lsa:GEMEINDE:15087165,GEMEINDE,"Gerbstedt, Stadt",25b1063001e3c81db0ed5c28c39329ce1f820b16,2026-09-06T20:45:16.709868+02:00,4315,2404,55.71263035921205,15,15,CSV Ist=Soll>0
first_complete_result,lsa:GEMEINDE:15087210,GEMEINDE,Hergisdorf,25b1063001e3c81db0ed5c28c39329ce1f820b16,2026-09-06T20:45:16.709868+02:00,908,482,53.08370044052864,2,2,CSV Ist=Soll>0
first_complete_result,lsa:GEMEINDE:15087260,GEMEINDE,Klostermansfeld,25b1063001e3c81db0ed5c28c39329ce1f820b16,2026-09-06T20:45:16.709868+02:00,1426,711,49.859747545582046,2,2,CSV Ist=Soll>0
first_complete_result,lsa:GEMEINDE:15087470,GEMEINDE,Wimmelburg,25b1063001e3c81db0ed5c28c39329ce1f820b16,2026-09-06T20:45:16.709868+02:00,715,374,52.30769230769231,2,2,CSV Ist=Soll>0
first_complete_result,lsa:GEMEINDE:15088250,GEMEINDE,Nemsdorf-Göhrendorf,25b1063001e3c81db0ed5c28c39329ce1f820b16,2026-09-06T20:45:16.709868+02:00,559,283,50.62611806797853,2,2,CSV Ist=Soll>0
first_complete_result,lsa:GEMEINDE:15090180,GEMEINDE,Goldbeck,25b1063001e3c81db0ed5c28c39329ce1f820b16,2026-09-06T20:45:16.709868+02:00,929,380,40.90419806243273,3,3,CSV Ist=Soll>0
first_complete_result,lsa:GEMEINDE:15082256,GEMEINDE,Osternienburger Land,938b1dc7326244e76da418f51b1b4edb090da66f,2026-09-06T20:57:00.608380+02:00,5345,2774,51.898971000935454,19,19,CSV Ist=Soll>0
first_complete_result,lsa:GEMEINDE:15083035,GEMEINDE,Ausleben,938b1dc7326244e76da418f51b1b4edb090da66f,2026-09-06T20:57:00.608380+02:00,1045,587,56.17224880382775,3,3,CSV Ist=Soll>0
first_complete_result,lsa:GEMEINDE:15083125,GEMEINDE,Calvörde,938b1dc7326244e76da418f51b1b4edb090da66f,2026-09-06T20:57:00.608380+02:00,2133,1006,47.16361931551805,9,9,CSV Ist=Soll>0
first_complete_result,lsa:GEMEINDE:15083205,GEMEINDE,Erxleben,938b1dc7326244e76da418f51b1b4edb090da66f,2026-09-06T20:57:00.608380+02:00,1816,875,48.18281938325991,6,6,CSV Ist=Soll>0
first_complete_result,lsa:GEMEINDE:15085227,GEMEINDE,Nordharz,938b1dc7326244e76da418f51b1b4edb090da66f,2026-09-06T20:57:00.608380+02:00,5171,2308,44.63353316573197,9,9,CSV Ist=Soll>0
first_complete_result,lsa:GEMEINDE:15091010,GEMEINDE,"Annaburg, Stadt",938b1dc7326244e76da418f51b1b4edb090da66f,2026-09-06T20:57:00.608380+02:00,3988,2162,54.212637913741226,14,14,CSV Ist=Soll>0
first_complete_result,lsa:GEMEINDE:15091020,GEMEINDE,"Bad Schmiedeberg, Stadt",938b1dc7326244e76da418f51b1b4edb090da66f,2026-09-06T20:57:00.608380+02:00,5190,2482,47.822736030828516,13,13,CSV Ist=Soll>0
first_complete_result,lsa:GEMEINDE:15091145,GEMEINDE,"Jessen (Elster), Stadt",938b1dc7326244e76da418f51b1b4edb090da66f,2026-09-06T20:57:00.608380+02:00,8625,4111,47.66376811594203,23,23,CSV Ist=Soll>0
first_complete_result,lsa:GEMEINDE:15085125,GEMEINDE,Groß Quenstedt,6218983864c2bdf79746be3ce096d1fa5a4cbc04,2026-09-06T20:59:11.813756+02:00,554,247,44.584837545126355,2,2,CSV Ist=Soll>0
first_complete_result,lsa:GEMEINDE:15085160,GEMEINDE,Hedersleben,6218983864c2bdf79746be3ce096d1fa5a4cbc04,2026-09-06T20:59:11.813756+02:00,856,484,56.54205607476636,2,2,CSV Ist=Soll>0
first_complete_result,lsa:GEMEINDE:15085228,GEMEINDE,"Oberharz am Brocken, Stadt",6218983864c2bdf79746be3ce096d1fa5a4cbc04,2026-09-06T20:59:11.813756+02:00,6301,2941,46.67513093159816,12,12,CSV Ist=Soll>0
first_complete_result,lsa:GEMEINDE:15085230,GEMEINDE,"Osterwieck, Stadt",6218983864c2bdf79746be3ce096d1fa5a4cbc04,2026-09-06T20:59:11.813756+02:00,7096,3207,45.194475760992106,21,21,CSV Ist=Soll>0
first_complete_result,lsa:GEMEINDE:15090003,GEMEINDE,Aland,6218983864c2bdf79746be3ce096d1fa5a4cbc04,2026-09-06T20:59:11.813756+02:00,920,432,46.95652173913044,5,5,CSV Ist=Soll>0
first_complete_result,lsa:GEMEINDE:15090310,GEMEINDE,Klietz,6218983864c2bdf79746be3ce096d1fa5a4cbc04,2026-09-06T20:59:11.813756+02:00,1030,514,49.90291262135922,4,4,CSV Ist=Soll>0
first_complete_result,lsa:GEMEINDE:15090435,GEMEINDE,Rochau,6218983864c2bdf79746be3ce096d1fa5a4cbc04,2026-09-06T20:59:11.813756+02:00,670,335,50.0,3,3,CSV Ist=Soll>0
first_complete_result,lsa:GEMEINDE:15090500,GEMEINDE,Schönhausen (Elbe),6218983864c2bdf79746be3ce096d1fa5a4cbc04,2026-09-06T20:59:11.813756+02:00,1435,741,51.637630662020904,4,4,CSV Ist=Soll>0
first_complete_result,lsa:GEMEINDE:15084132,GEMEINDE,Finne,52c22ef400b46584f7fd242cbd63bde9b2e8365b,2026-09-06T21:05:08.774110+02:00,703,367,52.204836415362735,3,3,CSV Ist=Soll>0
first_complete_result,lsa:GEMEINDE:15088020,GEMEINDE,"Bad Dürrenberg, Stadt",52c22ef400b46584f7fd242cbd63bde9b2e8365b,2026-09-06T21:05:08.774110+02:00,6488,3310,51.01726263871763,10,10,CSV Ist=Soll>0
first_complete_result,lsa:GEMEINDE:15084125,GEMEINDE,"Eckartsberga, Stadt",71f6ed3c34a57aa14ffc43e8bbd33b599599307b,2026-09-06T21:10:26.361861+02:00,1386,808,58.297258297258296,4,4,CSV Ist=Soll>0
first_complete_result,lsa:GEMEINDE:15086055,GEMEINDE,"Gommern, Stadt",71f6ed3c34a57aa14ffc43e8bbd33b599599307b,2026-09-06T21:10:26.361861+02:00,6926,2924,42.21773029165463,15,15,CSV Ist=Soll>0
first_complete_result,lsa:GEMEINDE:15087015,GEMEINDE,"Allstedt, Stadt",71f6ed3c34a57aa14ffc43e8bbd33b599599307b,2026-09-06T21:10:26.361861+02:00,4857,2478,51.019147621988886,15,15,CSV Ist=Soll>0
first_complete_result,lsa:GEMEINDE:15088355,GEMEINDE,Steigra,71f6ed3c34a57aa14ffc43e8bbd33b599599307b,2026-09-06T21:10:26.361861+02:00,713,353,49.509116409537164,3,3,CSV Ist=Soll>0
first_complete_result,lsa:GEMEINDE:15089075,GEMEINDE,"Egeln, Stadt",71f6ed3c34a57aa14ffc43e8bbd33b599599307b,2026-09-06T21:10:26.361861+02:00,2009,1068,53.16077650572424,4,4,CSV Ist=Soll>0
first_complete_result,lsa:GEMEINDE:15083320,GEMEINDE,Hötensleben,fcb4b03cd6dbb099c3cdd555d4e5417bb87faca0,2026-09-06T21:16:09.938481+02:00,2096,1007,48.04389312977099,5,5,CSV Ist=Soll>0
first_complete_result,lsa:GEMEINDE:15083440,GEMEINDE,Rogätz,fcb4b03cd6dbb099c3cdd555d4e5417bb87faca0,2026-09-06T21:16:09.938481+02:00,1467,705,48.057259713701434,2,2,CSV Ist=Soll>0
first_complete_result,lsa:GEMEINDE:15083535,GEMEINDE,Wefensleben,fcb4b03cd6dbb099c3cdd555d4e5417bb87faca0,2026-09-06T21:16:09.938481+02:00,1020,486,47.64705882352941,2,2,CSV Ist=Soll>0
first_complete_result,lsa:GEMEINDE:15085135,GEMEINDE,"Halberstadt, Stadt",f61a30cacd97a0d9c3510e54eef6a6b731dde4e6,2026-09-06T21:21:55.932151+02:00,22157,9488,42.821681635600484,31,31,CSV Ist=Soll>0
first_complete_result,lsa:GEMEINDE:15085145,GEMEINDE,"Harzgerode, Stadt",f61a30cacd97a0d9c3510e54eef6a6b731dde4e6,2026-09-06T21:21:55.932151+02:00,4771,2342,49.08824145881366,13,13,CSV Ist=Soll>0
first_complete_result,lsa:GEMEINDE:15088216,GEMEINDE,"Wettin-Löbejün, Stadt",f61a30cacd97a0d9c3510e54eef6a6b731dde4e6,2026-09-06T21:21:55.932151+02:00,6253,3089,49.40028786182632,12,12,CSV Ist=Soll>0
first_complete_result,lsa:GEMEINDE:15091391,GEMEINDE,"Zahna-Elster, Stadt",0762de6a964c049fea546a203c823180783fd4e5,2026-09-06T21:27:05.847774+02:00,6068,2691,44.34739617666447,14,14,CSV Ist=Soll>0
first_complete_result,lsa:WAHLKREIS:010,WAHLKREIS,Magdeburg I,0762de6a964c049fea546a203c823180783fd4e5,2026-09-06T21:27:05.847774+02:00,28340,11009,38.84615384615385,44,44,CSV Ist=Soll>0
first_complete_result,lsa:GEMEINDE:15082005,GEMEINDE,"Aken (Elbe), Stadt",ba1fc517c286fae14ef9d1ae8b573aab69dc9d84,2026-09-06T22:11:13.043213+02:00,4200,1953,46.5,9,9,CSV Ist=Soll>0
first_complete_result,lsa:GEMEINDE:15082015,GEMEINDE,"Bitterfeld-Wolfen, Stadt",ba1fc517c286fae14ef9d1ae8b573aab69dc9d84,2026-09-06T22:11:13.043213+02:00,21421,10517,49.09668082722562,31,31,CSV Ist=Soll>0
first_complete_result,lsa:GEMEINDE:15082241,GEMEINDE,Muldestausee,ba1fc517c286fae14ef9d1ae8b573aab69dc9d84,2026-09-06T22:11:13.043213+02:00,7909,3877,49.02010367935264,16,16,CSV Ist=Soll>0
first_complete_result,lsa:GEMEINDE:15082301,GEMEINDE,"Raguhn-Jeßnitz, Stadt",ba1fc517c286fae14ef9d1ae8b573aab69dc9d84,2026-09-06T22:11:13.043213+02:00,6141,3510,57.156814851001464,11,11,CSV Ist=Soll>0
first_complete_result,lsa:GEMEINDE:15082340,GEMEINDE,"Sandersdorf-Brehna, Stadt",ba1fc517c286fae14ef9d1ae8b573aab69dc9d84,2026-09-06T22:11:13.043213+02:00,9513,4616,48.5230736886366,17,17,CSV Ist=Soll>0
first_complete_result,lsa:GEMEINDE:15082430,GEMEINDE,"Zerbst/Anhalt, Stadt",ba1fc517c286fae14ef9d1ae8b573aab69dc9d84,2026-09-06T22:11:13.043213+02:00,12713,6009,47.266577519074964,36,36,CSV Ist=Soll>0
first_complete_result,lsa:GEMEINDE:15082440,GEMEINDE,"Zörbig, Stadt",ba1fc517c286fae14ef9d1ae8b573aab69dc9d84,2026-09-06T22:11:13.043213+02:00,6061,2940,48.50684705494143,13,13,CSV Ist=Soll>0
first_complete_result,lsa:GEMEINDE:15083298,GEMEINDE,Hohe Börde,ba1fc517c286fae14ef9d1ae8b573aab69dc9d84,2026-09-06T22:11:13.043213+02:00,12439,5805,46.667738564193264,20,20,CSV Ist=Soll>0
first_complete_result,lsa:GEMEINDE:15084012,GEMEINDE,An der Poststraße,ba1fc517c286fae14ef9d1ae8b573aab69dc9d84,2026-09-06T22:11:13.043213+02:00,1041,601,57.732949087415946,4,4,CSV Ist=Soll>0
first_complete_result,lsa:GEMEINDE:15084013,GEMEINDE,Meineweh,ba1fc517c286fae14ef9d1ae8b573aab69dc9d84,2026-09-06T22:11:13.043213+02:00,635,346,54.488188976377955,3,3,CSV Ist=Soll>0
first_complete_result,lsa:GEMEINDE:15084115,GEMEINDE,Droyßig,ba1fc517c286fae14ef9d1ae8b573aab69dc9d84,2026-09-06T22:11:13.043213+02:00,1257,627,49.88066825775656,3,3,CSV Ist=Soll>0
first_complete_result,lsa:GEMEINDE:15084135,GEMEINDE,"Freyburg (Unstrut), Stadt",ba1fc517c286fae14ef9d1ae8b573aab69dc9d84,2026-09-06T22:11:13.043213+02:00,2834,1362,48.05928016937191,7,7,CSV Ist=Soll>0
first_complete_result,lsa:GEMEINDE:15084207,GEMEINDE,Gutenborn,ba1fc517c286fae14ef9d1ae8b573aab69dc9d84,2026-09-06T22:11:13.043213+02:00,1186,637,53.709949409780776,5,5,CSV Ist=Soll>0
first_complete_result,lsa:GEMEINDE:15084275,GEMEINDE,Kretzschau,ba1fc517c286fae14ef9d1ae8b573aab69dc9d84,2026-09-06T22:11:13.043213+02:00,1501,894,59.56029313790806,6,6,CSV Ist=Soll>0
first_complete_result,lsa:GEMEINDE:15084341,GEMEINDE,Molauer Land,ba1fc517c286fae14ef9d1ae8b573aab69dc9d84,2026-09-06T22:11:13.043213+02:00,649,341,52.54237288135593,2,2,CSV Ist=Soll>0
first_complete_result,lsa:GEMEINDE:15084355,GEMEINDE,"Naumburg (Saale), Stadt",ba1fc517c286fae14ef9d1ae8b573aab69dc9d84,2026-09-06T22:11:13.043213+02:00,19212,8436,43.91005621486571,31,31,CSV Ist=Soll>0
first_complete_result,lsa:GEMEINDE:15084375,GEMEINDE,"Osterfeld, Stadt",ba1fc517c286fae14ef9d1ae8b573aab69dc9d84,2026-09-06T22:11:13.043213+02:00,1490,732,49.12751677852349,3,3,CSV Ist=Soll>0
first_complete_result,lsa:GEMEINDE:15084442,GEMEINDE,Schnaudertal,ba1fc517c286fae14ef9d1ae8b573aab69dc9d84,2026-09-06T22:11:13.043213+02:00,624,404,64.74358974358974,6,6,CSV Ist=Soll>0
first_complete_result,lsa:GEMEINDE:15084560,GEMEINDE,Wethau,ba1fc517c286fae14ef9d1ae8b573aab69dc9d84,2026-09-06T22:11:13.043213+02:00,596,311,52.18120805369127,2,2,CSV Ist=Soll>0
first_complete_result,lsa:GEMEINDE:15084565,GEMEINDE,Wetterzeube,ba1fc517c286fae14ef9d1ae8b573aab69dc9d84,2026-09-06T22:11:13.043213+02:00,1122,644,57.39750445632799,4,4,CSV Ist=Soll>0
first_complete_result,lsa:GEMEINDE:15085140,GEMEINDE,Harsleben,ba1fc517c286fae14ef9d1ae8b573aab69dc9d84,2026-09-06T22:11:13.043213+02:00,1497,715,47.762191048764194,2,2,CSV Ist=Soll>0
first_complete_result,lsa:GEMEINDE:15085330,GEMEINDE,"Thale, Stadt",ba1fc517c286fae14ef9d1ae8b573aab69dc9d84,2026-09-06T22:11:13.043213+02:00,10551,5016,47.540517486494174,18,18,CSV Ist=Soll>0
first_complete_result,lsa:GEMEINDE:15086005,GEMEINDE,Biederitz,ba1fc517c286fae14ef9d1ae8b573aab69dc9d84,2026-09-06T22:11:13.043213+02:00,6018,2241,37.2382851445663,8,8,CSV Ist=Soll>0
first_complete_result,lsa:GEMEINDE:15086035,GEMEINDE,Elbe-Parey,ba1fc517c286fae14ef9d1ae8b573aab69dc9d84,2026-09-06T22:11:13.043213+02:00,4257,1908,44.82029598308668,8,8,CSV Ist=Soll>0
first_complete_result,lsa:GEMEINDE:15087070,GEMEINDE,Blankenheim,ba1fc517c286fae14ef9d1ae8b573aab69dc9d84,2026-09-06T22:11:13.043213+02:00,771,416,53.95590142671855,2,2,CSV Ist=Soll>0
first_complete_result,lsa:GEMEINDE:15087205,GEMEINDE,Helbra,ba1fc517c286fae14ef9d1ae8b573aab69dc9d84,2026-09-06T22:11:13.043213+02:00,2386,1265,53.017602682313495,3,3,CSV Ist=Soll>0
first_complete_result,lsa:GEMEINDE:15087220,GEMEINDE,"Hettstedt, Stadt",ba1fc517c286fae14ef9d1ae8b573aab69dc9d84,2026-09-06T22:11:13.043213+02:00,7424,4070,54.82219827586207,15,15,CSV Ist=Soll>0
first_complete_result,lsa:GEMEINDE:15087275,GEMEINDE,"Mansfeld, Stadt",ba1fc517c286fae14ef9d1ae8b573aab69dc9d84,2026-09-06T22:11:13.043213+02:00,5448,2872,52.71659324522761,17,17,CSV Ist=Soll>0
first_complete_result,lsa:GEMEINDE:15087370,GEMEINDE,"Sangerhausen, Stadt",ba1fc517c286fae14ef9d1ae8b573aab69dc9d84,2026-09-06T22:11:13.043213+02:00,14962,7062,47.19957224969924,33,33,CSV Ist=Soll>0
first_complete_result,lsa:GEMEINDE:15087386,GEMEINDE,Seegebiet Mansfelder Land,ba1fc517c286fae14ef9d1ae8b573aab69dc9d84,2026-09-06T22:11:13.043213+02:00,5804,3286,56.616126809097175,14,14,CSV Ist=Soll>0
first_complete_result,lsa:GEMEINDE:15087412,GEMEINDE,Südharz,ba1fc517c286fae14ef9d1ae8b573aab69dc9d84,2026-09-06T22:11:13.043213+02:00,5659,2830,50.008835483300935,18,18,CSV Ist=Soll>0
first_complete_result,lsa:GEMEINDE:15088150,GEMEINDE,Kabelsketal,ba1fc517c286fae14ef9d1ae8b573aab69dc9d84,2026-09-06T22:11:13.043213+02:00,5585,2685,48.075201432408235,6,6,CSV Ist=Soll>0
first_complete_result,lsa:GEMEINDE:15088205,GEMEINDE,"Leuna, Stadt",ba1fc517c286fae14ef9d1ae8b573aab69dc9d84,2026-09-06T22:11:13.043213+02:00,8981,4613,51.36399064692128,14,14,CSV Ist=Soll>0
first_complete_result,lsa:GEMEINDE:15088235,GEMEINDE,"Mücheln (Geiseltal), Stadt",ba1fc517c286fae14ef9d1ae8b573aab69dc9d84,2026-09-06T22:11:13.043213+02:00,5230,2883,55.124282982791584,12,12,CSV Ist=Soll>0
first_complete_result,lsa:GEMEINDE:15088265,GEMEINDE,Obhausen,ba1fc517c286fae14ef9d1ae8b573aab69dc9d84,2026-09-06T22:11:13.043213+02:00,1445,750,51.90311418685121,3,3,CSV Ist=Soll>0
first_complete_result,lsa:GEMEINDE:15088319,GEMEINDE,Salzatal,ba1fc517c286fae14ef9d1ae8b573aab69dc9d84,2026-09-06T22:11:13.043213+02:00,7730,3461,44.77360931435964,11,11,CSV Ist=Soll>0
first_complete_result,lsa:GEMEINDE:15088330,GEMEINDE,Schkopau,ba1fc517c286fae14ef9d1ae8b573aab69dc9d84,2026-09-06T22:11:13.043213+02:00,7266,3530,48.58243875584916,15,15,CSV Ist=Soll>0
first_complete_result,lsa:GEMEINDE:15089043,GEMEINDE,Börde-Hakel,ba1fc517c286fae14ef9d1ae8b573aab69dc9d84,2026-09-06T22:11:13.043213+02:00,1908,991,51.939203354297696,4,4,CSV Ist=Soll>0
first_complete_result,lsa:GEMEINDE:15089045,GEMEINDE,Borne,ba1fc517c286fae14ef9d1ae8b573aab69dc9d84,2026-09-06T22:11:13.043213+02:00,780,431,55.256410256410255,2,2,CSV Ist=Soll>0
first_complete_result,lsa:GEMEINDE:15090010,GEMEINDE,"Arneburg, Stadt",ba1fc517c286fae14ef9d1ae8b573aab69dc9d84,2026-09-06T22:11:13.043213+02:00,971,459,47.27085478887744,3,3,CSV Ist=Soll>0
first_complete_result,lsa:GEMEINDE:15090225,GEMEINDE,"Havelberg, Hansestadt",ba1fc517c286fae14ef9d1ae8b573aab69dc9d84,2026-09-06T22:11:13.043213+02:00,3776,1769,46.84851694915254,10,10,CSV Ist=Soll>0
first_complete_result,lsa:GEMEINDE:15090415,GEMEINDE,"Osterburg (Altmark), Hansestadt",ba1fc517c286fae14ef9d1ae8b573aab69dc9d84,2026-09-06T22:11:13.043213+02:00,6139,2651,43.182928815768044,15,15,CSV Ist=Soll>0
first_complete_result,lsa:GEMEINDE:15090485,GEMEINDE,Schollene,ba1fc517c286fae14ef9d1ae8b573aab69dc9d84,2026-09-06T22:11:13.043213+02:00,721,333,46.18585298196949,2,2,CSV Ist=Soll>0
first_complete_result,lsa:GEMEINDE:15090520,GEMEINDE,"Seehausen (Altmark), Hansestadt",ba1fc517c286fae14ef9d1ae8b573aab69dc9d84,2026-09-06T22:11:13.043213+02:00,2876,1364,47.426981919332405,6,6,CSV Ist=Soll>0
first_complete_result,lsa:GEMEINDE:15090535,GEMEINDE,"Stendal, Hansestadt",ba1fc517c286fae14ef9d1ae8b573aab69dc9d84,2026-09-06T22:11:13.043213+02:00,21790,9155,42.014685635612665,42,42,CSV Ist=Soll>0
first_complete_result,lsa:GEMEINDE:15090550,GEMEINDE,"Tangermünde, Stadt",ba1fc517c286fae14ef9d1ae8b573aab69dc9d84,2026-09-06T22:11:13.043213+02:00,6900,3272,47.42028985507246,14,14,CSV Ist=Soll>0
first_complete_result,lsa:GEMEINDE:15090610,GEMEINDE,"Werben (Elbe), Hansestadt",ba1fc517c286fae14ef9d1ae8b573aab69dc9d84,2026-09-06T22:11:13.043213+02:00,643,316,49.14463452566096,3,3,CSV Ist=Soll>0
first_complete_result,lsa:GEMEINDE:15091110,GEMEINDE,"Gräfenhainichen, Stadt",ba1fc517c286fae14ef9d1ae8b573aab69dc9d84,2026-09-06T22:11:13.043213+02:00,7181,3671,51.12101378638073,14,14,CSV Ist=Soll>0
first_complete_result,lsa:GEMEINDE:15091241,GEMEINDE,"Oranienbaum-Wörlitz, Stadt",ba1fc517c286fae14ef9d1ae8b573aab69dc9d84,2026-09-06T22:11:13.043213+02:00,5246,2567,48.932520015249715,14,14,CSV Ist=Soll>0
first_complete_result,lsa:WAHLKREIS:003,WAHLKREIS,Havelberg-Osterburg,ba1fc517c286fae14ef9d1ae8b573aab69dc9d84,2026-09-06T22:11:13.043213+02:00,27011,12592,46.61804450038873,96,96,CSV Ist=Soll>0
first_complete_result,lsa:WAHLKREIS:023,WAHLKREIS,Zerbst,ba1fc517c286fae14ef9d1ae8b573aab69dc9d84,2026-09-06T22:11:13.043213+02:00,29184,13660,46.80646929824562,79,79,CSV Ist=Soll>0
first_complete_result,lsa:WAHLKREIS:025,WAHLKREIS,Jessen,ba1fc517c286fae14ef9d1ae8b573aab69dc9d84,2026-09-06T22:11:13.043213+02:00,31422,15376,48.93386799057985,81,81,CSV Ist=Soll>0
first_complete_result,lsa:WAHLKREIS:028,WAHLKREIS,Bitterfeld-Wolfen,ba1fc517c286fae14ef9d1ae8b573aab69dc9d84,2026-09-06T22:11:13.043213+02:00,36995,18073,48.85254764157319,61,61,CSV Ist=Soll>0
first_complete_result,lsa:WAHLKREIS:031,WAHLKREIS,Sangerhausen,ba1fc517c286fae14ef9d1ae8b573aab69dc9d84,2026-09-06T22:11:13.043213+02:00,31940,15767,49.36443331246086,88,88,CSV Ist=Soll>0
first_complete_result,lsa:GEMEINDE:15083130,GEMEINDE,Colbitz,1701369eb36f9ae3dc5f2d14771ca827fc6a8841,2026-09-06T22:27:22.888490+02:00,2287,1116,48.79755137735024,4,4,CSV Ist=Soll>0
first_complete_result,lsa:GEMEINDE:15083270,GEMEINDE,"Haldensleben, Stadt",1701369eb36f9ae3dc5f2d14771ca827fc6a8841,2026-09-06T22:27:22.888490+02:00,11050,4876,44.126696832579185,17,17,CSV Ist=Soll>0
first_complete_result,lsa:GEMEINDE:15083490,GEMEINDE,Sülzetal,1701369eb36f9ae3dc5f2d14771ca827fc6a8841,2026-09-06T22:27:22.888490+02:00,5997,2714,45.255961313990326,9,9,CSV Ist=Soll>0
first_complete_result,lsa:GEMEINDE:15085055,GEMEINDE,"Blankenburg (Harz), Stadt",1701369eb36f9ae3dc5f2d14771ca827fc6a8841,2026-09-06T22:27:22.888490+02:00,12199,5521,45.25780801705058,20,20,CSV Ist=Soll>0
first_complete_result,lsa:GEMEINDE:15086015,GEMEINDE,"Burg, Stadt",1701369eb36f9ae3dc5f2d14771ca827fc6a8841,2026-09-06T22:27:22.888490+02:00,13064,6291,48.15523576240049,19,19,CSV Ist=Soll>0
first_complete_result,lsa:GEMEINDE:15088305,GEMEINDE,"Querfurt, Stadt",1701369eb36f9ae3dc5f2d14771ca827fc6a8841,2026-09-06T22:27:22.888490+02:00,6258,3223,51.50207734100351,16,16,CSV Ist=Soll>0
first_complete_result,lsa:GEMEINDE:15089175,GEMEINDE,"Hecklingen, Stadt",1701369eb36f9ae3dc5f2d14771ca827fc6a8841,2026-09-06T22:27:22.888490+02:00,4277,2432,56.86228664952069,6,6,CSV Ist=Soll>0
first_complete_result,lsa:GEMEINDE:15090546,GEMEINDE,"Tangerhütte, Stadt",1701369eb36f9ae3dc5f2d14771ca827fc6a8841,2026-09-06T22:27:22.888490+02:00,6610,3300,49.92435703479576,21,21,CSV Ist=Soll>0
first_complete_result,lsa:WAHLKREIS:013,WAHLKREIS,Magdeburg IV,1701369eb36f9ae3dc5f2d14771ca827fc6a8841,2026-09-06T22:27:22.888490+02:00,37929,13326,35.13406628173693,59,59,CSV Ist=Soll>0
first_complete_result,lsa:WAHLKREIS:038,WAHLKREIS,Halle IV,1701369eb36f9ae3dc5f2d14771ca827fc6a8841,2026-09-06T22:27:22.888490+02:00,31934,13081,40.962610383916825,44,44,CSV Ist=Soll>0
first_complete_result,lsa:GEMEINDE:15085235,GEMEINDE,"Quedlinburg, Welterbestadt",5b1254083eec780de1c02d5990127efb412a5dcd,2026-09-06T22:33:43.048543+02:00,14594,6069,41.585583116349184,18,18,CSV Ist=Soll>0
first_complete_result,lsa:GEMEINDE:15083030,GEMEINDE,Angern,0f1514082ba57e0c5a57e55a3c908c5395ed9c50,2026-09-06T22:39:13.716529+02:00,1327,597,44.98869630746044,5,5,CSV Ist=Soll>0
first_complete_result,lsa:GEMEINDE:15083390,GEMEINDE,Niedere Börde,0f1514082ba57e0c5a57e55a3c908c5395ed9c50,2026-09-06T22:39:13.716529+02:00,4623,2180,47.15552671425481,10,10,CSV Ist=Soll>0
first_complete_result,lsa:GEMEINDE:15083531,GEMEINDE,"Wanzleben-Börde, Stadt",0f1514082ba57e0c5a57e55a3c908c5395ed9c50,2026-09-06T22:39:13.716529+02:00,9091,4373,48.10251897481025,18,18,CSV Ist=Soll>0
first_complete_result,lsa:GEMEINDE:15089307,GEMEINDE,"Seeland, Stadt",130d1659a292a7f5941f53e4abf9c216095ca4ca,2026-09-06T22:43:06.364684+02:00,4776,2413,50.52345058626466,7,7,CSV Ist=Soll>0
first_complete_result,lsa:GEMEINDE:15086040,GEMEINDE,"Genthin, Stadt",4c2543e68df2f3d92b3380232f466993b6c58edd,2026-09-06T22:50:14.343235+02:00,8183,3598,43.969204448246366,14,14,CSV Ist=Soll>0
first_complete_result,lsa:GEMEINDE:15083040,GEMEINDE,Barleben,dabef6e6806d6f4fe0b8399dc468030b204d7c00,2026-09-06T22:55:40.135282+02:00,6480,2730,42.129629629629626,8,8,CSV Ist=Soll>0
first_complete_result,lsa:GEMEINDE:15083580,GEMEINDE,Zielitz,dabef6e6806d6f4fe0b8399dc468030b204d7c00,2026-09-06T22:55:40.135282+02:00,1177,537,45.62446898895497,3,3,CSV Ist=Soll>0
first_complete_result,lsa:GEMEINDE:15089041,GEMEINDE,Bördeaue,2a8c9ef84d31b27b1fad14eb55d7562098b4f8a9,2026-09-06T23:09:11.147355+02:00,1146,607,52.966841186736474,3,3,CSV Ist=Soll>0
first_complete_result,lsa:GEMEINDE:15089195,GEMEINDE,"Könnern, Stadt",2a8c9ef84d31b27b1fad14eb55d7562098b4f8a9,2026-09-06T23:09:11.147355+02:00,5000,2703,54.06,11,11,CSV Ist=Soll>0
first_complete_result,lsa:GEMEINDE:15089365,GEMEINDE,Wolmirsleben,2a8c9ef84d31b27b1fad14eb55d7562098b4f8a9,2026-09-06T23:09:11.147355+02:00,932,497,53.32618025751073,2,2,CSV Ist=Soll>0
first_complete_result,lsa:WAHLKREIS:011,WAHLKREIS,Magdeburg II,2a8c9ef84d31b27b1fad14eb55d7562098b4f8a9,2026-09-06T23:09:11.147355+02:00,38938,9177,23.568236683959114,66,66,CSV Ist=Soll>0
first_complete_result,lsa:GEMEINDE:15088220,GEMEINDE,"Merseburg, Stadt",ee0357a34aa02dc23caf3e3042074b662334a803,2026-09-06T23:12:16.198457+02:00,17746,8371,47.17119350839626,28,28,CSV Ist=Soll>0
first_complete_result,lsa:GEMEINDE:15083230,GEMEINDE,Flechtingen,56132b3cf87a81596216d0eecc1f6287ec86ef31,2026-09-06T23:17:45.749638+02:00,1726,741,42.9316338354577,5,5,CSV Ist=Soll>0
first_complete_result,lsa:GEMEINDE:15083245,GEMEINDE,"Gröningen, Stadt",56132b3cf87a81596216d0eecc1f6287ec86ef31,2026-09-06T23:17:45.749638+02:00,2261,1169,51.702786377708975,6,6,CSV Ist=Soll>0
first_complete_result,lsa:WAHLKREIS:007,WAHLKREIS,Haldensleben,56132b3cf87a81596216d0eecc1f6287ec86ef31,2026-09-06T23:17:45.749638+02:00,32479,14925,45.95276948181902,85,85,CSV Ist=Soll>0
first_complete_result,lsa:GEMEINDE:15081026,GEMEINDE,"Apenburg-Winterfeld, Flecken",4920eb3cd3175bd678ea09e327a2a1156a12e86a,2026-09-06T23:38:32.366534+02:00,1054,495,46.963946869070206,4,4,CSV Ist=Soll>0
first_complete_result,lsa:GEMEINDE:15081030,GEMEINDE,"Arendsee (Altmark), Stadt",4920eb3cd3175bd678ea09e327a2a1156a12e86a,2026-09-06T23:38:32.366534+02:00,4200,1838,43.76190476190476,17,17,CSV Ist=Soll>0
first_complete_result,lsa:GEMEINDE:15081045,GEMEINDE,Beetzendorf,4920eb3cd3175bd678ea09e327a2a1156a12e86a,2026-09-06T23:38:32.366534+02:00,1875,751,40.053333333333335,7,7,CSV Ist=Soll>0
first_complete_result,lsa:GEMEINDE:15081095,GEMEINDE,Dähre,4920eb3cd3175bd678ea09e327a2a1156a12e86a,2026-09-06T23:38:32.366534+02:00,891,369,41.41414141414141,3,3,CSV Ist=Soll>0
first_complete_result,lsa:GEMEINDE:15081105,GEMEINDE,"Diesdorf, Flecken",4920eb3cd3175bd678ea09e327a2a1156a12e86a,2026-09-06T23:38:32.366534+02:00,1442,595,41.262135922330096,2,2,CSV Ist=Soll>0
first_complete_result,lsa:GEMEINDE:15081135,GEMEINDE,"Gardelegen, Hansestadt",4920eb3cd3175bd678ea09e327a2a1156a12e86a,2026-09-06T23:38:32.366534+02:00,13705,5780,42.174388909157244,40,40,CSV Ist=Soll>0
first_complete_result,lsa:GEMEINDE:15081225,GEMEINDE,Jübar,4920eb3cd3175bd678ea09e327a2a1156a12e86a,2026-09-06T23:38:32.366534+02:00,1037,532,51.301832208293156,6,6,CSV Ist=Soll>0
first_complete_result,lsa:GEMEINDE:15081240,GEMEINDE,"Kalbe (Milde), Stadt",4920eb3cd3175bd678ea09e327a2a1156a12e86a,2026-09-06T23:38:32.366534+02:00,4562,2000,43.84042086804033,18,18,CSV Ist=Soll>0
first_complete_result,lsa:GEMEINDE:15081280,GEMEINDE,"Klötze, Stadt",4920eb3cd3175bd678ea09e327a2a1156a12e86a,2026-09-06T23:38:32.366534+02:00,6288,2520,40.0763358778626,19,19,CSV Ist=Soll>0
first_complete_result,lsa:GEMEINDE:15081440,GEMEINDE,Rohrberg,4920eb3cd3175bd678ea09e327a2a1156a12e86a,2026-09-06T23:38:32.366534+02:00,679,340,50.07363770250368,4,4,CSV Ist=Soll>0
first_complete_result,lsa:GEMEINDE:15081455,GEMEINDE,"Salzwedel, Hansestadt",4920eb3cd3175bd678ea09e327a2a1156a12e86a,2026-09-06T23:38:32.366534+02:00,13506,5393,39.93040130312454,25,25,CSV Ist=Soll>0
first_complete_result,lsa:GEMEINDE:15081545,GEMEINDE,Wallstawe,4920eb3cd3175bd678ea09e327a2a1156a12e86a,2026-09-06T23:38:32.366534+02:00,565,262,46.3716814159292,3,3,CSV Ist=Soll>0
first_complete_result,lsa:GEMEINDE:15083120,GEMEINDE,Burgstall,4920eb3cd3175bd678ea09e327a2a1156a12e86a,2026-09-06T23:38:32.366534+02:00,1011,527,52.12660731948566,5,5,CSV Ist=Soll>0
first_complete_result,lsa:GEMEINDE:15083411,GEMEINDE,"Oebisfelde-Weferlingen, Stadt",4920eb3cd3175bd678ea09e327a2a1156a12e86a,2026-09-06T23:38:32.366534+02:00,8459,3563,42.1208180636009,28,28,CSV Ist=Soll>0
first_complete_result,lsa:GEMEINDE:15083557,GEMEINDE,Westheide,4920eb3cd3175bd678ea09e327a2a1156a12e86a,2026-09-06T23:38:32.366534+02:00,1179,591,50.12722646310433,5,5,CSV Ist=Soll>0
first_complete_result,lsa:KREIS:15081,KREIS,Altmarkkreis Salzwedel,4920eb3cd3175bd678ea09e327a2a1156a12e86a,2026-09-06T23:38:32.366534+02:00,50504,21207,41.99073340725487,152,152,CSV Ist=Soll>0
first_complete_result,lsa:WAHLKREIS:001,WAHLKREIS,Salzwedel,4920eb3cd3175bd678ea09e327a2a1156a12e86a,2026-09-06T23:38:32.366534+02:00,25949,10907,42.03244826390227,75,75,CSV Ist=Soll>0
first_complete_result,lsa:WAHLKREIS:002,WAHLKREIS,Gardelegen-Klötze,4920eb3cd3175bd678ea09e327a2a1156a12e86a,2026-09-06T23:38:32.366534+02:00,33014,13863,41.99127642818198,105,105,CSV Ist=Soll>0
first_complete_result,lsa:GEMEINDE:15086145,GEMEINDE,Möser,22b50c3a50ef24cc5b359b52b9827daad3a65e9c,2026-09-06T23:45:11.320799+02:00,5948,2361,39.694014794889036,9,9,CSV Ist=Soll>0
first_complete_result,lsa:GEMEINDE:15087031,GEMEINDE,"Arnstein, Stadt",22b50c3a50ef24cc5b359b52b9827daad3a65e9c,2026-09-06T23:45:11.320799+02:00,4112,2199,53.47762645914397,13,13,CSV Ist=Soll>0
first_complete_result,lsa:GEMEINDE:15089042,GEMEINDE,Bördeland,22b50c3a50ef24cc5b359b52b9827daad3a65e9c,2026-09-06T23:45:11.320799+02:00,4958,2519,50.806776926179914,8,8,CSV Ist=Soll>0
first_complete_result,lsa:GEMEINDE:15089055,GEMEINDE,"Calbe (Saale), Stadt",22b50c3a50ef24cc5b359b52b9827daad3a65e9c,2026-09-06T23:45:11.320799+02:00,4840,2365,48.86363636363637,8,8,CSV Ist=Soll>0
first_complete_result,lsa:GEMEINDE:15084170,GEMEINDE,Goseck,c1b83b22c5edaef8f72537b33e662882fd5eda38,2026-09-06T23:50:42.996872+02:00,686,352,51.31195335276968,3,3,CSV Ist=Soll>0
first_complete_result,lsa:GEMEINDE:15084235,GEMEINDE,"Hohenmölsen, Stadt",c1b83b22c5edaef8f72537b33e662882fd5eda38,2026-09-06T23:50:42.996872+02:00,5917,3041,51.39428764576643,13,13,CSV Ist=Soll>0
first_complete_result,lsa:GEMEINDE:15084250,GEMEINDE,Karsdorf,c1b83b22c5edaef8f72537b33e662882fd5eda38,2026-09-06T23:50:42.996872+02:00,819,392,47.863247863247864,4,4,CSV Ist=Soll>0
first_complete_result,lsa:GEMEINDE:15084285,GEMEINDE,"Laucha an der Unstrut, Stadt",c1b83b22c5edaef8f72537b33e662882fd5eda38,2026-09-06T23:50:42.996872+02:00,1720,864,50.23255813953488,5,5,CSV Ist=Soll>0
first_complete_result,lsa:GEMEINDE:15084360,GEMEINDE,"Nebra (Unstrut), Stadt",c1b83b22c5edaef8f72537b33e662882fd5eda38,2026-09-06T23:50:42.996872+02:00,1818,1004,55.22552255225523,4,4,CSV Ist=Soll>0
first_complete_result,lsa:GEMEINDE:15001000,GEMEINDE,"Dessau-Roßlau, Stadt",034045f3d0f71c47aebf3daea47f3d33b136de5c,2026-09-07T00:00:20.311232+02:00,46610,18134,38.90581420296074,79,79,CSV Ist=Soll>0
first_complete_result,lsa:GEMEINDE:15003000,GEMEINDE,"Magdeburg, Landeshauptstadt",034045f3d0f71c47aebf3daea47f3d33b136de5c,2026-09-07T00:00:20.311232+02:00,138521,45161,32.60227691108207,218,218,CSV Ist=Soll>0
first_complete_result,lsa:GEMEINDE:15083361,GEMEINDE,Loitsche-Heinrichsberg,034045f3d0f71c47aebf3daea47f3d33b136de5c,2026-09-07T00:00:20.311232+02:00,609,292,47.947454844006565,3,3,CSV Ist=Soll>0
first_complete_result,lsa:GEMEINDE:15091060,GEMEINDE,"Coswig (Anhalt), Stadt",034045f3d0f71c47aebf3daea47f3d33b136de5c,2026-09-07T00:00:20.311232+02:00,7251,3584,49.427665149634535,25,25,CSV Ist=Soll>0
first_complete_result,lsa:KREIS:15001,KREIS,"Dessau-Roßlau, Stadt",034045f3d0f71c47aebf3daea47f3d33b136de5c,2026-09-07T00:00:20.311232+02:00,46610,18134,38.90581420296074,79,79,CSV Ist=Soll>0
first_complete_result,lsa:KREIS:15003,KREIS,"Magdeburg, Landeshauptstadt",034045f3d0f71c47aebf3daea47f3d33b136de5c,2026-09-07T00:00:20.311232+02:00,138521,45161,32.60227691108207,218,218,CSV Ist=Soll>0
first_complete_result,lsa:WAHLKREIS:012,WAHLKREIS,Magdeburg III,034045f3d0f71c47aebf3daea47f3d33b136de5c,2026-09-07T00:00:20.311232+02:00,33314,11649,34.96728102299333,49,49,CSV Ist=Soll>0
first_complete_result,lsa:WAHLKREIS:026,WAHLKREIS,Dessau-Roßlau,034045f3d0f71c47aebf3daea47f3d33b136de5c,2026-09-07T00:00:20.311232+02:00,30028,11449,38.127747435726654,52,52,CSV Ist=Soll>0
first_complete_result,lsa:WAHLKREIS:027,WAHLKREIS,Dessau-Roßlau-Wittenberg,034045f3d0f71c47aebf3daea47f3d33b136de5c,2026-09-07T00:00:20.311232+02:00,29079,12836,44.141820557790844,66,66,CSV Ist=Soll>0
first_complete_result,lsa:GEMEINDE:15089026,GEMEINDE,"Barby, Stadt",73b20ed389d90cdd9fc49cb129b8edc45e73e2b8,2026-09-07T00:07:10.420342+02:00,5279,2555,48.39931805266149,14,14,CSV Ist=Soll>0
first_complete_result,lsa:GEMEINDE:15089235,GEMEINDE,"Nienburg (Saale), Stadt",73b20ed389d90cdd9fc49cb129b8edc45e73e2b8,2026-09-07T00:07:10.420342+02:00,3928,2117,53.89511201629328,9,9,CSV Ist=Soll>0
first_complete_result,lsa:GEMEINDE:15085185,GEMEINDE,Huy,f3399322b2dbf01a95f3341a2a31760f34541f15,2026-09-07T00:12:41.947578+02:00,4321,2048,47.396436010182825,12,12,CSV Ist=Soll>0
first_complete_result,lsa:GEMEINDE:15091375,GEMEINDE,"Wittenberg, Lutherstadt",f3399322b2dbf01a95f3341a2a31760f34541f15,2026-09-07T00:12:41.947578+02:00,27416,11278,41.13656259118763,49,49,CSV Ist=Soll>0
first_complete_result,lsa:KREIS:15091,KREIS,Wittenberg,f3399322b2dbf01a95f3341a2a31760f34541f15,2026-09-07T00:12:41.947578+02:00,77403,35496,45.85868764776559,183,183,CSV Ist=Soll>0
first_complete_result,lsa:WAHLKREIS:014,WAHLKREIS,Halberstadt,f3399322b2dbf01a95f3341a2a31760f34541f15,2026-09-07T00:12:41.947578+02:00,28568,12687,44.40982917950154,48,48,CSV Ist=Soll>0
first_complete_result,lsa:WAHLKREIS:024,WAHLKREIS,Wittenberg,f3399322b2dbf01a95f3341a2a31760f34541f15,2026-09-07T00:12:41.947578+02:00,33484,13969,41.718432684267114,63,63,CSV Ist=Soll>0
first_complete_result,lsa:GEMEINDE:15085040,GEMEINDE,"Ballenstedt, Stadt",15d61af750d18344385c3082fc57643b64212bc0,2026-09-07T00:29:09.751905+02:00,5580,2596,46.52329749103943,9,9,CSV Ist=Soll>0
first_complete_result,lsa:WAHLKREIS:017,WAHLKREIS,Quedlinburg,15d61af750d18344385c3082fc57643b64212bc0,2026-09-07T00:29:09.751905+02:00,36501,16610,45.505602586230516,60,60,CSV Ist=Soll>0
first_complete_result,lsa:WAHLKREIS:035,WAHLKREIS,Halle I,15d61af750d18344385c3082fc57643b64212bc0,2026-09-07T00:29:09.751905+02:00,24850,10356,41.67404426559356,38,38,CSV Ist=Soll>0
first_complete_result,lsa:WAHLKREIS:037,WAHLKREIS,Halle III,15d61af750d18344385c3082fc57643b64212bc0,2026-09-07T00:29:09.751905+02:00,40342,7396,18.33325070645977,57,57,CSV Ist=Soll>0
first_complete_result,lsa:GEMEINDE:15083565,GEMEINDE,"Wolmirstedt, Stadt",55559785f9f6171e1ab5d3e50086665100128973,2026-09-07T00:34:42.762130+02:00,7372,3226,43.76017362995117,12,12,CSV Ist=Soll>0
first_complete_result,lsa:GEMEINDE:15087130,GEMEINDE,"Eisleben, Lutherstadt",55559785f9f6171e1ab5d3e50086665100128973,2026-09-07T00:34:42.762130+02:00,12626,6595,52.23348645651829,24,24,CSV Ist=Soll>0
first_complete_result,lsa:GEMEINDE:15088365,GEMEINDE,Teutschenthal,55559785f9f6171e1ab5d3e50086665100128973,2026-09-07T00:34:42.762130+02:00,8966,4449,49.62078964978809,15,15,CSV Ist=Soll>0
first_complete_result,lsa:KREIS:15087,KREIS,Mansfeld-Südharz,55559785f9f6171e1ab5d3e50086665100128973,2026-09-07T00:34:42.762130+02:00,79845,41408,51.8604796793788,201,201,CSV Ist=Soll>0
first_complete_result,lsa:WAHLKREIS:008,WAHLKREIS,Wolmirstedt,55559785f9f6171e1ab5d3e50086665100128973,2026-09-07T00:34:42.762130+02:00,35348,16126,45.62068575308363,67,67,CSV Ist=Soll>0
first_complete_result,lsa:WAHLKREIS:030,WAHLKREIS,Eisleben,55559785f9f6171e1ab5d3e50086665100128973,2026-09-07T00:34:42.762130+02:00,33133,17677,53.35164337669393,71,71,CSV Ist=Soll>0
first_complete_result,lsa:GEMEINDE:15089005,GEMEINDE,"Alsleben (Saale), Stadt",937eaa10aa40ba789d0dd62ff5de859dc6ef9e86,2026-09-07T00:40:08.798418+02:00,1474,810,54.952510176390774,4,4,CSV Ist=Soll>0
first_complete_result,lsa:GEMEINDE:15089165,GEMEINDE,"Güsten, Stadt",937eaa10aa40ba789d0dd62ff5de859dc6ef9e86,2026-09-07T00:40:08.798418+02:00,2453,1392,56.74684060334285,6,6,CSV Ist=Soll>0
first_complete_result,lsa:GEMEINDE:15089305,GEMEINDE,"Schönebeck (Elbe), Stadt",937eaa10aa40ba789d0dd62ff5de859dc6ef9e86,2026-09-07T00:40:08.798418+02:00,17866,8109,45.387887607746556,26,26,CSV Ist=Soll>0
first_complete_result,lsa:WAHLKREIS:020,WAHLKREIS,Schönebeck,937eaa10aa40ba789d0dd62ff5de859dc6ef9e86,2026-09-07T00:40:08.798418+02:00,32943,15548,47.19667304131379,56,56,CSV Ist=Soll>0
first_complete_result,lsa:GEMEINDE:15085190,GEMEINDE,"Ilsenburg (Harz), Stadt",55f50c51b9dfac63ad15cb2b7b2ff314eefdf062,2026-09-07T00:45:41.299801+02:00,6377,2191,34.357848518111965,9,9,CSV Ist=Soll>0
first_complete_result,lsa:GEMEINDE:15085370,GEMEINDE,"Wernigerode, Stadt",55f50c51b9dfac63ad15cb2b7b2ff314eefdf062,2026-09-07T00:45:41.299801+02:00,19838,6915,34.857344490372014,26,26,CSV Ist=Soll>0
first_complete_result,lsa:GEMEINDE:15090070,GEMEINDE,"Bismark (Altmark), Stadt",55f50c51b9dfac63ad15cb2b7b2ff314eefdf062,2026-09-07T00:45:41.299801+02:00,5228,2301,44.01300688599847,23,23,CSV Ist=Soll>0
first_complete_result,lsa:KREIS:15090,KREIS,Stendal,55f50c51b9dfac63ad15cb2b7b2ff314eefdf062,2026-09-07T00:45:41.299801+02:00,67539,30620,45.336768385673466,196,196,CSV Ist=Soll>0
first_complete_result,lsa:WAHLKREIS:004,WAHLKREIS,Stendal,55f50c51b9dfac63ad15cb2b7b2ff314eefdf062,2026-09-07T00:45:41.299801+02:00,27018,11456,42.401362054926345,65,65,CSV Ist=Soll>0
first_complete_result,lsa:WAHLKREIS:015,WAHLKREIS,Blankenburg,55f50c51b9dfac63ad15cb2b7b2ff314eefdf062,2026-09-07T00:45:41.299801+02:00,30843,13227,42.884933372240056,59,59,CSV Ist=Soll>0
first_complete_result,lsa:WAHLKREIS:016,WAHLKREIS,Wernigerode,55f50c51b9dfac63ad15cb2b7b2ff314eefdf062,2026-09-07T00:45:41.299801+02:00,30910,12198,39.46295697185377,51,51,CSV Ist=Soll>0
first_complete_result,lsa:GEMEINDE:15082180,GEMEINDE,"Köthen (Anhalt), Stadt",d392f3aa45188537435b134da248291ee3b251da,2026-09-07T00:56:41.772010+02:00,14180,6504,45.867418899858954,24,24,CSV Ist=Soll>0
first_complete_result,lsa:GEMEINDE:15082377,GEMEINDE,"Südliches Anhalt, Stadt",d392f3aa45188537435b134da248291ee3b251da,2026-09-07T00:56:41.772010+02:00,8523,4496,52.751378622550746,28,28,CSV Ist=Soll>0
first_complete_result,lsa:KREIS:15082,KREIS,Anhalt-Bitterfeld,d392f3aa45188537435b134da248291ee3b251da,2026-09-07T00:56:41.772010+02:00,96441,47424,49.174106448502194,205,205,CSV Ist=Soll>0
first_complete_result,lsa:WAHLKREIS:022,WAHLKREIS,Köthen,d392f3aa45188537435b134da248291ee3b251da,2026-09-07T00:56:41.772010+02:00,36753,18387,50.0285690964003,79,79,CSV Ist=Soll>0
first_complete_result,lsa:GEMEINDE:15084315,GEMEINDE,"Lützen, Stadt",de6e18da04147254559b5376f3e873e2878703a5,2026-09-07T01:06:32.483659+02:00,5638,3041,53.93756651294785,22,22,CSV Ist=Soll>0
first_complete_result,lsa:GEMEINDE:15084445,GEMEINDE,Schönburg,de6e18da04147254559b5376f3e873e2878703a5,2026-09-07T01:06:32.483659+02:00,712,373,52.3876404494382,2,2,CSV Ist=Soll>0
first_complete_result,lsa:GEMEINDE:15084550,GEMEINDE,"Weißenfels, Stadt",de6e18da04147254559b5376f3e873e2878703a5,2026-09-07T01:06:32.483659+02:00,20893,10582,50.64854257406787,39,39,CSV Ist=Soll>0
first_complete_result,lsa:GEMEINDE:15084590,GEMEINDE,"Zeitz, Stadt",de6e18da04147254559b5376f3e873e2878703a5,2026-09-07T01:06:32.483659+02:00,14892,7835,52.61214074670964,29,29,CSV Ist=Soll>0
first_complete_result,lsa:KREIS:15084,KREIS,Burgenlandkreis,de6e18da04147254559b5376f3e873e2878703a5,2026-09-07T01:06:32.483659+02:00,104442,53327,51.058960954405315,253,253,CSV Ist=Soll>0
first_complete_result,lsa:WAHLKREIS:039,WAHLKREIS,Weißenfels,de6e18da04147254559b5376f3e873e2878703a5,2026-09-07T01:06:32.483659+02:00,31383,16447,52.40735430009878,72,72,CSV Ist=Soll>0
first_complete_result,lsa:WAHLKREIS:040,WAHLKREIS,Naumburg,de6e18da04147254559b5376f3e873e2878703a5,2026-09-07T01:06:32.483659+02:00,34263,16093,46.96903365146076,79,79,CSV Ist=Soll>0
first_complete_result,lsa:WAHLKREIS:041,WAHLKREIS,Zeitz,de6e18da04147254559b5376f3e873e2878703a5,2026-09-07T01:06:32.483659+02:00,31793,17002,53.47718051143333,79,79,CSV Ist=Soll>0
first_complete_result,lsa:GEMEINDE:15085110,GEMEINDE,"Falkenstein/Harz, Stadt",6f696fc60d1704777b168dcdd443bee1b6263531,2026-09-07T01:19:13.061487+02:00,3319,1582,47.66495932509792,9,9,CSV Ist=Soll>0
first_complete_result,lsa:GEMEINDE:15089030,GEMEINDE,"Bernburg (Saale), Stadt",6f696fc60d1704777b168dcdd443bee1b6263531,2026-09-07T01:19:13.061487+02:00,18573,8598,46.29300597641738,27,27,CSV Ist=Soll>0
first_complete_result,lsa:KREIS:15085,KREIS,Harz,6f696fc60d1704777b168dcdd443bee1b6263531,2026-09-07T01:19:13.061487+02:00,130141,56304,43.2638445993192,227,227,CSV Ist=Soll>0
first_complete_result,lsa:GEMEINDE:15002000,GEMEINDE,"Halle (Saale), Stadt",07a1346adb428e33a9e33d16b1bb1e28996e5eba,2026-09-07T01:30:16.502522+02:00,133423,39835,29.856171724515264,186,186,CSV Ist=Soll>0
first_complete_result,lsa:KREIS:15002,KREIS,"Halle (Saale), Stadt",07a1346adb428e33a9e33d16b1bb1e28996e5eba,2026-09-07T01:30:16.502522+02:00,133423,39835,29.856171724515264,186,186,CSV Ist=Soll>0
first_complete_result,lsa:WAHLKREIS:036,WAHLKREIS,Halle II,07a1346adb428e33a9e33d16b1bb1e28996e5eba,2026-09-07T01:30:16.502522+02:00,36297,9002,24.800947736727554,47,47,CSV Ist=Soll>0
first_complete_result,lsa:GEMEINDE:15083415,GEMEINDE,"Oschersleben (Bode), Stadt",7e7e56d65d3b272ebf27bba4a013845796eea5be,2026-09-07T01:41:10.903244+02:00,11126,5482,49.2719755527593,21,21,CSV Ist=Soll>0
first_complete_result,lsa:GEMEINDE:15089130,GEMEINDE,Giersleben,7e7e56d65d3b272ebf27bba4a013845796eea5be,2026-09-07T01:41:10.903244+02:00,621,322,51.851851851851855,2,2,CSV Ist=Soll>0
first_complete_result,lsa:GEMEINDE:15089185,GEMEINDE,Ilberstedt,7e7e56d65d3b272ebf27bba4a013845796eea5be,2026-09-07T01:41:10.903244+02:00,691,399,57.7424023154848,2,2,CSV Ist=Soll>0
first_complete_result,lsa:GEMEINDE:15089245,GEMEINDE,Plötzkau,7e7e56d65d3b272ebf27bba4a013845796eea5be,2026-09-07T01:41:10.903244+02:00,796,500,62.814070351758794,4,4,CSV Ist=Soll>0
first_complete_result,lsa:GEMEINDE:15089310,GEMEINDE,"Staßfurt, Salzstadt",7e7e56d65d3b272ebf27bba4a013845796eea5be,2026-09-07T01:41:10.903244+02:00,14181,7618,53.7197658839292,19,19,CSV Ist=Soll>0
first_complete_result,lsa:KREIS:15083,KREIS,Börde,7e7e56d65d3b272ebf27bba4a013845796eea5be,2026-09-07T01:41:10.903244+02:00,108005,50138,46.42192491088375,244,244,CSV Ist=Soll>0
first_complete_result,lsa:WAHLKREIS:009,WAHLKREIS,Oschersleben-Wanzleben,7e7e56d65d3b272ebf27bba4a013845796eea5be,2026-09-07T01:41:10.903244+02:00,31719,15524,48.94227434660613,64,64,CSV Ist=Soll>0
first_complete_result,lsa:WAHLKREIS:019,WAHLKREIS,Staßfurt,7e7e56d65d3b272ebf27bba4a013845796eea5be,2026-09-07T01:41:10.903244+02:00,25233,13644,54.07204850790632,40,40,CSV Ist=Soll>0
first_complete_result,lsa:WAHLKREIS:021,WAHLKREIS,Bernburg,7e7e56d65d3b272ebf27bba4a013845796eea5be,2026-09-07T01:41:10.903244+02:00,33536,16841,50.217676526717554,65,65,CSV Ist=Soll>0
first_complete_result,lsa:GEMEINDE:15086080,GEMEINDE,"Jerichow, Stadt",b91a617a4db6dda78f75a03ea2f293889c1763ea,2026-09-07T01:52:10.207428+02:00,4496,2232,49.644128113879006,13,13,CSV Ist=Soll>0
first_complete_result,lsa:GEMEINDE:15086140,GEMEINDE,"Möckern, Stadt",b91a617a4db6dda78f75a03ea2f293889c1763ea,2026-09-07T01:52:10.207428+02:00,8132,3815,46.91342843089031,30,30,CSV Ist=Soll>0
first_complete_result,lsa:KREIS:15086,KREIS,Jerichower Land,b91a617a4db6dda78f75a03ea2f293889c1763ea,2026-09-07T01:52:10.207428+02:00,57024,25370,44.49003928170595,116,116,CSV Ist=Soll>0
first_complete_result,lsa:WAHLKREIS:005,WAHLKREIS,Genthin,b91a617a4db6dda78f75a03ea2f293889c1763ea,2026-09-07T01:52:10.207428+02:00,30446,14310,47.00124811141037,70,70,CSV Ist=Soll>0
first_complete_result,lsa:WAHLKREIS:006,WAHLKREIS,Burg,b91a617a4db6dda78f75a03ea2f293889c1763ea,2026-09-07T01:52:10.207428+02:00,33162,14708,44.351969121283396,66,66,CSV Ist=Soll>0
first_complete_result,lsa:GEMEINDE:15088025,GEMEINDE,"Bad Lauchstädt, Goethestadt",d7cec4116047ffe4e392c29511dcafc9c92d55c8,2026-09-07T02:03:11.796077+02:00,5833,3026,51.87725012857877,9,9,CSV Ist=Soll>0
first_complete_result,lsa:GEMEINDE:15088065,GEMEINDE,"Braunsbedra, Stadt",d7cec4116047ffe4e392c29511dcafc9c92d55c8,2026-09-07T02:03:11.796077+02:00,6371,3372,52.92732695024329,11,11,CSV Ist=Soll>0
first_complete_result,lsa:GEMEINDE:15088195,GEMEINDE,"Landsberg, Stadt",d7cec4116047ffe4e392c29511dcafc9c92d55c8,2026-09-07T02:03:11.796077+02:00,9830,4566,46.44964394710071,20,20,CSV Ist=Soll>0
first_complete_result,lsa:WAHLKREIS:032,WAHLKREIS,Querfurt,d7cec4116047ffe4e392c29511dcafc9c92d55c8,2026-09-07T02:03:11.796077+02:00,34078,17961,52.70555783790129,90,90,CSV Ist=Soll>0
first_complete_result,lsa:WAHLKREIS:033,WAHLKREIS,Merseburg,d7cec4116047ffe4e392c29511dcafc9c92d55c8,2026-09-07T02:03:11.796077+02:00,28071,13764,49.0328096612162,43,43,CSV Ist=Soll>0
first_complete_result,lsa:WAHLKREIS:034,WAHLKREIS,Bad Dürrenberg-Saalekreis,d7cec4116047ffe4e392c29511dcafc9c92d55c8,2026-09-07T02:03:11.796077+02:00,34754,16986,48.874949646083905,63,63,CSV Ist=Soll>0
first_complete_result,lsa:GEMEINDE:15088295,GEMEINDE,Petersberg,739249fb5c4ac52a25b317ffcc106346114a3646,2026-09-07T02:08:48.990549+02:00,6437,3012,46.79198384340531,13,13,CSV Ist=Soll>0
first_complete_result,lsa:KREIS:15088,KREIS,Saalekreis,739249fb5c4ac52a25b317ffcc106346114a3646,2026-09-07T02:08:48.990549+02:00,113869,56155,49.31544142830797,207,207,CSV Ist=Soll>0
first_complete_result,lsa:WAHLKREIS:029,WAHLKREIS,Saalekreis,739249fb5c4ac52a25b317ffcc106346114a3646,2026-09-07T02:08:48.990549+02:00,34631,16994,49.07164101527533,63,63,CSV Ist=Soll>0
first_complete_result,lsa:GEMEINDE:15089015,GEMEINDE,"Aschersleben, Stadt",6ac9b700edc38b17e23c4e85b0f2928530e2a69f,2026-09-07T03:04:09.391314+02:00,15060,7012,46.56042496679947,26,26,CSV Ist=Soll>0
first_complete_result,lsa:KREIS:15089,KREIS,Salzlandkreis,eeae7f0d9e0cbf3b825b19eb14727dc64704ac7b,2026-09-07T04:06:37.855848+02:00,111548,55458,49.71671388101983,,,Finaler WBZ-Abgleich; CSV-Meldezähler fehlt
first_complete_result,lsa:WAHLKREIS:018,WAHLKREIS,Aschersleben,eeae7f0d9e0cbf3b825b19eb14727dc64704ac7b,2026-09-07T04:06:37.855848+02:00,27267,13206,48.43217075585873,,,Finaler WBZ-Abgleich; CSV-Meldezähler fehlt
