relation,parent,name,field,child_count,missing_children,children_sum,parent_value,delta
GEMEINDE->LAND,lsa:LAND:15,Sachsen-Anhalt,reported_precincts,218,0,2661,,
GEMEINDE->LAND,lsa:LAND:15,Sachsen-Anhalt,total_precincts,218,0,2661,,
GEMEINDE->LAND,lsa:LAND:15,Sachsen-Anhalt,voters_total,218,0,1328211,1328211,0
GEMEINDE->LAND,lsa:LAND:15,Sachsen-Anhalt,valid_votes_erst,218,0,1312734,1312734,0
GEMEINDE->LAND,lsa:LAND:15,Sachsen-Anhalt,valid_votes_zweit,218,0,1315315,1315315,0
GEMEINDE->LAND,lsa:LAND:15,Sachsen-Anhalt,party:D1,218,0,314535,314535,0
GEMEINDE->LAND,lsa:LAND:15,Sachsen-Anhalt,party:D10,218,217,2937,2937,0
GEMEINDE->LAND,lsa:LAND:15,Sachsen-Anhalt,party:D11,218,204,777,777,0
GEMEINDE->LAND,lsa:LAND:15,Sachsen-Anhalt,party:D12,218,217,999,999,0
GEMEINDE->LAND,lsa:LAND:15,Sachsen-Anhalt,party:D13,218,215,325,325,0
GEMEINDE->LAND,lsa:LAND:15,Sachsen-Anhalt,party:D15,218,85,41782,41782,0
GEMEINDE->LAND,lsa:LAND:15,Sachsen-Anhalt,party:D19,218,173,2680,2680,0
GEMEINDE->LAND,lsa:LAND:15,Sachsen-Anhalt,party:D2,218,0,581945,581945,0
GEMEINDE->LAND,lsa:LAND:15,Sachsen-Anhalt,party:D20,218,209,768,768,0
GEMEINDE->LAND,lsa:LAND:15,Sachsen-Anhalt,party:D21,218,175,3184,3184,0
GEMEINDE->LAND,lsa:LAND:15,Sachsen-Anhalt,party:D3,218,0,157905,157905,0
GEMEINDE->LAND,lsa:LAND:15,Sachsen-Anhalt,party:D4,218,0,102881,102881,0
GEMEINDE->LAND,lsa:LAND:15,Sachsen-Anhalt,party:D5,218,0,41113,41113,0
GEMEINDE->LAND,lsa:LAND:15,Sachsen-Anhalt,party:D6,218,0,45310,45310,0
GEMEINDE->LAND,lsa:LAND:15,Sachsen-Anhalt,party:D7,218,173,14464,14464,0
GEMEINDE->LAND,lsa:LAND:15,Sachsen-Anhalt,party:D9,218,203,1129,1129,0
GEMEINDE->LAND,lsa:LAND:15,Sachsen-Anhalt,party:F1,218,0,226622,226622,0
GEMEINDE->LAND,lsa:LAND:15,Sachsen-Anhalt,party:F10,218,0,7482,7482,0
GEMEINDE->LAND,lsa:LAND:15,Sachsen-Anhalt,party:F11,218,0,3487,3487,0
GEMEINDE->LAND,lsa:LAND:15,Sachsen-Anhalt,party:F12,218,0,7283,7283,0
GEMEINDE->LAND,lsa:LAND:15,Sachsen-Anhalt,party:F15,218,0,69291,69291,0
GEMEINDE->LAND,lsa:LAND:15,Sachsen-Anhalt,party:F19,218,0,2778,2778,0
GEMEINDE->LAND,lsa:LAND:15,Sachsen-Anhalt,party:F2,218,0,576037,576037,0
GEMEINDE->LAND,lsa:LAND:15,Sachsen-Anhalt,party:F20,218,0,4339,4339,0
GEMEINDE->LAND,lsa:LAND:15,Sachsen-Anhalt,party:F3,218,0,112541,112541,0
GEMEINDE->LAND,lsa:LAND:15,Sachsen-Anhalt,party:F4,218,0,122303,122303,0
GEMEINDE->LAND,lsa:LAND:15,Sachsen-Anhalt,party:F5,218,0,33969,33969,0
GEMEINDE->LAND,lsa:LAND:15,Sachsen-Anhalt,party:F6,218,0,117498,117498,0
GEMEINDE->LAND,lsa:LAND:15,Sachsen-Anhalt,party:F7,218,0,15430,15430,0
GEMEINDE->LAND,lsa:LAND:15,Sachsen-Anhalt,party:F8,218,0,1899,1899,0
GEMEINDE->LAND,lsa:LAND:15,Sachsen-Anhalt,party:F9,218,0,14356,14356,0
KREIS->LAND,lsa:LAND:15,Sachsen-Anhalt,reported_precincts,14,14,0,,
KREIS->LAND,lsa:LAND:15,Sachsen-Anhalt,total_precincts,14,14,0,,
KREIS->LAND,lsa:LAND:15,Sachsen-Anhalt,voters_total,14,0,1328211,1328211,0
KREIS->LAND,lsa:LAND:15,Sachsen-Anhalt,valid_votes_erst,14,0,1312734,1312734,0
KREIS->LAND,lsa:LAND:15,Sachsen-Anhalt,valid_votes_zweit,14,0,1315315,1315315,0
KREIS->LAND,lsa:LAND:15,Sachsen-Anhalt,party:D1,14,0,314535,314535,0
KREIS->LAND,lsa:LAND:15,Sachsen-Anhalt,party:D10,14,13,2937,2937,0
KREIS->LAND,lsa:LAND:15,Sachsen-Anhalt,party:D11,14,12,777,777,0
KREIS->LAND,lsa:LAND:15,Sachsen-Anhalt,party:D12,14,13,999,999,0
KREIS->LAND,lsa:LAND:15,Sachsen-Anhalt,party:D13,14,12,325,325,0
KREIS->LAND,lsa:LAND:15,Sachsen-Anhalt,party:D15,14,2,41782,41782,0
KREIS->LAND,lsa:LAND:15,Sachsen-Anhalt,party:D19,14,9,2680,2680,0
KREIS->LAND,lsa:LAND:15,Sachsen-Anhalt,party:D2,14,0,581945,581945,0
KREIS->LAND,lsa:LAND:15,Sachsen-Anhalt,party:D20,14,12,768,768,0
KREIS->LAND,lsa:LAND:15,Sachsen-Anhalt,party:D21,14,8,3184,3184,0
KREIS->LAND,lsa:LAND:15,Sachsen-Anhalt,party:D3,14,0,157905,157905,0
KREIS->LAND,lsa:LAND:15,Sachsen-Anhalt,party:D4,14,0,102881,102881,0
KREIS->LAND,lsa:LAND:15,Sachsen-Anhalt,party:D5,14,0,41113,41113,0
KREIS->LAND,lsa:LAND:15,Sachsen-Anhalt,party:D6,14,0,45310,45310,0
KREIS->LAND,lsa:LAND:15,Sachsen-Anhalt,party:D7,14,7,14464,14464,0
KREIS->LAND,lsa:LAND:15,Sachsen-Anhalt,party:D9,14,13,1129,1129,0
KREIS->LAND,lsa:LAND:15,Sachsen-Anhalt,party:F1,14,0,226622,226622,0
KREIS->LAND,lsa:LAND:15,Sachsen-Anhalt,party:F10,14,0,7482,7482,0
KREIS->LAND,lsa:LAND:15,Sachsen-Anhalt,party:F11,14,0,3487,3487,0
KREIS->LAND,lsa:LAND:15,Sachsen-Anhalt,party:F12,14,0,7283,7283,0
KREIS->LAND,lsa:LAND:15,Sachsen-Anhalt,party:F15,14,0,69291,69291,0
KREIS->LAND,lsa:LAND:15,Sachsen-Anhalt,party:F19,14,0,2778,2778,0
KREIS->LAND,lsa:LAND:15,Sachsen-Anhalt,party:F2,14,0,576037,576037,0
KREIS->LAND,lsa:LAND:15,Sachsen-Anhalt,party:F20,14,0,4339,4339,0
KREIS->LAND,lsa:LAND:15,Sachsen-Anhalt,party:F3,14,0,112541,112541,0
KREIS->LAND,lsa:LAND:15,Sachsen-Anhalt,party:F4,14,0,122303,122303,0
KREIS->LAND,lsa:LAND:15,Sachsen-Anhalt,party:F5,14,0,33969,33969,0
KREIS->LAND,lsa:LAND:15,Sachsen-Anhalt,party:F6,14,0,117498,117498,0
KREIS->LAND,lsa:LAND:15,Sachsen-Anhalt,party:F7,14,0,15430,15430,0
KREIS->LAND,lsa:LAND:15,Sachsen-Anhalt,party:F8,14,0,1899,1899,0
KREIS->LAND,lsa:LAND:15,Sachsen-Anhalt,party:F9,14,0,14356,14356,0
WAHLKREIS->LAND,lsa:LAND:15,Sachsen-Anhalt,reported_precincts,41,41,0,,
WAHLKREIS->LAND,lsa:LAND:15,Sachsen-Anhalt,total_precincts,41,41,0,,
WAHLKREIS->LAND,lsa:LAND:15,Sachsen-Anhalt,voters_total,41,0,1328211,1328211,0
WAHLKREIS->LAND,lsa:LAND:15,Sachsen-Anhalt,valid_votes_erst,41,0,1312734,1312734,0
WAHLKREIS->LAND,lsa:LAND:15,Sachsen-Anhalt,valid_votes_zweit,41,0,1315315,1315315,0
WAHLKREIS->LAND,lsa:LAND:15,Sachsen-Anhalt,party:D1,41,0,314535,314535,0
WAHLKREIS->LAND,lsa:LAND:15,Sachsen-Anhalt,party:D10,41,37,2937,2937,0
WAHLKREIS->LAND,lsa:LAND:15,Sachsen-Anhalt,party:D11,41,39,777,777,0
WAHLKREIS->LAND,lsa:LAND:15,Sachsen-Anhalt,party:D12,41,39,999,999,0
WAHLKREIS->LAND,lsa:LAND:15,Sachsen-Anhalt,party:D13,41,40,325,325,0
WAHLKREIS->LAND,lsa:LAND:15,Sachsen-Anhalt,party:D15,41,14,41782,41782,0
WAHLKREIS->LAND,lsa:LAND:15,Sachsen-Anhalt,party:D19,41,36,2680,2680,0
WAHLKREIS->LAND,lsa:LAND:15,Sachsen-Anhalt,party:D2,41,0,581945,581945,0
WAHLKREIS->LAND,lsa:LAND:15,Sachsen-Anhalt,party:D20,41,39,768,768,0
WAHLKREIS->LAND,lsa:LAND:15,Sachsen-Anhalt,party:D21,41,35,3184,3184,0
WAHLKREIS->LAND,lsa:LAND:15,Sachsen-Anhalt,party:D3,41,0,157905,157905,0
WAHLKREIS->LAND,lsa:LAND:15,Sachsen-Anhalt,party:D4,41,0,102881,102881,0
WAHLKREIS->LAND,lsa:LAND:15,Sachsen-Anhalt,party:D5,41,0,41113,41113,0
WAHLKREIS->LAND,lsa:LAND:15,Sachsen-Anhalt,party:D6,41,0,45310,45310,0
WAHLKREIS->LAND,lsa:LAND:15,Sachsen-Anhalt,party:D7,41,30,14464,14464,0
WAHLKREIS->LAND,lsa:LAND:15,Sachsen-Anhalt,party:D9,41,40,1129,1129,0
WAHLKREIS->LAND,lsa:LAND:15,Sachsen-Anhalt,party:F1,41,0,226622,226622,0
WAHLKREIS->LAND,lsa:LAND:15,Sachsen-Anhalt,party:F10,41,0,7482,7482,0
WAHLKREIS->LAND,lsa:LAND:15,Sachsen-Anhalt,party:F11,41,0,3487,3487,0
WAHLKREIS->LAND,lsa:LAND:15,Sachsen-Anhalt,party:F12,41,0,7283,7283,0
WAHLKREIS->LAND,lsa:LAND:15,Sachsen-Anhalt,party:F15,41,0,69291,69291,0
WAHLKREIS->LAND,lsa:LAND:15,Sachsen-Anhalt,party:F19,41,0,2778,2778,0
WAHLKREIS->LAND,lsa:LAND:15,Sachsen-Anhalt,party:F2,41,0,576037,576037,0
WAHLKREIS->LAND,lsa:LAND:15,Sachsen-Anhalt,party:F20,41,0,4339,4339,0
WAHLKREIS->LAND,lsa:LAND:15,Sachsen-Anhalt,party:F3,41,0,112541,112541,0
WAHLKREIS->LAND,lsa:LAND:15,Sachsen-Anhalt,party:F4,41,0,122303,122303,0
WAHLKREIS->LAND,lsa:LAND:15,Sachsen-Anhalt,party:F5,41,0,33969,33969,0
WAHLKREIS->LAND,lsa:LAND:15,Sachsen-Anhalt,party:F6,41,0,117498,117498,0
WAHLKREIS->LAND,lsa:LAND:15,Sachsen-Anhalt,party:F7,41,0,15430,15430,0
WAHLKREIS->LAND,lsa:LAND:15,Sachsen-Anhalt,party:F8,41,0,1899,1899,0
WAHLKREIS->LAND,lsa:LAND:15,Sachsen-Anhalt,party:F9,41,0,14356,14356,0
GEMEINDE->KREIS,lsa:KREIS:15001,"Dessau-Roßlau, Stadt",reported_precincts,1,0,79,,
GEMEINDE->KREIS,lsa:KREIS:15001,"Dessau-Roßlau, Stadt",total_precincts,1,0,79,,
GEMEINDE->KREIS,lsa:KREIS:15001,"Dessau-Roßlau, Stadt",voters_total,1,0,47083,47083,0
GEMEINDE->KREIS,lsa:KREIS:15001,"Dessau-Roßlau, Stadt",valid_votes_erst,1,0,46414,46414,0
GEMEINDE->KREIS,lsa:KREIS:15001,"Dessau-Roßlau, Stadt",valid_votes_zweit,1,0,46610,46610,0
GEMEINDE->KREIS,lsa:KREIS:15001,"Dessau-Roßlau, Stadt",party:D1,1,0,13407,13407,0
GEMEINDE->KREIS,lsa:KREIS:15001,"Dessau-Roßlau, Stadt",party:D13,1,0,215,215,0
GEMEINDE->KREIS,lsa:KREIS:15001,"Dessau-Roßlau, Stadt",party:D2,1,0,19125,19125,0
GEMEINDE->KREIS,lsa:KREIS:15001,"Dessau-Roßlau, Stadt",party:D3,1,0,5162,5162,0
GEMEINDE->KREIS,lsa:KREIS:15001,"Dessau-Roßlau, Stadt",party:D4,1,0,3862,3862,0
GEMEINDE->KREIS,lsa:KREIS:15001,"Dessau-Roßlau, Stadt",party:D5,1,0,2173,2173,0
GEMEINDE->KREIS,lsa:KREIS:15001,"Dessau-Roßlau, Stadt",party:D6,1,0,1950,1950,0
GEMEINDE->KREIS,lsa:KREIS:15001,"Dessau-Roßlau, Stadt",party:D7,1,0,520,520,0
GEMEINDE->KREIS,lsa:KREIS:15001,"Dessau-Roßlau, Stadt",party:F1,1,0,8551,8551,0
GEMEINDE->KREIS,lsa:KREIS:15001,"Dessau-Roßlau, Stadt",party:F10,1,0,230,230,0
GEMEINDE->KREIS,lsa:KREIS:15001,"Dessau-Roßlau, Stadt",party:F11,1,0,120,120,0
GEMEINDE->KREIS,lsa:KREIS:15001,"Dessau-Roßlau, Stadt",party:F12,1,0,259,259,0
GEMEINDE->KREIS,lsa:KREIS:15001,"Dessau-Roßlau, Stadt",party:F15,1,0,2963,2963,0
GEMEINDE->KREIS,lsa:KREIS:15001,"Dessau-Roßlau, Stadt",party:F19,1,0,63,63,0
GEMEINDE->KREIS,lsa:KREIS:15001,"Dessau-Roßlau, Stadt",party:F2,1,0,18134,18134,0
GEMEINDE->KREIS,lsa:KREIS:15001,"Dessau-Roßlau, Stadt",party:F20,1,0,167,167,0
GEMEINDE->KREIS,lsa:KREIS:15001,"Dessau-Roßlau, Stadt",party:F3,1,0,3953,3953,0
GEMEINDE->KREIS,lsa:KREIS:15001,"Dessau-Roßlau, Stadt",party:F4,1,0,4709,4709,0
GEMEINDE->KREIS,lsa:KREIS:15001,"Dessau-Roßlau, Stadt",party:F5,1,0,1452,1452,0
GEMEINDE->KREIS,lsa:KREIS:15001,"Dessau-Roßlau, Stadt",party:F6,1,0,4937,4937,0
GEMEINDE->KREIS,lsa:KREIS:15001,"Dessau-Roßlau, Stadt",party:F7,1,0,455,455,0
GEMEINDE->KREIS,lsa:KREIS:15001,"Dessau-Roßlau, Stadt",party:F8,1,0,52,52,0
GEMEINDE->KREIS,lsa:KREIS:15001,"Dessau-Roßlau, Stadt",party:F9,1,0,565,565,0
GEMEINDE->KREIS,lsa:KREIS:15002,"Halle (Saale), Stadt",reported_precincts,1,0,186,,
GEMEINDE->KREIS,lsa:KREIS:15002,"Halle (Saale), Stadt",total_precincts,1,0,186,,
GEMEINDE->KREIS,lsa:KREIS:15002,"Halle (Saale), Stadt",voters_total,1,0,134559,134559,0
GEMEINDE->KREIS,lsa:KREIS:15002,"Halle (Saale), Stadt",valid_votes_erst,1,0,133221,133221,0
GEMEINDE->KREIS,lsa:KREIS:15002,"Halle (Saale), Stadt",valid_votes_zweit,1,0,133423,133423,0
GEMEINDE->KREIS,lsa:KREIS:15002,"Halle (Saale), Stadt",party:D1,1,0,25858,25858,0
GEMEINDE->KREIS,lsa:KREIS:15002,"Halle (Saale), Stadt",party:D15,1,0,5868,5868,0
GEMEINDE->KREIS,lsa:KREIS:15002,"Halle (Saale), Stadt",party:D2,1,0,40135,40135,0
GEMEINDE->KREIS,lsa:KREIS:15002,"Halle (Saale), Stadt",party:D21,1,0,326,326,0
GEMEINDE->KREIS,lsa:KREIS:15002,"Halle (Saale), Stadt",party:D3,1,0,33365,33365,0
GEMEINDE->KREIS,lsa:KREIS:15002,"Halle (Saale), Stadt",party:D4,1,0,13235,13235,0
GEMEINDE->KREIS,lsa:KREIS:15002,"Halle (Saale), Stadt",party:D5,1,0,4394,4394,0
GEMEINDE->KREIS,lsa:KREIS:15002,"Halle (Saale), Stadt",party:D6,1,0,9384,9384,0
GEMEINDE->KREIS,lsa:KREIS:15002,"Halle (Saale), Stadt",party:D7,1,0,656,656,0
GEMEINDE->KREIS,lsa:KREIS:15002,"Halle (Saale), Stadt",party:F1,1,0,18609,18609,0
GEMEINDE->KREIS,lsa:KREIS:15002,"Halle (Saale), Stadt",party:F10,1,0,557,557,0
GEMEINDE->KREIS,lsa:KREIS:15002,"Halle (Saale), Stadt",party:F11,1,0,430,430,0
GEMEINDE->KREIS,lsa:KREIS:15002,"Halle (Saale), Stadt",party:F12,1,0,621,621,0
GEMEINDE->KREIS,lsa:KREIS:15002,"Halle (Saale), Stadt",party:F15,1,0,6580,6580,0
GEMEINDE->KREIS,lsa:KREIS:15002,"Halle (Saale), Stadt",party:F19,1,0,233,233,0
GEMEINDE->KREIS,lsa:KREIS:15002,"Halle (Saale), Stadt",party:F2,1,0,39835,39835,0
GEMEINDE->KREIS,lsa:KREIS:15002,"Halle (Saale), Stadt",party:F20,1,0,502,502,0
GEMEINDE->KREIS,lsa:KREIS:15002,"Halle (Saale), Stadt",party:F3,1,0,15263,15263,0
GEMEINDE->KREIS,lsa:KREIS:15002,"Halle (Saale), Stadt",party:F4,1,0,16841,16841,0
GEMEINDE->KREIS,lsa:KREIS:15002,"Halle (Saale), Stadt",party:F5,1,0,3831,3831,0
GEMEINDE->KREIS,lsa:KREIS:15002,"Halle (Saale), Stadt",party:F6,1,0,27558,27558,0
GEMEINDE->KREIS,lsa:KREIS:15002,"Halle (Saale), Stadt",party:F7,1,0,1041,1041,0
GEMEINDE->KREIS,lsa:KREIS:15002,"Halle (Saale), Stadt",party:F8,1,0,204,204,0
GEMEINDE->KREIS,lsa:KREIS:15002,"Halle (Saale), Stadt",party:F9,1,0,1318,1318,0
GEMEINDE->KREIS,lsa:KREIS:15003,"Magdeburg, Landeshauptstadt",reported_precincts,1,0,218,,
GEMEINDE->KREIS,lsa:KREIS:15003,"Magdeburg, Landeshauptstadt",total_precincts,1,0,218,,
GEMEINDE->KREIS,lsa:KREIS:15003,"Magdeburg, Landeshauptstadt",voters_total,1,0,139563,139563,0
GEMEINDE->KREIS,lsa:KREIS:15003,"Magdeburg, Landeshauptstadt",valid_votes_erst,1,0,138457,138457,0
GEMEINDE->KREIS,lsa:KREIS:15003,"Magdeburg, Landeshauptstadt",valid_votes_zweit,1,0,138521,138521,0
GEMEINDE->KREIS,lsa:KREIS:15003,"Magdeburg, Landeshauptstadt",party:D1,1,0,35596,35596,0
GEMEINDE->KREIS,lsa:KREIS:15003,"Magdeburg, Landeshauptstadt",party:D10,1,0,2937,2937,0
GEMEINDE->KREIS,lsa:KREIS:15003,"Magdeburg, Landeshauptstadt",party:D12,1,0,999,999,0
GEMEINDE->KREIS,lsa:KREIS:15003,"Magdeburg, Landeshauptstadt",party:D15,1,0,6233,6233,0
GEMEINDE->KREIS,lsa:KREIS:15003,"Magdeburg, Landeshauptstadt",party:D2,1,0,45479,45479,0
GEMEINDE->KREIS,lsa:KREIS:15003,"Magdeburg, Landeshauptstadt",party:D20,1,0,508,508,0
GEMEINDE->KREIS,lsa:KREIS:15003,"Magdeburg, Landeshauptstadt",party:D3,1,0,24762,24762,0
GEMEINDE->KREIS,lsa:KREIS:15003,"Magdeburg, Landeshauptstadt",party:D4,1,0,11546,11546,0
GEMEINDE->KREIS,lsa:KREIS:15003,"Magdeburg, Landeshauptstadt",party:D5,1,0,3914,3914,0
GEMEINDE->KREIS,lsa:KREIS:15003,"Magdeburg, Landeshauptstadt",party:D6,1,0,6483,6483,0
GEMEINDE->KREIS,lsa:KREIS:15003,"Magdeburg, Landeshauptstadt",party:F1,1,0,21221,21221,0
GEMEINDE->KREIS,lsa:KREIS:15003,"Magdeburg, Landeshauptstadt",party:F10,1,0,1921,1921,0
GEMEINDE->KREIS,lsa:KREIS:15003,"Magdeburg, Landeshauptstadt",party:F11,1,0,419,419,0
GEMEINDE->KREIS,lsa:KREIS:15003,"Magdeburg, Landeshauptstadt",party:F12,1,0,1129,1129,0
GEMEINDE->KREIS,lsa:KREIS:15003,"Magdeburg, Landeshauptstadt",party:F15,1,0,7104,7104,0
GEMEINDE->KREIS,lsa:KREIS:15003,"Magdeburg, Landeshauptstadt",party:F19,1,0,233,233,0
GEMEINDE->KREIS,lsa:KREIS:15003,"Magdeburg, Landeshauptstadt",party:F2,1,0,45161,45161,0
GEMEINDE->KREIS,lsa:KREIS:15003,"Magdeburg, Landeshauptstadt",party:F20,1,0,697,697,0
GEMEINDE->KREIS,lsa:KREIS:15003,"Magdeburg, Landeshauptstadt",party:F3,1,0,15313,15313,0
GEMEINDE->KREIS,lsa:KREIS:15003,"Magdeburg, Landeshauptstadt",party:F4,1,0,16728,16728,0
GEMEINDE->KREIS,lsa:KREIS:15003,"Magdeburg, Landeshauptstadt",party:F5,1,0,4016,4016,0
GEMEINDE->KREIS,lsa:KREIS:15003,"Magdeburg, Landeshauptstadt",party:F6,1,0,22368,22368,0
GEMEINDE->KREIS,lsa:KREIS:15003,"Magdeburg, Landeshauptstadt",party:F7,1,0,770,770,0
GEMEINDE->KREIS,lsa:KREIS:15003,"Magdeburg, Landeshauptstadt",party:F8,1,0,191,191,0
GEMEINDE->KREIS,lsa:KREIS:15003,"Magdeburg, Landeshauptstadt",party:F9,1,0,1250,1250,0
GEMEINDE->KREIS,lsa:KREIS:15081,Altmarkkreis Salzwedel,reported_precincts,13,0,152,,
GEMEINDE->KREIS,lsa:KREIS:15081,Altmarkkreis Salzwedel,total_precincts,13,0,152,,
GEMEINDE->KREIS,lsa:KREIS:15081,Altmarkkreis Salzwedel,voters_total,13,0,51020,51020,0
GEMEINDE->KREIS,lsa:KREIS:15081,Altmarkkreis Salzwedel,valid_votes_erst,13,0,50469,50469,0
GEMEINDE->KREIS,lsa:KREIS:15081,Altmarkkreis Salzwedel,valid_votes_zweit,13,0,50504,50504,0
GEMEINDE->KREIS,lsa:KREIS:15081,Altmarkkreis Salzwedel,party:D1,13,0,13083,13083,0
GEMEINDE->KREIS,lsa:KREIS:15081,Altmarkkreis Salzwedel,party:D11,13,0,657,657,0
GEMEINDE->KREIS,lsa:KREIS:15081,Altmarkkreis Salzwedel,party:D15,13,0,2697,2697,0
GEMEINDE->KREIS,lsa:KREIS:15081,Altmarkkreis Salzwedel,party:D2,13,0,20924,20924,0
GEMEINDE->KREIS,lsa:KREIS:15081,Altmarkkreis Salzwedel,party:D3,13,0,6438,6438,0
GEMEINDE->KREIS,lsa:KREIS:15081,Altmarkkreis Salzwedel,party:D4,13,0,3899,3899,0
GEMEINDE->KREIS,lsa:KREIS:15081,Altmarkkreis Salzwedel,party:D5,13,0,1502,1502,0
GEMEINDE->KREIS,lsa:KREIS:15081,Altmarkkreis Salzwedel,party:D6,13,0,1269,1269,0
GEMEINDE->KREIS,lsa:KREIS:15081,Altmarkkreis Salzwedel,party:F1,13,0,8858,8858,0
GEMEINDE->KREIS,lsa:KREIS:15081,Altmarkkreis Salzwedel,party:F10,13,0,236,236,0
GEMEINDE->KREIS,lsa:KREIS:15081,Altmarkkreis Salzwedel,party:F11,13,0,216,216,0
GEMEINDE->KREIS,lsa:KREIS:15081,Altmarkkreis Salzwedel,party:F12,13,0,234,234,0
GEMEINDE->KREIS,lsa:KREIS:15081,Altmarkkreis Salzwedel,party:F15,13,0,2779,2779,0
GEMEINDE->KREIS,lsa:KREIS:15081,Altmarkkreis Salzwedel,party:F19,13,0,93,93,0
GEMEINDE->KREIS,lsa:KREIS:15081,Altmarkkreis Salzwedel,party:F2,13,0,21207,21207,0
GEMEINDE->KREIS,lsa:KREIS:15081,Altmarkkreis Salzwedel,party:F20,13,0,146,146,0
GEMEINDE->KREIS,lsa:KREIS:15081,Altmarkkreis Salzwedel,party:F3,13,0,5048,5048,0
GEMEINDE->KREIS,lsa:KREIS:15081,Altmarkkreis Salzwedel,party:F4,13,0,5329,5329,0
GEMEINDE->KREIS,lsa:KREIS:15081,Altmarkkreis Salzwedel,party:F5,13,0,1430,1430,0
GEMEINDE->KREIS,lsa:KREIS:15081,Altmarkkreis Salzwedel,party:F6,13,0,3850,3850,0
GEMEINDE->KREIS,lsa:KREIS:15081,Altmarkkreis Salzwedel,party:F7,13,0,488,488,0
GEMEINDE->KREIS,lsa:KREIS:15081,Altmarkkreis Salzwedel,party:F8,13,0,141,141,0
GEMEINDE->KREIS,lsa:KREIS:15081,Altmarkkreis Salzwedel,party:F9,13,0,449,449,0
GEMEINDE->KREIS,lsa:KREIS:15082,Anhalt-Bitterfeld,reported_precincts,10,0,205,,
GEMEINDE->KREIS,lsa:KREIS:15082,Anhalt-Bitterfeld,total_precincts,10,0,205,,
GEMEINDE->KREIS,lsa:KREIS:15082,Anhalt-Bitterfeld,voters_total,10,0,97501,97501,0
GEMEINDE->KREIS,lsa:KREIS:15082,Anhalt-Bitterfeld,valid_votes_erst,10,0,96168,96168,0
GEMEINDE->KREIS,lsa:KREIS:15082,Anhalt-Bitterfeld,valid_votes_zweit,10,0,96441,96441,0
GEMEINDE->KREIS,lsa:KREIS:15082,Anhalt-Bitterfeld,party:D1,10,0,22720,22720,0
GEMEINDE->KREIS,lsa:KREIS:15082,Anhalt-Bitterfeld,party:D15,10,6,1561,1561,0
GEMEINDE->KREIS,lsa:KREIS:15082,Anhalt-Bitterfeld,party:D2,10,0,48555,48555,0
GEMEINDE->KREIS,lsa:KREIS:15082,Anhalt-Bitterfeld,party:D3,10,0,9137,9137,0
GEMEINDE->KREIS,lsa:KREIS:15082,Anhalt-Bitterfeld,party:D4,10,0,6321,6321,0
GEMEINDE->KREIS,lsa:KREIS:15082,Anhalt-Bitterfeld,party:D5,10,0,3160,3160,0
GEMEINDE->KREIS,lsa:KREIS:15082,Anhalt-Bitterfeld,party:D6,10,0,2782,2782,0
GEMEINDE->KREIS,lsa:KREIS:15082,Anhalt-Bitterfeld,party:D7,10,7,1932,1932,0
GEMEINDE->KREIS,lsa:KREIS:15082,Anhalt-Bitterfeld,party:F1,10,0,17090,17090,0
GEMEINDE->KREIS,lsa:KREIS:15082,Anhalt-Bitterfeld,party:F10,10,0,456,456,0
GEMEINDE->KREIS,lsa:KREIS:15082,Anhalt-Bitterfeld,party:F11,10,0,231,231,0
GEMEINDE->KREIS,lsa:KREIS:15082,Anhalt-Bitterfeld,party:F12,10,0,547,547,0
GEMEINDE->KREIS,lsa:KREIS:15082,Anhalt-Bitterfeld,party:F15,10,0,4929,4929,0
GEMEINDE->KREIS,lsa:KREIS:15082,Anhalt-Bitterfeld,party:F19,10,0,154,154,0
GEMEINDE->KREIS,lsa:KREIS:15082,Anhalt-Bitterfeld,party:F2,10,0,47424,47424,0
GEMEINDE->KREIS,lsa:KREIS:15082,Anhalt-Bitterfeld,party:F20,10,0,297,297,0
GEMEINDE->KREIS,lsa:KREIS:15082,Anhalt-Bitterfeld,party:F3,10,0,7546,7546,0
GEMEINDE->KREIS,lsa:KREIS:15082,Anhalt-Bitterfeld,party:F4,10,0,7025,7025,0
GEMEINDE->KREIS,lsa:KREIS:15082,Anhalt-Bitterfeld,party:F5,10,0,2571,2571,0
GEMEINDE->KREIS,lsa:KREIS:15082,Anhalt-Bitterfeld,party:F6,10,0,5432,5432,0
GEMEINDE->KREIS,lsa:KREIS:15082,Anhalt-Bitterfeld,party:F7,10,0,1489,1489,0
GEMEINDE->KREIS,lsa:KREIS:15082,Anhalt-Bitterfeld,party:F8,10,0,96,96,0
GEMEINDE->KREIS,lsa:KREIS:15082,Anhalt-Bitterfeld,party:F9,10,0,1154,1154,0
GEMEINDE->KREIS,lsa:KREIS:15083,Börde,reported_precincts,34,0,244,,
GEMEINDE->KREIS,lsa:KREIS:15083,Börde,total_precincts,34,0,244,,
GEMEINDE->KREIS,lsa:KREIS:15083,Börde,voters_total,34,0,109060,109060,0
GEMEINDE->KREIS,lsa:KREIS:15083,Börde,valid_votes_erst,34,0,107846,107846,0
GEMEINDE->KREIS,lsa:KREIS:15083,Börde,valid_votes_zweit,34,0,108005,108005,0
GEMEINDE->KREIS,lsa:KREIS:15083,Börde,party:D1,34,0,28327,28327,0
GEMEINDE->KREIS,lsa:KREIS:15083,Börde,party:D11,34,33,120,120,0
GEMEINDE->KREIS,lsa:KREIS:15083,Börde,party:D15,34,0,5904,5904,0
GEMEINDE->KREIS,lsa:KREIS:15083,Börde,party:D2,34,0,49807,49807,0
GEMEINDE->KREIS,lsa:KREIS:15083,Börde,party:D21,34,24,609,609,0
GEMEINDE->KREIS,lsa:KREIS:15083,Börde,party:D3,34,0,9181,9181,0
GEMEINDE->KREIS,lsa:KREIS:15083,Börde,party:D4,34,0,7909,7909,0
GEMEINDE->KREIS,lsa:KREIS:15083,Börde,party:D5,34,0,3089,3089,0
GEMEINDE->KREIS,lsa:KREIS:15083,Börde,party:D6,34,0,2900,2900,0
GEMEINDE->KREIS,lsa:KREIS:15083,Börde,party:F1,34,0,19337,19337,0
GEMEINDE->KREIS,lsa:KREIS:15083,Börde,party:F10,34,0,719,719,0
GEMEINDE->KREIS,lsa:KREIS:15083,Börde,party:F11,34,0,309,309,0
GEMEINDE->KREIS,lsa:KREIS:15083,Börde,party:F12,34,0,585,585,0
GEMEINDE->KREIS,lsa:KREIS:15083,Börde,party:F15,34,0,5960,5960,0
GEMEINDE->KREIS,lsa:KREIS:15083,Börde,party:F19,34,0,177,177,0
GEMEINDE->KREIS,lsa:KREIS:15083,Börde,party:F2,34,0,50138,50138,0
GEMEINDE->KREIS,lsa:KREIS:15083,Börde,party:F20,34,0,305,305,0
GEMEINDE->KREIS,lsa:KREIS:15083,Börde,party:F3,34,0,8257,8257,0
GEMEINDE->KREIS,lsa:KREIS:15083,Börde,party:F4,34,0,9836,9836,0
GEMEINDE->KREIS,lsa:KREIS:15083,Börde,party:F5,34,0,2704,2704,0
GEMEINDE->KREIS,lsa:KREIS:15083,Börde,party:F6,34,0,7103,7103,0
GEMEINDE->KREIS,lsa:KREIS:15083,Börde,party:F7,34,0,1263,1263,0
GEMEINDE->KREIS,lsa:KREIS:15083,Börde,party:F8,34,0,109,109,0
GEMEINDE->KREIS,lsa:KREIS:15083,Börde,party:F9,34,0,1203,1203,0
GEMEINDE->KREIS,lsa:KREIS:15084,Burgenlandkreis,reported_precincts,33,0,253,,
GEMEINDE->KREIS,lsa:KREIS:15084,Burgenlandkreis,total_precincts,33,0,253,,
GEMEINDE->KREIS,lsa:KREIS:15084,Burgenlandkreis,voters_total,33,0,105459,105459,0
GEMEINDE->KREIS,lsa:KREIS:15084,Burgenlandkreis,valid_votes_erst,33,0,104153,104153,0
GEMEINDE->KREIS,lsa:KREIS:15084,Burgenlandkreis,valid_votes_zweit,33,0,104442,104442,0
GEMEINDE->KREIS,lsa:KREIS:15084,Burgenlandkreis,party:D1,33,0,24612,24612,0
GEMEINDE->KREIS,lsa:KREIS:15084,Burgenlandkreis,party:D15,33,25,1173,1173,0
GEMEINDE->KREIS,lsa:KREIS:15084,Burgenlandkreis,party:D19,33,26,103,103,0
GEMEINDE->KREIS,lsa:KREIS:15084,Burgenlandkreis,party:D2,33,0,53701,53701,0
GEMEINDE->KREIS,lsa:KREIS:15084,Burgenlandkreis,party:D20,33,25,260,260,0
GEMEINDE->KREIS,lsa:KREIS:15084,Burgenlandkreis,party:D21,33,18,284,284,0
GEMEINDE->KREIS,lsa:KREIS:15084,Burgenlandkreis,party:D3,33,0,9440,9440,0
GEMEINDE->KREIS,lsa:KREIS:15084,Burgenlandkreis,party:D4,33,0,6495,6495,0
GEMEINDE->KREIS,lsa:KREIS:15084,Burgenlandkreis,party:D5,33,0,3165,3165,0
GEMEINDE->KREIS,lsa:KREIS:15084,Burgenlandkreis,party:D6,33,0,2480,2480,0
GEMEINDE->KREIS,lsa:KREIS:15084,Burgenlandkreis,party:D7,33,25,1311,1311,0
GEMEINDE->KREIS,lsa:KREIS:15084,Burgenlandkreis,party:D9,33,18,1129,1129,0
GEMEINDE->KREIS,lsa:KREIS:15084,Burgenlandkreis,party:F1,33,0,18082,18082,0
GEMEINDE->KREIS,lsa:KREIS:15084,Burgenlandkreis,party:F10,33,0,474,474,0
GEMEINDE->KREIS,lsa:KREIS:15084,Burgenlandkreis,party:F11,33,0,232,232,0
GEMEINDE->KREIS,lsa:KREIS:15084,Burgenlandkreis,party:F12,33,0,490,490,0
GEMEINDE->KREIS,lsa:KREIS:15084,Burgenlandkreis,party:F15,33,0,4875,4875,0
GEMEINDE->KREIS,lsa:KREIS:15084,Burgenlandkreis,party:F19,33,0,221,221,0
GEMEINDE->KREIS,lsa:KREIS:15084,Burgenlandkreis,party:F2,33,0,53327,53327,0
GEMEINDE->KREIS,lsa:KREIS:15084,Burgenlandkreis,party:F20,33,0,360,360,0
GEMEINDE->KREIS,lsa:KREIS:15084,Burgenlandkreis,party:F3,33,0,8090,8090,0
GEMEINDE->KREIS,lsa:KREIS:15084,Burgenlandkreis,party:F4,33,0,7263,7263,0
GEMEINDE->KREIS,lsa:KREIS:15084,Burgenlandkreis,party:F5,33,0,2499,2499,0
GEMEINDE->KREIS,lsa:KREIS:15084,Burgenlandkreis,party:F6,33,0,5534,5534,0
GEMEINDE->KREIS,lsa:KREIS:15084,Burgenlandkreis,party:F7,33,0,1391,1391,0
GEMEINDE->KREIS,lsa:KREIS:15084,Burgenlandkreis,party:F8,33,0,192,192,0
GEMEINDE->KREIS,lsa:KREIS:15084,Burgenlandkreis,party:F9,33,0,1412,1412,0
GEMEINDE->KREIS,lsa:KREIS:15085,Harz,reported_precincts,20,0,227,,
GEMEINDE->KREIS,lsa:KREIS:15085,Harz,total_precincts,20,0,227,,
GEMEINDE->KREIS,lsa:KREIS:15085,Harz,voters_total,20,0,131601,131601,0
GEMEINDE->KREIS,lsa:KREIS:15085,Harz,valid_votes_erst,20,0,129994,129994,0
GEMEINDE->KREIS,lsa:KREIS:15085,Harz,valid_votes_zweit,20,0,130141,130141,0
GEMEINDE->KREIS,lsa:KREIS:15085,Harz,party:D1,20,0,28410,28410,0
GEMEINDE->KREIS,lsa:KREIS:15085,Harz,party:D15,20,0,6325,6325,0
GEMEINDE->KREIS,lsa:KREIS:15085,Harz,party:D19,20,19,32,32,0
GEMEINDE->KREIS,lsa:KREIS:15085,Harz,party:D2,20,0,55512,55512,0
GEMEINDE->KREIS,lsa:KREIS:15085,Harz,party:D21,20,12,393,393,0
GEMEINDE->KREIS,lsa:KREIS:15085,Harz,party:D3,20,0,12208,12208,0
GEMEINDE->KREIS,lsa:KREIS:15085,Harz,party:D4,20,0,15587,15587,0
GEMEINDE->KREIS,lsa:KREIS:15085,Harz,party:D5,20,0,2562,2562,0
GEMEINDE->KREIS,lsa:KREIS:15085,Harz,party:D6,20,0,4945,4945,0
GEMEINDE->KREIS,lsa:KREIS:15085,Harz,party:D7,20,1,4020,4020,0
GEMEINDE->KREIS,lsa:KREIS:15085,Harz,party:F1,20,0,23060,23060,0
GEMEINDE->KREIS,lsa:KREIS:15085,Harz,party:F10,20,0,556,556,0
GEMEINDE->KREIS,lsa:KREIS:15085,Harz,party:F11,20,0,391,391,0
GEMEINDE->KREIS,lsa:KREIS:15085,Harz,party:F12,20,0,762,762,0
GEMEINDE->KREIS,lsa:KREIS:15085,Harz,party:F15,20,0,7298,7298,0
GEMEINDE->KREIS,lsa:KREIS:15085,Harz,party:F19,20,0,198,198,0
GEMEINDE->KREIS,lsa:KREIS:15085,Harz,party:F2,20,0,56304,56304,0
GEMEINDE->KREIS,lsa:KREIS:15085,Harz,party:F20,20,0,324,324,0
GEMEINDE->KREIS,lsa:KREIS:15085,Harz,party:F3,20,0,10228,10228,0
GEMEINDE->KREIS,lsa:KREIS:15085,Harz,party:F4,20,0,14375,14375,0
GEMEINDE->KREIS,lsa:KREIS:15085,Harz,party:F5,20,0,2692,2692,0
GEMEINDE->KREIS,lsa:KREIS:15085,Harz,party:F6,20,0,10108,10108,0
GEMEINDE->KREIS,lsa:KREIS:15085,Harz,party:F7,20,0,2184,2184,0
GEMEINDE->KREIS,lsa:KREIS:15085,Harz,party:F8,20,0,231,231,0
GEMEINDE->KREIS,lsa:KREIS:15085,Harz,party:F9,20,0,1430,1430,0
GEMEINDE->KREIS,lsa:KREIS:15086,Jerichower Land,reported_precincts,8,0,116,,
GEMEINDE->KREIS,lsa:KREIS:15086,Jerichower Land,total_precincts,8,0,116,,
GEMEINDE->KREIS,lsa:KREIS:15086,Jerichower Land,voters_total,8,0,57682,57682,0
GEMEINDE->KREIS,lsa:KREIS:15086,Jerichower Land,valid_votes_erst,8,0,56882,56882,0
GEMEINDE->KREIS,lsa:KREIS:15086,Jerichower Land,valid_votes_zweit,8,0,57024,57024,0
GEMEINDE->KREIS,lsa:KREIS:15086,Jerichower Land,party:D1,8,0,13157,13157,0
GEMEINDE->KREIS,lsa:KREIS:15086,Jerichower Land,party:D15,8,1,1960,1960,0
GEMEINDE->KREIS,lsa:KREIS:15086,Jerichower Land,party:D2,8,0,25011,25011,0
GEMEINDE->KREIS,lsa:KREIS:15086,Jerichower Land,party:D21,8,1,1415,1415,0
GEMEINDE->KREIS,lsa:KREIS:15086,Jerichower Land,party:D3,8,0,5324,5324,0
GEMEINDE->KREIS,lsa:KREIS:15086,Jerichower Land,party:D4,8,0,4580,4580,0
GEMEINDE->KREIS,lsa:KREIS:15086,Jerichower Land,party:D5,8,0,1594,1594,0
GEMEINDE->KREIS,lsa:KREIS:15086,Jerichower Land,party:D6,8,0,1889,1889,0
GEMEINDE->KREIS,lsa:KREIS:15086,Jerichower Land,party:D7,8,4,1952,1952,0
GEMEINDE->KREIS,lsa:KREIS:15086,Jerichower Land,party:F1,8,0,10225,10225,0
GEMEINDE->KREIS,lsa:KREIS:15086,Jerichower Land,party:F10,8,0,303,303,0
GEMEINDE->KREIS,lsa:KREIS:15086,Jerichower Land,party:F11,8,0,140,140,0
GEMEINDE->KREIS,lsa:KREIS:15086,Jerichower Land,party:F12,8,0,288,288,0
GEMEINDE->KREIS,lsa:KREIS:15086,Jerichower Land,party:F15,8,0,3108,3108,0
GEMEINDE->KREIS,lsa:KREIS:15086,Jerichower Land,party:F19,8,0,117,117,0
GEMEINDE->KREIS,lsa:KREIS:15086,Jerichower Land,party:F2,8,0,25370,25370,0
GEMEINDE->KREIS,lsa:KREIS:15086,Jerichower Land,party:F20,8,0,227,227,0
GEMEINDE->KREIS,lsa:KREIS:15086,Jerichower Land,party:F3,8,0,4544,4544,0
GEMEINDE->KREIS,lsa:KREIS:15086,Jerichower Land,party:F4,8,0,5239,5239,0
GEMEINDE->KREIS,lsa:KREIS:15086,Jerichower Land,party:F5,8,0,1445,1445,0
GEMEINDE->KREIS,lsa:KREIS:15086,Jerichower Land,party:F6,8,0,4162,4162,0
GEMEINDE->KREIS,lsa:KREIS:15086,Jerichower Land,party:F7,8,0,1145,1145,0
GEMEINDE->KREIS,lsa:KREIS:15086,Jerichower Land,party:F8,8,0,60,60,0
GEMEINDE->KREIS,lsa:KREIS:15086,Jerichower Land,party:F9,8,0,651,651,0
GEMEINDE->KREIS,lsa:KREIS:15087,Mansfeld-Südharz,reported_precincts,22,0,201,,
GEMEINDE->KREIS,lsa:KREIS:15087,Mansfeld-Südharz,total_precincts,22,0,201,,
GEMEINDE->KREIS,lsa:KREIS:15087,Mansfeld-Südharz,voters_total,22,0,80691,80691,0
GEMEINDE->KREIS,lsa:KREIS:15087,Mansfeld-Südharz,valid_votes_erst,22,0,79597,79597,0
GEMEINDE->KREIS,lsa:KREIS:15087,Mansfeld-Südharz,valid_votes_zweit,22,0,79845,79845,0
GEMEINDE->KREIS,lsa:KREIS:15087,Mansfeld-Südharz,party:D1,22,0,18015,18015,0
GEMEINDE->KREIS,lsa:KREIS:15087,Mansfeld-Südharz,party:D15,22,21,280,280,0
GEMEINDE->KREIS,lsa:KREIS:15087,Mansfeld-Südharz,party:D19,22,0,1586,1586,0
GEMEINDE->KREIS,lsa:KREIS:15087,Mansfeld-Südharz,party:D2,22,0,42840,42840,0
GEMEINDE->KREIS,lsa:KREIS:15087,Mansfeld-Südharz,party:D3,22,0,8036,8036,0
GEMEINDE->KREIS,lsa:KREIS:15087,Mansfeld-Südharz,party:D4,22,0,4533,4533,0
GEMEINDE->KREIS,lsa:KREIS:15087,Mansfeld-Südharz,party:D5,22,0,2623,2623,0
GEMEINDE->KREIS,lsa:KREIS:15087,Mansfeld-Südharz,party:D6,22,0,1684,1684,0
GEMEINDE->KREIS,lsa:KREIS:15087,Mansfeld-Südharz,party:F1,22,0,13998,13998,0
GEMEINDE->KREIS,lsa:KREIS:15087,Mansfeld-Südharz,party:F10,22,0,354,354,0
GEMEINDE->KREIS,lsa:KREIS:15087,Mansfeld-Südharz,party:F11,22,0,180,180,0
GEMEINDE->KREIS,lsa:KREIS:15087,Mansfeld-Südharz,party:F12,22,0,394,394,0
GEMEINDE->KREIS,lsa:KREIS:15087,Mansfeld-Südharz,party:F15,22,0,4252,4252,0
GEMEINDE->KREIS,lsa:KREIS:15087,Mansfeld-Südharz,party:F19,22,0,558,558,0
GEMEINDE->KREIS,lsa:KREIS:15087,Mansfeld-Südharz,party:F2,22,0,41408,41408,0
GEMEINDE->KREIS,lsa:KREIS:15087,Mansfeld-Südharz,party:F20,22,0,205,205,0
GEMEINDE->KREIS,lsa:KREIS:15087,Mansfeld-Südharz,party:F3,22,0,6081,6081,0
GEMEINDE->KREIS,lsa:KREIS:15087,Mansfeld-Südharz,party:F4,22,0,5784,5784,0
GEMEINDE->KREIS,lsa:KREIS:15087,Mansfeld-Südharz,party:F5,22,0,1844,1844,0
GEMEINDE->KREIS,lsa:KREIS:15087,Mansfeld-Südharz,party:F6,22,0,3246,3246,0
GEMEINDE->KREIS,lsa:KREIS:15087,Mansfeld-Südharz,party:F7,22,0,642,642,0
GEMEINDE->KREIS,lsa:KREIS:15087,Mansfeld-Südharz,party:F8,22,0,96,96,0
GEMEINDE->KREIS,lsa:KREIS:15087,Mansfeld-Südharz,party:F9,22,0,803,803,0
GEMEINDE->KREIS,lsa:KREIS:15088,Saalekreis,reported_precincts,20,0,207,,
GEMEINDE->KREIS,lsa:KREIS:15088,Saalekreis,total_precincts,20,0,207,,
GEMEINDE->KREIS,lsa:KREIS:15088,Saalekreis,voters_total,20,0,114848,114848,0
GEMEINDE->KREIS,lsa:KREIS:15088,Saalekreis,valid_votes_erst,20,0,113509,113509,0
GEMEINDE->KREIS,lsa:KREIS:15088,Saalekreis,valid_votes_zweit,20,0,113869,113869,0
GEMEINDE->KREIS,lsa:KREIS:15088,Saalekreis,party:D1,20,0,28953,28953,0
GEMEINDE->KREIS,lsa:KREIS:15088,Saalekreis,party:D15,20,14,1740,1740,0
GEMEINDE->KREIS,lsa:KREIS:15088,Saalekreis,party:D19,20,7,738,738,0
GEMEINDE->KREIS,lsa:KREIS:15088,Saalekreis,party:D2,20,0,57754,57754,0
GEMEINDE->KREIS,lsa:KREIS:15088,Saalekreis,party:D3,20,0,10057,10057,0
GEMEINDE->KREIS,lsa:KREIS:15088,Saalekreis,party:D4,20,0,6844,6844,0
GEMEINDE->KREIS,lsa:KREIS:15088,Saalekreis,party:D5,20,0,4725,4725,0
GEMEINDE->KREIS,lsa:KREIS:15088,Saalekreis,party:D6,20,0,2698,2698,0
GEMEINDE->KREIS,lsa:KREIS:15088,Saalekreis,party:F1,20,0,21324,21324,0
GEMEINDE->KREIS,lsa:KREIS:15088,Saalekreis,party:F10,20,0,441,441,0
GEMEINDE->KREIS,lsa:KREIS:15088,Saalekreis,party:F11,20,0,267,267,0
GEMEINDE->KREIS,lsa:KREIS:15088,Saalekreis,party:F12,20,0,601,601,0
GEMEINDE->KREIS,lsa:KREIS:15088,Saalekreis,party:F15,20,0,5785,5785,0
GEMEINDE->KREIS,lsa:KREIS:15088,Saalekreis,party:F19,20,0,289,289,0
GEMEINDE->KREIS,lsa:KREIS:15088,Saalekreis,party:F2,20,0,56155,56155,0
GEMEINDE->KREIS,lsa:KREIS:15088,Saalekreis,party:F20,20,0,299,299,0
GEMEINDE->KREIS,lsa:KREIS:15088,Saalekreis,party:F3,20,0,7605,7605,0
GEMEINDE->KREIS,lsa:KREIS:15088,Saalekreis,party:F4,20,0,8462,8462,0
GEMEINDE->KREIS,lsa:KREIS:15088,Saalekreis,party:F5,20,0,2998,2998,0
GEMEINDE->KREIS,lsa:KREIS:15088,Saalekreis,party:F6,20,0,7257,7257,0
GEMEINDE->KREIS,lsa:KREIS:15088,Saalekreis,party:F7,20,0,1018,1018,0
GEMEINDE->KREIS,lsa:KREIS:15088,Saalekreis,party:F8,20,0,155,155,0
GEMEINDE->KREIS,lsa:KREIS:15088,Saalekreis,party:F9,20,0,1213,1213,0
GEMEINDE->KREIS,lsa:KREIS:15089,Salzlandkreis,reported_precincts,21,0,194,,
GEMEINDE->KREIS,lsa:KREIS:15089,Salzlandkreis,total_precincts,21,0,194,,
GEMEINDE->KREIS,lsa:KREIS:15089,Salzlandkreis,voters_total,21,0,112715,112715,0
GEMEINDE->KREIS,lsa:KREIS:15089,Salzlandkreis,valid_votes_erst,21,0,111331,111331,0
GEMEINDE->KREIS,lsa:KREIS:15089,Salzlandkreis,valid_votes_zweit,21,0,111548,111548,0
GEMEINDE->KREIS,lsa:KREIS:15089,Salzlandkreis,party:D1,21,0,25303,25303,0
GEMEINDE->KREIS,lsa:KREIS:15089,Salzlandkreis,party:D15,21,8,4909,4909,0
GEMEINDE->KREIS,lsa:KREIS:15089,Salzlandkreis,party:D19,21,19,221,221,0
GEMEINDE->KREIS,lsa:KREIS:15089,Salzlandkreis,party:D2,21,0,56047,56047,0
GEMEINDE->KREIS,lsa:KREIS:15089,Salzlandkreis,party:D3,21,0,10239,10239,0
GEMEINDE->KREIS,lsa:KREIS:15089,Salzlandkreis,party:D4,21,0,7569,7569,0
GEMEINDE->KREIS,lsa:KREIS:15089,Salzlandkreis,party:D5,21,0,4603,4603,0
GEMEINDE->KREIS,lsa:KREIS:15089,Salzlandkreis,party:D6,21,0,2440,2440,0
GEMEINDE->KREIS,lsa:KREIS:15089,Salzlandkreis,party:F1,21,0,18975,18975,0
GEMEINDE->KREIS,lsa:KREIS:15089,Salzlandkreis,party:F10,21,0,578,578,0
GEMEINDE->KREIS,lsa:KREIS:15089,Salzlandkreis,party:F11,21,0,216,216,0
GEMEINDE->KREIS,lsa:KREIS:15089,Salzlandkreis,party:F12,21,0,693,693,0
GEMEINDE->KREIS,lsa:KREIS:15089,Salzlandkreis,party:F15,21,0,6278,6278,0
GEMEINDE->KREIS,lsa:KREIS:15089,Salzlandkreis,party:F19,21,0,215,215,0
GEMEINDE->KREIS,lsa:KREIS:15089,Salzlandkreis,party:F2,21,0,55458,55458,0
GEMEINDE->KREIS,lsa:KREIS:15089,Salzlandkreis,party:F20,21,0,382,382,0
GEMEINDE->KREIS,lsa:KREIS:15089,Salzlandkreis,party:F3,21,0,8741,8741,0
GEMEINDE->KREIS,lsa:KREIS:15089,Salzlandkreis,party:F4,21,0,8413,8413,0
GEMEINDE->KREIS,lsa:KREIS:15089,Salzlandkreis,party:F5,21,0,3096,3096,0
GEMEINDE->KREIS,lsa:KREIS:15089,Salzlandkreis,party:F6,21,0,6015,6015,0
GEMEINDE->KREIS,lsa:KREIS:15089,Salzlandkreis,party:F7,21,0,906,906,0
GEMEINDE->KREIS,lsa:KREIS:15089,Salzlandkreis,party:F8,21,0,151,151,0
GEMEINDE->KREIS,lsa:KREIS:15089,Salzlandkreis,party:F9,21,0,1431,1431,0
GEMEINDE->KREIS,lsa:KREIS:15090,Stendal,reported_precincts,25,0,196,,
GEMEINDE->KREIS,lsa:KREIS:15090,Stendal,total_precincts,25,0,196,,
GEMEINDE->KREIS,lsa:KREIS:15090,Stendal,voters_total,25,0,68250,68250,0
GEMEINDE->KREIS,lsa:KREIS:15090,Stendal,valid_votes_erst,25,0,67447,67447,0
GEMEINDE->KREIS,lsa:KREIS:15090,Stendal,valid_votes_zweit,25,0,67539,67539,0
GEMEINDE->KREIS,lsa:KREIS:15090,Stendal,party:D1,25,0,16154,16154,0
GEMEINDE->KREIS,lsa:KREIS:15090,Stendal,party:D15,25,0,3132,3132,0
GEMEINDE->KREIS,lsa:KREIS:15090,Stendal,party:D2,25,0,30837,30837,0
GEMEINDE->KREIS,lsa:KREIS:15090,Stendal,party:D21,25,23,157,157,0
GEMEINDE->KREIS,lsa:KREIS:15090,Stendal,party:D3,25,0,7212,7212,0
GEMEINDE->KREIS,lsa:KREIS:15090,Stendal,party:D4,25,0,5590,5590,0
GEMEINDE->KREIS,lsa:KREIS:15090,Stendal,party:D5,25,0,2006,2006,0
GEMEINDE->KREIS,lsa:KREIS:15090,Stendal,party:D6,25,0,2359,2359,0
GEMEINDE->KREIS,lsa:KREIS:15090,Stendal,party:F1,25,0,11566,11566,0
GEMEINDE->KREIS,lsa:KREIS:15090,Stendal,party:F10,25,0,311,311,0
GEMEINDE->KREIS,lsa:KREIS:15090,Stendal,party:F11,25,0,141,141,0
GEMEINDE->KREIS,lsa:KREIS:15090,Stendal,party:F12,25,0,275,275,0
GEMEINDE->KREIS,lsa:KREIS:15090,Stendal,party:F15,25,0,3890,3890,0
GEMEINDE->KREIS,lsa:KREIS:15090,Stendal,party:F19,25,0,102,102,0
GEMEINDE->KREIS,lsa:KREIS:15090,Stendal,party:F2,25,0,30620,30620,0
GEMEINDE->KREIS,lsa:KREIS:15090,Stendal,party:F20,25,0,216,216,0
GEMEINDE->KREIS,lsa:KREIS:15090,Stendal,party:F3,25,0,5815,5815,0
GEMEINDE->KREIS,lsa:KREIS:15090,Stendal,party:F4,25,0,6418,6418,0
GEMEINDE->KREIS,lsa:KREIS:15090,Stendal,party:F5,25,0,1738,1738,0
GEMEINDE->KREIS,lsa:KREIS:15090,Stendal,party:F6,25,0,4921,4921,0
GEMEINDE->KREIS,lsa:KREIS:15090,Stendal,party:F7,25,0,769,769,0
GEMEINDE->KREIS,lsa:KREIS:15090,Stendal,party:F8,25,0,113,113,0
GEMEINDE->KREIS,lsa:KREIS:15090,Stendal,party:F9,25,0,644,644,0
GEMEINDE->KREIS,lsa:KREIS:15091,Wittenberg,reported_precincts,9,0,183,,
GEMEINDE->KREIS,lsa:KREIS:15091,Wittenberg,total_precincts,9,0,183,,
GEMEINDE->KREIS,lsa:KREIS:15091,Wittenberg,voters_total,9,0,78179,78179,0
GEMEINDE->KREIS,lsa:KREIS:15091,Wittenberg,valid_votes_erst,9,0,77246,77246,0
GEMEINDE->KREIS,lsa:KREIS:15091,Wittenberg,valid_votes_zweit,9,0,77403,77403,0
GEMEINDE->KREIS,lsa:KREIS:15091,Wittenberg,party:D1,9,0,20940,20940,0
GEMEINDE->KREIS,lsa:KREIS:15091,Wittenberg,party:D13,9,7,110,110,0
GEMEINDE->KREIS,lsa:KREIS:15091,Wittenberg,party:D2,9,0,36218,36218,0
GEMEINDE->KREIS,lsa:KREIS:15091,Wittenberg,party:D3,9,0,7344,7344,0
GEMEINDE->KREIS,lsa:KREIS:15091,Wittenberg,party:D4,9,0,4911,4911,0
GEMEINDE->KREIS,lsa:KREIS:15091,Wittenberg,party:D5,9,0,1603,1603,0
GEMEINDE->KREIS,lsa:KREIS:15091,Wittenberg,party:D6,9,0,2047,2047,0
GEMEINDE->KREIS,lsa:KREIS:15091,Wittenberg,party:D7,9,0,4073,4073,0
GEMEINDE->KREIS,lsa:KREIS:15091,Wittenberg,party:F1,9,0,15726,15726,0
GEMEINDE->KREIS,lsa:KREIS:15091,Wittenberg,party:F10,9,0,346,346,0
GEMEINDE->KREIS,lsa:KREIS:15091,Wittenberg,party:F11,9,0,195,195,0
GEMEINDE->KREIS,lsa:KREIS:15091,Wittenberg,party:F12,9,0,405,405,0
GEMEINDE->KREIS,lsa:KREIS:15091,Wittenberg,party:F15,9,0,3490,3490,0
GEMEINDE->KREIS,lsa:KREIS:15091,Wittenberg,party:F19,9,0,125,125,0
GEMEINDE->KREIS,lsa:KREIS:15091,Wittenberg,party:F2,9,0,35496,35496,0
GEMEINDE->KREIS,lsa:KREIS:15091,Wittenberg,party:F20,9,0,212,212,0
GEMEINDE->KREIS,lsa:KREIS:15091,Wittenberg,party:F3,9,0,6057,6057,0
GEMEINDE->KREIS,lsa:KREIS:15091,Wittenberg,party:F4,9,0,5881,5881,0
GEMEINDE->KREIS,lsa:KREIS:15091,Wittenberg,party:F5,9,0,1653,1653,0
GEMEINDE->KREIS,lsa:KREIS:15091,Wittenberg,party:F6,9,0,5007,5007,0
GEMEINDE->KREIS,lsa:KREIS:15091,Wittenberg,party:F7,9,0,1869,1869,0
GEMEINDE->KREIS,lsa:KREIS:15091,Wittenberg,party:F8,9,0,108,108,0
GEMEINDE->KREIS,lsa:KREIS:15091,Wittenberg,party:F9,9,0,833,833,0
WAHLBEZIRK->LAND,lsa:LAND:15,Sachsen-Anhalt,reported_precincts,2661,0,2661,,
WAHLBEZIRK->LAND,lsa:LAND:15,Sachsen-Anhalt,total_precincts,2661,0,2661,,
WAHLBEZIRK->LAND,lsa:LAND:15,Sachsen-Anhalt,voters_total,2661,0,1328211,1328211,0
WAHLBEZIRK->LAND,lsa:LAND:15,Sachsen-Anhalt,valid_votes_erst,2661,0,1312734,1312734,0
WAHLBEZIRK->LAND,lsa:LAND:15,Sachsen-Anhalt,valid_votes_zweit,2661,0,1315315,1315315,0
WAHLBEZIRK->LAND,lsa:LAND:15,Sachsen-Anhalt,party:D1,2661,0,314535,314535,0
WAHLBEZIRK->LAND,lsa:LAND:15,Sachsen-Anhalt,party:D10,2661,2443,2937,2937,0
WAHLBEZIRK->LAND,lsa:LAND:15,Sachsen-Anhalt,party:D11,2661,2481,777,777,0
WAHLBEZIRK->LAND,lsa:LAND:15,Sachsen-Anhalt,party:D12,2661,2551,999,999,0
WAHLBEZIRK->LAND,lsa:LAND:15,Sachsen-Anhalt,party:D13,2661,2595,325,325,0
WAHLBEZIRK->LAND,lsa:LAND:15,Sachsen-Anhalt,party:D15,2661,974,41782,41782,0
WAHLBEZIRK->LAND,lsa:LAND:15,Sachsen-Anhalt,party:D19,2661,2294,2680,2680,0
WAHLBEZIRK->LAND,lsa:LAND:15,Sachsen-Anhalt,party:D2,2661,0,581945,581945,0
WAHLBEZIRK->LAND,lsa:LAND:15,Sachsen-Anhalt,party:D20,2661,2516,768,768,0
WAHLBEZIRK->LAND,lsa:LAND:15,Sachsen-Anhalt,party:D21,2661,2272,3184,3184,0
WAHLBEZIRK->LAND,lsa:LAND:15,Sachsen-Anhalt,party:D3,2661,0,157905,157905,0
WAHLBEZIRK->LAND,lsa:LAND:15,Sachsen-Anhalt,party:D4,2661,0,102881,102881,0
WAHLBEZIRK->LAND,lsa:LAND:15,Sachsen-Anhalt,party:D5,2661,0,41113,41113,0
WAHLBEZIRK->LAND,lsa:LAND:15,Sachsen-Anhalt,party:D6,2661,0,45310,45310,0
WAHLBEZIRK->LAND,lsa:LAND:15,Sachsen-Anhalt,party:D7,2661,1970,14464,14464,0
WAHLBEZIRK->LAND,lsa:LAND:15,Sachsen-Anhalt,party:D9,2661,2582,1129,1129,0
WAHLBEZIRK->LAND,lsa:LAND:15,Sachsen-Anhalt,party:F1,2661,0,226622,226622,0
WAHLBEZIRK->LAND,lsa:LAND:15,Sachsen-Anhalt,party:F10,2661,0,7482,7482,0
WAHLBEZIRK->LAND,lsa:LAND:15,Sachsen-Anhalt,party:F11,2661,0,3487,3487,0
WAHLBEZIRK->LAND,lsa:LAND:15,Sachsen-Anhalt,party:F12,2661,0,7283,7283,0
WAHLBEZIRK->LAND,lsa:LAND:15,Sachsen-Anhalt,party:F15,2661,0,69291,69291,0
WAHLBEZIRK->LAND,lsa:LAND:15,Sachsen-Anhalt,party:F19,2661,0,2778,2778,0
WAHLBEZIRK->LAND,lsa:LAND:15,Sachsen-Anhalt,party:F2,2661,0,576037,576037,0
WAHLBEZIRK->LAND,lsa:LAND:15,Sachsen-Anhalt,party:F20,2661,0,4339,4339,0
WAHLBEZIRK->LAND,lsa:LAND:15,Sachsen-Anhalt,party:F3,2661,0,112541,112541,0
WAHLBEZIRK->LAND,lsa:LAND:15,Sachsen-Anhalt,party:F4,2661,0,122303,122303,0
WAHLBEZIRK->LAND,lsa:LAND:15,Sachsen-Anhalt,party:F5,2661,0,33969,33969,0
WAHLBEZIRK->LAND,lsa:LAND:15,Sachsen-Anhalt,party:F6,2661,0,117498,117498,0
WAHLBEZIRK->LAND,lsa:LAND:15,Sachsen-Anhalt,party:F7,2661,0,15430,15430,0
WAHLBEZIRK->LAND,lsa:LAND:15,Sachsen-Anhalt,party:F8,2661,0,1899,1899,0
WAHLBEZIRK->LAND,lsa:LAND:15,Sachsen-Anhalt,party:F9,2661,0,14356,14356,0
WAHLBEZIRK->GEMEINDE,lsa:GEMEINDE:15001000,"Dessau-Roßlau, Stadt",reported_precincts,79,0,79,79,0
WAHLBEZIRK->GEMEINDE,lsa:GEMEINDE:15001000,"Dessau-Roßlau, Stadt",total_precincts,79,0,79,79,0
WAHLBEZIRK->GEMEINDE,lsa:GEMEINDE:15001000,"Dessau-Roßlau, Stadt",voters_total,79,0,47083,47083,0
WAHLBEZIRK->GEMEINDE,lsa:GEMEINDE:15001000,"Dessau-Roßlau, Stadt",valid_votes_erst,79,0,46414,46414,0
WAHLBEZIRK->GEMEINDE,lsa:GEMEINDE:15001000,"Dessau-Roßlau, Stadt",valid_votes_zweit,79,0,46610,46610,0
WAHLBEZIRK->GEMEINDE,lsa:GEMEINDE:15001000,"Dessau-Roßlau, Stadt",party:D1,79,0,13407,13407,0
WAHLBEZIRK->GEMEINDE,lsa:GEMEINDE:15001000,"Dessau-Roßlau, Stadt",party:D13,79,52,215,215,0
WAHLBEZIRK->GEMEINDE,lsa:GEMEINDE:15001000,"Dessau-Roßlau, Stadt",party:D2,79,0,19125,19125,0
WAHLBEZIRK->GEMEINDE,lsa:GEMEINDE:15001000,"Dessau-Roßlau, Stadt",party:D3,79,0,5162,5162,0
WAHLBEZIRK->GEMEINDE,lsa:GEMEINDE:15001000,"Dessau-Roßlau, Stadt",party:D4,79,0,3862,3862,0
WAHLBEZIRK->GEMEINDE,lsa:GEMEINDE:15001000,"Dessau-Roßlau, Stadt",party:D5,79,0,2173,2173,0
WAHLBEZIRK->GEMEINDE,lsa:GEMEINDE:15001000,"Dessau-Roßlau, Stadt",party:D6,79,0,1950,1950,0
WAHLBEZIRK->GEMEINDE,lsa:GEMEINDE:15001000,"Dessau-Roßlau, Stadt",party:D7,79,52,520,520,0
WAHLBEZIRK->GEMEINDE,lsa:GEMEINDE:15001000,"Dessau-Roßlau, Stadt",party:F1,79,0,8551,8551,0
WAHLBEZIRK->GEMEINDE,lsa:GEMEINDE:15001000,"Dessau-Roßlau, Stadt",party:F10,79,0,230,230,0
WAHLBEZIRK->GEMEINDE,lsa:GEMEINDE:15001000,"Dessau-Roßlau, Stadt",party:F11,79,0,120,120,0
WAHLBEZIRK->GEMEINDE,lsa:GEMEINDE:15001000,"Dessau-Roßlau, Stadt",party:F12,79,0,259,259,0
WAHLBEZIRK->GEMEINDE,lsa:GEMEINDE:15001000,"Dessau-Roßlau, Stadt",party:F15,79,0,2963,2963,0
WAHLBEZIRK->GEMEINDE,lsa:GEMEINDE:15001000,"Dessau-Roßlau, Stadt",party:F19,79,0,63,63,0
WAHLBEZIRK->GEMEINDE,lsa:GEMEINDE:15001000,"Dessau-Roßlau, Stadt",party:F2,79,0,18134,18134,0
WAHLBEZIRK->GEMEINDE,lsa:GEMEINDE:15001000,"Dessau-Roßlau, Stadt",party:F20,79,0,167,167,0
WAHLBEZIRK->GEMEINDE,lsa:GEMEINDE:15001000,"Dessau-Roßlau, Stadt",party:F3,79,0,3953,3953,0
WAHLBEZIRK->GEMEINDE,lsa:GEMEINDE:15001000,"Dessau-Roßlau, Stadt",party:F4,79,0,4709,4709,0
WAHLBEZIRK->GEMEINDE,lsa:GEMEINDE:15001000,"Dessau-Roßlau, Stadt",party:F5,79,0,1452,1452,0
WAHLBEZIRK->GEMEINDE,lsa:GEMEINDE:15001000,"Dessau-Roßlau, Stadt",party:F6,79,0,4937,4937,0
WAHLBEZIRK->GEMEINDE,lsa:GEMEINDE:15001000,"Dessau-Roßlau, Stadt",party:F7,79,0,455,455,0
WAHLBEZIRK->GEMEINDE,lsa:GEMEINDE:15001000,"Dessau-Roßlau, Stadt",party:F8,79,0,52,52,0
WAHLBEZIRK->GEMEINDE,lsa:GEMEINDE:15001000,"Dessau-Roßlau, Stadt",party:F9,79,0,565,565,0
WAHLBEZIRK->GEMEINDE,lsa:GEMEINDE:15002000,"Halle (Saale), Stadt",reported_precincts,186,0,186,186,0
WAHLBEZIRK->GEMEINDE,lsa:GEMEINDE:15002000,"Halle (Saale), Stadt",total_precincts,186,0,186,186,0
WAHLBEZIRK->GEMEINDE,lsa:GEMEINDE:15002000,"Halle (Saale), Stadt",voters_total,186,0,134559,134559,0
WAHLBEZIRK->GEMEINDE,lsa:GEMEINDE:15002000,"Halle (Saale), Stadt",valid_votes_erst,186,0,133221,133221,0
WAHLBEZIRK->GEMEINDE,lsa:GEMEINDE:15002000,"Halle (Saale), Stadt",valid_votes_zweit,186,0,133423,133423,0
WAHLBEZIRK->GEMEINDE,lsa:GEMEINDE:15002000,"Halle (Saale), Stadt",party:D1,186,0,25858,25858,0
WAHLBEZIRK->GEMEINDE,lsa:GEMEINDE:15002000,"Halle (Saale), Stadt",party:D15,186,0,5868,5868,0
WAHLBEZIRK->GEMEINDE,lsa:GEMEINDE:15002000,"Halle (Saale), Stadt",party:D2,186,0,40135,40135,0
WAHLBEZIRK->GEMEINDE,lsa:GEMEINDE:15002000,"Halle (Saale), Stadt",party:D21,186,139,326,326,0
WAHLBEZIRK->GEMEINDE,lsa:GEMEINDE:15002000,"Halle (Saale), Stadt",party:D3,186,0,33365,33365,0
WAHLBEZIRK->GEMEINDE,lsa:GEMEINDE:15002000,"Halle (Saale), Stadt",party:D4,186,0,13235,13235,0
WAHLBEZIRK->GEMEINDE,lsa:GEMEINDE:15002000,"Halle (Saale), Stadt",party:D5,186,0,4394,4394,0
WAHLBEZIRK->GEMEINDE,lsa:GEMEINDE:15002000,"Halle (Saale), Stadt",party:D6,186,0,9384,9384,0
WAHLBEZIRK->GEMEINDE,lsa:GEMEINDE:15002000,"Halle (Saale), Stadt",party:D7,186,129,656,656,0
WAHLBEZIRK->GEMEINDE,lsa:GEMEINDE:15002000,"Halle (Saale), Stadt",party:F1,186,0,18609,18609,0
WAHLBEZIRK->GEMEINDE,lsa:GEMEINDE:15002000,"Halle (Saale), Stadt",party:F10,186,0,557,557,0
WAHLBEZIRK->GEMEINDE,lsa:GEMEINDE:15002000,"Halle (Saale), Stadt",party:F11,186,0,430,430,0
WAHLBEZIRK->GEMEINDE,lsa:GEMEINDE:15002000,"Halle (Saale), Stadt",party:F12,186,0,621,621,0
WAHLBEZIRK->GEMEINDE,lsa:GEMEINDE:15002000,"Halle (Saale), Stadt",party:F15,186,0,6580,6580,0
WAHLBEZIRK->GEMEINDE,lsa:GEMEINDE:15002000,"Halle (Saale), Stadt",party:F19,186,0,233,233,0
WAHLBEZIRK->GEMEINDE,lsa:GEMEINDE:15002000,"Halle (Saale), Stadt",party:F2,186,0,39835,39835,0
WAHLBEZIRK->GEMEINDE,lsa:GEMEINDE:15002000,"Halle (Saale), Stadt",party:F20,186,0,502,502,0
WAHLBEZIRK->GEMEINDE,lsa:GEMEINDE:15002000,"Halle (Saale), Stadt",party:F3,186,0,15263,15263,0
WAHLBEZIRK->GEMEINDE,lsa:GEMEINDE:15002000,"Halle (Saale), Stadt",party:F4,186,0,16841,16841,0
WAHLBEZIRK->GEMEINDE,lsa:GEMEINDE:15002000,"Halle (Saale), Stadt",party:F5,186,0,3831,3831,0
WAHLBEZIRK->GEMEINDE,lsa:GEMEINDE:15002000,"Halle (Saale), Stadt",party:F6,186,0,27558,27558,0
WAHLBEZIRK->GEMEINDE,lsa:GEMEINDE:15002000,"Halle (Saale), Stadt",party:F7,186,0,1041,1041,0
WAHLBEZIRK->GEMEINDE,lsa:GEMEINDE:15002000,"Halle (Saale), Stadt",party:F8,186,0,204,204,0
WAHLBEZIRK->GEMEINDE,lsa:GEMEINDE:15002000,"Halle (Saale), Stadt",party:F9,186,0,1318,1318,0
WAHLBEZIRK->GEMEINDE,lsa:GEMEINDE:15003000,"Magdeburg, Landeshauptstadt",reported_precincts,218,0,218,218,0
WAHLBEZIRK->GEMEINDE,lsa:GEMEINDE:15003000,"Magdeburg, Landeshauptstadt",total_precincts,218,0,218,218,0
WAHLBEZIRK->GEMEINDE,lsa:GEMEINDE:15003000,"Magdeburg, Landeshauptstadt",voters_total,218,0,139563,139563,0
WAHLBEZIRK->GEMEINDE,lsa:GEMEINDE:15003000,"Magdeburg, Landeshauptstadt",valid_votes_erst,218,0,138457,138457,0
WAHLBEZIRK->GEMEINDE,lsa:GEMEINDE:15003000,"Magdeburg, Landeshauptstadt",valid_votes_zweit,218,0,138521,138521,0
WAHLBEZIRK->GEMEINDE,lsa:GEMEINDE:15003000,"Magdeburg, Landeshauptstadt",party:D1,218,0,35596,35596,0
WAHLBEZIRK->GEMEINDE,lsa:GEMEINDE:15003000,"Magdeburg, Landeshauptstadt",party:D10,218,0,2937,2937,0
WAHLBEZIRK->GEMEINDE,lsa:GEMEINDE:15003000,"Magdeburg, Landeshauptstadt",party:D12,218,108,999,999,0
WAHLBEZIRK->GEMEINDE,lsa:GEMEINDE:15003000,"Magdeburg, Landeshauptstadt",party:D15,218,0,6233,6233,0
WAHLBEZIRK->GEMEINDE,lsa:GEMEINDE:15003000,"Magdeburg, Landeshauptstadt",party:D2,218,0,45479,45479,0
WAHLBEZIRK->GEMEINDE,lsa:GEMEINDE:15003000,"Magdeburg, Landeshauptstadt",party:D20,218,152,508,508,0
WAHLBEZIRK->GEMEINDE,lsa:GEMEINDE:15003000,"Magdeburg, Landeshauptstadt",party:D3,218,0,24762,24762,0
WAHLBEZIRK->GEMEINDE,lsa:GEMEINDE:15003000,"Magdeburg, Landeshauptstadt",party:D4,218,0,11546,11546,0
WAHLBEZIRK->GEMEINDE,lsa:GEMEINDE:15003000,"Magdeburg, Landeshauptstadt",party:D5,218,0,3914,3914,0
WAHLBEZIRK->GEMEINDE,lsa:GEMEINDE:15003000,"Magdeburg, Landeshauptstadt",party:D6,218,0,6483,6483,0
WAHLBEZIRK->GEMEINDE,lsa:GEMEINDE:15003000,"Magdeburg, Landeshauptstadt",party:F1,218,0,21221,21221,0
WAHLBEZIRK->GEMEINDE,lsa:GEMEINDE:15003000,"Magdeburg, Landeshauptstadt",party:F10,218,0,1921,1921,0
WAHLBEZIRK->GEMEINDE,lsa:GEMEINDE:15003000,"Magdeburg, Landeshauptstadt",party:F11,218,0,419,419,0
WAHLBEZIRK->GEMEINDE,lsa:GEMEINDE:15003000,"Magdeburg, Landeshauptstadt",party:F12,218,0,1129,1129,0
WAHLBEZIRK->GEMEINDE,lsa:GEMEINDE:15003000,"Magdeburg, Landeshauptstadt",party:F15,218,0,7104,7104,0
WAHLBEZIRK->GEMEINDE,lsa:GEMEINDE:15003000,"Magdeburg, Landeshauptstadt",party:F19,218,0,233,233,0
WAHLBEZIRK->GEMEINDE,lsa:GEMEINDE:15003000,"Magdeburg, Landeshauptstadt",party:F2,218,0,45161,45161,0
WAHLBEZIRK->GEMEINDE,lsa:GEMEINDE:15003000,"Magdeburg, Landeshauptstadt",party:F20,218,0,697,697,0
WAHLBEZIRK->GEMEINDE,lsa:GEMEINDE:15003000,"Magdeburg, Landeshauptstadt",party:F3,218,0,15313,15313,0
WAHLBEZIRK->GEMEINDE,lsa:GEMEINDE:15003000,"Magdeburg, Landeshauptstadt",party:F4,218,0,16728,16728,0
WAHLBEZIRK->GEMEINDE,lsa:GEMEINDE:15003000,"Magdeburg, Landeshauptstadt",party:F5,218,0,4016,4016,0
WAHLBEZIRK->GEMEINDE,lsa:GEMEINDE:15003000,"Magdeburg, Landeshauptstadt",party:F6,218,0,22368,22368,0
WAHLBEZIRK->GEMEINDE,lsa:GEMEINDE:15003000,"Magdeburg, Landeshauptstadt",party:F7,218,0,770,770,0
WAHLBEZIRK->GEMEINDE,lsa:GEMEINDE:15003000,"Magdeburg, Landeshauptstadt",party:F8,218,0,191,191,0
WAHLBEZIRK->GEMEINDE,lsa:GEMEINDE:15003000,"Magdeburg, Landeshauptstadt",party:F9,218,0,1250,1250,0
WAHLBEZIRK->GEMEINDE,lsa:GEMEINDE:15081026,"Apenburg-Winterfeld, Flecken",reported_precincts,4,0,4,4,0
WAHLBEZIRK->GEMEINDE,lsa:GEMEINDE:15081026,"Apenburg-Winterfeld, Flecken",total_precincts,4,0,4,4,0
WAHLBEZIRK->GEMEINDE,lsa:GEMEINDE:15081026,"Apenburg-Winterfeld, Flecken",voters_total,4,0,1069,1069,0
WAHLBEZIRK->GEMEINDE,lsa:GEMEINDE:15081026,"Apenburg-Winterfeld, Flecken",valid_votes_erst,4,0,1055,1055,0
WAHLBEZIRK->GEMEINDE,lsa:GEMEINDE:15081026,"Apenburg-Winterfeld, Flecken",valid_votes_zweit,4,0,1054,1054,0
WAHLBEZIRK->GEMEINDE,lsa:GEMEINDE:15081026,"Apenburg-Winterfeld, Flecken",party:D1,4,0,279,279,0
WAHLBEZIRK->GEMEINDE,lsa:GEMEINDE:15081026,"Apenburg-Winterfeld, Flecken",party:D11,4,0,9,9,0
WAHLBEZIRK->GEMEINDE,lsa:GEMEINDE:15081026,"Apenburg-Winterfeld, Flecken",party:D15,4,0,59,59,0
WAHLBEZIRK->GEMEINDE,lsa:GEMEINDE:15081026,"Apenburg-Winterfeld, Flecken",party:D2,4,0,497,497,0
WAHLBEZIRK->GEMEINDE,lsa:GEMEINDE:15081026,"Apenburg-Winterfeld, Flecken",party:D3,4,0,96,96,0
WAHLBEZIRK->GEMEINDE,lsa:GEMEINDE:15081026,"Apenburg-Winterfeld, Flecken",party:D4,4,0,66,66,0
WAHLBEZIRK->GEMEINDE,lsa:GEMEINDE:15081026,"Apenburg-Winterfeld, Flecken",party:D5,4,0,23,23,0
WAHLBEZIRK->GEMEINDE,lsa:GEMEINDE:15081026,"Apenburg-Winterfeld, Flecken",party:D6,4,0,26,26,0
WAHLBEZIRK->GEMEINDE,lsa:GEMEINDE:15081026,"Apenburg-Winterfeld, Flecken",party:F1,4,0,179,179,0
WAHLBEZIRK->GEMEINDE,lsa:GEMEINDE:15081026,"Apenburg-Winterfeld, Flecken",party:F10,4,0,5,5,0
WAHLBEZIRK->GEMEINDE,lsa:GEMEINDE:15081026,"Apenburg-Winterfeld, Flecken",party:F11,4,0,3,3,0
WAHLBEZIRK->GEMEINDE,lsa:GEMEINDE:15081026,"Apenburg-Winterfeld, Flecken",party:F12,4,0,3,3,0
WAHLBEZIRK->GEMEINDE,lsa:GEMEINDE:15081026,"Apenburg-Winterfeld, Flecken",party:F15,4,0,69,69,0
WAHLBEZIRK->GEMEINDE,lsa:GEMEINDE:15081026,"Apenburg-Winterfeld, Flecken",party:F19,4,0,2,2,0
WAHLBEZIRK->GEMEINDE,lsa:GEMEINDE:15081026,"Apenburg-Winterfeld, Flecken",party:F2,4,0,495,495,0
WAHLBEZIRK->GEMEINDE,lsa:GEMEINDE:15081026,"Apenburg-Winterfeld, Flecken",party:F20,4,0,1,1,0
WAHLBEZIRK->GEMEINDE,lsa:GEMEINDE:15081026,"Apenburg-Winterfeld, Flecken",party:F3,4,0,80,80,0
WAHLBEZIRK->GEMEINDE,lsa:GEMEINDE:15081026,"Apenburg-Winterfeld, Flecken",party:F4,4,0,112,112,0
WAHLBEZIRK->GEMEINDE,lsa:GEMEINDE:15081026,"Apenburg-Winterfeld, Flecken",party:F5,4,0,31,31,0
WAHLBEZIRK->GEMEINDE,lsa:GEMEINDE:15081026,"Apenburg-Winterfeld, Flecken",party:F6,4,0,61,61,0
WAHLBEZIRK->GEMEINDE,lsa:GEMEINDE:15081026,"Apenburg-Winterfeld, Flecken",party:F7,4,0,5,5,0
WAHLBEZIRK->GEMEINDE,lsa:GEMEINDE:15081026,"Apenburg-Winterfeld, Flecken",party:F8,4,0,1,1,0
WAHLBEZIRK->GEMEINDE,lsa:GEMEINDE:15081026,"Apenburg-Winterfeld, Flecken",party:F9,4,0,7,7,0
WAHLBEZIRK->GEMEINDE,lsa:GEMEINDE:15081030,"Arendsee (Altmark), Stadt",reported_precincts,17,0,17,17,0
WAHLBEZIRK->GEMEINDE,lsa:GEMEINDE:15081030,"Arendsee (Altmark), Stadt",total_precincts,17,0,17,17,0
WAHLBEZIRK->GEMEINDE,lsa:GEMEINDE:15081030,"Arendsee (Altmark), Stadt",voters_total,17,0,4246,4246,0
WAHLBEZIRK->GEMEINDE,lsa:GEMEINDE:15081030,"Arendsee (Altmark), Stadt",valid_votes_erst,17,0,4189,4189,0
WAHLBEZIRK->GEMEINDE,lsa:GEMEINDE:15081030,"Arendsee (Altmark), Stadt",valid_votes_zweit,17,0,4200,4200,0
WAHLBEZIRK->GEMEINDE,lsa:GEMEINDE:15081030,"Arendsee (Altmark), Stadt",party:D1,17,0,1025,1025,0
WAHLBEZIRK->GEMEINDE,lsa:GEMEINDE:15081030,"Arendsee (Altmark), Stadt",party:D11,17,0,50,50,0
WAHLBEZIRK->GEMEINDE,lsa:GEMEINDE:15081030,"Arendsee (Altmark), Stadt",party:D15,17,0,226,226,0
WAHLBEZIRK->GEMEINDE,lsa:GEMEINDE:15081030,"Arendsee (Altmark), Stadt",party:D2,17,0,1807,1807,0
WAHLBEZIRK->GEMEINDE,lsa:GEMEINDE:15081030,"Arendsee (Altmark), Stadt",party:D3,17,0,521,521,0
WAHLBEZIRK->GEMEINDE,lsa:GEMEINDE:15081030,"Arendsee (Altmark), Stadt",party:D4,17,0,350,350,0
WAHLBEZIRK->GEMEINDE,lsa:GEMEINDE:15081030,"Arendsee (Altmark), Stadt",party:D5,17,0,109,109,0
WAHLBEZIRK->GEMEINDE,lsa:GEMEINDE:15081030,"Arendsee (Altmark), Stadt",party:D6,17,0,101,101,0
WAHLBEZIRK->GEMEINDE,lsa:GEMEINDE:15081030,"Arendsee (Altmark), Stadt",party:F1,17,0,771,771,0
WAHLBEZIRK->GEMEINDE,lsa:GEMEINDE:15081030,"Arendsee (Altmark), Stadt",party:F10,17,0,15,15,0
WAHLBEZIRK->GEMEINDE,lsa:GEMEINDE:15081030,"Arendsee (Altmark), Stadt",party:F11,17,0,19,19,0
WAHLBEZIRK->GEMEINDE,lsa:GEMEINDE:15081030,"Arendsee (Altmark), Stadt",party:F12,17,0,18,18,0
WAHLBEZIRK->GEMEINDE,lsa:GEMEINDE:15081030,"Arendsee (Altmark), Stadt",party:F15,17,0,224,224,0
WAHLBEZIRK->GEMEINDE,lsa:GEMEINDE:15081030,"Arendsee (Altmark), Stadt",party:F19,17,0,7,7,0
WAHLBEZIRK->GEMEINDE,lsa:GEMEINDE:15081030,"Arendsee (Altmark), Stadt",party:F2,17,0,1838,1838,0
WAHLBEZIRK->GEMEINDE,lsa:GEMEINDE:15081030,"Arendsee (Altmark), Stadt",party:F20,17,0,17,17,0
WAHLBEZIRK->GEMEINDE,lsa:GEMEINDE:15081030,"Arendsee (Altmark), Stadt",party:F3,17,0,439,439,0
WAHLBEZIRK->GEMEINDE,lsa:GEMEINDE:15081030,"Arendsee (Altmark), Stadt",party:F4,17,0,367,367,0
WAHLBEZIRK->GEMEINDE,lsa:GEMEINDE:15081030,"Arendsee (Altmark), Stadt",party:F5,17,0,141,141,0
WAHLBEZIRK->GEMEINDE,lsa:GEMEINDE:15081030,"Arendsee (Altmark), Stadt",party:F6,17,0,252,252,0
WAHLBEZIRK->GEMEINDE,lsa:GEMEINDE:15081030,"Arendsee (Altmark), Stadt",party:F7,17,0,40,40,0
WAHLBEZIRK->GEMEINDE,lsa:GEMEINDE:15081030,"Arendsee (Altmark), Stadt",party:F8,17,0,15,15,0
WAHLBEZIRK->GEMEINDE,lsa:GEMEINDE:15081030,"Arendsee (Altmark), Stadt",party:F9,17,0,37,37,0
WAHLBEZIRK->GEMEINDE,lsa:GEMEINDE:15081045,Beetzendorf,reported_precincts,7,0,7,7,0
WAHLBEZIRK->GEMEINDE,lsa:GEMEINDE:15081045,Beetzendorf,total_precincts,7,0,7,7,0
WAHLBEZIRK->GEMEINDE,lsa:GEMEINDE:15081045,Beetzendorf,voters_total,7,0,1890,1890,0
WAHLBEZIRK->GEMEINDE,lsa:GEMEINDE:15081045,Beetzendorf,valid_votes_erst,7,0,1874,1874,0
WAHLBEZIRK->GEMEINDE,lsa:GEMEINDE:15081045,Beetzendorf,valid_votes_zweit,7,0,1875,1875,0
WAHLBEZIRK->GEMEINDE,lsa:GEMEINDE:15081045,Beetzendorf,party:D1,7,0,509,509,0
WAHLBEZIRK->GEMEINDE,lsa:GEMEINDE:15081045,Beetzendorf,party:D11,7,0,17,17,0
WAHLBEZIRK->GEMEINDE,lsa:GEMEINDE:15081045,Beetzendorf,party:D15,7,0,88,88,0
WAHLBEZIRK->GEMEINDE,lsa:GEMEINDE:15081045,Beetzendorf,party:D2,7,0,744,744,0
WAHLBEZIRK->GEMEINDE,lsa:GEMEINDE:15081045,Beetzendorf,party:D3,7,0,267,267,0
WAHLBEZIRK->GEMEINDE,lsa:GEMEINDE:15081045,Beetzendorf,party:D4,7,0,138,138,0
WAHLBEZIRK->GEMEINDE,lsa:GEMEINDE:15081045,Beetzendorf,party:D5,7,0,46,46,0
WAHLBEZIRK->GEMEINDE,lsa:GEMEINDE:15081045,Beetzendorf,party:D6,7,0,65,65,0
WAHLBEZIRK->GEMEINDE,lsa:GEMEINDE:15081045,Beetzendorf,party:F1,7,0,315,315,0
WAHLBEZIRK->GEMEINDE,lsa:GEMEINDE:15081045,Beetzendorf,party:F10,7,0,7,7,0
WAHLBEZIRK->GEMEINDE,lsa:GEMEINDE:15081045,Beetzendorf,party:F11,7,0,10,10,0
WAHLBEZIRK->GEMEINDE,lsa:GEMEINDE:15081045,Beetzendorf,party:F12,7,0,6,6,0
WAHLBEZIRK->GEMEINDE,lsa:GEMEINDE:15081045,Beetzendorf,party:F15,7,0,103,103,0
WAHLBEZIRK->GEMEINDE,lsa:GEMEINDE:15081045,Beetzendorf,party:F19,7,0,4,4,0
WAHLBEZIRK->GEMEINDE,lsa:GEMEINDE:15081045,Beetzendorf,party:F2,7,0,751,751,0
WAHLBEZIRK->GEMEINDE,lsa:GEMEINDE:15081045,Beetzendorf,party:F20,7,0,5,5,0
WAHLBEZIRK->GEMEINDE,lsa:GEMEINDE:15081045,Beetzendorf,party:F3,7,0,188,188,0
WAHLBEZIRK->GEMEINDE,lsa:GEMEINDE:15081045,Beetzendorf,party:F4,7,0,188,188,0
WAHLBEZIRK->GEMEINDE,lsa:GEMEINDE:15081045,Beetzendorf,party:F5,7,0,39,39,0
WAHLBEZIRK->GEMEINDE,lsa:GEMEINDE:15081045,Beetzendorf,party:F6,7,0,218,218,0
WAHLBEZIRK->GEMEINDE,lsa:GEMEINDE:15081045,Beetzendorf,party:F7,7,0,18,18,0
WAHLBEZIRK->GEMEINDE,lsa:GEMEINDE:15081045,Beetzendorf,party:F8,7,0,9,9,0
WAHLBEZIRK->GEMEINDE,lsa:GEMEINDE:15081045,Beetzendorf,party:F9,7,0,14,14,0
WAHLBEZIRK->GEMEINDE,lsa:GEMEINDE:15081095,Dähre,reported_precincts,3,0,3,3,0
WAHLBEZIRK->GEMEINDE,lsa:GEMEINDE:15081095,Dähre,total_precincts,3,0,3,3,0
WAHLBEZIRK->GEMEINDE,lsa:GEMEINDE:15081095,Dähre,voters_total,3,0,899,899,0
WAHLBEZIRK->GEMEINDE,lsa:GEMEINDE:15081095,Dähre,valid_votes_erst,3,0,892,892,0
WAHLBEZIRK->GEMEINDE,lsa:GEMEINDE:15081095,Dähre,valid_votes_zweit,3,0,891,891,0
WAHLBEZIRK->GEMEINDE,lsa:GEMEINDE:15081095,Dähre,party:D1,3,0,251,251,0
WAHLBEZIRK->GEMEINDE,lsa:GEMEINDE:15081095,Dähre,party:D11,3,0,5,5,0
WAHLBEZIRK->GEMEINDE,lsa:GEMEINDE:15081095,Dähre,party:D15,3,0,46,46,0
WAHLBEZIRK->GEMEINDE,lsa:GEMEINDE:15081095,Dähre,party:D2,3,0,370,370,0
WAHLBEZIRK->GEMEINDE,lsa:GEMEINDE:15081095,Dähre,party:D3,3,0,94,94,0
WAHLBEZIRK->GEMEINDE,lsa:GEMEINDE:15081095,Dähre,party:D4,3,0,71,71,0
WAHLBEZIRK->GEMEINDE,lsa:GEMEINDE:15081095,Dähre,party:D5,3,0,35,35,0
WAHLBEZIRK->GEMEINDE,lsa:GEMEINDE:15081095,Dähre,party:D6,3,0,20,20,0
WAHLBEZIRK->GEMEINDE,lsa:GEMEINDE:15081095,Dähre,party:F1,3,0,169,169,0
WAHLBEZIRK->GEMEINDE,lsa:GEMEINDE:15081095,Dähre,party:F10,3,0,0,0,0
WAHLBEZIRK->GEMEINDE,lsa:GEMEINDE:15081095,Dähre,party:F11,3,0,3,3,0
WAHLBEZIRK->GEMEINDE,lsa:GEMEINDE:15081095,Dähre,party:F12,3,0,0,0,0
WAHLBEZIRK->GEMEINDE,lsa:GEMEINDE:15081095,Dähre,party:F15,3,0,52,52,0
WAHLBEZIRK->GEMEINDE,lsa:GEMEINDE:15081095,Dähre,party:F19,3,0,3,3,0
WAHLBEZIRK->GEMEINDE,lsa:GEMEINDE:15081095,Dähre,party:F2,3,0,369,369,0
WAHLBEZIRK->GEMEINDE,lsa:GEMEINDE:15081095,Dähre,party:F20,3,0,0,0,0
WAHLBEZIRK->GEMEINDE,lsa:GEMEINDE:15081095,Dähre,party:F3,3,0,85,85,0
WAHLBEZIRK->GEMEINDE,lsa:GEMEINDE:15081095,Dähre,party:F4,3,0,93,93,0
WAHLBEZIRK->GEMEINDE,lsa:GEMEINDE:15081095,Dähre,party:F5,3,0,32,32,0
WAHLBEZIRK->GEMEINDE,lsa:GEMEINDE:15081095,Dähre,party:F6,3,0,77,77,0
WAHLBEZIRK->GEMEINDE,lsa:GEMEINDE:15081095,Dähre,party:F7,3,0,5,5,0
WAHLBEZIRK->GEMEINDE,lsa:GEMEINDE:15081095,Dähre,party:F8,3,0,1,1,0
WAHLBEZIRK->GEMEINDE,lsa:GEMEINDE:15081095,Dähre,party:F9,3,0,2,2,0
WAHLBEZIRK->GEMEINDE,lsa:GEMEINDE:15081105,"Diesdorf, Flecken",reported_precincts,2,0,2,2,0
WAHLBEZIRK->GEMEINDE,lsa:GEMEINDE:15081105,"Diesdorf, Flecken",total_precincts,2,0,2,2,0
WAHLBEZIRK->GEMEINDE,lsa:GEMEINDE:15081105,"Diesdorf, Flecken",voters_total,2,0,1453,1453,0
WAHLBEZIRK->GEMEINDE,lsa:GEMEINDE:15081105,"Diesdorf, Flecken",valid_votes_erst,2,0,1440,1440,0
WAHLBEZIRK->GEMEINDE,lsa:GEMEINDE:15081105,"Diesdorf, Flecken",valid_votes_zweit,2,0,1442,1442,0
WAHLBEZIRK->GEMEINDE,lsa:GEMEINDE:15081105,"Diesdorf, Flecken",party:D1,2,0,458,458,0
WAHLBEZIRK->GEMEINDE,lsa:GEMEINDE:15081105,"Diesdorf, Flecken",party:D11,2,0,17,17,0
WAHLBEZIRK->GEMEINDE,lsa:GEMEINDE:15081105,"Diesdorf, Flecken",party:D15,2,0,68,68,0
WAHLBEZIRK->GEMEINDE,lsa:GEMEINDE:15081105,"Diesdorf, Flecken",party:D2,2,0,584,584,0
WAHLBEZIRK->GEMEINDE,lsa:GEMEINDE:15081105,"Diesdorf, Flecken",party:D3,2,0,128,128,0
WAHLBEZIRK->GEMEINDE,lsa:GEMEINDE:15081105,"Diesdorf, Flecken",party:D4,2,0,111,111,0
WAHLBEZIRK->GEMEINDE,lsa:GEMEINDE:15081105,"Diesdorf, Flecken",party:D5,2,0,37,37,0
WAHLBEZIRK->GEMEINDE,lsa:GEMEINDE:15081105,"Diesdorf, Flecken",party:D6,2,0,37,37,0
WAHLBEZIRK->GEMEINDE,lsa:GEMEINDE:15081105,"Diesdorf, Flecken",party:F1,2,0,282,282,0
WAHLBEZIRK->GEMEINDE,lsa:GEMEINDE:15081105,"Diesdorf, Flecken",party:F10,2,0,2,2,0
WAHLBEZIRK->GEMEINDE,lsa:GEMEINDE:15081105,"Diesdorf, Flecken",party:F11,2,0,7,7,0
WAHLBEZIRK->GEMEINDE,lsa:GEMEINDE:15081105,"Diesdorf, Flecken",party:F12,2,0,8,8,0
WAHLBEZIRK->GEMEINDE,lsa:GEMEINDE:15081105,"Diesdorf, Flecken",party:F15,2,0,72,72,0
WAHLBEZIRK->GEMEINDE,lsa:GEMEINDE:15081105,"Diesdorf, Flecken",party:F19,2,0,3,3,0
WAHLBEZIRK->GEMEINDE,lsa:GEMEINDE:15081105,"Diesdorf, Flecken",party:F2,2,0,595,595,0
WAHLBEZIRK->GEMEINDE,lsa:GEMEINDE:15081105,"Diesdorf, Flecken",party:F20,2,0,2,2,0
WAHLBEZIRK->GEMEINDE,lsa:GEMEINDE:15081105,"Diesdorf, Flecken",party:F3,2,0,124,124,0
WAHLBEZIRK->GEMEINDE,lsa:GEMEINDE:15081105,"Diesdorf, Flecken",party:F4,2,0,156,156,0
WAHLBEZIRK->GEMEINDE,lsa:GEMEINDE:15081105,"Diesdorf, Flecken",party:F5,2,0,36,36,0
WAHLBEZIRK->GEMEINDE,lsa:GEMEINDE:15081105,"Diesdorf, Flecken",party:F6,2,0,121,121,0
WAHLBEZIRK->GEMEINDE,lsa:GEMEINDE:15081105,"Diesdorf, Flecken",party:F7,2,0,15,15,0
WAHLBEZIRK->GEMEINDE,lsa:GEMEINDE:15081105,"Diesdorf, Flecken",party:F8,2,0,6,6,0
WAHLBEZIRK->GEMEINDE,lsa:GEMEINDE:15081105,"Diesdorf, Flecken",party:F9,2,0,13,13,0
WAHLBEZIRK->GEMEINDE,lsa:GEMEINDE:15081135,"Gardelegen, Hansestadt",reported_precincts,40,0,40,40,0
WAHLBEZIRK->GEMEINDE,lsa:GEMEINDE:15081135,"Gardelegen, Hansestadt",total_precincts,40,0,40,40,0
WAHLBEZIRK->GEMEINDE,lsa:GEMEINDE:15081135,"Gardelegen, Hansestadt",voters_total,40,0,13849,13849,0
WAHLBEZIRK->GEMEINDE,lsa:GEMEINDE:15081135,"Gardelegen, Hansestadt",valid_votes_erst,40,0,13703,13703,0
WAHLBEZIRK->GEMEINDE,lsa:GEMEINDE:15081135,"Gardelegen, Hansestadt",valid_votes_zweit,40,0,13705,13705,0
WAHLBEZIRK->GEMEINDE,lsa:GEMEINDE:15081135,"Gardelegen, Hansestadt",party:D1,40,0,3617,3617,0
WAHLBEZIRK->GEMEINDE,lsa:GEMEINDE:15081135,"Gardelegen, Hansestadt",party:D11,40,0,214,214,0
WAHLBEZIRK->GEMEINDE,lsa:GEMEINDE:15081135,"Gardelegen, Hansestadt",party:D15,40,0,803,803,0
WAHLBEZIRK->GEMEINDE,lsa:GEMEINDE:15081135,"Gardelegen, Hansestadt",party:D2,40,0,5693,5693,0
WAHLBEZIRK->GEMEINDE,lsa:GEMEINDE:15081135,"Gardelegen, Hansestadt",party:D3,40,0,1434,1434,0
WAHLBEZIRK->GEMEINDE,lsa:GEMEINDE:15081135,"Gardelegen, Hansestadt",party:D4,40,0,1113,1113,0
WAHLBEZIRK->GEMEINDE,lsa:GEMEINDE:15081135,"Gardelegen, Hansestadt",party:D5,40,0,524,524,0
WAHLBEZIRK->GEMEINDE,lsa:GEMEINDE:15081135,"Gardelegen, Hansestadt",party:D6,40,0,305,305,0
WAHLBEZIRK->GEMEINDE,lsa:GEMEINDE:15081135,"Gardelegen, Hansestadt",party:F1,40,0,2369,2369,0
WAHLBEZIRK->GEMEINDE,lsa:GEMEINDE:15081135,"Gardelegen, Hansestadt",party:F10,40,0,84,84,0
WAHLBEZIRK->GEMEINDE,lsa:GEMEINDE:15081135,"Gardelegen, Hansestadt",party:F11,40,0,56,56,0
WAHLBEZIRK->GEMEINDE,lsa:GEMEINDE:15081135,"Gardelegen, Hansestadt",party:F12,40,0,78,78,0
WAHLBEZIRK->GEMEINDE,lsa:GEMEINDE:15081135,"Gardelegen, Hansestadt",party:F15,40,0,754,754,0
WAHLBEZIRK->GEMEINDE,lsa:GEMEINDE:15081135,"Gardelegen, Hansestadt",party:F19,40,0,32,32,0
WAHLBEZIRK->GEMEINDE,lsa:GEMEINDE:15081135,"Gardelegen, Hansestadt",party:F2,40,0,5780,5780,0
WAHLBEZIRK->GEMEINDE,lsa:GEMEINDE:15081135,"Gardelegen, Hansestadt",party:F20,40,0,50,50,0
WAHLBEZIRK->GEMEINDE,lsa:GEMEINDE:15081135,"Gardelegen, Hansestadt",party:F3,40,0,1245,1245,0
WAHLBEZIRK->GEMEINDE,lsa:GEMEINDE:15081135,"Gardelegen, Hansestadt",party:F4,40,0,1548,1548,0
WAHLBEZIRK->GEMEINDE,lsa:GEMEINDE:15081135,"Gardelegen, Hansestadt",party:F5,40,0,439,439,0
WAHLBEZIRK->GEMEINDE,lsa:GEMEINDE:15081135,"Gardelegen, Hansestadt",party:F6,40,0,986,986,0
WAHLBEZIRK->GEMEINDE,lsa:GEMEINDE:15081135,"Gardelegen, Hansestadt",party:F7,40,0,121,121,0
WAHLBEZIRK->GEMEINDE,lsa:GEMEINDE:15081135,"Gardelegen, Hansestadt",party:F8,40,0,17,17,0
WAHLBEZIRK->GEMEINDE,lsa:GEMEINDE:15081135,"Gardelegen, Hansestadt",party:F9,40,0,146,146,0
WAHLBEZIRK->GEMEINDE,lsa:GEMEINDE:15081225,Jübar,reported_precincts,6,0,6,6,0
WAHLBEZIRK->GEMEINDE,lsa:GEMEINDE:15081225,Jübar,total_precincts,6,0,6,6,0
WAHLBEZIRK->GEMEINDE,lsa:GEMEINDE:15081225,Jübar,voters_total,6,0,1044,1044,0
WAHLBEZIRK->GEMEINDE,lsa:GEMEINDE:15081225,Jübar,valid_votes_erst,6,0,1037,1037,0
WAHLBEZIRK->GEMEINDE,lsa:GEMEINDE:15081225,Jübar,valid_votes_zweit,6,0,1037,1037,0
WAHLBEZIRK->GEMEINDE,lsa:GEMEINDE:15081225,Jübar,party:D1,6,0,299,299,0
WAHLBEZIRK->GEMEINDE,lsa:GEMEINDE:15081225,Jübar,party:D11,6,0,11,11,0
WAHLBEZIRK->GEMEINDE,lsa:GEMEINDE:15081225,Jübar,party:D15,6,0,42,42,0
WAHLBEZIRK->GEMEINDE,lsa:GEMEINDE:15081225,Jübar,party:D2,6,0,482,482,0
WAHLBEZIRK->GEMEINDE,lsa:GEMEINDE:15081225,Jübar,party:D3,6,0,80,80,0
WAHLBEZIRK->GEMEINDE,lsa:GEMEINDE:15081225,Jübar,party:D4,6,0,70,70,0
WAHLBEZIRK->GEMEINDE,lsa:GEMEINDE:15081225,Jübar,party:D5,6,0,28,28,0
WAHLBEZIRK->GEMEINDE,lsa:GEMEINDE:15081225,Jübar,party:D6,6,0,25,25,0
WAHLBEZIRK->GEMEINDE,lsa:GEMEINDE:15081225,Jübar,party:F1,6,0,172,172,0
WAHLBEZIRK->GEMEINDE,lsa:GEMEINDE:15081225,Jübar,party:F10,6,0,6,6,0
WAHLBEZIRK->GEMEINDE,lsa:GEMEINDE:15081225,Jübar,party:F11,6,0,3,3,0
WAHLBEZIRK->GEMEINDE,lsa:GEMEINDE:15081225,Jübar,party:F12,6,0,5,5,0
WAHLBEZIRK->GEMEINDE,lsa:GEMEINDE:15081225,Jübar,party:F15,6,0,44,44,0
WAHLBEZIRK->GEMEINDE,lsa:GEMEINDE:15081225,Jübar,party:F19,6,0,2,2,0
WAHLBEZIRK->GEMEINDE,lsa:GEMEINDE:15081225,Jübar,party:F2,6,0,532,532,0
WAHLBEZIRK->GEMEINDE,lsa:GEMEINDE:15081225,Jübar,party:F20,6,0,0,0,0
WAHLBEZIRK->GEMEINDE,lsa:GEMEINDE:15081225,Jübar,party:F3,6,0,78,78,0
WAHLBEZIRK->GEMEINDE,lsa:GEMEINDE:15081225,Jübar,party:F4,6,0,80,80,0
WAHLBEZIRK->GEMEINDE,lsa:GEMEINDE:15081225,Jübar,party:F5,6,0,22,22,0
WAHLBEZIRK->GEMEINDE,lsa:GEMEINDE:15081225,Jübar,party:F6,6,0,68,68,0
WAHLBEZIRK->GEMEINDE,lsa:GEMEINDE:15081225,Jübar,party:F7,6,0,12,12,0
WAHLBEZIRK->GEMEINDE,lsa:GEMEINDE:15081225,Jübar,party:F8,6,0,2,2,0
WAHLBEZIRK->GEMEINDE,lsa:GEMEINDE:15081225,Jübar,party:F9,6,0,11,11,0
WAHLBEZIRK->GEMEINDE,lsa:GEMEINDE:15081240,"Kalbe (Milde), Stadt",reported_precincts,18,0,18,18,0
WAHLBEZIRK->GEMEINDE,lsa:GEMEINDE:15081240,"Kalbe (Milde), Stadt",total_precincts,18,0,18,18,0
WAHLBEZIRK->GEMEINDE,lsa:GEMEINDE:15081240,"Kalbe (Milde), Stadt",voters_total,18,0,4600,4600,0
WAHLBEZIRK->GEMEINDE,lsa:GEMEINDE:15081240,"Kalbe (Milde), Stadt",valid_votes_erst,18,0,4559,4559,0
WAHLBEZIRK->GEMEINDE,lsa:GEMEINDE:15081240,"Kalbe (Milde), Stadt",valid_votes_zweit,18,0,4562,4562,0
WAHLBEZIRK->GEMEINDE,lsa:GEMEINDE:15081240,"Kalbe (Milde), Stadt",party:D1,18,0,1173,1173,0
WAHLBEZIRK->GEMEINDE,lsa:GEMEINDE:15081240,"Kalbe (Milde), Stadt",party:D11,18,0,62,62,0
WAHLBEZIRK->GEMEINDE,lsa:GEMEINDE:15081240,"Kalbe (Milde), Stadt",party:D15,18,0,266,266,0
WAHLBEZIRK->GEMEINDE,lsa:GEMEINDE:15081240,"Kalbe (Milde), Stadt",party:D2,18,0,1991,1991,0
WAHLBEZIRK->GEMEINDE,lsa:GEMEINDE:15081240,"Kalbe (Milde), Stadt",party:D3,18,0,547,547,0
WAHLBEZIRK->GEMEINDE,lsa:GEMEINDE:15081240,"Kalbe (Milde), Stadt",party:D4,18,0,295,295,0
WAHLBEZIRK->GEMEINDE,lsa:GEMEINDE:15081240,"Kalbe (Milde), Stadt",party:D5,18,0,115,115,0
WAHLBEZIRK->GEMEINDE,lsa:GEMEINDE:15081240,"Kalbe (Milde), Stadt",party:D6,18,0,110,110,0
WAHLBEZIRK->GEMEINDE,lsa:GEMEINDE:15081240,"Kalbe (Milde), Stadt",party:F1,18,0,828,828,0
WAHLBEZIRK->GEMEINDE,lsa:GEMEINDE:15081240,"Kalbe (Milde), Stadt",party:F10,18,0,14,14,0
WAHLBEZIRK->GEMEINDE,lsa:GEMEINDE:15081240,"Kalbe (Milde), Stadt",party:F11,18,0,21,21,0
WAHLBEZIRK->GEMEINDE,lsa:GEMEINDE:15081240,"Kalbe (Milde), Stadt",party:F12,18,0,18,18,0
WAHLBEZIRK->GEMEINDE,lsa:GEMEINDE:15081240,"Kalbe (Milde), Stadt",party:F15,18,0,274,274,0
WAHLBEZIRK->GEMEINDE,lsa:GEMEINDE:15081240,"Kalbe (Milde), Stadt",party:F19,18,0,5,5,0
WAHLBEZIRK->GEMEINDE,lsa:GEMEINDE:15081240,"Kalbe (Milde), Stadt",party:F2,18,0,2000,2000,0
WAHLBEZIRK->GEMEINDE,lsa:GEMEINDE:15081240,"Kalbe (Milde), Stadt",party:F20,18,0,18,18,0
WAHLBEZIRK->GEMEINDE,lsa:GEMEINDE:15081240,"Kalbe (Milde), Stadt",party:F3,18,0,439,439,0
WAHLBEZIRK->GEMEINDE,lsa:GEMEINDE:15081240,"Kalbe (Milde), Stadt",party:F4,18,0,416,416,0
WAHLBEZIRK->GEMEINDE,lsa:GEMEINDE:15081240,"Kalbe (Milde), Stadt",party:F5,18,0,121,121,0
WAHLBEZIRK->GEMEINDE,lsa:GEMEINDE:15081240,"Kalbe (Milde), Stadt",party:F6,18,0,320,320,0
WAHLBEZIRK->GEMEINDE,lsa:GEMEINDE:15081240,"Kalbe (Milde), Stadt",party:F7,18,0,36,36,0
WAHLBEZIRK->GEMEINDE,lsa:GEMEINDE:15081240,"Kalbe (Milde), Stadt",party:F8,18,0,9,9,0
WAHLBEZIRK->GEMEINDE,lsa:GEMEINDE:15081240,"Kalbe (Milde), Stadt",party:F9,18,0,43,43,0
WAHLBEZIRK->GEMEINDE,lsa:GEMEINDE:15081280,"Klötze, Stadt",reported_precincts,19,0,19,19,0
WAHLBEZIRK->GEMEINDE,lsa:GEMEINDE:15081280,"Klötze, Stadt",total_precincts,19,0,19,19,0
WAHLBEZIRK->GEMEINDE,lsa:GEMEINDE:15081280,"Klötze, Stadt",voters_total,19,0,6354,6354,0
WAHLBEZIRK->GEMEINDE,lsa:GEMEINDE:15081280,"Klötze, Stadt",valid_votes_erst,19,0,6284,6284,0
WAHLBEZIRK->GEMEINDE,lsa:GEMEINDE:15081280,"Klötze, Stadt",valid_votes_zweit,19,0,6288,6288,0
WAHLBEZIRK->GEMEINDE,lsa:GEMEINDE:15081280,"Klötze, Stadt",party:D1,19,0,1619,1619,0
WAHLBEZIRK->GEMEINDE,lsa:GEMEINDE:15081280,"Klötze, Stadt",party:D11,19,0,76,76,0
WAHLBEZIRK->GEMEINDE,lsa:GEMEINDE:15081280,"Klötze, Stadt",party:D15,19,0,301,301,0
WAHLBEZIRK->GEMEINDE,lsa:GEMEINDE:15081280,"Klötze, Stadt",party:D2,19,0,2462,2462,0
WAHLBEZIRK->GEMEINDE,lsa:GEMEINDE:15081280,"Klötze, Stadt",party:D3,19,0,1000,1000,0
WAHLBEZIRK->GEMEINDE,lsa:GEMEINDE:15081280,"Klötze, Stadt",party:D4,19,0,504,504,0
WAHLBEZIRK->GEMEINDE,lsa:GEMEINDE:15081280,"Klötze, Stadt",party:D5,19,0,166,166,0
WAHLBEZIRK->GEMEINDE,lsa:GEMEINDE:15081280,"Klötze, Stadt",party:D6,19,0,156,156,0
WAHLBEZIRK->GEMEINDE,lsa:GEMEINDE:15081280,"Klötze, Stadt",party:F1,19,0,1201,1201,0
WAHLBEZIRK->GEMEINDE,lsa:GEMEINDE:15081280,"Klötze, Stadt",party:F10,19,0,38,38,0
WAHLBEZIRK->GEMEINDE,lsa:GEMEINDE:15081280,"Klötze, Stadt",party:F11,19,0,35,35,0
WAHLBEZIRK->GEMEINDE,lsa:GEMEINDE:15081280,"Klötze, Stadt",party:F12,19,0,36,36,0
WAHLBEZIRK->GEMEINDE,lsa:GEMEINDE:15081280,"Klötze, Stadt",party:F15,19,0,324,324,0
WAHLBEZIRK->GEMEINDE,lsa:GEMEINDE:15081280,"Klötze, Stadt",party:F19,19,0,14,14,0
WAHLBEZIRK->GEMEINDE,lsa:GEMEINDE:15081280,"Klötze, Stadt",party:F2,19,0,2520,2520,0
WAHLBEZIRK->GEMEINDE,lsa:GEMEINDE:15081280,"Klötze, Stadt",party:F20,19,0,15,15,0
WAHLBEZIRK->GEMEINDE,lsa:GEMEINDE:15081280,"Klötze, Stadt",party:F3,19,0,598,598,0
WAHLBEZIRK->GEMEINDE,lsa:GEMEINDE:15081280,"Klötze, Stadt",party:F4,19,0,746,746,0
WAHLBEZIRK->GEMEINDE,lsa:GEMEINDE:15081280,"Klötze, Stadt",party:F5,19,0,178,178,0
WAHLBEZIRK->GEMEINDE,lsa:GEMEINDE:15081280,"Klötze, Stadt",party:F6,19,0,460,460,0
WAHLBEZIRK->GEMEINDE,lsa:GEMEINDE:15081280,"Klötze, Stadt",party:F7,19,0,69,69,0
WAHLBEZIRK->GEMEINDE,lsa:GEMEINDE:15081280,"Klötze, Stadt",party:F8,19,0,9,9,0
WAHLBEZIRK->GEMEINDE,lsa:GEMEINDE:15081280,"Klötze, Stadt",party:F9,19,0,45,45,0
WAHLBEZIRK->GEMEINDE,lsa:GEMEINDE:15081290,Kuhfelde,reported_precincts,4,0,4,4,0
WAHLBEZIRK->GEMEINDE,lsa:GEMEINDE:15081290,Kuhfelde,total_precincts,4,0,4,4,0
WAHLBEZIRK->GEMEINDE,lsa:GEMEINDE:15081290,Kuhfelde,voters_total,4,0,708,708,0
WAHLBEZIRK->GEMEINDE,lsa:GEMEINDE:15081290,Kuhfelde,valid_votes_erst,4,0,699,699,0
WAHLBEZIRK->GEMEINDE,lsa:GEMEINDE:15081290,Kuhfelde,valid_votes_zweit,4,0,700,700,0
WAHLBEZIRK->GEMEINDE,lsa:GEMEINDE:15081290,Kuhfelde,party:D1,4,0,162,162,0
WAHLBEZIRK->GEMEINDE,lsa:GEMEINDE:15081290,Kuhfelde,party:D11,4,0,12,12,0
WAHLBEZIRK->GEMEINDE,lsa:GEMEINDE:15081290,Kuhfelde,party:D15,4,0,39,39,0
WAHLBEZIRK->GEMEINDE,lsa:GEMEINDE:15081290,Kuhfelde,party:D2,4,0,334,334,0
WAHLBEZIRK->GEMEINDE,lsa:GEMEINDE:15081290,Kuhfelde,party:D3,4,0,61,61,0
WAHLBEZIRK->GEMEINDE,lsa:GEMEINDE:15081290,Kuhfelde,party:D4,4,0,46,46,0
WAHLBEZIRK->GEMEINDE,lsa:GEMEINDE:15081290,Kuhfelde,party:D5,4,0,23,23,0
WAHLBEZIRK->GEMEINDE,lsa:GEMEINDE:15081290,Kuhfelde,party:D6,4,0,22,22,0
WAHLBEZIRK->GEMEINDE,lsa:GEMEINDE:15081290,Kuhfelde,party:F1,4,0,129,129,0
WAHLBEZIRK->GEMEINDE,lsa:GEMEINDE:15081290,Kuhfelde,party:F10,4,0,3,3,0
WAHLBEZIRK->GEMEINDE,lsa:GEMEINDE:15081290,Kuhfelde,party:F11,4,0,5,5,0
WAHLBEZIRK->GEMEINDE,lsa:GEMEINDE:15081290,Kuhfelde,party:F12,4,0,6,6,0
WAHLBEZIRK->GEMEINDE,lsa:GEMEINDE:15081290,Kuhfelde,party:F15,4,0,39,39,0
WAHLBEZIRK->GEMEINDE,lsa:GEMEINDE:15081290,Kuhfelde,party:F19,4,0,2,2,0
WAHLBEZIRK->GEMEINDE,lsa:GEMEINDE:15081290,Kuhfelde,party:F2,4,0,332,332,0
WAHLBEZIRK->GEMEINDE,lsa:GEMEINDE:15081290,Kuhfelde,party:F20,4,0,1,1,0
WAHLBEZIRK->GEMEINDE,lsa:GEMEINDE:15081290,Kuhfelde,party:F3,4,0,51,51,0
WAHLBEZIRK->GEMEINDE,lsa:GEMEINDE:15081290,Kuhfelde,party:F4,4,0,46,46,0
WAHLBEZIRK->GEMEINDE,lsa:GEMEINDE:15081290,Kuhfelde,party:F5,4,0,17,17,0
WAHLBEZIRK->GEMEINDE,lsa:GEMEINDE:15081290,Kuhfelde,party:F6,4,0,57,57,0
WAHLBEZIRK->GEMEINDE,lsa:GEMEINDE:15081290,Kuhfelde,party:F7,4,0,11,11,0
WAHLBEZIRK->GEMEINDE,lsa:GEMEINDE:15081290,Kuhfelde,party:F8,4,0,0,0,0
WAHLBEZIRK->GEMEINDE,lsa:GEMEINDE:15081290,Kuhfelde,party:F9,4,0,1,1,0
WAHLBEZIRK->GEMEINDE,lsa:GEMEINDE:15081440,Rohrberg,reported_precincts,4,0,4,4,0
WAHLBEZIRK->GEMEINDE,lsa:GEMEINDE:15081440,Rohrberg,total_precincts,4,0,4,4,0
WAHLBEZIRK->GEMEINDE,lsa:GEMEINDE:15081440,Rohrberg,voters_total,4,0,686,686,0
WAHLBEZIRK->GEMEINDE,lsa:GEMEINDE:15081440,Rohrberg,valid_votes_erst,4,0,682,682,0
WAHLBEZIRK->GEMEINDE,lsa:GEMEINDE:15081440,Rohrberg,valid_votes_zweit,4,0,679,679,0
WAHLBEZIRK->GEMEINDE,lsa:GEMEINDE:15081440,Rohrberg,party:D1,4,0,163,163,0
WAHLBEZIRK->GEMEINDE,lsa:GEMEINDE:15081440,Rohrberg,party:D11,4,0,14,14,0
WAHLBEZIRK->GEMEINDE,lsa:GEMEINDE:15081440,Rohrberg,party:D15,4,0,29,29,0
WAHLBEZIRK->GEMEINDE,lsa:GEMEINDE:15081440,Rohrberg,party:D2,4,0,341,341,0
WAHLBEZIRK->GEMEINDE,lsa:GEMEINDE:15081440,Rohrberg,party:D3,4,0,54,54,0
WAHLBEZIRK->GEMEINDE,lsa:GEMEINDE:15081440,Rohrberg,party:D4,4,0,51,51,0
WAHLBEZIRK->GEMEINDE,lsa:GEMEINDE:15081440,Rohrberg,party:D5,4,0,17,17,0
WAHLBEZIRK->GEMEINDE,lsa:GEMEINDE:15081440,Rohrberg,party:D6,4,0,13,13,0
WAHLBEZIRK->GEMEINDE,lsa:GEMEINDE:15081440,Rohrberg,party:F1,4,0,118,118,0
WAHLBEZIRK->GEMEINDE,lsa:GEMEINDE:15081440,Rohrberg,party:F10,4,0,3,3,0
WAHLBEZIRK->GEMEINDE,lsa:GEMEINDE:15081440,Rohrberg,party:F11,4,0,2,2,0
WAHLBEZIRK->GEMEINDE,lsa:GEMEINDE:15081440,Rohrberg,party:F12,4,0,4,4,0
WAHLBEZIRK->GEMEINDE,lsa:GEMEINDE:15081440,Rohrberg,party:F15,4,0,36,36,0
WAHLBEZIRK->GEMEINDE,lsa:GEMEINDE:15081440,Rohrberg,party:F19,4,0,0,0,0
WAHLBEZIRK->GEMEINDE,lsa:GEMEINDE:15081440,Rohrberg,party:F2,4,0,340,340,0
WAHLBEZIRK->GEMEINDE,lsa:GEMEINDE:15081440,Rohrberg,party:F20,4,0,0,0,0
WAHLBEZIRK->GEMEINDE,lsa:GEMEINDE:15081440,Rohrberg,party:F3,4,0,44,44,0
WAHLBEZIRK->GEMEINDE,lsa:GEMEINDE:15081440,Rohrberg,party:F4,4,0,49,49,0
WAHLBEZIRK->GEMEINDE,lsa:GEMEINDE:15081440,Rohrberg,party:F5,4,0,8,8,0
WAHLBEZIRK->GEMEINDE,lsa:GEMEINDE:15081440,Rohrberg,party:F6,4,0,59,59,0
WAHLBEZIRK->GEMEINDE,lsa:GEMEINDE:15081440,Rohrberg,party:F7,4,0,5,5,0
WAHLBEZIRK->GEMEINDE,lsa:GEMEINDE:15081440,Rohrberg,party:F8,4,0,1,1,0
WAHLBEZIRK->GEMEINDE,lsa:GEMEINDE:15081440,Rohrberg,party:F9,4,0,10,10,0
WAHLBEZIRK->GEMEINDE,lsa:GEMEINDE:15081455,"Salzwedel, Hansestadt",reported_precincts,25,0,25,25,0
WAHLBEZIRK->GEMEINDE,lsa:GEMEINDE:15081455,"Salzwedel, Hansestadt",total_precincts,25,0,25,25,0
WAHLBEZIRK->GEMEINDE,lsa:GEMEINDE:15081455,"Salzwedel, Hansestadt",voters_total,25,0,13649,13649,0
WAHLBEZIRK->GEMEINDE,lsa:GEMEINDE:15081455,"Salzwedel, Hansestadt",valid_votes_erst,25,0,13490,13490,0
WAHLBEZIRK->GEMEINDE,lsa:GEMEINDE:15081455,"Salzwedel, Hansestadt",valid_votes_zweit,25,0,13506,13506,0
WAHLBEZIRK->GEMEINDE,lsa:GEMEINDE:15081455,"Salzwedel, Hansestadt",party:D1,25,0,3380,3380,0
WAHLBEZIRK->GEMEINDE,lsa:GEMEINDE:15081455,"Salzwedel, Hansestadt",party:D11,25,0,166,166,0
WAHLBEZIRK->GEMEINDE,lsa:GEMEINDE:15081455,"Salzwedel, Hansestadt",party:D15,25,0,707,707,0
WAHLBEZIRK->GEMEINDE,lsa:GEMEINDE:15081455,"Salzwedel, Hansestadt",party:D2,25,0,5364,5364,0
WAHLBEZIRK->GEMEINDE,lsa:GEMEINDE:15081455,"Salzwedel, Hansestadt",party:D3,25,0,2101,2101,0
WAHLBEZIRK->GEMEINDE,lsa:GEMEINDE:15081455,"Salzwedel, Hansestadt",party:D4,25,0,1047,1047,0
WAHLBEZIRK->GEMEINDE,lsa:GEMEINDE:15081455,"Salzwedel, Hansestadt",party:D5,25,0,359,359,0
WAHLBEZIRK->GEMEINDE,lsa:GEMEINDE:15081455,"Salzwedel, Hansestadt",party:D6,25,0,366,366,0
WAHLBEZIRK->GEMEINDE,lsa:GEMEINDE:15081455,"Salzwedel, Hansestadt",party:F1,25,0,2232,2232,0
WAHLBEZIRK->GEMEINDE,lsa:GEMEINDE:15081455,"Salzwedel, Hansestadt",party:F10,25,0,58,58,0
WAHLBEZIRK->GEMEINDE,lsa:GEMEINDE:15081455,"Salzwedel, Hansestadt",party:F11,25,0,52,52,0
WAHLBEZIRK->GEMEINDE,lsa:GEMEINDE:15081455,"Salzwedel, Hansestadt",party:F12,25,0,51,51,0
WAHLBEZIRK->GEMEINDE,lsa:GEMEINDE:15081455,"Salzwedel, Hansestadt",party:F15,25,0,765,765,0
WAHLBEZIRK->GEMEINDE,lsa:GEMEINDE:15081455,"Salzwedel, Hansestadt",party:F19,25,0,17,17,0
WAHLBEZIRK->GEMEINDE,lsa:GEMEINDE:15081455,"Salzwedel, Hansestadt",party:F2,25,0,5393,5393,0
WAHLBEZIRK->GEMEINDE,lsa:GEMEINDE:15081455,"Salzwedel, Hansestadt",party:F20,25,0,32,32,0
WAHLBEZIRK->GEMEINDE,lsa:GEMEINDE:15081455,"Salzwedel, Hansestadt",party:F3,25,0,1639,1639,0
WAHLBEZIRK->GEMEINDE,lsa:GEMEINDE:15081455,"Salzwedel, Hansestadt",party:F4,25,0,1482,1482,0
WAHLBEZIRK->GEMEINDE,lsa:GEMEINDE:15081455,"Salzwedel, Hansestadt",party:F5,25,0,346,346,0
WAHLBEZIRK->GEMEINDE,lsa:GEMEINDE:15081455,"Salzwedel, Hansestadt",party:F6,25,0,1109,1109,0
WAHLBEZIRK->GEMEINDE,lsa:GEMEINDE:15081455,"Salzwedel, Hansestadt",party:F7,25,0,141,141,0
WAHLBEZIRK->GEMEINDE,lsa:GEMEINDE:15081455,"Salzwedel, Hansestadt",party:F8,25,0,71,71,0
WAHLBEZIRK->GEMEINDE,lsa:GEMEINDE:15081455,"Salzwedel, Hansestadt",party:F9,25,0,118,118,0
WAHLBEZIRK->GEMEINDE,lsa:GEMEINDE:15081545,Wallstawe,reported_precincts,3,0,3,3,0
WAHLBEZIRK->GEMEINDE,lsa:GEMEINDE:15081545,Wallstawe,total_precincts,3,0,3,3,0
WAHLBEZIRK->GEMEINDE,lsa:GEMEINDE:15081545,Wallstawe,voters_total,3,0,573,573,0
WAHLBEZIRK->GEMEINDE,lsa:GEMEINDE:15081545,Wallstawe,valid_votes_erst,3,0,565,565,0
WAHLBEZIRK->GEMEINDE,lsa:GEMEINDE:15081545,Wallstawe,valid_votes_zweit,3,0,565,565,0
WAHLBEZIRK->GEMEINDE,lsa:GEMEINDE:15081545,Wallstawe,party:D1,3,0,148,148,0
WAHLBEZIRK->GEMEINDE,lsa:GEMEINDE:15081545,Wallstawe,party:D11,3,0,4,4,0
WAHLBEZIRK->GEMEINDE,lsa:GEMEINDE:15081545,Wallstawe,party:D15,3,0,23,23,0
WAHLBEZIRK->GEMEINDE,lsa:GEMEINDE:15081545,Wallstawe,party:D2,3,0,255,255,0
WAHLBEZIRK->GEMEINDE,lsa:GEMEINDE:15081545,Wallstawe,party:D3,3,0,55,55,0
WAHLBEZIRK->GEMEINDE,lsa:GEMEINDE:15081545,Wallstawe,party:D4,3,0,37,37,0
WAHLBEZIRK->GEMEINDE,lsa:GEMEINDE:15081545,Wallstawe,party:D5,3,0,20,20,0
WAHLBEZIRK->GEMEINDE,lsa:GEMEINDE:15081545,Wallstawe,party:D6,3,0,23,23,0
WAHLBEZIRK->GEMEINDE,lsa:GEMEINDE:15081545,Wallstawe,party:F1,3,0,93,93,0
WAHLBEZIRK->GEMEINDE,lsa:GEMEINDE:15081545,Wallstawe,party:F10,3,0,1,1,0
WAHLBEZIRK->GEMEINDE,lsa:GEMEINDE:15081545,Wallstawe,party:F11,3,0,0,0,0
WAHLBEZIRK->GEMEINDE,lsa:GEMEINDE:15081545,Wallstawe,party:F12,3,0,1,1,0
WAHLBEZIRK->GEMEINDE,lsa:GEMEINDE:15081545,Wallstawe,party:F15,3,0,23,23,0
WAHLBEZIRK->GEMEINDE,lsa:GEMEINDE:15081545,Wallstawe,party:F19,3,0,2,2,0
WAHLBEZIRK->GEMEINDE,lsa:GEMEINDE:15081545,Wallstawe,party:F2,3,0,262,262,0
WAHLBEZIRK->GEMEINDE,lsa:GEMEINDE:15081545,Wallstawe,party:F20,3,0,5,5,0
WAHLBEZIRK->GEMEINDE,lsa:GEMEINDE:15081545,Wallstawe,party:F3,3,0,38,38,0
WAHLBEZIRK->GEMEINDE,lsa:GEMEINDE:15081545,Wallstawe,party:F4,3,0,46,46,0
WAHLBEZIRK->GEMEINDE,lsa:GEMEINDE:15081545,Wallstawe,party:F5,3,0,20,20,0
WAHLBEZIRK->GEMEINDE,lsa:GEMEINDE:15081545,Wallstawe,party:F6,3,0,62,62,0
WAHLBEZIRK->GEMEINDE,lsa:GEMEINDE:15081545,Wallstawe,party:F7,3,0,10,10,0
WAHLBEZIRK->GEMEINDE,lsa:GEMEINDE:15081545,Wallstawe,party:F8,3,0,0,0,0
WAHLBEZIRK->GEMEINDE,lsa:GEMEINDE:15081545,Wallstawe,party:F9,3,0,2,2,0
WAHLBEZIRK->GEMEINDE,lsa:GEMEINDE:15082005,"Aken (Elbe), Stadt",reported_precincts,10,0,10,10,0
WAHLBEZIRK->GEMEINDE,lsa:GEMEINDE:15082005,"Aken (Elbe), Stadt",total_precincts,10,0,10,10,0
WAHLBEZIRK->GEMEINDE,lsa:GEMEINDE:15082005,"Aken (Elbe), Stadt",voters_total,10,0,4692,4692,0
WAHLBEZIRK->GEMEINDE,lsa:GEMEINDE:15082005,"Aken (Elbe), Stadt",valid_votes_erst,10,0,4613,4613,0
WAHLBEZIRK->GEMEINDE,lsa:GEMEINDE:15082005,"Aken (Elbe), Stadt",valid_votes_zweit,10,0,4635,4635,0
WAHLBEZIRK->GEMEINDE,lsa:GEMEINDE:15082005,"Aken (Elbe), Stadt",party:D1,10,0,1044,1044,0
WAHLBEZIRK->GEMEINDE,lsa:GEMEINDE:15082005,"Aken (Elbe), Stadt",party:D2,10,0,2273,2273,0
WAHLBEZIRK->GEMEINDE,lsa:GEMEINDE:15082005,"Aken (Elbe), Stadt",party:D3,10,0,478,478,0
WAHLBEZIRK->GEMEINDE,lsa:GEMEINDE:15082005,"Aken (Elbe), Stadt",party:D4,10,0,294,294,0
WAHLBEZIRK->GEMEINDE,lsa:GEMEINDE:15082005,"Aken (Elbe), Stadt",party:D5,10,0,416,416,0
WAHLBEZIRK->GEMEINDE,lsa:GEMEINDE:15082005,"Aken (Elbe), Stadt",party:D6,10,0,108,108,0
WAHLBEZIRK->GEMEINDE,lsa:GEMEINDE:15082005,"Aken (Elbe), Stadt",party:F1,10,0,836,836,0
WAHLBEZIRK->GEMEINDE,lsa:GEMEINDE:15082005,"Aken (Elbe), Stadt",party:F10,10,0,25,25,0
WAHLBEZIRK->GEMEINDE,lsa:GEMEINDE:15082005,"Aken (Elbe), Stadt",party:F11,10,0,7,7,0
WAHLBEZIRK->GEMEINDE,lsa:GEMEINDE:15082005,"Aken (Elbe), Stadt",party:F12,10,0,29,29,0
WAHLBEZIRK->GEMEINDE,lsa:GEMEINDE:15082005,"Aken (Elbe), Stadt",party:F15,10,0,262,262,0
WAHLBEZIRK->GEMEINDE,lsa:GEMEINDE:15082005,"Aken (Elbe), Stadt",party:F19,10,0,3,3,0
WAHLBEZIRK->GEMEINDE,lsa:GEMEINDE:15082005,"Aken (Elbe), Stadt",party:F2,10,0,2181,2181,0
WAHLBEZIRK->GEMEINDE,lsa:GEMEINDE:15082005,"Aken (Elbe), Stadt",party:F20,10,0,10,10,0
WAHLBEZIRK->GEMEINDE,lsa:GEMEINDE:15082005,"Aken (Elbe), Stadt",party:F3,10,0,372,372,0
WAHLBEZIRK->GEMEINDE,lsa:GEMEINDE:15082005,"Aken (Elbe), Stadt",party:F4,10,0,357,357,0
WAHLBEZIRK->GEMEINDE,lsa:GEMEINDE:15082005,"Aken (Elbe), Stadt",party:F5,10,0,195,195,0
WAHLBEZIRK->GEMEINDE,lsa:GEMEINDE:15082005,"Aken (Elbe), Stadt",party:F6,10,0,247,247,0
WAHLBEZIRK->GEMEINDE,lsa:GEMEINDE:15082005,"Aken (Elbe), Stadt",party:F7,10,0,54,54,0
WAHLBEZIRK->GEMEINDE,lsa:GEMEINDE:15082005,"Aken (Elbe), Stadt",party:F8,10,0,5,5,0
WAHLBEZIRK->GEMEINDE,lsa:GEMEINDE:15082005,"Aken (Elbe), Stadt",party:F9,10,0,52,52,0
WAHLBEZIRK->GEMEINDE,lsa:GEMEINDE:15082015,"Bitterfeld-Wolfen, Stadt",reported_precincts,31,0,31,31,0
WAHLBEZIRK->GEMEINDE,lsa:GEMEINDE:15082015,"Bitterfeld-Wolfen, Stadt",total_precincts,31,0,31,31,0
WAHLBEZIRK->GEMEINDE,lsa:GEMEINDE:15082015,"Bitterfeld-Wolfen, Stadt",voters_total,31,0,21641,21641,0
WAHLBEZIRK->GEMEINDE,lsa:GEMEINDE:15082015,"Bitterfeld-Wolfen, Stadt",valid_votes_erst,31,0,21389,21389,0
WAHLBEZIRK->GEMEINDE,lsa:GEMEINDE:15082015,"Bitterfeld-Wolfen, Stadt",valid_votes_zweit,31,0,21421,21421,0
WAHLBEZIRK->GEMEINDE,lsa:GEMEINDE:15082015,"Bitterfeld-Wolfen, Stadt",party:D1,31,0,4314,4314,0
WAHLBEZIRK->GEMEINDE,lsa:GEMEINDE:15082015,"Bitterfeld-Wolfen, Stadt",party:D2,31,0,11013,11013,0
WAHLBEZIRK->GEMEINDE,lsa:GEMEINDE:15082015,"Bitterfeld-Wolfen, Stadt",party:D3,31,0,2277,2277,0
WAHLBEZIRK->GEMEINDE,lsa:GEMEINDE:15082015,"Bitterfeld-Wolfen, Stadt",party:D4,31,0,1601,1601,0
WAHLBEZIRK->GEMEINDE,lsa:GEMEINDE:15082015,"Bitterfeld-Wolfen, Stadt",party:D5,31,0,554,554,0
WAHLBEZIRK->GEMEINDE,lsa:GEMEINDE:15082015,"Bitterfeld-Wolfen, Stadt",party:D6,31,0,704,704,0
WAHLBEZIRK->GEMEINDE,lsa:GEMEINDE:15082015,"Bitterfeld-Wolfen, Stadt",party:D7,31,0,926,926,0
WAHLBEZIRK->GEMEINDE,lsa:GEMEINDE:15082015,"Bitterfeld-Wolfen, Stadt",party:F1,31,0,3589,3589,0
WAHLBEZIRK->GEMEINDE,lsa:GEMEINDE:15082015,"Bitterfeld-Wolfen, Stadt",party:F10,31,0,98,98,0
WAHLBEZIRK->GEMEINDE,lsa:GEMEINDE:15082015,"Bitterfeld-Wolfen, Stadt",party:F11,31,0,58,58,0
WAHLBEZIRK->GEMEINDE,lsa:GEMEINDE:15082015,"Bitterfeld-Wolfen, Stadt",party:F12,31,0,119,119,0
WAHLBEZIRK->GEMEINDE,lsa:GEMEINDE:15082015,"Bitterfeld-Wolfen, Stadt",party:F15,31,0,1031,1031,0
WAHLBEZIRK->GEMEINDE,lsa:GEMEINDE:15082015,"Bitterfeld-Wolfen, Stadt",party:F19,31,0,27,27,0
WAHLBEZIRK->GEMEINDE,lsa:GEMEINDE:15082015,"Bitterfeld-Wolfen, Stadt",party:F2,31,0,10517,10517,0
WAHLBEZIRK->GEMEINDE,lsa:GEMEINDE:15082015,"Bitterfeld-Wolfen, Stadt",party:F20,31,0,76,76,0
WAHLBEZIRK->GEMEINDE,lsa:GEMEINDE:15082015,"Bitterfeld-Wolfen, Stadt",party:F3,31,0,1780,1780,0
WAHLBEZIRK->GEMEINDE,lsa:GEMEINDE:15082015,"Bitterfeld-Wolfen, Stadt",party:F4,31,0,1721,1721,0
WAHLBEZIRK->GEMEINDE,lsa:GEMEINDE:15082015,"Bitterfeld-Wolfen, Stadt",party:F5,31,0,454,454,0
WAHLBEZIRK->GEMEINDE,lsa:GEMEINDE:15082015,"Bitterfeld-Wolfen, Stadt",party:F6,31,0,1310,1310,0
WAHLBEZIRK->GEMEINDE,lsa:GEMEINDE:15082015,"Bitterfeld-Wolfen, Stadt",party:F7,31,0,346,346,0
WAHLBEZIRK->GEMEINDE,lsa:GEMEINDE:15082015,"Bitterfeld-Wolfen, Stadt",party:F8,31,0,12,12,0
WAHLBEZIRK->GEMEINDE,lsa:GEMEINDE:15082015,"Bitterfeld-Wolfen, Stadt",party:F9,31,0,283,283,0
WAHLBEZIRK->GEMEINDE,lsa:GEMEINDE:15082180,"Köthen (Anhalt), Stadt",reported_precincts,24,0,24,24,0
WAHLBEZIRK->GEMEINDE,lsa:GEMEINDE:15082180,"Köthen (Anhalt), Stadt",total_precincts,24,0,24,24,0
WAHLBEZIRK->GEMEINDE,lsa:GEMEINDE:15082180,"Köthen (Anhalt), Stadt",voters_total,24,0,14336,14336,0
WAHLBEZIRK->GEMEINDE,lsa:GEMEINDE:15082180,"Köthen (Anhalt), Stadt",valid_votes_erst,24,0,14146,14146,0
WAHLBEZIRK->GEMEINDE,lsa:GEMEINDE:15082180,"Köthen (Anhalt), Stadt",valid_votes_zweit,24,0,14180,14180,0
WAHLBEZIRK->GEMEINDE,lsa:GEMEINDE:15082180,"Köthen (Anhalt), Stadt",party:D1,24,0,3898,3898,0
WAHLBEZIRK->GEMEINDE,lsa:GEMEINDE:15082180,"Köthen (Anhalt), Stadt",party:D15,24,0,592,592,0
WAHLBEZIRK->GEMEINDE,lsa:GEMEINDE:15082180,"Köthen (Anhalt), Stadt",party:D2,24,0,6475,6475,0
WAHLBEZIRK->GEMEINDE,lsa:GEMEINDE:15082180,"Köthen (Anhalt), Stadt",party:D3,24,0,1513,1513,0
WAHLBEZIRK->GEMEINDE,lsa:GEMEINDE:15082180,"Köthen (Anhalt), Stadt",party:D4,24,0,838,838,0
WAHLBEZIRK->GEMEINDE,lsa:GEMEINDE:15082180,"Köthen (Anhalt), Stadt",party:D5,24,0,417,417,0
WAHLBEZIRK->GEMEINDE,lsa:GEMEINDE:15082180,"Köthen (Anhalt), Stadt",party:D6,24,0,413,413,0
WAHLBEZIRK->GEMEINDE,lsa:GEMEINDE:15082180,"Köthen (Anhalt), Stadt",party:F1,24,0,2564,2564,0
WAHLBEZIRK->GEMEINDE,lsa:GEMEINDE:15082180,"Köthen (Anhalt), Stadt",party:F10,24,0,82,82,0
WAHLBEZIRK->GEMEINDE,lsa:GEMEINDE:15082180,"Köthen (Anhalt), Stadt",party:F11,24,0,29,29,0
WAHLBEZIRK->GEMEINDE,lsa:GEMEINDE:15082180,"Köthen (Anhalt), Stadt",party:F12,24,0,99,99,0
WAHLBEZIRK->GEMEINDE,lsa:GEMEINDE:15082180,"Köthen (Anhalt), Stadt",party:F15,24,0,733,733,0
WAHLBEZIRK->GEMEINDE,lsa:GEMEINDE:15082180,"Köthen (Anhalt), Stadt",party:F19,24,0,17,17,0
WAHLBEZIRK->GEMEINDE,lsa:GEMEINDE:15082180,"Köthen (Anhalt), Stadt",party:F2,24,0,6504,6504,0
WAHLBEZIRK->GEMEINDE,lsa:GEMEINDE:15082180,"Köthen (Anhalt), Stadt",party:F20,24,0,52,52,0
WAHLBEZIRK->GEMEINDE,lsa:GEMEINDE:15082180,"Köthen (Anhalt), Stadt",party:F3,24,0,1382,1382,0
WAHLBEZIRK->GEMEINDE,lsa:GEMEINDE:15082180,"Köthen (Anhalt), Stadt",party:F4,24,0,1105,1105,0
WAHLBEZIRK->GEMEINDE,lsa:GEMEINDE:15082180,"Köthen (Anhalt), Stadt",party:F5,24,0,433,433,0
WAHLBEZIRK->GEMEINDE,lsa:GEMEINDE:15082180,"Köthen (Anhalt), Stadt",party:F6,24,0,868,868,0
WAHLBEZIRK->GEMEINDE,lsa:GEMEINDE:15082180,"Köthen (Anhalt), Stadt",party:F7,24,0,141,141,0
WAHLBEZIRK->GEMEINDE,lsa:GEMEINDE:15082180,"Köthen (Anhalt), Stadt",party:F8,24,0,15,15,0
WAHLBEZIRK->GEMEINDE,lsa:GEMEINDE:15082180,"Köthen (Anhalt), Stadt",party:F9,24,0,156,156,0
WAHLBEZIRK->GEMEINDE,lsa:GEMEINDE:15082241,Muldestausee,reported_precincts,16,0,16,16,0
WAHLBEZIRK->GEMEINDE,lsa:GEMEINDE:15082241,Muldestausee,total_precincts,16,0,16,16,0
WAHLBEZIRK->GEMEINDE,lsa:GEMEINDE:15082241,Muldestausee,voters_total,16,0,7990,7990,0
WAHLBEZIRK->GEMEINDE,lsa:GEMEINDE:15082241,Muldestausee,valid_votes_erst,16,0,7876,7876,0
WAHLBEZIRK->GEMEINDE,lsa:GEMEINDE:15082241,Muldestausee,valid_votes_zweit,16,0,7909,7909,0
WAHLBEZIRK->GEMEINDE,lsa:GEMEINDE:15082241,Muldestausee,party:D1,16,0,1949,1949,0
WAHLBEZIRK->GEMEINDE,lsa:GEMEINDE:15082241,Muldestausee,party:D15,16,0,389,389,0
WAHLBEZIRK->GEMEINDE,lsa:GEMEINDE:15082241,Muldestausee,party:D2,16,0,3881,3881,0
WAHLBEZIRK->GEMEINDE,lsa:GEMEINDE:15082241,Muldestausee,party:D3,16,0,647,647,0
WAHLBEZIRK->GEMEINDE,lsa:GEMEINDE:15082241,Muldestausee,party:D4,16,0,450,450,0
WAHLBEZIRK->GEMEINDE,lsa:GEMEINDE:15082241,Muldestausee,party:D5,16,0,300,300,0
WAHLBEZIRK->GEMEINDE,lsa:GEMEINDE:15082241,Muldestausee,party:D6,16,0,260,260,0
WAHLBEZIRK->GEMEINDE,lsa:GEMEINDE:15082241,Muldestausee,party:F1,16,0,1446,1446,0
WAHLBEZIRK->GEMEINDE,lsa:GEMEINDE:15082241,Muldestausee,party:F10,16,0,41,41,0
WAHLBEZIRK->GEMEINDE,lsa:GEMEINDE:15082241,Muldestausee,party:F11,16,0,20,20,0
WAHLBEZIRK->GEMEINDE,lsa:GEMEINDE:15082241,Muldestausee,party:F12,16,0,52,52,0
WAHLBEZIRK->GEMEINDE,lsa:GEMEINDE:15082241,Muldestausee,party:F15,16,0,402,402,0
WAHLBEZIRK->GEMEINDE,lsa:GEMEINDE:15082241,Muldestausee,party:F19,16,0,18,18,0
WAHLBEZIRK->GEMEINDE,lsa:GEMEINDE:15082241,Muldestausee,party:F2,16,0,3877,3877,0
WAHLBEZIRK->GEMEINDE,lsa:GEMEINDE:15082241,Muldestausee,party:F20,16,0,20,20,0
WAHLBEZIRK->GEMEINDE,lsa:GEMEINDE:15082241,Muldestausee,party:F3,16,0,537,537,0
WAHLBEZIRK->GEMEINDE,lsa:GEMEINDE:15082241,Muldestausee,party:F4,16,0,506,506,0
WAHLBEZIRK->GEMEINDE,lsa:GEMEINDE:15082241,Muldestausee,party:F5,16,0,247,247,0
WAHLBEZIRK->GEMEINDE,lsa:GEMEINDE:15082241,Muldestausee,party:F6,16,0,519,519,0
WAHLBEZIRK->GEMEINDE,lsa:GEMEINDE:15082241,Muldestausee,party:F7,16,0,103,103,0
WAHLBEZIRK->GEMEINDE,lsa:GEMEINDE:15082241,Muldestausee,party:F8,16,0,10,10,0
WAHLBEZIRK->GEMEINDE,lsa:GEMEINDE:15082241,Muldestausee,party:F9,16,0,111,111,0
WAHLBEZIRK->GEMEINDE,lsa:GEMEINDE:15082256,Osternienburger Land,reported_precincts,19,0,19,19,0
WAHLBEZIRK->GEMEINDE,lsa:GEMEINDE:15082256,Osternienburger Land,total_precincts,19,0,19,19,0
WAHLBEZIRK->GEMEINDE,lsa:GEMEINDE:15082256,Osternienburger Land,voters_total,19,0,5424,5424,0
WAHLBEZIRK->GEMEINDE,lsa:GEMEINDE:15082256,Osternienburger Land,valid_votes_erst,19,0,5319,5319,0
WAHLBEZIRK->GEMEINDE,lsa:GEMEINDE:15082256,Osternienburger Land,valid_votes_zweit,19,0,5345,5345,0
WAHLBEZIRK->GEMEINDE,lsa:GEMEINDE:15082256,Osternienburger Land,party:D1,19,0,1303,1303,0
WAHLBEZIRK->GEMEINDE,lsa:GEMEINDE:15082256,Osternienburger Land,party:D2,19,0,2872,2872,0
WAHLBEZIRK->GEMEINDE,lsa:GEMEINDE:15082256,Osternienburger Land,party:D3,19,0,566,566,0
WAHLBEZIRK->GEMEINDE,lsa:GEMEINDE:15082256,Osternienburger Land,party:D4,19,0,236,236,0
WAHLBEZIRK->GEMEINDE,lsa:GEMEINDE:15082256,Osternienburger Land,party:D5,19,0,245,245,0
WAHLBEZIRK->GEMEINDE,lsa:GEMEINDE:15082256,Osternienburger Land,party:D6,19,0,97,97,0
WAHLBEZIRK->GEMEINDE,lsa:GEMEINDE:15082256,Osternienburger Land,party:F1,19,0,997,997,0
WAHLBEZIRK->GEMEINDE,lsa:GEMEINDE:15082256,Osternienburger Land,party:F10,19,0,16,16,0
WAHLBEZIRK->GEMEINDE,lsa:GEMEINDE:15082256,Osternienburger Land,party:F11,19,0,21,21,0
WAHLBEZIRK->GEMEINDE,lsa:GEMEINDE:15082256,Osternienburger Land,party:F12,19,0,30,30,0
WAHLBEZIRK->GEMEINDE,lsa:GEMEINDE:15082256,Osternienburger Land,party:F15,19,0,280,280,0
WAHLBEZIRK->GEMEINDE,lsa:GEMEINDE:15082256,Osternienburger Land,party:F19,19,0,9,9,0
WAHLBEZIRK->GEMEINDE,lsa:GEMEINDE:15082256,Osternienburger Land,party:F2,19,0,2774,2774,0
WAHLBEZIRK->GEMEINDE,lsa:GEMEINDE:15082256,Osternienburger Land,party:F20,19,0,23,23,0
WAHLBEZIRK->GEMEINDE,lsa:GEMEINDE:15082256,Osternienburger Land,party:F3,19,0,428,428,0
WAHLBEZIRK->GEMEINDE,lsa:GEMEINDE:15082256,Osternienburger Land,party:F4,19,0,271,271,0
WAHLBEZIRK->GEMEINDE,lsa:GEMEINDE:15082256,Osternienburger Land,party:F5,19,0,167,167,0
WAHLBEZIRK->GEMEINDE,lsa:GEMEINDE:15082256,Osternienburger Land,party:F6,19,0,207,207,0
WAHLBEZIRK->GEMEINDE,lsa:GEMEINDE:15082256,Osternienburger Land,party:F7,19,0,53,53,0
WAHLBEZIRK->GEMEINDE,lsa:GEMEINDE:15082256,Osternienburger Land,party:F8,19,0,8,8,0
WAHLBEZIRK->GEMEINDE,lsa:GEMEINDE:15082256,Osternienburger Land,party:F9,19,0,61,61,0
WAHLBEZIRK->GEMEINDE,lsa:GEMEINDE:15082301,"Raguhn-Jeßnitz, Stadt",reported_precincts,11,0,11,11,0
WAHLBEZIRK->GEMEINDE,lsa:GEMEINDE:15082301,"Raguhn-Jeßnitz, Stadt",total_precincts,11,0,11,11,0
WAHLBEZIRK->GEMEINDE,lsa:GEMEINDE:15082301,"Raguhn-Jeßnitz, Stadt",voters_total,11,0,6200,6200,0
WAHLBEZIRK->GEMEINDE,lsa:GEMEINDE:15082301,"Raguhn-Jeßnitz, Stadt",valid_votes_erst,11,0,6132,6132,0
WAHLBEZIRK->GEMEINDE,lsa:GEMEINDE:15082301,"Raguhn-Jeßnitz, Stadt",valid_votes_zweit,11,0,6141,6141,0
WAHLBEZIRK->GEMEINDE,lsa:GEMEINDE:15082301,"Raguhn-Jeßnitz, Stadt",party:D1,11,0,1210,1210,0
WAHLBEZIRK->GEMEINDE,lsa:GEMEINDE:15082301,"Raguhn-Jeßnitz, Stadt",party:D15,11,0,269,269,0
WAHLBEZIRK->GEMEINDE,lsa:GEMEINDE:15082301,"Raguhn-Jeßnitz, Stadt",party:D2,11,0,3596,3596,0
WAHLBEZIRK->GEMEINDE,lsa:GEMEINDE:15082301,"Raguhn-Jeßnitz, Stadt",party:D3,11,0,450,450,0
WAHLBEZIRK->GEMEINDE,lsa:GEMEINDE:15082301,"Raguhn-Jeßnitz, Stadt",party:D4,11,0,296,296,0
WAHLBEZIRK->GEMEINDE,lsa:GEMEINDE:15082301,"Raguhn-Jeßnitz, Stadt",party:D5,11,0,160,160,0
WAHLBEZIRK->GEMEINDE,lsa:GEMEINDE:15082301,"Raguhn-Jeßnitz, Stadt",party:D6,11,0,151,151,0
WAHLBEZIRK->GEMEINDE,lsa:GEMEINDE:15082301,"Raguhn-Jeßnitz, Stadt",party:F1,11,0,896,896,0
WAHLBEZIRK->GEMEINDE,lsa:GEMEINDE:15082301,"Raguhn-Jeßnitz, Stadt",party:F10,11,0,34,34,0
WAHLBEZIRK->GEMEINDE,lsa:GEMEINDE:15082301,"Raguhn-Jeßnitz, Stadt",party:F11,11,0,9,9,0
WAHLBEZIRK->GEMEINDE,lsa:GEMEINDE:15082301,"Raguhn-Jeßnitz, Stadt",party:F12,11,0,33,33,0
WAHLBEZIRK->GEMEINDE,lsa:GEMEINDE:15082301,"Raguhn-Jeßnitz, Stadt",party:F15,11,0,328,328,0
WAHLBEZIRK->GEMEINDE,lsa:GEMEINDE:15082301,"Raguhn-Jeßnitz, Stadt",party:F19,11,0,9,9,0
WAHLBEZIRK->GEMEINDE,lsa:GEMEINDE:15082301,"Raguhn-Jeßnitz, Stadt",party:F2,11,0,3510,3510,0
WAHLBEZIRK->GEMEINDE,lsa:GEMEINDE:15082301,"Raguhn-Jeßnitz, Stadt",party:F20,11,0,20,20,0
WAHLBEZIRK->GEMEINDE,lsa:GEMEINDE:15082301,"Raguhn-Jeßnitz, Stadt",party:F3,11,0,368,368,0
WAHLBEZIRK->GEMEINDE,lsa:GEMEINDE:15082301,"Raguhn-Jeßnitz, Stadt",party:F4,11,0,327,327,0
WAHLBEZIRK->GEMEINDE,lsa:GEMEINDE:15082301,"Raguhn-Jeßnitz, Stadt",party:F5,11,0,146,146,0
WAHLBEZIRK->GEMEINDE,lsa:GEMEINDE:15082301,"Raguhn-Jeßnitz, Stadt",party:F6,11,0,303,303,0
WAHLBEZIRK->GEMEINDE,lsa:GEMEINDE:15082301,"Raguhn-Jeßnitz, Stadt",party:F7,11,0,72,72,0
WAHLBEZIRK->GEMEINDE,lsa:GEMEINDE:15082301,"Raguhn-Jeßnitz, Stadt",party:F8,11,0,5,5,0
WAHLBEZIRK->GEMEINDE,lsa:GEMEINDE:15082301,"Raguhn-Jeßnitz, Stadt",party:F9,11,0,81,81,0
WAHLBEZIRK->GEMEINDE,lsa:GEMEINDE:15082340,"Sandersdorf-Brehna, Stadt",reported_precincts,17,0,17,17,0
WAHLBEZIRK->GEMEINDE,lsa:GEMEINDE:15082340,"Sandersdorf-Brehna, Stadt",total_precincts,17,0,17,17,0
WAHLBEZIRK->GEMEINDE,lsa:GEMEINDE:15082340,"Sandersdorf-Brehna, Stadt",voters_total,17,0,9619,9619,0
WAHLBEZIRK->GEMEINDE,lsa:GEMEINDE:15082340,"Sandersdorf-Brehna, Stadt",valid_votes_erst,17,0,9496,9496,0
WAHLBEZIRK->GEMEINDE,lsa:GEMEINDE:15082340,"Sandersdorf-Brehna, Stadt",valid_votes_zweit,17,0,9513,9513,0
WAHLBEZIRK->GEMEINDE,lsa:GEMEINDE:15082340,"Sandersdorf-Brehna, Stadt",party:D1,17,0,1974,1974,0
WAHLBEZIRK->GEMEINDE,lsa:GEMEINDE:15082340,"Sandersdorf-Brehna, Stadt",party:D2,17,0,4759,4759,0
WAHLBEZIRK->GEMEINDE,lsa:GEMEINDE:15082340,"Sandersdorf-Brehna, Stadt",party:D3,17,0,831,831,0
WAHLBEZIRK->GEMEINDE,lsa:GEMEINDE:15082340,"Sandersdorf-Brehna, Stadt",party:D4,17,0,677,677,0
WAHLBEZIRK->GEMEINDE,lsa:GEMEINDE:15082340,"Sandersdorf-Brehna, Stadt",party:D5,17,0,302,302,0
WAHLBEZIRK->GEMEINDE,lsa:GEMEINDE:15082340,"Sandersdorf-Brehna, Stadt",party:D6,17,0,403,403,0
WAHLBEZIRK->GEMEINDE,lsa:GEMEINDE:15082340,"Sandersdorf-Brehna, Stadt",party:D7,17,0,550,550,0
WAHLBEZIRK->GEMEINDE,lsa:GEMEINDE:15082340,"Sandersdorf-Brehna, Stadt",party:F1,17,0,1650,1650,0
WAHLBEZIRK->GEMEINDE,lsa:GEMEINDE:15082340,"Sandersdorf-Brehna, Stadt",party:F10,17,0,35,35,0
WAHLBEZIRK->GEMEINDE,lsa:GEMEINDE:15082340,"Sandersdorf-Brehna, Stadt",party:F11,17,0,31,31,0
WAHLBEZIRK->GEMEINDE,lsa:GEMEINDE:15082340,"Sandersdorf-Brehna, Stadt",party:F12,17,0,61,61,0
WAHLBEZIRK->GEMEINDE,lsa:GEMEINDE:15082340,"Sandersdorf-Brehna, Stadt",party:F15,17,0,457,457,0
WAHLBEZIRK->GEMEINDE,lsa:GEMEINDE:15082340,"Sandersdorf-Brehna, Stadt",party:F19,17,0,17,17,0
WAHLBEZIRK->GEMEINDE,lsa:GEMEINDE:15082340,"Sandersdorf-Brehna, Stadt",party:F2,17,0,4616,4616,0
WAHLBEZIRK->GEMEINDE,lsa:GEMEINDE:15082340,"Sandersdorf-Brehna, Stadt",party:F20,17,0,24,24,0
WAHLBEZIRK->GEMEINDE,lsa:GEMEINDE:15082340,"Sandersdorf-Brehna, Stadt",party:F3,17,0,692,692,0
WAHLBEZIRK->GEMEINDE,lsa:GEMEINDE:15082340,"Sandersdorf-Brehna, Stadt",party:F4,17,0,725,725,0
WAHLBEZIRK->GEMEINDE,lsa:GEMEINDE:15082340,"Sandersdorf-Brehna, Stadt",party:F5,17,0,278,278,0
WAHLBEZIRK->GEMEINDE,lsa:GEMEINDE:15082340,"Sandersdorf-Brehna, Stadt",party:F6,17,0,556,556,0
WAHLBEZIRK->GEMEINDE,lsa:GEMEINDE:15082340,"Sandersdorf-Brehna, Stadt",party:F7,17,0,217,217,0
WAHLBEZIRK->GEMEINDE,lsa:GEMEINDE:15082340,"Sandersdorf-Brehna, Stadt",party:F8,17,0,15,15,0
WAHLBEZIRK->GEMEINDE,lsa:GEMEINDE:15082340,"Sandersdorf-Brehna, Stadt",party:F9,17,0,139,139,0
WAHLBEZIRK->GEMEINDE,lsa:GEMEINDE:15082377,"Südliches Anhalt, Stadt",reported_precincts,28,0,28,28,0
WAHLBEZIRK->GEMEINDE,lsa:GEMEINDE:15082377,"Südliches Anhalt, Stadt",total_precincts,28,0,28,28,0
WAHLBEZIRK->GEMEINDE,lsa:GEMEINDE:15082377,"Südliches Anhalt, Stadt",voters_total,28,0,8624,8624,0
WAHLBEZIRK->GEMEINDE,lsa:GEMEINDE:15082377,"Südliches Anhalt, Stadt",valid_votes_erst,28,0,8527,8527,0
WAHLBEZIRK->GEMEINDE,lsa:GEMEINDE:15082377,"Südliches Anhalt, Stadt",valid_votes_zweit,28,0,8523,8523,0
WAHLBEZIRK->GEMEINDE,lsa:GEMEINDE:15082377,"Südliches Anhalt, Stadt",party:D1,28,0,2245,2245,0
WAHLBEZIRK->GEMEINDE,lsa:GEMEINDE:15082377,"Südliches Anhalt, Stadt",party:D15,28,0,311,311,0
WAHLBEZIRK->GEMEINDE,lsa:GEMEINDE:15082377,"Südliches Anhalt, Stadt",party:D2,28,0,4476,4476,0
WAHLBEZIRK->GEMEINDE,lsa:GEMEINDE:15082377,"Südliches Anhalt, Stadt",party:D3,28,0,808,808,0
WAHLBEZIRK->GEMEINDE,lsa:GEMEINDE:15082377,"Südliches Anhalt, Stadt",party:D4,28,0,332,332,0
WAHLBEZIRK->GEMEINDE,lsa:GEMEINDE:15082377,"Südliches Anhalt, Stadt",party:D5,28,0,224,224,0
WAHLBEZIRK->GEMEINDE,lsa:GEMEINDE:15082377,"Südliches Anhalt, Stadt",party:D6,28,0,131,131,0
WAHLBEZIRK->GEMEINDE,lsa:GEMEINDE:15082377,"Südliches Anhalt, Stadt",party:F1,28,0,1517,1517,0
WAHLBEZIRK->GEMEINDE,lsa:GEMEINDE:15082377,"Südliches Anhalt, Stadt",party:F10,28,0,31,31,0
WAHLBEZIRK->GEMEINDE,lsa:GEMEINDE:15082377,"Südliches Anhalt, Stadt",party:F11,28,0,16,16,0
WAHLBEZIRK->GEMEINDE,lsa:GEMEINDE:15082377,"Südliches Anhalt, Stadt",party:F12,28,0,40,40,0
WAHLBEZIRK->GEMEINDE,lsa:GEMEINDE:15082377,"Südliches Anhalt, Stadt",party:F15,28,0,415,415,0
WAHLBEZIRK->GEMEINDE,lsa:GEMEINDE:15082377,"Südliches Anhalt, Stadt",party:F19,28,0,16,16,0
WAHLBEZIRK->GEMEINDE,lsa:GEMEINDE:15082377,"Südliches Anhalt, Stadt",party:F2,28,0,4496,4496,0
WAHLBEZIRK->GEMEINDE,lsa:GEMEINDE:15082377,"Südliches Anhalt, Stadt",party:F20,28,0,17,17,0
WAHLBEZIRK->GEMEINDE,lsa:GEMEINDE:15082377,"Südliches Anhalt, Stadt",party:F3,28,0,710,710,0
WAHLBEZIRK->GEMEINDE,lsa:GEMEINDE:15082377,"Südliches Anhalt, Stadt",party:F4,28,0,486,486,0
WAHLBEZIRK->GEMEINDE,lsa:GEMEINDE:15082377,"Südliches Anhalt, Stadt",party:F5,28,0,205,205,0
WAHLBEZIRK->GEMEINDE,lsa:GEMEINDE:15082377,"Südliches Anhalt, Stadt",party:F6,28,0,377,377,0
WAHLBEZIRK->GEMEINDE,lsa:GEMEINDE:15082377,"Südliches Anhalt, Stadt",party:F7,28,0,105,105,0
WAHLBEZIRK->GEMEINDE,lsa:GEMEINDE:15082377,"Südliches Anhalt, Stadt",party:F8,28,0,7,7,0
WAHLBEZIRK->GEMEINDE,lsa:GEMEINDE:15082377,"Südliches Anhalt, Stadt",party:F9,28,0,85,85,0
WAHLBEZIRK->GEMEINDE,lsa:GEMEINDE:15082430,"Zerbst/Anhalt, Stadt",reported_precincts,36,0,36,36,0
WAHLBEZIRK->GEMEINDE,lsa:GEMEINDE:15082430,"Zerbst/Anhalt, Stadt",total_precincts,36,0,36,36,0
WAHLBEZIRK->GEMEINDE,lsa:GEMEINDE:15082430,"Zerbst/Anhalt, Stadt",voters_total,36,0,12842,12842,0
WAHLBEZIRK->GEMEINDE,lsa:GEMEINDE:15082430,"Zerbst/Anhalt, Stadt",valid_votes_erst,36,0,12620,12620,0
WAHLBEZIRK->GEMEINDE,lsa:GEMEINDE:15082430,"Zerbst/Anhalt, Stadt",valid_votes_zweit,36,0,12713,12713,0
WAHLBEZIRK->GEMEINDE,lsa:GEMEINDE:15082430,"Zerbst/Anhalt, Stadt",party:D1,36,0,3325,3325,0
WAHLBEZIRK->GEMEINDE,lsa:GEMEINDE:15082430,"Zerbst/Anhalt, Stadt",party:D2,36,0,6179,6179,0
WAHLBEZIRK->GEMEINDE,lsa:GEMEINDE:15082430,"Zerbst/Anhalt, Stadt",party:D3,36,0,1133,1133,0
WAHLBEZIRK->GEMEINDE,lsa:GEMEINDE:15082430,"Zerbst/Anhalt, Stadt",party:D4,36,0,1203,1203,0
WAHLBEZIRK->GEMEINDE,lsa:GEMEINDE:15082430,"Zerbst/Anhalt, Stadt",party:D5,36,0,415,415,0
WAHLBEZIRK->GEMEINDE,lsa:GEMEINDE:15082430,"Zerbst/Anhalt, Stadt",party:D6,36,0,365,365,0
WAHLBEZIRK->GEMEINDE,lsa:GEMEINDE:15082430,"Zerbst/Anhalt, Stadt",party:F1,36,0,2381,2381,0
WAHLBEZIRK->GEMEINDE,lsa:GEMEINDE:15082430,"Zerbst/Anhalt, Stadt",party:F10,36,0,69,69,0
WAHLBEZIRK->GEMEINDE,lsa:GEMEINDE:15082430,"Zerbst/Anhalt, Stadt",party:F11,36,0,29,29,0
WAHLBEZIRK->GEMEINDE,lsa:GEMEINDE:15082430,"Zerbst/Anhalt, Stadt",party:F12,36,0,55,55,0
WAHLBEZIRK->GEMEINDE,lsa:GEMEINDE:15082430,"Zerbst/Anhalt, Stadt",party:F15,36,0,711,711,0
WAHLBEZIRK->GEMEINDE,lsa:GEMEINDE:15082430,"Zerbst/Anhalt, Stadt",party:F19,36,0,23,23,0
WAHLBEZIRK->GEMEINDE,lsa:GEMEINDE:15082430,"Zerbst/Anhalt, Stadt",party:F2,36,0,6009,6009,0
WAHLBEZIRK->GEMEINDE,lsa:GEMEINDE:15082430,"Zerbst/Anhalt, Stadt",party:F20,36,0,47,47,0
WAHLBEZIRK->GEMEINDE,lsa:GEMEINDE:15082430,"Zerbst/Anhalt, Stadt",party:F3,36,0,936,936,0
WAHLBEZIRK->GEMEINDE,lsa:GEMEINDE:15082430,"Zerbst/Anhalt, Stadt",party:F4,36,0,1105,1105,0
WAHLBEZIRK->GEMEINDE,lsa:GEMEINDE:15082430,"Zerbst/Anhalt, Stadt",party:F5,36,0,295,295,0
WAHLBEZIRK->GEMEINDE,lsa:GEMEINDE:15082430,"Zerbst/Anhalt, Stadt",party:F6,36,0,699,699,0
WAHLBEZIRK->GEMEINDE,lsa:GEMEINDE:15082430,"Zerbst/Anhalt, Stadt",party:F7,36,0,206,206,0
WAHLBEZIRK->GEMEINDE,lsa:GEMEINDE:15082430,"Zerbst/Anhalt, Stadt",party:F8,36,0,13,13,0
WAHLBEZIRK->GEMEINDE,lsa:GEMEINDE:15082430,"Zerbst/Anhalt, Stadt",party:F9,36,0,135,135,0
WAHLBEZIRK->GEMEINDE,lsa:GEMEINDE:15082440,"Zörbig, Stadt",reported_precincts,13,0,13,13,0
WAHLBEZIRK->GEMEINDE,lsa:GEMEINDE:15082440,"Zörbig, Stadt",total_precincts,13,0,13,13,0
WAHLBEZIRK->GEMEINDE,lsa:GEMEINDE:15082440,"Zörbig, Stadt",voters_total,13,0,6133,6133,0
WAHLBEZIRK->GEMEINDE,lsa:GEMEINDE:15082440,"Zörbig, Stadt",valid_votes_erst,13,0,6050,6050,0
WAHLBEZIRK->GEMEINDE,lsa:GEMEINDE:15082440,"Zörbig, Stadt",valid_votes_zweit,13,0,6061,6061,0
WAHLBEZIRK->GEMEINDE,lsa:GEMEINDE:15082440,"Zörbig, Stadt",party:D1,13,0,1458,1458,0
WAHLBEZIRK->GEMEINDE,lsa:GEMEINDE:15082440,"Zörbig, Stadt",party:D2,13,0,3031,3031,0
WAHLBEZIRK->GEMEINDE,lsa:GEMEINDE:15082440,"Zörbig, Stadt",party:D3,13,0,434,434,0
WAHLBEZIRK->GEMEINDE,lsa:GEMEINDE:15082440,"Zörbig, Stadt",party:D4,13,0,394,394,0
WAHLBEZIRK->GEMEINDE,lsa:GEMEINDE:15082440,"Zörbig, Stadt",party:D5,13,0,127,127,0
WAHLBEZIRK->GEMEINDE,lsa:GEMEINDE:15082440,"Zörbig, Stadt",party:D6,13,0,150,150,0
WAHLBEZIRK->GEMEINDE,lsa:GEMEINDE:15082440,"Zörbig, Stadt",party:D7,13,0,456,456,0
WAHLBEZIRK->GEMEINDE,lsa:GEMEINDE:15082440,"Zörbig, Stadt",party:F1,13,0,1214,1214,0
WAHLBEZIRK->GEMEINDE,lsa:GEMEINDE:15082440,"Zörbig, Stadt",party:F10,13,0,25,25,0
WAHLBEZIRK->GEMEINDE,lsa:GEMEINDE:15082440,"Zörbig, Stadt",party:F11,13,0,11,11,0
WAHLBEZIRK->GEMEINDE,lsa:GEMEINDE:15082440,"Zörbig, Stadt",party:F12,13,0,29,29,0
WAHLBEZIRK->GEMEINDE,lsa:GEMEINDE:15082440,"Zörbig, Stadt",party:F15,13,0,310,310,0
WAHLBEZIRK->GEMEINDE,lsa:GEMEINDE:15082440,"Zörbig, Stadt",party:F19,13,0,15,15,0
WAHLBEZIRK->GEMEINDE,lsa:GEMEINDE:15082440,"Zörbig, Stadt",party:F2,13,0,2940,2940,0
WAHLBEZIRK->GEMEINDE,lsa:GEMEINDE:15082440,"Zörbig, Stadt",party:F20,13,0,8,8,0
WAHLBEZIRK->GEMEINDE,lsa:GEMEINDE:15082440,"Zörbig, Stadt",party:F3,13,0,341,341,0
WAHLBEZIRK->GEMEINDE,lsa:GEMEINDE:15082440,"Zörbig, Stadt",party:F4,13,0,422,422,0
WAHLBEZIRK->GEMEINDE,lsa:GEMEINDE:15082440,"Zörbig, Stadt",party:F5,13,0,151,151,0
WAHLBEZIRK->GEMEINDE,lsa:GEMEINDE:15082440,"Zörbig, Stadt",party:F6,13,0,346,346,0
WAHLBEZIRK->GEMEINDE,lsa:GEMEINDE:15082440,"Zörbig, Stadt",party:F7,13,0,192,192,0
WAHLBEZIRK->GEMEINDE,lsa:GEMEINDE:15082440,"Zörbig, Stadt",party:F8,13,0,6,6,0
WAHLBEZIRK->GEMEINDE,lsa:GEMEINDE:15082440,"Zörbig, Stadt",party:F9,13,0,51,51,0
WAHLBEZIRK->GEMEINDE,lsa:GEMEINDE:15083020,Altenhausen,reported_precincts,4,0,4,4,0
WAHLBEZIRK->GEMEINDE,lsa:GEMEINDE:15083020,Altenhausen,total_precincts,4,0,4,4,0
WAHLBEZIRK->GEMEINDE,lsa:GEMEINDE:15083020,Altenhausen,voters_total,4,0,695,695,0
WAHLBEZIRK->GEMEINDE,lsa:GEMEINDE:15083020,Altenhausen,valid_votes_erst,4,0,687,687,0
WAHLBEZIRK->GEMEINDE,lsa:GEMEINDE:15083020,Altenhausen,valid_votes_zweit,4,0,690,690,0
WAHLBEZIRK->GEMEINDE,lsa:GEMEINDE:15083020,Altenhausen,party:D1,4,0,196,196,0
WAHLBEZIRK->GEMEINDE,lsa:GEMEINDE:15083020,Altenhausen,party:D15,4,0,36,36,0
WAHLBEZIRK->GEMEINDE,lsa:GEMEINDE:15083020,Altenhausen,party:D2,4,0,304,304,0
WAHLBEZIRK->GEMEINDE,lsa:GEMEINDE:15083020,Altenhausen,party:D3,4,0,60,60,0
WAHLBEZIRK->GEMEINDE,lsa:GEMEINDE:15083020,Altenhausen,party:D4,4,0,59,59,0
WAHLBEZIRK->GEMEINDE,lsa:GEMEINDE:15083020,Altenhausen,party:D5,4,0,16,16,0
WAHLBEZIRK->GEMEINDE,lsa:GEMEINDE:15083020,Altenhausen,party:D6,4,0,16,16,0
WAHLBEZIRK->GEMEINDE,lsa:GEMEINDE:15083020,Altenhausen,party:F1,4,0,122,122,0
WAHLBEZIRK->GEMEINDE,lsa:GEMEINDE:15083020,Altenhausen,party:F10,4,0,8,8,0
WAHLBEZIRK->GEMEINDE,lsa:GEMEINDE:15083020,Altenhausen,party:F11,4,0,4,4,0
WAHLBEZIRK->GEMEINDE,lsa:GEMEINDE:15083020,Altenhausen,party:F12,4,0,4,4,0
WAHLBEZIRK->GEMEINDE,lsa:GEMEINDE:15083020,Altenhausen,party:F15,4,0,39,39,0
WAHLBEZIRK->GEMEINDE,lsa:GEMEINDE:15083020,Altenhausen,party:F19,4,0,0,0,0
WAHLBEZIRK->GEMEINDE,lsa:GEMEINDE:15083020,Altenhausen,party:F2,4,0,314,314,0
WAHLBEZIRK->GEMEINDE,lsa:GEMEINDE:15083020,Altenhausen,party:F20,4,0,1,1,0
WAHLBEZIRK->GEMEINDE,lsa:GEMEINDE:15083020,Altenhausen,party:F3,4,0,60,60,0
WAHLBEZIRK->GEMEINDE,lsa:GEMEINDE:15083020,Altenhausen,party:F4,4,0,69,69,0
WAHLBEZIRK->GEMEINDE,lsa:GEMEINDE:15083020,Altenhausen,party:F5,4,0,13,13,0
WAHLBEZIRK->GEMEINDE,lsa:GEMEINDE:15083020,Altenhausen,party:F6,4,0,40,40,0
WAHLBEZIRK->GEMEINDE,lsa:GEMEINDE:15083020,Altenhausen,party:F7,4,0,5,5,0
WAHLBEZIRK->GEMEINDE,lsa:GEMEINDE:15083020,Altenhausen,party:F8,4,0,3,3,0
WAHLBEZIRK->GEMEINDE,lsa:GEMEINDE:15083020,Altenhausen,party:F9,4,0,8,8,0
WAHLBEZIRK->GEMEINDE,lsa:GEMEINDE:15083025,Am Großen Bruch,reported_precincts,5,0,5,5,0
WAHLBEZIRK->GEMEINDE,lsa:GEMEINDE:15083025,Am Großen Bruch,total_precincts,5,0,5,5,0
WAHLBEZIRK->GEMEINDE,lsa:GEMEINDE:15083025,Am Großen Bruch,voters_total,5,0,1349,1349,0
WAHLBEZIRK->GEMEINDE,lsa:GEMEINDE:15083025,Am Großen Bruch,valid_votes_erst,5,0,1331,1331,0
WAHLBEZIRK->GEMEINDE,lsa:GEMEINDE:15083025,Am Großen Bruch,valid_votes_zweit,5,0,1336,1336,0
WAHLBEZIRK->GEMEINDE,lsa:GEMEINDE:15083025,Am Großen Bruch,party:D1,5,0,341,341,0
WAHLBEZIRK->GEMEINDE,lsa:GEMEINDE:15083025,Am Großen Bruch,party:D15,5,0,60,60,0
WAHLBEZIRK->GEMEINDE,lsa:GEMEINDE:15083025,Am Großen Bruch,party:D2,5,0,710,710,0
WAHLBEZIRK->GEMEINDE,lsa:GEMEINDE:15083025,Am Großen Bruch,party:D3,5,0,98,98,0
WAHLBEZIRK->GEMEINDE,lsa:GEMEINDE:15083025,Am Großen Bruch,party:D4,5,0,68,68,0
WAHLBEZIRK->GEMEINDE,lsa:GEMEINDE:15083025,Am Großen Bruch,party:D5,5,0,33,33,0
WAHLBEZIRK->GEMEINDE,lsa:GEMEINDE:15083025,Am Großen Bruch,party:D6,5,0,21,21,0
WAHLBEZIRK->GEMEINDE,lsa:GEMEINDE:15083025,Am Großen Bruch,party:F1,5,0,261,261,0
WAHLBEZIRK->GEMEINDE,lsa:GEMEINDE:15083025,Am Großen Bruch,party:F10,5,0,11,11,0
WAHLBEZIRK->GEMEINDE,lsa:GEMEINDE:15083025,Am Großen Bruch,party:F11,5,0,2,2,0
WAHLBEZIRK->GEMEINDE,lsa:GEMEINDE:15083025,Am Großen Bruch,party:F12,5,0,4,4,0
WAHLBEZIRK->GEMEINDE,lsa:GEMEINDE:15083025,Am Großen Bruch,party:F15,5,0,63,63,0
WAHLBEZIRK->GEMEINDE,lsa:GEMEINDE:15083025,Am Großen Bruch,party:F19,5,0,1,1,0
WAHLBEZIRK->GEMEINDE,lsa:GEMEINDE:15083025,Am Großen Bruch,party:F2,5,0,712,712,0
WAHLBEZIRK->GEMEINDE,lsa:GEMEINDE:15083025,Am Großen Bruch,party:F20,5,0,0,0,0
WAHLBEZIRK->GEMEINDE,lsa:GEMEINDE:15083025,Am Großen Bruch,party:F3,5,0,73,73,0
WAHLBEZIRK->GEMEINDE,lsa:GEMEINDE:15083025,Am Großen Bruch,party:F4,5,0,102,102,0
WAHLBEZIRK->GEMEINDE,lsa:GEMEINDE:15083025,Am Großen Bruch,party:F5,5,0,38,38,0
WAHLBEZIRK->GEMEINDE,lsa:GEMEINDE:15083025,Am Großen Bruch,party:F6,5,0,38,38,0
WAHLBEZIRK->GEMEINDE,lsa:GEMEINDE:15083025,Am Großen Bruch,party:F7,5,0,19,19,0
WAHLBEZIRK->GEMEINDE,lsa:GEMEINDE:15083025,Am Großen Bruch,party:F8,5,0,1,1,0
WAHLBEZIRK->GEMEINDE,lsa:GEMEINDE:15083025,Am Großen Bruch,party:F9,5,0,11,11,0
WAHLBEZIRK->GEMEINDE,lsa:GEMEINDE:15083030,Angern,reported_precincts,5,0,5,5,0
WAHLBEZIRK->GEMEINDE,lsa:GEMEINDE:15083030,Angern,total_precincts,5,0,5,5,0
WAHLBEZIRK->GEMEINDE,lsa:GEMEINDE:15083030,Angern,voters_total,5,0,1342,1342,0
WAHLBEZIRK->GEMEINDE,lsa:GEMEINDE:15083030,Angern,valid_votes_erst,5,0,1328,1328,0
WAHLBEZIRK->GEMEINDE,lsa:GEMEINDE:15083030,Angern,valid_votes_zweit,5,0,1327,1327,0
WAHLBEZIRK->GEMEINDE,lsa:GEMEINDE:15083030,Angern,party:D1,5,0,333,333,0
WAHLBEZIRK->GEMEINDE,lsa:GEMEINDE:15083030,Angern,party:D15,5,0,116,116,0
WAHLBEZIRK->GEMEINDE,lsa:GEMEINDE:15083030,Angern,party:D2,5,0,588,588,0
WAHLBEZIRK->GEMEINDE,lsa:GEMEINDE:15083030,Angern,party:D21,5,0,17,17,0
WAHLBEZIRK->GEMEINDE,lsa:GEMEINDE:15083030,Angern,party:D3,5,0,143,143,0
WAHLBEZIRK->GEMEINDE,lsa:GEMEINDE:15083030,Angern,party:D4,5,0,71,71,0
WAHLBEZIRK->GEMEINDE,lsa:GEMEINDE:15083030,Angern,party:D5,5,0,27,27,0
WAHLBEZIRK->GEMEINDE,lsa:GEMEINDE:15083030,Angern,party:D6,5,0,33,33,0
WAHLBEZIRK->GEMEINDE,lsa:GEMEINDE:15083030,Angern,party:F1,5,0,235,235,0
WAHLBEZIRK->GEMEINDE,lsa:GEMEINDE:15083030,Angern,party:F10,5,0,8,8,0
WAHLBEZIRK->GEMEINDE,lsa:GEMEINDE:15083030,Angern,party:F11,5,0,2,2,0
WAHLBEZIRK->GEMEINDE,lsa:GEMEINDE:15083030,Angern,party:F12,5,0,2,2,0
WAHLBEZIRK->GEMEINDE,lsa:GEMEINDE:15083030,Angern,party:F15,5,0,102,102,0
WAHLBEZIRK->GEMEINDE,lsa:GEMEINDE:15083030,Angern,party:F19,5,0,1,1,0
WAHLBEZIRK->GEMEINDE,lsa:GEMEINDE:15083030,Angern,party:F2,5,0,597,597,0
WAHLBEZIRK->GEMEINDE,lsa:GEMEINDE:15083030,Angern,party:F20,5,0,5,5,0
WAHLBEZIRK->GEMEINDE,lsa:GEMEINDE:15083030,Angern,party:F3,5,0,120,120,0
WAHLBEZIRK->GEMEINDE,lsa:GEMEINDE:15083030,Angern,party:F4,5,0,95,95,0
WAHLBEZIRK->GEMEINDE,lsa:GEMEINDE:15083030,Angern,party:F5,5,0,32,32,0
WAHLBEZIRK->GEMEINDE,lsa:GEMEINDE:15083030,Angern,party:F6,5,0,100,100,0
WAHLBEZIRK->GEMEINDE,lsa:GEMEINDE:15083030,Angern,party:F7,5,0,17,17,0
WAHLBEZIRK->GEMEINDE,lsa:GEMEINDE:15083030,Angern,party:F8,5,0,2,2,0
WAHLBEZIRK->GEMEINDE,lsa:GEMEINDE:15083030,Angern,party:F9,5,0,9,9,0
WAHLBEZIRK->GEMEINDE,lsa:GEMEINDE:15083035,Ausleben,reported_precincts,3,0,3,3,0
WAHLBEZIRK->GEMEINDE,lsa:GEMEINDE:15083035,Ausleben,total_precincts,3,0,3,3,0
WAHLBEZIRK->GEMEINDE,lsa:GEMEINDE:15083035,Ausleben,voters_total,3,0,1050,1050,0
WAHLBEZIRK->GEMEINDE,lsa:GEMEINDE:15083035,Ausleben,valid_votes_erst,3,0,1037,1037,0
WAHLBEZIRK->GEMEINDE,lsa:GEMEINDE:15083035,Ausleben,valid_votes_zweit,3,0,1045,1045,0
WAHLBEZIRK->GEMEINDE,lsa:GEMEINDE:15083035,Ausleben,party:D1,3,0,204,204,0
WAHLBEZIRK->GEMEINDE,lsa:GEMEINDE:15083035,Ausleben,party:D15,3,0,52,52,0
WAHLBEZIRK->GEMEINDE,lsa:GEMEINDE:15083035,Ausleben,party:D2,3,0,589,589,0
WAHLBEZIRK->GEMEINDE,lsa:GEMEINDE:15083035,Ausleben,party:D3,3,0,82,82,0
WAHLBEZIRK->GEMEINDE,lsa:GEMEINDE:15083035,Ausleben,party:D4,3,0,52,52,0
WAHLBEZIRK->GEMEINDE,lsa:GEMEINDE:15083035,Ausleben,party:D5,3,0,33,33,0
WAHLBEZIRK->GEMEINDE,lsa:GEMEINDE:15083035,Ausleben,party:D6,3,0,25,25,0
WAHLBEZIRK->GEMEINDE,lsa:GEMEINDE:15083035,Ausleben,party:F1,3,0,151,151,0
WAHLBEZIRK->GEMEINDE,lsa:GEMEINDE:15083035,Ausleben,party:F10,3,0,23,23,0
WAHLBEZIRK->GEMEINDE,lsa:GEMEINDE:15083035,Ausleben,party:F11,3,0,3,3,0
WAHLBEZIRK->GEMEINDE,lsa:GEMEINDE:15083035,Ausleben,party:F12,3,0,4,4,0
WAHLBEZIRK->GEMEINDE,lsa:GEMEINDE:15083035,Ausleben,party:F15,3,0,35,35,0
WAHLBEZIRK->GEMEINDE,lsa:GEMEINDE:15083035,Ausleben,party:F19,3,0,1,1,0
WAHLBEZIRK->GEMEINDE,lsa:GEMEINDE:15083035,Ausleben,party:F2,3,0,587,587,0
WAHLBEZIRK->GEMEINDE,lsa:GEMEINDE:15083035,Ausleben,party:F20,3,0,1,1,0
WAHLBEZIRK->GEMEINDE,lsa:GEMEINDE:15083035,Ausleben,party:F3,3,0,71,71,0
WAHLBEZIRK->GEMEINDE,lsa:GEMEINDE:15083035,Ausleben,party:F4,3,0,72,72,0
WAHLBEZIRK->GEMEINDE,lsa:GEMEINDE:15083035,Ausleben,party:F5,3,0,27,27,0
WAHLBEZIRK->GEMEINDE,lsa:GEMEINDE:15083035,Ausleben,party:F6,3,0,33,33,0
WAHLBEZIRK->GEMEINDE,lsa:GEMEINDE:15083035,Ausleben,party:F7,3,0,25,25,0
WAHLBEZIRK->GEMEINDE,lsa:GEMEINDE:15083035,Ausleben,party:F8,3,0,0,0,0
WAHLBEZIRK->GEMEINDE,lsa:GEMEINDE:15083035,Ausleben,party:F9,3,0,12,12,0
WAHLBEZIRK->GEMEINDE,lsa:GEMEINDE:15083040,Barleben,reported_precincts,8,0,8,8,0
WAHLBEZIRK->GEMEINDE,lsa:GEMEINDE:15083040,Barleben,total_precincts,8,0,8,8,0
WAHLBEZIRK->GEMEINDE,lsa:GEMEINDE:15083040,Barleben,voters_total,8,0,6534,6534,0
WAHLBEZIRK->GEMEINDE,lsa:GEMEINDE:15083040,Barleben,valid_votes_erst,8,0,6478,6478,0
WAHLBEZIRK->GEMEINDE,lsa:GEMEINDE:15083040,Barleben,valid_votes_zweit,8,0,6480,6480,0
WAHLBEZIRK->GEMEINDE,lsa:GEMEINDE:15083040,Barleben,party:D1,8,0,1964,1964,0
WAHLBEZIRK->GEMEINDE,lsa:GEMEINDE:15083040,Barleben,party:D15,8,0,316,316,0
WAHLBEZIRK->GEMEINDE,lsa:GEMEINDE:15083040,Barleben,party:D2,8,0,2681,2681,0
WAHLBEZIRK->GEMEINDE,lsa:GEMEINDE:15083040,Barleben,party:D21,8,0,105,105,0
WAHLBEZIRK->GEMEINDE,lsa:GEMEINDE:15083040,Barleben,party:D3,8,0,542,542,0
WAHLBEZIRK->GEMEINDE,lsa:GEMEINDE:15083040,Barleben,party:D4,8,0,460,460,0
WAHLBEZIRK->GEMEINDE,lsa:GEMEINDE:15083040,Barleben,party:D5,8,0,222,222,0
WAHLBEZIRK->GEMEINDE,lsa:GEMEINDE:15083040,Barleben,party:D6,8,0,188,188,0
WAHLBEZIRK->GEMEINDE,lsa:GEMEINDE:15083040,Barleben,party:F1,8,0,1213,1213,0
WAHLBEZIRK->GEMEINDE,lsa:GEMEINDE:15083040,Barleben,party:F10,8,0,39,39,0
WAHLBEZIRK->GEMEINDE,lsa:GEMEINDE:15083040,Barleben,party:F11,8,0,11,11,0
WAHLBEZIRK->GEMEINDE,lsa:GEMEINDE:15083040,Barleben,party:F12,8,0,40,40,0
WAHLBEZIRK->GEMEINDE,lsa:GEMEINDE:15083040,Barleben,party:F15,8,0,360,360,0
WAHLBEZIRK->GEMEINDE,lsa:GEMEINDE:15083040,Barleben,party:F19,8,0,11,11,0
WAHLBEZIRK->GEMEINDE,lsa:GEMEINDE:15083040,Barleben,party:F2,8,0,2730,2730,0
WAHLBEZIRK->GEMEINDE,lsa:GEMEINDE:15083040,Barleben,party:F20,8,0,33,33,0
WAHLBEZIRK->GEMEINDE,lsa:GEMEINDE:15083040,Barleben,party:F3,8,0,473,473,0
WAHLBEZIRK->GEMEINDE,lsa:GEMEINDE:15083040,Barleben,party:F4,8,0,604,604,0
WAHLBEZIRK->GEMEINDE,lsa:GEMEINDE:15083040,Barleben,party:F5,8,0,213,213,0
WAHLBEZIRK->GEMEINDE,lsa:GEMEINDE:15083040,Barleben,party:F6,8,0,585,585,0
WAHLBEZIRK->GEMEINDE,lsa:GEMEINDE:15083040,Barleben,party:F7,8,0,89,89,0
WAHLBEZIRK->GEMEINDE,lsa:GEMEINDE:15083040,Barleben,party:F8,8,0,2,2,0
WAHLBEZIRK->GEMEINDE,lsa:GEMEINDE:15083040,Barleben,party:F9,8,0,77,77,0
WAHLBEZIRK->GEMEINDE,lsa:GEMEINDE:15083060,Beendorf,reported_precincts,2,0,2,2,0
WAHLBEZIRK->GEMEINDE,lsa:GEMEINDE:15083060,Beendorf,total_precincts,2,0,2,2,0
WAHLBEZIRK->GEMEINDE,lsa:GEMEINDE:15083060,Beendorf,voters_total,2,0,523,523,0
WAHLBEZIRK->GEMEINDE,lsa:GEMEINDE:15083060,Beendorf,valid_votes_erst,2,0,518,518,0
WAHLBEZIRK->GEMEINDE,lsa:GEMEINDE:15083060,Beendorf,valid_votes_zweit,2,0,517,517,0
WAHLBEZIRK->GEMEINDE,lsa:GEMEINDE:15083060,Beendorf,party:D1,2,0,159,159,0
WAHLBEZIRK->GEMEINDE,lsa:GEMEINDE:15083060,Beendorf,party:D15,2,0,30,30,0
WAHLBEZIRK->GEMEINDE,lsa:GEMEINDE:15083060,Beendorf,party:D2,2,0,249,249,0
WAHLBEZIRK->GEMEINDE,lsa:GEMEINDE:15083060,Beendorf,party:D3,2,0,33,33,0
WAHLBEZIRK->GEMEINDE,lsa:GEMEINDE:15083060,Beendorf,party:D4,2,0,25,25,0
WAHLBEZIRK->GEMEINDE,lsa:GEMEINDE:15083060,Beendorf,party:D5,2,0,10,10,0
WAHLBEZIRK->GEMEINDE,lsa:GEMEINDE:15083060,Beendorf,party:D6,2,0,12,12,0
WAHLBEZIRK->GEMEINDE,lsa:GEMEINDE:15083060,Beendorf,party:F1,2,0,96,96,0
WAHLBEZIRK->GEMEINDE,lsa:GEMEINDE:15083060,Beendorf,party:F10,2,0,1,1,0
WAHLBEZIRK->GEMEINDE,lsa:GEMEINDE:15083060,Beendorf,party:F11,2,0,3,3,0
WAHLBEZIRK->GEMEINDE,lsa:GEMEINDE:15083060,Beendorf,party:F12,2,0,5,5,0
WAHLBEZIRK->GEMEINDE,lsa:GEMEINDE:15083060,Beendorf,party:F15,2,0,36,36,0
WAHLBEZIRK->GEMEINDE,lsa:GEMEINDE:15083060,Beendorf,party:F19,2,0,0,0,0
WAHLBEZIRK->GEMEINDE,lsa:GEMEINDE:15083060,Beendorf,party:F2,2,0,258,258,0
WAHLBEZIRK->GEMEINDE,lsa:GEMEINDE:15083060,Beendorf,party:F20,2,0,1,1,0
WAHLBEZIRK->GEMEINDE,lsa:GEMEINDE:15083060,Beendorf,party:F3,2,0,31,31,0
WAHLBEZIRK->GEMEINDE,lsa:GEMEINDE:15083060,Beendorf,party:F4,2,0,41,41,0
WAHLBEZIRK->GEMEINDE,lsa:GEMEINDE:15083060,Beendorf,party:F5,2,0,10,10,0
WAHLBEZIRK->GEMEINDE,lsa:GEMEINDE:15083060,Beendorf,party:F6,2,0,23,23,0
WAHLBEZIRK->GEMEINDE,lsa:GEMEINDE:15083060,Beendorf,party:F7,2,0,9,9,0
WAHLBEZIRK->GEMEINDE,lsa:GEMEINDE:15083060,Beendorf,party:F8,2,0,1,1,0
WAHLBEZIRK->GEMEINDE,lsa:GEMEINDE:15083060,Beendorf,party:F9,2,0,2,2,0
WAHLBEZIRK->GEMEINDE,lsa:GEMEINDE:15083115,Bülstringen,reported_precincts,3,0,3,3,0
WAHLBEZIRK->GEMEINDE,lsa:GEMEINDE:15083115,Bülstringen,total_precincts,3,0,3,3,0
WAHLBEZIRK->GEMEINDE,lsa:GEMEINDE:15083115,Bülstringen,voters_total,3,0,600,600,0
WAHLBEZIRK->GEMEINDE,lsa:GEMEINDE:15083115,Bülstringen,valid_votes_erst,3,0,593,593,0
WAHLBEZIRK->GEMEINDE,lsa:GEMEINDE:15083115,Bülstringen,valid_votes_zweit,3,0,593,593,0
WAHLBEZIRK->GEMEINDE,lsa:GEMEINDE:15083115,Bülstringen,party:D1,3,0,227,227,0
WAHLBEZIRK->GEMEINDE,lsa:GEMEINDE:15083115,Bülstringen,party:D15,3,0,29,29,0
WAHLBEZIRK->GEMEINDE,lsa:GEMEINDE:15083115,Bülstringen,party:D2,3,0,261,261,0
WAHLBEZIRK->GEMEINDE,lsa:GEMEINDE:15083115,Bülstringen,party:D3,3,0,18,18,0
WAHLBEZIRK->GEMEINDE,lsa:GEMEINDE:15083115,Bülstringen,party:D4,3,0,32,32,0
WAHLBEZIRK->GEMEINDE,lsa:GEMEINDE:15083115,Bülstringen,party:D5,3,0,18,18,0
WAHLBEZIRK->GEMEINDE,lsa:GEMEINDE:15083115,Bülstringen,party:D6,3,0,8,8,0
WAHLBEZIRK->GEMEINDE,lsa:GEMEINDE:15083115,Bülstringen,party:F1,3,0,127,127,0
WAHLBEZIRK->GEMEINDE,lsa:GEMEINDE:15083115,Bülstringen,party:F10,3,0,1,1,0
WAHLBEZIRK->GEMEINDE,lsa:GEMEINDE:15083115,Bülstringen,party:F11,3,0,2,2,0
WAHLBEZIRK->GEMEINDE,lsa:GEMEINDE:15083115,Bülstringen,party:F12,3,0,6,6,0
WAHLBEZIRK->GEMEINDE,lsa:GEMEINDE:15083115,Bülstringen,party:F15,3,0,29,29,0
WAHLBEZIRK->GEMEINDE,lsa:GEMEINDE:15083115,Bülstringen,party:F19,3,0,1,1,0
WAHLBEZIRK->GEMEINDE,lsa:GEMEINDE:15083115,Bülstringen,party:F2,3,0,276,276,0
WAHLBEZIRK->GEMEINDE,lsa:GEMEINDE:15083115,Bülstringen,party:F20,3,0,0,0,0
WAHLBEZIRK->GEMEINDE,lsa:GEMEINDE:15083115,Bülstringen,party:F3,3,0,32,32,0
WAHLBEZIRK->GEMEINDE,lsa:GEMEINDE:15083115,Bülstringen,party:F4,3,0,61,61,0
WAHLBEZIRK->GEMEINDE,lsa:GEMEINDE:15083115,Bülstringen,party:F5,3,0,20,20,0
WAHLBEZIRK->GEMEINDE,lsa:GEMEINDE:15083115,Bülstringen,party:F6,3,0,20,20,0
WAHLBEZIRK->GEMEINDE,lsa:GEMEINDE:15083115,Bülstringen,party:F7,3,0,11,11,0
WAHLBEZIRK->GEMEINDE,lsa:GEMEINDE:15083115,Bülstringen,party:F8,3,0,1,1,0
WAHLBEZIRK->GEMEINDE,lsa:GEMEINDE:15083115,Bülstringen,party:F9,3,0,6,6,0
WAHLBEZIRK->GEMEINDE,lsa:GEMEINDE:15083120,Burgstall,reported_precincts,5,0,5,5,0
WAHLBEZIRK->GEMEINDE,lsa:GEMEINDE:15083120,Burgstall,total_precincts,5,0,5,5,0
WAHLBEZIRK->GEMEINDE,lsa:GEMEINDE:15083120,Burgstall,voters_total,5,0,1028,1028,0
WAHLBEZIRK->GEMEINDE,lsa:GEMEINDE:15083120,Burgstall,valid_votes_erst,5,0,1011,1011,0
WAHLBEZIRK->GEMEINDE,lsa:GEMEINDE:15083120,Burgstall,valid_votes_zweit,5,0,1011,1011,0
WAHLBEZIRK->GEMEINDE,lsa:GEMEINDE:15083120,Burgstall,party:D1,5,0,212,212,0
WAHLBEZIRK->GEMEINDE,lsa:GEMEINDE:15083120,Burgstall,party:D15,5,0,69,69,0
WAHLBEZIRK->GEMEINDE,lsa:GEMEINDE:15083120,Burgstall,party:D2,5,0,532,532,0
WAHLBEZIRK->GEMEINDE,lsa:GEMEINDE:15083120,Burgstall,party:D21,5,0,10,10,0
WAHLBEZIRK->GEMEINDE,lsa:GEMEINDE:15083120,Burgstall,party:D3,5,0,85,85,0
WAHLBEZIRK->GEMEINDE,lsa:GEMEINDE:15083120,Burgstall,party:D4,5,0,62,62,0
WAHLBEZIRK->GEMEINDE,lsa:GEMEINDE:15083120,Burgstall,party:D5,5,0,22,22,0
WAHLBEZIRK->GEMEINDE,lsa:GEMEINDE:15083120,Burgstall,party:D6,5,0,19,19,0
WAHLBEZIRK->GEMEINDE,lsa:GEMEINDE:15083120,Burgstall,party:F1,5,0,166,166,0
WAHLBEZIRK->GEMEINDE,lsa:GEMEINDE:15083120,Burgstall,party:F10,5,0,5,5,0
WAHLBEZIRK->GEMEINDE,lsa:GEMEINDE:15083120,Burgstall,party:F11,5,0,2,2,0
WAHLBEZIRK->GEMEINDE,lsa:GEMEINDE:15083120,Burgstall,party:F12,5,0,3,3,0
WAHLBEZIRK->GEMEINDE,lsa:GEMEINDE:15083120,Burgstall,party:F15,5,0,71,71,0
WAHLBEZIRK->GEMEINDE,lsa:GEMEINDE:15083120,Burgstall,party:F19,5,0,1,1,0
WAHLBEZIRK->GEMEINDE,lsa:GEMEINDE:15083120,Burgstall,party:F2,5,0,527,527,0
WAHLBEZIRK->GEMEINDE,lsa:GEMEINDE:15083120,Burgstall,party:F20,5,0,4,4,0
WAHLBEZIRK->GEMEINDE,lsa:GEMEINDE:15083120,Burgstall,party:F3,5,0,62,62,0
WAHLBEZIRK->GEMEINDE,lsa:GEMEINDE:15083120,Burgstall,party:F4,5,0,78,78,0
WAHLBEZIRK->GEMEINDE,lsa:GEMEINDE:15083120,Burgstall,party:F5,5,0,27,27,0
WAHLBEZIRK->GEMEINDE,lsa:GEMEINDE:15083120,Burgstall,party:F6,5,0,51,51,0
WAHLBEZIRK->GEMEINDE,lsa:GEMEINDE:15083120,Burgstall,party:F7,5,0,5,5,0
WAHLBEZIRK->GEMEINDE,lsa:GEMEINDE:15083120,Burgstall,party:F8,5,0,1,1,0
WAHLBEZIRK->GEMEINDE,lsa:GEMEINDE:15083120,Burgstall,party:F9,5,0,8,8,0
WAHLBEZIRK->GEMEINDE,lsa:GEMEINDE:15083125,Calvörde,reported_precincts,9,0,9,9,0
WAHLBEZIRK->GEMEINDE,lsa:GEMEINDE:15083125,Calvörde,total_precincts,9,0,9,9,0
WAHLBEZIRK->GEMEINDE,lsa:GEMEINDE:15083125,Calvörde,voters_total,9,0,2155,2155,0
WAHLBEZIRK->GEMEINDE,lsa:GEMEINDE:15083125,Calvörde,valid_votes_erst,9,0,2128,2128,0
WAHLBEZIRK->GEMEINDE,lsa:GEMEINDE:15083125,Calvörde,valid_votes_zweit,9,0,2133,2133,0
WAHLBEZIRK->GEMEINDE,lsa:GEMEINDE:15083125,Calvörde,party:D1,9,0,686,686,0
WAHLBEZIRK->GEMEINDE,lsa:GEMEINDE:15083125,Calvörde,party:D15,9,0,122,122,0
WAHLBEZIRK->GEMEINDE,lsa:GEMEINDE:15083125,Calvörde,party:D2,9,0,962,962,0
WAHLBEZIRK->GEMEINDE,lsa:GEMEINDE:15083125,Calvörde,party:D3,9,0,147,147,0
WAHLBEZIRK->GEMEINDE,lsa:GEMEINDE:15083125,Calvörde,party:D4,9,0,140,140,0
WAHLBEZIRK->GEMEINDE,lsa:GEMEINDE:15083125,Calvörde,party:D5,9,0,35,35,0
WAHLBEZIRK->GEMEINDE,lsa:GEMEINDE:15083125,Calvörde,party:D6,9,0,36,36,0
WAHLBEZIRK->GEMEINDE,lsa:GEMEINDE:15083125,Calvörde,party:F1,9,0,404,404,0
WAHLBEZIRK->GEMEINDE,lsa:GEMEINDE:15083125,Calvörde,party:F10,9,0,13,13,0
WAHLBEZIRK->GEMEINDE,lsa:GEMEINDE:15083125,Calvörde,party:F11,9,0,10,10,0
WAHLBEZIRK->GEMEINDE,lsa:GEMEINDE:15083125,Calvörde,party:F12,9,0,10,10,0
WAHLBEZIRK->GEMEINDE,lsa:GEMEINDE:15083125,Calvörde,party:F15,9,0,135,135,0
WAHLBEZIRK->GEMEINDE,lsa:GEMEINDE:15083125,Calvörde,party:F19,9,0,3,3,0
WAHLBEZIRK->GEMEINDE,lsa:GEMEINDE:15083125,Calvörde,party:F2,9,0,1006,1006,0
WAHLBEZIRK->GEMEINDE,lsa:GEMEINDE:15083125,Calvörde,party:F20,9,0,11,11,0
WAHLBEZIRK->GEMEINDE,lsa:GEMEINDE:15083125,Calvörde,party:F3,9,0,166,166,0
WAHLBEZIRK->GEMEINDE,lsa:GEMEINDE:15083125,Calvörde,party:F4,9,0,174,174,0
WAHLBEZIRK->GEMEINDE,lsa:GEMEINDE:15083125,Calvörde,party:F5,9,0,42,42,0
WAHLBEZIRK->GEMEINDE,lsa:GEMEINDE:15083125,Calvörde,party:F6,9,0,107,107,0
WAHLBEZIRK->GEMEINDE,lsa:GEMEINDE:15083125,Calvörde,party:F7,9,0,22,22,0
WAHLBEZIRK->GEMEINDE,lsa:GEMEINDE:15083125,Calvörde,party:F8,9,0,3,3,0
WAHLBEZIRK->GEMEINDE,lsa:GEMEINDE:15083125,Calvörde,party:F9,9,0,27,27,0
WAHLBEZIRK->GEMEINDE,lsa:GEMEINDE:15083130,Colbitz,reported_precincts,4,0,4,4,0
WAHLBEZIRK->GEMEINDE,lsa:GEMEINDE:15083130,Colbitz,total_precincts,4,0,4,4,0
WAHLBEZIRK->GEMEINDE,lsa:GEMEINDE:15083130,Colbitz,voters_total,4,0,2298,2298,0
WAHLBEZIRK->GEMEINDE,lsa:GEMEINDE:15083130,Colbitz,valid_votes_erst,4,0,2282,2282,0
WAHLBEZIRK->GEMEINDE,lsa:GEMEINDE:15083130,Colbitz,valid_votes_zweit,4,0,2287,2287,0
WAHLBEZIRK->GEMEINDE,lsa:GEMEINDE:15083130,Colbitz,party:D1,4,0,507,507,0
WAHLBEZIRK->GEMEINDE,lsa:GEMEINDE:15083130,Colbitz,party:D15,4,0,137,137,0
WAHLBEZIRK->GEMEINDE,lsa:GEMEINDE:15083130,Colbitz,party:D2,4,0,1112,1112,0
WAHLBEZIRK->GEMEINDE,lsa:GEMEINDE:15083130,Colbitz,party:D21,4,0,25,25,0
WAHLBEZIRK->GEMEINDE,lsa:GEMEINDE:15083130,Colbitz,party:D3,4,0,231,231,0
WAHLBEZIRK->GEMEINDE,lsa:GEMEINDE:15083130,Colbitz,party:D4,4,0,154,154,0
WAHLBEZIRK->GEMEINDE,lsa:GEMEINDE:15083130,Colbitz,party:D5,4,0,62,62,0
WAHLBEZIRK->GEMEINDE,lsa:GEMEINDE:15083130,Colbitz,party:D6,4,0,54,54,0
WAHLBEZIRK->GEMEINDE,lsa:GEMEINDE:15083130,Colbitz,party:F1,4,0,383,383,0
WAHLBEZIRK->GEMEINDE,lsa:GEMEINDE:15083130,Colbitz,party:F10,4,0,10,10,0
WAHLBEZIRK->GEMEINDE,lsa:GEMEINDE:15083130,Colbitz,party:F11,4,0,4,4,0
WAHLBEZIRK->GEMEINDE,lsa:GEMEINDE:15083130,Colbitz,party:F12,4,0,5,5,0
WAHLBEZIRK->GEMEINDE,lsa:GEMEINDE:15083130,Colbitz,party:F15,4,0,133,133,0
WAHLBEZIRK->GEMEINDE,lsa:GEMEINDE:15083130,Colbitz,party:F19,4,0,6,6,0
WAHLBEZIRK->GEMEINDE,lsa:GEMEINDE:15083130,Colbitz,party:F2,4,0,1116,1116,0
WAHLBEZIRK->GEMEINDE,lsa:GEMEINDE:15083130,Colbitz,party:F20,4,0,9,9,0
WAHLBEZIRK->GEMEINDE,lsa:GEMEINDE:15083130,Colbitz,party:F3,4,0,193,193,0
WAHLBEZIRK->GEMEINDE,lsa:GEMEINDE:15083130,Colbitz,party:F4,4,0,184,184,0
WAHLBEZIRK->GEMEINDE,lsa:GEMEINDE:15083130,Colbitz,party:F5,4,0,50,50,0
WAHLBEZIRK->GEMEINDE,lsa:GEMEINDE:15083130,Colbitz,party:F6,4,0,153,153,0
WAHLBEZIRK->GEMEINDE,lsa:GEMEINDE:15083130,Colbitz,party:F7,4,0,15,15,0
WAHLBEZIRK->GEMEINDE,lsa:GEMEINDE:15083130,Colbitz,party:F8,4,0,5,5,0
WAHLBEZIRK->GEMEINDE,lsa:GEMEINDE:15083130,Colbitz,party:F9,4,0,21,21,0
WAHLBEZIRK->GEMEINDE,lsa:GEMEINDE:15083190,Eilsleben,reported_precincts,6,0,6,6,0
WAHLBEZIRK->GEMEINDE,lsa:GEMEINDE:15083190,Eilsleben,total_precincts,6,0,6,6,0
WAHLBEZIRK->GEMEINDE,lsa:GEMEINDE:15083190,Eilsleben,voters_total,6,0,2337,2337,0
WAHLBEZIRK->GEMEINDE,lsa:GEMEINDE:15083190,Eilsleben,valid_votes_erst,6,0,2313,2313,0
WAHLBEZIRK->GEMEINDE,lsa:GEMEINDE:15083190,Eilsleben,valid_votes_zweit,6,0,2310,2310,0
WAHLBEZIRK->GEMEINDE,lsa:GEMEINDE:15083190,Eilsleben,party:D1,6,0,676,676,0
WAHLBEZIRK->GEMEINDE,lsa:GEMEINDE:15083190,Eilsleben,party:D15,6,0,166,166,0
WAHLBEZIRK->GEMEINDE,lsa:GEMEINDE:15083190,Eilsleben,party:D2,6,0,970,970,0
WAHLBEZIRK->GEMEINDE,lsa:GEMEINDE:15083190,Eilsleben,party:D3,6,0,176,176,0
WAHLBEZIRK->GEMEINDE,lsa:GEMEINDE:15083190,Eilsleben,party:D4,6,0,193,193,0
WAHLBEZIRK->GEMEINDE,lsa:GEMEINDE:15083190,Eilsleben,party:D5,6,0,66,66,0
WAHLBEZIRK->GEMEINDE,lsa:GEMEINDE:15083190,Eilsleben,party:D6,6,0,66,66,0
WAHLBEZIRK->GEMEINDE,lsa:GEMEINDE:15083190,Eilsleben,party:F1,6,0,448,448,0
WAHLBEZIRK->GEMEINDE,lsa:GEMEINDE:15083190,Eilsleben,party:F10,6,0,13,13,0
WAHLBEZIRK->GEMEINDE,lsa:GEMEINDE:15083190,Eilsleben,party:F11,6,0,7,7,0
WAHLBEZIRK->GEMEINDE,lsa:GEMEINDE:15083190,Eilsleben,party:F12,6,0,12,12,0
WAHLBEZIRK->GEMEINDE,lsa:GEMEINDE:15083190,Eilsleben,party:F15,6,0,176,176,0
WAHLBEZIRK->GEMEINDE,lsa:GEMEINDE:15083190,Eilsleben,party:F19,6,0,4,4,0
WAHLBEZIRK->GEMEINDE,lsa:GEMEINDE:15083190,Eilsleben,party:F2,6,0,978,978,0
WAHLBEZIRK->GEMEINDE,lsa:GEMEINDE:15083190,Eilsleben,party:F20,6,0,3,3,0
WAHLBEZIRK->GEMEINDE,lsa:GEMEINDE:15083190,Eilsleben,party:F3,6,0,190,190,0
WAHLBEZIRK->GEMEINDE,lsa:GEMEINDE:15083190,Eilsleben,party:F4,6,0,234,234,0
WAHLBEZIRK->GEMEINDE,lsa:GEMEINDE:15083190,Eilsleben,party:F5,6,0,54,54,0
WAHLBEZIRK->GEMEINDE,lsa:GEMEINDE:15083190,Eilsleben,party:F6,6,0,137,137,0
WAHLBEZIRK->GEMEINDE,lsa:GEMEINDE:15083190,Eilsleben,party:F7,6,0,25,25,0
WAHLBEZIRK->GEMEINDE,lsa:GEMEINDE:15083190,Eilsleben,party:F8,6,0,1,1,0
WAHLBEZIRK->GEMEINDE,lsa:GEMEINDE:15083190,Eilsleben,party:F9,6,0,28,28,0
WAHLBEZIRK->GEMEINDE,lsa:GEMEINDE:15083205,Erxleben,reported_precincts,6,0,6,6,0
WAHLBEZIRK->GEMEINDE,lsa:GEMEINDE:15083205,Erxleben,total_precincts,6,0,6,6,0
WAHLBEZIRK->GEMEINDE,lsa:GEMEINDE:15083205,Erxleben,voters_total,6,0,1839,1839,0
WAHLBEZIRK->GEMEINDE,lsa:GEMEINDE:15083205,Erxleben,valid_votes_erst,6,0,1809,1809,0
WAHLBEZIRK->GEMEINDE,lsa:GEMEINDE:15083205,Erxleben,valid_votes_zweit,6,0,1816,1816,0
WAHLBEZIRK->GEMEINDE,lsa:GEMEINDE:15083205,Erxleben,party:D1,6,0,512,512,0
WAHLBEZIRK->GEMEINDE,lsa:GEMEINDE:15083205,Erxleben,party:D15,6,0,89,89,0
WAHLBEZIRK->GEMEINDE,lsa:GEMEINDE:15083205,Erxleben,party:D2,6,0,885,885,0
WAHLBEZIRK->GEMEINDE,lsa:GEMEINDE:15083205,Erxleben,party:D3,6,0,136,136,0
WAHLBEZIRK->GEMEINDE,lsa:GEMEINDE:15083205,Erxleben,party:D4,6,0,109,109,0
WAHLBEZIRK->GEMEINDE,lsa:GEMEINDE:15083205,Erxleben,party:D5,6,0,43,43,0
WAHLBEZIRK->GEMEINDE,lsa:GEMEINDE:15083205,Erxleben,party:D6,6,0,35,35,0
WAHLBEZIRK->GEMEINDE,lsa:GEMEINDE:15083205,Erxleben,party:F1,6,0,300,300,0
WAHLBEZIRK->GEMEINDE,lsa:GEMEINDE:15083205,Erxleben,party:F10,6,0,9,9,0
WAHLBEZIRK->GEMEINDE,lsa:GEMEINDE:15083205,Erxleben,party:F11,6,0,4,4,0
WAHLBEZIRK->GEMEINDE,lsa:GEMEINDE:15083205,Erxleben,party:F12,6,0,15,15,0
WAHLBEZIRK->GEMEINDE,lsa:GEMEINDE:15083205,Erxleben,party:F15,6,0,110,110,0
WAHLBEZIRK->GEMEINDE,lsa:GEMEINDE:15083205,Erxleben,party:F19,6,0,2,2,0
WAHLBEZIRK->GEMEINDE,lsa:GEMEINDE:15083205,Erxleben,party:F2,6,0,875,875,0
WAHLBEZIRK->GEMEINDE,lsa:GEMEINDE:15083205,Erxleben,party:F20,6,0,3,3,0
WAHLBEZIRK->GEMEINDE,lsa:GEMEINDE:15083205,Erxleben,party:F3,6,0,153,153,0
WAHLBEZIRK->GEMEINDE,lsa:GEMEINDE:15083205,Erxleben,party:F4,6,0,150,150,0
WAHLBEZIRK->GEMEINDE,lsa:GEMEINDE:15083205,Erxleben,party:F5,6,0,30,30,0
WAHLBEZIRK->GEMEINDE,lsa:GEMEINDE:15083205,Erxleben,party:F6,6,0,110,110,0
WAHLBEZIRK->GEMEINDE,lsa:GEMEINDE:15083205,Erxleben,party:F7,6,0,17,17,0
WAHLBEZIRK->GEMEINDE,lsa:GEMEINDE:15083205,Erxleben,party:F8,6,0,3,3,0
WAHLBEZIRK->GEMEINDE,lsa:GEMEINDE:15083205,Erxleben,party:F9,6,0,35,35,0
WAHLBEZIRK->GEMEINDE,lsa:GEMEINDE:15083230,Flechtingen,reported_precincts,5,0,5,5,0
WAHLBEZIRK->GEMEINDE,lsa:GEMEINDE:15083230,Flechtingen,total_precincts,5,0,5,5,0
WAHLBEZIRK->GEMEINDE,lsa:GEMEINDE:15083230,Flechtingen,voters_total,5,0,1739,1739,0
WAHLBEZIRK->GEMEINDE,lsa:GEMEINDE:15083230,Flechtingen,valid_votes_erst,5,0,1722,1722,0
WAHLBEZIRK->GEMEINDE,lsa:GEMEINDE:15083230,Flechtingen,valid_votes_zweit,5,0,1726,1726,0
WAHLBEZIRK->GEMEINDE,lsa:GEMEINDE:15083230,Flechtingen,party:D1,5,0,633,633,0
WAHLBEZIRK->GEMEINDE,lsa:GEMEINDE:15083230,Flechtingen,party:D15,5,0,82,82,0
WAHLBEZIRK->GEMEINDE,lsa:GEMEINDE:15083230,Flechtingen,party:D2,5,0,722,722,0
WAHLBEZIRK->GEMEINDE,lsa:GEMEINDE:15083230,Flechtingen,party:D3,5,0,99,99,0
WAHLBEZIRK->GEMEINDE,lsa:GEMEINDE:15083230,Flechtingen,party:D4,5,0,129,129,0
WAHLBEZIRK->GEMEINDE,lsa:GEMEINDE:15083230,Flechtingen,party:D5,5,0,29,29,0
WAHLBEZIRK->GEMEINDE,lsa:GEMEINDE:15083230,Flechtingen,party:D6,5,0,28,28,0
WAHLBEZIRK->GEMEINDE,lsa:GEMEINDE:15083230,Flechtingen,party:F1,5,0,359,359,0
WAHLBEZIRK->GEMEINDE,lsa:GEMEINDE:15083230,Flechtingen,party:F10,5,0,7,7,0
WAHLBEZIRK->GEMEINDE,lsa:GEMEINDE:15083230,Flechtingen,party:F11,5,0,5,5,0
WAHLBEZIRK->GEMEINDE,lsa:GEMEINDE:15083230,Flechtingen,party:F12,5,0,7,7,0
WAHLBEZIRK->GEMEINDE,lsa:GEMEINDE:15083230,Flechtingen,party:F15,5,0,97,97,0
WAHLBEZIRK->GEMEINDE,lsa:GEMEINDE:15083230,Flechtingen,party:F19,5,0,2,2,0
WAHLBEZIRK->GEMEINDE,lsa:GEMEINDE:15083230,Flechtingen,party:F2,5,0,741,741,0
WAHLBEZIRK->GEMEINDE,lsa:GEMEINDE:15083230,Flechtingen,party:F20,5,0,4,4,0
WAHLBEZIRK->GEMEINDE,lsa:GEMEINDE:15083230,Flechtingen,party:F3,5,0,113,113,0
WAHLBEZIRK->GEMEINDE,lsa:GEMEINDE:15083230,Flechtingen,party:F4,5,0,171,171,0
WAHLBEZIRK->GEMEINDE,lsa:GEMEINDE:15083230,Flechtingen,party:F5,5,0,35,35,0
WAHLBEZIRK->GEMEINDE,lsa:GEMEINDE:15083230,Flechtingen,party:F6,5,0,144,144,0
WAHLBEZIRK->GEMEINDE,lsa:GEMEINDE:15083230,Flechtingen,party:F7,5,0,25,25,0
WAHLBEZIRK->GEMEINDE,lsa:GEMEINDE:15083230,Flechtingen,party:F8,5,0,1,1,0
WAHLBEZIRK->GEMEINDE,lsa:GEMEINDE:15083230,Flechtingen,party:F9,5,0,15,15,0
WAHLBEZIRK->GEMEINDE,lsa:GEMEINDE:15083245,"Gröningen, Stadt",reported_precincts,6,0,6,6,0
WAHLBEZIRK->GEMEINDE,lsa:GEMEINDE:15083245,"Gröningen, Stadt",total_precincts,6,0,6,6,0
WAHLBEZIRK->GEMEINDE,lsa:GEMEINDE:15083245,"Gröningen, Stadt",voters_total,6,0,2285,2285,0
WAHLBEZIRK->GEMEINDE,lsa:GEMEINDE:15083245,"Gröningen, Stadt",valid_votes_erst,6,0,2268,2268,0
WAHLBEZIRK->GEMEINDE,lsa:GEMEINDE:15083245,"Gröningen, Stadt",valid_votes_zweit,6,0,2261,2261,0
WAHLBEZIRK->GEMEINDE,lsa:GEMEINDE:15083245,"Gröningen, Stadt",party:D1,6,0,467,467,0
WAHLBEZIRK->GEMEINDE,lsa:GEMEINDE:15083245,"Gröningen, Stadt",party:D15,6,0,131,131,0
WAHLBEZIRK->GEMEINDE,lsa:GEMEINDE:15083245,"Gröningen, Stadt",party:D2,6,0,1179,1179,0
WAHLBEZIRK->GEMEINDE,lsa:GEMEINDE:15083245,"Gröningen, Stadt",party:D3,6,0,239,239,0
WAHLBEZIRK->GEMEINDE,lsa:GEMEINDE:15083245,"Gröningen, Stadt",party:D4,6,0,143,143,0
WAHLBEZIRK->GEMEINDE,lsa:GEMEINDE:15083245,"Gröningen, Stadt",party:D5,6,0,57,57,0
WAHLBEZIRK->GEMEINDE,lsa:GEMEINDE:15083245,"Gröningen, Stadt",party:D6,6,0,52,52,0
WAHLBEZIRK->GEMEINDE,lsa:GEMEINDE:15083245,"Gröningen, Stadt",party:F1,6,0,366,366,0
WAHLBEZIRK->GEMEINDE,lsa:GEMEINDE:15083245,"Gröningen, Stadt",party:F10,6,0,19,19,0
WAHLBEZIRK->GEMEINDE,lsa:GEMEINDE:15083245,"Gröningen, Stadt",party:F11,6,0,8,8,0
WAHLBEZIRK->GEMEINDE,lsa:GEMEINDE:15083245,"Gröningen, Stadt",party:F12,6,0,6,6,0
WAHLBEZIRK->GEMEINDE,lsa:GEMEINDE:15083245,"Gröningen, Stadt",party:F15,6,0,90,90,0
WAHLBEZIRK->GEMEINDE,lsa:GEMEINDE:15083245,"Gröningen, Stadt",party:F19,6,0,5,5,0
WAHLBEZIRK->GEMEINDE,lsa:GEMEINDE:15083245,"Gröningen, Stadt",party:F2,6,0,1169,1169,0
WAHLBEZIRK->GEMEINDE,lsa:GEMEINDE:15083245,"Gröningen, Stadt",party:F20,6,0,3,3,0
WAHLBEZIRK->GEMEINDE,lsa:GEMEINDE:15083245,"Gröningen, Stadt",party:F3,6,0,191,191,0
WAHLBEZIRK->GEMEINDE,lsa:GEMEINDE:15083245,"Gröningen, Stadt",party:F4,6,0,194,194,0
WAHLBEZIRK->GEMEINDE,lsa:GEMEINDE:15083245,"Gröningen, Stadt",party:F5,6,0,46,46,0
WAHLBEZIRK->GEMEINDE,lsa:GEMEINDE:15083245,"Gröningen, Stadt",party:F6,6,0,90,90,0
WAHLBEZIRK->GEMEINDE,lsa:GEMEINDE:15083245,"Gröningen, Stadt",party:F7,6,0,50,50,0
WAHLBEZIRK->GEMEINDE,lsa:GEMEINDE:15083245,"Gröningen, Stadt",party:F8,6,0,7,7,0
WAHLBEZIRK->GEMEINDE,lsa:GEMEINDE:15083245,"Gröningen, Stadt",party:F9,6,0,17,17,0
WAHLBEZIRK->GEMEINDE,lsa:GEMEINDE:15083270,"Haldensleben, Stadt",reported_precincts,17,0,17,17,0
WAHLBEZIRK->GEMEINDE,lsa:GEMEINDE:15083270,"Haldensleben, Stadt",total_precincts,17,0,17,17,0
WAHLBEZIRK->GEMEINDE,lsa:GEMEINDE:15083270,"Haldensleben, Stadt",voters_total,17,0,11163,11163,0
WAHLBEZIRK->GEMEINDE,lsa:GEMEINDE:15083270,"Haldensleben, Stadt",valid_votes_erst,17,0,11038,11038,0
WAHLBEZIRK->GEMEINDE,lsa:GEMEINDE:15083270,"Haldensleben, Stadt",valid_votes_zweit,17,0,11050,11050,0
WAHLBEZIRK->GEMEINDE,lsa:GEMEINDE:15083270,"Haldensleben, Stadt",party:D1,17,0,3453,3453,0
WAHLBEZIRK->GEMEINDE,lsa:GEMEINDE:15083270,"Haldensleben, Stadt",party:D15,17,0,561,561,0
WAHLBEZIRK->GEMEINDE,lsa:GEMEINDE:15083270,"Haldensleben, Stadt",party:D2,17,0,4773,4773,0
WAHLBEZIRK->GEMEINDE,lsa:GEMEINDE:15083270,"Haldensleben, Stadt",party:D3,17,0,829,829,0
WAHLBEZIRK->GEMEINDE,lsa:GEMEINDE:15083270,"Haldensleben, Stadt",party:D4,17,0,908,908,0
WAHLBEZIRK->GEMEINDE,lsa:GEMEINDE:15083270,"Haldensleben, Stadt",party:D5,17,0,270,270,0
WAHLBEZIRK->GEMEINDE,lsa:GEMEINDE:15083270,"Haldensleben, Stadt",party:D6,17,0,244,244,0
WAHLBEZIRK->GEMEINDE,lsa:GEMEINDE:15083270,"Haldensleben, Stadt",party:F1,17,0,2077,2077,0
WAHLBEZIRK->GEMEINDE,lsa:GEMEINDE:15083270,"Haldensleben, Stadt",party:F10,17,0,81,81,0
WAHLBEZIRK->GEMEINDE,lsa:GEMEINDE:15083270,"Haldensleben, Stadt",party:F11,17,0,34,34,0
WAHLBEZIRK->GEMEINDE,lsa:GEMEINDE:15083270,"Haldensleben, Stadt",party:F12,17,0,46,46,0
WAHLBEZIRK->GEMEINDE,lsa:GEMEINDE:15083270,"Haldensleben, Stadt",party:F15,17,0,609,609,0
WAHLBEZIRK->GEMEINDE,lsa:GEMEINDE:15083270,"Haldensleben, Stadt",party:F19,17,0,14,14,0
WAHLBEZIRK->GEMEINDE,lsa:GEMEINDE:15083270,"Haldensleben, Stadt",party:F2,17,0,4876,4876,0
WAHLBEZIRK->GEMEINDE,lsa:GEMEINDE:15083270,"Haldensleben, Stadt",party:F20,17,0,25,25,0
WAHLBEZIRK->GEMEINDE,lsa:GEMEINDE:15083270,"Haldensleben, Stadt",party:F3,17,0,940,940,0
WAHLBEZIRK->GEMEINDE,lsa:GEMEINDE:15083270,"Haldensleben, Stadt",party:F4,17,0,1076,1076,0
WAHLBEZIRK->GEMEINDE,lsa:GEMEINDE:15083270,"Haldensleben, Stadt",party:F5,17,0,270,270,0
WAHLBEZIRK->GEMEINDE,lsa:GEMEINDE:15083270,"Haldensleben, Stadt",party:F6,17,0,760,760,0
WAHLBEZIRK->GEMEINDE,lsa:GEMEINDE:15083270,"Haldensleben, Stadt",party:F7,17,0,104,104,0
WAHLBEZIRK->GEMEINDE,lsa:GEMEINDE:15083270,"Haldensleben, Stadt",party:F8,17,0,8,8,0
WAHLBEZIRK->GEMEINDE,lsa:GEMEINDE:15083270,"Haldensleben, Stadt",party:F9,17,0,130,130,0
WAHLBEZIRK->GEMEINDE,lsa:GEMEINDE:15083275,Harbke,reported_precincts,2,0,2,2,0
WAHLBEZIRK->GEMEINDE,lsa:GEMEINDE:15083275,Harbke,total_precincts,2,0,2,2,0
WAHLBEZIRK->GEMEINDE,lsa:GEMEINDE:15083275,Harbke,voters_total,2,0,890,890,0
WAHLBEZIRK->GEMEINDE,lsa:GEMEINDE:15083275,Harbke,valid_votes_erst,2,0,874,874,0
WAHLBEZIRK->GEMEINDE,lsa:GEMEINDE:15083275,Harbke,valid_votes_zweit,2,0,874,874,0
WAHLBEZIRK->GEMEINDE,lsa:GEMEINDE:15083275,Harbke,party:D1,2,0,246,246,0
WAHLBEZIRK->GEMEINDE,lsa:GEMEINDE:15083275,Harbke,party:D15,2,0,51,51,0
WAHLBEZIRK->GEMEINDE,lsa:GEMEINDE:15083275,Harbke,party:D2,2,0,400,400,0
WAHLBEZIRK->GEMEINDE,lsa:GEMEINDE:15083275,Harbke,party:D3,2,0,50,50,0
WAHLBEZIRK->GEMEINDE,lsa:GEMEINDE:15083275,Harbke,party:D4,2,0,87,87,0
WAHLBEZIRK->GEMEINDE,lsa:GEMEINDE:15083275,Harbke,party:D5,2,0,21,21,0
WAHLBEZIRK->GEMEINDE,lsa:GEMEINDE:15083275,Harbke,party:D6,2,0,19,19,0
WAHLBEZIRK->GEMEINDE,lsa:GEMEINDE:15083275,Harbke,party:F1,2,0,170,170,0
WAHLBEZIRK->GEMEINDE,lsa:GEMEINDE:15083275,Harbke,party:F10,2,0,9,9,0
WAHLBEZIRK->GEMEINDE,lsa:GEMEINDE:15083275,Harbke,party:F11,2,0,2,2,0
WAHLBEZIRK->GEMEINDE,lsa:GEMEINDE:15083275,Harbke,party:F12,2,0,7,7,0
WAHLBEZIRK->GEMEINDE,lsa:GEMEINDE:15083275,Harbke,party:F15,2,0,53,53,0
WAHLBEZIRK->GEMEINDE,lsa:GEMEINDE:15083275,Harbke,party:F19,2,0,2,2,0
WAHLBEZIRK->GEMEINDE,lsa:GEMEINDE:15083275,Harbke,party:F2,2,0,389,389,0
WAHLBEZIRK->GEMEINDE,lsa:GEMEINDE:15083275,Harbke,party:F20,2,0,0,0,0
WAHLBEZIRK->GEMEINDE,lsa:GEMEINDE:15083275,Harbke,party:F3,2,0,51,51,0
WAHLBEZIRK->GEMEINDE,lsa:GEMEINDE:15083275,Harbke,party:F4,2,0,105,105,0
WAHLBEZIRK->GEMEINDE,lsa:GEMEINDE:15083275,Harbke,party:F5,2,0,18,18,0
WAHLBEZIRK->GEMEINDE,lsa:GEMEINDE:15083275,Harbke,party:F6,2,0,44,44,0
WAHLBEZIRK->GEMEINDE,lsa:GEMEINDE:15083275,Harbke,party:F7,2,0,10,10,0
WAHLBEZIRK->GEMEINDE,lsa:GEMEINDE:15083275,Harbke,party:F8,2,0,1,1,0
WAHLBEZIRK->GEMEINDE,lsa:GEMEINDE:15083275,Harbke,party:F9,2,0,13,13,0
WAHLBEZIRK->GEMEINDE,lsa:GEMEINDE:15083298,Hohe Börde,reported_precincts,20,0,20,20,0
WAHLBEZIRK->GEMEINDE,lsa:GEMEINDE:15083298,Hohe Börde,total_precincts,20,0,20,20,0
WAHLBEZIRK->GEMEINDE,lsa:GEMEINDE:15083298,Hohe Börde,voters_total,20,0,12550,12550,0
WAHLBEZIRK->GEMEINDE,lsa:GEMEINDE:15083298,Hohe Börde,valid_votes_erst,20,0,12439,12439,0
WAHLBEZIRK->GEMEINDE,lsa:GEMEINDE:15083298,Hohe Börde,valid_votes_zweit,20,0,12439,12439,0
WAHLBEZIRK->GEMEINDE,lsa:GEMEINDE:15083298,Hohe Börde,party:D1,20,0,2967,2967,0
WAHLBEZIRK->GEMEINDE,lsa:GEMEINDE:15083298,Hohe Börde,party:D15,20,0,600,600,0
WAHLBEZIRK->GEMEINDE,lsa:GEMEINDE:15083298,Hohe Börde,party:D2,20,0,5738,5738,0
WAHLBEZIRK->GEMEINDE,lsa:GEMEINDE:15083298,Hohe Börde,party:D21,20,0,273,273,0
WAHLBEZIRK->GEMEINDE,lsa:GEMEINDE:15083298,Hohe Börde,party:D3,20,0,1019,1019,0
WAHLBEZIRK->GEMEINDE,lsa:GEMEINDE:15083298,Hohe Börde,party:D4,20,0,828,828,0
WAHLBEZIRK->GEMEINDE,lsa:GEMEINDE:15083298,Hohe Börde,party:D5,20,0,626,626,0
WAHLBEZIRK->GEMEINDE,lsa:GEMEINDE:15083298,Hohe Börde,party:D6,20,0,388,388,0
WAHLBEZIRK->GEMEINDE,lsa:GEMEINDE:15083298,Hohe Börde,party:F1,20,0,2133,2133,0
WAHLBEZIRK->GEMEINDE,lsa:GEMEINDE:15083298,Hohe Börde,party:F10,20,0,95,95,0
WAHLBEZIRK->GEMEINDE,lsa:GEMEINDE:15083298,Hohe Börde,party:F11,20,0,26,26,0
WAHLBEZIRK->GEMEINDE,lsa:GEMEINDE:15083298,Hohe Börde,party:F12,20,0,74,74,0
WAHLBEZIRK->GEMEINDE,lsa:GEMEINDE:15083298,Hohe Börde,party:F15,20,0,674,674,0
WAHLBEZIRK->GEMEINDE,lsa:GEMEINDE:15083298,Hohe Börde,party:F19,20,0,21,21,0
WAHLBEZIRK->GEMEINDE,lsa:GEMEINDE:15083298,Hohe Börde,party:F2,20,0,5805,5805,0
WAHLBEZIRK->GEMEINDE,lsa:GEMEINDE:15083298,Hohe Börde,party:F20,20,0,48,48,0
WAHLBEZIRK->GEMEINDE,lsa:GEMEINDE:15083298,Hohe Börde,party:F3,20,0,916,916,0
WAHLBEZIRK->GEMEINDE,lsa:GEMEINDE:15083298,Hohe Börde,party:F4,20,0,1032,1032,0
WAHLBEZIRK->GEMEINDE,lsa:GEMEINDE:15083298,Hohe Börde,party:F5,20,0,392,392,0
WAHLBEZIRK->GEMEINDE,lsa:GEMEINDE:15083298,Hohe Börde,party:F6,20,0,963,963,0
WAHLBEZIRK->GEMEINDE,lsa:GEMEINDE:15083298,Hohe Börde,party:F7,20,0,129,129,0
WAHLBEZIRK->GEMEINDE,lsa:GEMEINDE:15083298,Hohe Börde,party:F8,20,0,8,8,0
WAHLBEZIRK->GEMEINDE,lsa:GEMEINDE:15083298,Hohe Börde,party:F9,20,0,123,123,0
WAHLBEZIRK->GEMEINDE,lsa:GEMEINDE:15083320,Hötensleben,reported_precincts,5,0,5,5,0
WAHLBEZIRK->GEMEINDE,lsa:GEMEINDE:15083320,Hötensleben,total_precincts,5,0,5,5,0
WAHLBEZIRK->GEMEINDE,lsa:GEMEINDE:15083320,Hötensleben,voters_total,5,0,2113,2113,0
WAHLBEZIRK->GEMEINDE,lsa:GEMEINDE:15083320,Hötensleben,valid_votes_erst,5,0,2091,2091,0
WAHLBEZIRK->GEMEINDE,lsa:GEMEINDE:15083320,Hötensleben,valid_votes_zweit,5,0,2096,2096,0
WAHLBEZIRK->GEMEINDE,lsa:GEMEINDE:15083320,Hötensleben,party:D1,5,0,518,518,0
WAHLBEZIRK->GEMEINDE,lsa:GEMEINDE:15083320,Hötensleben,party:D15,5,0,95,95,0
WAHLBEZIRK->GEMEINDE,lsa:GEMEINDE:15083320,Hötensleben,party:D2,5,0,1015,1015,0
WAHLBEZIRK->GEMEINDE,lsa:GEMEINDE:15083320,Hötensleben,party:D3,5,0,192,192,0
WAHLBEZIRK->GEMEINDE,lsa:GEMEINDE:15083320,Hötensleben,party:D4,5,0,180,180,0
WAHLBEZIRK->GEMEINDE,lsa:GEMEINDE:15083320,Hötensleben,party:D5,5,0,55,55,0
WAHLBEZIRK->GEMEINDE,lsa:GEMEINDE:15083320,Hötensleben,party:D6,5,0,36,36,0
WAHLBEZIRK->GEMEINDE,lsa:GEMEINDE:15083320,Hötensleben,party:F1,5,0,409,409,0
WAHLBEZIRK->GEMEINDE,lsa:GEMEINDE:15083320,Hötensleben,party:F10,5,0,12,12,0
WAHLBEZIRK->GEMEINDE,lsa:GEMEINDE:15083320,Hötensleben,party:F11,5,0,4,4,0
WAHLBEZIRK->GEMEINDE,lsa:GEMEINDE:15083320,Hötensleben,party:F12,5,0,10,10,0
WAHLBEZIRK->GEMEINDE,lsa:GEMEINDE:15083320,Hötensleben,party:F15,5,0,105,105,0
WAHLBEZIRK->GEMEINDE,lsa:GEMEINDE:15083320,Hötensleben,party:F19,5,0,5,5,0
WAHLBEZIRK->GEMEINDE,lsa:GEMEINDE:15083320,Hötensleben,party:F2,5,0,1007,1007,0
WAHLBEZIRK->GEMEINDE,lsa:GEMEINDE:15083320,Hötensleben,party:F20,5,0,5,5,0
WAHLBEZIRK->GEMEINDE,lsa:GEMEINDE:15083320,Hötensleben,party:F3,5,0,169,169,0
WAHLBEZIRK->GEMEINDE,lsa:GEMEINDE:15083320,Hötensleben,party:F4,5,0,187,187,0
WAHLBEZIRK->GEMEINDE,lsa:GEMEINDE:15083320,Hötensleben,party:F5,5,0,40,40,0
WAHLBEZIRK->GEMEINDE,lsa:GEMEINDE:15083320,Hötensleben,party:F6,5,0,96,96,0
WAHLBEZIRK->GEMEINDE,lsa:GEMEINDE:15083320,Hötensleben,party:F7,5,0,20,20,0
WAHLBEZIRK->GEMEINDE,lsa:GEMEINDE:15083320,Hötensleben,party:F8,5,0,3,3,0
WAHLBEZIRK->GEMEINDE,lsa:GEMEINDE:15083320,Hötensleben,party:F9,5,0,24,24,0
WAHLBEZIRK->GEMEINDE,lsa:GEMEINDE:15083323,Ingersleben,reported_precincts,5,0,5,5,0
WAHLBEZIRK->GEMEINDE,lsa:GEMEINDE:15083323,Ingersleben,total_precincts,5,0,5,5,0
WAHLBEZIRK->GEMEINDE,lsa:GEMEINDE:15083323,Ingersleben,voters_total,5,0,831,831,0
WAHLBEZIRK->GEMEINDE,lsa:GEMEINDE:15083323,Ingersleben,valid_votes_erst,5,0,817,817,0
WAHLBEZIRK->GEMEINDE,lsa:GEMEINDE:15083323,Ingersleben,valid_votes_zweit,5,0,821,821,0
WAHLBEZIRK->GEMEINDE,lsa:GEMEINDE:15083323,Ingersleben,party:D1,5,0,232,232,0
WAHLBEZIRK->GEMEINDE,lsa:GEMEINDE:15083323,Ingersleben,party:D15,5,0,29,29,0
WAHLBEZIRK->GEMEINDE,lsa:GEMEINDE:15083323,Ingersleben,party:D2,5,0,417,417,0
WAHLBEZIRK->GEMEINDE,lsa:GEMEINDE:15083323,Ingersleben,party:D3,5,0,44,44,0
WAHLBEZIRK->GEMEINDE,lsa:GEMEINDE:15083323,Ingersleben,party:D4,5,0,59,59,0
WAHLBEZIRK->GEMEINDE,lsa:GEMEINDE:15083323,Ingersleben,party:D5,5,0,28,28,0
WAHLBEZIRK->GEMEINDE,lsa:GEMEINDE:15083323,Ingersleben,party:D6,5,0,8,8,0
WAHLBEZIRK->GEMEINDE,lsa:GEMEINDE:15083323,Ingersleben,party:F1,5,0,142,142,0
WAHLBEZIRK->GEMEINDE,lsa:GEMEINDE:15083323,Ingersleben,party:F10,5,0,8,8,0
WAHLBEZIRK->GEMEINDE,lsa:GEMEINDE:15083323,Ingersleben,party:F11,5,0,0,0,0
WAHLBEZIRK->GEMEINDE,lsa:GEMEINDE:15083323,Ingersleben,party:F12,5,0,3,3,0
WAHLBEZIRK->GEMEINDE,lsa:GEMEINDE:15083323,Ingersleben,party:F15,5,0,34,34,0
WAHLBEZIRK->GEMEINDE,lsa:GEMEINDE:15083323,Ingersleben,party:F19,5,0,1,1,0
WAHLBEZIRK->GEMEINDE,lsa:GEMEINDE:15083323,Ingersleben,party:F2,5,0,425,425,0
WAHLBEZIRK->GEMEINDE,lsa:GEMEINDE:15083323,Ingersleben,party:F20,5,0,3,3,0
WAHLBEZIRK->GEMEINDE,lsa:GEMEINDE:15083323,Ingersleben,party:F3,5,0,38,38,0
WAHLBEZIRK->GEMEINDE,lsa:GEMEINDE:15083323,Ingersleben,party:F4,5,0,66,66,0
WAHLBEZIRK->GEMEINDE,lsa:GEMEINDE:15083323,Ingersleben,party:F5,5,0,19,19,0
WAHLBEZIRK->GEMEINDE,lsa:GEMEINDE:15083323,Ingersleben,party:F6,5,0,45,45,0
WAHLBEZIRK->GEMEINDE,lsa:GEMEINDE:15083323,Ingersleben,party:F7,5,0,25,25,0
WAHLBEZIRK->GEMEINDE,lsa:GEMEINDE:15083323,Ingersleben,party:F8,5,0,1,1,0
WAHLBEZIRK->GEMEINDE,lsa:GEMEINDE:15083323,Ingersleben,party:F9,5,0,11,11,0
WAHLBEZIRK->GEMEINDE,lsa:GEMEINDE:15083355,"Kroppenstedt, Stadt",reported_precincts,2,0,2,2,0
WAHLBEZIRK->GEMEINDE,lsa:GEMEINDE:15083355,"Kroppenstedt, Stadt",total_precincts,2,0,2,2,0
WAHLBEZIRK->GEMEINDE,lsa:GEMEINDE:15083355,"Kroppenstedt, Stadt",voters_total,2,0,872,872,0
WAHLBEZIRK->GEMEINDE,lsa:GEMEINDE:15083355,"Kroppenstedt, Stadt",valid_votes_erst,2,0,865,865,0
WAHLBEZIRK->GEMEINDE,lsa:GEMEINDE:15083355,"Kroppenstedt, Stadt",valid_votes_zweit,2,0,863,863,0
WAHLBEZIRK->GEMEINDE,lsa:GEMEINDE:15083355,"Kroppenstedt, Stadt",party:D1,2,0,192,192,0
WAHLBEZIRK->GEMEINDE,lsa:GEMEINDE:15083355,"Kroppenstedt, Stadt",party:D15,2,0,39,39,0
WAHLBEZIRK->GEMEINDE,lsa:GEMEINDE:15083355,"Kroppenstedt, Stadt",party:D2,2,0,487,487,0
WAHLBEZIRK->GEMEINDE,lsa:GEMEINDE:15083355,"Kroppenstedt, Stadt",party:D3,2,0,46,46,0
WAHLBEZIRK->GEMEINDE,lsa:GEMEINDE:15083355,"Kroppenstedt, Stadt",party:D4,2,0,51,51,0
WAHLBEZIRK->GEMEINDE,lsa:GEMEINDE:15083355,"Kroppenstedt, Stadt",party:D5,2,0,29,29,0
WAHLBEZIRK->GEMEINDE,lsa:GEMEINDE:15083355,"Kroppenstedt, Stadt",party:D6,2,0,21,21,0
WAHLBEZIRK->GEMEINDE,lsa:GEMEINDE:15083355,"Kroppenstedt, Stadt",party:F1,2,0,155,155,0
WAHLBEZIRK->GEMEINDE,lsa:GEMEINDE:15083355,"Kroppenstedt, Stadt",party:F10,2,0,4,4,0
WAHLBEZIRK->GEMEINDE,lsa:GEMEINDE:15083355,"Kroppenstedt, Stadt",party:F11,2,0,1,1,0
WAHLBEZIRK->GEMEINDE,lsa:GEMEINDE:15083355,"Kroppenstedt, Stadt",party:F12,2,0,1,1,0
WAHLBEZIRK->GEMEINDE,lsa:GEMEINDE:15083355,"Kroppenstedt, Stadt",party:F15,2,0,42,42,0
WAHLBEZIRK->GEMEINDE,lsa:GEMEINDE:15083355,"Kroppenstedt, Stadt",party:F19,2,0,0,0,0
WAHLBEZIRK->GEMEINDE,lsa:GEMEINDE:15083355,"Kroppenstedt, Stadt",party:F2,2,0,487,487,0
WAHLBEZIRK->GEMEINDE,lsa:GEMEINDE:15083355,"Kroppenstedt, Stadt",party:F20,2,0,1,1,0
WAHLBEZIRK->GEMEINDE,lsa:GEMEINDE:15083355,"Kroppenstedt, Stadt",party:F3,2,0,38,38,0
WAHLBEZIRK->GEMEINDE,lsa:GEMEINDE:15083355,"Kroppenstedt, Stadt",party:F4,2,0,55,55,0
WAHLBEZIRK->GEMEINDE,lsa:GEMEINDE:15083355,"Kroppenstedt, Stadt",party:F5,2,0,29,29,0
WAHLBEZIRK->GEMEINDE,lsa:GEMEINDE:15083355,"Kroppenstedt, Stadt",party:F6,2,0,35,35,0
WAHLBEZIRK->GEMEINDE,lsa:GEMEINDE:15083355,"Kroppenstedt, Stadt",party:F7,2,0,12,12,0
WAHLBEZIRK->GEMEINDE,lsa:GEMEINDE:15083355,"Kroppenstedt, Stadt",party:F8,2,0,1,1,0
WAHLBEZIRK->GEMEINDE,lsa:GEMEINDE:15083355,"Kroppenstedt, Stadt",party:F9,2,0,2,2,0
WAHLBEZIRK->GEMEINDE,lsa:GEMEINDE:15083361,Loitsche-Heinrichsberg,reported_precincts,3,0,3,3,0
WAHLBEZIRK->GEMEINDE,lsa:GEMEINDE:15083361,Loitsche-Heinrichsberg,total_precincts,3,0,3,3,0
WAHLBEZIRK->GEMEINDE,lsa:GEMEINDE:15083361,Loitsche-Heinrichsberg,voters_total,3,0,618,618,0
WAHLBEZIRK->GEMEINDE,lsa:GEMEINDE:15083361,Loitsche-Heinrichsberg,valid_votes_erst,3,0,612,612,0
WAHLBEZIRK->GEMEINDE,lsa:GEMEINDE:15083361,Loitsche-Heinrichsberg,valid_votes_zweit,3,0,609,609,0
WAHLBEZIRK->GEMEINDE,lsa:GEMEINDE:15083361,Loitsche-Heinrichsberg,party:D1,3,0,135,135,0
WAHLBEZIRK->GEMEINDE,lsa:GEMEINDE:15083361,Loitsche-Heinrichsberg,party:D15,3,0,50,50,0
WAHLBEZIRK->GEMEINDE,lsa:GEMEINDE:15083361,Loitsche-Heinrichsberg,party:D2,3,0,292,292,0
WAHLBEZIRK->GEMEINDE,lsa:GEMEINDE:15083361,Loitsche-Heinrichsberg,party:D21,3,0,9,9,0
WAHLBEZIRK->GEMEINDE,lsa:GEMEINDE:15083361,Loitsche-Heinrichsberg,party:D3,3,0,48,48,0
WAHLBEZIRK->GEMEINDE,lsa:GEMEINDE:15083361,Loitsche-Heinrichsberg,party:D4,3,0,52,52,0
WAHLBEZIRK->GEMEINDE,lsa:GEMEINDE:15083361,Loitsche-Heinrichsberg,party:D5,3,0,12,12,0
WAHLBEZIRK->GEMEINDE,lsa:GEMEINDE:15083361,Loitsche-Heinrichsberg,party:D6,3,0,14,14,0
WAHLBEZIRK->GEMEINDE,lsa:GEMEINDE:15083361,Loitsche-Heinrichsberg,party:F1,3,0,102,102,0
WAHLBEZIRK->GEMEINDE,lsa:GEMEINDE:15083361,Loitsche-Heinrichsberg,party:F10,3,0,3,3,0
WAHLBEZIRK->GEMEINDE,lsa:GEMEINDE:15083361,Loitsche-Heinrichsberg,party:F11,3,0,2,2,0
WAHLBEZIRK->GEMEINDE,lsa:GEMEINDE:15083361,Loitsche-Heinrichsberg,party:F12,3,0,2,2,0
WAHLBEZIRK->GEMEINDE,lsa:GEMEINDE:15083361,Loitsche-Heinrichsberg,party:F15,3,0,52,52,0
WAHLBEZIRK->GEMEINDE,lsa:GEMEINDE:15083361,Loitsche-Heinrichsberg,party:F19,3,0,0,0,0
WAHLBEZIRK->GEMEINDE,lsa:GEMEINDE:15083361,Loitsche-Heinrichsberg,party:F2,3,0,292,292,0
WAHLBEZIRK->GEMEINDE,lsa:GEMEINDE:15083361,Loitsche-Heinrichsberg,party:F20,3,0,1,1,0
WAHLBEZIRK->GEMEINDE,lsa:GEMEINDE:15083361,Loitsche-Heinrichsberg,party:F3,3,0,42,42,0
WAHLBEZIRK->GEMEINDE,lsa:GEMEINDE:15083361,Loitsche-Heinrichsberg,party:F4,3,0,50,50,0
WAHLBEZIRK->GEMEINDE,lsa:GEMEINDE:15083361,Loitsche-Heinrichsberg,party:F5,3,0,12,12,0
WAHLBEZIRK->GEMEINDE,lsa:GEMEINDE:15083361,Loitsche-Heinrichsberg,party:F6,3,0,38,38,0
WAHLBEZIRK->GEMEINDE,lsa:GEMEINDE:15083361,Loitsche-Heinrichsberg,party:F7,3,0,7,7,0
WAHLBEZIRK->GEMEINDE,lsa:GEMEINDE:15083361,Loitsche-Heinrichsberg,party:F8,3,0,1,1,0
WAHLBEZIRK->GEMEINDE,lsa:GEMEINDE:15083361,Loitsche-Heinrichsberg,party:F9,3,0,5,5,0
WAHLBEZIRK->GEMEINDE,lsa:GEMEINDE:15083390,Niedere Börde,reported_precincts,10,0,10,10,0
WAHLBEZIRK->GEMEINDE,lsa:GEMEINDE:15083390,Niedere Börde,total_precincts,10,0,10,10,0
WAHLBEZIRK->GEMEINDE,lsa:GEMEINDE:15083390,Niedere Börde,voters_total,10,0,4663,4663,0
WAHLBEZIRK->GEMEINDE,lsa:GEMEINDE:15083390,Niedere Börde,valid_votes_erst,10,0,4612,4612,0
WAHLBEZIRK->GEMEINDE,lsa:GEMEINDE:15083390,Niedere Börde,valid_votes_zweit,10,0,4623,4623,0
WAHLBEZIRK->GEMEINDE,lsa:GEMEINDE:15083390,Niedere Börde,party:D1,10,0,1238,1238,0
WAHLBEZIRK->GEMEINDE,lsa:GEMEINDE:15083390,Niedere Börde,party:D15,10,0,274,274,0
WAHLBEZIRK->GEMEINDE,lsa:GEMEINDE:15083390,Niedere Börde,party:D2,10,0,2161,2161,0
WAHLBEZIRK->GEMEINDE,lsa:GEMEINDE:15083390,Niedere Börde,party:D3,10,0,343,343,0
WAHLBEZIRK->GEMEINDE,lsa:GEMEINDE:15083390,Niedere Börde,party:D4,10,0,366,366,0
WAHLBEZIRK->GEMEINDE,lsa:GEMEINDE:15083390,Niedere Börde,party:D5,10,0,104,104,0
WAHLBEZIRK->GEMEINDE,lsa:GEMEINDE:15083390,Niedere Börde,party:D6,10,0,126,126,0
WAHLBEZIRK->GEMEINDE,lsa:GEMEINDE:15083390,Niedere Börde,party:F1,10,0,772,772,0
WAHLBEZIRK->GEMEINDE,lsa:GEMEINDE:15083390,Niedere Börde,party:F10,10,0,32,32,0
WAHLBEZIRK->GEMEINDE,lsa:GEMEINDE:15083390,Niedere Börde,party:F11,10,0,6,6,0
WAHLBEZIRK->GEMEINDE,lsa:GEMEINDE:15083390,Niedere Börde,party:F12,10,0,29,29,0
WAHLBEZIRK->GEMEINDE,lsa:GEMEINDE:15083390,Niedere Börde,party:F15,10,0,271,271,0
WAHLBEZIRK->GEMEINDE,lsa:GEMEINDE:15083390,Niedere Börde,party:F19,10,0,9,9,0
WAHLBEZIRK->GEMEINDE,lsa:GEMEINDE:15083390,Niedere Börde,party:F2,10,0,2180,2180,0
WAHLBEZIRK->GEMEINDE,lsa:GEMEINDE:15083390,Niedere Börde,party:F20,10,0,11,11,0
WAHLBEZIRK->GEMEINDE,lsa:GEMEINDE:15083390,Niedere Börde,party:F3,10,0,357,357,0
WAHLBEZIRK->GEMEINDE,lsa:GEMEINDE:15083390,Niedere Börde,party:F4,10,0,428,428,0
WAHLBEZIRK->GEMEINDE,lsa:GEMEINDE:15083390,Niedere Börde,party:F5,10,0,113,113,0
WAHLBEZIRK->GEMEINDE,lsa:GEMEINDE:15083390,Niedere Börde,party:F6,10,0,299,299,0
WAHLBEZIRK->GEMEINDE,lsa:GEMEINDE:15083390,Niedere Börde,party:F7,10,0,50,50,0
WAHLBEZIRK->GEMEINDE,lsa:GEMEINDE:15083390,Niedere Börde,party:F8,10,0,6,6,0
WAHLBEZIRK->GEMEINDE,lsa:GEMEINDE:15083390,Niedere Börde,party:F9,10,0,60,60,0
WAHLBEZIRK->GEMEINDE,lsa:GEMEINDE:15083411,"Oebisfelde-Weferlingen, Stadt",reported_precincts,28,0,28,28,0
WAHLBEZIRK->GEMEINDE,lsa:GEMEINDE:15083411,"Oebisfelde-Weferlingen, Stadt",total_precincts,28,0,28,28,0
WAHLBEZIRK->GEMEINDE,lsa:GEMEINDE:15083411,"Oebisfelde-Weferlingen, Stadt",voters_total,28,0,8551,8551,0
WAHLBEZIRK->GEMEINDE,lsa:GEMEINDE:15083411,"Oebisfelde-Weferlingen, Stadt",valid_votes_erst,28,0,8454,8454,0
WAHLBEZIRK->GEMEINDE,lsa:GEMEINDE:15083411,"Oebisfelde-Weferlingen, Stadt",valid_votes_zweit,28,0,8459,8459,0
WAHLBEZIRK->GEMEINDE,lsa:GEMEINDE:15083411,"Oebisfelde-Weferlingen, Stadt",party:D1,28,0,2249,2249,0
WAHLBEZIRK->GEMEINDE,lsa:GEMEINDE:15083411,"Oebisfelde-Weferlingen, Stadt",party:D11,28,0,120,120,0
WAHLBEZIRK->GEMEINDE,lsa:GEMEINDE:15083411,"Oebisfelde-Weferlingen, Stadt",party:D15,28,0,453,453,0
WAHLBEZIRK->GEMEINDE,lsa:GEMEINDE:15083411,"Oebisfelde-Weferlingen, Stadt",party:D2,28,0,3563,3563,0
WAHLBEZIRK->GEMEINDE,lsa:GEMEINDE:15083411,"Oebisfelde-Weferlingen, Stadt",party:D3,28,0,787,787,0
WAHLBEZIRK->GEMEINDE,lsa:GEMEINDE:15083411,"Oebisfelde-Weferlingen, Stadt",party:D4,28,0,810,810,0
WAHLBEZIRK->GEMEINDE,lsa:GEMEINDE:15083411,"Oebisfelde-Weferlingen, Stadt",party:D5,28,0,230,230,0
WAHLBEZIRK->GEMEINDE,lsa:GEMEINDE:15083411,"Oebisfelde-Weferlingen, Stadt",party:D6,28,0,242,242,0
WAHLBEZIRK->GEMEINDE,lsa:GEMEINDE:15083411,"Oebisfelde-Weferlingen, Stadt",party:F1,28,0,1661,1661,0
WAHLBEZIRK->GEMEINDE,lsa:GEMEINDE:15083411,"Oebisfelde-Weferlingen, Stadt",party:F10,28,0,32,32,0
WAHLBEZIRK->GEMEINDE,lsa:GEMEINDE:15083411,"Oebisfelde-Weferlingen, Stadt",party:F11,28,0,64,64,0
WAHLBEZIRK->GEMEINDE,lsa:GEMEINDE:15083411,"Oebisfelde-Weferlingen, Stadt",party:F12,28,0,56,56,0
WAHLBEZIRK->GEMEINDE,lsa:GEMEINDE:15083411,"Oebisfelde-Weferlingen, Stadt",party:F15,28,0,455,455,0
WAHLBEZIRK->GEMEINDE,lsa:GEMEINDE:15083411,"Oebisfelde-Weferlingen, Stadt",party:F19,28,0,14,14,0
WAHLBEZIRK->GEMEINDE,lsa:GEMEINDE:15083411,"Oebisfelde-Weferlingen, Stadt",party:F2,28,0,3563,3563,0
WAHLBEZIRK->GEMEINDE,lsa:GEMEINDE:15083411,"Oebisfelde-Weferlingen, Stadt",party:F20,28,0,19,19,0
WAHLBEZIRK->GEMEINDE,lsa:GEMEINDE:15083411,"Oebisfelde-Weferlingen, Stadt",party:F3,28,0,658,658,0
WAHLBEZIRK->GEMEINDE,lsa:GEMEINDE:15083411,"Oebisfelde-Weferlingen, Stadt",party:F4,28,0,919,919,0
WAHLBEZIRK->GEMEINDE,lsa:GEMEINDE:15083411,"Oebisfelde-Weferlingen, Stadt",party:F5,28,0,203,203,0
WAHLBEZIRK->GEMEINDE,lsa:GEMEINDE:15083411,"Oebisfelde-Weferlingen, Stadt",party:F6,28,0,619,619,0
WAHLBEZIRK->GEMEINDE,lsa:GEMEINDE:15083411,"Oebisfelde-Weferlingen, Stadt",party:F7,28,0,95,95,0
WAHLBEZIRK->GEMEINDE,lsa:GEMEINDE:15083411,"Oebisfelde-Weferlingen, Stadt",party:F8,28,0,10,10,0
WAHLBEZIRK->GEMEINDE,lsa:GEMEINDE:15083411,"Oebisfelde-Weferlingen, Stadt",party:F9,28,0,91,91,0
WAHLBEZIRK->GEMEINDE,lsa:GEMEINDE:15083415,"Oschersleben (Bode), Stadt",reported_precincts,21,0,21,21,0
WAHLBEZIRK->GEMEINDE,lsa:GEMEINDE:15083415,"Oschersleben (Bode), Stadt",total_precincts,21,0,21,21,0
WAHLBEZIRK->GEMEINDE,lsa:GEMEINDE:15083415,"Oschersleben (Bode), Stadt",voters_total,21,0,11236,11236,0
WAHLBEZIRK->GEMEINDE,lsa:GEMEINDE:15083415,"Oschersleben (Bode), Stadt",valid_votes_erst,21,0,11108,11108,0
WAHLBEZIRK->GEMEINDE,lsa:GEMEINDE:15083415,"Oschersleben (Bode), Stadt",valid_votes_zweit,21,0,11126,11126,0
WAHLBEZIRK->GEMEINDE,lsa:GEMEINDE:15083415,"Oschersleben (Bode), Stadt",party:D1,21,0,2458,2458,0
WAHLBEZIRK->GEMEINDE,lsa:GEMEINDE:15083415,"Oschersleben (Bode), Stadt",party:D15,21,0,681,681,0
WAHLBEZIRK->GEMEINDE,lsa:GEMEINDE:15083415,"Oschersleben (Bode), Stadt",party:D2,21,0,5519,5519,0
WAHLBEZIRK->GEMEINDE,lsa:GEMEINDE:15083415,"Oschersleben (Bode), Stadt",party:D3,21,0,1085,1085,0
WAHLBEZIRK->GEMEINDE,lsa:GEMEINDE:15083415,"Oschersleben (Bode), Stadt",party:D4,21,0,763,763,0
WAHLBEZIRK->GEMEINDE,lsa:GEMEINDE:15083415,"Oschersleben (Bode), Stadt",party:D5,21,0,247,247,0
WAHLBEZIRK->GEMEINDE,lsa:GEMEINDE:15083415,"Oschersleben (Bode), Stadt",party:D6,21,0,355,355,0
WAHLBEZIRK->GEMEINDE,lsa:GEMEINDE:15083415,"Oschersleben (Bode), Stadt",party:F1,21,0,1917,1917,0
WAHLBEZIRK->GEMEINDE,lsa:GEMEINDE:15083415,"Oschersleben (Bode), Stadt",party:F10,21,0,76,76,0
WAHLBEZIRK->GEMEINDE,lsa:GEMEINDE:15083415,"Oschersleben (Bode), Stadt",party:F11,21,0,30,30,0
WAHLBEZIRK->GEMEINDE,lsa:GEMEINDE:15083415,"Oschersleben (Bode), Stadt",party:F12,21,0,63,63,0
WAHLBEZIRK->GEMEINDE,lsa:GEMEINDE:15083415,"Oschersleben (Bode), Stadt",party:F15,21,0,630,630,0
WAHLBEZIRK->GEMEINDE,lsa:GEMEINDE:15083415,"Oschersleben (Bode), Stadt",party:F19,21,0,20,20,0
WAHLBEZIRK->GEMEINDE,lsa:GEMEINDE:15083415,"Oschersleben (Bode), Stadt",party:F2,21,0,5482,5482,0
WAHLBEZIRK->GEMEINDE,lsa:GEMEINDE:15083415,"Oschersleben (Bode), Stadt",party:F20,21,0,20,20,0
WAHLBEZIRK->GEMEINDE,lsa:GEMEINDE:15083415,"Oschersleben (Bode), Stadt",party:F3,21,0,876,876,0
WAHLBEZIRK->GEMEINDE,lsa:GEMEINDE:15083415,"Oschersleben (Bode), Stadt",party:F4,21,0,947,947,0
WAHLBEZIRK->GEMEINDE,lsa:GEMEINDE:15083415,"Oschersleben (Bode), Stadt",party:F5,21,0,209,209,0
WAHLBEZIRK->GEMEINDE,lsa:GEMEINDE:15083415,"Oschersleben (Bode), Stadt",party:F6,21,0,585,585,0
WAHLBEZIRK->GEMEINDE,lsa:GEMEINDE:15083415,"Oschersleben (Bode), Stadt",party:F7,21,0,112,112,0
WAHLBEZIRK->GEMEINDE,lsa:GEMEINDE:15083415,"Oschersleben (Bode), Stadt",party:F8,21,0,14,14,0
WAHLBEZIRK->GEMEINDE,lsa:GEMEINDE:15083415,"Oschersleben (Bode), Stadt",party:F9,21,0,145,145,0
WAHLBEZIRK->GEMEINDE,lsa:GEMEINDE:15083440,Rogätz,reported_precincts,2,0,2,2,0
WAHLBEZIRK->GEMEINDE,lsa:GEMEINDE:15083440,Rogätz,total_precincts,2,0,2,2,0
WAHLBEZIRK->GEMEINDE,lsa:GEMEINDE:15083440,Rogätz,voters_total,2,0,1476,1476,0
WAHLBEZIRK->GEMEINDE,lsa:GEMEINDE:15083440,Rogätz,valid_votes_erst,2,0,1465,1465,0
WAHLBEZIRK->GEMEINDE,lsa:GEMEINDE:15083440,Rogätz,valid_votes_zweit,2,0,1467,1467,0
WAHLBEZIRK->GEMEINDE,lsa:GEMEINDE:15083440,Rogätz,party:D1,2,0,341,341,0
WAHLBEZIRK->GEMEINDE,lsa:GEMEINDE:15083440,Rogätz,party:D15,2,0,106,106,0
WAHLBEZIRK->GEMEINDE,lsa:GEMEINDE:15083440,Rogätz,party:D2,2,0,689,689,0
WAHLBEZIRK->GEMEINDE,lsa:GEMEINDE:15083440,Rogätz,party:D21,2,0,16,16,0
WAHLBEZIRK->GEMEINDE,lsa:GEMEINDE:15083440,Rogätz,party:D3,2,0,180,180,0
WAHLBEZIRK->GEMEINDE,lsa:GEMEINDE:15083440,Rogätz,party:D4,2,0,77,77,0
WAHLBEZIRK->GEMEINDE,lsa:GEMEINDE:15083440,Rogätz,party:D5,2,0,27,27,0
WAHLBEZIRK->GEMEINDE,lsa:GEMEINDE:15083440,Rogätz,party:D6,2,0,29,29,0
WAHLBEZIRK->GEMEINDE,lsa:GEMEINDE:15083440,Rogätz,party:F1,2,0,234,234,0
WAHLBEZIRK->GEMEINDE,lsa:GEMEINDE:15083440,Rogätz,party:F10,2,0,12,12,0
WAHLBEZIRK->GEMEINDE,lsa:GEMEINDE:15083440,Rogätz,party:F11,2,0,2,2,0
WAHLBEZIRK->GEMEINDE,lsa:GEMEINDE:15083440,Rogätz,party:F12,2,0,6,6,0
WAHLBEZIRK->GEMEINDE,lsa:GEMEINDE:15083440,Rogätz,party:F15,2,0,101,101,0
WAHLBEZIRK->GEMEINDE,lsa:GEMEINDE:15083440,Rogätz,party:F19,2,0,3,3,0
WAHLBEZIRK->GEMEINDE,lsa:GEMEINDE:15083440,Rogätz,party:F2,2,0,705,705,0
WAHLBEZIRK->GEMEINDE,lsa:GEMEINDE:15083440,Rogätz,party:F20,2,0,6,6,0
WAHLBEZIRK->GEMEINDE,lsa:GEMEINDE:15083440,Rogätz,party:F3,2,0,114,114,0
WAHLBEZIRK->GEMEINDE,lsa:GEMEINDE:15083440,Rogätz,party:F4,2,0,138,138,0
WAHLBEZIRK->GEMEINDE,lsa:GEMEINDE:15083440,Rogätz,party:F5,2,0,22,22,0
WAHLBEZIRK->GEMEINDE,lsa:GEMEINDE:15083440,Rogätz,party:F6,2,0,96,96,0
WAHLBEZIRK->GEMEINDE,lsa:GEMEINDE:15083440,Rogätz,party:F7,2,0,13,13,0
WAHLBEZIRK->GEMEINDE,lsa:GEMEINDE:15083440,Rogätz,party:F8,2,0,2,2,0
WAHLBEZIRK->GEMEINDE,lsa:GEMEINDE:15083440,Rogätz,party:F9,2,0,13,13,0
WAHLBEZIRK->GEMEINDE,lsa:GEMEINDE:15083485,Sommersdorf,reported_precincts,4,0,4,4,0
WAHLBEZIRK->GEMEINDE,lsa:GEMEINDE:15083485,Sommersdorf,total_precincts,4,0,4,4,0
WAHLBEZIRK->GEMEINDE,lsa:GEMEINDE:15083485,Sommersdorf,voters_total,4,0,872,872,0
WAHLBEZIRK->GEMEINDE,lsa:GEMEINDE:15083485,Sommersdorf,valid_votes_erst,4,0,863,863,0
WAHLBEZIRK->GEMEINDE,lsa:GEMEINDE:15083485,Sommersdorf,valid_votes_zweit,4,0,868,868,0
WAHLBEZIRK->GEMEINDE,lsa:GEMEINDE:15083485,Sommersdorf,party:D1,4,0,211,211,0
WAHLBEZIRK->GEMEINDE,lsa:GEMEINDE:15083485,Sommersdorf,party:D15,4,0,40,40,0
WAHLBEZIRK->GEMEINDE,lsa:GEMEINDE:15083485,Sommersdorf,party:D2,4,0,444,444,0
WAHLBEZIRK->GEMEINDE,lsa:GEMEINDE:15083485,Sommersdorf,party:D3,4,0,57,57,0
WAHLBEZIRK->GEMEINDE,lsa:GEMEINDE:15083485,Sommersdorf,party:D4,4,0,65,65,0
WAHLBEZIRK->GEMEINDE,lsa:GEMEINDE:15083485,Sommersdorf,party:D5,4,0,15,15,0
WAHLBEZIRK->GEMEINDE,lsa:GEMEINDE:15083485,Sommersdorf,party:D6,4,0,31,31,0
WAHLBEZIRK->GEMEINDE,lsa:GEMEINDE:15083485,Sommersdorf,party:F1,4,0,153,153,0
WAHLBEZIRK->GEMEINDE,lsa:GEMEINDE:15083485,Sommersdorf,party:F10,4,0,6,6,0
WAHLBEZIRK->GEMEINDE,lsa:GEMEINDE:15083485,Sommersdorf,party:F11,4,0,5,5,0
WAHLBEZIRK->GEMEINDE,lsa:GEMEINDE:15083485,Sommersdorf,party:F12,4,0,5,5,0
WAHLBEZIRK->GEMEINDE,lsa:GEMEINDE:15083485,Sommersdorf,party:F15,4,0,47,47,0
WAHLBEZIRK->GEMEINDE,lsa:GEMEINDE:15083485,Sommersdorf,party:F19,4,0,0,0,0
WAHLBEZIRK->GEMEINDE,lsa:GEMEINDE:15083485,Sommersdorf,party:F2,4,0,441,441,0
WAHLBEZIRK->GEMEINDE,lsa:GEMEINDE:15083485,Sommersdorf,party:F20,4,0,1,1,0
WAHLBEZIRK->GEMEINDE,lsa:GEMEINDE:15083485,Sommersdorf,party:F3,4,0,58,58,0
WAHLBEZIRK->GEMEINDE,lsa:GEMEINDE:15083485,Sommersdorf,party:F4,4,0,75,75,0
WAHLBEZIRK->GEMEINDE,lsa:GEMEINDE:15083485,Sommersdorf,party:F5,4,0,15,15,0
WAHLBEZIRK->GEMEINDE,lsa:GEMEINDE:15083485,Sommersdorf,party:F6,4,0,48,48,0
WAHLBEZIRK->GEMEINDE,lsa:GEMEINDE:15083485,Sommersdorf,party:F7,4,0,1,1,0
WAHLBEZIRK->GEMEINDE,lsa:GEMEINDE:15083485,Sommersdorf,party:F8,4,0,1,1,0
WAHLBEZIRK->GEMEINDE,lsa:GEMEINDE:15083485,Sommersdorf,party:F9,4,0,12,12,0
WAHLBEZIRK->GEMEINDE,lsa:GEMEINDE:15083490,Sülzetal,reported_precincts,9,0,9,9,0
WAHLBEZIRK->GEMEINDE,lsa:GEMEINDE:15083490,Sülzetal,total_precincts,9,0,9,9,0
WAHLBEZIRK->GEMEINDE,lsa:GEMEINDE:15083490,Sülzetal,voters_total,9,0,6058,6058,0
WAHLBEZIRK->GEMEINDE,lsa:GEMEINDE:15083490,Sülzetal,valid_votes_erst,9,0,5959,5959,0
WAHLBEZIRK->GEMEINDE,lsa:GEMEINDE:15083490,Sülzetal,valid_votes_zweit,9,0,5997,5997,0
WAHLBEZIRK->GEMEINDE,lsa:GEMEINDE:15083490,Sülzetal,party:D1,9,0,1731,1731,0
WAHLBEZIRK->GEMEINDE,lsa:GEMEINDE:15083490,Sülzetal,party:D15,9,0,346,346,0
WAHLBEZIRK->GEMEINDE,lsa:GEMEINDE:15083490,Sülzetal,party:D2,9,0,2679,2679,0
WAHLBEZIRK->GEMEINDE,lsa:GEMEINDE:15083490,Sülzetal,party:D3,9,0,504,504,0
WAHLBEZIRK->GEMEINDE,lsa:GEMEINDE:15083490,Sülzetal,party:D4,9,0,335,335,0
WAHLBEZIRK->GEMEINDE,lsa:GEMEINDE:15083490,Sülzetal,party:D5,9,0,142,142,0
WAHLBEZIRK->GEMEINDE,lsa:GEMEINDE:15083490,Sülzetal,party:D6,9,0,222,222,0
WAHLBEZIRK->GEMEINDE,lsa:GEMEINDE:15083490,Sülzetal,party:F1,9,0,1117,1117,0
WAHLBEZIRK->GEMEINDE,lsa:GEMEINDE:15083490,Sülzetal,party:F10,9,0,51,51,0
WAHLBEZIRK->GEMEINDE,lsa:GEMEINDE:15083490,Sülzetal,party:F11,9,0,17,17,0
WAHLBEZIRK->GEMEINDE,lsa:GEMEINDE:15083490,Sülzetal,party:F12,9,0,29,29,0
WAHLBEZIRK->GEMEINDE,lsa:GEMEINDE:15083490,Sülzetal,party:F15,9,0,347,347,0
WAHLBEZIRK->GEMEINDE,lsa:GEMEINDE:15083490,Sülzetal,party:F19,9,0,8,8,0
WAHLBEZIRK->GEMEINDE,lsa:GEMEINDE:15083490,Sülzetal,party:F2,9,0,2714,2714,0
WAHLBEZIRK->GEMEINDE,lsa:GEMEINDE:15083490,Sülzetal,party:F20,9,0,10,10,0
WAHLBEZIRK->GEMEINDE,lsa:GEMEINDE:15083490,Sülzetal,party:F3,9,0,439,439,0
WAHLBEZIRK->GEMEINDE,lsa:GEMEINDE:15083490,Sülzetal,party:F4,9,0,539,539,0
WAHLBEZIRK->GEMEINDE,lsa:GEMEINDE:15083490,Sülzetal,party:F5,9,0,173,173,0
WAHLBEZIRK->GEMEINDE,lsa:GEMEINDE:15083490,Sülzetal,party:F6,9,0,444,444,0
WAHLBEZIRK->GEMEINDE,lsa:GEMEINDE:15083490,Sülzetal,party:F7,9,0,65,65,0
WAHLBEZIRK->GEMEINDE,lsa:GEMEINDE:15083490,Sülzetal,party:F8,9,0,5,5,0
WAHLBEZIRK->GEMEINDE,lsa:GEMEINDE:15083490,Sülzetal,party:F9,9,0,39,39,0
WAHLBEZIRK->GEMEINDE,lsa:GEMEINDE:15083505,Ummendorf,reported_precincts,2,0,2,2,0
WAHLBEZIRK->GEMEINDE,lsa:GEMEINDE:15083505,Ummendorf,total_precincts,2,0,2,2,0
WAHLBEZIRK->GEMEINDE,lsa:GEMEINDE:15083505,Ummendorf,voters_total,2,0,616,616,0
WAHLBEZIRK->GEMEINDE,lsa:GEMEINDE:15083505,Ummendorf,valid_votes_erst,2,0,611,611,0
WAHLBEZIRK->GEMEINDE,lsa:GEMEINDE:15083505,Ummendorf,valid_votes_zweit,2,0,614,614,0
WAHLBEZIRK->GEMEINDE,lsa:GEMEINDE:15083505,Ummendorf,party:D1,2,0,192,192,0
WAHLBEZIRK->GEMEINDE,lsa:GEMEINDE:15083505,Ummendorf,party:D15,2,0,26,26,0
WAHLBEZIRK->GEMEINDE,lsa:GEMEINDE:15083505,Ummendorf,party:D2,2,0,277,277,0
WAHLBEZIRK->GEMEINDE,lsa:GEMEINDE:15083505,Ummendorf,party:D3,2,0,44,44,0
WAHLBEZIRK->GEMEINDE,lsa:GEMEINDE:15083505,Ummendorf,party:D4,2,0,45,45,0
WAHLBEZIRK->GEMEINDE,lsa:GEMEINDE:15083505,Ummendorf,party:D5,2,0,15,15,0
WAHLBEZIRK->GEMEINDE,lsa:GEMEINDE:15083505,Ummendorf,party:D6,2,0,12,12,0
WAHLBEZIRK->GEMEINDE,lsa:GEMEINDE:15083505,Ummendorf,party:F1,2,0,132,132,0
WAHLBEZIRK->GEMEINDE,lsa:GEMEINDE:15083505,Ummendorf,party:F10,2,0,3,3,0
WAHLBEZIRK->GEMEINDE,lsa:GEMEINDE:15083505,Ummendorf,party:F11,2,0,4,4,0
WAHLBEZIRK->GEMEINDE,lsa:GEMEINDE:15083505,Ummendorf,party:F12,2,0,9,9,0
WAHLBEZIRK->GEMEINDE,lsa:GEMEINDE:15083505,Ummendorf,party:F15,2,0,29,29,0
WAHLBEZIRK->GEMEINDE,lsa:GEMEINDE:15083505,Ummendorf,party:F19,2,0,0,0,0
WAHLBEZIRK->GEMEINDE,lsa:GEMEINDE:15083505,Ummendorf,party:F2,2,0,287,287,0
WAHLBEZIRK->GEMEINDE,lsa:GEMEINDE:15083505,Ummendorf,party:F20,2,0,2,2,0
WAHLBEZIRK->GEMEINDE,lsa:GEMEINDE:15083505,Ummendorf,party:F3,2,0,41,41,0
WAHLBEZIRK->GEMEINDE,lsa:GEMEINDE:15083505,Ummendorf,party:F4,2,0,42,42,0
WAHLBEZIRK->GEMEINDE,lsa:GEMEINDE:15083505,Ummendorf,party:F5,2,0,12,12,0
WAHLBEZIRK->GEMEINDE,lsa:GEMEINDE:15083505,Ummendorf,party:F6,2,0,37,37,0
WAHLBEZIRK->GEMEINDE,lsa:GEMEINDE:15083505,Ummendorf,party:F7,2,0,5,5,0
WAHLBEZIRK->GEMEINDE,lsa:GEMEINDE:15083505,Ummendorf,party:F8,2,0,0,0,0
WAHLBEZIRK->GEMEINDE,lsa:GEMEINDE:15083505,Ummendorf,party:F9,2,0,11,11,0
WAHLBEZIRK->GEMEINDE,lsa:GEMEINDE:15083515,Völpke,reported_precincts,3,0,3,3,0
WAHLBEZIRK->GEMEINDE,lsa:GEMEINDE:15083515,Völpke,total_precincts,3,0,3,3,0
WAHLBEZIRK->GEMEINDE,lsa:GEMEINDE:15083515,Völpke,voters_total,3,0,734,734,0
WAHLBEZIRK->GEMEINDE,lsa:GEMEINDE:15083515,Völpke,valid_votes_erst,3,0,729,729,0
WAHLBEZIRK->GEMEINDE,lsa:GEMEINDE:15083515,Völpke,valid_votes_zweit,3,0,728,728,0
WAHLBEZIRK->GEMEINDE,lsa:GEMEINDE:15083515,Völpke,party:D1,3,0,159,159,0
WAHLBEZIRK->GEMEINDE,lsa:GEMEINDE:15083515,Völpke,party:D15,3,0,44,44,0
WAHLBEZIRK->GEMEINDE,lsa:GEMEINDE:15083515,Völpke,party:D2,3,0,393,393,0
WAHLBEZIRK->GEMEINDE,lsa:GEMEINDE:15083515,Völpke,party:D3,3,0,51,51,0
WAHLBEZIRK->GEMEINDE,lsa:GEMEINDE:15083515,Völpke,party:D4,3,0,63,63,0
WAHLBEZIRK->GEMEINDE,lsa:GEMEINDE:15083515,Völpke,party:D5,3,0,12,12,0
WAHLBEZIRK->GEMEINDE,lsa:GEMEINDE:15083515,Völpke,party:D6,3,0,7,7,0
WAHLBEZIRK->GEMEINDE,lsa:GEMEINDE:15083515,Völpke,party:F1,3,0,109,109,0
WAHLBEZIRK->GEMEINDE,lsa:GEMEINDE:15083515,Völpke,party:F10,3,0,2,2,0
WAHLBEZIRK->GEMEINDE,lsa:GEMEINDE:15083515,Völpke,party:F11,3,0,2,2,0
WAHLBEZIRK->GEMEINDE,lsa:GEMEINDE:15083515,Völpke,party:F12,3,0,6,6,0
WAHLBEZIRK->GEMEINDE,lsa:GEMEINDE:15083515,Völpke,party:F15,3,0,43,43,0
WAHLBEZIRK->GEMEINDE,lsa:GEMEINDE:15083515,Völpke,party:F19,3,0,2,2,0
WAHLBEZIRK->GEMEINDE,lsa:GEMEINDE:15083515,Völpke,party:F2,3,0,386,386,0
WAHLBEZIRK->GEMEINDE,lsa:GEMEINDE:15083515,Völpke,party:F20,3,0,6,6,0
WAHLBEZIRK->GEMEINDE,lsa:GEMEINDE:15083515,Völpke,party:F3,3,0,52,52,0
WAHLBEZIRK->GEMEINDE,lsa:GEMEINDE:15083515,Völpke,party:F4,3,0,71,71,0
WAHLBEZIRK->GEMEINDE,lsa:GEMEINDE:15083515,Völpke,party:F5,3,0,14,14,0
WAHLBEZIRK->GEMEINDE,lsa:GEMEINDE:15083515,Völpke,party:F6,3,0,22,22,0
WAHLBEZIRK->GEMEINDE,lsa:GEMEINDE:15083515,Völpke,party:F7,3,0,7,7,0
WAHLBEZIRK->GEMEINDE,lsa:GEMEINDE:15083515,Völpke,party:F8,3,0,0,0,0
WAHLBEZIRK->GEMEINDE,lsa:GEMEINDE:15083515,Völpke,party:F9,3,0,6,6,0
WAHLBEZIRK->GEMEINDE,lsa:GEMEINDE:15083531,"Wanzleben-Börde, Stadt",reported_precincts,18,0,18,18,0
WAHLBEZIRK->GEMEINDE,lsa:GEMEINDE:15083531,"Wanzleben-Börde, Stadt",total_precincts,18,0,18,18,0
WAHLBEZIRK->GEMEINDE,lsa:GEMEINDE:15083531,"Wanzleben-Börde, Stadt",voters_total,18,0,9187,9187,0
WAHLBEZIRK->GEMEINDE,lsa:GEMEINDE:15083531,"Wanzleben-Börde, Stadt",valid_votes_erst,18,0,9054,9054,0
WAHLBEZIRK->GEMEINDE,lsa:GEMEINDE:15083531,"Wanzleben-Börde, Stadt",valid_votes_zweit,18,0,9091,9091,0
WAHLBEZIRK->GEMEINDE,lsa:GEMEINDE:15083531,"Wanzleben-Börde, Stadt",party:D1,18,0,2227,2227,0
WAHLBEZIRK->GEMEINDE,lsa:GEMEINDE:15083531,"Wanzleben-Börde, Stadt",party:D15,18,0,549,549,0
WAHLBEZIRK->GEMEINDE,lsa:GEMEINDE:15083531,"Wanzleben-Börde, Stadt",party:D2,18,0,4354,4354,0
WAHLBEZIRK->GEMEINDE,lsa:GEMEINDE:15083531,"Wanzleben-Börde, Stadt",party:D3,18,0,787,787,0
WAHLBEZIRK->GEMEINDE,lsa:GEMEINDE:15083531,"Wanzleben-Börde, Stadt",party:D4,18,0,572,572,0
WAHLBEZIRK->GEMEINDE,lsa:GEMEINDE:15083531,"Wanzleben-Börde, Stadt",party:D5,18,0,276,276,0
WAHLBEZIRK->GEMEINDE,lsa:GEMEINDE:15083531,"Wanzleben-Börde, Stadt",party:D6,18,0,289,289,0
WAHLBEZIRK->GEMEINDE,lsa:GEMEINDE:15083531,"Wanzleben-Börde, Stadt",party:F1,18,0,1635,1635,0
WAHLBEZIRK->GEMEINDE,lsa:GEMEINDE:15083531,"Wanzleben-Börde, Stadt",party:F10,18,0,61,61,0
WAHLBEZIRK->GEMEINDE,lsa:GEMEINDE:15083531,"Wanzleben-Börde, Stadt",party:F11,18,0,17,17,0
WAHLBEZIRK->GEMEINDE,lsa:GEMEINDE:15083531,"Wanzleben-Börde, Stadt",party:F12,18,0,56,56,0
WAHLBEZIRK->GEMEINDE,lsa:GEMEINDE:15083531,"Wanzleben-Börde, Stadt",party:F15,18,0,414,414,0
WAHLBEZIRK->GEMEINDE,lsa:GEMEINDE:15083531,"Wanzleben-Börde, Stadt",party:F19,18,0,16,16,0
WAHLBEZIRK->GEMEINDE,lsa:GEMEINDE:15083531,"Wanzleben-Börde, Stadt",party:F2,18,0,4373,4373,0
WAHLBEZIRK->GEMEINDE,lsa:GEMEINDE:15083531,"Wanzleben-Börde, Stadt",party:F20,18,0,17,17,0
WAHLBEZIRK->GEMEINDE,lsa:GEMEINDE:15083531,"Wanzleben-Börde, Stadt",party:F3,18,0,663,663,0
WAHLBEZIRK->GEMEINDE,lsa:GEMEINDE:15083531,"Wanzleben-Börde, Stadt",party:F4,18,0,784,784,0
WAHLBEZIRK->GEMEINDE,lsa:GEMEINDE:15083531,"Wanzleben-Börde, Stadt",party:F5,18,0,258,258,0
WAHLBEZIRK->GEMEINDE,lsa:GEMEINDE:15083531,"Wanzleben-Börde, Stadt",party:F6,18,0,517,517,0
WAHLBEZIRK->GEMEINDE,lsa:GEMEINDE:15083531,"Wanzleben-Börde, Stadt",party:F7,18,0,174,174,0
WAHLBEZIRK->GEMEINDE,lsa:GEMEINDE:15083531,"Wanzleben-Börde, Stadt",party:F8,18,0,8,8,0
WAHLBEZIRK->GEMEINDE,lsa:GEMEINDE:15083531,"Wanzleben-Börde, Stadt",party:F9,18,0,98,98,0
WAHLBEZIRK->GEMEINDE,lsa:GEMEINDE:15083535,Wefensleben,reported_precincts,2,0,2,2,0
WAHLBEZIRK->GEMEINDE,lsa:GEMEINDE:15083535,Wefensleben,total_precincts,2,0,2,2,0
WAHLBEZIRK->GEMEINDE,lsa:GEMEINDE:15083535,Wefensleben,voters_total,2,0,1031,1031,0
WAHLBEZIRK->GEMEINDE,lsa:GEMEINDE:15083535,Wefensleben,valid_votes_erst,2,0,1019,1019,0
WAHLBEZIRK->GEMEINDE,lsa:GEMEINDE:15083535,Wefensleben,valid_votes_zweit,2,0,1020,1020,0
WAHLBEZIRK->GEMEINDE,lsa:GEMEINDE:15083535,Wefensleben,party:D1,2,0,260,260,0
WAHLBEZIRK->GEMEINDE,lsa:GEMEINDE:15083535,Wefensleben,party:D15,2,0,53,53,0
WAHLBEZIRK->GEMEINDE,lsa:GEMEINDE:15083535,Wefensleben,party:D2,2,0,485,485,0
WAHLBEZIRK->GEMEINDE,lsa:GEMEINDE:15083535,Wefensleben,party:D3,2,0,96,96,0
WAHLBEZIRK->GEMEINDE,lsa:GEMEINDE:15083535,Wefensleben,party:D4,2,0,81,81,0
WAHLBEZIRK->GEMEINDE,lsa:GEMEINDE:15083535,Wefensleben,party:D5,2,0,17,17,0
WAHLBEZIRK->GEMEINDE,lsa:GEMEINDE:15083535,Wefensleben,party:D6,2,0,27,27,0
WAHLBEZIRK->GEMEINDE,lsa:GEMEINDE:15083535,Wefensleben,party:F1,2,0,190,190,0
WAHLBEZIRK->GEMEINDE,lsa:GEMEINDE:15083535,Wefensleben,party:F10,2,0,1,1,0
WAHLBEZIRK->GEMEINDE,lsa:GEMEINDE:15083535,Wefensleben,party:F11,2,0,0,0,0
WAHLBEZIRK->GEMEINDE,lsa:GEMEINDE:15083535,Wefensleben,party:F12,2,0,2,2,0
WAHLBEZIRK->GEMEINDE,lsa:GEMEINDE:15083535,Wefensleben,party:F15,2,0,68,68,0
WAHLBEZIRK->GEMEINDE,lsa:GEMEINDE:15083535,Wefensleben,party:F19,2,0,1,1,0
WAHLBEZIRK->GEMEINDE,lsa:GEMEINDE:15083535,Wefensleben,party:F2,2,0,486,486,0
WAHLBEZIRK->GEMEINDE,lsa:GEMEINDE:15083535,Wefensleben,party:F20,2,0,3,3,0
WAHLBEZIRK->GEMEINDE,lsa:GEMEINDE:15083535,Wefensleben,party:F3,2,0,93,93,0
WAHLBEZIRK->GEMEINDE,lsa:GEMEINDE:15083535,Wefensleben,party:F4,2,0,88,88,0
WAHLBEZIRK->GEMEINDE,lsa:GEMEINDE:15083535,Wefensleben,party:F5,2,0,19,19,0
WAHLBEZIRK->GEMEINDE,lsa:GEMEINDE:15083535,Wefensleben,party:F6,2,0,52,52,0
WAHLBEZIRK->GEMEINDE,lsa:GEMEINDE:15083535,Wefensleben,party:F7,2,0,7,7,0
WAHLBEZIRK->GEMEINDE,lsa:GEMEINDE:15083535,Wefensleben,party:F8,2,0,1,1,0
WAHLBEZIRK->GEMEINDE,lsa:GEMEINDE:15083535,Wefensleben,party:F9,2,0,9,9,0
WAHLBEZIRK->GEMEINDE,lsa:GEMEINDE:15083557,Westheide,reported_precincts,5,0,5,5,0
WAHLBEZIRK->GEMEINDE,lsa:GEMEINDE:15083557,Westheide,total_precincts,5,0,5,5,0
WAHLBEZIRK->GEMEINDE,lsa:GEMEINDE:15083557,Westheide,voters_total,5,0,1189,1189,0
WAHLBEZIRK->GEMEINDE,lsa:GEMEINDE:15083557,Westheide,valid_votes_erst,5,0,1177,1177,0
WAHLBEZIRK->GEMEINDE,lsa:GEMEINDE:15083557,Westheide,valid_votes_zweit,5,0,1179,1179,0
WAHLBEZIRK->GEMEINDE,lsa:GEMEINDE:15083557,Westheide,party:D1,5,0,282,282,0
WAHLBEZIRK->GEMEINDE,lsa:GEMEINDE:15083557,Westheide,party:D15,5,0,59,59,0
WAHLBEZIRK->GEMEINDE,lsa:GEMEINDE:15083557,Westheide,party:D2,5,0,599,599,0
WAHLBEZIRK->GEMEINDE,lsa:GEMEINDE:15083557,Westheide,party:D21,5,0,17,17,0
WAHLBEZIRK->GEMEINDE,lsa:GEMEINDE:15083557,Westheide,party:D3,5,0,94,94,0
WAHLBEZIRK->GEMEINDE,lsa:GEMEINDE:15083557,Westheide,party:D4,5,0,74,74,0
WAHLBEZIRK->GEMEINDE,lsa:GEMEINDE:15083557,Westheide,party:D5,5,0,29,29,0
WAHLBEZIRK->GEMEINDE,lsa:GEMEINDE:15083557,Westheide,party:D6,5,0,23,23,0
WAHLBEZIRK->GEMEINDE,lsa:GEMEINDE:15083557,Westheide,party:F1,5,0,187,187,0
WAHLBEZIRK->GEMEINDE,lsa:GEMEINDE:15083557,Westheide,party:F10,5,0,5,5,0
WAHLBEZIRK->GEMEINDE,lsa:GEMEINDE:15083557,Westheide,party:F11,5,0,1,1,0
WAHLBEZIRK->GEMEINDE,lsa:GEMEINDE:15083557,Westheide,party:F12,5,0,8,8,0
WAHLBEZIRK->GEMEINDE,lsa:GEMEINDE:15083557,Westheide,party:F15,5,0,70,70,0
WAHLBEZIRK->GEMEINDE,lsa:GEMEINDE:15083557,Westheide,party:F19,5,0,4,4,0
WAHLBEZIRK->GEMEINDE,lsa:GEMEINDE:15083557,Westheide,party:F2,5,0,591,591,0
WAHLBEZIRK->GEMEINDE,lsa:GEMEINDE:15083557,Westheide,party:F20,5,0,5,5,0
WAHLBEZIRK->GEMEINDE,lsa:GEMEINDE:15083557,Westheide,party:F3,5,0,81,81,0
WAHLBEZIRK->GEMEINDE,lsa:GEMEINDE:15083557,Westheide,party:F4,5,0,106,106,0
WAHLBEZIRK->GEMEINDE,lsa:GEMEINDE:15083557,Westheide,party:F5,5,0,29,29,0
WAHLBEZIRK->GEMEINDE,lsa:GEMEINDE:15083557,Westheide,party:F6,5,0,66,66,0
WAHLBEZIRK->GEMEINDE,lsa:GEMEINDE:15083557,Westheide,party:F7,5,0,10,10,0
WAHLBEZIRK->GEMEINDE,lsa:GEMEINDE:15083557,Westheide,party:F8,5,0,1,1,0
WAHLBEZIRK->GEMEINDE,lsa:GEMEINDE:15083557,Westheide,party:F9,5,0,15,15,0
WAHLBEZIRK->GEMEINDE,lsa:GEMEINDE:15083565,"Wolmirstedt, Stadt",reported_precincts,12,0,12,12,0
WAHLBEZIRK->GEMEINDE,lsa:GEMEINDE:15083565,"Wolmirstedt, Stadt",total_precincts,12,0,12,12,0
WAHLBEZIRK->GEMEINDE,lsa:GEMEINDE:15083565,"Wolmirstedt, Stadt",voters_total,12,0,7449,7449,0
WAHLBEZIRK->GEMEINDE,lsa:GEMEINDE:15083565,"Wolmirstedt, Stadt",valid_votes_erst,12,0,7377,7377,0
WAHLBEZIRK->GEMEINDE,lsa:GEMEINDE:15083565,"Wolmirstedt, Stadt",valid_votes_zweit,12,0,7372,7372,0
WAHLBEZIRK->GEMEINDE,lsa:GEMEINDE:15083565,"Wolmirstedt, Stadt",party:D1,12,0,1836,1836,0
WAHLBEZIRK->GEMEINDE,lsa:GEMEINDE:15083565,"Wolmirstedt, Stadt",party:D15,12,0,371,371,0
WAHLBEZIRK->GEMEINDE,lsa:GEMEINDE:15083565,"Wolmirstedt, Stadt",party:D2,12,0,3242,3242,0
WAHLBEZIRK->GEMEINDE,lsa:GEMEINDE:15083565,"Wolmirstedt, Stadt",party:D21,12,0,120,120,0
WAHLBEZIRK->GEMEINDE,lsa:GEMEINDE:15083565,"Wolmirstedt, Stadt",party:D3,12,0,706,706,0
WAHLBEZIRK->GEMEINDE,lsa:GEMEINDE:15083565,"Wolmirstedt, Stadt",party:D4,12,0,683,683,0
WAHLBEZIRK->GEMEINDE,lsa:GEMEINDE:15083565,"Wolmirstedt, Stadt",party:D5,12,0,232,232,0
WAHLBEZIRK->GEMEINDE,lsa:GEMEINDE:15083565,"Wolmirstedt, Stadt",party:D6,12,0,187,187,0
WAHLBEZIRK->GEMEINDE,lsa:GEMEINDE:15083565,"Wolmirstedt, Stadt",party:F1,12,0,1195,1195,0
WAHLBEZIRK->GEMEINDE,lsa:GEMEINDE:15083565,"Wolmirstedt, Stadt",party:F10,12,0,49,49,0
WAHLBEZIRK->GEMEINDE,lsa:GEMEINDE:15083565,"Wolmirstedt, Stadt",party:F11,12,0,22,22,0
WAHLBEZIRK->GEMEINDE,lsa:GEMEINDE:15083565,"Wolmirstedt, Stadt",party:F12,12,0,43,43,0
WAHLBEZIRK->GEMEINDE,lsa:GEMEINDE:15083565,"Wolmirstedt, Stadt",party:F15,12,0,391,391,0
WAHLBEZIRK->GEMEINDE,lsa:GEMEINDE:15083565,"Wolmirstedt, Stadt",party:F19,12,0,14,14,0
WAHLBEZIRK->GEMEINDE,lsa:GEMEINDE:15083565,"Wolmirstedt, Stadt",party:F2,12,0,3226,3226,0
WAHLBEZIRK->GEMEINDE,lsa:GEMEINDE:15083565,"Wolmirstedt, Stadt",party:F20,12,0,40,40,0
WAHLBEZIRK->GEMEINDE,lsa:GEMEINDE:15083565,"Wolmirstedt, Stadt",party:F3,12,0,597,597,0
WAHLBEZIRK->GEMEINDE,lsa:GEMEINDE:15083565,"Wolmirstedt, Stadt",party:F4,12,0,790,790,0
WAHLBEZIRK->GEMEINDE,lsa:GEMEINDE:15083565,"Wolmirstedt, Stadt",party:F5,12,0,198,198,0
WAHLBEZIRK->GEMEINDE,lsa:GEMEINDE:15083565,"Wolmirstedt, Stadt",party:F6,12,0,624,624,0
WAHLBEZIRK->GEMEINDE,lsa:GEMEINDE:15083565,"Wolmirstedt, Stadt",party:F7,12,0,77,77,0
WAHLBEZIRK->GEMEINDE,lsa:GEMEINDE:15083565,"Wolmirstedt, Stadt",party:F8,12,0,6,6,0
WAHLBEZIRK->GEMEINDE,lsa:GEMEINDE:15083565,"Wolmirstedt, Stadt",party:F9,12,0,100,100,0
WAHLBEZIRK->GEMEINDE,lsa:GEMEINDE:15083580,Zielitz,reported_precincts,3,0,3,3,0
WAHLBEZIRK->GEMEINDE,lsa:GEMEINDE:15083580,Zielitz,total_precincts,3,0,3,3,0
WAHLBEZIRK->GEMEINDE,lsa:GEMEINDE:15083580,Zielitz,voters_total,3,0,1187,1187,0
WAHLBEZIRK->GEMEINDE,lsa:GEMEINDE:15083580,Zielitz,valid_votes_erst,3,0,1177,1177,0
WAHLBEZIRK->GEMEINDE,lsa:GEMEINDE:15083580,Zielitz,valid_votes_zweit,3,0,1177,1177,0
WAHLBEZIRK->GEMEINDE,lsa:GEMEINDE:15083580,Zielitz,party:D1,3,0,283,283,0
WAHLBEZIRK->GEMEINDE,lsa:GEMEINDE:15083580,Zielitz,party:D15,3,0,42,42,0
WAHLBEZIRK->GEMEINDE,lsa:GEMEINDE:15083580,Zielitz,party:D2,3,0,536,536,0
WAHLBEZIRK->GEMEINDE,lsa:GEMEINDE:15083580,Zielitz,party:D21,3,0,17,17,0
WAHLBEZIRK->GEMEINDE,lsa:GEMEINDE:15083580,Zielitz,party:D3,3,0,130,130,0
WAHLBEZIRK->GEMEINDE,lsa:GEMEINDE:15083580,Zielitz,party:D4,3,0,113,113,0
WAHLBEZIRK->GEMEINDE,lsa:GEMEINDE:15083580,Zielitz,party:D5,3,0,29,29,0
WAHLBEZIRK->GEMEINDE,lsa:GEMEINDE:15083580,Zielitz,party:D6,3,0,27,27,0
WAHLBEZIRK->GEMEINDE,lsa:GEMEINDE:15083580,Zielitz,party:F1,3,0,216,216,0
WAHLBEZIRK->GEMEINDE,lsa:GEMEINDE:15083580,Zielitz,party:F10,3,0,10,10,0
WAHLBEZIRK->GEMEINDE,lsa:GEMEINDE:15083580,Zielitz,party:F11,3,0,3,3,0
WAHLBEZIRK->GEMEINDE,lsa:GEMEINDE:15083580,Zielitz,party:F12,3,0,7,7,0
WAHLBEZIRK->GEMEINDE,lsa:GEMEINDE:15083580,Zielitz,party:F15,3,0,49,49,0
WAHLBEZIRK->GEMEINDE,lsa:GEMEINDE:15083580,Zielitz,party:F19,3,0,5,5,0
WAHLBEZIRK->GEMEINDE,lsa:GEMEINDE:15083580,Zielitz,party:F2,3,0,537,537,0
WAHLBEZIRK->GEMEINDE,lsa:GEMEINDE:15083580,Zielitz,party:F20,3,0,4,4,0
WAHLBEZIRK->GEMEINDE,lsa:GEMEINDE:15083580,Zielitz,party:F3,3,0,106,106,0
WAHLBEZIRK->GEMEINDE,lsa:GEMEINDE:15083580,Zielitz,party:F4,3,0,109,109,0
WAHLBEZIRK->GEMEINDE,lsa:GEMEINDE:15083580,Zielitz,party:F5,3,0,22,22,0
WAHLBEZIRK->GEMEINDE,lsa:GEMEINDE:15083580,Zielitz,party:F6,3,0,82,82,0
WAHLBEZIRK->GEMEINDE,lsa:GEMEINDE:15083580,Zielitz,party:F7,3,0,6,6,0
WAHLBEZIRK->GEMEINDE,lsa:GEMEINDE:15083580,Zielitz,party:F8,3,0,1,1,0
WAHLBEZIRK->GEMEINDE,lsa:GEMEINDE:15083580,Zielitz,party:F9,3,0,20,20,0
WAHLBEZIRK->GEMEINDE,lsa:GEMEINDE:15084012,An der Poststraße,reported_precincts,4,0,4,4,0
WAHLBEZIRK->GEMEINDE,lsa:GEMEINDE:15084012,An der Poststraße,total_precincts,4,0,4,4,0
WAHLBEZIRK->GEMEINDE,lsa:GEMEINDE:15084012,An der Poststraße,voters_total,4,0,1056,1056,0
WAHLBEZIRK->GEMEINDE,lsa:GEMEINDE:15084012,An der Poststraße,valid_votes_erst,4,0,1033,1033,0
WAHLBEZIRK->GEMEINDE,lsa:GEMEINDE:15084012,An der Poststraße,valid_votes_zweit,4,0,1041,1041,0
WAHLBEZIRK->GEMEINDE,lsa:GEMEINDE:15084012,An der Poststraße,party:D1,4,0,157,157,0
WAHLBEZIRK->GEMEINDE,lsa:GEMEINDE:15084012,An der Poststraße,party:D19,4,0,13,13,0
WAHLBEZIRK->GEMEINDE,lsa:GEMEINDE:15084012,An der Poststraße,party:D2,4,0,638,638,0
WAHLBEZIRK->GEMEINDE,lsa:GEMEINDE:15084012,An der Poststraße,party:D3,4,0,87,87,0
WAHLBEZIRK->GEMEINDE,lsa:GEMEINDE:15084012,An der Poststraße,party:D4,4,0,70,70,0
WAHLBEZIRK->GEMEINDE,lsa:GEMEINDE:15084012,An der Poststraße,party:D5,4,0,45,45,0
WAHLBEZIRK->GEMEINDE,lsa:GEMEINDE:15084012,An der Poststraße,party:D6,4,0,23,23,0
WAHLBEZIRK->GEMEINDE,lsa:GEMEINDE:15084012,An der Poststraße,party:F1,4,0,166,166,0
WAHLBEZIRK->GEMEINDE,lsa:GEMEINDE:15084012,An der Poststraße,party:F10,4,0,4,4,0
WAHLBEZIRK->GEMEINDE,lsa:GEMEINDE:15084012,An der Poststraße,party:F11,4,0,2,2,0
WAHLBEZIRK->GEMEINDE,lsa:GEMEINDE:15084012,An der Poststraße,party:F12,4,0,3,3,0
WAHLBEZIRK->GEMEINDE,lsa:GEMEINDE:15084012,An der Poststraße,party:F15,4,0,61,61,0
WAHLBEZIRK->GEMEINDE,lsa:GEMEINDE:15084012,An der Poststraße,party:F19,4,0,1,1,0
WAHLBEZIRK->GEMEINDE,lsa:GEMEINDE:15084012,An der Poststraße,party:F2,4,0,601,601,0
WAHLBEZIRK->GEMEINDE,lsa:GEMEINDE:15084012,An der Poststraße,party:F20,4,0,1,1,0
WAHLBEZIRK->GEMEINDE,lsa:GEMEINDE:15084012,An der Poststraße,party:F3,4,0,62,62,0
WAHLBEZIRK->GEMEINDE,lsa:GEMEINDE:15084012,An der Poststraße,party:F4,4,0,56,56,0
WAHLBEZIRK->GEMEINDE,lsa:GEMEINDE:15084012,An der Poststraße,party:F5,4,0,25,25,0
WAHLBEZIRK->GEMEINDE,lsa:GEMEINDE:15084012,An der Poststraße,party:F6,4,0,30,30,0
WAHLBEZIRK->GEMEINDE,lsa:GEMEINDE:15084012,An der Poststraße,party:F7,4,0,16,16,0
WAHLBEZIRK->GEMEINDE,lsa:GEMEINDE:15084012,An der Poststraße,party:F8,4,0,3,3,0
WAHLBEZIRK->GEMEINDE,lsa:GEMEINDE:15084012,An der Poststraße,party:F9,4,0,10,10,0
WAHLBEZIRK->GEMEINDE,lsa:GEMEINDE:15084013,Meineweh,reported_precincts,3,0,3,3,0
WAHLBEZIRK->GEMEINDE,lsa:GEMEINDE:15084013,Meineweh,total_precincts,3,0,3,3,0
WAHLBEZIRK->GEMEINDE,lsa:GEMEINDE:15084013,Meineweh,voters_total,3,0,641,641,0
WAHLBEZIRK->GEMEINDE,lsa:GEMEINDE:15084013,Meineweh,valid_votes_erst,3,0,632,632,0
WAHLBEZIRK->GEMEINDE,lsa:GEMEINDE:15084013,Meineweh,valid_votes_zweit,3,0,635,635,0
WAHLBEZIRK->GEMEINDE,lsa:GEMEINDE:15084013,Meineweh,party:D1,3,0,164,164,0
WAHLBEZIRK->GEMEINDE,lsa:GEMEINDE:15084013,Meineweh,party:D2,3,0,346,346,0
WAHLBEZIRK->GEMEINDE,lsa:GEMEINDE:15084013,Meineweh,party:D21,3,0,4,4,0
WAHLBEZIRK->GEMEINDE,lsa:GEMEINDE:15084013,Meineweh,party:D3,3,0,51,51,0
WAHLBEZIRK->GEMEINDE,lsa:GEMEINDE:15084013,Meineweh,party:D4,3,0,21,21,0
WAHLBEZIRK->GEMEINDE,lsa:GEMEINDE:15084013,Meineweh,party:D5,3,0,12,12,0
WAHLBEZIRK->GEMEINDE,lsa:GEMEINDE:15084013,Meineweh,party:D6,3,0,9,9,0
WAHLBEZIRK->GEMEINDE,lsa:GEMEINDE:15084013,Meineweh,party:D9,3,0,25,25,0
WAHLBEZIRK->GEMEINDE,lsa:GEMEINDE:15084013,Meineweh,party:F1,3,0,102,102,0
WAHLBEZIRK->GEMEINDE,lsa:GEMEINDE:15084013,Meineweh,party:F10,3,0,2,2,0
WAHLBEZIRK->GEMEINDE,lsa:GEMEINDE:15084013,Meineweh,party:F11,3,0,0,0,0
WAHLBEZIRK->GEMEINDE,lsa:GEMEINDE:15084013,Meineweh,party:F12,3,0,5,5,0
WAHLBEZIRK->GEMEINDE,lsa:GEMEINDE:15084013,Meineweh,party:F15,3,0,37,37,0
WAHLBEZIRK->GEMEINDE,lsa:GEMEINDE:15084013,Meineweh,party:F19,3,0,0,0,0
WAHLBEZIRK->GEMEINDE,lsa:GEMEINDE:15084013,Meineweh,party:F2,3,0,346,346,0
WAHLBEZIRK->GEMEINDE,lsa:GEMEINDE:15084013,Meineweh,party:F20,3,0,5,5,0
WAHLBEZIRK->GEMEINDE,lsa:GEMEINDE:15084013,Meineweh,party:F3,3,0,49,49,0
WAHLBEZIRK->GEMEINDE,lsa:GEMEINDE:15084013,Meineweh,party:F4,3,0,31,31,0
WAHLBEZIRK->GEMEINDE,lsa:GEMEINDE:15084013,Meineweh,party:F5,3,0,14,14,0
WAHLBEZIRK->GEMEINDE,lsa:GEMEINDE:15084013,Meineweh,party:F6,3,0,21,21,0
WAHLBEZIRK->GEMEINDE,lsa:GEMEINDE:15084013,Meineweh,party:F7,3,0,9,9,0
WAHLBEZIRK->GEMEINDE,lsa:GEMEINDE:15084013,Meineweh,party:F8,3,0,1,1,0
WAHLBEZIRK->GEMEINDE,lsa:GEMEINDE:15084013,Meineweh,party:F9,3,0,13,13,0
WAHLBEZIRK->GEMEINDE,lsa:GEMEINDE:15084015,"Bad Bibra, Stadt",reported_precincts,3,0,3,3,0
WAHLBEZIRK->GEMEINDE,lsa:GEMEINDE:15084015,"Bad Bibra, Stadt",total_precincts,3,0,3,3,0
WAHLBEZIRK->GEMEINDE,lsa:GEMEINDE:15084015,"Bad Bibra, Stadt",voters_total,3,0,1564,1564,0
WAHLBEZIRK->GEMEINDE,lsa:GEMEINDE:15084015,"Bad Bibra, Stadt",valid_votes_erst,3,0,1539,1539,0
WAHLBEZIRK->GEMEINDE,lsa:GEMEINDE:15084015,"Bad Bibra, Stadt",valid_votes_zweit,3,0,1550,1550,0
WAHLBEZIRK->GEMEINDE,lsa:GEMEINDE:15084015,"Bad Bibra, Stadt",party:D1,3,0,274,274,0
WAHLBEZIRK->GEMEINDE,lsa:GEMEINDE:15084015,"Bad Bibra, Stadt",party:D19,3,0,16,16,0
WAHLBEZIRK->GEMEINDE,lsa:GEMEINDE:15084015,"Bad Bibra, Stadt",party:D2,3,0,824,824,0
WAHLBEZIRK->GEMEINDE,lsa:GEMEINDE:15084015,"Bad Bibra, Stadt",party:D3,3,0,149,149,0
WAHLBEZIRK->GEMEINDE,lsa:GEMEINDE:15084015,"Bad Bibra, Stadt",party:D4,3,0,119,119,0
WAHLBEZIRK->GEMEINDE,lsa:GEMEINDE:15084015,"Bad Bibra, Stadt",party:D5,3,0,107,107,0
WAHLBEZIRK->GEMEINDE,lsa:GEMEINDE:15084015,"Bad Bibra, Stadt",party:D6,3,0,50,50,0
WAHLBEZIRK->GEMEINDE,lsa:GEMEINDE:15084015,"Bad Bibra, Stadt",party:F1,3,0,258,258,0
WAHLBEZIRK->GEMEINDE,lsa:GEMEINDE:15084015,"Bad Bibra, Stadt",party:F10,3,0,7,7,0
WAHLBEZIRK->GEMEINDE,lsa:GEMEINDE:15084015,"Bad Bibra, Stadt",party:F11,3,0,4,4,0
WAHLBEZIRK->GEMEINDE,lsa:GEMEINDE:15084015,"Bad Bibra, Stadt",party:F12,3,0,4,4,0
WAHLBEZIRK->GEMEINDE,lsa:GEMEINDE:15084015,"Bad Bibra, Stadt",party:F15,3,0,87,87,0
WAHLBEZIRK->GEMEINDE,lsa:GEMEINDE:15084015,"Bad Bibra, Stadt",party:F19,3,0,6,6,0
WAHLBEZIRK->GEMEINDE,lsa:GEMEINDE:15084015,"Bad Bibra, Stadt",party:F2,3,0,796,796,0
WAHLBEZIRK->GEMEINDE,lsa:GEMEINDE:15084015,"Bad Bibra, Stadt",party:F20,3,0,2,2,0
WAHLBEZIRK->GEMEINDE,lsa:GEMEINDE:15084015,"Bad Bibra, Stadt",party:F3,3,0,96,96,0
WAHLBEZIRK->GEMEINDE,lsa:GEMEINDE:15084015,"Bad Bibra, Stadt",party:F4,3,0,112,112,0
WAHLBEZIRK->GEMEINDE,lsa:GEMEINDE:15084015,"Bad Bibra, Stadt",party:F5,3,0,61,61,0
WAHLBEZIRK->GEMEINDE,lsa:GEMEINDE:15084015,"Bad Bibra, Stadt",party:F6,3,0,75,75,0
WAHLBEZIRK->GEMEINDE,lsa:GEMEINDE:15084015,"Bad Bibra, Stadt",party:F7,3,0,18,18,0
WAHLBEZIRK->GEMEINDE,lsa:GEMEINDE:15084015,"Bad Bibra, Stadt",party:F8,3,0,2,2,0
WAHLBEZIRK->GEMEINDE,lsa:GEMEINDE:15084015,"Bad Bibra, Stadt",party:F9,3,0,22,22,0
WAHLBEZIRK->GEMEINDE,lsa:GEMEINDE:15084025,Balgstädt,reported_precincts,4,0,4,4,0
WAHLBEZIRK->GEMEINDE,lsa:GEMEINDE:15084025,Balgstädt,total_precincts,4,0,4,4,0
WAHLBEZIRK->GEMEINDE,lsa:GEMEINDE:15084025,Balgstädt,voters_total,4,0,720,720,0
WAHLBEZIRK->GEMEINDE,lsa:GEMEINDE:15084025,Balgstädt,valid_votes_erst,4,0,717,717,0
WAHLBEZIRK->GEMEINDE,lsa:GEMEINDE:15084025,Balgstädt,valid_votes_zweit,4,0,716,716,0
WAHLBEZIRK->GEMEINDE,lsa:GEMEINDE:15084025,Balgstädt,party:D1,4,0,188,188,0
WAHLBEZIRK->GEMEINDE,lsa:GEMEINDE:15084025,Balgstädt,party:D2,4,0,402,402,0
WAHLBEZIRK->GEMEINDE,lsa:GEMEINDE:15084025,Balgstädt,party:D21,4,0,9,9,0
WAHLBEZIRK->GEMEINDE,lsa:GEMEINDE:15084025,Balgstädt,party:D3,4,0,45,45,0
WAHLBEZIRK->GEMEINDE,lsa:GEMEINDE:15084025,Balgstädt,party:D4,4,0,25,25,0
WAHLBEZIRK->GEMEINDE,lsa:GEMEINDE:15084025,Balgstädt,party:D5,4,0,19,19,0
WAHLBEZIRK->GEMEINDE,lsa:GEMEINDE:15084025,Balgstädt,party:D6,4,0,10,10,0
WAHLBEZIRK->GEMEINDE,lsa:GEMEINDE:15084025,Balgstädt,party:D9,4,0,19,19,0
WAHLBEZIRK->GEMEINDE,lsa:GEMEINDE:15084025,Balgstädt,party:F1,4,0,140,140,0
WAHLBEZIRK->GEMEINDE,lsa:GEMEINDE:15084025,Balgstädt,party:F10,4,0,4,4,0
WAHLBEZIRK->GEMEINDE,lsa:GEMEINDE:15084025,Balgstädt,party:F11,4,0,1,1,0
WAHLBEZIRK->GEMEINDE,lsa:GEMEINDE:15084025,Balgstädt,party:F12,4,0,3,3,0
WAHLBEZIRK->GEMEINDE,lsa:GEMEINDE:15084025,Balgstädt,party:F15,4,0,34,34,0
WAHLBEZIRK->GEMEINDE,lsa:GEMEINDE:15084025,Balgstädt,party:F19,4,0,3,3,0
WAHLBEZIRK->GEMEINDE,lsa:GEMEINDE:15084025,Balgstädt,party:F2,4,0,397,397,0
WAHLBEZIRK->GEMEINDE,lsa:GEMEINDE:15084025,Balgstädt,party:F20,4,0,0,0,0
WAHLBEZIRK->GEMEINDE,lsa:GEMEINDE:15084025,Balgstädt,party:F3,4,0,42,42,0
WAHLBEZIRK->GEMEINDE,lsa:GEMEINDE:15084025,Balgstädt,party:F4,4,0,34,34,0
WAHLBEZIRK->GEMEINDE,lsa:GEMEINDE:15084025,Balgstädt,party:F5,4,0,16,16,0
WAHLBEZIRK->GEMEINDE,lsa:GEMEINDE:15084025,Balgstädt,party:F6,4,0,27,27,0
WAHLBEZIRK->GEMEINDE,lsa:GEMEINDE:15084025,Balgstädt,party:F7,4,0,5,5,0
WAHLBEZIRK->GEMEINDE,lsa:GEMEINDE:15084025,Balgstädt,party:F8,4,0,0,0,0
WAHLBEZIRK->GEMEINDE,lsa:GEMEINDE:15084025,Balgstädt,party:F9,4,0,10,10,0
WAHLBEZIRK->GEMEINDE,lsa:GEMEINDE:15084115,Droyßig,reported_precincts,3,0,3,3,0
WAHLBEZIRK->GEMEINDE,lsa:GEMEINDE:15084115,Droyßig,total_precincts,3,0,3,3,0
WAHLBEZIRK->GEMEINDE,lsa:GEMEINDE:15084115,Droyßig,voters_total,3,0,1268,1268,0
WAHLBEZIRK->GEMEINDE,lsa:GEMEINDE:15084115,Droyßig,valid_votes_erst,3,0,1259,1259,0
WAHLBEZIRK->GEMEINDE,lsa:GEMEINDE:15084115,Droyßig,valid_votes_zweit,3,0,1257,1257,0
WAHLBEZIRK->GEMEINDE,lsa:GEMEINDE:15084115,Droyßig,party:D1,3,0,293,293,0
WAHLBEZIRK->GEMEINDE,lsa:GEMEINDE:15084115,Droyßig,party:D15,3,0,55,55,0
WAHLBEZIRK->GEMEINDE,lsa:GEMEINDE:15084115,Droyßig,party:D2,3,0,627,627,0
WAHLBEZIRK->GEMEINDE,lsa:GEMEINDE:15084115,Droyßig,party:D20,3,0,11,11,0
WAHLBEZIRK->GEMEINDE,lsa:GEMEINDE:15084115,Droyßig,party:D3,3,0,92,92,0
WAHLBEZIRK->GEMEINDE,lsa:GEMEINDE:15084115,Droyßig,party:D4,3,0,70,70,0
WAHLBEZIRK->GEMEINDE,lsa:GEMEINDE:15084115,Droyßig,party:D5,3,0,27,27,0
WAHLBEZIRK->GEMEINDE,lsa:GEMEINDE:15084115,Droyßig,party:D6,3,0,28,28,0
WAHLBEZIRK->GEMEINDE,lsa:GEMEINDE:15084115,Droyßig,party:D7,3,0,56,56,0
WAHLBEZIRK->GEMEINDE,lsa:GEMEINDE:15084115,Droyßig,party:F1,3,0,239,239,0
WAHLBEZIRK->GEMEINDE,lsa:GEMEINDE:15084115,Droyßig,party:F10,3,0,5,5,0
WAHLBEZIRK->GEMEINDE,lsa:GEMEINDE:15084115,Droyßig,party:F11,3,0,0,0,0
WAHLBEZIRK->GEMEINDE,lsa:GEMEINDE:15084115,Droyßig,party:F12,3,0,2,2,0
WAHLBEZIRK->GEMEINDE,lsa:GEMEINDE:15084115,Droyßig,party:F15,3,0,65,65,0
WAHLBEZIRK->GEMEINDE,lsa:GEMEINDE:15084115,Droyßig,party:F19,3,0,4,4,0
WAHLBEZIRK->GEMEINDE,lsa:GEMEINDE:15084115,Droyßig,party:F2,3,0,627,627,0
WAHLBEZIRK->GEMEINDE,lsa:GEMEINDE:15084115,Droyßig,party:F20,3,0,7,7,0
WAHLBEZIRK->GEMEINDE,lsa:GEMEINDE:15084115,Droyßig,party:F3,3,0,86,86,0
WAHLBEZIRK->GEMEINDE,lsa:GEMEINDE:15084115,Droyßig,party:F4,3,0,62,62,0
WAHLBEZIRK->GEMEINDE,lsa:GEMEINDE:15084115,Droyßig,party:F5,3,0,32,32,0
WAHLBEZIRK->GEMEINDE,lsa:GEMEINDE:15084115,Droyßig,party:F6,3,0,76,76,0
WAHLBEZIRK->GEMEINDE,lsa:GEMEINDE:15084115,Droyßig,party:F7,3,0,32,32,0
WAHLBEZIRK->GEMEINDE,lsa:GEMEINDE:15084115,Droyßig,party:F8,3,0,3,3,0
WAHLBEZIRK->GEMEINDE,lsa:GEMEINDE:15084115,Droyßig,party:F9,3,0,17,17,0
WAHLBEZIRK->GEMEINDE,lsa:GEMEINDE:15084125,"Eckartsberga, Stadt",reported_precincts,4,0,4,4,0
WAHLBEZIRK->GEMEINDE,lsa:GEMEINDE:15084125,"Eckartsberga, Stadt",total_precincts,4,0,4,4,0
WAHLBEZIRK->GEMEINDE,lsa:GEMEINDE:15084125,"Eckartsberga, Stadt",voters_total,4,0,1403,1403,0
WAHLBEZIRK->GEMEINDE,lsa:GEMEINDE:15084125,"Eckartsberga, Stadt",valid_votes_erst,4,0,1380,1380,0
WAHLBEZIRK->GEMEINDE,lsa:GEMEINDE:15084125,"Eckartsberga, Stadt",valid_votes_zweit,4,0,1386,1386,0
WAHLBEZIRK->GEMEINDE,lsa:GEMEINDE:15084125,"Eckartsberga, Stadt",party:D1,4,0,265,265,0
WAHLBEZIRK->GEMEINDE,lsa:GEMEINDE:15084125,"Eckartsberga, Stadt",party:D19,4,0,15,15,0
WAHLBEZIRK->GEMEINDE,lsa:GEMEINDE:15084125,"Eckartsberga, Stadt",party:D2,4,0,826,826,0
WAHLBEZIRK->GEMEINDE,lsa:GEMEINDE:15084125,"Eckartsberga, Stadt",party:D3,4,0,103,103,0
WAHLBEZIRK->GEMEINDE,lsa:GEMEINDE:15084125,"Eckartsberga, Stadt",party:D4,4,0,98,98,0
WAHLBEZIRK->GEMEINDE,lsa:GEMEINDE:15084125,"Eckartsberga, Stadt",party:D5,4,0,51,51,0
WAHLBEZIRK->GEMEINDE,lsa:GEMEINDE:15084125,"Eckartsberga, Stadt",party:D6,4,0,22,22,0
WAHLBEZIRK->GEMEINDE,lsa:GEMEINDE:15084125,"Eckartsberga, Stadt",party:F1,4,0,217,217,0
WAHLBEZIRK->GEMEINDE,lsa:GEMEINDE:15084125,"Eckartsberga, Stadt",party:F10,4,0,2,2,0
WAHLBEZIRK->GEMEINDE,lsa:GEMEINDE:15084125,"Eckartsberga, Stadt",party:F11,4,0,2,2,0
WAHLBEZIRK->GEMEINDE,lsa:GEMEINDE:15084125,"Eckartsberga, Stadt",party:F12,4,0,7,7,0
WAHLBEZIRK->GEMEINDE,lsa:GEMEINDE:15084125,"Eckartsberga, Stadt",party:F15,4,0,70,70,0
WAHLBEZIRK->GEMEINDE,lsa:GEMEINDE:15084125,"Eckartsberga, Stadt",party:F19,4,0,6,6,0
WAHLBEZIRK->GEMEINDE,lsa:GEMEINDE:15084125,"Eckartsberga, Stadt",party:F2,4,0,808,808,0
WAHLBEZIRK->GEMEINDE,lsa:GEMEINDE:15084125,"Eckartsberga, Stadt",party:F20,4,0,0,0,0
WAHLBEZIRK->GEMEINDE,lsa:GEMEINDE:15084125,"Eckartsberga, Stadt",party:F3,4,0,88,88,0
WAHLBEZIRK->GEMEINDE,lsa:GEMEINDE:15084125,"Eckartsberga, Stadt",party:F4,4,0,94,94,0
WAHLBEZIRK->GEMEINDE,lsa:GEMEINDE:15084125,"Eckartsberga, Stadt",party:F5,4,0,26,26,0
WAHLBEZIRK->GEMEINDE,lsa:GEMEINDE:15084125,"Eckartsberga, Stadt",party:F6,4,0,40,40,0
WAHLBEZIRK->GEMEINDE,lsa:GEMEINDE:15084125,"Eckartsberga, Stadt",party:F7,4,0,13,13,0
WAHLBEZIRK->GEMEINDE,lsa:GEMEINDE:15084125,"Eckartsberga, Stadt",party:F8,4,0,0,0,0
WAHLBEZIRK->GEMEINDE,lsa:GEMEINDE:15084125,"Eckartsberga, Stadt",party:F9,4,0,13,13,0
WAHLBEZIRK->GEMEINDE,lsa:GEMEINDE:15084130,Elsteraue,reported_precincts,13,0,13,13,0
WAHLBEZIRK->GEMEINDE,lsa:GEMEINDE:15084130,Elsteraue,total_precincts,13,0,13,13,0
WAHLBEZIRK->GEMEINDE,lsa:GEMEINDE:15084130,Elsteraue,voters_total,13,0,5343,5343,0
WAHLBEZIRK->GEMEINDE,lsa:GEMEINDE:15084130,Elsteraue,valid_votes_erst,13,0,5286,5286,0
WAHLBEZIRK->GEMEINDE,lsa:GEMEINDE:15084130,Elsteraue,valid_votes_zweit,13,0,5294,5294,0
WAHLBEZIRK->GEMEINDE,lsa:GEMEINDE:15084130,Elsteraue,party:D1,13,0,973,973,0
WAHLBEZIRK->GEMEINDE,lsa:GEMEINDE:15084130,Elsteraue,party:D15,13,0,210,210,0
WAHLBEZIRK->GEMEINDE,lsa:GEMEINDE:15084130,Elsteraue,party:D2,13,0,2894,2894,0
WAHLBEZIRK->GEMEINDE,lsa:GEMEINDE:15084130,Elsteraue,party:D20,13,0,41,41,0
WAHLBEZIRK->GEMEINDE,lsa:GEMEINDE:15084130,Elsteraue,party:D3,13,0,390,390,0
WAHLBEZIRK->GEMEINDE,lsa:GEMEINDE:15084130,Elsteraue,party:D4,13,0,249,249,0
WAHLBEZIRK->GEMEINDE,lsa:GEMEINDE:15084130,Elsteraue,party:D5,13,0,80,80,0
WAHLBEZIRK->GEMEINDE,lsa:GEMEINDE:15084130,Elsteraue,party:D6,13,0,112,112,0
WAHLBEZIRK->GEMEINDE,lsa:GEMEINDE:15084130,Elsteraue,party:D7,13,0,337,337,0
WAHLBEZIRK->GEMEINDE,lsa:GEMEINDE:15084130,Elsteraue,party:F1,13,0,914,914,0
WAHLBEZIRK->GEMEINDE,lsa:GEMEINDE:15084130,Elsteraue,party:F10,13,0,18,18,0
WAHLBEZIRK->GEMEINDE,lsa:GEMEINDE:15084130,Elsteraue,party:F11,13,0,11,11,0
WAHLBEZIRK->GEMEINDE,lsa:GEMEINDE:15084130,Elsteraue,party:F12,13,0,28,28,0
WAHLBEZIRK->GEMEINDE,lsa:GEMEINDE:15084130,Elsteraue,party:F15,13,0,261,261,0
WAHLBEZIRK->GEMEINDE,lsa:GEMEINDE:15084130,Elsteraue,party:F19,13,0,8,8,0
WAHLBEZIRK->GEMEINDE,lsa:GEMEINDE:15084130,Elsteraue,party:F2,13,0,2920,2920,0
WAHLBEZIRK->GEMEINDE,lsa:GEMEINDE:15084130,Elsteraue,party:F20,13,0,24,24,0
WAHLBEZIRK->GEMEINDE,lsa:GEMEINDE:15084130,Elsteraue,party:F3,13,0,349,349,0
WAHLBEZIRK->GEMEINDE,lsa:GEMEINDE:15084130,Elsteraue,party:F4,13,0,264,264,0
WAHLBEZIRK->GEMEINDE,lsa:GEMEINDE:15084130,Elsteraue,party:F5,13,0,79,79,0
WAHLBEZIRK->GEMEINDE,lsa:GEMEINDE:15084130,Elsteraue,party:F6,13,0,216,216,0
WAHLBEZIRK->GEMEINDE,lsa:GEMEINDE:15084130,Elsteraue,party:F7,13,0,154,154,0
WAHLBEZIRK->GEMEINDE,lsa:GEMEINDE:15084130,Elsteraue,party:F8,13,0,7,7,0
WAHLBEZIRK->GEMEINDE,lsa:GEMEINDE:15084130,Elsteraue,party:F9,13,0,41,41,0
WAHLBEZIRK->GEMEINDE,lsa:GEMEINDE:15084132,Finne,reported_precincts,3,0,3,3,0
WAHLBEZIRK->GEMEINDE,lsa:GEMEINDE:15084132,Finne,total_precincts,3,0,3,3,0
WAHLBEZIRK->GEMEINDE,lsa:GEMEINDE:15084132,Finne,voters_total,3,0,708,708,0
WAHLBEZIRK->GEMEINDE,lsa:GEMEINDE:15084132,Finne,valid_votes_erst,3,0,697,697,0
WAHLBEZIRK->GEMEINDE,lsa:GEMEINDE:15084132,Finne,valid_votes_zweit,3,0,703,703,0
WAHLBEZIRK->GEMEINDE,lsa:GEMEINDE:15084132,Finne,party:D1,3,0,154,154,0
WAHLBEZIRK->GEMEINDE,lsa:GEMEINDE:15084132,Finne,party:D19,3,0,13,13,0
WAHLBEZIRK->GEMEINDE,lsa:GEMEINDE:15084132,Finne,party:D2,3,0,376,376,0
WAHLBEZIRK->GEMEINDE,lsa:GEMEINDE:15084132,Finne,party:D3,3,0,59,59,0
WAHLBEZIRK->GEMEINDE,lsa:GEMEINDE:15084132,Finne,party:D4,3,0,42,42,0
WAHLBEZIRK->GEMEINDE,lsa:GEMEINDE:15084132,Finne,party:D5,3,0,29,29,0
WAHLBEZIRK->GEMEINDE,lsa:GEMEINDE:15084132,Finne,party:D6,3,0,24,24,0
WAHLBEZIRK->GEMEINDE,lsa:GEMEINDE:15084132,Finne,party:F1,3,0,133,133,0
WAHLBEZIRK->GEMEINDE,lsa:GEMEINDE:15084132,Finne,party:F10,3,0,1,1,0
WAHLBEZIRK->GEMEINDE,lsa:GEMEINDE:15084132,Finne,party:F11,3,0,1,1,0
WAHLBEZIRK->GEMEINDE,lsa:GEMEINDE:15084132,Finne,party:F12,3,0,3,3,0
WAHLBEZIRK->GEMEINDE,lsa:GEMEINDE:15084132,Finne,party:F15,3,0,41,41,0
WAHLBEZIRK->GEMEINDE,lsa:GEMEINDE:15084132,Finne,party:F19,3,0,3,3,0
WAHLBEZIRK->GEMEINDE,lsa:GEMEINDE:15084132,Finne,party:F2,3,0,367,367,0
WAHLBEZIRK->GEMEINDE,lsa:GEMEINDE:15084132,Finne,party:F20,3,0,3,3,0
WAHLBEZIRK->GEMEINDE,lsa:GEMEINDE:15084132,Finne,party:F3,3,0,41,41,0
WAHLBEZIRK->GEMEINDE,lsa:GEMEINDE:15084132,Finne,party:F4,3,0,40,40,0
WAHLBEZIRK->GEMEINDE,lsa:GEMEINDE:15084132,Finne,party:F5,3,0,16,16,0
WAHLBEZIRK->GEMEINDE,lsa:GEMEINDE:15084132,Finne,party:F6,3,0,28,28,0
WAHLBEZIRK->GEMEINDE,lsa:GEMEINDE:15084132,Finne,party:F7,3,0,13,13,0
WAHLBEZIRK->GEMEINDE,lsa:GEMEINDE:15084132,Finne,party:F8,3,0,1,1,0
WAHLBEZIRK->GEMEINDE,lsa:GEMEINDE:15084132,Finne,party:F9,3,0,12,12,0
WAHLBEZIRK->GEMEINDE,lsa:GEMEINDE:15084133,Finneland,reported_precincts,3,0,3,3,0
WAHLBEZIRK->GEMEINDE,lsa:GEMEINDE:15084133,Finneland,total_precincts,3,0,3,3,0
WAHLBEZIRK->GEMEINDE,lsa:GEMEINDE:15084133,Finneland,voters_total,3,0,696,696,0
WAHLBEZIRK->GEMEINDE,lsa:GEMEINDE:15084133,Finneland,valid_votes_erst,3,0,684,684,0
WAHLBEZIRK->GEMEINDE,lsa:GEMEINDE:15084133,Finneland,valid_votes_zweit,3,0,689,689,0
WAHLBEZIRK->GEMEINDE,lsa:GEMEINDE:15084133,Finneland,party:D1,3,0,114,114,0
WAHLBEZIRK->GEMEINDE,lsa:GEMEINDE:15084133,Finneland,party:D19,3,0,16,16,0
WAHLBEZIRK->GEMEINDE,lsa:GEMEINDE:15084133,Finneland,party:D2,3,0,356,356,0
WAHLBEZIRK->GEMEINDE,lsa:GEMEINDE:15084133,Finneland,party:D3,3,0,69,69,0
WAHLBEZIRK->GEMEINDE,lsa:GEMEINDE:15084133,Finneland,party:D4,3,0,75,75,0
WAHLBEZIRK->GEMEINDE,lsa:GEMEINDE:15084133,Finneland,party:D5,3,0,43,43,0
WAHLBEZIRK->GEMEINDE,lsa:GEMEINDE:15084133,Finneland,party:D6,3,0,11,11,0
WAHLBEZIRK->GEMEINDE,lsa:GEMEINDE:15084133,Finneland,party:F1,3,0,127,127,0
WAHLBEZIRK->GEMEINDE,lsa:GEMEINDE:15084133,Finneland,party:F10,3,0,5,5,0
WAHLBEZIRK->GEMEINDE,lsa:GEMEINDE:15084133,Finneland,party:F11,3,0,1,1,0
WAHLBEZIRK->GEMEINDE,lsa:GEMEINDE:15084133,Finneland,party:F12,3,0,1,1,0
WAHLBEZIRK->GEMEINDE,lsa:GEMEINDE:15084133,Finneland,party:F15,3,0,35,35,0
WAHLBEZIRK->GEMEINDE,lsa:GEMEINDE:15084133,Finneland,party:F19,3,0,1,1,0
WAHLBEZIRK->GEMEINDE,lsa:GEMEINDE:15084133,Finneland,party:F2,3,0,345,345,0
WAHLBEZIRK->GEMEINDE,lsa:GEMEINDE:15084133,Finneland,party:F20,3,0,3,3,0
WAHLBEZIRK->GEMEINDE,lsa:GEMEINDE:15084133,Finneland,party:F3,3,0,50,50,0
WAHLBEZIRK->GEMEINDE,lsa:GEMEINDE:15084133,Finneland,party:F4,3,0,52,52,0
WAHLBEZIRK->GEMEINDE,lsa:GEMEINDE:15084133,Finneland,party:F5,3,0,34,34,0
WAHLBEZIRK->GEMEINDE,lsa:GEMEINDE:15084133,Finneland,party:F6,3,0,22,22,0
WAHLBEZIRK->GEMEINDE,lsa:GEMEINDE:15084133,Finneland,party:F7,3,0,4,4,0
WAHLBEZIRK->GEMEINDE,lsa:GEMEINDE:15084133,Finneland,party:F8,3,0,0,0,0
WAHLBEZIRK->GEMEINDE,lsa:GEMEINDE:15084133,Finneland,party:F9,3,0,9,9,0
WAHLBEZIRK->GEMEINDE,lsa:GEMEINDE:15084135,"Freyburg (Unstrut), Stadt",reported_precincts,7,0,7,7,0
WAHLBEZIRK->GEMEINDE,lsa:GEMEINDE:15084135,"Freyburg (Unstrut), Stadt",total_precincts,7,0,7,7,0
WAHLBEZIRK->GEMEINDE,lsa:GEMEINDE:15084135,"Freyburg (Unstrut), Stadt",voters_total,7,0,2865,2865,0
WAHLBEZIRK->GEMEINDE,lsa:GEMEINDE:15084135,"Freyburg (Unstrut), Stadt",valid_votes_erst,7,0,2836,2836,0
WAHLBEZIRK->GEMEINDE,lsa:GEMEINDE:15084135,"Freyburg (Unstrut), Stadt",valid_votes_zweit,7,0,2834,2834,0
WAHLBEZIRK->GEMEINDE,lsa:GEMEINDE:15084135,"Freyburg (Unstrut), Stadt",party:D1,7,0,791,791,0
WAHLBEZIRK->GEMEINDE,lsa:GEMEINDE:15084135,"Freyburg (Unstrut), Stadt",party:D2,7,0,1404,1404,0
WAHLBEZIRK->GEMEINDE,lsa:GEMEINDE:15084135,"Freyburg (Unstrut), Stadt",party:D21,7,0,26,26,0
WAHLBEZIRK->GEMEINDE,lsa:GEMEINDE:15084135,"Freyburg (Unstrut), Stadt",party:D3,7,0,256,256,0
WAHLBEZIRK->GEMEINDE,lsa:GEMEINDE:15084135,"Freyburg (Unstrut), Stadt",party:D4,7,0,119,119,0
WAHLBEZIRK->GEMEINDE,lsa:GEMEINDE:15084135,"Freyburg (Unstrut), Stadt",party:D5,7,0,103,103,0
WAHLBEZIRK->GEMEINDE,lsa:GEMEINDE:15084135,"Freyburg (Unstrut), Stadt",party:D6,7,0,55,55,0
WAHLBEZIRK->GEMEINDE,lsa:GEMEINDE:15084135,"Freyburg (Unstrut), Stadt",party:D9,7,0,82,82,0
WAHLBEZIRK->GEMEINDE,lsa:GEMEINDE:15084135,"Freyburg (Unstrut), Stadt",party:F1,7,0,538,538,0
WAHLBEZIRK->GEMEINDE,lsa:GEMEINDE:15084135,"Freyburg (Unstrut), Stadt",party:F10,7,0,10,10,0
WAHLBEZIRK->GEMEINDE,lsa:GEMEINDE:15084135,"Freyburg (Unstrut), Stadt",party:F11,7,0,10,10,0
WAHLBEZIRK->GEMEINDE,lsa:GEMEINDE:15084135,"Freyburg (Unstrut), Stadt",party:F12,7,0,15,15,0
WAHLBEZIRK->GEMEINDE,lsa:GEMEINDE:15084135,"Freyburg (Unstrut), Stadt",party:F15,7,0,149,149,0
WAHLBEZIRK->GEMEINDE,lsa:GEMEINDE:15084135,"Freyburg (Unstrut), Stadt",party:F19,7,0,13,13,0
WAHLBEZIRK->GEMEINDE,lsa:GEMEINDE:15084135,"Freyburg (Unstrut), Stadt",party:F2,7,0,1362,1362,0
WAHLBEZIRK->GEMEINDE,lsa:GEMEINDE:15084135,"Freyburg (Unstrut), Stadt",party:F20,7,0,7,7,0
WAHLBEZIRK->GEMEINDE,lsa:GEMEINDE:15084135,"Freyburg (Unstrut), Stadt",party:F3,7,0,206,206,0
WAHLBEZIRK->GEMEINDE,lsa:GEMEINDE:15084135,"Freyburg (Unstrut), Stadt",party:F4,7,0,212,212,0
WAHLBEZIRK->GEMEINDE,lsa:GEMEINDE:15084135,"Freyburg (Unstrut), Stadt",party:F5,7,0,97,97,0
WAHLBEZIRK->GEMEINDE,lsa:GEMEINDE:15084135,"Freyburg (Unstrut), Stadt",party:F6,7,0,120,120,0
WAHLBEZIRK->GEMEINDE,lsa:GEMEINDE:15084135,"Freyburg (Unstrut), Stadt",party:F7,7,0,40,40,0
WAHLBEZIRK->GEMEINDE,lsa:GEMEINDE:15084135,"Freyburg (Unstrut), Stadt",party:F8,7,0,6,6,0
WAHLBEZIRK->GEMEINDE,lsa:GEMEINDE:15084135,"Freyburg (Unstrut), Stadt",party:F9,7,0,49,49,0
WAHLBEZIRK->GEMEINDE,lsa:GEMEINDE:15084150,Gleina,reported_precincts,4,0,4,4,0
WAHLBEZIRK->GEMEINDE,lsa:GEMEINDE:15084150,Gleina,total_precincts,4,0,4,4,0
WAHLBEZIRK->GEMEINDE,lsa:GEMEINDE:15084150,Gleina,voters_total,4,0,769,769,0
WAHLBEZIRK->GEMEINDE,lsa:GEMEINDE:15084150,Gleina,valid_votes_erst,4,0,759,759,0
WAHLBEZIRK->GEMEINDE,lsa:GEMEINDE:15084150,Gleina,valid_votes_zweit,4,0,759,759,0
WAHLBEZIRK->GEMEINDE,lsa:GEMEINDE:15084150,Gleina,party:D1,4,0,230,230,0
WAHLBEZIRK->GEMEINDE,lsa:GEMEINDE:15084150,Gleina,party:D2,4,0,357,357,0
WAHLBEZIRK->GEMEINDE,lsa:GEMEINDE:15084150,Gleina,party:D21,4,0,11,11,0
WAHLBEZIRK->GEMEINDE,lsa:GEMEINDE:15084150,Gleina,party:D3,4,0,56,56,0
WAHLBEZIRK->GEMEINDE,lsa:GEMEINDE:15084150,Gleina,party:D4,4,0,36,36,0
WAHLBEZIRK->GEMEINDE,lsa:GEMEINDE:15084150,Gleina,party:D5,4,0,32,32,0
WAHLBEZIRK->GEMEINDE,lsa:GEMEINDE:15084150,Gleina,party:D6,4,0,14,14,0
WAHLBEZIRK->GEMEINDE,lsa:GEMEINDE:15084150,Gleina,party:D9,4,0,23,23,0
WAHLBEZIRK->GEMEINDE,lsa:GEMEINDE:15084150,Gleina,party:F1,4,0,176,176,0
WAHLBEZIRK->GEMEINDE,lsa:GEMEINDE:15084150,Gleina,party:F10,4,0,2,2,0
WAHLBEZIRK->GEMEINDE,lsa:GEMEINDE:15084150,Gleina,party:F11,4,0,0,0,0
WAHLBEZIRK->GEMEINDE,lsa:GEMEINDE:15084150,Gleina,party:F12,4,0,2,2,0
WAHLBEZIRK->GEMEINDE,lsa:GEMEINDE:15084150,Gleina,party:F15,4,0,45,45,0
WAHLBEZIRK->GEMEINDE,lsa:GEMEINDE:15084150,Gleina,party:F19,4,0,4,4,0
WAHLBEZIRK->GEMEINDE,lsa:GEMEINDE:15084150,Gleina,party:F2,4,0,342,342,0
WAHLBEZIRK->GEMEINDE,lsa:GEMEINDE:15084150,Gleina,party:F20,4,0,3,3,0
WAHLBEZIRK->GEMEINDE,lsa:GEMEINDE:15084150,Gleina,party:F3,4,0,47,47,0
WAHLBEZIRK->GEMEINDE,lsa:GEMEINDE:15084150,Gleina,party:F4,4,0,65,65,0
WAHLBEZIRK->GEMEINDE,lsa:GEMEINDE:15084150,Gleina,party:F5,4,0,22,22,0
WAHLBEZIRK->GEMEINDE,lsa:GEMEINDE:15084150,Gleina,party:F6,4,0,31,31,0
WAHLBEZIRK->GEMEINDE,lsa:GEMEINDE:15084150,Gleina,party:F7,4,0,9,9,0
WAHLBEZIRK->GEMEINDE,lsa:GEMEINDE:15084150,Gleina,party:F8,4,0,2,2,0
WAHLBEZIRK->GEMEINDE,lsa:GEMEINDE:15084150,Gleina,party:F9,4,0,9,9,0
WAHLBEZIRK->GEMEINDE,lsa:GEMEINDE:15084170,Goseck,reported_precincts,3,0,3,3,0
WAHLBEZIRK->GEMEINDE,lsa:GEMEINDE:15084170,Goseck,total_precincts,3,0,3,3,0
WAHLBEZIRK->GEMEINDE,lsa:GEMEINDE:15084170,Goseck,voters_total,3,0,690,690,0
WAHLBEZIRK->GEMEINDE,lsa:GEMEINDE:15084170,Goseck,valid_votes_erst,3,0,684,684,0
WAHLBEZIRK->GEMEINDE,lsa:GEMEINDE:15084170,Goseck,valid_votes_zweit,3,0,686,686,0
WAHLBEZIRK->GEMEINDE,lsa:GEMEINDE:15084170,Goseck,party:D1,3,0,189,189,0
WAHLBEZIRK->GEMEINDE,lsa:GEMEINDE:15084170,Goseck,party:D2,3,0,365,365,0
WAHLBEZIRK->GEMEINDE,lsa:GEMEINDE:15084170,Goseck,party:D21,3,0,4,4,0
WAHLBEZIRK->GEMEINDE,lsa:GEMEINDE:15084170,Goseck,party:D3,3,0,48,48,0
WAHLBEZIRK->GEMEINDE,lsa:GEMEINDE:15084170,Goseck,party:D4,3,0,34,34,0
WAHLBEZIRK->GEMEINDE,lsa:GEMEINDE:15084170,Goseck,party:D5,3,0,8,8,0
WAHLBEZIRK->GEMEINDE,lsa:GEMEINDE:15084170,Goseck,party:D6,3,0,15,15,0
WAHLBEZIRK->GEMEINDE,lsa:GEMEINDE:15084170,Goseck,party:D9,3,0,21,21,0
WAHLBEZIRK->GEMEINDE,lsa:GEMEINDE:15084170,Goseck,party:F1,3,0,132,132,0
WAHLBEZIRK->GEMEINDE,lsa:GEMEINDE:15084170,Goseck,party:F10,3,0,5,5,0
WAHLBEZIRK->GEMEINDE,lsa:GEMEINDE:15084170,Goseck,party:F11,3,0,0,0,0
WAHLBEZIRK->GEMEINDE,lsa:GEMEINDE:15084170,Goseck,party:F12,3,0,5,5,0
WAHLBEZIRK->GEMEINDE,lsa:GEMEINDE:15084170,Goseck,party:F15,3,0,40,40,0
WAHLBEZIRK->GEMEINDE,lsa:GEMEINDE:15084170,Goseck,party:F19,3,0,0,0,0
WAHLBEZIRK->GEMEINDE,lsa:GEMEINDE:15084170,Goseck,party:F2,3,0,352,352,0
WAHLBEZIRK->GEMEINDE,lsa:GEMEINDE:15084170,Goseck,party:F20,3,0,2,2,0
WAHLBEZIRK->GEMEINDE,lsa:GEMEINDE:15084170,Goseck,party:F3,3,0,44,44,0
WAHLBEZIRK->GEMEINDE,lsa:GEMEINDE:15084170,Goseck,party:F4,3,0,54,54,0
WAHLBEZIRK->GEMEINDE,lsa:GEMEINDE:15084170,Goseck,party:F5,3,0,12,12,0
WAHLBEZIRK->GEMEINDE,lsa:GEMEINDE:15084170,Goseck,party:F6,3,0,29,29,0
WAHLBEZIRK->GEMEINDE,lsa:GEMEINDE:15084170,Goseck,party:F7,3,0,6,6,0
WAHLBEZIRK->GEMEINDE,lsa:GEMEINDE:15084170,Goseck,party:F8,3,0,1,1,0
WAHLBEZIRK->GEMEINDE,lsa:GEMEINDE:15084170,Goseck,party:F9,3,0,4,4,0
WAHLBEZIRK->GEMEINDE,lsa:GEMEINDE:15084207,Gutenborn,reported_precincts,5,0,5,5,0
WAHLBEZIRK->GEMEINDE,lsa:GEMEINDE:15084207,Gutenborn,total_precincts,5,0,5,5,0
WAHLBEZIRK->GEMEINDE,lsa:GEMEINDE:15084207,Gutenborn,voters_total,5,0,1202,1202,0
WAHLBEZIRK->GEMEINDE,lsa:GEMEINDE:15084207,Gutenborn,valid_votes_erst,5,0,1187,1187,0
WAHLBEZIRK->GEMEINDE,lsa:GEMEINDE:15084207,Gutenborn,valid_votes_zweit,5,0,1186,1186,0
WAHLBEZIRK->GEMEINDE,lsa:GEMEINDE:15084207,Gutenborn,party:D1,5,0,264,264,0
WAHLBEZIRK->GEMEINDE,lsa:GEMEINDE:15084207,Gutenborn,party:D15,5,0,43,43,0
WAHLBEZIRK->GEMEINDE,lsa:GEMEINDE:15084207,Gutenborn,party:D2,5,0,618,618,0
WAHLBEZIRK->GEMEINDE,lsa:GEMEINDE:15084207,Gutenborn,party:D20,5,0,26,26,0
WAHLBEZIRK->GEMEINDE,lsa:GEMEINDE:15084207,Gutenborn,party:D3,5,0,66,66,0
WAHLBEZIRK->GEMEINDE,lsa:GEMEINDE:15084207,Gutenborn,party:D4,5,0,76,76,0
WAHLBEZIRK->GEMEINDE,lsa:GEMEINDE:15084207,Gutenborn,party:D5,5,0,34,34,0
WAHLBEZIRK->GEMEINDE,lsa:GEMEINDE:15084207,Gutenborn,party:D6,5,0,23,23,0
WAHLBEZIRK->GEMEINDE,lsa:GEMEINDE:15084207,Gutenborn,party:D7,5,0,37,37,0
WAHLBEZIRK->GEMEINDE,lsa:GEMEINDE:15084207,Gutenborn,party:F1,5,0,226,226,0
WAHLBEZIRK->GEMEINDE,lsa:GEMEINDE:15084207,Gutenborn,party:F10,5,0,7,7,0
WAHLBEZIRK->GEMEINDE,lsa:GEMEINDE:15084207,Gutenborn,party:F11,5,0,1,1,0
WAHLBEZIRK->GEMEINDE,lsa:GEMEINDE:15084207,Gutenborn,party:F12,5,0,4,4,0
WAHLBEZIRK->GEMEINDE,lsa:GEMEINDE:15084207,Gutenborn,party:F15,5,0,48,48,0
WAHLBEZIRK->GEMEINDE,lsa:GEMEINDE:15084207,Gutenborn,party:F19,5,0,3,3,0
WAHLBEZIRK->GEMEINDE,lsa:GEMEINDE:15084207,Gutenborn,party:F2,5,0,637,637,0
WAHLBEZIRK->GEMEINDE,lsa:GEMEINDE:15084207,Gutenborn,party:F20,5,0,17,17,0
WAHLBEZIRK->GEMEINDE,lsa:GEMEINDE:15084207,Gutenborn,party:F3,5,0,61,61,0
WAHLBEZIRK->GEMEINDE,lsa:GEMEINDE:15084207,Gutenborn,party:F4,5,0,81,81,0
WAHLBEZIRK->GEMEINDE,lsa:GEMEINDE:15084207,Gutenborn,party:F5,5,0,30,30,0
WAHLBEZIRK->GEMEINDE,lsa:GEMEINDE:15084207,Gutenborn,party:F6,5,0,45,45,0
WAHLBEZIRK->GEMEINDE,lsa:GEMEINDE:15084207,Gutenborn,party:F7,5,0,18,18,0
WAHLBEZIRK->GEMEINDE,lsa:GEMEINDE:15084207,Gutenborn,party:F8,5,0,0,0,0
WAHLBEZIRK->GEMEINDE,lsa:GEMEINDE:15084207,Gutenborn,party:F9,5,0,8,8,0
WAHLBEZIRK->GEMEINDE,lsa:GEMEINDE:15084235,"Hohenmölsen, Stadt",reported_precincts,13,0,13,13,0
WAHLBEZIRK->GEMEINDE,lsa:GEMEINDE:15084235,"Hohenmölsen, Stadt",total_precincts,13,0,13,13,0
WAHLBEZIRK->GEMEINDE,lsa:GEMEINDE:15084235,"Hohenmölsen, Stadt",voters_total,13,0,5970,5970,0
WAHLBEZIRK->GEMEINDE,lsa:GEMEINDE:15084235,"Hohenmölsen, Stadt",valid_votes_erst,13,0,5904,5904,0
WAHLBEZIRK->GEMEINDE,lsa:GEMEINDE:15084235,"Hohenmölsen, Stadt",valid_votes_zweit,13,0,5917,5917,0
WAHLBEZIRK->GEMEINDE,lsa:GEMEINDE:15084235,"Hohenmölsen, Stadt",party:D1,13,0,1249,1249,0
WAHLBEZIRK->GEMEINDE,lsa:GEMEINDE:15084235,"Hohenmölsen, Stadt",party:D15,13,0,244,244,0
WAHLBEZIRK->GEMEINDE,lsa:GEMEINDE:15084235,"Hohenmölsen, Stadt",party:D2,13,0,3035,3035,0
WAHLBEZIRK->GEMEINDE,lsa:GEMEINDE:15084235,"Hohenmölsen, Stadt",party:D20,13,0,31,31,0
WAHLBEZIRK->GEMEINDE,lsa:GEMEINDE:15084235,"Hohenmölsen, Stadt",party:D3,13,0,538,538,0
WAHLBEZIRK->GEMEINDE,lsa:GEMEINDE:15084235,"Hohenmölsen, Stadt",party:D4,13,0,368,368,0
WAHLBEZIRK->GEMEINDE,lsa:GEMEINDE:15084235,"Hohenmölsen, Stadt",party:D5,13,0,134,134,0
WAHLBEZIRK->GEMEINDE,lsa:GEMEINDE:15084235,"Hohenmölsen, Stadt",party:D6,13,0,138,138,0
WAHLBEZIRK->GEMEINDE,lsa:GEMEINDE:15084235,"Hohenmölsen, Stadt",party:D7,13,0,167,167,0
WAHLBEZIRK->GEMEINDE,lsa:GEMEINDE:15084235,"Hohenmölsen, Stadt",party:F1,13,0,1004,1004,0
WAHLBEZIRK->GEMEINDE,lsa:GEMEINDE:15084235,"Hohenmölsen, Stadt",party:F10,13,0,30,30,0
WAHLBEZIRK->GEMEINDE,lsa:GEMEINDE:15084235,"Hohenmölsen, Stadt",party:F11,13,0,11,11,0
WAHLBEZIRK->GEMEINDE,lsa:GEMEINDE:15084235,"Hohenmölsen, Stadt",party:F12,13,0,24,24,0
WAHLBEZIRK->GEMEINDE,lsa:GEMEINDE:15084235,"Hohenmölsen, Stadt",party:F15,13,0,303,303,0
WAHLBEZIRK->GEMEINDE,lsa:GEMEINDE:15084235,"Hohenmölsen, Stadt",party:F19,13,0,11,11,0
WAHLBEZIRK->GEMEINDE,lsa:GEMEINDE:15084235,"Hohenmölsen, Stadt",party:F2,13,0,3041,3041,0
WAHLBEZIRK->GEMEINDE,lsa:GEMEINDE:15084235,"Hohenmölsen, Stadt",party:F20,13,0,24,24,0
WAHLBEZIRK->GEMEINDE,lsa:GEMEINDE:15084235,"Hohenmölsen, Stadt",party:F3,13,0,500,500,0
WAHLBEZIRK->GEMEINDE,lsa:GEMEINDE:15084235,"Hohenmölsen, Stadt",party:F4,13,0,426,426,0
WAHLBEZIRK->GEMEINDE,lsa:GEMEINDE:15084235,"Hohenmölsen, Stadt",party:F5,13,0,138,138,0
WAHLBEZIRK->GEMEINDE,lsa:GEMEINDE:15084235,"Hohenmölsen, Stadt",party:F6,13,0,250,250,0
WAHLBEZIRK->GEMEINDE,lsa:GEMEINDE:15084235,"Hohenmölsen, Stadt",party:F7,13,0,80,80,0
WAHLBEZIRK->GEMEINDE,lsa:GEMEINDE:15084235,"Hohenmölsen, Stadt",party:F8,13,0,15,15,0
WAHLBEZIRK->GEMEINDE,lsa:GEMEINDE:15084235,"Hohenmölsen, Stadt",party:F9,13,0,60,60,0
WAHLBEZIRK->GEMEINDE,lsa:GEMEINDE:15084246,Kaiserpfalz,reported_precincts,3,0,3,3,0
WAHLBEZIRK->GEMEINDE,lsa:GEMEINDE:15084246,Kaiserpfalz,total_precincts,3,0,3,3,0
WAHLBEZIRK->GEMEINDE,lsa:GEMEINDE:15084246,Kaiserpfalz,voters_total,3,0,971,971,0
WAHLBEZIRK->GEMEINDE,lsa:GEMEINDE:15084246,Kaiserpfalz,valid_votes_erst,3,0,956,956,0
WAHLBEZIRK->GEMEINDE,lsa:GEMEINDE:15084246,Kaiserpfalz,valid_votes_zweit,3,0,962,962,0
WAHLBEZIRK->GEMEINDE,lsa:GEMEINDE:15084246,Kaiserpfalz,party:D1,3,0,166,166,0
WAHLBEZIRK->GEMEINDE,lsa:GEMEINDE:15084246,Kaiserpfalz,party:D19,3,0,23,23,0
WAHLBEZIRK->GEMEINDE,lsa:GEMEINDE:15084246,Kaiserpfalz,party:D2,3,0,546,546,0
WAHLBEZIRK->GEMEINDE,lsa:GEMEINDE:15084246,Kaiserpfalz,party:D3,3,0,86,86,0
WAHLBEZIRK->GEMEINDE,lsa:GEMEINDE:15084246,Kaiserpfalz,party:D4,3,0,87,87,0
WAHLBEZIRK->GEMEINDE,lsa:GEMEINDE:15084246,Kaiserpfalz,party:D5,3,0,27,27,0
WAHLBEZIRK->GEMEINDE,lsa:GEMEINDE:15084246,Kaiserpfalz,party:D6,3,0,21,21,0
WAHLBEZIRK->GEMEINDE,lsa:GEMEINDE:15084246,Kaiserpfalz,party:F1,3,0,158,158,0
WAHLBEZIRK->GEMEINDE,lsa:GEMEINDE:15084246,Kaiserpfalz,party:F10,3,0,6,6,0
WAHLBEZIRK->GEMEINDE,lsa:GEMEINDE:15084246,Kaiserpfalz,party:F11,3,0,6,6,0
WAHLBEZIRK->GEMEINDE,lsa:GEMEINDE:15084246,Kaiserpfalz,party:F12,3,0,5,5,0
WAHLBEZIRK->GEMEINDE,lsa:GEMEINDE:15084246,Kaiserpfalz,party:F15,3,0,43,43,0
WAHLBEZIRK->GEMEINDE,lsa:GEMEINDE:15084246,Kaiserpfalz,party:F19,3,0,3,3,0
WAHLBEZIRK->GEMEINDE,lsa:GEMEINDE:15084246,Kaiserpfalz,party:F2,3,0,540,540,0
WAHLBEZIRK->GEMEINDE,lsa:GEMEINDE:15084246,Kaiserpfalz,party:F20,3,0,0,0,0
WAHLBEZIRK->GEMEINDE,lsa:GEMEINDE:15084246,Kaiserpfalz,party:F3,3,0,71,71,0
WAHLBEZIRK->GEMEINDE,lsa:GEMEINDE:15084246,Kaiserpfalz,party:F4,3,0,61,61,0
WAHLBEZIRK->GEMEINDE,lsa:GEMEINDE:15084246,Kaiserpfalz,party:F5,3,0,19,19,0
WAHLBEZIRK->GEMEINDE,lsa:GEMEINDE:15084246,Kaiserpfalz,party:F6,3,0,28,28,0
WAHLBEZIRK->GEMEINDE,lsa:GEMEINDE:15084246,Kaiserpfalz,party:F7,3,0,15,15,0
WAHLBEZIRK->GEMEINDE,lsa:GEMEINDE:15084246,Kaiserpfalz,party:F8,3,0,0,0,0
WAHLBEZIRK->GEMEINDE,lsa:GEMEINDE:15084246,Kaiserpfalz,party:F9,3,0,7,7,0
WAHLBEZIRK->GEMEINDE,lsa:GEMEINDE:15084250,Karsdorf,reported_precincts,4,0,4,4,0
WAHLBEZIRK->GEMEINDE,lsa:GEMEINDE:15084250,Karsdorf,total_precincts,4,0,4,4,0
WAHLBEZIRK->GEMEINDE,lsa:GEMEINDE:15084250,Karsdorf,voters_total,4,0,832,832,0
WAHLBEZIRK->GEMEINDE,lsa:GEMEINDE:15084250,Karsdorf,valid_votes_erst,4,0,816,816,0
WAHLBEZIRK->GEMEINDE,lsa:GEMEINDE:15084250,Karsdorf,valid_votes_zweit,4,0,819,819,0
WAHLBEZIRK->GEMEINDE,lsa:GEMEINDE:15084250,Karsdorf,party:D1,4,0,191,191,0
WAHLBEZIRK->GEMEINDE,lsa:GEMEINDE:15084250,Karsdorf,party:D2,4,0,415,415,0
WAHLBEZIRK->GEMEINDE,lsa:GEMEINDE:15084250,Karsdorf,party:D21,4,0,6,6,0
WAHLBEZIRK->GEMEINDE,lsa:GEMEINDE:15084250,Karsdorf,party:D3,4,0,104,104,0
WAHLBEZIRK->GEMEINDE,lsa:GEMEINDE:15084250,Karsdorf,party:D4,4,0,31,31,0
WAHLBEZIRK->GEMEINDE,lsa:GEMEINDE:15084250,Karsdorf,party:D5,4,0,21,21,0
WAHLBEZIRK->GEMEINDE,lsa:GEMEINDE:15084250,Karsdorf,party:D6,4,0,19,19,0
WAHLBEZIRK->GEMEINDE,lsa:GEMEINDE:15084250,Karsdorf,party:D9,4,0,29,29,0
WAHLBEZIRK->GEMEINDE,lsa:GEMEINDE:15084250,Karsdorf,party:F1,4,0,153,153,0
WAHLBEZIRK->GEMEINDE,lsa:GEMEINDE:15084250,Karsdorf,party:F10,4,0,6,6,0
WAHLBEZIRK->GEMEINDE,lsa:GEMEINDE:15084250,Karsdorf,party:F11,4,0,0,0,0
WAHLBEZIRK->GEMEINDE,lsa:GEMEINDE:15084250,Karsdorf,party:F12,4,0,2,2,0
WAHLBEZIRK->GEMEINDE,lsa:GEMEINDE:15084250,Karsdorf,party:F15,4,0,45,45,0
WAHLBEZIRK->GEMEINDE,lsa:GEMEINDE:15084250,Karsdorf,party:F19,4,0,2,2,0
WAHLBEZIRK->GEMEINDE,lsa:GEMEINDE:15084250,Karsdorf,party:F2,4,0,392,392,0
WAHLBEZIRK->GEMEINDE,lsa:GEMEINDE:15084250,Karsdorf,party:F20,4,0,4,4,0
WAHLBEZIRK->GEMEINDE,lsa:GEMEINDE:15084250,Karsdorf,party:F3,4,0,79,79,0
WAHLBEZIRK->GEMEINDE,lsa:GEMEINDE:15084250,Karsdorf,party:F4,4,0,57,57,0
WAHLBEZIRK->GEMEINDE,lsa:GEMEINDE:15084250,Karsdorf,party:F5,4,0,13,13,0
WAHLBEZIRK->GEMEINDE,lsa:GEMEINDE:15084250,Karsdorf,party:F6,4,0,32,32,0
WAHLBEZIRK->GEMEINDE,lsa:GEMEINDE:15084250,Karsdorf,party:F7,4,0,11,11,0
WAHLBEZIRK->GEMEINDE,lsa:GEMEINDE:15084250,Karsdorf,party:F8,4,0,1,1,0
WAHLBEZIRK->GEMEINDE,lsa:GEMEINDE:15084250,Karsdorf,party:F9,4,0,22,22,0
WAHLBEZIRK->GEMEINDE,lsa:GEMEINDE:15084275,Kretzschau,reported_precincts,6,0,6,6,0
WAHLBEZIRK->GEMEINDE,lsa:GEMEINDE:15084275,Kretzschau,total_precincts,6,0,6,6,0
WAHLBEZIRK->GEMEINDE,lsa:GEMEINDE:15084275,Kretzschau,voters_total,6,0,1524,1524,0
WAHLBEZIRK->GEMEINDE,lsa:GEMEINDE:15084275,Kretzschau,valid_votes_erst,6,0,1507,1507,0
WAHLBEZIRK->GEMEINDE,lsa:GEMEINDE:15084275,Kretzschau,valid_votes_zweit,6,0,1501,1501,0
WAHLBEZIRK->GEMEINDE,lsa:GEMEINDE:15084275,Kretzschau,party:D1,6,0,241,241,0
WAHLBEZIRK->GEMEINDE,lsa:GEMEINDE:15084275,Kretzschau,party:D15,6,0,58,58,0
WAHLBEZIRK->GEMEINDE,lsa:GEMEINDE:15084275,Kretzschau,party:D2,6,0,875,875,0
WAHLBEZIRK->GEMEINDE,lsa:GEMEINDE:15084275,Kretzschau,party:D20,6,0,15,15,0
WAHLBEZIRK->GEMEINDE,lsa:GEMEINDE:15084275,Kretzschau,party:D3,6,0,138,138,0
WAHLBEZIRK->GEMEINDE,lsa:GEMEINDE:15084275,Kretzschau,party:D4,6,0,75,75,0
WAHLBEZIRK->GEMEINDE,lsa:GEMEINDE:15084275,Kretzschau,party:D5,6,0,24,24,0
WAHLBEZIRK->GEMEINDE,lsa:GEMEINDE:15084275,Kretzschau,party:D6,6,0,28,28,0
WAHLBEZIRK->GEMEINDE,lsa:GEMEINDE:15084275,Kretzschau,party:D7,6,0,53,53,0
WAHLBEZIRK->GEMEINDE,lsa:GEMEINDE:15084275,Kretzschau,party:F1,6,0,212,212,0
WAHLBEZIRK->GEMEINDE,lsa:GEMEINDE:15084275,Kretzschau,party:F10,6,0,6,6,0
WAHLBEZIRK->GEMEINDE,lsa:GEMEINDE:15084275,Kretzschau,party:F11,6,0,2,2,0
WAHLBEZIRK->GEMEINDE,lsa:GEMEINDE:15084275,Kretzschau,party:F12,6,0,6,6,0
WAHLBEZIRK->GEMEINDE,lsa:GEMEINDE:15084275,Kretzschau,party:F15,6,0,51,51,0
WAHLBEZIRK->GEMEINDE,lsa:GEMEINDE:15084275,Kretzschau,party:F19,6,0,1,1,0
WAHLBEZIRK->GEMEINDE,lsa:GEMEINDE:15084275,Kretzschau,party:F2,6,0,894,894,0
WAHLBEZIRK->GEMEINDE,lsa:GEMEINDE:15084275,Kretzschau,party:F20,6,0,3,3,0
WAHLBEZIRK->GEMEINDE,lsa:GEMEINDE:15084275,Kretzschau,party:F3,6,0,112,112,0
WAHLBEZIRK->GEMEINDE,lsa:GEMEINDE:15084275,Kretzschau,party:F4,6,0,84,84,0
WAHLBEZIRK->GEMEINDE,lsa:GEMEINDE:15084275,Kretzschau,party:F5,6,0,23,23,0
WAHLBEZIRK->GEMEINDE,lsa:GEMEINDE:15084275,Kretzschau,party:F6,6,0,61,61,0
WAHLBEZIRK->GEMEINDE,lsa:GEMEINDE:15084275,Kretzschau,party:F7,6,0,31,31,0
WAHLBEZIRK->GEMEINDE,lsa:GEMEINDE:15084275,Kretzschau,party:F8,6,0,2,2,0
WAHLBEZIRK->GEMEINDE,lsa:GEMEINDE:15084275,Kretzschau,party:F9,6,0,13,13,0
WAHLBEZIRK->GEMEINDE,lsa:GEMEINDE:15084282,Lanitz-Hassel-Tal,reported_precincts,3,0,3,3,0
WAHLBEZIRK->GEMEINDE,lsa:GEMEINDE:15084282,Lanitz-Hassel-Tal,total_precincts,3,0,3,3,0
WAHLBEZIRK->GEMEINDE,lsa:GEMEINDE:15084282,Lanitz-Hassel-Tal,voters_total,3,0,678,678,0
WAHLBEZIRK->GEMEINDE,lsa:GEMEINDE:15084282,Lanitz-Hassel-Tal,valid_votes_erst,3,0,666,666,0
WAHLBEZIRK->GEMEINDE,lsa:GEMEINDE:15084282,Lanitz-Hassel-Tal,valid_votes_zweit,3,0,672,672,0
WAHLBEZIRK->GEMEINDE,lsa:GEMEINDE:15084282,Lanitz-Hassel-Tal,party:D1,3,0,148,148,0
WAHLBEZIRK->GEMEINDE,lsa:GEMEINDE:15084282,Lanitz-Hassel-Tal,party:D19,3,0,7,7,0
WAHLBEZIRK->GEMEINDE,lsa:GEMEINDE:15084282,Lanitz-Hassel-Tal,party:D2,3,0,339,339,0
WAHLBEZIRK->GEMEINDE,lsa:GEMEINDE:15084282,Lanitz-Hassel-Tal,party:D3,3,0,71,71,0
WAHLBEZIRK->GEMEINDE,lsa:GEMEINDE:15084282,Lanitz-Hassel-Tal,party:D4,3,0,45,45,0
WAHLBEZIRK->GEMEINDE,lsa:GEMEINDE:15084282,Lanitz-Hassel-Tal,party:D5,3,0,35,35,0
WAHLBEZIRK->GEMEINDE,lsa:GEMEINDE:15084282,Lanitz-Hassel-Tal,party:D6,3,0,21,21,0
WAHLBEZIRK->GEMEINDE,lsa:GEMEINDE:15084282,Lanitz-Hassel-Tal,party:F1,3,0,134,134,0
WAHLBEZIRK->GEMEINDE,lsa:GEMEINDE:15084282,Lanitz-Hassel-Tal,party:F10,3,0,4,4,0
WAHLBEZIRK->GEMEINDE,lsa:GEMEINDE:15084282,Lanitz-Hassel-Tal,party:F11,3,0,3,3,0
WAHLBEZIRK->GEMEINDE,lsa:GEMEINDE:15084282,Lanitz-Hassel-Tal,party:F12,3,0,3,3,0
WAHLBEZIRK->GEMEINDE,lsa:GEMEINDE:15084282,Lanitz-Hassel-Tal,party:F15,3,0,39,39,0
WAHLBEZIRK->GEMEINDE,lsa:GEMEINDE:15084282,Lanitz-Hassel-Tal,party:F19,3,0,4,4,0
WAHLBEZIRK->GEMEINDE,lsa:GEMEINDE:15084282,Lanitz-Hassel-Tal,party:F2,3,0,328,328,0
WAHLBEZIRK->GEMEINDE,lsa:GEMEINDE:15084282,Lanitz-Hassel-Tal,party:F20,3,0,1,1,0
WAHLBEZIRK->GEMEINDE,lsa:GEMEINDE:15084282,Lanitz-Hassel-Tal,party:F3,3,0,39,39,0
WAHLBEZIRK->GEMEINDE,lsa:GEMEINDE:15084282,Lanitz-Hassel-Tal,party:F4,3,0,46,46,0
WAHLBEZIRK->GEMEINDE,lsa:GEMEINDE:15084282,Lanitz-Hassel-Tal,party:F5,3,0,25,25,0
WAHLBEZIRK->GEMEINDE,lsa:GEMEINDE:15084282,Lanitz-Hassel-Tal,party:F6,3,0,29,29,0
WAHLBEZIRK->GEMEINDE,lsa:GEMEINDE:15084282,Lanitz-Hassel-Tal,party:F7,3,0,9,9,0
WAHLBEZIRK->GEMEINDE,lsa:GEMEINDE:15084282,Lanitz-Hassel-Tal,party:F8,3,0,1,1,0
WAHLBEZIRK->GEMEINDE,lsa:GEMEINDE:15084282,Lanitz-Hassel-Tal,party:F9,3,0,7,7,0
WAHLBEZIRK->GEMEINDE,lsa:GEMEINDE:15084285,"Laucha an der Unstrut, Stadt",reported_precincts,5,0,5,5,0
WAHLBEZIRK->GEMEINDE,lsa:GEMEINDE:15084285,"Laucha an der Unstrut, Stadt",total_precincts,5,0,5,5,0
WAHLBEZIRK->GEMEINDE,lsa:GEMEINDE:15084285,"Laucha an der Unstrut, Stadt",voters_total,5,0,1744,1744,0
WAHLBEZIRK->GEMEINDE,lsa:GEMEINDE:15084285,"Laucha an der Unstrut, Stadt",valid_votes_erst,5,0,1718,1718,0
WAHLBEZIRK->GEMEINDE,lsa:GEMEINDE:15084285,"Laucha an der Unstrut, Stadt",valid_votes_zweit,5,0,1720,1720,0
WAHLBEZIRK->GEMEINDE,lsa:GEMEINDE:15084285,"Laucha an der Unstrut, Stadt",party:D1,5,0,485,485,0
WAHLBEZIRK->GEMEINDE,lsa:GEMEINDE:15084285,"Laucha an der Unstrut, Stadt",party:D2,5,0,883,883,0
WAHLBEZIRK->GEMEINDE,lsa:GEMEINDE:15084285,"Laucha an der Unstrut, Stadt",party:D21,5,0,19,19,0
WAHLBEZIRK->GEMEINDE,lsa:GEMEINDE:15084285,"Laucha an der Unstrut, Stadt",party:D3,5,0,123,123,0
WAHLBEZIRK->GEMEINDE,lsa:GEMEINDE:15084285,"Laucha an der Unstrut, Stadt",party:D4,5,0,74,74,0
WAHLBEZIRK->GEMEINDE,lsa:GEMEINDE:15084285,"Laucha an der Unstrut, Stadt",party:D5,5,0,47,47,0
WAHLBEZIRK->GEMEINDE,lsa:GEMEINDE:15084285,"Laucha an der Unstrut, Stadt",party:D6,5,0,41,41,0
WAHLBEZIRK->GEMEINDE,lsa:GEMEINDE:15084285,"Laucha an der Unstrut, Stadt",party:D9,5,0,46,46,0
WAHLBEZIRK->GEMEINDE,lsa:GEMEINDE:15084285,"Laucha an der Unstrut, Stadt",party:F1,5,0,355,355,0
WAHLBEZIRK->GEMEINDE,lsa:GEMEINDE:15084285,"Laucha an der Unstrut, Stadt",party:F10,5,0,9,9,0
WAHLBEZIRK->GEMEINDE,lsa:GEMEINDE:15084285,"Laucha an der Unstrut, Stadt",party:F11,5,0,2,2,0
WAHLBEZIRK->GEMEINDE,lsa:GEMEINDE:15084285,"Laucha an der Unstrut, Stadt",party:F12,5,0,6,6,0
WAHLBEZIRK->GEMEINDE,lsa:GEMEINDE:15084285,"Laucha an der Unstrut, Stadt",party:F15,5,0,85,85,0
WAHLBEZIRK->GEMEINDE,lsa:GEMEINDE:15084285,"Laucha an der Unstrut, Stadt",party:F19,5,0,1,1,0
WAHLBEZIRK->GEMEINDE,lsa:GEMEINDE:15084285,"Laucha an der Unstrut, Stadt",party:F2,5,0,864,864,0
WAHLBEZIRK->GEMEINDE,lsa:GEMEINDE:15084285,"Laucha an der Unstrut, Stadt",party:F20,5,0,1,1,0
WAHLBEZIRK->GEMEINDE,lsa:GEMEINDE:15084285,"Laucha an der Unstrut, Stadt",party:F3,5,0,110,110,0
WAHLBEZIRK->GEMEINDE,lsa:GEMEINDE:15084285,"Laucha an der Unstrut, Stadt",party:F4,5,0,99,99,0
WAHLBEZIRK->GEMEINDE,lsa:GEMEINDE:15084285,"Laucha an der Unstrut, Stadt",party:F5,5,0,56,56,0
WAHLBEZIRK->GEMEINDE,lsa:GEMEINDE:15084285,"Laucha an der Unstrut, Stadt",party:F6,5,0,77,77,0
WAHLBEZIRK->GEMEINDE,lsa:GEMEINDE:15084285,"Laucha an der Unstrut, Stadt",party:F7,5,0,18,18,0
WAHLBEZIRK->GEMEINDE,lsa:GEMEINDE:15084285,"Laucha an der Unstrut, Stadt",party:F8,5,0,8,8,0
WAHLBEZIRK->GEMEINDE,lsa:GEMEINDE:15084285,"Laucha an der Unstrut, Stadt",party:F9,5,0,29,29,0
WAHLBEZIRK->GEMEINDE,lsa:GEMEINDE:15084315,"Lützen, Stadt",reported_precincts,22,0,22,22,0
WAHLBEZIRK->GEMEINDE,lsa:GEMEINDE:15084315,"Lützen, Stadt",total_precincts,22,0,22,22,0
WAHLBEZIRK->GEMEINDE,lsa:GEMEINDE:15084315,"Lützen, Stadt",voters_total,22,0,5695,5695,0
WAHLBEZIRK->GEMEINDE,lsa:GEMEINDE:15084315,"Lützen, Stadt",valid_votes_erst,22,0,5618,5618,0
WAHLBEZIRK->GEMEINDE,lsa:GEMEINDE:15084315,"Lützen, Stadt",valid_votes_zweit,22,0,5638,5638,0
WAHLBEZIRK->GEMEINDE,lsa:GEMEINDE:15084315,"Lützen, Stadt",party:D1,22,0,1221,1221,0
WAHLBEZIRK->GEMEINDE,lsa:GEMEINDE:15084315,"Lützen, Stadt",party:D2,22,0,3037,3037,0
WAHLBEZIRK->GEMEINDE,lsa:GEMEINDE:15084315,"Lützen, Stadt",party:D3,22,0,462,462,0
WAHLBEZIRK->GEMEINDE,lsa:GEMEINDE:15084315,"Lützen, Stadt",party:D4,22,0,605,605,0
WAHLBEZIRK->GEMEINDE,lsa:GEMEINDE:15084315,"Lützen, Stadt",party:D5,22,0,176,176,0
WAHLBEZIRK->GEMEINDE,lsa:GEMEINDE:15084315,"Lützen, Stadt",party:D6,22,0,117,117,0
WAHLBEZIRK->GEMEINDE,lsa:GEMEINDE:15084315,"Lützen, Stadt",party:F1,22,0,933,933,0
WAHLBEZIRK->GEMEINDE,lsa:GEMEINDE:15084315,"Lützen, Stadt",party:F10,22,0,23,23,0
WAHLBEZIRK->GEMEINDE,lsa:GEMEINDE:15084315,"Lützen, Stadt",party:F11,22,0,21,21,0
WAHLBEZIRK->GEMEINDE,lsa:GEMEINDE:15084315,"Lützen, Stadt",party:F12,22,0,27,27,0
WAHLBEZIRK->GEMEINDE,lsa:GEMEINDE:15084315,"Lützen, Stadt",party:F15,22,0,251,251,0
WAHLBEZIRK->GEMEINDE,lsa:GEMEINDE:15084315,"Lützen, Stadt",party:F19,22,0,12,12,0
WAHLBEZIRK->GEMEINDE,lsa:GEMEINDE:15084315,"Lützen, Stadt",party:F2,22,0,3041,3041,0
WAHLBEZIRK->GEMEINDE,lsa:GEMEINDE:15084315,"Lützen, Stadt",party:F20,22,0,17,17,0
WAHLBEZIRK->GEMEINDE,lsa:GEMEINDE:15084315,"Lützen, Stadt",party:F3,22,0,368,368,0
WAHLBEZIRK->GEMEINDE,lsa:GEMEINDE:15084315,"Lützen, Stadt",party:F4,22,0,404,404,0
WAHLBEZIRK->GEMEINDE,lsa:GEMEINDE:15084315,"Lützen, Stadt",party:F5,22,0,129,129,0
WAHLBEZIRK->GEMEINDE,lsa:GEMEINDE:15084315,"Lützen, Stadt",party:F6,22,0,302,302,0
WAHLBEZIRK->GEMEINDE,lsa:GEMEINDE:15084315,"Lützen, Stadt",party:F7,22,0,55,55,0
WAHLBEZIRK->GEMEINDE,lsa:GEMEINDE:15084315,"Lützen, Stadt",party:F8,22,0,3,3,0
WAHLBEZIRK->GEMEINDE,lsa:GEMEINDE:15084315,"Lützen, Stadt",party:F9,22,0,52,52,0
WAHLBEZIRK->GEMEINDE,lsa:GEMEINDE:15084335,Mertendorf,reported_precincts,3,0,3,3,0
WAHLBEZIRK->GEMEINDE,lsa:GEMEINDE:15084335,Mertendorf,total_precincts,3,0,3,3,0
WAHLBEZIRK->GEMEINDE,lsa:GEMEINDE:15084335,Mertendorf,voters_total,3,0,1070,1070,0
WAHLBEZIRK->GEMEINDE,lsa:GEMEINDE:15084335,Mertendorf,valid_votes_erst,3,0,1053,1053,0
WAHLBEZIRK->GEMEINDE,lsa:GEMEINDE:15084335,Mertendorf,valid_votes_zweit,3,0,1058,1058,0
WAHLBEZIRK->GEMEINDE,lsa:GEMEINDE:15084335,Mertendorf,party:D1,3,0,267,267,0
WAHLBEZIRK->GEMEINDE,lsa:GEMEINDE:15084335,Mertendorf,party:D2,3,0,575,575,0
WAHLBEZIRK->GEMEINDE,lsa:GEMEINDE:15084335,Mertendorf,party:D21,3,0,14,14,0
WAHLBEZIRK->GEMEINDE,lsa:GEMEINDE:15084335,Mertendorf,party:D3,3,0,69,69,0
WAHLBEZIRK->GEMEINDE,lsa:GEMEINDE:15084335,Mertendorf,party:D4,3,0,35,35,0
WAHLBEZIRK->GEMEINDE,lsa:GEMEINDE:15084335,Mertendorf,party:D5,3,0,30,30,0
WAHLBEZIRK->GEMEINDE,lsa:GEMEINDE:15084335,Mertendorf,party:D6,3,0,29,29,0
WAHLBEZIRK->GEMEINDE,lsa:GEMEINDE:15084335,Mertendorf,party:D9,3,0,34,34,0
WAHLBEZIRK->GEMEINDE,lsa:GEMEINDE:15084335,Mertendorf,party:F1,3,0,170,170,0
WAHLBEZIRK->GEMEINDE,lsa:GEMEINDE:15084335,Mertendorf,party:F10,3,0,6,6,0
WAHLBEZIRK->GEMEINDE,lsa:GEMEINDE:15084335,Mertendorf,party:F11,3,0,0,0,0
WAHLBEZIRK->GEMEINDE,lsa:GEMEINDE:15084335,Mertendorf,party:F12,3,0,2,2,0
WAHLBEZIRK->GEMEINDE,lsa:GEMEINDE:15084335,Mertendorf,party:F15,3,0,61,61,0
WAHLBEZIRK->GEMEINDE,lsa:GEMEINDE:15084335,Mertendorf,party:F19,3,0,1,1,0
WAHLBEZIRK->GEMEINDE,lsa:GEMEINDE:15084335,Mertendorf,party:F2,3,0,563,563,0
WAHLBEZIRK->GEMEINDE,lsa:GEMEINDE:15084335,Mertendorf,party:F20,3,0,5,5,0
WAHLBEZIRK->GEMEINDE,lsa:GEMEINDE:15084335,Mertendorf,party:F3,3,0,75,75,0
WAHLBEZIRK->GEMEINDE,lsa:GEMEINDE:15084335,Mertendorf,party:F4,3,0,59,59,0
WAHLBEZIRK->GEMEINDE,lsa:GEMEINDE:15084335,Mertendorf,party:F5,3,0,21,21,0
WAHLBEZIRK->GEMEINDE,lsa:GEMEINDE:15084335,Mertendorf,party:F6,3,0,57,57,0
WAHLBEZIRK->GEMEINDE,lsa:GEMEINDE:15084335,Mertendorf,party:F7,3,0,12,12,0
WAHLBEZIRK->GEMEINDE,lsa:GEMEINDE:15084335,Mertendorf,party:F8,3,0,0,0,0
WAHLBEZIRK->GEMEINDE,lsa:GEMEINDE:15084335,Mertendorf,party:F9,3,0,26,26,0
WAHLBEZIRK->GEMEINDE,lsa:GEMEINDE:15084341,Molauer Land,reported_precincts,2,0,2,2,0
WAHLBEZIRK->GEMEINDE,lsa:GEMEINDE:15084341,Molauer Land,total_precincts,2,0,2,2,0
WAHLBEZIRK->GEMEINDE,lsa:GEMEINDE:15084341,Molauer Land,voters_total,2,0,655,655,0
WAHLBEZIRK->GEMEINDE,lsa:GEMEINDE:15084341,Molauer Land,valid_votes_erst,2,0,652,652,0
WAHLBEZIRK->GEMEINDE,lsa:GEMEINDE:15084341,Molauer Land,valid_votes_zweit,2,0,649,649,0
WAHLBEZIRK->GEMEINDE,lsa:GEMEINDE:15084341,Molauer Land,party:D1,2,0,167,167,0
WAHLBEZIRK->GEMEINDE,lsa:GEMEINDE:15084341,Molauer Land,party:D2,2,0,343,343,0
WAHLBEZIRK->GEMEINDE,lsa:GEMEINDE:15084341,Molauer Land,party:D21,2,0,6,6,0
WAHLBEZIRK->GEMEINDE,lsa:GEMEINDE:15084341,Molauer Land,party:D3,2,0,57,57,0
WAHLBEZIRK->GEMEINDE,lsa:GEMEINDE:15084341,Molauer Land,party:D4,2,0,21,21,0
WAHLBEZIRK->GEMEINDE,lsa:GEMEINDE:15084341,Molauer Land,party:D5,2,0,22,22,0
WAHLBEZIRK->GEMEINDE,lsa:GEMEINDE:15084341,Molauer Land,party:D6,2,0,11,11,0
WAHLBEZIRK->GEMEINDE,lsa:GEMEINDE:15084341,Molauer Land,party:D9,2,0,25,25,0
WAHLBEZIRK->GEMEINDE,lsa:GEMEINDE:15084341,Molauer Land,party:F1,2,0,113,113,0
WAHLBEZIRK->GEMEINDE,lsa:GEMEINDE:15084341,Molauer Land,party:F10,2,0,7,7,0
WAHLBEZIRK->GEMEINDE,lsa:GEMEINDE:15084341,Molauer Land,party:F11,2,0,0,0,0
WAHLBEZIRK->GEMEINDE,lsa:GEMEINDE:15084341,Molauer Land,party:F12,2,0,3,3,0
WAHLBEZIRK->GEMEINDE,lsa:GEMEINDE:15084341,Molauer Land,party:F15,2,0,27,27,0
WAHLBEZIRK->GEMEINDE,lsa:GEMEINDE:15084341,Molauer Land,party:F19,2,0,2,2,0
WAHLBEZIRK->GEMEINDE,lsa:GEMEINDE:15084341,Molauer Land,party:F2,2,0,341,341,0
WAHLBEZIRK->GEMEINDE,lsa:GEMEINDE:15084341,Molauer Land,party:F20,2,0,3,3,0
WAHLBEZIRK->GEMEINDE,lsa:GEMEINDE:15084341,Molauer Land,party:F3,2,0,41,41,0
WAHLBEZIRK->GEMEINDE,lsa:GEMEINDE:15084341,Molauer Land,party:F4,2,0,33,33,0
WAHLBEZIRK->GEMEINDE,lsa:GEMEINDE:15084341,Molauer Land,party:F5,2,0,13,13,0
WAHLBEZIRK->GEMEINDE,lsa:GEMEINDE:15084341,Molauer Land,party:F6,2,0,35,35,0
WAHLBEZIRK->GEMEINDE,lsa:GEMEINDE:15084341,Molauer Land,party:F7,2,0,13,13,0
WAHLBEZIRK->GEMEINDE,lsa:GEMEINDE:15084341,Molauer Land,party:F8,2,0,3,3,0
WAHLBEZIRK->GEMEINDE,lsa:GEMEINDE:15084341,Molauer Land,party:F9,2,0,15,15,0
WAHLBEZIRK->GEMEINDE,lsa:GEMEINDE:15084355,"Naumburg (Saale), Stadt",reported_precincts,31,0,31,31,0
WAHLBEZIRK->GEMEINDE,lsa:GEMEINDE:15084355,"Naumburg (Saale), Stadt",total_precincts,31,0,31,31,0
WAHLBEZIRK->GEMEINDE,lsa:GEMEINDE:15084355,"Naumburg (Saale), Stadt",voters_total,31,0,19372,19372,0
WAHLBEZIRK->GEMEINDE,lsa:GEMEINDE:15084355,"Naumburg (Saale), Stadt",valid_votes_erst,31,0,19193,19193,0
WAHLBEZIRK->GEMEINDE,lsa:GEMEINDE:15084355,"Naumburg (Saale), Stadt",valid_votes_zweit,31,0,19212,19212,0
WAHLBEZIRK->GEMEINDE,lsa:GEMEINDE:15084355,"Naumburg (Saale), Stadt",party:D1,31,0,6014,6014,0
WAHLBEZIRK->GEMEINDE,lsa:GEMEINDE:15084355,"Naumburg (Saale), Stadt",party:D2,31,0,8435,8435,0
WAHLBEZIRK->GEMEINDE,lsa:GEMEINDE:15084355,"Naumburg (Saale), Stadt",party:D21,31,0,147,147,0
WAHLBEZIRK->GEMEINDE,lsa:GEMEINDE:15084355,"Naumburg (Saale), Stadt",party:D3,31,0,1829,1829,0
WAHLBEZIRK->GEMEINDE,lsa:GEMEINDE:15084355,"Naumburg (Saale), Stadt",party:D4,31,0,856,856,0
WAHLBEZIRK->GEMEINDE,lsa:GEMEINDE:15084355,"Naumburg (Saale), Stadt",party:D5,31,0,492,492,0
WAHLBEZIRK->GEMEINDE,lsa:GEMEINDE:15084355,"Naumburg (Saale), Stadt",party:D6,31,0,754,754,0
WAHLBEZIRK->GEMEINDE,lsa:GEMEINDE:15084355,"Naumburg (Saale), Stadt",party:D9,31,0,666,666,0
WAHLBEZIRK->GEMEINDE,lsa:GEMEINDE:15084355,"Naumburg (Saale), Stadt",party:F1,31,0,3487,3487,0
WAHLBEZIRK->GEMEINDE,lsa:GEMEINDE:15084355,"Naumburg (Saale), Stadt",party:F10,31,0,71,71,0
WAHLBEZIRK->GEMEINDE,lsa:GEMEINDE:15084355,"Naumburg (Saale), Stadt",party:F11,31,0,43,43,0
WAHLBEZIRK->GEMEINDE,lsa:GEMEINDE:15084355,"Naumburg (Saale), Stadt",party:F12,31,0,96,96,0
WAHLBEZIRK->GEMEINDE,lsa:GEMEINDE:15084355,"Naumburg (Saale), Stadt",party:F15,31,0,922,922,0
WAHLBEZIRK->GEMEINDE,lsa:GEMEINDE:15084355,"Naumburg (Saale), Stadt",party:F19,31,0,52,52,0
WAHLBEZIRK->GEMEINDE,lsa:GEMEINDE:15084355,"Naumburg (Saale), Stadt",party:F2,31,0,8436,8436,0
WAHLBEZIRK->GEMEINDE,lsa:GEMEINDE:15084355,"Naumburg (Saale), Stadt",party:F20,31,0,57,57,0
WAHLBEZIRK->GEMEINDE,lsa:GEMEINDE:15084355,"Naumburg (Saale), Stadt",party:F3,31,0,1703,1703,0
WAHLBEZIRK->GEMEINDE,lsa:GEMEINDE:15084355,"Naumburg (Saale), Stadt",party:F4,31,0,1551,1551,0
WAHLBEZIRK->GEMEINDE,lsa:GEMEINDE:15084355,"Naumburg (Saale), Stadt",party:F5,31,0,496,496,0
WAHLBEZIRK->GEMEINDE,lsa:GEMEINDE:15084355,"Naumburg (Saale), Stadt",party:F6,31,0,1672,1672,0
WAHLBEZIRK->GEMEINDE,lsa:GEMEINDE:15084355,"Naumburg (Saale), Stadt",party:F7,31,0,187,187,0
WAHLBEZIRK->GEMEINDE,lsa:GEMEINDE:15084355,"Naumburg (Saale), Stadt",party:F8,31,0,60,60,0
WAHLBEZIRK->GEMEINDE,lsa:GEMEINDE:15084355,"Naumburg (Saale), Stadt",party:F9,31,0,379,379,0
WAHLBEZIRK->GEMEINDE,lsa:GEMEINDE:15084360,"Nebra (Unstrut), Stadt",reported_precincts,4,0,4,4,0
WAHLBEZIRK->GEMEINDE,lsa:GEMEINDE:15084360,"Nebra (Unstrut), Stadt",total_precincts,4,0,4,4,0
WAHLBEZIRK->GEMEINDE,lsa:GEMEINDE:15084360,"Nebra (Unstrut), Stadt",voters_total,4,0,1848,1848,0
WAHLBEZIRK->GEMEINDE,lsa:GEMEINDE:15084360,"Nebra (Unstrut), Stadt",valid_votes_erst,4,0,1816,1816,0
WAHLBEZIRK->GEMEINDE,lsa:GEMEINDE:15084360,"Nebra (Unstrut), Stadt",valid_votes_zweit,4,0,1818,1818,0
WAHLBEZIRK->GEMEINDE,lsa:GEMEINDE:15084360,"Nebra (Unstrut), Stadt",party:D1,4,0,399,399,0
WAHLBEZIRK->GEMEINDE,lsa:GEMEINDE:15084360,"Nebra (Unstrut), Stadt",party:D2,4,0,1036,1036,0
WAHLBEZIRK->GEMEINDE,lsa:GEMEINDE:15084360,"Nebra (Unstrut), Stadt",party:D21,4,0,18,18,0
WAHLBEZIRK->GEMEINDE,lsa:GEMEINDE:15084360,"Nebra (Unstrut), Stadt",party:D3,4,0,157,157,0
WAHLBEZIRK->GEMEINDE,lsa:GEMEINDE:15084360,"Nebra (Unstrut), Stadt",party:D4,4,0,82,82,0
WAHLBEZIRK->GEMEINDE,lsa:GEMEINDE:15084360,"Nebra (Unstrut), Stadt",party:D5,4,0,44,44,0
WAHLBEZIRK->GEMEINDE,lsa:GEMEINDE:15084360,"Nebra (Unstrut), Stadt",party:D6,4,0,27,27,0
WAHLBEZIRK->GEMEINDE,lsa:GEMEINDE:15084360,"Nebra (Unstrut), Stadt",party:D9,4,0,53,53,0
WAHLBEZIRK->GEMEINDE,lsa:GEMEINDE:15084360,"Nebra (Unstrut), Stadt",party:F1,4,0,329,329,0
WAHLBEZIRK->GEMEINDE,lsa:GEMEINDE:15084360,"Nebra (Unstrut), Stadt",party:F10,4,0,9,9,0
WAHLBEZIRK->GEMEINDE,lsa:GEMEINDE:15084360,"Nebra (Unstrut), Stadt",party:F11,4,0,5,5,0
WAHLBEZIRK->GEMEINDE,lsa:GEMEINDE:15084360,"Nebra (Unstrut), Stadt",party:F12,4,0,11,11,0
WAHLBEZIRK->GEMEINDE,lsa:GEMEINDE:15084360,"Nebra (Unstrut), Stadt",party:F15,4,0,83,83,0
WAHLBEZIRK->GEMEINDE,lsa:GEMEINDE:15084360,"Nebra (Unstrut), Stadt",party:F19,4,0,2,2,0
WAHLBEZIRK->GEMEINDE,lsa:GEMEINDE:15084360,"Nebra (Unstrut), Stadt",party:F2,4,0,1004,1004,0
WAHLBEZIRK->GEMEINDE,lsa:GEMEINDE:15084360,"Nebra (Unstrut), Stadt",party:F20,4,0,2,2,0
WAHLBEZIRK->GEMEINDE,lsa:GEMEINDE:15084360,"Nebra (Unstrut), Stadt",party:F3,4,0,137,137,0
WAHLBEZIRK->GEMEINDE,lsa:GEMEINDE:15084360,"Nebra (Unstrut), Stadt",party:F4,4,0,102,102,0
WAHLBEZIRK->GEMEINDE,lsa:GEMEINDE:15084360,"Nebra (Unstrut), Stadt",party:F5,4,0,40,40,0
WAHLBEZIRK->GEMEINDE,lsa:GEMEINDE:15084360,"Nebra (Unstrut), Stadt",party:F6,4,0,48,48,0
WAHLBEZIRK->GEMEINDE,lsa:GEMEINDE:15084360,"Nebra (Unstrut), Stadt",party:F7,4,0,18,18,0
WAHLBEZIRK->GEMEINDE,lsa:GEMEINDE:15084360,"Nebra (Unstrut), Stadt",party:F8,4,0,0,0,0
WAHLBEZIRK->GEMEINDE,lsa:GEMEINDE:15084360,"Nebra (Unstrut), Stadt",party:F9,4,0,28,28,0
WAHLBEZIRK->GEMEINDE,lsa:GEMEINDE:15084375,"Osterfeld, Stadt",reported_precincts,3,0,3,3,0
WAHLBEZIRK->GEMEINDE,lsa:GEMEINDE:15084375,"Osterfeld, Stadt",total_precincts,3,0,3,3,0
WAHLBEZIRK->GEMEINDE,lsa:GEMEINDE:15084375,"Osterfeld, Stadt",voters_total,3,0,1501,1501,0
WAHLBEZIRK->GEMEINDE,lsa:GEMEINDE:15084375,"Osterfeld, Stadt",valid_votes_erst,3,0,1484,1484,0
WAHLBEZIRK->GEMEINDE,lsa:GEMEINDE:15084375,"Osterfeld, Stadt",valid_votes_zweit,3,0,1490,1490,0
WAHLBEZIRK->GEMEINDE,lsa:GEMEINDE:15084375,"Osterfeld, Stadt",party:D1,3,0,395,395,0
WAHLBEZIRK->GEMEINDE,lsa:GEMEINDE:15084375,"Osterfeld, Stadt",party:D2,3,0,750,750,0
WAHLBEZIRK->GEMEINDE,lsa:GEMEINDE:15084375,"Osterfeld, Stadt",party:D21,3,0,11,11,0
WAHLBEZIRK->GEMEINDE,lsa:GEMEINDE:15084375,"Osterfeld, Stadt",party:D3,3,0,138,138,0
WAHLBEZIRK->GEMEINDE,lsa:GEMEINDE:15084375,"Osterfeld, Stadt",party:D4,3,0,76,76,0
WAHLBEZIRK->GEMEINDE,lsa:GEMEINDE:15084375,"Osterfeld, Stadt",party:D5,3,0,44,44,0
WAHLBEZIRK->GEMEINDE,lsa:GEMEINDE:15084375,"Osterfeld, Stadt",party:D6,3,0,21,21,0
WAHLBEZIRK->GEMEINDE,lsa:GEMEINDE:15084375,"Osterfeld, Stadt",party:D9,3,0,49,49,0
WAHLBEZIRK->GEMEINDE,lsa:GEMEINDE:15084375,"Osterfeld, Stadt",party:F1,3,0,296,296,0
WAHLBEZIRK->GEMEINDE,lsa:GEMEINDE:15084375,"Osterfeld, Stadt",party:F10,3,0,6,6,0
WAHLBEZIRK->GEMEINDE,lsa:GEMEINDE:15084375,"Osterfeld, Stadt",party:F11,3,0,4,4,0
WAHLBEZIRK->GEMEINDE,lsa:GEMEINDE:15084375,"Osterfeld, Stadt",party:F12,3,0,5,5,0
WAHLBEZIRK->GEMEINDE,lsa:GEMEINDE:15084375,"Osterfeld, Stadt",party:F15,3,0,63,63,0
WAHLBEZIRK->GEMEINDE,lsa:GEMEINDE:15084375,"Osterfeld, Stadt",party:F19,3,0,3,3,0
WAHLBEZIRK->GEMEINDE,lsa:GEMEINDE:15084375,"Osterfeld, Stadt",party:F2,3,0,732,732,0
WAHLBEZIRK->GEMEINDE,lsa:GEMEINDE:15084375,"Osterfeld, Stadt",party:F20,3,0,8,8,0
WAHLBEZIRK->GEMEINDE,lsa:GEMEINDE:15084375,"Osterfeld, Stadt",party:F3,3,0,121,121,0
WAHLBEZIRK->GEMEINDE,lsa:GEMEINDE:15084375,"Osterfeld, Stadt",party:F4,3,0,96,96,0
WAHLBEZIRK->GEMEINDE,lsa:GEMEINDE:15084375,"Osterfeld, Stadt",party:F5,3,0,57,57,0
WAHLBEZIRK->GEMEINDE,lsa:GEMEINDE:15084375,"Osterfeld, Stadt",party:F6,3,0,52,52,0
WAHLBEZIRK->GEMEINDE,lsa:GEMEINDE:15084375,"Osterfeld, Stadt",party:F7,3,0,13,13,0
WAHLBEZIRK->GEMEINDE,lsa:GEMEINDE:15084375,"Osterfeld, Stadt",party:F8,3,0,6,6,0
WAHLBEZIRK->GEMEINDE,lsa:GEMEINDE:15084375,"Osterfeld, Stadt",party:F9,3,0,28,28,0
WAHLBEZIRK->GEMEINDE,lsa:GEMEINDE:15084442,Schnaudertal,reported_precincts,6,0,6,6,0
WAHLBEZIRK->GEMEINDE,lsa:GEMEINDE:15084442,Schnaudertal,total_precincts,6,0,6,6,0
WAHLBEZIRK->GEMEINDE,lsa:GEMEINDE:15084442,Schnaudertal,voters_total,6,0,629,629,0
WAHLBEZIRK->GEMEINDE,lsa:GEMEINDE:15084442,Schnaudertal,valid_votes_erst,6,0,622,622,0
WAHLBEZIRK->GEMEINDE,lsa:GEMEINDE:15084442,Schnaudertal,valid_votes_zweit,6,0,624,624,0
WAHLBEZIRK->GEMEINDE,lsa:GEMEINDE:15084442,Schnaudertal,party:D1,6,0,94,94,0
WAHLBEZIRK->GEMEINDE,lsa:GEMEINDE:15084442,Schnaudertal,party:D15,6,0,14,14,0
WAHLBEZIRK->GEMEINDE,lsa:GEMEINDE:15084442,Schnaudertal,party:D2,6,0,411,411,0
WAHLBEZIRK->GEMEINDE,lsa:GEMEINDE:15084442,Schnaudertal,party:D20,6,0,11,11,0
WAHLBEZIRK->GEMEINDE,lsa:GEMEINDE:15084442,Schnaudertal,party:D3,6,0,32,32,0
WAHLBEZIRK->GEMEINDE,lsa:GEMEINDE:15084442,Schnaudertal,party:D4,6,0,27,27,0
WAHLBEZIRK->GEMEINDE,lsa:GEMEINDE:15084442,Schnaudertal,party:D5,6,0,14,14,0
WAHLBEZIRK->GEMEINDE,lsa:GEMEINDE:15084442,Schnaudertal,party:D6,6,0,4,4,0
WAHLBEZIRK->GEMEINDE,lsa:GEMEINDE:15084442,Schnaudertal,party:D7,6,0,15,15,0
WAHLBEZIRK->GEMEINDE,lsa:GEMEINDE:15084442,Schnaudertal,party:F1,6,0,88,88,0
WAHLBEZIRK->GEMEINDE,lsa:GEMEINDE:15084442,Schnaudertal,party:F10,6,0,6,6,0
WAHLBEZIRK->GEMEINDE,lsa:GEMEINDE:15084442,Schnaudertal,party:F11,6,0,2,2,0
WAHLBEZIRK->GEMEINDE,lsa:GEMEINDE:15084442,Schnaudertal,party:F12,6,0,4,4,0
WAHLBEZIRK->GEMEINDE,lsa:GEMEINDE:15084442,Schnaudertal,party:F15,6,0,15,15,0
WAHLBEZIRK->GEMEINDE,lsa:GEMEINDE:15084442,Schnaudertal,party:F19,6,0,0,0,0
WAHLBEZIRK->GEMEINDE,lsa:GEMEINDE:15084442,Schnaudertal,party:F2,6,0,404,404,0
WAHLBEZIRK->GEMEINDE,lsa:GEMEINDE:15084442,Schnaudertal,party:F20,6,0,4,4,0
WAHLBEZIRK->GEMEINDE,lsa:GEMEINDE:15084442,Schnaudertal,party:F3,6,0,26,26,0
WAHLBEZIRK->GEMEINDE,lsa:GEMEINDE:15084442,Schnaudertal,party:F4,6,0,35,35,0
WAHLBEZIRK->GEMEINDE,lsa:GEMEINDE:15084442,Schnaudertal,party:F5,6,0,10,10,0
WAHLBEZIRK->GEMEINDE,lsa:GEMEINDE:15084442,Schnaudertal,party:F6,6,0,11,11,0
WAHLBEZIRK->GEMEINDE,lsa:GEMEINDE:15084442,Schnaudertal,party:F7,6,0,13,13,0
WAHLBEZIRK->GEMEINDE,lsa:GEMEINDE:15084442,Schnaudertal,party:F8,6,0,3,3,0
WAHLBEZIRK->GEMEINDE,lsa:GEMEINDE:15084442,Schnaudertal,party:F9,6,0,3,3,0
WAHLBEZIRK->GEMEINDE,lsa:GEMEINDE:15084445,Schönburg,reported_precincts,2,0,2,2,0
WAHLBEZIRK->GEMEINDE,lsa:GEMEINDE:15084445,Schönburg,total_precincts,2,0,2,2,0
WAHLBEZIRK->GEMEINDE,lsa:GEMEINDE:15084445,Schönburg,voters_total,2,0,715,715,0
WAHLBEZIRK->GEMEINDE,lsa:GEMEINDE:15084445,Schönburg,valid_votes_erst,2,0,706,706,0
WAHLBEZIRK->GEMEINDE,lsa:GEMEINDE:15084445,Schönburg,valid_votes_zweit,2,0,712,712,0
WAHLBEZIRK->GEMEINDE,lsa:GEMEINDE:15084445,Schönburg,party:D1,2,0,195,195,0
WAHLBEZIRK->GEMEINDE,lsa:GEMEINDE:15084445,Schönburg,party:D2,2,0,368,368,0
WAHLBEZIRK->GEMEINDE,lsa:GEMEINDE:15084445,Schönburg,party:D21,2,0,3,3,0
WAHLBEZIRK->GEMEINDE,lsa:GEMEINDE:15084445,Schönburg,party:D3,2,0,48,48,0
WAHLBEZIRK->GEMEINDE,lsa:GEMEINDE:15084445,Schönburg,party:D4,2,0,13,13,0
WAHLBEZIRK->GEMEINDE,lsa:GEMEINDE:15084445,Schönburg,party:D5,2,0,27,27,0
WAHLBEZIRK->GEMEINDE,lsa:GEMEINDE:15084445,Schönburg,party:D6,2,0,24,24,0
WAHLBEZIRK->GEMEINDE,lsa:GEMEINDE:15084445,Schönburg,party:D9,2,0,28,28,0
WAHLBEZIRK->GEMEINDE,lsa:GEMEINDE:15084445,Schönburg,party:F1,2,0,119,119,0
WAHLBEZIRK->GEMEINDE,lsa:GEMEINDE:15084445,Schönburg,party:F10,2,0,5,5,0
WAHLBEZIRK->GEMEINDE,lsa:GEMEINDE:15084445,Schönburg,party:F11,2,0,4,4,0
WAHLBEZIRK->GEMEINDE,lsa:GEMEINDE:15084445,Schönburg,party:F12,2,0,2,2,0
WAHLBEZIRK->GEMEINDE,lsa:GEMEINDE:15084445,Schönburg,party:F15,2,0,34,34,0
WAHLBEZIRK->GEMEINDE,lsa:GEMEINDE:15084445,Schönburg,party:F19,2,0,0,0,0
WAHLBEZIRK->GEMEINDE,lsa:GEMEINDE:15084445,Schönburg,party:F2,2,0,373,373,0
WAHLBEZIRK->GEMEINDE,lsa:GEMEINDE:15084445,Schönburg,party:F20,2,0,1,1,0
WAHLBEZIRK->GEMEINDE,lsa:GEMEINDE:15084445,Schönburg,party:F3,2,0,42,42,0
WAHLBEZIRK->GEMEINDE,lsa:GEMEINDE:15084445,Schönburg,party:F4,2,0,34,34,0
WAHLBEZIRK->GEMEINDE,lsa:GEMEINDE:15084445,Schönburg,party:F5,2,0,34,34,0
WAHLBEZIRK->GEMEINDE,lsa:GEMEINDE:15084445,Schönburg,party:F6,2,0,41,41,0
WAHLBEZIRK->GEMEINDE,lsa:GEMEINDE:15084445,Schönburg,party:F7,2,0,8,8,0
WAHLBEZIRK->GEMEINDE,lsa:GEMEINDE:15084445,Schönburg,party:F8,2,0,0,0,0
WAHLBEZIRK->GEMEINDE,lsa:GEMEINDE:15084445,Schönburg,party:F9,2,0,15,15,0
WAHLBEZIRK->GEMEINDE,lsa:GEMEINDE:15084470,"Stößen, Stadt",reported_precincts,2,0,2,2,0
WAHLBEZIRK->GEMEINDE,lsa:GEMEINDE:15084470,"Stößen, Stadt",total_precincts,2,0,2,2,0
WAHLBEZIRK->GEMEINDE,lsa:GEMEINDE:15084470,"Stößen, Stadt",voters_total,2,0,561,561,0
WAHLBEZIRK->GEMEINDE,lsa:GEMEINDE:15084470,"Stößen, Stadt",valid_votes_erst,2,0,559,559,0
WAHLBEZIRK->GEMEINDE,lsa:GEMEINDE:15084470,"Stößen, Stadt",valid_votes_zweit,2,0,559,559,0
WAHLBEZIRK->GEMEINDE,lsa:GEMEINDE:15084470,"Stößen, Stadt",party:D1,2,0,171,171,0
WAHLBEZIRK->GEMEINDE,lsa:GEMEINDE:15084470,"Stößen, Stadt",party:D2,2,0,286,286,0
WAHLBEZIRK->GEMEINDE,lsa:GEMEINDE:15084470,"Stößen, Stadt",party:D21,2,0,2,2,0
WAHLBEZIRK->GEMEINDE,lsa:GEMEINDE:15084470,"Stößen, Stadt",party:D3,2,0,37,37,0
WAHLBEZIRK->GEMEINDE,lsa:GEMEINDE:15084470,"Stößen, Stadt",party:D4,2,0,23,23,0
WAHLBEZIRK->GEMEINDE,lsa:GEMEINDE:15084470,"Stößen, Stadt",party:D5,2,0,14,14,0
WAHLBEZIRK->GEMEINDE,lsa:GEMEINDE:15084470,"Stößen, Stadt",party:D6,2,0,11,11,0
WAHLBEZIRK->GEMEINDE,lsa:GEMEINDE:15084470,"Stößen, Stadt",party:D9,2,0,15,15,0
WAHLBEZIRK->GEMEINDE,lsa:GEMEINDE:15084470,"Stößen, Stadt",party:F1,2,0,105,105,0
WAHLBEZIRK->GEMEINDE,lsa:GEMEINDE:15084470,"Stößen, Stadt",party:F10,2,0,2,2,0
WAHLBEZIRK->GEMEINDE,lsa:GEMEINDE:15084470,"Stößen, Stadt",party:F11,2,0,0,0,0
WAHLBEZIRK->GEMEINDE,lsa:GEMEINDE:15084470,"Stößen, Stadt",party:F12,2,0,4,4,0
WAHLBEZIRK->GEMEINDE,lsa:GEMEINDE:15084470,"Stößen, Stadt",party:F15,2,0,32,32,0
WAHLBEZIRK->GEMEINDE,lsa:GEMEINDE:15084470,"Stößen, Stadt",party:F19,2,0,0,0,0
WAHLBEZIRK->GEMEINDE,lsa:GEMEINDE:15084470,"Stößen, Stadt",party:F2,2,0,278,278,0
WAHLBEZIRK->GEMEINDE,lsa:GEMEINDE:15084470,"Stößen, Stadt",party:F20,2,0,0,0,0
WAHLBEZIRK->GEMEINDE,lsa:GEMEINDE:15084470,"Stößen, Stadt",party:F3,2,0,41,41,0
WAHLBEZIRK->GEMEINDE,lsa:GEMEINDE:15084470,"Stößen, Stadt",party:F4,2,0,41,41,0
WAHLBEZIRK->GEMEINDE,lsa:GEMEINDE:15084470,"Stößen, Stadt",party:F5,2,0,14,14,0
WAHLBEZIRK->GEMEINDE,lsa:GEMEINDE:15084470,"Stößen, Stadt",party:F6,2,0,23,23,0
WAHLBEZIRK->GEMEINDE,lsa:GEMEINDE:15084470,"Stößen, Stadt",party:F7,2,0,5,5,0
WAHLBEZIRK->GEMEINDE,lsa:GEMEINDE:15084470,"Stößen, Stadt",party:F8,2,0,3,3,0
WAHLBEZIRK->GEMEINDE,lsa:GEMEINDE:15084470,"Stößen, Stadt",party:F9,2,0,11,11,0
WAHLBEZIRK->GEMEINDE,lsa:GEMEINDE:15084490,"Teuchern, Stadt",reported_precincts,11,0,11,11,0
WAHLBEZIRK->GEMEINDE,lsa:GEMEINDE:15084490,"Teuchern, Stadt",total_precincts,11,0,11,11,0
WAHLBEZIRK->GEMEINDE,lsa:GEMEINDE:15084490,"Teuchern, Stadt",voters_total,11,0,4901,4901,0
WAHLBEZIRK->GEMEINDE,lsa:GEMEINDE:15084490,"Teuchern, Stadt",valid_votes_erst,11,0,4826,4826,0
WAHLBEZIRK->GEMEINDE,lsa:GEMEINDE:15084490,"Teuchern, Stadt",valid_votes_zweit,11,0,4852,4852,0
WAHLBEZIRK->GEMEINDE,lsa:GEMEINDE:15084490,"Teuchern, Stadt",party:D1,11,0,956,956,0
WAHLBEZIRK->GEMEINDE,lsa:GEMEINDE:15084490,"Teuchern, Stadt",party:D2,11,0,2903,2903,0
WAHLBEZIRK->GEMEINDE,lsa:GEMEINDE:15084490,"Teuchern, Stadt",party:D3,11,0,371,371,0
WAHLBEZIRK->GEMEINDE,lsa:GEMEINDE:15084490,"Teuchern, Stadt",party:D4,11,0,328,328,0
WAHLBEZIRK->GEMEINDE,lsa:GEMEINDE:15084490,"Teuchern, Stadt",party:D5,11,0,187,187,0
WAHLBEZIRK->GEMEINDE,lsa:GEMEINDE:15084490,"Teuchern, Stadt",party:D6,11,0,81,81,0
WAHLBEZIRK->GEMEINDE,lsa:GEMEINDE:15084490,"Teuchern, Stadt",party:F1,11,0,699,699,0
WAHLBEZIRK->GEMEINDE,lsa:GEMEINDE:15084490,"Teuchern, Stadt",party:F10,11,0,24,24,0
WAHLBEZIRK->GEMEINDE,lsa:GEMEINDE:15084490,"Teuchern, Stadt",party:F11,11,0,12,12,0
WAHLBEZIRK->GEMEINDE,lsa:GEMEINDE:15084490,"Teuchern, Stadt",party:F12,11,0,30,30,0
WAHLBEZIRK->GEMEINDE,lsa:GEMEINDE:15084490,"Teuchern, Stadt",party:F15,11,0,240,240,0
WAHLBEZIRK->GEMEINDE,lsa:GEMEINDE:15084490,"Teuchern, Stadt",party:F19,11,0,7,7,0
WAHLBEZIRK->GEMEINDE,lsa:GEMEINDE:15084490,"Teuchern, Stadt",party:F2,11,0,2824,2824,0
WAHLBEZIRK->GEMEINDE,lsa:GEMEINDE:15084490,"Teuchern, Stadt",party:F20,11,0,18,18,0
WAHLBEZIRK->GEMEINDE,lsa:GEMEINDE:15084490,"Teuchern, Stadt",party:F3,11,0,290,290,0
WAHLBEZIRK->GEMEINDE,lsa:GEMEINDE:15084490,"Teuchern, Stadt",party:F4,11,0,297,297,0
WAHLBEZIRK->GEMEINDE,lsa:GEMEINDE:15084490,"Teuchern, Stadt",party:F5,11,0,101,101,0
WAHLBEZIRK->GEMEINDE,lsa:GEMEINDE:15084490,"Teuchern, Stadt",party:F6,11,0,175,175,0
WAHLBEZIRK->GEMEINDE,lsa:GEMEINDE:15084490,"Teuchern, Stadt",party:F7,11,0,61,61,0
WAHLBEZIRK->GEMEINDE,lsa:GEMEINDE:15084490,"Teuchern, Stadt",party:F8,11,0,10,10,0
WAHLBEZIRK->GEMEINDE,lsa:GEMEINDE:15084490,"Teuchern, Stadt",party:F9,11,0,64,64,0
WAHLBEZIRK->GEMEINDE,lsa:GEMEINDE:15084550,"Weißenfels, Stadt",reported_precincts,39,0,39,39,0
WAHLBEZIRK->GEMEINDE,lsa:GEMEINDE:15084550,"Weißenfels, Stadt",total_precincts,39,0,39,39,0
WAHLBEZIRK->GEMEINDE,lsa:GEMEINDE:15084550,"Weißenfels, Stadt",voters_total,39,0,21086,21086,0
WAHLBEZIRK->GEMEINDE,lsa:GEMEINDE:15084550,"Weißenfels, Stadt",valid_votes_erst,39,0,20779,20779,0
WAHLBEZIRK->GEMEINDE,lsa:GEMEINDE:15084550,"Weißenfels, Stadt",valid_votes_zweit,39,0,20893,20893,0
WAHLBEZIRK->GEMEINDE,lsa:GEMEINDE:15084550,"Weißenfels, Stadt",party:D1,39,0,4936,4936,0
WAHLBEZIRK->GEMEINDE,lsa:GEMEINDE:15084550,"Weißenfels, Stadt",party:D2,39,0,10719,10719,0
WAHLBEZIRK->GEMEINDE,lsa:GEMEINDE:15084550,"Weißenfels, Stadt",party:D3,39,0,2286,2286,0
WAHLBEZIRK->GEMEINDE,lsa:GEMEINDE:15084550,"Weißenfels, Stadt",party:D4,39,0,1526,1526,0
WAHLBEZIRK->GEMEINDE,lsa:GEMEINDE:15084550,"Weißenfels, Stadt",party:D5,39,0,895,895,0
WAHLBEZIRK->GEMEINDE,lsa:GEMEINDE:15084550,"Weißenfels, Stadt",party:D6,39,0,417,417,0
WAHLBEZIRK->GEMEINDE,lsa:GEMEINDE:15084550,"Weißenfels, Stadt",party:F1,39,0,3596,3596,0
WAHLBEZIRK->GEMEINDE,lsa:GEMEINDE:15084550,"Weißenfels, Stadt",party:F10,39,0,113,113,0
WAHLBEZIRK->GEMEINDE,lsa:GEMEINDE:15084550,"Weißenfels, Stadt",party:F11,39,0,44,44,0
WAHLBEZIRK->GEMEINDE,lsa:GEMEINDE:15084550,"Weißenfels, Stadt",party:F12,39,0,106,106,0
WAHLBEZIRK->GEMEINDE,lsa:GEMEINDE:15084550,"Weißenfels, Stadt",party:F15,39,0,912,912,0
WAHLBEZIRK->GEMEINDE,lsa:GEMEINDE:15084550,"Weißenfels, Stadt",party:F19,39,0,37,37,0
WAHLBEZIRK->GEMEINDE,lsa:GEMEINDE:15084550,"Weißenfels, Stadt",party:F2,39,0,10582,10582,0
WAHLBEZIRK->GEMEINDE,lsa:GEMEINDE:15084550,"Weißenfels, Stadt",party:F20,39,0,66,66,0
WAHLBEZIRK->GEMEINDE,lsa:GEMEINDE:15084550,"Weißenfels, Stadt",party:F3,39,0,1817,1817,0
WAHLBEZIRK->GEMEINDE,lsa:GEMEINDE:15084550,"Weißenfels, Stadt",party:F4,39,0,1482,1482,0
WAHLBEZIRK->GEMEINDE,lsa:GEMEINDE:15084550,"Weißenfels, Stadt",party:F5,39,0,534,534,0
WAHLBEZIRK->GEMEINDE,lsa:GEMEINDE:15084550,"Weißenfels, Stadt",party:F6,39,0,1145,1145,0
WAHLBEZIRK->GEMEINDE,lsa:GEMEINDE:15084550,"Weißenfels, Stadt",party:F7,39,0,163,163,0
WAHLBEZIRK->GEMEINDE,lsa:GEMEINDE:15084550,"Weißenfels, Stadt",party:F8,39,0,31,31,0
WAHLBEZIRK->GEMEINDE,lsa:GEMEINDE:15084550,"Weißenfels, Stadt",party:F9,39,0,265,265,0
WAHLBEZIRK->GEMEINDE,lsa:GEMEINDE:15084560,Wethau,reported_precincts,2,0,2,2,0
WAHLBEZIRK->GEMEINDE,lsa:GEMEINDE:15084560,Wethau,total_precincts,2,0,2,2,0
WAHLBEZIRK->GEMEINDE,lsa:GEMEINDE:15084560,Wethau,voters_total,2,0,600,600,0
WAHLBEZIRK->GEMEINDE,lsa:GEMEINDE:15084560,Wethau,valid_votes_erst,2,0,595,595,0
WAHLBEZIRK->GEMEINDE,lsa:GEMEINDE:15084560,Wethau,valid_votes_zweit,2,0,596,596,0
WAHLBEZIRK->GEMEINDE,lsa:GEMEINDE:15084560,Wethau,party:D1,2,0,174,174,0
WAHLBEZIRK->GEMEINDE,lsa:GEMEINDE:15084560,Wethau,party:D2,2,0,317,317,0
WAHLBEZIRK->GEMEINDE,lsa:GEMEINDE:15084560,Wethau,party:D21,2,0,4,4,0
WAHLBEZIRK->GEMEINDE,lsa:GEMEINDE:15084560,Wethau,party:D3,2,0,35,35,0
WAHLBEZIRK->GEMEINDE,lsa:GEMEINDE:15084560,Wethau,party:D4,2,0,17,17,0
WAHLBEZIRK->GEMEINDE,lsa:GEMEINDE:15084560,Wethau,party:D5,2,0,23,23,0
WAHLBEZIRK->GEMEINDE,lsa:GEMEINDE:15084560,Wethau,party:D6,2,0,11,11,0
WAHLBEZIRK->GEMEINDE,lsa:GEMEINDE:15084560,Wethau,party:D9,2,0,14,14,0
WAHLBEZIRK->GEMEINDE,lsa:GEMEINDE:15084560,Wethau,party:F1,2,0,116,116,0
WAHLBEZIRK->GEMEINDE,lsa:GEMEINDE:15084560,Wethau,party:F10,2,0,2,2,0
WAHLBEZIRK->GEMEINDE,lsa:GEMEINDE:15084560,Wethau,party:F11,2,0,1,1,0
WAHLBEZIRK->GEMEINDE,lsa:GEMEINDE:15084560,Wethau,party:F12,2,0,4,4,0
WAHLBEZIRK->GEMEINDE,lsa:GEMEINDE:15084560,Wethau,party:F15,2,0,20,20,0
WAHLBEZIRK->GEMEINDE,lsa:GEMEINDE:15084560,Wethau,party:F19,2,0,5,5,0
WAHLBEZIRK->GEMEINDE,lsa:GEMEINDE:15084560,Wethau,party:F2,2,0,311,311,0
WAHLBEZIRK->GEMEINDE,lsa:GEMEINDE:15084560,Wethau,party:F20,2,0,2,2,0
WAHLBEZIRK->GEMEINDE,lsa:GEMEINDE:15084560,Wethau,party:F3,2,0,29,29,0
WAHLBEZIRK->GEMEINDE,lsa:GEMEINDE:15084560,Wethau,party:F4,2,0,39,39,0
WAHLBEZIRK->GEMEINDE,lsa:GEMEINDE:15084560,Wethau,party:F5,2,0,17,17,0
WAHLBEZIRK->GEMEINDE,lsa:GEMEINDE:15084560,Wethau,party:F6,2,0,27,27,0
WAHLBEZIRK->GEMEINDE,lsa:GEMEINDE:15084560,Wethau,party:F7,2,0,11,11,0
WAHLBEZIRK->GEMEINDE,lsa:GEMEINDE:15084560,Wethau,party:F8,2,0,1,1,0
WAHLBEZIRK->GEMEINDE,lsa:GEMEINDE:15084560,Wethau,party:F9,2,0,11,11,0
WAHLBEZIRK->GEMEINDE,lsa:GEMEINDE:15084565,Wetterzeube,reported_precincts,4,0,4,4,0
WAHLBEZIRK->GEMEINDE,lsa:GEMEINDE:15084565,Wetterzeube,total_precincts,4,0,4,4,0
WAHLBEZIRK->GEMEINDE,lsa:GEMEINDE:15084565,Wetterzeube,voters_total,4,0,1131,1131,0
WAHLBEZIRK->GEMEINDE,lsa:GEMEINDE:15084565,Wetterzeube,valid_votes_erst,4,0,1121,1121,0
WAHLBEZIRK->GEMEINDE,lsa:GEMEINDE:15084565,Wetterzeube,valid_votes_zweit,4,0,1122,1122,0
WAHLBEZIRK->GEMEINDE,lsa:GEMEINDE:15084565,Wetterzeube,party:D1,4,0,189,189,0
WAHLBEZIRK->GEMEINDE,lsa:GEMEINDE:15084565,Wetterzeube,party:D15,4,0,37,37,0
WAHLBEZIRK->GEMEINDE,lsa:GEMEINDE:15084565,Wetterzeube,party:D2,4,0,631,631,0
WAHLBEZIRK->GEMEINDE,lsa:GEMEINDE:15084565,Wetterzeube,party:D20,4,0,5,5,0
WAHLBEZIRK->GEMEINDE,lsa:GEMEINDE:15084565,Wetterzeube,party:D3,4,0,105,105,0
WAHLBEZIRK->GEMEINDE,lsa:GEMEINDE:15084565,Wetterzeube,party:D4,4,0,63,63,0
WAHLBEZIRK->GEMEINDE,lsa:GEMEINDE:15084565,Wetterzeube,party:D5,4,0,25,25,0
WAHLBEZIRK->GEMEINDE,lsa:GEMEINDE:15084565,Wetterzeube,party:D6,4,0,25,25,0
WAHLBEZIRK->GEMEINDE,lsa:GEMEINDE:15084565,Wetterzeube,party:D7,4,0,41,41,0
WAHLBEZIRK->GEMEINDE,lsa:GEMEINDE:15084565,Wetterzeube,party:F1,4,0,162,162,0
WAHLBEZIRK->GEMEINDE,lsa:GEMEINDE:15084565,Wetterzeube,party:F10,4,0,1,1,0
WAHLBEZIRK->GEMEINDE,lsa:GEMEINDE:15084565,Wetterzeube,party:F11,4,0,1,1,0
WAHLBEZIRK->GEMEINDE,lsa:GEMEINDE:15084565,Wetterzeube,party:F12,4,0,3,3,0
WAHLBEZIRK->GEMEINDE,lsa:GEMEINDE:15084565,Wetterzeube,party:F15,4,0,39,39,0
WAHLBEZIRK->GEMEINDE,lsa:GEMEINDE:15084565,Wetterzeube,party:F19,4,0,3,3,0
WAHLBEZIRK->GEMEINDE,lsa:GEMEINDE:15084565,Wetterzeube,party:F2,4,0,644,644,0
WAHLBEZIRK->GEMEINDE,lsa:GEMEINDE:15084565,Wetterzeube,party:F20,4,0,1,1,0
WAHLBEZIRK->GEMEINDE,lsa:GEMEINDE:15084565,Wetterzeube,party:F3,4,0,102,102,0
WAHLBEZIRK->GEMEINDE,lsa:GEMEINDE:15084565,Wetterzeube,party:F4,4,0,54,54,0
WAHLBEZIRK->GEMEINDE,lsa:GEMEINDE:15084565,Wetterzeube,party:F5,4,0,20,20,0
WAHLBEZIRK->GEMEINDE,lsa:GEMEINDE:15084565,Wetterzeube,party:F6,4,0,57,57,0
WAHLBEZIRK->GEMEINDE,lsa:GEMEINDE:15084565,Wetterzeube,party:F7,4,0,24,24,0
WAHLBEZIRK->GEMEINDE,lsa:GEMEINDE:15084565,Wetterzeube,party:F8,4,0,1,1,0
WAHLBEZIRK->GEMEINDE,lsa:GEMEINDE:15084565,Wetterzeube,party:F9,4,0,10,10,0
WAHLBEZIRK->GEMEINDE,lsa:GEMEINDE:15084590,"Zeitz, Stadt",reported_precincts,29,0,29,29,0
WAHLBEZIRK->GEMEINDE,lsa:GEMEINDE:15084590,"Zeitz, Stadt",total_precincts,29,0,29,29,0
WAHLBEZIRK->GEMEINDE,lsa:GEMEINDE:15084590,"Zeitz, Stadt",voters_total,29,0,15051,15051,0
WAHLBEZIRK->GEMEINDE,lsa:GEMEINDE:15084590,"Zeitz, Stadt",valid_votes_erst,29,0,14869,14869,0
WAHLBEZIRK->GEMEINDE,lsa:GEMEINDE:15084590,"Zeitz, Stadt",valid_votes_zweit,29,0,14892,14892,0
WAHLBEZIRK->GEMEINDE,lsa:GEMEINDE:15084590,"Zeitz, Stadt",party:D1,29,0,2898,2898,0
WAHLBEZIRK->GEMEINDE,lsa:GEMEINDE:15084590,"Zeitz, Stadt",party:D15,29,0,512,512,0
WAHLBEZIRK->GEMEINDE,lsa:GEMEINDE:15084590,"Zeitz, Stadt",party:D2,29,0,7764,7764,0
WAHLBEZIRK->GEMEINDE,lsa:GEMEINDE:15084590,"Zeitz, Stadt",party:D20,29,0,120,120,0
WAHLBEZIRK->GEMEINDE,lsa:GEMEINDE:15084590,"Zeitz, Stadt",party:D3,29,0,1283,1283,0
WAHLBEZIRK->GEMEINDE,lsa:GEMEINDE:15084590,"Zeitz, Stadt",party:D4,29,0,1109,1109,0
WAHLBEZIRK->GEMEINDE,lsa:GEMEINDE:15084590,"Zeitz, Stadt",party:D5,29,0,294,294,0
WAHLBEZIRK->GEMEINDE,lsa:GEMEINDE:15084590,"Zeitz, Stadt",party:D6,29,0,284,284,0
WAHLBEZIRK->GEMEINDE,lsa:GEMEINDE:15084590,"Zeitz, Stadt",party:D7,29,0,605,605,0
WAHLBEZIRK->GEMEINDE,lsa:GEMEINDE:15084590,"Zeitz, Stadt",party:F1,29,0,2485,2485,0
WAHLBEZIRK->GEMEINDE,lsa:GEMEINDE:15084590,"Zeitz, Stadt",party:F10,29,0,66,66,0
WAHLBEZIRK->GEMEINDE,lsa:GEMEINDE:15084590,"Zeitz, Stadt",party:F11,29,0,38,38,0
WAHLBEZIRK->GEMEINDE,lsa:GEMEINDE:15084590,"Zeitz, Stadt",party:F12,29,0,65,65,0
WAHLBEZIRK->GEMEINDE,lsa:GEMEINDE:15084590,"Zeitz, Stadt",party:F15,29,0,637,637,0
WAHLBEZIRK->GEMEINDE,lsa:GEMEINDE:15084590,"Zeitz, Stadt",party:F19,29,0,23,23,0
WAHLBEZIRK->GEMEINDE,lsa:GEMEINDE:15084590,"Zeitz, Stadt",party:F2,29,0,7835,7835,0
WAHLBEZIRK->GEMEINDE,lsa:GEMEINDE:15084590,"Zeitz, Stadt",party:F20,29,0,69,69,0
WAHLBEZIRK->GEMEINDE,lsa:GEMEINDE:15084590,"Zeitz, Stadt",party:F3,29,0,1166,1166,0
WAHLBEZIRK->GEMEINDE,lsa:GEMEINDE:15084590,"Zeitz, Stadt",party:F4,29,0,1106,1106,0
WAHLBEZIRK->GEMEINDE,lsa:GEMEINDE:15084590,"Zeitz, Stadt",party:F5,29,0,275,275,0
WAHLBEZIRK->GEMEINDE,lsa:GEMEINDE:15084590,"Zeitz, Stadt",party:F6,29,0,652,652,0
WAHLBEZIRK->GEMEINDE,lsa:GEMEINDE:15084590,"Zeitz, Stadt",party:F7,29,0,307,307,0
WAHLBEZIRK->GEMEINDE,lsa:GEMEINDE:15084590,"Zeitz, Stadt",party:F8,29,0,18,18,0
WAHLBEZIRK->GEMEINDE,lsa:GEMEINDE:15084590,"Zeitz, Stadt",party:F9,29,0,150,150,0
WAHLBEZIRK->GEMEINDE,lsa:GEMEINDE:15085040,"Ballenstedt, Stadt",reported_precincts,9,0,9,9,0
WAHLBEZIRK->GEMEINDE,lsa:GEMEINDE:15085040,"Ballenstedt, Stadt",total_precincts,9,0,9,9,0
WAHLBEZIRK->GEMEINDE,lsa:GEMEINDE:15085040,"Ballenstedt, Stadt",voters_total,9,0,5649,5649,0
WAHLBEZIRK->GEMEINDE,lsa:GEMEINDE:15085040,"Ballenstedt, Stadt",valid_votes_erst,9,0,5582,5582,0
WAHLBEZIRK->GEMEINDE,lsa:GEMEINDE:15085040,"Ballenstedt, Stadt",valid_votes_zweit,9,0,5580,5580,0
WAHLBEZIRK->GEMEINDE,lsa:GEMEINDE:15085040,"Ballenstedt, Stadt",party:D1,9,0,1227,1227,0
WAHLBEZIRK->GEMEINDE,lsa:GEMEINDE:15085040,"Ballenstedt, Stadt",party:D15,9,0,297,297,0
WAHLBEZIRK->GEMEINDE,lsa:GEMEINDE:15085040,"Ballenstedt, Stadt",party:D2,9,0,2556,2556,0
WAHLBEZIRK->GEMEINDE,lsa:GEMEINDE:15085040,"Ballenstedt, Stadt",party:D21,9,0,38,38,0
WAHLBEZIRK->GEMEINDE,lsa:GEMEINDE:15085040,"Ballenstedt, Stadt",party:D3,9,0,479,479,0
WAHLBEZIRK->GEMEINDE,lsa:GEMEINDE:15085040,"Ballenstedt, Stadt",party:D4,9,0,412,412,0
WAHLBEZIRK->GEMEINDE,lsa:GEMEINDE:15085040,"Ballenstedt, Stadt",party:D5,9,0,172,172,0
WAHLBEZIRK->GEMEINDE,lsa:GEMEINDE:15085040,"Ballenstedt, Stadt",party:D6,9,0,228,228,0
WAHLBEZIRK->GEMEINDE,lsa:GEMEINDE:15085040,"Ballenstedt, Stadt",party:D7,9,0,173,173,0
WAHLBEZIRK->GEMEINDE,lsa:GEMEINDE:15085040,"Ballenstedt, Stadt",party:F1,9,0,974,974,0
WAHLBEZIRK->GEMEINDE,lsa:GEMEINDE:15085040,"Ballenstedt, Stadt",party:F10,9,0,26,26,0
WAHLBEZIRK->GEMEINDE,lsa:GEMEINDE:15085040,"Ballenstedt, Stadt",party:F11,9,0,18,18,0
WAHLBEZIRK->GEMEINDE,lsa:GEMEINDE:15085040,"Ballenstedt, Stadt",party:F12,9,0,31,31,0
WAHLBEZIRK->GEMEINDE,lsa:GEMEINDE:15085040,"Ballenstedt, Stadt",party:F15,9,0,324,324,0
WAHLBEZIRK->GEMEINDE,lsa:GEMEINDE:15085040,"Ballenstedt, Stadt",party:F19,9,0,9,9,0
WAHLBEZIRK->GEMEINDE,lsa:GEMEINDE:15085040,"Ballenstedt, Stadt",party:F2,9,0,2596,2596,0
WAHLBEZIRK->GEMEINDE,lsa:GEMEINDE:15085040,"Ballenstedt, Stadt",party:F20,9,0,11,11,0
WAHLBEZIRK->GEMEINDE,lsa:GEMEINDE:15085040,"Ballenstedt, Stadt",party:F3,9,0,443,443,0
WAHLBEZIRK->GEMEINDE,lsa:GEMEINDE:15085040,"Ballenstedt, Stadt",party:F4,9,0,465,465,0
WAHLBEZIRK->GEMEINDE,lsa:GEMEINDE:15085040,"Ballenstedt, Stadt",party:F5,9,0,143,143,0
WAHLBEZIRK->GEMEINDE,lsa:GEMEINDE:15085040,"Ballenstedt, Stadt",party:F6,9,0,366,366,0
WAHLBEZIRK->GEMEINDE,lsa:GEMEINDE:15085040,"Ballenstedt, Stadt",party:F7,9,0,118,118,0
WAHLBEZIRK->GEMEINDE,lsa:GEMEINDE:15085040,"Ballenstedt, Stadt",party:F8,9,0,7,7,0
WAHLBEZIRK->GEMEINDE,lsa:GEMEINDE:15085040,"Ballenstedt, Stadt",party:F9,9,0,49,49,0
WAHLBEZIRK->GEMEINDE,lsa:GEMEINDE:15085055,"Blankenburg (Harz), Stadt",reported_precincts,20,0,20,20,0
WAHLBEZIRK->GEMEINDE,lsa:GEMEINDE:15085055,"Blankenburg (Harz), Stadt",total_precincts,20,0,20,20,0
WAHLBEZIRK->GEMEINDE,lsa:GEMEINDE:15085055,"Blankenburg (Harz), Stadt",voters_total,20,0,12313,12313,0
WAHLBEZIRK->GEMEINDE,lsa:GEMEINDE:15085055,"Blankenburg (Harz), Stadt",valid_votes_erst,20,0,12179,12179,0
WAHLBEZIRK->GEMEINDE,lsa:GEMEINDE:15085055,"Blankenburg (Harz), Stadt",valid_votes_zweit,20,0,12199,12199,0
WAHLBEZIRK->GEMEINDE,lsa:GEMEINDE:15085055,"Blankenburg (Harz), Stadt",party:D1,20,0,2534,2534,0
WAHLBEZIRK->GEMEINDE,lsa:GEMEINDE:15085055,"Blankenburg (Harz), Stadt",party:D15,20,0,596,596,0
WAHLBEZIRK->GEMEINDE,lsa:GEMEINDE:15085055,"Blankenburg (Harz), Stadt",party:D2,20,0,5450,5450,0
WAHLBEZIRK->GEMEINDE,lsa:GEMEINDE:15085055,"Blankenburg (Harz), Stadt",party:D3,20,0,1300,1300,0
WAHLBEZIRK->GEMEINDE,lsa:GEMEINDE:15085055,"Blankenburg (Harz), Stadt",party:D4,20,0,1267,1267,0
WAHLBEZIRK->GEMEINDE,lsa:GEMEINDE:15085055,"Blankenburg (Harz), Stadt",party:D5,20,0,287,287,0
WAHLBEZIRK->GEMEINDE,lsa:GEMEINDE:15085055,"Blankenburg (Harz), Stadt",party:D6,20,0,336,336,0
WAHLBEZIRK->GEMEINDE,lsa:GEMEINDE:15085055,"Blankenburg (Harz), Stadt",party:D7,20,0,409,409,0
WAHLBEZIRK->GEMEINDE,lsa:GEMEINDE:15085055,"Blankenburg (Harz), Stadt",party:F1,20,0,2071,2071,0
WAHLBEZIRK->GEMEINDE,lsa:GEMEINDE:15085055,"Blankenburg (Harz), Stadt",party:F10,20,0,50,50,0
WAHLBEZIRK->GEMEINDE,lsa:GEMEINDE:15085055,"Blankenburg (Harz), Stadt",party:F11,20,0,64,64,0
WAHLBEZIRK->GEMEINDE,lsa:GEMEINDE:15085055,"Blankenburg (Harz), Stadt",party:F12,20,0,59,59,0
WAHLBEZIRK->GEMEINDE,lsa:GEMEINDE:15085055,"Blankenburg (Harz), Stadt",party:F15,20,0,696,696,0
WAHLBEZIRK->GEMEINDE,lsa:GEMEINDE:15085055,"Blankenburg (Harz), Stadt",party:F19,20,0,15,15,0
WAHLBEZIRK->GEMEINDE,lsa:GEMEINDE:15085055,"Blankenburg (Harz), Stadt",party:F2,20,0,5521,5521,0
WAHLBEZIRK->GEMEINDE,lsa:GEMEINDE:15085055,"Blankenburg (Harz), Stadt",party:F20,20,0,24,24,0
WAHLBEZIRK->GEMEINDE,lsa:GEMEINDE:15085055,"Blankenburg (Harz), Stadt",party:F3,20,0,895,895,0
WAHLBEZIRK->GEMEINDE,lsa:GEMEINDE:15085055,"Blankenburg (Harz), Stadt",party:F4,20,0,1351,1351,0
WAHLBEZIRK->GEMEINDE,lsa:GEMEINDE:15085055,"Blankenburg (Harz), Stadt",party:F5,20,0,221,221,0
WAHLBEZIRK->GEMEINDE,lsa:GEMEINDE:15085055,"Blankenburg (Harz), Stadt",party:F6,20,0,846,846,0
WAHLBEZIRK->GEMEINDE,lsa:GEMEINDE:15085055,"Blankenburg (Harz), Stadt",party:F7,20,0,207,207,0
WAHLBEZIRK->GEMEINDE,lsa:GEMEINDE:15085055,"Blankenburg (Harz), Stadt",party:F8,20,0,24,24,0
WAHLBEZIRK->GEMEINDE,lsa:GEMEINDE:15085055,"Blankenburg (Harz), Stadt",party:F9,20,0,155,155,0
WAHLBEZIRK->GEMEINDE,lsa:GEMEINDE:15085090,Ditfurt,reported_precincts,2,0,2,2,0
WAHLBEZIRK->GEMEINDE,lsa:GEMEINDE:15085090,Ditfurt,total_precincts,2,0,2,2,0
WAHLBEZIRK->GEMEINDE,lsa:GEMEINDE:15085090,Ditfurt,voters_total,2,0,970,970,0
WAHLBEZIRK->GEMEINDE,lsa:GEMEINDE:15085090,Ditfurt,valid_votes_erst,2,0,953,953,0
WAHLBEZIRK->GEMEINDE,lsa:GEMEINDE:15085090,Ditfurt,valid_votes_zweit,2,0,954,954,0
WAHLBEZIRK->GEMEINDE,lsa:GEMEINDE:15085090,Ditfurt,party:D1,2,0,187,187,0
WAHLBEZIRK->GEMEINDE,lsa:GEMEINDE:15085090,Ditfurt,party:D15,2,0,39,39,0
WAHLBEZIRK->GEMEINDE,lsa:GEMEINDE:15085090,Ditfurt,party:D2,2,0,495,495,0
WAHLBEZIRK->GEMEINDE,lsa:GEMEINDE:15085090,Ditfurt,party:D21,2,0,9,9,0
WAHLBEZIRK->GEMEINDE,lsa:GEMEINDE:15085090,Ditfurt,party:D3,2,0,76,76,0
WAHLBEZIRK->GEMEINDE,lsa:GEMEINDE:15085090,Ditfurt,party:D4,2,0,58,58,0
WAHLBEZIRK->GEMEINDE,lsa:GEMEINDE:15085090,Ditfurt,party:D5,2,0,26,26,0
WAHLBEZIRK->GEMEINDE,lsa:GEMEINDE:15085090,Ditfurt,party:D6,2,0,43,43,0
WAHLBEZIRK->GEMEINDE,lsa:GEMEINDE:15085090,Ditfurt,party:D7,2,0,20,20,0
WAHLBEZIRK->GEMEINDE,lsa:GEMEINDE:15085090,Ditfurt,party:F1,2,0,163,163,0
WAHLBEZIRK->GEMEINDE,lsa:GEMEINDE:15085090,Ditfurt,party:F10,2,0,2,2,0
WAHLBEZIRK->GEMEINDE,lsa:GEMEINDE:15085090,Ditfurt,party:F11,2,0,0,0,0
WAHLBEZIRK->GEMEINDE,lsa:GEMEINDE:15085090,Ditfurt,party:F12,2,0,5,5,0
WAHLBEZIRK->GEMEINDE,lsa:GEMEINDE:15085090,Ditfurt,party:F15,2,0,50,50,0
WAHLBEZIRK->GEMEINDE,lsa:GEMEINDE:15085090,Ditfurt,party:F19,2,0,1,1,0
WAHLBEZIRK->GEMEINDE,lsa:GEMEINDE:15085090,Ditfurt,party:F2,2,0,499,499,0
WAHLBEZIRK->GEMEINDE,lsa:GEMEINDE:15085090,Ditfurt,party:F20,2,0,5,5,0
WAHLBEZIRK->GEMEINDE,lsa:GEMEINDE:15085090,Ditfurt,party:F3,2,0,57,57,0
WAHLBEZIRK->GEMEINDE,lsa:GEMEINDE:15085090,Ditfurt,party:F4,2,0,60,60,0
WAHLBEZIRK->GEMEINDE,lsa:GEMEINDE:15085090,Ditfurt,party:F5,2,0,19,19,0
WAHLBEZIRK->GEMEINDE,lsa:GEMEINDE:15085090,Ditfurt,party:F6,2,0,73,73,0
WAHLBEZIRK->GEMEINDE,lsa:GEMEINDE:15085090,Ditfurt,party:F7,2,0,12,12,0
WAHLBEZIRK->GEMEINDE,lsa:GEMEINDE:15085090,Ditfurt,party:F8,2,0,2,2,0
WAHLBEZIRK->GEMEINDE,lsa:GEMEINDE:15085090,Ditfurt,party:F9,2,0,6,6,0
WAHLBEZIRK->GEMEINDE,lsa:GEMEINDE:15085110,"Falkenstein/Harz, Stadt",reported_precincts,9,0,9,9,0
WAHLBEZIRK->GEMEINDE,lsa:GEMEINDE:15085110,"Falkenstein/Harz, Stadt",total_precincts,9,0,9,9,0
WAHLBEZIRK->GEMEINDE,lsa:GEMEINDE:15085110,"Falkenstein/Harz, Stadt",voters_total,9,0,3361,3361,0
WAHLBEZIRK->GEMEINDE,lsa:GEMEINDE:15085110,"Falkenstein/Harz, Stadt",valid_votes_erst,9,0,3320,3320,0
WAHLBEZIRK->GEMEINDE,lsa:GEMEINDE:15085110,"Falkenstein/Harz, Stadt",valid_votes_zweit,9,0,3319,3319,0
WAHLBEZIRK->GEMEINDE,lsa:GEMEINDE:15085110,"Falkenstein/Harz, Stadt",party:D1,9,0,737,737,0
WAHLBEZIRK->GEMEINDE,lsa:GEMEINDE:15085110,"Falkenstein/Harz, Stadt",party:D15,9,0,286,286,0
WAHLBEZIRK->GEMEINDE,lsa:GEMEINDE:15085110,"Falkenstein/Harz, Stadt",party:D19,9,0,32,32,0
WAHLBEZIRK->GEMEINDE,lsa:GEMEINDE:15085110,"Falkenstein/Harz, Stadt",party:D2,9,0,1599,1599,0
WAHLBEZIRK->GEMEINDE,lsa:GEMEINDE:15085110,"Falkenstein/Harz, Stadt",party:D3,9,0,257,257,0
WAHLBEZIRK->GEMEINDE,lsa:GEMEINDE:15085110,"Falkenstein/Harz, Stadt",party:D4,9,0,251,251,0
WAHLBEZIRK->GEMEINDE,lsa:GEMEINDE:15085110,"Falkenstein/Harz, Stadt",party:D5,9,0,69,69,0
WAHLBEZIRK->GEMEINDE,lsa:GEMEINDE:15085110,"Falkenstein/Harz, Stadt",party:D6,9,0,89,89,0
WAHLBEZIRK->GEMEINDE,lsa:GEMEINDE:15085110,"Falkenstein/Harz, Stadt",party:F1,9,0,607,607,0
WAHLBEZIRK->GEMEINDE,lsa:GEMEINDE:15085110,"Falkenstein/Harz, Stadt",party:F10,9,0,16,16,0
WAHLBEZIRK->GEMEINDE,lsa:GEMEINDE:15085110,"Falkenstein/Harz, Stadt",party:F11,9,0,7,7,0
WAHLBEZIRK->GEMEINDE,lsa:GEMEINDE:15085110,"Falkenstein/Harz, Stadt",party:F12,9,0,18,18,0
WAHLBEZIRK->GEMEINDE,lsa:GEMEINDE:15085110,"Falkenstein/Harz, Stadt",party:F15,9,0,234,234,0
WAHLBEZIRK->GEMEINDE,lsa:GEMEINDE:15085110,"Falkenstein/Harz, Stadt",party:F19,9,0,11,11,0
WAHLBEZIRK->GEMEINDE,lsa:GEMEINDE:15085110,"Falkenstein/Harz, Stadt",party:F2,9,0,1582,1582,0
WAHLBEZIRK->GEMEINDE,lsa:GEMEINDE:15085110,"Falkenstein/Harz, Stadt",party:F20,9,0,15,15,0
WAHLBEZIRK->GEMEINDE,lsa:GEMEINDE:15085110,"Falkenstein/Harz, Stadt",party:F3,9,0,218,218,0
WAHLBEZIRK->GEMEINDE,lsa:GEMEINDE:15085110,"Falkenstein/Harz, Stadt",party:F4,9,0,273,273,0
WAHLBEZIRK->GEMEINDE,lsa:GEMEINDE:15085110,"Falkenstein/Harz, Stadt",party:F5,9,0,80,80,0
WAHLBEZIRK->GEMEINDE,lsa:GEMEINDE:15085110,"Falkenstein/Harz, Stadt",party:F6,9,0,167,167,0
WAHLBEZIRK->GEMEINDE,lsa:GEMEINDE:15085110,"Falkenstein/Harz, Stadt",party:F7,9,0,54,54,0
WAHLBEZIRK->GEMEINDE,lsa:GEMEINDE:15085110,"Falkenstein/Harz, Stadt",party:F8,9,0,4,4,0
WAHLBEZIRK->GEMEINDE,lsa:GEMEINDE:15085110,"Falkenstein/Harz, Stadt",party:F9,9,0,33,33,0
WAHLBEZIRK->GEMEINDE,lsa:GEMEINDE:15085125,Groß Quenstedt,reported_precincts,2,0,2,2,0
WAHLBEZIRK->GEMEINDE,lsa:GEMEINDE:15085125,Groß Quenstedt,total_precincts,2,0,2,2,0
WAHLBEZIRK->GEMEINDE,lsa:GEMEINDE:15085125,Groß Quenstedt,voters_total,2,0,569,569,0
WAHLBEZIRK->GEMEINDE,lsa:GEMEINDE:15085125,Groß Quenstedt,valid_votes_erst,2,0,558,558,0
WAHLBEZIRK->GEMEINDE,lsa:GEMEINDE:15085125,Groß Quenstedt,valid_votes_zweit,2,0,554,554,0
WAHLBEZIRK->GEMEINDE,lsa:GEMEINDE:15085125,Groß Quenstedt,party:D1,2,0,116,116,0
WAHLBEZIRK->GEMEINDE,lsa:GEMEINDE:15085125,Groß Quenstedt,party:D15,2,0,31,31,0
WAHLBEZIRK->GEMEINDE,lsa:GEMEINDE:15085125,Groß Quenstedt,party:D2,2,0,254,254,0
WAHLBEZIRK->GEMEINDE,lsa:GEMEINDE:15085125,Groß Quenstedt,party:D3,2,0,63,63,0
WAHLBEZIRK->GEMEINDE,lsa:GEMEINDE:15085125,Groß Quenstedt,party:D4,2,0,41,41,0
WAHLBEZIRK->GEMEINDE,lsa:GEMEINDE:15085125,Groß Quenstedt,party:D5,2,0,16,16,0
WAHLBEZIRK->GEMEINDE,lsa:GEMEINDE:15085125,Groß Quenstedt,party:D6,2,0,11,11,0
WAHLBEZIRK->GEMEINDE,lsa:GEMEINDE:15085125,Groß Quenstedt,party:D7,2,0,26,26,0
WAHLBEZIRK->GEMEINDE,lsa:GEMEINDE:15085125,Groß Quenstedt,party:F1,2,0,80,80,0
WAHLBEZIRK->GEMEINDE,lsa:GEMEINDE:15085125,Groß Quenstedt,party:F10,2,0,3,3,0
WAHLBEZIRK->GEMEINDE,lsa:GEMEINDE:15085125,Groß Quenstedt,party:F11,2,0,2,2,0
WAHLBEZIRK->GEMEINDE,lsa:GEMEINDE:15085125,Groß Quenstedt,party:F12,2,0,2,2,0
WAHLBEZIRK->GEMEINDE,lsa:GEMEINDE:15085125,Groß Quenstedt,party:F15,2,0,36,36,0
WAHLBEZIRK->GEMEINDE,lsa:GEMEINDE:15085125,Groß Quenstedt,party:F19,2,0,2,2,0
WAHLBEZIRK->GEMEINDE,lsa:GEMEINDE:15085125,Groß Quenstedt,party:F2,2,0,247,247,0
WAHLBEZIRK->GEMEINDE,lsa:GEMEINDE:15085125,Groß Quenstedt,party:F20,2,0,1,1,0
WAHLBEZIRK->GEMEINDE,lsa:GEMEINDE:15085125,Groß Quenstedt,party:F3,2,0,55,55,0
WAHLBEZIRK->GEMEINDE,lsa:GEMEINDE:15085125,Groß Quenstedt,party:F4,2,0,55,55,0
WAHLBEZIRK->GEMEINDE,lsa:GEMEINDE:15085125,Groß Quenstedt,party:F5,2,0,19,19,0
WAHLBEZIRK->GEMEINDE,lsa:GEMEINDE:15085125,Groß Quenstedt,party:F6,2,0,27,27,0
WAHLBEZIRK->GEMEINDE,lsa:GEMEINDE:15085125,Groß Quenstedt,party:F7,2,0,18,18,0
WAHLBEZIRK->GEMEINDE,lsa:GEMEINDE:15085125,Groß Quenstedt,party:F8,2,0,2,2,0
WAHLBEZIRK->GEMEINDE,lsa:GEMEINDE:15085125,Groß Quenstedt,party:F9,2,0,5,5,0
WAHLBEZIRK->GEMEINDE,lsa:GEMEINDE:15085135,"Halberstadt, Stadt",reported_precincts,31,0,31,31,0
WAHLBEZIRK->GEMEINDE,lsa:GEMEINDE:15085135,"Halberstadt, Stadt",total_precincts,31,0,31,31,0
WAHLBEZIRK->GEMEINDE,lsa:GEMEINDE:15085135,"Halberstadt, Stadt",voters_total,31,0,22392,22392,0
WAHLBEZIRK->GEMEINDE,lsa:GEMEINDE:15085135,"Halberstadt, Stadt",valid_votes_erst,31,0,22139,22139,0
WAHLBEZIRK->GEMEINDE,lsa:GEMEINDE:15085135,"Halberstadt, Stadt",valid_votes_zweit,31,0,22157,22157,0
WAHLBEZIRK->GEMEINDE,lsa:GEMEINDE:15085135,"Halberstadt, Stadt",party:D1,31,0,5460,5460,0
WAHLBEZIRK->GEMEINDE,lsa:GEMEINDE:15085135,"Halberstadt, Stadt",party:D15,31,0,1097,1097,0
WAHLBEZIRK->GEMEINDE,lsa:GEMEINDE:15085135,"Halberstadt, Stadt",party:D2,31,0,9541,9541,0
WAHLBEZIRK->GEMEINDE,lsa:GEMEINDE:15085135,"Halberstadt, Stadt",party:D3,31,0,2537,2537,0
WAHLBEZIRK->GEMEINDE,lsa:GEMEINDE:15085135,"Halberstadt, Stadt",party:D4,31,0,1420,1420,0
WAHLBEZIRK->GEMEINDE,lsa:GEMEINDE:15085135,"Halberstadt, Stadt",party:D5,31,0,320,320,0
WAHLBEZIRK->GEMEINDE,lsa:GEMEINDE:15085135,"Halberstadt, Stadt",party:D6,31,0,1040,1040,0
WAHLBEZIRK->GEMEINDE,lsa:GEMEINDE:15085135,"Halberstadt, Stadt",party:D7,31,0,724,724,0
WAHLBEZIRK->GEMEINDE,lsa:GEMEINDE:15085135,"Halberstadt, Stadt",party:F1,31,0,4049,4049,0
WAHLBEZIRK->GEMEINDE,lsa:GEMEINDE:15085135,"Halberstadt, Stadt",party:F10,31,0,104,104,0
WAHLBEZIRK->GEMEINDE,lsa:GEMEINDE:15085135,"Halberstadt, Stadt",party:F11,31,0,34,34,0
WAHLBEZIRK->GEMEINDE,lsa:GEMEINDE:15085135,"Halberstadt, Stadt",party:F12,31,0,125,125,0
WAHLBEZIRK->GEMEINDE,lsa:GEMEINDE:15085135,"Halberstadt, Stadt",party:F15,31,0,1377,1377,0
WAHLBEZIRK->GEMEINDE,lsa:GEMEINDE:15085135,"Halberstadt, Stadt",party:F19,31,0,28,28,0
WAHLBEZIRK->GEMEINDE,lsa:GEMEINDE:15085135,"Halberstadt, Stadt",party:F2,31,0,9488,9488,0
WAHLBEZIRK->GEMEINDE,lsa:GEMEINDE:15085135,"Halberstadt, Stadt",party:F20,31,0,55,55,0
WAHLBEZIRK->GEMEINDE,lsa:GEMEINDE:15085135,"Halberstadt, Stadt",party:F3,31,0,2049,2049,0
WAHLBEZIRK->GEMEINDE,lsa:GEMEINDE:15085135,"Halberstadt, Stadt",party:F4,31,0,2109,2109,0
WAHLBEZIRK->GEMEINDE,lsa:GEMEINDE:15085135,"Halberstadt, Stadt",party:F5,31,0,382,382,0
WAHLBEZIRK->GEMEINDE,lsa:GEMEINDE:15085135,"Halberstadt, Stadt",party:F6,31,0,1733,1733,0
WAHLBEZIRK->GEMEINDE,lsa:GEMEINDE:15085135,"Halberstadt, Stadt",party:F7,31,0,380,380,0
WAHLBEZIRK->GEMEINDE,lsa:GEMEINDE:15085135,"Halberstadt, Stadt",party:F8,31,0,31,31,0
WAHLBEZIRK->GEMEINDE,lsa:GEMEINDE:15085135,"Halberstadt, Stadt",party:F9,31,0,213,213,0
WAHLBEZIRK->GEMEINDE,lsa:GEMEINDE:15085140,Harsleben,reported_precincts,2,0,2,2,0
WAHLBEZIRK->GEMEINDE,lsa:GEMEINDE:15085140,Harsleben,total_precincts,2,0,2,2,0
WAHLBEZIRK->GEMEINDE,lsa:GEMEINDE:15085140,Harsleben,voters_total,2,0,1514,1514,0
WAHLBEZIRK->GEMEINDE,lsa:GEMEINDE:15085140,Harsleben,valid_votes_erst,2,0,1506,1506,0
WAHLBEZIRK->GEMEINDE,lsa:GEMEINDE:15085140,Harsleben,valid_votes_zweit,2,0,1497,1497,0
WAHLBEZIRK->GEMEINDE,lsa:GEMEINDE:15085140,Harsleben,party:D1,2,0,312,312,0
WAHLBEZIRK->GEMEINDE,lsa:GEMEINDE:15085140,Harsleben,party:D15,2,0,74,74,0
WAHLBEZIRK->GEMEINDE,lsa:GEMEINDE:15085140,Harsleben,party:D2,2,0,717,717,0
WAHLBEZIRK->GEMEINDE,lsa:GEMEINDE:15085140,Harsleben,party:D21,2,0,12,12,0
WAHLBEZIRK->GEMEINDE,lsa:GEMEINDE:15085140,Harsleben,party:D3,2,0,130,130,0
WAHLBEZIRK->GEMEINDE,lsa:GEMEINDE:15085140,Harsleben,party:D4,2,0,103,103,0
WAHLBEZIRK->GEMEINDE,lsa:GEMEINDE:15085140,Harsleben,party:D5,2,0,42,42,0
WAHLBEZIRK->GEMEINDE,lsa:GEMEINDE:15085140,Harsleben,party:D6,2,0,61,61,0
WAHLBEZIRK->GEMEINDE,lsa:GEMEINDE:15085140,Harsleben,party:D7,2,0,55,55,0
WAHLBEZIRK->GEMEINDE,lsa:GEMEINDE:15085140,Harsleben,party:F1,2,0,248,248,0
WAHLBEZIRK->GEMEINDE,lsa:GEMEINDE:15085140,Harsleben,party:F10,2,0,10,10,0
WAHLBEZIRK->GEMEINDE,lsa:GEMEINDE:15085140,Harsleben,party:F11,2,0,3,3,0
WAHLBEZIRK->GEMEINDE,lsa:GEMEINDE:15085140,Harsleben,party:F12,2,0,12,12,0
WAHLBEZIRK->GEMEINDE,lsa:GEMEINDE:15085140,Harsleben,party:F15,2,0,87,87,0
WAHLBEZIRK->GEMEINDE,lsa:GEMEINDE:15085140,Harsleben,party:F19,2,0,5,5,0
WAHLBEZIRK->GEMEINDE,lsa:GEMEINDE:15085140,Harsleben,party:F2,2,0,715,715,0
WAHLBEZIRK->GEMEINDE,lsa:GEMEINDE:15085140,Harsleben,party:F20,2,0,7,7,0
WAHLBEZIRK->GEMEINDE,lsa:GEMEINDE:15085140,Harsleben,party:F3,2,0,106,106,0
WAHLBEZIRK->GEMEINDE,lsa:GEMEINDE:15085140,Harsleben,party:F4,2,0,142,142,0
WAHLBEZIRK->GEMEINDE,lsa:GEMEINDE:15085140,Harsleben,party:F5,2,0,34,34,0
WAHLBEZIRK->GEMEINDE,lsa:GEMEINDE:15085140,Harsleben,party:F6,2,0,78,78,0
WAHLBEZIRK->GEMEINDE,lsa:GEMEINDE:15085140,Harsleben,party:F7,2,0,28,28,0
WAHLBEZIRK->GEMEINDE,lsa:GEMEINDE:15085140,Harsleben,party:F8,2,0,1,1,0
WAHLBEZIRK->GEMEINDE,lsa:GEMEINDE:15085140,Harsleben,party:F9,2,0,21,21,0
WAHLBEZIRK->GEMEINDE,lsa:GEMEINDE:15085145,"Harzgerode, Stadt",reported_precincts,13,0,13,13,0
WAHLBEZIRK->GEMEINDE,lsa:GEMEINDE:15085145,"Harzgerode, Stadt",total_precincts,13,0,13,13,0
WAHLBEZIRK->GEMEINDE,lsa:GEMEINDE:15085145,"Harzgerode, Stadt",voters_total,13,0,4820,4820,0
WAHLBEZIRK->GEMEINDE,lsa:GEMEINDE:15085145,"Harzgerode, Stadt",valid_votes_erst,13,0,4771,4771,0
WAHLBEZIRK->GEMEINDE,lsa:GEMEINDE:15085145,"Harzgerode, Stadt",valid_votes_zweit,13,0,4771,4771,0
WAHLBEZIRK->GEMEINDE,lsa:GEMEINDE:15085145,"Harzgerode, Stadt",party:D1,13,0,1234,1234,0
WAHLBEZIRK->GEMEINDE,lsa:GEMEINDE:15085145,"Harzgerode, Stadt",party:D15,13,0,184,184,0
WAHLBEZIRK->GEMEINDE,lsa:GEMEINDE:15085145,"Harzgerode, Stadt",party:D2,13,0,2303,2303,0
WAHLBEZIRK->GEMEINDE,lsa:GEMEINDE:15085145,"Harzgerode, Stadt",party:D3,13,0,378,378,0
WAHLBEZIRK->GEMEINDE,lsa:GEMEINDE:15085145,"Harzgerode, Stadt",party:D4,13,0,443,443,0
WAHLBEZIRK->GEMEINDE,lsa:GEMEINDE:15085145,"Harzgerode, Stadt",party:D5,13,0,72,72,0
WAHLBEZIRK->GEMEINDE,lsa:GEMEINDE:15085145,"Harzgerode, Stadt",party:D6,13,0,53,53,0
WAHLBEZIRK->GEMEINDE,lsa:GEMEINDE:15085145,"Harzgerode, Stadt",party:D7,13,0,104,104,0
WAHLBEZIRK->GEMEINDE,lsa:GEMEINDE:15085145,"Harzgerode, Stadt",party:F1,13,0,962,962,0
WAHLBEZIRK->GEMEINDE,lsa:GEMEINDE:15085145,"Harzgerode, Stadt",party:F10,13,0,18,18,0
WAHLBEZIRK->GEMEINDE,lsa:GEMEINDE:15085145,"Harzgerode, Stadt",party:F11,13,0,10,10,0
WAHLBEZIRK->GEMEINDE,lsa:GEMEINDE:15085145,"Harzgerode, Stadt",party:F12,13,0,21,21,0
WAHLBEZIRK->GEMEINDE,lsa:GEMEINDE:15085145,"Harzgerode, Stadt",party:F15,13,0,232,232,0
WAHLBEZIRK->GEMEINDE,lsa:GEMEINDE:15085145,"Harzgerode, Stadt",party:F19,13,0,7,7,0
WAHLBEZIRK->GEMEINDE,lsa:GEMEINDE:15085145,"Harzgerode, Stadt",party:F2,13,0,2342,2342,0
WAHLBEZIRK->GEMEINDE,lsa:GEMEINDE:15085145,"Harzgerode, Stadt",party:F20,13,0,12,12,0
WAHLBEZIRK->GEMEINDE,lsa:GEMEINDE:15085145,"Harzgerode, Stadt",party:F3,13,0,332,332,0
WAHLBEZIRK->GEMEINDE,lsa:GEMEINDE:15085145,"Harzgerode, Stadt",party:F4,13,0,400,400,0
WAHLBEZIRK->GEMEINDE,lsa:GEMEINDE:15085145,"Harzgerode, Stadt",party:F5,13,0,98,98,0
WAHLBEZIRK->GEMEINDE,lsa:GEMEINDE:15085145,"Harzgerode, Stadt",party:F6,13,0,246,246,0
WAHLBEZIRK->GEMEINDE,lsa:GEMEINDE:15085145,"Harzgerode, Stadt",party:F7,13,0,37,37,0
WAHLBEZIRK->GEMEINDE,lsa:GEMEINDE:15085145,"Harzgerode, Stadt",party:F8,13,0,5,5,0
WAHLBEZIRK->GEMEINDE,lsa:GEMEINDE:15085145,"Harzgerode, Stadt",party:F9,13,0,49,49,0
WAHLBEZIRK->GEMEINDE,lsa:GEMEINDE:15085160,Hedersleben,reported_precincts,2,0,2,2,0
WAHLBEZIRK->GEMEINDE,lsa:GEMEINDE:15085160,Hedersleben,total_precincts,2,0,2,2,0
WAHLBEZIRK->GEMEINDE,lsa:GEMEINDE:15085160,Hedersleben,voters_total,2,0,866,866,0
WAHLBEZIRK->GEMEINDE,lsa:GEMEINDE:15085160,Hedersleben,valid_votes_erst,2,0,850,850,0
WAHLBEZIRK->GEMEINDE,lsa:GEMEINDE:15085160,Hedersleben,valid_votes_zweit,2,0,856,856,0
WAHLBEZIRK->GEMEINDE,lsa:GEMEINDE:15085160,Hedersleben,party:D1,2,0,173,173,0
WAHLBEZIRK->GEMEINDE,lsa:GEMEINDE:15085160,Hedersleben,party:D15,2,0,33,33,0
WAHLBEZIRK->GEMEINDE,lsa:GEMEINDE:15085160,Hedersleben,party:D2,2,0,476,476,0
WAHLBEZIRK->GEMEINDE,lsa:GEMEINDE:15085160,Hedersleben,party:D21,2,0,5,5,0
WAHLBEZIRK->GEMEINDE,lsa:GEMEINDE:15085160,Hedersleben,party:D3,2,0,49,49,0
WAHLBEZIRK->GEMEINDE,lsa:GEMEINDE:15085160,Hedersleben,party:D4,2,0,47,47,0
WAHLBEZIRK->GEMEINDE,lsa:GEMEINDE:15085160,Hedersleben,party:D5,2,0,34,34,0
WAHLBEZIRK->GEMEINDE,lsa:GEMEINDE:15085160,Hedersleben,party:D6,2,0,17,17,0
WAHLBEZIRK->GEMEINDE,lsa:GEMEINDE:15085160,Hedersleben,party:D7,2,0,16,16,0
WAHLBEZIRK->GEMEINDE,lsa:GEMEINDE:15085160,Hedersleben,party:F1,2,0,188,188,0
WAHLBEZIRK->GEMEINDE,lsa:GEMEINDE:15085160,Hedersleben,party:F10,2,0,2,2,0
WAHLBEZIRK->GEMEINDE,lsa:GEMEINDE:15085160,Hedersleben,party:F11,2,0,2,2,0
WAHLBEZIRK->GEMEINDE,lsa:GEMEINDE:15085160,Hedersleben,party:F12,2,0,8,8,0
WAHLBEZIRK->GEMEINDE,lsa:GEMEINDE:15085160,Hedersleben,party:F15,2,0,20,20,0
WAHLBEZIRK->GEMEINDE,lsa:GEMEINDE:15085160,Hedersleben,party:F19,2,0,0,0,0
WAHLBEZIRK->GEMEINDE,lsa:GEMEINDE:15085160,Hedersleben,party:F2,2,0,484,484,0
WAHLBEZIRK->GEMEINDE,lsa:GEMEINDE:15085160,Hedersleben,party:F20,2,0,1,1,0
WAHLBEZIRK->GEMEINDE,lsa:GEMEINDE:15085160,Hedersleben,party:F3,2,0,45,45,0
WAHLBEZIRK->GEMEINDE,lsa:GEMEINDE:15085160,Hedersleben,party:F4,2,0,25,25,0
WAHLBEZIRK->GEMEINDE,lsa:GEMEINDE:15085160,Hedersleben,party:F5,2,0,28,28,0
WAHLBEZIRK->GEMEINDE,lsa:GEMEINDE:15085160,Hedersleben,party:F6,2,0,23,23,0
WAHLBEZIRK->GEMEINDE,lsa:GEMEINDE:15085160,Hedersleben,party:F7,2,0,8,8,0
WAHLBEZIRK->GEMEINDE,lsa:GEMEINDE:15085160,Hedersleben,party:F8,2,0,17,17,0
WAHLBEZIRK->GEMEINDE,lsa:GEMEINDE:15085160,Hedersleben,party:F9,2,0,5,5,0
WAHLBEZIRK->GEMEINDE,lsa:GEMEINDE:15085185,Huy,reported_precincts,12,0,12,12,0
WAHLBEZIRK->GEMEINDE,lsa:GEMEINDE:15085185,Huy,total_precincts,12,0,12,12,0
WAHLBEZIRK->GEMEINDE,lsa:GEMEINDE:15085185,Huy,voters_total,12,0,4363,4363,0
WAHLBEZIRK->GEMEINDE,lsa:GEMEINDE:15085185,Huy,valid_votes_erst,12,0,4318,4318,0
WAHLBEZIRK->GEMEINDE,lsa:GEMEINDE:15085185,Huy,valid_votes_zweit,12,0,4321,4321,0
WAHLBEZIRK->GEMEINDE,lsa:GEMEINDE:15085185,Huy,party:D1,12,0,856,856,0
WAHLBEZIRK->GEMEINDE,lsa:GEMEINDE:15085185,Huy,party:D15,12,0,209,209,0
WAHLBEZIRK->GEMEINDE,lsa:GEMEINDE:15085185,Huy,party:D2,12,0,2013,2013,0
WAHLBEZIRK->GEMEINDE,lsa:GEMEINDE:15085185,Huy,party:D3,12,0,324,324,0
WAHLBEZIRK->GEMEINDE,lsa:GEMEINDE:15085185,Huy,party:D4,12,0,589,589,0
WAHLBEZIRK->GEMEINDE,lsa:GEMEINDE:15085185,Huy,party:D5,12,0,59,59,0
WAHLBEZIRK->GEMEINDE,lsa:GEMEINDE:15085185,Huy,party:D6,12,0,100,100,0
WAHLBEZIRK->GEMEINDE,lsa:GEMEINDE:15085185,Huy,party:D7,12,0,168,168,0
WAHLBEZIRK->GEMEINDE,lsa:GEMEINDE:15085185,Huy,party:F1,12,0,761,761,0
WAHLBEZIRK->GEMEINDE,lsa:GEMEINDE:15085185,Huy,party:F10,12,0,23,23,0
WAHLBEZIRK->GEMEINDE,lsa:GEMEINDE:15085185,Huy,party:F11,12,0,10,10,0
WAHLBEZIRK->GEMEINDE,lsa:GEMEINDE:15085185,Huy,party:F12,12,0,20,20,0
WAHLBEZIRK->GEMEINDE,lsa:GEMEINDE:15085185,Huy,party:F15,12,0,252,252,0
WAHLBEZIRK->GEMEINDE,lsa:GEMEINDE:15085185,Huy,party:F19,12,0,6,6,0
WAHLBEZIRK->GEMEINDE,lsa:GEMEINDE:15085185,Huy,party:F2,12,0,2048,2048,0
WAHLBEZIRK->GEMEINDE,lsa:GEMEINDE:15085185,Huy,party:F20,12,0,10,10,0
WAHLBEZIRK->GEMEINDE,lsa:GEMEINDE:15085185,Huy,party:F3,12,0,303,303,0
WAHLBEZIRK->GEMEINDE,lsa:GEMEINDE:15085185,Huy,party:F4,12,0,446,446,0
WAHLBEZIRK->GEMEINDE,lsa:GEMEINDE:15085185,Huy,party:F5,12,0,89,89,0
WAHLBEZIRK->GEMEINDE,lsa:GEMEINDE:15085185,Huy,party:F6,12,0,216,216,0
WAHLBEZIRK->GEMEINDE,lsa:GEMEINDE:15085185,Huy,party:F7,12,0,86,86,0
WAHLBEZIRK->GEMEINDE,lsa:GEMEINDE:15085185,Huy,party:F8,12,0,4,4,0
WAHLBEZIRK->GEMEINDE,lsa:GEMEINDE:15085185,Huy,party:F9,12,0,47,47,0
WAHLBEZIRK->GEMEINDE,lsa:GEMEINDE:15085190,"Ilsenburg (Harz), Stadt",reported_precincts,9,0,9,9,0
WAHLBEZIRK->GEMEINDE,lsa:GEMEINDE:15085190,"Ilsenburg (Harz), Stadt",total_precincts,9,0,9,9,0
WAHLBEZIRK->GEMEINDE,lsa:GEMEINDE:15085190,"Ilsenburg (Harz), Stadt",voters_total,9,0,6435,6435,0
WAHLBEZIRK->GEMEINDE,lsa:GEMEINDE:15085190,"Ilsenburg (Harz), Stadt",valid_votes_erst,9,0,6358,6358,0
WAHLBEZIRK->GEMEINDE,lsa:GEMEINDE:15085190,"Ilsenburg (Harz), Stadt",valid_votes_zweit,9,0,6377,6377,0
WAHLBEZIRK->GEMEINDE,lsa:GEMEINDE:15085190,"Ilsenburg (Harz), Stadt",party:D1,9,0,1307,1307,0
WAHLBEZIRK->GEMEINDE,lsa:GEMEINDE:15085190,"Ilsenburg (Harz), Stadt",party:D15,9,0,299,299,0
WAHLBEZIRK->GEMEINDE,lsa:GEMEINDE:15085190,"Ilsenburg (Harz), Stadt",party:D2,9,0,2115,2115,0
WAHLBEZIRK->GEMEINDE,lsa:GEMEINDE:15085190,"Ilsenburg (Harz), Stadt",party:D3,9,0,616,616,0
WAHLBEZIRK->GEMEINDE,lsa:GEMEINDE:15085190,"Ilsenburg (Harz), Stadt",party:D4,9,0,1391,1391,0
WAHLBEZIRK->GEMEINDE,lsa:GEMEINDE:15085190,"Ilsenburg (Harz), Stadt",party:D5,9,0,130,130,0
WAHLBEZIRK->GEMEINDE,lsa:GEMEINDE:15085190,"Ilsenburg (Harz), Stadt",party:D6,9,0,227,227,0
WAHLBEZIRK->GEMEINDE,lsa:GEMEINDE:15085190,"Ilsenburg (Harz), Stadt",party:D7,9,0,273,273,0
WAHLBEZIRK->GEMEINDE,lsa:GEMEINDE:15085190,"Ilsenburg (Harz), Stadt",party:F1,9,0,1177,1177,0
WAHLBEZIRK->GEMEINDE,lsa:GEMEINDE:15085190,"Ilsenburg (Harz), Stadt",party:F10,9,0,21,21,0
WAHLBEZIRK->GEMEINDE,lsa:GEMEINDE:15085190,"Ilsenburg (Harz), Stadt",party:F11,9,0,21,21,0
WAHLBEZIRK->GEMEINDE,lsa:GEMEINDE:15085190,"Ilsenburg (Harz), Stadt",party:F12,9,0,47,47,0
WAHLBEZIRK->GEMEINDE,lsa:GEMEINDE:15085190,"Ilsenburg (Harz), Stadt",party:F15,9,0,328,328,0
WAHLBEZIRK->GEMEINDE,lsa:GEMEINDE:15085190,"Ilsenburg (Harz), Stadt",party:F19,9,0,13,13,0
WAHLBEZIRK->GEMEINDE,lsa:GEMEINDE:15085190,"Ilsenburg (Harz), Stadt",party:F2,9,0,2191,2191,0
WAHLBEZIRK->GEMEINDE,lsa:GEMEINDE:15085190,"Ilsenburg (Harz), Stadt",party:F20,9,0,44,44,0
WAHLBEZIRK->GEMEINDE,lsa:GEMEINDE:15085190,"Ilsenburg (Harz), Stadt",party:F3,9,0,504,504,0
WAHLBEZIRK->GEMEINDE,lsa:GEMEINDE:15085190,"Ilsenburg (Harz), Stadt",party:F4,9,0,1053,1053,0
WAHLBEZIRK->GEMEINDE,lsa:GEMEINDE:15085190,"Ilsenburg (Harz), Stadt",party:F5,9,0,134,134,0
WAHLBEZIRK->GEMEINDE,lsa:GEMEINDE:15085190,"Ilsenburg (Harz), Stadt",party:F6,9,0,622,622,0
WAHLBEZIRK->GEMEINDE,lsa:GEMEINDE:15085190,"Ilsenburg (Harz), Stadt",party:F7,9,0,136,136,0
WAHLBEZIRK->GEMEINDE,lsa:GEMEINDE:15085190,"Ilsenburg (Harz), Stadt",party:F8,9,0,11,11,0
WAHLBEZIRK->GEMEINDE,lsa:GEMEINDE:15085190,"Ilsenburg (Harz), Stadt",party:F9,9,0,75,75,0
WAHLBEZIRK->GEMEINDE,lsa:GEMEINDE:15085227,Nordharz,reported_precincts,9,0,9,9,0
WAHLBEZIRK->GEMEINDE,lsa:GEMEINDE:15085227,Nordharz,total_precincts,9,0,9,9,0
WAHLBEZIRK->GEMEINDE,lsa:GEMEINDE:15085227,Nordharz,voters_total,9,0,5214,5214,0
WAHLBEZIRK->GEMEINDE,lsa:GEMEINDE:15085227,Nordharz,valid_votes_erst,9,0,5160,5160,0
WAHLBEZIRK->GEMEINDE,lsa:GEMEINDE:15085227,Nordharz,valid_votes_zweit,9,0,5171,5171,0
WAHLBEZIRK->GEMEINDE,lsa:GEMEINDE:15085227,Nordharz,party:D1,9,0,986,986,0
WAHLBEZIRK->GEMEINDE,lsa:GEMEINDE:15085227,Nordharz,party:D15,9,0,274,274,0
WAHLBEZIRK->GEMEINDE,lsa:GEMEINDE:15085227,Nordharz,party:D2,9,0,2289,2289,0
WAHLBEZIRK->GEMEINDE,lsa:GEMEINDE:15085227,Nordharz,party:D3,9,0,409,409,0
WAHLBEZIRK->GEMEINDE,lsa:GEMEINDE:15085227,Nordharz,party:D4,9,0,703,703,0
WAHLBEZIRK->GEMEINDE,lsa:GEMEINDE:15085227,Nordharz,party:D5,9,0,118,118,0
WAHLBEZIRK->GEMEINDE,lsa:GEMEINDE:15085227,Nordharz,party:D6,9,0,173,173,0
WAHLBEZIRK->GEMEINDE,lsa:GEMEINDE:15085227,Nordharz,party:D7,9,0,208,208,0
WAHLBEZIRK->GEMEINDE,lsa:GEMEINDE:15085227,Nordharz,party:F1,9,0,839,839,0
WAHLBEZIRK->GEMEINDE,lsa:GEMEINDE:15085227,Nordharz,party:F10,9,0,21,21,0
WAHLBEZIRK->GEMEINDE,lsa:GEMEINDE:15085227,Nordharz,party:F11,9,0,11,11,0
WAHLBEZIRK->GEMEINDE,lsa:GEMEINDE:15085227,Nordharz,party:F12,9,0,38,38,0
WAHLBEZIRK->GEMEINDE,lsa:GEMEINDE:15085227,Nordharz,party:F15,9,0,303,303,0
WAHLBEZIRK->GEMEINDE,lsa:GEMEINDE:15085227,Nordharz,party:F19,9,0,4,4,0
WAHLBEZIRK->GEMEINDE,lsa:GEMEINDE:15085227,Nordharz,party:F2,9,0,2308,2308,0
WAHLBEZIRK->GEMEINDE,lsa:GEMEINDE:15085227,Nordharz,party:F20,9,0,15,15,0
WAHLBEZIRK->GEMEINDE,lsa:GEMEINDE:15085227,Nordharz,party:F3,9,0,338,338,0
WAHLBEZIRK->GEMEINDE,lsa:GEMEINDE:15085227,Nordharz,party:F4,9,0,671,671,0
WAHLBEZIRK->GEMEINDE,lsa:GEMEINDE:15085227,Nordharz,party:F5,9,0,84,84,0
WAHLBEZIRK->GEMEINDE,lsa:GEMEINDE:15085227,Nordharz,party:F6,9,0,353,353,0
WAHLBEZIRK->GEMEINDE,lsa:GEMEINDE:15085227,Nordharz,party:F7,9,0,104,104,0
WAHLBEZIRK->GEMEINDE,lsa:GEMEINDE:15085227,Nordharz,party:F8,9,0,21,21,0
WAHLBEZIRK->GEMEINDE,lsa:GEMEINDE:15085227,Nordharz,party:F9,9,0,61,61,0
WAHLBEZIRK->GEMEINDE,lsa:GEMEINDE:15085228,"Oberharz am Brocken, Stadt",reported_precincts,12,0,12,12,0
WAHLBEZIRK->GEMEINDE,lsa:GEMEINDE:15085228,"Oberharz am Brocken, Stadt",total_precincts,12,0,12,12,0
WAHLBEZIRK->GEMEINDE,lsa:GEMEINDE:15085228,"Oberharz am Brocken, Stadt",voters_total,12,0,6376,6376,0
WAHLBEZIRK->GEMEINDE,lsa:GEMEINDE:15085228,"Oberharz am Brocken, Stadt",valid_votes_erst,12,0,6305,6305,0
WAHLBEZIRK->GEMEINDE,lsa:GEMEINDE:15085228,"Oberharz am Brocken, Stadt",valid_votes_zweit,12,0,6301,6301,0
WAHLBEZIRK->GEMEINDE,lsa:GEMEINDE:15085228,"Oberharz am Brocken, Stadt",party:D1,12,0,1419,1419,0
WAHLBEZIRK->GEMEINDE,lsa:GEMEINDE:15085228,"Oberharz am Brocken, Stadt",party:D15,12,0,388,388,0
WAHLBEZIRK->GEMEINDE,lsa:GEMEINDE:15085228,"Oberharz am Brocken, Stadt",party:D2,12,0,2714,2714,0
WAHLBEZIRK->GEMEINDE,lsa:GEMEINDE:15085228,"Oberharz am Brocken, Stadt",party:D3,12,0,373,373,0
WAHLBEZIRK->GEMEINDE,lsa:GEMEINDE:15085228,"Oberharz am Brocken, Stadt",party:D4,12,0,924,924,0
WAHLBEZIRK->GEMEINDE,lsa:GEMEINDE:15085228,"Oberharz am Brocken, Stadt",party:D5,12,0,93,93,0
WAHLBEZIRK->GEMEINDE,lsa:GEMEINDE:15085228,"Oberharz am Brocken, Stadt",party:D6,12,0,115,115,0
WAHLBEZIRK->GEMEINDE,lsa:GEMEINDE:15085228,"Oberharz am Brocken, Stadt",party:D7,12,0,279,279,0
WAHLBEZIRK->GEMEINDE,lsa:GEMEINDE:15085228,"Oberharz am Brocken, Stadt",party:F1,12,0,1193,1193,0
WAHLBEZIRK->GEMEINDE,lsa:GEMEINDE:15085228,"Oberharz am Brocken, Stadt",party:F10,12,0,23,23,0
WAHLBEZIRK->GEMEINDE,lsa:GEMEINDE:15085228,"Oberharz am Brocken, Stadt",party:F11,12,0,18,18,0
WAHLBEZIRK->GEMEINDE,lsa:GEMEINDE:15085228,"Oberharz am Brocken, Stadt",party:F12,12,0,34,34,0
WAHLBEZIRK->GEMEINDE,lsa:GEMEINDE:15085228,"Oberharz am Brocken, Stadt",party:F15,12,0,404,404,0
WAHLBEZIRK->GEMEINDE,lsa:GEMEINDE:15085228,"Oberharz am Brocken, Stadt",party:F19,12,0,10,10,0
WAHLBEZIRK->GEMEINDE,lsa:GEMEINDE:15085228,"Oberharz am Brocken, Stadt",party:F2,12,0,2941,2941,0
WAHLBEZIRK->GEMEINDE,lsa:GEMEINDE:15085228,"Oberharz am Brocken, Stadt",party:F20,12,0,16,16,0
WAHLBEZIRK->GEMEINDE,lsa:GEMEINDE:15085228,"Oberharz am Brocken, Stadt",party:F3,12,0,410,410,0
WAHLBEZIRK->GEMEINDE,lsa:GEMEINDE:15085228,"Oberharz am Brocken, Stadt",party:F4,12,0,651,651,0
WAHLBEZIRK->GEMEINDE,lsa:GEMEINDE:15085228,"Oberharz am Brocken, Stadt",party:F5,12,0,107,107,0
WAHLBEZIRK->GEMEINDE,lsa:GEMEINDE:15085228,"Oberharz am Brocken, Stadt",party:F6,12,0,300,300,0
WAHLBEZIRK->GEMEINDE,lsa:GEMEINDE:15085228,"Oberharz am Brocken, Stadt",party:F7,12,0,128,128,0
WAHLBEZIRK->GEMEINDE,lsa:GEMEINDE:15085228,"Oberharz am Brocken, Stadt",party:F8,12,0,5,5,0
WAHLBEZIRK->GEMEINDE,lsa:GEMEINDE:15085228,"Oberharz am Brocken, Stadt",party:F9,12,0,61,61,0
WAHLBEZIRK->GEMEINDE,lsa:GEMEINDE:15085230,"Osterwieck, Stadt",reported_precincts,21,0,21,21,0
WAHLBEZIRK->GEMEINDE,lsa:GEMEINDE:15085230,"Osterwieck, Stadt",total_precincts,21,0,21,21,0
WAHLBEZIRK->GEMEINDE,lsa:GEMEINDE:15085230,"Osterwieck, Stadt",voters_total,21,0,7213,7213,0
WAHLBEZIRK->GEMEINDE,lsa:GEMEINDE:15085230,"Osterwieck, Stadt",valid_votes_erst,21,0,7092,7092,0
WAHLBEZIRK->GEMEINDE,lsa:GEMEINDE:15085230,"Osterwieck, Stadt",valid_votes_zweit,21,0,7096,7096,0
WAHLBEZIRK->GEMEINDE,lsa:GEMEINDE:15085230,"Osterwieck, Stadt",party:D1,21,0,1502,1502,0
WAHLBEZIRK->GEMEINDE,lsa:GEMEINDE:15085230,"Osterwieck, Stadt",party:D15,21,0,274,274,0
WAHLBEZIRK->GEMEINDE,lsa:GEMEINDE:15085230,"Osterwieck, Stadt",party:D2,21,0,3141,3141,0
WAHLBEZIRK->GEMEINDE,lsa:GEMEINDE:15085230,"Osterwieck, Stadt",party:D3,21,0,676,676,0
WAHLBEZIRK->GEMEINDE,lsa:GEMEINDE:15085230,"Osterwieck, Stadt",party:D4,21,0,837,837,0
WAHLBEZIRK->GEMEINDE,lsa:GEMEINDE:15085230,"Osterwieck, Stadt",party:D5,21,0,159,159,0
WAHLBEZIRK->GEMEINDE,lsa:GEMEINDE:15085230,"Osterwieck, Stadt",party:D6,21,0,219,219,0
WAHLBEZIRK->GEMEINDE,lsa:GEMEINDE:15085230,"Osterwieck, Stadt",party:D7,21,0,284,284,0
WAHLBEZIRK->GEMEINDE,lsa:GEMEINDE:15085230,"Osterwieck, Stadt",party:F1,21,0,1219,1219,0
WAHLBEZIRK->GEMEINDE,lsa:GEMEINDE:15085230,"Osterwieck, Stadt",party:F10,21,0,34,34,0
WAHLBEZIRK->GEMEINDE,lsa:GEMEINDE:15085230,"Osterwieck, Stadt",party:F11,21,0,18,18,0
WAHLBEZIRK->GEMEINDE,lsa:GEMEINDE:15085230,"Osterwieck, Stadt",party:F12,21,0,50,50,0
WAHLBEZIRK->GEMEINDE,lsa:GEMEINDE:15085230,"Osterwieck, Stadt",party:F15,21,0,354,354,0
WAHLBEZIRK->GEMEINDE,lsa:GEMEINDE:15085230,"Osterwieck, Stadt",party:F19,21,0,13,13,0
WAHLBEZIRK->GEMEINDE,lsa:GEMEINDE:15085230,"Osterwieck, Stadt",party:F2,21,0,3207,3207,0
WAHLBEZIRK->GEMEINDE,lsa:GEMEINDE:15085230,"Osterwieck, Stadt",party:F20,21,0,12,12,0
WAHLBEZIRK->GEMEINDE,lsa:GEMEINDE:15085230,"Osterwieck, Stadt",party:F3,21,0,533,533,0
WAHLBEZIRK->GEMEINDE,lsa:GEMEINDE:15085230,"Osterwieck, Stadt",party:F4,21,0,794,794,0
WAHLBEZIRK->GEMEINDE,lsa:GEMEINDE:15085230,"Osterwieck, Stadt",party:F5,21,0,156,156,0
WAHLBEZIRK->GEMEINDE,lsa:GEMEINDE:15085230,"Osterwieck, Stadt",party:F6,21,0,483,483,0
WAHLBEZIRK->GEMEINDE,lsa:GEMEINDE:15085230,"Osterwieck, Stadt",party:F7,21,0,139,139,0
WAHLBEZIRK->GEMEINDE,lsa:GEMEINDE:15085230,"Osterwieck, Stadt",party:F8,21,0,3,3,0
WAHLBEZIRK->GEMEINDE,lsa:GEMEINDE:15085230,"Osterwieck, Stadt",party:F9,21,0,81,81,0
WAHLBEZIRK->GEMEINDE,lsa:GEMEINDE:15085235,"Quedlinburg, Welterbestadt",reported_precincts,18,0,18,18,0
WAHLBEZIRK->GEMEINDE,lsa:GEMEINDE:15085235,"Quedlinburg, Welterbestadt",total_precincts,18,0,18,18,0
WAHLBEZIRK->GEMEINDE,lsa:GEMEINDE:15085235,"Quedlinburg, Welterbestadt",voters_total,18,0,14787,14787,0
WAHLBEZIRK->GEMEINDE,lsa:GEMEINDE:15085235,"Quedlinburg, Welterbestadt",valid_votes_erst,18,0,14556,14556,0
WAHLBEZIRK->GEMEINDE,lsa:GEMEINDE:15085235,"Quedlinburg, Welterbestadt",valid_votes_zweit,18,0,14594,14594,0
WAHLBEZIRK->GEMEINDE,lsa:GEMEINDE:15085235,"Quedlinburg, Welterbestadt",party:D1,18,0,3294,3294,0
WAHLBEZIRK->GEMEINDE,lsa:GEMEINDE:15085235,"Quedlinburg, Welterbestadt",party:D15,18,0,687,687,0
WAHLBEZIRK->GEMEINDE,lsa:GEMEINDE:15085235,"Quedlinburg, Welterbestadt",party:D2,18,0,5972,5972,0
WAHLBEZIRK->GEMEINDE,lsa:GEMEINDE:15085235,"Quedlinburg, Welterbestadt",party:D21,18,0,204,204,0
WAHLBEZIRK->GEMEINDE,lsa:GEMEINDE:15085235,"Quedlinburg, Welterbestadt",party:D3,18,0,1398,1398,0
WAHLBEZIRK->GEMEINDE,lsa:GEMEINDE:15085235,"Quedlinburg, Welterbestadt",party:D4,18,0,1233,1233,0
WAHLBEZIRK->GEMEINDE,lsa:GEMEINDE:15085235,"Quedlinburg, Welterbestadt",party:D5,18,0,322,322,0
WAHLBEZIRK->GEMEINDE,lsa:GEMEINDE:15085235,"Quedlinburg, Welterbestadt",party:D6,18,0,1134,1134,0
WAHLBEZIRK->GEMEINDE,lsa:GEMEINDE:15085235,"Quedlinburg, Welterbestadt",party:D7,18,0,312,312,0
WAHLBEZIRK->GEMEINDE,lsa:GEMEINDE:15085235,"Quedlinburg, Welterbestadt",party:F1,18,0,2623,2623,0
WAHLBEZIRK->GEMEINDE,lsa:GEMEINDE:15085235,"Quedlinburg, Welterbestadt",party:F10,18,0,56,56,0
WAHLBEZIRK->GEMEINDE,lsa:GEMEINDE:15085235,"Quedlinburg, Welterbestadt",party:F11,18,0,66,66,0
WAHLBEZIRK->GEMEINDE,lsa:GEMEINDE:15085235,"Quedlinburg, Welterbestadt",party:F12,18,0,85,85,0
WAHLBEZIRK->GEMEINDE,lsa:GEMEINDE:15085235,"Quedlinburg, Welterbestadt",party:F15,18,0,776,776,0
WAHLBEZIRK->GEMEINDE,lsa:GEMEINDE:15085235,"Quedlinburg, Welterbestadt",party:F19,18,0,23,23,0
WAHLBEZIRK->GEMEINDE,lsa:GEMEINDE:15085235,"Quedlinburg, Welterbestadt",party:F2,18,0,6068,6068,0
WAHLBEZIRK->GEMEINDE,lsa:GEMEINDE:15085235,"Quedlinburg, Welterbestadt",party:F20,18,0,25,25,0
WAHLBEZIRK->GEMEINDE,lsa:GEMEINDE:15085235,"Quedlinburg, Welterbestadt",party:F3,18,0,1224,1224,0
WAHLBEZIRK->GEMEINDE,lsa:GEMEINDE:15085235,"Quedlinburg, Welterbestadt",party:F4,18,0,1372,1372,0
WAHLBEZIRK->GEMEINDE,lsa:GEMEINDE:15085235,"Quedlinburg, Welterbestadt",party:F5,18,0,349,349,0
WAHLBEZIRK->GEMEINDE,lsa:GEMEINDE:15085235,"Quedlinburg, Welterbestadt",party:F6,18,0,1556,1556,0
WAHLBEZIRK->GEMEINDE,lsa:GEMEINDE:15085235,"Quedlinburg, Welterbestadt",party:F7,18,0,182,182,0
WAHLBEZIRK->GEMEINDE,lsa:GEMEINDE:15085235,"Quedlinburg, Welterbestadt",party:F8,18,0,22,22,0
WAHLBEZIRK->GEMEINDE,lsa:GEMEINDE:15085235,"Quedlinburg, Welterbestadt",party:F9,18,0,167,167,0
WAHLBEZIRK->GEMEINDE,lsa:GEMEINDE:15085285,"Schwanebeck, Stadt",reported_precincts,3,0,3,3,0
WAHLBEZIRK->GEMEINDE,lsa:GEMEINDE:15085285,"Schwanebeck, Stadt",total_precincts,3,0,3,3,0
WAHLBEZIRK->GEMEINDE,lsa:GEMEINDE:15085285,"Schwanebeck, Stadt",voters_total,3,0,1571,1571,0
WAHLBEZIRK->GEMEINDE,lsa:GEMEINDE:15085285,"Schwanebeck, Stadt",valid_votes_erst,3,0,1541,1541,0
WAHLBEZIRK->GEMEINDE,lsa:GEMEINDE:15085285,"Schwanebeck, Stadt",valid_votes_zweit,3,0,1536,1536,0
WAHLBEZIRK->GEMEINDE,lsa:GEMEINDE:15085285,"Schwanebeck, Stadt",party:D1,3,0,251,251,0
WAHLBEZIRK->GEMEINDE,lsa:GEMEINDE:15085285,"Schwanebeck, Stadt",party:D15,3,0,61,61,0
WAHLBEZIRK->GEMEINDE,lsa:GEMEINDE:15085285,"Schwanebeck, Stadt",party:D2,3,0,910,910,0
WAHLBEZIRK->GEMEINDE,lsa:GEMEINDE:15085285,"Schwanebeck, Stadt",party:D3,3,0,136,136,0
WAHLBEZIRK->GEMEINDE,lsa:GEMEINDE:15085285,"Schwanebeck, Stadt",party:D4,3,0,102,102,0
WAHLBEZIRK->GEMEINDE,lsa:GEMEINDE:15085285,"Schwanebeck, Stadt",party:D5,3,0,19,19,0
WAHLBEZIRK->GEMEINDE,lsa:GEMEINDE:15085285,"Schwanebeck, Stadt",party:D6,3,0,22,22,0
WAHLBEZIRK->GEMEINDE,lsa:GEMEINDE:15085285,"Schwanebeck, Stadt",party:D7,3,0,40,40,0
WAHLBEZIRK->GEMEINDE,lsa:GEMEINDE:15085285,"Schwanebeck, Stadt",party:F1,3,0,191,191,0
WAHLBEZIRK->GEMEINDE,lsa:GEMEINDE:15085285,"Schwanebeck, Stadt",party:F10,3,0,7,7,0
WAHLBEZIRK->GEMEINDE,lsa:GEMEINDE:15085285,"Schwanebeck, Stadt",party:F11,3,0,3,3,0
WAHLBEZIRK->GEMEINDE,lsa:GEMEINDE:15085285,"Schwanebeck, Stadt",party:F12,3,0,12,12,0
WAHLBEZIRK->GEMEINDE,lsa:GEMEINDE:15085285,"Schwanebeck, Stadt",party:F15,3,0,76,76,0
WAHLBEZIRK->GEMEINDE,lsa:GEMEINDE:15085285,"Schwanebeck, Stadt",party:F19,3,0,3,3,0
WAHLBEZIRK->GEMEINDE,lsa:GEMEINDE:15085285,"Schwanebeck, Stadt",party:F2,3,0,904,904,0
WAHLBEZIRK->GEMEINDE,lsa:GEMEINDE:15085285,"Schwanebeck, Stadt",party:F20,3,0,0,0,0
WAHLBEZIRK->GEMEINDE,lsa:GEMEINDE:15085285,"Schwanebeck, Stadt",party:F3,3,0,122,122,0
WAHLBEZIRK->GEMEINDE,lsa:GEMEINDE:15085285,"Schwanebeck, Stadt",party:F4,3,0,107,107,0
WAHLBEZIRK->GEMEINDE,lsa:GEMEINDE:15085285,"Schwanebeck, Stadt",party:F5,3,0,20,20,0
WAHLBEZIRK->GEMEINDE,lsa:GEMEINDE:15085285,"Schwanebeck, Stadt",party:F6,3,0,48,48,0
WAHLBEZIRK->GEMEINDE,lsa:GEMEINDE:15085285,"Schwanebeck, Stadt",party:F7,3,0,32,32,0
WAHLBEZIRK->GEMEINDE,lsa:GEMEINDE:15085285,"Schwanebeck, Stadt",party:F8,3,0,1,1,0
WAHLBEZIRK->GEMEINDE,lsa:GEMEINDE:15085285,"Schwanebeck, Stadt",party:F9,3,0,10,10,0
WAHLBEZIRK->GEMEINDE,lsa:GEMEINDE:15085287,Selke-Aue,reported_precincts,4,0,4,4,0
WAHLBEZIRK->GEMEINDE,lsa:GEMEINDE:15085287,Selke-Aue,total_precincts,4,0,4,4,0
WAHLBEZIRK->GEMEINDE,lsa:GEMEINDE:15085287,Selke-Aue,voters_total,4,0,937,937,0
WAHLBEZIRK->GEMEINDE,lsa:GEMEINDE:15085287,Selke-Aue,valid_votes_erst,4,0,923,923,0
WAHLBEZIRK->GEMEINDE,lsa:GEMEINDE:15085287,Selke-Aue,valid_votes_zweit,4,0,928,928,0
WAHLBEZIRK->GEMEINDE,lsa:GEMEINDE:15085287,Selke-Aue,party:D1,4,0,223,223,0
WAHLBEZIRK->GEMEINDE,lsa:GEMEINDE:15085287,Selke-Aue,party:D15,4,0,49,49,0
WAHLBEZIRK->GEMEINDE,lsa:GEMEINDE:15085287,Selke-Aue,party:D2,4,0,462,462,0
WAHLBEZIRK->GEMEINDE,lsa:GEMEINDE:15085287,Selke-Aue,party:D21,4,0,4,4,0
WAHLBEZIRK->GEMEINDE,lsa:GEMEINDE:15085287,Selke-Aue,party:D3,4,0,77,77,0
WAHLBEZIRK->GEMEINDE,lsa:GEMEINDE:15085287,Selke-Aue,party:D4,4,0,45,45,0
WAHLBEZIRK->GEMEINDE,lsa:GEMEINDE:15085287,Selke-Aue,party:D5,4,0,15,15,0
WAHLBEZIRK->GEMEINDE,lsa:GEMEINDE:15085287,Selke-Aue,party:D6,4,0,31,31,0
WAHLBEZIRK->GEMEINDE,lsa:GEMEINDE:15085287,Selke-Aue,party:D7,4,0,17,17,0
WAHLBEZIRK->GEMEINDE,lsa:GEMEINDE:15085287,Selke-Aue,party:F1,4,0,211,211,0
WAHLBEZIRK->GEMEINDE,lsa:GEMEINDE:15085287,Selke-Aue,party:F10,4,0,4,4,0
WAHLBEZIRK->GEMEINDE,lsa:GEMEINDE:15085287,Selke-Aue,party:F11,4,0,2,2,0
WAHLBEZIRK->GEMEINDE,lsa:GEMEINDE:15085287,Selke-Aue,party:F12,4,0,3,3,0
WAHLBEZIRK->GEMEINDE,lsa:GEMEINDE:15085287,Selke-Aue,party:F15,4,0,50,50,0
WAHLBEZIRK->GEMEINDE,lsa:GEMEINDE:15085287,Selke-Aue,party:F19,4,0,2,2,0
WAHLBEZIRK->GEMEINDE,lsa:GEMEINDE:15085287,Selke-Aue,party:F2,4,0,465,465,0
WAHLBEZIRK->GEMEINDE,lsa:GEMEINDE:15085287,Selke-Aue,party:F20,4,0,1,1,0
WAHLBEZIRK->GEMEINDE,lsa:GEMEINDE:15085287,Selke-Aue,party:F3,4,0,67,67,0
WAHLBEZIRK->GEMEINDE,lsa:GEMEINDE:15085287,Selke-Aue,party:F4,4,0,57,57,0
WAHLBEZIRK->GEMEINDE,lsa:GEMEINDE:15085287,Selke-Aue,party:F5,4,0,11,11,0
WAHLBEZIRK->GEMEINDE,lsa:GEMEINDE:15085287,Selke-Aue,party:F6,4,0,41,41,0
WAHLBEZIRK->GEMEINDE,lsa:GEMEINDE:15085287,Selke-Aue,party:F7,4,0,7,7,0
WAHLBEZIRK->GEMEINDE,lsa:GEMEINDE:15085287,Selke-Aue,party:F8,4,0,1,1,0
WAHLBEZIRK->GEMEINDE,lsa:GEMEINDE:15085287,Selke-Aue,party:F9,4,0,6,6,0
WAHLBEZIRK->GEMEINDE,lsa:GEMEINDE:15085330,"Thale, Stadt",reported_precincts,18,0,18,18,0
WAHLBEZIRK->GEMEINDE,lsa:GEMEINDE:15085330,"Thale, Stadt",total_precincts,18,0,18,18,0
WAHLBEZIRK->GEMEINDE,lsa:GEMEINDE:15085330,"Thale, Stadt",voters_total,18,0,10697,10697,0
WAHLBEZIRK->GEMEINDE,lsa:GEMEINDE:15085330,"Thale, Stadt",valid_votes_erst,18,0,10545,10545,0
WAHLBEZIRK->GEMEINDE,lsa:GEMEINDE:15085330,"Thale, Stadt",valid_votes_zweit,18,0,10551,10551,0
WAHLBEZIRK->GEMEINDE,lsa:GEMEINDE:15085330,"Thale, Stadt",party:D1,18,0,2273,2273,0
WAHLBEZIRK->GEMEINDE,lsa:GEMEINDE:15085330,"Thale, Stadt",party:D15,18,0,406,406,0
WAHLBEZIRK->GEMEINDE,lsa:GEMEINDE:15085330,"Thale, Stadt",party:D2,18,0,5033,5033,0
WAHLBEZIRK->GEMEINDE,lsa:GEMEINDE:15085330,"Thale, Stadt",party:D21,18,0,108,108,0
WAHLBEZIRK->GEMEINDE,lsa:GEMEINDE:15085330,"Thale, Stadt",party:D3,18,0,1117,1117,0
WAHLBEZIRK->GEMEINDE,lsa:GEMEINDE:15085330,"Thale, Stadt",party:D4,18,0,681,681,0
WAHLBEZIRK->GEMEINDE,lsa:GEMEINDE:15085330,"Thale, Stadt",party:D5,18,0,200,200,0
WAHLBEZIRK->GEMEINDE,lsa:GEMEINDE:15085330,"Thale, Stadt",party:D6,18,0,406,406,0
WAHLBEZIRK->GEMEINDE,lsa:GEMEINDE:15085330,"Thale, Stadt",party:D7,18,0,321,321,0
WAHLBEZIRK->GEMEINDE,lsa:GEMEINDE:15085330,"Thale, Stadt",party:F1,18,0,1796,1796,0
WAHLBEZIRK->GEMEINDE,lsa:GEMEINDE:15085330,"Thale, Stadt",party:F10,18,0,40,40,0
WAHLBEZIRK->GEMEINDE,lsa:GEMEINDE:15085330,"Thale, Stadt",party:F11,18,0,40,40,0
WAHLBEZIRK->GEMEINDE,lsa:GEMEINDE:15085330,"Thale, Stadt",party:F12,18,0,62,62,0
WAHLBEZIRK->GEMEINDE,lsa:GEMEINDE:15085330,"Thale, Stadt",party:F15,18,0,494,494,0
WAHLBEZIRK->GEMEINDE,lsa:GEMEINDE:15085330,"Thale, Stadt",party:F19,18,0,17,17,0
WAHLBEZIRK->GEMEINDE,lsa:GEMEINDE:15085330,"Thale, Stadt",party:F2,18,0,5016,5016,0
WAHLBEZIRK->GEMEINDE,lsa:GEMEINDE:15085330,"Thale, Stadt",party:F20,18,0,15,15,0
WAHLBEZIRK->GEMEINDE,lsa:GEMEINDE:15085330,"Thale, Stadt",party:F3,18,0,766,766,0
WAHLBEZIRK->GEMEINDE,lsa:GEMEINDE:15085330,"Thale, Stadt",party:F4,18,0,973,973,0
WAHLBEZIRK->GEMEINDE,lsa:GEMEINDE:15085330,"Thale, Stadt",party:F5,18,0,231,231,0
WAHLBEZIRK->GEMEINDE,lsa:GEMEINDE:15085330,"Thale, Stadt",party:F6,18,0,743,743,0
WAHLBEZIRK->GEMEINDE,lsa:GEMEINDE:15085330,"Thale, Stadt",party:F7,18,0,180,180,0
WAHLBEZIRK->GEMEINDE,lsa:GEMEINDE:15085330,"Thale, Stadt",party:F8,18,0,37,37,0
WAHLBEZIRK->GEMEINDE,lsa:GEMEINDE:15085330,"Thale, Stadt",party:F9,18,0,141,141,0
WAHLBEZIRK->GEMEINDE,lsa:GEMEINDE:15085365,"Wegeleben, Stadt",reported_precincts,5,0,5,5,0
WAHLBEZIRK->GEMEINDE,lsa:GEMEINDE:15085365,"Wegeleben, Stadt",total_precincts,5,0,5,5,0
WAHLBEZIRK->GEMEINDE,lsa:GEMEINDE:15085365,"Wegeleben, Stadt",voters_total,5,0,1558,1558,0
WAHLBEZIRK->GEMEINDE,lsa:GEMEINDE:15085365,"Wegeleben, Stadt",valid_votes_erst,5,0,1536,1536,0
WAHLBEZIRK->GEMEINDE,lsa:GEMEINDE:15085365,"Wegeleben, Stadt",valid_votes_zweit,5,0,1541,1541,0
WAHLBEZIRK->GEMEINDE,lsa:GEMEINDE:15085365,"Wegeleben, Stadt",party:D1,5,0,340,340,0
WAHLBEZIRK->GEMEINDE,lsa:GEMEINDE:15085365,"Wegeleben, Stadt",party:D15,5,0,83,83,0
WAHLBEZIRK->GEMEINDE,lsa:GEMEINDE:15085365,"Wegeleben, Stadt",party:D2,5,0,772,772,0
WAHLBEZIRK->GEMEINDE,lsa:GEMEINDE:15085365,"Wegeleben, Stadt",party:D21,5,0,13,13,0
WAHLBEZIRK->GEMEINDE,lsa:GEMEINDE:15085365,"Wegeleben, Stadt",party:D3,5,0,139,139,0
WAHLBEZIRK->GEMEINDE,lsa:GEMEINDE:15085365,"Wegeleben, Stadt",party:D4,5,0,76,76,0
WAHLBEZIRK->GEMEINDE,lsa:GEMEINDE:15085365,"Wegeleben, Stadt",party:D5,5,0,39,39,0
WAHLBEZIRK->GEMEINDE,lsa:GEMEINDE:15085365,"Wegeleben, Stadt",party:D6,5,0,47,47,0
WAHLBEZIRK->GEMEINDE,lsa:GEMEINDE:15085365,"Wegeleben, Stadt",party:D7,5,0,27,27,0
WAHLBEZIRK->GEMEINDE,lsa:GEMEINDE:15085365,"Wegeleben, Stadt",party:F1,5,0,280,280,0
WAHLBEZIRK->GEMEINDE,lsa:GEMEINDE:15085365,"Wegeleben, Stadt",party:F10,5,0,8,8,0
WAHLBEZIRK->GEMEINDE,lsa:GEMEINDE:15085365,"Wegeleben, Stadt",party:F11,5,0,7,7,0
WAHLBEZIRK->GEMEINDE,lsa:GEMEINDE:15085365,"Wegeleben, Stadt",party:F12,5,0,14,14,0
WAHLBEZIRK->GEMEINDE,lsa:GEMEINDE:15085365,"Wegeleben, Stadt",party:F15,5,0,99,99,0
WAHLBEZIRK->GEMEINDE,lsa:GEMEINDE:15085365,"Wegeleben, Stadt",party:F19,5,0,1,1,0
WAHLBEZIRK->GEMEINDE,lsa:GEMEINDE:15085365,"Wegeleben, Stadt",party:F2,5,0,767,767,0
WAHLBEZIRK->GEMEINDE,lsa:GEMEINDE:15085365,"Wegeleben, Stadt",party:F20,5,0,0,0,0
WAHLBEZIRK->GEMEINDE,lsa:GEMEINDE:15085365,"Wegeleben, Stadt",party:F3,5,0,127,127,0
WAHLBEZIRK->GEMEINDE,lsa:GEMEINDE:15085365,"Wegeleben, Stadt",party:F4,5,0,89,89,0
WAHLBEZIRK->GEMEINDE,lsa:GEMEINDE:15085365,"Wegeleben, Stadt",party:F5,5,0,35,35,0
WAHLBEZIRK->GEMEINDE,lsa:GEMEINDE:15085365,"Wegeleben, Stadt",party:F6,5,0,76,76,0
WAHLBEZIRK->GEMEINDE,lsa:GEMEINDE:15085365,"Wegeleben, Stadt",party:F7,5,0,20,20,0
WAHLBEZIRK->GEMEINDE,lsa:GEMEINDE:15085365,"Wegeleben, Stadt",party:F8,5,0,1,1,0
WAHLBEZIRK->GEMEINDE,lsa:GEMEINDE:15085365,"Wegeleben, Stadt",party:F9,5,0,17,17,0
WAHLBEZIRK->GEMEINDE,lsa:GEMEINDE:15085370,"Wernigerode, Stadt",reported_precincts,26,0,26,26,0
WAHLBEZIRK->GEMEINDE,lsa:GEMEINDE:15085370,"Wernigerode, Stadt",total_precincts,26,0,26,26,0
WAHLBEZIRK->GEMEINDE,lsa:GEMEINDE:15085370,"Wernigerode, Stadt",voters_total,26,0,19996,19996,0
WAHLBEZIRK->GEMEINDE,lsa:GEMEINDE:15085370,"Wernigerode, Stadt",valid_votes_erst,26,0,19802,19802,0
WAHLBEZIRK->GEMEINDE,lsa:GEMEINDE:15085370,"Wernigerode, Stadt",valid_votes_zweit,26,0,19838,19838,0
WAHLBEZIRK->GEMEINDE,lsa:GEMEINDE:15085370,"Wernigerode, Stadt",party:D1,26,0,3979,3979,0
WAHLBEZIRK->GEMEINDE,lsa:GEMEINDE:15085370,"Wernigerode, Stadt",party:D15,26,0,958,958,0
WAHLBEZIRK->GEMEINDE,lsa:GEMEINDE:15085370,"Wernigerode, Stadt",party:D2,26,0,6700,6700,0
WAHLBEZIRK->GEMEINDE,lsa:GEMEINDE:15085370,"Wernigerode, Stadt",party:D3,26,0,1674,1674,0
WAHLBEZIRK->GEMEINDE,lsa:GEMEINDE:15085370,"Wernigerode, Stadt",party:D4,26,0,4964,4964,0
WAHLBEZIRK->GEMEINDE,lsa:GEMEINDE:15085370,"Wernigerode, Stadt",party:D5,26,0,370,370,0
WAHLBEZIRK->GEMEINDE,lsa:GEMEINDE:15085370,"Wernigerode, Stadt",party:D6,26,0,593,593,0
WAHLBEZIRK->GEMEINDE,lsa:GEMEINDE:15085370,"Wernigerode, Stadt",party:D7,26,0,564,564,0
WAHLBEZIRK->GEMEINDE,lsa:GEMEINDE:15085370,"Wernigerode, Stadt",party:F1,26,0,3428,3428,0
WAHLBEZIRK->GEMEINDE,lsa:GEMEINDE:15085370,"Wernigerode, Stadt",party:F10,26,0,88,88,0
WAHLBEZIRK->GEMEINDE,lsa:GEMEINDE:15085370,"Wernigerode, Stadt",party:F11,26,0,55,55,0
WAHLBEZIRK->GEMEINDE,lsa:GEMEINDE:15085370,"Wernigerode, Stadt",party:F12,26,0,116,116,0
WAHLBEZIRK->GEMEINDE,lsa:GEMEINDE:15085370,"Wernigerode, Stadt",party:F15,26,0,1106,1106,0
WAHLBEZIRK->GEMEINDE,lsa:GEMEINDE:15085370,"Wernigerode, Stadt",party:F19,26,0,28,28,0
WAHLBEZIRK->GEMEINDE,lsa:GEMEINDE:15085370,"Wernigerode, Stadt",party:F2,26,0,6915,6915,0
WAHLBEZIRK->GEMEINDE,lsa:GEMEINDE:15085370,"Wernigerode, Stadt",party:F20,26,0,55,55,0
WAHLBEZIRK->GEMEINDE,lsa:GEMEINDE:15085370,"Wernigerode, Stadt",party:F3,26,0,1634,1634,0
WAHLBEZIRK->GEMEINDE,lsa:GEMEINDE:15085370,"Wernigerode, Stadt",party:F4,26,0,3282,3282,0
WAHLBEZIRK->GEMEINDE,lsa:GEMEINDE:15085370,"Wernigerode, Stadt",party:F5,26,0,452,452,0
WAHLBEZIRK->GEMEINDE,lsa:GEMEINDE:15085370,"Wernigerode, Stadt",party:F6,26,0,2111,2111,0
WAHLBEZIRK->GEMEINDE,lsa:GEMEINDE:15085370,"Wernigerode, Stadt",party:F7,26,0,308,308,0
WAHLBEZIRK->GEMEINDE,lsa:GEMEINDE:15085370,"Wernigerode, Stadt",party:F8,26,0,32,32,0
WAHLBEZIRK->GEMEINDE,lsa:GEMEINDE:15085370,"Wernigerode, Stadt",party:F9,26,0,228,228,0
WAHLBEZIRK->GEMEINDE,lsa:GEMEINDE:15086005,Biederitz,reported_precincts,8,0,8,8,0
WAHLBEZIRK->GEMEINDE,lsa:GEMEINDE:15086005,Biederitz,total_precincts,8,0,8,8,0
WAHLBEZIRK->GEMEINDE,lsa:GEMEINDE:15086005,Biederitz,voters_total,8,0,6066,6066,0
WAHLBEZIRK->GEMEINDE,lsa:GEMEINDE:15086005,Biederitz,valid_votes_erst,8,0,6013,6013,0
WAHLBEZIRK->GEMEINDE,lsa:GEMEINDE:15086005,Biederitz,valid_votes_zweit,8,0,6018,6018,0
WAHLBEZIRK->GEMEINDE,lsa:GEMEINDE:15086005,Biederitz,party:D1,8,0,1159,1159,0
WAHLBEZIRK->GEMEINDE,lsa:GEMEINDE:15086005,Biederitz,party:D15,8,0,182,182,0
WAHLBEZIRK->GEMEINDE,lsa:GEMEINDE:15086005,Biederitz,party:D2,8,0,2147,2147,0
WAHLBEZIRK->GEMEINDE,lsa:GEMEINDE:15086005,Biederitz,party:D21,8,0,92,92,0
WAHLBEZIRK->GEMEINDE,lsa:GEMEINDE:15086005,Biederitz,party:D3,8,0,534,534,0
WAHLBEZIRK->GEMEINDE,lsa:GEMEINDE:15086005,Biederitz,party:D4,8,0,566,566,0
WAHLBEZIRK->GEMEINDE,lsa:GEMEINDE:15086005,Biederitz,party:D5,8,0,159,159,0
WAHLBEZIRK->GEMEINDE,lsa:GEMEINDE:15086005,Biederitz,party:D6,8,0,259,259,0
WAHLBEZIRK->GEMEINDE,lsa:GEMEINDE:15086005,Biederitz,party:D7,8,0,915,915,0
WAHLBEZIRK->GEMEINDE,lsa:GEMEINDE:15086005,Biederitz,party:F1,8,0,1069,1069,0
WAHLBEZIRK->GEMEINDE,lsa:GEMEINDE:15086005,Biederitz,party:F10,8,0,33,33,0
WAHLBEZIRK->GEMEINDE,lsa:GEMEINDE:15086005,Biederitz,party:F11,8,0,16,16,0
WAHLBEZIRK->GEMEINDE,lsa:GEMEINDE:15086005,Biederitz,party:F12,8,0,32,32,0
WAHLBEZIRK->GEMEINDE,lsa:GEMEINDE:15086005,Biederitz,party:F15,8,0,281,281,0
WAHLBEZIRK->GEMEINDE,lsa:GEMEINDE:15086005,Biederitz,party:F19,8,0,17,17,0
WAHLBEZIRK->GEMEINDE,lsa:GEMEINDE:15086005,Biederitz,party:F2,8,0,2241,2241,0
WAHLBEZIRK->GEMEINDE,lsa:GEMEINDE:15086005,Biederitz,party:F20,8,0,32,32,0
WAHLBEZIRK->GEMEINDE,lsa:GEMEINDE:15086005,Biederitz,party:F3,8,0,474,474,0
WAHLBEZIRK->GEMEINDE,lsa:GEMEINDE:15086005,Biederitz,party:F4,8,0,631,631,0
WAHLBEZIRK->GEMEINDE,lsa:GEMEINDE:15086005,Biederitz,party:F5,8,0,191,191,0
WAHLBEZIRK->GEMEINDE,lsa:GEMEINDE:15086005,Biederitz,party:F6,8,0,678,678,0
WAHLBEZIRK->GEMEINDE,lsa:GEMEINDE:15086005,Biederitz,party:F7,8,0,256,256,0
WAHLBEZIRK->GEMEINDE,lsa:GEMEINDE:15086005,Biederitz,party:F8,8,0,7,7,0
WAHLBEZIRK->GEMEINDE,lsa:GEMEINDE:15086005,Biederitz,party:F9,8,0,60,60,0
WAHLBEZIRK->GEMEINDE,lsa:GEMEINDE:15086015,"Burg, Stadt",reported_precincts,19,0,19,19,0
WAHLBEZIRK->GEMEINDE,lsa:GEMEINDE:15086015,"Burg, Stadt",total_precincts,19,0,19,19,0
WAHLBEZIRK->GEMEINDE,lsa:GEMEINDE:15086015,"Burg, Stadt",voters_total,19,0,13240,13240,0
WAHLBEZIRK->GEMEINDE,lsa:GEMEINDE:15086015,"Burg, Stadt",valid_votes_erst,19,0,13043,13043,0
WAHLBEZIRK->GEMEINDE,lsa:GEMEINDE:15086015,"Burg, Stadt",valid_votes_zweit,19,0,13064,13064,0
WAHLBEZIRK->GEMEINDE,lsa:GEMEINDE:15086015,"Burg, Stadt",party:D1,19,0,2695,2695,0
WAHLBEZIRK->GEMEINDE,lsa:GEMEINDE:15086015,"Burg, Stadt",party:D15,19,0,506,506,0
WAHLBEZIRK->GEMEINDE,lsa:GEMEINDE:15086015,"Burg, Stadt",party:D2,19,0,5932,5932,0
WAHLBEZIRK->GEMEINDE,lsa:GEMEINDE:15086015,"Burg, Stadt",party:D21,19,0,657,657,0
WAHLBEZIRK->GEMEINDE,lsa:GEMEINDE:15086015,"Burg, Stadt",party:D3,19,0,1199,1199,0
WAHLBEZIRK->GEMEINDE,lsa:GEMEINDE:15086015,"Burg, Stadt",party:D4,19,0,963,963,0
WAHLBEZIRK->GEMEINDE,lsa:GEMEINDE:15086015,"Burg, Stadt",party:D5,19,0,249,249,0
WAHLBEZIRK->GEMEINDE,lsa:GEMEINDE:15086015,"Burg, Stadt",party:D6,19,0,432,432,0
WAHLBEZIRK->GEMEINDE,lsa:GEMEINDE:15086015,"Burg, Stadt",party:D7,19,0,410,410,0
WAHLBEZIRK->GEMEINDE,lsa:GEMEINDE:15086015,"Burg, Stadt",party:F1,19,0,2194,2194,0
WAHLBEZIRK->GEMEINDE,lsa:GEMEINDE:15086015,"Burg, Stadt",party:F10,19,0,66,66,0
WAHLBEZIRK->GEMEINDE,lsa:GEMEINDE:15086015,"Burg, Stadt",party:F11,19,0,40,40,0
WAHLBEZIRK->GEMEINDE,lsa:GEMEINDE:15086015,"Burg, Stadt",party:F12,19,0,76,76,0
WAHLBEZIRK->GEMEINDE,lsa:GEMEINDE:15086015,"Burg, Stadt",party:F15,19,0,681,681,0
WAHLBEZIRK->GEMEINDE,lsa:GEMEINDE:15086015,"Burg, Stadt",party:F19,19,0,20,20,0
WAHLBEZIRK->GEMEINDE,lsa:GEMEINDE:15086015,"Burg, Stadt",party:F2,19,0,6291,6291,0
WAHLBEZIRK->GEMEINDE,lsa:GEMEINDE:15086015,"Burg, Stadt",party:F20,19,0,37,37,0
WAHLBEZIRK->GEMEINDE,lsa:GEMEINDE:15086015,"Burg, Stadt",party:F3,19,0,1032,1032,0
WAHLBEZIRK->GEMEINDE,lsa:GEMEINDE:15086015,"Burg, Stadt",party:F4,19,0,1095,1095,0
WAHLBEZIRK->GEMEINDE,lsa:GEMEINDE:15086015,"Burg, Stadt",party:F5,19,0,279,279,0
WAHLBEZIRK->GEMEINDE,lsa:GEMEINDE:15086015,"Burg, Stadt",party:F6,19,0,836,836,0
WAHLBEZIRK->GEMEINDE,lsa:GEMEINDE:15086015,"Burg, Stadt",party:F7,19,0,225,225,0
WAHLBEZIRK->GEMEINDE,lsa:GEMEINDE:15086015,"Burg, Stadt",party:F8,19,0,16,16,0
WAHLBEZIRK->GEMEINDE,lsa:GEMEINDE:15086015,"Burg, Stadt",party:F9,19,0,176,176,0
WAHLBEZIRK->GEMEINDE,lsa:GEMEINDE:15086035,Elbe-Parey,reported_precincts,8,0,8,8,0
WAHLBEZIRK->GEMEINDE,lsa:GEMEINDE:15086035,Elbe-Parey,total_precincts,8,0,8,8,0
WAHLBEZIRK->GEMEINDE,lsa:GEMEINDE:15086035,Elbe-Parey,voters_total,8,0,4298,4298,0
WAHLBEZIRK->GEMEINDE,lsa:GEMEINDE:15086035,Elbe-Parey,valid_votes_erst,8,0,4246,4246,0
WAHLBEZIRK->GEMEINDE,lsa:GEMEINDE:15086035,Elbe-Parey,valid_votes_zweit,8,0,4257,4257,0
WAHLBEZIRK->GEMEINDE,lsa:GEMEINDE:15086035,Elbe-Parey,party:D1,8,0,1035,1035,0
WAHLBEZIRK->GEMEINDE,lsa:GEMEINDE:15086035,Elbe-Parey,party:D15,8,0,185,185,0
WAHLBEZIRK->GEMEINDE,lsa:GEMEINDE:15086035,Elbe-Parey,party:D2,8,0,1995,1995,0
WAHLBEZIRK->GEMEINDE,lsa:GEMEINDE:15086035,Elbe-Parey,party:D21,8,0,77,77,0
WAHLBEZIRK->GEMEINDE,lsa:GEMEINDE:15086035,Elbe-Parey,party:D3,8,0,429,429,0
WAHLBEZIRK->GEMEINDE,lsa:GEMEINDE:15086035,Elbe-Parey,party:D4,8,0,315,315,0
WAHLBEZIRK->GEMEINDE,lsa:GEMEINDE:15086035,Elbe-Parey,party:D5,8,0,86,86,0
WAHLBEZIRK->GEMEINDE,lsa:GEMEINDE:15086035,Elbe-Parey,party:D6,8,0,124,124,0
WAHLBEZIRK->GEMEINDE,lsa:GEMEINDE:15086035,Elbe-Parey,party:F1,8,0,785,785,0
WAHLBEZIRK->GEMEINDE,lsa:GEMEINDE:15086035,Elbe-Parey,party:F10,8,0,23,23,0
WAHLBEZIRK->GEMEINDE,lsa:GEMEINDE:15086035,Elbe-Parey,party:F11,8,0,5,5,0
WAHLBEZIRK->GEMEINDE,lsa:GEMEINDE:15086035,Elbe-Parey,party:F12,8,0,29,29,0
WAHLBEZIRK->GEMEINDE,lsa:GEMEINDE:15086035,Elbe-Parey,party:F15,8,0,244,244,0
WAHLBEZIRK->GEMEINDE,lsa:GEMEINDE:15086035,Elbe-Parey,party:F19,8,0,9,9,0
WAHLBEZIRK->GEMEINDE,lsa:GEMEINDE:15086035,Elbe-Parey,party:F2,8,0,1908,1908,0
WAHLBEZIRK->GEMEINDE,lsa:GEMEINDE:15086035,Elbe-Parey,party:F20,8,0,27,27,0
WAHLBEZIRK->GEMEINDE,lsa:GEMEINDE:15086035,Elbe-Parey,party:F3,8,0,381,381,0
WAHLBEZIRK->GEMEINDE,lsa:GEMEINDE:15086035,Elbe-Parey,party:F4,8,0,383,383,0
WAHLBEZIRK->GEMEINDE,lsa:GEMEINDE:15086035,Elbe-Parey,party:F5,8,0,89,89,0
WAHLBEZIRK->GEMEINDE,lsa:GEMEINDE:15086035,Elbe-Parey,party:F6,8,0,254,254,0
WAHLBEZIRK->GEMEINDE,lsa:GEMEINDE:15086035,Elbe-Parey,party:F7,8,0,58,58,0
WAHLBEZIRK->GEMEINDE,lsa:GEMEINDE:15086035,Elbe-Parey,party:F8,8,0,0,0,0
WAHLBEZIRK->GEMEINDE,lsa:GEMEINDE:15086035,Elbe-Parey,party:F9,8,0,62,62,0
WAHLBEZIRK->GEMEINDE,lsa:GEMEINDE:15086040,"Genthin, Stadt",reported_precincts,14,0,14,14,0
WAHLBEZIRK->GEMEINDE,lsa:GEMEINDE:15086040,"Genthin, Stadt",total_precincts,14,0,14,14,0
WAHLBEZIRK->GEMEINDE,lsa:GEMEINDE:15086040,"Genthin, Stadt",voters_total,14,0,8304,8304,0
WAHLBEZIRK->GEMEINDE,lsa:GEMEINDE:15086040,"Genthin, Stadt",valid_votes_erst,14,0,8188,8188,0
WAHLBEZIRK->GEMEINDE,lsa:GEMEINDE:15086040,"Genthin, Stadt",valid_votes_zweit,14,0,8183,8183,0
WAHLBEZIRK->GEMEINDE,lsa:GEMEINDE:15086040,"Genthin, Stadt",party:D1,14,0,2029,2029,0
WAHLBEZIRK->GEMEINDE,lsa:GEMEINDE:15086040,"Genthin, Stadt",party:D15,14,0,349,349,0
WAHLBEZIRK->GEMEINDE,lsa:GEMEINDE:15086040,"Genthin, Stadt",party:D2,14,0,3788,3788,0
WAHLBEZIRK->GEMEINDE,lsa:GEMEINDE:15086040,"Genthin, Stadt",party:D21,14,0,150,150,0
WAHLBEZIRK->GEMEINDE,lsa:GEMEINDE:15086040,"Genthin, Stadt",party:D3,14,0,813,813,0
WAHLBEZIRK->GEMEINDE,lsa:GEMEINDE:15086040,"Genthin, Stadt",party:D4,14,0,659,659,0
WAHLBEZIRK->GEMEINDE,lsa:GEMEINDE:15086040,"Genthin, Stadt",party:D5,14,0,174,174,0
WAHLBEZIRK->GEMEINDE,lsa:GEMEINDE:15086040,"Genthin, Stadt",party:D6,14,0,226,226,0
WAHLBEZIRK->GEMEINDE,lsa:GEMEINDE:15086040,"Genthin, Stadt",party:F1,14,0,1474,1474,0
WAHLBEZIRK->GEMEINDE,lsa:GEMEINDE:15086040,"Genthin, Stadt",party:F10,14,0,43,43,0
WAHLBEZIRK->GEMEINDE,lsa:GEMEINDE:15086040,"Genthin, Stadt",party:F11,14,0,25,25,0
WAHLBEZIRK->GEMEINDE,lsa:GEMEINDE:15086040,"Genthin, Stadt",party:F12,14,0,45,45,0
WAHLBEZIRK->GEMEINDE,lsa:GEMEINDE:15086040,"Genthin, Stadt",party:F15,14,0,493,493,0
WAHLBEZIRK->GEMEINDE,lsa:GEMEINDE:15086040,"Genthin, Stadt",party:F19,14,0,20,20,0
WAHLBEZIRK->GEMEINDE,lsa:GEMEINDE:15086040,"Genthin, Stadt",party:F2,14,0,3598,3598,0
WAHLBEZIRK->GEMEINDE,lsa:GEMEINDE:15086040,"Genthin, Stadt",party:F20,14,0,34,34,0
WAHLBEZIRK->GEMEINDE,lsa:GEMEINDE:15086040,"Genthin, Stadt",party:F3,14,0,728,728,0
WAHLBEZIRK->GEMEINDE,lsa:GEMEINDE:15086040,"Genthin, Stadt",party:F4,14,0,790,790,0
WAHLBEZIRK->GEMEINDE,lsa:GEMEINDE:15086040,"Genthin, Stadt",party:F5,14,0,169,169,0
WAHLBEZIRK->GEMEINDE,lsa:GEMEINDE:15086040,"Genthin, Stadt",party:F6,14,0,558,558,0
WAHLBEZIRK->GEMEINDE,lsa:GEMEINDE:15086040,"Genthin, Stadt",party:F7,14,0,94,94,0
WAHLBEZIRK->GEMEINDE,lsa:GEMEINDE:15086040,"Genthin, Stadt",party:F8,14,0,9,9,0
WAHLBEZIRK->GEMEINDE,lsa:GEMEINDE:15086040,"Genthin, Stadt",party:F9,14,0,103,103,0
WAHLBEZIRK->GEMEINDE,lsa:GEMEINDE:15086055,"Gommern, Stadt",reported_precincts,15,0,15,15,0
WAHLBEZIRK->GEMEINDE,lsa:GEMEINDE:15086055,"Gommern, Stadt",total_precincts,15,0,15,15,0
WAHLBEZIRK->GEMEINDE,lsa:GEMEINDE:15086055,"Gommern, Stadt",voters_total,15,0,6992,6992,0
WAHLBEZIRK->GEMEINDE,lsa:GEMEINDE:15086055,"Gommern, Stadt",valid_votes_erst,15,0,6829,6829,0
WAHLBEZIRK->GEMEINDE,lsa:GEMEINDE:15086055,"Gommern, Stadt",valid_votes_zweit,15,0,6926,6926,0
WAHLBEZIRK->GEMEINDE,lsa:GEMEINDE:15086055,"Gommern, Stadt",party:D1,15,0,2059,2059,0
WAHLBEZIRK->GEMEINDE,lsa:GEMEINDE:15086055,"Gommern, Stadt",party:D2,15,0,2814,2814,0
WAHLBEZIRK->GEMEINDE,lsa:GEMEINDE:15086055,"Gommern, Stadt",party:D3,15,0,703,703,0
WAHLBEZIRK->GEMEINDE,lsa:GEMEINDE:15086055,"Gommern, Stadt",party:D4,15,0,597,597,0
WAHLBEZIRK->GEMEINDE,lsa:GEMEINDE:15086055,"Gommern, Stadt",party:D5,15,0,402,402,0
WAHLBEZIRK->GEMEINDE,lsa:GEMEINDE:15086055,"Gommern, Stadt",party:D6,15,0,254,254,0
WAHLBEZIRK->GEMEINDE,lsa:GEMEINDE:15086055,"Gommern, Stadt",party:F1,15,0,1324,1324,0
WAHLBEZIRK->GEMEINDE,lsa:GEMEINDE:15086055,"Gommern, Stadt",party:F10,15,0,48,48,0
WAHLBEZIRK->GEMEINDE,lsa:GEMEINDE:15086055,"Gommern, Stadt",party:F11,15,0,17,17,0
WAHLBEZIRK->GEMEINDE,lsa:GEMEINDE:15086055,"Gommern, Stadt",party:F12,15,0,27,27,0
WAHLBEZIRK->GEMEINDE,lsa:GEMEINDE:15086055,"Gommern, Stadt",party:F15,15,0,393,393,0
WAHLBEZIRK->GEMEINDE,lsa:GEMEINDE:15086055,"Gommern, Stadt",party:F19,15,0,12,12,0
WAHLBEZIRK->GEMEINDE,lsa:GEMEINDE:15086055,"Gommern, Stadt",party:F2,15,0,2924,2924,0
WAHLBEZIRK->GEMEINDE,lsa:GEMEINDE:15086055,"Gommern, Stadt",party:F20,15,0,22,22,0
WAHLBEZIRK->GEMEINDE,lsa:GEMEINDE:15086055,"Gommern, Stadt",party:F3,15,0,501,501,0
WAHLBEZIRK->GEMEINDE,lsa:GEMEINDE:15086055,"Gommern, Stadt",party:F4,15,0,687,687,0
WAHLBEZIRK->GEMEINDE,lsa:GEMEINDE:15086055,"Gommern, Stadt",party:F5,15,0,226,226,0
WAHLBEZIRK->GEMEINDE,lsa:GEMEINDE:15086055,"Gommern, Stadt",party:F6,15,0,543,543,0
WAHLBEZIRK->GEMEINDE,lsa:GEMEINDE:15086055,"Gommern, Stadt",party:F7,15,0,126,126,0
WAHLBEZIRK->GEMEINDE,lsa:GEMEINDE:15086055,"Gommern, Stadt",party:F8,15,0,9,9,0
WAHLBEZIRK->GEMEINDE,lsa:GEMEINDE:15086055,"Gommern, Stadt",party:F9,15,0,67,67,0
WAHLBEZIRK->GEMEINDE,lsa:GEMEINDE:15086080,"Jerichow, Stadt",reported_precincts,13,0,13,13,0
WAHLBEZIRK->GEMEINDE,lsa:GEMEINDE:15086080,"Jerichow, Stadt",total_precincts,13,0,13,13,0
WAHLBEZIRK->GEMEINDE,lsa:GEMEINDE:15086080,"Jerichow, Stadt",voters_total,13,0,4543,4543,0
WAHLBEZIRK->GEMEINDE,lsa:GEMEINDE:15086080,"Jerichow, Stadt",valid_votes_erst,13,0,4484,4484,0
WAHLBEZIRK->GEMEINDE,lsa:GEMEINDE:15086080,"Jerichow, Stadt",valid_votes_zweit,13,0,4496,4496,0
WAHLBEZIRK->GEMEINDE,lsa:GEMEINDE:15086080,"Jerichow, Stadt",party:D1,13,0,1021,1021,0
WAHLBEZIRK->GEMEINDE,lsa:GEMEINDE:15086080,"Jerichow, Stadt",party:D15,13,0,188,188,0
WAHLBEZIRK->GEMEINDE,lsa:GEMEINDE:15086080,"Jerichow, Stadt",party:D2,13,0,2302,2302,0
WAHLBEZIRK->GEMEINDE,lsa:GEMEINDE:15086080,"Jerichow, Stadt",party:D21,13,0,95,95,0
WAHLBEZIRK->GEMEINDE,lsa:GEMEINDE:15086080,"Jerichow, Stadt",party:D3,13,0,351,351,0
WAHLBEZIRK->GEMEINDE,lsa:GEMEINDE:15086080,"Jerichow, Stadt",party:D4,13,0,326,326,0
WAHLBEZIRK->GEMEINDE,lsa:GEMEINDE:15086080,"Jerichow, Stadt",party:D5,13,0,104,104,0
WAHLBEZIRK->GEMEINDE,lsa:GEMEINDE:15086080,"Jerichow, Stadt",party:D6,13,0,97,97,0
WAHLBEZIRK->GEMEINDE,lsa:GEMEINDE:15086080,"Jerichow, Stadt",party:F1,13,0,765,765,0
WAHLBEZIRK->GEMEINDE,lsa:GEMEINDE:15086080,"Jerichow, Stadt",party:F10,13,0,24,24,0
WAHLBEZIRK->GEMEINDE,lsa:GEMEINDE:15086080,"Jerichow, Stadt",party:F11,13,0,10,10,0
WAHLBEZIRK->GEMEINDE,lsa:GEMEINDE:15086080,"Jerichow, Stadt",party:F12,13,0,9,9,0
WAHLBEZIRK->GEMEINDE,lsa:GEMEINDE:15086080,"Jerichow, Stadt",party:F15,13,0,264,264,0
WAHLBEZIRK->GEMEINDE,lsa:GEMEINDE:15086080,"Jerichow, Stadt",party:F19,13,0,8,8,0
WAHLBEZIRK->GEMEINDE,lsa:GEMEINDE:15086080,"Jerichow, Stadt",party:F2,13,0,2232,2232,0
WAHLBEZIRK->GEMEINDE,lsa:GEMEINDE:15086080,"Jerichow, Stadt",party:F20,13,0,13,13,0
WAHLBEZIRK->GEMEINDE,lsa:GEMEINDE:15086080,"Jerichow, Stadt",party:F3,13,0,341,341,0
WAHLBEZIRK->GEMEINDE,lsa:GEMEINDE:15086080,"Jerichow, Stadt",party:F4,13,0,397,397,0
WAHLBEZIRK->GEMEINDE,lsa:GEMEINDE:15086080,"Jerichow, Stadt",party:F5,13,0,93,93,0
WAHLBEZIRK->GEMEINDE,lsa:GEMEINDE:15086080,"Jerichow, Stadt",party:F6,13,0,230,230,0
WAHLBEZIRK->GEMEINDE,lsa:GEMEINDE:15086080,"Jerichow, Stadt",party:F7,13,0,69,69,0
WAHLBEZIRK->GEMEINDE,lsa:GEMEINDE:15086080,"Jerichow, Stadt",party:F8,13,0,2,2,0
WAHLBEZIRK->GEMEINDE,lsa:GEMEINDE:15086080,"Jerichow, Stadt",party:F9,13,0,39,39,0
WAHLBEZIRK->GEMEINDE,lsa:GEMEINDE:15086140,"Möckern, Stadt",reported_precincts,30,0,30,30,0
WAHLBEZIRK->GEMEINDE,lsa:GEMEINDE:15086140,"Möckern, Stadt",total_precincts,30,0,30,30,0
WAHLBEZIRK->GEMEINDE,lsa:GEMEINDE:15086140,"Möckern, Stadt",voters_total,30,0,8238,8238,0
WAHLBEZIRK->GEMEINDE,lsa:GEMEINDE:15086140,"Möckern, Stadt",valid_votes_erst,30,0,8131,8131,0
WAHLBEZIRK->GEMEINDE,lsa:GEMEINDE:15086140,"Möckern, Stadt",valid_votes_zweit,30,0,8132,8132,0
WAHLBEZIRK->GEMEINDE,lsa:GEMEINDE:15086140,"Möckern, Stadt",party:D1,30,0,1739,1739,0
WAHLBEZIRK->GEMEINDE,lsa:GEMEINDE:15086140,"Möckern, Stadt",party:D15,30,0,323,323,0
WAHLBEZIRK->GEMEINDE,lsa:GEMEINDE:15086140,"Möckern, Stadt",party:D2,30,0,3729,3729,0
WAHLBEZIRK->GEMEINDE,lsa:GEMEINDE:15086140,"Möckern, Stadt",party:D21,30,0,196,196,0
WAHLBEZIRK->GEMEINDE,lsa:GEMEINDE:15086140,"Möckern, Stadt",party:D3,30,0,755,755,0
WAHLBEZIRK->GEMEINDE,lsa:GEMEINDE:15086140,"Möckern, Stadt",party:D4,30,0,555,555,0
WAHLBEZIRK->GEMEINDE,lsa:GEMEINDE:15086140,"Möckern, Stadt",party:D5,30,0,255,255,0
WAHLBEZIRK->GEMEINDE,lsa:GEMEINDE:15086140,"Möckern, Stadt",party:D6,30,0,263,263,0
WAHLBEZIRK->GEMEINDE,lsa:GEMEINDE:15086140,"Möckern, Stadt",party:D7,30,0,316,316,0
WAHLBEZIRK->GEMEINDE,lsa:GEMEINDE:15086140,"Möckern, Stadt",party:F1,30,0,1424,1424,0
WAHLBEZIRK->GEMEINDE,lsa:GEMEINDE:15086140,"Möckern, Stadt",party:F10,30,0,48,48,0
WAHLBEZIRK->GEMEINDE,lsa:GEMEINDE:15086140,"Möckern, Stadt",party:F11,30,0,15,15,0
WAHLBEZIRK->GEMEINDE,lsa:GEMEINDE:15086140,"Möckern, Stadt",party:F12,30,0,43,43,0
WAHLBEZIRK->GEMEINDE,lsa:GEMEINDE:15086140,"Möckern, Stadt",party:F15,30,0,437,437,0
WAHLBEZIRK->GEMEINDE,lsa:GEMEINDE:15086140,"Möckern, Stadt",party:F19,30,0,17,17,0
WAHLBEZIRK->GEMEINDE,lsa:GEMEINDE:15086140,"Möckern, Stadt",party:F2,30,0,3815,3815,0
WAHLBEZIRK->GEMEINDE,lsa:GEMEINDE:15086140,"Möckern, Stadt",party:F20,30,0,28,28,0
WAHLBEZIRK->GEMEINDE,lsa:GEMEINDE:15086140,"Möckern, Stadt",party:F3,30,0,662,662,0
WAHLBEZIRK->GEMEINDE,lsa:GEMEINDE:15086140,"Möckern, Stadt",party:F4,30,0,650,650,0
WAHLBEZIRK->GEMEINDE,lsa:GEMEINDE:15086140,"Möckern, Stadt",party:F5,30,0,224,224,0
WAHLBEZIRK->GEMEINDE,lsa:GEMEINDE:15086140,"Möckern, Stadt",party:F6,30,0,491,491,0
WAHLBEZIRK->GEMEINDE,lsa:GEMEINDE:15086140,"Möckern, Stadt",party:F7,30,0,193,193,0
WAHLBEZIRK->GEMEINDE,lsa:GEMEINDE:15086140,"Möckern, Stadt",party:F8,30,0,13,13,0
WAHLBEZIRK->GEMEINDE,lsa:GEMEINDE:15086140,"Möckern, Stadt",party:F9,30,0,72,72,0
WAHLBEZIRK->GEMEINDE,lsa:GEMEINDE:15086145,Möser,reported_precincts,9,0,9,9,0
WAHLBEZIRK->GEMEINDE,lsa:GEMEINDE:15086145,Möser,total_precincts,9,0,9,9,0
WAHLBEZIRK->GEMEINDE,lsa:GEMEINDE:15086145,Möser,voters_total,9,0,6001,6001,0
WAHLBEZIRK->GEMEINDE,lsa:GEMEINDE:15086145,Möser,valid_votes_erst,9,0,5948,5948,0
WAHLBEZIRK->GEMEINDE,lsa:GEMEINDE:15086145,Möser,valid_votes_zweit,9,0,5948,5948,0
WAHLBEZIRK->GEMEINDE,lsa:GEMEINDE:15086145,Möser,party:D1,9,0,1420,1420,0
WAHLBEZIRK->GEMEINDE,lsa:GEMEINDE:15086145,Möser,party:D15,9,0,227,227,0
WAHLBEZIRK->GEMEINDE,lsa:GEMEINDE:15086145,Möser,party:D2,9,0,2304,2304,0
WAHLBEZIRK->GEMEINDE,lsa:GEMEINDE:15086145,Möser,party:D21,9,0,148,148,0
WAHLBEZIRK->GEMEINDE,lsa:GEMEINDE:15086145,Möser,party:D3,9,0,540,540,0
WAHLBEZIRK->GEMEINDE,lsa:GEMEINDE:15086145,Möser,party:D4,9,0,599,599,0
WAHLBEZIRK->GEMEINDE,lsa:GEMEINDE:15086145,Möser,party:D5,9,0,165,165,0
WAHLBEZIRK->GEMEINDE,lsa:GEMEINDE:15086145,Möser,party:D6,9,0,234,234,0
WAHLBEZIRK->GEMEINDE,lsa:GEMEINDE:15086145,Möser,party:D7,9,0,311,311,0
WAHLBEZIRK->GEMEINDE,lsa:GEMEINDE:15086145,Möser,party:F1,9,0,1190,1190,0
WAHLBEZIRK->GEMEINDE,lsa:GEMEINDE:15086145,Möser,party:F10,9,0,18,18,0
WAHLBEZIRK->GEMEINDE,lsa:GEMEINDE:15086145,Möser,party:F11,9,0,12,12,0
WAHLBEZIRK->GEMEINDE,lsa:GEMEINDE:15086145,Möser,party:F12,9,0,27,27,0
WAHLBEZIRK->GEMEINDE,lsa:GEMEINDE:15086145,Möser,party:F15,9,0,315,315,0
WAHLBEZIRK->GEMEINDE,lsa:GEMEINDE:15086145,Möser,party:F19,9,0,14,14,0
WAHLBEZIRK->GEMEINDE,lsa:GEMEINDE:15086145,Möser,party:F2,9,0,2361,2361,0
WAHLBEZIRK->GEMEINDE,lsa:GEMEINDE:15086145,Möser,party:F20,9,0,34,34,0
WAHLBEZIRK->GEMEINDE,lsa:GEMEINDE:15086145,Möser,party:F3,9,0,425,425,0
WAHLBEZIRK->GEMEINDE,lsa:GEMEINDE:15086145,Möser,party:F4,9,0,606,606,0
WAHLBEZIRK->GEMEINDE,lsa:GEMEINDE:15086145,Möser,party:F5,9,0,174,174,0
WAHLBEZIRK->GEMEINDE,lsa:GEMEINDE:15086145,Möser,party:F6,9,0,572,572,0
WAHLBEZIRK->GEMEINDE,lsa:GEMEINDE:15086145,Möser,party:F7,9,0,124,124,0
WAHLBEZIRK->GEMEINDE,lsa:GEMEINDE:15086145,Möser,party:F8,9,0,4,4,0
WAHLBEZIRK->GEMEINDE,lsa:GEMEINDE:15086145,Möser,party:F9,9,0,72,72,0
WAHLBEZIRK->GEMEINDE,lsa:GEMEINDE:15087010,Ahlsdorf,reported_precincts,2,0,2,2,0
WAHLBEZIRK->GEMEINDE,lsa:GEMEINDE:15087010,Ahlsdorf,total_precincts,2,0,2,2,0
WAHLBEZIRK->GEMEINDE,lsa:GEMEINDE:15087010,Ahlsdorf,voters_total,2,0,1013,1013,0
WAHLBEZIRK->GEMEINDE,lsa:GEMEINDE:15087010,Ahlsdorf,valid_votes_erst,2,0,1002,1002,0
WAHLBEZIRK->GEMEINDE,lsa:GEMEINDE:15087010,Ahlsdorf,valid_votes_zweit,2,0,1005,1005,0
WAHLBEZIRK->GEMEINDE,lsa:GEMEINDE:15087010,Ahlsdorf,party:D1,2,0,191,191,0
WAHLBEZIRK->GEMEINDE,lsa:GEMEINDE:15087010,Ahlsdorf,party:D19,2,0,12,12,0
WAHLBEZIRK->GEMEINDE,lsa:GEMEINDE:15087010,Ahlsdorf,party:D2,2,0,576,576,0
WAHLBEZIRK->GEMEINDE,lsa:GEMEINDE:15087010,Ahlsdorf,party:D3,2,0,101,101,0
WAHLBEZIRK->GEMEINDE,lsa:GEMEINDE:15087010,Ahlsdorf,party:D4,2,0,61,61,0
WAHLBEZIRK->GEMEINDE,lsa:GEMEINDE:15087010,Ahlsdorf,party:D5,2,0,44,44,0
WAHLBEZIRK->GEMEINDE,lsa:GEMEINDE:15087010,Ahlsdorf,party:D6,2,0,17,17,0
WAHLBEZIRK->GEMEINDE,lsa:GEMEINDE:15087010,Ahlsdorf,party:F1,2,0,171,171,0
WAHLBEZIRK->GEMEINDE,lsa:GEMEINDE:15087010,Ahlsdorf,party:F10,2,0,3,3,0
WAHLBEZIRK->GEMEINDE,lsa:GEMEINDE:15087010,Ahlsdorf,party:F11,2,0,3,3,0
WAHLBEZIRK->GEMEINDE,lsa:GEMEINDE:15087010,Ahlsdorf,party:F12,2,0,2,2,0
WAHLBEZIRK->GEMEINDE,lsa:GEMEINDE:15087010,Ahlsdorf,party:F15,2,0,56,56,0
WAHLBEZIRK->GEMEINDE,lsa:GEMEINDE:15087010,Ahlsdorf,party:F19,2,0,5,5,0
WAHLBEZIRK->GEMEINDE,lsa:GEMEINDE:15087010,Ahlsdorf,party:F2,2,0,556,556,0
WAHLBEZIRK->GEMEINDE,lsa:GEMEINDE:15087010,Ahlsdorf,party:F20,2,0,2,2,0
WAHLBEZIRK->GEMEINDE,lsa:GEMEINDE:15087010,Ahlsdorf,party:F3,2,0,66,66,0
WAHLBEZIRK->GEMEINDE,lsa:GEMEINDE:15087010,Ahlsdorf,party:F4,2,0,65,65,0
WAHLBEZIRK->GEMEINDE,lsa:GEMEINDE:15087010,Ahlsdorf,party:F5,2,0,31,31,0
WAHLBEZIRK->GEMEINDE,lsa:GEMEINDE:15087010,Ahlsdorf,party:F6,2,0,29,29,0
WAHLBEZIRK->GEMEINDE,lsa:GEMEINDE:15087010,Ahlsdorf,party:F7,2,0,7,7,0
WAHLBEZIRK->GEMEINDE,lsa:GEMEINDE:15087010,Ahlsdorf,party:F8,2,0,0,0,0
WAHLBEZIRK->GEMEINDE,lsa:GEMEINDE:15087010,Ahlsdorf,party:F9,2,0,9,9,0
WAHLBEZIRK->GEMEINDE,lsa:GEMEINDE:15087015,"Allstedt, Stadt",reported_precincts,15,0,15,15,0
WAHLBEZIRK->GEMEINDE,lsa:GEMEINDE:15087015,"Allstedt, Stadt",total_precincts,15,0,15,15,0
WAHLBEZIRK->GEMEINDE,lsa:GEMEINDE:15087015,"Allstedt, Stadt",voters_total,15,0,4911,4911,0
WAHLBEZIRK->GEMEINDE,lsa:GEMEINDE:15087015,"Allstedt, Stadt",valid_votes_erst,15,0,4842,4842,0
WAHLBEZIRK->GEMEINDE,lsa:GEMEINDE:15087015,"Allstedt, Stadt",valid_votes_zweit,15,0,4858,4858,0
WAHLBEZIRK->GEMEINDE,lsa:GEMEINDE:15087015,"Allstedt, Stadt",party:D1,15,0,958,958,0
WAHLBEZIRK->GEMEINDE,lsa:GEMEINDE:15087015,"Allstedt, Stadt",party:D19,15,0,196,196,0
WAHLBEZIRK->GEMEINDE,lsa:GEMEINDE:15087015,"Allstedt, Stadt",party:D2,15,0,2602,2602,0
WAHLBEZIRK->GEMEINDE,lsa:GEMEINDE:15087015,"Allstedt, Stadt",party:D3,15,0,448,448,0
WAHLBEZIRK->GEMEINDE,lsa:GEMEINDE:15087015,"Allstedt, Stadt",party:D4,15,0,382,382,0
WAHLBEZIRK->GEMEINDE,lsa:GEMEINDE:15087015,"Allstedt, Stadt",party:D5,15,0,154,154,0
WAHLBEZIRK->GEMEINDE,lsa:GEMEINDE:15087015,"Allstedt, Stadt",party:D6,15,0,102,102,0
WAHLBEZIRK->GEMEINDE,lsa:GEMEINDE:15087015,"Allstedt, Stadt",party:F1,15,0,827,827,0
WAHLBEZIRK->GEMEINDE,lsa:GEMEINDE:15087015,"Allstedt, Stadt",party:F10,15,0,24,24,0
WAHLBEZIRK->GEMEINDE,lsa:GEMEINDE:15087015,"Allstedt, Stadt",party:F11,15,0,9,9,0
WAHLBEZIRK->GEMEINDE,lsa:GEMEINDE:15087015,"Allstedt, Stadt",party:F12,15,0,22,22,0
WAHLBEZIRK->GEMEINDE,lsa:GEMEINDE:15087015,"Allstedt, Stadt",party:F15,15,0,299,299,0
WAHLBEZIRK->GEMEINDE,lsa:GEMEINDE:15087015,"Allstedt, Stadt",party:F19,15,0,69,69,0
WAHLBEZIRK->GEMEINDE,lsa:GEMEINDE:15087015,"Allstedt, Stadt",party:F2,15,0,2479,2479,0
WAHLBEZIRK->GEMEINDE,lsa:GEMEINDE:15087015,"Allstedt, Stadt",party:F20,15,0,14,14,0
WAHLBEZIRK->GEMEINDE,lsa:GEMEINDE:15087015,"Allstedt, Stadt",party:F3,15,0,360,360,0
WAHLBEZIRK->GEMEINDE,lsa:GEMEINDE:15087015,"Allstedt, Stadt",party:F4,15,0,355,355,0
WAHLBEZIRK->GEMEINDE,lsa:GEMEINDE:15087015,"Allstedt, Stadt",party:F5,15,0,127,127,0
WAHLBEZIRK->GEMEINDE,lsa:GEMEINDE:15087015,"Allstedt, Stadt",party:F6,15,0,174,174,0
WAHLBEZIRK->GEMEINDE,lsa:GEMEINDE:15087015,"Allstedt, Stadt",party:F7,15,0,38,38,0
WAHLBEZIRK->GEMEINDE,lsa:GEMEINDE:15087015,"Allstedt, Stadt",party:F8,15,0,4,4,0
WAHLBEZIRK->GEMEINDE,lsa:GEMEINDE:15087015,"Allstedt, Stadt",party:F9,15,0,57,57,0
WAHLBEZIRK->GEMEINDE,lsa:GEMEINDE:15087031,"Arnstein, Stadt",reported_precincts,13,0,13,13,0
WAHLBEZIRK->GEMEINDE,lsa:GEMEINDE:15087031,"Arnstein, Stadt",total_precincts,13,0,13,13,0
WAHLBEZIRK->GEMEINDE,lsa:GEMEINDE:15087031,"Arnstein, Stadt",voters_total,13,0,4162,4162,0
WAHLBEZIRK->GEMEINDE,lsa:GEMEINDE:15087031,"Arnstein, Stadt",valid_votes_erst,13,0,4110,4110,0
WAHLBEZIRK->GEMEINDE,lsa:GEMEINDE:15087031,"Arnstein, Stadt",valid_votes_zweit,13,0,4112,4112,0
WAHLBEZIRK->GEMEINDE,lsa:GEMEINDE:15087031,"Arnstein, Stadt",party:D1,13,0,730,730,0
WAHLBEZIRK->GEMEINDE,lsa:GEMEINDE:15087031,"Arnstein, Stadt",party:D15,13,0,280,280,0
WAHLBEZIRK->GEMEINDE,lsa:GEMEINDE:15087031,"Arnstein, Stadt",party:D19,13,0,189,189,0
WAHLBEZIRK->GEMEINDE,lsa:GEMEINDE:15087031,"Arnstein, Stadt",party:D2,13,0,2161,2161,0
WAHLBEZIRK->GEMEINDE,lsa:GEMEINDE:15087031,"Arnstein, Stadt",party:D3,13,0,335,335,0
WAHLBEZIRK->GEMEINDE,lsa:GEMEINDE:15087031,"Arnstein, Stadt",party:D4,13,0,259,259,0
WAHLBEZIRK->GEMEINDE,lsa:GEMEINDE:15087031,"Arnstein, Stadt",party:D5,13,0,79,79,0
WAHLBEZIRK->GEMEINDE,lsa:GEMEINDE:15087031,"Arnstein, Stadt",party:D6,13,0,77,77,0
WAHLBEZIRK->GEMEINDE,lsa:GEMEINDE:15087031,"Arnstein, Stadt",party:F1,13,0,706,706,0
WAHLBEZIRK->GEMEINDE,lsa:GEMEINDE:15087031,"Arnstein, Stadt",party:F10,13,0,17,17,0
WAHLBEZIRK->GEMEINDE,lsa:GEMEINDE:15087031,"Arnstein, Stadt",party:F11,13,0,11,11,0
WAHLBEZIRK->GEMEINDE,lsa:GEMEINDE:15087031,"Arnstein, Stadt",party:F12,13,0,34,34,0
WAHLBEZIRK->GEMEINDE,lsa:GEMEINDE:15087031,"Arnstein, Stadt",party:F15,13,0,252,252,0
WAHLBEZIRK->GEMEINDE,lsa:GEMEINDE:15087031,"Arnstein, Stadt",party:F19,13,0,64,64,0
WAHLBEZIRK->GEMEINDE,lsa:GEMEINDE:15087031,"Arnstein, Stadt",party:F2,13,0,2199,2199,0
WAHLBEZIRK->GEMEINDE,lsa:GEMEINDE:15087031,"Arnstein, Stadt",party:F20,13,0,9,9,0
WAHLBEZIRK->GEMEINDE,lsa:GEMEINDE:15087031,"Arnstein, Stadt",party:F3,13,0,283,283,0
WAHLBEZIRK->GEMEINDE,lsa:GEMEINDE:15087031,"Arnstein, Stadt",party:F4,13,0,271,271,0
WAHLBEZIRK->GEMEINDE,lsa:GEMEINDE:15087031,"Arnstein, Stadt",party:F5,13,0,66,66,0
WAHLBEZIRK->GEMEINDE,lsa:GEMEINDE:15087031,"Arnstein, Stadt",party:F6,13,0,140,140,0
WAHLBEZIRK->GEMEINDE,lsa:GEMEINDE:15087031,"Arnstein, Stadt",party:F7,13,0,25,25,0
WAHLBEZIRK->GEMEINDE,lsa:GEMEINDE:15087031,"Arnstein, Stadt",party:F8,13,0,5,5,0
WAHLBEZIRK->GEMEINDE,lsa:GEMEINDE:15087031,"Arnstein, Stadt",party:F9,13,0,30,30,0
WAHLBEZIRK->GEMEINDE,lsa:GEMEINDE:15087045,Benndorf,reported_precincts,2,0,2,2,0
WAHLBEZIRK->GEMEINDE,lsa:GEMEINDE:15087045,Benndorf,total_precincts,2,0,2,2,0
WAHLBEZIRK->GEMEINDE,lsa:GEMEINDE:15087045,Benndorf,voters_total,2,0,1079,1079,0
WAHLBEZIRK->GEMEINDE,lsa:GEMEINDE:15087045,Benndorf,valid_votes_erst,2,0,1059,1059,0
WAHLBEZIRK->GEMEINDE,lsa:GEMEINDE:15087045,Benndorf,valid_votes_zweit,2,0,1065,1065,0
WAHLBEZIRK->GEMEINDE,lsa:GEMEINDE:15087045,Benndorf,party:D1,2,0,238,238,0
WAHLBEZIRK->GEMEINDE,lsa:GEMEINDE:15087045,Benndorf,party:D19,2,0,23,23,0
WAHLBEZIRK->GEMEINDE,lsa:GEMEINDE:15087045,Benndorf,party:D2,2,0,558,558,0
WAHLBEZIRK->GEMEINDE,lsa:GEMEINDE:15087045,Benndorf,party:D3,2,0,120,120,0
WAHLBEZIRK->GEMEINDE,lsa:GEMEINDE:15087045,Benndorf,party:D4,2,0,73,73,0
WAHLBEZIRK->GEMEINDE,lsa:GEMEINDE:15087045,Benndorf,party:D5,2,0,30,30,0
WAHLBEZIRK->GEMEINDE,lsa:GEMEINDE:15087045,Benndorf,party:D6,2,0,17,17,0
WAHLBEZIRK->GEMEINDE,lsa:GEMEINDE:15087045,Benndorf,party:F1,2,0,194,194,0
WAHLBEZIRK->GEMEINDE,lsa:GEMEINDE:15087045,Benndorf,party:F10,2,0,9,9,0
WAHLBEZIRK->GEMEINDE,lsa:GEMEINDE:15087045,Benndorf,party:F11,2,0,1,1,0
WAHLBEZIRK->GEMEINDE,lsa:GEMEINDE:15087045,Benndorf,party:F12,2,0,6,6,0
WAHLBEZIRK->GEMEINDE,lsa:GEMEINDE:15087045,Benndorf,party:F15,2,0,55,55,0
WAHLBEZIRK->GEMEINDE,lsa:GEMEINDE:15087045,Benndorf,party:F19,2,0,9,9,0
WAHLBEZIRK->GEMEINDE,lsa:GEMEINDE:15087045,Benndorf,party:F2,2,0,537,537,0
WAHLBEZIRK->GEMEINDE,lsa:GEMEINDE:15087045,Benndorf,party:F20,2,0,3,3,0
WAHLBEZIRK->GEMEINDE,lsa:GEMEINDE:15087045,Benndorf,party:F3,2,0,96,96,0
WAHLBEZIRK->GEMEINDE,lsa:GEMEINDE:15087045,Benndorf,party:F4,2,0,85,85,0
WAHLBEZIRK->GEMEINDE,lsa:GEMEINDE:15087045,Benndorf,party:F5,2,0,19,19,0
WAHLBEZIRK->GEMEINDE,lsa:GEMEINDE:15087045,Benndorf,party:F6,2,0,35,35,0
WAHLBEZIRK->GEMEINDE,lsa:GEMEINDE:15087045,Benndorf,party:F7,2,0,4,4,0
WAHLBEZIRK->GEMEINDE,lsa:GEMEINDE:15087045,Benndorf,party:F8,2,0,0,0,0
WAHLBEZIRK->GEMEINDE,lsa:GEMEINDE:15087045,Benndorf,party:F9,2,0,12,12,0
WAHLBEZIRK->GEMEINDE,lsa:GEMEINDE:15087055,Berga,reported_precincts,4,0,4,4,0
WAHLBEZIRK->GEMEINDE,lsa:GEMEINDE:15087055,Berga,total_precincts,4,0,4,4,0
WAHLBEZIRK->GEMEINDE,lsa:GEMEINDE:15087055,Berga,voters_total,4,0,1051,1051,0
WAHLBEZIRK->GEMEINDE,lsa:GEMEINDE:15087055,Berga,valid_votes_erst,4,0,1037,1037,0
WAHLBEZIRK->GEMEINDE,lsa:GEMEINDE:15087055,Berga,valid_votes_zweit,4,0,1040,1040,0
WAHLBEZIRK->GEMEINDE,lsa:GEMEINDE:15087055,Berga,party:D1,4,0,262,262,0
WAHLBEZIRK->GEMEINDE,lsa:GEMEINDE:15087055,Berga,party:D19,4,0,14,14,0
WAHLBEZIRK->GEMEINDE,lsa:GEMEINDE:15087055,Berga,party:D2,4,0,571,571,0
WAHLBEZIRK->GEMEINDE,lsa:GEMEINDE:15087055,Berga,party:D3,4,0,76,76,0
WAHLBEZIRK->GEMEINDE,lsa:GEMEINDE:15087055,Berga,party:D4,4,0,50,50,0
WAHLBEZIRK->GEMEINDE,lsa:GEMEINDE:15087055,Berga,party:D5,4,0,40,40,0
WAHLBEZIRK->GEMEINDE,lsa:GEMEINDE:15087055,Berga,party:D6,4,0,24,24,0
WAHLBEZIRK->GEMEINDE,lsa:GEMEINDE:15087055,Berga,party:F1,4,0,197,197,0
WAHLBEZIRK->GEMEINDE,lsa:GEMEINDE:15087055,Berga,party:F10,4,0,2,2,0
WAHLBEZIRK->GEMEINDE,lsa:GEMEINDE:15087055,Berga,party:F11,4,0,2,2,0
WAHLBEZIRK->GEMEINDE,lsa:GEMEINDE:15087055,Berga,party:F12,4,0,4,4,0
WAHLBEZIRK->GEMEINDE,lsa:GEMEINDE:15087055,Berga,party:F15,4,0,65,65,0
WAHLBEZIRK->GEMEINDE,lsa:GEMEINDE:15087055,Berga,party:F19,4,0,3,3,0
WAHLBEZIRK->GEMEINDE,lsa:GEMEINDE:15087055,Berga,party:F2,4,0,555,555,0
WAHLBEZIRK->GEMEINDE,lsa:GEMEINDE:15087055,Berga,party:F20,4,0,0,0,0
WAHLBEZIRK->GEMEINDE,lsa:GEMEINDE:15087055,Berga,party:F3,4,0,53,53,0
WAHLBEZIRK->GEMEINDE,lsa:GEMEINDE:15087055,Berga,party:F4,4,0,75,75,0
WAHLBEZIRK->GEMEINDE,lsa:GEMEINDE:15087055,Berga,party:F5,4,0,23,23,0
WAHLBEZIRK->GEMEINDE,lsa:GEMEINDE:15087055,Berga,party:F6,4,0,32,32,0
WAHLBEZIRK->GEMEINDE,lsa:GEMEINDE:15087055,Berga,party:F7,4,0,12,12,0
WAHLBEZIRK->GEMEINDE,lsa:GEMEINDE:15087055,Berga,party:F8,4,0,3,3,0
WAHLBEZIRK->GEMEINDE,lsa:GEMEINDE:15087055,Berga,party:F9,4,0,14,14,0
WAHLBEZIRK->GEMEINDE,lsa:GEMEINDE:15087070,Blankenheim,reported_precincts,2,0,2,2,0
WAHLBEZIRK->GEMEINDE,lsa:GEMEINDE:15087070,Blankenheim,total_precincts,2,0,2,2,0
WAHLBEZIRK->GEMEINDE,lsa:GEMEINDE:15087070,Blankenheim,voters_total,2,0,776,776,0
WAHLBEZIRK->GEMEINDE,lsa:GEMEINDE:15087070,Blankenheim,valid_votes_erst,2,0,767,767,0
WAHLBEZIRK->GEMEINDE,lsa:GEMEINDE:15087070,Blankenheim,valid_votes_zweit,2,0,771,771,0
WAHLBEZIRK->GEMEINDE,lsa:GEMEINDE:15087070,Blankenheim,party:D1,2,0,160,160,0
WAHLBEZIRK->GEMEINDE,lsa:GEMEINDE:15087070,Blankenheim,party:D19,2,0,19,19,0
WAHLBEZIRK->GEMEINDE,lsa:GEMEINDE:15087070,Blankenheim,party:D2,2,0,433,433,0
WAHLBEZIRK->GEMEINDE,lsa:GEMEINDE:15087070,Blankenheim,party:D3,2,0,66,66,0
WAHLBEZIRK->GEMEINDE,lsa:GEMEINDE:15087070,Blankenheim,party:D4,2,0,50,50,0
WAHLBEZIRK->GEMEINDE,lsa:GEMEINDE:15087070,Blankenheim,party:D5,2,0,29,29,0
WAHLBEZIRK->GEMEINDE,lsa:GEMEINDE:15087070,Blankenheim,party:D6,2,0,10,10,0
WAHLBEZIRK->GEMEINDE,lsa:GEMEINDE:15087070,Blankenheim,party:F1,2,0,140,140,0
WAHLBEZIRK->GEMEINDE,lsa:GEMEINDE:15087070,Blankenheim,party:F10,2,0,2,2,0
WAHLBEZIRK->GEMEINDE,lsa:GEMEINDE:15087070,Blankenheim,party:F11,2,0,3,3,0
WAHLBEZIRK->GEMEINDE,lsa:GEMEINDE:15087070,Blankenheim,party:F12,2,0,7,7,0
WAHLBEZIRK->GEMEINDE,lsa:GEMEINDE:15087070,Blankenheim,party:F15,2,0,33,33,0
WAHLBEZIRK->GEMEINDE,lsa:GEMEINDE:15087070,Blankenheim,party:F19,2,0,4,4,0
WAHLBEZIRK->GEMEINDE,lsa:GEMEINDE:15087070,Blankenheim,party:F2,2,0,416,416,0
WAHLBEZIRK->GEMEINDE,lsa:GEMEINDE:15087070,Blankenheim,party:F20,2,0,2,2,0
WAHLBEZIRK->GEMEINDE,lsa:GEMEINDE:15087070,Blankenheim,party:F3,2,0,58,58,0
WAHLBEZIRK->GEMEINDE,lsa:GEMEINDE:15087070,Blankenheim,party:F4,2,0,52,52,0
WAHLBEZIRK->GEMEINDE,lsa:GEMEINDE:15087070,Blankenheim,party:F5,2,0,23,23,0
WAHLBEZIRK->GEMEINDE,lsa:GEMEINDE:15087070,Blankenheim,party:F6,2,0,16,16,0
WAHLBEZIRK->GEMEINDE,lsa:GEMEINDE:15087070,Blankenheim,party:F7,2,0,7,7,0
WAHLBEZIRK->GEMEINDE,lsa:GEMEINDE:15087070,Blankenheim,party:F8,2,0,0,0,0
WAHLBEZIRK->GEMEINDE,lsa:GEMEINDE:15087070,Blankenheim,party:F9,2,0,8,8,0
WAHLBEZIRK->GEMEINDE,lsa:GEMEINDE:15087075,Bornstedt,reported_precincts,2,0,2,2,0
WAHLBEZIRK->GEMEINDE,lsa:GEMEINDE:15087075,Bornstedt,total_precincts,2,0,2,2,0
WAHLBEZIRK->GEMEINDE,lsa:GEMEINDE:15087075,Bornstedt,voters_total,2,0,500,500,0
WAHLBEZIRK->GEMEINDE,lsa:GEMEINDE:15087075,Bornstedt,valid_votes_erst,2,0,490,490,0
WAHLBEZIRK->GEMEINDE,lsa:GEMEINDE:15087075,Bornstedt,valid_votes_zweit,2,0,492,492,0
WAHLBEZIRK->GEMEINDE,lsa:GEMEINDE:15087075,Bornstedt,party:D1,2,0,103,103,0
WAHLBEZIRK->GEMEINDE,lsa:GEMEINDE:15087075,Bornstedt,party:D19,2,0,2,2,0
WAHLBEZIRK->GEMEINDE,lsa:GEMEINDE:15087075,Bornstedt,party:D2,2,0,275,275,0
WAHLBEZIRK->GEMEINDE,lsa:GEMEINDE:15087075,Bornstedt,party:D3,2,0,40,40,0
WAHLBEZIRK->GEMEINDE,lsa:GEMEINDE:15087075,Bornstedt,party:D4,2,0,42,42,0
WAHLBEZIRK->GEMEINDE,lsa:GEMEINDE:15087075,Bornstedt,party:D5,2,0,22,22,0
WAHLBEZIRK->GEMEINDE,lsa:GEMEINDE:15087075,Bornstedt,party:D6,2,0,6,6,0
WAHLBEZIRK->GEMEINDE,lsa:GEMEINDE:15087075,Bornstedt,party:F1,2,0,82,82,0
WAHLBEZIRK->GEMEINDE,lsa:GEMEINDE:15087075,Bornstedt,party:F10,2,0,1,1,0
WAHLBEZIRK->GEMEINDE,lsa:GEMEINDE:15087075,Bornstedt,party:F11,2,0,2,2,0
WAHLBEZIRK->GEMEINDE,lsa:GEMEINDE:15087075,Bornstedt,party:F12,2,0,3,3,0
WAHLBEZIRK->GEMEINDE,lsa:GEMEINDE:15087075,Bornstedt,party:F15,2,0,20,20,0
WAHLBEZIRK->GEMEINDE,lsa:GEMEINDE:15087075,Bornstedt,party:F19,2,0,0,0,0
WAHLBEZIRK->GEMEINDE,lsa:GEMEINDE:15087075,Bornstedt,party:F2,2,0,267,267,0
WAHLBEZIRK->GEMEINDE,lsa:GEMEINDE:15087075,Bornstedt,party:F20,2,0,2,2,0
WAHLBEZIRK->GEMEINDE,lsa:GEMEINDE:15087075,Bornstedt,party:F3,2,0,30,30,0
WAHLBEZIRK->GEMEINDE,lsa:GEMEINDE:15087075,Bornstedt,party:F4,2,0,47,47,0
WAHLBEZIRK->GEMEINDE,lsa:GEMEINDE:15087075,Bornstedt,party:F5,2,0,7,7,0
WAHLBEZIRK->GEMEINDE,lsa:GEMEINDE:15087075,Bornstedt,party:F6,2,0,13,13,0
WAHLBEZIRK->GEMEINDE,lsa:GEMEINDE:15087075,Bornstedt,party:F7,2,0,8,8,0
WAHLBEZIRK->GEMEINDE,lsa:GEMEINDE:15087075,Bornstedt,party:F8,2,0,0,0,0
WAHLBEZIRK->GEMEINDE,lsa:GEMEINDE:15087075,Bornstedt,party:F9,2,0,10,10,0
WAHLBEZIRK->GEMEINDE,lsa:GEMEINDE:15087101,Brücken-Hackpfüffel,reported_precincts,3,0,3,3,0
WAHLBEZIRK->GEMEINDE,lsa:GEMEINDE:15087101,Brücken-Hackpfüffel,total_precincts,3,0,3,3,0
WAHLBEZIRK->GEMEINDE,lsa:GEMEINDE:15087101,Brücken-Hackpfüffel,voters_total,3,0,656,656,0
WAHLBEZIRK->GEMEINDE,lsa:GEMEINDE:15087101,Brücken-Hackpfüffel,valid_votes_erst,3,0,647,647,0
WAHLBEZIRK->GEMEINDE,lsa:GEMEINDE:15087101,Brücken-Hackpfüffel,valid_votes_zweit,3,0,647,647,0
WAHLBEZIRK->GEMEINDE,lsa:GEMEINDE:15087101,Brücken-Hackpfüffel,party:D1,3,0,143,143,0
WAHLBEZIRK->GEMEINDE,lsa:GEMEINDE:15087101,Brücken-Hackpfüffel,party:D19,3,0,8,8,0
WAHLBEZIRK->GEMEINDE,lsa:GEMEINDE:15087101,Brücken-Hackpfüffel,party:D2,3,0,353,353,0
WAHLBEZIRK->GEMEINDE,lsa:GEMEINDE:15087101,Brücken-Hackpfüffel,party:D3,3,0,63,63,0
WAHLBEZIRK->GEMEINDE,lsa:GEMEINDE:15087101,Brücken-Hackpfüffel,party:D4,3,0,46,46,0
WAHLBEZIRK->GEMEINDE,lsa:GEMEINDE:15087101,Brücken-Hackpfüffel,party:D5,3,0,14,14,0
WAHLBEZIRK->GEMEINDE,lsa:GEMEINDE:15087101,Brücken-Hackpfüffel,party:D6,3,0,20,20,0
WAHLBEZIRK->GEMEINDE,lsa:GEMEINDE:15087101,Brücken-Hackpfüffel,party:F1,3,0,116,116,0
WAHLBEZIRK->GEMEINDE,lsa:GEMEINDE:15087101,Brücken-Hackpfüffel,party:F10,3,0,3,3,0
WAHLBEZIRK->GEMEINDE,lsa:GEMEINDE:15087101,Brücken-Hackpfüffel,party:F11,3,0,1,1,0
WAHLBEZIRK->GEMEINDE,lsa:GEMEINDE:15087101,Brücken-Hackpfüffel,party:F12,3,0,3,3,0
WAHLBEZIRK->GEMEINDE,lsa:GEMEINDE:15087101,Brücken-Hackpfüffel,party:F15,3,0,29,29,0
WAHLBEZIRK->GEMEINDE,lsa:GEMEINDE:15087101,Brücken-Hackpfüffel,party:F19,3,0,1,1,0
WAHLBEZIRK->GEMEINDE,lsa:GEMEINDE:15087101,Brücken-Hackpfüffel,party:F2,3,0,340,340,0
WAHLBEZIRK->GEMEINDE,lsa:GEMEINDE:15087101,Brücken-Hackpfüffel,party:F20,3,0,3,3,0
WAHLBEZIRK->GEMEINDE,lsa:GEMEINDE:15087101,Brücken-Hackpfüffel,party:F3,3,0,45,45,0
WAHLBEZIRK->GEMEINDE,lsa:GEMEINDE:15087101,Brücken-Hackpfüffel,party:F4,3,0,55,55,0
WAHLBEZIRK->GEMEINDE,lsa:GEMEINDE:15087101,Brücken-Hackpfüffel,party:F5,3,0,10,10,0
WAHLBEZIRK->GEMEINDE,lsa:GEMEINDE:15087101,Brücken-Hackpfüffel,party:F6,3,0,27,27,0
WAHLBEZIRK->GEMEINDE,lsa:GEMEINDE:15087101,Brücken-Hackpfüffel,party:F7,3,0,2,2,0
WAHLBEZIRK->GEMEINDE,lsa:GEMEINDE:15087101,Brücken-Hackpfüffel,party:F8,3,0,2,2,0
WAHLBEZIRK->GEMEINDE,lsa:GEMEINDE:15087101,Brücken-Hackpfüffel,party:F9,3,0,10,10,0
WAHLBEZIRK->GEMEINDE,lsa:GEMEINDE:15087125,Edersleben,reported_precincts,2,0,2,2,0
WAHLBEZIRK->GEMEINDE,lsa:GEMEINDE:15087125,Edersleben,total_precincts,2,0,2,2,0
WAHLBEZIRK->GEMEINDE,lsa:GEMEINDE:15087125,Edersleben,voters_total,2,0,644,644,0
WAHLBEZIRK->GEMEINDE,lsa:GEMEINDE:15087125,Edersleben,valid_votes_erst,2,0,636,636,0
WAHLBEZIRK->GEMEINDE,lsa:GEMEINDE:15087125,Edersleben,valid_votes_zweit,2,0,638,638,0
WAHLBEZIRK->GEMEINDE,lsa:GEMEINDE:15087125,Edersleben,party:D1,2,0,162,162,0
WAHLBEZIRK->GEMEINDE,lsa:GEMEINDE:15087125,Edersleben,party:D19,2,0,11,11,0
WAHLBEZIRK->GEMEINDE,lsa:GEMEINDE:15087125,Edersleben,party:D2,2,0,338,338,0
WAHLBEZIRK->GEMEINDE,lsa:GEMEINDE:15087125,Edersleben,party:D3,2,0,59,59,0
WAHLBEZIRK->GEMEINDE,lsa:GEMEINDE:15087125,Edersleben,party:D4,2,0,29,29,0
WAHLBEZIRK->GEMEINDE,lsa:GEMEINDE:15087125,Edersleben,party:D5,2,0,24,24,0
WAHLBEZIRK->GEMEINDE,lsa:GEMEINDE:15087125,Edersleben,party:D6,2,0,13,13,0
WAHLBEZIRK->GEMEINDE,lsa:GEMEINDE:15087125,Edersleben,party:F1,2,0,124,124,0
WAHLBEZIRK->GEMEINDE,lsa:GEMEINDE:15087125,Edersleben,party:F10,2,0,2,2,0
WAHLBEZIRK->GEMEINDE,lsa:GEMEINDE:15087125,Edersleben,party:F11,2,0,2,2,0
WAHLBEZIRK->GEMEINDE,lsa:GEMEINDE:15087125,Edersleben,party:F12,2,0,5,5,0
WAHLBEZIRK->GEMEINDE,lsa:GEMEINDE:15087125,Edersleben,party:F15,2,0,42,42,0
WAHLBEZIRK->GEMEINDE,lsa:GEMEINDE:15087125,Edersleben,party:F19,2,0,2,2,0
WAHLBEZIRK->GEMEINDE,lsa:GEMEINDE:15087125,Edersleben,party:F2,2,0,321,321,0
WAHLBEZIRK->GEMEINDE,lsa:GEMEINDE:15087125,Edersleben,party:F20,2,0,1,1,0
WAHLBEZIRK->GEMEINDE,lsa:GEMEINDE:15087125,Edersleben,party:F3,2,0,53,53,0
WAHLBEZIRK->GEMEINDE,lsa:GEMEINDE:15087125,Edersleben,party:F4,2,0,35,35,0
WAHLBEZIRK->GEMEINDE,lsa:GEMEINDE:15087125,Edersleben,party:F5,2,0,12,12,0
WAHLBEZIRK->GEMEINDE,lsa:GEMEINDE:15087125,Edersleben,party:F6,2,0,25,25,0
WAHLBEZIRK->GEMEINDE,lsa:GEMEINDE:15087125,Edersleben,party:F7,2,0,5,5,0
WAHLBEZIRK->GEMEINDE,lsa:GEMEINDE:15087125,Edersleben,party:F8,2,0,1,1,0
WAHLBEZIRK->GEMEINDE,lsa:GEMEINDE:15087125,Edersleben,party:F9,2,0,8,8,0
WAHLBEZIRK->GEMEINDE,lsa:GEMEINDE:15087130,"Eisleben, Lutherstadt",reported_precincts,24,0,24,24,0
WAHLBEZIRK->GEMEINDE,lsa:GEMEINDE:15087130,"Eisleben, Lutherstadt",total_precincts,24,0,24,24,0
WAHLBEZIRK->GEMEINDE,lsa:GEMEINDE:15087130,"Eisleben, Lutherstadt",voters_total,24,0,12769,12769,0
WAHLBEZIRK->GEMEINDE,lsa:GEMEINDE:15087130,"Eisleben, Lutherstadt",valid_votes_erst,24,0,12595,12595,0
WAHLBEZIRK->GEMEINDE,lsa:GEMEINDE:15087130,"Eisleben, Lutherstadt",valid_votes_zweit,24,0,12626,12626,0
WAHLBEZIRK->GEMEINDE,lsa:GEMEINDE:15087130,"Eisleben, Lutherstadt",party:D1,24,0,2786,2786,0
WAHLBEZIRK->GEMEINDE,lsa:GEMEINDE:15087130,"Eisleben, Lutherstadt",party:D19,24,0,192,192,0
WAHLBEZIRK->GEMEINDE,lsa:GEMEINDE:15087130,"Eisleben, Lutherstadt",party:D2,24,0,6854,6854,0
WAHLBEZIRK->GEMEINDE,lsa:GEMEINDE:15087130,"Eisleben, Lutherstadt",party:D3,24,0,1336,1336,0
WAHLBEZIRK->GEMEINDE,lsa:GEMEINDE:15087130,"Eisleben, Lutherstadt",party:D4,24,0,739,739,0
WAHLBEZIRK->GEMEINDE,lsa:GEMEINDE:15087130,"Eisleben, Lutherstadt",party:D5,24,0,429,429,0
WAHLBEZIRK->GEMEINDE,lsa:GEMEINDE:15087130,"Eisleben, Lutherstadt",party:D6,24,0,259,259,0
WAHLBEZIRK->GEMEINDE,lsa:GEMEINDE:15087130,"Eisleben, Lutherstadt",party:F1,24,0,2054,2054,0
WAHLBEZIRK->GEMEINDE,lsa:GEMEINDE:15087130,"Eisleben, Lutherstadt",party:F10,24,0,63,63,0
WAHLBEZIRK->GEMEINDE,lsa:GEMEINDE:15087130,"Eisleben, Lutherstadt",party:F11,24,0,31,31,0
WAHLBEZIRK->GEMEINDE,lsa:GEMEINDE:15087130,"Eisleben, Lutherstadt",party:F12,24,0,69,69,0
WAHLBEZIRK->GEMEINDE,lsa:GEMEINDE:15087130,"Eisleben, Lutherstadt",party:F15,24,0,670,670,0
WAHLBEZIRK->GEMEINDE,lsa:GEMEINDE:15087130,"Eisleben, Lutherstadt",party:F19,24,0,53,53,0
WAHLBEZIRK->GEMEINDE,lsa:GEMEINDE:15087130,"Eisleben, Lutherstadt",party:F2,24,0,6595,6595,0
WAHLBEZIRK->GEMEINDE,lsa:GEMEINDE:15087130,"Eisleben, Lutherstadt",party:F20,24,0,23,23,0
WAHLBEZIRK->GEMEINDE,lsa:GEMEINDE:15087130,"Eisleben, Lutherstadt",party:F3,24,0,1000,1000,0
WAHLBEZIRK->GEMEINDE,lsa:GEMEINDE:15087130,"Eisleben, Lutherstadt",party:F4,24,0,948,948,0
WAHLBEZIRK->GEMEINDE,lsa:GEMEINDE:15087130,"Eisleben, Lutherstadt",party:F5,24,0,312,312,0
WAHLBEZIRK->GEMEINDE,lsa:GEMEINDE:15087130,"Eisleben, Lutherstadt",party:F6,24,0,560,560,0
WAHLBEZIRK->GEMEINDE,lsa:GEMEINDE:15087130,"Eisleben, Lutherstadt",party:F7,24,0,102,102,0
WAHLBEZIRK->GEMEINDE,lsa:GEMEINDE:15087130,"Eisleben, Lutherstadt",party:F8,24,0,13,13,0
WAHLBEZIRK->GEMEINDE,lsa:GEMEINDE:15087130,"Eisleben, Lutherstadt",party:F9,24,0,133,133,0
WAHLBEZIRK->GEMEINDE,lsa:GEMEINDE:15087165,"Gerbstedt, Stadt",reported_precincts,15,0,15,15,0
WAHLBEZIRK->GEMEINDE,lsa:GEMEINDE:15087165,"Gerbstedt, Stadt",total_precincts,15,0,15,15,0
WAHLBEZIRK->GEMEINDE,lsa:GEMEINDE:15087165,"Gerbstedt, Stadt",voters_total,15,0,4368,4368,0
WAHLBEZIRK->GEMEINDE,lsa:GEMEINDE:15087165,"Gerbstedt, Stadt",valid_votes_erst,15,0,4293,4293,0
WAHLBEZIRK->GEMEINDE,lsa:GEMEINDE:15087165,"Gerbstedt, Stadt",valid_votes_zweit,15,0,4315,4315,0
WAHLBEZIRK->GEMEINDE,lsa:GEMEINDE:15087165,"Gerbstedt, Stadt",party:D1,15,0,867,867,0
WAHLBEZIRK->GEMEINDE,lsa:GEMEINDE:15087165,"Gerbstedt, Stadt",party:D19,15,0,45,45,0
WAHLBEZIRK->GEMEINDE,lsa:GEMEINDE:15087165,"Gerbstedt, Stadt",party:D2,15,0,2494,2494,0
WAHLBEZIRK->GEMEINDE,lsa:GEMEINDE:15087165,"Gerbstedt, Stadt",party:D3,15,0,410,410,0
WAHLBEZIRK->GEMEINDE,lsa:GEMEINDE:15087165,"Gerbstedt, Stadt",party:D4,15,0,223,223,0
WAHLBEZIRK->GEMEINDE,lsa:GEMEINDE:15087165,"Gerbstedt, Stadt",party:D5,15,0,156,156,0
WAHLBEZIRK->GEMEINDE,lsa:GEMEINDE:15087165,"Gerbstedt, Stadt",party:D6,15,0,98,98,0
WAHLBEZIRK->GEMEINDE,lsa:GEMEINDE:15087165,"Gerbstedt, Stadt",party:F1,15,0,717,717,0
WAHLBEZIRK->GEMEINDE,lsa:GEMEINDE:15087165,"Gerbstedt, Stadt",party:F10,15,0,27,27,0
WAHLBEZIRK->GEMEINDE,lsa:GEMEINDE:15087165,"Gerbstedt, Stadt",party:F11,15,0,7,7,0
WAHLBEZIRK->GEMEINDE,lsa:GEMEINDE:15087165,"Gerbstedt, Stadt",party:F12,15,0,19,19,0
WAHLBEZIRK->GEMEINDE,lsa:GEMEINDE:15087165,"Gerbstedt, Stadt",party:F15,15,0,208,208,0
WAHLBEZIRK->GEMEINDE,lsa:GEMEINDE:15087165,"Gerbstedt, Stadt",party:F19,15,0,21,21,0
WAHLBEZIRK->GEMEINDE,lsa:GEMEINDE:15087165,"Gerbstedt, Stadt",party:F2,15,0,2404,2404,0
WAHLBEZIRK->GEMEINDE,lsa:GEMEINDE:15087165,"Gerbstedt, Stadt",party:F20,15,0,10,10,0
WAHLBEZIRK->GEMEINDE,lsa:GEMEINDE:15087165,"Gerbstedt, Stadt",party:F3,15,0,289,289,0
WAHLBEZIRK->GEMEINDE,lsa:GEMEINDE:15087165,"Gerbstedt, Stadt",party:F4,15,0,265,265,0
WAHLBEZIRK->GEMEINDE,lsa:GEMEINDE:15087165,"Gerbstedt, Stadt",party:F5,15,0,99,99,0
WAHLBEZIRK->GEMEINDE,lsa:GEMEINDE:15087165,"Gerbstedt, Stadt",party:F6,15,0,179,179,0
WAHLBEZIRK->GEMEINDE,lsa:GEMEINDE:15087165,"Gerbstedt, Stadt",party:F7,15,0,31,31,0
WAHLBEZIRK->GEMEINDE,lsa:GEMEINDE:15087165,"Gerbstedt, Stadt",party:F8,15,0,4,4,0
WAHLBEZIRK->GEMEINDE,lsa:GEMEINDE:15087165,"Gerbstedt, Stadt",party:F9,15,0,35,35,0
WAHLBEZIRK->GEMEINDE,lsa:GEMEINDE:15087205,Helbra,reported_precincts,3,0,3,3,0
WAHLBEZIRK->GEMEINDE,lsa:GEMEINDE:15087205,Helbra,total_precincts,3,0,3,3,0
WAHLBEZIRK->GEMEINDE,lsa:GEMEINDE:15087205,Helbra,voters_total,3,0,2409,2409,0
WAHLBEZIRK->GEMEINDE,lsa:GEMEINDE:15087205,Helbra,valid_votes_erst,3,0,2382,2382,0
WAHLBEZIRK->GEMEINDE,lsa:GEMEINDE:15087205,Helbra,valid_votes_zweit,3,0,2386,2386,0
WAHLBEZIRK->GEMEINDE,lsa:GEMEINDE:15087205,Helbra,party:D1,3,0,561,561,0
WAHLBEZIRK->GEMEINDE,lsa:GEMEINDE:15087205,Helbra,party:D19,3,0,24,24,0
WAHLBEZIRK->GEMEINDE,lsa:GEMEINDE:15087205,Helbra,party:D2,3,0,1338,1338,0
WAHLBEZIRK->GEMEINDE,lsa:GEMEINDE:15087205,Helbra,party:D3,3,0,234,234,0
WAHLBEZIRK->GEMEINDE,lsa:GEMEINDE:15087205,Helbra,party:D4,3,0,125,125,0
WAHLBEZIRK->GEMEINDE,lsa:GEMEINDE:15087205,Helbra,party:D5,3,0,56,56,0
WAHLBEZIRK->GEMEINDE,lsa:GEMEINDE:15087205,Helbra,party:D6,3,0,44,44,0
WAHLBEZIRK->GEMEINDE,lsa:GEMEINDE:15087205,Helbra,party:F1,3,0,470,470,0
WAHLBEZIRK->GEMEINDE,lsa:GEMEINDE:15087205,Helbra,party:F10,3,0,6,6,0
WAHLBEZIRK->GEMEINDE,lsa:GEMEINDE:15087205,Helbra,party:F11,3,0,9,9,0
WAHLBEZIRK->GEMEINDE,lsa:GEMEINDE:15087205,Helbra,party:F12,3,0,12,12,0
WAHLBEZIRK->GEMEINDE,lsa:GEMEINDE:15087205,Helbra,party:F15,3,0,134,134,0
WAHLBEZIRK->GEMEINDE,lsa:GEMEINDE:15087205,Helbra,party:F19,3,0,6,6,0
WAHLBEZIRK->GEMEINDE,lsa:GEMEINDE:15087205,Helbra,party:F2,3,0,1265,1265,0
WAHLBEZIRK->GEMEINDE,lsa:GEMEINDE:15087205,Helbra,party:F20,3,0,5,5,0
WAHLBEZIRK->GEMEINDE,lsa:GEMEINDE:15087205,Helbra,party:F3,3,0,175,175,0
WAHLBEZIRK->GEMEINDE,lsa:GEMEINDE:15087205,Helbra,party:F4,3,0,154,154,0
WAHLBEZIRK->GEMEINDE,lsa:GEMEINDE:15087205,Helbra,party:F5,3,0,39,39,0
WAHLBEZIRK->GEMEINDE,lsa:GEMEINDE:15087205,Helbra,party:F6,3,0,64,64,0
WAHLBEZIRK->GEMEINDE,lsa:GEMEINDE:15087205,Helbra,party:F7,3,0,18,18,0
WAHLBEZIRK->GEMEINDE,lsa:GEMEINDE:15087205,Helbra,party:F8,3,0,0,0,0
WAHLBEZIRK->GEMEINDE,lsa:GEMEINDE:15087205,Helbra,party:F9,3,0,29,29,0
WAHLBEZIRK->GEMEINDE,lsa:GEMEINDE:15087210,Hergisdorf,reported_precincts,2,0,2,2,0
WAHLBEZIRK->GEMEINDE,lsa:GEMEINDE:15087210,Hergisdorf,total_precincts,2,0,2,2,0
WAHLBEZIRK->GEMEINDE,lsa:GEMEINDE:15087210,Hergisdorf,voters_total,2,0,911,911,0
WAHLBEZIRK->GEMEINDE,lsa:GEMEINDE:15087210,Hergisdorf,valid_votes_erst,2,0,908,908,0
WAHLBEZIRK->GEMEINDE,lsa:GEMEINDE:15087210,Hergisdorf,valid_votes_zweit,2,0,908,908,0
WAHLBEZIRK->GEMEINDE,lsa:GEMEINDE:15087210,Hergisdorf,party:D1,2,0,219,219,0
WAHLBEZIRK->GEMEINDE,lsa:GEMEINDE:15087210,Hergisdorf,party:D19,2,0,3,3,0
WAHLBEZIRK->GEMEINDE,lsa:GEMEINDE:15087210,Hergisdorf,party:D2,2,0,493,493,0
WAHLBEZIRK->GEMEINDE,lsa:GEMEINDE:15087210,Hergisdorf,party:D3,2,0,82,82,0
WAHLBEZIRK->GEMEINDE,lsa:GEMEINDE:15087210,Hergisdorf,party:D4,2,0,52,52,0
WAHLBEZIRK->GEMEINDE,lsa:GEMEINDE:15087210,Hergisdorf,party:D5,2,0,44,44,0
WAHLBEZIRK->GEMEINDE,lsa:GEMEINDE:15087210,Hergisdorf,party:D6,2,0,15,15,0
WAHLBEZIRK->GEMEINDE,lsa:GEMEINDE:15087210,Hergisdorf,party:F1,2,0,181,181,0
WAHLBEZIRK->GEMEINDE,lsa:GEMEINDE:15087210,Hergisdorf,party:F10,2,0,2,2,0
WAHLBEZIRK->GEMEINDE,lsa:GEMEINDE:15087210,Hergisdorf,party:F11,2,0,3,3,0
WAHLBEZIRK->GEMEINDE,lsa:GEMEINDE:15087210,Hergisdorf,party:F12,2,0,4,4,0
WAHLBEZIRK->GEMEINDE,lsa:GEMEINDE:15087210,Hergisdorf,party:F15,2,0,48,48,0
WAHLBEZIRK->GEMEINDE,lsa:GEMEINDE:15087210,Hergisdorf,party:F19,2,0,1,1,0
WAHLBEZIRK->GEMEINDE,lsa:GEMEINDE:15087210,Hergisdorf,party:F2,2,0,482,482,0
WAHLBEZIRK->GEMEINDE,lsa:GEMEINDE:15087210,Hergisdorf,party:F20,2,0,2,2,0
WAHLBEZIRK->GEMEINDE,lsa:GEMEINDE:15087210,Hergisdorf,party:F3,2,0,53,53,0
WAHLBEZIRK->GEMEINDE,lsa:GEMEINDE:15087210,Hergisdorf,party:F4,2,0,64,64,0
WAHLBEZIRK->GEMEINDE,lsa:GEMEINDE:15087210,Hergisdorf,party:F5,2,0,28,28,0
WAHLBEZIRK->GEMEINDE,lsa:GEMEINDE:15087210,Hergisdorf,party:F6,2,0,17,17,0
WAHLBEZIRK->GEMEINDE,lsa:GEMEINDE:15087210,Hergisdorf,party:F7,2,0,14,14,0
WAHLBEZIRK->GEMEINDE,lsa:GEMEINDE:15087210,Hergisdorf,party:F8,2,0,1,1,0
WAHLBEZIRK->GEMEINDE,lsa:GEMEINDE:15087210,Hergisdorf,party:F9,2,0,8,8,0
WAHLBEZIRK->GEMEINDE,lsa:GEMEINDE:15087220,"Hettstedt, Stadt",reported_precincts,15,0,15,15,0
WAHLBEZIRK->GEMEINDE,lsa:GEMEINDE:15087220,"Hettstedt, Stadt",total_precincts,15,0,15,15,0
WAHLBEZIRK->GEMEINDE,lsa:GEMEINDE:15087220,"Hettstedt, Stadt",voters_total,15,0,7485,7485,0
WAHLBEZIRK->GEMEINDE,lsa:GEMEINDE:15087220,"Hettstedt, Stadt",valid_votes_erst,15,0,7397,7397,0
WAHLBEZIRK->GEMEINDE,lsa:GEMEINDE:15087220,"Hettstedt, Stadt",valid_votes_zweit,15,0,7424,7424,0
WAHLBEZIRK->GEMEINDE,lsa:GEMEINDE:15087220,"Hettstedt, Stadt",party:D1,15,0,1375,1375,0
WAHLBEZIRK->GEMEINDE,lsa:GEMEINDE:15087220,"Hettstedt, Stadt",party:D19,15,0,123,123,0
WAHLBEZIRK->GEMEINDE,lsa:GEMEINDE:15087220,"Hettstedt, Stadt",party:D2,15,0,4239,4239,0
WAHLBEZIRK->GEMEINDE,lsa:GEMEINDE:15087220,"Hettstedt, Stadt",party:D3,15,0,898,898,0
WAHLBEZIRK->GEMEINDE,lsa:GEMEINDE:15087220,"Hettstedt, Stadt",party:D4,15,0,414,414,0
WAHLBEZIRK->GEMEINDE,lsa:GEMEINDE:15087220,"Hettstedt, Stadt",party:D5,15,0,226,226,0
WAHLBEZIRK->GEMEINDE,lsa:GEMEINDE:15087220,"Hettstedt, Stadt",party:D6,15,0,122,122,0
WAHLBEZIRK->GEMEINDE,lsa:GEMEINDE:15087220,"Hettstedt, Stadt",party:F1,15,0,1211,1211,0
WAHLBEZIRK->GEMEINDE,lsa:GEMEINDE:15087220,"Hettstedt, Stadt",party:F10,15,0,24,24,0
WAHLBEZIRK->GEMEINDE,lsa:GEMEINDE:15087220,"Hettstedt, Stadt",party:F11,15,0,11,11,0
WAHLBEZIRK->GEMEINDE,lsa:GEMEINDE:15087220,"Hettstedt, Stadt",party:F12,15,0,34,34,0
WAHLBEZIRK->GEMEINDE,lsa:GEMEINDE:15087220,"Hettstedt, Stadt",party:F15,15,0,385,385,0
WAHLBEZIRK->GEMEINDE,lsa:GEMEINDE:15087220,"Hettstedt, Stadt",party:F19,15,0,62,62,0
WAHLBEZIRK->GEMEINDE,lsa:GEMEINDE:15087220,"Hettstedt, Stadt",party:F2,15,0,4070,4070,0
WAHLBEZIRK->GEMEINDE,lsa:GEMEINDE:15087220,"Hettstedt, Stadt",party:F20,15,0,19,19,0
WAHLBEZIRK->GEMEINDE,lsa:GEMEINDE:15087220,"Hettstedt, Stadt",party:F3,15,0,593,593,0
WAHLBEZIRK->GEMEINDE,lsa:GEMEINDE:15087220,"Hettstedt, Stadt",party:F4,15,0,505,505,0
WAHLBEZIRK->GEMEINDE,lsa:GEMEINDE:15087220,"Hettstedt, Stadt",party:F5,15,0,160,160,0
WAHLBEZIRK->GEMEINDE,lsa:GEMEINDE:15087220,"Hettstedt, Stadt",party:F6,15,0,244,244,0
WAHLBEZIRK->GEMEINDE,lsa:GEMEINDE:15087220,"Hettstedt, Stadt",party:F7,15,0,43,43,0
WAHLBEZIRK->GEMEINDE,lsa:GEMEINDE:15087220,"Hettstedt, Stadt",party:F8,15,0,10,10,0
WAHLBEZIRK->GEMEINDE,lsa:GEMEINDE:15087220,"Hettstedt, Stadt",party:F9,15,0,53,53,0
WAHLBEZIRK->GEMEINDE,lsa:GEMEINDE:15087250,"Kelbra (Kyffhäuser), Stadt",reported_precincts,6,0,6,6,0
WAHLBEZIRK->GEMEINDE,lsa:GEMEINDE:15087250,"Kelbra (Kyffhäuser), Stadt",total_precincts,6,0,6,6,0
WAHLBEZIRK->GEMEINDE,lsa:GEMEINDE:15087250,"Kelbra (Kyffhäuser), Stadt",voters_total,6,0,2058,2058,0
WAHLBEZIRK->GEMEINDE,lsa:GEMEINDE:15087250,"Kelbra (Kyffhäuser), Stadt",valid_votes_erst,6,0,2032,2032,0
WAHLBEZIRK->GEMEINDE,lsa:GEMEINDE:15087250,"Kelbra (Kyffhäuser), Stadt",valid_votes_zweit,6,0,2033,2033,0
WAHLBEZIRK->GEMEINDE,lsa:GEMEINDE:15087250,"Kelbra (Kyffhäuser), Stadt",party:D1,6,0,465,465,0
WAHLBEZIRK->GEMEINDE,lsa:GEMEINDE:15087250,"Kelbra (Kyffhäuser), Stadt",party:D19,6,0,29,29,0
WAHLBEZIRK->GEMEINDE,lsa:GEMEINDE:15087250,"Kelbra (Kyffhäuser), Stadt",party:D2,6,0,1051,1051,0
WAHLBEZIRK->GEMEINDE,lsa:GEMEINDE:15087250,"Kelbra (Kyffhäuser), Stadt",party:D3,6,0,212,212,0
WAHLBEZIRK->GEMEINDE,lsa:GEMEINDE:15087250,"Kelbra (Kyffhäuser), Stadt",party:D4,6,0,130,130,0
WAHLBEZIRK->GEMEINDE,lsa:GEMEINDE:15087250,"Kelbra (Kyffhäuser), Stadt",party:D5,6,0,83,83,0
WAHLBEZIRK->GEMEINDE,lsa:GEMEINDE:15087250,"Kelbra (Kyffhäuser), Stadt",party:D6,6,0,62,62,0
WAHLBEZIRK->GEMEINDE,lsa:GEMEINDE:15087250,"Kelbra (Kyffhäuser), Stadt",party:F1,6,0,343,343,0
WAHLBEZIRK->GEMEINDE,lsa:GEMEINDE:15087250,"Kelbra (Kyffhäuser), Stadt",party:F10,6,0,6,6,0
WAHLBEZIRK->GEMEINDE,lsa:GEMEINDE:15087250,"Kelbra (Kyffhäuser), Stadt",party:F11,6,0,3,3,0
WAHLBEZIRK->GEMEINDE,lsa:GEMEINDE:15087250,"Kelbra (Kyffhäuser), Stadt",party:F12,6,0,7,7,0
WAHLBEZIRK->GEMEINDE,lsa:GEMEINDE:15087250,"Kelbra (Kyffhäuser), Stadt",party:F15,6,0,96,96,0
WAHLBEZIRK->GEMEINDE,lsa:GEMEINDE:15087250,"Kelbra (Kyffhäuser), Stadt",party:F19,6,0,13,13,0
WAHLBEZIRK->GEMEINDE,lsa:GEMEINDE:15087250,"Kelbra (Kyffhäuser), Stadt",party:F2,6,0,1015,1015,0
WAHLBEZIRK->GEMEINDE,lsa:GEMEINDE:15087250,"Kelbra (Kyffhäuser), Stadt",party:F20,6,0,5,5,0
WAHLBEZIRK->GEMEINDE,lsa:GEMEINDE:15087250,"Kelbra (Kyffhäuser), Stadt",party:F3,6,0,170,170,0
WAHLBEZIRK->GEMEINDE,lsa:GEMEINDE:15087250,"Kelbra (Kyffhäuser), Stadt",party:F4,6,0,151,151,0
WAHLBEZIRK->GEMEINDE,lsa:GEMEINDE:15087250,"Kelbra (Kyffhäuser), Stadt",party:F5,6,0,55,55,0
WAHLBEZIRK->GEMEINDE,lsa:GEMEINDE:15087250,"Kelbra (Kyffhäuser), Stadt",party:F6,6,0,109,109,0
WAHLBEZIRK->GEMEINDE,lsa:GEMEINDE:15087250,"Kelbra (Kyffhäuser), Stadt",party:F7,6,0,23,23,0
WAHLBEZIRK->GEMEINDE,lsa:GEMEINDE:15087250,"Kelbra (Kyffhäuser), Stadt",party:F8,6,0,0,0,0
WAHLBEZIRK->GEMEINDE,lsa:GEMEINDE:15087250,"Kelbra (Kyffhäuser), Stadt",party:F9,6,0,37,37,0
WAHLBEZIRK->GEMEINDE,lsa:GEMEINDE:15087260,Klostermansfeld,reported_precincts,2,0,2,2,0
WAHLBEZIRK->GEMEINDE,lsa:GEMEINDE:15087260,Klostermansfeld,total_precincts,2,0,2,2,0
WAHLBEZIRK->GEMEINDE,lsa:GEMEINDE:15087260,Klostermansfeld,voters_total,2,0,1434,1434,0
WAHLBEZIRK->GEMEINDE,lsa:GEMEINDE:15087260,Klostermansfeld,valid_votes_erst,2,0,1420,1420,0
WAHLBEZIRK->GEMEINDE,lsa:GEMEINDE:15087260,Klostermansfeld,valid_votes_zweit,2,0,1426,1426,0
WAHLBEZIRK->GEMEINDE,lsa:GEMEINDE:15087260,Klostermansfeld,party:D1,2,0,382,382,0
WAHLBEZIRK->GEMEINDE,lsa:GEMEINDE:15087260,Klostermansfeld,party:D19,2,0,19,19,0
WAHLBEZIRK->GEMEINDE,lsa:GEMEINDE:15087260,Klostermansfeld,party:D2,2,0,734,734,0
WAHLBEZIRK->GEMEINDE,lsa:GEMEINDE:15087260,Klostermansfeld,party:D3,2,0,151,151,0
WAHLBEZIRK->GEMEINDE,lsa:GEMEINDE:15087260,Klostermansfeld,party:D4,2,0,59,59,0
WAHLBEZIRK->GEMEINDE,lsa:GEMEINDE:15087260,Klostermansfeld,party:D5,2,0,52,52,0
WAHLBEZIRK->GEMEINDE,lsa:GEMEINDE:15087260,Klostermansfeld,party:D6,2,0,23,23,0
WAHLBEZIRK->GEMEINDE,lsa:GEMEINDE:15087260,Klostermansfeld,party:F1,2,0,302,302,0
WAHLBEZIRK->GEMEINDE,lsa:GEMEINDE:15087260,Klostermansfeld,party:F10,2,0,3,3,0
WAHLBEZIRK->GEMEINDE,lsa:GEMEINDE:15087260,Klostermansfeld,party:F11,2,0,0,0,0
WAHLBEZIRK->GEMEINDE,lsa:GEMEINDE:15087260,Klostermansfeld,party:F12,2,0,4,4,0
WAHLBEZIRK->GEMEINDE,lsa:GEMEINDE:15087260,Klostermansfeld,party:F15,2,0,61,61,0
WAHLBEZIRK->GEMEINDE,lsa:GEMEINDE:15087260,Klostermansfeld,party:F19,2,0,8,8,0
WAHLBEZIRK->GEMEINDE,lsa:GEMEINDE:15087260,Klostermansfeld,party:F2,2,0,711,711,0
WAHLBEZIRK->GEMEINDE,lsa:GEMEINDE:15087260,Klostermansfeld,party:F20,2,0,2,2,0
WAHLBEZIRK->GEMEINDE,lsa:GEMEINDE:15087260,Klostermansfeld,party:F3,2,0,107,107,0
WAHLBEZIRK->GEMEINDE,lsa:GEMEINDE:15087260,Klostermansfeld,party:F4,2,0,94,94,0
WAHLBEZIRK->GEMEINDE,lsa:GEMEINDE:15087260,Klostermansfeld,party:F5,2,0,45,45,0
WAHLBEZIRK->GEMEINDE,lsa:GEMEINDE:15087260,Klostermansfeld,party:F6,2,0,67,67,0
WAHLBEZIRK->GEMEINDE,lsa:GEMEINDE:15087260,Klostermansfeld,party:F7,2,0,10,10,0
WAHLBEZIRK->GEMEINDE,lsa:GEMEINDE:15087260,Klostermansfeld,party:F8,2,0,1,1,0
WAHLBEZIRK->GEMEINDE,lsa:GEMEINDE:15087260,Klostermansfeld,party:F9,2,0,11,11,0
WAHLBEZIRK->GEMEINDE,lsa:GEMEINDE:15087275,"Mansfeld, Stadt",reported_precincts,17,0,17,17,0
WAHLBEZIRK->GEMEINDE,lsa:GEMEINDE:15087275,"Mansfeld, Stadt",total_precincts,17,0,17,17,0
WAHLBEZIRK->GEMEINDE,lsa:GEMEINDE:15087275,"Mansfeld, Stadt",voters_total,17,0,5497,5497,0
WAHLBEZIRK->GEMEINDE,lsa:GEMEINDE:15087275,"Mansfeld, Stadt",valid_votes_erst,17,0,5423,5423,0
WAHLBEZIRK->GEMEINDE,lsa:GEMEINDE:15087275,"Mansfeld, Stadt",valid_votes_zweit,17,0,5448,5448,0
WAHLBEZIRK->GEMEINDE,lsa:GEMEINDE:15087275,"Mansfeld, Stadt",party:D1,17,0,1134,1134,0
WAHLBEZIRK->GEMEINDE,lsa:GEMEINDE:15087275,"Mansfeld, Stadt",party:D19,17,0,211,211,0
WAHLBEZIRK->GEMEINDE,lsa:GEMEINDE:15087275,"Mansfeld, Stadt",party:D2,17,0,2994,2994,0
WAHLBEZIRK->GEMEINDE,lsa:GEMEINDE:15087275,"Mansfeld, Stadt",party:D3,17,0,520,520,0
WAHLBEZIRK->GEMEINDE,lsa:GEMEINDE:15087275,"Mansfeld, Stadt",party:D4,17,0,275,275,0
WAHLBEZIRK->GEMEINDE,lsa:GEMEINDE:15087275,"Mansfeld, Stadt",party:D5,17,0,159,159,0
WAHLBEZIRK->GEMEINDE,lsa:GEMEINDE:15087275,"Mansfeld, Stadt",party:D6,17,0,130,130,0
WAHLBEZIRK->GEMEINDE,lsa:GEMEINDE:15087275,"Mansfeld, Stadt",party:F1,17,0,962,962,0
WAHLBEZIRK->GEMEINDE,lsa:GEMEINDE:15087275,"Mansfeld, Stadt",party:F10,17,0,21,21,0
WAHLBEZIRK->GEMEINDE,lsa:GEMEINDE:15087275,"Mansfeld, Stadt",party:F11,17,0,15,15,0
WAHLBEZIRK->GEMEINDE,lsa:GEMEINDE:15087275,"Mansfeld, Stadt",party:F12,17,0,23,23,0
WAHLBEZIRK->GEMEINDE,lsa:GEMEINDE:15087275,"Mansfeld, Stadt",party:F15,17,0,252,252,0
WAHLBEZIRK->GEMEINDE,lsa:GEMEINDE:15087275,"Mansfeld, Stadt",party:F19,17,0,115,115,0
WAHLBEZIRK->GEMEINDE,lsa:GEMEINDE:15087275,"Mansfeld, Stadt",party:F2,17,0,2872,2872,0
WAHLBEZIRK->GEMEINDE,lsa:GEMEINDE:15087275,"Mansfeld, Stadt",party:F20,17,0,13,13,0
WAHLBEZIRK->GEMEINDE,lsa:GEMEINDE:15087275,"Mansfeld, Stadt",party:F3,17,0,389,389,0
WAHLBEZIRK->GEMEINDE,lsa:GEMEINDE:15087275,"Mansfeld, Stadt",party:F4,17,0,357,357,0
WAHLBEZIRK->GEMEINDE,lsa:GEMEINDE:15087275,"Mansfeld, Stadt",party:F5,17,0,132,132,0
WAHLBEZIRK->GEMEINDE,lsa:GEMEINDE:15087275,"Mansfeld, Stadt",party:F6,17,0,186,186,0
WAHLBEZIRK->GEMEINDE,lsa:GEMEINDE:15087275,"Mansfeld, Stadt",party:F7,17,0,59,59,0
WAHLBEZIRK->GEMEINDE,lsa:GEMEINDE:15087275,"Mansfeld, Stadt",party:F8,17,0,4,4,0
WAHLBEZIRK->GEMEINDE,lsa:GEMEINDE:15087275,"Mansfeld, Stadt",party:F9,17,0,48,48,0
WAHLBEZIRK->GEMEINDE,lsa:GEMEINDE:15087370,"Sangerhausen, Stadt",reported_precincts,33,0,33,33,0
WAHLBEZIRK->GEMEINDE,lsa:GEMEINDE:15087370,"Sangerhausen, Stadt",total_precincts,33,0,33,33,0
WAHLBEZIRK->GEMEINDE,lsa:GEMEINDE:15087370,"Sangerhausen, Stadt",voters_total,33,0,15130,15130,0
WAHLBEZIRK->GEMEINDE,lsa:GEMEINDE:15087370,"Sangerhausen, Stadt",valid_votes_erst,33,0,14918,14918,0
WAHLBEZIRK->GEMEINDE,lsa:GEMEINDE:15087370,"Sangerhausen, Stadt",valid_votes_zweit,33,0,14962,14962,0
WAHLBEZIRK->GEMEINDE,lsa:GEMEINDE:15087370,"Sangerhausen, Stadt",party:D1,33,0,4210,4210,0
WAHLBEZIRK->GEMEINDE,lsa:GEMEINDE:15087370,"Sangerhausen, Stadt",party:D19,33,0,171,171,0
WAHLBEZIRK->GEMEINDE,lsa:GEMEINDE:15087370,"Sangerhausen, Stadt",party:D2,33,0,7311,7311,0
WAHLBEZIRK->GEMEINDE,lsa:GEMEINDE:15087370,"Sangerhausen, Stadt",party:D3,33,0,1523,1523,0
WAHLBEZIRK->GEMEINDE,lsa:GEMEINDE:15087370,"Sangerhausen, Stadt",party:D4,33,0,845,845,0
WAHLBEZIRK->GEMEINDE,lsa:GEMEINDE:15087370,"Sangerhausen, Stadt",party:D5,33,0,513,513,0
WAHLBEZIRK->GEMEINDE,lsa:GEMEINDE:15087370,"Sangerhausen, Stadt",party:D6,33,0,345,345,0
WAHLBEZIRK->GEMEINDE,lsa:GEMEINDE:15087370,"Sangerhausen, Stadt",party:F1,33,0,2933,2933,0
WAHLBEZIRK->GEMEINDE,lsa:GEMEINDE:15087370,"Sangerhausen, Stadt",party:F10,33,0,87,87,0
WAHLBEZIRK->GEMEINDE,lsa:GEMEINDE:15087370,"Sangerhausen, Stadt",party:F11,33,0,36,36,0
WAHLBEZIRK->GEMEINDE,lsa:GEMEINDE:15087370,"Sangerhausen, Stadt",party:F12,33,0,86,86,0
WAHLBEZIRK->GEMEINDE,lsa:GEMEINDE:15087370,"Sangerhausen, Stadt",party:F15,33,0,821,821,0
WAHLBEZIRK->GEMEINDE,lsa:GEMEINDE:15087370,"Sangerhausen, Stadt",party:F19,33,0,65,65,0
WAHLBEZIRK->GEMEINDE,lsa:GEMEINDE:15087370,"Sangerhausen, Stadt",party:F2,33,0,7062,7062,0
WAHLBEZIRK->GEMEINDE,lsa:GEMEINDE:15087370,"Sangerhausen, Stadt",party:F20,33,0,49,49,0
WAHLBEZIRK->GEMEINDE,lsa:GEMEINDE:15087370,"Sangerhausen, Stadt",party:F3,33,0,1201,1201,0
WAHLBEZIRK->GEMEINDE,lsa:GEMEINDE:15087370,"Sangerhausen, Stadt",party:F4,33,0,1268,1268,0
WAHLBEZIRK->GEMEINDE,lsa:GEMEINDE:15087370,"Sangerhausen, Stadt",party:F5,33,0,333,333,0
WAHLBEZIRK->GEMEINDE,lsa:GEMEINDE:15087370,"Sangerhausen, Stadt",party:F6,33,0,748,748,0
WAHLBEZIRK->GEMEINDE,lsa:GEMEINDE:15087370,"Sangerhausen, Stadt",party:F7,33,0,100,100,0
WAHLBEZIRK->GEMEINDE,lsa:GEMEINDE:15087370,"Sangerhausen, Stadt",party:F8,33,0,24,24,0
WAHLBEZIRK->GEMEINDE,lsa:GEMEINDE:15087370,"Sangerhausen, Stadt",party:F9,33,0,149,149,0
WAHLBEZIRK->GEMEINDE,lsa:GEMEINDE:15087386,Seegebiet Mansfelder Land,reported_precincts,14,0,14,14,0
WAHLBEZIRK->GEMEINDE,lsa:GEMEINDE:15087386,Seegebiet Mansfelder Land,total_precincts,14,0,14,14,0
WAHLBEZIRK->GEMEINDE,lsa:GEMEINDE:15087386,Seegebiet Mansfelder Land,voters_total,14,0,5877,5877,0
WAHLBEZIRK->GEMEINDE,lsa:GEMEINDE:15087386,Seegebiet Mansfelder Land,valid_votes_erst,14,0,5785,5785,0
WAHLBEZIRK->GEMEINDE,lsa:GEMEINDE:15087386,Seegebiet Mansfelder Land,valid_votes_zweit,14,0,5804,5804,0
WAHLBEZIRK->GEMEINDE,lsa:GEMEINDE:15087386,Seegebiet Mansfelder Land,party:D1,14,0,1110,1110,0
WAHLBEZIRK->GEMEINDE,lsa:GEMEINDE:15087386,Seegebiet Mansfelder Land,party:D19,14,0,194,194,0
WAHLBEZIRK->GEMEINDE,lsa:GEMEINDE:15087386,Seegebiet Mansfelder Land,party:D2,14,0,3346,3346,0
WAHLBEZIRK->GEMEINDE,lsa:GEMEINDE:15087386,Seegebiet Mansfelder Land,party:D3,14,0,588,588,0
WAHLBEZIRK->GEMEINDE,lsa:GEMEINDE:15087386,Seegebiet Mansfelder Land,party:D4,14,0,265,265,0
WAHLBEZIRK->GEMEINDE,lsa:GEMEINDE:15087386,Seegebiet Mansfelder Land,party:D5,14,0,193,193,0
WAHLBEZIRK->GEMEINDE,lsa:GEMEINDE:15087386,Seegebiet Mansfelder Land,party:D6,14,0,89,89,0
WAHLBEZIRK->GEMEINDE,lsa:GEMEINDE:15087386,Seegebiet Mansfelder Land,party:F1,14,0,823,823,0
WAHLBEZIRK->GEMEINDE,lsa:GEMEINDE:15087386,Seegebiet Mansfelder Land,party:F10,14,0,20,20,0
WAHLBEZIRK->GEMEINDE,lsa:GEMEINDE:15087386,Seegebiet Mansfelder Land,party:F11,14,0,15,15,0
WAHLBEZIRK->GEMEINDE,lsa:GEMEINDE:15087386,Seegebiet Mansfelder Land,party:F12,14,0,23,23,0
WAHLBEZIRK->GEMEINDE,lsa:GEMEINDE:15087386,Seegebiet Mansfelder Land,party:F15,14,0,303,303,0
WAHLBEZIRK->GEMEINDE,lsa:GEMEINDE:15087386,Seegebiet Mansfelder Land,party:F19,14,0,26,26,0
WAHLBEZIRK->GEMEINDE,lsa:GEMEINDE:15087386,Seegebiet Mansfelder Land,party:F2,14,0,3286,3286,0
WAHLBEZIRK->GEMEINDE,lsa:GEMEINDE:15087386,Seegebiet Mansfelder Land,party:F20,14,0,13,13,0
WAHLBEZIRK->GEMEINDE,lsa:GEMEINDE:15087386,Seegebiet Mansfelder Land,party:F3,14,0,421,421,0
WAHLBEZIRK->GEMEINDE,lsa:GEMEINDE:15087386,Seegebiet Mansfelder Land,party:F4,14,0,357,357,0
WAHLBEZIRK->GEMEINDE,lsa:GEMEINDE:15087386,Seegebiet Mansfelder Land,party:F5,14,0,138,138,0
WAHLBEZIRK->GEMEINDE,lsa:GEMEINDE:15087386,Seegebiet Mansfelder Land,party:F6,14,0,238,238,0
WAHLBEZIRK->GEMEINDE,lsa:GEMEINDE:15087386,Seegebiet Mansfelder Land,party:F7,14,0,69,69,0
WAHLBEZIRK->GEMEINDE,lsa:GEMEINDE:15087386,Seegebiet Mansfelder Land,party:F8,14,0,10,10,0
WAHLBEZIRK->GEMEINDE,lsa:GEMEINDE:15087386,Seegebiet Mansfelder Land,party:F9,14,0,62,62,0
WAHLBEZIRK->GEMEINDE,lsa:GEMEINDE:15087412,Südharz,reported_precincts,18,0,18,18,0
WAHLBEZIRK->GEMEINDE,lsa:GEMEINDE:15087412,Südharz,total_precincts,18,0,18,18,0
WAHLBEZIRK->GEMEINDE,lsa:GEMEINDE:15087412,Südharz,voters_total,18,0,5711,5711,0
WAHLBEZIRK->GEMEINDE,lsa:GEMEINDE:15087412,Südharz,valid_votes_erst,18,0,5642,5642,0
WAHLBEZIRK->GEMEINDE,lsa:GEMEINDE:15087412,Südharz,valid_votes_zweit,18,0,5657,5657,0
WAHLBEZIRK->GEMEINDE,lsa:GEMEINDE:15087412,Südharz,party:D1,18,0,1418,1418,0
WAHLBEZIRK->GEMEINDE,lsa:GEMEINDE:15087412,Südharz,party:D19,18,0,62,62,0
WAHLBEZIRK->GEMEINDE,lsa:GEMEINDE:15087412,Südharz,party:D2,18,0,2937,2937,0
WAHLBEZIRK->GEMEINDE,lsa:GEMEINDE:15087412,Südharz,party:D3,18,0,557,557,0
WAHLBEZIRK->GEMEINDE,lsa:GEMEINDE:15087412,Südharz,party:D4,18,0,298,298,0
WAHLBEZIRK->GEMEINDE,lsa:GEMEINDE:15087412,Südharz,party:D5,18,0,200,200,0
WAHLBEZIRK->GEMEINDE,lsa:GEMEINDE:15087412,Südharz,party:D6,18,0,170,170,0
WAHLBEZIRK->GEMEINDE,lsa:GEMEINDE:15087412,Südharz,party:F1,18,0,1073,1073,0
WAHLBEZIRK->GEMEINDE,lsa:GEMEINDE:15087412,Südharz,party:F10,18,0,23,23,0
WAHLBEZIRK->GEMEINDE,lsa:GEMEINDE:15087412,Südharz,party:F11,18,0,11,11,0
WAHLBEZIRK->GEMEINDE,lsa:GEMEINDE:15087412,Südharz,party:F12,18,0,10,10,0
WAHLBEZIRK->GEMEINDE,lsa:GEMEINDE:15087412,Südharz,party:F15,18,0,286,286,0
WAHLBEZIRK->GEMEINDE,lsa:GEMEINDE:15087412,Südharz,party:F19,18,0,21,21,0
WAHLBEZIRK->GEMEINDE,lsa:GEMEINDE:15087412,Südharz,party:F2,18,0,2830,2830,0
WAHLBEZIRK->GEMEINDE,lsa:GEMEINDE:15087412,Südharz,party:F20,18,0,20,20,0
WAHLBEZIRK->GEMEINDE,lsa:GEMEINDE:15087412,Südharz,party:F3,18,0,475,475,0
WAHLBEZIRK->GEMEINDE,lsa:GEMEINDE:15087412,Südharz,party:F4,18,0,408,408,0
WAHLBEZIRK->GEMEINDE,lsa:GEMEINDE:15087412,Südharz,party:F5,18,0,133,133,0
WAHLBEZIRK->GEMEINDE,lsa:GEMEINDE:15087412,Südharz,party:F6,18,0,249,249,0
WAHLBEZIRK->GEMEINDE,lsa:GEMEINDE:15087412,Südharz,party:F7,18,0,53,53,0
WAHLBEZIRK->GEMEINDE,lsa:GEMEINDE:15087412,Südharz,party:F8,18,0,11,11,0
WAHLBEZIRK->GEMEINDE,lsa:GEMEINDE:15087412,Südharz,party:F9,18,0,54,54,0
WAHLBEZIRK->GEMEINDE,lsa:GEMEINDE:15087440,Wallhausen,reported_precincts,5,0,5,5,0
WAHLBEZIRK->GEMEINDE,lsa:GEMEINDE:15087440,Wallhausen,total_precincts,5,0,5,5,0
WAHLBEZIRK->GEMEINDE,lsa:GEMEINDE:15087440,Wallhausen,voters_total,5,0,1526,1526,0
WAHLBEZIRK->GEMEINDE,lsa:GEMEINDE:15087440,Wallhausen,valid_votes_erst,5,0,1498,1498,0
WAHLBEZIRK->GEMEINDE,lsa:GEMEINDE:15087440,Wallhausen,valid_votes_zweit,5,0,1513,1513,0
WAHLBEZIRK->GEMEINDE,lsa:GEMEINDE:15087440,Wallhausen,party:D1,5,0,357,357,0
WAHLBEZIRK->GEMEINDE,lsa:GEMEINDE:15087440,Wallhausen,party:D19,5,0,32,32,0
WAHLBEZIRK->GEMEINDE,lsa:GEMEINDE:15087440,Wallhausen,party:D2,5,0,802,802,0
WAHLBEZIRK->GEMEINDE,lsa:GEMEINDE:15087440,Wallhausen,party:D3,5,0,137,137,0
WAHLBEZIRK->GEMEINDE,lsa:GEMEINDE:15087440,Wallhausen,party:D4,5,0,81,81,0
WAHLBEZIRK->GEMEINDE,lsa:GEMEINDE:15087440,Wallhausen,party:D5,5,0,51,51,0
WAHLBEZIRK->GEMEINDE,lsa:GEMEINDE:15087440,Wallhausen,party:D6,5,0,38,38,0
WAHLBEZIRK->GEMEINDE,lsa:GEMEINDE:15087440,Wallhausen,party:F1,5,0,254,254,0
WAHLBEZIRK->GEMEINDE,lsa:GEMEINDE:15087440,Wallhausen,party:F10,5,0,7,7,0
WAHLBEZIRK->GEMEINDE,lsa:GEMEINDE:15087440,Wallhausen,party:F11,5,0,3,3,0
WAHLBEZIRK->GEMEINDE,lsa:GEMEINDE:15087440,Wallhausen,party:F12,5,0,15,15,0
WAHLBEZIRK->GEMEINDE,lsa:GEMEINDE:15087440,Wallhausen,party:F15,5,0,97,97,0
WAHLBEZIRK->GEMEINDE,lsa:GEMEINDE:15087440,Wallhausen,party:F19,5,0,8,8,0
WAHLBEZIRK->GEMEINDE,lsa:GEMEINDE:15087440,Wallhausen,party:F2,5,0,772,772,0
WAHLBEZIRK->GEMEINDE,lsa:GEMEINDE:15087440,Wallhausen,party:F20,5,0,8,8,0
WAHLBEZIRK->GEMEINDE,lsa:GEMEINDE:15087440,Wallhausen,party:F3,5,0,100,100,0
WAHLBEZIRK->GEMEINDE,lsa:GEMEINDE:15087440,Wallhausen,party:F4,5,0,112,112,0
WAHLBEZIRK->GEMEINDE,lsa:GEMEINDE:15087440,Wallhausen,party:F5,5,0,37,37,0
WAHLBEZIRK->GEMEINDE,lsa:GEMEINDE:15087440,Wallhausen,party:F6,5,0,68,68,0
WAHLBEZIRK->GEMEINDE,lsa:GEMEINDE:15087440,Wallhausen,party:F7,5,0,9,9,0
WAHLBEZIRK->GEMEINDE,lsa:GEMEINDE:15087440,Wallhausen,party:F8,5,0,3,3,0
WAHLBEZIRK->GEMEINDE,lsa:GEMEINDE:15087440,Wallhausen,party:F9,5,0,20,20,0
WAHLBEZIRK->GEMEINDE,lsa:GEMEINDE:15087470,Wimmelburg,reported_precincts,2,0,2,2,0
WAHLBEZIRK->GEMEINDE,lsa:GEMEINDE:15087470,Wimmelburg,total_precincts,2,0,2,2,0
WAHLBEZIRK->GEMEINDE,lsa:GEMEINDE:15087470,Wimmelburg,voters_total,2,0,724,724,0
WAHLBEZIRK->GEMEINDE,lsa:GEMEINDE:15087470,Wimmelburg,valid_votes_erst,2,0,714,714,0
WAHLBEZIRK->GEMEINDE,lsa:GEMEINDE:15087470,Wimmelburg,valid_votes_zweit,2,0,715,715,0
WAHLBEZIRK->GEMEINDE,lsa:GEMEINDE:15087470,Wimmelburg,party:D1,2,0,184,184,0
WAHLBEZIRK->GEMEINDE,lsa:GEMEINDE:15087470,Wimmelburg,party:D19,2,0,7,7,0
WAHLBEZIRK->GEMEINDE,lsa:GEMEINDE:15087470,Wimmelburg,party:D2,2,0,380,380,0
WAHLBEZIRK->GEMEINDE,lsa:GEMEINDE:15087470,Wimmelburg,party:D3,2,0,80,80,0
WAHLBEZIRK->GEMEINDE,lsa:GEMEINDE:15087470,Wimmelburg,party:D4,2,0,35,35,0
WAHLBEZIRK->GEMEINDE,lsa:GEMEINDE:15087470,Wimmelburg,party:D5,2,0,25,25,0
WAHLBEZIRK->GEMEINDE,lsa:GEMEINDE:15087470,Wimmelburg,party:D6,2,0,3,3,0
WAHLBEZIRK->GEMEINDE,lsa:GEMEINDE:15087470,Wimmelburg,party:F1,2,0,118,118,0
WAHLBEZIRK->GEMEINDE,lsa:GEMEINDE:15087470,Wimmelburg,party:F10,2,0,2,2,0
WAHLBEZIRK->GEMEINDE,lsa:GEMEINDE:15087470,Wimmelburg,party:F11,2,0,2,2,0
WAHLBEZIRK->GEMEINDE,lsa:GEMEINDE:15087470,Wimmelburg,party:F12,2,0,2,2,0
WAHLBEZIRK->GEMEINDE,lsa:GEMEINDE:15087470,Wimmelburg,party:F15,2,0,40,40,0
WAHLBEZIRK->GEMEINDE,lsa:GEMEINDE:15087470,Wimmelburg,party:F19,2,0,2,2,0
WAHLBEZIRK->GEMEINDE,lsa:GEMEINDE:15087470,Wimmelburg,party:F2,2,0,374,374,0
WAHLBEZIRK->GEMEINDE,lsa:GEMEINDE:15087470,Wimmelburg,party:F20,2,0,0,0,0
WAHLBEZIRK->GEMEINDE,lsa:GEMEINDE:15087470,Wimmelburg,party:F3,2,0,64,64,0
WAHLBEZIRK->GEMEINDE,lsa:GEMEINDE:15087470,Wimmelburg,party:F4,2,0,61,61,0
WAHLBEZIRK->GEMEINDE,lsa:GEMEINDE:15087470,Wimmelburg,party:F5,2,0,15,15,0
WAHLBEZIRK->GEMEINDE,lsa:GEMEINDE:15087470,Wimmelburg,party:F6,2,0,26,26,0
WAHLBEZIRK->GEMEINDE,lsa:GEMEINDE:15087470,Wimmelburg,party:F7,2,0,3,3,0
WAHLBEZIRK->GEMEINDE,lsa:GEMEINDE:15087470,Wimmelburg,party:F8,2,0,0,0,0
WAHLBEZIRK->GEMEINDE,lsa:GEMEINDE:15087470,Wimmelburg,party:F9,2,0,6,6,0
WAHLBEZIRK->GEMEINDE,lsa:GEMEINDE:15088020,"Bad Dürrenberg, Stadt",reported_precincts,10,0,10,10,0
WAHLBEZIRK->GEMEINDE,lsa:GEMEINDE:15088020,"Bad Dürrenberg, Stadt",total_precincts,10,0,10,10,0
WAHLBEZIRK->GEMEINDE,lsa:GEMEINDE:15088020,"Bad Dürrenberg, Stadt",voters_total,10,0,6534,6534,0
WAHLBEZIRK->GEMEINDE,lsa:GEMEINDE:15088020,"Bad Dürrenberg, Stadt",valid_votes_erst,10,0,6480,6480,0
WAHLBEZIRK->GEMEINDE,lsa:GEMEINDE:15088020,"Bad Dürrenberg, Stadt",valid_votes_zweit,10,0,6488,6488,0
WAHLBEZIRK->GEMEINDE,lsa:GEMEINDE:15088020,"Bad Dürrenberg, Stadt",party:D1,10,0,1459,1459,0
WAHLBEZIRK->GEMEINDE,lsa:GEMEINDE:15088020,"Bad Dürrenberg, Stadt",party:D15,10,0,246,246,0
WAHLBEZIRK->GEMEINDE,lsa:GEMEINDE:15088020,"Bad Dürrenberg, Stadt",party:D2,10,0,3344,3344,0
WAHLBEZIRK->GEMEINDE,lsa:GEMEINDE:15088020,"Bad Dürrenberg, Stadt",party:D3,10,0,546,546,0
WAHLBEZIRK->GEMEINDE,lsa:GEMEINDE:15088020,"Bad Dürrenberg, Stadt",party:D4,10,0,355,355,0
WAHLBEZIRK->GEMEINDE,lsa:GEMEINDE:15088020,"Bad Dürrenberg, Stadt",party:D5,10,0,356,356,0
WAHLBEZIRK->GEMEINDE,lsa:GEMEINDE:15088020,"Bad Dürrenberg, Stadt",party:D6,10,0,174,174,0
WAHLBEZIRK->GEMEINDE,lsa:GEMEINDE:15088020,"Bad Dürrenberg, Stadt",party:F1,10,0,1238,1238,0
WAHLBEZIRK->GEMEINDE,lsa:GEMEINDE:15088020,"Bad Dürrenberg, Stadt",party:F10,10,0,20,20,0
WAHLBEZIRK->GEMEINDE,lsa:GEMEINDE:15088020,"Bad Dürrenberg, Stadt",party:F11,10,0,17,17,0
WAHLBEZIRK->GEMEINDE,lsa:GEMEINDE:15088020,"Bad Dürrenberg, Stadt",party:F12,10,0,29,29,0
WAHLBEZIRK->GEMEINDE,lsa:GEMEINDE:15088020,"Bad Dürrenberg, Stadt",party:F15,10,0,272,272,0
WAHLBEZIRK->GEMEINDE,lsa:GEMEINDE:15088020,"Bad Dürrenberg, Stadt",party:F19,10,0,12,12,0
WAHLBEZIRK->GEMEINDE,lsa:GEMEINDE:15088020,"Bad Dürrenberg, Stadt",party:F2,10,0,3310,3310,0
WAHLBEZIRK->GEMEINDE,lsa:GEMEINDE:15088020,"Bad Dürrenberg, Stadt",party:F20,10,0,14,14,0
WAHLBEZIRK->GEMEINDE,lsa:GEMEINDE:15088020,"Bad Dürrenberg, Stadt",party:F3,10,0,441,441,0
WAHLBEZIRK->GEMEINDE,lsa:GEMEINDE:15088020,"Bad Dürrenberg, Stadt",party:F4,10,0,422,422,0
WAHLBEZIRK->GEMEINDE,lsa:GEMEINDE:15088020,"Bad Dürrenberg, Stadt",party:F5,10,0,179,179,0
WAHLBEZIRK->GEMEINDE,lsa:GEMEINDE:15088020,"Bad Dürrenberg, Stadt",party:F6,10,0,390,390,0
WAHLBEZIRK->GEMEINDE,lsa:GEMEINDE:15088020,"Bad Dürrenberg, Stadt",party:F7,10,0,59,59,0
WAHLBEZIRK->GEMEINDE,lsa:GEMEINDE:15088020,"Bad Dürrenberg, Stadt",party:F8,10,0,6,6,0
WAHLBEZIRK->GEMEINDE,lsa:GEMEINDE:15088020,"Bad Dürrenberg, Stadt",party:F9,10,0,79,79,0
WAHLBEZIRK->GEMEINDE,lsa:GEMEINDE:15088025,"Bad Lauchstädt, Goethestadt",reported_precincts,9,0,9,9,0
WAHLBEZIRK->GEMEINDE,lsa:GEMEINDE:15088025,"Bad Lauchstädt, Goethestadt",total_precincts,9,0,9,9,0
WAHLBEZIRK->GEMEINDE,lsa:GEMEINDE:15088025,"Bad Lauchstädt, Goethestadt",voters_total,9,0,5890,5890,0
WAHLBEZIRK->GEMEINDE,lsa:GEMEINDE:15088025,"Bad Lauchstädt, Goethestadt",valid_votes_erst,9,0,5819,5819,0
WAHLBEZIRK->GEMEINDE,lsa:GEMEINDE:15088025,"Bad Lauchstädt, Goethestadt",valid_votes_zweit,9,0,5833,5833,0
WAHLBEZIRK->GEMEINDE,lsa:GEMEINDE:15088025,"Bad Lauchstädt, Goethestadt",party:D1,9,0,1464,1464,0
WAHLBEZIRK->GEMEINDE,lsa:GEMEINDE:15088025,"Bad Lauchstädt, Goethestadt",party:D19,9,0,78,78,0
WAHLBEZIRK->GEMEINDE,lsa:GEMEINDE:15088025,"Bad Lauchstädt, Goethestadt",party:D2,9,0,3150,3150,0
WAHLBEZIRK->GEMEINDE,lsa:GEMEINDE:15088025,"Bad Lauchstädt, Goethestadt",party:D3,9,0,464,464,0
WAHLBEZIRK->GEMEINDE,lsa:GEMEINDE:15088025,"Bad Lauchstädt, Goethestadt",party:D4,9,0,282,282,0
WAHLBEZIRK->GEMEINDE,lsa:GEMEINDE:15088025,"Bad Lauchstädt, Goethestadt",party:D5,9,0,230,230,0
WAHLBEZIRK->GEMEINDE,lsa:GEMEINDE:15088025,"Bad Lauchstädt, Goethestadt",party:D6,9,0,151,151,0
WAHLBEZIRK->GEMEINDE,lsa:GEMEINDE:15088025,"Bad Lauchstädt, Goethestadt",party:F1,9,0,1124,1124,0
WAHLBEZIRK->GEMEINDE,lsa:GEMEINDE:15088025,"Bad Lauchstädt, Goethestadt",party:F10,9,0,34,34,0
WAHLBEZIRK->GEMEINDE,lsa:GEMEINDE:15088025,"Bad Lauchstädt, Goethestadt",party:F11,9,0,10,10,0
WAHLBEZIRK->GEMEINDE,lsa:GEMEINDE:15088025,"Bad Lauchstädt, Goethestadt",party:F12,9,0,30,30,0
WAHLBEZIRK->GEMEINDE,lsa:GEMEINDE:15088025,"Bad Lauchstädt, Goethestadt",party:F15,9,0,275,275,0
WAHLBEZIRK->GEMEINDE,lsa:GEMEINDE:15088025,"Bad Lauchstädt, Goethestadt",party:F19,9,0,17,17,0
WAHLBEZIRK->GEMEINDE,lsa:GEMEINDE:15088025,"Bad Lauchstädt, Goethestadt",party:F2,9,0,3026,3026,0
WAHLBEZIRK->GEMEINDE,lsa:GEMEINDE:15088025,"Bad Lauchstädt, Goethestadt",party:F20,9,0,22,22,0
WAHLBEZIRK->GEMEINDE,lsa:GEMEINDE:15088025,"Bad Lauchstädt, Goethestadt",party:F3,9,0,322,322,0
WAHLBEZIRK->GEMEINDE,lsa:GEMEINDE:15088025,"Bad Lauchstädt, Goethestadt",party:F4,9,0,365,365,0
WAHLBEZIRK->GEMEINDE,lsa:GEMEINDE:15088025,"Bad Lauchstädt, Goethestadt",party:F5,9,0,142,142,0
WAHLBEZIRK->GEMEINDE,lsa:GEMEINDE:15088025,"Bad Lauchstädt, Goethestadt",party:F6,9,0,323,323,0
WAHLBEZIRK->GEMEINDE,lsa:GEMEINDE:15088025,"Bad Lauchstädt, Goethestadt",party:F7,9,0,67,67,0
WAHLBEZIRK->GEMEINDE,lsa:GEMEINDE:15088025,"Bad Lauchstädt, Goethestadt",party:F8,9,0,8,8,0
WAHLBEZIRK->GEMEINDE,lsa:GEMEINDE:15088025,"Bad Lauchstädt, Goethestadt",party:F9,9,0,68,68,0
WAHLBEZIRK->GEMEINDE,lsa:GEMEINDE:15088030,Barnstädt,reported_precincts,2,0,2,2,0
WAHLBEZIRK->GEMEINDE,lsa:GEMEINDE:15088030,Barnstädt,total_precincts,2,0,2,2,0
WAHLBEZIRK->GEMEINDE,lsa:GEMEINDE:15088030,Barnstädt,voters_total,2,0,618,618,0
WAHLBEZIRK->GEMEINDE,lsa:GEMEINDE:15088030,Barnstädt,valid_votes_erst,2,0,615,615,0
WAHLBEZIRK->GEMEINDE,lsa:GEMEINDE:15088030,Barnstädt,valid_votes_zweit,2,0,616,616,0
WAHLBEZIRK->GEMEINDE,lsa:GEMEINDE:15088030,Barnstädt,party:D1,2,0,142,142,0
WAHLBEZIRK->GEMEINDE,lsa:GEMEINDE:15088030,Barnstädt,party:D19,2,0,12,12,0
WAHLBEZIRK->GEMEINDE,lsa:GEMEINDE:15088030,Barnstädt,party:D2,2,0,316,316,0
WAHLBEZIRK->GEMEINDE,lsa:GEMEINDE:15088030,Barnstädt,party:D3,2,0,60,60,0
WAHLBEZIRK->GEMEINDE,lsa:GEMEINDE:15088030,Barnstädt,party:D4,2,0,40,40,0
WAHLBEZIRK->GEMEINDE,lsa:GEMEINDE:15088030,Barnstädt,party:D5,2,0,32,32,0
WAHLBEZIRK->GEMEINDE,lsa:GEMEINDE:15088030,Barnstädt,party:D6,2,0,13,13,0
WAHLBEZIRK->GEMEINDE,lsa:GEMEINDE:15088030,Barnstädt,party:F1,2,0,122,122,0
WAHLBEZIRK->GEMEINDE,lsa:GEMEINDE:15088030,Barnstädt,party:F10,2,0,2,2,0
WAHLBEZIRK->GEMEINDE,lsa:GEMEINDE:15088030,Barnstädt,party:F11,2,0,3,3,0
WAHLBEZIRK->GEMEINDE,lsa:GEMEINDE:15088030,Barnstädt,party:F12,2,0,2,2,0
WAHLBEZIRK->GEMEINDE,lsa:GEMEINDE:15088030,Barnstädt,party:F15,2,0,39,39,0
WAHLBEZIRK->GEMEINDE,lsa:GEMEINDE:15088030,Barnstädt,party:F19,2,0,1,1,0
WAHLBEZIRK->GEMEINDE,lsa:GEMEINDE:15088030,Barnstädt,party:F2,2,0,306,306,0
WAHLBEZIRK->GEMEINDE,lsa:GEMEINDE:15088030,Barnstädt,party:F20,2,0,0,0,0
WAHLBEZIRK->GEMEINDE,lsa:GEMEINDE:15088030,Barnstädt,party:F3,2,0,45,45,0
WAHLBEZIRK->GEMEINDE,lsa:GEMEINDE:15088030,Barnstädt,party:F4,2,0,42,42,0
WAHLBEZIRK->GEMEINDE,lsa:GEMEINDE:15088030,Barnstädt,party:F5,2,0,20,20,0
WAHLBEZIRK->GEMEINDE,lsa:GEMEINDE:15088030,Barnstädt,party:F6,2,0,21,21,0
WAHLBEZIRK->GEMEINDE,lsa:GEMEINDE:15088030,Barnstädt,party:F7,2,0,8,8,0
WAHLBEZIRK->GEMEINDE,lsa:GEMEINDE:15088030,Barnstädt,party:F8,2,0,0,0,0
WAHLBEZIRK->GEMEINDE,lsa:GEMEINDE:15088030,Barnstädt,party:F9,2,0,5,5,0
WAHLBEZIRK->GEMEINDE,lsa:GEMEINDE:15088065,"Braunsbedra, Stadt",reported_precincts,11,0,11,11,0
WAHLBEZIRK->GEMEINDE,lsa:GEMEINDE:15088065,"Braunsbedra, Stadt",total_precincts,11,0,11,11,0
WAHLBEZIRK->GEMEINDE,lsa:GEMEINDE:15088065,"Braunsbedra, Stadt",voters_total,11,0,6438,6438,0
WAHLBEZIRK->GEMEINDE,lsa:GEMEINDE:15088065,"Braunsbedra, Stadt",valid_votes_erst,11,0,6346,6346,0
WAHLBEZIRK->GEMEINDE,lsa:GEMEINDE:15088065,"Braunsbedra, Stadt",valid_votes_zweit,11,0,6371,6371,0
WAHLBEZIRK->GEMEINDE,lsa:GEMEINDE:15088065,"Braunsbedra, Stadt",party:D1,11,0,1476,1476,0
WAHLBEZIRK->GEMEINDE,lsa:GEMEINDE:15088065,"Braunsbedra, Stadt",party:D2,11,0,3530,3530,0
WAHLBEZIRK->GEMEINDE,lsa:GEMEINDE:15088065,"Braunsbedra, Stadt",party:D3,11,0,610,610,0
WAHLBEZIRK->GEMEINDE,lsa:GEMEINDE:15088065,"Braunsbedra, Stadt",party:D4,11,0,361,361,0
WAHLBEZIRK->GEMEINDE,lsa:GEMEINDE:15088065,"Braunsbedra, Stadt",party:D5,11,0,247,247,0
WAHLBEZIRK->GEMEINDE,lsa:GEMEINDE:15088065,"Braunsbedra, Stadt",party:D6,11,0,122,122,0
WAHLBEZIRK->GEMEINDE,lsa:GEMEINDE:15088065,"Braunsbedra, Stadt",party:F1,11,0,1188,1188,0
WAHLBEZIRK->GEMEINDE,lsa:GEMEINDE:15088065,"Braunsbedra, Stadt",party:F10,11,0,26,26,0
WAHLBEZIRK->GEMEINDE,lsa:GEMEINDE:15088065,"Braunsbedra, Stadt",party:F11,11,0,19,19,0
WAHLBEZIRK->GEMEINDE,lsa:GEMEINDE:15088065,"Braunsbedra, Stadt",party:F12,11,0,43,43,0
WAHLBEZIRK->GEMEINDE,lsa:GEMEINDE:15088065,"Braunsbedra, Stadt",party:F15,11,0,289,289,0
WAHLBEZIRK->GEMEINDE,lsa:GEMEINDE:15088065,"Braunsbedra, Stadt",party:F19,11,0,7,7,0
WAHLBEZIRK->GEMEINDE,lsa:GEMEINDE:15088065,"Braunsbedra, Stadt",party:F2,11,0,3372,3372,0
WAHLBEZIRK->GEMEINDE,lsa:GEMEINDE:15088065,"Braunsbedra, Stadt",party:F20,11,0,16,16,0
WAHLBEZIRK->GEMEINDE,lsa:GEMEINDE:15088065,"Braunsbedra, Stadt",party:F3,11,0,451,451,0
WAHLBEZIRK->GEMEINDE,lsa:GEMEINDE:15088065,"Braunsbedra, Stadt",party:F4,11,0,402,402,0
WAHLBEZIRK->GEMEINDE,lsa:GEMEINDE:15088065,"Braunsbedra, Stadt",party:F5,11,0,144,144,0
WAHLBEZIRK->GEMEINDE,lsa:GEMEINDE:15088065,"Braunsbedra, Stadt",party:F6,11,0,275,275,0
WAHLBEZIRK->GEMEINDE,lsa:GEMEINDE:15088065,"Braunsbedra, Stadt",party:F7,11,0,50,50,0
WAHLBEZIRK->GEMEINDE,lsa:GEMEINDE:15088065,"Braunsbedra, Stadt",party:F8,11,0,8,8,0
WAHLBEZIRK->GEMEINDE,lsa:GEMEINDE:15088065,"Braunsbedra, Stadt",party:F9,11,0,81,81,0
WAHLBEZIRK->GEMEINDE,lsa:GEMEINDE:15088100,Farnstädt,reported_precincts,3,0,3,3,0
WAHLBEZIRK->GEMEINDE,lsa:GEMEINDE:15088100,Farnstädt,total_precincts,3,0,3,3,0
WAHLBEZIRK->GEMEINDE,lsa:GEMEINDE:15088100,Farnstädt,voters_total,3,0,971,971,0
WAHLBEZIRK->GEMEINDE,lsa:GEMEINDE:15088100,Farnstädt,valid_votes_erst,3,0,961,961,0
WAHLBEZIRK->GEMEINDE,lsa:GEMEINDE:15088100,Farnstädt,valid_votes_zweit,3,0,958,958,0
WAHLBEZIRK->GEMEINDE,lsa:GEMEINDE:15088100,Farnstädt,party:D1,3,0,183,183,0
WAHLBEZIRK->GEMEINDE,lsa:GEMEINDE:15088100,Farnstädt,party:D19,3,0,22,22,0
WAHLBEZIRK->GEMEINDE,lsa:GEMEINDE:15088100,Farnstädt,party:D2,3,0,553,553,0
WAHLBEZIRK->GEMEINDE,lsa:GEMEINDE:15088100,Farnstädt,party:D3,3,0,93,93,0
WAHLBEZIRK->GEMEINDE,lsa:GEMEINDE:15088100,Farnstädt,party:D4,3,0,59,59,0
WAHLBEZIRK->GEMEINDE,lsa:GEMEINDE:15088100,Farnstädt,party:D5,3,0,30,30,0
WAHLBEZIRK->GEMEINDE,lsa:GEMEINDE:15088100,Farnstädt,party:D6,3,0,21,21,0
WAHLBEZIRK->GEMEINDE,lsa:GEMEINDE:15088100,Farnstädt,party:F1,3,0,162,162,0
WAHLBEZIRK->GEMEINDE,lsa:GEMEINDE:15088100,Farnstädt,party:F10,3,0,6,6,0
WAHLBEZIRK->GEMEINDE,lsa:GEMEINDE:15088100,Farnstädt,party:F11,3,0,1,1,0
WAHLBEZIRK->GEMEINDE,lsa:GEMEINDE:15088100,Farnstädt,party:F12,3,0,2,2,0
WAHLBEZIRK->GEMEINDE,lsa:GEMEINDE:15088100,Farnstädt,party:F15,3,0,43,43,0
WAHLBEZIRK->GEMEINDE,lsa:GEMEINDE:15088100,Farnstädt,party:F19,3,0,6,6,0
WAHLBEZIRK->GEMEINDE,lsa:GEMEINDE:15088100,Farnstädt,party:F2,3,0,529,529,0
WAHLBEZIRK->GEMEINDE,lsa:GEMEINDE:15088100,Farnstädt,party:F20,3,0,1,1,0
WAHLBEZIRK->GEMEINDE,lsa:GEMEINDE:15088100,Farnstädt,party:F3,3,0,69,69,0
WAHLBEZIRK->GEMEINDE,lsa:GEMEINDE:15088100,Farnstädt,party:F4,3,0,56,56,0
WAHLBEZIRK->GEMEINDE,lsa:GEMEINDE:15088100,Farnstädt,party:F5,3,0,23,23,0
WAHLBEZIRK->GEMEINDE,lsa:GEMEINDE:15088100,Farnstädt,party:F6,3,0,32,32,0
WAHLBEZIRK->GEMEINDE,lsa:GEMEINDE:15088100,Farnstädt,party:F7,3,0,13,13,0
WAHLBEZIRK->GEMEINDE,lsa:GEMEINDE:15088100,Farnstädt,party:F8,3,0,3,3,0
WAHLBEZIRK->GEMEINDE,lsa:GEMEINDE:15088100,Farnstädt,party:F9,3,0,12,12,0
WAHLBEZIRK->GEMEINDE,lsa:GEMEINDE:15088150,Kabelsketal,reported_precincts,6,0,6,6,0
WAHLBEZIRK->GEMEINDE,lsa:GEMEINDE:15088150,Kabelsketal,total_precincts,6,0,6,6,0
WAHLBEZIRK->GEMEINDE,lsa:GEMEINDE:15088150,Kabelsketal,voters_total,6,0,5627,5627,0
WAHLBEZIRK->GEMEINDE,lsa:GEMEINDE:15088150,Kabelsketal,valid_votes_erst,6,0,5578,5578,0
WAHLBEZIRK->GEMEINDE,lsa:GEMEINDE:15088150,Kabelsketal,valid_votes_zweit,6,0,5585,5585,0
WAHLBEZIRK->GEMEINDE,lsa:GEMEINDE:15088150,Kabelsketal,party:D1,6,0,1351,1351,0
WAHLBEZIRK->GEMEINDE,lsa:GEMEINDE:15088150,Kabelsketal,party:D15,6,0,254,254,0
WAHLBEZIRK->GEMEINDE,lsa:GEMEINDE:15088150,Kabelsketal,party:D2,6,0,2719,2719,0
WAHLBEZIRK->GEMEINDE,lsa:GEMEINDE:15088150,Kabelsketal,party:D3,6,0,542,542,0
WAHLBEZIRK->GEMEINDE,lsa:GEMEINDE:15088150,Kabelsketal,party:D4,6,0,350,350,0
WAHLBEZIRK->GEMEINDE,lsa:GEMEINDE:15088150,Kabelsketal,party:D5,6,0,216,216,0
WAHLBEZIRK->GEMEINDE,lsa:GEMEINDE:15088150,Kabelsketal,party:D6,6,0,146,146,0
WAHLBEZIRK->GEMEINDE,lsa:GEMEINDE:15088150,Kabelsketal,party:F1,6,0,962,962,0
WAHLBEZIRK->GEMEINDE,lsa:GEMEINDE:15088150,Kabelsketal,party:F10,6,0,21,21,0
WAHLBEZIRK->GEMEINDE,lsa:GEMEINDE:15088150,Kabelsketal,party:F11,6,0,13,13,0
WAHLBEZIRK->GEMEINDE,lsa:GEMEINDE:15088150,Kabelsketal,party:F12,6,0,30,30,0
WAHLBEZIRK->GEMEINDE,lsa:GEMEINDE:15088150,Kabelsketal,party:F15,6,0,267,267,0
WAHLBEZIRK->GEMEINDE,lsa:GEMEINDE:15088150,Kabelsketal,party:F19,6,0,7,7,0
WAHLBEZIRK->GEMEINDE,lsa:GEMEINDE:15088150,Kabelsketal,party:F2,6,0,2685,2685,0
WAHLBEZIRK->GEMEINDE,lsa:GEMEINDE:15088150,Kabelsketal,party:F20,6,0,21,21,0
WAHLBEZIRK->GEMEINDE,lsa:GEMEINDE:15088150,Kabelsketal,party:F3,6,0,374,374,0
WAHLBEZIRK->GEMEINDE,lsa:GEMEINDE:15088150,Kabelsketal,party:F4,6,0,452,452,0
WAHLBEZIRK->GEMEINDE,lsa:GEMEINDE:15088150,Kabelsketal,party:F5,6,0,172,172,0
WAHLBEZIRK->GEMEINDE,lsa:GEMEINDE:15088150,Kabelsketal,party:F6,6,0,443,443,0
WAHLBEZIRK->GEMEINDE,lsa:GEMEINDE:15088150,Kabelsketal,party:F7,6,0,74,74,0
WAHLBEZIRK->GEMEINDE,lsa:GEMEINDE:15088150,Kabelsketal,party:F8,6,0,7,7,0
WAHLBEZIRK->GEMEINDE,lsa:GEMEINDE:15088150,Kabelsketal,party:F9,6,0,57,57,0
WAHLBEZIRK->GEMEINDE,lsa:GEMEINDE:15088195,"Landsberg, Stadt",reported_precincts,20,0,20,20,0
WAHLBEZIRK->GEMEINDE,lsa:GEMEINDE:15088195,"Landsberg, Stadt",total_precincts,20,0,20,20,0
WAHLBEZIRK->GEMEINDE,lsa:GEMEINDE:15088195,"Landsberg, Stadt",voters_total,20,0,9915,9915,0
WAHLBEZIRK->GEMEINDE,lsa:GEMEINDE:15088195,"Landsberg, Stadt",valid_votes_erst,20,0,9808,9808,0
WAHLBEZIRK->GEMEINDE,lsa:GEMEINDE:15088195,"Landsberg, Stadt",valid_votes_zweit,20,0,9830,9830,0
WAHLBEZIRK->GEMEINDE,lsa:GEMEINDE:15088195,"Landsberg, Stadt",party:D1,20,0,2483,2483,0
WAHLBEZIRK->GEMEINDE,lsa:GEMEINDE:15088195,"Landsberg, Stadt",party:D15,20,0,588,588,0
WAHLBEZIRK->GEMEINDE,lsa:GEMEINDE:15088195,"Landsberg, Stadt",party:D2,20,0,4576,4576,0
WAHLBEZIRK->GEMEINDE,lsa:GEMEINDE:15088195,"Landsberg, Stadt",party:D3,20,0,875,875,0
WAHLBEZIRK->GEMEINDE,lsa:GEMEINDE:15088195,"Landsberg, Stadt",party:D4,20,0,627,627,0
WAHLBEZIRK->GEMEINDE,lsa:GEMEINDE:15088195,"Landsberg, Stadt",party:D5,20,0,396,396,0
WAHLBEZIRK->GEMEINDE,lsa:GEMEINDE:15088195,"Landsberg, Stadt",party:D6,20,0,263,263,0
WAHLBEZIRK->GEMEINDE,lsa:GEMEINDE:15088195,"Landsberg, Stadt",party:F1,20,0,1846,1846,0
WAHLBEZIRK->GEMEINDE,lsa:GEMEINDE:15088195,"Landsberg, Stadt",party:F10,20,0,34,34,0
WAHLBEZIRK->GEMEINDE,lsa:GEMEINDE:15088195,"Landsberg, Stadt",party:F11,20,0,20,20,0
WAHLBEZIRK->GEMEINDE,lsa:GEMEINDE:15088195,"Landsberg, Stadt",party:F12,20,0,55,55,0
WAHLBEZIRK->GEMEINDE,lsa:GEMEINDE:15088195,"Landsberg, Stadt",party:F15,20,0,553,553,0
WAHLBEZIRK->GEMEINDE,lsa:GEMEINDE:15088195,"Landsberg, Stadt",party:F19,20,0,20,20,0
WAHLBEZIRK->GEMEINDE,lsa:GEMEINDE:15088195,"Landsberg, Stadt",party:F2,20,0,4566,4566,0
WAHLBEZIRK->GEMEINDE,lsa:GEMEINDE:15088195,"Landsberg, Stadt",party:F20,20,0,18,18,0
WAHLBEZIRK->GEMEINDE,lsa:GEMEINDE:15088195,"Landsberg, Stadt",party:F3,20,0,664,664,0
WAHLBEZIRK->GEMEINDE,lsa:GEMEINDE:15088195,"Landsberg, Stadt",party:F4,20,0,772,772,0
WAHLBEZIRK->GEMEINDE,lsa:GEMEINDE:15088195,"Landsberg, Stadt",party:F5,20,0,302,302,0
WAHLBEZIRK->GEMEINDE,lsa:GEMEINDE:15088195,"Landsberg, Stadt",party:F6,20,0,774,774,0
WAHLBEZIRK->GEMEINDE,lsa:GEMEINDE:15088195,"Landsberg, Stadt",party:F7,20,0,92,92,0
WAHLBEZIRK->GEMEINDE,lsa:GEMEINDE:15088195,"Landsberg, Stadt",party:F8,20,0,11,11,0
WAHLBEZIRK->GEMEINDE,lsa:GEMEINDE:15088195,"Landsberg, Stadt",party:F9,20,0,103,103,0
WAHLBEZIRK->GEMEINDE,lsa:GEMEINDE:15088205,"Leuna, Stadt",reported_precincts,14,0,14,14,0
WAHLBEZIRK->GEMEINDE,lsa:GEMEINDE:15088205,"Leuna, Stadt",total_precincts,14,0,14,14,0
WAHLBEZIRK->GEMEINDE,lsa:GEMEINDE:15088205,"Leuna, Stadt",voters_total,14,0,9034,9034,0
WAHLBEZIRK->GEMEINDE,lsa:GEMEINDE:15088205,"Leuna, Stadt",valid_votes_erst,14,0,8948,8948,0
WAHLBEZIRK->GEMEINDE,lsa:GEMEINDE:15088205,"Leuna, Stadt",valid_votes_zweit,14,0,8980,8980,0
WAHLBEZIRK->GEMEINDE,lsa:GEMEINDE:15088205,"Leuna, Stadt",party:D1,14,0,2253,2253,0
WAHLBEZIRK->GEMEINDE,lsa:GEMEINDE:15088205,"Leuna, Stadt",party:D15,14,4,242,242,0
WAHLBEZIRK->GEMEINDE,lsa:GEMEINDE:15088205,"Leuna, Stadt",party:D2,14,0,4681,4681,0
WAHLBEZIRK->GEMEINDE,lsa:GEMEINDE:15088205,"Leuna, Stadt",party:D3,14,0,742,742,0
WAHLBEZIRK->GEMEINDE,lsa:GEMEINDE:15088205,"Leuna, Stadt",party:D4,14,0,505,505,0
WAHLBEZIRK->GEMEINDE,lsa:GEMEINDE:15088205,"Leuna, Stadt",party:D5,14,0,326,326,0
WAHLBEZIRK->GEMEINDE,lsa:GEMEINDE:15088205,"Leuna, Stadt",party:D6,14,0,199,199,0
WAHLBEZIRK->GEMEINDE,lsa:GEMEINDE:15088205,"Leuna, Stadt",party:F1,14,0,1765,1765,0
WAHLBEZIRK->GEMEINDE,lsa:GEMEINDE:15088205,"Leuna, Stadt",party:F10,14,0,38,38,0
WAHLBEZIRK->GEMEINDE,lsa:GEMEINDE:15088205,"Leuna, Stadt",party:F11,14,0,31,31,0
WAHLBEZIRK->GEMEINDE,lsa:GEMEINDE:15088205,"Leuna, Stadt",party:F12,14,0,46,46,0
WAHLBEZIRK->GEMEINDE,lsa:GEMEINDE:15088205,"Leuna, Stadt",party:F15,14,0,423,423,0
WAHLBEZIRK->GEMEINDE,lsa:GEMEINDE:15088205,"Leuna, Stadt",party:F19,14,0,13,13,0
WAHLBEZIRK->GEMEINDE,lsa:GEMEINDE:15088205,"Leuna, Stadt",party:F2,14,0,4613,4613,0
WAHLBEZIRK->GEMEINDE,lsa:GEMEINDE:15088205,"Leuna, Stadt",party:F20,14,0,23,23,0
WAHLBEZIRK->GEMEINDE,lsa:GEMEINDE:15088205,"Leuna, Stadt",party:F3,14,0,576,576,0
WAHLBEZIRK->GEMEINDE,lsa:GEMEINDE:15088205,"Leuna, Stadt",party:F4,14,0,607,607,0
WAHLBEZIRK->GEMEINDE,lsa:GEMEINDE:15088205,"Leuna, Stadt",party:F5,14,0,209,209,0
WAHLBEZIRK->GEMEINDE,lsa:GEMEINDE:15088205,"Leuna, Stadt",party:F6,14,0,463,463,0
WAHLBEZIRK->GEMEINDE,lsa:GEMEINDE:15088205,"Leuna, Stadt",party:F7,14,0,72,72,0
WAHLBEZIRK->GEMEINDE,lsa:GEMEINDE:15088205,"Leuna, Stadt",party:F8,14,0,8,8,0
WAHLBEZIRK->GEMEINDE,lsa:GEMEINDE:15088205,"Leuna, Stadt",party:F9,14,0,93,93,0
WAHLBEZIRK->GEMEINDE,lsa:GEMEINDE:15088216,"Wettin-Löbejün, Stadt",reported_precincts,12,0,12,12,0
WAHLBEZIRK->GEMEINDE,lsa:GEMEINDE:15088216,"Wettin-Löbejün, Stadt",total_precincts,12,0,12,12,0
WAHLBEZIRK->GEMEINDE,lsa:GEMEINDE:15088216,"Wettin-Löbejün, Stadt",voters_total,12,0,6304,6304,0
WAHLBEZIRK->GEMEINDE,lsa:GEMEINDE:15088216,"Wettin-Löbejün, Stadt",valid_votes_erst,12,0,6235,6235,0
WAHLBEZIRK->GEMEINDE,lsa:GEMEINDE:15088216,"Wettin-Löbejün, Stadt",valid_votes_zweit,12,0,6253,6253,0
WAHLBEZIRK->GEMEINDE,lsa:GEMEINDE:15088216,"Wettin-Löbejün, Stadt",party:D1,12,0,1613,1613,0
WAHLBEZIRK->GEMEINDE,lsa:GEMEINDE:15088216,"Wettin-Löbejün, Stadt",party:D19,12,0,71,71,0
WAHLBEZIRK->GEMEINDE,lsa:GEMEINDE:15088216,"Wettin-Löbejün, Stadt",party:D2,12,0,3180,3180,0
WAHLBEZIRK->GEMEINDE,lsa:GEMEINDE:15088216,"Wettin-Löbejün, Stadt",party:D3,12,0,488,488,0
WAHLBEZIRK->GEMEINDE,lsa:GEMEINDE:15088216,"Wettin-Löbejün, Stadt",party:D4,12,0,425,425,0
WAHLBEZIRK->GEMEINDE,lsa:GEMEINDE:15088216,"Wettin-Löbejün, Stadt",party:D5,12,0,290,290,0
WAHLBEZIRK->GEMEINDE,lsa:GEMEINDE:15088216,"Wettin-Löbejün, Stadt",party:D6,12,0,168,168,0
WAHLBEZIRK->GEMEINDE,lsa:GEMEINDE:15088216,"Wettin-Löbejün, Stadt",party:F1,12,0,1161,1161,0
WAHLBEZIRK->GEMEINDE,lsa:GEMEINDE:15088216,"Wettin-Löbejün, Stadt",party:F10,12,0,27,27,0
WAHLBEZIRK->GEMEINDE,lsa:GEMEINDE:15088216,"Wettin-Löbejün, Stadt",party:F11,12,0,10,10,0
WAHLBEZIRK->GEMEINDE,lsa:GEMEINDE:15088216,"Wettin-Löbejün, Stadt",party:F12,12,0,44,44,0
WAHLBEZIRK->GEMEINDE,lsa:GEMEINDE:15088216,"Wettin-Löbejün, Stadt",party:F15,12,0,271,271,0
WAHLBEZIRK->GEMEINDE,lsa:GEMEINDE:15088216,"Wettin-Löbejün, Stadt",party:F19,12,0,18,18,0
WAHLBEZIRK->GEMEINDE,lsa:GEMEINDE:15088216,"Wettin-Löbejün, Stadt",party:F2,12,0,3089,3089,0
WAHLBEZIRK->GEMEINDE,lsa:GEMEINDE:15088216,"Wettin-Löbejün, Stadt",party:F20,12,0,14,14,0
WAHLBEZIRK->GEMEINDE,lsa:GEMEINDE:15088216,"Wettin-Löbejün, Stadt",party:F3,12,0,379,379,0
WAHLBEZIRK->GEMEINDE,lsa:GEMEINDE:15088216,"Wettin-Löbejün, Stadt",party:F4,12,0,494,494,0
WAHLBEZIRK->GEMEINDE,lsa:GEMEINDE:15088216,"Wettin-Löbejün, Stadt",party:F5,12,0,160,160,0
WAHLBEZIRK->GEMEINDE,lsa:GEMEINDE:15088216,"Wettin-Löbejün, Stadt",party:F6,12,0,479,479,0
WAHLBEZIRK->GEMEINDE,lsa:GEMEINDE:15088216,"Wettin-Löbejün, Stadt",party:F7,12,0,45,45,0
WAHLBEZIRK->GEMEINDE,lsa:GEMEINDE:15088216,"Wettin-Löbejün, Stadt",party:F8,12,0,1,1,0
WAHLBEZIRK->GEMEINDE,lsa:GEMEINDE:15088216,"Wettin-Löbejün, Stadt",party:F9,12,0,61,61,0
WAHLBEZIRK->GEMEINDE,lsa:GEMEINDE:15088220,"Merseburg, Stadt",reported_precincts,28,0,28,28,0
WAHLBEZIRK->GEMEINDE,lsa:GEMEINDE:15088220,"Merseburg, Stadt",total_precincts,28,0,28,28,0
WAHLBEZIRK->GEMEINDE,lsa:GEMEINDE:15088220,"Merseburg, Stadt",voters_total,28,0,17886,17886,0
WAHLBEZIRK->GEMEINDE,lsa:GEMEINDE:15088220,"Merseburg, Stadt",valid_votes_erst,28,0,17664,17664,0
WAHLBEZIRK->GEMEINDE,lsa:GEMEINDE:15088220,"Merseburg, Stadt",valid_votes_zweit,28,0,17746,17746,0
WAHLBEZIRK->GEMEINDE,lsa:GEMEINDE:15088220,"Merseburg, Stadt",party:D1,28,0,4686,4686,0
WAHLBEZIRK->GEMEINDE,lsa:GEMEINDE:15088220,"Merseburg, Stadt",party:D2,28,0,8722,8722,0
WAHLBEZIRK->GEMEINDE,lsa:GEMEINDE:15088220,"Merseburg, Stadt",party:D3,28,0,1810,1810,0
WAHLBEZIRK->GEMEINDE,lsa:GEMEINDE:15088220,"Merseburg, Stadt",party:D4,28,0,1258,1258,0
WAHLBEZIRK->GEMEINDE,lsa:GEMEINDE:15088220,"Merseburg, Stadt",party:D5,28,0,703,703,0
WAHLBEZIRK->GEMEINDE,lsa:GEMEINDE:15088220,"Merseburg, Stadt",party:D6,28,0,485,485,0
WAHLBEZIRK->GEMEINDE,lsa:GEMEINDE:15088220,"Merseburg, Stadt",party:F1,28,0,3358,3358,0
WAHLBEZIRK->GEMEINDE,lsa:GEMEINDE:15088220,"Merseburg, Stadt",party:F10,28,0,71,71,0
WAHLBEZIRK->GEMEINDE,lsa:GEMEINDE:15088220,"Merseburg, Stadt",party:F11,28,0,62,62,0
WAHLBEZIRK->GEMEINDE,lsa:GEMEINDE:15088220,"Merseburg, Stadt",party:F12,28,0,81,81,0
WAHLBEZIRK->GEMEINDE,lsa:GEMEINDE:15088220,"Merseburg, Stadt",party:F15,28,0,890,890,0
WAHLBEZIRK->GEMEINDE,lsa:GEMEINDE:15088220,"Merseburg, Stadt",party:F19,28,0,31,31,0
WAHLBEZIRK->GEMEINDE,lsa:GEMEINDE:15088220,"Merseburg, Stadt",party:F2,28,0,8371,8371,0
WAHLBEZIRK->GEMEINDE,lsa:GEMEINDE:15088220,"Merseburg, Stadt",party:F20,28,0,61,61,0
WAHLBEZIRK->GEMEINDE,lsa:GEMEINDE:15088220,"Merseburg, Stadt",party:F3,28,0,1352,1352,0
WAHLBEZIRK->GEMEINDE,lsa:GEMEINDE:15088220,"Merseburg, Stadt",party:F4,28,0,1431,1431,0
WAHLBEZIRK->GEMEINDE,lsa:GEMEINDE:15088220,"Merseburg, Stadt",party:F5,28,0,428,428,0
WAHLBEZIRK->GEMEINDE,lsa:GEMEINDE:15088220,"Merseburg, Stadt",party:F6,28,0,1256,1256,0
WAHLBEZIRK->GEMEINDE,lsa:GEMEINDE:15088220,"Merseburg, Stadt",party:F7,28,0,126,126,0
WAHLBEZIRK->GEMEINDE,lsa:GEMEINDE:15088220,"Merseburg, Stadt",party:F8,28,0,31,31,0
WAHLBEZIRK->GEMEINDE,lsa:GEMEINDE:15088220,"Merseburg, Stadt",party:F9,28,0,197,197,0
WAHLBEZIRK->GEMEINDE,lsa:GEMEINDE:15088235,"Mücheln (Geiseltal), Stadt",reported_precincts,12,0,12,12,0
WAHLBEZIRK->GEMEINDE,lsa:GEMEINDE:15088235,"Mücheln (Geiseltal), Stadt",total_precincts,12,0,12,12,0
WAHLBEZIRK->GEMEINDE,lsa:GEMEINDE:15088235,"Mücheln (Geiseltal), Stadt",voters_total,12,0,5281,5281,0
WAHLBEZIRK->GEMEINDE,lsa:GEMEINDE:15088235,"Mücheln (Geiseltal), Stadt",valid_votes_erst,12,0,5212,5212,0
WAHLBEZIRK->GEMEINDE,lsa:GEMEINDE:15088235,"Mücheln (Geiseltal), Stadt",valid_votes_zweit,12,0,5227,5227,0
WAHLBEZIRK->GEMEINDE,lsa:GEMEINDE:15088235,"Mücheln (Geiseltal), Stadt",party:D1,12,0,1209,1209,0
WAHLBEZIRK->GEMEINDE,lsa:GEMEINDE:15088235,"Mücheln (Geiseltal), Stadt",party:D19,12,0,57,57,0
WAHLBEZIRK->GEMEINDE,lsa:GEMEINDE:15088235,"Mücheln (Geiseltal), Stadt",party:D2,12,0,2955,2955,0
WAHLBEZIRK->GEMEINDE,lsa:GEMEINDE:15088235,"Mücheln (Geiseltal), Stadt",party:D3,12,0,437,437,0
WAHLBEZIRK->GEMEINDE,lsa:GEMEINDE:15088235,"Mücheln (Geiseltal), Stadt",party:D4,12,0,262,262,0
WAHLBEZIRK->GEMEINDE,lsa:GEMEINDE:15088235,"Mücheln (Geiseltal), Stadt",party:D5,12,0,164,164,0
WAHLBEZIRK->GEMEINDE,lsa:GEMEINDE:15088235,"Mücheln (Geiseltal), Stadt",party:D6,12,0,128,128,0
WAHLBEZIRK->GEMEINDE,lsa:GEMEINDE:15088235,"Mücheln (Geiseltal), Stadt",party:F1,12,0,979,979,0
WAHLBEZIRK->GEMEINDE,lsa:GEMEINDE:15088235,"Mücheln (Geiseltal), Stadt",party:F10,12,0,8,8,0
WAHLBEZIRK->GEMEINDE,lsa:GEMEINDE:15088235,"Mücheln (Geiseltal), Stadt",party:F11,12,0,9,9,0
WAHLBEZIRK->GEMEINDE,lsa:GEMEINDE:15088235,"Mücheln (Geiseltal), Stadt",party:F12,12,0,26,26,0
WAHLBEZIRK->GEMEINDE,lsa:GEMEINDE:15088235,"Mücheln (Geiseltal), Stadt",party:F15,12,0,243,243,0
WAHLBEZIRK->GEMEINDE,lsa:GEMEINDE:15088235,"Mücheln (Geiseltal), Stadt",party:F19,12,0,21,21,0
WAHLBEZIRK->GEMEINDE,lsa:GEMEINDE:15088235,"Mücheln (Geiseltal), Stadt",party:F2,12,0,2882,2882,0
WAHLBEZIRK->GEMEINDE,lsa:GEMEINDE:15088235,"Mücheln (Geiseltal), Stadt",party:F20,12,0,9,9,0
WAHLBEZIRK->GEMEINDE,lsa:GEMEINDE:15088235,"Mücheln (Geiseltal), Stadt",party:F3,12,0,313,313,0
WAHLBEZIRK->GEMEINDE,lsa:GEMEINDE:15088235,"Mücheln (Geiseltal), Stadt",party:F4,12,0,326,326,0
WAHLBEZIRK->GEMEINDE,lsa:GEMEINDE:15088235,"Mücheln (Geiseltal), Stadt",party:F5,12,0,103,103,0
WAHLBEZIRK->GEMEINDE,lsa:GEMEINDE:15088235,"Mücheln (Geiseltal), Stadt",party:F6,12,0,206,206,0
WAHLBEZIRK->GEMEINDE,lsa:GEMEINDE:15088235,"Mücheln (Geiseltal), Stadt",party:F7,12,0,46,46,0
WAHLBEZIRK->GEMEINDE,lsa:GEMEINDE:15088235,"Mücheln (Geiseltal), Stadt",party:F8,12,0,12,12,0
WAHLBEZIRK->GEMEINDE,lsa:GEMEINDE:15088235,"Mücheln (Geiseltal), Stadt",party:F9,12,0,44,44,0
WAHLBEZIRK->GEMEINDE,lsa:GEMEINDE:15088250,Nemsdorf-Göhrendorf,reported_precincts,2,0,2,2,0
WAHLBEZIRK->GEMEINDE,lsa:GEMEINDE:15088250,Nemsdorf-Göhrendorf,total_precincts,2,0,2,2,0
WAHLBEZIRK->GEMEINDE,lsa:GEMEINDE:15088250,Nemsdorf-Göhrendorf,voters_total,2,0,567,567,0
WAHLBEZIRK->GEMEINDE,lsa:GEMEINDE:15088250,Nemsdorf-Göhrendorf,valid_votes_erst,2,0,553,553,0
WAHLBEZIRK->GEMEINDE,lsa:GEMEINDE:15088250,Nemsdorf-Göhrendorf,valid_votes_zweit,2,0,559,559,0
WAHLBEZIRK->GEMEINDE,lsa:GEMEINDE:15088250,Nemsdorf-Göhrendorf,party:D1,2,0,148,148,0
WAHLBEZIRK->GEMEINDE,lsa:GEMEINDE:15088250,Nemsdorf-Göhrendorf,party:D19,2,0,6,6,0
WAHLBEZIRK->GEMEINDE,lsa:GEMEINDE:15088250,Nemsdorf-Göhrendorf,party:D2,2,0,294,294,0
WAHLBEZIRK->GEMEINDE,lsa:GEMEINDE:15088250,Nemsdorf-Göhrendorf,party:D3,2,0,55,55,0
WAHLBEZIRK->GEMEINDE,lsa:GEMEINDE:15088250,Nemsdorf-Göhrendorf,party:D4,2,0,30,30,0
WAHLBEZIRK->GEMEINDE,lsa:GEMEINDE:15088250,Nemsdorf-Göhrendorf,party:D5,2,0,14,14,0
WAHLBEZIRK->GEMEINDE,lsa:GEMEINDE:15088250,Nemsdorf-Göhrendorf,party:D6,2,0,6,6,0
WAHLBEZIRK->GEMEINDE,lsa:GEMEINDE:15088250,Nemsdorf-Göhrendorf,party:F1,2,0,112,112,0
WAHLBEZIRK->GEMEINDE,lsa:GEMEINDE:15088250,Nemsdorf-Göhrendorf,party:F10,2,0,2,2,0
WAHLBEZIRK->GEMEINDE,lsa:GEMEINDE:15088250,Nemsdorf-Göhrendorf,party:F11,2,0,0,0,0
WAHLBEZIRK->GEMEINDE,lsa:GEMEINDE:15088250,Nemsdorf-Göhrendorf,party:F12,2,0,3,3,0
WAHLBEZIRK->GEMEINDE,lsa:GEMEINDE:15088250,Nemsdorf-Göhrendorf,party:F15,2,0,32,32,0
WAHLBEZIRK->GEMEINDE,lsa:GEMEINDE:15088250,Nemsdorf-Göhrendorf,party:F19,2,0,1,1,0
WAHLBEZIRK->GEMEINDE,lsa:GEMEINDE:15088250,Nemsdorf-Göhrendorf,party:F2,2,0,283,283,0
WAHLBEZIRK->GEMEINDE,lsa:GEMEINDE:15088250,Nemsdorf-Göhrendorf,party:F20,2,0,1,1,0
WAHLBEZIRK->GEMEINDE,lsa:GEMEINDE:15088250,Nemsdorf-Göhrendorf,party:F3,2,0,40,40,0
WAHLBEZIRK->GEMEINDE,lsa:GEMEINDE:15088250,Nemsdorf-Göhrendorf,party:F4,2,0,46,46,0
WAHLBEZIRK->GEMEINDE,lsa:GEMEINDE:15088250,Nemsdorf-Göhrendorf,party:F5,2,0,13,13,0
WAHLBEZIRK->GEMEINDE,lsa:GEMEINDE:15088250,Nemsdorf-Göhrendorf,party:F6,2,0,19,19,0
WAHLBEZIRK->GEMEINDE,lsa:GEMEINDE:15088250,Nemsdorf-Göhrendorf,party:F7,2,0,2,2,0
WAHLBEZIRK->GEMEINDE,lsa:GEMEINDE:15088250,Nemsdorf-Göhrendorf,party:F8,2,0,0,0,0
WAHLBEZIRK->GEMEINDE,lsa:GEMEINDE:15088250,Nemsdorf-Göhrendorf,party:F9,2,0,5,5,0
WAHLBEZIRK->GEMEINDE,lsa:GEMEINDE:15088265,Obhausen,reported_precincts,3,0,3,3,0
WAHLBEZIRK->GEMEINDE,lsa:GEMEINDE:15088265,Obhausen,total_precincts,3,0,3,3,0
WAHLBEZIRK->GEMEINDE,lsa:GEMEINDE:15088265,Obhausen,voters_total,3,0,1462,1462,0
WAHLBEZIRK->GEMEINDE,lsa:GEMEINDE:15088265,Obhausen,valid_votes_erst,3,0,1443,1443,0
WAHLBEZIRK->GEMEINDE,lsa:GEMEINDE:15088265,Obhausen,valid_votes_zweit,3,0,1445,1445,0
WAHLBEZIRK->GEMEINDE,lsa:GEMEINDE:15088265,Obhausen,party:D1,3,0,329,329,0
WAHLBEZIRK->GEMEINDE,lsa:GEMEINDE:15088265,Obhausen,party:D19,3,0,22,22,0
WAHLBEZIRK->GEMEINDE,lsa:GEMEINDE:15088265,Obhausen,party:D2,3,0,776,776,0
WAHLBEZIRK->GEMEINDE,lsa:GEMEINDE:15088265,Obhausen,party:D3,3,0,149,149,0
WAHLBEZIRK->GEMEINDE,lsa:GEMEINDE:15088265,Obhausen,party:D4,3,0,88,88,0
WAHLBEZIRK->GEMEINDE,lsa:GEMEINDE:15088265,Obhausen,party:D5,3,0,54,54,0
WAHLBEZIRK->GEMEINDE,lsa:GEMEINDE:15088265,Obhausen,party:D6,3,0,25,25,0
WAHLBEZIRK->GEMEINDE,lsa:GEMEINDE:15088265,Obhausen,party:F1,3,0,246,246,0
WAHLBEZIRK->GEMEINDE,lsa:GEMEINDE:15088265,Obhausen,party:F10,3,0,12,12,0
WAHLBEZIRK->GEMEINDE,lsa:GEMEINDE:15088265,Obhausen,party:F11,3,0,3,3,0
WAHLBEZIRK->GEMEINDE,lsa:GEMEINDE:15088265,Obhausen,party:F12,3,0,4,4,0
WAHLBEZIRK->GEMEINDE,lsa:GEMEINDE:15088265,Obhausen,party:F15,3,0,71,71,0
WAHLBEZIRK->GEMEINDE,lsa:GEMEINDE:15088265,Obhausen,party:F19,3,0,5,5,0
WAHLBEZIRK->GEMEINDE,lsa:GEMEINDE:15088265,Obhausen,party:F2,3,0,750,750,0
WAHLBEZIRK->GEMEINDE,lsa:GEMEINDE:15088265,Obhausen,party:F20,3,0,1,1,0
WAHLBEZIRK->GEMEINDE,lsa:GEMEINDE:15088265,Obhausen,party:F3,3,0,117,117,0
WAHLBEZIRK->GEMEINDE,lsa:GEMEINDE:15088265,Obhausen,party:F4,3,0,114,114,0
WAHLBEZIRK->GEMEINDE,lsa:GEMEINDE:15088265,Obhausen,party:F5,3,0,30,30,0
WAHLBEZIRK->GEMEINDE,lsa:GEMEINDE:15088265,Obhausen,party:F6,3,0,68,68,0
WAHLBEZIRK->GEMEINDE,lsa:GEMEINDE:15088265,Obhausen,party:F7,3,0,8,8,0
WAHLBEZIRK->GEMEINDE,lsa:GEMEINDE:15088265,Obhausen,party:F8,3,0,5,5,0
WAHLBEZIRK->GEMEINDE,lsa:GEMEINDE:15088265,Obhausen,party:F9,3,0,11,11,0
WAHLBEZIRK->GEMEINDE,lsa:GEMEINDE:15088295,Petersberg,reported_precincts,13,0,13,13,0
WAHLBEZIRK->GEMEINDE,lsa:GEMEINDE:15088295,Petersberg,total_precincts,13,0,13,13,0
WAHLBEZIRK->GEMEINDE,lsa:GEMEINDE:15088295,Petersberg,voters_total,13,0,6495,6495,0
WAHLBEZIRK->GEMEINDE,lsa:GEMEINDE:15088295,Petersberg,valid_votes_erst,13,0,6421,6421,0
WAHLBEZIRK->GEMEINDE,lsa:GEMEINDE:15088295,Petersberg,valid_votes_zweit,13,0,6437,6437,0
WAHLBEZIRK->GEMEINDE,lsa:GEMEINDE:15088295,Petersberg,party:D1,13,0,1804,1804,0
WAHLBEZIRK->GEMEINDE,lsa:GEMEINDE:15088295,Petersberg,party:D15,13,11,25,25,0
WAHLBEZIRK->GEMEINDE,lsa:GEMEINDE:15088295,Petersberg,party:D19,13,2,75,75,0
WAHLBEZIRK->GEMEINDE,lsa:GEMEINDE:15088295,Petersberg,party:D2,13,0,3146,3146,0
WAHLBEZIRK->GEMEINDE,lsa:GEMEINDE:15088295,Petersberg,party:D3,13,0,473,473,0
WAHLBEZIRK->GEMEINDE,lsa:GEMEINDE:15088295,Petersberg,party:D4,13,0,361,361,0
WAHLBEZIRK->GEMEINDE,lsa:GEMEINDE:15088295,Petersberg,party:D5,13,0,391,391,0
WAHLBEZIRK->GEMEINDE,lsa:GEMEINDE:15088295,Petersberg,party:D6,13,0,146,146,0
WAHLBEZIRK->GEMEINDE,lsa:GEMEINDE:15088295,Petersberg,party:F1,13,0,1204,1204,0
WAHLBEZIRK->GEMEINDE,lsa:GEMEINDE:15088295,Petersberg,party:F10,13,0,24,24,0
WAHLBEZIRK->GEMEINDE,lsa:GEMEINDE:15088295,Petersberg,party:F11,13,0,15,15,0
WAHLBEZIRK->GEMEINDE,lsa:GEMEINDE:15088295,Petersberg,party:F12,13,0,39,39,0
WAHLBEZIRK->GEMEINDE,lsa:GEMEINDE:15088295,Petersberg,party:F15,13,0,347,347,0
WAHLBEZIRK->GEMEINDE,lsa:GEMEINDE:15088295,Petersberg,party:F19,13,0,21,21,0
WAHLBEZIRK->GEMEINDE,lsa:GEMEINDE:15088295,Petersberg,party:F2,13,0,3012,3012,0
WAHLBEZIRK->GEMEINDE,lsa:GEMEINDE:15088295,Petersberg,party:F20,13,0,12,12,0
WAHLBEZIRK->GEMEINDE,lsa:GEMEINDE:15088295,Petersberg,party:F3,13,0,376,376,0
WAHLBEZIRK->GEMEINDE,lsa:GEMEINDE:15088295,Petersberg,party:F4,13,0,540,540,0
WAHLBEZIRK->GEMEINDE,lsa:GEMEINDE:15088295,Petersberg,party:F5,13,0,209,209,0
WAHLBEZIRK->GEMEINDE,lsa:GEMEINDE:15088295,Petersberg,party:F6,13,0,509,509,0
WAHLBEZIRK->GEMEINDE,lsa:GEMEINDE:15088295,Petersberg,party:F7,13,0,68,68,0
WAHLBEZIRK->GEMEINDE,lsa:GEMEINDE:15088295,Petersberg,party:F8,13,0,2,2,0
WAHLBEZIRK->GEMEINDE,lsa:GEMEINDE:15088295,Petersberg,party:F9,13,0,59,59,0
WAHLBEZIRK->GEMEINDE,lsa:GEMEINDE:15088305,"Querfurt, Stadt",reported_precincts,16,0,16,16,0
WAHLBEZIRK->GEMEINDE,lsa:GEMEINDE:15088305,"Querfurt, Stadt",total_precincts,16,0,16,16,0
WAHLBEZIRK->GEMEINDE,lsa:GEMEINDE:15088305,"Querfurt, Stadt",voters_total,16,0,6330,6330,0
WAHLBEZIRK->GEMEINDE,lsa:GEMEINDE:15088305,"Querfurt, Stadt",valid_votes_erst,16,0,6225,6225,0
WAHLBEZIRK->GEMEINDE,lsa:GEMEINDE:15088305,"Querfurt, Stadt",valid_votes_zweit,16,0,6258,6258,0
WAHLBEZIRK->GEMEINDE,lsa:GEMEINDE:15088305,"Querfurt, Stadt",party:D1,16,0,1449,1449,0
WAHLBEZIRK->GEMEINDE,lsa:GEMEINDE:15088305,"Querfurt, Stadt",party:D19,16,0,129,129,0
WAHLBEZIRK->GEMEINDE,lsa:GEMEINDE:15088305,"Querfurt, Stadt",party:D2,16,0,3353,3353,0
WAHLBEZIRK->GEMEINDE,lsa:GEMEINDE:15088305,"Querfurt, Stadt",party:D3,16,0,618,618,0
WAHLBEZIRK->GEMEINDE,lsa:GEMEINDE:15088305,"Querfurt, Stadt",party:D4,16,0,310,310,0
WAHLBEZIRK->GEMEINDE,lsa:GEMEINDE:15088305,"Querfurt, Stadt",party:D5,16,0,260,260,0
WAHLBEZIRK->GEMEINDE,lsa:GEMEINDE:15088305,"Querfurt, Stadt",party:D6,16,0,106,106,0
WAHLBEZIRK->GEMEINDE,lsa:GEMEINDE:15088305,"Querfurt, Stadt",party:F1,16,0,1117,1117,0
WAHLBEZIRK->GEMEINDE,lsa:GEMEINDE:15088305,"Querfurt, Stadt",party:F10,16,0,25,25,0
WAHLBEZIRK->GEMEINDE,lsa:GEMEINDE:15088305,"Querfurt, Stadt",party:F11,16,0,10,10,0
WAHLBEZIRK->GEMEINDE,lsa:GEMEINDE:15088305,"Querfurt, Stadt",party:F12,16,0,43,43,0
WAHLBEZIRK->GEMEINDE,lsa:GEMEINDE:15088305,"Querfurt, Stadt",party:F15,16,0,358,358,0
WAHLBEZIRK->GEMEINDE,lsa:GEMEINDE:15088305,"Querfurt, Stadt",party:F19,16,0,27,27,0
WAHLBEZIRK->GEMEINDE,lsa:GEMEINDE:15088305,"Querfurt, Stadt",party:F2,16,0,3223,3223,0
WAHLBEZIRK->GEMEINDE,lsa:GEMEINDE:15088305,"Querfurt, Stadt",party:F20,16,0,13,13,0
WAHLBEZIRK->GEMEINDE,lsa:GEMEINDE:15088305,"Querfurt, Stadt",party:F3,16,0,461,461,0
WAHLBEZIRK->GEMEINDE,lsa:GEMEINDE:15088305,"Querfurt, Stadt",party:F4,16,0,381,381,0
WAHLBEZIRK->GEMEINDE,lsa:GEMEINDE:15088305,"Querfurt, Stadt",party:F5,16,0,159,159,0
WAHLBEZIRK->GEMEINDE,lsa:GEMEINDE:15088305,"Querfurt, Stadt",party:F6,16,0,287,287,0
WAHLBEZIRK->GEMEINDE,lsa:GEMEINDE:15088305,"Querfurt, Stadt",party:F7,16,0,67,67,0
WAHLBEZIRK->GEMEINDE,lsa:GEMEINDE:15088305,"Querfurt, Stadt",party:F8,16,0,12,12,0
WAHLBEZIRK->GEMEINDE,lsa:GEMEINDE:15088305,"Querfurt, Stadt",party:F9,16,0,75,75,0
WAHLBEZIRK->GEMEINDE,lsa:GEMEINDE:15088319,Salzatal,reported_precincts,11,0,11,11,0
WAHLBEZIRK->GEMEINDE,lsa:GEMEINDE:15088319,Salzatal,total_precincts,11,0,11,11,0
WAHLBEZIRK->GEMEINDE,lsa:GEMEINDE:15088319,Salzatal,voters_total,11,0,7795,7795,0
WAHLBEZIRK->GEMEINDE,lsa:GEMEINDE:15088319,Salzatal,valid_votes_erst,11,0,7706,7706,0
WAHLBEZIRK->GEMEINDE,lsa:GEMEINDE:15088319,Salzatal,valid_votes_zweit,11,0,7730,7730,0
WAHLBEZIRK->GEMEINDE,lsa:GEMEINDE:15088319,Salzatal,party:D1,11,0,2441,2441,0
WAHLBEZIRK->GEMEINDE,lsa:GEMEINDE:15088319,Salzatal,party:D19,11,0,113,113,0
WAHLBEZIRK->GEMEINDE,lsa:GEMEINDE:15088319,Salzatal,party:D2,11,0,3571,3571,0
WAHLBEZIRK->GEMEINDE,lsa:GEMEINDE:15088319,Salzatal,party:D3,11,0,672,672,0
WAHLBEZIRK->GEMEINDE,lsa:GEMEINDE:15088319,Salzatal,party:D4,11,0,380,380,0
WAHLBEZIRK->GEMEINDE,lsa:GEMEINDE:15088319,Salzatal,party:D5,11,0,359,359,0
WAHLBEZIRK->GEMEINDE,lsa:GEMEINDE:15088319,Salzatal,party:D6,11,0,170,170,0
WAHLBEZIRK->GEMEINDE,lsa:GEMEINDE:15088319,Salzatal,party:F1,11,0,1551,1551,0
WAHLBEZIRK->GEMEINDE,lsa:GEMEINDE:15088319,Salzatal,party:F10,11,0,25,25,0
WAHLBEZIRK->GEMEINDE,lsa:GEMEINDE:15088319,Salzatal,party:F11,11,0,11,11,0
WAHLBEZIRK->GEMEINDE,lsa:GEMEINDE:15088319,Salzatal,party:F12,11,0,30,30,0
WAHLBEZIRK->GEMEINDE,lsa:GEMEINDE:15088319,Salzatal,party:F15,11,0,454,454,0
WAHLBEZIRK->GEMEINDE,lsa:GEMEINDE:15088319,Salzatal,party:F19,11,0,34,34,0
WAHLBEZIRK->GEMEINDE,lsa:GEMEINDE:15088319,Salzatal,party:F2,11,0,3461,3461,0
WAHLBEZIRK->GEMEINDE,lsa:GEMEINDE:15088319,Salzatal,party:F20,11,0,17,17,0
WAHLBEZIRK->GEMEINDE,lsa:GEMEINDE:15088319,Salzatal,party:F3,11,0,521,521,0
WAHLBEZIRK->GEMEINDE,lsa:GEMEINDE:15088319,Salzatal,party:F4,11,0,626,626,0
WAHLBEZIRK->GEMEINDE,lsa:GEMEINDE:15088319,Salzatal,party:F5,11,0,255,255,0
WAHLBEZIRK->GEMEINDE,lsa:GEMEINDE:15088319,Salzatal,party:F6,11,0,590,590,0
WAHLBEZIRK->GEMEINDE,lsa:GEMEINDE:15088319,Salzatal,party:F7,11,0,67,67,0
WAHLBEZIRK->GEMEINDE,lsa:GEMEINDE:15088319,Salzatal,party:F8,11,0,20,20,0
WAHLBEZIRK->GEMEINDE,lsa:GEMEINDE:15088319,Salzatal,party:F9,11,0,68,68,0
WAHLBEZIRK->GEMEINDE,lsa:GEMEINDE:15088330,Schkopau,reported_precincts,15,0,15,15,0
WAHLBEZIRK->GEMEINDE,lsa:GEMEINDE:15088330,Schkopau,total_precincts,15,0,15,15,0
WAHLBEZIRK->GEMEINDE,lsa:GEMEINDE:15088330,Schkopau,voters_total,15,0,7337,7337,0
WAHLBEZIRK->GEMEINDE,lsa:GEMEINDE:15088330,Schkopau,valid_votes_erst,15,0,7259,7259,0
WAHLBEZIRK->GEMEINDE,lsa:GEMEINDE:15088330,Schkopau,valid_votes_zweit,15,0,7266,7266,0
WAHLBEZIRK->GEMEINDE,lsa:GEMEINDE:15088330,Schkopau,party:D1,15,0,1747,1747,0
WAHLBEZIRK->GEMEINDE,lsa:GEMEINDE:15088330,Schkopau,party:D15,15,0,385,385,0
WAHLBEZIRK->GEMEINDE,lsa:GEMEINDE:15088330,Schkopau,party:D2,15,0,3562,3562,0
WAHLBEZIRK->GEMEINDE,lsa:GEMEINDE:15088330,Schkopau,party:D3,15,0,581,581,0
WAHLBEZIRK->GEMEINDE,lsa:GEMEINDE:15088330,Schkopau,party:D4,15,0,586,586,0
WAHLBEZIRK->GEMEINDE,lsa:GEMEINDE:15088330,Schkopau,party:D5,15,0,219,219,0
WAHLBEZIRK->GEMEINDE,lsa:GEMEINDE:15088330,Schkopau,party:D6,15,0,179,179,0
WAHLBEZIRK->GEMEINDE,lsa:GEMEINDE:15088330,Schkopau,party:F1,15,0,1326,1326,0
WAHLBEZIRK->GEMEINDE,lsa:GEMEINDE:15088330,Schkopau,party:F10,15,0,30,30,0
WAHLBEZIRK->GEMEINDE,lsa:GEMEINDE:15088330,Schkopau,party:F11,15,0,15,15,0
WAHLBEZIRK->GEMEINDE,lsa:GEMEINDE:15088330,Schkopau,party:F12,15,0,39,39,0
WAHLBEZIRK->GEMEINDE,lsa:GEMEINDE:15088330,Schkopau,party:F15,15,0,408,408,0
WAHLBEZIRK->GEMEINDE,lsa:GEMEINDE:15088330,Schkopau,party:F19,15,0,7,7,0
WAHLBEZIRK->GEMEINDE,lsa:GEMEINDE:15088330,Schkopau,party:F2,15,0,3530,3530,0
WAHLBEZIRK->GEMEINDE,lsa:GEMEINDE:15088330,Schkopau,party:F20,15,0,30,30,0
WAHLBEZIRK->GEMEINDE,lsa:GEMEINDE:15088330,Schkopau,party:F3,15,0,455,455,0
WAHLBEZIRK->GEMEINDE,lsa:GEMEINDE:15088330,Schkopau,party:F4,15,0,573,573,0
WAHLBEZIRK->GEMEINDE,lsa:GEMEINDE:15088330,Schkopau,party:F5,15,0,170,170,0
WAHLBEZIRK->GEMEINDE,lsa:GEMEINDE:15088330,Schkopau,party:F6,15,0,513,513,0
WAHLBEZIRK->GEMEINDE,lsa:GEMEINDE:15088330,Schkopau,party:F7,15,0,62,62,0
WAHLBEZIRK->GEMEINDE,lsa:GEMEINDE:15088330,Schkopau,party:F8,15,0,10,10,0
WAHLBEZIRK->GEMEINDE,lsa:GEMEINDE:15088330,Schkopau,party:F9,15,0,98,98,0
WAHLBEZIRK->GEMEINDE,lsa:GEMEINDE:15088340,"Schraplau, Stadt",reported_precincts,2,0,2,2,0
WAHLBEZIRK->GEMEINDE,lsa:GEMEINDE:15088340,"Schraplau, Stadt",total_precincts,2,0,2,2,0
WAHLBEZIRK->GEMEINDE,lsa:GEMEINDE:15088340,"Schraplau, Stadt",voters_total,2,0,610,610,0
WAHLBEZIRK->GEMEINDE,lsa:GEMEINDE:15088340,"Schraplau, Stadt",valid_votes_erst,2,0,604,604,0
WAHLBEZIRK->GEMEINDE,lsa:GEMEINDE:15088340,"Schraplau, Stadt",valid_votes_zweit,2,0,608,608,0
WAHLBEZIRK->GEMEINDE,lsa:GEMEINDE:15088340,"Schraplau, Stadt",party:D1,2,0,115,115,0
WAHLBEZIRK->GEMEINDE,lsa:GEMEINDE:15088340,"Schraplau, Stadt",party:D19,2,0,8,8,0
WAHLBEZIRK->GEMEINDE,lsa:GEMEINDE:15088340,"Schraplau, Stadt",party:D2,2,0,356,356,0
WAHLBEZIRK->GEMEINDE,lsa:GEMEINDE:15088340,"Schraplau, Stadt",party:D3,2,0,44,44,0
WAHLBEZIRK->GEMEINDE,lsa:GEMEINDE:15088340,"Schraplau, Stadt",party:D4,2,0,44,44,0
WAHLBEZIRK->GEMEINDE,lsa:GEMEINDE:15088340,"Schraplau, Stadt",party:D5,2,0,27,27,0
WAHLBEZIRK->GEMEINDE,lsa:GEMEINDE:15088340,"Schraplau, Stadt",party:D6,2,0,10,10,0
WAHLBEZIRK->GEMEINDE,lsa:GEMEINDE:15088340,"Schraplau, Stadt",party:F1,2,0,106,106,0
WAHLBEZIRK->GEMEINDE,lsa:GEMEINDE:15088340,"Schraplau, Stadt",party:F10,2,0,5,5,0
WAHLBEZIRK->GEMEINDE,lsa:GEMEINDE:15088340,"Schraplau, Stadt",party:F11,2,0,1,1,0
WAHLBEZIRK->GEMEINDE,lsa:GEMEINDE:15088340,"Schraplau, Stadt",party:F12,2,0,1,1,0
WAHLBEZIRK->GEMEINDE,lsa:GEMEINDE:15088340,"Schraplau, Stadt",party:F15,2,0,27,27,0
WAHLBEZIRK->GEMEINDE,lsa:GEMEINDE:15088340,"Schraplau, Stadt",party:F19,2,0,3,3,0
WAHLBEZIRK->GEMEINDE,lsa:GEMEINDE:15088340,"Schraplau, Stadt",party:F2,2,0,345,345,0
WAHLBEZIRK->GEMEINDE,lsa:GEMEINDE:15088340,"Schraplau, Stadt",party:F20,2,0,0,0,0
WAHLBEZIRK->GEMEINDE,lsa:GEMEINDE:15088340,"Schraplau, Stadt",party:F3,2,0,33,33,0
WAHLBEZIRK->GEMEINDE,lsa:GEMEINDE:15088340,"Schraplau, Stadt",party:F4,2,0,42,42,0
WAHLBEZIRK->GEMEINDE,lsa:GEMEINDE:15088340,"Schraplau, Stadt",party:F5,2,0,16,16,0
WAHLBEZIRK->GEMEINDE,lsa:GEMEINDE:15088340,"Schraplau, Stadt",party:F6,2,0,20,20,0
WAHLBEZIRK->GEMEINDE,lsa:GEMEINDE:15088340,"Schraplau, Stadt",party:F7,2,0,3,3,0
WAHLBEZIRK->GEMEINDE,lsa:GEMEINDE:15088340,"Schraplau, Stadt",party:F8,2,0,2,2,0
WAHLBEZIRK->GEMEINDE,lsa:GEMEINDE:15088340,"Schraplau, Stadt",party:F9,2,0,4,4,0
WAHLBEZIRK->GEMEINDE,lsa:GEMEINDE:15088355,Steigra,reported_precincts,3,0,3,3,0
WAHLBEZIRK->GEMEINDE,lsa:GEMEINDE:15088355,Steigra,total_precincts,3,0,3,3,0
WAHLBEZIRK->GEMEINDE,lsa:GEMEINDE:15088355,Steigra,voters_total,3,0,721,721,0
WAHLBEZIRK->GEMEINDE,lsa:GEMEINDE:15088355,Steigra,valid_votes_erst,3,0,712,712,0
WAHLBEZIRK->GEMEINDE,lsa:GEMEINDE:15088355,Steigra,valid_votes_zweit,3,0,713,713,0
WAHLBEZIRK->GEMEINDE,lsa:GEMEINDE:15088355,Steigra,party:D1,3,0,208,208,0
WAHLBEZIRK->GEMEINDE,lsa:GEMEINDE:15088355,Steigra,party:D19,3,0,18,18,0
WAHLBEZIRK->GEMEINDE,lsa:GEMEINDE:15088355,Steigra,party:D2,3,0,357,357,0
WAHLBEZIRK->GEMEINDE,lsa:GEMEINDE:15088355,Steigra,party:D3,3,0,47,47,0
WAHLBEZIRK->GEMEINDE,lsa:GEMEINDE:15088355,Steigra,party:D4,3,0,46,46,0
WAHLBEZIRK->GEMEINDE,lsa:GEMEINDE:15088355,Steigra,party:D5,3,0,25,25,0
WAHLBEZIRK->GEMEINDE,lsa:GEMEINDE:15088355,Steigra,party:D6,3,0,11,11,0
WAHLBEZIRK->GEMEINDE,lsa:GEMEINDE:15088355,Steigra,party:F1,3,0,166,166,0
WAHLBEZIRK->GEMEINDE,lsa:GEMEINDE:15088355,Steigra,party:F10,3,0,4,4,0
WAHLBEZIRK->GEMEINDE,lsa:GEMEINDE:15088355,Steigra,party:F11,3,0,0,0,0
WAHLBEZIRK->GEMEINDE,lsa:GEMEINDE:15088355,Steigra,party:F12,3,0,1,1,0
WAHLBEZIRK->GEMEINDE,lsa:GEMEINDE:15088355,Steigra,party:F15,3,0,25,25,0
WAHLBEZIRK->GEMEINDE,lsa:GEMEINDE:15088355,Steigra,party:F19,3,0,15,15,0
WAHLBEZIRK->GEMEINDE,lsa:GEMEINDE:15088355,Steigra,party:F2,3,0,353,353,0
WAHLBEZIRK->GEMEINDE,lsa:GEMEINDE:15088355,Steigra,party:F20,3,0,1,1,0
WAHLBEZIRK->GEMEINDE,lsa:GEMEINDE:15088355,Steigra,party:F3,3,0,33,33,0
WAHLBEZIRK->GEMEINDE,lsa:GEMEINDE:15088355,Steigra,party:F4,3,0,51,51,0
WAHLBEZIRK->GEMEINDE,lsa:GEMEINDE:15088355,Steigra,party:F5,3,0,15,15,0
WAHLBEZIRK->GEMEINDE,lsa:GEMEINDE:15088355,Steigra,party:F6,3,0,33,33,0
WAHLBEZIRK->GEMEINDE,lsa:GEMEINDE:15088355,Steigra,party:F7,3,0,7,7,0
WAHLBEZIRK->GEMEINDE,lsa:GEMEINDE:15088355,Steigra,party:F8,3,0,2,2,0
WAHLBEZIRK->GEMEINDE,lsa:GEMEINDE:15088355,Steigra,party:F9,3,0,7,7,0
WAHLBEZIRK->GEMEINDE,lsa:GEMEINDE:15088365,Teutschenthal,reported_precincts,15,0,15,15,0
WAHLBEZIRK->GEMEINDE,lsa:GEMEINDE:15088365,Teutschenthal,total_precincts,15,0,15,15,0
WAHLBEZIRK->GEMEINDE,lsa:GEMEINDE:15088365,Teutschenthal,voters_total,15,0,9033,9033,0
WAHLBEZIRK->GEMEINDE,lsa:GEMEINDE:15088365,Teutschenthal,valid_votes_erst,15,0,8920,8920,0
WAHLBEZIRK->GEMEINDE,lsa:GEMEINDE:15088365,Teutschenthal,valid_votes_zweit,15,0,8966,8966,0
WAHLBEZIRK->GEMEINDE,lsa:GEMEINDE:15088365,Teutschenthal,party:D1,15,0,2393,2393,0
WAHLBEZIRK->GEMEINDE,lsa:GEMEINDE:15088365,Teutschenthal,party:D19,15,0,127,127,0
WAHLBEZIRK->GEMEINDE,lsa:GEMEINDE:15088365,Teutschenthal,party:D2,15,0,4613,4613,0
WAHLBEZIRK->GEMEINDE,lsa:GEMEINDE:15088365,Teutschenthal,party:D3,15,0,751,751,0
WAHLBEZIRK->GEMEINDE,lsa:GEMEINDE:15088365,Teutschenthal,party:D4,15,0,475,475,0
WAHLBEZIRK->GEMEINDE,lsa:GEMEINDE:15088365,Teutschenthal,party:D5,15,0,386,386,0
WAHLBEZIRK->GEMEINDE,lsa:GEMEINDE:15088365,Teutschenthal,party:D6,15,0,175,175,0
WAHLBEZIRK->GEMEINDE,lsa:GEMEINDE:15088365,Teutschenthal,party:F1,15,0,1591,1591,0
WAHLBEZIRK->GEMEINDE,lsa:GEMEINDE:15088365,Teutschenthal,party:F10,15,0,27,27,0
WAHLBEZIRK->GEMEINDE,lsa:GEMEINDE:15088365,Teutschenthal,party:F11,15,0,17,17,0
WAHLBEZIRK->GEMEINDE,lsa:GEMEINDE:15088365,Teutschenthal,party:F12,15,0,53,53,0
WAHLBEZIRK->GEMEINDE,lsa:GEMEINDE:15088365,Teutschenthal,party:F15,15,0,498,498,0
WAHLBEZIRK->GEMEINDE,lsa:GEMEINDE:15088365,Teutschenthal,party:F19,15,0,23,23,0
WAHLBEZIRK->GEMEINDE,lsa:GEMEINDE:15088365,Teutschenthal,party:F2,15,0,4449,4449,0
WAHLBEZIRK->GEMEINDE,lsa:GEMEINDE:15088365,Teutschenthal,party:F20,15,0,25,25,0
WAHLBEZIRK->GEMEINDE,lsa:GEMEINDE:15088365,Teutschenthal,party:F3,15,0,583,583,0
WAHLBEZIRK->GEMEINDE,lsa:GEMEINDE:15088365,Teutschenthal,party:F4,15,0,720,720,0
WAHLBEZIRK->GEMEINDE,lsa:GEMEINDE:15088365,Teutschenthal,party:F5,15,0,249,249,0
WAHLBEZIRK->GEMEINDE,lsa:GEMEINDE:15088365,Teutschenthal,party:F6,15,0,556,556,0
WAHLBEZIRK->GEMEINDE,lsa:GEMEINDE:15088365,Teutschenthal,party:F7,15,0,82,82,0
WAHLBEZIRK->GEMEINDE,lsa:GEMEINDE:15088365,Teutschenthal,party:F8,15,0,7,7,0
WAHLBEZIRK->GEMEINDE,lsa:GEMEINDE:15088365,Teutschenthal,party:F9,15,0,86,86,0
WAHLBEZIRK->GEMEINDE,lsa:GEMEINDE:15089005,"Alsleben (Saale), Stadt",reported_precincts,4,0,4,4,0
WAHLBEZIRK->GEMEINDE,lsa:GEMEINDE:15089005,"Alsleben (Saale), Stadt",total_precincts,4,0,4,4,0
WAHLBEZIRK->GEMEINDE,lsa:GEMEINDE:15089005,"Alsleben (Saale), Stadt",voters_total,4,0,1482,1482,0
WAHLBEZIRK->GEMEINDE,lsa:GEMEINDE:15089005,"Alsleben (Saale), Stadt",valid_votes_erst,4,0,1470,1470,0
WAHLBEZIRK->GEMEINDE,lsa:GEMEINDE:15089005,"Alsleben (Saale), Stadt",valid_votes_zweit,4,0,1474,1474,0
WAHLBEZIRK->GEMEINDE,lsa:GEMEINDE:15089005,"Alsleben (Saale), Stadt",party:D1,4,0,343,343,0
WAHLBEZIRK->GEMEINDE,lsa:GEMEINDE:15089005,"Alsleben (Saale), Stadt",party:D2,4,0,838,838,0
WAHLBEZIRK->GEMEINDE,lsa:GEMEINDE:15089005,"Alsleben (Saale), Stadt",party:D3,4,0,100,100,0
WAHLBEZIRK->GEMEINDE,lsa:GEMEINDE:15089005,"Alsleben (Saale), Stadt",party:D4,4,0,77,77,0
WAHLBEZIRK->GEMEINDE,lsa:GEMEINDE:15089005,"Alsleben (Saale), Stadt",party:D5,4,0,92,92,0
WAHLBEZIRK->GEMEINDE,lsa:GEMEINDE:15089005,"Alsleben (Saale), Stadt",party:D6,4,0,20,20,0
WAHLBEZIRK->GEMEINDE,lsa:GEMEINDE:15089005,"Alsleben (Saale), Stadt",party:F1,4,0,272,272,0
WAHLBEZIRK->GEMEINDE,lsa:GEMEINDE:15089005,"Alsleben (Saale), Stadt",party:F10,4,0,7,7,0
WAHLBEZIRK->GEMEINDE,lsa:GEMEINDE:15089005,"Alsleben (Saale), Stadt",party:F11,4,0,0,0,0
WAHLBEZIRK->GEMEINDE,lsa:GEMEINDE:15089005,"Alsleben (Saale), Stadt",party:F12,4,0,7,7,0
WAHLBEZIRK->GEMEINDE,lsa:GEMEINDE:15089005,"Alsleben (Saale), Stadt",party:F15,4,0,71,71,0
WAHLBEZIRK->GEMEINDE,lsa:GEMEINDE:15089005,"Alsleben (Saale), Stadt",party:F19,4,0,5,5,0
WAHLBEZIRK->GEMEINDE,lsa:GEMEINDE:15089005,"Alsleben (Saale), Stadt",party:F2,4,0,810,810,0
WAHLBEZIRK->GEMEINDE,lsa:GEMEINDE:15089005,"Alsleben (Saale), Stadt",party:F20,4,0,5,5,0
WAHLBEZIRK->GEMEINDE,lsa:GEMEINDE:15089005,"Alsleben (Saale), Stadt",party:F3,4,0,80,80,0
WAHLBEZIRK->GEMEINDE,lsa:GEMEINDE:15089005,"Alsleben (Saale), Stadt",party:F4,4,0,92,92,0
WAHLBEZIRK->GEMEINDE,lsa:GEMEINDE:15089005,"Alsleben (Saale), Stadt",party:F5,4,0,54,54,0
WAHLBEZIRK->GEMEINDE,lsa:GEMEINDE:15089005,"Alsleben (Saale), Stadt",party:F6,4,0,44,44,0
WAHLBEZIRK->GEMEINDE,lsa:GEMEINDE:15089005,"Alsleben (Saale), Stadt",party:F7,4,0,6,6,0
WAHLBEZIRK->GEMEINDE,lsa:GEMEINDE:15089005,"Alsleben (Saale), Stadt",party:F8,4,0,1,1,0
WAHLBEZIRK->GEMEINDE,lsa:GEMEINDE:15089005,"Alsleben (Saale), Stadt",party:F9,4,0,20,20,0
WAHLBEZIRK->GEMEINDE,lsa:GEMEINDE:15089015,"Aschersleben, Stadt",reported_precincts,26,0,26,26,0
WAHLBEZIRK->GEMEINDE,lsa:GEMEINDE:15089015,"Aschersleben, Stadt",total_precincts,26,0,26,26,0
WAHLBEZIRK->GEMEINDE,lsa:GEMEINDE:15089015,"Aschersleben, Stadt",voters_total,26,0,15219,15219,0
WAHLBEZIRK->GEMEINDE,lsa:GEMEINDE:15089015,"Aschersleben, Stadt",valid_votes_erst,26,0,15053,15053,0
WAHLBEZIRK->GEMEINDE,lsa:GEMEINDE:15089015,"Aschersleben, Stadt",valid_votes_zweit,26,0,15060,15060,0
WAHLBEZIRK->GEMEINDE,lsa:GEMEINDE:15089015,"Aschersleben, Stadt",party:D1,26,0,2793,2793,0
WAHLBEZIRK->GEMEINDE,lsa:GEMEINDE:15089015,"Aschersleben, Stadt",party:D15,26,0,1749,1749,0
WAHLBEZIRK->GEMEINDE,lsa:GEMEINDE:15089015,"Aschersleben, Stadt",party:D19,26,0,179,179,0
WAHLBEZIRK->GEMEINDE,lsa:GEMEINDE:15089015,"Aschersleben, Stadt",party:D2,26,0,6852,6852,0
WAHLBEZIRK->GEMEINDE,lsa:GEMEINDE:15089015,"Aschersleben, Stadt",party:D3,26,0,1339,1339,0
WAHLBEZIRK->GEMEINDE,lsa:GEMEINDE:15089015,"Aschersleben, Stadt",party:D4,26,0,1291,1291,0
WAHLBEZIRK->GEMEINDE,lsa:GEMEINDE:15089015,"Aschersleben, Stadt",party:D5,26,0,409,409,0
WAHLBEZIRK->GEMEINDE,lsa:GEMEINDE:15089015,"Aschersleben, Stadt",party:D6,26,0,441,441,0
WAHLBEZIRK->GEMEINDE,lsa:GEMEINDE:15089015,"Aschersleben, Stadt",party:F1,26,0,2535,2535,0
WAHLBEZIRK->GEMEINDE,lsa:GEMEINDE:15089015,"Aschersleben, Stadt",party:F10,26,0,78,78,0
WAHLBEZIRK->GEMEINDE,lsa:GEMEINDE:15089015,"Aschersleben, Stadt",party:F11,26,0,32,32,0
WAHLBEZIRK->GEMEINDE,lsa:GEMEINDE:15089015,"Aschersleben, Stadt",party:F12,26,0,106,106,0
WAHLBEZIRK->GEMEINDE,lsa:GEMEINDE:15089015,"Aschersleben, Stadt",party:F15,26,0,1191,1191,0
WAHLBEZIRK->GEMEINDE,lsa:GEMEINDE:15089015,"Aschersleben, Stadt",party:F19,26,0,57,57,0
WAHLBEZIRK->GEMEINDE,lsa:GEMEINDE:15089015,"Aschersleben, Stadt",party:F2,26,0,7012,7012,0
WAHLBEZIRK->GEMEINDE,lsa:GEMEINDE:15089015,"Aschersleben, Stadt",party:F20,26,0,72,72,0
WAHLBEZIRK->GEMEINDE,lsa:GEMEINDE:15089015,"Aschersleben, Stadt",party:F3,26,0,1183,1183,0
WAHLBEZIRK->GEMEINDE,lsa:GEMEINDE:15089015,"Aschersleben, Stadt",party:F4,26,0,1183,1183,0
WAHLBEZIRK->GEMEINDE,lsa:GEMEINDE:15089015,"Aschersleben, Stadt",party:F5,26,0,325,325,0
WAHLBEZIRK->GEMEINDE,lsa:GEMEINDE:15089015,"Aschersleben, Stadt",party:F6,26,0,931,931,0
WAHLBEZIRK->GEMEINDE,lsa:GEMEINDE:15089015,"Aschersleben, Stadt",party:F7,26,0,125,125,0
WAHLBEZIRK->GEMEINDE,lsa:GEMEINDE:15089015,"Aschersleben, Stadt",party:F8,26,0,24,24,0
WAHLBEZIRK->GEMEINDE,lsa:GEMEINDE:15089015,"Aschersleben, Stadt",party:F9,26,0,206,206,0
WAHLBEZIRK->GEMEINDE,lsa:GEMEINDE:15089026,"Barby, Stadt",reported_precincts,14,0,14,14,0
WAHLBEZIRK->GEMEINDE,lsa:GEMEINDE:15089026,"Barby, Stadt",total_precincts,14,0,14,14,0
WAHLBEZIRK->GEMEINDE,lsa:GEMEINDE:15089026,"Barby, Stadt",voters_total,14,0,5333,5333,0
WAHLBEZIRK->GEMEINDE,lsa:GEMEINDE:15089026,"Barby, Stadt",valid_votes_erst,14,0,5277,5277,0
WAHLBEZIRK->GEMEINDE,lsa:GEMEINDE:15089026,"Barby, Stadt",valid_votes_zweit,14,0,5279,5279,0
WAHLBEZIRK->GEMEINDE,lsa:GEMEINDE:15089026,"Barby, Stadt",party:D1,14,0,1288,1288,0
WAHLBEZIRK->GEMEINDE,lsa:GEMEINDE:15089026,"Barby, Stadt",party:D15,14,0,230,230,0
WAHLBEZIRK->GEMEINDE,lsa:GEMEINDE:15089026,"Barby, Stadt",party:D2,14,0,2595,2595,0
WAHLBEZIRK->GEMEINDE,lsa:GEMEINDE:15089026,"Barby, Stadt",party:D3,14,0,423,423,0
WAHLBEZIRK->GEMEINDE,lsa:GEMEINDE:15089026,"Barby, Stadt",party:D4,14,0,429,429,0
WAHLBEZIRK->GEMEINDE,lsa:GEMEINDE:15089026,"Barby, Stadt",party:D5,14,0,201,201,0
WAHLBEZIRK->GEMEINDE,lsa:GEMEINDE:15089026,"Barby, Stadt",party:D6,14,0,111,111,0
WAHLBEZIRK->GEMEINDE,lsa:GEMEINDE:15089026,"Barby, Stadt",party:F1,14,0,976,976,0
WAHLBEZIRK->GEMEINDE,lsa:GEMEINDE:15089026,"Barby, Stadt",party:F10,14,0,16,16,0
WAHLBEZIRK->GEMEINDE,lsa:GEMEINDE:15089026,"Barby, Stadt",party:F11,14,0,11,11,0
WAHLBEZIRK->GEMEINDE,lsa:GEMEINDE:15089026,"Barby, Stadt",party:F12,14,0,35,35,0
WAHLBEZIRK->GEMEINDE,lsa:GEMEINDE:15089026,"Barby, Stadt",party:F15,14,0,268,268,0
WAHLBEZIRK->GEMEINDE,lsa:GEMEINDE:15089026,"Barby, Stadt",party:F19,14,0,5,5,0
WAHLBEZIRK->GEMEINDE,lsa:GEMEINDE:15089026,"Barby, Stadt",party:F2,14,0,2555,2555,0
WAHLBEZIRK->GEMEINDE,lsa:GEMEINDE:15089026,"Barby, Stadt",party:F20,14,0,18,18,0
WAHLBEZIRK->GEMEINDE,lsa:GEMEINDE:15089026,"Barby, Stadt",party:F3,14,0,354,354,0
WAHLBEZIRK->GEMEINDE,lsa:GEMEINDE:15089026,"Barby, Stadt",party:F4,14,0,458,458,0
WAHLBEZIRK->GEMEINDE,lsa:GEMEINDE:15089026,"Barby, Stadt",party:F5,14,0,169,169,0
WAHLBEZIRK->GEMEINDE,lsa:GEMEINDE:15089026,"Barby, Stadt",party:F6,14,0,290,290,0
WAHLBEZIRK->GEMEINDE,lsa:GEMEINDE:15089026,"Barby, Stadt",party:F7,14,0,46,46,0
WAHLBEZIRK->GEMEINDE,lsa:GEMEINDE:15089026,"Barby, Stadt",party:F8,14,0,11,11,0
WAHLBEZIRK->GEMEINDE,lsa:GEMEINDE:15089026,"Barby, Stadt",party:F9,14,0,67,67,0
WAHLBEZIRK->GEMEINDE,lsa:GEMEINDE:15089030,"Bernburg (Saale), Stadt",reported_precincts,27,0,27,27,0
WAHLBEZIRK->GEMEINDE,lsa:GEMEINDE:15089030,"Bernburg (Saale), Stadt",total_precincts,27,0,27,27,0
WAHLBEZIRK->GEMEINDE,lsa:GEMEINDE:15089030,"Bernburg (Saale), Stadt",voters_total,27,0,18776,18776,0
WAHLBEZIRK->GEMEINDE,lsa:GEMEINDE:15089030,"Bernburg (Saale), Stadt",valid_votes_erst,27,0,18499,18499,0
WAHLBEZIRK->GEMEINDE,lsa:GEMEINDE:15089030,"Bernburg (Saale), Stadt",valid_votes_zweit,27,0,18573,18573,0
WAHLBEZIRK->GEMEINDE,lsa:GEMEINDE:15089030,"Bernburg (Saale), Stadt",party:D1,27,0,4452,4452,0
WAHLBEZIRK->GEMEINDE,lsa:GEMEINDE:15089030,"Bernburg (Saale), Stadt",party:D2,27,0,8888,8888,0
WAHLBEZIRK->GEMEINDE,lsa:GEMEINDE:15089030,"Bernburg (Saale), Stadt",party:D3,27,0,2207,2207,0
WAHLBEZIRK->GEMEINDE,lsa:GEMEINDE:15089030,"Bernburg (Saale), Stadt",party:D4,27,0,1137,1137,0
WAHLBEZIRK->GEMEINDE,lsa:GEMEINDE:15089030,"Bernburg (Saale), Stadt",party:D5,27,0,1363,1363,0
WAHLBEZIRK->GEMEINDE,lsa:GEMEINDE:15089030,"Bernburg (Saale), Stadt",party:D6,27,0,452,452,0
WAHLBEZIRK->GEMEINDE,lsa:GEMEINDE:15089030,"Bernburg (Saale), Stadt",party:F1,27,0,3232,3232,0
WAHLBEZIRK->GEMEINDE,lsa:GEMEINDE:15089030,"Bernburg (Saale), Stadt",party:F10,27,0,90,90,0
WAHLBEZIRK->GEMEINDE,lsa:GEMEINDE:15089030,"Bernburg (Saale), Stadt",party:F11,27,0,48,48,0
WAHLBEZIRK->GEMEINDE,lsa:GEMEINDE:15089030,"Bernburg (Saale), Stadt",party:F12,27,0,112,112,0
WAHLBEZIRK->GEMEINDE,lsa:GEMEINDE:15089030,"Bernburg (Saale), Stadt",party:F15,27,0,918,918,0
WAHLBEZIRK->GEMEINDE,lsa:GEMEINDE:15089030,"Bernburg (Saale), Stadt",party:F19,27,0,26,26,0
WAHLBEZIRK->GEMEINDE,lsa:GEMEINDE:15089030,"Bernburg (Saale), Stadt",party:F2,27,0,8598,8598,0
WAHLBEZIRK->GEMEINDE,lsa:GEMEINDE:15089030,"Bernburg (Saale), Stadt",party:F20,27,0,62,62,0
WAHLBEZIRK->GEMEINDE,lsa:GEMEINDE:15089030,"Bernburg (Saale), Stadt",party:F3,27,0,1678,1678,0
WAHLBEZIRK->GEMEINDE,lsa:GEMEINDE:15089030,"Bernburg (Saale), Stadt",party:F4,27,0,1450,1450,0
WAHLBEZIRK->GEMEINDE,lsa:GEMEINDE:15089030,"Bernburg (Saale), Stadt",party:F5,27,0,731,731,0
WAHLBEZIRK->GEMEINDE,lsa:GEMEINDE:15089030,"Bernburg (Saale), Stadt",party:F6,27,0,1247,1247,0
WAHLBEZIRK->GEMEINDE,lsa:GEMEINDE:15089030,"Bernburg (Saale), Stadt",party:F7,27,0,114,114,0
WAHLBEZIRK->GEMEINDE,lsa:GEMEINDE:15089030,"Bernburg (Saale), Stadt",party:F8,27,0,28,28,0
WAHLBEZIRK->GEMEINDE,lsa:GEMEINDE:15089030,"Bernburg (Saale), Stadt",party:F9,27,0,239,239,0
WAHLBEZIRK->GEMEINDE,lsa:GEMEINDE:15089041,Bördeaue,reported_precincts,3,0,3,3,0
WAHLBEZIRK->GEMEINDE,lsa:GEMEINDE:15089041,Bördeaue,total_precincts,3,0,3,3,0
WAHLBEZIRK->GEMEINDE,lsa:GEMEINDE:15089041,Bördeaue,voters_total,3,0,1166,1166,0
WAHLBEZIRK->GEMEINDE,lsa:GEMEINDE:15089041,Bördeaue,valid_votes_erst,3,0,1150,1150,0
WAHLBEZIRK->GEMEINDE,lsa:GEMEINDE:15089041,Bördeaue,valid_votes_zweit,3,0,1146,1146,0
WAHLBEZIRK->GEMEINDE,lsa:GEMEINDE:15089041,Bördeaue,party:D1,3,0,318,318,0
WAHLBEZIRK->GEMEINDE,lsa:GEMEINDE:15089041,Bördeaue,party:D15,3,0,64,64,0
WAHLBEZIRK->GEMEINDE,lsa:GEMEINDE:15089041,Bördeaue,party:D2,3,0,591,591,0
WAHLBEZIRK->GEMEINDE,lsa:GEMEINDE:15089041,Bördeaue,party:D3,3,0,81,81,0
WAHLBEZIRK->GEMEINDE,lsa:GEMEINDE:15089041,Bördeaue,party:D4,3,0,48,48,0
WAHLBEZIRK->GEMEINDE,lsa:GEMEINDE:15089041,Bördeaue,party:D5,3,0,38,38,0
WAHLBEZIRK->GEMEINDE,lsa:GEMEINDE:15089041,Bördeaue,party:D6,3,0,10,10,0
WAHLBEZIRK->GEMEINDE,lsa:GEMEINDE:15089041,Bördeaue,party:F1,3,0,180,180,0
WAHLBEZIRK->GEMEINDE,lsa:GEMEINDE:15089041,Bördeaue,party:F10,3,0,9,9,0
WAHLBEZIRK->GEMEINDE,lsa:GEMEINDE:15089041,Bördeaue,party:F11,3,0,2,2,0
WAHLBEZIRK->GEMEINDE,lsa:GEMEINDE:15089041,Bördeaue,party:F12,3,0,7,7,0
WAHLBEZIRK->GEMEINDE,lsa:GEMEINDE:15089041,Bördeaue,party:F15,3,0,72,72,0
WAHLBEZIRK->GEMEINDE,lsa:GEMEINDE:15089041,Bördeaue,party:F19,3,0,0,0,0
WAHLBEZIRK->GEMEINDE,lsa:GEMEINDE:15089041,Bördeaue,party:F2,3,0,607,607,0
WAHLBEZIRK->GEMEINDE,lsa:GEMEINDE:15089041,Bördeaue,party:F20,3,0,4,4,0
WAHLBEZIRK->GEMEINDE,lsa:GEMEINDE:15089041,Bördeaue,party:F3,3,0,93,93,0
WAHLBEZIRK->GEMEINDE,lsa:GEMEINDE:15089041,Bördeaue,party:F4,3,0,74,74,0
WAHLBEZIRK->GEMEINDE,lsa:GEMEINDE:15089041,Bördeaue,party:F5,3,0,24,24,0
WAHLBEZIRK->GEMEINDE,lsa:GEMEINDE:15089041,Bördeaue,party:F6,3,0,49,49,0
WAHLBEZIRK->GEMEINDE,lsa:GEMEINDE:15089041,Bördeaue,party:F7,3,0,14,14,0
WAHLBEZIRK->GEMEINDE,lsa:GEMEINDE:15089041,Bördeaue,party:F8,3,0,1,1,0
WAHLBEZIRK->GEMEINDE,lsa:GEMEINDE:15089041,Bördeaue,party:F9,3,0,10,10,0
WAHLBEZIRK->GEMEINDE,lsa:GEMEINDE:15089042,Bördeland,reported_precincts,8,0,8,8,0
WAHLBEZIRK->GEMEINDE,lsa:GEMEINDE:15089042,Bördeland,total_precincts,8,0,8,8,0
WAHLBEZIRK->GEMEINDE,lsa:GEMEINDE:15089042,Bördeland,voters_total,8,0,5021,5021,0
WAHLBEZIRK->GEMEINDE,lsa:GEMEINDE:15089042,Bördeland,valid_votes_erst,8,0,4950,4950,0
WAHLBEZIRK->GEMEINDE,lsa:GEMEINDE:15089042,Bördeland,valid_votes_zweit,8,0,4958,4958,0
WAHLBEZIRK->GEMEINDE,lsa:GEMEINDE:15089042,Bördeland,party:D1,8,0,1091,1091,0
WAHLBEZIRK->GEMEINDE,lsa:GEMEINDE:15089042,Bördeland,party:D15,8,0,238,238,0
WAHLBEZIRK->GEMEINDE,lsa:GEMEINDE:15089042,Bördeland,party:D2,8,0,2557,2557,0
WAHLBEZIRK->GEMEINDE,lsa:GEMEINDE:15089042,Bördeland,party:D3,8,0,446,446,0
WAHLBEZIRK->GEMEINDE,lsa:GEMEINDE:15089042,Bördeland,party:D4,8,0,347,347,0
WAHLBEZIRK->GEMEINDE,lsa:GEMEINDE:15089042,Bördeland,party:D5,8,0,174,174,0
WAHLBEZIRK->GEMEINDE,lsa:GEMEINDE:15089042,Bördeland,party:D6,8,0,97,97,0
WAHLBEZIRK->GEMEINDE,lsa:GEMEINDE:15089042,Bördeland,party:F1,8,0,787,787,0
WAHLBEZIRK->GEMEINDE,lsa:GEMEINDE:15089042,Bördeland,party:F10,8,0,29,29,0
WAHLBEZIRK->GEMEINDE,lsa:GEMEINDE:15089042,Bördeland,party:F11,8,0,5,5,0
WAHLBEZIRK->GEMEINDE,lsa:GEMEINDE:15089042,Bördeland,party:F12,8,0,36,36,0
WAHLBEZIRK->GEMEINDE,lsa:GEMEINDE:15089042,Bördeland,party:F15,8,0,275,275,0
WAHLBEZIRK->GEMEINDE,lsa:GEMEINDE:15089042,Bördeland,party:F19,8,0,9,9,0
WAHLBEZIRK->GEMEINDE,lsa:GEMEINDE:15089042,Bördeland,party:F2,8,0,2519,2519,0
WAHLBEZIRK->GEMEINDE,lsa:GEMEINDE:15089042,Bördeland,party:F20,8,0,19,19,0
WAHLBEZIRK->GEMEINDE,lsa:GEMEINDE:15089042,Bördeland,party:F3,8,0,373,373,0
WAHLBEZIRK->GEMEINDE,lsa:GEMEINDE:15089042,Bördeland,party:F4,8,0,366,366,0
WAHLBEZIRK->GEMEINDE,lsa:GEMEINDE:15089042,Bördeland,party:F5,8,0,146,146,0
WAHLBEZIRK->GEMEINDE,lsa:GEMEINDE:15089042,Bördeland,party:F6,8,0,279,279,0
WAHLBEZIRK->GEMEINDE,lsa:GEMEINDE:15089042,Bördeland,party:F7,8,0,40,40,0
WAHLBEZIRK->GEMEINDE,lsa:GEMEINDE:15089042,Bördeland,party:F8,8,0,14,14,0
WAHLBEZIRK->GEMEINDE,lsa:GEMEINDE:15089042,Bördeland,party:F9,8,0,61,61,0
WAHLBEZIRK->GEMEINDE,lsa:GEMEINDE:15089043,Börde-Hakel,reported_precincts,4,0,4,4,0
WAHLBEZIRK->GEMEINDE,lsa:GEMEINDE:15089043,Börde-Hakel,total_precincts,4,0,4,4,0
WAHLBEZIRK->GEMEINDE,lsa:GEMEINDE:15089043,Börde-Hakel,voters_total,4,0,1919,1919,0
WAHLBEZIRK->GEMEINDE,lsa:GEMEINDE:15089043,Börde-Hakel,valid_votes_erst,4,0,1903,1903,0
WAHLBEZIRK->GEMEINDE,lsa:GEMEINDE:15089043,Börde-Hakel,valid_votes_zweit,4,0,1908,1908,0
WAHLBEZIRK->GEMEINDE,lsa:GEMEINDE:15089043,Börde-Hakel,party:D1,4,0,581,581,0
WAHLBEZIRK->GEMEINDE,lsa:GEMEINDE:15089043,Börde-Hakel,party:D15,4,0,88,88,0
WAHLBEZIRK->GEMEINDE,lsa:GEMEINDE:15089043,Börde-Hakel,party:D2,4,0,958,958,0
WAHLBEZIRK->GEMEINDE,lsa:GEMEINDE:15089043,Börde-Hakel,party:D3,4,0,113,113,0
WAHLBEZIRK->GEMEINDE,lsa:GEMEINDE:15089043,Börde-Hakel,party:D4,4,0,100,100,0
WAHLBEZIRK->GEMEINDE,lsa:GEMEINDE:15089043,Börde-Hakel,party:D5,4,0,44,44,0
WAHLBEZIRK->GEMEINDE,lsa:GEMEINDE:15089043,Börde-Hakel,party:D6,4,0,19,19,0
WAHLBEZIRK->GEMEINDE,lsa:GEMEINDE:15089043,Börde-Hakel,party:F1,4,0,380,380,0
WAHLBEZIRK->GEMEINDE,lsa:GEMEINDE:15089043,Börde-Hakel,party:F10,4,0,9,9,0
WAHLBEZIRK->GEMEINDE,lsa:GEMEINDE:15089043,Börde-Hakel,party:F11,4,0,4,4,0
WAHLBEZIRK->GEMEINDE,lsa:GEMEINDE:15089043,Börde-Hakel,party:F12,4,0,6,6,0
WAHLBEZIRK->GEMEINDE,lsa:GEMEINDE:15089043,Börde-Hakel,party:F15,4,0,108,108,0
WAHLBEZIRK->GEMEINDE,lsa:GEMEINDE:15089043,Börde-Hakel,party:F19,4,0,0,0,0
WAHLBEZIRK->GEMEINDE,lsa:GEMEINDE:15089043,Börde-Hakel,party:F2,4,0,991,991,0
WAHLBEZIRK->GEMEINDE,lsa:GEMEINDE:15089043,Börde-Hakel,party:F20,4,0,6,6,0
WAHLBEZIRK->GEMEINDE,lsa:GEMEINDE:15089043,Börde-Hakel,party:F3,4,0,115,115,0
WAHLBEZIRK->GEMEINDE,lsa:GEMEINDE:15089043,Börde-Hakel,party:F4,4,0,130,130,0
WAHLBEZIRK->GEMEINDE,lsa:GEMEINDE:15089043,Börde-Hakel,party:F5,4,0,43,43,0
WAHLBEZIRK->GEMEINDE,lsa:GEMEINDE:15089043,Börde-Hakel,party:F6,4,0,72,72,0
WAHLBEZIRK->GEMEINDE,lsa:GEMEINDE:15089043,Börde-Hakel,party:F7,4,0,20,20,0
WAHLBEZIRK->GEMEINDE,lsa:GEMEINDE:15089043,Börde-Hakel,party:F8,4,0,2,2,0
WAHLBEZIRK->GEMEINDE,lsa:GEMEINDE:15089043,Börde-Hakel,party:F9,4,0,22,22,0
WAHLBEZIRK->GEMEINDE,lsa:GEMEINDE:15089045,Borne,reported_precincts,2,0,2,2,0
WAHLBEZIRK->GEMEINDE,lsa:GEMEINDE:15089045,Borne,total_precincts,2,0,2,2,0
WAHLBEZIRK->GEMEINDE,lsa:GEMEINDE:15089045,Borne,voters_total,2,0,791,791,0
WAHLBEZIRK->GEMEINDE,lsa:GEMEINDE:15089045,Borne,valid_votes_erst,2,0,779,779,0
WAHLBEZIRK->GEMEINDE,lsa:GEMEINDE:15089045,Borne,valid_votes_zweit,2,0,780,780,0
WAHLBEZIRK->GEMEINDE,lsa:GEMEINDE:15089045,Borne,party:D1,2,0,296,296,0
WAHLBEZIRK->GEMEINDE,lsa:GEMEINDE:15089045,Borne,party:D15,2,0,32,32,0
WAHLBEZIRK->GEMEINDE,lsa:GEMEINDE:15089045,Borne,party:D2,2,0,371,371,0
WAHLBEZIRK->GEMEINDE,lsa:GEMEINDE:15089045,Borne,party:D3,2,0,39,39,0
WAHLBEZIRK->GEMEINDE,lsa:GEMEINDE:15089045,Borne,party:D4,2,0,17,17,0
WAHLBEZIRK->GEMEINDE,lsa:GEMEINDE:15089045,Borne,party:D5,2,0,17,17,0
WAHLBEZIRK->GEMEINDE,lsa:GEMEINDE:15089045,Borne,party:D6,2,0,7,7,0
WAHLBEZIRK->GEMEINDE,lsa:GEMEINDE:15089045,Borne,party:F1,2,0,114,114,0
WAHLBEZIRK->GEMEINDE,lsa:GEMEINDE:15089045,Borne,party:F10,2,0,4,4,0
WAHLBEZIRK->GEMEINDE,lsa:GEMEINDE:15089045,Borne,party:F11,2,0,2,2,0
WAHLBEZIRK->GEMEINDE,lsa:GEMEINDE:15089045,Borne,party:F12,2,0,6,6,0
WAHLBEZIRK->GEMEINDE,lsa:GEMEINDE:15089045,Borne,party:F15,2,0,48,48,0
WAHLBEZIRK->GEMEINDE,lsa:GEMEINDE:15089045,Borne,party:F19,2,0,1,1,0
WAHLBEZIRK->GEMEINDE,lsa:GEMEINDE:15089045,Borne,party:F2,2,0,431,431,0
WAHLBEZIRK->GEMEINDE,lsa:GEMEINDE:15089045,Borne,party:F20,2,0,3,3,0
WAHLBEZIRK->GEMEINDE,lsa:GEMEINDE:15089045,Borne,party:F3,2,0,53,53,0
WAHLBEZIRK->GEMEINDE,lsa:GEMEINDE:15089045,Borne,party:F4,2,0,52,52,0
WAHLBEZIRK->GEMEINDE,lsa:GEMEINDE:15089045,Borne,party:F5,2,0,17,17,0
WAHLBEZIRK->GEMEINDE,lsa:GEMEINDE:15089045,Borne,party:F6,2,0,36,36,0
WAHLBEZIRK->GEMEINDE,lsa:GEMEINDE:15089045,Borne,party:F7,2,0,7,7,0
WAHLBEZIRK->GEMEINDE,lsa:GEMEINDE:15089045,Borne,party:F8,2,0,0,0,0
WAHLBEZIRK->GEMEINDE,lsa:GEMEINDE:15089045,Borne,party:F9,2,0,6,6,0
WAHLBEZIRK->GEMEINDE,lsa:GEMEINDE:15089055,"Calbe (Saale), Stadt",reported_precincts,8,0,8,8,0
WAHLBEZIRK->GEMEINDE,lsa:GEMEINDE:15089055,"Calbe (Saale), Stadt",total_precincts,8,0,8,8,0
WAHLBEZIRK->GEMEINDE,lsa:GEMEINDE:15089055,"Calbe (Saale), Stadt",voters_total,8,0,4898,4898,0
WAHLBEZIRK->GEMEINDE,lsa:GEMEINDE:15089055,"Calbe (Saale), Stadt",valid_votes_erst,8,0,4825,4825,0
WAHLBEZIRK->GEMEINDE,lsa:GEMEINDE:15089055,"Calbe (Saale), Stadt",valid_votes_zweit,8,0,4840,4840,0
WAHLBEZIRK->GEMEINDE,lsa:GEMEINDE:15089055,"Calbe (Saale), Stadt",party:D1,8,0,1110,1110,0
WAHLBEZIRK->GEMEINDE,lsa:GEMEINDE:15089055,"Calbe (Saale), Stadt",party:D15,8,0,188,188,0
WAHLBEZIRK->GEMEINDE,lsa:GEMEINDE:15089055,"Calbe (Saale), Stadt",party:D2,8,0,2430,2430,0
WAHLBEZIRK->GEMEINDE,lsa:GEMEINDE:15089055,"Calbe (Saale), Stadt",party:D3,8,0,466,466,0
WAHLBEZIRK->GEMEINDE,lsa:GEMEINDE:15089055,"Calbe (Saale), Stadt",party:D4,8,0,366,366,0
WAHLBEZIRK->GEMEINDE,lsa:GEMEINDE:15089055,"Calbe (Saale), Stadt",party:D5,8,0,150,150,0
WAHLBEZIRK->GEMEINDE,lsa:GEMEINDE:15089055,"Calbe (Saale), Stadt",party:D6,8,0,115,115,0
WAHLBEZIRK->GEMEINDE,lsa:GEMEINDE:15089055,"Calbe (Saale), Stadt",party:F1,8,0,872,872,0
WAHLBEZIRK->GEMEINDE,lsa:GEMEINDE:15089055,"Calbe (Saale), Stadt",party:F10,8,0,31,31,0
WAHLBEZIRK->GEMEINDE,lsa:GEMEINDE:15089055,"Calbe (Saale), Stadt",party:F11,8,0,7,7,0
WAHLBEZIRK->GEMEINDE,lsa:GEMEINDE:15089055,"Calbe (Saale), Stadt",party:F12,8,0,39,39,0
WAHLBEZIRK->GEMEINDE,lsa:GEMEINDE:15089055,"Calbe (Saale), Stadt",party:F15,8,0,216,216,0
WAHLBEZIRK->GEMEINDE,lsa:GEMEINDE:15089055,"Calbe (Saale), Stadt",party:F19,8,0,6,6,0
WAHLBEZIRK->GEMEINDE,lsa:GEMEINDE:15089055,"Calbe (Saale), Stadt",party:F2,8,0,2365,2365,0
WAHLBEZIRK->GEMEINDE,lsa:GEMEINDE:15089055,"Calbe (Saale), Stadt",party:F20,8,0,9,9,0
WAHLBEZIRK->GEMEINDE,lsa:GEMEINDE:15089055,"Calbe (Saale), Stadt",party:F3,8,0,391,391,0
WAHLBEZIRK->GEMEINDE,lsa:GEMEINDE:15089055,"Calbe (Saale), Stadt",party:F4,8,0,413,413,0
WAHLBEZIRK->GEMEINDE,lsa:GEMEINDE:15089055,"Calbe (Saale), Stadt",party:F5,8,0,102,102,0
WAHLBEZIRK->GEMEINDE,lsa:GEMEINDE:15089055,"Calbe (Saale), Stadt",party:F6,8,0,260,260,0
WAHLBEZIRK->GEMEINDE,lsa:GEMEINDE:15089055,"Calbe (Saale), Stadt",party:F7,8,0,48,48,0
WAHLBEZIRK->GEMEINDE,lsa:GEMEINDE:15089055,"Calbe (Saale), Stadt",party:F8,8,0,4,4,0
WAHLBEZIRK->GEMEINDE,lsa:GEMEINDE:15089055,"Calbe (Saale), Stadt",party:F9,8,0,77,77,0
WAHLBEZIRK->GEMEINDE,lsa:GEMEINDE:15089075,"Egeln, Stadt",reported_precincts,4,0,4,4,0
WAHLBEZIRK->GEMEINDE,lsa:GEMEINDE:15089075,"Egeln, Stadt",total_precincts,4,0,4,4,0
WAHLBEZIRK->GEMEINDE,lsa:GEMEINDE:15089075,"Egeln, Stadt",voters_total,4,0,2039,2039,0
WAHLBEZIRK->GEMEINDE,lsa:GEMEINDE:15089075,"Egeln, Stadt",valid_votes_erst,4,0,2008,2008,0
WAHLBEZIRK->GEMEINDE,lsa:GEMEINDE:15089075,"Egeln, Stadt",valid_votes_zweit,4,0,2009,2009,0
WAHLBEZIRK->GEMEINDE,lsa:GEMEINDE:15089075,"Egeln, Stadt",party:D1,4,0,623,623,0
WAHLBEZIRK->GEMEINDE,lsa:GEMEINDE:15089075,"Egeln, Stadt",party:D15,4,0,76,76,0
WAHLBEZIRK->GEMEINDE,lsa:GEMEINDE:15089075,"Egeln, Stadt",party:D2,4,0,1029,1029,0
WAHLBEZIRK->GEMEINDE,lsa:GEMEINDE:15089075,"Egeln, Stadt",party:D3,4,0,121,121,0
WAHLBEZIRK->GEMEINDE,lsa:GEMEINDE:15089075,"Egeln, Stadt",party:D4,4,0,74,74,0
WAHLBEZIRK->GEMEINDE,lsa:GEMEINDE:15089075,"Egeln, Stadt",party:D5,4,0,56,56,0
WAHLBEZIRK->GEMEINDE,lsa:GEMEINDE:15089075,"Egeln, Stadt",party:D6,4,0,29,29,0
WAHLBEZIRK->GEMEINDE,lsa:GEMEINDE:15089075,"Egeln, Stadt",party:F1,4,0,373,373,0
WAHLBEZIRK->GEMEINDE,lsa:GEMEINDE:15089075,"Egeln, Stadt",party:F10,4,0,9,9,0
WAHLBEZIRK->GEMEINDE,lsa:GEMEINDE:15089075,"Egeln, Stadt",party:F11,4,0,8,8,0
WAHLBEZIRK->GEMEINDE,lsa:GEMEINDE:15089075,"Egeln, Stadt",party:F12,4,0,8,8,0
WAHLBEZIRK->GEMEINDE,lsa:GEMEINDE:15089075,"Egeln, Stadt",party:F15,4,0,60,60,0
WAHLBEZIRK->GEMEINDE,lsa:GEMEINDE:15089075,"Egeln, Stadt",party:F19,4,0,3,3,0
WAHLBEZIRK->GEMEINDE,lsa:GEMEINDE:15089075,"Egeln, Stadt",party:F2,4,0,1068,1068,0
WAHLBEZIRK->GEMEINDE,lsa:GEMEINDE:15089075,"Egeln, Stadt",party:F20,4,0,10,10,0
WAHLBEZIRK->GEMEINDE,lsa:GEMEINDE:15089075,"Egeln, Stadt",party:F3,4,0,134,134,0
WAHLBEZIRK->GEMEINDE,lsa:GEMEINDE:15089075,"Egeln, Stadt",party:F4,4,0,150,150,0
WAHLBEZIRK->GEMEINDE,lsa:GEMEINDE:15089075,"Egeln, Stadt",party:F5,4,0,43,43,0
WAHLBEZIRK->GEMEINDE,lsa:GEMEINDE:15089075,"Egeln, Stadt",party:F6,4,0,87,87,0
WAHLBEZIRK->GEMEINDE,lsa:GEMEINDE:15089075,"Egeln, Stadt",party:F7,4,0,32,32,0
WAHLBEZIRK->GEMEINDE,lsa:GEMEINDE:15089075,"Egeln, Stadt",party:F8,4,0,2,2,0
WAHLBEZIRK->GEMEINDE,lsa:GEMEINDE:15089075,"Egeln, Stadt",party:F9,4,0,22,22,0
WAHLBEZIRK->GEMEINDE,lsa:GEMEINDE:15089130,Giersleben,reported_precincts,2,0,2,2,0
WAHLBEZIRK->GEMEINDE,lsa:GEMEINDE:15089130,Giersleben,total_precincts,2,0,2,2,0
WAHLBEZIRK->GEMEINDE,lsa:GEMEINDE:15089130,Giersleben,voters_total,2,0,627,627,0
WAHLBEZIRK->GEMEINDE,lsa:GEMEINDE:15089130,Giersleben,valid_votes_erst,2,0,617,617,0
WAHLBEZIRK->GEMEINDE,lsa:GEMEINDE:15089130,Giersleben,valid_votes_zweit,2,0,621,621,0
WAHLBEZIRK->GEMEINDE,lsa:GEMEINDE:15089130,Giersleben,party:D1,2,0,122,122,0
WAHLBEZIRK->GEMEINDE,lsa:GEMEINDE:15089130,Giersleben,party:D2,2,0,354,354,0
WAHLBEZIRK->GEMEINDE,lsa:GEMEINDE:15089130,Giersleben,party:D3,2,0,60,60,0
WAHLBEZIRK->GEMEINDE,lsa:GEMEINDE:15089130,Giersleben,party:D4,2,0,39,39,0
WAHLBEZIRK->GEMEINDE,lsa:GEMEINDE:15089130,Giersleben,party:D5,2,0,18,18,0
WAHLBEZIRK->GEMEINDE,lsa:GEMEINDE:15089130,Giersleben,party:D6,2,0,24,24,0
WAHLBEZIRK->GEMEINDE,lsa:GEMEINDE:15089130,Giersleben,party:F1,2,0,93,93,0
WAHLBEZIRK->GEMEINDE,lsa:GEMEINDE:15089130,Giersleben,party:F10,2,0,1,1,0
WAHLBEZIRK->GEMEINDE,lsa:GEMEINDE:15089130,Giersleben,party:F11,2,0,0,0,0
WAHLBEZIRK->GEMEINDE,lsa:GEMEINDE:15089130,Giersleben,party:F12,2,0,6,6,0
WAHLBEZIRK->GEMEINDE,lsa:GEMEINDE:15089130,Giersleben,party:F15,2,0,47,47,0
WAHLBEZIRK->GEMEINDE,lsa:GEMEINDE:15089130,Giersleben,party:F19,2,0,1,1,0
WAHLBEZIRK->GEMEINDE,lsa:GEMEINDE:15089130,Giersleben,party:F2,2,0,322,322,0
WAHLBEZIRK->GEMEINDE,lsa:GEMEINDE:15089130,Giersleben,party:F20,2,0,4,4,0
WAHLBEZIRK->GEMEINDE,lsa:GEMEINDE:15089130,Giersleben,party:F3,2,0,41,41,0
WAHLBEZIRK->GEMEINDE,lsa:GEMEINDE:15089130,Giersleben,party:F4,2,0,46,46,0
WAHLBEZIRK->GEMEINDE,lsa:GEMEINDE:15089130,Giersleben,party:F5,2,0,14,14,0
WAHLBEZIRK->GEMEINDE,lsa:GEMEINDE:15089130,Giersleben,party:F6,2,0,24,24,0
WAHLBEZIRK->GEMEINDE,lsa:GEMEINDE:15089130,Giersleben,party:F7,2,0,9,9,0
WAHLBEZIRK->GEMEINDE,lsa:GEMEINDE:15089130,Giersleben,party:F8,2,0,0,0,0
WAHLBEZIRK->GEMEINDE,lsa:GEMEINDE:15089130,Giersleben,party:F9,2,0,13,13,0
WAHLBEZIRK->GEMEINDE,lsa:GEMEINDE:15089165,"Güsten, Stadt",reported_precincts,6,0,6,6,0
WAHLBEZIRK->GEMEINDE,lsa:GEMEINDE:15089165,"Güsten, Stadt",total_precincts,6,0,6,6,0
WAHLBEZIRK->GEMEINDE,lsa:GEMEINDE:15089165,"Güsten, Stadt",voters_total,6,0,2469,2469,0
WAHLBEZIRK->GEMEINDE,lsa:GEMEINDE:15089165,"Güsten, Stadt",valid_votes_erst,6,0,2441,2441,0
WAHLBEZIRK->GEMEINDE,lsa:GEMEINDE:15089165,"Güsten, Stadt",valid_votes_zweit,6,0,2453,2453,0
WAHLBEZIRK->GEMEINDE,lsa:GEMEINDE:15089165,"Güsten, Stadt",party:D1,6,0,444,444,0
WAHLBEZIRK->GEMEINDE,lsa:GEMEINDE:15089165,"Güsten, Stadt",party:D2,6,0,1459,1459,0
WAHLBEZIRK->GEMEINDE,lsa:GEMEINDE:15089165,"Güsten, Stadt",party:D3,6,0,289,289,0
WAHLBEZIRK->GEMEINDE,lsa:GEMEINDE:15089165,"Güsten, Stadt",party:D4,6,0,126,126,0
WAHLBEZIRK->GEMEINDE,lsa:GEMEINDE:15089165,"Güsten, Stadt",party:D5,6,0,85,85,0
WAHLBEZIRK->GEMEINDE,lsa:GEMEINDE:15089165,"Güsten, Stadt",party:D6,6,0,38,38,0
WAHLBEZIRK->GEMEINDE,lsa:GEMEINDE:15089165,"Güsten, Stadt",party:F1,6,0,346,346,0
WAHLBEZIRK->GEMEINDE,lsa:GEMEINDE:15089165,"Güsten, Stadt",party:F10,6,0,9,9,0
WAHLBEZIRK->GEMEINDE,lsa:GEMEINDE:15089165,"Güsten, Stadt",party:F11,6,0,4,4,0
WAHLBEZIRK->GEMEINDE,lsa:GEMEINDE:15089165,"Güsten, Stadt",party:F12,6,0,17,17,0
WAHLBEZIRK->GEMEINDE,lsa:GEMEINDE:15089165,"Güsten, Stadt",party:F15,6,0,120,120,0
WAHLBEZIRK->GEMEINDE,lsa:GEMEINDE:15089165,"Güsten, Stadt",party:F19,6,0,5,5,0
WAHLBEZIRK->GEMEINDE,lsa:GEMEINDE:15089165,"Güsten, Stadt",party:F2,6,0,1392,1392,0
WAHLBEZIRK->GEMEINDE,lsa:GEMEINDE:15089165,"Güsten, Stadt",party:F20,6,0,10,10,0
WAHLBEZIRK->GEMEINDE,lsa:GEMEINDE:15089165,"Güsten, Stadt",party:F3,6,0,212,212,0
WAHLBEZIRK->GEMEINDE,lsa:GEMEINDE:15089165,"Güsten, Stadt",party:F4,6,0,153,153,0
WAHLBEZIRK->GEMEINDE,lsa:GEMEINDE:15089165,"Güsten, Stadt",party:F5,6,0,48,48,0
WAHLBEZIRK->GEMEINDE,lsa:GEMEINDE:15089165,"Güsten, Stadt",party:F6,6,0,74,74,0
WAHLBEZIRK->GEMEINDE,lsa:GEMEINDE:15089165,"Güsten, Stadt",party:F7,6,0,25,25,0
WAHLBEZIRK->GEMEINDE,lsa:GEMEINDE:15089165,"Güsten, Stadt",party:F8,6,0,6,6,0
WAHLBEZIRK->GEMEINDE,lsa:GEMEINDE:15089165,"Güsten, Stadt",party:F9,6,0,32,32,0
WAHLBEZIRK->GEMEINDE,lsa:GEMEINDE:15089175,"Hecklingen, Stadt",reported_precincts,6,0,6,6,0
WAHLBEZIRK->GEMEINDE,lsa:GEMEINDE:15089175,"Hecklingen, Stadt",total_precincts,6,0,6,6,0
WAHLBEZIRK->GEMEINDE,lsa:GEMEINDE:15089175,"Hecklingen, Stadt",voters_total,6,0,4312,4312,0
WAHLBEZIRK->GEMEINDE,lsa:GEMEINDE:15089175,"Hecklingen, Stadt",valid_votes_erst,6,0,4269,4269,0
WAHLBEZIRK->GEMEINDE,lsa:GEMEINDE:15089175,"Hecklingen, Stadt",valid_votes_zweit,6,0,4277,4277,0
WAHLBEZIRK->GEMEINDE,lsa:GEMEINDE:15089175,"Hecklingen, Stadt",party:D1,6,0,942,942,0
WAHLBEZIRK->GEMEINDE,lsa:GEMEINDE:15089175,"Hecklingen, Stadt",party:D15,6,0,209,209,0
WAHLBEZIRK->GEMEINDE,lsa:GEMEINDE:15089175,"Hecklingen, Stadt",party:D2,6,0,2444,2444,0
WAHLBEZIRK->GEMEINDE,lsa:GEMEINDE:15089175,"Hecklingen, Stadt",party:D3,6,0,322,322,0
WAHLBEZIRK->GEMEINDE,lsa:GEMEINDE:15089175,"Hecklingen, Stadt",party:D4,6,0,172,172,0
WAHLBEZIRK->GEMEINDE,lsa:GEMEINDE:15089175,"Hecklingen, Stadt",party:D5,6,0,118,118,0
WAHLBEZIRK->GEMEINDE,lsa:GEMEINDE:15089175,"Hecklingen, Stadt",party:D6,6,0,62,62,0
WAHLBEZIRK->GEMEINDE,lsa:GEMEINDE:15089175,"Hecklingen, Stadt",party:F1,6,0,635,635,0
WAHLBEZIRK->GEMEINDE,lsa:GEMEINDE:15089175,"Hecklingen, Stadt",party:F10,6,0,22,22,0
WAHLBEZIRK->GEMEINDE,lsa:GEMEINDE:15089175,"Hecklingen, Stadt",party:F11,6,0,9,9,0
WAHLBEZIRK->GEMEINDE,lsa:GEMEINDE:15089175,"Hecklingen, Stadt",party:F12,6,0,29,29,0
WAHLBEZIRK->GEMEINDE,lsa:GEMEINDE:15089175,"Hecklingen, Stadt",party:F15,6,0,243,243,0
WAHLBEZIRK->GEMEINDE,lsa:GEMEINDE:15089175,"Hecklingen, Stadt",party:F19,6,0,6,6,0
WAHLBEZIRK->GEMEINDE,lsa:GEMEINDE:15089175,"Hecklingen, Stadt",party:F2,6,0,2432,2432,0
WAHLBEZIRK->GEMEINDE,lsa:GEMEINDE:15089175,"Hecklingen, Stadt",party:F20,6,0,6,6,0
WAHLBEZIRK->GEMEINDE,lsa:GEMEINDE:15089175,"Hecklingen, Stadt",party:F3,6,0,312,312,0
WAHLBEZIRK->GEMEINDE,lsa:GEMEINDE:15089175,"Hecklingen, Stadt",party:F4,6,0,238,238,0
WAHLBEZIRK->GEMEINDE,lsa:GEMEINDE:15089175,"Hecklingen, Stadt",party:F5,6,0,73,73,0
WAHLBEZIRK->GEMEINDE,lsa:GEMEINDE:15089175,"Hecklingen, Stadt",party:F6,6,0,157,157,0
WAHLBEZIRK->GEMEINDE,lsa:GEMEINDE:15089175,"Hecklingen, Stadt",party:F7,6,0,50,50,0
WAHLBEZIRK->GEMEINDE,lsa:GEMEINDE:15089175,"Hecklingen, Stadt",party:F8,6,0,4,4,0
WAHLBEZIRK->GEMEINDE,lsa:GEMEINDE:15089175,"Hecklingen, Stadt",party:F9,6,0,61,61,0
WAHLBEZIRK->GEMEINDE,lsa:GEMEINDE:15089185,Ilberstedt,reported_precincts,2,0,2,2,0
WAHLBEZIRK->GEMEINDE,lsa:GEMEINDE:15089185,Ilberstedt,total_precincts,2,0,2,2,0
WAHLBEZIRK->GEMEINDE,lsa:GEMEINDE:15089185,Ilberstedt,voters_total,2,0,699,699,0
WAHLBEZIRK->GEMEINDE,lsa:GEMEINDE:15089185,Ilberstedt,valid_votes_erst,2,0,688,688,0
WAHLBEZIRK->GEMEINDE,lsa:GEMEINDE:15089185,Ilberstedt,valid_votes_zweit,2,0,691,691,0
WAHLBEZIRK->GEMEINDE,lsa:GEMEINDE:15089185,Ilberstedt,party:D1,2,0,126,126,0
WAHLBEZIRK->GEMEINDE,lsa:GEMEINDE:15089185,Ilberstedt,party:D2,2,0,413,413,0
WAHLBEZIRK->GEMEINDE,lsa:GEMEINDE:15089185,Ilberstedt,party:D3,2,0,69,69,0
WAHLBEZIRK->GEMEINDE,lsa:GEMEINDE:15089185,Ilberstedt,party:D4,2,0,34,34,0
WAHLBEZIRK->GEMEINDE,lsa:GEMEINDE:15089185,Ilberstedt,party:D5,2,0,34,34,0
WAHLBEZIRK->GEMEINDE,lsa:GEMEINDE:15089185,Ilberstedt,party:D6,2,0,12,12,0
WAHLBEZIRK->GEMEINDE,lsa:GEMEINDE:15089185,Ilberstedt,party:F1,2,0,102,102,0
WAHLBEZIRK->GEMEINDE,lsa:GEMEINDE:15089185,Ilberstedt,party:F10,2,0,5,5,0
WAHLBEZIRK->GEMEINDE,lsa:GEMEINDE:15089185,Ilberstedt,party:F11,2,0,1,1,0
WAHLBEZIRK->GEMEINDE,lsa:GEMEINDE:15089185,Ilberstedt,party:F12,2,0,2,2,0
WAHLBEZIRK->GEMEINDE,lsa:GEMEINDE:15089185,Ilberstedt,party:F15,2,0,29,29,0
WAHLBEZIRK->GEMEINDE,lsa:GEMEINDE:15089185,Ilberstedt,party:F19,2,0,1,1,0
WAHLBEZIRK->GEMEINDE,lsa:GEMEINDE:15089185,Ilberstedt,party:F2,2,0,399,399,0
WAHLBEZIRK->GEMEINDE,lsa:GEMEINDE:15089185,Ilberstedt,party:F20,2,0,0,0,0
WAHLBEZIRK->GEMEINDE,lsa:GEMEINDE:15089185,Ilberstedt,party:F3,2,0,61,61,0
WAHLBEZIRK->GEMEINDE,lsa:GEMEINDE:15089185,Ilberstedt,party:F4,2,0,35,35,0
WAHLBEZIRK->GEMEINDE,lsa:GEMEINDE:15089185,Ilberstedt,party:F5,2,0,19,19,0
WAHLBEZIRK->GEMEINDE,lsa:GEMEINDE:15089185,Ilberstedt,party:F6,2,0,25,25,0
WAHLBEZIRK->GEMEINDE,lsa:GEMEINDE:15089185,Ilberstedt,party:F7,2,0,6,6,0
WAHLBEZIRK->GEMEINDE,lsa:GEMEINDE:15089185,Ilberstedt,party:F8,2,0,1,1,0
WAHLBEZIRK->GEMEINDE,lsa:GEMEINDE:15089185,Ilberstedt,party:F9,2,0,5,5,0
WAHLBEZIRK->GEMEINDE,lsa:GEMEINDE:15089195,"Könnern, Stadt",reported_precincts,11,0,11,11,0
WAHLBEZIRK->GEMEINDE,lsa:GEMEINDE:15089195,"Könnern, Stadt",total_precincts,11,0,11,11,0
WAHLBEZIRK->GEMEINDE,lsa:GEMEINDE:15089195,"Könnern, Stadt",voters_total,11,0,5051,5051,0
WAHLBEZIRK->GEMEINDE,lsa:GEMEINDE:15089195,"Könnern, Stadt",valid_votes_erst,11,0,4977,4977,0
WAHLBEZIRK->GEMEINDE,lsa:GEMEINDE:15089195,"Könnern, Stadt",valid_votes_zweit,11,0,5000,5000,0
WAHLBEZIRK->GEMEINDE,lsa:GEMEINDE:15089195,"Könnern, Stadt",party:D1,11,0,961,961,0
WAHLBEZIRK->GEMEINDE,lsa:GEMEINDE:15089195,"Könnern, Stadt",party:D2,11,0,2793,2793,0
WAHLBEZIRK->GEMEINDE,lsa:GEMEINDE:15089195,"Könnern, Stadt",party:D3,11,0,422,422,0
WAHLBEZIRK->GEMEINDE,lsa:GEMEINDE:15089195,"Könnern, Stadt",party:D4,11,0,344,344,0
WAHLBEZIRK->GEMEINDE,lsa:GEMEINDE:15089195,"Könnern, Stadt",party:D5,11,0,374,374,0
WAHLBEZIRK->GEMEINDE,lsa:GEMEINDE:15089195,"Könnern, Stadt",party:D6,11,0,83,83,0
WAHLBEZIRK->GEMEINDE,lsa:GEMEINDE:15089195,"Könnern, Stadt",party:F1,11,0,772,772,0
WAHLBEZIRK->GEMEINDE,lsa:GEMEINDE:15089195,"Könnern, Stadt",party:F10,11,0,22,22,0
WAHLBEZIRK->GEMEINDE,lsa:GEMEINDE:15089195,"Könnern, Stadt",party:F11,11,0,13,13,0
WAHLBEZIRK->GEMEINDE,lsa:GEMEINDE:15089195,"Könnern, Stadt",party:F12,11,0,30,30,0
WAHLBEZIRK->GEMEINDE,lsa:GEMEINDE:15089195,"Könnern, Stadt",party:F15,11,0,261,261,0
WAHLBEZIRK->GEMEINDE,lsa:GEMEINDE:15089195,"Könnern, Stadt",party:F19,11,0,7,7,0
WAHLBEZIRK->GEMEINDE,lsa:GEMEINDE:15089195,"Könnern, Stadt",party:F2,11,0,2703,2703,0
WAHLBEZIRK->GEMEINDE,lsa:GEMEINDE:15089195,"Könnern, Stadt",party:F20,11,0,19,19,0
WAHLBEZIRK->GEMEINDE,lsa:GEMEINDE:15089195,"Könnern, Stadt",party:F3,11,0,331,331,0
WAHLBEZIRK->GEMEINDE,lsa:GEMEINDE:15089195,"Könnern, Stadt",party:F4,11,0,305,305,0
WAHLBEZIRK->GEMEINDE,lsa:GEMEINDE:15089195,"Könnern, Stadt",party:F5,11,0,199,199,0
WAHLBEZIRK->GEMEINDE,lsa:GEMEINDE:15089195,"Könnern, Stadt",party:F6,11,0,217,217,0
WAHLBEZIRK->GEMEINDE,lsa:GEMEINDE:15089195,"Könnern, Stadt",party:F7,11,0,57,57,0
WAHLBEZIRK->GEMEINDE,lsa:GEMEINDE:15089195,"Könnern, Stadt",party:F8,11,0,4,4,0
WAHLBEZIRK->GEMEINDE,lsa:GEMEINDE:15089195,"Könnern, Stadt",party:F9,11,0,60,60,0
WAHLBEZIRK->GEMEINDE,lsa:GEMEINDE:15089235,"Nienburg (Saale), Stadt",reported_precincts,9,0,9,9,0
WAHLBEZIRK->GEMEINDE,lsa:GEMEINDE:15089235,"Nienburg (Saale), Stadt",total_precincts,9,0,9,9,0
WAHLBEZIRK->GEMEINDE,lsa:GEMEINDE:15089235,"Nienburg (Saale), Stadt",voters_total,9,0,3975,3975,0
WAHLBEZIRK->GEMEINDE,lsa:GEMEINDE:15089235,"Nienburg (Saale), Stadt",valid_votes_erst,9,0,3928,3928,0
WAHLBEZIRK->GEMEINDE,lsa:GEMEINDE:15089235,"Nienburg (Saale), Stadt",valid_votes_zweit,9,0,3928,3928,0
WAHLBEZIRK->GEMEINDE,lsa:GEMEINDE:15089235,"Nienburg (Saale), Stadt",party:D1,9,0,905,905,0
WAHLBEZIRK->GEMEINDE,lsa:GEMEINDE:15089235,"Nienburg (Saale), Stadt",party:D2,9,0,2203,2203,0
WAHLBEZIRK->GEMEINDE,lsa:GEMEINDE:15089235,"Nienburg (Saale), Stadt",party:D3,9,0,300,300,0
WAHLBEZIRK->GEMEINDE,lsa:GEMEINDE:15089235,"Nienburg (Saale), Stadt",party:D4,9,0,210,210,0
WAHLBEZIRK->GEMEINDE,lsa:GEMEINDE:15089235,"Nienburg (Saale), Stadt",party:D5,9,0,253,253,0
WAHLBEZIRK->GEMEINDE,lsa:GEMEINDE:15089235,"Nienburg (Saale), Stadt",party:D6,9,0,57,57,0
WAHLBEZIRK->GEMEINDE,lsa:GEMEINDE:15089235,"Nienburg (Saale), Stadt",party:F1,9,0,678,678,0
WAHLBEZIRK->GEMEINDE,lsa:GEMEINDE:15089235,"Nienburg (Saale), Stadt",party:F10,9,0,17,17,0
WAHLBEZIRK->GEMEINDE,lsa:GEMEINDE:15089235,"Nienburg (Saale), Stadt",party:F11,9,0,4,4,0
WAHLBEZIRK->GEMEINDE,lsa:GEMEINDE:15089235,"Nienburg (Saale), Stadt",party:F12,9,0,18,18,0
WAHLBEZIRK->GEMEINDE,lsa:GEMEINDE:15089235,"Nienburg (Saale), Stadt",party:F15,9,0,180,180,0
WAHLBEZIRK->GEMEINDE,lsa:GEMEINDE:15089235,"Nienburg (Saale), Stadt",party:F19,9,0,6,6,0
WAHLBEZIRK->GEMEINDE,lsa:GEMEINDE:15089235,"Nienburg (Saale), Stadt",party:F2,9,0,2117,2117,0
WAHLBEZIRK->GEMEINDE,lsa:GEMEINDE:15089235,"Nienburg (Saale), Stadt",party:F20,9,0,23,23,0
WAHLBEZIRK->GEMEINDE,lsa:GEMEINDE:15089235,"Nienburg (Saale), Stadt",party:F3,9,0,230,230,0
WAHLBEZIRK->GEMEINDE,lsa:GEMEINDE:15089235,"Nienburg (Saale), Stadt",party:F4,9,0,263,263,0
WAHLBEZIRK->GEMEINDE,lsa:GEMEINDE:15089235,"Nienburg (Saale), Stadt",party:F5,9,0,158,158,0
WAHLBEZIRK->GEMEINDE,lsa:GEMEINDE:15089235,"Nienburg (Saale), Stadt",party:F6,9,0,137,137,0
WAHLBEZIRK->GEMEINDE,lsa:GEMEINDE:15089235,"Nienburg (Saale), Stadt",party:F7,9,0,39,39,0
WAHLBEZIRK->GEMEINDE,lsa:GEMEINDE:15089235,"Nienburg (Saale), Stadt",party:F8,9,0,3,3,0
WAHLBEZIRK->GEMEINDE,lsa:GEMEINDE:15089235,"Nienburg (Saale), Stadt",party:F9,9,0,55,55,0
WAHLBEZIRK->GEMEINDE,lsa:GEMEINDE:15089245,Plötzkau,reported_precincts,4,0,4,4,0
WAHLBEZIRK->GEMEINDE,lsa:GEMEINDE:15089245,Plötzkau,total_precincts,4,0,4,4,0
WAHLBEZIRK->GEMEINDE,lsa:GEMEINDE:15089245,Plötzkau,voters_total,4,0,803,803,0
WAHLBEZIRK->GEMEINDE,lsa:GEMEINDE:15089245,Plötzkau,valid_votes_erst,4,0,796,796,0
WAHLBEZIRK->GEMEINDE,lsa:GEMEINDE:15089245,Plötzkau,valid_votes_zweit,4,0,796,796,0
WAHLBEZIRK->GEMEINDE,lsa:GEMEINDE:15089245,Plötzkau,party:D1,4,0,129,129,0
WAHLBEZIRK->GEMEINDE,lsa:GEMEINDE:15089245,Plötzkau,party:D2,4,0,515,515,0
WAHLBEZIRK->GEMEINDE,lsa:GEMEINDE:15089245,Plötzkau,party:D3,4,0,54,54,0
WAHLBEZIRK->GEMEINDE,lsa:GEMEINDE:15089245,Plötzkau,party:D4,4,0,38,38,0
WAHLBEZIRK->GEMEINDE,lsa:GEMEINDE:15089245,Plötzkau,party:D5,4,0,42,42,0
WAHLBEZIRK->GEMEINDE,lsa:GEMEINDE:15089245,Plötzkau,party:D6,4,0,18,18,0
WAHLBEZIRK->GEMEINDE,lsa:GEMEINDE:15089245,Plötzkau,party:F1,4,0,93,93,0
WAHLBEZIRK->GEMEINDE,lsa:GEMEINDE:15089245,Plötzkau,party:F10,4,0,6,6,0
WAHLBEZIRK->GEMEINDE,lsa:GEMEINDE:15089245,Plötzkau,party:F11,4,0,2,2,0
WAHLBEZIRK->GEMEINDE,lsa:GEMEINDE:15089245,Plötzkau,party:F12,4,0,3,3,0
WAHLBEZIRK->GEMEINDE,lsa:GEMEINDE:15089245,Plötzkau,party:F15,4,0,34,34,0
WAHLBEZIRK->GEMEINDE,lsa:GEMEINDE:15089245,Plötzkau,party:F19,4,0,1,1,0
WAHLBEZIRK->GEMEINDE,lsa:GEMEINDE:15089245,Plötzkau,party:F2,4,0,500,500,0
WAHLBEZIRK->GEMEINDE,lsa:GEMEINDE:15089245,Plötzkau,party:F20,4,0,0,0,0
WAHLBEZIRK->GEMEINDE,lsa:GEMEINDE:15089245,Plötzkau,party:F3,4,0,37,37,0
WAHLBEZIRK->GEMEINDE,lsa:GEMEINDE:15089245,Plötzkau,party:F4,4,0,48,48,0
WAHLBEZIRK->GEMEINDE,lsa:GEMEINDE:15089245,Plötzkau,party:F5,4,0,28,28,0
WAHLBEZIRK->GEMEINDE,lsa:GEMEINDE:15089245,Plötzkau,party:F6,4,0,24,24,0
WAHLBEZIRK->GEMEINDE,lsa:GEMEINDE:15089245,Plötzkau,party:F7,4,0,9,9,0
WAHLBEZIRK->GEMEINDE,lsa:GEMEINDE:15089245,Plötzkau,party:F8,4,0,2,2,0
WAHLBEZIRK->GEMEINDE,lsa:GEMEINDE:15089245,Plötzkau,party:F9,4,0,9,9,0
WAHLBEZIRK->GEMEINDE,lsa:GEMEINDE:15089305,"Schönebeck (Elbe), Stadt",reported_precincts,26,0,26,26,0
WAHLBEZIRK->GEMEINDE,lsa:GEMEINDE:15089305,"Schönebeck (Elbe), Stadt",total_precincts,26,0,26,26,0
WAHLBEZIRK->GEMEINDE,lsa:GEMEINDE:15089305,"Schönebeck (Elbe), Stadt",voters_total,26,0,18046,18046,0
WAHLBEZIRK->GEMEINDE,lsa:GEMEINDE:15089305,"Schönebeck (Elbe), Stadt",valid_votes_erst,26,0,17834,17834,0
WAHLBEZIRK->GEMEINDE,lsa:GEMEINDE:15089305,"Schönebeck (Elbe), Stadt",valid_votes_zweit,26,0,17866,17866,0
WAHLBEZIRK->GEMEINDE,lsa:GEMEINDE:15089305,"Schönebeck (Elbe), Stadt",party:D1,26,0,4086,4086,0
WAHLBEZIRK->GEMEINDE,lsa:GEMEINDE:15089305,"Schönebeck (Elbe), Stadt",party:D15,26,0,802,802,0
WAHLBEZIRK->GEMEINDE,lsa:GEMEINDE:15089305,"Schönebeck (Elbe), Stadt",party:D2,26,0,8277,8277,0
WAHLBEZIRK->GEMEINDE,lsa:GEMEINDE:15089305,"Schönebeck (Elbe), Stadt",party:D3,26,0,1849,1849,0
WAHLBEZIRK->GEMEINDE,lsa:GEMEINDE:15089305,"Schönebeck (Elbe), Stadt",party:D4,26,0,1706,1706,0
WAHLBEZIRK->GEMEINDE,lsa:GEMEINDE:15089305,"Schönebeck (Elbe), Stadt",party:D5,26,0,637,637,0
WAHLBEZIRK->GEMEINDE,lsa:GEMEINDE:15089305,"Schönebeck (Elbe), Stadt",party:D6,26,0,477,477,0
WAHLBEZIRK->GEMEINDE,lsa:GEMEINDE:15089305,"Schönebeck (Elbe), Stadt",party:F1,26,0,3101,3101,0
WAHLBEZIRK->GEMEINDE,lsa:GEMEINDE:15089305,"Schönebeck (Elbe), Stadt",party:F10,26,0,106,106,0
WAHLBEZIRK->GEMEINDE,lsa:GEMEINDE:15089305,"Schönebeck (Elbe), Stadt",party:F11,26,0,38,38,0
WAHLBEZIRK->GEMEINDE,lsa:GEMEINDE:15089305,"Schönebeck (Elbe), Stadt",party:F12,26,0,115,115,0
WAHLBEZIRK->GEMEINDE,lsa:GEMEINDE:15089305,"Schönebeck (Elbe), Stadt",party:F15,26,0,987,987,0
WAHLBEZIRK->GEMEINDE,lsa:GEMEINDE:15089305,"Schönebeck (Elbe), Stadt",party:F19,26,0,32,32,0
WAHLBEZIRK->GEMEINDE,lsa:GEMEINDE:15089305,"Schönebeck (Elbe), Stadt",party:F2,26,0,8109,8109,0
WAHLBEZIRK->GEMEINDE,lsa:GEMEINDE:15089305,"Schönebeck (Elbe), Stadt",party:F20,26,0,61,61,0
WAHLBEZIRK->GEMEINDE,lsa:GEMEINDE:15089305,"Schönebeck (Elbe), Stadt",party:F3,26,0,1562,1562,0
WAHLBEZIRK->GEMEINDE,lsa:GEMEINDE:15089305,"Schönebeck (Elbe), Stadt",party:F4,26,0,1646,1646,0
WAHLBEZIRK->GEMEINDE,lsa:GEMEINDE:15089305,"Schönebeck (Elbe), Stadt",party:F5,26,0,479,479,0
WAHLBEZIRK->GEMEINDE,lsa:GEMEINDE:15089305,"Schönebeck (Elbe), Stadt",party:F6,26,0,1234,1234,0
WAHLBEZIRK->GEMEINDE,lsa:GEMEINDE:15089305,"Schönebeck (Elbe), Stadt",party:F7,26,0,116,116,0
WAHLBEZIRK->GEMEINDE,lsa:GEMEINDE:15089305,"Schönebeck (Elbe), Stadt",party:F8,26,0,31,31,0
WAHLBEZIRK->GEMEINDE,lsa:GEMEINDE:15089305,"Schönebeck (Elbe), Stadt",party:F9,26,0,249,249,0
WAHLBEZIRK->GEMEINDE,lsa:GEMEINDE:15089307,"Seeland, Stadt",reported_precincts,7,0,7,7,0
WAHLBEZIRK->GEMEINDE,lsa:GEMEINDE:15089307,"Seeland, Stadt",total_precincts,7,0,7,7,0
WAHLBEZIRK->GEMEINDE,lsa:GEMEINDE:15089307,"Seeland, Stadt",voters_total,7,0,4830,4830,0
WAHLBEZIRK->GEMEINDE,lsa:GEMEINDE:15089307,"Seeland, Stadt",valid_votes_erst,7,0,4763,4763,0
WAHLBEZIRK->GEMEINDE,lsa:GEMEINDE:15089307,"Seeland, Stadt",valid_votes_zweit,7,0,4776,4776,0
WAHLBEZIRK->GEMEINDE,lsa:GEMEINDE:15089307,"Seeland, Stadt",party:D1,7,0,1009,1009,0
WAHLBEZIRK->GEMEINDE,lsa:GEMEINDE:15089307,"Seeland, Stadt",party:D15,7,0,387,387,0
WAHLBEZIRK->GEMEINDE,lsa:GEMEINDE:15089307,"Seeland, Stadt",party:D19,7,0,42,42,0
WAHLBEZIRK->GEMEINDE,lsa:GEMEINDE:15089307,"Seeland, Stadt",party:D2,7,0,2402,2402,0
WAHLBEZIRK->GEMEINDE,lsa:GEMEINDE:15089307,"Seeland, Stadt",party:D3,7,0,388,388,0
WAHLBEZIRK->GEMEINDE,lsa:GEMEINDE:15089307,"Seeland, Stadt",party:D4,7,0,321,321,0
WAHLBEZIRK->GEMEINDE,lsa:GEMEINDE:15089307,"Seeland, Stadt",party:D5,7,0,106,106,0
WAHLBEZIRK->GEMEINDE,lsa:GEMEINDE:15089307,"Seeland, Stadt",party:D6,7,0,108,108,0
WAHLBEZIRK->GEMEINDE,lsa:GEMEINDE:15089307,"Seeland, Stadt",party:F1,7,0,860,860,0
WAHLBEZIRK->GEMEINDE,lsa:GEMEINDE:15089307,"Seeland, Stadt",party:F10,7,0,18,18,0
WAHLBEZIRK->GEMEINDE,lsa:GEMEINDE:15089307,"Seeland, Stadt",party:F11,7,0,8,8,0
WAHLBEZIRK->GEMEINDE,lsa:GEMEINDE:15089307,"Seeland, Stadt",party:F12,7,0,21,21,0
WAHLBEZIRK->GEMEINDE,lsa:GEMEINDE:15089307,"Seeland, Stadt",party:F15,7,0,342,342,0
WAHLBEZIRK->GEMEINDE,lsa:GEMEINDE:15089307,"Seeland, Stadt",party:F19,7,0,17,17,0
WAHLBEZIRK->GEMEINDE,lsa:GEMEINDE:15089307,"Seeland, Stadt",party:F2,7,0,2413,2413,0
WAHLBEZIRK->GEMEINDE,lsa:GEMEINDE:15089307,"Seeland, Stadt",party:F20,7,0,13,13,0
WAHLBEZIRK->GEMEINDE,lsa:GEMEINDE:15089307,"Seeland, Stadt",party:F3,7,0,347,347,0
WAHLBEZIRK->GEMEINDE,lsa:GEMEINDE:15089307,"Seeland, Stadt",party:F4,7,0,321,321,0
WAHLBEZIRK->GEMEINDE,lsa:GEMEINDE:15089307,"Seeland, Stadt",party:F5,7,0,96,96,0
WAHLBEZIRK->GEMEINDE,lsa:GEMEINDE:15089307,"Seeland, Stadt",party:F6,7,0,237,237,0
WAHLBEZIRK->GEMEINDE,lsa:GEMEINDE:15089307,"Seeland, Stadt",party:F7,7,0,33,33,0
WAHLBEZIRK->GEMEINDE,lsa:GEMEINDE:15089307,"Seeland, Stadt",party:F8,7,0,4,4,0
WAHLBEZIRK->GEMEINDE,lsa:GEMEINDE:15089307,"Seeland, Stadt",party:F9,7,0,46,46,0
WAHLBEZIRK->GEMEINDE,lsa:GEMEINDE:15089310,"Staßfurt, Salzstadt",reported_precincts,19,0,19,19,0
WAHLBEZIRK->GEMEINDE,lsa:GEMEINDE:15089310,"Staßfurt, Salzstadt",total_precincts,19,0,19,19,0
WAHLBEZIRK->GEMEINDE,lsa:GEMEINDE:15089310,"Staßfurt, Salzstadt",voters_total,19,0,14318,14318,0
WAHLBEZIRK->GEMEINDE,lsa:GEMEINDE:15089310,"Staßfurt, Salzstadt",valid_votes_erst,19,0,14171,14171,0
WAHLBEZIRK->GEMEINDE,lsa:GEMEINDE:15089310,"Staßfurt, Salzstadt",valid_votes_zweit,19,0,14181,14181,0
WAHLBEZIRK->GEMEINDE,lsa:GEMEINDE:15089310,"Staßfurt, Salzstadt",party:D1,19,0,3392,3392,0
WAHLBEZIRK->GEMEINDE,lsa:GEMEINDE:15089310,"Staßfurt, Salzstadt",party:D15,19,0,796,796,0
WAHLBEZIRK->GEMEINDE,lsa:GEMEINDE:15089310,"Staßfurt, Salzstadt",party:D2,19,0,7597,7597,0
WAHLBEZIRK->GEMEINDE,lsa:GEMEINDE:15089310,"Staßfurt, Salzstadt",party:D3,19,0,1099,1099,0
WAHLBEZIRK->GEMEINDE,lsa:GEMEINDE:15089310,"Staßfurt, Salzstadt",party:D4,19,0,659,659,0
WAHLBEZIRK->GEMEINDE,lsa:GEMEINDE:15089310,"Staßfurt, Salzstadt",party:D5,19,0,377,377,0
WAHLBEZIRK->GEMEINDE,lsa:GEMEINDE:15089310,"Staßfurt, Salzstadt",party:D6,19,0,251,251,0
WAHLBEZIRK->GEMEINDE,lsa:GEMEINDE:15089310,"Staßfurt, Salzstadt",party:F1,19,0,2410,2410,0
WAHLBEZIRK->GEMEINDE,lsa:GEMEINDE:15089310,"Staßfurt, Salzstadt",party:F10,19,0,86,86,0
WAHLBEZIRK->GEMEINDE,lsa:GEMEINDE:15089310,"Staßfurt, Salzstadt",party:F11,19,0,17,17,0
WAHLBEZIRK->GEMEINDE,lsa:GEMEINDE:15089310,"Staßfurt, Salzstadt",party:F12,19,0,86,86,0
WAHLBEZIRK->GEMEINDE,lsa:GEMEINDE:15089310,"Staßfurt, Salzstadt",party:F15,19,0,753,753,0
WAHLBEZIRK->GEMEINDE,lsa:GEMEINDE:15089310,"Staßfurt, Salzstadt",party:F19,19,0,25,25,0
WAHLBEZIRK->GEMEINDE,lsa:GEMEINDE:15089310,"Staßfurt, Salzstadt",party:F2,19,0,7618,7618,0
WAHLBEZIRK->GEMEINDE,lsa:GEMEINDE:15089310,"Staßfurt, Salzstadt",party:F20,19,0,37,37,0
WAHLBEZIRK->GEMEINDE,lsa:GEMEINDE:15089310,"Staßfurt, Salzstadt",party:F3,19,0,1086,1086,0
WAHLBEZIRK->GEMEINDE,lsa:GEMEINDE:15089310,"Staßfurt, Salzstadt",party:F4,19,0,930,930,0
WAHLBEZIRK->GEMEINDE,lsa:GEMEINDE:15089310,"Staßfurt, Salzstadt",party:F5,19,0,318,318,0
WAHLBEZIRK->GEMEINDE,lsa:GEMEINDE:15089310,"Staßfurt, Salzstadt",party:F6,19,0,539,539,0
WAHLBEZIRK->GEMEINDE,lsa:GEMEINDE:15089310,"Staßfurt, Salzstadt",party:F7,19,0,104,104,0
WAHLBEZIRK->GEMEINDE,lsa:GEMEINDE:15089310,"Staßfurt, Salzstadt",party:F8,19,0,9,9,0
WAHLBEZIRK->GEMEINDE,lsa:GEMEINDE:15089310,"Staßfurt, Salzstadt",party:F9,19,0,163,163,0
WAHLBEZIRK->GEMEINDE,lsa:GEMEINDE:15089365,Wolmirsleben,reported_precincts,2,0,2,2,0
WAHLBEZIRK->GEMEINDE,lsa:GEMEINDE:15089365,Wolmirsleben,total_precincts,2,0,2,2,0
WAHLBEZIRK->GEMEINDE,lsa:GEMEINDE:15089365,Wolmirsleben,voters_total,2,0,941,941,0
WAHLBEZIRK->GEMEINDE,lsa:GEMEINDE:15089365,Wolmirsleben,valid_votes_erst,2,0,933,933,0
WAHLBEZIRK->GEMEINDE,lsa:GEMEINDE:15089365,Wolmirsleben,valid_votes_zweit,2,0,932,932,0
WAHLBEZIRK->GEMEINDE,lsa:GEMEINDE:15089365,Wolmirsleben,party:D1,2,0,292,292,0
WAHLBEZIRK->GEMEINDE,lsa:GEMEINDE:15089365,Wolmirsleben,party:D15,2,0,50,50,0
WAHLBEZIRK->GEMEINDE,lsa:GEMEINDE:15089365,Wolmirsleben,party:D2,2,0,481,481,0
WAHLBEZIRK->GEMEINDE,lsa:GEMEINDE:15089365,Wolmirsleben,party:D3,2,0,52,52,0
WAHLBEZIRK->GEMEINDE,lsa:GEMEINDE:15089365,Wolmirsleben,party:D4,2,0,34,34,0
WAHLBEZIRK->GEMEINDE,lsa:GEMEINDE:15089365,Wolmirsleben,party:D5,2,0,15,15,0
WAHLBEZIRK->GEMEINDE,lsa:GEMEINDE:15089365,Wolmirsleben,party:D6,2,0,9,9,0
WAHLBEZIRK->GEMEINDE,lsa:GEMEINDE:15089365,Wolmirsleben,party:F1,2,0,164,164,0
WAHLBEZIRK->GEMEINDE,lsa:GEMEINDE:15089365,Wolmirsleben,party:F10,2,0,4,4,0
WAHLBEZIRK->GEMEINDE,lsa:GEMEINDE:15089365,Wolmirsleben,party:F11,2,0,1,1,0
WAHLBEZIRK->GEMEINDE,lsa:GEMEINDE:15089365,Wolmirsleben,party:F12,2,0,4,4,0
WAHLBEZIRK->GEMEINDE,lsa:GEMEINDE:15089365,Wolmirsleben,party:F15,2,0,55,55,0
WAHLBEZIRK->GEMEINDE,lsa:GEMEINDE:15089365,Wolmirsleben,party:F19,2,0,2,2,0
WAHLBEZIRK->GEMEINDE,lsa:GEMEINDE:15089365,Wolmirsleben,party:F2,2,0,497,497,0
WAHLBEZIRK->GEMEINDE,lsa:GEMEINDE:15089365,Wolmirsleben,party:F20,2,0,1,1,0
WAHLBEZIRK->GEMEINDE,lsa:GEMEINDE:15089365,Wolmirsleben,party:F3,2,0,68,68,0
WAHLBEZIRK->GEMEINDE,lsa:GEMEINDE:15089365,Wolmirsleben,party:F4,2,0,60,60,0
WAHLBEZIRK->GEMEINDE,lsa:GEMEINDE:15089365,Wolmirsleben,party:F5,2,0,10,10,0
WAHLBEZIRK->GEMEINDE,lsa:GEMEINDE:15089365,Wolmirsleben,party:F6,2,0,52,52,0
WAHLBEZIRK->GEMEINDE,lsa:GEMEINDE:15089365,Wolmirsleben,party:F7,2,0,6,6,0
WAHLBEZIRK->GEMEINDE,lsa:GEMEINDE:15089365,Wolmirsleben,party:F8,2,0,0,0,0
WAHLBEZIRK->GEMEINDE,lsa:GEMEINDE:15089365,Wolmirsleben,party:F9,2,0,8,8,0
WAHLBEZIRK->GEMEINDE,lsa:GEMEINDE:15090003,Aland,reported_precincts,5,0,5,5,0
WAHLBEZIRK->GEMEINDE,lsa:GEMEINDE:15090003,Aland,total_precincts,5,0,5,5,0
WAHLBEZIRK->GEMEINDE,lsa:GEMEINDE:15090003,Aland,voters_total,5,0,930,930,0
WAHLBEZIRK->GEMEINDE,lsa:GEMEINDE:15090003,Aland,valid_votes_erst,5,0,919,919,0
WAHLBEZIRK->GEMEINDE,lsa:GEMEINDE:15090003,Aland,valid_votes_zweit,5,0,920,920,0
WAHLBEZIRK->GEMEINDE,lsa:GEMEINDE:15090003,Aland,party:D1,5,0,205,205,0
WAHLBEZIRK->GEMEINDE,lsa:GEMEINDE:15090003,Aland,party:D15,5,0,36,36,0
WAHLBEZIRK->GEMEINDE,lsa:GEMEINDE:15090003,Aland,party:D2,5,0,440,440,0
WAHLBEZIRK->GEMEINDE,lsa:GEMEINDE:15090003,Aland,party:D3,5,0,124,124,0
WAHLBEZIRK->GEMEINDE,lsa:GEMEINDE:15090003,Aland,party:D4,5,0,53,53,0
WAHLBEZIRK->GEMEINDE,lsa:GEMEINDE:15090003,Aland,party:D5,5,0,23,23,0
WAHLBEZIRK->GEMEINDE,lsa:GEMEINDE:15090003,Aland,party:D6,5,0,38,38,0
WAHLBEZIRK->GEMEINDE,lsa:GEMEINDE:15090003,Aland,party:F1,5,0,141,141,0
WAHLBEZIRK->GEMEINDE,lsa:GEMEINDE:15090003,Aland,party:F10,5,0,5,5,0
WAHLBEZIRK->GEMEINDE,lsa:GEMEINDE:15090003,Aland,party:F11,5,0,3,3,0
WAHLBEZIRK->GEMEINDE,lsa:GEMEINDE:15090003,Aland,party:F12,5,0,3,3,0
WAHLBEZIRK->GEMEINDE,lsa:GEMEINDE:15090003,Aland,party:F15,5,0,42,42,0
WAHLBEZIRK->GEMEINDE,lsa:GEMEINDE:15090003,Aland,party:F19,5,0,1,1,0
WAHLBEZIRK->GEMEINDE,lsa:GEMEINDE:15090003,Aland,party:F2,5,0,432,432,0
WAHLBEZIRK->GEMEINDE,lsa:GEMEINDE:15090003,Aland,party:F20,5,0,2,2,0
WAHLBEZIRK->GEMEINDE,lsa:GEMEINDE:15090003,Aland,party:F3,5,0,91,91,0
WAHLBEZIRK->GEMEINDE,lsa:GEMEINDE:15090003,Aland,party:F4,5,0,80,80,0
WAHLBEZIRK->GEMEINDE,lsa:GEMEINDE:15090003,Aland,party:F5,5,0,22,22,0
WAHLBEZIRK->GEMEINDE,lsa:GEMEINDE:15090003,Aland,party:F6,5,0,75,75,0
WAHLBEZIRK->GEMEINDE,lsa:GEMEINDE:15090003,Aland,party:F7,5,0,12,12,0
WAHLBEZIRK->GEMEINDE,lsa:GEMEINDE:15090003,Aland,party:F8,5,0,3,3,0
WAHLBEZIRK->GEMEINDE,lsa:GEMEINDE:15090003,Aland,party:F9,5,0,8,8,0
WAHLBEZIRK->GEMEINDE,lsa:GEMEINDE:15090007,Altmärkische Höhe,reported_precincts,6,0,6,6,0
WAHLBEZIRK->GEMEINDE,lsa:GEMEINDE:15090007,Altmärkische Höhe,total_precincts,6,0,6,6,0
WAHLBEZIRK->GEMEINDE,lsa:GEMEINDE:15090007,Altmärkische Höhe,voters_total,6,0,1189,1189,0
WAHLBEZIRK->GEMEINDE,lsa:GEMEINDE:15090007,Altmärkische Höhe,valid_votes_erst,6,0,1172,1172,0
WAHLBEZIRK->GEMEINDE,lsa:GEMEINDE:15090007,Altmärkische Höhe,valid_votes_zweit,6,0,1176,1176,0
WAHLBEZIRK->GEMEINDE,lsa:GEMEINDE:15090007,Altmärkische Höhe,party:D1,6,0,284,284,0
WAHLBEZIRK->GEMEINDE,lsa:GEMEINDE:15090007,Altmärkische Höhe,party:D15,6,0,68,68,0
WAHLBEZIRK->GEMEINDE,lsa:GEMEINDE:15090007,Altmärkische Höhe,party:D2,6,0,565,565,0
WAHLBEZIRK->GEMEINDE,lsa:GEMEINDE:15090007,Altmärkische Höhe,party:D3,6,0,98,98,0
WAHLBEZIRK->GEMEINDE,lsa:GEMEINDE:15090007,Altmärkische Höhe,party:D4,6,0,92,92,0
WAHLBEZIRK->GEMEINDE,lsa:GEMEINDE:15090007,Altmärkische Höhe,party:D5,6,0,25,25,0
WAHLBEZIRK->GEMEINDE,lsa:GEMEINDE:15090007,Altmärkische Höhe,party:D6,6,0,40,40,0
WAHLBEZIRK->GEMEINDE,lsa:GEMEINDE:15090007,Altmärkische Höhe,party:F1,6,0,226,226,0
WAHLBEZIRK->GEMEINDE,lsa:GEMEINDE:15090007,Altmärkische Höhe,party:F10,6,0,6,6,0
WAHLBEZIRK->GEMEINDE,lsa:GEMEINDE:15090007,Altmärkische Höhe,party:F11,6,0,2,2,0
WAHLBEZIRK->GEMEINDE,lsa:GEMEINDE:15090007,Altmärkische Höhe,party:F12,6,0,3,3,0
WAHLBEZIRK->GEMEINDE,lsa:GEMEINDE:15090007,Altmärkische Höhe,party:F15,6,0,65,65,0
WAHLBEZIRK->GEMEINDE,lsa:GEMEINDE:15090007,Altmärkische Höhe,party:F19,6,0,1,1,0
WAHLBEZIRK->GEMEINDE,lsa:GEMEINDE:15090007,Altmärkische Höhe,party:F2,6,0,556,556,0
WAHLBEZIRK->GEMEINDE,lsa:GEMEINDE:15090007,Altmärkische Höhe,party:F20,6,0,5,5,0
WAHLBEZIRK->GEMEINDE,lsa:GEMEINDE:15090007,Altmärkische Höhe,party:F3,6,0,63,63,0
WAHLBEZIRK->GEMEINDE,lsa:GEMEINDE:15090007,Altmärkische Höhe,party:F4,6,0,122,122,0
WAHLBEZIRK->GEMEINDE,lsa:GEMEINDE:15090007,Altmärkische Höhe,party:F5,6,0,22,22,0
WAHLBEZIRK->GEMEINDE,lsa:GEMEINDE:15090007,Altmärkische Höhe,party:F6,6,0,72,72,0
WAHLBEZIRK->GEMEINDE,lsa:GEMEINDE:15090007,Altmärkische Höhe,party:F7,6,0,14,14,0
WAHLBEZIRK->GEMEINDE,lsa:GEMEINDE:15090007,Altmärkische Höhe,party:F8,6,0,1,1,0
WAHLBEZIRK->GEMEINDE,lsa:GEMEINDE:15090007,Altmärkische Höhe,party:F9,6,0,18,18,0
WAHLBEZIRK->GEMEINDE,lsa:GEMEINDE:15090008,Altmärkische Wische,reported_precincts,5,0,5,5,0
WAHLBEZIRK->GEMEINDE,lsa:GEMEINDE:15090008,Altmärkische Wische,total_precincts,5,0,5,5,0
WAHLBEZIRK->GEMEINDE,lsa:GEMEINDE:15090008,Altmärkische Wische,voters_total,5,0,551,551,0
WAHLBEZIRK->GEMEINDE,lsa:GEMEINDE:15090008,Altmärkische Wische,valid_votes_erst,5,0,545,545,0
WAHLBEZIRK->GEMEINDE,lsa:GEMEINDE:15090008,Altmärkische Wische,valid_votes_zweit,5,0,544,544,0
WAHLBEZIRK->GEMEINDE,lsa:GEMEINDE:15090008,Altmärkische Wische,party:D1,5,0,125,125,0
WAHLBEZIRK->GEMEINDE,lsa:GEMEINDE:15090008,Altmärkische Wische,party:D15,5,0,22,22,0
WAHLBEZIRK->GEMEINDE,lsa:GEMEINDE:15090008,Altmärkische Wische,party:D2,5,0,272,272,0
WAHLBEZIRK->GEMEINDE,lsa:GEMEINDE:15090008,Altmärkische Wische,party:D3,5,0,53,53,0
WAHLBEZIRK->GEMEINDE,lsa:GEMEINDE:15090008,Altmärkische Wische,party:D4,5,0,40,40,0
WAHLBEZIRK->GEMEINDE,lsa:GEMEINDE:15090008,Altmärkische Wische,party:D5,5,0,13,13,0
WAHLBEZIRK->GEMEINDE,lsa:GEMEINDE:15090008,Altmärkische Wische,party:D6,5,0,20,20,0
WAHLBEZIRK->GEMEINDE,lsa:GEMEINDE:15090008,Altmärkische Wische,party:F1,5,0,91,91,0
WAHLBEZIRK->GEMEINDE,lsa:GEMEINDE:15090008,Altmärkische Wische,party:F10,5,0,3,3,0
WAHLBEZIRK->GEMEINDE,lsa:GEMEINDE:15090008,Altmärkische Wische,party:F11,5,0,0,0,0
WAHLBEZIRK->GEMEINDE,lsa:GEMEINDE:15090008,Altmärkische Wische,party:F12,5,0,1,1,0
WAHLBEZIRK->GEMEINDE,lsa:GEMEINDE:15090008,Altmärkische Wische,party:F15,5,0,29,29,0
WAHLBEZIRK->GEMEINDE,lsa:GEMEINDE:15090008,Altmärkische Wische,party:F19,5,0,1,1,0
WAHLBEZIRK->GEMEINDE,lsa:GEMEINDE:15090008,Altmärkische Wische,party:F2,5,0,274,274,0
WAHLBEZIRK->GEMEINDE,lsa:GEMEINDE:15090008,Altmärkische Wische,party:F20,5,0,1,1,0
WAHLBEZIRK->GEMEINDE,lsa:GEMEINDE:15090008,Altmärkische Wische,party:F3,5,0,44,44,0
WAHLBEZIRK->GEMEINDE,lsa:GEMEINDE:15090008,Altmärkische Wische,party:F4,5,0,42,42,0
WAHLBEZIRK->GEMEINDE,lsa:GEMEINDE:15090008,Altmärkische Wische,party:F5,5,0,16,16,0
WAHLBEZIRK->GEMEINDE,lsa:GEMEINDE:15090008,Altmärkische Wische,party:F6,5,0,32,32,0
WAHLBEZIRK->GEMEINDE,lsa:GEMEINDE:15090008,Altmärkische Wische,party:F7,5,0,4,4,0
WAHLBEZIRK->GEMEINDE,lsa:GEMEINDE:15090008,Altmärkische Wische,party:F8,5,0,2,2,0
WAHLBEZIRK->GEMEINDE,lsa:GEMEINDE:15090008,Altmärkische Wische,party:F9,5,0,4,4,0
WAHLBEZIRK->GEMEINDE,lsa:GEMEINDE:15090010,"Arneburg, Stadt",reported_precincts,3,0,3,3,0
WAHLBEZIRK->GEMEINDE,lsa:GEMEINDE:15090010,"Arneburg, Stadt",total_precincts,3,0,3,3,0
WAHLBEZIRK->GEMEINDE,lsa:GEMEINDE:15090010,"Arneburg, Stadt",voters_total,3,0,984,984,0
WAHLBEZIRK->GEMEINDE,lsa:GEMEINDE:15090010,"Arneburg, Stadt",valid_votes_erst,3,0,968,968,0
WAHLBEZIRK->GEMEINDE,lsa:GEMEINDE:15090010,"Arneburg, Stadt",valid_votes_zweit,3,0,971,971,0
WAHLBEZIRK->GEMEINDE,lsa:GEMEINDE:15090010,"Arneburg, Stadt",party:D1,3,0,189,189,0
WAHLBEZIRK->GEMEINDE,lsa:GEMEINDE:15090010,"Arneburg, Stadt",party:D15,3,0,28,28,0
WAHLBEZIRK->GEMEINDE,lsa:GEMEINDE:15090010,"Arneburg, Stadt",party:D2,3,0,445,445,0
WAHLBEZIRK->GEMEINDE,lsa:GEMEINDE:15090010,"Arneburg, Stadt",party:D3,3,0,160,160,0
WAHLBEZIRK->GEMEINDE,lsa:GEMEINDE:15090010,"Arneburg, Stadt",party:D4,3,0,74,74,0
WAHLBEZIRK->GEMEINDE,lsa:GEMEINDE:15090010,"Arneburg, Stadt",party:D5,3,0,35,35,0
WAHLBEZIRK->GEMEINDE,lsa:GEMEINDE:15090010,"Arneburg, Stadt",party:D6,3,0,37,37,0
WAHLBEZIRK->GEMEINDE,lsa:GEMEINDE:15090010,"Arneburg, Stadt",party:F1,3,0,142,142,0
WAHLBEZIRK->GEMEINDE,lsa:GEMEINDE:15090010,"Arneburg, Stadt",party:F10,3,0,8,8,0
WAHLBEZIRK->GEMEINDE,lsa:GEMEINDE:15090010,"Arneburg, Stadt",party:F11,3,0,2,2,0
WAHLBEZIRK->GEMEINDE,lsa:GEMEINDE:15090010,"Arneburg, Stadt",party:F12,3,0,1,1,0
WAHLBEZIRK->GEMEINDE,lsa:GEMEINDE:15090010,"Arneburg, Stadt",party:F15,3,0,39,39,0
WAHLBEZIRK->GEMEINDE,lsa:GEMEINDE:15090010,"Arneburg, Stadt",party:F19,3,0,3,3,0
WAHLBEZIRK->GEMEINDE,lsa:GEMEINDE:15090010,"Arneburg, Stadt",party:F2,3,0,459,459,0
WAHLBEZIRK->GEMEINDE,lsa:GEMEINDE:15090010,"Arneburg, Stadt",party:F20,3,0,3,3,0
WAHLBEZIRK->GEMEINDE,lsa:GEMEINDE:15090010,"Arneburg, Stadt",party:F3,3,0,95,95,0
WAHLBEZIRK->GEMEINDE,lsa:GEMEINDE:15090010,"Arneburg, Stadt",party:F4,3,0,107,107,0
WAHLBEZIRK->GEMEINDE,lsa:GEMEINDE:15090010,"Arneburg, Stadt",party:F5,3,0,25,25,0
WAHLBEZIRK->GEMEINDE,lsa:GEMEINDE:15090010,"Arneburg, Stadt",party:F6,3,0,68,68,0
WAHLBEZIRK->GEMEINDE,lsa:GEMEINDE:15090010,"Arneburg, Stadt",party:F7,3,0,6,6,0
WAHLBEZIRK->GEMEINDE,lsa:GEMEINDE:15090010,"Arneburg, Stadt",party:F8,3,0,1,1,0
WAHLBEZIRK->GEMEINDE,lsa:GEMEINDE:15090010,"Arneburg, Stadt",party:F9,3,0,12,12,0
WAHLBEZIRK->GEMEINDE,lsa:GEMEINDE:15090070,"Bismark (Altmark), Stadt",reported_precincts,23,0,23,23,0
WAHLBEZIRK->GEMEINDE,lsa:GEMEINDE:15090070,"Bismark (Altmark), Stadt",total_precincts,23,0,23,23,0
WAHLBEZIRK->GEMEINDE,lsa:GEMEINDE:15090070,"Bismark (Altmark), Stadt",voters_total,23,0,5282,5282,0
WAHLBEZIRK->GEMEINDE,lsa:GEMEINDE:15090070,"Bismark (Altmark), Stadt",valid_votes_erst,23,0,5216,5216,0
WAHLBEZIRK->GEMEINDE,lsa:GEMEINDE:15090070,"Bismark (Altmark), Stadt",valid_votes_zweit,23,0,5228,5228,0
WAHLBEZIRK->GEMEINDE,lsa:GEMEINDE:15090070,"Bismark (Altmark), Stadt",party:D1,23,0,1245,1245,0
WAHLBEZIRK->GEMEINDE,lsa:GEMEINDE:15090070,"Bismark (Altmark), Stadt",party:D15,23,0,271,271,0
WAHLBEZIRK->GEMEINDE,lsa:GEMEINDE:15090070,"Bismark (Altmark), Stadt",party:D2,23,0,2296,2296,0
WAHLBEZIRK->GEMEINDE,lsa:GEMEINDE:15090070,"Bismark (Altmark), Stadt",party:D3,23,0,481,481,0
WAHLBEZIRK->GEMEINDE,lsa:GEMEINDE:15090070,"Bismark (Altmark), Stadt",party:D4,23,0,519,519,0
WAHLBEZIRK->GEMEINDE,lsa:GEMEINDE:15090070,"Bismark (Altmark), Stadt",party:D5,23,0,222,222,0
WAHLBEZIRK->GEMEINDE,lsa:GEMEINDE:15090070,"Bismark (Altmark), Stadt",party:D6,23,0,182,182,0
WAHLBEZIRK->GEMEINDE,lsa:GEMEINDE:15090070,"Bismark (Altmark), Stadt",party:F1,23,0,939,939,0
WAHLBEZIRK->GEMEINDE,lsa:GEMEINDE:15090070,"Bismark (Altmark), Stadt",party:F10,23,0,15,15,0
WAHLBEZIRK->GEMEINDE,lsa:GEMEINDE:15090070,"Bismark (Altmark), Stadt",party:F11,23,0,11,11,0
WAHLBEZIRK->GEMEINDE,lsa:GEMEINDE:15090070,"Bismark (Altmark), Stadt",party:F12,23,0,23,23,0
WAHLBEZIRK->GEMEINDE,lsa:GEMEINDE:15090070,"Bismark (Altmark), Stadt",party:F15,23,0,317,317,0
WAHLBEZIRK->GEMEINDE,lsa:GEMEINDE:15090070,"Bismark (Altmark), Stadt",party:F19,23,0,9,9,0
WAHLBEZIRK->GEMEINDE,lsa:GEMEINDE:15090070,"Bismark (Altmark), Stadt",party:F2,23,0,2301,2301,0
WAHLBEZIRK->GEMEINDE,lsa:GEMEINDE:15090070,"Bismark (Altmark), Stadt",party:F20,23,0,14,14,0
WAHLBEZIRK->GEMEINDE,lsa:GEMEINDE:15090070,"Bismark (Altmark), Stadt",party:F3,23,0,452,452,0
WAHLBEZIRK->GEMEINDE,lsa:GEMEINDE:15090070,"Bismark (Altmark), Stadt",party:F4,23,0,528,528,0
WAHLBEZIRK->GEMEINDE,lsa:GEMEINDE:15090070,"Bismark (Altmark), Stadt",party:F5,23,0,167,167,0
WAHLBEZIRK->GEMEINDE,lsa:GEMEINDE:15090070,"Bismark (Altmark), Stadt",party:F6,23,0,331,331,0
WAHLBEZIRK->GEMEINDE,lsa:GEMEINDE:15090070,"Bismark (Altmark), Stadt",party:F7,23,0,61,61,0
WAHLBEZIRK->GEMEINDE,lsa:GEMEINDE:15090070,"Bismark (Altmark), Stadt",party:F8,23,0,13,13,0
WAHLBEZIRK->GEMEINDE,lsa:GEMEINDE:15090070,"Bismark (Altmark), Stadt",party:F9,23,0,47,47,0
WAHLBEZIRK->GEMEINDE,lsa:GEMEINDE:15090135,Eichstedt (Altmark),reported_precincts,4,0,4,4,0
WAHLBEZIRK->GEMEINDE,lsa:GEMEINDE:15090135,Eichstedt (Altmark),total_precincts,4,0,4,4,0
WAHLBEZIRK->GEMEINDE,lsa:GEMEINDE:15090135,Eichstedt (Altmark),voters_total,4,0,593,593,0
WAHLBEZIRK->GEMEINDE,lsa:GEMEINDE:15090135,Eichstedt (Altmark),valid_votes_erst,4,0,584,584,0
WAHLBEZIRK->GEMEINDE,lsa:GEMEINDE:15090135,Eichstedt (Altmark),valid_votes_zweit,4,0,588,588,0
WAHLBEZIRK->GEMEINDE,lsa:GEMEINDE:15090135,Eichstedt (Altmark),party:D1,4,0,124,124,0
WAHLBEZIRK->GEMEINDE,lsa:GEMEINDE:15090135,Eichstedt (Altmark),party:D15,4,0,16,16,0
WAHLBEZIRK->GEMEINDE,lsa:GEMEINDE:15090135,Eichstedt (Altmark),party:D2,4,0,278,278,0
WAHLBEZIRK->GEMEINDE,lsa:GEMEINDE:15090135,Eichstedt (Altmark),party:D3,4,0,94,94,0
WAHLBEZIRK->GEMEINDE,lsa:GEMEINDE:15090135,Eichstedt (Altmark),party:D4,4,0,35,35,0
WAHLBEZIRK->GEMEINDE,lsa:GEMEINDE:15090135,Eichstedt (Altmark),party:D5,4,0,25,25,0
WAHLBEZIRK->GEMEINDE,lsa:GEMEINDE:15090135,Eichstedt (Altmark),party:D6,4,0,12,12,0
WAHLBEZIRK->GEMEINDE,lsa:GEMEINDE:15090135,Eichstedt (Altmark),party:F1,4,0,110,110,0
WAHLBEZIRK->GEMEINDE,lsa:GEMEINDE:15090135,Eichstedt (Altmark),party:F10,4,0,4,4,0
WAHLBEZIRK->GEMEINDE,lsa:GEMEINDE:15090135,Eichstedt (Altmark),party:F11,4,0,4,4,0
WAHLBEZIRK->GEMEINDE,lsa:GEMEINDE:15090135,Eichstedt (Altmark),party:F12,4,0,0,0,0
WAHLBEZIRK->GEMEINDE,lsa:GEMEINDE:15090135,Eichstedt (Altmark),party:F15,4,0,24,24,0
WAHLBEZIRK->GEMEINDE,lsa:GEMEINDE:15090135,Eichstedt (Altmark),party:F19,4,0,2,2,0
WAHLBEZIRK->GEMEINDE,lsa:GEMEINDE:15090135,Eichstedt (Altmark),party:F2,4,0,275,275,0
WAHLBEZIRK->GEMEINDE,lsa:GEMEINDE:15090135,Eichstedt (Altmark),party:F20,4,0,2,2,0
WAHLBEZIRK->GEMEINDE,lsa:GEMEINDE:15090135,Eichstedt (Altmark),party:F3,4,0,46,46,0
WAHLBEZIRK->GEMEINDE,lsa:GEMEINDE:15090135,Eichstedt (Altmark),party:F4,4,0,56,56,0
WAHLBEZIRK->GEMEINDE,lsa:GEMEINDE:15090135,Eichstedt (Altmark),party:F5,4,0,19,19,0
WAHLBEZIRK->GEMEINDE,lsa:GEMEINDE:15090135,Eichstedt (Altmark),party:F6,4,0,32,32,0
WAHLBEZIRK->GEMEINDE,lsa:GEMEINDE:15090135,Eichstedt (Altmark),party:F7,4,0,10,10,0
WAHLBEZIRK->GEMEINDE,lsa:GEMEINDE:15090135,Eichstedt (Altmark),party:F8,4,0,1,1,0
WAHLBEZIRK->GEMEINDE,lsa:GEMEINDE:15090135,Eichstedt (Altmark),party:F9,4,0,3,3,0
WAHLBEZIRK->GEMEINDE,lsa:GEMEINDE:15090180,Goldbeck,reported_precincts,3,0,3,3,0
WAHLBEZIRK->GEMEINDE,lsa:GEMEINDE:15090180,Goldbeck,total_precincts,3,0,3,3,0
WAHLBEZIRK->GEMEINDE,lsa:GEMEINDE:15090180,Goldbeck,voters_total,3,0,933,933,0
WAHLBEZIRK->GEMEINDE,lsa:GEMEINDE:15090180,Goldbeck,valid_votes_erst,3,0,923,923,0
WAHLBEZIRK->GEMEINDE,lsa:GEMEINDE:15090180,Goldbeck,valid_votes_zweit,3,0,929,929,0
WAHLBEZIRK->GEMEINDE,lsa:GEMEINDE:15090180,Goldbeck,party:D1,3,0,186,186,0
WAHLBEZIRK->GEMEINDE,lsa:GEMEINDE:15090180,Goldbeck,party:D15,3,0,37,37,0
WAHLBEZIRK->GEMEINDE,lsa:GEMEINDE:15090180,Goldbeck,party:D2,3,0,378,378,0
WAHLBEZIRK->GEMEINDE,lsa:GEMEINDE:15090180,Goldbeck,party:D3,3,0,208,208,0
WAHLBEZIRK->GEMEINDE,lsa:GEMEINDE:15090180,Goldbeck,party:D4,3,0,51,51,0
WAHLBEZIRK->GEMEINDE,lsa:GEMEINDE:15090180,Goldbeck,party:D5,3,0,33,33,0
WAHLBEZIRK->GEMEINDE,lsa:GEMEINDE:15090180,Goldbeck,party:D6,3,0,30,30,0
WAHLBEZIRK->GEMEINDE,lsa:GEMEINDE:15090180,Goldbeck,party:F1,3,0,171,171,0
WAHLBEZIRK->GEMEINDE,lsa:GEMEINDE:15090180,Goldbeck,party:F10,3,0,4,4,0
WAHLBEZIRK->GEMEINDE,lsa:GEMEINDE:15090180,Goldbeck,party:F11,3,0,2,2,0
WAHLBEZIRK->GEMEINDE,lsa:GEMEINDE:15090180,Goldbeck,party:F12,3,0,1,1,0
WAHLBEZIRK->GEMEINDE,lsa:GEMEINDE:15090180,Goldbeck,party:F15,3,0,49,49,0
WAHLBEZIRK->GEMEINDE,lsa:GEMEINDE:15090180,Goldbeck,party:F19,3,0,0,0,0
WAHLBEZIRK->GEMEINDE,lsa:GEMEINDE:15090180,Goldbeck,party:F2,3,0,380,380,0
WAHLBEZIRK->GEMEINDE,lsa:GEMEINDE:15090180,Goldbeck,party:F20,3,0,3,3,0
WAHLBEZIRK->GEMEINDE,lsa:GEMEINDE:15090180,Goldbeck,party:F3,3,0,128,128,0
WAHLBEZIRK->GEMEINDE,lsa:GEMEINDE:15090180,Goldbeck,party:F4,3,0,85,85,0
WAHLBEZIRK->GEMEINDE,lsa:GEMEINDE:15090180,Goldbeck,party:F5,3,0,29,29,0
WAHLBEZIRK->GEMEINDE,lsa:GEMEINDE:15090180,Goldbeck,party:F6,3,0,55,55,0
WAHLBEZIRK->GEMEINDE,lsa:GEMEINDE:15090180,Goldbeck,party:F7,3,0,14,14,0
WAHLBEZIRK->GEMEINDE,lsa:GEMEINDE:15090180,Goldbeck,party:F8,3,0,3,3,0
WAHLBEZIRK->GEMEINDE,lsa:GEMEINDE:15090180,Goldbeck,party:F9,3,0,5,5,0
WAHLBEZIRK->GEMEINDE,lsa:GEMEINDE:15090220,Hassel,reported_precincts,3,0,3,3,0
WAHLBEZIRK->GEMEINDE,lsa:GEMEINDE:15090220,Hassel,total_precincts,3,0,3,3,0
WAHLBEZIRK->GEMEINDE,lsa:GEMEINDE:15090220,Hassel,voters_total,3,0,651,651,0
WAHLBEZIRK->GEMEINDE,lsa:GEMEINDE:15090220,Hassel,valid_votes_erst,3,0,647,647,0
WAHLBEZIRK->GEMEINDE,lsa:GEMEINDE:15090220,Hassel,valid_votes_zweit,3,0,647,647,0
WAHLBEZIRK->GEMEINDE,lsa:GEMEINDE:15090220,Hassel,party:D1,3,0,169,169,0
WAHLBEZIRK->GEMEINDE,lsa:GEMEINDE:15090220,Hassel,party:D15,3,0,34,34,0
WAHLBEZIRK->GEMEINDE,lsa:GEMEINDE:15090220,Hassel,party:D2,3,0,274,274,0
WAHLBEZIRK->GEMEINDE,lsa:GEMEINDE:15090220,Hassel,party:D3,3,0,82,82,0
WAHLBEZIRK->GEMEINDE,lsa:GEMEINDE:15090220,Hassel,party:D4,3,0,47,47,0
WAHLBEZIRK->GEMEINDE,lsa:GEMEINDE:15090220,Hassel,party:D5,3,0,13,13,0
WAHLBEZIRK->GEMEINDE,lsa:GEMEINDE:15090220,Hassel,party:D6,3,0,28,28,0
WAHLBEZIRK->GEMEINDE,lsa:GEMEINDE:15090220,Hassel,party:F1,3,0,117,117,0
WAHLBEZIRK->GEMEINDE,lsa:GEMEINDE:15090220,Hassel,party:F10,3,0,0,0,0
WAHLBEZIRK->GEMEINDE,lsa:GEMEINDE:15090220,Hassel,party:F11,3,0,1,1,0
WAHLBEZIRK->GEMEINDE,lsa:GEMEINDE:15090220,Hassel,party:F12,3,0,1,1,0
WAHLBEZIRK->GEMEINDE,lsa:GEMEINDE:15090220,Hassel,party:F15,3,0,49,49,0
WAHLBEZIRK->GEMEINDE,lsa:GEMEINDE:15090220,Hassel,party:F19,3,0,1,1,0
WAHLBEZIRK->GEMEINDE,lsa:GEMEINDE:15090220,Hassel,party:F2,3,0,280,280,0
WAHLBEZIRK->GEMEINDE,lsa:GEMEINDE:15090220,Hassel,party:F20,3,0,0,0,0
WAHLBEZIRK->GEMEINDE,lsa:GEMEINDE:15090220,Hassel,party:F3,3,0,45,45,0
WAHLBEZIRK->GEMEINDE,lsa:GEMEINDE:15090220,Hassel,party:F4,3,0,68,68,0
WAHLBEZIRK->GEMEINDE,lsa:GEMEINDE:15090220,Hassel,party:F5,3,0,13,13,0
WAHLBEZIRK->GEMEINDE,lsa:GEMEINDE:15090220,Hassel,party:F6,3,0,61,61,0
WAHLBEZIRK->GEMEINDE,lsa:GEMEINDE:15090220,Hassel,party:F7,3,0,6,6,0
WAHLBEZIRK->GEMEINDE,lsa:GEMEINDE:15090220,Hassel,party:F8,3,0,0,0,0
WAHLBEZIRK->GEMEINDE,lsa:GEMEINDE:15090220,Hassel,party:F9,3,0,5,5,0
WAHLBEZIRK->GEMEINDE,lsa:GEMEINDE:15090225,"Havelberg, Hansestadt",reported_precincts,10,0,10,10,0
WAHLBEZIRK->GEMEINDE,lsa:GEMEINDE:15090225,"Havelberg, Hansestadt",total_precincts,10,0,10,10,0
WAHLBEZIRK->GEMEINDE,lsa:GEMEINDE:15090225,"Havelberg, Hansestadt",voters_total,10,0,3821,3821,0
WAHLBEZIRK->GEMEINDE,lsa:GEMEINDE:15090225,"Havelberg, Hansestadt",valid_votes_erst,10,0,3764,3764,0
WAHLBEZIRK->GEMEINDE,lsa:GEMEINDE:15090225,"Havelberg, Hansestadt",valid_votes_zweit,10,0,3776,3776,0
WAHLBEZIRK->GEMEINDE,lsa:GEMEINDE:15090225,"Havelberg, Hansestadt",party:D1,10,0,958,958,0
WAHLBEZIRK->GEMEINDE,lsa:GEMEINDE:15090225,"Havelberg, Hansestadt",party:D15,10,0,187,187,0
WAHLBEZIRK->GEMEINDE,lsa:GEMEINDE:15090225,"Havelberg, Hansestadt",party:D2,10,0,1756,1756,0
WAHLBEZIRK->GEMEINDE,lsa:GEMEINDE:15090225,"Havelberg, Hansestadt",party:D3,10,0,397,397,0
WAHLBEZIRK->GEMEINDE,lsa:GEMEINDE:15090225,"Havelberg, Hansestadt",party:D4,10,0,274,274,0
WAHLBEZIRK->GEMEINDE,lsa:GEMEINDE:15090225,"Havelberg, Hansestadt",party:D5,10,0,81,81,0
WAHLBEZIRK->GEMEINDE,lsa:GEMEINDE:15090225,"Havelberg, Hansestadt",party:D6,10,0,111,111,0
WAHLBEZIRK->GEMEINDE,lsa:GEMEINDE:15090225,"Havelberg, Hansestadt",party:F1,10,0,644,644,0
WAHLBEZIRK->GEMEINDE,lsa:GEMEINDE:15090225,"Havelberg, Hansestadt",party:F10,10,0,13,13,0
WAHLBEZIRK->GEMEINDE,lsa:GEMEINDE:15090225,"Havelberg, Hansestadt",party:F11,10,0,5,5,0
WAHLBEZIRK->GEMEINDE,lsa:GEMEINDE:15090225,"Havelberg, Hansestadt",party:F12,10,0,17,17,0
WAHLBEZIRK->GEMEINDE,lsa:GEMEINDE:15090225,"Havelberg, Hansestadt",party:F15,10,0,219,219,0
WAHLBEZIRK->GEMEINDE,lsa:GEMEINDE:15090225,"Havelberg, Hansestadt",party:F19,10,0,10,10,0
WAHLBEZIRK->GEMEINDE,lsa:GEMEINDE:15090225,"Havelberg, Hansestadt",party:F2,10,0,1769,1769,0
WAHLBEZIRK->GEMEINDE,lsa:GEMEINDE:15090225,"Havelberg, Hansestadt",party:F20,10,0,14,14,0
WAHLBEZIRK->GEMEINDE,lsa:GEMEINDE:15090225,"Havelberg, Hansestadt",party:F3,10,0,331,331,0
WAHLBEZIRK->GEMEINDE,lsa:GEMEINDE:15090225,"Havelberg, Hansestadt",party:F4,10,0,343,343,0
WAHLBEZIRK->GEMEINDE,lsa:GEMEINDE:15090225,"Havelberg, Hansestadt",party:F5,10,0,90,90,0
WAHLBEZIRK->GEMEINDE,lsa:GEMEINDE:15090225,"Havelberg, Hansestadt",party:F6,10,0,248,248,0
WAHLBEZIRK->GEMEINDE,lsa:GEMEINDE:15090225,"Havelberg, Hansestadt",party:F7,10,0,41,41,0
WAHLBEZIRK->GEMEINDE,lsa:GEMEINDE:15090225,"Havelberg, Hansestadt",party:F8,10,0,7,7,0
WAHLBEZIRK->GEMEINDE,lsa:GEMEINDE:15090225,"Havelberg, Hansestadt",party:F9,10,0,25,25,0
WAHLBEZIRK->GEMEINDE,lsa:GEMEINDE:15090245,Hohenberg-Krusemark,reported_precincts,4,0,4,4,0
WAHLBEZIRK->GEMEINDE,lsa:GEMEINDE:15090245,Hohenberg-Krusemark,total_precincts,4,0,4,4,0
WAHLBEZIRK->GEMEINDE,lsa:GEMEINDE:15090245,Hohenberg-Krusemark,voters_total,4,0,808,808,0
WAHLBEZIRK->GEMEINDE,lsa:GEMEINDE:15090245,Hohenberg-Krusemark,valid_votes_erst,4,0,804,804,0
WAHLBEZIRK->GEMEINDE,lsa:GEMEINDE:15090245,Hohenberg-Krusemark,valid_votes_zweit,4,0,805,805,0
WAHLBEZIRK->GEMEINDE,lsa:GEMEINDE:15090245,Hohenberg-Krusemark,party:D1,4,0,120,120,0
WAHLBEZIRK->GEMEINDE,lsa:GEMEINDE:15090245,Hohenberg-Krusemark,party:D15,4,0,41,41,0
WAHLBEZIRK->GEMEINDE,lsa:GEMEINDE:15090245,Hohenberg-Krusemark,party:D2,4,0,420,420,0
WAHLBEZIRK->GEMEINDE,lsa:GEMEINDE:15090245,Hohenberg-Krusemark,party:D3,4,0,104,104,0
WAHLBEZIRK->GEMEINDE,lsa:GEMEINDE:15090245,Hohenberg-Krusemark,party:D4,4,0,49,49,0
WAHLBEZIRK->GEMEINDE,lsa:GEMEINDE:15090245,Hohenberg-Krusemark,party:D5,4,0,40,40,0
WAHLBEZIRK->GEMEINDE,lsa:GEMEINDE:15090245,Hohenberg-Krusemark,party:D6,4,0,30,30,0
WAHLBEZIRK->GEMEINDE,lsa:GEMEINDE:15090245,Hohenberg-Krusemark,party:F1,4,0,93,93,0
WAHLBEZIRK->GEMEINDE,lsa:GEMEINDE:15090245,Hohenberg-Krusemark,party:F10,4,0,2,2,0
WAHLBEZIRK->GEMEINDE,lsa:GEMEINDE:15090245,Hohenberg-Krusemark,party:F11,4,0,2,2,0
WAHLBEZIRK->GEMEINDE,lsa:GEMEINDE:15090245,Hohenberg-Krusemark,party:F12,4,0,4,4,0
WAHLBEZIRK->GEMEINDE,lsa:GEMEINDE:15090245,Hohenberg-Krusemark,party:F15,4,0,54,54,0
WAHLBEZIRK->GEMEINDE,lsa:GEMEINDE:15090245,Hohenberg-Krusemark,party:F19,4,0,3,3,0
WAHLBEZIRK->GEMEINDE,lsa:GEMEINDE:15090245,Hohenberg-Krusemark,party:F2,4,0,425,425,0
WAHLBEZIRK->GEMEINDE,lsa:GEMEINDE:15090245,Hohenberg-Krusemark,party:F20,4,0,1,1,0
WAHLBEZIRK->GEMEINDE,lsa:GEMEINDE:15090245,Hohenberg-Krusemark,party:F3,4,0,58,58,0
WAHLBEZIRK->GEMEINDE,lsa:GEMEINDE:15090245,Hohenberg-Krusemark,party:F4,4,0,73,73,0
WAHLBEZIRK->GEMEINDE,lsa:GEMEINDE:15090245,Hohenberg-Krusemark,party:F5,4,0,21,21,0
WAHLBEZIRK->GEMEINDE,lsa:GEMEINDE:15090245,Hohenberg-Krusemark,party:F6,4,0,53,53,0
WAHLBEZIRK->GEMEINDE,lsa:GEMEINDE:15090245,Hohenberg-Krusemark,party:F7,4,0,8,8,0
WAHLBEZIRK->GEMEINDE,lsa:GEMEINDE:15090245,Hohenberg-Krusemark,party:F8,4,0,1,1,0
WAHLBEZIRK->GEMEINDE,lsa:GEMEINDE:15090245,Hohenberg-Krusemark,party:F9,4,0,7,7,0
WAHLBEZIRK->GEMEINDE,lsa:GEMEINDE:15090270,Iden,reported_precincts,3,0,3,3,0
WAHLBEZIRK->GEMEINDE,lsa:GEMEINDE:15090270,Iden,total_precincts,3,0,3,3,0
WAHLBEZIRK->GEMEINDE,lsa:GEMEINDE:15090270,Iden,voters_total,3,0,478,478,0
WAHLBEZIRK->GEMEINDE,lsa:GEMEINDE:15090270,Iden,valid_votes_erst,3,0,473,473,0
WAHLBEZIRK->GEMEINDE,lsa:GEMEINDE:15090270,Iden,valid_votes_zweit,3,0,473,473,0
WAHLBEZIRK->GEMEINDE,lsa:GEMEINDE:15090270,Iden,party:D1,3,0,75,75,0
WAHLBEZIRK->GEMEINDE,lsa:GEMEINDE:15090270,Iden,party:D15,3,0,20,20,0
WAHLBEZIRK->GEMEINDE,lsa:GEMEINDE:15090270,Iden,party:D2,3,0,208,208,0
WAHLBEZIRK->GEMEINDE,lsa:GEMEINDE:15090270,Iden,party:D3,3,0,96,96,0
WAHLBEZIRK->GEMEINDE,lsa:GEMEINDE:15090270,Iden,party:D4,3,0,30,30,0
WAHLBEZIRK->GEMEINDE,lsa:GEMEINDE:15090270,Iden,party:D5,3,0,19,19,0
WAHLBEZIRK->GEMEINDE,lsa:GEMEINDE:15090270,Iden,party:D6,3,0,25,25,0
WAHLBEZIRK->GEMEINDE,lsa:GEMEINDE:15090270,Iden,party:F1,3,0,64,64,0
WAHLBEZIRK->GEMEINDE,lsa:GEMEINDE:15090270,Iden,party:F10,3,0,3,3,0
WAHLBEZIRK->GEMEINDE,lsa:GEMEINDE:15090270,Iden,party:F11,3,0,1,1,0
WAHLBEZIRK->GEMEINDE,lsa:GEMEINDE:15090270,Iden,party:F12,3,0,2,2,0
WAHLBEZIRK->GEMEINDE,lsa:GEMEINDE:15090270,Iden,party:F15,3,0,30,30,0
WAHLBEZIRK->GEMEINDE,lsa:GEMEINDE:15090270,Iden,party:F19,3,0,0,0,0
WAHLBEZIRK->GEMEINDE,lsa:GEMEINDE:15090270,Iden,party:F2,3,0,213,213,0
WAHLBEZIRK->GEMEINDE,lsa:GEMEINDE:15090270,Iden,party:F20,3,0,1,1,0
WAHLBEZIRK->GEMEINDE,lsa:GEMEINDE:15090270,Iden,party:F3,3,0,54,54,0
WAHLBEZIRK->GEMEINDE,lsa:GEMEINDE:15090270,Iden,party:F4,3,0,41,41,0
WAHLBEZIRK->GEMEINDE,lsa:GEMEINDE:15090270,Iden,party:F5,3,0,17,17,0
WAHLBEZIRK->GEMEINDE,lsa:GEMEINDE:15090270,Iden,party:F6,3,0,35,35,0
WAHLBEZIRK->GEMEINDE,lsa:GEMEINDE:15090270,Iden,party:F7,3,0,7,7,0
WAHLBEZIRK->GEMEINDE,lsa:GEMEINDE:15090270,Iden,party:F8,3,0,0,0,0
WAHLBEZIRK->GEMEINDE,lsa:GEMEINDE:15090270,Iden,party:F9,3,0,5,5,0
WAHLBEZIRK->GEMEINDE,lsa:GEMEINDE:15090285,Kamern,reported_precincts,4,0,4,4,0
WAHLBEZIRK->GEMEINDE,lsa:GEMEINDE:15090285,Kamern,total_precincts,4,0,4,4,0
WAHLBEZIRK->GEMEINDE,lsa:GEMEINDE:15090285,Kamern,voters_total,4,0,791,791,0
WAHLBEZIRK->GEMEINDE,lsa:GEMEINDE:15090285,Kamern,valid_votes_erst,4,0,780,780,0
WAHLBEZIRK->GEMEINDE,lsa:GEMEINDE:15090285,Kamern,valid_votes_zweit,4,0,778,778,0
WAHLBEZIRK->GEMEINDE,lsa:GEMEINDE:15090285,Kamern,party:D1,4,0,218,218,0
WAHLBEZIRK->GEMEINDE,lsa:GEMEINDE:15090285,Kamern,party:D15,4,0,45,45,0
WAHLBEZIRK->GEMEINDE,lsa:GEMEINDE:15090285,Kamern,party:D2,4,0,329,329,0
WAHLBEZIRK->GEMEINDE,lsa:GEMEINDE:15090285,Kamern,party:D3,4,0,88,88,0
WAHLBEZIRK->GEMEINDE,lsa:GEMEINDE:15090285,Kamern,party:D4,4,0,62,62,0
WAHLBEZIRK->GEMEINDE,lsa:GEMEINDE:15090285,Kamern,party:D5,4,0,12,12,0
WAHLBEZIRK->GEMEINDE,lsa:GEMEINDE:15090285,Kamern,party:D6,4,0,26,26,0
WAHLBEZIRK->GEMEINDE,lsa:GEMEINDE:15090285,Kamern,party:F1,4,0,147,147,0
WAHLBEZIRK->GEMEINDE,lsa:GEMEINDE:15090285,Kamern,party:F10,4,0,2,2,0
WAHLBEZIRK->GEMEINDE,lsa:GEMEINDE:15090285,Kamern,party:F11,4,0,3,3,0
WAHLBEZIRK->GEMEINDE,lsa:GEMEINDE:15090285,Kamern,party:F12,4,0,6,6,0
WAHLBEZIRK->GEMEINDE,lsa:GEMEINDE:15090285,Kamern,party:F15,4,0,56,56,0
WAHLBEZIRK->GEMEINDE,lsa:GEMEINDE:15090285,Kamern,party:F19,4,0,2,2,0
WAHLBEZIRK->GEMEINDE,lsa:GEMEINDE:15090285,Kamern,party:F2,4,0,329,329,0
WAHLBEZIRK->GEMEINDE,lsa:GEMEINDE:15090285,Kamern,party:F20,4,0,0,0,0
WAHLBEZIRK->GEMEINDE,lsa:GEMEINDE:15090285,Kamern,party:F3,4,0,64,64,0
WAHLBEZIRK->GEMEINDE,lsa:GEMEINDE:15090285,Kamern,party:F4,4,0,70,70,0
WAHLBEZIRK->GEMEINDE,lsa:GEMEINDE:15090285,Kamern,party:F5,4,0,11,11,0
WAHLBEZIRK->GEMEINDE,lsa:GEMEINDE:15090285,Kamern,party:F6,4,0,68,68,0
WAHLBEZIRK->GEMEINDE,lsa:GEMEINDE:15090285,Kamern,party:F7,4,0,9,9,0
WAHLBEZIRK->GEMEINDE,lsa:GEMEINDE:15090285,Kamern,party:F8,4,0,3,3,0
WAHLBEZIRK->GEMEINDE,lsa:GEMEINDE:15090285,Kamern,party:F9,4,0,8,8,0
WAHLBEZIRK->GEMEINDE,lsa:GEMEINDE:15090310,Klietz,reported_precincts,4,0,4,4,0
WAHLBEZIRK->GEMEINDE,lsa:GEMEINDE:15090310,Klietz,total_precincts,4,0,4,4,0
WAHLBEZIRK->GEMEINDE,lsa:GEMEINDE:15090310,Klietz,voters_total,4,0,1036,1036,0
WAHLBEZIRK->GEMEINDE,lsa:GEMEINDE:15090310,Klietz,valid_votes_erst,4,0,1032,1032,0
WAHLBEZIRK->GEMEINDE,lsa:GEMEINDE:15090310,Klietz,valid_votes_zweit,4,0,1030,1030,0
WAHLBEZIRK->GEMEINDE,lsa:GEMEINDE:15090310,Klietz,party:D1,4,0,266,266,0
WAHLBEZIRK->GEMEINDE,lsa:GEMEINDE:15090310,Klietz,party:D15,4,0,56,56,0
WAHLBEZIRK->GEMEINDE,lsa:GEMEINDE:15090310,Klietz,party:D2,4,0,506,506,0
WAHLBEZIRK->GEMEINDE,lsa:GEMEINDE:15090310,Klietz,party:D3,4,0,104,104,0
WAHLBEZIRK->GEMEINDE,lsa:GEMEINDE:15090310,Klietz,party:D4,4,0,67,67,0
WAHLBEZIRK->GEMEINDE,lsa:GEMEINDE:15090310,Klietz,party:D5,4,0,13,13,0
WAHLBEZIRK->GEMEINDE,lsa:GEMEINDE:15090310,Klietz,party:D6,4,0,20,20,0
WAHLBEZIRK->GEMEINDE,lsa:GEMEINDE:15090310,Klietz,party:F1,4,0,164,164,0
WAHLBEZIRK->GEMEINDE,lsa:GEMEINDE:15090310,Klietz,party:F10,4,0,5,5,0
WAHLBEZIRK->GEMEINDE,lsa:GEMEINDE:15090310,Klietz,party:F11,4,0,1,1,0
WAHLBEZIRK->GEMEINDE,lsa:GEMEINDE:15090310,Klietz,party:F12,4,0,2,2,0
WAHLBEZIRK->GEMEINDE,lsa:GEMEINDE:15090310,Klietz,party:F15,4,0,73,73,0
WAHLBEZIRK->GEMEINDE,lsa:GEMEINDE:15090310,Klietz,party:F19,4,0,1,1,0
WAHLBEZIRK->GEMEINDE,lsa:GEMEINDE:15090310,Klietz,party:F2,4,0,514,514,0
WAHLBEZIRK->GEMEINDE,lsa:GEMEINDE:15090310,Klietz,party:F20,4,0,5,5,0
WAHLBEZIRK->GEMEINDE,lsa:GEMEINDE:15090310,Klietz,party:F3,4,0,69,69,0
WAHLBEZIRK->GEMEINDE,lsa:GEMEINDE:15090310,Klietz,party:F4,4,0,108,108,0
WAHLBEZIRK->GEMEINDE,lsa:GEMEINDE:15090310,Klietz,party:F5,4,0,16,16,0
WAHLBEZIRK->GEMEINDE,lsa:GEMEINDE:15090310,Klietz,party:F6,4,0,54,54,0
WAHLBEZIRK->GEMEINDE,lsa:GEMEINDE:15090310,Klietz,party:F7,4,0,12,12,0
WAHLBEZIRK->GEMEINDE,lsa:GEMEINDE:15090310,Klietz,party:F8,4,0,0,0,0
WAHLBEZIRK->GEMEINDE,lsa:GEMEINDE:15090310,Klietz,party:F9,4,0,6,6,0
WAHLBEZIRK->GEMEINDE,lsa:GEMEINDE:15090415,"Osterburg (Altmark), Hansestadt",reported_precincts,15,0,15,15,0
WAHLBEZIRK->GEMEINDE,lsa:GEMEINDE:15090415,"Osterburg (Altmark), Hansestadt",total_precincts,15,0,15,15,0
WAHLBEZIRK->GEMEINDE,lsa:GEMEINDE:15090415,"Osterburg (Altmark), Hansestadt",voters_total,15,0,6198,6198,0
WAHLBEZIRK->GEMEINDE,lsa:GEMEINDE:15090415,"Osterburg (Altmark), Hansestadt",valid_votes_erst,15,0,6137,6137,0
WAHLBEZIRK->GEMEINDE,lsa:GEMEINDE:15090415,"Osterburg (Altmark), Hansestadt",valid_votes_zweit,15,0,6139,6139,0
WAHLBEZIRK->GEMEINDE,lsa:GEMEINDE:15090415,"Osterburg (Altmark), Hansestadt",party:D1,15,0,1552,1552,0
WAHLBEZIRK->GEMEINDE,lsa:GEMEINDE:15090415,"Osterburg (Altmark), Hansestadt",party:D15,15,0,298,298,0
WAHLBEZIRK->GEMEINDE,lsa:GEMEINDE:15090415,"Osterburg (Altmark), Hansestadt",party:D2,15,0,2644,2644,0
WAHLBEZIRK->GEMEINDE,lsa:GEMEINDE:15090415,"Osterburg (Altmark), Hansestadt",party:D3,15,0,768,768,0
WAHLBEZIRK->GEMEINDE,lsa:GEMEINDE:15090415,"Osterburg (Altmark), Hansestadt",party:D4,15,0,459,459,0
WAHLBEZIRK->GEMEINDE,lsa:GEMEINDE:15090415,"Osterburg (Altmark), Hansestadt",party:D5,15,0,171,171,0
WAHLBEZIRK->GEMEINDE,lsa:GEMEINDE:15090415,"Osterburg (Altmark), Hansestadt",party:D6,15,0,245,245,0
WAHLBEZIRK->GEMEINDE,lsa:GEMEINDE:15090415,"Osterburg (Altmark), Hansestadt",party:F1,15,0,1182,1182,0
WAHLBEZIRK->GEMEINDE,lsa:GEMEINDE:15090415,"Osterburg (Altmark), Hansestadt",party:F10,15,0,23,23,0
WAHLBEZIRK->GEMEINDE,lsa:GEMEINDE:15090415,"Osterburg (Altmark), Hansestadt",party:F11,15,0,10,10,0
WAHLBEZIRK->GEMEINDE,lsa:GEMEINDE:15090415,"Osterburg (Altmark), Hansestadt",party:F12,15,0,14,14,0
WAHLBEZIRK->GEMEINDE,lsa:GEMEINDE:15090415,"Osterburg (Altmark), Hansestadt",party:F15,15,0,340,340,0
WAHLBEZIRK->GEMEINDE,lsa:GEMEINDE:15090415,"Osterburg (Altmark), Hansestadt",party:F19,15,0,6,6,0
WAHLBEZIRK->GEMEINDE,lsa:GEMEINDE:15090415,"Osterburg (Altmark), Hansestadt",party:F2,15,0,2651,2651,0
WAHLBEZIRK->GEMEINDE,lsa:GEMEINDE:15090415,"Osterburg (Altmark), Hansestadt",party:F20,15,0,15,15,0
WAHLBEZIRK->GEMEINDE,lsa:GEMEINDE:15090415,"Osterburg (Altmark), Hansestadt",party:F3,15,0,593,593,0
WAHLBEZIRK->GEMEINDE,lsa:GEMEINDE:15090415,"Osterburg (Altmark), Hansestadt",party:F4,15,0,581,581,0
WAHLBEZIRK->GEMEINDE,lsa:GEMEINDE:15090415,"Osterburg (Altmark), Hansestadt",party:F5,15,0,158,158,0
WAHLBEZIRK->GEMEINDE,lsa:GEMEINDE:15090415,"Osterburg (Altmark), Hansestadt",party:F6,15,0,411,411,0
WAHLBEZIRK->GEMEINDE,lsa:GEMEINDE:15090415,"Osterburg (Altmark), Hansestadt",party:F7,15,0,95,95,0
WAHLBEZIRK->GEMEINDE,lsa:GEMEINDE:15090415,"Osterburg (Altmark), Hansestadt",party:F8,15,0,12,12,0
WAHLBEZIRK->GEMEINDE,lsa:GEMEINDE:15090415,"Osterburg (Altmark), Hansestadt",party:F9,15,0,48,48,0
WAHLBEZIRK->GEMEINDE,lsa:GEMEINDE:15090435,Rochau,reported_precincts,3,0,3,3,0
WAHLBEZIRK->GEMEINDE,lsa:GEMEINDE:15090435,Rochau,total_precincts,3,0,3,3,0
WAHLBEZIRK->GEMEINDE,lsa:GEMEINDE:15090435,Rochau,voters_total,3,0,680,680,0
WAHLBEZIRK->GEMEINDE,lsa:GEMEINDE:15090435,Rochau,valid_votes_erst,3,0,673,673,0
WAHLBEZIRK->GEMEINDE,lsa:GEMEINDE:15090435,Rochau,valid_votes_zweit,3,0,670,670,0
WAHLBEZIRK->GEMEINDE,lsa:GEMEINDE:15090435,Rochau,party:D1,3,0,126,126,0
WAHLBEZIRK->GEMEINDE,lsa:GEMEINDE:15090435,Rochau,party:D15,3,0,33,33,0
WAHLBEZIRK->GEMEINDE,lsa:GEMEINDE:15090435,Rochau,party:D2,3,0,332,332,0
WAHLBEZIRK->GEMEINDE,lsa:GEMEINDE:15090435,Rochau,party:D3,3,0,112,112,0
WAHLBEZIRK->GEMEINDE,lsa:GEMEINDE:15090435,Rochau,party:D4,3,0,38,38,0
WAHLBEZIRK->GEMEINDE,lsa:GEMEINDE:15090435,Rochau,party:D5,3,0,12,12,0
WAHLBEZIRK->GEMEINDE,lsa:GEMEINDE:15090435,Rochau,party:D6,3,0,20,20,0
WAHLBEZIRK->GEMEINDE,lsa:GEMEINDE:15090435,Rochau,party:F1,3,0,101,101,0
WAHLBEZIRK->GEMEINDE,lsa:GEMEINDE:15090435,Rochau,party:F10,3,0,2,2,0
WAHLBEZIRK->GEMEINDE,lsa:GEMEINDE:15090435,Rochau,party:F11,3,0,3,3,0
WAHLBEZIRK->GEMEINDE,lsa:GEMEINDE:15090435,Rochau,party:F12,3,0,2,2,0
WAHLBEZIRK->GEMEINDE,lsa:GEMEINDE:15090435,Rochau,party:F15,3,0,41,41,0
WAHLBEZIRK->GEMEINDE,lsa:GEMEINDE:15090435,Rochau,party:F19,3,0,0,0,0
WAHLBEZIRK->GEMEINDE,lsa:GEMEINDE:15090435,Rochau,party:F2,3,0,335,335,0
WAHLBEZIRK->GEMEINDE,lsa:GEMEINDE:15090435,Rochau,party:F20,3,0,1,1,0
WAHLBEZIRK->GEMEINDE,lsa:GEMEINDE:15090435,Rochau,party:F3,3,0,66,66,0
WAHLBEZIRK->GEMEINDE,lsa:GEMEINDE:15090435,Rochau,party:F4,3,0,59,59,0
WAHLBEZIRK->GEMEINDE,lsa:GEMEINDE:15090435,Rochau,party:F5,3,0,22,22,0
WAHLBEZIRK->GEMEINDE,lsa:GEMEINDE:15090435,Rochau,party:F6,3,0,29,29,0
WAHLBEZIRK->GEMEINDE,lsa:GEMEINDE:15090435,Rochau,party:F7,3,0,3,3,0
WAHLBEZIRK->GEMEINDE,lsa:GEMEINDE:15090435,Rochau,party:F8,3,0,1,1,0
WAHLBEZIRK->GEMEINDE,lsa:GEMEINDE:15090435,Rochau,party:F9,3,0,5,5,0
WAHLBEZIRK->GEMEINDE,lsa:GEMEINDE:15090445,"Sandau (Elbe), Stadt",reported_precincts,2,0,2,2,0
WAHLBEZIRK->GEMEINDE,lsa:GEMEINDE:15090445,"Sandau (Elbe), Stadt",total_precincts,2,0,2,2,0
WAHLBEZIRK->GEMEINDE,lsa:GEMEINDE:15090445,"Sandau (Elbe), Stadt",voters_total,2,0,566,566,0
WAHLBEZIRK->GEMEINDE,lsa:GEMEINDE:15090445,"Sandau (Elbe), Stadt",valid_votes_erst,2,0,561,561,0
WAHLBEZIRK->GEMEINDE,lsa:GEMEINDE:15090445,"Sandau (Elbe), Stadt",valid_votes_zweit,2,0,562,562,0
WAHLBEZIRK->GEMEINDE,lsa:GEMEINDE:15090445,"Sandau (Elbe), Stadt",party:D1,2,0,134,134,0
WAHLBEZIRK->GEMEINDE,lsa:GEMEINDE:15090445,"Sandau (Elbe), Stadt",party:D15,2,0,31,31,0
WAHLBEZIRK->GEMEINDE,lsa:GEMEINDE:15090445,"Sandau (Elbe), Stadt",party:D2,2,0,304,304,0
WAHLBEZIRK->GEMEINDE,lsa:GEMEINDE:15090445,"Sandau (Elbe), Stadt",party:D3,2,0,40,40,0
WAHLBEZIRK->GEMEINDE,lsa:GEMEINDE:15090445,"Sandau (Elbe), Stadt",party:D4,2,0,31,31,0
WAHLBEZIRK->GEMEINDE,lsa:GEMEINDE:15090445,"Sandau (Elbe), Stadt",party:D5,2,0,7,7,0
WAHLBEZIRK->GEMEINDE,lsa:GEMEINDE:15090445,"Sandau (Elbe), Stadt",party:D6,2,0,14,14,0
WAHLBEZIRK->GEMEINDE,lsa:GEMEINDE:15090445,"Sandau (Elbe), Stadt",party:F1,2,0,98,98,0
WAHLBEZIRK->GEMEINDE,lsa:GEMEINDE:15090445,"Sandau (Elbe), Stadt",party:F10,2,0,2,2,0
WAHLBEZIRK->GEMEINDE,lsa:GEMEINDE:15090445,"Sandau (Elbe), Stadt",party:F11,2,0,1,1,0
WAHLBEZIRK->GEMEINDE,lsa:GEMEINDE:15090445,"Sandau (Elbe), Stadt",party:F12,2,0,5,5,0
WAHLBEZIRK->GEMEINDE,lsa:GEMEINDE:15090445,"Sandau (Elbe), Stadt",party:F15,2,0,28,28,0
WAHLBEZIRK->GEMEINDE,lsa:GEMEINDE:15090445,"Sandau (Elbe), Stadt",party:F19,2,0,0,0,0
WAHLBEZIRK->GEMEINDE,lsa:GEMEINDE:15090445,"Sandau (Elbe), Stadt",party:F2,2,0,302,302,0
WAHLBEZIRK->GEMEINDE,lsa:GEMEINDE:15090445,"Sandau (Elbe), Stadt",party:F20,2,0,0,0,0
WAHLBEZIRK->GEMEINDE,lsa:GEMEINDE:15090445,"Sandau (Elbe), Stadt",party:F3,2,0,32,32,0
WAHLBEZIRK->GEMEINDE,lsa:GEMEINDE:15090445,"Sandau (Elbe), Stadt",party:F4,2,0,35,35,0
WAHLBEZIRK->GEMEINDE,lsa:GEMEINDE:15090445,"Sandau (Elbe), Stadt",party:F5,2,0,10,10,0
WAHLBEZIRK->GEMEINDE,lsa:GEMEINDE:15090445,"Sandau (Elbe), Stadt",party:F6,2,0,34,34,0
WAHLBEZIRK->GEMEINDE,lsa:GEMEINDE:15090445,"Sandau (Elbe), Stadt",party:F7,2,0,11,11,0
WAHLBEZIRK->GEMEINDE,lsa:GEMEINDE:15090445,"Sandau (Elbe), Stadt",party:F8,2,0,1,1,0
WAHLBEZIRK->GEMEINDE,lsa:GEMEINDE:15090445,"Sandau (Elbe), Stadt",party:F9,2,0,3,3,0
WAHLBEZIRK->GEMEINDE,lsa:GEMEINDE:15090485,Schollene,reported_precincts,2,0,2,2,0
WAHLBEZIRK->GEMEINDE,lsa:GEMEINDE:15090485,Schollene,total_precincts,2,0,2,2,0
WAHLBEZIRK->GEMEINDE,lsa:GEMEINDE:15090485,Schollene,voters_total,2,0,729,729,0
WAHLBEZIRK->GEMEINDE,lsa:GEMEINDE:15090485,Schollene,valid_votes_erst,2,0,723,723,0
WAHLBEZIRK->GEMEINDE,lsa:GEMEINDE:15090485,Schollene,valid_votes_zweit,2,0,721,721,0
WAHLBEZIRK->GEMEINDE,lsa:GEMEINDE:15090485,Schollene,party:D1,2,0,155,155,0
WAHLBEZIRK->GEMEINDE,lsa:GEMEINDE:15090485,Schollene,party:D15,2,0,31,31,0
WAHLBEZIRK->GEMEINDE,lsa:GEMEINDE:15090485,Schollene,party:D2,2,0,334,334,0
WAHLBEZIRK->GEMEINDE,lsa:GEMEINDE:15090485,Schollene,party:D3,2,0,85,85,0
WAHLBEZIRK->GEMEINDE,lsa:GEMEINDE:15090485,Schollene,party:D4,2,0,69,69,0
WAHLBEZIRK->GEMEINDE,lsa:GEMEINDE:15090485,Schollene,party:D5,2,0,20,20,0
WAHLBEZIRK->GEMEINDE,lsa:GEMEINDE:15090485,Schollene,party:D6,2,0,29,29,0
WAHLBEZIRK->GEMEINDE,lsa:GEMEINDE:15090485,Schollene,party:F1,2,0,104,104,0
WAHLBEZIRK->GEMEINDE,lsa:GEMEINDE:15090485,Schollene,party:F10,2,0,2,2,0
WAHLBEZIRK->GEMEINDE,lsa:GEMEINDE:15090485,Schollene,party:F11,2,0,3,3,0
WAHLBEZIRK->GEMEINDE,lsa:GEMEINDE:15090485,Schollene,party:F12,2,0,4,4,0
WAHLBEZIRK->GEMEINDE,lsa:GEMEINDE:15090485,Schollene,party:F15,2,0,22,22,0
WAHLBEZIRK->GEMEINDE,lsa:GEMEINDE:15090485,Schollene,party:F19,2,0,0,0,0
WAHLBEZIRK->GEMEINDE,lsa:GEMEINDE:15090485,Schollene,party:F2,2,0,333,333,0
WAHLBEZIRK->GEMEINDE,lsa:GEMEINDE:15090485,Schollene,party:F20,2,0,1,1,0
WAHLBEZIRK->GEMEINDE,lsa:GEMEINDE:15090485,Schollene,party:F3,2,0,74,74,0
WAHLBEZIRK->GEMEINDE,lsa:GEMEINDE:15090485,Schollene,party:F4,2,0,66,66,0
WAHLBEZIRK->GEMEINDE,lsa:GEMEINDE:15090485,Schollene,party:F5,2,0,19,19,0
WAHLBEZIRK->GEMEINDE,lsa:GEMEINDE:15090485,Schollene,party:F6,2,0,53,53,0
WAHLBEZIRK->GEMEINDE,lsa:GEMEINDE:15090485,Schollene,party:F7,2,0,27,27,0
WAHLBEZIRK->GEMEINDE,lsa:GEMEINDE:15090485,Schollene,party:F8,2,0,1,1,0
WAHLBEZIRK->GEMEINDE,lsa:GEMEINDE:15090485,Schollene,party:F9,2,0,12,12,0
WAHLBEZIRK->GEMEINDE,lsa:GEMEINDE:15090500,Schönhausen (Elbe),reported_precincts,4,0,4,4,0
WAHLBEZIRK->GEMEINDE,lsa:GEMEINDE:15090500,Schönhausen (Elbe),total_precincts,4,0,4,4,0
WAHLBEZIRK->GEMEINDE,lsa:GEMEINDE:15090500,Schönhausen (Elbe),voters_total,4,0,1448,1448,0
WAHLBEZIRK->GEMEINDE,lsa:GEMEINDE:15090500,Schönhausen (Elbe),valid_votes_erst,4,0,1435,1435,0
WAHLBEZIRK->GEMEINDE,lsa:GEMEINDE:15090500,Schönhausen (Elbe),valid_votes_zweit,4,0,1435,1435,0
WAHLBEZIRK->GEMEINDE,lsa:GEMEINDE:15090500,Schönhausen (Elbe),party:D1,4,0,350,350,0
WAHLBEZIRK->GEMEINDE,lsa:GEMEINDE:15090500,Schönhausen (Elbe),party:D15,4,0,86,86,0
WAHLBEZIRK->GEMEINDE,lsa:GEMEINDE:15090500,Schönhausen (Elbe),party:D2,4,0,737,737,0
WAHLBEZIRK->GEMEINDE,lsa:GEMEINDE:15090500,Schönhausen (Elbe),party:D3,4,0,118,118,0
WAHLBEZIRK->GEMEINDE,lsa:GEMEINDE:15090500,Schönhausen (Elbe),party:D4,4,0,83,83,0
WAHLBEZIRK->GEMEINDE,lsa:GEMEINDE:15090500,Schönhausen (Elbe),party:D5,4,0,36,36,0
WAHLBEZIRK->GEMEINDE,lsa:GEMEINDE:15090500,Schönhausen (Elbe),party:D6,4,0,25,25,0
WAHLBEZIRK->GEMEINDE,lsa:GEMEINDE:15090500,Schönhausen (Elbe),party:F1,4,0,254,254,0
WAHLBEZIRK->GEMEINDE,lsa:GEMEINDE:15090500,Schönhausen (Elbe),party:F10,4,0,3,3,0
WAHLBEZIRK->GEMEINDE,lsa:GEMEINDE:15090500,Schönhausen (Elbe),party:F11,4,0,1,1,0
WAHLBEZIRK->GEMEINDE,lsa:GEMEINDE:15090500,Schönhausen (Elbe),party:F12,4,0,5,5,0
WAHLBEZIRK->GEMEINDE,lsa:GEMEINDE:15090500,Schönhausen (Elbe),party:F15,4,0,92,92,0
WAHLBEZIRK->GEMEINDE,lsa:GEMEINDE:15090500,Schönhausen (Elbe),party:F19,4,0,2,2,0
WAHLBEZIRK->GEMEINDE,lsa:GEMEINDE:15090500,Schönhausen (Elbe),party:F2,4,0,741,741,0
WAHLBEZIRK->GEMEINDE,lsa:GEMEINDE:15090500,Schönhausen (Elbe),party:F20,4,0,3,3,0
WAHLBEZIRK->GEMEINDE,lsa:GEMEINDE:15090500,Schönhausen (Elbe),party:F3,4,0,90,90,0
WAHLBEZIRK->GEMEINDE,lsa:GEMEINDE:15090500,Schönhausen (Elbe),party:F4,4,0,115,115,0
WAHLBEZIRK->GEMEINDE,lsa:GEMEINDE:15090500,Schönhausen (Elbe),party:F5,4,0,36,36,0
WAHLBEZIRK->GEMEINDE,lsa:GEMEINDE:15090500,Schönhausen (Elbe),party:F6,4,0,61,61,0
WAHLBEZIRK->GEMEINDE,lsa:GEMEINDE:15090500,Schönhausen (Elbe),party:F7,4,0,15,15,0
WAHLBEZIRK->GEMEINDE,lsa:GEMEINDE:15090500,Schönhausen (Elbe),party:F8,4,0,4,4,0
WAHLBEZIRK->GEMEINDE,lsa:GEMEINDE:15090500,Schönhausen (Elbe),party:F9,4,0,13,13,0
WAHLBEZIRK->GEMEINDE,lsa:GEMEINDE:15090520,"Seehausen (Altmark), Hansestadt",reported_precincts,6,0,6,6,0
WAHLBEZIRK->GEMEINDE,lsa:GEMEINDE:15090520,"Seehausen (Altmark), Hansestadt",total_precincts,6,0,6,6,0
WAHLBEZIRK->GEMEINDE,lsa:GEMEINDE:15090520,"Seehausen (Altmark), Hansestadt",voters_total,6,0,2916,2916,0
WAHLBEZIRK->GEMEINDE,lsa:GEMEINDE:15090520,"Seehausen (Altmark), Hansestadt",valid_votes_erst,6,0,2873,2873,0
WAHLBEZIRK->GEMEINDE,lsa:GEMEINDE:15090520,"Seehausen (Altmark), Hansestadt",valid_votes_zweit,6,0,2876,2876,0
WAHLBEZIRK->GEMEINDE,lsa:GEMEINDE:15090520,"Seehausen (Altmark), Hansestadt",party:D1,6,0,624,624,0
WAHLBEZIRK->GEMEINDE,lsa:GEMEINDE:15090520,"Seehausen (Altmark), Hansestadt",party:D15,6,0,116,116,0
WAHLBEZIRK->GEMEINDE,lsa:GEMEINDE:15090520,"Seehausen (Altmark), Hansestadt",party:D2,6,0,1358,1358,0
WAHLBEZIRK->GEMEINDE,lsa:GEMEINDE:15090520,"Seehausen (Altmark), Hansestadt",party:D3,6,0,356,356,0
WAHLBEZIRK->GEMEINDE,lsa:GEMEINDE:15090520,"Seehausen (Altmark), Hansestadt",party:D4,6,0,245,245,0
WAHLBEZIRK->GEMEINDE,lsa:GEMEINDE:15090520,"Seehausen (Altmark), Hansestadt",party:D5,6,0,79,79,0
WAHLBEZIRK->GEMEINDE,lsa:GEMEINDE:15090520,"Seehausen (Altmark), Hansestadt",party:D6,6,0,95,95,0
WAHLBEZIRK->GEMEINDE,lsa:GEMEINDE:15090520,"Seehausen (Altmark), Hansestadt",party:F1,6,0,469,469,0
WAHLBEZIRK->GEMEINDE,lsa:GEMEINDE:15090520,"Seehausen (Altmark), Hansestadt",party:F10,6,0,20,20,0
WAHLBEZIRK->GEMEINDE,lsa:GEMEINDE:15090520,"Seehausen (Altmark), Hansestadt",party:F11,6,0,3,3,0
WAHLBEZIRK->GEMEINDE,lsa:GEMEINDE:15090520,"Seehausen (Altmark), Hansestadt",party:F12,6,0,4,4,0
WAHLBEZIRK->GEMEINDE,lsa:GEMEINDE:15090520,"Seehausen (Altmark), Hansestadt",party:F15,6,0,140,140,0
WAHLBEZIRK->GEMEINDE,lsa:GEMEINDE:15090520,"Seehausen (Altmark), Hansestadt",party:F19,6,0,2,2,0
WAHLBEZIRK->GEMEINDE,lsa:GEMEINDE:15090520,"Seehausen (Altmark), Hansestadt",party:F2,6,0,1364,1364,0
WAHLBEZIRK->GEMEINDE,lsa:GEMEINDE:15090520,"Seehausen (Altmark), Hansestadt",party:F20,6,0,4,4,0
WAHLBEZIRK->GEMEINDE,lsa:GEMEINDE:15090520,"Seehausen (Altmark), Hansestadt",party:F3,6,0,259,259,0
WAHLBEZIRK->GEMEINDE,lsa:GEMEINDE:15090520,"Seehausen (Altmark), Hansestadt",party:F4,6,0,284,284,0
WAHLBEZIRK->GEMEINDE,lsa:GEMEINDE:15090520,"Seehausen (Altmark), Hansestadt",party:F5,6,0,73,73,0
WAHLBEZIRK->GEMEINDE,lsa:GEMEINDE:15090520,"Seehausen (Altmark), Hansestadt",party:F6,6,0,174,174,0
WAHLBEZIRK->GEMEINDE,lsa:GEMEINDE:15090520,"Seehausen (Altmark), Hansestadt",party:F7,6,0,53,53,0
WAHLBEZIRK->GEMEINDE,lsa:GEMEINDE:15090520,"Seehausen (Altmark), Hansestadt",party:F8,6,0,12,12,0
WAHLBEZIRK->GEMEINDE,lsa:GEMEINDE:15090520,"Seehausen (Altmark), Hansestadt",party:F9,6,0,15,15,0
WAHLBEZIRK->GEMEINDE,lsa:GEMEINDE:15090535,"Stendal, Hansestadt",reported_precincts,42,0,42,42,0
WAHLBEZIRK->GEMEINDE,lsa:GEMEINDE:15090535,"Stendal, Hansestadt",total_precincts,42,0,42,42,0
WAHLBEZIRK->GEMEINDE,lsa:GEMEINDE:15090535,"Stendal, Hansestadt",voters_total,42,0,22034,22034,0
WAHLBEZIRK->GEMEINDE,lsa:GEMEINDE:15090535,"Stendal, Hansestadt",valid_votes_erst,42,0,21750,21750,0
WAHLBEZIRK->GEMEINDE,lsa:GEMEINDE:15090535,"Stendal, Hansestadt",valid_votes_zweit,42,0,21790,21790,0
WAHLBEZIRK->GEMEINDE,lsa:GEMEINDE:15090535,"Stendal, Hansestadt",party:D1,42,0,5414,5414,0
WAHLBEZIRK->GEMEINDE,lsa:GEMEINDE:15090535,"Stendal, Hansestadt",party:D15,42,0,1112,1112,0
WAHLBEZIRK->GEMEINDE,lsa:GEMEINDE:15090535,"Stendal, Hansestadt",party:D2,42,0,9179,9179,0
WAHLBEZIRK->GEMEINDE,lsa:GEMEINDE:15090535,"Stendal, Hansestadt",party:D3,42,0,2371,2371,0
WAHLBEZIRK->GEMEINDE,lsa:GEMEINDE:15090535,"Stendal, Hansestadt",party:D4,42,0,1960,1960,0
WAHLBEZIRK->GEMEINDE,lsa:GEMEINDE:15090535,"Stendal, Hansestadt",party:D5,42,0,757,757,0
WAHLBEZIRK->GEMEINDE,lsa:GEMEINDE:15090535,"Stendal, Hansestadt",party:D6,42,0,957,957,0
WAHLBEZIRK->GEMEINDE,lsa:GEMEINDE:15090535,"Stendal, Hansestadt",party:F1,42,0,3675,3675,0
WAHLBEZIRK->GEMEINDE,lsa:GEMEINDE:15090535,"Stendal, Hansestadt",party:F10,42,0,111,111,0
WAHLBEZIRK->GEMEINDE,lsa:GEMEINDE:15090535,"Stendal, Hansestadt",party:F11,42,0,54,54,0
WAHLBEZIRK->GEMEINDE,lsa:GEMEINDE:15090535,"Stendal, Hansestadt",party:F12,42,0,107,107,0
WAHLBEZIRK->GEMEINDE,lsa:GEMEINDE:15090535,"Stendal, Hansestadt",party:F15,42,0,1408,1408,0
WAHLBEZIRK->GEMEINDE,lsa:GEMEINDE:15090535,"Stendal, Hansestadt",party:F19,42,0,31,31,0
WAHLBEZIRK->GEMEINDE,lsa:GEMEINDE:15090535,"Stendal, Hansestadt",party:F2,42,0,9155,9155,0
WAHLBEZIRK->GEMEINDE,lsa:GEMEINDE:15090535,"Stendal, Hansestadt",party:F20,42,0,76,76,0
WAHLBEZIRK->GEMEINDE,lsa:GEMEINDE:15090535,"Stendal, Hansestadt",party:F3,42,0,2046,2046,0
WAHLBEZIRK->GEMEINDE,lsa:GEMEINDE:15090535,"Stendal, Hansestadt",party:F4,42,0,2141,2141,0
WAHLBEZIRK->GEMEINDE,lsa:GEMEINDE:15090535,"Stendal, Hansestadt",party:F5,42,0,579,579,0
WAHLBEZIRK->GEMEINDE,lsa:GEMEINDE:15090535,"Stendal, Hansestadt",party:F6,42,0,1932,1932,0
WAHLBEZIRK->GEMEINDE,lsa:GEMEINDE:15090535,"Stendal, Hansestadt",party:F7,42,0,202,202,0
WAHLBEZIRK->GEMEINDE,lsa:GEMEINDE:15090535,"Stendal, Hansestadt",party:F8,42,0,29,29,0
WAHLBEZIRK->GEMEINDE,lsa:GEMEINDE:15090535,"Stendal, Hansestadt",party:F9,42,0,244,244,0
WAHLBEZIRK->GEMEINDE,lsa:GEMEINDE:15090546,"Tangerhütte, Stadt",reported_precincts,21,0,21,21,0
WAHLBEZIRK->GEMEINDE,lsa:GEMEINDE:15090546,"Tangerhütte, Stadt",total_precincts,21,0,21,21,0
WAHLBEZIRK->GEMEINDE,lsa:GEMEINDE:15090546,"Tangerhütte, Stadt",voters_total,21,0,6666,6666,0
WAHLBEZIRK->GEMEINDE,lsa:GEMEINDE:15090546,"Tangerhütte, Stadt",valid_votes_erst,21,0,6599,6599,0
WAHLBEZIRK->GEMEINDE,lsa:GEMEINDE:15090546,"Tangerhütte, Stadt",valid_votes_zweit,21,0,6610,6610,0
WAHLBEZIRK->GEMEINDE,lsa:GEMEINDE:15090546,"Tangerhütte, Stadt",party:D1,21,0,1598,1598,0
WAHLBEZIRK->GEMEINDE,lsa:GEMEINDE:15090546,"Tangerhütte, Stadt",party:D15,21,0,247,247,0
WAHLBEZIRK->GEMEINDE,lsa:GEMEINDE:15090546,"Tangerhütte, Stadt",party:D2,21,0,3422,3422,0
WAHLBEZIRK->GEMEINDE,lsa:GEMEINDE:15090546,"Tangerhütte, Stadt",party:D21,21,0,79,79,0
WAHLBEZIRK->GEMEINDE,lsa:GEMEINDE:15090546,"Tangerhütte, Stadt",party:D3,21,0,465,465,0
WAHLBEZIRK->GEMEINDE,lsa:GEMEINDE:15090546,"Tangerhütte, Stadt",party:D4,21,0,456,456,0
WAHLBEZIRK->GEMEINDE,lsa:GEMEINDE:15090546,"Tangerhütte, Stadt",party:D5,21,0,174,174,0
WAHLBEZIRK->GEMEINDE,lsa:GEMEINDE:15090546,"Tangerhütte, Stadt",party:D6,21,0,158,158,0
WAHLBEZIRK->GEMEINDE,lsa:GEMEINDE:15090546,"Tangerhütte, Stadt",party:F1,21,0,1150,1150,0
WAHLBEZIRK->GEMEINDE,lsa:GEMEINDE:15090546,"Tangerhütte, Stadt",party:F10,21,0,36,36,0
WAHLBEZIRK->GEMEINDE,lsa:GEMEINDE:15090546,"Tangerhütte, Stadt",party:F11,21,0,14,14,0
WAHLBEZIRK->GEMEINDE,lsa:GEMEINDE:15090546,"Tangerhütte, Stadt",party:F12,21,0,30,30,0
WAHLBEZIRK->GEMEINDE,lsa:GEMEINDE:15090546,"Tangerhütte, Stadt",party:F15,21,0,318,318,0
WAHLBEZIRK->GEMEINDE,lsa:GEMEINDE:15090546,"Tangerhütte, Stadt",party:F19,21,0,14,14,0
WAHLBEZIRK->GEMEINDE,lsa:GEMEINDE:15090546,"Tangerhütte, Stadt",party:F2,21,0,3300,3300,0
WAHLBEZIRK->GEMEINDE,lsa:GEMEINDE:15090546,"Tangerhütte, Stadt",party:F20,21,0,30,30,0
WAHLBEZIRK->GEMEINDE,lsa:GEMEINDE:15090546,"Tangerhütte, Stadt",party:F3,21,0,448,448,0
WAHLBEZIRK->GEMEINDE,lsa:GEMEINDE:15090546,"Tangerhütte, Stadt",party:F4,21,0,579,579,0
WAHLBEZIRK->GEMEINDE,lsa:GEMEINDE:15090546,"Tangerhütte, Stadt",party:F5,21,0,185,185,0
WAHLBEZIRK->GEMEINDE,lsa:GEMEINDE:15090546,"Tangerhütte, Stadt",party:F6,21,0,374,374,0
WAHLBEZIRK->GEMEINDE,lsa:GEMEINDE:15090546,"Tangerhütte, Stadt",party:F7,21,0,53,53,0
WAHLBEZIRK->GEMEINDE,lsa:GEMEINDE:15090546,"Tangerhütte, Stadt",party:F8,21,0,7,7,0
WAHLBEZIRK->GEMEINDE,lsa:GEMEINDE:15090546,"Tangerhütte, Stadt",party:F9,21,0,72,72,0
WAHLBEZIRK->GEMEINDE,lsa:GEMEINDE:15090550,"Tangermünde, Stadt",reported_precincts,14,0,14,14,0
WAHLBEZIRK->GEMEINDE,lsa:GEMEINDE:15090550,"Tangermünde, Stadt",total_precincts,14,0,14,14,0
WAHLBEZIRK->GEMEINDE,lsa:GEMEINDE:15090550,"Tangermünde, Stadt",voters_total,14,0,6967,6967,0
WAHLBEZIRK->GEMEINDE,lsa:GEMEINDE:15090550,"Tangermünde, Stadt",valid_votes_erst,14,0,6900,6900,0
WAHLBEZIRK->GEMEINDE,lsa:GEMEINDE:15090550,"Tangermünde, Stadt",valid_votes_zweit,14,0,6900,6900,0
WAHLBEZIRK->GEMEINDE,lsa:GEMEINDE:15090550,"Tangermünde, Stadt",party:D1,14,0,1622,1622,0
WAHLBEZIRK->GEMEINDE,lsa:GEMEINDE:15090550,"Tangermünde, Stadt",party:D15,14,0,236,236,0
WAHLBEZIRK->GEMEINDE,lsa:GEMEINDE:15090550,"Tangermünde, Stadt",party:D2,14,0,3385,3385,0
WAHLBEZIRK->GEMEINDE,lsa:GEMEINDE:15090550,"Tangermünde, Stadt",party:D21,14,0,78,78,0
WAHLBEZIRK->GEMEINDE,lsa:GEMEINDE:15090550,"Tangermünde, Stadt",party:D3,14,0,601,601,0
WAHLBEZIRK->GEMEINDE,lsa:GEMEINDE:15090550,"Tangermünde, Stadt",party:D4,14,0,696,696,0
WAHLBEZIRK->GEMEINDE,lsa:GEMEINDE:15090550,"Tangermünde, Stadt",party:D5,14,0,140,140,0
WAHLBEZIRK->GEMEINDE,lsa:GEMEINDE:15090550,"Tangermünde, Stadt",party:D6,14,0,142,142,0
WAHLBEZIRK->GEMEINDE,lsa:GEMEINDE:15090550,"Tangermünde, Stadt",party:F1,14,0,1182,1182,0
WAHLBEZIRK->GEMEINDE,lsa:GEMEINDE:15090550,"Tangermünde, Stadt",party:F10,14,0,32,32,0
WAHLBEZIRK->GEMEINDE,lsa:GEMEINDE:15090550,"Tangermünde, Stadt",party:F11,14,0,13,13,0
WAHLBEZIRK->GEMEINDE,lsa:GEMEINDE:15090550,"Tangermünde, Stadt",party:F12,14,0,33,33,0
WAHLBEZIRK->GEMEINDE,lsa:GEMEINDE:15090550,"Tangermünde, Stadt",party:F15,14,0,357,357,0
WAHLBEZIRK->GEMEINDE,lsa:GEMEINDE:15090550,"Tangermünde, Stadt",party:F19,14,0,10,10,0
WAHLBEZIRK->GEMEINDE,lsa:GEMEINDE:15090550,"Tangermünde, Stadt",party:F2,14,0,3272,3272,0
WAHLBEZIRK->GEMEINDE,lsa:GEMEINDE:15090550,"Tangermünde, Stadt",party:F20,14,0,29,29,0
WAHLBEZIRK->GEMEINDE,lsa:GEMEINDE:15090550,"Tangermünde, Stadt",party:F3,14,0,533,533,0
WAHLBEZIRK->GEMEINDE,lsa:GEMEINDE:15090550,"Tangermünde, Stadt",party:F4,14,0,618,618,0
WAHLBEZIRK->GEMEINDE,lsa:GEMEINDE:15090550,"Tangermünde, Stadt",party:F5,14,0,147,147,0
WAHLBEZIRK->GEMEINDE,lsa:GEMEINDE:15090550,"Tangermünde, Stadt",party:F6,14,0,526,526,0
WAHLBEZIRK->GEMEINDE,lsa:GEMEINDE:15090550,"Tangermünde, Stadt",party:F7,14,0,72,72,0
WAHLBEZIRK->GEMEINDE,lsa:GEMEINDE:15090550,"Tangermünde, Stadt",party:F8,14,0,7,7,0
WAHLBEZIRK->GEMEINDE,lsa:GEMEINDE:15090550,"Tangermünde, Stadt",party:F9,14,0,69,69,0
WAHLBEZIRK->GEMEINDE,lsa:GEMEINDE:15090610,"Werben (Elbe), Hansestadt",reported_precincts,3,0,3,3,0
WAHLBEZIRK->GEMEINDE,lsa:GEMEINDE:15090610,"Werben (Elbe), Hansestadt",total_precincts,3,0,3,3,0
WAHLBEZIRK->GEMEINDE,lsa:GEMEINDE:15090610,"Werben (Elbe), Hansestadt",voters_total,3,0,653,653,0
WAHLBEZIRK->GEMEINDE,lsa:GEMEINDE:15090610,"Werben (Elbe), Hansestadt",valid_votes_erst,3,0,643,643,0
WAHLBEZIRK->GEMEINDE,lsa:GEMEINDE:15090610,"Werben (Elbe), Hansestadt",valid_votes_zweit,3,0,643,643,0
WAHLBEZIRK->GEMEINDE,lsa:GEMEINDE:15090610,"Werben (Elbe), Hansestadt",party:D1,3,0,100,100,0
WAHLBEZIRK->GEMEINDE,lsa:GEMEINDE:15090610,"Werben (Elbe), Hansestadt",party:D15,3,0,27,27,0
WAHLBEZIRK->GEMEINDE,lsa:GEMEINDE:15090610,"Werben (Elbe), Hansestadt",party:D2,3,0,314,314,0
WAHLBEZIRK->GEMEINDE,lsa:GEMEINDE:15090610,"Werben (Elbe), Hansestadt",party:D3,3,0,89,89,0
WAHLBEZIRK->GEMEINDE,lsa:GEMEINDE:15090610,"Werben (Elbe), Hansestadt",party:D4,3,0,60,60,0
WAHLBEZIRK->GEMEINDE,lsa:GEMEINDE:15090610,"Werben (Elbe), Hansestadt",party:D5,3,0,23,23,0
WAHLBEZIRK->GEMEINDE,lsa:GEMEINDE:15090610,"Werben (Elbe), Hansestadt",party:D6,3,0,30,30,0
WAHLBEZIRK->GEMEINDE,lsa:GEMEINDE:15090610,"Werben (Elbe), Hansestadt",party:F1,3,0,96,96,0
WAHLBEZIRK->GEMEINDE,lsa:GEMEINDE:15090610,"Werben (Elbe), Hansestadt",party:F10,3,0,3,3,0
WAHLBEZIRK->GEMEINDE,lsa:GEMEINDE:15090610,"Werben (Elbe), Hansestadt",party:F11,3,0,0,0,0
WAHLBEZIRK->GEMEINDE,lsa:GEMEINDE:15090610,"Werben (Elbe), Hansestadt",party:F12,3,0,3,3,0
WAHLBEZIRK->GEMEINDE,lsa:GEMEINDE:15090610,"Werben (Elbe), Hansestadt",party:F15,3,0,39,39,0
WAHLBEZIRK->GEMEINDE,lsa:GEMEINDE:15090610,"Werben (Elbe), Hansestadt",party:F19,3,0,1,1,0
WAHLBEZIRK->GEMEINDE,lsa:GEMEINDE:15090610,"Werben (Elbe), Hansestadt",party:F2,3,0,316,316,0
WAHLBEZIRK->GEMEINDE,lsa:GEMEINDE:15090610,"Werben (Elbe), Hansestadt",party:F20,3,0,3,3,0
WAHLBEZIRK->GEMEINDE,lsa:GEMEINDE:15090610,"Werben (Elbe), Hansestadt",party:F3,3,0,49,49,0
WAHLBEZIRK->GEMEINDE,lsa:GEMEINDE:15090610,"Werben (Elbe), Hansestadt",party:F4,3,0,65,65,0
WAHLBEZIRK->GEMEINDE,lsa:GEMEINDE:15090610,"Werben (Elbe), Hansestadt",party:F5,3,0,13,13,0
WAHLBEZIRK->GEMEINDE,lsa:GEMEINDE:15090610,"Werben (Elbe), Hansestadt",party:F6,3,0,44,44,0
WAHLBEZIRK->GEMEINDE,lsa:GEMEINDE:15090610,"Werben (Elbe), Hansestadt",party:F7,3,0,5,5,0
WAHLBEZIRK->GEMEINDE,lsa:GEMEINDE:15090610,"Werben (Elbe), Hansestadt",party:F8,3,0,1,1,0
WAHLBEZIRK->GEMEINDE,lsa:GEMEINDE:15090610,"Werben (Elbe), Hansestadt",party:F9,3,0,5,5,0
WAHLBEZIRK->GEMEINDE,lsa:GEMEINDE:15090631,Wust-Fischbeck,reported_precincts,4,0,4,4,0
WAHLBEZIRK->GEMEINDE,lsa:GEMEINDE:15090631,Wust-Fischbeck,total_precincts,4,0,4,4,0
WAHLBEZIRK->GEMEINDE,lsa:GEMEINDE:15090631,Wust-Fischbeck,voters_total,4,0,811,811,0
WAHLBEZIRK->GEMEINDE,lsa:GEMEINDE:15090631,Wust-Fischbeck,valid_votes_erst,4,0,798,798,0
WAHLBEZIRK->GEMEINDE,lsa:GEMEINDE:15090631,Wust-Fischbeck,valid_votes_zweit,4,0,799,799,0
WAHLBEZIRK->GEMEINDE,lsa:GEMEINDE:15090631,Wust-Fischbeck,party:D1,4,0,192,192,0
WAHLBEZIRK->GEMEINDE,lsa:GEMEINDE:15090631,Wust-Fischbeck,party:D15,4,0,35,35,0
WAHLBEZIRK->GEMEINDE,lsa:GEMEINDE:15090631,Wust-Fischbeck,party:D2,4,0,405,405,0
WAHLBEZIRK->GEMEINDE,lsa:GEMEINDE:15090631,Wust-Fischbeck,party:D3,4,0,69,69,0
WAHLBEZIRK->GEMEINDE,lsa:GEMEINDE:15090631,Wust-Fischbeck,party:D4,4,0,50,50,0
WAHLBEZIRK->GEMEINDE,lsa:GEMEINDE:15090631,Wust-Fischbeck,party:D5,4,0,23,23,0
WAHLBEZIRK->GEMEINDE,lsa:GEMEINDE:15090631,Wust-Fischbeck,party:D6,4,0,24,24,0
WAHLBEZIRK->GEMEINDE,lsa:GEMEINDE:15090631,Wust-Fischbeck,party:F1,4,0,114,114,0
WAHLBEZIRK->GEMEINDE,lsa:GEMEINDE:15090631,Wust-Fischbeck,party:F10,4,0,4,4,0
WAHLBEZIRK->GEMEINDE,lsa:GEMEINDE:15090631,Wust-Fischbeck,party:F11,4,0,1,1,0
WAHLBEZIRK->GEMEINDE,lsa:GEMEINDE:15090631,Wust-Fischbeck,party:F12,4,0,2,2,0
WAHLBEZIRK->GEMEINDE,lsa:GEMEINDE:15090631,Wust-Fischbeck,party:F15,4,0,37,37,0
WAHLBEZIRK->GEMEINDE,lsa:GEMEINDE:15090631,Wust-Fischbeck,party:F19,4,0,1,1,0
WAHLBEZIRK->GEMEINDE,lsa:GEMEINDE:15090631,Wust-Fischbeck,party:F2,4,0,391,391,0
WAHLBEZIRK->GEMEINDE,lsa:GEMEINDE:15090631,Wust-Fischbeck,party:F20,4,0,1,1,0
WAHLBEZIRK->GEMEINDE,lsa:GEMEINDE:15090631,Wust-Fischbeck,party:F3,4,0,53,53,0
WAHLBEZIRK->GEMEINDE,lsa:GEMEINDE:15090631,Wust-Fischbeck,party:F4,4,0,84,84,0
WAHLBEZIRK->GEMEINDE,lsa:GEMEINDE:15090631,Wust-Fischbeck,party:F5,4,0,21,21,0
WAHLBEZIRK->GEMEINDE,lsa:GEMEINDE:15090631,Wust-Fischbeck,party:F6,4,0,62,62,0
WAHLBEZIRK->GEMEINDE,lsa:GEMEINDE:15090631,Wust-Fischbeck,party:F7,4,0,22,22,0
WAHLBEZIRK->GEMEINDE,lsa:GEMEINDE:15090631,Wust-Fischbeck,party:F8,4,0,3,3,0
WAHLBEZIRK->GEMEINDE,lsa:GEMEINDE:15090631,Wust-Fischbeck,party:F9,4,0,3,3,0
WAHLBEZIRK->GEMEINDE,lsa:GEMEINDE:15090635,Zehrental,reported_precincts,3,0,3,3,0
WAHLBEZIRK->GEMEINDE,lsa:GEMEINDE:15090635,Zehrental,total_precincts,3,0,3,3,0
WAHLBEZIRK->GEMEINDE,lsa:GEMEINDE:15090635,Zehrental,voters_total,3,0,535,535,0
WAHLBEZIRK->GEMEINDE,lsa:GEMEINDE:15090635,Zehrental,valid_votes_erst,3,0,528,528,0
WAHLBEZIRK->GEMEINDE,lsa:GEMEINDE:15090635,Zehrental,valid_votes_zweit,3,0,529,529,0
WAHLBEZIRK->GEMEINDE,lsa:GEMEINDE:15090635,Zehrental,party:D1,3,0,123,123,0
WAHLBEZIRK->GEMEINDE,lsa:GEMEINDE:15090635,Zehrental,party:D15,3,0,19,19,0
WAHLBEZIRK->GEMEINDE,lsa:GEMEINDE:15090635,Zehrental,party:D2,3,0,256,256,0
WAHLBEZIRK->GEMEINDE,lsa:GEMEINDE:15090635,Zehrental,party:D3,3,0,49,49,0
WAHLBEZIRK->GEMEINDE,lsa:GEMEINDE:15090635,Zehrental,party:D4,3,0,50,50,0
WAHLBEZIRK->GEMEINDE,lsa:GEMEINDE:15090635,Zehrental,party:D5,3,0,10,10,0
WAHLBEZIRK->GEMEINDE,lsa:GEMEINDE:15090635,Zehrental,party:D6,3,0,21,21,0
WAHLBEZIRK->GEMEINDE,lsa:GEMEINDE:15090635,Zehrental,party:F1,3,0,92,92,0
WAHLBEZIRK->GEMEINDE,lsa:GEMEINDE:15090635,Zehrental,party:F10,3,0,3,3,0
WAHLBEZIRK->GEMEINDE,lsa:GEMEINDE:15090635,Zehrental,party:F11,3,0,1,1,0
WAHLBEZIRK->GEMEINDE,lsa:GEMEINDE:15090635,Zehrental,party:F12,3,0,2,2,0
WAHLBEZIRK->GEMEINDE,lsa:GEMEINDE:15090635,Zehrental,party:F15,3,0,22,22,0
WAHLBEZIRK->GEMEINDE,lsa:GEMEINDE:15090635,Zehrental,party:F19,3,0,1,1,0
WAHLBEZIRK->GEMEINDE,lsa:GEMEINDE:15090635,Zehrental,party:F2,3,0,253,253,0
WAHLBEZIRK->GEMEINDE,lsa:GEMEINDE:15090635,Zehrental,party:F20,3,0,2,2,0
WAHLBEZIRK->GEMEINDE,lsa:GEMEINDE:15090635,Zehrental,party:F3,3,0,32,32,0
WAHLBEZIRK->GEMEINDE,lsa:GEMEINDE:15090635,Zehrental,party:F4,3,0,68,68,0
WAHLBEZIRK->GEMEINDE,lsa:GEMEINDE:15090635,Zehrental,party:F5,3,0,7,7,0
WAHLBEZIRK->GEMEINDE,lsa:GEMEINDE:15090635,Zehrental,party:F6,3,0,37,37,0
WAHLBEZIRK->GEMEINDE,lsa:GEMEINDE:15090635,Zehrental,party:F7,3,0,7,7,0
WAHLBEZIRK->GEMEINDE,lsa:GEMEINDE:15090635,Zehrental,party:F8,3,0,0,0,0
WAHLBEZIRK->GEMEINDE,lsa:GEMEINDE:15090635,Zehrental,party:F9,3,0,2,2,0
WAHLBEZIRK->GEMEINDE,lsa:GEMEINDE:15091010,"Annaburg, Stadt",reported_precincts,14,0,14,14,0
WAHLBEZIRK->GEMEINDE,lsa:GEMEINDE:15091010,"Annaburg, Stadt",total_precincts,14,0,14,14,0
WAHLBEZIRK->GEMEINDE,lsa:GEMEINDE:15091010,"Annaburg, Stadt",voters_total,14,0,4038,4038,0
WAHLBEZIRK->GEMEINDE,lsa:GEMEINDE:15091010,"Annaburg, Stadt",valid_votes_erst,14,0,3986,3986,0
WAHLBEZIRK->GEMEINDE,lsa:GEMEINDE:15091010,"Annaburg, Stadt",valid_votes_zweit,14,0,3988,3988,0
WAHLBEZIRK->GEMEINDE,lsa:GEMEINDE:15091010,"Annaburg, Stadt",party:D1,14,0,905,905,0
WAHLBEZIRK->GEMEINDE,lsa:GEMEINDE:15091010,"Annaburg, Stadt",party:D2,14,0,2198,2198,0
WAHLBEZIRK->GEMEINDE,lsa:GEMEINDE:15091010,"Annaburg, Stadt",party:D3,14,0,343,343,0
WAHLBEZIRK->GEMEINDE,lsa:GEMEINDE:15091010,"Annaburg, Stadt",party:D4,14,0,168,168,0
WAHLBEZIRK->GEMEINDE,lsa:GEMEINDE:15091010,"Annaburg, Stadt",party:D5,14,0,68,68,0
WAHLBEZIRK->GEMEINDE,lsa:GEMEINDE:15091010,"Annaburg, Stadt",party:D6,14,0,82,82,0
WAHLBEZIRK->GEMEINDE,lsa:GEMEINDE:15091010,"Annaburg, Stadt",party:D7,14,0,222,222,0
WAHLBEZIRK->GEMEINDE,lsa:GEMEINDE:15091010,"Annaburg, Stadt",party:F1,14,0,723,723,0
WAHLBEZIRK->GEMEINDE,lsa:GEMEINDE:15091010,"Annaburg, Stadt",party:F10,14,0,19,19,0
WAHLBEZIRK->GEMEINDE,lsa:GEMEINDE:15091010,"Annaburg, Stadt",party:F11,14,0,9,9,0
WAHLBEZIRK->GEMEINDE,lsa:GEMEINDE:15091010,"Annaburg, Stadt",party:F12,14,0,18,18,0
WAHLBEZIRK->GEMEINDE,lsa:GEMEINDE:15091010,"Annaburg, Stadt",party:F15,14,0,201,201,0
WAHLBEZIRK->GEMEINDE,lsa:GEMEINDE:15091010,"Annaburg, Stadt",party:F19,14,0,6,6,0
WAHLBEZIRK->GEMEINDE,lsa:GEMEINDE:15091010,"Annaburg, Stadt",party:F2,14,0,2162,2162,0
WAHLBEZIRK->GEMEINDE,lsa:GEMEINDE:15091010,"Annaburg, Stadt",party:F20,14,0,9,9,0
WAHLBEZIRK->GEMEINDE,lsa:GEMEINDE:15091010,"Annaburg, Stadt",party:F3,14,0,275,275,0
WAHLBEZIRK->GEMEINDE,lsa:GEMEINDE:15091010,"Annaburg, Stadt",party:F4,14,0,212,212,0
WAHLBEZIRK->GEMEINDE,lsa:GEMEINDE:15091010,"Annaburg, Stadt",party:F5,14,0,60,60,0
WAHLBEZIRK->GEMEINDE,lsa:GEMEINDE:15091010,"Annaburg, Stadt",party:F6,14,0,140,140,0
WAHLBEZIRK->GEMEINDE,lsa:GEMEINDE:15091010,"Annaburg, Stadt",party:F7,14,0,110,110,0
WAHLBEZIRK->GEMEINDE,lsa:GEMEINDE:15091010,"Annaburg, Stadt",party:F8,14,0,6,6,0
WAHLBEZIRK->GEMEINDE,lsa:GEMEINDE:15091010,"Annaburg, Stadt",party:F9,14,0,38,38,0
WAHLBEZIRK->GEMEINDE,lsa:GEMEINDE:15091020,"Bad Schmiedeberg, Stadt",reported_precincts,13,0,13,13,0
WAHLBEZIRK->GEMEINDE,lsa:GEMEINDE:15091020,"Bad Schmiedeberg, Stadt",total_precincts,13,0,13,13,0
WAHLBEZIRK->GEMEINDE,lsa:GEMEINDE:15091020,"Bad Schmiedeberg, Stadt",voters_total,13,0,5238,5238,0
WAHLBEZIRK->GEMEINDE,lsa:GEMEINDE:15091020,"Bad Schmiedeberg, Stadt",valid_votes_erst,13,0,5186,5186,0
WAHLBEZIRK->GEMEINDE,lsa:GEMEINDE:15091020,"Bad Schmiedeberg, Stadt",valid_votes_zweit,13,0,5190,5190,0
WAHLBEZIRK->GEMEINDE,lsa:GEMEINDE:15091020,"Bad Schmiedeberg, Stadt",party:D1,13,0,1334,1334,0
WAHLBEZIRK->GEMEINDE,lsa:GEMEINDE:15091020,"Bad Schmiedeberg, Stadt",party:D2,13,0,2495,2495,0
WAHLBEZIRK->GEMEINDE,lsa:GEMEINDE:15091020,"Bad Schmiedeberg, Stadt",party:D3,13,0,381,381,0
WAHLBEZIRK->GEMEINDE,lsa:GEMEINDE:15091020,"Bad Schmiedeberg, Stadt",party:D4,13,0,311,311,0
WAHLBEZIRK->GEMEINDE,lsa:GEMEINDE:15091020,"Bad Schmiedeberg, Stadt",party:D5,13,0,115,115,0
WAHLBEZIRK->GEMEINDE,lsa:GEMEINDE:15091020,"Bad Schmiedeberg, Stadt",party:D6,13,0,126,126,0
WAHLBEZIRK->GEMEINDE,lsa:GEMEINDE:15091020,"Bad Schmiedeberg, Stadt",party:D7,13,0,424,424,0
WAHLBEZIRK->GEMEINDE,lsa:GEMEINDE:15091020,"Bad Schmiedeberg, Stadt",party:F1,13,0,1079,1079,0
WAHLBEZIRK->GEMEINDE,lsa:GEMEINDE:15091020,"Bad Schmiedeberg, Stadt",party:F10,13,0,19,19,0
WAHLBEZIRK->GEMEINDE,lsa:GEMEINDE:15091020,"Bad Schmiedeberg, Stadt",party:F11,13,0,8,8,0
WAHLBEZIRK->GEMEINDE,lsa:GEMEINDE:15091020,"Bad Schmiedeberg, Stadt",party:F12,13,0,21,21,0
WAHLBEZIRK->GEMEINDE,lsa:GEMEINDE:15091020,"Bad Schmiedeberg, Stadt",party:F15,13,0,195,195,0
WAHLBEZIRK->GEMEINDE,lsa:GEMEINDE:15091020,"Bad Schmiedeberg, Stadt",party:F19,13,0,5,5,0
WAHLBEZIRK->GEMEINDE,lsa:GEMEINDE:15091020,"Bad Schmiedeberg, Stadt",party:F2,13,0,2482,2482,0
WAHLBEZIRK->GEMEINDE,lsa:GEMEINDE:15091020,"Bad Schmiedeberg, Stadt",party:F20,13,0,7,7,0
WAHLBEZIRK->GEMEINDE,lsa:GEMEINDE:15091020,"Bad Schmiedeberg, Stadt",party:F3,13,0,344,344,0
WAHLBEZIRK->GEMEINDE,lsa:GEMEINDE:15091020,"Bad Schmiedeberg, Stadt",party:F4,13,0,366,366,0
WAHLBEZIRK->GEMEINDE,lsa:GEMEINDE:15091020,"Bad Schmiedeberg, Stadt",party:F5,13,0,118,118,0
WAHLBEZIRK->GEMEINDE,lsa:GEMEINDE:15091020,"Bad Schmiedeberg, Stadt",party:F6,13,0,318,318,0
WAHLBEZIRK->GEMEINDE,lsa:GEMEINDE:15091020,"Bad Schmiedeberg, Stadt",party:F7,13,0,179,179,0
WAHLBEZIRK->GEMEINDE,lsa:GEMEINDE:15091020,"Bad Schmiedeberg, Stadt",party:F8,13,0,8,8,0
WAHLBEZIRK->GEMEINDE,lsa:GEMEINDE:15091020,"Bad Schmiedeberg, Stadt",party:F9,13,0,41,41,0
WAHLBEZIRK->GEMEINDE,lsa:GEMEINDE:15091060,"Coswig (Anhalt), Stadt",reported_precincts,25,0,25,25,0
WAHLBEZIRK->GEMEINDE,lsa:GEMEINDE:15091060,"Coswig (Anhalt), Stadt",total_precincts,25,0,25,25,0
WAHLBEZIRK->GEMEINDE,lsa:GEMEINDE:15091060,"Coswig (Anhalt), Stadt",voters_total,25,0,7325,7325,0
WAHLBEZIRK->GEMEINDE,lsa:GEMEINDE:15091060,"Coswig (Anhalt), Stadt",valid_votes_erst,25,0,7240,7240,0
WAHLBEZIRK->GEMEINDE,lsa:GEMEINDE:15091060,"Coswig (Anhalt), Stadt",valid_votes_zweit,25,0,7251,7251,0
WAHLBEZIRK->GEMEINDE,lsa:GEMEINDE:15091060,"Coswig (Anhalt), Stadt",party:D1,25,0,1734,1734,0
WAHLBEZIRK->GEMEINDE,lsa:GEMEINDE:15091060,"Coswig (Anhalt), Stadt",party:D13,25,0,63,63,0
WAHLBEZIRK->GEMEINDE,lsa:GEMEINDE:15091060,"Coswig (Anhalt), Stadt",party:D2,25,0,3674,3674,0
WAHLBEZIRK->GEMEINDE,lsa:GEMEINDE:15091060,"Coswig (Anhalt), Stadt",party:D3,25,0,684,684,0
WAHLBEZIRK->GEMEINDE,lsa:GEMEINDE:15091060,"Coswig (Anhalt), Stadt",party:D4,25,0,437,437,0
WAHLBEZIRK->GEMEINDE,lsa:GEMEINDE:15091060,"Coswig (Anhalt), Stadt",party:D5,25,0,179,179,0
WAHLBEZIRK->GEMEINDE,lsa:GEMEINDE:15091060,"Coswig (Anhalt), Stadt",party:D6,25,0,177,177,0
WAHLBEZIRK->GEMEINDE,lsa:GEMEINDE:15091060,"Coswig (Anhalt), Stadt",party:D7,25,0,292,292,0
WAHLBEZIRK->GEMEINDE,lsa:GEMEINDE:15091060,"Coswig (Anhalt), Stadt",party:F1,25,0,1320,1320,0
WAHLBEZIRK->GEMEINDE,lsa:GEMEINDE:15091060,"Coswig (Anhalt), Stadt",party:F10,25,0,34,34,0
WAHLBEZIRK->GEMEINDE,lsa:GEMEINDE:15091060,"Coswig (Anhalt), Stadt",party:F11,25,0,19,19,0
WAHLBEZIRK->GEMEINDE,lsa:GEMEINDE:15091060,"Coswig (Anhalt), Stadt",party:F12,25,0,37,37,0
WAHLBEZIRK->GEMEINDE,lsa:GEMEINDE:15091060,"Coswig (Anhalt), Stadt",party:F15,25,0,328,328,0
WAHLBEZIRK->GEMEINDE,lsa:GEMEINDE:15091060,"Coswig (Anhalt), Stadt",party:F19,25,0,5,5,0
WAHLBEZIRK->GEMEINDE,lsa:GEMEINDE:15091060,"Coswig (Anhalt), Stadt",party:F2,25,0,3584,3584,0
WAHLBEZIRK->GEMEINDE,lsa:GEMEINDE:15091060,"Coswig (Anhalt), Stadt",party:F20,25,0,24,24,0
WAHLBEZIRK->GEMEINDE,lsa:GEMEINDE:15091060,"Coswig (Anhalt), Stadt",party:F3,25,0,558,558,0
WAHLBEZIRK->GEMEINDE,lsa:GEMEINDE:15091060,"Coswig (Anhalt), Stadt",party:F4,25,0,539,539,0
WAHLBEZIRK->GEMEINDE,lsa:GEMEINDE:15091060,"Coswig (Anhalt), Stadt",party:F5,25,0,155,155,0
WAHLBEZIRK->GEMEINDE,lsa:GEMEINDE:15091060,"Coswig (Anhalt), Stadt",party:F6,25,0,402,402,0
WAHLBEZIRK->GEMEINDE,lsa:GEMEINDE:15091060,"Coswig (Anhalt), Stadt",party:F7,25,0,155,155,0
WAHLBEZIRK->GEMEINDE,lsa:GEMEINDE:15091060,"Coswig (Anhalt), Stadt",party:F8,25,0,8,8,0
WAHLBEZIRK->GEMEINDE,lsa:GEMEINDE:15091060,"Coswig (Anhalt), Stadt",party:F9,25,0,83,83,0
WAHLBEZIRK->GEMEINDE,lsa:GEMEINDE:15091110,"Gräfenhainichen, Stadt",reported_precincts,14,0,14,14,0
WAHLBEZIRK->GEMEINDE,lsa:GEMEINDE:15091110,"Gräfenhainichen, Stadt",total_precincts,14,0,14,14,0
WAHLBEZIRK->GEMEINDE,lsa:GEMEINDE:15091110,"Gräfenhainichen, Stadt",voters_total,14,0,7258,7258,0
WAHLBEZIRK->GEMEINDE,lsa:GEMEINDE:15091110,"Gräfenhainichen, Stadt",valid_votes_erst,14,0,7158,7158,0
WAHLBEZIRK->GEMEINDE,lsa:GEMEINDE:15091110,"Gräfenhainichen, Stadt",valid_votes_zweit,14,0,7181,7181,0
WAHLBEZIRK->GEMEINDE,lsa:GEMEINDE:15091110,"Gräfenhainichen, Stadt",party:D1,14,0,1590,1590,0
WAHLBEZIRK->GEMEINDE,lsa:GEMEINDE:15091110,"Gräfenhainichen, Stadt",party:D2,14,0,3742,3742,0
WAHLBEZIRK->GEMEINDE,lsa:GEMEINDE:15091110,"Gräfenhainichen, Stadt",party:D3,14,0,681,681,0
WAHLBEZIRK->GEMEINDE,lsa:GEMEINDE:15091110,"Gräfenhainichen, Stadt",party:D4,14,0,510,510,0
WAHLBEZIRK->GEMEINDE,lsa:GEMEINDE:15091110,"Gräfenhainichen, Stadt",party:D5,14,0,142,142,0
WAHLBEZIRK->GEMEINDE,lsa:GEMEINDE:15091110,"Gräfenhainichen, Stadt",party:D6,14,0,155,155,0
WAHLBEZIRK->GEMEINDE,lsa:GEMEINDE:15091110,"Gräfenhainichen, Stadt",party:D7,14,0,338,338,0
WAHLBEZIRK->GEMEINDE,lsa:GEMEINDE:15091110,"Gräfenhainichen, Stadt",party:F1,14,0,1311,1311,0
WAHLBEZIRK->GEMEINDE,lsa:GEMEINDE:15091110,"Gräfenhainichen, Stadt",party:F10,14,0,29,29,0
WAHLBEZIRK->GEMEINDE,lsa:GEMEINDE:15091110,"Gräfenhainichen, Stadt",party:F11,14,0,15,15,0
WAHLBEZIRK->GEMEINDE,lsa:GEMEINDE:15091110,"Gräfenhainichen, Stadt",party:F12,14,0,44,44,0
WAHLBEZIRK->GEMEINDE,lsa:GEMEINDE:15091110,"Gräfenhainichen, Stadt",party:F15,14,0,314,314,0
WAHLBEZIRK->GEMEINDE,lsa:GEMEINDE:15091110,"Gräfenhainichen, Stadt",party:F19,14,0,14,14,0
WAHLBEZIRK->GEMEINDE,lsa:GEMEINDE:15091110,"Gräfenhainichen, Stadt",party:F2,14,0,3671,3671,0
WAHLBEZIRK->GEMEINDE,lsa:GEMEINDE:15091110,"Gräfenhainichen, Stadt",party:F20,14,0,21,21,0
WAHLBEZIRK->GEMEINDE,lsa:GEMEINDE:15091110,"Gräfenhainichen, Stadt",party:F3,14,0,548,548,0
WAHLBEZIRK->GEMEINDE,lsa:GEMEINDE:15091110,"Gräfenhainichen, Stadt",party:F4,14,0,515,515,0
WAHLBEZIRK->GEMEINDE,lsa:GEMEINDE:15091110,"Gräfenhainichen, Stadt",party:F5,14,0,145,145,0
WAHLBEZIRK->GEMEINDE,lsa:GEMEINDE:15091110,"Gräfenhainichen, Stadt",party:F6,14,0,345,345,0
WAHLBEZIRK->GEMEINDE,lsa:GEMEINDE:15091110,"Gräfenhainichen, Stadt",party:F7,14,0,120,120,0
WAHLBEZIRK->GEMEINDE,lsa:GEMEINDE:15091110,"Gräfenhainichen, Stadt",party:F8,14,0,7,7,0
WAHLBEZIRK->GEMEINDE,lsa:GEMEINDE:15091110,"Gräfenhainichen, Stadt",party:F9,14,0,82,82,0
WAHLBEZIRK->GEMEINDE,lsa:GEMEINDE:15091145,"Jessen (Elster), Stadt",reported_precincts,23,0,23,23,0
WAHLBEZIRK->GEMEINDE,lsa:GEMEINDE:15091145,"Jessen (Elster), Stadt",total_precincts,23,0,23,23,0
WAHLBEZIRK->GEMEINDE,lsa:GEMEINDE:15091145,"Jessen (Elster), Stadt",voters_total,23,0,8707,8707,0
WAHLBEZIRK->GEMEINDE,lsa:GEMEINDE:15091145,"Jessen (Elster), Stadt",valid_votes_erst,23,0,8603,8603,0
WAHLBEZIRK->GEMEINDE,lsa:GEMEINDE:15091145,"Jessen (Elster), Stadt",valid_votes_zweit,23,0,8625,8625,0
WAHLBEZIRK->GEMEINDE,lsa:GEMEINDE:15091145,"Jessen (Elster), Stadt",party:D1,23,0,2289,2289,0
WAHLBEZIRK->GEMEINDE,lsa:GEMEINDE:15091145,"Jessen (Elster), Stadt",party:D2,23,0,4201,4201,0
WAHLBEZIRK->GEMEINDE,lsa:GEMEINDE:15091145,"Jessen (Elster), Stadt",party:D3,23,0,840,840,0
WAHLBEZIRK->GEMEINDE,lsa:GEMEINDE:15091145,"Jessen (Elster), Stadt",party:D4,23,0,481,481,0
WAHLBEZIRK->GEMEINDE,lsa:GEMEINDE:15091145,"Jessen (Elster), Stadt",party:D5,23,0,180,180,0
WAHLBEZIRK->GEMEINDE,lsa:GEMEINDE:15091145,"Jessen (Elster), Stadt",party:D6,23,0,194,194,0
WAHLBEZIRK->GEMEINDE,lsa:GEMEINDE:15091145,"Jessen (Elster), Stadt",party:D7,23,0,418,418,0
WAHLBEZIRK->GEMEINDE,lsa:GEMEINDE:15091145,"Jessen (Elster), Stadt",party:F1,23,0,1745,1745,0
WAHLBEZIRK->GEMEINDE,lsa:GEMEINDE:15091145,"Jessen (Elster), Stadt",party:F10,23,0,49,49,0
WAHLBEZIRK->GEMEINDE,lsa:GEMEINDE:15091145,"Jessen (Elster), Stadt",party:F11,23,0,16,16,0
WAHLBEZIRK->GEMEINDE,lsa:GEMEINDE:15091145,"Jessen (Elster), Stadt",party:F12,23,0,38,38,0
WAHLBEZIRK->GEMEINDE,lsa:GEMEINDE:15091145,"Jessen (Elster), Stadt",party:F15,23,0,487,487,0
WAHLBEZIRK->GEMEINDE,lsa:GEMEINDE:15091145,"Jessen (Elster), Stadt",party:F19,23,0,16,16,0
WAHLBEZIRK->GEMEINDE,lsa:GEMEINDE:15091145,"Jessen (Elster), Stadt",party:F2,23,0,4111,4111,0
WAHLBEZIRK->GEMEINDE,lsa:GEMEINDE:15091145,"Jessen (Elster), Stadt",party:F20,23,0,37,37,0
WAHLBEZIRK->GEMEINDE,lsa:GEMEINDE:15091145,"Jessen (Elster), Stadt",party:F3,23,0,647,647,0
WAHLBEZIRK->GEMEINDE,lsa:GEMEINDE:15091145,"Jessen (Elster), Stadt",party:F4,23,0,595,595,0
WAHLBEZIRK->GEMEINDE,lsa:GEMEINDE:15091145,"Jessen (Elster), Stadt",party:F5,23,0,198,198,0
WAHLBEZIRK->GEMEINDE,lsa:GEMEINDE:15091145,"Jessen (Elster), Stadt",party:F6,23,0,409,409,0
WAHLBEZIRK->GEMEINDE,lsa:GEMEINDE:15091145,"Jessen (Elster), Stadt",party:F7,23,0,168,168,0
WAHLBEZIRK->GEMEINDE,lsa:GEMEINDE:15091145,"Jessen (Elster), Stadt",party:F8,23,0,10,10,0
WAHLBEZIRK->GEMEINDE,lsa:GEMEINDE:15091145,"Jessen (Elster), Stadt",party:F9,23,0,99,99,0
WAHLBEZIRK->GEMEINDE,lsa:GEMEINDE:15091160,"Kemberg, Stadt",reported_precincts,17,0,17,17,0
WAHLBEZIRK->GEMEINDE,lsa:GEMEINDE:15091160,"Kemberg, Stadt",total_precincts,17,0,17,17,0
WAHLBEZIRK->GEMEINDE,lsa:GEMEINDE:15091160,"Kemberg, Stadt",voters_total,17,0,6501,6501,0
WAHLBEZIRK->GEMEINDE,lsa:GEMEINDE:15091160,"Kemberg, Stadt",valid_votes_erst,17,0,6422,6422,0
WAHLBEZIRK->GEMEINDE,lsa:GEMEINDE:15091160,"Kemberg, Stadt",valid_votes_zweit,17,0,6438,6438,0
WAHLBEZIRK->GEMEINDE,lsa:GEMEINDE:15091160,"Kemberg, Stadt",party:D1,17,0,1748,1748,0
WAHLBEZIRK->GEMEINDE,lsa:GEMEINDE:15091160,"Kemberg, Stadt",party:D2,17,0,2994,2994,0
WAHLBEZIRK->GEMEINDE,lsa:GEMEINDE:15091160,"Kemberg, Stadt",party:D3,17,0,616,616,0
WAHLBEZIRK->GEMEINDE,lsa:GEMEINDE:15091160,"Kemberg, Stadt",party:D4,17,0,417,417,0
WAHLBEZIRK->GEMEINDE,lsa:GEMEINDE:15091160,"Kemberg, Stadt",party:D5,17,0,121,121,0
WAHLBEZIRK->GEMEINDE,lsa:GEMEINDE:15091160,"Kemberg, Stadt",party:D6,17,0,157,157,0
WAHLBEZIRK->GEMEINDE,lsa:GEMEINDE:15091160,"Kemberg, Stadt",party:D7,17,0,369,369,0
WAHLBEZIRK->GEMEINDE,lsa:GEMEINDE:15091160,"Kemberg, Stadt",party:F1,17,0,1410,1410,0
WAHLBEZIRK->GEMEINDE,lsa:GEMEINDE:15091160,"Kemberg, Stadt",party:F10,17,0,24,24,0
WAHLBEZIRK->GEMEINDE,lsa:GEMEINDE:15091160,"Kemberg, Stadt",party:F11,17,0,9,9,0
WAHLBEZIRK->GEMEINDE,lsa:GEMEINDE:15091160,"Kemberg, Stadt",party:F12,17,0,34,34,0
WAHLBEZIRK->GEMEINDE,lsa:GEMEINDE:15091160,"Kemberg, Stadt",party:F15,17,0,280,280,0
WAHLBEZIRK->GEMEINDE,lsa:GEMEINDE:15091160,"Kemberg, Stadt",party:F19,17,0,9,9,0
WAHLBEZIRK->GEMEINDE,lsa:GEMEINDE:15091160,"Kemberg, Stadt",party:F2,17,0,2950,2950,0
WAHLBEZIRK->GEMEINDE,lsa:GEMEINDE:15091160,"Kemberg, Stadt",party:F20,17,0,15,15,0
WAHLBEZIRK->GEMEINDE,lsa:GEMEINDE:15091160,"Kemberg, Stadt",party:F3,17,0,483,483,0
WAHLBEZIRK->GEMEINDE,lsa:GEMEINDE:15091160,"Kemberg, Stadt",party:F4,17,0,501,501,0
WAHLBEZIRK->GEMEINDE,lsa:GEMEINDE:15091160,"Kemberg, Stadt",party:F5,17,0,116,116,0
WAHLBEZIRK->GEMEINDE,lsa:GEMEINDE:15091160,"Kemberg, Stadt",party:F6,17,0,381,381,0
WAHLBEZIRK->GEMEINDE,lsa:GEMEINDE:15091160,"Kemberg, Stadt",party:F7,17,0,148,148,0
WAHLBEZIRK->GEMEINDE,lsa:GEMEINDE:15091160,"Kemberg, Stadt",party:F8,17,0,11,11,0
WAHLBEZIRK->GEMEINDE,lsa:GEMEINDE:15091160,"Kemberg, Stadt",party:F9,17,0,67,67,0
WAHLBEZIRK->GEMEINDE,lsa:GEMEINDE:15091241,"Oranienbaum-Wörlitz, Stadt",reported_precincts,14,0,14,14,0
WAHLBEZIRK->GEMEINDE,lsa:GEMEINDE:15091241,"Oranienbaum-Wörlitz, Stadt",total_precincts,14,0,14,14,0
WAHLBEZIRK->GEMEINDE,lsa:GEMEINDE:15091241,"Oranienbaum-Wörlitz, Stadt",voters_total,14,0,5316,5316,0
WAHLBEZIRK->GEMEINDE,lsa:GEMEINDE:15091241,"Oranienbaum-Wörlitz, Stadt",valid_votes_erst,14,0,5239,5239,0
WAHLBEZIRK->GEMEINDE,lsa:GEMEINDE:15091241,"Oranienbaum-Wörlitz, Stadt",valid_votes_zweit,14,0,5246,5246,0
WAHLBEZIRK->GEMEINDE,lsa:GEMEINDE:15091241,"Oranienbaum-Wörlitz, Stadt",party:D1,14,0,1511,1511,0
WAHLBEZIRK->GEMEINDE,lsa:GEMEINDE:15091241,"Oranienbaum-Wörlitz, Stadt",party:D13,14,0,47,47,0
WAHLBEZIRK->GEMEINDE,lsa:GEMEINDE:15091241,"Oranienbaum-Wörlitz, Stadt",party:D2,14,0,2561,2561,0
WAHLBEZIRK->GEMEINDE,lsa:GEMEINDE:15091241,"Oranienbaum-Wörlitz, Stadt",party:D3,14,0,407,407,0
WAHLBEZIRK->GEMEINDE,lsa:GEMEINDE:15091241,"Oranienbaum-Wörlitz, Stadt",party:D4,14,0,308,308,0
WAHLBEZIRK->GEMEINDE,lsa:GEMEINDE:15091241,"Oranienbaum-Wörlitz, Stadt",party:D5,14,0,129,129,0
WAHLBEZIRK->GEMEINDE,lsa:GEMEINDE:15091241,"Oranienbaum-Wörlitz, Stadt",party:D6,14,0,91,91,0
WAHLBEZIRK->GEMEINDE,lsa:GEMEINDE:15091241,"Oranienbaum-Wörlitz, Stadt",party:D7,14,0,185,185,0
WAHLBEZIRK->GEMEINDE,lsa:GEMEINDE:15091241,"Oranienbaum-Wörlitz, Stadt",party:F1,14,0,974,974,0
WAHLBEZIRK->GEMEINDE,lsa:GEMEINDE:15091241,"Oranienbaum-Wörlitz, Stadt",party:F10,14,0,23,23,0
WAHLBEZIRK->GEMEINDE,lsa:GEMEINDE:15091241,"Oranienbaum-Wörlitz, Stadt",party:F11,14,0,23,23,0
WAHLBEZIRK->GEMEINDE,lsa:GEMEINDE:15091241,"Oranienbaum-Wörlitz, Stadt",party:F12,14,0,27,27,0
WAHLBEZIRK->GEMEINDE,lsa:GEMEINDE:15091241,"Oranienbaum-Wörlitz, Stadt",party:F15,14,0,234,234,0
WAHLBEZIRK->GEMEINDE,lsa:GEMEINDE:15091241,"Oranienbaum-Wörlitz, Stadt",party:F19,14,0,4,4,0
WAHLBEZIRK->GEMEINDE,lsa:GEMEINDE:15091241,"Oranienbaum-Wörlitz, Stadt",party:F2,14,0,2567,2567,0
WAHLBEZIRK->GEMEINDE,lsa:GEMEINDE:15091241,"Oranienbaum-Wörlitz, Stadt",party:F20,14,0,14,14,0
WAHLBEZIRK->GEMEINDE,lsa:GEMEINDE:15091241,"Oranienbaum-Wörlitz, Stadt",party:F3,14,0,364,364,0
WAHLBEZIRK->GEMEINDE,lsa:GEMEINDE:15091241,"Oranienbaum-Wörlitz, Stadt",party:F4,14,0,392,392,0
WAHLBEZIRK->GEMEINDE,lsa:GEMEINDE:15091241,"Oranienbaum-Wörlitz, Stadt",party:F5,14,0,138,138,0
WAHLBEZIRK->GEMEINDE,lsa:GEMEINDE:15091241,"Oranienbaum-Wörlitz, Stadt",party:F6,14,0,319,319,0
WAHLBEZIRK->GEMEINDE,lsa:GEMEINDE:15091241,"Oranienbaum-Wörlitz, Stadt",party:F7,14,0,99,99,0
WAHLBEZIRK->GEMEINDE,lsa:GEMEINDE:15091241,"Oranienbaum-Wörlitz, Stadt",party:F8,14,0,5,5,0
WAHLBEZIRK->GEMEINDE,lsa:GEMEINDE:15091241,"Oranienbaum-Wörlitz, Stadt",party:F9,14,0,63,63,0
WAHLBEZIRK->GEMEINDE,lsa:GEMEINDE:15091375,"Wittenberg, Lutherstadt",reported_precincts,49,0,49,49,0
WAHLBEZIRK->GEMEINDE,lsa:GEMEINDE:15091375,"Wittenberg, Lutherstadt",total_precincts,49,0,49,49,0
WAHLBEZIRK->GEMEINDE,lsa:GEMEINDE:15091375,"Wittenberg, Lutherstadt",voters_total,49,0,27674,27674,0
WAHLBEZIRK->GEMEINDE,lsa:GEMEINDE:15091375,"Wittenberg, Lutherstadt",valid_votes_erst,49,0,27351,27351,0
WAHLBEZIRK->GEMEINDE,lsa:GEMEINDE:15091375,"Wittenberg, Lutherstadt",valid_votes_zweit,49,0,27416,27416,0
WAHLBEZIRK->GEMEINDE,lsa:GEMEINDE:15091375,"Wittenberg, Lutherstadt",party:D1,49,0,8080,8080,0
WAHLBEZIRK->GEMEINDE,lsa:GEMEINDE:15091375,"Wittenberg, Lutherstadt",party:D2,49,0,11601,11601,0
WAHLBEZIRK->GEMEINDE,lsa:GEMEINDE:15091375,"Wittenberg, Lutherstadt",party:D3,49,0,2824,2824,0
WAHLBEZIRK->GEMEINDE,lsa:GEMEINDE:15091375,"Wittenberg, Lutherstadt",party:D4,49,0,1929,1929,0
WAHLBEZIRK->GEMEINDE,lsa:GEMEINDE:15091375,"Wittenberg, Lutherstadt",party:D5,49,0,546,546,0
WAHLBEZIRK->GEMEINDE,lsa:GEMEINDE:15091375,"Wittenberg, Lutherstadt",party:D6,49,0,925,925,0
WAHLBEZIRK->GEMEINDE,lsa:GEMEINDE:15091375,"Wittenberg, Lutherstadt",party:D7,49,0,1446,1446,0
WAHLBEZIRK->GEMEINDE,lsa:GEMEINDE:15091375,"Wittenberg, Lutherstadt",party:F1,49,0,5822,5822,0
WAHLBEZIRK->GEMEINDE,lsa:GEMEINDE:15091375,"Wittenberg, Lutherstadt",party:F10,49,0,121,121,0
WAHLBEZIRK->GEMEINDE,lsa:GEMEINDE:15091375,"Wittenberg, Lutherstadt",party:F11,49,0,84,84,0
WAHLBEZIRK->GEMEINDE,lsa:GEMEINDE:15091375,"Wittenberg, Lutherstadt",party:F12,49,0,154,154,0
WAHLBEZIRK->GEMEINDE,lsa:GEMEINDE:15091375,"Wittenberg, Lutherstadt",party:F15,49,0,1171,1171,0
WAHLBEZIRK->GEMEINDE,lsa:GEMEINDE:15091375,"Wittenberg, Lutherstadt",party:F19,49,0,54,54,0
WAHLBEZIRK->GEMEINDE,lsa:GEMEINDE:15091375,"Wittenberg, Lutherstadt",party:F2,49,0,11278,11278,0
WAHLBEZIRK->GEMEINDE,lsa:GEMEINDE:15091375,"Wittenberg, Lutherstadt",party:F20,49,0,72,72,0
WAHLBEZIRK->GEMEINDE,lsa:GEMEINDE:15091375,"Wittenberg, Lutherstadt",party:F3,49,0,2367,2367,0
WAHLBEZIRK->GEMEINDE,lsa:GEMEINDE:15091375,"Wittenberg, Lutherstadt",party:F4,49,0,2315,2315,0
WAHLBEZIRK->GEMEINDE,lsa:GEMEINDE:15091375,"Wittenberg, Lutherstadt",party:F5,49,0,581,581,0
WAHLBEZIRK->GEMEINDE,lsa:GEMEINDE:15091375,"Wittenberg, Lutherstadt",party:F6,49,0,2353,2353,0
WAHLBEZIRK->GEMEINDE,lsa:GEMEINDE:15091375,"Wittenberg, Lutherstadt",party:F7,49,0,705,705,0
WAHLBEZIRK->GEMEINDE,lsa:GEMEINDE:15091375,"Wittenberg, Lutherstadt",party:F8,49,0,41,41,0
WAHLBEZIRK->GEMEINDE,lsa:GEMEINDE:15091375,"Wittenberg, Lutherstadt",party:F9,49,0,298,298,0
WAHLBEZIRK->GEMEINDE,lsa:GEMEINDE:15091391,"Zahna-Elster, Stadt",reported_precincts,14,0,14,14,0
WAHLBEZIRK->GEMEINDE,lsa:GEMEINDE:15091391,"Zahna-Elster, Stadt",total_precincts,14,0,14,14,0
WAHLBEZIRK->GEMEINDE,lsa:GEMEINDE:15091391,"Zahna-Elster, Stadt",voters_total,14,0,6122,6122,0
WAHLBEZIRK->GEMEINDE,lsa:GEMEINDE:15091391,"Zahna-Elster, Stadt",valid_votes_erst,14,0,6061,6061,0
WAHLBEZIRK->GEMEINDE,lsa:GEMEINDE:15091391,"Zahna-Elster, Stadt",valid_votes_zweit,14,0,6068,6068,0
WAHLBEZIRK->GEMEINDE,lsa:GEMEINDE:15091391,"Zahna-Elster, Stadt",party:D1,14,0,1749,1749,0
WAHLBEZIRK->GEMEINDE,lsa:GEMEINDE:15091391,"Zahna-Elster, Stadt",party:D2,14,0,2752,2752,0
WAHLBEZIRK->GEMEINDE,lsa:GEMEINDE:15091391,"Zahna-Elster, Stadt",party:D3,14,0,568,568,0
WAHLBEZIRK->GEMEINDE,lsa:GEMEINDE:15091391,"Zahna-Elster, Stadt",party:D4,14,0,350,350,0
WAHLBEZIRK->GEMEINDE,lsa:GEMEINDE:15091391,"Zahna-Elster, Stadt",party:D5,14,0,123,123,0
WAHLBEZIRK->GEMEINDE,lsa:GEMEINDE:15091391,"Zahna-Elster, Stadt",party:D6,14,0,140,140,0
WAHLBEZIRK->GEMEINDE,lsa:GEMEINDE:15091391,"Zahna-Elster, Stadt",party:D7,14,0,379,379,0
WAHLBEZIRK->GEMEINDE,lsa:GEMEINDE:15091391,"Zahna-Elster, Stadt",party:F1,14,0,1342,1342,0
WAHLBEZIRK->GEMEINDE,lsa:GEMEINDE:15091391,"Zahna-Elster, Stadt",party:F10,14,0,28,28,0
WAHLBEZIRK->GEMEINDE,lsa:GEMEINDE:15091391,"Zahna-Elster, Stadt",party:F11,14,0,12,12,0
WAHLBEZIRK->GEMEINDE,lsa:GEMEINDE:15091391,"Zahna-Elster, Stadt",party:F12,14,0,32,32,0
WAHLBEZIRK->GEMEINDE,lsa:GEMEINDE:15091391,"Zahna-Elster, Stadt",party:F15,14,0,280,280,0
WAHLBEZIRK->GEMEINDE,lsa:GEMEINDE:15091391,"Zahna-Elster, Stadt",party:F19,14,0,12,12,0
WAHLBEZIRK->GEMEINDE,lsa:GEMEINDE:15091391,"Zahna-Elster, Stadt",party:F2,14,0,2691,2691,0
WAHLBEZIRK->GEMEINDE,lsa:GEMEINDE:15091391,"Zahna-Elster, Stadt",party:F20,14,0,13,13,0
WAHLBEZIRK->GEMEINDE,lsa:GEMEINDE:15091391,"Zahna-Elster, Stadt",party:F3,14,0,471,471,0
WAHLBEZIRK->GEMEINDE,lsa:GEMEINDE:15091391,"Zahna-Elster, Stadt",party:F4,14,0,446,446,0
WAHLBEZIRK->GEMEINDE,lsa:GEMEINDE:15091391,"Zahna-Elster, Stadt",party:F5,14,0,142,142,0
WAHLBEZIRK->GEMEINDE,lsa:GEMEINDE:15091391,"Zahna-Elster, Stadt",party:F6,14,0,340,340,0
WAHLBEZIRK->GEMEINDE,lsa:GEMEINDE:15091391,"Zahna-Elster, Stadt",party:F7,14,0,185,185,0
WAHLBEZIRK->GEMEINDE,lsa:GEMEINDE:15091391,"Zahna-Elster, Stadt",party:F8,14,0,12,12,0
WAHLBEZIRK->GEMEINDE,lsa:GEMEINDE:15091391,"Zahna-Elster, Stadt",party:F9,14,0,62,62,0
WAHLBEZIRK->WAHLKREIS,lsa:WAHLKREIS:001,Salzwedel,reported_precincts,75,0,75,,
WAHLBEZIRK->WAHLKREIS,lsa:WAHLKREIS:001,Salzwedel,total_precincts,75,0,75,,
WAHLBEZIRK->WAHLKREIS,lsa:WAHLKREIS:001,Salzwedel,voters_total,75,0,26217,26217,0
WAHLBEZIRK->WAHLKREIS,lsa:WAHLKREIS:001,Salzwedel,valid_votes_erst,75,0,25923,25923,0
WAHLBEZIRK->WAHLKREIS,lsa:WAHLKREIS:001,Salzwedel,valid_votes_zweit,75,0,25949,25949,0
WAHLBEZIRK->WAHLKREIS,lsa:WAHLKREIS:001,Salzwedel,party:D1,75,0,6674,6674,0
WAHLBEZIRK->WAHLKREIS,lsa:WAHLKREIS:001,Salzwedel,party:D11,75,0,305,305,0
WAHLBEZIRK->WAHLKREIS,lsa:WAHLKREIS:001,Salzwedel,party:D15,75,0,1327,1327,0
WAHLBEZIRK->WAHLKREIS,lsa:WAHLKREIS:001,Salzwedel,party:D2,75,0,10778,10778,0
WAHLBEZIRK->WAHLKREIS,lsa:WAHLKREIS:001,Salzwedel,party:D3,75,0,3457,3457,0
WAHLBEZIRK->WAHLKREIS,lsa:WAHLKREIS:001,Salzwedel,party:D4,75,0,1987,1987,0
WAHLBEZIRK->WAHLKREIS,lsa:WAHLKREIS:001,Salzwedel,party:D5,75,0,697,697,0
WAHLBEZIRK->WAHLKREIS,lsa:WAHLKREIS:001,Salzwedel,party:D6,75,0,698,698,0
WAHLBEZIRK->WAHLKREIS,lsa:WAHLKREIS:001,Salzwedel,party:F1,75,0,4460,4460,0
WAHLBEZIRK->WAHLKREIS,lsa:WAHLKREIS:001,Salzwedel,party:F10,75,0,100,100,0
WAHLBEZIRK->WAHLKREIS,lsa:WAHLKREIS:001,Salzwedel,party:F11,75,0,104,104,0
WAHLBEZIRK->WAHLKREIS,lsa:WAHLKREIS:001,Salzwedel,party:F12,75,0,102,102,0
WAHLBEZIRK->WAHLKREIS,lsa:WAHLKREIS:001,Salzwedel,party:F15,75,0,1427,1427,0
WAHLBEZIRK->WAHLKREIS,lsa:WAHLKREIS:001,Salzwedel,party:F19,75,0,42,42,0
WAHLBEZIRK->WAHLKREIS,lsa:WAHLKREIS:001,Salzwedel,party:F2,75,0,10907,10907,0
WAHLBEZIRK->WAHLKREIS,lsa:WAHLKREIS:001,Salzwedel,party:F20,75,0,63,63,0
WAHLBEZIRK->WAHLKREIS,lsa:WAHLKREIS:001,Salzwedel,party:F3,75,0,2766,2766,0
WAHLBEZIRK->WAHLKREIS,lsa:WAHLKREIS:001,Salzwedel,party:F4,75,0,2619,2619,0
WAHLBEZIRK->WAHLKREIS,lsa:WAHLKREIS:001,Salzwedel,party:F5,75,0,692,692,0
WAHLBEZIRK->WAHLKREIS,lsa:WAHLKREIS:001,Salzwedel,party:F6,75,0,2084,2084,0
WAHLBEZIRK->WAHLKREIS,lsa:WAHLKREIS:001,Salzwedel,party:F7,75,0,262,262,0
WAHLBEZIRK->WAHLKREIS,lsa:WAHLKREIS:001,Salzwedel,party:F8,75,0,106,106,0
WAHLBEZIRK->WAHLKREIS,lsa:WAHLKREIS:001,Salzwedel,party:F9,75,0,215,215,0
WAHLBEZIRK->WAHLKREIS,lsa:WAHLKREIS:002,Gardelegen-Klötze,reported_precincts,105,0,105,,
WAHLBEZIRK->WAHLKREIS,lsa:WAHLKREIS:002,Gardelegen-Klötze,total_precincts,105,0,105,,
WAHLBEZIRK->WAHLKREIS,lsa:WAHLKREIS:002,Gardelegen-Klötze,voters_total,105,0,33354,33354,0
WAHLBEZIRK->WAHLKREIS,lsa:WAHLKREIS:002,Gardelegen-Klötze,valid_votes_erst,105,0,33000,33000,0
WAHLBEZIRK->WAHLKREIS,lsa:WAHLKREIS:002,Gardelegen-Klötze,valid_votes_zweit,105,0,33014,33014,0
WAHLBEZIRK->WAHLKREIS,lsa:WAHLKREIS:002,Gardelegen-Klötze,party:D1,105,0,8658,8658,0
WAHLBEZIRK->WAHLKREIS,lsa:WAHLKREIS:002,Gardelegen-Klötze,party:D11,105,0,472,472,0
WAHLBEZIRK->WAHLKREIS,lsa:WAHLKREIS:002,Gardelegen-Klötze,party:D15,105,0,1823,1823,0
WAHLBEZIRK->WAHLKREIS,lsa:WAHLKREIS:002,Gardelegen-Klötze,party:D2,105,0,13709,13709,0
WAHLBEZIRK->WAHLKREIS,lsa:WAHLKREIS:002,Gardelegen-Klötze,party:D3,105,0,3768,3768,0
WAHLBEZIRK->WAHLKREIS,lsa:WAHLKREIS:002,Gardelegen-Klötze,party:D4,105,0,2722,2722,0
WAHLBEZIRK->WAHLKREIS,lsa:WAHLKREIS:002,Gardelegen-Klötze,party:D5,105,0,1035,1035,0
WAHLBEZIRK->WAHLKREIS,lsa:WAHLKREIS:002,Gardelegen-Klötze,party:D6,105,0,813,813,0
WAHLBEZIRK->WAHLKREIS,lsa:WAHLKREIS:002,Gardelegen-Klötze,party:F1,105,0,6059,6059,0
WAHLBEZIRK->WAHLKREIS,lsa:WAHLKREIS:002,Gardelegen-Klötze,party:F10,105,0,168,168,0
WAHLBEZIRK->WAHLKREIS,lsa:WAHLKREIS:002,Gardelegen-Klötze,party:F11,105,0,176,176,0
WAHLBEZIRK->WAHLKREIS,lsa:WAHLKREIS:002,Gardelegen-Klötze,party:F12,105,0,188,188,0
WAHLBEZIRK->WAHLKREIS,lsa:WAHLKREIS:002,Gardelegen-Klötze,party:F15,105,0,1807,1807,0
WAHLBEZIRK->WAHLKREIS,lsa:WAHLKREIS:002,Gardelegen-Klötze,party:F19,105,0,65,65,0
WAHLBEZIRK->WAHLKREIS,lsa:WAHLKREIS:002,Gardelegen-Klötze,party:F2,105,0,13863,13863,0
WAHLBEZIRK->WAHLKREIS,lsa:WAHLKREIS:002,Gardelegen-Klötze,party:F20,105,0,102,102,0
WAHLBEZIRK->WAHLKREIS,lsa:WAHLKREIS:002,Gardelegen-Klötze,party:F3,105,0,2940,2940,0
WAHLBEZIRK->WAHLKREIS,lsa:WAHLKREIS:002,Gardelegen-Klötze,party:F4,105,0,3629,3629,0
WAHLBEZIRK->WAHLKREIS,lsa:WAHLKREIS:002,Gardelegen-Klötze,party:F5,105,0,941,941,0
WAHLBEZIRK->WAHLKREIS,lsa:WAHLKREIS:002,Gardelegen-Klötze,party:F6,105,0,2385,2385,0
WAHLBEZIRK->WAHLKREIS,lsa:WAHLKREIS:002,Gardelegen-Klötze,party:F7,105,0,321,321,0
WAHLBEZIRK->WAHLKREIS,lsa:WAHLKREIS:002,Gardelegen-Klötze,party:F8,105,0,45,45,0
WAHLBEZIRK->WAHLKREIS,lsa:WAHLKREIS:002,Gardelegen-Klötze,party:F9,105,0,325,325,0
WAHLBEZIRK->WAHLKREIS,lsa:WAHLKREIS:003,Havelberg-Osterburg,reported_precincts,96,0,96,,
WAHLBEZIRK->WAHLKREIS,lsa:WAHLKREIS:003,Havelberg-Osterburg,total_precincts,96,0,96,,
WAHLBEZIRK->WAHLKREIS,lsa:WAHLKREIS:003,Havelberg-Osterburg,voters_total,96,0,27301,27301,0
WAHLBEZIRK->WAHLKREIS,lsa:WAHLKREIS:003,Havelberg-Osterburg,valid_votes_erst,96,0,26982,26982,0
WAHLBEZIRK->WAHLKREIS,lsa:WAHLKREIS:003,Havelberg-Osterburg,valid_votes_zweit,96,0,27011,27011,0
WAHLBEZIRK->WAHLKREIS,lsa:WAHLKREIS:003,Havelberg-Osterburg,party:D1,96,0,6275,6275,0
WAHLBEZIRK->WAHLKREIS,lsa:WAHLKREIS:003,Havelberg-Osterburg,party:D15,96,0,1266,1266,0
WAHLBEZIRK->WAHLKREIS,lsa:WAHLKREIS:003,Havelberg-Osterburg,party:D2,96,0,12555,12555,0
WAHLBEZIRK->WAHLKREIS,lsa:WAHLKREIS:003,Havelberg-Osterburg,party:D3,96,0,3294,3294,0
WAHLBEZIRK->WAHLKREIS,lsa:WAHLKREIS:003,Havelberg-Osterburg,party:D4,96,0,1959,1959,0
WAHLBEZIRK->WAHLKREIS,lsa:WAHLKREIS:003,Havelberg-Osterburg,party:D5,96,0,713,713,0
WAHLBEZIRK->WAHLKREIS,lsa:WAHLKREIS:003,Havelberg-Osterburg,party:D6,96,0,920,920,0
WAHLBEZIRK->WAHLKREIS,lsa:WAHLKREIS:003,Havelberg-Osterburg,party:F1,96,0,4620,4620,0
WAHLBEZIRK->WAHLKREIS,lsa:WAHLKREIS:003,Havelberg-Osterburg,party:F10,96,0,117,117,0
WAHLBEZIRK->WAHLKREIS,lsa:WAHLKREIS:003,Havelberg-Osterburg,party:F11,96,0,49,49,0
WAHLBEZIRK->WAHLKREIS,lsa:WAHLKREIS:003,Havelberg-Osterburg,party:F12,96,0,82,82,0
WAHLBEZIRK->WAHLKREIS,lsa:WAHLKREIS:003,Havelberg-Osterburg,party:F15,96,0,1490,1490,0
WAHLBEZIRK->WAHLKREIS,lsa:WAHLKREIS:003,Havelberg-Osterburg,party:F19,96,0,38,38,0
WAHLBEZIRK->WAHLKREIS,lsa:WAHLKREIS:003,Havelberg-Osterburg,party:F2,96,0,12592,12592,0
WAHLBEZIRK->WAHLKREIS,lsa:WAHLKREIS:003,Havelberg-Osterburg,party:F20,96,0,67,67,0
WAHLBEZIRK->WAHLKREIS,lsa:WAHLKREIS:003,Havelberg-Osterburg,party:F3,96,0,2336,2336,0
WAHLBEZIRK->WAHLKREIS,lsa:WAHLKREIS:003,Havelberg-Osterburg,party:F4,96,0,2552,2552,0
WAHLBEZIRK->WAHLKREIS,lsa:WAHLKREIS:003,Havelberg-Osterburg,party:F5,96,0,660,660,0
WAHLBEZIRK->WAHLKREIS,lsa:WAHLKREIS:003,Havelberg-Osterburg,party:F6,96,0,1758,1758,0
WAHLBEZIRK->WAHLKREIS,lsa:WAHLKREIS:003,Havelberg-Osterburg,party:F7,96,0,381,381,0
WAHLBEZIRK->WAHLKREIS,lsa:WAHLKREIS:003,Havelberg-Osterburg,party:F8,96,0,57,57,0
WAHLBEZIRK->WAHLKREIS,lsa:WAHLKREIS:003,Havelberg-Osterburg,party:F9,96,0,212,212,0
WAHLBEZIRK->WAHLKREIS,lsa:WAHLKREIS:004,Stendal,reported_precincts,65,0,65,,
WAHLBEZIRK->WAHLKREIS,lsa:WAHLKREIS:004,Stendal,total_precincts,65,0,65,,
WAHLBEZIRK->WAHLKREIS,lsa:WAHLKREIS:004,Stendal,voters_total,65,0,27316,27316,0
WAHLBEZIRK->WAHLKREIS,lsa:WAHLKREIS:004,Stendal,valid_votes_erst,65,0,26966,26966,0
WAHLBEZIRK->WAHLKREIS,lsa:WAHLKREIS:004,Stendal,valid_votes_zweit,65,0,27018,27018,0
WAHLBEZIRK->WAHLKREIS,lsa:WAHLKREIS:004,Stendal,party:D1,65,0,6659,6659,0
WAHLBEZIRK->WAHLKREIS,lsa:WAHLKREIS:004,Stendal,party:D15,65,0,1383,1383,0
WAHLBEZIRK->WAHLKREIS,lsa:WAHLKREIS:004,Stendal,party:D2,65,0,11475,11475,0
WAHLBEZIRK->WAHLKREIS,lsa:WAHLKREIS:004,Stendal,party:D3,65,0,2852,2852,0
WAHLBEZIRK->WAHLKREIS,lsa:WAHLKREIS:004,Stendal,party:D4,65,0,2479,2479,0
WAHLBEZIRK->WAHLKREIS,lsa:WAHLKREIS:004,Stendal,party:D5,65,0,979,979,0
WAHLBEZIRK->WAHLKREIS,lsa:WAHLKREIS:004,Stendal,party:D6,65,0,1139,1139,0
WAHLBEZIRK->WAHLKREIS,lsa:WAHLKREIS:004,Stendal,party:F1,65,0,4614,4614,0
WAHLBEZIRK->WAHLKREIS,lsa:WAHLKREIS:004,Stendal,party:F10,65,0,126,126,0
WAHLBEZIRK->WAHLKREIS,lsa:WAHLKREIS:004,Stendal,party:F11,65,0,65,65,0
WAHLBEZIRK->WAHLKREIS,lsa:WAHLKREIS:004,Stendal,party:F12,65,0,130,130,0
WAHLBEZIRK->WAHLKREIS,lsa:WAHLKREIS:004,Stendal,party:F15,65,0,1725,1725,0
WAHLBEZIRK->WAHLKREIS,lsa:WAHLKREIS:004,Stendal,party:F19,65,0,40,40,0
WAHLBEZIRK->WAHLKREIS,lsa:WAHLKREIS:004,Stendal,party:F2,65,0,11456,11456,0
WAHLBEZIRK->WAHLKREIS,lsa:WAHLKREIS:004,Stendal,party:F20,65,0,90,90,0
WAHLBEZIRK->WAHLKREIS,lsa:WAHLKREIS:004,Stendal,party:F3,65,0,2498,2498,0
WAHLBEZIRK->WAHLKREIS,lsa:WAHLKREIS:004,Stendal,party:F4,65,0,2669,2669,0
WAHLBEZIRK->WAHLKREIS,lsa:WAHLKREIS:004,Stendal,party:F5,65,0,746,746,0
WAHLBEZIRK->WAHLKREIS,lsa:WAHLKREIS:004,Stendal,party:F6,65,0,2263,2263,0
WAHLBEZIRK->WAHLKREIS,lsa:WAHLKREIS:004,Stendal,party:F7,65,0,263,263,0
WAHLBEZIRK->WAHLKREIS,lsa:WAHLKREIS:004,Stendal,party:F8,65,0,42,42,0
WAHLBEZIRK->WAHLKREIS,lsa:WAHLKREIS:004,Stendal,party:F9,65,0,291,291,0
WAHLBEZIRK->WAHLKREIS,lsa:WAHLKREIS:005,Genthin,reported_precincts,70,0,70,,
WAHLBEZIRK->WAHLKREIS,lsa:WAHLKREIS:005,Genthin,total_precincts,70,0,70,,
WAHLBEZIRK->WAHLKREIS,lsa:WAHLKREIS:005,Genthin,voters_total,70,0,30778,30778,0
WAHLBEZIRK->WAHLKREIS,lsa:WAHLKREIS:005,Genthin,valid_votes_erst,70,0,30417,30417,0
WAHLBEZIRK->WAHLKREIS,lsa:WAHLKREIS:005,Genthin,valid_votes_zweit,70,0,30446,30446,0
WAHLBEZIRK->WAHLKREIS,lsa:WAHLKREIS:005,Genthin,party:D1,70,0,7305,7305,0
WAHLBEZIRK->WAHLKREIS,lsa:WAHLKREIS:005,Genthin,party:D15,70,0,1205,1205,0
WAHLBEZIRK->WAHLKREIS,lsa:WAHLKREIS:005,Genthin,party:D2,70,0,14892,14892,0
WAHLBEZIRK->WAHLKREIS,lsa:WAHLKREIS:005,Genthin,party:D21,70,0,479,479,0
WAHLBEZIRK->WAHLKREIS,lsa:WAHLKREIS:005,Genthin,party:D3,70,0,2659,2659,0
WAHLBEZIRK->WAHLKREIS,lsa:WAHLKREIS:005,Genthin,party:D4,70,0,2452,2452,0
WAHLBEZIRK->WAHLKREIS,lsa:WAHLKREIS:005,Genthin,party:D5,70,0,678,678,0
WAHLBEZIRK->WAHLKREIS,lsa:WAHLKREIS:005,Genthin,party:D6,70,0,747,747,0
WAHLBEZIRK->WAHLKREIS,lsa:WAHLKREIS:005,Genthin,party:F1,70,0,5356,5356,0
WAHLBEZIRK->WAHLKREIS,lsa:WAHLKREIS:005,Genthin,party:F10,70,0,158,158,0
WAHLBEZIRK->WAHLKREIS,lsa:WAHLKREIS:005,Genthin,party:F11,70,0,67,67,0
WAHLBEZIRK->WAHLKREIS,lsa:WAHLKREIS:005,Genthin,party:F12,70,0,146,146,0
WAHLBEZIRK->WAHLKREIS,lsa:WAHLKREIS:005,Genthin,party:F15,70,0,1676,1676,0
WAHLBEZIRK->WAHLKREIS,lsa:WAHLKREIS:005,Genthin,party:F19,70,0,61,61,0
WAHLBEZIRK->WAHLKREIS,lsa:WAHLKREIS:005,Genthin,party:F2,70,0,14310,14310,0
WAHLBEZIRK->WAHLKREIS,lsa:WAHLKREIS:005,Genthin,party:F20,70,0,133,133,0
WAHLBEZIRK->WAHLKREIS,lsa:WAHLKREIS:005,Genthin,party:F3,70,0,2431,2431,0
WAHLBEZIRK->WAHLKREIS,lsa:WAHLKREIS:005,Genthin,party:F4,70,0,2767,2767,0
WAHLBEZIRK->WAHLKREIS,lsa:WAHLKREIS:005,Genthin,party:F5,70,0,683,683,0
WAHLBEZIRK->WAHLKREIS,lsa:WAHLKREIS:005,Genthin,party:F6,70,0,1942,1942,0
WAHLBEZIRK->WAHLKREIS,lsa:WAHLKREIS:005,Genthin,party:F7,70,0,346,346,0
WAHLBEZIRK->WAHLKREIS,lsa:WAHLKREIS:005,Genthin,party:F8,70,0,25,25,0
WAHLBEZIRK->WAHLKREIS,lsa:WAHLKREIS:005,Genthin,party:F9,70,0,345,345,0
WAHLBEZIRK->WAHLKREIS,lsa:WAHLKREIS:006,Burg,reported_precincts,66,0,66,,
WAHLBEZIRK->WAHLKREIS,lsa:WAHLKREIS:006,Burg,total_precincts,66,0,66,,
WAHLBEZIRK->WAHLKREIS,lsa:WAHLKREIS:006,Burg,voters_total,66,0,33545,33545,0
WAHLBEZIRK->WAHLKREIS,lsa:WAHLKREIS:006,Burg,valid_votes_erst,66,0,33135,33135,0
WAHLBEZIRK->WAHLKREIS,lsa:WAHLKREIS:006,Burg,valid_votes_zweit,66,0,33162,33162,0
WAHLBEZIRK->WAHLKREIS,lsa:WAHLKREIS:006,Burg,party:D1,66,0,7013,7013,0
WAHLBEZIRK->WAHLKREIS,lsa:WAHLKREIS:006,Burg,party:D15,66,0,1238,1238,0
WAHLBEZIRK->WAHLKREIS,lsa:WAHLKREIS:006,Burg,party:D2,66,0,14112,14112,0
WAHLBEZIRK->WAHLKREIS,lsa:WAHLKREIS:006,Burg,party:D21,66,0,1093,1093,0
WAHLBEZIRK->WAHLKREIS,lsa:WAHLKREIS:006,Burg,party:D3,66,0,3028,3028,0
WAHLBEZIRK->WAHLKREIS,lsa:WAHLKREIS:006,Burg,party:D4,66,0,2683,2683,0
WAHLBEZIRK->WAHLKREIS,lsa:WAHLKREIS:006,Burg,party:D5,66,0,828,828,0
WAHLBEZIRK->WAHLKREIS,lsa:WAHLKREIS:006,Burg,party:D6,66,0,1188,1188,0
WAHLBEZIRK->WAHLKREIS,lsa:WAHLKREIS:006,Burg,party:D7,66,0,1952,1952,0
WAHLBEZIRK->WAHLKREIS,lsa:WAHLKREIS:006,Burg,party:F1,66,0,5877,5877,0
WAHLBEZIRK->WAHLKREIS,lsa:WAHLKREIS:006,Burg,party:F10,66,0,165,165,0
WAHLBEZIRK->WAHLKREIS,lsa:WAHLKREIS:006,Burg,party:F11,66,0,83,83,0
WAHLBEZIRK->WAHLKREIS,lsa:WAHLKREIS:006,Burg,party:F12,66,0,178,178,0
WAHLBEZIRK->WAHLKREIS,lsa:WAHLKREIS:006,Burg,party:F15,66,0,1714,1714,0
WAHLBEZIRK->WAHLKREIS,lsa:WAHLKREIS:006,Burg,party:F19,66,0,68,68,0
WAHLBEZIRK->WAHLKREIS,lsa:WAHLKREIS:006,Burg,party:F2,66,0,14708,14708,0
WAHLBEZIRK->WAHLKREIS,lsa:WAHLKREIS:006,Burg,party:F20,66,0,131,131,0
WAHLBEZIRK->WAHLKREIS,lsa:WAHLKREIS:006,Burg,party:F3,66,0,2593,2593,0
WAHLBEZIRK->WAHLKREIS,lsa:WAHLKREIS:006,Burg,party:F4,66,0,2982,2982,0
WAHLBEZIRK->WAHLKREIS,lsa:WAHLKREIS:006,Burg,party:F5,66,0,868,868,0
WAHLBEZIRK->WAHLKREIS,lsa:WAHLKREIS:006,Burg,party:F6,66,0,2577,2577,0
WAHLBEZIRK->WAHLKREIS,lsa:WAHLKREIS:006,Burg,party:F7,66,0,798,798,0
WAHLBEZIRK->WAHLKREIS,lsa:WAHLKREIS:006,Burg,party:F8,66,0,40,40,0
WAHLBEZIRK->WAHLKREIS,lsa:WAHLKREIS:006,Burg,party:F9,66,0,380,380,0
WAHLBEZIRK->WAHLKREIS,lsa:WAHLKREIS:007,Haldensleben,reported_precincts,85,0,85,,
WAHLBEZIRK->WAHLKREIS,lsa:WAHLKREIS:007,Haldensleben,total_precincts,85,0,85,,
WAHLBEZIRK->WAHLKREIS,lsa:WAHLKREIS:007,Haldensleben,voters_total,85,0,32801,32801,0
WAHLBEZIRK->WAHLKREIS,lsa:WAHLKREIS:007,Haldensleben,valid_votes_erst,85,0,32424,32424,0
WAHLBEZIRK->WAHLKREIS,lsa:WAHLKREIS:007,Haldensleben,valid_votes_zweit,85,0,32479,32479,0
WAHLBEZIRK->WAHLKREIS,lsa:WAHLKREIS:007,Haldensleben,party:D1,85,0,9598,9598,0
WAHLBEZIRK->WAHLKREIS,lsa:WAHLKREIS:007,Haldensleben,party:D15,85,0,1727,1727,0
WAHLBEZIRK->WAHLKREIS,lsa:WAHLKREIS:007,Haldensleben,party:D2,85,0,14718,14718,0
WAHLBEZIRK->WAHLKREIS,lsa:WAHLKREIS:007,Haldensleben,party:D3,85,0,2375,2375,0
WAHLBEZIRK->WAHLKREIS,lsa:WAHLKREIS:007,Haldensleben,party:D4,85,0,2541,2541,0
WAHLBEZIRK->WAHLKREIS,lsa:WAHLKREIS:007,Haldensleben,party:D5,85,0,754,754,0
WAHLBEZIRK->WAHLKREIS,lsa:WAHLKREIS:007,Haldensleben,party:D6,85,0,711,711,0
WAHLBEZIRK->WAHLKREIS,lsa:WAHLKREIS:007,Haldensleben,party:F1,85,0,6010,6010,0
WAHLBEZIRK->WAHLKREIS,lsa:WAHLKREIS:007,Haldensleben,party:F10,85,0,206,206,0
WAHLBEZIRK->WAHLKREIS,lsa:WAHLKREIS:007,Haldensleben,party:F11,85,0,92,92,0
WAHLBEZIRK->WAHLKREIS,lsa:WAHLKREIS:007,Haldensleben,party:F12,85,0,176,176,0
WAHLBEZIRK->WAHLKREIS,lsa:WAHLKREIS:007,Haldensleben,party:F15,85,0,1881,1881,0
WAHLBEZIRK->WAHLKREIS,lsa:WAHLKREIS:007,Haldensleben,party:F19,85,0,46,46,0
WAHLBEZIRK->WAHLKREIS,lsa:WAHLKREIS:007,Haldensleben,party:F2,85,0,14925,14925,0
WAHLBEZIRK->WAHLKREIS,lsa:WAHLKREIS:007,Haldensleben,party:F20,85,0,79,79,0
WAHLBEZIRK->WAHLKREIS,lsa:WAHLKREIS:007,Haldensleben,party:F3,85,0,2544,2544,0
WAHLBEZIRK->WAHLKREIS,lsa:WAHLKREIS:007,Haldensleben,party:F4,85,0,3038,3038,0
WAHLBEZIRK->WAHLKREIS,lsa:WAHLKREIS:007,Haldensleben,party:F5,85,0,724,724,0
WAHLBEZIRK->WAHLKREIS,lsa:WAHLKREIS:007,Haldensleben,party:F6,85,0,1984,1984,0
WAHLBEZIRK->WAHLKREIS,lsa:WAHLKREIS:007,Haldensleben,party:F7,85,0,343,343,0
WAHLBEZIRK->WAHLKREIS,lsa:WAHLKREIS:007,Haldensleben,party:F8,85,0,34,34,0
WAHLBEZIRK->WAHLKREIS,lsa:WAHLKREIS:007,Haldensleben,party:F9,85,0,397,397,0
WAHLBEZIRK->WAHLKREIS,lsa:WAHLKREIS:008,Wolmirstedt,reported_precincts,67,0,67,,
WAHLBEZIRK->WAHLKREIS,lsa:WAHLKREIS:008,Wolmirstedt,total_precincts,67,0,67,,
WAHLBEZIRK->WAHLKREIS,lsa:WAHLKREIS:008,Wolmirstedt,voters_total,67,0,35671,35671,0
WAHLBEZIRK->WAHLKREIS,lsa:WAHLKREIS:008,Wolmirstedt,valid_votes_erst,67,0,35346,35346,0
WAHLBEZIRK->WAHLKREIS,lsa:WAHLKREIS:008,Wolmirstedt,valid_votes_zweit,67,0,35348,35348,0
WAHLBEZIRK->WAHLKREIS,lsa:WAHLKREIS:008,Wolmirstedt,party:D1,67,0,8860,8860,0
WAHLBEZIRK->WAHLKREIS,lsa:WAHLKREIS:008,Wolmirstedt,party:D15,67,0,1866,1866,0
WAHLBEZIRK->WAHLKREIS,lsa:WAHLKREIS:008,Wolmirstedt,party:D2,67,0,16009,16009,0
WAHLBEZIRK->WAHLKREIS,lsa:WAHLKREIS:008,Wolmirstedt,party:D21,67,0,609,609,0
WAHLBEZIRK->WAHLKREIS,lsa:WAHLKREIS:008,Wolmirstedt,party:D3,67,0,3178,3178,0
WAHLBEZIRK->WAHLKREIS,lsa:WAHLKREIS:008,Wolmirstedt,party:D4,67,0,2574,2574,0
WAHLBEZIRK->WAHLKREIS,lsa:WAHLKREIS:008,Wolmirstedt,party:D5,67,0,1288,1288,0
WAHLBEZIRK->WAHLKREIS,lsa:WAHLKREIS:008,Wolmirstedt,party:D6,67,0,962,962,0
WAHLBEZIRK->WAHLKREIS,lsa:WAHLKREIS:008,Wolmirstedt,party:F1,67,0,6064,6064,0
WAHLBEZIRK->WAHLKREIS,lsa:WAHLKREIS:008,Wolmirstedt,party:F10,67,0,236,236,0
WAHLBEZIRK->WAHLKREIS,lsa:WAHLKREIS:008,Wolmirstedt,party:F11,67,0,75,75,0
WAHLBEZIRK->WAHLKREIS,lsa:WAHLKREIS:008,Wolmirstedt,party:F12,67,0,190,190,0
WAHLBEZIRK->WAHLKREIS,lsa:WAHLKREIS:008,Wolmirstedt,party:F15,67,0,2003,2003,0
WAHLBEZIRK->WAHLKREIS,lsa:WAHLKREIS:008,Wolmirstedt,party:F19,67,0,66,66,0
WAHLBEZIRK->WAHLKREIS,lsa:WAHLKREIS:008,Wolmirstedt,party:F2,67,0,16126,16126,0
WAHLBEZIRK->WAHLKREIS,lsa:WAHLKREIS:008,Wolmirstedt,party:F20,67,0,155,155,0
WAHLBEZIRK->WAHLKREIS,lsa:WAHLKREIS:008,Wolmirstedt,party:F3,67,0,2704,2704,0
WAHLBEZIRK->WAHLKREIS,lsa:WAHLKREIS:008,Wolmirstedt,party:F4,67,0,3186,3186,0
WAHLBEZIRK->WAHLKREIS,lsa:WAHLKREIS:008,Wolmirstedt,party:F5,67,0,997,997,0
WAHLBEZIRK->WAHLKREIS,lsa:WAHLKREIS:008,Wolmirstedt,party:F6,67,0,2758,2758,0
WAHLBEZIRK->WAHLKREIS,lsa:WAHLKREIS:008,Wolmirstedt,party:F7,67,0,368,368,0
WAHLBEZIRK->WAHLKREIS,lsa:WAHLKREIS:008,Wolmirstedt,party:F8,67,0,29,29,0
WAHLBEZIRK->WAHLKREIS,lsa:WAHLKREIS:008,Wolmirstedt,party:F9,67,0,391,391,0
WAHLBEZIRK->WAHLKREIS,lsa:WAHLKREIS:009,Oschersleben-Wanzleben,reported_precincts,64,0,64,,
WAHLBEZIRK->WAHLKREIS,lsa:WAHLKREIS:009,Oschersleben-Wanzleben,total_precincts,64,0,64,,
WAHLBEZIRK->WAHLKREIS,lsa:WAHLKREIS:009,Oschersleben-Wanzleben,voters_total,64,0,32037,32037,0
WAHLBEZIRK->WAHLKREIS,lsa:WAHLKREIS:009,Oschersleben-Wanzleben,valid_votes_erst,64,0,31622,31622,0
WAHLBEZIRK->WAHLKREIS,lsa:WAHLKREIS:009,Oschersleben-Wanzleben,valid_votes_zweit,64,0,31719,31719,0
WAHLBEZIRK->WAHLKREIS,lsa:WAHLKREIS:009,Oschersleben-Wanzleben,party:D1,64,0,7620,7620,0
WAHLBEZIRK->WAHLKREIS,lsa:WAHLKREIS:009,Oschersleben-Wanzleben,party:D15,64,0,1858,1858,0
WAHLBEZIRK->WAHLKREIS,lsa:WAHLKREIS:009,Oschersleben-Wanzleben,party:D2,64,0,15517,15517,0
WAHLBEZIRK->WAHLKREIS,lsa:WAHLKREIS:009,Oschersleben-Wanzleben,party:D3,64,0,2841,2841,0
WAHLBEZIRK->WAHLKREIS,lsa:WAHLKREIS:009,Oschersleben-Wanzleben,party:D4,64,0,1984,1984,0
WAHLBEZIRK->WAHLKREIS,lsa:WAHLKREIS:009,Oschersleben-Wanzleben,party:D5,64,0,817,817,0
WAHLBEZIRK->WAHLKREIS,lsa:WAHLKREIS:009,Oschersleben-Wanzleben,party:D6,64,0,985,985,0
WAHLBEZIRK->WAHLKREIS,lsa:WAHLKREIS:009,Oschersleben-Wanzleben,party:F1,64,0,5602,5602,0
WAHLBEZIRK->WAHLKREIS,lsa:WAHLKREIS:009,Oschersleben-Wanzleben,party:F10,64,0,245,245,0
WAHLBEZIRK->WAHLKREIS,lsa:WAHLKREIS:009,Oschersleben-Wanzleben,party:F11,64,0,78,78,0
WAHLBEZIRK->WAHLKREIS,lsa:WAHLKREIS:009,Oschersleben-Wanzleben,party:F12,64,0,163,163,0
WAHLBEZIRK->WAHLKREIS,lsa:WAHLKREIS:009,Oschersleben-Wanzleben,party:F15,64,0,1621,1621,0
WAHLBEZIRK->WAHLKREIS,lsa:WAHLKREIS:009,Oschersleben-Wanzleben,party:F19,64,0,51,51,0
WAHLBEZIRK->WAHLKREIS,lsa:WAHLKREIS:009,Oschersleben-Wanzleben,party:F2,64,0,15524,15524,0
WAHLBEZIRK->WAHLKREIS,lsa:WAHLKREIS:009,Oschersleben-Wanzleben,party:F20,64,0,52,52,0
WAHLBEZIRK->WAHLKREIS,lsa:WAHLKREIS:009,Oschersleben-Wanzleben,party:F3,64,0,2351,2351,0
WAHLBEZIRK->WAHLKREIS,lsa:WAHLKREIS:009,Oschersleben-Wanzleben,party:F4,64,0,2693,2693,0
WAHLBEZIRK->WAHLKREIS,lsa:WAHLKREIS:009,Oschersleben-Wanzleben,party:F5,64,0,780,780,0
WAHLBEZIRK->WAHLKREIS,lsa:WAHLKREIS:009,Oschersleben-Wanzleben,party:F6,64,0,1742,1742,0
WAHLBEZIRK->WAHLKREIS,lsa:WAHLKREIS:009,Oschersleben-Wanzleben,party:F7,64,0,457,457,0
WAHLBEZIRK->WAHLKREIS,lsa:WAHLKREIS:009,Oschersleben-Wanzleben,party:F8,64,0,36,36,0
WAHLBEZIRK->WAHLKREIS,lsa:WAHLKREIS:009,Oschersleben-Wanzleben,party:F9,64,0,324,324,0
WAHLBEZIRK->WAHLKREIS,lsa:WAHLKREIS:010,Magdeburg I,reported_precincts,44,0,44,,
WAHLBEZIRK->WAHLKREIS,lsa:WAHLKREIS:010,Magdeburg I,total_precincts,44,0,44,,
WAHLBEZIRK->WAHLKREIS,lsa:WAHLKREIS:010,Magdeburg I,voters_total,44,0,28618,28618,0
WAHLBEZIRK->WAHLKREIS,lsa:WAHLKREIS:010,Magdeburg I,valid_votes_erst,44,0,28349,28349,0
WAHLBEZIRK->WAHLKREIS,lsa:WAHLKREIS:010,Magdeburg I,valid_votes_zweit,44,0,28340,28340,0
WAHLBEZIRK->WAHLKREIS,lsa:WAHLKREIS:010,Magdeburg I,party:D1,44,0,6506,6506,0
WAHLBEZIRK->WAHLKREIS,lsa:WAHLKREIS:010,Magdeburg I,party:D10,44,0,662,662,0
WAHLBEZIRK->WAHLKREIS,lsa:WAHLKREIS:010,Magdeburg I,party:D12,44,0,472,472,0
WAHLBEZIRK->WAHLKREIS,lsa:WAHLKREIS:010,Magdeburg I,party:D15,44,0,1271,1271,0
WAHLBEZIRK->WAHLKREIS,lsa:WAHLKREIS:010,Magdeburg I,party:D2,44,0,11163,11163,0
WAHLBEZIRK->WAHLKREIS,lsa:WAHLKREIS:010,Magdeburg I,party:D3,44,0,3865,3865,0
WAHLBEZIRK->WAHLKREIS,lsa:WAHLKREIS:010,Magdeburg I,party:D4,44,0,2494,2494,0
WAHLBEZIRK->WAHLKREIS,lsa:WAHLKREIS:010,Magdeburg I,party:D5,44,0,929,929,0
WAHLBEZIRK->WAHLKREIS,lsa:WAHLKREIS:010,Magdeburg I,party:D6,44,0,987,987,0
WAHLBEZIRK->WAHLKREIS,lsa:WAHLKREIS:010,Magdeburg I,party:F1,44,0,4014,4014,0
WAHLBEZIRK->WAHLKREIS,lsa:WAHLKREIS:010,Magdeburg I,party:F10,44,0,526,526,0
WAHLBEZIRK->WAHLKREIS,lsa:WAHLKREIS:010,Magdeburg I,party:F11,44,0,84,84,0
WAHLBEZIRK->WAHLKREIS,lsa:WAHLKREIS:010,Magdeburg I,party:F12,44,0,327,327,0
WAHLBEZIRK->WAHLKREIS,lsa:WAHLKREIS:010,Magdeburg I,party:F15,44,0,1495,1495,0
WAHLBEZIRK->WAHLKREIS,lsa:WAHLKREIS:010,Magdeburg I,party:F19,44,0,62,62,0
WAHLBEZIRK->WAHLKREIS,lsa:WAHLKREIS:010,Magdeburg I,party:F2,44,0,11009,11009,0
WAHLBEZIRK->WAHLKREIS,lsa:WAHLKREIS:010,Magdeburg I,party:F20,44,0,115,115,0
WAHLBEZIRK->WAHLKREIS,lsa:WAHLKREIS:010,Magdeburg I,party:F3,44,0,3020,3020,0
WAHLBEZIRK->WAHLKREIS,lsa:WAHLKREIS:010,Magdeburg I,party:F4,44,0,3105,3105,0
WAHLBEZIRK->WAHLKREIS,lsa:WAHLKREIS:010,Magdeburg I,party:F5,44,0,716,716,0
WAHLBEZIRK->WAHLKREIS,lsa:WAHLKREIS:010,Magdeburg I,party:F6,44,0,3448,3448,0
WAHLBEZIRK->WAHLKREIS,lsa:WAHLKREIS:010,Magdeburg I,party:F7,44,0,150,150,0
WAHLBEZIRK->WAHLKREIS,lsa:WAHLKREIS:010,Magdeburg I,party:F8,44,0,41,41,0
WAHLBEZIRK->WAHLKREIS,lsa:WAHLKREIS:010,Magdeburg I,party:F9,44,0,228,228,0
WAHLBEZIRK->WAHLKREIS,lsa:WAHLKREIS:011,Magdeburg II,reported_precincts,66,0,66,,
WAHLBEZIRK->WAHLKREIS,lsa:WAHLKREIS:011,Magdeburg II,total_precincts,66,0,66,,
WAHLBEZIRK->WAHLKREIS,lsa:WAHLKREIS:011,Magdeburg II,voters_total,66,0,39174,39174,0
WAHLBEZIRK->WAHLKREIS,lsa:WAHLKREIS:011,Magdeburg II,valid_votes_erst,66,0,38913,38913,0
WAHLBEZIRK->WAHLKREIS,lsa:WAHLKREIS:011,Magdeburg II,valid_votes_zweit,66,0,38938,38938,0
WAHLBEZIRK->WAHLKREIS,lsa:WAHLKREIS:011,Magdeburg II,party:D1,66,0,7991,7991,0
WAHLBEZIRK->WAHLKREIS,lsa:WAHLKREIS:011,Magdeburg II,party:D10,66,0,442,442,0
WAHLBEZIRK->WAHLKREIS,lsa:WAHLKREIS:011,Magdeburg II,party:D12,66,0,527,527,0
WAHLBEZIRK->WAHLKREIS,lsa:WAHLKREIS:011,Magdeburg II,party:D15,66,0,1663,1663,0
WAHLBEZIRK->WAHLKREIS,lsa:WAHLKREIS:011,Magdeburg II,party:D2,66,0,9121,9121,0
WAHLBEZIRK->WAHLKREIS,lsa:WAHLKREIS:011,Magdeburg II,party:D20,66,0,508,508,0
WAHLBEZIRK->WAHLKREIS,lsa:WAHLKREIS:011,Magdeburg II,party:D3,66,0,11430,11430,0
WAHLBEZIRK->WAHLKREIS,lsa:WAHLKREIS:011,Magdeburg II,party:D4,66,0,3921,3921,0
WAHLBEZIRK->WAHLKREIS,lsa:WAHLKREIS:011,Magdeburg II,party:D5,66,0,988,988,0
WAHLBEZIRK->WAHLKREIS,lsa:WAHLKREIS:011,Magdeburg II,party:D6,66,0,2322,2322,0
WAHLBEZIRK->WAHLKREIS,lsa:WAHLKREIS:011,Magdeburg II,party:F1,66,0,5922,5922,0
WAHLBEZIRK->WAHLKREIS,lsa:WAHLKREIS:011,Magdeburg II,party:F10,66,0,345,345,0
WAHLBEZIRK->WAHLKREIS,lsa:WAHLKREIS:011,Magdeburg II,party:F11,66,0,121,121,0
WAHLBEZIRK->WAHLKREIS,lsa:WAHLKREIS:011,Magdeburg II,party:F12,66,0,356,356,0
WAHLBEZIRK->WAHLKREIS,lsa:WAHLKREIS:011,Magdeburg II,party:F15,66,0,1877,1877,0
WAHLBEZIRK->WAHLKREIS,lsa:WAHLKREIS:011,Magdeburg II,party:F19,66,0,56,56,0
WAHLBEZIRK->WAHLKREIS,lsa:WAHLKREIS:011,Magdeburg II,party:F2,66,0,9177,9177,0
WAHLBEZIRK->WAHLKREIS,lsa:WAHLKREIS:011,Magdeburg II,party:F20,66,0,242,242,0
WAHLBEZIRK->WAHLKREIS,lsa:WAHLKREIS:011,Magdeburg II,party:F3,66,0,4894,4894,0
WAHLBEZIRK->WAHLKREIS,lsa:WAHLKREIS:011,Magdeburg II,party:F4,66,0,5341,5341,0
WAHLBEZIRK->WAHLKREIS,lsa:WAHLKREIS:011,Magdeburg II,party:F5,66,0,1219,1219,0
WAHLBEZIRK->WAHLKREIS,lsa:WAHLKREIS:011,Magdeburg II,party:F6,66,0,8884,8884,0
WAHLBEZIRK->WAHLKREIS,lsa:WAHLKREIS:011,Magdeburg II,party:F7,66,0,220,220,0
WAHLBEZIRK->WAHLKREIS,lsa:WAHLKREIS:011,Magdeburg II,party:F8,66,0,54,54,0
WAHLBEZIRK->WAHLKREIS,lsa:WAHLKREIS:011,Magdeburg II,party:F9,66,0,230,230,0
WAHLBEZIRK->WAHLKREIS,lsa:WAHLKREIS:012,Magdeburg III,reported_precincts,49,0,49,,
WAHLBEZIRK->WAHLKREIS,lsa:WAHLKREIS:012,Magdeburg III,total_precincts,49,0,49,,
WAHLBEZIRK->WAHLKREIS,lsa:WAHLKREIS:012,Magdeburg III,voters_total,49,0,33553,33553,0
WAHLBEZIRK->WAHLKREIS,lsa:WAHLKREIS:012,Magdeburg III,valid_votes_erst,49,0,33302,33302,0
WAHLBEZIRK->WAHLKREIS,lsa:WAHLKREIS:012,Magdeburg III,valid_votes_zweit,49,0,33314,33314,0
WAHLBEZIRK->WAHLKREIS,lsa:WAHLKREIS:012,Magdeburg III,party:D1,49,0,10547,10547,0
WAHLBEZIRK->WAHLKREIS,lsa:WAHLKREIS:012,Magdeburg III,party:D10,49,0,776,776,0
WAHLBEZIRK->WAHLKREIS,lsa:WAHLKREIS:012,Magdeburg III,party:D15,49,0,1565,1565,0
WAHLBEZIRK->WAHLKREIS,lsa:WAHLKREIS:012,Magdeburg III,party:D2,49,0,11712,11712,0
WAHLBEZIRK->WAHLKREIS,lsa:WAHLKREIS:012,Magdeburg III,party:D3,49,0,4592,4592,0
WAHLBEZIRK->WAHLKREIS,lsa:WAHLKREIS:012,Magdeburg III,party:D4,49,0,2075,2075,0
WAHLBEZIRK->WAHLKREIS,lsa:WAHLKREIS:012,Magdeburg III,party:D5,49,0,846,846,0
WAHLBEZIRK->WAHLKREIS,lsa:WAHLKREIS:012,Magdeburg III,party:D6,49,0,1189,1189,0
WAHLBEZIRK->WAHLKREIS,lsa:WAHLKREIS:012,Magdeburg III,party:F1,49,0,5319,5319,0
WAHLBEZIRK->WAHLKREIS,lsa:WAHLKREIS:012,Magdeburg III,party:F10,49,0,480,480,0
WAHLBEZIRK->WAHLKREIS,lsa:WAHLKREIS:012,Magdeburg III,party:F11,49,0,94,94,0
WAHLBEZIRK->WAHLKREIS,lsa:WAHLKREIS:012,Magdeburg III,party:F12,49,0,205,205,0
WAHLBEZIRK->WAHLKREIS,lsa:WAHLKREIS:012,Magdeburg III,party:F15,49,0,1738,1738,0
WAHLBEZIRK->WAHLKREIS,lsa:WAHLKREIS:012,Magdeburg III,party:F19,49,0,55,55,0
WAHLBEZIRK->WAHLKREIS,lsa:WAHLKREIS:012,Magdeburg III,party:F2,49,0,11649,11649,0
WAHLBEZIRK->WAHLKREIS,lsa:WAHLKREIS:012,Magdeburg III,party:F20,49,0,161,161,0
WAHLBEZIRK->WAHLKREIS,lsa:WAHLKREIS:012,Magdeburg III,party:F3,49,0,3448,3448,0
WAHLBEZIRK->WAHLKREIS,lsa:WAHLKREIS:012,Magdeburg III,party:F4,49,0,3933,3933,0
WAHLBEZIRK->WAHLKREIS,lsa:WAHLKREIS:012,Magdeburg III,party:F5,49,0,982,982,0
WAHLBEZIRK->WAHLKREIS,lsa:WAHLKREIS:012,Magdeburg III,party:F6,49,0,4600,4600,0
WAHLBEZIRK->WAHLKREIS,lsa:WAHLKREIS:012,Magdeburg III,party:F7,49,0,203,203,0
WAHLBEZIRK->WAHLKREIS,lsa:WAHLKREIS:012,Magdeburg III,party:F8,49,0,51,51,0
WAHLBEZIRK->WAHLKREIS,lsa:WAHLKREIS:012,Magdeburg III,party:F9,49,0,396,396,0
WAHLBEZIRK->WAHLKREIS,lsa:WAHLKREIS:013,Magdeburg IV,reported_precincts,59,0,59,,
WAHLBEZIRK->WAHLKREIS,lsa:WAHLKREIS:013,Magdeburg IV,total_precincts,59,0,59,,
WAHLBEZIRK->WAHLKREIS,lsa:WAHLKREIS:013,Magdeburg IV,voters_total,59,0,38218,38218,0
WAHLBEZIRK->WAHLKREIS,lsa:WAHLKREIS:013,Magdeburg IV,valid_votes_erst,59,0,37893,37893,0
WAHLBEZIRK->WAHLKREIS,lsa:WAHLKREIS:013,Magdeburg IV,valid_votes_zweit,59,0,37929,37929,0
WAHLBEZIRK->WAHLKREIS,lsa:WAHLKREIS:013,Magdeburg IV,party:D1,59,0,10552,10552,0
WAHLBEZIRK->WAHLKREIS,lsa:WAHLKREIS:013,Magdeburg IV,party:D10,59,0,1057,1057,0
WAHLBEZIRK->WAHLKREIS,lsa:WAHLKREIS:013,Magdeburg IV,party:D15,59,0,1734,1734,0
WAHLBEZIRK->WAHLKREIS,lsa:WAHLKREIS:013,Magdeburg IV,party:D2,59,0,13483,13483,0
WAHLBEZIRK->WAHLKREIS,lsa:WAHLKREIS:013,Magdeburg IV,party:D3,59,0,4875,4875,0
WAHLBEZIRK->WAHLKREIS,lsa:WAHLKREIS:013,Magdeburg IV,party:D4,59,0,3056,3056,0
WAHLBEZIRK->WAHLKREIS,lsa:WAHLKREIS:013,Magdeburg IV,party:D5,59,0,1151,1151,0
WAHLBEZIRK->WAHLKREIS,lsa:WAHLKREIS:013,Magdeburg IV,party:D6,59,0,1985,1985,0
WAHLBEZIRK->WAHLKREIS,lsa:WAHLKREIS:013,Magdeburg IV,party:F1,59,0,5966,5966,0
WAHLBEZIRK->WAHLKREIS,lsa:WAHLKREIS:013,Magdeburg IV,party:F10,59,0,570,570,0
WAHLBEZIRK->WAHLKREIS,lsa:WAHLKREIS:013,Magdeburg IV,party:F11,59,0,120,120,0
WAHLBEZIRK->WAHLKREIS,lsa:WAHLKREIS:013,Magdeburg IV,party:F12,59,0,241,241,0
WAHLBEZIRK->WAHLKREIS,lsa:WAHLKREIS:013,Magdeburg IV,party:F15,59,0,1994,1994,0
WAHLBEZIRK->WAHLKREIS,lsa:WAHLKREIS:013,Magdeburg IV,party:F19,59,0,60,60,0
WAHLBEZIRK->WAHLKREIS,lsa:WAHLKREIS:013,Magdeburg IV,party:F2,59,0,13326,13326,0
WAHLBEZIRK->WAHLKREIS,lsa:WAHLKREIS:013,Magdeburg IV,party:F20,59,0,179,179,0
WAHLBEZIRK->WAHLKREIS,lsa:WAHLKREIS:013,Magdeburg IV,party:F3,59,0,3951,3951,0
WAHLBEZIRK->WAHLKREIS,lsa:WAHLKREIS:013,Magdeburg IV,party:F4,59,0,4349,4349,0
WAHLBEZIRK->WAHLKREIS,lsa:WAHLKREIS:013,Magdeburg IV,party:F5,59,0,1099,1099,0
WAHLBEZIRK->WAHLKREIS,lsa:WAHLKREIS:013,Magdeburg IV,party:F6,59,0,5436,5436,0
WAHLBEZIRK->WAHLKREIS,lsa:WAHLKREIS:013,Magdeburg IV,party:F7,59,0,197,197,0
WAHLBEZIRK->WAHLKREIS,lsa:WAHLKREIS:013,Magdeburg IV,party:F8,59,0,45,45,0
WAHLBEZIRK->WAHLKREIS,lsa:WAHLKREIS:013,Magdeburg IV,party:F9,59,0,396,396,0
WAHLBEZIRK->WAHLKREIS,lsa:WAHLKREIS:014,Halberstadt,reported_precincts,48,0,48,,
WAHLBEZIRK->WAHLKREIS,lsa:WAHLKREIS:014,Halberstadt,total_precincts,48,0,48,,
WAHLBEZIRK->WAHLKREIS,lsa:WAHLKREIS:014,Halberstadt,voters_total,48,0,28895,28895,0
WAHLBEZIRK->WAHLKREIS,lsa:WAHLKREIS:014,Halberstadt,valid_votes_erst,48,0,28556,28556,0
WAHLBEZIRK->WAHLKREIS,lsa:WAHLKREIS:014,Halberstadt,valid_votes_zweit,48,0,28568,28568,0
WAHLBEZIRK->WAHLKREIS,lsa:WAHLKREIS:014,Halberstadt,party:D1,48,0,6683,6683,0
WAHLBEZIRK->WAHLKREIS,lsa:WAHLKREIS:014,Halberstadt,party:D15,48,0,1398,1398,0
WAHLBEZIRK->WAHLKREIS,lsa:WAHLKREIS:014,Halberstadt,party:D2,48,0,12718,12718,0
WAHLBEZIRK->WAHLKREIS,lsa:WAHLKREIS:014,Halberstadt,party:D3,48,0,3060,3060,0
WAHLBEZIRK->WAHLKREIS,lsa:WAHLKREIS:014,Halberstadt,party:D4,48,0,2152,2152,0
WAHLBEZIRK->WAHLKREIS,lsa:WAHLKREIS:014,Halberstadt,party:D5,48,0,414,414,0
WAHLBEZIRK->WAHLKREIS,lsa:WAHLKREIS:014,Halberstadt,party:D6,48,0,1173,1173,0
WAHLBEZIRK->WAHLKREIS,lsa:WAHLKREIS:014,Halberstadt,party:D7,48,0,958,958,0
WAHLBEZIRK->WAHLKREIS,lsa:WAHLKREIS:014,Halberstadt,party:F1,48,0,5081,5081,0
WAHLBEZIRK->WAHLKREIS,lsa:WAHLKREIS:014,Halberstadt,party:F10,48,0,137,137,0
WAHLBEZIRK->WAHLKREIS,lsa:WAHLKREIS:014,Halberstadt,party:F11,48,0,49,49,0
WAHLBEZIRK->WAHLKREIS,lsa:WAHLKREIS:014,Halberstadt,party:F12,48,0,159,159,0
WAHLBEZIRK->WAHLKREIS,lsa:WAHLKREIS:014,Halberstadt,party:F15,48,0,1741,1741,0
WAHLBEZIRK->WAHLKREIS,lsa:WAHLKREIS:014,Halberstadt,party:F19,48,0,39,39,0
WAHLBEZIRK->WAHLKREIS,lsa:WAHLKREIS:014,Halberstadt,party:F2,48,0,12687,12687,0
WAHLBEZIRK->WAHLKREIS,lsa:WAHLKREIS:014,Halberstadt,party:F20,48,0,66,66,0
WAHLBEZIRK->WAHLKREIS,lsa:WAHLKREIS:014,Halberstadt,party:F3,48,0,2529,2529,0
WAHLBEZIRK->WAHLKREIS,lsa:WAHLKREIS:014,Halberstadt,party:F4,48,0,2717,2717,0
WAHLBEZIRK->WAHLKREIS,lsa:WAHLKREIS:014,Halberstadt,party:F5,48,0,510,510,0
WAHLBEZIRK->WAHLKREIS,lsa:WAHLKREIS:014,Halberstadt,party:F6,48,0,2024,2024,0
WAHLBEZIRK->WAHLKREIS,lsa:WAHLKREIS:014,Halberstadt,party:F7,48,0,516,516,0
WAHLBEZIRK->WAHLKREIS,lsa:WAHLKREIS:014,Halberstadt,party:F8,48,0,38,38,0
WAHLBEZIRK->WAHLKREIS,lsa:WAHLKREIS:014,Halberstadt,party:F9,48,0,275,275,0
WAHLBEZIRK->WAHLKREIS,lsa:WAHLKREIS:015,Blankenburg,reported_precincts,59,0,59,,
WAHLBEZIRK->WAHLKREIS,lsa:WAHLKREIS:015,Blankenburg,total_precincts,59,0,59,,
WAHLBEZIRK->WAHLKREIS,lsa:WAHLKREIS:015,Blankenburg,voters_total,59,0,31175,31175,0
WAHLBEZIRK->WAHLKREIS,lsa:WAHLKREIS:015,Blankenburg,valid_votes_erst,59,0,30789,30789,0
WAHLBEZIRK->WAHLKREIS,lsa:WAHLKREIS:015,Blankenburg,valid_votes_zweit,59,0,30843,30843,0
WAHLBEZIRK->WAHLKREIS,lsa:WAHLKREIS:015,Blankenburg,party:D1,59,0,6329,6329,0
WAHLBEZIRK->WAHLKREIS,lsa:WAHLKREIS:015,Blankenburg,party:D15,59,0,1443,1443,0
WAHLBEZIRK->WAHLKREIS,lsa:WAHLKREIS:015,Blankenburg,party:D2,59,0,12995,12995,0
WAHLBEZIRK->WAHLKREIS,lsa:WAHLKREIS:015,Blankenburg,party:D3,59,0,3001,3001,0
WAHLBEZIRK->WAHLKREIS,lsa:WAHLKREIS:015,Blankenburg,party:D4,59,0,4198,4198,0
WAHLBEZIRK->WAHLKREIS,lsa:WAHLKREIS:015,Blankenburg,party:D5,59,0,694,694,0
WAHLBEZIRK->WAHLKREIS,lsa:WAHLKREIS:015,Blankenburg,party:D6,59,0,955,955,0
WAHLBEZIRK->WAHLKREIS,lsa:WAHLKREIS:015,Blankenburg,party:D7,59,0,1174,1174,0
WAHLBEZIRK->WAHLKREIS,lsa:WAHLKREIS:015,Blankenburg,party:F1,59,0,5306,5306,0
WAHLBEZIRK->WAHLKREIS,lsa:WAHLKREIS:015,Blankenburg,party:F10,59,0,126,126,0
WAHLBEZIRK->WAHLKREIS,lsa:WAHLKREIS:015,Blankenburg,party:F11,59,0,114,114,0
WAHLBEZIRK->WAHLKREIS,lsa:WAHLKREIS:015,Blankenburg,party:F12,59,0,194,194,0
WAHLBEZIRK->WAHLKREIS,lsa:WAHLKREIS:015,Blankenburg,party:F15,59,0,1681,1681,0
WAHLBEZIRK->WAHLKREIS,lsa:WAHLKREIS:015,Blankenburg,party:F19,59,0,45,45,0
WAHLBEZIRK->WAHLKREIS,lsa:WAHLKREIS:015,Blankenburg,party:F2,59,0,13227,13227,0
WAHLBEZIRK->WAHLKREIS,lsa:WAHLKREIS:015,Blankenburg,party:F20,59,0,95,95,0
WAHLBEZIRK->WAHLKREIS,lsa:WAHLKREIS:015,Blankenburg,party:F3,59,0,2270,2270,0
WAHLBEZIRK->WAHLKREIS,lsa:WAHLKREIS:015,Blankenburg,party:F4,59,0,3869,3869,0
WAHLBEZIRK->WAHLKREIS,lsa:WAHLKREIS:015,Blankenburg,party:F5,59,0,595,595,0
WAHLBEZIRK->WAHLKREIS,lsa:WAHLKREIS:015,Blankenburg,party:F6,59,0,2304,2304,0
WAHLBEZIRK->WAHLKREIS,lsa:WAHLKREIS:015,Blankenburg,party:F7,59,0,586,586,0
WAHLBEZIRK->WAHLKREIS,lsa:WAHLKREIS:015,Blankenburg,party:F8,59,0,59,59,0
WAHLBEZIRK->WAHLKREIS,lsa:WAHLKREIS:015,Blankenburg,party:F9,59,0,372,372,0
WAHLBEZIRK->WAHLKREIS,lsa:WAHLKREIS:016,Wernigerode,reported_precincts,51,0,51,,
WAHLBEZIRK->WAHLKREIS,lsa:WAHLKREIS:016,Wernigerode,total_precincts,51,0,51,,
WAHLBEZIRK->WAHLKREIS,lsa:WAHLKREIS:016,Wernigerode,voters_total,51,0,31192,31192,0
WAHLBEZIRK->WAHLKREIS,lsa:WAHLKREIS:016,Wernigerode,valid_votes_erst,51,0,30878,30878,0
WAHLBEZIRK->WAHLKREIS,lsa:WAHLKREIS:016,Wernigerode,valid_votes_zweit,51,0,30910,30910,0
WAHLBEZIRK->WAHLKREIS,lsa:WAHLKREIS:016,Wernigerode,party:D1,51,0,6632,6632,0
WAHLBEZIRK->WAHLKREIS,lsa:WAHLKREIS:016,Wernigerode,party:D15,51,0,1530,1530,0
WAHLBEZIRK->WAHLKREIS,lsa:WAHLKREIS:016,Wernigerode,party:D2,51,0,11717,11717,0
WAHLBEZIRK->WAHLKREIS,lsa:WAHLKREIS:016,Wernigerode,party:D3,51,0,2425,2425,0
WAHLBEZIRK->WAHLKREIS,lsa:WAHLKREIS:016,Wernigerode,party:D4,51,0,6331,6331,0
WAHLBEZIRK->WAHLKREIS,lsa:WAHLKREIS:016,Wernigerode,party:D5,51,0,535,535,0
WAHLBEZIRK->WAHLKREIS,lsa:WAHLKREIS:016,Wernigerode,party:D6,51,0,761,761,0
WAHLBEZIRK->WAHLKREIS,lsa:WAHLKREIS:016,Wernigerode,party:D7,51,0,947,947,0
WAHLBEZIRK->WAHLKREIS,lsa:WAHLKREIS:016,Wernigerode,party:F1,51,0,5583,5583,0
WAHLBEZIRK->WAHLKREIS,lsa:WAHLKREIS:016,Wernigerode,party:F10,51,0,129,129,0
WAHLBEZIRK->WAHLKREIS,lsa:WAHLKREIS:016,Wernigerode,party:F11,51,0,83,83,0
WAHLBEZIRK->WAHLKREIS,lsa:WAHLKREIS:016,Wernigerode,party:F12,51,0,171,171,0
WAHLBEZIRK->WAHLKREIS,lsa:WAHLKREIS:016,Wernigerode,party:F15,51,0,1742,1742,0
WAHLBEZIRK->WAHLKREIS,lsa:WAHLKREIS:016,Wernigerode,party:F19,51,0,45,45,0
WAHLBEZIRK->WAHLKREIS,lsa:WAHLKREIS:016,Wernigerode,party:F2,51,0,12198,12198,0
WAHLBEZIRK->WAHLKREIS,lsa:WAHLKREIS:016,Wernigerode,party:F20,51,0,83,83,0
WAHLBEZIRK->WAHLKREIS,lsa:WAHLKREIS:016,Wernigerode,party:F3,51,0,2376,2376,0
WAHLBEZIRK->WAHLKREIS,lsa:WAHLKREIS:016,Wernigerode,party:F4,51,0,4333,4333,0
WAHLBEZIRK->WAHLKREIS,lsa:WAHLKREIS:016,Wernigerode,party:F5,51,0,657,657,0
WAHLBEZIRK->WAHLKREIS,lsa:WAHLKREIS:016,Wernigerode,party:F6,51,0,2657,2657,0
WAHLBEZIRK->WAHLKREIS,lsa:WAHLKREIS:016,Wernigerode,party:F7,51,0,473,473,0
WAHLBEZIRK->WAHLKREIS,lsa:WAHLKREIS:016,Wernigerode,party:F8,51,0,42,42,0
WAHLBEZIRK->WAHLKREIS,lsa:WAHLKREIS:016,Wernigerode,party:F9,51,0,338,338,0
WAHLBEZIRK->WAHLKREIS,lsa:WAHLKREIS:017,Quedlinburg,reported_precincts,60,0,60,,
WAHLBEZIRK->WAHLKREIS,lsa:WAHLKREIS:017,Quedlinburg,total_precincts,60,0,60,,
WAHLBEZIRK->WAHLKREIS,lsa:WAHLKREIS:017,Quedlinburg,voters_total,60,0,36978,36978,0
WAHLBEZIRK->WAHLKREIS,lsa:WAHLKREIS:017,Quedlinburg,valid_votes_erst,60,0,36451,36451,0
WAHLBEZIRK->WAHLKREIS,lsa:WAHLKREIS:017,Quedlinburg,valid_votes_zweit,60,0,36501,36501,0
WAHLBEZIRK->WAHLKREIS,lsa:WAHLKREIS:017,Quedlinburg,party:D1,60,0,8029,8029,0
WAHLBEZIRK->WAHLKREIS,lsa:WAHLKREIS:017,Quedlinburg,party:D15,60,0,1668,1668,0
WAHLBEZIRK->WAHLKREIS,lsa:WAHLKREIS:017,Quedlinburg,party:D2,60,0,16483,16483,0
WAHLBEZIRK->WAHLKREIS,lsa:WAHLKREIS:017,Quedlinburg,party:D21,60,0,393,393,0
WAHLBEZIRK->WAHLKREIS,lsa:WAHLKREIS:017,Quedlinburg,party:D3,60,0,3465,3465,0
WAHLBEZIRK->WAHLKREIS,lsa:WAHLKREIS:017,Quedlinburg,party:D4,60,0,2655,2655,0
WAHLBEZIRK->WAHLKREIS,lsa:WAHLKREIS:017,Quedlinburg,party:D5,60,0,850,850,0
WAHLBEZIRK->WAHLKREIS,lsa:WAHLKREIS:017,Quedlinburg,party:D6,60,0,1967,1967,0
WAHLBEZIRK->WAHLKREIS,lsa:WAHLKREIS:017,Quedlinburg,party:D7,60,0,941,941,0
WAHLBEZIRK->WAHLKREIS,lsa:WAHLKREIS:017,Quedlinburg,party:F1,60,0,6483,6483,0
WAHLBEZIRK->WAHLKREIS,lsa:WAHLKREIS:017,Quedlinburg,party:F10,60,0,148,148,0
WAHLBEZIRK->WAHLKREIS,lsa:WAHLKREIS:017,Quedlinburg,party:F11,60,0,138,138,0
WAHLBEZIRK->WAHLKREIS,lsa:WAHLKREIS:017,Quedlinburg,party:F12,60,0,220,220,0
WAHLBEZIRK->WAHLKREIS,lsa:WAHLKREIS:017,Quedlinburg,party:F15,60,0,1900,1900,0
WAHLBEZIRK->WAHLKREIS,lsa:WAHLKREIS:017,Quedlinburg,party:F19,60,0,58,58,0
WAHLBEZIRK->WAHLKREIS,lsa:WAHLKREIS:017,Quedlinburg,party:F2,60,0,16610,16610,0
WAHLBEZIRK->WAHLKREIS,lsa:WAHLKREIS:017,Quedlinburg,party:F20,60,0,65,65,0
WAHLBEZIRK->WAHLKREIS,lsa:WAHLKREIS:017,Quedlinburg,party:F3,60,0,2835,2835,0
WAHLBEZIRK->WAHLKREIS,lsa:WAHLKREIS:017,Quedlinburg,party:F4,60,0,3183,3183,0
WAHLBEZIRK->WAHLKREIS,lsa:WAHLKREIS:017,Quedlinburg,party:F5,60,0,850,850,0
WAHLBEZIRK->WAHLKREIS,lsa:WAHLKREIS:017,Quedlinburg,party:F6,60,0,2956,2956,0
WAHLBEZIRK->WAHLKREIS,lsa:WAHLKREIS:017,Quedlinburg,party:F7,60,0,555,555,0
WAHLBEZIRK->WAHLKREIS,lsa:WAHLKREIS:017,Quedlinburg,party:F8,60,0,88,88,0
WAHLBEZIRK->WAHLKREIS,lsa:WAHLKREIS:017,Quedlinburg,party:F9,60,0,412,412,0
WAHLBEZIRK->WAHLKREIS,lsa:WAHLKREIS:018,Aschersleben,reported_precincts,55,0,55,,
WAHLBEZIRK->WAHLKREIS,lsa:WAHLKREIS:018,Aschersleben,total_precincts,55,0,55,,
WAHLBEZIRK->WAHLKREIS,lsa:WAHLKREIS:018,Aschersleben,voters_total,55,0,27572,27572,0
WAHLBEZIRK->WAHLKREIS,lsa:WAHLKREIS:018,Aschersleben,valid_votes_erst,55,0,27246,27246,0
WAHLBEZIRK->WAHLKREIS,lsa:WAHLKREIS:018,Aschersleben,valid_votes_zweit,55,0,27267,27267,0
WAHLBEZIRK->WAHLKREIS,lsa:WAHLKREIS:018,Aschersleben,party:D1,55,0,5269,5269,0
WAHLBEZIRK->WAHLKREIS,lsa:WAHLKREIS:018,Aschersleben,party:D15,55,0,2702,2702,0
WAHLBEZIRK->WAHLKREIS,lsa:WAHLKREIS:018,Aschersleben,party:D19,55,0,442,442,0
WAHLBEZIRK->WAHLKREIS,lsa:WAHLKREIS:018,Aschersleben,party:D2,55,0,13014,13014,0
WAHLBEZIRK->WAHLKREIS,lsa:WAHLKREIS:018,Aschersleben,party:D3,55,0,2319,2319,0
WAHLBEZIRK->WAHLKREIS,lsa:WAHLKREIS:018,Aschersleben,party:D4,55,0,2122,2122,0
WAHLBEZIRK->WAHLKREIS,lsa:WAHLKREIS:018,Aschersleben,party:D5,55,0,663,663,0
WAHLBEZIRK->WAHLKREIS,lsa:WAHLKREIS:018,Aschersleben,party:D6,55,0,715,715,0
WAHLBEZIRK->WAHLKREIS,lsa:WAHLKREIS:018,Aschersleben,party:F1,55,0,4708,4708,0
WAHLBEZIRK->WAHLKREIS,lsa:WAHLKREIS:018,Aschersleben,party:F10,55,0,129,129,0
WAHLBEZIRK->WAHLKREIS,lsa:WAHLKREIS:018,Aschersleben,party:F11,55,0,58,58,0
WAHLBEZIRK->WAHLKREIS,lsa:WAHLKREIS:018,Aschersleben,party:F12,55,0,179,179,0
WAHLBEZIRK->WAHLKREIS,lsa:WAHLKREIS:018,Aschersleben,party:F15,55,0,2019,2019,0
WAHLBEZIRK->WAHLKREIS,lsa:WAHLKREIS:018,Aschersleben,party:F19,55,0,149,149,0
WAHLBEZIRK->WAHLKREIS,lsa:WAHLKREIS:018,Aschersleben,party:F2,55,0,13206,13206,0
WAHLBEZIRK->WAHLKREIS,lsa:WAHLKREIS:018,Aschersleben,party:F20,55,0,109,109,0
WAHLBEZIRK->WAHLKREIS,lsa:WAHLKREIS:018,Aschersleben,party:F3,55,0,2031,2031,0
WAHLBEZIRK->WAHLKREIS,lsa:WAHLKREIS:018,Aschersleben,party:F4,55,0,2048,2048,0
WAHLBEZIRK->WAHLKREIS,lsa:WAHLKREIS:018,Aschersleben,party:F5,55,0,567,567,0
WAHLBEZIRK->WAHLKREIS,lsa:WAHLKREIS:018,Aschersleben,party:F6,55,0,1475,1475,0
WAHLBEZIRK->WAHLKREIS,lsa:WAHLKREIS:018,Aschersleben,party:F7,55,0,237,237,0
WAHLBEZIRK->WAHLKREIS,lsa:WAHLKREIS:018,Aschersleben,party:F8,55,0,37,37,0
WAHLBEZIRK->WAHLKREIS,lsa:WAHLKREIS:018,Aschersleben,party:F9,55,0,315,315,0
WAHLBEZIRK->WAHLKREIS,lsa:WAHLKREIS:019,Staßfurt,reported_precincts,40,0,40,,
WAHLBEZIRK->WAHLKREIS,lsa:WAHLKREIS:019,Staßfurt,total_precincts,40,0,40,,
WAHLBEZIRK->WAHLKREIS,lsa:WAHLKREIS:019,Staßfurt,voters_total,40,0,25486,25486,0
WAHLBEZIRK->WAHLKREIS,lsa:WAHLKREIS:019,Staßfurt,valid_votes_erst,40,0,25213,25213,0
WAHLBEZIRK->WAHLKREIS,lsa:WAHLKREIS:019,Staßfurt,valid_votes_zweit,40,0,25233,25233,0
WAHLBEZIRK->WAHLKREIS,lsa:WAHLKREIS:019,Staßfurt,party:D1,40,0,6444,6444,0
WAHLBEZIRK->WAHLKREIS,lsa:WAHLKREIS:019,Staßfurt,party:D15,40,0,1315,1315,0
WAHLBEZIRK->WAHLKREIS,lsa:WAHLKREIS:019,Staßfurt,party:D2,40,0,13471,13471,0
WAHLBEZIRK->WAHLKREIS,lsa:WAHLKREIS:019,Staßfurt,party:D3,40,0,1827,1827,0
WAHLBEZIRK->WAHLKREIS,lsa:WAHLKREIS:019,Staßfurt,party:D4,40,0,1104,1104,0
WAHLBEZIRK->WAHLKREIS,lsa:WAHLKREIS:019,Staßfurt,party:D5,40,0,665,665,0
WAHLBEZIRK->WAHLKREIS,lsa:WAHLKREIS:019,Staßfurt,party:D6,40,0,387,387,0
WAHLBEZIRK->WAHLKREIS,lsa:WAHLKREIS:019,Staßfurt,party:F1,40,0,4256,4256,0
WAHLBEZIRK->WAHLKREIS,lsa:WAHLKREIS:019,Staßfurt,party:F10,40,0,143,143,0
WAHLBEZIRK->WAHLKREIS,lsa:WAHLKREIS:019,Staßfurt,party:F11,40,0,43,43,0
WAHLBEZIRK->WAHLKREIS,lsa:WAHLKREIS:019,Staßfurt,party:F12,40,0,146,146,0
WAHLBEZIRK->WAHLKREIS,lsa:WAHLKREIS:019,Staßfurt,party:F15,40,0,1339,1339,0
WAHLBEZIRK->WAHLKREIS,lsa:WAHLKREIS:019,Staßfurt,party:F19,40,0,37,37,0
WAHLBEZIRK->WAHLKREIS,lsa:WAHLKREIS:019,Staßfurt,party:F2,40,0,13644,13644,0
WAHLBEZIRK->WAHLKREIS,lsa:WAHLKREIS:019,Staßfurt,party:F20,40,0,67,67,0
WAHLBEZIRK->WAHLKREIS,lsa:WAHLKREIS:019,Staßfurt,party:F3,40,0,1861,1861,0
WAHLBEZIRK->WAHLKREIS,lsa:WAHLKREIS:019,Staßfurt,party:F4,40,0,1634,1634,0
WAHLBEZIRK->WAHLKREIS,lsa:WAHLKREIS:019,Staßfurt,party:F5,40,0,528,528,0
WAHLBEZIRK->WAHLKREIS,lsa:WAHLKREIS:019,Staßfurt,party:F6,40,0,992,992,0
WAHLBEZIRK->WAHLKREIS,lsa:WAHLKREIS:019,Staßfurt,party:F7,40,0,233,233,0
WAHLBEZIRK->WAHLKREIS,lsa:WAHLKREIS:019,Staßfurt,party:F8,40,0,18,18,0
WAHLBEZIRK->WAHLKREIS,lsa:WAHLKREIS:019,Staßfurt,party:F9,40,0,292,292,0
WAHLBEZIRK->WAHLKREIS,lsa:WAHLKREIS:020,Schönebeck,reported_precincts,56,0,56,,
WAHLBEZIRK->WAHLKREIS,lsa:WAHLKREIS:020,Schönebeck,total_precincts,56,0,56,,
WAHLBEZIRK->WAHLKREIS,lsa:WAHLKREIS:020,Schönebeck,voters_total,56,0,33298,33298,0
WAHLBEZIRK->WAHLKREIS,lsa:WAHLKREIS:020,Schönebeck,valid_votes_erst,56,0,32886,32886,0
WAHLBEZIRK->WAHLKREIS,lsa:WAHLKREIS:020,Schönebeck,valid_votes_zweit,56,0,32943,32943,0
WAHLBEZIRK->WAHLKREIS,lsa:WAHLKREIS:020,Schönebeck,party:D1,56,0,7575,7575,0
WAHLBEZIRK->WAHLKREIS,lsa:WAHLKREIS:020,Schönebeck,party:D15,56,0,1458,1458,0
WAHLBEZIRK->WAHLKREIS,lsa:WAHLKREIS:020,Schönebeck,party:D2,56,0,15859,15859,0
WAHLBEZIRK->WAHLKREIS,lsa:WAHLKREIS:020,Schönebeck,party:D3,56,0,3184,3184,0
WAHLBEZIRK->WAHLKREIS,lsa:WAHLKREIS:020,Schönebeck,party:D4,56,0,2848,2848,0
WAHLBEZIRK->WAHLKREIS,lsa:WAHLKREIS:020,Schönebeck,party:D5,56,0,1162,1162,0
WAHLBEZIRK->WAHLKREIS,lsa:WAHLKREIS:020,Schönebeck,party:D6,56,0,800,800,0
WAHLBEZIRK->WAHLKREIS,lsa:WAHLKREIS:020,Schönebeck,party:F1,56,0,5736,5736,0
WAHLBEZIRK->WAHLKREIS,lsa:WAHLKREIS:020,Schönebeck,party:F10,56,0,182,182,0
WAHLBEZIRK->WAHLKREIS,lsa:WAHLKREIS:020,Schönebeck,party:F11,56,0,61,61,0
WAHLBEZIRK->WAHLKREIS,lsa:WAHLKREIS:020,Schönebeck,party:F12,56,0,225,225,0
WAHLBEZIRK->WAHLKREIS,lsa:WAHLKREIS:020,Schönebeck,party:F15,56,0,1746,1746,0
WAHLBEZIRK->WAHLKREIS,lsa:WAHLKREIS:020,Schönebeck,party:F19,56,0,52,52,0
WAHLBEZIRK->WAHLKREIS,lsa:WAHLKREIS:020,Schönebeck,party:F2,56,0,15548,15548,0
WAHLBEZIRK->WAHLKREIS,lsa:WAHLKREIS:020,Schönebeck,party:F20,56,0,107,107,0
WAHLBEZIRK->WAHLKREIS,lsa:WAHLKREIS:020,Schönebeck,party:F3,56,0,2680,2680,0
WAHLBEZIRK->WAHLKREIS,lsa:WAHLKREIS:020,Schönebeck,party:F4,56,0,2883,2883,0
WAHLBEZIRK->WAHLKREIS,lsa:WAHLKREIS:020,Schönebeck,party:F5,56,0,896,896,0
WAHLBEZIRK->WAHLKREIS,lsa:WAHLKREIS:020,Schönebeck,party:F6,56,0,2063,2063,0
WAHLBEZIRK->WAHLKREIS,lsa:WAHLKREIS:020,Schönebeck,party:F7,56,0,250,250,0
WAHLBEZIRK->WAHLKREIS,lsa:WAHLKREIS:020,Schönebeck,party:F8,56,0,60,60,0
WAHLBEZIRK->WAHLKREIS,lsa:WAHLKREIS:020,Schönebeck,party:F9,56,0,454,454,0
WAHLBEZIRK->WAHLKREIS,lsa:WAHLKREIS:021,Bernburg,reported_precincts,65,0,65,,
WAHLBEZIRK->WAHLKREIS,lsa:WAHLKREIS:021,Bernburg,total_precincts,65,0,65,,
WAHLBEZIRK->WAHLKREIS,lsa:WAHLKREIS:021,Bernburg,voters_total,65,0,33882,33882,0
WAHLBEZIRK->WAHLKREIS,lsa:WAHLKREIS:021,Bernburg,valid_votes_erst,65,0,33416,33416,0
WAHLBEZIRK->WAHLKREIS,lsa:WAHLKREIS:021,Bernburg,valid_votes_zweit,65,0,33536,33536,0
WAHLBEZIRK->WAHLKREIS,lsa:WAHLKREIS:021,Bernburg,party:D1,65,0,7482,7482,0
WAHLBEZIRK->WAHLKREIS,lsa:WAHLKREIS:021,Bernburg,party:D2,65,0,17463,17463,0
WAHLBEZIRK->WAHLKREIS,lsa:WAHLKREIS:021,Bernburg,party:D3,65,0,3501,3501,0
WAHLBEZIRK->WAHLKREIS,lsa:WAHLKREIS:021,Bernburg,party:D4,65,0,2005,2005,0
WAHLBEZIRK->WAHLKREIS,lsa:WAHLKREIS:021,Bernburg,party:D5,65,0,2261,2261,0
WAHLBEZIRK->WAHLKREIS,lsa:WAHLKREIS:021,Bernburg,party:D6,65,0,704,704,0
WAHLBEZIRK->WAHLKREIS,lsa:WAHLKREIS:021,Bernburg,party:F1,65,0,5588,5588,0
WAHLBEZIRK->WAHLKREIS,lsa:WAHLKREIS:021,Bernburg,party:F10,65,0,157,157,0
WAHLBEZIRK->WAHLKREIS,lsa:WAHLKREIS:021,Bernburg,party:F11,65,0,72,72,0
WAHLBEZIRK->WAHLKREIS,lsa:WAHLKREIS:021,Bernburg,party:F12,65,0,195,195,0
WAHLBEZIRK->WAHLKREIS,lsa:WAHLKREIS:021,Bernburg,party:F15,65,0,1660,1660,0
WAHLBEZIRK->WAHLKREIS,lsa:WAHLKREIS:021,Bernburg,party:F19,65,0,52,52,0
WAHLBEZIRK->WAHLKREIS,lsa:WAHLKREIS:021,Bernburg,party:F2,65,0,16841,16841,0
WAHLBEZIRK->WAHLKREIS,lsa:WAHLKREIS:021,Bernburg,party:F20,65,0,123,123,0
WAHLBEZIRK->WAHLKREIS,lsa:WAHLKREIS:021,Bernburg,party:F3,65,0,2670,2670,0
WAHLBEZIRK->WAHLKREIS,lsa:WAHLKREIS:021,Bernburg,party:F4,65,0,2392,2392,0
WAHLBEZIRK->WAHLKREIS,lsa:WAHLKREIS:021,Bernburg,party:F5,65,0,1251,1251,0
WAHLBEZIRK->WAHLKREIS,lsa:WAHLKREIS:021,Bernburg,party:F6,65,0,1792,1792,0
WAHLBEZIRK->WAHLKREIS,lsa:WAHLKREIS:021,Bernburg,party:F7,65,0,265,265,0
WAHLBEZIRK->WAHLKREIS,lsa:WAHLKREIS:021,Bernburg,party:F8,65,0,45,45,0
WAHLBEZIRK->WAHLKREIS,lsa:WAHLKREIS:021,Bernburg,party:F9,65,0,433,433,0
WAHLBEZIRK->WAHLKREIS,lsa:WAHLKREIS:022,Köthen,reported_precincts,79,0,79,,
WAHLBEZIRK->WAHLKREIS,lsa:WAHLKREIS:022,Köthen,total_precincts,79,0,79,,
WAHLBEZIRK->WAHLKREIS,lsa:WAHLKREIS:022,Köthen,voters_total,79,0,37150,37150,0
WAHLBEZIRK->WAHLKREIS,lsa:WAHLKREIS:022,Köthen,valid_votes_erst,79,0,36681,36681,0
WAHLBEZIRK->WAHLKREIS,lsa:WAHLKREIS:022,Köthen,valid_votes_zweit,79,0,36753,36753,0
WAHLBEZIRK->WAHLKREIS,lsa:WAHLKREIS:022,Köthen,party:D1,79,0,9302,9302,0
WAHLBEZIRK->WAHLKREIS,lsa:WAHLKREIS:022,Köthen,party:D15,79,0,1561,1561,0
WAHLBEZIRK->WAHLKREIS,lsa:WAHLKREIS:022,Köthen,party:D2,79,0,18428,18428,0
WAHLBEZIRK->WAHLKREIS,lsa:WAHLKREIS:022,Köthen,party:D3,79,0,3418,3418,0
WAHLBEZIRK->WAHLKREIS,lsa:WAHLKREIS:022,Köthen,party:D4,79,0,1916,1916,0
WAHLBEZIRK->WAHLKREIS,lsa:WAHLKREIS:022,Köthen,party:D5,79,0,1101,1101,0
WAHLBEZIRK->WAHLKREIS,lsa:WAHLKREIS:022,Köthen,party:D6,79,0,955,955,0
WAHLBEZIRK->WAHLKREIS,lsa:WAHLKREIS:022,Köthen,party:F1,79,0,6423,6423,0
WAHLBEZIRK->WAHLKREIS,lsa:WAHLKREIS:022,Köthen,party:F10,79,0,188,188,0
WAHLBEZIRK->WAHLKREIS,lsa:WAHLKREIS:022,Köthen,party:F11,79,0,74,74,0
WAHLBEZIRK->WAHLKREIS,lsa:WAHLKREIS:022,Köthen,party:F12,79,0,224,224,0
WAHLBEZIRK->WAHLKREIS,lsa:WAHLKREIS:022,Köthen,party:F15,79,0,1878,1878,0
WAHLBEZIRK->WAHLKREIS,lsa:WAHLKREIS:022,Köthen,party:F19,79,0,60,60,0
WAHLBEZIRK->WAHLKREIS,lsa:WAHLKREIS:022,Köthen,party:F2,79,0,18387,18387,0
WAHLBEZIRK->WAHLKREIS,lsa:WAHLKREIS:022,Köthen,party:F20,79,0,109,109,0
WAHLBEZIRK->WAHLKREIS,lsa:WAHLKREIS:022,Köthen,party:F3,79,0,2997,2997,0
WAHLBEZIRK->WAHLKREIS,lsa:WAHLKREIS:022,Köthen,party:F4,79,0,2424,2424,0
WAHLBEZIRK->WAHLKREIS,lsa:WAHLKREIS:022,Köthen,party:F5,79,0,1031,1031,0
WAHLBEZIRK->WAHLKREIS,lsa:WAHLKREIS:022,Köthen,party:F6,79,0,2067,2067,0
WAHLBEZIRK->WAHLKREIS,lsa:WAHLKREIS:022,Köthen,party:F7,79,0,421,421,0
WAHLBEZIRK->WAHLKREIS,lsa:WAHLKREIS:022,Köthen,party:F8,79,0,37,37,0
WAHLBEZIRK->WAHLKREIS,lsa:WAHLKREIS:022,Köthen,party:F9,79,0,433,433,0
WAHLBEZIRK->WAHLKREIS,lsa:WAHLKREIS:023,Zerbst,reported_precincts,80,0,80,,
WAHLBEZIRK->WAHLKREIS,lsa:WAHLKREIS:023,Zerbst,total_precincts,80,0,80,,
WAHLBEZIRK->WAHLKREIS,lsa:WAHLKREIS:023,Zerbst,voters_total,80,0,29950,29950,0
WAHLBEZIRK->WAHLKREIS,lsa:WAHLKREIS:023,Zerbst,valid_votes_erst,80,0,29381,29381,0
WAHLBEZIRK->WAHLKREIS,lsa:WAHLKREIS:023,Zerbst,valid_votes_zweit,80,0,29619,29619,0
WAHLBEZIRK->WAHLKREIS,lsa:WAHLKREIS:023,Zerbst,party:D1,80,0,7731,7731,0
WAHLBEZIRK->WAHLKREIS,lsa:WAHLKREIS:023,Zerbst,party:D2,80,0,14138,14138,0
WAHLBEZIRK->WAHLKREIS,lsa:WAHLKREIS:023,Zerbst,party:D3,80,0,2880,2880,0
WAHLBEZIRK->WAHLKREIS,lsa:WAHLKREIS:023,Zerbst,party:D4,80,0,2330,2330,0
WAHLBEZIRK->WAHLKREIS,lsa:WAHLKREIS:023,Zerbst,party:D5,80,0,1478,1478,0
WAHLBEZIRK->WAHLKREIS,lsa:WAHLKREIS:023,Zerbst,party:D6,80,0,824,824,0
WAHLBEZIRK->WAHLKREIS,lsa:WAHLKREIS:023,Zerbst,party:F1,80,0,5538,5538,0
WAHLBEZIRK->WAHLKREIS,lsa:WAHLKREIS:023,Zerbst,party:F10,80,0,158,158,0
WAHLBEZIRK->WAHLKREIS,lsa:WAHLKREIS:023,Zerbst,party:F11,80,0,74,74,0
WAHLBEZIRK->WAHLKREIS,lsa:WAHLKREIS:023,Zerbst,party:F12,80,0,141,141,0
WAHLBEZIRK->WAHLKREIS,lsa:WAHLKREIS:023,Zerbst,party:F15,80,0,1646,1646,0
WAHLBEZIRK->WAHLKREIS,lsa:WAHLKREIS:023,Zerbst,party:F19,80,0,47,47,0
WAHLBEZIRK->WAHLKREIS,lsa:WAHLKREIS:023,Zerbst,party:F2,80,0,13888,13888,0
WAHLBEZIRK->WAHLKREIS,lsa:WAHLKREIS:023,Zerbst,party:F20,80,0,102,102,0
WAHLBEZIRK->WAHLKREIS,lsa:WAHLKREIS:023,Zerbst,party:F3,80,0,2237,2237,0
WAHLBEZIRK->WAHLKREIS,lsa:WAHLKREIS:023,Zerbst,party:F4,80,0,2420,2420,0
WAHLBEZIRK->WAHLKREIS,lsa:WAHLKREIS:023,Zerbst,party:F5,80,0,883,883,0
WAHLBEZIRK->WAHLKREIS,lsa:WAHLKREIS:023,Zerbst,party:F6,80,0,1696,1696,0
WAHLBEZIRK->WAHLKREIS,lsa:WAHLKREIS:023,Zerbst,party:F7,80,0,439,439,0
WAHLBEZIRK->WAHLKREIS,lsa:WAHLKREIS:023,Zerbst,party:F8,80,0,35,35,0
WAHLBEZIRK->WAHLKREIS,lsa:WAHLKREIS:023,Zerbst,party:F9,80,0,315,315,0
WAHLBEZIRK->WAHLKREIS,lsa:WAHLKREIS:024,Wittenberg,reported_precincts,63,0,63,,
WAHLBEZIRK->WAHLKREIS,lsa:WAHLKREIS:024,Wittenberg,total_precincts,63,0,63,,
WAHLBEZIRK->WAHLKREIS,lsa:WAHLKREIS:024,Wittenberg,voters_total,63,0,33796,33796,0
WAHLBEZIRK->WAHLKREIS,lsa:WAHLKREIS:024,Wittenberg,valid_votes_erst,63,0,33412,33412,0
WAHLBEZIRK->WAHLKREIS,lsa:WAHLKREIS:024,Wittenberg,valid_votes_zweit,63,0,33484,33484,0
WAHLBEZIRK->WAHLKREIS,lsa:WAHLKREIS:024,Wittenberg,party:D1,63,0,9829,9829,0
WAHLBEZIRK->WAHLKREIS,lsa:WAHLKREIS:024,Wittenberg,party:D2,63,0,14353,14353,0
WAHLBEZIRK->WAHLKREIS,lsa:WAHLKREIS:024,Wittenberg,party:D3,63,0,3392,3392,0
WAHLBEZIRK->WAHLKREIS,lsa:WAHLKREIS:024,Wittenberg,party:D4,63,0,2279,2279,0
WAHLBEZIRK->WAHLKREIS,lsa:WAHLKREIS:024,Wittenberg,party:D5,63,0,669,669,0
WAHLBEZIRK->WAHLKREIS,lsa:WAHLKREIS:024,Wittenberg,party:D6,63,0,1065,1065,0
WAHLBEZIRK->WAHLKREIS,lsa:WAHLKREIS:024,Wittenberg,party:D7,63,0,1825,1825,0
WAHLBEZIRK->WAHLKREIS,lsa:WAHLKREIS:024,Wittenberg,party:F1,63,0,7164,7164,0
WAHLBEZIRK->WAHLKREIS,lsa:WAHLKREIS:024,Wittenberg,party:F10,63,0,149,149,0
WAHLBEZIRK->WAHLKREIS,lsa:WAHLKREIS:024,Wittenberg,party:F11,63,0,96,96,0
WAHLBEZIRK->WAHLKREIS,lsa:WAHLKREIS:024,Wittenberg,party:F12,63,0,186,186,0
WAHLBEZIRK->WAHLKREIS,lsa:WAHLKREIS:024,Wittenberg,party:F15,63,0,1451,1451,0
WAHLBEZIRK->WAHLKREIS,lsa:WAHLKREIS:024,Wittenberg,party:F19,63,0,66,66,0
WAHLBEZIRK->WAHLKREIS,lsa:WAHLKREIS:024,Wittenberg,party:F2,63,0,13969,13969,0
WAHLBEZIRK->WAHLKREIS,lsa:WAHLKREIS:024,Wittenberg,party:F20,63,0,85,85,0
WAHLBEZIRK->WAHLKREIS,lsa:WAHLKREIS:024,Wittenberg,party:F3,63,0,2838,2838,0
WAHLBEZIRK->WAHLKREIS,lsa:WAHLKREIS:024,Wittenberg,party:F4,63,0,2761,2761,0
WAHLBEZIRK->WAHLKREIS,lsa:WAHLKREIS:024,Wittenberg,party:F5,63,0,723,723,0
WAHLBEZIRK->WAHLKREIS,lsa:WAHLKREIS:024,Wittenberg,party:F6,63,0,2693,2693,0
WAHLBEZIRK->WAHLKREIS,lsa:WAHLKREIS:024,Wittenberg,party:F7,63,0,890,890,0
WAHLBEZIRK->WAHLKREIS,lsa:WAHLKREIS:024,Wittenberg,party:F8,63,0,53,53,0
WAHLBEZIRK->WAHLKREIS,lsa:WAHLKREIS:024,Wittenberg,party:F9,63,0,360,360,0
WAHLBEZIRK->WAHLKREIS,lsa:WAHLKREIS:025,Jessen,reported_precincts,81,0,81,,
WAHLBEZIRK->WAHLKREIS,lsa:WAHLKREIS:025,Jessen,total_precincts,81,0,81,,
WAHLBEZIRK->WAHLKREIS,lsa:WAHLKREIS:025,Jessen,voters_total,81,0,31742,31742,0
WAHLBEZIRK->WAHLKREIS,lsa:WAHLKREIS:025,Jessen,valid_votes_erst,81,0,31355,31355,0
WAHLBEZIRK->WAHLKREIS,lsa:WAHLKREIS:025,Jessen,valid_votes_zweit,81,0,31422,31422,0
WAHLBEZIRK->WAHLKREIS,lsa:WAHLKREIS:025,Jessen,party:D1,81,0,7866,7866,0
WAHLBEZIRK->WAHLKREIS,lsa:WAHLKREIS:025,Jessen,party:D2,81,0,15630,15630,0
WAHLBEZIRK->WAHLKREIS,lsa:WAHLKREIS:025,Jessen,party:D3,81,0,2861,2861,0
WAHLBEZIRK->WAHLKREIS,lsa:WAHLKREIS:025,Jessen,party:D4,81,0,1887,1887,0
WAHLBEZIRK->WAHLKREIS,lsa:WAHLKREIS:025,Jessen,party:D5,81,0,626,626,0
WAHLBEZIRK->WAHLKREIS,lsa:WAHLKREIS:025,Jessen,party:D6,81,0,714,714,0
WAHLBEZIRK->WAHLKREIS,lsa:WAHLKREIS:025,Jessen,party:D7,81,0,1771,1771,0
WAHLBEZIRK->WAHLKREIS,lsa:WAHLKREIS:025,Jessen,party:F1,81,0,6268,6268,0
WAHLBEZIRK->WAHLKREIS,lsa:WAHLKREIS:025,Jessen,party:F10,81,0,140,140,0
WAHLBEZIRK->WAHLKREIS,lsa:WAHLKREIS:025,Jessen,party:F11,81,0,57,57,0
WAHLBEZIRK->WAHLKREIS,lsa:WAHLKREIS:025,Jessen,party:F12,81,0,155,155,0
WAHLBEZIRK->WAHLKREIS,lsa:WAHLKREIS:025,Jessen,party:F15,81,0,1477,1477,0
WAHLBEZIRK->WAHLKREIS,lsa:WAHLKREIS:025,Jessen,party:F19,81,0,50,50,0
WAHLBEZIRK->WAHLKREIS,lsa:WAHLKREIS:025,Jessen,party:F2,81,0,15376,15376,0
WAHLBEZIRK->WAHLKREIS,lsa:WAHLKREIS:025,Jessen,party:F20,81,0,89,89,0
WAHLBEZIRK->WAHLKREIS,lsa:WAHLKREIS:025,Jessen,party:F3,81,0,2297,2297,0
WAHLBEZIRK->WAHLKREIS,lsa:WAHLKREIS:025,Jessen,party:F4,81,0,2189,2189,0
WAHLBEZIRK->WAHLKREIS,lsa:WAHLKREIS:025,Jessen,party:F5,81,0,637,637,0
WAHLBEZIRK->WAHLKREIS,lsa:WAHLKREIS:025,Jessen,party:F6,81,0,1593,1593,0
WAHLBEZIRK->WAHLKREIS,lsa:WAHLKREIS:025,Jessen,party:F7,81,0,725,725,0
WAHLBEZIRK->WAHLKREIS,lsa:WAHLKREIS:025,Jessen,party:F8,81,0,42,42,0
WAHLBEZIRK->WAHLKREIS,lsa:WAHLKREIS:025,Jessen,party:F9,81,0,327,327,0
WAHLBEZIRK->WAHLKREIS,lsa:WAHLKREIS:026,Dessau-Roßlau,reported_precincts,52,0,52,,
WAHLBEZIRK->WAHLKREIS,lsa:WAHLKREIS:026,Dessau-Roßlau,total_precincts,52,0,52,,
WAHLBEZIRK->WAHLKREIS,lsa:WAHLKREIS:026,Dessau-Roßlau,voters_total,52,0,30313,30313,0
WAHLBEZIRK->WAHLKREIS,lsa:WAHLKREIS:026,Dessau-Roßlau,valid_votes_erst,52,0,29878,29878,0
WAHLBEZIRK->WAHLKREIS,lsa:WAHLKREIS:026,Dessau-Roßlau,valid_votes_zweit,52,0,30028,30028,0
WAHLBEZIRK->WAHLKREIS,lsa:WAHLKREIS:026,Dessau-Roßlau,party:D1,52,0,8853,8853,0
WAHLBEZIRK->WAHLKREIS,lsa:WAHLKREIS:026,Dessau-Roßlau,party:D2,52,0,12189,12189,0
WAHLBEZIRK->WAHLKREIS,lsa:WAHLKREIS:026,Dessau-Roßlau,party:D3,52,0,3309,3309,0
WAHLBEZIRK->WAHLKREIS,lsa:WAHLKREIS:026,Dessau-Roßlau,party:D4,52,0,2555,2555,0
WAHLBEZIRK->WAHLKREIS,lsa:WAHLKREIS:026,Dessau-Roßlau,party:D5,52,0,1673,1673,0
WAHLBEZIRK->WAHLKREIS,lsa:WAHLKREIS:026,Dessau-Roßlau,party:D6,52,0,1299,1299,0
WAHLBEZIRK->WAHLKREIS,lsa:WAHLKREIS:026,Dessau-Roßlau,party:F1,52,0,5648,5648,0
WAHLBEZIRK->WAHLKREIS,lsa:WAHLKREIS:026,Dessau-Roßlau,party:F10,52,0,128,128,0
WAHLBEZIRK->WAHLKREIS,lsa:WAHLKREIS:026,Dessau-Roßlau,party:F11,52,0,70,70,0
WAHLBEZIRK->WAHLKREIS,lsa:WAHLKREIS:026,Dessau-Roßlau,party:F12,52,0,164,164,0
WAHLBEZIRK->WAHLKREIS,lsa:WAHLKREIS:026,Dessau-Roßlau,party:F15,52,0,1988,1988,0
WAHLBEZIRK->WAHLKREIS,lsa:WAHLKREIS:026,Dessau-Roßlau,party:F19,52,0,38,38,0
WAHLBEZIRK->WAHLKREIS,lsa:WAHLKREIS:026,Dessau-Roßlau,party:F2,52,0,11449,11449,0
WAHLBEZIRK->WAHLKREIS,lsa:WAHLKREIS:026,Dessau-Roßlau,party:F20,52,0,102,102,0
WAHLBEZIRK->WAHLKREIS,lsa:WAHLKREIS:026,Dessau-Roßlau,party:F3,52,0,2614,2614,0
WAHLBEZIRK->WAHLKREIS,lsa:WAHLKREIS:026,Dessau-Roßlau,party:F4,52,0,3115,3115,0
WAHLBEZIRK->WAHLKREIS,lsa:WAHLKREIS:026,Dessau-Roßlau,party:F5,52,0,991,991,0
WAHLBEZIRK->WAHLKREIS,lsa:WAHLKREIS:026,Dessau-Roßlau,party:F6,52,0,3098,3098,0
WAHLBEZIRK->WAHLKREIS,lsa:WAHLKREIS:026,Dessau-Roßlau,party:F7,52,0,249,249,0
WAHLBEZIRK->WAHLKREIS,lsa:WAHLKREIS:026,Dessau-Roßlau,party:F8,52,0,24,24,0
WAHLBEZIRK->WAHLKREIS,lsa:WAHLKREIS:026,Dessau-Roßlau,party:F9,52,0,350,350,0
WAHLBEZIRK->WAHLKREIS,lsa:WAHLKREIS:027,Dessau-Roßlau-Wittenberg,reported_precincts,66,0,66,,
WAHLBEZIRK->WAHLKREIS,lsa:WAHLKREIS:027,Dessau-Roßlau-Wittenberg,total_precincts,66,0,66,,
WAHLBEZIRK->WAHLKREIS,lsa:WAHLKREIS:027,Dessau-Roßlau-Wittenberg,voters_total,66,0,29411,29411,0
WAHLBEZIRK->WAHLKREIS,lsa:WAHLKREIS:027,Dessau-Roßlau-Wittenberg,valid_votes_erst,66,0,29015,29015,0
WAHLBEZIRK->WAHLKREIS,lsa:WAHLKREIS:027,Dessau-Roßlau-Wittenberg,valid_votes_zweit,66,0,29079,29079,0
WAHLBEZIRK->WAHLKREIS,lsa:WAHLKREIS:027,Dessau-Roßlau-Wittenberg,party:D1,66,0,7799,7799,0
WAHLBEZIRK->WAHLKREIS,lsa:WAHLKREIS:027,Dessau-Roßlau-Wittenberg,party:D13,66,0,325,325,0
WAHLBEZIRK->WAHLKREIS,lsa:WAHLKREIS:027,Dessau-Roßlau-Wittenberg,party:D2,66,0,13171,13171,0
WAHLBEZIRK->WAHLKREIS,lsa:WAHLKREIS:027,Dessau-Roßlau-Wittenberg,party:D3,66,0,2944,2944,0
WAHLBEZIRK->WAHLKREIS,lsa:WAHLKREIS:027,Dessau-Roßlau-Wittenberg,party:D4,66,0,2052,2052,0
WAHLBEZIRK->WAHLKREIS,lsa:WAHLKREIS:027,Dessau-Roßlau-Wittenberg,party:D5,66,0,808,808,0
WAHLBEZIRK->WAHLKREIS,lsa:WAHLKREIS:027,Dessau-Roßlau-Wittenberg,party:D6,66,0,919,919,0
WAHLBEZIRK->WAHLKREIS,lsa:WAHLKREIS:027,Dessau-Roßlau-Wittenberg,party:D7,66,0,997,997,0
WAHLBEZIRK->WAHLKREIS,lsa:WAHLKREIS:027,Dessau-Roßlau-Wittenberg,party:F1,66,0,5197,5197,0
WAHLBEZIRK->WAHLKREIS,lsa:WAHLKREIS:027,Dessau-Roßlau-Wittenberg,party:F10,66,0,159,159,0
WAHLBEZIRK->WAHLKREIS,lsa:WAHLKREIS:027,Dessau-Roßlau-Wittenberg,party:F11,66,0,92,92,0
WAHLBEZIRK->WAHLKREIS,lsa:WAHLKREIS:027,Dessau-Roßlau-Wittenberg,party:F12,66,0,159,159,0
WAHLBEZIRK->WAHLKREIS,lsa:WAHLKREIS:027,Dessau-Roßlau-Wittenberg,party:F15,66,0,1537,1537,0
WAHLBEZIRK->WAHLKREIS,lsa:WAHLKREIS:027,Dessau-Roßlau-Wittenberg,party:F19,66,0,34,34,0
WAHLBEZIRK->WAHLKREIS,lsa:WAHLKREIS:027,Dessau-Roßlau-Wittenberg,party:F2,66,0,12836,12836,0
WAHLBEZIRK->WAHLKREIS,lsa:WAHLKREIS:027,Dessau-Roßlau-Wittenberg,party:F20,66,0,103,103,0
WAHLBEZIRK->WAHLKREIS,lsa:WAHLKREIS:027,Dessau-Roßlau-Wittenberg,party:F3,66,0,2261,2261,0
WAHLBEZIRK->WAHLKREIS,lsa:WAHLKREIS:027,Dessau-Roßlau-Wittenberg,party:F4,66,0,2525,2525,0
WAHLBEZIRK->WAHLKREIS,lsa:WAHLKREIS:027,Dessau-Roßlau-Wittenberg,party:F5,66,0,754,754,0
WAHLBEZIRK->WAHLKREIS,lsa:WAHLKREIS:027,Dessau-Roßlau-Wittenberg,party:F6,66,0,2560,2560,0
WAHLBEZIRK->WAHLKREIS,lsa:WAHLKREIS:027,Dessau-Roßlau-Wittenberg,party:F7,66,0,460,460,0
WAHLBEZIRK->WAHLKREIS,lsa:WAHLKREIS:027,Dessau-Roßlau-Wittenberg,party:F8,66,0,41,41,0
WAHLBEZIRK->WAHLKREIS,lsa:WAHLKREIS:027,Dessau-Roßlau-Wittenberg,party:F9,66,0,361,361,0
WAHLBEZIRK->WAHLKREIS,lsa:WAHLKREIS:028,Bitterfeld-Wolfen,reported_precincts,61,0,61,,
WAHLBEZIRK->WAHLKREIS,lsa:WAHLKREIS:028,Bitterfeld-Wolfen,total_precincts,61,0,61,,
WAHLBEZIRK->WAHLKREIS,lsa:WAHLKREIS:028,Bitterfeld-Wolfen,voters_total,61,0,37393,37393,0
WAHLBEZIRK->WAHLKREIS,lsa:WAHLKREIS:028,Bitterfeld-Wolfen,valid_votes_erst,61,0,36935,36935,0
WAHLBEZIRK->WAHLKREIS,lsa:WAHLKREIS:028,Bitterfeld-Wolfen,valid_votes_zweit,61,0,36995,36995,0
WAHLBEZIRK->WAHLKREIS,lsa:WAHLKREIS:028,Bitterfeld-Wolfen,party:D1,61,0,7746,7746,0
WAHLBEZIRK->WAHLKREIS,lsa:WAHLKREIS:028,Bitterfeld-Wolfen,party:D2,61,0,18803,18803,0
WAHLBEZIRK->WAHLKREIS,lsa:WAHLKREIS:028,Bitterfeld-Wolfen,party:D3,61,0,3542,3542,0
WAHLBEZIRK->WAHLKREIS,lsa:WAHLKREIS:028,Bitterfeld-Wolfen,party:D4,61,0,2672,2672,0
WAHLBEZIRK->WAHLKREIS,lsa:WAHLKREIS:028,Bitterfeld-Wolfen,party:D5,61,0,983,983,0
WAHLBEZIRK->WAHLKREIS,lsa:WAHLKREIS:028,Bitterfeld-Wolfen,party:D6,61,0,1257,1257,0
WAHLBEZIRK->WAHLKREIS,lsa:WAHLKREIS:028,Bitterfeld-Wolfen,party:D7,61,0,1932,1932,0
WAHLBEZIRK->WAHLKREIS,lsa:WAHLKREIS:028,Bitterfeld-Wolfen,party:F1,61,0,6453,6453,0
WAHLBEZIRK->WAHLKREIS,lsa:WAHLKREIS:028,Bitterfeld-Wolfen,party:F10,61,0,158,158,0
WAHLBEZIRK->WAHLKREIS,lsa:WAHLKREIS:028,Bitterfeld-Wolfen,party:F11,61,0,100,100,0
WAHLBEZIRK->WAHLKREIS,lsa:WAHLKREIS:028,Bitterfeld-Wolfen,party:F12,61,0,209,209,0
WAHLBEZIRK->WAHLKREIS,lsa:WAHLKREIS:028,Bitterfeld-Wolfen,party:F15,61,0,1798,1798,0
WAHLBEZIRK->WAHLKREIS,lsa:WAHLKREIS:028,Bitterfeld-Wolfen,party:F19,61,0,59,59,0
WAHLBEZIRK->WAHLKREIS,lsa:WAHLKREIS:028,Bitterfeld-Wolfen,party:F2,61,0,18073,18073,0
WAHLBEZIRK->WAHLKREIS,lsa:WAHLKREIS:028,Bitterfeld-Wolfen,party:F20,61,0,108,108,0
WAHLBEZIRK->WAHLKREIS,lsa:WAHLKREIS:028,Bitterfeld-Wolfen,party:F3,61,0,2813,2813,0
WAHLBEZIRK->WAHLKREIS,lsa:WAHLKREIS:028,Bitterfeld-Wolfen,party:F4,61,0,2868,2868,0
WAHLBEZIRK->WAHLKREIS,lsa:WAHLKREIS:028,Bitterfeld-Wolfen,party:F5,61,0,883,883,0
WAHLBEZIRK->WAHLKREIS,lsa:WAHLKREIS:028,Bitterfeld-Wolfen,party:F6,61,0,2212,2212,0
WAHLBEZIRK->WAHLKREIS,lsa:WAHLKREIS:028,Bitterfeld-Wolfen,party:F7,61,0,755,755,0
WAHLBEZIRK->WAHLKREIS,lsa:WAHLKREIS:028,Bitterfeld-Wolfen,party:F8,61,0,33,33,0
WAHLBEZIRK->WAHLKREIS,lsa:WAHLKREIS:028,Bitterfeld-Wolfen,party:F9,61,0,473,473,0
WAHLBEZIRK->WAHLKREIS,lsa:WAHLKREIS:029,Saalekreis,reported_precincts,63,0,63,,
WAHLBEZIRK->WAHLKREIS,lsa:WAHLKREIS:029,Saalekreis,total_precincts,63,0,63,,
WAHLBEZIRK->WAHLKREIS,lsa:WAHLKREIS:029,Saalekreis,voters_total,63,0,34941,34941,0
WAHLBEZIRK->WAHLKREIS,lsa:WAHLKREIS:029,Saalekreis,valid_votes_erst,63,0,34512,34512,0
WAHLBEZIRK->WAHLKREIS,lsa:WAHLKREIS:029,Saalekreis,valid_votes_zweit,63,0,34631,34631,0
WAHLBEZIRK->WAHLKREIS,lsa:WAHLKREIS:029,Saalekreis,party:D1,63,0,9218,9218,0
WAHLBEZIRK->WAHLKREIS,lsa:WAHLKREIS:029,Saalekreis,party:D19,63,0,580,580,0
WAHLBEZIRK->WAHLKREIS,lsa:WAHLKREIS:029,Saalekreis,party:D2,63,0,17546,17546,0
WAHLBEZIRK->WAHLKREIS,lsa:WAHLKREIS:029,Saalekreis,party:D3,63,0,2945,2945,0
WAHLBEZIRK->WAHLKREIS,lsa:WAHLKREIS:029,Saalekreis,party:D4,63,0,1881,1881,0
WAHLBEZIRK->WAHLKREIS,lsa:WAHLKREIS:029,Saalekreis,party:D5,63,0,1601,1601,0
WAHLBEZIRK->WAHLKREIS,lsa:WAHLKREIS:029,Saalekreis,party:D6,63,0,741,741,0
WAHLBEZIRK->WAHLKREIS,lsa:WAHLKREIS:029,Saalekreis,party:F1,63,0,6225,6225,0
WAHLBEZIRK->WAHLKREIS,lsa:WAHLKREIS:029,Saalekreis,party:F10,63,0,116,116,0
WAHLBEZIRK->WAHLKREIS,lsa:WAHLKREIS:029,Saalekreis,party:F11,63,0,67,67,0
WAHLBEZIRK->WAHLKREIS,lsa:WAHLKREIS:029,Saalekreis,party:F12,63,0,185,185,0
WAHLBEZIRK->WAHLKREIS,lsa:WAHLKREIS:029,Saalekreis,party:F15,63,0,1845,1845,0
WAHLBEZIRK->WAHLKREIS,lsa:WAHLKREIS:029,Saalekreis,party:F19,63,0,121,121,0
WAHLBEZIRK->WAHLKREIS,lsa:WAHLKREIS:029,Saalekreis,party:F2,63,0,16994,16994,0
WAHLBEZIRK->WAHLKREIS,lsa:WAHLKREIS:029,Saalekreis,party:F20,63,0,81,81,0
WAHLBEZIRK->WAHLKREIS,lsa:WAHLKREIS:029,Saalekreis,party:F3,63,0,2258,2258,0
WAHLBEZIRK->WAHLKREIS,lsa:WAHLKREIS:029,Saalekreis,party:F4,63,0,2694,2694,0
WAHLBEZIRK->WAHLKREIS,lsa:WAHLKREIS:029,Saalekreis,party:F5,63,0,1004,1004,0
WAHLBEZIRK->WAHLKREIS,lsa:WAHLKREIS:029,Saalekreis,party:F6,63,0,2348,2348,0
WAHLBEZIRK->WAHLKREIS,lsa:WAHLKREIS:029,Saalekreis,party:F7,63,0,325,325,0
WAHLBEZIRK->WAHLKREIS,lsa:WAHLKREIS:029,Saalekreis,party:F8,63,0,39,39,0
WAHLBEZIRK->WAHLKREIS,lsa:WAHLKREIS:029,Saalekreis,party:F9,63,0,329,329,0
WAHLBEZIRK->WAHLKREIS,lsa:WAHLKREIS:030,Eisleben,reported_precincts,71,0,71,,
WAHLBEZIRK->WAHLKREIS,lsa:WAHLKREIS:030,Eisleben,total_precincts,71,0,71,,
WAHLBEZIRK->WAHLKREIS,lsa:WAHLKREIS:030,Eisleben,voters_total,71,0,33468,33468,0
WAHLBEZIRK->WAHLKREIS,lsa:WAHLKREIS:030,Eisleben,valid_votes_erst,71,0,33027,33027,0
WAHLBEZIRK->WAHLKREIS,lsa:WAHLKREIS:030,Eisleben,valid_votes_zweit,71,0,33133,33133,0
WAHLBEZIRK->WAHLKREIS,lsa:WAHLKREIS:030,Eisleben,party:D1,71,0,7066,7066,0
WAHLBEZIRK->WAHLKREIS,lsa:WAHLKREIS:030,Eisleben,party:D19,71,0,469,469,0
WAHLBEZIRK->WAHLKREIS,lsa:WAHLKREIS:030,Eisleben,party:D2,71,0,18374,18374,0
WAHLBEZIRK->WAHLKREIS,lsa:WAHLKREIS:030,Eisleben,party:D3,71,0,3518,3518,0
WAHLBEZIRK->WAHLKREIS,lsa:WAHLKREIS:030,Eisleben,party:D4,71,0,1873,1873,0
WAHLBEZIRK->WAHLKREIS,lsa:WAHLKREIS:030,Eisleben,party:D5,71,0,1113,1113,0
WAHLBEZIRK->WAHLKREIS,lsa:WAHLKREIS:030,Eisleben,party:D6,71,0,614,614,0
WAHLBEZIRK->WAHLKREIS,lsa:WAHLKREIS:030,Eisleben,party:F1,71,0,5640,5640,0
WAHLBEZIRK->WAHLKREIS,lsa:WAHLKREIS:030,Eisleben,party:F10,71,0,142,142,0
WAHLBEZIRK->WAHLKREIS,lsa:WAHLKREIS:030,Eisleben,party:F11,71,0,72,72,0
WAHLBEZIRK->WAHLKREIS,lsa:WAHLKREIS:030,Eisleben,party:F12,71,0,162,162,0
WAHLBEZIRK->WAHLKREIS,lsa:WAHLKREIS:030,Eisleben,party:F15,71,0,1710,1710,0
WAHLBEZIRK->WAHLKREIS,lsa:WAHLKREIS:030,Eisleben,party:F19,71,0,171,171,0
WAHLBEZIRK->WAHLKREIS,lsa:WAHLKREIS:030,Eisleben,party:F2,71,0,17677,17677,0
WAHLBEZIRK->WAHLKREIS,lsa:WAHLKREIS:030,Eisleben,party:F20,71,0,70,70,0
WAHLBEZIRK->WAHLKREIS,lsa:WAHLKREIS:030,Eisleben,party:F3,71,0,2531,2531,0
WAHLBEZIRK->WAHLKREIS,lsa:WAHLKREIS:030,Eisleben,party:F4,71,0,2340,2340,0
WAHLBEZIRK->WAHLKREIS,lsa:WAHLKREIS:030,Eisleben,party:F5,71,0,778,778,0
WAHLBEZIRK->WAHLKREIS,lsa:WAHLKREIS:030,Eisleben,party:F6,71,0,1250,1250,0
WAHLBEZIRK->WAHLKREIS,lsa:WAHLKREIS:030,Eisleben,party:F7,71,0,247,247,0
WAHLBEZIRK->WAHLKREIS,lsa:WAHLKREIS:030,Eisleben,party:F8,71,0,29,29,0
WAHLBEZIRK->WAHLKREIS,lsa:WAHLKREIS:030,Eisleben,party:F9,71,0,314,314,0
WAHLBEZIRK->WAHLKREIS,lsa:WAHLKREIS:031,Sangerhausen,reported_precincts,88,0,88,,
WAHLBEZIRK->WAHLKREIS,lsa:WAHLKREIS:031,Sangerhausen,total_precincts,88,0,88,,
WAHLBEZIRK->WAHLKREIS,lsa:WAHLKREIS:031,Sangerhausen,voters_total,88,0,32273,32273,0
WAHLBEZIRK->WAHLKREIS,lsa:WAHLKREIS:031,Sangerhausen,valid_votes_erst,88,0,31833,31833,0
WAHLBEZIRK->WAHLKREIS,lsa:WAHLKREIS:031,Sangerhausen,valid_votes_zweit,88,0,31938,31938,0
WAHLBEZIRK->WAHLKREIS,lsa:WAHLKREIS:031,Sangerhausen,party:D1,88,0,8151,8151,0
WAHLBEZIRK->WAHLKREIS,lsa:WAHLKREIS:031,Sangerhausen,party:D19,88,0,538,538,0
WAHLBEZIRK->WAHLKREIS,lsa:WAHLKREIS:031,Sangerhausen,party:D2,88,0,16357,16357,0
WAHLBEZIRK->WAHLKREIS,lsa:WAHLKREIS:031,Sangerhausen,party:D3,88,0,3147,3147,0
WAHLBEZIRK->WAHLKREIS,lsa:WAHLKREIS:031,Sangerhausen,party:D4,88,0,1754,1754,0
WAHLBEZIRK->WAHLKREIS,lsa:WAHLKREIS:031,Sangerhausen,party:D5,88,0,1084,1084,0
WAHLBEZIRK->WAHLKREIS,lsa:WAHLKREIS:031,Sangerhausen,party:D6,88,0,802,802,0
WAHLBEZIRK->WAHLKREIS,lsa:WAHLKREIS:031,Sangerhausen,party:F1,88,0,6002,6002,0
WAHLBEZIRK->WAHLKREIS,lsa:WAHLKREIS:031,Sangerhausen,party:F10,88,0,151,151,0
WAHLBEZIRK->WAHLKREIS,lsa:WAHLKREIS:031,Sangerhausen,party:F11,88,0,73,73,0
WAHLBEZIRK->WAHLKREIS,lsa:WAHLKREIS:031,Sangerhausen,party:F12,88,0,153,153,0
WAHLBEZIRK->WAHLKREIS,lsa:WAHLKREIS:031,Sangerhausen,party:F15,88,0,1688,1688,0
WAHLBEZIRK->WAHLKREIS,lsa:WAHLKREIS:031,Sangerhausen,party:F19,88,0,228,228,0
WAHLBEZIRK->WAHLKREIS,lsa:WAHLKREIS:031,Sangerhausen,party:F2,88,0,15767,15767,0
WAHLBEZIRK->WAHLKREIS,lsa:WAHLKREIS:031,Sangerhausen,party:F20,88,0,99,99,0
WAHLBEZIRK->WAHLKREIS,lsa:WAHLKREIS:031,Sangerhausen,party:F3,88,0,2486,2486,0
WAHLBEZIRK->WAHLKREIS,lsa:WAHLKREIS:031,Sangerhausen,party:F4,88,0,2461,2461,0
WAHLBEZIRK->WAHLKREIS,lsa:WAHLKREIS:031,Sangerhausen,party:F5,88,0,735,735,0
WAHLBEZIRK->WAHLKREIS,lsa:WAHLKREIS:031,Sangerhausen,party:F6,88,0,1444,1444,0
WAHLBEZIRK->WAHLKREIS,lsa:WAHLKREIS:031,Sangerhausen,party:F7,88,0,263,263,0
WAHLBEZIRK->WAHLKREIS,lsa:WAHLKREIS:031,Sangerhausen,party:F8,88,0,48,48,0
WAHLBEZIRK->WAHLKREIS,lsa:WAHLKREIS:031,Sangerhausen,party:F9,88,0,340,340,0
WAHLBEZIRK->WAHLKREIS,lsa:WAHLKREIS:032,Querfurt,reported_precincts,90,0,90,,
WAHLBEZIRK->WAHLKREIS,lsa:WAHLKREIS:032,Querfurt,total_precincts,90,0,90,,
WAHLBEZIRK->WAHLKREIS,lsa:WAHLKREIS:032,Querfurt,voters_total,90,0,34437,34437,0
WAHLBEZIRK->WAHLKREIS,lsa:WAHLKREIS:032,Querfurt,valid_votes_erst,90,0,33941,33941,0
WAHLBEZIRK->WAHLKREIS,lsa:WAHLKREIS:032,Querfurt,valid_votes_zweit,90,0,34078,34078,0
WAHLBEZIRK->WAHLKREIS,lsa:WAHLKREIS:032,Querfurt,party:D1,90,0,7483,7483,0
WAHLBEZIRK->WAHLKREIS,lsa:WAHLKREIS:032,Querfurt,party:D19,90,0,651,651,0
WAHLBEZIRK->WAHLKREIS,lsa:WAHLKREIS:032,Querfurt,party:D2,90,0,18617,18617,0
WAHLBEZIRK->WAHLKREIS,lsa:WAHLKREIS:032,Querfurt,party:D3,90,0,3039,3039,0
WAHLBEZIRK->WAHLKREIS,lsa:WAHLKREIS:032,Querfurt,party:D4,90,0,2079,2079,0
WAHLBEZIRK->WAHLKREIS,lsa:WAHLKREIS:032,Querfurt,party:D5,90,0,1327,1327,0
WAHLBEZIRK->WAHLKREIS,lsa:WAHLKREIS:032,Querfurt,party:D6,90,0,745,745,0
WAHLBEZIRK->WAHLKREIS,lsa:WAHLKREIS:032,Querfurt,party:F1,90,0,6154,6154,0
WAHLBEZIRK->WAHLKREIS,lsa:WAHLKREIS:032,Querfurt,party:F10,90,0,151,151,0
WAHLBEZIRK->WAHLKREIS,lsa:WAHLKREIS:032,Querfurt,party:F11,90,0,65,65,0
WAHLBEZIRK->WAHLKREIS,lsa:WAHLKREIS:032,Querfurt,party:F12,90,0,160,160,0
WAHLBEZIRK->WAHLKREIS,lsa:WAHLKREIS:032,Querfurt,party:F15,90,0,1788,1788,0
WAHLBEZIRK->WAHLKREIS,lsa:WAHLKREIS:032,Querfurt,party:F19,90,0,189,189,0
WAHLBEZIRK->WAHLKREIS,lsa:WAHLKREIS:032,Querfurt,party:F2,90,0,17961,17961,0
WAHLBEZIRK->WAHLKREIS,lsa:WAHLKREIS:032,Querfurt,party:F20,90,0,72,72,0
WAHLBEZIRK->WAHLKREIS,lsa:WAHLKREIS:032,Querfurt,party:F3,90,0,2240,2240,0
WAHLBEZIRK->WAHLKREIS,lsa:WAHLKREIS:032,Querfurt,party:F4,90,0,2239,2239,0
WAHLBEZIRK->WAHLKREIS,lsa:WAHLKREIS:032,Querfurt,party:F5,90,0,854,854,0
WAHLBEZIRK->WAHLKREIS,lsa:WAHLKREIS:032,Querfurt,party:F6,90,0,1435,1435,0
WAHLBEZIRK->WAHLKREIS,lsa:WAHLKREIS:032,Querfurt,party:F7,90,0,347,347,0
WAHLBEZIRK->WAHLKREIS,lsa:WAHLKREIS:032,Querfurt,party:F8,90,0,55,55,0
WAHLBEZIRK->WAHLKREIS,lsa:WAHLKREIS:032,Querfurt,party:F9,90,0,368,368,0
WAHLBEZIRK->WAHLKREIS,lsa:WAHLKREIS:033,Merseburg,reported_precincts,43,0,43,,
WAHLBEZIRK->WAHLKREIS,lsa:WAHLKREIS:033,Merseburg,total_precincts,43,0,43,,
WAHLBEZIRK->WAHLKREIS,lsa:WAHLKREIS:033,Merseburg,voters_total,43,0,28313,28313,0
WAHLBEZIRK->WAHLKREIS,lsa:WAHLKREIS:033,Merseburg,valid_votes_erst,43,0,27945,27945,0
WAHLBEZIRK->WAHLKREIS,lsa:WAHLKREIS:033,Merseburg,valid_votes_zweit,43,0,28071,28071,0
WAHLBEZIRK->WAHLKREIS,lsa:WAHLKREIS:033,Merseburg,party:D1,43,0,7209,7209,0
WAHLBEZIRK->WAHLKREIS,lsa:WAHLKREIS:033,Merseburg,party:D2,43,0,14315,14315,0
WAHLBEZIRK->WAHLKREIS,lsa:WAHLKREIS:033,Merseburg,party:D3,43,0,2787,2787,0
WAHLBEZIRK->WAHLKREIS,lsa:WAHLKREIS:033,Merseburg,party:D4,43,0,1849,1849,0
WAHLBEZIRK->WAHLKREIS,lsa:WAHLKREIS:033,Merseburg,party:D5,43,0,1107,1107,0
WAHLBEZIRK->WAHLKREIS,lsa:WAHLKREIS:033,Merseburg,party:D6,43,0,678,678,0
WAHLBEZIRK->WAHLKREIS,lsa:WAHLKREIS:033,Merseburg,party:F1,43,0,5339,5339,0
WAHLBEZIRK->WAHLKREIS,lsa:WAHLKREIS:033,Merseburg,party:F10,43,0,113,113,0
WAHLBEZIRK->WAHLKREIS,lsa:WAHLKREIS:033,Merseburg,party:F11,43,0,93,93,0
WAHLBEZIRK->WAHLKREIS,lsa:WAHLKREIS:033,Merseburg,party:F12,43,0,141,141,0
WAHLBEZIRK->WAHLKREIS,lsa:WAHLKREIS:033,Merseburg,party:F15,43,0,1348,1348,0
WAHLBEZIRK->WAHLKREIS,lsa:WAHLKREIS:033,Merseburg,party:F19,43,0,46,46,0
WAHLBEZIRK->WAHLKREIS,lsa:WAHLKREIS:033,Merseburg,party:F2,43,0,13764,13764,0
WAHLBEZIRK->WAHLKREIS,lsa:WAHLKREIS:033,Merseburg,party:F20,43,0,86,86,0
WAHLBEZIRK->WAHLKREIS,lsa:WAHLKREIS:033,Merseburg,party:F3,43,0,2084,2084,0
WAHLBEZIRK->WAHLKREIS,lsa:WAHLKREIS:033,Merseburg,party:F4,43,0,2120,2120,0
WAHLBEZIRK->WAHLKREIS,lsa:WAHLKREIS:033,Merseburg,party:F5,43,0,663,663,0
WAHLBEZIRK->WAHLKREIS,lsa:WAHLKREIS:033,Merseburg,party:F6,43,0,1714,1714,0
WAHLBEZIRK->WAHLKREIS,lsa:WAHLKREIS:033,Merseburg,party:F7,43,0,201,201,0
WAHLBEZIRK->WAHLKREIS,lsa:WAHLKREIS:033,Merseburg,party:F8,43,0,39,39,0
WAHLBEZIRK->WAHLKREIS,lsa:WAHLKREIS:033,Merseburg,party:F9,43,0,320,320,0
WAHLBEZIRK->WAHLKREIS,lsa:WAHLKREIS:034,Bad Dürrenberg-Saalekreis,reported_precincts,63,0,63,,
WAHLBEZIRK->WAHLKREIS,lsa:WAHLKREIS:034,Bad Dürrenberg-Saalekreis,total_precincts,63,0,63,,
WAHLBEZIRK->WAHLKREIS,lsa:WAHLKREIS:034,Bad Dürrenberg-Saalekreis,voters_total,63,0,35021,35021,0
WAHLBEZIRK->WAHLKREIS,lsa:WAHLKREIS:034,Bad Dürrenberg-Saalekreis,valid_votes_erst,63,0,34693,34693,0
WAHLBEZIRK->WAHLKREIS,lsa:WAHLKREIS:034,Bad Dürrenberg-Saalekreis,valid_votes_zweit,63,0,34754,34754,0
WAHLBEZIRK->WAHLKREIS,lsa:WAHLKREIS:034,Bad Dürrenberg-Saalekreis,party:D1,63,0,8389,8389,0
WAHLBEZIRK->WAHLKREIS,lsa:WAHLKREIS:034,Bad Dürrenberg-Saalekreis,party:D15,63,0,1740,1740,0
WAHLBEZIRK->WAHLKREIS,lsa:WAHLKREIS:034,Bad Dürrenberg-Saalekreis,party:D2,63,0,17129,17129,0
WAHLBEZIRK->WAHLKREIS,lsa:WAHLKREIS:034,Bad Dürrenberg-Saalekreis,party:D3,63,0,2946,2946,0
WAHLBEZIRK->WAHLKREIS,lsa:WAHLKREIS:034,Bad Dürrenberg-Saalekreis,party:D4,63,0,2218,2218,0
WAHLBEZIRK->WAHLKREIS,lsa:WAHLKREIS:034,Bad Dürrenberg-Saalekreis,party:D5,63,0,1374,1374,0
WAHLBEZIRK->WAHLKREIS,lsa:WAHLKREIS:034,Bad Dürrenberg-Saalekreis,party:D6,63,0,897,897,0
WAHLBEZIRK->WAHLKREIS,lsa:WAHLKREIS:034,Bad Dürrenberg-Saalekreis,party:F1,63,0,6449,6449,0
WAHLBEZIRK->WAHLKREIS,lsa:WAHLKREIS:034,Bad Dürrenberg-Saalekreis,party:F10,63,0,134,134,0
WAHLBEZIRK->WAHLKREIS,lsa:WAHLKREIS:034,Bad Dürrenberg-Saalekreis,party:F11,63,0,85,85,0
WAHLBEZIRK->WAHLKREIS,lsa:WAHLKREIS:034,Bad Dürrenberg-Saalekreis,party:F12,63,0,186,186,0
WAHLBEZIRK->WAHLKREIS,lsa:WAHLKREIS:034,Bad Dürrenberg-Saalekreis,party:F15,63,0,1782,1782,0
WAHLBEZIRK->WAHLKREIS,lsa:WAHLKREIS:034,Bad Dürrenberg-Saalekreis,party:F19,63,0,52,52,0
WAHLBEZIRK->WAHLKREIS,lsa:WAHLKREIS:034,Bad Dürrenberg-Saalekreis,party:F2,63,0,16986,16986,0
WAHLBEZIRK->WAHLKREIS,lsa:WAHLKREIS:034,Bad Dürrenberg-Saalekreis,party:F20,63,0,97,97,0
WAHLBEZIRK->WAHLKREIS,lsa:WAHLKREIS:034,Bad Dürrenberg-Saalekreis,party:F3,63,0,2251,2251,0
WAHLBEZIRK->WAHLKREIS,lsa:WAHLKREIS:034,Bad Dürrenberg-Saalekreis,party:F4,63,0,2582,2582,0
WAHLBEZIRK->WAHLKREIS,lsa:WAHLKREIS:034,Bad Dürrenberg-Saalekreis,party:F5,63,0,948,948,0
WAHLBEZIRK->WAHLKREIS,lsa:WAHLKREIS:034,Bad Dürrenberg-Saalekreis,party:F6,63,0,2424,2424,0
WAHLBEZIRK->WAHLKREIS,lsa:WAHLKREIS:034,Bad Dürrenberg-Saalekreis,party:F7,63,0,340,340,0
WAHLBEZIRK->WAHLKREIS,lsa:WAHLKREIS:034,Bad Dürrenberg-Saalekreis,party:F8,63,0,43,43,0
WAHLBEZIRK->WAHLKREIS,lsa:WAHLKREIS:034,Bad Dürrenberg-Saalekreis,party:F9,63,0,395,395,0
WAHLBEZIRK->WAHLKREIS,lsa:WAHLKREIS:035,Halle I,reported_precincts,38,0,38,,
WAHLBEZIRK->WAHLKREIS,lsa:WAHLKREIS:035,Halle I,total_precincts,38,0,38,,
WAHLBEZIRK->WAHLKREIS,lsa:WAHLKREIS:035,Halle I,voters_total,38,0,25139,25139,0
WAHLBEZIRK->WAHLKREIS,lsa:WAHLKREIS:035,Halle I,valid_votes_erst,38,0,24783,24783,0
WAHLBEZIRK->WAHLKREIS,lsa:WAHLKREIS:035,Halle I,valid_votes_zweit,38,0,24850,24850,0
WAHLBEZIRK->WAHLKREIS,lsa:WAHLKREIS:035,Halle I,party:D1,38,0,5964,5964,0
WAHLBEZIRK->WAHLKREIS,lsa:WAHLKREIS:035,Halle I,party:D15,38,0,1171,1171,0
WAHLBEZIRK->WAHLKREIS,lsa:WAHLKREIS:035,Halle I,party:D2,38,0,10658,10658,0
WAHLBEZIRK->WAHLKREIS,lsa:WAHLKREIS:035,Halle I,party:D3,38,0,3369,3369,0
WAHLBEZIRK->WAHLKREIS,lsa:WAHLKREIS:035,Halle I,party:D4,38,0,2095,2095,0
WAHLBEZIRK->WAHLKREIS,lsa:WAHLKREIS:035,Halle I,party:D5,38,0,637,637,0
WAHLBEZIRK->WAHLKREIS,lsa:WAHLKREIS:035,Halle I,party:D6,38,0,889,889,0
WAHLBEZIRK->WAHLKREIS,lsa:WAHLKREIS:035,Halle I,party:F1,38,0,3925,3925,0
WAHLBEZIRK->WAHLKREIS,lsa:WAHLKREIS:035,Halle I,party:F10,38,0,122,122,0
WAHLBEZIRK->WAHLKREIS,lsa:WAHLKREIS:035,Halle I,party:F11,38,0,58,58,0
WAHLBEZIRK->WAHLKREIS,lsa:WAHLKREIS:035,Halle I,party:F12,38,0,137,137,0
WAHLBEZIRK->WAHLKREIS,lsa:WAHLKREIS:035,Halle I,party:F15,38,0,1415,1415,0
WAHLBEZIRK->WAHLKREIS,lsa:WAHLKREIS:035,Halle I,party:F19,38,0,37,37,0
WAHLBEZIRK->WAHLKREIS,lsa:WAHLKREIS:035,Halle I,party:F2,38,0,10356,10356,0
WAHLBEZIRK->WAHLKREIS,lsa:WAHLKREIS:035,Halle I,party:F20,38,0,73,73,0
WAHLBEZIRK->WAHLKREIS,lsa:WAHLKREIS:035,Halle I,party:F3,38,0,2488,2488,0
WAHLBEZIRK->WAHLKREIS,lsa:WAHLKREIS:035,Halle I,party:F4,38,0,2607,2607,0
WAHLBEZIRK->WAHLKREIS,lsa:WAHLKREIS:035,Halle I,party:F5,38,0,631,631,0
WAHLBEZIRK->WAHLKREIS,lsa:WAHLKREIS:035,Halle I,party:F6,38,0,2488,2488,0
WAHLBEZIRK->WAHLKREIS,lsa:WAHLKREIS:035,Halle I,party:F7,38,0,189,189,0
WAHLBEZIRK->WAHLKREIS,lsa:WAHLKREIS:035,Halle I,party:F8,38,0,32,32,0
WAHLBEZIRK->WAHLKREIS,lsa:WAHLKREIS:035,Halle I,party:F9,38,0,292,292,0
WAHLBEZIRK->WAHLKREIS,lsa:WAHLKREIS:036,Halle II,reported_precincts,47,0,47,,
WAHLBEZIRK->WAHLKREIS,lsa:WAHLKREIS:036,Halle II,total_precincts,47,0,47,,
WAHLBEZIRK->WAHLKREIS,lsa:WAHLKREIS:036,Halle II,voters_total,47,0,36557,36557,0
WAHLBEZIRK->WAHLKREIS,lsa:WAHLKREIS:036,Halle II,valid_votes_erst,47,0,36229,36229,0
WAHLBEZIRK->WAHLKREIS,lsa:WAHLKREIS:036,Halle II,valid_votes_zweit,47,0,36297,36297,0
WAHLBEZIRK->WAHLKREIS,lsa:WAHLKREIS:036,Halle II,party:D1,47,0,6840,6840,0
WAHLBEZIRK->WAHLKREIS,lsa:WAHLKREIS:036,Halle II,party:D15,47,0,1579,1579,0
WAHLBEZIRK->WAHLKREIS,lsa:WAHLKREIS:036,Halle II,party:D2,47,0,9018,9018,0
WAHLBEZIRK->WAHLKREIS,lsa:WAHLKREIS:036,Halle II,party:D21,47,0,326,326,0
WAHLBEZIRK->WAHLKREIS,lsa:WAHLKREIS:036,Halle II,party:D3,47,0,10716,10716,0
WAHLBEZIRK->WAHLKREIS,lsa:WAHLKREIS:036,Halle II,party:D4,47,0,3919,3919,0
WAHLBEZIRK->WAHLKREIS,lsa:WAHLKREIS:036,Halle II,party:D5,47,0,1336,1336,0
WAHLBEZIRK->WAHLKREIS,lsa:WAHLKREIS:036,Halle II,party:D6,47,0,2495,2495,0
WAHLBEZIRK->WAHLKREIS,lsa:WAHLKREIS:036,Halle II,party:F1,47,0,5024,5024,0
WAHLBEZIRK->WAHLKREIS,lsa:WAHLKREIS:036,Halle II,party:F10,47,0,162,162,0
WAHLBEZIRK->WAHLKREIS,lsa:WAHLKREIS:036,Halle II,party:F11,47,0,135,135,0
WAHLBEZIRK->WAHLKREIS,lsa:WAHLKREIS:036,Halle II,party:F12,47,0,163,163,0
WAHLBEZIRK->WAHLKREIS,lsa:WAHLKREIS:036,Halle II,party:F15,47,0,1811,1811,0
WAHLBEZIRK->WAHLKREIS,lsa:WAHLKREIS:036,Halle II,party:F19,47,0,74,74,0
WAHLBEZIRK->WAHLKREIS,lsa:WAHLKREIS:036,Halle II,party:F2,47,0,9002,9002,0
WAHLBEZIRK->WAHLKREIS,lsa:WAHLKREIS:036,Halle II,party:F20,47,0,144,144,0
WAHLBEZIRK->WAHLKREIS,lsa:WAHLKREIS:036,Halle II,party:F3,47,0,4416,4416,0
WAHLBEZIRK->WAHLKREIS,lsa:WAHLKREIS:036,Halle II,party:F4,47,0,5009,5009,0
WAHLBEZIRK->WAHLKREIS,lsa:WAHLKREIS:036,Halle II,party:F5,47,0,1145,1145,0
WAHLBEZIRK->WAHLKREIS,lsa:WAHLKREIS:036,Halle II,party:F6,47,0,8464,8464,0
WAHLBEZIRK->WAHLKREIS,lsa:WAHLKREIS:036,Halle II,party:F7,47,0,296,296,0
WAHLBEZIRK->WAHLKREIS,lsa:WAHLKREIS:036,Halle II,party:F8,47,0,69,69,0
WAHLBEZIRK->WAHLKREIS,lsa:WAHLKREIS:036,Halle II,party:F9,47,0,383,383,0
WAHLBEZIRK->WAHLKREIS,lsa:WAHLKREIS:037,Halle III,reported_precincts,57,0,57,,
WAHLBEZIRK->WAHLKREIS,lsa:WAHLKREIS:037,Halle III,total_precincts,57,0,57,,
WAHLBEZIRK->WAHLKREIS,lsa:WAHLKREIS:037,Halle III,voters_total,57,0,40584,40584,0
WAHLBEZIRK->WAHLKREIS,lsa:WAHLKREIS:037,Halle III,valid_votes_erst,57,0,40319,40319,0
WAHLBEZIRK->WAHLKREIS,lsa:WAHLKREIS:037,Halle III,valid_votes_zweit,57,0,40342,40342,0
WAHLBEZIRK->WAHLKREIS,lsa:WAHLKREIS:037,Halle III,party:D1,57,0,5681,5681,0
WAHLBEZIRK->WAHLKREIS,lsa:WAHLKREIS:037,Halle III,party:D15,57,0,1454,1454,0
WAHLBEZIRK->WAHLKREIS,lsa:WAHLKREIS:037,Halle III,party:D2,57,0,7181,7181,0
WAHLBEZIRK->WAHLKREIS,lsa:WAHLKREIS:037,Halle III,party:D3,57,0,16086,16086,0
WAHLBEZIRK->WAHLKREIS,lsa:WAHLKREIS:037,Halle III,party:D4,57,0,2876,2876,0
WAHLBEZIRK->WAHLKREIS,lsa:WAHLKREIS:037,Halle III,party:D5,57,0,1480,1480,0
WAHLBEZIRK->WAHLKREIS,lsa:WAHLKREIS:037,Halle III,party:D6,57,0,4905,4905,0
WAHLBEZIRK->WAHLKREIS,lsa:WAHLKREIS:037,Halle III,party:D7,57,0,656,656,0
WAHLBEZIRK->WAHLKREIS,lsa:WAHLKREIS:037,Halle III,party:F1,57,0,4560,4560,0
WAHLBEZIRK->WAHLKREIS,lsa:WAHLKREIS:037,Halle III,party:F10,57,0,103,103,0
WAHLBEZIRK->WAHLKREIS,lsa:WAHLKREIS:037,Halle III,party:F11,57,0,139,139,0
WAHLBEZIRK->WAHLKREIS,lsa:WAHLKREIS:037,Halle III,party:F12,57,0,139,139,0
WAHLBEZIRK->WAHLKREIS,lsa:WAHLKREIS:037,Halle III,party:F15,57,0,1547,1547,0
WAHLBEZIRK->WAHLKREIS,lsa:WAHLKREIS:037,Halle III,party:F19,57,0,54,54,0
WAHLBEZIRK->WAHLKREIS,lsa:WAHLKREIS:037,Halle III,party:F2,57,0,7396,7396,0
WAHLBEZIRK->WAHLKREIS,lsa:WAHLKREIS:037,Halle III,party:F20,57,0,160,160,0
WAHLBEZIRK->WAHLKREIS,lsa:WAHLKREIS:037,Halle III,party:F3,57,0,5581,5581,0
WAHLBEZIRK->WAHLKREIS,lsa:WAHLKREIS:037,Halle III,party:F4,57,0,5404,5404,0
WAHLBEZIRK->WAHLKREIS,lsa:WAHLKREIS:037,Halle III,party:F5,57,0,1105,1105,0
WAHLBEZIRK->WAHLKREIS,lsa:WAHLKREIS:037,Halle III,party:F6,57,0,13585,13585,0
WAHLBEZIRK->WAHLKREIS,lsa:WAHLKREIS:037,Halle III,party:F7,57,0,256,256,0
WAHLBEZIRK->WAHLKREIS,lsa:WAHLKREIS:037,Halle III,party:F8,57,0,50,50,0
WAHLBEZIRK->WAHLKREIS,lsa:WAHLKREIS:037,Halle III,party:F9,57,0,263,263,0
WAHLBEZIRK->WAHLKREIS,lsa:WAHLKREIS:038,Halle IV,reported_precincts,44,0,44,,
WAHLBEZIRK->WAHLKREIS,lsa:WAHLKREIS:038,Halle IV,total_precincts,44,0,44,,
WAHLBEZIRK->WAHLKREIS,lsa:WAHLKREIS:038,Halle IV,voters_total,44,0,32279,32279,0
WAHLBEZIRK->WAHLKREIS,lsa:WAHLKREIS:038,Halle IV,valid_votes_erst,44,0,31890,31890,0
WAHLBEZIRK->WAHLKREIS,lsa:WAHLKREIS:038,Halle IV,valid_votes_zweit,44,0,31934,31934,0
WAHLBEZIRK->WAHLKREIS,lsa:WAHLKREIS:038,Halle IV,party:D1,44,0,7373,7373,0
WAHLBEZIRK->WAHLKREIS,lsa:WAHLKREIS:038,Halle IV,party:D15,44,0,1664,1664,0
WAHLBEZIRK->WAHLKREIS,lsa:WAHLKREIS:038,Halle IV,party:D2,44,0,13278,13278,0
WAHLBEZIRK->WAHLKREIS,lsa:WAHLKREIS:038,Halle IV,party:D3,44,0,3194,3194,0
WAHLBEZIRK->WAHLKREIS,lsa:WAHLKREIS:038,Halle IV,party:D4,44,0,4345,4345,0
WAHLBEZIRK->WAHLKREIS,lsa:WAHLKREIS:038,Halle IV,party:D5,44,0,941,941,0
WAHLBEZIRK->WAHLKREIS,lsa:WAHLKREIS:038,Halle IV,party:D6,44,0,1095,1095,0
WAHLBEZIRK->WAHLKREIS,lsa:WAHLKREIS:038,Halle IV,party:F1,44,0,5100,5100,0
WAHLBEZIRK->WAHLKREIS,lsa:WAHLKREIS:038,Halle IV,party:F10,44,0,170,170,0
WAHLBEZIRK->WAHLKREIS,lsa:WAHLKREIS:038,Halle IV,party:F11,44,0,98,98,0
WAHLBEZIRK->WAHLKREIS,lsa:WAHLKREIS:038,Halle IV,party:F12,44,0,182,182,0
WAHLBEZIRK->WAHLKREIS,lsa:WAHLKREIS:038,Halle IV,party:F15,44,0,1807,1807,0
WAHLBEZIRK->WAHLKREIS,lsa:WAHLKREIS:038,Halle IV,party:F19,44,0,68,68,0
WAHLBEZIRK->WAHLKREIS,lsa:WAHLKREIS:038,Halle IV,party:F2,44,0,13081,13081,0
WAHLBEZIRK->WAHLKREIS,lsa:WAHLKREIS:038,Halle IV,party:F20,44,0,125,125,0
WAHLBEZIRK->WAHLKREIS,lsa:WAHLKREIS:038,Halle IV,party:F3,44,0,2778,2778,0
WAHLBEZIRK->WAHLKREIS,lsa:WAHLKREIS:038,Halle IV,party:F4,44,0,3821,3821,0
WAHLBEZIRK->WAHLKREIS,lsa:WAHLKREIS:038,Halle IV,party:F5,44,0,950,950,0
WAHLBEZIRK->WAHLKREIS,lsa:WAHLKREIS:038,Halle IV,party:F6,44,0,3021,3021,0
WAHLBEZIRK->WAHLKREIS,lsa:WAHLKREIS:038,Halle IV,party:F7,44,0,300,300,0
WAHLBEZIRK->WAHLKREIS,lsa:WAHLKREIS:038,Halle IV,party:F8,44,0,53,53,0
WAHLBEZIRK->WAHLKREIS,lsa:WAHLKREIS:038,Halle IV,party:F9,44,0,380,380,0
WAHLBEZIRK->WAHLKREIS,lsa:WAHLKREIS:039,Weißenfels,reported_precincts,72,0,72,,
WAHLBEZIRK->WAHLKREIS,lsa:WAHLKREIS:039,Weißenfels,total_precincts,72,0,72,,
WAHLBEZIRK->WAHLKREIS,lsa:WAHLKREIS:039,Weißenfels,voters_total,72,0,31682,31682,0
WAHLBEZIRK->WAHLKREIS,lsa:WAHLKREIS:039,Weißenfels,valid_votes_erst,72,0,31223,31223,0
WAHLBEZIRK->WAHLKREIS,lsa:WAHLKREIS:039,Weißenfels,valid_votes_zweit,72,0,31383,31383,0
WAHLBEZIRK->WAHLKREIS,lsa:WAHLKREIS:039,Weißenfels,party:D1,72,0,7113,7113,0
WAHLBEZIRK->WAHLKREIS,lsa:WAHLKREIS:039,Weißenfels,party:D2,72,0,16659,16659,0
WAHLBEZIRK->WAHLKREIS,lsa:WAHLKREIS:039,Weißenfels,party:D3,72,0,3119,3119,0
WAHLBEZIRK->WAHLKREIS,lsa:WAHLKREIS:039,Weißenfels,party:D4,72,0,2459,2459,0
WAHLBEZIRK->WAHLKREIS,lsa:WAHLKREIS:039,Weißenfels,party:D5,72,0,1258,1258,0
WAHLBEZIRK->WAHLKREIS,lsa:WAHLKREIS:039,Weißenfels,party:D6,72,0,615,615,0
WAHLBEZIRK->WAHLKREIS,lsa:WAHLKREIS:039,Weißenfels,party:F1,72,0,5228,5228,0
WAHLBEZIRK->WAHLKREIS,lsa:WAHLKREIS:039,Weißenfels,party:F10,72,0,160,160,0
WAHLBEZIRK->WAHLKREIS,lsa:WAHLKREIS:039,Weißenfels,party:F11,72,0,77,77,0
WAHLBEZIRK->WAHLKREIS,lsa:WAHLKREIS:039,Weißenfels,party:F12,72,0,163,163,0
WAHLBEZIRK->WAHLKREIS,lsa:WAHLKREIS:039,Weißenfels,party:F15,72,0,1403,1403,0
WAHLBEZIRK->WAHLKREIS,lsa:WAHLKREIS:039,Weißenfels,party:F19,72,0,56,56,0
WAHLBEZIRK->WAHLKREIS,lsa:WAHLKREIS:039,Weißenfels,party:F2,72,0,16447,16447,0
WAHLBEZIRK->WAHLKREIS,lsa:WAHLKREIS:039,Weißenfels,party:F20,72,0,101,101,0
WAHLBEZIRK->WAHLKREIS,lsa:WAHLKREIS:039,Weißenfels,party:F3,72,0,2475,2475,0
WAHLBEZIRK->WAHLKREIS,lsa:WAHLKREIS:039,Weißenfels,party:F4,72,0,2183,2183,0
WAHLBEZIRK->WAHLKREIS,lsa:WAHLKREIS:039,Weißenfels,party:F5,72,0,764,764,0
WAHLBEZIRK->WAHLKREIS,lsa:WAHLKREIS:039,Weißenfels,party:F6,72,0,1622,1622,0
WAHLBEZIRK->WAHLKREIS,lsa:WAHLKREIS:039,Weißenfels,party:F7,72,0,279,279,0
WAHLBEZIRK->WAHLKREIS,lsa:WAHLKREIS:039,Weißenfels,party:F8,72,0,44,44,0
WAHLBEZIRK->WAHLKREIS,lsa:WAHLKREIS:039,Weißenfels,party:F9,72,0,381,381,0
WAHLBEZIRK->WAHLKREIS,lsa:WAHLKREIS:040,Naumburg,reported_precincts,79,0,79,,
WAHLBEZIRK->WAHLKREIS,lsa:WAHLKREIS:040,Naumburg,total_precincts,79,0,79,,
WAHLBEZIRK->WAHLKREIS,lsa:WAHLKREIS:040,Naumburg,voters_total,79,0,34583,34583,0
WAHLBEZIRK->WAHLKREIS,lsa:WAHLKREIS:040,Naumburg,valid_votes_erst,79,0,34220,34220,0
WAHLBEZIRK->WAHLKREIS,lsa:WAHLKREIS:040,Naumburg,valid_votes_zweit,79,0,34263,34263,0
WAHLBEZIRK->WAHLKREIS,lsa:WAHLKREIS:040,Naumburg,party:D1,79,0,10020,10020,0
WAHLBEZIRK->WAHLKREIS,lsa:WAHLKREIS:040,Naumburg,party:D2,79,0,16282,16282,0
WAHLBEZIRK->WAHLKREIS,lsa:WAHLKREIS:040,Naumburg,party:D21,79,0,284,284,0
WAHLBEZIRK->WAHLKREIS,lsa:WAHLKREIS:040,Naumburg,party:D3,79,0,3053,3053,0
WAHLBEZIRK->WAHLKREIS,lsa:WAHLKREIS:040,Naumburg,party:D4,79,0,1463,1463,0
WAHLBEZIRK->WAHLKREIS,lsa:WAHLKREIS:040,Naumburg,party:D5,79,0,938,938,0
WAHLBEZIRK->WAHLKREIS,lsa:WAHLKREIS:040,Naumburg,party:D6,79,0,1051,1051,0
WAHLBEZIRK->WAHLKREIS,lsa:WAHLKREIS:040,Naumburg,party:D9,79,0,1129,1129,0
WAHLBEZIRK->WAHLKREIS,lsa:WAHLKREIS:040,Naumburg,party:F1,79,0,6331,6331,0
WAHLBEZIRK->WAHLKREIS,lsa:WAHLKREIS:040,Naumburg,party:F10,79,0,146,146,0
WAHLBEZIRK->WAHLKREIS,lsa:WAHLKREIS:040,Naumburg,party:F11,79,0,70,70,0
WAHLBEZIRK->WAHLKREIS,lsa:WAHLKREIS:040,Naumburg,party:F12,79,0,165,165,0
WAHLBEZIRK->WAHLKREIS,lsa:WAHLKREIS:040,Naumburg,party:F15,79,0,1677,1677,0
WAHLBEZIRK->WAHLKREIS,lsa:WAHLKREIS:040,Naumburg,party:F19,79,0,88,88,0
WAHLBEZIRK->WAHLKREIS,lsa:WAHLKREIS:040,Naumburg,party:F2,79,0,16093,16093,0
WAHLBEZIRK->WAHLKREIS,lsa:WAHLKREIS:040,Naumburg,party:F20,79,0,100,100,0
WAHLBEZIRK->WAHLKREIS,lsa:WAHLKREIS:040,Naumburg,party:F3,79,0,2766,2766,0
WAHLBEZIRK->WAHLKREIS,lsa:WAHLKREIS:040,Naumburg,party:F4,79,0,2507,2507,0
WAHLBEZIRK->WAHLKREIS,lsa:WAHLKREIS:040,Naumburg,party:F5,79,0,922,922,0
WAHLBEZIRK->WAHLKREIS,lsa:WAHLKREIS:040,Naumburg,party:F6,79,0,2292,2292,0
WAHLBEZIRK->WAHLKREIS,lsa:WAHLKREIS:040,Naumburg,party:F7,79,0,365,365,0
WAHLBEZIRK->WAHLKREIS,lsa:WAHLKREIS:040,Naumburg,party:F8,79,0,92,92,0
WAHLBEZIRK->WAHLKREIS,lsa:WAHLKREIS:040,Naumburg,party:F9,79,0,649,649,0
WAHLBEZIRK->WAHLKREIS,lsa:WAHLKREIS:041,Zeitz,reported_precincts,79,0,79,,
WAHLBEZIRK->WAHLKREIS,lsa:WAHLKREIS:041,Zeitz,total_precincts,79,0,79,,
WAHLBEZIRK->WAHLKREIS,lsa:WAHLKREIS:041,Zeitz,voters_total,79,0,32118,32118,0
WAHLBEZIRK->WAHLKREIS,lsa:WAHLKREIS:041,Zeitz,valid_votes_erst,79,0,31755,31755,0
WAHLBEZIRK->WAHLKREIS,lsa:WAHLKREIS:041,Zeitz,valid_votes_zweit,79,0,31793,31793,0
WAHLBEZIRK->WAHLKREIS,lsa:WAHLKREIS:041,Zeitz,party:D1,79,0,6201,6201,0
WAHLBEZIRK->WAHLKREIS,lsa:WAHLKREIS:041,Zeitz,party:D15,79,0,1173,1173,0
WAHLBEZIRK->WAHLKREIS,lsa:WAHLKREIS:041,Zeitz,party:D2,79,0,16855,16855,0
WAHLBEZIRK->WAHLKREIS,lsa:WAHLKREIS:041,Zeitz,party:D20,79,0,260,260,0
WAHLBEZIRK->WAHLKREIS,lsa:WAHLKREIS:041,Zeitz,party:D3,79,0,2644,2644,0
WAHLBEZIRK->WAHLKREIS,lsa:WAHLKREIS:041,Zeitz,party:D4,79,0,2037,2037,0
WAHLBEZIRK->WAHLKREIS,lsa:WAHLKREIS:041,Zeitz,party:D5,79,0,632,632,0
WAHLBEZIRK->WAHLKREIS,lsa:WAHLKREIS:041,Zeitz,party:D6,79,0,642,642,0
WAHLBEZIRK->WAHLKREIS,lsa:WAHLKREIS:041,Zeitz,party:D7,79,0,1311,1311,0
WAHLBEZIRK->WAHLKREIS,lsa:WAHLKREIS:041,Zeitz,party:F1,79,0,5330,5330,0
WAHLBEZIRK->WAHLKREIS,lsa:WAHLKREIS:041,Zeitz,party:F10,79,0,139,139,0
WAHLBEZIRK->WAHLKREIS,lsa:WAHLKREIS:041,Zeitz,party:F11,79,0,66,66,0
WAHLBEZIRK->WAHLKREIS,lsa:WAHLKREIS:041,Zeitz,party:F12,79,0,136,136,0
WAHLBEZIRK->WAHLKREIS,lsa:WAHLKREIS:041,Zeitz,party:F15,79,0,1419,1419,0
WAHLBEZIRK->WAHLKREIS,lsa:WAHLKREIS:041,Zeitz,party:F19,79,0,53,53,0
WAHLBEZIRK->WAHLKREIS,lsa:WAHLKREIS:041,Zeitz,party:F2,79,0,17002,17002,0
WAHLBEZIRK->WAHLKREIS,lsa:WAHLKREIS:041,Zeitz,party:F20,79,0,149,149,0
WAHLBEZIRK->WAHLKREIS,lsa:WAHLKREIS:041,Zeitz,party:F3,79,0,2402,2402,0
WAHLBEZIRK->WAHLKREIS,lsa:WAHLKREIS:041,Zeitz,party:F4,79,0,2112,2112,0
WAHLBEZIRK->WAHLKREIS,lsa:WAHLKREIS:041,Zeitz,party:F5,79,0,607,607,0
WAHLBEZIRK->WAHLKREIS,lsa:WAHLKREIS:041,Zeitz,party:F6,79,0,1368,1368,0
WAHLBEZIRK->WAHLKREIS,lsa:WAHLKREIS:041,Zeitz,party:F7,79,0,659,659,0
WAHLBEZIRK->WAHLKREIS,lsa:WAHLKREIS:041,Zeitz,party:F8,79,0,49,49,0
WAHLBEZIRK->WAHLKREIS,lsa:WAHLKREIS:041,Zeitz,party:F9,79,0,302,302,0
