capture,time,commit,party,votes,share
2026-09-20-19-32-50,2026-09-20T17:32:53.176165+00:00,a86fd1edf8863b74ab1fa9db0ba2fcfdca468aaf,CDU,33533,17.666800134873135
2026-09-20-19-32-50,2026-09-20T17:32:53.176165+00:00,a86fd1edf8863b74ab1fa9db0ba2fcfdca468aaf,SPD,21081,11.106486554834358
2026-09-20-19-32-50,2026-09-20T17:32:53.176165+00:00,a86fd1edf8863b74ab1fa9db0ba2fcfdca468aaf,GRÜNE,24459,12.88617971845233
2026-09-20-19-32-50,2026-09-20T17:32:53.176165+00:00,a86fd1edf8863b74ab1fa9db0ba2fcfdca468aaf,Die Linke,49113,25.875094832673017
2026-09-20-19-32-50,2026-09-20T17:32:53.176165+00:00,a86fd1edf8863b74ab1fa9db0ba2fcfdca468aaf,AfD,37281,19.641427126359268
2026-09-20-19-32-50,2026-09-20T17:32:53.176165+00:00,a86fd1edf8863b74ab1fa9db0ba2fcfdca468aaf,FDP,4352,2.2928432942763215
2026-09-20-19-32-50,2026-09-20T17:32:53.176165+00:00,a86fd1edf8863b74ab1fa9db0ba2fcfdca468aaf,Tierschutzpartei,3795,1.9993888561072242
2026-09-20-19-32-50,2026-09-20T17:32:53.176165+00:00,a86fd1edf8863b74ab1fa9db0ba2fcfdca468aaf,Die PARTEI,1397,0.7360069122481666
2026-09-20-19-32-50,2026-09-20T17:32:53.176165+00:00,a86fd1edf8863b74ab1fa9db0ba2fcfdca468aaf,Volt,3543,1.8666231138835034
2026-09-20-19-32-50,2026-09-20T17:32:53.176165+00:00,a86fd1edf8863b74ab1fa9db0ba2fcfdca468aaf,FREIE WÄHLER,0,0.0
2026-09-20-19-32-50,2026-09-20T17:32:53.176165+00:00,a86fd1edf8863b74ab1fa9db0ba2fcfdca468aaf,Mieterpartei,0,0.0
2026-09-20-19-32-50,2026-09-20T17:32:53.176165+00:00,a86fd1edf8863b74ab1fa9db0ba2fcfdca468aaf,Die Urbane.,129,0.0679634156621428
2026-09-20-19-32-50,2026-09-20T17:32:53.176165+00:00,a86fd1edf8863b74ab1fa9db0ba2fcfdca468aaf,DKP,230,0.12117508218831662
2026-09-20-19-32-50,2026-09-20T17:32:53.176165+00:00,a86fd1edf8863b74ab1fa9db0ba2fcfdca468aaf,ÖDP,258,0.1359268313242856
2026-09-20-19-32-50,2026-09-20T17:32:53.176165+00:00,a86fd1edf8863b74ab1fa9db0ba2fcfdca468aaf,Die Heimat,90,0.04741633650847172
2026-09-20-19-32-50,2026-09-20T17:32:53.176165+00:00,a86fd1edf8863b74ab1fa9db0ba2fcfdca468aaf,bergpartei,7,0.0036879372839922447
2026-09-20-19-32-50,2026-09-20T17:32:53.176165+00:00,a86fd1edf8863b74ab1fa9db0ba2fcfdca468aaf,SGP,62,0.03266458737250274
2026-09-20-19-32-50,2026-09-20T17:32:53.176165+00:00,a86fd1edf8863b74ab1fa9db0ba2fcfdca468aaf,Menschliche Welt,0,0.0
2026-09-20-19-32-50,2026-09-20T17:32:53.176165+00:00,a86fd1edf8863b74ab1fa9db0ba2fcfdca468aaf,AB Spandau,0,0.0
2026-09-20-19-32-50,2026-09-20T17:32:53.176165+00:00,a86fd1edf8863b74ab1fa9db0ba2fcfdca468aaf,Ausländer für Berlin,0,0.0
2026-09-20-19-32-50,2026-09-20T17:32:53.176165+00:00,a86fd1edf8863b74ab1fa9db0ba2fcfdca468aaf,Migrants for Neukölln,0,0.0
2026-09-20-19-32-50,2026-09-20T17:32:53.176165+00:00,a86fd1edf8863b74ab1fa9db0ba2fcfdca468aaf,Berliner:innen ohne Grenzen,0,0.0
2026-09-20-19-32-50,2026-09-20T17:32:53.176165+00:00,a86fd1edf8863b74ab1fa9db0ba2fcfdca468aaf,Berlin Retten,0,0.0
2026-09-20-19-32-50,2026-09-20T17:32:53.176165+00:00,a86fd1edf8863b74ab1fa9db0ba2fcfdca468aaf,BSW,9898,5.214743319565034
2026-09-20-19-32-50,2026-09-20T17:32:53.176165+00:00,a86fd1edf8863b74ab1fa9db0ba2fcfdca468aaf,Losdemokratie,0,0.0
2026-09-20-19-32-50,2026-09-20T17:32:53.176165+00:00,a86fd1edf8863b74ab1fa9db0ba2fcfdca468aaf,MERA25,0,0.0
2026-09-20-19-32-50,2026-09-20T17:32:53.176165+00:00,a86fd1edf8863b74ab1fa9db0ba2fcfdca468aaf,PdF,580,0.30557194638792884
2026-09-20-19-32-50,2026-09-20T17:32:53.176165+00:00,a86fd1edf8863b74ab1fa9db0ba2fcfdca468aaf,Jan Mihm: Bester Mann,0,0.0
2026-09-20-19-32-50,2026-09-20T17:32:53.176165+00:00,a86fd1edf8863b74ab1fa9db0ba2fcfdca468aaf,Demokratische Linke,0,0.0
2026-09-20-19-32-50,2026-09-20T17:32:53.176165+00:00,a86fd1edf8863b74ab1fa9db0ba2fcfdca468aaf,DIE FRAUEN,0,0.0
2026-09-20-19-41-39,2026-09-20T17:41:42.096419+00:00,a0a9fbca5006f422b2dd2304e952a3836e0ed17b,CDU,48078,17.449532893447444
2026-09-20-19-41-39,2026-09-20T17:41:42.096419+00:00,a0a9fbca5006f422b2dd2304e952a3836e0ed17b,SPD,30756,11.162648897018792
2026-09-20-19-41-39,2026-09-20T17:41:42.096419+00:00,a0a9fbca5006f422b2dd2304e952a3836e0ed17b,GRÜNE,35567,12.908763601257231
2026-09-20-19-41-39,2026-09-20T17:41:42.096419+00:00,a0a9fbca5006f422b2dd2304e952a3836e0ed17b,Die Linke,71417,25.920239832175547
2026-09-20-19-41-39,2026-09-20T17:41:42.096419+00:00,a0a9fbca5006f422b2dd2304e952a3836e0ed17b,AfD,54338,19.721550779236804
2026-09-20-19-41-39,2026-09-20T17:41:42.096419+00:00,a0a9fbca5006f422b2dd2304e952a3836e0ed17b,FDP,6255,2.2702031750179654
2026-09-20-19-41-39,2026-09-20T17:41:42.096419+00:00,a0a9fbca5006f422b2dd2304e952a3836e0ed17b,Tierschutzpartei,5603,2.0335648904277637
2026-09-20-19-41-39,2026-09-20T17:41:42.096419+00:00,a0a9fbca5006f422b2dd2304e952a3836e0ed17b,Die PARTEI,2036,0.7389502261129621
2026-09-20-19-41-39,2026-09-20T17:41:42.096419+00:00,a0a9fbca5006f422b2dd2304e952a3836e0ed17b,Volt,5141,1.8658856151506573
2026-09-20-19-41-39,2026-09-20T17:41:42.096419+00:00,a0a9fbca5006f422b2dd2304e952a3836e0ed17b,FREIE WÄHLER,0,0.0
2026-09-20-19-41-39,2026-09-20T17:41:42.096419+00:00,a0a9fbca5006f422b2dd2304e952a3836e0ed17b,Mieterpartei,0,0.0
2026-09-20-19-41-39,2026-09-20T17:41:42.096419+00:00,a0a9fbca5006f422b2dd2304e952a3836e0ed17b,Die Urbane.,192,0.06968489362165459
2026-09-20-19-41-39,2026-09-20T17:41:42.096419+00:00,a0a9fbca5006f422b2dd2304e952a3836e0ed17b,DKP,335,0.12158562168361607
2026-09-20-19-41-39,2026-09-20T17:41:42.096419+00:00,a0a9fbca5006f422b2dd2304e952a3836e0ed17b,ÖDP,362,0.13138505984916124
2026-09-20-19-41-39,2026-09-20T17:41:42.096419+00:00,a0a9fbca5006f422b2dd2304e952a3836e0ed17b,Die Heimat,116,0.04210128989641631
2026-09-20-19-41-39,2026-09-20T17:41:42.096419+00:00,a0a9fbca5006f422b2dd2304e952a3836e0ed17b,bergpartei,9,0.0032664793885150583
2026-09-20-19-41-39,2026-09-20T17:41:42.096419+00:00,a0a9fbca5006f422b2dd2304e952a3836e0ed17b,SGP,87,0.03157596742231223
2026-09-20-19-41-39,2026-09-20T17:41:42.096419+00:00,a0a9fbca5006f422b2dd2304e952a3836e0ed17b,Menschliche Welt,0,0.0
2026-09-20-19-41-39,2026-09-20T17:41:42.096419+00:00,a0a9fbca5006f422b2dd2304e952a3836e0ed17b,AB Spandau,0,0.0
2026-09-20-19-41-39,2026-09-20T17:41:42.096419+00:00,a0a9fbca5006f422b2dd2304e952a3836e0ed17b,Ausländer für Berlin,0,0.0
2026-09-20-19-41-39,2026-09-20T17:41:42.096419+00:00,a0a9fbca5006f422b2dd2304e952a3836e0ed17b,Migrants for Neukölln,0,0.0
2026-09-20-19-41-39,2026-09-20T17:41:42.096419+00:00,a0a9fbca5006f422b2dd2304e952a3836e0ed17b,Berliner:innen ohne Grenzen,0,0.0
2026-09-20-19-41-39,2026-09-20T17:41:42.096419+00:00,a0a9fbca5006f422b2dd2304e952a3836e0ed17b,Berlin Retten,0,0.0
2026-09-20-19-41-39,2026-09-20T17:41:42.096419+00:00,a0a9fbca5006f422b2dd2304e952a3836e0ed17b,BSW,14407,5.22890761670405
2026-09-20-19-41-39,2026-09-20T17:41:42.096419+00:00,a0a9fbca5006f422b2dd2304e952a3836e0ed17b,Losdemokratie,0,0.0
2026-09-20-19-41-39,2026-09-20T17:41:42.096419+00:00,a0a9fbca5006f422b2dd2304e952a3836e0ed17b,MERA25,0,0.0
2026-09-20-19-41-39,2026-09-20T17:41:42.096419+00:00,a0a9fbca5006f422b2dd2304e952a3836e0ed17b,PdF,827,0.30015316158910593
2026-09-20-19-41-39,2026-09-20T17:41:42.096419+00:00,a0a9fbca5006f422b2dd2304e952a3836e0ed17b,Jan Mihm: Bester Mann,0,0.0
2026-09-20-19-41-39,2026-09-20T17:41:42.096419+00:00,a0a9fbca5006f422b2dd2304e952a3836e0ed17b,Demokratische Linke,0,0.0
2026-09-20-19-41-39,2026-09-20T17:41:42.096419+00:00,a0a9fbca5006f422b2dd2304e952a3836e0ed17b,DIE FRAUEN,0,0.0
2026-09-20-19-45-39,2026-09-20T17:45:42.344831+00:00,022a879d3a927e73eb3fb1e7c7b4674fba8b2182,CDU,58394,17.14857951708867
2026-09-20-19-45-39,2026-09-20T17:45:42.344831+00:00,022a879d3a927e73eb3fb1e7c7b4674fba8b2182,SPD,37948,11.144197957229867
2026-09-20-19-45-39,2026-09-20T17:45:42.344831+00:00,022a879d3a927e73eb3fb1e7c7b4674fba8b2182,GRÜNE,44579,13.091525264450043
2026-09-20-19-45-39,2026-09-20T17:45:42.344831+00:00,022a879d3a927e73eb3fb1e7c7b4674fba8b2182,Die Linke,89559,26.300812291861224
2026-09-20-19-45-39,2026-09-20T17:45:42.344831+00:00,022a879d3a927e73eb3fb1e7c7b4674fba8b2182,AfD,66386,19.49559200982033
2026-09-20-19-45-39,2026-09-20T17:45:42.344831+00:00,022a879d3a927e73eb3fb1e7c7b4674fba8b2182,FDP,7615,2.2362988153342847
2026-09-20-19-45-39,2026-09-20T17:45:42.344831+00:00,022a879d3a927e73eb3fb1e7c7b4674fba8b2182,Tierschutzpartei,6950,2.041008111171803
2026-09-20-19-45-39,2026-09-20T17:45:42.344831+00:00,022a879d3a927e73eb3fb1e7c7b4674fba8b2182,Die PARTEI,2585,0.7591375492631814
2026-09-20-19-45-39,2026-09-20T17:45:42.344831+00:00,022a879d3a927e73eb3fb1e7c7b4674fba8b2182,Volt,6398,1.8789021432053519
2026-09-20-19-45-39,2026-09-20T17:45:42.344831+00:00,022a879d3a927e73eb3fb1e7c7b4674fba8b2182,FREIE WÄHLER,0,0.0
2026-09-20-19-45-39,2026-09-20T17:45:42.344831+00:00,022a879d3a927e73eb3fb1e7c7b4674fba8b2182,Mieterpartei,0,0.0
2026-09-20-19-45-39,2026-09-20T17:45:42.344831+00:00,022a879d3a927e73eb3fb1e7c7b4674fba8b2182,Die Urbane.,251,0.07371122818764353
2026-09-20-19-45-39,2026-09-20T17:45:42.344831+00:00,022a879d3a927e73eb3fb1e7c7b4674fba8b2182,DKP,427,0.125397188988541
2026-09-20-19-45-39,2026-09-20T17:45:42.344831+00:00,022a879d3a927e73eb3fb1e7c7b4674fba8b2182,ÖDP,450,0.13215160432047646
2026-09-20-19-45-39,2026-09-20T17:45:42.344831+00:00,022a879d3a927e73eb3fb1e7c7b4674fba8b2182,Die Heimat,141,0.04140750268708262
2026-09-20-19-45-39,2026-09-20T17:45:42.344831+00:00,022a879d3a927e73eb3fb1e7c7b4674fba8b2182,bergpartei,10,0.00293670231823281
2026-09-20-19-45-39,2026-09-20T17:45:42.344831+00:00,022a879d3a927e73eb3fb1e7c7b4674fba8b2182,SGP,120,0.03524042781879372
2026-09-20-19-45-39,2026-09-20T17:45:42.344831+00:00,022a879d3a927e73eb3fb1e7c7b4674fba8b2182,Menschliche Welt,0,0.0
2026-09-20-19-45-39,2026-09-20T17:45:42.344831+00:00,022a879d3a927e73eb3fb1e7c7b4674fba8b2182,AB Spandau,0,0.0
2026-09-20-19-45-39,2026-09-20T17:45:42.344831+00:00,022a879d3a927e73eb3fb1e7c7b4674fba8b2182,Ausländer für Berlin,0,0.0
2026-09-20-19-45-39,2026-09-20T17:45:42.344831+00:00,022a879d3a927e73eb3fb1e7c7b4674fba8b2182,Migrants for Neukölln,0,0.0
2026-09-20-19-45-39,2026-09-20T17:45:42.344831+00:00,022a879d3a927e73eb3fb1e7c7b4674fba8b2182,Berliner:innen ohne Grenzen,0,0.0
2026-09-20-19-45-39,2026-09-20T17:45:42.344831+00:00,022a879d3a927e73eb3fb1e7c7b4674fba8b2182,Berlin Retten,0,0.0
2026-09-20-19-45-39,2026-09-20T17:45:42.344831+00:00,022a879d3a927e73eb3fb1e7c7b4674fba8b2182,BSW,17678,5.191502358171961
2026-09-20-19-45-39,2026-09-20T17:45:42.344831+00:00,022a879d3a927e73eb3fb1e7c7b4674fba8b2182,Losdemokratie,0,0.0
2026-09-20-19-45-39,2026-09-20T17:45:42.344831+00:00,022a879d3a927e73eb3fb1e7c7b4674fba8b2182,MERA25,0,0.0
2026-09-20-19-45-39,2026-09-20T17:45:42.344831+00:00,022a879d3a927e73eb3fb1e7c7b4674fba8b2182,PdF,1027,0.3015993280825096
2026-09-20-19-45-39,2026-09-20T17:45:42.344831+00:00,022a879d3a927e73eb3fb1e7c7b4674fba8b2182,Jan Mihm: Bester Mann,0,0.0
2026-09-20-19-45-39,2026-09-20T17:45:42.344831+00:00,022a879d3a927e73eb3fb1e7c7b4674fba8b2182,Demokratische Linke,0,0.0
2026-09-20-19-45-39,2026-09-20T17:45:42.344831+00:00,022a879d3a927e73eb3fb1e7c7b4674fba8b2182,DIE FRAUEN,0,0.0
2026-09-20-19-48-34,2026-09-20T17:48:37.481698+00:00,87f70d1a68382d187b3d230149d72a2fad15f879,CDU,64390,17.294959777601697
2026-09-20-19-48-34,2026-09-20T17:48:37.481698+00:00,87f70d1a68382d187b3d230149d72a2fad15f879,SPD,41509,11.149192194571654
2026-09-20-19-48-34,2026-09-20T17:48:37.481698+00:00,87f70d1a68382d187b3d230149d72a2fad15f879,GRÜNE,48753,13.094908744174804
2026-09-20-19-48-34,2026-09-20T17:48:37.481698+00:00,87f70d1a68382d187b3d230149d72a2fad15f879,Die Linke,97232,26.116221914827896
2026-09-20-19-48-34,2026-09-20T17:48:37.481698+00:00,87f70d1a68382d187b3d230149d72a2fad15f879,AfD,72689,19.52404614496179
2026-09-20-19-48-34,2026-09-20T17:48:37.481698+00:00,87f70d1a68382d187b3d230149d72a2fad15f879,FDP,8372,2.248693947166973
2026-09-20-19-48-34,2026-09-20T17:48:37.481698+00:00,87f70d1a68382d187b3d230149d72a2fad15f879,Tierschutzpartei,7565,2.0319361813566834
2026-09-20-19-48-34,2026-09-20T17:48:37.481698+00:00,87f70d1a68382d187b3d230149d72a2fad15f879,Die PARTEI,2812,0.7552947180403164
2026-09-20-19-48-34,2026-09-20T17:48:37.481698+00:00,87f70d1a68382d187b3d230149d72a2fad15f879,Volt,7069,1.8987120774633701
2026-09-20-19-48-34,2026-09-20T17:48:37.481698+00:00,87f70d1a68382d187b3d230149d72a2fad15f879,FREIE WÄHLER,0,0.0
2026-09-20-19-48-34,2026-09-20T17:48:37.481698+00:00,87f70d1a68382d187b3d230149d72a2fad15f879,Mieterpartei,0,0.0
2026-09-20-19-48-34,2026-09-20T17:48:37.481698+00:00,87f70d1a68382d187b3d230149d72a2fad15f879,Die Urbane.,285,0.07655014034192396
2026-09-20-19-48-34,2026-09-20T17:48:37.481698+00:00,87f70d1a68382d187b3d230149d72a2fad15f879,DKP,457,0.12274882153073421
2026-09-20-19-48-34,2026-09-20T17:48:37.481698+00:00,87f70d1a68382d187b3d230149d72a2fad15f879,ÖDP,499,0.1340298948442809
2026-09-20-19-48-34,2026-09-20T17:48:37.481698+00:00,87f70d1a68382d187b3d230149d72a2fad15f879,Die Heimat,156,0.04190112945031627
2026-09-20-19-48-34,2026-09-20T17:48:37.481698+00:00,87f70d1a68382d187b3d230149d72a2fad15f879,bergpartei,12,0.0032231638038704826
2026-09-20-19-48-34,2026-09-20T17:48:37.481698+00:00,87f70d1a68382d187b3d230149d72a2fad15f879,SGP,127,0.03411181692429594
2026-09-20-19-48-34,2026-09-20T17:48:37.481698+00:00,87f70d1a68382d187b3d230149d72a2fad15f879,Menschliche Welt,0,0.0
2026-09-20-19-48-34,2026-09-20T17:48:37.481698+00:00,87f70d1a68382d187b3d230149d72a2fad15f879,AB Spandau,0,0.0
2026-09-20-19-48-34,2026-09-20T17:48:37.481698+00:00,87f70d1a68382d187b3d230149d72a2fad15f879,Ausländer für Berlin,0,0.0
2026-09-20-19-48-34,2026-09-20T17:48:37.481698+00:00,87f70d1a68382d187b3d230149d72a2fad15f879,Migrants for Neukölln,0,0.0
2026-09-20-19-48-34,2026-09-20T17:48:37.481698+00:00,87f70d1a68382d187b3d230149d72a2fad15f879,Berliner:innen ohne Grenzen,0,0.0
2026-09-20-19-48-34,2026-09-20T17:48:37.481698+00:00,87f70d1a68382d187b3d230149d72a2fad15f879,Berlin Retten,0,0.0
2026-09-20-19-48-34,2026-09-20T17:48:37.481698+00:00,87f70d1a68382d187b3d230149d72a2fad15f879,BSW,19254,5.17156632331019
2026-09-20-19-48-34,2026-09-20T17:48:37.481698+00:00,87f70d1a68382d187b3d230149d72a2fad15f879,Losdemokratie,0,0.0
2026-09-20-19-48-34,2026-09-20T17:48:37.481698+00:00,87f70d1a68382d187b3d230149d72a2fad15f879,MERA25,0,0.0
2026-09-20-19-48-34,2026-09-20T17:48:37.481698+00:00,87f70d1a68382d187b3d230149d72a2fad15f879,PdF,1124,0.30190300962920186
2026-09-20-19-48-34,2026-09-20T17:48:37.481698+00:00,87f70d1a68382d187b3d230149d72a2fad15f879,Jan Mihm: Bester Mann,0,0.0
2026-09-20-19-48-34,2026-09-20T17:48:37.481698+00:00,87f70d1a68382d187b3d230149d72a2fad15f879,Demokratische Linke,0,0.0
2026-09-20-19-48-34,2026-09-20T17:48:37.481698+00:00,87f70d1a68382d187b3d230149d72a2fad15f879,DIE FRAUEN,0,0.0
2026-09-20-19-51-31,2026-09-20T17:51:33.755567+00:00,78cce21ad69d3f32310a23234e6584a5b8406c14,CDU,70609,17.318649513741555
2026-09-20-19-51-31,2026-09-20T17:51:33.755567+00:00,78cce21ad69d3f32310a23234e6584a5b8406c14,SPD,45823,11.239253872285108
2026-09-20-19-51-31,2026-09-20T17:51:33.755567+00:00,78cce21ad69d3f32310a23234e6584a5b8406c14,GRÜNE,53657,13.160741222207234
2026-09-20-19-51-31,2026-09-20T17:51:33.755567+00:00,78cce21ad69d3f32310a23234e6584a5b8406c14,Die Linke,106903,26.220674262027693
2026-09-20-19-51-31,2026-09-20T17:51:33.755567+00:00,78cce21ad69d3f32310a23234e6584a5b8406c14,AfD,78426,19.235967182153765
2026-09-20-19-51-31,2026-09-20T17:51:33.755567+00:00,78cce21ad69d3f32310a23234e6584a5b8406c14,FDP,9216,2.260457929139942
2026-09-20-19-51-31,2026-09-20T17:51:33.755567+00:00,78cce21ad69d3f32310a23234e6584a5b8406c14,Tierschutzpartei,8265,2.0272010399676237
2026-09-20-19-51-31,2026-09-20T17:51:33.755567+00:00,78cce21ad69d3f32310a23234e6584a5b8406c14,Die PARTEI,3065,0.7517690486994273
2026-09-20-19-51-31,2026-09-20T17:51:33.755567+00:00,78cce21ad69d3f32310a23234e6584a5b8406c14,Volt,7796,1.9121668853705498
2026-09-20-19-51-31,2026-09-20T17:51:33.755567+00:00,78cce21ad69d3f32310a23234e6584a5b8406c14,FREIE WÄHLER,0,0.0
2026-09-20-19-51-31,2026-09-20T17:51:33.755567+00:00,78cce21ad69d3f32310a23234e6584a5b8406c14,Mieterpartei,0,0.0
2026-09-20-19-51-31,2026-09-20T17:51:33.755567+00:00,78cce21ad69d3f32310a23234e6584a5b8406c14,Die Urbane.,316,0.07750702100783655
2026-09-20-19-51-31,2026-09-20T17:51:33.755567+00:00,78cce21ad69d3f32310a23234e6584a5b8406c14,DKP,489,0.11993966225579769
2026-09-20-19-51-31,2026-09-20T17:51:33.755567+00:00,78cce21ad69d3f32310a23234e6584a5b8406c14,ÖDP,542,0.13293925755141586
2026-09-20-19-51-31,2026-09-20T17:51:33.755567+00:00,78cce21ad69d3f32310a23234e6584a5b8406c14,Die Heimat,166,0.04071571356740781
2026-09-20-19-51-31,2026-09-20T17:51:33.755567+00:00,78cce21ad69d3f32310a23234e6584a5b8406c14,bergpartei,12,0.0029433045952342992
2026-09-20-19-51-31,2026-09-20T17:51:33.755567+00:00,78cce21ad69d3f32310a23234e6584a5b8406c14,SGP,141,0.034583828994003016
2026-09-20-19-51-31,2026-09-20T17:51:33.755567+00:00,78cce21ad69d3f32310a23234e6584a5b8406c14,Menschliche Welt,0,0.0
2026-09-20-19-51-31,2026-09-20T17:51:33.755567+00:00,78cce21ad69d3f32310a23234e6584a5b8406c14,AB Spandau,0,0.0
2026-09-20-19-51-31,2026-09-20T17:51:33.755567+00:00,78cce21ad69d3f32310a23234e6584a5b8406c14,Ausländer für Berlin,0,0.0
2026-09-20-19-51-31,2026-09-20T17:51:33.755567+00:00,78cce21ad69d3f32310a23234e6584a5b8406c14,Migrants for Neukölln,0,0.0
2026-09-20-19-51-31,2026-09-20T17:51:33.755567+00:00,78cce21ad69d3f32310a23234e6584a5b8406c14,Berliner:innen ohne Grenzen,0,0.0
2026-09-20-19-51-31,2026-09-20T17:51:33.755567+00:00,78cce21ad69d3f32310a23234e6584a5b8406c14,Berlin Retten,0,0.0
2026-09-20-19-51-31,2026-09-20T17:51:33.755567+00:00,78cce21ad69d3f32310a23234e6584a5b8406c14,BSW,21047,5.162310984658025
2026-09-20-19-51-31,2026-09-20T17:51:33.755567+00:00,78cce21ad69d3f32310a23234e6584a5b8406c14,Losdemokratie,0,0.0
2026-09-20-19-51-31,2026-09-20T17:51:33.755567+00:00,78cce21ad69d3f32310a23234e6584a5b8406c14,MERA25,0,0.0
2026-09-20-19-51-31,2026-09-20T17:51:33.755567+00:00,78cce21ad69d3f32310a23234e6584a5b8406c14,PdF,1232,0.30217927177738807
2026-09-20-19-51-31,2026-09-20T17:51:33.755567+00:00,78cce21ad69d3f32310a23234e6584a5b8406c14,Jan Mihm: Bester Mann,0,0.0
2026-09-20-19-51-31,2026-09-20T17:51:33.755567+00:00,78cce21ad69d3f32310a23234e6584a5b8406c14,Demokratische Linke,0,0.0
2026-09-20-19-51-31,2026-09-20T17:51:33.755567+00:00,78cce21ad69d3f32310a23234e6584a5b8406c14,DIE FRAUEN,0,0.0
2026-09-20-19-54-31,2026-09-20T17:54:33.945710+00:00,b28b246566699b0e2cdddee4848d68fc603aa4f2,CDU,77133,17.395295131175676
2026-09-20-19-54-31,2026-09-20T17:54:33.945710+00:00,b28b246566699b0e2cdddee4848d68fc603aa4f2,SPD,49965,11.26827585118163
2026-09-20-19-54-31,2026-09-20T17:54:33.945710+00:00,b28b246566699b0e2cdddee4848d68fc603aa4f2,GRÜNE,58329,13.154553429872376
2026-09-20-19-54-31,2026-09-20T17:54:33.945710+00:00,b28b246566699b0e2cdddee4848d68fc603aa4f2,Die Linke,116335,26.236262806909135
2026-09-20-19-54-31,2026-09-20T17:54:33.945710+00:00,b28b246566699b0e2cdddee4848d68fc603aa4f2,AfD,84791,19.122353201191665
2026-09-20-19-54-31,2026-09-20T17:54:33.945710+00:00,b28b246566699b0e2cdddee4848d68fc603aa4f2,FDP,10068,2.2705694239907266
2026-09-20-19-54-31,2026-09-20T17:54:33.945710+00:00,b28b246566699b0e2cdddee4848d68fc603aa4f2,Tierschutzpartei,8969,2.022719225642911
2026-09-20-19-54-31,2026-09-20T17:54:33.945710+00:00,b28b246566699b0e2cdddee4848d68fc603aa4f2,Die PARTEI,3349,0.7552778109798315
2026-09-20-19-54-31,2026-09-20T17:54:33.945710+00:00,b28b246566699b0e2cdddee4848d68fc603aa4f2,Volt,8456,1.9070257299628113
2026-09-20-19-54-31,2026-09-20T17:54:33.945710+00:00,b28b246566699b0e2cdddee4848d68fc603aa4f2,FREIE WÄHLER,0,0.0
2026-09-20-19-54-31,2026-09-20T17:54:33.945710+00:00,b28b246566699b0e2cdddee4848d68fc603aa4f2,Mieterpartei,0,0.0
2026-09-20-19-54-31,2026-09-20T17:54:33.945710+00:00,b28b246566699b0e2cdddee4848d68fc603aa4f2,Die Urbane.,350,0.07893318418720245
2026-09-20-19-54-31,2026-09-20T17:54:33.945710+00:00,b28b246566699b0e2cdddee4848d68fc603aa4f2,DKP,535,0.12065501011472375
2026-09-20-19-54-31,2026-09-20T17:54:33.945710+00:00,b28b246566699b0e2cdddee4848d68fc603aa4f2,ÖDP,601,0.13553955341859622
2026-09-20-19-54-31,2026-09-20T17:54:33.945710+00:00,b28b246566699b0e2cdddee4848d68fc603aa4f2,Die Heimat,180,0.04059420901056126
2026-09-20-19-54-31,2026-09-20T17:54:33.945710+00:00,b28b246566699b0e2cdddee4848d68fc603aa4f2,bergpartei,15,0.003382850750880105
2026-09-20-19-54-31,2026-09-20T17:54:33.945710+00:00,b28b246566699b0e2cdddee4848d68fc603aa4f2,SGP,157,0.0354071711925451
2026-09-20-19-54-31,2026-09-20T17:54:33.945710+00:00,b28b246566699b0e2cdddee4848d68fc603aa4f2,Menschliche Welt,0,0.0
2026-09-20-19-54-31,2026-09-20T17:54:33.945710+00:00,b28b246566699b0e2cdddee4848d68fc603aa4f2,AB Spandau,0,0.0
2026-09-20-19-54-31,2026-09-20T17:54:33.945710+00:00,b28b246566699b0e2cdddee4848d68fc603aa4f2,Ausländer für Berlin,0,0.0
2026-09-20-19-54-31,2026-09-20T17:54:33.945710+00:00,b28b246566699b0e2cdddee4848d68fc603aa4f2,Migrants for Neukölln,0,0.0
2026-09-20-19-54-31,2026-09-20T17:54:33.945710+00:00,b28b246566699b0e2cdddee4848d68fc603aa4f2,Berliner:innen ohne Grenzen,0,0.0
2026-09-20-19-54-31,2026-09-20T17:54:33.945710+00:00,b28b246566699b0e2cdddee4848d68fc603aa4f2,Berlin Retten,0,0.0
2026-09-20-19-54-31,2026-09-20T17:54:33.945710+00:00,b28b246566699b0e2cdddee4848d68fc603aa4f2,BSW,22858,5.155013497574496
2026-09-20-19-54-31,2026-09-20T17:54:33.945710+00:00,b28b246566699b0e2cdddee4848d68fc603aa4f2,Losdemokratie,0,0.0
2026-09-20-19-54-31,2026-09-20T17:54:33.945710+00:00,b28b246566699b0e2cdddee4848d68fc603aa4f2,MERA25,0,0.0
2026-09-20-19-54-31,2026-09-20T17:54:33.945710+00:00,b28b246566699b0e2cdddee4848d68fc603aa4f2,PdF,1322,0.29814191284423325
2026-09-20-19-54-31,2026-09-20T17:54:33.945710+00:00,b28b246566699b0e2cdddee4848d68fc603aa4f2,Jan Mihm: Bester Mann,0,0.0
2026-09-20-19-54-31,2026-09-20T17:54:33.945710+00:00,b28b246566699b0e2cdddee4848d68fc603aa4f2,Demokratische Linke,0,0.0
2026-09-20-19-54-31,2026-09-20T17:54:33.945710+00:00,b28b246566699b0e2cdddee4848d68fc603aa4f2,DIE FRAUEN,0,0.0
2026-09-20-19-57-31,2026-09-20T17:57:33.579885+00:00,bf4e47656688a4cd49c919967a690e2509fbdc84,CDU,85137,17.435066730287584
2026-09-20-19-57-31,2026-09-20T17:57:33.579885+00:00,bf4e47656688a4cd49c919967a690e2509fbdc84,SPD,55003,11.263974245815662
2026-09-20-19-57-31,2026-09-20T17:57:33.579885+00:00,bf4e47656688a4cd49c919967a690e2509fbdc84,GRÜNE,64665,13.242639394317942
2026-09-20-19-57-31,2026-09-20T17:57:33.579885+00:00,bf4e47656688a4cd49c919967a690e2509fbdc84,Die Linke,128523,26.320014580931336
2026-09-20-19-57-31,2026-09-20T17:57:33.579885+00:00,bf4e47656688a4cd49c919967a690e2509fbdc84,AfD,92388,18.9199871392909
2026-09-20-19-57-31,2026-09-20T17:57:33.579885+00:00,bf4e47656688a4cd49c919967a690e2509fbdc84,FDP,11170,2.2874859975957844
2026-09-20-19-57-31,2026-09-20T17:57:33.579885+00:00,bf4e47656688a4cd49c919967a690e2509fbdc84,Tierschutzpartei,9882,2.0237185880252055
2026-09-20-19-57-31,2026-09-20T17:57:33.579885+00:00,bf4e47656688a4cd49c919967a690e2509fbdc84,Die PARTEI,3741,0.7661132602511934
2026-09-20-19-57-31,2026-09-20T17:57:33.579885+00:00,bf4e47656688a4cd49c919967a690e2509fbdc84,Volt,9357,1.9162046982545888
2026-09-20-19-57-31,2026-09-20T17:57:33.579885+00:00,bf4e47656688a4cd49c919967a690e2509fbdc84,FREIE WÄHLER,0,0.0
2026-09-20-19-57-31,2026-09-20T17:57:33.579885+00:00,bf4e47656688a4cd49c919967a690e2509fbdc84,Mieterpartei,0,0.0
2026-09-20-19-57-31,2026-09-20T17:57:33.579885+00:00,bf4e47656688a4cd49c919967a690e2509fbdc84,Die Urbane.,377,0.07720521227337608
2026-09-20-19-57-31,2026-09-20T17:57:33.579885+00:00,bf4e47656688a4cd49c919967a690e2509fbdc84,DKP,586,0.12000597982015486
2026-09-20-19-57-31,2026-09-20T17:57:33.579885+00:00,bf4e47656688a4cd49c919967a690e2509fbdc84,ÖDP,665,0.1361842603761143
2026-09-20-19-57-31,2026-09-20T17:57:33.579885+00:00,bf4e47656688a4cd49c919967a690e2509fbdc84,Die Heimat,198,0.04054809557063253
2026-09-20-19-57-31,2026-09-20T17:57:33.579885+00:00,bf4e47656688a4cd49c919967a690e2509fbdc84,bergpartei,17,0.003481402144953298
2026-09-20-19-57-31,2026-09-20T17:57:33.579885+00:00,bf4e47656688a4cd49c919967a690e2509fbdc84,SGP,177,0.03624753997980787
2026-09-20-19-57-31,2026-09-20T17:57:33.579885+00:00,bf4e47656688a4cd49c919967a690e2509fbdc84,Menschliche Welt,0,0.0
2026-09-20-19-57-31,2026-09-20T17:57:33.579885+00:00,bf4e47656688a4cd49c919967a690e2509fbdc84,AB Spandau,0,0.0
2026-09-20-19-57-31,2026-09-20T17:57:33.579885+00:00,bf4e47656688a4cd49c919967a690e2509fbdc84,Ausländer für Berlin,0,0.0
2026-09-20-19-57-31,2026-09-20T17:57:33.579885+00:00,bf4e47656688a4cd49c919967a690e2509fbdc84,Migrants for Neukölln,0,0.0
2026-09-20-19-57-31,2026-09-20T17:57:33.579885+00:00,bf4e47656688a4cd49c919967a690e2509fbdc84,Berliner:innen ohne Grenzen,0,0.0
2026-09-20-19-57-31,2026-09-20T17:57:33.579885+00:00,bf4e47656688a4cd49c919967a690e2509fbdc84,Berlin Retten,0,0.0
2026-09-20-19-57-31,2026-09-20T17:57:33.579885+00:00,bf4e47656688a4cd49c919967a690e2509fbdc84,BSW,24998,5.1192994599730905
2026-09-20-19-57-31,2026-09-20T17:57:33.579885+00:00,bf4e47656688a4cd49c919967a690e2509fbdc84,Losdemokratie,0,0.0
2026-09-20-19-57-31,2026-09-20T17:57:33.579885+00:00,bf4e47656688a4cd49c919967a690e2509fbdc84,MERA25,0,0.0
2026-09-20-19-57-31,2026-09-20T17:57:33.579885+00:00,bf4e47656688a4cd49c919967a690e2509fbdc84,PdF,1425,0.29182341509167353
2026-09-20-19-57-31,2026-09-20T17:57:33.579885+00:00,bf4e47656688a4cd49c919967a690e2509fbdc84,Jan Mihm: Bester Mann,0,0.0
2026-09-20-19-57-31,2026-09-20T17:57:33.579885+00:00,bf4e47656688a4cd49c919967a690e2509fbdc84,Demokratische Linke,0,0.0
2026-09-20-19-57-31,2026-09-20T17:57:33.579885+00:00,bf4e47656688a4cd49c919967a690e2509fbdc84,DIE FRAUEN,0,0.0
2026-09-20-20-00-02,2026-09-20T18:00:05.200154+00:00,c4a2b6ea69b6d59e61fa101152a9ce0283e30e50,CDU,92027,17.567735247909194
2026-09-20-20-00-02,2026-09-20T18:00:05.200154+00:00,c4a2b6ea69b6d59e61fa101152a9ce0283e30e50,SPD,59222,11.305338833730083
2026-09-20-20-00-02,2026-09-20T18:00:05.200154+00:00,c4a2b6ea69b6d59e61fa101152a9ce0283e30e50,GRÜNE,69791,13.322935776313805
2026-09-20-20-00-02,2026-09-20T18:00:05.200154+00:00,c4a2b6ea69b6d59e61fa101152a9ce0283e30e50,Die Linke,137350,26.219788065462613
2026-09-20-20-00-02,2026-09-20T18:00:05.200154+00:00,c4a2b6ea69b6d59e61fa101152a9ce0283e30e50,AfD,98361,18.776880771073664
2026-09-20-20-00-02,2026-09-20T18:00:05.200154+00:00,c4a2b6ea69b6d59e61fa101152a9ce0283e30e50,FDP,12056,2.3014617030740245
2026-09-20-20-00-02,2026-09-20T18:00:05.200154+00:00,c4a2b6ea69b6d59e61fa101152a9ce0283e30e50,Tierschutzpartei,10577,2.0191241235413036
2026-09-20-20-00-02,2026-09-20T18:00:05.200154+00:00,c4a2b6ea69b6d59e61fa101152a9ce0283e30e50,Die PARTEI,3996,0.7628268883115297
2026-09-20-20-00-02,2026-09-20T18:00:05.200154+00:00,c4a2b6ea69b6d59e61fa101152a9ce0283e30e50,Volt,10080,1.9242480065516063
2026-09-20-20-00-02,2026-09-20T18:00:05.200154+00:00,c4a2b6ea69b6d59e61fa101152a9ce0283e30e50,FREIE WÄHLER,0,0.0
2026-09-20-20-00-02,2026-09-20T18:00:05.200154+00:00,c4a2b6ea69b6d59e61fa101152a9ce0283e30e50,Mieterpartei,0,0.0
2026-09-20-20-00-02,2026-09-20T18:00:05.200154+00:00,c4a2b6ea69b6d59e61fa101152a9ce0283e30e50,Die Urbane.,407,0.07769533121691506
2026-09-20-20-00-02,2026-09-20T18:00:05.200154+00:00,c4a2b6ea69b6d59e61fa101152a9ce0283e30e50,DKP,625,0.1193110123109875
2026-09-20-20-00-02,2026-09-20T18:00:05.200154+00:00,c4a2b6ea69b6d59e61fa101152a9ce0283e30e50,ÖDP,705,0.13458282188679388
2026-09-20-20-00-02,2026-09-20T18:00:05.200154+00:00,c4a2b6ea69b6d59e61fa101152a9ce0283e30e50,Die Heimat,204,0.03894311441830632
2026-09-20-20-00-02,2026-09-20T18:00:05.200154+00:00,c4a2b6ea69b6d59e61fa101152a9ce0283e30e50,bergpartei,18,0.0034361571545564397
2026-09-20-20-00-02,2026-09-20T18:00:05.200154+00:00,c4a2b6ea69b6d59e61fa101152a9ce0283e30e50,SGP,191,0.03646144536223778
2026-09-20-20-00-02,2026-09-20T18:00:05.200154+00:00,c4a2b6ea69b6d59e61fa101152a9ce0283e30e50,Menschliche Welt,0,0.0
2026-09-20-20-00-02,2026-09-20T18:00:05.200154+00:00,c4a2b6ea69b6d59e61fa101152a9ce0283e30e50,AB Spandau,0,0.0
2026-09-20-20-00-02,2026-09-20T18:00:05.200154+00:00,c4a2b6ea69b6d59e61fa101152a9ce0283e30e50,Ausländer für Berlin,0,0.0
2026-09-20-20-00-02,2026-09-20T18:00:05.200154+00:00,c4a2b6ea69b6d59e61fa101152a9ce0283e30e50,Migrants for Neukölln,0,0.0
2026-09-20-20-00-02,2026-09-20T18:00:05.200154+00:00,c4a2b6ea69b6d59e61fa101152a9ce0283e30e50,Berliner:innen ohne Grenzen,0,0.0
2026-09-20-20-00-02,2026-09-20T18:00:05.200154+00:00,c4a2b6ea69b6d59e61fa101152a9ce0283e30e50,Berlin Retten,0,0.0
2026-09-20-20-00-02,2026-09-20T18:00:05.200154+00:00,c4a2b6ea69b6d59e61fa101152a9ce0283e30e50,BSW,26684,5.093912084010224
2026-09-20-20-00-02,2026-09-20T18:00:05.200154+00:00,c4a2b6ea69b6d59e61fa101152a9ce0283e30e50,Losdemokratie,0,0.0
2026-09-20-20-00-02,2026-09-20T18:00:05.200154+00:00,c4a2b6ea69b6d59e61fa101152a9ce0283e30e50,MERA25,0,0.0
2026-09-20-20-00-02,2026-09-20T18:00:05.200154+00:00,c4a2b6ea69b6d59e61fa101152a9ce0283e30e50,PdF,1547,0.2953186176721562
2026-09-20-20-00-02,2026-09-20T18:00:05.200154+00:00,c4a2b6ea69b6d59e61fa101152a9ce0283e30e50,Jan Mihm: Bester Mann,0,0.0
2026-09-20-20-00-02,2026-09-20T18:00:05.200154+00:00,c4a2b6ea69b6d59e61fa101152a9ce0283e30e50,Demokratische Linke,0,0.0
2026-09-20-20-00-02,2026-09-20T18:00:05.200154+00:00,c4a2b6ea69b6d59e61fa101152a9ce0283e30e50,DIE FRAUEN,0,0.0
2026-09-20-20-02-31,2026-09-20T18:02:33.605685+00:00,ab388dc9b90dc8725e70c2cdafd8dc3f12aa1348,CDU,99293,17.656828766477755
2026-09-20-20-02-31,2026-09-20T18:02:33.605685+00:00,ab388dc9b90dc8725e70c2cdafd8dc3f12aa1348,SPD,63787,11.342956064650243
2026-09-20-20-02-31,2026-09-20T18:02:33.605685+00:00,ab388dc9b90dc8725e70c2cdafd8dc3f12aa1348,GRÜNE,75270,13.384926442476113
2026-09-20-20-02-31,2026-09-20T18:02:33.605685+00:00,ab388dc9b90dc8725e70c2cdafd8dc3f12aa1348,Die Linke,146788,26.102651556239987
2026-09-20-20-02-31,2026-09-20T18:02:33.605685+00:00,ab388dc9b90dc8725e70c2cdafd8dc3f12aa1348,AfD,104986,18.66918941795931
2026-09-20-20-02-31,2026-09-20T18:02:33.605685+00:00,ab388dc9b90dc8725e70c2cdafd8dc3f12aa1348,FDP,12992,2.3103090785259686
2026-09-20-20-02-31,2026-09-20T18:02:33.605685+00:00,ab388dc9b90dc8725e70c2cdafd8dc3f12aa1348,Tierschutzpartei,11306,2.010495261839178
2026-09-20-20-02-31,2026-09-20T18:02:33.605685+00:00,ab388dc9b90dc8725e70c2cdafd8dc3f12aa1348,Die PARTEI,4275,0.7602040725599227
2026-09-20-20-02-31,2026-09-20T18:02:33.605685+00:00,ab388dc9b90dc8725e70c2cdafd8dc3f12aa1348,Volt,10890,1.9365198479947505
2026-09-20-20-02-31,2026-09-20T18:02:33.605685+00:00,ab388dc9b90dc8725e70c2cdafd8dc3f12aa1348,FREIE WÄHLER,0,0.0
2026-09-20-20-02-31,2026-09-20T18:02:33.605685+00:00,ab388dc9b90dc8725e70c2cdafd8dc3f12aa1348,Mieterpartei,0,0.0
2026-09-20-20-02-31,2026-09-20T18:02:33.605685+00:00,ab388dc9b90dc8725e70c2cdafd8dc3f12aa1348,Die Urbane.,437,0.07770974963945877
2026-09-20-20-02-31,2026-09-20T18:02:33.605685+00:00,ab388dc9b90dc8725e70c2cdafd8dc3f12aa1348,DKP,684,0.12163265160958764
2026-09-20-20-02-31,2026-09-20T18:02:33.605685+00:00,ab388dc9b90dc8725e70c2cdafd8dc3f12aa1348,ÖDP,763,0.13568086721946693
2026-09-20-20-02-31,2026-09-20T18:02:33.605685+00:00,ab388dc9b90dc8725e70c2cdafd8dc3f12aa1348,Die Heimat,216,0.038410311034606626
2026-09-20-20-02-31,2026-09-20T18:02:33.605685+00:00,ab388dc9b90dc8725e70c2cdafd8dc3f12aa1348,bergpartei,19,0.00337868476693299
2026-09-20-20-02-31,2026-09-20T18:02:33.605685+00:00,ab388dc9b90dc8725e70c2cdafd8dc3f12aa1348,SGP,209,0.03716553243626289
2026-09-20-20-02-31,2026-09-20T18:02:33.605685+00:00,ab388dc9b90dc8725e70c2cdafd8dc3f12aa1348,Menschliche Welt,0,0.0
2026-09-20-20-02-31,2026-09-20T18:02:33.605685+00:00,ab388dc9b90dc8725e70c2cdafd8dc3f12aa1348,AB Spandau,0,0.0
2026-09-20-20-02-31,2026-09-20T18:02:33.605685+00:00,ab388dc9b90dc8725e70c2cdafd8dc3f12aa1348,Ausländer für Berlin,0,0.0
2026-09-20-20-02-31,2026-09-20T18:02:33.605685+00:00,ab388dc9b90dc8725e70c2cdafd8dc3f12aa1348,Migrants for Neukölln,0,0.0
2026-09-20-20-02-31,2026-09-20T18:02:33.605685+00:00,ab388dc9b90dc8725e70c2cdafd8dc3f12aa1348,Berliner:innen ohne Grenzen,0,0.0
2026-09-20-20-02-31,2026-09-20T18:02:33.605685+00:00,ab388dc9b90dc8725e70c2cdafd8dc3f12aa1348,Berlin Retten,0,0.0
2026-09-20-20-02-31,2026-09-20T18:02:33.605685+00:00,ab388dc9b90dc8725e70c2cdafd8dc3f12aa1348,BSW,28775,5.116929166762989
2026-09-20-20-02-31,2026-09-20T18:02:33.605685+00:00,ab388dc9b90dc8725e70c2cdafd8dc3f12aa1348,Losdemokratie,0,0.0
2026-09-20-20-02-31,2026-09-20T18:02:33.605685+00:00,ab388dc9b90dc8725e70c2cdafd8dc3f12aa1348,MERA25,0,0.0
2026-09-20-20-02-31,2026-09-20T18:02:33.605685+00:00,ab388dc9b90dc8725e70c2cdafd8dc3f12aa1348,PdF,1659,0.2950125278074648
2026-09-20-20-02-31,2026-09-20T18:02:33.605685+00:00,ab388dc9b90dc8725e70c2cdafd8dc3f12aa1348,Jan Mihm: Bester Mann,0,0.0
2026-09-20-20-02-31,2026-09-20T18:02:33.605685+00:00,ab388dc9b90dc8725e70c2cdafd8dc3f12aa1348,Demokratische Linke,0,0.0
2026-09-20-20-02-31,2026-09-20T18:02:33.605685+00:00,ab388dc9b90dc8725e70c2cdafd8dc3f12aa1348,DIE FRAUEN,0,0.0
2026-09-20-20-05-01,2026-09-20T18:05:03.769920+00:00,387fb2dd71dfde5fa26f1d9990659c7cd8526142,CDU,106437,17.738435693858367
2026-09-20-20-05-01,2026-09-20T18:05:03.769920+00:00,387fb2dd71dfde5fa26f1d9990659c7cd8526142,SPD,68078,11.345652594177682
2026-09-20-20-05-01,2026-09-20T18:05:03.769920+00:00,387fb2dd71dfde5fa26f1d9990659c7cd8526142,GRÜNE,79843,13.306368284569592
2026-09-20-20-05-01,2026-09-20T18:05:03.769920+00:00,387fb2dd71dfde5fa26f1d9990659c7cd8526142,Die Linke,156772,26.12709904072422
2026-09-20-20-05-01,2026-09-20T18:05:03.769920+00:00,387fb2dd71dfde5fa26f1d9990659c7cd8526142,AfD,111533,18.587718070249117
2026-09-20-20-05-01,2026-09-20T18:05:03.769920+00:00,387fb2dd71dfde5fa26f1d9990659c7cd8526142,FDP,13982,2.33019352172203
2026-09-20-20-05-01,2026-09-20T18:05:03.769920+00:00,387fb2dd71dfde5fa26f1d9990659c7cd8526142,Tierschutzpartei,12148,2.024545193955029
2026-09-20-20-05-01,2026-09-20T18:05:03.769920+00:00,387fb2dd71dfde5fa26f1d9990659c7cd8526142,Die PARTEI,4570,0.7616209694085021
2026-09-20-20-05-01,2026-09-20T18:05:03.769920+00:00,387fb2dd71dfde5fa26f1d9990659c7cd8526142,Volt,11595,1.9323840569565827
2026-09-20-20-05-01,2026-09-20T18:05:03.769920+00:00,387fb2dd71dfde5fa26f1d9990659c7cd8526142,FREIE WÄHLER,0,0.0
2026-09-20-20-05-01,2026-09-20T18:05:03.769920+00:00,387fb2dd71dfde5fa26f1d9990659c7cd8526142,Mieterpartei,0,0.0
2026-09-20-20-05-01,2026-09-20T18:05:03.769920+00:00,387fb2dd71dfde5fa26f1d9990659c7cd8526142,Die Urbane.,475,0.07916191695164956
2026-09-20-20-05-01,2026-09-20T18:05:03.769920+00:00,387fb2dd71dfde5fa26f1d9990659c7cd8526142,DKP,721,0.12015945709924071
2026-09-20-20-05-01,2026-09-20T18:05:03.769920+00:00,387fb2dd71dfde5fa26f1d9990659c7cd8526142,ÖDP,813,0.13549187048777073
2026-09-20-20-05-01,2026-09-20T18:05:03.769920+00:00,387fb2dd71dfde5fa26f1d9990659c7cd8526142,Die Heimat,231,0.03849769013859169
2026-09-20-20-05-01,2026-09-20T18:05:03.769920+00:00,387fb2dd71dfde5fa26f1d9990659c7cd8526142,bergpartei,21,0.003499790012599244
2026-09-20-20-05-01,2026-09-20T18:05:03.769920+00:00,387fb2dd71dfde5fa26f1d9990659c7cd8526142,SGP,218,0.036331153464125486
2026-09-20-20-05-01,2026-09-20T18:05:03.769920+00:00,387fb2dd71dfde5fa26f1d9990659c7cd8526142,Menschliche Welt,0,0.0
2026-09-20-20-05-01,2026-09-20T18:05:03.769920+00:00,387fb2dd71dfde5fa26f1d9990659c7cd8526142,AB Spandau,0,0.0
2026-09-20-20-05-01,2026-09-20T18:05:03.769920+00:00,387fb2dd71dfde5fa26f1d9990659c7cd8526142,Ausländer für Berlin,0,0.0
2026-09-20-20-05-01,2026-09-20T18:05:03.769920+00:00,387fb2dd71dfde5fa26f1d9990659c7cd8526142,Migrants for Neukölln,0,0.0
2026-09-20-20-05-01,2026-09-20T18:05:03.769920+00:00,387fb2dd71dfde5fa26f1d9990659c7cd8526142,Berliner:innen ohne Grenzen,0,0.0
2026-09-20-20-05-01,2026-09-20T18:05:03.769920+00:00,387fb2dd71dfde5fa26f1d9990659c7cd8526142,Berlin Retten,0,0.0
2026-09-20-20-05-01,2026-09-20T18:05:03.769920+00:00,387fb2dd71dfde5fa26f1d9990659c7cd8526142,BSW,30783,5.130192188468692
2026-09-20-20-05-01,2026-09-20T18:05:03.769920+00:00,387fb2dd71dfde5fa26f1d9990659c7cd8526142,Losdemokratie,0,0.0
2026-09-20-20-05-01,2026-09-20T18:05:03.769920+00:00,387fb2dd71dfde5fa26f1d9990659c7cd8526142,MERA25,0,0.0
2026-09-20-20-05-01,2026-09-20T18:05:03.769920+00:00,387fb2dd71dfde5fa26f1d9990659c7cd8526142,PdF,1816,0.3026485077562013
2026-09-20-20-05-01,2026-09-20T18:05:03.769920+00:00,387fb2dd71dfde5fa26f1d9990659c7cd8526142,Jan Mihm: Bester Mann,0,0.0
2026-09-20-20-05-01,2026-09-20T18:05:03.769920+00:00,387fb2dd71dfde5fa26f1d9990659c7cd8526142,Demokratische Linke,0,0.0
2026-09-20-20-05-01,2026-09-20T18:05:03.769920+00:00,387fb2dd71dfde5fa26f1d9990659c7cd8526142,DIE FRAUEN,0,0.0
2026-09-20-20-07-30,2026-09-20T18:07:33.389465+00:00,42a3d0a29f37fd0ef5facfd0e9f890f585694e54,CDU,113090,17.78027237195028
2026-09-20-20-07-30,2026-09-20T18:07:33.389465+00:00,42a3d0a29f37fd0ef5facfd0e9f890f585694e54,SPD,72476,11.39484499451294
2026-09-20-20-07-30,2026-09-20T18:07:33.389465+00:00,42a3d0a29f37fd0ef5facfd0e9f890f585694e54,GRÜNE,84906,13.349118454441689
2026-09-20-20-07-30,2026-09-20T18:07:33.389465+00:00,42a3d0a29f37fd0ef5facfd0e9f890f585694e54,Die Linke,166537,26.1833338050003
2026-09-20-20-07-30,2026-09-20T18:07:33.389465+00:00,42a3d0a29f37fd0ef5facfd0e9f890f585694e54,AfD,116994,18.394068316243267
2026-09-20-20-07-30,2026-09-20T18:07:33.389465+00:00,42a3d0a29f37fd0ef5facfd0e9f890f585694e54,FDP,14890,2.3410403715477908
2026-09-20-20-07-30,2026-09-20T18:07:33.389465+00:00,42a3d0a29f37fd0ef5facfd0e9f890f585694e54,Tierschutzpartei,12921,2.031469619930759
2026-09-20-20-07-30,2026-09-20T18:07:33.389465+00:00,42a3d0a29f37fd0ef5facfd0e9f890f585694e54,Die PARTEI,4857,0.7636288169649174
2026-09-20-20-07-30,2026-09-20T18:07:33.389465+00:00,42a3d0a29f37fd0ef5facfd0e9f890f585694e54,Volt,12349,1.9415384518632417
2026-09-20-20-07-30,2026-09-20T18:07:33.389465+00:00,42a3d0a29f37fd0ef5facfd0e9f890f585694e54,FREIE WÄHLER,0,0.0
2026-09-20-20-07-30,2026-09-20T18:07:33.389465+00:00,42a3d0a29f37fd0ef5facfd0e9f890f585694e54,Mieterpartei,0,0.0
2026-09-20-20-07-30,2026-09-20T18:07:33.389465+00:00,42a3d0a29f37fd0ef5facfd0e9f890f585694e54,Die Urbane.,498,0.07829671625458696
2026-09-20-20-07-30,2026-09-20T18:07:33.389465+00:00,42a3d0a29f37fd0ef5facfd0e9f890f585694e54,DKP,767,0.12058952081780763
2026-09-20-20-07-30,2026-09-20T18:07:33.389465+00:00,42a3d0a29f37fd0ef5facfd0e9f890f585694e54,ÖDP,859,0.13505397442307268
2026-09-20-20-07-30,2026-09-20T18:07:33.389465+00:00,42a3d0a29f37fd0ef5facfd0e9f890f585694e54,Die Heimat,240,0.037733357231126245
2026-09-20-20-07-30,2026-09-20T18:07:33.389465+00:00,42a3d0a29f37fd0ef5facfd0e9f890f585694e54,bergpartei,21,0.0033016687577235465
2026-09-20-20-07-30,2026-09-20T18:07:33.389465+00:00,42a3d0a29f37fd0ef5facfd0e9f890f585694e54,SGP,225,0.035375022404180854
2026-09-20-20-07-30,2026-09-20T18:07:33.389465+00:00,42a3d0a29f37fd0ef5facfd0e9f890f585694e54,Menschliche Welt,0,0.0
2026-09-20-20-07-30,2026-09-20T18:07:33.389465+00:00,42a3d0a29f37fd0ef5facfd0e9f890f585694e54,AB Spandau,0,0.0
2026-09-20-20-07-30,2026-09-20T18:07:33.389465+00:00,42a3d0a29f37fd0ef5facfd0e9f890f585694e54,Ausländer für Berlin,0,0.0
2026-09-20-20-07-30,2026-09-20T18:07:33.389465+00:00,42a3d0a29f37fd0ef5facfd0e9f890f585694e54,Migrants for Neukölln,0,0.0
2026-09-20-20-07-30,2026-09-20T18:07:33.389465+00:00,42a3d0a29f37fd0ef5facfd0e9f890f585694e54,Berliner:innen ohne Grenzen,0,0.0
2026-09-20-20-07-30,2026-09-20T18:07:33.389465+00:00,42a3d0a29f37fd0ef5facfd0e9f890f585694e54,Berlin Retten,0,0.0
2026-09-20-20-07-30,2026-09-20T18:07:33.389465+00:00,42a3d0a29f37fd0ef5facfd0e9f890f585694e54,BSW,32478,5.10626656730216
2026-09-20-20-07-30,2026-09-20T18:07:33.389465+00:00,42a3d0a29f37fd0ef5facfd0e9f890f585694e54,Losdemokratie,0,0.0
2026-09-20-20-07-30,2026-09-20T18:07:33.389465+00:00,42a3d0a29f37fd0ef5facfd0e9f890f585694e54,MERA25,0,0.0
2026-09-20-20-07-30,2026-09-20T18:07:33.389465+00:00,42a3d0a29f37fd0ef5facfd0e9f890f585694e54,PdF,1934,0.304067970354159
2026-09-20-20-07-30,2026-09-20T18:07:33.389465+00:00,42a3d0a29f37fd0ef5facfd0e9f890f585694e54,Jan Mihm: Bester Mann,0,0.0
2026-09-20-20-07-30,2026-09-20T18:07:33.389465+00:00,42a3d0a29f37fd0ef5facfd0e9f890f585694e54,Demokratische Linke,0,0.0
2026-09-20-20-07-30,2026-09-20T18:07:33.389465+00:00,42a3d0a29f37fd0ef5facfd0e9f890f585694e54,DIE FRAUEN,0,0.0
2026-09-20-20-10-01,2026-09-20T18:10:04.126538+00:00,3ca14e9a119413555fa86228124beab068266d74,CDU,121614,17.84002159332954
2026-09-20-20-10-01,2026-09-20T18:10:04.126538+00:00,3ca14e9a119413555fa86228124beab068266d74,SPD,78080,11.45385305973959
2026-09-20-20-10-01,2026-09-20T18:10:04.126538+00:00,3ca14e9a119413555fa86228124beab068266d74,GRÜNE,91213,13.380382929534159
2026-09-20-20-10-01,2026-09-20T18:10:04.126538+00:00,3ca14e9a119413555fa86228124beab068266d74,Die Linke,178568,26.19482112156223
2026-09-20-20-10-01,2026-09-20T18:10:04.126538+00:00,3ca14e9a119413555fa86228124beab068266d74,AfD,124180,18.216437922111453
2026-09-20-20-10-01,2026-09-20T18:10:04.126538+00:00,3ca14e9a119413555fa86228124beab068266d74,FDP,16030,2.351501851275943
2026-09-20-20-10-01,2026-09-20T18:10:04.126538+00:00,3ca14e9a119413555fa86228124beab068266d74,Tierschutzpartei,13851,2.031856028822401
2026-09-20-20-10-01,2026-09-20T18:10:04.126538+00:00,3ca14e9a119413555fa86228124beab068266d74,Die PARTEI,5174,0.7589937977855101
2026-09-20-20-10-01,2026-09-20T18:10:04.126538+00:00,3ca14e9a119413555fa86228124beab068266d74,Volt,13293,1.9500008801628888
2026-09-20-20-10-01,2026-09-20T18:10:04.126538+00:00,3ca14e9a119413555fa86228124beab068266d74,FREIE WÄHLER,0,0.0
2026-09-20-20-10-01,2026-09-20T18:10:04.126538+00:00,3ca14e9a119413555fa86228124beab068266d74,Mieterpartei,0,0.0
2026-09-20-20-10-01,2026-09-20T18:10:04.126538+00:00,3ca14e9a119413555fa86228124beab068266d74,Die Urbane.,530,0.07774772184505613
2026-09-20-20-10-01,2026-09-20T18:10:04.126538+00:00,3ca14e9a119413555fa86228124beab068266d74,DKP,819,0.12014223432283201
2026-09-20-20-10-01,2026-09-20T18:10:04.126538+00:00,3ca14e9a119413555fa86228124beab068266d74,ÖDP,934,0.13701202302506116
2026-09-20-20-10-01,2026-09-20T18:10:04.126538+00:00,3ca14e9a119413555fa86228124beab068266d74,Die Heimat,251,0.03682014751530017
2026-09-20-20-10-01,2026-09-20T18:10:04.126538+00:00,3ca14e9a119413555fa86228124beab068266d74,bergpartei,21,0.0030805701108418465
2026-09-20-20-10-01,2026-09-20T18:10:04.126538+00:00,3ca14e9a119413555fa86228124beab068266d74,SGP,242,0.03549990318208223
2026-09-20-20-10-01,2026-09-20T18:10:04.126538+00:00,3ca14e9a119413555fa86228124beab068266d74,Menschliche Welt,0,0.0
2026-09-20-20-10-01,2026-09-20T18:10:04.126538+00:00,3ca14e9a119413555fa86228124beab068266d74,AB Spandau,0,0.0
2026-09-20-20-10-01,2026-09-20T18:10:04.126538+00:00,3ca14e9a119413555fa86228124beab068266d74,Ausländer für Berlin,0,0.0
2026-09-20-20-10-01,2026-09-20T18:10:04.126538+00:00,3ca14e9a119413555fa86228124beab068266d74,Migrants for Neukölln,0,0.0
2026-09-20-20-10-01,2026-09-20T18:10:04.126538+00:00,3ca14e9a119413555fa86228124beab068266d74,Berliner:innen ohne Grenzen,0,0.0
2026-09-20-20-10-01,2026-09-20T18:10:04.126538+00:00,3ca14e9a119413555fa86228124beab068266d74,Berlin Retten,0,0.0
2026-09-20-20-10-01,2026-09-20T18:10:04.126538+00:00,3ca14e9a119413555fa86228124beab068266d74,BSW,34812,5.10670508088697
2026-09-20-20-10-01,2026-09-20T18:10:04.126538+00:00,3ca14e9a119413555fa86228124beab068266d74,Losdemokratie,0,0.0
2026-09-20-20-10-01,2026-09-20T18:10:04.126538+00:00,3ca14e9a119413555fa86228124beab068266d74,MERA25,0,0.0
2026-09-20-20-10-01,2026-09-20T18:10:04.126538+00:00,3ca14e9a119413555fa86228124beab068266d74,PdF,2080,0.3051231347881448
2026-09-20-20-10-01,2026-09-20T18:10:04.126538+00:00,3ca14e9a119413555fa86228124beab068266d74,Jan Mihm: Bester Mann,0,0.0
2026-09-20-20-10-01,2026-09-20T18:10:04.126538+00:00,3ca14e9a119413555fa86228124beab068266d74,Demokratische Linke,0,0.0
2026-09-20-20-10-01,2026-09-20T18:10:04.126538+00:00,3ca14e9a119413555fa86228124beab068266d74,DIE FRAUEN,0,0.0
2026-09-20-20-12-31,2026-09-20T18:12:33.696975+00:00,e927eebe82c07587da7dbbf5a9312c5ca34cd1d3,CDU,130680,17.990905423842218
2026-09-20-20-12-31,2026-09-20T18:12:33.696975+00:00,e927eebe82c07587da7dbbf5a9312c5ca34cd1d3,SPD,83777,11.53370128323561
2026-09-20-20-12-31,2026-09-20T18:12:33.696975+00:00,e927eebe82c07587da7dbbf5a9312c5ca34cd1d3,GRÜNE,97746,13.456833804399153
2026-09-20-20-12-31,2026-09-20T18:12:33.696975+00:00,e927eebe82c07587da7dbbf5a9312c5ca34cd1d3,Die Linke,189349,26.067951875567033
2026-09-20-20-12-31,2026-09-20T18:12:33.696975+00:00,e927eebe82c07587da7dbbf5a9312c5ca34cd1d3,AfD,130961,18.029591102018678
2026-09-20-20-12-31,2026-09-20T18:12:33.696975+00:00,e927eebe82c07587da7dbbf5a9312c5ca34cd1d3,FDP,17353,2.389012716712075
2026-09-20-20-12-31,2026-09-20T18:12:33.696975+00:00,e927eebe82c07587da7dbbf5a9312c5ca34cd1d3,Tierschutzpartei,14710,2.025147067529224
2026-09-20-20-12-31,2026-09-20T18:12:33.696975+00:00,e927eebe82c07587da7dbbf5a9312c5ca34cd1d3,Die PARTEI,5486,0.7552655888827549
2026-09-20-20-12-31,2026-09-20T18:12:33.696975+00:00,e927eebe82c07587da7dbbf5a9312c5ca34cd1d3,Volt,14265,1.963883271128782
2026-09-20-20-12-31,2026-09-20T18:12:33.696975+00:00,e927eebe82c07587da7dbbf5a9312c5ca34cd1d3,FREIE WÄHLER,0,0.0
2026-09-20-20-12-31,2026-09-20T18:12:33.696975+00:00,e927eebe82c07587da7dbbf5a9312c5ca34cd1d3,Mieterpartei,0,0.0
2026-09-20-20-12-31,2026-09-20T18:12:33.696975+00:00,e927eebe82c07587da7dbbf5a9312c5ca34cd1d3,Die Urbane.,548,0.07544395601672432
2026-09-20-20-12-31,2026-09-20T18:12:33.696975+00:00,e927eebe82c07587da7dbbf5a9312c5ca34cd1d3,DKP,867,0.11936114939142334
2026-09-20-20-12-31,2026-09-20T18:12:33.696975+00:00,e927eebe82c07587da7dbbf5a9312c5ca34cd1d3,ÖDP,989,0.13615706660682547
2026-09-20-20-12-31,2026-09-20T18:12:33.696975+00:00,e927eebe82c07587da7dbbf5a9312c5ca34cd1d3,Die Heimat,258,0.03551923476699795
2026-09-20-20-12-31,2026-09-20T18:12:33.696975+00:00,e927eebe82c07587da7dbbf5a9312c5ca34cd1d3,bergpartei,23,0.0031664434094610576
2026-09-20-20-12-31,2026-09-20T18:12:33.696975+00:00,e927eebe82c07587da7dbbf5a9312c5ca34cd1d3,SGP,259,0.035656906219583215
2026-09-20-20-12-31,2026-09-20T18:12:33.696975+00:00,e927eebe82c07587da7dbbf5a9312c5ca34cd1d3,Menschliche Welt,0,0.0
2026-09-20-20-12-31,2026-09-20T18:12:33.696975+00:00,e927eebe82c07587da7dbbf5a9312c5ca34cd1d3,AB Spandau,0,0.0
2026-09-20-20-12-31,2026-09-20T18:12:33.696975+00:00,e927eebe82c07587da7dbbf5a9312c5ca34cd1d3,Ausländer für Berlin,0,0.0
2026-09-20-20-12-31,2026-09-20T18:12:33.696975+00:00,e927eebe82c07587da7dbbf5a9312c5ca34cd1d3,Migrants for Neukölln,0,0.0
2026-09-20-20-12-31,2026-09-20T18:12:33.696975+00:00,e927eebe82c07587da7dbbf5a9312c5ca34cd1d3,Berliner:innen ohne Grenzen,0,0.0
2026-09-20-20-12-31,2026-09-20T18:12:33.696975+00:00,e927eebe82c07587da7dbbf5a9312c5ca34cd1d3,Berlin Retten,0,0.0
2026-09-20-20-12-31,2026-09-20T18:12:33.696975+00:00,e927eebe82c07587da7dbbf5a9312c5ca34cd1d3,BSW,36865,5.075258099555734
2026-09-20-20-12-31,2026-09-20T18:12:33.696975+00:00,e927eebe82c07587da7dbbf5a9312c5ca34cd1d3,Losdemokratie,0,0.0
2026-09-20-20-12-31,2026-09-20T18:12:33.696975+00:00,e927eebe82c07587da7dbbf5a9312c5ca34cd1d3,MERA25,0,0.0
2026-09-20-20-12-31,2026-09-20T18:12:33.696975+00:00,e927eebe82c07587da7dbbf5a9312c5ca34cd1d3,PdF,2231,0.3071450107177226
2026-09-20-20-12-31,2026-09-20T18:12:33.696975+00:00,e927eebe82c07587da7dbbf5a9312c5ca34cd1d3,Jan Mihm: Bester Mann,0,0.0
2026-09-20-20-12-31,2026-09-20T18:12:33.696975+00:00,e927eebe82c07587da7dbbf5a9312c5ca34cd1d3,Demokratische Linke,0,0.0
2026-09-20-20-12-31,2026-09-20T18:12:33.696975+00:00,e927eebe82c07587da7dbbf5a9312c5ca34cd1d3,DIE FRAUEN,0,0.0
2026-09-20-20-15-04,2026-09-20T18:15:07.046175+00:00,e0e484cbe7bf75b30c0bb5ce6b93010c087ae888,CDU,138145,18.051138249413953
2026-09-20-20-15-04,2026-09-20T18:15:07.046175+00:00,e0e484cbe7bf75b30c0bb5ce6b93010c087ae888,SPD,88675,11.58698964325008
2026-09-20-20-15-04,2026-09-20T18:15:07.046175+00:00,e0e484cbe7bf75b30c0bb5ce6b93010c087ae888,GRÜNE,103104,13.472398987061249
2026-09-20-20-15-04,2026-09-20T18:15:07.046175+00:00,e0e484cbe7bf75b30c0bb5ce6b93010c087ae888,Die Linke,199511,26.069714019898132
2026-09-20-20-15-04,2026-09-20T18:15:07.046175+00:00,e0e484cbe7bf75b30c0bb5ce6b93010c087ae888,AfD,136977,17.898517962937312
2026-09-20-20-15-04,2026-09-20T18:15:07.046175+00:00,e0e484cbe7bf75b30c0bb5ce6b93010c087ae888,FDP,18296,2.39070270665806
2026-09-20-20-15-04,2026-09-20T18:15:07.046175+00:00,e0e484cbe7bf75b30c0bb5ce6b93010c087ae888,Tierschutzpartei,15557,2.0328029081481986
2026-09-20-20-15-04,2026-09-20T18:15:07.046175+00:00,e0e484cbe7bf75b30c0bb5ce6b93010c087ae888,Die PARTEI,5722,0.74768260207135
2026-09-20-20-15-04,2026-09-20T18:15:07.046175+00:00,e0e484cbe7bf75b30c0bb5ce6b93010c087ae888,Volt,15047,1.9661622008681585
2026-09-20-20-15-04,2026-09-20T18:15:07.046175+00:00,e0e484cbe7bf75b30c0bb5ce6b93010c087ae888,FREIE WÄHLER,0,0.0
2026-09-20-20-15-04,2026-09-20T18:15:07.046175+00:00,e0e484cbe7bf75b30c0bb5ce6b93010c087ae888,Mieterpartei,0,0.0
2026-09-20-20-15-04,2026-09-20T18:15:07.046175+00:00,e0e484cbe7bf75b30c0bb5ce6b93010c087ae888,Die Urbane.,580,0.07578747102435913
2026-09-20-20-15-04,2026-09-20T18:15:07.046175+00:00,e0e484cbe7bf75b30c0bb5ce6b93010c087ae888,DKP,910,0.11890792867614969
2026-09-20-20-15-04,2026-09-20T18:15:07.046175+00:00,e0e484cbe7bf75b30c0bb5ce6b93010c087ae888,ÖDP,1050,0.1372014561647881
2026-09-20-20-15-04,2026-09-20T18:15:07.046175+00:00,e0e484cbe7bf75b30c0bb5ce6b93010c087ae888,Die Heimat,274,0.03580304665633518
2026-09-20-20-15-04,2026-09-20T18:15:07.046175+00:00,e0e484cbe7bf75b30c0bb5ce6b93010c087ae888,bergpartei,25,0.0032667013372568595
2026-09-20-20-15-04,2026-09-20T18:15:07.046175+00:00,e0e484cbe7bf75b30c0bb5ce6b93010c087ae888,SGP,271,0.03541104249586435
2026-09-20-20-15-04,2026-09-20T18:15:07.046175+00:00,e0e484cbe7bf75b30c0bb5ce6b93010c087ae888,Menschliche Welt,0,0.0
2026-09-20-20-15-04,2026-09-20T18:15:07.046175+00:00,e0e484cbe7bf75b30c0bb5ce6b93010c087ae888,AB Spandau,0,0.0
2026-09-20-20-15-04,2026-09-20T18:15:07.046175+00:00,e0e484cbe7bf75b30c0bb5ce6b93010c087ae888,Ausländer für Berlin,0,0.0
2026-09-20-20-15-04,2026-09-20T18:15:07.046175+00:00,e0e484cbe7bf75b30c0bb5ce6b93010c087ae888,Migrants for Neukölln,0,0.0
2026-09-20-20-15-04,2026-09-20T18:15:07.046175+00:00,e0e484cbe7bf75b30c0bb5ce6b93010c087ae888,Berliner:innen ohne Grenzen,0,0.0
2026-09-20-20-15-04,2026-09-20T18:15:07.046175+00:00,e0e484cbe7bf75b30c0bb5ce6b93010c087ae888,Berlin Retten,0,0.0
2026-09-20-20-15-04,2026-09-20T18:15:07.046175+00:00,e0e484cbe7bf75b30c0bb5ce6b93010c087ae888,BSW,38792,5.068875130994724
2026-09-20-20-15-04,2026-09-20T18:15:07.046175+00:00,e0e484cbe7bf75b30c0bb5ce6b93010c087ae888,Losdemokratie,0,0.0
2026-09-20-20-15-04,2026-09-20T18:15:07.046175+00:00,e0e484cbe7bf75b30c0bb5ce6b93010c087ae888,MERA25,0,0.0
2026-09-20-20-15-04,2026-09-20T18:15:07.046175+00:00,e0e484cbe7bf75b30c0bb5ce6b93010c087ae888,PdF,2362,0.3086379423440281
2026-09-20-20-15-04,2026-09-20T18:15:07.046175+00:00,e0e484cbe7bf75b30c0bb5ce6b93010c087ae888,Jan Mihm: Bester Mann,0,0.0
2026-09-20-20-15-04,2026-09-20T18:15:07.046175+00:00,e0e484cbe7bf75b30c0bb5ce6b93010c087ae888,Demokratische Linke,0,0.0
2026-09-20-20-15-04,2026-09-20T18:15:07.046175+00:00,e0e484cbe7bf75b30c0bb5ce6b93010c087ae888,DIE FRAUEN,0,0.0
2026-09-20-20-18-01,2026-09-20T18:18:03.806157+00:00,4eeb7616b51702ac854b4c044a931d4c085e8ae6,CDU,146527,18.133205619886667
2026-09-20-20-18-01,2026-09-20T18:18:03.806157+00:00,4eeb7616b51702ac854b4c044a931d4c085e8ae6,SPD,93747,11.601504345598526
2026-09-20-20-18-01,2026-09-20T18:18:03.806157+00:00,4eeb7616b51702ac854b4c044a931d4c085e8ae6,GRÜNE,109540,13.555940840953445
2026-09-20-20-18-01,2026-09-20T18:18:03.806157+00:00,4eeb7616b51702ac854b4c044a931d4c085e8ae6,Die Linke,210749,26.08089260808926
2026-09-20-20-18-01,2026-09-20T18:18:03.806157+00:00,4eeb7616b51702ac854b4c044a931d4c085e8ae6,AfD,143173,17.71813691822008
2026-09-20-20-18-01,2026-09-20T18:18:03.806157+00:00,4eeb7616b51702ac854b4c044a931d4c085e8ae6,FDP,19412,2.402299832066718
2026-09-20-20-18-01,2026-09-20T18:18:03.806157+00:00,4eeb7616b51702ac854b4c044a931d4c085e8ae6,Tierschutzpartei,16473,2.0385887664143336
2026-09-20-20-18-01,2026-09-20T18:18:03.806157+00:00,4eeb7616b51702ac854b4c044a931d4c085e8ae6,Die PARTEI,6021,0.7451188588952045
2026-09-20-20-18-01,2026-09-20T18:18:03.806157+00:00,4eeb7616b51702ac854b4c044a931d4c085e8ae6,Volt,15913,1.9692868961301093
2026-09-20-20-18-01,2026-09-20T18:18:03.806157+00:00,4eeb7616b51702ac854b4c044a931d4c085e8ae6,FREIE WÄHLER,0,0.0
2026-09-20-20-18-01,2026-09-20T18:18:03.806157+00:00,4eeb7616b51702ac854b4c044a931d4c085e8ae6,Mieterpartei,0,0.0
2026-09-20-20-18-01,2026-09-20T18:18:03.806157+00:00,4eeb7616b51702ac854b4c044a931d4c085e8ae6,Die Urbane.,612,0.07573704395347369
2026-09-20-20-18-01,2026-09-20T18:18:03.806157+00:00,4eeb7616b51702ac854b4c044a931d4c085e8ae6,DKP,948,0.11731816612400828
2026-09-20-20-18-01,2026-09-20T18:18:03.806157+00:00,4eeb7616b51702ac854b4c044a931d4c085e8ae6,ÖDP,1109,0.13724245383072275
2026-09-20-20-18-01,2026-09-20T18:18:03.806157+00:00,4eeb7616b51702ac854b4c044a931d4c085e8ae6,Die Heimat,286,0.0353934551808717
2026-09-20-20-18-01,2026-09-20T18:18:03.806157+00:00,4eeb7616b51702ac854b4c044a931d4c085e8ae6,bergpartei,28,0.0034650935142112147
2026-09-20-20-18-01,2026-09-20T18:18:03.806157+00:00,4eeb7616b51702ac854b4c044a931d4c085e8ae6,SGP,283,0.03502219516149192
2026-09-20-20-18-01,2026-09-20T18:18:03.806157+00:00,4eeb7616b51702ac854b4c044a931d4c085e8ae6,Menschliche Welt,0,0.0
2026-09-20-20-18-01,2026-09-20T18:18:03.806157+00:00,4eeb7616b51702ac854b4c044a931d4c085e8ae6,AB Spandau,0,0.0
2026-09-20-20-18-01,2026-09-20T18:18:03.806157+00:00,4eeb7616b51702ac854b4c044a931d4c085e8ae6,Ausländer für Berlin,0,0.0
2026-09-20-20-18-01,2026-09-20T18:18:03.806157+00:00,4eeb7616b51702ac854b4c044a931d4c085e8ae6,Migrants for Neukölln,0,0.0
2026-09-20-20-18-01,2026-09-20T18:18:03.806157+00:00,4eeb7616b51702ac854b4c044a931d4c085e8ae6,Berliner:innen ohne Grenzen,0,0.0
2026-09-20-20-18-01,2026-09-20T18:18:03.806157+00:00,4eeb7616b51702ac854b4c044a931d4c085e8ae6,Berlin Retten,0,0.0
2026-09-20-20-18-01,2026-09-20T18:18:03.806157+00:00,4eeb7616b51702ac854b4c044a931d4c085e8ae6,BSW,40733,5.040844789798765
2026-09-20-20-18-01,2026-09-20T18:18:03.806157+00:00,4eeb7616b51702ac854b4c044a931d4c085e8ae6,Losdemokratie,0,0.0
2026-09-20-20-18-01,2026-09-20T18:18:03.806157+00:00,4eeb7616b51702ac854b4c044a931d4c085e8ae6,MERA25,0,0.0
2026-09-20-20-18-01,2026-09-20T18:18:03.806157+00:00,4eeb7616b51702ac854b4c044a931d4c085e8ae6,PdF,2505,0.3100021161821105
2026-09-20-20-18-01,2026-09-20T18:18:03.806157+00:00,4eeb7616b51702ac854b4c044a931d4c085e8ae6,Jan Mihm: Bester Mann,0,0.0
2026-09-20-20-18-01,2026-09-20T18:18:03.806157+00:00,4eeb7616b51702ac854b4c044a931d4c085e8ae6,Demokratische Linke,0,0.0
2026-09-20-20-18-01,2026-09-20T18:18:03.806157+00:00,4eeb7616b51702ac854b4c044a931d4c085e8ae6,DIE FRAUEN,0,0.0
2026-09-20-20-20-31,2026-09-20T18:20:33.919190+00:00,08d2cc44796b762de67afa4d7560cdfa3b2dae4f,CDU,153381,18.18105309074702
2026-09-20-20-20-31,2026-09-20T18:20:33.919190+00:00,08d2cc44796b762de67afa4d7560cdfa3b2dae4f,SPD,98310,11.653199088226962
2026-09-20-20-20-31,2026-09-20T18:20:33.919190+00:00,08d2cc44796b762de67afa4d7560cdfa3b2dae4f,GRÜNE,114616,13.586034652591003
2026-09-20-20-20-31,2026-09-20T18:20:33.919190+00:00,08d2cc44796b762de67afa4d7560cdfa3b2dae4f,Die Linke,220393,26.124336350845333
2026-09-20-20-20-31,2026-09-20T18:20:33.919190+00:00,08d2cc44796b762de67afa4d7560cdfa3b2dae4f,AfD,148087,17.55352754936696
2026-09-20-20-20-31,2026-09-20T18:20:33.919190+00:00,08d2cc44796b762de67afa4d7560cdfa3b2dae4f,FDP,20332,2.4100584260180105
2026-09-20-20-20-31,2026-09-20T18:20:33.919190+00:00,08d2cc44796b762de67afa4d7560cdfa3b2dae4f,Tierschutzpartei,17222,2.041413840885411
2026-09-20-20-20-31,2026-09-20T18:20:33.919190+00:00,08d2cc44796b762de67afa4d7560cdfa3b2dae4f,Die PARTEI,6254,0.7413193683020183
2026-09-20-20-20-31,2026-09-20T18:20:33.919190+00:00,08d2cc44796b762de67afa4d7560cdfa3b2dae4f,Volt,16591,1.9666181067314976
2026-09-20-20-20-31,2026-09-20T18:20:33.919190+00:00,08d2cc44796b762de67afa4d7560cdfa3b2dae4f,FREIE WÄHLER,0,0.0
2026-09-20-20-20-31,2026-09-20T18:20:33.919190+00:00,08d2cc44796b762de67afa4d7560cdfa3b2dae4f,Mieterpartei,0,0.0
2026-09-20-20-20-31,2026-09-20T18:20:33.919190+00:00,08d2cc44796b762de67afa4d7560cdfa3b2dae4f,Die Urbane.,637,0.07550694557217551
2026-09-20-20-20-31,2026-09-20T18:20:33.919190+00:00,08d2cc44796b762de67afa4d7560cdfa3b2dae4f,DKP,997,0.1181796306679105
2026-09-20-20-20-31,2026-09-20T18:20:33.919190+00:00,08d2cc44796b762de67afa4d7560cdfa3b2dae4f,ÖDP,1165,0.1380935503792535
2026-09-20-20-20-31,2026-09-20T18:20:33.919190+00:00,08d2cc44796b762de67afa4d7560cdfa3b2dae4f,Die Heimat,295,0.03496789473122728
2026-09-20-20-20-31,2026-09-20T18:20:33.919190+00:00,08d2cc44796b762de67afa4d7560cdfa3b2dae4f,bergpartei,33,0.003911662800442374
2026-09-20-20-20-31,2026-09-20T18:20:33.919190+00:00,08d2cc44796b762de67afa4d7560cdfa3b2dae4f,SGP,299,0.03544203567673544
2026-09-20-20-20-31,2026-09-20T18:20:33.919190+00:00,08d2cc44796b762de67afa4d7560cdfa3b2dae4f,Menschliche Welt,0,0.0
2026-09-20-20-20-31,2026-09-20T18:20:33.919190+00:00,08d2cc44796b762de67afa4d7560cdfa3b2dae4f,AB Spandau,0,0.0
2026-09-20-20-20-31,2026-09-20T18:20:33.919190+00:00,08d2cc44796b762de67afa4d7560cdfa3b2dae4f,Ausländer für Berlin,0,0.0
2026-09-20-20-20-31,2026-09-20T18:20:33.919190+00:00,08d2cc44796b762de67afa4d7560cdfa3b2dae4f,Migrants for Neukölln,0,0.0
2026-09-20-20-20-31,2026-09-20T18:20:33.919190+00:00,08d2cc44796b762de67afa4d7560cdfa3b2dae4f,Berliner:innen ohne Grenzen,0,0.0
2026-09-20-20-20-31,2026-09-20T18:20:33.919190+00:00,08d2cc44796b762de67afa4d7560cdfa3b2dae4f,Berlin Retten,0,0.0
2026-09-20-20-20-31,2026-09-20T18:20:33.919190+00:00,08d2cc44796b762de67afa4d7560cdfa3b2dae4f,BSW,42394,5.025182810968302
2026-09-20-20-20-31,2026-09-20T18:20:33.919190+00:00,08d2cc44796b762de67afa4d7560cdfa3b2dae4f,Losdemokratie,0,0.0
2026-09-20-20-20-31,2026-09-20T18:20:33.919190+00:00,08d2cc44796b762de67afa4d7560cdfa3b2dae4f,MERA25,0,0.0
2026-09-20-20-20-31,2026-09-20T18:20:33.919190+00:00,08d2cc44796b762de67afa4d7560cdfa3b2dae4f,PdF,2625,0.31115499548973424
2026-09-20-20-20-31,2026-09-20T18:20:33.919190+00:00,08d2cc44796b762de67afa4d7560cdfa3b2dae4f,Jan Mihm: Bester Mann,0,0.0
2026-09-20-20-20-31,2026-09-20T18:20:33.919190+00:00,08d2cc44796b762de67afa4d7560cdfa3b2dae4f,Demokratische Linke,0,0.0
2026-09-20-20-20-31,2026-09-20T18:20:33.919190+00:00,08d2cc44796b762de67afa4d7560cdfa3b2dae4f,DIE FRAUEN,0,0.0
2026-09-20-20-23-02,2026-09-20T18:23:05.068137+00:00,19fdf87394fb97384cc823ec1c6a52d6e9ab9581,CDU,160735,18.195659802800638
2026-09-20-20-23-02,2026-09-20T18:23:05.068137+00:00,19fdf87394fb97384cc823ec1c6a52d6e9ab9581,SPD,103050,11.665553505326194
2026-09-20-20-23-02,2026-09-20T18:23:05.068137+00:00,19fdf87394fb97384cc823ec1c6a52d6e9ab9581,GRÜNE,120293,13.617510216557049
2026-09-20-20-23-02,2026-09-20T18:23:05.068137+00:00,19fdf87394fb97384cc823ec1c6a52d6e9ab9581,Die Linke,231156,26.16751757474218
2026-09-20-20-23-02,2026-09-20T18:23:05.068137+00:00,19fdf87394fb97384cc823ec1c6a52d6e9ab9581,AfD,154256,17.462218549418704
2026-09-20-20-23-02,2026-09-20T18:23:05.068137+00:00,19fdf87394fb97384cc823ec1c6a52d6e9ab9581,FDP,21321,2.4135979261238214
2026-09-20-20-23-02,2026-09-20T18:23:05.068137+00:00,19fdf87394fb97384cc823ec1c6a52d6e9ab9581,Tierschutzpartei,18115,2.0506695948470064
2026-09-20-20-23-02,2026-09-20T18:23:05.068137+00:00,19fdf87394fb97384cc823ec1c6a52d6e9ab9581,Die PARTEI,6527,0.7388749900947508
2026-09-20-20-23-02,2026-09-20T18:23:05.068137+00:00,19fdf87394fb97384cc823ec1c6a52d6e9ab9581,Volt,17362,1.9654278501647102
2026-09-20-20-23-02,2026-09-20T18:23:05.068137+00:00,19fdf87394fb97384cc823ec1c6a52d6e9ab9581,FREIE WÄHLER,0,0.0
2026-09-20-20-23-02,2026-09-20T18:23:05.068137+00:00,19fdf87394fb97384cc823ec1c6a52d6e9ab9581,Mieterpartei,0,0.0
2026-09-20-20-23-02,2026-09-20T18:23:05.068137+00:00,19fdf87394fb97384cc823ec1c6a52d6e9ab9581,Die Urbane.,661,0.07482708264939945
2026-09-20-20-23-02,2026-09-20T18:23:05.068137+00:00,19fdf87394fb97384cc823ec1c6a52d6e9ab9581,DKP,1041,0.11784416495919037
2026-09-20-20-23-02,2026-09-20T18:23:05.068137+00:00,19fdf87394fb97384cc823ec1c6a52d6e9ab9581,ÖDP,1216,0.13765466339133092
2026-09-20-20-23-02,2026-09-20T18:23:05.068137+00:00,19fdf87394fb97384cc823ec1c6a52d6e9ab9581,Die Heimat,308,0.03486647724056737
2026-09-20-20-23-02,2026-09-20T18:23:05.068137+00:00,19fdf87394fb97384cc823ec1c6a52d6e9ab9581,bergpartei,33,0.00373569399006079
2026-09-20-20-23-02,2026-09-20T18:23:05.068137+00:00,19fdf87394fb97384cc823ec1c6a52d6e9ab9581,SGP,332,0.037583345596975216
2026-09-20-20-23-02,2026-09-20T18:23:05.068137+00:00,19fdf87394fb97384cc823ec1c6a52d6e9ab9581,Menschliche Welt,0,0.0
2026-09-20-20-23-02,2026-09-20T18:23:05.068137+00:00,19fdf87394fb97384cc823ec1c6a52d6e9ab9581,AB Spandau,0,0.0
2026-09-20-20-23-02,2026-09-20T18:23:05.068137+00:00,19fdf87394fb97384cc823ec1c6a52d6e9ab9581,Ausländer für Berlin,0,0.0
2026-09-20-20-23-02,2026-09-20T18:23:05.068137+00:00,19fdf87394fb97384cc823ec1c6a52d6e9ab9581,Migrants for Neukölln,0,0.0
2026-09-20-20-23-02,2026-09-20T18:23:05.068137+00:00,19fdf87394fb97384cc823ec1c6a52d6e9ab9581,Berliner:innen ohne Grenzen,0,0.0
2026-09-20-20-23-02,2026-09-20T18:23:05.068137+00:00,19fdf87394fb97384cc823ec1c6a52d6e9ab9581,Berlin Retten,0,0.0
2026-09-20-20-23-02,2026-09-20T18:23:05.068137+00:00,19fdf87394fb97384cc823ec1c6a52d6e9ab9581,BSW,44224,5.006282758074193
2026-09-20-20-23-02,2026-09-20T18:23:05.068137+00:00,19fdf87394fb97384cc823ec1c6a52d6e9ab9581,Losdemokratie,0,0.0
2026-09-20-20-23-02,2026-09-20T18:23:05.068137+00:00,19fdf87394fb97384cc823ec1c6a52d6e9ab9581,MERA25,0,0.0
2026-09-20-20-23-02,2026-09-20T18:23:05.068137+00:00,19fdf87394fb97384cc823ec1c6a52d6e9ab9581,PdF,2740,0.31017580402322925
2026-09-20-20-23-02,2026-09-20T18:23:05.068137+00:00,19fdf87394fb97384cc823ec1c6a52d6e9ab9581,Jan Mihm: Bester Mann,0,0.0
2026-09-20-20-23-02,2026-09-20T18:23:05.068137+00:00,19fdf87394fb97384cc823ec1c6a52d6e9ab9581,Demokratische Linke,0,0.0
2026-09-20-20-23-02,2026-09-20T18:23:05.068137+00:00,19fdf87394fb97384cc823ec1c6a52d6e9ab9581,DIE FRAUEN,0,0.0
2026-09-20-20-25-32,2026-09-20T18:25:34.739840+00:00,d6c3de89f7ccc534cf4b5bb7fe9cceb79d4d06ae,CDU,168140,18.25860236013122
2026-09-20-20-25-32,2026-09-20T18:25:34.739840+00:00,d6c3de89f7ccc534cf4b5bb7fe9cceb79d4d06ae,SPD,107665,11.691521488661401
2026-09-20-20-25-32,2026-09-20T18:25:34.739840+00:00,d6c3de89f7ccc534cf4b5bb7fe9cceb79d4d06ae,GRÜNE,125727,13.652904121162235
2026-09-20-20-25-32,2026-09-20T18:25:34.739840+00:00,d6c3de89f7ccc534cf4b5bb7fe9cceb79d4d06ae,Die Linke,240621,26.129434747812148
2026-09-20-20-25-32,2026-09-20T18:25:34.739840+00:00,d6c3de89f7ccc534cf4b5bb7fe9cceb79d4d06ae,AfD,159947,17.36891085818906
2026-09-20-20-25-32,2026-09-20T18:25:34.739840+00:00,d6c3de89f7ccc534cf4b5bb7fe9cceb79d4d06ae,FDP,22346,2.4265893204442266
2026-09-20-20-25-32,2026-09-20T18:25:34.739840+00:00,d6c3de89f7ccc534cf4b5bb7fe9cceb79d4d06ae,Tierschutzpartei,18901,2.0524910384729407
2026-09-20-20-25-32,2026-09-20T18:25:34.739840+00:00,d6c3de89f7ccc534cf4b5bb7fe9cceb79d4d06ae,Die PARTEI,6772,0.7353827476079972
2026-09-20-20-25-32,2026-09-20T18:25:34.739840+00:00,d6c3de89f7ccc534cf4b5bb7fe9cceb79d4d06ae,Volt,18202,1.97658546544016
2026-09-20-20-25-32,2026-09-20T18:25:34.739840+00:00,d6c3de89f7ccc534cf4b5bb7fe9cceb79d4d06ae,FREIE WÄHLER,0,0.0
2026-09-20-20-25-32,2026-09-20T18:25:34.739840+00:00,d6c3de89f7ccc534cf4b5bb7fe9cceb79d4d06ae,Mieterpartei,0,0.0
2026-09-20-20-25-32,2026-09-20T18:25:34.739840+00:00,d6c3de89f7ccc534cf4b5bb7fe9cceb79d4d06ae,Die Urbane.,699,0.07590557303278056
2026-09-20-20-25-32,2026-09-20T18:25:34.739840+00:00,d6c3de89f7ccc534cf4b5bb7fe9cceb79d4d06ae,DKP,1081,0.11738758862437167
2026-09-20-20-25-32,2026-09-20T18:25:34.739840+00:00,d6c3de89f7ccc534cf4b5bb7fe9cceb79d4d06ae,ÖDP,1265,0.1373684547732009
2026-09-20-20-25-32,2026-09-20T18:25:34.739840+00:00,d6c3de89f7ccc534cf4b5bb7fe9cceb79d4d06ae,Die Heimat,322,0.034966515760451136
2026-09-20-20-25-32,2026-09-20T18:25:34.739840+00:00,d6c3de89f7ccc534cf4b5bb7fe9cceb79d4d06ae,bergpartei,33,0.0035835249071269797
2026-09-20-20-25-32,2026-09-20T18:25:34.739840+00:00,d6c3de89f7ccc534cf4b5bb7fe9cceb79d4d06ae,SGP,349,0.03789849068446412
2026-09-20-20-25-32,2026-09-20T18:25:34.739840+00:00,d6c3de89f7ccc534cf4b5bb7fe9cceb79d4d06ae,Menschliche Welt,0,0.0
2026-09-20-20-25-32,2026-09-20T18:25:34.739840+00:00,d6c3de89f7ccc534cf4b5bb7fe9cceb79d4d06ae,AB Spandau,0,0.0
2026-09-20-20-25-32,2026-09-20T18:25:34.739840+00:00,d6c3de89f7ccc534cf4b5bb7fe9cceb79d4d06ae,Ausländer für Berlin,0,0.0
2026-09-20-20-25-32,2026-09-20T18:25:34.739840+00:00,d6c3de89f7ccc534cf4b5bb7fe9cceb79d4d06ae,Migrants for Neukölln,0,0.0
2026-09-20-20-25-32,2026-09-20T18:25:34.739840+00:00,d6c3de89f7ccc534cf4b5bb7fe9cceb79d4d06ae,Berliner:innen ohne Grenzen,0,0.0
2026-09-20-20-25-32,2026-09-20T18:25:34.739840+00:00,d6c3de89f7ccc534cf4b5bb7fe9cceb79d4d06ae,Berlin Retten,0,0.0
2026-09-20-20-25-32,2026-09-20T18:25:34.739840+00:00,d6c3de89f7ccc534cf4b5bb7fe9cceb79d4d06ae,BSW,45919,4.986420612435266
2026-09-20-20-25-32,2026-09-20T18:25:34.739840+00:00,d6c3de89f7ccc534cf4b5bb7fe9cceb79d4d06ae,Losdemokratie,0,0.0
2026-09-20-20-25-32,2026-09-20T18:25:34.739840+00:00,d6c3de89f7ccc534cf4b5bb7fe9cceb79d4d06ae,MERA25,0,0.0
2026-09-20-20-25-32,2026-09-20T18:25:34.739840+00:00,d6c3de89f7ccc534cf4b5bb7fe9cceb79d4d06ae,PdF,2892,0.3140470918609462
2026-09-20-20-25-32,2026-09-20T18:25:34.739840+00:00,d6c3de89f7ccc534cf4b5bb7fe9cceb79d4d06ae,Jan Mihm: Bester Mann,0,0.0
2026-09-20-20-25-32,2026-09-20T18:25:34.739840+00:00,d6c3de89f7ccc534cf4b5bb7fe9cceb79d4d06ae,Demokratische Linke,0,0.0
2026-09-20-20-25-32,2026-09-20T18:25:34.739840+00:00,d6c3de89f7ccc534cf4b5bb7fe9cceb79d4d06ae,DIE FRAUEN,0,0.0
2026-09-20-20-28-01,2026-09-20T18:28:04.232337+00:00,5c7c1dd967765940aae4c91476a78bd8b6491b93,CDU,176318,18.290154096711117
2026-09-20-20-28-01,2026-09-20T18:28:04.232337+00:00,5c7c1dd967765940aae4c91476a78bd8b6491b93,SPD,113204,11.743092618814218
2026-09-20-20-28-01,2026-09-20T18:28:04.232337+00:00,5c7c1dd967765940aae4c91476a78bd8b6491b93,GRÜNE,132094,13.702626023723944
2026-09-20-20-28-01,2026-09-20T18:28:04.232337+00:00,5c7c1dd967765940aae4c91476a78bd8b6491b93,Die Linke,252050,26.14612994745878
2026-09-20-20-28-01,2026-09-20T18:28:04.232337+00:00,5c7c1dd967765940aae4c91476a78bd8b6491b93,AfD,166221,17.24275289028584
2026-09-20-20-28-01,2026-09-20T18:28:04.232337+00:00,5c7c1dd967765940aae4c91476a78bd8b6491b93,FDP,23478,2.435464546345714
2026-09-20-20-28-01,2026-09-20T18:28:04.232337+00:00,5c7c1dd967765940aae4c91476a78bd8b6491b93,Tierschutzpartei,19788,2.052686448721739
2026-09-20-20-28-01,2026-09-20T18:28:04.232337+00:00,5c7c1dd967765940aae4c91476a78bd8b6491b93,Die PARTEI,7114,0.7379629773704494
2026-09-20-20-28-01,2026-09-20T18:28:04.232337+00:00,5c7c1dd967765940aae4c91476a78bd8b6491b93,Volt,19060,1.9771681682148952
2026-09-20-20-28-01,2026-09-20T18:28:04.232337+00:00,5c7c1dd967765940aae4c91476a78bd8b6491b93,FREIE WÄHLER,0,0.0
2026-09-20-20-28-01,2026-09-20T18:28:04.232337+00:00,5c7c1dd967765940aae4c91476a78bd8b6491b93,Mieterpartei,0,0.0
2026-09-20-20-28-01,2026-09-20T18:28:04.232337+00:00,5c7c1dd967765940aae4c91476a78bd8b6491b93,Die Urbane.,729,0.07562201440863896
2026-09-20-20-28-01,2026-09-20T18:28:04.232337+00:00,5c7c1dd967765940aae4c91476a78bd8b6491b93,DKP,1123,0.11649317171591433
2026-09-20-20-28-01,2026-09-20T18:28:04.232337+00:00,5c7c1dd967765940aae4c91476a78bd8b6491b93,ÖDP,1318,0.1367212825659618
2026-09-20-20-28-01,2026-09-20T18:28:04.232337+00:00,5c7c1dd967765940aae4c91476a78bd8b6491b93,Die Heimat,327,0.03392098588700266
2026-09-20-20-28-01,2026-09-20T18:28:04.232337+00:00,5c7c1dd967765940aae4c91476a78bd8b6491b93,bergpartei,39,0.004045622170009491
2026-09-20-20-28-01,2026-09-20T18:28:04.232337+00:00,5c7c1dd967765940aae4c91476a78bd8b6491b93,SGP,366,0.03796660805701215
2026-09-20-20-28-01,2026-09-20T18:28:04.232337+00:00,5c7c1dd967765940aae4c91476a78bd8b6491b93,Menschliche Welt,0,0.0
2026-09-20-20-28-01,2026-09-20T18:28:04.232337+00:00,5c7c1dd967765940aae4c91476a78bd8b6491b93,AB Spandau,0,0.0
2026-09-20-20-28-01,2026-09-20T18:28:04.232337+00:00,5c7c1dd967765940aae4c91476a78bd8b6491b93,Ausländer für Berlin,0,0.0
2026-09-20-20-28-01,2026-09-20T18:28:04.232337+00:00,5c7c1dd967765940aae4c91476a78bd8b6491b93,Migrants for Neukölln,0,0.0
2026-09-20-20-28-01,2026-09-20T18:28:04.232337+00:00,5c7c1dd967765940aae4c91476a78bd8b6491b93,Berliner:innen ohne Grenzen,0,0.0
2026-09-20-20-28-01,2026-09-20T18:28:04.232337+00:00,5c7c1dd967765940aae4c91476a78bd8b6491b93,Berlin Retten,0,0.0
2026-09-20-20-28-01,2026-09-20T18:28:04.232337+00:00,5c7c1dd967765940aae4c91476a78bd8b6491b93,BSW,47765,4.954849819243676
2026-09-20-20-28-01,2026-09-20T18:28:04.232337+00:00,5c7c1dd967765940aae4c91476a78bd8b6491b93,Losdemokratie,0,0.0
2026-09-20-20-28-01,2026-09-20T18:28:04.232337+00:00,5c7c1dd967765940aae4c91476a78bd8b6491b93,MERA25,0,0.0
2026-09-20-20-28-01,2026-09-20T18:28:04.232337+00:00,5c7c1dd967765940aae4c91476a78bd8b6491b93,PdF,3011,0.3123427783050918
2026-09-20-20-28-01,2026-09-20T18:28:04.232337+00:00,5c7c1dd967765940aae4c91476a78bd8b6491b93,Jan Mihm: Bester Mann,0,0.0
2026-09-20-20-28-01,2026-09-20T18:28:04.232337+00:00,5c7c1dd967765940aae4c91476a78bd8b6491b93,Demokratische Linke,0,0.0
2026-09-20-20-28-01,2026-09-20T18:28:04.232337+00:00,5c7c1dd967765940aae4c91476a78bd8b6491b93,DIE FRAUEN,0,0.0
2026-09-20-20-30-31,2026-09-20T18:30:34.451662+00:00,0a5d35530810d12d531edd737513b2f9f7dbc849,CDU,184111,18.33972180274372
2026-09-20-20-30-31,2026-09-20T18:30:34.451662+00:00,0a5d35530810d12d531edd737513b2f9f7dbc849,SPD,118308,11.784933040605962
2026-09-20-20-30-31,2026-09-20T18:30:34.451662+00:00,0a5d35530810d12d531edd737513b2f9f7dbc849,GRÜNE,138110,13.7574559813207
2026-09-20-20-30-31,2026-09-20T18:30:34.451662+00:00,0a5d35530810d12d531edd737513b2f9f7dbc849,Die Linke,261600,26.058580006614257
2026-09-20-20-30-31,2026-09-20T18:30:34.451662+00:00,0a5d35530810d12d531edd737513b2f9f7dbc849,AfD,172479,17.18103142569121
2026-09-20-20-30-31,2026-09-20T18:30:34.451662+00:00,0a5d35530810d12d531edd737513b2f9f7dbc849,FDP,24496,2.440103118662167
2026-09-20-20-30-31,2026-09-20T18:30:34.451662+00:00,0a5d35530810d12d531edd737513b2f9f7dbc849,Tierschutzpartei,20671,2.059086037143438
2026-09-20-20-30-31,2026-09-20T18:30:34.451662+00:00,0a5d35530810d12d531edd737513b2f9f7dbc849,Die PARTEI,7428,0.7399202304630379
2026-09-20-20-30-31,2026-09-20T18:30:34.451662+00:00,0a5d35530810d12d531edd737513b2f9f7dbc849,Volt,19889,1.9811892115884975
2026-09-20-20-30-31,2026-09-20T18:30:34.451662+00:00,0a5d35530810d12d531edd737513b2f9f7dbc849,FREIE WÄHLER,0,0.0
2026-09-20-20-30-31,2026-09-20T18:30:34.451662+00:00,0a5d35530810d12d531edd737513b2f9f7dbc849,Mieterpartei,0,0.0
2026-09-20-20-30-31,2026-09-20T18:30:34.451662+00:00,0a5d35530810d12d531edd737513b2f9f7dbc849,Die Urbane.,764,0.07610380399485203
2026-09-20-20-30-31,2026-09-20T18:30:34.451662+00:00,0a5d35530810d12d531edd737513b2f9f7dbc849,DKP,1165,0.11604833986125998
2026-09-20-20-30-31,2026-09-20T18:30:34.451662+00:00,0a5d35530810d12d531edd737513b2f9f7dbc849,ÖDP,1384,0.137863435508999
2026-09-20-20-30-31,2026-09-20T18:30:34.451662+00:00,0a5d35530810d12d531edd737513b2f9f7dbc849,Die Heimat,337,0.03356934809720567
2026-09-20-20-30-31,2026-09-20T18:30:34.451662+00:00,0a5d35530810d12d531edd737513b2f9f7dbc849,bergpartei,39,0.00388488004685763
2026-09-20-20-30-31,2026-09-20T18:30:34.451662+00:00,0a5d35530810d12d531edd737513b2f9f7dbc849,SGP,381,0.03795228968853223
2026-09-20-20-30-31,2026-09-20T18:30:34.451662+00:00,0a5d35530810d12d531edd737513b2f9f7dbc849,Menschliche Welt,0,0.0
2026-09-20-20-30-31,2026-09-20T18:30:34.451662+00:00,0a5d35530810d12d531edd737513b2f9f7dbc849,AB Spandau,0,0.0
2026-09-20-20-30-31,2026-09-20T18:30:34.451662+00:00,0a5d35530810d12d531edd737513b2f9f7dbc849,Ausländer für Berlin,0,0.0
2026-09-20-20-30-31,2026-09-20T18:30:34.451662+00:00,0a5d35530810d12d531edd737513b2f9f7dbc849,Migrants for Neukölln,0,0.0
2026-09-20-20-30-31,2026-09-20T18:30:34.451662+00:00,0a5d35530810d12d531edd737513b2f9f7dbc849,Berliner:innen ohne Grenzen,0,0.0
2026-09-20-20-30-31,2026-09-20T18:30:34.451662+00:00,0a5d35530810d12d531edd737513b2f9f7dbc849,Berlin Retten,0,0.0
2026-09-20-20-30-31,2026-09-20T18:30:34.451662+00:00,0a5d35530810d12d531edd737513b2f9f7dbc849,BSW,49577,4.938479438027199
2026-09-20-20-30-31,2026-09-20T18:30:34.451662+00:00,0a5d35530810d12d531edd737513b2f9f7dbc849,Losdemokratie,0,0.0
2026-09-20-20-30-31,2026-09-20T18:30:34.451662+00:00,0a5d35530810d12d531edd737513b2f9f7dbc849,MERA25,0,0.0
2026-09-20-20-30-31,2026-09-20T18:30:34.451662+00:00,0a5d35530810d12d531edd737513b2f9f7dbc849,PdF,3153,0.3140776099421053
2026-09-20-20-30-31,2026-09-20T18:30:34.451662+00:00,0a5d35530810d12d531edd737513b2f9f7dbc849,Jan Mihm: Bester Mann,0,0.0
2026-09-20-20-30-31,2026-09-20T18:30:34.451662+00:00,0a5d35530810d12d531edd737513b2f9f7dbc849,Demokratische Linke,0,0.0
2026-09-20-20-30-31,2026-09-20T18:30:34.451662+00:00,0a5d35530810d12d531edd737513b2f9f7dbc849,DIE FRAUEN,0,0.0
2026-09-20-20-33-02,2026-09-20T18:33:04.706284+00:00,5fd757a833dc935aaa19a800dc01bc42d9be6a17,CDU,192877,18.439307463599775
2026-09-20-20-33-02,2026-09-20T18:33:04.706284+00:00,5fd757a833dc935aaa19a800dc01bc42d9be6a17,SPD,123810,11.836406917715891
2026-09-20-20-33-02,2026-09-20T18:33:04.706284+00:00,5fd757a833dc935aaa19a800dc01bc42d9be6a17,GRÜNE,144356,13.800632881138803
2026-09-20-20-33-02,2026-09-20T18:33:04.706284+00:00,5fd757a833dc935aaa19a800dc01bc42d9be6a17,Die Linke,271886,25.99267693425493
2026-09-20-20-33-02,2026-09-20T18:33:04.706284+00:00,5fd757a833dc935aaa19a800dc01bc42d9be6a17,AfD,178265,17.04238009196853
2026-09-20-20-33-02,2026-09-20T18:33:04.706284+00:00,5fd757a833dc935aaa19a800dc01bc42d9be6a17,FDP,25684,2.4554258563493656
2026-09-20-20-33-02,2026-09-20T18:33:04.706284+00:00,5fd757a833dc935aaa19a800dc01bc42d9be6a17,Tierschutzpartei,21617,2.0666150419212053
2026-09-20-20-33-02,2026-09-20T18:33:04.706284+00:00,5fd757a833dc935aaa19a800dc01bc42d9be6a17,Die PARTEI,7760,0.7418667125553293
2026-09-20-20-33-02,2026-09-20T18:33:04.706284+00:00,5fd757a833dc935aaa19a800dc01bc42d9be6a17,Volt,20828,1.9911855527193814
2026-09-20-20-33-02,2026-09-20T18:33:04.706284+00:00,5fd757a833dc935aaa19a800dc01bc42d9be6a17,FREIE WÄHLER,0,0.0
2026-09-20-20-33-02,2026-09-20T18:33:04.706284+00:00,5fd757a833dc935aaa19a800dc01bc42d9be6a17,Mieterpartei,0,0.0
2026-09-20-20-33-02,2026-09-20T18:33:04.706284+00:00,5fd757a833dc935aaa19a800dc01bc42d9be6a17,Die Urbane.,805,0.07695911128956702
2026-09-20-20-33-02,2026-09-20T18:33:04.706284+00:00,5fd757a833dc935aaa19a800dc01bc42d9be6a17,DKP,1219,0.11653808280991577
2026-09-20-20-33-02,2026-09-20T18:33:04.706284+00:00,5fd757a833dc935aaa19a800dc01bc42d9be6a17,ÖDP,1454,0.1390044072236403
2026-09-20-20-33-02,2026-09-20T18:33:04.706284+00:00,5fd757a833dc935aaa19a800dc01bc42d9be6a17,Die Heimat,351,0.0335560845498609
2026-09-20-20-33-02,2026-09-20T18:33:04.706284+00:00,5fd757a833dc935aaa19a800dc01bc42d9be6a17,bergpartei,45,0.004302062121777039
2026-09-20-20-33-02,2026-09-20T18:33:04.706284+00:00,5fd757a833dc935aaa19a800dc01bc42d9be6a17,SGP,394,0.03766694391067007
2026-09-20-20-33-02,2026-09-20T18:33:04.706284+00:00,5fd757a833dc935aaa19a800dc01bc42d9be6a17,Menschliche Welt,0,0.0
2026-09-20-20-33-02,2026-09-20T18:33:04.706284+00:00,5fd757a833dc935aaa19a800dc01bc42d9be6a17,AB Spandau,0,0.0
2026-09-20-20-33-02,2026-09-20T18:33:04.706284+00:00,5fd757a833dc935aaa19a800dc01bc42d9be6a17,Ausländer für Berlin,0,0.0
2026-09-20-20-33-02,2026-09-20T18:33:04.706284+00:00,5fd757a833dc935aaa19a800dc01bc42d9be6a17,Migrants for Neukölln,0,0.0
2026-09-20-20-33-02,2026-09-20T18:33:04.706284+00:00,5fd757a833dc935aaa19a800dc01bc42d9be6a17,Berliner:innen ohne Grenzen,0,0.0
2026-09-20-20-33-02,2026-09-20T18:33:04.706284+00:00,5fd757a833dc935aaa19a800dc01bc42d9be6a17,Berlin Retten,0,0.0
2026-09-20-20-33-02,2026-09-20T18:33:04.706284+00:00,5fd757a833dc935aaa19a800dc01bc42d9be6a17,BSW,51374,4.9114253209816345
2026-09-20-20-33-02,2026-09-20T18:33:04.706284+00:00,5fd757a833dc935aaa19a800dc01bc42d9be6a17,Losdemokratie,0,0.0
2026-09-20-20-33-02,2026-09-20T18:33:04.706284+00:00,5fd757a833dc935aaa19a800dc01bc42d9be6a17,MERA25,0,0.0
2026-09-20-20-33-02,2026-09-20T18:33:04.706284+00:00,5fd757a833dc935aaa19a800dc01bc42d9be6a17,PdF,3285,0.3140505348897238
2026-09-20-20-33-02,2026-09-20T18:33:04.706284+00:00,5fd757a833dc935aaa19a800dc01bc42d9be6a17,Jan Mihm: Bester Mann,0,0.0
2026-09-20-20-33-02,2026-09-20T18:33:04.706284+00:00,5fd757a833dc935aaa19a800dc01bc42d9be6a17,Demokratische Linke,0,0.0
2026-09-20-20-33-02,2026-09-20T18:33:04.706284+00:00,5fd757a833dc935aaa19a800dc01bc42d9be6a17,DIE FRAUEN,0,0.0
2026-09-20-20-35-32,2026-09-20T18:35:35.115009+00:00,8700edb14ccb6c557a90c5f5f6226c57220e6780,CDU,200805,18.562221642937565
2026-09-20-20-35-32,2026-09-20T18:35:35.115009+00:00,8700edb14ccb6c557a90c5f5f6226c57220e6780,SPD,128518,11.88008068079505
2026-09-20-20-35-32,2026-09-20T18:35:35.115009+00:00,8700edb14ccb6c557a90c5f5f6226c57220e6780,GRÜNE,149525,13.821947616644204
2026-09-20-20-35-32,2026-09-20T18:35:35.115009+00:00,8700edb14ccb6c557a90c5f5f6226c57220e6780,Die Linke,279905,25.87414979191972
2026-09-20-20-35-32,2026-09-20T18:35:35.115009+00:00,8700edb14ccb6c557a90c5f5f6226c57220e6780,AfD,183440,16.95701769468124
2026-09-20-20-35-32,2026-09-20T18:35:35.115009+00:00,8700edb14ccb6c557a90c5f5f6226c57220e6780,FDP,26812,2.4784755692858345
2026-09-20-20-35-32,2026-09-20T18:35:35.115009+00:00,8700edb14ccb6c557a90c5f5f6226c57220e6780,Tierschutzpartei,22416,2.0721135447229324
2026-09-20-20-35-32,2026-09-20T18:35:35.115009+00:00,8700edb14ccb6c557a90c5f5f6226c57220e6780,Die PARTEI,7987,0.7383106210609414
2026-09-20-20-35-32,2026-09-20T18:35:35.115009+00:00,8700edb14ccb6c557a90c5f5f6226c57220e6780,Volt,21640,2.0003808488492263
2026-09-20-20-35-32,2026-09-20T18:35:35.115009+00:00,8700edb14ccb6c557a90c5f5f6226c57220e6780,FREIE WÄHLER,0,0.0
2026-09-20-20-35-32,2026-09-20T18:35:35.115009+00:00,8700edb14ccb6c557a90c5f5f6226c57220e6780,Mieterpartei,0,0.0
2026-09-20-20-35-32,2026-09-20T18:35:35.115009+00:00,8700edb14ccb6c557a90c5f5f6226c57220e6780,Die Urbane.,836,0.07727903833816789
2026-09-20-20-35-32,2026-09-20T18:35:35.115009+00:00,8700edb14ccb6c557a90c5f5f6226c57220e6780,DKP,1249,0.11545636230188003
2026-09-20-20-35-32,2026-09-20T18:35:35.115009+00:00,8700edb14ccb6c557a90c5f5f6226c57220e6780,ÖDP,1506,0.13921319585799144
2026-09-20-20-35-32,2026-09-20T18:35:35.115009+00:00,8700edb14ccb6c557a90c5f5f6226c57220e6780,Die Heimat,362,0.03346293286891959
2026-09-20-20-35-32,2026-09-20T18:35:35.115009+00:00,8700edb14ccb6c557a90c5f5f6226c57220e6780,bergpartei,47,0.004344634930495085
2026-09-20-20-35-32,2026-09-20T18:35:35.115009+00:00,8700edb14ccb6c557a90c5f5f6226c57220e6780,SGP,407,0.03762268971726595
2026-09-20-20-35-32,2026-09-20T18:35:35.115009+00:00,8700edb14ccb6c557a90c5f5f6226c57220e6780,Menschliche Welt,0,0.0
2026-09-20-20-35-32,2026-09-20T18:35:35.115009+00:00,8700edb14ccb6c557a90c5f5f6226c57220e6780,AB Spandau,0,0.0
2026-09-20-20-35-32,2026-09-20T18:35:35.115009+00:00,8700edb14ccb6c557a90c5f5f6226c57220e6780,Ausländer für Berlin,0,0.0
2026-09-20-20-35-32,2026-09-20T18:35:35.115009+00:00,8700edb14ccb6c557a90c5f5f6226c57220e6780,Migrants for Neukölln,0,0.0
2026-09-20-20-35-32,2026-09-20T18:35:35.115009+00:00,8700edb14ccb6c557a90c5f5f6226c57220e6780,Berliner:innen ohne Grenzen,0,0.0
2026-09-20-20-35-32,2026-09-20T18:35:35.115009+00:00,8700edb14ccb6c557a90c5f5f6226c57220e6780,Berlin Retten,0,0.0
2026-09-20-20-35-32,2026-09-20T18:35:35.115009+00:00,8700edb14ccb6c557a90c5f5f6226c57220e6780,BSW,52931,4.892890883107135
2026-09-20-20-35-32,2026-09-20T18:35:35.115009+00:00,8700edb14ccb6c557a90c5f5f6226c57220e6780,Losdemokratie,0,0.0
2026-09-20-20-35-32,2026-09-20T18:35:35.115009+00:00,8700edb14ccb6c557a90c5f5f6226c57220e6780,MERA25,0,0.0
2026-09-20-20-35-32,2026-09-20T18:35:35.115009+00:00,8700edb14ccb6c557a90c5f5f6226c57220e6780,PdF,3408,0.31503225198143087
2026-09-20-20-35-32,2026-09-20T18:35:35.115009+00:00,8700edb14ccb6c557a90c5f5f6226c57220e6780,Jan Mihm: Bester Mann,0,0.0
2026-09-20-20-35-32,2026-09-20T18:35:35.115009+00:00,8700edb14ccb6c557a90c5f5f6226c57220e6780,Demokratische Linke,0,0.0
2026-09-20-20-35-32,2026-09-20T18:35:35.115009+00:00,8700edb14ccb6c557a90c5f5f6226c57220e6780,DIE FRAUEN,0,0.0
2026-09-20-20-38-01,2026-09-20T18:38:04.341717+00:00,9a6b19c7157d8d7e34729fd280ce19b4a5b7ccb0,CDU,205953,18.5681082172712
2026-09-20-20-38-01,2026-09-20T18:38:04.341717+00:00,9a6b19c7157d8d7e34729fd280ce19b4a5b7ccb0,SPD,131932,11.89459562774528
2026-09-20-20-38-01,2026-09-20T18:38:04.341717+00:00,9a6b19c7157d8d7e34729fd280ce19b4a5b7ccb0,GRÜNE,153911,13.876156714534032
2026-09-20-20-38-01,2026-09-20T18:38:04.341717+00:00,9a6b19c7157d8d7e34729fd280ce19b4a5b7ccb0,Die Linke,287218,25.89471824128903
2026-09-20-20-38-01,2026-09-20T18:38:04.341717+00:00,9a6b19c7157d8d7e34729fd280ce19b4a5b7ccb0,AfD,187034,16.862427603914977
2026-09-20-20-38-01,2026-09-20T18:38:04.341717+00:00,9a6b19c7157d8d7e34729fd280ce19b4a5b7ccb0,FDP,27467,2.4763427986180733
2026-09-20-20-38-01,2026-09-20T18:38:04.341717+00:00,9a6b19c7157d8d7e34729fd280ce19b4a5b7ccb0,Tierschutzpartei,22957,2.069734649866207
2026-09-20-20-38-01,2026-09-20T18:38:04.341717+00:00,9a6b19c7157d8d7e34729fd280ce19b4a5b7ccb0,Die PARTEI,8205,0.7397383282725194
2026-09-20-20-38-01,2026-09-20T18:38:04.341717+00:00,9a6b19c7157d8d7e34729fd280ce19b4a5b7ccb0,Volt,22398,2.0193368771051663
2026-09-20-20-38-01,2026-09-20T18:38:04.341717+00:00,9a6b19c7157d8d7e34729fd280ce19b4a5b7ccb0,FREIE WÄHLER,0,0.0
2026-09-20-20-38-01,2026-09-20T18:38:04.341717+00:00,9a6b19c7157d8d7e34729fd280ce19b4a5b7ccb0,Mieterpartei,0,0.0
2026-09-20-20-38-01,2026-09-20T18:38:04.341717+00:00,9a6b19c7157d8d7e34729fd280ce19b4a5b7ccb0,Die Urbane.,864,0.07789566308683203
2026-09-20-20-38-01,2026-09-20T18:38:04.341717+00:00,9a6b19c7157d8d7e34729fd280ce19b4a5b7ccb0,DKP,1288,0.11612223849055515
2026-09-20-20-38-01,2026-09-20T18:38:04.341717+00:00,9a6b19c7157d8d7e34729fd280ce19b4a5b7ccb0,ÖDP,1540,0.13884180689088116
2026-09-20-20-38-01,2026-09-20T18:38:04.341717+00:00,9a6b19c7157d8d7e34729fd280ce19b4a5b7ccb0,Die Heimat,363,0.032726997338564844
2026-09-20-20-38-01,2026-09-20T18:38:04.341717+00:00,9a6b19c7157d8d7e34729fd280ce19b4a5b7ccb0,bergpartei,49,0.004417693855618946
2026-09-20-20-38-01,2026-09-20T18:38:04.341717+00:00,9a6b19c7157d8d7e34729fd280ce19b4a5b7ccb0,SGP,417,0.037595476281491846
2026-09-20-20-38-01,2026-09-20T18:38:04.341717+00:00,9a6b19c7157d8d7e34729fd280ce19b4a5b7ccb0,Menschliche Welt,0,0.0
2026-09-20-20-38-01,2026-09-20T18:38:04.341717+00:00,9a6b19c7157d8d7e34729fd280ce19b4a5b7ccb0,AB Spandau,0,0.0
2026-09-20-20-38-01,2026-09-20T18:38:04.341717+00:00,9a6b19c7157d8d7e34729fd280ce19b4a5b7ccb0,Ausländer für Berlin,0,0.0
2026-09-20-20-38-01,2026-09-20T18:38:04.341717+00:00,9a6b19c7157d8d7e34729fd280ce19b4a5b7ccb0,Migrants for Neukölln,0,0.0
2026-09-20-20-38-01,2026-09-20T18:38:04.341717+00:00,9a6b19c7157d8d7e34729fd280ce19b4a5b7ccb0,Berliner:innen ohne Grenzen,0,0.0
2026-09-20-20-38-01,2026-09-20T18:38:04.341717+00:00,9a6b19c7157d8d7e34729fd280ce19b4a5b7ccb0,Berlin Retten,0,0.0
2026-09-20-20-38-01,2026-09-20T18:38:04.341717+00:00,9a6b19c7157d8d7e34729fd280ce19b4a5b7ccb0,BSW,54081,4.875781661341392
2026-09-20-20-38-01,2026-09-20T18:38:04.341717+00:00,9a6b19c7157d8d7e34729fd280ce19b4a5b7ccb0,Losdemokratie,0,0.0
2026-09-20-20-38-01,2026-09-20T18:38:04.341717+00:00,9a6b19c7157d8d7e34729fd280ce19b4a5b7ccb0,MERA25,0,0.0
2026-09-20-20-38-01,2026-09-20T18:38:04.341717+00:00,9a6b19c7157d8d7e34729fd280ce19b4a5b7ccb0,PdF,3499,0.3154594040981774
2026-09-20-20-38-01,2026-09-20T18:38:04.341717+00:00,9a6b19c7157d8d7e34729fd280ce19b4a5b7ccb0,Jan Mihm: Bester Mann,0,0.0
2026-09-20-20-38-01,2026-09-20T18:38:04.341717+00:00,9a6b19c7157d8d7e34729fd280ce19b4a5b7ccb0,Demokratische Linke,0,0.0
2026-09-20-20-38-01,2026-09-20T18:38:04.341717+00:00,9a6b19c7157d8d7e34729fd280ce19b4a5b7ccb0,DIE FRAUEN,0,0.0
2026-09-20-20-40-31,2026-09-20T18:40:34.307492+00:00,27bc512850c6548b55da31344458a11662ffb7ed,CDU,211663,18.579870541412177
2026-09-20-20-40-31,2026-09-20T18:40:34.307492+00:00,27bc512850c6548b55da31344458a11662ffb7ed,SPD,135443,11.889245667596555
2026-09-20-20-40-31,2026-09-20T18:40:34.307492+00:00,27bc512850c6548b55da31344458a11662ffb7ed,GRÜNE,158685,13.929438573883916
2026-09-20-20-40-31,2026-09-20T18:40:34.307492+00:00,27bc512850c6548b55da31344458a11662ffb7ed,Die Linke,294988,25.894175416913182
2026-09-20-20-40-31,2026-09-20T18:40:34.307492+00:00,27bc512850c6548b55da31344458a11662ffb7ed,AfD,191533,16.81285035366738
2026-09-20-20-40-31,2026-09-20T18:40:34.307492+00:00,27bc512850c6548b55da31344458a11662ffb7ed,FDP,28205,2.4758472128833593
2026-09-20-20-40-31,2026-09-20T18:40:34.307492+00:00,27bc512850c6548b55da31344458a11662ffb7ed,Tierschutzpartei,23530,2.0654736720136655
2026-09-20-20-40-31,2026-09-20T18:40:34.307492+00:00,27bc512850c6548b55da31344458a11662ffb7ed,Die PARTEI,8430,0.7399890801136932
2026-09-20-20-40-31,2026-09-20T18:40:34.307492+00:00,27bc512850c6548b55da31344458a11662ffb7ed,Volt,23093,2.0271136212414613
2026-09-20-20-40-31,2026-09-20T18:40:34.307492+00:00,27bc512850c6548b55da31344458a11662ffb7ed,FREIE WÄHLER,0,0.0
2026-09-20-20-40-31,2026-09-20T18:40:34.307492+00:00,27bc512850c6548b55da31344458a11662ffb7ed,Mieterpartei,0,0.0
2026-09-20-20-40-31,2026-09-20T18:40:34.307492+00:00,27bc512850c6548b55da31344458a11662ffb7ed,Die Urbane.,893,0.07838792983885268
2026-09-20-20-40-31,2026-09-20T18:40:34.307492+00:00,27bc512850c6548b55da31344458a11662ffb7ed,DKP,1319,0.11578239580901084
2026-09-20-20-40-31,2026-09-20T18:40:34.307492+00:00,27bc512850c6548b55da31344458a11662ffb7ed,ÖDP,1581,0.1387808701850236
2026-09-20-20-40-31,2026-09-20T18:40:34.307492+00:00,27bc512850c6548b55da31344458a11662ffb7ed,Die Heimat,366,0.03212763977717814
2026-09-20-20-40-31,2026-09-20T18:40:34.307492+00:00,27bc512850c6548b55da31344458a11662ffb7ed,bergpartei,50,0.004389021827483353
2026-09-20-20-40-31,2026-09-20T18:40:34.307492+00:00,27bc512850c6548b55da31344458a11662ffb7ed,SGP,429,0.037657807279807165
2026-09-20-20-40-31,2026-09-20T18:40:34.307492+00:00,27bc512850c6548b55da31344458a11662ffb7ed,Menschliche Welt,0,0.0
2026-09-20-20-40-31,2026-09-20T18:40:34.307492+00:00,27bc512850c6548b55da31344458a11662ffb7ed,AB Spandau,0,0.0
2026-09-20-20-40-31,2026-09-20T18:40:34.307492+00:00,27bc512850c6548b55da31344458a11662ffb7ed,Ausländer für Berlin,0,0.0
2026-09-20-20-40-31,2026-09-20T18:40:34.307492+00:00,27bc512850c6548b55da31344458a11662ffb7ed,Migrants for Neukölln,0,0.0
2026-09-20-20-40-31,2026-09-20T18:40:34.307492+00:00,27bc512850c6548b55da31344458a11662ffb7ed,Berliner:innen ohne Grenzen,0,0.0
2026-09-20-20-40-31,2026-09-20T18:40:34.307492+00:00,27bc512850c6548b55da31344458a11662ffb7ed,Berlin Retten,0,0.0
2026-09-20-20-40-31,2026-09-20T18:40:34.307492+00:00,27bc512850c6548b55da31344458a11662ffb7ed,BSW,55416,4.864440671836349
2026-09-20-20-40-31,2026-09-20T18:40:34.307492+00:00,27bc512850c6548b55da31344458a11662ffb7ed,Losdemokratie,0,0.0
2026-09-20-20-40-31,2026-09-20T18:40:34.307492+00:00,27bc512850c6548b55da31344458a11662ffb7ed,MERA25,0,0.0
2026-09-20-20-40-31,2026-09-20T18:40:34.307492+00:00,27bc512850c6548b55da31344458a11662ffb7ed,PdF,3582,0.3144295237209074
2026-09-20-20-40-31,2026-09-20T18:40:34.307492+00:00,27bc512850c6548b55da31344458a11662ffb7ed,Jan Mihm: Bester Mann,0,0.0
2026-09-20-20-40-31,2026-09-20T18:40:34.307492+00:00,27bc512850c6548b55da31344458a11662ffb7ed,Demokratische Linke,0,0.0
2026-09-20-20-40-31,2026-09-20T18:40:34.307492+00:00,27bc512850c6548b55da31344458a11662ffb7ed,DIE FRAUEN,0,0.0
2026-09-20-20-43-01,2026-09-20T18:43:04.317682+00:00,9e9ad95864d49004cccf10333d6c4fb772b01708,CDU,219144,18.64238227500287
2026-09-20-20-43-01,2026-09-20T18:43:04.317682+00:00,9e9ad95864d49004cccf10333d6c4fb772b01708,SPD,140085,11.916904505684743
2026-09-20-20-43-01,2026-09-20T18:43:04.317682+00:00,9e9ad95864d49004cccf10333d6c4fb772b01708,GRÜNE,163778,13.932446629775034
2026-09-20-20-43-01,2026-09-20T18:43:04.317682+00:00,9e9ad95864d49004cccf10333d6c4fb772b01708,Die Linke,303743,25.839142843774855
2026-09-20-20-43-01,2026-09-20T18:43:04.317682+00:00,9e9ad95864d49004cccf10333d6c4fb772b01708,AfD,197151,16.77145761644896
2026-09-20-20-43-01,2026-09-20T18:43:04.317682+00:00,9e9ad95864d49004cccf10333d6c4fb772b01708,FDP,29202,2.484187781525544
2026-09-20-20-43-01,2026-09-20T18:43:04.317682+00:00,9e9ad95864d49004cccf10333d6c4fb772b01708,Tierschutzpartei,24366,2.0727936266232247
2026-09-20-20-43-01,2026-09-20T18:43:04.317682+00:00,9e9ad95864d49004cccf10333d6c4fb772b01708,Die PARTEI,8725,0.7422278745911367
2026-09-20-20-43-01,2026-09-20T18:43:04.317682+00:00,9e9ad95864d49004cccf10333d6c4fb772b01708,Volt,23760,2.0212417536143734
2026-09-20-20-43-01,2026-09-20T18:43:04.317682+00:00,9e9ad95864d49004cccf10333d6c4fb772b01708,FREIE WÄHLER,0,0.0
2026-09-20-20-43-01,2026-09-20T18:43:04.317682+00:00,9e9ad95864d49004cccf10333d6c4fb772b01708,Mieterpartei,0,0.0
2026-09-20-20-43-01,2026-09-20T18:43:04.317682+00:00,9e9ad95864d49004cccf10333d6c4fb772b01708,Die Urbane.,933,0.07936946785026137
2026-09-20-20-43-01,2026-09-20T18:43:04.317682+00:00,9e9ad95864d49004cccf10333d6c4fb772b01708,DKP,1361,0.11577904152647989
2026-09-20-20-43-01,2026-09-20T18:43:04.317682+00:00,9e9ad95864d49004cccf10333d6c4fb772b01708,ÖDP,1620,0.13781193774643455
2026-09-20-20-43-01,2026-09-20T18:43:04.317682+00:00,9e9ad95864d49004cccf10333d6c4fb772b01708,Die Heimat,376,0.03198598061275271
2026-09-20-20-43-01,2026-09-20T18:43:04.317682+00:00,9e9ad95864d49004cccf10333d6c4fb772b01708,bergpartei,50,0.004253454868717116
2026-09-20-20-43-01,2026-09-20T18:43:04.317682+00:00,9e9ad95864d49004cccf10333d6c4fb772b01708,SGP,441,0.03751547194208496
2026-09-20-20-43-01,2026-09-20T18:43:04.317682+00:00,9e9ad95864d49004cccf10333d6c4fb772b01708,Menschliche Welt,0,0.0
2026-09-20-20-43-01,2026-09-20T18:43:04.317682+00:00,9e9ad95864d49004cccf10333d6c4fb772b01708,AB Spandau,0,0.0
2026-09-20-20-43-01,2026-09-20T18:43:04.317682+00:00,9e9ad95864d49004cccf10333d6c4fb772b01708,Ausländer für Berlin,0,0.0
2026-09-20-20-43-01,2026-09-20T18:43:04.317682+00:00,9e9ad95864d49004cccf10333d6c4fb772b01708,Migrants for Neukölln,0,0.0
2026-09-20-20-43-01,2026-09-20T18:43:04.317682+00:00,9e9ad95864d49004cccf10333d6c4fb772b01708,Berliner:innen ohne Grenzen,0,0.0
2026-09-20-20-43-01,2026-09-20T18:43:04.317682+00:00,9e9ad95864d49004cccf10333d6c4fb772b01708,Berlin Retten,0,0.0
2026-09-20-20-43-01,2026-09-20T18:43:04.317682+00:00,9e9ad95864d49004cccf10333d6c4fb772b01708,BSW,57080,4.855744078127459
2026-09-20-20-43-01,2026-09-20T18:43:04.317682+00:00,9e9ad95864d49004cccf10333d6c4fb772b01708,Losdemokratie,0,0.0
2026-09-20-20-43-01,2026-09-20T18:43:04.317682+00:00,9e9ad95864d49004cccf10333d6c4fb772b01708,MERA25,0,0.0
2026-09-20-20-43-01,2026-09-20T18:43:04.317682+00:00,9e9ad95864d49004cccf10333d6c4fb772b01708,PdF,3700,0.3147556602850665
2026-09-20-20-43-01,2026-09-20T18:43:04.317682+00:00,9e9ad95864d49004cccf10333d6c4fb772b01708,Jan Mihm: Bester Mann,0,0.0
2026-09-20-20-43-01,2026-09-20T18:43:04.317682+00:00,9e9ad95864d49004cccf10333d6c4fb772b01708,Demokratische Linke,0,0.0
2026-09-20-20-43-01,2026-09-20T18:43:04.317682+00:00,9e9ad95864d49004cccf10333d6c4fb772b01708,DIE FRAUEN,0,0.0
2026-09-20-20-45-32,2026-09-20T18:45:34.650496+00:00,803f92d4abf7c7f63d5c89bd8ef5167cce1987d7,CDU,225864,18.701732276684023
2026-09-20-20-45-32,2026-09-20T18:45:34.650496+00:00,803f92d4abf7c7f63d5c89bd8ef5167cce1987d7,SPD,144358,11.952965802418944
2026-09-20-20-45-32,2026-09-20T18:45:34.650496+00:00,803f92d4abf7c7f63d5c89bd8ef5167cce1987d7,GRÜNE,168554,13.956415286031413
2026-09-20-20-45-32,2026-09-20T18:45:34.650496+00:00,803f92d4abf7c7f63d5c89bd8ef5167cce1987d7,Die Linke,311836,25.820287368646795
2026-09-20-20-45-32,2026-09-20T18:45:34.650496+00:00,803f92d4abf7c7f63d5c89bd8ef5167cce1987d7,AfD,201311,16.668722887895093
2026-09-20-20-45-32,2026-09-20T18:45:34.650496+00:00,803f92d4abf7c7f63d5c89bd8ef5167cce1987d7,FDP,30140,2.4956177647578035
2026-09-20-20-45-32,2026-09-20T18:45:34.650496+00:00,803f92d4abf7c7f63d5c89bd8ef5167cce1987d7,Tierschutzpartei,25081,2.076728240142351
2026-09-20-20-45-32,2026-09-20T18:45:34.650496+00:00,803f92d4abf7c7f63d5c89bd8ef5167cce1987d7,Die PARTEI,8965,0.7423096636049671
2026-09-20-20-45-32,2026-09-20T18:45:34.650496+00:00,803f92d4abf7c7f63d5c89bd8ef5167cce1987d7,Volt,24473,2.026385320402048
2026-09-20-20-45-32,2026-09-20T18:45:34.650496+00:00,803f92d4abf7c7f63d5c89bd8ef5167cce1987d7,FREIE WÄHLER,0,0.0
2026-09-20-20-45-32,2026-09-20T18:45:34.650496+00:00,803f92d4abf7c7f63d5c89bd8ef5167cce1987d7,Mieterpartei,0,0.0
2026-09-20-20-45-32,2026-09-20T18:45:34.650496+00:00,803f92d4abf7c7f63d5c89bd8ef5167cce1987d7,Die Urbane.,964,0.07982002406192841
2026-09-20-20-45-32,2026-09-20T18:45:34.650496+00:00,803f92d4abf7c7f63d5c89bd8ef5167cce1987d7,DKP,1399,0.11583839591559943
2026-09-20-20-45-32,2026-09-20T18:45:34.650496+00:00,803f92d4abf7c7f63d5c89bd8ef5167cce1987d7,ÖDP,1659,0.13736661817296603
2026-09-20-20-45-32,2026-09-20T18:45:34.650496+00:00,803f92d4abf7c7f63d5c89bd8ef5167cce1987d7,Die Heimat,384,0.031795528257033724
2026-09-20-20-45-32,2026-09-20T18:45:34.650496+00:00,803f92d4abf7c7f63d5c89bd8ef5167cce1987d7,bergpartei,56,0.0046368478708174185
2026-09-20-20-45-32,2026-09-20T18:45:34.650496+00:00,803f92d4abf7c7f63d5c89bd8ef5167cce1987d7,SGP,455,0.037674388950391526
2026-09-20-20-45-32,2026-09-20T18:45:34.650496+00:00,803f92d4abf7c7f63d5c89bd8ef5167cce1987d7,Menschliche Welt,0,0.0
2026-09-20-20-45-32,2026-09-20T18:45:34.650496+00:00,803f92d4abf7c7f63d5c89bd8ef5167cce1987d7,AB Spandau,0,0.0
2026-09-20-20-45-32,2026-09-20T18:45:34.650496+00:00,803f92d4abf7c7f63d5c89bd8ef5167cce1987d7,Ausländer für Berlin,0,0.0
2026-09-20-20-45-32,2026-09-20T18:45:34.650496+00:00,803f92d4abf7c7f63d5c89bd8ef5167cce1987d7,Migrants for Neukölln,0,0.0
2026-09-20-20-45-32,2026-09-20T18:45:34.650496+00:00,803f92d4abf7c7f63d5c89bd8ef5167cce1987d7,Berliner:innen ohne Grenzen,0,0.0
2026-09-20-20-45-32,2026-09-20T18:45:34.650496+00:00,803f92d4abf7c7f63d5c89bd8ef5167cce1987d7,Berlin Retten,0,0.0
2026-09-20-20-45-32,2026-09-20T18:45:34.650496+00:00,803f92d4abf7c7f63d5c89bd8ef5167cce1987d7,BSW,58420,4.837225939520599
2026-09-20-20-45-32,2026-09-20T18:45:34.650496+00:00,803f92d4abf7c7f63d5c89bd8ef5167cce1987d7,Losdemokratie,0,0.0
2026-09-20-20-45-32,2026-09-20T18:45:34.650496+00:00,803f92d4abf7c7f63d5c89bd8ef5167cce1987d7,MERA25,0,0.0
2026-09-20-20-45-32,2026-09-20T18:45:34.650496+00:00,803f92d4abf7c7f63d5c89bd8ef5167cce1987d7,PdF,3798,0.3144776466672242
2026-09-20-20-45-32,2026-09-20T18:45:34.650496+00:00,803f92d4abf7c7f63d5c89bd8ef5167cce1987d7,Jan Mihm: Bester Mann,0,0.0
2026-09-20-20-45-32,2026-09-20T18:45:34.650496+00:00,803f92d4abf7c7f63d5c89bd8ef5167cce1987d7,Demokratische Linke,0,0.0
2026-09-20-20-45-32,2026-09-20T18:45:34.650496+00:00,803f92d4abf7c7f63d5c89bd8ef5167cce1987d7,DIE FRAUEN,0,0.0
2026-09-20-20-48-32,2026-09-20T18:48:34.983165+00:00,07fad3f417e9d919fd5ec6c767014fd0c596359e,CDU,232941,18.718886032575895
2026-09-20-20-48-32,2026-09-20T18:48:34.983165+00:00,07fad3f417e9d919fd5ec6c767014fd0c596359e,SPD,149042,11.976853418106632
2026-09-20-20-48-32,2026-09-20T18:48:34.983165+00:00,07fad3f417e9d919fd5ec6c767014fd0c596359e,GRÜNE,173729,13.96067395414881
2026-09-20-20-48-32,2026-09-20T18:48:34.983165+00:00,07fad3f417e9d919fd5ec6c767014fd0c596359e,Die Linke,320897,25.786934765436346
2026-09-20-20-48-32,2026-09-20T18:48:34.983165+00:00,07fad3f417e9d919fd5ec6c767014fd0c596359e,AfD,207267,16.65575124737126
2026-09-20-20-48-32,2026-09-20T18:48:34.983165+00:00,07fad3f417e9d919fd5ec6c767014fd0c596359e,FDP,31066,2.4964300551985388
2026-09-20-20-48-32,2026-09-20T18:48:34.983165+00:00,07fad3f417e9d919fd5ec6c767014fd0c596359e,Tierschutzpartei,25880,2.0796887217066304
2026-09-20-20-48-32,2026-09-20T18:48:34.983165+00:00,07fad3f417e9d919fd5ec6c767014fd0c596359e,Die PARTEI,9197,0.7390609417904127
2026-09-20-20-48-32,2026-09-20T18:48:34.983165+00:00,07fad3f417e9d919fd5ec6c767014fd0c596359e,Volt,25234,2.027776862579023
2026-09-20-20-48-32,2026-09-20T18:48:34.983165+00:00,07fad3f417e9d919fd5ec6c767014fd0c596359e,FREIE WÄHLER,0,0.0
2026-09-20-20-48-32,2026-09-20T18:48:34.983165+00:00,07fad3f417e9d919fd5ec6c767014fd0c596359e,Mieterpartei,0,0.0
2026-09-20-20-48-32,2026-09-20T18:48:34.983165+00:00,07fad3f417e9d919fd5ec6c767014fd0c596359e,Die Urbane.,1014,0.08148393986903105
2026-09-20-20-48-32,2026-09-20T18:48:34.983165+00:00,07fad3f417e9d919fd5ec6c767014fd0c596359e,DKP,1438,0.11555611985371463
2026-09-20-20-48-32,2026-09-20T18:48:34.983165+00:00,07fad3f417e9d919fd5ec6c767014fd0c596359e,ÖDP,1716,0.13789589823989867
2026-09-20-20-48-32,2026-09-20T18:48:34.983165+00:00,07fad3f417e9d919fd5ec6c767014fd0c596359e,Die Heimat,401,0.032223924938344625
2026-09-20-20-48-32,2026-09-20T18:48:34.983165+00:00,07fad3f417e9d919fd5ec6c767014fd0c596359e,bergpartei,56,0.0045000992432600966
2026-09-20-20-48-32,2026-09-20T18:48:34.983165+00:00,07fad3f417e9d919fd5ec6c767014fd0c596359e,SGP,466,0.037447254417128664
2026-09-20-20-48-32,2026-09-20T18:48:34.983165+00:00,07fad3f417e9d919fd5ec6c767014fd0c596359e,Menschliche Welt,0,0.0
2026-09-20-20-48-32,2026-09-20T18:48:34.983165+00:00,07fad3f417e9d919fd5ec6c767014fd0c596359e,AB Spandau,0,0.0
2026-09-20-20-48-32,2026-09-20T18:48:34.983165+00:00,07fad3f417e9d919fd5ec6c767014fd0c596359e,Ausländer für Berlin,0,0.0
2026-09-20-20-48-32,2026-09-20T18:48:34.983165+00:00,07fad3f417e9d919fd5ec6c767014fd0c596359e,Migrants for Neukölln,0,0.0
2026-09-20-20-48-32,2026-09-20T18:48:34.983165+00:00,07fad3f417e9d919fd5ec6c767014fd0c596359e,Berliner:innen ohne Grenzen,0,0.0
2026-09-20-20-48-32,2026-09-20T18:48:34.983165+00:00,07fad3f417e9d919fd5ec6c767014fd0c596359e,Berlin Retten,0,0.0
2026-09-20-20-48-32,2026-09-20T18:48:34.983165+00:00,07fad3f417e9d919fd5ec6c767014fd0c596359e,BSW,60149,4.833508381836635
2026-09-20-20-48-32,2026-09-20T18:48:34.983165+00:00,07fad3f417e9d919fd5ec6c767014fd0c596359e,Losdemokratie,0,0.0
2026-09-20-20-48-32,2026-09-20T18:48:34.983165+00:00,07fad3f417e9d919fd5ec6c767014fd0c596359e,MERA25,0,0.0
2026-09-20-20-48-32,2026-09-20T18:48:34.983165+00:00,07fad3f417e9d919fd5ec6c767014fd0c596359e,PdF,3924,0.31532838268843966
2026-09-20-20-48-32,2026-09-20T18:48:34.983165+00:00,07fad3f417e9d919fd5ec6c767014fd0c596359e,Jan Mihm: Bester Mann,0,0.0
2026-09-20-20-48-32,2026-09-20T18:48:34.983165+00:00,07fad3f417e9d919fd5ec6c767014fd0c596359e,Demokratische Linke,0,0.0
2026-09-20-20-48-32,2026-09-20T18:48:34.983165+00:00,07fad3f417e9d919fd5ec6c767014fd0c596359e,DIE FRAUEN,0,0.0
2026-09-20-20-51-03,2026-09-20T18:51:06.017705+00:00,552dcca980af647472f75ff5e7dc3746ee1362eb,CDU,238680,18.75375676217191
2026-09-20-20-51-03,2026-09-20T18:51:06.017705+00:00,552dcca980af647472f75ff5e7dc3746ee1362eb,SPD,152581,11.988716945403688
2026-09-20-20-51-03,2026-09-20T18:51:06.017705+00:00,552dcca980af647472f75ff5e7dc3746ee1362eb,GRÜNE,177710,13.963172926954794
2026-09-20-20-51-03,2026-09-20T18:51:06.017705+00:00,552dcca980af647472f75ff5e7dc3746ee1362eb,Die Linke,327918,25.76543660942638
2026-09-20-20-51-03,2026-09-20T18:51:06.017705+00:00,552dcca980af647472f75ff5e7dc3746ee1362eb,AfD,211509,16.61885511567881
2026-09-20-20-51-03,2026-09-20T18:51:06.017705+00:00,552dcca980af647472f75ff5e7dc3746ee1362eb,FDP,31858,2.503172376945168
2026-09-20-20-51-03,2026-09-20T18:51:06.017705+00:00,552dcca980af647472f75ff5e7dc3746ee1362eb,Tierschutzpartei,26550,2.086107935460299
2026-09-20-20-51-03,2026-09-20T18:51:06.017705+00:00,552dcca980af647472f75ff5e7dc3746ee1362eb,Die PARTEI,9428,0.7407843922982937
2026-09-20-20-51-03,2026-09-20T18:51:06.017705+00:00,552dcca980af647472f75ff5e7dc3746ee1362eb,Volt,25799,2.027099759960085
2026-09-20-20-51-03,2026-09-20T18:51:06.017705+00:00,552dcca980af647472f75ff5e7dc3746ee1362eb,FREIE WÄHLER,0,0.0
2026-09-20-20-51-03,2026-09-20T18:51:06.017705+00:00,552dcca980af647472f75ff5e7dc3746ee1362eb,Mieterpartei,0,0.0
2026-09-20-20-51-03,2026-09-20T18:51:06.017705+00:00,552dcca980af647472f75ff5e7dc3746ee1362eb,Die Urbane.,1037,0.08147999732852468
2026-09-20-20-51-03,2026-09-20T18:51:06.017705+00:00,552dcca980af647472f75ff5e7dc3746ee1362eb,DKP,1474,0.11581631249975446
2026-09-20-20-51-03,2026-09-20T18:51:06.017705+00:00,552dcca980af647472f75ff5e7dc3746ee1362eb,ÖDP,1760,0.13828813432806503
2026-09-20-20-51-03,2026-09-20T18:51:06.017705+00:00,552dcca980af647472f75ff5e7dc3746ee1362eb,Die Heimat,404,0.031743412652578566
2026-09-20-20-51-03,2026-09-20T18:51:06.017705+00:00,552dcca980af647472f75ff5e7dc3746ee1362eb,bergpartei,58,0.004557222608538507
2026-09-20-20-51-03,2026-09-20T18:51:06.017705+00:00,552dcca980af647472f75ff5e7dc3746ee1362eb,SGP,474,0.037243508904262965
2026-09-20-20-51-03,2026-09-20T18:51:06.017705+00:00,552dcca980af647472f75ff5e7dc3746ee1362eb,Menschliche Welt,0,0.0
2026-09-20-20-51-03,2026-09-20T18:51:06.017705+00:00,552dcca980af647472f75ff5e7dc3746ee1362eb,AB Spandau,0,0.0
2026-09-20-20-51-03,2026-09-20T18:51:06.017705+00:00,552dcca980af647472f75ff5e7dc3746ee1362eb,Ausländer für Berlin,0,0.0
2026-09-20-20-51-03,2026-09-20T18:51:06.017705+00:00,552dcca980af647472f75ff5e7dc3746ee1362eb,Migrants for Neukölln,0,0.0
2026-09-20-20-51-03,2026-09-20T18:51:06.017705+00:00,552dcca980af647472f75ff5e7dc3746ee1362eb,Berliner:innen ohne Grenzen,0,0.0
2026-09-20-20-51-03,2026-09-20T18:51:06.017705+00:00,552dcca980af647472f75ff5e7dc3746ee1362eb,Berlin Retten,0,0.0
2026-09-20-20-51-03,2026-09-20T18:51:06.017705+00:00,552dcca980af647472f75ff5e7dc3746ee1362eb,BSW,61442,4.8276701985141885
2026-09-20-20-51-03,2026-09-20T18:51:06.017705+00:00,552dcca980af647472f75ff5e7dc3746ee1362eb,Losdemokratie,0,0.0
2026-09-20-20-51-03,2026-09-20T18:51:06.017705+00:00,552dcca980af647472f75ff5e7dc3746ee1362eb,MERA25,0,0.0
2026-09-20-20-51-03,2026-09-20T18:51:06.017705+00:00,552dcca980af647472f75ff5e7dc3746ee1362eb,PdF,4023,0.3160983888646623
2026-09-20-20-51-03,2026-09-20T18:51:06.017705+00:00,552dcca980af647472f75ff5e7dc3746ee1362eb,Jan Mihm: Bester Mann,0,0.0
2026-09-20-20-51-03,2026-09-20T18:51:06.017705+00:00,552dcca980af647472f75ff5e7dc3746ee1362eb,Demokratische Linke,0,0.0
2026-09-20-20-51-03,2026-09-20T18:51:06.017705+00:00,552dcca980af647472f75ff5e7dc3746ee1362eb,DIE FRAUEN,0,0.0
2026-09-20-20-54-01,2026-09-20T18:54:04.488487+00:00,b3c019933fd73dfd9793e4fdb640567e9f923fbf,CDU,243635,18.750976473060117
2026-09-20-20-54-01,2026-09-20T18:54:04.488487+00:00,b3c019933fd73dfd9793e4fdb640567e9f923fbf,SPD,155930,12.00090201097652
2026-09-20-20-54-01,2026-09-20T18:54:04.488487+00:00,b3c019933fd73dfd9793e4fdb640567e9f923fbf,GRÜNE,181238,13.948691583821986
2026-09-20-20-54-01,2026-09-20T18:54:04.488487+00:00,b3c019933fd73dfd9793e4fdb640567e9f923fbf,Die Linke,334811,25.768190875373946
2026-09-20-20-54-01,2026-09-20T18:54:04.488487+00:00,b3c019933fd73dfd9793e4fdb640567e9f923fbf,AfD,215951,16.620321876305972
2026-09-20-20-54-01,2026-09-20T18:54:04.488487+00:00,b3c019933fd73dfd9793e4fdb640567e9f923fbf,FDP,32578,2.5073134465054387
2026-09-20-20-54-01,2026-09-20T18:54:04.488487+00:00,b3c019933fd73dfd9793e4fdb640567e9f923fbf,Tierschutzpartei,27141,2.088863473865925
2026-09-20-20-54-01,2026-09-20T18:54:04.488487+00:00,b3c019933fd73dfd9793e4fdb640567e9f923fbf,Die PARTEI,9653,0.7429276413259561
2026-09-20-20-54-01,2026-09-20T18:54:04.488487+00:00,b3c019933fd73dfd9793e4fdb640567e9f923fbf,Volt,26353,2.0282163194719693
2026-09-20-20-54-01,2026-09-20T18:54:04.488487+00:00,b3c019933fd73dfd9793e4fdb640567e9f923fbf,FREIE WÄHLER,0,0.0
2026-09-20-20-54-01,2026-09-20T18:54:04.488487+00:00,b3c019933fd73dfd9793e4fdb640567e9f923fbf,Mieterpartei,0,0.0
2026-09-20-20-54-01,2026-09-20T18:54:04.488487+00:00,b3c019933fd73dfd9793e4fdb640567e9f923fbf,Die Urbane.,1069,0.08227386808012505
2026-09-20-20-54-01,2026-09-20T18:54:04.488487+00:00,b3c019933fd73dfd9793e4fdb640567e9f923fbf,DKP,1501,0.11552205424533929
2026-09-20-20-54-01,2026-09-20T18:54:04.488487+00:00,b3c019933fd73dfd9793e4fdb640567e9f923fbf,ÖDP,1795,0.1381492920522212
2026-09-20-20-54-01,2026-09-20T18:54:04.488487+00:00,b3c019933fd73dfd9793e4fdb640567e9f923fbf,Die Heimat,411,0.0316319548932941
2026-09-20-20-54-01,2026-09-20T18:54:04.488487+00:00,b3c019933fd73dfd9793e4fdb640567e9f923fbf,bergpartei,60,0.004617803634057533
2026-09-20-20-54-01,2026-09-20T18:54:04.488487+00:00,b3c019933fd73dfd9793e4fdb640567e9f923fbf,SGP,491,0.03778902640537082
2026-09-20-20-54-01,2026-09-20T18:54:04.488487+00:00,b3c019933fd73dfd9793e4fdb640567e9f923fbf,Menschliche Welt,0,0.0
2026-09-20-20-54-01,2026-09-20T18:54:04.488487+00:00,b3c019933fd73dfd9793e4fdb640567e9f923fbf,AB Spandau,0,0.0
2026-09-20-20-54-01,2026-09-20T18:54:04.488487+00:00,b3c019933fd73dfd9793e4fdb640567e9f923fbf,Ausländer für Berlin,0,0.0
2026-09-20-20-54-01,2026-09-20T18:54:04.488487+00:00,b3c019933fd73dfd9793e4fdb640567e9f923fbf,Migrants for Neukölln,0,0.0
2026-09-20-20-54-01,2026-09-20T18:54:04.488487+00:00,b3c019933fd73dfd9793e4fdb640567e9f923fbf,Berliner:innen ohne Grenzen,0,0.0
2026-09-20-20-54-01,2026-09-20T18:54:04.488487+00:00,b3c019933fd73dfd9793e4fdb640567e9f923fbf,Berlin Retten,0,0.0
2026-09-20-20-54-01,2026-09-20T18:54:04.488487+00:00,b3c019933fd73dfd9793e4fdb640567e9f923fbf,BSW,62593,4.817369714442719
2026-09-20-20-54-01,2026-09-20T18:54:04.488487+00:00,b3c019933fd73dfd9793e4fdb640567e9f923fbf,Losdemokratie,0,0.0
2026-09-20-20-54-01,2026-09-20T18:54:04.488487+00:00,b3c019933fd73dfd9793e4fdb640567e9f923fbf,MERA25,0,0.0
2026-09-20-20-54-01,2026-09-20T18:54:04.488487+00:00,b3c019933fd73dfd9793e4fdb640567e9f923fbf,PdF,4109,0.31624258553904006
2026-09-20-20-54-01,2026-09-20T18:54:04.488487+00:00,b3c019933fd73dfd9793e4fdb640567e9f923fbf,Jan Mihm: Bester Mann,0,0.0
2026-09-20-20-54-01,2026-09-20T18:54:04.488487+00:00,b3c019933fd73dfd9793e4fdb640567e9f923fbf,Demokratische Linke,0,0.0
2026-09-20-20-54-01,2026-09-20T18:54:04.488487+00:00,b3c019933fd73dfd9793e4fdb640567e9f923fbf,DIE FRAUEN,0,0.0
2026-09-20-20-57-03,2026-09-20T18:57:06.343548+00:00,df3b58c11ad7553070390b6e58c413f8e68fc32a,CDU,249251,18.749854251968443
2026-09-20-20-57-03,2026-09-20T18:57:06.343548+00:00,df3b58c11ad7553070390b6e58c413f8e68fc32a,SPD,159625,12.007757180394313
2026-09-20-20-57-03,2026-09-20T18:57:06.343548+00:00,df3b58c11ad7553070390b6e58c413f8e68fc32a,GRÜNE,185927,13.986319619603279
2026-09-20-20-57-03,2026-09-20T18:57:06.343548+00:00,df3b58c11ad7553070390b6e58c413f8e68fc32a,Die Linke,343136,25.812333706197546
2026-09-20-20-57-03,2026-09-20T18:57:06.343548+00:00,df3b58c11ad7553070390b6e58c413f8e68fc32a,AfD,219898,16.541780977004535
2026-09-20-20-57-03,2026-09-20T18:57:06.343548+00:00,df3b58c11ad7553070390b6e58c413f8e68fc32a,FDP,33348,2.5085963129321196
2026-09-20-20-57-03,2026-09-20T18:57:06.343548+00:00,df3b58c11ad7553070390b6e58c413f8e68fc32a,Tierschutzpartei,27790,2.0904969274434326
2026-09-20-20-57-03,2026-09-20T18:57:06.343548+00:00,df3b58c11ad7553070390b6e58c413f8e68fc32a,Die PARTEI,9873,0.7426943564105438
2026-09-20-20-57-03,2026-09-20T18:57:06.343548+00:00,df3b58c11ad7553070390b6e58c413f8e68fc32a,Volt,26977,2.029339172783069
2026-09-20-20-57-03,2026-09-20T18:57:06.343548+00:00,df3b58c11ad7553070390b6e58c413f8e68fc32a,FREIE WÄHLER,0,0.0
2026-09-20-20-57-03,2026-09-20T18:57:06.343548+00:00,df3b58c11ad7553070390b6e58c413f8e68fc32a,Mieterpartei,0,0.0
2026-09-20-20-57-03,2026-09-20T18:57:06.343548+00:00,df3b58c11ad7553070390b6e58c413f8e68fc32a,Die Urbane.,1100,0.08274726952816755
2026-09-20-20-57-03,2026-09-20T18:57:06.343548+00:00,df3b58c11ad7553070390b6e58c413f8e68fc32a,DKP,1543,0.11607185171087503
2026-09-20-20-57-03,2026-09-20T18:57:06.343548+00:00,df3b58c11ad7553070390b6e58c413f8e68fc32a,ÖDP,1828,0.13751091699771842
2026-09-20-20-57-03,2026-09-20T18:57:06.343548+00:00,df3b58c11ad7553070390b6e58c413f8e68fc32a,Die Heimat,416,0.03129351283974336
2026-09-20-20-57-03,2026-09-20T18:57:06.343548+00:00,df3b58c11ad7553070390b6e58c413f8e68fc32a,bergpartei,62,0.004663937009769444
2026-09-20-20-57-03,2026-09-20T18:57:06.343548+00:00,df3b58c11ad7553070390b6e58c413f8e68fc32a,SGP,505,0.03798851919247692
2026-09-20-20-57-03,2026-09-20T18:57:06.343548+00:00,df3b58c11ad7553070390b6e58c413f8e68fc32a,Menschliche Welt,0,0.0
2026-09-20-20-57-03,2026-09-20T18:57:06.343548+00:00,df3b58c11ad7553070390b6e58c413f8e68fc32a,AB Spandau,0,0.0
2026-09-20-20-57-03,2026-09-20T18:57:06.343548+00:00,df3b58c11ad7553070390b6e58c413f8e68fc32a,Ausländer für Berlin,0,0.0
2026-09-20-20-57-03,2026-09-20T18:57:06.343548+00:00,df3b58c11ad7553070390b6e58c413f8e68fc32a,Migrants for Neukölln,0,0.0
2026-09-20-20-57-03,2026-09-20T18:57:06.343548+00:00,df3b58c11ad7553070390b6e58c413f8e68fc32a,Berliner:innen ohne Grenzen,0,0.0
2026-09-20-20-57-03,2026-09-20T18:57:06.343548+00:00,df3b58c11ad7553070390b6e58c413f8e68fc32a,Berlin Retten,0,0.0
2026-09-20-20-57-03,2026-09-20T18:57:06.343548+00:00,df3b58c11ad7553070390b6e58c413f8e68fc32a,BSW,63870,4.8046073679673285
2026-09-20-20-57-03,2026-09-20T18:57:06.343548+00:00,df3b58c11ad7553070390b6e58c413f8e68fc32a,Losdemokratie,0,0.0
2026-09-20-20-57-03,2026-09-20T18:57:06.343548+00:00,df3b58c11ad7553070390b6e58c413f8e68fc32a,MERA25,0,0.0
2026-09-20-20-57-03,2026-09-20T18:57:06.343548+00:00,df3b58c11ad7553070390b6e58c413f8e68fc32a,PdF,4200,0.31594412001663974
2026-09-20-20-57-03,2026-09-20T18:57:06.343548+00:00,df3b58c11ad7553070390b6e58c413f8e68fc32a,Jan Mihm: Bester Mann,0,0.0
2026-09-20-20-57-03,2026-09-20T18:57:06.343548+00:00,df3b58c11ad7553070390b6e58c413f8e68fc32a,Demokratische Linke,0,0.0
2026-09-20-20-57-03,2026-09-20T18:57:06.343548+00:00,df3b58c11ad7553070390b6e58c413f8e68fc32a,DIE FRAUEN,0,0.0
2026-09-20-21-00-03,2026-09-20T19:00:05.583937+00:00,52933d0aa13ab7293b0c2fc9f26606143d54b3ba,CDU,253300,18.733946161907742
2026-09-20-21-00-03,2026-09-20T19:00:05.583937+00:00,52933d0aa13ab7293b0c2fc9f26606143d54b3ba,SPD,162344,12.00688415202823
2026-09-20-21-00-03,2026-09-20T19:00:05.583937+00:00,52933d0aa13ab7293b0c2fc9f26606143d54b3ba,GRÜNE,189595,14.022355004211995
2026-09-20-21-00-03,2026-09-20T19:00:05.583937+00:00,52933d0aa13ab7293b0c2fc9f26606143d54b3ba,Die Linke,349557,25.853067581989674
2026-09-20-21-00-03,2026-09-20T19:00:05.583937+00:00,52933d0aa13ab7293b0c2fc9f26606143d54b3ba,AfD,222873,16.48357987738991
2026-09-20-21-00-03,2026-09-20T19:00:05.583937+00:00,52933d0aa13ab7293b0c2fc9f26606143d54b3ba,FDP,33936,2.509890236677857
2026-09-20-21-00-03,2026-09-20T19:00:05.583937+00:00,52933d0aa13ab7293b0c2fc9f26606143d54b3ba,Tierschutzpartei,28259,2.0900220473326128
2026-09-20-21-00-03,2026-09-20T19:00:05.583937+00:00,52933d0aa13ab7293b0c2fc9f26606143d54b3ba,Die PARTEI,10064,0.7443285991845223
2026-09-20-21-00-03,2026-09-20T19:00:05.583937+00:00,52933d0aa13ab7293b0c2fc9f26606143d54b3ba,Volt,27501,2.033960731932984
2026-09-20-21-00-03,2026-09-20T19:00:05.583937+00:00,52933d0aa13ab7293b0c2fc9f26606143d54b3ba,FREIE WÄHLER,0,0.0
2026-09-20-21-00-03,2026-09-20T19:00:05.583937+00:00,52933d0aa13ab7293b0c2fc9f26606143d54b3ba,Mieterpartei,0,0.0
2026-09-20-21-00-03,2026-09-20T19:00:05.583937+00:00,52933d0aa13ab7293b0c2fc9f26606143d54b3ba,Die Urbane.,1119,0.08276070175750005
2026-09-20-21-00-03,2026-09-20T19:00:05.583937+00:00,52933d0aa13ab7293b0c2fc9f26606143d54b3ba,DKP,1562,0.11552476867311445
2026-09-20-21-00-03,2026-09-20T19:00:05.583937+00:00,52933d0aa13ab7293b0c2fc9f26606143d54b3ba,ÖDP,1858,0.13741678629618864
2026-09-20-21-00-03,2026-09-20T19:00:05.583937+00:00,52933d0aa13ab7293b0c2fc9f26606143d54b3ba,Die Heimat,423,0.031284876535676964
2026-09-20-21-00-03,2026-09-20T19:00:05.583937+00:00,52933d0aa13ab7293b0c2fc9f26606143d54b3ba,bergpartei,62,0.00458549017780608
2026-09-20-21-00-03,2026-09-20T19:00:05.583937+00:00,52933d0aa13ab7293b0c2fc9f26606143d54b3ba,SGP,510,0.03771935468840485
2026-09-20-21-00-03,2026-09-20T19:00:05.583937+00:00,52933d0aa13ab7293b0c2fc9f26606143d54b3ba,Menschliche Welt,0,0.0
2026-09-20-21-00-03,2026-09-20T19:00:05.583937+00:00,52933d0aa13ab7293b0c2fc9f26606143d54b3ba,AB Spandau,0,0.0
2026-09-20-21-00-03,2026-09-20T19:00:05.583937+00:00,52933d0aa13ab7293b0c2fc9f26606143d54b3ba,Ausländer für Berlin,0,0.0
2026-09-20-21-00-03,2026-09-20T19:00:05.583937+00:00,52933d0aa13ab7293b0c2fc9f26606143d54b3ba,Migrants for Neukölln,0,0.0
2026-09-20-21-00-03,2026-09-20T19:00:05.583937+00:00,52933d0aa13ab7293b0c2fc9f26606143d54b3ba,Berliner:innen ohne Grenzen,0,0.0
2026-09-20-21-00-03,2026-09-20T19:00:05.583937+00:00,52933d0aa13ab7293b0c2fc9f26606143d54b3ba,Berlin Retten,0,0.0
2026-09-20-21-00-03,2026-09-20T19:00:05.583937+00:00,52933d0aa13ab7293b0c2fc9f26606143d54b3ba,BSW,64862,4.797162321175128
2026-09-20-21-00-03,2026-09-20T19:00:05.583937+00:00,52933d0aa13ab7293b0c2fc9f26606143d54b3ba,Losdemokratie,0,0.0
2026-09-20-21-00-03,2026-09-20T19:00:05.583937+00:00,52933d0aa13ab7293b0c2fc9f26606143d54b3ba,MERA25,0,0.0
2026-09-20-21-00-03,2026-09-20T19:00:05.583937+00:00,52933d0aa13ab7293b0c2fc9f26606143d54b3ba,PdF,4266,0.315511308040657
2026-09-20-21-00-03,2026-09-20T19:00:05.583937+00:00,52933d0aa13ab7293b0c2fc9f26606143d54b3ba,Jan Mihm: Bester Mann,0,0.0
2026-09-20-21-00-03,2026-09-20T19:00:05.583937+00:00,52933d0aa13ab7293b0c2fc9f26606143d54b3ba,Demokratische Linke,0,0.0
2026-09-20-21-00-03,2026-09-20T19:00:05.583937+00:00,52933d0aa13ab7293b0c2fc9f26606143d54b3ba,DIE FRAUEN,0,0.0
2026-09-20-21-03-10,2026-09-20T19:03:12.619078+00:00,c142b43afee9e3fb73260b717b2e8ac88eb8276a,CDU,258407,18.718864612814688
2026-09-20-21-03-10,2026-09-20T19:03:12.619078+00:00,c142b43afee9e3fb73260b717b2e8ac88eb8276a,SPD,165505,11.989093514277457
2026-09-20-21-03-10,2026-09-20T19:03:12.619078+00:00,c142b43afee9e3fb73260b717b2e8ac88eb8276a,GRÜNE,193482,14.01573240282427
2026-09-20-21-03-10,2026-09-20T19:03:12.619078+00:00,c142b43afee9e3fb73260b717b2e8ac88eb8276a,Die Linke,356995,25.86052650451334
2026-09-20-21-03-10,2026-09-20T19:03:12.619078+00:00,c142b43afee9e3fb73260b717b2e8ac88eb8276a,AfD,227934,16.511416821747485
2026-09-20-21-03-10,2026-09-20T19:03:12.619078+00:00,c142b43afee9e3fb73260b717b2e8ac88eb8276a,FDP,34680,2.5122006167495976
2026-09-20-21-03-10,2026-09-20T19:03:12.619078+00:00,c142b43afee9e3fb73260b717b2e8ac88eb8276a,Tierschutzpartei,28936,2.0961083346674267
2026-09-20-21-03-10,2026-09-20T19:03:12.619078+00:00,c142b43afee9e3fb73260b717b2e8ac88eb8276a,Die PARTEI,10257,0.7430115837947123
2026-09-20-21-03-10,2026-09-20T19:03:12.619078+00:00,c142b43afee9e3fb73260b717b2e8ac88eb8276a,Volt,28125,2.0373599292411315
2026-09-20-21-03-10,2026-09-20T19:03:12.619078+00:00,c142b43afee9e3fb73260b717b2e8ac88eb8276a,FREIE WÄHLER,0,0.0
2026-09-20-21-03-10,2026-09-20T19:03:12.619078+00:00,c142b43afee9e3fb73260b717b2e8ac88eb8276a,Mieterpartei,0,0.0
2026-09-20-21-03-10,2026-09-20T19:03:12.619078+00:00,c142b43afee9e3fb73260b717b2e8ac88eb8276a,Die Urbane.,1138,0.0824361102036056
2026-09-20-21-03-10,2026-09-20T19:03:12.619078+00:00,c142b43afee9e3fb73260b717b2e8ac88eb8276a,DKP,1590,0.1151787479997653
2026-09-20-21-03-10,2026-09-20T19:03:12.619078+00:00,c142b43afee9e3fb73260b717b2e8ac88eb8276a,ÖDP,1897,0.1374176634940596
2026-09-20-21-03-10,2026-09-20T19:03:12.619078+00:00,c142b43afee9e3fb73260b717b2e8ac88eb8276a,Die Heimat,428,0.031004090656540594
2026-09-20-21-03-10,2026-09-20T19:03:12.619078+00:00,c142b43afee9e3fb73260b717b2e8ac88eb8276a,bergpartei,62,0.0044912467773493385
2026-09-20-21-03-10,2026-09-20T19:03:12.619078+00:00,c142b43afee9e3fb73260b717b2e8ac88eb8276a,SGP,520,0.03766852135841381
2026-09-20-21-03-10,2026-09-20T19:03:12.619078+00:00,c142b43afee9e3fb73260b717b2e8ac88eb8276a,Menschliche Welt,0,0.0
2026-09-20-21-03-10,2026-09-20T19:03:12.619078+00:00,c142b43afee9e3fb73260b717b2e8ac88eb8276a,AB Spandau,0,0.0
2026-09-20-21-03-10,2026-09-20T19:03:12.619078+00:00,c142b43afee9e3fb73260b717b2e8ac88eb8276a,Ausländer für Berlin,0,0.0
2026-09-20-21-03-10,2026-09-20T19:03:12.619078+00:00,c142b43afee9e3fb73260b717b2e8ac88eb8276a,Migrants for Neukölln,0,0.0
2026-09-20-21-03-10,2026-09-20T19:03:12.619078+00:00,c142b43afee9e3fb73260b717b2e8ac88eb8276a,Berliner:innen ohne Grenzen,0,0.0
2026-09-20-21-03-10,2026-09-20T19:03:12.619078+00:00,c142b43afee9e3fb73260b717b2e8ac88eb8276a,Berlin Retten,0,0.0
2026-09-20-21-03-10,2026-09-20T19:03:12.619078+00:00,c142b43afee9e3fb73260b717b2e8ac88eb8276a,BSW,66145,4.791508356254387
2026-09-20-21-03-10,2026-09-20T19:03:12.619078+00:00,c142b43afee9e3fb73260b717b2e8ac88eb8276a,Losdemokratie,0,0.0
2026-09-20-21-03-10,2026-09-20T19:03:12.619078+00:00,c142b43afee9e3fb73260b717b2e8ac88eb8276a,MERA25,0,0.0
2026-09-20-21-03-10,2026-09-20T19:03:12.619078+00:00,c142b43afee9e3fb73260b717b2e8ac88eb8276a,PdF,4362,0.3159809426257712
2026-09-20-21-03-10,2026-09-20T19:03:12.619078+00:00,c142b43afee9e3fb73260b717b2e8ac88eb8276a,Jan Mihm: Bester Mann,0,0.0
2026-09-20-21-03-10,2026-09-20T19:03:12.619078+00:00,c142b43afee9e3fb73260b717b2e8ac88eb8276a,Demokratische Linke,0,0.0
2026-09-20-21-03-10,2026-09-20T19:03:12.619078+00:00,c142b43afee9e3fb73260b717b2e8ac88eb8276a,DIE FRAUEN,0,0.0
2026-09-20-21-06-02,2026-09-20T19:06:05.262268+00:00,8209444d123161fd3303d49207ec62a57fee28d1,CDU,263768,18.760811179898035
2026-09-20-21-06-02,2026-09-20T19:06:05.262268+00:00,8209444d123161fd3303d49207ec62a57fee28d1,SPD,168996,12.020040513474145
2026-09-20-21-06-02,2026-09-20T19:06:05.262268+00:00,8209444d123161fd3303d49207ec62a57fee28d1,GRÜNE,197505,14.047776880007284
2026-09-20-21-06-02,2026-09-20T19:06:05.262268+00:00,8209444d123161fd3303d49207ec62a57fee28d1,Die Linke,362473,25.78132112618354
2026-09-20-21-06-02,2026-09-20T19:06:05.262268+00:00,8209444d123161fd3303d49207ec62a57fee28d1,AfD,231636,16.47538465040058
2026-09-20-21-06-02,2026-09-20T19:06:05.262268+00:00,8209444d123161fd3303d49207ec62a57fee28d1,FDP,35464,2.5224189730517117
2026-09-20-21-06-02,2026-09-20T19:06:05.262268+00:00,8209444d123161fd3303d49207ec62a57fee28d1,Tierschutzpartei,29535,2.1007118308448653
2026-09-20-21-06-02,2026-09-20T19:06:05.262268+00:00,8209444d123161fd3303d49207ec62a57fee28d1,Die PARTEI,10443,0.7427707347050255
2026-09-20-21-06-02,2026-09-20T19:06:05.262268+00:00,8209444d123161fd3303d49207ec62a57fee28d1,Volt,28666,2.038903177348871
2026-09-20-21-06-02,2026-09-20T19:06:05.262268+00:00,8209444d123161fd3303d49207ec62a57fee28d1,FREIE WÄHLER,0,0.0
2026-09-20-21-06-02,2026-09-20T19:06:05.262268+00:00,8209444d123161fd3303d49207ec62a57fee28d1,Mieterpartei,0,0.0
2026-09-20-21-06-02,2026-09-20T19:06:05.262268+00:00,8209444d123161fd3303d49207ec62a57fee28d1,Die Urbane.,1167,0.08300425619082301
2026-09-20-21-06-02,2026-09-20T19:06:05.262268+00:00,8209444d123161fd3303d49207ec62a57fee28d1,DKP,1611,0.11458428168244719
2026-09-20-21-06-02,2026-09-20T19:06:05.262268+00:00,8209444d123161fd3303d49207ec62a57fee28d1,ÖDP,1937,0.13777141751638747
2026-09-20-21-06-02,2026-09-20T19:06:05.262268+00:00,8209444d123161fd3303d49207ec62a57fee28d1,Die Heimat,435,0.030939889839766935
2026-09-20-21-06-02,2026-09-20T19:06:05.262268+00:00,8209444d123161fd3303d49207ec62a57fee28d1,bergpartei,62,0.004409823379461034
2026-09-20-21-06-02,2026-09-20T19:06:05.262268+00:00,8209444d123161fd3303d49207ec62a57fee28d1,SGP,537,0.038194760560815735
2026-09-20-21-06-02,2026-09-20T19:06:05.262268+00:00,8209444d123161fd3303d49207ec62a57fee28d1,Menschliche Welt,0,0.0
2026-09-20-21-06-02,2026-09-20T19:06:05.262268+00:00,8209444d123161fd3303d49207ec62a57fee28d1,AB Spandau,0,0.0
2026-09-20-21-06-02,2026-09-20T19:06:05.262268+00:00,8209444d123161fd3303d49207ec62a57fee28d1,Ausländer für Berlin,0,0.0
2026-09-20-21-06-02,2026-09-20T19:06:05.262268+00:00,8209444d123161fd3303d49207ec62a57fee28d1,Migrants for Neukölln,0,0.0
2026-09-20-21-06-02,2026-09-20T19:06:05.262268+00:00,8209444d123161fd3303d49207ec62a57fee28d1,Berliner:innen ohne Grenzen,0,0.0
2026-09-20-21-06-02,2026-09-20T19:06:05.262268+00:00,8209444d123161fd3303d49207ec62a57fee28d1,Berlin Retten,0,0.0
2026-09-20-21-06-02,2026-09-20T19:06:05.262268+00:00,8209444d123161fd3303d49207ec62a57fee28d1,BSW,67282,4.785511880917698
2026-09-20-21-06-02,2026-09-20T19:06:05.262268+00:00,8209444d123161fd3303d49207ec62a57fee28d1,Losdemokratie,0,0.0
2026-09-20-21-06-02,2026-09-20T19:06:05.262268+00:00,8209444d123161fd3303d49207ec62a57fee28d1,MERA25,0,0.0
2026-09-20-21-06-02,2026-09-20T19:06:05.262268+00:00,8209444d123161fd3303d49207ec62a57fee28d1,PdF,4435,0.31544462399854334
2026-09-20-21-06-02,2026-09-20T19:06:05.262268+00:00,8209444d123161fd3303d49207ec62a57fee28d1,Jan Mihm: Bester Mann,0,0.0
2026-09-20-21-06-02,2026-09-20T19:06:05.262268+00:00,8209444d123161fd3303d49207ec62a57fee28d1,Demokratische Linke,0,0.0
2026-09-20-21-06-02,2026-09-20T19:06:05.262268+00:00,8209444d123161fd3303d49207ec62a57fee28d1,DIE FRAUEN,0,0.0
2026-09-20-21-09-02,2026-09-20T19:09:04.957762+00:00,1209bc074e3a5444b4151d21d8b870155e69b238,CDU,274692,18.816389298937224
2026-09-20-21-09-02,2026-09-20T19:09:04.957762+00:00,1209bc074e3a5444b4151d21d8b870155e69b238,SPD,175804,12.042565871268037
2026-09-20-21-09-02,2026-09-20T19:09:04.957762+00:00,1209bc074e3a5444b4151d21d8b870155e69b238,GRÜNE,205670,14.088385490339794
2026-09-20-21-09-02,2026-09-20T19:09:04.957762+00:00,1209bc074e3a5444b4151d21d8b870155e69b238,Die Linke,375609,25.729199132790587
2026-09-20-21-09-02,2026-09-20T19:09:04.957762+00:00,1209bc074e3a5444b4151d21d8b870155e69b238,AfD,239520,16.407108925201477
2026-09-20-21-09-02,2026-09-20T19:09:04.957762+00:00,1209bc074e3a5444b4151d21d8b870155e69b238,FDP,36946,2.530799291710478
2026-09-20-21-09-02,2026-09-20T19:09:04.957762+00:00,1209bc074e3a5444b4151d21d8b870155e69b238,Tierschutzpartei,30681,2.10164708138822
2026-09-20-21-09-02,2026-09-20T19:09:04.957762+00:00,1209bc074e3a5444b4151d21d8b870155e69b238,Die PARTEI,10803,0.7400050004966247
2026-09-20-21-09-02,2026-09-20T19:09:04.957762+00:00,1209bc074e3a5444b4151d21d8b870155e69b238,Volt,29872,2.046230618794332
2026-09-20-21-09-02,2026-09-20T19:09:04.957762+00:00,1209bc074e3a5444b4151d21d8b870155e69b238,FREIE WÄHLER,0,0.0
2026-09-20-21-09-02,2026-09-20T19:09:04.957762+00:00,1209bc074e3a5444b4151d21d8b870155e69b238,Mieterpartei,0,0.0
2026-09-20-21-09-02,2026-09-20T19:09:04.957762+00:00,1209bc074e3a5444b4151d21d8b870155e69b238,Die Urbane.,1210,0.08288494405266277
2026-09-20-21-09-02,2026-09-20T19:09:04.957762+00:00,1209bc074e3a5444b4151d21d8b870155e69b238,DKP,1658,0.11357292333827675
2026-09-20-21-09-02,2026-09-20T19:09:04.957762+00:00,1209bc074e3a5444b4151d21d8b870155e69b238,ÖDP,2029,0.13898640618417582
2026-09-20-21-09-02,2026-09-20T19:09:04.957762+00:00,1209bc074e3a5444b4151d21d8b870155e69b238,Die Heimat,443,0.030345479516801326
2026-09-20-21-09-02,2026-09-20T19:09:04.957762+00:00,1209bc074e3a5444b4151d21d8b870155e69b238,bergpartei,65,0.004452496994564529
2026-09-20-21-09-02,2026-09-20T19:09:04.957762+00:00,1209bc074e3a5444b4151d21d8b870155e69b238,SGP,560,0.038359974107017476
2026-09-20-21-09-02,2026-09-20T19:09:04.957762+00:00,1209bc074e3a5444b4151d21d8b870155e69b238,Menschliche Welt,0,0.0
2026-09-20-21-09-02,2026-09-20T19:09:04.957762+00:00,1209bc074e3a5444b4151d21d8b870155e69b238,AB Spandau,0,0.0
2026-09-20-21-09-02,2026-09-20T19:09:04.957762+00:00,1209bc074e3a5444b4151d21d8b870155e69b238,Ausländer für Berlin,0,0.0
2026-09-20-21-09-02,2026-09-20T19:09:04.957762+00:00,1209bc074e3a5444b4151d21d8b870155e69b238,Migrants for Neukölln,0,0.0
2026-09-20-21-09-02,2026-09-20T19:09:04.957762+00:00,1209bc074e3a5444b4151d21d8b870155e69b238,Berliner:innen ohne Grenzen,0,0.0
2026-09-20-21-09-02,2026-09-20T19:09:04.957762+00:00,1209bc074e3a5444b4151d21d8b870155e69b238,Berlin Retten,0,0.0
2026-09-20-21-09-02,2026-09-20T19:09:04.957762+00:00,1209bc074e3a5444b4151d21d8b870155e69b238,BSW,69697,4.774241277387138
2026-09-20-21-09-02,2026-09-20T19:09:04.957762+00:00,1209bc074e3a5444b4151d21d8b870155e69b238,Losdemokratie,0,0.0
2026-09-20-21-09-02,2026-09-20T19:09:04.957762+00:00,1209bc074e3a5444b4151d21d8b870155e69b238,MERA25,0,0.0
2026-09-20-21-09-02,2026-09-20T19:09:04.957762+00:00,1209bc074e3a5444b4151d21d8b870155e69b238,PdF,4596,0.31482578749259343
2026-09-20-21-09-02,2026-09-20T19:09:04.957762+00:00,1209bc074e3a5444b4151d21d8b870155e69b238,Jan Mihm: Bester Mann,0,0.0
2026-09-20-21-09-02,2026-09-20T19:09:04.957762+00:00,1209bc074e3a5444b4151d21d8b870155e69b238,Demokratische Linke,0,0.0
2026-09-20-21-09-02,2026-09-20T19:09:04.957762+00:00,1209bc074e3a5444b4151d21d8b870155e69b238,DIE FRAUEN,0,0.0
2026-09-20-21-12-01,2026-09-20T19:12:04.431592+00:00,25bd81b19d71a44b8f9e9febd2ea0ba8fce27e99,CDU,278378,18.8145110273643
2026-09-20-21-12-01,2026-09-20T19:12:04.431592+00:00,25bd81b19d71a44b8f9e9febd2ea0ba8fce27e99,SPD,178390,12.056702117881146
2026-09-20-21-12-01,2026-09-20T19:12:04.431592+00:00,25bd81b19d71a44b8f9e9febd2ea0ba8fce27e99,GRÜNE,208487,14.090843962389632
2026-09-20-21-12-01,2026-09-20T19:12:04.431592+00:00,25bd81b19d71a44b8f9e9febd2ea0ba8fce27e99,Die Linke,380563,25.72080681701442
2026-09-20-21-12-01,2026-09-20T19:12:04.431592+00:00,25bd81b19d71a44b8f9e9febd2ea0ba8fce27e99,AfD,242686,16.40222439699593
2026-09-20-21-12-01,2026-09-20T19:12:04.431592+00:00,25bd81b19d71a44b8f9e9febd2ea0ba8fce27e99,FDP,37455,2.531441099978913
2026-09-20-21-12-01,2026-09-20T19:12:04.431592+00:00,25bd81b19d71a44b8f9e9febd2ea0ba8fce27e99,Tierschutzpartei,31143,2.1048370091214337
2026-09-20-21-12-01,2026-09-20T19:12:04.431592+00:00,25bd81b19d71a44b8f9e9febd2ea0ba8fce27e99,Die PARTEI,10964,0.7410150906466106
2026-09-20-21-12-01,2026-09-20T19:12:04.431592+00:00,25bd81b19d71a44b8f9e9febd2ea0ba8fce27e99,Volt,30283,2.0467128776040964
2026-09-20-21-12-01,2026-09-20T19:12:04.431592+00:00,25bd81b19d71a44b8f9e9febd2ea0ba8fce27e99,FREIE WÄHLER,0,0.0
2026-09-20-21-12-01,2026-09-20T19:12:04.431592+00:00,25bd81b19d71a44b8f9e9febd2ea0ba8fce27e99,Mieterpartei,0,0.0
2026-09-20-21-12-01,2026-09-20T19:12:04.431592+00:00,25bd81b19d71a44b8f9e9febd2ea0ba8fce27e99,Die Urbane.,1222,0.08259033571416985
2026-09-20-21-12-01,2026-09-20T19:12:04.431592+00:00,25bd81b19d71a44b8f9e9febd2ea0ba8fce27e99,DKP,1678,0.11340964265824632
2026-09-20-21-12-01,2026-09-20T19:12:04.431592+00:00,25bd81b19d71a44b8f9e9febd2ea0ba8fce27e99,ÖDP,2066,0.13963308804048682
2026-09-20-21-12-01,2026-09-20T19:12:04.431592+00:00,25bd81b19d71a44b8f9e9febd2ea0ba8fce27e99,Die Heimat,444,0.030008272550811305
2026-09-20-21-12-01,2026-09-20T19:12:04.431592+00:00,25bd81b19d71a44b8f9e9febd2ea0ba8fce27e99,bergpartei,69,0.00466344776127473
2026-09-20-21-12-01,2026-09-20T19:12:04.431592+00:00,25bd81b19d71a44b8f9e9febd2ea0ba8fce27e99,SGP,568,0.03838896128121807
2026-09-20-21-12-01,2026-09-20T19:12:04.431592+00:00,25bd81b19d71a44b8f9e9febd2ea0ba8fce27e99,Menschliche Welt,0,0.0
2026-09-20-21-12-01,2026-09-20T19:12:04.431592+00:00,25bd81b19d71a44b8f9e9febd2ea0ba8fce27e99,AB Spandau,0,0.0
2026-09-20-21-12-01,2026-09-20T19:12:04.431592+00:00,25bd81b19d71a44b8f9e9febd2ea0ba8fce27e99,Ausländer für Berlin,0,0.0
2026-09-20-21-12-01,2026-09-20T19:12:04.431592+00:00,25bd81b19d71a44b8f9e9febd2ea0ba8fce27e99,Migrants for Neukölln,0,0.0
2026-09-20-21-12-01,2026-09-20T19:12:04.431592+00:00,25bd81b19d71a44b8f9e9febd2ea0ba8fce27e99,Berliner:innen ohne Grenzen,0,0.0
2026-09-20-21-12-01,2026-09-20T19:12:04.431592+00:00,25bd81b19d71a44b8f9e9febd2ea0ba8fce27e99,Berlin Retten,0,0.0
2026-09-20-21-12-01,2026-09-20T19:12:04.431592+00:00,25bd81b19d71a44b8f9e9febd2ea0ba8fce27e99,BSW,70527,4.766651887817723
2026-09-20-21-12-01,2026-09-20T19:12:04.431592+00:00,25bd81b19d71a44b8f9e9febd2ea0ba8fce27e99,Losdemokratie,0,0.0
2026-09-20-21-12-01,2026-09-20T19:12:04.431592+00:00,25bd81b19d71a44b8f9e9febd2ea0ba8fce27e99,MERA25,0,0.0
2026-09-20-21-12-01,2026-09-20T19:12:04.431592+00:00,25bd81b19d71a44b8f9e9febd2ea0ba8fce27e99,PdF,4669,0.31555996517959006
2026-09-20-21-12-01,2026-09-20T19:12:04.431592+00:00,25bd81b19d71a44b8f9e9febd2ea0ba8fce27e99,Jan Mihm: Bester Mann,0,0.0
2026-09-20-21-12-01,2026-09-20T19:12:04.431592+00:00,25bd81b19d71a44b8f9e9febd2ea0ba8fce27e99,Demokratische Linke,0,0.0
2026-09-20-21-12-01,2026-09-20T19:12:04.431592+00:00,25bd81b19d71a44b8f9e9febd2ea0ba8fce27e99,DIE FRAUEN,0,0.0
2026-09-20-21-14-33,2026-09-20T19:14:35.696271+00:00,fbcf1c513fdebe3f8e25c1ab38df7b092e0b32af,CDU,282075,18.836280783621334
2026-09-20-21-14-33,2026-09-20T19:14:35.696271+00:00,fbcf1c513fdebe3f8e25c1ab38df7b092e0b32af,SPD,180718,12.067907438285847
2026-09-20-21-14-33,2026-09-20T19:14:35.696271+00:00,fbcf1c513fdebe3f8e25c1ab38df7b092e0b32af,GRÜNE,211449,14.120048694198164
2026-09-20-21-14-33,2026-09-20T19:14:35.696271+00:00,fbcf1c513fdebe3f8e25c1ab38df7b092e0b32af,Die Linke,384817,25.697141052240756
2026-09-20-21-14-33,2026-09-20T19:14:35.696271+00:00,fbcf1c513fdebe3f8e25c1ab38df7b092e0b32af,AfD,245135,16.369517645636854
2026-09-20-21-14-33,2026-09-20T19:14:35.696271+00:00,fbcf1c513fdebe3f8e25c1ab38df7b092e0b32af,FDP,37953,2.53440880822753
2026-09-20-21-14-33,2026-09-20T19:14:35.696271+00:00,fbcf1c513fdebe3f8e25c1ab38df7b092e0b32af,Tierschutzpartei,31515,2.104494864471599
2026-09-20-21-14-33,2026-09-20T19:14:35.696271+00:00,fbcf1c513fdebe3f8e25c1ab38df7b092e0b32af,Die PARTEI,11071,0.7392943882140274
2026-09-20-21-14-33,2026-09-20T19:14:35.696271+00:00,fbcf1c513fdebe3f8e25c1ab38df7b092e0b32af,Volt,30708,2.0506053719877477
2026-09-20-21-14-33,2026-09-20T19:14:35.696271+00:00,fbcf1c513fdebe3f8e25c1ab38df7b092e0b32af,FREIE WÄHLER,0,0.0
2026-09-20-21-14-33,2026-09-20T19:14:35.696271+00:00,fbcf1c513fdebe3f8e25c1ab38df7b092e0b32af,Mieterpartei,0,0.0
2026-09-20-21-14-33,2026-09-20T19:14:35.696271+00:00,fbcf1c513fdebe3f8e25c1ab38df7b092e0b32af,Die Urbane.,1239,0.08273739924100623
2026-09-20-21-14-33,2026-09-20T19:14:35.696271+00:00,fbcf1c513fdebe3f8e25c1ab38df7b092e0b32af,DKP,1692,0.11298763479885597
2026-09-20-21-14-33,2026-09-20T19:14:35.696271+00:00,fbcf1c513fdebe3f8e25c1ab38df7b092e0b32af,ÖDP,2091,0.13963188201206136
2026-09-20-21-14-33,2026-09-20T19:14:35.696271+00:00,fbcf1c513fdebe3f8e25c1ab38df7b092e0b32af,Die Heimat,448,0.029916347748160446
2026-09-20-21-14-33,2026-09-20T19:14:35.696271+00:00,fbcf1c513fdebe3f8e25c1ab38df7b092e0b32af,bergpartei,70,0.004674429335650069
2026-09-20-21-14-33,2026-09-20T19:14:35.696271+00:00,fbcf1c513fdebe3f8e25c1ab38df7b092e0b32af,SGP,574,0.03833032055233057
2026-09-20-21-14-33,2026-09-20T19:14:35.696271+00:00,fbcf1c513fdebe3f8e25c1ab38df7b092e0b32af,Menschliche Welt,0,0.0
2026-09-20-21-14-33,2026-09-20T19:14:35.696271+00:00,fbcf1c513fdebe3f8e25c1ab38df7b092e0b32af,AB Spandau,0,0.0
2026-09-20-21-14-33,2026-09-20T19:14:35.696271+00:00,fbcf1c513fdebe3f8e25c1ab38df7b092e0b32af,Ausländer für Berlin,0,0.0
2026-09-20-21-14-33,2026-09-20T19:14:35.696271+00:00,fbcf1c513fdebe3f8e25c1ab38df7b092e0b32af,Migrants for Neukölln,0,0.0
2026-09-20-21-14-33,2026-09-20T19:14:35.696271+00:00,fbcf1c513fdebe3f8e25c1ab38df7b092e0b32af,Berliner:innen ohne Grenzen,0,0.0
2026-09-20-21-14-33,2026-09-20T19:14:35.696271+00:00,fbcf1c513fdebe3f8e25c1ab38df7b092e0b32af,Berlin Retten,0,0.0
2026-09-20-21-14-33,2026-09-20T19:14:35.696271+00:00,fbcf1c513fdebe3f8e25c1ab38df7b092e0b32af,BSW,71226,4.756298626585884
2026-09-20-21-14-33,2026-09-20T19:14:35.696271+00:00,fbcf1c513fdebe3f8e25c1ab38df7b092e0b32af,Losdemokratie,0,0.0
2026-09-20-21-14-33,2026-09-20T19:14:35.696271+00:00,fbcf1c513fdebe3f8e25c1ab38df7b092e0b32af,MERA25,0,0.0
2026-09-20-21-14-33,2026-09-20T19:14:35.696271+00:00,fbcf1c513fdebe3f8e25c1ab38df7b092e0b32af,PdF,4728,0.31572431284219327
2026-09-20-21-14-33,2026-09-20T19:14:35.696271+00:00,fbcf1c513fdebe3f8e25c1ab38df7b092e0b32af,Jan Mihm: Bester Mann,0,0.0
2026-09-20-21-14-33,2026-09-20T19:14:35.696271+00:00,fbcf1c513fdebe3f8e25c1ab38df7b092e0b32af,Demokratische Linke,0,0.0
2026-09-20-21-14-33,2026-09-20T19:14:35.696271+00:00,fbcf1c513fdebe3f8e25c1ab38df7b092e0b32af,DIE FRAUEN,0,0.0
2026-09-20-21-17-32,2026-09-20T19:17:34.967682+00:00,c012c2fd6330e3521cc38c117b9aa1dabe9b2bfe,CDU,285040,18.80665120998869
2026-09-20-21-17-32,2026-09-20T19:17:34.967682+00:00,c012c2fd6330e3521cc38c117b9aa1dabe9b2bfe,SPD,182918,12.068744828896687
2026-09-20-21-17-32,2026-09-20T19:17:34.967682+00:00,c012c2fd6330e3521cc38c117b9aa1dabe9b2bfe,GRÜNE,214321,14.140683040892458
2026-09-20-21-17-32,2026-09-20T19:17:34.967682+00:00,c012c2fd6330e3521cc38c117b9aa1dabe9b2bfe,Die Linke,389944,25.728111140288487
2026-09-20-21-17-32,2026-09-20T19:17:34.967682+00:00,c012c2fd6330e3521cc38c117b9aa1dabe9b2bfe,AfD,247753,16.346492622889166
2026-09-20-21-17-32,2026-09-20T19:17:34.967682+00:00,c012c2fd6330e3521cc38c117b9aa1dabe9b2bfe,FDP,38366,2.531349916932452
2026-09-20-21-17-32,2026-09-20T19:17:34.967682+00:00,c012c2fd6330e3521cc38c117b9aa1dabe9b2bfe,Tierschutzpartei,31990,2.1106678789206366
2026-09-20-21-17-32,2026-09-20T19:17:34.967682+00:00,c012c2fd6330e3521cc38c117b9aa1dabe9b2bfe,Die PARTEI,11228,0.7408120957962147
2026-09-20-21-17-32,2026-09-20T19:17:34.967682+00:00,c012c2fd6330e3521cc38c117b9aa1dabe9b2bfe,Volt,31109,2.0525403890385148
2026-09-20-21-17-32,2026-09-20T19:17:34.967682+00:00,c012c2fd6330e3521cc38c117b9aa1dabe9b2bfe,FREIE WÄHLER,0,0.0
2026-09-20-21-17-32,2026-09-20T19:17:34.967682+00:00,c012c2fd6330e3521cc38c117b9aa1dabe9b2bfe,Mieterpartei,0,0.0
2026-09-20-21-17-32,2026-09-20T19:17:34.967682+00:00,c012c2fd6330e3521cc38c117b9aa1dabe9b2bfe,Die Urbane.,1252,0.08260569504247067
2026-09-20-21-17-32,2026-09-20T19:17:34.967682+00:00,c012c2fd6330e3521cc38c117b9aa1dabe9b2bfe,DKP,1712,0.11295603028171709
2026-09-20-21-17-32,2026-09-20T19:17:34.967682+00:00,c012c2fd6330e3521cc38c117b9aa1dabe9b2bfe,ÖDP,2117,0.13967752109018405
2026-09-20-21-17-32,2026-09-20T19:17:34.967682+00:00,c012c2fd6330e3521cc38c117b9aa1dabe9b2bfe,Die Heimat,453,0.029888482311692666
2026-09-20-21-17-32,2026-09-20T19:17:34.967682+00:00,c012c2fd6330e3521cc38c117b9aa1dabe9b2bfe,bergpartei,71,0.004684508265188033
2026-09-20-21-17-32,2026-09-20T19:17:34.967682+00:00,c012c2fd6330e3521cc38c117b9aa1dabe9b2bfe,SGP,580,0.0382678139973107
2026-09-20-21-17-32,2026-09-20T19:17:34.967682+00:00,c012c2fd6330e3521cc38c117b9aa1dabe9b2bfe,Menschliche Welt,0,0.0
2026-09-20-21-17-32,2026-09-20T19:17:34.967682+00:00,c012c2fd6330e3521cc38c117b9aa1dabe9b2bfe,AB Spandau,0,0.0
2026-09-20-21-17-32,2026-09-20T19:17:34.967682+00:00,c012c2fd6330e3521cc38c117b9aa1dabe9b2bfe,Ausländer für Berlin,0,0.0
2026-09-20-21-17-32,2026-09-20T19:17:34.967682+00:00,c012c2fd6330e3521cc38c117b9aa1dabe9b2bfe,Migrants for Neukölln,0,0.0
2026-09-20-21-17-32,2026-09-20T19:17:34.967682+00:00,c012c2fd6330e3521cc38c117b9aa1dabe9b2bfe,Berliner:innen ohne Grenzen,0,0.0
2026-09-20-21-17-32,2026-09-20T19:17:34.967682+00:00,c012c2fd6330e3521cc38c117b9aa1dabe9b2bfe,Berlin Retten,0,0.0
2026-09-20-21-17-32,2026-09-20T19:17:34.967682+00:00,c012c2fd6330e3521cc38c117b9aa1dabe9b2bfe,BSW,72003,4.750685191807521
2026-09-20-21-17-32,2026-09-20T19:17:34.967682+00:00,c012c2fd6330e3521cc38c117b9aa1dabe9b2bfe,Losdemokratie,0,0.0
2026-09-20-21-17-32,2026-09-20T19:17:34.967682+00:00,c012c2fd6330e3521cc38c117b9aa1dabe9b2bfe,MERA25,0,0.0
2026-09-20-21-17-32,2026-09-20T19:17:34.967682+00:00,c012c2fd6330e3521cc38c117b9aa1dabe9b2bfe,PdF,4777,0.31518163356060896
2026-09-20-21-17-32,2026-09-20T19:17:34.967682+00:00,c012c2fd6330e3521cc38c117b9aa1dabe9b2bfe,Jan Mihm: Bester Mann,0,0.0
2026-09-20-21-17-32,2026-09-20T19:17:34.967682+00:00,c012c2fd6330e3521cc38c117b9aa1dabe9b2bfe,Demokratische Linke,0,0.0
2026-09-20-21-17-32,2026-09-20T19:17:34.967682+00:00,c012c2fd6330e3521cc38c117b9aa1dabe9b2bfe,DIE FRAUEN,0,0.0
2026-09-20-21-20-32,2026-09-20T19:20:35.281491+00:00,5873362e5c4ed8be9bc25f57e785358ded56c946,CDU,288457,18.790518005107092
2026-09-20-21-20-32,2026-09-20T19:20:35.281491+00:00,5873362e5c4ed8be9bc25f57e785358ded56c946,SPD,185438,12.079707123873053
2026-09-20-21-20-32,2026-09-20T19:20:35.281491+00:00,5873362e5c4ed8be9bc25f57e785358ded56c946,GRÜNE,217347,14.158306842461828
2026-09-20-21-20-32,2026-09-20T19:20:35.281491+00:00,5873362e5c4ed8be9bc25f57e785358ded56c946,Die Linke,395290,25.749778518943145
2026-09-20-21-20-32,2026-09-20T19:20:35.281491+00:00,5873362e5c4ed8be9bc25f57e785358ded56c946,AfD,250340,16.30751993329512
2026-09-20-21-20-32,2026-09-20T19:20:35.281491+00:00,5873362e5c4ed8be9bc25f57e785358ded56c946,FDP,38820,2.528792537391214
2026-09-20-21-20-32,2026-09-20T19:20:35.281491+00:00,5873362e5c4ed8be9bc25f57e785358ded56c946,Tierschutzpartei,32400,2.1105841888582
2026-09-20-21-20-32,2026-09-20T19:20:35.281491+00:00,5873362e5c4ed8be9bc25f57e785358ded56c946,Die PARTEI,11354,0.7396164469227161
2026-09-20-21-20-32,2026-09-20T19:20:35.281491+00:00,5873362e5c4ed8be9bc25f57e785358ded56c946,Volt,31589,2.0577544426494345
2026-09-20-21-20-32,2026-09-20T19:20:35.281491+00:00,5873362e5c4ed8be9bc25f57e785358ded56c946,FREIE WÄHLER,0,0.0
2026-09-20-21-20-32,2026-09-20T19:20:35.281491+00:00,5873362e5c4ed8be9bc25f57e785358ded56c946,Mieterpartei,0,0.0
2026-09-20-21-20-32,2026-09-20T19:20:35.281491+00:00,5873362e5c4ed8be9bc25f57e785358ded56c946,Die Urbane.,1277,0.08318567929542968
2026-09-20-21-20-32,2026-09-20T19:20:35.281491+00:00,5873362e5c4ed8be9bc25f57e785358ded56c946,DKP,1726,0.11243420709781646
2026-09-20-21-20-32,2026-09-20T19:20:35.281491+00:00,5873362e5c4ed8be9bc25f57e785358ded56c946,ÖDP,2146,0.13979363176820053
2026-09-20-21-20-32,2026-09-20T19:20:35.281491+00:00,5873362e5c4ed8be9bc25f57e785358ded56c946,Die Heimat,454,0.029574235238938977
2026-09-20-21-20-32,2026-09-20T19:20:35.281491+00:00,5873362e5c4ed8be9bc25f57e785358ded56c946,bergpartei,73,0.004755328573661994
2026-09-20-21-20-32,2026-09-20T19:20:35.281491+00:00,5873362e5c4ed8be9bc25f57e785358ded56c946,SGP,585,0.03810777007660639
2026-09-20-21-20-32,2026-09-20T19:20:35.281491+00:00,5873362e5c4ed8be9bc25f57e785358ded56c946,Menschliche Welt,0,0.0
2026-09-20-21-20-32,2026-09-20T19:20:35.281491+00:00,5873362e5c4ed8be9bc25f57e785358ded56c946,AB Spandau,0,0.0
2026-09-20-21-20-32,2026-09-20T19:20:35.281491+00:00,5873362e5c4ed8be9bc25f57e785358ded56c946,Ausländer für Berlin,0,0.0
2026-09-20-21-20-32,2026-09-20T19:20:35.281491+00:00,5873362e5c4ed8be9bc25f57e785358ded56c946,Migrants for Neukölln,0,0.0
2026-09-20-21-20-32,2026-09-20T19:20:35.281491+00:00,5873362e5c4ed8be9bc25f57e785358ded56c946,Berliner:innen ohne Grenzen,0,0.0
2026-09-20-21-20-32,2026-09-20T19:20:35.281491+00:00,5873362e5c4ed8be9bc25f57e785358ded56c946,Berlin Retten,0,0.0
2026-09-20-21-20-32,2026-09-20T19:20:35.281491+00:00,5873362e5c4ed8be9bc25f57e785358ded56c946,BSW,72987,4.7544817343269585
2026-09-20-21-20-32,2026-09-20T19:20:35.281491+00:00,5873362e5c4ed8be9bc25f57e785358ded56c946,Losdemokratie,0,0.0
2026-09-20-21-20-32,2026-09-20T19:20:35.281491+00:00,5873362e5c4ed8be9bc25f57e785358ded56c946,MERA25,0,0.0
2026-09-20-21-20-32,2026-09-20T19:20:35.281491+00:00,5873362e5c4ed8be9bc25f57e785358ded56c946,PdF,4837,0.3150893741205899
2026-09-20-21-20-32,2026-09-20T19:20:35.281491+00:00,5873362e5c4ed8be9bc25f57e785358ded56c946,Jan Mihm: Bester Mann,0,0.0
2026-09-20-21-20-32,2026-09-20T19:20:35.281491+00:00,5873362e5c4ed8be9bc25f57e785358ded56c946,Demokratische Linke,0,0.0
2026-09-20-21-20-32,2026-09-20T19:20:35.281491+00:00,5873362e5c4ed8be9bc25f57e785358ded56c946,DIE FRAUEN,0,0.0
2026-09-20-21-23-32,2026-09-20T19:23:34.675350+00:00,e968c9ff16f7620b8fefc9094e030483320f305e,CDU,292959,18.798148925275562
2026-09-20-21-23-32,2026-09-20T19:23:34.675350+00:00,e968c9ff16f7620b8fefc9094e030483320f305e,SPD,188360,12.086398887096506
2026-09-20-21-23-32,2026-09-20T19:23:34.675350+00:00,e968c9ff16f7620b8fefc9094e030483320f305e,GRÜNE,221412,14.207229509395898
2026-09-20-21-23-32,2026-09-20T19:23:34.675350+00:00,e968c9ff16f7620b8fefc9094e030483320f305e,Die Linke,401327,25.75174244086738
2026-09-20-21-23-32,2026-09-20T19:23:34.675350+00:00,e968c9ff16f7620b8fefc9094e030483320f305e,AfD,253183,16.2458628659575
2026-09-20-21-23-32,2026-09-20T19:23:34.675350+00:00,e968c9ff16f7620b8fefc9094e030483320f305e,FDP,39438,2.530597787796305
2026-09-20-21-23-32,2026-09-20T19:23:34.675350+00:00,e968c9ff16f7620b8fefc9094e030483320f305e,Tierschutzpartei,32835,2.106906495316488
2026-09-20-21-23-32,2026-09-20T19:23:34.675350+00:00,e968c9ff16f7620b8fefc9094e030483320f305e,Die PARTEI,11551,0.7411870542835619
2026-09-20-21-23-32,2026-09-20T19:23:34.675350+00:00,e968c9ff16f7620b8fefc9094e030483320f305e,Volt,32168,2.064107450627099
2026-09-20-21-23-32,2026-09-20T19:23:34.675350+00:00,e968c9ff16f7620b8fefc9094e030483320f305e,FREIE WÄHLER,0,0.0
2026-09-20-21-23-32,2026-09-20T19:23:34.675350+00:00,e968c9ff16f7620b8fefc9094e030483320f305e,Mieterpartei,0,0.0
2026-09-20-21-23-32,2026-09-20T19:23:34.675350+00:00,e968c9ff16f7620b8fefc9094e030483320f305e,Die Urbane.,1299,0.08335226244605203
2026-09-20-21-23-32,2026-09-20T19:23:34.675350+00:00,e968c9ff16f7620b8fefc9094e030483320f305e,DKP,1755,0.1126121790552897
2026-09-20-21-23-32,2026-09-20T19:23:34.675350+00:00,e968c9ff16f7620b8fefc9094e030483320f305e,ÖDP,2173,0.13943376928042422
2026-09-20-21-23-32,2026-09-20T19:23:34.675350+00:00,e968c9ff16f7620b8fefc9094e030483320f305e,Die Heimat,457,0.029324083093029852
2026-09-20-21-23-32,2026-09-20T19:23:34.675350+00:00,e968c9ff16f7620b8fefc9094e030483320f305e,bergpartei,73,0.0046841533168297134
2026-09-20-21-23-32,2026-09-20T19:23:34.675350+00:00,e968c9ff16f7620b8fefc9094e030483320f305e,SGP,590,0.037858225437390834
2026-09-20-21-23-32,2026-09-20T19:23:34.675350+00:00,e968c9ff16f7620b8fefc9094e030483320f305e,Menschliche Welt,0,0.0
2026-09-20-21-23-32,2026-09-20T19:23:34.675350+00:00,e968c9ff16f7620b8fefc9094e030483320f305e,AB Spandau,0,0.0
2026-09-20-21-23-32,2026-09-20T19:23:34.675350+00:00,e968c9ff16f7620b8fefc9094e030483320f305e,Ausländer für Berlin,0,0.0
2026-09-20-21-23-32,2026-09-20T19:23:34.675350+00:00,e968c9ff16f7620b8fefc9094e030483320f305e,Migrants for Neukölln,0,0.0
2026-09-20-21-23-32,2026-09-20T19:23:34.675350+00:00,e968c9ff16f7620b8fefc9094e030483320f305e,Berliner:innen ohne Grenzen,0,0.0
2026-09-20-21-23-32,2026-09-20T19:23:34.675350+00:00,e968c9ff16f7620b8fefc9094e030483320f305e,Berlin Retten,0,0.0
2026-09-20-21-23-32,2026-09-20T19:23:34.675350+00:00,e968c9ff16f7620b8fefc9094e030483320f305e,BSW,73956,4.745496475335045
2026-09-20-21-23-32,2026-09-20T19:23:34.675350+00:00,e968c9ff16f7620b8fefc9094e030483320f305e,Losdemokratie,0,0.0
2026-09-20-21-23-32,2026-09-20T19:23:34.675350+00:00,e968c9ff16f7620b8fefc9094e030483320f305e,MERA25,0,0.0
2026-09-20-21-23-32,2026-09-20T19:23:34.675350+00:00,e968c9ff16f7620b8fefc9094e030483320f305e,PdF,4910,0.3150574354196424
2026-09-20-21-23-32,2026-09-20T19:23:34.675350+00:00,e968c9ff16f7620b8fefc9094e030483320f305e,Jan Mihm: Bester Mann,0,0.0
2026-09-20-21-23-32,2026-09-20T19:23:34.675350+00:00,e968c9ff16f7620b8fefc9094e030483320f305e,Demokratische Linke,0,0.0
2026-09-20-21-23-32,2026-09-20T19:23:34.675350+00:00,e968c9ff16f7620b8fefc9094e030483320f305e,DIE FRAUEN,0,0.0
2026-09-20-21-26-32,2026-09-20T19:26:34.896832+00:00,73e6764f7b17f79c749801843f65e285d3779ebe,CDU,295413,18.79801108741136
2026-09-20-21-26-32,2026-09-20T19:26:34.896832+00:00,73e6764f7b17f79c749801843f65e285d3779ebe,SPD,190112,12.097394101985858
2026-09-20-21-26-32,2026-09-20T19:26:34.896832+00:00,73e6764f7b17f79c749801843f65e285d3779ebe,GRÜNE,223399,14.215545283777661
2026-09-20-21-26-32,2026-09-20T19:26:34.896832+00:00,73e6764f7b17f79c749801843f65e285d3779ebe,Die Linke,404483,25.738460794445096
2026-09-20-21-26-32,2026-09-20T19:26:34.896832+00:00,73e6764f7b17f79c749801843f65e285d3779ebe,AfD,255191,16.238565152540993
2026-09-20-21-26-32,2026-09-20T19:26:34.896832+00:00,73e6764f7b17f79c749801843f65e285d3779ebe,FDP,39838,2.53501086851389
2026-09-20-21-26-32,2026-09-20T19:26:34.896832+00:00,73e6764f7b17f79c749801843f65e285d3779ebe,Tierschutzpartei,33097,2.1060609145841713
2026-09-20-21-26-32,2026-09-20T19:26:34.896832+00:00,73e6764f7b17f79c749801843f65e285d3779ebe,Die PARTEI,11631,0.7401152520629813
2026-09-20-21-26-32,2026-09-20T19:26:34.896832+00:00,73e6764f7b17f79c749801843f65e285d3779ebe,Volt,32433,2.063808612342763
2026-09-20-21-26-32,2026-09-20T19:26:34.896832+00:00,73e6764f7b17f79c749801843f65e285d3779ebe,FREIE WÄHLER,0,0.0
2026-09-20-21-26-32,2026-09-20T19:26:34.896832+00:00,73e6764f7b17f79c749801843f65e285d3779ebe,Mieterpartei,0,0.0
2026-09-20-21-26-32,2026-09-20T19:26:34.896832+00:00,73e6764f7b17f79c749801843f65e285d3779ebe,Die Urbane.,1316,0.08374100865917664
2026-09-20-21-26-32,2026-09-20T19:26:34.896832+00:00,73e6764f7b17f79c749801843f65e285d3779ebe,DKP,1771,0.11269401697218984
2026-09-20-21-26-32,2026-09-20T19:26:34.896832+00:00,73e6764f7b17f79c749801843f65e285d3779ebe,ÖDP,2196,0.13973803572610327
2026-09-20-21-26-32,2026-09-20T19:26:34.896832+00:00,73e6764f7b17f79c749801843f65e285d3779ebe,Die Heimat,458,0.029143907268923176
2026-09-20-21-26-32,2026-09-20T19:26:34.896832+00:00,73e6764f7b17f79c749801843f65e285d3779ebe,bergpartei,73,0.004645207927142777
2026-09-20-21-26-32,2026-09-20T19:26:34.896832+00:00,73e6764f7b17f79c749801843f65e285d3779ebe,SGP,596,0.037925259240782126
2026-09-20-21-26-32,2026-09-20T19:26:34.896832+00:00,73e6764f7b17f79c749801843f65e285d3779ebe,Menschliche Welt,0,0.0
2026-09-20-21-26-32,2026-09-20T19:26:34.896832+00:00,73e6764f7b17f79c749801843f65e285d3779ebe,AB Spandau,0,0.0
2026-09-20-21-26-32,2026-09-20T19:26:34.896832+00:00,73e6764f7b17f79c749801843f65e285d3779ebe,Ausländer für Berlin,0,0.0
2026-09-20-21-26-32,2026-09-20T19:26:34.896832+00:00,73e6764f7b17f79c749801843f65e285d3779ebe,Migrants for Neukölln,0,0.0
2026-09-20-21-26-32,2026-09-20T19:26:34.896832+00:00,73e6764f7b17f79c749801843f65e285d3779ebe,Berliner:innen ohne Grenzen,0,0.0
2026-09-20-21-26-32,2026-09-20T19:26:34.896832+00:00,73e6764f7b17f79c749801843f65e285d3779ebe,Berlin Retten,0,0.0
2026-09-20-21-26-32,2026-09-20T19:26:34.896832+00:00,73e6764f7b17f79c749801843f65e285d3779ebe,BSW,74544,4.743457256451112
2026-09-20-21-26-32,2026-09-20T19:26:34.896832+00:00,73e6764f7b17f79c749801843f65e285d3779ebe,Losdemokratie,0,0.0
2026-09-20-21-26-32,2026-09-20T19:26:34.896832+00:00,73e6764f7b17f79c749801843f65e285d3779ebe,MERA25,0,0.0
2026-09-20-21-26-32,2026-09-20T19:26:34.896832+00:00,73e6764f7b17f79c749801843f65e285d3779ebe,PdF,4961,0.31568324008979887
2026-09-20-21-26-32,2026-09-20T19:26:34.896832+00:00,73e6764f7b17f79c749801843f65e285d3779ebe,Jan Mihm: Bester Mann,0,0.0
2026-09-20-21-26-32,2026-09-20T19:26:34.896832+00:00,73e6764f7b17f79c749801843f65e285d3779ebe,Demokratische Linke,0,0.0
2026-09-20-21-26-32,2026-09-20T19:26:34.896832+00:00,73e6764f7b17f79c749801843f65e285d3779ebe,DIE FRAUEN,0,0.0
2026-09-20-21-33-21,2026-09-20T19:33:24.182257+00:00,527a81cb9e3e70ea2461ecdc302501298f65bfc6,CDU,302292,18.835143582049376
2026-09-20-21-33-21,2026-09-20T19:33:24.182257+00:00,527a81cb9e3e70ea2461ecdc302501298f65bfc6,SPD,194156,12.097429430207809
2026-09-20-21-33-21,2026-09-20T19:33:24.182257+00:00,527a81cb9e3e70ea2461ecdc302501298f65bfc6,GRÜNE,228486,14.236455534675526
2026-09-20-21-33-21,2026-09-20T19:33:24.182257+00:00,527a81cb9e3e70ea2461ecdc302501298f65bfc6,Die Linke,412918,25.72800410732889
2026-09-20-21-33-21,2026-09-20T19:33:24.182257+00:00,527a81cb9e3e70ea2461ecdc302501298f65bfc6,AfD,259846,16.19042753106666
2026-09-20-21-33-21,2026-09-20T19:33:24.182257+00:00,527a81cb9e3e70ea2461ecdc302501298f65bfc6,FDP,40790,2.5415343664794112
2026-09-20-21-33-21,2026-09-20T19:33:24.182257+00:00,527a81cb9e3e70ea2461ecdc302501298f65bfc6,Tierschutzpartei,33743,2.1024514373158807
2026-09-20-21-33-21,2026-09-20T19:33:24.182257+00:00,527a81cb9e3e70ea2461ecdc302501298f65bfc6,Die PARTEI,11876,0.7399672011843463
2026-09-20-21-33-21,2026-09-20T19:33:24.182257+00:00,527a81cb9e3e70ea2461ecdc302501298f65bfc6,Volt,33198,2.068493696944925
2026-09-20-21-33-21,2026-09-20T19:33:24.182257+00:00,527a81cb9e3e70ea2461ecdc302501298f65bfc6,FREIE WÄHLER,0,0.0
2026-09-20-21-33-21,2026-09-20T19:33:24.182257+00:00,527a81cb9e3e70ea2461ecdc302501298f65bfc6,Mieterpartei,0,0.0
2026-09-20-21-33-21,2026-09-20T19:33:24.182257+00:00,527a81cb9e3e70ea2461ecdc302501298f65bfc6,Die Urbane.,1357,0.0845516581346546
2026-09-20-21-33-21,2026-09-20T19:33:24.182257+00:00,527a81cb9e3e70ea2461ecdc302501298f65bfc6,DKP,1799,0.11209169711440208
2026-09-20-21-33-21,2026-09-20T19:33:24.182257+00:00,527a81cb9e3e70ea2461ecdc302501298f65bfc6,ÖDP,2241,0.13963173609414956
2026-09-20-21-33-21,2026-09-20T19:33:24.182257+00:00,527a81cb9e3e70ea2461ecdc302501298f65bfc6,Die Heimat,463,0.02884850237018797
2026-09-20-21-33-21,2026-09-20T19:33:24.182257+00:00,527a81cb9e3e70ea2461ecdc302501298f65bfc6,bergpartei,74,0.0046107757567903015
2026-09-20-21-33-21,2026-09-20T19:33:24.182257+00:00,527a81cb9e3e70ea2461ecdc302501298f65bfc6,SGP,626,0.039004670591226066
2026-09-20-21-33-21,2026-09-20T19:33:24.182257+00:00,527a81cb9e3e70ea2461ecdc302501298f65bfc6,Menschliche Welt,0,0.0
2026-09-20-21-33-21,2026-09-20T19:33:24.182257+00:00,527a81cb9e3e70ea2461ecdc302501298f65bfc6,AB Spandau,0,0.0
2026-09-20-21-33-21,2026-09-20T19:33:24.182257+00:00,527a81cb9e3e70ea2461ecdc302501298f65bfc6,Ausländer für Berlin,0,0.0
2026-09-20-21-33-21,2026-09-20T19:33:24.182257+00:00,527a81cb9e3e70ea2461ecdc302501298f65bfc6,Migrants for Neukölln,0,0.0
2026-09-20-21-33-21,2026-09-20T19:33:24.182257+00:00,527a81cb9e3e70ea2461ecdc302501298f65bfc6,Berliner:innen ohne Grenzen,0,0.0
2026-09-20-21-33-21,2026-09-20T19:33:24.182257+00:00,527a81cb9e3e70ea2461ecdc302501298f65bfc6,Berlin Retten,0,0.0
2026-09-20-21-33-21,2026-09-20T19:33:24.182257+00:00,527a81cb9e3e70ea2461ecdc302501298f65bfc6,BSW,76001,4.735453625565132
2026-09-20-21-33-21,2026-09-20T19:33:24.182257+00:00,527a81cb9e3e70ea2461ecdc302501298f65bfc6,Losdemokratie,0,0.0
2026-09-20-21-33-21,2026-09-20T19:33:24.182257+00:00,527a81cb9e3e70ea2461ecdc302501298f65bfc6,MERA25,0,0.0
2026-09-20-21-33-21,2026-09-20T19:33:24.182257+00:00,527a81cb9e3e70ea2461ecdc302501298f65bfc6,PdF,5070,0.31590044712063287
2026-09-20-21-33-21,2026-09-20T19:33:24.182257+00:00,527a81cb9e3e70ea2461ecdc302501298f65bfc6,Jan Mihm: Bester Mann,0,0.0
2026-09-20-21-33-21,2026-09-20T19:33:24.182257+00:00,527a81cb9e3e70ea2461ecdc302501298f65bfc6,Demokratische Linke,0,0.0
2026-09-20-21-33-21,2026-09-20T19:33:24.182257+00:00,527a81cb9e3e70ea2461ecdc302501298f65bfc6,DIE FRAUEN,0,0.0
2026-09-20-21-34-15,2026-09-20T19:34:22.503909+00:00,bcc6bf4254934a977eff9387ed35ebf2c28142ec,CDU,302292,18.835143582049376
2026-09-20-21-34-15,2026-09-20T19:34:22.503909+00:00,bcc6bf4254934a977eff9387ed35ebf2c28142ec,SPD,194156,12.097429430207809
2026-09-20-21-34-15,2026-09-20T19:34:22.503909+00:00,bcc6bf4254934a977eff9387ed35ebf2c28142ec,GRÜNE,228486,14.236455534675526
2026-09-20-21-34-15,2026-09-20T19:34:22.503909+00:00,bcc6bf4254934a977eff9387ed35ebf2c28142ec,Die Linke,412918,25.72800410732889
2026-09-20-21-34-15,2026-09-20T19:34:22.503909+00:00,bcc6bf4254934a977eff9387ed35ebf2c28142ec,AfD,259846,16.19042753106666
2026-09-20-21-34-15,2026-09-20T19:34:22.503909+00:00,bcc6bf4254934a977eff9387ed35ebf2c28142ec,FDP,40790,2.5415343664794112
2026-09-20-21-34-15,2026-09-20T19:34:22.503909+00:00,bcc6bf4254934a977eff9387ed35ebf2c28142ec,Tierschutzpartei,33743,2.1024514373158807
2026-09-20-21-34-15,2026-09-20T19:34:22.503909+00:00,bcc6bf4254934a977eff9387ed35ebf2c28142ec,Die PARTEI,11876,0.7399672011843463
2026-09-20-21-34-15,2026-09-20T19:34:22.503909+00:00,bcc6bf4254934a977eff9387ed35ebf2c28142ec,Volt,33198,2.068493696944925
2026-09-20-21-34-15,2026-09-20T19:34:22.503909+00:00,bcc6bf4254934a977eff9387ed35ebf2c28142ec,FREIE WÄHLER,0,0.0
2026-09-20-21-34-15,2026-09-20T19:34:22.503909+00:00,bcc6bf4254934a977eff9387ed35ebf2c28142ec,Mieterpartei,0,0.0
2026-09-20-21-34-15,2026-09-20T19:34:22.503909+00:00,bcc6bf4254934a977eff9387ed35ebf2c28142ec,Die Urbane.,1357,0.0845516581346546
2026-09-20-21-34-15,2026-09-20T19:34:22.503909+00:00,bcc6bf4254934a977eff9387ed35ebf2c28142ec,DKP,1799,0.11209169711440208
2026-09-20-21-34-15,2026-09-20T19:34:22.503909+00:00,bcc6bf4254934a977eff9387ed35ebf2c28142ec,ÖDP,2241,0.13963173609414956
2026-09-20-21-34-15,2026-09-20T19:34:22.503909+00:00,bcc6bf4254934a977eff9387ed35ebf2c28142ec,Die Heimat,463,0.02884850237018797
2026-09-20-21-34-15,2026-09-20T19:34:22.503909+00:00,bcc6bf4254934a977eff9387ed35ebf2c28142ec,bergpartei,74,0.0046107757567903015
2026-09-20-21-34-15,2026-09-20T19:34:22.503909+00:00,bcc6bf4254934a977eff9387ed35ebf2c28142ec,SGP,626,0.039004670591226066
2026-09-20-21-34-15,2026-09-20T19:34:22.503909+00:00,bcc6bf4254934a977eff9387ed35ebf2c28142ec,Menschliche Welt,0,0.0
2026-09-20-21-34-15,2026-09-20T19:34:22.503909+00:00,bcc6bf4254934a977eff9387ed35ebf2c28142ec,AB Spandau,0,0.0
2026-09-20-21-34-15,2026-09-20T19:34:22.503909+00:00,bcc6bf4254934a977eff9387ed35ebf2c28142ec,Ausländer für Berlin,0,0.0
2026-09-20-21-34-15,2026-09-20T19:34:22.503909+00:00,bcc6bf4254934a977eff9387ed35ebf2c28142ec,Migrants for Neukölln,0,0.0
2026-09-20-21-34-15,2026-09-20T19:34:22.503909+00:00,bcc6bf4254934a977eff9387ed35ebf2c28142ec,Berliner:innen ohne Grenzen,0,0.0
2026-09-20-21-34-15,2026-09-20T19:34:22.503909+00:00,bcc6bf4254934a977eff9387ed35ebf2c28142ec,Berlin Retten,0,0.0
2026-09-20-21-34-15,2026-09-20T19:34:22.503909+00:00,bcc6bf4254934a977eff9387ed35ebf2c28142ec,BSW,76001,4.735453625565132
2026-09-20-21-34-15,2026-09-20T19:34:22.503909+00:00,bcc6bf4254934a977eff9387ed35ebf2c28142ec,Losdemokratie,0,0.0
2026-09-20-21-34-15,2026-09-20T19:34:22.503909+00:00,bcc6bf4254934a977eff9387ed35ebf2c28142ec,MERA25,0,0.0
2026-09-20-21-34-15,2026-09-20T19:34:22.503909+00:00,bcc6bf4254934a977eff9387ed35ebf2c28142ec,PdF,5070,0.31590044712063287
2026-09-20-21-34-15,2026-09-20T19:34:22.503909+00:00,bcc6bf4254934a977eff9387ed35ebf2c28142ec,Jan Mihm: Bester Mann,0,0.0
2026-09-20-21-34-15,2026-09-20T19:34:22.503909+00:00,bcc6bf4254934a977eff9387ed35ebf2c28142ec,Demokratische Linke,0,0.0
2026-09-20-21-34-15,2026-09-20T19:34:22.503909+00:00,bcc6bf4254934a977eff9387ed35ebf2c28142ec,DIE FRAUEN,0,0.0
2026-09-20-21-38-42,2026-09-20T19:38:44.826528+00:00,523d056a9224e356cf973f303d8b9517cf136541,CDU,306321,18.814376318236594
2026-09-20-21-38-42,2026-09-20T19:38:44.826528+00:00,523d056a9224e356cf973f303d8b9517cf136541,SPD,197179,12.110824618793924
2026-09-20-21-38-42,2026-09-20T19:38:44.826528+00:00,523d056a9224e356cf973f303d8b9517cf136541,GRÜNE,233088,14.31637186893857
2026-09-20-21-38-42,2026-09-20T19:38:44.826528+00:00,523d056a9224e356cf973f303d8b9517cf136541,Die Linke,419183,25.746412123907177
2026-09-20-21-38-42,2026-09-20T19:38:44.826528+00:00,523d056a9224e356cf973f303d8b9517cf136541,AfD,262278,16.109235057323716
2026-09-20-21-38-42,2026-09-20T19:38:44.826528+00:00,523d056a9224e356cf973f303d8b9517cf136541,FDP,41405,2.5431140909587855
2026-09-20-21-38-42,2026-09-20T19:38:44.826528+00:00,523d056a9224e356cf973f303d8b9517cf136541,Tierschutzpartei,34156,2.097877186107675
2026-09-20-21-38-42,2026-09-20T19:38:44.826528+00:00,523d056a9224e356cf973f303d8b9517cf136541,Die PARTEI,12035,0.739195220014225
2026-09-20-21-38-42,2026-09-20T19:38:44.826528+00:00,523d056a9224e356cf973f303d8b9517cf136541,Volt,33831,2.0779155370420646
2026-09-20-21-38-42,2026-09-20T19:38:44.826528+00:00,523d056a9224e356cf973f303d8b9517cf136541,FREIE WÄHLER,0,0.0
2026-09-20-21-38-42,2026-09-20T19:38:44.826528+00:00,523d056a9224e356cf973f303d8b9517cf136541,Mieterpartei,0,0.0
2026-09-20-21-38-42,2026-09-20T19:38:44.826528+00:00,523d056a9224e356cf973f303d8b9517cf136541,Die Urbane.,1377,0.08457597157952537
2026-09-20-21-38-42,2026-09-20T19:38:44.826528+00:00,523d056a9224e356cf973f303d8b9517cf136541,DKP,1817,0.1116009733914289
2026-09-20-21-38-42,2026-09-20T19:38:44.826528+00:00,523d056a9224e356cf973f303d8b9517cf136541,ÖDP,2273,0.1396087025419471
2026-09-20-21-38-42,2026-09-20T19:38:44.826528+00:00,523d056a9224e356cf973f303d8b9517cf136541,Die Heimat,463,0.028437672361162125
2026-09-20-21-38-42,2026-09-20T19:38:44.826528+00:00,523d056a9224e356cf973f303d8b9517cf136541,bergpartei,74,0.004545113941092867
2026-09-20-21-38-42,2026-09-20T19:38:44.826528+00:00,523d056a9224e356cf973f303d8b9517cf136541,SGP,632,0.038817729875279615
2026-09-20-21-38-42,2026-09-20T19:38:44.826528+00:00,523d056a9224e356cf973f303d8b9517cf136541,Menschliche Welt,0,0.0
2026-09-20-21-38-42,2026-09-20T19:38:44.826528+00:00,523d056a9224e356cf973f303d8b9517cf136541,AB Spandau,0,0.0
2026-09-20-21-38-42,2026-09-20T19:38:44.826528+00:00,523d056a9224e356cf973f303d8b9517cf136541,Ausländer für Berlin,0,0.0
2026-09-20-21-38-42,2026-09-20T19:38:44.826528+00:00,523d056a9224e356cf973f303d8b9517cf136541,Migrants for Neukölln,0,0.0
2026-09-20-21-38-42,2026-09-20T19:38:44.826528+00:00,523d056a9224e356cf973f303d8b9517cf136541,Berliner:innen ohne Grenzen,0,0.0
2026-09-20-21-38-42,2026-09-20T19:38:44.826528+00:00,523d056a9224e356cf973f303d8b9517cf136541,Berlin Retten,0,0.0
2026-09-20-21-38-42,2026-09-20T19:38:44.826528+00:00,523d056a9224e356cf973f303d8b9517cf136541,BSW,76866,4.72114497562222
2026-09-20-21-38-42,2026-09-20T19:38:44.826528+00:00,523d056a9224e356cf973f303d8b9517cf136541,Losdemokratie,0,0.0
2026-09-20-21-38-42,2026-09-20T19:38:44.826528+00:00,523d056a9224e356cf973f303d8b9517cf136541,MERA25,0,0.0
2026-09-20-21-38-42,2026-09-20T19:38:44.826528+00:00,523d056a9224e356cf973f303d8b9517cf136541,PdF,5144,0.31594683936461765
2026-09-20-21-38-42,2026-09-20T19:38:44.826528+00:00,523d056a9224e356cf973f303d8b9517cf136541,Jan Mihm: Bester Mann,0,0.0
2026-09-20-21-38-42,2026-09-20T19:38:44.826528+00:00,523d056a9224e356cf973f303d8b9517cf136541,Demokratische Linke,0,0.0
2026-09-20-21-38-42,2026-09-20T19:38:44.826528+00:00,523d056a9224e356cf973f303d8b9517cf136541,DIE FRAUEN,0,0.0
2026-09-20-21-43-28,2026-09-20T19:43:30.785115+00:00,87de488950bb12e4ad100183b53d4513d95c76e6,CDU,310114,18.847996343617314
2026-09-20-21-43-28,2026-09-20T19:43:30.785115+00:00,87de488950bb12e4ad100183b53d4513d95c76e6,SPD,199443,12.121674399608105
2026-09-20-21-43-28,2026-09-20T19:43:30.785115+00:00,87de488950bb12e4ad100183b53d4513d95c76e6,GRÜNE,235818,14.33246097163994
2026-09-20-21-43-28,2026-09-20T19:43:30.785115+00:00,87de488950bb12e4ad100183b53d4513d95c76e6,Die Linke,423368,25.731306925854927
2026-09-20-21-43-28,2026-09-20T19:43:30.785115+00:00,87de488950bb12e4ad100183b53d4513d95c76e6,AfD,264432,16.071552297333927
2026-09-20-21-43-28,2026-09-20T19:43:30.785115+00:00,87de488950bb12e4ad100183b53d4513d95c76e6,FDP,41894,2.5462183546034804
2026-09-20-21-43-28,2026-09-20T19:43:30.785115+00:00,87de488950bb12e4ad100183b53d4513d95c76e6,Tierschutzpartei,34492,2.0963422802067897
2026-09-20-21-43-28,2026-09-20T19:43:30.785115+00:00,87de488950bb12e4ad100183b53d4513d95c76e6,Die PARTEI,12160,0.7390560746641124
2026-09-20-21-43-28,2026-09-20T19:43:30.785115+00:00,87de488950bb12e4ad100183b53d4513d95c76e6,Volt,34226,2.0801754285735123
2026-09-20-21-43-28,2026-09-20T19:43:30.785115+00:00,87de488950bb12e4ad100183b53d4513d95c76e6,FREIE WÄHLER,0,0.0
2026-09-20-21-43-28,2026-09-20T19:43:30.785115+00:00,87de488950bb12e4ad100183b53d4513d95c76e6,Mieterpartei,0,0.0
2026-09-20-21-43-28,2026-09-20T19:43:30.785115+00:00,87de488950bb12e4ad100183b53d4513d95c76e6,Die Urbane.,1394,0.08472402698040894
2026-09-20-21-43-28,2026-09-20T19:43:30.785115+00:00,87de488950bb12e4ad100183b53d4513d95c76e6,DKP,1842,0.11195240867856045
2026-09-20-21-43-28,2026-09-20T19:43:30.785115+00:00,87de488950bb12e4ad100183b53d4513d95c76e6,ÖDP,2296,0.1395454562030265
2026-09-20-21-43-28,2026-09-20T19:43:30.785115+00:00,87de488950bb12e4ad100183b53d4513d95c76e6,Die Heimat,466,0.028322379177095097
2026-09-20-21-43-28,2026-09-20T19:43:30.785115+00:00,87de488950bb12e4ad100183b53d4513d95c76e6,bergpartei,74,0.004497545191212526
2026-09-20-21-43-28,2026-09-20T19:43:30.785115+00:00,87de488950bb12e4ad100183b53d4513d95c76e6,SGP,634,0.03853302231390191
2026-09-20-21-43-28,2026-09-20T19:43:30.785115+00:00,87de488950bb12e4ad100183b53d4513d95c76e6,Menschliche Welt,0,0.0
2026-09-20-21-43-28,2026-09-20T19:43:30.785115+00:00,87de488950bb12e4ad100183b53d4513d95c76e6,AB Spandau,0,0.0
2026-09-20-21-43-28,2026-09-20T19:43:30.785115+00:00,87de488950bb12e4ad100183b53d4513d95c76e6,Ausländer für Berlin,0,0.0
2026-09-20-21-43-28,2026-09-20T19:43:30.785115+00:00,87de488950bb12e4ad100183b53d4513d95c76e6,Migrants for Neukölln,0,0.0
2026-09-20-21-43-28,2026-09-20T19:43:30.785115+00:00,87de488950bb12e4ad100183b53d4513d95c76e6,Berliner:innen ohne Grenzen,0,0.0
2026-09-20-21-43-28,2026-09-20T19:43:30.785115+00:00,87de488950bb12e4ad100183b53d4513d95c76e6,Berlin Retten,0,0.0
2026-09-20-21-43-28,2026-09-20T19:43:30.785115+00:00,87de488950bb12e4ad100183b53d4513d95c76e6,BSW,77489,4.709598369214425
2026-09-20-21-43-28,2026-09-20T19:43:30.785115+00:00,87de488950bb12e4ad100183b53d4513d95c76e6,Losdemokratie,0,0.0
2026-09-20-21-43-28,2026-09-20T19:43:30.785115+00:00,87de488950bb12e4ad100183b53d4513d95c76e6,MERA25,0,0.0
2026-09-20-21-43-28,2026-09-20T19:43:30.785115+00:00,87de488950bb12e4ad100183b53d4513d95c76e6,PdF,5200,0.3160437161392586
2026-09-20-21-43-28,2026-09-20T19:43:30.785115+00:00,87de488950bb12e4ad100183b53d4513d95c76e6,Jan Mihm: Bester Mann,0,0.0
2026-09-20-21-43-28,2026-09-20T19:43:30.785115+00:00,87de488950bb12e4ad100183b53d4513d95c76e6,Demokratische Linke,0,0.0
2026-09-20-21-43-28,2026-09-20T19:43:30.785115+00:00,87de488950bb12e4ad100183b53d4513d95c76e6,DIE FRAUEN,0,0.0
2026-09-20-21-47-56,2026-09-20T19:47:59.242801+00:00,58667d9e00a100463a02654375e13ee9e5bb07f4,CDU,313392,18.843925144294396
2026-09-20-21-47-56,2026-09-20T19:47:59.242801+00:00,58667d9e00a100463a02654375e13ee9e5bb07f4,SPD,201771,12.132274021957882
2026-09-20-21-47-56,2026-09-20T19:47:59.242801+00:00,58667d9e00a100463a02654375e13ee9e5bb07f4,GRÜNE,238734,14.354819604195315
2026-09-20-21-47-56,2026-09-20T19:47:59.242801+00:00,58667d9e00a100463a02654375e13ee9e5bb07f4,Die Linke,427996,25.734940860192424
2026-09-20-21-47-56,2026-09-20T19:47:59.242801+00:00,58667d9e00a100463a02654375e13ee9e5bb07f4,AfD,266656,16.033739544330956
2026-09-20-21-47-56,2026-09-20T19:47:59.242801+00:00,58667d9e00a100463a02654375e13ee9e5bb07f4,FDP,42341,2.5459189594328158
2026-09-20-21-47-56,2026-09-20T19:47:59.242801+00:00,58667d9e00a100463a02654375e13ee9e5bb07f4,Tierschutzpartei,34871,2.0967558639234247
2026-09-20-21-47-56,2026-09-20T19:47:59.242801+00:00,58667d9e00a100463a02654375e13ee9e5bb07f4,Die PARTEI,12325,0.7410890431262713
2026-09-20-21-47-56,2026-09-20T19:47:59.242801+00:00,58667d9e00a100463a02654375e13ee9e5bb07f4,Volt,34635,2.0825654368096074
2026-09-20-21-47-56,2026-09-20T19:47:59.242801+00:00,58667d9e00a100463a02654375e13ee9e5bb07f4,FREIE WÄHLER,0,0.0
2026-09-20-21-47-56,2026-09-20T19:47:59.242801+00:00,58667d9e00a100463a02654375e13ee9e5bb07f4,Mieterpartei,0,0.0
2026-09-20-21-47-56,2026-09-20T19:47:59.242801+00:00,58667d9e00a100463a02654375e13ee9e5bb07f4,Die Urbane.,1411,0.0848419180406628
2026-09-20-21-47-56,2026-09-20T19:47:59.242801+00:00,58667d9e00a100463a02654375e13ee9e5bb07f4,DKP,1863,0.1120201936993301
2026-09-20-21-47-56,2026-09-20T19:47:59.242801+00:00,58667d9e00a100463a02654375e13ee9e5bb07f4,ÖDP,2328,0.13998014542782636
2026-09-20-21-47-56,2026-09-20T19:47:59.242801+00:00,58667d9e00a100463a02654375e13ee9e5bb07f4,Die Heimat,466,0.02802008065694462
2026-09-20-21-47-56,2026-09-20T19:47:59.242801+00:00,58667d9e00a100463a02654375e13ee9e5bb07f4,bergpartei,74,0.004449540705180047
2026-09-20-21-47-56,2026-09-20T19:47:59.242801+00:00,58667d9e00a100463a02654375e13ee9e5bb07f4,SGP,640,0.03848251420696257
2026-09-20-21-47-56,2026-09-20T19:47:59.242801+00:00,58667d9e00a100463a02654375e13ee9e5bb07f4,Menschliche Welt,0,0.0
2026-09-20-21-47-56,2026-09-20T19:47:59.242801+00:00,58667d9e00a100463a02654375e13ee9e5bb07f4,AB Spandau,0,0.0
2026-09-20-21-47-56,2026-09-20T19:47:59.242801+00:00,58667d9e00a100463a02654375e13ee9e5bb07f4,Ausländer für Berlin,0,0.0
2026-09-20-21-47-56,2026-09-20T19:47:59.242801+00:00,58667d9e00a100463a02654375e13ee9e5bb07f4,Migrants for Neukölln,0,0.0
2026-09-20-21-47-56,2026-09-20T19:47:59.242801+00:00,58667d9e00a100463a02654375e13ee9e5bb07f4,Berliner:innen ohne Grenzen,0,0.0
2026-09-20-21-47-56,2026-09-20T19:47:59.242801+00:00,58667d9e00a100463a02654375e13ee9e5bb07f4,Berlin Retten,0,0.0
2026-09-20-21-47-56,2026-09-20T19:47:59.242801+00:00,58667d9e00a100463a02654375e13ee9e5bb07f4,BSW,78325,4.709598320719286
2026-09-20-21-47-56,2026-09-20T19:47:59.242801+00:00,58667d9e00a100463a02654375e13ee9e5bb07f4,Losdemokratie,0,0.0
2026-09-20-21-47-56,2026-09-20T19:47:59.242801+00:00,58667d9e00a100463a02654375e13ee9e5bb07f4,MERA25,0,0.0
2026-09-20-21-47-56,2026-09-20T19:47:59.242801+00:00,58667d9e00a100463a02654375e13ee9e5bb07f4,PdF,5265,0.3165788082807155
2026-09-20-21-47-56,2026-09-20T19:47:59.242801+00:00,58667d9e00a100463a02654375e13ee9e5bb07f4,Jan Mihm: Bester Mann,0,0.0
2026-09-20-21-47-56,2026-09-20T19:47:59.242801+00:00,58667d9e00a100463a02654375e13ee9e5bb07f4,Demokratische Linke,0,0.0
2026-09-20-21-47-56,2026-09-20T19:47:59.242801+00:00,58667d9e00a100463a02654375e13ee9e5bb07f4,DIE FRAUEN,0,0.0
2026-09-20-21-50-27,2026-09-20T19:50:30.221497+00:00,21900f44206350f5c45f442761f0abe5eddfc260,CDU,314603,18.837679550534617
2026-09-20-21-50-27,2026-09-20T19:50:30.221497+00:00,21900f44206350f5c45f442761f0abe5eddfc260,SPD,202690,12.13659522667572
2026-09-20-21-50-27,2026-09-20T19:50:30.221497+00:00,21900f44206350f5c45f442761f0abe5eddfc260,GRÜNE,239762,14.356378433757087
2026-09-20-21-50-27,2026-09-20T19:50:30.221497+00:00,21900f44206350f5c45f442761f0abe5eddfc260,Die Linke,429884,25.74043170567993
2026-09-20-21-50-27,2026-09-20T19:50:30.221497+00:00,21900f44206350f5c45f442761f0abe5eddfc260,AfD,267746,16.031993811048977
2026-09-20-21-50-27,2026-09-20T19:50:30.221497+00:00,21900f44206350f5c45f442761f0abe5eddfc260,FDP,42536,2.5469545343227513
2026-09-20-21-50-27,2026-09-20T19:50:30.221497+00:00,21900f44206350f5c45f442761f0abe5eddfc260,Tierschutzpartei,35032,2.0976328579648915
2026-09-20-21-50-27,2026-09-20T19:50:30.221497+00:00,21900f44206350f5c45f442761f0abe5eddfc260,Die PARTEI,12370,0.740686185573924
2026-09-20-21-50-27,2026-09-20T19:50:30.221497+00:00,21900f44206350f5c45f442761f0abe5eddfc260,Volt,34765,2.081645532859941
2026-09-20-21-50-27,2026-09-20T19:50:30.221497+00:00,21900f44206350f5c45f442761f0abe5eddfc260,FREIE WÄHLER,0,0.0
2026-09-20-21-50-27,2026-09-20T19:50:30.221497+00:00,21900f44206350f5c45f442761f0abe5eddfc260,Mieterpartei,0,0.0
2026-09-20-21-50-27,2026-09-20T19:50:30.221497+00:00,21900f44206350f5c45f442761f0abe5eddfc260,Die Urbane.,1418,0.08490646816037382
2026-09-20-21-50-27,2026-09-20T19:50:30.221497+00:00,21900f44206350f5c45f442761f0abe5eddfc260,DKP,1867,0.11179152049042168
2026-09-20-21-50-27,2026-09-20T19:50:30.221497+00:00,21900f44206350f5c45f442761f0abe5eddfc260,ÖDP,2339,0.14005375812913567
2026-09-20-21-50-27,2026-09-20T19:50:30.221497+00:00,21900f44206350f5c45f442761f0abe5eddfc260,Die Heimat,467,0.0279628495281344
2026-09-20-21-50-27,2026-09-20T19:50:30.221497+00:00,21900f44206350f5c45f442761f0abe5eddfc260,bergpartei,74,0.004430944036578042
2026-09-20-21-50-27,2026-09-20T19:50:30.221497+00:00,21900f44206350f5c45f442761f0abe5eddfc260,SGP,643,0.03850131102053623
2026-09-20-21-50-27,2026-09-20T19:50:30.221497+00:00,21900f44206350f5c45f442761f0abe5eddfc260,Menschliche Welt,0,0.0
2026-09-20-21-50-27,2026-09-20T19:50:30.221497+00:00,21900f44206350f5c45f442761f0abe5eddfc260,AB Spandau,0,0.0
2026-09-20-21-50-27,2026-09-20T19:50:30.221497+00:00,21900f44206350f5c45f442761f0abe5eddfc260,Ausländer für Berlin,0,0.0
2026-09-20-21-50-27,2026-09-20T19:50:30.221497+00:00,21900f44206350f5c45f442761f0abe5eddfc260,Migrants for Neukölln,0,0.0
2026-09-20-21-50-27,2026-09-20T19:50:30.221497+00:00,21900f44206350f5c45f442761f0abe5eddfc260,Berliner:innen ohne Grenzen,0,0.0
2026-09-20-21-50-27,2026-09-20T19:50:30.221497+00:00,21900f44206350f5c45f442761f0abe5eddfc260,Berlin Retten,0,0.0
2026-09-20-21-50-27,2026-09-20T19:50:30.221497+00:00,21900f44206350f5c45f442761f0abe5eddfc260,BSW,78587,4.705602689223764
2026-09-20-21-50-27,2026-09-20T19:50:30.221497+00:00,21900f44206350f5c45f442761f0abe5eddfc260,Losdemokratie,0,0.0
2026-09-20-21-50-27,2026-09-20T19:50:30.221497+00:00,21900f44206350f5c45f442761f0abe5eddfc260,MERA25,0,0.0
2026-09-20-21-50-27,2026-09-20T19:50:30.221497+00:00,21900f44206350f5c45f442761f0abe5eddfc260,PdF,5290,0.31675262099321405
2026-09-20-21-50-27,2026-09-20T19:50:30.221497+00:00,21900f44206350f5c45f442761f0abe5eddfc260,Jan Mihm: Bester Mann,0,0.0
2026-09-20-21-50-27,2026-09-20T19:50:30.221497+00:00,21900f44206350f5c45f442761f0abe5eddfc260,Demokratische Linke,0,0.0
2026-09-20-21-50-27,2026-09-20T19:50:30.221497+00:00,21900f44206350f5c45f442761f0abe5eddfc260,DIE FRAUEN,0,0.0
2026-09-20-21-55-27,2026-09-20T19:55:29.825361+00:00,de799270743f1fb0bd17ddfe3aa08b4d7386bd78,CDU,315698,18.845144106273676
2026-09-20-21-55-27,2026-09-20T19:55:29.825361+00:00,de799270743f1fb0bd17ddfe3aa08b4d7386bd78,SPD,203354,12.138928452467793
2026-09-20-21-55-27,2026-09-20T19:55:29.825361+00:00,de799270743f1fb0bd17ddfe3aa08b4d7386bd78,GRÜNE,240815,14.375109686954923
2026-09-20-21-55-27,2026-09-20T19:55:29.825361+00:00,de799270743f1fb0bd17ddfe3aa08b4d7386bd78,Die Linke,431161,25.737544038939316
2026-09-20-21-55-27,2026-09-20T19:55:29.825361+00:00,de799270743f1fb0bd17ddfe3aa08b4d7386bd78,AfD,268163,16.007609737694466
2026-09-20-21-55-27,2026-09-20T19:55:29.825361+00:00,de799270743f1fb0bd17ddfe3aa08b4d7386bd78,FDP,42705,2.549214372781637
2026-09-20-21-55-27,2026-09-20T19:55:29.825361+00:00,de799270743f1fb0bd17ddfe3aa08b4d7386bd78,Tierschutzpartei,35096,2.0950059156338683
2026-09-20-21-55-27,2026-09-20T19:55:29.825361+00:00,de799270743f1fb0bd17ddfe3aa08b4d7386bd78,Die PARTEI,12406,0.7405585647752955
2026-09-20-21-55-27,2026-09-20T19:55:29.825361+00:00,de799270743f1fb0bd17ddfe3aa08b4d7386bd78,Volt,34937,2.0855146362691035
2026-09-20-21-55-27,2026-09-20T19:55:29.825361+00:00,de799270743f1fb0bd17ddfe3aa08b4d7386bd78,FREIE WÄHLER,0,0.0
2026-09-20-21-55-27,2026-09-20T19:55:29.825361+00:00,de799270743f1fb0bd17ddfe3aa08b4d7386bd78,Mieterpartei,0,0.0
2026-09-20-21-55-27,2026-09-20T19:55:29.825361+00:00,de799270743f1fb0bd17ddfe3aa08b4d7386bd78,Die Urbane.,1421,0.0848245784737784
2026-09-20-21-55-27,2026-09-20T19:55:29.825361+00:00,de799270743f1fb0bd17ddfe3aa08b4d7386bd78,DKP,1877,0.1120448513689529
2026-09-20-21-55-27,2026-09-20T19:55:29.825361+00:00,de799270743f1fb0bd17ddfe3aa08b4d7386bd78,ÖDP,2348,0.14016052797778444
2026-09-20-21-55-27,2026-09-20T19:55:29.825361+00:00,de799270743f1fb0bd17ddfe3aa08b4d7386bd78,Die Heimat,467,0.027876902285189666
2026-09-20-21-55-27,2026-09-20T19:55:29.825361+00:00,de799270743f1fb0bd17ddfe3aa08b4d7386bd78,bergpartei,76,0.004536712149195749
2026-09-20-21-55-27,2026-09-20T19:55:29.825361+00:00,de799270743f1fb0bd17ddfe3aa08b4d7386bd78,SGP,644,0.03844266610634292
2026-09-20-21-55-27,2026-09-20T19:55:29.825361+00:00,de799270743f1fb0bd17ddfe3aa08b4d7386bd78,Menschliche Welt,0,0.0
2026-09-20-21-55-27,2026-09-20T19:55:29.825361+00:00,de799270743f1fb0bd17ddfe3aa08b4d7386bd78,AB Spandau,0,0.0
2026-09-20-21-55-27,2026-09-20T19:55:29.825361+00:00,de799270743f1fb0bd17ddfe3aa08b4d7386bd78,Ausländer für Berlin,0,0.0
2026-09-20-21-55-27,2026-09-20T19:55:29.825361+00:00,de799270743f1fb0bd17ddfe3aa08b4d7386bd78,Migrants for Neukölln,0,0.0
2026-09-20-21-55-27,2026-09-20T19:55:29.825361+00:00,de799270743f1fb0bd17ddfe3aa08b4d7386bd78,Berliner:innen ohne Grenzen,0,0.0
2026-09-20-21-55-27,2026-09-20T19:55:29.825361+00:00,de799270743f1fb0bd17ddfe3aa08b4d7386bd78,Berlin Retten,0,0.0
2026-09-20-21-55-27,2026-09-20T19:55:29.825361+00:00,de799270743f1fb0bd17ddfe3aa08b4d7386bd78,BSW,78752,4.7009888838613625
2026-09-20-21-55-27,2026-09-20T19:55:29.825361+00:00,de799270743f1fb0bd17ddfe3aa08b4d7386bd78,Losdemokratie,0,0.0
2026-09-20-21-55-27,2026-09-20T19:55:29.825361+00:00,de799270743f1fb0bd17ddfe3aa08b4d7386bd78,MERA25,0,0.0
2026-09-20-21-55-27,2026-09-20T19:55:29.825361+00:00,de799270743f1fb0bd17ddfe3aa08b4d7386bd78,PdF,5302,0.3164953659873139
2026-09-20-21-55-27,2026-09-20T19:55:29.825361+00:00,de799270743f1fb0bd17ddfe3aa08b4d7386bd78,Jan Mihm: Bester Mann,0,0.0
2026-09-20-21-55-27,2026-09-20T19:55:29.825361+00:00,de799270743f1fb0bd17ddfe3aa08b4d7386bd78,Demokratische Linke,0,0.0
2026-09-20-21-55-27,2026-09-20T19:55:29.825361+00:00,de799270743f1fb0bd17ddfe3aa08b4d7386bd78,DIE FRAUEN,0,0.0
2026-09-20-21-59-57,2026-09-20T19:59:59.958298+00:00,0db8ecc91188d67263dd94113bbec38286664e78,CDU,318329,18.840762416132804
2026-09-20-21-59-57,2026-09-20T19:59:59.958298+00:00,0db8ecc91188d67263dd94113bbec38286664e78,SPD,205228,12.146716099187016
2026-09-20-21-59-57,2026-09-20T19:59:59.958298+00:00,0db8ecc91188d67263dd94113bbec38286664e78,GRÜNE,243282,14.398997144845808
2026-09-20-21-59-57,2026-09-20T19:59:59.958298+00:00,0db8ecc91188d67263dd94113bbec38286664e78,Die Linke,434561,25.720121497937946
2026-09-20-21-59-57,2026-09-20T19:59:59.958298+00:00,0db8ecc91188d67263dd94113bbec38286664e78,AfD,270283,15.997090394276434
2026-09-20-21-59-57,2026-09-20T19:59:59.958298+00:00,0db8ecc91188d67263dd94113bbec38286664e78,FDP,43093,2.5505215509690005
2026-09-20-21-59-57,2026-09-20T19:59:59.958298+00:00,0db8ecc91188d67263dd94113bbec38286664e78,Tierschutzpartei,35427,2.0967982499751416
2026-09-20-21-59-57,2026-09-20T19:59:59.958298+00:00,0db8ecc91188d67263dd94113bbec38286664e78,Die PARTEI,12540,0.7421980425858322
2026-09-20-21-59-57,2026-09-20T19:59:59.958298+00:00,0db8ecc91188d67263dd94113bbec38286664e78,Volt,35305,2.089577503468326
2026-09-20-21-59-57,2026-09-20T19:59:59.958298+00:00,0db8ecc91188d67263dd94113bbec38286664e78,FREIE WÄHLER,0,0.0
2026-09-20-21-59-57,2026-09-20T19:59:59.958298+00:00,0db8ecc91188d67263dd94113bbec38286664e78,Mieterpartei,0,0.0
2026-09-20-21-59-57,2026-09-20T19:59:59.958298+00:00,0db8ecc91188d67263dd94113bbec38286664e78,Die Urbane.,1441,0.0852876698059158
2026-09-20-21-59-57,2026-09-20T19:59:59.958298+00:00,0db8ecc91188d67263dd94113bbec38286664e78,DKP,1896,0.11221750308953252
2026-09-20-21-59-57,2026-09-20T19:59:59.958298+00:00,0db8ecc91188d67263dd94113bbec38286664e78,ÖDP,2369,0.14021269241513848
2026-09-20-21-59-57,2026-09-20T19:59:59.958298+00:00,0db8ecc91188d67263dd94113bbec38286664e78,Die Heimat,468,0.027699257091720053
2026-09-20-21-59-57,2026-09-20T19:59:59.958298+00:00,0db8ecc91188d67263dd94113bbec38286664e78,bergpartei,76,0.00449816995506565
2026-09-20-21-59-57,2026-09-20T19:59:59.958298+00:00,0db8ecc91188d67263dd94113bbec38286664e78,SGP,654,0.03870793619227546
2026-09-20-21-59-57,2026-09-20T19:59:59.958298+00:00,0db8ecc91188d67263dd94113bbec38286664e78,Menschliche Welt,0,0.0
2026-09-20-21-59-57,2026-09-20T19:59:59.958298+00:00,0db8ecc91188d67263dd94113bbec38286664e78,AB Spandau,0,0.0
2026-09-20-21-59-57,2026-09-20T19:59:59.958298+00:00,0db8ecc91188d67263dd94113bbec38286664e78,Ausländer für Berlin,0,0.0
2026-09-20-21-59-57,2026-09-20T19:59:59.958298+00:00,0db8ecc91188d67263dd94113bbec38286664e78,Migrants for Neukölln,0,0.0
2026-09-20-21-59-57,2026-09-20T19:59:59.958298+00:00,0db8ecc91188d67263dd94113bbec38286664e78,Berliner:innen ohne Grenzen,0,0.0
2026-09-20-21-59-57,2026-09-20T19:59:59.958298+00:00,0db8ecc91188d67263dd94113bbec38286664e78,Berlin Retten,0,0.0
2026-09-20-21-59-57,2026-09-20T19:59:59.958298+00:00,0db8ecc91188d67263dd94113bbec38286664e78,BSW,79281,4.6923606869415755
2026-09-20-21-59-57,2026-09-20T19:59:59.958298+00:00,0db8ecc91188d67263dd94113bbec38286664e78,Losdemokratie,0,0.0
2026-09-20-21-59-57,2026-09-20T19:59:59.958298+00:00,0db8ecc91188d67263dd94113bbec38286664e78,MERA25,0,0.0
2026-09-20-21-59-57,2026-09-20T19:59:59.958298+00:00,0db8ecc91188d67263dd94113bbec38286664e78,PdF,5343,0.3162331851304706
2026-09-20-21-59-57,2026-09-20T19:59:59.958298+00:00,0db8ecc91188d67263dd94113bbec38286664e78,Jan Mihm: Bester Mann,0,0.0
2026-09-20-21-59-57,2026-09-20T19:59:59.958298+00:00,0db8ecc91188d67263dd94113bbec38286664e78,Demokratische Linke,0,0.0
2026-09-20-21-59-57,2026-09-20T19:59:59.958298+00:00,0db8ecc91188d67263dd94113bbec38286664e78,DIE FRAUEN,0,0.0
2026-09-20-22-04-26,2026-09-20T20:04:29.478784+00:00,5f27754ba6477fd493f4d0f538a9ab1b997f03d3,CDU,320860,18.826066879887158
2026-09-20-22-04-26,2026-09-20T20:04:29.478784+00:00,5f27754ba6477fd493f4d0f538a9ab1b997f03d3,SPD,206992,12.145001669268849
2026-09-20-22-04-26,2026-09-20T20:04:29.478784+00:00,5f27754ba6477fd493f4d0f538a9ab1b997f03d3,GRÜNE,245854,14.425181844691696
2026-09-20-22-04-26,2026-09-20T20:04:29.478784+00:00,5f27754ba6477fd493f4d0f538a9ab1b997f03d3,Die Linke,438696,25.7399496226983
2026-09-20-22-04-26,2026-09-20T20:04:29.478784+00:00,5f27754ba6477fd493f4d0f538a9ab1b997f03d3,AfD,272169,15.969182187346531
2026-09-20-22-04-26,2026-09-20T20:04:29.478784+00:00,5f27754ba6477fd493f4d0f538a9ab1b997f03d3,FDP,43455,2.5496688158869802
2026-09-20-22-04-26,2026-09-20T20:04:29.478784+00:00,5f27754ba6477fd493f4d0f538a9ab1b997f03d3,Tierschutzpartei,35781,2.0994062800886444
2026-09-20-22-04-26,2026-09-20T20:04:29.478784+00:00,5f27754ba6477fd493f4d0f538a9ab1b997f03d3,Die PARTEI,12658,0.7426926215969945
2026-09-20-22-04-26,2026-09-20T20:04:29.478784+00:00,5f27754ba6477fd493f4d0f538a9ab1b997f03d3,Volt,35635,2.0908399091964687
2026-09-20-22-04-26,2026-09-20T20:04:29.478784+00:00,5f27754ba6477fd493f4d0f538a9ab1b997f03d3,FREIE WÄHLER,0,0.0
2026-09-20-22-04-26,2026-09-20T20:04:29.478784+00:00,5f27754ba6477fd493f4d0f538a9ab1b997f03d3,Mieterpartei,0,0.0
2026-09-20-22-04-26,2026-09-20T20:04:29.478784+00:00,5f27754ba6477fd493f4d0f538a9ab1b997f03d3,Die Urbane.,1449,0.08501829741618305
2026-09-20-22-04-26,2026-09-20T20:04:29.478784+00:00,5f27754ba6477fd493f4d0f538a9ab1b997f03d3,DKP,1917,0.11247762328973285
2026-09-20-22-04-26,2026-09-20T20:04:29.478784+00:00,5f27754ba6477fd493f4d0f538a9ab1b997f03d3,ÖDP,2391,0.14028899180268714
2026-09-20-22-04-26,2026-09-20T20:04:29.478784+00:00,5f27754ba6477fd493f4d0f538a9ab1b997f03d3,Die Heimat,470,0.027576673420017964
2026-09-20-22-04-26,2026-09-20T20:04:29.478784+00:00,5f27754ba6477fd493f4d0f538a9ab1b997f03d3,bergpartei,76,0.004459206765790139
2026-09-20-22-04-26,2026-09-20T20:04:29.478784+00:00,5f27754ba6477fd493f4d0f538a9ab1b997f03d3,SGP,659,0.03866601656125923
2026-09-20-22-04-26,2026-09-20T20:04:29.478784+00:00,5f27754ba6477fd493f4d0f538a9ab1b997f03d3,Menschliche Welt,0,0.0
2026-09-20-22-04-26,2026-09-20T20:04:29.478784+00:00,5f27754ba6477fd493f4d0f538a9ab1b997f03d3,AB Spandau,0,0.0
2026-09-20-22-04-26,2026-09-20T20:04:29.478784+00:00,5f27754ba6477fd493f4d0f538a9ab1b997f03d3,Ausländer für Berlin,0,0.0
2026-09-20-22-04-26,2026-09-20T20:04:29.478784+00:00,5f27754ba6477fd493f4d0f538a9ab1b997f03d3,Migrants for Neukölln,0,0.0
2026-09-20-22-04-26,2026-09-20T20:04:29.478784+00:00,5f27754ba6477fd493f4d0f538a9ab1b997f03d3,Berliner:innen ohne Grenzen,0,0.0
2026-09-20-22-04-26,2026-09-20T20:04:29.478784+00:00,5f27754ba6477fd493f4d0f538a9ab1b997f03d3,Berlin Retten,0,0.0
2026-09-20-22-04-26,2026-09-20T20:04:29.478784+00:00,5f27754ba6477fd493f4d0f538a9ab1b997f03d3,BSW,79885,4.687154374804543
2026-09-20-22-04-26,2026-09-20T20:04:29.478784+00:00,5f27754ba6477fd493f4d0f538a9ab1b997f03d3,Losdemokratie,0,0.0
2026-09-20-22-04-26,2026-09-20T20:04:29.478784+00:00,5f27754ba6477fd493f4d0f538a9ab1b997f03d3,MERA25,0,0.0
2026-09-20-22-04-26,2026-09-20T20:04:29.478784+00:00,5f27754ba6477fd493f4d0f538a9ab1b997f03d3,PdF,5392,0.31636898527816354
2026-09-20-22-04-26,2026-09-20T20:04:29.478784+00:00,5f27754ba6477fd493f4d0f538a9ab1b997f03d3,Jan Mihm: Bester Mann,0,0.0
2026-09-20-22-04-26,2026-09-20T20:04:29.478784+00:00,5f27754ba6477fd493f4d0f538a9ab1b997f03d3,Demokratische Linke,0,0.0
2026-09-20-22-04-26,2026-09-20T20:04:29.478784+00:00,5f27754ba6477fd493f4d0f538a9ab1b997f03d3,DIE FRAUEN,0,0.0
2026-09-20-22-09-26,2026-09-20T20:09:29.283834+00:00,b4ab71442d9244afe8dc2bc44a0e78bda9867790,CDU,322703,18.83728288000523
2026-09-20-22-09-26,2026-09-20T20:09:29.283834+00:00,b4ab71442d9244afe8dc2bc44a0e78bda9867790,SPD,208097,12.14733688710811
2026-09-20-22-09-26,2026-09-20T20:09:29.283834+00:00,b4ab71442d9244afe8dc2bc44a0e78bda9867790,GRÜNE,247103,14.424251127191047
2026-09-20-22-09-26,2026-09-20T20:09:29.283834+00:00,b4ab71442d9244afe8dc2bc44a0e78bda9867790,Die Linke,440707,25.725581808035454
2026-09-20-22-09-26,2026-09-20T20:09:29.283834+00:00,b4ab71442d9244afe8dc2bc44a0e78bda9867790,AfD,273609,15.971497418726665
2026-09-20-22-09-26,2026-09-20T20:09:29.283834+00:00,b4ab71442d9244afe8dc2bc44a0e78bda9867790,FDP,43681,2.5498100528396344
2026-09-20-22-09-26,2026-09-20T20:09:29.283834+00:00,b4ab71442d9244afe8dc2bc44a0e78bda9867790,Tierschutzpartei,35964,2.0993422481244615
2026-09-20-22-09-26,2026-09-20T20:09:29.283834+00:00,b4ab71442d9244afe8dc2bc44a0e78bda9867790,Die PARTEI,12722,0.742626851313519
2026-09-20-22-09-26,2026-09-20T20:09:29.283834+00:00,b4ab71442d9244afe8dc2bc44a0e78bda9867790,Volt,35817,2.0907613530495452
2026-09-20-22-09-26,2026-09-20T20:09:29.283834+00:00,b4ab71442d9244afe8dc2bc44a0e78bda9867790,FREIE WÄHLER,0,0.0
2026-09-20-22-09-26,2026-09-20T20:09:29.283834+00:00,b4ab71442d9244afe8dc2bc44a0e78bda9867790,Mieterpartei,0,0.0
2026-09-20-22-09-26,2026-09-20T20:09:29.283834+00:00,b4ab71442d9244afe8dc2bc44a0e78bda9867790,Die Urbane.,1462,0.0853419632620944
2026-09-20-22-09-26,2026-09-20T20:09:29.283834+00:00,b4ab71442d9244afe8dc2bc44a0e78bda9867790,DKP,1931,0.11271910469158979
2026-09-20-22-09-26,2026-09-20T20:09:29.283834+00:00,b4ab71442d9244afe8dc2bc44a0e78bda9867790,ÖDP,2398,0.1399794992493176
2026-09-20-22-09-26,2026-09-20T20:09:29.283834+00:00,b4ab71442d9244afe8dc2bc44a0e78bda9867790,Die Heimat,477,0.02784412891656568
2026-09-20-22-09-26,2026-09-20T20:09:29.283834+00:00,b4ab71442d9244afe8dc2bc44a0e78bda9867790,bergpartei,76,0.004436381127167698
2026-09-20-22-09-26,2026-09-20T20:09:29.283834+00:00,b4ab71442d9244afe8dc2bc44a0e78bda9867790,SGP,661,0.038584841119182214
2026-09-20-22-09-26,2026-09-20T20:09:29.283834+00:00,b4ab71442d9244afe8dc2bc44a0e78bda9867790,Menschliche Welt,0,0.0
2026-09-20-22-09-26,2026-09-20T20:09:29.283834+00:00,b4ab71442d9244afe8dc2bc44a0e78bda9867790,AB Spandau,0,0.0
2026-09-20-22-09-26,2026-09-20T20:09:29.283834+00:00,b4ab71442d9244afe8dc2bc44a0e78bda9867790,Ausländer für Berlin,0,0.0
2026-09-20-22-09-26,2026-09-20T20:09:29.283834+00:00,b4ab71442d9244afe8dc2bc44a0e78bda9867790,Migrants for Neukölln,0,0.0
2026-09-20-22-09-26,2026-09-20T20:09:29.283834+00:00,b4ab71442d9244afe8dc2bc44a0e78bda9867790,Berliner:innen ohne Grenzen,0,0.0
2026-09-20-22-09-26,2026-09-20T20:09:29.283834+00:00,b4ab71442d9244afe8dc2bc44a0e78bda9867790,Berlin Retten,0,0.0
2026-09-20-22-09-26,2026-09-20T20:09:29.283834+00:00,b4ab71442d9244afe8dc2bc44a0e78bda9867790,BSW,80282,4.686336179622067
2026-09-20-22-09-26,2026-09-20T20:09:29.283834+00:00,b4ab71442d9244afe8dc2bc44a0e78bda9867790,Losdemokratie,0,0.0
2026-09-20-22-09-26,2026-09-20T20:09:29.283834+00:00,b4ab71442d9244afe8dc2bc44a0e78bda9867790,MERA25,0,0.0
2026-09-20-22-09-26,2026-09-20T20:09:29.283834+00:00,b4ab71442d9244afe8dc2bc44a0e78bda9867790,PdF,5418,0.31626727561834983
2026-09-20-22-09-26,2026-09-20T20:09:29.283834+00:00,b4ab71442d9244afe8dc2bc44a0e78bda9867790,Jan Mihm: Bester Mann,0,0.0
2026-09-20-22-09-26,2026-09-20T20:09:29.283834+00:00,b4ab71442d9244afe8dc2bc44a0e78bda9867790,Demokratische Linke,0,0.0
2026-09-20-22-09-26,2026-09-20T20:09:29.283834+00:00,b4ab71442d9244afe8dc2bc44a0e78bda9867790,DIE FRAUEN,0,0.0
2026-09-20-22-13-56,2026-09-20T20:13:59.356923+00:00,cd34a92b5dea3da9748645b6c107f3620362181b,CDU,323186,18.82735234131647
2026-09-20-22-13-56,2026-09-20T20:13:59.356923+00:00,cd34a92b5dea3da9748645b6c107f3620362181b,SPD,208456,12.143702263283267
2026-09-20-22-13-56,2026-09-20T20:13:59.356923+00:00,cd34a92b5dea3da9748645b6c107f3620362181b,GRÜNE,247699,14.429821674180651
2026-09-20-22-13-56,2026-09-20T20:13:59.356923+00:00,cd34a92b5dea3da9748645b6c107f3620362181b,Die Linke,441821,25.73849002986758
2026-09-20-22-13-56,2026-09-20T20:13:59.356923+00:00,cd34a92b5dea3da9748645b6c107f3620362181b,AfD,274012,15.962697857422068
2026-09-20-22-13-56,2026-09-20T20:13:59.356923+00:00,cd34a92b5dea3da9748645b6c107f3620362181b,FDP,43774,2.5500749456622103
2026-09-20-22-13-56,2026-09-20T20:13:59.356923+00:00,cd34a92b5dea3da9748645b6c107f3620362181b,Tierschutzpartei,36037,2.099352373939532
2026-09-20-22-13-56,2026-09-20T20:13:59.356923+00:00,cd34a92b5dea3da9748645b6c107f3620362181b,Die PARTEI,12760,0.7433397977486591
2026-09-20-22-13-56,2026-09-20T20:13:59.356923+00:00,cd34a92b5dea3da9748645b6c107f3620362181b,Volt,35906,2.091720907363899
2026-09-20-22-13-56,2026-09-20T20:13:59.356923+00:00,cd34a92b5dea3da9748645b6c107f3620362181b,FREIE WÄHLER,0,0.0
2026-09-20-22-13-56,2026-09-20T20:13:59.356923+00:00,cd34a92b5dea3da9748645b6c107f3620362181b,Mieterpartei,0,0.0
2026-09-20-22-13-56,2026-09-20T20:13:59.356923+00:00,cd34a92b5dea3da9748645b6c107f3620362181b,Die Urbane.,1468,0.0855190300231216
2026-09-20-22-13-56,2026-09-20T20:13:59.356923+00:00,cd34a92b5dea3da9748645b6c107f3620362181b,DKP,1943,0.11319037829354582
2026-09-20-22-13-56,2026-09-20T20:13:59.356923+00:00,cd34a92b5dea3da9748645b6c107f3620362181b,ÖDP,2405,0.14010440545341107
2026-09-20-22-13-56,2026-09-20T20:13:59.356923+00:00,cd34a92b5dea3da9748645b6c107f3620362181b,Die Heimat,477,0.02778785921051022
2026-09-20-22-13-56,2026-09-20T20:13:59.356923+00:00,cd34a92b5dea3da9748645b6c107f3620362181b,bergpartei,77,0.0044856711933108735
2026-09-20-22-13-56,2026-09-20T20:13:59.356923+00:00,cd34a92b5dea3da9748645b6c107f3620362181b,SGP,663,0.038623376638507914
2026-09-20-22-13-56,2026-09-20T20:13:59.356923+00:00,cd34a92b5dea3da9748645b6c107f3620362181b,Menschliche Welt,0,0.0
2026-09-20-22-13-56,2026-09-20T20:13:59.356923+00:00,cd34a92b5dea3da9748645b6c107f3620362181b,AB Spandau,0,0.0
2026-09-20-22-13-56,2026-09-20T20:13:59.356923+00:00,cd34a92b5dea3da9748645b6c107f3620362181b,Ausländer für Berlin,0,0.0
2026-09-20-22-13-56,2026-09-20T20:13:59.356923+00:00,cd34a92b5dea3da9748645b6c107f3620362181b,Migrants for Neukölln,0,0.0
2026-09-20-22-13-56,2026-09-20T20:13:59.356923+00:00,cd34a92b5dea3da9748645b6c107f3620362181b,Berliner:innen ohne Grenzen,0,0.0
2026-09-20-22-13-56,2026-09-20T20:13:59.356923+00:00,cd34a92b5dea3da9748645b6c107f3620362181b,Berlin Retten,0,0.0
2026-09-20-22-13-56,2026-09-20T20:13:59.356923+00:00,cd34a92b5dea3da9748645b6c107f3620362181b,BSW,80464,4.68746814153982
2026-09-20-22-13-56,2026-09-20T20:13:59.356923+00:00,cd34a92b5dea3da9748645b6c107f3620362181b,Losdemokratie,0,0.0
2026-09-20-22-13-56,2026-09-20T20:13:59.356923+00:00,cd34a92b5dea3da9748645b6c107f3620362181b,MERA25,0,0.0
2026-09-20-22-13-56,2026-09-20T20:13:59.356923+00:00,cd34a92b5dea3da9748645b6c107f3620362181b,PdF,5429,0.3162689468634381
2026-09-20-22-13-56,2026-09-20T20:13:59.356923+00:00,cd34a92b5dea3da9748645b6c107f3620362181b,Jan Mihm: Bester Mann,0,0.0
2026-09-20-22-13-56,2026-09-20T20:13:59.356923+00:00,cd34a92b5dea3da9748645b6c107f3620362181b,Demokratische Linke,0,0.0
2026-09-20-22-13-56,2026-09-20T20:13:59.356923+00:00,cd34a92b5dea3da9748645b6c107f3620362181b,DIE FRAUEN,0,0.0
2026-09-20-22-15-40,2026-09-20T20:15:46.969554+00:00,2725a4c5d817186c1344d69f1dd1137e0c563715,CDU,323744,18.824853803039826
2026-09-20-22-15-40,2026-09-20T20:15:46.969554+00:00,2725a4c5d817186c1344d69f1dd1137e0c563715,SPD,208929,12.148666477881623
2026-09-20-22-15-40,2026-09-20T20:15:46.969554+00:00,2725a4c5d817186c1344d69f1dd1137e0c563715,GRÜNE,248122,14.427635339397327
2026-09-20-22-15-40,2026-09-20T20:15:46.969554+00:00,2725a4c5d817186c1344d69f1dd1137e0c563715,Die Linke,442701,25.74188742790456
2026-09-20-22-15-40,2026-09-20T20:15:46.969554+00:00,2725a4c5d817186c1344d69f1dd1137e0c563715,AfD,274437,15.95778270221175
2026-09-20-22-15-40,2026-09-20T20:15:46.969554+00:00,2725a4c5d817186c1344d69f1dd1137e0c563715,FDP,43860,2.5503425169310527
2026-09-20-22-15-40,2026-09-20T20:15:46.969554+00:00,2725a4c5d817186c1344d69f1dd1137e0c563715,Tierschutzpartei,36106,2.0994680099478478
2026-09-20-22-15-40,2026-09-20T20:15:46.969554+00:00,2725a4c5d817186c1344d69f1dd1137e0c563715,Die PARTEI,12789,0.7436463850668317
2026-09-20-22-15-40,2026-09-20T20:15:46.969554+00:00,2725a4c5d817186c1344d69f1dd1137e0c563715,Volt,35961,2.091036645037793
2026-09-20-22-15-40,2026-09-20T20:15:46.969554+00:00,2725a4c5d817186c1344d69f1dd1137e0c563715,FREIE WÄHLER,0,0.0
2026-09-20-22-15-40,2026-09-20T20:15:46.969554+00:00,2725a4c5d817186c1344d69f1dd1137e0c563715,Mieterpartei,0,0.0
2026-09-20-22-15-40,2026-09-20T20:15:46.969554+00:00,2725a4c5d817186c1344d69f1dd1137e0c563715,Die Urbane.,1472,0.08559289067310784
2026-09-20-22-15-40,2026-09-20T20:15:46.969554+00:00,2725a4c5d817186c1344d69f1dd1137e0c563715,DKP,1946,0.11315473182735589
2026-09-20-22-15-40,2026-09-20T20:15:46.969554+00:00,2725a4c5d817186c1344d69f1dd1137e0c563715,ÖDP,2413,0.140309541572153
2026-09-20-22-15-40,2026-09-20T20:15:46.969554+00:00,2725a4c5d817186c1344d69f1dd1137e0c563715,Die Heimat,478,0.02779443053107714
2026-09-20-22-15-40,2026-09-20T20:15:46.969554+00:00,2725a4c5d817186c1344d69f1dd1137e0c563715,bergpartei,77,0.004477345503960125
2026-09-20-22-15-40,2026-09-20T20:15:46.969554+00:00,2725a4c5d817186c1344d69f1dd1137e0c563715,SGP,667,0.03878427858625199
2026-09-20-22-15-40,2026-09-20T20:15:46.969554+00:00,2725a4c5d817186c1344d69f1dd1137e0c563715,Menschliche Welt,0,0.0
2026-09-20-22-15-40,2026-09-20T20:15:46.969554+00:00,2725a4c5d817186c1344d69f1dd1137e0c563715,AB Spandau,0,0.0
2026-09-20-22-15-40,2026-09-20T20:15:46.969554+00:00,2725a4c5d817186c1344d69f1dd1137e0c563715,Ausländer für Berlin,0,0.0
2026-09-20-22-15-40,2026-09-20T20:15:46.969554+00:00,2725a4c5d817186c1344d69f1dd1137e0c563715,Migrants for Neukölln,0,0.0
2026-09-20-22-15-40,2026-09-20T20:15:46.969554+00:00,2725a4c5d817186c1344d69f1dd1137e0c563715,Berliner:innen ohne Grenzen,0,0.0
2026-09-20-22-15-40,2026-09-20T20:15:46.969554+00:00,2725a4c5d817186c1344d69f1dd1137e0c563715,Berlin Retten,0,0.0
2026-09-20-22-15-40,2026-09-20T20:15:46.969554+00:00,2725a4c5d817186c1344d69f1dd1137e0c563715,BSW,80626,4.688187774055701
2026-09-20-22-15-40,2026-09-20T20:15:46.969554+00:00,2725a4c5d817186c1344d69f1dd1137e0c563715,Losdemokratie,0,0.0
2026-09-20-22-15-40,2026-09-20T20:15:46.969554+00:00,2725a4c5d817186c1344d69f1dd1137e0c563715,MERA25,0,0.0
2026-09-20-22-15-40,2026-09-20T20:15:46.969554+00:00,2725a4c5d817186c1344d69f1dd1137e0c563715,PdF,5441,0.3163796998317797
2026-09-20-22-15-40,2026-09-20T20:15:46.969554+00:00,2725a4c5d817186c1344d69f1dd1137e0c563715,Jan Mihm: Bester Mann,0,0.0
2026-09-20-22-15-40,2026-09-20T20:15:46.969554+00:00,2725a4c5d817186c1344d69f1dd1137e0c563715,Demokratische Linke,0,0.0
2026-09-20-22-15-40,2026-09-20T20:15:46.969554+00:00,2725a4c5d817186c1344d69f1dd1137e0c563715,DIE FRAUEN,0,0.0
2026-09-20-22-18-27,2026-09-20T20:18:29.897732+00:00,292c6fa1c09ad3235ccfd4dde2b8482043f0cb82,CDU,324386,18.82276074043256
2026-09-20-22-18-27,2026-09-20T20:18:29.897732+00:00,292c6fa1c09ad3235ccfd4dde2b8482043f0cb82,SPD,209445,12.153215993538245
2026-09-20-22-18-27,2026-09-20T20:18:29.897732+00:00,292c6fa1c09ad3235ccfd4dde2b8482043f0cb82,GRÜNE,248706,14.431367360829444
2026-09-20-22-18-27,2026-09-20T20:18:29.897732+00:00,292c6fa1c09ad3235ccfd4dde2b8482043f0cb82,Die Linke,443455,25.731836035305225
2026-09-20-22-18-27,2026-09-20T20:18:29.897732+00:00,292c6fa1c09ad3235ccfd4dde2b8482043f0cb82,AfD,275077,15.961566023798706
2026-09-20-22-18-27,2026-09-20T20:18:29.897732+00:00,292c6fa1c09ad3235ccfd4dde2b8482043f0cb82,FDP,43974,2.5516270147286915
2026-09-20-22-18-27,2026-09-20T20:18:29.897732+00:00,292c6fa1c09ad3235ccfd4dde2b8482043f0cb82,Tierschutzpartei,36174,2.099025688606806
2026-09-20-22-18-27,2026-09-20T20:18:29.897732+00:00,292c6fa1c09ad3235ccfd4dde2b8482043f0cb82,Die PARTEI,12811,0.7433686652496764
2026-09-20-22-18-27,2026-09-20T20:18:29.897732+00:00,292c6fa1c09ad3235ccfd4dde2b8482043f0cb82,Volt,36065,2.092700875203308
2026-09-20-22-18-27,2026-09-20T20:18:29.897732+00:00,292c6fa1c09ad3235ccfd4dde2b8482043f0cb82,FREIE WÄHLER,0,0.0
2026-09-20-22-18-27,2026-09-20T20:18:29.897732+00:00,292c6fa1c09ad3235ccfd4dde2b8482043f0cb82,Mieterpartei,0,0.0
2026-09-20-22-18-27,2026-09-20T20:18:29.897732+00:00,292c6fa1c09ad3235ccfd4dde2b8482043f0cb82,Die Urbane.,1472,0.08541399385274558
2026-09-20-22-18-27,2026-09-20T20:18:29.897732+00:00,292c6fa1c09ad3235ccfd4dde2b8482043f0cb82,DKP,1947,0.11297625409734759
2026-09-20-22-18-27,2026-09-20T20:18:29.897732+00:00,292c6fa1c09ad3235ccfd4dde2b8482043f0cb82,ÖDP,2417,0.14024838528674324
2026-09-20-22-18-27,2026-09-20T20:18:29.897732+00:00,292c6fa1c09ad3235ccfd4dde2b8482043f0cb82,Die Heimat,478,0.027736337677725806
2026-09-20-22-18-27,2026-09-20T20:18:29.897732+00:00,292c6fa1c09ad3235ccfd4dde2b8482043f0cb82,bergpartei,77,0.004467987450177588
2026-09-20-22-18-27,2026-09-20T20:18:29.897732+00:00,292c6fa1c09ad3235ccfd4dde2b8482043f0cb82,SGP,668,0.038761241775566606
2026-09-20-22-18-27,2026-09-20T20:18:29.897732+00:00,292c6fa1c09ad3235ccfd4dde2b8482043f0cb82,Menschliche Welt,0,0.0
2026-09-20-22-18-27,2026-09-20T20:18:29.897732+00:00,292c6fa1c09ad3235ccfd4dde2b8482043f0cb82,AB Spandau,0,0.0
2026-09-20-22-18-27,2026-09-20T20:18:29.897732+00:00,292c6fa1c09ad3235ccfd4dde2b8482043f0cb82,Ausländer für Berlin,0,0.0
2026-09-20-22-18-27,2026-09-20T20:18:29.897732+00:00,292c6fa1c09ad3235ccfd4dde2b8482043f0cb82,Migrants for Neukölln,0,0.0
2026-09-20-22-18-27,2026-09-20T20:18:29.897732+00:00,292c6fa1c09ad3235ccfd4dde2b8482043f0cb82,Berliner:innen ohne Grenzen,0,0.0
2026-09-20-22-18-27,2026-09-20T20:18:29.897732+00:00,292c6fa1c09ad3235ccfd4dde2b8482043f0cb82,Berlin Retten,0,0.0
2026-09-20-22-18-27,2026-09-20T20:18:29.897732+00:00,292c6fa1c09ad3235ccfd4dde2b8482043f0cb82,BSW,80771,4.686802783614207
2026-09-20-22-18-27,2026-09-20T20:18:29.897732+00:00,292c6fa1c09ad3235ccfd4dde2b8482043f0cb82,Losdemokratie,0,0.0
2026-09-20-22-18-27,2026-09-20T20:18:29.897732+00:00,292c6fa1c09ad3235ccfd4dde2b8482043f0cb82,MERA25,0,0.0
2026-09-20-22-18-27,2026-09-20T20:18:29.897732+00:00,292c6fa1c09ad3235ccfd4dde2b8482043f0cb82,PdF,5448,0.31612461855282464
2026-09-20-22-18-27,2026-09-20T20:18:29.897732+00:00,292c6fa1c09ad3235ccfd4dde2b8482043f0cb82,Jan Mihm: Bester Mann,0,0.0
2026-09-20-22-18-27,2026-09-20T20:18:29.897732+00:00,292c6fa1c09ad3235ccfd4dde2b8482043f0cb82,Demokratische Linke,0,0.0
2026-09-20-22-18-27,2026-09-20T20:18:29.897732+00:00,292c6fa1c09ad3235ccfd4dde2b8482043f0cb82,DIE FRAUEN,0,0.0
2026-09-20-22-22-56,2026-09-20T20:22:59.452166+00:00,fca3b96f1079ada800f831614408f7e6271b269a,CDU,325866,18.812891783699026
2026-09-20-22-22-56,2026-09-20T20:22:59.452166+00:00,fca3b96f1079ada800f831614408f7e6271b269a,SPD,210534,12.154546220806377
2026-09-20-22-22-56,2026-09-20T20:22:59.452166+00:00,fca3b96f1079ada800f831614408f7e6271b269a,GRÜNE,250271,14.448642201389955
2026-09-20-22-22-56,2026-09-20T20:22:59.452166+00:00,fca3b96f1079ada800f831614408f7e6271b269a,Die Linke,446145,25.756837487919583
2026-09-20-22-22-56,2026-09-20T20:22:59.452166+00:00,fca3b96f1079ada800f831614408f7e6271b269a,AfD,275947,15.930968708108226
2026-09-20-22-22-56,2026-09-20T20:22:59.452166+00:00,fca3b96f1079ada800f831614408f7e6271b269a,FDP,44221,2.5529662117770946
2026-09-20-22-22-56,2026-09-20T20:22:59.452166+00:00,fca3b96f1079ada800f831614408f7e6271b269a,Tierschutzpartei,36339,2.0979226876318453
2026-09-20-22-22-56,2026-09-20T20:22:59.452166+00:00,fca3b96f1079ada800f831614408f7e6271b269a,Die PARTEI,12880,0.74358799682705
2026-09-20-22-22-56,2026-09-20T20:22:59.452166+00:00,fca3b96f1079ada800f831614408f7e6271b269a,Volt,36250,2.0927845407593604
2026-09-20-22-22-56,2026-09-20T20:22:59.452166+00:00,fca3b96f1079ada800f831614408f7e6271b269a,FREIE WÄHLER,0,0.0
2026-09-20-22-22-56,2026-09-20T20:22:59.452166+00:00,fca3b96f1079ada800f831614408f7e6271b269a,Mieterpartei,0,0.0
2026-09-20-22-22-56,2026-09-20T20:22:59.452166+00:00,fca3b96f1079ada800f831614408f7e6271b269a,Die Urbane.,1481,0.08550107323764448
2026-09-20-22-22-56,2026-09-20T20:22:59.452166+00:00,fca3b96f1079ada800f831614408f7e6271b269a,DKP,1955,0.11286603523267723
2026-09-20-22-22-56,2026-09-20T20:22:59.452166+00:00,fca3b96f1079ada800f831614408f7e6271b269a,ÖDP,2430,0.14028872921504126
2026-09-20-22-22-56,2026-09-20T20:22:59.452166+00:00,fca3b96f1079ada800f831614408f7e6271b269a,Die Heimat,478,0.02759588994435791
2026-09-20-22-22-56,2026-09-20T20:22:59.452166+00:00,fca3b96f1079ada800f831614408f7e6271b269a,bergpartei,78,0.004503095011840831
2026-09-20-22-22-56,2026-09-20T20:22:59.452166+00:00,fca3b96f1079ada800f831614408f7e6271b269a,SGP,673,0.038853627473959984
2026-09-20-22-22-56,2026-09-20T20:22:59.452166+00:00,fca3b96f1079ada800f831614408f7e6271b269a,Menschliche Welt,0,0.0
2026-09-20-22-22-56,2026-09-20T20:22:59.452166+00:00,fca3b96f1079ada800f831614408f7e6271b269a,AB Spandau,0,0.0
2026-09-20-22-22-56,2026-09-20T20:22:59.452166+00:00,fca3b96f1079ada800f831614408f7e6271b269a,Ausländer für Berlin,0,0.0
2026-09-20-22-22-56,2026-09-20T20:22:59.452166+00:00,fca3b96f1079ada800f831614408f7e6271b269a,Migrants for Neukölln,0,0.0
2026-09-20-22-22-56,2026-09-20T20:22:59.452166+00:00,fca3b96f1079ada800f831614408f7e6271b269a,Berliner:innen ohne Grenzen,0,0.0
2026-09-20-22-22-56,2026-09-20T20:22:59.452166+00:00,fca3b96f1079ada800f831614408f7e6271b269a,Berlin Retten,0,0.0
2026-09-20-22-22-56,2026-09-20T20:22:59.452166+00:00,fca3b96f1079ada800f831614408f7e6271b269a,BSW,81126,4.683565204238452
2026-09-20-22-22-56,2026-09-20T20:22:59.452166+00:00,fca3b96f1079ada800f831614408f7e6271b269a,Losdemokratie,0,0.0
2026-09-20-22-22-56,2026-09-20T20:22:59.452166+00:00,fca3b96f1079ada800f831614408f7e6271b269a,MERA25,0,0.0
2026-09-20-22-22-56,2026-09-20T20:22:59.452166+00:00,fca3b96f1079ada800f831614408f7e6271b269a,PdF,5468,0.31567850672750847
2026-09-20-22-22-56,2026-09-20T20:22:59.452166+00:00,fca3b96f1079ada800f831614408f7e6271b269a,Jan Mihm: Bester Mann,0,0.0
2026-09-20-22-22-56,2026-09-20T20:22:59.452166+00:00,fca3b96f1079ada800f831614408f7e6271b269a,Demokratische Linke,0,0.0
2026-09-20-22-22-56,2026-09-20T20:22:59.452166+00:00,fca3b96f1079ada800f831614408f7e6271b269a,DIE FRAUEN,0,0.0
2026-09-20-22-26-57,2026-09-20T20:26:59.567967+00:00,e34b7eb40ee9b27543be4d8dc3ccdd64575c5b76,CDU,327043,18.81371805683872
2026-09-20-22-26-57,2026-09-20T20:26:59.567967+00:00,e34b7eb40ee9b27543be4d8dc3ccdd64575c5b76,SPD,211235,12.151661199708684
2026-09-20-22-26-57,2026-09-20T20:26:59.567967+00:00,e34b7eb40ee9b27543be4d8dc3ccdd64575c5b76,GRÜNE,251303,14.45664267034531
2026-09-20-22-26-57,2026-09-20T20:26:59.567967+00:00,e34b7eb40ee9b27543be4d8dc3ccdd64575c5b76,Die Linke,447650,25.751845745494794
2026-09-20-22-26-57,2026-09-20T20:26:59.567967+00:00,e34b7eb40ee9b27543be4d8dc3ccdd64575c5b76,AfD,276827,15.924955215431893
2026-09-20-22-26-57,2026-09-20T20:26:59.567967+00:00,e34b7eb40ee9b27543be4d8dc3ccdd64575c5b76,FDP,44423,2.5555104290229314
2026-09-20-22-26-57,2026-09-20T20:26:59.567967+00:00,e34b7eb40ee9b27543be4d8dc3ccdd64575c5b76,Tierschutzpartei,36488,2.099035736762234
2026-09-20-22-26-57,2026-09-20T20:26:59.567967+00:00,e34b7eb40ee9b27543be4d8dc3ccdd64575c5b76,Die PARTEI,12931,0.7438782918239544
2026-09-20-22-26-57,2026-09-20T20:26:59.567967+00:00,e34b7eb40ee9b27543be4d8dc3ccdd64575c5b76,Volt,36386,2.093168009149053
2026-09-20-22-26-57,2026-09-20T20:26:59.567967+00:00,e34b7eb40ee9b27543be4d8dc3ccdd64575c5b76,FREIE WÄHLER,0,0.0
2026-09-20-22-26-57,2026-09-20T20:26:59.567967+00:00,e34b7eb40ee9b27543be4d8dc3ccdd64575c5b76,Mieterpartei,0,0.0
2026-09-20-22-26-57,2026-09-20T20:26:59.567967+00:00,e34b7eb40ee9b27543be4d8dc3ccdd64575c5b76,Die Urbane.,1485,0.08542721083895849
2026-09-20-22-26-57,2026-09-20T20:26:59.567967+00:00,e34b7eb40ee9b27543be4d8dc3ccdd64575c5b76,DKP,1961,0.11280993970046976
2026-09-20-22-26-57,2026-09-20T20:26:59.567967+00:00,e34b7eb40ee9b27543be4d8dc3ccdd64575c5b76,ÖDP,2440,0.14036524878589812
2026-09-20-22-26-57,2026-09-20T20:26:59.567967+00:00,e34b7eb40ee9b27543be4d8dc3ccdd64575c5b76,Die Heimat,479,0.027555309085428362
2026-09-20-22-26-57,2026-09-20T20:26:59.567967+00:00,e34b7eb40ee9b27543be4d8dc3ccdd64575c5b76,bergpartei,78,0.0044870858218442845
2026-09-20-22-26-57,2026-09-20T20:26:59.567967+00:00,e34b7eb40ee9b27543be4d8dc3ccdd64575c5b76,SGP,673,0.038715496898733374
2026-09-20-22-26-57,2026-09-20T20:26:59.567967+00:00,e34b7eb40ee9b27543be4d8dc3ccdd64575c5b76,Menschliche Welt,0,0.0
2026-09-20-22-26-57,2026-09-20T20:26:59.567967+00:00,e34b7eb40ee9b27543be4d8dc3ccdd64575c5b76,AB Spandau,0,0.0
2026-09-20-22-26-57,2026-09-20T20:26:59.567967+00:00,e34b7eb40ee9b27543be4d8dc3ccdd64575c5b76,Ausländer für Berlin,0,0.0
2026-09-20-22-26-57,2026-09-20T20:26:59.567967+00:00,e34b7eb40ee9b27543be4d8dc3ccdd64575c5b76,Migrants for Neukölln,0,0.0
2026-09-20-22-26-57,2026-09-20T20:26:59.567967+00:00,e34b7eb40ee9b27543be4d8dc3ccdd64575c5b76,Berliner:innen ohne Grenzen,0,0.0
2026-09-20-22-26-57,2026-09-20T20:26:59.567967+00:00,e34b7eb40ee9b27543be4d8dc3ccdd64575c5b76,Berlin Retten,0,0.0
2026-09-20-22-26-57,2026-09-20T20:26:59.567967+00:00,e34b7eb40ee9b27543be4d8dc3ccdd64575c5b76,BSW,81430,4.684402544522821
2026-09-20-22-26-57,2026-09-20T20:26:59.567967+00:00,e34b7eb40ee9b27543be4d8dc3ccdd64575c5b76,Losdemokratie,0,0.0
2026-09-20-22-26-57,2026-09-20T20:26:59.567967+00:00,e34b7eb40ee9b27543be4d8dc3ccdd64575c5b76,MERA25,0,0.0
2026-09-20-22-26-57,2026-09-20T20:26:59.567967+00:00,e34b7eb40ee9b27543be4d8dc3ccdd64575c5b76,PdF,5490,0.3158218097682708
2026-09-20-22-26-57,2026-09-20T20:26:59.567967+00:00,e34b7eb40ee9b27543be4d8dc3ccdd64575c5b76,Jan Mihm: Bester Mann,0,0.0
2026-09-20-22-26-57,2026-09-20T20:26:59.567967+00:00,e34b7eb40ee9b27543be4d8dc3ccdd64575c5b76,Demokratische Linke,0,0.0
2026-09-20-22-26-57,2026-09-20T20:26:59.567967+00:00,e34b7eb40ee9b27543be4d8dc3ccdd64575c5b76,DIE FRAUEN,0,0.0
2026-09-20-22-31-59,2026-09-20T20:32:02.115994+00:00,cdf7d560a68fd818655f9246a64cbe21a5cf239a,CDU,327740,18.819127592697438
2026-09-20-22-31-59,2026-09-20T20:32:02.115994+00:00,cdf7d560a68fd818655f9246a64cbe21a5cf239a,SPD,211653,12.15330692737289
2026-09-20-22-31-59,2026-09-20T20:32:02.115994+00:00,cdf7d560a68fd818655f9246a64cbe21a5cf239a,GRÜNE,251640,14.449396678545138
2026-09-20-22-31-59,2026-09-20T20:32:02.115994+00:00,cdf7d560a68fd818655f9246a64cbe21a5cf239a,Die Linke,448360,25.745237222987196
2026-09-20-22-31-59,2026-09-20T20:32:02.115994+00:00,cdf7d560a68fd818655f9246a64cbe21a5cf239a,AfD,277462,15.932119302267091
2026-09-20-22-31-59,2026-09-20T20:32:02.115994+00:00,cdf7d560a68fd818655f9246a64cbe21a5cf239a,FDP,44491,2.5547135098758216
2026-09-20-22-31-59,2026-09-20T20:32:02.115994+00:00,cdf7d560a68fd818655f9246a64cbe21a5cf239a,Tierschutzpartei,36559,2.0992508868658866
2026-09-20-22-31-59,2026-09-20T20:32:02.115994+00:00,cdf7d560a68fd818655f9246a64cbe21a5cf239a,Die PARTEI,12947,0.7434284644616274
2026-09-20-22-31-59,2026-09-20T20:32:02.115994+00:00,cdf7d560a68fd818655f9246a64cbe21a5cf239a,Volt,36430,2.09184359004689
2026-09-20-22-31-59,2026-09-20T20:32:02.115994+00:00,cdf7d560a68fd818655f9246a64cbe21a5cf239a,FREIE WÄHLER,0,0.0
2026-09-20-22-31-59,2026-09-20T20:32:02.115994+00:00,cdf7d560a68fd818655f9246a64cbe21a5cf239a,Mieterpartei,0,0.0
2026-09-20-22-31-59,2026-09-20T20:32:02.115994+00:00,cdf7d560a68fd818655f9246a64cbe21a5cf239a,Die Urbane.,1488,0.08544230749354302
2026-09-20-22-31-59,2026-09-20T20:32:02.115994+00:00,cdf7d560a68fd818655f9246a64cbe21a5cf239a,DKP,1963,0.1127172376410114
2026-09-20-22-31-59,2026-09-20T20:32:02.115994+00:00,cdf7d560a68fd818655f9246a64cbe21a5cf239a,ÖDP,2446,0.1404515350330687
2026-09-20-22-31-59,2026-09-20T20:32:02.115994+00:00,cdf7d560a68fd818655f9246a64cbe21a5cf239a,Die Heimat,479,0.02750461376976284
2026-09-20-22-31-59,2026-09-20T20:32:02.115994+00:00,cdf7d560a68fd818655f9246a64cbe21a5cf239a,bergpartei,78,0.004478830634742174
2026-09-20-22-31-59,2026-09-20T20:32:02.115994+00:00,cdf7d560a68fd818655f9246a64cbe21a5cf239a,SGP,674,0.038701690356618274
2026-09-20-22-31-59,2026-09-20T20:32:02.115994+00:00,cdf7d560a68fd818655f9246a64cbe21a5cf239a,Menschliche Welt,0,0.0
2026-09-20-22-31-59,2026-09-20T20:32:02.115994+00:00,cdf7d560a68fd818655f9246a64cbe21a5cf239a,AB Spandau,0,0.0
2026-09-20-22-31-59,2026-09-20T20:32:02.115994+00:00,cdf7d560a68fd818655f9246a64cbe21a5cf239a,Ausländer für Berlin,0,0.0
2026-09-20-22-31-59,2026-09-20T20:32:02.115994+00:00,cdf7d560a68fd818655f9246a64cbe21a5cf239a,Migrants for Neukölln,0,0.0
2026-09-20-22-31-59,2026-09-20T20:32:02.115994+00:00,cdf7d560a68fd818655f9246a64cbe21a5cf239a,Berliner:innen ohne Grenzen,0,0.0
2026-09-20-22-31-59,2026-09-20T20:32:02.115994+00:00,cdf7d560a68fd818655f9246a64cbe21a5cf239a,Berlin Retten,0,0.0
2026-09-20-22-31-59,2026-09-20T20:32:02.115994+00:00,cdf7d560a68fd818655f9246a64cbe21a5cf239a,BSW,81615,4.686407208390802
2026-09-20-22-31-59,2026-09-20T20:32:02.115994+00:00,cdf7d560a68fd818655f9246a64cbe21a5cf239a,Losdemokratie,0,0.0
2026-09-20-22-31-59,2026-09-20T20:32:02.115994+00:00,cdf7d560a68fd818655f9246a64cbe21a5cf239a,MERA25,0,0.0
2026-09-20-22-31-59,2026-09-20T20:32:02.115994+00:00,cdf7d560a68fd818655f9246a64cbe21a5cf239a,PdF,5501,0.31587240156047053
2026-09-20-22-31-59,2026-09-20T20:32:02.115994+00:00,cdf7d560a68fd818655f9246a64cbe21a5cf239a,Jan Mihm: Bester Mann,0,0.0
2026-09-20-22-31-59,2026-09-20T20:32:02.115994+00:00,cdf7d560a68fd818655f9246a64cbe21a5cf239a,Demokratische Linke,0,0.0
2026-09-20-22-31-59,2026-09-20T20:32:02.115994+00:00,cdf7d560a68fd818655f9246a64cbe21a5cf239a,DIE FRAUEN,0,0.0
2026-09-20-22-36-56,2026-09-20T20:36:59.368064+00:00,929b144ba8a8241ead36e315af4cedba9a870303,CDU,329067,18.82860701826461
2026-09-20-22-36-56,2026-09-20T20:36:59.368064+00:00,929b144ba8a8241ead36e315af4cedba9a870303,SPD,212457,12.156397819530502
2026-09-20-22-36-56,2026-09-20T20:36:59.368064+00:00,929b144ba8a8241ead36e315af4cedba9a870303,GRÜNE,252434,14.443808051395637
2026-09-20-22-36-56,2026-09-20T20:36:59.368064+00:00,929b144ba8a8241ead36e315af4cedba9a870303,Die Linke,449716,25.731920350037793
2026-09-20-22-36-56,2026-09-20T20:36:59.368064+00:00,929b144ba8a8241ead36e315af4cedba9a870303,AfD,278558,15.938575164917031
2026-09-20-22-36-56,2026-09-20T20:36:59.368064+00:00,929b144ba8a8241ead36e315af4cedba9a870303,FDP,44673,2.556106693551571
2026-09-20-22-36-56,2026-09-20T20:36:59.368064+00:00,929b144ba8a8241ead36e315af4cedba9a870303,Tierschutzpartei,36677,2.098590316284802
2026-09-20-22-36-56,2026-09-20T20:36:59.368064+00:00,929b144ba8a8241ead36e315af4cedba9a870303,Die PARTEI,12986,0.7430349768867258
2026-09-20-22-36-56,2026-09-20T20:36:59.368064+00:00,929b144ba8a8241ead36e315af4cedba9a870303,Volt,36570,2.0924679735675005
2026-09-20-22-36-56,2026-09-20T20:36:59.368064+00:00,929b144ba8a8241ead36e315af4cedba9a870303,FREIE WÄHLER,0,0.0
2026-09-20-22-36-56,2026-09-20T20:36:59.368064+00:00,929b144ba8a8241ead36e315af4cedba9a870303,Mieterpartei,0,0.0
2026-09-20-22-36-56,2026-09-20T20:36:59.368064+00:00,929b144ba8a8241ead36e315af4cedba9a870303,Die Urbane.,1490,0.08525505279233185
2026-09-20-22-36-56,2026-09-20T20:36:59.368064+00:00,929b144ba8a8241ead36e315af4cedba9a870303,DKP,1974,0.11294864041078059
2026-09-20-22-36-56,2026-09-20T20:36:59.368064+00:00,929b144ba8a8241ead36e315af4cedba9a870303,ÖDP,2456,0.1405277917167564
2026-09-20-22-36-56,2026-09-20T20:36:59.368064+00:00,929b144ba8a8241ead36e315af4cedba9a870303,Die Heimat,481,0.027521933149739344
2026-09-20-22-36-56,2026-09-20T20:36:59.368064+00:00,929b144ba8a8241ead36e315af4cedba9a870303,bergpartei,78,0.004463016186444218
2026-09-20-22-36-56,2026-09-20T20:36:59.368064+00:00,929b144ba8a8241ead36e315af4cedba9a870303,SGP,679,0.03885112808455928
2026-09-20-22-36-56,2026-09-20T20:36:59.368064+00:00,929b144ba8a8241ead36e315af4cedba9a870303,Menschliche Welt,0,0.0
2026-09-20-22-36-56,2026-09-20T20:36:59.368064+00:00,929b144ba8a8241ead36e315af4cedba9a870303,AB Spandau,0,0.0
2026-09-20-22-36-56,2026-09-20T20:36:59.368064+00:00,929b144ba8a8241ead36e315af4cedba9a870303,Ausländer für Berlin,0,0.0
2026-09-20-22-36-56,2026-09-20T20:36:59.368064+00:00,929b144ba8a8241ead36e315af4cedba9a870303,Migrants for Neukölln,0,0.0
2026-09-20-22-36-56,2026-09-20T20:36:59.368064+00:00,929b144ba8a8241ead36e315af4cedba9a870303,Berliner:innen ohne Grenzen,0,0.0
2026-09-20-22-36-56,2026-09-20T20:36:59.368064+00:00,929b144ba8a8241ead36e315af4cedba9a870303,Berlin Retten,0,0.0
2026-09-20-22-36-56,2026-09-20T20:36:59.368064+00:00,929b144ba8a8241ead36e315af4cedba9a870303,BSW,81885,4.685308723422882
2026-09-20-22-36-56,2026-09-20T20:36:59.368064+00:00,929b144ba8a8241ead36e315af4cedba9a870303,Losdemokratie,0,0.0
2026-09-20-22-36-56,2026-09-20T20:36:59.368064+00:00,929b144ba8a8241ead36e315af4cedba9a870303,MERA25,0,0.0
2026-09-20-22-36-56,2026-09-20T20:36:59.368064+00:00,929b144ba8a8241ead36e315af4cedba9a870303,PdF,5516,0.31561534980033723
2026-09-20-22-36-56,2026-09-20T20:36:59.368064+00:00,929b144ba8a8241ead36e315af4cedba9a870303,Jan Mihm: Bester Mann,0,0.0
2026-09-20-22-36-56,2026-09-20T20:36:59.368064+00:00,929b144ba8a8241ead36e315af4cedba9a870303,Demokratische Linke,0,0.0
2026-09-20-22-36-56,2026-09-20T20:36:59.368064+00:00,929b144ba8a8241ead36e315af4cedba9a870303,DIE FRAUEN,0,0.0
2026-09-20-22-41-58,2026-09-20T20:42:01.446527+00:00,251b4fca5274fa5d51ca9ed7e10ed2d321937369,CDU,330179,18.817370985666656
2026-09-20-22-41-58,2026-09-20T20:42:01.446527+00:00,251b4fca5274fa5d51ca9ed7e10ed2d321937369,SPD,213214,12.151369218932551
2026-09-20-22-41-58,2026-09-20T20:42:01.446527+00:00,251b4fca5274fa5d51ca9ed7e10ed2d321937369,GRÜNE,253202,14.430342233493858
2026-09-20-22-41-58,2026-09-20T20:42:01.446527+00:00,251b4fca5274fa5d51ca9ed7e10ed2d321937369,Die Linke,451643,25.73977716353689
2026-09-20-22-41-58,2026-09-20T20:42:01.446527+00:00,251b4fca5274fa5d51ca9ed7e10ed2d321937369,AfD,280046,15.960219986891973
2026-09-20-22-41-58,2026-09-20T20:42:01.446527+00:00,251b4fca5274fa5d51ca9ed7e10ed2d321937369,FDP,44826,2.5546975180235374
2026-09-20-22-41-58,2026-09-20T20:42:01.446527+00:00,251b4fca5274fa5d51ca9ed7e10ed2d321937369,Tierschutzpartei,36845,2.099848972729604
2026-09-20-22-41-58,2026-09-20T20:42:01.446527+00:00,251b4fca5274fa5d51ca9ed7e10ed2d321937369,Die PARTEI,13036,0.742940187501781
2026-09-20-22-41-58,2026-09-20T20:42:01.446527+00:00,251b4fca5274fa5d51ca9ed7e10ed2d321937369,Volt,36679,2.0903883965463197
2026-09-20-22-41-58,2026-09-20T20:42:01.446527+00:00,251b4fca5274fa5d51ca9ed7e10ed2d321937369,FREIE WÄHLER,0,0.0
2026-09-20-22-41-58,2026-09-20T20:42:01.446527+00:00,251b4fca5274fa5d51ca9ed7e10ed2d321937369,Mieterpartei,0,0.0
2026-09-20-22-41-58,2026-09-20T20:42:01.446527+00:00,251b4fca5274fa5d51ca9ed7e10ed2d321937369,Die Urbane.,1496,0.08525916849514148
2026-09-20-22-41-58,2026-09-20T20:42:01.446527+00:00,251b4fca5274fa5d51ca9ed7e10ed2d321937369,DKP,1984,0.11307098281708602
2026-09-20-22-41-58,2026-09-20T20:42:01.446527+00:00,251b4fca5274fa5d51ca9ed7e10ed2d321937369,ÖDP,2468,0.14065483144786708
2026-09-20-22-41-58,2026-09-20T20:42:01.446527+00:00,251b4fca5274fa5d51ca9ed7e10ed2d321937369,Die Heimat,486,0.027697831476362806
2026-09-20-22-41-58,2026-09-20T20:42:01.446527+00:00,251b4fca5274fa5d51ca9ed7e10ed2d321937369,bergpartei,79,0.004502322400478728
2026-09-20-22-41-58,2026-09-20T20:42:01.446527+00:00,251b4fca5274fa5d51ca9ed7e10ed2d321937369,SGP,680,0.038754167497791585
2026-09-20-22-41-58,2026-09-20T20:42:01.446527+00:00,251b4fca5274fa5d51ca9ed7e10ed2d321937369,Menschliche Welt,0,0.0
2026-09-20-22-41-58,2026-09-20T20:42:01.446527+00:00,251b4fca5274fa5d51ca9ed7e10ed2d321937369,AB Spandau,0,0.0
2026-09-20-22-41-58,2026-09-20T20:42:01.446527+00:00,251b4fca5274fa5d51ca9ed7e10ed2d321937369,Ausländer für Berlin,0,0.0
2026-09-20-22-41-58,2026-09-20T20:42:01.446527+00:00,251b4fca5274fa5d51ca9ed7e10ed2d321937369,Migrants for Neukölln,0,0.0
2026-09-20-22-41-58,2026-09-20T20:42:01.446527+00:00,251b4fca5274fa5d51ca9ed7e10ed2d321937369,Berliner:innen ohne Grenzen,0,0.0
2026-09-20-22-41-58,2026-09-20T20:42:01.446527+00:00,251b4fca5274fa5d51ca9ed7e10ed2d321937369,Berlin Retten,0,0.0
2026-09-20-22-41-58,2026-09-20T20:42:01.446527+00:00,251b4fca5274fa5d51ca9ed7e10ed2d321937369,BSW,82253,4.687715498817428
2026-09-20-22-41-58,2026-09-20T20:42:01.446527+00:00,251b4fca5274fa5d51ca9ed7e10ed2d321937369,Losdemokratie,0,0.0
2026-09-20-22-41-58,2026-09-20T20:42:01.446527+00:00,251b4fca5274fa5d51ca9ed7e10ed2d321937369,MERA25,0,0.0
2026-09-20-22-41-58,2026-09-20T20:42:01.446527+00:00,251b4fca5274fa5d51ca9ed7e10ed2d321937369,PdF,5534,0.31539053372467446
2026-09-20-22-41-58,2026-09-20T20:42:01.446527+00:00,251b4fca5274fa5d51ca9ed7e10ed2d321937369,Jan Mihm: Bester Mann,0,0.0
2026-09-20-22-41-58,2026-09-20T20:42:01.446527+00:00,251b4fca5274fa5d51ca9ed7e10ed2d321937369,Demokratische Linke,0,0.0
2026-09-20-22-41-58,2026-09-20T20:42:01.446527+00:00,251b4fca5274fa5d51ca9ed7e10ed2d321937369,DIE FRAUEN,0,0.0
2026-09-20-22-46-27,2026-09-20T20:46:30.488328+00:00,b8d2b489e60697f68ca37d336a4052f99b462da7,CDU,332086,18.790531345749603
2026-09-20-22-46-27,2026-09-20T20:46:30.488328+00:00,b8d2b489e60697f68ca37d336a4052f99b462da7,SPD,214359,12.129145789775958
2026-09-20-22-46-27,2026-09-20T20:46:30.488328+00:00,b8d2b489e60697f68ca37d336a4052f99b462da7,GRÜNE,254034,14.374089362051258
2026-09-20-22-46-27,2026-09-20T20:46:30.488328+00:00,b8d2b489e60697f68ca37d336a4052f99b462da7,Die Linke,454584,25.72187596368482
2026-09-20-22-46-27,2026-09-20T20:46:30.488328+00:00,b8d2b489e60697f68ca37d336a4052f99b462da7,AfD,283975,16.06825081126348
2026-09-20-22-46-27,2026-09-20T20:46:30.488328+00:00,b8d2b489e60697f68ca37d336a4052f99b462da7,FDP,45050,2.5490789648645817
2026-09-20-22-46-27,2026-09-20T20:46:30.488328+00:00,b8d2b489e60697f68ca37d336a4052f99b462da7,Tierschutzpartei,37278,2.1093133330126945
2026-09-20-22-46-27,2026-09-20T20:46:30.488328+00:00,b8d2b489e60697f68ca37d336a4052f99b462da7,Die PARTEI,13124,0.7425996078775311
2026-09-20-22-46-27,2026-09-20T20:46:30.488328+00:00,b8d2b489e60697f68ca37d336a4052f99b462da7,Volt,36854,2.085322001578675
2026-09-20-22-46-27,2026-09-20T20:46:30.488328+00:00,b8d2b489e60697f68ca37d336a4052f99b462da7,FREIE WÄHLER,0,0.0
2026-09-20-22-46-27,2026-09-20T20:46:30.488328+00:00,b8d2b489e60697f68ca37d336a4052f99b462da7,Mieterpartei,0,0.0
2026-09-20-22-46-27,2026-09-20T20:46:30.488328+00:00,b8d2b489e60697f68ca37d336a4052f99b462da7,Die Urbane.,1503,0.08504474326729115
2026-09-20-22-46-27,2026-09-20T20:46:30.488328+00:00,b8d2b489e60697f68ca37d336a4052f99b462da7,DKP,1994,0.11282715773451668
2026-09-20-22-46-27,2026-09-20T20:46:30.488328+00:00,b8d2b489e60697f68ca37d336a4052f99b462da7,ÖDP,2488,0.14077932218830366
2026-09-20-22-46-27,2026-09-20T20:46:30.488328+00:00,b8d2b489e60697f68ca37d336a4052f99b462da7,Die Heimat,516,0.029196997688571015
2026-09-20-22-46-27,2026-09-20T20:46:30.488328+00:00,b8d2b489e60697f68ca37d336a4052f99b462da7,bergpartei,79,0.004470082979451764
2026-09-20-22-46-27,2026-09-20T20:46:30.488328+00:00,b8d2b489e60697f68ca37d336a4052f99b462da7,SGP,687,0.038872746922574204
2026-09-20-22-46-27,2026-09-20T20:46:30.488328+00:00,b8d2b489e60697f68ca37d336a4052f99b462da7,Menschliche Welt,0,0.0
2026-09-20-22-46-27,2026-09-20T20:46:30.488328+00:00,b8d2b489e60697f68ca37d336a4052f99b462da7,AB Spandau,0,0.0
2026-09-20-22-46-27,2026-09-20T20:46:30.488328+00:00,b8d2b489e60697f68ca37d336a4052f99b462da7,Ausländer für Berlin,0,0.0
2026-09-20-22-46-27,2026-09-20T20:46:30.488328+00:00,b8d2b489e60697f68ca37d336a4052f99b462da7,Migrants for Neukölln,0,0.0
2026-09-20-22-46-27,2026-09-20T20:46:30.488328+00:00,b8d2b489e60697f68ca37d336a4052f99b462da7,Berliner:innen ohne Grenzen,0,0.0
2026-09-20-22-46-27,2026-09-20T20:46:30.488328+00:00,b8d2b489e60697f68ca37d336a4052f99b462da7,Berlin Retten,0,0.0
2026-09-20-22-46-27,2026-09-20T20:46:30.488328+00:00,b8d2b489e60697f68ca37d336a4052f99b462da7,BSW,83112,4.702753627698671
2026-09-20-22-46-27,2026-09-20T20:46:30.488328+00:00,b8d2b489e60697f68ca37d336a4052f99b462da7,Losdemokratie,0,0.0
2026-09-20-22-46-27,2026-09-20T20:46:30.488328+00:00,b8d2b489e60697f68ca37d336a4052f99b462da7,MERA25,0,0.0
2026-09-20-22-46-27,2026-09-20T20:46:30.488328+00:00,b8d2b489e60697f68ca37d336a4052f99b462da7,PdF,5582,0.31584814166202213
2026-09-20-22-46-27,2026-09-20T20:46:30.488328+00:00,b8d2b489e60697f68ca37d336a4052f99b462da7,Jan Mihm: Bester Mann,0,0.0
2026-09-20-22-46-27,2026-09-20T20:46:30.488328+00:00,b8d2b489e60697f68ca37d336a4052f99b462da7,Demokratische Linke,0,0.0
2026-09-20-22-46-27,2026-09-20T20:46:30.488328+00:00,b8d2b489e60697f68ca37d336a4052f99b462da7,DIE FRAUEN,0,0.0
2026-09-20-22-51-16,2026-09-20T20:51:19.321267+00:00,49ef1b59f2a1d9b49ae5d83495a78547f3b15e8b,CDU,332559,18.782128685303515
2026-09-20-22-51-16,2026-09-20T20:51:19.321267+00:00,49ef1b59f2a1d9b49ae5d83495a78547f3b15e8b,SPD,214788,12.13070720100485
2026-09-20-22-51-16,2026-09-20T20:51:19.321267+00:00,49ef1b59f2a1d9b49ae5d83495a78547f3b15e8b,GRÜNE,254795,14.390205883382826
2026-09-20-22-51-16,2026-09-20T20:51:19.321267+00:00,49ef1b59f2a1d9b49ae5d83495a78547f3b15e8b,Die Linke,455592,25.730735213886256
2026-09-20-22-51-16,2026-09-20T20:51:19.321267+00:00,49ef1b59f2a1d9b49ae5d83495a78547f3b15e8b,AfD,284207,16.051324568765413
2026-09-20-22-51-16,2026-09-20T20:51:19.321267+00:00,49ef1b59f2a1d9b49ae5d83495a78547f3b15e8b,FDP,45118,2.548155611556217
2026-09-20-22-51-16,2026-09-20T20:51:19.321267+00:00,49ef1b59f2a1d9b49ae5d83495a78547f3b15e8b,Tierschutzpartei,37347,2.109268310314953
2026-09-20-22-51-16,2026-09-20T20:51:19.321267+00:00,49ef1b59f2a1d9b49ae5d83495a78547f3b15e8b,Die PARTEI,13148,0.7425672676258066
2026-09-20-22-51-16,2026-09-20T20:51:19.321267+00:00,49ef1b59f2a1d9b49ae5d83495a78547f3b15e8b,Volt,36955,2.0871290975898757
2026-09-20-22-51-16,2026-09-20T20:51:19.321267+00:00,49ef1b59f2a1d9b49ae5d83495a78547f3b15e8b,FREIE WÄHLER,0,0.0
2026-09-20-22-51-16,2026-09-20T20:51:19.321267+00:00,49ef1b59f2a1d9b49ae5d83495a78547f3b15e8b,Mieterpartei,0,0.0
2026-09-20-22-51-16,2026-09-20T20:51:19.321267+00:00,49ef1b59f2a1d9b49ae5d83495a78547f3b15e8b,Die Urbane.,1504,0.08494228555743939
2026-09-20-22-51-16,2026-09-20T20:51:19.321267+00:00,49ef1b59f2a1d9b49ae5d83495a78547f3b15e8b,DKP,2000,0.11295516696468005
2026-09-20-22-51-16,2026-09-20T20:51:19.321267+00:00,49ef1b59f2a1d9b49ae5d83495a78547f3b15e8b,ÖDP,2493,0.1407986156214737
2026-09-20-22-51-16,2026-09-20T20:51:19.321267+00:00,49ef1b59f2a1d9b49ae5d83495a78547f3b15e8b,Die Heimat,516,0.029142433076887454
2026-09-20-22-51-16,2026-09-20T20:51:19.321267+00:00,49ef1b59f2a1d9b49ae5d83495a78547f3b15e8b,bergpartei,79,0.004461729095104862
2026-09-20-22-51-16,2026-09-20T20:51:19.321267+00:00,49ef1b59f2a1d9b49ae5d83495a78547f3b15e8b,SGP,693,0.03913896535326164
2026-09-20-22-51-16,2026-09-20T20:51:19.321267+00:00,49ef1b59f2a1d9b49ae5d83495a78547f3b15e8b,Menschliche Welt,0,0.0
2026-09-20-22-51-16,2026-09-20T20:51:19.321267+00:00,49ef1b59f2a1d9b49ae5d83495a78547f3b15e8b,AB Spandau,0,0.0
2026-09-20-22-51-16,2026-09-20T20:51:19.321267+00:00,49ef1b59f2a1d9b49ae5d83495a78547f3b15e8b,Ausländer für Berlin,0,0.0
2026-09-20-22-51-16,2026-09-20T20:51:19.321267+00:00,49ef1b59f2a1d9b49ae5d83495a78547f3b15e8b,Migrants for Neukölln,0,0.0
2026-09-20-22-51-16,2026-09-20T20:51:19.321267+00:00,49ef1b59f2a1d9b49ae5d83495a78547f3b15e8b,Berliner:innen ohne Grenzen,0,0.0
2026-09-20-22-51-16,2026-09-20T20:51:19.321267+00:00,49ef1b59f2a1d9b49ae5d83495a78547f3b15e8b,Berlin Retten,0,0.0
2026-09-20-22-51-16,2026-09-20T20:51:19.321267+00:00,49ef1b59f2a1d9b49ae5d83495a78547f3b15e8b,BSW,83233,4.700798705985608
2026-09-20-22-51-16,2026-09-20T20:51:19.321267+00:00,49ef1b59f2a1d9b49ae5d83495a78547f3b15e8b,Losdemokratie,0,0.0
2026-09-20-22-51-16,2026-09-20T20:51:19.321267+00:00,49ef1b59f2a1d9b49ae5d83495a78547f3b15e8b,MERA25,0,0.0
2026-09-20-22-51-16,2026-09-20T20:51:19.321267+00:00,49ef1b59f2a1d9b49ae5d83495a78547f3b15e8b,PdF,5587,0.3155402589158337
2026-09-20-22-51-16,2026-09-20T20:51:19.321267+00:00,49ef1b59f2a1d9b49ae5d83495a78547f3b15e8b,Jan Mihm: Bester Mann,0,0.0
2026-09-20-22-51-16,2026-09-20T20:51:19.321267+00:00,49ef1b59f2a1d9b49ae5d83495a78547f3b15e8b,Demokratische Linke,0,0.0
2026-09-20-22-51-16,2026-09-20T20:51:19.321267+00:00,49ef1b59f2a1d9b49ae5d83495a78547f3b15e8b,DIE FRAUEN,0,0.0
2026-09-20-22-55-58,2026-09-20T20:56:01.481671+00:00,7357d2894d51f027eede41854cd5c2a02873fd2d,CDU,333427,18.769096882127908
2026-09-20-22-55-58,2026-09-20T20:56:01.481671+00:00,7357d2894d51f027eede41854cd5c2a02873fd2d,SPD,215522,12.132050788418367
2026-09-20-22-55-58,2026-09-20T20:56:01.481671+00:00,7357d2894d51f027eede41854cd5c2a02873fd2d,GRÜNE,255733,14.395587198868766
2026-09-20-22-55-58,2026-09-20T20:56:01.481671+00:00,7357d2894d51f027eede41854cd5c2a02873fd2d,Die Linke,457465,25.751378578167465
2026-09-20-22-55-58,2026-09-20T20:56:01.481671+00:00,7357d2894d51f027eede41854cd5c2a02873fd2d,AfD,284913,16.038172373496174
2026-09-20-22-55-58,2026-09-20T20:56:01.481671+00:00,7357d2894d51f027eede41854cd5c2a02873fd2d,FDP,45234,2.546288478036193
2026-09-20-22-55-58,2026-09-20T20:56:01.481671+00:00,7357d2894d51f027eede41854cd5c2a02873fd2d,Tierschutzpartei,37460,2.1086785689356633
2026-09-20-22-55-58,2026-09-20T20:56:01.481671+00:00,7357d2894d51f027eede41854cd5c2a02873fd2d,Die PARTEI,13191,0.7425408169468857
2026-09-20-22-55-58,2026-09-20T20:56:01.481671+00:00,7357d2894d51f027eede41854cd5c2a02873fd2d,Volt,37103,2.0885825131665756
2026-09-20-22-55-58,2026-09-20T20:56:01.481671+00:00,7357d2894d51f027eede41854cd5c2a02873fd2d,FREIE WÄHLER,0,0.0
2026-09-20-22-55-58,2026-09-20T20:56:01.481671+00:00,7357d2894d51f027eede41854cd5c2a02873fd2d,Mieterpartei,0,0.0
2026-09-20-22-55-58,2026-09-20T20:56:01.481671+00:00,7357d2894d51f027eede41854cd5c2a02873fd2d,Die Urbane.,1507,0.0848312494230124
2026-09-20-22-55-58,2026-09-20T20:56:01.481671+00:00,7357d2894d51f027eede41854cd5c2a02873fd2d,DKP,2005,0.11286440284879885
2026-09-20-22-55-58,2026-09-20T20:56:01.481671+00:00,7357d2894d51f027eede41854cd5c2a02873fd2d,ÖDP,2499,0.14067239038361512
2026-09-20-22-55-58,2026-09-20T20:56:01.481671+00:00,7357d2894d51f027eede41854cd5c2a02873fd2d,Die Heimat,516,0.029046399935152224
2026-09-20-22-55-58,2026-09-20T20:56:01.481671+00:00,7357d2894d51f027eede41854cd5c2a02873fd2d,bergpartei,79,0.004447026346660902
2026-09-20-22-55-58,2026-09-20T20:56:01.481671+00:00,7357d2894d51f027eede41854cd5c2a02873fd2d,SGP,694,0.03906628208332489
2026-09-20-22-55-58,2026-09-20T20:56:01.481671+00:00,7357d2894d51f027eede41854cd5c2a02873fd2d,Menschliche Welt,0,0.0
2026-09-20-22-55-58,2026-09-20T20:56:01.481671+00:00,7357d2894d51f027eede41854cd5c2a02873fd2d,AB Spandau,0,0.0
2026-09-20-22-55-58,2026-09-20T20:56:01.481671+00:00,7357d2894d51f027eede41854cd5c2a02873fd2d,Ausländer für Berlin,0,0.0
2026-09-20-22-55-58,2026-09-20T20:56:01.481671+00:00,7357d2894d51f027eede41854cd5c2a02873fd2d,Migrants for Neukölln,0,0.0
2026-09-20-22-55-58,2026-09-20T20:56:01.481671+00:00,7357d2894d51f027eede41854cd5c2a02873fd2d,Berliner:innen ohne Grenzen,0,0.0
2026-09-20-22-55-58,2026-09-20T20:56:01.481671+00:00,7357d2894d51f027eede41854cd5c2a02873fd2d,Berlin Retten,0,0.0
2026-09-20-22-55-58,2026-09-20T20:56:01.481671+00:00,7357d2894d51f027eede41854cd5c2a02873fd2d,BSW,83518,4.701351220511712
2026-09-20-22-55-58,2026-09-20T20:56:01.481671+00:00,7357d2894d51f027eede41854cd5c2a02873fd2d,Losdemokratie,0,0.0
2026-09-20-22-55-58,2026-09-20T20:56:01.481671+00:00,7357d2894d51f027eede41854cd5c2a02873fd2d,MERA25,0,0.0
2026-09-20-22-55-58,2026-09-20T20:56:01.481671+00:00,7357d2894d51f027eede41854cd5c2a02873fd2d,PdF,5602,0.3153448303037263
2026-09-20-22-55-58,2026-09-20T20:56:01.481671+00:00,7357d2894d51f027eede41854cd5c2a02873fd2d,Jan Mihm: Bester Mann,0,0.0
2026-09-20-22-55-58,2026-09-20T20:56:01.481671+00:00,7357d2894d51f027eede41854cd5c2a02873fd2d,Demokratische Linke,0,0.0
2026-09-20-22-55-58,2026-09-20T20:56:01.481671+00:00,7357d2894d51f027eede41854cd5c2a02873fd2d,DIE FRAUEN,0,0.0
2026-09-20-23-03-59,2026-09-20T21:04:02.035976+00:00,450d6c752bffc6f002e3da247a60330631a47c90,CDU,333650,18.76302910026875
2026-09-20-23-03-59,2026-09-20T21:04:02.035976+00:00,450d6c752bffc6f002e3da247a60330631a47c90,SPD,215724,12.131382255736177
2026-09-20-23-03-59,2026-09-20T21:04:02.035976+00:00,450d6c752bffc6f002e3da247a60330631a47c90,GRÜNE,255949,14.393461816828072
2026-09-20-23-03-59,2026-09-20T21:04:02.035976+00:00,450d6c752bffc6f002e3da247a60330631a47c90,Die Linke,458131,25.763300718523073
2026-09-20-23-03-59,2026-09-20T21:04:02.035976+00:00,450d6c752bffc6f002e3da247a60330631a47c90,AfD,285148,16.03548695304491
2026-09-20-23-03-59,2026-09-20T21:04:02.035976+00:00,450d6c752bffc6f002e3da247a60330631a47c90,FDP,45278,2.5462383683559673
2026-09-20-23-03-59,2026-09-20T21:04:02.035976+00:00,450d6c752bffc6f002e3da247a60330631a47c90,Tierschutzpartei,37486,2.1080500789829895
2026-09-20-23-03-59,2026-09-20T21:04:02.035976+00:00,450d6c752bffc6f002e3da247a60330631a47c90,Die PARTEI,13198,0.7421982858245076
2026-09-20-23-03-59,2026-09-20T21:04:02.035976+00:00,450d6c752bffc6f002e3da247a60330631a47c90,Volt,37126,2.0878052401515887
2026-09-20-23-03-59,2026-09-20T21:04:02.035976+00:00,450d6c752bffc6f002e3da247a60330631a47c90,FREIE WÄHLER,0,0.0
2026-09-20-23-03-59,2026-09-20T21:04:02.035976+00:00,450d6c752bffc6f002e3da247a60330631a47c90,Mieterpartei,0,0.0
2026-09-20-23-03-59,2026-09-20T21:04:02.035976+00:00,450d6c752bffc6f002e3da247a60330631a47c90,Die Urbane.,1508,0.08480338043819953
2026-09-20-23-03-59,2026-09-20T21:04:02.035976+00:00,450d6c752bffc6f002e3da247a60330631a47c90,DKP,2010,0.11303368347531902
2026-09-20-23-03-59,2026-09-20T21:04:02.035976+00:00,450d6c752bffc6f002e3da247a60330631a47c90,ÖDP,2500,0.1405891585513918
2026-09-20-23-03-59,2026-09-20T21:04:02.035976+00:00,450d6c752bffc6f002e3da247a60330631a47c90,Die Heimat,516,0.029017602325007268
2026-09-20-23-03-59,2026-09-20T21:04:02.035976+00:00,450d6c752bffc6f002e3da247a60330631a47c90,bergpartei,80,0.004498853073644538
2026-09-20-23-03-59,2026-09-20T21:04:02.035976+00:00,450d6c752bffc6f002e3da247a60330631a47c90,SGP,694,0.039027550413866366
2026-09-20-23-03-59,2026-09-20T21:04:02.035976+00:00,450d6c752bffc6f002e3da247a60330631a47c90,Menschliche Welt,0,0.0
2026-09-20-23-03-59,2026-09-20T21:04:02.035976+00:00,450d6c752bffc6f002e3da247a60330631a47c90,AB Spandau,0,0.0
2026-09-20-23-03-59,2026-09-20T21:04:02.035976+00:00,450d6c752bffc6f002e3da247a60330631a47c90,Ausländer für Berlin,0,0.0
2026-09-20-23-03-59,2026-09-20T21:04:02.035976+00:00,450d6c752bffc6f002e3da247a60330631a47c90,Migrants for Neukölln,0,0.0
2026-09-20-23-03-59,2026-09-20T21:04:02.035976+00:00,450d6c752bffc6f002e3da247a60330631a47c90,Berliner:innen ohne Grenzen,0,0.0
2026-09-20-23-03-59,2026-09-20T21:04:02.035976+00:00,450d6c752bffc6f002e3da247a60330631a47c90,Berlin Retten,0,0.0
2026-09-20-23-03-59,2026-09-20T21:04:02.035976+00:00,450d6c752bffc6f002e3da247a60330631a47c90,BSW,83627,4.702819824870897
2026-09-20-23-03-59,2026-09-20T21:04:02.035976+00:00,450d6c752bffc6f002e3da247a60330631a47c90,Losdemokratie,0,0.0
2026-09-20-23-03-59,2026-09-20T21:04:02.035976+00:00,450d6c752bffc6f002e3da247a60330631a47c90,MERA25,0,0.0
2026-09-20-23-03-59,2026-09-20T21:04:02.035976+00:00,450d6c752bffc6f002e3da247a60330631a47c90,PdF,5606,0.31525712913564097
2026-09-20-23-03-59,2026-09-20T21:04:02.035976+00:00,450d6c752bffc6f002e3da247a60330631a47c90,Jan Mihm: Bester Mann,0,0.0
2026-09-20-23-03-59,2026-09-20T21:04:02.035976+00:00,450d6c752bffc6f002e3da247a60330631a47c90,Demokratische Linke,0,0.0
2026-09-20-23-03-59,2026-09-20T21:04:02.035976+00:00,450d6c752bffc6f002e3da247a60330631a47c90,DIE FRAUEN,0,0.0
2026-09-20-23-19-04,2026-09-20T21:19:07.249831+00:00,6731dc7526558a28d0a030c19936a92b0603776e,CDU,335852,18.776821874797335
2026-09-20-23-19-04,2026-09-20T21:19:07.249831+00:00,6731dc7526558a28d0a030c19936a92b0603776e,SPD,217255,12.14629788242766
2026-09-20-23-19-04,2026-09-20T21:19:07.249831+00:00,6731dc7526558a28d0a030c19936a92b0603776e,GRÜNE,257440,14.39296185060034
2026-09-20-23-19-04,2026-09-20T21:19:07.249831+00:00,6731dc7526558a28d0a030c19936a92b0603776e,Die Linke,460682,25.755820584440126
2026-09-20-23-19-04,2026-09-20T21:19:07.249831+00:00,6731dc7526558a28d0a030c19936a92b0603776e,AfD,286500,16.017649045202756
2026-09-20-23-19-04,2026-09-20T21:19:07.249831+00:00,6731dc7526558a28d0a030c19936a92b0603776e,FDP,45544,2.5462750719536276
2026-09-20-23-19-04,2026-09-20T21:19:07.249831+00:00,6731dc7526558a28d0a030c19936a92b0603776e,Tierschutzpartei,37692,2.10728526286835
2026-09-20-23-19-04,2026-09-20T21:19:07.249831+00:00,6731dc7526558a28d0a030c19936a92b0603776e,Die PARTEI,13295,0.7432971869318347
2026-09-20-23-19-04,2026-09-20T21:19:07.249831+00:00,6731dc7526558a28d0a030c19936a92b0603776e,Volt,37309,2.0858724894501557
2026-09-20-23-19-04,2026-09-20T21:19:07.249831+00:00,6731dc7526558a28d0a030c19936a92b0603776e,FREIE WÄHLER,0,0.0
2026-09-20-23-19-04,2026-09-20T21:19:07.249831+00:00,6731dc7526558a28d0a030c19936a92b0603776e,Mieterpartei,0,0.0
2026-09-20-23-19-04,2026-09-20T21:19:07.249831+00:00,6731dc7526558a28d0a030c19936a92b0603776e,Die Urbane.,1512,0.08453293318096533
2026-09-20-23-19-04,2026-09-20T21:19:07.249831+00:00,6731dc7526558a28d0a030c19936a92b0603776e,DKP,2017,0.11276648559921103
2026-09-20-23-19-04,2026-09-20T21:19:07.249831+00:00,6731dc7526558a28d0a030c19936a92b0603776e,ÖDP,2519,0.14083231394368498
2026-09-20-23-19-04,2026-09-20T21:19:07.249831+00:00,6731dc7526558a28d0a030c19936a92b0603776e,Die Heimat,516,0.028848540688742135
2026-09-20-23-19-04,2026-09-20T21:19:07.249831+00:00,6731dc7526558a28d0a030c19936a92b0603776e,bergpartei,80,0.004472641967246843
2026-09-20-23-19-04,2026-09-20T21:19:07.249831+00:00,6731dc7526558a28d0a030c19936a92b0603776e,SGP,701,0.03919152523800046
2026-09-20-23-19-04,2026-09-20T21:19:07.249831+00:00,6731dc7526558a28d0a030c19936a92b0603776e,Menschliche Welt,0,0.0
2026-09-20-23-19-04,2026-09-20T21:19:07.249831+00:00,6731dc7526558a28d0a030c19936a92b0603776e,AB Spandau,0,0.0
2026-09-20-23-19-04,2026-09-20T21:19:07.249831+00:00,6731dc7526558a28d0a030c19936a92b0603776e,Ausländer für Berlin,0,0.0
2026-09-20-23-19-04,2026-09-20T21:19:07.249831+00:00,6731dc7526558a28d0a030c19936a92b0603776e,Migrants for Neukölln,0,0.0
2026-09-20-23-19-04,2026-09-20T21:19:07.249831+00:00,6731dc7526558a28d0a030c19936a92b0603776e,Berliner:innen ohne Grenzen,0,0.0
2026-09-20-23-19-04,2026-09-20T21:19:07.249831+00:00,6731dc7526558a28d0a030c19936a92b0603776e,Berlin Retten,0,0.0
2026-09-20-23-19-04,2026-09-20T21:19:07.249831+00:00,6731dc7526558a28d0a030c19936a92b0603776e,BSW,84097,4.701697143994472
2026-09-20-23-19-04,2026-09-20T21:19:07.249831+00:00,6731dc7526558a28d0a030c19936a92b0603776e,Losdemokratie,0,0.0
2026-09-20-23-19-04,2026-09-20T21:19:07.249831+00:00,6731dc7526558a28d0a030c19936a92b0603776e,MERA25,0,0.0
2026-09-20-23-19-04,2026-09-20T21:19:07.249831+00:00,6731dc7526558a28d0a030c19936a92b0603776e,PdF,5641,0.315377166715493
2026-09-20-23-19-04,2026-09-20T21:19:07.249831+00:00,6731dc7526558a28d0a030c19936a92b0603776e,Jan Mihm: Bester Mann,0,0.0
2026-09-20-23-19-04,2026-09-20T21:19:07.249831+00:00,6731dc7526558a28d0a030c19936a92b0603776e,Demokratische Linke,0,0.0
2026-09-20-23-19-04,2026-09-20T21:19:07.249831+00:00,6731dc7526558a28d0a030c19936a92b0603776e,DIE FRAUEN,0,0.0
2026-09-20-23-26-32,2026-09-20T21:26:35.350445+00:00,02fc843f059448808d52e03c9bb4039f0038a673,CDU,336209,18.77629001163853
2026-09-20-23-26-32,2026-09-20T21:26:35.350445+00:00,02fc843f059448808d52e03c9bb4039f0038a673,SPD,217495,12.146460077158322
2026-09-20-23-26-32,2026-09-20T21:26:35.350445+00:00,02fc843f059448808d52e03c9bb4039f0038a673,GRÜNE,257703,14.391959361198792
2026-09-20-23-26-32,2026-09-20T21:26:35.350445+00:00,02fc843f059448808d52e03c9bb4039f0038a673,Die Linke,461227,25.758179921411994
2026-09-20-23-26-32,2026-09-20T21:26:35.350445+00:00,02fc843f059448808d52e03c9bb4039f0038a673,AfD,286788,16.016271604441854
2026-09-20-23-26-32,2026-09-20T21:26:35.350445+00:00,02fc843f059448808d52e03c9bb4039f0038a673,FDP,45586,2.5458448657547956
2026-09-20-23-26-32,2026-09-20T21:26:35.350445+00:00,02fc843f059448808d52e03c9bb4039f0038a673,Tierschutzpartei,37744,2.1078920855755934
2026-09-20-23-26-32,2026-09-20T21:26:35.350445+00:00,02fc843f059448808d52e03c9bb4039f0038a673,Die PARTEI,13308,0.7432129046958457
2026-09-20-23-26-32,2026-09-20T21:26:35.350445+00:00,02fc843f059448808d52e03c9bb4039f0038a673,Volt,37350,2.085888337119765
2026-09-20-23-26-32,2026-09-20T21:26:35.350445+00:00,02fc843f059448808d52e03c9bb4039f0038a673,FREIE WÄHLER,0,0.0
2026-09-20-23-26-32,2026-09-20T21:26:35.350445+00:00,02fc843f059448808d52e03c9bb4039f0038a673,Mieterpartei,0,0.0
2026-09-20-23-26-32,2026-09-20T21:26:35.350445+00:00,02fc843f059448808d52e03c9bb4039f0038a673,Die Urbane.,1515,0.0846083221080708
2026-09-20-23-26-32,2026-09-20T21:26:35.350445+00:00,02fc843f059448808d52e03c9bb4039f0038a673,DKP,2018,0.11269940198949628
2026-09-20-23-26-32,2026-09-20T21:26:35.350445+00:00,02fc843f059448808d52e03c9bb4039f0038a673,ÖDP,2524,0.14095802310281894
2026-09-20-23-26-32,2026-09-20T21:26:35.350445+00:00,02fc843f059448808d52e03c9bb4039f0038a673,Die Heimat,516,0.02881709188631322
2026-09-20-23-26-32,2026-09-20T21:26:35.350445+00:00,02fc843f059448808d52e03c9bb4039f0038a673,bergpartei,80,0.004467766183924531
2026-09-20-23-26-32,2026-09-20T21:26:35.350445+00:00,02fc843f059448808d52e03c9bb4039f0038a673,SGP,701,0.0391488011866387
2026-09-20-23-26-32,2026-09-20T21:26:35.350445+00:00,02fc843f059448808d52e03c9bb4039f0038a673,Menschliche Welt,0,0.0
2026-09-20-23-26-32,2026-09-20T21:26:35.350445+00:00,02fc843f059448808d52e03c9bb4039f0038a673,AB Spandau,0,0.0
2026-09-20-23-26-32,2026-09-20T21:26:35.350445+00:00,02fc843f059448808d52e03c9bb4039f0038a673,Ausländer für Berlin,0,0.0
2026-09-20-23-26-32,2026-09-20T21:26:35.350445+00:00,02fc843f059448808d52e03c9bb4039f0038a673,Migrants for Neukölln,0,0.0
2026-09-20-23-26-32,2026-09-20T21:26:35.350445+00:00,02fc843f059448808d52e03c9bb4039f0038a673,Berliner:innen ohne Grenzen,0,0.0
2026-09-20-23-26-32,2026-09-20T21:26:35.350445+00:00,02fc843f059448808d52e03c9bb4039f0038a673,Berlin Retten,0,0.0
2026-09-20-23-26-32,2026-09-20T21:26:35.350445+00:00,02fc843f059448808d52e03c9bb4039f0038a673,BSW,84193,4.701932979039475
2026-09-20-23-26-32,2026-09-20T21:26:35.350445+00:00,02fc843f059448808d52e03c9bb4039f0038a673,Losdemokratie,0,0.0
2026-09-20-23-26-32,2026-09-20T21:26:35.350445+00:00,02fc843f059448808d52e03c9bb4039f0038a673,MERA25,0,0.0
2026-09-20-23-26-32,2026-09-20T21:26:35.350445+00:00,02fc843f059448808d52e03c9bb4039f0038a673,PdF,5647,0.3153684455077728
2026-09-20-23-26-32,2026-09-20T21:26:35.350445+00:00,02fc843f059448808d52e03c9bb4039f0038a673,Jan Mihm: Bester Mann,0,0.0
2026-09-20-23-26-32,2026-09-20T21:26:35.350445+00:00,02fc843f059448808d52e03c9bb4039f0038a673,Demokratische Linke,0,0.0
2026-09-20-23-26-32,2026-09-20T21:26:35.350445+00:00,02fc843f059448808d52e03c9bb4039f0038a673,DIE FRAUEN,0,0.0
2026-09-20-23-30-34,2026-09-20T21:30:37.069727+00:00,e399481dbbd3e38808f9e3441461740d1d694bf8,CDU,336815,18.768238733846687
2026-09-20-23-30-34,2026-09-20T21:30:37.069727+00:00,e399481dbbd3e38808f9e3441461740d1d694bf8,SPD,217933,12.143813583075012
2026-09-20-23-30-34,2026-09-20T21:30:37.069727+00:00,e399481dbbd3e38808f9e3441461740d1d694bf8,GRÜNE,258243,14.389995324866085
2026-09-20-23-30-34,2026-09-20T21:30:37.069727+00:00,e399481dbbd3e38808f9e3441461740d1d694bf8,Die Linke,462321,25.76177100090772
2026-09-20-23-30-34,2026-09-20T21:30:37.069727+00:00,e399481dbbd3e38808f9e3441461740d1d694bf8,AfD,287608,16.026292195312497
2026-09-20-23-30-34,2026-09-20T21:30:37.069727+00:00,e399481dbbd3e38808f9e3441461740d1d694bf8,FDP,45682,2.545524046849411
2026-09-20-23-30-34,2026-09-20T21:30:37.069727+00:00,e399481dbbd3e38808f9e3441461740d1d694bf8,Tierschutzpartei,37834,2.108212354723975
2026-09-20-23-30-34,2026-09-20T21:30:37.069727+00:00,e399481dbbd3e38808f9e3441461740d1d694bf8,Die PARTEI,13327,0.7426163253001642
2026-09-20-23-30-34,2026-09-20T21:30:37.069727+00:00,e399481dbbd3e38808f9e3441461740d1d694bf8,Volt,37427,2.085533218804626
2026-09-20-23-30-34,2026-09-20T21:30:37.069727+00:00,e399481dbbd3e38808f9e3441461740d1d694bf8,FREIE WÄHLER,0,0.0
2026-09-20-23-30-34,2026-09-20T21:30:37.069727+00:00,e399481dbbd3e38808f9e3441461740d1d694bf8,Mieterpartei,0,0.0
2026-09-20-23-30-34,2026-09-20T21:30:37.069727+00:00,e399481dbbd3e38808f9e3441461740d1d694bf8,Die Urbane.,1518,0.08458704748297811
2026-09-20-23-30-34,2026-09-20T21:30:37.069727+00:00,e399481dbbd3e38808f9e3441461740d1d694bf8,DKP,2026,0.11289417536265721
2026-09-20-23-30-34,2026-09-20T21:30:37.069727+00:00,e399481dbbd3e38808f9e3441461740d1d694bf8,ÖDP,2529,0.14092268977895364
2026-09-20-23-30-34,2026-09-20T21:30:37.069727+00:00,e399481dbbd3e38808f9e3441461740d1d694bf8,Die Heimat,518,0.02886435480644444
2026-09-20-23-30-34,2026-09-20T21:30:37.069727+00:00,e399481dbbd3e38808f9e3441461740d1d694bf8,bergpartei,80,0.004457815414122694
2026-09-20-23-30-34,2026-09-20T21:30:37.069727+00:00,e399481dbbd3e38808f9e3441461740d1d694bf8,SGP,703,0.03917305295160317
2026-09-20-23-30-34,2026-09-20T21:30:37.069727+00:00,e399481dbbd3e38808f9e3441461740d1d694bf8,Menschliche Welt,0,0.0
2026-09-20-23-30-34,2026-09-20T21:30:37.069727+00:00,e399481dbbd3e38808f9e3441461740d1d694bf8,AB Spandau,0,0.0
2026-09-20-23-30-34,2026-09-20T21:30:37.069727+00:00,e399481dbbd3e38808f9e3441461740d1d694bf8,Ausländer für Berlin,0,0.0
2026-09-20-23-30-34,2026-09-20T21:30:37.069727+00:00,e399481dbbd3e38808f9e3441461740d1d694bf8,Migrants for Neukölln,0,0.0
2026-09-20-23-30-34,2026-09-20T21:30:37.069727+00:00,e399481dbbd3e38808f9e3441461740d1d694bf8,Berliner:innen ohne Grenzen,0,0.0
2026-09-20-23-30-34,2026-09-20T21:30:37.069727+00:00,e399481dbbd3e38808f9e3441461740d1d694bf8,Berlin Retten,0,0.0
2026-09-20-23-30-34,2026-09-20T21:30:37.069727+00:00,e399481dbbd3e38808f9e3441461740d1d694bf8,BSW,84372,4.701435026504499
2026-09-20-23-30-34,2026-09-20T21:30:37.069727+00:00,e399481dbbd3e38808f9e3441461740d1d694bf8,Losdemokratie,0,0.0
2026-09-20-23-30-34,2026-09-20T21:30:37.069727+00:00,e399481dbbd3e38808f9e3441461740d1d694bf8,MERA25,0,0.0
2026-09-20-23-30-34,2026-09-20T21:30:37.069727+00:00,e399481dbbd3e38808f9e3441461740d1d694bf8,PdF,5665,0.31566905401256323
2026-09-20-23-30-34,2026-09-20T21:30:37.069727+00:00,e399481dbbd3e38808f9e3441461740d1d694bf8,Jan Mihm: Bester Mann,0,0.0
2026-09-20-23-30-34,2026-09-20T21:30:37.069727+00:00,e399481dbbd3e38808f9e3441461740d1d694bf8,Demokratische Linke,0,0.0
2026-09-20-23-30-34,2026-09-20T21:30:37.069727+00:00,e399481dbbd3e38808f9e3441461740d1d694bf8,DIE FRAUEN,0,0.0
2026-09-20-23-37-32,2026-09-20T21:37:35.275352+00:00,99eb6500bf846c5dbd68b9302ae2a48026620c12,CDU,338269,18.78806695674294
2026-09-20-23-37-32,2026-09-20T21:37:35.275352+00:00,99eb6500bf846c5dbd68b9302ae2a48026620c12,SPD,218710,12.147545663685554
2026-09-20-23-37-32,2026-09-20T21:37:35.275352+00:00,99eb6500bf846c5dbd68b9302ae2a48026620c12,GRÜNE,259010,14.38587994308077
2026-09-20-23-37-32,2026-09-20T21:37:35.275352+00:00,99eb6500bf846c5dbd68b9302ae2a48026620c12,Die Linke,463287,25.73179090069905
2026-09-20-23-37-32,2026-09-20T21:37:35.275352+00:00,99eb6500bf846c5dbd68b9302ae2a48026620c12,AfD,288802,16.04058105602723
2026-09-20-23-37-32,2026-09-20T21:37:35.275352+00:00,99eb6500bf846c5dbd68b9302ae2a48026620c12,FDP,45847,2.546424608124876
2026-09-20-23-37-32,2026-09-20T21:37:35.275352+00:00,99eb6500bf846c5dbd68b9302ae2a48026620c12,Tierschutzpartei,37973,2.109088525843041
2026-09-20-23-37-32,2026-09-20T21:37:35.275352+00:00,99eb6500bf846c5dbd68b9302ae2a48026620c12,Die PARTEI,13366,0.7423716123671579
2026-09-20-23-37-32,2026-09-20T21:37:35.275352+00:00,99eb6500bf846c5dbd68b9302ae2a48026620c12,Volt,37522,2.084039176959487
2026-09-20-23-37-32,2026-09-20T21:37:35.275352+00:00,99eb6500bf846c5dbd68b9302ae2a48026620c12,FREIE WÄHLER,0,0.0
2026-09-20-23-37-32,2026-09-20T21:37:35.275352+00:00,99eb6500bf846c5dbd68b9302ae2a48026620c12,Mieterpartei,0,0.0
2026-09-20-23-37-32,2026-09-20T21:37:35.275352+00:00,99eb6500bf846c5dbd68b9302ae2a48026620c12,Die Urbane.,1518,0.08431244258367093
2026-09-20-23-37-32,2026-09-20T21:37:35.275352+00:00,99eb6500bf846c5dbd68b9302ae2a48026620c12,DKP,2032,0.11286092445982829
2026-09-20-23-37-32,2026-09-20T21:37:35.275352+00:00,99eb6500bf846c5dbd68b9302ae2a48026620c12,ÖDP,2535,0.14079844660711846
2026-09-20-23-37-32,2026-09-20T21:37:35.275352+00:00,99eb6500bf846c5dbd68b9302ae2a48026620c12,Die Heimat,518,0.02877064905029087
2026-09-20-23-37-32,2026-09-20T21:37:35.275352+00:00,99eb6500bf846c5dbd68b9302ae2a48026620c12,bergpartei,80,0.004443343482670405
2026-09-20-23-37-32,2026-09-20T21:37:35.275352+00:00,99eb6500bf846c5dbd68b9302ae2a48026620c12,SGP,707,0.0392680480280997
2026-09-20-23-37-32,2026-09-20T21:37:35.275352+00:00,99eb6500bf846c5dbd68b9302ae2a48026620c12,Menschliche Welt,0,0.0
2026-09-20-23-37-32,2026-09-20T21:37:35.275352+00:00,99eb6500bf846c5dbd68b9302ae2a48026620c12,AB Spandau,0,0.0
2026-09-20-23-37-32,2026-09-20T21:37:35.275352+00:00,99eb6500bf846c5dbd68b9302ae2a48026620c12,Ausländer für Berlin,0,0.0
2026-09-20-23-37-32,2026-09-20T21:37:35.275352+00:00,99eb6500bf846c5dbd68b9302ae2a48026620c12,Migrants for Neukölln,0,0.0
2026-09-20-23-37-32,2026-09-20T21:37:35.275352+00:00,99eb6500bf846c5dbd68b9302ae2a48026620c12,Berliner:innen ohne Grenzen,0,0.0
2026-09-20-23-37-32,2026-09-20T21:37:35.275352+00:00,99eb6500bf846c5dbd68b9302ae2a48026620c12,Berlin Retten,0,0.0
2026-09-20-23-37-32,2026-09-20T21:37:35.275352+00:00,99eb6500bf846c5dbd68b9302ae2a48026620c12,BSW,84593,4.6984469403692195
2026-09-20-23-37-32,2026-09-20T21:37:35.275352+00:00,99eb6500bf846c5dbd68b9302ae2a48026620c12,Losdemokratie,0,0.0
2026-09-20-23-37-32,2026-09-20T21:37:35.275352+00:00,99eb6500bf846c5dbd68b9302ae2a48026620c12,MERA25,0,0.0
2026-09-20-23-37-32,2026-09-20T21:37:35.275352+00:00,99eb6500bf846c5dbd68b9302ae2a48026620c12,PdF,5677,0.3153107618889986
2026-09-20-23-37-32,2026-09-20T21:37:35.275352+00:00,99eb6500bf846c5dbd68b9302ae2a48026620c12,Jan Mihm: Bester Mann,0,0.0
2026-09-20-23-37-32,2026-09-20T21:37:35.275352+00:00,99eb6500bf846c5dbd68b9302ae2a48026620c12,Demokratische Linke,0,0.0
2026-09-20-23-37-32,2026-09-20T21:37:35.275352+00:00,99eb6500bf846c5dbd68b9302ae2a48026620c12,DIE FRAUEN,0,0.0
2026-09-20-23-43-02,2026-09-20T21:43:04.643922+00:00,43b3fe0886c53f7aa2bab3f7a2aceec162c0cbe8,CDU,338536,18.78830797782716
2026-09-20-23-43-02,2026-09-20T21:43:04.643922+00:00,43b3fe0886c53f7aa2bab3f7a2aceec162c0cbe8,SPD,218841,12.145391054941493
2026-09-20-23-43-02,2026-09-20T21:43:04.643922+00:00,43b3fe0886c53f7aa2bab3f7a2aceec162c0cbe8,GRÜNE,259156,14.382821154328566
2026-09-20-23-43-02,2026-09-20T21:43:04.643922+00:00,43b3fe0886c53f7aa2bab3f7a2aceec162c0cbe8,Die Linke,463605,25.729474915697473
2026-09-20-23-43-02,2026-09-20T21:43:04.643922+00:00,43b3fe0886c53f7aa2bab3f7a2aceec162c0cbe8,AfD,289150,16.047449168740467
2026-09-20-23-43-02,2026-09-20T21:43:04.643922+00:00,43b3fe0886c53f7aa2bab3f7a2aceec162c0cbe8,FDP,45883,2.546446862214487
2026-09-20-23-43-02,2026-09-20T21:43:04.643922+00:00,43b3fe0886c53f7aa2bab3f7a2aceec162c0cbe8,Tierschutzpartei,38006,2.1092836005780744
2026-09-20-23-43-02,2026-09-20T21:43:04.643922+00:00,43b3fe0886c53f7aa2bab3f7a2aceec162c0cbe8,Die PARTEI,13376,0.7423506141486167
2026-09-20-23-43-02,2026-09-20T21:43:04.643922+00:00,43b3fe0886c53f7aa2bab3f7a2aceec162c0cbe8,Volt,37542,2.08353220367579
2026-09-20-23-43-02,2026-09-20T21:43:04.643922+00:00,43b3fe0886c53f7aa2bab3f7a2aceec162c0cbe8,FREIE WÄHLER,0,0.0
2026-09-20-23-43-02,2026-09-20T21:43:04.643922+00:00,43b3fe0886c53f7aa2bab3f7a2aceec162c0cbe8,Mieterpartei,0,0.0
2026-09-20-23-43-02,2026-09-20T21:43:04.643922+00:00,43b3fe0886c53f7aa2bab3f7a2aceec162c0cbe8,Die Urbane.,1519,0.08430252563484963
2026-09-20-23-43-02,2026-09-20T21:43:04.643922+00:00,43b3fe0886c53f7aa2bab3f7a2aceec162c0cbe8,DKP,2037,0.11305085234903799
2026-09-20-23-43-02,2026-09-20T21:43:04.643922+00:00,43b3fe0886c53f7aa2bab3f7a2aceec162c0cbe8,ÖDP,2538,0.14085570115947885
2026-09-20-23-43-02,2026-09-20T21:43:04.643922+00:00,43b3fe0886c53f7aa2bab3f7a2aceec162c0cbe8,Die Heimat,518,0.028748326714188355
2026-09-20-23-43-02,2026-09-20T21:43:04.643922+00:00,43b3fe0886c53f7aa2bab3f7a2aceec162c0cbe8,bergpartei,80,0.004439896017635267
2026-09-20-23-43-02,2026-09-20T21:43:04.643922+00:00,43b3fe0886c53f7aa2bab3f7a2aceec162c0cbe8,SGP,707,0.03923758105585167
2026-09-20-23-43-02,2026-09-20T21:43:04.643922+00:00,43b3fe0886c53f7aa2bab3f7a2aceec162c0cbe8,Menschliche Welt,0,0.0
2026-09-20-23-43-02,2026-09-20T21:43:04.643922+00:00,43b3fe0886c53f7aa2bab3f7a2aceec162c0cbe8,AB Spandau,0,0.0
2026-09-20-23-43-02,2026-09-20T21:43:04.643922+00:00,43b3fe0886c53f7aa2bab3f7a2aceec162c0cbe8,Ausländer für Berlin,0,0.0
2026-09-20-23-43-02,2026-09-20T21:43:04.643922+00:00,43b3fe0886c53f7aa2bab3f7a2aceec162c0cbe8,Migrants for Neukölln,0,0.0
2026-09-20-23-43-02,2026-09-20T21:43:04.643922+00:00,43b3fe0886c53f7aa2bab3f7a2aceec162c0cbe8,Berliner:innen ohne Grenzen,0,0.0
2026-09-20-23-43-02,2026-09-20T21:43:04.643922+00:00,43b3fe0886c53f7aa2bab3f7a2aceec162c0cbe8,Berlin Retten,0,0.0
2026-09-20-23-43-02,2026-09-20T21:43:04.643922+00:00,43b3fe0886c53f7aa2bab3f7a2aceec162c0cbe8,BSW,84667,4.698908451564065
2026-09-20-23-43-02,2026-09-20T21:43:04.643922+00:00,43b3fe0886c53f7aa2bab3f7a2aceec162c0cbe8,Losdemokratie,0,0.0
2026-09-20-23-43-02,2026-09-20T21:43:04.643922+00:00,43b3fe0886c53f7aa2bab3f7a2aceec162c0cbe8,MERA25,0,0.0
2026-09-20-23-43-02,2026-09-20T21:43:04.643922+00:00,43b3fe0886c53f7aa2bab3f7a2aceec162c0cbe8,PdF,5683,0.31539911335276527
2026-09-20-23-43-02,2026-09-20T21:43:04.643922+00:00,43b3fe0886c53f7aa2bab3f7a2aceec162c0cbe8,Jan Mihm: Bester Mann,0,0.0
2026-09-20-23-43-02,2026-09-20T21:43:04.643922+00:00,43b3fe0886c53f7aa2bab3f7a2aceec162c0cbe8,Demokratische Linke,0,0.0
2026-09-20-23-43-02,2026-09-20T21:43:04.643922+00:00,43b3fe0886c53f7aa2bab3f7a2aceec162c0cbe8,DIE FRAUEN,0,0.0
2026-09-20-23-47-31,2026-09-20T21:47:34.491598+00:00,8d9a9aa0c8ad0c44a67c921a2b2b54234799c8fe,CDU,338635,18.787692171124537
2026-09-20-23-47-31,2026-09-20T21:47:34.491598+00:00,8d9a9aa0c8ad0c44a67c921a2b2b54234799c8fe,SPD,218904,12.144937667482232
2026-09-20-23-47-31,2026-09-20T21:47:34.491598+00:00,8d9a9aa0c8ad0c44a67c921a2b2b54234799c8fe,GRÜNE,259197,14.380419766648359
2026-09-20-23-47-31,2026-09-20T21:47:34.491598+00:00,8d9a9aa0c8ad0c44a67c921a2b2b54234799c8fe,Die Linke,463742,25.728710685019667
2026-09-20-23-47-31,2026-09-20T21:47:34.491598+00:00,8d9a9aa0c8ad0c44a67c921a2b2b54234799c8fe,AfD,289272,16.049000515970107
2026-09-20-23-47-31,2026-09-20T21:47:34.491598+00:00,8d9a9aa0c8ad0c44a67c921a2b2b54234799c8fe,FDP,45902,2.54667310242284
2026-09-20-23-47-31,2026-09-20T21:47:34.491598+00:00,8d9a9aa0c8ad0c44a67c921a2b2b54234799c8fe,Tierschutzpartei,38028,2.109818411810722
2026-09-20-23-47-31,2026-09-20T21:47:34.491598+00:00,8d9a9aa0c8ad0c44a67c921a2b2b54234799c8fe,Die PARTEI,13379,0.7422757055752512
2026-09-20-23-47-31,2026-09-20T21:47:34.491598+00:00,8d9a9aa0c8ad0c44a67c921a2b2b54234799c8fe,Volt,37553,2.0834650998929223
2026-09-20-23-47-31,2026-09-20T21:47:34.491598+00:00,8d9a9aa0c8ad0c44a67c921a2b2b54234799c8fe,FREIE WÄHLER,0,0.0
2026-09-20-23-47-31,2026-09-20T21:47:34.491598+00:00,8d9a9aa0c8ad0c44a67c921a2b2b54234799c8fe,Mieterpartei,0,0.0
2026-09-20-23-47-31,2026-09-20T21:47:34.491598+00:00,8d9a9aa0c8ad0c44a67c921a2b2b54234799c8fe,Die Urbane.,1521,0.0843860787936286
2026-09-20-23-47-31,2026-09-20T21:47:34.491598+00:00,8d9a9aa0c8ad0c44a67c921a2b2b54234799c8fe,DKP,2039,0.11312505894819772
2026-09-20-23-47-31,2026-09-20T21:47:34.491598+00:00,8d9a9aa0c8ad0c44a67c921a2b2b54234799c8fe,ÖDP,2540,0.14092086793939293
2026-09-20-23-47-31,2026-09-20T21:47:34.491598+00:00,8d9a9aa0c8ad0c44a67c921a2b2b54234799c8fe,Die Heimat,518,0.02873898015456911
2026-09-20-23-47-31,2026-09-20T21:47:34.491598+00:00,8d9a9aa0c8ad0c44a67c921a2b2b54234799c8fe,bergpartei,80,0.0044384525335241865
2026-09-20-23-47-31,2026-09-20T21:47:34.491598+00:00,8d9a9aa0c8ad0c44a67c921a2b2b54234799c8fe,SGP,708,0.03928030492168905
2026-09-20-23-47-31,2026-09-20T21:47:34.491598+00:00,8d9a9aa0c8ad0c44a67c921a2b2b54234799c8fe,Menschliche Welt,0,0.0
2026-09-20-23-47-31,2026-09-20T21:47:34.491598+00:00,8d9a9aa0c8ad0c44a67c921a2b2b54234799c8fe,AB Spandau,0,0.0
2026-09-20-23-47-31,2026-09-20T21:47:34.491598+00:00,8d9a9aa0c8ad0c44a67c921a2b2b54234799c8fe,Ausländer für Berlin,0,0.0
2026-09-20-23-47-31,2026-09-20T21:47:34.491598+00:00,8d9a9aa0c8ad0c44a67c921a2b2b54234799c8fe,Migrants for Neukölln,0,0.0
2026-09-20-23-47-31,2026-09-20T21:47:34.491598+00:00,8d9a9aa0c8ad0c44a67c921a2b2b54234799c8fe,Berliner:innen ohne Grenzen,0,0.0
2026-09-20-23-47-31,2026-09-20T21:47:34.491598+00:00,8d9a9aa0c8ad0c44a67c921a2b2b54234799c8fe,Berlin Retten,0,0.0
2026-09-20-23-47-31,2026-09-20T21:47:34.491598+00:00,8d9a9aa0c8ad0c44a67c921a2b2b54234799c8fe,BSW,84726,4.700654116942128
2026-09-20-23-47-31,2026-09-20T21:47:34.491598+00:00,8d9a9aa0c8ad0c44a67c921a2b2b54234799c8fe,Losdemokratie,0,0.0
2026-09-20-23-47-31,2026-09-20T21:47:34.491598+00:00,8d9a9aa0c8ad0c44a67c921a2b2b54234799c8fe,MERA25,0,0.0
2026-09-20-23-47-31,2026-09-20T21:47:34.491598+00:00,8d9a9aa0c8ad0c44a67c921a2b2b54234799c8fe,PdF,5686,0.31546301382023156
2026-09-20-23-47-31,2026-09-20T21:47:34.491598+00:00,8d9a9aa0c8ad0c44a67c921a2b2b54234799c8fe,Jan Mihm: Bester Mann,0,0.0
2026-09-20-23-47-31,2026-09-20T21:47:34.491598+00:00,8d9a9aa0c8ad0c44a67c921a2b2b54234799c8fe,Demokratische Linke,0,0.0
2026-09-20-23-47-31,2026-09-20T21:47:34.491598+00:00,8d9a9aa0c8ad0c44a67c921a2b2b54234799c8fe,DIE FRAUEN,0,0.0
2026-09-20-23-56-33,2026-09-20T21:56:36.016644+00:00,c21436ae1d80757fb2081049832c5927d968f34f,CDU,338856,18.783831501177676
2026-09-20-23-56-33,2026-09-20T21:56:36.016644+00:00,c21436ae1d80757fb2081049832c5927d968f34f,SPD,219066,12.143502938230366
2026-09-20-23-56-33,2026-09-20T21:56:36.016644+00:00,c21436ae1d80757fb2081049832c5927d968f34f,GRÜNE,259324,14.375127842539012
2026-09-20-23-56-33,2026-09-20T21:56:36.016644+00:00,c21436ae1d80757fb2081049832c5927d968f34f,Die Linke,464102,25.726602944494303
2026-09-20-23-56-33,2026-09-20T21:56:36.016644+00:00,c21436ae1d80757fb2081049832c5927d968f34f,AfD,289753,16.061901010933067
2026-09-20-23-56-33,2026-09-20T21:56:36.016644+00:00,c21436ae1d80757fb2081049832c5927d968f34f,FDP,45926,2.5458195974782383
2026-09-20-23-56-33,2026-09-20T21:56:36.016644+00:00,c21436ae1d80757fb2081049832c5927d968f34f,Tierschutzpartei,38079,2.1108362246303582
2026-09-20-23-56-33,2026-09-20T21:56:36.016644+00:00,c21436ae1d80757fb2081049832c5927d968f34f,Die PARTEI,13392,0.7423597972701426
2026-09-20-23-56-33,2026-09-20T21:56:36.016644+00:00,c21436ae1d80757fb2081049832c5927d968f34f,Volt,37578,2.0830642519278237
2026-09-20-23-56-33,2026-09-20T21:56:36.016644+00:00,c21436ae1d80757fb2081049832c5927d968f34f,FREIE WÄHLER,0,0.0
2026-09-20-23-56-33,2026-09-20T21:56:36.016644+00:00,c21436ae1d80757fb2081049832c5927d968f34f,Mieterpartei,0,0.0
2026-09-20-23-56-33,2026-09-20T21:56:36.016644+00:00,c21436ae1d80757fb2081049832c5927d968f34f,Die Urbane.,1522,0.0843691466132883
2026-09-20-23-56-33,2026-09-20T21:56:36.016644+00:00,c21436ae1d80757fb2081049832c5927d968f34f,DKP,2041,0.11313891474226112
2026-09-20-23-56-33,2026-09-20T21:56:36.016644+00:00,c21436ae1d80757fb2081049832c5927d968f34f,ÖDP,2543,0.14096632052404215
2026-09-20-23-56-33,2026-09-20T21:56:36.016644+00:00,c21436ae1d80757fb2081049832c5927d968f34f,Die Heimat,519,0.02876976812897282
2026-09-20-23-56-33,2026-09-20T21:56:36.016644+00:00,c21436ae1d80757fb2081049832c5927d968f34f,bergpartei,80,0.004434646339726061
2026-09-20-23-56-33,2026-09-20T21:56:36.016644+00:00,c21436ae1d80757fb2081049832c5927d968f34f,SGP,708,0.03924662010657564
2026-09-20-23-56-33,2026-09-20T21:56:36.016644+00:00,c21436ae1d80757fb2081049832c5927d968f34f,Menschliche Welt,0,0.0
2026-09-20-23-56-33,2026-09-20T21:56:36.016644+00:00,c21436ae1d80757fb2081049832c5927d968f34f,AB Spandau,0,0.0
2026-09-20-23-56-33,2026-09-20T21:56:36.016644+00:00,c21436ae1d80757fb2081049832c5927d968f34f,Ausländer für Berlin,0,0.0
2026-09-20-23-56-33,2026-09-20T21:56:36.016644+00:00,c21436ae1d80757fb2081049832c5927d968f34f,Migrants for Neukölln,0,0.0
2026-09-20-23-56-33,2026-09-20T21:56:36.016644+00:00,c21436ae1d80757fb2081049832c5927d968f34f,Berliner:innen ohne Grenzen,0,0.0
2026-09-20-23-56-33,2026-09-20T21:56:36.016644+00:00,c21436ae1d80757fb2081049832c5927d968f34f,Berlin Retten,0,0.0
2026-09-20-23-56-33,2026-09-20T21:56:36.016644+00:00,c21436ae1d80757fb2081049832c5927d968f34f,BSW,84798,4.700614253951131
2026-09-20-23-56-33,2026-09-20T21:56:36.016644+00:00,c21436ae1d80757fb2081049832c5927d968f34f,Losdemokratie,0,0.0
2026-09-20-23-56-33,2026-09-20T21:56:36.016644+00:00,c21436ae1d80757fb2081049832c5927d968f34f,MERA25,0,0.0
2026-09-20-23-56-33,2026-09-20T21:56:36.016644+00:00,c21436ae1d80757fb2081049832c5927d968f34f,PdF,5690,0.3154142209130161
2026-09-20-23-56-33,2026-09-20T21:56:36.016644+00:00,c21436ae1d80757fb2081049832c5927d968f34f,Jan Mihm: Bester Mann,0,0.0
2026-09-20-23-56-33,2026-09-20T21:56:36.016644+00:00,c21436ae1d80757fb2081049832c5927d968f34f,Demokratische Linke,0,0.0
2026-09-20-23-56-33,2026-09-20T21:56:36.016644+00:00,c21436ae1d80757fb2081049832c5927d968f34f,DIE FRAUEN,0,0.0
2026-09-21-00-02-03,2026-09-20T22:02:06.433854+00:00,032823f98266fe9335e641c08f6696644f5723c3,CDU,338953,18.78032834117341
2026-09-21-00-02-03,2026-09-20T22:02:06.433854+00:00,032823f98266fe9335e641c08f6696644f5723c3,SPD,219154,12.142639472969753
2026-09-21-00-02-03,2026-09-20T22:02:06.433854+00:00,032823f98266fe9335e641c08f6696644f5723c3,GRÜNE,259346,14.369552811068079
2026-09-21-00-02-03,2026-09-20T22:02:06.433854+00:00,032823f98266fe9335e641c08f6696644f5723c3,Die Linke,464265,25.723475341167866
2026-09-21-00-02-03,2026-09-20T22:02:06.433854+00:00,032823f98266fe9335e641c08f6696644f5723c3,AfD,290131,16.075253624995153
2026-09-21-00-02-03,2026-09-20T22:02:06.433854+00:00,032823f98266fe9335e641c08f6696644f5723c3,FDP,45933,2.5450042386263525
2026-09-21-00-02-03,2026-09-20T22:02:06.433854+00:00,032823f98266fe9335e641c08f6696644f5723c3,Tierschutzpartei,38104,2.1112237717679783
2026-09-21-00-02-03,2026-09-20T22:02:06.433854+00:00,032823f98266fe9335e641c08f6696644f5723c3,Die PARTEI,13397,0.7422859770726329
2026-09-21-00-02-03,2026-09-20T22:02:06.433854+00:00,032823f98266fe9335e641c08f6696644f5723c3,Volt,37587,2.0825784145875237
2026-09-21-00-02-03,2026-09-20T22:02:06.433854+00:00,032823f98266fe9335e641c08f6696644f5723c3,FREIE WÄHLER,0,0.0
2026-09-21-00-02-03,2026-09-20T22:02:06.433854+00:00,032823f98266fe9335e641c08f6696644f5723c3,Mieterpartei,0,0.0
2026-09-21-00-02-03,2026-09-20T22:02:06.433854+00:00,032823f98266fe9335e641c08f6696644f5723c3,Die Urbane.,1522,0.08432927200899808
2026-09-21-00-02-03,2026-09-20T22:02:06.433854+00:00,032823f98266fe9335e641c08f6696644f5723c3,DKP,2044,0.1132516635915848
2026-09-21-00-02-03,2026-09-20T22:02:06.433854+00:00,032823f98266fe9335e641c08f6696644f5723c3,ÖDP,2543,0.14089969692436408
2026-09-21-00-02-03,2026-09-20T22:02:06.433854+00:00,032823f98266fe9335e641c08f6696644f5723c3,Die Heimat,519,0.02875617094130749
2026-09-21-00-02-03,2026-09-20T22:02:06.433854+00:00,032823f98266fe9335e641c08f6696644f5723c3,bergpartei,80,0.004432550434112908
2026-09-21-00-02-03,2026-09-20T22:02:06.433854+00:00,032823f98266fe9335e641c08f6696644f5723c3,SGP,708,0.039228071341899234
2026-09-21-00-02-03,2026-09-20T22:02:06.433854+00:00,032823f98266fe9335e641c08f6696644f5723c3,Menschliche Welt,0,0.0
2026-09-21-00-02-03,2026-09-20T22:02:06.433854+00:00,032823f98266fe9335e641c08f6696644f5723c3,AB Spandau,0,0.0
2026-09-21-00-02-03,2026-09-20T22:02:06.433854+00:00,032823f98266fe9335e641c08f6696644f5723c3,Ausländer für Berlin,0,0.0
2026-09-21-00-02-03,2026-09-20T22:02:06.433854+00:00,032823f98266fe9335e641c08f6696644f5723c3,Migrants for Neukölln,0,0.0
2026-09-21-00-02-03,2026-09-20T22:02:06.433854+00:00,032823f98266fe9335e641c08f6696644f5723c3,Berliner:innen ohne Grenzen,0,0.0
2026-09-21-00-02-03,2026-09-20T22:02:06.433854+00:00,032823f98266fe9335e641c08f6696644f5723c3,Berlin Retten,0,0.0
2026-09-21-00-02-03,2026-09-20T22:02:06.433854+00:00,032823f98266fe9335e641c08f6696644f5723c3,BSW,84854,4.701495431702709
2026-09-21-00-02-03,2026-09-20T22:02:06.433854+00:00,032823f98266fe9335e641c08f6696644f5723c3,Losdemokratie,0,0.0
2026-09-21-00-02-03,2026-09-20T22:02:06.433854+00:00,032823f98266fe9335e641c08f6696644f5723c3,MERA25,0,0.0
2026-09-21-00-02-03,2026-09-20T22:02:06.433854+00:00,032823f98266fe9335e641c08f6696644f5723c3,PdF,5690,0.3152651496262806
2026-09-21-00-02-03,2026-09-20T22:02:06.433854+00:00,032823f98266fe9335e641c08f6696644f5723c3,Jan Mihm: Bester Mann,0,0.0
2026-09-21-00-02-03,2026-09-20T22:02:06.433854+00:00,032823f98266fe9335e641c08f6696644f5723c3,Demokratische Linke,0,0.0
2026-09-21-00-02-03,2026-09-20T22:02:06.433854+00:00,032823f98266fe9335e641c08f6696644f5723c3,DIE FRAUEN,0,0.0
