ags,name,kreis,valid_second_votes,eligible_voters,voters,F1_votes,F1_share,F10_votes,F10_share,F11_votes,F11_share,F12_votes,F12_share,F15_votes,F15_share,F19_votes,F19_share,F2_votes,F2_share,F20_votes,F20_share,F3_votes,F3_share,F4_votes,F4_share,F5_votes,F5_share,F6_votes,F6_share,F7_votes,F7_share,F8_votes,F8_share,F9_votes,F9_share,population_2025,male_2025,female_2025,age65_share,age18_29_share,male_share,log_population,ars_2026q2,register_name,area_km2,population_2024,longitude,latitude,urban_class,urban_class_name,is_city,density_2025,log_density,population_change_2024_25,turnout,census_ars,census_population,foreign_citizenship_share,single_household_share,owner_occupancy_share,vacancy_share,rent_eur_m2,abitur_share,no_vocational_qualification_share,ilo_unemployment_share,manufacturing_share
15001000,"Dessau-Roßlau, Stadt",15001,46610,61152,47083,8551,18.345848530358293,230,0.49345633984123577,120,0.25745548165629695,259,0.5556747479081742,2963,6.357004934563398,63,0.1351641278695559,18134,38.90581420296074,167,0.3582922119716799,3953,8.481012658227849,4709,10.10298219266252,1452,3.115211328041193,4937,10.592147607809483,455,0.9761853679467926,52,0.111564042051062,565,1.2121862261317313,75035,35892,39143,32.89131738522023,10.0419804091424,47.833677617112016,11.22570995033009,150010000000,"Dessau-Roßlau, Stadt",245.78,75402.0,12.245715,51.834703,02,mittlere Besiedlungsdichte,True,305.29335177801283,5.7212731234736385,-0.48672449006658125,76.99339351125066,150010000000,75938.0,6.754194211066923,48.33629787738646,34.5,12.49,5.48,25.20225919706915,16.211265455655624,6.968145620022753,18.6487312748395
15002000,"Halle (Saale), Stadt",15002,133423,174904,134559,18609,13.94737039341043,557,0.4174692519280784,430,0.32228326450462064,621,0.46543699362178936,6580,4.93168344288466,233,0.17463255960366653,39835,29.856171724515264,502,0.37624697391004547,15263,11.439556897986105,16841,12.622261529121666,3831,2.871319037946981,27558,20.654609774926364,1041,0.7802252984867677,204,0.15289717664870375,1318,0.9878356805048605,226186,109350,116836,24.486042460629747,17.209730045184052,48.34516725173088,12.329112948617903,150020000000,"Halle (Saale), Stadt",135.56,226767.0,11.970666,51.482478,01,dicht besiedelt,True,1668.5305399822955,7.419698601879052,-0.25621011875626154,76.93306042171706,150020000000,226586.0,11.201486411340506,54.8552552180842,16.8,7.74,5.92,38.65572735878826,23.34595561165457,8.126349892008639,9.334900577921442
15003000,"Magdeburg, Landeshauptstadt",15003,138521,176179,139563,21221,15.319698818229726,1921,1.3867933381942088,419,0.302481212234968,1129,0.8150388749720259,7104,5.128464276174731,233,0.16820554284187958,45161,32.60227691108207,697,0.5031728041235625,15313,11.054641534496575,16728,12.0761472989655,4016,2.899199399369049,22368,16.14773211282044,770,0.5558723947993445,191,0.13788523039827896,1250,0.9023902512976372,244494,121550,122944,24.5470236488421,16.707567465868284,49.71492142956473,12.406946047718655,150030000000,"Magdeburg, Landeshauptstadt",201.68,244329.0,11.632726,52.126248,01,dicht besiedelt,True,1212.2867909559698,7.100263764838991,0.06753189347150634,79.21659221587136,150030000000,241517.0,11.068786048187084,52.195894454316324,18.38,6.66,5.75,35.07127514157391,22.036711579769577,8.672743999330935,11.941391941391942
15081026,"Apenburg-Winterfeld, Flecken",15081,1054,1315,1069,179,16.98292220113852,5,0.47438330170777987,3,0.2846299810246679,3,0.2846299810246679,69,6.546489563567363,2,0.18975332068311196,495,46.963946869070206,1,0.09487666034155598,80,7.590132827324478,112,10.62618595825427,31,2.9411764705882355,61,5.787476280834914,5,0.47438330170777987,1,0.09487666034155598,7,0.6641366223908919,1629,828,801,25.414364640883978,8.655616942909761,50.828729281767956,7.395721608602045,150815051026,"Apenburg-Winterfeld, Flecken",59.38,1652.0,11.203595,52.708386,03,gering besiedelt,False,27.433479285954867,3.3117641392664314,-1.3922518159806274,81.29277566539923,150815051026,1684.0,2.672209026128266,32.348993288590606,76.64,6.17,4.31,,,,
15081030,"Arendsee (Altmark), Stadt",15081,4200,5337,4246,771,18.357142857142858,15,0.35714285714285715,19,0.4523809523809524,18,0.42857142857142855,224,5.333333333333333,7,0.16666666666666666,1838,43.76190476190476,17,0.40476190476190477,439,10.452380952380953,367,8.738095238095237,141,3.357142857142857,252,6.0,40,0.9523809523809523,15,0.35714285714285715,37,0.8809523809523809,6188,3070,3118,29.945054945054945,7.934712346477053,49.612152553329025,8.730367211692958,150810030030,"Arendsee (Altmark), Stadt",271.13,6232.0,11.489149,52.881825,03,gering besiedelt,True,22.823000036882675,3.1277688010377713,-0.7060333761232385,79.55780400974331,150810030030,6486.0,3.1914893617021276,37.94440853264383,67.63,8.46,4.63,,,,
15081045,Beetzendorf,15081,1875,2442,1890,315,16.8,7,0.37333333333333335,10,0.5333333333333333,6,0.32,103,5.493333333333333,4,0.21333333333333335,751,40.053333333333335,5,0.26666666666666666,188,10.026666666666667,188,10.026666666666667,39,2.08,218,11.626666666666667,18,0.96,9,0.48,14,0.7466666666666667,2870,1415,1455,27.735191637630663,7.351916376306621,49.30313588850174,7.962067308753666,150815051045,Beetzendorf,98.34,2913.0,11.089028,52.7,03,gering besiedelt,False,29.18446207036811,3.3736364467698734,-1.4761414349467872,77.39557739557739,150815051045,3017.0,1.193238316208154,38.54625550660793,64.17,8.88,4.57,,,,
15081095,Dähre,15081,891,1125,899,169,18.967452300785634,0,0.0,3,0.3367003367003367,0,0.0,52,5.836139169472503,3,0.3367003367003367,369,41.41414141414141,0,0.0,85,9.539842873176207,93,10.437710437710438,32,3.591470258136925,77,8.641975308641975,5,0.5611672278338945,1,0.1122334455667789,2,0.2244668911335578,1302,664,638,27.956989247311828,7.8341013824884795,50.99846390168971,7.171656822768514,150815051095,Dähre,79.22,1311.0,10.908302,52.800712,03,gering besiedelt,False,16.435243625347134,2.799428030574744,-0.6864988558352381,79.91111111111111,150815051095,1375.0,2.909090909090909,34.62132921174652,74.66,8.22,4.06,,,,
15081105,"Diesdorf, Flecken",15081,1442,1802,1453,282,19.55617198335645,2,0.13869625520110956,7,0.4854368932038835,8,0.5547850208044383,72,4.993065187239944,3,0.20804438280166435,595,41.262135922330096,2,0.13869625520110956,124,8.599167822468793,156,10.818307905686547,36,2.496532593619972,121,8.39112343966713,15,1.0402219140083218,6,0.4160887656033287,13,0.9015256588072122,2078,995,1083,29.25890279114533,7.025986525505293,47.88257940327238,7.639161171659173,150815051105,"Diesdorf, Flecken",101.04,2101.0,10.876032,52.752205,03,gering besiedelt,False,20.566112430720505,3.0236446936169368,-1.094716801523088,80.63263041065483,150815051105,2165.0,2.678983833718245,33.63914373088685,72.84,7.29,4.73,,,,
15081135,"Gardelegen, Hansestadt",15081,13705,17566,13849,2369,17.2856621670923,84,0.6129149945275447,56,0.4086099963516965,78,0.5691353520612915,754,5.501641736592484,32,0.2334914264866837,5780,42.174388909157244,50,0.36483035388544327,1245,9.084275811747537,1548,11.295147756293323,439,3.203210507114192,986,7.194454578620941,121,0.8828894564027727,17,0.12404232032105071,146,1.0653046333454943,21661,10770,10891,27.814966991366973,9.274733391810166,49.72069618207839,9.983268687540978,150810135135,"Gardelegen, Hansestadt",636.27,21822.0,11.394214,52.524469,03,gering besiedelt,True,34.04372357646911,3.5276456859856133,-0.7377875538447487,78.83980416714107,150810135135,22076.0,3.69632179742707,39.58683866143204,54.83,6.73,4.81,19.46524064171123,20.21390374331551,5.485611510791367,23.78686964795433
15081225,Jübar,15081,1037,1230,1044,172,16.586306653809064,6,0.5785920925747348,3,0.2892960462873674,5,0.4821600771456123,44,4.243008678881389,2,0.19286403085824494,532,51.301832208293156,0,0.0,78,7.521697203471552,80,7.714561234329797,22,2.1215043394406945,68,6.557377049180328,12,1.1571841851494695,2,0.19286403085824494,11,1.0607521697203472,1505,754,751,24.78405315614618,8.106312292358805,50.09966777408638,7.316548177182976,150815051225,Jübar,71.15,1508.0,10.907754,52.688922,03,gering besiedelt,False,21.152494729444832,3.0517578526471145,-0.19893899204244114,84.8780487804878,150815051225,1543.0,0.9721322099805574,31.686046511627907,77.47,7.79,4.17,,,,
15081240,"Kalbe (Milde), Stadt",15081,4562,5865,4600,828,18.149934239368697,14,0.30688294607628236,21,0.4603244191144235,18,0.394563787812363,274,6.006137658921526,5,0.10960105217010083,2000,43.84042086804033,18,0.394563787812363,439,9.622972380534852,416,9.118807540552389,121,2.65234546251644,320,7.014467338886453,36,0.789127575624726,9,0.1972818939061815,43,0.9425690486628672,6922,3518,3404,29.42791100837908,8.003467206009823,50.82346142733314,8.84246002419529,150810240240,"Kalbe (Milde), Stadt",273.63,6976.0,11.389156,52.656091,03,gering besiedelt,True,25.29693381573658,3.230683195335113,-0.7740825688073438,78.43137254901961,150810240240,7209.0,1.8865307254820363,37.24219210371243,67.22,10.72,4.23,,,,
15081280,"Klötze, Stadt",15081,6288,7954,6354,1201,19.099872773536894,38,0.6043256997455471,35,0.556615776081425,36,0.5725190839694656,324,5.152671755725191,14,0.22264631043256997,2520,40.0763358778626,15,0.2385496183206107,598,9.510178117048346,746,11.863867684478372,178,2.830788804071247,460,7.315521628498728,69,1.0973282442748091,9,0.1431297709923664,45,0.7156488549618321,9609,4767,4842,28.77510667082943,8.4920387137059,49.60974086793631,9.170455438277267,150810280280,"Klötze, Stadt",279.54,9699.0,11.161472,52.626213,03,gering besiedelt,True,34.37432925520498,3.5373100432205073,-0.9279307145066529,79.88433492582348,150810280280,9790.0,1.9816138917262514,38.317953020134226,62.07,8.01,4.82,,,,
15081290,Kuhfelde,15081,700,857,708,129,18.428571428571427,3,0.42857142857142855,5,0.7142857142857143,6,0.8571428571428571,39,5.571428571428571,2,0.2857142857142857,332,47.42857142857143,1,0.14285714285714285,51,7.285714285714286,46,6.571428571428571,17,2.4285714285714284,57,8.142857142857142,11,1.5714285714285714,0,0.0,1,0.14285714285714285,1002,496,506,27.14570858283433,8.183632734530939,49.50099800399202,6.90975328164481,150815051290,Kuhfelde,45.82,1023.0,11.114595,52.785222,03,gering besiedelt,False,21.868179834133567,3.0850326046194607,-2.052785923753664,82.61376896149358,150815051290,1046.0,2.7724665391969405,28.634361233480178,74.89,7.77,4.14,,,,
15081440,Rohrberg,15081,679,820,686,118,17.378497790868924,3,0.4418262150220913,2,0.29455081001472755,4,0.5891016200294551,36,5.3019145802650955,0,0.0,340,50.07363770250368,0,0.0,44,6.480117820324006,49,7.216494845360825,8,1.1782032400589102,59,8.689248895434462,5,0.7363770250368189,1,0.14727540500736377,10,1.4727540500736378,958,460,498,26.826722338204593,7.828810020876826,48.01670146137787,6.86484777797086,150815051440,Rohrberg,38.36,964.0,11.039679,52.70737,03,gering besiedelt,False,24.973931178310742,3.2178325279556232,-0.6224066390041472,83.65853658536585,150815051440,1012.0,1.1857707509881423,31.385281385281385,80.26,9.9,3.89,,,,
15081455,"Salzwedel, Hansestadt",15081,13506,17928,13649,2232,16.525988449577966,58,0.429438767954983,52,0.3850140678217089,51,0.37760995113282986,765,5.664149266992448,17,0.1258699837109433,5393,39.93040130312454,32,0.23693173404412854,1639,12.135347253072709,1482,10.972900932918703,346,2.5618243743521396,1109,8.21116540796683,141,1.0439804531319414,71,0.5256922849104102,118,0.873685769287724,22924,11300,11624,29.048159134531495,10.739835979759205,49.29331704763567,10.039939675671627,150810455455,"Salzwedel, Hansestadt",306.15,22964.0,11.153862,52.852801,02,mittlere Besiedlungsdichte,True,74.87832761718113,4.315864497747665,-0.17418568193694473,76.13230700580098,150810455455,22915.0,6.986689941086625,44.858065612782596,41.49,9.76,4.92,20.74882995319813,18.096723868954758,7.9335793357933575,19.238476953907817
15081545,Wallstawe,15081,565,685,573,93,16.460176991150444,1,0.17699115044247787,0,0.0,1,0.17699115044247787,23,4.070796460176991,2,0.35398230088495575,262,46.3716814159292,5,0.8849557522123894,38,6.725663716814159,46,8.141592920353983,20,3.5398230088495577,62,10.973451327433628,10,1.7699115044247788,0,0.0,2,0.35398230088495575,812,405,407,25.738916256157637,7.266009852216749,49.87684729064039,6.699500340161678,150815051545,Wallstawe,44.42,815.0,11.019325,52.796637,03,gering besiedelt,False,18.280054029716343,2.9058105216953964,-0.36809815950920033,83.64963503649635,150815051545,841.0,2.7348394768133173,25.348189415041784,82.37,12.47,3.94,,,,
15082005,"Aken (Elbe), Stadt",15082,4635,5982,4692,836,18.036677454153182,25,0.5393743257820928,7,0.15102481121898598,29,0.6256742179072277,262,5.652642934196332,3,0.06472491909385113,2181,47.055016181229774,10,0.21574973031283712,372,8.025889967637541,357,7.702265372168285,195,4.207119741100324,247,5.329018338727076,54,1.1650485436893203,5,0.10787486515641856,52,1.121898597626753,7050,3441,3609,33.09219858156028,7.418439716312057,48.808510638297875,8.860782895806315,150820005005,"Aken (Elbe), Stadt",59.99,7153.0,12.043952,51.852549,02,mittlere Besiedlungsdichte,True,117.51958659776629,4.766605014141312,-1.439955263525794,78.43530591775325,150820005005,7339.0,2.302766044420221,40.49934296977661,61.18,10.57,4.53,,,,
15082015,"Bitterfeld-Wolfen, Stadt",15082,21421,29422,21641,3589,16.75458662060595,98,0.4574949815601512,58,0.2707623360253956,119,0.5555296204658979,1031,4.813033938658326,27,0.12604453573596003,10517,49.09668082722562,76,0.35479202651603564,1780,8.309602726296625,1721,8.03417207413286,454,2.119415526819476,1310,6.115494141263246,346,1.615237383875636,12,0.056019793660426684,283,1.3211334671583959,36186,17571,18615,31.666943016636267,10.056375393798707,48.557453158680154,10.496427582679042,150820015015,"Bitterfeld-Wolfen, Stadt",87.23,36592.0,12.325417,51.625079,02,mittlere Besiedlungsdichte,True,414.83434598188694,6.027879274233914,-1.1095321381722756,73.55380327645979,150820015015,36552.0,6.656270518713066,49.31832829309405,31.35,13.95,5.5,19.76634038522261,20.20839911588254,8.1002331002331,24.223208623969562
15082180,"Köthen (Anhalt), Stadt",15082,14180,19393,14336,2564,18.081805359661494,82,0.5782792665726375,29,0.20451339915373765,99,0.6981664315937941,733,5.169252468265162,17,0.11988716502115655,6504,45.867418899858954,52,0.36671368124118475,1382,9.746121297602256,1105,7.792665726375176,433,3.0535966149506346,868,6.1212976022567,141,0.9943582510578279,15,0.10578279266572638,156,1.1001410437235544,23831,11720,12111,30.103646510847216,13.20129243422433,49.17963996475179,10.078742533123364,150820180180,"Köthen (Anhalt), Stadt",77.85,24110.0,11.973406,51.751224,02,mittlere Besiedlungsdichte,True,306.11432241490047,5.723958634843357,-1.1571961841559508,73.92358067343886,150820180180,24166.0,7.9450467599106185,51.14895515728415,30.15,10.09,5.1,26.067961165048544,22.815533980582526,9.470752089136491,14.461538461538462
15082241,Muldestausee,15082,7909,9678,7990,1446,18.282968769755975,41,0.518396763181186,20,0.252876469844481,52,0.6574788215956505,402,5.082817043874067,18,0.22758882286003287,3877,49.02010367935264,20,0.252876469844481,537,6.789733215324314,506,6.397774687065368,247,3.12302440257934,519,6.5621443924642815,103,1.302313819699077,10,0.1264382349222405,111,1.4034644076368694,11435,5601,5834,31.30738959335374,6.655006558810669,48.9811980760822,9.344434106456882,150820241241,Muldestausee,138.36,11540.0,12.400587,51.624029,03,gering besiedelt,False,82.64671870482798,4.414575122387913,-0.9098786828422911,82.5583798305435,150820241241,11625.0,1.6258064516129032,31.99426111908178,76.81,5.42,5.79,20.492610837438423,11.231527093596059,,17.01388888888889
15082256,Osternienburger Land,15082,5345,6815,5424,997,18.652946679139383,16,0.2993451824134705,21,0.3928905519176801,30,0.5612722170252572,280,5.238540692235734,9,0.16838166510757718,2774,51.898971000935454,23,0.4303086997193639,428,8.007483629560337,271,5.070159027128157,167,3.124415341440599,207,3.872778297474275,53,0.9915809167446211,8,0.14967259120673526,61,1.1412535079513564,7880,3976,3904,28.730964467005077,7.220812182741117,50.45685279187817,8.972083182851925,150820256256,Osternienburger Land,139.39,7928.0,12.026166,51.792189,03,gering besiedelt,False,56.53203242700338,4.03480742311013,-0.6054490413723523,79.58914159941305,150820256256,8121.0,0.9358453392439354,31.300376141859214,79.58,6.85,4.51,,,,
15082301,"Raguhn-Jeßnitz, Stadt",15082,6141,7408,6200,896,14.590457580198665,34,0.5536557563914671,9,0.14655593551538837,33,0.537371763556424,328,5.341149649894154,9,0.14655593551538837,3510,57.156814851001464,20,0.325679856700863,368,5.992509363295881,327,5.324865657059111,146,2.3774629539163,303,4.934049829018075,72,1.172447484123107,5,0.08141996417521576,81,1.3190034196384954,8614,4162,4452,29.35918272579522,8.312050150917111,48.31669375435338,9.061144065614055,150820301301,"Raguhn-Jeßnitz, Stadt",97.83,8702.0,12.268773,51.708263,03,gering besiedelt,True,88.05070019421446,4.477912787144718,-1.0112617789014067,83.69330453563715,150820301301,8818.0,1.3495123610796098,34.21545667447307,69.99,7.28,5.21,,,,
15082340,"Sandersdorf-Brehna, Stadt",15082,9513,11898,9619,1650,17.344686218858403,35,0.36791758646063283,31,0.32586986229370335,61,0.6412277935456744,457,4.803952486071691,17,0.17870282770945023,4616,48.5230736886366,24,0.2522863450015768,692,7.274256280878798,725,7.6211500052559655,278,2.922316829601598,556,5.844633659203196,217,2.2810890360559233,15,0.1576789656259855,139,1.461158414800799,14012,6735,7277,30.488153011704252,8.000285469597488,48.0659434770197,9.547669384317377,150820340340,"Sandersdorf-Brehna, Stadt",82.16,14130.0,12.212601,51.557318,03,gering besiedelt,True,170.54527750730284,5.139000818697075,-0.8351026185421051,80.84552025550512,150820340340,14129.0,3.255715195696794,40.905971173644474,55.05,9.38,5.6,21.53846153846154,15.951417004048583,4.6875,22.801788375558868
15082377,"Südliches Anhalt, Stadt",15082,8523,10597,8624,1517,17.798897101959405,31,0.36372169423911765,16,0.18772732605889944,40,0.46931831514724864,415,4.8691775196527045,16,0.18772732605889944,4496,52.751378622550746,17,0.19946028393758067,710,8.330400093863663,486,5.70221752903907,205,2.4052563651296492,377,4.4233251202628185,105,1.2319605772615276,7,0.08213070515076851,85,0.9973014196879033,12778,6454,6324,29.323837846298325,7.732039442792299,50.508686805446864,9.455480221162288,150820377377,"Südliches Anhalt, Stadt",193.41,12857.0,12.072808,51.672095,03,gering besiedelt,True,66.0669045033866,4.1906679331716505,-0.6144512716807937,81.3815230725677,150820377377,13067.0,1.8290349735976124,31.85464069405795,72.24,7.98,4.64,17.548500881834215,15.961199294532628,6.646525679758308,19.741100323624597
15082430,"Zerbst/Anhalt, Stadt",15082,12713,16392,12842,2381,18.728860221820185,69,0.542751514198065,29,0.22811295524266498,55,0.432628018563675,711,5.592700385432234,23,0.18091717139935498,6009,47.266577519074964,47,0.36970030677259497,936,7.36254227955636,1105,8.691890191142924,295,2.320459372296075,699,5.498308817745615,206,1.6203885786203098,13,0.102257531660505,135,1.061905136474475,20779,10197,10582,29.775253862072283,8.696279897973916,49.07358390682901,9.94169814029988,150820430430,"Zerbst/Anhalt, Stadt",470.91,21124.0,12.085469,51.964039,02,mittlere Besiedlungsdichte,True,44.12520439149731,3.787031147344655,-1.6332134065517923,78.34309419228892,150820430430,21173.0,7.618192981627544,42.87549316451051,49.06,9.27,4.79,20.78559738134206,19.749045280960175,6.15530303030303,23.511604439959637
15082440,"Zörbig, Stadt",15082,6061,7502,6133,1214,20.029698069625475,25,0.4124731892426992,11,0.18148820326678766,29,0.4784688995215311,310,5.11466754660947,15,0.24748391354561952,2940,48.50684705494143,8,0.13199142055766375,341,5.626134301270417,422,6.962547434416763,151,2.4913380630259034,346,5.708628939118957,192,3.16779409338393,6,0.09899356541824782,51,0.8414453060551064,8787,4328,4459,29.179469671105043,7.636280869466257,49.25458063047684,9.081028635495842,150820440440,"Zörbig, Stadt",114.31,8899.0,12.122807,51.628453,03,gering besiedelt,True,76.8699151430321,4.342114579458156,-1.2585683784694934,81.75153292455346,150820440440,9069.0,1.9406770316462676,33.333333333333336,69.45,6.99,5.12,,,,
15083020,Altenhausen,15083,690,847,695,122,17.681159420289855,8,1.1594202898550725,4,0.5797101449275363,4,0.5797101449275363,39,5.6521739130434785,0,0.0,314,45.507246376811594,1,0.14492753623188406,60,8.695652173913043,69,10.0,13,1.8840579710144927,40,5.797101449275362,5,0.7246376811594203,3,0.43478260869565216,8,1.1594202898550725,967,499,468,30.816959669079626,6.204756980351603,51.6028955532575,6.874198495453294,150835052020,Altenhausen,43.38,967.0,11.253666,52.261877,03,gering besiedelt,False,22.291378515444904,3.104199990054566,0.0,82.0543093270366,150835052020,1022.0,0.9784735812133072,30.434782608695652,80.24,8.69,4.24,,,,
15083025,Am Großen Bruch,15083,1336,1646,1349,261,19.535928143712574,11,0.8233532934131736,2,0.1497005988023952,4,0.2994011976047904,63,4.7155688622754495,1,0.0748502994011976,712,53.293413173652695,0,0.0,73,5.4640718562874255,102,7.634730538922156,38,2.844311377245509,38,2.844311377245509,19,1.4221556886227544,1,0.0748502994011976,11,0.8233532934131736,1988,1028,960,27.665995975855132,7.344064386317908,51.7102615694165,7.59488438721652,150835054025,Am Großen Bruch,50.48,2043.0,11.087054,52.06203,03,gering besiedelt,False,39.38193343898574,3.6733071689835617,-2.6921194322075404,81.95625759416768,150835054025,2064.0,1.695736434108527,29.393305439330543,74.4,8.54,4.13,,,,
15083030,Angern,15083,1327,1572,1342,235,17.709118311981914,8,0.6028636021100227,2,0.15071590052750566,2,0.15071590052750566,102,7.6865109269027885,1,0.07535795026375283,597,44.98869630746044,5,0.37678975131876413,120,9.04295403165034,95,7.1590052750565185,32,2.4114544084400906,100,7.535795026375283,17,1.281085154483798,2,0.15071590052750566,9,0.6782215523737755,1890,927,963,28.14814814814815,8.677248677248677,49.04761904761905,7.5443321080536885,150835051030,Angern,64.5,1881.0,11.734487,52.358478,03,gering besiedelt,False,29.302325581395348,3.377666884251961,0.4784688995215225,85.36895674300254,150835051030,1961.0,2.1927587965323814,33.51063829787234,69.69,8.52,4.58,,,,
15083035,Ausleben,15083,1045,1327,1050,151,14.44976076555024,23,2.200956937799043,3,0.28708133971291866,4,0.3827751196172249,35,3.349282296650718,1,0.09569377990430622,587,56.17224880382775,1,0.09569377990430622,71,6.794258373205742,72,6.889952153110048,27,2.583732057416268,33,3.1578947368421053,25,2.3923444976076556,0,0.0,12,1.1483253588516746,1553,784,769,27.30199613650998,8.435286542176433,50.48293625241468,7.347943823148687,150835054035,Ausleben,33.51,1576.0,11.114198,52.089985,03,gering besiedelt,False,46.344374813488514,3.836099921399468,-1.4593908629441654,79.12584777694046,150835054035,1581.0,1.075268817204301,34.58950201884253,64.84,10.64,4.54,,,,
15083040,Barleben,15083,6480,7583,6534,1213,18.719135802469136,39,0.6018518518518519,11,0.1697530864197531,40,0.6172839506172839,360,5.555555555555555,11,0.1697530864197531,2730,42.129629629629626,33,0.5092592592592593,473,7.299382716049383,604,9.320987654320987,213,3.287037037037037,585,9.027777777777779,89,1.373456790123457,2,0.030864197530864196,77,1.1882716049382716,9170,4422,4748,28.21155943293348,7.088331515812432,48.22246455834242,9.123692565250511,150830040040,Barleben,29.81,9137.0,11.620091,52.199761,02,mittlere Besiedlungsdichte,False,307.6148943307615,5.728848657560531,0.3611688738097918,86.16642489779771,150830040040,9124.0,2.0604997807978958,31.53153153153153,59.66,3.94,6.29,,,,
15083060,Beendorf,15083,517,675,523,96,18.568665377176014,1,0.19342359767891681,3,0.5802707930367504,5,0.9671179883945842,36,6.963249516441006,0,0.0,258,49.90328820116054,1,0.19342359767891681,31,5.996131528046422,41,7.93036750483559,10,1.9342359767891684,23,4.448742746615087,9,1.7408123791102514,1,0.19342359767891681,2,0.38684719535783363,805,406,399,26.459627329192546,10.559006211180124,50.43478260869565,6.690842277418564,150835052060,Beendorf,6.84,803.0,11.085883,52.242316,03,gering besiedelt,False,117.69005847953217,4.768054545784104,0.24906600249066102,77.48148148148148,150835052060,791.0,1.8963337547408343,35.02824858757062,57.97,12.77,4.72,,,,
15083115,Bülstringen,15083,593,700,600,127,21.41652613827993,1,0.16863406408094436,2,0.3372681281618887,6,1.0118043844856661,29,4.8903878583473865,1,0.16863406408094436,276,46.54300168634064,0,0.0,32,5.39629005059022,61,10.286677908937605,20,3.372681281618887,20,3.372681281618887,11,1.854974704890388,1,0.16863406408094436,6,1.0118043844856661,870,423,447,26.666666666666668,7.011494252873563,48.62068965517241,6.76849321164863,150835052115,Bülstringen,25.4,879.0,11.347652,52.320144,03,gering besiedelt,False,34.25196850393701,3.5337440376241385,-1.0238907849829393,85.71428571428571,150835052115,858.0,2.6806526806526807,26.861702127659573,84.43,3.79,5.03,,,,
15083120,Burgstall,15083,1011,1201,1028,166,16.419386745796242,5,0.49455984174085066,2,0.19782393669634027,3,0.29673590504451036,71,7.022749752720079,1,0.09891196834817013,527,52.12660731948566,4,0.39564787339268054,62,6.132542037586548,78,7.71513353115727,27,2.6706231454005933,51,5.044510385756676,5,0.49455984174085066,1,0.09891196834817013,8,0.7912957467853611,1440,691,749,31.666666666666668,6.805555555555555,47.986111111111114,7.272398392570047,150835051120,Burgstall,116.83,1480.0,11.697357,52.407425,03,gering besiedelt,False,12.325601301035693,2.5116785058409894,-2.7027027027026973,85.59533721898418,150835051120,1477.0,2.0988490182802977,31.755725190839694,79.27,7.7,4.6,,,,
15083125,Calvörde,15083,2133,2731,2155,404,18.940459446788562,13,0.6094702297233943,10,0.46882325363338023,10,0.46882325363338023,135,6.329113924050633,3,0.14064697609001406,1006,47.16361931551805,11,0.5157055789967182,166,7.782466010314112,174,8.157524613220815,42,1.969057665260197,107,5.0164088138771685,22,1.0314111579934364,3,0.14064697609001406,27,1.2658227848101267,3141,1585,1556,29.703915950334288,7.163323782234957,50.46163642152181,8.052296499538647,150835052125,Calvörde,122.49,3185.0,11.293033,52.394996,03,gering besiedelt,False,25.642909625275532,3.2442671055390524,-1.3814756671899575,78.9088246063713,150835052125,3241.0,2.9929034248688677,33.37722185648453,74.05,9.31,4.62,,,,
15083130,Colbitz,15083,2287,2772,2298,383,16.74682990817665,10,0.4372540445999126,4,0.17490161783996502,5,0.2186270222999563,133,5.815478793178837,6,0.2623524267599475,1116,48.79755137735024,9,0.3935286401399213,193,8.439003060778312,184,8.04547442063839,50,2.1862702229995628,153,6.689986882378662,15,0.6558810668998688,5,0.2186270222999563,21,0.9182334936598163,3420,1750,1670,27.514619883040936,7.894736842105263,51.16959064327485,8.13739583005665,150835051130,Colbitz,72.27,3331.0,11.609147,52.316878,03,gering besiedelt,False,47.32254047322541,3.8569867247617613,2.671870309216451,82.9004329004329,150835051130,3322.0,2.227573750752559,30.725907384230286,78.02,3.93,5.53,,,,
15083190,Eilsleben,15083,2310,2966,2337,448,19.393939393939394,13,0.5627705627705628,7,0.30303030303030304,12,0.5194805194805194,176,7.619047619047619,4,0.17316017316017315,978,42.33766233766234,3,0.12987012987012986,190,8.225108225108226,234,10.12987012987013,54,2.3376623376623376,137,5.93073593073593,25,1.0822510822510822,1,0.04329004329004329,28,1.2121212121212122,3509,1746,1763,29.63807352522086,7.80849244799088,49.75776574522656,8.163086375583216,150835053190,Eilsleben,55.93,3546.0,11.211168,52.148254,03,gering besiedelt,False,62.73913820847488,4.138985466749719,-1.0434292160180436,78.79298718813216,150835053190,3626.0,1.26861555432984,39.57871396895787,58.93,6.83,4.71,,,,
15083205,Erxleben,15083,1816,2269,1839,300,16.519823788546255,9,0.4955947136563877,4,0.22026431718061673,15,0.8259911894273128,110,6.057268722466961,2,0.11013215859030837,875,48.18281938325991,3,0.16519823788546256,153,8.42511013215859,150,8.259911894273127,30,1.6519823788546255,110,6.057268722466961,17,0.9361233480176211,3,0.16519823788546256,35,1.9273127753303965,2659,1319,1340,27.566754418954496,7.822489657766077,49.605114704776234,7.88570539124302,150835052205,Erxleben,84.02,2664.0,11.24209,52.219333,03,gering besiedelt,False,31.647226850749824,3.454650525501784,-0.18768768768768762,81.04892022917585,150835052205,2724.0,1.6519823788546255,30.176565008025683,75.12,10.06,4.73,,,,
15083230,Flechtingen,15083,1726,2167,1739,359,20.799536500579375,7,0.4055619930475087,5,0.28968713789107764,7,0.4055619930475087,97,5.619930475086906,2,0.11587485515643106,741,42.9316338354577,4,0.23174971031286212,113,6.546929316338354,171,9.907300115874856,35,2.0278099652375436,144,8.342989571263036,25,1.4484356894553883,1,0.05793742757821553,15,0.8690614136732329,2646,1356,1290,29.478458049886623,6.72713529856387,51.24716553287982,7.880804344674901,150835052230,Flechtingen,73.54,2690.0,11.239472,52.332395,03,gering besiedelt,False,35.98041881968996,3.582974868801775,-1.635687732342006,80.24919243193355,150835052230,2719.0,3.3835969106289077,34.01736385161799,70.73,11.42,5.01,,,,
15083245,"Gröningen, Stadt",15083,2261,2875,2285,366,16.187527642636002,19,0.8403361344537815,8,0.35382574082264484,6,0.26536930561698363,90,3.9805395842547546,5,0.22114108801415303,1169,51.702786377708975,3,0.13268465280849182,191,8.447589562140646,194,8.580274214949137,46,2.034498009730208,90,3.9805395842547546,50,2.21141088014153,7,0.30959752321981426,17,0.7518796992481203,3313,1629,1684,28.584364624207666,8.119529127678842,49.169936613341385,8.105609402299896,150835054245,"Gröningen, Stadt",59.89,3343.0,11.219229,51.936468,03,gering besiedelt,True,55.31808315244615,4.0130998560235245,-0.8973975471133766,79.47826086956522,150835054245,3386.0,1.2699350265800355,35.58897243107769,69.4,11.95,4.31,,,,
15083270,"Haldensleben, Stadt",15083,11050,14731,11163,2077,18.79638009049774,81,0.7330316742081447,34,0.3076923076923077,46,0.416289592760181,609,5.51131221719457,14,0.12669683257918551,4876,44.126696832579185,25,0.22624434389140272,940,8.506787330316742,1076,9.737556561085972,270,2.4434389140271495,760,6.877828054298643,104,0.9411764705882353,8,0.07239819004524888,130,1.1764705882352942,19170,9516,9654,28.748043818466353,10.5320813771518,49.64006259780908,9.86110183603969,150830270270,"Haldensleben, Stadt",157.13,19121.0,11.411083,52.291363,02,mittlere Besiedlungsdichte,True,122.00089098198944,4.80402834783765,0.2562627477642465,75.77896952005973,150830270270,19169.0,8.075538630079816,43.69249642199959,39.38,7.03,5.31,21.54903185509057,22.36102435977514,6.444906444906445,21.0
15083275,Harbke,15083,874,1126,890,170,19.450800915331808,9,1.0297482837528604,2,0.2288329519450801,7,0.8009153318077803,53,6.064073226544623,2,0.2288329519450801,389,44.50800915331808,0,0.0,51,5.835240274599542,105,12.013729977116705,18,2.059496567505721,44,5.034324942791762,10,1.1441647597254005,1,0.11441647597254005,13,1.4874141876430207,1713,930,783,21.77466433158202,15.703444249854057,54.290718038528894,7.44600149832412,150835053275,Harbke,18.97,1748.0,11.044778,52.189552,03,gering besiedelt,False,90.30047443331577,4.503142714377197,-2.0022883295194527,79.04085257548846,150835053275,1710.0,18.362573099415204,40.990371389270976,41.87,12.18,4.57,,,,
15083298,Hohe Börde,15083,12439,15052,12550,2133,17.147680681726825,95,0.7637269876999759,26,0.20902001768630918,74,0.5949031272610339,674,5.418441996945092,21,0.16882386043894204,5805,46.667738564193264,48,0.38588310957472466,916,7.363936007717662,1032,8.29648685585658,392,3.1513787281935848,963,7.741779885842913,129,1.0370608569820725,8,0.06431385159578744,123,0.9888254682852319,18648,9304,9344,23.54676104676105,8.445945945945946,49.89274989274989,9.833494180715594,150830298298,Hohe Börde,172.42,18747.0,11.483142,52.166272,03,gering besiedelt,False,108.15450643776825,4.683560819933814,-0.5280844935189655,83.37762423598193,150830298298,18798.0,2.2981168209383975,32.21269296740995,64.65,4.53,5.36,26.262626262626263,18.75,4.738878143133462,14.51776649746193
15083320,Hötensleben,15083,2096,2786,2113,409,19.513358778625953,12,0.5725190839694656,4,0.19083969465648856,10,0.4770992366412214,105,5.009541984732825,5,0.2385496183206107,1007,48.04389312977099,5,0.2385496183206107,169,8.062977099236642,187,8.92175572519084,40,1.9083969465648856,96,4.580152671755725,20,0.9541984732824428,3,0.1431297709923664,24,1.1450381679389312,3329,1618,1711,30.399519375187744,7.93030940222289,48.6031841393812,8.110427237575024,150835053320,Hötensleben,61.03,3388.0,11.020955,52.118627,03,gering besiedelt,False,54.54694412583975,3.999061691018621,-1.7414403778040155,75.8435032304379,150835053320,3485.0,2.9842180774748925,38.07556080283353,59.02,10.84,4.42,,,,
15083323,Ingersleben,15083,821,1038,831,142,17.295980511571255,8,0.97442143727162,0,0.0,3,0.3654080389768575,34,4.141291108404385,1,0.1218026796589525,425,51.76613885505481,3,0.3654080389768575,38,4.6285018270401945,66,8.038976857490864,19,2.3142509135200973,45,5.481120584652863,25,3.045066991473812,1,0.1218026796589525,11,1.3398294762484775,1251,619,632,27.17825739408473,8.393285371702637,49.480415667466026,7.1316985104669115,150835052323,Ingersleben,31.63,1290.0,11.141725,52.21351,03,gering besiedelt,False,39.551059121087576,3.6775924731493537,-3.023255813953485,80.05780346820809,150835052323,1304.0,2.8374233128834354,36.27450980392157,71.78,10.89,4.27,,,,
15083355,"Kroppenstedt, Stadt",15083,863,1079,872,155,17.960602549246815,4,0.46349942062572425,1,0.11587485515643106,1,0.11587485515643106,42,4.866743916570104,0,0.0,487,56.43105446118192,1,0.11587485515643106,38,4.40324449594438,55,6.373117033603708,29,3.3603707995365006,35,4.055619930475087,12,1.3904982618771726,1,0.11587485515643106,2,0.23174971031286212,1329,662,667,24.52972159518435,7.750188111361926,49.81188863807374,7.192182058713246,150835054355,"Kroppenstedt, Stadt",38.92,1357.0,11.308753,51.942154,03,gering besiedelt,True,34.1469681397739,3.530673801395441,-2.0633750921149607,80.81556997219649,150835054355,1378.0,4.281567489114659,35.50834597875569,70.65,9.69,4.39,,,,
15083361,Loitsche-Heinrichsberg,15083,609,761,618,102,16.748768472906406,3,0.49261083743842365,2,0.3284072249589491,2,0.3284072249589491,52,8.538587848932677,0,0.0,292,47.947454844006565,1,0.16420361247947454,42,6.896551724137931,50,8.210180623973727,12,1.9704433497536946,38,6.239737274220033,7,1.1494252873563218,1,0.16420361247947454,5,0.8210180623973727,917,465,452,25.517993456924756,7.306434023991276,50.708833151581246,6.821107472256465,150835051361,Loitsche-Heinrichsberg,30.99,922.0,11.700751,52.296612,03,gering besiedelt,False,29.590190383994837,3.387442900456808,-0.5422993492407824,81.20893561103811,150835051361,935.0,2.7807486631016043,36.36363636363637,73.99,9.86,4.81,,,,
15083390,Niedere Börde,15083,4623,5525,4663,772,16.699113130002164,32,0.6921912178239239,6,0.12978585334198572,29,0.627298291152931,271,5.861994375946355,9,0.1946787800129786,2180,47.15552671425481,11,0.23794073112697384,357,7.7222582738481504,428,9.258057538394981,113,2.4443002379407313,299,6.467661691542289,50,1.0815487778498811,6,0.12978585334198572,60,1.2978585334198571,6635,3382,3253,27.24943481537302,7.023360964581763,50.97211755840241,8.800113946766308,150830390390,Niedere Börde,78.37,6726.0,11.521853,52.23455,03,gering besiedelt,False,84.66249840500191,4.438672745701535,-1.3529586678560857,84.39819004524887,150830390390,6910.0,2.821997105643994,31.554452373565002,69.85,4.47,4.88,,,,
15083411,"Oebisfelde-Weferlingen, Stadt",15083,8459,10805,8551,1661,19.63589076723017,32,0.3782953067738503,64,0.7565906135477006,56,0.662016786854238,455,5.378886393190684,14,0.1655041967135595,3563,42.1208180636009,19,0.22461283839697363,658,7.778697245537297,919,10.864168341411514,203,2.3998108523466133,619,7.317649840406667,95,1.1230641919848683,10,0.11821728336682823,91,1.075777278638137,12883,6463,6420,25.59186524877746,9.834665838702165,50.16688659473725,9.463663891791525,150830411411,"Oebisfelde-Weferlingen, Stadt",249.96,13002.0,10.986962,52.435124,03,gering besiedelt,True,51.540246439430305,3.9423629867306436,-0.9152438086448278,79.13928736695973,150830411411,13070.0,4.215761285386381,39.24528301886792,61.69,7.85,5.5,21.181818181818183,18.90909090909091,5.589123867069486,27.68
15083415,"Oschersleben (Bode), Stadt",15083,11126,15224,11236,1917,17.22991191802984,76,0.6830846665468272,30,0.2696386841632213,63,0.5662412367427647,630,5.662412367427647,20,0.17975912277548087,5482,49.2719755527593,20,0.17975912277548087,876,7.873449577566062,947,8.51159446341902,209,1.8784828330037748,585,5.257954341182815,112,1.0066510875426928,14,0.1258313859428366,145,1.303253640122236,18855,9345,9510,29.180588703261733,10.861840360647044,49.56245027844073,9.844533409692458,150830415415,"Oschersleben (Bode), Stadt",189.87,18859.0,11.227157,52.026437,02,mittlere Besiedlungsdichte,True,99.30478748617475,4.598193782237134,-0.021210032345297947,73.80451918024173,150830415415,18307.0,5.686349483804009,45.84602457725029,44.47,9.99,5.13,19.36114732724902,23.402868318122554,8.027522935779816,14.07222914072229
15083440,Rogätz,15083,1467,1778,1476,234,15.950920245398773,12,0.8179959100204499,2,0.136332651670075,6,0.40899795501022496,101,6.8847989093387865,3,0.20449897750511248,705,48.057259713701434,6,0.40899795501022496,114,7.770961145194274,138,9.406952965235174,22,1.499659168370825,96,6.543967280163599,13,0.8861622358554874,2,0.136332651670075,13,0.8861622358554874,2167,1080,1087,27.411167512690355,8.53714813105676,49.83848638670974,7.681099001536359,150835051440,Rogätz,24.07,2166.0,11.767123,52.318008,03,gering besiedelt,False,90.02908184461985,4.500132749741378,0.046168051708228575,83.01462317210348,150835051440,2177.0,0.2756086357372531,33.89328063241107,71.96,4.56,5.06,,,,
15083485,Sommersdorf,15083,868,1088,872,153,17.62672811059908,6,0.6912442396313364,5,0.576036866359447,5,0.576036866359447,47,5.414746543778802,0,0.0,441,50.806451612903224,1,0.1152073732718894,58,6.682027649769585,75,8.640552995391705,15,1.728110599078341,48,5.529953917050691,1,0.1152073732718894,1,0.1152073732718894,12,1.3824884792626728,1252,612,640,29.15335463258786,8.386581469648561,48.88178913738019,7.132497551660044,150835053485,Sommersdorf,29.36,1271.0,11.07931,52.166282,03,gering besiedelt,False,42.643051771117165,3.752864347913729,-1.4948859166010964,80.1470588235294,150835053485,1327.0,0.37678975131876413,35.0,75.46,11.4,4.05,,,,
15083490,Sülzetal,15083,5997,7239,6058,1117,18.625979656494913,51,0.8504252126063031,17,0.2834750708687677,29,0.48357512089378024,347,5.786226446556611,8,0.13340003335000833,2714,45.255961313990326,10,0.16675004168751043,439,7.320326830081708,539,8.987827246956812,173,2.88477572119393,444,7.403701850925462,65,1.0838752709688178,5,0.08337502084375521,39,0.6503251625812907,8566,4232,4334,26.815316367032455,8.381975250992294,49.404622927854305,9.055556158175316,150830490490,Sülzetal,104.3,8577.0,11.578621,52.040472,03,gering besiedelt,False,82.12847555129434,4.40828479616859,-0.12824997085227885,83.68559193258737,150830490490,8658.0,1.4784014784014785,31.070366699702674,69.35,6.81,5.03,,,,
15083505,Ummendorf,15083,614,751,616,132,21.498371335504885,3,0.48859934853420195,4,0.6514657980456026,9,1.4657980456026058,29,4.723127035830619,0,0.0,287,46.74267100977199,2,0.3257328990228013,41,6.677524429967427,42,6.840390879478828,12,1.9543973941368078,37,6.026058631921824,5,0.8143322475570033,0,0.0,11,1.791530944625407,929,456,473,23.681377825618945,8.288482238966631,49.08503767491927,6.834108738813838,150835053505,Ummendorf,15.7,914.0,11.181566,52.156434,03,gering besiedelt,False,59.171974522293,4.080448026459576,1.6411378555798661,82.02396804260985,150835053505,926.0,0.6479481641468683,29.0,77.11,8.02,5.94,,,,
15083515,Völpke,15083,728,958,734,109,14.972527472527473,2,0.27472527472527475,2,0.27472527472527475,6,0.8241758241758241,43,5.906593406593407,2,0.27472527472527475,386,53.02197802197802,6,0.8241758241758241,52,7.142857142857143,71,9.752747252747254,14,1.9230769230769231,22,3.021978021978022,7,0.9615384615384616,0,0.0,6,0.8241758241758241,1067,536,531,25.585754451733834,7.872539831302718,50.234301780693535,6.9726062513017535,150835053515,Völpke,17.28,1093.0,11.098464,52.139175,03,gering besiedelt,False,61.74768518518518,4.123056487925844,-2.3787740164684323,76.61795407098121,150835053515,1159.0,2.4158757549611733,40.7035175879397,54.28,20.76,4.45,,,,
15083531,"Wanzleben-Börde, Stadt",15083,9091,11352,9187,1635,17.98482015179848,61,0.6709932900670993,17,0.1869981300186998,56,0.6159938400615994,414,4.553954460455396,16,0.1759982400175998,4373,48.10251897481025,17,0.1869981300186998,663,7.292927070729292,784,8.623913760862392,258,2.8379716202837972,517,5.686943130568694,174,1.9139808601913981,8,0.0879991200087999,98,1.077989220107799,13641,6740,6901,28.238398944358917,8.31317352100286,49.40986731178066,9.52083524249312,150830531531,"Wanzleben-Börde, Stadt",188.45,13724.0,11.445166,52.06059,03,gering besiedelt,True,72.38524807641285,4.282002522779976,-0.6047799475371596,80.92847075405214,150830531531,13978.0,2.496780655315496,36.58170914542729,60.78,8.87,4.88,20.727580372250422,17.597292724196276,4.25531914893617,11.703703703703704
15083535,Wefensleben,15083,1020,1331,1031,190,18.627450980392158,1,0.09803921568627451,0,0.0,2,0.19607843137254902,68,6.666666666666667,1,0.09803921568627451,486,47.64705882352941,3,0.29411764705882354,93,9.117647058823529,88,8.627450980392156,19,1.8627450980392157,52,5.098039215686274,7,0.6862745098039216,1,0.09803921568627451,9,0.8823529411764706,1632,809,823,30.45343137254902,9.926470588235293,49.57107843137255,7.397561535524052,150835053535,Wefensleben,12.74,1582.0,11.159868,52.185232,03,gering besiedelt,False,128.10047095761382,4.8528148853800355,3.1605562579013924,77.46055597295266,150835053535,1604.0,2.743142144638404,34.50439146800502,48.12,16.67,4.18,,,,
15083557,Westheide,15083,1179,1412,1189,187,15.860899067005937,5,0.42408821034775235,1,0.08481764206955046,8,0.6785411365564037,70,5.937234944868533,4,0.33927056827820185,591,50.12722646310433,5,0.42408821034775235,81,6.870229007633588,106,8.99067005937235,29,2.4597116200169635,66,5.597964376590331,10,0.8481764206955047,1,0.08481764206955046,15,1.272264631043257,1633,811,822,28.35272504592774,8.450704225352112,49.66319657072872,7.398174092970465,150835051557,Westheide,50.97,1657.0,11.460626,52.303615,03,gering besiedelt,False,32.03845399254463,3.466936868618515,-1.4484007242003605,84.20679886685552,150835051557,1657.0,1.8105009052504526,28.964613368283093,82.55,3.41,4.88,,,,
15083565,"Wolmirstedt, Stadt",15083,7372,9485,7449,1195,16.209983722192078,49,0.6646771568095496,22,0.2984264785675529,43,0.583288117200217,391,5.303852414541509,14,0.18990775908844276,3226,43.76017362995117,40,0.5425935973955507,597,8.098209441128594,790,10.716223548562127,198,2.6858383071079763,624,8.46446011937059,77,1.0444926749864352,6,0.08138903960933261,100,1.3564839934888768,12390,6048,6342,28.401937046004843,10.314769975786925,48.813559322033896,9.424644974623188,150830565565,"Wolmirstedt, Stadt",54.38,12323.0,11.628077,52.250321,02,mittlere Besiedlungsdichte,True,227.8411180581096,5.428648535418864,0.5436987746490374,78.53452820242488,150830565565,12088.0,6.055592322964924,40.81266318537859,41.28,6.55,5.49,20.436507936507937,19.345238095238095,8.19112627986348,16.728624535315983
15083580,Zielitz,15083,1177,1456,1187,216,18.351741716227696,10,0.8496176720475785,3,0.2548853016142736,7,0.594732370433305,49,4.163126593033135,5,0.42480883602378927,537,45.62446898895497,4,0.33984706881903143,106,9.005947323704333,109,9.260832625318606,22,1.8691588785046729,82,6.966864910790145,6,0.5097706032285472,1,0.08496176720475786,20,1.699235344095157,1936,985,951,30.010330578512395,9.452479338842975,50.87809917355372,7.568379267836522,150835051580,Zielitz,11.43,1932.0,11.673148,52.290611,03,gering besiedelt,False,169.37882764654418,5.132137790029803,0.20703933747412417,81.52472527472527,150835051580,1875.0,2.08,35.176991150442475,49.57,11.12,4.84,,,,
15084012,An der Poststraße,15084,1041,1304,1056,166,15.946205571565802,4,0.38424591738712777,2,0.19212295869356388,3,0.2881844380403458,61,5.859750240153699,1,0.09606147934678194,601,57.732949087415946,1,0.09606147934678194,62,5.95581171950048,56,5.379442843419788,25,2.4015369836695486,30,2.881844380403458,16,1.536983669548511,3,0.2881844380403458,10,0.9606147934678194,1548,801,747,29.521963824289404,7.622739018087855,51.74418604651163,7.344719054149673,150845051012,An der Poststraße,44.72,1571.0,11.478438,51.14347,03,gering besiedelt,False,34.61538461538461,3.544298225302829,-1.4640356460852932,80.98159509202453,150845051012,1566.0,2.4904214559386975,26.382978723404257,81.62,5.78,4.58,,,,
15084013,Meineweh,15084,635,773,641,102,16.062992125984252,2,0.31496062992125984,0,0.0,5,0.7874015748031497,37,5.826771653543307,0,0.0,346,54.488188976377955,5,0.7874015748031497,49,7.716535433070866,31,4.881889763779528,14,2.204724409448819,21,3.3070866141732282,9,1.4173228346456692,1,0.15748031496062992,13,2.047244094488189,960,506,454,27.708333333333332,6.875,52.708333333333336,6.866933284461882,150845054013,Meineweh,25.36,967.0,11.98731,51.076521,03,gering besiedelt,False,37.85488958990536,3.633760154892857,-0.7238883143743546,82.92367399741268,150845054013,1008.0,4.9603174603174605,29.30648769574944,72.97,3.91,4.42,,,,
15084015,"Bad Bibra, Stadt",15084,1550,2104,1564,258,16.64516129032258,7,0.45161290322580644,4,0.25806451612903225,4,0.25806451612903225,87,5.612903225806452,6,0.3870967741935484,796,51.354838709677416,2,0.12903225806451613,96,6.193548387096774,112,7.225806451612903,61,3.935483870967742,75,4.838709677419355,18,1.1612903225806452,2,0.12903225806451613,22,1.4193548387096775,2498,1245,1253,32.586068855084065,8.206565252201761,49.839871897518016,7.823245690685523,150845051015,"Bad Bibra, Stadt",49.93,2515.0,11.586191,51.207902,03,gering besiedelt,True,50.03004205888244,3.912623666173005,-0.6759443339960258,74.33460076045627,150845051015,2645.0,1.3988657844990549,33.0196749358426,76.96,6.89,4.73,,,,
15084025,Balgstädt,15084,716,856,720,140,19.553072625698324,4,0.5586592178770949,1,0.13966480446927373,3,0.41899441340782123,34,4.748603351955308,3,0.41899441340782123,397,55.44692737430167,0,0.0,42,5.865921787709497,34,4.748603351955308,16,2.2346368715083798,27,3.7709497206703912,5,0.6983240223463687,0,0.0,10,1.3966480446927374,1041,516,525,28.434197886647453,7.39673390970221,49.56772334293948,6.947937068614969,150845053025,Balgstädt,32.8,1057.0,11.732025,51.204907,03,gering besiedelt,False,31.737804878048784,3.457508553224871,-1.5137180700094621,84.11214953271028,150845053025,1060.0,1.4150943396226414,31.80873180873181,80.33,9.4,4.46,,,,
15084115,Droyßig,15084,1257,1520,1268,239,19.013524264120925,5,0.39777247414478917,0,0.0,2,0.15910898965791567,65,5.17104216388226,4,0.31821797931583135,627,49.88066825775656,7,0.5568814638027049,86,6.841686555290374,62,4.932378679395386,32,2.5457438345266508,76,6.046141607000796,32,2.5457438345266508,3,0.2386634844868735,17,1.3524264120922833,1830,909,921,30.76502732240437,6.885245901639344,49.67213114754098,7.512071245835466,150845052115,Droyßig,20.42,1820.0,12.028336,51.041974,03,gering besiedelt,False,89.61802154750244,4.495556433098947,0.5494505494505475,83.42105263157895,150845052115,1926.0,1.505711318795431,40.1673640167364,59.02,7.77,4.89,,,,
15084125,"Eckartsberga, Stadt",15084,1386,1873,1403,217,15.656565656565656,2,0.1443001443001443,2,0.1443001443001443,7,0.5050505050505051,70,5.05050505050505,6,0.4329004329004329,808,58.297258297258296,0,0.0,88,6.349206349206349,94,6.782106782106782,26,1.875901875901876,40,2.886002886002886,13,0.937950937950938,0,0.0,13,0.937950937950938,2232,1130,1102,28.629032258064516,8.378136200716845,50.62724014336918,7.710653323501202,150845051125,"Eckartsberga, Stadt",36.13,2255.0,11.561354,51.122573,03,gering besiedelt,True,61.77691668973152,4.123529778341653,-1.0199556541020005,74.90656700480513,150845051125,2261.0,1.9902697921273773,34.541984732824424,69.09,7.61,4.87,,,,
15084130,Elsteraue,15084,5294,6506,5343,914,17.264828107291272,18,0.34000755572346053,11,0.207782395164337,28,0.5289006422364941,261,4.9301095579901775,8,0.1511144692104269,2920,55.15678126180582,24,0.45334340763128067,349,6.592368719304873,264,4.9867774839440875,79,1.4922553834529657,216,4.080090668681526,154,2.9089535323007176,7,0.13222516055912353,41,0.7744616547034379,7676,3754,3922,32.12610734757686,7.230328295987493,48.90568004168838,8.94585385712759,150840130130,Elsteraue,80.4,7765.0,12.181646,51.05897,03,gering besiedelt,False,95.4726368159204,4.55883968094267,-1.1461687057308434,82.12419305256687,150840130130,7917.0,1.2631047113805733,34.50668036998972,63.34,11.26,4.66,,,,
15084132,Finne,15084,703,893,708,133,18.91891891891892,1,0.1422475106685633,1,0.1422475106685633,3,0.4267425320056899,41,5.832147937411095,3,0.4267425320056899,367,52.204836415362735,3,0.4267425320056899,41,5.832147937411095,40,5.689900426742532,16,2.275960170697013,28,3.9829302987197726,13,1.8492176386913228,1,0.1422475106685633,12,1.7069701280227596,1137,565,572,30.606860158311346,6.508355321020229,49.69217238346526,7.036148493750536,150845051132,Finne,25.09,1161.0,11.411109,51.222131,03,gering besiedelt,False,45.31685930649661,3.813679133372205,-2.067183462532296,79.28331466965285,150845051132,1192.0,0.587248322147651,28.571428571428573,79.43,6.27,4.1,,,,
15084133,Finneland,15084,689,855,696,127,18.432510885341074,5,0.7256894049346879,1,0.14513788098693758,1,0.14513788098693758,35,5.079825834542816,1,0.14513788098693758,345,50.07256894049347,3,0.43541364296081275,50,7.256894049346879,52,7.547169811320755,34,4.934687953555878,22,3.193033381712627,4,0.5805515239477503,0,0.0,9,1.3062409288824384,1009,510,499,33.597621407333996,6.342913776015857,50.54509415262636,6.9167150203536085,150845051133,Finneland,29.6,1007.0,11.523513,51.215302,03,gering besiedelt,False,34.08783783783784,3.5289406590235943,0.19860973187686426,81.40350877192982,150845051133,1013.0,0.8884501480750246,28.125,85.81,8.3,4.05,,,,
15084135,"Freyburg (Unstrut), Stadt",15084,2834,3864,2865,538,18.98376852505293,10,0.35285815102328866,10,0.35285815102328866,15,0.529287226534933,149,5.257586450247,13,0.45871559633027525,1362,48.05928016937191,7,0.24700070571630206,206,7.268877911079746,212,7.480592801693719,97,3.4227240649259,120,4.234297812279464,40,1.4114326040931546,6,0.2117148906139732,49,1.7290049400141143,4399,2160,2239,33.68947488065469,8.88838372357354,49.102068651966356,8.389132521348719,150845053135,"Freyburg (Unstrut), Stadt",46.69,4433.0,11.770002,51.214422,03,gering besiedelt,True,94.21717712572286,4.545602512365874,-0.7669749605233478,74.14596273291926,150845053135,4438.0,2.1180712032447047,41.20036101083033,58.34,7.64,5.13,,,,
15084150,Gleina,15084,759,929,769,176,23.18840579710145,2,0.2635046113306983,0,0.0,2,0.2635046113306983,45,5.928853754940712,4,0.5270092226613966,342,45.059288537549406,3,0.3952569169960474,47,6.19235836627141,65,8.563899868247693,22,2.898550724637681,31,4.084321475625823,9,1.1857707509881423,2,0.2635046113306983,9,1.1857707509881423,1128,558,570,29.43262411347518,6.028368794326241,49.46808510638298,7.028201432058005,150845053150,Gleina,30.0,1140.0,11.720892,51.257708,03,gering besiedelt,False,37.6,3.6270040503958487,-1.0526315789473717,82.77717976318623,150845053150,1155.0,0.7792207792207793,30.16759776536313,82.49,6.19,4.01,,,,
15084170,Goseck,15084,686,802,690,132,19.24198250728863,5,0.7288629737609329,0,0.0,5,0.7288629737609329,40,5.830903790087463,0,0.0,352,51.31195335276968,2,0.2915451895043732,44,6.41399416909621,54,7.871720116618076,12,1.749271137026239,29,4.227405247813411,6,0.8746355685131195,1,0.1457725947521866,4,0.5830903790087464,974,496,478,31.31416837782341,6.981519507186858,50.92402464065709,6.881411303642535,150845053170,Goseck,14.61,986.0,11.870477,51.19643,03,gering besiedelt,False,66.66666666666667,4.199705077879927,-1.2170385395537497,86.0349127182045,150845053170,1029.0,1.4577259475218658,25.386313465783665,83.37,5.67,5.03,,,,
15084207,Gutenborn,15084,1186,1421,1202,226,19.05564924114671,7,0.5902192242833052,1,0.08431703204047218,4,0.3372681281618887,48,4.0472175379426645,3,0.25295109612141653,637,53.709949409780776,17,1.433389544688027,61,5.143338954468803,81,6.829679595278246,30,2.5295109612141653,45,3.794266441821248,18,1.5177065767284992,0,0.0,8,0.6745362563237775,1707,873,834,28.588166373755126,7.088459285295841,51.14235500878735,7.442492722794441,150845052207,Gutenborn,34.03,1724.0,12.121581,51.007459,03,gering besiedelt,False,50.16162209814869,3.915250234281626,-0.9860788863109038,84.58831808585504,150845052207,1715.0,2.2740524781341107,28.644501278772378,79.04,8.52,4.35,,,,
15084235,"Hohenmölsen, Stadt",15084,5917,7735,5970,1004,16.968058137569713,30,0.507013689369613,11,0.18590501943552476,24,0.4056109514956904,303,5.120838262633091,11,0.18590501943552476,3041,51.39428764576643,24,0.4056109514956904,500,8.450228156160216,426,7.199594389048504,138,2.33226297110022,250,4.225114078080108,80,1.3520365049856347,15,0.2535068446848065,60,1.014027378739226,9074,4435,4639,32.84108441701565,7.901697156711483,48.87590919109544,9.113168460223909,150840235235,"Hohenmölsen, Stadt",75.69,9211.0,12.099888,51.156346,02,mittlere Besiedlungsdichte,True,119.88373629277315,4.786522408902833,-1.4873520790359307,77.18164188752424,150840235235,9320.0,2.875536480686695,41.13519091847265,52.73,8.34,5.05,,,,
15084246,Kaiserpfalz,15084,962,1232,971,158,16.424116424116423,6,0.6237006237006237,6,0.6237006237006237,5,0.5197505197505198,43,4.46985446985447,3,0.31185031185031187,540,56.13305613305613,0,0.0,71,7.38045738045738,61,6.340956340956341,19,1.975051975051975,28,2.9106029106029108,15,1.5592515592515592,0,0.0,7,0.7276507276507277,1511,786,725,31.965585704831238,8.934480476505625,52.01853077432164,7.32052696227274,150845051246,Kaiserpfalz,41.22,1572.0,11.460967,51.247883,03,gering besiedelt,False,36.65696263949539,3.6016033868104267,-3.8804071246819394,78.81493506493507,150845051246,1701.0,9.994121105232216,31.87830687830688,77.52,5.2,4.83,,,,
15084250,Karsdorf,15084,819,1088,832,153,18.681318681318682,6,0.7326007326007326,0,0.0,2,0.2442002442002442,45,5.4945054945054945,2,0.2442002442002442,392,47.863247863247864,4,0.4884004884004884,79,9.645909645909645,57,6.95970695970696,13,1.5873015873015872,32,3.907203907203907,11,1.343101343101343,1,0.1221001221001221,22,2.686202686202686,1335,664,671,36.554307116104866,7.116104868913857,49.737827715355806,7.19668657083435,150845053250,Karsdorf,19.93,1392.0,11.652332,51.279783,03,gering besiedelt,False,66.98444555945811,4.204460436609646,-4.094827586206895,76.47058823529412,150845053250,1446.0,4.080221300138312,43.80704041720991,45.81,17.77,4.17,,,,
15084275,Kretzschau,15084,1501,1913,1524,212,14.123917388407728,6,0.39973351099267157,2,0.13324450366422386,6,0.39973351099267157,51,3.3977348434377084,1,0.06662225183211193,894,59.56029313790806,3,0.19986675549633579,112,7.4616922051965355,84,5.596269153897402,23,1.5323117921385743,61,4.063957361758828,31,2.0652898067954695,2,0.13324450366422386,13,0.866089273817455,2279,1117,1162,32.55813953488372,6.6695919262834575,49.01272487933304,7.731492029245684,150845052275,Kretzschau,27.91,2329.0,12.071959,51.054601,03,gering besiedelt,False,81.65532067359369,4.402506981697454,-2.1468441391155,79.66544694197596,150845052275,2350.0,2.0425531914893615,34.29864253393665,63.24,8.5,4.48,,,,
15084282,Lanitz-Hassel-Tal,15084,672,840,678,134,19.94047619047619,4,0.5952380952380952,3,0.44642857142857145,3,0.44642857142857145,39,5.803571428571429,4,0.5952380952380952,328,48.80952380952381,1,0.1488095238095238,39,5.803571428571429,46,6.845238095238095,25,3.7202380952380953,29,4.315476190476191,9,1.3392857142857142,1,0.1488095238095238,7,1.0416666666666667,1002,504,498,28.243512974051896,7.485029940119761,50.29940119760479,6.90975328164481,150845051282,Lanitz-Hassel-Tal,31.64,1010.0,11.637056,51.125757,03,gering besiedelt,False,31.668773704171933,3.455331138745357,-0.7920792079207928,80.71428571428571,150845051282,1047.0,0.7640878701050621,24.545454545454547,88.81,8.37,3.88,,,,
15084285,"Laucha an der Unstrut, Stadt",15084,1720,2235,1744,355,20.63953488372093,9,0.5232558139534884,2,0.11627906976744186,6,0.3488372093023256,85,4.941860465116279,1,0.05813953488372093,864,50.23255813953488,1,0.05813953488372093,110,6.395348837209302,99,5.755813953488372,56,3.255813953488372,77,4.476744186046512,18,1.0465116279069768,8,0.46511627906976744,29,1.686046511627907,2624,1322,1302,33.84146341463415,7.4314024390243905,50.38109756097561,7.8724551500639794,150845053285,"Laucha an der Unstrut, Stadt",31.28,2657.0,11.676223,51.223667,03,gering besiedelt,True,83.88746803069053,4.429476234386869,-1.2420022581859258,78.03131991051454,150845053285,2730.0,1.3186813186813187,36.8421052631579,73.84,8.29,4.63,,,,
15084315,"Lützen, Stadt",15084,5638,6920,5695,933,16.548421426037603,23,0.4079460801702732,21,0.37247250798155374,27,0.47889322454771194,251,4.451933309684285,12,0.21284143313231643,3041,53.93756651294785,17,0.3015253636041149,368,6.527137282724371,404,7.165661582121319,129,2.2880454061724014,302,5.35650940049663,55,0.9755232351897836,3,0.05321035828307911,52,0.9223128769067045,8207,4046,4161,27.781162422322407,7.249908614597295,49.29937857926161,9.012742727629712,150840315315,"Lützen, Stadt",96.93,8242.0,12.141207,51.25541,03,gering besiedelt,True,84.66934901475291,4.438753659125195,-0.4246542101431716,82.29768786127168,150840315315,8246.0,1.0793111811787532,33.905249679897565,64.73,6.44,4.63,,,,
15084335,Mertendorf,15084,1058,1277,1070,170,16.068052930056712,6,0.5671077504725898,0,0.0,2,0.1890359168241966,61,5.765595463137997,1,0.0945179584120983,563,53.21361058601134,5,0.4725897920604915,75,7.088846880907372,59,5.5765595463138,21,1.9848771266540643,57,5.387523629489603,12,1.1342155009451795,0,0.0,26,2.4574669187145557,1534,785,749,26.727509778357238,7.887874837027379,51.17340286831812,7.335633981927201,150845054335,Mertendorf,32.58,1538.0,11.856874,51.118515,03,gering besiedelt,False,47.0841006752609,3.8519353787533026,-0.2600780234070177,83.79013312451058,150845054335,1589.0,1.1957205789804908,29.943502824858758,75.07,6.79,4.02,,,,
15084341,Molauer Land,15084,649,797,655,113,17.41140215716487,7,1.078582434514638,0,0.0,3,0.4622496147919877,27,4.160246533127889,2,0.3081664098613251,341,52.54237288135593,3,0.4622496147919877,41,6.317411402157165,33,5.084745762711864,13,2.0030816640986133,35,5.3929121725731894,13,2.0030816640986133,3,0.4622496147919877,15,2.3112480739599386,939,473,466,28.647497337593183,5.644302449414271,50.3727369542066,6.844815479208263,150845054341,Molauer Land,33.93,961.0,11.778859,51.05726,03,gering besiedelt,False,27.674624226348364,3.3205159004121243,-2.289281997918835,82.1831869510665,150845054341,1006.0,0.7952286282306164,29.89010989010989,73.85,7.76,4.03,,,,
15084355,"Naumburg (Saale), Stadt",15084,19212,25600,19372,3487,18.15011451176348,71,0.369560691234645,43,0.22381844680408078,96,0.49968769519050593,922,4.799083905892151,52,0.2706641682281907,8436,43.91005621486571,57,0.2966895690193629,1703,8.864251509473245,1551,8.073079325421611,496,2.581719758484281,1672,8.702894024567978,187,0.9733499895898396,60,0.3123048094940662,379,1.9727253799708515,31617,15260,16357,30.825188980611696,9.928203181832558,48.26517379890565,10.361450229602047,150840355355,"Naumburg (Saale), Stadt",130.25,31940.0,11.809386,51.152814,02,mittlere Besiedlungsdichte,True,242.74088291746642,5.49199454896857,-1.0112711333750801,75.671875,150840355355,31864.0,5.435601305548581,46.408506010994984,36.01,7.62,5.5,25.70789865871833,18.0327868852459,5.859117840684661,11.538461538461538
15084360,"Nebra (Unstrut), Stadt",15084,1818,2415,1848,329,18.096809680968097,9,0.49504950495049505,5,0.27502750275027504,11,0.605060506050605,83,4.565456545654565,2,0.11001100110011001,1004,55.22552255225523,2,0.11001100110011001,137,7.5357535753575355,102,5.6105610561056105,40,2.2002200220022003,48,2.6402640264026402,18,0.9900990099009901,0,0.0,28,1.54015401540154,2956,1433,1523,35.250338294993234,9.032476319350474,48.47767253044655,7.991592282068092,150845053360,"Nebra (Unstrut), Stadt",25.46,2937.0,11.577753,51.288914,03,gering besiedelt,True,116.10369206598585,4.754483688938832,0.646918624446724,76.52173913043478,150845053360,2963.0,3.7799527505906174,37.785714285714285,59.92,16.17,4.32,,,,
15084375,"Osterfeld, Stadt",15084,1490,1890,1501,296,19.86577181208054,6,0.40268456375838924,4,0.2684563758389262,5,0.33557046979865773,63,4.228187919463087,3,0.20134228187919462,732,49.12751677852349,8,0.5369127516778524,121,8.120805369127517,96,6.442953020134228,57,3.825503355704698,52,3.48993288590604,13,0.87248322147651,6,0.40268456375838924,28,1.8791946308724832,2336,1192,1144,30.393835616438356,8.561643835616438,51.02739726027397,7.756195343948118,150845054375,"Osterfeld, Stadt",27.66,2346.0,11.932485,51.080735,03,gering besiedelt,True,84.45408532176428,4.436208017711506,-0.4262574595055413,79.41798941798942,150845054375,2375.0,5.010526315789473,33.184656556645855,68.23,8.93,5.72,,,,
15084442,Schnaudertal,15084,624,738,629,88,14.102564102564102,6,0.9615384615384616,2,0.32051282051282054,4,0.6410256410256411,15,2.4038461538461537,0,0.0,404,64.74358974358974,4,0.6410256410256411,26,4.166666666666667,35,5.608974358974359,10,1.6025641025641026,11,1.7628205128205128,13,2.0833333333333335,3,0.4807692307692308,3,0.4807692307692308,863,439,424,29.66396292004635,5.793742757821553,50.869061413673236,6.760414691083428,150845052442,Schnaudertal,20.78,875.0,12.194753,50.97691,03,gering besiedelt,False,41.53031761308951,3.726423705412347,-1.3714285714285679,85.23035230352303,150845052442,896.0,0.6696428571428571,27.73722627737226,82.7,6.47,3.85,,,,
15084445,Schönburg,15084,712,823,715,119,16.713483146067414,5,0.702247191011236,4,0.5617977528089888,2,0.2808988764044944,34,4.775280898876405,0,0.0,373,52.3876404494382,1,0.1404494382022472,42,5.898876404494382,34,4.775280898876405,34,4.775280898876405,41,5.758426966292135,8,1.1235955056179776,0,0.0,15,2.106741573033708,953,495,458,32.10912906610703,7.555089192025184,51.941238195173135,6.859614903654202,150845054445,Schönburg,14.66,968.0,11.868565,51.159915,03,gering besiedelt,False,65.00682128240109,4.174492207195697,-1.5495867768595017,86.87727825030376,150845054445,1069.0,5.425631431244153,27.083333333333332,66.6,5.85,5.18,,,,
15084470,"Stößen, Stadt",15084,559,725,561,105,18.783542039355993,2,0.35778175313059035,0,0.0,4,0.7155635062611807,32,5.724508050089446,0,0.0,278,49.73166368515206,0,0.0,41,7.334525939177102,41,7.334525939177102,14,2.5044722719141324,23,4.114490161001789,5,0.8944543828264758,3,0.5366726296958855,11,1.9677996422182469,865,409,456,32.60115606936416,6.242774566473988,47.283236994219656,6.762729506931879,150845054470,"Stößen, Stadt",7.33,869.0,11.925392,51.113929,03,gering besiedelt,True,118.0081855388813,4.770753991033319,-0.4602991944764101,77.37931034482759,150845054470,888.0,1.1261261261261262,32.52427184466019,68.19,5.94,4.61,,,,
15084490,"Teuchern, Stadt",15084,4852,6348,4901,699,14.406430338004947,24,0.494641384995878,12,0.247320692497939,30,0.6183017312448474,240,4.9464138499587795,7,0.1442704039571311,2824,58.20280296784831,18,0.37098103874690846,290,5.976916735366859,297,6.1211871393239905,101,2.08161582852432,175,3.606760098928277,61,1.2572135201978565,10,0.20610057708161583,64,1.3190436933223413,7645,3820,3825,28.999345977763245,7.455853499018967,49.9672988881622,8.941807118363164,150840490490,"Teuchern, Stadt",81.67,7712.0,12.022043,51.118406,03,gering besiedelt,True,93.60842414595322,4.539120380992978,-0.8687759336099554,77.20541902961563,150840490490,7889.0,1.394346558499176,36.51507139079852,63.05,10.56,4.64,,,,
15084550,"Weißenfels, Stadt",15084,20893,27984,21086,3596,17.21150624611114,113,0.5408510027281864,44,0.21059685061982483,106,0.5073469583113962,912,4.3650983583018235,37,0.1770928062030345,10582,50.64854257406787,66,0.3158952759297372,1817,8.696692672186856,1482,7.093284832240463,534,2.5558799597951465,1145,5.4803044081749865,163,0.7801656057052602,31,0.14837505384578567,265,1.2683673957784904,37308,18213,19095,27.613380508201995,11.008362817626246,48.81794789321325,10.526963059846754,150840550550,"Weißenfels, Stadt",113.96,37929.0,11.966732,51.200338,02,mittlere Besiedlungsdichte,True,327.3780273780274,5.791115550217047,-1.6372696353713523,75.35020011435105,150840550550,38228.0,12.875379303128597,45.777979066022546,37.98,11.93,5.24,19.91957933807609,22.0228889576245,7.2105263157894735,22.007941009642654
15084560,Wethau,15084,596,716,600,116,19.463087248322147,2,0.33557046979865773,1,0.16778523489932887,4,0.6711409395973155,20,3.3557046979865772,5,0.8389261744966443,311,52.18120805369127,2,0.33557046979865773,29,4.865771812080537,39,6.543624161073826,17,2.8523489932885906,27,4.530201342281879,11,1.8456375838926173,1,0.16778523489932887,11,1.8456375838926173,806,411,395,33.62282878411911,7.6923076923076925,50.992555831265506,6.692083742506628,150845054560,Wethau,7.69,822.0,11.857316,51.137983,03,gering besiedelt,False,104.81144343302991,4.652162958989075,-1.9464720194647178,83.79888268156425,150845054560,861.0,3.1358885017421603,25.99009900990099,84.84,7.73,4.32,,,,
15084565,Wetterzeube,15084,1122,1358,1131,162,14.438502673796792,1,0.08912655971479501,1,0.08912655971479501,3,0.26737967914438504,39,3.4759358288770055,3,0.26737967914438504,644,57.39750445632799,1,0.08912655971479501,102,9.090909090909092,54,4.81283422459893,20,1.7825311942959001,57,5.080213903743315,24,2.1390374331550803,1,0.08912655971479501,10,0.8912655971479501,1608,804,804,30.72139303482587,6.7164179104477615,50.0,7.382746449738912,150845052565,Wetterzeube,41.82,1645.0,12.013142,51.006688,03,gering besiedelt,False,38.45050215208035,3.649371755738424,-2.2492401215805424,83.28424153166421,150845052565,1720.0,1.9767441860465116,29.2191435768262,76.57,9.94,4.6,,,,
15084590,"Zeitz, Stadt",15084,14892,21101,15051,2485,16.686811710985765,66,0.44319097502014504,38,0.255170561375235,65,0.43647596024711255,637,4.277464410421703,23,0.1544453397797475,7835,52.61214074670964,69,0.46333601933924257,1166,7.829707225355896,1106,7.426806338973946,275,1.8466290625839377,652,4.3781896320171905,307,2.061509535320978,18,0.12087026591458501,150,1.0072522159548751,27934,13440,14494,33.611369657048755,9.901911648886662,48.11341018114126,10.237599863865716,150840590590,"Zeitz, Stadt",87.74,28328.0,12.134473,51.050371,02,mittlere Besiedlungsdichte,True,318.3724640984728,5.763221968127649,-1.3908500423609138,71.32837306288802,150840590590,27633.0,7.483805594759889,50.663457785872254,26.42,16.63,4.86,18.086445656735208,22.19890893831305,9.413707679603633,17.7007299270073
15085040,"Ballenstedt, Stadt",15085,5580,7163,5649,974,17.455197132616487,26,0.4659498207885305,18,0.3225806451612903,31,0.5555555555555556,324,5.806451612903226,9,0.16129032258064516,2596,46.52329749103943,11,0.1971326164874552,443,7.939068100358423,465,8.333333333333334,143,2.5627240143369177,366,6.559139784946237,118,2.1146953405017923,7,0.12544802867383512,49,0.8781362007168458,8346,4049,4297,30.5176132278936,7.8360891445003595,48.51425832734244,9.029537661151497,150850040040,"Ballenstedt, Stadt",87.3,8422.0,11.237514,51.72028,02,mittlere Besiedlungsdichte,True,95.60137457044674,4.560187198305941,-0.902398480170985,78.8636046349295,150850040040,8611.0,1.4980838462431774,39.73016980693185,59.42,10.47,5.04,,,,
15085055,"Blankenburg (Harz), Stadt",15085,12199,15849,12313,2071,16.97680137716206,50,0.40986966144765963,64,0.5246331666530043,59,0.48364620050823837,696,5.705385687351423,15,0.12296089843429789,5521,45.25780801705058,24,0.19673743749487663,895,7.3366669399131075,1351,11.074678252315763,221,1.8116239035986557,846,6.934994671694401,207,1.6968603983933108,24,0.19673743749487663,155,1.2705959504877449,18765,9063,9702,32.76312283506528,8.041566746602717,48.29736211031175,9.839748711569122,150850055055,"Blankenburg (Harz), Stadt",149.21,18970.0,10.952601,51.791278,02,mittlere Besiedlungsdichte,True,125.76234836807184,4.834394001916791,-1.0806536636794983,77.68944412896712,150850055055,19565.0,2.627140301558906,42.44604316546763,43.98,10.92,4.8,24.413710162357187,14.371617558628984,5.235042735042735,19.39120631341601
15085090,Ditfurt,15085,954,1178,970,163,17.08595387840671,2,0.20964360587002095,0,0.0,5,0.5241090146750524,50,5.241090146750524,1,0.10482180293501048,499,52.306079664570234,5,0.5241090146750524,57,5.9748427672955975,60,6.289308176100629,19,1.9916142557651992,73,7.651991614255765,12,1.2578616352201257,2,0.20964360587002095,6,0.6289308176100629,1336,663,673,27.84431137724551,7.410179640718563,49.625748502994014,7.197435354096591,150855051090,Ditfurt,23.88,1380.0,11.197705,51.829924,03,gering besiedelt,False,55.946398659966505,4.0243940655721895,-3.1884057971014457,82.34295415959252,150855051090,1457.0,2.8826355525051475,32.285714285714285,80.4,6.31,4.43,,,,
15085110,"Falkenstein/Harz, Stadt",15085,3319,4203,3361,607,18.288641156974993,16,0.4820729135281711,7,0.21090689966857487,18,0.5423320277191925,234,7.050316360349503,11,0.33142512805061763,1582,47.66495932509792,15,0.4519433564326604,218,6.568243446821332,273,8.22536908707442,80,2.4103645676408556,167,5.031636034950286,54,1.6269960831575776,4,0.12051822838204278,33,0.994275384151853,4899,2450,2449,31.741171667687283,6.531945294958155,50.010206164523375,8.496786381638575,150850110110,"Falkenstein/Harz, Stadt",104.11,4924.0,11.343918,51.732029,03,gering besiedelt,True,47.05599846316396,3.8513383491519133,-0.5077173030056836,79.96669045919582,150850110110,5061.0,1.5807152736613317,35.18518518518518,75.59,7.88,4.79,,,,
15085125,Groß Quenstedt,15085,554,729,569,80,14.440433212996389,3,0.5415162454873647,2,0.36101083032490977,2,0.36101083032490977,36,6.498194945848375,2,0.36101083032490977,247,44.584837545126355,1,0.18050541516245489,55,9.927797833935019,55,9.927797833935019,19,3.4296028880866425,27,4.873646209386282,18,3.2490974729241877,2,0.36101083032490977,5,0.9025270758122743,823,414,409,26.245443499392465,7.654921020656136,50.3037667071689,6.71295620067707,150855051125,Groß Quenstedt,15.64,846.0,11.111712,51.929351,03,gering besiedelt,False,52.62148337595908,3.963124465559905,-2.7186761229314405,78.05212620027434,150855051125,855.0,0.3508771929824561,35.51637279596977,81.61,9.09,4.78,,,,
15085135,"Halberstadt, Stadt",15085,22157,30398,22392,4049,18.274134585006994,104,0.46937762332445726,34,0.15345037685607257,125,0.5641557972649727,1377,6.214740262670939,28,0.1263708985873539,9488,42.821681635600484,55,0.24822855079658798,2049,9.247641828767433,2109,9.51843661145462,382,1.7240601164417566,1733,7.821455973281582,380,1.715033623685517,31,0.13991063772171322,213,0.9613214785395134,36615,17593,19022,31.14570531203059,11.140243069780144,48.04861395602895,10.50821327149517,150850135135,"Halberstadt, Stadt",143.27,37898.0,11.04731,51.896112,02,mittlere Besiedlungsdichte,True,255.56641306623854,5.543482309589889,-3.3854029236371264,73.66274096980065,150850135135,36676.0,6.012106009379431,50.91411667717375,31.34,10.96,5.22,25.54140127388535,20.764331210191084,7.738095238095238,15.35483870967742
15085140,Harsleben,15085,1497,1823,1514,248,16.566466265865063,10,0.6680026720106881,3,0.20040080160320642,12,0.8016032064128257,87,5.811623246492986,5,0.33400133600534404,715,47.762191048764194,7,0.46760187040748163,106,7.080828323313293,142,9.48563794255177,34,2.2712090848363395,78,5.210420841683367,28,1.8704074816299265,1,0.06680026720106881,21,1.402805611222445,2112,1040,1072,27.272727272727273,8.333333333333334,49.24242424242424,7.655390644826152,150855051140,Harsleben / Harschlewe,27.92,2154.0,11.100333,51.869084,03,gering besiedelt,False,75.64469914040114,4.326047366931981,-1.9498607242339872,83.04991771804717,150855051140,2120.0,0.8490566037735849,30.591775325977935,73.81,4.45,6.01,,,,
15085145,"Harzgerode, Stadt",15085,4771,6142,4820,962,20.16348773841962,18,0.3772793963529658,10,0.2095996646405366,21,0.4401592957451268,232,4.862712219660448,7,0.1467197652483756,2342,49.08824145881366,12,0.2515195975686439,332,6.958708866065814,400,8.383986585621463,98,2.0540767134772584,246,5.1561517501572,37,0.7755187591699854,5,0.1047998323202683,49,1.0270383567386292,7185,3545,3640,35.75504523312456,7.125956854558107,49.338900487125954,8.879750798513125,150850145145,"Harzgerode, Stadt",165.02,7309.0,11.139179,51.64064,03,gering besiedelt,True,43.54017694824869,3.773684119836928,-1.6965385141606282,78.47606642787366,150850145145,7475.0,2.0066889632107023,39.24905456509995,65.69,10.65,4.91,,,,
15085160,Hedersleben,15085,856,1058,866,188,21.962616822429908,2,0.2336448598130841,2,0.2336448598130841,8,0.9345794392523364,20,2.336448598130841,0,0.0,484,56.54205607476636,1,0.11682242990654206,45,5.257009345794392,25,2.9205607476635516,28,3.2710280373831777,23,2.6869158878504673,8,0.9345794392523364,17,1.985981308411215,5,0.5841121495327103,1228,592,636,32.16612377850163,8.306188925081432,48.20846905537459,7.113142108707088,150855051160,Hedersleben,16.6,1229.0,11.254384,51.858198,03,gering besiedelt,False,73.97590361445782,4.30373941334459,-0.08136696501220841,81.85255198487712,150855051160,1298.0,1.4637904468412943,37.21286370597244,72.99,7.43,4.49,,,,
15085185,Huy,15085,4321,5665,4363,761,17.61166396667438,23,0.5322841934737329,10,0.23142791020597084,20,0.4628558204119417,252,5.831983337190465,6,0.1388567461235825,2048,47.396436010182825,10,0.23142791020597084,303,7.012265679240916,446,10.3216847951863,89,2.0597084008331406,216,4.9988428604489705,86,1.9902800277713493,4,0.09257116408238833,47,1.087711177968063,6528,3337,3191,29.120710784313726,7.245710784313726,51.11825980392157,8.783855896643942,150850185185,Huy,167.82,6578.0,10.980339,51.975885,03,gering besiedelt,False,38.898820164461924,3.6609639202020197,-0.7601094557616261,77.01676963812886,150850185185,6759.0,1.3315579227696406,38.3881882497693,74.83,7.9,4.27,,,,
15085190,"Ilsenburg (Harz), Stadt",15085,6377,7864,6435,1177,18.45695468088443,21,0.32930845225027444,21,0.32930845225027444,47,0.7370236788458523,328,5.143484397051905,13,0.20385761329778893,2191,34.357848518111965,44,0.6899796142386703,504,7.903402854006586,1053,16.512466677120905,134,2.101301552454132,622,9.753802728555748,136,2.1326642621922534,11,0.17249490355966757,75,1.1761016151795516,9455,4618,4837,28.93707033315706,8.19672131147541,48.84188260179799,9.154298981092557,150850190190,"Ilsenburg (Harz), Stadt",63.08,9414.0,10.679796,51.865815,02,mittlere Besiedlungsdichte,True,149.88902980342422,5.009895218997721,0.43552156362864913,81.82858596134282,150850190190,9558.0,1.71584013391923,39.408557046979865,54.47,5.12,5.56,,,,
15085227,Nordharz,15085,5171,6276,5214,839,16.22510152775092,21,0.40611100367433767,11,0.2127248114484626,38,0.7348675304583253,303,5.859601624444014,4,0.07735447689035004,2308,44.63353316573197,15,0.29007928833881264,338,6.536453297234577,671,12.976213498356218,84,1.6244440146973507,353,6.82653258557339,104,2.0112163991491006,21,0.40611100367433767,61,1.179655772577838,7550,3745,3805,25.258278145695364,8.66225165562914,49.602649006622514,8.92930284224307,150850227227,Nordharz,110.85,7656.0,10.757221,51.921309,03,gering besiedelt,False,68.11005863779883,4.22112490618075,-1.384535005224663,83.07839388145315,150850227227,7743.0,0.7490636704119851,30.207445296959364,73.69,5.98,4.81,,,,
15085228,"Oberharz am Brocken, Stadt",15085,6301,8219,6376,1193,18.933502618631962,23,0.3650214251706078,18,0.28566894143786703,34,0.5395968893826377,404,6.411680685605459,10,0.15870496746548168,2941,46.67513093159816,16,0.2539279479447707,410,6.506903666084749,651,10.331693382002857,107,1.6981431518806538,300,4.7611490239644505,128,2.0314235835581655,5,0.07935248373274084,61,0.9681003015394382,9391,4648,4743,35.56596741561069,7.3900543073155145,49.49419657118518,9.147507062804614,150850228228,"Oberharz am Brocken, Stadt",271.73,9547.0,10.803213,51.769516,03,gering besiedelt,True,34.5600412173849,3.5426981365678087,-1.6340211584791042,77.57634748752889,150850228228,10031.0,2.043664639617187,38.120209762000805,62.39,11.07,4.8,15.22491349480969,20.41522491349481,,20.43010752688172
15085230,"Osterwieck, Stadt",15085,7096,9051,7213,1219,17.17869222096956,34,0.4791431792559188,18,0.25366403607666294,50,0.7046223224351748,354,4.988726042841037,13,0.18320180383314544,3207,45.194475760992106,12,0.16910935738444194,533,7.511273957158963,794,11.189402480270575,156,2.1984216459977453,483,6.806651634723788,139,1.9588500563697857,3,0.042277339346110485,81,1.141488162344983,10949,5533,5416,28.82455018723171,8.85012329893141,50.53429536944013,9.301003406873425,150850230230,"Osterwieck, Stadt",213.11,11045.0,10.706798,51.972545,03,gering besiedelt,True,51.37722303035991,3.9391949425441903,-0.8691715708465386,79.69285161860567,150850230230,11294.0,1.8151230741986897,36.440677966101696,63.18,8.24,4.68,18.949536560247168,13.49124613800206,5.602716468590832,28.057553956834532
15085235,"Quedlinburg, Welterbestadt",15085,14594,19489,14787,2623,17.973139646430038,56,0.38371933671371794,66,0.4522406468411676,85,0.5824311360833219,776,5.3172536658900915,23,0.15759901329313417,6068,41.57873098533644,25,0.1713032753186241,1224,8.387008359599836,1372,9.40112374948609,349,2.3913937234479925,1556,10.661915855831163,182,1.2470878443195834,22,0.1507468822803892,167,1.1443058791284089,23069,10940,12129,32.324764835927,9.588625428063635,47.422948545667346,10.046245003891086,150850235235,"Quedlinburg, Welterbestadt",120.79,23139.0,11.137136,51.790437,02,mittlere Besiedlungsdichte,True,190.98435300935506,5.252191503273898,-0.30251955572841993,75.87356970598799,150850235235,23309.0,2.8315243039169418,47.91764890774792,34.61,10.85,5.39,26.31578947368421,13.157894736842104,7.18562874251497,17.05069124423963
15085285,"Schwanebeck, Stadt",15085,1536,1956,1571,191,12.434895833333334,7,0.4557291666666667,3,0.1953125,12,0.78125,76,4.947916666666667,3,0.1953125,904,58.854166666666664,0,0.0,122,7.942708333333333,107,6.966145833333333,20,1.3020833333333333,48,3.125,32,2.0833333333333335,1,0.06510416666666667,10,0.6510416666666666,2328,1149,1179,28.780068728522338,9.192439862542955,49.355670103092784,7.752764808851328,150855051285,"Schwanebeck, Stadt",32.97,2352.0,11.120899,51.967391,03,gering besiedelt,True,70.60964513193812,4.257166751767689,-1.0204081632653073,80.31697341513292,150855051285,2357.0,0.8485362749257531,35.87245349867139,70.38,9.55,4.57,,,,
15085287,Selke-Aue,15085,928,1088,937,211,22.737068965517242,4,0.43103448275862066,2,0.21551724137931033,3,0.3232758620689655,50,5.387931034482759,2,0.21551724137931033,465,50.10775862068966,1,0.10775862068965517,67,7.219827586206897,57,6.142241379310345,11,1.1853448275862069,41,4.418103448275862,7,0.7543103448275862,1,0.10775862068965517,6,0.646551724137931,1236,621,615,31.87702265372168,7.766990291262136,50.24271844660194,7.119635638017636,150855051287,Selke-Aue,36.78,1288.0,11.271652,51.840153,03,gering besiedelt,False,33.605220228384994,3.514681418841461,-4.037267080745344,86.12132352941177,150855051287,1334.0,0.974512743628186,32.37179487179487,81.32,10.3,3.75,,,,
15085330,"Thale, Stadt",15085,10551,13956,10697,1796,17.02208321486115,40,0.37911098474078286,40,0.37911098474078286,62,0.5876220263482135,494,4.682020661548669,17,0.16112216851483271,5016,47.540517486494174,15,0.1421666192777936,766,7.259975357785992,973,9.221874703819543,231,2.189365936878021,743,7.041986541560042,180,1.705999431333523,37,0.3506776608852242,141,1.3363662212112597,16591,8146,8445,33.409679946959194,8.245434271593032,49.09890904707372,9.716615658643356,150850330330,"Thale, Stadt",137.94,16788.0,11.037792,51.751304,02,mittlere Besiedlungsdichte,True,120.27693199942004,4.789796850640211,-1.1734572313557345,76.64803668672972,150850330330,17165.0,2.347800757355083,40.66202090592334,49.7,11.27,4.95,21.823204419889503,19.337016574585636,6.7669172932330826,19.22043010752688
15085365,"Wegeleben, Stadt",15085,1541,2007,1558,280,18.170019467878003,8,0.5191434133679429,7,0.45425048669695,14,0.9085009733939,99,6.424399740428293,1,0.06489292667099286,767,49.772874756651525,0,0.0,127,8.241401687216094,89,5.775470473718364,35,2.2712524334847504,76,4.931862426995457,20,1.2978585334198571,1,0.06489292667099286,17,1.1031797534068786,2333,1174,1159,32.44749249892842,7.072438919845692,50.32147449635662,7.75491027202143,150855051365,"Wegeleben, Stadt",51.88,2378.0,11.17357,51.884625,03,gering besiedelt,True,44.969159599074786,3.8059769125731866,-1.8923465096719938,77.6283009466866,150855051365,2472.0,1.4563106796116505,35.11904761904762,72.28,8.15,4.59,,,,
15085370,"Wernigerode, Stadt",15085,19838,25732,19996,3428,17.279967738683336,88,0.44359310414356284,55,0.27724569008972677,116,0.5847363645528784,1106,5.57515878616796,28,0.14114326040931546,6915,34.857344490372014,55,0.27724569008972677,1634,8.236717411029337,3282,16.544006452263332,452,2.2784554894646636,2111,10.641193668716605,308,1.55257586450247,32,0.16130658332493195,228,1.14930940619014,31835,15258,16577,31.528192241243914,10.98790639233548,47.92838071305167,10.368321592451126,150850370370,"Wernigerode, Stadt",170.5,32167.0,10.7843,51.834471,02,mittlere Besiedlungsdichte,True,186.71554252199414,5.229586295727554,-1.0321136568532951,77.70868956940774,150850370370,32477.0,4.233765433999446,48.41477684292639,34.33,5.34,5.73,26.00784873349982,13.1287905815198,4.409857328145266,23.473541383989144
15086005,Biederitz,15086,6018,7041,6066,1069,17.7633765370555,33,0.5483549351944168,16,0.26586905948820205,32,0.5317381189764041,281,4.669325357261549,17,0.2824858757062147,2241,37.2382851445663,32,0.5317381189764041,474,7.876370887337986,631,10.48521103356597,191,3.173811897640412,678,11.266201395812562,256,4.253904951811233,7,0.1163177135260884,60,0.9970089730807578,8458,4137,4321,27.193189879404116,7.424923149680776,48.91227240482384,9.042868018032435,150860005005,Biederitz,39.63,8508.0,11.716439,52.159249,02,mittlere Besiedlungsdichte,False,213.42417360585415,5.36328161083009,-0.5876821814762567,86.15253515125693,150860005005,8488.0,2.2973609802073516,34.61538461538461,59.93,4.32,5.7,,,,
15086015,"Burg, Stadt",15086,13064,17857,13240,2194,16.79424372320882,66,0.5052051439069197,40,0.3061849357011635,76,0.5817513778322106,681,5.212798530312309,20,0.15309246785058175,6291,48.15523576240049,37,0.28322106552357623,1032,7.899571341090018,1095,8.381812614819351,279,2.1356399265156156,836,6.399265156154317,225,1.7222902633190447,16,0.1224739742804654,176,1.3472137170851195,22838,11563,11275,27.673176285138805,11.529030563096594,50.63052806725633,10.036181094261593,150860015015,"Burg, Stadt",165.54,22585.0,11.854736,52.269775,02,mittlere Besiedlungsdichte,True,137.96061374894285,4.926968236804344,1.1202125304405675,74.14459315674526,150860015015,22109.0,6.811705640237007,47.15418809378541,36.84,11.29,5.17,17.764250138350857,20.918649695628112,7.707707707707708,15.726681127982646
15086035,Elbe-Parey,15086,4257,5313,4298,785,18.44021611463472,23,0.5402865867982147,5,0.11745360582569885,29,0.6812309137890533,244,5.731735964294104,9,0.21141649048625794,1908,44.82029598308668,27,0.6342494714587738,381,8.949964763918253,383,8.996946206248532,89,2.0906741836974394,254,5.966643175945501,58,1.3624618275781066,0,0.0,62,1.4564247122386658,6300,3073,3227,32.53968253968254,6.984126984126984,48.77777777777778,8.748304912379623,150860035035,Elbe-Parey,109.47,6362.0,11.984559,52.37872,03,gering besiedelt,False,57.55001370238421,4.052654373263158,-0.9745363093366821,80.89591567852437,150860035035,6420.0,1.2616822429906542,34.01360544217687,68.5,10.8,4.79,,,,
15086040,"Genthin, Stadt",15086,8183,10971,8304,1474,18.0129536844678,43,0.5254796529390199,25,0.30551142612733717,45,0.5499205670292069,493,6.024685323231089,20,0.24440914090186974,3598,43.969204448246366,34,0.4154955395331785,728,8.896492728828058,790,9.654161065623855,169,2.065257240620799,558,6.819015031162166,94,1.1487229622387878,9,0.10998411340584138,103,1.258707075644629,13392,6544,6848,32.65382317801673,8.82616487455197,48.86499402628435,9.502412792729256,150860040040,"Genthin, Stadt",232.69,13416.0,12.154669,52.405987,02,mittlere Besiedlungsdichte,True,57.55296746744596,4.052705697130401,-0.17889087656529634,75.69045665846322,150860040040,13624.0,5.8059307105108635,44.034212401995724,48.26,9.42,5.08,18.143100511073254,18.313458262350938,6.055900621118012,16.225165562913908
15086055,"Gommern, Stadt",15086,6926,8455,6992,1324,19.116373086918856,48,0.6930407161420733,17,0.24545192030031765,27,0.38983540282991624,393,5.674270863413225,12,0.17326017903551832,2924,42.21773029165463,22,0.317643661565117,501,7.23361247473289,687,9.919145249783424,226,3.263066705168929,543,7.840023101357205,126,1.8192318798729425,9,0.12994513427663876,67,0.9673693329483107,10049,4875,5174,30.162205194546722,7.214648223703851,48.51228978007762,9.21522840604896,150860055055,"Gommern, Stadt",161.36,10090.0,11.825518,52.073221,03,gering besiedelt,True,62.2768963807635,4.131590512403002,-0.4063429137760144,82.69662921348315,150860055055,10228.0,2.718028940164255,37.17391304347826,57.71,6.99,4.88,26.141552511415526,16.438356164383563,5.32319391634981,14.88933601609658
15086080,"Jerichow, Stadt",15086,4496,5542,4543,765,17.015124555160142,24,0.5338078291814946,10,0.22241992882562278,9,0.2001779359430605,264,5.871886120996441,8,0.17793594306049823,2232,49.644128113879006,13,0.2891459074733096,341,7.584519572953736,397,8.830071174377224,93,2.0685053380782916,230,5.115658362989324,69,1.5346975088967971,2,0.04448398576512456,39,0.8674377224199288,6501,3245,3256,29.441624365482234,7.552684202430395,49.91539763113367,8.77971129020447,150860080080,"Jerichow, Stadt",272.03,6571.0,12.024965,52.49836,03,gering besiedelt,True,23.898099474322688,3.1737989358727736,-1.065286866534776,81.97401660050524,150860080080,6677.0,1.3179571663920921,35.32745591939547,74.22,8.05,4.65,,,,
15086140,"Möckern, Stadt",15086,8132,10078,8238,1424,17.51106738809641,48,0.5902606984751598,15,0.18445646827348747,43,0.528775209050664,437,5.373831775700935,17,0.2090506640432858,3815,46.91342843089031,28,0.3443187407771766,662,8.140678799803247,650,7.993113625184456,224,2.754549926217413,491,6.037875061485489,193,2.3733398917855384,13,0.15986227250368912,72,0.8853910477127398,12437,6227,6210,28.61622577792072,8.03248371793841,50.06834445605853,9.42843117965374,150860140140,"Möckern, Stadt",527.78,12591.0,11.952694,52.139752,03,gering besiedelt,True,23.564742885293114,3.159751649443822,-1.2230958621237353,81.74240920817623,150860140140,12743.0,5.877736796672683,34.92063492063492,66.21,8.17,4.77,17.979610750695088,20.389249304911957,6.0855263157894735,17.513134851138354
15086145,Möser,15086,5948,6969,6001,1190,20.006724949562877,18,0.3026227303295225,12,0.20174848688634836,27,0.4539340954942838,315,5.295897780766644,14,0.23537323470073973,2361,39.694014794889036,34,0.5716207128446537,425,7.145258910558171,606,10.188298587760592,174,2.925353059852051,572,9.616677874915938,124,2.0847343644922662,4,0.06724949562878278,72,1.21049092131809,8381,4108,4273,27.10893688104045,6.490872210953347,49.01563059300799,9.033722518098907,150860145145,Möser,80.89,8386.0,11.790495,52.21832,03,gering besiedelt,False,103.60984052416862,4.640632311069045,-0.05962318149296264,86.10991533936003,150860145145,8421.0,1.187507421921387,27.873563218390803,74.32,3.4,5.79,,,,
15087010,Ahlsdorf,15087,1005,1259,1013,171,17.01492537313433,3,0.29850746268656714,3,0.29850746268656714,2,0.19900497512437812,56,5.5721393034825875,5,0.4975124378109453,556,55.32338308457712,2,0.19900497512437812,66,6.567164179104478,65,6.467661691542289,31,3.084577114427861,29,2.8855721393034828,7,0.6965174129353234,0,0.0,9,0.8955223880597015,1489,710,779,30.557421087978508,7.588985896574883,47.68300873069174,7.305860032684009,150875052010,Ahlsdorf,5.14,1508.0,11.470164,51.544089,02,mittlere Besiedlungsdichte,False,289.6887159533074,5.668806953216936,-1.2599469496021198,80.46068308181096,150875052010,1548.0,0.3875968992248062,29.25824175824176,85.55,3.37,4.79,,,,
15087015,"Allstedt, Stadt",15087,4858,6258,4911,827,17.023466447097572,24,0.49403046521202143,9,0.18526142445450802,22,0.45286125977768626,299,6.1547962124331,69,1.4203375874845616,2479,51.02923013585838,14,0.2881844380403458,360,7.410456978180322,355,7.307533964594484,127,2.61424454508028,174,3.5817208727871552,38,0.7822149032523672,4,0.08233841086867023,57,1.1733223548785507,7528,3785,3743,31.137088204038257,8.049946865037194,50.27895855472901,8.926384681265215,150870015015,"Allstedt, Stadt",150.47,7535.0,11.385673,51.404566,03,gering besiedelt,True,50.029906293613344,3.9126209524944286,-0.09289980092900274,78.47555129434323,150870015015,7643.0,1.099044877665838,32.5,70.93,6.64,4.67,,,,
15087031,"Arnstein, Stadt",15087,4112,5217,4162,706,17.169260700389106,17,0.41342412451361865,11,0.26750972762645914,34,0.8268482490272373,252,6.128404669260701,64,1.556420233463035,2199,53.47762645914397,9,0.2188715953307393,283,6.882295719844358,271,6.590466926070039,66,1.605058365758755,140,3.404669260700389,25,0.607976653696498,5,0.12159533073929961,30,0.7295719844357976,6046,3029,3017,33.77439629507112,7.624875951042012,50.099239166391,8.707152175339404,150870031031,"Arnstein, Stadt",122.33,6123.0,11.456885,51.696038,03,gering besiedelt,True,49.4236900188016,3.900429864280578,-1.257553486852847,79.77764999041595,150870031031,6294.0,1.159834763266603,34.452411994784875,77.1,8.23,4.53,,,,
15087045,Benndorf,15087,1065,1614,1079,194,18.215962441314552,9,0.8450704225352113,1,0.09389671361502347,6,0.5633802816901409,55,5.164319248826291,9,0.8450704225352113,537,50.42253521126761,3,0.28169014084507044,96,9.014084507042254,85,7.981220657276995,19,1.784037558685446,35,3.2863849765258215,4,0.3755868544600939,0,0.0,12,1.1267605633802817,1891,892,999,34.21470121628768,10.100475938656796,47.17080909571655,7.544861068658458,150875052045,Benndorf,5.77,1911.0,11.493373,51.571135,02,mittlere Besiedlungsdichte,False,327.7296360485269,5.79218898813845,-1.0465724751439032,66.85254027261462,150875052045,1953.0,2.304147465437788,50.18621973929236,30.36,11.46,5.02,,,,
15087055,Berga,15087,1040,1335,1051,197,18.942307692307693,2,0.19230769230769232,2,0.19230769230769232,4,0.38461538461538464,65,6.25,3,0.28846153846153844,555,53.36538461538461,0,0.0,53,5.096153846153846,75,7.211538461538462,23,2.2115384615384617,32,3.076923076923077,12,1.1538461538461537,3,0.28846153846153844,14,1.3461538461538463,1641,831,810,29.31139549055454,8.104814137720902,50.63985374771481,7.403061091090091,150875051055,Berga,25.9,1664.0,11.007196,51.456642,03,gering besiedelt,False,63.35907335907336,4.148818122384599,-1.3822115384615419,78.72659176029963,150875051055,1654.0,1.9951632406287787,31.865284974093264,71.04,6.08,5.09,,,,
15087070,Blankenheim,15087,771,942,776,140,18.15823605706874,2,0.2594033722438392,3,0.38910505836575876,7,0.9079118028534371,33,4.280155642023346,4,0.5188067444876784,416,53.95590142671855,2,0.2594033722438392,58,7.522697795071336,52,6.744487678339818,23,2.9831387808041505,16,2.0752269779507135,7,0.9079118028534371,0,0.0,8,1.0376134889753568,1118,558,560,32.11091234347048,7.8711985688729875,49.910554561717355,7.0192966537150445,150875052070,Blankenheim,14.83,1138.0,11.428946,51.505695,03,gering besiedelt,False,75.38772757923128,4.322644497565204,-1.7574692442882234,82.37791932059449,150875052070,1136.0,1.056338028169014,30.223880597014926,84.37,6.49,4.7,,,,
15087075,Bornstedt,15087,492,635,500,82,16.666666666666668,1,0.2032520325203252,2,0.4065040650406504,3,0.6097560975609756,20,4.065040650406504,0,0.0,267,54.26829268292683,2,0.4065040650406504,30,6.097560975609756,47,9.552845528455284,7,1.4227642276422765,13,2.6422764227642275,8,1.6260162601626016,0,0.0,10,2.032520325203252,766,395,371,30.678851174934724,5.613577023498695,51.56657963446475,6.641182169740591,150875052075,Bornstedt,9.38,773.0,11.482934,51.482251,03,gering besiedelt,False,81.66311300639659,4.402602406722458,-0.9055627425614499,78.74015748031496,150875052075,792.0,0.8838383838383839,30.79019073569482,85.56,7.39,4.56,,,,
15087101,Brücken-Hackpfüffel,15087,647,810,656,116,17.928902627511594,3,0.46367851622874806,1,0.1545595054095827,3,0.46367851622874806,29,4.482225656877898,1,0.1545595054095827,340,52.55023183925812,3,0.46367851622874806,45,6.955177743431221,55,8.500772797527048,10,1.545595054095827,27,4.1731066460587325,2,0.3091190108191654,2,0.3091190108191654,10,1.545595054095827,958,462,496,30.68893528183716,7.09812108559499,48.225469728601254,6.86484777797086,150875051101,Brücken-Hackpfüffel,16.73,972.0,11.199536,51.444205,03,gering besiedelt,False,57.26240286909743,4.047644262972128,-1.4403292181069949,80.98765432098766,150875051101,967.0,0.31023784901758017,33.898305084745765,80.3,5.49,4.4,,,,
15087125,Edersleben,15087,638,771,644,124,19.435736677115987,2,0.31347962382445144,2,0.31347962382445144,5,0.7836990595611285,42,6.58307210031348,2,0.31347962382445144,321,50.31347962382445,1,0.15673981191222572,53,8.307210031347962,35,5.4858934169279,12,1.8808777429467085,25,3.9184952978056424,5,0.7836990595611285,1,0.15673981191222572,8,1.2539184952978057,916,459,457,32.86026200873363,6.222707423580786,50.109170305676855,6.82001636467413,150875051125,Edersleben,9.11,939.0,11.291058,51.417553,03,gering besiedelt,False,100.54884742041713,4.6106436534022635,-2.4494142705005273,83.52788586251621,150875051125,958.0,0.5219206680584552,25.458715596330276,79.45,5.43,5.09,,,,
15087130,"Eisleben, Lutherstadt",15087,12626,17701,12769,2054,16.268018374782194,63,0.49897037858387455,31,0.24552510692222398,69,0.546491367020434,670,5.306510375415809,53,0.4197687311896087,6595,52.23348645651829,23,0.18216378900681135,1000,7.92016473942658,948,7.508316172976398,312,2.471091398701093,560,4.435292254078885,102,0.8078568034215111,13,0.10296214161254554,133,1.0533819103437352,22225,10881,11344,30.380202474690662,10.789651293588301,48.95838020247469,10.008973060382106,150870130130,"Eisleben, Lutherstadt",144.74,22505.0,11.545175,51.527265,02,mittlere Besiedlungsdichte,True,153.55119524664914,5.034034030944124,-1.244167962674958,72.13716739167279,150870130130,22630.0,6.6990720282810425,47.21350411400458,38.58,11.82,5.19,17.21784776902887,20.26246719160105,11.48036253776435,15.699658703071673
15087165,"Gerbstedt, Stadt",15087,4315,5599,4368,717,16.616454229432215,27,0.6257242178447276,7,0.16222479721900349,19,0.440324449594438,208,4.820393974507532,21,0.48667439165701043,2404,55.71263035921205,10,0.23174971031286212,289,6.697566628041715,265,6.1413673232908454,99,2.294322132097335,179,4.148319814600232,31,0.7184241019698725,4,0.09269988412514485,35,0.8111239860950173,6543,3255,3288,32.90539507871007,7.259666819501757,49.74782209995415,8.78615105486974,150870165165,"Gerbstedt, Stadt",102.86,6601.0,11.625691,51.633084,03,gering besiedelt,True,63.61073303519347,4.1527822145229685,-0.8786547492804164,78.0139310591177,150870165165,6829.0,1.0543271342802754,35.053110773899846,76.85,9.1,4.43,,,,
15087205,Helbra,15087,2386,3176,2409,470,19.698239731768652,6,0.2514668901927913,9,0.37720033528918695,12,0.5029337803855826,134,5.616093880972339,6,0.2514668901927913,1265,53.017602682313495,5,0.20955574182732606,175,7.334450963956413,154,6.454316848281643,39,1.6345347862531434,64,2.682313495389774,18,0.7544006705783739,0,0.0,29,1.2154233025984913,3641,1722,1919,32.93051359516616,9.035979126613567,47.29469925844548,8.200013648175434,150875052205,Helbra,9.32,3687.0,11.492038,51.555953,02,mittlere Besiedlungsdichte,False,390.6652360515021,5.9678510194779335,-1.2476267968538068,75.85012594458438,150875052205,3750.0,1.2266666666666666,40.85173501577287,60.51,8.13,4.8,,,,
15087210,Hergisdorf,15087,908,1233,911,181,19.933920704845814,2,0.22026431718061673,3,0.3303964757709251,4,0.44052863436123346,48,5.286343612334802,1,0.11013215859030837,482,53.08370044052864,2,0.22026431718061673,53,5.8370044052863435,64,7.048458149779735,28,3.0837004405286343,17,1.8722466960352422,14,1.5418502202643172,1,0.11013215859030837,8,0.8810572687224669,1383,677,706,34.63485177151121,6.652205350686913,48.951554591467826,7.232010331664759,150875052210,Hergisdorf,9.6,1395.0,11.47889,51.537983,02,mittlere Besiedlungsdichte,False,144.0625,4.9702472331909675,-0.8602150537634357,73.88483373884834,150875052210,1482.0,0.8097165991902834,34.48753462603878,88.04,7.12,4.28,,,,
15087220,"Hettstedt, Stadt",15087,7424,10487,7485,1211,16.31196120689655,24,0.3232758620689655,11,0.14816810344827586,34,0.4579741379310345,385,5.185883620689655,62,0.8351293103448276,4070,54.82219827586207,19,0.25592672413793105,593,7.9876077586206895,505,6.802262931034483,160,2.1551724137931036,244,3.2866379310344827,43,0.5792025862068966,10,0.13469827586206898,53,0.7139008620689655,12626,6246,6380,35.022968477744335,9.337874227783939,49.46934896245842,9.44351345892757,150870220220,"Hettstedt, Stadt",37.03,12783.0,11.51366,51.645013,02,mittlere Besiedlungsdichte,True,340.9667836889009,5.83178506400205,-1.2281936947508454,71.37408219700582,150870220220,13111.0,5.42292731294333,47.739678096571026,40.75,14.26,4.92,17.73049645390071,17.19858156028369,8.043875685557587,20.07952286282306
15087250,"Kelbra (Kyffhäuser), Stadt",15087,2033,2683,2058,343,16.871618298081653,6,0.2951303492375799,3,0.14756517461878996,7,0.3443187407771766,96,4.722085587801279,13,0.6394490900147565,1015,49.926217412690605,5,0.24594195769798327,170,8.362026561731431,151,7.427447122479095,55,2.705361534677816,109,5.361534677816035,23,1.1313330054107231,0,0.0,37,1.8199704869650764,3160,1560,1600,32.0253164556962,8.10126582278481,49.36708860759494,8.058327306580958,150875051250,"Kelbra (Kyffhäuser), Stadt",40.82,3196.0,11.041425,51.435698,03,gering besiedelt,True,77.41303282704557,4.349155149199259,-1.126408010012514,76.70518076779724,150875051250,3294.0,1.5179113539769278,37.74417139256459,74.3,9.76,4.68,,,,
15087260,Klostermansfeld,15087,1426,1841,1434,302,21.1781206171108,3,0.21037868162692847,0,0.0,4,0.2805049088359046,61,4.277699859747545,8,0.5610098176718092,711,49.859747545582046,2,0.1402524544179523,107,7.503506311360449,94,6.5918653576437585,45,3.1556802244039273,67,4.698457223001403,10,0.7012622720897616,1,0.07012622720897616,11,0.7713884992987378,2042,1049,993,36.28795298726738,5.778648383937316,51.371204701273264,7.621684998724611,150875052260,Klostermansfeld,8.84,2073.0,11.493705,51.583595,02,mittlere Besiedlungsdichte,False,230.99547511312218,5.442398122075059,-1.4954172696575063,77.89244975556763,150875052260,2179.0,1.101422670949977,38.502202643171806,76.32,7.23,4.59,,,,
15087275,"Mansfeld, Stadt",15087,5448,6897,5497,962,17.657856093979444,21,0.3854625550660793,15,0.2753303964757709,23,0.4221732745961821,252,4.6255506607929515,115,2.1108663729809103,2872,52.71659324522761,13,0.23861967694566813,389,7.140234948604992,357,6.552863436123348,132,2.4229074889867843,186,3.4140969162995596,59,1.0829662261380324,4,0.07342143906020558,48,0.8810572687224669,7946,3985,3961,36.106216964510445,6.166624716838661,50.151019380820536,8.980423936374544,150870275275,"Mansfeld, Stadt",144.61,8096.0,11.45461,51.594112,03,gering besiedelt,True,54.9477906092248,4.006383472747843,-1.85276679841897,79.70131941423807,150870275275,8369.0,1.4099653483092365,34.36888454011741,77.85,8.52,4.83,,,,
15087370,"Sangerhausen, Stadt",15087,14962,20607,15130,2933,19.602994252105333,87,0.5814730650982489,36,0.24060954417858574,86,0.5747894666488438,821,5.487234326961636,65,0.4344338992113354,7062,47.19957224969924,49,0.3274963240208528,1201,8.027001737735597,1268,8.474802833845743,333,2.2256382836519184,748,4.999331640155059,100,0.6683598449405159,24,0.16040636278572384,149,0.9958561689613687,25163,12259,12904,33.68040376743632,9.303342208798632,48.71835631681437,10.133129940590168,150870370370,"Sangerhausen, Stadt",208.46,25392.0,11.298597,51.473662,02,mittlere Besiedlungsdichte,True,120.70900892257507,4.7933827642789915,-0.9018588531821026,73.42165283641481,150870370370,25819.0,4.186839149463573,44.70140515222482,36.86,8.5,5.34,17.158176943699733,20.68811438784629,8.604038630377524,15.081652257444764
15087386,Seegebiet Mansfelder Land,15087,5804,7340,5877,823,14.17987594762233,20,0.34458993797381116,15,0.2584424534803584,23,0.39627842866988283,303,5.22053756030324,26,0.4479669193659545,3286,56.616126809097175,13,0.22398345968297725,421,7.253618194348725,357,6.150930392832529,138,2.377670572019297,238,4.100620261888353,69,1.1888352860096485,10,0.17229496898690558,62,1.0682288077188147,8429,4144,4285,31.818721081978882,7.521651441452129,49.16360185075335,9.039433419997483,150870386386,Seegebiet Mansfelder Land,108.73,8474.0,11.671313,51.460139,03,gering besiedelt,False,77.52230295226708,4.350565674987824,-0.5310361104555072,80.06811989100818,150870386386,8568.0,1.2955182072829132,37.71546770857274,66.15,6.83,4.97,,,,
15087412,Südharz,15087,5657,7319,5711,1073,18.967650698249955,23,0.40657592363443523,11,0.1944493547816864,10,0.176772140710624,286,5.055683224323847,21,0.3712214954923104,2830,50.02651582110659,20,0.353544281421248,475,8.39667668375464,408,7.21230334099346,133,2.351069471451299,249,4.401626303694537,53,0.9368923457663072,11,0.1944493547816864,54,0.9545695598373697,8734,4339,4395,32.69979390886192,7.591023585985803,49.67941378520724,9.074978734045507,150870412412,Südharz,237.59,8829.0,11.077138,51.463166,03,gering besiedelt,False,36.760806431247104,3.6044322349848095,-1.0759995469475592,78.02978548982101,150870412412,9037.0,2.179926966913799,37.610921501706486,69.43,6.96,4.74,,,,
15087440,Wallhausen,15087,1513,1991,1526,254,16.78783873099802,7,0.46265697290152014,3,0.1982815598149372,15,0.991407799074686,97,6.411103767349636,8,0.5287508261731659,772,51.024454725710505,8,0.5287508261731659,100,6.609385327164573,112,7.402511566424322,37,2.4454725710508924,68,4.49438202247191,9,0.5948446794448117,3,0.1982815598149372,20,1.3218770654329148,2330,1152,1178,34.07725321888412,7.982832618025751,49.44206008583691,7.753623546559746,150875051440,Wallhausen,35.47,2344.0,11.207467,51.460899,03,gering besiedelt,False,65.68931491401185,4.184936277774216,-0.5972696245733822,76.6449020592667,150875051440,2412.0,0.7877280265339967,35.3045013239188,70.03,6.38,4.98,,,,
15087470,Wimmelburg,15087,715,917,724,118,16.503496503496503,2,0.27972027972027974,2,0.27972027972027974,2,0.27972027972027974,40,5.594405594405594,2,0.27972027972027974,374,52.30769230769231,0,0.0,64,8.951048951048952,61,8.531468531468532,15,2.097902097902098,26,3.6363636363636362,3,0.4195804195804196,0,0.0,6,0.8391608391608392,1093,539,554,32.11344922232388,6.038426349496798,49.31381518755718,6.996681488176539,150875052470,Wimmelburg,8.6,1091.0,11.510328,51.519232,02,mittlere Besiedlungsdichte,False,127.09302325581396,4.844919284917077,0.18331805682860747,78.95310796074155,150875052470,1089.0,0.642791551882461,29.013539651837526,85.96,5.77,4.18,,,,
15088020,"Bad Dürrenberg, Stadt",15088,6488,9061,6534,1238,19.08138101109741,20,0.3082614056720099,17,0.26202219482120837,29,0.4469790382244143,272,4.192355117139334,12,0.18495684340320592,3310,51.01726263871763,14,0.2157829839704069,441,6.797163995067818,422,6.504315659679408,179,2.7589395807644883,390,6.011097410604193,59,0.9093711467324291,6,0.09247842170160296,79,1.217632552404439,11458,5575,5883,30.32815500087275,10.080293244894397,48.655960900680746,9.346443454968522,150880020020,"Bad Dürrenberg, Solestadt",36.26,11521.0,12.068592,51.292022,02,mittlere Besiedlungsdichte,True,315.9955874241589,5.755728249641818,-0.5468275323322613,72.11124599933783,150880020020,11305.0,6.90844758956214,48.58552631578947,38.93,7.47,5.42,20.16460905349794,19.444444444444443,9.719626168224298,16.149068322981368
15088025,"Bad Lauchstädt, Goethestadt",15088,5833,7407,5890,1124,19.2696725527173,34,0.5828904508829076,10,0.17143836790673753,30,0.5143151037202126,275,4.714555117435282,17,0.2914452254414538,3026,51.87725012857877,22,0.37716440939482254,322,5.520315446596949,365,6.25750042859592,142,2.434424824275673,323,5.537459283387622,67,1.1486370649751414,8,0.13715069432539,68,1.1657809017658152,8894,4401,4493,26.770856757364516,8.84866201933888,49.482797391499886,9.093132171070641,150880025025,"Bad Lauchstädt, Goethestadt",85.57,8883.0,11.867012,51.387158,03,gering besiedelt,True,103.93829613182191,4.643797416640679,0.12383203872565751,79.5193735655461,150880025025,8772.0,1.3907888736890104,38.50117096018735,62.83,6.49,5.43,,,,
15088030,Barnstädt,15088,616,773,618,122,19.805194805194805,2,0.3246753246753247,3,0.487012987012987,2,0.3246753246753247,39,6.3311688311688314,1,0.16233766233766234,306,49.675324675324674,0,0.0,45,7.305194805194805,42,6.818181818181818,20,3.2467532467532467,21,3.409090909090909,8,1.2987012987012987,0,0.0,5,0.8116883116883117,890,451,439,31.910112359550563,6.741573033707865,50.674157303370784,6.7912214627261855,150885051030,Barnstädt,18.38,911.0,11.643646,51.344942,03,gering besiedelt,False,48.4221980413493,3.8799583457986446,-2.3051591657519244,79.94825355756792,150885051030,947.0,1.1615628299894403,28.306264501160094,80.65,6.37,4.28,,,,
15088065,"Braunsbedra, Stadt",15088,6371,8564,6438,1188,18.64699419243447,26,0.40809919949772405,19,0.2982263380944907,43,0.6749332914770052,289,4.536179563647779,7,0.10987286140323341,3372,52.92732695024329,16,0.25113796892167634,451,7.078951498979752,402,6.309841469157118,144,2.2602417202950873,275,4.316433840841312,50,0.7848061528802386,8,0.12556898446083817,81,1.2713859676659864,10234,5089,5145,29.138166894664842,10.484658979871018,49.72640218878249,9.233470789365038,150880065065,"Braunsbedra, Stadt",74.64,10352.0,11.883678,51.283795,03,gering besiedelt,True,137.11146838156483,4.920794232825949,-1.1398763523956745,75.17515179822513,150880065065,10390.0,3.7151106833493746,43.45137717818999,43.85,10.52,4.87,18.038331454340472,16.00901916572717,4.8828125,16.632443531827516
15088100,Farnstädt,15088,958,1216,971,162,16.910229645093946,6,0.6263048016701461,1,0.10438413361169102,2,0.20876826722338204,43,4.488517745302714,6,0.6263048016701461,529,55.21920668058455,1,0.10438413361169102,69,7.202505219206681,56,5.845511482254698,23,2.4008350730688934,32,3.3402922755741127,13,1.3569937369519833,3,0.31315240083507306,12,1.2526096033402923,1418,729,689,29.830747531734836,7.545839210155148,51.41043723554302,7.257002707092073,150885051100,Farnstädt,27.22,1443.0,11.568642,51.425982,03,gering besiedelt,False,52.09404849375459,3.953050709868753,-1.7325017325017344,79.85197368421052,150885051100,1445.0,1.314878892733564,30.044843049327355,86.32,6.34,4.55,,,,
15088150,Kabelsketal,15088,5585,7101,5627,962,17.22470904207699,21,0.37600716204118173,13,0.23276633840644584,30,0.5371530886302597,267,4.780662488809311,7,0.12533572068039392,2685,48.075201432408235,21,0.37600716204118173,374,6.696508504923903,452,8.093106535362578,172,3.079677708146822,443,7.9319606087735,74,1.3249776186213071,7,0.12533572068039392,57,1.0205908683974934,8895,4505,4390,24.035975267003934,9.083754918493536,50.646430578976954,9.093244600099936,150880150150,Kabelsketal,51.18,8859.0,12.116478,51.428848,03,gering besiedelt,False,173.79835873388043,5.1578957693682925,0.406366407043679,79.24236023095338,150880150150,8815.0,3.2444696539988658,32.843019049915604,51.21,4.32,5.5,,,,
15088195,"Landsberg, Stadt",15088,9830,12196,9915,1846,18.779247202441507,34,0.34587995930824006,20,0.2034587995930824,55,0.5595116988809766,553,5.625635808748728,20,0.2034587995930824,4566,46.44964394710071,18,0.18311291963377416,664,6.754832146490336,772,7.8535096642929805,302,3.072227873855544,774,7.873855544252289,92,0.9359104781281791,11,0.11190233977619532,103,1.0478128179043744,14684,7295,7389,25.69463361481885,7.6273494960501225,49.67992372650504,9.594513744616725,150880195195,"Landsberg, Stadt",125.99,14772.0,12.15883,51.525359,03,gering besiedelt,True,116.54893245495674,4.758311205894186,-0.5957216355266692,81.29714660544441,150880195195,14724.0,2.4314045096441186,30.96498970285378,66.02,5.79,5.96,24.523809523809526,16.984126984126984,4.230769230769231,15.796519410977242
15088205,"Leuna, Stadt",15088,8980,11388,9034,1765,19.65478841870824,38,0.42316258351893093,31,0.34521158129175944,46,0.512249443207127,423,4.710467706013363,13,0.1447661469933185,4613,51.369710467706014,23,0.2561247216035635,576,6.414253897550111,607,6.759465478841871,209,2.3273942093541202,463,5.155902004454343,72,0.8017817371937639,8,0.08908685968819599,93,1.0356347438752784,14013,6962,7051,26.55391422250767,8.613430386070078,49.68243773638764,9.547740749170218,150880205205,"Leuna, Stadt",88.12,14131.0,12.024179,51.323779,03,gering besiedelt,True,159.0217884702678,5.069041227236076,-0.8350435213360652,79.32911837021426,150880205205,13898.0,2.3960282054971938,35.75694237085697,54.96,7.51,5.7,24.55242966751918,12.361466325660698,5.096418732782369,16.86046511627907
15088216,"Wettin-Löbejün, Stadt",15088,6253,7795,6304,1161,18.567087797857027,27,0.43179273948504715,10,0.15992323684631377,44,0.7036622421237806,271,4.333919718535103,18,0.28786182632336477,3089,49.40028786182632,14,0.22389253158483927,379,6.061090676475292,494,7.9002079002079,160,2.5587717895410202,479,7.66032304493843,45,0.7196545658084119,1,0.01599232368463138,61,0.975531744762514,9447,4702,4745,29.818990155604954,6.901661903249709,49.77241452312904,9.153452509769135,150880216216,"Wettin-Löbejün, Stadt",127.66,9554.0,11.901719,51.637419,03,gering besiedelt,True,74.00125332915557,4.304082029941223,-1.119949759263139,80.8723540731238,150880216216,9726.0,1.3469052025498662,31.94536241462877,69.35,7.27,4.86,,,,
15088220,"Merseburg, Stadt",15088,17746,24743,17886,3358,18.922574101205907,71,0.400090161163079,62,0.3493745069311394,81,0.4564408880874563,890,5.015214696269582,31,0.1746872534655697,8371,47.17119350839626,61,0.3437394342387017,1352,7.618618280175815,1431,8.063789022878396,428,2.4118111123633494,1256,7.077651301701792,126,0.7100191592471543,31,0.1746872534655697,197,1.1101093204102332,34491,17037,17454,25.914006552433968,12.933808819692093,49.39549447682004,10.448453699421849,150880220220,"Merseburg, Stadt",53.87,34392.0,11.992794,51.3571,02,mittlere Besiedlungsdichte,True,640.2635975496567,6.461879962729408,0.28785764131193936,72.2871115062846,150880220220,33302.0,12.062338598282386,51.03455866167731,26.49,9.39,5.46,23.94622093023256,21.54796511627907,11.511254019292604,18.968023255813954
15088235,"Mücheln (Geiseltal), Stadt",15088,5227,6830,5281,979,18.729672852496652,8,0.15305146355462024,9,0.17218289649894777,26,0.4974172565525158,243,4.64893820547159,21,0.40176009183087813,2882,55.136789745551944,9,0.17218289649894777,313,5.988138511574517,326,6.2368471398507745,103,1.9705375932657356,206,3.9410751865314713,46,0.8800459154390664,12,0.22957719533193036,44,0.8417830495504113,8039,3996,4043,28.821992785172284,8.545839034705809,49.70767508396567,8.99205997632796,150880235235,"Mücheln (Geiseltal), Stadt",99.03,8185.0,11.807061,51.300764,03,gering besiedelt,True,81.17742098354034,4.396637141794749,-1.7837507635919403,77.32064421669106,150880235235,8294.0,1.4950566674704606,37.020428500249125,63.51,10.09,4.78,,,,
15088250,Nemsdorf-Göhrendorf,15088,559,675,567,112,20.03577817531306,2,0.35778175313059035,0,0.0,3,0.5366726296958855,32,5.724508050089446,1,0.17889087656529518,283,50.62611806797853,1,0.17889087656529518,40,7.155635062611807,46,8.228980322003578,13,2.3255813953488373,19,3.3989266547406083,2,0.35778175313059035,0,0.0,5,0.8944543828264758,801,404,397,30.711610486891384,6.491885143570537,50.43695380774032,6.68586094706836,150885051250,Nemsdorf-Göhrendorf,17.23,807.0,11.659873,51.36285,03,gering besiedelt,False,46.48868253047011,3.839208896528521,-0.743494423791824,84.0,150885051250,801.0,1.9975031210986267,27.049180327868854,80.87,7.16,4.3,,,,
15088265,Obhausen,15088,1445,1815,1462,246,17.024221453287197,12,0.8304498269896193,3,0.20761245674740483,4,0.2768166089965398,71,4.913494809688581,5,0.3460207612456747,750,51.90311418685121,1,0.06920415224913495,117,8.09688581314879,114,7.889273356401384,30,2.0761245674740483,68,4.705882352941177,8,0.5536332179930796,5,0.3460207612456747,11,0.7612456747404844,2111,1056,1055,28.896257697773567,8.810990052108005,50.023685457129325,7.65491704784832,150885051265,Obhausen,37.5,2122.0,11.65471,51.39138,03,gering besiedelt,False,56.29333333333334,4.030576114871955,-0.518378887841664,80.55096418732782,150885051265,2181.0,1.2838147638697845,29.065040650406505,81.39,6.05,4.67,,,,
15088295,Petersberg,15088,6437,7854,6495,1204,18.70436538760292,24,0.37284449277613796,15,0.2330278079850862,39,0.6058723007612242,347,5.390709958054995,21,0.32623893117912073,3012,46.79198384340531,12,0.18642224638806898,376,5.841230386826162,540,8.389001087463104,209,3.2468541245922014,509,7.907410284293926,68,1.056392729532391,2,0.031070374398011497,59,0.9165760447413391,9221,4552,4669,29.671402234031017,6.712937859234357,49.365578570653945,9.129238770539141,150880295295,Petersberg,103.37,9329.0,11.949686,51.593677,03,gering besiedelt,False,89.20383089871335,4.490923985958748,-1.1576803515918055,82.69671504965622,150880295295,9417.0,0.5734310289901242,27.973516197682667,78.09,4.79,5.5,,,,
15088305,"Querfurt, Stadt",15088,6258,8544,6330,1117,17.849153084052414,25,0.39948865452221155,10,0.15979546180888463,43,0.687120485778204,358,5.72067753275807,27,0.4314477468839885,3223,51.50207734100351,13,0.20773410035155002,461,7.3665707893895815,381,6.088207094918505,159,2.5407478427612658,287,4.586129753914989,67,1.070629594119527,12,0.19175455417066156,75,1.1984659635666348,9868,4761,5107,31.992298338062422,8.532630725577624,48.246858532630725,9.197052477649247,150880305305,"Querfurt, Stadt",156.39,10007.0,11.597433,51.37863,02,mittlere Besiedlungsdichte,True,63.09866359741672,4.144699590201123,-1.3890276806235669,74.08707865168539,150880305305,10118.0,2.06562561771101,42.34095714011148,51.26,9.93,4.73,18.827508455467868,17.81285231116122,7.407407407407407,10.643015521064301
15088319,Salzatal,15088,7730,9559,7795,1551,20.064683053040103,25,0.32341526520051744,11,0.1423027166882277,30,0.38809831824062097,454,5.873221216041397,34,0.4398447606727037,3461,44.77360931435964,17,0.21992238033635186,521,6.739974126778784,626,8.098318240620957,255,3.298835705045278,590,7.632600258732213,67,0.8667529107373868,20,0.258732212160414,68,0.8796895213454075,11177,5529,5648,30.938534490471504,7.488592645611524,49.46765679520444,9.321613374385612,150880319319,Salzatal,109.95,11267.0,11.823568,51.525992,03,gering besiedelt,False,101.65529786266484,4.621587657384842,-0.7987929351202627,81.54618683962758,150880319319,11472.0,0.8716875871687587,31.50862868806829,67.88,5.01,5.77,24.798387096774192,15.32258064516129,3.9586919104991396,8.960573476702509
15088330,Schkopau,15088,7266,8952,7337,1326,18.249380677126343,30,0.41288191577208916,15,0.20644095788604458,39,0.5367464905037159,408,5.615194054500413,7,0.09633911368015415,3530,48.58243875584916,30,0.41288191577208916,455,6.262042389210019,573,7.886044591246903,170,2.339664189375172,513,7.060280759702725,62,0.853289292595651,10,0.13762730525736305,98,1.348747591522158,10646,5265,5381,26.009768927296637,9.130189742626339,49.455194439226,9.272939513732704,150880330330,Schkopau,100.2,10815.0,11.985224,51.389674,03,gering besiedelt,False,106.24750499001996,4.665771325081939,-1.5626444752658397,81.95933869526363,150880330330,10943.0,1.3433244996801608,31.27374525094981,68.64,5.83,5.36,26.608505997818973,16.139585605234462,3.918228279386712,15.957446808510639
15088340,"Schraplau, Stadt",15088,608,840,610,106,17.43421052631579,5,0.8223684210526315,1,0.16447368421052633,1,0.16447368421052633,27,4.440789473684211,3,0.4934210526315789,345,56.74342105263158,0,0.0,33,5.427631578947368,42,6.907894736842105,16,2.6315789473684212,20,3.289473684210526,3,0.4934210526315789,2,0.32894736842105265,4,0.6578947368421053,1001,497,504,33.26673326673327,6.793206793206793,49.65034965034965,6.90875477931522,150885051340,"Schraplau, Stadt",7.07,1020.0,11.666911,51.439277,03,gering besiedelt,True,141.58415841584159,4.952894299406739,-1.8627450980392202,72.61904761904762,150885051340,1061.0,1.0367577756833177,33.140655105973025,73.74,9.26,4.67,,,,
15088355,Steigra,15088,713,897,721,166,23.281907433380084,4,0.5610098176718092,0,0.0,1,0.1402524544179523,25,3.506311360448808,15,2.1037868162692845,353,49.509116409537164,1,0.1402524544179523,33,4.628330995792426,51,7.152875175315568,15,2.1037868162692845,33,4.628330995792426,7,0.9817671809256662,2,0.2805049088359046,7,0.9817671809256662,1030,519,511,29.902912621359224,7.572815533980583,50.38834951456311,6.937314081223682,150885051355,Steigra,29.78,1043.0,11.661257,51.29923,03,gering besiedelt,False,34.58697112155809,3.5434770539678184,-1.2464046021092967,80.37904124860647,150885051355,1068.0,0.7490636704119851,29.288702928870293,85.84,9.33,4.17,,,,
15088365,Teutschenthal,15088,8966,11108,9033,1591,17.744813740798573,27,0.30113763105063573,17,0.18960517510595584,53,0.5911220165068035,498,5.5543163060450595,23,0.25652464867276376,4449,49.62078964978809,25,0.2788311398616998,583,6.502342181574838,720,8.030336828016953,249,2.7771581530225298,556,6.201204550524203,82,0.9145661387463752,7,0.07807271916127594,86,0.9591791211242472,13009,6416,6593,32.23921900222923,6.8798524098700895,49.31970174494581,9.473396704601559,150880365365,Teutschenthal,91.05,13038.0,11.808664,51.450216,03,gering besiedelt,False,142.87753981328942,4.961987898427942,-0.2224267525694157,81.31976953546993,150880365365,13109.0,1.243420550766649,31.018964963034396,70.55,5.48,5.3,22.659667541557305,12.860892388451443,4.420731707317073,12.599681020733652
15089005,"Alsleben (Saale), Stadt",15089,1474,2001,1482,272,18.453188602442335,7,0.47489823609226595,0,0.0,7,0.47489823609226595,71,4.8168249660786975,5,0.33921302578018997,810,54.952510176390774,5,0.33921302578018997,80,5.4274084124830395,92,6.241519674355495,54,3.6635006784260518,44,2.985074626865672,6,0.40705563093622793,1,0.06784260515603799,20,1.3568521031207599,2518,1181,1337,29.38840349483717,8.57823669579031,46.90230341540906,7.831220214604293,150895052005,"Alsleben (Saale), Stadt",23.72,2526.0,11.67745,51.700463,03,gering besiedelt,True,106.15514333895447,4.664901640474768,-0.31670625494854,74.06296851574213,150895052005,2670.0,5.617977528089888,38.03384367445609,59.47,6.13,5.06,,,,
15089015,"Aschersleben, Stadt",15089,15060,20950,15219,2535,16.83266932270916,78,0.5179282868525896,32,0.21248339973439576,106,0.703851261620186,1191,7.908366533864542,57,0.3784860557768924,7012,46.56042496679947,72,0.47808764940239046,1183,7.855245683930943,1183,7.855245683930943,325,2.1580345285524567,931,6.181938911022576,125,0.8300132802124834,24,0.1593625498007968,206,1.3678618857901725,25364,12131,13233,31.04399936918467,10.436051096041634,47.82762971140199,10.141086124819923,150890015015,"Aschersleben, Stadt",156.83,25647.0,11.455041,51.756034,02,mittlere Besiedlungsdichte,True,161.72926098323023,5.0859237086735885,-1.1034428978048072,72.64439140811456,150890015015,26021.0,5.480189078052343,50.556449919507244,31.25,8.85,5.0,22.091974752028854,20.018034265103697,8.26580226904376,18.90459363957597
15089026,"Barby, Stadt",15089,5279,6583,5333,976,18.488350066300434,16,0.3030877060049252,11,0.20837279787838606,35,0.6630043568857739,268,5.0767190755824965,5,0.09471490812653911,2555,48.39931805266149,18,0.34097366925554085,354,6.705815495358969,458,8.675885584390983,169,3.201363894677022,290,5.493464671339269,46,0.8713771547641599,11,0.20837279787838606,67,1.2691797688956241,7803,3853,3950,30.97526592336281,7.317698321158529,49.37844418813277,8.962263554116761,150890026026,"Barby, Stadt",154.05,7813.0,11.880764,51.966471,03,gering besiedelt,True,50.65238558909444,3.924986329074084,-0.12799180852425263,81.01169679477442,150890026026,8022.0,1.7202692595362752,37.344818849759314,69.75,9.23,4.83,,,,
15089030,"Bernburg (Saale), Stadt",15089,18573,24920,18776,3232,17.401604479620953,90,0.48457438216766274,48,0.2584396704894201,112,0.603025897808647,918,4.94265869811016,26,0.1399881548484359,8598,46.29300597641738,62,0.333817907715501,1678,9.03462014752598,1450,7.8070317127012325,731,3.935820815161794,1247,6.71404727292306,114,0.6137942174123728,28,0.15075647445216175,239,1.2868141926452377,30572,14876,15696,30.197566400628027,10.804003663482925,48.658903571895856,10.327839836362775,150890030030,"Bernburg (Saale), Stadt",113.91,30992.0,11.737192,51.794389,02,mittlere Besiedlungsdichte,True,268.38732332543236,5.592431173450954,-1.3551884357253519,75.34510433386838,150890030030,31553.0,7.374893037112161,49.532066371935464,36.61,8.52,5.18,18.581455485777614,16.80827484299963,9.634551495016611,18.014705882352942
15089041,Bördeaue,15089,1146,1425,1166,180,15.706806282722512,9,0.7853403141361257,2,0.17452006980802792,7,0.6108202443280978,72,6.282722513089006,0,0.0,607,52.966841186736474,4,0.34904013961605584,93,8.115183246073299,74,6.457242582897033,24,2.094240837696335,49,4.275741710296684,14,1.2216404886561956,1,0.08726003490401396,10,0.8726003490401396,1727,825,902,25.65141864504922,9.843659525188187,47.77070063694268,7.454141078146678,150895051041,Bördeaue,25.51,1762.0,11.512902,51.931964,03,gering besiedelt,False,67.69894159153273,4.215070545992958,-1.9863791146424559,81.82456140350877,150895051041,1795.0,1.7827298050139275,35.40945790080738,70.17,8.29,4.57,,,,
15089042,Bördeland,15089,4958,6120,5021,787,15.873336022589754,29,0.5849132714804357,5,0.10084711577248891,36,0.7260992335619201,275,5.54659136748689,9,0.18152480839048002,2519,50.806776926179914,19,0.38321903993545786,373,7.523194836627672,366,7.382008874546188,146,2.9447357805566763,279,5.627269060104881,40,0.8067769261799113,14,0.2823719241629689,61,1.2303348124243647,7348,3642,3706,27.15024496461622,7.825258573761568,49.564507348938484,8.902183446335016,150890042042,Bördeland,92.53,7466.0,11.637674,52.003309,03,gering besiedelt,False,79.41208256781584,4.374650530074077,-1.5804982587730998,82.04248366013071,150890042042,7544.0,1.5641569459172853,30.867346938775512,71.4,6.69,4.6,,,,
15089043,Börde-Hakel,15089,1908,2423,1919,380,19.91614255765199,9,0.4716981132075472,4,0.20964360587002095,6,0.31446540880503143,108,5.660377358490566,0,0.0,991,51.939203354297696,6,0.31446540880503143,115,6.027253668763103,130,6.813417190775682,43,2.2536687631027252,72,3.7735849056603774,20,1.0482180293501049,2,0.10482180293501048,22,1.1530398322851152,2847,1421,1426,30.347734457323497,7.095187917105726,49.91218826835265,7.954021087278037,150895051043,Börde-Hakel,38.93,2893.0,11.390763,51.961656,03,gering besiedelt,False,73.1312612381197,4.292255925655673,-1.590044936052537,79.19933966157656,150895051043,2940.0,1.530612244897959,34.97501784439686,66.9,12.27,4.48,,,,
15089045,Borne,15089,780,986,791,114,14.615384615384615,4,0.5128205128205128,2,0.2564102564102564,6,0.7692307692307693,48,6.153846153846154,1,0.1282051282051282,431,55.256410256410255,3,0.38461538461538464,53,6.794871794871795,52,6.666666666666667,17,2.1794871794871793,36,4.615384615384615,7,0.8974358974358975,0,0.0,6,0.7692307692307693,1152,590,562,27.34375,7.899305555555555,51.21527777777778,7.049254841255837,150895051045,Borne,15.4,1149.0,11.555993,51.949545,03,gering besiedelt,False,74.8051948051948,4.314887331836253,0.26109660574411553,80.22312373225152,150895051045,1168.0,0.3424657534246575,34.196891191709845,71.19,6.67,5.09,,,,
15089055,"Calbe (Saale), Stadt",15089,4840,6617,4898,872,18.016528925619834,31,0.640495867768595,7,0.1446280991735537,39,0.8057851239669421,216,4.462809917355372,6,0.12396694214876033,2365,48.86363636363637,9,0.1859504132231405,391,8.078512396694215,413,8.53305785123967,102,2.1074380165289255,260,5.371900826446281,48,0.9917355371900827,4,0.08264462809917356,77,1.5909090909090908,7933,3866,4067,33.593848481028616,8.017143577461239,48.73314004790117,8.978786553302003,150890055055,"Calbe (Saale), Stadt",57.25,8030.0,11.774788,51.902787,02,mittlere Besiedlungsdichte,True,138.56768558951964,4.931358910867654,-1.2079701120797037,74.02145987607678,150890055055,8372.0,4.132823698041089,47.41814985717425,39.37,16.18,5.0,,,,
15089075,"Egeln, Stadt",15089,2009,2640,2039,373,18.566450970632154,9,0.44798407167745147,8,0.3982080637132902,8,0.3982080637132902,60,2.9865604778496766,3,0.1493280238924838,1068,53.16077650572424,10,0.49776007964161273,134,6.669985067197611,150,7.466401194624191,43,2.1403683424589346,87,4.330512692882031,32,1.5928322548531608,2,0.09955201592832255,22,1.095072175211548,3032,1478,1554,33.344327176781,7.717678100263853,48.7467018469657,8.016977746762262,150895051075,"Egeln, Stadt",29.33,3108.0,11.431714,51.943167,03,gering besiedelt,True,103.37538356631435,4.6383668637729025,-2.445302445302444,77.23484848484848,150895051075,3134.0,2.201659221442246,45.416666666666664,49.73,10.53,4.63,,,,
15089130,Giersleben,15089,621,777,627,93,14.97584541062802,1,0.1610305958132045,0,0.0,6,0.966183574879227,47,7.568438003220612,1,0.1610305958132045,322,51.851851851851855,4,0.644122383252818,41,6.602254428341385,46,7.407407407407407,14,2.254428341384863,24,3.864734299516908,9,1.4492753623188406,0,0.0,13,2.0933977455716586,905,443,462,30.828729281767956,7.624309392265193,48.950276243093924,6.807934943699926,150895052130,Giersleben,20.2,926.0,11.562105,51.763973,03,gering besiedelt,False,44.801980198019805,3.802252339292767,-2.2678185745140356,80.6949806949807,150895052130,940.0,0.425531914893617,30.825242718446603,84.01,10.37,4.08,,,,
15089165,"Güsten, Stadt",15089,2453,3183,2469,346,14.105177333876885,9,0.36689767631471665,4,0.16306563391765186,17,0.6930289441500204,120,4.891969017529556,5,0.20383204239706482,1392,56.74684060334285,10,0.40766408479412963,212,8.642478597635549,153,6.237260497350183,48,1.9567876070118222,74,3.0167142274765593,25,1.019160211985324,6,0.24459845087647777,32,1.3045250713412149,3744,1825,1919,30.368589743589745,7.532051282051282,48.74465811965812,8.227909837597483,150895052165,"Güsten, Stadt",36.23,3843.0,11.605461,51.794501,03,gering besiedelt,True,103.33977366823076,4.638022332690497,-2.576112412177989,77.56833176248821,150895052165,3967.0,3.3778674061003278,38.9344262295082,62.43,14.35,4.92,,,,
15089175,"Hecklingen, Stadt",15089,4277,5491,4312,635,14.846855272387188,22,0.5143792377834931,9,0.2104278700023381,29,0.6780453588964227,243,5.681552490063129,6,0.1402852466682254,2432,56.86228664952069,6,0.1402852466682254,312,7.2948328267477205,238,5.564648117839607,73,1.7068038344634089,157,3.6707972878185644,50,1.1690437222352117,4,0.09352349777881692,61,1.426233341126958,6368,3101,3267,29.71105527638191,8.134422110552764,48.696608040201006,8.75904072752422,150890175175,"Hecklingen, Stadt",95.93,6446.0,11.533566,51.847482,03,gering besiedelt,True,66.38173668299801,4.195421968694363,-1.2100527458889232,78.52850118375524,150890175175,6691.0,1.8233447915109848,34.58815958815959,66.34,12.17,4.68,,,,
15089185,Ilberstedt,15089,691,821,699,102,14.76121562952243,5,0.723589001447178,1,0.1447178002894356,2,0.2894356005788712,29,4.196816208393632,1,0.1447178002894356,399,57.7424023154848,0,0.0,61,8.827785817655572,35,5.065123010130246,19,2.7496382054992763,25,3.61794500723589,6,0.8683068017366136,1,0.1447178002894356,5,0.723589001447178,926,465,461,30.885529157667385,7.775377969762419,50.21598272138229,6.8308742346461795,150895052185,Ilberstedt,14.91,947.0,11.670404,51.80105,03,gering besiedelt,False,62.10596914822267,4.128842105869532,-2.2175290390707536,85.1400730816078,150895052185,962.0,1.0395010395010396,32.18884120171674,81.29,12.99,4.86,,,,
15089195,"Könnern, Stadt",15089,5000,6472,5051,772,15.44,22,0.44,13,0.26,30,0.6,261,5.22,7,0.14,2703,54.06,19,0.38,331,6.62,305,6.1,199,3.98,217,4.34,57,1.14,4,0.08,60,1.2,7804,3922,3882,28.805740645822656,7.778062532034854,50.256278831368526,8.962391701743002,150890195195,"Könnern, Stadt",125.78,7875.0,11.767742,51.670127,03,gering besiedelt,True,62.04484019716966,4.127857352627645,-0.9015873015873033,78.04388133498146,150890195195,7990.0,2.0275344180225283,32.15142628632365,72.67,8.35,4.66,,,,
15089235,"Nienburg (Saale), Stadt",15089,3928,4844,3975,678,17.260692464358453,17,0.43279022403258655,4,0.10183299389002037,18,0.45824847250509165,180,4.582484725050916,6,0.15274949083503056,2117,53.89511201629328,23,0.5855397148676171,230,5.855397148676171,263,6.6955193482688395,158,4.022403258655804,137,3.4877800407331976,39,0.9928716904276986,3,0.07637474541751528,55,1.4002036659877801,5607,2801,2806,31.30016051364366,7.347957909755663,49.955412876761194,8.631771096123673,150890235235,"Nienburg (Saale), Stadt",79.57,5635.0,11.766344,51.836428,03,gering besiedelt,True,70.46625612668092,4.25513395873423,-0.4968944099378869,82.06028075970272,150890235235,5842.0,2.6532009585758303,40.480961923847694,69.17,8.01,4.56,,,,
15089245,Plötzkau,15089,796,1012,803,93,11.683417085427136,6,0.7537688442211056,2,0.25125628140703515,3,0.3768844221105528,34,4.271356783919598,1,0.12562814070351758,500,62.814070351758794,0,0.0,37,4.648241206030151,48,6.030150753768845,28,3.5175879396984926,24,3.0150753768844223,9,1.1306532663316582,2,0.25125628140703515,9,1.1306532663316582,1165,563,602,31.330472103004293,8.49785407725322,48.32618025751073,7.060476365999801,150895052245,Plötzkau,23.91,1180.0,11.685753,51.74533,03,gering besiedelt,False,48.724383103304056,3.8861795845295677,-1.2711864406779627,79.34782608695652,150895052245,1229.0,1.3018714401952807,29.499072356215212,80.0,9.21,4.66,,,,
15089305,"Schönebeck (Elbe), Stadt",15089,17866,23931,18046,3101,17.35699093249748,106,0.5933057203627001,38,0.21269450352625097,115,0.6436807343557596,987,5.524459867905519,32,0.17911116086421136,8109,45.387887607746556,61,0.3414306503974029,1562,8.742863539684317,1646,9.21303033695287,479,2.6810701891861637,1234,6.90697414082615,116,0.6492779581327661,31,0.17351393708720475,249,1.3937087204746446,30250,14856,15394,30.07603305785124,10.68099173553719,49.110743801652895,10.317251463458987,150890305305,"Schönebeck (Elbe), Stadt",86.52,30419.0,11.738061,52.02049,02,mittlere Besiedlungsdichte,True,349.63014331946374,5.85687586237413,-0.5555738189947035,75.40846600643516,150890305305,30429.0,5.954845706398501,48.9153423167563,32.19,11.62,5.14,19.288174512055107,21.507845388442405,7.663964627855564,16.69329073482428
15089307,"Seeland, Stadt",15089,4776,6258,4830,860,18.00670016750419,18,0.3768844221105528,8,0.16750418760469013,21,0.4396984924623116,342,7.160804020100502,17,0.3559463986599665,2413,50.52345058626466,13,0.2721943048576214,347,7.265494137353434,321,6.721105527638191,96,2.0100502512562812,237,4.9623115577889445,33,0.6909547738693468,4,0.08375209380234507,46,0.9631490787269682,7420,3748,3672,29.110512129380055,9.191374663072777,50.512129380053906,8.911934336161426,150890307307,"Seeland, Stadt",79.06,7553.0,11.333106,51.800127,03,gering besiedelt,True,93.85277004806476,4.541727278292886,-1.7608897126969447,77.18120805369128,150890307307,7734.0,3.335919317300233,41.28104575163399,62.2,11.3,4.54,,,,
15089310,"Staßfurt, Salzstadt",15089,14181,19791,14318,2410,16.994570199562794,86,0.6064452436358508,17,0.11987871095127282,86,0.6064452436358508,753,5.309921726253438,25,0.17629222198716593,7618,53.7197658839292,37,0.26091248854100557,1086,7.658134123122488,930,6.558070657922572,318,2.2424370636767508,539,3.8008603060432975,104,0.7333756434666102,9,0.06346519991537973,163,1.1494252873563218,22900,11151,11749,31.29694323144105,8.751091703056769,48.69432314410481,10.03889218954233,150890310310,"Staßfurt, Salzstadt",147.18,23181.0,11.584398,51.850762,02,mittlere Besiedlungsdichte,True,155.5917923630928,5.047235862043878,-1.2121996462620244,72.34601586579758,150890310310,23818.0,2.5862792845746916,46.48162627052385,44.14,13.66,4.78,13.44007763221737,18.583212032993693,9.012464046021092,21.285563751317177
15089365,Wolmirsleben,15089,932,1129,941,164,17.59656652360515,4,0.4291845493562232,1,0.1072961373390558,4,0.4291845493562232,55,5.901287553648069,2,0.2145922746781116,497,53.32618025751073,1,0.1072961373390558,68,7.296137339055794,60,6.437768240343348,10,1.0729613733905579,52,5.579399141630901,6,0.6437768240343348,0,0.0,8,0.8583690987124464,1388,688,700,27.80979827089337,5.619596541786744,49.56772334293948,7.23561914106675,150895051365,Wolmirsleben,16.85,1380.0,11.487354,51.947359,03,gering besiedelt,False,82.37388724035607,4.411268484268379,0.5797101449275255,83.348095659876,150895051365,1378.0,0.7256894049346879,31.492537313432837,72.97,6.08,4.37,,,,
15090003,Aland,15090,920,1114,930,141,15.326086956521738,5,0.5434782608695652,3,0.32608695652173914,3,0.32608695652173914,42,4.565217391304348,1,0.10869565217391304,432,46.95652173913044,2,0.21739130434782608,91,9.891304347826088,80,8.695652173913043,22,2.391304347826087,75,8.152173913043478,12,1.3043478260869565,3,0.32608695652173914,8,0.8695652173913043,1304,667,637,27.837423312883434,7.438650306748467,51.15030674846626,7.1731917424865985,150905053003,Aland,92.84,1304.0,11.698147,52.923824,03,gering besiedelt,False,14.045669969840585,2.6423141610803618,0.0,83.48294434470377,150905053003,1313.0,1.5232292460015233,34.23566878980892,78.24,9.45,4.14,,,,
15090007,Altmärkische Höhe,15090,1176,1431,1189,226,19.217687074829932,6,0.5102040816326531,2,0.17006802721088435,3,0.25510204081632654,65,5.5272108843537415,1,0.08503401360544217,556,47.27891156462585,5,0.42517006802721086,63,5.357142857142857,122,10.374149659863946,22,1.870748299319728,72,6.122448979591836,14,1.1904761904761905,1,0.08503401360544217,18,1.530612244897959,1694,889,805,28.512396694214875,6.552538370720189,52.47933884297521,7.434847875211999,150905053007,Altmärkische Höhe,99.81,1737.0,11.630284,52.841586,03,gering besiedelt,False,16.972247269812645,2.8315794965135046,-2.4755325273460027,83.08874912648497,150905053007,1773.0,0.7896221094190637,30.739299610894943,82.81,14.43,4.09,,,,
15090008,Altmärkische Wische,15090,544,710,551,91,16.727941176470587,3,0.5514705882352942,0,0.0,1,0.18382352941176472,29,5.330882352941177,1,0.18382352941176472,274,50.36764705882353,1,0.18382352941176472,44,8.088235294117647,42,7.720588235294118,16,2.9411764705882355,32,5.882352941176471,4,0.7352941176470589,2,0.36764705882352944,4,0.7352941176470589,827,421,406,28.174123337363966,7.376058041112454,50.90689238210399,6.717804695023691,150905053008,Altmärkische Wische,67.43,831.0,11.876835,52.857082,03,gering besiedelt,False,12.264570665875722,2.5067146722772007,-0.48134777376654947,77.6056338028169,150905053008,828.0,1.328502415458937,33.41968911917098,71.06,9.6,4.01,,,,
15090010,"Arneburg, Stadt",15090,971,1218,984,142,14.624098867147271,8,0.82389289392379,2,0.2059732234809475,1,0.10298661174047374,39,4.016477857878476,3,0.30895983522142123,459,47.27085478887744,3,0.30895983522142123,95,9.783728115345005,107,11.019567456230691,25,2.5746652935118433,68,7.003089598352214,6,0.6179196704428425,1,0.10298661174047374,12,1.235839340885685,1379,687,692,33.7200870195794,7.541696881798405,49.818709209572155,7.229113877793302,150905051010,"Arneburg, Stadt",31.14,1402.0,12.002138,52.675249,03,gering besiedelt,True,44.28387925497752,3.7906207113874495,-1.6405135520684788,80.78817733990148,150905051010,1437.0,1.1830201809324983,38.034188034188034,68.98,8.81,4.95,,,,
15090070,"Bismark (Altmark), Stadt",15090,5228,6469,5282,939,17.960979342004592,15,0.2869166029074216,11,0.21040550879877581,23,0.43993879112471307,317,6.063504208110176,9,0.17214996174445293,2301,44.01300688599847,14,0.26778882938026016,452,8.64575363427697,528,10.099464422341239,167,3.1943381790359604,331,6.331293037490436,61,1.1667941851568477,13,0.2486610558530987,47,0.8990053557765876,7569,3750,3819,29.237680010569427,8.204518430439952,49.544193420531116,8.931816237309167,150900070070,"Bismark (Altmark), Stadt",290.7,7660.0,11.555013,52.661431,03,gering besiedelt,True,26.037151702786378,3.2595244297443373,-1.1879895561357712,81.65095068789611,150900070070,7854.0,1.1331805449452508,36.15467820443483,68.07,10.67,4.44,,,,
15090135,Eichstedt (Altmark),15090,588,673,593,110,18.707482993197278,4,0.6802721088435374,4,0.6802721088435374,0,0.0,24,4.081632653061225,2,0.3401360544217687,275,46.7687074829932,2,0.3401360544217687,46,7.8231292517006805,56,9.523809523809524,19,3.2312925170068025,32,5.442176870748299,10,1.7006802721088434,1,0.17006802721088435,3,0.5102040816326531,834,419,415,28.297362110311752,9.232613908872901,50.23980815347722,6.726233402358747,150905051135,Eichstedt (Altmark),33.09,835.0,11.852323,52.680118,03,gering besiedelt,False,25.203989120580232,3.227002280425226,-0.11976047904191933,88.11292719167905,150905051135,837.0,1.7921146953405018,32.98429319371728,73.26,11.34,4.36,,,,
15090180,Goldbeck,15090,929,1133,933,171,18.406889128094726,4,0.43057050592034446,2,0.21528525296017223,1,0.10764262648008611,49,5.27448869752422,0,0.0,380,40.90419806243273,3,0.32292787944025836,128,13.778256189451023,85,9.14962325080732,29,3.1216361679224973,55,5.920344456404736,14,1.5069967707212055,3,0.32292787944025836,5,0.5382131324004306,1363,676,687,24.7982391782832,8.657373440939105,49.5964783565664,7.217443431696533,150905051180,Goldbeck,26.99,1350.0,11.862559,52.717293,03,gering besiedelt,False,50.5001852537977,3.921977004666619,0.9629629629629655,82.3477493380406,150905051180,1394.0,2.0803443328550935,28.896103896103895,69.19,6.93,4.33,,,,
15090220,Hassel,15090,647,763,651,117,18.083462132921174,0,0.0,1,0.1545595054095827,1,0.1545595054095827,49,7.5734157650695515,1,0.1545595054095827,280,43.276661514683155,0,0.0,45,6.955177743431221,68,10.510046367851622,13,2.009273570324575,61,9.428129829984544,6,0.9273570324574961,0,0.0,5,0.7727975270479135,910,455,455,25.604395604395606,7.252747252747253,50.0,6.813444599510896,150905051220,Hassel,20.63,896.0,11.92681,52.640158,03,gering besiedelt,False,44.11051866214251,3.7866982724277354,1.5625,85.3211009174312,150905051220,899.0,3.670745272525028,24.879227053140095,70.74,3.7,4.99,,,,
15090225,"Havelberg, Hansestadt",15090,3776,5184,3821,644,17.055084745762713,13,0.3442796610169492,5,0.13241525423728814,17,0.4502118644067797,219,5.799788135593221,10,0.2648305084745763,1769,46.84851694915254,14,0.3707627118644068,331,8.765889830508474,343,9.083686440677965,90,2.3834745762711864,248,6.567796610169491,41,1.0858050847457628,7,0.1853813559322034,25,0.6620762711864406,6174,2995,3179,34.612892776158084,7.531584062196307,48.509880142533206,8.728102205062104,150900225225,"Havelberg, Hansestadt",150.12,6246.0,12.073338,52.824884,03,gering besiedelt,True,41.12709832134293,3.7166672307952844,-1.1527377521613813,73.70756172839506,150900225225,6182.0,2.296991264962795,47.27694090382387,40.45,10.82,4.56,,,,
15090245,Hohenberg-Krusemark,15090,805,982,808,93,11.5527950310559,2,0.2484472049689441,2,0.2484472049689441,4,0.4968944099378882,54,6.708074534161491,3,0.37267080745341613,425,52.79503105590062,1,0.12422360248447205,58,7.204968944099379,73,9.06832298136646,21,2.608695652173913,53,6.583850931677019,8,0.9937888198757764,1,0.12422360248447205,7,0.8695652173913043,1121,589,532,25.334522747546835,7.76092774308653,52.54237288135593,7.02197642307216,150905051245,Hohenberg-Krusemark,63.96,1128.0,11.947319,52.722925,03,gering besiedelt,False,17.526579111944965,2.8637185351064063,-0.6205673758865271,82.28105906313645,150905051245,1175.0,1.1063829787234043,33.8235294117647,75.09,10.4,4.23,,,,
15090270,Iden,15090,473,613,478,64,13.530655391120508,3,0.6342494714587738,1,0.21141649048625794,2,0.42283298097251587,30,6.342494714587738,0,0.0,213,45.03171247357294,1,0.21141649048625794,54,11.416490486257928,41,8.668076109936575,17,3.5940803382663846,35,7.399577167019028,7,1.4799154334038056,0,0.0,5,1.0570824524312896,711,347,364,33.333333333333336,8.720112517580873,48.80450070323488,6.566672429803241,150905051270,Iden,37.7,726.0,11.910947,52.779812,03,gering besiedelt,False,18.859416445623342,2.9370123353492756,-2.066115702479343,77.97716150081565,150905051270,743.0,4.8452220726783315,40.932642487046635,63.47,13.97,4.26,,,,
15090285,Kamern,15090,778,990,791,147,18.894601542416453,2,0.2570694087403599,3,0.3856041131105398,6,0.7712082262210797,56,7.197943444730077,2,0.2570694087403599,329,42.2879177377892,0,0.0,64,8.226221079691516,70,8.997429305912597,11,1.4138817480719794,68,8.740359897172237,9,1.1568123393316196,3,0.3856041131105398,8,1.0282776349614395,1150,600,550,33.391304347826086,6.608695652173913,52.17391304347826,7.047517221357296,150905052285,Kamern,68.26,1162.0,12.112871,52.748794,03,gering besiedelt,False,16.847348373864634,2.824193277878735,-1.03270223752151,79.8989898989899,150905052285,1208.0,1.2417218543046358,34.26443202979516,78.23,4.72,4.61,,,,
15090310,Klietz,15090,1030,1231,1036,164,15.922330097087379,5,0.4854368932038835,1,0.0970873786407767,2,0.1941747572815534,73,7.087378640776699,1,0.0970873786407767,514,49.90291262135922,5,0.4854368932038835,69,6.699029126213592,108,10.485436893203884,16,1.5533980582524272,54,5.242718446601942,12,1.1650485436893203,0,0.0,6,0.5825242718446602,1369,670,699,34.550766983199416,7.815924032140249,48.940832724616506,7.221835825288449,150905052310,Klietz,66.51,1401.0,12.068304,52.66738,03,gering besiedelt,False,20.583370921665914,3.024483512992119,-2.28408279800143,84.15922014622258,150905052310,1441.0,0.7633587786259542,37.79971791255289,71.49,11.98,4.29,,,,
15090415,"Osterburg (Altmark), Hansestadt",15090,6139,7914,6198,1182,19.25395015474833,23,0.37465385241896076,10,0.16289297931259164,14,0.22805017103762829,340,5.538361296628115,6,0.09773578758755498,2651,43.182928815768044,15,0.24433946896888745,593,9.659553673236683,581,9.464082098061574,158,2.573709073138948,411,6.694901449747515,95,1.5474833034696205,12,0.19547157517510996,48,0.7818863007004399,9274,4601,4673,31.82014233340522,8.033211127884408,49.611817985766656,9.134970064951407,150900415415,"Osterburg (Altmark), Hansestadt",231.14,9371.0,11.753617,52.787899,03,gering besiedelt,True,40.122869256727526,3.691946477404111,-1.035108312880162,78.31690674753601,150900415415,9435.0,1.579226285108638,45.13470044229996,52.22,10.35,4.93,,,,
15090435,Rochau,15090,670,803,680,101,15.074626865671641,2,0.29850746268656714,3,0.44776119402985076,2,0.29850746268656714,41,6.119402985074627,0,0.0,335,50.0,1,0.14925373134328357,66,9.850746268656716,59,8.805970149253731,22,3.283582089552239,29,4.3283582089552235,3,0.44776119402985076,1,0.14925373134328357,5,0.746268656716418,965,496,469,27.7720207253886,8.808290155440414,51.398963730569946,6.872128101338986,150905051435,Rochau,39.09,975.0,11.74164,52.707241,03,gering besiedelt,False,24.686620619084163,3.2062614215341223,-1.025641025641022,84.6824408468244,150905051435,982.0,1.4256619144602851,27.640449438202246,79.33,5.1,4.5,,,,
15090445,"Sandau (Elbe), Stadt",15090,562,707,566,98,17.437722419928825,2,0.35587188612099646,1,0.17793594306049823,5,0.8896797153024911,28,4.98220640569395,0,0.0,302,53.736654804270465,0,0.0,32,5.693950177935943,35,6.227758007117438,10,1.7793594306049823,34,6.049822064056939,11,1.9572953736654803,1,0.17793594306049823,3,0.5338078291814946,806,386,420,33.37468982630273,6.575682382133995,47.89081885856079,6.692083742506628,150905052445,"Sandau (Elbe), Stadt",18.55,796.0,12.046326,52.789726,03,gering besiedelt,True,43.450134770889484,3.771613953453184,1.2562814070351758,80.05657708628006,150905052445,806.0,0.49627791563275436,35.11450381679389,76.47,5.56,5.45,,,,
15090485,Schollene,15090,721,917,729,104,14.424410540915396,2,0.27739251040221913,3,0.4160887656033287,4,0.5547850208044383,22,3.0513176144244105,0,0.0,333,46.18585298196949,1,0.13869625520110956,74,10.263522884882109,66,9.153952843273231,19,2.635228848821082,53,7.3509015256588075,27,3.7447988904299585,1,0.13869625520110956,12,1.6643550624133148,1056,533,523,35.321969696969695,7.007575757575758,50.47348484848485,6.962243464266207,150905052485,Schollene,65.69,1058.0,12.217038,52.677054,03,gering besiedelt,False,16.07550616532197,2.7772967573618255,-0.1890359168241984,79.49836423118866,150905052485,1097.0,0.0,38.888888888888886,72.61,9.78,4.66,,,,
15090500,Schönhausen (Elbe),15090,1435,1719,1448,254,17.700348432055748,3,0.20905923344947736,1,0.06968641114982578,5,0.34843205574912894,92,6.411149825783972,2,0.13937282229965156,741,51.637630662020904,3,0.20905923344947736,90,6.2717770034843205,115,8.013937282229966,36,2.508710801393728,61,4.2508710801393725,15,1.0452961672473868,4,0.2787456445993031,13,0.9059233449477352,2077,1018,1059,30.0433317284545,7.31824747231584,49.01299951853635,7.638679823876112,150905052500,Schönhausen (Elbe),74.13,2099.0,12.037833,52.583138,03,gering besiedelt,False,28.018346148657766,3.332859515207484,-1.0481181515007099,84.23502036067481,150905052500,2142.0,0.7002801120448179,36.05313092979127,65.67,7.92,4.46,,,,
15090520,"Seehausen (Altmark), Hansestadt",15090,2876,3852,2916,469,16.307371349095966,20,0.6954102920723226,3,0.1043115438108484,4,0.13908205841446453,140,4.867872044506258,2,0.06954102920723226,1364,47.426981919332405,4,0.13908205841446453,259,9.00556328233658,284,9.874826147426981,73,2.5382475660639776,174,6.050069541029207,53,1.842837273991655,12,0.4172461752433936,15,0.521557719054242,4491,2230,2261,33.155199287463816,7.748830995323981,49.65486528612781,8.409830673087738,150905053520,"Seehausen (Altmark), Hansestadt",107.21,4554.0,11.75319,52.890369,03,gering besiedelt,True,41.889749090569914,3.73504114521959,-1.3833992094861691,75.70093457943925,150905053520,4707.0,2.273210112598258,43.25773195876289,47.72,11.54,4.53,,,,
15090535,"Stendal, Hansestadt",15090,21790,29431,22034,3675,16.865534648921525,111,0.5094079853143644,54,0.24782010096374485,107,0.49105094079853145,1408,6.461679669573199,31,0.14226709499770537,9155,42.014685635612665,76,0.34878384580082605,2046,9.389628269848554,2141,9.825608077099586,579,2.6571821936668196,1932,8.866452501147315,202,0.927030748049564,29,0.13308857273978889,244,1.11977971546581,37750,18428,19322,26.659602649006622,12.201324503311259,48.8158940397351,10.538740754677171,150900535535,"Stendal, Hansestadt",269.24,37850.0,11.858833,52.605755,02,mittlere Besiedlungsdichte,True,140.2094785321646,4.943137579534659,-0.26420079260237594,74.8666372192586,150900535535,37406.0,7.51751055980324,50.96869608084792,29.78,11.33,5.23,23.317073170731707,21.821138211382113,8.688433868289984,12.29557843731072
15090546,"Tangerhütte, Stadt",15090,6610,8380,6666,1150,17.39788199697428,36,0.5446293494704992,14,0.2118003025718608,30,0.45385779122541603,318,4.81089258698941,14,0.2118003025718608,3300,49.92435703479576,30,0.45385779122541603,448,6.777609682299546,579,8.75945537065053,185,2.798789712556732,374,5.6580937972768535,53,0.8018154311649016,7,0.1059001512859304,72,1.0892586989409985,10000,4931,5069,31.19,7.78,49.31,9.210340371976184,150900546546,"Tangerhütte, Stadt",297.08,10108.0,11.808341,52.434524,03,gering besiedelt,True,33.66096674296486,3.516338909175087,-1.068460625247325,79.54653937947494,150900546546,10336.0,2.573529411764706,40.03073376872839,61.15,10.73,4.78,20.159453302961275,20.387243735763096,7.751937984496124,15.126050420168067
15090550,"Tangermünde, Stadt",15090,6900,8581,6967,1182,17.130434782608695,32,0.463768115942029,13,0.18840579710144928,33,0.4782608695652174,357,5.173913043478261,10,0.14492753623188406,3272,47.42028985507246,29,0.42028985507246375,533,7.72463768115942,618,8.956521739130435,147,2.130434782608696,526,7.6231884057971016,72,1.0434782608695652,7,0.10144927536231885,69,1.0,10165,4857,5308,29.601574028529267,9.050664043285785,47.78160354156419,9.226705726062447,150900550550,"Tangermünde, Stadt",90.44,10212.0,11.973666,52.549088,02,mittlere Besiedlungsdichte,True,112.39495798319328,4.722019078652678,-0.460242851547199,81.19100337955949,150900550550,10255.0,1.7942467089224767,43.878116343490305,48.65,7.03,5.22,24.395857307249713,16.22554660529344,6.307977736549165,14.455445544554456
15090610,"Werben (Elbe), Hansestadt",15090,643,817,653,96,14.930015552099533,3,0.4665629860031104,0,0.0,3,0.4665629860031104,39,6.065318818040436,1,0.15552099533437014,316,49.14463452566096,3,0.4665629860031104,49,7.620528771384137,65,10.10886469673406,13,2.021772939346812,44,6.842923794712286,5,0.7776049766718507,1,0.15552099533437014,5,0.7776049766718507,898,469,429,34.521158129175944,7.461024498886414,52.2271714922049,6.8001700683022,150905051610,"Werben (Elbe), Hansestadt",53.19,899.0,11.982379,52.860907,03,gering besiedelt,True,16.882872720436172,2.8262996595479732,-0.11123470522803602,79.9265605875153,150905051610,952.0,0.6302521008403361,44.00785854616896,73.93,14.26,4.25,,,,
15090631,Wust-Fischbeck,15090,799,966,811,114,14.267834793491865,4,0.5006257822277848,1,0.1251564455569462,2,0.2503128911138924,37,4.630788485607009,1,0.1251564455569462,391,48.93617021276596,1,0.1251564455569462,53,6.633291614518147,84,10.513141426783479,21,2.6282853566958697,62,7.759699624530663,22,2.753441802252816,3,0.37546933667083854,3,0.37546933667083854,1141,577,564,28.13321647677476,8.06310254163015,50.569675723049954,7.039660349862076,150905052631,Wust-Fischbeck,68.46,1154.0,12.114724,52.54883,03,gering besiedelt,False,16.666666666666668,2.8134107167600364,-1.1265164644714054,83.9544513457557,150905052631,1209.0,1.488833746898263,30.39568345323741,70.77,8.37,3.98,,,,
15090635,Zehrental,15090,529,672,535,92,17.391304347826086,3,0.5671077504725898,1,0.1890359168241966,2,0.3780718336483932,22,4.158790170132325,1,0.1890359168241966,253,47.82608695652174,2,0.3780718336483932,32,6.049149338374291,68,12.854442344045369,7,1.3232514177693762,37,6.994328922495274,7,1.3232514177693762,0,0.0,2,0.3780718336483932,775,378,397,29.29032258064516,6.32258064516129,48.774193548387096,6.652863029353347,150905053635,Zehrental,72.79,784.0,11.609055,52.934283,03,gering besiedelt,False,10.647066904794613,2.36528444622318,-1.1479591836734748,79.61309523809524,150905053635,839.0,1.1918951132300357,29.023746701846967,79.33,13.96,4.12,,,,
15091010,"Annaburg, Stadt",15091,3988,5145,4038,723,18.12938816449348,19,0.4764292878635908,9,0.22567703109327983,18,0.45135406218655966,201,5.0401203610832495,6,0.15045135406218657,2162,54.212637913741226,9,0.22567703109327983,275,6.89568706118355,212,5.315947843530592,60,1.5045135406218655,140,3.510531594784353,110,2.7582748244734203,6,0.15045135406218657,38,0.9528585757271816,6189,3067,3122,32.54160607529488,7.319437712069801,49.55566327354985,8.73052880173936,150910010010,"Annaburg, Stadt",226.59,6309.0,13.046683,51.731338,03,gering besiedelt,True,27.31365020521647,3.307386584745895,-1.902044698050409,78.48396501457727,150910010010,6521.0,3.634411900015335,38.197289631263786,65.74,11.12,4.32,,,,
15091020,"Bad Schmiedeberg, Stadt",15091,5190,6625,5238,1079,20.789980732177263,19,0.36608863198458574,8,0.15414258188824662,21,0.4046242774566474,195,3.7572254335260116,5,0.09633911368015415,2482,47.822736030828516,7,0.1348747591522158,344,6.628131021194605,366,7.0520231213872835,118,2.2736030828516376,318,6.127167630057803,179,3.448940269749518,8,0.15414258188824662,41,0.789980732177264,7852,3856,3996,35.03565970453388,6.062149770759042,49.10850738665308,8.968523555396352,150910020020,"Bad Schmiedeberg, Stadt",161.23,7941.0,12.73142,51.683602,03,gering besiedelt,True,48.70061402964709,3.8856916384207034,-1.1207656466439953,79.06415094339623,150910020020,8058.0,1.8366840407048894,41.539208545763536,67.26,7.98,4.78,,,,
15091060,"Coswig (Anhalt), Stadt",15091,7251,9211,7325,1320,18.204385601985933,34,0.468900841263274,19,0.2620328230588884,37,0.5102744449041512,328,4.523513998069232,5,0.06895600606812853,3584,49.427665149634535,24,0.33098882912701694,558,7.695490277203144,539,7.433457454144256,155,2.1376361881119847,402,5.544062887877534,155,2.1376361881119847,8,0.11032960970900565,83,1.1446697007309337,11007,5491,5516,32.16135186699373,7.713273371490869,49.88643590442446,9.306286713023391,150910060060,"Coswig (Anhalt), Stadt",296.83,11129.0,12.457663,51.885582,03,gering besiedelt,True,37.08183135127851,3.613127128671104,-1.0962350615508987,79.52448159808924,150910060060,11319.0,5.132962275819419,40.73691460055097,61.17,8.52,4.62,17.177914110429448,16.56441717791411,4.797047970479705,21.663442940038685
15091110,"Gräfenhainichen, Stadt",15091,7181,9210,7258,1311,18.256510235343267,29,0.40384347583901964,15,0.20888455646845844,44,0.6127280323074781,314,4.37265004873973,14,0.1949589193705612,3671,51.12101378638073,21,0.2924383790558418,548,7.631249129647681,515,7.171703105417073,145,2.0192173791950982,345,4.804344798774544,120,1.6710764517476675,7,0.0974794596852806,82,1.1419022420275728,10990,5265,5725,33.53958143767061,7.934485896269336,47.90718835304823,9.304741047397666,150910110110,"Gräfenhainichen, Stadt",159.94,11228.0,12.455564,51.72918,03,gering besiedelt,True,68.71326747530324,4.229942302493924,-2.1197007481296715,78.8056460369164,150910110110,11359.0,2.8523637644158817,43.61863124264335,52.39,9.65,4.68,16.56686626746507,16.96606786427146,6.238185255198488,22.782258064516128
15091145,"Jessen (Elster), Stadt",15091,8625,11105,8707,1745,20.231884057971016,49,0.5681159420289855,16,0.1855072463768116,38,0.4405797101449275,487,5.646376811594203,16,0.1855072463768116,4111,47.66376811594203,37,0.4289855072463768,647,7.501449275362319,595,6.898550724637682,198,2.2956521739130435,409,4.742028985507246,168,1.9478260869565218,10,0.11594202898550725,99,1.1478260869565218,13538,6775,6763,29.37656965578372,8.849165312453835,50.0443196927168,9.513255825068553,150910145145,"Jessen (Elster), Stadt",353.93,13639.0,12.954825,51.790085,03,gering besiedelt,True,38.25050151159834,3.6441566716009266,-0.7405234987902354,78.40612336785232,150910145145,13910.0,6.08195542774982,38.78406708595388,59.26,9.3,5.03,20.238095238095237,18.282312925170068,3.7537537537537538,21.71875
15091160,"Kemberg, Stadt",15091,6438,7841,6501,1410,21.90121155638397,24,0.3727865796831314,9,0.13979496738117428,34,0.5281143212177695,280,4.349176762969867,9,0.13979496738117428,2950,45.821683752718236,15,0.23299161230195714,483,7.50232991612302,501,7.781919850885368,116,1.8018018018018018,381,5.917986952469711,148,2.2988505747126435,11,0.1708605156881019,67,1.0406958682820753,9089,4499,4590,32.81989217735725,6.4473539443283086,49.49939487292331,9.11482017011877,150910160160,"Kemberg, Stadt",237.09,9217.0,12.633727,51.772478,03,gering besiedelt,True,38.33565312750432,3.6463803542337767,-1.3887382011500526,82.91034306848616,150910160160,9514.0,1.3348749211688038,34.470842332613394,76.46,8.86,4.76,,,,
15091241,"Oranienbaum-Wörlitz, Stadt",15091,5246,6433,5316,974,18.566526877621044,23,0.4384292794510103,23,0.4384292794510103,27,0.5146778497903164,234,4.460541364849409,4,0.07624857033930614,2567,48.932520015249715,14,0.26686999618757146,364,6.9386199008768585,392,7.472359893252001,138,2.6305756767060617,319,6.080823484559665,99,1.8871521158978268,5,0.09531071292413268,63,1.2009149828440717,7863,4031,3832,30.420958921531223,7.948620119547247,51.26542032303192,8.969923491991516,150910241241,"Oranienbaum-Wörlitz, Stadt",116.07,7998.0,12.404739,51.79801,03,gering besiedelt,True,67.74360299819075,4.215730034610985,-1.6879219804951218,82.6364060314006,150910241241,8063.0,4.526851047997024,37.953629032258064,69.96,7.99,4.84,,,,
15091375,"Wittenberg, Lutherstadt",15091,27416,36188,27674,5822,21.23577473008462,121,0.44134811788736505,84,0.3063904289466005,154,0.561715786402101,1171,4.271228479719872,54,0.19696527575138606,11278,41.13656259118763,72,0.2626203676685147,2367,8.633644587102422,2315,8.44397432156405,581,2.1192004668806534,2353,8.582579515611322,705,2.57149110008754,41,0.14954770936679312,298,1.0869565217391304,44937,21767,23170,31.05903820904822,10.009568952088479,48.43892560696086,10.713016787836828,150910375375,"Wittenberg, Lutherstadt",241.77,45249.0,12.645554,51.867003,02,mittlere Besiedlungsdichte,True,185.86673284526614,5.225029926832299,-0.6895180003978041,76.4728639327954,150910375375,45010.0,5.318818040435459,47.445105684383336,38.5,6.66,5.32,21.594427244582043,18.782249742002065,8.47926267281106,19.083585095669687
15091391,"Zahna-Elster, Stadt",15091,6068,7436,6122,1342,22.11601845748187,28,0.4614370468029005,12,0.19775873434410018,32,0.5273566249176005,280,4.614370468029005,12,0.19775873434410018,2691,44.34739617666447,13,0.21423862887277523,471,7.762030323005932,446,7.350032959789058,142,2.340145023071852,340,5.603164139749506,185,3.048780487804878,12,0.19775873434410018,62,1.0217534607778511,8910,4418,4492,29.663299663299664,7.351290684624018,49.584736251402916,9.094929520464856,150910391391,"Zahna-Elster, Stadt",149.34,8984.0,12.829442,51.829561,03,gering besiedelt,True,59.66251506629168,4.0887039348573,-0.8236865538735483,82.32920925228618,150910391391,9195.0,2.425231103860794,34.85477178423236,76.4,4.69,4.64,,,,
