area_level,area_id,area_name,vote_type,party_code,party_name,votes,valid_votes,share_percent
LAND,15,Sachsen-Anhalt,Erststimmen,D01,CDU,362334,1061519,34.1335
LAND,15,Sachsen-Anhalt,Erststimmen,D02,AfD,231871,1061519,21.8433
LAND,15,Sachsen-Anhalt,Erststimmen,D03,DIE LINKE,135421,1061519,12.7573
LAND,15,Sachsen-Anhalt,Erststimmen,D04,SPD,116504,1061519,10.9752
LAND,15,Sachsen-Anhalt,Erststimmen,D05,GRÜNE,60495,1061519,5.6989
LAND,15,Sachsen-Anhalt,Erststimmen,D06,FDP,70714,1061519,6.6616
LAND,15,Sachsen-Anhalt,Erststimmen,D07,FREIE WÄHLER,57527,1061519,5.4193
LAND,15,Sachsen-Anhalt,Erststimmen,D08,NPD,160,1061519,0.0151
LAND,15,Sachsen-Anhalt,Erststimmen,D09,Tierschutzpartei,1056,1061519,0.0995
LAND,15,Sachsen-Anhalt,Erststimmen,D10,Tierschutzallianz,4518,1061519,0.4256
LAND,15,Sachsen-Anhalt,Erststimmen,D12,Die PARTEI,3909,1061519,0.3682
LAND,15,Sachsen-Anhalt,Erststimmen,D13,Gartenpartei,3216,1061519,0.303
LAND,15,Sachsen-Anhalt,Erststimmen,D14,FBM,2932,1061519,0.2762
LAND,15,Sachsen-Anhalt,Erststimmen,D16,dieBasis,7564,1061519,0.7126
LAND,15,Sachsen-Anhalt,Erststimmen,D21,ÖDP,145,1061519,0.0137
LAND,15,Sachsen-Anhalt,Erststimmen,D26,Andere KWV,3153,1061519,0.297
LAND,15,Sachsen-Anhalt,Erststimmen,D27,Andere KWV,0,1061519,0.0
LAND,15,Sachsen-Anhalt,Erststimmen,D28,Andere KWV,0,1061519,0.0
LAND,15,Sachsen-Anhalt,Zweitstimmen,F01,CDU,394810,1063697,37.1168
LAND,15,Sachsen-Anhalt,Zweitstimmen,F02,AfD,221487,1063697,20.8224
LAND,15,Sachsen-Anhalt,Zweitstimmen,F03,DIE LINKE,116927,1063697,10.9925
LAND,15,Sachsen-Anhalt,Zweitstimmen,F04,SPD,89475,1063697,8.4117
LAND,15,Sachsen-Anhalt,Zweitstimmen,F05,GRÜNE,63145,1063697,5.9364
LAND,15,Sachsen-Anhalt,Zweitstimmen,F06,FDP,68277,1063697,6.4188
LAND,15,Sachsen-Anhalt,Zweitstimmen,F07,FREIE WÄHLER,33291,1063697,3.1297
LAND,15,Sachsen-Anhalt,Zweitstimmen,F08,NPD,2888,1063697,0.2715
LAND,15,Sachsen-Anhalt,Zweitstimmen,F09,Tierschutzpartei,15279,1063697,1.4364
LAND,15,Sachsen-Anhalt,Zweitstimmen,F10,Tierschutzallianz,5109,1063697,0.4803
LAND,15,Sachsen-Anhalt,Zweitstimmen,F11,LKR,475,1063697,0.0447
LAND,15,Sachsen-Anhalt,Zweitstimmen,F12,Die PARTEI,7768,1063697,0.7303
LAND,15,Sachsen-Anhalt,Zweitstimmen,F13,Gartenpartei,8583,1063697,0.8069
LAND,15,Sachsen-Anhalt,Zweitstimmen,F14,FBM,1613,1063697,0.1516
LAND,15,Sachsen-Anhalt,Zweitstimmen,F15,TIERSCHUTZ hier!,6238,1063697,0.5864
LAND,15,Sachsen-Anhalt,Zweitstimmen,F16,dieBasis,15623,1063697,1.4687
LAND,15,Sachsen-Anhalt,Zweitstimmen,F19,Klimaliste ST,827,1063697,0.0777
LAND,15,Sachsen-Anhalt,Zweitstimmen,F21,ÖDP,1062,1063697,0.0998
LAND,15,Sachsen-Anhalt,Zweitstimmen,F22,Die Humanisten,1405,1063697,0.1321
LAND,15,Sachsen-Anhalt,Zweitstimmen,F23,Gesundheitsforschung,3951,1063697,0.3714
LAND,15,Sachsen-Anhalt,Zweitstimmen,F24,PIRATEN,3815,1063697,0.3587
LAND,15,Sachsen-Anhalt,Zweitstimmen,F25,WiR2020,1649,1063697,0.155
KREIS,15001,Kreisfreie Stadt Dessau-Roßlau,Erststimmen,D01,CDU,13530,37124,36.4454
KREIS,15001,Kreisfreie Stadt Dessau-Roßlau,Erststimmen,D02,AfD,7224,37124,19.4591
KREIS,15001,Kreisfreie Stadt Dessau-Roßlau,Erststimmen,D03,DIE LINKE,5037,37124,13.568
KREIS,15001,Kreisfreie Stadt Dessau-Roßlau,Erststimmen,D04,SPD,4213,37124,11.3485
KREIS,15001,Kreisfreie Stadt Dessau-Roßlau,Erststimmen,D05,GRÜNE,2851,37124,7.6797
KREIS,15001,Kreisfreie Stadt Dessau-Roßlau,Erststimmen,D06,FDP,3389,37124,9.1289
KREIS,15001,Kreisfreie Stadt Dessau-Roßlau,Erststimmen,D07,FREIE WÄHLER,880,37124,2.3704
KREIS,15001,Kreisfreie Stadt Dessau-Roßlau,Erststimmen,D08,NPD,0,37124,0.0
KREIS,15001,Kreisfreie Stadt Dessau-Roßlau,Erststimmen,D09,Tierschutzpartei,0,37124,0.0
KREIS,15001,Kreisfreie Stadt Dessau-Roßlau,Erststimmen,D10,Tierschutzallianz,0,37124,0.0
KREIS,15001,Kreisfreie Stadt Dessau-Roßlau,Erststimmen,D12,Die PARTEI,0,37124,0.0
KREIS,15001,Kreisfreie Stadt Dessau-Roßlau,Erststimmen,D13,Gartenpartei,0,37124,0.0
KREIS,15001,Kreisfreie Stadt Dessau-Roßlau,Erststimmen,D14,FBM,0,37124,0.0
KREIS,15001,Kreisfreie Stadt Dessau-Roßlau,Erststimmen,D16,dieBasis,0,37124,0.0
KREIS,15001,Kreisfreie Stadt Dessau-Roßlau,Erststimmen,D21,ÖDP,0,37124,0.0
KREIS,15001,Kreisfreie Stadt Dessau-Roßlau,Erststimmen,D26,Andere KWV,0,37124,0.0
KREIS,15001,Kreisfreie Stadt Dessau-Roßlau,Erststimmen,D27,Andere KWV,0,37124,0.0
KREIS,15001,Kreisfreie Stadt Dessau-Roßlau,Erststimmen,D28,Andere KWV,0,37124,0.0
KREIS,15001,Kreisfreie Stadt Dessau-Roßlau,Zweitstimmen,F01,CDU,14988,37350,40.1285
KREIS,15001,Kreisfreie Stadt Dessau-Roßlau,Zweitstimmen,F02,AfD,6858,37350,18.3614
KREIS,15001,Kreisfreie Stadt Dessau-Roßlau,Zweitstimmen,F03,DIE LINKE,4039,37350,10.8139
KREIS,15001,Kreisfreie Stadt Dessau-Roßlau,Zweitstimmen,F04,SPD,3005,37350,8.0455
KREIS,15001,Kreisfreie Stadt Dessau-Roßlau,Zweitstimmen,F05,GRÜNE,2846,37350,7.6198
KREIS,15001,Kreisfreie Stadt Dessau-Roßlau,Zweitstimmen,F06,FDP,2608,37350,6.9826
KREIS,15001,Kreisfreie Stadt Dessau-Roßlau,Zweitstimmen,F07,FREIE WÄHLER,726,37350,1.9438
KREIS,15001,Kreisfreie Stadt Dessau-Roßlau,Zweitstimmen,F08,NPD,102,37350,0.2731
KREIS,15001,Kreisfreie Stadt Dessau-Roßlau,Zweitstimmen,F09,Tierschutzpartei,494,37350,1.3226
KREIS,15001,Kreisfreie Stadt Dessau-Roßlau,Zweitstimmen,F10,Tierschutzallianz,111,37350,0.2972
KREIS,15001,Kreisfreie Stadt Dessau-Roßlau,Zweitstimmen,F11,LKR,9,37350,0.0241
KREIS,15001,Kreisfreie Stadt Dessau-Roßlau,Zweitstimmen,F12,Die PARTEI,227,37350,0.6078
KREIS,15001,Kreisfreie Stadt Dessau-Roßlau,Zweitstimmen,F13,Gartenpartei,219,37350,0.5863
KREIS,15001,Kreisfreie Stadt Dessau-Roßlau,Zweitstimmen,F14,FBM,14,37350,0.0375
KREIS,15001,Kreisfreie Stadt Dessau-Roßlau,Zweitstimmen,F15,TIERSCHUTZ hier!,204,37350,0.5462
KREIS,15001,Kreisfreie Stadt Dessau-Roßlau,Zweitstimmen,F16,dieBasis,466,37350,1.2477
KREIS,15001,Kreisfreie Stadt Dessau-Roßlau,Zweitstimmen,F19,Klimaliste ST,29,37350,0.0776
KREIS,15001,Kreisfreie Stadt Dessau-Roßlau,Zweitstimmen,F21,ÖDP,28,37350,0.075
KREIS,15001,Kreisfreie Stadt Dessau-Roßlau,Zweitstimmen,F22,Die Humanisten,42,37350,0.1124
KREIS,15001,Kreisfreie Stadt Dessau-Roßlau,Zweitstimmen,F23,Gesundheitsforschung,134,37350,0.3588
KREIS,15001,Kreisfreie Stadt Dessau-Roßlau,Zweitstimmen,F24,PIRATEN,148,37350,0.3963
KREIS,15001,Kreisfreie Stadt Dessau-Roßlau,Zweitstimmen,F25,WiR2020,53,37350,0.1419
KREIS,15002,Kreisfreie Stadt Halle (Saale),Erststimmen,D01,CDU,32463,111017,29.2415
KREIS,15002,Kreisfreie Stadt Halle (Saale),Erststimmen,D02,AfD,17503,111017,15.7661
KREIS,15002,Kreisfreie Stadt Halle (Saale),Erststimmen,D03,DIE LINKE,16951,111017,15.2688
KREIS,15002,Kreisfreie Stadt Halle (Saale),Erststimmen,D04,SPD,13625,111017,12.2729
KREIS,15002,Kreisfreie Stadt Halle (Saale),Erststimmen,D05,GRÜNE,14083,111017,12.6854
KREIS,15002,Kreisfreie Stadt Halle (Saale),Erststimmen,D06,FDP,9098,111017,8.1951
KREIS,15002,Kreisfreie Stadt Halle (Saale),Erststimmen,D07,FREIE WÄHLER,4496,111017,4.0498
KREIS,15002,Kreisfreie Stadt Halle (Saale),Erststimmen,D08,NPD,0,111017,0.0
KREIS,15002,Kreisfreie Stadt Halle (Saale),Erststimmen,D09,Tierschutzpartei,0,111017,0.0
KREIS,15002,Kreisfreie Stadt Halle (Saale),Erststimmen,D10,Tierschutzallianz,0,111017,0.0
KREIS,15002,Kreisfreie Stadt Halle (Saale),Erststimmen,D12,Die PARTEI,1638,111017,1.4754
KREIS,15002,Kreisfreie Stadt Halle (Saale),Erststimmen,D13,Gartenpartei,0,111017,0.0
KREIS,15002,Kreisfreie Stadt Halle (Saale),Erststimmen,D14,FBM,0,111017,0.0
KREIS,15002,Kreisfreie Stadt Halle (Saale),Erststimmen,D16,dieBasis,1160,111017,1.0449
KREIS,15002,Kreisfreie Stadt Halle (Saale),Erststimmen,D21,ÖDP,0,111017,0.0
KREIS,15002,Kreisfreie Stadt Halle (Saale),Erststimmen,D26,Andere KWV,0,111017,0.0
KREIS,15002,Kreisfreie Stadt Halle (Saale),Erststimmen,D27,Andere KWV,0,111017,0.0
KREIS,15002,Kreisfreie Stadt Halle (Saale),Erststimmen,D28,Andere KWV,0,111017,0.0
KREIS,15002,Kreisfreie Stadt Halle (Saale),Zweitstimmen,F01,CDU,35676,111244,32.07
KREIS,15002,Kreisfreie Stadt Halle (Saale),Zweitstimmen,F02,AfD,16698,111244,15.0102
KREIS,15002,Kreisfreie Stadt Halle (Saale),Zweitstimmen,F03,DIE LINKE,14604,111244,13.1279
KREIS,15002,Kreisfreie Stadt Halle (Saale),Zweitstimmen,F04,SPD,9806,111244,8.8149
KREIS,15002,Kreisfreie Stadt Halle (Saale),Zweitstimmen,F05,GRÜNE,15440,111244,13.8794
KREIS,15002,Kreisfreie Stadt Halle (Saale),Zweitstimmen,F06,FDP,8044,111244,7.231
KREIS,15002,Kreisfreie Stadt Halle (Saale),Zweitstimmen,F07,FREIE WÄHLER,2389,111244,2.1475
KREIS,15002,Kreisfreie Stadt Halle (Saale),Zweitstimmen,F08,NPD,162,111244,0.1456
KREIS,15002,Kreisfreie Stadt Halle (Saale),Zweitstimmen,F09,Tierschutzpartei,1761,111244,1.583
KREIS,15002,Kreisfreie Stadt Halle (Saale),Zweitstimmen,F10,Tierschutzallianz,431,111244,0.3874
KREIS,15002,Kreisfreie Stadt Halle (Saale),Zweitstimmen,F11,LKR,63,111244,0.0566
KREIS,15002,Kreisfreie Stadt Halle (Saale),Zweitstimmen,F12,Die PARTEI,1400,111244,1.2585
KREIS,15002,Kreisfreie Stadt Halle (Saale),Zweitstimmen,F13,Gartenpartei,558,111244,0.5016
KREIS,15002,Kreisfreie Stadt Halle (Saale),Zweitstimmen,F14,FBM,73,111244,0.0656
KREIS,15002,Kreisfreie Stadt Halle (Saale),Zweitstimmen,F15,TIERSCHUTZ hier!,589,111244,0.5295
KREIS,15002,Kreisfreie Stadt Halle (Saale),Zweitstimmen,F16,dieBasis,1612,111244,1.4491
KREIS,15002,Kreisfreie Stadt Halle (Saale),Zweitstimmen,F19,Klimaliste ST,235,111244,0.2112
KREIS,15002,Kreisfreie Stadt Halle (Saale),Zweitstimmen,F21,ÖDP,250,111244,0.2247
KREIS,15002,Kreisfreie Stadt Halle (Saale),Zweitstimmen,F22,Die Humanisten,332,111244,0.2984
KREIS,15002,Kreisfreie Stadt Halle (Saale),Zweitstimmen,F23,Gesundheitsforschung,408,111244,0.3668
KREIS,15002,Kreisfreie Stadt Halle (Saale),Zweitstimmen,F24,PIRATEN,569,111244,0.5115
KREIS,15002,Kreisfreie Stadt Halle (Saale),Zweitstimmen,F25,WiR2020,144,111244,0.1294
KREIS,15003,Kreisfreie Stadt Magdeburg,Erststimmen,D01,CDU,35931,116725,30.7826
KREIS,15003,Kreisfreie Stadt Magdeburg,Erststimmen,D02,AfD,18550,116725,15.8921
KREIS,15003,Kreisfreie Stadt Magdeburg,Erststimmen,D03,DIE LINKE,15586,116725,13.3528
KREIS,15003,Kreisfreie Stadt Magdeburg,Erststimmen,D04,SPD,13407,116725,11.486
KREIS,15003,Kreisfreie Stadt Magdeburg,Erststimmen,D05,GRÜNE,13428,116725,11.504
KREIS,15003,Kreisfreie Stadt Magdeburg,Erststimmen,D06,FDP,8058,116725,6.9034
KREIS,15003,Kreisfreie Stadt Magdeburg,Erststimmen,D07,FREIE WÄHLER,2786,116725,2.3868
KREIS,15003,Kreisfreie Stadt Magdeburg,Erststimmen,D08,NPD,160,116725,0.1371
KREIS,15003,Kreisfreie Stadt Magdeburg,Erststimmen,D09,Tierschutzpartei,0,116725,0.0
KREIS,15003,Kreisfreie Stadt Magdeburg,Erststimmen,D10,Tierschutzallianz,2726,116725,2.3354
KREIS,15003,Kreisfreie Stadt Magdeburg,Erststimmen,D12,Die PARTEI,890,116725,0.7625
KREIS,15003,Kreisfreie Stadt Magdeburg,Erststimmen,D13,Gartenpartei,3216,116725,2.7552
KREIS,15003,Kreisfreie Stadt Magdeburg,Erststimmen,D14,FBM,0,116725,0.0
KREIS,15003,Kreisfreie Stadt Magdeburg,Erststimmen,D16,dieBasis,1757,116725,1.5052
KREIS,15003,Kreisfreie Stadt Magdeburg,Erststimmen,D21,ÖDP,145,116725,0.1242
KREIS,15003,Kreisfreie Stadt Magdeburg,Erststimmen,D26,Andere KWV,85,116725,0.0728
KREIS,15003,Kreisfreie Stadt Magdeburg,Erststimmen,D27,Andere KWV,0,116725,0.0
KREIS,15003,Kreisfreie Stadt Magdeburg,Erststimmen,D28,Andere KWV,0,116725,0.0
KREIS,15003,Kreisfreie Stadt Magdeburg,Zweitstimmen,F01,CDU,38411,116847,32.8729
KREIS,15003,Kreisfreie Stadt Magdeburg,Zweitstimmen,F02,AfD,17683,116847,15.1335
KREIS,15003,Kreisfreie Stadt Magdeburg,Zweitstimmen,F03,DIE LINKE,14724,116847,12.6011
KREIS,15003,Kreisfreie Stadt Magdeburg,Zweitstimmen,F04,SPD,11166,116847,9.5561
KREIS,15003,Kreisfreie Stadt Magdeburg,Zweitstimmen,F05,GRÜNE,12580,116847,10.7662
KREIS,15003,Kreisfreie Stadt Magdeburg,Zweitstimmen,F06,FDP,7924,116847,6.7815
KREIS,15003,Kreisfreie Stadt Magdeburg,Zweitstimmen,F07,FREIE WÄHLER,2164,116847,1.852
KREIS,15003,Kreisfreie Stadt Magdeburg,Zweitstimmen,F08,NPD,312,116847,0.267
KREIS,15003,Kreisfreie Stadt Magdeburg,Zweitstimmen,F09,Tierschutzpartei,2535,116847,2.1695
KREIS,15003,Kreisfreie Stadt Magdeburg,Zweitstimmen,F10,Tierschutzallianz,1515,116847,1.2966
KREIS,15003,Kreisfreie Stadt Magdeburg,Zweitstimmen,F11,LKR,75,116847,0.0642
KREIS,15003,Kreisfreie Stadt Magdeburg,Zweitstimmen,F12,Die PARTEI,1231,116847,1.0535
KREIS,15003,Kreisfreie Stadt Magdeburg,Zweitstimmen,F13,Gartenpartei,2333,116847,1.9966
KREIS,15003,Kreisfreie Stadt Magdeburg,Zweitstimmen,F14,FBM,53,116847,0.0454
KREIS,15003,Kreisfreie Stadt Magdeburg,Zweitstimmen,F15,TIERSCHUTZ hier!,651,116847,0.5571
KREIS,15003,Kreisfreie Stadt Magdeburg,Zweitstimmen,F16,dieBasis,1580,116847,1.3522
KREIS,15003,Kreisfreie Stadt Magdeburg,Zweitstimmen,F19,Klimaliste ST,194,116847,0.166
KREIS,15003,Kreisfreie Stadt Magdeburg,Zweitstimmen,F21,ÖDP,224,116847,0.1917
KREIS,15003,Kreisfreie Stadt Magdeburg,Zweitstimmen,F22,Die Humanisten,303,116847,0.2593
KREIS,15003,Kreisfreie Stadt Magdeburg,Zweitstimmen,F23,Gesundheitsforschung,439,116847,0.3757
KREIS,15003,Kreisfreie Stadt Magdeburg,Zweitstimmen,F24,PIRATEN,575,116847,0.4921
KREIS,15003,Kreisfreie Stadt Magdeburg,Zweitstimmen,F25,WiR2020,175,116847,0.1498
KREIS,15081,Altmarkkreis Salzwedel,Erststimmen,D01,CDU,15119,41333,36.5785
KREIS,15081,Altmarkkreis Salzwedel,Erststimmen,D02,AfD,7703,41333,18.6364
KREIS,15081,Altmarkkreis Salzwedel,Erststimmen,D03,DIE LINKE,5533,41333,13.3864
KREIS,15081,Altmarkkreis Salzwedel,Erststimmen,D04,SPD,4967,41333,12.017
KREIS,15081,Altmarkkreis Salzwedel,Erststimmen,D05,GRÜNE,1788,41333,4.3258
KREIS,15081,Altmarkkreis Salzwedel,Erststimmen,D06,FDP,2082,41333,5.0371
KREIS,15081,Altmarkkreis Salzwedel,Erststimmen,D07,FREIE WÄHLER,3130,41333,7.5726
KREIS,15081,Altmarkkreis Salzwedel,Erststimmen,D08,NPD,0,41333,0.0
KREIS,15081,Altmarkkreis Salzwedel,Erststimmen,D09,Tierschutzpartei,0,41333,0.0
KREIS,15081,Altmarkkreis Salzwedel,Erststimmen,D10,Tierschutzallianz,0,41333,0.0
KREIS,15081,Altmarkkreis Salzwedel,Erststimmen,D12,Die PARTEI,0,41333,0.0
KREIS,15081,Altmarkkreis Salzwedel,Erststimmen,D13,Gartenpartei,0,41333,0.0
KREIS,15081,Altmarkkreis Salzwedel,Erststimmen,D14,FBM,0,41333,0.0
KREIS,15081,Altmarkkreis Salzwedel,Erststimmen,D16,dieBasis,903,41333,2.1847
KREIS,15081,Altmarkkreis Salzwedel,Erststimmen,D21,ÖDP,0,41333,0.0
KREIS,15081,Altmarkkreis Salzwedel,Erststimmen,D26,Andere KWV,108,41333,0.2613
KREIS,15081,Altmarkkreis Salzwedel,Erststimmen,D27,Andere KWV,0,41333,0.0
KREIS,15081,Altmarkkreis Salzwedel,Erststimmen,D28,Andere KWV,0,41333,0.0
KREIS,15081,Altmarkkreis Salzwedel,Zweitstimmen,F01,CDU,15535,41334,37.5841
KREIS,15081,Altmarkkreis Salzwedel,Zweitstimmen,F02,AfD,7658,41334,18.5271
KREIS,15081,Altmarkkreis Salzwedel,Zweitstimmen,F03,DIE LINKE,4945,41334,11.9635
KREIS,15081,Altmarkkreis Salzwedel,Zweitstimmen,F04,SPD,3931,41334,9.5103
KREIS,15081,Altmarkkreis Salzwedel,Zweitstimmen,F05,GRÜNE,2048,41334,4.9548
KREIS,15081,Altmarkkreis Salzwedel,Zweitstimmen,F06,FDP,2424,41334,5.8644
KREIS,15081,Altmarkkreis Salzwedel,Zweitstimmen,F07,FREIE WÄHLER,1838,41334,4.4467
KREIS,15081,Altmarkkreis Salzwedel,Zweitstimmen,F08,NPD,101,41334,0.2444
KREIS,15081,Altmarkkreis Salzwedel,Zweitstimmen,F09,Tierschutzpartei,516,41334,1.2484
KREIS,15081,Altmarkkreis Salzwedel,Zweitstimmen,F10,Tierschutzallianz,109,41334,0.2637
KREIS,15081,Altmarkkreis Salzwedel,Zweitstimmen,F11,LKR,31,41334,0.075
KREIS,15081,Altmarkkreis Salzwedel,Zweitstimmen,F12,Die PARTEI,287,41334,0.6943
KREIS,15081,Altmarkkreis Salzwedel,Zweitstimmen,F13,Gartenpartei,270,41334,0.6532
KREIS,15081,Altmarkkreis Salzwedel,Zweitstimmen,F14,FBM,22,41334,0.0532
KREIS,15081,Altmarkkreis Salzwedel,Zweitstimmen,F15,TIERSCHUTZ hier!,232,41334,0.5613
KREIS,15081,Altmarkkreis Salzwedel,Zweitstimmen,F16,dieBasis,879,41334,2.1266
KREIS,15081,Altmarkkreis Salzwedel,Zweitstimmen,F19,Klimaliste ST,51,41334,0.1234
KREIS,15081,Altmarkkreis Salzwedel,Zweitstimmen,F21,ÖDP,39,41334,0.0944
KREIS,15081,Altmarkkreis Salzwedel,Zweitstimmen,F22,Die Humanisten,35,41334,0.0847
KREIS,15081,Altmarkkreis Salzwedel,Zweitstimmen,F23,Gesundheitsforschung,172,41334,0.4161
KREIS,15081,Altmarkkreis Salzwedel,Zweitstimmen,F24,PIRATEN,145,41334,0.3508
KREIS,15081,Altmarkkreis Salzwedel,Zweitstimmen,F25,WiR2020,66,41334,0.1597
KREIS,15082,Landkreis Anhalt-Bitterfeld,Erststimmen,D01,CDU,27643,76130,36.3103
KREIS,15082,Landkreis Anhalt-Bitterfeld,Erststimmen,D02,AfD,19292,76130,25.3409
KREIS,15082,Landkreis Anhalt-Bitterfeld,Erststimmen,D03,DIE LINKE,10826,76130,14.2204
KREIS,15082,Landkreis Anhalt-Bitterfeld,Erststimmen,D04,SPD,5534,76130,7.2691
KREIS,15082,Landkreis Anhalt-Bitterfeld,Erststimmen,D05,GRÜNE,2746,76130,3.607
KREIS,15082,Landkreis Anhalt-Bitterfeld,Erststimmen,D06,FDP,4296,76130,5.643
KREIS,15082,Landkreis Anhalt-Bitterfeld,Erststimmen,D07,FREIE WÄHLER,5793,76130,7.6094
KREIS,15082,Landkreis Anhalt-Bitterfeld,Erststimmen,D08,NPD,0,76130,0.0
KREIS,15082,Landkreis Anhalt-Bitterfeld,Erststimmen,D09,Tierschutzpartei,0,76130,0.0
KREIS,15082,Landkreis Anhalt-Bitterfeld,Erststimmen,D10,Tierschutzallianz,0,76130,0.0
KREIS,15082,Landkreis Anhalt-Bitterfeld,Erststimmen,D12,Die PARTEI,0,76130,0.0
KREIS,15082,Landkreis Anhalt-Bitterfeld,Erststimmen,D13,Gartenpartei,0,76130,0.0
KREIS,15082,Landkreis Anhalt-Bitterfeld,Erststimmen,D14,FBM,0,76130,0.0
KREIS,15082,Landkreis Anhalt-Bitterfeld,Erststimmen,D16,dieBasis,0,76130,0.0
KREIS,15082,Landkreis Anhalt-Bitterfeld,Erststimmen,D21,ÖDP,0,76130,0.0
KREIS,15082,Landkreis Anhalt-Bitterfeld,Erststimmen,D26,Andere KWV,0,76130,0.0
KREIS,15082,Landkreis Anhalt-Bitterfeld,Erststimmen,D27,Andere KWV,0,76130,0.0
KREIS,15082,Landkreis Anhalt-Bitterfeld,Erststimmen,D28,Andere KWV,0,76130,0.0
KREIS,15082,Landkreis Anhalt-Bitterfeld,Zweitstimmen,F01,CDU,29524,76172,38.7596
KREIS,15082,Landkreis Anhalt-Bitterfeld,Zweitstimmen,F02,AfD,18384,76172,24.1349
KREIS,15082,Landkreis Anhalt-Bitterfeld,Zweitstimmen,F03,DIE LINKE,8607,76172,11.2994
KREIS,15082,Landkreis Anhalt-Bitterfeld,Zweitstimmen,F04,SPD,5176,76172,6.7951
KREIS,15082,Landkreis Anhalt-Bitterfeld,Zweitstimmen,F05,GRÜNE,2795,76172,3.6693
KREIS,15082,Landkreis Anhalt-Bitterfeld,Zweitstimmen,F06,FDP,4347,76172,5.7068
KREIS,15082,Landkreis Anhalt-Bitterfeld,Zweitstimmen,F07,FREIE WÄHLER,2551,76172,3.349
KREIS,15082,Landkreis Anhalt-Bitterfeld,Zweitstimmen,F08,NPD,266,76172,0.3492
KREIS,15082,Landkreis Anhalt-Bitterfeld,Zweitstimmen,F09,Tierschutzpartei,1069,76172,1.4034
KREIS,15082,Landkreis Anhalt-Bitterfeld,Zweitstimmen,F10,Tierschutzallianz,262,76172,0.344
KREIS,15082,Landkreis Anhalt-Bitterfeld,Zweitstimmen,F11,LKR,29,76172,0.0381
KREIS,15082,Landkreis Anhalt-Bitterfeld,Zweitstimmen,F12,Die PARTEI,387,76172,0.5081
KREIS,15082,Landkreis Anhalt-Bitterfeld,Zweitstimmen,F13,Gartenpartei,507,76172,0.6656
KREIS,15082,Landkreis Anhalt-Bitterfeld,Zweitstimmen,F14,FBM,66,76172,0.0866
KREIS,15082,Landkreis Anhalt-Bitterfeld,Zweitstimmen,F15,TIERSCHUTZ hier!,503,76172,0.6603
KREIS,15082,Landkreis Anhalt-Bitterfeld,Zweitstimmen,F16,dieBasis,883,76172,1.1592
KREIS,15082,Landkreis Anhalt-Bitterfeld,Zweitstimmen,F19,Klimaliste ST,38,76172,0.0499
KREIS,15082,Landkreis Anhalt-Bitterfeld,Zweitstimmen,F21,ÖDP,44,76172,0.0578
KREIS,15082,Landkreis Anhalt-Bitterfeld,Zweitstimmen,F22,Die Humanisten,61,76172,0.0801
KREIS,15082,Landkreis Anhalt-Bitterfeld,Zweitstimmen,F23,Gesundheitsforschung,303,76172,0.3978
KREIS,15082,Landkreis Anhalt-Bitterfeld,Zweitstimmen,F24,PIRATEN,242,76172,0.3177
KREIS,15082,Landkreis Anhalt-Bitterfeld,Zweitstimmen,F25,WiR2020,128,76172,0.168
KREIS,15083,Landkreis Börde,Erststimmen,D01,CDU,32167,87260,36.8634
KREIS,15083,Landkreis Börde,Erststimmen,D02,AfD,19655,87260,22.5246
KREIS,15083,Landkreis Börde,Erststimmen,D03,DIE LINKE,9665,87260,11.0761
KREIS,15083,Landkreis Börde,Erststimmen,D04,SPD,9638,87260,11.0452
KREIS,15083,Landkreis Börde,Erststimmen,D05,GRÜNE,3398,87260,3.8941
KREIS,15083,Landkreis Börde,Erststimmen,D06,FDP,5863,87260,6.719
KREIS,15083,Landkreis Börde,Erststimmen,D07,FREIE WÄHLER,4782,87260,5.4802
KREIS,15083,Landkreis Börde,Erststimmen,D08,NPD,0,87260,0.0
KREIS,15083,Landkreis Börde,Erststimmen,D09,Tierschutzpartei,0,87260,0.0
KREIS,15083,Landkreis Börde,Erststimmen,D10,Tierschutzallianz,742,87260,0.8503
KREIS,15083,Landkreis Börde,Erststimmen,D12,Die PARTEI,0,87260,0.0
KREIS,15083,Landkreis Börde,Erststimmen,D13,Gartenpartei,0,87260,0.0
KREIS,15083,Landkreis Börde,Erststimmen,D14,FBM,0,87260,0.0
KREIS,15083,Landkreis Börde,Erststimmen,D16,dieBasis,1148,87260,1.3156
KREIS,15083,Landkreis Börde,Erststimmen,D21,ÖDP,0,87260,0.0
KREIS,15083,Landkreis Börde,Erststimmen,D26,Andere KWV,202,87260,0.2315
KREIS,15083,Landkreis Börde,Erststimmen,D27,Andere KWV,0,87260,0.0
KREIS,15083,Landkreis Börde,Erststimmen,D28,Andere KWV,0,87260,0.0
KREIS,15083,Landkreis Börde,Zweitstimmen,F01,CDU,32711,87403,37.4255
KREIS,15083,Landkreis Börde,Zweitstimmen,F02,AfD,19448,87403,22.251
KREIS,15083,Landkreis Börde,Zweitstimmen,F03,DIE LINKE,8884,87403,10.1644
KREIS,15083,Landkreis Börde,Zweitstimmen,F04,SPD,7649,87403,8.7514
KREIS,15083,Landkreis Börde,Zweitstimmen,F05,GRÜNE,3553,87403,4.0651
KREIS,15083,Landkreis Börde,Zweitstimmen,F06,FDP,5844,87403,6.6863
KREIS,15083,Landkreis Börde,Zweitstimmen,F07,FREIE WÄHLER,2907,87403,3.326
KREIS,15083,Landkreis Börde,Zweitstimmen,F08,NPD,267,87403,0.3055
KREIS,15083,Landkreis Börde,Zweitstimmen,F09,Tierschutzpartei,1253,87403,1.4336
KREIS,15083,Landkreis Börde,Zweitstimmen,F10,Tierschutzallianz,526,87403,0.6018
KREIS,15083,Landkreis Börde,Zweitstimmen,F11,LKR,36,87403,0.0412
KREIS,15083,Landkreis Börde,Zweitstimmen,F12,Die PARTEI,572,87403,0.6544
KREIS,15083,Landkreis Börde,Zweitstimmen,F13,Gartenpartei,824,87403,0.9428
KREIS,15083,Landkreis Börde,Zweitstimmen,F14,FBM,46,87403,0.0526
KREIS,15083,Landkreis Börde,Zweitstimmen,F15,TIERSCHUTZ hier!,507,87403,0.5801
KREIS,15083,Landkreis Börde,Zweitstimmen,F16,dieBasis,1397,87403,1.5983
KREIS,15083,Landkreis Börde,Zweitstimmen,F19,Klimaliste ST,35,87403,0.04
KREIS,15083,Landkreis Börde,Zweitstimmen,F21,ÖDP,74,87403,0.0847
KREIS,15083,Landkreis Börde,Zweitstimmen,F22,Die Humanisten,95,87403,0.1087
KREIS,15083,Landkreis Börde,Zweitstimmen,F23,Gesundheitsforschung,346,87403,0.3959
KREIS,15083,Landkreis Börde,Zweitstimmen,F24,PIRATEN,293,87403,0.3352
KREIS,15083,Landkreis Börde,Zweitstimmen,F25,WiR2020,136,87403,0.1556
KREIS,15084,Burgenlandkreis,Erststimmen,D01,CDU,26364,80569,32.7223
KREIS,15084,Burgenlandkreis,Erststimmen,D02,AfD,20514,80569,25.4614
KREIS,15084,Burgenlandkreis,Erststimmen,D03,DIE LINKE,8405,80569,10.4321
KREIS,15084,Burgenlandkreis,Erststimmen,D04,SPD,10125,80569,12.5669
KREIS,15084,Burgenlandkreis,Erststimmen,D05,GRÜNE,2332,80569,2.8944
KREIS,15084,Burgenlandkreis,Erststimmen,D06,FDP,5132,80569,6.3697
KREIS,15084,Burgenlandkreis,Erststimmen,D07,FREIE WÄHLER,4017,80569,4.9858
KREIS,15084,Burgenlandkreis,Erststimmen,D08,NPD,0,80569,0.0
KREIS,15084,Burgenlandkreis,Erststimmen,D09,Tierschutzpartei,0,80569,0.0
KREIS,15084,Burgenlandkreis,Erststimmen,D10,Tierschutzallianz,179,80569,0.2222
KREIS,15084,Burgenlandkreis,Erststimmen,D12,Die PARTEI,1381,80569,1.7141
KREIS,15084,Burgenlandkreis,Erststimmen,D13,Gartenpartei,0,80569,0.0
KREIS,15084,Burgenlandkreis,Erststimmen,D14,FBM,0,80569,0.0
KREIS,15084,Burgenlandkreis,Erststimmen,D16,dieBasis,0,80569,0.0
KREIS,15084,Burgenlandkreis,Erststimmen,D21,ÖDP,0,80569,0.0
KREIS,15084,Burgenlandkreis,Erststimmen,D26,Andere KWV,2120,80569,2.6313
KREIS,15084,Burgenlandkreis,Erststimmen,D27,Andere KWV,0,80569,0.0
KREIS,15084,Burgenlandkreis,Erststimmen,D28,Andere KWV,0,80569,0.0
KREIS,15084,Burgenlandkreis,Zweitstimmen,F01,CDU,31156,80720,38.5976
KREIS,15084,Burgenlandkreis,Zweitstimmen,F02,AfD,20118,80720,24.9232
KREIS,15084,Burgenlandkreis,Zweitstimmen,F03,DIE LINKE,7926,80720,9.8191
KREIS,15084,Burgenlandkreis,Zweitstimmen,F04,SPD,6223,80720,7.7094
KREIS,15084,Burgenlandkreis,Zweitstimmen,F05,GRÜNE,2933,80720,3.6335
KREIS,15084,Burgenlandkreis,Zweitstimmen,F06,FDP,5041,80720,6.245
KREIS,15084,Burgenlandkreis,Zweitstimmen,F07,FREIE WÄHLER,1932,80720,2.3935
KREIS,15084,Burgenlandkreis,Zweitstimmen,F08,NPD,303,80720,0.3754
KREIS,15084,Burgenlandkreis,Zweitstimmen,F09,Tierschutzpartei,876,80720,1.0852
KREIS,15084,Burgenlandkreis,Zweitstimmen,F10,Tierschutzallianz,258,80720,0.3196
KREIS,15084,Burgenlandkreis,Zweitstimmen,F11,LKR,40,80720,0.0496
KREIS,15084,Burgenlandkreis,Zweitstimmen,F12,Die PARTEI,774,80720,0.9589
KREIS,15084,Burgenlandkreis,Zweitstimmen,F13,Gartenpartei,523,80720,0.6479
KREIS,15084,Burgenlandkreis,Zweitstimmen,F14,FBM,71,80720,0.088
KREIS,15084,Burgenlandkreis,Zweitstimmen,F15,TIERSCHUTZ hier!,429,80720,0.5315
KREIS,15084,Burgenlandkreis,Zweitstimmen,F16,dieBasis,1255,80720,1.5548
KREIS,15084,Burgenlandkreis,Zweitstimmen,F19,Klimaliste ST,30,80720,0.0372
KREIS,15084,Burgenlandkreis,Zweitstimmen,F21,ÖDP,68,80720,0.0842
KREIS,15084,Burgenlandkreis,Zweitstimmen,F22,Die Humanisten,66,80720,0.0818
KREIS,15084,Burgenlandkreis,Zweitstimmen,F23,Gesundheitsforschung,327,80720,0.4051
KREIS,15084,Burgenlandkreis,Zweitstimmen,F24,PIRATEN,249,80720,0.3085
KREIS,15084,Burgenlandkreis,Zweitstimmen,F25,WiR2020,122,80720,0.1511
KREIS,15085,Landkreis Harz,Erststimmen,D01,CDU,33212,103661,32.0391
KREIS,15085,Landkreis Harz,Erststimmen,D02,AfD,20953,103661,20.213
KREIS,15085,Landkreis Harz,Erststimmen,D03,DIE LINKE,14310,103661,13.8046
KREIS,15085,Landkreis Harz,Erststimmen,D04,SPD,15750,103661,15.1938
KREIS,15085,Landkreis Harz,Erststimmen,D05,GRÜNE,4893,103661,4.7202
KREIS,15085,Landkreis Harz,Erststimmen,D06,FDP,7302,103661,7.0441
KREIS,15085,Landkreis Harz,Erststimmen,D07,FREIE WÄHLER,6142,103661,5.9251
KREIS,15085,Landkreis Harz,Erststimmen,D08,NPD,0,103661,0.0
KREIS,15085,Landkreis Harz,Erststimmen,D09,Tierschutzpartei,0,103661,0.0
KREIS,15085,Landkreis Harz,Erststimmen,D10,Tierschutzallianz,0,103661,0.0
KREIS,15085,Landkreis Harz,Erststimmen,D12,Die PARTEI,0,103661,0.0
KREIS,15085,Landkreis Harz,Erststimmen,D13,Gartenpartei,0,103661,0.0
KREIS,15085,Landkreis Harz,Erststimmen,D14,FBM,13,103661,0.0125
KREIS,15085,Landkreis Harz,Erststimmen,D16,dieBasis,883,103661,0.8518
KREIS,15085,Landkreis Harz,Erststimmen,D21,ÖDP,0,103661,0.0
KREIS,15085,Landkreis Harz,Erststimmen,D26,Andere KWV,203,103661,0.1958
KREIS,15085,Landkreis Harz,Erststimmen,D27,Andere KWV,0,103661,0.0
KREIS,15085,Landkreis Harz,Erststimmen,D28,Andere KWV,0,103661,0.0
KREIS,15085,Landkreis Harz,Zweitstimmen,F01,CDU,39796,103820,38.3317
KREIS,15085,Landkreis Harz,Zweitstimmen,F02,AfD,20068,103820,19.3296
KREIS,15085,Landkreis Harz,Zweitstimmen,F03,DIE LINKE,11320,103820,10.9035
KREIS,15085,Landkreis Harz,Zweitstimmen,F04,SPD,10726,103820,10.3313
KREIS,15085,Landkreis Harz,Zweitstimmen,F05,GRÜNE,5392,103820,5.1936
KREIS,15085,Landkreis Harz,Zweitstimmen,F06,FDP,6525,103820,6.2849
KREIS,15085,Landkreis Harz,Zweitstimmen,F07,FREIE WÄHLER,3228,103820,3.1092
KREIS,15085,Landkreis Harz,Zweitstimmen,F08,NPD,231,103820,0.2225
KREIS,15085,Landkreis Harz,Zweitstimmen,F09,Tierschutzpartei,1356,103820,1.3061
KREIS,15085,Landkreis Harz,Zweitstimmen,F10,Tierschutzallianz,347,103820,0.3342
KREIS,15085,Landkreis Harz,Zweitstimmen,F11,LKR,27,103820,0.026
KREIS,15085,Landkreis Harz,Zweitstimmen,F12,Die PARTEI,606,103820,0.5837
KREIS,15085,Landkreis Harz,Zweitstimmen,F13,Gartenpartei,672,103820,0.6473
KREIS,15085,Landkreis Harz,Zweitstimmen,F14,FBM,64,103820,0.0616
KREIS,15085,Landkreis Harz,Zweitstimmen,F15,TIERSCHUTZ hier!,634,103820,0.6107
KREIS,15085,Landkreis Harz,Zweitstimmen,F16,dieBasis,1832,103820,1.7646
KREIS,15085,Landkreis Harz,Zweitstimmen,F19,Klimaliste ST,54,103820,0.052
KREIS,15085,Landkreis Harz,Zweitstimmen,F21,ÖDP,75,103820,0.0722
KREIS,15085,Landkreis Harz,Zweitstimmen,F22,Die Humanisten,100,103820,0.0963
KREIS,15085,Landkreis Harz,Zweitstimmen,F23,Gesundheitsforschung,330,103820,0.3179
KREIS,15085,Landkreis Harz,Zweitstimmen,F24,PIRATEN,308,103820,0.2967
KREIS,15085,Landkreis Harz,Zweitstimmen,F25,WiR2020,129,103820,0.1243
KREIS,15086,Landkreis Jerichower Land,Erststimmen,D01,CDU,16545,45492,36.369
KREIS,15086,Landkreis Jerichower Land,Erststimmen,D02,AfD,9982,45492,21.9423
KREIS,15086,Landkreis Jerichower Land,Erststimmen,D03,DIE LINKE,5055,45492,11.1118
KREIS,15086,Landkreis Jerichower Land,Erststimmen,D04,SPD,5834,45492,12.8242
KREIS,15086,Landkreis Jerichower Land,Erststimmen,D05,GRÜNE,2063,45492,4.5349
KREIS,15086,Landkreis Jerichower Land,Erststimmen,D06,FDP,2916,45492,6.4099
KREIS,15086,Landkreis Jerichower Land,Erststimmen,D07,FREIE WÄHLER,1178,45492,2.5895
KREIS,15086,Landkreis Jerichower Land,Erststimmen,D08,NPD,0,45492,0.0
KREIS,15086,Landkreis Jerichower Land,Erststimmen,D09,Tierschutzpartei,1056,45492,2.3213
KREIS,15086,Landkreis Jerichower Land,Erststimmen,D10,Tierschutzallianz,0,45492,0.0
KREIS,15086,Landkreis Jerichower Land,Erststimmen,D12,Die PARTEI,0,45492,0.0
KREIS,15086,Landkreis Jerichower Land,Erststimmen,D13,Gartenpartei,0,45492,0.0
KREIS,15086,Landkreis Jerichower Land,Erststimmen,D14,FBM,0,45492,0.0
KREIS,15086,Landkreis Jerichower Land,Erststimmen,D16,dieBasis,682,45492,1.4992
KREIS,15086,Landkreis Jerichower Land,Erststimmen,D21,ÖDP,0,45492,0.0
KREIS,15086,Landkreis Jerichower Land,Erststimmen,D26,Andere KWV,181,45492,0.3979
KREIS,15086,Landkreis Jerichower Land,Erststimmen,D27,Andere KWV,0,45492,0.0
KREIS,15086,Landkreis Jerichower Land,Erststimmen,D28,Andere KWV,0,45492,0.0
KREIS,15086,Landkreis Jerichower Land,Zweitstimmen,F01,CDU,18062,45616,39.5958
KREIS,15086,Landkreis Jerichower Land,Zweitstimmen,F02,AfD,9598,45616,21.0409
KREIS,15086,Landkreis Jerichower Land,Zweitstimmen,F03,DIE LINKE,4723,45616,10.3538
KREIS,15086,Landkreis Jerichower Land,Zweitstimmen,F04,SPD,4252,45616,9.3213
KREIS,15086,Landkreis Jerichower Land,Zweitstimmen,F05,GRÜNE,1981,45616,4.3428
KREIS,15086,Landkreis Jerichower Land,Zweitstimmen,F06,FDP,2649,45616,5.8072
KREIS,15086,Landkreis Jerichower Land,Zweitstimmen,F07,FREIE WÄHLER,1230,45616,2.6964
KREIS,15086,Landkreis Jerichower Land,Zweitstimmen,F08,NPD,114,45616,0.2499
KREIS,15086,Landkreis Jerichower Land,Zweitstimmen,F09,Tierschutzpartei,830,45616,1.8195
KREIS,15086,Landkreis Jerichower Land,Zweitstimmen,F10,Tierschutzallianz,188,45616,0.4121
KREIS,15086,Landkreis Jerichower Land,Zweitstimmen,F11,LKR,21,45616,0.046
KREIS,15086,Landkreis Jerichower Land,Zweitstimmen,F12,Die PARTEI,246,45616,0.5393
KREIS,15086,Landkreis Jerichower Land,Zweitstimmen,F13,Gartenpartei,328,45616,0.719
KREIS,15086,Landkreis Jerichower Land,Zweitstimmen,F14,FBM,30,45616,0.0658
KREIS,15086,Landkreis Jerichower Land,Zweitstimmen,F15,TIERSCHUTZ hier!,259,45616,0.5678
KREIS,15086,Landkreis Jerichower Land,Zweitstimmen,F16,dieBasis,565,45616,1.2386
KREIS,15086,Landkreis Jerichower Land,Zweitstimmen,F19,Klimaliste ST,15,45616,0.0329
KREIS,15086,Landkreis Jerichower Land,Zweitstimmen,F21,ÖDP,31,45616,0.068
KREIS,15086,Landkreis Jerichower Land,Zweitstimmen,F22,Die Humanisten,44,45616,0.0965
KREIS,15086,Landkreis Jerichower Land,Zweitstimmen,F23,Gesundheitsforschung,156,45616,0.342
KREIS,15086,Landkreis Jerichower Land,Zweitstimmen,F24,PIRATEN,141,45616,0.3091
KREIS,15086,Landkreis Jerichower Land,Zweitstimmen,F25,WiR2020,153,45616,0.3354
KREIS,15087,Landkreis Mansfeld-Südharz,Erststimmen,D01,CDU,21652,64961,33.3308
KREIS,15087,Landkreis Mansfeld-Südharz,Erststimmen,D02,AfD,18107,64961,27.8736
KREIS,15087,Landkreis Mansfeld-Südharz,Erststimmen,D03,DIE LINKE,9603,64961,14.7827
KREIS,15087,Landkreis Mansfeld-Südharz,Erststimmen,D04,SPD,5653,64961,8.7021
KREIS,15087,Landkreis Mansfeld-Südharz,Erststimmen,D05,GRÜNE,1850,64961,2.8479
KREIS,15087,Landkreis Mansfeld-Südharz,Erststimmen,D06,FDP,4908,64961,7.5553
KREIS,15087,Landkreis Mansfeld-Südharz,Erststimmen,D07,FREIE WÄHLER,451,64961,0.6943
KREIS,15087,Landkreis Mansfeld-Südharz,Erststimmen,D08,NPD,0,64961,0.0
KREIS,15087,Landkreis Mansfeld-Südharz,Erststimmen,D09,Tierschutzpartei,0,64961,0.0
KREIS,15087,Landkreis Mansfeld-Südharz,Erststimmen,D10,Tierschutzallianz,145,64961,0.2232
KREIS,15087,Landkreis Mansfeld-Südharz,Erststimmen,D12,Die PARTEI,0,64961,0.0
KREIS,15087,Landkreis Mansfeld-Südharz,Erststimmen,D13,Gartenpartei,0,64961,0.0
KREIS,15087,Landkreis Mansfeld-Südharz,Erststimmen,D14,FBM,2592,64961,3.9901
KREIS,15087,Landkreis Mansfeld-Südharz,Erststimmen,D16,dieBasis,0,64961,0.0
KREIS,15087,Landkreis Mansfeld-Südharz,Erststimmen,D21,ÖDP,0,64961,0.0
KREIS,15087,Landkreis Mansfeld-Südharz,Erststimmen,D26,Andere KWV,0,64961,0.0
KREIS,15087,Landkreis Mansfeld-Südharz,Erststimmen,D27,Andere KWV,0,64961,0.0
KREIS,15087,Landkreis Mansfeld-Südharz,Erststimmen,D28,Andere KWV,0,64961,0.0
KREIS,15087,Landkreis Mansfeld-Südharz,Zweitstimmen,F01,CDU,24430,65151,37.4975
KREIS,15087,Landkreis Mansfeld-Südharz,Zweitstimmen,F02,AfD,16794,65151,25.777
KREIS,15087,Landkreis Mansfeld-Südharz,Zweitstimmen,F03,DIE LINKE,7237,65151,11.108
KREIS,15087,Landkreis Mansfeld-Südharz,Zweitstimmen,F04,SPD,5133,65151,7.8786
KREIS,15087,Landkreis Mansfeld-Südharz,Zweitstimmen,F05,GRÜNE,1785,65151,2.7398
KREIS,15087,Landkreis Mansfeld-Südharz,Zweitstimmen,F06,FDP,3932,65151,6.0352
KREIS,15087,Landkreis Mansfeld-Südharz,Zweitstimmen,F07,FREIE WÄHLER,984,65151,1.5103
KREIS,15087,Landkreis Mansfeld-Südharz,Zweitstimmen,F08,NPD,208,65151,0.3193
KREIS,15087,Landkreis Mansfeld-Südharz,Zweitstimmen,F09,Tierschutzpartei,783,65151,1.2018
KREIS,15087,Landkreis Mansfeld-Südharz,Zweitstimmen,F10,Tierschutzallianz,224,65151,0.3438
KREIS,15087,Landkreis Mansfeld-Südharz,Zweitstimmen,F11,LKR,23,65151,0.0353
KREIS,15087,Landkreis Mansfeld-Südharz,Zweitstimmen,F12,Die PARTEI,451,65151,0.6922
KREIS,15087,Landkreis Mansfeld-Südharz,Zweitstimmen,F13,Gartenpartei,386,65151,0.5925
KREIS,15087,Landkreis Mansfeld-Südharz,Zweitstimmen,F14,FBM,890,65151,1.3661
KREIS,15087,Landkreis Mansfeld-Südharz,Zweitstimmen,F15,TIERSCHUTZ hier!,453,65151,0.6953
KREIS,15087,Landkreis Mansfeld-Südharz,Zweitstimmen,F16,dieBasis,826,65151,1.2678
KREIS,15087,Landkreis Mansfeld-Südharz,Zweitstimmen,F19,Klimaliste ST,26,65151,0.0399
KREIS,15087,Landkreis Mansfeld-Südharz,Zweitstimmen,F21,ÖDP,27,65151,0.0414
KREIS,15087,Landkreis Mansfeld-Südharz,Zweitstimmen,F22,Die Humanisten,45,65151,0.0691
KREIS,15087,Landkreis Mansfeld-Südharz,Zweitstimmen,F23,Gesundheitsforschung,256,65151,0.3929
KREIS,15087,Landkreis Mansfeld-Südharz,Zweitstimmen,F24,PIRATEN,183,65151,0.2809
KREIS,15087,Landkreis Mansfeld-Südharz,Zweitstimmen,F25,WiR2020,75,65151,0.1151
KREIS,15088,Saalekreis,Erststimmen,D01,CDU,34482,94223,36.5962
KREIS,15088,Saalekreis,Erststimmen,D02,AfD,24727,94223,26.2431
KREIS,15088,Saalekreis,Erststimmen,D03,DIE LINKE,11107,94223,11.788
KREIS,15088,Saalekreis,Erststimmen,D04,SPD,8772,94223,9.3098
KREIS,15088,Saalekreis,Erststimmen,D05,GRÜNE,4080,94223,4.3302
KREIS,15088,Saalekreis,Erststimmen,D06,FDP,6475,94223,6.872
KREIS,15088,Saalekreis,Erststimmen,D07,FREIE WÄHLER,3605,94223,3.826
KREIS,15088,Saalekreis,Erststimmen,D08,NPD,0,94223,0.0
KREIS,15088,Saalekreis,Erststimmen,D09,Tierschutzpartei,0,94223,0.0
KREIS,15088,Saalekreis,Erststimmen,D10,Tierschutzallianz,726,94223,0.7705
KREIS,15088,Saalekreis,Erststimmen,D12,Die PARTEI,0,94223,0.0
KREIS,15088,Saalekreis,Erststimmen,D13,Gartenpartei,0,94223,0.0
KREIS,15088,Saalekreis,Erststimmen,D14,FBM,249,94223,0.2643
KREIS,15088,Saalekreis,Erststimmen,D16,dieBasis,0,94223,0.0
KREIS,15088,Saalekreis,Erststimmen,D21,ÖDP,0,94223,0.0
KREIS,15088,Saalekreis,Erststimmen,D26,Andere KWV,0,94223,0.0
KREIS,15088,Saalekreis,Erststimmen,D27,Andere KWV,0,94223,0.0
KREIS,15088,Saalekreis,Erststimmen,D28,Andere KWV,0,94223,0.0
KREIS,15088,Saalekreis,Zweitstimmen,F01,CDU,36057,94569,38.1277
KREIS,15088,Saalekreis,Zweitstimmen,F02,AfD,22537,94569,23.8313
KREIS,15088,Saalekreis,Zweitstimmen,F03,DIE LINKE,9118,94569,9.6416
KREIS,15088,Saalekreis,Zweitstimmen,F04,SPD,6930,94569,7.328
KREIS,15088,Saalekreis,Zweitstimmen,F05,GRÜNE,3900,94569,4.124
KREIS,15088,Saalekreis,Zweitstimmen,F06,FDP,6843,94569,7.236
KREIS,15088,Saalekreis,Zweitstimmen,F07,FREIE WÄHLER,2352,94569,2.4871
KREIS,15088,Saalekreis,Zweitstimmen,F08,NPD,289,94569,0.3056
KREIS,15088,Saalekreis,Zweitstimmen,F09,Tierschutzpartei,1227,94569,1.2975
KREIS,15088,Saalekreis,Zweitstimmen,F10,Tierschutzallianz,489,94569,0.5171
KREIS,15088,Saalekreis,Zweitstimmen,F11,LKR,39,94569,0.0412
KREIS,15088,Saalekreis,Zweitstimmen,F12,Die PARTEI,564,94569,0.5964
KREIS,15088,Saalekreis,Zweitstimmen,F13,Gartenpartei,559,94569,0.5911
KREIS,15088,Saalekreis,Zweitstimmen,F14,FBM,145,94569,0.1533
KREIS,15088,Saalekreis,Zweitstimmen,F15,TIERSCHUTZ hier!,631,94569,0.6672
KREIS,15088,Saalekreis,Zweitstimmen,F16,dieBasis,1760,94569,1.8611
KREIS,15088,Saalekreis,Zweitstimmen,F19,Klimaliste ST,43,94569,0.0455
KREIS,15088,Saalekreis,Zweitstimmen,F21,ÖDP,68,94569,0.0719
KREIS,15088,Saalekreis,Zweitstimmen,F22,Die Humanisten,116,94569,0.1227
KREIS,15088,Saalekreis,Zweitstimmen,F23,Gesundheitsforschung,423,94569,0.4473
KREIS,15088,Saalekreis,Zweitstimmen,F24,PIRATEN,339,94569,0.3585
KREIS,15088,Saalekreis,Zweitstimmen,F25,WiR2020,140,94569,0.148
KREIS,15089,Salzlandkreis,Erststimmen,D01,CDU,29069,85146,34.1402
KREIS,15089,Salzlandkreis,Erststimmen,D02,AfD,20862,85146,24.5014
KREIS,15089,Salzlandkreis,Erststimmen,D03,DIE LINKE,11147,85146,13.0916
KREIS,15089,Salzlandkreis,Erststimmen,D04,SPD,8599,85146,10.0991
KREIS,15089,Salzlandkreis,Erststimmen,D05,GRÜNE,2827,85146,3.3202
KREIS,15089,Salzlandkreis,Erststimmen,D06,FDP,7580,85146,8.9024
KREIS,15089,Salzlandkreis,Erststimmen,D07,FREIE WÄHLER,4645,85146,5.4553
KREIS,15089,Salzlandkreis,Erststimmen,D08,NPD,0,85146,0.0
KREIS,15089,Salzlandkreis,Erststimmen,D09,Tierschutzpartei,0,85146,0.0
KREIS,15089,Salzlandkreis,Erststimmen,D10,Tierschutzallianz,0,85146,0.0
KREIS,15089,Salzlandkreis,Erststimmen,D12,Die PARTEI,0,85146,0.0
KREIS,15089,Salzlandkreis,Erststimmen,D13,Gartenpartei,0,85146,0.0
KREIS,15089,Salzlandkreis,Erststimmen,D14,FBM,78,85146,0.0916
KREIS,15089,Salzlandkreis,Erststimmen,D16,dieBasis,339,85146,0.3981
KREIS,15089,Salzlandkreis,Erststimmen,D21,ÖDP,0,85146,0.0
KREIS,15089,Salzlandkreis,Erststimmen,D26,Andere KWV,0,85146,0.0
KREIS,15089,Salzlandkreis,Erststimmen,D27,Andere KWV,0,85146,0.0
KREIS,15089,Salzlandkreis,Erststimmen,D28,Andere KWV,0,85146,0.0
KREIS,15089,Salzlandkreis,Zweitstimmen,F01,CDU,32549,85293,38.1614
KREIS,15089,Salzlandkreis,Zweitstimmen,F02,AfD,20173,85293,23.6514
KREIS,15089,Salzlandkreis,Zweitstimmen,F03,DIE LINKE,9497,85293,11.1346
KREIS,15089,Salzlandkreis,Zweitstimmen,F04,SPD,6698,85293,7.8529
KREIS,15089,Salzlandkreis,Zweitstimmen,F05,GRÜNE,2904,85293,3.4047
KREIS,15089,Salzlandkreis,Zweitstimmen,F06,FDP,5861,85293,6.8716
KREIS,15089,Salzlandkreis,Zweitstimmen,F07,FREIE WÄHLER,2289,85293,2.6837
KREIS,15089,Salzlandkreis,Zweitstimmen,F08,NPD,198,85293,0.2321
KREIS,15089,Salzlandkreis,Zweitstimmen,F09,Tierschutzpartei,1240,85293,1.4538
KREIS,15089,Salzlandkreis,Zweitstimmen,F10,Tierschutzallianz,352,85293,0.4127
KREIS,15089,Salzlandkreis,Zweitstimmen,F11,LKR,25,85293,0.0293
KREIS,15089,Salzlandkreis,Zweitstimmen,F12,Die PARTEI,393,85293,0.4608
KREIS,15089,Salzlandkreis,Zweitstimmen,F13,Gartenpartei,737,85293,0.8641
KREIS,15089,Salzlandkreis,Zweitstimmen,F14,FBM,54,85293,0.0633
KREIS,15089,Salzlandkreis,Zweitstimmen,F15,TIERSCHUTZ hier!,553,85293,0.6484
KREIS,15089,Salzlandkreis,Zweitstimmen,F16,dieBasis,960,85293,1.1255
KREIS,15089,Salzlandkreis,Zweitstimmen,F19,Klimaliste ST,35,85293,0.041
KREIS,15089,Salzlandkreis,Zweitstimmen,F21,ÖDP,53,85293,0.0621
KREIS,15089,Salzlandkreis,Zweitstimmen,F22,Die Humanisten,82,85293,0.0961
KREIS,15089,Salzlandkreis,Zweitstimmen,F23,Gesundheitsforschung,294,85293,0.3447
KREIS,15089,Salzlandkreis,Zweitstimmen,F24,PIRATEN,202,85293,0.2368
KREIS,15089,Salzlandkreis,Zweitstimmen,F25,WiR2020,144,85293,0.1688
KREIS,15090,Landkreis Stendal,Erststimmen,D01,CDU,15572,54244,28.7073
KREIS,15090,Landkreis Stendal,Erststimmen,D02,AfD,12544,54244,23.1251
KREIS,15090,Landkreis Stendal,Erststimmen,D03,DIE LINKE,5911,54244,10.8971
KREIS,15090,Landkreis Stendal,Erststimmen,D04,SPD,4828,54244,8.9005
KREIS,15090,Landkreis Stendal,Erststimmen,D05,GRÜNE,2034,54244,3.7497
KREIS,15090,Landkreis Stendal,Erststimmen,D06,FDP,3022,54244,5.5711
KREIS,15090,Landkreis Stendal,Erststimmen,D07,FREIE WÄHLER,9595,54244,17.6886
KREIS,15090,Landkreis Stendal,Erststimmen,D08,NPD,0,54244,0.0
KREIS,15090,Landkreis Stendal,Erststimmen,D09,Tierschutzpartei,0,54244,0.0
KREIS,15090,Landkreis Stendal,Erststimmen,D10,Tierschutzallianz,0,54244,0.0
KREIS,15090,Landkreis Stendal,Erststimmen,D12,Die PARTEI,0,54244,0.0
KREIS,15090,Landkreis Stendal,Erststimmen,D13,Gartenpartei,0,54244,0.0
KREIS,15090,Landkreis Stendal,Erststimmen,D14,FBM,0,54244,0.0
KREIS,15090,Landkreis Stendal,Erststimmen,D16,dieBasis,692,54244,1.2757
KREIS,15090,Landkreis Stendal,Erststimmen,D21,ÖDP,0,54244,0.0
KREIS,15090,Landkreis Stendal,Erststimmen,D26,Andere KWV,46,54244,0.0848
KREIS,15090,Landkreis Stendal,Erststimmen,D27,Andere KWV,0,54244,0.0
KREIS,15090,Landkreis Stendal,Erststimmen,D28,Andere KWV,0,54244,0.0
KREIS,15090,Landkreis Stendal,Zweitstimmen,F01,CDU,18531,54254,34.156
KREIS,15090,Landkreis Stendal,Zweitstimmen,F02,AfD,12132,54254,22.3615
KREIS,15090,Landkreis Stendal,Zweitstimmen,F03,DIE LINKE,5460,54254,10.0638
KREIS,15090,Landkreis Stendal,Zweitstimmen,F04,SPD,4254,54254,7.8409
KREIS,15090,Landkreis Stendal,Zweitstimmen,F05,GRÜNE,2389,54254,4.4034
KREIS,15090,Landkreis Stendal,Zweitstimmen,F06,FDP,2841,54254,5.2365
KREIS,15090,Landkreis Stendal,Zweitstimmen,F07,FREIE WÄHLER,5660,54254,10.4324
KREIS,15090,Landkreis Stendal,Zweitstimmen,F08,NPD,95,54254,0.1751
KREIS,15090,Landkreis Stendal,Zweitstimmen,F09,Tierschutzpartei,598,54254,1.1022
KREIS,15090,Landkreis Stendal,Zweitstimmen,F10,Tierschutzallianz,125,54254,0.2304
KREIS,15090,Landkreis Stendal,Zweitstimmen,F11,LKR,20,54254,0.0369
KREIS,15090,Landkreis Stendal,Zweitstimmen,F12,Die PARTEI,275,54254,0.5069
KREIS,15090,Landkreis Stendal,Zweitstimmen,F13,Gartenpartei,309,54254,0.5695
KREIS,15090,Landkreis Stendal,Zweitstimmen,F14,FBM,34,54254,0.0627
KREIS,15090,Landkreis Stendal,Zweitstimmen,F15,TIERSCHUTZ hier!,267,54254,0.4921
KREIS,15090,Landkreis Stendal,Zweitstimmen,F16,dieBasis,753,54254,1.3879
KREIS,15090,Landkreis Stendal,Zweitstimmen,F19,Klimaliste ST,31,54254,0.0571
KREIS,15090,Landkreis Stendal,Zweitstimmen,F21,ÖDP,33,54254,0.0608
KREIS,15090,Landkreis Stendal,Zweitstimmen,F22,Die Humanisten,36,54254,0.0664
KREIS,15090,Landkreis Stendal,Zweitstimmen,F23,Gesundheitsforschung,148,54254,0.2728
KREIS,15090,Landkreis Stendal,Zweitstimmen,F24,PIRATEN,184,54254,0.3391
KREIS,15090,Landkreis Stendal,Zweitstimmen,F25,WiR2020,79,54254,0.1456
KREIS,15091,Landkreis Wittenberg,Erststimmen,D01,CDU,28585,63634,44.921
KREIS,15091,Landkreis Wittenberg,Erststimmen,D02,AfD,14255,63634,22.4015
KREIS,15091,Landkreis Wittenberg,Erststimmen,D03,DIE LINKE,6285,63634,9.8768
KREIS,15091,Landkreis Wittenberg,Erststimmen,D04,SPD,5559,63634,8.7359
KREIS,15091,Landkreis Wittenberg,Erststimmen,D05,GRÜNE,2122,63634,3.3347
KREIS,15091,Landkreis Wittenberg,Erststimmen,D06,FDP,593,63634,0.9319
KREIS,15091,Landkreis Wittenberg,Erststimmen,D07,FREIE WÄHLER,6027,63634,9.4714
KREIS,15091,Landkreis Wittenberg,Erststimmen,D08,NPD,0,63634,0.0
KREIS,15091,Landkreis Wittenberg,Erststimmen,D09,Tierschutzpartei,0,63634,0.0
KREIS,15091,Landkreis Wittenberg,Erststimmen,D10,Tierschutzallianz,0,63634,0.0
KREIS,15091,Landkreis Wittenberg,Erststimmen,D12,Die PARTEI,0,63634,0.0
KREIS,15091,Landkreis Wittenberg,Erststimmen,D13,Gartenpartei,0,63634,0.0
KREIS,15091,Landkreis Wittenberg,Erststimmen,D14,FBM,0,63634,0.0
KREIS,15091,Landkreis Wittenberg,Erststimmen,D16,dieBasis,0,63634,0.0
KREIS,15091,Landkreis Wittenberg,Erststimmen,D21,ÖDP,0,63634,0.0
KREIS,15091,Landkreis Wittenberg,Erststimmen,D26,Andere KWV,208,63634,0.3269
KREIS,15091,Landkreis Wittenberg,Erststimmen,D27,Andere KWV,0,63634,0.0
KREIS,15091,Landkreis Wittenberg,Erststimmen,D28,Andere KWV,0,63634,0.0
KREIS,15091,Landkreis Wittenberg,Zweitstimmen,F01,CDU,27384,63924,42.8384
KREIS,15091,Landkreis Wittenberg,Zweitstimmen,F02,AfD,13338,63924,20.8654
KREIS,15091,Landkreis Wittenberg,Zweitstimmen,F03,DIE LINKE,5843,63924,9.1405
KREIS,15091,Landkreis Wittenberg,Zweitstimmen,F04,SPD,4526,63924,7.0803
KREIS,15091,Landkreis Wittenberg,Zweitstimmen,F05,GRÜNE,2599,63924,4.0658
KREIS,15091,Landkreis Wittenberg,Zweitstimmen,F06,FDP,3394,63924,5.3094
KREIS,15091,Landkreis Wittenberg,Zweitstimmen,F07,FREIE WÄHLER,3041,63924,4.7572
KREIS,15091,Landkreis Wittenberg,Zweitstimmen,F08,NPD,240,63924,0.3754
KREIS,15091,Landkreis Wittenberg,Zweitstimmen,F09,Tierschutzpartei,741,63924,1.1592
KREIS,15091,Landkreis Wittenberg,Zweitstimmen,F10,Tierschutzallianz,172,63924,0.2691
KREIS,15091,Landkreis Wittenberg,Zweitstimmen,F11,LKR,37,63924,0.0579
KREIS,15091,Landkreis Wittenberg,Zweitstimmen,F12,Die PARTEI,355,63924,0.5553
KREIS,15091,Landkreis Wittenberg,Zweitstimmen,F13,Gartenpartei,358,63924,0.56
KREIS,15091,Landkreis Wittenberg,Zweitstimmen,F14,FBM,51,63924,0.0798
KREIS,15091,Landkreis Wittenberg,Zweitstimmen,F15,TIERSCHUTZ hier!,326,63924,0.51
KREIS,15091,Landkreis Wittenberg,Zweitstimmen,F16,dieBasis,855,63924,1.3375
KREIS,15091,Landkreis Wittenberg,Zweitstimmen,F19,Klimaliste ST,11,63924,0.0172
KREIS,15091,Landkreis Wittenberg,Zweitstimmen,F21,ÖDP,48,63924,0.0751
KREIS,15091,Landkreis Wittenberg,Zweitstimmen,F22,Die Humanisten,48,63924,0.0751
KREIS,15091,Landkreis Wittenberg,Zweitstimmen,F23,Gesundheitsforschung,215,63924,0.3363
KREIS,15091,Landkreis Wittenberg,Zweitstimmen,F24,PIRATEN,237,63924,0.3708
KREIS,15091,Landkreis Wittenberg,Zweitstimmen,F25,WiR2020,105,63924,0.1643
WAHLKREIS,01,Salzwedel,Erststimmen,D01,CDU,7701,21183,36.3546
WAHLKREIS,01,Salzwedel,Erststimmen,D02,AfD,3743,21183,17.6698
WAHLKREIS,01,Salzwedel,Erststimmen,D03,DIE LINKE,3164,21183,14.9365
WAHLKREIS,01,Salzwedel,Erststimmen,D04,SPD,2052,21183,9.687
WAHLKREIS,01,Salzwedel,Erststimmen,D05,GRÜNE,970,21183,4.5791
WAHLKREIS,01,Salzwedel,Erststimmen,D06,FDP,1098,21183,5.1834
WAHLKREIS,01,Salzwedel,Erststimmen,D07,FREIE WÄHLER,1908,21183,9.0072
WAHLKREIS,01,Salzwedel,Erststimmen,D08,NPD,0,21183,0.0
WAHLKREIS,01,Salzwedel,Erststimmen,D09,Tierschutzpartei,0,21183,0.0
WAHLKREIS,01,Salzwedel,Erststimmen,D10,Tierschutzallianz,0,21183,0.0
WAHLKREIS,01,Salzwedel,Erststimmen,D12,Die PARTEI,0,21183,0.0
WAHLKREIS,01,Salzwedel,Erststimmen,D13,Gartenpartei,0,21183,0.0
WAHLKREIS,01,Salzwedel,Erststimmen,D14,FBM,0,21183,0.0
WAHLKREIS,01,Salzwedel,Erststimmen,D16,dieBasis,547,21183,2.5823
WAHLKREIS,01,Salzwedel,Erststimmen,D21,ÖDP,0,21183,0.0
WAHLKREIS,01,Salzwedel,Erststimmen,D26,Andere KWV,0,21183,0.0
WAHLKREIS,01,Salzwedel,Erststimmen,D27,Andere KWV,0,21183,0.0
WAHLKREIS,01,Salzwedel,Erststimmen,D28,Andere KWV,0,21183,0.0
WAHLKREIS,01,Salzwedel,Zweitstimmen,F01,CDU,7675,21191,36.2182
WAHLKREIS,01,Salzwedel,Zweitstimmen,F02,AfD,3880,21191,18.3097
WAHLKREIS,01,Salzwedel,Zweitstimmen,F03,DIE LINKE,2739,21191,12.9253
WAHLKREIS,01,Salzwedel,Zweitstimmen,F04,SPD,1838,21191,8.6735
WAHLKREIS,01,Salzwedel,Zweitstimmen,F05,GRÜNE,1247,21191,5.8846
WAHLKREIS,01,Salzwedel,Zweitstimmen,F06,FDP,1182,21191,5.5778
WAHLKREIS,01,Salzwedel,Zweitstimmen,F07,FREIE WÄHLER,1112,21191,5.2475
WAHLKREIS,01,Salzwedel,Zweitstimmen,F08,NPD,45,21191,0.2124
WAHLKREIS,01,Salzwedel,Zweitstimmen,F09,Tierschutzpartei,245,21191,1.1562
WAHLKREIS,01,Salzwedel,Zweitstimmen,F10,Tierschutzallianz,66,21191,0.3115
WAHLKREIS,01,Salzwedel,Zweitstimmen,F11,LKR,23,21191,0.1085
WAHLKREIS,01,Salzwedel,Zweitstimmen,F12,Die PARTEI,128,21191,0.604
WAHLKREIS,01,Salzwedel,Zweitstimmen,F13,Gartenpartei,131,21191,0.6182
WAHLKREIS,01,Salzwedel,Zweitstimmen,F14,FBM,11,21191,0.0519
WAHLKREIS,01,Salzwedel,Zweitstimmen,F15,TIERSCHUTZ hier!,108,21191,0.5097
WAHLKREIS,01,Salzwedel,Zweitstimmen,F16,dieBasis,560,21191,2.6426
WAHLKREIS,01,Salzwedel,Zweitstimmen,F19,Klimaliste ST,30,21191,0.1416
WAHLKREIS,01,Salzwedel,Zweitstimmen,F21,ÖDP,8,21191,0.0378
WAHLKREIS,01,Salzwedel,Zweitstimmen,F22,Die Humanisten,13,21191,0.0613
WAHLKREIS,01,Salzwedel,Zweitstimmen,F23,Gesundheitsforschung,68,21191,0.3209
WAHLKREIS,01,Salzwedel,Zweitstimmen,F24,PIRATEN,59,21191,0.2784
WAHLKREIS,01,Salzwedel,Zweitstimmen,F25,WiR2020,23,21191,0.1085
WAHLKREIS,02,Gardelegen-Klötze,Erststimmen,D01,CDU,9779,26907,36.3437
WAHLKREIS,02,Gardelegen-Klötze,Erststimmen,D02,AfD,5333,26907,19.8201
WAHLKREIS,02,Gardelegen-Klötze,Erststimmen,D03,DIE LINKE,3366,26907,12.5098
WAHLKREIS,02,Gardelegen-Klötze,Erststimmen,D04,SPD,3749,26907,13.9332
WAHLKREIS,02,Gardelegen-Klötze,Erststimmen,D05,GRÜNE,1137,26907,4.2257
WAHLKREIS,02,Gardelegen-Klötze,Erststimmen,D06,FDP,1316,26907,4.8909
WAHLKREIS,02,Gardelegen-Klötze,Erststimmen,D07,FREIE WÄHLER,1619,26907,6.017
WAHLKREIS,02,Gardelegen-Klötze,Erststimmen,D08,NPD,0,26907,0.0
WAHLKREIS,02,Gardelegen-Klötze,Erststimmen,D09,Tierschutzpartei,0,26907,0.0
WAHLKREIS,02,Gardelegen-Klötze,Erststimmen,D10,Tierschutzallianz,0,26907,0.0
WAHLKREIS,02,Gardelegen-Klötze,Erststimmen,D12,Die PARTEI,0,26907,0.0
WAHLKREIS,02,Gardelegen-Klötze,Erststimmen,D13,Gartenpartei,0,26907,0.0
WAHLKREIS,02,Gardelegen-Klötze,Erststimmen,D14,FBM,0,26907,0.0
WAHLKREIS,02,Gardelegen-Klötze,Erststimmen,D16,dieBasis,467,26907,1.7356
WAHLKREIS,02,Gardelegen-Klötze,Erststimmen,D21,ÖDP,0,26907,0.0
WAHLKREIS,02,Gardelegen-Klötze,Erststimmen,D26,Andere KWV,141,26907,0.524
WAHLKREIS,02,Gardelegen-Klötze,Erststimmen,D27,Andere KWV,0,26907,0.0
WAHLKREIS,02,Gardelegen-Klötze,Erststimmen,D28,Andere KWV,0,26907,0.0
WAHLKREIS,02,Gardelegen-Klötze,Zweitstimmen,F01,CDU,10439,26916,38.7836
WAHLKREIS,02,Gardelegen-Klötze,Zweitstimmen,F02,AfD,5104,26916,18.9627
WAHLKREIS,02,Gardelegen-Klötze,Zweitstimmen,F03,DIE LINKE,2932,26916,10.8931
WAHLKREIS,02,Gardelegen-Klötze,Zweitstimmen,F04,SPD,2767,26916,10.2801
WAHLKREIS,02,Gardelegen-Klötze,Zweitstimmen,F05,GRÜNE,1103,26916,4.0979
WAHLKREIS,02,Gardelegen-Klötze,Zweitstimmen,F06,FDP,1622,26916,6.0262
WAHLKREIS,02,Gardelegen-Klötze,Zweitstimmen,F07,FREIE WÄHLER,925,26916,3.4366
WAHLKREIS,02,Gardelegen-Klötze,Zweitstimmen,F08,NPD,78,26916,0.2898
WAHLKREIS,02,Gardelegen-Klötze,Zweitstimmen,F09,Tierschutzpartei,383,26916,1.4229
WAHLKREIS,02,Gardelegen-Klötze,Zweitstimmen,F10,Tierschutzallianz,70,26916,0.2601
WAHLKREIS,02,Gardelegen-Klötze,Zweitstimmen,F11,LKR,10,26916,0.0372
WAHLKREIS,02,Gardelegen-Klötze,Zweitstimmen,F12,Die PARTEI,268,26916,0.9957
WAHLKREIS,02,Gardelegen-Klötze,Zweitstimmen,F13,Gartenpartei,201,26916,0.7468
WAHLKREIS,02,Gardelegen-Klötze,Zweitstimmen,F14,FBM,18,26916,0.0669
WAHLKREIS,02,Gardelegen-Klötze,Zweitstimmen,F15,TIERSCHUTZ hier!,171,26916,0.6353
WAHLKREIS,02,Gardelegen-Klötze,Zweitstimmen,F16,dieBasis,428,26916,1.5901
WAHLKREIS,02,Gardelegen-Klötze,Zweitstimmen,F19,Klimaliste ST,23,26916,0.0855
WAHLKREIS,02,Gardelegen-Klötze,Zweitstimmen,F21,ÖDP,45,26916,0.1672
WAHLKREIS,02,Gardelegen-Klötze,Zweitstimmen,F22,Die Humanisten,32,26916,0.1189
WAHLKREIS,02,Gardelegen-Klötze,Zweitstimmen,F23,Gesundheitsforschung,134,26916,0.4978
WAHLKREIS,02,Gardelegen-Klötze,Zweitstimmen,F24,PIRATEN,106,26916,0.3938
WAHLKREIS,02,Gardelegen-Klötze,Zweitstimmen,F25,WiR2020,57,26916,0.2118
WAHLKREIS,03,Havelberg-Osterburg,Erststimmen,D01,CDU,5805,21782,26.6504
WAHLKREIS,03,Havelberg-Osterburg,Erststimmen,D02,AfD,4593,21782,21.0862
WAHLKREIS,03,Havelberg-Osterburg,Erststimmen,D03,DIE LINKE,2483,21782,11.3993
WAHLKREIS,03,Havelberg-Osterburg,Erststimmen,D04,SPD,1493,21782,6.8543
WAHLKREIS,03,Havelberg-Osterburg,Erststimmen,D05,GRÜNE,737,21782,3.3835
WAHLKREIS,03,Havelberg-Osterburg,Erststimmen,D06,FDP,981,21782,4.5037
WAHLKREIS,03,Havelberg-Osterburg,Erststimmen,D07,FREIE WÄHLER,5452,21782,25.0298
WAHLKREIS,03,Havelberg-Osterburg,Erststimmen,D08,NPD,0,21782,0.0
WAHLKREIS,03,Havelberg-Osterburg,Erststimmen,D09,Tierschutzpartei,0,21782,0.0
WAHLKREIS,03,Havelberg-Osterburg,Erststimmen,D10,Tierschutzallianz,0,21782,0.0
WAHLKREIS,03,Havelberg-Osterburg,Erststimmen,D12,Die PARTEI,0,21782,0.0
WAHLKREIS,03,Havelberg-Osterburg,Erststimmen,D13,Gartenpartei,0,21782,0.0
WAHLKREIS,03,Havelberg-Osterburg,Erststimmen,D14,FBM,0,21782,0.0
WAHLKREIS,03,Havelberg-Osterburg,Erststimmen,D16,dieBasis,238,21782,1.0926
WAHLKREIS,03,Havelberg-Osterburg,Erststimmen,D21,ÖDP,0,21782,0.0
WAHLKREIS,03,Havelberg-Osterburg,Erststimmen,D26,Andere KWV,0,21782,0.0
WAHLKREIS,03,Havelberg-Osterburg,Erststimmen,D27,Andere KWV,0,21782,0.0
WAHLKREIS,03,Havelberg-Osterburg,Erststimmen,D28,Andere KWV,0,21782,0.0
WAHLKREIS,03,Havelberg-Osterburg,Zweitstimmen,F01,CDU,7122,21781,32.6982
WAHLKREIS,03,Havelberg-Osterburg,Zweitstimmen,F02,AfD,4581,21781,21.0321
WAHLKREIS,03,Havelberg-Osterburg,Zweitstimmen,F03,DIE LINKE,2298,21781,10.5505
WAHLKREIS,03,Havelberg-Osterburg,Zweitstimmen,F04,SPD,1578,21781,7.2448
WAHLKREIS,03,Havelberg-Osterburg,Zweitstimmen,F05,GRÜNE,909,21781,4.1734
WAHLKREIS,03,Havelberg-Osterburg,Zweitstimmen,F06,FDP,1074,21781,4.9309
WAHLKREIS,03,Havelberg-Osterburg,Zweitstimmen,F07,FREIE WÄHLER,3219,21781,14.7789
WAHLKREIS,03,Havelberg-Osterburg,Zweitstimmen,F08,NPD,37,21781,0.1699
WAHLKREIS,03,Havelberg-Osterburg,Zweitstimmen,F09,Tierschutzpartei,177,21781,0.8126
WAHLKREIS,03,Havelberg-Osterburg,Zweitstimmen,F10,Tierschutzallianz,35,21781,0.1607
WAHLKREIS,03,Havelberg-Osterburg,Zweitstimmen,F11,LKR,6,21781,0.0275
WAHLKREIS,03,Havelberg-Osterburg,Zweitstimmen,F12,Die PARTEI,98,21781,0.4499
WAHLKREIS,03,Havelberg-Osterburg,Zweitstimmen,F13,Gartenpartei,109,21781,0.5004
WAHLKREIS,03,Havelberg-Osterburg,Zweitstimmen,F14,FBM,12,21781,0.0551
WAHLKREIS,03,Havelberg-Osterburg,Zweitstimmen,F15,TIERSCHUTZ hier!,95,21781,0.4362
WAHLKREIS,03,Havelberg-Osterburg,Zweitstimmen,F16,dieBasis,280,21781,1.2855
WAHLKREIS,03,Havelberg-Osterburg,Zweitstimmen,F19,Klimaliste ST,5,21781,0.023
WAHLKREIS,03,Havelberg-Osterburg,Zweitstimmen,F21,ÖDP,11,21781,0.0505
WAHLKREIS,03,Havelberg-Osterburg,Zweitstimmen,F22,Die Humanisten,9,21781,0.0413
WAHLKREIS,03,Havelberg-Osterburg,Zweitstimmen,F23,Gesundheitsforschung,55,21781,0.2525
WAHLKREIS,03,Havelberg-Osterburg,Zweitstimmen,F24,PIRATEN,50,21781,0.2296
WAHLKREIS,03,Havelberg-Osterburg,Zweitstimmen,F25,WiR2020,21,21781,0.0964
WAHLKREIS,04,Stendal,Erststimmen,D01,CDU,6428,21659,29.6782
WAHLKREIS,04,Stendal,Erststimmen,D02,AfD,4832,21659,22.3094
WAHLKREIS,04,Stendal,Erststimmen,D03,DIE LINKE,2359,21659,10.8915
WAHLKREIS,04,Stendal,Erststimmen,D04,SPD,2564,21659,11.838
WAHLKREIS,04,Stendal,Erststimmen,D05,GRÜNE,1008,21659,4.654
WAHLKREIS,04,Stendal,Erststimmen,D06,FDP,1535,21659,7.0871
WAHLKREIS,04,Stendal,Erststimmen,D07,FREIE WÄHLER,2613,21659,12.0643
WAHLKREIS,04,Stendal,Erststimmen,D08,NPD,0,21659,0.0
WAHLKREIS,04,Stendal,Erststimmen,D09,Tierschutzpartei,0,21659,0.0
WAHLKREIS,04,Stendal,Erststimmen,D10,Tierschutzallianz,0,21659,0.0
WAHLKREIS,04,Stendal,Erststimmen,D12,Die PARTEI,0,21659,0.0
WAHLKREIS,04,Stendal,Erststimmen,D13,Gartenpartei,0,21659,0.0
WAHLKREIS,04,Stendal,Erststimmen,D14,FBM,0,21659,0.0
WAHLKREIS,04,Stendal,Erststimmen,D16,dieBasis,320,21659,1.4774
WAHLKREIS,04,Stendal,Erststimmen,D21,ÖDP,0,21659,0.0
WAHLKREIS,04,Stendal,Erststimmen,D26,Andere KWV,0,21659,0.0
WAHLKREIS,04,Stendal,Erststimmen,D27,Andere KWV,0,21659,0.0
WAHLKREIS,04,Stendal,Erststimmen,D28,Andere KWV,0,21659,0.0
WAHLKREIS,04,Stendal,Zweitstimmen,F01,CDU,7324,21669,33.7994
WAHLKREIS,04,Stendal,Zweitstimmen,F02,AfD,4735,21669,21.8515
WAHLKREIS,04,Stendal,Zweitstimmen,F03,DIE LINKE,2208,21669,10.1897
WAHLKREIS,04,Stendal,Zweitstimmen,F04,SPD,1945,21669,8.976
WAHLKREIS,04,Stendal,Zweitstimmen,F05,GRÜNE,1109,21669,5.1179
WAHLKREIS,04,Stendal,Zweitstimmen,F06,FDP,1217,21669,5.6163
WAHLKREIS,04,Stendal,Zweitstimmen,F07,FREIE WÄHLER,1771,21669,8.173
WAHLKREIS,04,Stendal,Zweitstimmen,F08,NPD,35,21669,0.1615
WAHLKREIS,04,Stendal,Zweitstimmen,F09,Tierschutzpartei,295,21669,1.3614
WAHLKREIS,04,Stendal,Zweitstimmen,F10,Tierschutzallianz,52,21669,0.24
WAHLKREIS,04,Stendal,Zweitstimmen,F11,LKR,13,21669,0.06
WAHLKREIS,04,Stendal,Zweitstimmen,F12,Die PARTEI,123,21669,0.5676
WAHLKREIS,04,Stendal,Zweitstimmen,F13,Gartenpartei,133,21669,0.6138
WAHLKREIS,04,Stendal,Zweitstimmen,F14,FBM,14,21669,0.0646
WAHLKREIS,04,Stendal,Zweitstimmen,F15,TIERSCHUTZ hier!,110,21669,0.5076
WAHLKREIS,04,Stendal,Zweitstimmen,F16,dieBasis,334,21669,1.5414
WAHLKREIS,04,Stendal,Zweitstimmen,F19,Klimaliste ST,16,21669,0.0738
WAHLKREIS,04,Stendal,Zweitstimmen,F21,ÖDP,14,21669,0.0646
WAHLKREIS,04,Stendal,Zweitstimmen,F22,Die Humanisten,23,21669,0.1061
WAHLKREIS,04,Stendal,Zweitstimmen,F23,Gesundheitsforschung,57,21669,0.263
WAHLKREIS,04,Stendal,Zweitstimmen,F24,PIRATEN,103,21669,0.4753
WAHLKREIS,04,Stendal,Zweitstimmen,F25,WiR2020,38,21669,0.1754
WAHLKREIS,05,Genthin,Erststimmen,D01,CDU,7448,23831,31.2534
WAHLKREIS,05,Genthin,Erststimmen,D02,AfD,6347,23831,26.6334
WAHLKREIS,05,Genthin,Erststimmen,D03,DIE LINKE,2460,23831,10.3227
WAHLKREIS,05,Genthin,Erststimmen,D04,SPD,2757,23831,11.569
WAHLKREIS,05,Genthin,Erststimmen,D05,GRÜNE,840,23831,3.5248
WAHLKREIS,05,Genthin,Erststimmen,D06,FDP,1149,23831,4.8215
WAHLKREIS,05,Genthin,Erststimmen,D07,FREIE WÄHLER,2329,23831,9.773
WAHLKREIS,05,Genthin,Erststimmen,D08,NPD,0,23831,0.0
WAHLKREIS,05,Genthin,Erststimmen,D09,Tierschutzpartei,0,23831,0.0
WAHLKREIS,05,Genthin,Erststimmen,D10,Tierschutzallianz,0,23831,0.0
WAHLKREIS,05,Genthin,Erststimmen,D12,Die PARTEI,0,23831,0.0
WAHLKREIS,05,Genthin,Erststimmen,D13,Gartenpartei,0,23831,0.0
WAHLKREIS,05,Genthin,Erststimmen,D14,FBM,0,23831,0.0
WAHLKREIS,05,Genthin,Erststimmen,D16,dieBasis,274,23831,1.1498
WAHLKREIS,05,Genthin,Erststimmen,D21,ÖDP,0,23831,0.0
WAHLKREIS,05,Genthin,Erststimmen,D26,Andere KWV,227,23831,0.9525
WAHLKREIS,05,Genthin,Erststimmen,D27,Andere KWV,0,23831,0.0
WAHLKREIS,05,Genthin,Erststimmen,D28,Andere KWV,0,23831,0.0
WAHLKREIS,05,Genthin,Zweitstimmen,F01,CDU,9210,23898,38.5388
WAHLKREIS,05,Genthin,Zweitstimmen,F02,AfD,5835,23898,24.4163
WAHLKREIS,05,Genthin,Zweitstimmen,F03,DIE LINKE,2288,23898,9.574
WAHLKREIS,05,Genthin,Zweitstimmen,F04,SPD,2020,23898,8.4526
WAHLKREIS,05,Genthin,Zweitstimmen,F05,GRÜNE,847,23898,3.5442
WAHLKREIS,05,Genthin,Zweitstimmen,F06,FDP,1169,23898,4.8916
WAHLKREIS,05,Genthin,Zweitstimmen,F07,FREIE WÄHLER,1119,23898,4.6824
WAHLKREIS,05,Genthin,Zweitstimmen,F08,NPD,66,23898,0.2762
WAHLKREIS,05,Genthin,Zweitstimmen,F09,Tierschutzpartei,301,23898,1.2595
WAHLKREIS,05,Genthin,Zweitstimmen,F10,Tierschutzallianz,79,23898,0.3306
WAHLKREIS,05,Genthin,Zweitstimmen,F11,LKR,9,23898,0.0377
WAHLKREIS,05,Genthin,Zweitstimmen,F12,Die PARTEI,111,23898,0.4645
WAHLKREIS,05,Genthin,Zweitstimmen,F13,Gartenpartei,144,23898,0.6026
WAHLKREIS,05,Genthin,Zweitstimmen,F14,FBM,17,23898,0.0711
WAHLKREIS,05,Genthin,Zweitstimmen,F15,TIERSCHUTZ hier!,143,23898,0.5984
WAHLKREIS,05,Genthin,Zweitstimmen,F16,dieBasis,304,23898,1.2721
WAHLKREIS,05,Genthin,Zweitstimmen,F19,Klimaliste ST,14,23898,0.0586
WAHLKREIS,05,Genthin,Zweitstimmen,F21,ÖDP,15,23898,0.0628
WAHLKREIS,05,Genthin,Zweitstimmen,F22,Die Humanisten,17,23898,0.0711
WAHLKREIS,05,Genthin,Zweitstimmen,F23,Gesundheitsforschung,78,23898,0.3264
WAHLKREIS,05,Genthin,Zweitstimmen,F24,PIRATEN,70,23898,0.2929
WAHLKREIS,05,Genthin,Zweitstimmen,F25,WiR2020,42,23898,0.1757
WAHLKREIS,06,Burg,Erststimmen,D01,CDU,10295,26767,38.4615
WAHLKREIS,06,Burg,Erststimmen,D02,AfD,5514,26767,20.6
WAHLKREIS,06,Burg,Erststimmen,D03,DIE LINKE,2962,26767,11.0659
WAHLKREIS,06,Burg,Erststimmen,D04,SPD,3309,26767,12.3622
WAHLKREIS,06,Burg,Erststimmen,D05,GRÜNE,1219,26767,4.5541
WAHLKREIS,06,Burg,Erststimmen,D06,FDP,1870,26767,6.9862
WAHLKREIS,06,Burg,Erststimmen,D07,FREIE WÄHLER,0,26767,0.0
WAHLKREIS,06,Burg,Erststimmen,D08,NPD,0,26767,0.0
WAHLKREIS,06,Burg,Erststimmen,D09,Tierschutzpartei,1056,26767,3.9452
WAHLKREIS,06,Burg,Erststimmen,D10,Tierschutzallianz,0,26767,0.0
WAHLKREIS,06,Burg,Erststimmen,D12,Die PARTEI,0,26767,0.0
WAHLKREIS,06,Burg,Erststimmen,D13,Gartenpartei,0,26767,0.0
WAHLKREIS,06,Burg,Erststimmen,D14,FBM,0,26767,0.0
WAHLKREIS,06,Burg,Erststimmen,D16,dieBasis,542,26767,2.0249
WAHLKREIS,06,Burg,Erststimmen,D21,ÖDP,0,26767,0.0
WAHLKREIS,06,Burg,Erststimmen,D26,Andere KWV,0,26767,0.0
WAHLKREIS,06,Burg,Erststimmen,D27,Andere KWV,0,26767,0.0
WAHLKREIS,06,Burg,Erststimmen,D28,Andere KWV,0,26767,0.0
WAHLKREIS,06,Burg,Zweitstimmen,F01,CDU,10670,26805,39.806
WAHLKREIS,06,Burg,Zweitstimmen,F02,AfD,5464,26805,20.3843
WAHLKREIS,06,Burg,Zweitstimmen,F03,DIE LINKE,2805,26805,10.4645
WAHLKREIS,06,Burg,Zweitstimmen,F04,SPD,2425,26805,9.0468
WAHLKREIS,06,Burg,Zweitstimmen,F05,GRÜNE,1256,26805,4.6857
WAHLKREIS,06,Burg,Zweitstimmen,F06,FDP,1657,26805,6.1817
WAHLKREIS,06,Burg,Zweitstimmen,F07,FREIE WÄHLER,599,26805,2.2347
WAHLKREIS,06,Burg,Zweitstimmen,F08,NPD,59,26805,0.2201
WAHLKREIS,06,Burg,Zweitstimmen,F09,Tierschutzpartei,566,26805,2.1115
WAHLKREIS,06,Burg,Zweitstimmen,F10,Tierschutzallianz,129,26805,0.4813
WAHLKREIS,06,Burg,Zweitstimmen,F11,LKR,9,26805,0.0336
WAHLKREIS,06,Burg,Zweitstimmen,F12,Die PARTEI,159,26805,0.5932
WAHLKREIS,06,Burg,Zweitstimmen,F13,Gartenpartei,205,26805,0.7648
WAHLKREIS,06,Burg,Zweitstimmen,F14,FBM,19,26805,0.0709
WAHLKREIS,06,Burg,Zweitstimmen,F15,TIERSCHUTZ hier!,145,26805,0.5409
WAHLKREIS,06,Burg,Zweitstimmen,F16,dieBasis,344,26805,1.2833
WAHLKREIS,06,Burg,Zweitstimmen,F19,Klimaliste ST,9,26805,0.0336
WAHLKREIS,06,Burg,Zweitstimmen,F21,ÖDP,22,26805,0.0821
WAHLKREIS,06,Burg,Zweitstimmen,F22,Die Humanisten,23,26805,0.0858
WAHLKREIS,06,Burg,Zweitstimmen,F23,Gesundheitsforschung,89,26805,0.332
WAHLKREIS,06,Burg,Zweitstimmen,F24,PIRATEN,89,26805,0.332
WAHLKREIS,06,Burg,Zweitstimmen,F25,WiR2020,62,26805,0.2313
WAHLKREIS,07,Haldensleben,Erststimmen,D01,CDU,8370,22612,37.0157
WAHLKREIS,07,Haldensleben,Erststimmen,D02,AfD,5342,22612,23.6246
WAHLKREIS,07,Haldensleben,Erststimmen,D03,DIE LINKE,2617,22612,11.5735
WAHLKREIS,07,Haldensleben,Erststimmen,D04,SPD,2618,22612,11.5779
WAHLKREIS,07,Haldensleben,Erststimmen,D05,GRÜNE,967,22612,4.2765
WAHLKREIS,07,Haldensleben,Erststimmen,D06,FDP,1251,22612,5.5325
WAHLKREIS,07,Haldensleben,Erststimmen,D07,FREIE WÄHLER,984,22612,4.3517
WAHLKREIS,07,Haldensleben,Erststimmen,D08,NPD,0,22612,0.0
WAHLKREIS,07,Haldensleben,Erststimmen,D09,Tierschutzpartei,0,22612,0.0
WAHLKREIS,07,Haldensleben,Erststimmen,D10,Tierschutzallianz,0,22612,0.0
WAHLKREIS,07,Haldensleben,Erststimmen,D12,Die PARTEI,0,22612,0.0
WAHLKREIS,07,Haldensleben,Erststimmen,D13,Gartenpartei,0,22612,0.0
WAHLKREIS,07,Haldensleben,Erststimmen,D14,FBM,0,22612,0.0
WAHLKREIS,07,Haldensleben,Erststimmen,D16,dieBasis,463,22612,2.0476
WAHLKREIS,07,Haldensleben,Erststimmen,D21,ÖDP,0,22612,0.0
WAHLKREIS,07,Haldensleben,Erststimmen,D26,Andere KWV,0,22612,0.0
WAHLKREIS,07,Haldensleben,Erststimmen,D27,Andere KWV,0,22612,0.0
WAHLKREIS,07,Haldensleben,Erststimmen,D28,Andere KWV,0,22612,0.0
WAHLKREIS,07,Haldensleben,Zweitstimmen,F01,CDU,8689,22640,38.379
WAHLKREIS,07,Haldensleben,Zweitstimmen,F02,AfD,4926,22640,21.758
WAHLKREIS,07,Haldensleben,Zweitstimmen,F03,DIE LINKE,2360,22640,10.424
WAHLKREIS,07,Haldensleben,Zweitstimmen,F04,SPD,2089,22640,9.227
WAHLKREIS,07,Haldensleben,Zweitstimmen,F05,GRÜNE,961,22640,4.2447
WAHLKREIS,07,Haldensleben,Zweitstimmen,F06,FDP,1356,22640,5.9894
WAHLKREIS,07,Haldensleben,Zweitstimmen,F07,FREIE WÄHLER,655,22640,2.8931
WAHLKREIS,07,Haldensleben,Zweitstimmen,F08,NPD,84,22640,0.371
WAHLKREIS,07,Haldensleben,Zweitstimmen,F09,Tierschutzpartei,312,22640,1.3781
WAHLKREIS,07,Haldensleben,Zweitstimmen,F10,Tierschutzallianz,89,22640,0.3931
WAHLKREIS,07,Haldensleben,Zweitstimmen,F11,LKR,10,22640,0.0442
WAHLKREIS,07,Haldensleben,Zweitstimmen,F12,Die PARTEI,140,22640,0.6184
WAHLKREIS,07,Haldensleben,Zweitstimmen,F13,Gartenpartei,180,22640,0.7951
WAHLKREIS,07,Haldensleben,Zweitstimmen,F14,FBM,7,22640,0.0309
WAHLKREIS,07,Haldensleben,Zweitstimmen,F15,TIERSCHUTZ hier!,144,22640,0.636
WAHLKREIS,07,Haldensleben,Zweitstimmen,F16,dieBasis,385,22640,1.7005
WAHLKREIS,07,Haldensleben,Zweitstimmen,F19,Klimaliste ST,10,22640,0.0442
WAHLKREIS,07,Haldensleben,Zweitstimmen,F21,ÖDP,16,22640,0.0707
WAHLKREIS,07,Haldensleben,Zweitstimmen,F22,Die Humanisten,18,22640,0.0795
WAHLKREIS,07,Haldensleben,Zweitstimmen,F23,Gesundheitsforschung,90,22640,0.3975
WAHLKREIS,07,Haldensleben,Zweitstimmen,F24,PIRATEN,81,22640,0.3578
WAHLKREIS,07,Haldensleben,Zweitstimmen,F25,WiR2020,38,22640,0.1678
WAHLKREIS,08,Wolmirstedt,Erststimmen,D01,CDU,13063,32340,40.3927
WAHLKREIS,08,Wolmirstedt,Erststimmen,D02,AfD,6674,32340,20.637
WAHLKREIS,08,Wolmirstedt,Erststimmen,D03,DIE LINKE,3572,32340,11.0451
WAHLKREIS,08,Wolmirstedt,Erststimmen,D04,SPD,2663,32340,8.2344
WAHLKREIS,08,Wolmirstedt,Erststimmen,D05,GRÜNE,1261,32340,3.8992
WAHLKREIS,08,Wolmirstedt,Erststimmen,D06,FDP,1885,32340,5.8287
WAHLKREIS,08,Wolmirstedt,Erststimmen,D07,FREIE WÄHLER,1737,32340,5.3711
WAHLKREIS,08,Wolmirstedt,Erststimmen,D08,NPD,0,32340,0.0
WAHLKREIS,08,Wolmirstedt,Erststimmen,D09,Tierschutzpartei,0,32340,0.0
WAHLKREIS,08,Wolmirstedt,Erststimmen,D10,Tierschutzallianz,742,32340,2.2944
WAHLKREIS,08,Wolmirstedt,Erststimmen,D12,Die PARTEI,0,32340,0.0
WAHLKREIS,08,Wolmirstedt,Erststimmen,D13,Gartenpartei,0,32340,0.0
WAHLKREIS,08,Wolmirstedt,Erststimmen,D14,FBM,0,32340,0.0
WAHLKREIS,08,Wolmirstedt,Erststimmen,D16,dieBasis,574,32340,1.7749
WAHLKREIS,08,Wolmirstedt,Erststimmen,D21,ÖDP,0,32340,0.0
WAHLKREIS,08,Wolmirstedt,Erststimmen,D26,Andere KWV,169,32340,0.5226
WAHLKREIS,08,Wolmirstedt,Erststimmen,D27,Andere KWV,0,32340,0.0
WAHLKREIS,08,Wolmirstedt,Erststimmen,D28,Andere KWV,0,32340,0.0
WAHLKREIS,08,Wolmirstedt,Zweitstimmen,F01,CDU,11849,32378,36.5958
WAHLKREIS,08,Wolmirstedt,Zweitstimmen,F02,AfD,7229,32378,22.3269
WAHLKREIS,08,Wolmirstedt,Zweitstimmen,F03,DIE LINKE,3396,32378,10.4886
WAHLKREIS,08,Wolmirstedt,Zweitstimmen,F04,SPD,2482,32378,7.6657
WAHLKREIS,08,Wolmirstedt,Zweitstimmen,F05,GRÜNE,1434,32378,4.4289
WAHLKREIS,08,Wolmirstedt,Zweitstimmen,F06,FDP,2372,32378,7.326
WAHLKREIS,08,Wolmirstedt,Zweitstimmen,F07,FREIE WÄHLER,1128,32378,3.4838
WAHLKREIS,08,Wolmirstedt,Zweitstimmen,F08,NPD,85,32378,0.2625
WAHLKREIS,08,Wolmirstedt,Zweitstimmen,F09,Tierschutzpartei,452,32378,1.396
WAHLKREIS,08,Wolmirstedt,Zweitstimmen,F10,Tierschutzallianz,313,32378,0.9667
WAHLKREIS,08,Wolmirstedt,Zweitstimmen,F11,LKR,16,32378,0.0494
WAHLKREIS,08,Wolmirstedt,Zweitstimmen,F12,Die PARTEI,206,32378,0.6362
WAHLKREIS,08,Wolmirstedt,Zweitstimmen,F13,Gartenpartei,322,32378,0.9945
WAHLKREIS,08,Wolmirstedt,Zweitstimmen,F14,FBM,18,32378,0.0556
WAHLKREIS,08,Wolmirstedt,Zweitstimmen,F15,TIERSCHUTZ hier!,157,32378,0.4849
WAHLKREIS,08,Wolmirstedt,Zweitstimmen,F16,dieBasis,544,32378,1.6802
WAHLKREIS,08,Wolmirstedt,Zweitstimmen,F19,Klimaliste ST,12,32378,0.0371
WAHLKREIS,08,Wolmirstedt,Zweitstimmen,F21,ÖDP,30,32378,0.0927
WAHLKREIS,08,Wolmirstedt,Zweitstimmen,F22,Die Humanisten,50,32378,0.1544
WAHLKREIS,08,Wolmirstedt,Zweitstimmen,F23,Gesundheitsforschung,128,32378,0.3953
WAHLKREIS,08,Wolmirstedt,Zweitstimmen,F24,PIRATEN,117,32378,0.3614
WAHLKREIS,08,Wolmirstedt,Zweitstimmen,F25,WiR2020,38,32378,0.1174
WAHLKREIS,09,Oschersleben-Wanzleben,Erststimmen,D01,CDU,8373,25551,32.7698
WAHLKREIS,09,Oschersleben-Wanzleben,Erststimmen,D02,AfD,6266,25551,24.5235
WAHLKREIS,09,Oschersleben-Wanzleben,Erststimmen,D03,DIE LINKE,2479,25551,9.7022
WAHLKREIS,09,Oschersleben-Wanzleben,Erststimmen,D04,SPD,3523,25551,13.7881
WAHLKREIS,09,Oschersleben-Wanzleben,Erststimmen,D05,GRÜNE,851,25551,3.3306
WAHLKREIS,09,Oschersleben-Wanzleben,Erststimmen,D06,FDP,2395,25551,9.3734
WAHLKREIS,09,Oschersleben-Wanzleben,Erststimmen,D07,FREIE WÄHLER,1664,25551,6.5125
WAHLKREIS,09,Oschersleben-Wanzleben,Erststimmen,D08,NPD,0,25551,0.0
WAHLKREIS,09,Oschersleben-Wanzleben,Erststimmen,D09,Tierschutzpartei,0,25551,0.0
WAHLKREIS,09,Oschersleben-Wanzleben,Erststimmen,D10,Tierschutzallianz,0,25551,0.0
WAHLKREIS,09,Oschersleben-Wanzleben,Erststimmen,D12,Die PARTEI,0,25551,0.0
WAHLKREIS,09,Oschersleben-Wanzleben,Erststimmen,D13,Gartenpartei,0,25551,0.0
WAHLKREIS,09,Oschersleben-Wanzleben,Erststimmen,D14,FBM,0,25551,0.0
WAHLKREIS,09,Oschersleben-Wanzleben,Erststimmen,D16,dieBasis,0,25551,0.0
WAHLKREIS,09,Oschersleben-Wanzleben,Erststimmen,D21,ÖDP,0,25551,0.0
WAHLKREIS,09,Oschersleben-Wanzleben,Erststimmen,D26,Andere KWV,0,25551,0.0
WAHLKREIS,09,Oschersleben-Wanzleben,Erststimmen,D27,Andere KWV,0,25551,0.0
WAHLKREIS,09,Oschersleben-Wanzleben,Erststimmen,D28,Andere KWV,0,25551,0.0
WAHLKREIS,09,Oschersleben-Wanzleben,Zweitstimmen,F01,CDU,9594,25612,37.459
WAHLKREIS,09,Oschersleben-Wanzleben,Zweitstimmen,F02,AfD,5967,25612,23.2977
WAHLKREIS,09,Oschersleben-Wanzleben,Zweitstimmen,F03,DIE LINKE,2402,25612,9.3784
WAHLKREIS,09,Oschersleben-Wanzleben,Zweitstimmen,F04,SPD,2404,25612,9.3862
WAHLKREIS,09,Oschersleben-Wanzleben,Zweitstimmen,F05,GRÜNE,856,25612,3.3422
WAHLKREIS,09,Oschersleben-Wanzleben,Zweitstimmen,F06,FDP,1736,25612,6.7781
WAHLKREIS,09,Oschersleben-Wanzleben,Zweitstimmen,F07,FREIE WÄHLER,925,25612,3.6116
WAHLKREIS,09,Oschersleben-Wanzleben,Zweitstimmen,F08,NPD,76,25612,0.2967
WAHLKREIS,09,Oschersleben-Wanzleben,Zweitstimmen,F09,Tierschutzpartei,377,25612,1.472
WAHLKREIS,09,Oschersleben-Wanzleben,Zweitstimmen,F10,Tierschutzallianz,97,25612,0.3787
WAHLKREIS,09,Oschersleben-Wanzleben,Zweitstimmen,F11,LKR,8,25612,0.0312
WAHLKREIS,09,Oschersleben-Wanzleben,Zweitstimmen,F12,Die PARTEI,117,25612,0.4568
WAHLKREIS,09,Oschersleben-Wanzleben,Zweitstimmen,F13,Gartenpartei,260,25612,1.0151
WAHLKREIS,09,Oschersleben-Wanzleben,Zweitstimmen,F14,FBM,14,25612,0.0547
WAHLKREIS,09,Oschersleben-Wanzleben,Zweitstimmen,F15,TIERSCHUTZ hier!,159,25612,0.6208
WAHLKREIS,09,Oschersleben-Wanzleben,Zweitstimmen,F16,dieBasis,359,25612,1.4017
WAHLKREIS,09,Oschersleben-Wanzleben,Zweitstimmen,F19,Klimaliste ST,11,25612,0.0429
WAHLKREIS,09,Oschersleben-Wanzleben,Zweitstimmen,F21,ÖDP,14,25612,0.0547
WAHLKREIS,09,Oschersleben-Wanzleben,Zweitstimmen,F22,Die Humanisten,17,25612,0.0664
WAHLKREIS,09,Oschersleben-Wanzleben,Zweitstimmen,F23,Gesundheitsforschung,98,25612,0.3826
WAHLKREIS,09,Oschersleben-Wanzleben,Zweitstimmen,F24,PIRATEN,75,25612,0.2928
WAHLKREIS,09,Oschersleben-Wanzleben,Zweitstimmen,F25,WiR2020,46,25612,0.1796
WAHLKREIS,10,Magdeburg I,Erststimmen,D01,CDU,6769,23164,29.2221
WAHLKREIS,10,Magdeburg I,Erststimmen,D02,AfD,4607,23164,19.8886
WAHLKREIS,10,Magdeburg I,Erststimmen,D03,DIE LINKE,3323,23164,14.3455
WAHLKREIS,10,Magdeburg I,Erststimmen,D04,SPD,2791,23164,12.0489
WAHLKREIS,10,Magdeburg I,Erststimmen,D05,GRÜNE,1652,23164,7.1318
WAHLKREIS,10,Magdeburg I,Erststimmen,D06,FDP,1544,23164,6.6655
WAHLKREIS,10,Magdeburg I,Erststimmen,D07,FREIE WÄHLER,518,23164,2.2362
WAHLKREIS,10,Magdeburg I,Erststimmen,D08,NPD,72,23164,0.3108
WAHLKREIS,10,Magdeburg I,Erststimmen,D09,Tierschutzpartei,0,23164,0.0
WAHLKREIS,10,Magdeburg I,Erststimmen,D10,Tierschutzallianz,824,23164,3.5572
WAHLKREIS,10,Magdeburg I,Erststimmen,D12,Die PARTEI,0,23164,0.0
WAHLKREIS,10,Magdeburg I,Erststimmen,D13,Gartenpartei,751,23164,3.2421
WAHLKREIS,10,Magdeburg I,Erststimmen,D14,FBM,0,23164,0.0
WAHLKREIS,10,Magdeburg I,Erststimmen,D16,dieBasis,313,23164,1.3512
WAHLKREIS,10,Magdeburg I,Erststimmen,D21,ÖDP,0,23164,0.0
WAHLKREIS,10,Magdeburg I,Erststimmen,D26,Andere KWV,0,23164,0.0
WAHLKREIS,10,Magdeburg I,Erststimmen,D27,Andere KWV,0,23164,0.0
WAHLKREIS,10,Magdeburg I,Erststimmen,D28,Andere KWV,0,23164,0.0
WAHLKREIS,10,Magdeburg I,Zweitstimmen,F01,CDU,7221,23200,31.125
WAHLKREIS,10,Magdeburg I,Zweitstimmen,F02,AfD,4348,23200,18.7414
WAHLKREIS,10,Magdeburg I,Zweitstimmen,F03,DIE LINKE,3010,23200,12.9741
WAHLKREIS,10,Magdeburg I,Zweitstimmen,F04,SPD,2229,23200,9.6078
WAHLKREIS,10,Magdeburg I,Zweitstimmen,F05,GRÜNE,1939,23200,8.3578
WAHLKREIS,10,Magdeburg I,Zweitstimmen,F06,FDP,1391,23200,5.9957
WAHLKREIS,10,Magdeburg I,Zweitstimmen,F07,FREIE WÄHLER,417,23200,1.7974
WAHLKREIS,10,Magdeburg I,Zweitstimmen,F08,NPD,99,23200,0.4267
WAHLKREIS,10,Magdeburg I,Zweitstimmen,F09,Tierschutzpartei,442,23200,1.9052
WAHLKREIS,10,Magdeburg I,Zweitstimmen,F10,Tierschutzallianz,407,23200,1.7543
WAHLKREIS,10,Magdeburg I,Zweitstimmen,F11,LKR,21,23200,0.0905
WAHLKREIS,10,Magdeburg I,Zweitstimmen,F12,Die PARTEI,233,23200,1.0043
WAHLKREIS,10,Magdeburg I,Zweitstimmen,F13,Gartenpartei,626,23200,2.6983
WAHLKREIS,10,Magdeburg I,Zweitstimmen,F14,FBM,17,23200,0.0733
WAHLKREIS,10,Magdeburg I,Zweitstimmen,F15,TIERSCHUTZ hier!,134,23200,0.5776
WAHLKREIS,10,Magdeburg I,Zweitstimmen,F16,dieBasis,281,23200,1.2112
WAHLKREIS,10,Magdeburg I,Zweitstimmen,F19,Klimaliste ST,32,23200,0.1379
WAHLKREIS,10,Magdeburg I,Zweitstimmen,F21,ÖDP,27,23200,0.1164
WAHLKREIS,10,Magdeburg I,Zweitstimmen,F22,Die Humanisten,79,23200,0.3405
WAHLKREIS,10,Magdeburg I,Zweitstimmen,F23,Gesundheitsforschung,83,23200,0.3578
WAHLKREIS,10,Magdeburg I,Zweitstimmen,F24,PIRATEN,133,23200,0.5733
WAHLKREIS,10,Magdeburg I,Zweitstimmen,F25,WiR2020,31,23200,0.1336
WAHLKREIS,11,Magdeburg II,Erststimmen,D01,CDU,9602,34141,28.1245
WAHLKREIS,11,Magdeburg II,Erststimmen,D02,AfD,3835,34141,11.2328
WAHLKREIS,11,Magdeburg II,Erststimmen,D03,DIE LINKE,4806,34141,14.0769
WAHLKREIS,11,Magdeburg II,Erststimmen,D04,SPD,4392,34141,12.8643
WAHLKREIS,11,Magdeburg II,Erststimmen,D05,GRÜNE,5425,34141,15.89
WAHLKREIS,11,Magdeburg II,Erststimmen,D06,FDP,2448,34141,7.1703
WAHLKREIS,11,Magdeburg II,Erststimmen,D07,FREIE WÄHLER,809,34141,2.3696
WAHLKREIS,11,Magdeburg II,Erststimmen,D08,NPD,0,34141,0.0
WAHLKREIS,11,Magdeburg II,Erststimmen,D09,Tierschutzpartei,0,34141,0.0
WAHLKREIS,11,Magdeburg II,Erststimmen,D10,Tierschutzallianz,1052,34141,3.0813
WAHLKREIS,11,Magdeburg II,Erststimmen,D12,Die PARTEI,510,34141,1.4938
WAHLKREIS,11,Magdeburg II,Erststimmen,D13,Gartenpartei,506,34141,1.4821
WAHLKREIS,11,Magdeburg II,Erststimmen,D14,FBM,0,34141,0.0
WAHLKREIS,11,Magdeburg II,Erststimmen,D16,dieBasis,526,34141,1.5407
WAHLKREIS,11,Magdeburg II,Erststimmen,D21,ÖDP,145,34141,0.4247
WAHLKREIS,11,Magdeburg II,Erststimmen,D26,Andere KWV,85,34141,0.249
WAHLKREIS,11,Magdeburg II,Erststimmen,D27,Andere KWV,0,34141,0.0
WAHLKREIS,11,Magdeburg II,Erststimmen,D28,Andere KWV,0,34141,0.0
WAHLKREIS,11,Magdeburg II,Zweitstimmen,F01,CDU,10441,34179,30.548
WAHLKREIS,11,Magdeburg II,Zweitstimmen,F02,AfD,3762,34179,11.0068
WAHLKREIS,11,Magdeburg II,Zweitstimmen,F03,DIE LINKE,4598,34179,13.4527
WAHLKREIS,11,Magdeburg II,Zweitstimmen,F04,SPD,3441,34179,10.0676
WAHLKREIS,11,Magdeburg II,Zweitstimmen,F05,GRÜNE,5284,34179,15.4598
WAHLKREIS,11,Magdeburg II,Zweitstimmen,F06,FDP,2501,34179,7.3174
WAHLKREIS,11,Magdeburg II,Zweitstimmen,F07,FREIE WÄHLER,660,34179,1.931
WAHLKREIS,11,Magdeburg II,Zweitstimmen,F08,NPD,48,34179,0.1404
WAHLKREIS,11,Magdeburg II,Zweitstimmen,F09,Tierschutzpartei,728,34179,2.13
WAHLKREIS,11,Magdeburg II,Zweitstimmen,F10,Tierschutzallianz,490,34179,1.4336
WAHLKREIS,11,Magdeburg II,Zweitstimmen,F11,LKR,21,34179,0.0614
WAHLKREIS,11,Magdeburg II,Zweitstimmen,F12,Die PARTEI,442,34179,1.2932
WAHLKREIS,11,Magdeburg II,Zweitstimmen,F13,Gartenpartei,456,34179,1.3342
WAHLKREIS,11,Magdeburg II,Zweitstimmen,F14,FBM,13,34179,0.038
WAHLKREIS,11,Magdeburg II,Zweitstimmen,F15,TIERSCHUTZ hier!,146,34179,0.4272
WAHLKREIS,11,Magdeburg II,Zweitstimmen,F16,dieBasis,482,34179,1.4102
WAHLKREIS,11,Magdeburg II,Zweitstimmen,F19,Klimaliste ST,94,34179,0.275
WAHLKREIS,11,Magdeburg II,Zweitstimmen,F21,ÖDP,105,34179,0.3072
WAHLKREIS,11,Magdeburg II,Zweitstimmen,F22,Die Humanisten,112,34179,0.3277
WAHLKREIS,11,Magdeburg II,Zweitstimmen,F23,Gesundheitsforschung,113,34179,0.3306
WAHLKREIS,11,Magdeburg II,Zweitstimmen,F24,PIRATEN,192,34179,0.5617
WAHLKREIS,11,Magdeburg II,Zweitstimmen,F25,WiR2020,50,34179,0.1463
WAHLKREIS,12,Magdeburg III,Erststimmen,D01,CDU,9016,27618,32.6454
WAHLKREIS,12,Magdeburg III,Erststimmen,D02,AfD,4552,27618,16.482
WAHLKREIS,12,Magdeburg III,Erststimmen,D03,DIE LINKE,3468,27618,12.557
WAHLKREIS,12,Magdeburg III,Erststimmen,D04,SPD,2982,27618,10.7973
WAHLKREIS,12,Magdeburg III,Erststimmen,D05,GRÜNE,3208,27618,11.6156
WAHLKREIS,12,Magdeburg III,Erststimmen,D06,FDP,2009,27618,7.2742
WAHLKREIS,12,Magdeburg III,Erststimmen,D07,FREIE WÄHLER,717,27618,2.5961
WAHLKREIS,12,Magdeburg III,Erststimmen,D08,NPD,88,27618,0.3186
WAHLKREIS,12,Magdeburg III,Erststimmen,D09,Tierschutzpartei,0,27618,0.0
WAHLKREIS,12,Magdeburg III,Erststimmen,D10,Tierschutzallianz,0,27618,0.0
WAHLKREIS,12,Magdeburg III,Erststimmen,D12,Die PARTEI,0,27618,0.0
WAHLKREIS,12,Magdeburg III,Erststimmen,D13,Gartenpartei,1092,27618,3.9539
WAHLKREIS,12,Magdeburg III,Erststimmen,D14,FBM,0,27618,0.0
WAHLKREIS,12,Magdeburg III,Erststimmen,D16,dieBasis,486,27618,1.7597
WAHLKREIS,12,Magdeburg III,Erststimmen,D21,ÖDP,0,27618,0.0
WAHLKREIS,12,Magdeburg III,Erststimmen,D26,Andere KWV,0,27618,0.0
WAHLKREIS,12,Magdeburg III,Erststimmen,D27,Andere KWV,0,27618,0.0
WAHLKREIS,12,Magdeburg III,Erststimmen,D28,Andere KWV,0,27618,0.0
WAHLKREIS,12,Magdeburg III,Zweitstimmen,F01,CDU,9797,27658,35.4219
WAHLKREIS,12,Magdeburg III,Zweitstimmen,F02,AfD,4310,27658,15.5832
WAHLKREIS,12,Magdeburg III,Zweitstimmen,F03,DIE LINKE,3167,27658,11.4506
WAHLKREIS,12,Magdeburg III,Zweitstimmen,F04,SPD,2606,27658,9.4222
WAHLKREIS,12,Magdeburg III,Zweitstimmen,F05,GRÜNE,2430,27658,8.7859
WAHLKREIS,12,Magdeburg III,Zweitstimmen,F06,FDP,1854,27658,6.7033
WAHLKREIS,12,Magdeburg III,Zweitstimmen,F07,FREIE WÄHLER,517,27658,1.8693
WAHLKREIS,12,Magdeburg III,Zweitstimmen,F08,NPD,94,27658,0.3399
WAHLKREIS,12,Magdeburg III,Zweitstimmen,F09,Tierschutzpartei,797,27658,2.8816
WAHLKREIS,12,Magdeburg III,Zweitstimmen,F10,Tierschutzallianz,201,27658,0.7267
WAHLKREIS,12,Magdeburg III,Zweitstimmen,F11,LKR,12,27658,0.0434
WAHLKREIS,12,Magdeburg III,Zweitstimmen,F12,Die PARTEI,267,27658,0.9654
WAHLKREIS,12,Magdeburg III,Zweitstimmen,F13,Gartenpartei,580,27658,2.097
WAHLKREIS,12,Magdeburg III,Zweitstimmen,F14,FBM,11,27658,0.0398
WAHLKREIS,12,Magdeburg III,Zweitstimmen,F15,TIERSCHUTZ hier!,213,27658,0.7701
WAHLKREIS,12,Magdeburg III,Zweitstimmen,F16,dieBasis,400,27658,1.4462
WAHLKREIS,12,Magdeburg III,Zweitstimmen,F19,Klimaliste ST,36,27658,0.1302
WAHLKREIS,12,Magdeburg III,Zweitstimmen,F21,ÖDP,42,27658,0.1519
WAHLKREIS,12,Magdeburg III,Zweitstimmen,F22,Die Humanisten,51,27658,0.1844
WAHLKREIS,12,Magdeburg III,Zweitstimmen,F23,Gesundheitsforschung,114,27658,0.4122
WAHLKREIS,12,Magdeburg III,Zweitstimmen,F24,PIRATEN,119,27658,0.4303
WAHLKREIS,12,Magdeburg III,Zweitstimmen,F25,WiR2020,40,27658,0.1446
WAHLKREIS,13,Magdeburg IV,Erststimmen,D01,CDU,10544,31802,33.1551
WAHLKREIS,13,Magdeburg IV,Erststimmen,D02,AfD,5556,31802,17.4706
WAHLKREIS,13,Magdeburg IV,Erststimmen,D03,DIE LINKE,3989,31802,12.5432
WAHLKREIS,13,Magdeburg IV,Erststimmen,D04,SPD,3242,31802,10.1943
WAHLKREIS,13,Magdeburg IV,Erststimmen,D05,GRÜNE,3143,31802,9.883
WAHLKREIS,13,Magdeburg IV,Erststimmen,D06,FDP,2057,31802,6.4681
WAHLKREIS,13,Magdeburg IV,Erststimmen,D07,FREIE WÄHLER,742,31802,2.3332
WAHLKREIS,13,Magdeburg IV,Erststimmen,D08,NPD,0,31802,0.0
WAHLKREIS,13,Magdeburg IV,Erststimmen,D09,Tierschutzpartei,0,31802,0.0
WAHLKREIS,13,Magdeburg IV,Erststimmen,D10,Tierschutzallianz,850,31802,2.6728
WAHLKREIS,13,Magdeburg IV,Erststimmen,D12,Die PARTEI,380,31802,1.1949
WAHLKREIS,13,Magdeburg IV,Erststimmen,D13,Gartenpartei,867,31802,2.7262
WAHLKREIS,13,Magdeburg IV,Erststimmen,D14,FBM,0,31802,0.0
WAHLKREIS,13,Magdeburg IV,Erststimmen,D16,dieBasis,432,31802,1.3584
WAHLKREIS,13,Magdeburg IV,Erststimmen,D21,ÖDP,0,31802,0.0
WAHLKREIS,13,Magdeburg IV,Erststimmen,D26,Andere KWV,0,31802,0.0
WAHLKREIS,13,Magdeburg IV,Erststimmen,D27,Andere KWV,0,31802,0.0
WAHLKREIS,13,Magdeburg IV,Erststimmen,D28,Andere KWV,0,31802,0.0
WAHLKREIS,13,Magdeburg IV,Zweitstimmen,F01,CDU,10952,31810,34.4294
WAHLKREIS,13,Magdeburg IV,Zweitstimmen,F02,AfD,5263,31810,16.5451
WAHLKREIS,13,Magdeburg IV,Zweitstimmen,F03,DIE LINKE,3949,31810,12.4143
WAHLKREIS,13,Magdeburg IV,Zweitstimmen,F04,SPD,2890,31810,9.0852
WAHLKREIS,13,Magdeburg IV,Zweitstimmen,F05,GRÜNE,2927,31810,9.2015
WAHLKREIS,13,Magdeburg IV,Zweitstimmen,F06,FDP,2178,31810,6.8469
WAHLKREIS,13,Magdeburg IV,Zweitstimmen,F07,FREIE WÄHLER,570,31810,1.7919
WAHLKREIS,13,Magdeburg IV,Zweitstimmen,F08,NPD,71,31810,0.2232
WAHLKREIS,13,Magdeburg IV,Zweitstimmen,F09,Tierschutzpartei,568,31810,1.7856
WAHLKREIS,13,Magdeburg IV,Zweitstimmen,F10,Tierschutzallianz,417,31810,1.3109
WAHLKREIS,13,Magdeburg IV,Zweitstimmen,F11,LKR,21,31810,0.066
WAHLKREIS,13,Magdeburg IV,Zweitstimmen,F12,Die PARTEI,289,31810,0.9085
WAHLKREIS,13,Magdeburg IV,Zweitstimmen,F13,Gartenpartei,671,31810,2.1094
WAHLKREIS,13,Magdeburg IV,Zweitstimmen,F14,FBM,12,31810,0.0377
WAHLKREIS,13,Magdeburg IV,Zweitstimmen,F15,TIERSCHUTZ hier!,158,31810,0.4967
WAHLKREIS,13,Magdeburg IV,Zweitstimmen,F16,dieBasis,417,31810,1.3109
WAHLKREIS,13,Magdeburg IV,Zweitstimmen,F19,Klimaliste ST,32,31810,0.1006
WAHLKREIS,13,Magdeburg IV,Zweitstimmen,F21,ÖDP,50,31810,0.1572
WAHLKREIS,13,Magdeburg IV,Zweitstimmen,F22,Die Humanisten,61,31810,0.1918
WAHLKREIS,13,Magdeburg IV,Zweitstimmen,F23,Gesundheitsforschung,129,31810,0.4055
WAHLKREIS,13,Magdeburg IV,Zweitstimmen,F24,PIRATEN,131,31810,0.4118
WAHLKREIS,13,Magdeburg IV,Zweitstimmen,F25,WiR2020,54,31810,0.1698
WAHLKREIS,14,Halberstadt,Erststimmen,D01,CDU,6851,22572,30.3518
WAHLKREIS,14,Halberstadt,Erststimmen,D02,AfD,4806,22572,21.2919
WAHLKREIS,14,Halberstadt,Erststimmen,D03,DIE LINKE,5030,22572,22.2842
WAHLKREIS,14,Halberstadt,Erststimmen,D04,SPD,1888,22572,8.3643
WAHLKREIS,14,Halberstadt,Erststimmen,D05,GRÜNE,750,22572,3.3227
WAHLKREIS,14,Halberstadt,Erststimmen,D06,FDP,1569,22572,6.9511
WAHLKREIS,14,Halberstadt,Erststimmen,D07,FREIE WÄHLER,1040,22572,4.6075
WAHLKREIS,14,Halberstadt,Erststimmen,D08,NPD,0,22572,0.0
WAHLKREIS,14,Halberstadt,Erststimmen,D09,Tierschutzpartei,0,22572,0.0
WAHLKREIS,14,Halberstadt,Erststimmen,D10,Tierschutzallianz,0,22572,0.0
WAHLKREIS,14,Halberstadt,Erststimmen,D12,Die PARTEI,0,22572,0.0
WAHLKREIS,14,Halberstadt,Erststimmen,D13,Gartenpartei,0,22572,0.0
WAHLKREIS,14,Halberstadt,Erststimmen,D14,FBM,0,22572,0.0
WAHLKREIS,14,Halberstadt,Erststimmen,D16,dieBasis,435,22572,1.9272
WAHLKREIS,14,Halberstadt,Erststimmen,D21,ÖDP,0,22572,0.0
WAHLKREIS,14,Halberstadt,Erststimmen,D26,Andere KWV,203,22572,0.8993
WAHLKREIS,14,Halberstadt,Erststimmen,D27,Andere KWV,0,22572,0.0
WAHLKREIS,14,Halberstadt,Erststimmen,D28,Andere KWV,0,22572,0.0
WAHLKREIS,14,Halberstadt,Zweitstimmen,F01,CDU,8468,22592,37.4823
WAHLKREIS,14,Halberstadt,Zweitstimmen,F02,AfD,4725,22592,20.9145
WAHLKREIS,14,Halberstadt,Zweitstimmen,F03,DIE LINKE,2950,22592,13.0577
WAHLKREIS,14,Halberstadt,Zweitstimmen,F04,SPD,1871,22592,8.2817
WAHLKREIS,14,Halberstadt,Zweitstimmen,F05,GRÜNE,1061,22592,4.6964
WAHLKREIS,14,Halberstadt,Zweitstimmen,F06,FDP,1384,22592,6.1261
WAHLKREIS,14,Halberstadt,Zweitstimmen,F07,FREIE WÄHLER,623,22592,2.7576
WAHLKREIS,14,Halberstadt,Zweitstimmen,F08,NPD,43,22592,0.1903
WAHLKREIS,14,Halberstadt,Zweitstimmen,F09,Tierschutzpartei,295,22592,1.3058
WAHLKREIS,14,Halberstadt,Zweitstimmen,F10,Tierschutzallianz,68,22592,0.301
WAHLKREIS,14,Halberstadt,Zweitstimmen,F11,LKR,6,22592,0.0266
WAHLKREIS,14,Halberstadt,Zweitstimmen,F12,Die PARTEI,111,22592,0.4913
WAHLKREIS,14,Halberstadt,Zweitstimmen,F13,Gartenpartei,166,22592,0.7348
WAHLKREIS,14,Halberstadt,Zweitstimmen,F14,FBM,3,22592,0.0133
WAHLKREIS,14,Halberstadt,Zweitstimmen,F15,TIERSCHUTZ hier!,114,22592,0.5046
WAHLKREIS,14,Halberstadt,Zweitstimmen,F16,dieBasis,453,22592,2.0051
WAHLKREIS,14,Halberstadt,Zweitstimmen,F19,Klimaliste ST,14,22592,0.062
WAHLKREIS,14,Halberstadt,Zweitstimmen,F21,ÖDP,23,22592,0.1018
WAHLKREIS,14,Halberstadt,Zweitstimmen,F22,Die Humanisten,16,22592,0.0708
WAHLKREIS,14,Halberstadt,Zweitstimmen,F23,Gesundheitsforschung,80,22592,0.3541
WAHLKREIS,14,Halberstadt,Zweitstimmen,F24,PIRATEN,80,22592,0.3541
WAHLKREIS,14,Halberstadt,Zweitstimmen,F25,WiR2020,38,22592,0.1682
WAHLKREIS,15,Blankenburg,Erststimmen,D01,CDU,8229,24486,33.607
WAHLKREIS,15,Blankenburg,Erststimmen,D02,AfD,4936,24486,20.1585
WAHLKREIS,15,Blankenburg,Erststimmen,D03,DIE LINKE,2692,24486,10.994
WAHLKREIS,15,Blankenburg,Erststimmen,D04,SPD,4399,24486,17.9654
WAHLKREIS,15,Blankenburg,Erststimmen,D05,GRÜNE,1229,24486,5.0192
WAHLKREIS,15,Blankenburg,Erststimmen,D06,FDP,1559,24486,6.3669
WAHLKREIS,15,Blankenburg,Erststimmen,D07,FREIE WÄHLER,1442,24486,5.8891
WAHLKREIS,15,Blankenburg,Erststimmen,D08,NPD,0,24486,0.0
WAHLKREIS,15,Blankenburg,Erststimmen,D09,Tierschutzpartei,0,24486,0.0
WAHLKREIS,15,Blankenburg,Erststimmen,D10,Tierschutzallianz,0,24486,0.0
WAHLKREIS,15,Blankenburg,Erststimmen,D12,Die PARTEI,0,24486,0.0
WAHLKREIS,15,Blankenburg,Erststimmen,D13,Gartenpartei,0,24486,0.0
WAHLKREIS,15,Blankenburg,Erststimmen,D14,FBM,0,24486,0.0
WAHLKREIS,15,Blankenburg,Erststimmen,D16,dieBasis,0,24486,0.0
WAHLKREIS,15,Blankenburg,Erststimmen,D21,ÖDP,0,24486,0.0
WAHLKREIS,15,Blankenburg,Erststimmen,D26,Andere KWV,0,24486,0.0
WAHLKREIS,15,Blankenburg,Erststimmen,D27,Andere KWV,0,24486,0.0
WAHLKREIS,15,Blankenburg,Erststimmen,D28,Andere KWV,0,24486,0.0
WAHLKREIS,15,Blankenburg,Zweitstimmen,F01,CDU,9541,24550,38.8635
WAHLKREIS,15,Blankenburg,Zweitstimmen,F02,AfD,4609,24550,18.7739
WAHLKREIS,15,Blankenburg,Zweitstimmen,F03,DIE LINKE,2428,24550,9.89
WAHLKREIS,15,Blankenburg,Zweitstimmen,F04,SPD,2949,24550,12.0122
WAHLKREIS,15,Blankenburg,Zweitstimmen,F05,GRÜNE,1153,24550,4.6965
WAHLKREIS,15,Blankenburg,Zweitstimmen,F06,FDP,1479,24550,6.0244
WAHLKREIS,15,Blankenburg,Zweitstimmen,F07,FREIE WÄHLER,739,24550,3.0102
WAHLKREIS,15,Blankenburg,Zweitstimmen,F08,NPD,43,24550,0.1752
WAHLKREIS,15,Blankenburg,Zweitstimmen,F09,Tierschutzpartei,324,24550,1.3198
WAHLKREIS,15,Blankenburg,Zweitstimmen,F10,Tierschutzallianz,101,24550,0.4114
WAHLKREIS,15,Blankenburg,Zweitstimmen,F11,LKR,9,24550,0.0367
WAHLKREIS,15,Blankenburg,Zweitstimmen,F12,Die PARTEI,159,24550,0.6477
WAHLKREIS,15,Blankenburg,Zweitstimmen,F13,Gartenpartei,145,24550,0.5906
WAHLKREIS,15,Blankenburg,Zweitstimmen,F14,FBM,22,24550,0.0896
WAHLKREIS,15,Blankenburg,Zweitstimmen,F15,TIERSCHUTZ hier!,164,24550,0.668
WAHLKREIS,15,Blankenburg,Zweitstimmen,F16,dieBasis,439,24550,1.7882
WAHLKREIS,15,Blankenburg,Zweitstimmen,F19,Klimaliste ST,18,24550,0.0733
WAHLKREIS,15,Blankenburg,Zweitstimmen,F21,ÖDP,16,24550,0.0652
WAHLKREIS,15,Blankenburg,Zweitstimmen,F22,Die Humanisten,28,24550,0.1141
WAHLKREIS,15,Blankenburg,Zweitstimmen,F23,Gesundheitsforschung,85,24550,0.3462
WAHLKREIS,15,Blankenburg,Zweitstimmen,F24,PIRATEN,70,24550,0.2851
WAHLKREIS,15,Blankenburg,Zweitstimmen,F25,WiR2020,29,24550,0.1181
WAHLKREIS,16,Wernigerode,Erststimmen,D01,CDU,7818,25719,30.3978
WAHLKREIS,16,Wernigerode,Erststimmen,D02,AfD,4730,25719,18.3911
WAHLKREIS,16,Wernigerode,Erststimmen,D03,DIE LINKE,2754,25719,10.708
WAHLKREIS,16,Wernigerode,Erststimmen,D04,SPD,6266,25719,24.3633
WAHLKREIS,16,Wernigerode,Erststimmen,D05,GRÜNE,967,25719,3.7599
WAHLKREIS,16,Wernigerode,Erststimmen,D06,FDP,1612,25719,6.2677
WAHLKREIS,16,Wernigerode,Erststimmen,D07,FREIE WÄHLER,1124,25719,4.3703
WAHLKREIS,16,Wernigerode,Erststimmen,D08,NPD,0,25719,0.0
WAHLKREIS,16,Wernigerode,Erststimmen,D09,Tierschutzpartei,0,25719,0.0
WAHLKREIS,16,Wernigerode,Erststimmen,D10,Tierschutzallianz,0,25719,0.0
WAHLKREIS,16,Wernigerode,Erststimmen,D12,Die PARTEI,0,25719,0.0
WAHLKREIS,16,Wernigerode,Erststimmen,D13,Gartenpartei,0,25719,0.0
WAHLKREIS,16,Wernigerode,Erststimmen,D14,FBM,0,25719,0.0
WAHLKREIS,16,Wernigerode,Erststimmen,D16,dieBasis,448,25719,1.7419
WAHLKREIS,16,Wernigerode,Erststimmen,D21,ÖDP,0,25719,0.0
WAHLKREIS,16,Wernigerode,Erststimmen,D26,Andere KWV,0,25719,0.0
WAHLKREIS,16,Wernigerode,Erststimmen,D27,Andere KWV,0,25719,0.0
WAHLKREIS,16,Wernigerode,Erststimmen,D28,Andere KWV,0,25719,0.0
WAHLKREIS,16,Wernigerode,Zweitstimmen,F01,CDU,10039,25748,38.9894
WAHLKREIS,16,Wernigerode,Zweitstimmen,F02,AfD,4565,25748,17.7295
WAHLKREIS,16,Wernigerode,Zweitstimmen,F03,DIE LINKE,2567,25748,9.9697
WAHLKREIS,16,Wernigerode,Zweitstimmen,F04,SPD,3219,25748,12.5019
WAHLKREIS,16,Wernigerode,Zweitstimmen,F05,GRÜNE,1466,25748,5.6936
WAHLKREIS,16,Wernigerode,Zweitstimmen,F06,FDP,1564,25748,6.0743
WAHLKREIS,16,Wernigerode,Zweitstimmen,F07,FREIE WÄHLER,681,25748,2.6449
WAHLKREIS,16,Wernigerode,Zweitstimmen,F08,NPD,78,25748,0.3029
WAHLKREIS,16,Wernigerode,Zweitstimmen,F09,Tierschutzpartei,334,25748,1.2972
WAHLKREIS,16,Wernigerode,Zweitstimmen,F10,Tierschutzallianz,85,25748,0.3301
WAHLKREIS,16,Wernigerode,Zweitstimmen,F11,LKR,5,25748,0.0194
WAHLKREIS,16,Wernigerode,Zweitstimmen,F12,Die PARTEI,141,25748,0.5476
WAHLKREIS,16,Wernigerode,Zweitstimmen,F13,Gartenpartei,151,25748,0.5865
WAHLKREIS,16,Wernigerode,Zweitstimmen,F14,FBM,21,25748,0.0816
WAHLKREIS,16,Wernigerode,Zweitstimmen,F15,TIERSCHUTZ hier!,164,25748,0.6369
WAHLKREIS,16,Wernigerode,Zweitstimmen,F16,dieBasis,455,25748,1.7671
WAHLKREIS,16,Wernigerode,Zweitstimmen,F19,Klimaliste ST,16,25748,0.0621
WAHLKREIS,16,Wernigerode,Zweitstimmen,F21,ÖDP,12,25748,0.0466
WAHLKREIS,16,Wernigerode,Zweitstimmen,F22,Die Humanisten,27,25748,0.1049
WAHLKREIS,16,Wernigerode,Zweitstimmen,F23,Gesundheitsforschung,65,25748,0.2524
WAHLKREIS,16,Wernigerode,Zweitstimmen,F24,PIRATEN,63,25748,0.2447
WAHLKREIS,16,Wernigerode,Zweitstimmen,F25,WiR2020,30,25748,0.1165
WAHLKREIS,17,Quedlinburg,Erststimmen,D01,CDU,9401,28104,33.4508
WAHLKREIS,17,Quedlinburg,Erststimmen,D02,AfD,5873,28104,20.8974
WAHLKREIS,17,Quedlinburg,Erststimmen,D03,DIE LINKE,3488,28104,12.411
WAHLKREIS,17,Quedlinburg,Erststimmen,D04,SPD,2980,28104,10.6035
WAHLKREIS,17,Quedlinburg,Erststimmen,D05,GRÜNE,1843,28104,6.5578
WAHLKREIS,17,Quedlinburg,Erststimmen,D06,FDP,2443,28104,8.6927
WAHLKREIS,17,Quedlinburg,Erststimmen,D07,FREIE WÄHLER,2076,28104,7.3868
WAHLKREIS,17,Quedlinburg,Erststimmen,D08,NPD,0,28104,0.0
WAHLKREIS,17,Quedlinburg,Erststimmen,D09,Tierschutzpartei,0,28104,0.0
WAHLKREIS,17,Quedlinburg,Erststimmen,D10,Tierschutzallianz,0,28104,0.0
WAHLKREIS,17,Quedlinburg,Erststimmen,D12,Die PARTEI,0,28104,0.0
WAHLKREIS,17,Quedlinburg,Erststimmen,D13,Gartenpartei,0,28104,0.0
WAHLKREIS,17,Quedlinburg,Erststimmen,D14,FBM,0,28104,0.0
WAHLKREIS,17,Quedlinburg,Erststimmen,D16,dieBasis,0,28104,0.0
WAHLKREIS,17,Quedlinburg,Erststimmen,D21,ÖDP,0,28104,0.0
WAHLKREIS,17,Quedlinburg,Erststimmen,D26,Andere KWV,0,28104,0.0
WAHLKREIS,17,Quedlinburg,Erststimmen,D27,Andere KWV,0,28104,0.0
WAHLKREIS,17,Quedlinburg,Erststimmen,D28,Andere KWV,0,28104,0.0
WAHLKREIS,17,Quedlinburg,Zweitstimmen,F01,CDU,10704,28146,38.0303
WAHLKREIS,17,Quedlinburg,Zweitstimmen,F02,AfD,5539,28146,19.6795
WAHLKREIS,17,Quedlinburg,Zweitstimmen,F03,DIE LINKE,3032,28146,10.7724
WAHLKREIS,17,Quedlinburg,Zweitstimmen,F04,SPD,2489,28146,8.8432
WAHLKREIS,17,Quedlinburg,Zweitstimmen,F05,GRÜNE,1592,28146,5.6562
WAHLKREIS,17,Quedlinburg,Zweitstimmen,F06,FDP,1960,28146,6.9637
WAHLKREIS,17,Quedlinburg,Zweitstimmen,F07,FREIE WÄHLER,998,28146,3.5458
WAHLKREIS,17,Quedlinburg,Zweitstimmen,F08,NPD,62,28146,0.2203
WAHLKREIS,17,Quedlinburg,Zweitstimmen,F09,Tierschutzpartei,375,28146,1.3323
WAHLKREIS,17,Quedlinburg,Zweitstimmen,F10,Tierschutzallianz,81,28146,0.2878
WAHLKREIS,17,Quedlinburg,Zweitstimmen,F11,LKR,6,28146,0.0213
WAHLKREIS,17,Quedlinburg,Zweitstimmen,F12,Die PARTEI,186,28146,0.6608
WAHLKREIS,17,Quedlinburg,Zweitstimmen,F13,Gartenpartei,202,28146,0.7177
WAHLKREIS,17,Quedlinburg,Zweitstimmen,F14,FBM,14,28146,0.0497
WAHLKREIS,17,Quedlinburg,Zweitstimmen,F15,TIERSCHUTZ hier!,180,28146,0.6395
WAHLKREIS,17,Quedlinburg,Zweitstimmen,F16,dieBasis,453,28146,1.6095
WAHLKREIS,17,Quedlinburg,Zweitstimmen,F19,Klimaliste ST,6,28146,0.0213
WAHLKREIS,17,Quedlinburg,Zweitstimmen,F21,ÖDP,24,28146,0.0853
WAHLKREIS,17,Quedlinburg,Zweitstimmen,F22,Die Humanisten,28,28146,0.0995
WAHLKREIS,17,Quedlinburg,Zweitstimmen,F23,Gesundheitsforschung,96,28146,0.3411
WAHLKREIS,17,Quedlinburg,Zweitstimmen,F24,PIRATEN,88,28146,0.3127
WAHLKREIS,17,Quedlinburg,Zweitstimmen,F25,WiR2020,31,28146,0.1101
WAHLKREIS,18,Aschersleben,Erststimmen,D01,CDU,7295,21570,33.8201
WAHLKREIS,18,Aschersleben,Erststimmen,D02,AfD,4898,21570,22.7075
WAHLKREIS,18,Aschersleben,Erststimmen,D03,DIE LINKE,2896,21570,13.4261
WAHLKREIS,18,Aschersleben,Erststimmen,D04,SPD,2008,21570,9.3092
WAHLKREIS,18,Aschersleben,Erststimmen,D05,GRÜNE,890,21570,4.1261
WAHLKREIS,18,Aschersleben,Erststimmen,D06,FDP,1295,21570,6.0037
WAHLKREIS,18,Aschersleben,Erststimmen,D07,FREIE WÄHLER,2033,21570,9.4251
WAHLKREIS,18,Aschersleben,Erststimmen,D08,NPD,0,21570,0.0
WAHLKREIS,18,Aschersleben,Erststimmen,D09,Tierschutzpartei,0,21570,0.0
WAHLKREIS,18,Aschersleben,Erststimmen,D10,Tierschutzallianz,0,21570,0.0
WAHLKREIS,18,Aschersleben,Erststimmen,D12,Die PARTEI,0,21570,0.0
WAHLKREIS,18,Aschersleben,Erststimmen,D13,Gartenpartei,0,21570,0.0
WAHLKREIS,18,Aschersleben,Erststimmen,D14,FBM,255,21570,1.1822
WAHLKREIS,18,Aschersleben,Erststimmen,D16,dieBasis,0,21570,0.0
WAHLKREIS,18,Aschersleben,Erststimmen,D21,ÖDP,0,21570,0.0
WAHLKREIS,18,Aschersleben,Erststimmen,D26,Andere KWV,0,21570,0.0
WAHLKREIS,18,Aschersleben,Erststimmen,D27,Andere KWV,0,21570,0.0
WAHLKREIS,18,Aschersleben,Erststimmen,D28,Andere KWV,0,21570,0.0
WAHLKREIS,18,Aschersleben,Zweitstimmen,F01,CDU,8148,21617,37.6926
WAHLKREIS,18,Aschersleben,Zweitstimmen,F02,AfD,4801,21617,22.2094
WAHLKREIS,18,Aschersleben,Zweitstimmen,F03,DIE LINKE,2535,21617,11.7269
WAHLKREIS,18,Aschersleben,Zweitstimmen,F04,SPD,1786,21617,8.262
WAHLKREIS,18,Aschersleben,Zweitstimmen,F05,GRÜNE,796,21617,3.6823
WAHLKREIS,18,Aschersleben,Zweitstimmen,F06,FDP,1347,21617,6.2312
WAHLKREIS,18,Aschersleben,Zweitstimmen,F07,FREIE WÄHLER,892,21617,4.1264
WAHLKREIS,18,Aschersleben,Zweitstimmen,F08,NPD,58,21617,0.2683
WAHLKREIS,18,Aschersleben,Zweitstimmen,F09,Tierschutzpartei,277,21617,1.2814
WAHLKREIS,18,Aschersleben,Zweitstimmen,F10,Tierschutzallianz,83,21617,0.384
WAHLKREIS,18,Aschersleben,Zweitstimmen,F11,LKR,7,21617,0.0324
WAHLKREIS,18,Aschersleben,Zweitstimmen,F12,Die PARTEI,93,21617,0.4302
WAHLKREIS,18,Aschersleben,Zweitstimmen,F13,Gartenpartei,134,21617,0.6199
WAHLKREIS,18,Aschersleben,Zweitstimmen,F14,FBM,93,21617,0.4302
WAHLKREIS,18,Aschersleben,Zweitstimmen,F15,TIERSCHUTZ hier!,124,21617,0.5736
WAHLKREIS,18,Aschersleben,Zweitstimmen,F16,dieBasis,255,21617,1.1796
WAHLKREIS,18,Aschersleben,Zweitstimmen,F19,Klimaliste ST,4,21617,0.0185
WAHLKREIS,18,Aschersleben,Zweitstimmen,F21,ÖDP,13,21617,0.0601
WAHLKREIS,18,Aschersleben,Zweitstimmen,F22,Die Humanisten,18,21617,0.0833
WAHLKREIS,18,Aschersleben,Zweitstimmen,F23,Gesundheitsforschung,84,21617,0.3886
WAHLKREIS,18,Aschersleben,Zweitstimmen,F24,PIRATEN,44,21617,0.2035
WAHLKREIS,18,Aschersleben,Zweitstimmen,F25,WiR2020,25,21617,0.1156
WAHLKREIS,19,Staßfurt,Erststimmen,D01,CDU,6163,18850,32.695
WAHLKREIS,19,Staßfurt,Erststimmen,D02,AfD,5405,18850,28.6737
WAHLKREIS,19,Staßfurt,Erststimmen,D03,DIE LINKE,2308,18850,12.244
WAHLKREIS,19,Staßfurt,Erststimmen,D04,SPD,1556,18850,8.2546
WAHLKREIS,19,Staßfurt,Erststimmen,D05,GRÜNE,306,18850,1.6233
WAHLKREIS,19,Staßfurt,Erststimmen,D06,FDP,2215,18850,11.7507
WAHLKREIS,19,Staßfurt,Erststimmen,D07,FREIE WÄHLER,897,18850,4.7586
WAHLKREIS,19,Staßfurt,Erststimmen,D08,NPD,0,18850,0.0
WAHLKREIS,19,Staßfurt,Erststimmen,D09,Tierschutzpartei,0,18850,0.0
WAHLKREIS,19,Staßfurt,Erststimmen,D10,Tierschutzallianz,0,18850,0.0
WAHLKREIS,19,Staßfurt,Erststimmen,D12,Die PARTEI,0,18850,0.0
WAHLKREIS,19,Staßfurt,Erststimmen,D13,Gartenpartei,0,18850,0.0
WAHLKREIS,19,Staßfurt,Erststimmen,D14,FBM,0,18850,0.0
WAHLKREIS,19,Staßfurt,Erststimmen,D16,dieBasis,0,18850,0.0
WAHLKREIS,19,Staßfurt,Erststimmen,D21,ÖDP,0,18850,0.0
WAHLKREIS,19,Staßfurt,Erststimmen,D26,Andere KWV,0,18850,0.0
WAHLKREIS,19,Staßfurt,Erststimmen,D27,Andere KWV,0,18850,0.0
WAHLKREIS,19,Staßfurt,Erststimmen,D28,Andere KWV,0,18850,0.0
WAHLKREIS,19,Staßfurt,Zweitstimmen,F01,CDU,6820,18885,36.1133
WAHLKREIS,19,Staßfurt,Zweitstimmen,F02,AfD,5282,18885,27.9693
WAHLKREIS,19,Staßfurt,Zweitstimmen,F03,DIE LINKE,2007,18885,10.6275
WAHLKREIS,19,Staßfurt,Zweitstimmen,F04,SPD,1291,18885,6.8361
WAHLKREIS,19,Staßfurt,Zweitstimmen,F05,GRÜNE,485,18885,2.5682
WAHLKREIS,19,Staßfurt,Zweitstimmen,F06,FDP,1457,18885,7.7151
WAHLKREIS,19,Staßfurt,Zweitstimmen,F07,FREIE WÄHLER,421,18885,2.2293
WAHLKREIS,19,Staßfurt,Zweitstimmen,F08,NPD,45,18885,0.2383
WAHLKREIS,19,Staßfurt,Zweitstimmen,F09,Tierschutzpartei,269,18885,1.4244
WAHLKREIS,19,Staßfurt,Zweitstimmen,F10,Tierschutzallianz,65,18885,0.3442
WAHLKREIS,19,Staßfurt,Zweitstimmen,F11,LKR,4,18885,0.0212
WAHLKREIS,19,Staßfurt,Zweitstimmen,F12,Die PARTEI,91,18885,0.4819
WAHLKREIS,19,Staßfurt,Zweitstimmen,F13,Gartenpartei,181,18885,0.9584
WAHLKREIS,19,Staßfurt,Zweitstimmen,F14,FBM,10,18885,0.053
WAHLKREIS,19,Staßfurt,Zweitstimmen,F15,TIERSCHUTZ hier!,122,18885,0.646
WAHLKREIS,19,Staßfurt,Zweitstimmen,F16,dieBasis,162,18885,0.8578
WAHLKREIS,19,Staßfurt,Zweitstimmen,F19,Klimaliste ST,14,18885,0.0741
WAHLKREIS,19,Staßfurt,Zweitstimmen,F21,ÖDP,15,18885,0.0794
WAHLKREIS,19,Staßfurt,Zweitstimmen,F22,Die Humanisten,20,18885,0.1059
WAHLKREIS,19,Staßfurt,Zweitstimmen,F23,Gesundheitsforschung,58,18885,0.3071
WAHLKREIS,19,Staßfurt,Zweitstimmen,F24,PIRATEN,36,18885,0.1906
WAHLKREIS,19,Staßfurt,Zweitstimmen,F25,WiR2020,30,18885,0.1589
WAHLKREIS,20,Schönebeck,Erststimmen,D01,CDU,8576,24826,34.5444
WAHLKREIS,20,Schönebeck,Erststimmen,D02,AfD,5608,24826,22.5892
WAHLKREIS,20,Schönebeck,Erststimmen,D03,DIE LINKE,3194,24826,12.8655
WAHLKREIS,20,Schönebeck,Erststimmen,D04,SPD,3234,24826,13.0267
WAHLKREIS,20,Schönebeck,Erststimmen,D05,GRÜNE,779,24826,3.1378
WAHLKREIS,20,Schönebeck,Erststimmen,D06,FDP,1931,24826,7.7781
WAHLKREIS,20,Schönebeck,Erststimmen,D07,FREIE WÄHLER,1165,24826,4.6927
WAHLKREIS,20,Schönebeck,Erststimmen,D08,NPD,0,24826,0.0
WAHLKREIS,20,Schönebeck,Erststimmen,D09,Tierschutzpartei,0,24826,0.0
WAHLKREIS,20,Schönebeck,Erststimmen,D10,Tierschutzallianz,0,24826,0.0
WAHLKREIS,20,Schönebeck,Erststimmen,D12,Die PARTEI,0,24826,0.0
WAHLKREIS,20,Schönebeck,Erststimmen,D13,Gartenpartei,0,24826,0.0
WAHLKREIS,20,Schönebeck,Erststimmen,D14,FBM,0,24826,0.0
WAHLKREIS,20,Schönebeck,Erststimmen,D16,dieBasis,339,24826,1.3655
WAHLKREIS,20,Schönebeck,Erststimmen,D21,ÖDP,0,24826,0.0
WAHLKREIS,20,Schönebeck,Erststimmen,D26,Andere KWV,0,24826,0.0
WAHLKREIS,20,Schönebeck,Erststimmen,D27,Andere KWV,0,24826,0.0
WAHLKREIS,20,Schönebeck,Erststimmen,D28,Andere KWV,0,24826,0.0
WAHLKREIS,20,Schönebeck,Zweitstimmen,F01,CDU,9957,24841,40.0829
WAHLKREIS,20,Schönebeck,Zweitstimmen,F02,AfD,5457,24841,21.9677
WAHLKREIS,20,Schönebeck,Zweitstimmen,F03,DIE LINKE,2621,24841,10.5511
WAHLKREIS,20,Schönebeck,Zweitstimmen,F04,SPD,2245,24841,9.0375
WAHLKREIS,20,Schönebeck,Zweitstimmen,F05,GRÜNE,871,24841,3.5063
WAHLKREIS,20,Schönebeck,Zweitstimmen,F06,FDP,1451,24841,5.8411
WAHLKREIS,20,Schönebeck,Zweitstimmen,F07,FREIE WÄHLER,591,24841,2.3791
WAHLKREIS,20,Schönebeck,Zweitstimmen,F08,NPD,47,24841,0.1892
WAHLKREIS,20,Schönebeck,Zweitstimmen,F09,Tierschutzpartei,393,24841,1.5821
WAHLKREIS,20,Schönebeck,Zweitstimmen,F10,Tierschutzallianz,127,24841,0.5113
WAHLKREIS,20,Schönebeck,Zweitstimmen,F11,LKR,14,24841,0.0564
WAHLKREIS,20,Schönebeck,Zweitstimmen,F12,Die PARTEI,119,24841,0.479
WAHLKREIS,20,Schönebeck,Zweitstimmen,F13,Gartenpartei,250,24841,1.0064
WAHLKREIS,20,Schönebeck,Zweitstimmen,F14,FBM,6,24841,0.0242
WAHLKREIS,20,Schönebeck,Zweitstimmen,F15,TIERSCHUTZ hier!,163,24841,0.6562
WAHLKREIS,20,Schönebeck,Zweitstimmen,F16,dieBasis,338,24841,1.3607
WAHLKREIS,20,Schönebeck,Zweitstimmen,F19,Klimaliste ST,9,24841,0.0362
WAHLKREIS,20,Schönebeck,Zweitstimmen,F21,ÖDP,10,24841,0.0403
WAHLKREIS,20,Schönebeck,Zweitstimmen,F22,Die Humanisten,19,24841,0.0765
WAHLKREIS,20,Schönebeck,Zweitstimmen,F23,Gesundheitsforschung,61,24841,0.2456
WAHLKREIS,20,Schönebeck,Zweitstimmen,F24,PIRATEN,53,24841,0.2134
WAHLKREIS,20,Schönebeck,Zweitstimmen,F25,WiR2020,39,24841,0.157
WAHLKREIS,21,Bernburg,Erststimmen,D01,CDU,9071,26117,34.7322
WAHLKREIS,21,Bernburg,Erststimmen,D02,AfD,6476,26117,24.7961
WAHLKREIS,21,Bernburg,Erststimmen,D03,DIE LINKE,3477,26117,13.3132
WAHLKREIS,21,Bernburg,Erststimmen,D04,SPD,2313,26117,8.8563
WAHLKREIS,21,Bernburg,Erststimmen,D05,GRÜNE,1038,26117,3.9744
WAHLKREIS,21,Bernburg,Erststimmen,D06,FDP,2447,26117,9.3694
WAHLKREIS,21,Bernburg,Erststimmen,D07,FREIE WÄHLER,1295,26117,4.9585
WAHLKREIS,21,Bernburg,Erststimmen,D08,NPD,0,26117,0.0
WAHLKREIS,21,Bernburg,Erststimmen,D09,Tierschutzpartei,0,26117,0.0
WAHLKREIS,21,Bernburg,Erststimmen,D10,Tierschutzallianz,0,26117,0.0
WAHLKREIS,21,Bernburg,Erststimmen,D12,Die PARTEI,0,26117,0.0
WAHLKREIS,21,Bernburg,Erststimmen,D13,Gartenpartei,0,26117,0.0
WAHLKREIS,21,Bernburg,Erststimmen,D14,FBM,0,26117,0.0
WAHLKREIS,21,Bernburg,Erststimmen,D16,dieBasis,0,26117,0.0
WAHLKREIS,21,Bernburg,Erststimmen,D21,ÖDP,0,26117,0.0
WAHLKREIS,21,Bernburg,Erststimmen,D26,Andere KWV,0,26117,0.0
WAHLKREIS,21,Bernburg,Erststimmen,D27,Andere KWV,0,26117,0.0
WAHLKREIS,21,Bernburg,Erststimmen,D28,Andere KWV,0,26117,0.0
WAHLKREIS,21,Bernburg,Zweitstimmen,F01,CDU,9933,26184,37.9354
WAHLKREIS,21,Bernburg,Zweitstimmen,F02,AfD,6164,26184,23.5411
WAHLKREIS,21,Bernburg,Zweitstimmen,F03,DIE LINKE,3021,26184,11.5376
WAHLKREIS,21,Bernburg,Zweitstimmen,F04,SPD,1896,26184,7.2411
WAHLKREIS,21,Bernburg,Zweitstimmen,F05,GRÜNE,952,26184,3.6358
WAHLKREIS,21,Bernburg,Zweitstimmen,F06,FDP,1931,26184,7.3747
WAHLKREIS,21,Bernburg,Zweitstimmen,F07,FREIE WÄHLER,679,26184,2.5932
WAHLKREIS,21,Bernburg,Zweitstimmen,F08,NPD,63,26184,0.2406
WAHLKREIS,21,Bernburg,Zweitstimmen,F09,Tierschutzpartei,368,26184,1.4054
WAHLKREIS,21,Bernburg,Zweitstimmen,F10,Tierschutzallianz,96,26184,0.3666
WAHLKREIS,21,Bernburg,Zweitstimmen,F11,LKR,3,26184,0.0115
WAHLKREIS,21,Bernburg,Zweitstimmen,F12,Die PARTEI,107,26184,0.4086
WAHLKREIS,21,Bernburg,Zweitstimmen,F13,Gartenpartei,202,26184,0.7715
WAHLKREIS,21,Bernburg,Zweitstimmen,F14,FBM,18,26184,0.0687
WAHLKREIS,21,Bernburg,Zweitstimmen,F15,TIERSCHUTZ hier!,179,26184,0.6836
WAHLKREIS,21,Bernburg,Zweitstimmen,F16,dieBasis,281,26184,1.0732
WAHLKREIS,21,Bernburg,Zweitstimmen,F19,Klimaliste ST,8,26184,0.0306
WAHLKREIS,21,Bernburg,Zweitstimmen,F21,ÖDP,16,26184,0.0611
WAHLKREIS,21,Bernburg,Zweitstimmen,F22,Die Humanisten,27,26184,0.1031
WAHLKREIS,21,Bernburg,Zweitstimmen,F23,Gesundheitsforschung,106,26184,0.4048
WAHLKREIS,21,Bernburg,Zweitstimmen,F24,PIRATEN,78,26184,0.2979
WAHLKREIS,21,Bernburg,Zweitstimmen,F25,WiR2020,56,26184,0.2139
WAHLKREIS,22,Köthen,Erststimmen,D01,CDU,10794,28843,37.4233
WAHLKREIS,22,Köthen,Erststimmen,D02,AfD,7250,28843,25.1361
WAHLKREIS,22,Köthen,Erststimmen,D03,DIE LINKE,5099,28843,17.6785
WAHLKREIS,22,Köthen,Erststimmen,D04,SPD,1775,28843,6.154
WAHLKREIS,22,Köthen,Erststimmen,D05,GRÜNE,939,28843,3.2556
WAHLKREIS,22,Köthen,Erststimmen,D06,FDP,1430,28843,4.9579
WAHLKREIS,22,Köthen,Erststimmen,D07,FREIE WÄHLER,1556,28843,5.3947
WAHLKREIS,22,Köthen,Erststimmen,D08,NPD,0,28843,0.0
WAHLKREIS,22,Köthen,Erststimmen,D09,Tierschutzpartei,0,28843,0.0
WAHLKREIS,22,Köthen,Erststimmen,D10,Tierschutzallianz,0,28843,0.0
WAHLKREIS,22,Köthen,Erststimmen,D12,Die PARTEI,0,28843,0.0
WAHLKREIS,22,Köthen,Erststimmen,D13,Gartenpartei,0,28843,0.0
WAHLKREIS,22,Köthen,Erststimmen,D14,FBM,0,28843,0.0
WAHLKREIS,22,Köthen,Erststimmen,D16,dieBasis,0,28843,0.0
WAHLKREIS,22,Köthen,Erststimmen,D21,ÖDP,0,28843,0.0
WAHLKREIS,22,Köthen,Erststimmen,D26,Andere KWV,0,28843,0.0
WAHLKREIS,22,Köthen,Erststimmen,D27,Andere KWV,0,28843,0.0
WAHLKREIS,22,Köthen,Erststimmen,D28,Andere KWV,0,28843,0.0
WAHLKREIS,22,Köthen,Zweitstimmen,F01,CDU,11097,28840,38.4778
WAHLKREIS,22,Köthen,Zweitstimmen,F02,AfD,6973,28840,24.1782
WAHLKREIS,22,Köthen,Zweitstimmen,F03,DIE LINKE,3690,28840,12.7947
WAHLKREIS,22,Köthen,Zweitstimmen,F04,SPD,1774,28840,6.1512
WAHLKREIS,22,Köthen,Zweitstimmen,F05,GRÜNE,1004,28840,3.4813
WAHLKREIS,22,Köthen,Zweitstimmen,F06,FDP,1675,28840,5.8079
WAHLKREIS,22,Köthen,Zweitstimmen,F07,FREIE WÄHLER,783,28840,2.715
WAHLKREIS,22,Köthen,Zweitstimmen,F08,NPD,126,28840,0.4369
WAHLKREIS,22,Köthen,Zweitstimmen,F09,Tierschutzpartei,390,28840,1.3523
WAHLKREIS,22,Köthen,Zweitstimmen,F10,Tierschutzallianz,99,28840,0.3433
WAHLKREIS,22,Köthen,Zweitstimmen,F11,LKR,16,28840,0.0555
WAHLKREIS,22,Köthen,Zweitstimmen,F12,Die PARTEI,137,28840,0.475
WAHLKREIS,22,Köthen,Zweitstimmen,F13,Gartenpartei,196,28840,0.6796
WAHLKREIS,22,Köthen,Zweitstimmen,F14,FBM,15,28840,0.052
WAHLKREIS,22,Köthen,Zweitstimmen,F15,TIERSCHUTZ hier!,178,28840,0.6172
WAHLKREIS,22,Köthen,Zweitstimmen,F16,dieBasis,355,28840,1.2309
WAHLKREIS,22,Köthen,Zweitstimmen,F19,Klimaliste ST,13,28840,0.0451
WAHLKREIS,22,Köthen,Zweitstimmen,F21,ÖDP,25,28840,0.0867
WAHLKREIS,22,Köthen,Zweitstimmen,F22,Die Humanisten,28,28840,0.0971
WAHLKREIS,22,Köthen,Zweitstimmen,F23,Gesundheitsforschung,118,28840,0.4092
WAHLKREIS,22,Köthen,Zweitstimmen,F24,PIRATEN,86,28840,0.2982
WAHLKREIS,22,Köthen,Zweitstimmen,F25,WiR2020,62,28840,0.215
WAHLKREIS,23,Zerbst,Erststimmen,D01,CDU,8780,24030,36.5377
WAHLKREIS,23,Zerbst,Erststimmen,D02,AfD,5562,24030,23.1461
WAHLKREIS,23,Zerbst,Erststimmen,D03,DIE LINKE,3133,24030,13.0379
WAHLKREIS,23,Zerbst,Erststimmen,D04,SPD,1771,24030,7.37
WAHLKREIS,23,Zerbst,Erststimmen,D05,GRÜNE,988,24030,4.1115
WAHLKREIS,23,Zerbst,Erststimmen,D06,FDP,1496,24030,6.2256
WAHLKREIS,23,Zerbst,Erststimmen,D07,FREIE WÄHLER,2300,24030,9.5714
WAHLKREIS,23,Zerbst,Erststimmen,D08,NPD,0,24030,0.0
WAHLKREIS,23,Zerbst,Erststimmen,D09,Tierschutzpartei,0,24030,0.0
WAHLKREIS,23,Zerbst,Erststimmen,D10,Tierschutzallianz,0,24030,0.0
WAHLKREIS,23,Zerbst,Erststimmen,D12,Die PARTEI,0,24030,0.0
WAHLKREIS,23,Zerbst,Erststimmen,D13,Gartenpartei,0,24030,0.0
WAHLKREIS,23,Zerbst,Erststimmen,D14,FBM,0,24030,0.0
WAHLKREIS,23,Zerbst,Erststimmen,D16,dieBasis,0,24030,0.0
WAHLKREIS,23,Zerbst,Erststimmen,D21,ÖDP,0,24030,0.0
WAHLKREIS,23,Zerbst,Erststimmen,D26,Andere KWV,0,24030,0.0
WAHLKREIS,23,Zerbst,Erststimmen,D27,Andere KWV,0,24030,0.0
WAHLKREIS,23,Zerbst,Erststimmen,D28,Andere KWV,0,24030,0.0
WAHLKREIS,23,Zerbst,Zweitstimmen,F01,CDU,9420,24040,39.1847
WAHLKREIS,23,Zerbst,Zweitstimmen,F02,AfD,5381,24040,22.3835
WAHLKREIS,23,Zerbst,Zweitstimmen,F03,DIE LINKE,2655,24040,11.0441
WAHLKREIS,23,Zerbst,Zweitstimmen,F04,SPD,1885,24040,7.8411
WAHLKREIS,23,Zerbst,Zweitstimmen,F05,GRÜNE,933,24040,3.881
WAHLKREIS,23,Zerbst,Zweitstimmen,F06,FDP,1439,24040,5.9859
WAHLKREIS,23,Zerbst,Zweitstimmen,F07,FREIE WÄHLER,900,24040,3.7438
WAHLKREIS,23,Zerbst,Zweitstimmen,F08,NPD,69,24040,0.287
WAHLKREIS,23,Zerbst,Zweitstimmen,F09,Tierschutzpartei,299,24040,1.2438
WAHLKREIS,23,Zerbst,Zweitstimmen,F10,Tierschutzallianz,79,24040,0.3286
WAHLKREIS,23,Zerbst,Zweitstimmen,F11,LKR,9,24040,0.0374
WAHLKREIS,23,Zerbst,Zweitstimmen,F12,Die PARTEI,105,24040,0.4368
WAHLKREIS,23,Zerbst,Zweitstimmen,F13,Gartenpartei,159,24040,0.6614
WAHLKREIS,23,Zerbst,Zweitstimmen,F14,FBM,23,24040,0.0957
WAHLKREIS,23,Zerbst,Zweitstimmen,F15,TIERSCHUTZ hier!,138,24040,0.574
WAHLKREIS,23,Zerbst,Zweitstimmen,F16,dieBasis,251,24040,1.0441
WAHLKREIS,23,Zerbst,Zweitstimmen,F19,Klimaliste ST,13,24040,0.0541
WAHLKREIS,23,Zerbst,Zweitstimmen,F21,ÖDP,10,24040,0.0416
WAHLKREIS,23,Zerbst,Zweitstimmen,F22,Die Humanisten,18,24040,0.0749
WAHLKREIS,23,Zerbst,Zweitstimmen,F23,Gesundheitsforschung,82,24040,0.3411
WAHLKREIS,23,Zerbst,Zweitstimmen,F24,PIRATEN,68,24040,0.2829
WAHLKREIS,23,Zerbst,Zweitstimmen,F25,WiR2020,104,24040,0.4326
WAHLKREIS,24,Wittenberg,Erststimmen,D01,CDU,14600,27086,53.9024
WAHLKREIS,24,Wittenberg,Erststimmen,D02,AfD,4942,27086,18.2456
WAHLKREIS,24,Wittenberg,Erststimmen,D03,DIE LINKE,2273,27086,8.3918
WAHLKREIS,24,Wittenberg,Erststimmen,D04,SPD,1922,27086,7.0959
WAHLKREIS,24,Wittenberg,Erststimmen,D05,GRÜNE,809,27086,2.9868
WAHLKREIS,24,Wittenberg,Erststimmen,D06,FDP,0,27086,0.0
WAHLKREIS,24,Wittenberg,Erststimmen,D07,FREIE WÄHLER,2332,27086,8.6096
WAHLKREIS,24,Wittenberg,Erststimmen,D08,NPD,0,27086,0.0
WAHLKREIS,24,Wittenberg,Erststimmen,D09,Tierschutzpartei,0,27086,0.0
WAHLKREIS,24,Wittenberg,Erststimmen,D10,Tierschutzallianz,0,27086,0.0
WAHLKREIS,24,Wittenberg,Erststimmen,D12,Die PARTEI,0,27086,0.0
WAHLKREIS,24,Wittenberg,Erststimmen,D13,Gartenpartei,0,27086,0.0
WAHLKREIS,24,Wittenberg,Erststimmen,D14,FBM,0,27086,0.0
WAHLKREIS,24,Wittenberg,Erststimmen,D16,dieBasis,0,27086,0.0
WAHLKREIS,24,Wittenberg,Erststimmen,D21,ÖDP,0,27086,0.0
WAHLKREIS,24,Wittenberg,Erststimmen,D26,Andere KWV,208,27086,0.7679
WAHLKREIS,24,Wittenberg,Erststimmen,D27,Andere KWV,0,27086,0.0
WAHLKREIS,24,Wittenberg,Erststimmen,D28,Andere KWV,0,27086,0.0
WAHLKREIS,24,Wittenberg,Zweitstimmen,F01,CDU,11666,27093,43.0591
WAHLKREIS,24,Wittenberg,Zweitstimmen,F02,AfD,4960,27093,18.3073
WAHLKREIS,24,Wittenberg,Zweitstimmen,F03,DIE LINKE,2535,27093,9.3567
WAHLKREIS,24,Wittenberg,Zweitstimmen,F04,SPD,2096,27093,7.7363
WAHLKREIS,24,Wittenberg,Zweitstimmen,F05,GRÜNE,1331,27093,4.9127
WAHLKREIS,24,Wittenberg,Zweitstimmen,F06,FDP,1406,27093,5.1895
WAHLKREIS,24,Wittenberg,Zweitstimmen,F07,FREIE WÄHLER,1466,27093,5.411
WAHLKREIS,24,Wittenberg,Zweitstimmen,F08,NPD,97,27093,0.358
WAHLKREIS,24,Wittenberg,Zweitstimmen,F09,Tierschutzpartei,334,27093,1.2328
WAHLKREIS,24,Wittenberg,Zweitstimmen,F10,Tierschutzallianz,74,27093,0.2731
WAHLKREIS,24,Wittenberg,Zweitstimmen,F11,LKR,15,27093,0.0554
WAHLKREIS,24,Wittenberg,Zweitstimmen,F12,Die PARTEI,171,27093,0.6312
WAHLKREIS,24,Wittenberg,Zweitstimmen,F13,Gartenpartei,125,27093,0.4614
WAHLKREIS,24,Wittenberg,Zweitstimmen,F14,FBM,13,27093,0.048
WAHLKREIS,24,Wittenberg,Zweitstimmen,F15,TIERSCHUTZ hier!,146,27093,0.5389
WAHLKREIS,24,Wittenberg,Zweitstimmen,F16,dieBasis,357,27093,1.3177
WAHLKREIS,24,Wittenberg,Zweitstimmen,F19,Klimaliste ST,8,27093,0.0295
WAHLKREIS,24,Wittenberg,Zweitstimmen,F21,ÖDP,21,27093,0.0775
WAHLKREIS,24,Wittenberg,Zweitstimmen,F22,Die Humanisten,24,27093,0.0886
WAHLKREIS,24,Wittenberg,Zweitstimmen,F23,Gesundheitsforschung,87,27093,0.3211
WAHLKREIS,24,Wittenberg,Zweitstimmen,F24,PIRATEN,115,27093,0.4245
WAHLKREIS,24,Wittenberg,Zweitstimmen,F25,WiR2020,46,27093,0.1698
WAHLKREIS,25,Jessen,Erststimmen,D01,CDU,10198,26015,39.2005
WAHLKREIS,25,Jessen,Erststimmen,D02,AfD,6690,26015,25.7159
WAHLKREIS,25,Jessen,Erststimmen,D03,DIE LINKE,3043,26015,11.6971
WAHLKREIS,25,Jessen,Erststimmen,D04,SPD,2456,26015,9.4407
WAHLKREIS,25,Jessen,Erststimmen,D05,GRÜNE,997,26015,3.8324
WAHLKREIS,25,Jessen,Erststimmen,D06,FDP,0,26015,0.0
WAHLKREIS,25,Jessen,Erststimmen,D07,FREIE WÄHLER,2631,26015,10.1134
WAHLKREIS,25,Jessen,Erststimmen,D08,NPD,0,26015,0.0
WAHLKREIS,25,Jessen,Erststimmen,D09,Tierschutzpartei,0,26015,0.0
WAHLKREIS,25,Jessen,Erststimmen,D10,Tierschutzallianz,0,26015,0.0
WAHLKREIS,25,Jessen,Erststimmen,D12,Die PARTEI,0,26015,0.0
WAHLKREIS,25,Jessen,Erststimmen,D13,Gartenpartei,0,26015,0.0
WAHLKREIS,25,Jessen,Erststimmen,D14,FBM,0,26015,0.0
WAHLKREIS,25,Jessen,Erststimmen,D16,dieBasis,0,26015,0.0
WAHLKREIS,25,Jessen,Erststimmen,D21,ÖDP,0,26015,0.0
WAHLKREIS,25,Jessen,Erststimmen,D26,Andere KWV,0,26015,0.0
WAHLKREIS,25,Jessen,Erststimmen,D27,Andere KWV,0,26015,0.0
WAHLKREIS,25,Jessen,Erststimmen,D28,Andere KWV,0,26015,0.0
WAHLKREIS,25,Jessen,Zweitstimmen,F01,CDU,11560,26265,44.0129
WAHLKREIS,25,Jessen,Zweitstimmen,F02,AfD,5871,26265,22.3529
WAHLKREIS,25,Jessen,Zweitstimmen,F03,DIE LINKE,2356,26265,8.9701
WAHLKREIS,25,Jessen,Zweitstimmen,F04,SPD,1668,26265,6.3507
WAHLKREIS,25,Jessen,Zweitstimmen,F05,GRÜNE,826,26265,3.1449
WAHLKREIS,25,Jessen,Zweitstimmen,F06,FDP,1369,26265,5.2123
WAHLKREIS,25,Jessen,Zweitstimmen,F07,FREIE WÄHLER,1118,26265,4.2566
WAHLKREIS,25,Jessen,Zweitstimmen,F08,NPD,102,26265,0.3883
WAHLKREIS,25,Jessen,Zweitstimmen,F09,Tierschutzpartei,292,26265,1.1117
WAHLKREIS,25,Jessen,Zweitstimmen,F10,Tierschutzallianz,61,26265,0.2322
WAHLKREIS,25,Jessen,Zweitstimmen,F11,LKR,17,26265,0.0647
WAHLKREIS,25,Jessen,Zweitstimmen,F12,Die PARTEI,124,26265,0.4721
WAHLKREIS,25,Jessen,Zweitstimmen,F13,Gartenpartei,155,26265,0.5901
WAHLKREIS,25,Jessen,Zweitstimmen,F14,FBM,32,26265,0.1218
WAHLKREIS,25,Jessen,Zweitstimmen,F15,TIERSCHUTZ hier!,120,26265,0.4569
WAHLKREIS,25,Jessen,Zweitstimmen,F16,dieBasis,350,26265,1.3326
WAHLKREIS,25,Jessen,Zweitstimmen,F19,Klimaliste ST,2,26265,0.0076
WAHLKREIS,25,Jessen,Zweitstimmen,F21,ÖDP,19,26265,0.0723
WAHLKREIS,25,Jessen,Zweitstimmen,F22,Die Humanisten,15,26265,0.0571
WAHLKREIS,25,Jessen,Zweitstimmen,F23,Gesundheitsforschung,78,26265,0.297
WAHLKREIS,25,Jessen,Zweitstimmen,F24,PIRATEN,91,26265,0.3465
WAHLKREIS,25,Jessen,Zweitstimmen,F25,WiR2020,39,26265,0.1485
WAHLKREIS,26,Dessau-Roßlau,Erststimmen,D01,CDU,8927,24091,37.0553
WAHLKREIS,26,Dessau-Roßlau,Erststimmen,D02,AfD,4595,24091,19.0735
WAHLKREIS,26,Dessau-Roßlau,Erststimmen,D03,DIE LINKE,3492,24091,14.495
WAHLKREIS,26,Dessau-Roßlau,Erststimmen,D04,SPD,2534,24091,10.5185
WAHLKREIS,26,Dessau-Roßlau,Erststimmen,D05,GRÜNE,2032,24091,8.4347
WAHLKREIS,26,Dessau-Roßlau,Erststimmen,D06,FDP,2511,24091,10.423
WAHLKREIS,26,Dessau-Roßlau,Erststimmen,D07,FREIE WÄHLER,0,24091,0.0
WAHLKREIS,26,Dessau-Roßlau,Erststimmen,D08,NPD,0,24091,0.0
WAHLKREIS,26,Dessau-Roßlau,Erststimmen,D09,Tierschutzpartei,0,24091,0.0
WAHLKREIS,26,Dessau-Roßlau,Erststimmen,D10,Tierschutzallianz,0,24091,0.0
WAHLKREIS,26,Dessau-Roßlau,Erststimmen,D12,Die PARTEI,0,24091,0.0
WAHLKREIS,26,Dessau-Roßlau,Erststimmen,D13,Gartenpartei,0,24091,0.0
WAHLKREIS,26,Dessau-Roßlau,Erststimmen,D14,FBM,0,24091,0.0
WAHLKREIS,26,Dessau-Roßlau,Erststimmen,D16,dieBasis,0,24091,0.0
WAHLKREIS,26,Dessau-Roßlau,Erststimmen,D21,ÖDP,0,24091,0.0
WAHLKREIS,26,Dessau-Roßlau,Erststimmen,D26,Andere KWV,0,24091,0.0
WAHLKREIS,26,Dessau-Roßlau,Erststimmen,D27,Andere KWV,0,24091,0.0
WAHLKREIS,26,Dessau-Roßlau,Erststimmen,D28,Andere KWV,0,24091,0.0
WAHLKREIS,26,Dessau-Roßlau,Zweitstimmen,F01,CDU,9847,24207,40.6783
WAHLKREIS,26,Dessau-Roßlau,Zweitstimmen,F02,AfD,4382,24207,18.1022
WAHLKREIS,26,Dessau-Roßlau,Zweitstimmen,F03,DIE LINKE,2710,24207,11.1951
WAHLKREIS,26,Dessau-Roßlau,Zweitstimmen,F04,SPD,1988,24207,8.2125
WAHLKREIS,26,Dessau-Roßlau,Zweitstimmen,F05,GRÜNE,1781,24207,7.3574
WAHLKREIS,26,Dessau-Roßlau,Zweitstimmen,F06,FDP,1750,24207,7.2293
WAHLKREIS,26,Dessau-Roßlau,Zweitstimmen,F07,FREIE WÄHLER,375,24207,1.5491
WAHLKREIS,26,Dessau-Roßlau,Zweitstimmen,F08,NPD,45,24207,0.1859
WAHLKREIS,26,Dessau-Roßlau,Zweitstimmen,F09,Tierschutzpartei,300,24207,1.2393
WAHLKREIS,26,Dessau-Roßlau,Zweitstimmen,F10,Tierschutzallianz,68,24207,0.2809
WAHLKREIS,26,Dessau-Roßlau,Zweitstimmen,F11,LKR,5,24207,0.0207
WAHLKREIS,26,Dessau-Roßlau,Zweitstimmen,F12,Die PARTEI,117,24207,0.4833
WAHLKREIS,26,Dessau-Roßlau,Zweitstimmen,F13,Gartenpartei,138,24207,0.5701
WAHLKREIS,26,Dessau-Roßlau,Zweitstimmen,F14,FBM,12,24207,0.0496
WAHLKREIS,26,Dessau-Roßlau,Zweitstimmen,F15,TIERSCHUTZ hier!,121,24207,0.4999
WAHLKREIS,26,Dessau-Roßlau,Zweitstimmen,F16,dieBasis,295,24207,1.2187
WAHLKREIS,26,Dessau-Roßlau,Zweitstimmen,F19,Klimaliste ST,18,24207,0.0744
WAHLKREIS,26,Dessau-Roßlau,Zweitstimmen,F21,ÖDP,15,24207,0.062
WAHLKREIS,26,Dessau-Roßlau,Zweitstimmen,F22,Die Humanisten,30,24207,0.1239
WAHLKREIS,26,Dessau-Roßlau,Zweitstimmen,F23,Gesundheitsforschung,85,24207,0.3511
WAHLKREIS,26,Dessau-Roßlau,Zweitstimmen,F24,PIRATEN,95,24207,0.3924
WAHLKREIS,26,Dessau-Roßlau,Zweitstimmen,F25,WiR2020,30,24207,0.1239
WAHLKREIS,27,Dessau-Roßlau-Wittenberg,Erststimmen,D01,CDU,8390,23566,35.6021
WAHLKREIS,27,Dessau-Roßlau-Wittenberg,Erststimmen,D02,AfD,5252,23566,22.2863
WAHLKREIS,27,Dessau-Roßlau-Wittenberg,Erststimmen,D03,DIE LINKE,2514,23566,10.6679
WAHLKREIS,27,Dessau-Roßlau-Wittenberg,Erststimmen,D04,SPD,2860,23566,12.1361
WAHLKREIS,27,Dessau-Roßlau-Wittenberg,Erststimmen,D05,GRÜNE,1135,23566,4.8163
WAHLKREIS,27,Dessau-Roßlau-Wittenberg,Erststimmen,D06,FDP,1471,23566,6.242
WAHLKREIS,27,Dessau-Roßlau-Wittenberg,Erststimmen,D07,FREIE WÄHLER,1944,23566,8.2492
WAHLKREIS,27,Dessau-Roßlau-Wittenberg,Erststimmen,D08,NPD,0,23566,0.0
WAHLKREIS,27,Dessau-Roßlau-Wittenberg,Erststimmen,D09,Tierschutzpartei,0,23566,0.0
WAHLKREIS,27,Dessau-Roßlau-Wittenberg,Erststimmen,D10,Tierschutzallianz,0,23566,0.0
WAHLKREIS,27,Dessau-Roßlau-Wittenberg,Erststimmen,D12,Die PARTEI,0,23566,0.0
WAHLKREIS,27,Dessau-Roßlau-Wittenberg,Erststimmen,D13,Gartenpartei,0,23566,0.0
WAHLKREIS,27,Dessau-Roßlau-Wittenberg,Erststimmen,D14,FBM,0,23566,0.0
WAHLKREIS,27,Dessau-Roßlau-Wittenberg,Erststimmen,D16,dieBasis,0,23566,0.0
WAHLKREIS,27,Dessau-Roßlau-Wittenberg,Erststimmen,D21,ÖDP,0,23566,0.0
WAHLKREIS,27,Dessau-Roßlau-Wittenberg,Erststimmen,D26,Andere KWV,0,23566,0.0
WAHLKREIS,27,Dessau-Roßlau-Wittenberg,Erststimmen,D27,Andere KWV,0,23566,0.0
WAHLKREIS,27,Dessau-Roßlau-Wittenberg,Erststimmen,D28,Andere KWV,0,23566,0.0
WAHLKREIS,27,Dessau-Roßlau-Wittenberg,Zweitstimmen,F01,CDU,9299,23709,39.2214
WAHLKREIS,27,Dessau-Roßlau-Wittenberg,Zweitstimmen,F02,AfD,4983,23709,21.0173
WAHLKREIS,27,Dessau-Roßlau-Wittenberg,Zweitstimmen,F03,DIE LINKE,2281,23709,9.6208
WAHLKREIS,27,Dessau-Roßlau-Wittenberg,Zweitstimmen,F04,SPD,1779,23709,7.5035
WAHLKREIS,27,Dessau-Roßlau-Wittenberg,Zweitstimmen,F05,GRÜNE,1507,23709,6.3562
WAHLKREIS,27,Dessau-Roßlau-Wittenberg,Zweitstimmen,F06,FDP,1477,23709,6.2297
WAHLKREIS,27,Dessau-Roßlau-Wittenberg,Zweitstimmen,F07,FREIE WÄHLER,808,23709,3.408
WAHLKREIS,27,Dessau-Roßlau-Wittenberg,Zweitstimmen,F08,NPD,98,23709,0.4133
WAHLKREIS,27,Dessau-Roßlau-Wittenberg,Zweitstimmen,F09,Tierschutzpartei,309,23709,1.3033
WAHLKREIS,27,Dessau-Roßlau-Wittenberg,Zweitstimmen,F10,Tierschutzallianz,80,23709,0.3374
WAHLKREIS,27,Dessau-Roßlau-Wittenberg,Zweitstimmen,F11,LKR,9,23709,0.038
WAHLKREIS,27,Dessau-Roßlau-Wittenberg,Zweitstimmen,F12,Die PARTEI,170,23709,0.717
WAHLKREIS,27,Dessau-Roßlau-Wittenberg,Zweitstimmen,F13,Gartenpartei,159,23709,0.6706
WAHLKREIS,27,Dessau-Roßlau-Wittenberg,Zweitstimmen,F14,FBM,8,23709,0.0337
WAHLKREIS,27,Dessau-Roßlau-Wittenberg,Zweitstimmen,F15,TIERSCHUTZ hier!,143,23709,0.6031
WAHLKREIS,27,Dessau-Roßlau-Wittenberg,Zweitstimmen,F16,dieBasis,319,23709,1.3455
WAHLKREIS,27,Dessau-Roßlau-Wittenberg,Zweitstimmen,F19,Klimaliste ST,12,23709,0.0506
WAHLKREIS,27,Dessau-Roßlau-Wittenberg,Zweitstimmen,F21,ÖDP,21,23709,0.0886
WAHLKREIS,27,Dessau-Roßlau-Wittenberg,Zweitstimmen,F22,Die Humanisten,21,23709,0.0886
WAHLKREIS,27,Dessau-Roßlau-Wittenberg,Zweitstimmen,F23,Gesundheitsforschung,99,23709,0.4176
WAHLKREIS,27,Dessau-Roßlau-Wittenberg,Zweitstimmen,F24,PIRATEN,84,23709,0.3543
WAHLKREIS,27,Dessau-Roßlau-Wittenberg,Zweitstimmen,F25,WiR2020,43,23709,0.1814
WAHLKREIS,28,Bitterfeld-Wolfen,Erststimmen,D01,CDU,10210,28954,35.2628
WAHLKREIS,28,Bitterfeld-Wolfen,Erststimmen,D02,AfD,7720,28954,26.663
WAHLKREIS,28,Bitterfeld-Wolfen,Erststimmen,D03,DIE LINKE,3296,28954,11.3836
WAHLKREIS,28,Bitterfeld-Wolfen,Erststimmen,D04,SPD,2527,28954,8.7276
WAHLKREIS,28,Bitterfeld-Wolfen,Erststimmen,D05,GRÜNE,1112,28954,3.8406
WAHLKREIS,28,Bitterfeld-Wolfen,Erststimmen,D06,FDP,1773,28954,6.1235
WAHLKREIS,28,Bitterfeld-Wolfen,Erststimmen,D07,FREIE WÄHLER,2316,28954,7.9989
WAHLKREIS,28,Bitterfeld-Wolfen,Erststimmen,D08,NPD,0,28954,0.0
WAHLKREIS,28,Bitterfeld-Wolfen,Erststimmen,D09,Tierschutzpartei,0,28954,0.0
WAHLKREIS,28,Bitterfeld-Wolfen,Erststimmen,D10,Tierschutzallianz,0,28954,0.0
WAHLKREIS,28,Bitterfeld-Wolfen,Erststimmen,D12,Die PARTEI,0,28954,0.0
WAHLKREIS,28,Bitterfeld-Wolfen,Erststimmen,D13,Gartenpartei,0,28954,0.0
WAHLKREIS,28,Bitterfeld-Wolfen,Erststimmen,D14,FBM,0,28954,0.0
WAHLKREIS,28,Bitterfeld-Wolfen,Erststimmen,D16,dieBasis,0,28954,0.0
WAHLKREIS,28,Bitterfeld-Wolfen,Erststimmen,D21,ÖDP,0,28954,0.0
WAHLKREIS,28,Bitterfeld-Wolfen,Erststimmen,D26,Andere KWV,0,28954,0.0
WAHLKREIS,28,Bitterfeld-Wolfen,Erststimmen,D27,Andere KWV,0,28954,0.0
WAHLKREIS,28,Bitterfeld-Wolfen,Erststimmen,D28,Andere KWV,0,28954,0.0
WAHLKREIS,28,Bitterfeld-Wolfen,Zweitstimmen,F01,CDU,11274,29009,38.8638
WAHLKREIS,28,Bitterfeld-Wolfen,Zweitstimmen,F02,AfD,7145,29009,24.6303
WAHLKREIS,28,Bitterfeld-Wolfen,Zweitstimmen,F03,DIE LINKE,2846,29009,9.8107
WAHLKREIS,28,Bitterfeld-Wolfen,Zweitstimmen,F04,SPD,2055,29009,7.084
WAHLKREIS,28,Bitterfeld-Wolfen,Zweitstimmen,F05,GRÜNE,1107,29009,3.8161
WAHLKREIS,28,Bitterfeld-Wolfen,Zweitstimmen,F06,FDP,1606,29009,5.5362
WAHLKREIS,28,Bitterfeld-Wolfen,Zweitstimmen,F07,FREIE WÄHLER,1050,29009,3.6196
WAHLKREIS,28,Bitterfeld-Wolfen,Zweitstimmen,F08,NPD,83,29009,0.2861
WAHLKREIS,28,Bitterfeld-Wolfen,Zweitstimmen,F09,Tierschutzpartei,469,29009,1.6167
WAHLKREIS,28,Bitterfeld-Wolfen,Zweitstimmen,F10,Tierschutzallianz,102,29009,0.3516
WAHLKREIS,28,Bitterfeld-Wolfen,Zweitstimmen,F11,LKR,8,29009,0.0276
WAHLKREIS,28,Bitterfeld-Wolfen,Zweitstimmen,F12,Die PARTEI,175,29009,0.6033
WAHLKREIS,28,Bitterfeld-Wolfen,Zweitstimmen,F13,Gartenpartei,198,29009,0.6825
WAHLKREIS,28,Bitterfeld-Wolfen,Zweitstimmen,F14,FBM,30,29009,0.1034
WAHLKREIS,28,Bitterfeld-Wolfen,Zweitstimmen,F15,TIERSCHUTZ hier!,220,29009,0.7584
WAHLKREIS,28,Bitterfeld-Wolfen,Zweitstimmen,F16,dieBasis,333,29009,1.1479
WAHLKREIS,28,Bitterfeld-Wolfen,Zweitstimmen,F19,Klimaliste ST,14,29009,0.0483
WAHLKREIS,28,Bitterfeld-Wolfen,Zweitstimmen,F21,ÖDP,11,29009,0.0379
WAHLKREIS,28,Bitterfeld-Wolfen,Zweitstimmen,F22,Die Humanisten,23,29009,0.0793
WAHLKREIS,28,Bitterfeld-Wolfen,Zweitstimmen,F23,Gesundheitsforschung,128,29009,0.4412
WAHLKREIS,28,Bitterfeld-Wolfen,Zweitstimmen,F24,PIRATEN,101,29009,0.3482
WAHLKREIS,28,Bitterfeld-Wolfen,Zweitstimmen,F25,WiR2020,31,29009,0.1069
WAHLKREIS,29,Saalekreis,Erststimmen,D01,CDU,10162,28861,35.2101
WAHLKREIS,29,Saalekreis,Erststimmen,D02,AfD,7113,28861,24.6457
WAHLKREIS,29,Saalekreis,Erststimmen,D03,DIE LINKE,2872,28861,9.9511
WAHLKREIS,29,Saalekreis,Erststimmen,D04,SPD,2585,28861,8.9567
WAHLKREIS,29,Saalekreis,Erststimmen,D05,GRÜNE,1378,28861,4.7746
WAHLKREIS,29,Saalekreis,Erststimmen,D06,FDP,2716,28861,9.4106
WAHLKREIS,29,Saalekreis,Erststimmen,D07,FREIE WÄHLER,1419,28861,4.9167
WAHLKREIS,29,Saalekreis,Erststimmen,D08,NPD,0,28861,0.0
WAHLKREIS,29,Saalekreis,Erststimmen,D09,Tierschutzpartei,0,28861,0.0
WAHLKREIS,29,Saalekreis,Erststimmen,D10,Tierschutzallianz,0,28861,0.0
WAHLKREIS,29,Saalekreis,Erststimmen,D12,Die PARTEI,0,28861,0.0
WAHLKREIS,29,Saalekreis,Erststimmen,D13,Gartenpartei,0,28861,0.0
WAHLKREIS,29,Saalekreis,Erststimmen,D14,FBM,616,28861,2.1344
WAHLKREIS,29,Saalekreis,Erststimmen,D16,dieBasis,0,28861,0.0
WAHLKREIS,29,Saalekreis,Erststimmen,D21,ÖDP,0,28861,0.0
WAHLKREIS,29,Saalekreis,Erststimmen,D26,Andere KWV,0,28861,0.0
WAHLKREIS,29,Saalekreis,Erststimmen,D27,Andere KWV,0,28861,0.0
WAHLKREIS,29,Saalekreis,Erststimmen,D28,Andere KWV,0,28861,0.0
WAHLKREIS,29,Saalekreis,Zweitstimmen,F01,CDU,11118,28922,38.4413
WAHLKREIS,29,Saalekreis,Zweitstimmen,F02,AfD,6839,28922,23.6464
WAHLKREIS,29,Saalekreis,Zweitstimmen,F03,DIE LINKE,2706,28922,9.3562
WAHLKREIS,29,Saalekreis,Zweitstimmen,F04,SPD,2136,28922,7.3854
WAHLKREIS,29,Saalekreis,Zweitstimmen,F05,GRÜNE,1224,28922,4.2321
WAHLKREIS,29,Saalekreis,Zweitstimmen,F06,FDP,2248,28922,7.7726
WAHLKREIS,29,Saalekreis,Zweitstimmen,F07,FREIE WÄHLER,760,28922,2.6278
WAHLKREIS,29,Saalekreis,Zweitstimmen,F08,NPD,82,28922,0.2835
WAHLKREIS,29,Saalekreis,Zweitstimmen,F09,Tierschutzpartei,346,28922,1.1963
WAHLKREIS,29,Saalekreis,Zweitstimmen,F10,Tierschutzallianz,86,28922,0.2974
WAHLKREIS,29,Saalekreis,Zweitstimmen,F11,LKR,11,28922,0.038
WAHLKREIS,29,Saalekreis,Zweitstimmen,F12,Die PARTEI,162,28922,0.5601
WAHLKREIS,29,Saalekreis,Zweitstimmen,F13,Gartenpartei,138,28922,0.4771
WAHLKREIS,29,Saalekreis,Zweitstimmen,F14,FBM,140,28922,0.4841
WAHLKREIS,29,Saalekreis,Zweitstimmen,F15,TIERSCHUTZ hier!,186,28922,0.6431
WAHLKREIS,29,Saalekreis,Zweitstimmen,F16,dieBasis,435,28922,1.504
WAHLKREIS,29,Saalekreis,Zweitstimmen,F19,Klimaliste ST,13,28922,0.0449
WAHLKREIS,29,Saalekreis,Zweitstimmen,F21,ÖDP,19,28922,0.0657
WAHLKREIS,29,Saalekreis,Zweitstimmen,F22,Die Humanisten,28,28922,0.0968
WAHLKREIS,29,Saalekreis,Zweitstimmen,F23,Gesundheitsforschung,119,28922,0.4115
WAHLKREIS,29,Saalekreis,Zweitstimmen,F24,PIRATEN,92,28922,0.3181
WAHLKREIS,29,Saalekreis,Zweitstimmen,F25,WiR2020,34,28922,0.1176
WAHLKREIS,30,Eisleben,Erststimmen,D01,CDU,8469,26228,32.2899
WAHLKREIS,30,Eisleben,Erststimmen,D02,AfD,7509,26228,28.6297
WAHLKREIS,30,Eisleben,Erststimmen,D03,DIE LINKE,4365,26228,16.6425
WAHLKREIS,30,Eisleben,Erststimmen,D04,SPD,2355,26228,8.979
WAHLKREIS,30,Eisleben,Erststimmen,D05,GRÜNE,693,26228,2.6422
WAHLKREIS,30,Eisleben,Erststimmen,D06,FDP,1866,26228,7.1145
WAHLKREIS,30,Eisleben,Erststimmen,D07,FREIE WÄHLER,0,26228,0.0
WAHLKREIS,30,Eisleben,Erststimmen,D08,NPD,0,26228,0.0
WAHLKREIS,30,Eisleben,Erststimmen,D09,Tierschutzpartei,0,26228,0.0
WAHLKREIS,30,Eisleben,Erststimmen,D10,Tierschutzallianz,0,26228,0.0
WAHLKREIS,30,Eisleben,Erststimmen,D12,Die PARTEI,0,26228,0.0
WAHLKREIS,30,Eisleben,Erststimmen,D13,Gartenpartei,0,26228,0.0
WAHLKREIS,30,Eisleben,Erststimmen,D14,FBM,971,26228,3.7022
WAHLKREIS,30,Eisleben,Erststimmen,D16,dieBasis,0,26228,0.0
WAHLKREIS,30,Eisleben,Erststimmen,D21,ÖDP,0,26228,0.0
WAHLKREIS,30,Eisleben,Erststimmen,D26,Andere KWV,0,26228,0.0
WAHLKREIS,30,Eisleben,Erststimmen,D27,Andere KWV,0,26228,0.0
WAHLKREIS,30,Eisleben,Erststimmen,D28,Andere KWV,0,26228,0.0
WAHLKREIS,30,Eisleben,Zweitstimmen,F01,CDU,9657,26292,36.7298
WAHLKREIS,30,Eisleben,Zweitstimmen,F02,AfD,6977,26292,26.5366
WAHLKREIS,30,Eisleben,Zweitstimmen,F03,DIE LINKE,3065,26292,11.6575
WAHLKREIS,30,Eisleben,Zweitstimmen,F04,SPD,2098,26292,7.9796
WAHLKREIS,30,Eisleben,Zweitstimmen,F05,GRÜNE,659,26292,2.5065
WAHLKREIS,30,Eisleben,Zweitstimmen,F06,FDP,1554,26292,5.9105
WAHLKREIS,30,Eisleben,Zweitstimmen,F07,FREIE WÄHLER,318,26292,1.2095
WAHLKREIS,30,Eisleben,Zweitstimmen,F08,NPD,83,26292,0.3157
WAHLKREIS,30,Eisleben,Zweitstimmen,F09,Tierschutzpartei,342,26292,1.3008
WAHLKREIS,30,Eisleben,Zweitstimmen,F10,Tierschutzallianz,91,26292,0.3461
WAHLKREIS,30,Eisleben,Zweitstimmen,F11,LKR,7,26292,0.0266
WAHLKREIS,30,Eisleben,Zweitstimmen,F12,Die PARTEI,203,26292,0.7721
WAHLKREIS,30,Eisleben,Zweitstimmen,F13,Gartenpartei,143,26292,0.5439
WAHLKREIS,30,Eisleben,Zweitstimmen,F14,FBM,361,26292,1.373
WAHLKREIS,30,Eisleben,Zweitstimmen,F15,TIERSCHUTZ hier!,209,26292,0.7949
WAHLKREIS,30,Eisleben,Zweitstimmen,F16,dieBasis,302,26292,1.1486
WAHLKREIS,30,Eisleben,Zweitstimmen,F19,Klimaliste ST,11,26292,0.0418
WAHLKREIS,30,Eisleben,Zweitstimmen,F21,ÖDP,12,26292,0.0456
WAHLKREIS,30,Eisleben,Zweitstimmen,F22,Die Humanisten,23,26292,0.0875
WAHLKREIS,30,Eisleben,Zweitstimmen,F23,Gesundheitsforschung,85,26292,0.3233
WAHLKREIS,30,Eisleben,Zweitstimmen,F24,PIRATEN,70,26292,0.2662
WAHLKREIS,30,Eisleben,Zweitstimmen,F25,WiR2020,22,26292,0.0837
WAHLKREIS,31,Sangerhausen,Erststimmen,D01,CDU,9387,26788,35.0418
WAHLKREIS,31,Sangerhausen,Erststimmen,D02,AfD,7219,26788,26.9486
WAHLKREIS,31,Sangerhausen,Erststimmen,D03,DIE LINKE,3782,26788,14.1183
WAHLKREIS,31,Sangerhausen,Erststimmen,D04,SPD,2323,26788,8.6718
WAHLKREIS,31,Sangerhausen,Erststimmen,D05,GRÜNE,854,26788,3.188
WAHLKREIS,31,Sangerhausen,Erststimmen,D06,FDP,2133,26788,7.9625
WAHLKREIS,31,Sangerhausen,Erststimmen,D07,FREIE WÄHLER,0,26788,0.0
WAHLKREIS,31,Sangerhausen,Erststimmen,D08,NPD,0,26788,0.0
WAHLKREIS,31,Sangerhausen,Erststimmen,D09,Tierschutzpartei,0,26788,0.0
WAHLKREIS,31,Sangerhausen,Erststimmen,D10,Tierschutzallianz,0,26788,0.0
WAHLKREIS,31,Sangerhausen,Erststimmen,D12,Die PARTEI,0,26788,0.0
WAHLKREIS,31,Sangerhausen,Erststimmen,D13,Gartenpartei,0,26788,0.0
WAHLKREIS,31,Sangerhausen,Erststimmen,D14,FBM,1090,26788,4.069
WAHLKREIS,31,Sangerhausen,Erststimmen,D16,dieBasis,0,26788,0.0
WAHLKREIS,31,Sangerhausen,Erststimmen,D21,ÖDP,0,26788,0.0
WAHLKREIS,31,Sangerhausen,Erststimmen,D26,Andere KWV,0,26788,0.0
WAHLKREIS,31,Sangerhausen,Erststimmen,D27,Andere KWV,0,26788,0.0
WAHLKREIS,31,Sangerhausen,Erststimmen,D28,Andere KWV,0,26788,0.0
WAHLKREIS,31,Sangerhausen,Zweitstimmen,F01,CDU,10416,26884,38.7442
WAHLKREIS,31,Sangerhausen,Zweitstimmen,F02,AfD,6600,26884,24.5499
WAHLKREIS,31,Sangerhausen,Zweitstimmen,F03,DIE LINKE,2931,26884,10.9024
WAHLKREIS,31,Sangerhausen,Zweitstimmen,F04,SPD,2115,26884,7.8671
WAHLKREIS,31,Sangerhausen,Zweitstimmen,F05,GRÜNE,813,26884,3.0241
WAHLKREIS,31,Sangerhausen,Zweitstimmen,F06,FDP,1614,26884,6.0036
WAHLKREIS,31,Sangerhausen,Zweitstimmen,F07,FREIE WÄHLER,398,26884,1.4804
WAHLKREIS,31,Sangerhausen,Zweitstimmen,F08,NPD,80,26884,0.2976
WAHLKREIS,31,Sangerhausen,Zweitstimmen,F09,Tierschutzpartei,304,26884,1.1308
WAHLKREIS,31,Sangerhausen,Zweitstimmen,F10,Tierschutzallianz,74,26884,0.2753
WAHLKREIS,31,Sangerhausen,Zweitstimmen,F11,LKR,10,26884,0.0372
WAHLKREIS,31,Sangerhausen,Zweitstimmen,F12,Die PARTEI,185,26884,0.6881
WAHLKREIS,31,Sangerhausen,Zweitstimmen,F13,Gartenpartei,173,26884,0.6435
WAHLKREIS,31,Sangerhausen,Zweitstimmen,F14,FBM,362,26884,1.3465
WAHLKREIS,31,Sangerhausen,Zweitstimmen,F15,TIERSCHUTZ hier!,170,26884,0.6323
WAHLKREIS,31,Sangerhausen,Zweitstimmen,F16,dieBasis,372,26884,1.3837
WAHLKREIS,31,Sangerhausen,Zweitstimmen,F19,Klimaliste ST,13,26884,0.0484
WAHLKREIS,31,Sangerhausen,Zweitstimmen,F21,ÖDP,8,26884,0.0298
WAHLKREIS,31,Sangerhausen,Zweitstimmen,F22,Die Humanisten,14,26884,0.0521
WAHLKREIS,31,Sangerhausen,Zweitstimmen,F23,Gesundheitsforschung,118,26884,0.4389
WAHLKREIS,31,Sangerhausen,Zweitstimmen,F24,PIRATEN,77,26884,0.2864
WAHLKREIS,31,Sangerhausen,Zweitstimmen,F25,WiR2020,37,26884,0.1376
WAHLKREIS,32,Querfurt,Erststimmen,D01,CDU,9785,28074,34.8543
WAHLKREIS,32,Querfurt,Erststimmen,D02,AfD,7997,28074,28.4854
WAHLKREIS,32,Querfurt,Erststimmen,D03,DIE LINKE,3993,28074,14.2231
WAHLKREIS,32,Querfurt,Erststimmen,D04,SPD,2399,28074,8.5453
WAHLKREIS,32,Querfurt,Erststimmen,D05,GRÜNE,600,28074,2.1372
WAHLKREIS,32,Querfurt,Erststimmen,D06,FDP,2250,28074,8.0145
WAHLKREIS,32,Querfurt,Erststimmen,D07,FREIE WÄHLER,0,28074,0.0
WAHLKREIS,32,Querfurt,Erststimmen,D08,NPD,0,28074,0.0
WAHLKREIS,32,Querfurt,Erststimmen,D09,Tierschutzpartei,0,28074,0.0
WAHLKREIS,32,Querfurt,Erststimmen,D10,Tierschutzallianz,1050,28074,3.7401
WAHLKREIS,32,Querfurt,Erststimmen,D12,Die PARTEI,0,28074,0.0
WAHLKREIS,32,Querfurt,Erststimmen,D13,Gartenpartei,0,28074,0.0
WAHLKREIS,32,Querfurt,Erststimmen,D14,FBM,0,28074,0.0
WAHLKREIS,32,Querfurt,Erststimmen,D16,dieBasis,0,28074,0.0
WAHLKREIS,32,Querfurt,Erststimmen,D21,ÖDP,0,28074,0.0
WAHLKREIS,32,Querfurt,Erststimmen,D26,Andere KWV,0,28074,0.0
WAHLKREIS,32,Querfurt,Erststimmen,D27,Andere KWV,0,28074,0.0
WAHLKREIS,32,Querfurt,Erststimmen,D28,Andere KWV,0,28074,0.0
WAHLKREIS,32,Querfurt,Zweitstimmen,F01,CDU,10898,28173,38.6824
WAHLKREIS,32,Querfurt,Zweitstimmen,F02,AfD,7272,28173,25.8119
WAHLKREIS,32,Querfurt,Zweitstimmen,F03,DIE LINKE,2826,28173,10.0309
WAHLKREIS,32,Querfurt,Zweitstimmen,F04,SPD,1951,28173,6.9251
WAHLKREIS,32,Querfurt,Zweitstimmen,F05,GRÜNE,817,28173,2.8999
WAHLKREIS,32,Querfurt,Zweitstimmen,F06,FDP,1828,28173,6.4885
WAHLKREIS,32,Querfurt,Zweitstimmen,F07,FREIE WÄHLER,538,28173,1.9096
WAHLKREIS,32,Querfurt,Zweitstimmen,F08,NPD,89,28173,0.3159
WAHLKREIS,32,Querfurt,Zweitstimmen,F09,Tierschutzpartei,294,28173,1.0436
WAHLKREIS,32,Querfurt,Zweitstimmen,F10,Tierschutzallianz,314,28173,1.1145
WAHLKREIS,32,Querfurt,Zweitstimmen,F11,LKR,13,28173,0.0461
WAHLKREIS,32,Querfurt,Zweitstimmen,F12,Die PARTEI,144,28173,0.5111
WAHLKREIS,32,Querfurt,Zweitstimmen,F13,Gartenpartei,185,28173,0.6567
WAHLKREIS,32,Querfurt,Zweitstimmen,F14,FBM,58,28173,0.2059
WAHLKREIS,32,Querfurt,Zweitstimmen,F15,TIERSCHUTZ hier!,154,28173,0.5466
WAHLKREIS,32,Querfurt,Zweitstimmen,F16,dieBasis,482,28173,1.7109
WAHLKREIS,32,Querfurt,Zweitstimmen,F19,Klimaliste ST,7,28173,0.0248
WAHLKREIS,32,Querfurt,Zweitstimmen,F21,ÖDP,22,28173,0.0781
WAHLKREIS,32,Querfurt,Zweitstimmen,F22,Die Humanisten,27,28173,0.0958
WAHLKREIS,32,Querfurt,Zweitstimmen,F23,Gesundheitsforschung,121,28173,0.4295
WAHLKREIS,32,Querfurt,Zweitstimmen,F24,PIRATEN,94,28173,0.3337
WAHLKREIS,32,Querfurt,Zweitstimmen,F25,WiR2020,39,28173,0.1384
WAHLKREIS,33,Merseburg,Erststimmen,D01,CDU,9375,22774,41.1654
WAHLKREIS,33,Merseburg,Erststimmen,D02,AfD,6576,22774,28.875
WAHLKREIS,33,Merseburg,Erststimmen,D03,DIE LINKE,3267,22774,14.3453
WAHLKREIS,33,Merseburg,Erststimmen,D04,SPD,2470,22774,10.8457
WAHLKREIS,33,Merseburg,Erststimmen,D05,GRÜNE,1086,22774,4.7686
WAHLKREIS,33,Merseburg,Erststimmen,D06,FDP,0,22774,0.0
WAHLKREIS,33,Merseburg,Erststimmen,D07,FREIE WÄHLER,0,22774,0.0
WAHLKREIS,33,Merseburg,Erststimmen,D08,NPD,0,22774,0.0
WAHLKREIS,33,Merseburg,Erststimmen,D09,Tierschutzpartei,0,22774,0.0
WAHLKREIS,33,Merseburg,Erststimmen,D10,Tierschutzallianz,0,22774,0.0
WAHLKREIS,33,Merseburg,Erststimmen,D12,Die PARTEI,0,22774,0.0
WAHLKREIS,33,Merseburg,Erststimmen,D13,Gartenpartei,0,22774,0.0
WAHLKREIS,33,Merseburg,Erststimmen,D14,FBM,0,22774,0.0
WAHLKREIS,33,Merseburg,Erststimmen,D16,dieBasis,0,22774,0.0
WAHLKREIS,33,Merseburg,Erststimmen,D21,ÖDP,0,22774,0.0
WAHLKREIS,33,Merseburg,Erststimmen,D26,Andere KWV,0,22774,0.0
WAHLKREIS,33,Merseburg,Erststimmen,D27,Andere KWV,0,22774,0.0
WAHLKREIS,33,Merseburg,Erststimmen,D28,Andere KWV,0,22774,0.0
WAHLKREIS,33,Merseburg,Zweitstimmen,F01,CDU,8477,22954,36.9304
WAHLKREIS,33,Merseburg,Zweitstimmen,F02,AfD,5626,22954,24.5099
WAHLKREIS,33,Merseburg,Zweitstimmen,F03,DIE LINKE,2406,22954,10.4818
WAHLKREIS,33,Merseburg,Zweitstimmen,F04,SPD,1826,22954,7.955
WAHLKREIS,33,Merseburg,Zweitstimmen,F05,GRÜNE,952,22954,4.1474
WAHLKREIS,33,Merseburg,Zweitstimmen,F06,FDP,1496,22954,6.5174
WAHLKREIS,33,Merseburg,Zweitstimmen,F07,FREIE WÄHLER,370,22954,1.6119
WAHLKREIS,33,Merseburg,Zweitstimmen,F08,NPD,77,22954,0.3355
WAHLKREIS,33,Merseburg,Zweitstimmen,F09,Tierschutzpartei,318,22954,1.3854
WAHLKREIS,33,Merseburg,Zweitstimmen,F10,Tierschutzallianz,77,22954,0.3355
WAHLKREIS,33,Merseburg,Zweitstimmen,F11,LKR,7,22954,0.0305
WAHLKREIS,33,Merseburg,Zweitstimmen,F12,Die PARTEI,167,22954,0.7275
WAHLKREIS,33,Merseburg,Zweitstimmen,F13,Gartenpartei,139,22954,0.6056
WAHLKREIS,33,Merseburg,Zweitstimmen,F14,FBM,28,22954,0.122
WAHLKREIS,33,Merseburg,Zweitstimmen,F15,TIERSCHUTZ hier!,172,22954,0.7493
WAHLKREIS,33,Merseburg,Zweitstimmen,F16,dieBasis,510,22954,2.2218
WAHLKREIS,33,Merseburg,Zweitstimmen,F19,Klimaliste ST,16,22954,0.0697
WAHLKREIS,33,Merseburg,Zweitstimmen,F21,ÖDP,17,22954,0.0741
WAHLKREIS,33,Merseburg,Zweitstimmen,F22,Die Humanisten,36,22954,0.1568
WAHLKREIS,33,Merseburg,Zweitstimmen,F23,Gesundheitsforschung,105,22954,0.4574
WAHLKREIS,33,Merseburg,Zweitstimmen,F24,PIRATEN,104,22954,0.4531
WAHLKREIS,33,Merseburg,Zweitstimmen,F25,WiR2020,28,22954,0.122
WAHLKREIS,34,Bad Dürrenberg-Saalekreis,Erststimmen,D01,CDU,9903,28553,34.6829
WAHLKREIS,34,Bad Dürrenberg-Saalekreis,Erststimmen,D02,AfD,7047,28553,24.6804
WAHLKREIS,34,Bad Dürrenberg-Saalekreis,Erststimmen,D03,DIE LINKE,2693,28553,9.4316
WAHLKREIS,34,Bad Dürrenberg-Saalekreis,Erststimmen,D04,SPD,2498,28553,8.7486
WAHLKREIS,34,Bad Dürrenberg-Saalekreis,Erststimmen,D05,GRÜNE,1361,28553,4.7666
WAHLKREIS,34,Bad Dürrenberg-Saalekreis,Erststimmen,D06,FDP,2699,28553,9.4526
WAHLKREIS,34,Bad Dürrenberg-Saalekreis,Erststimmen,D07,FREIE WÄHLER,2352,28553,8.2373
WAHLKREIS,34,Bad Dürrenberg-Saalekreis,Erststimmen,D08,NPD,0,28553,0.0
WAHLKREIS,34,Bad Dürrenberg-Saalekreis,Erststimmen,D09,Tierschutzpartei,0,28553,0.0
WAHLKREIS,34,Bad Dürrenberg-Saalekreis,Erststimmen,D10,Tierschutzallianz,0,28553,0.0
WAHLKREIS,34,Bad Dürrenberg-Saalekreis,Erststimmen,D12,Die PARTEI,0,28553,0.0
WAHLKREIS,34,Bad Dürrenberg-Saalekreis,Erststimmen,D13,Gartenpartei,0,28553,0.0
WAHLKREIS,34,Bad Dürrenberg-Saalekreis,Erststimmen,D14,FBM,0,28553,0.0
WAHLKREIS,34,Bad Dürrenberg-Saalekreis,Erststimmen,D16,dieBasis,0,28553,0.0
WAHLKREIS,34,Bad Dürrenberg-Saalekreis,Erststimmen,D21,ÖDP,0,28553,0.0
WAHLKREIS,34,Bad Dürrenberg-Saalekreis,Erststimmen,D26,Andere KWV,0,28553,0.0
WAHLKREIS,34,Bad Dürrenberg-Saalekreis,Erststimmen,D27,Andere KWV,0,28553,0.0
WAHLKREIS,34,Bad Dürrenberg-Saalekreis,Erststimmen,D28,Andere KWV,0,28553,0.0
WAHLKREIS,34,Bad Dürrenberg-Saalekreis,Zweitstimmen,F01,CDU,10914,28608,38.1502
WAHLKREIS,34,Bad Dürrenberg-Saalekreis,Zweitstimmen,F02,AfD,6527,28608,22.8153
WAHLKREIS,34,Bad Dürrenberg-Saalekreis,Zweitstimmen,F03,DIE LINKE,2570,28608,8.9835
WAHLKREIS,34,Bad Dürrenberg-Saalekreis,Zweitstimmen,F04,SPD,2044,28608,7.1449
WAHLKREIS,34,Bad Dürrenberg-Saalekreis,Zweitstimmen,F05,GRÜNE,1295,28608,4.5267
WAHLKREIS,34,Bad Dürrenberg-Saalekreis,Zweitstimmen,F06,FDP,2192,28608,7.6622
WAHLKREIS,34,Bad Dürrenberg-Saalekreis,Zweitstimmen,F07,FREIE WÄHLER,945,28608,3.3033
WAHLKREIS,34,Bad Dürrenberg-Saalekreis,Zweitstimmen,F08,NPD,99,28608,0.3461
WAHLKREIS,34,Bad Dürrenberg-Saalekreis,Zweitstimmen,F09,Tierschutzpartei,409,28608,1.4297
WAHLKREIS,34,Bad Dürrenberg-Saalekreis,Zweitstimmen,F10,Tierschutzallianz,118,28608,0.4125
WAHLKREIS,34,Bad Dürrenberg-Saalekreis,Zweitstimmen,F11,LKR,16,28608,0.0559
WAHLKREIS,34,Bad Dürrenberg-Saalekreis,Zweitstimmen,F12,Die PARTEI,171,28608,0.5977
WAHLKREIS,34,Bad Dürrenberg-Saalekreis,Zweitstimmen,F13,Gartenpartei,182,28608,0.6362
WAHLKREIS,34,Bad Dürrenberg-Saalekreis,Zweitstimmen,F14,FBM,25,28608,0.0874
WAHLKREIS,34,Bad Dürrenberg-Saalekreis,Zweitstimmen,F15,TIERSCHUTZ hier!,198,28608,0.6921
WAHLKREIS,34,Bad Dürrenberg-Saalekreis,Zweitstimmen,F16,dieBasis,531,28608,1.8561
WAHLKREIS,34,Bad Dürrenberg-Saalekreis,Zweitstimmen,F19,Klimaliste ST,11,28608,0.0385
WAHLKREIS,34,Bad Dürrenberg-Saalekreis,Zweitstimmen,F21,ÖDP,22,28608,0.0769
WAHLKREIS,34,Bad Dürrenberg-Saalekreis,Zweitstimmen,F22,Die Humanisten,36,28608,0.1258
WAHLKREIS,34,Bad Dürrenberg-Saalekreis,Zweitstimmen,F23,Gesundheitsforschung,144,28608,0.5034
WAHLKREIS,34,Bad Dürrenberg-Saalekreis,Zweitstimmen,F24,PIRATEN,101,28608,0.353
WAHLKREIS,34,Bad Dürrenberg-Saalekreis,Zweitstimmen,F25,WiR2020,58,28608,0.2027
WAHLKREIS,35,Halle I,Erststimmen,D01,CDU,6506,20717,31.4042
WAHLKREIS,35,Halle I,Erststimmen,D02,AfD,5015,20717,24.2072
WAHLKREIS,35,Halle I,Erststimmen,D03,DIE LINKE,3335,20717,16.0979
WAHLKREIS,35,Halle I,Erststimmen,D04,SPD,1972,20717,9.5188
WAHLKREIS,35,Halle I,Erststimmen,D05,GRÜNE,1313,20717,6.3378
WAHLKREIS,35,Halle I,Erststimmen,D06,FDP,1429,20717,6.8977
WAHLKREIS,35,Halle I,Erststimmen,D07,FREIE WÄHLER,1147,20717,5.5365
WAHLKREIS,35,Halle I,Erststimmen,D08,NPD,0,20717,0.0
WAHLKREIS,35,Halle I,Erststimmen,D09,Tierschutzpartei,0,20717,0.0
WAHLKREIS,35,Halle I,Erststimmen,D10,Tierschutzallianz,0,20717,0.0
WAHLKREIS,35,Halle I,Erststimmen,D12,Die PARTEI,0,20717,0.0
WAHLKREIS,35,Halle I,Erststimmen,D13,Gartenpartei,0,20717,0.0
WAHLKREIS,35,Halle I,Erststimmen,D14,FBM,0,20717,0.0
WAHLKREIS,35,Halle I,Erststimmen,D16,dieBasis,0,20717,0.0
WAHLKREIS,35,Halle I,Erststimmen,D21,ÖDP,0,20717,0.0
WAHLKREIS,35,Halle I,Erststimmen,D26,Andere KWV,0,20717,0.0
WAHLKREIS,35,Halle I,Erststimmen,D27,Andere KWV,0,20717,0.0
WAHLKREIS,35,Halle I,Erststimmen,D28,Andere KWV,0,20717,0.0
WAHLKREIS,35,Halle I,Zweitstimmen,F01,CDU,7156,20780,34.437
WAHLKREIS,35,Halle I,Zweitstimmen,F02,AfD,4644,20780,22.3484
WAHLKREIS,35,Halle I,Zweitstimmen,F03,DIE LINKE,2646,20780,12.7334
WAHLKREIS,35,Halle I,Zweitstimmen,F04,SPD,1693,20780,8.1473
WAHLKREIS,35,Halle I,Zweitstimmen,F05,GRÜNE,1284,20780,6.179
WAHLKREIS,35,Halle I,Zweitstimmen,F06,FDP,1317,20780,6.3378
WAHLKREIS,35,Halle I,Zweitstimmen,F07,FREIE WÄHLER,542,20780,2.6083
WAHLKREIS,35,Halle I,Zweitstimmen,F08,NPD,43,20780,0.2069
WAHLKREIS,35,Halle I,Zweitstimmen,F09,Tierschutzpartei,321,20780,1.5448
WAHLKREIS,35,Halle I,Zweitstimmen,F10,Tierschutzallianz,97,20780,0.4668
WAHLKREIS,35,Halle I,Zweitstimmen,F11,LKR,10,20780,0.0481
WAHLKREIS,35,Halle I,Zweitstimmen,F12,Die PARTEI,200,20780,0.9625
WAHLKREIS,35,Halle I,Zweitstimmen,F13,Gartenpartei,128,20780,0.616
WAHLKREIS,35,Halle I,Zweitstimmen,F14,FBM,13,20780,0.0626
WAHLKREIS,35,Halle I,Zweitstimmen,F15,TIERSCHUTZ hier!,130,20780,0.6256
WAHLKREIS,35,Halle I,Zweitstimmen,F16,dieBasis,248,20780,1.1935
WAHLKREIS,35,Halle I,Zweitstimmen,F19,Klimaliste ST,17,20780,0.0818
WAHLKREIS,35,Halle I,Zweitstimmen,F21,ÖDP,27,20780,0.1299
WAHLKREIS,35,Halle I,Zweitstimmen,F22,Die Humanisten,46,20780,0.2214
WAHLKREIS,35,Halle I,Zweitstimmen,F23,Gesundheitsforschung,83,20780,0.3994
WAHLKREIS,35,Halle I,Zweitstimmen,F24,PIRATEN,97,20780,0.4668
WAHLKREIS,35,Halle I,Zweitstimmen,F25,WiR2020,38,20780,0.1829
WAHLKREIS,36,Halle II,Erststimmen,D01,CDU,8058,29853,26.9923
WAHLKREIS,36,Halle II,Erststimmen,D02,AfD,3860,29853,12.93
WAHLKREIS,36,Halle II,Erststimmen,D03,DIE LINKE,4249,29853,14.2331
WAHLKREIS,36,Halle II,Erststimmen,D04,SPD,4714,29853,15.7907
WAHLKREIS,36,Halle II,Erststimmen,D05,GRÜNE,3946,29853,13.2181
WAHLKREIS,36,Halle II,Erststimmen,D06,FDP,2630,29853,8.8098
WAHLKREIS,36,Halle II,Erststimmen,D07,FREIE WÄHLER,1117,29853,3.7417
WAHLKREIS,36,Halle II,Erststimmen,D08,NPD,0,29853,0.0
WAHLKREIS,36,Halle II,Erststimmen,D09,Tierschutzpartei,0,29853,0.0
WAHLKREIS,36,Halle II,Erststimmen,D10,Tierschutzallianz,0,29853,0.0
WAHLKREIS,36,Halle II,Erststimmen,D12,Die PARTEI,788,29853,2.6396
WAHLKREIS,36,Halle II,Erststimmen,D13,Gartenpartei,0,29853,0.0
WAHLKREIS,36,Halle II,Erststimmen,D14,FBM,0,29853,0.0
WAHLKREIS,36,Halle II,Erststimmen,D16,dieBasis,491,29853,1.6447
WAHLKREIS,36,Halle II,Erststimmen,D21,ÖDP,0,29853,0.0
WAHLKREIS,36,Halle II,Erststimmen,D26,Andere KWV,0,29853,0.0
WAHLKREIS,36,Halle II,Erststimmen,D27,Andere KWV,0,29853,0.0
WAHLKREIS,36,Halle II,Erststimmen,D28,Andere KWV,0,29853,0.0
WAHLKREIS,36,Halle II,Zweitstimmen,F01,CDU,9401,29912,31.4289
WAHLKREIS,36,Halle II,Zweitstimmen,F02,AfD,3751,29912,12.5401
WAHLKREIS,36,Halle II,Zweitstimmen,F03,DIE LINKE,4108,29912,13.7336
WAHLKREIS,36,Halle II,Zweitstimmen,F04,SPD,2748,29912,9.1869
WAHLKREIS,36,Halle II,Zweitstimmen,F05,GRÜNE,4510,29912,15.0776
WAHLKREIS,36,Halle II,Zweitstimmen,F06,FDP,2257,29912,7.5455
WAHLKREIS,36,Halle II,Zweitstimmen,F07,FREIE WÄHLER,682,29912,2.28
WAHLKREIS,36,Halle II,Zweitstimmen,F08,NPD,37,29912,0.1237
WAHLKREIS,36,Halle II,Zweitstimmen,F09,Tierschutzpartei,557,29912,1.8621
WAHLKREIS,36,Halle II,Zweitstimmen,F10,Tierschutzallianz,106,29912,0.3544
WAHLKREIS,36,Halle II,Zweitstimmen,F11,LKR,17,29912,0.0568
WAHLKREIS,36,Halle II,Zweitstimmen,F12,Die PARTEI,450,29912,1.5044
WAHLKREIS,36,Halle II,Zweitstimmen,F13,Gartenpartei,133,29912,0.4446
WAHLKREIS,36,Halle II,Zweitstimmen,F14,FBM,24,29912,0.0802
WAHLKREIS,36,Halle II,Zweitstimmen,F15,TIERSCHUTZ hier!,149,29912,0.4981
WAHLKREIS,36,Halle II,Zweitstimmen,F16,dieBasis,406,29912,1.3573
WAHLKREIS,36,Halle II,Zweitstimmen,F19,Klimaliste ST,76,29912,0.2541
WAHLKREIS,36,Halle II,Zweitstimmen,F21,ÖDP,74,29912,0.2474
WAHLKREIS,36,Halle II,Zweitstimmen,F22,Die Humanisten,116,29912,0.3878
WAHLKREIS,36,Halle II,Zweitstimmen,F23,Gesundheitsforschung,119,29912,0.3978
WAHLKREIS,36,Halle II,Zweitstimmen,F24,PIRATEN,160,29912,0.5349
WAHLKREIS,36,Halle II,Zweitstimmen,F25,WiR2020,31,29912,0.1036
WAHLKREIS,37,Halle III,Erststimmen,D01,CDU,7958,34638,22.9748
WAHLKREIS,37,Halle III,Erststimmen,D02,AfD,3189,34638,9.2067
WAHLKREIS,37,Halle III,Erststimmen,D03,DIE LINKE,6013,34638,17.3595
WAHLKREIS,37,Halle III,Erststimmen,D04,SPD,4486,34638,12.9511
WAHLKREIS,37,Halle III,Erststimmen,D05,GRÜNE,7350,34638,21.2195
WAHLKREIS,37,Halle III,Erststimmen,D06,FDP,3145,34638,9.0796
WAHLKREIS,37,Halle III,Erststimmen,D07,FREIE WÄHLER,978,34638,2.8235
WAHLKREIS,37,Halle III,Erststimmen,D08,NPD,0,34638,0.0
WAHLKREIS,37,Halle III,Erststimmen,D09,Tierschutzpartei,0,34638,0.0
WAHLKREIS,37,Halle III,Erststimmen,D10,Tierschutzallianz,0,34638,0.0
WAHLKREIS,37,Halle III,Erststimmen,D12,Die PARTEI,850,34638,2.454
WAHLKREIS,37,Halle III,Erststimmen,D13,Gartenpartei,0,34638,0.0
WAHLKREIS,37,Halle III,Erststimmen,D14,FBM,0,34638,0.0
WAHLKREIS,37,Halle III,Erststimmen,D16,dieBasis,669,34638,1.9314
WAHLKREIS,37,Halle III,Erststimmen,D21,ÖDP,0,34638,0.0
WAHLKREIS,37,Halle III,Erststimmen,D26,Andere KWV,0,34638,0.0
WAHLKREIS,37,Halle III,Erststimmen,D27,Andere KWV,0,34638,0.0
WAHLKREIS,37,Halle III,Erststimmen,D28,Andere KWV,0,34638,0.0
WAHLKREIS,37,Halle III,Zweitstimmen,F01,CDU,9304,34678,26.8297
WAHLKREIS,37,Halle III,Zweitstimmen,F02,AfD,3166,34678,9.1297
WAHLKREIS,37,Halle III,Zweitstimmen,F03,DIE LINKE,4968,34678,14.3261
WAHLKREIS,37,Halle III,Zweitstimmen,F04,SPD,3215,34678,9.271
WAHLKREIS,37,Halle III,Zweitstimmen,F05,GRÜNE,8189,34678,23.6144
WAHLKREIS,37,Halle III,Zweitstimmen,F06,FDP,2499,34678,7.2063
WAHLKREIS,37,Halle III,Zweitstimmen,F07,FREIE WÄHLER,552,34678,1.5918
WAHLKREIS,37,Halle III,Zweitstimmen,F08,NPD,30,34678,0.0865
WAHLKREIS,37,Halle III,Zweitstimmen,F09,Tierschutzpartei,493,34678,1.4217
WAHLKREIS,37,Halle III,Zweitstimmen,F10,Tierschutzallianz,118,34678,0.3403
WAHLKREIS,37,Halle III,Zweitstimmen,F11,LKR,19,34678,0.0548
WAHLKREIS,37,Halle III,Zweitstimmen,F12,Die PARTEI,531,34678,1.5312
WAHLKREIS,37,Halle III,Zweitstimmen,F13,Gartenpartei,116,34678,0.3345
WAHLKREIS,37,Halle III,Zweitstimmen,F14,FBM,22,34678,0.0634
WAHLKREIS,37,Halle III,Zweitstimmen,F15,TIERSCHUTZ hier!,142,34678,0.4095
WAHLKREIS,37,Halle III,Zweitstimmen,F16,dieBasis,583,34678,1.6812
WAHLKREIS,37,Halle III,Zweitstimmen,F19,Klimaliste ST,127,34678,0.3662
WAHLKREIS,37,Halle III,Zweitstimmen,F21,ÖDP,131,34678,0.3778
WAHLKREIS,37,Halle III,Zweitstimmen,F22,Die Humanisten,129,34678,0.372
WAHLKREIS,37,Halle III,Zweitstimmen,F23,Gesundheitsforschung,95,34678,0.2739
WAHLKREIS,37,Halle III,Zweitstimmen,F24,PIRATEN,209,34678,0.6027
WAHLKREIS,37,Halle III,Zweitstimmen,F25,WiR2020,40,34678,0.1153
WAHLKREIS,38,Halle IV,Erststimmen,D01,CDU,9941,25809,38.5176
WAHLKREIS,38,Halle IV,Erststimmen,D02,AfD,5439,25809,21.074
WAHLKREIS,38,Halle IV,Erststimmen,D03,DIE LINKE,3354,25809,12.9955
WAHLKREIS,38,Halle IV,Erststimmen,D04,SPD,2453,25809,9.5044
WAHLKREIS,38,Halle IV,Erststimmen,D05,GRÜNE,1474,25809,5.7112
WAHLKREIS,38,Halle IV,Erststimmen,D06,FDP,1894,25809,7.3385
WAHLKREIS,38,Halle IV,Erststimmen,D07,FREIE WÄHLER,1254,25809,4.8588
WAHLKREIS,38,Halle IV,Erststimmen,D08,NPD,0,25809,0.0
WAHLKREIS,38,Halle IV,Erststimmen,D09,Tierschutzpartei,0,25809,0.0
WAHLKREIS,38,Halle IV,Erststimmen,D10,Tierschutzallianz,0,25809,0.0
WAHLKREIS,38,Halle IV,Erststimmen,D12,Die PARTEI,0,25809,0.0
WAHLKREIS,38,Halle IV,Erststimmen,D13,Gartenpartei,0,25809,0.0
WAHLKREIS,38,Halle IV,Erststimmen,D14,FBM,0,25809,0.0
WAHLKREIS,38,Halle IV,Erststimmen,D16,dieBasis,0,25809,0.0
WAHLKREIS,38,Halle IV,Erststimmen,D21,ÖDP,0,25809,0.0
WAHLKREIS,38,Halle IV,Erststimmen,D26,Andere KWV,0,25809,0.0
WAHLKREIS,38,Halle IV,Erststimmen,D27,Andere KWV,0,25809,0.0
WAHLKREIS,38,Halle IV,Erststimmen,D28,Andere KWV,0,25809,0.0
WAHLKREIS,38,Halle IV,Zweitstimmen,F01,CDU,9815,25874,37.9338
WAHLKREIS,38,Halle IV,Zweitstimmen,F02,AfD,5137,25874,19.8539
WAHLKREIS,38,Halle IV,Zweitstimmen,F03,DIE LINKE,2882,25874,11.1386
WAHLKREIS,38,Halle IV,Zweitstimmen,F04,SPD,2150,25874,8.3095
WAHLKREIS,38,Halle IV,Zweitstimmen,F05,GRÜNE,1457,25874,5.6311
WAHLKREIS,38,Halle IV,Zweitstimmen,F06,FDP,1971,25874,7.6177
WAHLKREIS,38,Halle IV,Zweitstimmen,F07,FREIE WÄHLER,613,25874,2.3692
WAHLKREIS,38,Halle IV,Zweitstimmen,F08,NPD,52,25874,0.201
WAHLKREIS,38,Halle IV,Zweitstimmen,F09,Tierschutzpartei,390,25874,1.5073
WAHLKREIS,38,Halle IV,Zweitstimmen,F10,Tierschutzallianz,110,25874,0.4251
WAHLKREIS,38,Halle IV,Zweitstimmen,F11,LKR,17,25874,0.0657
WAHLKREIS,38,Halle IV,Zweitstimmen,F12,Die PARTEI,219,25874,0.8464
WAHLKREIS,38,Halle IV,Zweitstimmen,F13,Gartenpartei,181,25874,0.6995
WAHLKREIS,38,Halle IV,Zweitstimmen,F14,FBM,14,25874,0.0541
WAHLKREIS,38,Halle IV,Zweitstimmen,F15,TIERSCHUTZ hier!,168,25874,0.6493
WAHLKREIS,38,Halle IV,Zweitstimmen,F16,dieBasis,375,25874,1.4493
WAHLKREIS,38,Halle IV,Zweitstimmen,F19,Klimaliste ST,15,25874,0.058
WAHLKREIS,38,Halle IV,Zweitstimmen,F21,ÖDP,18,25874,0.0696
WAHLKREIS,38,Halle IV,Zweitstimmen,F22,Die Humanisten,41,25874,0.1585
WAHLKREIS,38,Halle IV,Zweitstimmen,F23,Gesundheitsforschung,111,25874,0.429
WAHLKREIS,38,Halle IV,Zweitstimmen,F24,PIRATEN,103,25874,0.3981
WAHLKREIS,38,Halle IV,Zweitstimmen,F25,WiR2020,35,25874,0.1353
WAHLKREIS,39,Weißenfels,Erststimmen,D01,CDU,6517,23556,27.666
WAHLKREIS,39,Weißenfels,Erststimmen,D02,AfD,5854,23556,24.8514
WAHLKREIS,39,Weißenfels,Erststimmen,D03,DIE LINKE,1816,23556,7.7093
WAHLKREIS,39,Weißenfels,Erststimmen,D04,SPD,5447,23556,23.1236
WAHLKREIS,39,Weißenfels,Erststimmen,D05,GRÜNE,514,23556,2.182
WAHLKREIS,39,Weißenfels,Erststimmen,D06,FDP,1279,23556,5.4296
WAHLKREIS,39,Weißenfels,Erststimmen,D07,FREIE WÄHLER,1299,23556,5.5145
WAHLKREIS,39,Weißenfels,Erststimmen,D08,NPD,0,23556,0.0
WAHLKREIS,39,Weißenfels,Erststimmen,D09,Tierschutzpartei,0,23556,0.0
WAHLKREIS,39,Weißenfels,Erststimmen,D10,Tierschutzallianz,0,23556,0.0
WAHLKREIS,39,Weißenfels,Erststimmen,D12,Die PARTEI,523,23556,2.2202
WAHLKREIS,39,Weißenfels,Erststimmen,D13,Gartenpartei,0,23556,0.0
WAHLKREIS,39,Weißenfels,Erststimmen,D14,FBM,0,23556,0.0
WAHLKREIS,39,Weißenfels,Erststimmen,D16,dieBasis,0,23556,0.0
WAHLKREIS,39,Weißenfels,Erststimmen,D21,ÖDP,0,23556,0.0
WAHLKREIS,39,Weißenfels,Erststimmen,D26,Andere KWV,307,23556,1.3033
WAHLKREIS,39,Weißenfels,Erststimmen,D27,Andere KWV,0,23556,0.0
WAHLKREIS,39,Weißenfels,Erststimmen,D28,Andere KWV,0,23556,0.0
WAHLKREIS,39,Weißenfels,Zweitstimmen,F01,CDU,8803,23595,37.3088
WAHLKREIS,39,Weißenfels,Zweitstimmen,F02,AfD,5951,23595,25.2214
WAHLKREIS,39,Weißenfels,Zweitstimmen,F03,DIE LINKE,2178,23595,9.2308
WAHLKREIS,39,Weißenfels,Zweitstimmen,F04,SPD,2287,23595,9.6927
WAHLKREIS,39,Weißenfels,Zweitstimmen,F05,GRÜNE,770,23595,3.2634
WAHLKREIS,39,Weißenfels,Zweitstimmen,F06,FDP,1377,23595,5.836
WAHLKREIS,39,Weißenfels,Zweitstimmen,F07,FREIE WÄHLER,543,23595,2.3013
WAHLKREIS,39,Weißenfels,Zweitstimmen,F08,NPD,77,23595,0.3263
WAHLKREIS,39,Weißenfels,Zweitstimmen,F09,Tierschutzpartei,301,23595,1.2757
WAHLKREIS,39,Weißenfels,Zweitstimmen,F10,Tierschutzallianz,69,23595,0.2924
WAHLKREIS,39,Weißenfels,Zweitstimmen,F11,LKR,9,23595,0.0381
WAHLKREIS,39,Weißenfels,Zweitstimmen,F12,Die PARTEI,257,23595,1.0892
WAHLKREIS,39,Weißenfels,Zweitstimmen,F13,Gartenpartei,154,23595,0.6527
WAHLKREIS,39,Weißenfels,Zweitstimmen,F14,FBM,14,23595,0.0593
WAHLKREIS,39,Weißenfels,Zweitstimmen,F15,TIERSCHUTZ hier!,129,23595,0.5467
WAHLKREIS,39,Weißenfels,Zweitstimmen,F16,dieBasis,411,23595,1.7419
WAHLKREIS,39,Weißenfels,Zweitstimmen,F19,Klimaliste ST,6,23595,0.0254
WAHLKREIS,39,Weißenfels,Zweitstimmen,F21,ÖDP,13,23595,0.0551
WAHLKREIS,39,Weißenfels,Zweitstimmen,F22,Die Humanisten,15,23595,0.0636
WAHLKREIS,39,Weißenfels,Zweitstimmen,F23,Gesundheitsforschung,102,23595,0.4323
WAHLKREIS,39,Weißenfels,Zweitstimmen,F24,PIRATEN,85,23595,0.3602
WAHLKREIS,39,Weißenfels,Zweitstimmen,F25,WiR2020,44,23595,0.1865
WAHLKREIS,40,Naumburg,Erststimmen,D01,CDU,11385,27015,42.1433
WAHLKREIS,40,Naumburg,Erststimmen,D02,AfD,6489,27015,24.02
WAHLKREIS,40,Naumburg,Erststimmen,D03,DIE LINKE,2509,27015,9.2874
WAHLKREIS,40,Naumburg,Erststimmen,D04,SPD,2120,27015,7.8475
WAHLKREIS,40,Naumburg,Erststimmen,D05,GRÜNE,865,27015,3.2019
WAHLKREIS,40,Naumburg,Erststimmen,D06,FDP,1539,27015,5.6968
WAHLKREIS,40,Naumburg,Erststimmen,D07,FREIE WÄHLER,0,27015,0.0
WAHLKREIS,40,Naumburg,Erststimmen,D08,NPD,0,27015,0.0
WAHLKREIS,40,Naumburg,Erststimmen,D09,Tierschutzpartei,0,27015,0.0
WAHLKREIS,40,Naumburg,Erststimmen,D10,Tierschutzallianz,0,27015,0.0
WAHLKREIS,40,Naumburg,Erststimmen,D12,Die PARTEI,858,27015,3.176
WAHLKREIS,40,Naumburg,Erststimmen,D13,Gartenpartei,0,27015,0.0
WAHLKREIS,40,Naumburg,Erststimmen,D14,FBM,0,27015,0.0
WAHLKREIS,40,Naumburg,Erststimmen,D16,dieBasis,0,27015,0.0
WAHLKREIS,40,Naumburg,Erststimmen,D21,ÖDP,0,27015,0.0
WAHLKREIS,40,Naumburg,Erststimmen,D26,Andere KWV,1250,27015,4.6271
WAHLKREIS,40,Naumburg,Erststimmen,D27,Andere KWV,0,27015,0.0
WAHLKREIS,40,Naumburg,Erststimmen,D28,Andere KWV,0,27015,0.0
WAHLKREIS,40,Naumburg,Zweitstimmen,F01,CDU,11010,27024,40.7416
WAHLKREIS,40,Naumburg,Zweitstimmen,F02,AfD,6257,27024,23.1535
WAHLKREIS,40,Naumburg,Zweitstimmen,F03,DIE LINKE,2653,27024,9.8172
WAHLKREIS,40,Naumburg,Zweitstimmen,F04,SPD,1831,27024,6.7755
WAHLKREIS,40,Naumburg,Zweitstimmen,F05,GRÜNE,1236,27024,4.5737
WAHLKREIS,40,Naumburg,Zweitstimmen,F06,FDP,1742,27024,6.4461
WAHLKREIS,40,Naumburg,Zweitstimmen,F07,FREIE WÄHLER,467,27024,1.7281
WAHLKREIS,40,Naumburg,Zweitstimmen,F08,NPD,76,27024,0.2812
WAHLKREIS,40,Naumburg,Zweitstimmen,F09,Tierschutzpartei,299,27024,1.1064
WAHLKREIS,40,Naumburg,Zweitstimmen,F10,Tierschutzallianz,76,27024,0.2812
WAHLKREIS,40,Naumburg,Zweitstimmen,F11,LKR,18,27024,0.0666
WAHLKREIS,40,Naumburg,Zweitstimmen,F12,Die PARTEI,312,27024,1.1545
WAHLKREIS,40,Naumburg,Zweitstimmen,F13,Gartenpartei,148,27024,0.5477
WAHLKREIS,40,Naumburg,Zweitstimmen,F14,FBM,30,27024,0.111
WAHLKREIS,40,Naumburg,Zweitstimmen,F15,TIERSCHUTZ hier!,131,27024,0.4848
WAHLKREIS,40,Naumburg,Zweitstimmen,F16,dieBasis,455,27024,1.6837
WAHLKREIS,40,Naumburg,Zweitstimmen,F19,Klimaliste ST,10,27024,0.037
WAHLKREIS,40,Naumburg,Zweitstimmen,F21,ÖDP,34,27024,0.1258
WAHLKREIS,40,Naumburg,Zweitstimmen,F22,Die Humanisten,26,27024,0.0962
WAHLKREIS,40,Naumburg,Zweitstimmen,F23,Gesundheitsforschung,94,27024,0.3478
WAHLKREIS,40,Naumburg,Zweitstimmen,F24,PIRATEN,82,27024,0.3034
WAHLKREIS,40,Naumburg,Zweitstimmen,F25,WiR2020,37,27024,0.1369
WAHLKREIS,41,Zeitz,Erststimmen,D01,CDU,6392,24467,26.125
WAHLKREIS,41,Zeitz,Erststimmen,D02,AfD,6627,24467,27.0855
WAHLKREIS,41,Zeitz,Erststimmen,D03,DIE LINKE,3436,24467,14.0434
WAHLKREIS,41,Zeitz,Erststimmen,D04,SPD,2058,24467,8.4113
WAHLKREIS,41,Zeitz,Erststimmen,D05,GRÜNE,829,24467,3.3882
WAHLKREIS,41,Zeitz,Erststimmen,D06,FDP,1844,24467,7.5367
WAHLKREIS,41,Zeitz,Erststimmen,D07,FREIE WÄHLER,2718,24467,11.1088
WAHLKREIS,41,Zeitz,Erststimmen,D08,NPD,0,24467,0.0
WAHLKREIS,41,Zeitz,Erststimmen,D09,Tierschutzpartei,0,24467,0.0
WAHLKREIS,41,Zeitz,Erststimmen,D10,Tierschutzallianz,0,24467,0.0
WAHLKREIS,41,Zeitz,Erststimmen,D12,Die PARTEI,0,24467,0.0
WAHLKREIS,41,Zeitz,Erststimmen,D13,Gartenpartei,0,24467,0.0
WAHLKREIS,41,Zeitz,Erststimmen,D14,FBM,0,24467,0.0
WAHLKREIS,41,Zeitz,Erststimmen,D16,dieBasis,0,24467,0.0
WAHLKREIS,41,Zeitz,Erststimmen,D21,ÖDP,0,24467,0.0
WAHLKREIS,41,Zeitz,Erststimmen,D26,Andere KWV,76,24467,0.3106
WAHLKREIS,41,Zeitz,Erststimmen,D27,Andere KWV,303,24467,1.2384
WAHLKREIS,41,Zeitz,Erststimmen,D28,Andere KWV,184,24467,0.752
WAHLKREIS,41,Zeitz,Zweitstimmen,F01,CDU,9085,24538,37.0242
WAHLKREIS,41,Zeitz,Zweitstimmen,F02,AfD,6499,24538,26.4855
WAHLKREIS,41,Zeitz,Zweitstimmen,F03,DIE LINKE,2602,24538,10.604
WAHLKREIS,41,Zeitz,Zweitstimmen,F04,SPD,1676,24538,6.8302
WAHLKREIS,41,Zeitz,Zweitstimmen,F05,GRÜNE,772,24538,3.1461
WAHLKREIS,41,Zeitz,Zweitstimmen,F06,FDP,1578,24538,6.4308
WAHLKREIS,41,Zeitz,Zweitstimmen,F07,FREIE WÄHLER,822,24538,3.3499
WAHLKREIS,41,Zeitz,Zweitstimmen,F08,NPD,127,24538,0.5176
WAHLKREIS,41,Zeitz,Zweitstimmen,F09,Tierschutzpartei,234,24538,0.9536
WAHLKREIS,41,Zeitz,Zweitstimmen,F10,Tierschutzallianz,59,24538,0.2404
WAHLKREIS,41,Zeitz,Zweitstimmen,F11,LKR,9,24538,0.0367
WAHLKREIS,41,Zeitz,Zweitstimmen,F12,Die PARTEI,180,24538,0.7336
WAHLKREIS,41,Zeitz,Zweitstimmen,F13,Gartenpartei,184,24538,0.7499
WAHLKREIS,41,Zeitz,Zweitstimmen,F14,FBM,19,24538,0.0774
WAHLKREIS,41,Zeitz,Zweitstimmen,F15,TIERSCHUTZ hier!,141,24538,0.5746
WAHLKREIS,41,Zeitz,Zweitstimmen,F16,dieBasis,299,24538,1.2185
WAHLKREIS,41,Zeitz,Zweitstimmen,F19,Klimaliste ST,12,24538,0.0489
WAHLKREIS,41,Zeitz,Zweitstimmen,F21,ÖDP,15,24538,0.0611
WAHLKREIS,41,Zeitz,Zweitstimmen,F22,Die Humanisten,21,24538,0.0856
WAHLKREIS,41,Zeitz,Zweitstimmen,F23,Gesundheitsforschung,107,24538,0.4361
WAHLKREIS,41,Zeitz,Zweitstimmen,F24,PIRATEN,64,24538,0.2608
WAHLKREIS,41,Zeitz,Zweitstimmen,F25,WiR2020,33,24538,0.1345
GEMEINDE,15001000,Stadt Dessau-Roßlau,Erststimmen,D01,CDU,13530,37124,36.4454
GEMEINDE,15001000,Stadt Dessau-Roßlau,Erststimmen,D02,AfD,7224,37124,19.4591
GEMEINDE,15001000,Stadt Dessau-Roßlau,Erststimmen,D03,DIE LINKE,5037,37124,13.568
GEMEINDE,15001000,Stadt Dessau-Roßlau,Erststimmen,D04,SPD,4213,37124,11.3485
GEMEINDE,15001000,Stadt Dessau-Roßlau,Erststimmen,D05,GRÜNE,2851,37124,7.6797
GEMEINDE,15001000,Stadt Dessau-Roßlau,Erststimmen,D06,FDP,3389,37124,9.1289
GEMEINDE,15001000,Stadt Dessau-Roßlau,Erststimmen,D07,FREIE WÄHLER,880,37124,2.3704
GEMEINDE,15001000,Stadt Dessau-Roßlau,Erststimmen,D08,NPD,0,37124,0.0
GEMEINDE,15001000,Stadt Dessau-Roßlau,Erststimmen,D09,Tierschutzpartei,0,37124,0.0
GEMEINDE,15001000,Stadt Dessau-Roßlau,Erststimmen,D10,Tierschutzallianz,0,37124,0.0
GEMEINDE,15001000,Stadt Dessau-Roßlau,Erststimmen,D12,Die PARTEI,0,37124,0.0
GEMEINDE,15001000,Stadt Dessau-Roßlau,Erststimmen,D13,Gartenpartei,0,37124,0.0
GEMEINDE,15001000,Stadt Dessau-Roßlau,Erststimmen,D14,FBM,0,37124,0.0
GEMEINDE,15001000,Stadt Dessau-Roßlau,Erststimmen,D16,dieBasis,0,37124,0.0
GEMEINDE,15001000,Stadt Dessau-Roßlau,Erststimmen,D21,ÖDP,0,37124,0.0
GEMEINDE,15001000,Stadt Dessau-Roßlau,Erststimmen,D26,Andere KWV,0,37124,0.0
GEMEINDE,15001000,Stadt Dessau-Roßlau,Erststimmen,D27,Andere KWV,0,37124,0.0
GEMEINDE,15001000,Stadt Dessau-Roßlau,Erststimmen,D28,Andere KWV,0,37124,0.0
GEMEINDE,15001000,Stadt Dessau-Roßlau,Zweitstimmen,F01,CDU,14988,37350,40.1285
GEMEINDE,15001000,Stadt Dessau-Roßlau,Zweitstimmen,F02,AfD,6858,37350,18.3614
GEMEINDE,15001000,Stadt Dessau-Roßlau,Zweitstimmen,F03,DIE LINKE,4039,37350,10.8139
GEMEINDE,15001000,Stadt Dessau-Roßlau,Zweitstimmen,F04,SPD,3005,37350,8.0455
GEMEINDE,15001000,Stadt Dessau-Roßlau,Zweitstimmen,F05,GRÜNE,2846,37350,7.6198
GEMEINDE,15001000,Stadt Dessau-Roßlau,Zweitstimmen,F06,FDP,2608,37350,6.9826
GEMEINDE,15001000,Stadt Dessau-Roßlau,Zweitstimmen,F07,FREIE WÄHLER,726,37350,1.9438
GEMEINDE,15001000,Stadt Dessau-Roßlau,Zweitstimmen,F08,NPD,102,37350,0.2731
GEMEINDE,15001000,Stadt Dessau-Roßlau,Zweitstimmen,F09,Tierschutzpartei,494,37350,1.3226
GEMEINDE,15001000,Stadt Dessau-Roßlau,Zweitstimmen,F10,Tierschutzallianz,111,37350,0.2972
GEMEINDE,15001000,Stadt Dessau-Roßlau,Zweitstimmen,F11,LKR,9,37350,0.0241
GEMEINDE,15001000,Stadt Dessau-Roßlau,Zweitstimmen,F12,Die PARTEI,227,37350,0.6078
GEMEINDE,15001000,Stadt Dessau-Roßlau,Zweitstimmen,F13,Gartenpartei,219,37350,0.5863
GEMEINDE,15001000,Stadt Dessau-Roßlau,Zweitstimmen,F14,FBM,14,37350,0.0375
GEMEINDE,15001000,Stadt Dessau-Roßlau,Zweitstimmen,F15,TIERSCHUTZ hier!,204,37350,0.5462
GEMEINDE,15001000,Stadt Dessau-Roßlau,Zweitstimmen,F16,dieBasis,466,37350,1.2477
GEMEINDE,15001000,Stadt Dessau-Roßlau,Zweitstimmen,F19,Klimaliste ST,29,37350,0.0776
GEMEINDE,15001000,Stadt Dessau-Roßlau,Zweitstimmen,F21,ÖDP,28,37350,0.075
GEMEINDE,15001000,Stadt Dessau-Roßlau,Zweitstimmen,F22,Die Humanisten,42,37350,0.1124
GEMEINDE,15001000,Stadt Dessau-Roßlau,Zweitstimmen,F23,Gesundheitsforschung,134,37350,0.3588
GEMEINDE,15001000,Stadt Dessau-Roßlau,Zweitstimmen,F24,PIRATEN,148,37350,0.3963
GEMEINDE,15001000,Stadt Dessau-Roßlau,Zweitstimmen,F25,WiR2020,53,37350,0.1419
GEMEINDE,15002000,Stadt Halle (Saale),Erststimmen,D01,CDU,32463,111017,29.2415
GEMEINDE,15002000,Stadt Halle (Saale),Erststimmen,D02,AfD,17503,111017,15.7661
GEMEINDE,15002000,Stadt Halle (Saale),Erststimmen,D03,DIE LINKE,16951,111017,15.2688
GEMEINDE,15002000,Stadt Halle (Saale),Erststimmen,D04,SPD,13625,111017,12.2729
GEMEINDE,15002000,Stadt Halle (Saale),Erststimmen,D05,GRÜNE,14083,111017,12.6854
GEMEINDE,15002000,Stadt Halle (Saale),Erststimmen,D06,FDP,9098,111017,8.1951
GEMEINDE,15002000,Stadt Halle (Saale),Erststimmen,D07,FREIE WÄHLER,4496,111017,4.0498
GEMEINDE,15002000,Stadt Halle (Saale),Erststimmen,D08,NPD,0,111017,0.0
GEMEINDE,15002000,Stadt Halle (Saale),Erststimmen,D09,Tierschutzpartei,0,111017,0.0
GEMEINDE,15002000,Stadt Halle (Saale),Erststimmen,D10,Tierschutzallianz,0,111017,0.0
GEMEINDE,15002000,Stadt Halle (Saale),Erststimmen,D12,Die PARTEI,1638,111017,1.4754
GEMEINDE,15002000,Stadt Halle (Saale),Erststimmen,D13,Gartenpartei,0,111017,0.0
GEMEINDE,15002000,Stadt Halle (Saale),Erststimmen,D14,FBM,0,111017,0.0
GEMEINDE,15002000,Stadt Halle (Saale),Erststimmen,D16,dieBasis,1160,111017,1.0449
GEMEINDE,15002000,Stadt Halle (Saale),Erststimmen,D21,ÖDP,0,111017,0.0
GEMEINDE,15002000,Stadt Halle (Saale),Erststimmen,D26,Andere KWV,0,111017,0.0
GEMEINDE,15002000,Stadt Halle (Saale),Erststimmen,D27,Andere KWV,0,111017,0.0
GEMEINDE,15002000,Stadt Halle (Saale),Erststimmen,D28,Andere KWV,0,111017,0.0
GEMEINDE,15002000,Stadt Halle (Saale),Zweitstimmen,F01,CDU,35676,111244,32.07
GEMEINDE,15002000,Stadt Halle (Saale),Zweitstimmen,F02,AfD,16698,111244,15.0102
GEMEINDE,15002000,Stadt Halle (Saale),Zweitstimmen,F03,DIE LINKE,14604,111244,13.1279
GEMEINDE,15002000,Stadt Halle (Saale),Zweitstimmen,F04,SPD,9806,111244,8.8149
GEMEINDE,15002000,Stadt Halle (Saale),Zweitstimmen,F05,GRÜNE,15440,111244,13.8794
GEMEINDE,15002000,Stadt Halle (Saale),Zweitstimmen,F06,FDP,8044,111244,7.231
GEMEINDE,15002000,Stadt Halle (Saale),Zweitstimmen,F07,FREIE WÄHLER,2389,111244,2.1475
GEMEINDE,15002000,Stadt Halle (Saale),Zweitstimmen,F08,NPD,162,111244,0.1456
GEMEINDE,15002000,Stadt Halle (Saale),Zweitstimmen,F09,Tierschutzpartei,1761,111244,1.583
GEMEINDE,15002000,Stadt Halle (Saale),Zweitstimmen,F10,Tierschutzallianz,431,111244,0.3874
GEMEINDE,15002000,Stadt Halle (Saale),Zweitstimmen,F11,LKR,63,111244,0.0566
GEMEINDE,15002000,Stadt Halle (Saale),Zweitstimmen,F12,Die PARTEI,1400,111244,1.2585
GEMEINDE,15002000,Stadt Halle (Saale),Zweitstimmen,F13,Gartenpartei,558,111244,0.5016
GEMEINDE,15002000,Stadt Halle (Saale),Zweitstimmen,F14,FBM,73,111244,0.0656
GEMEINDE,15002000,Stadt Halle (Saale),Zweitstimmen,F15,TIERSCHUTZ hier!,589,111244,0.5295
GEMEINDE,15002000,Stadt Halle (Saale),Zweitstimmen,F16,dieBasis,1612,111244,1.4491
GEMEINDE,15002000,Stadt Halle (Saale),Zweitstimmen,F19,Klimaliste ST,235,111244,0.2112
GEMEINDE,15002000,Stadt Halle (Saale),Zweitstimmen,F21,ÖDP,250,111244,0.2247
GEMEINDE,15002000,Stadt Halle (Saale),Zweitstimmen,F22,Die Humanisten,332,111244,0.2984
GEMEINDE,15002000,Stadt Halle (Saale),Zweitstimmen,F23,Gesundheitsforschung,408,111244,0.3668
GEMEINDE,15002000,Stadt Halle (Saale),Zweitstimmen,F24,PIRATEN,569,111244,0.5115
GEMEINDE,15002000,Stadt Halle (Saale),Zweitstimmen,F25,WiR2020,144,111244,0.1294
GEMEINDE,15003000,Landeshauptstadt Magdeburg,Erststimmen,D01,CDU,35931,116725,30.7826
GEMEINDE,15003000,Landeshauptstadt Magdeburg,Erststimmen,D02,AfD,18550,116725,15.8921
GEMEINDE,15003000,Landeshauptstadt Magdeburg,Erststimmen,D03,DIE LINKE,15586,116725,13.3528
GEMEINDE,15003000,Landeshauptstadt Magdeburg,Erststimmen,D04,SPD,13407,116725,11.486
GEMEINDE,15003000,Landeshauptstadt Magdeburg,Erststimmen,D05,GRÜNE,13428,116725,11.504
GEMEINDE,15003000,Landeshauptstadt Magdeburg,Erststimmen,D06,FDP,8058,116725,6.9034
GEMEINDE,15003000,Landeshauptstadt Magdeburg,Erststimmen,D07,FREIE WÄHLER,2786,116725,2.3868
GEMEINDE,15003000,Landeshauptstadt Magdeburg,Erststimmen,D08,NPD,160,116725,0.1371
GEMEINDE,15003000,Landeshauptstadt Magdeburg,Erststimmen,D09,Tierschutzpartei,0,116725,0.0
GEMEINDE,15003000,Landeshauptstadt Magdeburg,Erststimmen,D10,Tierschutzallianz,2726,116725,2.3354
GEMEINDE,15003000,Landeshauptstadt Magdeburg,Erststimmen,D12,Die PARTEI,890,116725,0.7625
GEMEINDE,15003000,Landeshauptstadt Magdeburg,Erststimmen,D13,Gartenpartei,3216,116725,2.7552
GEMEINDE,15003000,Landeshauptstadt Magdeburg,Erststimmen,D14,FBM,0,116725,0.0
GEMEINDE,15003000,Landeshauptstadt Magdeburg,Erststimmen,D16,dieBasis,1757,116725,1.5052
GEMEINDE,15003000,Landeshauptstadt Magdeburg,Erststimmen,D21,ÖDP,145,116725,0.1242
GEMEINDE,15003000,Landeshauptstadt Magdeburg,Erststimmen,D26,Andere KWV,85,116725,0.0728
GEMEINDE,15003000,Landeshauptstadt Magdeburg,Erststimmen,D27,Andere KWV,0,116725,0.0
GEMEINDE,15003000,Landeshauptstadt Magdeburg,Erststimmen,D28,Andere KWV,0,116725,0.0
GEMEINDE,15003000,Landeshauptstadt Magdeburg,Zweitstimmen,F01,CDU,38411,116847,32.8729
GEMEINDE,15003000,Landeshauptstadt Magdeburg,Zweitstimmen,F02,AfD,17683,116847,15.1335
GEMEINDE,15003000,Landeshauptstadt Magdeburg,Zweitstimmen,F03,DIE LINKE,14724,116847,12.6011
GEMEINDE,15003000,Landeshauptstadt Magdeburg,Zweitstimmen,F04,SPD,11166,116847,9.5561
GEMEINDE,15003000,Landeshauptstadt Magdeburg,Zweitstimmen,F05,GRÜNE,12580,116847,10.7662
GEMEINDE,15003000,Landeshauptstadt Magdeburg,Zweitstimmen,F06,FDP,7924,116847,6.7815
GEMEINDE,15003000,Landeshauptstadt Magdeburg,Zweitstimmen,F07,FREIE WÄHLER,2164,116847,1.852
GEMEINDE,15003000,Landeshauptstadt Magdeburg,Zweitstimmen,F08,NPD,312,116847,0.267
GEMEINDE,15003000,Landeshauptstadt Magdeburg,Zweitstimmen,F09,Tierschutzpartei,2535,116847,2.1695
GEMEINDE,15003000,Landeshauptstadt Magdeburg,Zweitstimmen,F10,Tierschutzallianz,1515,116847,1.2966
GEMEINDE,15003000,Landeshauptstadt Magdeburg,Zweitstimmen,F11,LKR,75,116847,0.0642
GEMEINDE,15003000,Landeshauptstadt Magdeburg,Zweitstimmen,F12,Die PARTEI,1231,116847,1.0535
GEMEINDE,15003000,Landeshauptstadt Magdeburg,Zweitstimmen,F13,Gartenpartei,2333,116847,1.9966
GEMEINDE,15003000,Landeshauptstadt Magdeburg,Zweitstimmen,F14,FBM,53,116847,0.0454
GEMEINDE,15003000,Landeshauptstadt Magdeburg,Zweitstimmen,F15,TIERSCHUTZ hier!,651,116847,0.5571
GEMEINDE,15003000,Landeshauptstadt Magdeburg,Zweitstimmen,F16,dieBasis,1580,116847,1.3522
GEMEINDE,15003000,Landeshauptstadt Magdeburg,Zweitstimmen,F19,Klimaliste ST,194,116847,0.166
GEMEINDE,15003000,Landeshauptstadt Magdeburg,Zweitstimmen,F21,ÖDP,224,116847,0.1917
GEMEINDE,15003000,Landeshauptstadt Magdeburg,Zweitstimmen,F22,Die Humanisten,303,116847,0.2593
GEMEINDE,15003000,Landeshauptstadt Magdeburg,Zweitstimmen,F23,Gesundheitsforschung,439,116847,0.3757
GEMEINDE,15003000,Landeshauptstadt Magdeburg,Zweitstimmen,F24,PIRATEN,575,116847,0.4921
GEMEINDE,15003000,Landeshauptstadt Magdeburg,Zweitstimmen,F25,WiR2020,175,116847,0.1498
GEMEINDE,15081026,Gemeinde Flecken Apenburg-Winterfeld,Erststimmen,D01,CDU,367,925,39.6757
GEMEINDE,15081026,Gemeinde Flecken Apenburg-Winterfeld,Erststimmen,D02,AfD,182,925,19.6757
GEMEINDE,15081026,Gemeinde Flecken Apenburg-Winterfeld,Erststimmen,D03,DIE LINKE,91,925,9.8378
GEMEINDE,15081026,Gemeinde Flecken Apenburg-Winterfeld,Erststimmen,D04,SPD,101,925,10.9189
GEMEINDE,15081026,Gemeinde Flecken Apenburg-Winterfeld,Erststimmen,D05,GRÜNE,33,925,3.5676
GEMEINDE,15081026,Gemeinde Flecken Apenburg-Winterfeld,Erststimmen,D06,FDP,40,925,4.3243
GEMEINDE,15081026,Gemeinde Flecken Apenburg-Winterfeld,Erststimmen,D07,FREIE WÄHLER,76,925,8.2162
GEMEINDE,15081026,Gemeinde Flecken Apenburg-Winterfeld,Erststimmen,D08,NPD,0,925,0.0
GEMEINDE,15081026,Gemeinde Flecken Apenburg-Winterfeld,Erststimmen,D09,Tierschutzpartei,0,925,0.0
GEMEINDE,15081026,Gemeinde Flecken Apenburg-Winterfeld,Erststimmen,D10,Tierschutzallianz,0,925,0.0
GEMEINDE,15081026,Gemeinde Flecken Apenburg-Winterfeld,Erststimmen,D12,Die PARTEI,0,925,0.0
GEMEINDE,15081026,Gemeinde Flecken Apenburg-Winterfeld,Erststimmen,D13,Gartenpartei,0,925,0.0
GEMEINDE,15081026,Gemeinde Flecken Apenburg-Winterfeld,Erststimmen,D14,FBM,0,925,0.0
GEMEINDE,15081026,Gemeinde Flecken Apenburg-Winterfeld,Erststimmen,D16,dieBasis,35,925,3.7838
GEMEINDE,15081026,Gemeinde Flecken Apenburg-Winterfeld,Erststimmen,D21,ÖDP,0,925,0.0
GEMEINDE,15081026,Gemeinde Flecken Apenburg-Winterfeld,Erststimmen,D26,Andere KWV,0,925,0.0
GEMEINDE,15081026,Gemeinde Flecken Apenburg-Winterfeld,Erststimmen,D27,Andere KWV,0,925,0.0
GEMEINDE,15081026,Gemeinde Flecken Apenburg-Winterfeld,Erststimmen,D28,Andere KWV,0,925,0.0
GEMEINDE,15081026,Gemeinde Flecken Apenburg-Winterfeld,Zweitstimmen,F01,CDU,342,927,36.8932
GEMEINDE,15081026,Gemeinde Flecken Apenburg-Winterfeld,Zweitstimmen,F02,AfD,195,927,21.0356
GEMEINDE,15081026,Gemeinde Flecken Apenburg-Winterfeld,Zweitstimmen,F03,DIE LINKE,87,927,9.3851
GEMEINDE,15081026,Gemeinde Flecken Apenburg-Winterfeld,Zweitstimmen,F04,SPD,94,927,10.1402
GEMEINDE,15081026,Gemeinde Flecken Apenburg-Winterfeld,Zweitstimmen,F05,GRÜNE,32,927,3.452
GEMEINDE,15081026,Gemeinde Flecken Apenburg-Winterfeld,Zweitstimmen,F06,FDP,55,927,5.9331
GEMEINDE,15081026,Gemeinde Flecken Apenburg-Winterfeld,Zweitstimmen,F07,FREIE WÄHLER,51,927,5.5016
GEMEINDE,15081026,Gemeinde Flecken Apenburg-Winterfeld,Zweitstimmen,F08,NPD,10,927,1.0787
GEMEINDE,15081026,Gemeinde Flecken Apenburg-Winterfeld,Zweitstimmen,F09,Tierschutzpartei,6,927,0.6472
GEMEINDE,15081026,Gemeinde Flecken Apenburg-Winterfeld,Zweitstimmen,F10,Tierschutzallianz,5,927,0.5394
GEMEINDE,15081026,Gemeinde Flecken Apenburg-Winterfeld,Zweitstimmen,F11,LKR,0,927,0.0
GEMEINDE,15081026,Gemeinde Flecken Apenburg-Winterfeld,Zweitstimmen,F12,Die PARTEI,5,927,0.5394
GEMEINDE,15081026,Gemeinde Flecken Apenburg-Winterfeld,Zweitstimmen,F13,Gartenpartei,4,927,0.4315
GEMEINDE,15081026,Gemeinde Flecken Apenburg-Winterfeld,Zweitstimmen,F14,FBM,2,927,0.2157
GEMEINDE,15081026,Gemeinde Flecken Apenburg-Winterfeld,Zweitstimmen,F15,TIERSCHUTZ hier!,5,927,0.5394
GEMEINDE,15081026,Gemeinde Flecken Apenburg-Winterfeld,Zweitstimmen,F16,dieBasis,23,927,2.4811
GEMEINDE,15081026,Gemeinde Flecken Apenburg-Winterfeld,Zweitstimmen,F19,Klimaliste ST,0,927,0.0
GEMEINDE,15081026,Gemeinde Flecken Apenburg-Winterfeld,Zweitstimmen,F21,ÖDP,2,927,0.2157
GEMEINDE,15081026,Gemeinde Flecken Apenburg-Winterfeld,Zweitstimmen,F22,Die Humanisten,1,927,0.1079
GEMEINDE,15081026,Gemeinde Flecken Apenburg-Winterfeld,Zweitstimmen,F23,Gesundheitsforschung,3,927,0.3236
GEMEINDE,15081026,Gemeinde Flecken Apenburg-Winterfeld,Zweitstimmen,F24,PIRATEN,4,927,0.4315
GEMEINDE,15081026,Gemeinde Flecken Apenburg-Winterfeld,Zweitstimmen,F25,WiR2020,1,927,0.1079
GEMEINDE,15081030,Stadt Arendsee (Altmark),Erststimmen,D01,CDU,1189,3451,34.4538
GEMEINDE,15081030,Stadt Arendsee (Altmark),Erststimmen,D02,AfD,626,3451,18.1397
GEMEINDE,15081030,Stadt Arendsee (Altmark),Erststimmen,D03,DIE LINKE,521,3451,15.0971
GEMEINDE,15081030,Stadt Arendsee (Altmark),Erststimmen,D04,SPD,329,3451,9.5335
GEMEINDE,15081030,Stadt Arendsee (Altmark),Erststimmen,D05,GRÜNE,172,3451,4.9841
GEMEINDE,15081030,Stadt Arendsee (Altmark),Erststimmen,D06,FDP,262,3451,7.592
GEMEINDE,15081030,Stadt Arendsee (Altmark),Erststimmen,D07,FREIE WÄHLER,266,3451,7.7079
GEMEINDE,15081030,Stadt Arendsee (Altmark),Erststimmen,D08,NPD,0,3451,0.0
GEMEINDE,15081030,Stadt Arendsee (Altmark),Erststimmen,D09,Tierschutzpartei,0,3451,0.0
GEMEINDE,15081030,Stadt Arendsee (Altmark),Erststimmen,D10,Tierschutzallianz,0,3451,0.0
GEMEINDE,15081030,Stadt Arendsee (Altmark),Erststimmen,D12,Die PARTEI,0,3451,0.0
GEMEINDE,15081030,Stadt Arendsee (Altmark),Erststimmen,D13,Gartenpartei,0,3451,0.0
GEMEINDE,15081030,Stadt Arendsee (Altmark),Erststimmen,D14,FBM,0,3451,0.0
GEMEINDE,15081030,Stadt Arendsee (Altmark),Erststimmen,D16,dieBasis,86,3451,2.492
GEMEINDE,15081030,Stadt Arendsee (Altmark),Erststimmen,D21,ÖDP,0,3451,0.0
GEMEINDE,15081030,Stadt Arendsee (Altmark),Erststimmen,D26,Andere KWV,0,3451,0.0
GEMEINDE,15081030,Stadt Arendsee (Altmark),Erststimmen,D27,Andere KWV,0,3451,0.0
GEMEINDE,15081030,Stadt Arendsee (Altmark),Erststimmen,D28,Andere KWV,0,3451,0.0
GEMEINDE,15081030,Stadt Arendsee (Altmark),Zweitstimmen,F01,CDU,1207,3455,34.9349
GEMEINDE,15081030,Stadt Arendsee (Altmark),Zweitstimmen,F02,AfD,634,3455,18.3502
GEMEINDE,15081030,Stadt Arendsee (Altmark),Zweitstimmen,F03,DIE LINKE,496,3455,14.356
GEMEINDE,15081030,Stadt Arendsee (Altmark),Zweitstimmen,F04,SPD,295,3455,8.5384
GEMEINDE,15081030,Stadt Arendsee (Altmark),Zweitstimmen,F05,GRÜNE,175,3455,5.0651
GEMEINDE,15081030,Stadt Arendsee (Altmark),Zweitstimmen,F06,FDP,205,3455,5.9334
GEMEINDE,15081030,Stadt Arendsee (Altmark),Zweitstimmen,F07,FREIE WÄHLER,223,3455,6.4544
GEMEINDE,15081030,Stadt Arendsee (Altmark),Zweitstimmen,F08,NPD,12,3455,0.3473
GEMEINDE,15081030,Stadt Arendsee (Altmark),Zweitstimmen,F09,Tierschutzpartei,34,3455,0.9841
GEMEINDE,15081030,Stadt Arendsee (Altmark),Zweitstimmen,F10,Tierschutzallianz,10,3455,0.2894
GEMEINDE,15081030,Stadt Arendsee (Altmark),Zweitstimmen,F11,LKR,1,3455,0.0289
GEMEINDE,15081030,Stadt Arendsee (Altmark),Zweitstimmen,F12,Die PARTEI,13,3455,0.3763
GEMEINDE,15081030,Stadt Arendsee (Altmark),Zweitstimmen,F13,Gartenpartei,15,3455,0.4342
GEMEINDE,15081030,Stadt Arendsee (Altmark),Zweitstimmen,F14,FBM,2,3455,0.0579
GEMEINDE,15081030,Stadt Arendsee (Altmark),Zweitstimmen,F15,TIERSCHUTZ hier!,15,3455,0.4342
GEMEINDE,15081030,Stadt Arendsee (Altmark),Zweitstimmen,F16,dieBasis,86,3455,2.4891
GEMEINDE,15081030,Stadt Arendsee (Altmark),Zweitstimmen,F19,Klimaliste ST,7,3455,0.2026
GEMEINDE,15081030,Stadt Arendsee (Altmark),Zweitstimmen,F21,ÖDP,1,3455,0.0289
GEMEINDE,15081030,Stadt Arendsee (Altmark),Zweitstimmen,F22,Die Humanisten,2,3455,0.0579
GEMEINDE,15081030,Stadt Arendsee (Altmark),Zweitstimmen,F23,Gesundheitsforschung,9,3455,0.2605
GEMEINDE,15081030,Stadt Arendsee (Altmark),Zweitstimmen,F24,PIRATEN,10,3455,0.2894
GEMEINDE,15081030,Stadt Arendsee (Altmark),Zweitstimmen,F25,WiR2020,3,3455,0.0868
GEMEINDE,15081045,Gemeinde Beetzendorf,Erststimmen,D01,CDU,578,1524,37.9265
GEMEINDE,15081045,Gemeinde Beetzendorf,Erststimmen,D02,AfD,275,1524,18.0446
GEMEINDE,15081045,Gemeinde Beetzendorf,Erststimmen,D03,DIE LINKE,182,1524,11.9423
GEMEINDE,15081045,Gemeinde Beetzendorf,Erststimmen,D04,SPD,140,1524,9.1864
GEMEINDE,15081045,Gemeinde Beetzendorf,Erststimmen,D05,GRÜNE,112,1524,7.3491
GEMEINDE,15081045,Gemeinde Beetzendorf,Erststimmen,D06,FDP,73,1524,4.79
GEMEINDE,15081045,Gemeinde Beetzendorf,Erststimmen,D07,FREIE WÄHLER,85,1524,5.5774
GEMEINDE,15081045,Gemeinde Beetzendorf,Erststimmen,D08,NPD,0,1524,0.0
GEMEINDE,15081045,Gemeinde Beetzendorf,Erststimmen,D09,Tierschutzpartei,0,1524,0.0
GEMEINDE,15081045,Gemeinde Beetzendorf,Erststimmen,D10,Tierschutzallianz,0,1524,0.0
GEMEINDE,15081045,Gemeinde Beetzendorf,Erststimmen,D12,Die PARTEI,0,1524,0.0
GEMEINDE,15081045,Gemeinde Beetzendorf,Erststimmen,D13,Gartenpartei,0,1524,0.0
GEMEINDE,15081045,Gemeinde Beetzendorf,Erststimmen,D14,FBM,0,1524,0.0
GEMEINDE,15081045,Gemeinde Beetzendorf,Erststimmen,D16,dieBasis,79,1524,5.1837
GEMEINDE,15081045,Gemeinde Beetzendorf,Erststimmen,D21,ÖDP,0,1524,0.0
GEMEINDE,15081045,Gemeinde Beetzendorf,Erststimmen,D26,Andere KWV,0,1524,0.0
GEMEINDE,15081045,Gemeinde Beetzendorf,Erststimmen,D27,Andere KWV,0,1524,0.0
GEMEINDE,15081045,Gemeinde Beetzendorf,Erststimmen,D28,Andere KWV,0,1524,0.0
GEMEINDE,15081045,Gemeinde Beetzendorf,Zweitstimmen,F01,CDU,529,1522,34.7569
GEMEINDE,15081045,Gemeinde Beetzendorf,Zweitstimmen,F02,AfD,270,1522,17.7398
GEMEINDE,15081045,Gemeinde Beetzendorf,Zweitstimmen,F03,DIE LINKE,164,1522,10.7753
GEMEINDE,15081045,Gemeinde Beetzendorf,Zweitstimmen,F04,SPD,129,1522,8.4757
GEMEINDE,15081045,Gemeinde Beetzendorf,Zweitstimmen,F05,GRÜNE,123,1522,8.0815
GEMEINDE,15081045,Gemeinde Beetzendorf,Zweitstimmen,F06,FDP,78,1522,5.1248
GEMEINDE,15081045,Gemeinde Beetzendorf,Zweitstimmen,F07,FREIE WÄHLER,62,1522,4.0736
GEMEINDE,15081045,Gemeinde Beetzendorf,Zweitstimmen,F08,NPD,3,1522,0.1971
GEMEINDE,15081045,Gemeinde Beetzendorf,Zweitstimmen,F09,Tierschutzpartei,19,1522,1.2484
GEMEINDE,15081045,Gemeinde Beetzendorf,Zweitstimmen,F10,Tierschutzallianz,3,1522,0.1971
GEMEINDE,15081045,Gemeinde Beetzendorf,Zweitstimmen,F11,LKR,0,1522,0.0
GEMEINDE,15081045,Gemeinde Beetzendorf,Zweitstimmen,F12,Die PARTEI,13,1522,0.8541
GEMEINDE,15081045,Gemeinde Beetzendorf,Zweitstimmen,F13,Gartenpartei,4,1522,0.2628
GEMEINDE,15081045,Gemeinde Beetzendorf,Zweitstimmen,F14,FBM,1,1522,0.0657
GEMEINDE,15081045,Gemeinde Beetzendorf,Zweitstimmen,F15,TIERSCHUTZ hier!,8,1522,0.5256
GEMEINDE,15081045,Gemeinde Beetzendorf,Zweitstimmen,F16,dieBasis,101,1522,6.636
GEMEINDE,15081045,Gemeinde Beetzendorf,Zweitstimmen,F19,Klimaliste ST,2,1522,0.1314
GEMEINDE,15081045,Gemeinde Beetzendorf,Zweitstimmen,F21,ÖDP,0,1522,0.0
GEMEINDE,15081045,Gemeinde Beetzendorf,Zweitstimmen,F22,Die Humanisten,3,1522,0.1971
GEMEINDE,15081045,Gemeinde Beetzendorf,Zweitstimmen,F23,Gesundheitsforschung,3,1522,0.1971
GEMEINDE,15081045,Gemeinde Beetzendorf,Zweitstimmen,F24,PIRATEN,7,1522,0.4599
GEMEINDE,15081045,Gemeinde Beetzendorf,Zweitstimmen,F25,WiR2020,0,1522,0.0
GEMEINDE,15081095,Gemeinde Dähre,Erststimmen,D01,CDU,281,726,38.7052
GEMEINDE,15081095,Gemeinde Dähre,Erststimmen,D02,AfD,130,726,17.9063
GEMEINDE,15081095,Gemeinde Dähre,Erststimmen,D03,DIE LINKE,78,726,10.7438
GEMEINDE,15081095,Gemeinde Dähre,Erststimmen,D04,SPD,83,726,11.4325
GEMEINDE,15081095,Gemeinde Dähre,Erststimmen,D05,GRÜNE,40,726,5.5096
GEMEINDE,15081095,Gemeinde Dähre,Erststimmen,D06,FDP,36,726,4.9587
GEMEINDE,15081095,Gemeinde Dähre,Erststimmen,D07,FREIE WÄHLER,45,726,6.1983
GEMEINDE,15081095,Gemeinde Dähre,Erststimmen,D08,NPD,0,726,0.0
GEMEINDE,15081095,Gemeinde Dähre,Erststimmen,D09,Tierschutzpartei,0,726,0.0
GEMEINDE,15081095,Gemeinde Dähre,Erststimmen,D10,Tierschutzallianz,0,726,0.0
GEMEINDE,15081095,Gemeinde Dähre,Erststimmen,D12,Die PARTEI,0,726,0.0
GEMEINDE,15081095,Gemeinde Dähre,Erststimmen,D13,Gartenpartei,0,726,0.0
GEMEINDE,15081095,Gemeinde Dähre,Erststimmen,D14,FBM,0,726,0.0
GEMEINDE,15081095,Gemeinde Dähre,Erststimmen,D16,dieBasis,33,726,4.5455
GEMEINDE,15081095,Gemeinde Dähre,Erststimmen,D21,ÖDP,0,726,0.0
GEMEINDE,15081095,Gemeinde Dähre,Erststimmen,D26,Andere KWV,0,726,0.0
GEMEINDE,15081095,Gemeinde Dähre,Erststimmen,D27,Andere KWV,0,726,0.0
GEMEINDE,15081095,Gemeinde Dähre,Erststimmen,D28,Andere KWV,0,726,0.0
GEMEINDE,15081095,Gemeinde Dähre,Zweitstimmen,F01,CDU,287,729,39.369
GEMEINDE,15081095,Gemeinde Dähre,Zweitstimmen,F02,AfD,130,729,17.8326
GEMEINDE,15081095,Gemeinde Dähre,Zweitstimmen,F03,DIE LINKE,67,729,9.1907
GEMEINDE,15081095,Gemeinde Dähre,Zweitstimmen,F04,SPD,69,729,9.465
GEMEINDE,15081095,Gemeinde Dähre,Zweitstimmen,F05,GRÜNE,43,729,5.8985
GEMEINDE,15081095,Gemeinde Dähre,Zweitstimmen,F06,FDP,49,729,6.7215
GEMEINDE,15081095,Gemeinde Dähre,Zweitstimmen,F07,FREIE WÄHLER,22,729,3.0178
GEMEINDE,15081095,Gemeinde Dähre,Zweitstimmen,F08,NPD,1,729,0.1372
GEMEINDE,15081095,Gemeinde Dähre,Zweitstimmen,F09,Tierschutzpartei,6,729,0.823
GEMEINDE,15081095,Gemeinde Dähre,Zweitstimmen,F10,Tierschutzallianz,7,729,0.9602
GEMEINDE,15081095,Gemeinde Dähre,Zweitstimmen,F11,LKR,0,729,0.0
GEMEINDE,15081095,Gemeinde Dähre,Zweitstimmen,F12,Die PARTEI,7,729,0.9602
GEMEINDE,15081095,Gemeinde Dähre,Zweitstimmen,F13,Gartenpartei,5,729,0.6859
GEMEINDE,15081095,Gemeinde Dähre,Zweitstimmen,F14,FBM,0,729,0.0
GEMEINDE,15081095,Gemeinde Dähre,Zweitstimmen,F15,TIERSCHUTZ hier!,4,729,0.5487
GEMEINDE,15081095,Gemeinde Dähre,Zweitstimmen,F16,dieBasis,29,729,3.9781
GEMEINDE,15081095,Gemeinde Dähre,Zweitstimmen,F19,Klimaliste ST,0,729,0.0
GEMEINDE,15081095,Gemeinde Dähre,Zweitstimmen,F21,ÖDP,0,729,0.0
GEMEINDE,15081095,Gemeinde Dähre,Zweitstimmen,F22,Die Humanisten,0,729,0.0
GEMEINDE,15081095,Gemeinde Dähre,Zweitstimmen,F23,Gesundheitsforschung,1,729,0.1372
GEMEINDE,15081095,Gemeinde Dähre,Zweitstimmen,F24,PIRATEN,1,729,0.1372
GEMEINDE,15081095,Gemeinde Dähre,Zweitstimmen,F25,WiR2020,1,729,0.1372
GEMEINDE,15081105,Gemeinde Flecken Diesdorf,Erststimmen,D01,CDU,476,1097,43.3911
GEMEINDE,15081105,Gemeinde Flecken Diesdorf,Erststimmen,D02,AfD,186,1097,16.9553
GEMEINDE,15081105,Gemeinde Flecken Diesdorf,Erststimmen,D03,DIE LINKE,115,1097,10.4831
GEMEINDE,15081105,Gemeinde Flecken Diesdorf,Erststimmen,D04,SPD,134,1097,12.2151
GEMEINDE,15081105,Gemeinde Flecken Diesdorf,Erststimmen,D05,GRÜNE,48,1097,4.3756
GEMEINDE,15081105,Gemeinde Flecken Diesdorf,Erststimmen,D06,FDP,59,1097,5.3783
GEMEINDE,15081105,Gemeinde Flecken Diesdorf,Erststimmen,D07,FREIE WÄHLER,47,1097,4.2844
GEMEINDE,15081105,Gemeinde Flecken Diesdorf,Erststimmen,D08,NPD,0,1097,0.0
GEMEINDE,15081105,Gemeinde Flecken Diesdorf,Erststimmen,D09,Tierschutzpartei,0,1097,0.0
GEMEINDE,15081105,Gemeinde Flecken Diesdorf,Erststimmen,D10,Tierschutzallianz,0,1097,0.0
GEMEINDE,15081105,Gemeinde Flecken Diesdorf,Erststimmen,D12,Die PARTEI,0,1097,0.0
GEMEINDE,15081105,Gemeinde Flecken Diesdorf,Erststimmen,D13,Gartenpartei,0,1097,0.0
GEMEINDE,15081105,Gemeinde Flecken Diesdorf,Erststimmen,D14,FBM,0,1097,0.0
GEMEINDE,15081105,Gemeinde Flecken Diesdorf,Erststimmen,D16,dieBasis,32,1097,2.917
GEMEINDE,15081105,Gemeinde Flecken Diesdorf,Erststimmen,D21,ÖDP,0,1097,0.0
GEMEINDE,15081105,Gemeinde Flecken Diesdorf,Erststimmen,D26,Andere KWV,0,1097,0.0
GEMEINDE,15081105,Gemeinde Flecken Diesdorf,Erststimmen,D27,Andere KWV,0,1097,0.0
GEMEINDE,15081105,Gemeinde Flecken Diesdorf,Erststimmen,D28,Andere KWV,0,1097,0.0
GEMEINDE,15081105,Gemeinde Flecken Diesdorf,Zweitstimmen,F01,CDU,437,1097,39.8359
GEMEINDE,15081105,Gemeinde Flecken Diesdorf,Zweitstimmen,F02,AfD,199,1097,18.1404
GEMEINDE,15081105,Gemeinde Flecken Diesdorf,Zweitstimmen,F03,DIE LINKE,104,1097,9.4804
GEMEINDE,15081105,Gemeinde Flecken Diesdorf,Zweitstimmen,F04,SPD,118,1097,10.7566
GEMEINDE,15081105,Gemeinde Flecken Diesdorf,Zweitstimmen,F05,GRÜNE,67,1097,6.1076
GEMEINDE,15081105,Gemeinde Flecken Diesdorf,Zweitstimmen,F06,FDP,60,1097,5.4695
GEMEINDE,15081105,Gemeinde Flecken Diesdorf,Zweitstimmen,F07,FREIE WÄHLER,28,1097,2.5524
GEMEINDE,15081105,Gemeinde Flecken Diesdorf,Zweitstimmen,F08,NPD,1,1097,0.0912
GEMEINDE,15081105,Gemeinde Flecken Diesdorf,Zweitstimmen,F09,Tierschutzpartei,20,1097,1.8232
GEMEINDE,15081105,Gemeinde Flecken Diesdorf,Zweitstimmen,F10,Tierschutzallianz,5,1097,0.4558
GEMEINDE,15081105,Gemeinde Flecken Diesdorf,Zweitstimmen,F11,LKR,1,1097,0.0912
GEMEINDE,15081105,Gemeinde Flecken Diesdorf,Zweitstimmen,F12,Die PARTEI,6,1097,0.5469
GEMEINDE,15081105,Gemeinde Flecken Diesdorf,Zweitstimmen,F13,Gartenpartei,7,1097,0.6381
GEMEINDE,15081105,Gemeinde Flecken Diesdorf,Zweitstimmen,F14,FBM,0,1097,0.0
GEMEINDE,15081105,Gemeinde Flecken Diesdorf,Zweitstimmen,F15,TIERSCHUTZ hier!,3,1097,0.2735
GEMEINDE,15081105,Gemeinde Flecken Diesdorf,Zweitstimmen,F16,dieBasis,29,1097,2.6436
GEMEINDE,15081105,Gemeinde Flecken Diesdorf,Zweitstimmen,F19,Klimaliste ST,2,1097,0.1823
GEMEINDE,15081105,Gemeinde Flecken Diesdorf,Zweitstimmen,F21,ÖDP,1,1097,0.0912
GEMEINDE,15081105,Gemeinde Flecken Diesdorf,Zweitstimmen,F22,Die Humanisten,0,1097,0.0
GEMEINDE,15081105,Gemeinde Flecken Diesdorf,Zweitstimmen,F23,Gesundheitsforschung,5,1097,0.4558
GEMEINDE,15081105,Gemeinde Flecken Diesdorf,Zweitstimmen,F24,PIRATEN,3,1097,0.2735
GEMEINDE,15081105,Gemeinde Flecken Diesdorf,Zweitstimmen,F25,WiR2020,1,1097,0.0912
GEMEINDE,15081135,Hansestadt Gardelegen,Erststimmen,D01,CDU,3963,11086,35.7478
GEMEINDE,15081135,Hansestadt Gardelegen,Erststimmen,D02,AfD,2159,11086,19.475
GEMEINDE,15081135,Hansestadt Gardelegen,Erststimmen,D03,DIE LINKE,1210,11086,10.9147
GEMEINDE,15081135,Hansestadt Gardelegen,Erststimmen,D04,SPD,1861,11086,16.7869
GEMEINDE,15081135,Hansestadt Gardelegen,Erststimmen,D05,GRÜNE,397,11086,3.5811
GEMEINDE,15081135,Hansestadt Gardelegen,Erststimmen,D06,FDP,528,11086,4.7628
GEMEINDE,15081135,Hansestadt Gardelegen,Erststimmen,D07,FREIE WÄHLER,748,11086,6.7472
GEMEINDE,15081135,Hansestadt Gardelegen,Erststimmen,D08,NPD,0,11086,0.0
GEMEINDE,15081135,Hansestadt Gardelegen,Erststimmen,D09,Tierschutzpartei,0,11086,0.0
GEMEINDE,15081135,Hansestadt Gardelegen,Erststimmen,D10,Tierschutzallianz,0,11086,0.0
GEMEINDE,15081135,Hansestadt Gardelegen,Erststimmen,D12,Die PARTEI,0,11086,0.0
GEMEINDE,15081135,Hansestadt Gardelegen,Erststimmen,D13,Gartenpartei,0,11086,0.0
GEMEINDE,15081135,Hansestadt Gardelegen,Erststimmen,D14,FBM,0,11086,0.0
GEMEINDE,15081135,Hansestadt Gardelegen,Erststimmen,D16,dieBasis,169,11086,1.5244
GEMEINDE,15081135,Hansestadt Gardelegen,Erststimmen,D21,ÖDP,0,11086,0.0
GEMEINDE,15081135,Hansestadt Gardelegen,Erststimmen,D26,Andere KWV,51,11086,0.46
GEMEINDE,15081135,Hansestadt Gardelegen,Erststimmen,D27,Andere KWV,0,11086,0.0
GEMEINDE,15081135,Hansestadt Gardelegen,Erststimmen,D28,Andere KWV,0,11086,0.0
GEMEINDE,15081135,Hansestadt Gardelegen,Zweitstimmen,F01,CDU,4219,11083,38.0673
GEMEINDE,15081135,Hansestadt Gardelegen,Zweitstimmen,F02,AfD,2119,11083,19.1194
GEMEINDE,15081135,Hansestadt Gardelegen,Zweitstimmen,F03,DIE LINKE,1177,11083,10.6199
GEMEINDE,15081135,Hansestadt Gardelegen,Zweitstimmen,F04,SPD,1236,11083,11.1522
GEMEINDE,15081135,Hansestadt Gardelegen,Zweitstimmen,F05,GRÜNE,419,11083,3.7806
GEMEINDE,15081135,Hansestadt Gardelegen,Zweitstimmen,F06,FDP,687,11083,6.1987
GEMEINDE,15081135,Hansestadt Gardelegen,Zweitstimmen,F07,FREIE WÄHLER,388,11083,3.5009
GEMEINDE,15081135,Hansestadt Gardelegen,Zweitstimmen,F08,NPD,23,11083,0.2075
GEMEINDE,15081135,Hansestadt Gardelegen,Zweitstimmen,F09,Tierschutzpartei,163,11083,1.4707
GEMEINDE,15081135,Hansestadt Gardelegen,Zweitstimmen,F10,Tierschutzallianz,26,11083,0.2346
GEMEINDE,15081135,Hansestadt Gardelegen,Zweitstimmen,F11,LKR,5,11083,0.0451
GEMEINDE,15081135,Hansestadt Gardelegen,Zweitstimmen,F12,Die PARTEI,89,11083,0.803
GEMEINDE,15081135,Hansestadt Gardelegen,Zweitstimmen,F13,Gartenpartei,87,11083,0.785
GEMEINDE,15081135,Hansestadt Gardelegen,Zweitstimmen,F14,FBM,9,11083,0.0812
GEMEINDE,15081135,Hansestadt Gardelegen,Zweitstimmen,F15,TIERSCHUTZ hier!,89,11083,0.803
GEMEINDE,15081135,Hansestadt Gardelegen,Zweitstimmen,F16,dieBasis,166,11083,1.4978
GEMEINDE,15081135,Hansestadt Gardelegen,Zweitstimmen,F19,Klimaliste ST,9,11083,0.0812
GEMEINDE,15081135,Hansestadt Gardelegen,Zweitstimmen,F21,ÖDP,22,11083,0.1985
GEMEINDE,15081135,Hansestadt Gardelegen,Zweitstimmen,F22,Die Humanisten,15,11083,0.1353
GEMEINDE,15081135,Hansestadt Gardelegen,Zweitstimmen,F23,Gesundheitsforschung,63,11083,0.5684
GEMEINDE,15081135,Hansestadt Gardelegen,Zweitstimmen,F24,PIRATEN,46,11083,0.4151
GEMEINDE,15081135,Hansestadt Gardelegen,Zweitstimmen,F25,WiR2020,26,11083,0.2346
GEMEINDE,15081225,Gemeinde Jübar,Erststimmen,D01,CDU,524,934,56.1028
GEMEINDE,15081225,Gemeinde Jübar,Erststimmen,D02,AfD,134,934,14.3469
GEMEINDE,15081225,Gemeinde Jübar,Erststimmen,D03,DIE LINKE,67,934,7.1734
GEMEINDE,15081225,Gemeinde Jübar,Erststimmen,D04,SPD,87,934,9.3148
GEMEINDE,15081225,Gemeinde Jübar,Erststimmen,D05,GRÜNE,19,934,2.0343
GEMEINDE,15081225,Gemeinde Jübar,Erststimmen,D06,FDP,51,934,5.4604
GEMEINDE,15081225,Gemeinde Jübar,Erststimmen,D07,FREIE WÄHLER,41,934,4.3897
GEMEINDE,15081225,Gemeinde Jübar,Erststimmen,D08,NPD,0,934,0.0
GEMEINDE,15081225,Gemeinde Jübar,Erststimmen,D09,Tierschutzpartei,0,934,0.0
GEMEINDE,15081225,Gemeinde Jübar,Erststimmen,D10,Tierschutzallianz,0,934,0.0
GEMEINDE,15081225,Gemeinde Jübar,Erststimmen,D12,Die PARTEI,0,934,0.0
GEMEINDE,15081225,Gemeinde Jübar,Erststimmen,D13,Gartenpartei,0,934,0.0
GEMEINDE,15081225,Gemeinde Jübar,Erststimmen,D14,FBM,0,934,0.0
GEMEINDE,15081225,Gemeinde Jübar,Erststimmen,D16,dieBasis,11,934,1.1777
GEMEINDE,15081225,Gemeinde Jübar,Erststimmen,D21,ÖDP,0,934,0.0
GEMEINDE,15081225,Gemeinde Jübar,Erststimmen,D26,Andere KWV,0,934,0.0
GEMEINDE,15081225,Gemeinde Jübar,Erststimmen,D27,Andere KWV,0,934,0.0
GEMEINDE,15081225,Gemeinde Jübar,Erststimmen,D28,Andere KWV,0,934,0.0
GEMEINDE,15081225,Gemeinde Jübar,Zweitstimmen,F01,CDU,393,933,42.1222
GEMEINDE,15081225,Gemeinde Jübar,Zweitstimmen,F02,AfD,175,933,18.7567
GEMEINDE,15081225,Gemeinde Jübar,Zweitstimmen,F03,DIE LINKE,82,933,8.7889
GEMEINDE,15081225,Gemeinde Jübar,Zweitstimmen,F04,SPD,88,933,9.4319
GEMEINDE,15081225,Gemeinde Jübar,Zweitstimmen,F05,GRÜNE,42,933,4.5016
GEMEINDE,15081225,Gemeinde Jübar,Zweitstimmen,F06,FDP,61,933,6.538
GEMEINDE,15081225,Gemeinde Jübar,Zweitstimmen,F07,FREIE WÄHLER,23,933,2.4652
GEMEINDE,15081225,Gemeinde Jübar,Zweitstimmen,F08,NPD,3,933,0.3215
GEMEINDE,15081225,Gemeinde Jübar,Zweitstimmen,F09,Tierschutzpartei,12,933,1.2862
GEMEINDE,15081225,Gemeinde Jübar,Zweitstimmen,F10,Tierschutzallianz,3,933,0.3215
GEMEINDE,15081225,Gemeinde Jübar,Zweitstimmen,F11,LKR,0,933,0.0
GEMEINDE,15081225,Gemeinde Jübar,Zweitstimmen,F12,Die PARTEI,6,933,0.6431
GEMEINDE,15081225,Gemeinde Jübar,Zweitstimmen,F13,Gartenpartei,5,933,0.5359
GEMEINDE,15081225,Gemeinde Jübar,Zweitstimmen,F14,FBM,1,933,0.1072
GEMEINDE,15081225,Gemeinde Jübar,Zweitstimmen,F15,TIERSCHUTZ hier!,13,933,1.3934
GEMEINDE,15081225,Gemeinde Jübar,Zweitstimmen,F16,dieBasis,21,933,2.2508
GEMEINDE,15081225,Gemeinde Jübar,Zweitstimmen,F19,Klimaliste ST,0,933,0.0
GEMEINDE,15081225,Gemeinde Jübar,Zweitstimmen,F21,ÖDP,0,933,0.0
GEMEINDE,15081225,Gemeinde Jübar,Zweitstimmen,F22,Die Humanisten,0,933,0.0
GEMEINDE,15081225,Gemeinde Jübar,Zweitstimmen,F23,Gesundheitsforschung,2,933,0.2144
GEMEINDE,15081225,Gemeinde Jübar,Zweitstimmen,F24,PIRATEN,3,933,0.3215
GEMEINDE,15081225,Gemeinde Jübar,Zweitstimmen,F25,WiR2020,0,933,0.0
GEMEINDE,15081240,Stadt Kalbe (Milde),Erststimmen,D01,CDU,1392,3739,37.2292
GEMEINDE,15081240,Stadt Kalbe (Milde),Erststimmen,D02,AfD,751,3739,20.0856
GEMEINDE,15081240,Stadt Kalbe (Milde),Erststimmen,D03,DIE LINKE,535,3739,14.3086
GEMEINDE,15081240,Stadt Kalbe (Milde),Erststimmen,D04,SPD,381,3739,10.1899
GEMEINDE,15081240,Stadt Kalbe (Milde),Erststimmen,D05,GRÜNE,215,3739,5.7502
GEMEINDE,15081240,Stadt Kalbe (Milde),Erststimmen,D06,FDP,181,3739,4.8409
GEMEINDE,15081240,Stadt Kalbe (Milde),Erststimmen,D07,FREIE WÄHLER,182,3739,4.8676
GEMEINDE,15081240,Stadt Kalbe (Milde),Erststimmen,D08,NPD,0,3739,0.0
GEMEINDE,15081240,Stadt Kalbe (Milde),Erststimmen,D09,Tierschutzpartei,0,3739,0.0
GEMEINDE,15081240,Stadt Kalbe (Milde),Erststimmen,D10,Tierschutzallianz,0,3739,0.0
GEMEINDE,15081240,Stadt Kalbe (Milde),Erststimmen,D12,Die PARTEI,0,3739,0.0
GEMEINDE,15081240,Stadt Kalbe (Milde),Erststimmen,D13,Gartenpartei,0,3739,0.0
GEMEINDE,15081240,Stadt Kalbe (Milde),Erststimmen,D14,FBM,0,3739,0.0
GEMEINDE,15081240,Stadt Kalbe (Milde),Erststimmen,D16,dieBasis,61,3739,1.6315
GEMEINDE,15081240,Stadt Kalbe (Milde),Erststimmen,D21,ÖDP,0,3739,0.0
GEMEINDE,15081240,Stadt Kalbe (Milde),Erststimmen,D26,Andere KWV,41,3739,1.0965
GEMEINDE,15081240,Stadt Kalbe (Milde),Erststimmen,D27,Andere KWV,0,3739,0.0
GEMEINDE,15081240,Stadt Kalbe (Milde),Erststimmen,D28,Andere KWV,0,3739,0.0
GEMEINDE,15081240,Stadt Kalbe (Milde),Zweitstimmen,F01,CDU,1490,3736,39.8822
GEMEINDE,15081240,Stadt Kalbe (Milde),Zweitstimmen,F02,AfD,720,3736,19.2719
GEMEINDE,15081240,Stadt Kalbe (Milde),Zweitstimmen,F03,DIE LINKE,468,3736,12.5268
GEMEINDE,15081240,Stadt Kalbe (Milde),Zweitstimmen,F04,SPD,301,3736,8.0567
GEMEINDE,15081240,Stadt Kalbe (Milde),Zweitstimmen,F05,GRÜNE,169,3736,4.5236
GEMEINDE,15081240,Stadt Kalbe (Milde),Zweitstimmen,F06,FDP,203,3736,5.4336
GEMEINDE,15081240,Stadt Kalbe (Milde),Zweitstimmen,F07,FREIE WÄHLER,135,3736,3.6135
GEMEINDE,15081240,Stadt Kalbe (Milde),Zweitstimmen,F08,NPD,7,3736,0.1874
GEMEINDE,15081240,Stadt Kalbe (Milde),Zweitstimmen,F09,Tierschutzpartei,46,3736,1.2313
GEMEINDE,15081240,Stadt Kalbe (Milde),Zweitstimmen,F10,Tierschutzallianz,7,3736,0.1874
GEMEINDE,15081240,Stadt Kalbe (Milde),Zweitstimmen,F11,LKR,1,3736,0.0268
GEMEINDE,15081240,Stadt Kalbe (Milde),Zweitstimmen,F12,Die PARTEI,33,3736,0.8833
GEMEINDE,15081240,Stadt Kalbe (Milde),Zweitstimmen,F13,Gartenpartei,25,3736,0.6692
GEMEINDE,15081240,Stadt Kalbe (Milde),Zweitstimmen,F14,FBM,1,3736,0.0268
GEMEINDE,15081240,Stadt Kalbe (Milde),Zweitstimmen,F15,TIERSCHUTZ hier!,13,3736,0.348
GEMEINDE,15081240,Stadt Kalbe (Milde),Zweitstimmen,F16,dieBasis,58,3736,1.5525
GEMEINDE,15081240,Stadt Kalbe (Milde),Zweitstimmen,F19,Klimaliste ST,9,3736,0.2409
GEMEINDE,15081240,Stadt Kalbe (Milde),Zweitstimmen,F21,ÖDP,4,3736,0.1071
GEMEINDE,15081240,Stadt Kalbe (Milde),Zweitstimmen,F22,Die Humanisten,3,3736,0.0803
GEMEINDE,15081240,Stadt Kalbe (Milde),Zweitstimmen,F23,Gesundheitsforschung,20,3736,0.5353
GEMEINDE,15081240,Stadt Kalbe (Milde),Zweitstimmen,F24,PIRATEN,17,3736,0.455
GEMEINDE,15081240,Stadt Kalbe (Milde),Zweitstimmen,F25,WiR2020,6,3736,0.1606
GEMEINDE,15081280,Stadt Klötze,Erststimmen,D01,CDU,2063,5325,38.7418
GEMEINDE,15081280,Stadt Klötze,Erststimmen,D02,AfD,1050,5325,19.7183
GEMEINDE,15081280,Stadt Klötze,Erststimmen,D03,DIE LINKE,624,5325,11.7183
GEMEINDE,15081280,Stadt Klötze,Erststimmen,D04,SPD,673,5325,12.6385
GEMEINDE,15081280,Stadt Klötze,Erststimmen,D05,GRÜNE,206,5325,3.8685
GEMEINDE,15081280,Stadt Klötze,Erststimmen,D06,FDP,275,5325,5.1643
GEMEINDE,15081280,Stadt Klötze,Erststimmen,D07,FREIE WÄHLER,292,5325,5.4836
GEMEINDE,15081280,Stadt Klötze,Erststimmen,D08,NPD,0,5325,0.0
GEMEINDE,15081280,Stadt Klötze,Erststimmen,D09,Tierschutzpartei,0,5325,0.0
GEMEINDE,15081280,Stadt Klötze,Erststimmen,D10,Tierschutzallianz,0,5325,0.0
GEMEINDE,15081280,Stadt Klötze,Erststimmen,D12,Die PARTEI,0,5325,0.0
GEMEINDE,15081280,Stadt Klötze,Erststimmen,D13,Gartenpartei,0,5325,0.0
GEMEINDE,15081280,Stadt Klötze,Erststimmen,D14,FBM,0,5325,0.0
GEMEINDE,15081280,Stadt Klötze,Erststimmen,D16,dieBasis,126,5325,2.3662
GEMEINDE,15081280,Stadt Klötze,Erststimmen,D21,ÖDP,0,5325,0.0
GEMEINDE,15081280,Stadt Klötze,Erststimmen,D26,Andere KWV,16,5325,0.3005
GEMEINDE,15081280,Stadt Klötze,Erststimmen,D27,Andere KWV,0,5325,0.0
GEMEINDE,15081280,Stadt Klötze,Erststimmen,D28,Andere KWV,0,5325,0.0
GEMEINDE,15081280,Stadt Klötze,Zweitstimmen,F01,CDU,2151,5324,40.402
GEMEINDE,15081280,Stadt Klötze,Zweitstimmen,F02,AfD,939,5324,17.6371
GEMEINDE,15081280,Stadt Klötze,Zweitstimmen,F03,DIE LINKE,561,5324,10.5372
GEMEINDE,15081280,Stadt Klötze,Zweitstimmen,F04,SPD,556,5324,10.4433
GEMEINDE,15081280,Stadt Klötze,Zweitstimmen,F05,GRÜNE,213,5324,4.0008
GEMEINDE,15081280,Stadt Klötze,Zweitstimmen,F06,FDP,352,5324,6.6116
GEMEINDE,15081280,Stadt Klötze,Zweitstimmen,F07,FREIE WÄHLER,203,5324,3.8129
GEMEINDE,15081280,Stadt Klötze,Zweitstimmen,F08,NPD,26,5324,0.4884
GEMEINDE,15081280,Stadt Klötze,Zweitstimmen,F09,Tierschutzpartei,62,5324,1.1645
GEMEINDE,15081280,Stadt Klötze,Zweitstimmen,F10,Tierschutzallianz,10,5324,0.1878
GEMEINDE,15081280,Stadt Klötze,Zweitstimmen,F11,LKR,2,5324,0.0376
GEMEINDE,15081280,Stadt Klötze,Zweitstimmen,F12,Die PARTEI,37,5324,0.695
GEMEINDE,15081280,Stadt Klötze,Zweitstimmen,F13,Gartenpartei,27,5324,0.5071
GEMEINDE,15081280,Stadt Klötze,Zweitstimmen,F14,FBM,1,5324,0.0188
GEMEINDE,15081280,Stadt Klötze,Zweitstimmen,F15,TIERSCHUTZ hier!,22,5324,0.4132
GEMEINDE,15081280,Stadt Klötze,Zweitstimmen,F16,dieBasis,95,5324,1.7844
GEMEINDE,15081280,Stadt Klötze,Zweitstimmen,F19,Klimaliste ST,3,5324,0.0563
GEMEINDE,15081280,Stadt Klötze,Zweitstimmen,F21,ÖDP,5,5324,0.0939
GEMEINDE,15081280,Stadt Klötze,Zweitstimmen,F22,Die Humanisten,4,5324,0.0751
GEMEINDE,15081280,Stadt Klötze,Zweitstimmen,F23,Gesundheitsforschung,21,5324,0.3944
GEMEINDE,15081280,Stadt Klötze,Zweitstimmen,F24,PIRATEN,23,5324,0.432
GEMEINDE,15081280,Stadt Klötze,Zweitstimmen,F25,WiR2020,11,5324,0.2066
GEMEINDE,15081290,Gemeinde Kuhfelde,Erststimmen,D01,CDU,237,566,41.8728
GEMEINDE,15081290,Gemeinde Kuhfelde,Erststimmen,D02,AfD,108,566,19.0813
GEMEINDE,15081290,Gemeinde Kuhfelde,Erststimmen,D03,DIE LINKE,61,566,10.7774
GEMEINDE,15081290,Gemeinde Kuhfelde,Erststimmen,D04,SPD,44,566,7.7739
GEMEINDE,15081290,Gemeinde Kuhfelde,Erststimmen,D05,GRÜNE,21,566,3.7102
GEMEINDE,15081290,Gemeinde Kuhfelde,Erststimmen,D06,FDP,40,566,7.0671
GEMEINDE,15081290,Gemeinde Kuhfelde,Erststimmen,D07,FREIE WÄHLER,47,566,8.3039
GEMEINDE,15081290,Gemeinde Kuhfelde,Erststimmen,D08,NPD,0,566,0.0
GEMEINDE,15081290,Gemeinde Kuhfelde,Erststimmen,D09,Tierschutzpartei,0,566,0.0
GEMEINDE,15081290,Gemeinde Kuhfelde,Erststimmen,D10,Tierschutzallianz,0,566,0.0
GEMEINDE,15081290,Gemeinde Kuhfelde,Erststimmen,D12,Die PARTEI,0,566,0.0
GEMEINDE,15081290,Gemeinde Kuhfelde,Erststimmen,D13,Gartenpartei,0,566,0.0
GEMEINDE,15081290,Gemeinde Kuhfelde,Erststimmen,D14,FBM,0,566,0.0
GEMEINDE,15081290,Gemeinde Kuhfelde,Erststimmen,D16,dieBasis,8,566,1.4134
GEMEINDE,15081290,Gemeinde Kuhfelde,Erststimmen,D21,ÖDP,0,566,0.0
GEMEINDE,15081290,Gemeinde Kuhfelde,Erststimmen,D26,Andere KWV,0,566,0.0
GEMEINDE,15081290,Gemeinde Kuhfelde,Erststimmen,D27,Andere KWV,0,566,0.0
GEMEINDE,15081290,Gemeinde Kuhfelde,Erststimmen,D28,Andere KWV,0,566,0.0
GEMEINDE,15081290,Gemeinde Kuhfelde,Zweitstimmen,F01,CDU,234,566,41.3428
GEMEINDE,15081290,Gemeinde Kuhfelde,Zweitstimmen,F02,AfD,95,566,16.7845
GEMEINDE,15081290,Gemeinde Kuhfelde,Zweitstimmen,F03,DIE LINKE,62,566,10.9541
GEMEINDE,15081290,Gemeinde Kuhfelde,Zweitstimmen,F04,SPD,37,566,6.5371
GEMEINDE,15081290,Gemeinde Kuhfelde,Zweitstimmen,F05,GRÜNE,31,566,5.477
GEMEINDE,15081290,Gemeinde Kuhfelde,Zweitstimmen,F06,FDP,40,566,7.0671
GEMEINDE,15081290,Gemeinde Kuhfelde,Zweitstimmen,F07,FREIE WÄHLER,20,566,3.5336
GEMEINDE,15081290,Gemeinde Kuhfelde,Zweitstimmen,F08,NPD,1,566,0.1767
GEMEINDE,15081290,Gemeinde Kuhfelde,Zweitstimmen,F09,Tierschutzpartei,10,566,1.7668
GEMEINDE,15081290,Gemeinde Kuhfelde,Zweitstimmen,F10,Tierschutzallianz,0,566,0.0
GEMEINDE,15081290,Gemeinde Kuhfelde,Zweitstimmen,F11,LKR,7,566,1.2367
GEMEINDE,15081290,Gemeinde Kuhfelde,Zweitstimmen,F12,Die PARTEI,3,566,0.53
GEMEINDE,15081290,Gemeinde Kuhfelde,Zweitstimmen,F13,Gartenpartei,5,566,0.8834
GEMEINDE,15081290,Gemeinde Kuhfelde,Zweitstimmen,F14,FBM,1,566,0.1767
GEMEINDE,15081290,Gemeinde Kuhfelde,Zweitstimmen,F15,TIERSCHUTZ hier!,4,566,0.7067
GEMEINDE,15081290,Gemeinde Kuhfelde,Zweitstimmen,F16,dieBasis,12,566,2.1201
GEMEINDE,15081290,Gemeinde Kuhfelde,Zweitstimmen,F19,Klimaliste ST,1,566,0.1767
GEMEINDE,15081290,Gemeinde Kuhfelde,Zweitstimmen,F21,ÖDP,0,566,0.0
GEMEINDE,15081290,Gemeinde Kuhfelde,Zweitstimmen,F22,Die Humanisten,0,566,0.0
GEMEINDE,15081290,Gemeinde Kuhfelde,Zweitstimmen,F23,Gesundheitsforschung,1,566,0.1767
GEMEINDE,15081290,Gemeinde Kuhfelde,Zweitstimmen,F24,PIRATEN,1,566,0.1767
GEMEINDE,15081290,Gemeinde Kuhfelde,Zweitstimmen,F25,WiR2020,1,566,0.1767
GEMEINDE,15081440,Gemeinde Rohrberg,Erststimmen,D01,CDU,233,576,40.4514
GEMEINDE,15081440,Gemeinde Rohrberg,Erststimmen,D02,AfD,135,576,23.4375
GEMEINDE,15081440,Gemeinde Rohrberg,Erststimmen,D03,DIE LINKE,49,576,8.5069
GEMEINDE,15081440,Gemeinde Rohrberg,Erststimmen,D04,SPD,71,576,12.3264
GEMEINDE,15081440,Gemeinde Rohrberg,Erststimmen,D05,GRÜNE,26,576,4.5139
GEMEINDE,15081440,Gemeinde Rohrberg,Erststimmen,D06,FDP,17,576,2.9514
GEMEINDE,15081440,Gemeinde Rohrberg,Erststimmen,D07,FREIE WÄHLER,32,576,5.5556
GEMEINDE,15081440,Gemeinde Rohrberg,Erststimmen,D08,NPD,0,576,0.0
GEMEINDE,15081440,Gemeinde Rohrberg,Erststimmen,D09,Tierschutzpartei,0,576,0.0
GEMEINDE,15081440,Gemeinde Rohrberg,Erststimmen,D10,Tierschutzallianz,0,576,0.0
GEMEINDE,15081440,Gemeinde Rohrberg,Erststimmen,D12,Die PARTEI,0,576,0.0
GEMEINDE,15081440,Gemeinde Rohrberg,Erststimmen,D13,Gartenpartei,0,576,0.0
GEMEINDE,15081440,Gemeinde Rohrberg,Erststimmen,D14,FBM,0,576,0.0
GEMEINDE,15081440,Gemeinde Rohrberg,Erststimmen,D16,dieBasis,13,576,2.2569
GEMEINDE,15081440,Gemeinde Rohrberg,Erststimmen,D21,ÖDP,0,576,0.0
GEMEINDE,15081440,Gemeinde Rohrberg,Erststimmen,D26,Andere KWV,0,576,0.0
GEMEINDE,15081440,Gemeinde Rohrberg,Erststimmen,D27,Andere KWV,0,576,0.0
GEMEINDE,15081440,Gemeinde Rohrberg,Erststimmen,D28,Andere KWV,0,576,0.0
GEMEINDE,15081440,Gemeinde Rohrberg,Zweitstimmen,F01,CDU,192,576,33.3333
GEMEINDE,15081440,Gemeinde Rohrberg,Zweitstimmen,F02,AfD,138,576,23.9583
GEMEINDE,15081440,Gemeinde Rohrberg,Zweitstimmen,F03,DIE LINKE,59,576,10.2431
GEMEINDE,15081440,Gemeinde Rohrberg,Zweitstimmen,F04,SPD,63,576,10.9375
GEMEINDE,15081440,Gemeinde Rohrberg,Zweitstimmen,F05,GRÜNE,27,576,4.6875
GEMEINDE,15081440,Gemeinde Rohrberg,Zweitstimmen,F06,FDP,27,576,4.6875
GEMEINDE,15081440,Gemeinde Rohrberg,Zweitstimmen,F07,FREIE WÄHLER,25,576,4.3403
GEMEINDE,15081440,Gemeinde Rohrberg,Zweitstimmen,F08,NPD,2,576,0.3472
GEMEINDE,15081440,Gemeinde Rohrberg,Zweitstimmen,F09,Tierschutzpartei,6,576,1.0417
GEMEINDE,15081440,Gemeinde Rohrberg,Zweitstimmen,F10,Tierschutzallianz,2,576,0.3472
GEMEINDE,15081440,Gemeinde Rohrberg,Zweitstimmen,F11,LKR,0,576,0.0
GEMEINDE,15081440,Gemeinde Rohrberg,Zweitstimmen,F12,Die PARTEI,1,576,0.1736
GEMEINDE,15081440,Gemeinde Rohrberg,Zweitstimmen,F13,Gartenpartei,1,576,0.1736
GEMEINDE,15081440,Gemeinde Rohrberg,Zweitstimmen,F14,FBM,0,576,0.0
GEMEINDE,15081440,Gemeinde Rohrberg,Zweitstimmen,F15,TIERSCHUTZ hier!,5,576,0.8681
GEMEINDE,15081440,Gemeinde Rohrberg,Zweitstimmen,F16,dieBasis,20,576,3.4722
GEMEINDE,15081440,Gemeinde Rohrberg,Zweitstimmen,F19,Klimaliste ST,0,576,0.0
GEMEINDE,15081440,Gemeinde Rohrberg,Zweitstimmen,F21,ÖDP,1,576,0.1736
GEMEINDE,15081440,Gemeinde Rohrberg,Zweitstimmen,F22,Die Humanisten,0,576,0.0
GEMEINDE,15081440,Gemeinde Rohrberg,Zweitstimmen,F23,Gesundheitsforschung,4,576,0.6944
GEMEINDE,15081440,Gemeinde Rohrberg,Zweitstimmen,F24,PIRATEN,3,576,0.5208
GEMEINDE,15081440,Gemeinde Rohrberg,Zweitstimmen,F25,WiR2020,0,576,0.0
GEMEINDE,15081455,Hansestadt Salzwedel,Erststimmen,D01,CDU,3624,10922,33.1807
GEMEINDE,15081455,Hansestadt Salzwedel,Erststimmen,D02,AfD,1878,10922,17.1947
GEMEINDE,15081455,Hansestadt Salzwedel,Erststimmen,D03,DIE LINKE,1951,10922,17.863
GEMEINDE,15081455,Hansestadt Salzwedel,Erststimmen,D04,SPD,1032,10922,9.4488
GEMEINDE,15081455,Hansestadt Salzwedel,Erststimmen,D05,GRÜNE,469,10922,4.2941
GEMEINDE,15081455,Hansestadt Salzwedel,Erststimmen,D06,FDP,489,10922,4.4772
GEMEINDE,15081455,Hansestadt Salzwedel,Erststimmen,D07,FREIE WÄHLER,1231,10922,11.2708
GEMEINDE,15081455,Hansestadt Salzwedel,Erststimmen,D08,NPD,0,10922,0.0
GEMEINDE,15081455,Hansestadt Salzwedel,Erststimmen,D09,Tierschutzpartei,0,10922,0.0
GEMEINDE,15081455,Hansestadt Salzwedel,Erststimmen,D10,Tierschutzallianz,0,10922,0.0
GEMEINDE,15081455,Hansestadt Salzwedel,Erststimmen,D12,Die PARTEI,0,10922,0.0
GEMEINDE,15081455,Hansestadt Salzwedel,Erststimmen,D13,Gartenpartei,0,10922,0.0
GEMEINDE,15081455,Hansestadt Salzwedel,Erststimmen,D14,FBM,0,10922,0.0
GEMEINDE,15081455,Hansestadt Salzwedel,Erststimmen,D16,dieBasis,248,10922,2.2706
GEMEINDE,15081455,Hansestadt Salzwedel,Erststimmen,D21,ÖDP,0,10922,0.0
GEMEINDE,15081455,Hansestadt Salzwedel,Erststimmen,D26,Andere KWV,0,10922,0.0
GEMEINDE,15081455,Hansestadt Salzwedel,Erststimmen,D27,Andere KWV,0,10922,0.0
GEMEINDE,15081455,Hansestadt Salzwedel,Erststimmen,D28,Andere KWV,0,10922,0.0
GEMEINDE,15081455,Hansestadt Salzwedel,Zweitstimmen,F01,CDU,3870,10922,35.4331
GEMEINDE,15081455,Hansestadt Salzwedel,Zweitstimmen,F02,AfD,1954,10922,17.8905
GEMEINDE,15081455,Hansestadt Salzwedel,Zweitstimmen,F03,DIE LINKE,1580,10922,14.4662
GEMEINDE,15081455,Hansestadt Salzwedel,Zweitstimmen,F04,SPD,907,10922,8.3043
GEMEINDE,15081455,Hansestadt Salzwedel,Zweitstimmen,F05,GRÜNE,668,10922,6.1161
GEMEINDE,15081455,Hansestadt Salzwedel,Zweitstimmen,F06,FDP,567,10922,5.1914
GEMEINDE,15081455,Hansestadt Salzwedel,Zweitstimmen,F07,FREIE WÄHLER,642,10922,5.878
GEMEINDE,15081455,Hansestadt Salzwedel,Zweitstimmen,F08,NPD,12,10922,0.1099
GEMEINDE,15081455,Hansestadt Salzwedel,Zweitstimmen,F09,Tierschutzpartei,130,10922,1.1903
GEMEINDE,15081455,Hansestadt Salzwedel,Zweitstimmen,F10,Tierschutzallianz,31,10922,0.2838
GEMEINDE,15081455,Hansestadt Salzwedel,Zweitstimmen,F11,LKR,10,10922,0.0916
GEMEINDE,15081455,Hansestadt Salzwedel,Zweitstimmen,F12,Die PARTEI,73,10922,0.6684
GEMEINDE,15081455,Hansestadt Salzwedel,Zweitstimmen,F13,Gartenpartei,81,10922,0.7416
GEMEINDE,15081455,Hansestadt Salzwedel,Zweitstimmen,F14,FBM,4,10922,0.0366
GEMEINDE,15081455,Hansestadt Salzwedel,Zweitstimmen,F15,TIERSCHUTZ hier!,51,10922,0.4669
GEMEINDE,15081455,Hansestadt Salzwedel,Zweitstimmen,F16,dieBasis,234,10922,2.1425
GEMEINDE,15081455,Hansestadt Salzwedel,Zweitstimmen,F19,Klimaliste ST,18,10922,0.1648
GEMEINDE,15081455,Hansestadt Salzwedel,Zweitstimmen,F21,ÖDP,3,10922,0.0275
GEMEINDE,15081455,Hansestadt Salzwedel,Zweitstimmen,F22,Die Humanisten,7,10922,0.0641
GEMEINDE,15081455,Hansestadt Salzwedel,Zweitstimmen,F23,Gesundheitsforschung,40,10922,0.3662
GEMEINDE,15081455,Hansestadt Salzwedel,Zweitstimmen,F24,PIRATEN,25,10922,0.2289
GEMEINDE,15081455,Hansestadt Salzwedel,Zweitstimmen,F25,WiR2020,15,10922,0.1373
GEMEINDE,15081545,Gemeinde Wallstawe,Erststimmen,D01,CDU,192,462,41.5584
GEMEINDE,15081545,Gemeinde Wallstawe,Erststimmen,D02,AfD,89,462,19.2641
GEMEINDE,15081545,Gemeinde Wallstawe,Erststimmen,D03,DIE LINKE,49,462,10.6061
GEMEINDE,15081545,Gemeinde Wallstawe,Erststimmen,D04,SPD,31,462,6.71
GEMEINDE,15081545,Gemeinde Wallstawe,Erststimmen,D05,GRÜNE,30,462,6.4935
GEMEINDE,15081545,Gemeinde Wallstawe,Erststimmen,D06,FDP,31,462,6.71
GEMEINDE,15081545,Gemeinde Wallstawe,Erststimmen,D07,FREIE WÄHLER,38,462,8.2251
GEMEINDE,15081545,Gemeinde Wallstawe,Erststimmen,D08,NPD,0,462,0.0
GEMEINDE,15081545,Gemeinde Wallstawe,Erststimmen,D09,Tierschutzpartei,0,462,0.0
GEMEINDE,15081545,Gemeinde Wallstawe,Erststimmen,D10,Tierschutzallianz,0,462,0.0
GEMEINDE,15081545,Gemeinde Wallstawe,Erststimmen,D12,Die PARTEI,0,462,0.0
GEMEINDE,15081545,Gemeinde Wallstawe,Erststimmen,D13,Gartenpartei,0,462,0.0
GEMEINDE,15081545,Gemeinde Wallstawe,Erststimmen,D14,FBM,0,462,0.0
GEMEINDE,15081545,Gemeinde Wallstawe,Erststimmen,D16,dieBasis,2,462,0.4329
GEMEINDE,15081545,Gemeinde Wallstawe,Erststimmen,D21,ÖDP,0,462,0.0
GEMEINDE,15081545,Gemeinde Wallstawe,Erststimmen,D26,Andere KWV,0,462,0.0
GEMEINDE,15081545,Gemeinde Wallstawe,Erststimmen,D27,Andere KWV,0,462,0.0
GEMEINDE,15081545,Gemeinde Wallstawe,Erststimmen,D28,Andere KWV,0,462,0.0
GEMEINDE,15081545,Gemeinde Wallstawe,Zweitstimmen,F01,CDU,184,464,39.6552
GEMEINDE,15081545,Gemeinde Wallstawe,Zweitstimmen,F02,AfD,90,464,19.3966
GEMEINDE,15081545,Gemeinde Wallstawe,Zweitstimmen,F03,DIE LINKE,38,464,8.1897
GEMEINDE,15081545,Gemeinde Wallstawe,Zweitstimmen,F04,SPD,38,464,8.1897
GEMEINDE,15081545,Gemeinde Wallstawe,Zweitstimmen,F05,GRÜNE,39,464,8.4052
GEMEINDE,15081545,Gemeinde Wallstawe,Zweitstimmen,F06,FDP,40,464,8.6207
GEMEINDE,15081545,Gemeinde Wallstawe,Zweitstimmen,F07,FREIE WÄHLER,16,464,3.4483
GEMEINDE,15081545,Gemeinde Wallstawe,Zweitstimmen,F08,NPD,0,464,0.0
GEMEINDE,15081545,Gemeinde Wallstawe,Zweitstimmen,F09,Tierschutzpartei,2,464,0.431
GEMEINDE,15081545,Gemeinde Wallstawe,Zweitstimmen,F10,Tierschutzallianz,0,464,0.0
GEMEINDE,15081545,Gemeinde Wallstawe,Zweitstimmen,F11,LKR,4,464,0.8621
GEMEINDE,15081545,Gemeinde Wallstawe,Zweitstimmen,F12,Die PARTEI,1,464,0.2155
GEMEINDE,15081545,Gemeinde Wallstawe,Zweitstimmen,F13,Gartenpartei,4,464,0.8621
GEMEINDE,15081545,Gemeinde Wallstawe,Zweitstimmen,F14,FBM,0,464,0.0
GEMEINDE,15081545,Gemeinde Wallstawe,Zweitstimmen,F15,TIERSCHUTZ hier!,0,464,0.0
GEMEINDE,15081545,Gemeinde Wallstawe,Zweitstimmen,F16,dieBasis,5,464,1.0776
GEMEINDE,15081545,Gemeinde Wallstawe,Zweitstimmen,F19,Klimaliste ST,0,464,0.0
GEMEINDE,15081545,Gemeinde Wallstawe,Zweitstimmen,F21,ÖDP,0,464,0.0
GEMEINDE,15081545,Gemeinde Wallstawe,Zweitstimmen,F22,Die Humanisten,0,464,0.0
GEMEINDE,15081545,Gemeinde Wallstawe,Zweitstimmen,F23,Gesundheitsforschung,0,464,0.0
GEMEINDE,15081545,Gemeinde Wallstawe,Zweitstimmen,F24,PIRATEN,2,464,0.431
GEMEINDE,15081545,Gemeinde Wallstawe,Zweitstimmen,F25,WiR2020,1,464,0.2155
GEMEINDE,15082005,Stadt Aken (Elbe),Erststimmen,D01,CDU,1483,3793,39.0983
GEMEINDE,15082005,Stadt Aken (Elbe),Erststimmen,D02,AfD,864,3793,22.7788
GEMEINDE,15082005,Stadt Aken (Elbe),Erststimmen,D03,DIE LINKE,661,3793,17.4268
GEMEINDE,15082005,Stadt Aken (Elbe),Erststimmen,D04,SPD,282,3793,7.4347
GEMEINDE,15082005,Stadt Aken (Elbe),Erststimmen,D05,GRÜNE,108,3793,2.8474
GEMEINDE,15082005,Stadt Aken (Elbe),Erststimmen,D06,FDP,212,3793,5.5892
GEMEINDE,15082005,Stadt Aken (Elbe),Erststimmen,D07,FREIE WÄHLER,183,3793,4.8247
GEMEINDE,15082005,Stadt Aken (Elbe),Erststimmen,D08,NPD,0,3793,0.0
GEMEINDE,15082005,Stadt Aken (Elbe),Erststimmen,D09,Tierschutzpartei,0,3793,0.0
GEMEINDE,15082005,Stadt Aken (Elbe),Erststimmen,D10,Tierschutzallianz,0,3793,0.0
GEMEINDE,15082005,Stadt Aken (Elbe),Erststimmen,D12,Die PARTEI,0,3793,0.0
GEMEINDE,15082005,Stadt Aken (Elbe),Erststimmen,D13,Gartenpartei,0,3793,0.0
GEMEINDE,15082005,Stadt Aken (Elbe),Erststimmen,D14,FBM,0,3793,0.0
GEMEINDE,15082005,Stadt Aken (Elbe),Erststimmen,D16,dieBasis,0,3793,0.0
GEMEINDE,15082005,Stadt Aken (Elbe),Erststimmen,D21,ÖDP,0,3793,0.0
GEMEINDE,15082005,Stadt Aken (Elbe),Erststimmen,D26,Andere KWV,0,3793,0.0
GEMEINDE,15082005,Stadt Aken (Elbe),Erststimmen,D27,Andere KWV,0,3793,0.0
GEMEINDE,15082005,Stadt Aken (Elbe),Erststimmen,D28,Andere KWV,0,3793,0.0
GEMEINDE,15082005,Stadt Aken (Elbe),Zweitstimmen,F01,CDU,1568,3807,41.1873
GEMEINDE,15082005,Stadt Aken (Elbe),Zweitstimmen,F02,AfD,853,3807,22.4061
GEMEINDE,15082005,Stadt Aken (Elbe),Zweitstimmen,F03,DIE LINKE,447,3807,11.7415
GEMEINDE,15082005,Stadt Aken (Elbe),Zweitstimmen,F04,SPD,275,3807,7.2235
GEMEINDE,15082005,Stadt Aken (Elbe),Zweitstimmen,F05,GRÜNE,134,3807,3.5198
GEMEINDE,15082005,Stadt Aken (Elbe),Zweitstimmen,F06,FDP,225,3807,5.9102
GEMEINDE,15082005,Stadt Aken (Elbe),Zweitstimmen,F07,FREIE WÄHLER,111,3807,2.9157
GEMEINDE,15082005,Stadt Aken (Elbe),Zweitstimmen,F08,NPD,17,3807,0.4465
GEMEINDE,15082005,Stadt Aken (Elbe),Zweitstimmen,F09,Tierschutzpartei,44,3807,1.1558
GEMEINDE,15082005,Stadt Aken (Elbe),Zweitstimmen,F10,Tierschutzallianz,7,3807,0.1839
GEMEINDE,15082005,Stadt Aken (Elbe),Zweitstimmen,F11,LKR,0,3807,0.0
GEMEINDE,15082005,Stadt Aken (Elbe),Zweitstimmen,F12,Die PARTEI,19,3807,0.4991
GEMEINDE,15082005,Stadt Aken (Elbe),Zweitstimmen,F13,Gartenpartei,12,3807,0.3152
GEMEINDE,15082005,Stadt Aken (Elbe),Zweitstimmen,F14,FBM,2,3807,0.0525
GEMEINDE,15082005,Stadt Aken (Elbe),Zweitstimmen,F15,TIERSCHUTZ hier!,22,3807,0.5779
GEMEINDE,15082005,Stadt Aken (Elbe),Zweitstimmen,F16,dieBasis,36,3807,0.9456
GEMEINDE,15082005,Stadt Aken (Elbe),Zweitstimmen,F19,Klimaliste ST,1,3807,0.0263
GEMEINDE,15082005,Stadt Aken (Elbe),Zweitstimmen,F21,ÖDP,2,3807,0.0525
GEMEINDE,15082005,Stadt Aken (Elbe),Zweitstimmen,F22,Die Humanisten,1,3807,0.0263
GEMEINDE,15082005,Stadt Aken (Elbe),Zweitstimmen,F23,Gesundheitsforschung,11,3807,0.2889
GEMEINDE,15082005,Stadt Aken (Elbe),Zweitstimmen,F24,PIRATEN,14,3807,0.3677
GEMEINDE,15082005,Stadt Aken (Elbe),Zweitstimmen,F25,WiR2020,6,3807,0.1576
GEMEINDE,15082015,Stadt Bitterfeld-Wolfen,Erststimmen,D01,CDU,5543,16212,34.1907
GEMEINDE,15082015,Stadt Bitterfeld-Wolfen,Erststimmen,D02,AfD,4522,16212,27.8929
GEMEINDE,15082015,Stadt Bitterfeld-Wolfen,Erststimmen,D03,DIE LINKE,2011,16212,12.4044
GEMEINDE,15082015,Stadt Bitterfeld-Wolfen,Erststimmen,D04,SPD,1499,16212,9.2462
GEMEINDE,15082015,Stadt Bitterfeld-Wolfen,Erststimmen,D05,GRÜNE,721,16212,4.4473
GEMEINDE,15082015,Stadt Bitterfeld-Wolfen,Erststimmen,D06,FDP,1012,16212,6.2423
GEMEINDE,15082015,Stadt Bitterfeld-Wolfen,Erststimmen,D07,FREIE WÄHLER,904,16212,5.5761
GEMEINDE,15082015,Stadt Bitterfeld-Wolfen,Erststimmen,D08,NPD,0,16212,0.0
GEMEINDE,15082015,Stadt Bitterfeld-Wolfen,Erststimmen,D09,Tierschutzpartei,0,16212,0.0
GEMEINDE,15082015,Stadt Bitterfeld-Wolfen,Erststimmen,D10,Tierschutzallianz,0,16212,0.0
GEMEINDE,15082015,Stadt Bitterfeld-Wolfen,Erststimmen,D12,Die PARTEI,0,16212,0.0
GEMEINDE,15082015,Stadt Bitterfeld-Wolfen,Erststimmen,D13,Gartenpartei,0,16212,0.0
GEMEINDE,15082015,Stadt Bitterfeld-Wolfen,Erststimmen,D14,FBM,0,16212,0.0
GEMEINDE,15082015,Stadt Bitterfeld-Wolfen,Erststimmen,D16,dieBasis,0,16212,0.0
GEMEINDE,15082015,Stadt Bitterfeld-Wolfen,Erststimmen,D21,ÖDP,0,16212,0.0
GEMEINDE,15082015,Stadt Bitterfeld-Wolfen,Erststimmen,D26,Andere KWV,0,16212,0.0
GEMEINDE,15082015,Stadt Bitterfeld-Wolfen,Erststimmen,D27,Andere KWV,0,16212,0.0
GEMEINDE,15082015,Stadt Bitterfeld-Wolfen,Erststimmen,D28,Andere KWV,0,16212,0.0
GEMEINDE,15082015,Stadt Bitterfeld-Wolfen,Zweitstimmen,F01,CDU,6063,16223,37.3729
GEMEINDE,15082015,Stadt Bitterfeld-Wolfen,Zweitstimmen,F02,AfD,4094,16223,25.2358
GEMEINDE,15082015,Stadt Bitterfeld-Wolfen,Zweitstimmen,F03,DIE LINKE,1733,16223,10.6824
GEMEINDE,15082015,Stadt Bitterfeld-Wolfen,Zweitstimmen,F04,SPD,1234,16223,7.6065
GEMEINDE,15082015,Stadt Bitterfeld-Wolfen,Zweitstimmen,F05,GRÜNE,686,16223,4.2286
GEMEINDE,15082015,Stadt Bitterfeld-Wolfen,Zweitstimmen,F06,FDP,827,16223,5.0977
GEMEINDE,15082015,Stadt Bitterfeld-Wolfen,Zweitstimmen,F07,FREIE WÄHLER,485,16223,2.9896
GEMEINDE,15082015,Stadt Bitterfeld-Wolfen,Zweitstimmen,F08,NPD,48,16223,0.2959
GEMEINDE,15082015,Stadt Bitterfeld-Wolfen,Zweitstimmen,F09,Tierschutzpartei,264,16223,1.6273
GEMEINDE,15082015,Stadt Bitterfeld-Wolfen,Zweitstimmen,F10,Tierschutzallianz,58,16223,0.3575
GEMEINDE,15082015,Stadt Bitterfeld-Wolfen,Zweitstimmen,F11,LKR,7,16223,0.0431
GEMEINDE,15082015,Stadt Bitterfeld-Wolfen,Zweitstimmen,F12,Die PARTEI,108,16223,0.6657
GEMEINDE,15082015,Stadt Bitterfeld-Wolfen,Zweitstimmen,F13,Gartenpartei,99,16223,0.6102
GEMEINDE,15082015,Stadt Bitterfeld-Wolfen,Zweitstimmen,F14,FBM,14,16223,0.0863
GEMEINDE,15082015,Stadt Bitterfeld-Wolfen,Zweitstimmen,F15,TIERSCHUTZ hier!,140,16223,0.863
GEMEINDE,15082015,Stadt Bitterfeld-Wolfen,Zweitstimmen,F16,dieBasis,169,16223,1.0417
GEMEINDE,15082015,Stadt Bitterfeld-Wolfen,Zweitstimmen,F19,Klimaliste ST,8,16223,0.0493
GEMEINDE,15082015,Stadt Bitterfeld-Wolfen,Zweitstimmen,F21,ÖDP,8,16223,0.0493
GEMEINDE,15082015,Stadt Bitterfeld-Wolfen,Zweitstimmen,F22,Die Humanisten,15,16223,0.0925
GEMEINDE,15082015,Stadt Bitterfeld-Wolfen,Zweitstimmen,F23,Gesundheitsforschung,87,16223,0.5363
GEMEINDE,15082015,Stadt Bitterfeld-Wolfen,Zweitstimmen,F24,PIRATEN,61,16223,0.376
GEMEINDE,15082015,Stadt Bitterfeld-Wolfen,Zweitstimmen,F25,WiR2020,15,16223,0.0925
GEMEINDE,15082180,Stadt Köthen (Anhalt),Erststimmen,D01,CDU,3900,10705,36.4316
GEMEINDE,15082180,Stadt Köthen (Anhalt),Erststimmen,D02,AfD,2260,10705,21.1116
GEMEINDE,15082180,Stadt Köthen (Anhalt),Erststimmen,D03,DIE LINKE,2672,10705,24.9603
GEMEINDE,15082180,Stadt Köthen (Anhalt),Erststimmen,D04,SPD,583,10705,5.4461
GEMEINDE,15082180,Stadt Köthen (Anhalt),Erststimmen,D05,GRÜNE,378,10705,3.5311
GEMEINDE,15082180,Stadt Köthen (Anhalt),Erststimmen,D06,FDP,457,10705,4.269
GEMEINDE,15082180,Stadt Köthen (Anhalt),Erststimmen,D07,FREIE WÄHLER,455,10705,4.2504
GEMEINDE,15082180,Stadt Köthen (Anhalt),Erststimmen,D08,NPD,0,10705,0.0
GEMEINDE,15082180,Stadt Köthen (Anhalt),Erststimmen,D09,Tierschutzpartei,0,10705,0.0
GEMEINDE,15082180,Stadt Köthen (Anhalt),Erststimmen,D10,Tierschutzallianz,0,10705,0.0
GEMEINDE,15082180,Stadt Köthen (Anhalt),Erststimmen,D12,Die PARTEI,0,10705,0.0
GEMEINDE,15082180,Stadt Köthen (Anhalt),Erststimmen,D13,Gartenpartei,0,10705,0.0
GEMEINDE,15082180,Stadt Köthen (Anhalt),Erststimmen,D14,FBM,0,10705,0.0
GEMEINDE,15082180,Stadt Köthen (Anhalt),Erststimmen,D16,dieBasis,0,10705,0.0
GEMEINDE,15082180,Stadt Köthen (Anhalt),Erststimmen,D21,ÖDP,0,10705,0.0
GEMEINDE,15082180,Stadt Köthen (Anhalt),Erststimmen,D26,Andere KWV,0,10705,0.0
GEMEINDE,15082180,Stadt Köthen (Anhalt),Erststimmen,D27,Andere KWV,0,10705,0.0
GEMEINDE,15082180,Stadt Köthen (Anhalt),Erststimmen,D28,Andere KWV,0,10705,0.0
GEMEINDE,15082180,Stadt Köthen (Anhalt),Zweitstimmen,F01,CDU,3936,10669,36.8919
GEMEINDE,15082180,Stadt Köthen (Anhalt),Zweitstimmen,F02,AfD,2236,10669,20.9579
GEMEINDE,15082180,Stadt Köthen (Anhalt),Zweitstimmen,F03,DIE LINKE,1775,10669,16.637
GEMEINDE,15082180,Stadt Köthen (Anhalt),Zweitstimmen,F04,SPD,727,10669,6.8141
GEMEINDE,15082180,Stadt Köthen (Anhalt),Zweitstimmen,F05,GRÜNE,446,10669,4.1803
GEMEINDE,15082180,Stadt Köthen (Anhalt),Zweitstimmen,F06,FDP,595,10669,5.5769
GEMEINDE,15082180,Stadt Köthen (Anhalt),Zweitstimmen,F07,FREIE WÄHLER,240,10669,2.2495
GEMEINDE,15082180,Stadt Köthen (Anhalt),Zweitstimmen,F08,NPD,39,10669,0.3655
GEMEINDE,15082180,Stadt Köthen (Anhalt),Zweitstimmen,F09,Tierschutzpartei,131,10669,1.2279
GEMEINDE,15082180,Stadt Köthen (Anhalt),Zweitstimmen,F10,Tierschutzallianz,35,10669,0.3281
GEMEINDE,15082180,Stadt Köthen (Anhalt),Zweitstimmen,F11,LKR,7,10669,0.0656
GEMEINDE,15082180,Stadt Köthen (Anhalt),Zweitstimmen,F12,Die PARTEI,64,10669,0.5999
GEMEINDE,15082180,Stadt Köthen (Anhalt),Zweitstimmen,F13,Gartenpartei,73,10669,0.6842
GEMEINDE,15082180,Stadt Köthen (Anhalt),Zweitstimmen,F14,FBM,4,10669,0.0375
GEMEINDE,15082180,Stadt Köthen (Anhalt),Zweitstimmen,F15,TIERSCHUTZ hier!,66,10669,0.6186
GEMEINDE,15082180,Stadt Köthen (Anhalt),Zweitstimmen,F16,dieBasis,151,10669,1.4153
GEMEINDE,15082180,Stadt Köthen (Anhalt),Zweitstimmen,F19,Klimaliste ST,7,10669,0.0656
GEMEINDE,15082180,Stadt Köthen (Anhalt),Zweitstimmen,F21,ÖDP,13,10669,0.1218
GEMEINDE,15082180,Stadt Köthen (Anhalt),Zweitstimmen,F22,Die Humanisten,12,10669,0.1125
GEMEINDE,15082180,Stadt Köthen (Anhalt),Zweitstimmen,F23,Gesundheitsforschung,46,10669,0.4312
GEMEINDE,15082180,Stadt Köthen (Anhalt),Zweitstimmen,F24,PIRATEN,40,10669,0.3749
GEMEINDE,15082180,Stadt Köthen (Anhalt),Zweitstimmen,F25,WiR2020,26,10669,0.2437
GEMEINDE,15082241,Gemeinde Muldestausee,Erststimmen,D01,CDU,2364,6393,36.9779
GEMEINDE,15082241,Gemeinde Muldestausee,Erststimmen,D02,AfD,1698,6393,26.5603
GEMEINDE,15082241,Gemeinde Muldestausee,Erststimmen,D03,DIE LINKE,678,6393,10.6053
GEMEINDE,15082241,Gemeinde Muldestausee,Erststimmen,D04,SPD,417,6393,6.5228
GEMEINDE,15082241,Gemeinde Muldestausee,Erststimmen,D05,GRÜNE,271,6393,4.239
GEMEINDE,15082241,Gemeinde Muldestausee,Erststimmen,D06,FDP,395,6393,6.1786
GEMEINDE,15082241,Gemeinde Muldestausee,Erststimmen,D07,FREIE WÄHLER,570,6393,8.916
GEMEINDE,15082241,Gemeinde Muldestausee,Erststimmen,D08,NPD,0,6393,0.0
GEMEINDE,15082241,Gemeinde Muldestausee,Erststimmen,D09,Tierschutzpartei,0,6393,0.0
GEMEINDE,15082241,Gemeinde Muldestausee,Erststimmen,D10,Tierschutzallianz,0,6393,0.0
GEMEINDE,15082241,Gemeinde Muldestausee,Erststimmen,D12,Die PARTEI,0,6393,0.0
GEMEINDE,15082241,Gemeinde Muldestausee,Erststimmen,D13,Gartenpartei,0,6393,0.0
GEMEINDE,15082241,Gemeinde Muldestausee,Erststimmen,D14,FBM,0,6393,0.0
GEMEINDE,15082241,Gemeinde Muldestausee,Erststimmen,D16,dieBasis,0,6393,0.0
GEMEINDE,15082241,Gemeinde Muldestausee,Erststimmen,D21,ÖDP,0,6393,0.0
GEMEINDE,15082241,Gemeinde Muldestausee,Erststimmen,D26,Andere KWV,0,6393,0.0
GEMEINDE,15082241,Gemeinde Muldestausee,Erststimmen,D27,Andere KWV,0,6393,0.0
GEMEINDE,15082241,Gemeinde Muldestausee,Erststimmen,D28,Andere KWV,0,6393,0.0
GEMEINDE,15082241,Gemeinde Muldestausee,Zweitstimmen,F01,CDU,2607,6430,40.5443
GEMEINDE,15082241,Gemeinde Muldestausee,Zweitstimmen,F02,AfD,1595,6430,24.8056
GEMEINDE,15082241,Gemeinde Muldestausee,Zweitstimmen,F03,DIE LINKE,549,6430,8.5381
GEMEINDE,15082241,Gemeinde Muldestausee,Zweitstimmen,F04,SPD,385,6430,5.9876
GEMEINDE,15082241,Gemeinde Muldestausee,Zweitstimmen,F05,GRÜNE,248,6430,3.8569
GEMEINDE,15082241,Gemeinde Muldestausee,Zweitstimmen,F06,FDP,409,6430,6.3608
GEMEINDE,15082241,Gemeinde Muldestausee,Zweitstimmen,F07,FREIE WÄHLER,228,6430,3.5459
GEMEINDE,15082241,Gemeinde Muldestausee,Zweitstimmen,F08,NPD,21,6430,0.3266
GEMEINDE,15082241,Gemeinde Muldestausee,Zweitstimmen,F09,Tierschutzpartei,102,6430,1.5863
GEMEINDE,15082241,Gemeinde Muldestausee,Zweitstimmen,F10,Tierschutzallianz,25,6430,0.3888
GEMEINDE,15082241,Gemeinde Muldestausee,Zweitstimmen,F11,LKR,6,6430,0.0933
GEMEINDE,15082241,Gemeinde Muldestausee,Zweitstimmen,F12,Die PARTEI,27,6430,0.4199
GEMEINDE,15082241,Gemeinde Muldestausee,Zweitstimmen,F13,Gartenpartei,34,6430,0.5288
GEMEINDE,15082241,Gemeinde Muldestausee,Zweitstimmen,F14,FBM,6,6430,0.0933
GEMEINDE,15082241,Gemeinde Muldestausee,Zweitstimmen,F15,TIERSCHUTZ hier!,38,6430,0.591
GEMEINDE,15082241,Gemeinde Muldestausee,Zweitstimmen,F16,dieBasis,74,6430,1.1509
GEMEINDE,15082241,Gemeinde Muldestausee,Zweitstimmen,F19,Klimaliste ST,2,6430,0.0311
GEMEINDE,15082241,Gemeinde Muldestausee,Zweitstimmen,F21,ÖDP,6,6430,0.0933
GEMEINDE,15082241,Gemeinde Muldestausee,Zweitstimmen,F22,Die Humanisten,8,6430,0.1244
GEMEINDE,15082241,Gemeinde Muldestausee,Zweitstimmen,F23,Gesundheitsforschung,34,6430,0.5288
GEMEINDE,15082241,Gemeinde Muldestausee,Zweitstimmen,F24,PIRATEN,14,6430,0.2177
GEMEINDE,15082241,Gemeinde Muldestausee,Zweitstimmen,F25,WiR2020,12,6430,0.1866
GEMEINDE,15082256,Gemeinde Osternienburger Land,Erststimmen,D01,CDU,1840,4217,43.6329
GEMEINDE,15082256,Gemeinde Osternienburger Land,Erststimmen,D02,AfD,1068,4217,25.3261
GEMEINDE,15082256,Gemeinde Osternienburger Land,Erststimmen,D03,DIE LINKE,583,4217,13.825
GEMEINDE,15082256,Gemeinde Osternienburger Land,Erststimmen,D04,SPD,243,4217,5.7624
GEMEINDE,15082256,Gemeinde Osternienburger Land,Erststimmen,D05,GRÜNE,114,4217,2.7033
GEMEINDE,15082256,Gemeinde Osternienburger Land,Erststimmen,D06,FDP,219,4217,5.1933
GEMEINDE,15082256,Gemeinde Osternienburger Land,Erststimmen,D07,FREIE WÄHLER,150,4217,3.557
GEMEINDE,15082256,Gemeinde Osternienburger Land,Erststimmen,D08,NPD,0,4217,0.0
GEMEINDE,15082256,Gemeinde Osternienburger Land,Erststimmen,D09,Tierschutzpartei,0,4217,0.0
GEMEINDE,15082256,Gemeinde Osternienburger Land,Erststimmen,D10,Tierschutzallianz,0,4217,0.0
GEMEINDE,15082256,Gemeinde Osternienburger Land,Erststimmen,D12,Die PARTEI,0,4217,0.0
GEMEINDE,15082256,Gemeinde Osternienburger Land,Erststimmen,D13,Gartenpartei,0,4217,0.0
GEMEINDE,15082256,Gemeinde Osternienburger Land,Erststimmen,D14,FBM,0,4217,0.0
GEMEINDE,15082256,Gemeinde Osternienburger Land,Erststimmen,D16,dieBasis,0,4217,0.0
GEMEINDE,15082256,Gemeinde Osternienburger Land,Erststimmen,D21,ÖDP,0,4217,0.0
GEMEINDE,15082256,Gemeinde Osternienburger Land,Erststimmen,D26,Andere KWV,0,4217,0.0
GEMEINDE,15082256,Gemeinde Osternienburger Land,Erststimmen,D27,Andere KWV,0,4217,0.0
GEMEINDE,15082256,Gemeinde Osternienburger Land,Erststimmen,D28,Andere KWV,0,4217,0.0
GEMEINDE,15082256,Gemeinde Osternienburger Land,Zweitstimmen,F01,CDU,1697,4189,40.5109
GEMEINDE,15082256,Gemeinde Osternienburger Land,Zweitstimmen,F02,AfD,1043,4189,24.8985
GEMEINDE,15082256,Gemeinde Osternienburger Land,Zweitstimmen,F03,DIE LINKE,530,4189,12.6522
GEMEINDE,15082256,Gemeinde Osternienburger Land,Zweitstimmen,F04,SPD,242,4189,5.777
GEMEINDE,15082256,Gemeinde Osternienburger Land,Zweitstimmen,F05,GRÜNE,115,4189,2.7453
GEMEINDE,15082256,Gemeinde Osternienburger Land,Zweitstimmen,F06,FDP,244,4189,5.8248
GEMEINDE,15082256,Gemeinde Osternienburger Land,Zweitstimmen,F07,FREIE WÄHLER,71,4189,1.6949
GEMEINDE,15082256,Gemeinde Osternienburger Land,Zweitstimmen,F08,NPD,24,4189,0.5729
GEMEINDE,15082256,Gemeinde Osternienburger Land,Zweitstimmen,F09,Tierschutzpartei,53,4189,1.2652
GEMEINDE,15082256,Gemeinde Osternienburger Land,Zweitstimmen,F10,Tierschutzallianz,19,4189,0.4536
GEMEINDE,15082256,Gemeinde Osternienburger Land,Zweitstimmen,F11,LKR,0,4189,0.0
GEMEINDE,15082256,Gemeinde Osternienburger Land,Zweitstimmen,F12,Die PARTEI,19,4189,0.4536
GEMEINDE,15082256,Gemeinde Osternienburger Land,Zweitstimmen,F13,Gartenpartei,29,4189,0.6923
GEMEINDE,15082256,Gemeinde Osternienburger Land,Zweitstimmen,F14,FBM,5,4189,0.1194
GEMEINDE,15082256,Gemeinde Osternienburger Land,Zweitstimmen,F15,TIERSCHUTZ hier!,17,4189,0.4058
GEMEINDE,15082256,Gemeinde Osternienburger Land,Zweitstimmen,F16,dieBasis,39,4189,0.931
GEMEINDE,15082256,Gemeinde Osternienburger Land,Zweitstimmen,F19,Klimaliste ST,3,4189,0.0716
GEMEINDE,15082256,Gemeinde Osternienburger Land,Zweitstimmen,F21,ÖDP,2,4189,0.0477
GEMEINDE,15082256,Gemeinde Osternienburger Land,Zweitstimmen,F22,Die Humanisten,3,4189,0.0716
GEMEINDE,15082256,Gemeinde Osternienburger Land,Zweitstimmen,F23,Gesundheitsforschung,17,4189,0.4058
GEMEINDE,15082256,Gemeinde Osternienburger Land,Zweitstimmen,F24,PIRATEN,6,4189,0.1432
GEMEINDE,15082256,Gemeinde Osternienburger Land,Zweitstimmen,F25,WiR2020,11,4189,0.2626
GEMEINDE,15082301,Stadt Raguhn-Jeßnitz,Erststimmen,D01,CDU,1658,4857,34.1363
GEMEINDE,15082301,Stadt Raguhn-Jeßnitz,Erststimmen,D02,AfD,1542,4857,31.748
GEMEINDE,15082301,Stadt Raguhn-Jeßnitz,Erststimmen,D03,DIE LINKE,530,4857,10.9121
GEMEINDE,15082301,Stadt Raguhn-Jeßnitz,Erststimmen,D04,SPD,458,4857,9.4297
GEMEINDE,15082301,Stadt Raguhn-Jeßnitz,Erststimmen,D05,GRÜNE,142,4857,2.9236
GEMEINDE,15082301,Stadt Raguhn-Jeßnitz,Erststimmen,D06,FDP,279,4857,5.7443
GEMEINDE,15082301,Stadt Raguhn-Jeßnitz,Erststimmen,D07,FREIE WÄHLER,248,4857,5.106
GEMEINDE,15082301,Stadt Raguhn-Jeßnitz,Erststimmen,D08,NPD,0,4857,0.0
GEMEINDE,15082301,Stadt Raguhn-Jeßnitz,Erststimmen,D09,Tierschutzpartei,0,4857,0.0
GEMEINDE,15082301,Stadt Raguhn-Jeßnitz,Erststimmen,D10,Tierschutzallianz,0,4857,0.0
GEMEINDE,15082301,Stadt Raguhn-Jeßnitz,Erststimmen,D12,Die PARTEI,0,4857,0.0
GEMEINDE,15082301,Stadt Raguhn-Jeßnitz,Erststimmen,D13,Gartenpartei,0,4857,0.0
GEMEINDE,15082301,Stadt Raguhn-Jeßnitz,Erststimmen,D14,FBM,0,4857,0.0
GEMEINDE,15082301,Stadt Raguhn-Jeßnitz,Erststimmen,D16,dieBasis,0,4857,0.0
GEMEINDE,15082301,Stadt Raguhn-Jeßnitz,Erststimmen,D21,ÖDP,0,4857,0.0
GEMEINDE,15082301,Stadt Raguhn-Jeßnitz,Erststimmen,D26,Andere KWV,0,4857,0.0
GEMEINDE,15082301,Stadt Raguhn-Jeßnitz,Erststimmen,D27,Andere KWV,0,4857,0.0
GEMEINDE,15082301,Stadt Raguhn-Jeßnitz,Erststimmen,D28,Andere KWV,0,4857,0.0
GEMEINDE,15082301,Stadt Raguhn-Jeßnitz,Zweitstimmen,F01,CDU,1787,4869,36.7016
GEMEINDE,15082301,Stadt Raguhn-Jeßnitz,Zweitstimmen,F02,AfD,1412,4869,28.9998
GEMEINDE,15082301,Stadt Raguhn-Jeßnitz,Zweitstimmen,F03,DIE LINKE,479,4869,9.8377
GEMEINDE,15082301,Stadt Raguhn-Jeßnitz,Zweitstimmen,F04,SPD,297,4869,6.0998
GEMEINDE,15082301,Stadt Raguhn-Jeßnitz,Zweitstimmen,F05,GRÜNE,142,4869,2.9164
GEMEINDE,15082301,Stadt Raguhn-Jeßnitz,Zweitstimmen,F06,FDP,280,4869,5.7507
GEMEINDE,15082301,Stadt Raguhn-Jeßnitz,Zweitstimmen,F07,FREIE WÄHLER,118,4869,2.4235
GEMEINDE,15082301,Stadt Raguhn-Jeßnitz,Zweitstimmen,F08,NPD,32,4869,0.6572
GEMEINDE,15082301,Stadt Raguhn-Jeßnitz,Zweitstimmen,F09,Tierschutzpartei,83,4869,1.7047
GEMEINDE,15082301,Stadt Raguhn-Jeßnitz,Zweitstimmen,F10,Tierschutzallianz,18,4869,0.3697
GEMEINDE,15082301,Stadt Raguhn-Jeßnitz,Zweitstimmen,F11,LKR,2,4869,0.0411
GEMEINDE,15082301,Stadt Raguhn-Jeßnitz,Zweitstimmen,F12,Die PARTEI,18,4869,0.3697
GEMEINDE,15082301,Stadt Raguhn-Jeßnitz,Zweitstimmen,F13,Gartenpartei,50,4869,1.0269
GEMEINDE,15082301,Stadt Raguhn-Jeßnitz,Zweitstimmen,F14,FBM,2,4869,0.0411
GEMEINDE,15082301,Stadt Raguhn-Jeßnitz,Zweitstimmen,F15,TIERSCHUTZ hier!,41,4869,0.8421
GEMEINDE,15082301,Stadt Raguhn-Jeßnitz,Zweitstimmen,F16,dieBasis,64,4869,1.3144
GEMEINDE,15082301,Stadt Raguhn-Jeßnitz,Zweitstimmen,F19,Klimaliste ST,1,4869,0.0205
GEMEINDE,15082301,Stadt Raguhn-Jeßnitz,Zweitstimmen,F21,ÖDP,1,4869,0.0205
GEMEINDE,15082301,Stadt Raguhn-Jeßnitz,Zweitstimmen,F22,Die Humanisten,6,4869,0.1232
GEMEINDE,15082301,Stadt Raguhn-Jeßnitz,Zweitstimmen,F23,Gesundheitsforschung,14,4869,0.2875
GEMEINDE,15082301,Stadt Raguhn-Jeßnitz,Zweitstimmen,F24,PIRATEN,12,4869,0.2465
GEMEINDE,15082301,Stadt Raguhn-Jeßnitz,Zweitstimmen,F25,WiR2020,10,4869,0.2054
GEMEINDE,15082340,Stadt Sandersdorf-Brehna,Erststimmen,D01,CDU,2912,7720,37.7202
GEMEINDE,15082340,Stadt Sandersdorf-Brehna,Erststimmen,D02,AfD,1993,7720,25.8161
GEMEINDE,15082340,Stadt Sandersdorf-Brehna,Erststimmen,D03,DIE LINKE,897,7720,11.6192
GEMEINDE,15082340,Stadt Sandersdorf-Brehna,Erststimmen,D04,SPD,731,7720,9.4689
GEMEINDE,15082340,Stadt Sandersdorf-Brehna,Erststimmen,D05,GRÜNE,244,7720,3.1606
GEMEINDE,15082340,Stadt Sandersdorf-Brehna,Erststimmen,D06,FDP,490,7720,6.3472
GEMEINDE,15082340,Stadt Sandersdorf-Brehna,Erststimmen,D07,FREIE WÄHLER,453,7720,5.8679
GEMEINDE,15082340,Stadt Sandersdorf-Brehna,Erststimmen,D08,NPD,0,7720,0.0
GEMEINDE,15082340,Stadt Sandersdorf-Brehna,Erststimmen,D09,Tierschutzpartei,0,7720,0.0
GEMEINDE,15082340,Stadt Sandersdorf-Brehna,Erststimmen,D10,Tierschutzallianz,0,7720,0.0
GEMEINDE,15082340,Stadt Sandersdorf-Brehna,Erststimmen,D12,Die PARTEI,0,7720,0.0
GEMEINDE,15082340,Stadt Sandersdorf-Brehna,Erststimmen,D13,Gartenpartei,0,7720,0.0
GEMEINDE,15082340,Stadt Sandersdorf-Brehna,Erststimmen,D14,FBM,0,7720,0.0
GEMEINDE,15082340,Stadt Sandersdorf-Brehna,Erststimmen,D16,dieBasis,0,7720,0.0
GEMEINDE,15082340,Stadt Sandersdorf-Brehna,Erststimmen,D21,ÖDP,0,7720,0.0
GEMEINDE,15082340,Stadt Sandersdorf-Brehna,Erststimmen,D26,Andere KWV,0,7720,0.0
GEMEINDE,15082340,Stadt Sandersdorf-Brehna,Erststimmen,D27,Andere KWV,0,7720,0.0
GEMEINDE,15082340,Stadt Sandersdorf-Brehna,Erststimmen,D28,Andere KWV,0,7720,0.0
GEMEINDE,15082340,Stadt Sandersdorf-Brehna,Zweitstimmen,F01,CDU,3151,7759,40.6109
GEMEINDE,15082340,Stadt Sandersdorf-Brehna,Zweitstimmen,F02,AfD,1884,7759,24.2815
GEMEINDE,15082340,Stadt Sandersdorf-Brehna,Zweitstimmen,F03,DIE LINKE,741,7759,9.5502
GEMEINDE,15082340,Stadt Sandersdorf-Brehna,Zweitstimmen,F04,SPD,522,7759,6.7277
GEMEINDE,15082340,Stadt Sandersdorf-Brehna,Zweitstimmen,F05,GRÜNE,250,7759,3.2221
GEMEINDE,15082340,Stadt Sandersdorf-Brehna,Zweitstimmen,F06,FDP,483,7759,6.225
GEMEINDE,15082340,Stadt Sandersdorf-Brehna,Zweitstimmen,F07,FREIE WÄHLER,215,7759,2.771
GEMEINDE,15082340,Stadt Sandersdorf-Brehna,Zweitstimmen,F08,NPD,22,7759,0.2835
GEMEINDE,15082340,Stadt Sandersdorf-Brehna,Zweitstimmen,F09,Tierschutzpartei,140,7759,1.8044
GEMEINDE,15082340,Stadt Sandersdorf-Brehna,Zweitstimmen,F10,Tierschutzallianz,26,7759,0.3351
GEMEINDE,15082340,Stadt Sandersdorf-Brehna,Zweitstimmen,F11,LKR,1,7759,0.0129
GEMEINDE,15082340,Stadt Sandersdorf-Brehna,Zweitstimmen,F12,Die PARTEI,42,7759,0.5413
GEMEINDE,15082340,Stadt Sandersdorf-Brehna,Zweitstimmen,F13,Gartenpartei,53,7759,0.6831
GEMEINDE,15082340,Stadt Sandersdorf-Brehna,Zweitstimmen,F14,FBM,8,7759,0.1031
GEMEINDE,15082340,Stadt Sandersdorf-Brehna,Zweitstimmen,F15,TIERSCHUTZ hier!,52,7759,0.6702
GEMEINDE,15082340,Stadt Sandersdorf-Brehna,Zweitstimmen,F16,dieBasis,97,7759,1.2502
GEMEINDE,15082340,Stadt Sandersdorf-Brehna,Zweitstimmen,F19,Klimaliste ST,3,7759,0.0387
GEMEINDE,15082340,Stadt Sandersdorf-Brehna,Zweitstimmen,F21,ÖDP,1,7759,0.0129
GEMEINDE,15082340,Stadt Sandersdorf-Brehna,Zweitstimmen,F22,Die Humanisten,2,7759,0.0258
GEMEINDE,15082340,Stadt Sandersdorf-Brehna,Zweitstimmen,F23,Gesundheitsforschung,28,7759,0.3609
GEMEINDE,15082340,Stadt Sandersdorf-Brehna,Zweitstimmen,F24,PIRATEN,28,7759,0.3609
GEMEINDE,15082340,Stadt Sandersdorf-Brehna,Zweitstimmen,F25,WiR2020,10,7759,0.1289
GEMEINDE,15082377,Stadt Südliches Anhalt,Erststimmen,D01,CDU,2872,6888,41.6957
GEMEINDE,15082377,Stadt Südliches Anhalt,Erststimmen,D02,AfD,1750,6888,25.4065
GEMEINDE,15082377,Stadt Südliches Anhalt,Erststimmen,D03,DIE LINKE,1219,6888,17.6974
GEMEINDE,15082377,Stadt Südliches Anhalt,Erststimmen,D04,SPD,317,6888,4.6022
GEMEINDE,15082377,Stadt Südliches Anhalt,Erststimmen,D05,GRÜNE,148,6888,2.1487
GEMEINDE,15082377,Stadt Südliches Anhalt,Erststimmen,D06,FDP,299,6888,4.3409
GEMEINDE,15082377,Stadt Südliches Anhalt,Erststimmen,D07,FREIE WÄHLER,283,6888,4.1086
GEMEINDE,15082377,Stadt Südliches Anhalt,Erststimmen,D08,NPD,0,6888,0.0
GEMEINDE,15082377,Stadt Südliches Anhalt,Erststimmen,D09,Tierschutzpartei,0,6888,0.0
GEMEINDE,15082377,Stadt Südliches Anhalt,Erststimmen,D10,Tierschutzallianz,0,6888,0.0
GEMEINDE,15082377,Stadt Südliches Anhalt,Erststimmen,D12,Die PARTEI,0,6888,0.0
GEMEINDE,15082377,Stadt Südliches Anhalt,Erststimmen,D13,Gartenpartei,0,6888,0.0
GEMEINDE,15082377,Stadt Südliches Anhalt,Erststimmen,D14,FBM,0,6888,0.0
GEMEINDE,15082377,Stadt Südliches Anhalt,Erststimmen,D16,dieBasis,0,6888,0.0
GEMEINDE,15082377,Stadt Südliches Anhalt,Erststimmen,D21,ÖDP,0,6888,0.0
GEMEINDE,15082377,Stadt Südliches Anhalt,Erststimmen,D26,Andere KWV,0,6888,0.0
GEMEINDE,15082377,Stadt Südliches Anhalt,Erststimmen,D27,Andere KWV,0,6888,0.0
GEMEINDE,15082377,Stadt Südliches Anhalt,Erststimmen,D28,Andere KWV,0,6888,0.0
GEMEINDE,15082377,Stadt Südliches Anhalt,Zweitstimmen,F01,CDU,2767,6872,40.2648
GEMEINDE,15082377,Stadt Südliches Anhalt,Zweitstimmen,F02,AfD,1730,6872,25.1746
GEMEINDE,15082377,Stadt Südliches Anhalt,Zweitstimmen,F03,DIE LINKE,887,6872,12.9075
GEMEINDE,15082377,Stadt Südliches Anhalt,Zweitstimmen,F04,SPD,365,6872,5.3114
GEMEINDE,15082377,Stadt Südliches Anhalt,Zweitstimmen,F05,GRÜNE,168,6872,2.4447
GEMEINDE,15082377,Stadt Südliches Anhalt,Zweitstimmen,F06,FDP,391,6872,5.6898
GEMEINDE,15082377,Stadt Südliches Anhalt,Zweitstimmen,F07,FREIE WÄHLER,197,6872,2.8667
GEMEINDE,15082377,Stadt Südliches Anhalt,Zweitstimmen,F08,NPD,34,6872,0.4948
GEMEINDE,15082377,Stadt Südliches Anhalt,Zweitstimmen,F09,Tierschutzpartei,74,6872,1.0768
GEMEINDE,15082377,Stadt Südliches Anhalt,Zweitstimmen,F10,Tierschutzallianz,21,6872,0.3056
GEMEINDE,15082377,Stadt Südliches Anhalt,Zweitstimmen,F11,LKR,1,6872,0.0146
GEMEINDE,15082377,Stadt Südliches Anhalt,Zweitstimmen,F12,Die PARTEI,28,6872,0.4075
GEMEINDE,15082377,Stadt Südliches Anhalt,Zweitstimmen,F13,Gartenpartei,39,6872,0.5675
GEMEINDE,15082377,Stadt Südliches Anhalt,Zweitstimmen,F14,FBM,3,6872,0.0437
GEMEINDE,15082377,Stadt Südliches Anhalt,Zweitstimmen,F15,TIERSCHUTZ hier!,33,6872,0.4802
GEMEINDE,15082377,Stadt Südliches Anhalt,Zweitstimmen,F16,dieBasis,66,6872,0.9604
GEMEINDE,15082377,Stadt Südliches Anhalt,Zweitstimmen,F19,Klimaliste ST,3,6872,0.0437
GEMEINDE,15082377,Stadt Südliches Anhalt,Zweitstimmen,F21,ÖDP,5,6872,0.0728
GEMEINDE,15082377,Stadt Südliches Anhalt,Zweitstimmen,F22,Die Humanisten,2,6872,0.0291
GEMEINDE,15082377,Stadt Südliches Anhalt,Zweitstimmen,F23,Gesundheitsforschung,24,6872,0.3492
GEMEINDE,15082377,Stadt Südliches Anhalt,Zweitstimmen,F24,PIRATEN,20,6872,0.291
GEMEINDE,15082377,Stadt Südliches Anhalt,Zweitstimmen,F25,WiR2020,14,6872,0.2037
GEMEINDE,15082430,Stadt Zerbst/Anhalt,Erststimmen,D01,CDU,3316,10323,32.1224
GEMEINDE,15082430,Stadt Zerbst/Anhalt,Erststimmen,D02,AfD,2390,10323,23.1522
GEMEINDE,15082430,Stadt Zerbst/Anhalt,Erststimmen,D03,DIE LINKE,1187,10323,11.4986
GEMEINDE,15082430,Stadt Zerbst/Anhalt,Erststimmen,D04,SPD,707,10323,6.8488
GEMEINDE,15082430,Stadt Zerbst/Anhalt,Erststimmen,D05,GRÜNE,473,10323,4.582
GEMEINDE,15082430,Stadt Zerbst/Anhalt,Erststimmen,D06,FDP,662,10323,6.4129
GEMEINDE,15082430,Stadt Zerbst/Anhalt,Erststimmen,D07,FREIE WÄHLER,1588,10323,15.3831
GEMEINDE,15082430,Stadt Zerbst/Anhalt,Erststimmen,D08,NPD,0,10323,0.0
GEMEINDE,15082430,Stadt Zerbst/Anhalt,Erststimmen,D09,Tierschutzpartei,0,10323,0.0
GEMEINDE,15082430,Stadt Zerbst/Anhalt,Erststimmen,D10,Tierschutzallianz,0,10323,0.0
GEMEINDE,15082430,Stadt Zerbst/Anhalt,Erststimmen,D12,Die PARTEI,0,10323,0.0
GEMEINDE,15082430,Stadt Zerbst/Anhalt,Erststimmen,D13,Gartenpartei,0,10323,0.0
GEMEINDE,15082430,Stadt Zerbst/Anhalt,Erststimmen,D14,FBM,0,10323,0.0
GEMEINDE,15082430,Stadt Zerbst/Anhalt,Erststimmen,D16,dieBasis,0,10323,0.0
GEMEINDE,15082430,Stadt Zerbst/Anhalt,Erststimmen,D21,ÖDP,0,10323,0.0
GEMEINDE,15082430,Stadt Zerbst/Anhalt,Erststimmen,D26,Andere KWV,0,10323,0.0
GEMEINDE,15082430,Stadt Zerbst/Anhalt,Erststimmen,D27,Andere KWV,0,10323,0.0
GEMEINDE,15082430,Stadt Zerbst/Anhalt,Erststimmen,D28,Andere KWV,0,10323,0.0
GEMEINDE,15082430,Stadt Zerbst/Anhalt,Zweitstimmen,F01,CDU,3888,10327,37.6489
GEMEINDE,15082430,Stadt Zerbst/Anhalt,Zweitstimmen,F02,AfD,2370,10327,22.9495
GEMEINDE,15082430,Stadt Zerbst/Anhalt,Zweitstimmen,F03,DIE LINKE,1094,10327,10.5936
GEMEINDE,15082430,Stadt Zerbst/Anhalt,Zweitstimmen,F04,SPD,830,10327,8.0372
GEMEINDE,15082430,Stadt Zerbst/Anhalt,Zweitstimmen,F05,GRÜNE,435,10327,4.2123
GEMEINDE,15082430,Stadt Zerbst/Anhalt,Zweitstimmen,F06,FDP,597,10327,5.781
GEMEINDE,15082430,Stadt Zerbst/Anhalt,Zweitstimmen,F07,FREIE WÄHLER,536,10327,5.1903
GEMEINDE,15082430,Stadt Zerbst/Anhalt,Zweitstimmen,F08,NPD,16,10327,0.1549
GEMEINDE,15082430,Stadt Zerbst/Anhalt,Zweitstimmen,F09,Tierschutzpartei,113,10327,1.0942
GEMEINDE,15082430,Stadt Zerbst/Anhalt,Zweitstimmen,F10,Tierschutzallianz,35,10327,0.3389
GEMEINDE,15082430,Stadt Zerbst/Anhalt,Zweitstimmen,F11,LKR,5,10327,0.0484
GEMEINDE,15082430,Stadt Zerbst/Anhalt,Zweitstimmen,F12,Die PARTEI,37,10327,0.3583
GEMEINDE,15082430,Stadt Zerbst/Anhalt,Zweitstimmen,F13,Gartenpartei,72,10327,0.6972
GEMEINDE,15082430,Stadt Zerbst/Anhalt,Zweitstimmen,F14,FBM,14,10327,0.1356
GEMEINDE,15082430,Stadt Zerbst/Anhalt,Zweitstimmen,F15,TIERSCHUTZ hier!,66,10327,0.6391
GEMEINDE,15082430,Stadt Zerbst/Anhalt,Zweitstimmen,F16,dieBasis,120,10327,1.162
GEMEINDE,15082430,Stadt Zerbst/Anhalt,Zweitstimmen,F19,Klimaliste ST,7,10327,0.0678
GEMEINDE,15082430,Stadt Zerbst/Anhalt,Zweitstimmen,F21,ÖDP,4,10327,0.0387
GEMEINDE,15082430,Stadt Zerbst/Anhalt,Zweitstimmen,F22,Die Humanisten,6,10327,0.0581
GEMEINDE,15082430,Stadt Zerbst/Anhalt,Zweitstimmen,F23,Gesundheitsforschung,29,10327,0.2808
GEMEINDE,15082430,Stadt Zerbst/Anhalt,Zweitstimmen,F24,PIRATEN,35,10327,0.3389
GEMEINDE,15082430,Stadt Zerbst/Anhalt,Zweitstimmen,F25,WiR2020,18,10327,0.1743
GEMEINDE,15082440,Stadt Zörbig,Erststimmen,D01,CDU,1755,5022,34.9462
GEMEINDE,15082440,Stadt Zörbig,Erststimmen,D02,AfD,1205,5022,23.9944
GEMEINDE,15082440,Stadt Zörbig,Erststimmen,D03,DIE LINKE,388,5022,7.726
GEMEINDE,15082440,Stadt Zörbig,Erststimmen,D04,SPD,297,5022,5.914
GEMEINDE,15082440,Stadt Zörbig,Erststimmen,D05,GRÜNE,147,5022,2.9271
GEMEINDE,15082440,Stadt Zörbig,Erststimmen,D06,FDP,271,5022,5.3963
GEMEINDE,15082440,Stadt Zörbig,Erststimmen,D07,FREIE WÄHLER,959,5022,19.096
GEMEINDE,15082440,Stadt Zörbig,Erststimmen,D08,NPD,0,5022,0.0
GEMEINDE,15082440,Stadt Zörbig,Erststimmen,D09,Tierschutzpartei,0,5022,0.0
GEMEINDE,15082440,Stadt Zörbig,Erststimmen,D10,Tierschutzallianz,0,5022,0.0
GEMEINDE,15082440,Stadt Zörbig,Erststimmen,D12,Die PARTEI,0,5022,0.0
GEMEINDE,15082440,Stadt Zörbig,Erststimmen,D13,Gartenpartei,0,5022,0.0
GEMEINDE,15082440,Stadt Zörbig,Erststimmen,D14,FBM,0,5022,0.0
GEMEINDE,15082440,Stadt Zörbig,Erststimmen,D16,dieBasis,0,5022,0.0
GEMEINDE,15082440,Stadt Zörbig,Erststimmen,D21,ÖDP,0,5022,0.0
GEMEINDE,15082440,Stadt Zörbig,Erststimmen,D26,Andere KWV,0,5022,0.0
GEMEINDE,15082440,Stadt Zörbig,Erststimmen,D27,Andere KWV,0,5022,0.0
GEMEINDE,15082440,Stadt Zörbig,Erststimmen,D28,Andere KWV,0,5022,0.0
GEMEINDE,15082440,Stadt Zörbig,Zweitstimmen,F01,CDU,2060,5027,40.9787
GEMEINDE,15082440,Stadt Zörbig,Zweitstimmen,F02,AfD,1167,5027,23.2146
GEMEINDE,15082440,Stadt Zörbig,Zweitstimmen,F03,DIE LINKE,372,5027,7.4
GEMEINDE,15082440,Stadt Zörbig,Zweitstimmen,F04,SPD,299,5027,5.9479
GEMEINDE,15082440,Stadt Zörbig,Zweitstimmen,F05,GRÜNE,171,5027,3.4016
GEMEINDE,15082440,Stadt Zörbig,Zweitstimmen,F06,FDP,296,5027,5.8882
GEMEINDE,15082440,Stadt Zörbig,Zweitstimmen,F07,FREIE WÄHLER,350,5027,6.9624
GEMEINDE,15082440,Stadt Zörbig,Zweitstimmen,F08,NPD,13,5027,0.2586
GEMEINDE,15082440,Stadt Zörbig,Zweitstimmen,F09,Tierschutzpartei,65,5027,1.293
GEMEINDE,15082440,Stadt Zörbig,Zweitstimmen,F10,Tierschutzallianz,18,5027,0.3581
GEMEINDE,15082440,Stadt Zörbig,Zweitstimmen,F11,LKR,0,5027,0.0
GEMEINDE,15082440,Stadt Zörbig,Zweitstimmen,F12,Die PARTEI,25,5027,0.4973
GEMEINDE,15082440,Stadt Zörbig,Zweitstimmen,F13,Gartenpartei,46,5027,0.9151
GEMEINDE,15082440,Stadt Zörbig,Zweitstimmen,F14,FBM,8,5027,0.1591
GEMEINDE,15082440,Stadt Zörbig,Zweitstimmen,F15,TIERSCHUTZ hier!,28,5027,0.557
GEMEINDE,15082440,Stadt Zörbig,Zweitstimmen,F16,dieBasis,67,5027,1.3328
GEMEINDE,15082440,Stadt Zörbig,Zweitstimmen,F19,Klimaliste ST,3,5027,0.0597
GEMEINDE,15082440,Stadt Zörbig,Zweitstimmen,F21,ÖDP,2,5027,0.0398
GEMEINDE,15082440,Stadt Zörbig,Zweitstimmen,F22,Die Humanisten,6,5027,0.1194
GEMEINDE,15082440,Stadt Zörbig,Zweitstimmen,F23,Gesundheitsforschung,13,5027,0.2586
GEMEINDE,15082440,Stadt Zörbig,Zweitstimmen,F24,PIRATEN,12,5027,0.2387
GEMEINDE,15082440,Stadt Zörbig,Zweitstimmen,F25,WiR2020,6,5027,0.1194
GEMEINDE,15083020,Gemeinde Altenhausen,Erststimmen,D01,CDU,231,611,37.8069
GEMEINDE,15083020,Gemeinde Altenhausen,Erststimmen,D02,AfD,133,611,21.7676
GEMEINDE,15083020,Gemeinde Altenhausen,Erststimmen,D03,DIE LINKE,86,611,14.0753
GEMEINDE,15083020,Gemeinde Altenhausen,Erststimmen,D04,SPD,55,611,9.0016
GEMEINDE,15083020,Gemeinde Altenhausen,Erststimmen,D05,GRÜNE,23,611,3.7643
GEMEINDE,15083020,Gemeinde Altenhausen,Erststimmen,D06,FDP,38,611,6.2193
GEMEINDE,15083020,Gemeinde Altenhausen,Erststimmen,D07,FREIE WÄHLER,20,611,3.2733
GEMEINDE,15083020,Gemeinde Altenhausen,Erststimmen,D08,NPD,0,611,0.0
GEMEINDE,15083020,Gemeinde Altenhausen,Erststimmen,D09,Tierschutzpartei,0,611,0.0
GEMEINDE,15083020,Gemeinde Altenhausen,Erststimmen,D10,Tierschutzallianz,0,611,0.0
GEMEINDE,15083020,Gemeinde Altenhausen,Erststimmen,D12,Die PARTEI,0,611,0.0
GEMEINDE,15083020,Gemeinde Altenhausen,Erststimmen,D13,Gartenpartei,0,611,0.0
GEMEINDE,15083020,Gemeinde Altenhausen,Erststimmen,D14,FBM,0,611,0.0
GEMEINDE,15083020,Gemeinde Altenhausen,Erststimmen,D16,dieBasis,25,611,4.0917
GEMEINDE,15083020,Gemeinde Altenhausen,Erststimmen,D21,ÖDP,0,611,0.0
GEMEINDE,15083020,Gemeinde Altenhausen,Erststimmen,D26,Andere KWV,0,611,0.0
GEMEINDE,15083020,Gemeinde Altenhausen,Erststimmen,D27,Andere KWV,0,611,0.0
GEMEINDE,15083020,Gemeinde Altenhausen,Erststimmen,D28,Andere KWV,0,611,0.0
GEMEINDE,15083020,Gemeinde Altenhausen,Zweitstimmen,F01,CDU,237,609,38.9163
GEMEINDE,15083020,Gemeinde Altenhausen,Zweitstimmen,F02,AfD,127,609,20.8539
GEMEINDE,15083020,Gemeinde Altenhausen,Zweitstimmen,F03,DIE LINKE,77,609,12.6437
GEMEINDE,15083020,Gemeinde Altenhausen,Zweitstimmen,F04,SPD,55,609,9.0312
GEMEINDE,15083020,Gemeinde Altenhausen,Zweitstimmen,F05,GRÜNE,20,609,3.2841
GEMEINDE,15083020,Gemeinde Altenhausen,Zweitstimmen,F06,FDP,35,609,5.7471
GEMEINDE,15083020,Gemeinde Altenhausen,Zweitstimmen,F07,FREIE WÄHLER,14,609,2.2989
GEMEINDE,15083020,Gemeinde Altenhausen,Zweitstimmen,F08,NPD,3,609,0.4926
GEMEINDE,15083020,Gemeinde Altenhausen,Zweitstimmen,F09,Tierschutzpartei,3,609,0.4926
GEMEINDE,15083020,Gemeinde Altenhausen,Zweitstimmen,F10,Tierschutzallianz,2,609,0.3284
GEMEINDE,15083020,Gemeinde Altenhausen,Zweitstimmen,F11,LKR,0,609,0.0
GEMEINDE,15083020,Gemeinde Altenhausen,Zweitstimmen,F12,Die PARTEI,3,609,0.4926
GEMEINDE,15083020,Gemeinde Altenhausen,Zweitstimmen,F13,Gartenpartei,8,609,1.3136
GEMEINDE,15083020,Gemeinde Altenhausen,Zweitstimmen,F14,FBM,0,609,0.0
GEMEINDE,15083020,Gemeinde Altenhausen,Zweitstimmen,F15,TIERSCHUTZ hier!,3,609,0.4926
GEMEINDE,15083020,Gemeinde Altenhausen,Zweitstimmen,F16,dieBasis,19,609,3.1199
GEMEINDE,15083020,Gemeinde Altenhausen,Zweitstimmen,F19,Klimaliste ST,0,609,0.0
GEMEINDE,15083020,Gemeinde Altenhausen,Zweitstimmen,F21,ÖDP,0,609,0.0
GEMEINDE,15083020,Gemeinde Altenhausen,Zweitstimmen,F22,Die Humanisten,0,609,0.0
GEMEINDE,15083020,Gemeinde Altenhausen,Zweitstimmen,F23,Gesundheitsforschung,1,609,0.1642
GEMEINDE,15083020,Gemeinde Altenhausen,Zweitstimmen,F24,PIRATEN,2,609,0.3284
GEMEINDE,15083020,Gemeinde Altenhausen,Zweitstimmen,F25,WiR2020,0,609,0.0
GEMEINDE,15083025,Gemeinde Am Großen Bruch,Erststimmen,D01,CDU,345,1082,31.8854
GEMEINDE,15083025,Gemeinde Am Großen Bruch,Erststimmen,D02,AfD,277,1082,25.6007
GEMEINDE,15083025,Gemeinde Am Großen Bruch,Erststimmen,D03,DIE LINKE,83,1082,7.671
GEMEINDE,15083025,Gemeinde Am Großen Bruch,Erststimmen,D04,SPD,232,1082,21.4418
GEMEINDE,15083025,Gemeinde Am Großen Bruch,Erststimmen,D05,GRÜNE,19,1082,1.756
GEMEINDE,15083025,Gemeinde Am Großen Bruch,Erststimmen,D06,FDP,85,1082,7.8558
GEMEINDE,15083025,Gemeinde Am Großen Bruch,Erststimmen,D07,FREIE WÄHLER,41,1082,3.7893
GEMEINDE,15083025,Gemeinde Am Großen Bruch,Erststimmen,D08,NPD,0,1082,0.0
GEMEINDE,15083025,Gemeinde Am Großen Bruch,Erststimmen,D09,Tierschutzpartei,0,1082,0.0
GEMEINDE,15083025,Gemeinde Am Großen Bruch,Erststimmen,D10,Tierschutzallianz,0,1082,0.0
GEMEINDE,15083025,Gemeinde Am Großen Bruch,Erststimmen,D12,Die PARTEI,0,1082,0.0
GEMEINDE,15083025,Gemeinde Am Großen Bruch,Erststimmen,D13,Gartenpartei,0,1082,0.0
GEMEINDE,15083025,Gemeinde Am Großen Bruch,Erststimmen,D14,FBM,0,1082,0.0
GEMEINDE,15083025,Gemeinde Am Großen Bruch,Erststimmen,D16,dieBasis,0,1082,0.0
GEMEINDE,15083025,Gemeinde Am Großen Bruch,Erststimmen,D21,ÖDP,0,1082,0.0
GEMEINDE,15083025,Gemeinde Am Großen Bruch,Erststimmen,D26,Andere KWV,0,1082,0.0
GEMEINDE,15083025,Gemeinde Am Großen Bruch,Erststimmen,D27,Andere KWV,0,1082,0.0
GEMEINDE,15083025,Gemeinde Am Großen Bruch,Erststimmen,D28,Andere KWV,0,1082,0.0
GEMEINDE,15083025,Gemeinde Am Großen Bruch,Zweitstimmen,F01,CDU,428,1083,39.5199
GEMEINDE,15083025,Gemeinde Am Großen Bruch,Zweitstimmen,F02,AfD,274,1083,25.3001
GEMEINDE,15083025,Gemeinde Am Großen Bruch,Zweitstimmen,F03,DIE LINKE,89,1083,8.2179
GEMEINDE,15083025,Gemeinde Am Großen Bruch,Zweitstimmen,F04,SPD,118,1083,10.8957
GEMEINDE,15083025,Gemeinde Am Großen Bruch,Zweitstimmen,F05,GRÜNE,23,1083,2.1237
GEMEINDE,15083025,Gemeinde Am Großen Bruch,Zweitstimmen,F06,FDP,74,1083,6.8329
GEMEINDE,15083025,Gemeinde Am Großen Bruch,Zweitstimmen,F07,FREIE WÄHLER,31,1083,2.8624
GEMEINDE,15083025,Gemeinde Am Großen Bruch,Zweitstimmen,F08,NPD,3,1083,0.277
GEMEINDE,15083025,Gemeinde Am Großen Bruch,Zweitstimmen,F09,Tierschutzpartei,9,1083,0.831
GEMEINDE,15083025,Gemeinde Am Großen Bruch,Zweitstimmen,F10,Tierschutzallianz,1,1083,0.0923
GEMEINDE,15083025,Gemeinde Am Großen Bruch,Zweitstimmen,F11,LKR,0,1083,0.0
GEMEINDE,15083025,Gemeinde Am Großen Bruch,Zweitstimmen,F12,Die PARTEI,4,1083,0.3693
GEMEINDE,15083025,Gemeinde Am Großen Bruch,Zweitstimmen,F13,Gartenpartei,8,1083,0.7387
GEMEINDE,15083025,Gemeinde Am Großen Bruch,Zweitstimmen,F14,FBM,0,1083,0.0
GEMEINDE,15083025,Gemeinde Am Großen Bruch,Zweitstimmen,F15,TIERSCHUTZ hier!,3,1083,0.277
GEMEINDE,15083025,Gemeinde Am Großen Bruch,Zweitstimmen,F16,dieBasis,8,1083,0.7387
GEMEINDE,15083025,Gemeinde Am Großen Bruch,Zweitstimmen,F19,Klimaliste ST,0,1083,0.0
GEMEINDE,15083025,Gemeinde Am Großen Bruch,Zweitstimmen,F21,ÖDP,1,1083,0.0923
GEMEINDE,15083025,Gemeinde Am Großen Bruch,Zweitstimmen,F22,Die Humanisten,1,1083,0.0923
GEMEINDE,15083025,Gemeinde Am Großen Bruch,Zweitstimmen,F23,Gesundheitsforschung,5,1083,0.4617
GEMEINDE,15083025,Gemeinde Am Großen Bruch,Zweitstimmen,F24,PIRATEN,0,1083,0.0
GEMEINDE,15083025,Gemeinde Am Großen Bruch,Zweitstimmen,F25,WiR2020,3,1083,0.277
GEMEINDE,15083030,Gemeinde Angern,Erststimmen,D01,CDU,437,1154,37.8683
GEMEINDE,15083030,Gemeinde Angern,Erststimmen,D02,AfD,278,1154,24.0901
GEMEINDE,15083030,Gemeinde Angern,Erststimmen,D03,DIE LINKE,145,1154,12.565
GEMEINDE,15083030,Gemeinde Angern,Erststimmen,D04,SPD,104,1154,9.0121
GEMEINDE,15083030,Gemeinde Angern,Erststimmen,D05,GRÜNE,34,1154,2.9463
GEMEINDE,15083030,Gemeinde Angern,Erststimmen,D06,FDP,60,1154,5.1993
GEMEINDE,15083030,Gemeinde Angern,Erststimmen,D07,FREIE WÄHLER,50,1154,4.3328
GEMEINDE,15083030,Gemeinde Angern,Erststimmen,D08,NPD,0,1154,0.0
GEMEINDE,15083030,Gemeinde Angern,Erststimmen,D09,Tierschutzpartei,0,1154,0.0
GEMEINDE,15083030,Gemeinde Angern,Erststimmen,D10,Tierschutzallianz,22,1154,1.9064
GEMEINDE,15083030,Gemeinde Angern,Erststimmen,D12,Die PARTEI,0,1154,0.0
GEMEINDE,15083030,Gemeinde Angern,Erststimmen,D13,Gartenpartei,0,1154,0.0
GEMEINDE,15083030,Gemeinde Angern,Erststimmen,D14,FBM,0,1154,0.0
GEMEINDE,15083030,Gemeinde Angern,Erststimmen,D16,dieBasis,19,1154,1.6464
GEMEINDE,15083030,Gemeinde Angern,Erststimmen,D21,ÖDP,0,1154,0.0
GEMEINDE,15083030,Gemeinde Angern,Erststimmen,D26,Andere KWV,5,1154,0.4333
GEMEINDE,15083030,Gemeinde Angern,Erststimmen,D27,Andere KWV,0,1154,0.0
GEMEINDE,15083030,Gemeinde Angern,Erststimmen,D28,Andere KWV,0,1154,0.0
GEMEINDE,15083030,Gemeinde Angern,Zweitstimmen,F01,CDU,417,1155,36.1039
GEMEINDE,15083030,Gemeinde Angern,Zweitstimmen,F02,AfD,286,1155,24.7619
GEMEINDE,15083030,Gemeinde Angern,Zweitstimmen,F03,DIE LINKE,144,1155,12.4675
GEMEINDE,15083030,Gemeinde Angern,Zweitstimmen,F04,SPD,87,1155,7.5325
GEMEINDE,15083030,Gemeinde Angern,Zweitstimmen,F05,GRÜNE,31,1155,2.684
GEMEINDE,15083030,Gemeinde Angern,Zweitstimmen,F06,FDP,67,1155,5.8009
GEMEINDE,15083030,Gemeinde Angern,Zweitstimmen,F07,FREIE WÄHLER,44,1155,3.8095
GEMEINDE,15083030,Gemeinde Angern,Zweitstimmen,F08,NPD,2,1155,0.1732
GEMEINDE,15083030,Gemeinde Angern,Zweitstimmen,F09,Tierschutzpartei,13,1155,1.1255
GEMEINDE,15083030,Gemeinde Angern,Zweitstimmen,F10,Tierschutzallianz,10,1155,0.8658
GEMEINDE,15083030,Gemeinde Angern,Zweitstimmen,F11,LKR,1,1155,0.0866
GEMEINDE,15083030,Gemeinde Angern,Zweitstimmen,F12,Die PARTEI,7,1155,0.6061
GEMEINDE,15083030,Gemeinde Angern,Zweitstimmen,F13,Gartenpartei,8,1155,0.6926
GEMEINDE,15083030,Gemeinde Angern,Zweitstimmen,F14,FBM,0,1155,0.0
GEMEINDE,15083030,Gemeinde Angern,Zweitstimmen,F15,TIERSCHUTZ hier!,8,1155,0.6926
GEMEINDE,15083030,Gemeinde Angern,Zweitstimmen,F16,dieBasis,19,1155,1.645
GEMEINDE,15083030,Gemeinde Angern,Zweitstimmen,F19,Klimaliste ST,0,1155,0.0
GEMEINDE,15083030,Gemeinde Angern,Zweitstimmen,F21,ÖDP,0,1155,0.0
GEMEINDE,15083030,Gemeinde Angern,Zweitstimmen,F22,Die Humanisten,2,1155,0.1732
GEMEINDE,15083030,Gemeinde Angern,Zweitstimmen,F23,Gesundheitsforschung,5,1155,0.4329
GEMEINDE,15083030,Gemeinde Angern,Zweitstimmen,F24,PIRATEN,4,1155,0.3463
GEMEINDE,15083030,Gemeinde Angern,Zweitstimmen,F25,WiR2020,0,1155,0.0
GEMEINDE,15083035,Gemeinde Ausleben,Erststimmen,D01,CDU,269,801,33.583
GEMEINDE,15083035,Gemeinde Ausleben,Erststimmen,D02,AfD,225,801,28.0899
GEMEINDE,15083035,Gemeinde Ausleben,Erststimmen,D03,DIE LINKE,64,801,7.99
GEMEINDE,15083035,Gemeinde Ausleben,Erststimmen,D04,SPD,138,801,17.2285
GEMEINDE,15083035,Gemeinde Ausleben,Erststimmen,D05,GRÜNE,23,801,2.8714
GEMEINDE,15083035,Gemeinde Ausleben,Erststimmen,D06,FDP,45,801,5.618
GEMEINDE,15083035,Gemeinde Ausleben,Erststimmen,D07,FREIE WÄHLER,37,801,4.6192
GEMEINDE,15083035,Gemeinde Ausleben,Erststimmen,D08,NPD,0,801,0.0
GEMEINDE,15083035,Gemeinde Ausleben,Erststimmen,D09,Tierschutzpartei,0,801,0.0
GEMEINDE,15083035,Gemeinde Ausleben,Erststimmen,D10,Tierschutzallianz,0,801,0.0
GEMEINDE,15083035,Gemeinde Ausleben,Erststimmen,D12,Die PARTEI,0,801,0.0
GEMEINDE,15083035,Gemeinde Ausleben,Erststimmen,D13,Gartenpartei,0,801,0.0
GEMEINDE,15083035,Gemeinde Ausleben,Erststimmen,D14,FBM,0,801,0.0
GEMEINDE,15083035,Gemeinde Ausleben,Erststimmen,D16,dieBasis,0,801,0.0
GEMEINDE,15083035,Gemeinde Ausleben,Erststimmen,D21,ÖDP,0,801,0.0
GEMEINDE,15083035,Gemeinde Ausleben,Erststimmen,D26,Andere KWV,0,801,0.0
GEMEINDE,15083035,Gemeinde Ausleben,Erststimmen,D27,Andere KWV,0,801,0.0
GEMEINDE,15083035,Gemeinde Ausleben,Erststimmen,D28,Andere KWV,0,801,0.0
GEMEINDE,15083035,Gemeinde Ausleben,Zweitstimmen,F01,CDU,320,806,39.7022
GEMEINDE,15083035,Gemeinde Ausleben,Zweitstimmen,F02,AfD,205,806,25.4342
GEMEINDE,15083035,Gemeinde Ausleben,Zweitstimmen,F03,DIE LINKE,63,806,7.8164
GEMEINDE,15083035,Gemeinde Ausleben,Zweitstimmen,F04,SPD,72,806,8.933
GEMEINDE,15083035,Gemeinde Ausleben,Zweitstimmen,F05,GRÜNE,22,806,2.7295
GEMEINDE,15083035,Gemeinde Ausleben,Zweitstimmen,F06,FDP,43,806,5.335
GEMEINDE,15083035,Gemeinde Ausleben,Zweitstimmen,F07,FREIE WÄHLER,17,806,2.1092
GEMEINDE,15083035,Gemeinde Ausleben,Zweitstimmen,F08,NPD,5,806,0.6203
GEMEINDE,15083035,Gemeinde Ausleben,Zweitstimmen,F09,Tierschutzpartei,9,806,1.1166
GEMEINDE,15083035,Gemeinde Ausleben,Zweitstimmen,F10,Tierschutzallianz,1,806,0.1241
GEMEINDE,15083035,Gemeinde Ausleben,Zweitstimmen,F11,LKR,0,806,0.0
GEMEINDE,15083035,Gemeinde Ausleben,Zweitstimmen,F12,Die PARTEI,7,806,0.8685
GEMEINDE,15083035,Gemeinde Ausleben,Zweitstimmen,F13,Gartenpartei,16,806,1.9851
GEMEINDE,15083035,Gemeinde Ausleben,Zweitstimmen,F14,FBM,3,806,0.3722
GEMEINDE,15083035,Gemeinde Ausleben,Zweitstimmen,F15,TIERSCHUTZ hier!,3,806,0.3722
GEMEINDE,15083035,Gemeinde Ausleben,Zweitstimmen,F16,dieBasis,15,806,1.861
GEMEINDE,15083035,Gemeinde Ausleben,Zweitstimmen,F19,Klimaliste ST,0,806,0.0
GEMEINDE,15083035,Gemeinde Ausleben,Zweitstimmen,F21,ÖDP,1,806,0.1241
GEMEINDE,15083035,Gemeinde Ausleben,Zweitstimmen,F22,Die Humanisten,1,806,0.1241
GEMEINDE,15083035,Gemeinde Ausleben,Zweitstimmen,F23,Gesundheitsforschung,1,806,0.1241
GEMEINDE,15083035,Gemeinde Ausleben,Zweitstimmen,F24,PIRATEN,2,806,0.2481
GEMEINDE,15083035,Gemeinde Ausleben,Zweitstimmen,F25,WiR2020,0,806,0.0
GEMEINDE,15083040,Gemeinde Barleben,Erststimmen,D01,CDU,2165,5303,40.8259
GEMEINDE,15083040,Gemeinde Barleben,Erststimmen,D02,AfD,976,5303,18.4047
GEMEINDE,15083040,Gemeinde Barleben,Erststimmen,D03,DIE LINKE,614,5303,11.5784
GEMEINDE,15083040,Gemeinde Barleben,Erststimmen,D04,SPD,447,5303,8.4292
GEMEINDE,15083040,Gemeinde Barleben,Erststimmen,D05,GRÜNE,315,5303,5.94
GEMEINDE,15083040,Gemeinde Barleben,Erststimmen,D06,FDP,309,5303,5.8269
GEMEINDE,15083040,Gemeinde Barleben,Erststimmen,D07,FREIE WÄHLER,223,5303,4.2052
GEMEINDE,15083040,Gemeinde Barleben,Erststimmen,D08,NPD,0,5303,0.0
GEMEINDE,15083040,Gemeinde Barleben,Erststimmen,D09,Tierschutzpartei,0,5303,0.0
GEMEINDE,15083040,Gemeinde Barleben,Erststimmen,D10,Tierschutzallianz,134,5303,2.5269
GEMEINDE,15083040,Gemeinde Barleben,Erststimmen,D12,Die PARTEI,0,5303,0.0
GEMEINDE,15083040,Gemeinde Barleben,Erststimmen,D13,Gartenpartei,0,5303,0.0
GEMEINDE,15083040,Gemeinde Barleben,Erststimmen,D14,FBM,0,5303,0.0
GEMEINDE,15083040,Gemeinde Barleben,Erststimmen,D16,dieBasis,102,5303,1.9234
GEMEINDE,15083040,Gemeinde Barleben,Erststimmen,D21,ÖDP,0,5303,0.0
GEMEINDE,15083040,Gemeinde Barleben,Erststimmen,D26,Andere KWV,18,5303,0.3394
GEMEINDE,15083040,Gemeinde Barleben,Erststimmen,D27,Andere KWV,0,5303,0.0
GEMEINDE,15083040,Gemeinde Barleben,Erststimmen,D28,Andere KWV,0,5303,0.0
GEMEINDE,15083040,Gemeinde Barleben,Zweitstimmen,F01,CDU,1968,5319,36.9994
GEMEINDE,15083040,Gemeinde Barleben,Zweitstimmen,F02,AfD,1047,5319,19.6842
GEMEINDE,15083040,Gemeinde Barleben,Zweitstimmen,F03,DIE LINKE,587,5319,11.0359
GEMEINDE,15083040,Gemeinde Barleben,Zweitstimmen,F04,SPD,404,5319,7.5954
GEMEINDE,15083040,Gemeinde Barleben,Zweitstimmen,F05,GRÜNE,314,5319,5.9034
GEMEINDE,15083040,Gemeinde Barleben,Zweitstimmen,F06,FDP,394,5319,7.4074
GEMEINDE,15083040,Gemeinde Barleben,Zweitstimmen,F07,FREIE WÄHLER,186,5319,3.4969
GEMEINDE,15083040,Gemeinde Barleben,Zweitstimmen,F08,NPD,11,5319,0.2068
GEMEINDE,15083040,Gemeinde Barleben,Zweitstimmen,F09,Tierschutzpartei,71,5319,1.3348
GEMEINDE,15083040,Gemeinde Barleben,Zweitstimmen,F10,Tierschutzallianz,56,5319,1.0528
GEMEINDE,15083040,Gemeinde Barleben,Zweitstimmen,F11,LKR,4,5319,0.0752
GEMEINDE,15083040,Gemeinde Barleben,Zweitstimmen,F12,Die PARTEI,27,5319,0.5076
GEMEINDE,15083040,Gemeinde Barleben,Zweitstimmen,F13,Gartenpartei,62,5319,1.1656
GEMEINDE,15083040,Gemeinde Barleben,Zweitstimmen,F14,FBM,1,5319,0.0188
GEMEINDE,15083040,Gemeinde Barleben,Zweitstimmen,F15,TIERSCHUTZ hier!,29,5319,0.5452
GEMEINDE,15083040,Gemeinde Barleben,Zweitstimmen,F16,dieBasis,105,5319,1.9741
GEMEINDE,15083040,Gemeinde Barleben,Zweitstimmen,F19,Klimaliste ST,2,5319,0.0376
GEMEINDE,15083040,Gemeinde Barleben,Zweitstimmen,F21,ÖDP,3,5319,0.0564
GEMEINDE,15083040,Gemeinde Barleben,Zweitstimmen,F22,Die Humanisten,12,5319,0.2256
GEMEINDE,15083040,Gemeinde Barleben,Zweitstimmen,F23,Gesundheitsforschung,22,5319,0.4136
GEMEINDE,15083040,Gemeinde Barleben,Zweitstimmen,F24,PIRATEN,13,5319,0.2444
GEMEINDE,15083040,Gemeinde Barleben,Zweitstimmen,F25,WiR2020,1,5319,0.0188
GEMEINDE,15083060,Gemeinde Beendorf,Erststimmen,D01,CDU,175,396,44.1919
GEMEINDE,15083060,Gemeinde Beendorf,Erststimmen,D02,AfD,55,396,13.8889
GEMEINDE,15083060,Gemeinde Beendorf,Erststimmen,D03,DIE LINKE,38,396,9.596
GEMEINDE,15083060,Gemeinde Beendorf,Erststimmen,D04,SPD,60,396,15.1515
GEMEINDE,15083060,Gemeinde Beendorf,Erststimmen,D05,GRÜNE,13,396,3.2828
GEMEINDE,15083060,Gemeinde Beendorf,Erststimmen,D06,FDP,29,396,7.3232
GEMEINDE,15083060,Gemeinde Beendorf,Erststimmen,D07,FREIE WÄHLER,15,396,3.7879
GEMEINDE,15083060,Gemeinde Beendorf,Erststimmen,D08,NPD,0,396,0.0
GEMEINDE,15083060,Gemeinde Beendorf,Erststimmen,D09,Tierschutzpartei,0,396,0.0
GEMEINDE,15083060,Gemeinde Beendorf,Erststimmen,D10,Tierschutzallianz,0,396,0.0
GEMEINDE,15083060,Gemeinde Beendorf,Erststimmen,D12,Die PARTEI,0,396,0.0
GEMEINDE,15083060,Gemeinde Beendorf,Erststimmen,D13,Gartenpartei,0,396,0.0
GEMEINDE,15083060,Gemeinde Beendorf,Erststimmen,D14,FBM,0,396,0.0
GEMEINDE,15083060,Gemeinde Beendorf,Erststimmen,D16,dieBasis,11,396,2.7778
GEMEINDE,15083060,Gemeinde Beendorf,Erststimmen,D21,ÖDP,0,396,0.0
GEMEINDE,15083060,Gemeinde Beendorf,Erststimmen,D26,Andere KWV,0,396,0.0
GEMEINDE,15083060,Gemeinde Beendorf,Erststimmen,D27,Andere KWV,0,396,0.0
GEMEINDE,15083060,Gemeinde Beendorf,Erststimmen,D28,Andere KWV,0,396,0.0
GEMEINDE,15083060,Gemeinde Beendorf,Zweitstimmen,F01,CDU,171,395,43.2911
GEMEINDE,15083060,Gemeinde Beendorf,Zweitstimmen,F02,AfD,47,395,11.8987
GEMEINDE,15083060,Gemeinde Beendorf,Zweitstimmen,F03,DIE LINKE,34,395,8.6076
GEMEINDE,15083060,Gemeinde Beendorf,Zweitstimmen,F04,SPD,52,395,13.1646
GEMEINDE,15083060,Gemeinde Beendorf,Zweitstimmen,F05,GRÜNE,16,395,4.0506
GEMEINDE,15083060,Gemeinde Beendorf,Zweitstimmen,F06,FDP,35,395,8.8608
GEMEINDE,15083060,Gemeinde Beendorf,Zweitstimmen,F07,FREIE WÄHLER,10,395,2.5316
GEMEINDE,15083060,Gemeinde Beendorf,Zweitstimmen,F08,NPD,1,395,0.2532
GEMEINDE,15083060,Gemeinde Beendorf,Zweitstimmen,F09,Tierschutzpartei,5,395,1.2658
GEMEINDE,15083060,Gemeinde Beendorf,Zweitstimmen,F10,Tierschutzallianz,1,395,0.2532
GEMEINDE,15083060,Gemeinde Beendorf,Zweitstimmen,F11,LKR,0,395,0.0
GEMEINDE,15083060,Gemeinde Beendorf,Zweitstimmen,F12,Die PARTEI,1,395,0.2532
GEMEINDE,15083060,Gemeinde Beendorf,Zweitstimmen,F13,Gartenpartei,4,395,1.0127
GEMEINDE,15083060,Gemeinde Beendorf,Zweitstimmen,F14,FBM,0,395,0.0
GEMEINDE,15083060,Gemeinde Beendorf,Zweitstimmen,F15,TIERSCHUTZ hier!,3,395,0.7595
GEMEINDE,15083060,Gemeinde Beendorf,Zweitstimmen,F16,dieBasis,12,395,3.038
GEMEINDE,15083060,Gemeinde Beendorf,Zweitstimmen,F19,Klimaliste ST,0,395,0.0
GEMEINDE,15083060,Gemeinde Beendorf,Zweitstimmen,F21,ÖDP,0,395,0.0
GEMEINDE,15083060,Gemeinde Beendorf,Zweitstimmen,F22,Die Humanisten,0,395,0.0
GEMEINDE,15083060,Gemeinde Beendorf,Zweitstimmen,F23,Gesundheitsforschung,3,395,0.7595
GEMEINDE,15083060,Gemeinde Beendorf,Zweitstimmen,F24,PIRATEN,0,395,0.0
GEMEINDE,15083060,Gemeinde Beendorf,Zweitstimmen,F25,WiR2020,0,395,0.0
GEMEINDE,15083115,Gemeinde Bülstringen,Erststimmen,D01,CDU,236,517,45.648
GEMEINDE,15083115,Gemeinde Bülstringen,Erststimmen,D02,AfD,118,517,22.824
GEMEINDE,15083115,Gemeinde Bülstringen,Erststimmen,D03,DIE LINKE,43,517,8.3172
GEMEINDE,15083115,Gemeinde Bülstringen,Erststimmen,D04,SPD,36,517,6.9632
GEMEINDE,15083115,Gemeinde Bülstringen,Erststimmen,D05,GRÜNE,11,517,2.1277
GEMEINDE,15083115,Gemeinde Bülstringen,Erststimmen,D06,FDP,27,517,5.2224
GEMEINDE,15083115,Gemeinde Bülstringen,Erststimmen,D07,FREIE WÄHLER,37,517,7.1567
GEMEINDE,15083115,Gemeinde Bülstringen,Erststimmen,D08,NPD,0,517,0.0
GEMEINDE,15083115,Gemeinde Bülstringen,Erststimmen,D09,Tierschutzpartei,0,517,0.0
GEMEINDE,15083115,Gemeinde Bülstringen,Erststimmen,D10,Tierschutzallianz,0,517,0.0
GEMEINDE,15083115,Gemeinde Bülstringen,Erststimmen,D12,Die PARTEI,0,517,0.0
GEMEINDE,15083115,Gemeinde Bülstringen,Erststimmen,D13,Gartenpartei,0,517,0.0
GEMEINDE,15083115,Gemeinde Bülstringen,Erststimmen,D14,FBM,0,517,0.0
GEMEINDE,15083115,Gemeinde Bülstringen,Erststimmen,D16,dieBasis,9,517,1.7408
GEMEINDE,15083115,Gemeinde Bülstringen,Erststimmen,D21,ÖDP,0,517,0.0
GEMEINDE,15083115,Gemeinde Bülstringen,Erststimmen,D26,Andere KWV,0,517,0.0
GEMEINDE,15083115,Gemeinde Bülstringen,Erststimmen,D27,Andere KWV,0,517,0.0
GEMEINDE,15083115,Gemeinde Bülstringen,Erststimmen,D28,Andere KWV,0,517,0.0
GEMEINDE,15083115,Gemeinde Bülstringen,Zweitstimmen,F01,CDU,233,518,44.9807
GEMEINDE,15083115,Gemeinde Bülstringen,Zweitstimmen,F02,AfD,109,518,21.0425
GEMEINDE,15083115,Gemeinde Bülstringen,Zweitstimmen,F03,DIE LINKE,38,518,7.3359
GEMEINDE,15083115,Gemeinde Bülstringen,Zweitstimmen,F04,SPD,23,518,4.4402
GEMEINDE,15083115,Gemeinde Bülstringen,Zweitstimmen,F05,GRÜNE,8,518,1.5444
GEMEINDE,15083115,Gemeinde Bülstringen,Zweitstimmen,F06,FDP,36,518,6.9498
GEMEINDE,15083115,Gemeinde Bülstringen,Zweitstimmen,F07,FREIE WÄHLER,33,518,6.3707
GEMEINDE,15083115,Gemeinde Bülstringen,Zweitstimmen,F08,NPD,7,518,1.3514
GEMEINDE,15083115,Gemeinde Bülstringen,Zweitstimmen,F09,Tierschutzpartei,10,518,1.9305
GEMEINDE,15083115,Gemeinde Bülstringen,Zweitstimmen,F10,Tierschutzallianz,3,518,0.5792
GEMEINDE,15083115,Gemeinde Bülstringen,Zweitstimmen,F11,LKR,1,518,0.1931
GEMEINDE,15083115,Gemeinde Bülstringen,Zweitstimmen,F12,Die PARTEI,0,518,0.0
GEMEINDE,15083115,Gemeinde Bülstringen,Zweitstimmen,F13,Gartenpartei,5,518,0.9653
GEMEINDE,15083115,Gemeinde Bülstringen,Zweitstimmen,F14,FBM,0,518,0.0
GEMEINDE,15083115,Gemeinde Bülstringen,Zweitstimmen,F15,TIERSCHUTZ hier!,0,518,0.0
GEMEINDE,15083115,Gemeinde Bülstringen,Zweitstimmen,F16,dieBasis,1,518,0.1931
GEMEINDE,15083115,Gemeinde Bülstringen,Zweitstimmen,F19,Klimaliste ST,0,518,0.0
GEMEINDE,15083115,Gemeinde Bülstringen,Zweitstimmen,F21,ÖDP,0,518,0.0
GEMEINDE,15083115,Gemeinde Bülstringen,Zweitstimmen,F22,Die Humanisten,2,518,0.3861
GEMEINDE,15083115,Gemeinde Bülstringen,Zweitstimmen,F23,Gesundheitsforschung,5,518,0.9653
GEMEINDE,15083115,Gemeinde Bülstringen,Zweitstimmen,F24,PIRATEN,1,518,0.1931
GEMEINDE,15083115,Gemeinde Bülstringen,Zweitstimmen,F25,WiR2020,3,518,0.5792
GEMEINDE,15083120,Gemeinde Burgstall,Erststimmen,D01,CDU,318,838,37.9475
GEMEINDE,15083120,Gemeinde Burgstall,Erststimmen,D02,AfD,235,838,28.043
GEMEINDE,15083120,Gemeinde Burgstall,Erststimmen,D03,DIE LINKE,86,838,10.2625
GEMEINDE,15083120,Gemeinde Burgstall,Erststimmen,D04,SPD,61,838,7.2792
GEMEINDE,15083120,Gemeinde Burgstall,Erststimmen,D05,GRÜNE,21,838,2.506
GEMEINDE,15083120,Gemeinde Burgstall,Erststimmen,D06,FDP,55,838,6.5632
GEMEINDE,15083120,Gemeinde Burgstall,Erststimmen,D07,FREIE WÄHLER,32,838,3.8186
GEMEINDE,15083120,Gemeinde Burgstall,Erststimmen,D08,NPD,0,838,0.0
GEMEINDE,15083120,Gemeinde Burgstall,Erststimmen,D09,Tierschutzpartei,0,838,0.0
GEMEINDE,15083120,Gemeinde Burgstall,Erststimmen,D10,Tierschutzallianz,16,838,1.9093
GEMEINDE,15083120,Gemeinde Burgstall,Erststimmen,D12,Die PARTEI,0,838,0.0
GEMEINDE,15083120,Gemeinde Burgstall,Erststimmen,D13,Gartenpartei,0,838,0.0
GEMEINDE,15083120,Gemeinde Burgstall,Erststimmen,D14,FBM,0,838,0.0
GEMEINDE,15083120,Gemeinde Burgstall,Erststimmen,D16,dieBasis,10,838,1.1933
GEMEINDE,15083120,Gemeinde Burgstall,Erststimmen,D21,ÖDP,0,838,0.0
GEMEINDE,15083120,Gemeinde Burgstall,Erststimmen,D26,Andere KWV,4,838,0.4773
GEMEINDE,15083120,Gemeinde Burgstall,Erststimmen,D27,Andere KWV,0,838,0.0
GEMEINDE,15083120,Gemeinde Burgstall,Erststimmen,D28,Andere KWV,0,838,0.0
GEMEINDE,15083120,Gemeinde Burgstall,Zweitstimmen,F01,CDU,302,841,35.9096
GEMEINDE,15083120,Gemeinde Burgstall,Zweitstimmen,F02,AfD,245,841,29.132
GEMEINDE,15083120,Gemeinde Burgstall,Zweitstimmen,F03,DIE LINKE,86,841,10.2259
GEMEINDE,15083120,Gemeinde Burgstall,Zweitstimmen,F04,SPD,54,841,6.4209
GEMEINDE,15083120,Gemeinde Burgstall,Zweitstimmen,F05,GRÜNE,19,841,2.2592
GEMEINDE,15083120,Gemeinde Burgstall,Zweitstimmen,F06,FDP,57,841,6.7776
GEMEINDE,15083120,Gemeinde Burgstall,Zweitstimmen,F07,FREIE WÄHLER,25,841,2.9727
GEMEINDE,15083120,Gemeinde Burgstall,Zweitstimmen,F08,NPD,3,841,0.3567
GEMEINDE,15083120,Gemeinde Burgstall,Zweitstimmen,F09,Tierschutzpartei,13,841,1.5458
GEMEINDE,15083120,Gemeinde Burgstall,Zweitstimmen,F10,Tierschutzallianz,6,841,0.7134
GEMEINDE,15083120,Gemeinde Burgstall,Zweitstimmen,F11,LKR,0,841,0.0
GEMEINDE,15083120,Gemeinde Burgstall,Zweitstimmen,F12,Die PARTEI,4,841,0.4756
GEMEINDE,15083120,Gemeinde Burgstall,Zweitstimmen,F13,Gartenpartei,2,841,0.2378
GEMEINDE,15083120,Gemeinde Burgstall,Zweitstimmen,F14,FBM,3,841,0.3567
GEMEINDE,15083120,Gemeinde Burgstall,Zweitstimmen,F15,TIERSCHUTZ hier!,4,841,0.4756
GEMEINDE,15083120,Gemeinde Burgstall,Zweitstimmen,F16,dieBasis,8,841,0.9512
GEMEINDE,15083120,Gemeinde Burgstall,Zweitstimmen,F19,Klimaliste ST,0,841,0.0
GEMEINDE,15083120,Gemeinde Burgstall,Zweitstimmen,F21,ÖDP,0,841,0.0
GEMEINDE,15083120,Gemeinde Burgstall,Zweitstimmen,F22,Die Humanisten,0,841,0.0
GEMEINDE,15083120,Gemeinde Burgstall,Zweitstimmen,F23,Gesundheitsforschung,5,841,0.5945
GEMEINDE,15083120,Gemeinde Burgstall,Zweitstimmen,F24,PIRATEN,4,841,0.4756
GEMEINDE,15083120,Gemeinde Burgstall,Zweitstimmen,F25,WiR2020,1,841,0.1189
GEMEINDE,15083125,Gemeinde Calvörde,Erststimmen,D01,CDU,623,1771,35.1779
GEMEINDE,15083125,Gemeinde Calvörde,Erststimmen,D02,AfD,432,1771,24.393
GEMEINDE,15083125,Gemeinde Calvörde,Erststimmen,D03,DIE LINKE,193,1771,10.8978
GEMEINDE,15083125,Gemeinde Calvörde,Erststimmen,D04,SPD,166,1771,9.3732
GEMEINDE,15083125,Gemeinde Calvörde,Erststimmen,D05,GRÜNE,65,1771,3.6702
GEMEINDE,15083125,Gemeinde Calvörde,Erststimmen,D06,FDP,109,1771,6.1547
GEMEINDE,15083125,Gemeinde Calvörde,Erststimmen,D07,FREIE WÄHLER,140,1771,7.9051
GEMEINDE,15083125,Gemeinde Calvörde,Erststimmen,D08,NPD,0,1771,0.0
GEMEINDE,15083125,Gemeinde Calvörde,Erststimmen,D09,Tierschutzpartei,0,1771,0.0
GEMEINDE,15083125,Gemeinde Calvörde,Erststimmen,D10,Tierschutzallianz,0,1771,0.0
GEMEINDE,15083125,Gemeinde Calvörde,Erststimmen,D12,Die PARTEI,0,1771,0.0
GEMEINDE,15083125,Gemeinde Calvörde,Erststimmen,D13,Gartenpartei,0,1771,0.0
GEMEINDE,15083125,Gemeinde Calvörde,Erststimmen,D14,FBM,0,1771,0.0
GEMEINDE,15083125,Gemeinde Calvörde,Erststimmen,D16,dieBasis,43,1771,2.428
GEMEINDE,15083125,Gemeinde Calvörde,Erststimmen,D21,ÖDP,0,1771,0.0
GEMEINDE,15083125,Gemeinde Calvörde,Erststimmen,D26,Andere KWV,0,1771,0.0
GEMEINDE,15083125,Gemeinde Calvörde,Erststimmen,D27,Andere KWV,0,1771,0.0
GEMEINDE,15083125,Gemeinde Calvörde,Erststimmen,D28,Andere KWV,0,1771,0.0
GEMEINDE,15083125,Gemeinde Calvörde,Zweitstimmen,F01,CDU,660,1774,37.2041
GEMEINDE,15083125,Gemeinde Calvörde,Zweitstimmen,F02,AfD,403,1774,22.717
GEMEINDE,15083125,Gemeinde Calvörde,Zweitstimmen,F03,DIE LINKE,171,1774,9.6392
GEMEINDE,15083125,Gemeinde Calvörde,Zweitstimmen,F04,SPD,137,1774,7.7227
GEMEINDE,15083125,Gemeinde Calvörde,Zweitstimmen,F05,GRÜNE,62,1774,3.4949
GEMEINDE,15083125,Gemeinde Calvörde,Zweitstimmen,F06,FDP,123,1774,6.9335
GEMEINDE,15083125,Gemeinde Calvörde,Zweitstimmen,F07,FREIE WÄHLER,91,1774,5.1297
GEMEINDE,15083125,Gemeinde Calvörde,Zweitstimmen,F08,NPD,3,1774,0.1691
GEMEINDE,15083125,Gemeinde Calvörde,Zweitstimmen,F09,Tierschutzpartei,16,1774,0.9019
GEMEINDE,15083125,Gemeinde Calvörde,Zweitstimmen,F10,Tierschutzallianz,11,1774,0.6201
GEMEINDE,15083125,Gemeinde Calvörde,Zweitstimmen,F11,LKR,0,1774,0.0
GEMEINDE,15083125,Gemeinde Calvörde,Zweitstimmen,F12,Die PARTEI,18,1774,1.0147
GEMEINDE,15083125,Gemeinde Calvörde,Zweitstimmen,F13,Gartenpartei,19,1774,1.071
GEMEINDE,15083125,Gemeinde Calvörde,Zweitstimmen,F14,FBM,0,1774,0.0
GEMEINDE,15083125,Gemeinde Calvörde,Zweitstimmen,F15,TIERSCHUTZ hier!,9,1774,0.5073
GEMEINDE,15083125,Gemeinde Calvörde,Zweitstimmen,F16,dieBasis,37,1774,2.0857
GEMEINDE,15083125,Gemeinde Calvörde,Zweitstimmen,F19,Klimaliste ST,1,1774,0.0564
GEMEINDE,15083125,Gemeinde Calvörde,Zweitstimmen,F21,ÖDP,0,1774,0.0
GEMEINDE,15083125,Gemeinde Calvörde,Zweitstimmen,F22,Die Humanisten,0,1774,0.0
GEMEINDE,15083125,Gemeinde Calvörde,Zweitstimmen,F23,Gesundheitsforschung,6,1774,0.3382
GEMEINDE,15083125,Gemeinde Calvörde,Zweitstimmen,F24,PIRATEN,5,1774,0.2818
GEMEINDE,15083125,Gemeinde Calvörde,Zweitstimmen,F25,WiR2020,2,1774,0.1127
GEMEINDE,15083130,Gemeinde Colbitz,Erststimmen,D01,CDU,774,1920,40.3125
GEMEINDE,15083130,Gemeinde Colbitz,Erststimmen,D02,AfD,475,1920,24.7396
GEMEINDE,15083130,Gemeinde Colbitz,Erststimmen,D03,DIE LINKE,226,1920,11.7708
GEMEINDE,15083130,Gemeinde Colbitz,Erststimmen,D04,SPD,139,1920,7.2396
GEMEINDE,15083130,Gemeinde Colbitz,Erststimmen,D05,GRÜNE,81,1920,4.2188
GEMEINDE,15083130,Gemeinde Colbitz,Erststimmen,D06,FDP,101,1920,5.2604
GEMEINDE,15083130,Gemeinde Colbitz,Erststimmen,D07,FREIE WÄHLER,51,1920,2.6562
GEMEINDE,15083130,Gemeinde Colbitz,Erststimmen,D08,NPD,0,1920,0.0
GEMEINDE,15083130,Gemeinde Colbitz,Erststimmen,D09,Tierschutzpartei,0,1920,0.0
GEMEINDE,15083130,Gemeinde Colbitz,Erststimmen,D10,Tierschutzallianz,36,1920,1.875
GEMEINDE,15083130,Gemeinde Colbitz,Erststimmen,D12,Die PARTEI,0,1920,0.0
GEMEINDE,15083130,Gemeinde Colbitz,Erststimmen,D13,Gartenpartei,0,1920,0.0
GEMEINDE,15083130,Gemeinde Colbitz,Erststimmen,D14,FBM,0,1920,0.0
GEMEINDE,15083130,Gemeinde Colbitz,Erststimmen,D16,dieBasis,24,1920,1.25
GEMEINDE,15083130,Gemeinde Colbitz,Erststimmen,D21,ÖDP,0,1920,0.0
GEMEINDE,15083130,Gemeinde Colbitz,Erststimmen,D26,Andere KWV,13,1920,0.6771
GEMEINDE,15083130,Gemeinde Colbitz,Erststimmen,D27,Andere KWV,0,1920,0.0
GEMEINDE,15083130,Gemeinde Colbitz,Erststimmen,D28,Andere KWV,0,1920,0.0
GEMEINDE,15083130,Gemeinde Colbitz,Zweitstimmen,F01,CDU,726,1917,37.8717
GEMEINDE,15083130,Gemeinde Colbitz,Zweitstimmen,F02,AfD,502,1917,26.1868
GEMEINDE,15083130,Gemeinde Colbitz,Zweitstimmen,F03,DIE LINKE,208,1917,10.8503
GEMEINDE,15083130,Gemeinde Colbitz,Zweitstimmen,F04,SPD,113,1917,5.8946
GEMEINDE,15083130,Gemeinde Colbitz,Zweitstimmen,F05,GRÜNE,94,1917,4.9035
GEMEINDE,15083130,Gemeinde Colbitz,Zweitstimmen,F06,FDP,128,1917,6.6771
GEMEINDE,15083130,Gemeinde Colbitz,Zweitstimmen,F07,FREIE WÄHLER,31,1917,1.6171
GEMEINDE,15083130,Gemeinde Colbitz,Zweitstimmen,F08,NPD,10,1917,0.5216
GEMEINDE,15083130,Gemeinde Colbitz,Zweitstimmen,F09,Tierschutzpartei,26,1917,1.3563
GEMEINDE,15083130,Gemeinde Colbitz,Zweitstimmen,F10,Tierschutzallianz,13,1917,0.6781
GEMEINDE,15083130,Gemeinde Colbitz,Zweitstimmen,F11,LKR,0,1917,0.0
GEMEINDE,15083130,Gemeinde Colbitz,Zweitstimmen,F12,Die PARTEI,8,1917,0.4173
GEMEINDE,15083130,Gemeinde Colbitz,Zweitstimmen,F13,Gartenpartei,8,1917,0.4173
GEMEINDE,15083130,Gemeinde Colbitz,Zweitstimmen,F14,FBM,0,1917,0.0
GEMEINDE,15083130,Gemeinde Colbitz,Zweitstimmen,F15,TIERSCHUTZ hier!,7,1917,0.3652
GEMEINDE,15083130,Gemeinde Colbitz,Zweitstimmen,F16,dieBasis,19,1917,0.9911
GEMEINDE,15083130,Gemeinde Colbitz,Zweitstimmen,F19,Klimaliste ST,0,1917,0.0
GEMEINDE,15083130,Gemeinde Colbitz,Zweitstimmen,F21,ÖDP,1,1917,0.0522
GEMEINDE,15083130,Gemeinde Colbitz,Zweitstimmen,F22,Die Humanisten,4,1917,0.2087
GEMEINDE,15083130,Gemeinde Colbitz,Zweitstimmen,F23,Gesundheitsforschung,8,1917,0.4173
GEMEINDE,15083130,Gemeinde Colbitz,Zweitstimmen,F24,PIRATEN,8,1917,0.4173
GEMEINDE,15083130,Gemeinde Colbitz,Zweitstimmen,F25,WiR2020,3,1917,0.1565
GEMEINDE,15083190,Gemeinde Eilsleben,Erststimmen,D01,CDU,671,1904,35.2416
GEMEINDE,15083190,Gemeinde Eilsleben,Erststimmen,D02,AfD,373,1904,19.5903
GEMEINDE,15083190,Gemeinde Eilsleben,Erststimmen,D03,DIE LINKE,225,1904,11.8172
GEMEINDE,15083190,Gemeinde Eilsleben,Erststimmen,D04,SPD,284,1904,14.916
GEMEINDE,15083190,Gemeinde Eilsleben,Erststimmen,D05,GRÜNE,75,1904,3.9391
GEMEINDE,15083190,Gemeinde Eilsleben,Erststimmen,D06,FDP,160,1904,8.4034
GEMEINDE,15083190,Gemeinde Eilsleben,Erststimmen,D07,FREIE WÄHLER,85,1904,4.4643
GEMEINDE,15083190,Gemeinde Eilsleben,Erststimmen,D08,NPD,0,1904,0.0
GEMEINDE,15083190,Gemeinde Eilsleben,Erststimmen,D09,Tierschutzpartei,0,1904,0.0
GEMEINDE,15083190,Gemeinde Eilsleben,Erststimmen,D10,Tierschutzallianz,0,1904,0.0
GEMEINDE,15083190,Gemeinde Eilsleben,Erststimmen,D12,Die PARTEI,0,1904,0.0
GEMEINDE,15083190,Gemeinde Eilsleben,Erststimmen,D13,Gartenpartei,0,1904,0.0
GEMEINDE,15083190,Gemeinde Eilsleben,Erststimmen,D14,FBM,0,1904,0.0
GEMEINDE,15083190,Gemeinde Eilsleben,Erststimmen,D16,dieBasis,31,1904,1.6282
GEMEINDE,15083190,Gemeinde Eilsleben,Erststimmen,D21,ÖDP,0,1904,0.0
GEMEINDE,15083190,Gemeinde Eilsleben,Erststimmen,D26,Andere KWV,0,1904,0.0
GEMEINDE,15083190,Gemeinde Eilsleben,Erststimmen,D27,Andere KWV,0,1904,0.0
GEMEINDE,15083190,Gemeinde Eilsleben,Erststimmen,D28,Andere KWV,0,1904,0.0
GEMEINDE,15083190,Gemeinde Eilsleben,Zweitstimmen,F01,CDU,727,1906,38.1427
GEMEINDE,15083190,Gemeinde Eilsleben,Zweitstimmen,F02,AfD,366,1906,19.2025
GEMEINDE,15083190,Gemeinde Eilsleben,Zweitstimmen,F03,DIE LINKE,208,1906,10.9129
GEMEINDE,15083190,Gemeinde Eilsleben,Zweitstimmen,F04,SPD,219,1906,11.49
GEMEINDE,15083190,Gemeinde Eilsleben,Zweitstimmen,F05,GRÜNE,71,1906,3.7251
GEMEINDE,15083190,Gemeinde Eilsleben,Zweitstimmen,F06,FDP,139,1906,7.2928
GEMEINDE,15083190,Gemeinde Eilsleben,Zweitstimmen,F07,FREIE WÄHLER,52,1906,2.7282
GEMEINDE,15083190,Gemeinde Eilsleben,Zweitstimmen,F08,NPD,11,1906,0.5771
GEMEINDE,15083190,Gemeinde Eilsleben,Zweitstimmen,F09,Tierschutzpartei,16,1906,0.8395
GEMEINDE,15083190,Gemeinde Eilsleben,Zweitstimmen,F10,Tierschutzallianz,9,1906,0.4722
GEMEINDE,15083190,Gemeinde Eilsleben,Zweitstimmen,F11,LKR,1,1906,0.0525
GEMEINDE,15083190,Gemeinde Eilsleben,Zweitstimmen,F12,Die PARTEI,8,1906,0.4197
GEMEINDE,15083190,Gemeinde Eilsleben,Zweitstimmen,F13,Gartenpartei,23,1906,1.2067
GEMEINDE,15083190,Gemeinde Eilsleben,Zweitstimmen,F14,FBM,1,1906,0.0525
GEMEINDE,15083190,Gemeinde Eilsleben,Zweitstimmen,F15,TIERSCHUTZ hier!,10,1906,0.5247
GEMEINDE,15083190,Gemeinde Eilsleben,Zweitstimmen,F16,dieBasis,16,1906,0.8395
GEMEINDE,15083190,Gemeinde Eilsleben,Zweitstimmen,F19,Klimaliste ST,2,1906,0.1049
GEMEINDE,15083190,Gemeinde Eilsleben,Zweitstimmen,F21,ÖDP,2,1906,0.1049
GEMEINDE,15083190,Gemeinde Eilsleben,Zweitstimmen,F22,Die Humanisten,2,1906,0.1049
GEMEINDE,15083190,Gemeinde Eilsleben,Zweitstimmen,F23,Gesundheitsforschung,11,1906,0.5771
GEMEINDE,15083190,Gemeinde Eilsleben,Zweitstimmen,F24,PIRATEN,5,1906,0.2623
GEMEINDE,15083190,Gemeinde Eilsleben,Zweitstimmen,F25,WiR2020,7,1906,0.3673
GEMEINDE,15083205,Gemeinde Erxleben,Erststimmen,D01,CDU,543,1355,40.0738
GEMEINDE,15083205,Gemeinde Erxleben,Erststimmen,D02,AfD,324,1355,23.9114
GEMEINDE,15083205,Gemeinde Erxleben,Erststimmen,D03,DIE LINKE,158,1355,11.6605
GEMEINDE,15083205,Gemeinde Erxleben,Erststimmen,D04,SPD,109,1355,8.0443
GEMEINDE,15083205,Gemeinde Erxleben,Erststimmen,D05,GRÜNE,44,1355,3.2472
GEMEINDE,15083205,Gemeinde Erxleben,Erststimmen,D06,FDP,64,1355,4.7232
GEMEINDE,15083205,Gemeinde Erxleben,Erststimmen,D07,FREIE WÄHLER,42,1355,3.0996
GEMEINDE,15083205,Gemeinde Erxleben,Erststimmen,D08,NPD,0,1355,0.0
GEMEINDE,15083205,Gemeinde Erxleben,Erststimmen,D09,Tierschutzpartei,0,1355,0.0
GEMEINDE,15083205,Gemeinde Erxleben,Erststimmen,D10,Tierschutzallianz,0,1355,0.0
GEMEINDE,15083205,Gemeinde Erxleben,Erststimmen,D12,Die PARTEI,0,1355,0.0
GEMEINDE,15083205,Gemeinde Erxleben,Erststimmen,D13,Gartenpartei,0,1355,0.0
GEMEINDE,15083205,Gemeinde Erxleben,Erststimmen,D14,FBM,0,1355,0.0
GEMEINDE,15083205,Gemeinde Erxleben,Erststimmen,D16,dieBasis,71,1355,5.2399
GEMEINDE,15083205,Gemeinde Erxleben,Erststimmen,D21,ÖDP,0,1355,0.0
GEMEINDE,15083205,Gemeinde Erxleben,Erststimmen,D26,Andere KWV,0,1355,0.0
GEMEINDE,15083205,Gemeinde Erxleben,Erststimmen,D27,Andere KWV,0,1355,0.0
GEMEINDE,15083205,Gemeinde Erxleben,Erststimmen,D28,Andere KWV,0,1355,0.0
GEMEINDE,15083205,Gemeinde Erxleben,Zweitstimmen,F01,CDU,558,1355,41.1808
GEMEINDE,15083205,Gemeinde Erxleben,Zweitstimmen,F02,AfD,295,1355,21.7712
GEMEINDE,15083205,Gemeinde Erxleben,Zweitstimmen,F03,DIE LINKE,149,1355,10.9963
GEMEINDE,15083205,Gemeinde Erxleben,Zweitstimmen,F04,SPD,82,1355,6.0517
GEMEINDE,15083205,Gemeinde Erxleben,Zweitstimmen,F05,GRÜNE,50,1355,3.69
GEMEINDE,15083205,Gemeinde Erxleben,Zweitstimmen,F06,FDP,62,1355,4.5756
GEMEINDE,15083205,Gemeinde Erxleben,Zweitstimmen,F07,FREIE WÄHLER,36,1355,2.6568
GEMEINDE,15083205,Gemeinde Erxleben,Zweitstimmen,F08,NPD,4,1355,0.2952
GEMEINDE,15083205,Gemeinde Erxleben,Zweitstimmen,F09,Tierschutzpartei,24,1355,1.7712
GEMEINDE,15083205,Gemeinde Erxleben,Zweitstimmen,F10,Tierschutzallianz,7,1355,0.5166
GEMEINDE,15083205,Gemeinde Erxleben,Zweitstimmen,F11,LKR,0,1355,0.0
GEMEINDE,15083205,Gemeinde Erxleben,Zweitstimmen,F12,Die PARTEI,8,1355,0.5904
GEMEINDE,15083205,Gemeinde Erxleben,Zweitstimmen,F13,Gartenpartei,8,1355,0.5904
GEMEINDE,15083205,Gemeinde Erxleben,Zweitstimmen,F14,FBM,0,1355,0.0
GEMEINDE,15083205,Gemeinde Erxleben,Zweitstimmen,F15,TIERSCHUTZ hier!,10,1355,0.738
GEMEINDE,15083205,Gemeinde Erxleben,Zweitstimmen,F16,dieBasis,49,1355,3.6162
GEMEINDE,15083205,Gemeinde Erxleben,Zweitstimmen,F19,Klimaliste ST,1,1355,0.0738
GEMEINDE,15083205,Gemeinde Erxleben,Zweitstimmen,F21,ÖDP,0,1355,0.0
GEMEINDE,15083205,Gemeinde Erxleben,Zweitstimmen,F22,Die Humanisten,0,1355,0.0
GEMEINDE,15083205,Gemeinde Erxleben,Zweitstimmen,F23,Gesundheitsforschung,3,1355,0.2214
GEMEINDE,15083205,Gemeinde Erxleben,Zweitstimmen,F24,PIRATEN,8,1355,0.5904
GEMEINDE,15083205,Gemeinde Erxleben,Zweitstimmen,F25,WiR2020,1,1355,0.0738
GEMEINDE,15083230,Gemeinde Flechtingen,Erststimmen,D01,CDU,636,1405,45.2669
GEMEINDE,15083230,Gemeinde Flechtingen,Erststimmen,D02,AfD,277,1405,19.7153
GEMEINDE,15083230,Gemeinde Flechtingen,Erststimmen,D03,DIE LINKE,125,1405,8.8968
GEMEINDE,15083230,Gemeinde Flechtingen,Erststimmen,D04,SPD,132,1405,9.395
GEMEINDE,15083230,Gemeinde Flechtingen,Erststimmen,D05,GRÜNE,71,1405,5.0534
GEMEINDE,15083230,Gemeinde Flechtingen,Erststimmen,D06,FDP,66,1405,4.6975
GEMEINDE,15083230,Gemeinde Flechtingen,Erststimmen,D07,FREIE WÄHLER,59,1405,4.1993
GEMEINDE,15083230,Gemeinde Flechtingen,Erststimmen,D08,NPD,0,1405,0.0
GEMEINDE,15083230,Gemeinde Flechtingen,Erststimmen,D09,Tierschutzpartei,0,1405,0.0
GEMEINDE,15083230,Gemeinde Flechtingen,Erststimmen,D10,Tierschutzallianz,0,1405,0.0
GEMEINDE,15083230,Gemeinde Flechtingen,Erststimmen,D12,Die PARTEI,0,1405,0.0
GEMEINDE,15083230,Gemeinde Flechtingen,Erststimmen,D13,Gartenpartei,0,1405,0.0
GEMEINDE,15083230,Gemeinde Flechtingen,Erststimmen,D14,FBM,0,1405,0.0
GEMEINDE,15083230,Gemeinde Flechtingen,Erststimmen,D16,dieBasis,39,1405,2.7758
GEMEINDE,15083230,Gemeinde Flechtingen,Erststimmen,D21,ÖDP,0,1405,0.0
GEMEINDE,15083230,Gemeinde Flechtingen,Erststimmen,D26,Andere KWV,0,1405,0.0
GEMEINDE,15083230,Gemeinde Flechtingen,Erststimmen,D27,Andere KWV,0,1405,0.0
GEMEINDE,15083230,Gemeinde Flechtingen,Erststimmen,D28,Andere KWV,0,1405,0.0
GEMEINDE,15083230,Gemeinde Flechtingen,Zweitstimmen,F01,CDU,607,1403,43.2644
GEMEINDE,15083230,Gemeinde Flechtingen,Zweitstimmen,F02,AfD,257,1403,18.3179
GEMEINDE,15083230,Gemeinde Flechtingen,Zweitstimmen,F03,DIE LINKE,130,1403,9.2659
GEMEINDE,15083230,Gemeinde Flechtingen,Zweitstimmen,F04,SPD,131,1403,9.3371
GEMEINDE,15083230,Gemeinde Flechtingen,Zweitstimmen,F05,GRÜNE,70,1403,4.9893
GEMEINDE,15083230,Gemeinde Flechtingen,Zweitstimmen,F06,FDP,77,1403,5.4882
GEMEINDE,15083230,Gemeinde Flechtingen,Zweitstimmen,F07,FREIE WÄHLER,41,1403,2.9223
GEMEINDE,15083230,Gemeinde Flechtingen,Zweitstimmen,F08,NPD,5,1403,0.3564
GEMEINDE,15083230,Gemeinde Flechtingen,Zweitstimmen,F09,Tierschutzpartei,15,1403,1.0691
GEMEINDE,15083230,Gemeinde Flechtingen,Zweitstimmen,F10,Tierschutzallianz,4,1403,0.2851
GEMEINDE,15083230,Gemeinde Flechtingen,Zweitstimmen,F11,LKR,0,1403,0.0
GEMEINDE,15083230,Gemeinde Flechtingen,Zweitstimmen,F12,Die PARTEI,5,1403,0.3564
GEMEINDE,15083230,Gemeinde Flechtingen,Zweitstimmen,F13,Gartenpartei,5,1403,0.3564
GEMEINDE,15083230,Gemeinde Flechtingen,Zweitstimmen,F14,FBM,1,1403,0.0713
GEMEINDE,15083230,Gemeinde Flechtingen,Zweitstimmen,F15,TIERSCHUTZ hier!,1,1403,0.0713
GEMEINDE,15083230,Gemeinde Flechtingen,Zweitstimmen,F16,dieBasis,42,1403,2.9936
GEMEINDE,15083230,Gemeinde Flechtingen,Zweitstimmen,F19,Klimaliste ST,0,1403,0.0
GEMEINDE,15083230,Gemeinde Flechtingen,Zweitstimmen,F21,ÖDP,0,1403,0.0
GEMEINDE,15083230,Gemeinde Flechtingen,Zweitstimmen,F22,Die Humanisten,0,1403,0.0
GEMEINDE,15083230,Gemeinde Flechtingen,Zweitstimmen,F23,Gesundheitsforschung,4,1403,0.2851
GEMEINDE,15083230,Gemeinde Flechtingen,Zweitstimmen,F24,PIRATEN,5,1403,0.3564
GEMEINDE,15083230,Gemeinde Flechtingen,Zweitstimmen,F25,WiR2020,3,1403,0.2138
GEMEINDE,15083245,Stadt Gröningen,Erststimmen,D01,CDU,588,1795,32.7577
GEMEINDE,15083245,Stadt Gröningen,Erststimmen,D02,AfD,440,1795,24.5125
GEMEINDE,15083245,Stadt Gröningen,Erststimmen,D03,DIE LINKE,191,1795,10.6407
GEMEINDE,15083245,Stadt Gröningen,Erststimmen,D04,SPD,293,1795,16.3231
GEMEINDE,15083245,Stadt Gröningen,Erststimmen,D05,GRÜNE,46,1795,2.5627
GEMEINDE,15083245,Stadt Gröningen,Erststimmen,D06,FDP,122,1795,6.7967
GEMEINDE,15083245,Stadt Gröningen,Erststimmen,D07,FREIE WÄHLER,115,1795,6.4067
GEMEINDE,15083245,Stadt Gröningen,Erststimmen,D08,NPD,0,1795,0.0
GEMEINDE,15083245,Stadt Gröningen,Erststimmen,D09,Tierschutzpartei,0,1795,0.0
GEMEINDE,15083245,Stadt Gröningen,Erststimmen,D10,Tierschutzallianz,0,1795,0.0
GEMEINDE,15083245,Stadt Gröningen,Erststimmen,D12,Die PARTEI,0,1795,0.0
GEMEINDE,15083245,Stadt Gröningen,Erststimmen,D13,Gartenpartei,0,1795,0.0
GEMEINDE,15083245,Stadt Gröningen,Erststimmen,D14,FBM,0,1795,0.0
GEMEINDE,15083245,Stadt Gröningen,Erststimmen,D16,dieBasis,0,1795,0.0
GEMEINDE,15083245,Stadt Gröningen,Erststimmen,D21,ÖDP,0,1795,0.0
GEMEINDE,15083245,Stadt Gröningen,Erststimmen,D26,Andere KWV,0,1795,0.0
GEMEINDE,15083245,Stadt Gröningen,Erststimmen,D27,Andere KWV,0,1795,0.0
GEMEINDE,15083245,Stadt Gröningen,Erststimmen,D28,Andere KWV,0,1795,0.0
GEMEINDE,15083245,Stadt Gröningen,Zweitstimmen,F01,CDU,664,1803,36.8275
GEMEINDE,15083245,Stadt Gröningen,Zweitstimmen,F02,AfD,421,1803,23.35
GEMEINDE,15083245,Stadt Gröningen,Zweitstimmen,F03,DIE LINKE,177,1803,9.817
GEMEINDE,15083245,Stadt Gröningen,Zweitstimmen,F04,SPD,189,1803,10.4825
GEMEINDE,15083245,Stadt Gröningen,Zweitstimmen,F05,GRÜNE,47,1803,2.6068
GEMEINDE,15083245,Stadt Gröningen,Zweitstimmen,F06,FDP,112,1803,6.2119
GEMEINDE,15083245,Stadt Gröningen,Zweitstimmen,F07,FREIE WÄHLER,51,1803,2.8286
GEMEINDE,15083245,Stadt Gröningen,Zweitstimmen,F08,NPD,1,1803,0.0555
GEMEINDE,15083245,Stadt Gröningen,Zweitstimmen,F09,Tierschutzpartei,28,1803,1.553
GEMEINDE,15083245,Stadt Gröningen,Zweitstimmen,F10,Tierschutzallianz,12,1803,0.6656
GEMEINDE,15083245,Stadt Gröningen,Zweitstimmen,F11,LKR,0,1803,0.0
GEMEINDE,15083245,Stadt Gröningen,Zweitstimmen,F12,Die PARTEI,6,1803,0.3328
GEMEINDE,15083245,Stadt Gröningen,Zweitstimmen,F13,Gartenpartei,16,1803,0.8874
GEMEINDE,15083245,Stadt Gröningen,Zweitstimmen,F14,FBM,3,1803,0.1664
GEMEINDE,15083245,Stadt Gröningen,Zweitstimmen,F15,TIERSCHUTZ hier!,11,1803,0.6101
GEMEINDE,15083245,Stadt Gröningen,Zweitstimmen,F16,dieBasis,42,1803,2.3295
GEMEINDE,15083245,Stadt Gröningen,Zweitstimmen,F19,Klimaliste ST,1,1803,0.0555
GEMEINDE,15083245,Stadt Gröningen,Zweitstimmen,F21,ÖDP,0,1803,0.0
GEMEINDE,15083245,Stadt Gröningen,Zweitstimmen,F22,Die Humanisten,2,1803,0.1109
GEMEINDE,15083245,Stadt Gröningen,Zweitstimmen,F23,Gesundheitsforschung,7,1803,0.3882
GEMEINDE,15083245,Stadt Gröningen,Zweitstimmen,F24,PIRATEN,5,1803,0.2773
GEMEINDE,15083245,Stadt Gröningen,Zweitstimmen,F25,WiR2020,8,1803,0.4437
GEMEINDE,15083270,Stadt Haldensleben,Erststimmen,D01,CDU,3188,8875,35.9211
GEMEINDE,15083270,Stadt Haldensleben,Erststimmen,D02,AfD,2300,8875,25.9155
GEMEINDE,15083270,Stadt Haldensleben,Erststimmen,D03,DIE LINKE,1083,8875,12.2028
GEMEINDE,15083270,Stadt Haldensleben,Erststimmen,D04,SPD,955,8875,10.7606
GEMEINDE,15083270,Stadt Haldensleben,Erststimmen,D05,GRÜNE,457,8875,5.1493
GEMEINDE,15083270,Stadt Haldensleben,Erststimmen,D06,FDP,401,8875,4.5183
GEMEINDE,15083270,Stadt Haldensleben,Erststimmen,D07,FREIE WÄHLER,330,8875,3.7183
GEMEINDE,15083270,Stadt Haldensleben,Erststimmen,D08,NPD,0,8875,0.0
GEMEINDE,15083270,Stadt Haldensleben,Erststimmen,D09,Tierschutzpartei,0,8875,0.0
GEMEINDE,15083270,Stadt Haldensleben,Erststimmen,D10,Tierschutzallianz,0,8875,0.0
GEMEINDE,15083270,Stadt Haldensleben,Erststimmen,D12,Die PARTEI,0,8875,0.0
GEMEINDE,15083270,Stadt Haldensleben,Erststimmen,D13,Gartenpartei,0,8875,0.0
GEMEINDE,15083270,Stadt Haldensleben,Erststimmen,D14,FBM,0,8875,0.0
GEMEINDE,15083270,Stadt Haldensleben,Erststimmen,D16,dieBasis,161,8875,1.8141
GEMEINDE,15083270,Stadt Haldensleben,Erststimmen,D21,ÖDP,0,8875,0.0
GEMEINDE,15083270,Stadt Haldensleben,Erststimmen,D26,Andere KWV,0,8875,0.0
GEMEINDE,15083270,Stadt Haldensleben,Erststimmen,D27,Andere KWV,0,8875,0.0
GEMEINDE,15083270,Stadt Haldensleben,Erststimmen,D28,Andere KWV,0,8875,0.0
GEMEINDE,15083270,Stadt Haldensleben,Zweitstimmen,F01,CDU,3332,8886,37.4972
GEMEINDE,15083270,Stadt Haldensleben,Zweitstimmen,F02,AfD,2054,8886,23.115
GEMEINDE,15083270,Stadt Haldensleben,Zweitstimmen,F03,DIE LINKE,926,8886,10.4209
GEMEINDE,15083270,Stadt Haldensleben,Zweitstimmen,F04,SPD,762,8886,8.5753
GEMEINDE,15083270,Stadt Haldensleben,Zweitstimmen,F05,GRÜNE,438,8886,4.9291
GEMEINDE,15083270,Stadt Haldensleben,Zweitstimmen,F06,FDP,492,8886,5.5368
GEMEINDE,15083270,Stadt Haldensleben,Zweitstimmen,F07,FREIE WÄHLER,215,8886,2.4195
GEMEINDE,15083270,Stadt Haldensleben,Zweitstimmen,F08,NPD,32,8886,0.3601
GEMEINDE,15083270,Stadt Haldensleben,Zweitstimmen,F09,Tierschutzpartei,135,8886,1.5192
GEMEINDE,15083270,Stadt Haldensleben,Zweitstimmen,F10,Tierschutzallianz,40,8886,0.4501
GEMEINDE,15083270,Stadt Haldensleben,Zweitstimmen,F11,LKR,5,8886,0.0563
GEMEINDE,15083270,Stadt Haldensleben,Zweitstimmen,F12,Die PARTEI,67,8886,0.754
GEMEINDE,15083270,Stadt Haldensleben,Zweitstimmen,F13,Gartenpartei,55,8886,0.619
GEMEINDE,15083270,Stadt Haldensleben,Zweitstimmen,F14,FBM,3,8886,0.0338
GEMEINDE,15083270,Stadt Haldensleben,Zweitstimmen,F15,TIERSCHUTZ hier!,70,8886,0.7878
GEMEINDE,15083270,Stadt Haldensleben,Zweitstimmen,F16,dieBasis,152,8886,1.7106
GEMEINDE,15083270,Stadt Haldensleben,Zweitstimmen,F19,Klimaliste ST,4,8886,0.045
GEMEINDE,15083270,Stadt Haldensleben,Zweitstimmen,F21,ÖDP,11,8886,0.1238
GEMEINDE,15083270,Stadt Haldensleben,Zweitstimmen,F22,Die Humanisten,8,8886,0.09
GEMEINDE,15083270,Stadt Haldensleben,Zweitstimmen,F23,Gesundheitsforschung,36,8886,0.4051
GEMEINDE,15083270,Stadt Haldensleben,Zweitstimmen,F24,PIRATEN,37,8886,0.4164
GEMEINDE,15083270,Stadt Haldensleben,Zweitstimmen,F25,WiR2020,12,8886,0.135
GEMEINDE,15083275,Gemeinde Harbke,Erststimmen,D01,CDU,192,690,27.8261
GEMEINDE,15083275,Gemeinde Harbke,Erststimmen,D02,AfD,154,690,22.3188
GEMEINDE,15083275,Gemeinde Harbke,Erststimmen,D03,DIE LINKE,104,690,15.0725
GEMEINDE,15083275,Gemeinde Harbke,Erststimmen,D04,SPD,150,690,21.7391
GEMEINDE,15083275,Gemeinde Harbke,Erststimmen,D05,GRÜNE,19,690,2.7536
GEMEINDE,15083275,Gemeinde Harbke,Erststimmen,D06,FDP,31,690,4.4928
GEMEINDE,15083275,Gemeinde Harbke,Erststimmen,D07,FREIE WÄHLER,30,690,4.3478
GEMEINDE,15083275,Gemeinde Harbke,Erststimmen,D08,NPD,0,690,0.0
GEMEINDE,15083275,Gemeinde Harbke,Erststimmen,D09,Tierschutzpartei,0,690,0.0
GEMEINDE,15083275,Gemeinde Harbke,Erststimmen,D10,Tierschutzallianz,0,690,0.0
GEMEINDE,15083275,Gemeinde Harbke,Erststimmen,D12,Die PARTEI,0,690,0.0
GEMEINDE,15083275,Gemeinde Harbke,Erststimmen,D13,Gartenpartei,0,690,0.0
GEMEINDE,15083275,Gemeinde Harbke,Erststimmen,D14,FBM,0,690,0.0
GEMEINDE,15083275,Gemeinde Harbke,Erststimmen,D16,dieBasis,10,690,1.4493
GEMEINDE,15083275,Gemeinde Harbke,Erststimmen,D21,ÖDP,0,690,0.0
GEMEINDE,15083275,Gemeinde Harbke,Erststimmen,D26,Andere KWV,0,690,0.0
GEMEINDE,15083275,Gemeinde Harbke,Erststimmen,D27,Andere KWV,0,690,0.0
GEMEINDE,15083275,Gemeinde Harbke,Erststimmen,D28,Andere KWV,0,690,0.0
GEMEINDE,15083275,Gemeinde Harbke,Zweitstimmen,F01,CDU,216,698,30.9456
GEMEINDE,15083275,Gemeinde Harbke,Zweitstimmen,F02,AfD,155,698,22.2063
GEMEINDE,15083275,Gemeinde Harbke,Zweitstimmen,F03,DIE LINKE,92,698,13.1805
GEMEINDE,15083275,Gemeinde Harbke,Zweitstimmen,F04,SPD,95,698,13.6103
GEMEINDE,15083275,Gemeinde Harbke,Zweitstimmen,F05,GRÜNE,26,698,3.7249
GEMEINDE,15083275,Gemeinde Harbke,Zweitstimmen,F06,FDP,36,698,5.1576
GEMEINDE,15083275,Gemeinde Harbke,Zweitstimmen,F07,FREIE WÄHLER,15,698,2.149
GEMEINDE,15083275,Gemeinde Harbke,Zweitstimmen,F08,NPD,2,698,0.2865
GEMEINDE,15083275,Gemeinde Harbke,Zweitstimmen,F09,Tierschutzpartei,15,698,2.149
GEMEINDE,15083275,Gemeinde Harbke,Zweitstimmen,F10,Tierschutzallianz,4,698,0.5731
GEMEINDE,15083275,Gemeinde Harbke,Zweitstimmen,F11,LKR,0,698,0.0
GEMEINDE,15083275,Gemeinde Harbke,Zweitstimmen,F12,Die PARTEI,7,698,1.0029
GEMEINDE,15083275,Gemeinde Harbke,Zweitstimmen,F13,Gartenpartei,15,698,2.149
GEMEINDE,15083275,Gemeinde Harbke,Zweitstimmen,F14,FBM,0,698,0.0
GEMEINDE,15083275,Gemeinde Harbke,Zweitstimmen,F15,TIERSCHUTZ hier!,6,698,0.8596
GEMEINDE,15083275,Gemeinde Harbke,Zweitstimmen,F16,dieBasis,5,698,0.7163
GEMEINDE,15083275,Gemeinde Harbke,Zweitstimmen,F19,Klimaliste ST,0,698,0.0
GEMEINDE,15083275,Gemeinde Harbke,Zweitstimmen,F21,ÖDP,0,698,0.0
GEMEINDE,15083275,Gemeinde Harbke,Zweitstimmen,F22,Die Humanisten,0,698,0.0
GEMEINDE,15083275,Gemeinde Harbke,Zweitstimmen,F23,Gesundheitsforschung,2,698,0.2865
GEMEINDE,15083275,Gemeinde Harbke,Zweitstimmen,F24,PIRATEN,5,698,0.7163
GEMEINDE,15083275,Gemeinde Harbke,Zweitstimmen,F25,WiR2020,2,698,0.2865
GEMEINDE,15083298,Gemeinde Hohe Börde,Erststimmen,D01,CDU,4158,9828,42.3077
GEMEINDE,15083298,Gemeinde Hohe Börde,Erststimmen,D02,AfD,1810,9828,18.4168
GEMEINDE,15083298,Gemeinde Hohe Börde,Erststimmen,D03,DIE LINKE,870,9828,8.8523
GEMEINDE,15083298,Gemeinde Hohe Börde,Erststimmen,D04,SPD,736,9828,7.4888
GEMEINDE,15083298,Gemeinde Hohe Börde,Erststimmen,D05,GRÜNE,364,9828,3.7037
GEMEINDE,15083298,Gemeinde Hohe Börde,Erststimmen,D06,FDP,627,9828,6.3797
GEMEINDE,15083298,Gemeinde Hohe Börde,Erststimmen,D07,FREIE WÄHLER,854,9828,8.6895
GEMEINDE,15083298,Gemeinde Hohe Börde,Erststimmen,D08,NPD,0,9828,0.0
GEMEINDE,15083298,Gemeinde Hohe Börde,Erststimmen,D09,Tierschutzpartei,0,9828,0.0
GEMEINDE,15083298,Gemeinde Hohe Börde,Erststimmen,D10,Tierschutzallianz,213,9828,2.1673
GEMEINDE,15083298,Gemeinde Hohe Börde,Erststimmen,D12,Die PARTEI,0,9828,0.0
GEMEINDE,15083298,Gemeinde Hohe Börde,Erststimmen,D13,Gartenpartei,0,9828,0.0
GEMEINDE,15083298,Gemeinde Hohe Börde,Erststimmen,D14,FBM,0,9828,0.0
GEMEINDE,15083298,Gemeinde Hohe Börde,Erststimmen,D16,dieBasis,176,9828,1.7908
GEMEINDE,15083298,Gemeinde Hohe Börde,Erststimmen,D21,ÖDP,0,9828,0.0
GEMEINDE,15083298,Gemeinde Hohe Börde,Erststimmen,D26,Andere KWV,20,9828,0.2035
GEMEINDE,15083298,Gemeinde Hohe Börde,Erststimmen,D27,Andere KWV,0,9828,0.0
GEMEINDE,15083298,Gemeinde Hohe Börde,Erststimmen,D28,Andere KWV,0,9828,0.0
GEMEINDE,15083298,Gemeinde Hohe Börde,Zweitstimmen,F01,CDU,3584,9826,36.4747
GEMEINDE,15083298,Gemeinde Hohe Börde,Zweitstimmen,F02,AfD,2066,9826,21.0258
GEMEINDE,15083298,Gemeinde Hohe Börde,Zweitstimmen,F03,DIE LINKE,909,9826,9.251
GEMEINDE,15083298,Gemeinde Hohe Börde,Zweitstimmen,F04,SPD,769,9826,7.8262
GEMEINDE,15083298,Gemeinde Hohe Börde,Zweitstimmen,F05,GRÜNE,456,9826,4.6407
GEMEINDE,15083298,Gemeinde Hohe Börde,Zweitstimmen,F06,FDP,803,9826,8.1722
GEMEINDE,15083298,Gemeinde Hohe Börde,Zweitstimmen,F07,FREIE WÄHLER,464,9826,4.7222
GEMEINDE,15083298,Gemeinde Hohe Börde,Zweitstimmen,F08,NPD,28,9826,0.285
GEMEINDE,15083298,Gemeinde Hohe Börde,Zweitstimmen,F09,Tierschutzpartei,156,9826,1.5876
GEMEINDE,15083298,Gemeinde Hohe Börde,Zweitstimmen,F10,Tierschutzallianz,102,9826,1.0381
GEMEINDE,15083298,Gemeinde Hohe Börde,Zweitstimmen,F11,LKR,7,9826,0.0712
GEMEINDE,15083298,Gemeinde Hohe Börde,Zweitstimmen,F12,Die PARTEI,49,9826,0.4987
GEMEINDE,15083298,Gemeinde Hohe Börde,Zweitstimmen,F13,Gartenpartei,97,9826,0.9872
GEMEINDE,15083298,Gemeinde Hohe Börde,Zweitstimmen,F14,FBM,3,9826,0.0305
GEMEINDE,15083298,Gemeinde Hohe Börde,Zweitstimmen,F15,TIERSCHUTZ hier!,52,9826,0.5292
GEMEINDE,15083298,Gemeinde Hohe Börde,Zweitstimmen,F16,dieBasis,178,9826,1.8115
GEMEINDE,15083298,Gemeinde Hohe Börde,Zweitstimmen,F19,Klimaliste ST,3,9826,0.0305
GEMEINDE,15083298,Gemeinde Hohe Börde,Zweitstimmen,F21,ÖDP,14,9826,0.1425
GEMEINDE,15083298,Gemeinde Hohe Börde,Zweitstimmen,F22,Die Humanisten,10,9826,0.1018
GEMEINDE,15083298,Gemeinde Hohe Börde,Zweitstimmen,F23,Gesundheitsforschung,31,9826,0.3155
GEMEINDE,15083298,Gemeinde Hohe Börde,Zweitstimmen,F24,PIRATEN,38,9826,0.3867
GEMEINDE,15083298,Gemeinde Hohe Börde,Zweitstimmen,F25,WiR2020,7,9826,0.0712
GEMEINDE,15083320,Gemeinde Hötensleben,Erststimmen,D01,CDU,653,1723,37.899
GEMEINDE,15083320,Gemeinde Hötensleben,Erststimmen,D02,AfD,387,1723,22.4608
GEMEINDE,15083320,Gemeinde Hötensleben,Erststimmen,D03,DIE LINKE,157,1723,9.112
GEMEINDE,15083320,Gemeinde Hötensleben,Erststimmen,D04,SPD,258,1723,14.9739
GEMEINDE,15083320,Gemeinde Hötensleben,Erststimmen,D05,GRÜNE,49,1723,2.8439
GEMEINDE,15083320,Gemeinde Hötensleben,Erststimmen,D06,FDP,128,1723,7.4289
GEMEINDE,15083320,Gemeinde Hötensleben,Erststimmen,D07,FREIE WÄHLER,70,1723,4.0627
GEMEINDE,15083320,Gemeinde Hötensleben,Erststimmen,D08,NPD,0,1723,0.0
GEMEINDE,15083320,Gemeinde Hötensleben,Erststimmen,D09,Tierschutzpartei,0,1723,0.0
GEMEINDE,15083320,Gemeinde Hötensleben,Erststimmen,D10,Tierschutzallianz,0,1723,0.0
GEMEINDE,15083320,Gemeinde Hötensleben,Erststimmen,D12,Die PARTEI,0,1723,0.0
GEMEINDE,15083320,Gemeinde Hötensleben,Erststimmen,D13,Gartenpartei,0,1723,0.0
GEMEINDE,15083320,Gemeinde Hötensleben,Erststimmen,D14,FBM,0,1723,0.0
GEMEINDE,15083320,Gemeinde Hötensleben,Erststimmen,D16,dieBasis,21,1723,1.2188
GEMEINDE,15083320,Gemeinde Hötensleben,Erststimmen,D21,ÖDP,0,1723,0.0
GEMEINDE,15083320,Gemeinde Hötensleben,Erststimmen,D26,Andere KWV,0,1723,0.0
GEMEINDE,15083320,Gemeinde Hötensleben,Erststimmen,D27,Andere KWV,0,1723,0.0
GEMEINDE,15083320,Gemeinde Hötensleben,Erststimmen,D28,Andere KWV,0,1723,0.0
GEMEINDE,15083320,Gemeinde Hötensleben,Zweitstimmen,F01,CDU,702,1728,40.625
GEMEINDE,15083320,Gemeinde Hötensleben,Zweitstimmen,F02,AfD,354,1728,20.4861
GEMEINDE,15083320,Gemeinde Hötensleben,Zweitstimmen,F03,DIE LINKE,146,1728,8.4491
GEMEINDE,15083320,Gemeinde Hötensleben,Zweitstimmen,F04,SPD,200,1728,11.5741
GEMEINDE,15083320,Gemeinde Hötensleben,Zweitstimmen,F05,GRÜNE,51,1728,2.9514
GEMEINDE,15083320,Gemeinde Hötensleben,Zweitstimmen,F06,FDP,122,1728,7.0602
GEMEINDE,15083320,Gemeinde Hötensleben,Zweitstimmen,F07,FREIE WÄHLER,52,1728,3.0093
GEMEINDE,15083320,Gemeinde Hötensleben,Zweitstimmen,F08,NPD,5,1728,0.2894
GEMEINDE,15083320,Gemeinde Hötensleben,Zweitstimmen,F09,Tierschutzpartei,27,1728,1.5625
GEMEINDE,15083320,Gemeinde Hötensleben,Zweitstimmen,F10,Tierschutzallianz,5,1728,0.2894
GEMEINDE,15083320,Gemeinde Hötensleben,Zweitstimmen,F11,LKR,0,1728,0.0
GEMEINDE,15083320,Gemeinde Hötensleben,Zweitstimmen,F12,Die PARTEI,6,1728,0.3472
GEMEINDE,15083320,Gemeinde Hötensleben,Zweitstimmen,F13,Gartenpartei,15,1728,0.8681
GEMEINDE,15083320,Gemeinde Hötensleben,Zweitstimmen,F14,FBM,1,1728,0.0579
GEMEINDE,15083320,Gemeinde Hötensleben,Zweitstimmen,F15,TIERSCHUTZ hier!,9,1728,0.5208
GEMEINDE,15083320,Gemeinde Hötensleben,Zweitstimmen,F16,dieBasis,15,1728,0.8681
GEMEINDE,15083320,Gemeinde Hötensleben,Zweitstimmen,F19,Klimaliste ST,0,1728,0.0
GEMEINDE,15083320,Gemeinde Hötensleben,Zweitstimmen,F21,ÖDP,1,1728,0.0579
GEMEINDE,15083320,Gemeinde Hötensleben,Zweitstimmen,F22,Die Humanisten,2,1728,0.1157
GEMEINDE,15083320,Gemeinde Hötensleben,Zweitstimmen,F23,Gesundheitsforschung,8,1728,0.463
GEMEINDE,15083320,Gemeinde Hötensleben,Zweitstimmen,F24,PIRATEN,5,1728,0.2894
GEMEINDE,15083320,Gemeinde Hötensleben,Zweitstimmen,F25,WiR2020,2,1728,0.1157
GEMEINDE,15083323,Gemeinde Ingersleben,Erststimmen,D01,CDU,274,720,38.0556
GEMEINDE,15083323,Gemeinde Ingersleben,Erststimmen,D02,AfD,191,720,26.5278
GEMEINDE,15083323,Gemeinde Ingersleben,Erststimmen,D03,DIE LINKE,60,720,8.3333
GEMEINDE,15083323,Gemeinde Ingersleben,Erststimmen,D04,SPD,70,720,9.7222
GEMEINDE,15083323,Gemeinde Ingersleben,Erststimmen,D05,GRÜNE,28,720,3.8889
GEMEINDE,15083323,Gemeinde Ingersleben,Erststimmen,D06,FDP,41,720,5.6944
GEMEINDE,15083323,Gemeinde Ingersleben,Erststimmen,D07,FREIE WÄHLER,34,720,4.7222
GEMEINDE,15083323,Gemeinde Ingersleben,Erststimmen,D08,NPD,0,720,0.0
GEMEINDE,15083323,Gemeinde Ingersleben,Erststimmen,D09,Tierschutzpartei,0,720,0.0
GEMEINDE,15083323,Gemeinde Ingersleben,Erststimmen,D10,Tierschutzallianz,0,720,0.0
GEMEINDE,15083323,Gemeinde Ingersleben,Erststimmen,D12,Die PARTEI,0,720,0.0
GEMEINDE,15083323,Gemeinde Ingersleben,Erststimmen,D13,Gartenpartei,0,720,0.0
GEMEINDE,15083323,Gemeinde Ingersleben,Erststimmen,D14,FBM,0,720,0.0
GEMEINDE,15083323,Gemeinde Ingersleben,Erststimmen,D16,dieBasis,22,720,3.0556
GEMEINDE,15083323,Gemeinde Ingersleben,Erststimmen,D21,ÖDP,0,720,0.0
GEMEINDE,15083323,Gemeinde Ingersleben,Erststimmen,D26,Andere KWV,0,720,0.0
GEMEINDE,15083323,Gemeinde Ingersleben,Erststimmen,D27,Andere KWV,0,720,0.0
GEMEINDE,15083323,Gemeinde Ingersleben,Erststimmen,D28,Andere KWV,0,720,0.0
GEMEINDE,15083323,Gemeinde Ingersleben,Zweitstimmen,F01,CDU,263,719,36.5786
GEMEINDE,15083323,Gemeinde Ingersleben,Zweitstimmen,F02,AfD,185,719,25.7302
GEMEINDE,15083323,Gemeinde Ingersleben,Zweitstimmen,F03,DIE LINKE,62,719,8.6231
GEMEINDE,15083323,Gemeinde Ingersleben,Zweitstimmen,F04,SPD,63,719,8.7622
GEMEINDE,15083323,Gemeinde Ingersleben,Zweitstimmen,F05,GRÜNE,31,719,4.3115
GEMEINDE,15083323,Gemeinde Ingersleben,Zweitstimmen,F06,FDP,45,719,6.2587
GEMEINDE,15083323,Gemeinde Ingersleben,Zweitstimmen,F07,FREIE WÄHLER,18,719,2.5035
GEMEINDE,15083323,Gemeinde Ingersleben,Zweitstimmen,F08,NPD,2,719,0.2782
GEMEINDE,15083323,Gemeinde Ingersleben,Zweitstimmen,F09,Tierschutzpartei,13,719,1.8081
GEMEINDE,15083323,Gemeinde Ingersleben,Zweitstimmen,F10,Tierschutzallianz,1,719,0.1391
GEMEINDE,15083323,Gemeinde Ingersleben,Zweitstimmen,F11,LKR,1,719,0.1391
GEMEINDE,15083323,Gemeinde Ingersleben,Zweitstimmen,F12,Die PARTEI,7,719,0.9736
GEMEINDE,15083323,Gemeinde Ingersleben,Zweitstimmen,F13,Gartenpartei,3,719,0.4172
GEMEINDE,15083323,Gemeinde Ingersleben,Zweitstimmen,F14,FBM,0,719,0.0
GEMEINDE,15083323,Gemeinde Ingersleben,Zweitstimmen,F15,TIERSCHUTZ hier!,2,719,0.2782
GEMEINDE,15083323,Gemeinde Ingersleben,Zweitstimmen,F16,dieBasis,12,719,1.669
GEMEINDE,15083323,Gemeinde Ingersleben,Zweitstimmen,F19,Klimaliste ST,0,719,0.0
GEMEINDE,15083323,Gemeinde Ingersleben,Zweitstimmen,F21,ÖDP,1,719,0.1391
GEMEINDE,15083323,Gemeinde Ingersleben,Zweitstimmen,F22,Die Humanisten,0,719,0.0
GEMEINDE,15083323,Gemeinde Ingersleben,Zweitstimmen,F23,Gesundheitsforschung,5,719,0.6954
GEMEINDE,15083323,Gemeinde Ingersleben,Zweitstimmen,F24,PIRATEN,3,719,0.4172
GEMEINDE,15083323,Gemeinde Ingersleben,Zweitstimmen,F25,WiR2020,2,719,0.2782
GEMEINDE,15083355,Stadt Kroppenstedt,Erststimmen,D01,CDU,264,703,37.5533
GEMEINDE,15083355,Stadt Kroppenstedt,Erststimmen,D02,AfD,213,703,30.2987
GEMEINDE,15083355,Stadt Kroppenstedt,Erststimmen,D03,DIE LINKE,58,703,8.2504
GEMEINDE,15083355,Stadt Kroppenstedt,Erststimmen,D04,SPD,64,703,9.1038
GEMEINDE,15083355,Stadt Kroppenstedt,Erststimmen,D05,GRÜNE,14,703,1.9915
GEMEINDE,15083355,Stadt Kroppenstedt,Erststimmen,D06,FDP,44,703,6.2589
GEMEINDE,15083355,Stadt Kroppenstedt,Erststimmen,D07,FREIE WÄHLER,46,703,6.5434
GEMEINDE,15083355,Stadt Kroppenstedt,Erststimmen,D08,NPD,0,703,0.0
GEMEINDE,15083355,Stadt Kroppenstedt,Erststimmen,D09,Tierschutzpartei,0,703,0.0
GEMEINDE,15083355,Stadt Kroppenstedt,Erststimmen,D10,Tierschutzallianz,0,703,0.0
GEMEINDE,15083355,Stadt Kroppenstedt,Erststimmen,D12,Die PARTEI,0,703,0.0
GEMEINDE,15083355,Stadt Kroppenstedt,Erststimmen,D13,Gartenpartei,0,703,0.0
GEMEINDE,15083355,Stadt Kroppenstedt,Erststimmen,D14,FBM,0,703,0.0
GEMEINDE,15083355,Stadt Kroppenstedt,Erststimmen,D16,dieBasis,0,703,0.0
GEMEINDE,15083355,Stadt Kroppenstedt,Erststimmen,D21,ÖDP,0,703,0.0
GEMEINDE,15083355,Stadt Kroppenstedt,Erststimmen,D26,Andere KWV,0,703,0.0
GEMEINDE,15083355,Stadt Kroppenstedt,Erststimmen,D27,Andere KWV,0,703,0.0
GEMEINDE,15083355,Stadt Kroppenstedt,Erststimmen,D28,Andere KWV,0,703,0.0
GEMEINDE,15083355,Stadt Kroppenstedt,Zweitstimmen,F01,CDU,285,702,40.5983
GEMEINDE,15083355,Stadt Kroppenstedt,Zweitstimmen,F02,AfD,199,702,28.3476
GEMEINDE,15083355,Stadt Kroppenstedt,Zweitstimmen,F03,DIE LINKE,50,702,7.1225
GEMEINDE,15083355,Stadt Kroppenstedt,Zweitstimmen,F04,SPD,40,702,5.698
GEMEINDE,15083355,Stadt Kroppenstedt,Zweitstimmen,F05,GRÜNE,15,702,2.1368
GEMEINDE,15083355,Stadt Kroppenstedt,Zweitstimmen,F06,FDP,51,702,7.265
GEMEINDE,15083355,Stadt Kroppenstedt,Zweitstimmen,F07,FREIE WÄHLER,22,702,3.1339
GEMEINDE,15083355,Stadt Kroppenstedt,Zweitstimmen,F08,NPD,1,702,0.1425
GEMEINDE,15083355,Stadt Kroppenstedt,Zweitstimmen,F09,Tierschutzpartei,9,702,1.2821
GEMEINDE,15083355,Stadt Kroppenstedt,Zweitstimmen,F10,Tierschutzallianz,1,702,0.1425
GEMEINDE,15083355,Stadt Kroppenstedt,Zweitstimmen,F11,LKR,2,702,0.2849
GEMEINDE,15083355,Stadt Kroppenstedt,Zweitstimmen,F12,Die PARTEI,3,702,0.4274
GEMEINDE,15083355,Stadt Kroppenstedt,Zweitstimmen,F13,Gartenpartei,5,702,0.7123
GEMEINDE,15083355,Stadt Kroppenstedt,Zweitstimmen,F14,FBM,0,702,0.0
GEMEINDE,15083355,Stadt Kroppenstedt,Zweitstimmen,F15,TIERSCHUTZ hier!,2,702,0.2849
GEMEINDE,15083355,Stadt Kroppenstedt,Zweitstimmen,F16,dieBasis,11,702,1.567
GEMEINDE,15083355,Stadt Kroppenstedt,Zweitstimmen,F19,Klimaliste ST,0,702,0.0
GEMEINDE,15083355,Stadt Kroppenstedt,Zweitstimmen,F21,ÖDP,0,702,0.0
GEMEINDE,15083355,Stadt Kroppenstedt,Zweitstimmen,F22,Die Humanisten,0,702,0.0
GEMEINDE,15083355,Stadt Kroppenstedt,Zweitstimmen,F23,Gesundheitsforschung,3,702,0.4274
GEMEINDE,15083355,Stadt Kroppenstedt,Zweitstimmen,F24,PIRATEN,2,702,0.2849
GEMEINDE,15083355,Stadt Kroppenstedt,Zweitstimmen,F25,WiR2020,1,702,0.1425
GEMEINDE,15083361,Gemeinde Loitsche-Heinrichsberg,Erststimmen,D01,CDU,203,531,38.2298
GEMEINDE,15083361,Gemeinde Loitsche-Heinrichsberg,Erststimmen,D02,AfD,138,531,25.9887
GEMEINDE,15083361,Gemeinde Loitsche-Heinrichsberg,Erststimmen,D03,DIE LINKE,53,531,9.9812
GEMEINDE,15083361,Gemeinde Loitsche-Heinrichsberg,Erststimmen,D04,SPD,44,531,8.2863
GEMEINDE,15083361,Gemeinde Loitsche-Heinrichsberg,Erststimmen,D05,GRÜNE,17,531,3.2015
GEMEINDE,15083361,Gemeinde Loitsche-Heinrichsberg,Erststimmen,D06,FDP,26,531,4.8964
GEMEINDE,15083361,Gemeinde Loitsche-Heinrichsberg,Erststimmen,D07,FREIE WÄHLER,21,531,3.9548
GEMEINDE,15083361,Gemeinde Loitsche-Heinrichsberg,Erststimmen,D08,NPD,0,531,0.0
GEMEINDE,15083361,Gemeinde Loitsche-Heinrichsberg,Erststimmen,D09,Tierschutzpartei,0,531,0.0
GEMEINDE,15083361,Gemeinde Loitsche-Heinrichsberg,Erststimmen,D10,Tierschutzallianz,12,531,2.2599
GEMEINDE,15083361,Gemeinde Loitsche-Heinrichsberg,Erststimmen,D12,Die PARTEI,0,531,0.0
GEMEINDE,15083361,Gemeinde Loitsche-Heinrichsberg,Erststimmen,D13,Gartenpartei,0,531,0.0
GEMEINDE,15083361,Gemeinde Loitsche-Heinrichsberg,Erststimmen,D14,FBM,0,531,0.0
GEMEINDE,15083361,Gemeinde Loitsche-Heinrichsberg,Erststimmen,D16,dieBasis,13,531,2.4482
GEMEINDE,15083361,Gemeinde Loitsche-Heinrichsberg,Erststimmen,D21,ÖDP,0,531,0.0
GEMEINDE,15083361,Gemeinde Loitsche-Heinrichsberg,Erststimmen,D26,Andere KWV,4,531,0.7533
GEMEINDE,15083361,Gemeinde Loitsche-Heinrichsberg,Erststimmen,D27,Andere KWV,0,531,0.0
GEMEINDE,15083361,Gemeinde Loitsche-Heinrichsberg,Erststimmen,D28,Andere KWV,0,531,0.0
GEMEINDE,15083361,Gemeinde Loitsche-Heinrichsberg,Zweitstimmen,F01,CDU,185,536,34.5149
GEMEINDE,15083361,Gemeinde Loitsche-Heinrichsberg,Zweitstimmen,F02,AfD,132,536,24.6269
GEMEINDE,15083361,Gemeinde Loitsche-Heinrichsberg,Zweitstimmen,F03,DIE LINKE,48,536,8.9552
GEMEINDE,15083361,Gemeinde Loitsche-Heinrichsberg,Zweitstimmen,F04,SPD,44,536,8.209
GEMEINDE,15083361,Gemeinde Loitsche-Heinrichsberg,Zweitstimmen,F05,GRÜNE,16,536,2.9851
GEMEINDE,15083361,Gemeinde Loitsche-Heinrichsberg,Zweitstimmen,F06,FDP,49,536,9.1418
GEMEINDE,15083361,Gemeinde Loitsche-Heinrichsberg,Zweitstimmen,F07,FREIE WÄHLER,13,536,2.4254
GEMEINDE,15083361,Gemeinde Loitsche-Heinrichsberg,Zweitstimmen,F08,NPD,0,536,0.0
GEMEINDE,15083361,Gemeinde Loitsche-Heinrichsberg,Zweitstimmen,F09,Tierschutzpartei,4,536,0.7463
GEMEINDE,15083361,Gemeinde Loitsche-Heinrichsberg,Zweitstimmen,F10,Tierschutzallianz,8,536,1.4925
GEMEINDE,15083361,Gemeinde Loitsche-Heinrichsberg,Zweitstimmen,F11,LKR,1,536,0.1866
GEMEINDE,15083361,Gemeinde Loitsche-Heinrichsberg,Zweitstimmen,F12,Die PARTEI,0,536,0.0
GEMEINDE,15083361,Gemeinde Loitsche-Heinrichsberg,Zweitstimmen,F13,Gartenpartei,9,536,1.6791
GEMEINDE,15083361,Gemeinde Loitsche-Heinrichsberg,Zweitstimmen,F14,FBM,2,536,0.3731
GEMEINDE,15083361,Gemeinde Loitsche-Heinrichsberg,Zweitstimmen,F15,TIERSCHUTZ hier!,3,536,0.5597
GEMEINDE,15083361,Gemeinde Loitsche-Heinrichsberg,Zweitstimmen,F16,dieBasis,12,536,2.2388
GEMEINDE,15083361,Gemeinde Loitsche-Heinrichsberg,Zweitstimmen,F19,Klimaliste ST,1,536,0.1866
GEMEINDE,15083361,Gemeinde Loitsche-Heinrichsberg,Zweitstimmen,F21,ÖDP,1,536,0.1866
GEMEINDE,15083361,Gemeinde Loitsche-Heinrichsberg,Zweitstimmen,F22,Die Humanisten,1,536,0.1866
GEMEINDE,15083361,Gemeinde Loitsche-Heinrichsberg,Zweitstimmen,F23,Gesundheitsforschung,1,536,0.1866
GEMEINDE,15083361,Gemeinde Loitsche-Heinrichsberg,Zweitstimmen,F24,PIRATEN,4,536,0.7463
GEMEINDE,15083361,Gemeinde Loitsche-Heinrichsberg,Zweitstimmen,F25,WiR2020,2,536,0.3731
GEMEINDE,15083390,Gemeinde Niedere Börde,Erststimmen,D01,CDU,1537,3921,39.1992
GEMEINDE,15083390,Gemeinde Niedere Börde,Erststimmen,D02,AfD,875,3921,22.3157
GEMEINDE,15083390,Gemeinde Niedere Börde,Erststimmen,D03,DIE LINKE,439,3921,11.1961
GEMEINDE,15083390,Gemeinde Niedere Börde,Erststimmen,D04,SPD,329,3921,8.3907
GEMEINDE,15083390,Gemeinde Niedere Börde,Erststimmen,D05,GRÜNE,128,3921,3.2645
GEMEINDE,15083390,Gemeinde Niedere Börde,Erststimmen,D06,FDP,239,3921,6.0954
GEMEINDE,15083390,Gemeinde Niedere Börde,Erststimmen,D07,FREIE WÄHLER,177,3921,4.5142
GEMEINDE,15083390,Gemeinde Niedere Börde,Erststimmen,D08,NPD,0,3921,0.0
GEMEINDE,15083390,Gemeinde Niedere Börde,Erststimmen,D09,Tierschutzpartei,0,3921,0.0
GEMEINDE,15083390,Gemeinde Niedere Börde,Erststimmen,D10,Tierschutzallianz,101,3921,2.5759
GEMEINDE,15083390,Gemeinde Niedere Börde,Erststimmen,D12,Die PARTEI,0,3921,0.0
GEMEINDE,15083390,Gemeinde Niedere Börde,Erststimmen,D13,Gartenpartei,0,3921,0.0
GEMEINDE,15083390,Gemeinde Niedere Börde,Erststimmen,D14,FBM,0,3921,0.0
GEMEINDE,15083390,Gemeinde Niedere Börde,Erststimmen,D16,dieBasis,79,3921,2.0148
GEMEINDE,15083390,Gemeinde Niedere Börde,Erststimmen,D21,ÖDP,0,3921,0.0
GEMEINDE,15083390,Gemeinde Niedere Börde,Erststimmen,D26,Andere KWV,17,3921,0.4336
GEMEINDE,15083390,Gemeinde Niedere Börde,Erststimmen,D27,Andere KWV,0,3921,0.0
GEMEINDE,15083390,Gemeinde Niedere Börde,Erststimmen,D28,Andere KWV,0,3921,0.0
GEMEINDE,15083390,Gemeinde Niedere Börde,Zweitstimmen,F01,CDU,1433,3928,36.4817
GEMEINDE,15083390,Gemeinde Niedere Börde,Zweitstimmen,F02,AfD,936,3928,23.8289
GEMEINDE,15083390,Gemeinde Niedere Börde,Zweitstimmen,F03,DIE LINKE,409,3928,10.4124
GEMEINDE,15083390,Gemeinde Niedere Börde,Zweitstimmen,F04,SPD,270,3928,6.8737
GEMEINDE,15083390,Gemeinde Niedere Börde,Zweitstimmen,F05,GRÜNE,137,3928,3.4878
GEMEINDE,15083390,Gemeinde Niedere Börde,Zweitstimmen,F06,FDP,286,3928,7.2811
GEMEINDE,15083390,Gemeinde Niedere Börde,Zweitstimmen,F07,FREIE WÄHLER,126,3928,3.2077
GEMEINDE,15083390,Gemeinde Niedere Börde,Zweitstimmen,F08,NPD,11,3928,0.28
GEMEINDE,15083390,Gemeinde Niedere Börde,Zweitstimmen,F09,Tierschutzpartei,55,3928,1.4002
GEMEINDE,15083390,Gemeinde Niedere Börde,Zweitstimmen,F10,Tierschutzallianz,40,3928,1.0183
GEMEINDE,15083390,Gemeinde Niedere Börde,Zweitstimmen,F11,LKR,1,3928,0.0255
GEMEINDE,15083390,Gemeinde Niedere Börde,Zweitstimmen,F12,Die PARTEI,46,3928,1.1711
GEMEINDE,15083390,Gemeinde Niedere Börde,Zweitstimmen,F13,Gartenpartei,39,3928,0.9929
GEMEINDE,15083390,Gemeinde Niedere Börde,Zweitstimmen,F14,FBM,1,3928,0.0255
GEMEINDE,15083390,Gemeinde Niedere Börde,Zweitstimmen,F15,TIERSCHUTZ hier!,18,3928,0.4582
GEMEINDE,15083390,Gemeinde Niedere Börde,Zweitstimmen,F16,dieBasis,75,3928,1.9094
GEMEINDE,15083390,Gemeinde Niedere Börde,Zweitstimmen,F19,Klimaliste ST,2,3928,0.0509
GEMEINDE,15083390,Gemeinde Niedere Börde,Zweitstimmen,F21,ÖDP,5,3928,0.1273
GEMEINDE,15083390,Gemeinde Niedere Börde,Zweitstimmen,F22,Die Humanisten,4,3928,0.1018
GEMEINDE,15083390,Gemeinde Niedere Börde,Zweitstimmen,F23,Gesundheitsforschung,20,3928,0.5092
GEMEINDE,15083390,Gemeinde Niedere Börde,Zweitstimmen,F24,PIRATEN,10,3928,0.2546
GEMEINDE,15083390,Gemeinde Niedere Börde,Zweitstimmen,F25,WiR2020,4,3928,0.1018
GEMEINDE,15083411,Stadt Oebisfelde-Weferlingen,Erststimmen,D01,CDU,2361,6757,34.9415
GEMEINDE,15083411,Stadt Oebisfelde-Weferlingen,Erststimmen,D02,AfD,1373,6757,20.3197
GEMEINDE,15083411,Stadt Oebisfelde-Weferlingen,Erststimmen,D03,DIE LINKE,997,6757,14.7551
GEMEINDE,15083411,Stadt Oebisfelde-Weferlingen,Erststimmen,D04,SPD,834,6757,12.3428
GEMEINDE,15083411,Stadt Oebisfelde-Weferlingen,Erststimmen,D05,GRÜNE,319,6757,4.721
GEMEINDE,15083411,Stadt Oebisfelde-Weferlingen,Erststimmen,D06,FDP,332,6757,4.9134
GEMEINDE,15083411,Stadt Oebisfelde-Weferlingen,Erststimmen,D07,FREIE WÄHLER,397,6757,5.8754
GEMEINDE,15083411,Stadt Oebisfelde-Weferlingen,Erststimmen,D08,NPD,0,6757,0.0
GEMEINDE,15083411,Stadt Oebisfelde-Weferlingen,Erststimmen,D09,Tierschutzpartei,0,6757,0.0
GEMEINDE,15083411,Stadt Oebisfelde-Weferlingen,Erststimmen,D10,Tierschutzallianz,0,6757,0.0
GEMEINDE,15083411,Stadt Oebisfelde-Weferlingen,Erststimmen,D12,Die PARTEI,0,6757,0.0
GEMEINDE,15083411,Stadt Oebisfelde-Weferlingen,Erststimmen,D13,Gartenpartei,0,6757,0.0
GEMEINDE,15083411,Stadt Oebisfelde-Weferlingen,Erststimmen,D14,FBM,0,6757,0.0
GEMEINDE,15083411,Stadt Oebisfelde-Weferlingen,Erststimmen,D16,dieBasis,111,6757,1.6427
GEMEINDE,15083411,Stadt Oebisfelde-Weferlingen,Erststimmen,D21,ÖDP,0,6757,0.0
GEMEINDE,15083411,Stadt Oebisfelde-Weferlingen,Erststimmen,D26,Andere KWV,33,6757,0.4884
GEMEINDE,15083411,Stadt Oebisfelde-Weferlingen,Erststimmen,D27,Andere KWV,0,6757,0.0
GEMEINDE,15083411,Stadt Oebisfelde-Weferlingen,Erststimmen,D28,Andere KWV,0,6757,0.0
GEMEINDE,15083411,Stadt Oebisfelde-Weferlingen,Zweitstimmen,F01,CDU,2579,6773,38.0777
GEMEINDE,15083411,Stadt Oebisfelde-Weferlingen,Zweitstimmen,F02,AfD,1326,6773,19.5777
GEMEINDE,15083411,Stadt Oebisfelde-Weferlingen,Zweitstimmen,F03,DIE LINKE,726,6773,10.719
GEMEINDE,15083411,Stadt Oebisfelde-Weferlingen,Zweitstimmen,F04,SPD,674,6773,9.9513
GEMEINDE,15083411,Stadt Oebisfelde-Weferlingen,Zweitstimmen,F05,GRÜNE,302,6773,4.4589
GEMEINDE,15083411,Stadt Oebisfelde-Weferlingen,Zweitstimmen,F06,FDP,380,6773,5.6105
GEMEINDE,15083411,Stadt Oebisfelde-Weferlingen,Zweitstimmen,F07,FREIE WÄHLER,199,6773,2.9381
GEMEINDE,15083411,Stadt Oebisfelde-Weferlingen,Zweitstimmen,F08,NPD,22,6773,0.3248
GEMEINDE,15083411,Stadt Oebisfelde-Weferlingen,Zweitstimmen,F09,Tierschutzpartei,112,6773,1.6536
GEMEINDE,15083411,Stadt Oebisfelde-Weferlingen,Zweitstimmen,F10,Tierschutzallianz,27,6773,0.3986
GEMEINDE,15083411,Stadt Oebisfelde-Weferlingen,Zweitstimmen,F11,LKR,2,6773,0.0295
GEMEINDE,15083411,Stadt Oebisfelde-Weferlingen,Zweitstimmen,F12,Die PARTEI,109,6773,1.6093
GEMEINDE,15083411,Stadt Oebisfelde-Weferlingen,Zweitstimmen,F13,Gartenpartei,62,6773,0.9154
GEMEINDE,15083411,Stadt Oebisfelde-Weferlingen,Zweitstimmen,F14,FBM,7,6773,0.1034
GEMEINDE,15083411,Stadt Oebisfelde-Weferlingen,Zweitstimmen,F15,TIERSCHUTZ hier!,47,6773,0.6939
GEMEINDE,15083411,Stadt Oebisfelde-Weferlingen,Zweitstimmen,F16,dieBasis,109,6773,1.6093
GEMEINDE,15083411,Stadt Oebisfelde-Weferlingen,Zweitstimmen,F19,Klimaliste ST,2,6773,0.0295
GEMEINDE,15083411,Stadt Oebisfelde-Weferlingen,Zweitstimmen,F21,ÖDP,14,6773,0.2067
GEMEINDE,15083411,Stadt Oebisfelde-Weferlingen,Zweitstimmen,F22,Die Humanisten,10,6773,0.1476
GEMEINDE,15083411,Stadt Oebisfelde-Weferlingen,Zweitstimmen,F23,Gesundheitsforschung,30,6773,0.4429
GEMEINDE,15083411,Stadt Oebisfelde-Weferlingen,Zweitstimmen,F24,PIRATEN,20,6773,0.2953
GEMEINDE,15083411,Stadt Oebisfelde-Weferlingen,Zweitstimmen,F25,WiR2020,14,6773,0.2067
GEMEINDE,15083415,Stadt Oschersleben (Bode),Erststimmen,D01,CDU,2671,8777,30.4318
GEMEINDE,15083415,Stadt Oschersleben (Bode),Erststimmen,D02,AfD,2080,8777,23.6983
GEMEINDE,15083415,Stadt Oschersleben (Bode),Erststimmen,D03,DIE LINKE,888,8777,10.1174
GEMEINDE,15083415,Stadt Oschersleben (Bode),Erststimmen,D04,SPD,1719,8777,19.5853
GEMEINDE,15083415,Stadt Oschersleben (Bode),Erststimmen,D05,GRÜNE,326,8777,3.7143
GEMEINDE,15083415,Stadt Oschersleben (Bode),Erststimmen,D06,FDP,603,8777,6.8702
GEMEINDE,15083415,Stadt Oschersleben (Bode),Erststimmen,D07,FREIE WÄHLER,490,8777,5.5828
GEMEINDE,15083415,Stadt Oschersleben (Bode),Erststimmen,D08,NPD,0,8777,0.0
GEMEINDE,15083415,Stadt Oschersleben (Bode),Erststimmen,D09,Tierschutzpartei,0,8777,0.0
GEMEINDE,15083415,Stadt Oschersleben (Bode),Erststimmen,D10,Tierschutzallianz,0,8777,0.0
GEMEINDE,15083415,Stadt Oschersleben (Bode),Erststimmen,D12,Die PARTEI,0,8777,0.0
GEMEINDE,15083415,Stadt Oschersleben (Bode),Erststimmen,D13,Gartenpartei,0,8777,0.0
GEMEINDE,15083415,Stadt Oschersleben (Bode),Erststimmen,D14,FBM,0,8777,0.0
GEMEINDE,15083415,Stadt Oschersleben (Bode),Erststimmen,D16,dieBasis,0,8777,0.0
GEMEINDE,15083415,Stadt Oschersleben (Bode),Erststimmen,D21,ÖDP,0,8777,0.0
GEMEINDE,15083415,Stadt Oschersleben (Bode),Erststimmen,D26,Andere KWV,0,8777,0.0
GEMEINDE,15083415,Stadt Oschersleben (Bode),Erststimmen,D27,Andere KWV,0,8777,0.0
GEMEINDE,15083415,Stadt Oschersleben (Bode),Erststimmen,D28,Andere KWV,0,8777,0.0
GEMEINDE,15083415,Stadt Oschersleben (Bode),Zweitstimmen,F01,CDU,3289,8792,37.409
GEMEINDE,15083415,Stadt Oschersleben (Bode),Zweitstimmen,F02,AfD,1968,8792,22.384
GEMEINDE,15083415,Stadt Oschersleben (Bode),Zweitstimmen,F03,DIE LINKE,875,8792,9.9522
GEMEINDE,15083415,Stadt Oschersleben (Bode),Zweitstimmen,F04,SPD,959,8792,10.9076
GEMEINDE,15083415,Stadt Oschersleben (Bode),Zweitstimmen,F05,GRÜNE,321,8792,3.651
GEMEINDE,15083415,Stadt Oschersleben (Bode),Zweitstimmen,F06,FDP,513,8792,5.8348
GEMEINDE,15083415,Stadt Oschersleben (Bode),Zweitstimmen,F07,FREIE WÄHLER,273,8792,3.1051
GEMEINDE,15083415,Stadt Oschersleben (Bode),Zweitstimmen,F08,NPD,26,8792,0.2957
GEMEINDE,15083415,Stadt Oschersleben (Bode),Zweitstimmen,F09,Tierschutzpartei,137,8792,1.5582
GEMEINDE,15083415,Stadt Oschersleben (Bode),Zweitstimmen,F10,Tierschutzallianz,25,8792,0.2843
GEMEINDE,15083415,Stadt Oschersleben (Bode),Zweitstimmen,F11,LKR,1,8792,0.0114
GEMEINDE,15083415,Stadt Oschersleben (Bode),Zweitstimmen,F12,Die PARTEI,42,8792,0.4777
GEMEINDE,15083415,Stadt Oschersleben (Bode),Zweitstimmen,F13,Gartenpartei,86,8792,0.9782
GEMEINDE,15083415,Stadt Oschersleben (Bode),Zweitstimmen,F14,FBM,4,8792,0.0455
GEMEINDE,15083415,Stadt Oschersleben (Bode),Zweitstimmen,F15,TIERSCHUTZ hier!,47,8792,0.5346
GEMEINDE,15083415,Stadt Oschersleben (Bode),Zweitstimmen,F16,dieBasis,130,8792,1.4786
GEMEINDE,15083415,Stadt Oschersleben (Bode),Zweitstimmen,F19,Klimaliste ST,4,8792,0.0455
GEMEINDE,15083415,Stadt Oschersleben (Bode),Zweitstimmen,F21,ÖDP,7,8792,0.0796
GEMEINDE,15083415,Stadt Oschersleben (Bode),Zweitstimmen,F22,Die Humanisten,7,8792,0.0796
GEMEINDE,15083415,Stadt Oschersleben (Bode),Zweitstimmen,F23,Gesundheitsforschung,34,8792,0.3867
GEMEINDE,15083415,Stadt Oschersleben (Bode),Zweitstimmen,F24,PIRATEN,29,8792,0.3298
GEMEINDE,15083415,Stadt Oschersleben (Bode),Zweitstimmen,F25,WiR2020,15,8792,0.1706
GEMEINDE,15083440,Gemeinde Rogätz,Erststimmen,D01,CDU,448,1159,38.654
GEMEINDE,15083440,Gemeinde Rogätz,Erststimmen,D02,AfD,285,1159,24.5902
GEMEINDE,15083440,Gemeinde Rogätz,Erststimmen,D03,DIE LINKE,131,1159,11.3028
GEMEINDE,15083440,Gemeinde Rogätz,Erststimmen,D04,SPD,107,1159,9.2321
GEMEINDE,15083440,Gemeinde Rogätz,Erststimmen,D05,GRÜNE,23,1159,1.9845
GEMEINDE,15083440,Gemeinde Rogätz,Erststimmen,D06,FDP,63,1159,5.4357
GEMEINDE,15083440,Gemeinde Rogätz,Erststimmen,D07,FREIE WÄHLER,61,1159,5.2632
GEMEINDE,15083440,Gemeinde Rogätz,Erststimmen,D08,NPD,0,1159,0.0
GEMEINDE,15083440,Gemeinde Rogätz,Erststimmen,D09,Tierschutzpartei,0,1159,0.0
GEMEINDE,15083440,Gemeinde Rogätz,Erststimmen,D10,Tierschutzallianz,11,1159,0.9491
GEMEINDE,15083440,Gemeinde Rogätz,Erststimmen,D12,Die PARTEI,0,1159,0.0
GEMEINDE,15083440,Gemeinde Rogätz,Erststimmen,D13,Gartenpartei,0,1159,0.0
GEMEINDE,15083440,Gemeinde Rogätz,Erststimmen,D14,FBM,0,1159,0.0
GEMEINDE,15083440,Gemeinde Rogätz,Erststimmen,D16,dieBasis,21,1159,1.8119
GEMEINDE,15083440,Gemeinde Rogätz,Erststimmen,D21,ÖDP,0,1159,0.0
GEMEINDE,15083440,Gemeinde Rogätz,Erststimmen,D26,Andere KWV,9,1159,0.7765
GEMEINDE,15083440,Gemeinde Rogätz,Erststimmen,D27,Andere KWV,0,1159,0.0
GEMEINDE,15083440,Gemeinde Rogätz,Erststimmen,D28,Andere KWV,0,1159,0.0
GEMEINDE,15083440,Gemeinde Rogätz,Zweitstimmen,F01,CDU,438,1164,37.6289
GEMEINDE,15083440,Gemeinde Rogätz,Zweitstimmen,F02,AfD,288,1164,24.7423
GEMEINDE,15083440,Gemeinde Rogätz,Zweitstimmen,F03,DIE LINKE,110,1164,9.4502
GEMEINDE,15083440,Gemeinde Rogätz,Zweitstimmen,F04,SPD,97,1164,8.3333
GEMEINDE,15083440,Gemeinde Rogätz,Zweitstimmen,F05,GRÜNE,33,1164,2.8351
GEMEINDE,15083440,Gemeinde Rogätz,Zweitstimmen,F06,FDP,73,1164,6.2715
GEMEINDE,15083440,Gemeinde Rogätz,Zweitstimmen,F07,FREIE WÄHLER,43,1164,3.6942
GEMEINDE,15083440,Gemeinde Rogätz,Zweitstimmen,F08,NPD,2,1164,0.1718
GEMEINDE,15083440,Gemeinde Rogätz,Zweitstimmen,F09,Tierschutzpartei,13,1164,1.1168
GEMEINDE,15083440,Gemeinde Rogätz,Zweitstimmen,F10,Tierschutzallianz,2,1164,0.1718
GEMEINDE,15083440,Gemeinde Rogätz,Zweitstimmen,F11,LKR,1,1164,0.0859
GEMEINDE,15083440,Gemeinde Rogätz,Zweitstimmen,F12,Die PARTEI,5,1164,0.4296
GEMEINDE,15083440,Gemeinde Rogätz,Zweitstimmen,F13,Gartenpartei,13,1164,1.1168
GEMEINDE,15083440,Gemeinde Rogätz,Zweitstimmen,F14,FBM,2,1164,0.1718
GEMEINDE,15083440,Gemeinde Rogätz,Zweitstimmen,F15,TIERSCHUTZ hier!,1,1164,0.0859
GEMEINDE,15083440,Gemeinde Rogätz,Zweitstimmen,F16,dieBasis,26,1164,2.2337
GEMEINDE,15083440,Gemeinde Rogätz,Zweitstimmen,F19,Klimaliste ST,0,1164,0.0
GEMEINDE,15083440,Gemeinde Rogätz,Zweitstimmen,F21,ÖDP,3,1164,0.2577
GEMEINDE,15083440,Gemeinde Rogätz,Zweitstimmen,F22,Die Humanisten,3,1164,0.2577
GEMEINDE,15083440,Gemeinde Rogätz,Zweitstimmen,F23,Gesundheitsforschung,5,1164,0.4296
GEMEINDE,15083440,Gemeinde Rogätz,Zweitstimmen,F24,PIRATEN,2,1164,0.1718
GEMEINDE,15083440,Gemeinde Rogätz,Zweitstimmen,F25,WiR2020,4,1164,0.3436
GEMEINDE,15083485,Gemeinde Sommersdorf,Erststimmen,D01,CDU,263,762,34.5144
GEMEINDE,15083485,Gemeinde Sommersdorf,Erststimmen,D02,AfD,191,762,25.0656
GEMEINDE,15083485,Gemeinde Sommersdorf,Erststimmen,D03,DIE LINKE,89,762,11.6798
GEMEINDE,15083485,Gemeinde Sommersdorf,Erststimmen,D04,SPD,96,762,12.5984
GEMEINDE,15083485,Gemeinde Sommersdorf,Erststimmen,D05,GRÜNE,35,762,4.5932
GEMEINDE,15083485,Gemeinde Sommersdorf,Erststimmen,D06,FDP,46,762,6.0367
GEMEINDE,15083485,Gemeinde Sommersdorf,Erststimmen,D07,FREIE WÄHLER,36,762,4.7244
GEMEINDE,15083485,Gemeinde Sommersdorf,Erststimmen,D08,NPD,0,762,0.0
GEMEINDE,15083485,Gemeinde Sommersdorf,Erststimmen,D09,Tierschutzpartei,0,762,0.0
GEMEINDE,15083485,Gemeinde Sommersdorf,Erststimmen,D10,Tierschutzallianz,0,762,0.0
GEMEINDE,15083485,Gemeinde Sommersdorf,Erststimmen,D12,Die PARTEI,0,762,0.0
GEMEINDE,15083485,Gemeinde Sommersdorf,Erststimmen,D13,Gartenpartei,0,762,0.0
GEMEINDE,15083485,Gemeinde Sommersdorf,Erststimmen,D14,FBM,0,762,0.0
GEMEINDE,15083485,Gemeinde Sommersdorf,Erststimmen,D16,dieBasis,6,762,0.7874
GEMEINDE,15083485,Gemeinde Sommersdorf,Erststimmen,D21,ÖDP,0,762,0.0
GEMEINDE,15083485,Gemeinde Sommersdorf,Erststimmen,D26,Andere KWV,0,762,0.0
GEMEINDE,15083485,Gemeinde Sommersdorf,Erststimmen,D27,Andere KWV,0,762,0.0
GEMEINDE,15083485,Gemeinde Sommersdorf,Erststimmen,D28,Andere KWV,0,762,0.0
GEMEINDE,15083485,Gemeinde Sommersdorf,Zweitstimmen,F01,CDU,272,762,35.6955
GEMEINDE,15083485,Gemeinde Sommersdorf,Zweitstimmen,F02,AfD,198,762,25.9843
GEMEINDE,15083485,Gemeinde Sommersdorf,Zweitstimmen,F03,DIE LINKE,81,762,10.6299
GEMEINDE,15083485,Gemeinde Sommersdorf,Zweitstimmen,F04,SPD,74,762,9.7113
GEMEINDE,15083485,Gemeinde Sommersdorf,Zweitstimmen,F05,GRÜNE,34,762,4.4619
GEMEINDE,15083485,Gemeinde Sommersdorf,Zweitstimmen,F06,FDP,44,762,5.7743
GEMEINDE,15083485,Gemeinde Sommersdorf,Zweitstimmen,F07,FREIE WÄHLER,18,762,2.3622
GEMEINDE,15083485,Gemeinde Sommersdorf,Zweitstimmen,F08,NPD,1,762,0.1312
GEMEINDE,15083485,Gemeinde Sommersdorf,Zweitstimmen,F09,Tierschutzpartei,18,762,2.3622
GEMEINDE,15083485,Gemeinde Sommersdorf,Zweitstimmen,F10,Tierschutzallianz,1,762,0.1312
GEMEINDE,15083485,Gemeinde Sommersdorf,Zweitstimmen,F11,LKR,1,762,0.1312
GEMEINDE,15083485,Gemeinde Sommersdorf,Zweitstimmen,F12,Die PARTEI,3,762,0.3937
GEMEINDE,15083485,Gemeinde Sommersdorf,Zweitstimmen,F13,Gartenpartei,3,762,0.3937
GEMEINDE,15083485,Gemeinde Sommersdorf,Zweitstimmen,F14,FBM,0,762,0.0
GEMEINDE,15083485,Gemeinde Sommersdorf,Zweitstimmen,F15,TIERSCHUTZ hier!,3,762,0.3937
GEMEINDE,15083485,Gemeinde Sommersdorf,Zweitstimmen,F16,dieBasis,5,762,0.6562
GEMEINDE,15083485,Gemeinde Sommersdorf,Zweitstimmen,F19,Klimaliste ST,2,762,0.2625
GEMEINDE,15083485,Gemeinde Sommersdorf,Zweitstimmen,F21,ÖDP,1,762,0.1312
GEMEINDE,15083485,Gemeinde Sommersdorf,Zweitstimmen,F22,Die Humanisten,0,762,0.0
GEMEINDE,15083485,Gemeinde Sommersdorf,Zweitstimmen,F23,Gesundheitsforschung,1,762,0.1312
GEMEINDE,15083485,Gemeinde Sommersdorf,Zweitstimmen,F24,PIRATEN,2,762,0.2625
GEMEINDE,15083485,Gemeinde Sommersdorf,Zweitstimmen,F25,WiR2020,0,762,0.0
GEMEINDE,15083490,Gemeinde Sülzetal,Erststimmen,D01,CDU,1902,5083,37.4188
GEMEINDE,15083490,Gemeinde Sülzetal,Erststimmen,D02,AfD,1375,5083,27.051
GEMEINDE,15083490,Gemeinde Sülzetal,Erststimmen,D03,DIE LINKE,464,5083,9.1285
GEMEINDE,15083490,Gemeinde Sülzetal,Erststimmen,D04,SPD,480,5083,9.4432
GEMEINDE,15083490,Gemeinde Sülzetal,Erststimmen,D05,GRÜNE,194,5083,3.8166
GEMEINDE,15083490,Gemeinde Sülzetal,Erststimmen,D06,FDP,358,5083,7.0431
GEMEINDE,15083490,Gemeinde Sülzetal,Erststimmen,D07,FREIE WÄHLER,310,5083,6.0988
GEMEINDE,15083490,Gemeinde Sülzetal,Erststimmen,D08,NPD,0,5083,0.0
GEMEINDE,15083490,Gemeinde Sülzetal,Erststimmen,D09,Tierschutzpartei,0,5083,0.0
GEMEINDE,15083490,Gemeinde Sülzetal,Erststimmen,D10,Tierschutzallianz,0,5083,0.0
GEMEINDE,15083490,Gemeinde Sülzetal,Erststimmen,D12,Die PARTEI,0,5083,0.0
GEMEINDE,15083490,Gemeinde Sülzetal,Erststimmen,D13,Gartenpartei,0,5083,0.0
GEMEINDE,15083490,Gemeinde Sülzetal,Erststimmen,D14,FBM,0,5083,0.0
GEMEINDE,15083490,Gemeinde Sülzetal,Erststimmen,D16,dieBasis,0,5083,0.0
GEMEINDE,15083490,Gemeinde Sülzetal,Erststimmen,D21,ÖDP,0,5083,0.0
GEMEINDE,15083490,Gemeinde Sülzetal,Erststimmen,D26,Andere KWV,0,5083,0.0
GEMEINDE,15083490,Gemeinde Sülzetal,Erststimmen,D27,Andere KWV,0,5083,0.0
GEMEINDE,15083490,Gemeinde Sülzetal,Erststimmen,D28,Andere KWV,0,5083,0.0
GEMEINDE,15083490,Gemeinde Sülzetal,Zweitstimmen,F01,CDU,1892,5096,37.1272
GEMEINDE,15083490,Gemeinde Sülzetal,Zweitstimmen,F02,AfD,1259,5096,24.7057
GEMEINDE,15083490,Gemeinde Sülzetal,Zweitstimmen,F03,DIE LINKE,440,5096,8.6342
GEMEINDE,15083490,Gemeinde Sülzetal,Zweitstimmen,F04,SPD,460,5096,9.0267
GEMEINDE,15083490,Gemeinde Sülzetal,Zweitstimmen,F05,GRÜNE,197,5096,3.8658
GEMEINDE,15083490,Gemeinde Sülzetal,Zweitstimmen,F06,FDP,346,5096,6.7896
GEMEINDE,15083490,Gemeinde Sülzetal,Zweitstimmen,F07,FREIE WÄHLER,140,5096,2.7473
GEMEINDE,15083490,Gemeinde Sülzetal,Zweitstimmen,F08,NPD,12,5096,0.2355
GEMEINDE,15083490,Gemeinde Sülzetal,Zweitstimmen,F09,Tierschutzpartei,87,5096,1.7072
GEMEINDE,15083490,Gemeinde Sülzetal,Zweitstimmen,F10,Tierschutzallianz,32,5096,0.6279
GEMEINDE,15083490,Gemeinde Sülzetal,Zweitstimmen,F11,LKR,2,5096,0.0392
GEMEINDE,15083490,Gemeinde Sülzetal,Zweitstimmen,F12,Die PARTEI,23,5096,0.4513
GEMEINDE,15083490,Gemeinde Sülzetal,Zweitstimmen,F13,Gartenpartei,59,5096,1.1578
GEMEINDE,15083490,Gemeinde Sülzetal,Zweitstimmen,F14,FBM,1,5096,0.0196
GEMEINDE,15083490,Gemeinde Sülzetal,Zweitstimmen,F15,TIERSCHUTZ hier!,31,5096,0.6083
GEMEINDE,15083490,Gemeinde Sülzetal,Zweitstimmen,F16,dieBasis,68,5096,1.3344
GEMEINDE,15083490,Gemeinde Sülzetal,Zweitstimmen,F19,Klimaliste ST,3,5096,0.0589
GEMEINDE,15083490,Gemeinde Sülzetal,Zweitstimmen,F21,ÖDP,2,5096,0.0392
GEMEINDE,15083490,Gemeinde Sülzetal,Zweitstimmen,F22,Die Humanisten,3,5096,0.0589
GEMEINDE,15083490,Gemeinde Sülzetal,Zweitstimmen,F23,Gesundheitsforschung,17,5096,0.3336
GEMEINDE,15083490,Gemeinde Sülzetal,Zweitstimmen,F24,PIRATEN,16,5096,0.314
GEMEINDE,15083490,Gemeinde Sülzetal,Zweitstimmen,F25,WiR2020,6,5096,0.1177
GEMEINDE,15083505,Gemeinde Ummendorf,Erststimmen,D01,CDU,194,492,39.4309
GEMEINDE,15083505,Gemeinde Ummendorf,Erststimmen,D02,AfD,97,492,19.7154
GEMEINDE,15083505,Gemeinde Ummendorf,Erststimmen,D03,DIE LINKE,51,492,10.3659
GEMEINDE,15083505,Gemeinde Ummendorf,Erststimmen,D04,SPD,59,492,11.9919
GEMEINDE,15083505,Gemeinde Ummendorf,Erststimmen,D05,GRÜNE,31,492,6.3008
GEMEINDE,15083505,Gemeinde Ummendorf,Erststimmen,D06,FDP,36,492,7.3171
GEMEINDE,15083505,Gemeinde Ummendorf,Erststimmen,D07,FREIE WÄHLER,17,492,3.4553
GEMEINDE,15083505,Gemeinde Ummendorf,Erststimmen,D08,NPD,0,492,0.0
GEMEINDE,15083505,Gemeinde Ummendorf,Erststimmen,D09,Tierschutzpartei,0,492,0.0
GEMEINDE,15083505,Gemeinde Ummendorf,Erststimmen,D10,Tierschutzallianz,0,492,0.0
GEMEINDE,15083505,Gemeinde Ummendorf,Erststimmen,D12,Die PARTEI,0,492,0.0
GEMEINDE,15083505,Gemeinde Ummendorf,Erststimmen,D13,Gartenpartei,0,492,0.0
GEMEINDE,15083505,Gemeinde Ummendorf,Erststimmen,D14,FBM,0,492,0.0
GEMEINDE,15083505,Gemeinde Ummendorf,Erststimmen,D16,dieBasis,7,492,1.4228
GEMEINDE,15083505,Gemeinde Ummendorf,Erststimmen,D21,ÖDP,0,492,0.0
GEMEINDE,15083505,Gemeinde Ummendorf,Erststimmen,D26,Andere KWV,0,492,0.0
GEMEINDE,15083505,Gemeinde Ummendorf,Erststimmen,D27,Andere KWV,0,492,0.0
GEMEINDE,15083505,Gemeinde Ummendorf,Erststimmen,D28,Andere KWV,0,492,0.0
GEMEINDE,15083505,Gemeinde Ummendorf,Zweitstimmen,F01,CDU,198,492,40.2439
GEMEINDE,15083505,Gemeinde Ummendorf,Zweitstimmen,F02,AfD,87,492,17.6829
GEMEINDE,15083505,Gemeinde Ummendorf,Zweitstimmen,F03,DIE LINKE,52,492,10.5691
GEMEINDE,15083505,Gemeinde Ummendorf,Zweitstimmen,F04,SPD,44,492,8.9431
GEMEINDE,15083505,Gemeinde Ummendorf,Zweitstimmen,F05,GRÜNE,36,492,7.3171
GEMEINDE,15083505,Gemeinde Ummendorf,Zweitstimmen,F06,FDP,35,492,7.1138
GEMEINDE,15083505,Gemeinde Ummendorf,Zweitstimmen,F07,FREIE WÄHLER,7,492,1.4228
GEMEINDE,15083505,Gemeinde Ummendorf,Zweitstimmen,F08,NPD,2,492,0.4065
GEMEINDE,15083505,Gemeinde Ummendorf,Zweitstimmen,F09,Tierschutzpartei,6,492,1.2195
GEMEINDE,15083505,Gemeinde Ummendorf,Zweitstimmen,F10,Tierschutzallianz,0,492,0.0
GEMEINDE,15083505,Gemeinde Ummendorf,Zweitstimmen,F11,LKR,1,492,0.2033
GEMEINDE,15083505,Gemeinde Ummendorf,Zweitstimmen,F12,Die PARTEI,2,492,0.4065
GEMEINDE,15083505,Gemeinde Ummendorf,Zweitstimmen,F13,Gartenpartei,7,492,1.4228
GEMEINDE,15083505,Gemeinde Ummendorf,Zweitstimmen,F14,FBM,0,492,0.0
GEMEINDE,15083505,Gemeinde Ummendorf,Zweitstimmen,F15,TIERSCHUTZ hier!,6,492,1.2195
GEMEINDE,15083505,Gemeinde Ummendorf,Zweitstimmen,F16,dieBasis,6,492,1.2195
GEMEINDE,15083505,Gemeinde Ummendorf,Zweitstimmen,F19,Klimaliste ST,0,492,0.0
GEMEINDE,15083505,Gemeinde Ummendorf,Zweitstimmen,F21,ÖDP,0,492,0.0
GEMEINDE,15083505,Gemeinde Ummendorf,Zweitstimmen,F22,Die Humanisten,0,492,0.0
GEMEINDE,15083505,Gemeinde Ummendorf,Zweitstimmen,F23,Gesundheitsforschung,0,492,0.0
GEMEINDE,15083505,Gemeinde Ummendorf,Zweitstimmen,F24,PIRATEN,1,492,0.2033
GEMEINDE,15083505,Gemeinde Ummendorf,Zweitstimmen,F25,WiR2020,2,492,0.4065
GEMEINDE,15083515,Gemeinde Völpke,Erststimmen,D01,CDU,211,586,36.0068
GEMEINDE,15083515,Gemeinde Völpke,Erststimmen,D02,AfD,145,586,24.744
GEMEINDE,15083515,Gemeinde Völpke,Erststimmen,D03,DIE LINKE,74,586,12.628
GEMEINDE,15083515,Gemeinde Völpke,Erststimmen,D04,SPD,78,586,13.3106
GEMEINDE,15083515,Gemeinde Völpke,Erststimmen,D05,GRÜNE,15,586,2.5597
GEMEINDE,15083515,Gemeinde Völpke,Erststimmen,D06,FDP,33,586,5.6314
GEMEINDE,15083515,Gemeinde Völpke,Erststimmen,D07,FREIE WÄHLER,27,586,4.6075
GEMEINDE,15083515,Gemeinde Völpke,Erststimmen,D08,NPD,0,586,0.0
GEMEINDE,15083515,Gemeinde Völpke,Erststimmen,D09,Tierschutzpartei,0,586,0.0
GEMEINDE,15083515,Gemeinde Völpke,Erststimmen,D10,Tierschutzallianz,0,586,0.0
GEMEINDE,15083515,Gemeinde Völpke,Erststimmen,D12,Die PARTEI,0,586,0.0
GEMEINDE,15083515,Gemeinde Völpke,Erststimmen,D13,Gartenpartei,0,586,0.0
GEMEINDE,15083515,Gemeinde Völpke,Erststimmen,D14,FBM,0,586,0.0
GEMEINDE,15083515,Gemeinde Völpke,Erststimmen,D16,dieBasis,3,586,0.5119
GEMEINDE,15083515,Gemeinde Völpke,Erststimmen,D21,ÖDP,0,586,0.0
GEMEINDE,15083515,Gemeinde Völpke,Erststimmen,D26,Andere KWV,0,586,0.0
GEMEINDE,15083515,Gemeinde Völpke,Erststimmen,D27,Andere KWV,0,586,0.0
GEMEINDE,15083515,Gemeinde Völpke,Erststimmen,D28,Andere KWV,0,586,0.0
GEMEINDE,15083515,Gemeinde Völpke,Zweitstimmen,F01,CDU,220,589,37.3514
GEMEINDE,15083515,Gemeinde Völpke,Zweitstimmen,F02,AfD,138,589,23.4295
GEMEINDE,15083515,Gemeinde Völpke,Zweitstimmen,F03,DIE LINKE,72,589,12.2241
GEMEINDE,15083515,Gemeinde Völpke,Zweitstimmen,F04,SPD,63,589,10.6961
GEMEINDE,15083515,Gemeinde Völpke,Zweitstimmen,F05,GRÜNE,21,589,3.5654
GEMEINDE,15083515,Gemeinde Völpke,Zweitstimmen,F06,FDP,30,589,5.0934
GEMEINDE,15083515,Gemeinde Völpke,Zweitstimmen,F07,FREIE WÄHLER,15,589,2.5467
GEMEINDE,15083515,Gemeinde Völpke,Zweitstimmen,F08,NPD,0,589,0.0
GEMEINDE,15083515,Gemeinde Völpke,Zweitstimmen,F09,Tierschutzpartei,2,589,0.3396
GEMEINDE,15083515,Gemeinde Völpke,Zweitstimmen,F10,Tierschutzallianz,1,589,0.1698
GEMEINDE,15083515,Gemeinde Völpke,Zweitstimmen,F11,LKR,0,589,0.0
GEMEINDE,15083515,Gemeinde Völpke,Zweitstimmen,F12,Die PARTEI,2,589,0.3396
GEMEINDE,15083515,Gemeinde Völpke,Zweitstimmen,F13,Gartenpartei,4,589,0.6791
GEMEINDE,15083515,Gemeinde Völpke,Zweitstimmen,F14,FBM,1,589,0.1698
GEMEINDE,15083515,Gemeinde Völpke,Zweitstimmen,F15,TIERSCHUTZ hier!,6,589,1.0187
GEMEINDE,15083515,Gemeinde Völpke,Zweitstimmen,F16,dieBasis,8,589,1.3582
GEMEINDE,15083515,Gemeinde Völpke,Zweitstimmen,F19,Klimaliste ST,0,589,0.0
GEMEINDE,15083515,Gemeinde Völpke,Zweitstimmen,F21,ÖDP,0,589,0.0
GEMEINDE,15083515,Gemeinde Völpke,Zweitstimmen,F22,Die Humanisten,3,589,0.5093
GEMEINDE,15083515,Gemeinde Völpke,Zweitstimmen,F23,Gesundheitsforschung,1,589,0.1698
GEMEINDE,15083515,Gemeinde Völpke,Zweitstimmen,F24,PIRATEN,2,589,0.3396
GEMEINDE,15083515,Gemeinde Völpke,Zweitstimmen,F25,WiR2020,0,589,0.0
GEMEINDE,15083531,Stadt Wanzleben-Börde,Erststimmen,D01,CDU,2334,7310,31.9289
GEMEINDE,15083531,Stadt Wanzleben-Börde,Erststimmen,D02,AfD,1656,7310,22.6539
GEMEINDE,15083531,Stadt Wanzleben-Börde,Erststimmen,D03,DIE LINKE,731,7310,10.0
GEMEINDE,15083531,Stadt Wanzleben-Börde,Erststimmen,D04,SPD,597,7310,8.1669
GEMEINDE,15083531,Stadt Wanzleben-Börde,Erststimmen,D05,GRÜNE,229,7310,3.1327
GEMEINDE,15083531,Stadt Wanzleben-Börde,Erststimmen,D06,FDP,1138,7310,15.5677
GEMEINDE,15083531,Stadt Wanzleben-Börde,Erststimmen,D07,FREIE WÄHLER,625,7310,8.5499
GEMEINDE,15083531,Stadt Wanzleben-Börde,Erststimmen,D08,NPD,0,7310,0.0
GEMEINDE,15083531,Stadt Wanzleben-Börde,Erststimmen,D09,Tierschutzpartei,0,7310,0.0
GEMEINDE,15083531,Stadt Wanzleben-Börde,Erststimmen,D10,Tierschutzallianz,0,7310,0.0
GEMEINDE,15083531,Stadt Wanzleben-Börde,Erststimmen,D12,Die PARTEI,0,7310,0.0
GEMEINDE,15083531,Stadt Wanzleben-Börde,Erststimmen,D13,Gartenpartei,0,7310,0.0
GEMEINDE,15083531,Stadt Wanzleben-Börde,Erststimmen,D14,FBM,0,7310,0.0
GEMEINDE,15083531,Stadt Wanzleben-Börde,Erststimmen,D16,dieBasis,0,7310,0.0
GEMEINDE,15083531,Stadt Wanzleben-Börde,Erststimmen,D21,ÖDP,0,7310,0.0
GEMEINDE,15083531,Stadt Wanzleben-Börde,Erststimmen,D26,Andere KWV,0,7310,0.0
GEMEINDE,15083531,Stadt Wanzleben-Börde,Erststimmen,D27,Andere KWV,0,7310,0.0
GEMEINDE,15083531,Stadt Wanzleben-Börde,Erststimmen,D28,Andere KWV,0,7310,0.0
GEMEINDE,15083531,Stadt Wanzleben-Börde,Zweitstimmen,F01,CDU,2716,7330,37.0532
GEMEINDE,15083531,Stadt Wanzleben-Börde,Zweitstimmen,F02,AfD,1641,7330,22.3874
GEMEINDE,15083531,Stadt Wanzleben-Börde,Zweitstimmen,F03,DIE LINKE,708,7330,9.6589
GEMEINDE,15083531,Stadt Wanzleben-Börde,Zweitstimmen,F04,SPD,566,7330,7.7217
GEMEINDE,15083531,Stadt Wanzleben-Börde,Zweitstimmen,F05,GRÜNE,231,7330,3.1514
GEMEINDE,15083531,Stadt Wanzleben-Börde,Zweitstimmen,F06,FDP,597,7330,8.1446
GEMEINDE,15083531,Stadt Wanzleben-Börde,Zweitstimmen,F07,FREIE WÄHLER,391,7330,5.3342
GEMEINDE,15083531,Stadt Wanzleben-Börde,Zweitstimmen,F08,NPD,28,7330,0.382
GEMEINDE,15083531,Stadt Wanzleben-Börde,Zweitstimmen,F09,Tierschutzpartei,98,7330,1.337
GEMEINDE,15083531,Stadt Wanzleben-Börde,Zweitstimmen,F10,Tierschutzallianz,25,7330,0.3411
GEMEINDE,15083531,Stadt Wanzleben-Börde,Zweitstimmen,F11,LKR,3,7330,0.0409
GEMEINDE,15083531,Stadt Wanzleben-Börde,Zweitstimmen,F12,Die PARTEI,32,7330,0.4366
GEMEINDE,15083531,Stadt Wanzleben-Börde,Zweitstimmen,F13,Gartenpartei,70,7330,0.955
GEMEINDE,15083531,Stadt Wanzleben-Börde,Zweitstimmen,F14,FBM,3,7330,0.0409
GEMEINDE,15083531,Stadt Wanzleben-Börde,Zweitstimmen,F15,TIERSCHUTZ hier!,62,7330,0.8458
GEMEINDE,15083531,Stadt Wanzleben-Börde,Zweitstimmen,F16,dieBasis,85,7330,1.1596
GEMEINDE,15083531,Stadt Wanzleben-Börde,Zweitstimmen,F19,Klimaliste ST,3,7330,0.0409
GEMEINDE,15083531,Stadt Wanzleben-Börde,Zweitstimmen,F21,ÖDP,3,7330,0.0409
GEMEINDE,15083531,Stadt Wanzleben-Börde,Zweitstimmen,F22,Die Humanisten,3,7330,0.0409
GEMEINDE,15083531,Stadt Wanzleben-Börde,Zweitstimmen,F23,Gesundheitsforschung,31,7330,0.4229
GEMEINDE,15083531,Stadt Wanzleben-Börde,Zweitstimmen,F24,PIRATEN,21,7330,0.2865
GEMEINDE,15083531,Stadt Wanzleben-Börde,Zweitstimmen,F25,WiR2020,13,7330,0.1774
GEMEINDE,15083535,Gemeinde Wefensleben,Erststimmen,D01,CDU,280,805,34.7826
GEMEINDE,15083535,Gemeinde Wefensleben,Erststimmen,D02,AfD,165,805,20.4969
GEMEINDE,15083535,Gemeinde Wefensleben,Erststimmen,D03,DIE LINKE,131,805,16.2733
GEMEINDE,15083535,Gemeinde Wefensleben,Erststimmen,D04,SPD,110,805,13.6646
GEMEINDE,15083535,Gemeinde Wefensleben,Erststimmen,D05,GRÜNE,31,805,3.8509
GEMEINDE,15083535,Gemeinde Wefensleben,Erststimmen,D06,FDP,42,805,5.2174
GEMEINDE,15083535,Gemeinde Wefensleben,Erststimmen,D07,FREIE WÄHLER,42,805,5.2174
GEMEINDE,15083535,Gemeinde Wefensleben,Erststimmen,D08,NPD,0,805,0.0
GEMEINDE,15083535,Gemeinde Wefensleben,Erststimmen,D09,Tierschutzpartei,0,805,0.0
GEMEINDE,15083535,Gemeinde Wefensleben,Erststimmen,D10,Tierschutzallianz,0,805,0.0
GEMEINDE,15083535,Gemeinde Wefensleben,Erststimmen,D12,Die PARTEI,0,805,0.0
GEMEINDE,15083535,Gemeinde Wefensleben,Erststimmen,D13,Gartenpartei,0,805,0.0
GEMEINDE,15083535,Gemeinde Wefensleben,Erststimmen,D14,FBM,0,805,0.0
GEMEINDE,15083535,Gemeinde Wefensleben,Erststimmen,D16,dieBasis,4,805,0.4969
GEMEINDE,15083535,Gemeinde Wefensleben,Erststimmen,D21,ÖDP,0,805,0.0
GEMEINDE,15083535,Gemeinde Wefensleben,Erststimmen,D26,Andere KWV,0,805,0.0
GEMEINDE,15083535,Gemeinde Wefensleben,Erststimmen,D27,Andere KWV,0,805,0.0
GEMEINDE,15083535,Gemeinde Wefensleben,Erststimmen,D28,Andere KWV,0,805,0.0
GEMEINDE,15083535,Gemeinde Wefensleben,Zweitstimmen,F01,CDU,293,806,36.3524
GEMEINDE,15083535,Gemeinde Wefensleben,Zweitstimmen,F02,AfD,151,806,18.7345
GEMEINDE,15083535,Gemeinde Wefensleben,Zweitstimmen,F03,DIE LINKE,122,806,15.1365
GEMEINDE,15083535,Gemeinde Wefensleben,Zweitstimmen,F04,SPD,89,806,11.0422
GEMEINDE,15083535,Gemeinde Wefensleben,Zweitstimmen,F05,GRÜNE,27,806,3.3499
GEMEINDE,15083535,Gemeinde Wefensleben,Zweitstimmen,F06,FDP,45,806,5.5831
GEMEINDE,15083535,Gemeinde Wefensleben,Zweitstimmen,F07,FREIE WÄHLER,38,806,4.7146
GEMEINDE,15083535,Gemeinde Wefensleben,Zweitstimmen,F08,NPD,6,806,0.7444
GEMEINDE,15083535,Gemeinde Wefensleben,Zweitstimmen,F09,Tierschutzpartei,7,806,0.8685
GEMEINDE,15083535,Gemeinde Wefensleben,Zweitstimmen,F10,Tierschutzallianz,0,806,0.0
GEMEINDE,15083535,Gemeinde Wefensleben,Zweitstimmen,F11,LKR,0,806,0.0
GEMEINDE,15083535,Gemeinde Wefensleben,Zweitstimmen,F12,Die PARTEI,3,806,0.3722
GEMEINDE,15083535,Gemeinde Wefensleben,Zweitstimmen,F13,Gartenpartei,6,806,0.7444
GEMEINDE,15083535,Gemeinde Wefensleben,Zweitstimmen,F14,FBM,0,806,0.0
GEMEINDE,15083535,Gemeinde Wefensleben,Zweitstimmen,F15,TIERSCHUTZ hier!,6,806,0.7444
GEMEINDE,15083535,Gemeinde Wefensleben,Zweitstimmen,F16,dieBasis,6,806,0.7444
GEMEINDE,15083535,Gemeinde Wefensleben,Zweitstimmen,F19,Klimaliste ST,0,806,0.0
GEMEINDE,15083535,Gemeinde Wefensleben,Zweitstimmen,F21,ÖDP,0,806,0.0
GEMEINDE,15083535,Gemeinde Wefensleben,Zweitstimmen,F22,Die Humanisten,1,806,0.1241
GEMEINDE,15083535,Gemeinde Wefensleben,Zweitstimmen,F23,Gesundheitsforschung,4,806,0.4963
GEMEINDE,15083535,Gemeinde Wefensleben,Zweitstimmen,F24,PIRATEN,0,806,0.0
GEMEINDE,15083535,Gemeinde Wefensleben,Zweitstimmen,F25,WiR2020,2,806,0.2481
GEMEINDE,15083557,Gemeinde Westheide,Erststimmen,D01,CDU,393,926,42.4406
GEMEINDE,15083557,Gemeinde Westheide,Erststimmen,D02,AfD,242,926,26.1339
GEMEINDE,15083557,Gemeinde Westheide,Erststimmen,D03,DIE LINKE,78,926,8.4233
GEMEINDE,15083557,Gemeinde Westheide,Erststimmen,D04,SPD,76,926,8.2073
GEMEINDE,15083557,Gemeinde Westheide,Erststimmen,D05,GRÜNE,32,926,3.4557
GEMEINDE,15083557,Gemeinde Westheide,Erststimmen,D06,FDP,38,926,4.1037
GEMEINDE,15083557,Gemeinde Westheide,Erststimmen,D07,FREIE WÄHLER,35,926,3.7797
GEMEINDE,15083557,Gemeinde Westheide,Erststimmen,D08,NPD,0,926,0.0
GEMEINDE,15083557,Gemeinde Westheide,Erststimmen,D09,Tierschutzpartei,0,926,0.0
GEMEINDE,15083557,Gemeinde Westheide,Erststimmen,D10,Tierschutzallianz,16,926,1.7279
GEMEINDE,15083557,Gemeinde Westheide,Erststimmen,D12,Die PARTEI,0,926,0.0
GEMEINDE,15083557,Gemeinde Westheide,Erststimmen,D13,Gartenpartei,0,926,0.0
GEMEINDE,15083557,Gemeinde Westheide,Erststimmen,D14,FBM,0,926,0.0
GEMEINDE,15083557,Gemeinde Westheide,Erststimmen,D16,dieBasis,15,926,1.6199
GEMEINDE,15083557,Gemeinde Westheide,Erststimmen,D21,ÖDP,0,926,0.0
GEMEINDE,15083557,Gemeinde Westheide,Erststimmen,D26,Andere KWV,1,926,0.108
GEMEINDE,15083557,Gemeinde Westheide,Erststimmen,D27,Andere KWV,0,926,0.0
GEMEINDE,15083557,Gemeinde Westheide,Erststimmen,D28,Andere KWV,0,926,0.0
GEMEINDE,15083557,Gemeinde Westheide,Zweitstimmen,F01,CDU,372,932,39.9142
GEMEINDE,15083557,Gemeinde Westheide,Zweitstimmen,F02,AfD,241,932,25.8584
GEMEINDE,15083557,Gemeinde Westheide,Zweitstimmen,F03,DIE LINKE,80,932,8.5837
GEMEINDE,15083557,Gemeinde Westheide,Zweitstimmen,F04,SPD,64,932,6.867
GEMEINDE,15083557,Gemeinde Westheide,Zweitstimmen,F05,GRÜNE,31,932,3.3262
GEMEINDE,15083557,Gemeinde Westheide,Zweitstimmen,F06,FDP,53,932,5.6867
GEMEINDE,15083557,Gemeinde Westheide,Zweitstimmen,F07,FREIE WÄHLER,23,932,2.4678
GEMEINDE,15083557,Gemeinde Westheide,Zweitstimmen,F08,NPD,2,932,0.2146
GEMEINDE,15083557,Gemeinde Westheide,Zweitstimmen,F09,Tierschutzpartei,13,932,1.3948
GEMEINDE,15083557,Gemeinde Westheide,Zweitstimmen,F10,Tierschutzallianz,7,932,0.7511
GEMEINDE,15083557,Gemeinde Westheide,Zweitstimmen,F11,LKR,0,932,0.0
GEMEINDE,15083557,Gemeinde Westheide,Zweitstimmen,F12,Die PARTEI,12,932,1.2876
GEMEINDE,15083557,Gemeinde Westheide,Zweitstimmen,F13,Gartenpartei,8,932,0.8584
GEMEINDE,15083557,Gemeinde Westheide,Zweitstimmen,F14,FBM,0,932,0.0
GEMEINDE,15083557,Gemeinde Westheide,Zweitstimmen,F15,TIERSCHUTZ hier!,1,932,0.1073
GEMEINDE,15083557,Gemeinde Westheide,Zweitstimmen,F16,dieBasis,10,932,1.073
GEMEINDE,15083557,Gemeinde Westheide,Zweitstimmen,F19,Klimaliste ST,1,932,0.1073
GEMEINDE,15083557,Gemeinde Westheide,Zweitstimmen,F21,ÖDP,0,932,0.0
GEMEINDE,15083557,Gemeinde Westheide,Zweitstimmen,F22,Die Humanisten,2,932,0.2146
GEMEINDE,15083557,Gemeinde Westheide,Zweitstimmen,F23,Gesundheitsforschung,5,932,0.5365
GEMEINDE,15083557,Gemeinde Westheide,Zweitstimmen,F24,PIRATEN,4,932,0.4292
GEMEINDE,15083557,Gemeinde Westheide,Zweitstimmen,F25,WiR2020,3,932,0.3219
GEMEINDE,15083565,Stadt Wolmirstedt,Erststimmen,D01,CDU,2264,5807,38.9874
GEMEINDE,15083565,Stadt Wolmirstedt,Erststimmen,D02,AfD,1145,5807,19.7176
GEMEINDE,15083565,Stadt Wolmirstedt,Erststimmen,D03,DIE LINKE,812,5807,13.9831
GEMEINDE,15083565,Stadt Wolmirstedt,Erststimmen,D04,SPD,528,5807,9.0925
GEMEINDE,15083565,Stadt Wolmirstedt,Erststimmen,D05,GRÜNE,218,5807,3.7541
GEMEINDE,15083565,Stadt Wolmirstedt,Erststimmen,D06,FDP,313,5807,5.39
GEMEINDE,15083565,Stadt Wolmirstedt,Erststimmen,D07,FREIE WÄHLER,202,5807,3.4786
GEMEINDE,15083565,Stadt Wolmirstedt,Erststimmen,D08,NPD,0,5807,0.0
GEMEINDE,15083565,Stadt Wolmirstedt,Erststimmen,D09,Tierschutzpartei,0,5807,0.0
GEMEINDE,15083565,Stadt Wolmirstedt,Erststimmen,D10,Tierschutzallianz,156,5807,2.6864
GEMEINDE,15083565,Stadt Wolmirstedt,Erststimmen,D12,Die PARTEI,0,5807,0.0
GEMEINDE,15083565,Stadt Wolmirstedt,Erststimmen,D13,Gartenpartei,0,5807,0.0
GEMEINDE,15083565,Stadt Wolmirstedt,Erststimmen,D14,FBM,0,5807,0.0
GEMEINDE,15083565,Stadt Wolmirstedt,Erststimmen,D16,dieBasis,99,5807,1.7048
GEMEINDE,15083565,Stadt Wolmirstedt,Erststimmen,D21,ÖDP,0,5807,0.0
GEMEINDE,15083565,Stadt Wolmirstedt,Erststimmen,D26,Andere KWV,70,5807,1.2054
GEMEINDE,15083565,Stadt Wolmirstedt,Erststimmen,D27,Andere KWV,0,5807,0.0
GEMEINDE,15083565,Stadt Wolmirstedt,Erststimmen,D28,Andere KWV,0,5807,0.0
GEMEINDE,15083565,Stadt Wolmirstedt,Zweitstimmen,F01,CDU,2071,5805,35.6761
GEMEINDE,15083565,Stadt Wolmirstedt,Zweitstimmen,F02,AfD,1256,5805,21.6365
GEMEINDE,15083565,Stadt Wolmirstedt,Zweitstimmen,F03,DIE LINKE,721,5805,12.4203
GEMEINDE,15083565,Stadt Wolmirstedt,Zweitstimmen,F04,SPD,516,5805,8.8889
GEMEINDE,15083565,Stadt Wolmirstedt,Zweitstimmen,F05,GRÜNE,260,5805,4.4789
GEMEINDE,15083565,Stadt Wolmirstedt,Zweitstimmen,F06,FDP,387,5805,6.6667
GEMEINDE,15083565,Stadt Wolmirstedt,Zweitstimmen,F07,FREIE WÄHLER,145,5805,2.4978
GEMEINDE,15083565,Stadt Wolmirstedt,Zweitstimmen,F08,NPD,14,5805,0.2412
GEMEINDE,15083565,Stadt Wolmirstedt,Zweitstimmen,F09,Tierschutzpartei,77,5805,1.3264
GEMEINDE,15083565,Stadt Wolmirstedt,Zweitstimmen,F10,Tierschutzallianz,63,5805,1.0853
GEMEINDE,15083565,Stadt Wolmirstedt,Zweitstimmen,F11,LKR,1,5805,0.0172
GEMEINDE,15083565,Stadt Wolmirstedt,Zweitstimmen,F12,Die PARTEI,45,5805,0.7752
GEMEINDE,15083565,Stadt Wolmirstedt,Zweitstimmen,F13,Gartenpartei,65,5805,1.1197
GEMEINDE,15083565,Stadt Wolmirstedt,Zweitstimmen,F14,FBM,5,5805,0.0861
GEMEINDE,15083565,Stadt Wolmirstedt,Zweitstimmen,F15,TIERSCHUTZ hier!,29,5805,0.4996
GEMEINDE,15083565,Stadt Wolmirstedt,Zweitstimmen,F16,dieBasis,79,5805,1.3609
GEMEINDE,15083565,Stadt Wolmirstedt,Zweitstimmen,F19,Klimaliste ST,2,5805,0.0345
GEMEINDE,15083565,Stadt Wolmirstedt,Zweitstimmen,F21,ÖDP,2,5805,0.0345
GEMEINDE,15083565,Stadt Wolmirstedt,Zweitstimmen,F22,Die Humanisten,12,5805,0.2067
GEMEINDE,15083565,Stadt Wolmirstedt,Zweitstimmen,F23,Gesundheitsforschung,22,5805,0.379
GEMEINDE,15083565,Stadt Wolmirstedt,Zweitstimmen,F24,PIRATEN,24,5805,0.4134
GEMEINDE,15083565,Stadt Wolmirstedt,Zweitstimmen,F25,WiR2020,9,5805,0.155
GEMEINDE,15083580,Gemeinde Zielitz,Erststimmen,D01,CDU,366,953,38.405
GEMEINDE,15083580,Gemeinde Zielitz,Erststimmen,D02,AfD,215,953,22.5603
GEMEINDE,15083580,Gemeinde Zielitz,Erststimmen,D03,DIE LINKE,118,953,12.382
GEMEINDE,15083580,Gemeinde Zielitz,Erststimmen,D04,SPD,92,953,9.6537
GEMEINDE,15083580,Gemeinde Zielitz,Erststimmen,D05,GRÜNE,28,953,2.9381
GEMEINDE,15083580,Gemeinde Zielitz,Erststimmen,D06,FDP,54,953,5.6663
GEMEINDE,15083580,Gemeinde Zielitz,Erststimmen,D07,FREIE WÄHLER,31,953,3.2529
GEMEINDE,15083580,Gemeinde Zielitz,Erststimmen,D08,NPD,0,953,0.0
GEMEINDE,15083580,Gemeinde Zielitz,Erststimmen,D09,Tierschutzpartei,0,953,0.0
GEMEINDE,15083580,Gemeinde Zielitz,Erststimmen,D10,Tierschutzallianz,25,953,2.6233
GEMEINDE,15083580,Gemeinde Zielitz,Erststimmen,D12,Die PARTEI,0,953,0.0
GEMEINDE,15083580,Gemeinde Zielitz,Erststimmen,D13,Gartenpartei,0,953,0.0
GEMEINDE,15083580,Gemeinde Zielitz,Erststimmen,D14,FBM,0,953,0.0
GEMEINDE,15083580,Gemeinde Zielitz,Erststimmen,D16,dieBasis,16,953,1.6789
GEMEINDE,15083580,Gemeinde Zielitz,Erststimmen,D21,ÖDP,0,953,0.0
GEMEINDE,15083580,Gemeinde Zielitz,Erststimmen,D26,Andere KWV,8,953,0.8395
GEMEINDE,15083580,Gemeinde Zielitz,Erststimmen,D27,Andere KWV,0,953,0.0
GEMEINDE,15083580,Gemeinde Zielitz,Erststimmen,D28,Andere KWV,0,953,0.0
GEMEINDE,15083580,Gemeinde Zielitz,Zweitstimmen,F01,CDU,353,955,36.9634
GEMEINDE,15083580,Gemeinde Zielitz,Zweitstimmen,F02,AfD,230,955,24.0838
GEMEINDE,15083580,Gemeinde Zielitz,Zweitstimmen,F03,DIE LINKE,94,955,9.8429
GEMEINDE,15083580,Gemeinde Zielitz,Zweitstimmen,F04,SPD,64,955,6.7016
GEMEINDE,15083580,Gemeinde Zielitz,Zweitstimmen,F05,GRÜNE,43,955,4.5026
GEMEINDE,15083580,Gemeinde Zielitz,Zweitstimmen,F06,FDP,75,955,7.8534
GEMEINDE,15083580,Gemeinde Zielitz,Zweitstimmen,F07,FREIE WÄHLER,28,955,2.9319
GEMEINDE,15083580,Gemeinde Zielitz,Zweitstimmen,F08,NPD,2,955,0.2094
GEMEINDE,15083580,Gemeinde Zielitz,Zweitstimmen,F09,Tierschutzpartei,11,955,1.1518
GEMEINDE,15083580,Gemeinde Zielitz,Zweitstimmen,F10,Tierschutzallianz,6,955,0.6283
GEMEINDE,15083580,Gemeinde Zielitz,Zweitstimmen,F11,LKR,0,955,0.0
GEMEINDE,15083580,Gemeinde Zielitz,Zweitstimmen,F12,Die PARTEI,3,955,0.3141
GEMEINDE,15083580,Gemeinde Zielitz,Zweitstimmen,F13,Gartenpartei,11,955,1.1518
GEMEINDE,15083580,Gemeinde Zielitz,Zweitstimmen,F14,FBM,1,955,0.1047
GEMEINDE,15083580,Gemeinde Zielitz,Zweitstimmen,F15,TIERSCHUTZ hier!,5,955,0.5236
GEMEINDE,15083580,Gemeinde Zielitz,Zweitstimmen,F16,dieBasis,13,955,1.3613
GEMEINDE,15083580,Gemeinde Zielitz,Zweitstimmen,F19,Klimaliste ST,1,955,0.1047
GEMEINDE,15083580,Gemeinde Zielitz,Zweitstimmen,F21,ÖDP,1,955,0.1047
GEMEINDE,15083580,Gemeinde Zielitz,Zweitstimmen,F22,Die Humanisten,0,955,0.0
GEMEINDE,15083580,Gemeinde Zielitz,Zweitstimmen,F23,Gesundheitsforschung,4,955,0.4188
GEMEINDE,15083580,Gemeinde Zielitz,Zweitstimmen,F24,PIRATEN,6,955,0.6283
GEMEINDE,15083580,Gemeinde Zielitz,Zweitstimmen,F25,WiR2020,4,955,0.4188
GEMEINDE,15084012,Gemeinde An der Poststraße,Erststimmen,D01,CDU,271,808,33.5396
GEMEINDE,15084012,Gemeinde An der Poststraße,Erststimmen,D02,AfD,257,808,31.8069
GEMEINDE,15084012,Gemeinde An der Poststraße,Erststimmen,D03,DIE LINKE,82,808,10.1485
GEMEINDE,15084012,Gemeinde An der Poststraße,Erststimmen,D04,SPD,84,808,10.396
GEMEINDE,15084012,Gemeinde An der Poststraße,Erststimmen,D05,GRÜNE,9,808,1.1139
GEMEINDE,15084012,Gemeinde An der Poststraße,Erststimmen,D06,FDP,74,808,9.1584
GEMEINDE,15084012,Gemeinde An der Poststraße,Erststimmen,D07,FREIE WÄHLER,0,808,0.0
GEMEINDE,15084012,Gemeinde An der Poststraße,Erststimmen,D08,NPD,0,808,0.0
GEMEINDE,15084012,Gemeinde An der Poststraße,Erststimmen,D09,Tierschutzpartei,0,808,0.0
GEMEINDE,15084012,Gemeinde An der Poststraße,Erststimmen,D10,Tierschutzallianz,31,808,3.8366
GEMEINDE,15084012,Gemeinde An der Poststraße,Erststimmen,D12,Die PARTEI,0,808,0.0
GEMEINDE,15084012,Gemeinde An der Poststraße,Erststimmen,D13,Gartenpartei,0,808,0.0
GEMEINDE,15084012,Gemeinde An der Poststraße,Erststimmen,D14,FBM,0,808,0.0
GEMEINDE,15084012,Gemeinde An der Poststraße,Erststimmen,D16,dieBasis,0,808,0.0
GEMEINDE,15084012,Gemeinde An der Poststraße,Erststimmen,D21,ÖDP,0,808,0.0
GEMEINDE,15084012,Gemeinde An der Poststraße,Erststimmen,D26,Andere KWV,0,808,0.0
GEMEINDE,15084012,Gemeinde An der Poststraße,Erststimmen,D27,Andere KWV,0,808,0.0
GEMEINDE,15084012,Gemeinde An der Poststraße,Erststimmen,D28,Andere KWV,0,808,0.0
GEMEINDE,15084012,Gemeinde An der Poststraße,Zweitstimmen,F01,CDU,291,815,35.7055
GEMEINDE,15084012,Gemeinde An der Poststraße,Zweitstimmen,F02,AfD,227,815,27.8528
GEMEINDE,15084012,Gemeinde An der Poststraße,Zweitstimmen,F03,DIE LINKE,56,815,6.8712
GEMEINDE,15084012,Gemeinde An der Poststraße,Zweitstimmen,F04,SPD,74,815,9.0798
GEMEINDE,15084012,Gemeinde An der Poststraße,Zweitstimmen,F05,GRÜNE,15,815,1.8405
GEMEINDE,15084012,Gemeinde An der Poststraße,Zweitstimmen,F06,FDP,47,815,5.7669
GEMEINDE,15084012,Gemeinde An der Poststraße,Zweitstimmen,F07,FREIE WÄHLER,22,815,2.6994
GEMEINDE,15084012,Gemeinde An der Poststraße,Zweitstimmen,F08,NPD,6,815,0.7362
GEMEINDE,15084012,Gemeinde An der Poststraße,Zweitstimmen,F09,Tierschutzpartei,6,815,0.7362
GEMEINDE,15084012,Gemeinde An der Poststraße,Zweitstimmen,F10,Tierschutzallianz,8,815,0.9816
GEMEINDE,15084012,Gemeinde An der Poststraße,Zweitstimmen,F11,LKR,0,815,0.0
GEMEINDE,15084012,Gemeinde An der Poststraße,Zweitstimmen,F12,Die PARTEI,6,815,0.7362
GEMEINDE,15084012,Gemeinde An der Poststraße,Zweitstimmen,F13,Gartenpartei,4,815,0.4908
GEMEINDE,15084012,Gemeinde An der Poststraße,Zweitstimmen,F14,FBM,2,815,0.2454
GEMEINDE,15084012,Gemeinde An der Poststraße,Zweitstimmen,F15,TIERSCHUTZ hier!,4,815,0.4908
GEMEINDE,15084012,Gemeinde An der Poststraße,Zweitstimmen,F16,dieBasis,40,815,4.908
GEMEINDE,15084012,Gemeinde An der Poststraße,Zweitstimmen,F19,Klimaliste ST,0,815,0.0
GEMEINDE,15084012,Gemeinde An der Poststraße,Zweitstimmen,F21,ÖDP,2,815,0.2454
GEMEINDE,15084012,Gemeinde An der Poststraße,Zweitstimmen,F22,Die Humanisten,0,815,0.0
GEMEINDE,15084012,Gemeinde An der Poststraße,Zweitstimmen,F23,Gesundheitsforschung,4,815,0.4908
GEMEINDE,15084012,Gemeinde An der Poststraße,Zweitstimmen,F24,PIRATEN,0,815,0.0
GEMEINDE,15084012,Gemeinde An der Poststraße,Zweitstimmen,F25,WiR2020,1,815,0.1227
GEMEINDE,15084013,Gemeinde Meineweh,Erststimmen,D01,CDU,180,479,37.5783
GEMEINDE,15084013,Gemeinde Meineweh,Erststimmen,D02,AfD,127,479,26.5136
GEMEINDE,15084013,Gemeinde Meineweh,Erststimmen,D03,DIE LINKE,60,479,12.5261
GEMEINDE,15084013,Gemeinde Meineweh,Erststimmen,D04,SPD,51,479,10.6472
GEMEINDE,15084013,Gemeinde Meineweh,Erststimmen,D05,GRÜNE,7,479,1.4614
GEMEINDE,15084013,Gemeinde Meineweh,Erststimmen,D06,FDP,28,479,5.8455
GEMEINDE,15084013,Gemeinde Meineweh,Erststimmen,D07,FREIE WÄHLER,0,479,0.0
GEMEINDE,15084013,Gemeinde Meineweh,Erststimmen,D08,NPD,0,479,0.0
GEMEINDE,15084013,Gemeinde Meineweh,Erststimmen,D09,Tierschutzpartei,0,479,0.0
GEMEINDE,15084013,Gemeinde Meineweh,Erststimmen,D10,Tierschutzallianz,0,479,0.0
GEMEINDE,15084013,Gemeinde Meineweh,Erststimmen,D12,Die PARTEI,15,479,3.1315
GEMEINDE,15084013,Gemeinde Meineweh,Erststimmen,D13,Gartenpartei,0,479,0.0
GEMEINDE,15084013,Gemeinde Meineweh,Erststimmen,D14,FBM,0,479,0.0
GEMEINDE,15084013,Gemeinde Meineweh,Erststimmen,D16,dieBasis,0,479,0.0
GEMEINDE,15084013,Gemeinde Meineweh,Erststimmen,D21,ÖDP,0,479,0.0
GEMEINDE,15084013,Gemeinde Meineweh,Erststimmen,D26,Andere KWV,11,479,2.2965
GEMEINDE,15084013,Gemeinde Meineweh,Erststimmen,D27,Andere KWV,0,479,0.0
GEMEINDE,15084013,Gemeinde Meineweh,Erststimmen,D28,Andere KWV,0,479,0.0
GEMEINDE,15084013,Gemeinde Meineweh,Zweitstimmen,F01,CDU,181,479,37.7871
GEMEINDE,15084013,Gemeinde Meineweh,Zweitstimmen,F02,AfD,117,479,24.4259
GEMEINDE,15084013,Gemeinde Meineweh,Zweitstimmen,F03,DIE LINKE,59,479,12.3173
GEMEINDE,15084013,Gemeinde Meineweh,Zweitstimmen,F04,SPD,33,479,6.8894
GEMEINDE,15084013,Gemeinde Meineweh,Zweitstimmen,F05,GRÜNE,11,479,2.2965
GEMEINDE,15084013,Gemeinde Meineweh,Zweitstimmen,F06,FDP,30,479,6.263
GEMEINDE,15084013,Gemeinde Meineweh,Zweitstimmen,F07,FREIE WÄHLER,11,479,2.2965
GEMEINDE,15084013,Gemeinde Meineweh,Zweitstimmen,F08,NPD,2,479,0.4175
GEMEINDE,15084013,Gemeinde Meineweh,Zweitstimmen,F09,Tierschutzpartei,1,479,0.2088
GEMEINDE,15084013,Gemeinde Meineweh,Zweitstimmen,F10,Tierschutzallianz,4,479,0.8351
GEMEINDE,15084013,Gemeinde Meineweh,Zweitstimmen,F11,LKR,0,479,0.0
GEMEINDE,15084013,Gemeinde Meineweh,Zweitstimmen,F12,Die PARTEI,2,479,0.4175
GEMEINDE,15084013,Gemeinde Meineweh,Zweitstimmen,F13,Gartenpartei,4,479,0.8351
GEMEINDE,15084013,Gemeinde Meineweh,Zweitstimmen,F14,FBM,0,479,0.0
GEMEINDE,15084013,Gemeinde Meineweh,Zweitstimmen,F15,TIERSCHUTZ hier!,4,479,0.8351
GEMEINDE,15084013,Gemeinde Meineweh,Zweitstimmen,F16,dieBasis,12,479,2.5052
GEMEINDE,15084013,Gemeinde Meineweh,Zweitstimmen,F19,Klimaliste ST,0,479,0.0
GEMEINDE,15084013,Gemeinde Meineweh,Zweitstimmen,F21,ÖDP,2,479,0.4175
GEMEINDE,15084013,Gemeinde Meineweh,Zweitstimmen,F22,Die Humanisten,0,479,0.0
GEMEINDE,15084013,Gemeinde Meineweh,Zweitstimmen,F23,Gesundheitsforschung,0,479,0.0
GEMEINDE,15084013,Gemeinde Meineweh,Zweitstimmen,F24,PIRATEN,3,479,0.6263
GEMEINDE,15084013,Gemeinde Meineweh,Zweitstimmen,F25,WiR2020,3,479,0.6263
GEMEINDE,15084015,Stadt Bad Bibra,Erststimmen,D01,CDU,435,1283,33.9049
GEMEINDE,15084015,Stadt Bad Bibra,Erststimmen,D02,AfD,368,1283,28.6828
GEMEINDE,15084015,Stadt Bad Bibra,Erststimmen,D03,DIE LINKE,161,1283,12.5487
GEMEINDE,15084015,Stadt Bad Bibra,Erststimmen,D04,SPD,117,1283,9.1193
GEMEINDE,15084015,Stadt Bad Bibra,Erststimmen,D05,GRÜNE,19,1283,1.4809
GEMEINDE,15084015,Stadt Bad Bibra,Erststimmen,D06,FDP,137,1283,10.6781
GEMEINDE,15084015,Stadt Bad Bibra,Erststimmen,D07,FREIE WÄHLER,0,1283,0.0
GEMEINDE,15084015,Stadt Bad Bibra,Erststimmen,D08,NPD,0,1283,0.0
GEMEINDE,15084015,Stadt Bad Bibra,Erststimmen,D09,Tierschutzpartei,0,1283,0.0
GEMEINDE,15084015,Stadt Bad Bibra,Erststimmen,D10,Tierschutzallianz,46,1283,3.5853
GEMEINDE,15084015,Stadt Bad Bibra,Erststimmen,D12,Die PARTEI,0,1283,0.0
GEMEINDE,15084015,Stadt Bad Bibra,Erststimmen,D13,Gartenpartei,0,1283,0.0
GEMEINDE,15084015,Stadt Bad Bibra,Erststimmen,D14,FBM,0,1283,0.0
GEMEINDE,15084015,Stadt Bad Bibra,Erststimmen,D16,dieBasis,0,1283,0.0
GEMEINDE,15084015,Stadt Bad Bibra,Erststimmen,D21,ÖDP,0,1283,0.0
GEMEINDE,15084015,Stadt Bad Bibra,Erststimmen,D26,Andere KWV,0,1283,0.0
GEMEINDE,15084015,Stadt Bad Bibra,Erststimmen,D27,Andere KWV,0,1283,0.0
GEMEINDE,15084015,Stadt Bad Bibra,Erststimmen,D28,Andere KWV,0,1283,0.0
GEMEINDE,15084015,Stadt Bad Bibra,Zweitstimmen,F01,CDU,526,1296,40.5864
GEMEINDE,15084015,Stadt Bad Bibra,Zweitstimmen,F02,AfD,320,1296,24.6914
GEMEINDE,15084015,Stadt Bad Bibra,Zweitstimmen,F03,DIE LINKE,126,1296,9.7222
GEMEINDE,15084015,Stadt Bad Bibra,Zweitstimmen,F04,SPD,99,1296,7.6389
GEMEINDE,15084015,Stadt Bad Bibra,Zweitstimmen,F05,GRÜNE,27,1296,2.0833
GEMEINDE,15084015,Stadt Bad Bibra,Zweitstimmen,F06,FDP,89,1296,6.8673
GEMEINDE,15084015,Stadt Bad Bibra,Zweitstimmen,F07,FREIE WÄHLER,28,1296,2.1605
GEMEINDE,15084015,Stadt Bad Bibra,Zweitstimmen,F08,NPD,7,1296,0.5401
GEMEINDE,15084015,Stadt Bad Bibra,Zweitstimmen,F09,Tierschutzpartei,11,1296,0.8488
GEMEINDE,15084015,Stadt Bad Bibra,Zweitstimmen,F10,Tierschutzallianz,13,1296,1.0031
GEMEINDE,15084015,Stadt Bad Bibra,Zweitstimmen,F11,LKR,2,1296,0.1543
GEMEINDE,15084015,Stadt Bad Bibra,Zweitstimmen,F12,Die PARTEI,5,1296,0.3858
GEMEINDE,15084015,Stadt Bad Bibra,Zweitstimmen,F13,Gartenpartei,8,1296,0.6173
GEMEINDE,15084015,Stadt Bad Bibra,Zweitstimmen,F14,FBM,1,1296,0.0772
GEMEINDE,15084015,Stadt Bad Bibra,Zweitstimmen,F15,TIERSCHUTZ hier!,6,1296,0.463
GEMEINDE,15084015,Stadt Bad Bibra,Zweitstimmen,F16,dieBasis,12,1296,0.9259
GEMEINDE,15084015,Stadt Bad Bibra,Zweitstimmen,F19,Klimaliste ST,0,1296,0.0
GEMEINDE,15084015,Stadt Bad Bibra,Zweitstimmen,F21,ÖDP,1,1296,0.0772
GEMEINDE,15084015,Stadt Bad Bibra,Zweitstimmen,F22,Die Humanisten,2,1296,0.1543
GEMEINDE,15084015,Stadt Bad Bibra,Zweitstimmen,F23,Gesundheitsforschung,7,1296,0.5401
GEMEINDE,15084015,Stadt Bad Bibra,Zweitstimmen,F24,PIRATEN,5,1296,0.3858
GEMEINDE,15084015,Stadt Bad Bibra,Zweitstimmen,F25,WiR2020,1,1296,0.0772
GEMEINDE,15084025,Gemeinde Balgstädt,Erststimmen,D01,CDU,236,563,41.9183
GEMEINDE,15084025,Gemeinde Balgstädt,Erststimmen,D02,AfD,175,563,31.0835
GEMEINDE,15084025,Gemeinde Balgstädt,Erststimmen,D03,DIE LINKE,33,563,5.8615
GEMEINDE,15084025,Gemeinde Balgstädt,Erststimmen,D04,SPD,54,563,9.5915
GEMEINDE,15084025,Gemeinde Balgstädt,Erststimmen,D05,GRÜNE,6,563,1.0657
GEMEINDE,15084025,Gemeinde Balgstädt,Erststimmen,D06,FDP,26,563,4.6181
GEMEINDE,15084025,Gemeinde Balgstädt,Erststimmen,D07,FREIE WÄHLER,0,563,0.0
GEMEINDE,15084025,Gemeinde Balgstädt,Erststimmen,D08,NPD,0,563,0.0
GEMEINDE,15084025,Gemeinde Balgstädt,Erststimmen,D09,Tierschutzpartei,0,563,0.0
GEMEINDE,15084025,Gemeinde Balgstädt,Erststimmen,D10,Tierschutzallianz,0,563,0.0
GEMEINDE,15084025,Gemeinde Balgstädt,Erststimmen,D12,Die PARTEI,16,563,2.8419
GEMEINDE,15084025,Gemeinde Balgstädt,Erststimmen,D13,Gartenpartei,0,563,0.0
GEMEINDE,15084025,Gemeinde Balgstädt,Erststimmen,D14,FBM,0,563,0.0
GEMEINDE,15084025,Gemeinde Balgstädt,Erststimmen,D16,dieBasis,0,563,0.0
GEMEINDE,15084025,Gemeinde Balgstädt,Erststimmen,D21,ÖDP,0,563,0.0
GEMEINDE,15084025,Gemeinde Balgstädt,Erststimmen,D26,Andere KWV,17,563,3.0195
GEMEINDE,15084025,Gemeinde Balgstädt,Erststimmen,D27,Andere KWV,0,563,0.0
GEMEINDE,15084025,Gemeinde Balgstädt,Erststimmen,D28,Andere KWV,0,563,0.0
GEMEINDE,15084025,Gemeinde Balgstädt,Zweitstimmen,F01,CDU,226,562,40.2135
GEMEINDE,15084025,Gemeinde Balgstädt,Zweitstimmen,F02,AfD,160,562,28.4698
GEMEINDE,15084025,Gemeinde Balgstädt,Zweitstimmen,F03,DIE LINKE,39,562,6.9395
GEMEINDE,15084025,Gemeinde Balgstädt,Zweitstimmen,F04,SPD,39,562,6.9395
GEMEINDE,15084025,Gemeinde Balgstädt,Zweitstimmen,F05,GRÜNE,21,562,3.7367
GEMEINDE,15084025,Gemeinde Balgstädt,Zweitstimmen,F06,FDP,27,562,4.8043
GEMEINDE,15084025,Gemeinde Balgstädt,Zweitstimmen,F07,FREIE WÄHLER,7,562,1.2456
GEMEINDE,15084025,Gemeinde Balgstädt,Zweitstimmen,F08,NPD,5,562,0.8897
GEMEINDE,15084025,Gemeinde Balgstädt,Zweitstimmen,F09,Tierschutzpartei,8,562,1.4235
GEMEINDE,15084025,Gemeinde Balgstädt,Zweitstimmen,F10,Tierschutzallianz,2,562,0.3559
GEMEINDE,15084025,Gemeinde Balgstädt,Zweitstimmen,F11,LKR,2,562,0.3559
GEMEINDE,15084025,Gemeinde Balgstädt,Zweitstimmen,F12,Die PARTEI,3,562,0.5338
GEMEINDE,15084025,Gemeinde Balgstädt,Zweitstimmen,F13,Gartenpartei,2,562,0.3559
GEMEINDE,15084025,Gemeinde Balgstädt,Zweitstimmen,F14,FBM,0,562,0.0
GEMEINDE,15084025,Gemeinde Balgstädt,Zweitstimmen,F15,TIERSCHUTZ hier!,2,562,0.3559
GEMEINDE,15084025,Gemeinde Balgstädt,Zweitstimmen,F16,dieBasis,16,562,2.847
GEMEINDE,15084025,Gemeinde Balgstädt,Zweitstimmen,F19,Klimaliste ST,0,562,0.0
GEMEINDE,15084025,Gemeinde Balgstädt,Zweitstimmen,F21,ÖDP,0,562,0.0
GEMEINDE,15084025,Gemeinde Balgstädt,Zweitstimmen,F22,Die Humanisten,0,562,0.0
GEMEINDE,15084025,Gemeinde Balgstädt,Zweitstimmen,F23,Gesundheitsforschung,2,562,0.3559
GEMEINDE,15084025,Gemeinde Balgstädt,Zweitstimmen,F24,PIRATEN,1,562,0.1779
GEMEINDE,15084025,Gemeinde Balgstädt,Zweitstimmen,F25,WiR2020,0,562,0.0
GEMEINDE,15084115,Gemeinde Droyßig,Erststimmen,D01,CDU,238,992,23.9919
GEMEINDE,15084115,Gemeinde Droyßig,Erststimmen,D02,AfD,230,992,23.1855
GEMEINDE,15084115,Gemeinde Droyßig,Erststimmen,D03,DIE LINKE,192,992,19.3548
GEMEINDE,15084115,Gemeinde Droyßig,Erststimmen,D04,SPD,59,992,5.9476
GEMEINDE,15084115,Gemeinde Droyßig,Erststimmen,D05,GRÜNE,46,992,4.6371
GEMEINDE,15084115,Gemeinde Droyßig,Erststimmen,D06,FDP,81,992,8.1653
GEMEINDE,15084115,Gemeinde Droyßig,Erststimmen,D07,FREIE WÄHLER,126,992,12.7016
GEMEINDE,15084115,Gemeinde Droyßig,Erststimmen,D08,NPD,0,992,0.0
GEMEINDE,15084115,Gemeinde Droyßig,Erststimmen,D09,Tierschutzpartei,0,992,0.0
GEMEINDE,15084115,Gemeinde Droyßig,Erststimmen,D10,Tierschutzallianz,0,992,0.0
GEMEINDE,15084115,Gemeinde Droyßig,Erststimmen,D12,Die PARTEI,0,992,0.0
GEMEINDE,15084115,Gemeinde Droyßig,Erststimmen,D13,Gartenpartei,0,992,0.0
GEMEINDE,15084115,Gemeinde Droyßig,Erststimmen,D14,FBM,0,992,0.0
GEMEINDE,15084115,Gemeinde Droyßig,Erststimmen,D16,dieBasis,0,992,0.0
GEMEINDE,15084115,Gemeinde Droyßig,Erststimmen,D21,ÖDP,0,992,0.0
GEMEINDE,15084115,Gemeinde Droyßig,Erststimmen,D26,Andere KWV,5,992,0.504
GEMEINDE,15084115,Gemeinde Droyßig,Erststimmen,D27,Andere KWV,10,992,1.0081
GEMEINDE,15084115,Gemeinde Droyßig,Erststimmen,D28,Andere KWV,5,992,0.504
GEMEINDE,15084115,Gemeinde Droyßig,Zweitstimmen,F01,CDU,366,993,36.858
GEMEINDE,15084115,Gemeinde Droyßig,Zweitstimmen,F02,AfD,244,993,24.572
GEMEINDE,15084115,Gemeinde Droyßig,Zweitstimmen,F03,DIE LINKE,114,993,11.4804
GEMEINDE,15084115,Gemeinde Droyßig,Zweitstimmen,F04,SPD,62,993,6.2437
GEMEINDE,15084115,Gemeinde Droyßig,Zweitstimmen,F05,GRÜNE,43,993,4.3303
GEMEINDE,15084115,Gemeinde Droyßig,Zweitstimmen,F06,FDP,73,993,7.3515
GEMEINDE,15084115,Gemeinde Droyßig,Zweitstimmen,F07,FREIE WÄHLER,31,993,3.1219
GEMEINDE,15084115,Gemeinde Droyßig,Zweitstimmen,F08,NPD,0,993,0.0
GEMEINDE,15084115,Gemeinde Droyßig,Zweitstimmen,F09,Tierschutzpartei,10,993,1.007
GEMEINDE,15084115,Gemeinde Droyßig,Zweitstimmen,F10,Tierschutzallianz,0,993,0.0
GEMEINDE,15084115,Gemeinde Droyßig,Zweitstimmen,F11,LKR,1,993,0.1007
GEMEINDE,15084115,Gemeinde Droyßig,Zweitstimmen,F12,Die PARTEI,4,993,0.4028
GEMEINDE,15084115,Gemeinde Droyßig,Zweitstimmen,F13,Gartenpartei,7,993,0.7049
GEMEINDE,15084115,Gemeinde Droyßig,Zweitstimmen,F14,FBM,2,993,0.2014
GEMEINDE,15084115,Gemeinde Droyßig,Zweitstimmen,F15,TIERSCHUTZ hier!,3,993,0.3021
GEMEINDE,15084115,Gemeinde Droyßig,Zweitstimmen,F16,dieBasis,19,993,1.9134
GEMEINDE,15084115,Gemeinde Droyßig,Zweitstimmen,F19,Klimaliste ST,2,993,0.2014
GEMEINDE,15084115,Gemeinde Droyßig,Zweitstimmen,F21,ÖDP,2,993,0.2014
GEMEINDE,15084115,Gemeinde Droyßig,Zweitstimmen,F22,Die Humanisten,1,993,0.1007
GEMEINDE,15084115,Gemeinde Droyßig,Zweitstimmen,F23,Gesundheitsforschung,1,993,0.1007
GEMEINDE,15084115,Gemeinde Droyßig,Zweitstimmen,F24,PIRATEN,3,993,0.3021
GEMEINDE,15084115,Gemeinde Droyßig,Zweitstimmen,F25,WiR2020,5,993,0.5035
GEMEINDE,15084125,Stadt Eckartsberga,Erststimmen,D01,CDU,376,1011,37.1909
GEMEINDE,15084125,Stadt Eckartsberga,Erststimmen,D02,AfD,300,1011,29.6736
GEMEINDE,15084125,Stadt Eckartsberga,Erststimmen,D03,DIE LINKE,115,1011,11.3749
GEMEINDE,15084125,Stadt Eckartsberga,Erststimmen,D04,SPD,86,1011,8.5064
GEMEINDE,15084125,Stadt Eckartsberga,Erststimmen,D05,GRÜNE,27,1011,2.6706
GEMEINDE,15084125,Stadt Eckartsberga,Erststimmen,D06,FDP,71,1011,7.0227
GEMEINDE,15084125,Stadt Eckartsberga,Erststimmen,D07,FREIE WÄHLER,0,1011,0.0
GEMEINDE,15084125,Stadt Eckartsberga,Erststimmen,D08,NPD,0,1011,0.0
GEMEINDE,15084125,Stadt Eckartsberga,Erststimmen,D09,Tierschutzpartei,0,1011,0.0
GEMEINDE,15084125,Stadt Eckartsberga,Erststimmen,D10,Tierschutzallianz,36,1011,3.5608
GEMEINDE,15084125,Stadt Eckartsberga,Erststimmen,D12,Die PARTEI,0,1011,0.0
GEMEINDE,15084125,Stadt Eckartsberga,Erststimmen,D13,Gartenpartei,0,1011,0.0
GEMEINDE,15084125,Stadt Eckartsberga,Erststimmen,D14,FBM,0,1011,0.0
GEMEINDE,15084125,Stadt Eckartsberga,Erststimmen,D16,dieBasis,0,1011,0.0
GEMEINDE,15084125,Stadt Eckartsberga,Erststimmen,D21,ÖDP,0,1011,0.0
GEMEINDE,15084125,Stadt Eckartsberga,Erststimmen,D26,Andere KWV,0,1011,0.0
GEMEINDE,15084125,Stadt Eckartsberga,Erststimmen,D27,Andere KWV,0,1011,0.0
GEMEINDE,15084125,Stadt Eckartsberga,Erststimmen,D28,Andere KWV,0,1011,0.0
GEMEINDE,15084125,Stadt Eckartsberga,Zweitstimmen,F01,CDU,394,1010,39.0099
GEMEINDE,15084125,Stadt Eckartsberga,Zweitstimmen,F02,AfD,289,1010,28.6139
GEMEINDE,15084125,Stadt Eckartsberga,Zweitstimmen,F03,DIE LINKE,84,1010,8.3168
GEMEINDE,15084125,Stadt Eckartsberga,Zweitstimmen,F04,SPD,68,1010,6.7327
GEMEINDE,15084125,Stadt Eckartsberga,Zweitstimmen,F05,GRÜNE,31,1010,3.0693
GEMEINDE,15084125,Stadt Eckartsberga,Zweitstimmen,F06,FDP,57,1010,5.6436
GEMEINDE,15084125,Stadt Eckartsberga,Zweitstimmen,F07,FREIE WÄHLER,21,1010,2.0792
GEMEINDE,15084125,Stadt Eckartsberga,Zweitstimmen,F08,NPD,3,1010,0.297
GEMEINDE,15084125,Stadt Eckartsberga,Zweitstimmen,F09,Tierschutzpartei,10,1010,0.9901
GEMEINDE,15084125,Stadt Eckartsberga,Zweitstimmen,F10,Tierschutzallianz,10,1010,0.9901
GEMEINDE,15084125,Stadt Eckartsberga,Zweitstimmen,F11,LKR,1,1010,0.099
GEMEINDE,15084125,Stadt Eckartsberga,Zweitstimmen,F12,Die PARTEI,4,1010,0.396
GEMEINDE,15084125,Stadt Eckartsberga,Zweitstimmen,F13,Gartenpartei,8,1010,0.7921
GEMEINDE,15084125,Stadt Eckartsberga,Zweitstimmen,F14,FBM,2,1010,0.198
GEMEINDE,15084125,Stadt Eckartsberga,Zweitstimmen,F15,TIERSCHUTZ hier!,6,1010,0.5941
GEMEINDE,15084125,Stadt Eckartsberga,Zweitstimmen,F16,dieBasis,9,1010,0.8911
GEMEINDE,15084125,Stadt Eckartsberga,Zweitstimmen,F19,Klimaliste ST,0,1010,0.0
GEMEINDE,15084125,Stadt Eckartsberga,Zweitstimmen,F21,ÖDP,0,1010,0.0
GEMEINDE,15084125,Stadt Eckartsberga,Zweitstimmen,F22,Die Humanisten,0,1010,0.0
GEMEINDE,15084125,Stadt Eckartsberga,Zweitstimmen,F23,Gesundheitsforschung,5,1010,0.495
GEMEINDE,15084125,Stadt Eckartsberga,Zweitstimmen,F24,PIRATEN,4,1010,0.396
GEMEINDE,15084125,Stadt Eckartsberga,Zweitstimmen,F25,WiR2020,4,1010,0.396
GEMEINDE,15084130,Gemeinde Elsteraue,Erststimmen,D01,CDU,1125,4142,27.1608
GEMEINDE,15084130,Gemeinde Elsteraue,Erststimmen,D02,AfD,1109,4142,26.7745
GEMEINDE,15084130,Gemeinde Elsteraue,Erststimmen,D03,DIE LINKE,514,4142,12.4095
GEMEINDE,15084130,Gemeinde Elsteraue,Erststimmen,D04,SPD,253,4142,6.1082
GEMEINDE,15084130,Gemeinde Elsteraue,Erststimmen,D05,GRÜNE,138,4142,3.3317
GEMEINDE,15084130,Gemeinde Elsteraue,Erststimmen,D06,FDP,469,4142,11.323
GEMEINDE,15084130,Gemeinde Elsteraue,Erststimmen,D07,FREIE WÄHLER,420,4142,10.14
GEMEINDE,15084130,Gemeinde Elsteraue,Erststimmen,D08,NPD,0,4142,0.0
GEMEINDE,15084130,Gemeinde Elsteraue,Erststimmen,D09,Tierschutzpartei,0,4142,0.0
GEMEINDE,15084130,Gemeinde Elsteraue,Erststimmen,D10,Tierschutzallianz,0,4142,0.0
GEMEINDE,15084130,Gemeinde Elsteraue,Erststimmen,D12,Die PARTEI,0,4142,0.0
GEMEINDE,15084130,Gemeinde Elsteraue,Erststimmen,D13,Gartenpartei,0,4142,0.0
GEMEINDE,15084130,Gemeinde Elsteraue,Erststimmen,D14,FBM,0,4142,0.0
GEMEINDE,15084130,Gemeinde Elsteraue,Erststimmen,D16,dieBasis,0,4142,0.0
GEMEINDE,15084130,Gemeinde Elsteraue,Erststimmen,D21,ÖDP,0,4142,0.0
GEMEINDE,15084130,Gemeinde Elsteraue,Erststimmen,D26,Andere KWV,42,4142,1.014
GEMEINDE,15084130,Gemeinde Elsteraue,Erststimmen,D27,Andere KWV,44,4142,1.0623
GEMEINDE,15084130,Gemeinde Elsteraue,Erststimmen,D28,Andere KWV,28,4142,0.676
GEMEINDE,15084130,Gemeinde Elsteraue,Zweitstimmen,F01,CDU,1605,4157,38.6096
GEMEINDE,15084130,Gemeinde Elsteraue,Zweitstimmen,F02,AfD,1069,4157,25.7157
GEMEINDE,15084130,Gemeinde Elsteraue,Zweitstimmen,F03,DIE LINKE,409,4157,9.8388
GEMEINDE,15084130,Gemeinde Elsteraue,Zweitstimmen,F04,SPD,261,4157,6.2786
GEMEINDE,15084130,Gemeinde Elsteraue,Zweitstimmen,F05,GRÜNE,132,4157,3.1754
GEMEINDE,15084130,Gemeinde Elsteraue,Zweitstimmen,F06,FDP,302,4157,7.2649
GEMEINDE,15084130,Gemeinde Elsteraue,Zweitstimmen,F07,FREIE WÄHLER,132,4157,3.1754
GEMEINDE,15084130,Gemeinde Elsteraue,Zweitstimmen,F08,NPD,28,4157,0.6736
GEMEINDE,15084130,Gemeinde Elsteraue,Zweitstimmen,F09,Tierschutzpartei,36,4157,0.866
GEMEINDE,15084130,Gemeinde Elsteraue,Zweitstimmen,F10,Tierschutzallianz,11,4157,0.2646
GEMEINDE,15084130,Gemeinde Elsteraue,Zweitstimmen,F11,LKR,1,4157,0.0241
GEMEINDE,15084130,Gemeinde Elsteraue,Zweitstimmen,F12,Die PARTEI,24,4157,0.5773
GEMEINDE,15084130,Gemeinde Elsteraue,Zweitstimmen,F13,Gartenpartei,28,4157,0.6736
GEMEINDE,15084130,Gemeinde Elsteraue,Zweitstimmen,F14,FBM,3,4157,0.0722
GEMEINDE,15084130,Gemeinde Elsteraue,Zweitstimmen,F15,TIERSCHUTZ hier!,23,4157,0.5533
GEMEINDE,15084130,Gemeinde Elsteraue,Zweitstimmen,F16,dieBasis,39,4157,0.9382
GEMEINDE,15084130,Gemeinde Elsteraue,Zweitstimmen,F19,Klimaliste ST,2,4157,0.0481
GEMEINDE,15084130,Gemeinde Elsteraue,Zweitstimmen,F21,ÖDP,0,4157,0.0
GEMEINDE,15084130,Gemeinde Elsteraue,Zweitstimmen,F22,Die Humanisten,5,4157,0.1203
GEMEINDE,15084130,Gemeinde Elsteraue,Zweitstimmen,F23,Gesundheitsforschung,26,4157,0.6255
GEMEINDE,15084130,Gemeinde Elsteraue,Zweitstimmen,F24,PIRATEN,14,4157,0.3368
GEMEINDE,15084130,Gemeinde Elsteraue,Zweitstimmen,F25,WiR2020,7,4157,0.1684
GEMEINDE,15084132,Gemeinde Finne,Erststimmen,D01,CDU,247,546,45.2381
GEMEINDE,15084132,Gemeinde Finne,Erststimmen,D02,AfD,141,546,25.8242
GEMEINDE,15084132,Gemeinde Finne,Erststimmen,D03,DIE LINKE,59,546,10.8059
GEMEINDE,15084132,Gemeinde Finne,Erststimmen,D04,SPD,48,546,8.7912
GEMEINDE,15084132,Gemeinde Finne,Erststimmen,D05,GRÜNE,12,546,2.1978
GEMEINDE,15084132,Gemeinde Finne,Erststimmen,D06,FDP,27,546,4.9451
GEMEINDE,15084132,Gemeinde Finne,Erststimmen,D07,FREIE WÄHLER,0,546,0.0
GEMEINDE,15084132,Gemeinde Finne,Erststimmen,D08,NPD,0,546,0.0
GEMEINDE,15084132,Gemeinde Finne,Erststimmen,D09,Tierschutzpartei,0,546,0.0
GEMEINDE,15084132,Gemeinde Finne,Erststimmen,D10,Tierschutzallianz,12,546,2.1978
GEMEINDE,15084132,Gemeinde Finne,Erststimmen,D12,Die PARTEI,0,546,0.0
GEMEINDE,15084132,Gemeinde Finne,Erststimmen,D13,Gartenpartei,0,546,0.0
GEMEINDE,15084132,Gemeinde Finne,Erststimmen,D14,FBM,0,546,0.0
GEMEINDE,15084132,Gemeinde Finne,Erststimmen,D16,dieBasis,0,546,0.0
GEMEINDE,15084132,Gemeinde Finne,Erststimmen,D21,ÖDP,0,546,0.0
GEMEINDE,15084132,Gemeinde Finne,Erststimmen,D26,Andere KWV,0,546,0.0
GEMEINDE,15084132,Gemeinde Finne,Erststimmen,D27,Andere KWV,0,546,0.0
GEMEINDE,15084132,Gemeinde Finne,Erststimmen,D28,Andere KWV,0,546,0.0
GEMEINDE,15084132,Gemeinde Finne,Zweitstimmen,F01,CDU,249,547,45.521
GEMEINDE,15084132,Gemeinde Finne,Zweitstimmen,F02,AfD,131,547,23.9488
GEMEINDE,15084132,Gemeinde Finne,Zweitstimmen,F03,DIE LINKE,53,547,9.6892
GEMEINDE,15084132,Gemeinde Finne,Zweitstimmen,F04,SPD,40,547,7.3126
GEMEINDE,15084132,Gemeinde Finne,Zweitstimmen,F05,GRÜNE,17,547,3.1079
GEMEINDE,15084132,Gemeinde Finne,Zweitstimmen,F06,FDP,26,547,4.7532
GEMEINDE,15084132,Gemeinde Finne,Zweitstimmen,F07,FREIE WÄHLER,5,547,0.9141
GEMEINDE,15084132,Gemeinde Finne,Zweitstimmen,F08,NPD,1,547,0.1828
GEMEINDE,15084132,Gemeinde Finne,Zweitstimmen,F09,Tierschutzpartei,3,547,0.5484
GEMEINDE,15084132,Gemeinde Finne,Zweitstimmen,F10,Tierschutzallianz,4,547,0.7313
GEMEINDE,15084132,Gemeinde Finne,Zweitstimmen,F11,LKR,0,547,0.0
GEMEINDE,15084132,Gemeinde Finne,Zweitstimmen,F12,Die PARTEI,3,547,0.5484
GEMEINDE,15084132,Gemeinde Finne,Zweitstimmen,F13,Gartenpartei,2,547,0.3656
GEMEINDE,15084132,Gemeinde Finne,Zweitstimmen,F14,FBM,1,547,0.1828
GEMEINDE,15084132,Gemeinde Finne,Zweitstimmen,F15,TIERSCHUTZ hier!,1,547,0.1828
GEMEINDE,15084132,Gemeinde Finne,Zweitstimmen,F16,dieBasis,5,547,0.9141
GEMEINDE,15084132,Gemeinde Finne,Zweitstimmen,F19,Klimaliste ST,1,547,0.1828
GEMEINDE,15084132,Gemeinde Finne,Zweitstimmen,F21,ÖDP,0,547,0.0
GEMEINDE,15084132,Gemeinde Finne,Zweitstimmen,F22,Die Humanisten,1,547,0.1828
GEMEINDE,15084132,Gemeinde Finne,Zweitstimmen,F23,Gesundheitsforschung,1,547,0.1828
GEMEINDE,15084132,Gemeinde Finne,Zweitstimmen,F24,PIRATEN,2,547,0.3656
GEMEINDE,15084132,Gemeinde Finne,Zweitstimmen,F25,WiR2020,1,547,0.1828
GEMEINDE,15084133,Gemeinde Finneland,Erststimmen,D01,CDU,229,570,40.1754
GEMEINDE,15084133,Gemeinde Finneland,Erststimmen,D02,AfD,128,570,22.4561
GEMEINDE,15084133,Gemeinde Finneland,Erststimmen,D03,DIE LINKE,74,570,12.9825
GEMEINDE,15084133,Gemeinde Finneland,Erststimmen,D04,SPD,45,570,7.8947
GEMEINDE,15084133,Gemeinde Finneland,Erststimmen,D05,GRÜNE,12,570,2.1053
GEMEINDE,15084133,Gemeinde Finneland,Erststimmen,D06,FDP,63,570,11.0526
GEMEINDE,15084133,Gemeinde Finneland,Erststimmen,D07,FREIE WÄHLER,0,570,0.0
GEMEINDE,15084133,Gemeinde Finneland,Erststimmen,D08,NPD,0,570,0.0
GEMEINDE,15084133,Gemeinde Finneland,Erststimmen,D09,Tierschutzpartei,0,570,0.0
GEMEINDE,15084133,Gemeinde Finneland,Erststimmen,D10,Tierschutzallianz,19,570,3.3333
GEMEINDE,15084133,Gemeinde Finneland,Erststimmen,D12,Die PARTEI,0,570,0.0
GEMEINDE,15084133,Gemeinde Finneland,Erststimmen,D13,Gartenpartei,0,570,0.0
GEMEINDE,15084133,Gemeinde Finneland,Erststimmen,D14,FBM,0,570,0.0
GEMEINDE,15084133,Gemeinde Finneland,Erststimmen,D16,dieBasis,0,570,0.0
GEMEINDE,15084133,Gemeinde Finneland,Erststimmen,D21,ÖDP,0,570,0.0
GEMEINDE,15084133,Gemeinde Finneland,Erststimmen,D26,Andere KWV,0,570,0.0
GEMEINDE,15084133,Gemeinde Finneland,Erststimmen,D27,Andere KWV,0,570,0.0
GEMEINDE,15084133,Gemeinde Finneland,Erststimmen,D28,Andere KWV,0,570,0.0
GEMEINDE,15084133,Gemeinde Finneland,Zweitstimmen,F01,CDU,255,577,44.1941
GEMEINDE,15084133,Gemeinde Finneland,Zweitstimmen,F02,AfD,116,577,20.104
GEMEINDE,15084133,Gemeinde Finneland,Zweitstimmen,F03,DIE LINKE,55,577,9.5321
GEMEINDE,15084133,Gemeinde Finneland,Zweitstimmen,F04,SPD,42,577,7.279
GEMEINDE,15084133,Gemeinde Finneland,Zweitstimmen,F05,GRÜNE,17,577,2.9463
GEMEINDE,15084133,Gemeinde Finneland,Zweitstimmen,F06,FDP,52,577,9.0121
GEMEINDE,15084133,Gemeinde Finneland,Zweitstimmen,F07,FREIE WÄHLER,7,577,1.2132
GEMEINDE,15084133,Gemeinde Finneland,Zweitstimmen,F08,NPD,1,577,0.1733
GEMEINDE,15084133,Gemeinde Finneland,Zweitstimmen,F09,Tierschutzpartei,1,577,0.1733
GEMEINDE,15084133,Gemeinde Finneland,Zweitstimmen,F10,Tierschutzallianz,4,577,0.6932
GEMEINDE,15084133,Gemeinde Finneland,Zweitstimmen,F11,LKR,0,577,0.0
GEMEINDE,15084133,Gemeinde Finneland,Zweitstimmen,F12,Die PARTEI,2,577,0.3466
GEMEINDE,15084133,Gemeinde Finneland,Zweitstimmen,F13,Gartenpartei,4,577,0.6932
GEMEINDE,15084133,Gemeinde Finneland,Zweitstimmen,F14,FBM,0,577,0.0
GEMEINDE,15084133,Gemeinde Finneland,Zweitstimmen,F15,TIERSCHUTZ hier!,3,577,0.5199
GEMEINDE,15084133,Gemeinde Finneland,Zweitstimmen,F16,dieBasis,14,577,2.4263
GEMEINDE,15084133,Gemeinde Finneland,Zweitstimmen,F19,Klimaliste ST,0,577,0.0
GEMEINDE,15084133,Gemeinde Finneland,Zweitstimmen,F21,ÖDP,0,577,0.0
GEMEINDE,15084133,Gemeinde Finneland,Zweitstimmen,F22,Die Humanisten,1,577,0.1733
GEMEINDE,15084133,Gemeinde Finneland,Zweitstimmen,F23,Gesundheitsforschung,2,577,0.3466
GEMEINDE,15084133,Gemeinde Finneland,Zweitstimmen,F24,PIRATEN,1,577,0.1733
GEMEINDE,15084133,Gemeinde Finneland,Zweitstimmen,F25,WiR2020,0,577,0.0
GEMEINDE,15084135,Stadt Freyburg (Unstrut),Erststimmen,D01,CDU,953,2173,43.8564
GEMEINDE,15084135,Stadt Freyburg (Unstrut),Erststimmen,D02,AfD,500,2173,23.0097
GEMEINDE,15084135,Stadt Freyburg (Unstrut),Erststimmen,D03,DIE LINKE,231,2173,10.6305
GEMEINDE,15084135,Stadt Freyburg (Unstrut),Erststimmen,D04,SPD,152,2173,6.9949
GEMEINDE,15084135,Stadt Freyburg (Unstrut),Erststimmen,D05,GRÜNE,44,2173,2.0249
GEMEINDE,15084135,Stadt Freyburg (Unstrut),Erststimmen,D06,FDP,139,2173,6.3967
GEMEINDE,15084135,Stadt Freyburg (Unstrut),Erststimmen,D07,FREIE WÄHLER,0,2173,0.0
GEMEINDE,15084135,Stadt Freyburg (Unstrut),Erststimmen,D08,NPD,0,2173,0.0
GEMEINDE,15084135,Stadt Freyburg (Unstrut),Erststimmen,D09,Tierschutzpartei,0,2173,0.0
GEMEINDE,15084135,Stadt Freyburg (Unstrut),Erststimmen,D10,Tierschutzallianz,0,2173,0.0
GEMEINDE,15084135,Stadt Freyburg (Unstrut),Erststimmen,D12,Die PARTEI,42,2173,1.9328
GEMEINDE,15084135,Stadt Freyburg (Unstrut),Erststimmen,D13,Gartenpartei,0,2173,0.0
GEMEINDE,15084135,Stadt Freyburg (Unstrut),Erststimmen,D14,FBM,0,2173,0.0
GEMEINDE,15084135,Stadt Freyburg (Unstrut),Erststimmen,D16,dieBasis,0,2173,0.0
GEMEINDE,15084135,Stadt Freyburg (Unstrut),Erststimmen,D21,ÖDP,0,2173,0.0
GEMEINDE,15084135,Stadt Freyburg (Unstrut),Erststimmen,D26,Andere KWV,112,2173,5.1542
GEMEINDE,15084135,Stadt Freyburg (Unstrut),Erststimmen,D27,Andere KWV,0,2173,0.0
GEMEINDE,15084135,Stadt Freyburg (Unstrut),Erststimmen,D28,Andere KWV,0,2173,0.0
GEMEINDE,15084135,Stadt Freyburg (Unstrut),Zweitstimmen,F01,CDU,953,2173,43.8564
GEMEINDE,15084135,Stadt Freyburg (Unstrut),Zweitstimmen,F02,AfD,494,2173,22.7335
GEMEINDE,15084135,Stadt Freyburg (Unstrut),Zweitstimmen,F03,DIE LINKE,209,2173,9.618
GEMEINDE,15084135,Stadt Freyburg (Unstrut),Zweitstimmen,F04,SPD,118,2173,5.4303
GEMEINDE,15084135,Stadt Freyburg (Unstrut),Zweitstimmen,F05,GRÜNE,80,2173,3.6815
GEMEINDE,15084135,Stadt Freyburg (Unstrut),Zweitstimmen,F06,FDP,150,2173,6.9029
GEMEINDE,15084135,Stadt Freyburg (Unstrut),Zweitstimmen,F07,FREIE WÄHLER,62,2173,2.8532
GEMEINDE,15084135,Stadt Freyburg (Unstrut),Zweitstimmen,F08,NPD,2,2173,0.092
GEMEINDE,15084135,Stadt Freyburg (Unstrut),Zweitstimmen,F09,Tierschutzpartei,19,2173,0.8744
GEMEINDE,15084135,Stadt Freyburg (Unstrut),Zweitstimmen,F10,Tierschutzallianz,5,2173,0.2301
GEMEINDE,15084135,Stadt Freyburg (Unstrut),Zweitstimmen,F11,LKR,0,2173,0.0
GEMEINDE,15084135,Stadt Freyburg (Unstrut),Zweitstimmen,F12,Die PARTEI,22,2173,1.0124
GEMEINDE,15084135,Stadt Freyburg (Unstrut),Zweitstimmen,F13,Gartenpartei,12,2173,0.5522
GEMEINDE,15084135,Stadt Freyburg (Unstrut),Zweitstimmen,F14,FBM,1,2173,0.046
GEMEINDE,15084135,Stadt Freyburg (Unstrut),Zweitstimmen,F15,TIERSCHUTZ hier!,8,2173,0.3682
GEMEINDE,15084135,Stadt Freyburg (Unstrut),Zweitstimmen,F16,dieBasis,16,2173,0.7363
GEMEINDE,15084135,Stadt Freyburg (Unstrut),Zweitstimmen,F19,Klimaliste ST,0,2173,0.0
GEMEINDE,15084135,Stadt Freyburg (Unstrut),Zweitstimmen,F21,ÖDP,4,2173,0.1841
GEMEINDE,15084135,Stadt Freyburg (Unstrut),Zweitstimmen,F22,Die Humanisten,0,2173,0.0
GEMEINDE,15084135,Stadt Freyburg (Unstrut),Zweitstimmen,F23,Gesundheitsforschung,7,2173,0.3221
GEMEINDE,15084135,Stadt Freyburg (Unstrut),Zweitstimmen,F24,PIRATEN,8,2173,0.3682
GEMEINDE,15084135,Stadt Freyburg (Unstrut),Zweitstimmen,F25,WiR2020,3,2173,0.1381
GEMEINDE,15084150,Gemeinde Gleina,Erststimmen,D01,CDU,285,647,44.0495
GEMEINDE,15084150,Gemeinde Gleina,Erststimmen,D02,AfD,135,647,20.8655
GEMEINDE,15084150,Gemeinde Gleina,Erststimmen,D03,DIE LINKE,53,647,8.1917
GEMEINDE,15084150,Gemeinde Gleina,Erststimmen,D04,SPD,49,647,7.5734
GEMEINDE,15084150,Gemeinde Gleina,Erststimmen,D05,GRÜNE,20,647,3.0912
GEMEINDE,15084150,Gemeinde Gleina,Erststimmen,D06,FDP,24,647,3.7094
GEMEINDE,15084150,Gemeinde Gleina,Erststimmen,D07,FREIE WÄHLER,0,647,0.0
GEMEINDE,15084150,Gemeinde Gleina,Erststimmen,D08,NPD,0,647,0.0
GEMEINDE,15084150,Gemeinde Gleina,Erststimmen,D09,Tierschutzpartei,0,647,0.0
GEMEINDE,15084150,Gemeinde Gleina,Erststimmen,D10,Tierschutzallianz,0,647,0.0
GEMEINDE,15084150,Gemeinde Gleina,Erststimmen,D12,Die PARTEI,8,647,1.2365
GEMEINDE,15084150,Gemeinde Gleina,Erststimmen,D13,Gartenpartei,0,647,0.0
GEMEINDE,15084150,Gemeinde Gleina,Erststimmen,D14,FBM,0,647,0.0
GEMEINDE,15084150,Gemeinde Gleina,Erststimmen,D16,dieBasis,0,647,0.0
GEMEINDE,15084150,Gemeinde Gleina,Erststimmen,D21,ÖDP,0,647,0.0
GEMEINDE,15084150,Gemeinde Gleina,Erststimmen,D26,Andere KWV,73,647,11.2828
GEMEINDE,15084150,Gemeinde Gleina,Erststimmen,D27,Andere KWV,0,647,0.0
GEMEINDE,15084150,Gemeinde Gleina,Erststimmen,D28,Andere KWV,0,647,0.0
GEMEINDE,15084150,Gemeinde Gleina,Zweitstimmen,F01,CDU,305,647,47.1406
GEMEINDE,15084150,Gemeinde Gleina,Zweitstimmen,F02,AfD,144,647,22.2566
GEMEINDE,15084150,Gemeinde Gleina,Zweitstimmen,F03,DIE LINKE,58,647,8.9645
GEMEINDE,15084150,Gemeinde Gleina,Zweitstimmen,F04,SPD,48,647,7.4189
GEMEINDE,15084150,Gemeinde Gleina,Zweitstimmen,F05,GRÜNE,18,647,2.7821
GEMEINDE,15084150,Gemeinde Gleina,Zweitstimmen,F06,FDP,24,647,3.7094
GEMEINDE,15084150,Gemeinde Gleina,Zweitstimmen,F07,FREIE WÄHLER,20,647,3.0912
GEMEINDE,15084150,Gemeinde Gleina,Zweitstimmen,F08,NPD,2,647,0.3091
GEMEINDE,15084150,Gemeinde Gleina,Zweitstimmen,F09,Tierschutzpartei,8,647,1.2365
GEMEINDE,15084150,Gemeinde Gleina,Zweitstimmen,F10,Tierschutzallianz,3,647,0.4637
GEMEINDE,15084150,Gemeinde Gleina,Zweitstimmen,F11,LKR,0,647,0.0
GEMEINDE,15084150,Gemeinde Gleina,Zweitstimmen,F12,Die PARTEI,2,647,0.3091
GEMEINDE,15084150,Gemeinde Gleina,Zweitstimmen,F13,Gartenpartei,3,647,0.4637
GEMEINDE,15084150,Gemeinde Gleina,Zweitstimmen,F14,FBM,2,647,0.3091
GEMEINDE,15084150,Gemeinde Gleina,Zweitstimmen,F15,TIERSCHUTZ hier!,4,647,0.6182
GEMEINDE,15084150,Gemeinde Gleina,Zweitstimmen,F16,dieBasis,0,647,0.0
GEMEINDE,15084150,Gemeinde Gleina,Zweitstimmen,F19,Klimaliste ST,0,647,0.0
GEMEINDE,15084150,Gemeinde Gleina,Zweitstimmen,F21,ÖDP,0,647,0.0
GEMEINDE,15084150,Gemeinde Gleina,Zweitstimmen,F22,Die Humanisten,0,647,0.0
GEMEINDE,15084150,Gemeinde Gleina,Zweitstimmen,F23,Gesundheitsforschung,4,647,0.6182
GEMEINDE,15084150,Gemeinde Gleina,Zweitstimmen,F24,PIRATEN,2,647,0.3091
GEMEINDE,15084150,Gemeinde Gleina,Zweitstimmen,F25,WiR2020,0,647,0.0
GEMEINDE,15084170,Gemeinde Goseck,Erststimmen,D01,CDU,234,569,41.1248
GEMEINDE,15084170,Gemeinde Goseck,Erststimmen,D02,AfD,143,569,25.1318
GEMEINDE,15084170,Gemeinde Goseck,Erststimmen,D03,DIE LINKE,56,569,9.8418
GEMEINDE,15084170,Gemeinde Goseck,Erststimmen,D04,SPD,30,569,5.2724
GEMEINDE,15084170,Gemeinde Goseck,Erststimmen,D05,GRÜNE,27,569,4.7452
GEMEINDE,15084170,Gemeinde Goseck,Erststimmen,D06,FDP,50,569,8.7873
GEMEINDE,15084170,Gemeinde Goseck,Erststimmen,D07,FREIE WÄHLER,0,569,0.0
GEMEINDE,15084170,Gemeinde Goseck,Erststimmen,D08,NPD,0,569,0.0
GEMEINDE,15084170,Gemeinde Goseck,Erststimmen,D09,Tierschutzpartei,0,569,0.0
GEMEINDE,15084170,Gemeinde Goseck,Erststimmen,D10,Tierschutzallianz,0,569,0.0
GEMEINDE,15084170,Gemeinde Goseck,Erststimmen,D12,Die PARTEI,19,569,3.3392
GEMEINDE,15084170,Gemeinde Goseck,Erststimmen,D13,Gartenpartei,0,569,0.0
GEMEINDE,15084170,Gemeinde Goseck,Erststimmen,D14,FBM,0,569,0.0
GEMEINDE,15084170,Gemeinde Goseck,Erststimmen,D16,dieBasis,0,569,0.0
GEMEINDE,15084170,Gemeinde Goseck,Erststimmen,D21,ÖDP,0,569,0.0
GEMEINDE,15084170,Gemeinde Goseck,Erststimmen,D26,Andere KWV,10,569,1.7575
GEMEINDE,15084170,Gemeinde Goseck,Erststimmen,D27,Andere KWV,0,569,0.0
GEMEINDE,15084170,Gemeinde Goseck,Erststimmen,D28,Andere KWV,0,569,0.0
GEMEINDE,15084170,Gemeinde Goseck,Zweitstimmen,F01,CDU,239,570,41.9298
GEMEINDE,15084170,Gemeinde Goseck,Zweitstimmen,F02,AfD,134,570,23.5088
GEMEINDE,15084170,Gemeinde Goseck,Zweitstimmen,F03,DIE LINKE,68,570,11.9298
GEMEINDE,15084170,Gemeinde Goseck,Zweitstimmen,F04,SPD,22,570,3.8596
GEMEINDE,15084170,Gemeinde Goseck,Zweitstimmen,F05,GRÜNE,24,570,4.2105
GEMEINDE,15084170,Gemeinde Goseck,Zweitstimmen,F06,FDP,41,570,7.193
GEMEINDE,15084170,Gemeinde Goseck,Zweitstimmen,F07,FREIE WÄHLER,16,570,2.807
GEMEINDE,15084170,Gemeinde Goseck,Zweitstimmen,F08,NPD,0,570,0.0
GEMEINDE,15084170,Gemeinde Goseck,Zweitstimmen,F09,Tierschutzpartei,4,570,0.7018
GEMEINDE,15084170,Gemeinde Goseck,Zweitstimmen,F10,Tierschutzallianz,1,570,0.1754
GEMEINDE,15084170,Gemeinde Goseck,Zweitstimmen,F11,LKR,0,570,0.0
GEMEINDE,15084170,Gemeinde Goseck,Zweitstimmen,F12,Die PARTEI,6,570,1.0526
GEMEINDE,15084170,Gemeinde Goseck,Zweitstimmen,F13,Gartenpartei,4,570,0.7018
GEMEINDE,15084170,Gemeinde Goseck,Zweitstimmen,F14,FBM,1,570,0.1754
GEMEINDE,15084170,Gemeinde Goseck,Zweitstimmen,F15,TIERSCHUTZ hier!,0,570,0.0
GEMEINDE,15084170,Gemeinde Goseck,Zweitstimmen,F16,dieBasis,7,570,1.2281
GEMEINDE,15084170,Gemeinde Goseck,Zweitstimmen,F19,Klimaliste ST,0,570,0.0
GEMEINDE,15084170,Gemeinde Goseck,Zweitstimmen,F21,ÖDP,1,570,0.1754
GEMEINDE,15084170,Gemeinde Goseck,Zweitstimmen,F22,Die Humanisten,0,570,0.0
GEMEINDE,15084170,Gemeinde Goseck,Zweitstimmen,F23,Gesundheitsforschung,2,570,0.3509
GEMEINDE,15084170,Gemeinde Goseck,Zweitstimmen,F24,PIRATEN,0,570,0.0
GEMEINDE,15084170,Gemeinde Goseck,Zweitstimmen,F25,WiR2020,0,570,0.0
GEMEINDE,15084207,Gemeinde Gutenborn,Erststimmen,D01,CDU,277,988,28.0364
GEMEINDE,15084207,Gemeinde Gutenborn,Erststimmen,D02,AfD,246,988,24.8988
GEMEINDE,15084207,Gemeinde Gutenborn,Erststimmen,D03,DIE LINKE,96,988,9.7166
GEMEINDE,15084207,Gemeinde Gutenborn,Erststimmen,D04,SPD,55,988,5.5668
GEMEINDE,15084207,Gemeinde Gutenborn,Erststimmen,D05,GRÜNE,43,988,4.3522
GEMEINDE,15084207,Gemeinde Gutenborn,Erststimmen,D06,FDP,86,988,8.7045
GEMEINDE,15084207,Gemeinde Gutenborn,Erststimmen,D07,FREIE WÄHLER,143,988,14.4737
GEMEINDE,15084207,Gemeinde Gutenborn,Erststimmen,D08,NPD,0,988,0.0
GEMEINDE,15084207,Gemeinde Gutenborn,Erststimmen,D09,Tierschutzpartei,0,988,0.0
GEMEINDE,15084207,Gemeinde Gutenborn,Erststimmen,D10,Tierschutzallianz,0,988,0.0
GEMEINDE,15084207,Gemeinde Gutenborn,Erststimmen,D12,Die PARTEI,0,988,0.0
GEMEINDE,15084207,Gemeinde Gutenborn,Erststimmen,D13,Gartenpartei,0,988,0.0
GEMEINDE,15084207,Gemeinde Gutenborn,Erststimmen,D14,FBM,0,988,0.0
GEMEINDE,15084207,Gemeinde Gutenborn,Erststimmen,D16,dieBasis,0,988,0.0
GEMEINDE,15084207,Gemeinde Gutenborn,Erststimmen,D21,ÖDP,0,988,0.0
GEMEINDE,15084207,Gemeinde Gutenborn,Erststimmen,D26,Andere KWV,1,988,0.1012
GEMEINDE,15084207,Gemeinde Gutenborn,Erststimmen,D27,Andere KWV,34,988,3.4413
GEMEINDE,15084207,Gemeinde Gutenborn,Erststimmen,D28,Andere KWV,7,988,0.7085
GEMEINDE,15084207,Gemeinde Gutenborn,Zweitstimmen,F01,CDU,390,995,39.196
GEMEINDE,15084207,Gemeinde Gutenborn,Zweitstimmen,F02,AfD,249,995,25.0251
GEMEINDE,15084207,Gemeinde Gutenborn,Zweitstimmen,F03,DIE LINKE,84,995,8.4422
GEMEINDE,15084207,Gemeinde Gutenborn,Zweitstimmen,F04,SPD,57,995,5.7286
GEMEINDE,15084207,Gemeinde Gutenborn,Zweitstimmen,F05,GRÜNE,36,995,3.6181
GEMEINDE,15084207,Gemeinde Gutenborn,Zweitstimmen,F06,FDP,76,995,7.6382
GEMEINDE,15084207,Gemeinde Gutenborn,Zweitstimmen,F07,FREIE WÄHLER,42,995,4.2211
GEMEINDE,15084207,Gemeinde Gutenborn,Zweitstimmen,F08,NPD,1,995,0.1005
GEMEINDE,15084207,Gemeinde Gutenborn,Zweitstimmen,F09,Tierschutzpartei,9,995,0.9045
GEMEINDE,15084207,Gemeinde Gutenborn,Zweitstimmen,F10,Tierschutzallianz,2,995,0.201
GEMEINDE,15084207,Gemeinde Gutenborn,Zweitstimmen,F11,LKR,1,995,0.1005
GEMEINDE,15084207,Gemeinde Gutenborn,Zweitstimmen,F12,Die PARTEI,5,995,0.5025
GEMEINDE,15084207,Gemeinde Gutenborn,Zweitstimmen,F13,Gartenpartei,8,995,0.804
GEMEINDE,15084207,Gemeinde Gutenborn,Zweitstimmen,F14,FBM,1,995,0.1005
GEMEINDE,15084207,Gemeinde Gutenborn,Zweitstimmen,F15,TIERSCHUTZ hier!,10,995,1.005
GEMEINDE,15084207,Gemeinde Gutenborn,Zweitstimmen,F16,dieBasis,17,995,1.7085
GEMEINDE,15084207,Gemeinde Gutenborn,Zweitstimmen,F19,Klimaliste ST,0,995,0.0
GEMEINDE,15084207,Gemeinde Gutenborn,Zweitstimmen,F21,ÖDP,1,995,0.1005
GEMEINDE,15084207,Gemeinde Gutenborn,Zweitstimmen,F22,Die Humanisten,0,995,0.0
GEMEINDE,15084207,Gemeinde Gutenborn,Zweitstimmen,F23,Gesundheitsforschung,1,995,0.1005
GEMEINDE,15084207,Gemeinde Gutenborn,Zweitstimmen,F24,PIRATEN,4,995,0.402
GEMEINDE,15084207,Gemeinde Gutenborn,Zweitstimmen,F25,WiR2020,1,995,0.1005
GEMEINDE,15084235,Stadt Hohenmölsen,Erststimmen,D01,CDU,1197,4374,27.3663
GEMEINDE,15084235,Stadt Hohenmölsen,Erststimmen,D02,AfD,1138,4374,26.0174
GEMEINDE,15084235,Stadt Hohenmölsen,Erststimmen,D03,DIE LINKE,584,4374,13.3516
GEMEINDE,15084235,Stadt Hohenmölsen,Erststimmen,D04,SPD,828,4374,18.93
GEMEINDE,15084235,Stadt Hohenmölsen,Erststimmen,D05,GRÜNE,111,4374,2.5377
GEMEINDE,15084235,Stadt Hohenmölsen,Erststimmen,D06,FDP,334,4374,7.636
GEMEINDE,15084235,Stadt Hohenmölsen,Erststimmen,D07,FREIE WÄHLER,134,4374,3.0636
GEMEINDE,15084235,Stadt Hohenmölsen,Erststimmen,D08,NPD,0,4374,0.0
GEMEINDE,15084235,Stadt Hohenmölsen,Erststimmen,D09,Tierschutzpartei,0,4374,0.0
GEMEINDE,15084235,Stadt Hohenmölsen,Erststimmen,D10,Tierschutzallianz,0,4374,0.0
GEMEINDE,15084235,Stadt Hohenmölsen,Erststimmen,D12,Die PARTEI,0,4374,0.0
GEMEINDE,15084235,Stadt Hohenmölsen,Erststimmen,D13,Gartenpartei,0,4374,0.0
GEMEINDE,15084235,Stadt Hohenmölsen,Erststimmen,D14,FBM,0,4374,0.0
GEMEINDE,15084235,Stadt Hohenmölsen,Erststimmen,D16,dieBasis,0,4374,0.0
GEMEINDE,15084235,Stadt Hohenmölsen,Erststimmen,D21,ÖDP,0,4374,0.0
GEMEINDE,15084235,Stadt Hohenmölsen,Erststimmen,D26,Andere KWV,7,4374,0.16
GEMEINDE,15084235,Stadt Hohenmölsen,Erststimmen,D27,Andere KWV,29,4374,0.663
GEMEINDE,15084235,Stadt Hohenmölsen,Erststimmen,D28,Andere KWV,12,4374,0.2743
GEMEINDE,15084235,Stadt Hohenmölsen,Zweitstimmen,F01,CDU,1648,4386,37.5741
GEMEINDE,15084235,Stadt Hohenmölsen,Zweitstimmen,F02,AfD,1102,4386,25.1254
GEMEINDE,15084235,Stadt Hohenmölsen,Zweitstimmen,F03,DIE LINKE,497,4386,11.3315
GEMEINDE,15084235,Stadt Hohenmölsen,Zweitstimmen,F04,SPD,412,4386,9.3935
GEMEINDE,15084235,Stadt Hohenmölsen,Zweitstimmen,F05,GRÜNE,112,4386,2.5536
GEMEINDE,15084235,Stadt Hohenmölsen,Zweitstimmen,F06,FDP,288,4386,6.5663
GEMEINDE,15084235,Stadt Hohenmölsen,Zweitstimmen,F07,FREIE WÄHLER,72,4386,1.6416
GEMEINDE,15084235,Stadt Hohenmölsen,Zweitstimmen,F08,NPD,18,4386,0.4104
GEMEINDE,15084235,Stadt Hohenmölsen,Zweitstimmen,F09,Tierschutzpartei,37,4386,0.8436
GEMEINDE,15084235,Stadt Hohenmölsen,Zweitstimmen,F10,Tierschutzallianz,5,4386,0.114
GEMEINDE,15084235,Stadt Hohenmölsen,Zweitstimmen,F11,LKR,0,4386,0.0
GEMEINDE,15084235,Stadt Hohenmölsen,Zweitstimmen,F12,Die PARTEI,29,4386,0.6612
GEMEINDE,15084235,Stadt Hohenmölsen,Zweitstimmen,F13,Gartenpartei,22,4386,0.5016
GEMEINDE,15084235,Stadt Hohenmölsen,Zweitstimmen,F14,FBM,4,4386,0.0912
GEMEINDE,15084235,Stadt Hohenmölsen,Zweitstimmen,F15,TIERSCHUTZ hier!,23,4386,0.5244
GEMEINDE,15084235,Stadt Hohenmölsen,Zweitstimmen,F16,dieBasis,71,4386,1.6188
GEMEINDE,15084235,Stadt Hohenmölsen,Zweitstimmen,F19,Klimaliste ST,3,4386,0.0684
GEMEINDE,15084235,Stadt Hohenmölsen,Zweitstimmen,F21,ÖDP,4,4386,0.0912
GEMEINDE,15084235,Stadt Hohenmölsen,Zweitstimmen,F22,Die Humanisten,2,4386,0.0456
GEMEINDE,15084235,Stadt Hohenmölsen,Zweitstimmen,F23,Gesundheitsforschung,19,4386,0.4332
GEMEINDE,15084235,Stadt Hohenmölsen,Zweitstimmen,F24,PIRATEN,12,4386,0.2736
GEMEINDE,15084235,Stadt Hohenmölsen,Zweitstimmen,F25,WiR2020,6,4386,0.1368
GEMEINDE,15084246,Gemeinde Kaiserpfalz,Erststimmen,D01,CDU,288,757,38.0449
GEMEINDE,15084246,Gemeinde Kaiserpfalz,Erststimmen,D02,AfD,201,757,26.5522
GEMEINDE,15084246,Gemeinde Kaiserpfalz,Erststimmen,D03,DIE LINKE,99,757,13.0779
GEMEINDE,15084246,Gemeinde Kaiserpfalz,Erststimmen,D04,SPD,66,757,8.7186
GEMEINDE,15084246,Gemeinde Kaiserpfalz,Erststimmen,D05,GRÜNE,31,757,4.0951
GEMEINDE,15084246,Gemeinde Kaiserpfalz,Erststimmen,D06,FDP,53,757,7.0013
GEMEINDE,15084246,Gemeinde Kaiserpfalz,Erststimmen,D07,FREIE WÄHLER,0,757,0.0
GEMEINDE,15084246,Gemeinde Kaiserpfalz,Erststimmen,D08,NPD,0,757,0.0
GEMEINDE,15084246,Gemeinde Kaiserpfalz,Erststimmen,D09,Tierschutzpartei,0,757,0.0
GEMEINDE,15084246,Gemeinde Kaiserpfalz,Erststimmen,D10,Tierschutzallianz,19,757,2.5099
GEMEINDE,15084246,Gemeinde Kaiserpfalz,Erststimmen,D12,Die PARTEI,0,757,0.0
GEMEINDE,15084246,Gemeinde Kaiserpfalz,Erststimmen,D13,Gartenpartei,0,757,0.0
GEMEINDE,15084246,Gemeinde Kaiserpfalz,Erststimmen,D14,FBM,0,757,0.0
GEMEINDE,15084246,Gemeinde Kaiserpfalz,Erststimmen,D16,dieBasis,0,757,0.0
GEMEINDE,15084246,Gemeinde Kaiserpfalz,Erststimmen,D21,ÖDP,0,757,0.0
GEMEINDE,15084246,Gemeinde Kaiserpfalz,Erststimmen,D26,Andere KWV,0,757,0.0
GEMEINDE,15084246,Gemeinde Kaiserpfalz,Erststimmen,D27,Andere KWV,0,757,0.0
GEMEINDE,15084246,Gemeinde Kaiserpfalz,Erststimmen,D28,Andere KWV,0,757,0.0
GEMEINDE,15084246,Gemeinde Kaiserpfalz,Zweitstimmen,F01,CDU,313,760,41.1842
GEMEINDE,15084246,Gemeinde Kaiserpfalz,Zweitstimmen,F02,AfD,188,760,24.7368
GEMEINDE,15084246,Gemeinde Kaiserpfalz,Zweitstimmen,F03,DIE LINKE,75,760,9.8684
GEMEINDE,15084246,Gemeinde Kaiserpfalz,Zweitstimmen,F04,SPD,56,760,7.3684
GEMEINDE,15084246,Gemeinde Kaiserpfalz,Zweitstimmen,F05,GRÜNE,33,760,4.3421
GEMEINDE,15084246,Gemeinde Kaiserpfalz,Zweitstimmen,F06,FDP,38,760,5.0
GEMEINDE,15084246,Gemeinde Kaiserpfalz,Zweitstimmen,F07,FREIE WÄHLER,9,760,1.1842
GEMEINDE,15084246,Gemeinde Kaiserpfalz,Zweitstimmen,F08,NPD,3,760,0.3947
GEMEINDE,15084246,Gemeinde Kaiserpfalz,Zweitstimmen,F09,Tierschutzpartei,2,760,0.2632
GEMEINDE,15084246,Gemeinde Kaiserpfalz,Zweitstimmen,F10,Tierschutzallianz,9,760,1.1842
GEMEINDE,15084246,Gemeinde Kaiserpfalz,Zweitstimmen,F11,LKR,0,760,0.0
GEMEINDE,15084246,Gemeinde Kaiserpfalz,Zweitstimmen,F12,Die PARTEI,4,760,0.5263
GEMEINDE,15084246,Gemeinde Kaiserpfalz,Zweitstimmen,F13,Gartenpartei,4,760,0.5263
GEMEINDE,15084246,Gemeinde Kaiserpfalz,Zweitstimmen,F14,FBM,2,760,0.2632
GEMEINDE,15084246,Gemeinde Kaiserpfalz,Zweitstimmen,F15,TIERSCHUTZ hier!,5,760,0.6579
GEMEINDE,15084246,Gemeinde Kaiserpfalz,Zweitstimmen,F16,dieBasis,7,760,0.9211
GEMEINDE,15084246,Gemeinde Kaiserpfalz,Zweitstimmen,F19,Klimaliste ST,0,760,0.0
GEMEINDE,15084246,Gemeinde Kaiserpfalz,Zweitstimmen,F21,ÖDP,2,760,0.2632
GEMEINDE,15084246,Gemeinde Kaiserpfalz,Zweitstimmen,F22,Die Humanisten,0,760,0.0
GEMEINDE,15084246,Gemeinde Kaiserpfalz,Zweitstimmen,F23,Gesundheitsforschung,3,760,0.3947
GEMEINDE,15084246,Gemeinde Kaiserpfalz,Zweitstimmen,F24,PIRATEN,6,760,0.7895
GEMEINDE,15084246,Gemeinde Kaiserpfalz,Zweitstimmen,F25,WiR2020,1,760,0.1316
GEMEINDE,15084250,Gemeinde Karsdorf,Erststimmen,D01,CDU,311,713,43.6185
GEMEINDE,15084250,Gemeinde Karsdorf,Erststimmen,D02,AfD,192,713,26.9285
GEMEINDE,15084250,Gemeinde Karsdorf,Erststimmen,D03,DIE LINKE,91,713,12.763
GEMEINDE,15084250,Gemeinde Karsdorf,Erststimmen,D04,SPD,53,713,7.4334
GEMEINDE,15084250,Gemeinde Karsdorf,Erststimmen,D05,GRÜNE,15,713,2.1038
GEMEINDE,15084250,Gemeinde Karsdorf,Erststimmen,D06,FDP,28,713,3.9271
GEMEINDE,15084250,Gemeinde Karsdorf,Erststimmen,D07,FREIE WÄHLER,0,713,0.0
GEMEINDE,15084250,Gemeinde Karsdorf,Erststimmen,D08,NPD,0,713,0.0
GEMEINDE,15084250,Gemeinde Karsdorf,Erststimmen,D09,Tierschutzpartei,0,713,0.0
GEMEINDE,15084250,Gemeinde Karsdorf,Erststimmen,D10,Tierschutzallianz,0,713,0.0
GEMEINDE,15084250,Gemeinde Karsdorf,Erststimmen,D12,Die PARTEI,13,713,1.8233
GEMEINDE,15084250,Gemeinde Karsdorf,Erststimmen,D13,Gartenpartei,0,713,0.0
GEMEINDE,15084250,Gemeinde Karsdorf,Erststimmen,D14,FBM,0,713,0.0
GEMEINDE,15084250,Gemeinde Karsdorf,Erststimmen,D16,dieBasis,0,713,0.0
GEMEINDE,15084250,Gemeinde Karsdorf,Erststimmen,D21,ÖDP,0,713,0.0
GEMEINDE,15084250,Gemeinde Karsdorf,Erststimmen,D26,Andere KWV,10,713,1.4025
GEMEINDE,15084250,Gemeinde Karsdorf,Erststimmen,D27,Andere KWV,0,713,0.0
GEMEINDE,15084250,Gemeinde Karsdorf,Erststimmen,D28,Andere KWV,0,713,0.0
GEMEINDE,15084250,Gemeinde Karsdorf,Zweitstimmen,F01,CDU,297,712,41.7135
GEMEINDE,15084250,Gemeinde Karsdorf,Zweitstimmen,F02,AfD,169,712,23.736
GEMEINDE,15084250,Gemeinde Karsdorf,Zweitstimmen,F03,DIE LINKE,96,712,13.4831
GEMEINDE,15084250,Gemeinde Karsdorf,Zweitstimmen,F04,SPD,44,712,6.1798
GEMEINDE,15084250,Gemeinde Karsdorf,Zweitstimmen,F05,GRÜNE,24,712,3.3708
GEMEINDE,15084250,Gemeinde Karsdorf,Zweitstimmen,F06,FDP,38,712,5.3371
GEMEINDE,15084250,Gemeinde Karsdorf,Zweitstimmen,F07,FREIE WÄHLER,13,712,1.8258
GEMEINDE,15084250,Gemeinde Karsdorf,Zweitstimmen,F08,NPD,1,712,0.1404
GEMEINDE,15084250,Gemeinde Karsdorf,Zweitstimmen,F09,Tierschutzpartei,5,712,0.7022
GEMEINDE,15084250,Gemeinde Karsdorf,Zweitstimmen,F10,Tierschutzallianz,3,712,0.4213
GEMEINDE,15084250,Gemeinde Karsdorf,Zweitstimmen,F11,LKR,0,712,0.0
GEMEINDE,15084250,Gemeinde Karsdorf,Zweitstimmen,F12,Die PARTEI,4,712,0.5618
GEMEINDE,15084250,Gemeinde Karsdorf,Zweitstimmen,F13,Gartenpartei,3,712,0.4213
GEMEINDE,15084250,Gemeinde Karsdorf,Zweitstimmen,F14,FBM,0,712,0.0
GEMEINDE,15084250,Gemeinde Karsdorf,Zweitstimmen,F15,TIERSCHUTZ hier!,5,712,0.7022
GEMEINDE,15084250,Gemeinde Karsdorf,Zweitstimmen,F16,dieBasis,10,712,1.4045
GEMEINDE,15084250,Gemeinde Karsdorf,Zweitstimmen,F19,Klimaliste ST,0,712,0.0
GEMEINDE,15084250,Gemeinde Karsdorf,Zweitstimmen,F21,ÖDP,0,712,0.0
GEMEINDE,15084250,Gemeinde Karsdorf,Zweitstimmen,F22,Die Humanisten,0,712,0.0
GEMEINDE,15084250,Gemeinde Karsdorf,Zweitstimmen,F23,Gesundheitsforschung,0,712,0.0
GEMEINDE,15084250,Gemeinde Karsdorf,Zweitstimmen,F24,PIRATEN,0,712,0.0
GEMEINDE,15084250,Gemeinde Karsdorf,Zweitstimmen,F25,WiR2020,0,712,0.0
GEMEINDE,15084275,Gemeinde Kretzschau,Erststimmen,D01,CDU,292,1199,24.3536
GEMEINDE,15084275,Gemeinde Kretzschau,Erststimmen,D02,AfD,362,1199,30.1918
GEMEINDE,15084275,Gemeinde Kretzschau,Erststimmen,D03,DIE LINKE,188,1199,15.6797
GEMEINDE,15084275,Gemeinde Kretzschau,Erststimmen,D04,SPD,68,1199,5.6714
GEMEINDE,15084275,Gemeinde Kretzschau,Erststimmen,D05,GRÜNE,19,1199,1.5847
GEMEINDE,15084275,Gemeinde Kretzschau,Erststimmen,D06,FDP,90,1199,7.5063
GEMEINDE,15084275,Gemeinde Kretzschau,Erststimmen,D07,FREIE WÄHLER,154,1199,12.844
GEMEINDE,15084275,Gemeinde Kretzschau,Erststimmen,D08,NPD,0,1199,0.0
GEMEINDE,15084275,Gemeinde Kretzschau,Erststimmen,D09,Tierschutzpartei,0,1199,0.0
GEMEINDE,15084275,Gemeinde Kretzschau,Erststimmen,D10,Tierschutzallianz,0,1199,0.0
GEMEINDE,15084275,Gemeinde Kretzschau,Erststimmen,D12,Die PARTEI,0,1199,0.0
GEMEINDE,15084275,Gemeinde Kretzschau,Erststimmen,D13,Gartenpartei,0,1199,0.0
GEMEINDE,15084275,Gemeinde Kretzschau,Erststimmen,D14,FBM,0,1199,0.0
GEMEINDE,15084275,Gemeinde Kretzschau,Erststimmen,D16,dieBasis,0,1199,0.0
GEMEINDE,15084275,Gemeinde Kretzschau,Erststimmen,D21,ÖDP,0,1199,0.0
GEMEINDE,15084275,Gemeinde Kretzschau,Erststimmen,D26,Andere KWV,1,1199,0.0834
GEMEINDE,15084275,Gemeinde Kretzschau,Erststimmen,D27,Andere KWV,16,1199,1.3344
GEMEINDE,15084275,Gemeinde Kretzschau,Erststimmen,D28,Andere KWV,9,1199,0.7506
GEMEINDE,15084275,Gemeinde Kretzschau,Zweitstimmen,F01,CDU,453,1220,37.1311
GEMEINDE,15084275,Gemeinde Kretzschau,Zweitstimmen,F02,AfD,350,1220,28.6885
GEMEINDE,15084275,Gemeinde Kretzschau,Zweitstimmen,F03,DIE LINKE,126,1220,10.3279
GEMEINDE,15084275,Gemeinde Kretzschau,Zweitstimmen,F04,SPD,72,1220,5.9016
GEMEINDE,15084275,Gemeinde Kretzschau,Zweitstimmen,F05,GRÜNE,29,1220,2.377
GEMEINDE,15084275,Gemeinde Kretzschau,Zweitstimmen,F06,FDP,81,1220,6.6393
GEMEINDE,15084275,Gemeinde Kretzschau,Zweitstimmen,F07,FREIE WÄHLER,43,1220,3.5246
GEMEINDE,15084275,Gemeinde Kretzschau,Zweitstimmen,F08,NPD,10,1220,0.8197
GEMEINDE,15084275,Gemeinde Kretzschau,Zweitstimmen,F09,Tierschutzpartei,7,1220,0.5738
GEMEINDE,15084275,Gemeinde Kretzschau,Zweitstimmen,F10,Tierschutzallianz,1,1220,0.082
GEMEINDE,15084275,Gemeinde Kretzschau,Zweitstimmen,F11,LKR,1,1220,0.082
GEMEINDE,15084275,Gemeinde Kretzschau,Zweitstimmen,F12,Die PARTEI,6,1220,0.4918
GEMEINDE,15084275,Gemeinde Kretzschau,Zweitstimmen,F13,Gartenpartei,10,1220,0.8197
GEMEINDE,15084275,Gemeinde Kretzschau,Zweitstimmen,F14,FBM,0,1220,0.0
GEMEINDE,15084275,Gemeinde Kretzschau,Zweitstimmen,F15,TIERSCHUTZ hier!,8,1220,0.6557
GEMEINDE,15084275,Gemeinde Kretzschau,Zweitstimmen,F16,dieBasis,12,1220,0.9836
GEMEINDE,15084275,Gemeinde Kretzschau,Zweitstimmen,F19,Klimaliste ST,0,1220,0.0
GEMEINDE,15084275,Gemeinde Kretzschau,Zweitstimmen,F21,ÖDP,2,1220,0.1639
GEMEINDE,15084275,Gemeinde Kretzschau,Zweitstimmen,F22,Die Humanisten,1,1220,0.082
GEMEINDE,15084275,Gemeinde Kretzschau,Zweitstimmen,F23,Gesundheitsforschung,5,1220,0.4098
GEMEINDE,15084275,Gemeinde Kretzschau,Zweitstimmen,F24,PIRATEN,1,1220,0.082
GEMEINDE,15084275,Gemeinde Kretzschau,Zweitstimmen,F25,WiR2020,2,1220,0.1639
GEMEINDE,15084282,Gemeinde Lanitz-Hassel-Tal,Erststimmen,D01,CDU,224,556,40.2878
GEMEINDE,15084282,Gemeinde Lanitz-Hassel-Tal,Erststimmen,D02,AfD,149,556,26.7986
GEMEINDE,15084282,Gemeinde Lanitz-Hassel-Tal,Erststimmen,D03,DIE LINKE,54,556,9.7122
GEMEINDE,15084282,Gemeinde Lanitz-Hassel-Tal,Erststimmen,D04,SPD,54,556,9.7122
GEMEINDE,15084282,Gemeinde Lanitz-Hassel-Tal,Erststimmen,D05,GRÜNE,14,556,2.518
GEMEINDE,15084282,Gemeinde Lanitz-Hassel-Tal,Erststimmen,D06,FDP,45,556,8.0935
GEMEINDE,15084282,Gemeinde Lanitz-Hassel-Tal,Erststimmen,D07,FREIE WÄHLER,0,556,0.0
GEMEINDE,15084282,Gemeinde Lanitz-Hassel-Tal,Erststimmen,D08,NPD,0,556,0.0
GEMEINDE,15084282,Gemeinde Lanitz-Hassel-Tal,Erststimmen,D09,Tierschutzpartei,0,556,0.0
GEMEINDE,15084282,Gemeinde Lanitz-Hassel-Tal,Erststimmen,D10,Tierschutzallianz,16,556,2.8777
GEMEINDE,15084282,Gemeinde Lanitz-Hassel-Tal,Erststimmen,D12,Die PARTEI,0,556,0.0
GEMEINDE,15084282,Gemeinde Lanitz-Hassel-Tal,Erststimmen,D13,Gartenpartei,0,556,0.0
GEMEINDE,15084282,Gemeinde Lanitz-Hassel-Tal,Erststimmen,D14,FBM,0,556,0.0
GEMEINDE,15084282,Gemeinde Lanitz-Hassel-Tal,Erststimmen,D16,dieBasis,0,556,0.0
GEMEINDE,15084282,Gemeinde Lanitz-Hassel-Tal,Erststimmen,D21,ÖDP,0,556,0.0
GEMEINDE,15084282,Gemeinde Lanitz-Hassel-Tal,Erststimmen,D26,Andere KWV,0,556,0.0
GEMEINDE,15084282,Gemeinde Lanitz-Hassel-Tal,Erststimmen,D27,Andere KWV,0,556,0.0
GEMEINDE,15084282,Gemeinde Lanitz-Hassel-Tal,Erststimmen,D28,Andere KWV,0,556,0.0
GEMEINDE,15084282,Gemeinde Lanitz-Hassel-Tal,Zweitstimmen,F01,CDU,230,558,41.2186
GEMEINDE,15084282,Gemeinde Lanitz-Hassel-Tal,Zweitstimmen,F02,AfD,140,558,25.0896
GEMEINDE,15084282,Gemeinde Lanitz-Hassel-Tal,Zweitstimmen,F03,DIE LINKE,44,558,7.8853
GEMEINDE,15084282,Gemeinde Lanitz-Hassel-Tal,Zweitstimmen,F04,SPD,50,558,8.9606
GEMEINDE,15084282,Gemeinde Lanitz-Hassel-Tal,Zweitstimmen,F05,GRÜNE,15,558,2.6882
GEMEINDE,15084282,Gemeinde Lanitz-Hassel-Tal,Zweitstimmen,F06,FDP,35,558,6.2724
GEMEINDE,15084282,Gemeinde Lanitz-Hassel-Tal,Zweitstimmen,F07,FREIE WÄHLER,8,558,1.4337
GEMEINDE,15084282,Gemeinde Lanitz-Hassel-Tal,Zweitstimmen,F08,NPD,2,558,0.3584
GEMEINDE,15084282,Gemeinde Lanitz-Hassel-Tal,Zweitstimmen,F09,Tierschutzpartei,9,558,1.6129
GEMEINDE,15084282,Gemeinde Lanitz-Hassel-Tal,Zweitstimmen,F10,Tierschutzallianz,6,558,1.0753
GEMEINDE,15084282,Gemeinde Lanitz-Hassel-Tal,Zweitstimmen,F11,LKR,1,558,0.1792
GEMEINDE,15084282,Gemeinde Lanitz-Hassel-Tal,Zweitstimmen,F12,Die PARTEI,1,558,0.1792
GEMEINDE,15084282,Gemeinde Lanitz-Hassel-Tal,Zweitstimmen,F13,Gartenpartei,7,558,1.2545
GEMEINDE,15084282,Gemeinde Lanitz-Hassel-Tal,Zweitstimmen,F14,FBM,0,558,0.0
GEMEINDE,15084282,Gemeinde Lanitz-Hassel-Tal,Zweitstimmen,F15,TIERSCHUTZ hier!,3,558,0.5376
GEMEINDE,15084282,Gemeinde Lanitz-Hassel-Tal,Zweitstimmen,F16,dieBasis,3,558,0.5376
GEMEINDE,15084282,Gemeinde Lanitz-Hassel-Tal,Zweitstimmen,F19,Klimaliste ST,1,558,0.1792
GEMEINDE,15084282,Gemeinde Lanitz-Hassel-Tal,Zweitstimmen,F21,ÖDP,1,558,0.1792
GEMEINDE,15084282,Gemeinde Lanitz-Hassel-Tal,Zweitstimmen,F22,Die Humanisten,0,558,0.0
GEMEINDE,15084282,Gemeinde Lanitz-Hassel-Tal,Zweitstimmen,F23,Gesundheitsforschung,2,558,0.3584
GEMEINDE,15084282,Gemeinde Lanitz-Hassel-Tal,Zweitstimmen,F24,PIRATEN,0,558,0.0
GEMEINDE,15084282,Gemeinde Lanitz-Hassel-Tal,Zweitstimmen,F25,WiR2020,0,558,0.0
GEMEINDE,15084285,Stadt Laucha an der Unstrut,Erststimmen,D01,CDU,571,1397,40.8733
GEMEINDE,15084285,Stadt Laucha an der Unstrut,Erststimmen,D02,AfD,397,1397,28.418
GEMEINDE,15084285,Stadt Laucha an der Unstrut,Erststimmen,D03,DIE LINKE,105,1397,7.5161
GEMEINDE,15084285,Stadt Laucha an der Unstrut,Erststimmen,D04,SPD,123,1397,8.8046
GEMEINDE,15084285,Stadt Laucha an der Unstrut,Erststimmen,D05,GRÜNE,41,1397,2.9349
GEMEINDE,15084285,Stadt Laucha an der Unstrut,Erststimmen,D06,FDP,74,1397,5.2971
GEMEINDE,15084285,Stadt Laucha an der Unstrut,Erststimmen,D07,FREIE WÄHLER,0,1397,0.0
GEMEINDE,15084285,Stadt Laucha an der Unstrut,Erststimmen,D08,NPD,0,1397,0.0
GEMEINDE,15084285,Stadt Laucha an der Unstrut,Erststimmen,D09,Tierschutzpartei,0,1397,0.0
GEMEINDE,15084285,Stadt Laucha an der Unstrut,Erststimmen,D10,Tierschutzallianz,0,1397,0.0
GEMEINDE,15084285,Stadt Laucha an der Unstrut,Erststimmen,D12,Die PARTEI,32,1397,2.2906
GEMEINDE,15084285,Stadt Laucha an der Unstrut,Erststimmen,D13,Gartenpartei,0,1397,0.0
GEMEINDE,15084285,Stadt Laucha an der Unstrut,Erststimmen,D14,FBM,0,1397,0.0
GEMEINDE,15084285,Stadt Laucha an der Unstrut,Erststimmen,D16,dieBasis,0,1397,0.0
GEMEINDE,15084285,Stadt Laucha an der Unstrut,Erststimmen,D21,ÖDP,0,1397,0.0
GEMEINDE,15084285,Stadt Laucha an der Unstrut,Erststimmen,D26,Andere KWV,54,1397,3.8654
GEMEINDE,15084285,Stadt Laucha an der Unstrut,Erststimmen,D27,Andere KWV,0,1397,0.0
GEMEINDE,15084285,Stadt Laucha an der Unstrut,Erststimmen,D28,Andere KWV,0,1397,0.0
GEMEINDE,15084285,Stadt Laucha an der Unstrut,Zweitstimmen,F01,CDU,593,1402,42.2967
GEMEINDE,15084285,Stadt Laucha an der Unstrut,Zweitstimmen,F02,AfD,367,1402,26.1769
GEMEINDE,15084285,Stadt Laucha an der Unstrut,Zweitstimmen,F03,DIE LINKE,108,1402,7.7033
GEMEINDE,15084285,Stadt Laucha an der Unstrut,Zweitstimmen,F04,SPD,103,1402,7.3466
GEMEINDE,15084285,Stadt Laucha an der Unstrut,Zweitstimmen,F05,GRÜNE,41,1402,2.9244
GEMEINDE,15084285,Stadt Laucha an der Unstrut,Zweitstimmen,F06,FDP,84,1402,5.9914
GEMEINDE,15084285,Stadt Laucha an der Unstrut,Zweitstimmen,F07,FREIE WÄHLER,20,1402,1.4265
GEMEINDE,15084285,Stadt Laucha an der Unstrut,Zweitstimmen,F08,NPD,12,1402,0.8559
GEMEINDE,15084285,Stadt Laucha an der Unstrut,Zweitstimmen,F09,Tierschutzpartei,13,1402,0.9272
GEMEINDE,15084285,Stadt Laucha an der Unstrut,Zweitstimmen,F10,Tierschutzallianz,2,1402,0.1427
GEMEINDE,15084285,Stadt Laucha an der Unstrut,Zweitstimmen,F11,LKR,6,1402,0.428
GEMEINDE,15084285,Stadt Laucha an der Unstrut,Zweitstimmen,F12,Die PARTEI,11,1402,0.7846
GEMEINDE,15084285,Stadt Laucha an der Unstrut,Zweitstimmen,F13,Gartenpartei,11,1402,0.7846
GEMEINDE,15084285,Stadt Laucha an der Unstrut,Zweitstimmen,F14,FBM,2,1402,0.1427
GEMEINDE,15084285,Stadt Laucha an der Unstrut,Zweitstimmen,F15,TIERSCHUTZ hier!,6,1402,0.428
GEMEINDE,15084285,Stadt Laucha an der Unstrut,Zweitstimmen,F16,dieBasis,16,1402,1.1412
GEMEINDE,15084285,Stadt Laucha an der Unstrut,Zweitstimmen,F19,Klimaliste ST,1,1402,0.0713
GEMEINDE,15084285,Stadt Laucha an der Unstrut,Zweitstimmen,F21,ÖDP,0,1402,0.0
GEMEINDE,15084285,Stadt Laucha an der Unstrut,Zweitstimmen,F22,Die Humanisten,0,1402,0.0
GEMEINDE,15084285,Stadt Laucha an der Unstrut,Zweitstimmen,F23,Gesundheitsforschung,2,1402,0.1427
GEMEINDE,15084285,Stadt Laucha an der Unstrut,Zweitstimmen,F24,PIRATEN,2,1402,0.1427
GEMEINDE,15084285,Stadt Laucha an der Unstrut,Zweitstimmen,F25,WiR2020,2,1402,0.1427
GEMEINDE,15084315,Stadt Lützen,Erststimmen,D01,CDU,1180,4053,29.1142
GEMEINDE,15084315,Stadt Lützen,Erststimmen,D02,AfD,1042,4053,25.7094
GEMEINDE,15084315,Stadt Lützen,Erststimmen,D03,DIE LINKE,274,4053,6.7604
GEMEINDE,15084315,Stadt Lützen,Erststimmen,D04,SPD,950,4053,23.4394
GEMEINDE,15084315,Stadt Lützen,Erststimmen,D05,GRÜNE,113,4053,2.7881
GEMEINDE,15084315,Stadt Lützen,Erststimmen,D06,FDP,227,4053,5.6008
GEMEINDE,15084315,Stadt Lützen,Erststimmen,D07,FREIE WÄHLER,142,4053,3.5036
GEMEINDE,15084315,Stadt Lützen,Erststimmen,D08,NPD,0,4053,0.0
GEMEINDE,15084315,Stadt Lützen,Erststimmen,D09,Tierschutzpartei,0,4053,0.0
GEMEINDE,15084315,Stadt Lützen,Erststimmen,D10,Tierschutzallianz,0,4053,0.0
GEMEINDE,15084315,Stadt Lützen,Erststimmen,D12,Die PARTEI,75,4053,1.8505
GEMEINDE,15084315,Stadt Lützen,Erststimmen,D13,Gartenpartei,0,4053,0.0
GEMEINDE,15084315,Stadt Lützen,Erststimmen,D14,FBM,0,4053,0.0
GEMEINDE,15084315,Stadt Lützen,Erststimmen,D16,dieBasis,0,4053,0.0
GEMEINDE,15084315,Stadt Lützen,Erststimmen,D21,ÖDP,0,4053,0.0
GEMEINDE,15084315,Stadt Lützen,Erststimmen,D26,Andere KWV,50,4053,1.2337
GEMEINDE,15084315,Stadt Lützen,Erststimmen,D27,Andere KWV,0,4053,0.0
GEMEINDE,15084315,Stadt Lützen,Erststimmen,D28,Andere KWV,0,4053,0.0
GEMEINDE,15084315,Stadt Lützen,Zweitstimmen,F01,CDU,1525,4060,37.5616
GEMEINDE,15084315,Stadt Lützen,Zweitstimmen,F02,AfD,1068,4060,26.3054
GEMEINDE,15084315,Stadt Lützen,Zweitstimmen,F03,DIE LINKE,325,4060,8.0049
GEMEINDE,15084315,Stadt Lützen,Zweitstimmen,F04,SPD,389,4060,9.5813
GEMEINDE,15084315,Stadt Lützen,Zweitstimmen,F05,GRÜNE,157,4060,3.867
GEMEINDE,15084315,Stadt Lützen,Zweitstimmen,F06,FDP,236,4060,5.8128
GEMEINDE,15084315,Stadt Lützen,Zweitstimmen,F07,FREIE WÄHLER,77,4060,1.8966
GEMEINDE,15084315,Stadt Lützen,Zweitstimmen,F08,NPD,4,4060,0.0985
GEMEINDE,15084315,Stadt Lützen,Zweitstimmen,F09,Tierschutzpartei,48,4060,1.1823
GEMEINDE,15084315,Stadt Lützen,Zweitstimmen,F10,Tierschutzallianz,17,4060,0.4187
GEMEINDE,15084315,Stadt Lützen,Zweitstimmen,F11,LKR,1,4060,0.0246
GEMEINDE,15084315,Stadt Lützen,Zweitstimmen,F12,Die PARTEI,37,4060,0.9113
GEMEINDE,15084315,Stadt Lützen,Zweitstimmen,F13,Gartenpartei,31,4060,0.7635
GEMEINDE,15084315,Stadt Lützen,Zweitstimmen,F14,FBM,4,4060,0.0985
GEMEINDE,15084315,Stadt Lützen,Zweitstimmen,F15,TIERSCHUTZ hier!,18,4060,0.4433
GEMEINDE,15084315,Stadt Lützen,Zweitstimmen,F16,dieBasis,77,4060,1.8966
GEMEINDE,15084315,Stadt Lützen,Zweitstimmen,F19,Klimaliste ST,3,4060,0.0739
GEMEINDE,15084315,Stadt Lützen,Zweitstimmen,F21,ÖDP,2,4060,0.0493
GEMEINDE,15084315,Stadt Lützen,Zweitstimmen,F22,Die Humanisten,3,4060,0.0739
GEMEINDE,15084315,Stadt Lützen,Zweitstimmen,F23,Gesundheitsforschung,20,4060,0.4926
GEMEINDE,15084315,Stadt Lützen,Zweitstimmen,F24,PIRATEN,10,4060,0.2463
GEMEINDE,15084315,Stadt Lützen,Zweitstimmen,F25,WiR2020,8,4060,0.197
GEMEINDE,15084335,Gemeinde Mertendorf,Erststimmen,D01,CDU,299,806,37.0968
GEMEINDE,15084335,Gemeinde Mertendorf,Erststimmen,D02,AfD,228,806,28.2878
GEMEINDE,15084335,Gemeinde Mertendorf,Erststimmen,D03,DIE LINKE,68,806,8.4367
GEMEINDE,15084335,Gemeinde Mertendorf,Erststimmen,D04,SPD,55,806,6.8238
GEMEINDE,15084335,Gemeinde Mertendorf,Erststimmen,D05,GRÜNE,20,806,2.4814
GEMEINDE,15084335,Gemeinde Mertendorf,Erststimmen,D06,FDP,66,806,8.1886
GEMEINDE,15084335,Gemeinde Mertendorf,Erststimmen,D07,FREIE WÄHLER,0,806,0.0
GEMEINDE,15084335,Gemeinde Mertendorf,Erststimmen,D08,NPD,0,806,0.0
GEMEINDE,15084335,Gemeinde Mertendorf,Erststimmen,D09,Tierschutzpartei,0,806,0.0
GEMEINDE,15084335,Gemeinde Mertendorf,Erststimmen,D10,Tierschutzallianz,0,806,0.0
GEMEINDE,15084335,Gemeinde Mertendorf,Erststimmen,D12,Die PARTEI,29,806,3.598
GEMEINDE,15084335,Gemeinde Mertendorf,Erststimmen,D13,Gartenpartei,0,806,0.0
GEMEINDE,15084335,Gemeinde Mertendorf,Erststimmen,D14,FBM,0,806,0.0
GEMEINDE,15084335,Gemeinde Mertendorf,Erststimmen,D16,dieBasis,0,806,0.0
GEMEINDE,15084335,Gemeinde Mertendorf,Erststimmen,D21,ÖDP,0,806,0.0
GEMEINDE,15084335,Gemeinde Mertendorf,Erststimmen,D26,Andere KWV,41,806,5.0868
GEMEINDE,15084335,Gemeinde Mertendorf,Erststimmen,D27,Andere KWV,0,806,0.0
GEMEINDE,15084335,Gemeinde Mertendorf,Erststimmen,D28,Andere KWV,0,806,0.0
GEMEINDE,15084335,Gemeinde Mertendorf,Zweitstimmen,F01,CDU,299,806,37.0968
GEMEINDE,15084335,Gemeinde Mertendorf,Zweitstimmen,F02,AfD,211,806,26.1787
GEMEINDE,15084335,Gemeinde Mertendorf,Zweitstimmen,F03,DIE LINKE,71,806,8.8089
GEMEINDE,15084335,Gemeinde Mertendorf,Zweitstimmen,F04,SPD,53,806,6.5757
GEMEINDE,15084335,Gemeinde Mertendorf,Zweitstimmen,F05,GRÜNE,29,806,3.598
GEMEINDE,15084335,Gemeinde Mertendorf,Zweitstimmen,F06,FDP,67,806,8.3127
GEMEINDE,15084335,Gemeinde Mertendorf,Zweitstimmen,F07,FREIE WÄHLER,12,806,1.4888
GEMEINDE,15084335,Gemeinde Mertendorf,Zweitstimmen,F08,NPD,1,806,0.1241
GEMEINDE,15084335,Gemeinde Mertendorf,Zweitstimmen,F09,Tierschutzpartei,12,806,1.4888
GEMEINDE,15084335,Gemeinde Mertendorf,Zweitstimmen,F10,Tierschutzallianz,0,806,0.0
GEMEINDE,15084335,Gemeinde Mertendorf,Zweitstimmen,F11,LKR,0,806,0.0
GEMEINDE,15084335,Gemeinde Mertendorf,Zweitstimmen,F12,Die PARTEI,11,806,1.3648
GEMEINDE,15084335,Gemeinde Mertendorf,Zweitstimmen,F13,Gartenpartei,5,806,0.6203
GEMEINDE,15084335,Gemeinde Mertendorf,Zweitstimmen,F14,FBM,1,806,0.1241
GEMEINDE,15084335,Gemeinde Mertendorf,Zweitstimmen,F15,TIERSCHUTZ hier!,8,806,0.9926
GEMEINDE,15084335,Gemeinde Mertendorf,Zweitstimmen,F16,dieBasis,15,806,1.861
GEMEINDE,15084335,Gemeinde Mertendorf,Zweitstimmen,F19,Klimaliste ST,0,806,0.0
GEMEINDE,15084335,Gemeinde Mertendorf,Zweitstimmen,F21,ÖDP,3,806,0.3722
GEMEINDE,15084335,Gemeinde Mertendorf,Zweitstimmen,F22,Die Humanisten,1,806,0.1241
GEMEINDE,15084335,Gemeinde Mertendorf,Zweitstimmen,F23,Gesundheitsforschung,4,806,0.4963
GEMEINDE,15084335,Gemeinde Mertendorf,Zweitstimmen,F24,PIRATEN,1,806,0.1241
GEMEINDE,15084335,Gemeinde Mertendorf,Zweitstimmen,F25,WiR2020,2,806,0.2481
GEMEINDE,15084341,Gemeinde Molauer Land,Erststimmen,D01,CDU,180,496,36.2903
GEMEINDE,15084341,Gemeinde Molauer Land,Erststimmen,D02,AfD,136,496,27.4194
GEMEINDE,15084341,Gemeinde Molauer Land,Erststimmen,D03,DIE LINKE,50,496,10.0806
GEMEINDE,15084341,Gemeinde Molauer Land,Erststimmen,D04,SPD,44,496,8.871
GEMEINDE,15084341,Gemeinde Molauer Land,Erststimmen,D05,GRÜNE,11,496,2.2177
GEMEINDE,15084341,Gemeinde Molauer Land,Erststimmen,D06,FDP,33,496,6.6532
GEMEINDE,15084341,Gemeinde Molauer Land,Erststimmen,D07,FREIE WÄHLER,0,496,0.0
GEMEINDE,15084341,Gemeinde Molauer Land,Erststimmen,D08,NPD,0,496,0.0
GEMEINDE,15084341,Gemeinde Molauer Land,Erststimmen,D09,Tierschutzpartei,0,496,0.0
GEMEINDE,15084341,Gemeinde Molauer Land,Erststimmen,D10,Tierschutzallianz,0,496,0.0
GEMEINDE,15084341,Gemeinde Molauer Land,Erststimmen,D12,Die PARTEI,14,496,2.8226
GEMEINDE,15084341,Gemeinde Molauer Land,Erststimmen,D13,Gartenpartei,0,496,0.0
GEMEINDE,15084341,Gemeinde Molauer Land,Erststimmen,D14,FBM,0,496,0.0
GEMEINDE,15084341,Gemeinde Molauer Land,Erststimmen,D16,dieBasis,0,496,0.0
GEMEINDE,15084341,Gemeinde Molauer Land,Erststimmen,D21,ÖDP,0,496,0.0
GEMEINDE,15084341,Gemeinde Molauer Land,Erststimmen,D26,Andere KWV,28,496,5.6452
GEMEINDE,15084341,Gemeinde Molauer Land,Erststimmen,D27,Andere KWV,0,496,0.0
GEMEINDE,15084341,Gemeinde Molauer Land,Erststimmen,D28,Andere KWV,0,496,0.0
GEMEINDE,15084341,Gemeinde Molauer Land,Zweitstimmen,F01,CDU,178,495,35.9596
GEMEINDE,15084341,Gemeinde Molauer Land,Zweitstimmen,F02,AfD,129,495,26.0606
GEMEINDE,15084341,Gemeinde Molauer Land,Zweitstimmen,F03,DIE LINKE,47,495,9.4949
GEMEINDE,15084341,Gemeinde Molauer Land,Zweitstimmen,F04,SPD,50,495,10.101
GEMEINDE,15084341,Gemeinde Molauer Land,Zweitstimmen,F05,GRÜNE,12,495,2.4242
GEMEINDE,15084341,Gemeinde Molauer Land,Zweitstimmen,F06,FDP,34,495,6.8687
GEMEINDE,15084341,Gemeinde Molauer Land,Zweitstimmen,F07,FREIE WÄHLER,5,495,1.0101
GEMEINDE,15084341,Gemeinde Molauer Land,Zweitstimmen,F08,NPD,1,495,0.202
GEMEINDE,15084341,Gemeinde Molauer Land,Zweitstimmen,F09,Tierschutzpartei,6,495,1.2121
GEMEINDE,15084341,Gemeinde Molauer Land,Zweitstimmen,F10,Tierschutzallianz,0,495,0.0
GEMEINDE,15084341,Gemeinde Molauer Land,Zweitstimmen,F11,LKR,0,495,0.0
GEMEINDE,15084341,Gemeinde Molauer Land,Zweitstimmen,F12,Die PARTEI,8,495,1.6162
GEMEINDE,15084341,Gemeinde Molauer Land,Zweitstimmen,F13,Gartenpartei,4,495,0.8081
GEMEINDE,15084341,Gemeinde Molauer Land,Zweitstimmen,F14,FBM,0,495,0.0
GEMEINDE,15084341,Gemeinde Molauer Land,Zweitstimmen,F15,TIERSCHUTZ hier!,2,495,0.404
GEMEINDE,15084341,Gemeinde Molauer Land,Zweitstimmen,F16,dieBasis,15,495,3.0303
GEMEINDE,15084341,Gemeinde Molauer Land,Zweitstimmen,F19,Klimaliste ST,1,495,0.202
GEMEINDE,15084341,Gemeinde Molauer Land,Zweitstimmen,F21,ÖDP,0,495,0.0
GEMEINDE,15084341,Gemeinde Molauer Land,Zweitstimmen,F22,Die Humanisten,0,495,0.0
GEMEINDE,15084341,Gemeinde Molauer Land,Zweitstimmen,F23,Gesundheitsforschung,1,495,0.202
GEMEINDE,15084341,Gemeinde Molauer Land,Zweitstimmen,F24,PIRATEN,2,495,0.404
GEMEINDE,15084341,Gemeinde Molauer Land,Zweitstimmen,F25,WiR2020,0,495,0.0
GEMEINDE,15084355,Stadt Naumburg (Saale),Erststimmen,D01,CDU,6500,14970,43.4202
GEMEINDE,15084355,Stadt Naumburg (Saale),Erststimmen,D02,AfD,3256,14970,21.7502
GEMEINDE,15084355,Stadt Naumburg (Saale),Erststimmen,D03,DIE LINKE,1338,14970,8.9379
GEMEINDE,15084355,Stadt Naumburg (Saale),Erststimmen,D04,SPD,1151,14970,7.6887
GEMEINDE,15084355,Stadt Naumburg (Saale),Erststimmen,D05,GRÜNE,612,14970,4.0882
GEMEINDE,15084355,Stadt Naumburg (Saale),Erststimmen,D06,FDP,815,14970,5.4442
GEMEINDE,15084355,Stadt Naumburg (Saale),Erststimmen,D07,FREIE WÄHLER,0,14970,0.0
GEMEINDE,15084355,Stadt Naumburg (Saale),Erststimmen,D08,NPD,0,14970,0.0
GEMEINDE,15084355,Stadt Naumburg (Saale),Erststimmen,D09,Tierschutzpartei,0,14970,0.0
GEMEINDE,15084355,Stadt Naumburg (Saale),Erststimmen,D10,Tierschutzallianz,0,14970,0.0
GEMEINDE,15084355,Stadt Naumburg (Saale),Erststimmen,D12,Die PARTEI,567,14970,3.7876
GEMEINDE,15084355,Stadt Naumburg (Saale),Erststimmen,D13,Gartenpartei,0,14970,0.0
GEMEINDE,15084355,Stadt Naumburg (Saale),Erststimmen,D14,FBM,0,14970,0.0
GEMEINDE,15084355,Stadt Naumburg (Saale),Erststimmen,D16,dieBasis,0,14970,0.0
GEMEINDE,15084355,Stadt Naumburg (Saale),Erststimmen,D21,ÖDP,0,14970,0.0
GEMEINDE,15084355,Stadt Naumburg (Saale),Erststimmen,D26,Andere KWV,731,14970,4.8831
GEMEINDE,15084355,Stadt Naumburg (Saale),Erststimmen,D27,Andere KWV,0,14970,0.0
GEMEINDE,15084355,Stadt Naumburg (Saale),Erststimmen,D28,Andere KWV,0,14970,0.0
GEMEINDE,15084355,Stadt Naumburg (Saale),Zweitstimmen,F01,CDU,6083,14974,40.6237
GEMEINDE,15084355,Stadt Naumburg (Saale),Zweitstimmen,F02,AfD,3210,14974,21.4372
GEMEINDE,15084355,Stadt Naumburg (Saale),Zweitstimmen,F03,DIE LINKE,1488,14974,9.9372
GEMEINDE,15084355,Stadt Naumburg (Saale),Zweitstimmen,F04,SPD,1032,14974,6.8919
GEMEINDE,15084355,Stadt Naumburg (Saale),Zweitstimmen,F05,GRÜNE,878,14974,5.8635
GEMEINDE,15084355,Stadt Naumburg (Saale),Zweitstimmen,F06,FDP,978,14974,6.5313
GEMEINDE,15084355,Stadt Naumburg (Saale),Zweitstimmen,F07,FREIE WÄHLER,219,14974,1.4625
GEMEINDE,15084355,Stadt Naumburg (Saale),Zweitstimmen,F08,NPD,39,14974,0.2605
GEMEINDE,15084355,Stadt Naumburg (Saale),Zweitstimmen,F09,Tierschutzpartei,179,14974,1.1954
GEMEINDE,15084355,Stadt Naumburg (Saale),Zweitstimmen,F10,Tierschutzallianz,42,14974,0.2805
GEMEINDE,15084355,Stadt Naumburg (Saale),Zweitstimmen,F11,LKR,6,14974,0.0401
GEMEINDE,15084355,Stadt Naumburg (Saale),Zweitstimmen,F12,Die PARTEI,203,14974,1.3557
GEMEINDE,15084355,Stadt Naumburg (Saale),Zweitstimmen,F13,Gartenpartei,81,14974,0.5409
GEMEINDE,15084355,Stadt Naumburg (Saale),Zweitstimmen,F14,FBM,18,14974,0.1202
GEMEINDE,15084355,Stadt Naumburg (Saale),Zweitstimmen,F15,TIERSCHUTZ hier!,71,14974,0.4742
GEMEINDE,15084355,Stadt Naumburg (Saale),Zweitstimmen,F16,dieBasis,274,14974,1.8298
GEMEINDE,15084355,Stadt Naumburg (Saale),Zweitstimmen,F19,Klimaliste ST,6,14974,0.0401
GEMEINDE,15084355,Stadt Naumburg (Saale),Zweitstimmen,F21,ÖDP,24,14974,0.1603
GEMEINDE,15084355,Stadt Naumburg (Saale),Zweitstimmen,F22,Die Humanisten,20,14974,0.1336
GEMEINDE,15084355,Stadt Naumburg (Saale),Zweitstimmen,F23,Gesundheitsforschung,53,14974,0.3539
GEMEINDE,15084355,Stadt Naumburg (Saale),Zweitstimmen,F24,PIRATEN,48,14974,0.3206
GEMEINDE,15084355,Stadt Naumburg (Saale),Zweitstimmen,F25,WiR2020,22,14974,0.1469
GEMEINDE,15084360,Stadt Nebra (Unstrut),Erststimmen,D01,CDU,541,1553,34.8358
GEMEINDE,15084360,Stadt Nebra (Unstrut),Erststimmen,D02,AfD,474,1553,30.5216
GEMEINDE,15084360,Stadt Nebra (Unstrut),Erststimmen,D03,DIE LINKE,185,1553,11.9124
GEMEINDE,15084360,Stadt Nebra (Unstrut),Erststimmen,D04,SPD,149,1553,9.5943
GEMEINDE,15084360,Stadt Nebra (Unstrut),Erststimmen,D05,GRÜNE,22,1553,1.4166
GEMEINDE,15084360,Stadt Nebra (Unstrut),Erststimmen,D06,FDP,103,1553,6.6323
GEMEINDE,15084360,Stadt Nebra (Unstrut),Erststimmen,D07,FREIE WÄHLER,0,1553,0.0
GEMEINDE,15084360,Stadt Nebra (Unstrut),Erststimmen,D08,NPD,0,1553,0.0
GEMEINDE,15084360,Stadt Nebra (Unstrut),Erststimmen,D09,Tierschutzpartei,0,1553,0.0
GEMEINDE,15084360,Stadt Nebra (Unstrut),Erststimmen,D10,Tierschutzallianz,0,1553,0.0
GEMEINDE,15084360,Stadt Nebra (Unstrut),Erststimmen,D12,Die PARTEI,32,1553,2.0605
GEMEINDE,15084360,Stadt Nebra (Unstrut),Erststimmen,D13,Gartenpartei,0,1553,0.0
GEMEINDE,15084360,Stadt Nebra (Unstrut),Erststimmen,D14,FBM,0,1553,0.0
GEMEINDE,15084360,Stadt Nebra (Unstrut),Erststimmen,D16,dieBasis,0,1553,0.0
GEMEINDE,15084360,Stadt Nebra (Unstrut),Erststimmen,D21,ÖDP,0,1553,0.0
GEMEINDE,15084360,Stadt Nebra (Unstrut),Erststimmen,D26,Andere KWV,47,1553,3.0264
GEMEINDE,15084360,Stadt Nebra (Unstrut),Erststimmen,D27,Andere KWV,0,1553,0.0
GEMEINDE,15084360,Stadt Nebra (Unstrut),Erststimmen,D28,Andere KWV,0,1553,0.0
GEMEINDE,15084360,Stadt Nebra (Unstrut),Zweitstimmen,F01,CDU,588,1553,37.8622
GEMEINDE,15084360,Stadt Nebra (Unstrut),Zweitstimmen,F02,AfD,435,1553,28.0103
GEMEINDE,15084360,Stadt Nebra (Unstrut),Zweitstimmen,F03,DIE LINKE,175,1553,11.2685
GEMEINDE,15084360,Stadt Nebra (Unstrut),Zweitstimmen,F04,SPD,115,1553,7.405
GEMEINDE,15084360,Stadt Nebra (Unstrut),Zweitstimmen,F05,GRÜNE,31,1553,1.9961
GEMEINDE,15084360,Stadt Nebra (Unstrut),Zweitstimmen,F06,FDP,96,1553,6.1816
GEMEINDE,15084360,Stadt Nebra (Unstrut),Zweitstimmen,F07,FREIE WÄHLER,23,1553,1.481
GEMEINDE,15084360,Stadt Nebra (Unstrut),Zweitstimmen,F08,NPD,7,1553,0.4507
GEMEINDE,15084360,Stadt Nebra (Unstrut),Zweitstimmen,F09,Tierschutzpartei,19,1553,1.2234
GEMEINDE,15084360,Stadt Nebra (Unstrut),Zweitstimmen,F10,Tierschutzallianz,9,1553,0.5795
GEMEINDE,15084360,Stadt Nebra (Unstrut),Zweitstimmen,F11,LKR,1,1553,0.0644
GEMEINDE,15084360,Stadt Nebra (Unstrut),Zweitstimmen,F12,Die PARTEI,9,1553,0.5795
GEMEINDE,15084360,Stadt Nebra (Unstrut),Zweitstimmen,F13,Gartenpartei,7,1553,0.4507
GEMEINDE,15084360,Stadt Nebra (Unstrut),Zweitstimmen,F14,FBM,2,1553,0.1288
GEMEINDE,15084360,Stadt Nebra (Unstrut),Zweitstimmen,F15,TIERSCHUTZ hier!,9,1553,0.5795
GEMEINDE,15084360,Stadt Nebra (Unstrut),Zweitstimmen,F16,dieBasis,11,1553,0.7083
GEMEINDE,15084360,Stadt Nebra (Unstrut),Zweitstimmen,F19,Klimaliste ST,0,1553,0.0
GEMEINDE,15084360,Stadt Nebra (Unstrut),Zweitstimmen,F21,ÖDP,0,1553,0.0
GEMEINDE,15084360,Stadt Nebra (Unstrut),Zweitstimmen,F22,Die Humanisten,2,1553,0.1288
GEMEINDE,15084360,Stadt Nebra (Unstrut),Zweitstimmen,F23,Gesundheitsforschung,10,1553,0.6439
GEMEINDE,15084360,Stadt Nebra (Unstrut),Zweitstimmen,F24,PIRATEN,3,1553,0.1932
GEMEINDE,15084360,Stadt Nebra (Unstrut),Zweitstimmen,F25,WiR2020,1,1553,0.0644
GEMEINDE,15084375,Stadt Osterfeld,Erststimmen,D01,CDU,459,1156,39.7059
GEMEINDE,15084375,Stadt Osterfeld,Erststimmen,D02,AfD,323,1156,27.9412
GEMEINDE,15084375,Stadt Osterfeld,Erststimmen,D03,DIE LINKE,130,1156,11.2457
GEMEINDE,15084375,Stadt Osterfeld,Erststimmen,D04,SPD,115,1156,9.9481
GEMEINDE,15084375,Stadt Osterfeld,Erststimmen,D05,GRÜNE,10,1156,0.8651
GEMEINDE,15084375,Stadt Osterfeld,Erststimmen,D06,FDP,56,1156,4.8443
GEMEINDE,15084375,Stadt Osterfeld,Erststimmen,D07,FREIE WÄHLER,0,1156,0.0
GEMEINDE,15084375,Stadt Osterfeld,Erststimmen,D08,NPD,0,1156,0.0
GEMEINDE,15084375,Stadt Osterfeld,Erststimmen,D09,Tierschutzpartei,0,1156,0.0
GEMEINDE,15084375,Stadt Osterfeld,Erststimmen,D10,Tierschutzallianz,0,1156,0.0
GEMEINDE,15084375,Stadt Osterfeld,Erststimmen,D12,Die PARTEI,28,1156,2.4221
GEMEINDE,15084375,Stadt Osterfeld,Erststimmen,D13,Gartenpartei,0,1156,0.0
GEMEINDE,15084375,Stadt Osterfeld,Erststimmen,D14,FBM,0,1156,0.0
GEMEINDE,15084375,Stadt Osterfeld,Erststimmen,D16,dieBasis,0,1156,0.0
GEMEINDE,15084375,Stadt Osterfeld,Erststimmen,D21,ÖDP,0,1156,0.0
GEMEINDE,15084375,Stadt Osterfeld,Erststimmen,D26,Andere KWV,35,1156,3.0277
GEMEINDE,15084375,Stadt Osterfeld,Erststimmen,D27,Andere KWV,0,1156,0.0
GEMEINDE,15084375,Stadt Osterfeld,Erststimmen,D28,Andere KWV,0,1156,0.0
GEMEINDE,15084375,Stadt Osterfeld,Zweitstimmen,F01,CDU,475,1157,41.0545
GEMEINDE,15084375,Stadt Osterfeld,Zweitstimmen,F02,AfD,281,1157,24.2869
GEMEINDE,15084375,Stadt Osterfeld,Zweitstimmen,F03,DIE LINKE,125,1157,10.8038
GEMEINDE,15084375,Stadt Osterfeld,Zweitstimmen,F04,SPD,84,1157,7.2602
GEMEINDE,15084375,Stadt Osterfeld,Zweitstimmen,F05,GRÜNE,20,1157,1.7286
GEMEINDE,15084375,Stadt Osterfeld,Zweitstimmen,F06,FDP,61,1157,5.2723
GEMEINDE,15084375,Stadt Osterfeld,Zweitstimmen,F07,FREIE WÄHLER,24,1157,2.0743
GEMEINDE,15084375,Stadt Osterfeld,Zweitstimmen,F08,NPD,4,1157,0.3457
GEMEINDE,15084375,Stadt Osterfeld,Zweitstimmen,F09,Tierschutzpartei,14,1157,1.21
GEMEINDE,15084375,Stadt Osterfeld,Zweitstimmen,F10,Tierschutzallianz,2,1157,0.1729
GEMEINDE,15084375,Stadt Osterfeld,Zweitstimmen,F11,LKR,1,1157,0.0864
GEMEINDE,15084375,Stadt Osterfeld,Zweitstimmen,F12,Die PARTEI,11,1157,0.9507
GEMEINDE,15084375,Stadt Osterfeld,Zweitstimmen,F13,Gartenpartei,6,1157,0.5186
GEMEINDE,15084375,Stadt Osterfeld,Zweitstimmen,F14,FBM,1,1157,0.0864
GEMEINDE,15084375,Stadt Osterfeld,Zweitstimmen,F15,TIERSCHUTZ hier!,8,1157,0.6914
GEMEINDE,15084375,Stadt Osterfeld,Zweitstimmen,F16,dieBasis,28,1157,2.4201
GEMEINDE,15084375,Stadt Osterfeld,Zweitstimmen,F19,Klimaliste ST,0,1157,0.0
GEMEINDE,15084375,Stadt Osterfeld,Zweitstimmen,F21,ÖDP,0,1157,0.0
GEMEINDE,15084375,Stadt Osterfeld,Zweitstimmen,F22,Die Humanisten,1,1157,0.0864
GEMEINDE,15084375,Stadt Osterfeld,Zweitstimmen,F23,Gesundheitsforschung,4,1157,0.3457
GEMEINDE,15084375,Stadt Osterfeld,Zweitstimmen,F24,PIRATEN,5,1157,0.4322
GEMEINDE,15084375,Stadt Osterfeld,Zweitstimmen,F25,WiR2020,2,1157,0.1729
GEMEINDE,15084442,Gemeinde Schnaudertal,Erststimmen,D01,CDU,152,527,28.8425
GEMEINDE,15084442,Gemeinde Schnaudertal,Erststimmen,D02,AfD,185,527,35.1044
GEMEINDE,15084442,Gemeinde Schnaudertal,Erststimmen,D03,DIE LINKE,56,527,10.6262
GEMEINDE,15084442,Gemeinde Schnaudertal,Erststimmen,D04,SPD,32,527,6.0721
GEMEINDE,15084442,Gemeinde Schnaudertal,Erststimmen,D05,GRÜNE,8,527,1.518
GEMEINDE,15084442,Gemeinde Schnaudertal,Erststimmen,D06,FDP,37,527,7.0209
GEMEINDE,15084442,Gemeinde Schnaudertal,Erststimmen,D07,FREIE WÄHLER,41,527,7.7799
GEMEINDE,15084442,Gemeinde Schnaudertal,Erststimmen,D08,NPD,0,527,0.0
GEMEINDE,15084442,Gemeinde Schnaudertal,Erststimmen,D09,Tierschutzpartei,0,527,0.0
GEMEINDE,15084442,Gemeinde Schnaudertal,Erststimmen,D10,Tierschutzallianz,0,527,0.0
GEMEINDE,15084442,Gemeinde Schnaudertal,Erststimmen,D12,Die PARTEI,0,527,0.0
GEMEINDE,15084442,Gemeinde Schnaudertal,Erststimmen,D13,Gartenpartei,0,527,0.0
GEMEINDE,15084442,Gemeinde Schnaudertal,Erststimmen,D14,FBM,0,527,0.0
GEMEINDE,15084442,Gemeinde Schnaudertal,Erststimmen,D16,dieBasis,0,527,0.0
GEMEINDE,15084442,Gemeinde Schnaudertal,Erststimmen,D21,ÖDP,0,527,0.0
GEMEINDE,15084442,Gemeinde Schnaudertal,Erststimmen,D26,Andere KWV,0,527,0.0
GEMEINDE,15084442,Gemeinde Schnaudertal,Erststimmen,D27,Andere KWV,11,527,2.0873
GEMEINDE,15084442,Gemeinde Schnaudertal,Erststimmen,D28,Andere KWV,5,527,0.9488
GEMEINDE,15084442,Gemeinde Schnaudertal,Zweitstimmen,F01,CDU,167,527,31.6888
GEMEINDE,15084442,Gemeinde Schnaudertal,Zweitstimmen,F02,AfD,197,527,37.3814
GEMEINDE,15084442,Gemeinde Schnaudertal,Zweitstimmen,F03,DIE LINKE,42,527,7.9696
GEMEINDE,15084442,Gemeinde Schnaudertal,Zweitstimmen,F04,SPD,26,527,4.9336
GEMEINDE,15084442,Gemeinde Schnaudertal,Zweitstimmen,F05,GRÜNE,5,527,0.9488
GEMEINDE,15084442,Gemeinde Schnaudertal,Zweitstimmen,F06,FDP,38,527,7.2106
GEMEINDE,15084442,Gemeinde Schnaudertal,Zweitstimmen,F07,FREIE WÄHLER,12,527,2.277
GEMEINDE,15084442,Gemeinde Schnaudertal,Zweitstimmen,F08,NPD,1,527,0.1898
GEMEINDE,15084442,Gemeinde Schnaudertal,Zweitstimmen,F09,Tierschutzpartei,7,527,1.3283
GEMEINDE,15084442,Gemeinde Schnaudertal,Zweitstimmen,F10,Tierschutzallianz,1,527,0.1898
GEMEINDE,15084442,Gemeinde Schnaudertal,Zweitstimmen,F11,LKR,2,527,0.3795
GEMEINDE,15084442,Gemeinde Schnaudertal,Zweitstimmen,F12,Die PARTEI,7,527,1.3283
GEMEINDE,15084442,Gemeinde Schnaudertal,Zweitstimmen,F13,Gartenpartei,5,527,0.9488
GEMEINDE,15084442,Gemeinde Schnaudertal,Zweitstimmen,F14,FBM,0,527,0.0
GEMEINDE,15084442,Gemeinde Schnaudertal,Zweitstimmen,F15,TIERSCHUTZ hier!,3,527,0.5693
GEMEINDE,15084442,Gemeinde Schnaudertal,Zweitstimmen,F16,dieBasis,12,527,2.277
GEMEINDE,15084442,Gemeinde Schnaudertal,Zweitstimmen,F19,Klimaliste ST,0,527,0.0
GEMEINDE,15084442,Gemeinde Schnaudertal,Zweitstimmen,F21,ÖDP,0,527,0.0
GEMEINDE,15084442,Gemeinde Schnaudertal,Zweitstimmen,F22,Die Humanisten,0,527,0.0
GEMEINDE,15084442,Gemeinde Schnaudertal,Zweitstimmen,F23,Gesundheitsforschung,1,527,0.1898
GEMEINDE,15084442,Gemeinde Schnaudertal,Zweitstimmen,F24,PIRATEN,0,527,0.0
GEMEINDE,15084442,Gemeinde Schnaudertal,Zweitstimmen,F25,WiR2020,1,527,0.1898
GEMEINDE,15084445,Gemeinde Schönburg,Erststimmen,D01,CDU,244,569,42.8822
GEMEINDE,15084445,Gemeinde Schönburg,Erststimmen,D02,AfD,149,569,26.1863
GEMEINDE,15084445,Gemeinde Schönburg,Erststimmen,D03,DIE LINKE,35,569,6.1511
GEMEINDE,15084445,Gemeinde Schönburg,Erststimmen,D04,SPD,35,569,6.1511
GEMEINDE,15084445,Gemeinde Schönburg,Erststimmen,D05,GRÜNE,15,569,2.6362
GEMEINDE,15084445,Gemeinde Schönburg,Erststimmen,D06,FDP,29,569,5.0967
GEMEINDE,15084445,Gemeinde Schönburg,Erststimmen,D07,FREIE WÄHLER,0,569,0.0
GEMEINDE,15084445,Gemeinde Schönburg,Erststimmen,D08,NPD,0,569,0.0
GEMEINDE,15084445,Gemeinde Schönburg,Erststimmen,D09,Tierschutzpartei,0,569,0.0
GEMEINDE,15084445,Gemeinde Schönburg,Erststimmen,D10,Tierschutzallianz,0,569,0.0
GEMEINDE,15084445,Gemeinde Schönburg,Erststimmen,D12,Die PARTEI,16,569,2.812
GEMEINDE,15084445,Gemeinde Schönburg,Erststimmen,D13,Gartenpartei,0,569,0.0
GEMEINDE,15084445,Gemeinde Schönburg,Erststimmen,D14,FBM,0,569,0.0
GEMEINDE,15084445,Gemeinde Schönburg,Erststimmen,D16,dieBasis,0,569,0.0
GEMEINDE,15084445,Gemeinde Schönburg,Erststimmen,D21,ÖDP,0,569,0.0
GEMEINDE,15084445,Gemeinde Schönburg,Erststimmen,D26,Andere KWV,46,569,8.0844
GEMEINDE,15084445,Gemeinde Schönburg,Erststimmen,D27,Andere KWV,0,569,0.0
GEMEINDE,15084445,Gemeinde Schönburg,Erststimmen,D28,Andere KWV,0,569,0.0
GEMEINDE,15084445,Gemeinde Schönburg,Zweitstimmen,F01,CDU,227,569,39.8946
GEMEINDE,15084445,Gemeinde Schönburg,Zweitstimmen,F02,AfD,145,569,25.4833
GEMEINDE,15084445,Gemeinde Schönburg,Zweitstimmen,F03,DIE LINKE,44,569,7.7329
GEMEINDE,15084445,Gemeinde Schönburg,Zweitstimmen,F04,SPD,28,569,4.9209
GEMEINDE,15084445,Gemeinde Schönburg,Zweitstimmen,F05,GRÜNE,24,569,4.2179
GEMEINDE,15084445,Gemeinde Schönburg,Zweitstimmen,F06,FDP,49,569,8.6116
GEMEINDE,15084445,Gemeinde Schönburg,Zweitstimmen,F07,FREIE WÄHLER,13,569,2.2847
GEMEINDE,15084445,Gemeinde Schönburg,Zweitstimmen,F08,NPD,0,569,0.0
GEMEINDE,15084445,Gemeinde Schönburg,Zweitstimmen,F09,Tierschutzpartei,5,569,0.8787
GEMEINDE,15084445,Gemeinde Schönburg,Zweitstimmen,F10,Tierschutzallianz,3,569,0.5272
GEMEINDE,15084445,Gemeinde Schönburg,Zweitstimmen,F11,LKR,1,569,0.1757
GEMEINDE,15084445,Gemeinde Schönburg,Zweitstimmen,F12,Die PARTEI,6,569,1.0545
GEMEINDE,15084445,Gemeinde Schönburg,Zweitstimmen,F13,Gartenpartei,4,569,0.703
GEMEINDE,15084445,Gemeinde Schönburg,Zweitstimmen,F14,FBM,2,569,0.3515
GEMEINDE,15084445,Gemeinde Schönburg,Zweitstimmen,F15,TIERSCHUTZ hier!,0,569,0.0
GEMEINDE,15084445,Gemeinde Schönburg,Zweitstimmen,F16,dieBasis,13,569,2.2847
GEMEINDE,15084445,Gemeinde Schönburg,Zweitstimmen,F19,Klimaliste ST,0,569,0.0
GEMEINDE,15084445,Gemeinde Schönburg,Zweitstimmen,F21,ÖDP,0,569,0.0
GEMEINDE,15084445,Gemeinde Schönburg,Zweitstimmen,F22,Die Humanisten,0,569,0.0
GEMEINDE,15084445,Gemeinde Schönburg,Zweitstimmen,F23,Gesundheitsforschung,0,569,0.0
GEMEINDE,15084445,Gemeinde Schönburg,Zweitstimmen,F24,PIRATEN,4,569,0.703
GEMEINDE,15084445,Gemeinde Schönburg,Zweitstimmen,F25,WiR2020,1,569,0.1757
GEMEINDE,15084470,Stadt Stößen,Erststimmen,D01,CDU,174,437,39.8169
GEMEINDE,15084470,Stadt Stößen,Erststimmen,D02,AfD,108,437,24.714
GEMEINDE,15084470,Stadt Stößen,Erststimmen,D03,DIE LINKE,37,437,8.4668
GEMEINDE,15084470,Stadt Stößen,Erststimmen,D04,SPD,33,437,7.5515
GEMEINDE,15084470,Stadt Stößen,Erststimmen,D05,GRÜNE,9,437,2.0595
GEMEINDE,15084470,Stadt Stößen,Erststimmen,D06,FDP,47,437,10.7551
GEMEINDE,15084470,Stadt Stößen,Erststimmen,D07,FREIE WÄHLER,0,437,0.0
GEMEINDE,15084470,Stadt Stößen,Erststimmen,D08,NPD,0,437,0.0
GEMEINDE,15084470,Stadt Stößen,Erststimmen,D09,Tierschutzpartei,0,437,0.0
GEMEINDE,15084470,Stadt Stößen,Erststimmen,D10,Tierschutzallianz,0,437,0.0
GEMEINDE,15084470,Stadt Stößen,Erststimmen,D12,Die PARTEI,18,437,4.119
GEMEINDE,15084470,Stadt Stößen,Erststimmen,D13,Gartenpartei,0,437,0.0
GEMEINDE,15084470,Stadt Stößen,Erststimmen,D14,FBM,0,437,0.0
GEMEINDE,15084470,Stadt Stößen,Erststimmen,D16,dieBasis,0,437,0.0
GEMEINDE,15084470,Stadt Stößen,Erststimmen,D21,ÖDP,0,437,0.0
GEMEINDE,15084470,Stadt Stößen,Erststimmen,D26,Andere KWV,11,437,2.5172
GEMEINDE,15084470,Stadt Stößen,Erststimmen,D27,Andere KWV,0,437,0.0
GEMEINDE,15084470,Stadt Stößen,Erststimmen,D28,Andere KWV,0,437,0.0
GEMEINDE,15084470,Stadt Stößen,Zweitstimmen,F01,CDU,157,436,36.0092
GEMEINDE,15084470,Stadt Stößen,Zweitstimmen,F02,AfD,114,436,26.1468
GEMEINDE,15084470,Stadt Stößen,Zweitstimmen,F03,DIE LINKE,27,436,6.1927
GEMEINDE,15084470,Stadt Stößen,Zweitstimmen,F04,SPD,34,436,7.7982
GEMEINDE,15084470,Stadt Stößen,Zweitstimmen,F05,GRÜNE,20,436,4.5872
GEMEINDE,15084470,Stadt Stößen,Zweitstimmen,F06,FDP,39,436,8.945
GEMEINDE,15084470,Stadt Stößen,Zweitstimmen,F07,FREIE WÄHLER,7,436,1.6055
GEMEINDE,15084470,Stadt Stößen,Zweitstimmen,F08,NPD,0,436,0.0
GEMEINDE,15084470,Stadt Stößen,Zweitstimmen,F09,Tierschutzpartei,3,436,0.6881
GEMEINDE,15084470,Stadt Stößen,Zweitstimmen,F10,Tierschutzallianz,0,436,0.0
GEMEINDE,15084470,Stadt Stößen,Zweitstimmen,F11,LKR,1,436,0.2294
GEMEINDE,15084470,Stadt Stößen,Zweitstimmen,F12,Die PARTEI,11,436,2.5229
GEMEINDE,15084470,Stadt Stößen,Zweitstimmen,F13,Gartenpartei,1,436,0.2294
GEMEINDE,15084470,Stadt Stößen,Zweitstimmen,F14,FBM,0,436,0.0
GEMEINDE,15084470,Stadt Stößen,Zweitstimmen,F15,TIERSCHUTZ hier!,2,436,0.4587
GEMEINDE,15084470,Stadt Stößen,Zweitstimmen,F16,dieBasis,14,436,3.211
GEMEINDE,15084470,Stadt Stößen,Zweitstimmen,F19,Klimaliste ST,1,436,0.2294
GEMEINDE,15084470,Stadt Stößen,Zweitstimmen,F21,ÖDP,0,436,0.0
GEMEINDE,15084470,Stadt Stößen,Zweitstimmen,F22,Die Humanisten,0,436,0.0
GEMEINDE,15084470,Stadt Stößen,Zweitstimmen,F23,Gesundheitsforschung,3,436,0.6881
GEMEINDE,15084470,Stadt Stößen,Zweitstimmen,F24,PIRATEN,1,436,0.2294
GEMEINDE,15084470,Stadt Stößen,Zweitstimmen,F25,WiR2020,1,436,0.2294
GEMEINDE,15084490,Stadt Teuchern,Erststimmen,D01,CDU,809,3669,22.0496
GEMEINDE,15084490,Stadt Teuchern,Erststimmen,D02,AfD,1012,3669,27.5824
GEMEINDE,15084490,Stadt Teuchern,Erststimmen,D03,DIE LINKE,256,3669,6.9774
GEMEINDE,15084490,Stadt Teuchern,Erststimmen,D04,SPD,1106,3669,30.1445
GEMEINDE,15084490,Stadt Teuchern,Erststimmen,D05,GRÜNE,45,3669,1.2265
GEMEINDE,15084490,Stadt Teuchern,Erststimmen,D06,FDP,162,3669,4.4154
GEMEINDE,15084490,Stadt Teuchern,Erststimmen,D07,FREIE WÄHLER,114,3669,3.1071
GEMEINDE,15084490,Stadt Teuchern,Erststimmen,D08,NPD,0,3669,0.0
GEMEINDE,15084490,Stadt Teuchern,Erststimmen,D09,Tierschutzpartei,0,3669,0.0
GEMEINDE,15084490,Stadt Teuchern,Erststimmen,D10,Tierschutzallianz,0,3669,0.0
GEMEINDE,15084490,Stadt Teuchern,Erststimmen,D12,Die PARTEI,75,3669,2.0442
GEMEINDE,15084490,Stadt Teuchern,Erststimmen,D13,Gartenpartei,0,3669,0.0
GEMEINDE,15084490,Stadt Teuchern,Erststimmen,D14,FBM,0,3669,0.0
GEMEINDE,15084490,Stadt Teuchern,Erststimmen,D16,dieBasis,0,3669,0.0
GEMEINDE,15084490,Stadt Teuchern,Erststimmen,D21,ÖDP,0,3669,0.0
GEMEINDE,15084490,Stadt Teuchern,Erststimmen,D26,Andere KWV,90,3669,2.453
GEMEINDE,15084490,Stadt Teuchern,Erststimmen,D27,Andere KWV,0,3669,0.0
GEMEINDE,15084490,Stadt Teuchern,Erststimmen,D28,Andere KWV,0,3669,0.0
GEMEINDE,15084490,Stadt Teuchern,Zweitstimmen,F01,CDU,1269,3685,34.4369
GEMEINDE,15084490,Stadt Teuchern,Zweitstimmen,F02,AfD,1008,3685,27.3541
GEMEINDE,15084490,Stadt Teuchern,Zweitstimmen,F03,DIE LINKE,325,3685,8.8195
GEMEINDE,15084490,Stadt Teuchern,Zweitstimmen,F04,SPD,420,3685,11.3976
GEMEINDE,15084490,Stadt Teuchern,Zweitstimmen,F05,GRÜNE,62,3685,1.6825
GEMEINDE,15084490,Stadt Teuchern,Zweitstimmen,F06,FDP,201,3685,5.4545
GEMEINDE,15084490,Stadt Teuchern,Zweitstimmen,F07,FREIE WÄHLER,70,3685,1.8996
GEMEINDE,15084490,Stadt Teuchern,Zweitstimmen,F08,NPD,23,3685,0.6242
GEMEINDE,15084490,Stadt Teuchern,Zweitstimmen,F09,Tierschutzpartei,51,3685,1.384
GEMEINDE,15084490,Stadt Teuchern,Zweitstimmen,F10,Tierschutzallianz,17,3685,0.4613
GEMEINDE,15084490,Stadt Teuchern,Zweitstimmen,F11,LKR,2,3685,0.0543
GEMEINDE,15084490,Stadt Teuchern,Zweitstimmen,F12,Die PARTEI,34,3685,0.9227
GEMEINDE,15084490,Stadt Teuchern,Zweitstimmen,F13,Gartenpartei,20,3685,0.5427
GEMEINDE,15084490,Stadt Teuchern,Zweitstimmen,F14,FBM,3,3685,0.0814
GEMEINDE,15084490,Stadt Teuchern,Zweitstimmen,F15,TIERSCHUTZ hier!,29,3685,0.787
GEMEINDE,15084490,Stadt Teuchern,Zweitstimmen,F16,dieBasis,112,3685,3.0393
GEMEINDE,15084490,Stadt Teuchern,Zweitstimmen,F19,Klimaliste ST,0,3685,0.0
GEMEINDE,15084490,Stadt Teuchern,Zweitstimmen,F21,ÖDP,2,3685,0.0543
GEMEINDE,15084490,Stadt Teuchern,Zweitstimmen,F22,Die Humanisten,0,3685,0.0
GEMEINDE,15084490,Stadt Teuchern,Zweitstimmen,F23,Gesundheitsforschung,16,3685,0.4342
GEMEINDE,15084490,Stadt Teuchern,Zweitstimmen,F24,PIRATEN,14,3685,0.3799
GEMEINDE,15084490,Stadt Teuchern,Zweitstimmen,F25,WiR2020,7,3685,0.19
GEMEINDE,15084550,Stadt Weißenfels,Erststimmen,D01,CDU,4528,15834,28.5967
GEMEINDE,15084550,Stadt Weißenfels,Erststimmen,D02,AfD,3800,15834,23.999
GEMEINDE,15084550,Stadt Weißenfels,Erststimmen,D03,DIE LINKE,1286,15834,8.1218
GEMEINDE,15084550,Stadt Weißenfels,Erststimmen,D04,SPD,3391,15834,21.4159
GEMEINDE,15084550,Stadt Weißenfels,Erststimmen,D05,GRÜNE,356,15834,2.2483
GEMEINDE,15084550,Stadt Weißenfels,Erststimmen,D06,FDP,890,15834,5.6208
GEMEINDE,15084550,Stadt Weißenfels,Erststimmen,D07,FREIE WÄHLER,1043,15834,6.5871
GEMEINDE,15084550,Stadt Weißenfels,Erststimmen,D08,NPD,0,15834,0.0
GEMEINDE,15084550,Stadt Weißenfels,Erststimmen,D09,Tierschutzpartei,0,15834,0.0
GEMEINDE,15084550,Stadt Weißenfels,Erststimmen,D10,Tierschutzallianz,0,15834,0.0
GEMEINDE,15084550,Stadt Weißenfels,Erststimmen,D12,Die PARTEI,373,15834,2.3557
GEMEINDE,15084550,Stadt Weißenfels,Erststimmen,D13,Gartenpartei,0,15834,0.0
GEMEINDE,15084550,Stadt Weißenfels,Erststimmen,D14,FBM,0,15834,0.0
GEMEINDE,15084550,Stadt Weißenfels,Erststimmen,D16,dieBasis,0,15834,0.0
GEMEINDE,15084550,Stadt Weißenfels,Erststimmen,D21,ÖDP,0,15834,0.0
GEMEINDE,15084550,Stadt Weißenfels,Erststimmen,D26,Andere KWV,167,15834,1.0547
GEMEINDE,15084550,Stadt Weißenfels,Erststimmen,D27,Andere KWV,0,15834,0.0
GEMEINDE,15084550,Stadt Weißenfels,Erststimmen,D28,Andere KWV,0,15834,0.0
GEMEINDE,15084550,Stadt Weißenfels,Zweitstimmen,F01,CDU,6009,15850,37.9117
GEMEINDE,15084550,Stadt Weißenfels,Zweitstimmen,F02,AfD,3875,15850,24.4479
GEMEINDE,15084550,Stadt Weißenfels,Zweitstimmen,F03,DIE LINKE,1528,15850,9.6404
GEMEINDE,15084550,Stadt Weißenfels,Zweitstimmen,F04,SPD,1478,15850,9.3249
GEMEINDE,15084550,Stadt Weißenfels,Zweitstimmen,F05,GRÜNE,551,15850,3.4763
GEMEINDE,15084550,Stadt Weißenfels,Zweitstimmen,F06,FDP,940,15850,5.9306
GEMEINDE,15084550,Stadt Weißenfels,Zweitstimmen,F07,FREIE WÄHLER,396,15850,2.4984
GEMEINDE,15084550,Stadt Weißenfels,Zweitstimmen,F08,NPD,50,15850,0.3155
GEMEINDE,15084550,Stadt Weißenfels,Zweitstimmen,F09,Tierschutzpartei,202,15850,1.2744
GEMEINDE,15084550,Stadt Weißenfels,Zweitstimmen,F10,Tierschutzallianz,35,15850,0.2208
GEMEINDE,15084550,Stadt Weißenfels,Zweitstimmen,F11,LKR,6,15850,0.0379
GEMEINDE,15084550,Stadt Weißenfels,Zweitstimmen,F12,Die PARTEI,186,15850,1.1735
GEMEINDE,15084550,Stadt Weißenfels,Zweitstimmen,F13,Gartenpartei,103,15850,0.6498
GEMEINDE,15084550,Stadt Weißenfels,Zweitstimmen,F14,FBM,7,15850,0.0442
GEMEINDE,15084550,Stadt Weißenfels,Zweitstimmen,F15,TIERSCHUTZ hier!,82,15850,0.5174
GEMEINDE,15084550,Stadt Weißenfels,Zweitstimmen,F16,dieBasis,222,15850,1.4006
GEMEINDE,15084550,Stadt Weißenfels,Zweitstimmen,F19,Klimaliste ST,3,15850,0.0189
GEMEINDE,15084550,Stadt Weißenfels,Zweitstimmen,F21,ÖDP,9,15850,0.0568
GEMEINDE,15084550,Stadt Weißenfels,Zweitstimmen,F22,Die Humanisten,12,15850,0.0757
GEMEINDE,15084550,Stadt Weißenfels,Zweitstimmen,F23,Gesundheitsforschung,66,15850,0.4164
GEMEINDE,15084550,Stadt Weißenfels,Zweitstimmen,F24,PIRATEN,61,15850,0.3849
GEMEINDE,15084550,Stadt Weißenfels,Zweitstimmen,F25,WiR2020,29,15850,0.183
GEMEINDE,15084560,Gemeinde Wethau,Erststimmen,D01,CDU,218,487,44.7639
GEMEINDE,15084560,Gemeinde Wethau,Erststimmen,D02,AfD,146,487,29.9795
GEMEINDE,15084560,Gemeinde Wethau,Erststimmen,D03,DIE LINKE,37,487,7.5975
GEMEINDE,15084560,Gemeinde Wethau,Erststimmen,D04,SPD,26,487,5.3388
GEMEINDE,15084560,Gemeinde Wethau,Erststimmen,D05,GRÜNE,6,487,1.232
GEMEINDE,15084560,Gemeinde Wethau,Erststimmen,D06,FDP,21,487,4.3121
GEMEINDE,15084560,Gemeinde Wethau,Erststimmen,D07,FREIE WÄHLER,0,487,0.0
GEMEINDE,15084560,Gemeinde Wethau,Erststimmen,D08,NPD,0,487,0.0
GEMEINDE,15084560,Gemeinde Wethau,Erststimmen,D09,Tierschutzpartei,0,487,0.0
GEMEINDE,15084560,Gemeinde Wethau,Erststimmen,D10,Tierschutzallianz,0,487,0.0
GEMEINDE,15084560,Gemeinde Wethau,Erststimmen,D12,Die PARTEI,9,487,1.848
GEMEINDE,15084560,Gemeinde Wethau,Erststimmen,D13,Gartenpartei,0,487,0.0
GEMEINDE,15084560,Gemeinde Wethau,Erststimmen,D14,FBM,0,487,0.0
GEMEINDE,15084560,Gemeinde Wethau,Erststimmen,D16,dieBasis,0,487,0.0
GEMEINDE,15084560,Gemeinde Wethau,Erststimmen,D21,ÖDP,0,487,0.0
GEMEINDE,15084560,Gemeinde Wethau,Erststimmen,D26,Andere KWV,24,487,4.9281
GEMEINDE,15084560,Gemeinde Wethau,Erststimmen,D27,Andere KWV,0,487,0.0
GEMEINDE,15084560,Gemeinde Wethau,Erststimmen,D28,Andere KWV,0,487,0.0
GEMEINDE,15084560,Gemeinde Wethau,Zweitstimmen,F01,CDU,209,489,42.7403
GEMEINDE,15084560,Gemeinde Wethau,Zweitstimmen,F02,AfD,147,489,30.0613
GEMEINDE,15084560,Gemeinde Wethau,Zweitstimmen,F03,DIE LINKE,39,489,7.9755
GEMEINDE,15084560,Gemeinde Wethau,Zweitstimmen,F04,SPD,28,489,5.726
GEMEINDE,15084560,Gemeinde Wethau,Zweitstimmen,F05,GRÜNE,3,489,0.6135
GEMEINDE,15084560,Gemeinde Wethau,Zweitstimmen,F06,FDP,24,489,4.908
GEMEINDE,15084560,Gemeinde Wethau,Zweitstimmen,F07,FREIE WÄHLER,15,489,3.0675
GEMEINDE,15084560,Gemeinde Wethau,Zweitstimmen,F08,NPD,0,489,0.0
GEMEINDE,15084560,Gemeinde Wethau,Zweitstimmen,F09,Tierschutzpartei,3,489,0.6135
GEMEINDE,15084560,Gemeinde Wethau,Zweitstimmen,F10,Tierschutzallianz,0,489,0.0
GEMEINDE,15084560,Gemeinde Wethau,Zweitstimmen,F11,LKR,0,489,0.0
GEMEINDE,15084560,Gemeinde Wethau,Zweitstimmen,F12,Die PARTEI,3,489,0.6135
GEMEINDE,15084560,Gemeinde Wethau,Zweitstimmen,F13,Gartenpartei,1,489,0.2045
GEMEINDE,15084560,Gemeinde Wethau,Zweitstimmen,F14,FBM,0,489,0.0
GEMEINDE,15084560,Gemeinde Wethau,Zweitstimmen,F15,TIERSCHUTZ hier!,2,489,0.409
GEMEINDE,15084560,Gemeinde Wethau,Zweitstimmen,F16,dieBasis,8,489,1.636
GEMEINDE,15084560,Gemeinde Wethau,Zweitstimmen,F19,Klimaliste ST,1,489,0.2045
GEMEINDE,15084560,Gemeinde Wethau,Zweitstimmen,F21,ÖDP,0,489,0.0
GEMEINDE,15084560,Gemeinde Wethau,Zweitstimmen,F22,Die Humanisten,2,489,0.409
GEMEINDE,15084560,Gemeinde Wethau,Zweitstimmen,F23,Gesundheitsforschung,2,489,0.409
GEMEINDE,15084560,Gemeinde Wethau,Zweitstimmen,F24,PIRATEN,2,489,0.409
GEMEINDE,15084560,Gemeinde Wethau,Zweitstimmen,F25,WiR2020,0,489,0.0
GEMEINDE,15084565,Gemeinde Wetterzeube,Erststimmen,D01,CDU,202,933,21.6506
GEMEINDE,15084565,Gemeinde Wetterzeube,Erststimmen,D02,AfD,291,933,31.1897
GEMEINDE,15084565,Gemeinde Wetterzeube,Erststimmen,D03,DIE LINKE,160,933,17.149
GEMEINDE,15084565,Gemeinde Wetterzeube,Erststimmen,D04,SPD,41,933,4.3944
GEMEINDE,15084565,Gemeinde Wetterzeube,Erststimmen,D05,GRÜNE,29,933,3.1083
GEMEINDE,15084565,Gemeinde Wetterzeube,Erststimmen,D06,FDP,63,933,6.7524
GEMEINDE,15084565,Gemeinde Wetterzeube,Erststimmen,D07,FREIE WÄHLER,110,933,11.7899
GEMEINDE,15084565,Gemeinde Wetterzeube,Erststimmen,D08,NPD,0,933,0.0
GEMEINDE,15084565,Gemeinde Wetterzeube,Erststimmen,D09,Tierschutzpartei,0,933,0.0
GEMEINDE,15084565,Gemeinde Wetterzeube,Erststimmen,D10,Tierschutzallianz,0,933,0.0
GEMEINDE,15084565,Gemeinde Wetterzeube,Erststimmen,D12,Die PARTEI,0,933,0.0
GEMEINDE,15084565,Gemeinde Wetterzeube,Erststimmen,D13,Gartenpartei,0,933,0.0
GEMEINDE,15084565,Gemeinde Wetterzeube,Erststimmen,D14,FBM,0,933,0.0
GEMEINDE,15084565,Gemeinde Wetterzeube,Erststimmen,D16,dieBasis,0,933,0.0
GEMEINDE,15084565,Gemeinde Wetterzeube,Erststimmen,D21,ÖDP,0,933,0.0
GEMEINDE,15084565,Gemeinde Wetterzeube,Erststimmen,D26,Andere KWV,3,933,0.3215
GEMEINDE,15084565,Gemeinde Wetterzeube,Erststimmen,D27,Andere KWV,32,933,3.4298
GEMEINDE,15084565,Gemeinde Wetterzeube,Erststimmen,D28,Andere KWV,2,933,0.2144
GEMEINDE,15084565,Gemeinde Wetterzeube,Zweitstimmen,F01,CDU,302,934,32.334
GEMEINDE,15084565,Gemeinde Wetterzeube,Zweitstimmen,F02,AfD,285,934,30.5139
GEMEINDE,15084565,Gemeinde Wetterzeube,Zweitstimmen,F03,DIE LINKE,105,934,11.242
GEMEINDE,15084565,Gemeinde Wetterzeube,Zweitstimmen,F04,SPD,53,934,5.6745
GEMEINDE,15084565,Gemeinde Wetterzeube,Zweitstimmen,F05,GRÜNE,34,934,3.6403
GEMEINDE,15084565,Gemeinde Wetterzeube,Zweitstimmen,F06,FDP,65,934,6.9593
GEMEINDE,15084565,Gemeinde Wetterzeube,Zweitstimmen,F07,FREIE WÄHLER,28,934,2.9979
GEMEINDE,15084565,Gemeinde Wetterzeube,Zweitstimmen,F08,NPD,3,934,0.3212
GEMEINDE,15084565,Gemeinde Wetterzeube,Zweitstimmen,F09,Tierschutzpartei,14,934,1.4989
GEMEINDE,15084565,Gemeinde Wetterzeube,Zweitstimmen,F10,Tierschutzallianz,0,934,0.0
GEMEINDE,15084565,Gemeinde Wetterzeube,Zweitstimmen,F11,LKR,0,934,0.0
GEMEINDE,15084565,Gemeinde Wetterzeube,Zweitstimmen,F12,Die PARTEI,7,934,0.7495
GEMEINDE,15084565,Gemeinde Wetterzeube,Zweitstimmen,F13,Gartenpartei,13,934,1.3919
GEMEINDE,15084565,Gemeinde Wetterzeube,Zweitstimmen,F14,FBM,2,934,0.2141
GEMEINDE,15084565,Gemeinde Wetterzeube,Zweitstimmen,F15,TIERSCHUTZ hier!,3,934,0.3212
GEMEINDE,15084565,Gemeinde Wetterzeube,Zweitstimmen,F16,dieBasis,8,934,0.8565
GEMEINDE,15084565,Gemeinde Wetterzeube,Zweitstimmen,F19,Klimaliste ST,0,934,0.0
GEMEINDE,15084565,Gemeinde Wetterzeube,Zweitstimmen,F21,ÖDP,0,934,0.0
GEMEINDE,15084565,Gemeinde Wetterzeube,Zweitstimmen,F22,Die Humanisten,1,934,0.1071
GEMEINDE,15084565,Gemeinde Wetterzeube,Zweitstimmen,F23,Gesundheitsforschung,4,934,0.4283
GEMEINDE,15084565,Gemeinde Wetterzeube,Zweitstimmen,F24,PIRATEN,5,934,0.5353
GEMEINDE,15084565,Gemeinde Wetterzeube,Zweitstimmen,F25,WiR2020,2,934,0.2141
GEMEINDE,15084590,Stadt Zeitz,Erststimmen,D01,CDU,2909,11312,25.7161
GEMEINDE,15084590,Stadt Zeitz,Erststimmen,D02,AfD,3066,11312,27.104
GEMEINDE,15084590,Stadt Zeitz,Erststimmen,D03,DIE LINKE,1646,11312,14.5509
GEMEINDE,15084590,Stadt Zeitz,Erststimmen,D04,SPD,722,11312,6.3826
GEMEINDE,15084590,Stadt Zeitz,Erststimmen,D05,GRÜNE,435,11312,3.8455
GEMEINDE,15084590,Stadt Zeitz,Erststimmen,D06,FDP,684,11312,6.0467
GEMEINDE,15084590,Stadt Zeitz,Erststimmen,D07,FREIE WÄHLER,1590,11312,14.0559
GEMEINDE,15084590,Stadt Zeitz,Erststimmen,D08,NPD,0,11312,0.0
GEMEINDE,15084590,Stadt Zeitz,Erststimmen,D09,Tierschutzpartei,0,11312,0.0
GEMEINDE,15084590,Stadt Zeitz,Erststimmen,D10,Tierschutzallianz,0,11312,0.0
GEMEINDE,15084590,Stadt Zeitz,Erststimmen,D12,Die PARTEI,0,11312,0.0
GEMEINDE,15084590,Stadt Zeitz,Erststimmen,D13,Gartenpartei,0,11312,0.0
GEMEINDE,15084590,Stadt Zeitz,Erststimmen,D14,FBM,0,11312,0.0
GEMEINDE,15084590,Stadt Zeitz,Erststimmen,D16,dieBasis,0,11312,0.0
GEMEINDE,15084590,Stadt Zeitz,Erststimmen,D21,ÖDP,0,11312,0.0
GEMEINDE,15084590,Stadt Zeitz,Erststimmen,D26,Andere KWV,17,11312,0.1503
GEMEINDE,15084590,Stadt Zeitz,Erststimmen,D27,Andere KWV,127,11312,1.1227
GEMEINDE,15084590,Stadt Zeitz,Erststimmen,D28,Andere KWV,116,11312,1.0255
GEMEINDE,15084590,Stadt Zeitz,Zweitstimmen,F01,CDU,4154,11326,36.6767
GEMEINDE,15084590,Stadt Zeitz,Zweitstimmen,F02,AfD,3003,11326,26.5142
GEMEINDE,15084590,Stadt Zeitz,Zweitstimmen,F03,DIE LINKE,1225,11326,10.8158
GEMEINDE,15084590,Stadt Zeitz,Zweitstimmen,F04,SPD,733,11326,6.4718
GEMEINDE,15084590,Stadt Zeitz,Zweitstimmen,F05,GRÜNE,381,11326,3.3639
GEMEINDE,15084590,Stadt Zeitz,Zweitstimmen,F06,FDP,655,11326,5.7832
GEMEINDE,15084590,Stadt Zeitz,Zweitstimmen,F07,FREIE WÄHLER,462,11326,4.0791
GEMEINDE,15084590,Stadt Zeitz,Zweitstimmen,F08,NPD,66,11326,0.5827
GEMEINDE,15084590,Stadt Zeitz,Zweitstimmen,F09,Tierschutzpartei,114,11326,1.0065
GEMEINDE,15084590,Stadt Zeitz,Zweitstimmen,F10,Tierschutzallianz,39,11326,0.3443
GEMEINDE,15084590,Stadt Zeitz,Zweitstimmen,F11,LKR,3,11326,0.0265
GEMEINDE,15084590,Stadt Zeitz,Zweitstimmen,F12,Die PARTEI,98,11326,0.8653
GEMEINDE,15084590,Stadt Zeitz,Zweitstimmen,F13,Gartenpartei,91,11326,0.8035
GEMEINDE,15084590,Stadt Zeitz,Zweitstimmen,F14,FBM,7,11326,0.0618
GEMEINDE,15084590,Stadt Zeitz,Zweitstimmen,F15,TIERSCHUTZ hier!,68,11326,0.6004
GEMEINDE,15084590,Stadt Zeitz,Zweitstimmen,F16,dieBasis,121,11326,1.0683
GEMEINDE,15084590,Stadt Zeitz,Zweitstimmen,F19,Klimaliste ST,5,11326,0.0441
GEMEINDE,15084590,Stadt Zeitz,Zweitstimmen,F21,ÖDP,6,11326,0.053
GEMEINDE,15084590,Stadt Zeitz,Zweitstimmen,F22,Die Humanisten,11,11326,0.0971
GEMEINDE,15084590,Stadt Zeitz,Zweitstimmen,F23,Gesundheitsforschung,50,11326,0.4415
GEMEINDE,15084590,Stadt Zeitz,Zweitstimmen,F24,PIRATEN,25,11326,0.2207
GEMEINDE,15084590,Stadt Zeitz,Zweitstimmen,F25,WiR2020,9,11326,0.0795
GEMEINDE,15085040,Stadt Ballenstedt,Erststimmen,D01,CDU,1562,4394,35.5485
GEMEINDE,15085040,Stadt Ballenstedt,Erststimmen,D02,AfD,891,4394,20.2777
GEMEINDE,15085040,Stadt Ballenstedt,Erststimmen,D03,DIE LINKE,541,4394,12.3122
GEMEINDE,15085040,Stadt Ballenstedt,Erststimmen,D04,SPD,517,4394,11.766
GEMEINDE,15085040,Stadt Ballenstedt,Erststimmen,D05,GRÜNE,224,4394,5.0979
GEMEINDE,15085040,Stadt Ballenstedt,Erststimmen,D06,FDP,359,4394,8.1702
GEMEINDE,15085040,Stadt Ballenstedt,Erststimmen,D07,FREIE WÄHLER,300,4394,6.8275
GEMEINDE,15085040,Stadt Ballenstedt,Erststimmen,D08,NPD,0,4394,0.0
GEMEINDE,15085040,Stadt Ballenstedt,Erststimmen,D09,Tierschutzpartei,0,4394,0.0
GEMEINDE,15085040,Stadt Ballenstedt,Erststimmen,D10,Tierschutzallianz,0,4394,0.0
GEMEINDE,15085040,Stadt Ballenstedt,Erststimmen,D12,Die PARTEI,0,4394,0.0
GEMEINDE,15085040,Stadt Ballenstedt,Erststimmen,D13,Gartenpartei,0,4394,0.0
GEMEINDE,15085040,Stadt Ballenstedt,Erststimmen,D14,FBM,0,4394,0.0
GEMEINDE,15085040,Stadt Ballenstedt,Erststimmen,D16,dieBasis,0,4394,0.0
GEMEINDE,15085040,Stadt Ballenstedt,Erststimmen,D21,ÖDP,0,4394,0.0
GEMEINDE,15085040,Stadt Ballenstedt,Erststimmen,D26,Andere KWV,0,4394,0.0
GEMEINDE,15085040,Stadt Ballenstedt,Erststimmen,D27,Andere KWV,0,4394,0.0
GEMEINDE,15085040,Stadt Ballenstedt,Erststimmen,D28,Andere KWV,0,4394,0.0
GEMEINDE,15085040,Stadt Ballenstedt,Zweitstimmen,F01,CDU,1724,4393,39.2443
GEMEINDE,15085040,Stadt Ballenstedt,Zweitstimmen,F02,AfD,854,4393,19.44
GEMEINDE,15085040,Stadt Ballenstedt,Zweitstimmen,F03,DIE LINKE,471,4393,10.7216
GEMEINDE,15085040,Stadt Ballenstedt,Zweitstimmen,F04,SPD,429,4393,9.7655
GEMEINDE,15085040,Stadt Ballenstedt,Zweitstimmen,F05,GRÜNE,198,4393,4.5072
GEMEINDE,15085040,Stadt Ballenstedt,Zweitstimmen,F06,FDP,296,4393,6.738
GEMEINDE,15085040,Stadt Ballenstedt,Zweitstimmen,F07,FREIE WÄHLER,132,4393,3.0048
GEMEINDE,15085040,Stadt Ballenstedt,Zweitstimmen,F08,NPD,15,4393,0.3415
GEMEINDE,15085040,Stadt Ballenstedt,Zweitstimmen,F09,Tierschutzpartei,64,4393,1.4569
GEMEINDE,15085040,Stadt Ballenstedt,Zweitstimmen,F10,Tierschutzallianz,13,4393,0.2959
GEMEINDE,15085040,Stadt Ballenstedt,Zweitstimmen,F11,LKR,0,4393,0.0
GEMEINDE,15085040,Stadt Ballenstedt,Zweitstimmen,F12,Die PARTEI,35,4393,0.7967
GEMEINDE,15085040,Stadt Ballenstedt,Zweitstimmen,F13,Gartenpartei,28,4393,0.6374
GEMEINDE,15085040,Stadt Ballenstedt,Zweitstimmen,F14,FBM,1,4393,0.0228
GEMEINDE,15085040,Stadt Ballenstedt,Zweitstimmen,F15,TIERSCHUTZ hier!,33,4393,0.7512
GEMEINDE,15085040,Stadt Ballenstedt,Zweitstimmen,F16,dieBasis,59,4393,1.343
GEMEINDE,15085040,Stadt Ballenstedt,Zweitstimmen,F19,Klimaliste ST,1,4393,0.0228
GEMEINDE,15085040,Stadt Ballenstedt,Zweitstimmen,F21,ÖDP,1,4393,0.0228
GEMEINDE,15085040,Stadt Ballenstedt,Zweitstimmen,F22,Die Humanisten,7,4393,0.1593
GEMEINDE,15085040,Stadt Ballenstedt,Zweitstimmen,F23,Gesundheitsforschung,15,4393,0.3415
GEMEINDE,15085040,Stadt Ballenstedt,Zweitstimmen,F24,PIRATEN,12,4393,0.2732
GEMEINDE,15085040,Stadt Ballenstedt,Zweitstimmen,F25,WiR2020,5,4393,0.1138
GEMEINDE,15085055,Stadt Blankenburg (Harz),Erststimmen,D01,CDU,3319,9691,34.2483
GEMEINDE,15085055,Stadt Blankenburg (Harz),Erststimmen,D02,AfD,2335,9691,24.0945
GEMEINDE,15085055,Stadt Blankenburg (Harz),Erststimmen,D03,DIE LINKE,1160,9691,11.9699
GEMEINDE,15085055,Stadt Blankenburg (Harz),Erststimmen,D04,SPD,1139,9691,11.7532
GEMEINDE,15085055,Stadt Blankenburg (Harz),Erststimmen,D05,GRÜNE,445,9691,4.5919
GEMEINDE,15085055,Stadt Blankenburg (Harz),Erststimmen,D06,FDP,626,9691,6.4596
GEMEINDE,15085055,Stadt Blankenburg (Harz),Erststimmen,D07,FREIE WÄHLER,667,9691,6.8827
GEMEINDE,15085055,Stadt Blankenburg (Harz),Erststimmen,D08,NPD,0,9691,0.0
GEMEINDE,15085055,Stadt Blankenburg (Harz),Erststimmen,D09,Tierschutzpartei,0,9691,0.0
GEMEINDE,15085055,Stadt Blankenburg (Harz),Erststimmen,D10,Tierschutzallianz,0,9691,0.0
GEMEINDE,15085055,Stadt Blankenburg (Harz),Erststimmen,D12,Die PARTEI,0,9691,0.0
GEMEINDE,15085055,Stadt Blankenburg (Harz),Erststimmen,D13,Gartenpartei,0,9691,0.0
GEMEINDE,15085055,Stadt Blankenburg (Harz),Erststimmen,D14,FBM,0,9691,0.0
GEMEINDE,15085055,Stadt Blankenburg (Harz),Erststimmen,D16,dieBasis,0,9691,0.0
GEMEINDE,15085055,Stadt Blankenburg (Harz),Erststimmen,D21,ÖDP,0,9691,0.0
GEMEINDE,15085055,Stadt Blankenburg (Harz),Erststimmen,D26,Andere KWV,0,9691,0.0
GEMEINDE,15085055,Stadt Blankenburg (Harz),Erststimmen,D27,Andere KWV,0,9691,0.0
GEMEINDE,15085055,Stadt Blankenburg (Harz),Erststimmen,D28,Andere KWV,0,9691,0.0
GEMEINDE,15085055,Stadt Blankenburg (Harz),Zweitstimmen,F01,CDU,3681,9728,37.8392
GEMEINDE,15085055,Stadt Blankenburg (Harz),Zweitstimmen,F02,AfD,2063,9728,21.2068
GEMEINDE,15085055,Stadt Blankenburg (Harz),Zweitstimmen,F03,DIE LINKE,1023,9728,10.516
GEMEINDE,15085055,Stadt Blankenburg (Harz),Zweitstimmen,F04,SPD,970,9728,9.9712
GEMEINDE,15085055,Stadt Blankenburg (Harz),Zweitstimmen,F05,GRÜNE,410,9728,4.2146
GEMEINDE,15085055,Stadt Blankenburg (Harz),Zweitstimmen,F06,FDP,567,9728,5.8285
GEMEINDE,15085055,Stadt Blankenburg (Harz),Zweitstimmen,F07,FREIE WÄHLER,315,9728,3.2381
GEMEINDE,15085055,Stadt Blankenburg (Harz),Zweitstimmen,F08,NPD,17,9728,0.1748
GEMEINDE,15085055,Stadt Blankenburg (Harz),Zweitstimmen,F09,Tierschutzpartei,130,9728,1.3363
GEMEINDE,15085055,Stadt Blankenburg (Harz),Zweitstimmen,F10,Tierschutzallianz,36,9728,0.3701
GEMEINDE,15085055,Stadt Blankenburg (Harz),Zweitstimmen,F11,LKR,6,9728,0.0617
GEMEINDE,15085055,Stadt Blankenburg (Harz),Zweitstimmen,F12,Die PARTEI,82,9728,0.8429
GEMEINDE,15085055,Stadt Blankenburg (Harz),Zweitstimmen,F13,Gartenpartei,57,9728,0.5859
GEMEINDE,15085055,Stadt Blankenburg (Harz),Zweitstimmen,F14,FBM,8,9728,0.0822
GEMEINDE,15085055,Stadt Blankenburg (Harz),Zweitstimmen,F15,TIERSCHUTZ hier!,71,9728,0.7299
GEMEINDE,15085055,Stadt Blankenburg (Harz),Zweitstimmen,F16,dieBasis,184,9728,1.8914
GEMEINDE,15085055,Stadt Blankenburg (Harz),Zweitstimmen,F19,Klimaliste ST,5,9728,0.0514
GEMEINDE,15085055,Stadt Blankenburg (Harz),Zweitstimmen,F21,ÖDP,9,9728,0.0925
GEMEINDE,15085055,Stadt Blankenburg (Harz),Zweitstimmen,F22,Die Humanisten,14,9728,0.1439
GEMEINDE,15085055,Stadt Blankenburg (Harz),Zweitstimmen,F23,Gesundheitsforschung,40,9728,0.4112
GEMEINDE,15085055,Stadt Blankenburg (Harz),Zweitstimmen,F24,PIRATEN,25,9728,0.257
GEMEINDE,15085055,Stadt Blankenburg (Harz),Zweitstimmen,F25,WiR2020,15,9728,0.1542
GEMEINDE,15085090,Gemeinde Ditfurt,Erststimmen,D01,CDU,242,755,32.053
GEMEINDE,15085090,Gemeinde Ditfurt,Erststimmen,D02,AfD,178,755,23.5762
GEMEINDE,15085090,Gemeinde Ditfurt,Erststimmen,D03,DIE LINKE,91,755,12.053
GEMEINDE,15085090,Gemeinde Ditfurt,Erststimmen,D04,SPD,51,755,6.755
GEMEINDE,15085090,Gemeinde Ditfurt,Erststimmen,D05,GRÜNE,45,755,5.9603
GEMEINDE,15085090,Gemeinde Ditfurt,Erststimmen,D06,FDP,101,755,13.3775
GEMEINDE,15085090,Gemeinde Ditfurt,Erststimmen,D07,FREIE WÄHLER,47,755,6.2252
GEMEINDE,15085090,Gemeinde Ditfurt,Erststimmen,D08,NPD,0,755,0.0
GEMEINDE,15085090,Gemeinde Ditfurt,Erststimmen,D09,Tierschutzpartei,0,755,0.0
GEMEINDE,15085090,Gemeinde Ditfurt,Erststimmen,D10,Tierschutzallianz,0,755,0.0
GEMEINDE,15085090,Gemeinde Ditfurt,Erststimmen,D12,Die PARTEI,0,755,0.0
GEMEINDE,15085090,Gemeinde Ditfurt,Erststimmen,D13,Gartenpartei,0,755,0.0
GEMEINDE,15085090,Gemeinde Ditfurt,Erststimmen,D14,FBM,0,755,0.0
GEMEINDE,15085090,Gemeinde Ditfurt,Erststimmen,D16,dieBasis,0,755,0.0
GEMEINDE,15085090,Gemeinde Ditfurt,Erststimmen,D21,ÖDP,0,755,0.0
GEMEINDE,15085090,Gemeinde Ditfurt,Erststimmen,D26,Andere KWV,0,755,0.0
GEMEINDE,15085090,Gemeinde Ditfurt,Erststimmen,D27,Andere KWV,0,755,0.0
GEMEINDE,15085090,Gemeinde Ditfurt,Erststimmen,D28,Andere KWV,0,755,0.0
GEMEINDE,15085090,Gemeinde Ditfurt,Zweitstimmen,F01,CDU,269,756,35.582
GEMEINDE,15085090,Gemeinde Ditfurt,Zweitstimmen,F02,AfD,166,756,21.9577
GEMEINDE,15085090,Gemeinde Ditfurt,Zweitstimmen,F03,DIE LINKE,75,756,9.9206
GEMEINDE,15085090,Gemeinde Ditfurt,Zweitstimmen,F04,SPD,44,756,5.8201
GEMEINDE,15085090,Gemeinde Ditfurt,Zweitstimmen,F05,GRÜNE,35,756,4.6296
GEMEINDE,15085090,Gemeinde Ditfurt,Zweitstimmen,F06,FDP,85,756,11.2434
GEMEINDE,15085090,Gemeinde Ditfurt,Zweitstimmen,F07,FREIE WÄHLER,23,756,3.0423
GEMEINDE,15085090,Gemeinde Ditfurt,Zweitstimmen,F08,NPD,2,756,0.2646
GEMEINDE,15085090,Gemeinde Ditfurt,Zweitstimmen,F09,Tierschutzpartei,13,756,1.7196
GEMEINDE,15085090,Gemeinde Ditfurt,Zweitstimmen,F10,Tierschutzallianz,1,756,0.1323
GEMEINDE,15085090,Gemeinde Ditfurt,Zweitstimmen,F11,LKR,2,756,0.2646
GEMEINDE,15085090,Gemeinde Ditfurt,Zweitstimmen,F12,Die PARTEI,5,756,0.6614
GEMEINDE,15085090,Gemeinde Ditfurt,Zweitstimmen,F13,Gartenpartei,10,756,1.3228
GEMEINDE,15085090,Gemeinde Ditfurt,Zweitstimmen,F14,FBM,1,756,0.1323
GEMEINDE,15085090,Gemeinde Ditfurt,Zweitstimmen,F15,TIERSCHUTZ hier!,18,756,2.381
GEMEINDE,15085090,Gemeinde Ditfurt,Zweitstimmen,F16,dieBasis,2,756,0.2646
GEMEINDE,15085090,Gemeinde Ditfurt,Zweitstimmen,F19,Klimaliste ST,0,756,0.0
GEMEINDE,15085090,Gemeinde Ditfurt,Zweitstimmen,F21,ÖDP,0,756,0.0
GEMEINDE,15085090,Gemeinde Ditfurt,Zweitstimmen,F22,Die Humanisten,0,756,0.0
GEMEINDE,15085090,Gemeinde Ditfurt,Zweitstimmen,F23,Gesundheitsforschung,3,756,0.3968
GEMEINDE,15085090,Gemeinde Ditfurt,Zweitstimmen,F24,PIRATEN,2,756,0.2646
GEMEINDE,15085090,Gemeinde Ditfurt,Zweitstimmen,F25,WiR2020,0,756,0.0
GEMEINDE,15085110,Stadt Falkenstein/Harz,Erststimmen,D01,CDU,913,2780,32.8417
GEMEINDE,15085110,Stadt Falkenstein/Harz,Erststimmen,D02,AfD,608,2780,21.8705
GEMEINDE,15085110,Stadt Falkenstein/Harz,Erststimmen,D03,DIE LINKE,346,2780,12.446
GEMEINDE,15085110,Stadt Falkenstein/Harz,Erststimmen,D04,SPD,217,2780,7.8058
GEMEINDE,15085110,Stadt Falkenstein/Harz,Erststimmen,D05,GRÜNE,104,2780,3.741
GEMEINDE,15085110,Stadt Falkenstein/Harz,Erststimmen,D06,FDP,119,2780,4.2806
GEMEINDE,15085110,Stadt Falkenstein/Harz,Erststimmen,D07,FREIE WÄHLER,460,2780,16.5468
GEMEINDE,15085110,Stadt Falkenstein/Harz,Erststimmen,D08,NPD,0,2780,0.0
GEMEINDE,15085110,Stadt Falkenstein/Harz,Erststimmen,D09,Tierschutzpartei,0,2780,0.0
GEMEINDE,15085110,Stadt Falkenstein/Harz,Erststimmen,D10,Tierschutzallianz,0,2780,0.0
GEMEINDE,15085110,Stadt Falkenstein/Harz,Erststimmen,D12,Die PARTEI,0,2780,0.0
GEMEINDE,15085110,Stadt Falkenstein/Harz,Erststimmen,D13,Gartenpartei,0,2780,0.0
GEMEINDE,15085110,Stadt Falkenstein/Harz,Erststimmen,D14,FBM,13,2780,0.4676
GEMEINDE,15085110,Stadt Falkenstein/Harz,Erststimmen,D16,dieBasis,0,2780,0.0
GEMEINDE,15085110,Stadt Falkenstein/Harz,Erststimmen,D21,ÖDP,0,2780,0.0
GEMEINDE,15085110,Stadt Falkenstein/Harz,Erststimmen,D26,Andere KWV,0,2780,0.0
GEMEINDE,15085110,Stadt Falkenstein/Harz,Erststimmen,D27,Andere KWV,0,2780,0.0
GEMEINDE,15085110,Stadt Falkenstein/Harz,Erststimmen,D28,Andere KWV,0,2780,0.0
GEMEINDE,15085110,Stadt Falkenstein/Harz,Zweitstimmen,F01,CDU,1044,2784,37.5
GEMEINDE,15085110,Stadt Falkenstein/Harz,Zweitstimmen,F02,AfD,630,2784,22.6293
GEMEINDE,15085110,Stadt Falkenstein/Harz,Zweitstimmen,F03,DIE LINKE,343,2784,12.3204
GEMEINDE,15085110,Stadt Falkenstein/Harz,Zweitstimmen,F04,SPD,198,2784,7.1121
GEMEINDE,15085110,Stadt Falkenstein/Harz,Zweitstimmen,F05,GRÜNE,120,2784,4.3103
GEMEINDE,15085110,Stadt Falkenstein/Harz,Zweitstimmen,F06,FDP,138,2784,4.9569
GEMEINDE,15085110,Stadt Falkenstein/Harz,Zweitstimmen,F07,FREIE WÄHLER,187,2784,6.717
GEMEINDE,15085110,Stadt Falkenstein/Harz,Zweitstimmen,F08,NPD,5,2784,0.1796
GEMEINDE,15085110,Stadt Falkenstein/Harz,Zweitstimmen,F09,Tierschutzpartei,28,2784,1.0057
GEMEINDE,15085110,Stadt Falkenstein/Harz,Zweitstimmen,F10,Tierschutzallianz,12,2784,0.431
GEMEINDE,15085110,Stadt Falkenstein/Harz,Zweitstimmen,F11,LKR,1,2784,0.0359
GEMEINDE,15085110,Stadt Falkenstein/Harz,Zweitstimmen,F12,Die PARTEI,9,2784,0.3233
GEMEINDE,15085110,Stadt Falkenstein/Harz,Zweitstimmen,F13,Gartenpartei,8,2784,0.2874
GEMEINDE,15085110,Stadt Falkenstein/Harz,Zweitstimmen,F14,FBM,4,2784,0.1437
GEMEINDE,15085110,Stadt Falkenstein/Harz,Zweitstimmen,F15,TIERSCHUTZ hier!,12,2784,0.431
GEMEINDE,15085110,Stadt Falkenstein/Harz,Zweitstimmen,F16,dieBasis,32,2784,1.1494
GEMEINDE,15085110,Stadt Falkenstein/Harz,Zweitstimmen,F19,Klimaliste ST,0,2784,0.0
GEMEINDE,15085110,Stadt Falkenstein/Harz,Zweitstimmen,F21,ÖDP,0,2784,0.0
GEMEINDE,15085110,Stadt Falkenstein/Harz,Zweitstimmen,F22,Die Humanisten,1,2784,0.0359
GEMEINDE,15085110,Stadt Falkenstein/Harz,Zweitstimmen,F23,Gesundheitsforschung,4,2784,0.1437
GEMEINDE,15085110,Stadt Falkenstein/Harz,Zweitstimmen,F24,PIRATEN,7,2784,0.2514
GEMEINDE,15085110,Stadt Falkenstein/Harz,Zweitstimmen,F25,WiR2020,1,2784,0.0359
GEMEINDE,15085125,Gemeinde Groß Quenstedt,Erststimmen,D01,CDU,155,435,35.6322
GEMEINDE,15085125,Gemeinde Groß Quenstedt,Erststimmen,D02,AfD,94,435,21.6092
GEMEINDE,15085125,Gemeinde Groß Quenstedt,Erststimmen,D03,DIE LINKE,74,435,17.0115
GEMEINDE,15085125,Gemeinde Groß Quenstedt,Erststimmen,D04,SPD,30,435,6.8966
GEMEINDE,15085125,Gemeinde Groß Quenstedt,Erststimmen,D05,GRÜNE,5,435,1.1494
GEMEINDE,15085125,Gemeinde Groß Quenstedt,Erststimmen,D06,FDP,38,435,8.7356
GEMEINDE,15085125,Gemeinde Groß Quenstedt,Erststimmen,D07,FREIE WÄHLER,28,435,6.4368
GEMEINDE,15085125,Gemeinde Groß Quenstedt,Erststimmen,D08,NPD,0,435,0.0
GEMEINDE,15085125,Gemeinde Groß Quenstedt,Erststimmen,D09,Tierschutzpartei,0,435,0.0
GEMEINDE,15085125,Gemeinde Groß Quenstedt,Erststimmen,D10,Tierschutzallianz,0,435,0.0
GEMEINDE,15085125,Gemeinde Groß Quenstedt,Erststimmen,D12,Die PARTEI,0,435,0.0
GEMEINDE,15085125,Gemeinde Groß Quenstedt,Erststimmen,D13,Gartenpartei,0,435,0.0
GEMEINDE,15085125,Gemeinde Groß Quenstedt,Erststimmen,D14,FBM,0,435,0.0
GEMEINDE,15085125,Gemeinde Groß Quenstedt,Erststimmen,D16,dieBasis,8,435,1.8391
GEMEINDE,15085125,Gemeinde Groß Quenstedt,Erststimmen,D21,ÖDP,0,435,0.0
GEMEINDE,15085125,Gemeinde Groß Quenstedt,Erststimmen,D26,Andere KWV,3,435,0.6897
GEMEINDE,15085125,Gemeinde Groß Quenstedt,Erststimmen,D27,Andere KWV,0,435,0.0
GEMEINDE,15085125,Gemeinde Groß Quenstedt,Erststimmen,D28,Andere KWV,0,435,0.0
GEMEINDE,15085125,Gemeinde Groß Quenstedt,Zweitstimmen,F01,CDU,178,431,41.2993
GEMEINDE,15085125,Gemeinde Groß Quenstedt,Zweitstimmen,F02,AfD,86,431,19.9536
GEMEINDE,15085125,Gemeinde Groß Quenstedt,Zweitstimmen,F03,DIE LINKE,44,431,10.2088
GEMEINDE,15085125,Gemeinde Groß Quenstedt,Zweitstimmen,F04,SPD,35,431,8.1206
GEMEINDE,15085125,Gemeinde Groß Quenstedt,Zweitstimmen,F05,GRÜNE,5,431,1.1601
GEMEINDE,15085125,Gemeinde Groß Quenstedt,Zweitstimmen,F06,FDP,40,431,9.2807
GEMEINDE,15085125,Gemeinde Groß Quenstedt,Zweitstimmen,F07,FREIE WÄHLER,22,431,5.1044
GEMEINDE,15085125,Gemeinde Groß Quenstedt,Zweitstimmen,F08,NPD,1,431,0.232
GEMEINDE,15085125,Gemeinde Groß Quenstedt,Zweitstimmen,F09,Tierschutzpartei,2,431,0.464
GEMEINDE,15085125,Gemeinde Groß Quenstedt,Zweitstimmen,F10,Tierschutzallianz,0,431,0.0
GEMEINDE,15085125,Gemeinde Groß Quenstedt,Zweitstimmen,F11,LKR,0,431,0.0
GEMEINDE,15085125,Gemeinde Groß Quenstedt,Zweitstimmen,F12,Die PARTEI,3,431,0.6961
GEMEINDE,15085125,Gemeinde Groß Quenstedt,Zweitstimmen,F13,Gartenpartei,2,431,0.464
GEMEINDE,15085125,Gemeinde Groß Quenstedt,Zweitstimmen,F14,FBM,0,431,0.0
GEMEINDE,15085125,Gemeinde Groß Quenstedt,Zweitstimmen,F15,TIERSCHUTZ hier!,3,431,0.6961
GEMEINDE,15085125,Gemeinde Groß Quenstedt,Zweitstimmen,F16,dieBasis,6,431,1.3921
GEMEINDE,15085125,Gemeinde Groß Quenstedt,Zweitstimmen,F19,Klimaliste ST,0,431,0.0
GEMEINDE,15085125,Gemeinde Groß Quenstedt,Zweitstimmen,F21,ÖDP,1,431,0.232
GEMEINDE,15085125,Gemeinde Groß Quenstedt,Zweitstimmen,F22,Die Humanisten,1,431,0.232
GEMEINDE,15085125,Gemeinde Groß Quenstedt,Zweitstimmen,F23,Gesundheitsforschung,2,431,0.464
GEMEINDE,15085125,Gemeinde Groß Quenstedt,Zweitstimmen,F24,PIRATEN,0,431,0.0
GEMEINDE,15085125,Gemeinde Groß Quenstedt,Zweitstimmen,F25,WiR2020,0,431,0.0
GEMEINDE,15085135,Stadt Halberstadt,Erststimmen,D01,CDU,4782,17512,27.307
GEMEINDE,15085135,Stadt Halberstadt,Erststimmen,D02,AfD,3592,17512,20.5116
GEMEINDE,15085135,Stadt Halberstadt,Erststimmen,D03,DIE LINKE,4245,17512,24.2405
GEMEINDE,15085135,Stadt Halberstadt,Erststimmen,D04,SPD,1550,17512,8.8511
GEMEINDE,15085135,Stadt Halberstadt,Erststimmen,D05,GRÜNE,642,17512,3.6661
GEMEINDE,15085135,Stadt Halberstadt,Erststimmen,D06,FDP,1306,17512,7.4577
GEMEINDE,15085135,Stadt Halberstadt,Erststimmen,D07,FREIE WÄHLER,890,17512,5.0822
GEMEINDE,15085135,Stadt Halberstadt,Erststimmen,D08,NPD,0,17512,0.0
GEMEINDE,15085135,Stadt Halberstadt,Erststimmen,D09,Tierschutzpartei,0,17512,0.0
GEMEINDE,15085135,Stadt Halberstadt,Erststimmen,D10,Tierschutzallianz,0,17512,0.0
GEMEINDE,15085135,Stadt Halberstadt,Erststimmen,D12,Die PARTEI,0,17512,0.0
GEMEINDE,15085135,Stadt Halberstadt,Erststimmen,D13,Gartenpartei,0,17512,0.0
GEMEINDE,15085135,Stadt Halberstadt,Erststimmen,D14,FBM,0,17512,0.0
GEMEINDE,15085135,Stadt Halberstadt,Erststimmen,D16,dieBasis,348,17512,1.9872
GEMEINDE,15085135,Stadt Halberstadt,Erststimmen,D21,ÖDP,0,17512,0.0
GEMEINDE,15085135,Stadt Halberstadt,Erststimmen,D26,Andere KWV,157,17512,0.8965
GEMEINDE,15085135,Stadt Halberstadt,Erststimmen,D27,Andere KWV,0,17512,0.0
GEMEINDE,15085135,Stadt Halberstadt,Erststimmen,D28,Andere KWV,0,17512,0.0
GEMEINDE,15085135,Stadt Halberstadt,Zweitstimmen,F01,CDU,6478,17532,36.9496
GEMEINDE,15085135,Stadt Halberstadt,Zweitstimmen,F02,AfD,3509,17532,20.0148
GEMEINDE,15085135,Stadt Halberstadt,Zweitstimmen,F03,DIE LINKE,2400,17532,13.6893
GEMEINDE,15085135,Stadt Halberstadt,Zweitstimmen,F04,SPD,1478,17532,8.4303
GEMEINDE,15085135,Stadt Halberstadt,Zweitstimmen,F05,GRÜNE,895,17532,5.105
GEMEINDE,15085135,Stadt Halberstadt,Zweitstimmen,F06,FDP,1099,17532,6.2685
GEMEINDE,15085135,Stadt Halberstadt,Zweitstimmen,F07,FREIE WÄHLER,501,17532,2.8576
GEMEINDE,15085135,Stadt Halberstadt,Zweitstimmen,F08,NPD,31,17532,0.1768
GEMEINDE,15085135,Stadt Halberstadt,Zweitstimmen,F09,Tierschutzpartei,218,17532,1.2434
GEMEINDE,15085135,Stadt Halberstadt,Zweitstimmen,F10,Tierschutzallianz,52,17532,0.2966
GEMEINDE,15085135,Stadt Halberstadt,Zweitstimmen,F11,LKR,3,17532,0.0171
GEMEINDE,15085135,Stadt Halberstadt,Zweitstimmen,F12,Die PARTEI,86,17532,0.4905
GEMEINDE,15085135,Stadt Halberstadt,Zweitstimmen,F13,Gartenpartei,121,17532,0.6902
GEMEINDE,15085135,Stadt Halberstadt,Zweitstimmen,F14,FBM,2,17532,0.0114
GEMEINDE,15085135,Stadt Halberstadt,Zweitstimmen,F15,TIERSCHUTZ hier!,88,17532,0.5019
GEMEINDE,15085135,Stadt Halberstadt,Zweitstimmen,F16,dieBasis,362,17532,2.0648
GEMEINDE,15085135,Stadt Halberstadt,Zweitstimmen,F19,Klimaliste ST,12,17532,0.0684
GEMEINDE,15085135,Stadt Halberstadt,Zweitstimmen,F21,ÖDP,18,17532,0.1027
GEMEINDE,15085135,Stadt Halberstadt,Zweitstimmen,F22,Die Humanisten,14,17532,0.0799
GEMEINDE,15085135,Stadt Halberstadt,Zweitstimmen,F23,Gesundheitsforschung,66,17532,0.3765
GEMEINDE,15085135,Stadt Halberstadt,Zweitstimmen,F24,PIRATEN,69,17532,0.3936
GEMEINDE,15085135,Stadt Halberstadt,Zweitstimmen,F25,WiR2020,30,17532,0.1711
GEMEINDE,15085140,Gemeinde Harsleben,Erststimmen,D01,CDU,344,1085,31.7051
GEMEINDE,15085140,Gemeinde Harsleben,Erststimmen,D02,AfD,266,1085,24.5161
GEMEINDE,15085140,Gemeinde Harsleben,Erststimmen,D03,DIE LINKE,141,1085,12.9954
GEMEINDE,15085140,Gemeinde Harsleben,Erststimmen,D04,SPD,139,1085,12.8111
GEMEINDE,15085140,Gemeinde Harsleben,Erststimmen,D05,GRÜNE,51,1085,4.7005
GEMEINDE,15085140,Gemeinde Harsleben,Erststimmen,D06,FDP,75,1085,6.9124
GEMEINDE,15085140,Gemeinde Harsleben,Erststimmen,D07,FREIE WÄHLER,69,1085,6.3594
GEMEINDE,15085140,Gemeinde Harsleben,Erststimmen,D08,NPD,0,1085,0.0
GEMEINDE,15085140,Gemeinde Harsleben,Erststimmen,D09,Tierschutzpartei,0,1085,0.0
GEMEINDE,15085140,Gemeinde Harsleben,Erststimmen,D10,Tierschutzallianz,0,1085,0.0
GEMEINDE,15085140,Gemeinde Harsleben,Erststimmen,D12,Die PARTEI,0,1085,0.0
GEMEINDE,15085140,Gemeinde Harsleben,Erststimmen,D13,Gartenpartei,0,1085,0.0
GEMEINDE,15085140,Gemeinde Harsleben,Erststimmen,D14,FBM,0,1085,0.0
GEMEINDE,15085140,Gemeinde Harsleben,Erststimmen,D16,dieBasis,0,1085,0.0
GEMEINDE,15085140,Gemeinde Harsleben,Erststimmen,D21,ÖDP,0,1085,0.0
GEMEINDE,15085140,Gemeinde Harsleben,Erststimmen,D26,Andere KWV,0,1085,0.0
GEMEINDE,15085140,Gemeinde Harsleben,Erststimmen,D27,Andere KWV,0,1085,0.0
GEMEINDE,15085140,Gemeinde Harsleben,Erststimmen,D28,Andere KWV,0,1085,0.0
GEMEINDE,15085140,Gemeinde Harsleben,Zweitstimmen,F01,CDU,409,1089,37.5574
GEMEINDE,15085140,Gemeinde Harsleben,Zweitstimmen,F02,AfD,236,1089,21.6713
GEMEINDE,15085140,Gemeinde Harsleben,Zweitstimmen,F03,DIE LINKE,116,1089,10.652
GEMEINDE,15085140,Gemeinde Harsleben,Zweitstimmen,F04,SPD,98,1089,8.9991
GEMEINDE,15085140,Gemeinde Harsleben,Zweitstimmen,F05,GRÜNE,46,1089,4.2241
GEMEINDE,15085140,Gemeinde Harsleben,Zweitstimmen,F06,FDP,79,1089,7.2544
GEMEINDE,15085140,Gemeinde Harsleben,Zweitstimmen,F07,FREIE WÄHLER,33,1089,3.0303
GEMEINDE,15085140,Gemeinde Harsleben,Zweitstimmen,F08,NPD,0,1089,0.0
GEMEINDE,15085140,Gemeinde Harsleben,Zweitstimmen,F09,Tierschutzpartei,12,1089,1.1019
GEMEINDE,15085140,Gemeinde Harsleben,Zweitstimmen,F10,Tierschutzallianz,3,1089,0.2755
GEMEINDE,15085140,Gemeinde Harsleben,Zweitstimmen,F11,LKR,0,1089,0.0
GEMEINDE,15085140,Gemeinde Harsleben,Zweitstimmen,F12,Die PARTEI,7,1089,0.6428
GEMEINDE,15085140,Gemeinde Harsleben,Zweitstimmen,F13,Gartenpartei,10,1089,0.9183
GEMEINDE,15085140,Gemeinde Harsleben,Zweitstimmen,F14,FBM,0,1089,0.0
GEMEINDE,15085140,Gemeinde Harsleben,Zweitstimmen,F15,TIERSCHUTZ hier!,11,1089,1.0101
GEMEINDE,15085140,Gemeinde Harsleben,Zweitstimmen,F16,dieBasis,22,1089,2.0202
GEMEINDE,15085140,Gemeinde Harsleben,Zweitstimmen,F19,Klimaliste ST,0,1089,0.0
GEMEINDE,15085140,Gemeinde Harsleben,Zweitstimmen,F21,ÖDP,2,1089,0.1837
GEMEINDE,15085140,Gemeinde Harsleben,Zweitstimmen,F22,Die Humanisten,0,1089,0.0
GEMEINDE,15085140,Gemeinde Harsleben,Zweitstimmen,F23,Gesundheitsforschung,1,1089,0.0918
GEMEINDE,15085140,Gemeinde Harsleben,Zweitstimmen,F24,PIRATEN,2,1089,0.1837
GEMEINDE,15085140,Gemeinde Harsleben,Zweitstimmen,F25,WiR2020,2,1089,0.1837
GEMEINDE,15085145,Stadt Harzgerode,Erststimmen,D01,CDU,1557,3896,39.9641
GEMEINDE,15085145,Stadt Harzgerode,Erststimmen,D02,AfD,821,3896,21.0729
GEMEINDE,15085145,Stadt Harzgerode,Erststimmen,D03,DIE LINKE,453,3896,11.6273
GEMEINDE,15085145,Stadt Harzgerode,Erststimmen,D04,SPD,516,3896,13.2444
GEMEINDE,15085145,Stadt Harzgerode,Erststimmen,D05,GRÜNE,95,3896,2.4384
GEMEINDE,15085145,Stadt Harzgerode,Erststimmen,D06,FDP,217,3896,5.5698
GEMEINDE,15085145,Stadt Harzgerode,Erststimmen,D07,FREIE WÄHLER,172,3896,4.4148
GEMEINDE,15085145,Stadt Harzgerode,Erststimmen,D08,NPD,0,3896,0.0
GEMEINDE,15085145,Stadt Harzgerode,Erststimmen,D09,Tierschutzpartei,0,3896,0.0
GEMEINDE,15085145,Stadt Harzgerode,Erststimmen,D10,Tierschutzallianz,0,3896,0.0
GEMEINDE,15085145,Stadt Harzgerode,Erststimmen,D12,Die PARTEI,0,3896,0.0
GEMEINDE,15085145,Stadt Harzgerode,Erststimmen,D13,Gartenpartei,0,3896,0.0
GEMEINDE,15085145,Stadt Harzgerode,Erststimmen,D14,FBM,0,3896,0.0
GEMEINDE,15085145,Stadt Harzgerode,Erststimmen,D16,dieBasis,65,3896,1.6684
GEMEINDE,15085145,Stadt Harzgerode,Erststimmen,D21,ÖDP,0,3896,0.0
GEMEINDE,15085145,Stadt Harzgerode,Erststimmen,D26,Andere KWV,0,3896,0.0
GEMEINDE,15085145,Stadt Harzgerode,Erststimmen,D27,Andere KWV,0,3896,0.0
GEMEINDE,15085145,Stadt Harzgerode,Erststimmen,D28,Andere KWV,0,3896,0.0
GEMEINDE,15085145,Stadt Harzgerode,Zweitstimmen,F01,CDU,1721,3905,44.0717
GEMEINDE,15085145,Stadt Harzgerode,Zweitstimmen,F02,AfD,777,3905,19.8976
GEMEINDE,15085145,Stadt Harzgerode,Zweitstimmen,F03,DIE LINKE,420,3905,10.7554
GEMEINDE,15085145,Stadt Harzgerode,Zweitstimmen,F04,SPD,359,3905,9.1933
GEMEINDE,15085145,Stadt Harzgerode,Zweitstimmen,F05,GRÜNE,133,3905,3.4059
GEMEINDE,15085145,Stadt Harzgerode,Zweitstimmen,F06,FDP,194,3905,4.968
GEMEINDE,15085145,Stadt Harzgerode,Zweitstimmen,F07,FREIE WÄHLER,107,3905,2.7401
GEMEINDE,15085145,Stadt Harzgerode,Zweitstimmen,F08,NPD,12,3905,0.3073
GEMEINDE,15085145,Stadt Harzgerode,Zweitstimmen,F09,Tierschutzpartei,35,3905,0.8963
GEMEINDE,15085145,Stadt Harzgerode,Zweitstimmen,F10,Tierschutzallianz,8,3905,0.2049
GEMEINDE,15085145,Stadt Harzgerode,Zweitstimmen,F11,LKR,0,3905,0.0
GEMEINDE,15085145,Stadt Harzgerode,Zweitstimmen,F12,Die PARTEI,12,3905,0.3073
GEMEINDE,15085145,Stadt Harzgerode,Zweitstimmen,F13,Gartenpartei,12,3905,0.3073
GEMEINDE,15085145,Stadt Harzgerode,Zweitstimmen,F14,FBM,6,3905,0.1536
GEMEINDE,15085145,Stadt Harzgerode,Zweitstimmen,F15,TIERSCHUTZ hier!,17,3905,0.4353
GEMEINDE,15085145,Stadt Harzgerode,Zweitstimmen,F16,dieBasis,60,3905,1.5365
GEMEINDE,15085145,Stadt Harzgerode,Zweitstimmen,F19,Klimaliste ST,2,3905,0.0512
GEMEINDE,15085145,Stadt Harzgerode,Zweitstimmen,F21,ÖDP,4,3905,0.1024
GEMEINDE,15085145,Stadt Harzgerode,Zweitstimmen,F22,Die Humanisten,3,3905,0.0768
GEMEINDE,15085145,Stadt Harzgerode,Zweitstimmen,F23,Gesundheitsforschung,9,3905,0.2305
GEMEINDE,15085145,Stadt Harzgerode,Zweitstimmen,F24,PIRATEN,11,3905,0.2817
GEMEINDE,15085145,Stadt Harzgerode,Zweitstimmen,F25,WiR2020,3,3905,0.0768
GEMEINDE,15085160,Gemeinde Hedersleben,Erststimmen,D01,CDU,182,623,29.2135
GEMEINDE,15085160,Gemeinde Hedersleben,Erststimmen,D02,AfD,183,623,29.374
GEMEINDE,15085160,Gemeinde Hedersleben,Erststimmen,D03,DIE LINKE,111,623,17.817
GEMEINDE,15085160,Gemeinde Hedersleben,Erststimmen,D04,SPD,51,623,8.1862
GEMEINDE,15085160,Gemeinde Hedersleben,Erststimmen,D05,GRÜNE,11,623,1.7657
GEMEINDE,15085160,Gemeinde Hedersleben,Erststimmen,D06,FDP,62,623,9.9518
GEMEINDE,15085160,Gemeinde Hedersleben,Erststimmen,D07,FREIE WÄHLER,23,623,3.6918
GEMEINDE,15085160,Gemeinde Hedersleben,Erststimmen,D08,NPD,0,623,0.0
GEMEINDE,15085160,Gemeinde Hedersleben,Erststimmen,D09,Tierschutzpartei,0,623,0.0
GEMEINDE,15085160,Gemeinde Hedersleben,Erststimmen,D10,Tierschutzallianz,0,623,0.0
GEMEINDE,15085160,Gemeinde Hedersleben,Erststimmen,D12,Die PARTEI,0,623,0.0
GEMEINDE,15085160,Gemeinde Hedersleben,Erststimmen,D13,Gartenpartei,0,623,0.0
GEMEINDE,15085160,Gemeinde Hedersleben,Erststimmen,D14,FBM,0,623,0.0
GEMEINDE,15085160,Gemeinde Hedersleben,Erststimmen,D16,dieBasis,0,623,0.0
GEMEINDE,15085160,Gemeinde Hedersleben,Erststimmen,D21,ÖDP,0,623,0.0
GEMEINDE,15085160,Gemeinde Hedersleben,Erststimmen,D26,Andere KWV,0,623,0.0
GEMEINDE,15085160,Gemeinde Hedersleben,Erststimmen,D27,Andere KWV,0,623,0.0
GEMEINDE,15085160,Gemeinde Hedersleben,Erststimmen,D28,Andere KWV,0,623,0.0
GEMEINDE,15085160,Gemeinde Hedersleben,Zweitstimmen,F01,CDU,231,624,37.0192
GEMEINDE,15085160,Gemeinde Hedersleben,Zweitstimmen,F02,AfD,186,624,29.8077
GEMEINDE,15085160,Gemeinde Hedersleben,Zweitstimmen,F03,DIE LINKE,58,624,9.2949
GEMEINDE,15085160,Gemeinde Hedersleben,Zweitstimmen,F04,SPD,49,624,7.8526
GEMEINDE,15085160,Gemeinde Hedersleben,Zweitstimmen,F05,GRÜNE,18,624,2.8846
GEMEINDE,15085160,Gemeinde Hedersleben,Zweitstimmen,F06,FDP,41,624,6.5705
GEMEINDE,15085160,Gemeinde Hedersleben,Zweitstimmen,F07,FREIE WÄHLER,9,624,1.4423
GEMEINDE,15085160,Gemeinde Hedersleben,Zweitstimmen,F08,NPD,2,624,0.3205
GEMEINDE,15085160,Gemeinde Hedersleben,Zweitstimmen,F09,Tierschutzpartei,9,624,1.4423
GEMEINDE,15085160,Gemeinde Hedersleben,Zweitstimmen,F10,Tierschutzallianz,1,624,0.1603
GEMEINDE,15085160,Gemeinde Hedersleben,Zweitstimmen,F11,LKR,0,624,0.0
GEMEINDE,15085160,Gemeinde Hedersleben,Zweitstimmen,F12,Die PARTEI,2,624,0.3205
GEMEINDE,15085160,Gemeinde Hedersleben,Zweitstimmen,F13,Gartenpartei,1,624,0.1603
GEMEINDE,15085160,Gemeinde Hedersleben,Zweitstimmen,F14,FBM,1,624,0.1603
GEMEINDE,15085160,Gemeinde Hedersleben,Zweitstimmen,F15,TIERSCHUTZ hier!,5,624,0.8013
GEMEINDE,15085160,Gemeinde Hedersleben,Zweitstimmen,F16,dieBasis,4,624,0.641
GEMEINDE,15085160,Gemeinde Hedersleben,Zweitstimmen,F19,Klimaliste ST,0,624,0.0
GEMEINDE,15085160,Gemeinde Hedersleben,Zweitstimmen,F21,ÖDP,0,624,0.0
GEMEINDE,15085160,Gemeinde Hedersleben,Zweitstimmen,F22,Die Humanisten,1,624,0.1603
GEMEINDE,15085160,Gemeinde Hedersleben,Zweitstimmen,F23,Gesundheitsforschung,5,624,0.8013
GEMEINDE,15085160,Gemeinde Hedersleben,Zweitstimmen,F24,PIRATEN,1,624,0.1603
GEMEINDE,15085160,Gemeinde Hedersleben,Zweitstimmen,F25,WiR2020,0,624,0.0
GEMEINDE,15085185,Gemeinde Huy,Erststimmen,D01,CDU,1624,3540,45.8757
GEMEINDE,15085185,Gemeinde Huy,Erststimmen,D02,AfD,756,3540,21.3559
GEMEINDE,15085185,Gemeinde Huy,Erststimmen,D03,DIE LINKE,495,3540,13.9831
GEMEINDE,15085185,Gemeinde Huy,Erststimmen,D04,SPD,232,3540,6.5537
GEMEINDE,15085185,Gemeinde Huy,Erststimmen,D05,GRÜNE,80,3540,2.2599
GEMEINDE,15085185,Gemeinde Huy,Erststimmen,D06,FDP,171,3540,4.8305
GEMEINDE,15085185,Gemeinde Huy,Erststimmen,D07,FREIE WÄHLER,87,3540,2.4576
GEMEINDE,15085185,Gemeinde Huy,Erststimmen,D08,NPD,0,3540,0.0
GEMEINDE,15085185,Gemeinde Huy,Erststimmen,D09,Tierschutzpartei,0,3540,0.0
GEMEINDE,15085185,Gemeinde Huy,Erststimmen,D10,Tierschutzallianz,0,3540,0.0
GEMEINDE,15085185,Gemeinde Huy,Erststimmen,D12,Die PARTEI,0,3540,0.0
GEMEINDE,15085185,Gemeinde Huy,Erststimmen,D13,Gartenpartei,0,3540,0.0
GEMEINDE,15085185,Gemeinde Huy,Erststimmen,D14,FBM,0,3540,0.0
GEMEINDE,15085185,Gemeinde Huy,Erststimmen,D16,dieBasis,57,3540,1.6102
GEMEINDE,15085185,Gemeinde Huy,Erststimmen,D21,ÖDP,0,3540,0.0
GEMEINDE,15085185,Gemeinde Huy,Erststimmen,D26,Andere KWV,38,3540,1.0734
GEMEINDE,15085185,Gemeinde Huy,Erststimmen,D27,Andere KWV,0,3540,0.0
GEMEINDE,15085185,Gemeinde Huy,Erststimmen,D28,Andere KWV,0,3540,0.0
GEMEINDE,15085185,Gemeinde Huy,Zweitstimmen,F01,CDU,1458,3543,41.1516
GEMEINDE,15085185,Gemeinde Huy,Zweitstimmen,F02,AfD,781,3543,22.0435
GEMEINDE,15085185,Gemeinde Huy,Zweitstimmen,F03,DIE LINKE,379,3543,10.6971
GEMEINDE,15085185,Gemeinde Huy,Zweitstimmen,F04,SPD,282,3543,7.9594
GEMEINDE,15085185,Gemeinde Huy,Zweitstimmen,F05,GRÜNE,130,3543,3.6692
GEMEINDE,15085185,Gemeinde Huy,Zweitstimmen,F06,FDP,197,3543,5.5603
GEMEINDE,15085185,Gemeinde Huy,Zweitstimmen,F07,FREIE WÄHLER,67,3543,1.8911
GEMEINDE,15085185,Gemeinde Huy,Zweitstimmen,F08,NPD,8,3543,0.2258
GEMEINDE,15085185,Gemeinde Huy,Zweitstimmen,F09,Tierschutzpartei,61,3543,1.7217
GEMEINDE,15085185,Gemeinde Huy,Zweitstimmen,F10,Tierschutzallianz,15,3543,0.4234
GEMEINDE,15085185,Gemeinde Huy,Zweitstimmen,F11,LKR,3,3543,0.0847
GEMEINDE,15085185,Gemeinde Huy,Zweitstimmen,F12,Die PARTEI,16,3543,0.4516
GEMEINDE,15085185,Gemeinde Huy,Zweitstimmen,F13,Gartenpartei,38,3543,1.0725
GEMEINDE,15085185,Gemeinde Huy,Zweitstimmen,F14,FBM,1,3543,0.0282
GEMEINDE,15085185,Gemeinde Huy,Zweitstimmen,F15,TIERSCHUTZ hier!,17,3543,0.4798
GEMEINDE,15085185,Gemeinde Huy,Zweitstimmen,F16,dieBasis,59,3543,1.6653
GEMEINDE,15085185,Gemeinde Huy,Zweitstimmen,F19,Klimaliste ST,2,3543,0.0564
GEMEINDE,15085185,Gemeinde Huy,Zweitstimmen,F21,ÖDP,4,3543,0.1129
GEMEINDE,15085185,Gemeinde Huy,Zweitstimmen,F22,Die Humanisten,1,3543,0.0282
GEMEINDE,15085185,Gemeinde Huy,Zweitstimmen,F23,Gesundheitsforschung,11,3543,0.3105
GEMEINDE,15085185,Gemeinde Huy,Zweitstimmen,F24,PIRATEN,9,3543,0.254
GEMEINDE,15085185,Gemeinde Huy,Zweitstimmen,F25,WiR2020,4,3543,0.1129
GEMEINDE,15085190,Stadt Ilsenburg (Harz),Erststimmen,D01,CDU,1449,5101,28.4062
GEMEINDE,15085190,Stadt Ilsenburg (Harz),Erststimmen,D02,AfD,726,5101,14.2325
GEMEINDE,15085190,Stadt Ilsenburg (Harz),Erststimmen,D03,DIE LINKE,425,5101,8.3317
GEMEINDE,15085190,Stadt Ilsenburg (Harz),Erststimmen,D04,SPD,1649,5101,32.327
GEMEINDE,15085190,Stadt Ilsenburg (Harz),Erststimmen,D05,GRÜNE,284,5101,5.5675
GEMEINDE,15085190,Stadt Ilsenburg (Harz),Erststimmen,D06,FDP,318,5101,6.2341
GEMEINDE,15085190,Stadt Ilsenburg (Harz),Erststimmen,D07,FREIE WÄHLER,250,5101,4.901
GEMEINDE,15085190,Stadt Ilsenburg (Harz),Erststimmen,D08,NPD,0,5101,0.0
GEMEINDE,15085190,Stadt Ilsenburg (Harz),Erststimmen,D09,Tierschutzpartei,0,5101,0.0
GEMEINDE,15085190,Stadt Ilsenburg (Harz),Erststimmen,D10,Tierschutzallianz,0,5101,0.0
GEMEINDE,15085190,Stadt Ilsenburg (Harz),Erststimmen,D12,Die PARTEI,0,5101,0.0
GEMEINDE,15085190,Stadt Ilsenburg (Harz),Erststimmen,D13,Gartenpartei,0,5101,0.0
GEMEINDE,15085190,Stadt Ilsenburg (Harz),Erststimmen,D14,FBM,0,5101,0.0
GEMEINDE,15085190,Stadt Ilsenburg (Harz),Erststimmen,D16,dieBasis,0,5101,0.0
GEMEINDE,15085190,Stadt Ilsenburg (Harz),Erststimmen,D21,ÖDP,0,5101,0.0
GEMEINDE,15085190,Stadt Ilsenburg (Harz),Erststimmen,D26,Andere KWV,0,5101,0.0
GEMEINDE,15085190,Stadt Ilsenburg (Harz),Erststimmen,D27,Andere KWV,0,5101,0.0
GEMEINDE,15085190,Stadt Ilsenburg (Harz),Erststimmen,D28,Andere KWV,0,5101,0.0
GEMEINDE,15085190,Stadt Ilsenburg (Harz),Zweitstimmen,F01,CDU,2002,5104,39.2241
GEMEINDE,15085190,Stadt Ilsenburg (Harz),Zweitstimmen,F02,AfD,708,5104,13.8715
GEMEINDE,15085190,Stadt Ilsenburg (Harz),Zweitstimmen,F03,DIE LINKE,459,5104,8.9929
GEMEINDE,15085190,Stadt Ilsenburg (Harz),Zweitstimmen,F04,SPD,853,5104,16.7124
GEMEINDE,15085190,Stadt Ilsenburg (Harz),Zweitstimmen,F05,GRÜNE,282,5104,5.5251
GEMEINDE,15085190,Stadt Ilsenburg (Harz),Zweitstimmen,F06,FDP,308,5104,6.0345
GEMEINDE,15085190,Stadt Ilsenburg (Harz),Zweitstimmen,F07,FREIE WÄHLER,143,5104,2.8017
GEMEINDE,15085190,Stadt Ilsenburg (Harz),Zweitstimmen,F08,NPD,7,5104,0.1371
GEMEINDE,15085190,Stadt Ilsenburg (Harz),Zweitstimmen,F09,Tierschutzpartei,65,5104,1.2735
GEMEINDE,15085190,Stadt Ilsenburg (Harz),Zweitstimmen,F10,Tierschutzallianz,19,5104,0.3723
GEMEINDE,15085190,Stadt Ilsenburg (Harz),Zweitstimmen,F11,LKR,1,5104,0.0196
GEMEINDE,15085190,Stadt Ilsenburg (Harz),Zweitstimmen,F12,Die PARTEI,40,5104,0.7837
GEMEINDE,15085190,Stadt Ilsenburg (Harz),Zweitstimmen,F13,Gartenpartei,28,5104,0.5486
GEMEINDE,15085190,Stadt Ilsenburg (Harz),Zweitstimmen,F14,FBM,5,5104,0.098
GEMEINDE,15085190,Stadt Ilsenburg (Harz),Zweitstimmen,F15,TIERSCHUTZ hier!,28,5104,0.5486
GEMEINDE,15085190,Stadt Ilsenburg (Harz),Zweitstimmen,F16,dieBasis,108,5104,2.116
GEMEINDE,15085190,Stadt Ilsenburg (Harz),Zweitstimmen,F19,Klimaliste ST,7,5104,0.1371
GEMEINDE,15085190,Stadt Ilsenburg (Harz),Zweitstimmen,F21,ÖDP,3,5104,0.0588
GEMEINDE,15085190,Stadt Ilsenburg (Harz),Zweitstimmen,F22,Die Humanisten,5,5104,0.098
GEMEINDE,15085190,Stadt Ilsenburg (Harz),Zweitstimmen,F23,Gesundheitsforschung,15,5104,0.2939
GEMEINDE,15085190,Stadt Ilsenburg (Harz),Zweitstimmen,F24,PIRATEN,15,5104,0.2939
GEMEINDE,15085190,Stadt Ilsenburg (Harz),Zweitstimmen,F25,WiR2020,3,5104,0.0588
GEMEINDE,15085227,Gemeinde Nordharz,Erststimmen,D01,CDU,1445,4109,35.1667
GEMEINDE,15085227,Gemeinde Nordharz,Erststimmen,D02,AfD,771,4109,18.7637
GEMEINDE,15085227,Gemeinde Nordharz,Erststimmen,D03,DIE LINKE,375,4109,9.1263
GEMEINDE,15085227,Gemeinde Nordharz,Erststimmen,D04,SPD,859,4109,20.9053
GEMEINDE,15085227,Gemeinde Nordharz,Erststimmen,D05,GRÜNE,171,4109,4.1616
GEMEINDE,15085227,Gemeinde Nordharz,Erststimmen,D06,FDP,281,4109,6.8386
GEMEINDE,15085227,Gemeinde Nordharz,Erststimmen,D07,FREIE WÄHLER,207,4109,5.0377
GEMEINDE,15085227,Gemeinde Nordharz,Erststimmen,D08,NPD,0,4109,0.0
GEMEINDE,15085227,Gemeinde Nordharz,Erststimmen,D09,Tierschutzpartei,0,4109,0.0
GEMEINDE,15085227,Gemeinde Nordharz,Erststimmen,D10,Tierschutzallianz,0,4109,0.0
GEMEINDE,15085227,Gemeinde Nordharz,Erststimmen,D12,Die PARTEI,0,4109,0.0
GEMEINDE,15085227,Gemeinde Nordharz,Erststimmen,D13,Gartenpartei,0,4109,0.0
GEMEINDE,15085227,Gemeinde Nordharz,Erststimmen,D14,FBM,0,4109,0.0
GEMEINDE,15085227,Gemeinde Nordharz,Erststimmen,D16,dieBasis,0,4109,0.0
GEMEINDE,15085227,Gemeinde Nordharz,Erststimmen,D21,ÖDP,0,4109,0.0
GEMEINDE,15085227,Gemeinde Nordharz,Erststimmen,D26,Andere KWV,0,4109,0.0
GEMEINDE,15085227,Gemeinde Nordharz,Erststimmen,D27,Andere KWV,0,4109,0.0
GEMEINDE,15085227,Gemeinde Nordharz,Erststimmen,D28,Andere KWV,0,4109,0.0
GEMEINDE,15085227,Gemeinde Nordharz,Zweitstimmen,F01,CDU,1657,4116,40.2575
GEMEINDE,15085227,Gemeinde Nordharz,Zweitstimmen,F02,AfD,758,4116,18.4159
GEMEINDE,15085227,Gemeinde Nordharz,Zweitstimmen,F03,DIE LINKE,367,4116,8.9164
GEMEINDE,15085227,Gemeinde Nordharz,Zweitstimmen,F04,SPD,537,4116,13.0466
GEMEINDE,15085227,Gemeinde Nordharz,Zweitstimmen,F05,GRÜNE,167,4116,4.0573
GEMEINDE,15085227,Gemeinde Nordharz,Zweitstimmen,F06,FDP,275,4116,6.6812
GEMEINDE,15085227,Gemeinde Nordharz,Zweitstimmen,F07,FREIE WÄHLER,119,4116,2.8912
GEMEINDE,15085227,Gemeinde Nordharz,Zweitstimmen,F08,NPD,10,4116,0.243
GEMEINDE,15085227,Gemeinde Nordharz,Zweitstimmen,F09,Tierschutzpartei,49,4116,1.1905
GEMEINDE,15085227,Gemeinde Nordharz,Zweitstimmen,F10,Tierschutzallianz,23,4116,0.5588
GEMEINDE,15085227,Gemeinde Nordharz,Zweitstimmen,F11,LKR,1,4116,0.0243
GEMEINDE,15085227,Gemeinde Nordharz,Zweitstimmen,F12,Die PARTEI,13,4116,0.3158
GEMEINDE,15085227,Gemeinde Nordharz,Zweitstimmen,F13,Gartenpartei,20,4116,0.4859
GEMEINDE,15085227,Gemeinde Nordharz,Zweitstimmen,F14,FBM,3,4116,0.0729
GEMEINDE,15085227,Gemeinde Nordharz,Zweitstimmen,F15,TIERSCHUTZ hier!,17,4116,0.413
GEMEINDE,15085227,Gemeinde Nordharz,Zweitstimmen,F16,dieBasis,67,4116,1.6278
GEMEINDE,15085227,Gemeinde Nordharz,Zweitstimmen,F19,Klimaliste ST,2,4116,0.0486
GEMEINDE,15085227,Gemeinde Nordharz,Zweitstimmen,F21,ÖDP,1,4116,0.0243
GEMEINDE,15085227,Gemeinde Nordharz,Zweitstimmen,F22,Die Humanisten,4,4116,0.0972
GEMEINDE,15085227,Gemeinde Nordharz,Zweitstimmen,F23,Gesundheitsforschung,9,4116,0.2187
GEMEINDE,15085227,Gemeinde Nordharz,Zweitstimmen,F24,PIRATEN,13,4116,0.3158
GEMEINDE,15085227,Gemeinde Nordharz,Zweitstimmen,F25,WiR2020,4,4116,0.0972
GEMEINDE,15085228,Stadt Oberharz am Brocken,Erststimmen,D01,CDU,1788,5375,33.2651
GEMEINDE,15085228,Stadt Oberharz am Brocken,Erststimmen,D02,AfD,1230,5375,22.8837
GEMEINDE,15085228,Stadt Oberharz am Brocken,Erststimmen,D03,DIE LINKE,508,5375,9.4512
GEMEINDE,15085228,Stadt Oberharz am Brocken,Erststimmen,D04,SPD,987,5375,18.3628
GEMEINDE,15085228,Stadt Oberharz am Brocken,Erststimmen,D05,GRÜNE,135,5375,2.5116
GEMEINDE,15085228,Stadt Oberharz am Brocken,Erststimmen,D06,FDP,344,5375,6.4
GEMEINDE,15085228,Stadt Oberharz am Brocken,Erststimmen,D07,FREIE WÄHLER,307,5375,5.7116
GEMEINDE,15085228,Stadt Oberharz am Brocken,Erststimmen,D08,NPD,0,5375,0.0
GEMEINDE,15085228,Stadt Oberharz am Brocken,Erststimmen,D09,Tierschutzpartei,0,5375,0.0
GEMEINDE,15085228,Stadt Oberharz am Brocken,Erststimmen,D10,Tierschutzallianz,0,5375,0.0
GEMEINDE,15085228,Stadt Oberharz am Brocken,Erststimmen,D12,Die PARTEI,0,5375,0.0
GEMEINDE,15085228,Stadt Oberharz am Brocken,Erststimmen,D13,Gartenpartei,0,5375,0.0
GEMEINDE,15085228,Stadt Oberharz am Brocken,Erststimmen,D14,FBM,0,5375,0.0
GEMEINDE,15085228,Stadt Oberharz am Brocken,Erststimmen,D16,dieBasis,76,5375,1.414
GEMEINDE,15085228,Stadt Oberharz am Brocken,Erststimmen,D21,ÖDP,0,5375,0.0
GEMEINDE,15085228,Stadt Oberharz am Brocken,Erststimmen,D26,Andere KWV,0,5375,0.0
GEMEINDE,15085228,Stadt Oberharz am Brocken,Erststimmen,D27,Andere KWV,0,5375,0.0
GEMEINDE,15085228,Stadt Oberharz am Brocken,Erststimmen,D28,Andere KWV,0,5375,0.0
GEMEINDE,15085228,Stadt Oberharz am Brocken,Zweitstimmen,F01,CDU,2075,5382,38.5544
GEMEINDE,15085228,Stadt Oberharz am Brocken,Zweitstimmen,F02,AfD,1181,5382,21.9435
GEMEINDE,15085228,Stadt Oberharz am Brocken,Zweitstimmen,F03,DIE LINKE,493,5382,9.1602
GEMEINDE,15085228,Stadt Oberharz am Brocken,Zweitstimmen,F04,SPD,600,5382,11.1483
GEMEINDE,15085228,Stadt Oberharz am Brocken,Zweitstimmen,F05,GRÜNE,192,5382,3.5674
GEMEINDE,15085228,Stadt Oberharz am Brocken,Zweitstimmen,F06,FDP,307,5382,5.7042
GEMEINDE,15085228,Stadt Oberharz am Brocken,Zweitstimmen,F07,FREIE WÄHLER,185,5382,3.4374
GEMEINDE,15085228,Stadt Oberharz am Brocken,Zweitstimmen,F08,NPD,20,5382,0.3716
GEMEINDE,15085228,Stadt Oberharz am Brocken,Zweitstimmen,F09,Tierschutzpartei,64,5382,1.1891
GEMEINDE,15085228,Stadt Oberharz am Brocken,Zweitstimmen,F10,Tierschutzallianz,22,5382,0.4088
GEMEINDE,15085228,Stadt Oberharz am Brocken,Zweitstimmen,F11,LKR,2,5382,0.0372
GEMEINDE,15085228,Stadt Oberharz am Brocken,Zweitstimmen,F12,Die PARTEI,23,5382,0.4274
GEMEINDE,15085228,Stadt Oberharz am Brocken,Zweitstimmen,F13,Gartenpartei,37,5382,0.6875
GEMEINDE,15085228,Stadt Oberharz am Brocken,Zweitstimmen,F14,FBM,7,5382,0.1301
GEMEINDE,15085228,Stadt Oberharz am Brocken,Zweitstimmen,F15,TIERSCHUTZ hier!,41,5382,0.7618
GEMEINDE,15085228,Stadt Oberharz am Brocken,Zweitstimmen,F16,dieBasis,89,5382,1.6537
GEMEINDE,15085228,Stadt Oberharz am Brocken,Zweitstimmen,F19,Klimaliste ST,0,5382,0.0
GEMEINDE,15085228,Stadt Oberharz am Brocken,Zweitstimmen,F21,ÖDP,2,5382,0.0372
GEMEINDE,15085228,Stadt Oberharz am Brocken,Zweitstimmen,F22,Die Humanisten,1,5382,0.0186
GEMEINDE,15085228,Stadt Oberharz am Brocken,Zweitstimmen,F23,Gesundheitsforschung,22,5382,0.4088
GEMEINDE,15085228,Stadt Oberharz am Brocken,Zweitstimmen,F24,PIRATEN,15,5382,0.2787
GEMEINDE,15085228,Stadt Oberharz am Brocken,Zweitstimmen,F25,WiR2020,4,5382,0.0743
GEMEINDE,15085230,Stadt Osterwieck,Erststimmen,D01,CDU,2016,5585,36.0967
GEMEINDE,15085230,Stadt Osterwieck,Erststimmen,D02,AfD,1104,5585,19.7672
GEMEINDE,15085230,Stadt Osterwieck,Erststimmen,D03,DIE LINKE,732,5585,13.1065
GEMEINDE,15085230,Stadt Osterwieck,Erststimmen,D04,SPD,752,5585,13.4646
GEMEINDE,15085230,Stadt Osterwieck,Erststimmen,D05,GRÜNE,329,5585,5.8908
GEMEINDE,15085230,Stadt Osterwieck,Erststimmen,D06,FDP,334,5585,5.9803
GEMEINDE,15085230,Stadt Osterwieck,Erststimmen,D07,FREIE WÄHLER,318,5585,5.6938
GEMEINDE,15085230,Stadt Osterwieck,Erststimmen,D08,NPD,0,5585,0.0
GEMEINDE,15085230,Stadt Osterwieck,Erststimmen,D09,Tierschutzpartei,0,5585,0.0
GEMEINDE,15085230,Stadt Osterwieck,Erststimmen,D10,Tierschutzallianz,0,5585,0.0
GEMEINDE,15085230,Stadt Osterwieck,Erststimmen,D12,Die PARTEI,0,5585,0.0
GEMEINDE,15085230,Stadt Osterwieck,Erststimmen,D13,Gartenpartei,0,5585,0.0
GEMEINDE,15085230,Stadt Osterwieck,Erststimmen,D14,FBM,0,5585,0.0
GEMEINDE,15085230,Stadt Osterwieck,Erststimmen,D16,dieBasis,0,5585,0.0
GEMEINDE,15085230,Stadt Osterwieck,Erststimmen,D21,ÖDP,0,5585,0.0
GEMEINDE,15085230,Stadt Osterwieck,Erststimmen,D26,Andere KWV,0,5585,0.0
GEMEINDE,15085230,Stadt Osterwieck,Erststimmen,D27,Andere KWV,0,5585,0.0
GEMEINDE,15085230,Stadt Osterwieck,Erststimmen,D28,Andere KWV,0,5585,0.0
GEMEINDE,15085230,Stadt Osterwieck,Zweitstimmen,F01,CDU,2201,5602,39.2895
GEMEINDE,15085230,Stadt Osterwieck,Zweitstimmen,F02,AfD,1080,5602,19.2788
GEMEINDE,15085230,Stadt Osterwieck,Zweitstimmen,F03,DIE LINKE,579,5602,10.3356
GEMEINDE,15085230,Stadt Osterwieck,Zweitstimmen,F04,SPD,589,5602,10.5141
GEMEINDE,15085230,Stadt Osterwieck,Zweitstimmen,F05,GRÜNE,294,5602,5.2481
GEMEINDE,15085230,Stadt Osterwieck,Zweitstimmen,F06,FDP,329,5602,5.8729
GEMEINDE,15085230,Stadt Osterwieck,Zweitstimmen,F07,FREIE WÄHLER,162,5602,2.8918
GEMEINDE,15085230,Stadt Osterwieck,Zweitstimmen,F08,NPD,9,5602,0.1607
GEMEINDE,15085230,Stadt Osterwieck,Zweitstimmen,F09,Tierschutzpartei,80,5602,1.4281
GEMEINDE,15085230,Stadt Osterwieck,Zweitstimmen,F10,Tierschutzallianz,23,5602,0.4106
GEMEINDE,15085230,Stadt Osterwieck,Zweitstimmen,F11,LKR,1,5602,0.0179
GEMEINDE,15085230,Stadt Osterwieck,Zweitstimmen,F12,Die PARTEI,24,5602,0.4284
GEMEINDE,15085230,Stadt Osterwieck,Zweitstimmen,F13,Gartenpartei,40,5602,0.714
GEMEINDE,15085230,Stadt Osterwieck,Zweitstimmen,F14,FBM,6,5602,0.1071
GEMEINDE,15085230,Stadt Osterwieck,Zweitstimmen,F15,TIERSCHUTZ hier!,48,5602,0.8568
GEMEINDE,15085230,Stadt Osterwieck,Zweitstimmen,F16,dieBasis,80,5602,1.4281
GEMEINDE,15085230,Stadt Osterwieck,Zweitstimmen,F19,Klimaliste ST,4,5602,0.0714
GEMEINDE,15085230,Stadt Osterwieck,Zweitstimmen,F21,ÖDP,3,5602,0.0536
GEMEINDE,15085230,Stadt Osterwieck,Zweitstimmen,F22,Die Humanisten,5,5602,0.0893
GEMEINDE,15085230,Stadt Osterwieck,Zweitstimmen,F23,Gesundheitsforschung,21,5602,0.3749
GEMEINDE,15085230,Stadt Osterwieck,Zweitstimmen,F24,PIRATEN,17,5602,0.3035
GEMEINDE,15085230,Stadt Osterwieck,Zweitstimmen,F25,WiR2020,7,5602,0.125
GEMEINDE,15085235,Gemeinde Welterbestadt Quedlinburg,Erststimmen,D01,CDU,3428,11061,30.9918
GEMEINDE,15085235,Gemeinde Welterbestadt Quedlinburg,Erststimmen,D02,AfD,1969,11061,17.8013
GEMEINDE,15085235,Gemeinde Welterbestadt Quedlinburg,Erststimmen,D03,DIE LINKE,1408,11061,12.7294
GEMEINDE,15085235,Gemeinde Welterbestadt Quedlinburg,Erststimmen,D04,SPD,1342,11061,12.1327
GEMEINDE,15085235,Gemeinde Welterbestadt Quedlinburg,Erststimmen,D05,GRÜNE,1055,11061,9.538
GEMEINDE,15085235,Gemeinde Welterbestadt Quedlinburg,Erststimmen,D06,FDP,1125,11061,10.1709
GEMEINDE,15085235,Gemeinde Welterbestadt Quedlinburg,Erststimmen,D07,FREIE WÄHLER,734,11061,6.6359
GEMEINDE,15085235,Gemeinde Welterbestadt Quedlinburg,Erststimmen,D08,NPD,0,11061,0.0
GEMEINDE,15085235,Gemeinde Welterbestadt Quedlinburg,Erststimmen,D09,Tierschutzpartei,0,11061,0.0
GEMEINDE,15085235,Gemeinde Welterbestadt Quedlinburg,Erststimmen,D10,Tierschutzallianz,0,11061,0.0
GEMEINDE,15085235,Gemeinde Welterbestadt Quedlinburg,Erststimmen,D12,Die PARTEI,0,11061,0.0
GEMEINDE,15085235,Gemeinde Welterbestadt Quedlinburg,Erststimmen,D13,Gartenpartei,0,11061,0.0
GEMEINDE,15085235,Gemeinde Welterbestadt Quedlinburg,Erststimmen,D14,FBM,0,11061,0.0
GEMEINDE,15085235,Gemeinde Welterbestadt Quedlinburg,Erststimmen,D16,dieBasis,0,11061,0.0
GEMEINDE,15085235,Gemeinde Welterbestadt Quedlinburg,Erststimmen,D21,ÖDP,0,11061,0.0
GEMEINDE,15085235,Gemeinde Welterbestadt Quedlinburg,Erststimmen,D26,Andere KWV,0,11061,0.0
GEMEINDE,15085235,Gemeinde Welterbestadt Quedlinburg,Erststimmen,D27,Andere KWV,0,11061,0.0
GEMEINDE,15085235,Gemeinde Welterbestadt Quedlinburg,Erststimmen,D28,Andere KWV,0,11061,0.0
GEMEINDE,15085235,Gemeinde Welterbestadt Quedlinburg,Zweitstimmen,F01,CDU,3997,11086,36.0545
GEMEINDE,15085235,Gemeinde Welterbestadt Quedlinburg,Zweitstimmen,F02,AfD,1909,11086,17.2199
GEMEINDE,15085235,Gemeinde Welterbestadt Quedlinburg,Zweitstimmen,F03,DIE LINKE,1266,11086,11.4198
GEMEINDE,15085235,Gemeinde Welterbestadt Quedlinburg,Zweitstimmen,F04,SPD,1113,11086,10.0397
GEMEINDE,15085235,Gemeinde Welterbestadt Quedlinburg,Zweitstimmen,F05,GRÜNE,897,11086,8.0913
GEMEINDE,15085235,Gemeinde Welterbestadt Quedlinburg,Zweitstimmen,F06,FDP,808,11086,7.2885
GEMEINDE,15085235,Gemeinde Welterbestadt Quedlinburg,Zweitstimmen,F07,FREIE WÄHLER,335,11086,3.0218
GEMEINDE,15085235,Gemeinde Welterbestadt Quedlinburg,Zweitstimmen,F08,NPD,22,11086,0.1984
GEMEINDE,15085235,Gemeinde Welterbestadt Quedlinburg,Zweitstimmen,F09,Tierschutzpartei,152,11086,1.3711
GEMEINDE,15085235,Gemeinde Welterbestadt Quedlinburg,Zweitstimmen,F10,Tierschutzallianz,37,11086,0.3338
GEMEINDE,15085235,Gemeinde Welterbestadt Quedlinburg,Zweitstimmen,F11,LKR,0,11086,0.0
GEMEINDE,15085235,Gemeinde Welterbestadt Quedlinburg,Zweitstimmen,F12,Die PARTEI,84,11086,0.7577
GEMEINDE,15085235,Gemeinde Welterbestadt Quedlinburg,Zweitstimmen,F13,Gartenpartei,82,11086,0.7397
GEMEINDE,15085235,Gemeinde Welterbestadt Quedlinburg,Zweitstimmen,F14,FBM,3,11086,0.0271
GEMEINDE,15085235,Gemeinde Welterbestadt Quedlinburg,Zweitstimmen,F15,TIERSCHUTZ hier!,57,11086,0.5142
GEMEINDE,15085235,Gemeinde Welterbestadt Quedlinburg,Zweitstimmen,F16,dieBasis,209,11086,1.8853
GEMEINDE,15085235,Gemeinde Welterbestadt Quedlinburg,Zweitstimmen,F19,Klimaliste ST,4,11086,0.0361
GEMEINDE,15085235,Gemeinde Welterbestadt Quedlinburg,Zweitstimmen,F21,ÖDP,11,11086,0.0992
GEMEINDE,15085235,Gemeinde Welterbestadt Quedlinburg,Zweitstimmen,F22,Die Humanisten,11,11086,0.0992
GEMEINDE,15085235,Gemeinde Welterbestadt Quedlinburg,Zweitstimmen,F23,Gesundheitsforschung,36,11086,0.3247
GEMEINDE,15085235,Gemeinde Welterbestadt Quedlinburg,Zweitstimmen,F24,PIRATEN,41,11086,0.3698
GEMEINDE,15085235,Gemeinde Welterbestadt Quedlinburg,Zweitstimmen,F25,WiR2020,12,11086,0.1082
GEMEINDE,15085285,Stadt Schwanebeck,Erststimmen,D01,CDU,290,1085,26.7281
GEMEINDE,15085285,Stadt Schwanebeck,Erststimmen,D02,AfD,364,1085,33.5484
GEMEINDE,15085285,Stadt Schwanebeck,Erststimmen,D03,DIE LINKE,216,1085,19.9078
GEMEINDE,15085285,Stadt Schwanebeck,Erststimmen,D04,SPD,76,1085,7.0046
GEMEINDE,15085285,Stadt Schwanebeck,Erststimmen,D05,GRÜNE,23,1085,2.1198
GEMEINDE,15085285,Stadt Schwanebeck,Erststimmen,D06,FDP,54,1085,4.977
GEMEINDE,15085285,Stadt Schwanebeck,Erststimmen,D07,FREIE WÄHLER,35,1085,3.2258
GEMEINDE,15085285,Stadt Schwanebeck,Erststimmen,D08,NPD,0,1085,0.0
GEMEINDE,15085285,Stadt Schwanebeck,Erststimmen,D09,Tierschutzpartei,0,1085,0.0
GEMEINDE,15085285,Stadt Schwanebeck,Erststimmen,D10,Tierschutzallianz,0,1085,0.0
GEMEINDE,15085285,Stadt Schwanebeck,Erststimmen,D12,Die PARTEI,0,1085,0.0
GEMEINDE,15085285,Stadt Schwanebeck,Erststimmen,D13,Gartenpartei,0,1085,0.0
GEMEINDE,15085285,Stadt Schwanebeck,Erststimmen,D14,FBM,0,1085,0.0
GEMEINDE,15085285,Stadt Schwanebeck,Erststimmen,D16,dieBasis,22,1085,2.0276
GEMEINDE,15085285,Stadt Schwanebeck,Erststimmen,D21,ÖDP,0,1085,0.0
GEMEINDE,15085285,Stadt Schwanebeck,Erststimmen,D26,Andere KWV,5,1085,0.4608
GEMEINDE,15085285,Stadt Schwanebeck,Erststimmen,D27,Andere KWV,0,1085,0.0
GEMEINDE,15085285,Stadt Schwanebeck,Erststimmen,D28,Andere KWV,0,1085,0.0
GEMEINDE,15085285,Stadt Schwanebeck,Zweitstimmen,F01,CDU,354,1086,32.5967
GEMEINDE,15085285,Stadt Schwanebeck,Zweitstimmen,F02,AfD,349,1086,32.1363
GEMEINDE,15085285,Stadt Schwanebeck,Zweitstimmen,F03,DIE LINKE,127,1086,11.6943
GEMEINDE,15085285,Stadt Schwanebeck,Zweitstimmen,F04,SPD,76,1086,6.9982
GEMEINDE,15085285,Stadt Schwanebeck,Zweitstimmen,F05,GRÜNE,31,1086,2.8545
GEMEINDE,15085285,Stadt Schwanebeck,Zweitstimmen,F06,FDP,48,1086,4.4199
GEMEINDE,15085285,Stadt Schwanebeck,Zweitstimmen,F07,FREIE WÄHLER,33,1086,3.0387
GEMEINDE,15085285,Stadt Schwanebeck,Zweitstimmen,F08,NPD,3,1086,0.2762
GEMEINDE,15085285,Stadt Schwanebeck,Zweitstimmen,F09,Tierschutzpartei,14,1086,1.2891
GEMEINDE,15085285,Stadt Schwanebeck,Zweitstimmen,F10,Tierschutzallianz,1,1086,0.0921
GEMEINDE,15085285,Stadt Schwanebeck,Zweitstimmen,F11,LKR,0,1086,0.0
GEMEINDE,15085285,Stadt Schwanebeck,Zweitstimmen,F12,Die PARTEI,6,1086,0.5525
GEMEINDE,15085285,Stadt Schwanebeck,Zweitstimmen,F13,Gartenpartei,5,1086,0.4604
GEMEINDE,15085285,Stadt Schwanebeck,Zweitstimmen,F14,FBM,0,1086,0.0
GEMEINDE,15085285,Stadt Schwanebeck,Zweitstimmen,F15,TIERSCHUTZ hier!,6,1086,0.5525
GEMEINDE,15085285,Stadt Schwanebeck,Zweitstimmen,F16,dieBasis,26,1086,2.3941
GEMEINDE,15085285,Stadt Schwanebeck,Zweitstimmen,F19,Klimaliste ST,0,1086,0.0
GEMEINDE,15085285,Stadt Schwanebeck,Zweitstimmen,F21,ÖDP,0,1086,0.0
GEMEINDE,15085285,Stadt Schwanebeck,Zweitstimmen,F22,Die Humanisten,0,1086,0.0
GEMEINDE,15085285,Stadt Schwanebeck,Zweitstimmen,F23,Gesundheitsforschung,1,1086,0.0921
GEMEINDE,15085285,Stadt Schwanebeck,Zweitstimmen,F24,PIRATEN,2,1086,0.1842
GEMEINDE,15085285,Stadt Schwanebeck,Zweitstimmen,F25,WiR2020,4,1086,0.3683
GEMEINDE,15085287,Gemeinde Selke-Aue,Erststimmen,D01,CDU,259,725,35.7241
GEMEINDE,15085287,Gemeinde Selke-Aue,Erststimmen,D02,AfD,169,725,23.3103
GEMEINDE,15085287,Gemeinde Selke-Aue,Erststimmen,D03,DIE LINKE,116,725,16.0
GEMEINDE,15085287,Gemeinde Selke-Aue,Erststimmen,D04,SPD,65,725,8.9655
GEMEINDE,15085287,Gemeinde Selke-Aue,Erststimmen,D05,GRÜNE,26,725,3.5862
GEMEINDE,15085287,Gemeinde Selke-Aue,Erststimmen,D06,FDP,54,725,7.4483
GEMEINDE,15085287,Gemeinde Selke-Aue,Erststimmen,D07,FREIE WÄHLER,36,725,4.9655
GEMEINDE,15085287,Gemeinde Selke-Aue,Erststimmen,D08,NPD,0,725,0.0
GEMEINDE,15085287,Gemeinde Selke-Aue,Erststimmen,D09,Tierschutzpartei,0,725,0.0
GEMEINDE,15085287,Gemeinde Selke-Aue,Erststimmen,D10,Tierschutzallianz,0,725,0.0
GEMEINDE,15085287,Gemeinde Selke-Aue,Erststimmen,D12,Die PARTEI,0,725,0.0
GEMEINDE,15085287,Gemeinde Selke-Aue,Erststimmen,D13,Gartenpartei,0,725,0.0
GEMEINDE,15085287,Gemeinde Selke-Aue,Erststimmen,D14,FBM,0,725,0.0
GEMEINDE,15085287,Gemeinde Selke-Aue,Erststimmen,D16,dieBasis,0,725,0.0
GEMEINDE,15085287,Gemeinde Selke-Aue,Erststimmen,D21,ÖDP,0,725,0.0
GEMEINDE,15085287,Gemeinde Selke-Aue,Erststimmen,D26,Andere KWV,0,725,0.0
GEMEINDE,15085287,Gemeinde Selke-Aue,Erststimmen,D27,Andere KWV,0,725,0.0
GEMEINDE,15085287,Gemeinde Selke-Aue,Erststimmen,D28,Andere KWV,0,725,0.0
GEMEINDE,15085287,Gemeinde Selke-Aue,Zweitstimmen,F01,CDU,280,727,38.5144
GEMEINDE,15085287,Gemeinde Selke-Aue,Zweitstimmen,F02,AfD,169,727,23.2462
GEMEINDE,15085287,Gemeinde Selke-Aue,Zweitstimmen,F03,DIE LINKE,85,727,11.6919
GEMEINDE,15085287,Gemeinde Selke-Aue,Zweitstimmen,F04,SPD,57,727,7.8404
GEMEINDE,15085287,Gemeinde Selke-Aue,Zweitstimmen,F05,GRÜNE,26,727,3.5763
GEMEINDE,15085287,Gemeinde Selke-Aue,Zweitstimmen,F06,FDP,59,727,8.1155
GEMEINDE,15085287,Gemeinde Selke-Aue,Zweitstimmen,F07,FREIE WÄHLER,23,727,3.1637
GEMEINDE,15085287,Gemeinde Selke-Aue,Zweitstimmen,F08,NPD,4,727,0.5502
GEMEINDE,15085287,Gemeinde Selke-Aue,Zweitstimmen,F09,Tierschutzpartei,4,727,0.5502
GEMEINDE,15085287,Gemeinde Selke-Aue,Zweitstimmen,F10,Tierschutzallianz,1,727,0.1376
GEMEINDE,15085287,Gemeinde Selke-Aue,Zweitstimmen,F11,LKR,0,727,0.0
GEMEINDE,15085287,Gemeinde Selke-Aue,Zweitstimmen,F12,Die PARTEI,4,727,0.5502
GEMEINDE,15085287,Gemeinde Selke-Aue,Zweitstimmen,F13,Gartenpartei,6,727,0.8253
GEMEINDE,15085287,Gemeinde Selke-Aue,Zweitstimmen,F14,FBM,0,727,0.0
GEMEINDE,15085287,Gemeinde Selke-Aue,Zweitstimmen,F15,TIERSCHUTZ hier!,3,727,0.4127
GEMEINDE,15085287,Gemeinde Selke-Aue,Zweitstimmen,F16,dieBasis,1,727,0.1376
GEMEINDE,15085287,Gemeinde Selke-Aue,Zweitstimmen,F19,Klimaliste ST,0,727,0.0
GEMEINDE,15085287,Gemeinde Selke-Aue,Zweitstimmen,F21,ÖDP,0,727,0.0
GEMEINDE,15085287,Gemeinde Selke-Aue,Zweitstimmen,F22,Die Humanisten,0,727,0.0
GEMEINDE,15085287,Gemeinde Selke-Aue,Zweitstimmen,F23,Gesundheitsforschung,2,727,0.2751
GEMEINDE,15085287,Gemeinde Selke-Aue,Zweitstimmen,F24,PIRATEN,1,727,0.1376
GEMEINDE,15085287,Gemeinde Selke-Aue,Zweitstimmen,F25,WiR2020,2,727,0.2751
GEMEINDE,15085330,Stadt Thale,Erststimmen,D01,CDU,3005,8358,35.9536
GEMEINDE,15085330,Stadt Thale,Erststimmen,D02,AfD,1975,8358,23.6301
GEMEINDE,15085330,Stadt Thale,Erststimmen,D03,DIE LINKE,897,8358,10.7322
GEMEINDE,15085330,Stadt Thale,Erststimmen,D04,SPD,708,8358,8.4709
GEMEINDE,15085330,Stadt Thale,Erststimmen,D05,GRÜNE,380,8358,4.5465
GEMEINDE,15085330,Stadt Thale,Erststimmen,D06,FDP,593,8358,7.095
GEMEINDE,15085330,Stadt Thale,Erststimmen,D07,FREIE WÄHLER,800,8358,9.5717
GEMEINDE,15085330,Stadt Thale,Erststimmen,D08,NPD,0,8358,0.0
GEMEINDE,15085330,Stadt Thale,Erststimmen,D09,Tierschutzpartei,0,8358,0.0
GEMEINDE,15085330,Stadt Thale,Erststimmen,D10,Tierschutzallianz,0,8358,0.0
GEMEINDE,15085330,Stadt Thale,Erststimmen,D12,Die PARTEI,0,8358,0.0
GEMEINDE,15085330,Stadt Thale,Erststimmen,D13,Gartenpartei,0,8358,0.0
GEMEINDE,15085330,Stadt Thale,Erststimmen,D14,FBM,0,8358,0.0
GEMEINDE,15085330,Stadt Thale,Erststimmen,D16,dieBasis,0,8358,0.0
GEMEINDE,15085330,Stadt Thale,Erststimmen,D21,ÖDP,0,8358,0.0
GEMEINDE,15085330,Stadt Thale,Erststimmen,D26,Andere KWV,0,8358,0.0
GEMEINDE,15085330,Stadt Thale,Erststimmen,D27,Andere KWV,0,8358,0.0
GEMEINDE,15085330,Stadt Thale,Erststimmen,D28,Andere KWV,0,8358,0.0
GEMEINDE,15085330,Stadt Thale,Zweitstimmen,F01,CDU,3394,8373,40.5351
GEMEINDE,15085330,Stadt Thale,Zweitstimmen,F02,AfD,1792,8373,21.4021
GEMEINDE,15085330,Stadt Thale,Zweitstimmen,F03,DIE LINKE,815,8373,9.7337
GEMEINDE,15085330,Stadt Thale,Zweitstimmen,F04,SPD,608,8373,7.2614
GEMEINDE,15085330,Stadt Thale,Zweitstimmen,F05,GRÜNE,326,8373,3.8935
GEMEINDE,15085330,Stadt Thale,Zweitstimmen,F06,FDP,520,8373,6.2104
GEMEINDE,15085330,Stadt Thale,Zweitstimmen,F07,FREIE WÄHLER,400,8373,4.7773
GEMEINDE,15085330,Stadt Thale,Zweitstimmen,F08,NPD,15,8373,0.1791
GEMEINDE,15085330,Stadt Thale,Zweitstimmen,F09,Tierschutzpartei,106,8373,1.266
GEMEINDE,15085330,Stadt Thale,Zweitstimmen,F10,Tierschutzallianz,21,8373,0.2508
GEMEINDE,15085330,Stadt Thale,Zweitstimmen,F11,LKR,4,8373,0.0478
GEMEINDE,15085330,Stadt Thale,Zweitstimmen,F12,Die PARTEI,43,8373,0.5136
GEMEINDE,15085330,Stadt Thale,Zweitstimmen,F13,Gartenpartei,57,8373,0.6808
GEMEINDE,15085330,Stadt Thale,Zweitstimmen,F14,FBM,8,8373,0.0955
GEMEINDE,15085330,Stadt Thale,Zweitstimmen,F15,TIERSCHUTZ hier!,45,8373,0.5374
GEMEINDE,15085330,Stadt Thale,Zweitstimmen,F16,dieBasis,139,8373,1.6601
GEMEINDE,15085330,Stadt Thale,Zweitstimmen,F19,Klimaliste ST,1,8373,0.0119
GEMEINDE,15085330,Stadt Thale,Zweitstimmen,F21,ÖDP,9,8373,0.1075
GEMEINDE,15085330,Stadt Thale,Zweitstimmen,F22,Die Humanisten,7,8373,0.0836
GEMEINDE,15085330,Stadt Thale,Zweitstimmen,F23,Gesundheitsforschung,29,8373,0.3464
GEMEINDE,15085330,Stadt Thale,Zweitstimmen,F24,PIRATEN,26,8373,0.3105
GEMEINDE,15085330,Stadt Thale,Zweitstimmen,F25,WiR2020,8,8373,0.0955
GEMEINDE,15085365,Stadt Wegeleben,Erststimmen,D01,CDU,379,1103,34.3608
GEMEINDE,15085365,Stadt Wegeleben,Erststimmen,D02,AfD,242,1103,21.9402
GEMEINDE,15085365,Stadt Wegeleben,Erststimmen,D03,DIE LINKE,183,1103,16.5911
GEMEINDE,15085365,Stadt Wegeleben,Erststimmen,D04,SPD,107,1103,9.7008
GEMEINDE,15085365,Stadt Wegeleben,Erststimmen,D05,GRÜNE,51,1103,4.6238
GEMEINDE,15085365,Stadt Wegeleben,Erststimmen,D06,FDP,74,1103,6.709
GEMEINDE,15085365,Stadt Wegeleben,Erststimmen,D07,FREIE WÄHLER,67,1103,6.0743
GEMEINDE,15085365,Stadt Wegeleben,Erststimmen,D08,NPD,0,1103,0.0
GEMEINDE,15085365,Stadt Wegeleben,Erststimmen,D09,Tierschutzpartei,0,1103,0.0
GEMEINDE,15085365,Stadt Wegeleben,Erststimmen,D10,Tierschutzallianz,0,1103,0.0
GEMEINDE,15085365,Stadt Wegeleben,Erststimmen,D12,Die PARTEI,0,1103,0.0
GEMEINDE,15085365,Stadt Wegeleben,Erststimmen,D13,Gartenpartei,0,1103,0.0
GEMEINDE,15085365,Stadt Wegeleben,Erststimmen,D14,FBM,0,1103,0.0
GEMEINDE,15085365,Stadt Wegeleben,Erststimmen,D16,dieBasis,0,1103,0.0
GEMEINDE,15085365,Stadt Wegeleben,Erststimmen,D21,ÖDP,0,1103,0.0
GEMEINDE,15085365,Stadt Wegeleben,Erststimmen,D26,Andere KWV,0,1103,0.0
GEMEINDE,15085365,Stadt Wegeleben,Erststimmen,D27,Andere KWV,0,1103,0.0
GEMEINDE,15085365,Stadt Wegeleben,Erststimmen,D28,Andere KWV,0,1103,0.0
GEMEINDE,15085365,Stadt Wegeleben,Zweitstimmen,F01,CDU,400,1098,36.4299
GEMEINDE,15085365,Stadt Wegeleben,Zweitstimmen,F02,AfD,227,1098,20.674
GEMEINDE,15085365,Stadt Wegeleben,Zweitstimmen,F03,DIE LINKE,146,1098,13.2969
GEMEINDE,15085365,Stadt Wegeleben,Zweitstimmen,F04,SPD,91,1098,8.2878
GEMEINDE,15085365,Stadt Wegeleben,Zweitstimmen,F05,GRÜNE,46,1098,4.1894
GEMEINDE,15085365,Stadt Wegeleben,Zweitstimmen,F06,FDP,72,1098,6.5574
GEMEINDE,15085365,Stadt Wegeleben,Zweitstimmen,F07,FREIE WÄHLER,43,1098,3.9162
GEMEINDE,15085365,Stadt Wegeleben,Zweitstimmen,F08,NPD,2,1098,0.1821
GEMEINDE,15085365,Stadt Wegeleben,Zweitstimmen,F09,Tierschutzpartei,15,1098,1.3661
GEMEINDE,15085365,Stadt Wegeleben,Zweitstimmen,F10,Tierschutzallianz,4,1098,0.3643
GEMEINDE,15085365,Stadt Wegeleben,Zweitstimmen,F11,LKR,0,1098,0.0
GEMEINDE,15085365,Stadt Wegeleben,Zweitstimmen,F12,Die PARTEI,6,1098,0.5464
GEMEINDE,15085365,Stadt Wegeleben,Zweitstimmen,F13,Gartenpartei,8,1098,0.7286
GEMEINDE,15085365,Stadt Wegeleben,Zweitstimmen,F14,FBM,0,1098,0.0
GEMEINDE,15085365,Stadt Wegeleben,Zweitstimmen,F15,TIERSCHUTZ hier!,8,1098,0.7286
GEMEINDE,15085365,Stadt Wegeleben,Zweitstimmen,F16,dieBasis,17,1098,1.5483
GEMEINDE,15085365,Stadt Wegeleben,Zweitstimmen,F19,Klimaliste ST,0,1098,0.0
GEMEINDE,15085365,Stadt Wegeleben,Zweitstimmen,F21,ÖDP,1,1098,0.0911
GEMEINDE,15085365,Stadt Wegeleben,Zweitstimmen,F22,Die Humanisten,2,1098,0.1821
GEMEINDE,15085365,Stadt Wegeleben,Zweitstimmen,F23,Gesundheitsforschung,5,1098,0.4554
GEMEINDE,15085365,Stadt Wegeleben,Zweitstimmen,F24,PIRATEN,3,1098,0.2732
GEMEINDE,15085365,Stadt Wegeleben,Zweitstimmen,F25,WiR2020,2,1098,0.1821
GEMEINDE,15085370,Stadt Wernigerode,Erststimmen,D01,CDU,4473,16448,27.1948
GEMEINDE,15085370,Stadt Wernigerode,Erststimmen,D02,AfD,2679,16448,16.2877
GEMEINDE,15085370,Stadt Wernigerode,Erststimmen,D03,DIE LINKE,1793,16448,10.901
GEMEINDE,15085370,Stadt Wernigerode,Erststimmen,D04,SPD,4763,16448,28.9579
GEMEINDE,15085370,Stadt Wernigerode,Erststimmen,D05,GRÜNE,737,16448,4.4808
GEMEINDE,15085370,Stadt Wernigerode,Erststimmen,D06,FDP,1051,16448,6.3898
GEMEINDE,15085370,Stadt Wernigerode,Erststimmen,D07,FREIE WÄHLER,645,16448,3.9214
GEMEINDE,15085370,Stadt Wernigerode,Erststimmen,D08,NPD,0,16448,0.0
GEMEINDE,15085370,Stadt Wernigerode,Erststimmen,D09,Tierschutzpartei,0,16448,0.0
GEMEINDE,15085370,Stadt Wernigerode,Erststimmen,D10,Tierschutzallianz,0,16448,0.0
GEMEINDE,15085370,Stadt Wernigerode,Erststimmen,D12,Die PARTEI,0,16448,0.0
GEMEINDE,15085370,Stadt Wernigerode,Erststimmen,D13,Gartenpartei,0,16448,0.0
GEMEINDE,15085370,Stadt Wernigerode,Erststimmen,D14,FBM,0,16448,0.0
GEMEINDE,15085370,Stadt Wernigerode,Erststimmen,D16,dieBasis,307,16448,1.8665
GEMEINDE,15085370,Stadt Wernigerode,Erststimmen,D21,ÖDP,0,16448,0.0
GEMEINDE,15085370,Stadt Wernigerode,Erststimmen,D26,Andere KWV,0,16448,0.0
GEMEINDE,15085370,Stadt Wernigerode,Erststimmen,D27,Andere KWV,0,16448,0.0
GEMEINDE,15085370,Stadt Wernigerode,Erststimmen,D28,Andere KWV,0,16448,0.0
GEMEINDE,15085370,Stadt Wernigerode,Zweitstimmen,F01,CDU,6243,16461,37.926
GEMEINDE,15085370,Stadt Wernigerode,Zweitstimmen,F02,AfD,2607,16461,15.8374
GEMEINDE,15085370,Stadt Wernigerode,Zweitstimmen,F03,DIE LINKE,1654,16461,10.048
GEMEINDE,15085370,Stadt Wernigerode,Zweitstimmen,F04,SPD,2260,16461,13.7294
GEMEINDE,15085370,Stadt Wernigerode,Zweitstimmen,F05,GRÜNE,1141,16461,6.9315
GEMEINDE,15085370,Stadt Wernigerode,Zweitstimmen,F06,FDP,1063,16461,6.4577
GEMEINDE,15085370,Stadt Wernigerode,Zweitstimmen,F07,FREIE WÄHLER,389,16461,2.3632
GEMEINDE,15085370,Stadt Wernigerode,Zweitstimmen,F08,NPD,46,16461,0.2794
GEMEINDE,15085370,Stadt Wernigerode,Zweitstimmen,F09,Tierschutzpartei,235,16461,1.4276
GEMEINDE,15085370,Stadt Wernigerode,Zweitstimmen,F10,Tierschutzallianz,55,16461,0.3341
GEMEINDE,15085370,Stadt Wernigerode,Zweitstimmen,F11,LKR,3,16461,0.0182
GEMEINDE,15085370,Stadt Wernigerode,Zweitstimmen,F12,Die PARTEI,106,16461,0.6439
GEMEINDE,15085370,Stadt Wernigerode,Zweitstimmen,F13,Gartenpartei,102,16461,0.6196
GEMEINDE,15085370,Stadt Wernigerode,Zweitstimmen,F14,FBM,8,16461,0.0486
GEMEINDE,15085370,Stadt Wernigerode,Zweitstimmen,F15,TIERSCHUTZ hier!,106,16461,0.6439
GEMEINDE,15085370,Stadt Wernigerode,Zweitstimmen,F16,dieBasis,306,16461,1.8589
GEMEINDE,15085370,Stadt Wernigerode,Zweitstimmen,F19,Klimaliste ST,14,16461,0.085
GEMEINDE,15085370,Stadt Wernigerode,Zweitstimmen,F21,ÖDP,6,16461,0.0364
GEMEINDE,15085370,Stadt Wernigerode,Zweitstimmen,F22,Die Humanisten,23,16461,0.1397
GEMEINDE,15085370,Stadt Wernigerode,Zweitstimmen,F23,Gesundheitsforschung,34,16461,0.2065
GEMEINDE,15085370,Stadt Wernigerode,Zweitstimmen,F24,PIRATEN,37,16461,0.2248
GEMEINDE,15085370,Stadt Wernigerode,Zweitstimmen,F25,WiR2020,23,16461,0.1397
GEMEINDE,15086005,Gemeinde Biederitz,Erststimmen,D01,CDU,1703,4845,35.1496
GEMEINDE,15086005,Gemeinde Biederitz,Erststimmen,D02,AfD,787,4845,16.2436
GEMEINDE,15086005,Gemeinde Biederitz,Erststimmen,D03,DIE LINKE,545,4845,11.2487
GEMEINDE,15086005,Gemeinde Biederitz,Erststimmen,D04,SPD,752,4845,15.5212
GEMEINDE,15086005,Gemeinde Biederitz,Erststimmen,D05,GRÜNE,301,4845,6.2126
GEMEINDE,15086005,Gemeinde Biederitz,Erststimmen,D06,FDP,429,4845,8.8545
GEMEINDE,15086005,Gemeinde Biederitz,Erststimmen,D07,FREIE WÄHLER,0,4845,0.0
GEMEINDE,15086005,Gemeinde Biederitz,Erststimmen,D08,NPD,0,4845,0.0
GEMEINDE,15086005,Gemeinde Biederitz,Erststimmen,D09,Tierschutzpartei,199,4845,4.1073
GEMEINDE,15086005,Gemeinde Biederitz,Erststimmen,D10,Tierschutzallianz,0,4845,0.0
GEMEINDE,15086005,Gemeinde Biederitz,Erststimmen,D12,Die PARTEI,0,4845,0.0
GEMEINDE,15086005,Gemeinde Biederitz,Erststimmen,D13,Gartenpartei,0,4845,0.0
GEMEINDE,15086005,Gemeinde Biederitz,Erststimmen,D14,FBM,0,4845,0.0
GEMEINDE,15086005,Gemeinde Biederitz,Erststimmen,D16,dieBasis,129,4845,2.6625
GEMEINDE,15086005,Gemeinde Biederitz,Erststimmen,D21,ÖDP,0,4845,0.0
GEMEINDE,15086005,Gemeinde Biederitz,Erststimmen,D26,Andere KWV,0,4845,0.0
GEMEINDE,15086005,Gemeinde Biederitz,Erststimmen,D27,Andere KWV,0,4845,0.0
GEMEINDE,15086005,Gemeinde Biederitz,Erststimmen,D28,Andere KWV,0,4845,0.0
GEMEINDE,15086005,Gemeinde Biederitz,Zweitstimmen,F01,CDU,1902,4869,39.0635
GEMEINDE,15086005,Gemeinde Biederitz,Zweitstimmen,F02,AfD,760,4869,15.609
GEMEINDE,15086005,Gemeinde Biederitz,Zweitstimmen,F03,DIE LINKE,527,4869,10.8236
GEMEINDE,15086005,Gemeinde Biederitz,Zweitstimmen,F04,SPD,474,4869,9.7351
GEMEINDE,15086005,Gemeinde Biederitz,Zweitstimmen,F05,GRÜNE,338,4869,6.9419
GEMEINDE,15086005,Gemeinde Biederitz,Zweitstimmen,F06,FDP,383,4869,7.8661
GEMEINDE,15086005,Gemeinde Biederitz,Zweitstimmen,F07,FREIE WÄHLER,127,4869,2.6083
GEMEINDE,15086005,Gemeinde Biederitz,Zweitstimmen,F08,NPD,6,4869,0.1232
GEMEINDE,15086005,Gemeinde Biederitz,Zweitstimmen,F09,Tierschutzpartei,95,4869,1.9511
GEMEINDE,15086005,Gemeinde Biederitz,Zweitstimmen,F10,Tierschutzallianz,29,4869,0.5956
GEMEINDE,15086005,Gemeinde Biederitz,Zweitstimmen,F11,LKR,2,4869,0.0411
GEMEINDE,15086005,Gemeinde Biederitz,Zweitstimmen,F12,Die PARTEI,29,4869,0.5956
GEMEINDE,15086005,Gemeinde Biederitz,Zweitstimmen,F13,Gartenpartei,39,4869,0.801
GEMEINDE,15086005,Gemeinde Biederitz,Zweitstimmen,F14,FBM,1,4869,0.0205
GEMEINDE,15086005,Gemeinde Biederitz,Zweitstimmen,F15,TIERSCHUTZ hier!,26,4869,0.534
GEMEINDE,15086005,Gemeinde Biederitz,Zweitstimmen,F16,dieBasis,71,4869,1.4582
GEMEINDE,15086005,Gemeinde Biederitz,Zweitstimmen,F19,Klimaliste ST,5,4869,0.1027
GEMEINDE,15086005,Gemeinde Biederitz,Zweitstimmen,F21,ÖDP,6,4869,0.1232
GEMEINDE,15086005,Gemeinde Biederitz,Zweitstimmen,F22,Die Humanisten,7,4869,0.1438
GEMEINDE,15086005,Gemeinde Biederitz,Zweitstimmen,F23,Gesundheitsforschung,16,4869,0.3286
GEMEINDE,15086005,Gemeinde Biederitz,Zweitstimmen,F24,PIRATEN,15,4869,0.3081
GEMEINDE,15086005,Gemeinde Biederitz,Zweitstimmen,F25,WiR2020,11,4869,0.2259
GEMEINDE,15086015,Stadt Burg,Erststimmen,D01,CDU,4065,10274,39.5659
GEMEINDE,15086015,Stadt Burg,Erststimmen,D02,AfD,2302,10274,22.4061
GEMEINDE,15086015,Stadt Burg,Erststimmen,D03,DIE LINKE,1186,10274,11.5437
GEMEINDE,15086015,Stadt Burg,Erststimmen,D04,SPD,1189,10274,11.5729
GEMEINDE,15086015,Stadt Burg,Erststimmen,D05,GRÜNE,378,10274,3.6792
GEMEINDE,15086015,Stadt Burg,Erststimmen,D06,FDP,586,10274,5.7037
GEMEINDE,15086015,Stadt Burg,Erststimmen,D07,FREIE WÄHLER,0,10274,0.0
GEMEINDE,15086015,Stadt Burg,Erststimmen,D08,NPD,0,10274,0.0
GEMEINDE,15086015,Stadt Burg,Erststimmen,D09,Tierschutzpartei,408,10274,3.9712
GEMEINDE,15086015,Stadt Burg,Erststimmen,D10,Tierschutzallianz,0,10274,0.0
GEMEINDE,15086015,Stadt Burg,Erststimmen,D12,Die PARTEI,0,10274,0.0
GEMEINDE,15086015,Stadt Burg,Erststimmen,D13,Gartenpartei,0,10274,0.0
GEMEINDE,15086015,Stadt Burg,Erststimmen,D14,FBM,0,10274,0.0
GEMEINDE,15086015,Stadt Burg,Erststimmen,D16,dieBasis,160,10274,1.5573
GEMEINDE,15086015,Stadt Burg,Erststimmen,D21,ÖDP,0,10274,0.0
GEMEINDE,15086015,Stadt Burg,Erststimmen,D26,Andere KWV,0,10274,0.0
GEMEINDE,15086015,Stadt Burg,Erststimmen,D27,Andere KWV,0,10274,0.0
GEMEINDE,15086015,Stadt Burg,Erststimmen,D28,Andere KWV,0,10274,0.0
GEMEINDE,15086015,Stadt Burg,Zweitstimmen,F01,CDU,4008,10297,38.924
GEMEINDE,15086015,Stadt Burg,Zweitstimmen,F02,AfD,2383,10297,23.1427
GEMEINDE,15086015,Stadt Burg,Zweitstimmen,F03,DIE LINKE,1088,10297,10.5662
GEMEINDE,15086015,Stadt Burg,Zweitstimmen,F04,SPD,927,10297,9.0026
GEMEINDE,15086015,Stadt Burg,Zweitstimmen,F05,GRÜNE,397,10297,3.8555
GEMEINDE,15086015,Stadt Burg,Zweitstimmen,F06,FDP,519,10297,5.0403
GEMEINDE,15086015,Stadt Burg,Zweitstimmen,F07,FREIE WÄHLER,204,10297,1.9812
GEMEINDE,15086015,Stadt Burg,Zweitstimmen,F08,NPD,24,10297,0.2331
GEMEINDE,15086015,Stadt Burg,Zweitstimmen,F09,Tierschutzpartei,240,10297,2.3308
GEMEINDE,15086015,Stadt Burg,Zweitstimmen,F10,Tierschutzallianz,49,10297,0.4759
GEMEINDE,15086015,Stadt Burg,Zweitstimmen,F11,LKR,3,10297,0.0291
GEMEINDE,15086015,Stadt Burg,Zweitstimmen,F12,Die PARTEI,71,10297,0.6895
GEMEINDE,15086015,Stadt Burg,Zweitstimmen,F13,Gartenpartei,80,10297,0.7769
GEMEINDE,15086015,Stadt Burg,Zweitstimmen,F14,FBM,11,10297,0.1068
GEMEINDE,15086015,Stadt Burg,Zweitstimmen,F15,TIERSCHUTZ hier!,68,10297,0.6604
GEMEINDE,15086015,Stadt Burg,Zweitstimmen,F16,dieBasis,107,10297,1.0391
GEMEINDE,15086015,Stadt Burg,Zweitstimmen,F19,Klimaliste ST,1,10297,0.0097
GEMEINDE,15086015,Stadt Burg,Zweitstimmen,F21,ÖDP,6,10297,0.0583
GEMEINDE,15086015,Stadt Burg,Zweitstimmen,F22,Die Humanisten,9,10297,0.0874
GEMEINDE,15086015,Stadt Burg,Zweitstimmen,F23,Gesundheitsforschung,48,10297,0.4662
GEMEINDE,15086015,Stadt Burg,Zweitstimmen,F24,PIRATEN,40,10297,0.3885
GEMEINDE,15086015,Stadt Burg,Zweitstimmen,F25,WiR2020,14,10297,0.136
GEMEINDE,15086035,Gemeinde Elbe-Parey,Erststimmen,D01,CDU,1084,3296,32.8883
GEMEINDE,15086035,Gemeinde Elbe-Parey,Erststimmen,D02,AfD,836,3296,25.3641
GEMEINDE,15086035,Gemeinde Elbe-Parey,Erststimmen,D03,DIE LINKE,382,3296,11.5898
GEMEINDE,15086035,Gemeinde Elbe-Parey,Erststimmen,D04,SPD,437,3296,13.2585
GEMEINDE,15086035,Gemeinde Elbe-Parey,Erststimmen,D05,GRÜNE,111,3296,3.3677
GEMEINDE,15086035,Gemeinde Elbe-Parey,Erststimmen,D06,FDP,158,3296,4.7937
GEMEINDE,15086035,Gemeinde Elbe-Parey,Erststimmen,D07,FREIE WÄHLER,212,3296,6.432
GEMEINDE,15086035,Gemeinde Elbe-Parey,Erststimmen,D08,NPD,0,3296,0.0
GEMEINDE,15086035,Gemeinde Elbe-Parey,Erststimmen,D09,Tierschutzpartei,0,3296,0.0
GEMEINDE,15086035,Gemeinde Elbe-Parey,Erststimmen,D10,Tierschutzallianz,0,3296,0.0
GEMEINDE,15086035,Gemeinde Elbe-Parey,Erststimmen,D12,Die PARTEI,0,3296,0.0
GEMEINDE,15086035,Gemeinde Elbe-Parey,Erststimmen,D13,Gartenpartei,0,3296,0.0
GEMEINDE,15086035,Gemeinde Elbe-Parey,Erststimmen,D14,FBM,0,3296,0.0
GEMEINDE,15086035,Gemeinde Elbe-Parey,Erststimmen,D16,dieBasis,52,3296,1.5777
GEMEINDE,15086035,Gemeinde Elbe-Parey,Erststimmen,D21,ÖDP,0,3296,0.0
GEMEINDE,15086035,Gemeinde Elbe-Parey,Erststimmen,D26,Andere KWV,24,3296,0.7282
GEMEINDE,15086035,Gemeinde Elbe-Parey,Erststimmen,D27,Andere KWV,0,3296,0.0
GEMEINDE,15086035,Gemeinde Elbe-Parey,Erststimmen,D28,Andere KWV,0,3296,0.0
GEMEINDE,15086035,Gemeinde Elbe-Parey,Zweitstimmen,F01,CDU,1331,3312,40.1872
GEMEINDE,15086035,Gemeinde Elbe-Parey,Zweitstimmen,F02,AfD,766,3312,23.128
GEMEINDE,15086035,Gemeinde Elbe-Parey,Zweitstimmen,F03,DIE LINKE,343,3312,10.3563
GEMEINDE,15086035,Gemeinde Elbe-Parey,Zweitstimmen,F04,SPD,313,3312,9.4505
GEMEINDE,15086035,Gemeinde Elbe-Parey,Zweitstimmen,F05,GRÜNE,90,3312,2.7174
GEMEINDE,15086035,Gemeinde Elbe-Parey,Zweitstimmen,F06,FDP,151,3312,4.5592
GEMEINDE,15086035,Gemeinde Elbe-Parey,Zweitstimmen,F07,FREIE WÄHLER,114,3312,3.442
GEMEINDE,15086035,Gemeinde Elbe-Parey,Zweitstimmen,F08,NPD,19,3312,0.5737
GEMEINDE,15086035,Gemeinde Elbe-Parey,Zweitstimmen,F09,Tierschutzpartei,41,3312,1.2379
GEMEINDE,15086035,Gemeinde Elbe-Parey,Zweitstimmen,F10,Tierschutzallianz,8,3312,0.2415
GEMEINDE,15086035,Gemeinde Elbe-Parey,Zweitstimmen,F11,LKR,4,3312,0.1208
GEMEINDE,15086035,Gemeinde Elbe-Parey,Zweitstimmen,F12,Die PARTEI,17,3312,0.5133
GEMEINDE,15086035,Gemeinde Elbe-Parey,Zweitstimmen,F13,Gartenpartei,17,3312,0.5133
GEMEINDE,15086035,Gemeinde Elbe-Parey,Zweitstimmen,F14,FBM,3,3312,0.0906
GEMEINDE,15086035,Gemeinde Elbe-Parey,Zweitstimmen,F15,TIERSCHUTZ hier!,18,3312,0.5435
GEMEINDE,15086035,Gemeinde Elbe-Parey,Zweitstimmen,F16,dieBasis,52,3312,1.57
GEMEINDE,15086035,Gemeinde Elbe-Parey,Zweitstimmen,F19,Klimaliste ST,0,3312,0.0
GEMEINDE,15086035,Gemeinde Elbe-Parey,Zweitstimmen,F21,ÖDP,2,3312,0.0604
GEMEINDE,15086035,Gemeinde Elbe-Parey,Zweitstimmen,F22,Die Humanisten,0,3312,0.0
GEMEINDE,15086035,Gemeinde Elbe-Parey,Zweitstimmen,F23,Gesundheitsforschung,9,3312,0.2717
GEMEINDE,15086035,Gemeinde Elbe-Parey,Zweitstimmen,F24,PIRATEN,12,3312,0.3623
GEMEINDE,15086035,Gemeinde Elbe-Parey,Zweitstimmen,F25,WiR2020,2,3312,0.0604
GEMEINDE,15086040,Stadt Genthin,Erststimmen,D01,CDU,1853,6215,29.815
GEMEINDE,15086040,Stadt Genthin,Erststimmen,D02,AfD,1425,6215,22.9284
GEMEINDE,15086040,Stadt Genthin,Erststimmen,D03,DIE LINKE,639,6215,10.2816
GEMEINDE,15086040,Stadt Genthin,Erststimmen,D04,SPD,1113,6215,17.9083
GEMEINDE,15086040,Stadt Genthin,Erststimmen,D05,GRÜNE,310,6215,4.9879
GEMEINDE,15086040,Stadt Genthin,Erststimmen,D06,FDP,318,6215,5.1167
GEMEINDE,15086040,Stadt Genthin,Erststimmen,D07,FREIE WÄHLER,357,6215,5.7442
GEMEINDE,15086040,Stadt Genthin,Erststimmen,D08,NPD,0,6215,0.0
GEMEINDE,15086040,Stadt Genthin,Erststimmen,D09,Tierschutzpartei,0,6215,0.0
GEMEINDE,15086040,Stadt Genthin,Erststimmen,D10,Tierschutzallianz,0,6215,0.0
GEMEINDE,15086040,Stadt Genthin,Erststimmen,D12,Die PARTEI,0,6215,0.0
GEMEINDE,15086040,Stadt Genthin,Erststimmen,D13,Gartenpartei,0,6215,0.0
GEMEINDE,15086040,Stadt Genthin,Erststimmen,D14,FBM,0,6215,0.0
GEMEINDE,15086040,Stadt Genthin,Erststimmen,D16,dieBasis,65,6215,1.0459
GEMEINDE,15086040,Stadt Genthin,Erststimmen,D21,ÖDP,0,6215,0.0
GEMEINDE,15086040,Stadt Genthin,Erststimmen,D26,Andere KWV,135,6215,2.1722
GEMEINDE,15086040,Stadt Genthin,Erststimmen,D27,Andere KWV,0,6215,0.0
GEMEINDE,15086040,Stadt Genthin,Erststimmen,D28,Andere KWV,0,6215,0.0
GEMEINDE,15086040,Stadt Genthin,Zweitstimmen,F01,CDU,2390,6251,38.2339
GEMEINDE,15086040,Stadt Genthin,Zweitstimmen,F02,AfD,1362,6251,21.7885
GEMEINDE,15086040,Stadt Genthin,Zweitstimmen,F03,DIE LINKE,657,6251,10.5103
GEMEINDE,15086040,Stadt Genthin,Zweitstimmen,F04,SPD,670,6251,10.7183
GEMEINDE,15086040,Stadt Genthin,Zweitstimmen,F05,GRÜNE,256,6251,4.0953
GEMEINDE,15086040,Stadt Genthin,Zweitstimmen,F06,FDP,306,6251,4.8952
GEMEINDE,15086040,Stadt Genthin,Zweitstimmen,F07,FREIE WÄHLER,208,6251,3.3275
GEMEINDE,15086040,Stadt Genthin,Zweitstimmen,F08,NPD,13,6251,0.208
GEMEINDE,15086040,Stadt Genthin,Zweitstimmen,F09,Tierschutzpartei,95,6251,1.5198
GEMEINDE,15086040,Stadt Genthin,Zweitstimmen,F10,Tierschutzallianz,26,6251,0.4159
GEMEINDE,15086040,Stadt Genthin,Zweitstimmen,F11,LKR,3,6251,0.048
GEMEINDE,15086040,Stadt Genthin,Zweitstimmen,F12,Die PARTEI,24,6251,0.3839
GEMEINDE,15086040,Stadt Genthin,Zweitstimmen,F13,Gartenpartei,46,6251,0.7359
GEMEINDE,15086040,Stadt Genthin,Zweitstimmen,F14,FBM,5,6251,0.08
GEMEINDE,15086040,Stadt Genthin,Zweitstimmen,F15,TIERSCHUTZ hier!,47,6251,0.7519
GEMEINDE,15086040,Stadt Genthin,Zweitstimmen,F16,dieBasis,79,6251,1.2638
GEMEINDE,15086040,Stadt Genthin,Zweitstimmen,F19,Klimaliste ST,1,6251,0.016
GEMEINDE,15086040,Stadt Genthin,Zweitstimmen,F21,ÖDP,3,6251,0.048
GEMEINDE,15086040,Stadt Genthin,Zweitstimmen,F22,Die Humanisten,10,6251,0.16
GEMEINDE,15086040,Stadt Genthin,Zweitstimmen,F23,Gesundheitsforschung,20,6251,0.3199
GEMEINDE,15086040,Stadt Genthin,Zweitstimmen,F24,PIRATEN,18,6251,0.288
GEMEINDE,15086040,Stadt Genthin,Zweitstimmen,F25,WiR2020,12,6251,0.192
GEMEINDE,15086055,Stadt Gommern,Erststimmen,D01,CDU,2141,5697,37.5812
GEMEINDE,15086055,Stadt Gommern,Erststimmen,D02,AfD,1240,5697,21.7658
GEMEINDE,15086055,Stadt Gommern,Erststimmen,D03,DIE LINKE,702,5697,12.3223
GEMEINDE,15086055,Stadt Gommern,Erststimmen,D04,SPD,539,5697,9.4611
GEMEINDE,15086055,Stadt Gommern,Erststimmen,D05,GRÜNE,293,5697,5.1431
GEMEINDE,15086055,Stadt Gommern,Erststimmen,D06,FDP,403,5697,7.0739
GEMEINDE,15086055,Stadt Gommern,Erststimmen,D07,FREIE WÄHLER,379,5697,6.6526
GEMEINDE,15086055,Stadt Gommern,Erststimmen,D08,NPD,0,5697,0.0
GEMEINDE,15086055,Stadt Gommern,Erststimmen,D09,Tierschutzpartei,0,5697,0.0
GEMEINDE,15086055,Stadt Gommern,Erststimmen,D10,Tierschutzallianz,0,5697,0.0
GEMEINDE,15086055,Stadt Gommern,Erststimmen,D12,Die PARTEI,0,5697,0.0
GEMEINDE,15086055,Stadt Gommern,Erststimmen,D13,Gartenpartei,0,5697,0.0
GEMEINDE,15086055,Stadt Gommern,Erststimmen,D14,FBM,0,5697,0.0
GEMEINDE,15086055,Stadt Gommern,Erststimmen,D16,dieBasis,0,5697,0.0
GEMEINDE,15086055,Stadt Gommern,Erststimmen,D21,ÖDP,0,5697,0.0
GEMEINDE,15086055,Stadt Gommern,Erststimmen,D26,Andere KWV,0,5697,0.0
GEMEINDE,15086055,Stadt Gommern,Erststimmen,D27,Andere KWV,0,5697,0.0
GEMEINDE,15086055,Stadt Gommern,Erststimmen,D28,Andere KWV,0,5697,0.0
GEMEINDE,15086055,Stadt Gommern,Zweitstimmen,F01,CDU,2267,5717,39.6537
GEMEINDE,15086055,Stadt Gommern,Zweitstimmen,F02,AfD,1115,5717,19.5032
GEMEINDE,15086055,Stadt Gommern,Zweitstimmen,F03,DIE LINKE,584,5717,10.2151
GEMEINDE,15086055,Stadt Gommern,Zweitstimmen,F04,SPD,538,5717,9.4105
GEMEINDE,15086055,Stadt Gommern,Zweitstimmen,F05,GRÜNE,249,5717,4.3554
GEMEINDE,15086055,Stadt Gommern,Zweitstimmen,F06,FDP,373,5717,6.5244
GEMEINDE,15086055,Stadt Gommern,Zweitstimmen,F07,FREIE WÄHLER,182,5717,3.1835
GEMEINDE,15086055,Stadt Gommern,Zweitstimmen,F08,NPD,12,5717,0.2099
GEMEINDE,15086055,Stadt Gommern,Zweitstimmen,F09,Tierschutzpartei,89,5717,1.5568
GEMEINDE,15086055,Stadt Gommern,Zweitstimmen,F10,Tierschutzallianz,18,5717,0.3149
GEMEINDE,15086055,Stadt Gommern,Zweitstimmen,F11,LKR,4,5717,0.07
GEMEINDE,15086055,Stadt Gommern,Zweitstimmen,F12,Die PARTEI,30,5717,0.5248
GEMEINDE,15086055,Stadt Gommern,Zweitstimmen,F13,Gartenpartei,46,5717,0.8046
GEMEINDE,15086055,Stadt Gommern,Zweitstimmen,F14,FBM,2,5717,0.035
GEMEINDE,15086055,Stadt Gommern,Zweitstimmen,F15,TIERSCHUTZ hier!,33,5717,0.5772
GEMEINDE,15086055,Stadt Gommern,Zweitstimmen,F16,dieBasis,56,5717,0.9795
GEMEINDE,15086055,Stadt Gommern,Zweitstimmen,F19,Klimaliste ST,2,5717,0.035
GEMEINDE,15086055,Stadt Gommern,Zweitstimmen,F21,ÖDP,2,5717,0.035
GEMEINDE,15086055,Stadt Gommern,Zweitstimmen,F22,Die Humanisten,8,5717,0.1399
GEMEINDE,15086055,Stadt Gommern,Zweitstimmen,F23,Gesundheitsforschung,25,5717,0.4373
GEMEINDE,15086055,Stadt Gommern,Zweitstimmen,F24,PIRATEN,13,5717,0.2274
GEMEINDE,15086055,Stadt Gommern,Zweitstimmen,F25,WiR2020,69,5717,1.2069
GEMEINDE,15086080,Stadt Jerichow,Erststimmen,D01,CDU,1172,3517,33.3239
GEMEINDE,15086080,Stadt Jerichow,Erststimmen,D02,AfD,967,3517,27.495
GEMEINDE,15086080,Stadt Jerichow,Erststimmen,D03,DIE LINKE,370,3517,10.5203
GEMEINDE,15086080,Stadt Jerichow,Erststimmen,D04,SPD,436,3517,12.3969
GEMEINDE,15086080,Stadt Jerichow,Erststimmen,D05,GRÜNE,130,3517,3.6963
GEMEINDE,15086080,Stadt Jerichow,Erststimmen,D06,FDP,167,3517,4.7484
GEMEINDE,15086080,Stadt Jerichow,Erststimmen,D07,FREIE WÄHLER,230,3517,6.5397
GEMEINDE,15086080,Stadt Jerichow,Erststimmen,D08,NPD,0,3517,0.0
GEMEINDE,15086080,Stadt Jerichow,Erststimmen,D09,Tierschutzpartei,0,3517,0.0
GEMEINDE,15086080,Stadt Jerichow,Erststimmen,D10,Tierschutzallianz,0,3517,0.0
GEMEINDE,15086080,Stadt Jerichow,Erststimmen,D12,Die PARTEI,0,3517,0.0
GEMEINDE,15086080,Stadt Jerichow,Erststimmen,D13,Gartenpartei,0,3517,0.0
GEMEINDE,15086080,Stadt Jerichow,Erststimmen,D14,FBM,0,3517,0.0
GEMEINDE,15086080,Stadt Jerichow,Erststimmen,D16,dieBasis,23,3517,0.654
GEMEINDE,15086080,Stadt Jerichow,Erststimmen,D21,ÖDP,0,3517,0.0
GEMEINDE,15086080,Stadt Jerichow,Erststimmen,D26,Andere KWV,22,3517,0.6255
GEMEINDE,15086080,Stadt Jerichow,Erststimmen,D27,Andere KWV,0,3517,0.0
GEMEINDE,15086080,Stadt Jerichow,Erststimmen,D28,Andere KWV,0,3517,0.0
GEMEINDE,15086080,Stadt Jerichow,Zweitstimmen,F01,CDU,1404,3531,39.7621
GEMEINDE,15086080,Stadt Jerichow,Zweitstimmen,F02,AfD,891,3531,25.2336
GEMEINDE,15086080,Stadt Jerichow,Zweitstimmen,F03,DIE LINKE,334,3531,9.4591
GEMEINDE,15086080,Stadt Jerichow,Zweitstimmen,F04,SPD,306,3531,8.6661
GEMEINDE,15086080,Stadt Jerichow,Zweitstimmen,F05,GRÜNE,130,3531,3.6817
GEMEINDE,15086080,Stadt Jerichow,Zweitstimmen,F06,FDP,162,3531,4.5879
GEMEINDE,15086080,Stadt Jerichow,Zweitstimmen,F07,FREIE WÄHLER,127,3531,3.5967
GEMEINDE,15086080,Stadt Jerichow,Zweitstimmen,F08,NPD,11,3531,0.3115
GEMEINDE,15086080,Stadt Jerichow,Zweitstimmen,F09,Tierschutzpartei,39,3531,1.1045
GEMEINDE,15086080,Stadt Jerichow,Zweitstimmen,F10,Tierschutzallianz,7,3531,0.1982
GEMEINDE,15086080,Stadt Jerichow,Zweitstimmen,F11,LKR,1,3531,0.0283
GEMEINDE,15086080,Stadt Jerichow,Zweitstimmen,F12,Die PARTEI,16,3531,0.4531
GEMEINDE,15086080,Stadt Jerichow,Zweitstimmen,F13,Gartenpartei,14,3531,0.3965
GEMEINDE,15086080,Stadt Jerichow,Zweitstimmen,F14,FBM,1,3531,0.0283
GEMEINDE,15086080,Stadt Jerichow,Zweitstimmen,F15,TIERSCHUTZ hier!,16,3531,0.4531
GEMEINDE,15086080,Stadt Jerichow,Zweitstimmen,F16,dieBasis,34,3531,0.9629
GEMEINDE,15086080,Stadt Jerichow,Zweitstimmen,F19,Klimaliste ST,3,3531,0.085
GEMEINDE,15086080,Stadt Jerichow,Zweitstimmen,F21,ÖDP,2,3531,0.0566
GEMEINDE,15086080,Stadt Jerichow,Zweitstimmen,F22,Die Humanisten,3,3531,0.085
GEMEINDE,15086080,Stadt Jerichow,Zweitstimmen,F23,Gesundheitsforschung,13,3531,0.3682
GEMEINDE,15086080,Stadt Jerichow,Zweitstimmen,F24,PIRATEN,9,3531,0.2549
GEMEINDE,15086080,Stadt Jerichow,Zweitstimmen,F25,WiR2020,8,3531,0.2266
GEMEINDE,15086140,Stadt Möckern,Erststimmen,D01,CDU,2647,6733,39.3138
GEMEINDE,15086140,Stadt Möckern,Erststimmen,D02,AfD,1491,6733,22.1447
GEMEINDE,15086140,Stadt Möckern,Erststimmen,D03,DIE LINKE,713,6733,10.5896
GEMEINDE,15086140,Stadt Möckern,Erststimmen,D04,SPD,700,6733,10.3966
GEMEINDE,15086140,Stadt Möckern,Erststimmen,D05,GRÜNE,312,6733,4.6339
GEMEINDE,15086140,Stadt Möckern,Erststimmen,D06,FDP,492,6733,7.3073
GEMEINDE,15086140,Stadt Möckern,Erststimmen,D07,FREIE WÄHLER,0,6733,0.0
GEMEINDE,15086140,Stadt Möckern,Erststimmen,D08,NPD,0,6733,0.0
GEMEINDE,15086140,Stadt Möckern,Erststimmen,D09,Tierschutzpartei,217,6733,3.2229
GEMEINDE,15086140,Stadt Möckern,Erststimmen,D10,Tierschutzallianz,0,6733,0.0
GEMEINDE,15086140,Stadt Möckern,Erststimmen,D12,Die PARTEI,0,6733,0.0
GEMEINDE,15086140,Stadt Möckern,Erststimmen,D13,Gartenpartei,0,6733,0.0
GEMEINDE,15086140,Stadt Möckern,Erststimmen,D14,FBM,0,6733,0.0
GEMEINDE,15086140,Stadt Möckern,Erststimmen,D16,dieBasis,161,6733,2.3912
GEMEINDE,15086140,Stadt Möckern,Erststimmen,D21,ÖDP,0,6733,0.0
GEMEINDE,15086140,Stadt Möckern,Erststimmen,D26,Andere KWV,0,6733,0.0
GEMEINDE,15086140,Stadt Möckern,Erststimmen,D27,Andere KWV,0,6733,0.0
GEMEINDE,15086140,Stadt Möckern,Erststimmen,D28,Andere KWV,0,6733,0.0
GEMEINDE,15086140,Stadt Möckern,Zweitstimmen,F01,CDU,2707,6747,40.1215
GEMEINDE,15086140,Stadt Möckern,Zweitstimmen,F02,AfD,1472,6747,21.8171
GEMEINDE,15086140,Stadt Möckern,Zweitstimmen,F03,DIE LINKE,683,6747,10.123
GEMEINDE,15086140,Stadt Möckern,Zweitstimmen,F04,SPD,596,6747,8.8336
GEMEINDE,15086140,Stadt Möckern,Zweitstimmen,F05,GRÜNE,260,6747,3.8536
GEMEINDE,15086140,Stadt Möckern,Zweitstimmen,F06,FDP,395,6747,5.8545
GEMEINDE,15086140,Stadt Möckern,Zweitstimmen,F07,FREIE WÄHLER,176,6747,2.6086
GEMEINDE,15086140,Stadt Möckern,Zweitstimmen,F08,NPD,24,6747,0.3557
GEMEINDE,15086140,Stadt Möckern,Zweitstimmen,F09,Tierschutzpartei,114,6747,1.6896
GEMEINDE,15086140,Stadt Möckern,Zweitstimmen,F10,Tierschutzallianz,31,6747,0.4595
GEMEINDE,15086140,Stadt Möckern,Zweitstimmen,F11,LKR,3,6747,0.0445
GEMEINDE,15086140,Stadt Möckern,Zweitstimmen,F12,Die PARTEI,31,6747,0.4595
GEMEINDE,15086140,Stadt Möckern,Zweitstimmen,F13,Gartenpartei,59,6747,0.8745
GEMEINDE,15086140,Stadt Möckern,Zweitstimmen,F14,FBM,3,6747,0.0445
GEMEINDE,15086140,Stadt Möckern,Zweitstimmen,F15,TIERSCHUTZ hier!,26,6747,0.3854
GEMEINDE,15086140,Stadt Möckern,Zweitstimmen,F16,dieBasis,103,6747,1.5266
GEMEINDE,15086140,Stadt Möckern,Zweitstimmen,F19,Klimaliste ST,0,6747,0.0
GEMEINDE,15086140,Stadt Möckern,Zweitstimmen,F21,ÖDP,5,6747,0.0741
GEMEINDE,15086140,Stadt Möckern,Zweitstimmen,F22,Die Humanisten,6,6747,0.0889
GEMEINDE,15086140,Stadt Möckern,Zweitstimmen,F23,Gesundheitsforschung,11,6747,0.163
GEMEINDE,15086140,Stadt Möckern,Zweitstimmen,F24,PIRATEN,25,6747,0.3705
GEMEINDE,15086140,Stadt Möckern,Zweitstimmen,F25,WiR2020,17,6747,0.252
GEMEINDE,15086145,Gemeinde Möser,Erststimmen,D01,CDU,1880,4915,38.2503
GEMEINDE,15086145,Gemeinde Möser,Erststimmen,D02,AfD,934,4915,19.0031
GEMEINDE,15086145,Gemeinde Möser,Erststimmen,D03,DIE LINKE,518,4915,10.5392
GEMEINDE,15086145,Gemeinde Möser,Erststimmen,D04,SPD,668,4915,13.591
GEMEINDE,15086145,Gemeinde Möser,Erststimmen,D05,GRÜNE,228,4915,4.6389
GEMEINDE,15086145,Gemeinde Möser,Erststimmen,D06,FDP,363,4915,7.3856
GEMEINDE,15086145,Gemeinde Möser,Erststimmen,D07,FREIE WÄHLER,0,4915,0.0
GEMEINDE,15086145,Gemeinde Möser,Erststimmen,D08,NPD,0,4915,0.0
GEMEINDE,15086145,Gemeinde Möser,Erststimmen,D09,Tierschutzpartei,232,4915,4.7202
GEMEINDE,15086145,Gemeinde Möser,Erststimmen,D10,Tierschutzallianz,0,4915,0.0
GEMEINDE,15086145,Gemeinde Möser,Erststimmen,D12,Die PARTEI,0,4915,0.0
GEMEINDE,15086145,Gemeinde Möser,Erststimmen,D13,Gartenpartei,0,4915,0.0
GEMEINDE,15086145,Gemeinde Möser,Erststimmen,D14,FBM,0,4915,0.0
GEMEINDE,15086145,Gemeinde Möser,Erststimmen,D16,dieBasis,92,4915,1.8718
GEMEINDE,15086145,Gemeinde Möser,Erststimmen,D21,ÖDP,0,4915,0.0
GEMEINDE,15086145,Gemeinde Möser,Erststimmen,D26,Andere KWV,0,4915,0.0
GEMEINDE,15086145,Gemeinde Möser,Erststimmen,D27,Andere KWV,0,4915,0.0
GEMEINDE,15086145,Gemeinde Möser,Erststimmen,D28,Andere KWV,0,4915,0.0
GEMEINDE,15086145,Gemeinde Möser,Zweitstimmen,F01,CDU,2053,4892,41.9665
GEMEINDE,15086145,Gemeinde Möser,Zweitstimmen,F02,AfD,849,4892,17.3549
GEMEINDE,15086145,Gemeinde Möser,Zweitstimmen,F03,DIE LINKE,507,4892,10.3639
GEMEINDE,15086145,Gemeinde Möser,Zweitstimmen,F04,SPD,428,4892,8.749
GEMEINDE,15086145,Gemeinde Möser,Zweitstimmen,F05,GRÜNE,261,4892,5.3352
GEMEINDE,15086145,Gemeinde Möser,Zweitstimmen,F06,FDP,360,4892,7.359
GEMEINDE,15086145,Gemeinde Möser,Zweitstimmen,F07,FREIE WÄHLER,92,4892,1.8806
GEMEINDE,15086145,Gemeinde Möser,Zweitstimmen,F08,NPD,5,4892,0.1022
GEMEINDE,15086145,Gemeinde Möser,Zweitstimmen,F09,Tierschutzpartei,117,4892,2.3917
GEMEINDE,15086145,Gemeinde Möser,Zweitstimmen,F10,Tierschutzallianz,20,4892,0.4088
GEMEINDE,15086145,Gemeinde Möser,Zweitstimmen,F11,LKR,1,4892,0.0204
GEMEINDE,15086145,Gemeinde Möser,Zweitstimmen,F12,Die PARTEI,28,4892,0.5724
GEMEINDE,15086145,Gemeinde Möser,Zweitstimmen,F13,Gartenpartei,27,4892,0.5519
GEMEINDE,15086145,Gemeinde Möser,Zweitstimmen,F14,FBM,4,4892,0.0818
GEMEINDE,15086145,Gemeinde Möser,Zweitstimmen,F15,TIERSCHUTZ hier!,25,4892,0.511
GEMEINDE,15086145,Gemeinde Möser,Zweitstimmen,F16,dieBasis,63,4892,1.2878
GEMEINDE,15086145,Gemeinde Möser,Zweitstimmen,F19,Klimaliste ST,3,4892,0.0613
GEMEINDE,15086145,Gemeinde Möser,Zweitstimmen,F21,ÖDP,5,4892,0.1022
GEMEINDE,15086145,Gemeinde Möser,Zweitstimmen,F22,Die Humanisten,1,4892,0.0204
GEMEINDE,15086145,Gemeinde Möser,Zweitstimmen,F23,Gesundheitsforschung,14,4892,0.2862
GEMEINDE,15086145,Gemeinde Möser,Zweitstimmen,F24,PIRATEN,9,4892,0.184
GEMEINDE,15086145,Gemeinde Möser,Zweitstimmen,F25,WiR2020,20,4892,0.4088
GEMEINDE,15087010,Gemeinde Ahlsdorf,Erststimmen,D01,CDU,238,806,29.5285
GEMEINDE,15087010,Gemeinde Ahlsdorf,Erststimmen,D02,AfD,245,806,30.397
GEMEINDE,15087010,Gemeinde Ahlsdorf,Erststimmen,D03,DIE LINKE,109,806,13.5236
GEMEINDE,15087010,Gemeinde Ahlsdorf,Erststimmen,D04,SPD,71,806,8.8089
GEMEINDE,15087010,Gemeinde Ahlsdorf,Erststimmen,D05,GRÜNE,25,806,3.1017
GEMEINDE,15087010,Gemeinde Ahlsdorf,Erststimmen,D06,FDP,81,806,10.0496
GEMEINDE,15087010,Gemeinde Ahlsdorf,Erststimmen,D07,FREIE WÄHLER,0,806,0.0
GEMEINDE,15087010,Gemeinde Ahlsdorf,Erststimmen,D08,NPD,0,806,0.0
GEMEINDE,15087010,Gemeinde Ahlsdorf,Erststimmen,D09,Tierschutzpartei,0,806,0.0
GEMEINDE,15087010,Gemeinde Ahlsdorf,Erststimmen,D10,Tierschutzallianz,0,806,0.0
GEMEINDE,15087010,Gemeinde Ahlsdorf,Erststimmen,D12,Die PARTEI,0,806,0.0
GEMEINDE,15087010,Gemeinde Ahlsdorf,Erststimmen,D13,Gartenpartei,0,806,0.0
GEMEINDE,15087010,Gemeinde Ahlsdorf,Erststimmen,D14,FBM,37,806,4.5906
GEMEINDE,15087010,Gemeinde Ahlsdorf,Erststimmen,D16,dieBasis,0,806,0.0
GEMEINDE,15087010,Gemeinde Ahlsdorf,Erststimmen,D21,ÖDP,0,806,0.0
GEMEINDE,15087010,Gemeinde Ahlsdorf,Erststimmen,D26,Andere KWV,0,806,0.0
GEMEINDE,15087010,Gemeinde Ahlsdorf,Erststimmen,D27,Andere KWV,0,806,0.0
GEMEINDE,15087010,Gemeinde Ahlsdorf,Erststimmen,D28,Andere KWV,0,806,0.0
GEMEINDE,15087010,Gemeinde Ahlsdorf,Zweitstimmen,F01,CDU,280,809,34.6106
GEMEINDE,15087010,Gemeinde Ahlsdorf,Zweitstimmen,F02,AfD,228,809,28.1829
GEMEINDE,15087010,Gemeinde Ahlsdorf,Zweitstimmen,F03,DIE LINKE,82,809,10.136
GEMEINDE,15087010,Gemeinde Ahlsdorf,Zweitstimmen,F04,SPD,65,809,8.0346
GEMEINDE,15087010,Gemeinde Ahlsdorf,Zweitstimmen,F05,GRÜNE,23,809,2.843
GEMEINDE,15087010,Gemeinde Ahlsdorf,Zweitstimmen,F06,FDP,62,809,7.6638
GEMEINDE,15087010,Gemeinde Ahlsdorf,Zweitstimmen,F07,FREIE WÄHLER,16,809,1.9778
GEMEINDE,15087010,Gemeinde Ahlsdorf,Zweitstimmen,F08,NPD,2,809,0.2472
GEMEINDE,15087010,Gemeinde Ahlsdorf,Zweitstimmen,F09,Tierschutzpartei,8,809,0.9889
GEMEINDE,15087010,Gemeinde Ahlsdorf,Zweitstimmen,F10,Tierschutzallianz,1,809,0.1236
GEMEINDE,15087010,Gemeinde Ahlsdorf,Zweitstimmen,F11,LKR,0,809,0.0
GEMEINDE,15087010,Gemeinde Ahlsdorf,Zweitstimmen,F12,Die PARTEI,6,809,0.7417
GEMEINDE,15087010,Gemeinde Ahlsdorf,Zweitstimmen,F13,Gartenpartei,1,809,0.1236
GEMEINDE,15087010,Gemeinde Ahlsdorf,Zweitstimmen,F14,FBM,11,809,1.3597
GEMEINDE,15087010,Gemeinde Ahlsdorf,Zweitstimmen,F15,TIERSCHUTZ hier!,7,809,0.8653
GEMEINDE,15087010,Gemeinde Ahlsdorf,Zweitstimmen,F16,dieBasis,11,809,1.3597
GEMEINDE,15087010,Gemeinde Ahlsdorf,Zweitstimmen,F19,Klimaliste ST,0,809,0.0
GEMEINDE,15087010,Gemeinde Ahlsdorf,Zweitstimmen,F21,ÖDP,0,809,0.0
GEMEINDE,15087010,Gemeinde Ahlsdorf,Zweitstimmen,F22,Die Humanisten,0,809,0.0
GEMEINDE,15087010,Gemeinde Ahlsdorf,Zweitstimmen,F23,Gesundheitsforschung,2,809,0.2472
GEMEINDE,15087010,Gemeinde Ahlsdorf,Zweitstimmen,F24,PIRATEN,3,809,0.3708
GEMEINDE,15087010,Gemeinde Ahlsdorf,Zweitstimmen,F25,WiR2020,1,809,0.1236
GEMEINDE,15087015,Stadt Allstedt,Erststimmen,D01,CDU,1222,3869,31.5844
GEMEINDE,15087015,Stadt Allstedt,Erststimmen,D02,AfD,1136,3869,29.3616
GEMEINDE,15087015,Stadt Allstedt,Erststimmen,D03,DIE LINKE,522,3869,13.4919
GEMEINDE,15087015,Stadt Allstedt,Erststimmen,D04,SPD,385,3869,9.9509
GEMEINDE,15087015,Stadt Allstedt,Erststimmen,D05,GRÜNE,80,3869,2.0677
GEMEINDE,15087015,Stadt Allstedt,Erststimmen,D06,FDP,379,3869,9.7958
GEMEINDE,15087015,Stadt Allstedt,Erststimmen,D07,FREIE WÄHLER,0,3869,0.0
GEMEINDE,15087015,Stadt Allstedt,Erststimmen,D08,NPD,0,3869,0.0
GEMEINDE,15087015,Stadt Allstedt,Erststimmen,D09,Tierschutzpartei,0,3869,0.0
GEMEINDE,15087015,Stadt Allstedt,Erststimmen,D10,Tierschutzallianz,145,3869,3.7477
GEMEINDE,15087015,Stadt Allstedt,Erststimmen,D12,Die PARTEI,0,3869,0.0
GEMEINDE,15087015,Stadt Allstedt,Erststimmen,D13,Gartenpartei,0,3869,0.0
GEMEINDE,15087015,Stadt Allstedt,Erststimmen,D14,FBM,0,3869,0.0
GEMEINDE,15087015,Stadt Allstedt,Erststimmen,D16,dieBasis,0,3869,0.0
GEMEINDE,15087015,Stadt Allstedt,Erststimmen,D21,ÖDP,0,3869,0.0
GEMEINDE,15087015,Stadt Allstedt,Erststimmen,D26,Andere KWV,0,3869,0.0
GEMEINDE,15087015,Stadt Allstedt,Erststimmen,D27,Andere KWV,0,3869,0.0
GEMEINDE,15087015,Stadt Allstedt,Erststimmen,D28,Andere KWV,0,3869,0.0
GEMEINDE,15087015,Stadt Allstedt,Zweitstimmen,F01,CDU,1410,3885,36.2934
GEMEINDE,15087015,Stadt Allstedt,Zweitstimmen,F02,AfD,1028,3885,26.4607
GEMEINDE,15087015,Stadt Allstedt,Zweitstimmen,F03,DIE LINKE,424,3885,10.9138
GEMEINDE,15087015,Stadt Allstedt,Zweitstimmen,F04,SPD,299,3885,7.6963
GEMEINDE,15087015,Stadt Allstedt,Zweitstimmen,F05,GRÜNE,103,3885,2.6512
GEMEINDE,15087015,Stadt Allstedt,Zweitstimmen,F06,FDP,266,3885,6.8468
GEMEINDE,15087015,Stadt Allstedt,Zweitstimmen,F07,FREIE WÄHLER,71,3885,1.8275
GEMEINDE,15087015,Stadt Allstedt,Zweitstimmen,F08,NPD,16,3885,0.4118
GEMEINDE,15087015,Stadt Allstedt,Zweitstimmen,F09,Tierschutzpartei,37,3885,0.9524
GEMEINDE,15087015,Stadt Allstedt,Zweitstimmen,F10,Tierschutzallianz,34,3885,0.8752
GEMEINDE,15087015,Stadt Allstedt,Zweitstimmen,F11,LKR,2,3885,0.0515
GEMEINDE,15087015,Stadt Allstedt,Zweitstimmen,F12,Die PARTEI,22,3885,0.5663
GEMEINDE,15087015,Stadt Allstedt,Zweitstimmen,F13,Gartenpartei,30,3885,0.7722
GEMEINDE,15087015,Stadt Allstedt,Zweitstimmen,F14,FBM,20,3885,0.5148
GEMEINDE,15087015,Stadt Allstedt,Zweitstimmen,F15,TIERSCHUTZ hier!,18,3885,0.4633
GEMEINDE,15087015,Stadt Allstedt,Zweitstimmen,F16,dieBasis,54,3885,1.39
GEMEINDE,15087015,Stadt Allstedt,Zweitstimmen,F19,Klimaliste ST,1,3885,0.0257
GEMEINDE,15087015,Stadt Allstedt,Zweitstimmen,F21,ÖDP,5,3885,0.1287
GEMEINDE,15087015,Stadt Allstedt,Zweitstimmen,F22,Die Humanisten,5,3885,0.1287
GEMEINDE,15087015,Stadt Allstedt,Zweitstimmen,F23,Gesundheitsforschung,19,3885,0.4891
GEMEINDE,15087015,Stadt Allstedt,Zweitstimmen,F24,PIRATEN,15,3885,0.3861
GEMEINDE,15087015,Stadt Allstedt,Zweitstimmen,F25,WiR2020,6,3885,0.1544
GEMEINDE,15087031,Stadt Arnstein,Erststimmen,D01,CDU,1123,3437,32.6738
GEMEINDE,15087031,Stadt Arnstein,Erststimmen,D02,AfD,917,3437,26.6802
GEMEINDE,15087031,Stadt Arnstein,Erststimmen,D03,DIE LINKE,382,3437,11.1143
GEMEINDE,15087031,Stadt Arnstein,Erststimmen,D04,SPD,295,3437,8.5831
GEMEINDE,15087031,Stadt Arnstein,Erststimmen,D05,GRÜNE,82,3437,2.3858
GEMEINDE,15087031,Stadt Arnstein,Erststimmen,D06,FDP,189,3437,5.499
GEMEINDE,15087031,Stadt Arnstein,Erststimmen,D07,FREIE WÄHLER,285,3437,8.2921
GEMEINDE,15087031,Stadt Arnstein,Erststimmen,D08,NPD,0,3437,0.0
GEMEINDE,15087031,Stadt Arnstein,Erststimmen,D09,Tierschutzpartei,0,3437,0.0
GEMEINDE,15087031,Stadt Arnstein,Erststimmen,D10,Tierschutzallianz,0,3437,0.0
GEMEINDE,15087031,Stadt Arnstein,Erststimmen,D12,Die PARTEI,0,3437,0.0
GEMEINDE,15087031,Stadt Arnstein,Erststimmen,D13,Gartenpartei,0,3437,0.0
GEMEINDE,15087031,Stadt Arnstein,Erststimmen,D14,FBM,164,3437,4.7716
GEMEINDE,15087031,Stadt Arnstein,Erststimmen,D16,dieBasis,0,3437,0.0
GEMEINDE,15087031,Stadt Arnstein,Erststimmen,D21,ÖDP,0,3437,0.0
GEMEINDE,15087031,Stadt Arnstein,Erststimmen,D26,Andere KWV,0,3437,0.0
GEMEINDE,15087031,Stadt Arnstein,Erststimmen,D27,Andere KWV,0,3437,0.0
GEMEINDE,15087031,Stadt Arnstein,Erststimmen,D28,Andere KWV,0,3437,0.0
GEMEINDE,15087031,Stadt Arnstein,Zweitstimmen,F01,CDU,1265,3450,36.6667
GEMEINDE,15087031,Stadt Arnstein,Zweitstimmen,F02,AfD,901,3450,26.1159
GEMEINDE,15087031,Stadt Arnstein,Zweitstimmen,F03,DIE LINKE,344,3450,9.971
GEMEINDE,15087031,Stadt Arnstein,Zweitstimmen,F04,SPD,322,3450,9.3333
GEMEINDE,15087031,Stadt Arnstein,Zweitstimmen,F05,GRÜNE,80,3450,2.3188
GEMEINDE,15087031,Stadt Arnstein,Zweitstimmen,F06,FDP,187,3450,5.4203
GEMEINDE,15087031,Stadt Arnstein,Zweitstimmen,F07,FREIE WÄHLER,107,3450,3.1014
GEMEINDE,15087031,Stadt Arnstein,Zweitstimmen,F08,NPD,10,3450,0.2899
GEMEINDE,15087031,Stadt Arnstein,Zweitstimmen,F09,Tierschutzpartei,39,3450,1.1304
GEMEINDE,15087031,Stadt Arnstein,Zweitstimmen,F10,Tierschutzallianz,7,3450,0.2029
GEMEINDE,15087031,Stadt Arnstein,Zweitstimmen,F11,LKR,2,3450,0.058
GEMEINDE,15087031,Stadt Arnstein,Zweitstimmen,F12,Die PARTEI,8,3450,0.2319
GEMEINDE,15087031,Stadt Arnstein,Zweitstimmen,F13,Gartenpartei,22,3450,0.6377
GEMEINDE,15087031,Stadt Arnstein,Zweitstimmen,F14,FBM,69,3450,2.0
GEMEINDE,15087031,Stadt Arnstein,Zweitstimmen,F15,TIERSCHUTZ hier!,23,3450,0.6667
GEMEINDE,15087031,Stadt Arnstein,Zweitstimmen,F16,dieBasis,44,3450,1.2754
GEMEINDE,15087031,Stadt Arnstein,Zweitstimmen,F19,Klimaliste ST,0,3450,0.0
GEMEINDE,15087031,Stadt Arnstein,Zweitstimmen,F21,ÖDP,1,3450,0.029
GEMEINDE,15087031,Stadt Arnstein,Zweitstimmen,F22,Die Humanisten,1,3450,0.029
GEMEINDE,15087031,Stadt Arnstein,Zweitstimmen,F23,Gesundheitsforschung,11,3450,0.3188
GEMEINDE,15087031,Stadt Arnstein,Zweitstimmen,F24,PIRATEN,2,3450,0.058
GEMEINDE,15087031,Stadt Arnstein,Zweitstimmen,F25,WiR2020,5,3450,0.1449
GEMEINDE,15087045,Gemeinde Benndorf,Erststimmen,D01,CDU,307,912,33.6623
GEMEINDE,15087045,Gemeinde Benndorf,Erststimmen,D02,AfD,238,912,26.0965
GEMEINDE,15087045,Gemeinde Benndorf,Erststimmen,D03,DIE LINKE,153,912,16.7763
GEMEINDE,15087045,Gemeinde Benndorf,Erststimmen,D04,SPD,110,912,12.0614
GEMEINDE,15087045,Gemeinde Benndorf,Erststimmen,D05,GRÜNE,16,912,1.7544
GEMEINDE,15087045,Gemeinde Benndorf,Erststimmen,D06,FDP,54,912,5.9211
GEMEINDE,15087045,Gemeinde Benndorf,Erststimmen,D07,FREIE WÄHLER,0,912,0.0
GEMEINDE,15087045,Gemeinde Benndorf,Erststimmen,D08,NPD,0,912,0.0
GEMEINDE,15087045,Gemeinde Benndorf,Erststimmen,D09,Tierschutzpartei,0,912,0.0
GEMEINDE,15087045,Gemeinde Benndorf,Erststimmen,D10,Tierschutzallianz,0,912,0.0
GEMEINDE,15087045,Gemeinde Benndorf,Erststimmen,D12,Die PARTEI,0,912,0.0
GEMEINDE,15087045,Gemeinde Benndorf,Erststimmen,D13,Gartenpartei,0,912,0.0
GEMEINDE,15087045,Gemeinde Benndorf,Erststimmen,D14,FBM,34,912,3.7281
GEMEINDE,15087045,Gemeinde Benndorf,Erststimmen,D16,dieBasis,0,912,0.0
GEMEINDE,15087045,Gemeinde Benndorf,Erststimmen,D21,ÖDP,0,912,0.0
GEMEINDE,15087045,Gemeinde Benndorf,Erststimmen,D26,Andere KWV,0,912,0.0
GEMEINDE,15087045,Gemeinde Benndorf,Erststimmen,D27,Andere KWV,0,912,0.0
GEMEINDE,15087045,Gemeinde Benndorf,Erststimmen,D28,Andere KWV,0,912,0.0
GEMEINDE,15087045,Gemeinde Benndorf,Zweitstimmen,F01,CDU,357,913,39.1019
GEMEINDE,15087045,Gemeinde Benndorf,Zweitstimmen,F02,AfD,217,913,23.7678
GEMEINDE,15087045,Gemeinde Benndorf,Zweitstimmen,F03,DIE LINKE,108,913,11.8291
GEMEINDE,15087045,Gemeinde Benndorf,Zweitstimmen,F04,SPD,98,913,10.7338
GEMEINDE,15087045,Gemeinde Benndorf,Zweitstimmen,F05,GRÜNE,13,913,1.4239
GEMEINDE,15087045,Gemeinde Benndorf,Zweitstimmen,F06,FDP,36,913,3.943
GEMEINDE,15087045,Gemeinde Benndorf,Zweitstimmen,F07,FREIE WÄHLER,14,913,1.5334
GEMEINDE,15087045,Gemeinde Benndorf,Zweitstimmen,F08,NPD,1,913,0.1095
GEMEINDE,15087045,Gemeinde Benndorf,Zweitstimmen,F09,Tierschutzpartei,8,913,0.8762
GEMEINDE,15087045,Gemeinde Benndorf,Zweitstimmen,F10,Tierschutzallianz,2,913,0.2191
GEMEINDE,15087045,Gemeinde Benndorf,Zweitstimmen,F11,LKR,0,913,0.0
GEMEINDE,15087045,Gemeinde Benndorf,Zweitstimmen,F12,Die PARTEI,8,913,0.8762
GEMEINDE,15087045,Gemeinde Benndorf,Zweitstimmen,F13,Gartenpartei,12,913,1.3143
GEMEINDE,15087045,Gemeinde Benndorf,Zweitstimmen,F14,FBM,8,913,0.8762
GEMEINDE,15087045,Gemeinde Benndorf,Zweitstimmen,F15,TIERSCHUTZ hier!,11,913,1.2048
GEMEINDE,15087045,Gemeinde Benndorf,Zweitstimmen,F16,dieBasis,12,913,1.3143
GEMEINDE,15087045,Gemeinde Benndorf,Zweitstimmen,F19,Klimaliste ST,0,913,0.0
GEMEINDE,15087045,Gemeinde Benndorf,Zweitstimmen,F21,ÖDP,0,913,0.0
GEMEINDE,15087045,Gemeinde Benndorf,Zweitstimmen,F22,Die Humanisten,2,913,0.2191
GEMEINDE,15087045,Gemeinde Benndorf,Zweitstimmen,F23,Gesundheitsforschung,3,913,0.3286
GEMEINDE,15087045,Gemeinde Benndorf,Zweitstimmen,F24,PIRATEN,3,913,0.3286
GEMEINDE,15087045,Gemeinde Benndorf,Zweitstimmen,F25,WiR2020,0,913,0.0
GEMEINDE,15087055,Gemeinde Berga,Erststimmen,D01,CDU,243,822,29.562
GEMEINDE,15087055,Gemeinde Berga,Erststimmen,D02,AfD,227,822,27.6156
GEMEINDE,15087055,Gemeinde Berga,Erststimmen,D03,DIE LINKE,200,822,24.3309
GEMEINDE,15087055,Gemeinde Berga,Erststimmen,D04,SPD,65,822,7.9075
GEMEINDE,15087055,Gemeinde Berga,Erststimmen,D05,GRÜNE,14,822,1.7032
GEMEINDE,15087055,Gemeinde Berga,Erststimmen,D06,FDP,55,822,6.691
GEMEINDE,15087055,Gemeinde Berga,Erststimmen,D07,FREIE WÄHLER,0,822,0.0
GEMEINDE,15087055,Gemeinde Berga,Erststimmen,D08,NPD,0,822,0.0
GEMEINDE,15087055,Gemeinde Berga,Erststimmen,D09,Tierschutzpartei,0,822,0.0
GEMEINDE,15087055,Gemeinde Berga,Erststimmen,D10,Tierschutzallianz,0,822,0.0
GEMEINDE,15087055,Gemeinde Berga,Erststimmen,D12,Die PARTEI,0,822,0.0
GEMEINDE,15087055,Gemeinde Berga,Erststimmen,D13,Gartenpartei,0,822,0.0
GEMEINDE,15087055,Gemeinde Berga,Erststimmen,D14,FBM,18,822,2.1898
GEMEINDE,15087055,Gemeinde Berga,Erststimmen,D16,dieBasis,0,822,0.0
GEMEINDE,15087055,Gemeinde Berga,Erststimmen,D21,ÖDP,0,822,0.0
GEMEINDE,15087055,Gemeinde Berga,Erststimmen,D26,Andere KWV,0,822,0.0
GEMEINDE,15087055,Gemeinde Berga,Erststimmen,D27,Andere KWV,0,822,0.0
GEMEINDE,15087055,Gemeinde Berga,Erststimmen,D28,Andere KWV,0,822,0.0
GEMEINDE,15087055,Gemeinde Berga,Zweitstimmen,F01,CDU,323,826,39.1041
GEMEINDE,15087055,Gemeinde Berga,Zweitstimmen,F02,AfD,205,826,24.8184
GEMEINDE,15087055,Gemeinde Berga,Zweitstimmen,F03,DIE LINKE,87,826,10.5327
GEMEINDE,15087055,Gemeinde Berga,Zweitstimmen,F04,SPD,82,826,9.9274
GEMEINDE,15087055,Gemeinde Berga,Zweitstimmen,F05,GRÜNE,14,826,1.6949
GEMEINDE,15087055,Gemeinde Berga,Zweitstimmen,F06,FDP,45,826,5.4479
GEMEINDE,15087055,Gemeinde Berga,Zweitstimmen,F07,FREIE WÄHLER,15,826,1.816
GEMEINDE,15087055,Gemeinde Berga,Zweitstimmen,F08,NPD,5,826,0.6053
GEMEINDE,15087055,Gemeinde Berga,Zweitstimmen,F09,Tierschutzpartei,8,826,0.9685
GEMEINDE,15087055,Gemeinde Berga,Zweitstimmen,F10,Tierschutzallianz,1,826,0.1211
GEMEINDE,15087055,Gemeinde Berga,Zweitstimmen,F11,LKR,0,826,0.0
GEMEINDE,15087055,Gemeinde Berga,Zweitstimmen,F12,Die PARTEI,2,826,0.2421
GEMEINDE,15087055,Gemeinde Berga,Zweitstimmen,F13,Gartenpartei,7,826,0.8475
GEMEINDE,15087055,Gemeinde Berga,Zweitstimmen,F14,FBM,3,826,0.3632
GEMEINDE,15087055,Gemeinde Berga,Zweitstimmen,F15,TIERSCHUTZ hier!,7,826,0.8475
GEMEINDE,15087055,Gemeinde Berga,Zweitstimmen,F16,dieBasis,12,826,1.4528
GEMEINDE,15087055,Gemeinde Berga,Zweitstimmen,F19,Klimaliste ST,1,826,0.1211
GEMEINDE,15087055,Gemeinde Berga,Zweitstimmen,F21,ÖDP,0,826,0.0
GEMEINDE,15087055,Gemeinde Berga,Zweitstimmen,F22,Die Humanisten,2,826,0.2421
GEMEINDE,15087055,Gemeinde Berga,Zweitstimmen,F23,Gesundheitsforschung,2,826,0.2421
GEMEINDE,15087055,Gemeinde Berga,Zweitstimmen,F24,PIRATEN,4,826,0.4843
GEMEINDE,15087055,Gemeinde Berga,Zweitstimmen,F25,WiR2020,1,826,0.1211
GEMEINDE,15087070,Gemeinde Blankenheim,Erststimmen,D01,CDU,180,644,27.9503
GEMEINDE,15087070,Gemeinde Blankenheim,Erststimmen,D02,AfD,177,644,27.4845
GEMEINDE,15087070,Gemeinde Blankenheim,Erststimmen,D03,DIE LINKE,77,644,11.9565
GEMEINDE,15087070,Gemeinde Blankenheim,Erststimmen,D04,SPD,54,644,8.3851
GEMEINDE,15087070,Gemeinde Blankenheim,Erststimmen,D05,GRÜNE,16,644,2.4845
GEMEINDE,15087070,Gemeinde Blankenheim,Erststimmen,D06,FDP,42,644,6.5217
GEMEINDE,15087070,Gemeinde Blankenheim,Erststimmen,D07,FREIE WÄHLER,0,644,0.0
GEMEINDE,15087070,Gemeinde Blankenheim,Erststimmen,D08,NPD,0,644,0.0
GEMEINDE,15087070,Gemeinde Blankenheim,Erststimmen,D09,Tierschutzpartei,0,644,0.0
GEMEINDE,15087070,Gemeinde Blankenheim,Erststimmen,D10,Tierschutzallianz,0,644,0.0
GEMEINDE,15087070,Gemeinde Blankenheim,Erststimmen,D12,Die PARTEI,0,644,0.0
GEMEINDE,15087070,Gemeinde Blankenheim,Erststimmen,D13,Gartenpartei,0,644,0.0
GEMEINDE,15087070,Gemeinde Blankenheim,Erststimmen,D14,FBM,98,644,15.2174
GEMEINDE,15087070,Gemeinde Blankenheim,Erststimmen,D16,dieBasis,0,644,0.0
GEMEINDE,15087070,Gemeinde Blankenheim,Erststimmen,D21,ÖDP,0,644,0.0
GEMEINDE,15087070,Gemeinde Blankenheim,Erststimmen,D26,Andere KWV,0,644,0.0
GEMEINDE,15087070,Gemeinde Blankenheim,Erststimmen,D27,Andere KWV,0,644,0.0
GEMEINDE,15087070,Gemeinde Blankenheim,Erststimmen,D28,Andere KWV,0,644,0.0
GEMEINDE,15087070,Gemeinde Blankenheim,Zweitstimmen,F01,CDU,228,646,35.2941
GEMEINDE,15087070,Gemeinde Blankenheim,Zweitstimmen,F02,AfD,170,646,26.3158
GEMEINDE,15087070,Gemeinde Blankenheim,Zweitstimmen,F03,DIE LINKE,67,646,10.3715
GEMEINDE,15087070,Gemeinde Blankenheim,Zweitstimmen,F04,SPD,44,646,6.8111
GEMEINDE,15087070,Gemeinde Blankenheim,Zweitstimmen,F05,GRÜNE,14,646,2.1672
GEMEINDE,15087070,Gemeinde Blankenheim,Zweitstimmen,F06,FDP,43,646,6.6563
GEMEINDE,15087070,Gemeinde Blankenheim,Zweitstimmen,F07,FREIE WÄHLER,13,646,2.0124
GEMEINDE,15087070,Gemeinde Blankenheim,Zweitstimmen,F08,NPD,2,646,0.3096
GEMEINDE,15087070,Gemeinde Blankenheim,Zweitstimmen,F09,Tierschutzpartei,8,646,1.2384
GEMEINDE,15087070,Gemeinde Blankenheim,Zweitstimmen,F10,Tierschutzallianz,1,646,0.1548
GEMEINDE,15087070,Gemeinde Blankenheim,Zweitstimmen,F11,LKR,0,646,0.0
GEMEINDE,15087070,Gemeinde Blankenheim,Zweitstimmen,F12,Die PARTEI,4,646,0.6192
GEMEINDE,15087070,Gemeinde Blankenheim,Zweitstimmen,F13,Gartenpartei,5,646,0.774
GEMEINDE,15087070,Gemeinde Blankenheim,Zweitstimmen,F14,FBM,28,646,4.3344
GEMEINDE,15087070,Gemeinde Blankenheim,Zweitstimmen,F15,TIERSCHUTZ hier!,5,646,0.774
GEMEINDE,15087070,Gemeinde Blankenheim,Zweitstimmen,F16,dieBasis,6,646,0.9288
GEMEINDE,15087070,Gemeinde Blankenheim,Zweitstimmen,F19,Klimaliste ST,0,646,0.0
GEMEINDE,15087070,Gemeinde Blankenheim,Zweitstimmen,F21,ÖDP,1,646,0.1548
GEMEINDE,15087070,Gemeinde Blankenheim,Zweitstimmen,F22,Die Humanisten,1,646,0.1548
GEMEINDE,15087070,Gemeinde Blankenheim,Zweitstimmen,F23,Gesundheitsforschung,1,646,0.1548
GEMEINDE,15087070,Gemeinde Blankenheim,Zweitstimmen,F24,PIRATEN,5,646,0.774
GEMEINDE,15087070,Gemeinde Blankenheim,Zweitstimmen,F25,WiR2020,0,646,0.0
GEMEINDE,15087075,Gemeinde Bornstedt,Erststimmen,D01,CDU,135,441,30.6122
GEMEINDE,15087075,Gemeinde Bornstedt,Erststimmen,D02,AfD,155,441,35.1474
GEMEINDE,15087075,Gemeinde Bornstedt,Erststimmen,D03,DIE LINKE,46,441,10.4308
GEMEINDE,15087075,Gemeinde Bornstedt,Erststimmen,D04,SPD,42,441,9.5238
GEMEINDE,15087075,Gemeinde Bornstedt,Erststimmen,D05,GRÜNE,12,441,2.7211
GEMEINDE,15087075,Gemeinde Bornstedt,Erststimmen,D06,FDP,28,441,6.3492
GEMEINDE,15087075,Gemeinde Bornstedt,Erststimmen,D07,FREIE WÄHLER,0,441,0.0
GEMEINDE,15087075,Gemeinde Bornstedt,Erststimmen,D08,NPD,0,441,0.0
GEMEINDE,15087075,Gemeinde Bornstedt,Erststimmen,D09,Tierschutzpartei,0,441,0.0
GEMEINDE,15087075,Gemeinde Bornstedt,Erststimmen,D10,Tierschutzallianz,0,441,0.0
GEMEINDE,15087075,Gemeinde Bornstedt,Erststimmen,D12,Die PARTEI,0,441,0.0
GEMEINDE,15087075,Gemeinde Bornstedt,Erststimmen,D13,Gartenpartei,0,441,0.0
GEMEINDE,15087075,Gemeinde Bornstedt,Erststimmen,D14,FBM,23,441,5.2154
GEMEINDE,15087075,Gemeinde Bornstedt,Erststimmen,D16,dieBasis,0,441,0.0
GEMEINDE,15087075,Gemeinde Bornstedt,Erststimmen,D21,ÖDP,0,441,0.0
GEMEINDE,15087075,Gemeinde Bornstedt,Erststimmen,D26,Andere KWV,0,441,0.0
GEMEINDE,15087075,Gemeinde Bornstedt,Erststimmen,D27,Andere KWV,0,441,0.0
GEMEINDE,15087075,Gemeinde Bornstedt,Erststimmen,D28,Andere KWV,0,441,0.0
GEMEINDE,15087075,Gemeinde Bornstedt,Zweitstimmen,F01,CDU,145,442,32.8054
GEMEINDE,15087075,Gemeinde Bornstedt,Zweitstimmen,F02,AfD,149,442,33.7104
GEMEINDE,15087075,Gemeinde Bornstedt,Zweitstimmen,F03,DIE LINKE,36,442,8.1448
GEMEINDE,15087075,Gemeinde Bornstedt,Zweitstimmen,F04,SPD,35,442,7.9186
GEMEINDE,15087075,Gemeinde Bornstedt,Zweitstimmen,F05,GRÜNE,14,442,3.1674
GEMEINDE,15087075,Gemeinde Bornstedt,Zweitstimmen,F06,FDP,13,442,2.9412
GEMEINDE,15087075,Gemeinde Bornstedt,Zweitstimmen,F07,FREIE WÄHLER,8,442,1.81
GEMEINDE,15087075,Gemeinde Bornstedt,Zweitstimmen,F08,NPD,5,442,1.1312
GEMEINDE,15087075,Gemeinde Bornstedt,Zweitstimmen,F09,Tierschutzpartei,6,442,1.3575
GEMEINDE,15087075,Gemeinde Bornstedt,Zweitstimmen,F10,Tierschutzallianz,1,442,0.2262
GEMEINDE,15087075,Gemeinde Bornstedt,Zweitstimmen,F11,LKR,0,442,0.0
GEMEINDE,15087075,Gemeinde Bornstedt,Zweitstimmen,F12,Die PARTEI,5,442,1.1312
GEMEINDE,15087075,Gemeinde Bornstedt,Zweitstimmen,F13,Gartenpartei,3,442,0.6787
GEMEINDE,15087075,Gemeinde Bornstedt,Zweitstimmen,F14,FBM,7,442,1.5837
GEMEINDE,15087075,Gemeinde Bornstedt,Zweitstimmen,F15,TIERSCHUTZ hier!,4,442,0.905
GEMEINDE,15087075,Gemeinde Bornstedt,Zweitstimmen,F16,dieBasis,7,442,1.5837
GEMEINDE,15087075,Gemeinde Bornstedt,Zweitstimmen,F19,Klimaliste ST,0,442,0.0
GEMEINDE,15087075,Gemeinde Bornstedt,Zweitstimmen,F21,ÖDP,0,442,0.0
GEMEINDE,15087075,Gemeinde Bornstedt,Zweitstimmen,F22,Die Humanisten,0,442,0.0
GEMEINDE,15087075,Gemeinde Bornstedt,Zweitstimmen,F23,Gesundheitsforschung,2,442,0.4525
GEMEINDE,15087075,Gemeinde Bornstedt,Zweitstimmen,F24,PIRATEN,2,442,0.4525
GEMEINDE,15087075,Gemeinde Bornstedt,Zweitstimmen,F25,WiR2020,0,442,0.0
GEMEINDE,15087101,Gemeinde Brücken-Hackpfüffel,Erststimmen,D01,CDU,203,602,33.7209
GEMEINDE,15087101,Gemeinde Brücken-Hackpfüffel,Erststimmen,D02,AfD,177,602,29.402
GEMEINDE,15087101,Gemeinde Brücken-Hackpfüffel,Erststimmen,D03,DIE LINKE,75,602,12.4585
GEMEINDE,15087101,Gemeinde Brücken-Hackpfüffel,Erststimmen,D04,SPD,56,602,9.3023
GEMEINDE,15087101,Gemeinde Brücken-Hackpfüffel,Erststimmen,D05,GRÜNE,14,602,2.3256
GEMEINDE,15087101,Gemeinde Brücken-Hackpfüffel,Erststimmen,D06,FDP,58,602,9.6346
GEMEINDE,15087101,Gemeinde Brücken-Hackpfüffel,Erststimmen,D07,FREIE WÄHLER,0,602,0.0
GEMEINDE,15087101,Gemeinde Brücken-Hackpfüffel,Erststimmen,D08,NPD,0,602,0.0
GEMEINDE,15087101,Gemeinde Brücken-Hackpfüffel,Erststimmen,D09,Tierschutzpartei,0,602,0.0
GEMEINDE,15087101,Gemeinde Brücken-Hackpfüffel,Erststimmen,D10,Tierschutzallianz,0,602,0.0
GEMEINDE,15087101,Gemeinde Brücken-Hackpfüffel,Erststimmen,D12,Die PARTEI,0,602,0.0
GEMEINDE,15087101,Gemeinde Brücken-Hackpfüffel,Erststimmen,D13,Gartenpartei,0,602,0.0
GEMEINDE,15087101,Gemeinde Brücken-Hackpfüffel,Erststimmen,D14,FBM,19,602,3.1561
GEMEINDE,15087101,Gemeinde Brücken-Hackpfüffel,Erststimmen,D16,dieBasis,0,602,0.0
GEMEINDE,15087101,Gemeinde Brücken-Hackpfüffel,Erststimmen,D21,ÖDP,0,602,0.0
GEMEINDE,15087101,Gemeinde Brücken-Hackpfüffel,Erststimmen,D26,Andere KWV,0,602,0.0
GEMEINDE,15087101,Gemeinde Brücken-Hackpfüffel,Erststimmen,D27,Andere KWV,0,602,0.0
GEMEINDE,15087101,Gemeinde Brücken-Hackpfüffel,Erststimmen,D28,Andere KWV,0,602,0.0
GEMEINDE,15087101,Gemeinde Brücken-Hackpfüffel,Zweitstimmen,F01,CDU,244,601,40.599
GEMEINDE,15087101,Gemeinde Brücken-Hackpfüffel,Zweitstimmen,F02,AfD,152,601,25.2912
GEMEINDE,15087101,Gemeinde Brücken-Hackpfüffel,Zweitstimmen,F03,DIE LINKE,45,601,7.4875
GEMEINDE,15087101,Gemeinde Brücken-Hackpfüffel,Zweitstimmen,F04,SPD,49,601,8.1531
GEMEINDE,15087101,Gemeinde Brücken-Hackpfüffel,Zweitstimmen,F05,GRÜNE,11,601,1.8303
GEMEINDE,15087101,Gemeinde Brücken-Hackpfüffel,Zweitstimmen,F06,FDP,35,601,5.8236
GEMEINDE,15087101,Gemeinde Brücken-Hackpfüffel,Zweitstimmen,F07,FREIE WÄHLER,10,601,1.6639
GEMEINDE,15087101,Gemeinde Brücken-Hackpfüffel,Zweitstimmen,F08,NPD,2,601,0.3328
GEMEINDE,15087101,Gemeinde Brücken-Hackpfüffel,Zweitstimmen,F09,Tierschutzpartei,14,601,2.3295
GEMEINDE,15087101,Gemeinde Brücken-Hackpfüffel,Zweitstimmen,F10,Tierschutzallianz,3,601,0.4992
GEMEINDE,15087101,Gemeinde Brücken-Hackpfüffel,Zweitstimmen,F11,LKR,0,601,0.0
GEMEINDE,15087101,Gemeinde Brücken-Hackpfüffel,Zweitstimmen,F12,Die PARTEI,1,601,0.1664
GEMEINDE,15087101,Gemeinde Brücken-Hackpfüffel,Zweitstimmen,F13,Gartenpartei,4,601,0.6656
GEMEINDE,15087101,Gemeinde Brücken-Hackpfüffel,Zweitstimmen,F14,FBM,8,601,1.3311
GEMEINDE,15087101,Gemeinde Brücken-Hackpfüffel,Zweitstimmen,F15,TIERSCHUTZ hier!,6,601,0.9983
GEMEINDE,15087101,Gemeinde Brücken-Hackpfüffel,Zweitstimmen,F16,dieBasis,12,601,1.9967
GEMEINDE,15087101,Gemeinde Brücken-Hackpfüffel,Zweitstimmen,F19,Klimaliste ST,0,601,0.0
GEMEINDE,15087101,Gemeinde Brücken-Hackpfüffel,Zweitstimmen,F21,ÖDP,0,601,0.0
GEMEINDE,15087101,Gemeinde Brücken-Hackpfüffel,Zweitstimmen,F22,Die Humanisten,1,601,0.1664
GEMEINDE,15087101,Gemeinde Brücken-Hackpfüffel,Zweitstimmen,F23,Gesundheitsforschung,2,601,0.3328
GEMEINDE,15087101,Gemeinde Brücken-Hackpfüffel,Zweitstimmen,F24,PIRATEN,1,601,0.1664
GEMEINDE,15087101,Gemeinde Brücken-Hackpfüffel,Zweitstimmen,F25,WiR2020,1,601,0.1664
GEMEINDE,15087125,Gemeinde Edersleben,Erststimmen,D01,CDU,201,541,37.1534
GEMEINDE,15087125,Gemeinde Edersleben,Erststimmen,D02,AfD,179,541,33.0869
GEMEINDE,15087125,Gemeinde Edersleben,Erststimmen,D03,DIE LINKE,55,541,10.1664
GEMEINDE,15087125,Gemeinde Edersleben,Erststimmen,D04,SPD,31,541,5.7301
GEMEINDE,15087125,Gemeinde Edersleben,Erststimmen,D05,GRÜNE,20,541,3.6969
GEMEINDE,15087125,Gemeinde Edersleben,Erststimmen,D06,FDP,37,541,6.8392
GEMEINDE,15087125,Gemeinde Edersleben,Erststimmen,D07,FREIE WÄHLER,0,541,0.0
GEMEINDE,15087125,Gemeinde Edersleben,Erststimmen,D08,NPD,0,541,0.0
GEMEINDE,15087125,Gemeinde Edersleben,Erststimmen,D09,Tierschutzpartei,0,541,0.0
GEMEINDE,15087125,Gemeinde Edersleben,Erststimmen,D10,Tierschutzallianz,0,541,0.0
GEMEINDE,15087125,Gemeinde Edersleben,Erststimmen,D12,Die PARTEI,0,541,0.0
GEMEINDE,15087125,Gemeinde Edersleben,Erststimmen,D13,Gartenpartei,0,541,0.0
GEMEINDE,15087125,Gemeinde Edersleben,Erststimmen,D14,FBM,18,541,3.3272
GEMEINDE,15087125,Gemeinde Edersleben,Erststimmen,D16,dieBasis,0,541,0.0
GEMEINDE,15087125,Gemeinde Edersleben,Erststimmen,D21,ÖDP,0,541,0.0
GEMEINDE,15087125,Gemeinde Edersleben,Erststimmen,D26,Andere KWV,0,541,0.0
GEMEINDE,15087125,Gemeinde Edersleben,Erststimmen,D27,Andere KWV,0,541,0.0
GEMEINDE,15087125,Gemeinde Edersleben,Erststimmen,D28,Andere KWV,0,541,0.0
GEMEINDE,15087125,Gemeinde Edersleben,Zweitstimmen,F01,CDU,219,541,40.4806
GEMEINDE,15087125,Gemeinde Edersleben,Zweitstimmen,F02,AfD,157,541,29.0203
GEMEINDE,15087125,Gemeinde Edersleben,Zweitstimmen,F03,DIE LINKE,48,541,8.8725
GEMEINDE,15087125,Gemeinde Edersleben,Zweitstimmen,F04,SPD,26,541,4.8059
GEMEINDE,15087125,Gemeinde Edersleben,Zweitstimmen,F05,GRÜNE,18,541,3.3272
GEMEINDE,15087125,Gemeinde Edersleben,Zweitstimmen,F06,FDP,23,541,4.2514
GEMEINDE,15087125,Gemeinde Edersleben,Zweitstimmen,F07,FREIE WÄHLER,4,541,0.7394
GEMEINDE,15087125,Gemeinde Edersleben,Zweitstimmen,F08,NPD,3,541,0.5545
GEMEINDE,15087125,Gemeinde Edersleben,Zweitstimmen,F09,Tierschutzpartei,7,541,1.2939
GEMEINDE,15087125,Gemeinde Edersleben,Zweitstimmen,F10,Tierschutzallianz,7,541,1.2939
GEMEINDE,15087125,Gemeinde Edersleben,Zweitstimmen,F11,LKR,0,541,0.0
GEMEINDE,15087125,Gemeinde Edersleben,Zweitstimmen,F12,Die PARTEI,1,541,0.1848
GEMEINDE,15087125,Gemeinde Edersleben,Zweitstimmen,F13,Gartenpartei,4,541,0.7394
GEMEINDE,15087125,Gemeinde Edersleben,Zweitstimmen,F14,FBM,8,541,1.4787
GEMEINDE,15087125,Gemeinde Edersleben,Zweitstimmen,F15,TIERSCHUTZ hier!,3,541,0.5545
GEMEINDE,15087125,Gemeinde Edersleben,Zweitstimmen,F16,dieBasis,11,541,2.0333
GEMEINDE,15087125,Gemeinde Edersleben,Zweitstimmen,F19,Klimaliste ST,0,541,0.0
GEMEINDE,15087125,Gemeinde Edersleben,Zweitstimmen,F21,ÖDP,0,541,0.0
GEMEINDE,15087125,Gemeinde Edersleben,Zweitstimmen,F22,Die Humanisten,0,541,0.0
GEMEINDE,15087125,Gemeinde Edersleben,Zweitstimmen,F23,Gesundheitsforschung,1,541,0.1848
GEMEINDE,15087125,Gemeinde Edersleben,Zweitstimmen,F24,PIRATEN,0,541,0.0
GEMEINDE,15087125,Gemeinde Edersleben,Zweitstimmen,F25,WiR2020,1,541,0.1848
GEMEINDE,15087130,Lutherstadt Eisleben,Erststimmen,D01,CDU,3551,9803,36.2236
GEMEINDE,15087130,Lutherstadt Eisleben,Erststimmen,D02,AfD,2642,9803,26.9509
GEMEINDE,15087130,Lutherstadt Eisleben,Erststimmen,D03,DIE LINKE,1514,9803,15.4443
GEMEINDE,15087130,Lutherstadt Eisleben,Erststimmen,D04,SPD,686,9803,6.9979
GEMEINDE,15087130,Lutherstadt Eisleben,Erststimmen,D05,GRÜNE,324,9803,3.3051
GEMEINDE,15087130,Lutherstadt Eisleben,Erststimmen,D06,FDP,737,9803,7.5181
GEMEINDE,15087130,Lutherstadt Eisleben,Erststimmen,D07,FREIE WÄHLER,0,9803,0.0
GEMEINDE,15087130,Lutherstadt Eisleben,Erststimmen,D08,NPD,0,9803,0.0
GEMEINDE,15087130,Lutherstadt Eisleben,Erststimmen,D09,Tierschutzpartei,0,9803,0.0
GEMEINDE,15087130,Lutherstadt Eisleben,Erststimmen,D10,Tierschutzallianz,0,9803,0.0
GEMEINDE,15087130,Lutherstadt Eisleben,Erststimmen,D12,Die PARTEI,0,9803,0.0
GEMEINDE,15087130,Lutherstadt Eisleben,Erststimmen,D13,Gartenpartei,0,9803,0.0
GEMEINDE,15087130,Lutherstadt Eisleben,Erststimmen,D14,FBM,349,9803,3.5601
GEMEINDE,15087130,Lutherstadt Eisleben,Erststimmen,D16,dieBasis,0,9803,0.0
GEMEINDE,15087130,Lutherstadt Eisleben,Erststimmen,D21,ÖDP,0,9803,0.0
GEMEINDE,15087130,Lutherstadt Eisleben,Erststimmen,D26,Andere KWV,0,9803,0.0
GEMEINDE,15087130,Lutherstadt Eisleben,Erststimmen,D27,Andere KWV,0,9803,0.0
GEMEINDE,15087130,Lutherstadt Eisleben,Erststimmen,D28,Andere KWV,0,9803,0.0
GEMEINDE,15087130,Lutherstadt Eisleben,Zweitstimmen,F01,CDU,3690,9823,37.5649
GEMEINDE,15087130,Lutherstadt Eisleben,Zweitstimmen,F02,AfD,2513,9823,25.5828
GEMEINDE,15087130,Lutherstadt Eisleben,Zweitstimmen,F03,DIE LINKE,1138,9823,11.5851
GEMEINDE,15087130,Lutherstadt Eisleben,Zweitstimmen,F04,SPD,690,9823,7.0243
GEMEINDE,15087130,Lutherstadt Eisleben,Zweitstimmen,F05,GRÜNE,282,9823,2.8708
GEMEINDE,15087130,Lutherstadt Eisleben,Zweitstimmen,F06,FDP,670,9823,6.8207
GEMEINDE,15087130,Lutherstadt Eisleben,Zweitstimmen,F07,FREIE WÄHLER,102,9823,1.0384
GEMEINDE,15087130,Lutherstadt Eisleben,Zweitstimmen,F08,NPD,17,9823,0.1731
GEMEINDE,15087130,Lutherstadt Eisleben,Zweitstimmen,F09,Tierschutzpartei,145,9823,1.4761
GEMEINDE,15087130,Lutherstadt Eisleben,Zweitstimmen,F10,Tierschutzallianz,39,9823,0.397
GEMEINDE,15087130,Lutherstadt Eisleben,Zweitstimmen,F11,LKR,5,9823,0.0509
GEMEINDE,15087130,Lutherstadt Eisleben,Zweitstimmen,F12,Die PARTEI,89,9823,0.906
GEMEINDE,15087130,Lutherstadt Eisleben,Zweitstimmen,F13,Gartenpartei,55,9823,0.5599
GEMEINDE,15087130,Lutherstadt Eisleben,Zweitstimmen,F14,FBM,122,9823,1.242
GEMEINDE,15087130,Lutherstadt Eisleben,Zweitstimmen,F15,TIERSCHUTZ hier!,78,9823,0.7941
GEMEINDE,15087130,Lutherstadt Eisleben,Zweitstimmen,F16,dieBasis,107,9823,1.0893
GEMEINDE,15087130,Lutherstadt Eisleben,Zweitstimmen,F19,Klimaliste ST,1,9823,0.0102
GEMEINDE,15087130,Lutherstadt Eisleben,Zweitstimmen,F21,ÖDP,4,9823,0.0407
GEMEINDE,15087130,Lutherstadt Eisleben,Zweitstimmen,F22,Die Humanisten,4,9823,0.0407
GEMEINDE,15087130,Lutherstadt Eisleben,Zweitstimmen,F23,Gesundheitsforschung,35,9823,0.3563
GEMEINDE,15087130,Lutherstadt Eisleben,Zweitstimmen,F24,PIRATEN,27,9823,0.2749
GEMEINDE,15087130,Lutherstadt Eisleben,Zweitstimmen,F25,WiR2020,10,9823,0.1018
GEMEINDE,15087165,Stadt Gerbstedt,Erststimmen,D01,CDU,1048,3249,32.2561
GEMEINDE,15087165,Stadt Gerbstedt,Erststimmen,D02,AfD,1042,3249,32.0714
GEMEINDE,15087165,Stadt Gerbstedt,Erststimmen,D03,DIE LINKE,490,3249,15.0816
GEMEINDE,15087165,Stadt Gerbstedt,Erststimmen,D04,SPD,271,3249,8.341
GEMEINDE,15087165,Stadt Gerbstedt,Erststimmen,D05,GRÜNE,92,3249,2.8316
GEMEINDE,15087165,Stadt Gerbstedt,Erststimmen,D06,FDP,220,3249,6.7713
GEMEINDE,15087165,Stadt Gerbstedt,Erststimmen,D07,FREIE WÄHLER,0,3249,0.0
GEMEINDE,15087165,Stadt Gerbstedt,Erststimmen,D08,NPD,0,3249,0.0
GEMEINDE,15087165,Stadt Gerbstedt,Erststimmen,D09,Tierschutzpartei,0,3249,0.0
GEMEINDE,15087165,Stadt Gerbstedt,Erststimmen,D10,Tierschutzallianz,0,3249,0.0
GEMEINDE,15087165,Stadt Gerbstedt,Erststimmen,D12,Die PARTEI,0,3249,0.0
GEMEINDE,15087165,Stadt Gerbstedt,Erststimmen,D13,Gartenpartei,0,3249,0.0
GEMEINDE,15087165,Stadt Gerbstedt,Erststimmen,D14,FBM,86,3249,2.647
GEMEINDE,15087165,Stadt Gerbstedt,Erststimmen,D16,dieBasis,0,3249,0.0
GEMEINDE,15087165,Stadt Gerbstedt,Erststimmen,D21,ÖDP,0,3249,0.0
GEMEINDE,15087165,Stadt Gerbstedt,Erststimmen,D26,Andere KWV,0,3249,0.0
GEMEINDE,15087165,Stadt Gerbstedt,Erststimmen,D27,Andere KWV,0,3249,0.0
GEMEINDE,15087165,Stadt Gerbstedt,Erststimmen,D28,Andere KWV,0,3249,0.0
GEMEINDE,15087165,Stadt Gerbstedt,Zweitstimmen,F01,CDU,1224,3267,37.4656
GEMEINDE,15087165,Stadt Gerbstedt,Zweitstimmen,F02,AfD,959,3267,29.3541
GEMEINDE,15087165,Stadt Gerbstedt,Zweitstimmen,F03,DIE LINKE,322,3267,9.8561
GEMEINDE,15087165,Stadt Gerbstedt,Zweitstimmen,F04,SPD,217,3267,6.6422
GEMEINDE,15087165,Stadt Gerbstedt,Zweitstimmen,F05,GRÜNE,109,3267,3.3364
GEMEINDE,15087165,Stadt Gerbstedt,Zweitstimmen,F06,FDP,177,3267,5.4178
GEMEINDE,15087165,Stadt Gerbstedt,Zweitstimmen,F07,FREIE WÄHLER,33,3267,1.0101
GEMEINDE,15087165,Stadt Gerbstedt,Zweitstimmen,F08,NPD,20,3267,0.6122
GEMEINDE,15087165,Stadt Gerbstedt,Zweitstimmen,F09,Tierschutzpartei,36,3267,1.1019
GEMEINDE,15087165,Stadt Gerbstedt,Zweitstimmen,F10,Tierschutzallianz,10,3267,0.3061
GEMEINDE,15087165,Stadt Gerbstedt,Zweitstimmen,F11,LKR,1,3267,0.0306
GEMEINDE,15087165,Stadt Gerbstedt,Zweitstimmen,F12,Die PARTEI,25,3267,0.7652
GEMEINDE,15087165,Stadt Gerbstedt,Zweitstimmen,F13,Gartenpartei,15,3267,0.4591
GEMEINDE,15087165,Stadt Gerbstedt,Zweitstimmen,F14,FBM,20,3267,0.6122
GEMEINDE,15087165,Stadt Gerbstedt,Zweitstimmen,F15,TIERSCHUTZ hier!,27,3267,0.8264
GEMEINDE,15087165,Stadt Gerbstedt,Zweitstimmen,F16,dieBasis,44,3267,1.3468
GEMEINDE,15087165,Stadt Gerbstedt,Zweitstimmen,F19,Klimaliste ST,5,3267,0.153
GEMEINDE,15087165,Stadt Gerbstedt,Zweitstimmen,F21,ÖDP,0,3267,0.0
GEMEINDE,15087165,Stadt Gerbstedt,Zweitstimmen,F22,Die Humanisten,4,3267,0.1224
GEMEINDE,15087165,Stadt Gerbstedt,Zweitstimmen,F23,Gesundheitsforschung,6,3267,0.1837
GEMEINDE,15087165,Stadt Gerbstedt,Zweitstimmen,F24,PIRATEN,10,3267,0.3061
GEMEINDE,15087165,Stadt Gerbstedt,Zweitstimmen,F25,WiR2020,3,3267,0.0918
GEMEINDE,15087205,Gemeinde Helbra,Erststimmen,D01,CDU,550,1853,29.6816
GEMEINDE,15087205,Gemeinde Helbra,Erststimmen,D02,AfD,560,1853,30.2213
GEMEINDE,15087205,Gemeinde Helbra,Erststimmen,D03,DIE LINKE,298,1853,16.082
GEMEINDE,15087205,Gemeinde Helbra,Erststimmen,D04,SPD,215,1853,11.6028
GEMEINDE,15087205,Gemeinde Helbra,Erststimmen,D05,GRÜNE,37,1853,1.9968
GEMEINDE,15087205,Gemeinde Helbra,Erststimmen,D06,FDP,125,1853,6.7458
GEMEINDE,15087205,Gemeinde Helbra,Erststimmen,D07,FREIE WÄHLER,0,1853,0.0
GEMEINDE,15087205,Gemeinde Helbra,Erststimmen,D08,NPD,0,1853,0.0
GEMEINDE,15087205,Gemeinde Helbra,Erststimmen,D09,Tierschutzpartei,0,1853,0.0
GEMEINDE,15087205,Gemeinde Helbra,Erststimmen,D10,Tierschutzallianz,0,1853,0.0
GEMEINDE,15087205,Gemeinde Helbra,Erststimmen,D12,Die PARTEI,0,1853,0.0
GEMEINDE,15087205,Gemeinde Helbra,Erststimmen,D13,Gartenpartei,0,1853,0.0
GEMEINDE,15087205,Gemeinde Helbra,Erststimmen,D14,FBM,68,1853,3.6697
GEMEINDE,15087205,Gemeinde Helbra,Erststimmen,D16,dieBasis,0,1853,0.0
GEMEINDE,15087205,Gemeinde Helbra,Erststimmen,D21,ÖDP,0,1853,0.0
GEMEINDE,15087205,Gemeinde Helbra,Erststimmen,D26,Andere KWV,0,1853,0.0
GEMEINDE,15087205,Gemeinde Helbra,Erststimmen,D27,Andere KWV,0,1853,0.0
GEMEINDE,15087205,Gemeinde Helbra,Erststimmen,D28,Andere KWV,0,1853,0.0
GEMEINDE,15087205,Gemeinde Helbra,Zweitstimmen,F01,CDU,658,1862,35.3383
GEMEINDE,15087205,Gemeinde Helbra,Zweitstimmen,F02,AfD,524,1862,28.1418
GEMEINDE,15087205,Gemeinde Helbra,Zweitstimmen,F03,DIE LINKE,203,1862,10.9023
GEMEINDE,15087205,Gemeinde Helbra,Zweitstimmen,F04,SPD,187,1862,10.043
GEMEINDE,15087205,Gemeinde Helbra,Zweitstimmen,F05,GRÜNE,36,1862,1.9334
GEMEINDE,15087205,Gemeinde Helbra,Zweitstimmen,F06,FDP,95,1862,5.102
GEMEINDE,15087205,Gemeinde Helbra,Zweitstimmen,F07,FREIE WÄHLER,22,1862,1.1815
GEMEINDE,15087205,Gemeinde Helbra,Zweitstimmen,F08,NPD,2,1862,0.1074
GEMEINDE,15087205,Gemeinde Helbra,Zweitstimmen,F09,Tierschutzpartei,27,1862,1.4501
GEMEINDE,15087205,Gemeinde Helbra,Zweitstimmen,F10,Tierschutzallianz,4,1862,0.2148
GEMEINDE,15087205,Gemeinde Helbra,Zweitstimmen,F11,LKR,0,1862,0.0
GEMEINDE,15087205,Gemeinde Helbra,Zweitstimmen,F12,Die PARTEI,14,1862,0.7519
GEMEINDE,15087205,Gemeinde Helbra,Zweitstimmen,F13,Gartenpartei,12,1862,0.6445
GEMEINDE,15087205,Gemeinde Helbra,Zweitstimmen,F14,FBM,27,1862,1.4501
GEMEINDE,15087205,Gemeinde Helbra,Zweitstimmen,F15,TIERSCHUTZ hier!,11,1862,0.5908
GEMEINDE,15087205,Gemeinde Helbra,Zweitstimmen,F16,dieBasis,23,1862,1.2352
GEMEINDE,15087205,Gemeinde Helbra,Zweitstimmen,F19,Klimaliste ST,0,1862,0.0
GEMEINDE,15087205,Gemeinde Helbra,Zweitstimmen,F21,ÖDP,0,1862,0.0
GEMEINDE,15087205,Gemeinde Helbra,Zweitstimmen,F22,Die Humanisten,4,1862,0.2148
GEMEINDE,15087205,Gemeinde Helbra,Zweitstimmen,F23,Gesundheitsforschung,6,1862,0.3222
GEMEINDE,15087205,Gemeinde Helbra,Zweitstimmen,F24,PIRATEN,6,1862,0.3222
GEMEINDE,15087205,Gemeinde Helbra,Zweitstimmen,F25,WiR2020,1,1862,0.0537
GEMEINDE,15087210,Gemeinde Hergisdorf,Erststimmen,D01,CDU,241,792,30.4293
GEMEINDE,15087210,Gemeinde Hergisdorf,Erststimmen,D02,AfD,241,792,30.4293
GEMEINDE,15087210,Gemeinde Hergisdorf,Erststimmen,D03,DIE LINKE,135,792,17.0455
GEMEINDE,15087210,Gemeinde Hergisdorf,Erststimmen,D04,SPD,81,792,10.2273
GEMEINDE,15087210,Gemeinde Hergisdorf,Erststimmen,D05,GRÜNE,14,792,1.7677
GEMEINDE,15087210,Gemeinde Hergisdorf,Erststimmen,D06,FDP,61,792,7.702
GEMEINDE,15087210,Gemeinde Hergisdorf,Erststimmen,D07,FREIE WÄHLER,0,792,0.0
GEMEINDE,15087210,Gemeinde Hergisdorf,Erststimmen,D08,NPD,0,792,0.0
GEMEINDE,15087210,Gemeinde Hergisdorf,Erststimmen,D09,Tierschutzpartei,0,792,0.0
GEMEINDE,15087210,Gemeinde Hergisdorf,Erststimmen,D10,Tierschutzallianz,0,792,0.0
GEMEINDE,15087210,Gemeinde Hergisdorf,Erststimmen,D12,Die PARTEI,0,792,0.0
GEMEINDE,15087210,Gemeinde Hergisdorf,Erststimmen,D13,Gartenpartei,0,792,0.0
GEMEINDE,15087210,Gemeinde Hergisdorf,Erststimmen,D14,FBM,19,792,2.399
GEMEINDE,15087210,Gemeinde Hergisdorf,Erststimmen,D16,dieBasis,0,792,0.0
GEMEINDE,15087210,Gemeinde Hergisdorf,Erststimmen,D21,ÖDP,0,792,0.0
GEMEINDE,15087210,Gemeinde Hergisdorf,Erststimmen,D26,Andere KWV,0,792,0.0
GEMEINDE,15087210,Gemeinde Hergisdorf,Erststimmen,D27,Andere KWV,0,792,0.0
GEMEINDE,15087210,Gemeinde Hergisdorf,Erststimmen,D28,Andere KWV,0,792,0.0
GEMEINDE,15087210,Gemeinde Hergisdorf,Zweitstimmen,F01,CDU,274,794,34.5088
GEMEINDE,15087210,Gemeinde Hergisdorf,Zweitstimmen,F02,AfD,226,794,28.4635
GEMEINDE,15087210,Gemeinde Hergisdorf,Zweitstimmen,F03,DIE LINKE,86,794,10.8312
GEMEINDE,15087210,Gemeinde Hergisdorf,Zweitstimmen,F04,SPD,67,794,8.4383
GEMEINDE,15087210,Gemeinde Hergisdorf,Zweitstimmen,F05,GRÜNE,17,794,2.1411
GEMEINDE,15087210,Gemeinde Hergisdorf,Zweitstimmen,F06,FDP,58,794,7.3048
GEMEINDE,15087210,Gemeinde Hergisdorf,Zweitstimmen,F07,FREIE WÄHLER,12,794,1.5113
GEMEINDE,15087210,Gemeinde Hergisdorf,Zweitstimmen,F08,NPD,6,794,0.7557
GEMEINDE,15087210,Gemeinde Hergisdorf,Zweitstimmen,F09,Tierschutzpartei,10,794,1.2594
GEMEINDE,15087210,Gemeinde Hergisdorf,Zweitstimmen,F10,Tierschutzallianz,2,794,0.2519
GEMEINDE,15087210,Gemeinde Hergisdorf,Zweitstimmen,F11,LKR,0,794,0.0
GEMEINDE,15087210,Gemeinde Hergisdorf,Zweitstimmen,F12,Die PARTEI,4,794,0.5038
GEMEINDE,15087210,Gemeinde Hergisdorf,Zweitstimmen,F13,Gartenpartei,8,794,1.0076
GEMEINDE,15087210,Gemeinde Hergisdorf,Zweitstimmen,F14,FBM,10,794,1.2594
GEMEINDE,15087210,Gemeinde Hergisdorf,Zweitstimmen,F15,TIERSCHUTZ hier!,3,794,0.3778
GEMEINDE,15087210,Gemeinde Hergisdorf,Zweitstimmen,F16,dieBasis,8,794,1.0076
GEMEINDE,15087210,Gemeinde Hergisdorf,Zweitstimmen,F19,Klimaliste ST,0,794,0.0
GEMEINDE,15087210,Gemeinde Hergisdorf,Zweitstimmen,F21,ÖDP,0,794,0.0
GEMEINDE,15087210,Gemeinde Hergisdorf,Zweitstimmen,F22,Die Humanisten,0,794,0.0
GEMEINDE,15087210,Gemeinde Hergisdorf,Zweitstimmen,F23,Gesundheitsforschung,2,794,0.2519
GEMEINDE,15087210,Gemeinde Hergisdorf,Zweitstimmen,F24,PIRATEN,1,794,0.1259
GEMEINDE,15087210,Gemeinde Hergisdorf,Zweitstimmen,F25,WiR2020,0,794,0.0
GEMEINDE,15087220,Stadt Hettstedt,Erststimmen,D01,CDU,1646,6044,27.2336
GEMEINDE,15087220,Stadt Hettstedt,Erststimmen,D02,AfD,1774,6044,29.3514
GEMEINDE,15087220,Stadt Hettstedt,Erststimmen,D03,DIE LINKE,1290,6044,21.3435
GEMEINDE,15087220,Stadt Hettstedt,Erststimmen,D04,SPD,656,6044,10.8537
GEMEINDE,15087220,Stadt Hettstedt,Erststimmen,D05,GRÜNE,112,6044,1.8531
GEMEINDE,15087220,Stadt Hettstedt,Erststimmen,D06,FDP,375,6044,6.2045
GEMEINDE,15087220,Stadt Hettstedt,Erststimmen,D07,FREIE WÄHLER,0,6044,0.0
GEMEINDE,15087220,Stadt Hettstedt,Erststimmen,D08,NPD,0,6044,0.0
GEMEINDE,15087220,Stadt Hettstedt,Erststimmen,D09,Tierschutzpartei,0,6044,0.0
GEMEINDE,15087220,Stadt Hettstedt,Erststimmen,D10,Tierschutzallianz,0,6044,0.0
GEMEINDE,15087220,Stadt Hettstedt,Erststimmen,D12,Die PARTEI,0,6044,0.0
GEMEINDE,15087220,Stadt Hettstedt,Erststimmen,D13,Gartenpartei,0,6044,0.0
GEMEINDE,15087220,Stadt Hettstedt,Erststimmen,D14,FBM,191,6044,3.1602
GEMEINDE,15087220,Stadt Hettstedt,Erststimmen,D16,dieBasis,0,6044,0.0
GEMEINDE,15087220,Stadt Hettstedt,Erststimmen,D21,ÖDP,0,6044,0.0
GEMEINDE,15087220,Stadt Hettstedt,Erststimmen,D26,Andere KWV,0,6044,0.0
GEMEINDE,15087220,Stadt Hettstedt,Erststimmen,D27,Andere KWV,0,6044,0.0
GEMEINDE,15087220,Stadt Hettstedt,Erststimmen,D28,Andere KWV,0,6044,0.0
GEMEINDE,15087220,Stadt Hettstedt,Zweitstimmen,F01,CDU,2135,6050,35.2893
GEMEINDE,15087220,Stadt Hettstedt,Zweitstimmen,F02,AfD,1599,6050,26.4298
GEMEINDE,15087220,Stadt Hettstedt,Zweitstimmen,F03,DIE LINKE,865,6050,14.2975
GEMEINDE,15087220,Stadt Hettstedt,Zweitstimmen,F04,SPD,542,6050,8.9587
GEMEINDE,15087220,Stadt Hettstedt,Zweitstimmen,F05,GRÜNE,110,6050,1.8182
GEMEINDE,15087220,Stadt Hettstedt,Zweitstimmen,F06,FDP,292,6050,4.8264
GEMEINDE,15087220,Stadt Hettstedt,Zweitstimmen,F07,FREIE WÄHLER,72,6050,1.1901
GEMEINDE,15087220,Stadt Hettstedt,Zweitstimmen,F08,NPD,23,6050,0.3802
GEMEINDE,15087220,Stadt Hettstedt,Zweitstimmen,F09,Tierschutzpartei,73,6050,1.2066
GEMEINDE,15087220,Stadt Hettstedt,Zweitstimmen,F10,Tierschutzallianz,24,6050,0.3967
GEMEINDE,15087220,Stadt Hettstedt,Zweitstimmen,F11,LKR,1,6050,0.0165
GEMEINDE,15087220,Stadt Hettstedt,Zweitstimmen,F12,Die PARTEI,36,6050,0.595
GEMEINDE,15087220,Stadt Hettstedt,Zweitstimmen,F13,Gartenpartei,23,6050,0.3802
GEMEINDE,15087220,Stadt Hettstedt,Zweitstimmen,F14,FBM,101,6050,1.6694
GEMEINDE,15087220,Stadt Hettstedt,Zweitstimmen,F15,TIERSCHUTZ hier!,45,6050,0.7438
GEMEINDE,15087220,Stadt Hettstedt,Zweitstimmen,F16,dieBasis,56,6050,0.9256
GEMEINDE,15087220,Stadt Hettstedt,Zweitstimmen,F19,Klimaliste ST,4,6050,0.0661
GEMEINDE,15087220,Stadt Hettstedt,Zweitstimmen,F21,ÖDP,3,6050,0.0496
GEMEINDE,15087220,Stadt Hettstedt,Zweitstimmen,F22,Die Humanisten,8,6050,0.1322
GEMEINDE,15087220,Stadt Hettstedt,Zweitstimmen,F23,Gesundheitsforschung,22,6050,0.3636
GEMEINDE,15087220,Stadt Hettstedt,Zweitstimmen,F24,PIRATEN,11,6050,0.1818
GEMEINDE,15087220,Stadt Hettstedt,Zweitstimmen,F25,WiR2020,5,6050,0.0826
GEMEINDE,15087250,Stadt Kelbra (Kyffhäuser),Erststimmen,D01,CDU,605,1654,36.578
GEMEINDE,15087250,Stadt Kelbra (Kyffhäuser),Erststimmen,D02,AfD,397,1654,24.0024
GEMEINDE,15087250,Stadt Kelbra (Kyffhäuser),Erststimmen,D03,DIE LINKE,296,1654,17.896
GEMEINDE,15087250,Stadt Kelbra (Kyffhäuser),Erststimmen,D04,SPD,133,1654,8.0411
GEMEINDE,15087250,Stadt Kelbra (Kyffhäuser),Erststimmen,D05,GRÜNE,55,1654,3.3253
GEMEINDE,15087250,Stadt Kelbra (Kyffhäuser),Erststimmen,D06,FDP,113,1654,6.8319
GEMEINDE,15087250,Stadt Kelbra (Kyffhäuser),Erststimmen,D07,FREIE WÄHLER,0,1654,0.0
GEMEINDE,15087250,Stadt Kelbra (Kyffhäuser),Erststimmen,D08,NPD,0,1654,0.0
GEMEINDE,15087250,Stadt Kelbra (Kyffhäuser),Erststimmen,D09,Tierschutzpartei,0,1654,0.0
GEMEINDE,15087250,Stadt Kelbra (Kyffhäuser),Erststimmen,D10,Tierschutzallianz,0,1654,0.0
GEMEINDE,15087250,Stadt Kelbra (Kyffhäuser),Erststimmen,D12,Die PARTEI,0,1654,0.0
GEMEINDE,15087250,Stadt Kelbra (Kyffhäuser),Erststimmen,D13,Gartenpartei,0,1654,0.0
GEMEINDE,15087250,Stadt Kelbra (Kyffhäuser),Erststimmen,D14,FBM,55,1654,3.3253
GEMEINDE,15087250,Stadt Kelbra (Kyffhäuser),Erststimmen,D16,dieBasis,0,1654,0.0
GEMEINDE,15087250,Stadt Kelbra (Kyffhäuser),Erststimmen,D21,ÖDP,0,1654,0.0
GEMEINDE,15087250,Stadt Kelbra (Kyffhäuser),Erststimmen,D26,Andere KWV,0,1654,0.0
GEMEINDE,15087250,Stadt Kelbra (Kyffhäuser),Erststimmen,D27,Andere KWV,0,1654,0.0
GEMEINDE,15087250,Stadt Kelbra (Kyffhäuser),Erststimmen,D28,Andere KWV,0,1654,0.0
GEMEINDE,15087250,Stadt Kelbra (Kyffhäuser),Zweitstimmen,F01,CDU,693,1665,41.6216
GEMEINDE,15087250,Stadt Kelbra (Kyffhäuser),Zweitstimmen,F02,AfD,357,1665,21.4414
GEMEINDE,15087250,Stadt Kelbra (Kyffhäuser),Zweitstimmen,F03,DIE LINKE,198,1665,11.8919
GEMEINDE,15087250,Stadt Kelbra (Kyffhäuser),Zweitstimmen,F04,SPD,130,1665,7.8078
GEMEINDE,15087250,Stadt Kelbra (Kyffhäuser),Zweitstimmen,F05,GRÜNE,56,1665,3.3634
GEMEINDE,15087250,Stadt Kelbra (Kyffhäuser),Zweitstimmen,F06,FDP,89,1665,5.3453
GEMEINDE,15087250,Stadt Kelbra (Kyffhäuser),Zweitstimmen,F07,FREIE WÄHLER,26,1665,1.5616
GEMEINDE,15087250,Stadt Kelbra (Kyffhäuser),Zweitstimmen,F08,NPD,10,1665,0.6006
GEMEINDE,15087250,Stadt Kelbra (Kyffhäuser),Zweitstimmen,F09,Tierschutzpartei,15,1665,0.9009
GEMEINDE,15087250,Stadt Kelbra (Kyffhäuser),Zweitstimmen,F10,Tierschutzallianz,6,1665,0.3604
GEMEINDE,15087250,Stadt Kelbra (Kyffhäuser),Zweitstimmen,F11,LKR,0,1665,0.0
GEMEINDE,15087250,Stadt Kelbra (Kyffhäuser),Zweitstimmen,F12,Die PARTEI,5,1665,0.3003
GEMEINDE,15087250,Stadt Kelbra (Kyffhäuser),Zweitstimmen,F13,Gartenpartei,9,1665,0.5405
GEMEINDE,15087250,Stadt Kelbra (Kyffhäuser),Zweitstimmen,F14,FBM,17,1665,1.021
GEMEINDE,15087250,Stadt Kelbra (Kyffhäuser),Zweitstimmen,F15,TIERSCHUTZ hier!,19,1665,1.1411
GEMEINDE,15087250,Stadt Kelbra (Kyffhäuser),Zweitstimmen,F16,dieBasis,15,1665,0.9009
GEMEINDE,15087250,Stadt Kelbra (Kyffhäuser),Zweitstimmen,F19,Klimaliste ST,1,1665,0.0601
GEMEINDE,15087250,Stadt Kelbra (Kyffhäuser),Zweitstimmen,F21,ÖDP,0,1665,0.0
GEMEINDE,15087250,Stadt Kelbra (Kyffhäuser),Zweitstimmen,F22,Die Humanisten,0,1665,0.0
GEMEINDE,15087250,Stadt Kelbra (Kyffhäuser),Zweitstimmen,F23,Gesundheitsforschung,7,1665,0.4204
GEMEINDE,15087250,Stadt Kelbra (Kyffhäuser),Zweitstimmen,F24,PIRATEN,7,1665,0.4204
GEMEINDE,15087250,Stadt Kelbra (Kyffhäuser),Zweitstimmen,F25,WiR2020,5,1665,0.3003
GEMEINDE,15087260,Gemeinde Klostermansfeld,Erststimmen,D01,CDU,403,1112,36.241
GEMEINDE,15087260,Gemeinde Klostermansfeld,Erststimmen,D02,AfD,288,1112,25.8993
GEMEINDE,15087260,Gemeinde Klostermansfeld,Erststimmen,D03,DIE LINKE,155,1112,13.9388
GEMEINDE,15087260,Gemeinde Klostermansfeld,Erststimmen,D04,SPD,99,1112,8.9029
GEMEINDE,15087260,Gemeinde Klostermansfeld,Erststimmen,D05,GRÜNE,33,1112,2.9676
GEMEINDE,15087260,Gemeinde Klostermansfeld,Erststimmen,D06,FDP,93,1112,8.3633
GEMEINDE,15087260,Gemeinde Klostermansfeld,Erststimmen,D07,FREIE WÄHLER,0,1112,0.0
GEMEINDE,15087260,Gemeinde Klostermansfeld,Erststimmen,D08,NPD,0,1112,0.0
GEMEINDE,15087260,Gemeinde Klostermansfeld,Erststimmen,D09,Tierschutzpartei,0,1112,0.0
GEMEINDE,15087260,Gemeinde Klostermansfeld,Erststimmen,D10,Tierschutzallianz,0,1112,0.0
GEMEINDE,15087260,Gemeinde Klostermansfeld,Erststimmen,D12,Die PARTEI,0,1112,0.0
GEMEINDE,15087260,Gemeinde Klostermansfeld,Erststimmen,D13,Gartenpartei,0,1112,0.0
GEMEINDE,15087260,Gemeinde Klostermansfeld,Erststimmen,D14,FBM,41,1112,3.6871
GEMEINDE,15087260,Gemeinde Klostermansfeld,Erststimmen,D16,dieBasis,0,1112,0.0
GEMEINDE,15087260,Gemeinde Klostermansfeld,Erststimmen,D21,ÖDP,0,1112,0.0
GEMEINDE,15087260,Gemeinde Klostermansfeld,Erststimmen,D26,Andere KWV,0,1112,0.0
GEMEINDE,15087260,Gemeinde Klostermansfeld,Erststimmen,D27,Andere KWV,0,1112,0.0
GEMEINDE,15087260,Gemeinde Klostermansfeld,Erststimmen,D28,Andere KWV,0,1112,0.0
GEMEINDE,15087260,Gemeinde Klostermansfeld,Zweitstimmen,F01,CDU,449,1110,40.4505
GEMEINDE,15087260,Gemeinde Klostermansfeld,Zweitstimmen,F02,AfD,262,1110,23.6036
GEMEINDE,15087260,Gemeinde Klostermansfeld,Zweitstimmen,F03,DIE LINKE,102,1110,9.1892
GEMEINDE,15087260,Gemeinde Klostermansfeld,Zweitstimmen,F04,SPD,89,1110,8.018
GEMEINDE,15087260,Gemeinde Klostermansfeld,Zweitstimmen,F05,GRÜNE,28,1110,2.5225
GEMEINDE,15087260,Gemeinde Klostermansfeld,Zweitstimmen,F06,FDP,77,1110,6.9369
GEMEINDE,15087260,Gemeinde Klostermansfeld,Zweitstimmen,F07,FREIE WÄHLER,15,1110,1.3514
GEMEINDE,15087260,Gemeinde Klostermansfeld,Zweitstimmen,F08,NPD,2,1110,0.1802
GEMEINDE,15087260,Gemeinde Klostermansfeld,Zweitstimmen,F09,Tierschutzpartei,14,1110,1.2613
GEMEINDE,15087260,Gemeinde Klostermansfeld,Zweitstimmen,F10,Tierschutzallianz,7,1110,0.6306
GEMEINDE,15087260,Gemeinde Klostermansfeld,Zweitstimmen,F11,LKR,0,1110,0.0
GEMEINDE,15087260,Gemeinde Klostermansfeld,Zweitstimmen,F12,Die PARTEI,5,1110,0.4505
GEMEINDE,15087260,Gemeinde Klostermansfeld,Zweitstimmen,F13,Gartenpartei,6,1110,0.5405
GEMEINDE,15087260,Gemeinde Klostermansfeld,Zweitstimmen,F14,FBM,18,1110,1.6216
GEMEINDE,15087260,Gemeinde Klostermansfeld,Zweitstimmen,F15,TIERSCHUTZ hier!,9,1110,0.8108
GEMEINDE,15087260,Gemeinde Klostermansfeld,Zweitstimmen,F16,dieBasis,18,1110,1.6216
GEMEINDE,15087260,Gemeinde Klostermansfeld,Zweitstimmen,F19,Klimaliste ST,1,1110,0.0901
GEMEINDE,15087260,Gemeinde Klostermansfeld,Zweitstimmen,F21,ÖDP,3,1110,0.2703
GEMEINDE,15087260,Gemeinde Klostermansfeld,Zweitstimmen,F22,Die Humanisten,0,1110,0.0
GEMEINDE,15087260,Gemeinde Klostermansfeld,Zweitstimmen,F23,Gesundheitsforschung,4,1110,0.3604
GEMEINDE,15087260,Gemeinde Klostermansfeld,Zweitstimmen,F24,PIRATEN,0,1110,0.0
GEMEINDE,15087260,Gemeinde Klostermansfeld,Zweitstimmen,F25,WiR2020,1,1110,0.0901
GEMEINDE,15087275,Stadt Mansfeld,Erststimmen,D01,CDU,1574,4458,35.3073
GEMEINDE,15087275,Stadt Mansfeld,Erststimmen,D02,AfD,1196,4458,26.8282
GEMEINDE,15087275,Stadt Mansfeld,Erststimmen,D03,DIE LINKE,611,4458,13.7057
GEMEINDE,15087275,Stadt Mansfeld,Erststimmen,D04,SPD,367,4458,8.2324
GEMEINDE,15087275,Stadt Mansfeld,Erststimmen,D05,GRÜNE,118,4458,2.6469
GEMEINDE,15087275,Stadt Mansfeld,Erststimmen,D06,FDP,345,4458,7.7389
GEMEINDE,15087275,Stadt Mansfeld,Erststimmen,D07,FREIE WÄHLER,0,4458,0.0
GEMEINDE,15087275,Stadt Mansfeld,Erststimmen,D08,NPD,0,4458,0.0
GEMEINDE,15087275,Stadt Mansfeld,Erststimmen,D09,Tierschutzpartei,0,4458,0.0
GEMEINDE,15087275,Stadt Mansfeld,Erststimmen,D10,Tierschutzallianz,0,4458,0.0
GEMEINDE,15087275,Stadt Mansfeld,Erststimmen,D12,Die PARTEI,0,4458,0.0
GEMEINDE,15087275,Stadt Mansfeld,Erststimmen,D13,Gartenpartei,0,4458,0.0
GEMEINDE,15087275,Stadt Mansfeld,Erststimmen,D14,FBM,247,4458,5.5406
GEMEINDE,15087275,Stadt Mansfeld,Erststimmen,D16,dieBasis,0,4458,0.0
GEMEINDE,15087275,Stadt Mansfeld,Erststimmen,D21,ÖDP,0,4458,0.0
GEMEINDE,15087275,Stadt Mansfeld,Erststimmen,D26,Andere KWV,0,4458,0.0
GEMEINDE,15087275,Stadt Mansfeld,Erststimmen,D27,Andere KWV,0,4458,0.0
GEMEINDE,15087275,Stadt Mansfeld,Erststimmen,D28,Andere KWV,0,4458,0.0
GEMEINDE,15087275,Stadt Mansfeld,Zweitstimmen,F01,CDU,1671,4488,37.2326
GEMEINDE,15087275,Stadt Mansfeld,Zweitstimmen,F02,AfD,1082,4488,24.1087
GEMEINDE,15087275,Stadt Mansfeld,Zweitstimmen,F03,DIE LINKE,495,4488,11.0294
GEMEINDE,15087275,Stadt Mansfeld,Zweitstimmen,F04,SPD,378,4488,8.4225
GEMEINDE,15087275,Stadt Mansfeld,Zweitstimmen,F05,GRÜNE,103,4488,2.295
GEMEINDE,15087275,Stadt Mansfeld,Zweitstimmen,F06,FDP,292,4488,6.5062
GEMEINDE,15087275,Stadt Mansfeld,Zweitstimmen,F07,FREIE WÄHLER,90,4488,2.0053
GEMEINDE,15087275,Stadt Mansfeld,Zweitstimmen,F08,NPD,15,4488,0.3342
GEMEINDE,15087275,Stadt Mansfeld,Zweitstimmen,F09,Tierschutzpartei,42,4488,0.9358
GEMEINDE,15087275,Stadt Mansfeld,Zweitstimmen,F10,Tierschutzallianz,9,4488,0.2005
GEMEINDE,15087275,Stadt Mansfeld,Zweitstimmen,F11,LKR,1,4488,0.0223
GEMEINDE,15087275,Stadt Mansfeld,Zweitstimmen,F12,Die PARTEI,41,4488,0.9135
GEMEINDE,15087275,Stadt Mansfeld,Zweitstimmen,F13,Gartenpartei,24,4488,0.5348
GEMEINDE,15087275,Stadt Mansfeld,Zweitstimmen,F14,FBM,133,4488,2.9635
GEMEINDE,15087275,Stadt Mansfeld,Zweitstimmen,F15,TIERSCHUTZ hier!,21,4488,0.4679
GEMEINDE,15087275,Stadt Mansfeld,Zweitstimmen,F16,dieBasis,60,4488,1.3369
GEMEINDE,15087275,Stadt Mansfeld,Zweitstimmen,F19,Klimaliste ST,0,4488,0.0
GEMEINDE,15087275,Stadt Mansfeld,Zweitstimmen,F21,ÖDP,2,4488,0.0446
GEMEINDE,15087275,Stadt Mansfeld,Zweitstimmen,F22,Die Humanisten,1,4488,0.0223
GEMEINDE,15087275,Stadt Mansfeld,Zweitstimmen,F23,Gesundheitsforschung,15,4488,0.3342
GEMEINDE,15087275,Stadt Mansfeld,Zweitstimmen,F24,PIRATEN,10,4488,0.2228
GEMEINDE,15087275,Stadt Mansfeld,Zweitstimmen,F25,WiR2020,3,4488,0.0668
GEMEINDE,15087370,Stadt Sangerhausen,Erststimmen,D01,CDU,4436,12662,35.034
GEMEINDE,15087370,Stadt Sangerhausen,Erststimmen,D02,AfD,3383,12662,26.7177
GEMEINDE,15087370,Stadt Sangerhausen,Erststimmen,D03,DIE LINKE,1736,12662,13.7103
GEMEINDE,15087370,Stadt Sangerhausen,Erststimmen,D04,SPD,1150,12662,9.0823
GEMEINDE,15087370,Stadt Sangerhausen,Erststimmen,D05,GRÜNE,402,12662,3.1749
GEMEINDE,15087370,Stadt Sangerhausen,Erststimmen,D06,FDP,1009,12662,7.9687
GEMEINDE,15087370,Stadt Sangerhausen,Erststimmen,D07,FREIE WÄHLER,0,12662,0.0
GEMEINDE,15087370,Stadt Sangerhausen,Erststimmen,D08,NPD,0,12662,0.0
GEMEINDE,15087370,Stadt Sangerhausen,Erststimmen,D09,Tierschutzpartei,0,12662,0.0
GEMEINDE,15087370,Stadt Sangerhausen,Erststimmen,D10,Tierschutzallianz,0,12662,0.0
GEMEINDE,15087370,Stadt Sangerhausen,Erststimmen,D12,Die PARTEI,0,12662,0.0
GEMEINDE,15087370,Stadt Sangerhausen,Erststimmen,D13,Gartenpartei,0,12662,0.0
GEMEINDE,15087370,Stadt Sangerhausen,Erststimmen,D14,FBM,546,12662,4.3121
GEMEINDE,15087370,Stadt Sangerhausen,Erststimmen,D16,dieBasis,0,12662,0.0
GEMEINDE,15087370,Stadt Sangerhausen,Erststimmen,D21,ÖDP,0,12662,0.0
GEMEINDE,15087370,Stadt Sangerhausen,Erststimmen,D26,Andere KWV,0,12662,0.0
GEMEINDE,15087370,Stadt Sangerhausen,Erststimmen,D27,Andere KWV,0,12662,0.0
GEMEINDE,15087370,Stadt Sangerhausen,Erststimmen,D28,Andere KWV,0,12662,0.0
GEMEINDE,15087370,Stadt Sangerhausen,Zweitstimmen,F01,CDU,4930,12702,38.8128
GEMEINDE,15087370,Stadt Sangerhausen,Zweitstimmen,F02,AfD,3135,12702,24.6812
GEMEINDE,15087370,Stadt Sangerhausen,Zweitstimmen,F03,DIE LINKE,1424,12702,11.2108
GEMEINDE,15087370,Stadt Sangerhausen,Zweitstimmen,F04,SPD,986,12702,7.7626
GEMEINDE,15087370,Stadt Sangerhausen,Zweitstimmen,F05,GRÜNE,384,12702,3.0231
GEMEINDE,15087370,Stadt Sangerhausen,Zweitstimmen,F06,FDP,722,12702,5.6841
GEMEINDE,15087370,Stadt Sangerhausen,Zweitstimmen,F07,FREIE WÄHLER,179,12702,1.4092
GEMEINDE,15087370,Stadt Sangerhausen,Zweitstimmen,F08,NPD,25,12702,0.1968
GEMEINDE,15087370,Stadt Sangerhausen,Zweitstimmen,F09,Tierschutzpartei,146,12702,1.1494
GEMEINDE,15087370,Stadt Sangerhausen,Zweitstimmen,F10,Tierschutzallianz,35,12702,0.2755
GEMEINDE,15087370,Stadt Sangerhausen,Zweitstimmen,F11,LKR,7,12702,0.0551
GEMEINDE,15087370,Stadt Sangerhausen,Zweitstimmen,F12,Die PARTEI,108,12702,0.8503
GEMEINDE,15087370,Stadt Sangerhausen,Zweitstimmen,F13,Gartenpartei,89,12702,0.7007
GEMEINDE,15087370,Stadt Sangerhausen,Zweitstimmen,F14,FBM,146,12702,1.1494
GEMEINDE,15087370,Stadt Sangerhausen,Zweitstimmen,F15,TIERSCHUTZ hier!,75,12702,0.5905
GEMEINDE,15087370,Stadt Sangerhausen,Zweitstimmen,F16,dieBasis,172,12702,1.3541
GEMEINDE,15087370,Stadt Sangerhausen,Zweitstimmen,F19,Klimaliste ST,9,12702,0.0709
GEMEINDE,15087370,Stadt Sangerhausen,Zweitstimmen,F21,ÖDP,5,12702,0.0394
GEMEINDE,15087370,Stadt Sangerhausen,Zweitstimmen,F22,Die Humanisten,7,12702,0.0551
GEMEINDE,15087370,Stadt Sangerhausen,Zweitstimmen,F23,Gesundheitsforschung,66,12702,0.5196
GEMEINDE,15087370,Stadt Sangerhausen,Zweitstimmen,F24,PIRATEN,38,12702,0.2992
GEMEINDE,15087370,Stadt Sangerhausen,Zweitstimmen,F25,WiR2020,14,12702,0.1102
GEMEINDE,15087386,Gemeinde Seegebiet Mansfelder Land,Erststimmen,D01,CDU,1451,4639,31.2783
GEMEINDE,15087386,Gemeinde Seegebiet Mansfelder Land,Erststimmen,D02,AfD,1326,4639,28.5837
GEMEINDE,15087386,Gemeinde Seegebiet Mansfelder Land,Erststimmen,D03,DIE LINKE,552,4639,11.8991
GEMEINDE,15087386,Gemeinde Seegebiet Mansfelder Land,Erststimmen,D04,SPD,295,4639,6.3591
GEMEINDE,15087386,Gemeinde Seegebiet Mansfelder Land,Erststimmen,D05,GRÜNE,141,4639,3.0394
GEMEINDE,15087386,Gemeinde Seegebiet Mansfelder Land,Erststimmen,D06,FDP,341,4639,7.3507
GEMEINDE,15087386,Gemeinde Seegebiet Mansfelder Land,Erststimmen,D07,FREIE WÄHLER,166,4639,3.5784
GEMEINDE,15087386,Gemeinde Seegebiet Mansfelder Land,Erststimmen,D08,NPD,0,4639,0.0
GEMEINDE,15087386,Gemeinde Seegebiet Mansfelder Land,Erststimmen,D09,Tierschutzpartei,0,4639,0.0
GEMEINDE,15087386,Gemeinde Seegebiet Mansfelder Land,Erststimmen,D10,Tierschutzallianz,0,4639,0.0
GEMEINDE,15087386,Gemeinde Seegebiet Mansfelder Land,Erststimmen,D12,Die PARTEI,0,4639,0.0
GEMEINDE,15087386,Gemeinde Seegebiet Mansfelder Land,Erststimmen,D13,Gartenpartei,0,4639,0.0
GEMEINDE,15087386,Gemeinde Seegebiet Mansfelder Land,Erststimmen,D14,FBM,367,4639,7.9112
GEMEINDE,15087386,Gemeinde Seegebiet Mansfelder Land,Erststimmen,D16,dieBasis,0,4639,0.0
GEMEINDE,15087386,Gemeinde Seegebiet Mansfelder Land,Erststimmen,D21,ÖDP,0,4639,0.0
GEMEINDE,15087386,Gemeinde Seegebiet Mansfelder Land,Erststimmen,D26,Andere KWV,0,4639,0.0
GEMEINDE,15087386,Gemeinde Seegebiet Mansfelder Land,Erststimmen,D27,Andere KWV,0,4639,0.0
GEMEINDE,15087386,Gemeinde Seegebiet Mansfelder Land,Erststimmen,D28,Andere KWV,0,4639,0.0
GEMEINDE,15087386,Gemeinde Seegebiet Mansfelder Land,Zweitstimmen,F01,CDU,1682,4640,36.25
GEMEINDE,15087386,Gemeinde Seegebiet Mansfelder Land,Zweitstimmen,F02,AfD,1288,4640,27.7586
GEMEINDE,15087386,Gemeinde Seegebiet Mansfelder Land,Zweitstimmen,F03,DIE LINKE,473,4640,10.194
GEMEINDE,15087386,Gemeinde Seegebiet Mansfelder Land,Zweitstimmen,F04,SPD,299,4640,6.444
GEMEINDE,15087386,Gemeinde Seegebiet Mansfelder Land,Zweitstimmen,F05,GRÜNE,130,4640,2.8017
GEMEINDE,15087386,Gemeinde Seegebiet Mansfelder Land,Zweitstimmen,F06,FDP,311,4640,6.7026
GEMEINDE,15087386,Gemeinde Seegebiet Mansfelder Land,Zweitstimmen,F07,FREIE WÄHLER,90,4640,1.9397
GEMEINDE,15087386,Gemeinde Seegebiet Mansfelder Land,Zweitstimmen,F08,NPD,19,4640,0.4095
GEMEINDE,15087386,Gemeinde Seegebiet Mansfelder Land,Zweitstimmen,F09,Tierschutzpartei,61,4640,1.3147
GEMEINDE,15087386,Gemeinde Seegebiet Mansfelder Land,Zweitstimmen,F10,Tierschutzallianz,18,4640,0.3879
GEMEINDE,15087386,Gemeinde Seegebiet Mansfelder Land,Zweitstimmen,F11,LKR,2,4640,0.0431
GEMEINDE,15087386,Gemeinde Seegebiet Mansfelder Land,Zweitstimmen,F12,Die PARTEI,33,4640,0.7112
GEMEINDE,15087386,Gemeinde Seegebiet Mansfelder Land,Zweitstimmen,F13,Gartenpartei,18,4640,0.3879
GEMEINDE,15087386,Gemeinde Seegebiet Mansfelder Land,Zweitstimmen,F14,FBM,78,4640,1.681
GEMEINDE,15087386,Gemeinde Seegebiet Mansfelder Land,Zweitstimmen,F15,TIERSCHUTZ hier!,33,4640,0.7112
GEMEINDE,15087386,Gemeinde Seegebiet Mansfelder Land,Zweitstimmen,F16,dieBasis,54,4640,1.1638
GEMEINDE,15087386,Gemeinde Seegebiet Mansfelder Land,Zweitstimmen,F19,Klimaliste ST,1,4640,0.0216
GEMEINDE,15087386,Gemeinde Seegebiet Mansfelder Land,Zweitstimmen,F21,ÖDP,1,4640,0.0216
GEMEINDE,15087386,Gemeinde Seegebiet Mansfelder Land,Zweitstimmen,F22,Die Humanisten,2,4640,0.0431
GEMEINDE,15087386,Gemeinde Seegebiet Mansfelder Land,Zweitstimmen,F23,Gesundheitsforschung,23,4640,0.4957
GEMEINDE,15087386,Gemeinde Seegebiet Mansfelder Land,Zweitstimmen,F24,PIRATEN,19,4640,0.4095
GEMEINDE,15087386,Gemeinde Seegebiet Mansfelder Land,Zweitstimmen,F25,WiR2020,5,4640,0.1078
GEMEINDE,15087412,Gemeinde Südharz,Erststimmen,D01,CDU,1644,4759,34.5451
GEMEINDE,15087412,Gemeinde Südharz,Erststimmen,D02,AfD,1297,4759,27.2536
GEMEINDE,15087412,Gemeinde Südharz,Erststimmen,D03,DIE LINKE,660,4759,13.8685
GEMEINDE,15087412,Gemeinde Südharz,Erststimmen,D04,SPD,405,4759,8.5102
GEMEINDE,15087412,Gemeinde Südharz,Erststimmen,D05,GRÜNE,189,4759,3.9714
GEMEINDE,15087412,Gemeinde Südharz,Erststimmen,D06,FDP,429,4759,9.0145
GEMEINDE,15087412,Gemeinde Südharz,Erststimmen,D07,FREIE WÄHLER,0,4759,0.0
GEMEINDE,15087412,Gemeinde Südharz,Erststimmen,D08,NPD,0,4759,0.0
GEMEINDE,15087412,Gemeinde Südharz,Erststimmen,D09,Tierschutzpartei,0,4759,0.0
GEMEINDE,15087412,Gemeinde Südharz,Erststimmen,D10,Tierschutzallianz,0,4759,0.0
GEMEINDE,15087412,Gemeinde Südharz,Erststimmen,D12,Die PARTEI,0,4759,0.0
GEMEINDE,15087412,Gemeinde Südharz,Erststimmen,D13,Gartenpartei,0,4759,0.0
GEMEINDE,15087412,Gemeinde Südharz,Erststimmen,D14,FBM,135,4759,2.8367
GEMEINDE,15087412,Gemeinde Südharz,Erststimmen,D16,dieBasis,0,4759,0.0
GEMEINDE,15087412,Gemeinde Südharz,Erststimmen,D21,ÖDP,0,4759,0.0
GEMEINDE,15087412,Gemeinde Südharz,Erststimmen,D26,Andere KWV,0,4759,0.0
GEMEINDE,15087412,Gemeinde Südharz,Erststimmen,D27,Andere KWV,0,4759,0.0
GEMEINDE,15087412,Gemeinde Südharz,Erststimmen,D28,Andere KWV,0,4759,0.0
GEMEINDE,15087412,Gemeinde Südharz,Zweitstimmen,F01,CDU,1807,4771,37.8747
GEMEINDE,15087412,Gemeinde Südharz,Zweitstimmen,F02,AfD,1186,4771,24.8585
GEMEINDE,15087412,Gemeinde Südharz,Zweitstimmen,F03,DIE LINKE,531,4771,11.1297
GEMEINDE,15087412,Gemeinde Südharz,Zweitstimmen,F04,SPD,369,4771,7.7342
GEMEINDE,15087412,Gemeinde Südharz,Zweitstimmen,F05,GRÜNE,183,4771,3.8357
GEMEINDE,15087412,Gemeinde Südharz,Zweitstimmen,F06,FDP,325,4771,6.812
GEMEINDE,15087412,Gemeinde Südharz,Zweitstimmen,F07,FREIE WÄHLER,58,4771,1.2157
GEMEINDE,15087412,Gemeinde Südharz,Zweitstimmen,F08,NPD,16,4771,0.3354
GEMEINDE,15087412,Gemeinde Südharz,Zweitstimmen,F09,Tierschutzpartei,55,4771,1.1528
GEMEINDE,15087412,Gemeinde Südharz,Zweitstimmen,F10,Tierschutzallianz,13,4771,0.2725
GEMEINDE,15087412,Gemeinde Südharz,Zweitstimmen,F11,LKR,1,4771,0.021
GEMEINDE,15087412,Gemeinde Südharz,Zweitstimmen,F12,Die PARTEI,20,4771,0.4192
GEMEINDE,15087412,Gemeinde Südharz,Zweitstimmen,F13,Gartenpartei,27,4771,0.5659
GEMEINDE,15087412,Gemeinde Südharz,Zweitstimmen,F14,FBM,31,4771,0.6498
GEMEINDE,15087412,Gemeinde Südharz,Zweitstimmen,F15,TIERSCHUTZ hier!,29,4771,0.6078
GEMEINDE,15087412,Gemeinde Südharz,Zweitstimmen,F16,dieBasis,74,4771,1.551
GEMEINDE,15087412,Gemeinde Südharz,Zweitstimmen,F19,Klimaliste ST,2,4771,0.0419
GEMEINDE,15087412,Gemeinde Südharz,Zweitstimmen,F21,ÖDP,1,4771,0.021
GEMEINDE,15087412,Gemeinde Südharz,Zweitstimmen,F22,Die Humanisten,3,4771,0.0629
GEMEINDE,15087412,Gemeinde Südharz,Zweitstimmen,F23,Gesundheitsforschung,22,4771,0.4611
GEMEINDE,15087412,Gemeinde Südharz,Zweitstimmen,F24,PIRATEN,9,4771,0.1886
GEMEINDE,15087412,Gemeinde Südharz,Zweitstimmen,F25,WiR2020,9,4771,0.1886
GEMEINDE,15087440,Gemeinde Wallhausen,Erststimmen,D01,CDU,481,1290,37.2868
GEMEINDE,15087440,Gemeinde Wallhausen,Erststimmen,D02,AfD,363,1290,28.1395
GEMEINDE,15087440,Gemeinde Wallhausen,Erststimmen,D03,DIE LINKE,149,1290,11.5504
GEMEINDE,15087440,Gemeinde Wallhausen,Erststimmen,D04,SPD,116,1290,8.9922
GEMEINDE,15087440,Gemeinde Wallhausen,Erststimmen,D05,GRÜNE,42,1290,3.2558
GEMEINDE,15087440,Gemeinde Wallhausen,Erststimmen,D06,FDP,87,1290,6.7442
GEMEINDE,15087440,Gemeinde Wallhausen,Erststimmen,D07,FREIE WÄHLER,0,1290,0.0
GEMEINDE,15087440,Gemeinde Wallhausen,Erststimmen,D08,NPD,0,1290,0.0
GEMEINDE,15087440,Gemeinde Wallhausen,Erststimmen,D09,Tierschutzpartei,0,1290,0.0
GEMEINDE,15087440,Gemeinde Wallhausen,Erststimmen,D10,Tierschutzallianz,0,1290,0.0
GEMEINDE,15087440,Gemeinde Wallhausen,Erststimmen,D12,Die PARTEI,0,1290,0.0
GEMEINDE,15087440,Gemeinde Wallhausen,Erststimmen,D13,Gartenpartei,0,1290,0.0
GEMEINDE,15087440,Gemeinde Wallhausen,Erststimmen,D14,FBM,52,1290,4.031
GEMEINDE,15087440,Gemeinde Wallhausen,Erststimmen,D16,dieBasis,0,1290,0.0
GEMEINDE,15087440,Gemeinde Wallhausen,Erststimmen,D21,ÖDP,0,1290,0.0
GEMEINDE,15087440,Gemeinde Wallhausen,Erststimmen,D26,Andere KWV,0,1290,0.0
GEMEINDE,15087440,Gemeinde Wallhausen,Erststimmen,D27,Andere KWV,0,1290,0.0
GEMEINDE,15087440,Gemeinde Wallhausen,Erststimmen,D28,Andere KWV,0,1290,0.0
GEMEINDE,15087440,Gemeinde Wallhausen,Zweitstimmen,F01,CDU,529,1290,41.0078
GEMEINDE,15087440,Gemeinde Wallhausen,Zweitstimmen,F02,AfD,326,1290,25.2713
GEMEINDE,15087440,Gemeinde Wallhausen,Zweitstimmen,F03,DIE LINKE,103,1290,7.9845
GEMEINDE,15087440,Gemeinde Wallhausen,Zweitstimmen,F04,SPD,95,1290,7.3643
GEMEINDE,15087440,Gemeinde Wallhausen,Zweitstimmen,F05,GRÜNE,44,1290,3.4109
GEMEINDE,15087440,Gemeinde Wallhausen,Zweitstimmen,F06,FDP,83,1290,6.4341
GEMEINDE,15087440,Gemeinde Wallhausen,Zweitstimmen,F07,FREIE WÄHLER,16,1290,1.2403
GEMEINDE,15087440,Gemeinde Wallhausen,Zweitstimmen,F08,NPD,4,1290,0.3101
GEMEINDE,15087440,Gemeinde Wallhausen,Zweitstimmen,F09,Tierschutzpartei,17,1290,1.3178
GEMEINDE,15087440,Gemeinde Wallhausen,Zweitstimmen,F10,Tierschutzallianz,0,1290,0.0
GEMEINDE,15087440,Gemeinde Wallhausen,Zweitstimmen,F11,LKR,1,1290,0.0775
GEMEINDE,15087440,Gemeinde Wallhausen,Zweitstimmen,F12,Die PARTEI,7,1290,0.5426
GEMEINDE,15087440,Gemeinde Wallhausen,Zweitstimmen,F13,Gartenpartei,9,1290,0.6977
GEMEINDE,15087440,Gemeinde Wallhausen,Zweitstimmen,F14,FBM,16,1290,1.2403
GEMEINDE,15087440,Gemeinde Wallhausen,Zweitstimmen,F15,TIERSCHUTZ hier!,10,1290,0.7752
GEMEINDE,15087440,Gemeinde Wallhausen,Zweitstimmen,F16,dieBasis,16,1290,1.2403
GEMEINDE,15087440,Gemeinde Wallhausen,Zweitstimmen,F19,Klimaliste ST,0,1290,0.0
GEMEINDE,15087440,Gemeinde Wallhausen,Zweitstimmen,F21,ÖDP,0,1290,0.0
GEMEINDE,15087440,Gemeinde Wallhausen,Zweitstimmen,F22,Die Humanisten,0,1290,0.0
GEMEINDE,15087440,Gemeinde Wallhausen,Zweitstimmen,F23,Gesundheitsforschung,3,1290,0.2326
GEMEINDE,15087440,Gemeinde Wallhausen,Zweitstimmen,F24,PIRATEN,8,1290,0.6202
GEMEINDE,15087440,Gemeinde Wallhausen,Zweitstimmen,F25,WiR2020,3,1290,0.2326
GEMEINDE,15087470,Gemeinde Wimmelburg,Erststimmen,D01,CDU,170,572,29.7203
GEMEINDE,15087470,Gemeinde Wimmelburg,Erststimmen,D02,AfD,147,572,25.6993
GEMEINDE,15087470,Gemeinde Wimmelburg,Erststimmen,D03,DIE LINKE,98,572,17.1329
GEMEINDE,15087470,Gemeinde Wimmelburg,Erststimmen,D04,SPD,70,572,12.2378
GEMEINDE,15087470,Gemeinde Wimmelburg,Erststimmen,D05,GRÜNE,12,572,2.0979
GEMEINDE,15087470,Gemeinde Wimmelburg,Erststimmen,D06,FDP,50,572,8.7413
GEMEINDE,15087470,Gemeinde Wimmelburg,Erststimmen,D07,FREIE WÄHLER,0,572,0.0
GEMEINDE,15087470,Gemeinde Wimmelburg,Erststimmen,D08,NPD,0,572,0.0
GEMEINDE,15087470,Gemeinde Wimmelburg,Erststimmen,D09,Tierschutzpartei,0,572,0.0
GEMEINDE,15087470,Gemeinde Wimmelburg,Erststimmen,D10,Tierschutzallianz,0,572,0.0
GEMEINDE,15087470,Gemeinde Wimmelburg,Erststimmen,D12,Die PARTEI,0,572,0.0
GEMEINDE,15087470,Gemeinde Wimmelburg,Erststimmen,D13,Gartenpartei,0,572,0.0
GEMEINDE,15087470,Gemeinde Wimmelburg,Erststimmen,D14,FBM,25,572,4.3706
GEMEINDE,15087470,Gemeinde Wimmelburg,Erststimmen,D16,dieBasis,0,572,0.0
GEMEINDE,15087470,Gemeinde Wimmelburg,Erststimmen,D21,ÖDP,0,572,0.0
GEMEINDE,15087470,Gemeinde Wimmelburg,Erststimmen,D26,Andere KWV,0,572,0.0
GEMEINDE,15087470,Gemeinde Wimmelburg,Erststimmen,D27,Andere KWV,0,572,0.0
GEMEINDE,15087470,Gemeinde Wimmelburg,Erststimmen,D28,Andere KWV,0,572,0.0
GEMEINDE,15087470,Gemeinde Wimmelburg,Zweitstimmen,F01,CDU,217,576,37.6736
GEMEINDE,15087470,Gemeinde Wimmelburg,Zweitstimmen,F02,AfD,130,576,22.5694
GEMEINDE,15087470,Gemeinde Wimmelburg,Zweitstimmen,F03,DIE LINKE,56,576,9.7222
GEMEINDE,15087470,Gemeinde Wimmelburg,Zweitstimmen,F04,SPD,64,576,11.1111
GEMEINDE,15087470,Gemeinde Wimmelburg,Zweitstimmen,F05,GRÜNE,13,576,2.2569
GEMEINDE,15087470,Gemeinde Wimmelburg,Zweitstimmen,F06,FDP,31,576,5.3819
GEMEINDE,15087470,Gemeinde Wimmelburg,Zweitstimmen,F07,FREIE WÄHLER,11,576,1.9097
GEMEINDE,15087470,Gemeinde Wimmelburg,Zweitstimmen,F08,NPD,3,576,0.5208
GEMEINDE,15087470,Gemeinde Wimmelburg,Zweitstimmen,F09,Tierschutzpartei,7,576,1.2153
GEMEINDE,15087470,Gemeinde Wimmelburg,Zweitstimmen,F10,Tierschutzallianz,0,576,0.0
GEMEINDE,15087470,Gemeinde Wimmelburg,Zweitstimmen,F11,LKR,0,576,0.0
GEMEINDE,15087470,Gemeinde Wimmelburg,Zweitstimmen,F12,Die PARTEI,7,576,1.2153
GEMEINDE,15087470,Gemeinde Wimmelburg,Zweitstimmen,F13,Gartenpartei,3,576,0.5208
GEMEINDE,15087470,Gemeinde Wimmelburg,Zweitstimmen,F14,FBM,9,576,1.5625
GEMEINDE,15087470,Gemeinde Wimmelburg,Zweitstimmen,F15,TIERSCHUTZ hier!,9,576,1.5625
GEMEINDE,15087470,Gemeinde Wimmelburg,Zweitstimmen,F16,dieBasis,10,576,1.7361
GEMEINDE,15087470,Gemeinde Wimmelburg,Zweitstimmen,F19,Klimaliste ST,0,576,0.0
GEMEINDE,15087470,Gemeinde Wimmelburg,Zweitstimmen,F21,ÖDP,1,576,0.1736
GEMEINDE,15087470,Gemeinde Wimmelburg,Zweitstimmen,F22,Die Humanisten,0,576,0.0
GEMEINDE,15087470,Gemeinde Wimmelburg,Zweitstimmen,F23,Gesundheitsforschung,2,576,0.3472
GEMEINDE,15087470,Gemeinde Wimmelburg,Zweitstimmen,F24,PIRATEN,2,576,0.3472
GEMEINDE,15087470,Gemeinde Wimmelburg,Zweitstimmen,F25,WiR2020,1,576,0.1736
GEMEINDE,15088020,Solestadt Bad Dürrenberg,Erststimmen,D01,CDU,1810,5411,33.4504
GEMEINDE,15088020,Solestadt Bad Dürrenberg,Erststimmen,D02,AfD,1424,5411,26.3168
GEMEINDE,15088020,Solestadt Bad Dürrenberg,Erststimmen,D03,DIE LINKE,556,5411,10.2754
GEMEINDE,15088020,Solestadt Bad Dürrenberg,Erststimmen,D04,SPD,445,5411,8.224
GEMEINDE,15088020,Solestadt Bad Dürrenberg,Erststimmen,D05,GRÜNE,207,5411,3.8255
GEMEINDE,15088020,Solestadt Bad Dürrenberg,Erststimmen,D06,FDP,701,5411,12.9551
GEMEINDE,15088020,Solestadt Bad Dürrenberg,Erststimmen,D07,FREIE WÄHLER,268,5411,4.9529
GEMEINDE,15088020,Solestadt Bad Dürrenberg,Erststimmen,D08,NPD,0,5411,0.0
GEMEINDE,15088020,Solestadt Bad Dürrenberg,Erststimmen,D09,Tierschutzpartei,0,5411,0.0
GEMEINDE,15088020,Solestadt Bad Dürrenberg,Erststimmen,D10,Tierschutzallianz,0,5411,0.0
GEMEINDE,15088020,Solestadt Bad Dürrenberg,Erststimmen,D12,Die PARTEI,0,5411,0.0
GEMEINDE,15088020,Solestadt Bad Dürrenberg,Erststimmen,D13,Gartenpartei,0,5411,0.0
GEMEINDE,15088020,Solestadt Bad Dürrenberg,Erststimmen,D14,FBM,0,5411,0.0
GEMEINDE,15088020,Solestadt Bad Dürrenberg,Erststimmen,D16,dieBasis,0,5411,0.0
GEMEINDE,15088020,Solestadt Bad Dürrenberg,Erststimmen,D21,ÖDP,0,5411,0.0
GEMEINDE,15088020,Solestadt Bad Dürrenberg,Erststimmen,D26,Andere KWV,0,5411,0.0
GEMEINDE,15088020,Solestadt Bad Dürrenberg,Erststimmen,D27,Andere KWV,0,5411,0.0
GEMEINDE,15088020,Solestadt Bad Dürrenberg,Erststimmen,D28,Andere KWV,0,5411,0.0
GEMEINDE,15088020,Solestadt Bad Dürrenberg,Zweitstimmen,F01,CDU,2062,5413,38.0935
GEMEINDE,15088020,Solestadt Bad Dürrenberg,Zweitstimmen,F02,AfD,1334,5413,24.6444
GEMEINDE,15088020,Solestadt Bad Dürrenberg,Zweitstimmen,F03,DIE LINKE,507,5413,9.3663
GEMEINDE,15088020,Solestadt Bad Dürrenberg,Zweitstimmen,F04,SPD,402,5413,7.4266
GEMEINDE,15088020,Solestadt Bad Dürrenberg,Zweitstimmen,F05,GRÜNE,197,5413,3.6394
GEMEINDE,15088020,Solestadt Bad Dürrenberg,Zweitstimmen,F06,FDP,377,5413,6.9647
GEMEINDE,15088020,Solestadt Bad Dürrenberg,Zweitstimmen,F07,FREIE WÄHLER,128,5413,2.3647
GEMEINDE,15088020,Solestadt Bad Dürrenberg,Zweitstimmen,F08,NPD,24,5413,0.4434
GEMEINDE,15088020,Solestadt Bad Dürrenberg,Zweitstimmen,F09,Tierschutzpartei,76,5413,1.404
GEMEINDE,15088020,Solestadt Bad Dürrenberg,Zweitstimmen,F10,Tierschutzallianz,28,5413,0.5173
GEMEINDE,15088020,Solestadt Bad Dürrenberg,Zweitstimmen,F11,LKR,3,5413,0.0554
GEMEINDE,15088020,Solestadt Bad Dürrenberg,Zweitstimmen,F12,Die PARTEI,34,5413,0.6281
GEMEINDE,15088020,Solestadt Bad Dürrenberg,Zweitstimmen,F13,Gartenpartei,30,5413,0.5542
GEMEINDE,15088020,Solestadt Bad Dürrenberg,Zweitstimmen,F14,FBM,4,5413,0.0739
GEMEINDE,15088020,Solestadt Bad Dürrenberg,Zweitstimmen,F15,TIERSCHUTZ hier!,37,5413,0.6835
GEMEINDE,15088020,Solestadt Bad Dürrenberg,Zweitstimmen,F16,dieBasis,108,5413,1.9952
GEMEINDE,15088020,Solestadt Bad Dürrenberg,Zweitstimmen,F19,Klimaliste ST,2,5413,0.0369
GEMEINDE,15088020,Solestadt Bad Dürrenberg,Zweitstimmen,F21,ÖDP,3,5413,0.0554
GEMEINDE,15088020,Solestadt Bad Dürrenberg,Zweitstimmen,F22,Die Humanisten,8,5413,0.1478
GEMEINDE,15088020,Solestadt Bad Dürrenberg,Zweitstimmen,F23,Gesundheitsforschung,21,5413,0.388
GEMEINDE,15088020,Solestadt Bad Dürrenberg,Zweitstimmen,F24,PIRATEN,20,5413,0.3695
GEMEINDE,15088020,Solestadt Bad Dürrenberg,Zweitstimmen,F25,WiR2020,8,5413,0.1478
GEMEINDE,15088025,Goethestadt Bad Lauchstädt,Erststimmen,D01,CDU,1764,4704,37.5
GEMEINDE,15088025,Goethestadt Bad Lauchstädt,Erststimmen,D02,AfD,1337,4704,28.4226
GEMEINDE,15088025,Goethestadt Bad Lauchstädt,Erststimmen,D03,DIE LINKE,513,4704,10.9056
GEMEINDE,15088025,Goethestadt Bad Lauchstädt,Erststimmen,D04,SPD,369,4704,7.8444
GEMEINDE,15088025,Goethestadt Bad Lauchstädt,Erststimmen,D05,GRÜNE,145,4704,3.0825
GEMEINDE,15088025,Goethestadt Bad Lauchstädt,Erststimmen,D06,FDP,370,4704,7.8656
GEMEINDE,15088025,Goethestadt Bad Lauchstädt,Erststimmen,D07,FREIE WÄHLER,0,4704,0.0
GEMEINDE,15088025,Goethestadt Bad Lauchstädt,Erststimmen,D08,NPD,0,4704,0.0
GEMEINDE,15088025,Goethestadt Bad Lauchstädt,Erststimmen,D09,Tierschutzpartei,0,4704,0.0
GEMEINDE,15088025,Goethestadt Bad Lauchstädt,Erststimmen,D10,Tierschutzallianz,206,4704,4.3793
GEMEINDE,15088025,Goethestadt Bad Lauchstädt,Erststimmen,D12,Die PARTEI,0,4704,0.0
GEMEINDE,15088025,Goethestadt Bad Lauchstädt,Erststimmen,D13,Gartenpartei,0,4704,0.0
GEMEINDE,15088025,Goethestadt Bad Lauchstädt,Erststimmen,D14,FBM,0,4704,0.0
GEMEINDE,15088025,Goethestadt Bad Lauchstädt,Erststimmen,D16,dieBasis,0,4704,0.0
GEMEINDE,15088025,Goethestadt Bad Lauchstädt,Erststimmen,D21,ÖDP,0,4704,0.0
GEMEINDE,15088025,Goethestadt Bad Lauchstädt,Erststimmen,D26,Andere KWV,0,4704,0.0
GEMEINDE,15088025,Goethestadt Bad Lauchstädt,Erststimmen,D27,Andere KWV,0,4704,0.0
GEMEINDE,15088025,Goethestadt Bad Lauchstädt,Erststimmen,D28,Andere KWV,0,4704,0.0
GEMEINDE,15088025,Goethestadt Bad Lauchstädt,Zweitstimmen,F01,CDU,1866,4721,39.5255
GEMEINDE,15088025,Goethestadt Bad Lauchstädt,Zweitstimmen,F02,AfD,1236,4721,26.1809
GEMEINDE,15088025,Goethestadt Bad Lauchstädt,Zweitstimmen,F03,DIE LINKE,386,4721,8.1762
GEMEINDE,15088025,Goethestadt Bad Lauchstädt,Zweitstimmen,F04,SPD,306,4721,6.4817
GEMEINDE,15088025,Goethestadt Bad Lauchstädt,Zweitstimmen,F05,GRÜNE,187,4721,3.961
GEMEINDE,15088025,Goethestadt Bad Lauchstädt,Zweitstimmen,F06,FDP,308,4721,6.524
GEMEINDE,15088025,Goethestadt Bad Lauchstädt,Zweitstimmen,F07,FREIE WÄHLER,107,4721,2.2665
GEMEINDE,15088025,Goethestadt Bad Lauchstädt,Zweitstimmen,F08,NPD,12,4721,0.2542
GEMEINDE,15088025,Goethestadt Bad Lauchstädt,Zweitstimmen,F09,Tierschutzpartei,57,4721,1.2074
GEMEINDE,15088025,Goethestadt Bad Lauchstädt,Zweitstimmen,F10,Tierschutzallianz,55,4721,1.165
GEMEINDE,15088025,Goethestadt Bad Lauchstädt,Zweitstimmen,F11,LKR,3,4721,0.0635
GEMEINDE,15088025,Goethestadt Bad Lauchstädt,Zweitstimmen,F12,Die PARTEI,21,4721,0.4448
GEMEINDE,15088025,Goethestadt Bad Lauchstädt,Zweitstimmen,F13,Gartenpartei,24,4721,0.5084
GEMEINDE,15088025,Goethestadt Bad Lauchstädt,Zweitstimmen,F14,FBM,8,4721,0.1695
GEMEINDE,15088025,Goethestadt Bad Lauchstädt,Zweitstimmen,F15,TIERSCHUTZ hier!,26,4721,0.5507
GEMEINDE,15088025,Goethestadt Bad Lauchstädt,Zweitstimmen,F16,dieBasis,70,4721,1.4827
GEMEINDE,15088025,Goethestadt Bad Lauchstädt,Zweitstimmen,F19,Klimaliste ST,1,4721,0.0212
GEMEINDE,15088025,Goethestadt Bad Lauchstädt,Zweitstimmen,F21,ÖDP,1,4721,0.0212
GEMEINDE,15088025,Goethestadt Bad Lauchstädt,Zweitstimmen,F22,Die Humanisten,8,4721,0.1695
GEMEINDE,15088025,Goethestadt Bad Lauchstädt,Zweitstimmen,F23,Gesundheitsforschung,17,4721,0.3601
GEMEINDE,15088025,Goethestadt Bad Lauchstädt,Zweitstimmen,F24,PIRATEN,16,4721,0.3389
GEMEINDE,15088025,Goethestadt Bad Lauchstädt,Zweitstimmen,F25,WiR2020,6,4721,0.1271
GEMEINDE,15088030,Gemeinde Barnstädt,Erststimmen,D01,CDU,224,550,40.7273
GEMEINDE,15088030,Gemeinde Barnstädt,Erststimmen,D02,AfD,130,550,23.6364
GEMEINDE,15088030,Gemeinde Barnstädt,Erststimmen,D03,DIE LINKE,96,550,17.4545
GEMEINDE,15088030,Gemeinde Barnstädt,Erststimmen,D04,SPD,40,550,7.2727
GEMEINDE,15088030,Gemeinde Barnstädt,Erststimmen,D05,GRÜNE,5,550,0.9091
GEMEINDE,15088030,Gemeinde Barnstädt,Erststimmen,D06,FDP,41,550,7.4545
GEMEINDE,15088030,Gemeinde Barnstädt,Erststimmen,D07,FREIE WÄHLER,0,550,0.0
GEMEINDE,15088030,Gemeinde Barnstädt,Erststimmen,D08,NPD,0,550,0.0
GEMEINDE,15088030,Gemeinde Barnstädt,Erststimmen,D09,Tierschutzpartei,0,550,0.0
GEMEINDE,15088030,Gemeinde Barnstädt,Erststimmen,D10,Tierschutzallianz,14,550,2.5455
GEMEINDE,15088030,Gemeinde Barnstädt,Erststimmen,D12,Die PARTEI,0,550,0.0
GEMEINDE,15088030,Gemeinde Barnstädt,Erststimmen,D13,Gartenpartei,0,550,0.0
GEMEINDE,15088030,Gemeinde Barnstädt,Erststimmen,D14,FBM,0,550,0.0
GEMEINDE,15088030,Gemeinde Barnstädt,Erststimmen,D16,dieBasis,0,550,0.0
GEMEINDE,15088030,Gemeinde Barnstädt,Erststimmen,D21,ÖDP,0,550,0.0
GEMEINDE,15088030,Gemeinde Barnstädt,Erststimmen,D26,Andere KWV,0,550,0.0
GEMEINDE,15088030,Gemeinde Barnstädt,Erststimmen,D27,Andere KWV,0,550,0.0
GEMEINDE,15088030,Gemeinde Barnstädt,Erststimmen,D28,Andere KWV,0,550,0.0
GEMEINDE,15088030,Gemeinde Barnstädt,Zweitstimmen,F01,CDU,259,549,47.1767
GEMEINDE,15088030,Gemeinde Barnstädt,Zweitstimmen,F02,AfD,114,549,20.765
GEMEINDE,15088030,Gemeinde Barnstädt,Zweitstimmen,F03,DIE LINKE,58,549,10.5647
GEMEINDE,15088030,Gemeinde Barnstädt,Zweitstimmen,F04,SPD,42,549,7.6503
GEMEINDE,15088030,Gemeinde Barnstädt,Zweitstimmen,F05,GRÜNE,10,549,1.8215
GEMEINDE,15088030,Gemeinde Barnstädt,Zweitstimmen,F06,FDP,33,549,6.0109
GEMEINDE,15088030,Gemeinde Barnstädt,Zweitstimmen,F07,FREIE WÄHLER,4,549,0.7286
GEMEINDE,15088030,Gemeinde Barnstädt,Zweitstimmen,F08,NPD,3,549,0.5464
GEMEINDE,15088030,Gemeinde Barnstädt,Zweitstimmen,F09,Tierschutzpartei,4,549,0.7286
GEMEINDE,15088030,Gemeinde Barnstädt,Zweitstimmen,F10,Tierschutzallianz,3,549,0.5464
GEMEINDE,15088030,Gemeinde Barnstädt,Zweitstimmen,F11,LKR,0,549,0.0
GEMEINDE,15088030,Gemeinde Barnstädt,Zweitstimmen,F12,Die PARTEI,4,549,0.7286
GEMEINDE,15088030,Gemeinde Barnstädt,Zweitstimmen,F13,Gartenpartei,2,549,0.3643
GEMEINDE,15088030,Gemeinde Barnstädt,Zweitstimmen,F14,FBM,2,549,0.3643
GEMEINDE,15088030,Gemeinde Barnstädt,Zweitstimmen,F15,TIERSCHUTZ hier!,1,549,0.1821
GEMEINDE,15088030,Gemeinde Barnstädt,Zweitstimmen,F16,dieBasis,7,549,1.275
GEMEINDE,15088030,Gemeinde Barnstädt,Zweitstimmen,F19,Klimaliste ST,0,549,0.0
GEMEINDE,15088030,Gemeinde Barnstädt,Zweitstimmen,F21,ÖDP,0,549,0.0
GEMEINDE,15088030,Gemeinde Barnstädt,Zweitstimmen,F22,Die Humanisten,0,549,0.0
GEMEINDE,15088030,Gemeinde Barnstädt,Zweitstimmen,F23,Gesundheitsforschung,1,549,0.1821
GEMEINDE,15088030,Gemeinde Barnstädt,Zweitstimmen,F24,PIRATEN,2,549,0.3643
GEMEINDE,15088030,Gemeinde Barnstädt,Zweitstimmen,F25,WiR2020,0,549,0.0
GEMEINDE,15088065,Stadt Braunsbedra,Erststimmen,D01,CDU,2486,5192,47.8814
GEMEINDE,15088065,Stadt Braunsbedra,Erststimmen,D02,AfD,1464,5192,28.1972
GEMEINDE,15088065,Stadt Braunsbedra,Erststimmen,D03,DIE LINKE,622,5192,11.98
GEMEINDE,15088065,Stadt Braunsbedra,Erststimmen,D04,SPD,465,5192,8.9561
GEMEINDE,15088065,Stadt Braunsbedra,Erststimmen,D05,GRÜNE,155,5192,2.9854
GEMEINDE,15088065,Stadt Braunsbedra,Erststimmen,D06,FDP,0,5192,0.0
GEMEINDE,15088065,Stadt Braunsbedra,Erststimmen,D07,FREIE WÄHLER,0,5192,0.0
GEMEINDE,15088065,Stadt Braunsbedra,Erststimmen,D08,NPD,0,5192,0.0
GEMEINDE,15088065,Stadt Braunsbedra,Erststimmen,D09,Tierschutzpartei,0,5192,0.0
GEMEINDE,15088065,Stadt Braunsbedra,Erststimmen,D10,Tierschutzallianz,0,5192,0.0
GEMEINDE,15088065,Stadt Braunsbedra,Erststimmen,D12,Die PARTEI,0,5192,0.0
GEMEINDE,15088065,Stadt Braunsbedra,Erststimmen,D13,Gartenpartei,0,5192,0.0
GEMEINDE,15088065,Stadt Braunsbedra,Erststimmen,D14,FBM,0,5192,0.0
GEMEINDE,15088065,Stadt Braunsbedra,Erststimmen,D16,dieBasis,0,5192,0.0
GEMEINDE,15088065,Stadt Braunsbedra,Erststimmen,D21,ÖDP,0,5192,0.0
GEMEINDE,15088065,Stadt Braunsbedra,Erststimmen,D26,Andere KWV,0,5192,0.0
GEMEINDE,15088065,Stadt Braunsbedra,Erststimmen,D27,Andere KWV,0,5192,0.0
GEMEINDE,15088065,Stadt Braunsbedra,Erststimmen,D28,Andere KWV,0,5192,0.0
GEMEINDE,15088065,Stadt Braunsbedra,Zweitstimmen,F01,CDU,2061,5220,39.4828
GEMEINDE,15088065,Stadt Braunsbedra,Zweitstimmen,F02,AfD,1310,5220,25.0958
GEMEINDE,15088065,Stadt Braunsbedra,Zweitstimmen,F03,DIE LINKE,497,5220,9.5211
GEMEINDE,15088065,Stadt Braunsbedra,Zweitstimmen,F04,SPD,392,5220,7.5096
GEMEINDE,15088065,Stadt Braunsbedra,Zweitstimmen,F05,GRÜNE,146,5220,2.7969
GEMEINDE,15088065,Stadt Braunsbedra,Zweitstimmen,F06,FDP,315,5220,6.0345
GEMEINDE,15088065,Stadt Braunsbedra,Zweitstimmen,F07,FREIE WÄHLER,97,5220,1.8582
GEMEINDE,15088065,Stadt Braunsbedra,Zweitstimmen,F08,NPD,19,5220,0.364
GEMEINDE,15088065,Stadt Braunsbedra,Zweitstimmen,F09,Tierschutzpartei,67,5220,1.2835
GEMEINDE,15088065,Stadt Braunsbedra,Zweitstimmen,F10,Tierschutzallianz,16,5220,0.3065
GEMEINDE,15088065,Stadt Braunsbedra,Zweitstimmen,F11,LKR,2,5220,0.0383
GEMEINDE,15088065,Stadt Braunsbedra,Zweitstimmen,F12,Die PARTEI,30,5220,0.5747
GEMEINDE,15088065,Stadt Braunsbedra,Zweitstimmen,F13,Gartenpartei,45,5220,0.8621
GEMEINDE,15088065,Stadt Braunsbedra,Zweitstimmen,F14,FBM,9,5220,0.1724
GEMEINDE,15088065,Stadt Braunsbedra,Zweitstimmen,F15,TIERSCHUTZ hier!,39,5220,0.7471
GEMEINDE,15088065,Stadt Braunsbedra,Zweitstimmen,F16,dieBasis,107,5220,2.0498
GEMEINDE,15088065,Stadt Braunsbedra,Zweitstimmen,F19,Klimaliste ST,4,5220,0.0766
GEMEINDE,15088065,Stadt Braunsbedra,Zweitstimmen,F21,ÖDP,6,5220,0.1149
GEMEINDE,15088065,Stadt Braunsbedra,Zweitstimmen,F22,Die Humanisten,10,5220,0.1916
GEMEINDE,15088065,Stadt Braunsbedra,Zweitstimmen,F23,Gesundheitsforschung,19,5220,0.364
GEMEINDE,15088065,Stadt Braunsbedra,Zweitstimmen,F24,PIRATEN,21,5220,0.4023
GEMEINDE,15088065,Stadt Braunsbedra,Zweitstimmen,F25,WiR2020,8,5220,0.1533
GEMEINDE,15088100,Gemeinde Farnstädt,Erststimmen,D01,CDU,276,785,35.1592
GEMEINDE,15088100,Gemeinde Farnstädt,Erststimmen,D02,AfD,244,785,31.0828
GEMEINDE,15088100,Gemeinde Farnstädt,Erststimmen,D03,DIE LINKE,136,785,17.3248
GEMEINDE,15088100,Gemeinde Farnstädt,Erststimmen,D04,SPD,40,785,5.0955
GEMEINDE,15088100,Gemeinde Farnstädt,Erststimmen,D05,GRÜNE,7,785,0.8917
GEMEINDE,15088100,Gemeinde Farnstädt,Erststimmen,D06,FDP,52,785,6.6242
GEMEINDE,15088100,Gemeinde Farnstädt,Erststimmen,D07,FREIE WÄHLER,0,785,0.0
GEMEINDE,15088100,Gemeinde Farnstädt,Erststimmen,D08,NPD,0,785,0.0
GEMEINDE,15088100,Gemeinde Farnstädt,Erststimmen,D09,Tierschutzpartei,0,785,0.0
GEMEINDE,15088100,Gemeinde Farnstädt,Erststimmen,D10,Tierschutzallianz,30,785,3.8217
GEMEINDE,15088100,Gemeinde Farnstädt,Erststimmen,D12,Die PARTEI,0,785,0.0
GEMEINDE,15088100,Gemeinde Farnstädt,Erststimmen,D13,Gartenpartei,0,785,0.0
GEMEINDE,15088100,Gemeinde Farnstädt,Erststimmen,D14,FBM,0,785,0.0
GEMEINDE,15088100,Gemeinde Farnstädt,Erststimmen,D16,dieBasis,0,785,0.0
GEMEINDE,15088100,Gemeinde Farnstädt,Erststimmen,D21,ÖDP,0,785,0.0
GEMEINDE,15088100,Gemeinde Farnstädt,Erststimmen,D26,Andere KWV,0,785,0.0
GEMEINDE,15088100,Gemeinde Farnstädt,Erststimmen,D27,Andere KWV,0,785,0.0
GEMEINDE,15088100,Gemeinde Farnstädt,Erststimmen,D28,Andere KWV,0,785,0.0
GEMEINDE,15088100,Gemeinde Farnstädt,Zweitstimmen,F01,CDU,297,786,37.7863
GEMEINDE,15088100,Gemeinde Farnstädt,Zweitstimmen,F02,AfD,223,786,28.3715
GEMEINDE,15088100,Gemeinde Farnstädt,Zweitstimmen,F03,DIE LINKE,85,786,10.8142
GEMEINDE,15088100,Gemeinde Farnstädt,Zweitstimmen,F04,SPD,46,786,5.8524
GEMEINDE,15088100,Gemeinde Farnstädt,Zweitstimmen,F05,GRÜNE,12,786,1.5267
GEMEINDE,15088100,Gemeinde Farnstädt,Zweitstimmen,F06,FDP,51,786,6.4885
GEMEINDE,15088100,Gemeinde Farnstädt,Zweitstimmen,F07,FREIE WÄHLER,13,786,1.6539
GEMEINDE,15088100,Gemeinde Farnstädt,Zweitstimmen,F08,NPD,4,786,0.5089
GEMEINDE,15088100,Gemeinde Farnstädt,Zweitstimmen,F09,Tierschutzpartei,6,786,0.7634
GEMEINDE,15088100,Gemeinde Farnstädt,Zweitstimmen,F10,Tierschutzallianz,13,786,1.6539
GEMEINDE,15088100,Gemeinde Farnstädt,Zweitstimmen,F11,LKR,1,786,0.1272
GEMEINDE,15088100,Gemeinde Farnstädt,Zweitstimmen,F12,Die PARTEI,6,786,0.7634
GEMEINDE,15088100,Gemeinde Farnstädt,Zweitstimmen,F13,Gartenpartei,6,786,0.7634
GEMEINDE,15088100,Gemeinde Farnstädt,Zweitstimmen,F14,FBM,1,786,0.1272
GEMEINDE,15088100,Gemeinde Farnstädt,Zweitstimmen,F15,TIERSCHUTZ hier!,4,786,0.5089
GEMEINDE,15088100,Gemeinde Farnstädt,Zweitstimmen,F16,dieBasis,12,786,1.5267
GEMEINDE,15088100,Gemeinde Farnstädt,Zweitstimmen,F19,Klimaliste ST,0,786,0.0
GEMEINDE,15088100,Gemeinde Farnstädt,Zweitstimmen,F21,ÖDP,0,786,0.0
GEMEINDE,15088100,Gemeinde Farnstädt,Zweitstimmen,F22,Die Humanisten,0,786,0.0
GEMEINDE,15088100,Gemeinde Farnstädt,Zweitstimmen,F23,Gesundheitsforschung,5,786,0.6361
GEMEINDE,15088100,Gemeinde Farnstädt,Zweitstimmen,F24,PIRATEN,1,786,0.1272
GEMEINDE,15088100,Gemeinde Farnstädt,Zweitstimmen,F25,WiR2020,0,786,0.0
GEMEINDE,15088150,Gemeinde Kabelsketal,Erststimmen,D01,CDU,1563,4468,34.9821
GEMEINDE,15088150,Gemeinde Kabelsketal,Erststimmen,D02,AfD,1095,4468,24.5076
GEMEINDE,15088150,Gemeinde Kabelsketal,Erststimmen,D03,DIE LINKE,443,4468,9.915
GEMEINDE,15088150,Gemeinde Kabelsketal,Erststimmen,D04,SPD,370,4468,8.2811
GEMEINDE,15088150,Gemeinde Kabelsketal,Erststimmen,D05,GRÜNE,232,4468,5.1925
GEMEINDE,15088150,Gemeinde Kabelsketal,Erststimmen,D06,FDP,363,4468,8.1244
GEMEINDE,15088150,Gemeinde Kabelsketal,Erststimmen,D07,FREIE WÄHLER,402,4468,8.9973
GEMEINDE,15088150,Gemeinde Kabelsketal,Erststimmen,D08,NPD,0,4468,0.0
GEMEINDE,15088150,Gemeinde Kabelsketal,Erststimmen,D09,Tierschutzpartei,0,4468,0.0
GEMEINDE,15088150,Gemeinde Kabelsketal,Erststimmen,D10,Tierschutzallianz,0,4468,0.0
GEMEINDE,15088150,Gemeinde Kabelsketal,Erststimmen,D12,Die PARTEI,0,4468,0.0
GEMEINDE,15088150,Gemeinde Kabelsketal,Erststimmen,D13,Gartenpartei,0,4468,0.0
GEMEINDE,15088150,Gemeinde Kabelsketal,Erststimmen,D14,FBM,0,4468,0.0
GEMEINDE,15088150,Gemeinde Kabelsketal,Erststimmen,D16,dieBasis,0,4468,0.0
GEMEINDE,15088150,Gemeinde Kabelsketal,Erststimmen,D21,ÖDP,0,4468,0.0
GEMEINDE,15088150,Gemeinde Kabelsketal,Erststimmen,D26,Andere KWV,0,4468,0.0
GEMEINDE,15088150,Gemeinde Kabelsketal,Erststimmen,D27,Andere KWV,0,4468,0.0
GEMEINDE,15088150,Gemeinde Kabelsketal,Erststimmen,D28,Andere KWV,0,4468,0.0
GEMEINDE,15088150,Gemeinde Kabelsketal,Zweitstimmen,F01,CDU,1673,4465,37.4692
GEMEINDE,15088150,Gemeinde Kabelsketal,Zweitstimmen,F02,AfD,954,4465,21.3662
GEMEINDE,15088150,Gemeinde Kabelsketal,Zweitstimmen,F03,DIE LINKE,427,4465,9.5633
GEMEINDE,15088150,Gemeinde Kabelsketal,Zweitstimmen,F04,SPD,339,4465,7.5924
GEMEINDE,15088150,Gemeinde Kabelsketal,Zweitstimmen,F05,GRÜNE,231,4465,5.1736
GEMEINDE,15088150,Gemeinde Kabelsketal,Zweitstimmen,F06,FDP,349,4465,7.8163
GEMEINDE,15088150,Gemeinde Kabelsketal,Zweitstimmen,F07,FREIE WÄHLER,153,4465,3.4267
GEMEINDE,15088150,Gemeinde Kabelsketal,Zweitstimmen,F08,NPD,17,4465,0.3807
GEMEINDE,15088150,Gemeinde Kabelsketal,Zweitstimmen,F09,Tierschutzpartei,77,4465,1.7245
GEMEINDE,15088150,Gemeinde Kabelsketal,Zweitstimmen,F10,Tierschutzallianz,15,4465,0.3359
GEMEINDE,15088150,Gemeinde Kabelsketal,Zweitstimmen,F11,LKR,3,4465,0.0672
GEMEINDE,15088150,Gemeinde Kabelsketal,Zweitstimmen,F12,Die PARTEI,35,4465,0.7839
GEMEINDE,15088150,Gemeinde Kabelsketal,Zweitstimmen,F13,Gartenpartei,32,4465,0.7167
GEMEINDE,15088150,Gemeinde Kabelsketal,Zweitstimmen,F14,FBM,3,4465,0.0672
GEMEINDE,15088150,Gemeinde Kabelsketal,Zweitstimmen,F15,TIERSCHUTZ hier!,36,4465,0.8063
GEMEINDE,15088150,Gemeinde Kabelsketal,Zweitstimmen,F16,dieBasis,73,4465,1.6349
GEMEINDE,15088150,Gemeinde Kabelsketal,Zweitstimmen,F19,Klimaliste ST,2,4465,0.0448
GEMEINDE,15088150,Gemeinde Kabelsketal,Zweitstimmen,F21,ÖDP,4,4465,0.0896
GEMEINDE,15088150,Gemeinde Kabelsketal,Zweitstimmen,F22,Die Humanisten,1,4465,0.0224
GEMEINDE,15088150,Gemeinde Kabelsketal,Zweitstimmen,F23,Gesundheitsforschung,19,4465,0.4255
GEMEINDE,15088150,Gemeinde Kabelsketal,Zweitstimmen,F24,PIRATEN,11,4465,0.2464
GEMEINDE,15088150,Gemeinde Kabelsketal,Zweitstimmen,F25,WiR2020,11,4465,0.2464
GEMEINDE,15088195,Stadt Landsberg,Erststimmen,D01,CDU,2733,8110,33.6991
GEMEINDE,15088195,Stadt Landsberg,Erststimmen,D02,AfD,1839,8110,22.6757
GEMEINDE,15088195,Stadt Landsberg,Erststimmen,D03,DIE LINKE,745,8110,9.1862
GEMEINDE,15088195,Stadt Landsberg,Erststimmen,D04,SPD,798,8110,9.8397
GEMEINDE,15088195,Stadt Landsberg,Erststimmen,D05,GRÜNE,402,8110,4.9568
GEMEINDE,15088195,Stadt Landsberg,Erststimmen,D06,FDP,681,8110,8.397
GEMEINDE,15088195,Stadt Landsberg,Erststimmen,D07,FREIE WÄHLER,912,8110,11.2454
GEMEINDE,15088195,Stadt Landsberg,Erststimmen,D08,NPD,0,8110,0.0
GEMEINDE,15088195,Stadt Landsberg,Erststimmen,D09,Tierschutzpartei,0,8110,0.0
GEMEINDE,15088195,Stadt Landsberg,Erststimmen,D10,Tierschutzallianz,0,8110,0.0
GEMEINDE,15088195,Stadt Landsberg,Erststimmen,D12,Die PARTEI,0,8110,0.0
GEMEINDE,15088195,Stadt Landsberg,Erststimmen,D13,Gartenpartei,0,8110,0.0
GEMEINDE,15088195,Stadt Landsberg,Erststimmen,D14,FBM,0,8110,0.0
GEMEINDE,15088195,Stadt Landsberg,Erststimmen,D16,dieBasis,0,8110,0.0
GEMEINDE,15088195,Stadt Landsberg,Erststimmen,D21,ÖDP,0,8110,0.0
GEMEINDE,15088195,Stadt Landsberg,Erststimmen,D26,Andere KWV,0,8110,0.0
GEMEINDE,15088195,Stadt Landsberg,Erststimmen,D27,Andere KWV,0,8110,0.0
GEMEINDE,15088195,Stadt Landsberg,Erststimmen,D28,Andere KWV,0,8110,0.0
GEMEINDE,15088195,Stadt Landsberg,Zweitstimmen,F01,CDU,3108,8136,38.2006
GEMEINDE,15088195,Stadt Landsberg,Zweitstimmen,F02,AfD,1726,8136,21.2144
GEMEINDE,15088195,Stadt Landsberg,Zweitstimmen,F03,DIE LINKE,768,8136,9.4395
GEMEINDE,15088195,Stadt Landsberg,Zweitstimmen,F04,SPD,559,8136,6.8707
GEMEINDE,15088195,Stadt Landsberg,Zweitstimmen,F05,GRÜNE,388,8136,4.7689
GEMEINDE,15088195,Stadt Landsberg,Zweitstimmen,F06,FDP,654,8136,8.0383
GEMEINDE,15088195,Stadt Landsberg,Zweitstimmen,F07,FREIE WÄHLER,346,8136,4.2527
GEMEINDE,15088195,Stadt Landsberg,Zweitstimmen,F08,NPD,30,8136,0.3687
GEMEINDE,15088195,Stadt Landsberg,Zweitstimmen,F09,Tierschutzpartei,108,8136,1.3274
GEMEINDE,15088195,Stadt Landsberg,Zweitstimmen,F10,Tierschutzallianz,35,8136,0.4302
GEMEINDE,15088195,Stadt Landsberg,Zweitstimmen,F11,LKR,4,8136,0.0492
GEMEINDE,15088195,Stadt Landsberg,Zweitstimmen,F12,Die PARTEI,42,8136,0.5162
GEMEINDE,15088195,Stadt Landsberg,Zweitstimmen,F13,Gartenpartei,57,8136,0.7006
GEMEINDE,15088195,Stadt Landsberg,Zweitstimmen,F14,FBM,8,8136,0.0983
GEMEINDE,15088195,Stadt Landsberg,Zweitstimmen,F15,TIERSCHUTZ hier!,64,8136,0.7866
GEMEINDE,15088195,Stadt Landsberg,Zweitstimmen,F16,dieBasis,138,8136,1.6962
GEMEINDE,15088195,Stadt Landsberg,Zweitstimmen,F19,Klimaliste ST,3,8136,0.0369
GEMEINDE,15088195,Stadt Landsberg,Zweitstimmen,F21,ÖDP,6,8136,0.0737
GEMEINDE,15088195,Stadt Landsberg,Zweitstimmen,F22,Die Humanisten,11,8136,0.1352
GEMEINDE,15088195,Stadt Landsberg,Zweitstimmen,F23,Gesundheitsforschung,36,8136,0.4425
GEMEINDE,15088195,Stadt Landsberg,Zweitstimmen,F24,PIRATEN,29,8136,0.3564
GEMEINDE,15088195,Stadt Landsberg,Zweitstimmen,F25,WiR2020,16,8136,0.1967
GEMEINDE,15088205,Stadt Leuna,Erststimmen,D01,CDU,2661,7359,36.1598
GEMEINDE,15088205,Stadt Leuna,Erststimmen,D02,AfD,2053,7359,27.8978
GEMEINDE,15088205,Stadt Leuna,Erststimmen,D03,DIE LINKE,863,7359,11.7271
GEMEINDE,15088205,Stadt Leuna,Erststimmen,D04,SPD,740,7359,10.0557
GEMEINDE,15088205,Stadt Leuna,Erststimmen,D05,GRÜNE,321,7359,4.362
GEMEINDE,15088205,Stadt Leuna,Erststimmen,D06,FDP,398,7359,5.4083
GEMEINDE,15088205,Stadt Leuna,Erststimmen,D07,FREIE WÄHLER,323,7359,4.3892
GEMEINDE,15088205,Stadt Leuna,Erststimmen,D08,NPD,0,7359,0.0
GEMEINDE,15088205,Stadt Leuna,Erststimmen,D09,Tierschutzpartei,0,7359,0.0
GEMEINDE,15088205,Stadt Leuna,Erststimmen,D10,Tierschutzallianz,0,7359,0.0
GEMEINDE,15088205,Stadt Leuna,Erststimmen,D12,Die PARTEI,0,7359,0.0
GEMEINDE,15088205,Stadt Leuna,Erststimmen,D13,Gartenpartei,0,7359,0.0
GEMEINDE,15088205,Stadt Leuna,Erststimmen,D14,FBM,0,7359,0.0
GEMEINDE,15088205,Stadt Leuna,Erststimmen,D16,dieBasis,0,7359,0.0
GEMEINDE,15088205,Stadt Leuna,Erststimmen,D21,ÖDP,0,7359,0.0
GEMEINDE,15088205,Stadt Leuna,Erststimmen,D26,Andere KWV,0,7359,0.0
GEMEINDE,15088205,Stadt Leuna,Erststimmen,D27,Andere KWV,0,7359,0.0
GEMEINDE,15088205,Stadt Leuna,Erststimmen,D28,Andere KWV,0,7359,0.0
GEMEINDE,15088205,Stadt Leuna,Zweitstimmen,F01,CDU,2780,7386,37.6388
GEMEINDE,15088205,Stadt Leuna,Zweitstimmen,F02,AfD,1813,7386,24.5464
GEMEINDE,15088205,Stadt Leuna,Zweitstimmen,F03,DIE LINKE,700,7386,9.4774
GEMEINDE,15088205,Stadt Leuna,Zweitstimmen,F04,SPD,560,7386,7.5819
GEMEINDE,15088205,Stadt Leuna,Zweitstimmen,F05,GRÜNE,282,7386,3.818
GEMEINDE,15088205,Stadt Leuna,Zweitstimmen,F06,FDP,526,7386,7.1216
GEMEINDE,15088205,Stadt Leuna,Zweitstimmen,F07,FREIE WÄHLER,184,7386,2.4912
GEMEINDE,15088205,Stadt Leuna,Zweitstimmen,F08,NPD,26,7386,0.352
GEMEINDE,15088205,Stadt Leuna,Zweitstimmen,F09,Tierschutzpartei,94,7386,1.2727
GEMEINDE,15088205,Stadt Leuna,Zweitstimmen,F10,Tierschutzallianz,23,7386,0.3114
GEMEINDE,15088205,Stadt Leuna,Zweitstimmen,F11,LKR,6,7386,0.0812
GEMEINDE,15088205,Stadt Leuna,Zweitstimmen,F12,Die PARTEI,45,7386,0.6093
GEMEINDE,15088205,Stadt Leuna,Zweitstimmen,F13,Gartenpartei,46,7386,0.6228
GEMEINDE,15088205,Stadt Leuna,Zweitstimmen,F14,FBM,7,7386,0.0948
GEMEINDE,15088205,Stadt Leuna,Zweitstimmen,F15,TIERSCHUTZ hier!,38,7386,0.5145
GEMEINDE,15088205,Stadt Leuna,Zweitstimmen,F16,dieBasis,142,7386,1.9226
GEMEINDE,15088205,Stadt Leuna,Zweitstimmen,F19,Klimaliste ST,4,7386,0.0542
GEMEINDE,15088205,Stadt Leuna,Zweitstimmen,F21,ÖDP,5,7386,0.0677
GEMEINDE,15088205,Stadt Leuna,Zweitstimmen,F22,Die Humanisten,7,7386,0.0948
GEMEINDE,15088205,Stadt Leuna,Zweitstimmen,F23,Gesundheitsforschung,42,7386,0.5686
GEMEINDE,15088205,Stadt Leuna,Zweitstimmen,F24,PIRATEN,34,7386,0.4603
GEMEINDE,15088205,Stadt Leuna,Zweitstimmen,F25,WiR2020,22,7386,0.2979
GEMEINDE,15088216,Stadt Wettin-Löbejün,Erststimmen,D01,CDU,1725,5218,33.0586
GEMEINDE,15088216,Stadt Wettin-Löbejün,Erststimmen,D02,AfD,1305,5218,25.0096
GEMEINDE,15088216,Stadt Wettin-Löbejün,Erststimmen,D03,DIE LINKE,473,5218,9.0648
GEMEINDE,15088216,Stadt Wettin-Löbejün,Erststimmen,D04,SPD,526,5218,10.0805
GEMEINDE,15088216,Stadt Wettin-Löbejün,Erststimmen,D05,GRÜNE,326,5218,6.2476
GEMEINDE,15088216,Stadt Wettin-Löbejün,Erststimmen,D06,FDP,597,5218,11.4412
GEMEINDE,15088216,Stadt Wettin-Löbejün,Erststimmen,D07,FREIE WÄHLER,233,5218,4.4653
GEMEINDE,15088216,Stadt Wettin-Löbejün,Erststimmen,D08,NPD,0,5218,0.0
GEMEINDE,15088216,Stadt Wettin-Löbejün,Erststimmen,D09,Tierschutzpartei,0,5218,0.0
GEMEINDE,15088216,Stadt Wettin-Löbejün,Erststimmen,D10,Tierschutzallianz,0,5218,0.0
GEMEINDE,15088216,Stadt Wettin-Löbejün,Erststimmen,D12,Die PARTEI,0,5218,0.0
GEMEINDE,15088216,Stadt Wettin-Löbejün,Erststimmen,D13,Gartenpartei,0,5218,0.0
GEMEINDE,15088216,Stadt Wettin-Löbejün,Erststimmen,D14,FBM,33,5218,0.6324
GEMEINDE,15088216,Stadt Wettin-Löbejün,Erststimmen,D16,dieBasis,0,5218,0.0
GEMEINDE,15088216,Stadt Wettin-Löbejün,Erststimmen,D21,ÖDP,0,5218,0.0
GEMEINDE,15088216,Stadt Wettin-Löbejün,Erststimmen,D26,Andere KWV,0,5218,0.0
GEMEINDE,15088216,Stadt Wettin-Löbejün,Erststimmen,D27,Andere KWV,0,5218,0.0
GEMEINDE,15088216,Stadt Wettin-Löbejün,Erststimmen,D28,Andere KWV,0,5218,0.0
GEMEINDE,15088216,Stadt Wettin-Löbejün,Zweitstimmen,F01,CDU,1965,5223,37.6221
GEMEINDE,15088216,Stadt Wettin-Löbejün,Zweitstimmen,F02,AfD,1241,5223,23.7603
GEMEINDE,15088216,Stadt Wettin-Löbejün,Zweitstimmen,F03,DIE LINKE,475,5223,9.0944
GEMEINDE,15088216,Stadt Wettin-Löbejün,Zweitstimmen,F04,SPD,414,5223,7.9265
GEMEINDE,15088216,Stadt Wettin-Löbejün,Zweitstimmen,F05,GRÜNE,252,5223,4.8248
GEMEINDE,15088216,Stadt Wettin-Löbejün,Zweitstimmen,F06,FDP,415,5223,7.9456
GEMEINDE,15088216,Stadt Wettin-Löbejün,Zweitstimmen,F07,FREIE WÄHLER,136,5223,2.6039
GEMEINDE,15088216,Stadt Wettin-Löbejün,Zweitstimmen,F08,NPD,19,5223,0.3638
GEMEINDE,15088216,Stadt Wettin-Löbejün,Zweitstimmen,F09,Tierschutzpartei,63,5223,1.2062
GEMEINDE,15088216,Stadt Wettin-Löbejün,Zweitstimmen,F10,Tierschutzallianz,17,5223,0.3255
GEMEINDE,15088216,Stadt Wettin-Löbejün,Zweitstimmen,F11,LKR,3,5223,0.0574
GEMEINDE,15088216,Stadt Wettin-Löbejün,Zweitstimmen,F12,Die PARTEI,24,5223,0.4595
GEMEINDE,15088216,Stadt Wettin-Löbejün,Zweitstimmen,F13,Gartenpartei,25,5223,0.4787
GEMEINDE,15088216,Stadt Wettin-Löbejün,Zweitstimmen,F14,FBM,6,5223,0.1149
GEMEINDE,15088216,Stadt Wettin-Löbejün,Zweitstimmen,F15,TIERSCHUTZ hier!,34,5223,0.651
GEMEINDE,15088216,Stadt Wettin-Löbejün,Zweitstimmen,F16,dieBasis,72,5223,1.3785
GEMEINDE,15088216,Stadt Wettin-Löbejün,Zweitstimmen,F19,Klimaliste ST,4,5223,0.0766
GEMEINDE,15088216,Stadt Wettin-Löbejün,Zweitstimmen,F21,ÖDP,3,5223,0.0574
GEMEINDE,15088216,Stadt Wettin-Löbejün,Zweitstimmen,F22,Die Humanisten,5,5223,0.0957
GEMEINDE,15088216,Stadt Wettin-Löbejün,Zweitstimmen,F23,Gesundheitsforschung,26,5223,0.4978
GEMEINDE,15088216,Stadt Wettin-Löbejün,Zweitstimmen,F24,PIRATEN,15,5223,0.2872
GEMEINDE,15088216,Stadt Wettin-Löbejün,Zweitstimmen,F25,WiR2020,9,5223,0.1723
GEMEINDE,15088220,Stadt Merseburg,Erststimmen,D01,CDU,5673,14361,39.5028
GEMEINDE,15088220,Stadt Merseburg,Erststimmen,D02,AfD,4175,14361,29.0718
GEMEINDE,15088220,Stadt Merseburg,Erststimmen,D03,DIE LINKE,2103,14361,14.6438
GEMEINDE,15088220,Stadt Merseburg,Erststimmen,D04,SPD,1613,14361,11.2318
GEMEINDE,15088220,Stadt Merseburg,Erststimmen,D05,GRÜNE,797,14361,5.5498
GEMEINDE,15088220,Stadt Merseburg,Erststimmen,D06,FDP,0,14361,0.0
GEMEINDE,15088220,Stadt Merseburg,Erststimmen,D07,FREIE WÄHLER,0,14361,0.0
GEMEINDE,15088220,Stadt Merseburg,Erststimmen,D08,NPD,0,14361,0.0
GEMEINDE,15088220,Stadt Merseburg,Erststimmen,D09,Tierschutzpartei,0,14361,0.0
GEMEINDE,15088220,Stadt Merseburg,Erststimmen,D10,Tierschutzallianz,0,14361,0.0
GEMEINDE,15088220,Stadt Merseburg,Erststimmen,D12,Die PARTEI,0,14361,0.0
GEMEINDE,15088220,Stadt Merseburg,Erststimmen,D13,Gartenpartei,0,14361,0.0
GEMEINDE,15088220,Stadt Merseburg,Erststimmen,D14,FBM,0,14361,0.0
GEMEINDE,15088220,Stadt Merseburg,Erststimmen,D16,dieBasis,0,14361,0.0
GEMEINDE,15088220,Stadt Merseburg,Erststimmen,D21,ÖDP,0,14361,0.0
GEMEINDE,15088220,Stadt Merseburg,Erststimmen,D26,Andere KWV,0,14361,0.0
GEMEINDE,15088220,Stadt Merseburg,Erststimmen,D27,Andere KWV,0,14361,0.0
GEMEINDE,15088220,Stadt Merseburg,Erststimmen,D28,Andere KWV,0,14361,0.0
GEMEINDE,15088220,Stadt Merseburg,Zweitstimmen,F01,CDU,5232,14507,36.0653
GEMEINDE,15088220,Stadt Merseburg,Zweitstimmen,F02,AfD,3540,14507,24.402
GEMEINDE,15088220,Stadt Merseburg,Zweitstimmen,F03,DIE LINKE,1506,14507,10.3812
GEMEINDE,15088220,Stadt Merseburg,Zweitstimmen,F04,SPD,1166,14507,8.0375
GEMEINDE,15088220,Stadt Merseburg,Zweitstimmen,F05,GRÜNE,689,14507,4.7494
GEMEINDE,15088220,Stadt Merseburg,Zweitstimmen,F06,FDP,970,14507,6.6864
GEMEINDE,15088220,Stadt Merseburg,Zweitstimmen,F07,FREIE WÄHLER,216,14507,1.4889
GEMEINDE,15088220,Stadt Merseburg,Zweitstimmen,F08,NPD,48,14507,0.3309
GEMEINDE,15088220,Stadt Merseburg,Zweitstimmen,F09,Tierschutzpartei,218,14507,1.5027
GEMEINDE,15088220,Stadt Merseburg,Zweitstimmen,F10,Tierschutzallianz,49,14507,0.3378
GEMEINDE,15088220,Stadt Merseburg,Zweitstimmen,F11,LKR,3,14507,0.0207
GEMEINDE,15088220,Stadt Merseburg,Zweitstimmen,F12,Die PARTEI,122,14507,0.841
GEMEINDE,15088220,Stadt Merseburg,Zweitstimmen,F13,Gartenpartei,79,14507,0.5446
GEMEINDE,15088220,Stadt Merseburg,Zweitstimmen,F14,FBM,17,14507,0.1172
GEMEINDE,15088220,Stadt Merseburg,Zweitstimmen,F15,TIERSCHUTZ hier!,114,14507,0.7858
GEMEINDE,15088220,Stadt Merseburg,Zweitstimmen,F16,dieBasis,342,14507,2.3575
GEMEINDE,15088220,Stadt Merseburg,Zweitstimmen,F19,Klimaliste ST,9,14507,0.062
GEMEINDE,15088220,Stadt Merseburg,Zweitstimmen,F21,ÖDP,9,14507,0.062
GEMEINDE,15088220,Stadt Merseburg,Zweitstimmen,F22,Die Humanisten,25,14507,0.1723
GEMEINDE,15088220,Stadt Merseburg,Zweitstimmen,F23,Gesundheitsforschung,73,14507,0.5032
GEMEINDE,15088220,Stadt Merseburg,Zweitstimmen,F24,PIRATEN,69,14507,0.4756
GEMEINDE,15088220,Stadt Merseburg,Zweitstimmen,F25,WiR2020,11,14507,0.0758
GEMEINDE,15088235,Stadt Mücheln (Geiseltal),Erststimmen,D01,CDU,1593,4495,35.4394
GEMEINDE,15088235,Stadt Mücheln (Geiseltal),Erststimmen,D02,AfD,1299,4495,28.8988
GEMEINDE,15088235,Stadt Mücheln (Geiseltal),Erststimmen,D03,DIE LINKE,522,4495,11.6129
GEMEINDE,15088235,Stadt Mücheln (Geiseltal),Erststimmen,D04,SPD,501,4495,11.1457
GEMEINDE,15088235,Stadt Mücheln (Geiseltal),Erststimmen,D05,GRÜNE,93,4495,2.069
GEMEINDE,15088235,Stadt Mücheln (Geiseltal),Erststimmen,D06,FDP,324,4495,7.208
GEMEINDE,15088235,Stadt Mücheln (Geiseltal),Erststimmen,D07,FREIE WÄHLER,0,4495,0.0
GEMEINDE,15088235,Stadt Mücheln (Geiseltal),Erststimmen,D08,NPD,0,4495,0.0
GEMEINDE,15088235,Stadt Mücheln (Geiseltal),Erststimmen,D09,Tierschutzpartei,0,4495,0.0
GEMEINDE,15088235,Stadt Mücheln (Geiseltal),Erststimmen,D10,Tierschutzallianz,163,4495,3.6263
GEMEINDE,15088235,Stadt Mücheln (Geiseltal),Erststimmen,D12,Die PARTEI,0,4495,0.0
GEMEINDE,15088235,Stadt Mücheln (Geiseltal),Erststimmen,D13,Gartenpartei,0,4495,0.0
GEMEINDE,15088235,Stadt Mücheln (Geiseltal),Erststimmen,D14,FBM,0,4495,0.0
GEMEINDE,15088235,Stadt Mücheln (Geiseltal),Erststimmen,D16,dieBasis,0,4495,0.0
GEMEINDE,15088235,Stadt Mücheln (Geiseltal),Erststimmen,D21,ÖDP,0,4495,0.0
GEMEINDE,15088235,Stadt Mücheln (Geiseltal),Erststimmen,D26,Andere KWV,0,4495,0.0
GEMEINDE,15088235,Stadt Mücheln (Geiseltal),Erststimmen,D27,Andere KWV,0,4495,0.0
GEMEINDE,15088235,Stadt Mücheln (Geiseltal),Erststimmen,D28,Andere KWV,0,4495,0.0
GEMEINDE,15088235,Stadt Mücheln (Geiseltal),Zweitstimmen,F01,CDU,1751,4517,38.7647
GEMEINDE,15088235,Stadt Mücheln (Geiseltal),Zweitstimmen,F02,AfD,1185,4517,26.2342
GEMEINDE,15088235,Stadt Mücheln (Geiseltal),Zweitstimmen,F03,DIE LINKE,423,4517,9.3646
GEMEINDE,15088235,Stadt Mücheln (Geiseltal),Zweitstimmen,F04,SPD,322,4517,7.1286
GEMEINDE,15088235,Stadt Mücheln (Geiseltal),Zweitstimmen,F05,GRÜNE,126,4517,2.7895
GEMEINDE,15088235,Stadt Mücheln (Geiseltal),Zweitstimmen,F06,FDP,290,4517,6.4202
GEMEINDE,15088235,Stadt Mücheln (Geiseltal),Zweitstimmen,F07,FREIE WÄHLER,107,4517,2.3688
GEMEINDE,15088235,Stadt Mücheln (Geiseltal),Zweitstimmen,F08,NPD,8,4517,0.1771
GEMEINDE,15088235,Stadt Mücheln (Geiseltal),Zweitstimmen,F09,Tierschutzpartei,46,4517,1.0184
GEMEINDE,15088235,Stadt Mücheln (Geiseltal),Zweitstimmen,F10,Tierschutzallianz,51,4517,1.1291
GEMEINDE,15088235,Stadt Mücheln (Geiseltal),Zweitstimmen,F11,LKR,3,4517,0.0664
GEMEINDE,15088235,Stadt Mücheln (Geiseltal),Zweitstimmen,F12,Die PARTEI,21,4517,0.4649
GEMEINDE,15088235,Stadt Mücheln (Geiseltal),Zweitstimmen,F13,Gartenpartei,27,4517,0.5977
GEMEINDE,15088235,Stadt Mücheln (Geiseltal),Zweitstimmen,F14,FBM,9,4517,0.1992
GEMEINDE,15088235,Stadt Mücheln (Geiseltal),Zweitstimmen,F15,TIERSCHUTZ hier!,31,4517,0.6863
GEMEINDE,15088235,Stadt Mücheln (Geiseltal),Zweitstimmen,F16,dieBasis,74,4517,1.6383
GEMEINDE,15088235,Stadt Mücheln (Geiseltal),Zweitstimmen,F19,Klimaliste ST,2,4517,0.0443
GEMEINDE,15088235,Stadt Mücheln (Geiseltal),Zweitstimmen,F21,ÖDP,2,4517,0.0443
GEMEINDE,15088235,Stadt Mücheln (Geiseltal),Zweitstimmen,F22,Die Humanisten,5,4517,0.1107
GEMEINDE,15088235,Stadt Mücheln (Geiseltal),Zweitstimmen,F23,Gesundheitsforschung,13,4517,0.2878
GEMEINDE,15088235,Stadt Mücheln (Geiseltal),Zweitstimmen,F24,PIRATEN,14,4517,0.3099
GEMEINDE,15088235,Stadt Mücheln (Geiseltal),Zweitstimmen,F25,WiR2020,7,4517,0.155
GEMEINDE,15088250,Gemeinde Nemsdorf-Göhrendorf,Erststimmen,D01,CDU,149,460,32.3913
GEMEINDE,15088250,Gemeinde Nemsdorf-Göhrendorf,Erststimmen,D02,AfD,113,460,24.5652
GEMEINDE,15088250,Gemeinde Nemsdorf-Göhrendorf,Erststimmen,D03,DIE LINKE,94,460,20.4348
GEMEINDE,15088250,Gemeinde Nemsdorf-Göhrendorf,Erststimmen,D04,SPD,37,460,8.0435
GEMEINDE,15088250,Gemeinde Nemsdorf-Göhrendorf,Erststimmen,D05,GRÜNE,4,460,0.8696
GEMEINDE,15088250,Gemeinde Nemsdorf-Göhrendorf,Erststimmen,D06,FDP,43,460,9.3478
GEMEINDE,15088250,Gemeinde Nemsdorf-Göhrendorf,Erststimmen,D07,FREIE WÄHLER,0,460,0.0
GEMEINDE,15088250,Gemeinde Nemsdorf-Göhrendorf,Erststimmen,D08,NPD,0,460,0.0
GEMEINDE,15088250,Gemeinde Nemsdorf-Göhrendorf,Erststimmen,D09,Tierschutzpartei,0,460,0.0
GEMEINDE,15088250,Gemeinde Nemsdorf-Göhrendorf,Erststimmen,D10,Tierschutzallianz,20,460,4.3478
GEMEINDE,15088250,Gemeinde Nemsdorf-Göhrendorf,Erststimmen,D12,Die PARTEI,0,460,0.0
GEMEINDE,15088250,Gemeinde Nemsdorf-Göhrendorf,Erststimmen,D13,Gartenpartei,0,460,0.0
GEMEINDE,15088250,Gemeinde Nemsdorf-Göhrendorf,Erststimmen,D14,FBM,0,460,0.0
GEMEINDE,15088250,Gemeinde Nemsdorf-Göhrendorf,Erststimmen,D16,dieBasis,0,460,0.0
GEMEINDE,15088250,Gemeinde Nemsdorf-Göhrendorf,Erststimmen,D21,ÖDP,0,460,0.0
GEMEINDE,15088250,Gemeinde Nemsdorf-Göhrendorf,Erststimmen,D26,Andere KWV,0,460,0.0
GEMEINDE,15088250,Gemeinde Nemsdorf-Göhrendorf,Erststimmen,D27,Andere KWV,0,460,0.0
GEMEINDE,15088250,Gemeinde Nemsdorf-Göhrendorf,Erststimmen,D28,Andere KWV,0,460,0.0
GEMEINDE,15088250,Gemeinde Nemsdorf-Göhrendorf,Zweitstimmen,F01,CDU,172,459,37.4728
GEMEINDE,15088250,Gemeinde Nemsdorf-Göhrendorf,Zweitstimmen,F02,AfD,102,459,22.2222
GEMEINDE,15088250,Gemeinde Nemsdorf-Göhrendorf,Zweitstimmen,F03,DIE LINKE,58,459,12.6362
GEMEINDE,15088250,Gemeinde Nemsdorf-Göhrendorf,Zweitstimmen,F04,SPD,35,459,7.6253
GEMEINDE,15088250,Gemeinde Nemsdorf-Göhrendorf,Zweitstimmen,F05,GRÜNE,9,459,1.9608
GEMEINDE,15088250,Gemeinde Nemsdorf-Göhrendorf,Zweitstimmen,F06,FDP,37,459,8.061
GEMEINDE,15088250,Gemeinde Nemsdorf-Göhrendorf,Zweitstimmen,F07,FREIE WÄHLER,11,459,2.3965
GEMEINDE,15088250,Gemeinde Nemsdorf-Göhrendorf,Zweitstimmen,F08,NPD,3,459,0.6536
GEMEINDE,15088250,Gemeinde Nemsdorf-Göhrendorf,Zweitstimmen,F09,Tierschutzpartei,2,459,0.4357
GEMEINDE,15088250,Gemeinde Nemsdorf-Göhrendorf,Zweitstimmen,F10,Tierschutzallianz,9,459,1.9608
GEMEINDE,15088250,Gemeinde Nemsdorf-Göhrendorf,Zweitstimmen,F11,LKR,0,459,0.0
GEMEINDE,15088250,Gemeinde Nemsdorf-Göhrendorf,Zweitstimmen,F12,Die PARTEI,1,459,0.2179
GEMEINDE,15088250,Gemeinde Nemsdorf-Göhrendorf,Zweitstimmen,F13,Gartenpartei,2,459,0.4357
GEMEINDE,15088250,Gemeinde Nemsdorf-Göhrendorf,Zweitstimmen,F14,FBM,0,459,0.0
GEMEINDE,15088250,Gemeinde Nemsdorf-Göhrendorf,Zweitstimmen,F15,TIERSCHUTZ hier!,2,459,0.4357
GEMEINDE,15088250,Gemeinde Nemsdorf-Göhrendorf,Zweitstimmen,F16,dieBasis,12,459,2.6144
GEMEINDE,15088250,Gemeinde Nemsdorf-Göhrendorf,Zweitstimmen,F19,Klimaliste ST,0,459,0.0
GEMEINDE,15088250,Gemeinde Nemsdorf-Göhrendorf,Zweitstimmen,F21,ÖDP,0,459,0.0
GEMEINDE,15088250,Gemeinde Nemsdorf-Göhrendorf,Zweitstimmen,F22,Die Humanisten,0,459,0.0
GEMEINDE,15088250,Gemeinde Nemsdorf-Göhrendorf,Zweitstimmen,F23,Gesundheitsforschung,1,459,0.2179
GEMEINDE,15088250,Gemeinde Nemsdorf-Göhrendorf,Zweitstimmen,F24,PIRATEN,1,459,0.2179
GEMEINDE,15088250,Gemeinde Nemsdorf-Göhrendorf,Zweitstimmen,F25,WiR2020,2,459,0.4357
GEMEINDE,15088265,Gemeinde Obhausen,Erststimmen,D01,CDU,442,1197,36.9256
GEMEINDE,15088265,Gemeinde Obhausen,Erststimmen,D02,AfD,337,1197,28.1537
GEMEINDE,15088265,Gemeinde Obhausen,Erststimmen,D03,DIE LINKE,208,1197,17.3768
GEMEINDE,15088265,Gemeinde Obhausen,Erststimmen,D04,SPD,77,1197,6.4327
GEMEINDE,15088265,Gemeinde Obhausen,Erststimmen,D05,GRÜNE,14,1197,1.1696
GEMEINDE,15088265,Gemeinde Obhausen,Erststimmen,D06,FDP,75,1197,6.2657
GEMEINDE,15088265,Gemeinde Obhausen,Erststimmen,D07,FREIE WÄHLER,0,1197,0.0
GEMEINDE,15088265,Gemeinde Obhausen,Erststimmen,D08,NPD,0,1197,0.0
GEMEINDE,15088265,Gemeinde Obhausen,Erststimmen,D09,Tierschutzpartei,0,1197,0.0
GEMEINDE,15088265,Gemeinde Obhausen,Erststimmen,D10,Tierschutzallianz,44,1197,3.6759
GEMEINDE,15088265,Gemeinde Obhausen,Erststimmen,D12,Die PARTEI,0,1197,0.0
GEMEINDE,15088265,Gemeinde Obhausen,Erststimmen,D13,Gartenpartei,0,1197,0.0
GEMEINDE,15088265,Gemeinde Obhausen,Erststimmen,D14,FBM,0,1197,0.0
GEMEINDE,15088265,Gemeinde Obhausen,Erststimmen,D16,dieBasis,0,1197,0.0
GEMEINDE,15088265,Gemeinde Obhausen,Erststimmen,D21,ÖDP,0,1197,0.0
GEMEINDE,15088265,Gemeinde Obhausen,Erststimmen,D26,Andere KWV,0,1197,0.0
GEMEINDE,15088265,Gemeinde Obhausen,Erststimmen,D27,Andere KWV,0,1197,0.0
GEMEINDE,15088265,Gemeinde Obhausen,Erststimmen,D28,Andere KWV,0,1197,0.0
GEMEINDE,15088265,Gemeinde Obhausen,Zweitstimmen,F01,CDU,483,1199,40.2836
GEMEINDE,15088265,Gemeinde Obhausen,Zweitstimmen,F02,AfD,308,1199,25.6881
GEMEINDE,15088265,Gemeinde Obhausen,Zweitstimmen,F03,DIE LINKE,144,1199,12.01
GEMEINDE,15088265,Gemeinde Obhausen,Zweitstimmen,F04,SPD,71,1199,5.9216
GEMEINDE,15088265,Gemeinde Obhausen,Zweitstimmen,F05,GRÜNE,24,1199,2.0017
GEMEINDE,15088265,Gemeinde Obhausen,Zweitstimmen,F06,FDP,68,1199,5.6714
GEMEINDE,15088265,Gemeinde Obhausen,Zweitstimmen,F07,FREIE WÄHLER,13,1199,1.0842
GEMEINDE,15088265,Gemeinde Obhausen,Zweitstimmen,F08,NPD,4,1199,0.3336
GEMEINDE,15088265,Gemeinde Obhausen,Zweitstimmen,F09,Tierschutzpartei,12,1199,1.0008
GEMEINDE,15088265,Gemeinde Obhausen,Zweitstimmen,F10,Tierschutzallianz,15,1199,1.251
GEMEINDE,15088265,Gemeinde Obhausen,Zweitstimmen,F11,LKR,0,1199,0.0
GEMEINDE,15088265,Gemeinde Obhausen,Zweitstimmen,F12,Die PARTEI,9,1199,0.7506
GEMEINDE,15088265,Gemeinde Obhausen,Zweitstimmen,F13,Gartenpartei,11,1199,0.9174
GEMEINDE,15088265,Gemeinde Obhausen,Zweitstimmen,F14,FBM,0,1199,0.0
GEMEINDE,15088265,Gemeinde Obhausen,Zweitstimmen,F15,TIERSCHUTZ hier!,6,1199,0.5004
GEMEINDE,15088265,Gemeinde Obhausen,Zweitstimmen,F16,dieBasis,21,1199,1.7515
GEMEINDE,15088265,Gemeinde Obhausen,Zweitstimmen,F19,Klimaliste ST,0,1199,0.0
GEMEINDE,15088265,Gemeinde Obhausen,Zweitstimmen,F21,ÖDP,1,1199,0.0834
GEMEINDE,15088265,Gemeinde Obhausen,Zweitstimmen,F22,Die Humanisten,1,1199,0.0834
GEMEINDE,15088265,Gemeinde Obhausen,Zweitstimmen,F23,Gesundheitsforschung,5,1199,0.417
GEMEINDE,15088265,Gemeinde Obhausen,Zweitstimmen,F24,PIRATEN,2,1199,0.1668
GEMEINDE,15088265,Gemeinde Obhausen,Zweitstimmen,F25,WiR2020,1,1199,0.0834
GEMEINDE,15088295,Gemeinde Petersberg,Erststimmen,D01,CDU,1969,5420,36.3284
GEMEINDE,15088295,Gemeinde Petersberg,Erststimmen,D02,AfD,1224,5420,22.583
GEMEINDE,15088295,Gemeinde Petersberg,Erststimmen,D03,DIE LINKE,450,5420,8.3026
GEMEINDE,15088295,Gemeinde Petersberg,Erststimmen,D04,SPD,622,5420,11.476
GEMEINDE,15088295,Gemeinde Petersberg,Erststimmen,D05,GRÜNE,288,5420,5.3137
GEMEINDE,15088295,Gemeinde Petersberg,Erststimmen,D06,FDP,529,5420,9.7601
GEMEINDE,15088295,Gemeinde Petersberg,Erststimmen,D07,FREIE WÄHLER,289,5420,5.3321
GEMEINDE,15088295,Gemeinde Petersberg,Erststimmen,D08,NPD,0,5420,0.0
GEMEINDE,15088295,Gemeinde Petersberg,Erststimmen,D09,Tierschutzpartei,0,5420,0.0
GEMEINDE,15088295,Gemeinde Petersberg,Erststimmen,D10,Tierschutzallianz,0,5420,0.0
GEMEINDE,15088295,Gemeinde Petersberg,Erststimmen,D12,Die PARTEI,0,5420,0.0
GEMEINDE,15088295,Gemeinde Petersberg,Erststimmen,D13,Gartenpartei,0,5420,0.0
GEMEINDE,15088295,Gemeinde Petersberg,Erststimmen,D14,FBM,49,5420,0.9041
GEMEINDE,15088295,Gemeinde Petersberg,Erststimmen,D16,dieBasis,0,5420,0.0
GEMEINDE,15088295,Gemeinde Petersberg,Erststimmen,D21,ÖDP,0,5420,0.0
GEMEINDE,15088295,Gemeinde Petersberg,Erststimmen,D26,Andere KWV,0,5420,0.0
GEMEINDE,15088295,Gemeinde Petersberg,Erststimmen,D27,Andere KWV,0,5420,0.0
GEMEINDE,15088295,Gemeinde Petersberg,Erststimmen,D28,Andere KWV,0,5420,0.0
GEMEINDE,15088295,Gemeinde Petersberg,Zweitstimmen,F01,CDU,2228,5428,41.0464
GEMEINDE,15088295,Gemeinde Petersberg,Zweitstimmen,F02,AfD,1159,5428,21.3522
GEMEINDE,15088295,Gemeinde Petersberg,Zweitstimmen,F03,DIE LINKE,450,5428,8.2903
GEMEINDE,15088295,Gemeinde Petersberg,Zweitstimmen,F04,SPD,412,5428,7.5903
GEMEINDE,15088295,Gemeinde Petersberg,Zweitstimmen,F05,GRÜNE,263,5428,4.8452
GEMEINDE,15088295,Gemeinde Petersberg,Zweitstimmen,F06,FDP,433,5428,7.9772
GEMEINDE,15088295,Gemeinde Petersberg,Zweitstimmen,F07,FREIE WÄHLER,161,5428,2.9661
GEMEINDE,15088295,Gemeinde Petersberg,Zweitstimmen,F08,NPD,10,5428,0.1842
GEMEINDE,15088295,Gemeinde Petersberg,Zweitstimmen,F09,Tierschutzpartei,60,5428,1.1054
GEMEINDE,15088295,Gemeinde Petersberg,Zweitstimmen,F10,Tierschutzallianz,14,5428,0.2579
GEMEINDE,15088295,Gemeinde Petersberg,Zweitstimmen,F11,LKR,2,5428,0.0368
GEMEINDE,15088295,Gemeinde Petersberg,Zweitstimmen,F12,Die PARTEI,28,5428,0.5158
GEMEINDE,15088295,Gemeinde Petersberg,Zweitstimmen,F13,Gartenpartei,26,5428,0.479
GEMEINDE,15088295,Gemeinde Petersberg,Zweitstimmen,F14,FBM,10,5428,0.1842
GEMEINDE,15088295,Gemeinde Petersberg,Zweitstimmen,F15,TIERSCHUTZ hier!,38,5428,0.7001
GEMEINDE,15088295,Gemeinde Petersberg,Zweitstimmen,F16,dieBasis,84,5428,1.5475
GEMEINDE,15088295,Gemeinde Petersberg,Zweitstimmen,F19,Klimaliste ST,3,5428,0.0553
GEMEINDE,15088295,Gemeinde Petersberg,Zweitstimmen,F21,ÖDP,2,5428,0.0368
GEMEINDE,15088295,Gemeinde Petersberg,Zweitstimmen,F22,Die Humanisten,7,5428,0.129
GEMEINDE,15088295,Gemeinde Petersberg,Zweitstimmen,F23,Gesundheitsforschung,18,5428,0.3316
GEMEINDE,15088295,Gemeinde Petersberg,Zweitstimmen,F24,PIRATEN,15,5428,0.2763
GEMEINDE,15088295,Gemeinde Petersberg,Zweitstimmen,F25,WiR2020,5,5428,0.0921
GEMEINDE,15088305,Stadt Querfurt,Erststimmen,D01,CDU,1664,5388,30.8834
GEMEINDE,15088305,Stadt Querfurt,Erststimmen,D02,AfD,1533,5388,28.4521
GEMEINDE,15088305,Stadt Querfurt,Erststimmen,D03,DIE LINKE,1111,5388,20.6199
GEMEINDE,15088305,Stadt Querfurt,Erststimmen,D04,SPD,352,5388,6.533
GEMEINDE,15088305,Stadt Querfurt,Erststimmen,D05,GRÜNE,99,5388,1.8374
GEMEINDE,15088305,Stadt Querfurt,Erststimmen,D06,FDP,416,5388,7.7209
GEMEINDE,15088305,Stadt Querfurt,Erststimmen,D07,FREIE WÄHLER,0,5388,0.0
GEMEINDE,15088305,Stadt Querfurt,Erststimmen,D08,NPD,0,5388,0.0
GEMEINDE,15088305,Stadt Querfurt,Erststimmen,D09,Tierschutzpartei,0,5388,0.0
GEMEINDE,15088305,Stadt Querfurt,Erststimmen,D10,Tierschutzallianz,213,5388,3.9532
GEMEINDE,15088305,Stadt Querfurt,Erststimmen,D12,Die PARTEI,0,5388,0.0
GEMEINDE,15088305,Stadt Querfurt,Erststimmen,D13,Gartenpartei,0,5388,0.0
GEMEINDE,15088305,Stadt Querfurt,Erststimmen,D14,FBM,0,5388,0.0
GEMEINDE,15088305,Stadt Querfurt,Erststimmen,D16,dieBasis,0,5388,0.0
GEMEINDE,15088305,Stadt Querfurt,Erststimmen,D21,ÖDP,0,5388,0.0
GEMEINDE,15088305,Stadt Querfurt,Erststimmen,D26,Andere KWV,0,5388,0.0
GEMEINDE,15088305,Stadt Querfurt,Erststimmen,D27,Andere KWV,0,5388,0.0
GEMEINDE,15088305,Stadt Querfurt,Erststimmen,D28,Andere KWV,0,5388,0.0
GEMEINDE,15088305,Stadt Querfurt,Zweitstimmen,F01,CDU,1964,5394,36.4108
GEMEINDE,15088305,Stadt Querfurt,Zweitstimmen,F02,AfD,1371,5394,25.4171
GEMEINDE,15088305,Stadt Querfurt,Zweitstimmen,F03,DIE LINKE,678,5394,12.5695
GEMEINDE,15088305,Stadt Querfurt,Zweitstimmen,F04,SPD,326,5394,6.0438
GEMEINDE,15088305,Stadt Querfurt,Zweitstimmen,F05,GRÜNE,152,5394,2.8179
GEMEINDE,15088305,Stadt Querfurt,Zweitstimmen,F06,FDP,359,5394,6.6555
GEMEINDE,15088305,Stadt Querfurt,Zweitstimmen,F07,FREIE WÄHLER,92,5394,1.7056
GEMEINDE,15088305,Stadt Querfurt,Zweitstimmen,F08,NPD,14,5394,0.2595
GEMEINDE,15088305,Stadt Querfurt,Zweitstimmen,F09,Tierschutzpartei,75,5394,1.3904
GEMEINDE,15088305,Stadt Querfurt,Zweitstimmen,F10,Tierschutzallianz,65,5394,1.205
GEMEINDE,15088305,Stadt Querfurt,Zweitstimmen,F11,LKR,0,5394,0.0
GEMEINDE,15088305,Stadt Querfurt,Zweitstimmen,F12,Die PARTEI,22,5394,0.4079
GEMEINDE,15088305,Stadt Querfurt,Zweitstimmen,F13,Gartenpartei,36,5394,0.6674
GEMEINDE,15088305,Stadt Querfurt,Zweitstimmen,F14,FBM,7,5394,0.1298
GEMEINDE,15088305,Stadt Querfurt,Zweitstimmen,F15,TIERSCHUTZ hier!,36,5394,0.6674
GEMEINDE,15088305,Stadt Querfurt,Zweitstimmen,F16,dieBasis,128,5394,2.373
GEMEINDE,15088305,Stadt Querfurt,Zweitstimmen,F19,Klimaliste ST,1,5394,0.0185
GEMEINDE,15088305,Stadt Querfurt,Zweitstimmen,F21,ÖDP,6,5394,0.1112
GEMEINDE,15088305,Stadt Querfurt,Zweitstimmen,F22,Die Humanisten,3,5394,0.0556
GEMEINDE,15088305,Stadt Querfurt,Zweitstimmen,F23,Gesundheitsforschung,30,5394,0.5562
GEMEINDE,15088305,Stadt Querfurt,Zweitstimmen,F24,PIRATEN,22,5394,0.4079
GEMEINDE,15088305,Stadt Querfurt,Zweitstimmen,F25,WiR2020,7,5394,0.1298
GEMEINDE,15088319,Gemeinde Salzatal,Erststimmen,D01,CDU,2561,6614,38.7209
GEMEINDE,15088319,Gemeinde Salzatal,Erststimmen,D02,AfD,1483,6614,22.4221
GEMEINDE,15088319,Gemeinde Salzatal,Erststimmen,D03,DIE LINKE,651,6614,9.8428
GEMEINDE,15088319,Gemeinde Salzatal,Erststimmen,D04,SPD,564,6614,8.5274
GEMEINDE,15088319,Gemeinde Salzatal,Erststimmen,D05,GRÜNE,322,6614,4.8685
GEMEINDE,15088319,Gemeinde Salzatal,Erststimmen,D06,FDP,609,6614,9.2077
GEMEINDE,15088319,Gemeinde Salzatal,Erststimmen,D07,FREIE WÄHLER,356,6614,5.3825
GEMEINDE,15088319,Gemeinde Salzatal,Erststimmen,D08,NPD,0,6614,0.0
GEMEINDE,15088319,Gemeinde Salzatal,Erststimmen,D09,Tierschutzpartei,0,6614,0.0
GEMEINDE,15088319,Gemeinde Salzatal,Erststimmen,D10,Tierschutzallianz,0,6614,0.0
GEMEINDE,15088319,Gemeinde Salzatal,Erststimmen,D12,Die PARTEI,0,6614,0.0
GEMEINDE,15088319,Gemeinde Salzatal,Erststimmen,D13,Gartenpartei,0,6614,0.0
GEMEINDE,15088319,Gemeinde Salzatal,Erststimmen,D14,FBM,68,6614,1.0281
GEMEINDE,15088319,Gemeinde Salzatal,Erststimmen,D16,dieBasis,0,6614,0.0
GEMEINDE,15088319,Gemeinde Salzatal,Erststimmen,D21,ÖDP,0,6614,0.0
GEMEINDE,15088319,Gemeinde Salzatal,Erststimmen,D26,Andere KWV,0,6614,0.0
GEMEINDE,15088319,Gemeinde Salzatal,Erststimmen,D27,Andere KWV,0,6614,0.0
GEMEINDE,15088319,Gemeinde Salzatal,Erststimmen,D28,Andere KWV,0,6614,0.0
GEMEINDE,15088319,Gemeinde Salzatal,Zweitstimmen,F01,CDU,2624,6634,39.5538
GEMEINDE,15088319,Gemeinde Salzatal,Zweitstimmen,F02,AfD,1463,6634,22.0531
GEMEINDE,15088319,Gemeinde Salzatal,Zweitstimmen,F03,DIE LINKE,614,6634,9.2554
GEMEINDE,15088319,Gemeinde Salzatal,Zweitstimmen,F04,SPD,504,6634,7.5972
GEMEINDE,15088319,Gemeinde Salzatal,Zweitstimmen,F05,GRÜNE,309,6634,4.6578
GEMEINDE,15088319,Gemeinde Salzatal,Zweitstimmen,F06,FDP,544,6634,8.2002
GEMEINDE,15088319,Gemeinde Salzatal,Zweitstimmen,F07,FREIE WÄHLER,172,6634,2.5927
GEMEINDE,15088319,Gemeinde Salzatal,Zweitstimmen,F08,NPD,11,6634,0.1658
GEMEINDE,15088319,Gemeinde Salzatal,Zweitstimmen,F09,Tierschutzpartei,65,6634,0.9798
GEMEINDE,15088319,Gemeinde Salzatal,Zweitstimmen,F10,Tierschutzallianz,17,6634,0.2563
GEMEINDE,15088319,Gemeinde Salzatal,Zweitstimmen,F11,LKR,2,6634,0.0301
GEMEINDE,15088319,Gemeinde Salzatal,Zweitstimmen,F12,Die PARTEI,37,6634,0.5577
GEMEINDE,15088319,Gemeinde Salzatal,Zweitstimmen,F13,Gartenpartei,28,6634,0.4221
GEMEINDE,15088319,Gemeinde Salzatal,Zweitstimmen,F14,FBM,21,6634,0.3166
GEMEINDE,15088319,Gemeinde Salzatal,Zweitstimmen,F15,TIERSCHUTZ hier!,31,6634,0.4673
GEMEINDE,15088319,Gemeinde Salzatal,Zweitstimmen,F16,dieBasis,115,6634,1.7335
GEMEINDE,15088319,Gemeinde Salzatal,Zweitstimmen,F19,Klimaliste ST,4,6634,0.0603
GEMEINDE,15088319,Gemeinde Salzatal,Zweitstimmen,F21,ÖDP,3,6634,0.0452
GEMEINDE,15088319,Gemeinde Salzatal,Zweitstimmen,F22,Die Humanisten,8,6634,0.1206
GEMEINDE,15088319,Gemeinde Salzatal,Zweitstimmen,F23,Gesundheitsforschung,28,6634,0.4221
GEMEINDE,15088319,Gemeinde Salzatal,Zweitstimmen,F24,PIRATEN,21,6634,0.3166
GEMEINDE,15088319,Gemeinde Salzatal,Zweitstimmen,F25,WiR2020,13,6634,0.196
GEMEINDE,15088330,Gemeinde Schkopau,Erststimmen,D01,CDU,2162,6004,36.0093
GEMEINDE,15088330,Gemeinde Schkopau,Erststimmen,D02,AfD,1491,6004,24.8334
GEMEINDE,15088330,Gemeinde Schkopau,Erststimmen,D03,DIE LINKE,600,6004,9.9933
GEMEINDE,15088330,Gemeinde Schkopau,Erststimmen,D04,SPD,505,6004,8.4111
GEMEINDE,15088330,Gemeinde Schkopau,Erststimmen,D05,GRÜNE,319,6004,5.3131
GEMEINDE,15088330,Gemeinde Schkopau,Erststimmen,D06,FDP,520,6004,8.6609
GEMEINDE,15088330,Gemeinde Schkopau,Erststimmen,D07,FREIE WÄHLER,407,6004,6.7788
GEMEINDE,15088330,Gemeinde Schkopau,Erststimmen,D08,NPD,0,6004,0.0
GEMEINDE,15088330,Gemeinde Schkopau,Erststimmen,D09,Tierschutzpartei,0,6004,0.0
GEMEINDE,15088330,Gemeinde Schkopau,Erststimmen,D10,Tierschutzallianz,0,6004,0.0
GEMEINDE,15088330,Gemeinde Schkopau,Erststimmen,D12,Die PARTEI,0,6004,0.0
GEMEINDE,15088330,Gemeinde Schkopau,Erststimmen,D13,Gartenpartei,0,6004,0.0
GEMEINDE,15088330,Gemeinde Schkopau,Erststimmen,D14,FBM,0,6004,0.0
GEMEINDE,15088330,Gemeinde Schkopau,Erststimmen,D16,dieBasis,0,6004,0.0
GEMEINDE,15088330,Gemeinde Schkopau,Erststimmen,D21,ÖDP,0,6004,0.0
GEMEINDE,15088330,Gemeinde Schkopau,Erststimmen,D26,Andere KWV,0,6004,0.0
GEMEINDE,15088330,Gemeinde Schkopau,Erststimmen,D27,Andere KWV,0,6004,0.0
GEMEINDE,15088330,Gemeinde Schkopau,Erststimmen,D28,Andere KWV,0,6004,0.0
GEMEINDE,15088330,Gemeinde Schkopau,Zweitstimmen,F01,CDU,2288,6015,38.0382
GEMEINDE,15088330,Gemeinde Schkopau,Zweitstimmen,F02,AfD,1385,6015,23.0258
GEMEINDE,15088330,Gemeinde Schkopau,Zweitstimmen,F03,DIE LINKE,545,6015,9.0607
GEMEINDE,15088330,Gemeinde Schkopau,Zweitstimmen,F04,SPD,421,6015,6.9992
GEMEINDE,15088330,Gemeinde Schkopau,Zweitstimmen,F05,GRÜNE,295,6015,4.9044
GEMEINDE,15088330,Gemeinde Schkopau,Zweitstimmen,F06,FDP,463,6015,7.6974
GEMEINDE,15088330,Gemeinde Schkopau,Zweitstimmen,F07,FREIE WÄHLER,176,6015,2.926
GEMEINDE,15088330,Gemeinde Schkopau,Zweitstimmen,F08,NPD,12,6015,0.1995
GEMEINDE,15088330,Gemeinde Schkopau,Zweitstimmen,F09,Tierschutzpartei,82,6015,1.3633
GEMEINDE,15088330,Gemeinde Schkopau,Zweitstimmen,F10,Tierschutzallianz,28,6015,0.4655
GEMEINDE,15088330,Gemeinde Schkopau,Zweitstimmen,F11,LKR,2,6015,0.0333
GEMEINDE,15088330,Gemeinde Schkopau,Zweitstimmen,F12,Die PARTEI,30,6015,0.4988
GEMEINDE,15088330,Gemeinde Schkopau,Zweitstimmen,F13,Gartenpartei,25,6015,0.4156
GEMEINDE,15088330,Gemeinde Schkopau,Zweitstimmen,F14,FBM,5,6015,0.0831
GEMEINDE,15088330,Gemeinde Schkopau,Zweitstimmen,F15,TIERSCHUTZ hier!,40,6015,0.665
GEMEINDE,15088330,Gemeinde Schkopau,Zweitstimmen,F16,dieBasis,131,6015,2.1779
GEMEINDE,15088330,Gemeinde Schkopau,Zweitstimmen,F19,Klimaliste ST,3,6015,0.0499
GEMEINDE,15088330,Gemeinde Schkopau,Zweitstimmen,F21,ÖDP,6,6015,0.0998
GEMEINDE,15088330,Gemeinde Schkopau,Zweitstimmen,F22,Die Humanisten,10,6015,0.1663
GEMEINDE,15088330,Gemeinde Schkopau,Zweitstimmen,F23,Gesundheitsforschung,37,6015,0.6151
GEMEINDE,15088330,Gemeinde Schkopau,Zweitstimmen,F24,PIRATEN,21,6015,0.3491
GEMEINDE,15088330,Gemeinde Schkopau,Zweitstimmen,F25,WiR2020,10,6015,0.1663
GEMEINDE,15088340,Stadt Schraplau,Erststimmen,D01,CDU,156,505,30.8911
GEMEINDE,15088340,Stadt Schraplau,Erststimmen,D02,AfD,159,505,31.4851
GEMEINDE,15088340,Stadt Schraplau,Erststimmen,D03,DIE LINKE,79,505,15.6436
GEMEINDE,15088340,Stadt Schraplau,Erststimmen,D04,SPD,44,505,8.7129
GEMEINDE,15088340,Stadt Schraplau,Erststimmen,D05,GRÜNE,8,505,1.5842
GEMEINDE,15088340,Stadt Schraplau,Erststimmen,D06,FDP,36,505,7.1287
GEMEINDE,15088340,Stadt Schraplau,Erststimmen,D07,FREIE WÄHLER,0,505,0.0
GEMEINDE,15088340,Stadt Schraplau,Erststimmen,D08,NPD,0,505,0.0
GEMEINDE,15088340,Stadt Schraplau,Erststimmen,D09,Tierschutzpartei,0,505,0.0
GEMEINDE,15088340,Stadt Schraplau,Erststimmen,D10,Tierschutzallianz,23,505,4.5545
GEMEINDE,15088340,Stadt Schraplau,Erststimmen,D12,Die PARTEI,0,505,0.0
GEMEINDE,15088340,Stadt Schraplau,Erststimmen,D13,Gartenpartei,0,505,0.0
GEMEINDE,15088340,Stadt Schraplau,Erststimmen,D14,FBM,0,505,0.0
GEMEINDE,15088340,Stadt Schraplau,Erststimmen,D16,dieBasis,0,505,0.0
GEMEINDE,15088340,Stadt Schraplau,Erststimmen,D21,ÖDP,0,505,0.0
GEMEINDE,15088340,Stadt Schraplau,Erststimmen,D26,Andere KWV,0,505,0.0
GEMEINDE,15088340,Stadt Schraplau,Erststimmen,D27,Andere KWV,0,505,0.0
GEMEINDE,15088340,Stadt Schraplau,Erststimmen,D28,Andere KWV,0,505,0.0
GEMEINDE,15088340,Stadt Schraplau,Zweitstimmen,F01,CDU,183,510,35.8824
GEMEINDE,15088340,Stadt Schraplau,Zweitstimmen,F02,AfD,144,510,28.2353
GEMEINDE,15088340,Stadt Schraplau,Zweitstimmen,F03,DIE LINKE,46,510,9.0196
GEMEINDE,15088340,Stadt Schraplau,Zweitstimmen,F04,SPD,34,510,6.6667
GEMEINDE,15088340,Stadt Schraplau,Zweitstimmen,F05,GRÜNE,10,510,1.9608
GEMEINDE,15088340,Stadt Schraplau,Zweitstimmen,F06,FDP,32,510,6.2745
GEMEINDE,15088340,Stadt Schraplau,Zweitstimmen,F07,FREIE WÄHLER,10,510,1.9608
GEMEINDE,15088340,Stadt Schraplau,Zweitstimmen,F08,NPD,2,510,0.3922
GEMEINDE,15088340,Stadt Schraplau,Zweitstimmen,F09,Tierschutzpartei,9,510,1.7647
GEMEINDE,15088340,Stadt Schraplau,Zweitstimmen,F10,Tierschutzallianz,9,510,1.7647
GEMEINDE,15088340,Stadt Schraplau,Zweitstimmen,F11,LKR,0,510,0.0
GEMEINDE,15088340,Stadt Schraplau,Zweitstimmen,F12,Die PARTEI,7,510,1.3725
GEMEINDE,15088340,Stadt Schraplau,Zweitstimmen,F13,Gartenpartei,4,510,0.7843
GEMEINDE,15088340,Stadt Schraplau,Zweitstimmen,F14,FBM,3,510,0.5882
GEMEINDE,15088340,Stadt Schraplau,Zweitstimmen,F15,TIERSCHUTZ hier!,1,510,0.1961
GEMEINDE,15088340,Stadt Schraplau,Zweitstimmen,F16,dieBasis,7,510,1.3725
GEMEINDE,15088340,Stadt Schraplau,Zweitstimmen,F19,Klimaliste ST,0,510,0.0
GEMEINDE,15088340,Stadt Schraplau,Zweitstimmen,F21,ÖDP,0,510,0.0
GEMEINDE,15088340,Stadt Schraplau,Zweitstimmen,F22,Die Humanisten,1,510,0.1961
GEMEINDE,15088340,Stadt Schraplau,Zweitstimmen,F23,Gesundheitsforschung,4,510,0.7843
GEMEINDE,15088340,Stadt Schraplau,Zweitstimmen,F24,PIRATEN,2,510,0.3922
GEMEINDE,15088340,Stadt Schraplau,Zweitstimmen,F25,WiR2020,2,510,0.3922
GEMEINDE,15088355,Gemeinde Steigra,Erststimmen,D01,CDU,225,590,38.1356
GEMEINDE,15088355,Gemeinde Steigra,Erststimmen,D02,AfD,165,590,27.9661
GEMEINDE,15088355,Gemeinde Steigra,Erststimmen,D03,DIE LINKE,68,590,11.5254
GEMEINDE,15088355,Gemeinde Steigra,Erststimmen,D04,SPD,54,590,9.1525
GEMEINDE,15088355,Gemeinde Steigra,Erststimmen,D05,GRÜNE,21,590,3.5593
GEMEINDE,15088355,Gemeinde Steigra,Erststimmen,D06,FDP,44,590,7.4576
GEMEINDE,15088355,Gemeinde Steigra,Erststimmen,D07,FREIE WÄHLER,0,590,0.0
GEMEINDE,15088355,Gemeinde Steigra,Erststimmen,D08,NPD,0,590,0.0
GEMEINDE,15088355,Gemeinde Steigra,Erststimmen,D09,Tierschutzpartei,0,590,0.0
GEMEINDE,15088355,Gemeinde Steigra,Erststimmen,D10,Tierschutzallianz,13,590,2.2034
GEMEINDE,15088355,Gemeinde Steigra,Erststimmen,D12,Die PARTEI,0,590,0.0
GEMEINDE,15088355,Gemeinde Steigra,Erststimmen,D13,Gartenpartei,0,590,0.0
GEMEINDE,15088355,Gemeinde Steigra,Erststimmen,D14,FBM,0,590,0.0
GEMEINDE,15088355,Gemeinde Steigra,Erststimmen,D16,dieBasis,0,590,0.0
GEMEINDE,15088355,Gemeinde Steigra,Erststimmen,D21,ÖDP,0,590,0.0
GEMEINDE,15088355,Gemeinde Steigra,Erststimmen,D26,Andere KWV,0,590,0.0
GEMEINDE,15088355,Gemeinde Steigra,Erststimmen,D27,Andere KWV,0,590,0.0
GEMEINDE,15088355,Gemeinde Steigra,Erststimmen,D28,Andere KWV,0,590,0.0
GEMEINDE,15088355,Gemeinde Steigra,Zweitstimmen,F01,CDU,255,590,43.2203
GEMEINDE,15088355,Gemeinde Steigra,Zweitstimmen,F02,AfD,150,590,25.4237
GEMEINDE,15088355,Gemeinde Steigra,Zweitstimmen,F03,DIE LINKE,31,590,5.2542
GEMEINDE,15088355,Gemeinde Steigra,Zweitstimmen,F04,SPD,41,590,6.9492
GEMEINDE,15088355,Gemeinde Steigra,Zweitstimmen,F05,GRÜNE,29,590,4.9153
GEMEINDE,15088355,Gemeinde Steigra,Zweitstimmen,F06,FDP,40,590,6.7797
GEMEINDE,15088355,Gemeinde Steigra,Zweitstimmen,F07,FREIE WÄHLER,10,590,1.6949
GEMEINDE,15088355,Gemeinde Steigra,Zweitstimmen,F08,NPD,0,590,0.0
GEMEINDE,15088355,Gemeinde Steigra,Zweitstimmen,F09,Tierschutzpartei,4,590,0.678
GEMEINDE,15088355,Gemeinde Steigra,Zweitstimmen,F10,Tierschutzallianz,6,590,1.0169
GEMEINDE,15088355,Gemeinde Steigra,Zweitstimmen,F11,LKR,0,590,0.0
GEMEINDE,15088355,Gemeinde Steigra,Zweitstimmen,F12,Die PARTEI,6,590,1.0169
GEMEINDE,15088355,Gemeinde Steigra,Zweitstimmen,F13,Gartenpartei,6,590,1.0169
GEMEINDE,15088355,Gemeinde Steigra,Zweitstimmen,F14,FBM,0,590,0.0
GEMEINDE,15088355,Gemeinde Steigra,Zweitstimmen,F15,TIERSCHUTZ hier!,1,590,0.1695
GEMEINDE,15088355,Gemeinde Steigra,Zweitstimmen,F16,dieBasis,7,590,1.1864
GEMEINDE,15088355,Gemeinde Steigra,Zweitstimmen,F19,Klimaliste ST,0,590,0.0
GEMEINDE,15088355,Gemeinde Steigra,Zweitstimmen,F21,ÖDP,1,590,0.1695
GEMEINDE,15088355,Gemeinde Steigra,Zweitstimmen,F22,Die Humanisten,0,590,0.0
GEMEINDE,15088355,Gemeinde Steigra,Zweitstimmen,F23,Gesundheitsforschung,2,590,0.339
GEMEINDE,15088355,Gemeinde Steigra,Zweitstimmen,F24,PIRATEN,1,590,0.1695
GEMEINDE,15088355,Gemeinde Steigra,Zweitstimmen,F25,WiR2020,0,590,0.0
GEMEINDE,15088365,Gemeinde Teutschenthal,Erststimmen,D01,CDU,2646,7392,35.7955
GEMEINDE,15088365,Gemeinde Teutschenthal,Erststimmen,D02,AfD,1857,7392,25.1218
GEMEINDE,15088365,Gemeinde Teutschenthal,Erststimmen,D03,DIE LINKE,774,7392,10.4708
GEMEINDE,15088365,Gemeinde Teutschenthal,Erststimmen,D04,SPD,610,7392,8.2522
GEMEINDE,15088365,Gemeinde Teutschenthal,Erststimmen,D05,GRÜNE,315,7392,4.2614
GEMEINDE,15088365,Gemeinde Teutschenthal,Erststimmen,D06,FDP,676,7392,9.145
GEMEINDE,15088365,Gemeinde Teutschenthal,Erststimmen,D07,FREIE WÄHLER,415,7392,5.6142
GEMEINDE,15088365,Gemeinde Teutschenthal,Erststimmen,D08,NPD,0,7392,0.0
GEMEINDE,15088365,Gemeinde Teutschenthal,Erststimmen,D09,Tierschutzpartei,0,7392,0.0
GEMEINDE,15088365,Gemeinde Teutschenthal,Erststimmen,D10,Tierschutzallianz,0,7392,0.0
GEMEINDE,15088365,Gemeinde Teutschenthal,Erststimmen,D12,Die PARTEI,0,7392,0.0
GEMEINDE,15088365,Gemeinde Teutschenthal,Erststimmen,D13,Gartenpartei,0,7392,0.0
GEMEINDE,15088365,Gemeinde Teutschenthal,Erststimmen,D14,FBM,99,7392,1.3393
GEMEINDE,15088365,Gemeinde Teutschenthal,Erststimmen,D16,dieBasis,0,7392,0.0
GEMEINDE,15088365,Gemeinde Teutschenthal,Erststimmen,D21,ÖDP,0,7392,0.0
GEMEINDE,15088365,Gemeinde Teutschenthal,Erststimmen,D26,Andere KWV,0,7392,0.0
GEMEINDE,15088365,Gemeinde Teutschenthal,Erststimmen,D27,Andere KWV,0,7392,0.0
GEMEINDE,15088365,Gemeinde Teutschenthal,Erststimmen,D28,Andere KWV,0,7392,0.0
GEMEINDE,15088365,Gemeinde Teutschenthal,Zweitstimmen,F01,CDU,2806,7417,37.832
GEMEINDE,15088365,Gemeinde Teutschenthal,Zweitstimmen,F02,AfD,1779,7417,23.9854
GEMEINDE,15088365,Gemeinde Teutschenthal,Zweitstimmen,F03,DIE LINKE,720,7417,9.7074
GEMEINDE,15088365,Gemeinde Teutschenthal,Zweitstimmen,F04,SPD,538,7417,7.2536
GEMEINDE,15088365,Gemeinde Teutschenthal,Zweitstimmen,F05,GRÜNE,289,7417,3.8965
GEMEINDE,15088365,Gemeinde Teutschenthal,Zweitstimmen,F06,FDP,579,7417,7.8064
GEMEINDE,15088365,Gemeinde Teutschenthal,Zweitstimmen,F07,FREIE WÄHLER,216,7417,2.9122
GEMEINDE,15088365,Gemeinde Teutschenthal,Zweitstimmen,F08,NPD,23,7417,0.3101
GEMEINDE,15088365,Gemeinde Teutschenthal,Zweitstimmen,F09,Tierschutzpartei,102,7417,1.3752
GEMEINDE,15088365,Gemeinde Teutschenthal,Zweitstimmen,F10,Tierschutzallianz,21,7417,0.2831
GEMEINDE,15088365,Gemeinde Teutschenthal,Zweitstimmen,F11,LKR,2,7417,0.027
GEMEINDE,15088365,Gemeinde Teutschenthal,Zweitstimmen,F12,Die PARTEI,40,7417,0.5393
GEMEINDE,15088365,Gemeinde Teutschenthal,Zweitstimmen,F13,Gartenpartei,48,7417,0.6472
GEMEINDE,15088365,Gemeinde Teutschenthal,Zweitstimmen,F14,FBM,25,7417,0.3371
GEMEINDE,15088365,Gemeinde Teutschenthal,Zweitstimmen,F15,TIERSCHUTZ hier!,52,7417,0.7011
GEMEINDE,15088365,Gemeinde Teutschenthal,Zweitstimmen,F16,dieBasis,110,7417,1.4831
GEMEINDE,15088365,Gemeinde Teutschenthal,Zweitstimmen,F19,Klimaliste ST,1,7417,0.0135
GEMEINDE,15088365,Gemeinde Teutschenthal,Zweitstimmen,F21,ÖDP,10,7417,0.1348
GEMEINDE,15088365,Gemeinde Teutschenthal,Zweitstimmen,F22,Die Humanisten,6,7417,0.0809
GEMEINDE,15088365,Gemeinde Teutschenthal,Zweitstimmen,F23,Gesundheitsforschung,26,7417,0.3505
GEMEINDE,15088365,Gemeinde Teutschenthal,Zweitstimmen,F24,PIRATEN,22,7417,0.2966
GEMEINDE,15088365,Gemeinde Teutschenthal,Zweitstimmen,F25,WiR2020,2,7417,0.027
GEMEINDE,15089005,Stadt Alsleben (Saale),Erststimmen,D01,CDU,482,1125,42.8444
GEMEINDE,15089005,Stadt Alsleben (Saale),Erststimmen,D02,AfD,280,1125,24.8889
GEMEINDE,15089005,Stadt Alsleben (Saale),Erststimmen,D03,DIE LINKE,134,1125,11.9111
GEMEINDE,15089005,Stadt Alsleben (Saale),Erststimmen,D04,SPD,62,1125,5.5111
GEMEINDE,15089005,Stadt Alsleben (Saale),Erststimmen,D05,GRÜNE,29,1125,2.5778
GEMEINDE,15089005,Stadt Alsleben (Saale),Erststimmen,D06,FDP,86,1125,7.6444
GEMEINDE,15089005,Stadt Alsleben (Saale),Erststimmen,D07,FREIE WÄHLER,52,1125,4.6222
GEMEINDE,15089005,Stadt Alsleben (Saale),Erststimmen,D08,NPD,0,1125,0.0
GEMEINDE,15089005,Stadt Alsleben (Saale),Erststimmen,D09,Tierschutzpartei,0,1125,0.0
GEMEINDE,15089005,Stadt Alsleben (Saale),Erststimmen,D10,Tierschutzallianz,0,1125,0.0
GEMEINDE,15089005,Stadt Alsleben (Saale),Erststimmen,D12,Die PARTEI,0,1125,0.0
GEMEINDE,15089005,Stadt Alsleben (Saale),Erststimmen,D13,Gartenpartei,0,1125,0.0
GEMEINDE,15089005,Stadt Alsleben (Saale),Erststimmen,D14,FBM,0,1125,0.0
GEMEINDE,15089005,Stadt Alsleben (Saale),Erststimmen,D16,dieBasis,0,1125,0.0
GEMEINDE,15089005,Stadt Alsleben (Saale),Erststimmen,D21,ÖDP,0,1125,0.0
GEMEINDE,15089005,Stadt Alsleben (Saale),Erststimmen,D26,Andere KWV,0,1125,0.0
GEMEINDE,15089005,Stadt Alsleben (Saale),Erststimmen,D27,Andere KWV,0,1125,0.0
GEMEINDE,15089005,Stadt Alsleben (Saale),Erststimmen,D28,Andere KWV,0,1125,0.0
GEMEINDE,15089005,Stadt Alsleben (Saale),Zweitstimmen,F01,CDU,483,1122,43.0481
GEMEINDE,15089005,Stadt Alsleben (Saale),Zweitstimmen,F02,AfD,268,1122,23.8859
GEMEINDE,15089005,Stadt Alsleben (Saale),Zweitstimmen,F03,DIE LINKE,120,1122,10.6952
GEMEINDE,15089005,Stadt Alsleben (Saale),Zweitstimmen,F04,SPD,59,1122,5.2585
GEMEINDE,15089005,Stadt Alsleben (Saale),Zweitstimmen,F05,GRÜNE,22,1122,1.9608
GEMEINDE,15089005,Stadt Alsleben (Saale),Zweitstimmen,F06,FDP,82,1122,7.3084
GEMEINDE,15089005,Stadt Alsleben (Saale),Zweitstimmen,F07,FREIE WÄHLER,29,1122,2.5847
GEMEINDE,15089005,Stadt Alsleben (Saale),Zweitstimmen,F08,NPD,1,1122,0.0891
GEMEINDE,15089005,Stadt Alsleben (Saale),Zweitstimmen,F09,Tierschutzpartei,10,1122,0.8913
GEMEINDE,15089005,Stadt Alsleben (Saale),Zweitstimmen,F10,Tierschutzallianz,7,1122,0.6239
GEMEINDE,15089005,Stadt Alsleben (Saale),Zweitstimmen,F11,LKR,0,1122,0.0
GEMEINDE,15089005,Stadt Alsleben (Saale),Zweitstimmen,F12,Die PARTEI,4,1122,0.3565
GEMEINDE,15089005,Stadt Alsleben (Saale),Zweitstimmen,F13,Gartenpartei,7,1122,0.6239
GEMEINDE,15089005,Stadt Alsleben (Saale),Zweitstimmen,F14,FBM,1,1122,0.0891
GEMEINDE,15089005,Stadt Alsleben (Saale),Zweitstimmen,F15,TIERSCHUTZ hier!,12,1122,1.0695
GEMEINDE,15089005,Stadt Alsleben (Saale),Zweitstimmen,F16,dieBasis,10,1122,0.8913
GEMEINDE,15089005,Stadt Alsleben (Saale),Zweitstimmen,F19,Klimaliste ST,0,1122,0.0
GEMEINDE,15089005,Stadt Alsleben (Saale),Zweitstimmen,F21,ÖDP,1,1122,0.0891
GEMEINDE,15089005,Stadt Alsleben (Saale),Zweitstimmen,F22,Die Humanisten,0,1122,0.0
GEMEINDE,15089005,Stadt Alsleben (Saale),Zweitstimmen,F23,Gesundheitsforschung,2,1122,0.1783
GEMEINDE,15089005,Stadt Alsleben (Saale),Zweitstimmen,F24,PIRATEN,3,1122,0.2674
GEMEINDE,15089005,Stadt Alsleben (Saale),Zweitstimmen,F25,WiR2020,1,1122,0.0891
GEMEINDE,15089015,Stadt Aschersleben,Erststimmen,D01,CDU,3822,11622,32.8859
GEMEINDE,15089015,Stadt Aschersleben,Erststimmen,D02,AfD,2530,11622,21.7691
GEMEINDE,15089015,Stadt Aschersleben,Erststimmen,D03,DIE LINKE,1740,11622,14.9716
GEMEINDE,15089015,Stadt Aschersleben,Erststimmen,D04,SPD,1153,11622,9.9208
GEMEINDE,15089015,Stadt Aschersleben,Erststimmen,D05,GRÜNE,584,11622,5.025
GEMEINDE,15089015,Stadt Aschersleben,Erststimmen,D06,FDP,742,11622,6.3844
GEMEINDE,15089015,Stadt Aschersleben,Erststimmen,D07,FREIE WÄHLER,998,11622,8.5872
GEMEINDE,15089015,Stadt Aschersleben,Erststimmen,D08,NPD,0,11622,0.0
GEMEINDE,15089015,Stadt Aschersleben,Erststimmen,D09,Tierschutzpartei,0,11622,0.0
GEMEINDE,15089015,Stadt Aschersleben,Erststimmen,D10,Tierschutzallianz,0,11622,0.0
GEMEINDE,15089015,Stadt Aschersleben,Erststimmen,D12,Die PARTEI,0,11622,0.0
GEMEINDE,15089015,Stadt Aschersleben,Erststimmen,D13,Gartenpartei,0,11622,0.0
GEMEINDE,15089015,Stadt Aschersleben,Erststimmen,D14,FBM,53,11622,0.456
GEMEINDE,15089015,Stadt Aschersleben,Erststimmen,D16,dieBasis,0,11622,0.0
GEMEINDE,15089015,Stadt Aschersleben,Erststimmen,D21,ÖDP,0,11622,0.0
GEMEINDE,15089015,Stadt Aschersleben,Erststimmen,D26,Andere KWV,0,11622,0.0
GEMEINDE,15089015,Stadt Aschersleben,Erststimmen,D27,Andere KWV,0,11622,0.0
GEMEINDE,15089015,Stadt Aschersleben,Erststimmen,D28,Andere KWV,0,11622,0.0
GEMEINDE,15089015,Stadt Aschersleben,Zweitstimmen,F01,CDU,4336,11661,37.1838
GEMEINDE,15089015,Stadt Aschersleben,Zweitstimmen,F02,AfD,2470,11661,21.1817
GEMEINDE,15089015,Stadt Aschersleben,Zweitstimmen,F03,DIE LINKE,1477,11661,12.6662
GEMEINDE,15089015,Stadt Aschersleben,Zweitstimmen,F04,SPD,957,11661,8.2068
GEMEINDE,15089015,Stadt Aschersleben,Zweitstimmen,F05,GRÜNE,483,11661,4.142
GEMEINDE,15089015,Stadt Aschersleben,Zweitstimmen,F06,FDP,775,11661,6.6461
GEMEINDE,15089015,Stadt Aschersleben,Zweitstimmen,F07,FREIE WÄHLER,457,11661,3.919
GEMEINDE,15089015,Stadt Aschersleben,Zweitstimmen,F08,NPD,35,11661,0.3001
GEMEINDE,15089015,Stadt Aschersleben,Zweitstimmen,F09,Tierschutzpartei,160,11661,1.3721
GEMEINDE,15089015,Stadt Aschersleben,Zweitstimmen,F10,Tierschutzallianz,52,11661,0.4459
GEMEINDE,15089015,Stadt Aschersleben,Zweitstimmen,F11,LKR,4,11661,0.0343
GEMEINDE,15089015,Stadt Aschersleben,Zweitstimmen,F12,Die PARTEI,53,11661,0.4545
GEMEINDE,15089015,Stadt Aschersleben,Zweitstimmen,F13,Gartenpartei,71,11661,0.6089
GEMEINDE,15089015,Stadt Aschersleben,Zweitstimmen,F14,FBM,16,11661,0.1372
GEMEINDE,15089015,Stadt Aschersleben,Zweitstimmen,F15,TIERSCHUTZ hier!,63,11661,0.5403
GEMEINDE,15089015,Stadt Aschersleben,Zweitstimmen,F16,dieBasis,137,11661,1.1749
GEMEINDE,15089015,Stadt Aschersleben,Zweitstimmen,F19,Klimaliste ST,4,11661,0.0343
GEMEINDE,15089015,Stadt Aschersleben,Zweitstimmen,F21,ÖDP,11,11661,0.0943
GEMEINDE,15089015,Stadt Aschersleben,Zweitstimmen,F22,Die Humanisten,14,11661,0.1201
GEMEINDE,15089015,Stadt Aschersleben,Zweitstimmen,F23,Gesundheitsforschung,47,11661,0.4031
GEMEINDE,15089015,Stadt Aschersleben,Zweitstimmen,F24,PIRATEN,24,11661,0.2058
GEMEINDE,15089015,Stadt Aschersleben,Zweitstimmen,F25,WiR2020,15,11661,0.1286
GEMEINDE,15089026,Stadt Barby,Erststimmen,D01,CDU,1511,3991,37.8602
GEMEINDE,15089026,Stadt Barby,Erststimmen,D02,AfD,853,3991,21.3731
GEMEINDE,15089026,Stadt Barby,Erststimmen,D03,DIE LINKE,464,3991,11.6262
GEMEINDE,15089026,Stadt Barby,Erststimmen,D04,SPD,463,3991,11.6011
GEMEINDE,15089026,Stadt Barby,Erststimmen,D05,GRÜNE,129,3991,3.2323
GEMEINDE,15089026,Stadt Barby,Erststimmen,D06,FDP,287,3991,7.1912
GEMEINDE,15089026,Stadt Barby,Erststimmen,D07,FREIE WÄHLER,250,3991,6.2641
GEMEINDE,15089026,Stadt Barby,Erststimmen,D08,NPD,0,3991,0.0
GEMEINDE,15089026,Stadt Barby,Erststimmen,D09,Tierschutzpartei,0,3991,0.0
GEMEINDE,15089026,Stadt Barby,Erststimmen,D10,Tierschutzallianz,0,3991,0.0
GEMEINDE,15089026,Stadt Barby,Erststimmen,D12,Die PARTEI,0,3991,0.0
GEMEINDE,15089026,Stadt Barby,Erststimmen,D13,Gartenpartei,0,3991,0.0
GEMEINDE,15089026,Stadt Barby,Erststimmen,D14,FBM,0,3991,0.0
GEMEINDE,15089026,Stadt Barby,Erststimmen,D16,dieBasis,34,3991,0.8519
GEMEINDE,15089026,Stadt Barby,Erststimmen,D21,ÖDP,0,3991,0.0
GEMEINDE,15089026,Stadt Barby,Erststimmen,D26,Andere KWV,0,3991,0.0
GEMEINDE,15089026,Stadt Barby,Erststimmen,D27,Andere KWV,0,3991,0.0
GEMEINDE,15089026,Stadt Barby,Erststimmen,D28,Andere KWV,0,3991,0.0
GEMEINDE,15089026,Stadt Barby,Zweitstimmen,F01,CDU,1669,3995,41.7772
GEMEINDE,15089026,Stadt Barby,Zweitstimmen,F02,AfD,815,3995,20.4005
GEMEINDE,15089026,Stadt Barby,Zweitstimmen,F03,DIE LINKE,384,3995,9.612
GEMEINDE,15089026,Stadt Barby,Zweitstimmen,F04,SPD,328,3995,8.2103
GEMEINDE,15089026,Stadt Barby,Zweitstimmen,F05,GRÜNE,149,3995,3.7297
GEMEINDE,15089026,Stadt Barby,Zweitstimmen,F06,FDP,253,3995,6.3329
GEMEINDE,15089026,Stadt Barby,Zweitstimmen,F07,FREIE WÄHLER,147,3995,3.6796
GEMEINDE,15089026,Stadt Barby,Zweitstimmen,F08,NPD,9,3995,0.2253
GEMEINDE,15089026,Stadt Barby,Zweitstimmen,F09,Tierschutzpartei,62,3995,1.5519
GEMEINDE,15089026,Stadt Barby,Zweitstimmen,F10,Tierschutzallianz,12,3995,0.3004
GEMEINDE,15089026,Stadt Barby,Zweitstimmen,F11,LKR,0,3995,0.0
GEMEINDE,15089026,Stadt Barby,Zweitstimmen,F12,Die PARTEI,22,3995,0.5507
GEMEINDE,15089026,Stadt Barby,Zweitstimmen,F13,Gartenpartei,41,3995,1.0263
GEMEINDE,15089026,Stadt Barby,Zweitstimmen,F14,FBM,2,3995,0.0501
GEMEINDE,15089026,Stadt Barby,Zweitstimmen,F15,TIERSCHUTZ hier!,29,3995,0.7259
GEMEINDE,15089026,Stadt Barby,Zweitstimmen,F16,dieBasis,43,3995,1.0763
GEMEINDE,15089026,Stadt Barby,Zweitstimmen,F19,Klimaliste ST,0,3995,0.0
GEMEINDE,15089026,Stadt Barby,Zweitstimmen,F21,ÖDP,2,3995,0.0501
GEMEINDE,15089026,Stadt Barby,Zweitstimmen,F22,Die Humanisten,5,3995,0.1252
GEMEINDE,15089026,Stadt Barby,Zweitstimmen,F23,Gesundheitsforschung,8,3995,0.2003
GEMEINDE,15089026,Stadt Barby,Zweitstimmen,F24,PIRATEN,11,3995,0.2753
GEMEINDE,15089026,Stadt Barby,Zweitstimmen,F25,WiR2020,4,3995,0.1001
GEMEINDE,15089030,Stadt Bernburg (Saale),Erststimmen,D01,CDU,5220,14543,35.8936
GEMEINDE,15089030,Stadt Bernburg (Saale),Erststimmen,D02,AfD,3401,14543,23.3858
GEMEINDE,15089030,Stadt Bernburg (Saale),Erststimmen,D03,DIE LINKE,2140,14543,14.715
GEMEINDE,15089030,Stadt Bernburg (Saale),Erststimmen,D04,SPD,1150,14543,7.9076
GEMEINDE,15089030,Stadt Bernburg (Saale),Erststimmen,D05,GRÜNE,712,14543,4.8958
GEMEINDE,15089030,Stadt Bernburg (Saale),Erststimmen,D06,FDP,1290,14543,8.8702
GEMEINDE,15089030,Stadt Bernburg (Saale),Erststimmen,D07,FREIE WÄHLER,630,14543,4.332
GEMEINDE,15089030,Stadt Bernburg (Saale),Erststimmen,D08,NPD,0,14543,0.0
GEMEINDE,15089030,Stadt Bernburg (Saale),Erststimmen,D09,Tierschutzpartei,0,14543,0.0
GEMEINDE,15089030,Stadt Bernburg (Saale),Erststimmen,D10,Tierschutzallianz,0,14543,0.0
GEMEINDE,15089030,Stadt Bernburg (Saale),Erststimmen,D12,Die PARTEI,0,14543,0.0
GEMEINDE,15089030,Stadt Bernburg (Saale),Erststimmen,D13,Gartenpartei,0,14543,0.0
GEMEINDE,15089030,Stadt Bernburg (Saale),Erststimmen,D14,FBM,0,14543,0.0
GEMEINDE,15089030,Stadt Bernburg (Saale),Erststimmen,D16,dieBasis,0,14543,0.0
GEMEINDE,15089030,Stadt Bernburg (Saale),Erststimmen,D21,ÖDP,0,14543,0.0
GEMEINDE,15089030,Stadt Bernburg (Saale),Erststimmen,D26,Andere KWV,0,14543,0.0
GEMEINDE,15089030,Stadt Bernburg (Saale),Erststimmen,D27,Andere KWV,0,14543,0.0
GEMEINDE,15089030,Stadt Bernburg (Saale),Erststimmen,D28,Andere KWV,0,14543,0.0
GEMEINDE,15089030,Stadt Bernburg (Saale),Zweitstimmen,F01,CDU,5465,14580,37.4829
GEMEINDE,15089030,Stadt Bernburg (Saale),Zweitstimmen,F02,AfD,3234,14580,22.1811
GEMEINDE,15089030,Stadt Bernburg (Saale),Zweitstimmen,F03,DIE LINKE,1756,14580,12.0439
GEMEINDE,15089030,Stadt Bernburg (Saale),Zweitstimmen,F04,SPD,1059,14580,7.2634
GEMEINDE,15089030,Stadt Bernburg (Saale),Zweitstimmen,F05,GRÜNE,698,14580,4.7874
GEMEINDE,15089030,Stadt Bernburg (Saale),Zweitstimmen,F06,FDP,1118,14580,7.668
GEMEINDE,15089030,Stadt Bernburg (Saale),Zweitstimmen,F07,FREIE WÄHLER,341,14580,2.3388
GEMEINDE,15089030,Stadt Bernburg (Saale),Zweitstimmen,F08,NPD,34,14580,0.2332
GEMEINDE,15089030,Stadt Bernburg (Saale),Zweitstimmen,F09,Tierschutzpartei,238,14580,1.6324
GEMEINDE,15089030,Stadt Bernburg (Saale),Zweitstimmen,F10,Tierschutzallianz,48,14580,0.3292
GEMEINDE,15089030,Stadt Bernburg (Saale),Zweitstimmen,F11,LKR,1,14580,0.0069
GEMEINDE,15089030,Stadt Bernburg (Saale),Zweitstimmen,F12,Die PARTEI,56,14580,0.3841
GEMEINDE,15089030,Stadt Bernburg (Saale),Zweitstimmen,F13,Gartenpartei,109,14580,0.7476
GEMEINDE,15089030,Stadt Bernburg (Saale),Zweitstimmen,F14,FBM,8,14580,0.0549
GEMEINDE,15089030,Stadt Bernburg (Saale),Zweitstimmen,F15,TIERSCHUTZ hier!,89,14580,0.6104
GEMEINDE,15089030,Stadt Bernburg (Saale),Zweitstimmen,F16,dieBasis,164,14580,1.1248
GEMEINDE,15089030,Stadt Bernburg (Saale),Zweitstimmen,F19,Klimaliste ST,7,14580,0.048
GEMEINDE,15089030,Stadt Bernburg (Saale),Zweitstimmen,F21,ÖDP,7,14580,0.048
GEMEINDE,15089030,Stadt Bernburg (Saale),Zweitstimmen,F22,Die Humanisten,16,14580,0.1097
GEMEINDE,15089030,Stadt Bernburg (Saale),Zweitstimmen,F23,Gesundheitsforschung,55,14580,0.3772
GEMEINDE,15089030,Stadt Bernburg (Saale),Zweitstimmen,F24,PIRATEN,53,14580,0.3635
GEMEINDE,15089030,Stadt Bernburg (Saale),Zweitstimmen,F25,WiR2020,24,14580,0.1646
GEMEINDE,15089041,Gemeinde Bördeaue,Erststimmen,D01,CDU,365,857,42.5904
GEMEINDE,15089041,Gemeinde Bördeaue,Erststimmen,D02,AfD,236,857,27.5379
GEMEINDE,15089041,Gemeinde Bördeaue,Erststimmen,D03,DIE LINKE,82,857,9.5683
GEMEINDE,15089041,Gemeinde Bördeaue,Erststimmen,D04,SPD,67,857,7.818
GEMEINDE,15089041,Gemeinde Bördeaue,Erststimmen,D05,GRÜNE,16,857,1.867
GEMEINDE,15089041,Gemeinde Bördeaue,Erststimmen,D06,FDP,66,857,7.7013
GEMEINDE,15089041,Gemeinde Bördeaue,Erststimmen,D07,FREIE WÄHLER,25,857,2.9172
GEMEINDE,15089041,Gemeinde Bördeaue,Erststimmen,D08,NPD,0,857,0.0
GEMEINDE,15089041,Gemeinde Bördeaue,Erststimmen,D09,Tierschutzpartei,0,857,0.0
GEMEINDE,15089041,Gemeinde Bördeaue,Erststimmen,D10,Tierschutzallianz,0,857,0.0
GEMEINDE,15089041,Gemeinde Bördeaue,Erststimmen,D12,Die PARTEI,0,857,0.0
GEMEINDE,15089041,Gemeinde Bördeaue,Erststimmen,D13,Gartenpartei,0,857,0.0
GEMEINDE,15089041,Gemeinde Bördeaue,Erststimmen,D14,FBM,0,857,0.0
GEMEINDE,15089041,Gemeinde Bördeaue,Erststimmen,D16,dieBasis,0,857,0.0
GEMEINDE,15089041,Gemeinde Bördeaue,Erststimmen,D21,ÖDP,0,857,0.0
GEMEINDE,15089041,Gemeinde Bördeaue,Erststimmen,D26,Andere KWV,0,857,0.0
GEMEINDE,15089041,Gemeinde Bördeaue,Erststimmen,D27,Andere KWV,0,857,0.0
GEMEINDE,15089041,Gemeinde Bördeaue,Erststimmen,D28,Andere KWV,0,857,0.0
GEMEINDE,15089041,Gemeinde Bördeaue,Zweitstimmen,F01,CDU,321,863,37.1958
GEMEINDE,15089041,Gemeinde Bördeaue,Zweitstimmen,F02,AfD,243,863,28.1576
GEMEINDE,15089041,Gemeinde Bördeaue,Zweitstimmen,F03,DIE LINKE,77,863,8.9224
GEMEINDE,15089041,Gemeinde Bördeaue,Zweitstimmen,F04,SPD,63,863,7.3001
GEMEINDE,15089041,Gemeinde Bördeaue,Zweitstimmen,F05,GRÜNE,21,863,2.4334
GEMEINDE,15089041,Gemeinde Bördeaue,Zweitstimmen,F06,FDP,63,863,7.3001
GEMEINDE,15089041,Gemeinde Bördeaue,Zweitstimmen,F07,FREIE WÄHLER,15,863,1.7381
GEMEINDE,15089041,Gemeinde Bördeaue,Zweitstimmen,F08,NPD,2,863,0.2317
GEMEINDE,15089041,Gemeinde Bördeaue,Zweitstimmen,F09,Tierschutzpartei,13,863,1.5064
GEMEINDE,15089041,Gemeinde Bördeaue,Zweitstimmen,F10,Tierschutzallianz,5,863,0.5794
GEMEINDE,15089041,Gemeinde Bördeaue,Zweitstimmen,F11,LKR,0,863,0.0
GEMEINDE,15089041,Gemeinde Bördeaue,Zweitstimmen,F12,Die PARTEI,6,863,0.6952
GEMEINDE,15089041,Gemeinde Bördeaue,Zweitstimmen,F13,Gartenpartei,9,863,1.0429
GEMEINDE,15089041,Gemeinde Bördeaue,Zweitstimmen,F14,FBM,0,863,0.0
GEMEINDE,15089041,Gemeinde Bördeaue,Zweitstimmen,F15,TIERSCHUTZ hier!,10,863,1.1587
GEMEINDE,15089041,Gemeinde Bördeaue,Zweitstimmen,F16,dieBasis,6,863,0.6952
GEMEINDE,15089041,Gemeinde Bördeaue,Zweitstimmen,F19,Klimaliste ST,0,863,0.0
GEMEINDE,15089041,Gemeinde Bördeaue,Zweitstimmen,F21,ÖDP,0,863,0.0
GEMEINDE,15089041,Gemeinde Bördeaue,Zweitstimmen,F22,Die Humanisten,3,863,0.3476
GEMEINDE,15089041,Gemeinde Bördeaue,Zweitstimmen,F23,Gesundheitsforschung,3,863,0.3476
GEMEINDE,15089041,Gemeinde Bördeaue,Zweitstimmen,F24,PIRATEN,0,863,0.0
GEMEINDE,15089041,Gemeinde Bördeaue,Zweitstimmen,F25,WiR2020,3,863,0.3476
GEMEINDE,15089042,Gemeinde Bördeland,Erststimmen,D01,CDU,1389,3772,36.824
GEMEINDE,15089042,Gemeinde Bördeland,Erststimmen,D02,AfD,960,3772,25.4507
GEMEINDE,15089042,Gemeinde Bördeland,Erststimmen,D03,DIE LINKE,430,3772,11.3998
GEMEINDE,15089042,Gemeinde Bördeland,Erststimmen,D04,SPD,391,3772,10.3659
GEMEINDE,15089042,Gemeinde Bördeland,Erststimmen,D05,GRÜNE,75,3772,1.9883
GEMEINDE,15089042,Gemeinde Bördeland,Erststimmen,D06,FDP,282,3772,7.4761
GEMEINDE,15089042,Gemeinde Bördeland,Erststimmen,D07,FREIE WÄHLER,183,3772,4.8515
GEMEINDE,15089042,Gemeinde Bördeland,Erststimmen,D08,NPD,0,3772,0.0
GEMEINDE,15089042,Gemeinde Bördeland,Erststimmen,D09,Tierschutzpartei,0,3772,0.0
GEMEINDE,15089042,Gemeinde Bördeland,Erststimmen,D10,Tierschutzallianz,0,3772,0.0
GEMEINDE,15089042,Gemeinde Bördeland,Erststimmen,D12,Die PARTEI,0,3772,0.0
GEMEINDE,15089042,Gemeinde Bördeland,Erststimmen,D13,Gartenpartei,0,3772,0.0
GEMEINDE,15089042,Gemeinde Bördeland,Erststimmen,D14,FBM,0,3772,0.0
GEMEINDE,15089042,Gemeinde Bördeland,Erststimmen,D16,dieBasis,62,3772,1.6437
GEMEINDE,15089042,Gemeinde Bördeland,Erststimmen,D21,ÖDP,0,3772,0.0
GEMEINDE,15089042,Gemeinde Bördeland,Erststimmen,D26,Andere KWV,0,3772,0.0
GEMEINDE,15089042,Gemeinde Bördeland,Erststimmen,D27,Andere KWV,0,3772,0.0
GEMEINDE,15089042,Gemeinde Bördeland,Erststimmen,D28,Andere KWV,0,3772,0.0
GEMEINDE,15089042,Gemeinde Bördeland,Zweitstimmen,F01,CDU,1531,3779,40.5134
GEMEINDE,15089042,Gemeinde Bördeland,Zweitstimmen,F02,AfD,948,3779,25.086
GEMEINDE,15089042,Gemeinde Bördeland,Zweitstimmen,F03,DIE LINKE,341,3779,9.0236
GEMEINDE,15089042,Gemeinde Bördeland,Zweitstimmen,F04,SPD,294,3779,7.7798
GEMEINDE,15089042,Gemeinde Bördeland,Zweitstimmen,F05,GRÜNE,95,3779,2.5139
GEMEINDE,15089042,Gemeinde Bördeland,Zweitstimmen,F06,FDP,239,3779,6.3244
GEMEINDE,15089042,Gemeinde Bördeland,Zweitstimmen,F07,FREIE WÄHLER,96,3779,2.5404
GEMEINDE,15089042,Gemeinde Bördeland,Zweitstimmen,F08,NPD,4,3779,0.1058
GEMEINDE,15089042,Gemeinde Bördeland,Zweitstimmen,F09,Tierschutzpartei,53,3779,1.4025
GEMEINDE,15089042,Gemeinde Bördeland,Zweitstimmen,F10,Tierschutzallianz,15,3779,0.3969
GEMEINDE,15089042,Gemeinde Bördeland,Zweitstimmen,F11,LKR,3,3779,0.0794
GEMEINDE,15089042,Gemeinde Bördeland,Zweitstimmen,F12,Die PARTEI,17,3779,0.4499
GEMEINDE,15089042,Gemeinde Bördeland,Zweitstimmen,F13,Gartenpartei,38,3779,1.0056
GEMEINDE,15089042,Gemeinde Bördeland,Zweitstimmen,F14,FBM,2,3779,0.0529
GEMEINDE,15089042,Gemeinde Bördeland,Zweitstimmen,F15,TIERSCHUTZ hier!,34,3779,0.8997
GEMEINDE,15089042,Gemeinde Bördeland,Zweitstimmen,F16,dieBasis,48,3779,1.2702
GEMEINDE,15089042,Gemeinde Bördeland,Zweitstimmen,F19,Klimaliste ST,0,3779,0.0
GEMEINDE,15089042,Gemeinde Bördeland,Zweitstimmen,F21,ÖDP,0,3779,0.0
GEMEINDE,15089042,Gemeinde Bördeland,Zweitstimmen,F22,Die Humanisten,3,3779,0.0794
GEMEINDE,15089042,Gemeinde Bördeland,Zweitstimmen,F23,Gesundheitsforschung,9,3779,0.2382
GEMEINDE,15089042,Gemeinde Bördeland,Zweitstimmen,F24,PIRATEN,5,3779,0.1323
GEMEINDE,15089042,Gemeinde Bördeland,Zweitstimmen,F25,WiR2020,4,3779,0.1058
GEMEINDE,15089043,Gemeinde Börde-Hakel,Erststimmen,D01,CDU,577,1409,40.951
GEMEINDE,15089043,Gemeinde Börde-Hakel,Erststimmen,D02,AfD,394,1409,27.9631
GEMEINDE,15089043,Gemeinde Börde-Hakel,Erststimmen,D03,DIE LINKE,125,1409,8.8715
GEMEINDE,15089043,Gemeinde Börde-Hakel,Erststimmen,D04,SPD,118,1409,8.3747
GEMEINDE,15089043,Gemeinde Börde-Hakel,Erststimmen,D05,GRÜNE,21,1409,1.4904
GEMEINDE,15089043,Gemeinde Börde-Hakel,Erststimmen,D06,FDP,119,1409,8.4457
GEMEINDE,15089043,Gemeinde Börde-Hakel,Erststimmen,D07,FREIE WÄHLER,55,1409,3.9035
GEMEINDE,15089043,Gemeinde Börde-Hakel,Erststimmen,D08,NPD,0,1409,0.0
GEMEINDE,15089043,Gemeinde Börde-Hakel,Erststimmen,D09,Tierschutzpartei,0,1409,0.0
GEMEINDE,15089043,Gemeinde Börde-Hakel,Erststimmen,D10,Tierschutzallianz,0,1409,0.0
GEMEINDE,15089043,Gemeinde Börde-Hakel,Erststimmen,D12,Die PARTEI,0,1409,0.0
GEMEINDE,15089043,Gemeinde Börde-Hakel,Erststimmen,D13,Gartenpartei,0,1409,0.0
GEMEINDE,15089043,Gemeinde Börde-Hakel,Erststimmen,D14,FBM,0,1409,0.0
GEMEINDE,15089043,Gemeinde Börde-Hakel,Erststimmen,D16,dieBasis,0,1409,0.0
GEMEINDE,15089043,Gemeinde Börde-Hakel,Erststimmen,D21,ÖDP,0,1409,0.0
GEMEINDE,15089043,Gemeinde Börde-Hakel,Erststimmen,D26,Andere KWV,0,1409,0.0
GEMEINDE,15089043,Gemeinde Börde-Hakel,Erststimmen,D27,Andere KWV,0,1409,0.0
GEMEINDE,15089043,Gemeinde Börde-Hakel,Erststimmen,D28,Andere KWV,0,1409,0.0
GEMEINDE,15089043,Gemeinde Börde-Hakel,Zweitstimmen,F01,CDU,523,1411,37.0659
GEMEINDE,15089043,Gemeinde Börde-Hakel,Zweitstimmen,F02,AfD,397,1411,28.1361
GEMEINDE,15089043,Gemeinde Börde-Hakel,Zweitstimmen,F03,DIE LINKE,133,1411,9.4259
GEMEINDE,15089043,Gemeinde Börde-Hakel,Zweitstimmen,F04,SPD,116,1411,8.2211
GEMEINDE,15089043,Gemeinde Börde-Hakel,Zweitstimmen,F05,GRÜNE,30,1411,2.1262
GEMEINDE,15089043,Gemeinde Börde-Hakel,Zweitstimmen,F06,FDP,97,1411,6.8746
GEMEINDE,15089043,Gemeinde Börde-Hakel,Zweitstimmen,F07,FREIE WÄHLER,20,1411,1.4174
GEMEINDE,15089043,Gemeinde Börde-Hakel,Zweitstimmen,F08,NPD,3,1411,0.2126
GEMEINDE,15089043,Gemeinde Börde-Hakel,Zweitstimmen,F09,Tierschutzpartei,28,1411,1.9844
GEMEINDE,15089043,Gemeinde Börde-Hakel,Zweitstimmen,F10,Tierschutzallianz,5,1411,0.3544
GEMEINDE,15089043,Gemeinde Börde-Hakel,Zweitstimmen,F11,LKR,0,1411,0.0
GEMEINDE,15089043,Gemeinde Börde-Hakel,Zweitstimmen,F12,Die PARTEI,7,1411,0.4961
GEMEINDE,15089043,Gemeinde Börde-Hakel,Zweitstimmen,F13,Gartenpartei,18,1411,1.2757
GEMEINDE,15089043,Gemeinde Börde-Hakel,Zweitstimmen,F14,FBM,1,1411,0.0709
GEMEINDE,15089043,Gemeinde Börde-Hakel,Zweitstimmen,F15,TIERSCHUTZ hier!,6,1411,0.4252
GEMEINDE,15089043,Gemeinde Börde-Hakel,Zweitstimmen,F16,dieBasis,10,1411,0.7087
GEMEINDE,15089043,Gemeinde Börde-Hakel,Zweitstimmen,F19,Klimaliste ST,0,1411,0.0
GEMEINDE,15089043,Gemeinde Börde-Hakel,Zweitstimmen,F21,ÖDP,2,1411,0.1417
GEMEINDE,15089043,Gemeinde Börde-Hakel,Zweitstimmen,F22,Die Humanisten,0,1411,0.0
GEMEINDE,15089043,Gemeinde Börde-Hakel,Zweitstimmen,F23,Gesundheitsforschung,5,1411,0.3544
GEMEINDE,15089043,Gemeinde Börde-Hakel,Zweitstimmen,F24,PIRATEN,6,1411,0.4252
GEMEINDE,15089043,Gemeinde Börde-Hakel,Zweitstimmen,F25,WiR2020,4,1411,0.2835
GEMEINDE,15089045,Gemeinde Borne,Erststimmen,D01,CDU,353,644,54.8137
GEMEINDE,15089045,Gemeinde Borne,Erststimmen,D02,AfD,121,644,18.7888
GEMEINDE,15089045,Gemeinde Borne,Erststimmen,D03,DIE LINKE,67,644,10.4037
GEMEINDE,15089045,Gemeinde Borne,Erststimmen,D04,SPD,37,644,5.7453
GEMEINDE,15089045,Gemeinde Borne,Erststimmen,D05,GRÜNE,10,644,1.5528
GEMEINDE,15089045,Gemeinde Borne,Erststimmen,D06,FDP,38,644,5.9006
GEMEINDE,15089045,Gemeinde Borne,Erststimmen,D07,FREIE WÄHLER,18,644,2.795
GEMEINDE,15089045,Gemeinde Borne,Erststimmen,D08,NPD,0,644,0.0
GEMEINDE,15089045,Gemeinde Borne,Erststimmen,D09,Tierschutzpartei,0,644,0.0
GEMEINDE,15089045,Gemeinde Borne,Erststimmen,D10,Tierschutzallianz,0,644,0.0
GEMEINDE,15089045,Gemeinde Borne,Erststimmen,D12,Die PARTEI,0,644,0.0
GEMEINDE,15089045,Gemeinde Borne,Erststimmen,D13,Gartenpartei,0,644,0.0
GEMEINDE,15089045,Gemeinde Borne,Erststimmen,D14,FBM,0,644,0.0
GEMEINDE,15089045,Gemeinde Borne,Erststimmen,D16,dieBasis,0,644,0.0
GEMEINDE,15089045,Gemeinde Borne,Erststimmen,D21,ÖDP,0,644,0.0
GEMEINDE,15089045,Gemeinde Borne,Erststimmen,D26,Andere KWV,0,644,0.0
GEMEINDE,15089045,Gemeinde Borne,Erststimmen,D27,Andere KWV,0,644,0.0
GEMEINDE,15089045,Gemeinde Borne,Erststimmen,D28,Andere KWV,0,644,0.0
GEMEINDE,15089045,Gemeinde Borne,Zweitstimmen,F01,CDU,261,644,40.528
GEMEINDE,15089045,Gemeinde Borne,Zweitstimmen,F02,AfD,142,644,22.0497
GEMEINDE,15089045,Gemeinde Borne,Zweitstimmen,F03,DIE LINKE,77,644,11.9565
GEMEINDE,15089045,Gemeinde Borne,Zweitstimmen,F04,SPD,39,644,6.0559
GEMEINDE,15089045,Gemeinde Borne,Zweitstimmen,F05,GRÜNE,26,644,4.0373
GEMEINDE,15089045,Gemeinde Borne,Zweitstimmen,F06,FDP,46,644,7.1429
GEMEINDE,15089045,Gemeinde Borne,Zweitstimmen,F07,FREIE WÄHLER,15,644,2.3292
GEMEINDE,15089045,Gemeinde Borne,Zweitstimmen,F08,NPD,3,644,0.4658
GEMEINDE,15089045,Gemeinde Borne,Zweitstimmen,F09,Tierschutzpartei,4,644,0.6211
GEMEINDE,15089045,Gemeinde Borne,Zweitstimmen,F10,Tierschutzallianz,3,644,0.4658
GEMEINDE,15089045,Gemeinde Borne,Zweitstimmen,F11,LKR,0,644,0.0
GEMEINDE,15089045,Gemeinde Borne,Zweitstimmen,F12,Die PARTEI,2,644,0.3106
GEMEINDE,15089045,Gemeinde Borne,Zweitstimmen,F13,Gartenpartei,6,644,0.9317
GEMEINDE,15089045,Gemeinde Borne,Zweitstimmen,F14,FBM,0,644,0.0
GEMEINDE,15089045,Gemeinde Borne,Zweitstimmen,F15,TIERSCHUTZ hier!,1,644,0.1553
GEMEINDE,15089045,Gemeinde Borne,Zweitstimmen,F16,dieBasis,13,644,2.0186
GEMEINDE,15089045,Gemeinde Borne,Zweitstimmen,F19,Klimaliste ST,0,644,0.0
GEMEINDE,15089045,Gemeinde Borne,Zweitstimmen,F21,ÖDP,0,644,0.0
GEMEINDE,15089045,Gemeinde Borne,Zweitstimmen,F22,Die Humanisten,2,644,0.3106
GEMEINDE,15089045,Gemeinde Borne,Zweitstimmen,F23,Gesundheitsforschung,2,644,0.3106
GEMEINDE,15089045,Gemeinde Borne,Zweitstimmen,F24,PIRATEN,1,644,0.1553
GEMEINDE,15089045,Gemeinde Borne,Zweitstimmen,F25,WiR2020,1,644,0.1553
GEMEINDE,15089055,Stadt Calbe (Saale),Erststimmen,D01,CDU,1446,3910,36.9821
GEMEINDE,15089055,Stadt Calbe (Saale),Erststimmen,D02,AfD,895,3910,22.89
GEMEINDE,15089055,Stadt Calbe (Saale),Erststimmen,D03,DIE LINKE,488,3910,12.4808
GEMEINDE,15089055,Stadt Calbe (Saale),Erststimmen,D04,SPD,469,3910,11.9949
GEMEINDE,15089055,Stadt Calbe (Saale),Erststimmen,D05,GRÜNE,104,3910,2.6598
GEMEINDE,15089055,Stadt Calbe (Saale),Erststimmen,D06,FDP,202,3910,5.1662
GEMEINDE,15089055,Stadt Calbe (Saale),Erststimmen,D07,FREIE WÄHLER,263,3910,6.7263
GEMEINDE,15089055,Stadt Calbe (Saale),Erststimmen,D08,NPD,0,3910,0.0
GEMEINDE,15089055,Stadt Calbe (Saale),Erststimmen,D09,Tierschutzpartei,0,3910,0.0
GEMEINDE,15089055,Stadt Calbe (Saale),Erststimmen,D10,Tierschutzallianz,0,3910,0.0
GEMEINDE,15089055,Stadt Calbe (Saale),Erststimmen,D12,Die PARTEI,0,3910,0.0
GEMEINDE,15089055,Stadt Calbe (Saale),Erststimmen,D13,Gartenpartei,0,3910,0.0
GEMEINDE,15089055,Stadt Calbe (Saale),Erststimmen,D14,FBM,0,3910,0.0
GEMEINDE,15089055,Stadt Calbe (Saale),Erststimmen,D16,dieBasis,43,3910,1.0997
GEMEINDE,15089055,Stadt Calbe (Saale),Erststimmen,D21,ÖDP,0,3910,0.0
GEMEINDE,15089055,Stadt Calbe (Saale),Erststimmen,D26,Andere KWV,0,3910,0.0
GEMEINDE,15089055,Stadt Calbe (Saale),Erststimmen,D27,Andere KWV,0,3910,0.0
GEMEINDE,15089055,Stadt Calbe (Saale),Erststimmen,D28,Andere KWV,0,3910,0.0
GEMEINDE,15089055,Stadt Calbe (Saale),Zweitstimmen,F01,CDU,1678,3906,42.9595
GEMEINDE,15089055,Stadt Calbe (Saale),Zweitstimmen,F02,AfD,875,3906,22.4014
GEMEINDE,15089055,Stadt Calbe (Saale),Zweitstimmen,F03,DIE LINKE,399,3906,10.2151
GEMEINDE,15089055,Stadt Calbe (Saale),Zweitstimmen,F04,SPD,326,3906,8.3461
GEMEINDE,15089055,Stadt Calbe (Saale),Zweitstimmen,F05,GRÜNE,115,3906,2.9442
GEMEINDE,15089055,Stadt Calbe (Saale),Zweitstimmen,F06,FDP,182,3906,4.6595
GEMEINDE,15089055,Stadt Calbe (Saale),Zweitstimmen,F07,FREIE WÄHLER,100,3906,2.5602
GEMEINDE,15089055,Stadt Calbe (Saale),Zweitstimmen,F08,NPD,8,3906,0.2048
GEMEINDE,15089055,Stadt Calbe (Saale),Zweitstimmen,F09,Tierschutzpartei,58,3906,1.4849
GEMEINDE,15089055,Stadt Calbe (Saale),Zweitstimmen,F10,Tierschutzallianz,19,3906,0.4864
GEMEINDE,15089055,Stadt Calbe (Saale),Zweitstimmen,F11,LKR,3,3906,0.0768
GEMEINDE,15089055,Stadt Calbe (Saale),Zweitstimmen,F12,Die PARTEI,8,3906,0.2048
GEMEINDE,15089055,Stadt Calbe (Saale),Zweitstimmen,F13,Gartenpartei,41,3906,1.0497
GEMEINDE,15089055,Stadt Calbe (Saale),Zweitstimmen,F14,FBM,0,3906,0.0
GEMEINDE,15089055,Stadt Calbe (Saale),Zweitstimmen,F15,TIERSCHUTZ hier!,23,3906,0.5888
GEMEINDE,15089055,Stadt Calbe (Saale),Zweitstimmen,F16,dieBasis,37,3906,0.9473
GEMEINDE,15089055,Stadt Calbe (Saale),Zweitstimmen,F19,Klimaliste ST,2,3906,0.0512
GEMEINDE,15089055,Stadt Calbe (Saale),Zweitstimmen,F21,ÖDP,3,3906,0.0768
GEMEINDE,15089055,Stadt Calbe (Saale),Zweitstimmen,F22,Die Humanisten,1,3906,0.0256
GEMEINDE,15089055,Stadt Calbe (Saale),Zweitstimmen,F23,Gesundheitsforschung,12,3906,0.3072
GEMEINDE,15089055,Stadt Calbe (Saale),Zweitstimmen,F24,PIRATEN,9,3906,0.2304
GEMEINDE,15089055,Stadt Calbe (Saale),Zweitstimmen,F25,WiR2020,7,3906,0.1792
GEMEINDE,15089075,Stadt Egeln,Erststimmen,D01,CDU,587,1510,38.8742
GEMEINDE,15089075,Stadt Egeln,Erststimmen,D02,AfD,392,1510,25.9603
GEMEINDE,15089075,Stadt Egeln,Erststimmen,D03,DIE LINKE,164,1510,10.8609
GEMEINDE,15089075,Stadt Egeln,Erststimmen,D04,SPD,128,1510,8.4768
GEMEINDE,15089075,Stadt Egeln,Erststimmen,D05,GRÜNE,18,1510,1.1921
GEMEINDE,15089075,Stadt Egeln,Erststimmen,D06,FDP,146,1510,9.6689
GEMEINDE,15089075,Stadt Egeln,Erststimmen,D07,FREIE WÄHLER,75,1510,4.9669
GEMEINDE,15089075,Stadt Egeln,Erststimmen,D08,NPD,0,1510,0.0
GEMEINDE,15089075,Stadt Egeln,Erststimmen,D09,Tierschutzpartei,0,1510,0.0
GEMEINDE,15089075,Stadt Egeln,Erststimmen,D10,Tierschutzallianz,0,1510,0.0
GEMEINDE,15089075,Stadt Egeln,Erststimmen,D12,Die PARTEI,0,1510,0.0
GEMEINDE,15089075,Stadt Egeln,Erststimmen,D13,Gartenpartei,0,1510,0.0
GEMEINDE,15089075,Stadt Egeln,Erststimmen,D14,FBM,0,1510,0.0
GEMEINDE,15089075,Stadt Egeln,Erststimmen,D16,dieBasis,0,1510,0.0
GEMEINDE,15089075,Stadt Egeln,Erststimmen,D21,ÖDP,0,1510,0.0
GEMEINDE,15089075,Stadt Egeln,Erststimmen,D26,Andere KWV,0,1510,0.0
GEMEINDE,15089075,Stadt Egeln,Erststimmen,D27,Andere KWV,0,1510,0.0
GEMEINDE,15089075,Stadt Egeln,Erststimmen,D28,Andere KWV,0,1510,0.0
GEMEINDE,15089075,Stadt Egeln,Zweitstimmen,F01,CDU,649,1508,43.0371
GEMEINDE,15089075,Stadt Egeln,Zweitstimmen,F02,AfD,383,1508,25.3979
GEMEINDE,15089075,Stadt Egeln,Zweitstimmen,F03,DIE LINKE,128,1508,8.4881
GEMEINDE,15089075,Stadt Egeln,Zweitstimmen,F04,SPD,106,1508,7.0292
GEMEINDE,15089075,Stadt Egeln,Zweitstimmen,F05,GRÜNE,41,1508,2.7188
GEMEINDE,15089075,Stadt Egeln,Zweitstimmen,F06,FDP,85,1508,5.6366
GEMEINDE,15089075,Stadt Egeln,Zweitstimmen,F07,FREIE WÄHLER,22,1508,1.4589
GEMEINDE,15089075,Stadt Egeln,Zweitstimmen,F08,NPD,4,1508,0.2653
GEMEINDE,15089075,Stadt Egeln,Zweitstimmen,F09,Tierschutzpartei,33,1508,2.1883
GEMEINDE,15089075,Stadt Egeln,Zweitstimmen,F10,Tierschutzallianz,3,1508,0.1989
GEMEINDE,15089075,Stadt Egeln,Zweitstimmen,F11,LKR,0,1508,0.0
GEMEINDE,15089075,Stadt Egeln,Zweitstimmen,F12,Die PARTEI,11,1508,0.7294
GEMEINDE,15089075,Stadt Egeln,Zweitstimmen,F13,Gartenpartei,9,1508,0.5968
GEMEINDE,15089075,Stadt Egeln,Zweitstimmen,F14,FBM,1,1508,0.0663
GEMEINDE,15089075,Stadt Egeln,Zweitstimmen,F15,TIERSCHUTZ hier!,8,1508,0.5305
GEMEINDE,15089075,Stadt Egeln,Zweitstimmen,F16,dieBasis,14,1508,0.9284
GEMEINDE,15089075,Stadt Egeln,Zweitstimmen,F19,Klimaliste ST,0,1508,0.0
GEMEINDE,15089075,Stadt Egeln,Zweitstimmen,F21,ÖDP,1,1508,0.0663
GEMEINDE,15089075,Stadt Egeln,Zweitstimmen,F22,Die Humanisten,1,1508,0.0663
GEMEINDE,15089075,Stadt Egeln,Zweitstimmen,F23,Gesundheitsforschung,4,1508,0.2653
GEMEINDE,15089075,Stadt Egeln,Zweitstimmen,F24,PIRATEN,3,1508,0.1989
GEMEINDE,15089075,Stadt Egeln,Zweitstimmen,F25,WiR2020,2,1508,0.1326
GEMEINDE,15089130,Gemeinde Giersleben,Erststimmen,D01,CDU,161,475,33.8947
GEMEINDE,15089130,Gemeinde Giersleben,Erststimmen,D02,AfD,131,475,27.5789
GEMEINDE,15089130,Gemeinde Giersleben,Erststimmen,D03,DIE LINKE,57,475,12.0
GEMEINDE,15089130,Gemeinde Giersleben,Erststimmen,D04,SPD,31,475,6.5263
GEMEINDE,15089130,Gemeinde Giersleben,Erststimmen,D05,GRÜNE,22,475,4.6316
GEMEINDE,15089130,Gemeinde Giersleben,Erststimmen,D06,FDP,38,475,8.0
GEMEINDE,15089130,Gemeinde Giersleben,Erststimmen,D07,FREIE WÄHLER,35,475,7.3684
GEMEINDE,15089130,Gemeinde Giersleben,Erststimmen,D08,NPD,0,475,0.0
GEMEINDE,15089130,Gemeinde Giersleben,Erststimmen,D09,Tierschutzpartei,0,475,0.0
GEMEINDE,15089130,Gemeinde Giersleben,Erststimmen,D10,Tierschutzallianz,0,475,0.0
GEMEINDE,15089130,Gemeinde Giersleben,Erststimmen,D12,Die PARTEI,0,475,0.0
GEMEINDE,15089130,Gemeinde Giersleben,Erststimmen,D13,Gartenpartei,0,475,0.0
GEMEINDE,15089130,Gemeinde Giersleben,Erststimmen,D14,FBM,0,475,0.0
GEMEINDE,15089130,Gemeinde Giersleben,Erststimmen,D16,dieBasis,0,475,0.0
GEMEINDE,15089130,Gemeinde Giersleben,Erststimmen,D21,ÖDP,0,475,0.0
GEMEINDE,15089130,Gemeinde Giersleben,Erststimmen,D26,Andere KWV,0,475,0.0
GEMEINDE,15089130,Gemeinde Giersleben,Erststimmen,D27,Andere KWV,0,475,0.0
GEMEINDE,15089130,Gemeinde Giersleben,Erststimmen,D28,Andere KWV,0,475,0.0
GEMEINDE,15089130,Gemeinde Giersleben,Zweitstimmen,F01,CDU,175,477,36.6876
GEMEINDE,15089130,Gemeinde Giersleben,Zweitstimmen,F02,AfD,119,477,24.9476
GEMEINDE,15089130,Gemeinde Giersleben,Zweitstimmen,F03,DIE LINKE,62,477,12.9979
GEMEINDE,15089130,Gemeinde Giersleben,Zweitstimmen,F04,SPD,31,477,6.499
GEMEINDE,15089130,Gemeinde Giersleben,Zweitstimmen,F05,GRÜNE,17,477,3.5639
GEMEINDE,15089130,Gemeinde Giersleben,Zweitstimmen,F06,FDP,29,477,6.0797
GEMEINDE,15089130,Gemeinde Giersleben,Zweitstimmen,F07,FREIE WÄHLER,15,477,3.1447
GEMEINDE,15089130,Gemeinde Giersleben,Zweitstimmen,F08,NPD,1,477,0.2096
GEMEINDE,15089130,Gemeinde Giersleben,Zweitstimmen,F09,Tierschutzpartei,5,477,1.0482
GEMEINDE,15089130,Gemeinde Giersleben,Zweitstimmen,F10,Tierschutzallianz,3,477,0.6289
GEMEINDE,15089130,Gemeinde Giersleben,Zweitstimmen,F11,LKR,0,477,0.0
GEMEINDE,15089130,Gemeinde Giersleben,Zweitstimmen,F12,Die PARTEI,2,477,0.4193
GEMEINDE,15089130,Gemeinde Giersleben,Zweitstimmen,F13,Gartenpartei,3,477,0.6289
GEMEINDE,15089130,Gemeinde Giersleben,Zweitstimmen,F14,FBM,0,477,0.0
GEMEINDE,15089130,Gemeinde Giersleben,Zweitstimmen,F15,TIERSCHUTZ hier!,1,477,0.2096
GEMEINDE,15089130,Gemeinde Giersleben,Zweitstimmen,F16,dieBasis,6,477,1.2579
GEMEINDE,15089130,Gemeinde Giersleben,Zweitstimmen,F19,Klimaliste ST,0,477,0.0
GEMEINDE,15089130,Gemeinde Giersleben,Zweitstimmen,F21,ÖDP,1,477,0.2096
GEMEINDE,15089130,Gemeinde Giersleben,Zweitstimmen,F22,Die Humanisten,1,477,0.2096
GEMEINDE,15089130,Gemeinde Giersleben,Zweitstimmen,F23,Gesundheitsforschung,1,477,0.2096
GEMEINDE,15089130,Gemeinde Giersleben,Zweitstimmen,F24,PIRATEN,2,477,0.4193
GEMEINDE,15089130,Gemeinde Giersleben,Zweitstimmen,F25,WiR2020,3,477,0.6289
GEMEINDE,15089165,Stadt Güsten,Erststimmen,D01,CDU,576,1781,32.3414
GEMEINDE,15089165,Stadt Güsten,Erststimmen,D02,AfD,520,1781,29.1971
GEMEINDE,15089165,Stadt Güsten,Erststimmen,D03,DIE LINKE,265,1781,14.8793
GEMEINDE,15089165,Stadt Güsten,Erststimmen,D04,SPD,128,1781,7.187
GEMEINDE,15089165,Stadt Güsten,Erststimmen,D05,GRÜNE,53,1781,2.9759
GEMEINDE,15089165,Stadt Güsten,Erststimmen,D06,FDP,155,1781,8.703
GEMEINDE,15089165,Stadt Güsten,Erststimmen,D07,FREIE WÄHLER,84,1781,4.7165
GEMEINDE,15089165,Stadt Güsten,Erststimmen,D08,NPD,0,1781,0.0
GEMEINDE,15089165,Stadt Güsten,Erststimmen,D09,Tierschutzpartei,0,1781,0.0
GEMEINDE,15089165,Stadt Güsten,Erststimmen,D10,Tierschutzallianz,0,1781,0.0
GEMEINDE,15089165,Stadt Güsten,Erststimmen,D12,Die PARTEI,0,1781,0.0
GEMEINDE,15089165,Stadt Güsten,Erststimmen,D13,Gartenpartei,0,1781,0.0
GEMEINDE,15089165,Stadt Güsten,Erststimmen,D14,FBM,0,1781,0.0
GEMEINDE,15089165,Stadt Güsten,Erststimmen,D16,dieBasis,0,1781,0.0
GEMEINDE,15089165,Stadt Güsten,Erststimmen,D21,ÖDP,0,1781,0.0
GEMEINDE,15089165,Stadt Güsten,Erststimmen,D26,Andere KWV,0,1781,0.0
GEMEINDE,15089165,Stadt Güsten,Erststimmen,D27,Andere KWV,0,1781,0.0
GEMEINDE,15089165,Stadt Güsten,Erststimmen,D28,Andere KWV,0,1781,0.0
GEMEINDE,15089165,Stadt Güsten,Zweitstimmen,F01,CDU,621,1790,34.6927
GEMEINDE,15089165,Stadt Güsten,Zweitstimmen,F02,AfD,485,1790,27.095
GEMEINDE,15089165,Stadt Güsten,Zweitstimmen,F03,DIE LINKE,239,1790,13.352
GEMEINDE,15089165,Stadt Güsten,Zweitstimmen,F04,SPD,117,1790,6.5363
GEMEINDE,15089165,Stadt Güsten,Zweitstimmen,F05,GRÜNE,44,1790,2.4581
GEMEINDE,15089165,Stadt Güsten,Zweitstimmen,F06,FDP,123,1790,6.8715
GEMEINDE,15089165,Stadt Güsten,Zweitstimmen,F07,FREIE WÄHLER,43,1790,2.4022
GEMEINDE,15089165,Stadt Güsten,Zweitstimmen,F08,NPD,5,1790,0.2793
GEMEINDE,15089165,Stadt Güsten,Zweitstimmen,F09,Tierschutzpartei,28,1790,1.5642
GEMEINDE,15089165,Stadt Güsten,Zweitstimmen,F10,Tierschutzallianz,9,1790,0.5028
GEMEINDE,15089165,Stadt Güsten,Zweitstimmen,F11,LKR,1,1790,0.0559
GEMEINDE,15089165,Stadt Güsten,Zweitstimmen,F12,Die PARTEI,5,1790,0.2793
GEMEINDE,15089165,Stadt Güsten,Zweitstimmen,F13,Gartenpartei,19,1790,1.0615
GEMEINDE,15089165,Stadt Güsten,Zweitstimmen,F14,FBM,3,1790,0.1676
GEMEINDE,15089165,Stadt Güsten,Zweitstimmen,F15,TIERSCHUTZ hier!,17,1790,0.9497
GEMEINDE,15089165,Stadt Güsten,Zweitstimmen,F16,dieBasis,14,1790,0.7821
GEMEINDE,15089165,Stadt Güsten,Zweitstimmen,F19,Klimaliste ST,0,1790,0.0
GEMEINDE,15089165,Stadt Güsten,Zweitstimmen,F21,ÖDP,0,1790,0.0
GEMEINDE,15089165,Stadt Güsten,Zweitstimmen,F22,Die Humanisten,1,1790,0.0559
GEMEINDE,15089165,Stadt Güsten,Zweitstimmen,F23,Gesundheitsforschung,9,1790,0.5028
GEMEINDE,15089165,Stadt Güsten,Zweitstimmen,F24,PIRATEN,4,1790,0.2235
GEMEINDE,15089165,Stadt Güsten,Zweitstimmen,F25,WiR2020,3,1790,0.1676
GEMEINDE,15089175,Stadt Hecklingen,Erststimmen,D01,CDU,864,2922,29.5688
GEMEINDE,15089175,Stadt Hecklingen,Erststimmen,D02,AfD,993,2922,33.9836
GEMEINDE,15089175,Stadt Hecklingen,Erststimmen,D03,DIE LINKE,347,2922,11.8754
GEMEINDE,15089175,Stadt Hecklingen,Erststimmen,D04,SPD,231,2922,7.9055
GEMEINDE,15089175,Stadt Hecklingen,Erststimmen,D05,GRÜNE,57,2922,1.9507
GEMEINDE,15089175,Stadt Hecklingen,Erststimmen,D06,FDP,271,2922,9.2745
GEMEINDE,15089175,Stadt Hecklingen,Erststimmen,D07,FREIE WÄHLER,159,2922,5.4415
GEMEINDE,15089175,Stadt Hecklingen,Erststimmen,D08,NPD,0,2922,0.0
GEMEINDE,15089175,Stadt Hecklingen,Erststimmen,D09,Tierschutzpartei,0,2922,0.0
GEMEINDE,15089175,Stadt Hecklingen,Erststimmen,D10,Tierschutzallianz,0,2922,0.0
GEMEINDE,15089175,Stadt Hecklingen,Erststimmen,D12,Die PARTEI,0,2922,0.0
GEMEINDE,15089175,Stadt Hecklingen,Erststimmen,D13,Gartenpartei,0,2922,0.0
GEMEINDE,15089175,Stadt Hecklingen,Erststimmen,D14,FBM,0,2922,0.0
GEMEINDE,15089175,Stadt Hecklingen,Erststimmen,D16,dieBasis,0,2922,0.0
GEMEINDE,15089175,Stadt Hecklingen,Erststimmen,D21,ÖDP,0,2922,0.0
GEMEINDE,15089175,Stadt Hecklingen,Erststimmen,D26,Andere KWV,0,2922,0.0
GEMEINDE,15089175,Stadt Hecklingen,Erststimmen,D27,Andere KWV,0,2922,0.0
GEMEINDE,15089175,Stadt Hecklingen,Erststimmen,D28,Andere KWV,0,2922,0.0
GEMEINDE,15089175,Stadt Hecklingen,Zweitstimmen,F01,CDU,1001,2923,34.2456
GEMEINDE,15089175,Stadt Hecklingen,Zweitstimmen,F02,AfD,948,2923,32.4324
GEMEINDE,15089175,Stadt Hecklingen,Zweitstimmen,F03,DIE LINKE,279,2923,9.545
GEMEINDE,15089175,Stadt Hecklingen,Zweitstimmen,F04,SPD,191,2923,6.5344
GEMEINDE,15089175,Stadt Hecklingen,Zweitstimmen,F05,GRÜNE,77,2923,2.6343
GEMEINDE,15089175,Stadt Hecklingen,Zweitstimmen,F06,FDP,194,2923,6.637
GEMEINDE,15089175,Stadt Hecklingen,Zweitstimmen,F07,FREIE WÄHLER,85,2923,2.908
GEMEINDE,15089175,Stadt Hecklingen,Zweitstimmen,F08,NPD,3,2923,0.1026
GEMEINDE,15089175,Stadt Hecklingen,Zweitstimmen,F09,Tierschutzpartei,37,2923,1.2658
GEMEINDE,15089175,Stadt Hecklingen,Zweitstimmen,F10,Tierschutzallianz,6,2923,0.2053
GEMEINDE,15089175,Stadt Hecklingen,Zweitstimmen,F11,LKR,0,2923,0.0
GEMEINDE,15089175,Stadt Hecklingen,Zweitstimmen,F12,Die PARTEI,13,2923,0.4447
GEMEINDE,15089175,Stadt Hecklingen,Zweitstimmen,F13,Gartenpartei,18,2923,0.6158
GEMEINDE,15089175,Stadt Hecklingen,Zweitstimmen,F14,FBM,1,2923,0.0342
GEMEINDE,15089175,Stadt Hecklingen,Zweitstimmen,F15,TIERSCHUTZ hier!,19,2923,0.65
GEMEINDE,15089175,Stadt Hecklingen,Zweitstimmen,F16,dieBasis,26,2923,0.8895
GEMEINDE,15089175,Stadt Hecklingen,Zweitstimmen,F19,Klimaliste ST,1,2923,0.0342
GEMEINDE,15089175,Stadt Hecklingen,Zweitstimmen,F21,ÖDP,5,2923,0.1711
GEMEINDE,15089175,Stadt Hecklingen,Zweitstimmen,F22,Die Humanisten,4,2923,0.1368
GEMEINDE,15089175,Stadt Hecklingen,Zweitstimmen,F23,Gesundheitsforschung,5,2923,0.1711
GEMEINDE,15089175,Stadt Hecklingen,Zweitstimmen,F24,PIRATEN,5,2923,0.1711
GEMEINDE,15089175,Stadt Hecklingen,Zweitstimmen,F25,WiR2020,5,2923,0.1711
GEMEINDE,15089185,Gemeinde Ilberstedt,Erststimmen,D01,CDU,173,521,33.2054
GEMEINDE,15089185,Gemeinde Ilberstedt,Erststimmen,D02,AfD,150,521,28.7908
GEMEINDE,15089185,Gemeinde Ilberstedt,Erststimmen,D03,DIE LINKE,71,521,13.6276
GEMEINDE,15089185,Gemeinde Ilberstedt,Erststimmen,D04,SPD,40,521,7.6775
GEMEINDE,15089185,Gemeinde Ilberstedt,Erststimmen,D05,GRÜNE,21,521,4.0307
GEMEINDE,15089185,Gemeinde Ilberstedt,Erststimmen,D06,FDP,39,521,7.4856
GEMEINDE,15089185,Gemeinde Ilberstedt,Erststimmen,D07,FREIE WÄHLER,27,521,5.1823
GEMEINDE,15089185,Gemeinde Ilberstedt,Erststimmen,D08,NPD,0,521,0.0
GEMEINDE,15089185,Gemeinde Ilberstedt,Erststimmen,D09,Tierschutzpartei,0,521,0.0
GEMEINDE,15089185,Gemeinde Ilberstedt,Erststimmen,D10,Tierschutzallianz,0,521,0.0
GEMEINDE,15089185,Gemeinde Ilberstedt,Erststimmen,D12,Die PARTEI,0,521,0.0
GEMEINDE,15089185,Gemeinde Ilberstedt,Erststimmen,D13,Gartenpartei,0,521,0.0
GEMEINDE,15089185,Gemeinde Ilberstedt,Erststimmen,D14,FBM,0,521,0.0
GEMEINDE,15089185,Gemeinde Ilberstedt,Erststimmen,D16,dieBasis,0,521,0.0
GEMEINDE,15089185,Gemeinde Ilberstedt,Erststimmen,D21,ÖDP,0,521,0.0
GEMEINDE,15089185,Gemeinde Ilberstedt,Erststimmen,D26,Andere KWV,0,521,0.0
GEMEINDE,15089185,Gemeinde Ilberstedt,Erststimmen,D27,Andere KWV,0,521,0.0
GEMEINDE,15089185,Gemeinde Ilberstedt,Erststimmen,D28,Andere KWV,0,521,0.0
GEMEINDE,15089185,Gemeinde Ilberstedt,Zweitstimmen,F01,CDU,188,524,35.8779
GEMEINDE,15089185,Gemeinde Ilberstedt,Zweitstimmen,F02,AfD,142,524,27.0992
GEMEINDE,15089185,Gemeinde Ilberstedt,Zweitstimmen,F03,DIE LINKE,63,524,12.0229
GEMEINDE,15089185,Gemeinde Ilberstedt,Zweitstimmen,F04,SPD,28,524,5.3435
GEMEINDE,15089185,Gemeinde Ilberstedt,Zweitstimmen,F05,GRÜNE,13,524,2.4809
GEMEINDE,15089185,Gemeinde Ilberstedt,Zweitstimmen,F06,FDP,39,524,7.4427
GEMEINDE,15089185,Gemeinde Ilberstedt,Zweitstimmen,F07,FREIE WÄHLER,11,524,2.0992
GEMEINDE,15089185,Gemeinde Ilberstedt,Zweitstimmen,F08,NPD,0,524,0.0
GEMEINDE,15089185,Gemeinde Ilberstedt,Zweitstimmen,F09,Tierschutzpartei,8,524,1.5267
GEMEINDE,15089185,Gemeinde Ilberstedt,Zweitstimmen,F10,Tierschutzallianz,2,524,0.3817
GEMEINDE,15089185,Gemeinde Ilberstedt,Zweitstimmen,F11,LKR,0,524,0.0
GEMEINDE,15089185,Gemeinde Ilberstedt,Zweitstimmen,F12,Die PARTEI,2,524,0.3817
GEMEINDE,15089185,Gemeinde Ilberstedt,Zweitstimmen,F13,Gartenpartei,10,524,1.9084
GEMEINDE,15089185,Gemeinde Ilberstedt,Zweitstimmen,F14,FBM,1,524,0.1908
GEMEINDE,15089185,Gemeinde Ilberstedt,Zweitstimmen,F15,TIERSCHUTZ hier!,6,524,1.145
GEMEINDE,15089185,Gemeinde Ilberstedt,Zweitstimmen,F16,dieBasis,7,524,1.3359
GEMEINDE,15089185,Gemeinde Ilberstedt,Zweitstimmen,F19,Klimaliste ST,0,524,0.0
GEMEINDE,15089185,Gemeinde Ilberstedt,Zweitstimmen,F21,ÖDP,1,524,0.1908
GEMEINDE,15089185,Gemeinde Ilberstedt,Zweitstimmen,F22,Die Humanisten,0,524,0.0
GEMEINDE,15089185,Gemeinde Ilberstedt,Zweitstimmen,F23,Gesundheitsforschung,2,524,0.3817
GEMEINDE,15089185,Gemeinde Ilberstedt,Zweitstimmen,F24,PIRATEN,0,524,0.0
GEMEINDE,15089185,Gemeinde Ilberstedt,Zweitstimmen,F25,WiR2020,1,524,0.1908
GEMEINDE,15089195,Stadt Könnern,Erststimmen,D01,CDU,1321,3727,35.4441
GEMEINDE,15089195,Stadt Könnern,Erststimmen,D02,AfD,1027,3727,27.5557
GEMEINDE,15089195,Stadt Könnern,Erststimmen,D03,DIE LINKE,434,3727,11.6448
GEMEINDE,15089195,Stadt Könnern,Erststimmen,D04,SPD,279,3727,7.4859
GEMEINDE,15089195,Stadt Könnern,Erststimmen,D05,GRÜNE,92,3727,2.4685
GEMEINDE,15089195,Stadt Könnern,Erststimmen,D06,FDP,255,3727,6.842
GEMEINDE,15089195,Stadt Könnern,Erststimmen,D07,FREIE WÄHLER,319,3727,8.5592
GEMEINDE,15089195,Stadt Könnern,Erststimmen,D08,NPD,0,3727,0.0
GEMEINDE,15089195,Stadt Könnern,Erststimmen,D09,Tierschutzpartei,0,3727,0.0
GEMEINDE,15089195,Stadt Könnern,Erststimmen,D10,Tierschutzallianz,0,3727,0.0
GEMEINDE,15089195,Stadt Könnern,Erststimmen,D12,Die PARTEI,0,3727,0.0
GEMEINDE,15089195,Stadt Könnern,Erststimmen,D13,Gartenpartei,0,3727,0.0
GEMEINDE,15089195,Stadt Könnern,Erststimmen,D14,FBM,0,3727,0.0
GEMEINDE,15089195,Stadt Könnern,Erststimmen,D16,dieBasis,0,3727,0.0
GEMEINDE,15089195,Stadt Könnern,Erststimmen,D21,ÖDP,0,3727,0.0
GEMEINDE,15089195,Stadt Könnern,Erststimmen,D26,Andere KWV,0,3727,0.0
GEMEINDE,15089195,Stadt Könnern,Erststimmen,D27,Andere KWV,0,3727,0.0
GEMEINDE,15089195,Stadt Könnern,Erststimmen,D28,Andere KWV,0,3727,0.0
GEMEINDE,15089195,Stadt Könnern,Zweitstimmen,F01,CDU,1433,3728,38.4388
GEMEINDE,15089195,Stadt Könnern,Zweitstimmen,F02,AfD,960,3728,25.7511
GEMEINDE,15089195,Stadt Könnern,Zweitstimmen,F03,DIE LINKE,404,3728,10.8369
GEMEINDE,15089195,Stadt Könnern,Zweitstimmen,F04,SPD,271,3728,7.2693
GEMEINDE,15089195,Stadt Könnern,Zweitstimmen,F05,GRÜNE,73,3728,1.9582
GEMEINDE,15089195,Stadt Könnern,Zweitstimmen,F06,FDP,231,3728,6.1964
GEMEINDE,15089195,Stadt Könnern,Zweitstimmen,F07,FREIE WÄHLER,151,3728,4.0504
GEMEINDE,15089195,Stadt Könnern,Zweitstimmen,F08,NPD,11,3728,0.2951
GEMEINDE,15089195,Stadt Könnern,Zweitstimmen,F09,Tierschutzpartei,32,3728,0.8584
GEMEINDE,15089195,Stadt Könnern,Zweitstimmen,F10,Tierschutzallianz,14,3728,0.3755
GEMEINDE,15089195,Stadt Könnern,Zweitstimmen,F11,LKR,1,3728,0.0268
GEMEINDE,15089195,Stadt Könnern,Zweitstimmen,F12,Die PARTEI,21,3728,0.5633
GEMEINDE,15089195,Stadt Könnern,Zweitstimmen,F13,Gartenpartei,26,3728,0.6974
GEMEINDE,15089195,Stadt Könnern,Zweitstimmen,F14,FBM,3,3728,0.0805
GEMEINDE,15089195,Stadt Könnern,Zweitstimmen,F15,TIERSCHUTZ hier!,25,3728,0.6706
GEMEINDE,15089195,Stadt Könnern,Zweitstimmen,F16,dieBasis,32,3728,0.8584
GEMEINDE,15089195,Stadt Könnern,Zweitstimmen,F19,Klimaliste ST,0,3728,0.0
GEMEINDE,15089195,Stadt Könnern,Zweitstimmen,F21,ÖDP,3,3728,0.0805
GEMEINDE,15089195,Stadt Könnern,Zweitstimmen,F22,Die Humanisten,4,3728,0.1073
GEMEINDE,15089195,Stadt Könnern,Zweitstimmen,F23,Gesundheitsforschung,19,3728,0.5097
GEMEINDE,15089195,Stadt Könnern,Zweitstimmen,F24,PIRATEN,6,3728,0.1609
GEMEINDE,15089195,Stadt Könnern,Zweitstimmen,F25,WiR2020,8,3728,0.2146
GEMEINDE,15089235,Stadt Nienburg (Saale),Erststimmen,D01,CDU,961,3331,28.8502
GEMEINDE,15089235,Stadt Nienburg (Saale),Erststimmen,D02,AfD,764,3331,22.9361
GEMEINDE,15089235,Stadt Nienburg (Saale),Erststimmen,D03,DIE LINKE,285,3331,8.556
GEMEINDE,15089235,Stadt Nienburg (Saale),Erststimmen,D04,SPD,590,3331,17.7124
GEMEINDE,15089235,Stadt Nienburg (Saale),Erststimmen,D05,GRÜNE,90,3331,2.7019
GEMEINDE,15089235,Stadt Nienburg (Saale),Erststimmen,D06,FDP,535,3331,16.0612
GEMEINDE,15089235,Stadt Nienburg (Saale),Erststimmen,D07,FREIE WÄHLER,106,3331,3.1822
GEMEINDE,15089235,Stadt Nienburg (Saale),Erststimmen,D08,NPD,0,3331,0.0
GEMEINDE,15089235,Stadt Nienburg (Saale),Erststimmen,D09,Tierschutzpartei,0,3331,0.0
GEMEINDE,15089235,Stadt Nienburg (Saale),Erststimmen,D10,Tierschutzallianz,0,3331,0.0
GEMEINDE,15089235,Stadt Nienburg (Saale),Erststimmen,D12,Die PARTEI,0,3331,0.0
GEMEINDE,15089235,Stadt Nienburg (Saale),Erststimmen,D13,Gartenpartei,0,3331,0.0
GEMEINDE,15089235,Stadt Nienburg (Saale),Erststimmen,D14,FBM,0,3331,0.0
GEMEINDE,15089235,Stadt Nienburg (Saale),Erststimmen,D16,dieBasis,0,3331,0.0
GEMEINDE,15089235,Stadt Nienburg (Saale),Erststimmen,D21,ÖDP,0,3331,0.0
GEMEINDE,15089235,Stadt Nienburg (Saale),Erststimmen,D26,Andere KWV,0,3331,0.0
GEMEINDE,15089235,Stadt Nienburg (Saale),Erststimmen,D27,Andere KWV,0,3331,0.0
GEMEINDE,15089235,Stadt Nienburg (Saale),Erststimmen,D28,Andere KWV,0,3331,0.0
GEMEINDE,15089235,Stadt Nienburg (Saale),Zweitstimmen,F01,CDU,1381,3347,41.2608
GEMEINDE,15089235,Stadt Nienburg (Saale),Zweitstimmen,F02,AfD,765,3347,22.8563
GEMEINDE,15089235,Stadt Nienburg (Saale),Zweitstimmen,F03,DIE LINKE,299,3347,8.9334
GEMEINDE,15089235,Stadt Nienburg (Saale),Zweitstimmen,F04,SPD,300,3347,8.9633
GEMEINDE,15089235,Stadt Nienburg (Saale),Zweitstimmen,F05,GRÜNE,69,3347,2.0615
GEMEINDE,15089235,Stadt Nienburg (Saale),Zweitstimmen,F06,FDP,267,3347,7.9773
GEMEINDE,15089235,Stadt Nienburg (Saale),Zweitstimmen,F07,FREIE WÄHLER,61,3347,1.8225
GEMEINDE,15089235,Stadt Nienburg (Saale),Zweitstimmen,F08,NPD,8,3347,0.239
GEMEINDE,15089235,Stadt Nienburg (Saale),Zweitstimmen,F09,Tierschutzpartei,43,3347,1.2847
GEMEINDE,15089235,Stadt Nienburg (Saale),Zweitstimmen,F10,Tierschutzallianz,11,3347,0.3287
GEMEINDE,15089235,Stadt Nienburg (Saale),Zweitstimmen,F11,LKR,0,3347,0.0
GEMEINDE,15089235,Stadt Nienburg (Saale),Zweitstimmen,F12,Die PARTEI,10,3347,0.2988
GEMEINDE,15089235,Stadt Nienburg (Saale),Zweitstimmen,F13,Gartenpartei,23,3347,0.6872
GEMEINDE,15089235,Stadt Nienburg (Saale),Zweitstimmen,F14,FBM,2,3347,0.0598
GEMEINDE,15089235,Stadt Nienburg (Saale),Zweitstimmen,F15,TIERSCHUTZ hier!,25,3347,0.7469
GEMEINDE,15089235,Stadt Nienburg (Saale),Zweitstimmen,F16,dieBasis,40,3347,1.1951
GEMEINDE,15089235,Stadt Nienburg (Saale),Zweitstimmen,F19,Klimaliste ST,1,3347,0.0299
GEMEINDE,15089235,Stadt Nienburg (Saale),Zweitstimmen,F21,ÖDP,3,3347,0.0896
GEMEINDE,15089235,Stadt Nienburg (Saale),Zweitstimmen,F22,Die Humanisten,4,3347,0.1195
GEMEINDE,15089235,Stadt Nienburg (Saale),Zweitstimmen,F23,Gesundheitsforschung,16,3347,0.478
GEMEINDE,15089235,Stadt Nienburg (Saale),Zweitstimmen,F24,PIRATEN,9,3347,0.2689
GEMEINDE,15089235,Stadt Nienburg (Saale),Zweitstimmen,F25,WiR2020,10,3347,0.2988
GEMEINDE,15089245,Gemeinde Plötzkau,Erststimmen,D01,CDU,177,614,28.8274
GEMEINDE,15089245,Gemeinde Plötzkau,Erststimmen,D02,AfD,203,614,33.0619
GEMEINDE,15089245,Gemeinde Plötzkau,Erststimmen,D03,DIE LINKE,91,614,14.8208
GEMEINDE,15089245,Gemeinde Plötzkau,Erststimmen,D04,SPD,33,614,5.3746
GEMEINDE,15089245,Gemeinde Plötzkau,Erststimmen,D05,GRÜNE,19,614,3.0945
GEMEINDE,15089245,Gemeinde Plötzkau,Erststimmen,D06,FDP,49,614,7.9805
GEMEINDE,15089245,Gemeinde Plötzkau,Erststimmen,D07,FREIE WÄHLER,42,614,6.8404
GEMEINDE,15089245,Gemeinde Plötzkau,Erststimmen,D08,NPD,0,614,0.0
GEMEINDE,15089245,Gemeinde Plötzkau,Erststimmen,D09,Tierschutzpartei,0,614,0.0
GEMEINDE,15089245,Gemeinde Plötzkau,Erststimmen,D10,Tierschutzallianz,0,614,0.0
GEMEINDE,15089245,Gemeinde Plötzkau,Erststimmen,D12,Die PARTEI,0,614,0.0
GEMEINDE,15089245,Gemeinde Plötzkau,Erststimmen,D13,Gartenpartei,0,614,0.0
GEMEINDE,15089245,Gemeinde Plötzkau,Erststimmen,D14,FBM,0,614,0.0
GEMEINDE,15089245,Gemeinde Plötzkau,Erststimmen,D16,dieBasis,0,614,0.0
GEMEINDE,15089245,Gemeinde Plötzkau,Erststimmen,D21,ÖDP,0,614,0.0
GEMEINDE,15089245,Gemeinde Plötzkau,Erststimmen,D26,Andere KWV,0,614,0.0
GEMEINDE,15089245,Gemeinde Plötzkau,Erststimmen,D27,Andere KWV,0,614,0.0
GEMEINDE,15089245,Gemeinde Plötzkau,Erststimmen,D28,Andere KWV,0,614,0.0
GEMEINDE,15089245,Gemeinde Plötzkau,Zweitstimmen,F01,CDU,187,616,30.3571
GEMEINDE,15089245,Gemeinde Plötzkau,Zweitstimmen,F02,AfD,191,616,31.0065
GEMEINDE,15089245,Gemeinde Plötzkau,Zweitstimmen,F03,DIE LINKE,78,616,12.6623
GEMEINDE,15089245,Gemeinde Plötzkau,Zweitstimmen,F04,SPD,31,616,5.0325
GEMEINDE,15089245,Gemeinde Plötzkau,Zweitstimmen,F05,GRÜNE,16,616,2.5974
GEMEINDE,15089245,Gemeinde Plötzkau,Zweitstimmen,F06,FDP,42,616,6.8182
GEMEINDE,15089245,Gemeinde Plötzkau,Zweitstimmen,F07,FREIE WÄHLER,28,616,4.5455
GEMEINDE,15089245,Gemeinde Plötzkau,Zweitstimmen,F08,NPD,3,616,0.487
GEMEINDE,15089245,Gemeinde Plötzkau,Zweitstimmen,F09,Tierschutzpartei,4,616,0.6494
GEMEINDE,15089245,Gemeinde Plötzkau,Zweitstimmen,F10,Tierschutzallianz,2,616,0.3247
GEMEINDE,15089245,Gemeinde Plötzkau,Zweitstimmen,F11,LKR,0,616,0.0
GEMEINDE,15089245,Gemeinde Plötzkau,Zweitstimmen,F12,Die PARTEI,7,616,1.1364
GEMEINDE,15089245,Gemeinde Plötzkau,Zweitstimmen,F13,Gartenpartei,5,616,0.8117
GEMEINDE,15089245,Gemeinde Plötzkau,Zweitstimmen,F14,FBM,0,616,0.0
GEMEINDE,15089245,Gemeinde Plötzkau,Zweitstimmen,F15,TIERSCHUTZ hier!,4,616,0.6494
GEMEINDE,15089245,Gemeinde Plötzkau,Zweitstimmen,F16,dieBasis,8,616,1.2987
GEMEINDE,15089245,Gemeinde Plötzkau,Zweitstimmen,F19,Klimaliste ST,0,616,0.0
GEMEINDE,15089245,Gemeinde Plötzkau,Zweitstimmen,F21,ÖDP,0,616,0.0
GEMEINDE,15089245,Gemeinde Plötzkau,Zweitstimmen,F22,Die Humanisten,1,616,0.1623
GEMEINDE,15089245,Gemeinde Plötzkau,Zweitstimmen,F23,Gesundheitsforschung,2,616,0.3247
GEMEINDE,15089245,Gemeinde Plötzkau,Zweitstimmen,F24,PIRATEN,1,616,0.1623
GEMEINDE,15089245,Gemeinde Plötzkau,Zweitstimmen,F25,WiR2020,6,616,0.974
GEMEINDE,15089305,Stadt Schönebeck (Elbe),Erststimmen,D01,CDU,4230,13153,32.16
GEMEINDE,15089305,Stadt Schönebeck (Elbe),Erststimmen,D02,AfD,2900,13153,22.0482
GEMEINDE,15089305,Stadt Schönebeck (Elbe),Erststimmen,D03,DIE LINKE,1812,13153,13.7763
GEMEINDE,15089305,Stadt Schönebeck (Elbe),Erststimmen,D04,SPD,1911,13153,14.529
GEMEINDE,15089305,Stadt Schönebeck (Elbe),Erststimmen,D05,GRÜNE,471,13153,3.5809
GEMEINDE,15089305,Stadt Schönebeck (Elbe),Erststimmen,D06,FDP,1160,13153,8.8193
GEMEINDE,15089305,Stadt Schönebeck (Elbe),Erststimmen,D07,FREIE WÄHLER,469,13153,3.5657
GEMEINDE,15089305,Stadt Schönebeck (Elbe),Erststimmen,D08,NPD,0,13153,0.0
GEMEINDE,15089305,Stadt Schönebeck (Elbe),Erststimmen,D09,Tierschutzpartei,0,13153,0.0
GEMEINDE,15089305,Stadt Schönebeck (Elbe),Erststimmen,D10,Tierschutzallianz,0,13153,0.0
GEMEINDE,15089305,Stadt Schönebeck (Elbe),Erststimmen,D12,Die PARTEI,0,13153,0.0
GEMEINDE,15089305,Stadt Schönebeck (Elbe),Erststimmen,D13,Gartenpartei,0,13153,0.0
GEMEINDE,15089305,Stadt Schönebeck (Elbe),Erststimmen,D14,FBM,0,13153,0.0
GEMEINDE,15089305,Stadt Schönebeck (Elbe),Erststimmen,D16,dieBasis,200,13153,1.5206
GEMEINDE,15089305,Stadt Schönebeck (Elbe),Erststimmen,D21,ÖDP,0,13153,0.0
GEMEINDE,15089305,Stadt Schönebeck (Elbe),Erststimmen,D26,Andere KWV,0,13153,0.0
GEMEINDE,15089305,Stadt Schönebeck (Elbe),Erststimmen,D27,Andere KWV,0,13153,0.0
GEMEINDE,15089305,Stadt Schönebeck (Elbe),Erststimmen,D28,Andere KWV,0,13153,0.0
GEMEINDE,15089305,Stadt Schönebeck (Elbe),Zweitstimmen,F01,CDU,5079,13161,38.5913
GEMEINDE,15089305,Stadt Schönebeck (Elbe),Zweitstimmen,F02,AfD,2819,13161,21.4193
GEMEINDE,15089305,Stadt Schönebeck (Elbe),Zweitstimmen,F03,DIE LINKE,1497,13161,11.3745
GEMEINDE,15089305,Stadt Schönebeck (Elbe),Zweitstimmen,F04,SPD,1297,13161,9.8549
GEMEINDE,15089305,Stadt Schönebeck (Elbe),Zweitstimmen,F05,GRÜNE,512,13161,3.8903
GEMEINDE,15089305,Stadt Schönebeck (Elbe),Zweitstimmen,F06,FDP,777,13161,5.9038
GEMEINDE,15089305,Stadt Schönebeck (Elbe),Zweitstimmen,F07,FREIE WÄHLER,248,13161,1.8844
GEMEINDE,15089305,Stadt Schönebeck (Elbe),Zweitstimmen,F08,NPD,26,13161,0.1976
GEMEINDE,15089305,Stadt Schönebeck (Elbe),Zweitstimmen,F09,Tierschutzpartei,220,13161,1.6716
GEMEINDE,15089305,Stadt Schönebeck (Elbe),Zweitstimmen,F10,Tierschutzallianz,81,13161,0.6155
GEMEINDE,15089305,Stadt Schönebeck (Elbe),Zweitstimmen,F11,LKR,8,13161,0.0608
GEMEINDE,15089305,Stadt Schönebeck (Elbe),Zweitstimmen,F12,Die PARTEI,72,13161,0.5471
GEMEINDE,15089305,Stadt Schönebeck (Elbe),Zweitstimmen,F13,Gartenpartei,130,13161,0.9878
GEMEINDE,15089305,Stadt Schönebeck (Elbe),Zweitstimmen,F14,FBM,2,13161,0.0152
GEMEINDE,15089305,Stadt Schönebeck (Elbe),Zweitstimmen,F15,TIERSCHUTZ hier!,77,13161,0.5851
GEMEINDE,15089305,Stadt Schönebeck (Elbe),Zweitstimmen,F16,dieBasis,210,13161,1.5956
GEMEINDE,15089305,Stadt Schönebeck (Elbe),Zweitstimmen,F19,Klimaliste ST,7,13161,0.0532
GEMEINDE,15089305,Stadt Schönebeck (Elbe),Zweitstimmen,F21,ÖDP,5,13161,0.038
GEMEINDE,15089305,Stadt Schönebeck (Elbe),Zweitstimmen,F22,Die Humanisten,10,13161,0.076
GEMEINDE,15089305,Stadt Schönebeck (Elbe),Zweitstimmen,F23,Gesundheitsforschung,32,13161,0.2431
GEMEINDE,15089305,Stadt Schönebeck (Elbe),Zweitstimmen,F24,PIRATEN,28,13161,0.2127
GEMEINDE,15089305,Stadt Schönebeck (Elbe),Zweitstimmen,F25,WiR2020,24,13161,0.1824
GEMEINDE,15089307,Stadt Seeland,Erststimmen,D01,CDU,1437,3731,38.5151
GEMEINDE,15089307,Stadt Seeland,Erststimmen,D02,AfD,843,3731,22.5945
GEMEINDE,15089307,Stadt Seeland,Erststimmen,D03,DIE LINKE,428,3731,11.4715
GEMEINDE,15089307,Stadt Seeland,Erststimmen,D04,SPD,343,3731,9.1932
GEMEINDE,15089307,Stadt Seeland,Erststimmen,D05,GRÜNE,120,3731,3.2163
GEMEINDE,15089307,Stadt Seeland,Erststimmen,D06,FDP,245,3731,6.5666
GEMEINDE,15089307,Stadt Seeland,Erststimmen,D07,FREIE WÄHLER,290,3731,7.7727
GEMEINDE,15089307,Stadt Seeland,Erststimmen,D08,NPD,0,3731,0.0
GEMEINDE,15089307,Stadt Seeland,Erststimmen,D09,Tierschutzpartei,0,3731,0.0
GEMEINDE,15089307,Stadt Seeland,Erststimmen,D10,Tierschutzallianz,0,3731,0.0
GEMEINDE,15089307,Stadt Seeland,Erststimmen,D12,Die PARTEI,0,3731,0.0
GEMEINDE,15089307,Stadt Seeland,Erststimmen,D13,Gartenpartei,0,3731,0.0
GEMEINDE,15089307,Stadt Seeland,Erststimmen,D14,FBM,25,3731,0.6701
GEMEINDE,15089307,Stadt Seeland,Erststimmen,D16,dieBasis,0,3731,0.0
GEMEINDE,15089307,Stadt Seeland,Erststimmen,D21,ÖDP,0,3731,0.0
GEMEINDE,15089307,Stadt Seeland,Erststimmen,D26,Andere KWV,0,3731,0.0
GEMEINDE,15089307,Stadt Seeland,Erststimmen,D27,Andere KWV,0,3731,0.0
GEMEINDE,15089307,Stadt Seeland,Erststimmen,D28,Andere KWV,0,3731,0.0
GEMEINDE,15089307,Stadt Seeland,Zweitstimmen,F01,CDU,1503,3722,40.3815
GEMEINDE,15089307,Stadt Seeland,Zweitstimmen,F02,AfD,800,3722,21.4938
GEMEINDE,15089307,Stadt Seeland,Zweitstimmen,F03,DIE LINKE,371,3722,9.9678
GEMEINDE,15089307,Stadt Seeland,Zweitstimmen,F04,SPD,309,3722,8.302
GEMEINDE,15089307,Stadt Seeland,Zweitstimmen,F05,GRÜNE,113,3722,3.036
GEMEINDE,15089307,Stadt Seeland,Zweitstimmen,F06,FDP,247,3722,6.6362
GEMEINDE,15089307,Stadt Seeland,Zweitstimmen,F07,FREIE WÄHLER,141,3722,3.7883
GEMEINDE,15089307,Stadt Seeland,Zweitstimmen,F08,NPD,8,3722,0.2149
GEMEINDE,15089307,Stadt Seeland,Zweitstimmen,F09,Tierschutzpartei,50,3722,1.3434
GEMEINDE,15089307,Stadt Seeland,Zweitstimmen,F10,Tierschutzallianz,12,3722,0.3224
GEMEINDE,15089307,Stadt Seeland,Zweitstimmen,F11,LKR,0,3722,0.0
GEMEINDE,15089307,Stadt Seeland,Zweitstimmen,F12,Die PARTEI,23,3722,0.6179
GEMEINDE,15089307,Stadt Seeland,Zweitstimmen,F13,Gartenpartei,33,3722,0.8866
GEMEINDE,15089307,Stadt Seeland,Zweitstimmen,F14,FBM,4,3722,0.1075
GEMEINDE,15089307,Stadt Seeland,Zweitstimmen,F15,TIERSCHUTZ hier!,26,3722,0.6985
GEMEINDE,15089307,Stadt Seeland,Zweitstimmen,F16,dieBasis,42,3722,1.1284
GEMEINDE,15089307,Stadt Seeland,Zweitstimmen,F19,Klimaliste ST,0,3722,0.0
GEMEINDE,15089307,Stadt Seeland,Zweitstimmen,F21,ÖDP,1,3722,0.0269
GEMEINDE,15089307,Stadt Seeland,Zweitstimmen,F22,Die Humanisten,2,3722,0.0537
GEMEINDE,15089307,Stadt Seeland,Zweitstimmen,F23,Gesundheitsforschung,22,3722,0.5911
GEMEINDE,15089307,Stadt Seeland,Zweitstimmen,F24,PIRATEN,11,3722,0.2955
GEMEINDE,15089307,Stadt Seeland,Zweitstimmen,F25,WiR2020,4,3722,0.1075
GEMEINDE,15089310,Stadt Staßfurt,Erststimmen,D01,CDU,3132,10809,28.9759
GEMEINDE,15089310,Stadt Staßfurt,Erststimmen,D02,AfD,3081,10809,28.504
GEMEINDE,15089310,Stadt Staßfurt,Erststimmen,D03,DIE LINKE,1464,10809,13.5443
GEMEINDE,15089310,Stadt Staßfurt,Erststimmen,D04,SPD,917,10809,8.4837
GEMEINDE,15089310,Stadt Staßfurt,Erststimmen,D05,GRÜNE,177,10809,1.6375
GEMEINDE,15089310,Stadt Staßfurt,Erststimmen,D06,FDP,1506,10809,13.9328
GEMEINDE,15089310,Stadt Staßfurt,Erststimmen,D07,FREIE WÄHLER,532,10809,4.9218
GEMEINDE,15089310,Stadt Staßfurt,Erststimmen,D08,NPD,0,10809,0.0
GEMEINDE,15089310,Stadt Staßfurt,Erststimmen,D09,Tierschutzpartei,0,10809,0.0
GEMEINDE,15089310,Stadt Staßfurt,Erststimmen,D10,Tierschutzallianz,0,10809,0.0
GEMEINDE,15089310,Stadt Staßfurt,Erststimmen,D12,Die PARTEI,0,10809,0.0
GEMEINDE,15089310,Stadt Staßfurt,Erststimmen,D13,Gartenpartei,0,10809,0.0
GEMEINDE,15089310,Stadt Staßfurt,Erststimmen,D14,FBM,0,10809,0.0
GEMEINDE,15089310,Stadt Staßfurt,Erststimmen,D16,dieBasis,0,10809,0.0
GEMEINDE,15089310,Stadt Staßfurt,Erststimmen,D21,ÖDP,0,10809,0.0
GEMEINDE,15089310,Stadt Staßfurt,Erststimmen,D26,Andere KWV,0,10809,0.0
GEMEINDE,15089310,Stadt Staßfurt,Erststimmen,D27,Andere KWV,0,10809,0.0
GEMEINDE,15089310,Stadt Staßfurt,Erststimmen,D28,Andere KWV,0,10809,0.0
GEMEINDE,15089310,Stadt Staßfurt,Zweitstimmen,F01,CDU,3799,10835,35.0623
GEMEINDE,15089310,Stadt Staßfurt,Zweitstimmen,F02,AfD,2974,10835,27.4481
GEMEINDE,15089310,Stadt Staßfurt,Zweitstimmen,F03,DIE LINKE,1245,10835,11.4905
GEMEINDE,15089310,Stadt Staßfurt,Zweitstimmen,F04,SPD,720,10835,6.6451
GEMEINDE,15089310,Stadt Staßfurt,Zweitstimmen,F05,GRÜNE,273,10835,2.5196
GEMEINDE,15089310,Stadt Staßfurt,Zweitstimmen,F06,FDP,926,10835,8.5464
GEMEINDE,15089310,Stadt Staßfurt,Zweitstimmen,F07,FREIE WÄHLER,247,10835,2.2796
GEMEINDE,15089310,Stadt Staßfurt,Zweitstimmen,F08,NPD,30,10835,0.2769
GEMEINDE,15089310,Stadt Staßfurt,Zweitstimmen,F09,Tierschutzpartei,146,10835,1.3475
GEMEINDE,15089310,Stadt Staßfurt,Zweitstimmen,F10,Tierschutzallianz,42,10835,0.3876
GEMEINDE,15089310,Stadt Staßfurt,Zweitstimmen,F11,LKR,4,10835,0.0369
GEMEINDE,15089310,Stadt Staßfurt,Zweitstimmen,F12,Die PARTEI,49,10835,0.4522
GEMEINDE,15089310,Stadt Staßfurt,Zweitstimmen,F13,Gartenpartei,115,10835,1.0614
GEMEINDE,15089310,Stadt Staßfurt,Zweitstimmen,F14,FBM,7,10835,0.0646
GEMEINDE,15089310,Stadt Staßfurt,Zweitstimmen,F15,TIERSCHUTZ hier!,76,10835,0.7014
GEMEINDE,15089310,Stadt Staßfurt,Zweitstimmen,F16,dieBasis,84,10835,0.7753
GEMEINDE,15089310,Stadt Staßfurt,Zweitstimmen,F19,Klimaliste ST,11,10835,0.1015
GEMEINDE,15089310,Stadt Staßfurt,Zweitstimmen,F21,ÖDP,7,10835,0.0646
GEMEINDE,15089310,Stadt Staßfurt,Zweitstimmen,F22,Die Humanisten,6,10835,0.0554
GEMEINDE,15089310,Stadt Staßfurt,Zweitstimmen,F23,Gesundheitsforschung,38,10835,0.3507
GEMEINDE,15089310,Stadt Staßfurt,Zweitstimmen,F24,PIRATEN,21,10835,0.1938
GEMEINDE,15089310,Stadt Staßfurt,Zweitstimmen,F25,WiR2020,15,10835,0.1384
GEMEINDE,15089365,Gemeinde Wolmirsleben,Erststimmen,D01,CDU,285,699,40.7725
GEMEINDE,15089365,Gemeinde Wolmirsleben,Erststimmen,D02,AfD,188,699,26.8956
GEMEINDE,15089365,Gemeinde Wolmirsleben,Erststimmen,D03,DIE LINKE,59,699,8.4406
GEMEINDE,15089365,Gemeinde Wolmirsleben,Erststimmen,D04,SPD,58,699,8.2976
GEMEINDE,15089365,Gemeinde Wolmirsleben,Erststimmen,D05,GRÜNE,7,699,1.0014
GEMEINDE,15089365,Gemeinde Wolmirsleben,Erststimmen,D06,FDP,69,699,9.8712
GEMEINDE,15089365,Gemeinde Wolmirsleben,Erststimmen,D07,FREIE WÄHLER,33,699,4.721
GEMEINDE,15089365,Gemeinde Wolmirsleben,Erststimmen,D08,NPD,0,699,0.0
GEMEINDE,15089365,Gemeinde Wolmirsleben,Erststimmen,D09,Tierschutzpartei,0,699,0.0
GEMEINDE,15089365,Gemeinde Wolmirsleben,Erststimmen,D10,Tierschutzallianz,0,699,0.0
GEMEINDE,15089365,Gemeinde Wolmirsleben,Erststimmen,D12,Die PARTEI,0,699,0.0
GEMEINDE,15089365,Gemeinde Wolmirsleben,Erststimmen,D13,Gartenpartei,0,699,0.0
GEMEINDE,15089365,Gemeinde Wolmirsleben,Erststimmen,D14,FBM,0,699,0.0
GEMEINDE,15089365,Gemeinde Wolmirsleben,Erststimmen,D16,dieBasis,0,699,0.0
GEMEINDE,15089365,Gemeinde Wolmirsleben,Erststimmen,D21,ÖDP,0,699,0.0
GEMEINDE,15089365,Gemeinde Wolmirsleben,Erststimmen,D26,Andere KWV,0,699,0.0
GEMEINDE,15089365,Gemeinde Wolmirsleben,Erststimmen,D27,Andere KWV,0,699,0.0
GEMEINDE,15089365,Gemeinde Wolmirsleben,Erststimmen,D28,Andere KWV,0,699,0.0
GEMEINDE,15089365,Gemeinde Wolmirsleben,Zweitstimmen,F01,CDU,266,701,37.9458
GEMEINDE,15089365,Gemeinde Wolmirsleben,Zweitstimmen,F02,AfD,195,701,27.8174
GEMEINDE,15089365,Gemeinde Wolmirsleben,Zweitstimmen,F03,DIE LINKE,68,701,9.7004
GEMEINDE,15089365,Gemeinde Wolmirsleben,Zweitstimmen,F04,SPD,56,701,7.9886
GEMEINDE,15089365,Gemeinde Wolmirsleben,Zweitstimmen,F05,GRÜNE,17,701,2.4251
GEMEINDE,15089365,Gemeinde Wolmirsleben,Zweitstimmen,F06,FDP,46,701,6.5621
GEMEINDE,15089365,Gemeinde Wolmirsleben,Zweitstimmen,F07,FREIE WÄHLER,17,701,2.4251
GEMEINDE,15089365,Gemeinde Wolmirsleben,Zweitstimmen,F08,NPD,0,701,0.0
GEMEINDE,15089365,Gemeinde Wolmirsleben,Zweitstimmen,F09,Tierschutzpartei,8,701,1.1412
GEMEINDE,15089365,Gemeinde Wolmirsleben,Zweitstimmen,F10,Tierschutzallianz,1,701,0.1427
GEMEINDE,15089365,Gemeinde Wolmirsleben,Zweitstimmen,F11,LKR,0,701,0.0
GEMEINDE,15089365,Gemeinde Wolmirsleben,Zweitstimmen,F12,Die PARTEI,3,701,0.428
GEMEINDE,15089365,Gemeinde Wolmirsleben,Zweitstimmen,F13,Gartenpartei,6,701,0.8559
GEMEINDE,15089365,Gemeinde Wolmirsleben,Zweitstimmen,F14,FBM,0,701,0.0
GEMEINDE,15089365,Gemeinde Wolmirsleben,Zweitstimmen,F15,TIERSCHUTZ hier!,2,701,0.2853
GEMEINDE,15089365,Gemeinde Wolmirsleben,Zweitstimmen,F16,dieBasis,9,701,1.2839
GEMEINDE,15089365,Gemeinde Wolmirsleben,Zweitstimmen,F19,Klimaliste ST,2,701,0.2853
GEMEINDE,15089365,Gemeinde Wolmirsleben,Zweitstimmen,F21,ÖDP,0,701,0.0
GEMEINDE,15089365,Gemeinde Wolmirsleben,Zweitstimmen,F22,Die Humanisten,4,701,0.5706
GEMEINDE,15089365,Gemeinde Wolmirsleben,Zweitstimmen,F23,Gesundheitsforschung,1,701,0.1427
GEMEINDE,15089365,Gemeinde Wolmirsleben,Zweitstimmen,F24,PIRATEN,0,701,0.0
GEMEINDE,15089365,Gemeinde Wolmirsleben,Zweitstimmen,F25,WiR2020,0,701,0.0
GEMEINDE,15090003,Gemeinde Aland,Erststimmen,D01,CDU,170,687,24.7453
GEMEINDE,15090003,Gemeinde Aland,Erststimmen,D02,AfD,138,687,20.0873
GEMEINDE,15090003,Gemeinde Aland,Erststimmen,D03,DIE LINKE,55,687,8.0058
GEMEINDE,15090003,Gemeinde Aland,Erststimmen,D04,SPD,38,687,5.5313
GEMEINDE,15090003,Gemeinde Aland,Erststimmen,D05,GRÜNE,35,687,5.0946
GEMEINDE,15090003,Gemeinde Aland,Erststimmen,D06,FDP,29,687,4.2213
GEMEINDE,15090003,Gemeinde Aland,Erststimmen,D07,FREIE WÄHLER,218,687,31.7322
GEMEINDE,15090003,Gemeinde Aland,Erststimmen,D08,NPD,0,687,0.0
GEMEINDE,15090003,Gemeinde Aland,Erststimmen,D09,Tierschutzpartei,0,687,0.0
GEMEINDE,15090003,Gemeinde Aland,Erststimmen,D10,Tierschutzallianz,0,687,0.0
GEMEINDE,15090003,Gemeinde Aland,Erststimmen,D12,Die PARTEI,0,687,0.0
GEMEINDE,15090003,Gemeinde Aland,Erststimmen,D13,Gartenpartei,0,687,0.0
GEMEINDE,15090003,Gemeinde Aland,Erststimmen,D14,FBM,0,687,0.0
GEMEINDE,15090003,Gemeinde Aland,Erststimmen,D16,dieBasis,4,687,0.5822
GEMEINDE,15090003,Gemeinde Aland,Erststimmen,D21,ÖDP,0,687,0.0
GEMEINDE,15090003,Gemeinde Aland,Erststimmen,D26,Andere KWV,0,687,0.0
GEMEINDE,15090003,Gemeinde Aland,Erststimmen,D27,Andere KWV,0,687,0.0
GEMEINDE,15090003,Gemeinde Aland,Erststimmen,D28,Andere KWV,0,687,0.0
GEMEINDE,15090003,Gemeinde Aland,Zweitstimmen,F01,CDU,215,687,31.2955
GEMEINDE,15090003,Gemeinde Aland,Zweitstimmen,F02,AfD,136,687,19.7962
GEMEINDE,15090003,Gemeinde Aland,Zweitstimmen,F03,DIE LINKE,52,687,7.5691
GEMEINDE,15090003,Gemeinde Aland,Zweitstimmen,F04,SPD,31,687,4.5124
GEMEINDE,15090003,Gemeinde Aland,Zweitstimmen,F05,GRÜNE,33,687,4.8035
GEMEINDE,15090003,Gemeinde Aland,Zweitstimmen,F06,FDP,27,687,3.9301
GEMEINDE,15090003,Gemeinde Aland,Zweitstimmen,F07,FREIE WÄHLER,161,687,23.4352
GEMEINDE,15090003,Gemeinde Aland,Zweitstimmen,F08,NPD,4,687,0.5822
GEMEINDE,15090003,Gemeinde Aland,Zweitstimmen,F09,Tierschutzpartei,6,687,0.8734
GEMEINDE,15090003,Gemeinde Aland,Zweitstimmen,F10,Tierschutzallianz,0,687,0.0
GEMEINDE,15090003,Gemeinde Aland,Zweitstimmen,F11,LKR,0,687,0.0
GEMEINDE,15090003,Gemeinde Aland,Zweitstimmen,F12,Die PARTEI,5,687,0.7278
GEMEINDE,15090003,Gemeinde Aland,Zweitstimmen,F13,Gartenpartei,0,687,0.0
GEMEINDE,15090003,Gemeinde Aland,Zweitstimmen,F14,FBM,0,687,0.0
GEMEINDE,15090003,Gemeinde Aland,Zweitstimmen,F15,TIERSCHUTZ hier!,1,687,0.1456
GEMEINDE,15090003,Gemeinde Aland,Zweitstimmen,F16,dieBasis,10,687,1.4556
GEMEINDE,15090003,Gemeinde Aland,Zweitstimmen,F19,Klimaliste ST,0,687,0.0
GEMEINDE,15090003,Gemeinde Aland,Zweitstimmen,F21,ÖDP,3,687,0.4367
GEMEINDE,15090003,Gemeinde Aland,Zweitstimmen,F22,Die Humanisten,0,687,0.0
GEMEINDE,15090003,Gemeinde Aland,Zweitstimmen,F23,Gesundheitsforschung,1,687,0.1456
GEMEINDE,15090003,Gemeinde Aland,Zweitstimmen,F24,PIRATEN,1,687,0.1456
GEMEINDE,15090003,Gemeinde Aland,Zweitstimmen,F25,WiR2020,1,687,0.1456
GEMEINDE,15090007,Gemeinde Altmärkische Höhe,Erststimmen,D01,CDU,282,968,29.1322
GEMEINDE,15090007,Gemeinde Altmärkische Höhe,Erststimmen,D02,AfD,193,968,19.938
GEMEINDE,15090007,Gemeinde Altmärkische Höhe,Erststimmen,D03,DIE LINKE,63,968,6.5083
GEMEINDE,15090007,Gemeinde Altmärkische Höhe,Erststimmen,D04,SPD,60,968,6.1983
GEMEINDE,15090007,Gemeinde Altmärkische Höhe,Erststimmen,D05,GRÜNE,34,968,3.5124
GEMEINDE,15090007,Gemeinde Altmärkische Höhe,Erststimmen,D06,FDP,53,968,5.4752
GEMEINDE,15090007,Gemeinde Altmärkische Höhe,Erststimmen,D07,FREIE WÄHLER,269,968,27.7893
GEMEINDE,15090007,Gemeinde Altmärkische Höhe,Erststimmen,D08,NPD,0,968,0.0
GEMEINDE,15090007,Gemeinde Altmärkische Höhe,Erststimmen,D09,Tierschutzpartei,0,968,0.0
GEMEINDE,15090007,Gemeinde Altmärkische Höhe,Erststimmen,D10,Tierschutzallianz,0,968,0.0
GEMEINDE,15090007,Gemeinde Altmärkische Höhe,Erststimmen,D12,Die PARTEI,0,968,0.0
GEMEINDE,15090007,Gemeinde Altmärkische Höhe,Erststimmen,D13,Gartenpartei,0,968,0.0
GEMEINDE,15090007,Gemeinde Altmärkische Höhe,Erststimmen,D14,FBM,0,968,0.0
GEMEINDE,15090007,Gemeinde Altmärkische Höhe,Erststimmen,D16,dieBasis,14,968,1.4463
GEMEINDE,15090007,Gemeinde Altmärkische Höhe,Erststimmen,D21,ÖDP,0,968,0.0
GEMEINDE,15090007,Gemeinde Altmärkische Höhe,Erststimmen,D26,Andere KWV,0,968,0.0
GEMEINDE,15090007,Gemeinde Altmärkische Höhe,Erststimmen,D27,Andere KWV,0,968,0.0
GEMEINDE,15090007,Gemeinde Altmärkische Höhe,Erststimmen,D28,Andere KWV,0,968,0.0
GEMEINDE,15090007,Gemeinde Altmärkische Höhe,Zweitstimmen,F01,CDU,377,968,38.9463
GEMEINDE,15090007,Gemeinde Altmärkische Höhe,Zweitstimmen,F02,AfD,189,968,19.5248
GEMEINDE,15090007,Gemeinde Altmärkische Höhe,Zweitstimmen,F03,DIE LINKE,57,968,5.8884
GEMEINDE,15090007,Gemeinde Altmärkische Höhe,Zweitstimmen,F04,SPD,71,968,7.3347
GEMEINDE,15090007,Gemeinde Altmärkische Höhe,Zweitstimmen,F05,GRÜNE,51,968,5.2686
GEMEINDE,15090007,Gemeinde Altmärkische Höhe,Zweitstimmen,F06,FDP,54,968,5.5785
GEMEINDE,15090007,Gemeinde Altmärkische Höhe,Zweitstimmen,F07,FREIE WÄHLER,127,968,13.1198
GEMEINDE,15090007,Gemeinde Altmärkische Höhe,Zweitstimmen,F08,NPD,1,968,0.1033
GEMEINDE,15090007,Gemeinde Altmärkische Höhe,Zweitstimmen,F09,Tierschutzpartei,5,968,0.5165
GEMEINDE,15090007,Gemeinde Altmärkische Höhe,Zweitstimmen,F10,Tierschutzallianz,2,968,0.2066
GEMEINDE,15090007,Gemeinde Altmärkische Höhe,Zweitstimmen,F11,LKR,0,968,0.0
GEMEINDE,15090007,Gemeinde Altmärkische Höhe,Zweitstimmen,F12,Die PARTEI,4,968,0.4132
GEMEINDE,15090007,Gemeinde Altmärkische Höhe,Zweitstimmen,F13,Gartenpartei,7,968,0.7231
GEMEINDE,15090007,Gemeinde Altmärkische Höhe,Zweitstimmen,F14,FBM,1,968,0.1033
GEMEINDE,15090007,Gemeinde Altmärkische Höhe,Zweitstimmen,F15,TIERSCHUTZ hier!,3,968,0.3099
GEMEINDE,15090007,Gemeinde Altmärkische Höhe,Zweitstimmen,F16,dieBasis,15,968,1.5496
GEMEINDE,15090007,Gemeinde Altmärkische Höhe,Zweitstimmen,F19,Klimaliste ST,0,968,0.0
GEMEINDE,15090007,Gemeinde Altmärkische Höhe,Zweitstimmen,F21,ÖDP,1,968,0.1033
GEMEINDE,15090007,Gemeinde Altmärkische Höhe,Zweitstimmen,F22,Die Humanisten,0,968,0.0
GEMEINDE,15090007,Gemeinde Altmärkische Höhe,Zweitstimmen,F23,Gesundheitsforschung,1,968,0.1033
GEMEINDE,15090007,Gemeinde Altmärkische Höhe,Zweitstimmen,F24,PIRATEN,1,968,0.1033
GEMEINDE,15090007,Gemeinde Altmärkische Höhe,Zweitstimmen,F25,WiR2020,1,968,0.1033
GEMEINDE,15090008,Gemeinde Altmärkische Wische,Erststimmen,D01,CDU,116,425,27.2941
GEMEINDE,15090008,Gemeinde Altmärkische Wische,Erststimmen,D02,AfD,76,425,17.8824
GEMEINDE,15090008,Gemeinde Altmärkische Wische,Erststimmen,D03,DIE LINKE,30,425,7.0588
GEMEINDE,15090008,Gemeinde Altmärkische Wische,Erststimmen,D04,SPD,30,425,7.0588
GEMEINDE,15090008,Gemeinde Altmärkische Wische,Erststimmen,D05,GRÜNE,8,425,1.8824
GEMEINDE,15090008,Gemeinde Altmärkische Wische,Erststimmen,D06,FDP,24,425,5.6471
GEMEINDE,15090008,Gemeinde Altmärkische Wische,Erststimmen,D07,FREIE WÄHLER,138,425,32.4706
GEMEINDE,15090008,Gemeinde Altmärkische Wische,Erststimmen,D08,NPD,0,425,0.0
GEMEINDE,15090008,Gemeinde Altmärkische Wische,Erststimmen,D09,Tierschutzpartei,0,425,0.0
GEMEINDE,15090008,Gemeinde Altmärkische Wische,Erststimmen,D10,Tierschutzallianz,0,425,0.0
GEMEINDE,15090008,Gemeinde Altmärkische Wische,Erststimmen,D12,Die PARTEI,0,425,0.0
GEMEINDE,15090008,Gemeinde Altmärkische Wische,Erststimmen,D13,Gartenpartei,0,425,0.0
GEMEINDE,15090008,Gemeinde Altmärkische Wische,Erststimmen,D14,FBM,0,425,0.0
GEMEINDE,15090008,Gemeinde Altmärkische Wische,Erststimmen,D16,dieBasis,3,425,0.7059
GEMEINDE,15090008,Gemeinde Altmärkische Wische,Erststimmen,D21,ÖDP,0,425,0.0
GEMEINDE,15090008,Gemeinde Altmärkische Wische,Erststimmen,D26,Andere KWV,0,425,0.0
GEMEINDE,15090008,Gemeinde Altmärkische Wische,Erststimmen,D27,Andere KWV,0,425,0.0
GEMEINDE,15090008,Gemeinde Altmärkische Wische,Erststimmen,D28,Andere KWV,0,425,0.0
GEMEINDE,15090008,Gemeinde Altmärkische Wische,Zweitstimmen,F01,CDU,132,425,31.0588
GEMEINDE,15090008,Gemeinde Altmärkische Wische,Zweitstimmen,F02,AfD,78,425,18.3529
GEMEINDE,15090008,Gemeinde Altmärkische Wische,Zweitstimmen,F03,DIE LINKE,33,425,7.7647
GEMEINDE,15090008,Gemeinde Altmärkische Wische,Zweitstimmen,F04,SPD,35,425,8.2353
GEMEINDE,15090008,Gemeinde Altmärkische Wische,Zweitstimmen,F05,GRÜNE,13,425,3.0588
GEMEINDE,15090008,Gemeinde Altmärkische Wische,Zweitstimmen,F06,FDP,26,425,6.1176
GEMEINDE,15090008,Gemeinde Altmärkische Wische,Zweitstimmen,F07,FREIE WÄHLER,85,425,20.0
GEMEINDE,15090008,Gemeinde Altmärkische Wische,Zweitstimmen,F08,NPD,1,425,0.2353
GEMEINDE,15090008,Gemeinde Altmärkische Wische,Zweitstimmen,F09,Tierschutzpartei,7,425,1.6471
GEMEINDE,15090008,Gemeinde Altmärkische Wische,Zweitstimmen,F10,Tierschutzallianz,0,425,0.0
GEMEINDE,15090008,Gemeinde Altmärkische Wische,Zweitstimmen,F11,LKR,1,425,0.2353
GEMEINDE,15090008,Gemeinde Altmärkische Wische,Zweitstimmen,F12,Die PARTEI,5,425,1.1765
GEMEINDE,15090008,Gemeinde Altmärkische Wische,Zweitstimmen,F13,Gartenpartei,1,425,0.2353
GEMEINDE,15090008,Gemeinde Altmärkische Wische,Zweitstimmen,F14,FBM,0,425,0.0
GEMEINDE,15090008,Gemeinde Altmärkische Wische,Zweitstimmen,F15,TIERSCHUTZ hier!,1,425,0.2353
GEMEINDE,15090008,Gemeinde Altmärkische Wische,Zweitstimmen,F16,dieBasis,4,425,0.9412
GEMEINDE,15090008,Gemeinde Altmärkische Wische,Zweitstimmen,F19,Klimaliste ST,0,425,0.0
GEMEINDE,15090008,Gemeinde Altmärkische Wische,Zweitstimmen,F21,ÖDP,0,425,0.0
GEMEINDE,15090008,Gemeinde Altmärkische Wische,Zweitstimmen,F22,Die Humanisten,0,425,0.0
GEMEINDE,15090008,Gemeinde Altmärkische Wische,Zweitstimmen,F23,Gesundheitsforschung,1,425,0.2353
GEMEINDE,15090008,Gemeinde Altmärkische Wische,Zweitstimmen,F24,PIRATEN,2,425,0.4706
GEMEINDE,15090008,Gemeinde Altmärkische Wische,Zweitstimmen,F25,WiR2020,0,425,0.0
GEMEINDE,15090010,Stadt Arneburg,Erststimmen,D01,CDU,227,755,30.0662
GEMEINDE,15090010,Stadt Arneburg,Erststimmen,D02,AfD,181,755,23.9735
GEMEINDE,15090010,Stadt Arneburg,Erststimmen,D03,DIE LINKE,81,755,10.7285
GEMEINDE,15090010,Stadt Arneburg,Erststimmen,D04,SPD,67,755,8.8742
GEMEINDE,15090010,Stadt Arneburg,Erststimmen,D05,GRÜNE,18,755,2.3841
GEMEINDE,15090010,Stadt Arneburg,Erststimmen,D06,FDP,47,755,6.2252
GEMEINDE,15090010,Stadt Arneburg,Erststimmen,D07,FREIE WÄHLER,128,755,16.9536
GEMEINDE,15090010,Stadt Arneburg,Erststimmen,D08,NPD,0,755,0.0
GEMEINDE,15090010,Stadt Arneburg,Erststimmen,D09,Tierschutzpartei,0,755,0.0
GEMEINDE,15090010,Stadt Arneburg,Erststimmen,D10,Tierschutzallianz,0,755,0.0
GEMEINDE,15090010,Stadt Arneburg,Erststimmen,D12,Die PARTEI,0,755,0.0
GEMEINDE,15090010,Stadt Arneburg,Erststimmen,D13,Gartenpartei,0,755,0.0
GEMEINDE,15090010,Stadt Arneburg,Erststimmen,D14,FBM,0,755,0.0
GEMEINDE,15090010,Stadt Arneburg,Erststimmen,D16,dieBasis,6,755,0.7947
GEMEINDE,15090010,Stadt Arneburg,Erststimmen,D21,ÖDP,0,755,0.0
GEMEINDE,15090010,Stadt Arneburg,Erststimmen,D26,Andere KWV,0,755,0.0
GEMEINDE,15090010,Stadt Arneburg,Erststimmen,D27,Andere KWV,0,755,0.0
GEMEINDE,15090010,Stadt Arneburg,Erststimmen,D28,Andere KWV,0,755,0.0
GEMEINDE,15090010,Stadt Arneburg,Zweitstimmen,F01,CDU,253,756,33.4656
GEMEINDE,15090010,Stadt Arneburg,Zweitstimmen,F02,AfD,180,756,23.8095
GEMEINDE,15090010,Stadt Arneburg,Zweitstimmen,F03,DIE LINKE,76,756,10.0529
GEMEINDE,15090010,Stadt Arneburg,Zweitstimmen,F04,SPD,64,756,8.4656
GEMEINDE,15090010,Stadt Arneburg,Zweitstimmen,F05,GRÜNE,31,756,4.1005
GEMEINDE,15090010,Stadt Arneburg,Zweitstimmen,F06,FDP,48,756,6.3492
GEMEINDE,15090010,Stadt Arneburg,Zweitstimmen,F07,FREIE WÄHLER,69,756,9.127
GEMEINDE,15090010,Stadt Arneburg,Zweitstimmen,F08,NPD,3,756,0.3968
GEMEINDE,15090010,Stadt Arneburg,Zweitstimmen,F09,Tierschutzpartei,8,756,1.0582
GEMEINDE,15090010,Stadt Arneburg,Zweitstimmen,F10,Tierschutzallianz,0,756,0.0
GEMEINDE,15090010,Stadt Arneburg,Zweitstimmen,F11,LKR,0,756,0.0
GEMEINDE,15090010,Stadt Arneburg,Zweitstimmen,F12,Die PARTEI,2,756,0.2646
GEMEINDE,15090010,Stadt Arneburg,Zweitstimmen,F13,Gartenpartei,5,756,0.6614
GEMEINDE,15090010,Stadt Arneburg,Zweitstimmen,F14,FBM,1,756,0.1323
GEMEINDE,15090010,Stadt Arneburg,Zweitstimmen,F15,TIERSCHUTZ hier!,4,756,0.5291
GEMEINDE,15090010,Stadt Arneburg,Zweitstimmen,F16,dieBasis,7,756,0.9259
GEMEINDE,15090010,Stadt Arneburg,Zweitstimmen,F19,Klimaliste ST,0,756,0.0
GEMEINDE,15090010,Stadt Arneburg,Zweitstimmen,F21,ÖDP,0,756,0.0
GEMEINDE,15090010,Stadt Arneburg,Zweitstimmen,F22,Die Humanisten,0,756,0.0
GEMEINDE,15090010,Stadt Arneburg,Zweitstimmen,F23,Gesundheitsforschung,3,756,0.3968
GEMEINDE,15090010,Stadt Arneburg,Zweitstimmen,F24,PIRATEN,2,756,0.2646
GEMEINDE,15090010,Stadt Arneburg,Zweitstimmen,F25,WiR2020,0,756,0.0
GEMEINDE,15090070,Stadt Bismark (Altmark),Erststimmen,D01,CDU,1278,4309,29.6589
GEMEINDE,15090070,Stadt Bismark (Altmark),Erststimmen,D02,AfD,923,4309,21.4203
GEMEINDE,15090070,Stadt Bismark (Altmark),Erststimmen,D03,DIE LINKE,397,4309,9.2133
GEMEINDE,15090070,Stadt Bismark (Altmark),Erststimmen,D04,SPD,493,4309,11.4412
GEMEINDE,15090070,Stadt Bismark (Altmark),Erststimmen,D05,GRÜNE,144,4309,3.3418
GEMEINDE,15090070,Stadt Bismark (Altmark),Erststimmen,D06,FDP,466,4309,10.8146
GEMEINDE,15090070,Stadt Bismark (Altmark),Erststimmen,D07,FREIE WÄHLER,545,4309,12.6479
GEMEINDE,15090070,Stadt Bismark (Altmark),Erststimmen,D08,NPD,0,4309,0.0
GEMEINDE,15090070,Stadt Bismark (Altmark),Erststimmen,D09,Tierschutzpartei,0,4309,0.0
GEMEINDE,15090070,Stadt Bismark (Altmark),Erststimmen,D10,Tierschutzallianz,0,4309,0.0
GEMEINDE,15090070,Stadt Bismark (Altmark),Erststimmen,D12,Die PARTEI,0,4309,0.0
GEMEINDE,15090070,Stadt Bismark (Altmark),Erststimmen,D13,Gartenpartei,0,4309,0.0
GEMEINDE,15090070,Stadt Bismark (Altmark),Erststimmen,D14,FBM,0,4309,0.0
GEMEINDE,15090070,Stadt Bismark (Altmark),Erststimmen,D16,dieBasis,63,4309,1.4621
GEMEINDE,15090070,Stadt Bismark (Altmark),Erststimmen,D21,ÖDP,0,4309,0.0
GEMEINDE,15090070,Stadt Bismark (Altmark),Erststimmen,D26,Andere KWV,0,4309,0.0
GEMEINDE,15090070,Stadt Bismark (Altmark),Erststimmen,D27,Andere KWV,0,4309,0.0
GEMEINDE,15090070,Stadt Bismark (Altmark),Erststimmen,D28,Andere KWV,0,4309,0.0
GEMEINDE,15090070,Stadt Bismark (Altmark),Zweitstimmen,F01,CDU,1465,4305,34.0302
GEMEINDE,15090070,Stadt Bismark (Altmark),Zweitstimmen,F02,AfD,913,4305,21.2079
GEMEINDE,15090070,Stadt Bismark (Altmark),Zweitstimmen,F03,DIE LINKE,383,4305,8.8966
GEMEINDE,15090070,Stadt Bismark (Altmark),Zweitstimmen,F04,SPD,410,4305,9.5238
GEMEINDE,15090070,Stadt Bismark (Altmark),Zweitstimmen,F05,GRÜNE,164,4305,3.8095
GEMEINDE,15090070,Stadt Bismark (Altmark),Zweitstimmen,F06,FDP,314,4305,7.2938
GEMEINDE,15090070,Stadt Bismark (Altmark),Zweitstimmen,F07,FREIE WÄHLER,409,4305,9.5006
GEMEINDE,15090070,Stadt Bismark (Altmark),Zweitstimmen,F08,NPD,8,4305,0.1858
GEMEINDE,15090070,Stadt Bismark (Altmark),Zweitstimmen,F09,Tierschutzpartei,49,4305,1.1382
GEMEINDE,15090070,Stadt Bismark (Altmark),Zweitstimmen,F10,Tierschutzallianz,5,4305,0.1161
GEMEINDE,15090070,Stadt Bismark (Altmark),Zweitstimmen,F11,LKR,4,4305,0.0929
GEMEINDE,15090070,Stadt Bismark (Altmark),Zweitstimmen,F12,Die PARTEI,22,4305,0.511
GEMEINDE,15090070,Stadt Bismark (Altmark),Zweitstimmen,F13,Gartenpartei,20,4305,0.4646
GEMEINDE,15090070,Stadt Bismark (Altmark),Zweitstimmen,F14,FBM,2,4305,0.0465
GEMEINDE,15090070,Stadt Bismark (Altmark),Zweitstimmen,F15,TIERSCHUTZ hier!,20,4305,0.4646
GEMEINDE,15090070,Stadt Bismark (Altmark),Zweitstimmen,F16,dieBasis,72,4305,1.6725
GEMEINDE,15090070,Stadt Bismark (Altmark),Zweitstimmen,F19,Klimaliste ST,3,4305,0.0697
GEMEINDE,15090070,Stadt Bismark (Altmark),Zweitstimmen,F21,ÖDP,2,4305,0.0465
GEMEINDE,15090070,Stadt Bismark (Altmark),Zweitstimmen,F22,Die Humanisten,2,4305,0.0465
GEMEINDE,15090070,Stadt Bismark (Altmark),Zweitstimmen,F23,Gesundheitsforschung,7,4305,0.1626
GEMEINDE,15090070,Stadt Bismark (Altmark),Zweitstimmen,F24,PIRATEN,20,4305,0.4646
GEMEINDE,15090070,Stadt Bismark (Altmark),Zweitstimmen,F25,WiR2020,11,4305,0.2555
GEMEINDE,15090135,Gemeinde Eichstedt (Altmark),Erststimmen,D01,CDU,146,496,29.4355
GEMEINDE,15090135,Gemeinde Eichstedt (Altmark),Erststimmen,D02,AfD,128,496,25.8065
GEMEINDE,15090135,Gemeinde Eichstedt (Altmark),Erststimmen,D03,DIE LINKE,53,496,10.6855
GEMEINDE,15090135,Gemeinde Eichstedt (Altmark),Erststimmen,D04,SPD,25,496,5.0403
GEMEINDE,15090135,Gemeinde Eichstedt (Altmark),Erststimmen,D05,GRÜNE,19,496,3.8306
GEMEINDE,15090135,Gemeinde Eichstedt (Altmark),Erststimmen,D06,FDP,33,496,6.6532
GEMEINDE,15090135,Gemeinde Eichstedt (Altmark),Erststimmen,D07,FREIE WÄHLER,86,496,17.3387
GEMEINDE,15090135,Gemeinde Eichstedt (Altmark),Erststimmen,D08,NPD,0,496,0.0
GEMEINDE,15090135,Gemeinde Eichstedt (Altmark),Erststimmen,D09,Tierschutzpartei,0,496,0.0
GEMEINDE,15090135,Gemeinde Eichstedt (Altmark),Erststimmen,D10,Tierschutzallianz,0,496,0.0
GEMEINDE,15090135,Gemeinde Eichstedt (Altmark),Erststimmen,D12,Die PARTEI,0,496,0.0
GEMEINDE,15090135,Gemeinde Eichstedt (Altmark),Erststimmen,D13,Gartenpartei,0,496,0.0
GEMEINDE,15090135,Gemeinde Eichstedt (Altmark),Erststimmen,D14,FBM,0,496,0.0
GEMEINDE,15090135,Gemeinde Eichstedt (Altmark),Erststimmen,D16,dieBasis,6,496,1.2097
GEMEINDE,15090135,Gemeinde Eichstedt (Altmark),Erststimmen,D21,ÖDP,0,496,0.0
GEMEINDE,15090135,Gemeinde Eichstedt (Altmark),Erststimmen,D26,Andere KWV,0,496,0.0
GEMEINDE,15090135,Gemeinde Eichstedt (Altmark),Erststimmen,D27,Andere KWV,0,496,0.0
GEMEINDE,15090135,Gemeinde Eichstedt (Altmark),Erststimmen,D28,Andere KWV,0,496,0.0
GEMEINDE,15090135,Gemeinde Eichstedt (Altmark),Zweitstimmen,F01,CDU,173,497,34.8089
GEMEINDE,15090135,Gemeinde Eichstedt (Altmark),Zweitstimmen,F02,AfD,125,497,25.1509
GEMEINDE,15090135,Gemeinde Eichstedt (Altmark),Zweitstimmen,F03,DIE LINKE,56,497,11.2676
GEMEINDE,15090135,Gemeinde Eichstedt (Altmark),Zweitstimmen,F04,SPD,21,497,4.2254
GEMEINDE,15090135,Gemeinde Eichstedt (Altmark),Zweitstimmen,F05,GRÜNE,18,497,3.6217
GEMEINDE,15090135,Gemeinde Eichstedt (Altmark),Zweitstimmen,F06,FDP,24,497,4.829
GEMEINDE,15090135,Gemeinde Eichstedt (Altmark),Zweitstimmen,F07,FREIE WÄHLER,52,497,10.4628
GEMEINDE,15090135,Gemeinde Eichstedt (Altmark),Zweitstimmen,F08,NPD,3,497,0.6036
GEMEINDE,15090135,Gemeinde Eichstedt (Altmark),Zweitstimmen,F09,Tierschutzpartei,5,497,1.006
GEMEINDE,15090135,Gemeinde Eichstedt (Altmark),Zweitstimmen,F10,Tierschutzallianz,2,497,0.4024
GEMEINDE,15090135,Gemeinde Eichstedt (Altmark),Zweitstimmen,F11,LKR,0,497,0.0
GEMEINDE,15090135,Gemeinde Eichstedt (Altmark),Zweitstimmen,F12,Die PARTEI,4,497,0.8048
GEMEINDE,15090135,Gemeinde Eichstedt (Altmark),Zweitstimmen,F13,Gartenpartei,1,497,0.2012
GEMEINDE,15090135,Gemeinde Eichstedt (Altmark),Zweitstimmen,F14,FBM,0,497,0.0
GEMEINDE,15090135,Gemeinde Eichstedt (Altmark),Zweitstimmen,F15,TIERSCHUTZ hier!,4,497,0.8048
GEMEINDE,15090135,Gemeinde Eichstedt (Altmark),Zweitstimmen,F16,dieBasis,6,497,1.2072
GEMEINDE,15090135,Gemeinde Eichstedt (Altmark),Zweitstimmen,F19,Klimaliste ST,0,497,0.0
GEMEINDE,15090135,Gemeinde Eichstedt (Altmark),Zweitstimmen,F21,ÖDP,0,497,0.0
GEMEINDE,15090135,Gemeinde Eichstedt (Altmark),Zweitstimmen,F22,Die Humanisten,0,497,0.0
GEMEINDE,15090135,Gemeinde Eichstedt (Altmark),Zweitstimmen,F23,Gesundheitsforschung,0,497,0.0
GEMEINDE,15090135,Gemeinde Eichstedt (Altmark),Zweitstimmen,F24,PIRATEN,2,497,0.4024
GEMEINDE,15090135,Gemeinde Eichstedt (Altmark),Zweitstimmen,F25,WiR2020,1,497,0.2012
GEMEINDE,15090180,Gemeinde Goldbeck,Erststimmen,D01,CDU,170,704,24.1477
GEMEINDE,15090180,Gemeinde Goldbeck,Erststimmen,D02,AfD,127,704,18.0398
GEMEINDE,15090180,Gemeinde Goldbeck,Erststimmen,D03,DIE LINKE,59,704,8.3807
GEMEINDE,15090180,Gemeinde Goldbeck,Erststimmen,D04,SPD,66,704,9.375
GEMEINDE,15090180,Gemeinde Goldbeck,Erststimmen,D05,GRÜNE,28,704,3.9773
GEMEINDE,15090180,Gemeinde Goldbeck,Erststimmen,D06,FDP,40,704,5.6818
GEMEINDE,15090180,Gemeinde Goldbeck,Erststimmen,D07,FREIE WÄHLER,207,704,29.4034
GEMEINDE,15090180,Gemeinde Goldbeck,Erststimmen,D08,NPD,0,704,0.0
GEMEINDE,15090180,Gemeinde Goldbeck,Erststimmen,D09,Tierschutzpartei,0,704,0.0
GEMEINDE,15090180,Gemeinde Goldbeck,Erststimmen,D10,Tierschutzallianz,0,704,0.0
GEMEINDE,15090180,Gemeinde Goldbeck,Erststimmen,D12,Die PARTEI,0,704,0.0
GEMEINDE,15090180,Gemeinde Goldbeck,Erststimmen,D13,Gartenpartei,0,704,0.0
GEMEINDE,15090180,Gemeinde Goldbeck,Erststimmen,D14,FBM,0,704,0.0
GEMEINDE,15090180,Gemeinde Goldbeck,Erststimmen,D16,dieBasis,7,704,0.9943
GEMEINDE,15090180,Gemeinde Goldbeck,Erststimmen,D21,ÖDP,0,704,0.0
GEMEINDE,15090180,Gemeinde Goldbeck,Erststimmen,D26,Andere KWV,0,704,0.0
GEMEINDE,15090180,Gemeinde Goldbeck,Erststimmen,D27,Andere KWV,0,704,0.0
GEMEINDE,15090180,Gemeinde Goldbeck,Erststimmen,D28,Andere KWV,0,704,0.0
GEMEINDE,15090180,Gemeinde Goldbeck,Zweitstimmen,F01,CDU,209,706,29.6034
GEMEINDE,15090180,Gemeinde Goldbeck,Zweitstimmen,F02,AfD,140,706,19.83
GEMEINDE,15090180,Gemeinde Goldbeck,Zweitstimmen,F03,DIE LINKE,65,706,9.2068
GEMEINDE,15090180,Gemeinde Goldbeck,Zweitstimmen,F04,SPD,71,706,10.0567
GEMEINDE,15090180,Gemeinde Goldbeck,Zweitstimmen,F05,GRÜNE,31,706,4.3909
GEMEINDE,15090180,Gemeinde Goldbeck,Zweitstimmen,F06,FDP,34,706,4.8159
GEMEINDE,15090180,Gemeinde Goldbeck,Zweitstimmen,F07,FREIE WÄHLER,128,706,18.1303
GEMEINDE,15090180,Gemeinde Goldbeck,Zweitstimmen,F08,NPD,0,706,0.0
GEMEINDE,15090180,Gemeinde Goldbeck,Zweitstimmen,F09,Tierschutzpartei,4,706,0.5666
GEMEINDE,15090180,Gemeinde Goldbeck,Zweitstimmen,F10,Tierschutzallianz,2,706,0.2833
GEMEINDE,15090180,Gemeinde Goldbeck,Zweitstimmen,F11,LKR,0,706,0.0
GEMEINDE,15090180,Gemeinde Goldbeck,Zweitstimmen,F12,Die PARTEI,3,706,0.4249
GEMEINDE,15090180,Gemeinde Goldbeck,Zweitstimmen,F13,Gartenpartei,1,706,0.1416
GEMEINDE,15090180,Gemeinde Goldbeck,Zweitstimmen,F14,FBM,0,706,0.0
GEMEINDE,15090180,Gemeinde Goldbeck,Zweitstimmen,F15,TIERSCHUTZ hier!,5,706,0.7082
GEMEINDE,15090180,Gemeinde Goldbeck,Zweitstimmen,F16,dieBasis,8,706,1.1331
GEMEINDE,15090180,Gemeinde Goldbeck,Zweitstimmen,F19,Klimaliste ST,0,706,0.0
GEMEINDE,15090180,Gemeinde Goldbeck,Zweitstimmen,F21,ÖDP,0,706,0.0
GEMEINDE,15090180,Gemeinde Goldbeck,Zweitstimmen,F22,Die Humanisten,1,706,0.1416
GEMEINDE,15090180,Gemeinde Goldbeck,Zweitstimmen,F23,Gesundheitsforschung,2,706,0.2833
GEMEINDE,15090180,Gemeinde Goldbeck,Zweitstimmen,F24,PIRATEN,1,706,0.1416
GEMEINDE,15090180,Gemeinde Goldbeck,Zweitstimmen,F25,WiR2020,1,706,0.1416
GEMEINDE,15090220,Gemeinde Hassel,Erststimmen,D01,CDU,193,551,35.0272
GEMEINDE,15090220,Gemeinde Hassel,Erststimmen,D02,AfD,100,551,18.1488
GEMEINDE,15090220,Gemeinde Hassel,Erststimmen,D03,DIE LINKE,59,551,10.7078
GEMEINDE,15090220,Gemeinde Hassel,Erststimmen,D04,SPD,42,551,7.6225
GEMEINDE,15090220,Gemeinde Hassel,Erststimmen,D05,GRÜNE,20,551,3.6298
GEMEINDE,15090220,Gemeinde Hassel,Erststimmen,D06,FDP,21,551,3.8113
GEMEINDE,15090220,Gemeinde Hassel,Erststimmen,D07,FREIE WÄHLER,101,551,18.3303
GEMEINDE,15090220,Gemeinde Hassel,Erststimmen,D08,NPD,0,551,0.0
GEMEINDE,15090220,Gemeinde Hassel,Erststimmen,D09,Tierschutzpartei,0,551,0.0
GEMEINDE,15090220,Gemeinde Hassel,Erststimmen,D10,Tierschutzallianz,0,551,0.0
GEMEINDE,15090220,Gemeinde Hassel,Erststimmen,D12,Die PARTEI,0,551,0.0
GEMEINDE,15090220,Gemeinde Hassel,Erststimmen,D13,Gartenpartei,0,551,0.0
GEMEINDE,15090220,Gemeinde Hassel,Erststimmen,D14,FBM,0,551,0.0
GEMEINDE,15090220,Gemeinde Hassel,Erststimmen,D16,dieBasis,15,551,2.7223
GEMEINDE,15090220,Gemeinde Hassel,Erststimmen,D21,ÖDP,0,551,0.0
GEMEINDE,15090220,Gemeinde Hassel,Erststimmen,D26,Andere KWV,0,551,0.0
GEMEINDE,15090220,Gemeinde Hassel,Erststimmen,D27,Andere KWV,0,551,0.0
GEMEINDE,15090220,Gemeinde Hassel,Erststimmen,D28,Andere KWV,0,551,0.0
GEMEINDE,15090220,Gemeinde Hassel,Zweitstimmen,F01,CDU,204,550,37.0909
GEMEINDE,15090220,Gemeinde Hassel,Zweitstimmen,F02,AfD,110,550,20.0
GEMEINDE,15090220,Gemeinde Hassel,Zweitstimmen,F03,DIE LINKE,51,550,9.2727
GEMEINDE,15090220,Gemeinde Hassel,Zweitstimmen,F04,SPD,36,550,6.5455
GEMEINDE,15090220,Gemeinde Hassel,Zweitstimmen,F05,GRÜNE,23,550,4.1818
GEMEINDE,15090220,Gemeinde Hassel,Zweitstimmen,F06,FDP,23,550,4.1818
GEMEINDE,15090220,Gemeinde Hassel,Zweitstimmen,F07,FREIE WÄHLER,65,550,11.8182
GEMEINDE,15090220,Gemeinde Hassel,Zweitstimmen,F08,NPD,0,550,0.0
GEMEINDE,15090220,Gemeinde Hassel,Zweitstimmen,F09,Tierschutzpartei,6,550,1.0909
GEMEINDE,15090220,Gemeinde Hassel,Zweitstimmen,F10,Tierschutzallianz,1,550,0.1818
GEMEINDE,15090220,Gemeinde Hassel,Zweitstimmen,F11,LKR,3,550,0.5455
GEMEINDE,15090220,Gemeinde Hassel,Zweitstimmen,F12,Die PARTEI,3,550,0.5455
GEMEINDE,15090220,Gemeinde Hassel,Zweitstimmen,F13,Gartenpartei,1,550,0.1818
GEMEINDE,15090220,Gemeinde Hassel,Zweitstimmen,F14,FBM,0,550,0.0
GEMEINDE,15090220,Gemeinde Hassel,Zweitstimmen,F15,TIERSCHUTZ hier!,3,550,0.5455
GEMEINDE,15090220,Gemeinde Hassel,Zweitstimmen,F16,dieBasis,17,550,3.0909
GEMEINDE,15090220,Gemeinde Hassel,Zweitstimmen,F19,Klimaliste ST,0,550,0.0
GEMEINDE,15090220,Gemeinde Hassel,Zweitstimmen,F21,ÖDP,0,550,0.0
GEMEINDE,15090220,Gemeinde Hassel,Zweitstimmen,F22,Die Humanisten,1,550,0.1818
GEMEINDE,15090220,Gemeinde Hassel,Zweitstimmen,F23,Gesundheitsforschung,1,550,0.1818
GEMEINDE,15090220,Gemeinde Hassel,Zweitstimmen,F24,PIRATEN,2,550,0.3636
GEMEINDE,15090220,Gemeinde Hassel,Zweitstimmen,F25,WiR2020,0,550,0.0
GEMEINDE,15090225,Hansestadt Havelberg,Erststimmen,D01,CDU,978,2994,32.6653
GEMEINDE,15090225,Hansestadt Havelberg,Erststimmen,D02,AfD,598,2994,19.9733
GEMEINDE,15090225,Hansestadt Havelberg,Erststimmen,D03,DIE LINKE,557,2994,18.6039
GEMEINDE,15090225,Hansestadt Havelberg,Erststimmen,D04,SPD,216,2994,7.2144
GEMEINDE,15090225,Hansestadt Havelberg,Erststimmen,D05,GRÜNE,114,2994,3.8076
GEMEINDE,15090225,Hansestadt Havelberg,Erststimmen,D06,FDP,105,2994,3.507
GEMEINDE,15090225,Hansestadt Havelberg,Erststimmen,D07,FREIE WÄHLER,401,2994,13.3935
GEMEINDE,15090225,Hansestadt Havelberg,Erststimmen,D08,NPD,0,2994,0.0
GEMEINDE,15090225,Hansestadt Havelberg,Erststimmen,D09,Tierschutzpartei,0,2994,0.0
GEMEINDE,15090225,Hansestadt Havelberg,Erststimmen,D10,Tierschutzallianz,0,2994,0.0
GEMEINDE,15090225,Hansestadt Havelberg,Erststimmen,D12,Die PARTEI,0,2994,0.0
GEMEINDE,15090225,Hansestadt Havelberg,Erststimmen,D13,Gartenpartei,0,2994,0.0
GEMEINDE,15090225,Hansestadt Havelberg,Erststimmen,D14,FBM,0,2994,0.0
GEMEINDE,15090225,Hansestadt Havelberg,Erststimmen,D16,dieBasis,25,2994,0.835
GEMEINDE,15090225,Hansestadt Havelberg,Erststimmen,D21,ÖDP,0,2994,0.0
GEMEINDE,15090225,Hansestadt Havelberg,Erststimmen,D26,Andere KWV,0,2994,0.0
GEMEINDE,15090225,Hansestadt Havelberg,Erststimmen,D27,Andere KWV,0,2994,0.0
GEMEINDE,15090225,Hansestadt Havelberg,Erststimmen,D28,Andere KWV,0,2994,0.0
GEMEINDE,15090225,Hansestadt Havelberg,Zweitstimmen,F01,CDU,1029,2994,34.3687
GEMEINDE,15090225,Hansestadt Havelberg,Zweitstimmen,F02,AfD,579,2994,19.3387
GEMEINDE,15090225,Hansestadt Havelberg,Zweitstimmen,F03,DIE LINKE,453,2994,15.1303
GEMEINDE,15090225,Hansestadt Havelberg,Zweitstimmen,F04,SPD,227,2994,7.5818
GEMEINDE,15090225,Hansestadt Havelberg,Zweitstimmen,F05,GRÜNE,147,2994,4.9098
GEMEINDE,15090225,Hansestadt Havelberg,Zweitstimmen,F06,FDP,156,2994,5.2104
GEMEINDE,15090225,Hansestadt Havelberg,Zweitstimmen,F07,FREIE WÄHLER,266,2994,8.8844
GEMEINDE,15090225,Hansestadt Havelberg,Zweitstimmen,F08,NPD,4,2994,0.1336
GEMEINDE,15090225,Hansestadt Havelberg,Zweitstimmen,F09,Tierschutzpartei,35,2994,1.169
GEMEINDE,15090225,Hansestadt Havelberg,Zweitstimmen,F10,Tierschutzallianz,5,2994,0.167
GEMEINDE,15090225,Hansestadt Havelberg,Zweitstimmen,F11,LKR,0,2994,0.0
GEMEINDE,15090225,Hansestadt Havelberg,Zweitstimmen,F12,Die PARTEI,12,2994,0.4008
GEMEINDE,15090225,Hansestadt Havelberg,Zweitstimmen,F13,Gartenpartei,9,2994,0.3006
GEMEINDE,15090225,Hansestadt Havelberg,Zweitstimmen,F14,FBM,1,2994,0.0334
GEMEINDE,15090225,Hansestadt Havelberg,Zweitstimmen,F15,TIERSCHUTZ hier!,19,2994,0.6346
GEMEINDE,15090225,Hansestadt Havelberg,Zweitstimmen,F16,dieBasis,25,2994,0.835
GEMEINDE,15090225,Hansestadt Havelberg,Zweitstimmen,F19,Klimaliste ST,0,2994,0.0
GEMEINDE,15090225,Hansestadt Havelberg,Zweitstimmen,F21,ÖDP,5,2994,0.167
GEMEINDE,15090225,Hansestadt Havelberg,Zweitstimmen,F22,Die Humanisten,4,2994,0.1336
GEMEINDE,15090225,Hansestadt Havelberg,Zweitstimmen,F23,Gesundheitsforschung,7,2994,0.2338
GEMEINDE,15090225,Hansestadt Havelberg,Zweitstimmen,F24,PIRATEN,8,2994,0.2672
GEMEINDE,15090225,Hansestadt Havelberg,Zweitstimmen,F25,WiR2020,3,2994,0.1002
GEMEINDE,15090245,Gemeinde Hohenberg-Krusemark,Erststimmen,D01,CDU,137,647,21.1747
GEMEINDE,15090245,Gemeinde Hohenberg-Krusemark,Erststimmen,D02,AfD,182,647,28.1298
GEMEINDE,15090245,Gemeinde Hohenberg-Krusemark,Erststimmen,D03,DIE LINKE,58,647,8.9645
GEMEINDE,15090245,Gemeinde Hohenberg-Krusemark,Erststimmen,D04,SPD,50,647,7.728
GEMEINDE,15090245,Gemeinde Hohenberg-Krusemark,Erststimmen,D05,GRÜNE,21,647,3.2457
GEMEINDE,15090245,Gemeinde Hohenberg-Krusemark,Erststimmen,D06,FDP,26,647,4.0185
GEMEINDE,15090245,Gemeinde Hohenberg-Krusemark,Erststimmen,D07,FREIE WÄHLER,162,647,25.0386
GEMEINDE,15090245,Gemeinde Hohenberg-Krusemark,Erststimmen,D08,NPD,0,647,0.0
GEMEINDE,15090245,Gemeinde Hohenberg-Krusemark,Erststimmen,D09,Tierschutzpartei,0,647,0.0
GEMEINDE,15090245,Gemeinde Hohenberg-Krusemark,Erststimmen,D10,Tierschutzallianz,0,647,0.0
GEMEINDE,15090245,Gemeinde Hohenberg-Krusemark,Erststimmen,D12,Die PARTEI,0,647,0.0
GEMEINDE,15090245,Gemeinde Hohenberg-Krusemark,Erststimmen,D13,Gartenpartei,0,647,0.0
GEMEINDE,15090245,Gemeinde Hohenberg-Krusemark,Erststimmen,D14,FBM,0,647,0.0
GEMEINDE,15090245,Gemeinde Hohenberg-Krusemark,Erststimmen,D16,dieBasis,11,647,1.7002
GEMEINDE,15090245,Gemeinde Hohenberg-Krusemark,Erststimmen,D21,ÖDP,0,647,0.0
GEMEINDE,15090245,Gemeinde Hohenberg-Krusemark,Erststimmen,D26,Andere KWV,0,647,0.0
GEMEINDE,15090245,Gemeinde Hohenberg-Krusemark,Erststimmen,D27,Andere KWV,0,647,0.0
GEMEINDE,15090245,Gemeinde Hohenberg-Krusemark,Erststimmen,D28,Andere KWV,0,647,0.0
GEMEINDE,15090245,Gemeinde Hohenberg-Krusemark,Zweitstimmen,F01,CDU,172,646,26.6254
GEMEINDE,15090245,Gemeinde Hohenberg-Krusemark,Zweitstimmen,F02,AfD,188,646,29.1022
GEMEINDE,15090245,Gemeinde Hohenberg-Krusemark,Zweitstimmen,F03,DIE LINKE,55,646,8.5139
GEMEINDE,15090245,Gemeinde Hohenberg-Krusemark,Zweitstimmen,F04,SPD,51,646,7.8947
GEMEINDE,15090245,Gemeinde Hohenberg-Krusemark,Zweitstimmen,F05,GRÜNE,28,646,4.3344
GEMEINDE,15090245,Gemeinde Hohenberg-Krusemark,Zweitstimmen,F06,FDP,25,646,3.87
GEMEINDE,15090245,Gemeinde Hohenberg-Krusemark,Zweitstimmen,F07,FREIE WÄHLER,86,646,13.3127
GEMEINDE,15090245,Gemeinde Hohenberg-Krusemark,Zweitstimmen,F08,NPD,2,646,0.3096
GEMEINDE,15090245,Gemeinde Hohenberg-Krusemark,Zweitstimmen,F09,Tierschutzpartei,6,646,0.9288
GEMEINDE,15090245,Gemeinde Hohenberg-Krusemark,Zweitstimmen,F10,Tierschutzallianz,1,646,0.1548
GEMEINDE,15090245,Gemeinde Hohenberg-Krusemark,Zweitstimmen,F11,LKR,2,646,0.3096
GEMEINDE,15090245,Gemeinde Hohenberg-Krusemark,Zweitstimmen,F12,Die PARTEI,3,646,0.4644
GEMEINDE,15090245,Gemeinde Hohenberg-Krusemark,Zweitstimmen,F13,Gartenpartei,4,646,0.6192
GEMEINDE,15090245,Gemeinde Hohenberg-Krusemark,Zweitstimmen,F14,FBM,0,646,0.0
GEMEINDE,15090245,Gemeinde Hohenberg-Krusemark,Zweitstimmen,F15,TIERSCHUTZ hier!,5,646,0.774
GEMEINDE,15090245,Gemeinde Hohenberg-Krusemark,Zweitstimmen,F16,dieBasis,14,646,2.1672
GEMEINDE,15090245,Gemeinde Hohenberg-Krusemark,Zweitstimmen,F19,Klimaliste ST,0,646,0.0
GEMEINDE,15090245,Gemeinde Hohenberg-Krusemark,Zweitstimmen,F21,ÖDP,0,646,0.0
GEMEINDE,15090245,Gemeinde Hohenberg-Krusemark,Zweitstimmen,F22,Die Humanisten,0,646,0.0
GEMEINDE,15090245,Gemeinde Hohenberg-Krusemark,Zweitstimmen,F23,Gesundheitsforschung,0,646,0.0
GEMEINDE,15090245,Gemeinde Hohenberg-Krusemark,Zweitstimmen,F24,PIRATEN,4,646,0.6192
GEMEINDE,15090245,Gemeinde Hohenberg-Krusemark,Zweitstimmen,F25,WiR2020,0,646,0.0
GEMEINDE,15090270,Gemeinde Iden,Erststimmen,D01,CDU,87,390,22.3077
GEMEINDE,15090270,Gemeinde Iden,Erststimmen,D02,AfD,93,390,23.8462
GEMEINDE,15090270,Gemeinde Iden,Erststimmen,D03,DIE LINKE,58,390,14.8718
GEMEINDE,15090270,Gemeinde Iden,Erststimmen,D04,SPD,20,390,5.1282
GEMEINDE,15090270,Gemeinde Iden,Erststimmen,D05,GRÜNE,10,390,2.5641
GEMEINDE,15090270,Gemeinde Iden,Erststimmen,D06,FDP,17,390,4.359
GEMEINDE,15090270,Gemeinde Iden,Erststimmen,D07,FREIE WÄHLER,99,390,25.3846
GEMEINDE,15090270,Gemeinde Iden,Erststimmen,D08,NPD,0,390,0.0
GEMEINDE,15090270,Gemeinde Iden,Erststimmen,D09,Tierschutzpartei,0,390,0.0
GEMEINDE,15090270,Gemeinde Iden,Erststimmen,D10,Tierschutzallianz,0,390,0.0
GEMEINDE,15090270,Gemeinde Iden,Erststimmen,D12,Die PARTEI,0,390,0.0
GEMEINDE,15090270,Gemeinde Iden,Erststimmen,D13,Gartenpartei,0,390,0.0
GEMEINDE,15090270,Gemeinde Iden,Erststimmen,D14,FBM,0,390,0.0
GEMEINDE,15090270,Gemeinde Iden,Erststimmen,D16,dieBasis,6,390,1.5385
GEMEINDE,15090270,Gemeinde Iden,Erststimmen,D21,ÖDP,0,390,0.0
GEMEINDE,15090270,Gemeinde Iden,Erststimmen,D26,Andere KWV,0,390,0.0
GEMEINDE,15090270,Gemeinde Iden,Erststimmen,D27,Andere KWV,0,390,0.0
GEMEINDE,15090270,Gemeinde Iden,Erststimmen,D28,Andere KWV,0,390,0.0
GEMEINDE,15090270,Gemeinde Iden,Zweitstimmen,F01,CDU,120,389,30.8483
GEMEINDE,15090270,Gemeinde Iden,Zweitstimmen,F02,AfD,81,389,20.8226
GEMEINDE,15090270,Gemeinde Iden,Zweitstimmen,F03,DIE LINKE,45,389,11.5681
GEMEINDE,15090270,Gemeinde Iden,Zweitstimmen,F04,SPD,25,389,6.4267
GEMEINDE,15090270,Gemeinde Iden,Zweitstimmen,F05,GRÜNE,15,389,3.856
GEMEINDE,15090270,Gemeinde Iden,Zweitstimmen,F06,FDP,21,389,5.3985
GEMEINDE,15090270,Gemeinde Iden,Zweitstimmen,F07,FREIE WÄHLER,53,389,13.6247
GEMEINDE,15090270,Gemeinde Iden,Zweitstimmen,F08,NPD,0,389,0.0
GEMEINDE,15090270,Gemeinde Iden,Zweitstimmen,F09,Tierschutzpartei,3,389,0.7712
GEMEINDE,15090270,Gemeinde Iden,Zweitstimmen,F10,Tierschutzallianz,1,389,0.2571
GEMEINDE,15090270,Gemeinde Iden,Zweitstimmen,F11,LKR,0,389,0.0
GEMEINDE,15090270,Gemeinde Iden,Zweitstimmen,F12,Die PARTEI,4,389,1.0283
GEMEINDE,15090270,Gemeinde Iden,Zweitstimmen,F13,Gartenpartei,5,389,1.2853
GEMEINDE,15090270,Gemeinde Iden,Zweitstimmen,F14,FBM,1,389,0.2571
GEMEINDE,15090270,Gemeinde Iden,Zweitstimmen,F15,TIERSCHUTZ hier!,3,389,0.7712
GEMEINDE,15090270,Gemeinde Iden,Zweitstimmen,F16,dieBasis,8,389,2.0566
GEMEINDE,15090270,Gemeinde Iden,Zweitstimmen,F19,Klimaliste ST,0,389,0.0
GEMEINDE,15090270,Gemeinde Iden,Zweitstimmen,F21,ÖDP,0,389,0.0
GEMEINDE,15090270,Gemeinde Iden,Zweitstimmen,F22,Die Humanisten,0,389,0.0
GEMEINDE,15090270,Gemeinde Iden,Zweitstimmen,F23,Gesundheitsforschung,2,389,0.5141
GEMEINDE,15090270,Gemeinde Iden,Zweitstimmen,F24,PIRATEN,0,389,0.0
GEMEINDE,15090270,Gemeinde Iden,Zweitstimmen,F25,WiR2020,2,389,0.5141
GEMEINDE,15090285,Gemeinde Kamern,Erststimmen,D01,CDU,230,610,37.7049
GEMEINDE,15090285,Gemeinde Kamern,Erststimmen,D02,AfD,104,610,17.0492
GEMEINDE,15090285,Gemeinde Kamern,Erststimmen,D03,DIE LINKE,83,610,13.6066
GEMEINDE,15090285,Gemeinde Kamern,Erststimmen,D04,SPD,42,610,6.8852
GEMEINDE,15090285,Gemeinde Kamern,Erststimmen,D05,GRÜNE,29,610,4.7541
GEMEINDE,15090285,Gemeinde Kamern,Erststimmen,D06,FDP,22,610,3.6066
GEMEINDE,15090285,Gemeinde Kamern,Erststimmen,D07,FREIE WÄHLER,88,610,14.4262
GEMEINDE,15090285,Gemeinde Kamern,Erststimmen,D08,NPD,0,610,0.0
GEMEINDE,15090285,Gemeinde Kamern,Erststimmen,D09,Tierschutzpartei,0,610,0.0
GEMEINDE,15090285,Gemeinde Kamern,Erststimmen,D10,Tierschutzallianz,0,610,0.0
GEMEINDE,15090285,Gemeinde Kamern,Erststimmen,D12,Die PARTEI,0,610,0.0
GEMEINDE,15090285,Gemeinde Kamern,Erststimmen,D13,Gartenpartei,0,610,0.0
GEMEINDE,15090285,Gemeinde Kamern,Erststimmen,D14,FBM,0,610,0.0
GEMEINDE,15090285,Gemeinde Kamern,Erststimmen,D16,dieBasis,12,610,1.9672
GEMEINDE,15090285,Gemeinde Kamern,Erststimmen,D21,ÖDP,0,610,0.0
GEMEINDE,15090285,Gemeinde Kamern,Erststimmen,D26,Andere KWV,0,610,0.0
GEMEINDE,15090285,Gemeinde Kamern,Erststimmen,D27,Andere KWV,0,610,0.0
GEMEINDE,15090285,Gemeinde Kamern,Erststimmen,D28,Andere KWV,0,610,0.0
GEMEINDE,15090285,Gemeinde Kamern,Zweitstimmen,F01,CDU,246,609,40.3941
GEMEINDE,15090285,Gemeinde Kamern,Zweitstimmen,F02,AfD,109,609,17.8982
GEMEINDE,15090285,Gemeinde Kamern,Zweitstimmen,F03,DIE LINKE,77,609,12.6437
GEMEINDE,15090285,Gemeinde Kamern,Zweitstimmen,F04,SPD,45,609,7.3892
GEMEINDE,15090285,Gemeinde Kamern,Zweitstimmen,F05,GRÜNE,26,609,4.2693
GEMEINDE,15090285,Gemeinde Kamern,Zweitstimmen,F06,FDP,22,609,3.6125
GEMEINDE,15090285,Gemeinde Kamern,Zweitstimmen,F07,FREIE WÄHLER,51,609,8.3744
GEMEINDE,15090285,Gemeinde Kamern,Zweitstimmen,F08,NPD,5,609,0.821
GEMEINDE,15090285,Gemeinde Kamern,Zweitstimmen,F09,Tierschutzpartei,2,609,0.3284
GEMEINDE,15090285,Gemeinde Kamern,Zweitstimmen,F10,Tierschutzallianz,0,609,0.0
GEMEINDE,15090285,Gemeinde Kamern,Zweitstimmen,F11,LKR,0,609,0.0
GEMEINDE,15090285,Gemeinde Kamern,Zweitstimmen,F12,Die PARTEI,2,609,0.3284
GEMEINDE,15090285,Gemeinde Kamern,Zweitstimmen,F13,Gartenpartei,2,609,0.3284
GEMEINDE,15090285,Gemeinde Kamern,Zweitstimmen,F14,FBM,0,609,0.0
GEMEINDE,15090285,Gemeinde Kamern,Zweitstimmen,F15,TIERSCHUTZ hier!,6,609,0.9852
GEMEINDE,15090285,Gemeinde Kamern,Zweitstimmen,F16,dieBasis,12,609,1.9704
GEMEINDE,15090285,Gemeinde Kamern,Zweitstimmen,F19,Klimaliste ST,2,609,0.3284
GEMEINDE,15090285,Gemeinde Kamern,Zweitstimmen,F21,ÖDP,0,609,0.0
GEMEINDE,15090285,Gemeinde Kamern,Zweitstimmen,F22,Die Humanisten,0,609,0.0
GEMEINDE,15090285,Gemeinde Kamern,Zweitstimmen,F23,Gesundheitsforschung,1,609,0.1642
GEMEINDE,15090285,Gemeinde Kamern,Zweitstimmen,F24,PIRATEN,1,609,0.1642
GEMEINDE,15090285,Gemeinde Kamern,Zweitstimmen,F25,WiR2020,0,609,0.0
GEMEINDE,15090310,Gemeinde Klietz,Erststimmen,D01,CDU,250,806,31.0174
GEMEINDE,15090310,Gemeinde Klietz,Erststimmen,D02,AfD,180,806,22.3325
GEMEINDE,15090310,Gemeinde Klietz,Erststimmen,D03,DIE LINKE,128,806,15.8809
GEMEINDE,15090310,Gemeinde Klietz,Erststimmen,D04,SPD,67,806,8.3127
GEMEINDE,15090310,Gemeinde Klietz,Erststimmen,D05,GRÜNE,20,806,2.4814
GEMEINDE,15090310,Gemeinde Klietz,Erststimmen,D06,FDP,32,806,3.9702
GEMEINDE,15090310,Gemeinde Klietz,Erststimmen,D07,FREIE WÄHLER,126,806,15.6328
GEMEINDE,15090310,Gemeinde Klietz,Erststimmen,D08,NPD,0,806,0.0
GEMEINDE,15090310,Gemeinde Klietz,Erststimmen,D09,Tierschutzpartei,0,806,0.0
GEMEINDE,15090310,Gemeinde Klietz,Erststimmen,D10,Tierschutzallianz,0,806,0.0
GEMEINDE,15090310,Gemeinde Klietz,Erststimmen,D12,Die PARTEI,0,806,0.0
GEMEINDE,15090310,Gemeinde Klietz,Erststimmen,D13,Gartenpartei,0,806,0.0
GEMEINDE,15090310,Gemeinde Klietz,Erststimmen,D14,FBM,0,806,0.0
GEMEINDE,15090310,Gemeinde Klietz,Erststimmen,D16,dieBasis,3,806,0.3722
GEMEINDE,15090310,Gemeinde Klietz,Erststimmen,D21,ÖDP,0,806,0.0
GEMEINDE,15090310,Gemeinde Klietz,Erststimmen,D26,Andere KWV,0,806,0.0
GEMEINDE,15090310,Gemeinde Klietz,Erststimmen,D27,Andere KWV,0,806,0.0
GEMEINDE,15090310,Gemeinde Klietz,Erststimmen,D28,Andere KWV,0,806,0.0
GEMEINDE,15090310,Gemeinde Klietz,Zweitstimmen,F01,CDU,249,806,30.8933
GEMEINDE,15090310,Gemeinde Klietz,Zweitstimmen,F02,AfD,181,806,22.4566
GEMEINDE,15090310,Gemeinde Klietz,Zweitstimmen,F03,DIE LINKE,111,806,13.7717
GEMEINDE,15090310,Gemeinde Klietz,Zweitstimmen,F04,SPD,76,806,9.4293
GEMEINDE,15090310,Gemeinde Klietz,Zweitstimmen,F05,GRÜNE,25,806,3.1017
GEMEINDE,15090310,Gemeinde Klietz,Zweitstimmen,F06,FDP,47,806,5.8313
GEMEINDE,15090310,Gemeinde Klietz,Zweitstimmen,F07,FREIE WÄHLER,82,806,10.1737
GEMEINDE,15090310,Gemeinde Klietz,Zweitstimmen,F08,NPD,4,806,0.4963
GEMEINDE,15090310,Gemeinde Klietz,Zweitstimmen,F09,Tierschutzpartei,8,806,0.9926
GEMEINDE,15090310,Gemeinde Klietz,Zweitstimmen,F10,Tierschutzallianz,2,806,0.2481
GEMEINDE,15090310,Gemeinde Klietz,Zweitstimmen,F11,LKR,0,806,0.0
GEMEINDE,15090310,Gemeinde Klietz,Zweitstimmen,F12,Die PARTEI,1,806,0.1241
GEMEINDE,15090310,Gemeinde Klietz,Zweitstimmen,F13,Gartenpartei,5,806,0.6203
GEMEINDE,15090310,Gemeinde Klietz,Zweitstimmen,F14,FBM,0,806,0.0
GEMEINDE,15090310,Gemeinde Klietz,Zweitstimmen,F15,TIERSCHUTZ hier!,4,806,0.4963
GEMEINDE,15090310,Gemeinde Klietz,Zweitstimmen,F16,dieBasis,6,806,0.7444
GEMEINDE,15090310,Gemeinde Klietz,Zweitstimmen,F19,Klimaliste ST,0,806,0.0
GEMEINDE,15090310,Gemeinde Klietz,Zweitstimmen,F21,ÖDP,0,806,0.0
GEMEINDE,15090310,Gemeinde Klietz,Zweitstimmen,F22,Die Humanisten,0,806,0.0
GEMEINDE,15090310,Gemeinde Klietz,Zweitstimmen,F23,Gesundheitsforschung,4,806,0.4963
GEMEINDE,15090310,Gemeinde Klietz,Zweitstimmen,F24,PIRATEN,0,806,0.0
GEMEINDE,15090310,Gemeinde Klietz,Zweitstimmen,F25,WiR2020,1,806,0.1241
GEMEINDE,15090415,Hansestadt Osterburg (Altmark),Erststimmen,D01,CDU,841,4985,16.8706
GEMEINDE,15090415,Hansestadt Osterburg (Altmark),Erststimmen,D02,AfD,960,4985,19.2578
GEMEINDE,15090415,Hansestadt Osterburg (Altmark),Erststimmen,D03,DIE LINKE,541,4985,10.8526
GEMEINDE,15090415,Hansestadt Osterburg (Altmark),Erststimmen,D04,SPD,277,4985,5.5567
GEMEINDE,15090415,Hansestadt Osterburg (Altmark),Erststimmen,D05,GRÜNE,149,4985,2.989
GEMEINDE,15090415,Hansestadt Osterburg (Altmark),Erststimmen,D06,FDP,266,4985,5.336
GEMEINDE,15090415,Hansestadt Osterburg (Altmark),Erststimmen,D07,FREIE WÄHLER,1874,4985,37.5928
GEMEINDE,15090415,Hansestadt Osterburg (Altmark),Erststimmen,D08,NPD,0,4985,0.0
GEMEINDE,15090415,Hansestadt Osterburg (Altmark),Erststimmen,D09,Tierschutzpartei,0,4985,0.0
GEMEINDE,15090415,Hansestadt Osterburg (Altmark),Erststimmen,D10,Tierschutzallianz,0,4985,0.0
GEMEINDE,15090415,Hansestadt Osterburg (Altmark),Erststimmen,D12,Die PARTEI,0,4985,0.0
GEMEINDE,15090415,Hansestadt Osterburg (Altmark),Erststimmen,D13,Gartenpartei,0,4985,0.0
GEMEINDE,15090415,Hansestadt Osterburg (Altmark),Erststimmen,D14,FBM,0,4985,0.0
GEMEINDE,15090415,Hansestadt Osterburg (Altmark),Erststimmen,D16,dieBasis,77,4985,1.5446
GEMEINDE,15090415,Hansestadt Osterburg (Altmark),Erststimmen,D21,ÖDP,0,4985,0.0
GEMEINDE,15090415,Hansestadt Osterburg (Altmark),Erststimmen,D26,Andere KWV,0,4985,0.0
GEMEINDE,15090415,Hansestadt Osterburg (Altmark),Erststimmen,D27,Andere KWV,0,4985,0.0
GEMEINDE,15090415,Hansestadt Osterburg (Altmark),Erststimmen,D28,Andere KWV,0,4985,0.0
GEMEINDE,15090415,Hansestadt Osterburg (Altmark),Zweitstimmen,F01,CDU,1435,4987,28.7748
GEMEINDE,15090415,Hansestadt Osterburg (Altmark),Zweitstimmen,F02,AfD,934,4987,18.7287
GEMEINDE,15090415,Hansestadt Osterburg (Altmark),Zweitstimmen,F03,DIE LINKE,561,4987,11.2492
GEMEINDE,15090415,Hansestadt Osterburg (Altmark),Zweitstimmen,F04,SPD,320,4987,6.4167
GEMEINDE,15090415,Hansestadt Osterburg (Altmark),Zweitstimmen,F05,GRÜNE,172,4987,3.449
GEMEINDE,15090415,Hansestadt Osterburg (Altmark),Zweitstimmen,F06,FDP,251,4987,5.0331
GEMEINDE,15090415,Hansestadt Osterburg (Altmark),Zweitstimmen,F07,FREIE WÄHLER,1074,4987,21.536
GEMEINDE,15090415,Hansestadt Osterburg (Altmark),Zweitstimmen,F08,NPD,4,4987,0.0802
GEMEINDE,15090415,Hansestadt Osterburg (Altmark),Zweitstimmen,F09,Tierschutzpartei,38,4987,0.762
GEMEINDE,15090415,Hansestadt Osterburg (Altmark),Zweitstimmen,F10,Tierschutzallianz,3,4987,0.0602
GEMEINDE,15090415,Hansestadt Osterburg (Altmark),Zweitstimmen,F11,LKR,0,4987,0.0
GEMEINDE,15090415,Hansestadt Osterburg (Altmark),Zweitstimmen,F12,Die PARTEI,19,4987,0.381
GEMEINDE,15090415,Hansestadt Osterburg (Altmark),Zweitstimmen,F13,Gartenpartei,35,4987,0.7018
GEMEINDE,15090415,Hansestadt Osterburg (Altmark),Zweitstimmen,F14,FBM,0,4987,0.0
GEMEINDE,15090415,Hansestadt Osterburg (Altmark),Zweitstimmen,F15,TIERSCHUTZ hier!,15,4987,0.3008
GEMEINDE,15090415,Hansestadt Osterburg (Altmark),Zweitstimmen,F16,dieBasis,92,4987,1.8448
GEMEINDE,15090415,Hansestadt Osterburg (Altmark),Zweitstimmen,F19,Klimaliste ST,3,4987,0.0602
GEMEINDE,15090415,Hansestadt Osterburg (Altmark),Zweitstimmen,F21,ÖDP,1,4987,0.0201
GEMEINDE,15090415,Hansestadt Osterburg (Altmark),Zweitstimmen,F22,Die Humanisten,1,4987,0.0201
GEMEINDE,15090415,Hansestadt Osterburg (Altmark),Zweitstimmen,F23,Gesundheitsforschung,13,4987,0.2607
GEMEINDE,15090415,Hansestadt Osterburg (Altmark),Zweitstimmen,F24,PIRATEN,8,4987,0.1604
GEMEINDE,15090415,Hansestadt Osterburg (Altmark),Zweitstimmen,F25,WiR2020,8,4987,0.1604
GEMEINDE,15090435,Gemeinde Rochau,Erststimmen,D01,CDU,171,568,30.1056
GEMEINDE,15090435,Gemeinde Rochau,Erststimmen,D02,AfD,115,568,20.2465
GEMEINDE,15090435,Gemeinde Rochau,Erststimmen,D03,DIE LINKE,61,568,10.7394
GEMEINDE,15090435,Gemeinde Rochau,Erststimmen,D04,SPD,32,568,5.6338
GEMEINDE,15090435,Gemeinde Rochau,Erststimmen,D05,GRÜNE,13,568,2.2887
GEMEINDE,15090435,Gemeinde Rochau,Erststimmen,D06,FDP,39,568,6.8662
GEMEINDE,15090435,Gemeinde Rochau,Erststimmen,D07,FREIE WÄHLER,136,568,23.9437
GEMEINDE,15090435,Gemeinde Rochau,Erststimmen,D08,NPD,0,568,0.0
GEMEINDE,15090435,Gemeinde Rochau,Erststimmen,D09,Tierschutzpartei,0,568,0.0
GEMEINDE,15090435,Gemeinde Rochau,Erststimmen,D10,Tierschutzallianz,0,568,0.0
GEMEINDE,15090435,Gemeinde Rochau,Erststimmen,D12,Die PARTEI,0,568,0.0
GEMEINDE,15090435,Gemeinde Rochau,Erststimmen,D13,Gartenpartei,0,568,0.0
GEMEINDE,15090435,Gemeinde Rochau,Erststimmen,D14,FBM,0,568,0.0
GEMEINDE,15090435,Gemeinde Rochau,Erststimmen,D16,dieBasis,1,568,0.1761
GEMEINDE,15090435,Gemeinde Rochau,Erststimmen,D21,ÖDP,0,568,0.0
GEMEINDE,15090435,Gemeinde Rochau,Erststimmen,D26,Andere KWV,0,568,0.0
GEMEINDE,15090435,Gemeinde Rochau,Erststimmen,D27,Andere KWV,0,568,0.0
GEMEINDE,15090435,Gemeinde Rochau,Erststimmen,D28,Andere KWV,0,568,0.0
GEMEINDE,15090435,Gemeinde Rochau,Zweitstimmen,F01,CDU,206,569,36.2039
GEMEINDE,15090435,Gemeinde Rochau,Zweitstimmen,F02,AfD,116,569,20.3866
GEMEINDE,15090435,Gemeinde Rochau,Zweitstimmen,F03,DIE LINKE,62,569,10.8963
GEMEINDE,15090435,Gemeinde Rochau,Zweitstimmen,F04,SPD,44,569,7.7329
GEMEINDE,15090435,Gemeinde Rochau,Zweitstimmen,F05,GRÜNE,11,569,1.9332
GEMEINDE,15090435,Gemeinde Rochau,Zweitstimmen,F06,FDP,44,569,7.7329
GEMEINDE,15090435,Gemeinde Rochau,Zweitstimmen,F07,FREIE WÄHLER,66,569,11.5993
GEMEINDE,15090435,Gemeinde Rochau,Zweitstimmen,F08,NPD,0,569,0.0
GEMEINDE,15090435,Gemeinde Rochau,Zweitstimmen,F09,Tierschutzpartei,4,569,0.703
GEMEINDE,15090435,Gemeinde Rochau,Zweitstimmen,F10,Tierschutzallianz,0,569,0.0
GEMEINDE,15090435,Gemeinde Rochau,Zweitstimmen,F11,LKR,0,569,0.0
GEMEINDE,15090435,Gemeinde Rochau,Zweitstimmen,F12,Die PARTEI,2,569,0.3515
GEMEINDE,15090435,Gemeinde Rochau,Zweitstimmen,F13,Gartenpartei,4,569,0.703
GEMEINDE,15090435,Gemeinde Rochau,Zweitstimmen,F14,FBM,1,569,0.1757
GEMEINDE,15090435,Gemeinde Rochau,Zweitstimmen,F15,TIERSCHUTZ hier!,1,569,0.1757
GEMEINDE,15090435,Gemeinde Rochau,Zweitstimmen,F16,dieBasis,5,569,0.8787
GEMEINDE,15090435,Gemeinde Rochau,Zweitstimmen,F19,Klimaliste ST,0,569,0.0
GEMEINDE,15090435,Gemeinde Rochau,Zweitstimmen,F21,ÖDP,0,569,0.0
GEMEINDE,15090435,Gemeinde Rochau,Zweitstimmen,F22,Die Humanisten,0,569,0.0
GEMEINDE,15090435,Gemeinde Rochau,Zweitstimmen,F23,Gesundheitsforschung,0,569,0.0
GEMEINDE,15090435,Gemeinde Rochau,Zweitstimmen,F24,PIRATEN,3,569,0.5272
GEMEINDE,15090435,Gemeinde Rochau,Zweitstimmen,F25,WiR2020,0,569,0.0
GEMEINDE,15090445,Stadt Sandau (Elbe),Erststimmen,D01,CDU,224,473,47.3573
GEMEINDE,15090445,Stadt Sandau (Elbe),Erststimmen,D02,AfD,89,473,18.8161
GEMEINDE,15090445,Stadt Sandau (Elbe),Erststimmen,D03,DIE LINKE,56,473,11.8393
GEMEINDE,15090445,Stadt Sandau (Elbe),Erststimmen,D04,SPD,15,473,3.1712
GEMEINDE,15090445,Stadt Sandau (Elbe),Erststimmen,D05,GRÜNE,9,473,1.9027
GEMEINDE,15090445,Stadt Sandau (Elbe),Erststimmen,D06,FDP,7,473,1.4799
GEMEINDE,15090445,Stadt Sandau (Elbe),Erststimmen,D07,FREIE WÄHLER,67,473,14.1649
GEMEINDE,15090445,Stadt Sandau (Elbe),Erststimmen,D08,NPD,0,473,0.0
GEMEINDE,15090445,Stadt Sandau (Elbe),Erststimmen,D09,Tierschutzpartei,0,473,0.0
GEMEINDE,15090445,Stadt Sandau (Elbe),Erststimmen,D10,Tierschutzallianz,0,473,0.0
GEMEINDE,15090445,Stadt Sandau (Elbe),Erststimmen,D12,Die PARTEI,0,473,0.0
GEMEINDE,15090445,Stadt Sandau (Elbe),Erststimmen,D13,Gartenpartei,0,473,0.0
GEMEINDE,15090445,Stadt Sandau (Elbe),Erststimmen,D14,FBM,0,473,0.0
GEMEINDE,15090445,Stadt Sandau (Elbe),Erststimmen,D16,dieBasis,6,473,1.2685
GEMEINDE,15090445,Stadt Sandau (Elbe),Erststimmen,D21,ÖDP,0,473,0.0
GEMEINDE,15090445,Stadt Sandau (Elbe),Erststimmen,D26,Andere KWV,0,473,0.0
GEMEINDE,15090445,Stadt Sandau (Elbe),Erststimmen,D27,Andere KWV,0,473,0.0
GEMEINDE,15090445,Stadt Sandau (Elbe),Erststimmen,D28,Andere KWV,0,473,0.0
GEMEINDE,15090445,Stadt Sandau (Elbe),Zweitstimmen,F01,CDU,199,471,42.2505
GEMEINDE,15090445,Stadt Sandau (Elbe),Zweitstimmen,F02,AfD,109,471,23.1423
GEMEINDE,15090445,Stadt Sandau (Elbe),Zweitstimmen,F03,DIE LINKE,45,471,9.5541
GEMEINDE,15090445,Stadt Sandau (Elbe),Zweitstimmen,F04,SPD,25,471,5.3079
GEMEINDE,15090445,Stadt Sandau (Elbe),Zweitstimmen,F05,GRÜNE,10,471,2.1231
GEMEINDE,15090445,Stadt Sandau (Elbe),Zweitstimmen,F06,FDP,11,471,2.3355
GEMEINDE,15090445,Stadt Sandau (Elbe),Zweitstimmen,F07,FREIE WÄHLER,47,471,9.9788
GEMEINDE,15090445,Stadt Sandau (Elbe),Zweitstimmen,F08,NPD,0,471,0.0
GEMEINDE,15090445,Stadt Sandau (Elbe),Zweitstimmen,F09,Tierschutzpartei,2,471,0.4246
GEMEINDE,15090445,Stadt Sandau (Elbe),Zweitstimmen,F10,Tierschutzallianz,2,471,0.4246
GEMEINDE,15090445,Stadt Sandau (Elbe),Zweitstimmen,F11,LKR,0,471,0.0
GEMEINDE,15090445,Stadt Sandau (Elbe),Zweitstimmen,F12,Die PARTEI,2,471,0.4246
GEMEINDE,15090445,Stadt Sandau (Elbe),Zweitstimmen,F13,Gartenpartei,1,471,0.2123
GEMEINDE,15090445,Stadt Sandau (Elbe),Zweitstimmen,F14,FBM,2,471,0.4246
GEMEINDE,15090445,Stadt Sandau (Elbe),Zweitstimmen,F15,TIERSCHUTZ hier!,1,471,0.2123
GEMEINDE,15090445,Stadt Sandau (Elbe),Zweitstimmen,F16,dieBasis,7,471,1.4862
GEMEINDE,15090445,Stadt Sandau (Elbe),Zweitstimmen,F19,Klimaliste ST,0,471,0.0
GEMEINDE,15090445,Stadt Sandau (Elbe),Zweitstimmen,F21,ÖDP,1,471,0.2123
GEMEINDE,15090445,Stadt Sandau (Elbe),Zweitstimmen,F22,Die Humanisten,0,471,0.0
GEMEINDE,15090445,Stadt Sandau (Elbe),Zweitstimmen,F23,Gesundheitsforschung,3,471,0.6369
GEMEINDE,15090445,Stadt Sandau (Elbe),Zweitstimmen,F24,PIRATEN,4,471,0.8493
GEMEINDE,15090445,Stadt Sandau (Elbe),Zweitstimmen,F25,WiR2020,0,471,0.0
GEMEINDE,15090485,Gemeinde Schollene,Erststimmen,D01,CDU,172,543,31.6759
GEMEINDE,15090485,Gemeinde Schollene,Erststimmen,D02,AfD,102,543,18.7845
GEMEINDE,15090485,Gemeinde Schollene,Erststimmen,D03,DIE LINKE,57,543,10.4972
GEMEINDE,15090485,Gemeinde Schollene,Erststimmen,D04,SPD,60,543,11.0497
GEMEINDE,15090485,Gemeinde Schollene,Erststimmen,D05,GRÜNE,29,543,5.3407
GEMEINDE,15090485,Gemeinde Schollene,Erststimmen,D06,FDP,23,543,4.2357
GEMEINDE,15090485,Gemeinde Schollene,Erststimmen,D07,FREIE WÄHLER,92,543,16.9429
GEMEINDE,15090485,Gemeinde Schollene,Erststimmen,D08,NPD,0,543,0.0
GEMEINDE,15090485,Gemeinde Schollene,Erststimmen,D09,Tierschutzpartei,0,543,0.0
GEMEINDE,15090485,Gemeinde Schollene,Erststimmen,D10,Tierschutzallianz,0,543,0.0
GEMEINDE,15090485,Gemeinde Schollene,Erststimmen,D12,Die PARTEI,0,543,0.0
GEMEINDE,15090485,Gemeinde Schollene,Erststimmen,D13,Gartenpartei,0,543,0.0
GEMEINDE,15090485,Gemeinde Schollene,Erststimmen,D14,FBM,0,543,0.0
GEMEINDE,15090485,Gemeinde Schollene,Erststimmen,D16,dieBasis,8,543,1.4733
GEMEINDE,15090485,Gemeinde Schollene,Erststimmen,D21,ÖDP,0,543,0.0
GEMEINDE,15090485,Gemeinde Schollene,Erststimmen,D26,Andere KWV,0,543,0.0
GEMEINDE,15090485,Gemeinde Schollene,Erststimmen,D27,Andere KWV,0,543,0.0
GEMEINDE,15090485,Gemeinde Schollene,Erststimmen,D28,Andere KWV,0,543,0.0
GEMEINDE,15090485,Gemeinde Schollene,Zweitstimmen,F01,CDU,183,544,33.6397
GEMEINDE,15090485,Gemeinde Schollene,Zweitstimmen,F02,AfD,112,544,20.5882
GEMEINDE,15090485,Gemeinde Schollene,Zweitstimmen,F03,DIE LINKE,56,544,10.2941
GEMEINDE,15090485,Gemeinde Schollene,Zweitstimmen,F04,SPD,56,544,10.2941
GEMEINDE,15090485,Gemeinde Schollene,Zweitstimmen,F05,GRÜNE,32,544,5.8824
GEMEINDE,15090485,Gemeinde Schollene,Zweitstimmen,F06,FDP,30,544,5.5147
GEMEINDE,15090485,Gemeinde Schollene,Zweitstimmen,F07,FREIE WÄHLER,48,544,8.8235
GEMEINDE,15090485,Gemeinde Schollene,Zweitstimmen,F08,NPD,0,544,0.0
GEMEINDE,15090485,Gemeinde Schollene,Zweitstimmen,F09,Tierschutzpartei,5,544,0.9191
GEMEINDE,15090485,Gemeinde Schollene,Zweitstimmen,F10,Tierschutzallianz,3,544,0.5515
GEMEINDE,15090485,Gemeinde Schollene,Zweitstimmen,F11,LKR,0,544,0.0
GEMEINDE,15090485,Gemeinde Schollene,Zweitstimmen,F12,Die PARTEI,3,544,0.5515
GEMEINDE,15090485,Gemeinde Schollene,Zweitstimmen,F13,Gartenpartei,2,544,0.3676
GEMEINDE,15090485,Gemeinde Schollene,Zweitstimmen,F14,FBM,0,544,0.0
GEMEINDE,15090485,Gemeinde Schollene,Zweitstimmen,F15,TIERSCHUTZ hier!,2,544,0.3676
GEMEINDE,15090485,Gemeinde Schollene,Zweitstimmen,F16,dieBasis,9,544,1.6544
GEMEINDE,15090485,Gemeinde Schollene,Zweitstimmen,F19,Klimaliste ST,0,544,0.0
GEMEINDE,15090485,Gemeinde Schollene,Zweitstimmen,F21,ÖDP,0,544,0.0
GEMEINDE,15090485,Gemeinde Schollene,Zweitstimmen,F22,Die Humanisten,0,544,0.0
GEMEINDE,15090485,Gemeinde Schollene,Zweitstimmen,F23,Gesundheitsforschung,2,544,0.3676
GEMEINDE,15090485,Gemeinde Schollene,Zweitstimmen,F24,PIRATEN,0,544,0.0
GEMEINDE,15090485,Gemeinde Schollene,Zweitstimmen,F25,WiR2020,1,544,0.1838
GEMEINDE,15090500,Gemeinde Schönhausen (Elbe),Erststimmen,D01,CDU,455,1204,37.7907
GEMEINDE,15090500,Gemeinde Schönhausen (Elbe),Erststimmen,D02,AfD,340,1204,28.2392
GEMEINDE,15090500,Gemeinde Schönhausen (Elbe),Erststimmen,D03,DIE LINKE,107,1204,8.887
GEMEINDE,15090500,Gemeinde Schönhausen (Elbe),Erststimmen,D04,SPD,80,1204,6.6445
GEMEINDE,15090500,Gemeinde Schönhausen (Elbe),Erststimmen,D05,GRÜNE,24,1204,1.9934
GEMEINDE,15090500,Gemeinde Schönhausen (Elbe),Erststimmen,D06,FDP,30,1204,2.4917
GEMEINDE,15090500,Gemeinde Schönhausen (Elbe),Erststimmen,D07,FREIE WÄHLER,164,1204,13.6213
GEMEINDE,15090500,Gemeinde Schönhausen (Elbe),Erststimmen,D08,NPD,0,1204,0.0
GEMEINDE,15090500,Gemeinde Schönhausen (Elbe),Erststimmen,D09,Tierschutzpartei,0,1204,0.0
GEMEINDE,15090500,Gemeinde Schönhausen (Elbe),Erststimmen,D10,Tierschutzallianz,0,1204,0.0
GEMEINDE,15090500,Gemeinde Schönhausen (Elbe),Erststimmen,D12,Die PARTEI,0,1204,0.0
GEMEINDE,15090500,Gemeinde Schönhausen (Elbe),Erststimmen,D13,Gartenpartei,0,1204,0.0
GEMEINDE,15090500,Gemeinde Schönhausen (Elbe),Erststimmen,D14,FBM,0,1204,0.0
GEMEINDE,15090500,Gemeinde Schönhausen (Elbe),Erststimmen,D16,dieBasis,4,1204,0.3322
GEMEINDE,15090500,Gemeinde Schönhausen (Elbe),Erststimmen,D21,ÖDP,0,1204,0.0
GEMEINDE,15090500,Gemeinde Schönhausen (Elbe),Erststimmen,D26,Andere KWV,0,1204,0.0
GEMEINDE,15090500,Gemeinde Schönhausen (Elbe),Erststimmen,D27,Andere KWV,0,1204,0.0
GEMEINDE,15090500,Gemeinde Schönhausen (Elbe),Erststimmen,D28,Andere KWV,0,1204,0.0
GEMEINDE,15090500,Gemeinde Schönhausen (Elbe),Zweitstimmen,F01,CDU,468,1205,38.8382
GEMEINDE,15090500,Gemeinde Schönhausen (Elbe),Zweitstimmen,F02,AfD,338,1205,28.0498
GEMEINDE,15090500,Gemeinde Schönhausen (Elbe),Zweitstimmen,F03,DIE LINKE,102,1205,8.4647
GEMEINDE,15090500,Gemeinde Schönhausen (Elbe),Zweitstimmen,F04,SPD,78,1205,6.473
GEMEINDE,15090500,Gemeinde Schönhausen (Elbe),Zweitstimmen,F05,GRÜNE,34,1205,2.8216
GEMEINDE,15090500,Gemeinde Schönhausen (Elbe),Zweitstimmen,F06,FDP,42,1205,3.4855
GEMEINDE,15090500,Gemeinde Schönhausen (Elbe),Zweitstimmen,F07,FREIE WÄHLER,101,1205,8.3817
GEMEINDE,15090500,Gemeinde Schönhausen (Elbe),Zweitstimmen,F08,NPD,1,1205,0.083
GEMEINDE,15090500,Gemeinde Schönhausen (Elbe),Zweitstimmen,F09,Tierschutzpartei,7,1205,0.5809
GEMEINDE,15090500,Gemeinde Schönhausen (Elbe),Zweitstimmen,F10,Tierschutzallianz,2,1205,0.166
GEMEINDE,15090500,Gemeinde Schönhausen (Elbe),Zweitstimmen,F11,LKR,0,1205,0.0
GEMEINDE,15090500,Gemeinde Schönhausen (Elbe),Zweitstimmen,F12,Die PARTEI,4,1205,0.332
GEMEINDE,15090500,Gemeinde Schönhausen (Elbe),Zweitstimmen,F13,Gartenpartei,9,1205,0.7469
GEMEINDE,15090500,Gemeinde Schönhausen (Elbe),Zweitstimmen,F14,FBM,2,1205,0.166
GEMEINDE,15090500,Gemeinde Schönhausen (Elbe),Zweitstimmen,F15,TIERSCHUTZ hier!,3,1205,0.249
GEMEINDE,15090500,Gemeinde Schönhausen (Elbe),Zweitstimmen,F16,dieBasis,2,1205,0.166
GEMEINDE,15090500,Gemeinde Schönhausen (Elbe),Zweitstimmen,F19,Klimaliste ST,0,1205,0.0
GEMEINDE,15090500,Gemeinde Schönhausen (Elbe),Zweitstimmen,F21,ÖDP,0,1205,0.0
GEMEINDE,15090500,Gemeinde Schönhausen (Elbe),Zweitstimmen,F22,Die Humanisten,0,1205,0.0
GEMEINDE,15090500,Gemeinde Schönhausen (Elbe),Zweitstimmen,F23,Gesundheitsforschung,6,1205,0.4979
GEMEINDE,15090500,Gemeinde Schönhausen (Elbe),Zweitstimmen,F24,PIRATEN,5,1205,0.4149
GEMEINDE,15090500,Gemeinde Schönhausen (Elbe),Zweitstimmen,F25,WiR2020,1,1205,0.083
GEMEINDE,15090520,Hansestadt Seehausen (Altmark),Erststimmen,D01,CDU,516,2309,22.3473
GEMEINDE,15090520,Hansestadt Seehausen (Altmark),Erststimmen,D02,AfD,507,2309,21.9576
GEMEINDE,15090520,Hansestadt Seehausen (Altmark),Erststimmen,D03,DIE LINKE,233,2309,10.0909
GEMEINDE,15090520,Hansestadt Seehausen (Altmark),Erststimmen,D04,SPD,158,2309,6.8428
GEMEINDE,15090520,Hansestadt Seehausen (Altmark),Erststimmen,D05,GRÜNE,80,2309,3.4647
GEMEINDE,15090520,Hansestadt Seehausen (Altmark),Erststimmen,D06,FDP,98,2309,4.2443
GEMEINDE,15090520,Hansestadt Seehausen (Altmark),Erststimmen,D07,FREIE WÄHLER,709,2309,30.7059
GEMEINDE,15090520,Hansestadt Seehausen (Altmark),Erststimmen,D08,NPD,0,2309,0.0
GEMEINDE,15090520,Hansestadt Seehausen (Altmark),Erststimmen,D09,Tierschutzpartei,0,2309,0.0
GEMEINDE,15090520,Hansestadt Seehausen (Altmark),Erststimmen,D10,Tierschutzallianz,0,2309,0.0
GEMEINDE,15090520,Hansestadt Seehausen (Altmark),Erststimmen,D12,Die PARTEI,0,2309,0.0
GEMEINDE,15090520,Hansestadt Seehausen (Altmark),Erststimmen,D13,Gartenpartei,0,2309,0.0
GEMEINDE,15090520,Hansestadt Seehausen (Altmark),Erststimmen,D14,FBM,0,2309,0.0
GEMEINDE,15090520,Hansestadt Seehausen (Altmark),Erststimmen,D16,dieBasis,8,2309,0.3465
GEMEINDE,15090520,Hansestadt Seehausen (Altmark),Erststimmen,D21,ÖDP,0,2309,0.0
GEMEINDE,15090520,Hansestadt Seehausen (Altmark),Erststimmen,D26,Andere KWV,0,2309,0.0
GEMEINDE,15090520,Hansestadt Seehausen (Altmark),Erststimmen,D27,Andere KWV,0,2309,0.0
GEMEINDE,15090520,Hansestadt Seehausen (Altmark),Erststimmen,D28,Andere KWV,0,2309,0.0
GEMEINDE,15090520,Hansestadt Seehausen (Altmark),Zweitstimmen,F01,CDU,714,2306,30.9627
GEMEINDE,15090520,Hansestadt Seehausen (Altmark),Zweitstimmen,F02,AfD,503,2306,21.8127
GEMEINDE,15090520,Hansestadt Seehausen (Altmark),Zweitstimmen,F03,DIE LINKE,213,2306,9.2368
GEMEINDE,15090520,Hansestadt Seehausen (Altmark),Zweitstimmen,F04,SPD,166,2306,7.1986
GEMEINDE,15090520,Hansestadt Seehausen (Altmark),Zweitstimmen,F05,GRÜNE,108,2306,4.6834
GEMEINDE,15090520,Hansestadt Seehausen (Altmark),Zweitstimmen,F06,FDP,114,2306,4.9436
GEMEINDE,15090520,Hansestadt Seehausen (Altmark),Zweitstimmen,F07,FREIE WÄHLER,423,2306,18.3435
GEMEINDE,15090520,Hansestadt Seehausen (Altmark),Zweitstimmen,F08,NPD,1,2306,0.0434
GEMEINDE,15090520,Hansestadt Seehausen (Altmark),Zweitstimmen,F09,Tierschutzpartei,16,2306,0.6938
GEMEINDE,15090520,Hansestadt Seehausen (Altmark),Zweitstimmen,F10,Tierschutzallianz,2,2306,0.0867
GEMEINDE,15090520,Hansestadt Seehausen (Altmark),Zweitstimmen,F11,LKR,0,2306,0.0
GEMEINDE,15090520,Hansestadt Seehausen (Altmark),Zweitstimmen,F12,Die PARTEI,14,2306,0.6071
GEMEINDE,15090520,Hansestadt Seehausen (Altmark),Zweitstimmen,F13,Gartenpartei,8,2306,0.3469
GEMEINDE,15090520,Hansestadt Seehausen (Altmark),Zweitstimmen,F14,FBM,2,2306,0.0867
GEMEINDE,15090520,Hansestadt Seehausen (Altmark),Zweitstimmen,F15,TIERSCHUTZ hier!,3,2306,0.1301
GEMEINDE,15090520,Hansestadt Seehausen (Altmark),Zweitstimmen,F16,dieBasis,7,2306,0.3036
GEMEINDE,15090520,Hansestadt Seehausen (Altmark),Zweitstimmen,F19,Klimaliste ST,0,2306,0.0
GEMEINDE,15090520,Hansestadt Seehausen (Altmark),Zweitstimmen,F21,ÖDP,0,2306,0.0
GEMEINDE,15090520,Hansestadt Seehausen (Altmark),Zweitstimmen,F22,Die Humanisten,2,2306,0.0867
GEMEINDE,15090520,Hansestadt Seehausen (Altmark),Zweitstimmen,F23,Gesundheitsforschung,5,2306,0.2168
GEMEINDE,15090520,Hansestadt Seehausen (Altmark),Zweitstimmen,F24,PIRATEN,4,2306,0.1735
GEMEINDE,15090520,Hansestadt Seehausen (Altmark),Zweitstimmen,F25,WiR2020,1,2306,0.0434
GEMEINDE,15090535,Hansestadt Stendal,Erststimmen,D01,CDU,5150,17350,29.683
GEMEINDE,15090535,Hansestadt Stendal,Erststimmen,D02,AfD,3909,17350,22.5303
GEMEINDE,15090535,Hansestadt Stendal,Erststimmen,D03,DIE LINKE,1962,17350,11.3084
GEMEINDE,15090535,Hansestadt Stendal,Erststimmen,D04,SPD,2071,17350,11.9366
GEMEINDE,15090535,Hansestadt Stendal,Erststimmen,D05,GRÜNE,864,17350,4.9798
GEMEINDE,15090535,Hansestadt Stendal,Erststimmen,D06,FDP,1069,17350,6.1614
GEMEINDE,15090535,Hansestadt Stendal,Erststimmen,D07,FREIE WÄHLER,2068,17350,11.9193
GEMEINDE,15090535,Hansestadt Stendal,Erststimmen,D08,NPD,0,17350,0.0
GEMEINDE,15090535,Hansestadt Stendal,Erststimmen,D09,Tierschutzpartei,0,17350,0.0
GEMEINDE,15090535,Hansestadt Stendal,Erststimmen,D10,Tierschutzallianz,0,17350,0.0
GEMEINDE,15090535,Hansestadt Stendal,Erststimmen,D12,Die PARTEI,0,17350,0.0
GEMEINDE,15090535,Hansestadt Stendal,Erststimmen,D13,Gartenpartei,0,17350,0.0
GEMEINDE,15090535,Hansestadt Stendal,Erststimmen,D14,FBM,0,17350,0.0
GEMEINDE,15090535,Hansestadt Stendal,Erststimmen,D16,dieBasis,257,17350,1.4813
GEMEINDE,15090535,Hansestadt Stendal,Erststimmen,D21,ÖDP,0,17350,0.0
GEMEINDE,15090535,Hansestadt Stendal,Erststimmen,D26,Andere KWV,0,17350,0.0
GEMEINDE,15090535,Hansestadt Stendal,Erststimmen,D27,Andere KWV,0,17350,0.0
GEMEINDE,15090535,Hansestadt Stendal,Erststimmen,D28,Andere KWV,0,17350,0.0
GEMEINDE,15090535,Hansestadt Stendal,Zweitstimmen,F01,CDU,5859,17364,33.7422
GEMEINDE,15090535,Hansestadt Stendal,Zweitstimmen,F02,AfD,3822,17364,22.0111
GEMEINDE,15090535,Hansestadt Stendal,Zweitstimmen,F03,DIE LINKE,1825,17364,10.5103
GEMEINDE,15090535,Hansestadt Stendal,Zweitstimmen,F04,SPD,1535,17364,8.8401
GEMEINDE,15090535,Hansestadt Stendal,Zweitstimmen,F05,GRÜNE,945,17364,5.4423
GEMEINDE,15090535,Hansestadt Stendal,Zweitstimmen,F06,FDP,903,17364,5.2004
GEMEINDE,15090535,Hansestadt Stendal,Zweitstimmen,F07,FREIE WÄHLER,1362,17364,7.8438
GEMEINDE,15090535,Hansestadt Stendal,Zweitstimmen,F08,NPD,27,17364,0.1555
GEMEINDE,15090535,Hansestadt Stendal,Zweitstimmen,F09,Tierschutzpartei,246,17364,1.4167
GEMEINDE,15090535,Hansestadt Stendal,Zweitstimmen,F10,Tierschutzallianz,47,17364,0.2707
GEMEINDE,15090535,Hansestadt Stendal,Zweitstimmen,F11,LKR,9,17364,0.0518
GEMEINDE,15090535,Hansestadt Stendal,Zweitstimmen,F12,Die PARTEI,101,17364,0.5817
GEMEINDE,15090535,Hansestadt Stendal,Zweitstimmen,F13,Gartenpartei,113,17364,0.6508
GEMEINDE,15090535,Hansestadt Stendal,Zweitstimmen,F14,FBM,12,17364,0.0691
GEMEINDE,15090535,Hansestadt Stendal,Zweitstimmen,F15,TIERSCHUTZ hier!,90,17364,0.5183
GEMEINDE,15090535,Hansestadt Stendal,Zweitstimmen,F16,dieBasis,262,17364,1.5089
GEMEINDE,15090535,Hansestadt Stendal,Zweitstimmen,F19,Klimaliste ST,13,17364,0.0749
GEMEINDE,15090535,Hansestadt Stendal,Zweitstimmen,F21,ÖDP,12,17364,0.0691
GEMEINDE,15090535,Hansestadt Stendal,Zweitstimmen,F22,Die Humanisten,21,17364,0.1209
GEMEINDE,15090535,Hansestadt Stendal,Zweitstimmen,F23,Gesundheitsforschung,50,17364,0.288
GEMEINDE,15090535,Hansestadt Stendal,Zweitstimmen,F24,PIRATEN,83,17364,0.478
GEMEINDE,15090535,Hansestadt Stendal,Zweitstimmen,F25,WiR2020,27,17364,0.1555
GEMEINDE,15090546,Stadt Tangerhütte,Erststimmen,D01,CDU,1653,5641,29.3033
GEMEINDE,15090546,Stadt Tangerhütte,Erststimmen,D02,AfD,1564,5641,27.7256
GEMEINDE,15090546,Stadt Tangerhütte,Erststimmen,D03,DIE LINKE,582,5641,10.3173
GEMEINDE,15090546,Stadt Tangerhütte,Erststimmen,D04,SPD,350,5641,6.2046
GEMEINDE,15090546,Stadt Tangerhütte,Erststimmen,D05,GRÜNE,116,5641,2.0564
GEMEINDE,15090546,Stadt Tangerhütte,Erststimmen,D06,FDP,256,5641,4.5382
GEMEINDE,15090546,Stadt Tangerhütte,Erststimmen,D07,FREIE WÄHLER,1037,5641,18.3833
GEMEINDE,15090546,Stadt Tangerhütte,Erststimmen,D08,NPD,0,5641,0.0
GEMEINDE,15090546,Stadt Tangerhütte,Erststimmen,D09,Tierschutzpartei,0,5641,0.0
GEMEINDE,15090546,Stadt Tangerhütte,Erststimmen,D10,Tierschutzallianz,0,5641,0.0
GEMEINDE,15090546,Stadt Tangerhütte,Erststimmen,D12,Die PARTEI,0,5641,0.0
GEMEINDE,15090546,Stadt Tangerhütte,Erststimmen,D13,Gartenpartei,0,5641,0.0
GEMEINDE,15090546,Stadt Tangerhütte,Erststimmen,D14,FBM,0,5641,0.0
GEMEINDE,15090546,Stadt Tangerhütte,Erststimmen,D16,dieBasis,56,5641,0.9927
GEMEINDE,15090546,Stadt Tangerhütte,Erststimmen,D21,ÖDP,0,5641,0.0
GEMEINDE,15090546,Stadt Tangerhütte,Erststimmen,D26,Andere KWV,27,5641,0.4786
GEMEINDE,15090546,Stadt Tangerhütte,Erststimmen,D27,Andere KWV,0,5641,0.0
GEMEINDE,15090546,Stadt Tangerhütte,Erststimmen,D28,Andere KWV,0,5641,0.0
GEMEINDE,15090546,Stadt Tangerhütte,Zweitstimmen,F01,CDU,2177,5645,38.5651
GEMEINDE,15090546,Stadt Tangerhütte,Zweitstimmen,F02,AfD,1435,5645,25.4207
GEMEINDE,15090546,Stadt Tangerhütte,Zweitstimmen,F03,DIE LINKE,513,5645,9.0877
GEMEINDE,15090546,Stadt Tangerhütte,Zweitstimmen,F04,SPD,366,5645,6.4836
GEMEINDE,15090546,Stadt Tangerhütte,Zweitstimmen,F05,GRÜNE,149,5645,2.6395
GEMEINDE,15090546,Stadt Tangerhütte,Zweitstimmen,F06,FDP,296,5645,5.2436
GEMEINDE,15090546,Stadt Tangerhütte,Zweitstimmen,F07,FREIE WÄHLER,369,5645,6.5368
GEMEINDE,15090546,Stadt Tangerhütte,Zweitstimmen,F08,NPD,19,5645,0.3366
GEMEINDE,15090546,Stadt Tangerhütte,Zweitstimmen,F09,Tierschutzpartei,69,5645,1.2223
GEMEINDE,15090546,Stadt Tangerhütte,Zweitstimmen,F10,Tierschutzallianz,23,5645,0.4074
GEMEINDE,15090546,Stadt Tangerhütte,Zweitstimmen,F11,LKR,0,5645,0.0
GEMEINDE,15090546,Stadt Tangerhütte,Zweitstimmen,F12,Die PARTEI,26,5645,0.4606
GEMEINDE,15090546,Stadt Tangerhütte,Zweitstimmen,F13,Gartenpartei,36,5645,0.6377
GEMEINDE,15090546,Stadt Tangerhütte,Zweitstimmen,F14,FBM,7,5645,0.124
GEMEINDE,15090546,Stadt Tangerhütte,Zweitstimmen,F15,TIERSCHUTZ hier!,38,5645,0.6732
GEMEINDE,15090546,Stadt Tangerhütte,Zweitstimmen,F16,dieBasis,58,5645,1.0275
GEMEINDE,15090546,Stadt Tangerhütte,Zweitstimmen,F19,Klimaliste ST,5,5645,0.0886
GEMEINDE,15090546,Stadt Tangerhütte,Zweitstimmen,F21,ÖDP,5,5645,0.0886
GEMEINDE,15090546,Stadt Tangerhütte,Zweitstimmen,F22,Die Humanisten,2,5645,0.0354
GEMEINDE,15090546,Stadt Tangerhütte,Zweitstimmen,F23,Gesundheitsforschung,18,5645,0.3189
GEMEINDE,15090546,Stadt Tangerhütte,Zweitstimmen,F24,PIRATEN,21,5645,0.372
GEMEINDE,15090546,Stadt Tangerhütte,Zweitstimmen,F25,WiR2020,13,5645,0.2303
GEMEINDE,15090550,Stadt Tangermünde,Erststimmen,D01,CDU,1686,5162,32.6618
GEMEINDE,15090550,Stadt Tangermünde,Erststimmen,D02,AfD,1555,5162,30.124
GEMEINDE,15090550,Stadt Tangermünde,Erststimmen,D03,DIE LINKE,487,5162,9.4343
GEMEINDE,15090550,Stadt Tangermünde,Erststimmen,D04,SPD,421,5162,8.1558
GEMEINDE,15090550,Stadt Tangermünde,Erststimmen,D05,GRÜNE,173,5162,3.3514
GEMEINDE,15090550,Stadt Tangermünde,Erststimmen,D06,FDP,250,5162,4.8431
GEMEINDE,15090550,Stadt Tangermünde,Erststimmen,D07,FREIE WÄHLER,493,5162,9.5506
GEMEINDE,15090550,Stadt Tangermünde,Erststimmen,D08,NPD,0,5162,0.0
GEMEINDE,15090550,Stadt Tangermünde,Erststimmen,D09,Tierschutzpartei,0,5162,0.0
GEMEINDE,15090550,Stadt Tangermünde,Erststimmen,D10,Tierschutzallianz,0,5162,0.0
GEMEINDE,15090550,Stadt Tangermünde,Erststimmen,D12,Die PARTEI,0,5162,0.0
GEMEINDE,15090550,Stadt Tangermünde,Erststimmen,D13,Gartenpartei,0,5162,0.0
GEMEINDE,15090550,Stadt Tangermünde,Erststimmen,D14,FBM,0,5162,0.0
GEMEINDE,15090550,Stadt Tangermünde,Erststimmen,D16,dieBasis,78,5162,1.511
GEMEINDE,15090550,Stadt Tangermünde,Erststimmen,D21,ÖDP,0,5162,0.0
GEMEINDE,15090550,Stadt Tangermünde,Erststimmen,D26,Andere KWV,19,5162,0.3681
GEMEINDE,15090550,Stadt Tangermünde,Erststimmen,D27,Andere KWV,0,5162,0.0
GEMEINDE,15090550,Stadt Tangermünde,Erststimmen,D28,Andere KWV,0,5162,0.0
GEMEINDE,15090550,Stadt Tangermünde,Zweitstimmen,F01,CDU,1908,5159,36.9839
GEMEINDE,15090550,Stadt Tangermünde,Zweitstimmen,F02,AfD,1381,5159,26.7688
GEMEINDE,15090550,Stadt Tangermünde,Zweitstimmen,F03,DIE LINKE,441,5159,8.5482
GEMEINDE,15090550,Stadt Tangermünde,Zweitstimmen,F04,SPD,365,5159,7.075
GEMEINDE,15090550,Stadt Tangermünde,Zweitstimmen,F05,GRÜNE,222,5159,4.3032
GEMEINDE,15090550,Stadt Tangermünde,Zweitstimmen,F06,FDP,254,5159,4.9234
GEMEINDE,15090550,Stadt Tangermünde,Zweitstimmen,F07,FREIE WÄHLER,301,5159,5.8345
GEMEINDE,15090550,Stadt Tangermünde,Zweitstimmen,F08,NPD,4,5159,0.0775
GEMEINDE,15090550,Stadt Tangermünde,Zweitstimmen,F09,Tierschutzpartei,57,5159,1.1049
GEMEINDE,15090550,Stadt Tangermünde,Zweitstimmen,F10,Tierschutzallianz,15,5159,0.2908
GEMEINDE,15090550,Stadt Tangermünde,Zweitstimmen,F11,LKR,1,5159,0.0194
GEMEINDE,15090550,Stadt Tangermünde,Zweitstimmen,F12,Die PARTEI,28,5159,0.5427
GEMEINDE,15090550,Stadt Tangermünde,Zweitstimmen,F13,Gartenpartei,31,5159,0.6009
GEMEINDE,15090550,Stadt Tangermünde,Zweitstimmen,F14,FBM,1,5159,0.0194
GEMEINDE,15090550,Stadt Tangermünde,Zweitstimmen,F15,TIERSCHUTZ hier!,24,5159,0.4652
GEMEINDE,15090550,Stadt Tangermünde,Zweitstimmen,F16,dieBasis,81,5159,1.5701
GEMEINDE,15090550,Stadt Tangermünde,Zweitstimmen,F19,Klimaliste ST,5,5159,0.0969
GEMEINDE,15090550,Stadt Tangermünde,Zweitstimmen,F21,ÖDP,3,5159,0.0582
GEMEINDE,15090550,Stadt Tangermünde,Zweitstimmen,F22,Die Humanisten,2,5159,0.0388
GEMEINDE,15090550,Stadt Tangermünde,Zweitstimmen,F23,Gesundheitsforschung,18,5159,0.3489
GEMEINDE,15090550,Stadt Tangermünde,Zweitstimmen,F24,PIRATEN,10,5159,0.1938
GEMEINDE,15090550,Stadt Tangermünde,Zweitstimmen,F25,WiR2020,7,5159,0.1357
GEMEINDE,15090610,Hansestadt Werben (Elbe),Erststimmen,D01,CDU,99,531,18.6441
GEMEINDE,15090610,Hansestadt Werben (Elbe),Erststimmen,D02,AfD,132,531,24.8588
GEMEINDE,15090610,Hansestadt Werben (Elbe),Erststimmen,D03,DIE LINKE,49,531,9.2279
GEMEINDE,15090610,Hansestadt Werben (Elbe),Erststimmen,D04,SPD,57,531,10.7345
GEMEINDE,15090610,Hansestadt Werben (Elbe),Erststimmen,D05,GRÜNE,28,531,5.2731
GEMEINDE,15090610,Hansestadt Werben (Elbe),Erststimmen,D06,FDP,19,531,3.5782
GEMEINDE,15090610,Hansestadt Werben (Elbe),Erststimmen,D07,FREIE WÄHLER,140,531,26.3653
GEMEINDE,15090610,Hansestadt Werben (Elbe),Erststimmen,D08,NPD,0,531,0.0
GEMEINDE,15090610,Hansestadt Werben (Elbe),Erststimmen,D09,Tierschutzpartei,0,531,0.0
GEMEINDE,15090610,Hansestadt Werben (Elbe),Erststimmen,D10,Tierschutzallianz,0,531,0.0
GEMEINDE,15090610,Hansestadt Werben (Elbe),Erststimmen,D12,Die PARTEI,0,531,0.0
GEMEINDE,15090610,Hansestadt Werben (Elbe),Erststimmen,D13,Gartenpartei,0,531,0.0
GEMEINDE,15090610,Hansestadt Werben (Elbe),Erststimmen,D14,FBM,0,531,0.0
GEMEINDE,15090610,Hansestadt Werben (Elbe),Erststimmen,D16,dieBasis,7,531,1.3183
GEMEINDE,15090610,Hansestadt Werben (Elbe),Erststimmen,D21,ÖDP,0,531,0.0
GEMEINDE,15090610,Hansestadt Werben (Elbe),Erststimmen,D26,Andere KWV,0,531,0.0
GEMEINDE,15090610,Hansestadt Werben (Elbe),Erststimmen,D27,Andere KWV,0,531,0.0
GEMEINDE,15090610,Hansestadt Werben (Elbe),Erststimmen,D28,Andere KWV,0,531,0.0
GEMEINDE,15090610,Hansestadt Werben (Elbe),Zweitstimmen,F01,CDU,149,534,27.9026
GEMEINDE,15090610,Hansestadt Werben (Elbe),Zweitstimmen,F02,AfD,130,534,24.3446
GEMEINDE,15090610,Hansestadt Werben (Elbe),Zweitstimmen,F03,DIE LINKE,43,534,8.0524
GEMEINDE,15090610,Hansestadt Werben (Elbe),Zweitstimmen,F04,SPD,49,534,9.176
GEMEINDE,15090610,Hansestadt Werben (Elbe),Zweitstimmen,F05,GRÜNE,33,534,6.1798
GEMEINDE,15090610,Hansestadt Werben (Elbe),Zweitstimmen,F06,FDP,17,534,3.1835
GEMEINDE,15090610,Hansestadt Werben (Elbe),Zweitstimmen,F07,FREIE WÄHLER,91,534,17.0412
GEMEINDE,15090610,Hansestadt Werben (Elbe),Zweitstimmen,F08,NPD,1,534,0.1873
GEMEINDE,15090610,Hansestadt Werben (Elbe),Zweitstimmen,F09,Tierschutzpartei,0,534,0.0
GEMEINDE,15090610,Hansestadt Werben (Elbe),Zweitstimmen,F10,Tierschutzallianz,2,534,0.3745
GEMEINDE,15090610,Hansestadt Werben (Elbe),Zweitstimmen,F11,LKR,0,534,0.0
GEMEINDE,15090610,Hansestadt Werben (Elbe),Zweitstimmen,F12,Die PARTEI,0,534,0.0
GEMEINDE,15090610,Hansestadt Werben (Elbe),Zweitstimmen,F13,Gartenpartei,3,534,0.5618
GEMEINDE,15090610,Hansestadt Werben (Elbe),Zweitstimmen,F14,FBM,1,534,0.1873
GEMEINDE,15090610,Hansestadt Werben (Elbe),Zweitstimmen,F15,TIERSCHUTZ hier!,5,534,0.9363
GEMEINDE,15090610,Hansestadt Werben (Elbe),Zweitstimmen,F16,dieBasis,9,534,1.6854
GEMEINDE,15090610,Hansestadt Werben (Elbe),Zweitstimmen,F19,Klimaliste ST,0,534,0.0
GEMEINDE,15090610,Hansestadt Werben (Elbe),Zweitstimmen,F21,ÖDP,0,534,0.0
GEMEINDE,15090610,Hansestadt Werben (Elbe),Zweitstimmen,F22,Die Humanisten,0,534,0.0
GEMEINDE,15090610,Hansestadt Werben (Elbe),Zweitstimmen,F23,Gesundheitsforschung,1,534,0.1873
GEMEINDE,15090610,Hansestadt Werben (Elbe),Zweitstimmen,F24,PIRATEN,0,534,0.0
GEMEINDE,15090610,Hansestadt Werben (Elbe),Zweitstimmen,F25,WiR2020,0,534,0.0
GEMEINDE,15090631,Gemeinde Wust-Fischbeck,Erststimmen,D01,CDU,220,697,31.5638
GEMEINDE,15090631,Gemeinde Wust-Fischbeck,Erststimmen,D02,AfD,176,697,25.2511
GEMEINDE,15090631,Gemeinde Wust-Fischbeck,Erststimmen,D03,DIE LINKE,65,697,9.3257
GEMEINDE,15090631,Gemeinde Wust-Fischbeck,Erststimmen,D04,SPD,56,697,8.0344
GEMEINDE,15090631,Gemeinde Wust-Fischbeck,Erststimmen,D05,GRÜNE,31,697,4.4476
GEMEINDE,15090631,Gemeinde Wust-Fischbeck,Erststimmen,D06,FDP,32,697,4.5911
GEMEINDE,15090631,Gemeinde Wust-Fischbeck,Erststimmen,D07,FREIE WÄHLER,111,697,15.9254
GEMEINDE,15090631,Gemeinde Wust-Fischbeck,Erststimmen,D08,NPD,0,697,0.0
GEMEINDE,15090631,Gemeinde Wust-Fischbeck,Erststimmen,D09,Tierschutzpartei,0,697,0.0
GEMEINDE,15090631,Gemeinde Wust-Fischbeck,Erststimmen,D10,Tierschutzallianz,0,697,0.0
GEMEINDE,15090631,Gemeinde Wust-Fischbeck,Erststimmen,D12,Die PARTEI,0,697,0.0
GEMEINDE,15090631,Gemeinde Wust-Fischbeck,Erststimmen,D13,Gartenpartei,0,697,0.0
GEMEINDE,15090631,Gemeinde Wust-Fischbeck,Erststimmen,D14,FBM,0,697,0.0
GEMEINDE,15090631,Gemeinde Wust-Fischbeck,Erststimmen,D16,dieBasis,6,697,0.8608
GEMEINDE,15090631,Gemeinde Wust-Fischbeck,Erststimmen,D21,ÖDP,0,697,0.0
GEMEINDE,15090631,Gemeinde Wust-Fischbeck,Erststimmen,D26,Andere KWV,0,697,0.0
GEMEINDE,15090631,Gemeinde Wust-Fischbeck,Erststimmen,D27,Andere KWV,0,697,0.0
GEMEINDE,15090631,Gemeinde Wust-Fischbeck,Erststimmen,D28,Andere KWV,0,697,0.0
GEMEINDE,15090631,Gemeinde Wust-Fischbeck,Zweitstimmen,F01,CDU,239,695,34.3885
GEMEINDE,15090631,Gemeinde Wust-Fischbeck,Zweitstimmen,F02,AfD,169,695,24.3165
GEMEINDE,15090631,Gemeinde Wust-Fischbeck,Zweitstimmen,F03,DIE LINKE,56,695,8.0576
GEMEINDE,15090631,Gemeinde Wust-Fischbeck,Zweitstimmen,F04,SPD,48,695,6.9065
GEMEINDE,15090631,Gemeinde Wust-Fischbeck,Zweitstimmen,F05,GRÜNE,43,695,6.1871
GEMEINDE,15090631,Gemeinde Wust-Fischbeck,Zweitstimmen,F06,FDP,38,695,5.4676
GEMEINDE,15090631,Gemeinde Wust-Fischbeck,Zweitstimmen,F07,FREIE WÄHLER,61,695,8.777
GEMEINDE,15090631,Gemeinde Wust-Fischbeck,Zweitstimmen,F08,NPD,1,695,0.1439
GEMEINDE,15090631,Gemeinde Wust-Fischbeck,Zweitstimmen,F09,Tierschutzpartei,7,695,1.0072
GEMEINDE,15090631,Gemeinde Wust-Fischbeck,Zweitstimmen,F10,Tierschutzallianz,5,695,0.7194
GEMEINDE,15090631,Gemeinde Wust-Fischbeck,Zweitstimmen,F11,LKR,0,695,0.0
GEMEINDE,15090631,Gemeinde Wust-Fischbeck,Zweitstimmen,F12,Die PARTEI,5,695,0.7194
GEMEINDE,15090631,Gemeinde Wust-Fischbeck,Zweitstimmen,F13,Gartenpartei,5,695,0.7194
GEMEINDE,15090631,Gemeinde Wust-Fischbeck,Zweitstimmen,F14,FBM,0,695,0.0
GEMEINDE,15090631,Gemeinde Wust-Fischbeck,Zweitstimmen,F15,TIERSCHUTZ hier!,6,695,0.8633
GEMEINDE,15090631,Gemeinde Wust-Fischbeck,Zweitstimmen,F16,dieBasis,9,695,1.295
GEMEINDE,15090631,Gemeinde Wust-Fischbeck,Zweitstimmen,F19,Klimaliste ST,0,695,0.0
GEMEINDE,15090631,Gemeinde Wust-Fischbeck,Zweitstimmen,F21,ÖDP,0,695,0.0
GEMEINDE,15090631,Gemeinde Wust-Fischbeck,Zweitstimmen,F22,Die Humanisten,0,695,0.0
GEMEINDE,15090631,Gemeinde Wust-Fischbeck,Zweitstimmen,F23,Gesundheitsforschung,2,695,0.2878
GEMEINDE,15090631,Gemeinde Wust-Fischbeck,Zweitstimmen,F24,PIRATEN,1,695,0.1439
GEMEINDE,15090631,Gemeinde Wust-Fischbeck,Zweitstimmen,F25,WiR2020,0,695,0.0
GEMEINDE,15090635,Gemeinde Zehrental,Erststimmen,D01,CDU,121,439,27.5626
GEMEINDE,15090635,Gemeinde Zehrental,Erststimmen,D02,AfD,72,439,16.4009
GEMEINDE,15090635,Gemeinde Zehrental,Erststimmen,D03,DIE LINKE,30,439,6.8337
GEMEINDE,15090635,Gemeinde Zehrental,Erststimmen,D04,SPD,35,439,7.9727
GEMEINDE,15090635,Gemeinde Zehrental,Erststimmen,D05,GRÜNE,18,439,4.1002
GEMEINDE,15090635,Gemeinde Zehrental,Erststimmen,D06,FDP,18,439,4.1002
GEMEINDE,15090635,Gemeinde Zehrental,Erststimmen,D07,FREIE WÄHLER,136,439,30.9795
GEMEINDE,15090635,Gemeinde Zehrental,Erststimmen,D08,NPD,0,439,0.0
GEMEINDE,15090635,Gemeinde Zehrental,Erststimmen,D09,Tierschutzpartei,0,439,0.0
GEMEINDE,15090635,Gemeinde Zehrental,Erststimmen,D10,Tierschutzallianz,0,439,0.0
GEMEINDE,15090635,Gemeinde Zehrental,Erststimmen,D12,Die PARTEI,0,439,0.0
GEMEINDE,15090635,Gemeinde Zehrental,Erststimmen,D13,Gartenpartei,0,439,0.0
GEMEINDE,15090635,Gemeinde Zehrental,Erststimmen,D14,FBM,0,439,0.0
GEMEINDE,15090635,Gemeinde Zehrental,Erststimmen,D16,dieBasis,9,439,2.0501
GEMEINDE,15090635,Gemeinde Zehrental,Erststimmen,D21,ÖDP,0,439,0.0
GEMEINDE,15090635,Gemeinde Zehrental,Erststimmen,D26,Andere KWV,0,439,0.0
GEMEINDE,15090635,Gemeinde Zehrental,Erststimmen,D27,Andere KWV,0,439,0.0
GEMEINDE,15090635,Gemeinde Zehrental,Erststimmen,D28,Andere KWV,0,439,0.0
GEMEINDE,15090635,Gemeinde Zehrental,Zweitstimmen,F01,CDU,150,437,34.3249
GEMEINDE,15090635,Gemeinde Zehrental,Zweitstimmen,F02,AfD,74,437,16.9336
GEMEINDE,15090635,Gemeinde Zehrental,Zweitstimmen,F03,DIE LINKE,29,437,6.6362
GEMEINDE,15090635,Gemeinde Zehrental,Zweitstimmen,F04,SPD,39,437,8.9245
GEMEINDE,15090635,Gemeinde Zehrental,Zweitstimmen,F05,GRÜNE,25,437,5.7208
GEMEINDE,15090635,Gemeinde Zehrental,Zweitstimmen,F06,FDP,20,437,4.5767
GEMEINDE,15090635,Gemeinde Zehrental,Zweitstimmen,F07,FREIE WÄHLER,83,437,18.9931
GEMEINDE,15090635,Gemeinde Zehrental,Zweitstimmen,F08,NPD,2,437,0.4577
GEMEINDE,15090635,Gemeinde Zehrental,Zweitstimmen,F09,Tierschutzpartei,3,437,0.6865
GEMEINDE,15090635,Gemeinde Zehrental,Zweitstimmen,F10,Tierschutzallianz,0,437,0.0
GEMEINDE,15090635,Gemeinde Zehrental,Zweitstimmen,F11,LKR,0,437,0.0
GEMEINDE,15090635,Gemeinde Zehrental,Zweitstimmen,F12,Die PARTEI,1,437,0.2288
GEMEINDE,15090635,Gemeinde Zehrental,Zweitstimmen,F13,Gartenpartei,1,437,0.2288
GEMEINDE,15090635,Gemeinde Zehrental,Zweitstimmen,F14,FBM,0,437,0.0
GEMEINDE,15090635,Gemeinde Zehrental,Zweitstimmen,F15,TIERSCHUTZ hier!,1,437,0.2288
GEMEINDE,15090635,Gemeinde Zehrental,Zweitstimmen,F16,dieBasis,8,437,1.8307
GEMEINDE,15090635,Gemeinde Zehrental,Zweitstimmen,F19,Klimaliste ST,0,437,0.0
GEMEINDE,15090635,Gemeinde Zehrental,Zweitstimmen,F21,ÖDP,0,437,0.0
GEMEINDE,15090635,Gemeinde Zehrental,Zweitstimmen,F22,Die Humanisten,0,437,0.0
GEMEINDE,15090635,Gemeinde Zehrental,Zweitstimmen,F23,Gesundheitsforschung,0,437,0.0
GEMEINDE,15090635,Gemeinde Zehrental,Zweitstimmen,F24,PIRATEN,1,437,0.2288
GEMEINDE,15090635,Gemeinde Zehrental,Zweitstimmen,F25,WiR2020,0,437,0.0
GEMEINDE,15091010,Stadt Annaburg,Erststimmen,D01,CDU,1158,3339,34.681
GEMEINDE,15091010,Stadt Annaburg,Erststimmen,D02,AfD,1012,3339,30.3085
GEMEINDE,15091010,Stadt Annaburg,Erststimmen,D03,DIE LINKE,370,3339,11.0812
GEMEINDE,15091010,Stadt Annaburg,Erststimmen,D04,SPD,282,3339,8.4456
GEMEINDE,15091010,Stadt Annaburg,Erststimmen,D05,GRÜNE,124,3339,3.7137
GEMEINDE,15091010,Stadt Annaburg,Erststimmen,D06,FDP,0,3339,0.0
GEMEINDE,15091010,Stadt Annaburg,Erststimmen,D07,FREIE WÄHLER,393,3339,11.77
GEMEINDE,15091010,Stadt Annaburg,Erststimmen,D08,NPD,0,3339,0.0
GEMEINDE,15091010,Stadt Annaburg,Erststimmen,D09,Tierschutzpartei,0,3339,0.0
GEMEINDE,15091010,Stadt Annaburg,Erststimmen,D10,Tierschutzallianz,0,3339,0.0
GEMEINDE,15091010,Stadt Annaburg,Erststimmen,D12,Die PARTEI,0,3339,0.0
GEMEINDE,15091010,Stadt Annaburg,Erststimmen,D13,Gartenpartei,0,3339,0.0
GEMEINDE,15091010,Stadt Annaburg,Erststimmen,D14,FBM,0,3339,0.0
GEMEINDE,15091010,Stadt Annaburg,Erststimmen,D16,dieBasis,0,3339,0.0
GEMEINDE,15091010,Stadt Annaburg,Erststimmen,D21,ÖDP,0,3339,0.0
GEMEINDE,15091010,Stadt Annaburg,Erststimmen,D26,Andere KWV,0,3339,0.0
GEMEINDE,15091010,Stadt Annaburg,Erststimmen,D27,Andere KWV,0,3339,0.0
GEMEINDE,15091010,Stadt Annaburg,Erststimmen,D28,Andere KWV,0,3339,0.0
GEMEINDE,15091010,Stadt Annaburg,Zweitstimmen,F01,CDU,1417,3386,41.8488
GEMEINDE,15091010,Stadt Annaburg,Zweitstimmen,F02,AfD,868,3386,25.635
GEMEINDE,15091010,Stadt Annaburg,Zweitstimmen,F03,DIE LINKE,277,3386,8.1807
GEMEINDE,15091010,Stadt Annaburg,Zweitstimmen,F04,SPD,175,3386,5.1683
GEMEINDE,15091010,Stadt Annaburg,Zweitstimmen,F05,GRÜNE,93,3386,2.7466
GEMEINDE,15091010,Stadt Annaburg,Zweitstimmen,F06,FDP,158,3386,4.6663
GEMEINDE,15091010,Stadt Annaburg,Zweitstimmen,F07,FREIE WÄHLER,178,3386,5.2569
GEMEINDE,15091010,Stadt Annaburg,Zweitstimmen,F08,NPD,11,3386,0.3249
GEMEINDE,15091010,Stadt Annaburg,Zweitstimmen,F09,Tierschutzpartei,45,3386,1.329
GEMEINDE,15091010,Stadt Annaburg,Zweitstimmen,F10,Tierschutzallianz,10,3386,0.2953
GEMEINDE,15091010,Stadt Annaburg,Zweitstimmen,F11,LKR,1,3386,0.0295
GEMEINDE,15091010,Stadt Annaburg,Zweitstimmen,F12,Die PARTEI,12,3386,0.3544
GEMEINDE,15091010,Stadt Annaburg,Zweitstimmen,F13,Gartenpartei,32,3386,0.9451
GEMEINDE,15091010,Stadt Annaburg,Zweitstimmen,F14,FBM,6,3386,0.1772
GEMEINDE,15091010,Stadt Annaburg,Zweitstimmen,F15,TIERSCHUTZ hier!,16,3386,0.4725
GEMEINDE,15091010,Stadt Annaburg,Zweitstimmen,F16,dieBasis,47,3386,1.3881
GEMEINDE,15091010,Stadt Annaburg,Zweitstimmen,F19,Klimaliste ST,0,3386,0.0
GEMEINDE,15091010,Stadt Annaburg,Zweitstimmen,F21,ÖDP,3,3386,0.0886
GEMEINDE,15091010,Stadt Annaburg,Zweitstimmen,F22,Die Humanisten,4,3386,0.1181
GEMEINDE,15091010,Stadt Annaburg,Zweitstimmen,F23,Gesundheitsforschung,17,3386,0.5021
GEMEINDE,15091010,Stadt Annaburg,Zweitstimmen,F24,PIRATEN,12,3386,0.3544
GEMEINDE,15091010,Stadt Annaburg,Zweitstimmen,F25,WiR2020,4,3386,0.1181
GEMEINDE,15091020,Stadt Bad Schmiedeberg,Erststimmen,D01,CDU,1613,4403,36.6341
GEMEINDE,15091020,Stadt Bad Schmiedeberg,Erststimmen,D02,AfD,1007,4403,22.8708
GEMEINDE,15091020,Stadt Bad Schmiedeberg,Erststimmen,D03,DIE LINKE,428,4403,9.7206
GEMEINDE,15091020,Stadt Bad Schmiedeberg,Erststimmen,D04,SPD,548,4403,12.4461
GEMEINDE,15091020,Stadt Bad Schmiedeberg,Erststimmen,D05,GRÜNE,155,4403,3.5203
GEMEINDE,15091020,Stadt Bad Schmiedeberg,Erststimmen,D06,FDP,0,4403,0.0
GEMEINDE,15091020,Stadt Bad Schmiedeberg,Erststimmen,D07,FREIE WÄHLER,652,4403,14.8081
GEMEINDE,15091020,Stadt Bad Schmiedeberg,Erststimmen,D08,NPD,0,4403,0.0
GEMEINDE,15091020,Stadt Bad Schmiedeberg,Erststimmen,D09,Tierschutzpartei,0,4403,0.0
GEMEINDE,15091020,Stadt Bad Schmiedeberg,Erststimmen,D10,Tierschutzallianz,0,4403,0.0
GEMEINDE,15091020,Stadt Bad Schmiedeberg,Erststimmen,D12,Die PARTEI,0,4403,0.0
GEMEINDE,15091020,Stadt Bad Schmiedeberg,Erststimmen,D13,Gartenpartei,0,4403,0.0
GEMEINDE,15091020,Stadt Bad Schmiedeberg,Erststimmen,D14,FBM,0,4403,0.0
GEMEINDE,15091020,Stadt Bad Schmiedeberg,Erststimmen,D16,dieBasis,0,4403,0.0
GEMEINDE,15091020,Stadt Bad Schmiedeberg,Erststimmen,D21,ÖDP,0,4403,0.0
GEMEINDE,15091020,Stadt Bad Schmiedeberg,Erststimmen,D26,Andere KWV,0,4403,0.0
GEMEINDE,15091020,Stadt Bad Schmiedeberg,Erststimmen,D27,Andere KWV,0,4403,0.0
GEMEINDE,15091020,Stadt Bad Schmiedeberg,Erststimmen,D28,Andere KWV,0,4403,0.0
GEMEINDE,15091020,Stadt Bad Schmiedeberg,Zweitstimmen,F01,CDU,1967,4434,44.3618
GEMEINDE,15091020,Stadt Bad Schmiedeberg,Zweitstimmen,F02,AfD,916,4434,20.6585
GEMEINDE,15091020,Stadt Bad Schmiedeberg,Zweitstimmen,F03,DIE LINKE,335,4434,7.5553
GEMEINDE,15091020,Stadt Bad Schmiedeberg,Zweitstimmen,F04,SPD,329,4434,7.4199
GEMEINDE,15091020,Stadt Bad Schmiedeberg,Zweitstimmen,F05,GRÜNE,145,4434,3.2702
GEMEINDE,15091020,Stadt Bad Schmiedeberg,Zweitstimmen,F06,FDP,238,4434,5.3676
GEMEINDE,15091020,Stadt Bad Schmiedeberg,Zweitstimmen,F07,FREIE WÄHLER,306,4434,6.9012
GEMEINDE,15091020,Stadt Bad Schmiedeberg,Zweitstimmen,F08,NPD,15,4434,0.3383
GEMEINDE,15091020,Stadt Bad Schmiedeberg,Zweitstimmen,F09,Tierschutzpartei,38,4434,0.857
GEMEINDE,15091020,Stadt Bad Schmiedeberg,Zweitstimmen,F10,Tierschutzallianz,10,4434,0.2255
GEMEINDE,15091020,Stadt Bad Schmiedeberg,Zweitstimmen,F11,LKR,3,4434,0.0677
GEMEINDE,15091020,Stadt Bad Schmiedeberg,Zweitstimmen,F12,Die PARTEI,18,4434,0.406
GEMEINDE,15091020,Stadt Bad Schmiedeberg,Zweitstimmen,F13,Gartenpartei,20,4434,0.4511
GEMEINDE,15091020,Stadt Bad Schmiedeberg,Zweitstimmen,F14,FBM,4,4434,0.0902
GEMEINDE,15091020,Stadt Bad Schmiedeberg,Zweitstimmen,F15,TIERSCHUTZ hier!,12,4434,0.2706
GEMEINDE,15091020,Stadt Bad Schmiedeberg,Zweitstimmen,F16,dieBasis,43,4434,0.9698
GEMEINDE,15091020,Stadt Bad Schmiedeberg,Zweitstimmen,F19,Klimaliste ST,1,4434,0.0226
GEMEINDE,15091020,Stadt Bad Schmiedeberg,Zweitstimmen,F21,ÖDP,6,4434,0.1353
GEMEINDE,15091020,Stadt Bad Schmiedeberg,Zweitstimmen,F22,Die Humanisten,2,4434,0.0451
GEMEINDE,15091020,Stadt Bad Schmiedeberg,Zweitstimmen,F23,Gesundheitsforschung,12,4434,0.2706
GEMEINDE,15091020,Stadt Bad Schmiedeberg,Zweitstimmen,F24,PIRATEN,10,4434,0.2255
GEMEINDE,15091020,Stadt Bad Schmiedeberg,Zweitstimmen,F25,WiR2020,4,4434,0.0902
GEMEINDE,15091060,Stadt Coswig (Anhalt),Erststimmen,D01,CDU,2091,6102,34.2675
GEMEINDE,15091060,Stadt Coswig (Anhalt),Erststimmen,D02,AfD,1505,6102,24.664
GEMEINDE,15091060,Stadt Coswig (Anhalt),Erststimmen,D03,DIE LINKE,636,6102,10.4228
GEMEINDE,15091060,Stadt Coswig (Anhalt),Erststimmen,D04,SPD,815,6102,13.3563
GEMEINDE,15091060,Stadt Coswig (Anhalt),Erststimmen,D05,GRÜNE,207,6102,3.3923
GEMEINDE,15091060,Stadt Coswig (Anhalt),Erststimmen,D06,FDP,333,6102,5.4572
GEMEINDE,15091060,Stadt Coswig (Anhalt),Erststimmen,D07,FREIE WÄHLER,515,6102,8.4399
GEMEINDE,15091060,Stadt Coswig (Anhalt),Erststimmen,D08,NPD,0,6102,0.0
GEMEINDE,15091060,Stadt Coswig (Anhalt),Erststimmen,D09,Tierschutzpartei,0,6102,0.0
GEMEINDE,15091060,Stadt Coswig (Anhalt),Erststimmen,D10,Tierschutzallianz,0,6102,0.0
GEMEINDE,15091060,Stadt Coswig (Anhalt),Erststimmen,D12,Die PARTEI,0,6102,0.0
GEMEINDE,15091060,Stadt Coswig (Anhalt),Erststimmen,D13,Gartenpartei,0,6102,0.0
GEMEINDE,15091060,Stadt Coswig (Anhalt),Erststimmen,D14,FBM,0,6102,0.0
GEMEINDE,15091060,Stadt Coswig (Anhalt),Erststimmen,D16,dieBasis,0,6102,0.0
GEMEINDE,15091060,Stadt Coswig (Anhalt),Erststimmen,D21,ÖDP,0,6102,0.0
GEMEINDE,15091060,Stadt Coswig (Anhalt),Erststimmen,D26,Andere KWV,0,6102,0.0
GEMEINDE,15091060,Stadt Coswig (Anhalt),Erststimmen,D27,Andere KWV,0,6102,0.0
GEMEINDE,15091060,Stadt Coswig (Anhalt),Erststimmen,D28,Andere KWV,0,6102,0.0
GEMEINDE,15091060,Stadt Coswig (Anhalt),Zweitstimmen,F01,CDU,2439,6142,39.7102
GEMEINDE,15091060,Stadt Coswig (Anhalt),Zweitstimmen,F02,AfD,1422,6142,23.1521
GEMEINDE,15091060,Stadt Coswig (Anhalt),Zweitstimmen,F03,DIE LINKE,586,6142,9.5409
GEMEINDE,15091060,Stadt Coswig (Anhalt),Zweitstimmen,F04,SPD,472,6142,7.6848
GEMEINDE,15091060,Stadt Coswig (Anhalt),Zweitstimmen,F05,GRÜNE,259,6142,4.2169
GEMEINDE,15091060,Stadt Coswig (Anhalt),Zweitstimmen,F06,FDP,351,6142,5.7148
GEMEINDE,15091060,Stadt Coswig (Anhalt),Zweitstimmen,F07,FREIE WÄHLER,233,6142,3.7936
GEMEINDE,15091060,Stadt Coswig (Anhalt),Zweitstimmen,F08,NPD,20,6142,0.3256
GEMEINDE,15091060,Stadt Coswig (Anhalt),Zweitstimmen,F09,Tierschutzpartei,75,6142,1.2211
GEMEINDE,15091060,Stadt Coswig (Anhalt),Zweitstimmen,F10,Tierschutzallianz,15,6142,0.2442
GEMEINDE,15091060,Stadt Coswig (Anhalt),Zweitstimmen,F11,LKR,3,6142,0.0488
GEMEINDE,15091060,Stadt Coswig (Anhalt),Zweitstimmen,F12,Die PARTEI,30,6142,0.4884
GEMEINDE,15091060,Stadt Coswig (Anhalt),Zweitstimmen,F13,Gartenpartei,44,6142,0.7164
GEMEINDE,15091060,Stadt Coswig (Anhalt),Zweitstimmen,F14,FBM,6,6142,0.0977
GEMEINDE,15091060,Stadt Coswig (Anhalt),Zweitstimmen,F15,TIERSCHUTZ hier!,31,6142,0.5047
GEMEINDE,15091060,Stadt Coswig (Anhalt),Zweitstimmen,F16,dieBasis,86,6142,1.4002
GEMEINDE,15091060,Stadt Coswig (Anhalt),Zweitstimmen,F19,Klimaliste ST,0,6142,0.0
GEMEINDE,15091060,Stadt Coswig (Anhalt),Zweitstimmen,F21,ÖDP,4,6142,0.0651
GEMEINDE,15091060,Stadt Coswig (Anhalt),Zweitstimmen,F22,Die Humanisten,7,6142,0.114
GEMEINDE,15091060,Stadt Coswig (Anhalt),Zweitstimmen,F23,Gesundheitsforschung,27,6142,0.4396
GEMEINDE,15091060,Stadt Coswig (Anhalt),Zweitstimmen,F24,PIRATEN,20,6142,0.3256
GEMEINDE,15091060,Stadt Coswig (Anhalt),Zweitstimmen,F25,WiR2020,12,6142,0.1954
GEMEINDE,15091110,Stadt Gräfenhainichen,Erststimmen,D01,CDU,2245,5794,38.747
GEMEINDE,15091110,Stadt Gräfenhainichen,Erststimmen,D02,AfD,1655,5794,28.564
GEMEINDE,15091110,Stadt Gräfenhainichen,Erststimmen,D03,DIE LINKE,805,5794,13.8937
GEMEINDE,15091110,Stadt Gräfenhainichen,Erststimmen,D04,SPD,402,5794,6.9382
GEMEINDE,15091110,Stadt Gräfenhainichen,Erststimmen,D05,GRÜNE,210,5794,3.6244
GEMEINDE,15091110,Stadt Gräfenhainichen,Erststimmen,D06,FDP,0,5794,0.0
GEMEINDE,15091110,Stadt Gräfenhainichen,Erststimmen,D07,FREIE WÄHLER,477,5794,8.2327
GEMEINDE,15091110,Stadt Gräfenhainichen,Erststimmen,D08,NPD,0,5794,0.0
GEMEINDE,15091110,Stadt Gräfenhainichen,Erststimmen,D09,Tierschutzpartei,0,5794,0.0
GEMEINDE,15091110,Stadt Gräfenhainichen,Erststimmen,D10,Tierschutzallianz,0,5794,0.0
GEMEINDE,15091110,Stadt Gräfenhainichen,Erststimmen,D12,Die PARTEI,0,5794,0.0
GEMEINDE,15091110,Stadt Gräfenhainichen,Erststimmen,D13,Gartenpartei,0,5794,0.0
GEMEINDE,15091110,Stadt Gräfenhainichen,Erststimmen,D14,FBM,0,5794,0.0
GEMEINDE,15091110,Stadt Gräfenhainichen,Erststimmen,D16,dieBasis,0,5794,0.0
GEMEINDE,15091110,Stadt Gräfenhainichen,Erststimmen,D21,ÖDP,0,5794,0.0
GEMEINDE,15091110,Stadt Gräfenhainichen,Erststimmen,D26,Andere KWV,0,5794,0.0
GEMEINDE,15091110,Stadt Gräfenhainichen,Erststimmen,D27,Andere KWV,0,5794,0.0
GEMEINDE,15091110,Stadt Gräfenhainichen,Erststimmen,D28,Andere KWV,0,5794,0.0
GEMEINDE,15091110,Stadt Gräfenhainichen,Zweitstimmen,F01,CDU,2428,5867,41.384
GEMEINDE,15091110,Stadt Gräfenhainichen,Zweitstimmen,F02,AfD,1469,5867,25.0384
GEMEINDE,15091110,Stadt Gräfenhainichen,Zweitstimmen,F03,DIE LINKE,614,5867,10.4653
GEMEINDE,15091110,Stadt Gräfenhainichen,Zweitstimmen,F04,SPD,311,5867,5.3008
GEMEINDE,15091110,Stadt Gräfenhainichen,Zweitstimmen,F05,GRÜNE,178,5867,3.0339
GEMEINDE,15091110,Stadt Gräfenhainichen,Zweitstimmen,F06,FDP,302,5867,5.1474
GEMEINDE,15091110,Stadt Gräfenhainichen,Zweitstimmen,F07,FREIE WÄHLER,189,5867,3.2214
GEMEINDE,15091110,Stadt Gräfenhainichen,Zweitstimmen,F08,NPD,27,5867,0.4602
GEMEINDE,15091110,Stadt Gräfenhainichen,Zweitstimmen,F09,Tierschutzpartei,68,5867,1.159
GEMEINDE,15091110,Stadt Gräfenhainichen,Zweitstimmen,F10,Tierschutzallianz,12,5867,0.2045
GEMEINDE,15091110,Stadt Gräfenhainichen,Zweitstimmen,F11,LKR,4,5867,0.0682
GEMEINDE,15091110,Stadt Gräfenhainichen,Zweitstimmen,F12,Die PARTEI,32,5867,0.5454
GEMEINDE,15091110,Stadt Gräfenhainichen,Zweitstimmen,F13,Gartenpartei,35,5867,0.5966
GEMEINDE,15091110,Stadt Gräfenhainichen,Zweitstimmen,F14,FBM,3,5867,0.0511
GEMEINDE,15091110,Stadt Gräfenhainichen,Zweitstimmen,F15,TIERSCHUTZ hier!,34,5867,0.5795
GEMEINDE,15091110,Stadt Gräfenhainichen,Zweitstimmen,F16,dieBasis,106,5867,1.8067
GEMEINDE,15091110,Stadt Gräfenhainichen,Zweitstimmen,F19,Klimaliste ST,0,5867,0.0
GEMEINDE,15091110,Stadt Gräfenhainichen,Zweitstimmen,F21,ÖDP,5,5867,0.0852
GEMEINDE,15091110,Stadt Gräfenhainichen,Zweitstimmen,F22,Die Humanisten,3,5867,0.0511
GEMEINDE,15091110,Stadt Gräfenhainichen,Zweitstimmen,F23,Gesundheitsforschung,10,5867,0.1704
GEMEINDE,15091110,Stadt Gräfenhainichen,Zweitstimmen,F24,PIRATEN,28,5867,0.4772
GEMEINDE,15091110,Stadt Gräfenhainichen,Zweitstimmen,F25,WiR2020,9,5867,0.1534
GEMEINDE,15091145,Stadt Jessen (Elster),Erststimmen,D01,CDU,2734,6981,39.1634
GEMEINDE,15091145,Stadt Jessen (Elster),Erststimmen,D02,AfD,1760,6981,25.2113
GEMEINDE,15091145,Stadt Jessen (Elster),Erststimmen,D03,DIE LINKE,861,6981,12.3335
GEMEINDE,15091145,Stadt Jessen (Elster),Erststimmen,D04,SPD,712,6981,10.1991
GEMEINDE,15091145,Stadt Jessen (Elster),Erststimmen,D05,GRÜNE,298,6981,4.2687
GEMEINDE,15091145,Stadt Jessen (Elster),Erststimmen,D06,FDP,0,6981,0.0
GEMEINDE,15091145,Stadt Jessen (Elster),Erststimmen,D07,FREIE WÄHLER,616,6981,8.824
GEMEINDE,15091145,Stadt Jessen (Elster),Erststimmen,D08,NPD,0,6981,0.0
GEMEINDE,15091145,Stadt Jessen (Elster),Erststimmen,D09,Tierschutzpartei,0,6981,0.0
GEMEINDE,15091145,Stadt Jessen (Elster),Erststimmen,D10,Tierschutzallianz,0,6981,0.0
GEMEINDE,15091145,Stadt Jessen (Elster),Erststimmen,D12,Die PARTEI,0,6981,0.0
GEMEINDE,15091145,Stadt Jessen (Elster),Erststimmen,D13,Gartenpartei,0,6981,0.0
GEMEINDE,15091145,Stadt Jessen (Elster),Erststimmen,D14,FBM,0,6981,0.0
GEMEINDE,15091145,Stadt Jessen (Elster),Erststimmen,D16,dieBasis,0,6981,0.0
GEMEINDE,15091145,Stadt Jessen (Elster),Erststimmen,D21,ÖDP,0,6981,0.0
GEMEINDE,15091145,Stadt Jessen (Elster),Erststimmen,D26,Andere KWV,0,6981,0.0
GEMEINDE,15091145,Stadt Jessen (Elster),Erststimmen,D27,Andere KWV,0,6981,0.0
GEMEINDE,15091145,Stadt Jessen (Elster),Erststimmen,D28,Andere KWV,0,6981,0.0
GEMEINDE,15091145,Stadt Jessen (Elster),Zweitstimmen,F01,CDU,3081,7047,43.7207
GEMEINDE,15091145,Stadt Jessen (Elster),Zweitstimmen,F02,AfD,1540,7047,21.8533
GEMEINDE,15091145,Stadt Jessen (Elster),Zweitstimmen,F03,DIE LINKE,680,7047,9.6495
GEMEINDE,15091145,Stadt Jessen (Elster),Zweitstimmen,F04,SPD,496,7047,7.0385
GEMEINDE,15091145,Stadt Jessen (Elster),Zweitstimmen,F05,GRÜNE,217,7047,3.0793
GEMEINDE,15091145,Stadt Jessen (Elster),Zweitstimmen,F06,FDP,363,7047,5.1511
GEMEINDE,15091145,Stadt Jessen (Elster),Zweitstimmen,F07,FREIE WÄHLER,272,7047,3.8598
GEMEINDE,15091145,Stadt Jessen (Elster),Zweitstimmen,F08,NPD,24,7047,0.3406
GEMEINDE,15091145,Stadt Jessen (Elster),Zweitstimmen,F09,Tierschutzpartei,94,7047,1.3339
GEMEINDE,15091145,Stadt Jessen (Elster),Zweitstimmen,F10,Tierschutzallianz,16,7047,0.227
GEMEINDE,15091145,Stadt Jessen (Elster),Zweitstimmen,F11,LKR,5,7047,0.071
GEMEINDE,15091145,Stadt Jessen (Elster),Zweitstimmen,F12,Die PARTEI,32,7047,0.4541
GEMEINDE,15091145,Stadt Jessen (Elster),Zweitstimmen,F13,Gartenpartei,43,7047,0.6102
GEMEINDE,15091145,Stadt Jessen (Elster),Zweitstimmen,F14,FBM,11,7047,0.1561
GEMEINDE,15091145,Stadt Jessen (Elster),Zweitstimmen,F15,TIERSCHUTZ hier!,32,7047,0.4541
GEMEINDE,15091145,Stadt Jessen (Elster),Zweitstimmen,F16,dieBasis,73,7047,1.0359
GEMEINDE,15091145,Stadt Jessen (Elster),Zweitstimmen,F19,Klimaliste ST,1,7047,0.0142
GEMEINDE,15091145,Stadt Jessen (Elster),Zweitstimmen,F21,ÖDP,3,7047,0.0426
GEMEINDE,15091145,Stadt Jessen (Elster),Zweitstimmen,F22,Die Humanisten,1,7047,0.0142
GEMEINDE,15091145,Stadt Jessen (Elster),Zweitstimmen,F23,Gesundheitsforschung,28,7047,0.3973
GEMEINDE,15091145,Stadt Jessen (Elster),Zweitstimmen,F24,PIRATEN,22,7047,0.3122
GEMEINDE,15091145,Stadt Jessen (Elster),Zweitstimmen,F25,WiR2020,13,7047,0.1845
GEMEINDE,15091160,Stadt Kemberg,Erststimmen,D01,CDU,2448,5498,44.5253
GEMEINDE,15091160,Stadt Kemberg,Erststimmen,D02,AfD,1256,5498,22.8447
GEMEINDE,15091160,Stadt Kemberg,Erststimmen,D03,DIE LINKE,579,5498,10.5311
GEMEINDE,15091160,Stadt Kemberg,Erststimmen,D04,SPD,512,5498,9.3125
GEMEINDE,15091160,Stadt Kemberg,Erststimmen,D05,GRÜNE,210,5498,3.8196
GEMEINDE,15091160,Stadt Kemberg,Erststimmen,D06,FDP,0,5498,0.0
GEMEINDE,15091160,Stadt Kemberg,Erststimmen,D07,FREIE WÄHLER,493,5498,8.9669
GEMEINDE,15091160,Stadt Kemberg,Erststimmen,D08,NPD,0,5498,0.0
GEMEINDE,15091160,Stadt Kemberg,Erststimmen,D09,Tierschutzpartei,0,5498,0.0
GEMEINDE,15091160,Stadt Kemberg,Erststimmen,D10,Tierschutzallianz,0,5498,0.0
GEMEINDE,15091160,Stadt Kemberg,Erststimmen,D12,Die PARTEI,0,5498,0.0
GEMEINDE,15091160,Stadt Kemberg,Erststimmen,D13,Gartenpartei,0,5498,0.0
GEMEINDE,15091160,Stadt Kemberg,Erststimmen,D14,FBM,0,5498,0.0
GEMEINDE,15091160,Stadt Kemberg,Erststimmen,D16,dieBasis,0,5498,0.0
GEMEINDE,15091160,Stadt Kemberg,Erststimmen,D21,ÖDP,0,5498,0.0
GEMEINDE,15091160,Stadt Kemberg,Erststimmen,D26,Andere KWV,0,5498,0.0
GEMEINDE,15091160,Stadt Kemberg,Erststimmen,D27,Andere KWV,0,5498,0.0
GEMEINDE,15091160,Stadt Kemberg,Erststimmen,D28,Andere KWV,0,5498,0.0
GEMEINDE,15091160,Stadt Kemberg,Zweitstimmen,F01,CDU,2667,5531,48.2191
GEMEINDE,15091160,Stadt Kemberg,Zweitstimmen,F02,AfD,1078,5531,19.4901
GEMEINDE,15091160,Stadt Kemberg,Zweitstimmen,F03,DIE LINKE,450,5531,8.136
GEMEINDE,15091160,Stadt Kemberg,Zweitstimmen,F04,SPD,357,5531,6.4545
GEMEINDE,15091160,Stadt Kemberg,Zweitstimmen,F05,GRÜNE,193,5531,3.4894
GEMEINDE,15091160,Stadt Kemberg,Zweitstimmen,F06,FDP,308,5531,5.5686
GEMEINDE,15091160,Stadt Kemberg,Zweitstimmen,F07,FREIE WÄHLER,173,5531,3.1278
GEMEINDE,15091160,Stadt Kemberg,Zweitstimmen,F08,NPD,25,5531,0.452
GEMEINDE,15091160,Stadt Kemberg,Zweitstimmen,F09,Tierschutzpartei,47,5531,0.8498
GEMEINDE,15091160,Stadt Kemberg,Zweitstimmen,F10,Tierschutzallianz,13,5531,0.235
GEMEINDE,15091160,Stadt Kemberg,Zweitstimmen,F11,LKR,4,5531,0.0723
GEMEINDE,15091160,Stadt Kemberg,Zweitstimmen,F12,Die PARTEI,30,5531,0.5424
GEMEINDE,15091160,Stadt Kemberg,Zweitstimmen,F13,Gartenpartei,25,5531,0.452
GEMEINDE,15091160,Stadt Kemberg,Zweitstimmen,F14,FBM,8,5531,0.1446
GEMEINDE,15091160,Stadt Kemberg,Zweitstimmen,F15,TIERSCHUTZ hier!,26,5531,0.4701
GEMEINDE,15091160,Stadt Kemberg,Zweitstimmen,F16,dieBasis,81,5531,1.4645
GEMEINDE,15091160,Stadt Kemberg,Zweitstimmen,F19,Klimaliste ST,0,5531,0.0
GEMEINDE,15091160,Stadt Kemberg,Zweitstimmen,F21,ÖDP,2,5531,0.0362
GEMEINDE,15091160,Stadt Kemberg,Zweitstimmen,F22,Die Humanisten,5,5531,0.0904
GEMEINDE,15091160,Stadt Kemberg,Zweitstimmen,F23,Gesundheitsforschung,11,5531,0.1989
GEMEINDE,15091160,Stadt Kemberg,Zweitstimmen,F24,PIRATEN,19,5531,0.3435
GEMEINDE,15091160,Stadt Kemberg,Zweitstimmen,F25,WiR2020,9,5531,0.1627
GEMEINDE,15091241,Stadt Oranienbaum-Wörlitz,Erststimmen,D01,CDU,1696,4431,38.2758
GEMEINDE,15091241,Stadt Oranienbaum-Wörlitz,Erststimmen,D02,AfD,1118,4431,25.2313
GEMEINDE,15091241,Stadt Oranienbaum-Wörlitz,Erststimmen,D03,DIE LINKE,333,4431,7.5152
GEMEINDE,15091241,Stadt Oranienbaum-Wörlitz,Erststimmen,D04,SPD,366,4431,8.26
GEMEINDE,15091241,Stadt Oranienbaum-Wörlitz,Erststimmen,D05,GRÜNE,109,4431,2.4599
GEMEINDE,15091241,Stadt Oranienbaum-Wörlitz,Erststimmen,D06,FDP,260,4431,5.8677
GEMEINDE,15091241,Stadt Oranienbaum-Wörlitz,Erststimmen,D07,FREIE WÄHLER,549,4431,12.39
GEMEINDE,15091241,Stadt Oranienbaum-Wörlitz,Erststimmen,D08,NPD,0,4431,0.0
GEMEINDE,15091241,Stadt Oranienbaum-Wörlitz,Erststimmen,D09,Tierschutzpartei,0,4431,0.0
GEMEINDE,15091241,Stadt Oranienbaum-Wörlitz,Erststimmen,D10,Tierschutzallianz,0,4431,0.0
GEMEINDE,15091241,Stadt Oranienbaum-Wörlitz,Erststimmen,D12,Die PARTEI,0,4431,0.0
GEMEINDE,15091241,Stadt Oranienbaum-Wörlitz,Erststimmen,D13,Gartenpartei,0,4431,0.0
GEMEINDE,15091241,Stadt Oranienbaum-Wörlitz,Erststimmen,D14,FBM,0,4431,0.0
GEMEINDE,15091241,Stadt Oranienbaum-Wörlitz,Erststimmen,D16,dieBasis,0,4431,0.0
GEMEINDE,15091241,Stadt Oranienbaum-Wörlitz,Erststimmen,D21,ÖDP,0,4431,0.0
GEMEINDE,15091241,Stadt Oranienbaum-Wörlitz,Erststimmen,D26,Andere KWV,0,4431,0.0
GEMEINDE,15091241,Stadt Oranienbaum-Wörlitz,Erststimmen,D27,Andere KWV,0,4431,0.0
GEMEINDE,15091241,Stadt Oranienbaum-Wörlitz,Erststimmen,D28,Andere KWV,0,4431,0.0
GEMEINDE,15091241,Stadt Oranienbaum-Wörlitz,Zweitstimmen,F01,CDU,1719,4424,38.8562
GEMEINDE,15091241,Stadt Oranienbaum-Wörlitz,Zweitstimmen,F02,AfD,1085,4424,24.5253
GEMEINDE,15091241,Stadt Oranienbaum-Wörlitz,Zweitstimmen,F03,DIE LINKE,366,4424,8.2731
GEMEINDE,15091241,Stadt Oranienbaum-Wörlitz,Zweitstimmen,F04,SPD,290,4424,6.5552
GEMEINDE,15091241,Stadt Oranienbaum-Wörlitz,Zweitstimmen,F05,GRÜNE,183,4424,4.1365
GEMEINDE,15091241,Stadt Oranienbaum-Wörlitz,Zweitstimmen,F06,FDP,268,4424,6.0579
GEMEINDE,15091241,Stadt Oranienbaum-Wörlitz,Zweitstimmen,F07,FREIE WÄHLER,224,4424,5.0633
GEMEINDE,15091241,Stadt Oranienbaum-Wörlitz,Zweitstimmen,F08,NPD,21,4424,0.4747
GEMEINDE,15091241,Stadt Oranienbaum-Wörlitz,Zweitstimmen,F09,Tierschutzpartei,40,4424,0.9042
GEMEINDE,15091241,Stadt Oranienbaum-Wörlitz,Zweitstimmen,F10,Tierschutzallianz,22,4424,0.4973
GEMEINDE,15091241,Stadt Oranienbaum-Wörlitz,Zweitstimmen,F11,LKR,2,4424,0.0452
GEMEINDE,15091241,Stadt Oranienbaum-Wörlitz,Zweitstimmen,F12,Die PARTEI,30,4424,0.6781
GEMEINDE,15091241,Stadt Oranienbaum-Wörlitz,Zweitstimmen,F13,Gartenpartei,34,4424,0.7685
GEMEINDE,15091241,Stadt Oranienbaum-Wörlitz,Zweitstimmen,F14,FBM,0,4424,0.0
GEMEINDE,15091241,Stadt Oranienbaum-Wörlitz,Zweitstimmen,F15,TIERSCHUTZ hier!,29,4424,0.6555
GEMEINDE,15091241,Stadt Oranienbaum-Wörlitz,Zweitstimmen,F16,dieBasis,62,4424,1.4014
GEMEINDE,15091241,Stadt Oranienbaum-Wörlitz,Zweitstimmen,F19,Klimaliste ST,1,4424,0.0226
GEMEINDE,15091241,Stadt Oranienbaum-Wörlitz,Zweitstimmen,F21,ÖDP,4,4424,0.0904
GEMEINDE,15091241,Stadt Oranienbaum-Wörlitz,Zweitstimmen,F22,Die Humanisten,2,4424,0.0452
GEMEINDE,15091241,Stadt Oranienbaum-Wörlitz,Zweitstimmen,F23,Gesundheitsforschung,23,4424,0.5199
GEMEINDE,15091241,Stadt Oranienbaum-Wörlitz,Zweitstimmen,F24,PIRATEN,11,4424,0.2486
GEMEINDE,15091241,Stadt Oranienbaum-Wörlitz,Zweitstimmen,F25,WiR2020,8,4424,0.1808
GEMEINDE,15091375,Lutherstadt Wittenberg,Erststimmen,D01,CDU,11681,21991,53.1172
GEMEINDE,15091375,Lutherstadt Wittenberg,Erststimmen,D02,AfD,4067,21991,18.4939
GEMEINDE,15091375,Lutherstadt Wittenberg,Erststimmen,D03,DIE LINKE,1878,21991,8.5399
GEMEINDE,15091375,Lutherstadt Wittenberg,Erststimmen,D04,SPD,1607,21991,7.3075
GEMEINDE,15091375,Lutherstadt Wittenberg,Erststimmen,D05,GRÜNE,707,21991,3.215
GEMEINDE,15091375,Lutherstadt Wittenberg,Erststimmen,D06,FDP,0,21991,0.0
GEMEINDE,15091375,Lutherstadt Wittenberg,Erststimmen,D07,FREIE WÄHLER,1876,21991,8.5308
GEMEINDE,15091375,Lutherstadt Wittenberg,Erststimmen,D08,NPD,0,21991,0.0
GEMEINDE,15091375,Lutherstadt Wittenberg,Erststimmen,D09,Tierschutzpartei,0,21991,0.0
GEMEINDE,15091375,Lutherstadt Wittenberg,Erststimmen,D10,Tierschutzallianz,0,21991,0.0
GEMEINDE,15091375,Lutherstadt Wittenberg,Erststimmen,D12,Die PARTEI,0,21991,0.0
GEMEINDE,15091375,Lutherstadt Wittenberg,Erststimmen,D13,Gartenpartei,0,21991,0.0
GEMEINDE,15091375,Lutherstadt Wittenberg,Erststimmen,D14,FBM,0,21991,0.0
GEMEINDE,15091375,Lutherstadt Wittenberg,Erststimmen,D16,dieBasis,0,21991,0.0
GEMEINDE,15091375,Lutherstadt Wittenberg,Erststimmen,D21,ÖDP,0,21991,0.0
GEMEINDE,15091375,Lutherstadt Wittenberg,Erststimmen,D26,Andere KWV,175,21991,0.7958
GEMEINDE,15091375,Lutherstadt Wittenberg,Erststimmen,D27,Andere KWV,0,21991,0.0
GEMEINDE,15091375,Lutherstadt Wittenberg,Erststimmen,D28,Andere KWV,0,21991,0.0
GEMEINDE,15091375,Lutherstadt Wittenberg,Zweitstimmen,F01,CDU,9337,22002,42.4371
GEMEINDE,15091375,Lutherstadt Wittenberg,Zweitstimmen,F02,AfD,4093,22002,18.6029
GEMEINDE,15091375,Lutherstadt Wittenberg,Zweitstimmen,F03,DIE LINKE,2067,22002,9.3946
GEMEINDE,15091375,Lutherstadt Wittenberg,Zweitstimmen,F04,SPD,1771,22002,8.0493
GEMEINDE,15091375,Lutherstadt Wittenberg,Zweitstimmen,F05,GRÜNE,1141,22002,5.1859
GEMEINDE,15091375,Lutherstadt Wittenberg,Zweitstimmen,F06,FDP,1136,22002,5.1632
GEMEINDE,15091375,Lutherstadt Wittenberg,Zweitstimmen,F07,FREIE WÄHLER,1110,22002,5.045
GEMEINDE,15091375,Lutherstadt Wittenberg,Zweitstimmen,F08,NPD,77,22002,0.35
GEMEINDE,15091375,Lutherstadt Wittenberg,Zweitstimmen,F09,Tierschutzpartei,273,22002,1.2408
GEMEINDE,15091375,Lutherstadt Wittenberg,Zweitstimmen,F10,Tierschutzallianz,61,22002,0.2772
GEMEINDE,15091375,Lutherstadt Wittenberg,Zweitstimmen,F11,LKR,11,22002,0.05
GEMEINDE,15091375,Lutherstadt Wittenberg,Zweitstimmen,F12,Die PARTEI,151,22002,0.6863
GEMEINDE,15091375,Lutherstadt Wittenberg,Zweitstimmen,F13,Gartenpartei,92,22002,0.4181
GEMEINDE,15091375,Lutherstadt Wittenberg,Zweitstimmen,F14,FBM,11,22002,0.05
GEMEINDE,15091375,Lutherstadt Wittenberg,Zweitstimmen,F15,TIERSCHUTZ hier!,125,22002,0.5681
GEMEINDE,15091375,Lutherstadt Wittenberg,Zweitstimmen,F16,dieBasis,297,22002,1.3499
GEMEINDE,15091375,Lutherstadt Wittenberg,Zweitstimmen,F19,Klimaliste ST,7,22002,0.0318
GEMEINDE,15091375,Lutherstadt Wittenberg,Zweitstimmen,F21,ÖDP,19,22002,0.0864
GEMEINDE,15091375,Lutherstadt Wittenberg,Zweitstimmen,F22,Die Humanisten,17,22002,0.0773
GEMEINDE,15091375,Lutherstadt Wittenberg,Zweitstimmen,F23,Gesundheitsforschung,71,22002,0.3227
GEMEINDE,15091375,Lutherstadt Wittenberg,Zweitstimmen,F24,PIRATEN,97,22002,0.4409
GEMEINDE,15091375,Lutherstadt Wittenberg,Zweitstimmen,F25,WiR2020,38,22002,0.1727
GEMEINDE,15091391,Stadt Zahna-Elster,Erststimmen,D01,CDU,2919,5095,57.2915
GEMEINDE,15091391,Stadt Zahna-Elster,Erststimmen,D02,AfD,875,5095,17.1737
GEMEINDE,15091391,Stadt Zahna-Elster,Erststimmen,D03,DIE LINKE,395,5095,7.7527
GEMEINDE,15091391,Stadt Zahna-Elster,Erststimmen,D04,SPD,315,5095,6.1825
GEMEINDE,15091391,Stadt Zahna-Elster,Erststimmen,D05,GRÜNE,102,5095,2.002
GEMEINDE,15091391,Stadt Zahna-Elster,Erststimmen,D06,FDP,0,5095,0.0
GEMEINDE,15091391,Stadt Zahna-Elster,Erststimmen,D07,FREIE WÄHLER,456,5095,8.95
GEMEINDE,15091391,Stadt Zahna-Elster,Erststimmen,D08,NPD,0,5095,0.0
GEMEINDE,15091391,Stadt Zahna-Elster,Erststimmen,D09,Tierschutzpartei,0,5095,0.0
GEMEINDE,15091391,Stadt Zahna-Elster,Erststimmen,D10,Tierschutzallianz,0,5095,0.0
GEMEINDE,15091391,Stadt Zahna-Elster,Erststimmen,D12,Die PARTEI,0,5095,0.0
GEMEINDE,15091391,Stadt Zahna-Elster,Erststimmen,D13,Gartenpartei,0,5095,0.0
GEMEINDE,15091391,Stadt Zahna-Elster,Erststimmen,D14,FBM,0,5095,0.0
GEMEINDE,15091391,Stadt Zahna-Elster,Erststimmen,D16,dieBasis,0,5095,0.0
GEMEINDE,15091391,Stadt Zahna-Elster,Erststimmen,D21,ÖDP,0,5095,0.0
GEMEINDE,15091391,Stadt Zahna-Elster,Erststimmen,D26,Andere KWV,33,5095,0.6477
GEMEINDE,15091391,Stadt Zahna-Elster,Erststimmen,D27,Andere KWV,0,5095,0.0
GEMEINDE,15091391,Stadt Zahna-Elster,Erststimmen,D28,Andere KWV,0,5095,0.0
GEMEINDE,15091391,Stadt Zahna-Elster,Zweitstimmen,F01,CDU,2329,5091,45.7474
GEMEINDE,15091391,Stadt Zahna-Elster,Zweitstimmen,F02,AfD,867,5091,17.0301
GEMEINDE,15091391,Stadt Zahna-Elster,Zweitstimmen,F03,DIE LINKE,468,5091,9.1927
GEMEINDE,15091391,Stadt Zahna-Elster,Zweitstimmen,F04,SPD,325,5091,6.3838
GEMEINDE,15091391,Stadt Zahna-Elster,Zweitstimmen,F05,GRÜNE,190,5091,3.7321
GEMEINDE,15091391,Stadt Zahna-Elster,Zweitstimmen,F06,FDP,270,5091,5.3035
GEMEINDE,15091391,Stadt Zahna-Elster,Zweitstimmen,F07,FREIE WÄHLER,356,5091,6.9927
GEMEINDE,15091391,Stadt Zahna-Elster,Zweitstimmen,F08,NPD,20,5091,0.3929
GEMEINDE,15091391,Stadt Zahna-Elster,Zweitstimmen,F09,Tierschutzpartei,61,5091,1.1982
GEMEINDE,15091391,Stadt Zahna-Elster,Zweitstimmen,F10,Tierschutzallianz,13,5091,0.2554
GEMEINDE,15091391,Stadt Zahna-Elster,Zweitstimmen,F11,LKR,4,5091,0.0786
GEMEINDE,15091391,Stadt Zahna-Elster,Zweitstimmen,F12,Die PARTEI,20,5091,0.3929
GEMEINDE,15091391,Stadt Zahna-Elster,Zweitstimmen,F13,Gartenpartei,33,5091,0.6482
GEMEINDE,15091391,Stadt Zahna-Elster,Zweitstimmen,F14,FBM,2,5091,0.0393
GEMEINDE,15091391,Stadt Zahna-Elster,Zweitstimmen,F15,TIERSCHUTZ hier!,21,5091,0.4125
GEMEINDE,15091391,Stadt Zahna-Elster,Zweitstimmen,F16,dieBasis,60,5091,1.1786
GEMEINDE,15091391,Stadt Zahna-Elster,Zweitstimmen,F19,Klimaliste ST,1,5091,0.0196
GEMEINDE,15091391,Stadt Zahna-Elster,Zweitstimmen,F21,ÖDP,2,5091,0.0393
GEMEINDE,15091391,Stadt Zahna-Elster,Zweitstimmen,F22,Die Humanisten,7,5091,0.1375
GEMEINDE,15091391,Stadt Zahna-Elster,Zweitstimmen,F23,Gesundheitsforschung,16,5091,0.3143
GEMEINDE,15091391,Stadt Zahna-Elster,Zweitstimmen,F24,PIRATEN,18,5091,0.3536
GEMEINDE,15091391,Stadt Zahna-Elster,Zweitstimmen,F25,WiR2020,8,5091,0.1571
