{"type":"FeatureCollection","features":[{"type":"Feature","properties":{"fid_1":"19","symkey":"367","symtype":"14","text":"Nordwestmecklenburg II","WkNr":"28","Nummer":"28","Wahlkreisnummer":"28","Wahlkreisname":"Nordwestmecklenburg II"},"geometry":{"type":"MultiPolygon","coordinates":[[[[266930.2392770052,5975496.26513806],[266846.43915160093,5975323.614813402],[266679.74369835574,5975364.944811618],[266779.18494507484,5975596.878417002],[266930.2392770052,5975496.26513806]]],[[[268946.12877075095,5985135.465949733],[268949.0230196193,5984996.280153684],[268881.95358448755,5985002.624708148],[268834.03460567724,5985096.094360521],[268797.9952658592,5985220.187344482],[268850.8218001779,5985250.111954292],[268929.4651312707,5985231.355915941],[268946.12877075095,5985135.465949733]]],[[[268361.16426856536,5985340.239388032],[268321.83267346676,5985238.299942153],[268207.74031628016,5985266.298764121],[268195.24543167185,5985402.81498231],[268278.6280989796,5985677.323723659],[268418.5927094193,5985766.992673835],[268491.446818579,5985768.70360144],[268465.3979385793,5985611.016406111],[268361.16426856536,5985340.239388032]]],[[[270431.2049623979,5992048.201678459],[270405.6187717682,5991946.029908622],[270194.05579852033,5992040.970953874],[270043.66571427137,5991989.438099701],[269910.4486325206,5991985.587598393],[269961.6514398735,5992140.892618604],[270255.7333355481,5992431.8065253515],[270351.24118812475,5992602.581565455],[270499.1531375507,5992733.500261979],[270582.3216351485,5992693.828719825],[270647.12172038015,5992651.038937299],[270711.94703788403,5992508.930668149],[270559.284128773,5992455.4782867115],[270490.41328364704,5992275.270956032],[270431.2049623979,5992048.201678459]]],[[[273090.20741290785,5992098.472317513],[273283.52956040204,5991912.7304517515],[273596.2128676092,5991820.911573879],[273969.4556857208,5991860.7306529395],[274375.4569310043,5991957.991608702],[274697.9476752868,5992059.548710711],[274851.2749159662,5992129.935355613],[275328.077953008,5991662.325807737],[275912.0585015733,5991078.819784744],[275654.96756696515,5990915.942907423],[275973.522260881,5990331.70953243],[275932.6720795287,5990006.319235999],[275922.33569568675,5989875.350597881],[275924.9960166998,5989786.953495603],[275951.03576529305,5989687.871303549],[275993.6140357787,5989624.70463595],[276133.23796286713,5989540.02009495],[276245.47215584293,5989487.563103739],[276317.87575032376,5989433.498031784],[276352.07736893464,5989395.437876444],[276388.3421627255,5989331.221215129],[276419.1878006747,5989233.3326477725],[276435.38124938216,5989124.199599534],[276438.83057318814,5988985.664403981],[276415.5128071876,5988885.248255104],[276330.86114356574,5988716.020356877],[276199.77805968374,5988429.421802433],[276180.7512750486,5988264.23368576],[275968.03367840033,5988204.37528532],[275978.33268453274,5987733.482313242],[276080.2100362051,5987695.74644687],[276132.10234221537,5987652.06543022],[276232.2336641615,5987479.29768494],[276296.38211417384,5987427.949540991],[276364.2632852122,5987420.644644391],[276473.3963334542,5987436.8380931],[276623.4440710703,5987485.620661061],[276719.4677249715,5987491.766407542],[276791.6960711153,5987482.735010257],[276964.0818361109,5987400.614036972],[277392.38027653843,5987265.584379677],[277560.01706652436,5987299.754384702],[277640.83638290036,5987293.174054632],[277828.27093117405,5987233.35238087],[278023.7550035063,5987272.309832957],[278050.13435761165,5987647.871941904],[277944.45414540544,5987730.850705976],[277801.8417567536,5987898.16363685],[277753.4120155927,5987979.657103892],[277745.5459044492,5988030.48352485],[277765.692391878,5988087.543640863],[277847.1946015917,5988136.223229099],[277974.0945437709,5988156.826531114],[278004.24214379676,5988141.984694846],[278053.6519136345,5988035.475328505],[278332.86857768707,5987785.836301241],[278654.2406832287,5987998.756871492],[279152.9306350602,5987608.852644797],[279670.1423366843,5987483.971674433],[280064.11314086616,5987380.233685372],[280250.0733994711,5987332.951609295],[280296.2615015451,5987316.076058131],[280320.31844186503,5987298.425999081],[280340.5271827327,5987280.005994799],[280361.7645808542,5987229.232252359],[280385.8165479582,5987173.1068091225],[280415.6085826177,5987138.04351397],[280464.49759993237,5987112.568250671],[280518.3260496147,5987092.423511781],[280630.3127237288,5987061.488340521],[280659.850759509,5987049.91436938],[280878.5711384779,5986959.481602224],[280827.812168872,5986730.870210892],[280887.5185056664,5986648.240913749],[280932.3128331732,5986584.38536799],[280959.910063101,5986536.641070951],[280972.7074445784,5986509.176739039],[280981.2587867379,5986467.602262571],[280981.6189950807,5986413.55660901],[280973.94543479383,5986351.537023611],[280954.7577329725,5986282.165598672],[280929.33259670343,5986213.262587523],[280888.0323480172,5986141.40646464],[280860.56793185975,5986121.110968603],[280820.3876266312,5986109.5090044625],[280715.9841867117,5986092.64975013],[280446.1150192544,5986058.285356304],[280415.62937718164,5985773.207969997],[280560.42975673266,5985736.371672671],[280638.47219799925,5985707.624892646],[280722.1138589233,5985660.17086166],[280770.3632984264,5985630.715529585],[280815.8570384523,5985586.84774985],[280827.9260552591,5985567.163649],[280838.5387357967,5985513.00939236],[280844.67029207293,5985473.770967089],[280855.1141377678,5985443.387154182],[280877.59617284965,5985427.574722627],[280911.57219831925,5985426.902694881],[280942.67932448164,5985436.5707713105],[281010.5687563345,5985467.965835299],[281073.90848465543,5985498.0191848],[281107.9613198228,5985506.083266709],[281133.97164463904,5985505.923570452],[281154.90265250206,5985496.435794922],[281175.58886754327,5985479.952302532],[281191.489326057,5985455.38122361],[281204.6952847233,5985418.146627389],[281212.164865179,5985367.104190461],[281223.72720219195,5985282.898342311],[281234.57962507196,5985242.744265094],[281246.0403434923,5985212.825174907],[281379.5039847074,5985009.283363683],[281582.87576951366,5984735.304314295],[282069.5733075775,5984424.123979712],[281766.77057566214,5984223.759915281],[281675.9890540866,5984174.404418176],[281624.31095151324,5984130.486814763],[281569.2664797744,5984069.82260986],[281435.31369233876,5983887.64559768],[281321.6323617045,5983679.528782422],[281504.3980543101,5983139.82004424],[281484.273252381,5982943.409775598],[281318.4490600703,5982814.863663631],[281677.01505552605,5982459.62782836],[281751.7629008759,5982193.358921539],[281795.91712626535,5982089.935464231],[281816.14270308055,5982031.692537261],[281822.97968094796,5981983.244481962],[281815.5913447393,5981930.149708832],[281798.2087188205,5981869.470475841],[281752.7134960629,5981733.294883333],[281708.3186096847,5981522.211594971],[281911.78405260853,5981470.338788832],[282120.3806957193,5981402.283670073],[282511.83249329217,5981302.918032985],[282654.87049589027,5981544.563702948],[282748.3113269331,5981791.447023867],[282765.81033073645,5981826.856729861],[282805.7376697641,5981917.015591383],[282846.66206795815,5981985.626404181],[282873.41920893453,5982013.958017496],[282899.089536787,5982039.826132156],[283026.6520029288,5982125.167386722],[283066.15134617686,5982153.053124696],[283097.900575947,5982187.882734882],[283157.21689461824,5982303.460499482],[283265.80183160864,5982597.092814563],[283300.2435894096,5982666.604373822],[283309.5293319691,5982688.619617797],[283359.3133948883,5982745.9136801455],[283420.05439679045,5982816.082445903],[283441.9457370471,5982848.336619612],[283447.82063492667,5982880.400782093],[283443.4803604614,5982935.086014021],[283415.57305092365,5983016.8619706035],[283361.70145813376,5983121.559936155],[283335.2017886536,5983188.199066207],[283285.89498606045,5983328.587570284],[283286.9202064844,5983379.33275648],[283295.2774528973,5983396.551029697],[283303.3835771829,5983401.444644516],[283322.0134191904,5983417.128641471],[283351.7351175323,5983430.09718602],[283395.05852284096,5983438.587330451],[283460.3210679656,5983437.804576509],[283537.0765789887,5983436.61965983],[283601.8268940663,5983445.06475745],[283678.7569654491,5983482.192876663],[283766.7763750022,5983538.399157831],[283828.0248475885,5983573.028438872],[283870.8697343627,5983589.2900709305],[283904.79142855573,5983593.606445812],[283968.06763092056,5983600.39778919],[284076.4400670156,5983594.854541523],[284194.2942593647,5983581.4749172535],[284454.0249455655,5983543.1164330505],[284873.26963648293,5983597.490486354],[285191.67426262796,5983620.680329464],[285320.5727261305,5983593.683232313],[285531.3384991428,5983518.52304972],[285563.78260160703,5983244.725882538],[285891.7728670426,5983524.683475232],[286112.71650441084,5983691.573962843],[286205.80377835967,5983746.732156094],[286281.7920911405,5983783.974807711],[286560.6890008729,5983901.66634807],[286624.1074132053,5983933.96832134],[286684.27276011836,5983973.388409577],[286708.85491087567,5984011.051793231],[286722.2800064841,5984065.865836212],[286729.7759883106,5984151.406017482],[286737.38096678536,5984373.19627873],[286251.9798259316,5984985.522436602],[286470.45904249605,5985190.610146433],[286589.5113893524,5985525.561264239],[286847.6684781518,5985297.2340961415],[287512.9766565822,5985379.483851049],[287797.023514051,5985848.6045580115],[288024.6133797448,5985706.83450691],[288239.36895970814,5985567.254991299],[288512.6983823059,5985528.942593101],[288957.2442834666,5985462.37798257],[289191.1493967287,5985340.669048615],[289405.3439236013,5985094.80482218],[289730.61810696777,5984882.314857086],[289956.16538166814,5984793.876960974],[290043.4509460898,5984756.144468289],[290124.61196255405,5984710.457397088],[290210.5157012297,5984654.99022918],[290365.3030827297,5984539.948435832],[290396.4979732875,5984463.313848101],[289955.66298127547,5984110.217805559],[289979.05876330286,5983648.115459293],[289794.9530184744,5983512.457662586],[289740.7210527612,5983406.288042132],[290007.5598574113,5983382.713738939],[289822.9523090236,5982938.378597731],[289622.4966341704,5982491.480317192],[289534.26666853763,5982258.2986805905],[289528.77740076184,5982222.343121164],[289536.4043492479,5982175.797931749],[289552.07685189135,5982123.09498064],[289587.0259976294,5981999.66992797],[289609.25540349446,5981934.352598613],[289635.5109189451,5981891.158005102],[289662.55221495405,5981865.340710543],[289463.1955381902,5981722.7187204715],[289577.0448151538,5981499.9633247815],[289575.3965379968,5981409.96591902],[289566.7834259784,5981363.989003062],[289554.3181501739,5981330.786086427],[289533.997707488,5981306.350286359],[289467.3101074202,5981266.407965481],[289428.50784941483,5981236.996916987],[289408.5964384265,5981218.431876928],[289399.96003785264,5981194.094824852],[289388.1783485906,5981135.345090333],[289388.01399588585,5981066.30861092],[289408.1254801601,5980782.82687524],[289867.98858209327,5980467.5428579],[289964.1424734788,5980441.676950401],[290024.2639053939,5980183.018247969],[290096.47481349204,5979851.79038549],[290148.1413215464,5979612.587261671],[290179.1938850777,5979413.379484968],[290188.75511718635,5979307.730500868],[290189.9569583107,5979208.057239627],[290184.5149230277,5979186.55466477],[290160.41361997835,5979162.632871553],[290119.23897878267,5979144.0614170395],[290040.20628776494,5979123.062399186],[289999.4166990565,5979102.390438564],[289928.69565898925,5978574.284545144],[289254.06151544116,5978732.676601749],[289104.7849511495,5978311.881971043],[289478.4939225763,5978259.641890397],[289537.5688793892,5978198.574494621],[289581.8796359915,5978149.4948975425],[289602.1250263704,5978113.26474203],[289604.9059491884,5978077.318015283],[289597.27341565955,5978060.4020720795],[289570.58485300746,5978048.328003861],[289511.3848889647,5978043.645402303],[289467.41685442254,5978038.179650897],[289445.90651159175,5978023.048719281],[289400.93675016705,5977982.720582761],[289366.3220559973,5977937.153210139],[289349.64253384713,5977903.716052061],[289343.2402991941,5977862.531779911],[289352.91620371863,5977818.54947654],[289384.9471542686,5977747.3858045805],[289427.7565001361,5977676.845586222],[289465.9024877781,5977601.715641284],[289482.86120508425,5977557.345443992],[289488.1200879989,5977520.776493721],[289487.96986916196,5977488.874909813],[289478.81334962975,5977441.66624376],[289460.7722994378,5977390.766017739],[289434.4862954505,5977340.154299796],[289397.8940236354,5977284.5504856985],[289355.7415422583,5977241.597773651],[289287.8760101842,5977189.439173633],[289200.3963178452,5977127.210334431],[289153.6389761716,5977092.0739786215],[289124.24348070566,5977059.8322378695],[289101.8477633083,5977024.199327141],[289062.59091306664,5976942.166298013],[289028.152830258,5976837.306482295],[289002.10463630594,5976729.151250832],[288988.32750574127,5976642.830247173],[288983.2637427645,5976562.458169902],[288985.17188301124,5976506.776200671],[288994.95489157364,5976460.486950729],[289024.31989850383,5976398.922380013],[289065.4663793901,5976345.200600343],[289100.4877184406,5976309.45401573],[289153.0190929901,5976275.61389171],[289196.63416656945,5976269.06700653],[289244.5859594289,5976281.147489203],[289327.1988839442,5976311.5270415805],[289374.32245153375,5976321.3851284925],[289400.9824137287,5976316.286149025],[289465.17198309675,5976301.195710113],[289527.0843282463,5976269.010907514],[289572.33560273424,5976239.66048746],[289600.93960159644,5976206.389835993],[289612.0354571203,5976187.490246311],[289614.9125859039,5976169.628705179],[289614.25319642667,5976143.635866454],[289590.8890016647,5976112.1836900115],[289560.05056999717,5976088.747795913],[289485.3991435915,5976042.83032064],[289450.2370250337,5976012.177512681],[289339.7902812902,5975843.93057359],[289184.924815258,5975628.19132394],[289149.72267633583,5975536.862338059],[288899.2813415928,5975642.917558048],[288824.6523709465,5975582.655609321],[288666.03057820164,5975446.119206231],[288564.5120454803,5975375.8764129095],[288477.2792397449,5975328.702831844],[288427.8911614632,5975317.61850314],[288350.59593322594,5975324.825977862],[288206.4627215648,5975352.133116061],[288171.7533483505,5975354.385233955],[287920.7223373372,5975300.611802366],[287796.5036327969,5975160.374560453],[287637.74319088086,5975069.848958833],[287573.9750718139,5975027.553102169],[287531.0806837715,5974988.0341808405],[287435.07002312783,5974882.572025992],[287365.0298948549,5974789.714579172],[287272.48080528714,5974645.843716158],[287205.2709849896,5974534.895592991],[287153.5359449517,5974436.144399924],[287121.50618216116,5974357.216225002],[287102.95915197674,5974268.78193254],[287107.5882027466,5974231.125821531],[287137.29417374264,5974179.305287113],[287209.7436501533,5974095.9505815115],[287312.3709506979,5973992.568514703],[287396.60122694075,5973923.82928331],[287685.0721152257,5973755.890137019],[287759.4694340136,5973708.759584753],[287806.50792540703,5973670.369380454],[287837.91443394497,5973641.475155011],[287873.1883442253,5973577.202289401],[287900.90387747996,5973507.982194509],[287922.626612314,5973445.89308314],[287954.27464344725,5973299.446754662],[287979.0788759496,5973214.777545093],[288004.8975371979,5973155.1375698745],[288023.8920508651,5973137.162924342],[288080.13154471014,5973114.432287924],[288122.54571250826,5973096.938335529],[288142.07011786196,5973082.997026574],[288151.4278541282,5973067.720038112],[288161.3561429456,5973040.7967690285],[288160.2522385074,5972987.802959064],[288139.85329969414,5972893.764631316],[288117.4761526128,5972801.935179509],[288097.43632574286,5972751.104894852],[288077.00546068884,5972712.84802893],[288047.4474911541,5972680.810041441],[288004.949982889,5972653.029215472],[287947.15011440404,5972618.815386739],[287833.71673292853,5972570.717010371],[287654.8592586266,5972506.4324563425],[287540.9031559024,5972459.638956245],[287467.24606546573,5972420.690971335],[287432.09119325876,5972397.170994852],[287398.5785361277,5972367.059516812],[287373.2868681066,5972323.4172892235],[287353.9390741112,5972278.06615508],[287326.6325061498,5972219.735405514],[287290.3095572982,5972176.73227036],[287254.4197139852,5972157.722804794],[287161.77657333575,5972140.95233997],[287118.45316802524,5972132.462195542],[287083.97567443457,5972113.386494061],[287016.08387232665,5972066.501773333],[286949.52508405596,5972008.79408144],[286901.6473187618,5971955.9360679425],[286873.2912346758,5971917.65428382],[286857.25612159725,5971874.6455009375],[286856.9181018369,5971842.931158077],[286878.50520669203,5971802.151299031],[286952.3931224914,5971719.01653856],[286963.7913076058,5971701.820307294],[287105.80313453265,5971527.756654112],[287281.0751941176,5971303.253928561],[287375.9098348068,5971196.383096579],[286850.2443517791,5969846.9042839],[287515.86674396694,5969487.95014129],[287220.77052604686,5969325.644886963],[287106.07817205414,5969145.802764405],[286724.39352466725,5969082.588632949],[286557.61392340064,5968960.085882774],[286595.368914064,5968819.189208314],[286970.6687282752,5968814.076409662],[287124.39597857185,5968792.211270012],[287164.8455106756,5968780.028230958],[287254.1668711193,5968747.645835562],[287518.6483415682,5968625.08040512],[287690.0863327598,5968573.294794662],[287759.8787678592,5968551.840983741],[287813.64601886086,5968529.947315263],[287855.56648202054,5968502.003814694],[287881.2974663628,5968483.052815046],[287910.33258012217,5968433.507132387],[287962.7866545692,5968320.404713951],[288182.6857454777,5968277.698135689],[288312.4120046105,5968357.710910739],[288752.7016676683,5968531.771070521],[288963.34397407994,5968502.335712742],[289468.87118944153,5967999.889056498],[289395.79203388654,5967784.060016569],[289337.7830973491,5967699.389195094],[289294.8286421038,5967637.103243429],[289276.1066299323,5967602.48679127],[289260.9399853293,5967562.242563222],[289258.5910343649,5967522.694760969],[289268.37595718354,5967495.94196878],[289290.00541330874,5967470.67011432],[289353.70302079804,5967425.1647322215],[289395.61011383124,5967393.179648921],[289418.6461734101,5967372.36132865],[289430.2417231044,5967353.444253635],[289435.1934335651,5967336.155899581],[289437.11174974125,5967292.416675977],[289419.4581011012,5967223.992183361],[289390.1140954923,5967157.4776786715],[289370.63147117104,5967101.124530129],[289361.54858328495,5967063.168948891],[289362.6799940709,5967007.253030311],[289384.6714993138,5966959.0466373805],[289422.3675246546,5966913.950798623],[289511.6060770117,5966826.276439346],[289559.0985946646,5966782.338719033],[289588.7470563315,5966736.023562392],[289630.08860101737,5966659.280881012],[289683.18947691564,5966546.85514117],[289738.2081172541,5966410.597758928],[289772.5516143888,5966312.586794207],[289804.15997536946,5966203.848833973],[289840.9104734808,5966064.294368058],[289870.3646650892,5965940.938883401],[289902.3600747315,5965782.973361012],[289926.19795726147,5965627.79481753],[289933.95547554083,5965499.19487232],[289932.78023006953,5965417.130662171],[289926.627361455,5965354.112400096],[289911.1588096749,5965262.34721658],[289868.06390150357,5965110.261249483],[289784.72050474584,5964880.285156772],[289742.16806965135,5964744.121136069],[289523.8191598626,5964909.833093051],[289401.50739988126,5964848.5807800125],[289292.0482455408,5964737.087204084],[289174.3156895898,5964589.104565632],[288779.8942976743,5963796.899956623],[288633.7959716832,5963642.630198669],[288794.9078217596,5963413.372395704],[288789.27148109116,5963276.365624415],[288775.9254021216,5963184.893071789],[288759.1548262844,5963130.579652511],[288724.0482144607,5963049.507765852],[288710.5729910685,5963014.70771765],[288708.72283039987,5962979.870439623],[288777.95977917407,5962928.179648647],[288969.07764974795,5962784.916814696],[288720.16980531346,5962684.54716645],[288603.26500720903,5962617.825775094],[288355.246703336,5962550.20126293],[288207.332639914,5962666.343290692],[288149.96684315894,5962692.73868148],[288101.05242570303,5962703.082453283],[287946.3896996565,5962693.98554875],[287894.7250578292,5962696.625742178],[287839.4887559917,5962712.985568313],[287712.2849135669,5962773.721121922],[287659.5543679055,5962787.4873561],[287646.5875632493,5962783.524598919],[287616.5944948951,5962742.451331016],[287258.0482077813,5962413.129811993],[286951.24175730627,5962505.323606541],[286893.0256950436,5962408.898020463],[286847.55923411064,5962355.77931378],[286812.0608743187,5962332.682796881],[286768.3477392299,5962320.203841774],[286742.8716626642,5962327.31597475],[286695.72052566893,5962375.027197652],[286651.4732959708,5962447.368801609],[286620.1920615854,5962521.009020513],[286616.00665106624,5962556.175646981],[286625.79536686745,5962592.855764797],[286638.55199033953,5962616.27852408],[286654.2825909769,5962634.88525519],[286710.9413369829,5962674.177894464],[286735.5423342008,5962698.082202353],[286745.6029109452,5962716.099785075],[286745.59565827716,5962763.770810001],[286725.18648542557,5962816.766948203],[286702.2028818559,5962839.084350985],[286689.53627436515,5962841.168528803],[286659.281639291,5962842.087172449],[286625.15012010746,5962831.774466779],[286545.8703061519,5962782.266653271],[286492.66468211915,5962758.20250988],[286399.82381219044,5962740.598510742],[286279.50010114536,5962726.297564611],[286216.80733028613,5962714.732899377],[286179.3421567334,5962702.315190511],[286154.37451125216,5962689.150569387],[286097.7833783673,5962630.343629507],[286063.27797792014,5962611.348430192],[286042.9283461878,5962614.001951357],[286015.97341726813,5962637.208778089],[285997.77901201695,5962658.705832811],[285960.0146549633,5962703.7063676845],[285951.0436637737,5962733.2881833315],[285954.4165852526,5962743.738920508],[285963.3934111716,5962757.371034898],[285980.98761912435,5962759.757213121],[286008.11098696943,5962762.810558289],[286044.24633520003,5962766.048861571],[286058.4325436689,5962780.620649513],[286069.43541942537,5962828.2060014345],[286076.0406161798,5962924.033627277],[286072.3735262323,5962997.957083989],[286076.93487089407,5963106.864184922],[286087.68295198865,5963149.51440477],[286097.676031705,5963173.654667908],[286112.40867478773,5963198.429649139],[286147.2920634523,5963230.2292041015],[286201.4136776412,5963261.355573595],[286303.49196920265,5963308.139550131],[286378.05982707907,5963348.231277259],[286457.5034235073,5963380.973108096],[286489.4387749396,5963392.863580281],[286517.08591279294,5963397.4565458],[286542.03275038954,5963401.779787239],[286641.51696552895,5963385.290671479],[286700.10320994165,5963381.664959574],[286730.1151491832,5963393.69747545],[286754.5150650302,5963411.855300387],[286765.42144805565,5963430.050144123],[286761.2393647628,5963453.89586168],[286736.059592491,5963477.791030232],[286709.4345576931,5963488.978969643],[286651.5086950045,5963499.26096517],[286623.45331713837,5963516.349896472],[286598.44318569824,5963562.655477723],[286589.9005852593,5963604.479800522],[286596.0915822219,5963631.279689642],[286601.9431325197,5963637.738045521],[286618.26910231076,5963650.265739847],[286647.6673219241,5963653.98994226],[286696.8609696096,5963651.518095341],[286724.26546491496,5963648.307778062],[286752.38766314834,5963653.026986612],[286775.0392073523,5963669.54517618],[286792.91181861795,5963694.1852302905],[286792.60105292406,5963712.368389111],[286777.9307023566,5963730.731483931],[286749.2668668851,5963747.994436644],[286717.79629554506,5963752.956362942],[286649.2305015689,5963763.001955224],[286547.2004119428,5963771.074954113],[286474.1401511822,5963770.629648263],[286437.1807457963,5963765.4815108515],[286403.1499705175,5963757.85440857],[286311.2991183074,5963706.5351047125],[286273.3583128629,5963690.828012019],[286188.5933152456,5963667.052059041],[286119.06724641565,5963653.224975005],[286061.34013687633,5963647.740376178],[286017.352366996,5963653.086874574],[285988.24723366555,5963667.808759278],[285956.53510539513,5963705.190618793],[285898.80708392244,5963787.023141559],[285916.85977693927,5964302.692246443],[285488.04602909833,5964370.852295851],[285249.83031560667,5964368.6681168005],[285208.666156102,5964258.182343131],[285184.1479291152,5964193.7503515],[285159.55334634054,5964148.582813403],[285131.7571913125,5964119.211023293],[285112.1039717961,5964107.967307063],[285068.1971359318,5964104.250485236],[284961.4236410456,5964119.743902203],[284876.57685490604,5964118.460267091],[284793.76750546973,5964125.360386349],[284761.2677124534,5964137.718420131],[284665.1419024803,5964202.655788902],[284557.76437258534,5964300.970989011],[284492.4858807754,5964377.04989055],[284437.54166165646,5964468.277593115],[284339.1771435514,5964690.292092398],[284621.486923811,5965053.55622478],[284345.3970677778,5965194.389497209],[284538.4892355567,5965641.756884284],[284264.4895249568,5965806.647971148],[284164.9581277864,5965628.769850025],[284036.69642248936,5965659.273906382],[284081.8991055768,5965771.511789653],[284116.4996087877,5965873.864391852],[283694.2611365672,5966073.692702789],[283459.21274497546,5965586.219315849],[283370.31841681805,5965418.403103728],[283244.5495724762,5965365.769017702],[283180.7902997779,5965369.528294604],[283156.2299776431,5965363.62272861],[283130.7048999183,5965346.51573888],[283049.50619980507,5965269.111450121],[283004.56555641256,5965230.355866205],[282965.25929602794,5965199.255196737],[282902.02140734624,5965159.398502298],[282842.88836879283,5965132.362555852],[282750.9618484266,5965103.146749804],[282690.82000442594,5965092.993740393],[282644.6825189376,5965096.88611435],[282623.64474723395,5965110.60367568],[282598.76455486007,5965164.50672316],[282579.79968028143,5965194.438245552],[282565.4234459251,5965203.095383588],[282531.0956220217,5965210.901529212],[282488.17437945865,5965213.904350679],[282428.2511021672,5965209.997518392],[282394.62432952225,5965192.662866347],[282380.3065189533,5965170.479650421],[282371.6314130509,5965128.927959958],[282373.44698961265,5965073.580614209],[282384.9329708349,5965008.63921958],[282438.7061675405,5964839.828105705],[282461.0394177772,5964781.58884801],[282520.88616496604,5964668.927056119],[282545.70515865926,5964613.275079051],[282555.2945510773,5964579.91932912],[282557.76017783396,5964545.495644083],[282550.90397356544,5964518.785477383],[282525.44852307346,5964491.909232469],[282454.38743490726,5964441.363369655],[282423.7090594983,5964410.34727497],[282355.5200846121,5964332.504242582],[282311.95597080607,5964274.242072277],[282293.5937701091,5964235.610581432],[282286.3069986608,5964196.988920584],[282297.8268052768,5964156.414107943],[282323.2140724147,5964117.002191372],[282389.5477052191,5964053.893858649],[282417.3234788142,5964018.400811432],[282431.81301493384,5963990.184121748],[282436.9568824051,5963964.681359978],[282434.3299956778,5963932.50354206],[282415.4776819898,5963837.778470742],[282394.7712117424,5963838.579489691],[282308.3476242861,5963870.871532533],[282269.63375911675,5963879.730801342],[282239.3843170563,5963878.185885953],[282221.458347179,5963868.408602592],[282200.94232999906,5963846.862882851],[282180.49761624075,5963813.057170635],[282160.18404250685,5963782.999164673],[282143.64673127607,5963775.07263723],[282135.4552017106,5963782.001322746],[282119.7847746499,5963815.181639042],[282115.31568743754,5963887.63224124],[282127.17000119574,5964004.789348347],[282130.42087828554,5964053.338873055],[282126.38793667965,5964198.06660305],[281707.8039258113,5964523.522150302],[281687.86606521066,5964690.071262324],[281597.20847643353,5964765.787932202],[281515.3770657014,5964794.43817698],[281283.14603281394,5965001.476706011],[281156.693226452,5964950.868269604],[280968.7754049739,5964834.108852189],[280765.1928161038,5964751.159739694],[280623.58606447,5964743.57257618],[280561.99759397097,5964734.971105283],[280529.3301866222,5964723.606555264],[280509.16387522966,5964712.054718161],[280488.17439283617,5964691.27602577],[280473.92340018414,5964655.752664324],[280448.8101365911,5964545.0809076615],[280410.9419504907,5964399.067459891],[280533.7265571188,5964160.154991049],[280551.0259883804,5964049.685627272],[280559.80277558044,5963968.220616356],[280565.34384960495,5963844.059148312],[280557.033125164,5963744.893995691],[280547.06481506117,5963714.869358089],[280534.8724356936,5963695.283754064],[280518.47988084704,5963686.276028279],[280441.2561347084,5963679.297801174],[280233.9193861764,5963673.294834334],[280170.95928384364,5963661.239218352],[280024.14576234296,5963619.0976089],[279971.1132923532,5963611.947817631],[279960.16004366893,5963606.327422343],[279957.2649819944,5963596.654547289],[279960.3914392628,5963570.047139043],[279975.227620461,5963536.507793084],[279992.9382072482,5963513.6244450845],[280014.80371447187,5963495.098461164],[280041.4062134605,5963490.415290128],[280078.2736176094,5963493.127671231],[280119.31342848204,5963500.697111342],[280154.40198378824,5963495.466840994],[280185.4630693309,5963482.372605462],[280234.3833660744,5963450.642421622],[280262.53507440723,5963425.892799044],[280282.87947242334,5963394.19446932],[280298.624776992,5963356.338173982],[280309.1187504679,5963305.9403662775],[280316.291080202,5963246.4031284675],[280317.88439880684,5963177.555296721],[280315.8772763293,5963127.344776107],[280308.0537286056,5963075.336559445],[280286.4131737761,5963025.11707413],[280258.89079106227,5962985.751024492],[280182.58058589045,5962913.875680411],[280141.74169850163,5962865.066614412],[280120.27192220744,5962827.50182482],[280098.24711369816,5962769.986867553],[280084.4029071592,5962702.654945672],[280083.9131764993,5962639.158112127],[280106.26832262333,5962512.584063396],[280132.6316473223,5962380.045905553],[280139.46290511824,5962305.558100782],[280133.4223993793,5962223.922757965],[280123.40035567805,5962151.979230534],[280094.7460537674,5962069.4307983145],[280062.809737131,5962021.76848042],[279953.20770391077,5961913.535134422],[279899.3672181312,5961876.145103233],[279876.0002982784,5961873.210464358],[279829.4698710125,5961894.600749133],[279757.67962538917,5961951.89634786],[279712.3694804488,5962001.010915607],[279684.54229201004,5962046.268216468],[279665.65971673,5962110.211181063],[279665.36905476265,5962216.2862276845],[279660.4049298316,5962331.780469799],[279644.90370183066,5962394.587021716],[279620.5647968296,5962429.9837732185],[279577.14113595337,5962461.521618359],[279483.1317405384,5962516.60343984],[279366.5703456206,5962584.710770721],[279288.3066135021,5962635.728911957],[279260.82071003504,5962665.208143802],[279243.86953252833,5962694.106866332],[279221.7613986647,5962757.130299432],[279208.5688391207,5962837.640897321],[279200.8352206219,5962945.477306496],[279195.3664793987,5963166.567921801],[279183.8377950527,5963303.290578373],[279191.05132103804,5963372.257585149],[279208.7127134502,5963442.255685259],[279242.9648719998,5963520.355634911],[279267.2884320561,5963557.77791339],[279287.59057120606,5963577.540044842],[279314.7378065996,5963598.39341972],[279367.5503487596,5963613.5558038],[279451.4612744106,5963638.136417221],[279477.1329633882,5963649.745761955],[279496.100003954,5963667.298443269],[279508.6183525147,5963691.67034032],[279515.5000202786,5963738.208149133],[279505.5894773556,5963783.832634214],[279494.09883968346,5963805.747874249],[279482.13519028574,5963814.232647141],[279442.85123516433,5963835.308118338],[279374.374286538,5963851.462684471],[279175.9579208335,5963874.209194785],[278597.2313460121,5963979.80906819],[278561.9916351661,5963861.87862315],[278548.4218261,5963624.207794523],[278437.20297041535,5963555.555200683],[277989.15600613784,5962592.483001996],[277659.1577678751,5962189.75332058],[277365.84313289635,5962241.467599515],[276832.0232150089,5962228.88522741],[276515.51961417496,5962227.189609343],[276280.25397920515,5962051.787464384],[275962.0636902433,5962272.327587884],[275524.01570664626,5962290.077898057],[275224.0234029293,5962295.557743762],[274997.8222127827,5962298.1937900875],[274889.25874776393,5962503.98599566],[274667.7257226631,5962687.964409171],[274419.75208778307,5962556.775827238],[274320.096192088,5962669.075864593],[274337.55495226383,5962865.25042033],[274485.2938335901,5962948.134589173],[274663.53795903455,5963009.1886164285],[274635.81793583,5963103.465669911],[274553.2934041489,5963111.356434841],[274341.33534158394,5962973.9469830245],[274112.21752616204,5963074.008310955],[273791.22192657925,5963029.706645651],[273250.8641360942,5962812.260170961],[272775.8916823827,5962629.93372656],[272674.06880157813,5962830.402336121],[272486.30539937597,5962940.535913169],[272262.1928574806,5963341.80473721],[271736.5937358197,5963116.982554488],[271209.98211408686,5962871.042969897],[271151.8325007409,5962672.530450664],[270788.3122379761,5962512.90431197],[270757.0485671628,5962508.944678642],[270747.56326338556,5962535.092902964],[270819.73083700985,5962667.453423083],[271080.9004116701,5963031.029789675],[271402.45471385587,5963346.16306692],[271357.4321798552,5963389.16068122],[271262.5732124364,5963340.453329815],[271188.2434737524,5963318.911451293],[271158.0965487072,5963318.573556099],[271118.26744261663,5963335.118473431],[271057.1308667278,5963368.026589282],[270987.5161260059,5963422.620986119],[270898.6893283501,5963501.148822274],[270820.8701102445,5963579.167933989],[270794.4572267635,5963617.865279969],[270776.3938164301,5963652.869646607],[270772.03548219334,5963677.685973471],[270792.0753090633,5963728.516258132],[270833.19709738065,5963795.619244993],[270919.1118692281,5964010.178485099],[270956.016904708,5964110.016458942],[270980.291698101,5964153.19396228],[271003.14745697286,5964184.4137777295],[271062.210832702,5964242.383749682],[271083.206725155,5964273.327420428],[271126.9140213663,5964361.44386003],[271143.58712907415,5964416.14424832],[271143.912936029,5964446.901667751],[271135.1844113292,5964461.966124482],[271125.21664470993,5964467.733076623],[271099.43743080273,5964476.9754010495],[271065.4895076528,5964471.909484167],[271031.1219364237,5964454.850907207],[270989.3739694143,5964427.043853244],[270951.4399597226,5964393.850127798],[270919.2371476982,5964361.037923079],[270886.6227204511,5964321.572620973],[270797.8922563018,5964137.813186569],[270755.03667395096,5964063.565822128],[270713.69730473123,5964012.180696219],[270598.29633349925,5963902.64934985],[270539.48490681406,5963837.075145071],[270453.2218594048,5963688.591771217],[270433.90767401084,5963658.498794589],[270413.304229198,5963634.454603253],[270390.1797777312,5963617.002606971],[270348.5367227411,5963592.193718025],[270254.87407235615,5963556.984397022],[270183.8492288487,5963539.670824377],[270131.25525340065,5963530.754617432],[270083.31425135955,5963532.002478033],[270036.4656768618,5963545.578539973],[269884.84676148,5963609.16965176],[269832.6411527889,5963618.501023911],[269806.0874214098,5963617.4289708305],[269710.132741753,5963577.510153821],[269680.71591461636,5963566.657915389],[269613.7768655019,5963561.870217359],[269519.96412645373,5963562.2558110915],[269400.80728966,5963559.316344749],[269359.4375856146,5963563.765792718],[269328.75622930005,5963573.93203092],[269297.65638049226,5963599.698301591],[269244.8072287757,5963690.822082104],[269205.6102438299,5963757.263593536],[269181.43355114385,5963788.378100293],[269165.67938976735,5963795.683502352],[269155.3064823868,5963797.487649653],[269126.32225743774,5963793.308395017],[269098.69181482773,5963775.763918931],[269071.20630728174,5963755.2125351615],[269022.4478597576,5963698.633042639],[268972.38403239846,5963633.343874348],[268831.6409722259,5963425.651185632],[268785.89148446824,5963379.460353695],[268700.25825314503,5963305.659864573],[268654.6248003738,5963250.395597361],[268644.4143332895,5963225.313619386],[268640.9592212923,5963190.913405715],[268645.09450368956,5963131.830526609],[268662.90635922924,5962960.254814638],[268686.3428522842,5962829.823920399],[268698.7442824226,5962819.165239323],[268726.96457003057,5962810.673162591],[268732.18143955804,5962802.485716425],[268750.6604159558,5962765.81706617],[268766.7122239778,5962716.975849362],[268764.26388091594,5962697.049281262],[268758.99222525395,5962682.2245661225],[268738.3400166286,5962663.935601909],[268706.27352517284,5962648.29742345],[268651.18613124546,5962632.464182133],[268606.19015118387,5962604.770782102],[268591.73671603575,5962577.7597076185],[268587.1561280452,5962532.642297313],[268591.7186595183,5962491.457550611],[268605.84765167907,5962473.452438014],[268637.0265935501,5962458.933010645],[268667.59990465455,5962465.287926219],[268707.5165677583,5962483.653246986],[268725.9527950678,5962481.507206256],[268752.4503820371,5962473.825870214],[268781.65393472,5962450.54035946],[268796.59871728905,5962427.253485881],[268822.6457717195,5962363.803793931],[268832.13161324244,5962313.191109069],[268822.3341547735,5962276.261144169],[268811.96433664486,5962265.867426263],[268793.75677983556,5962260.250721263],[268721.78333409503,5962262.268915581],[268705.4733322412,5962260.838412346],[268689.2470667707,5962254.652071841],[268681.40194749366,5962244.9204685],[268678.7773889918,5962234.25572787],[268682.346551599,5962221.873338021],[268690.1631146446,5962209.342322819],[268736.67372929584,5962165.939267343],[268755.65977951046,5962143.76174725],[268780.6448839018,5962092.856864791],[268813.27675034385,5962017.419564385],[268832.7094936948,5961828.863175662],[268936.5438894639,5961686.906667644],[269031.1427119244,5961466.463647494],[269050.33529085293,5961392.997532919],[269052.9989071945,5961361.88535515],[269030.1173171848,5961279.885383571],[269029.1146335183,5961222.635429738],[269042.13194472715,5961187.158506531],[269121.7455637576,5961046.0380467735],[269138.3569025537,5961013.18704338],[269145.3240637481,5960990.679629374],[269158.7614189554,5960917.164750602],[269163.1518221544,5960842.46552464],[269162.62982070167,5960746.617234919],[269157.15900810435,5960714.096579103],[269140.91429114714,5960671.638697961],[269137.9027260607,5960628.46760755],[269152.3528687293,5960598.19375979],[269199.57436366286,5960546.510779841],[269216.8600881528,5960516.950565787],[269244.95853616577,5960456.618681258],[269268.353441068,5960396.013475839],[269278.2202696996,5960349.139754582],[269287.6039252458,5960267.011367885],[269290.5513610048,5960105.277561],[269305.0116859935,5959835.13844691],[269306.36798734777,5959723.772898162],[269299.9706611084,5959638.958651615],[269291.94389932137,5959618.963210231],[269246.8218325544,5959580.51764364],[269234.7831299696,5959558.174978249],[269210.7861696584,5959451.448888708],[269170.7090657493,5959185.437703343],[269144.58860127814,5959053.77061715],[269101.47992549837,5958998.584894627],[269074.65417781286,5958863.85010485],[269029.26675822306,5958574.760508621],[269006.2406290695,5958445.7368291095],[268967.89281455707,5958293.48475055],[268955.7791201528,5958276.14777104],[268940.00514521636,5958261.44040164],[268862.1581627177,5958217.13566356],[268847.4160648566,5958192.491535012],[268844.4382630298,5958153.96670239],[268851.99527016934,5958105.4227363095],[268879.84779547434,5958000.634619933],[268883.31107895635,5957949.48221785],[268873.1118546119,5957851.028672185],[268852.28422143776,5957741.94030343],[268829.6911394838,5957668.18528565],[268804.2735155951,5957610.605954252],[268769.0329078147,5957557.488836162],[268713.1126321694,5957496.407044502],[268630.42510985397,5957421.002560865],[268566.9583267793,5957344.425196826],[268525.4205806786,5957272.583858019],[268438.629441116,5957079.497531449],[268332.17186134215,5956850.453020098],[268220.46871126443,5956621.60004882],[268153.22001891024,5956468.139606325],[268119.27893124614,5956367.733443258],[268070.4355371678,5956170.553724701],[268022.45657848474,5955835.918595921],[267966.8126891395,5955527.801536787],[267956.98065591697,5955439.841567917],[267953.76248287223,5955356.494911902],[267960.08724893816,5955314.15605133],[267996.4981020279,5955232.332691109],[268029.30482183583,5955161.892332399],[268046.0799431065,5955112.275346333],[268046.258882693,5955074.495980533],[268041.5288293082,5955052.807743043],[268007.3272426538,5954977.047840973],[267964.90376195405,5954908.489484176],[267916.4577232152,5954839.391410178],[267853.13956644945,5954767.061447352],[267786.29227012396,5954701.108801652],[267690.0473417565,5954625.203338414],[267622.5047008395,5954588.51769566],[267577.3587342948,5954570.8356651105],[267522.1926563522,5954552.7538000345],[267416.0191121539,5954528.201742841],[267326.55773255695,5954516.573154781],[267251.12840287667,5954511.072157703],[267202.7260575807,5954516.403528102],[267145.0974456202,5954535.180324506],[267092.45567061007,5954567.79118963],[267067.53616592195,5954600.289320542],[267044.455682273,5954647.268394662],[267011.83488672506,5954744.46861944],[266980.67547886726,5954869.134538211],[266947.1676525576,5955049.313340031],[266944.61081652995,5955089.5305514],[266946.28532263916,5955180.27749916],[266939.28478001617,5955221.001486339],[266886.2817776548,5955374.244505607],[266842.32033186685,5955483.348601701],[266803.1887509236,5955551.75890336],[266778.3586863382,5955585.64795606],[266750.9062318457,5955610.87686763],[266715.454333446,5955632.376345584],[266666.26068575773,5955634.848192498],[266609.22191879526,5955627.588436091],[266557.22011656873,5955614.148753602],[266501.7730968734,5955598.738241419],[266448.387043193,5955577.932567436],[266399.6695858175,5955551.119849442],[266357.06716553215,5955520.340858461],[266316.47040357906,5955480.882265491],[266297.83398880623,5955450.36948378],[266272.47646565735,5955361.952172013],[266261.30232203845,5955328.572522314],[266249.92068260256,5955310.709619861],[266237.6866545081,5955297.293347063],[266223.98671357613,5955291.604862595],[266173.9321981715,5955312.368002709],[266141.4157444099,5955326.763930425],[266124.6107829334,5955322.184704522],[266100.6009146897,5955304.177437231],[266069.44405666273,5955264.492739949],[266012.55334482715,5955175.677921889],[265986.5857671974,5955141.315007109],[265956.3569940906,5955113.855331652],[265925.0519114239,5955101.082124811],[265902.96102137584,5955103.466270188],[265886.43983340915,5955110.298206093],[265858.0907339994,5955136.55565385],[265823.6164927576,5955180.788296666],[265787.10481386725,5955216.83718437],[265767.45801115315,5955227.280634152],[265753.6814084295,5955231.634562558],[265708.1743107261,5955227.353869872],[265665.97405318357,5955208.067844791],[265632.7995710699,5955182.212163862],[265617.55657067616,5955161.232389327],[265610.2437702501,5955132.993226305],[265617.602042011,5955098.192239972],[265638.3609215962,5955055.18998516],[265681.81353462674,5954995.884142941],[265746.8068150226,5954923.066744588],[265772.6959569724,5954883.87517711],[265906.38375982177,5954650.819708452],[265963.42923404835,5954566.640621934],[266114.069028236,5954431.601806898],[266190.1038212767,5954330.451870289],[266222.95995609276,5954293.2939332705],[266262.6698361598,5954273.87958481],[266335.71028336044,5954252.312119197],[266375.169999484,5954236.172314258],[266396.04486198537,5954217.931148849],[266406.2913059313,5954198.871765131],[266408.8923712466,5954170.452822162],[266394.58892258536,5954133.4303782005],[266371.8606143901,5954098.70396165],[266307.03463150095,5954026.176606981],[266270.45107990503,5953988.6830258425],[266230.07105537783,5953957.075809587],[266197.9695932474,5953940.438242791],[266169.1722885771,5953932.44041118],[266139.2081246944,5953933.989226313],[266105.0002497202,5953942.94097417],[266045.26289668866,5953965.7940079495],[265998.807462194,5953982.1786076],[265963.80353751685,5953981.26389214],[265941.6550405398,5953971.670839081],[265918.66678052023,5953950.962087281],[265878.52922248095,5953904.837512109],[265860.1431220053,5953886.9695572965],[265841.01991229225,5953876.631984942],[265802.34238081984,5953872.231873671],[265696.4757952178,5953892.1963101495],[265558.1092759874,5953891.284522809],[265314.7770638177,5953886.04080756],[265179.44240892027,5953888.787994143],[265026.17745294515,5953895.389048275],[264925.7863285197,5953907.407144511],[264876.54760541953,5953922.888525171],[264849.89869646076,5953931.75870222],[264788.83844979387,5953968.483662179],[264732.95099090785,5954022.72125929],[264700.85651345365,5954070.622924363],[264682.4597683139,5954111.410110073],[264674.2058199337,5954166.863783851],[264682.9261722006,5954237.35194212],[264711.06289678905,5954369.448779611],[264318.61287725624,5954448.381742323],[264331.4373173071,5954594.111959523],[263641.25532748736,5954701.063506624],[263620.4179854905,5954555.953444328],[263010.47126728855,5954653.40328211],[262813.33157752734,5954144.226154009],[262740.0932848789,5953815.9486718755],[262628.05515305884,5953695.403110769],[262274.6445669383,5953624.9788271915],[262225.24828074593,5953796.278805111],[262011.52252760064,5954000.8780840505],[261936.6989808902,5954003.520582184],[261958.24275940657,5953829.38641865],[261599.10099621024,5953471.171636952],[261354.4314992018,5953921.49381358],[260714.63023722172,5954002.906530591],[260581.2260822337,5953967.376022903],[260529.69405587576,5953945.915005691],[260498.72975263465,5953923.617017634],[260327.5932477843,5953732.101825861],[260188.6872329451,5953551.348903237],[260102.49350469373,5953425.786354227],[260027.3160196226,5953297.704977334],[260029.5006827386,5953269.993670063],[260088.8722057715,5953222.38828955],[260110.43864266295,5953192.225486528],[260111.2028333582,5953152.814817082],[260067.94269983564,5952992.569288347],[260081.4827186931,5952939.723810038],[260105.6046271436,5952885.597143484],[260098.2260545427,5952849.42742273],[260061.35858520493,5952807.846900573],[259993.24320604745,5952755.69704321],[259924.56051959656,5952723.0789718125],[259876.27514326572,5952715.763069082],[259849.08086157124,5952716.194999829],[259809.17487979122,5952728.367320022],[259762.52438244503,5952767.77282214],[259714.00488637667,5952825.254741054],[259658.79860831704,5952916.0697319675],[259576.3136592321,5953050.957949862],[259537.9689184418,5953141.854489142],[259512.138379124,5953224.75887309],[259508.0385365244,5953294.49453873],[259540.49124177825,5953442.70029746],[259533.54033009429,5953499.918922143],[259510.8487976836,5953517.782838762],[259443.73354026582,5953530.9570859],[259502.3450093828,5953737.647350736],[259592.55172937922,5953722.70305915],[259645.59346364066,5954225.725276083],[259285.771210026,5954243.527782716],[259276.1174492659,5954143.286792733],[259204.70137638785,5953799.297350939],[259309.41012322996,5953744.34841142],[259268.66212311015,5953592.324340221],[259076.32100399025,5953531.737103632],[259027.12660987023,5953531.222818371],[258966.24704193976,5953545.84509352],[258894.88422091492,5953579.611352941],[258843.3512581801,5953619.691876261],[258732.02411902696,5953715.13957773],[258525.9331751261,5953904.355173852],[258271.36361868493,5953512.87443316],[258183.42076805606,5953464.421250954],[258028.71743051708,5953205.723015225],[257850.75718059018,5953302.650871998],[257777.09485777002,5953111.9151274115],[257478.6519183917,5953043.456381455],[257243.6635582978,5953166.10272444],[257153.03123137075,5953206.797089111],[257090.04586623795,5953229.763777582],[257032.0202975236,5953240.427689701],[256990.3131660875,5953232.002866827],[256952.5240914626,5953195.802233709],[256922.4503581589,5953151.326728478],[256901.0189876277,5953099.41689392],[256881.54792744108,5952990.408686735],[256876.00722665899,5952717.6856339],[256708.31145027094,5952416.480270548],[256677.60790895484,5952345.14592362],[256245.78977222275,5952350.750322666],[255773.8135995185,5952318.52751586],[255335.98015461024,5952295.040028924],[255334.73768465035,5952065.692716109],[255766.05340841413,5951880.982253572],[255651.22963798605,5951301.400644651],[255630.50107557047,5951302.376133889],[255575.35929332674,5951213.500117151],[255552.42926694546,5951186.5337775685],[255504.9727526987,5951167.933710687],[255372.91769253556,5951125.775978042],[255152.02510523982,5951011.180647079],[254917.7689092243,5951307.282962283],[254616.06273681298,5950764.27258802],[254383.2209841339,5950837.209834591],[254292.34385958407,5950840.57489332],[254331.8304414833,5950756.33838276],[254750.06494715437,5950236.504182087],[254823.655666193,5949969.776961429],[255025.93051789608,5949891.657477988],[255039.03593757097,5949698.078781081],[255024.51432106644,5949604.779545071],[255042.09219236113,5949559.893178038],[255080.6829074109,5949544.27828552],[255202.7481674552,5949544.009416714],[255251.8281604536,5949538.2895576805],[255277.11262411159,5949520.150045939],[255299.8903136244,5949496.333128715],[255314.40943053644,5949432.286210401],[255318.52348023653,5949345.098619273],[255472.94505872205,5949367.236420505],[255704.86046936177,5949453.9533667825],[255856.77176700998,5949176.480484029],[255588.43817764428,5948606.197953751],[255218.873685685,5948638.961442079],[255109.799121744,5948559.927783223],[255006.89491319377,5948780.393452974],[254908.02140271105,5948720.5625397675],[254894.34742617048,5948701.52908591],[254890.465248717,5948682.66493802],[254896.41654011607,5948653.427305622],[254978.75690552685,5948554.487289831],[254990.2700779587,5948526.067282239],[255002.4057437312,5948451.097034246],[255003.92815578543,5948344.478580112],[254989.09184589703,5948239.448170047],[254966.25392360706,5948161.434112204],[254901.2999217054,5948006.610898064],[254874.1672380101,5947917.505243028],[254883.9501568908,5947739.554282101],[255193.48446178343,5947571.177336369],[255773.52630320098,5947845.59302393],[256441.3610282829,5947683.49032891],[256173.59170420468,5947101.028426236],[256241.9458303228,5946820.593894534],[255777.10618954152,5946638.968725791],[255614.308762121,5946457.700281611],[255577.70075610932,5946340.302247433],[255274.0363339698,5945998.3445655815],[255050.75186908897,5945843.080770876],[255036.01114588603,5945801.301052868],[255288.06858932972,5945734.195388392],[255305.48146877252,5945633.297865193],[255351.67262753565,5945150.895243352],[255320.06610555016,5944911.602096409],[255301.34520439617,5944819.6717184875],[255272.47723232023,5944752.414742652],[255236.49708066788,5944703.618515821],[255167.6123437453,5944629.482114332],[255140.9688565079,5944604.398512362],[255124.27048694622,5944584.72042927],[255108.08793481905,5944579.783324182],[255071.04567730427,5944572.074001379],[255004.18924238905,5944555.902124226],[254821.34587642085,5944513.443439553],[254512.02402165066,5944358.968987118],[254121.78737690393,5944134.305107264],[253962.1519881282,5944126.023138547],[253905.17355853412,5944224.382665299],[253758.45383181982,5944485.173068298],[253472.83358455822,5944976.489614895],[253447.53382807225,5945007.615708837],[253412.18433200754,5945027.500849703],[252933.8796665799,5945163.018855063],[252539.2000595918,5945264.846066464],[252086.0422410071,5945196.093270162],[252040.47862279136,5945023.873203268],[251918.272278429,5945062.628664436],[251854.42002705391,5945075.119260671],[251814.98165463563,5945063.272489119],[251787.34638750553,5945038.442437241],[251765.81485872157,5945002.173224831],[251731.2493125992,5944850.06220508],[251677.959712103,5944683.33003372],[251664.88252799027,5944576.942799525],[251637.5976644801,5944510.618497791],[251581.12101954035,5944456.548355291],[251437.4283231888,5944364.786090458],[251282.23544132337,5944274.525706291],[251273.26876057684,5944271.70127756],[251204.38544596825,5944299.126763361],[251188.22639475297,5944323.456737174],[251173.9083621623,5944393.25013911],[251186.86697333306,5944513.370439868],[251201.42080257088,5944699.974058829],[251185.7805098882,5944782.5730958],[251148.75114519894,5944852.173975982],[251010.33746383525,5944965.063734915],[250882.9799868567,5945058.0807513315],[250859.61771667842,5945104.669060111],[250862.912744225,5945156.592772283],[250911.42707027495,5945248.700796727],[250985.61832567863,5945381.939511292],[251048.35537716653,5945480.555873344],[251100.65539921727,5945538.262203861],[251169.79508293793,5945593.18406833],[251310.64174260292,5945705.771298014],[251227.57476956304,5945748.202159312],[251122.5825916119,5945765.139570434],[251082.64052559715,5945824.816516448],[251055.76941751502,5945886.279585762],[250993.47319604177,5945914.71560378],[250911.76525806077,5945988.857401051],[250662.06445848476,5946016.100161521],[250498.75546827912,5945939.977479611],[250370.79275104776,5945955.291072531],[250306.76485584024,5945954.498296451],[250248.72011040896,5945941.051325092],[250197.04450810794,5945908.338445719],[250120.3933388712,5945826.719065333],[250093.35177805368,5945747.366190648],[250077.32426278386,5945725.413255114],[249995.1609046543,5945715.0302121695],[249942.24520846643,5945632.580278292],[249855.18830128852,5945635.671930013],[249805.18174569122,5945618.865091642],[249758.9784070449,5945591.5454593655],[249694.51174580585,5945494.409171222],[249668.26735352725,5945489.4409316275],[249619.6386326272,5945520.793672791],[249509.79351634253,5945662.97199543],[249460.099775617,5945715.491942631],[249370.65451928228,5945718.621817902],[249260.4200691376,5945806.780714231],[249037.24630134646,5945833.15998636],[249061.59327954892,5945779.4671143],[249072.87993738987,5945644.489851939],[249046.29435445182,5945563.870255811],[248988.0167811243,5945476.156954989],[248832.27310031466,5945402.442319024],[248631.4881821759,5944639.992323851],[248705.41417860053,5944036.35287022],[248575.54442116432,5943913.5732763875],[248494.69557194225,5943817.103495501],[248442.19237769302,5943687.98135858],[248350.48478890397,5943571.469824148],[247854.466514593,5943304.371729761],[247481.7189468611,5943220.913927352],[247211.16653333884,5943068.769755788],[246770.81312821805,5942732.6865489185],[246713.56037546415,5942702.69746688],[246556.5271236524,5942652.826429496],[246379.80451899115,5942572.539521411],[246299.1066318201,5942546.845864283],[246164.09440173022,5942534.55981878],[246019.69296544045,5942548.992865602],[245791.82048748713,5942611.875779444],[245721.8242828343,5942619.862792421],[245682.20386833698,5942610.458279412],[245578.91522743832,5942532.522681782],[245299.81000400335,5942351.355120268],[245168.45811362565,5942322.978499474],[245074.75338012166,5942286.50308051],[244914.71687677875,5942229.169405047],[244784.85656289943,5942201.5890296195],[244719.90966680832,5942200.011602683],[244644.07627536077,5942231.78067814],[244519.9116554577,5942309.69526805],[244505.6666260725,5942559.108415643],[244587.58589718398,5942748.281303255],[244620.1485403916,5943006.341214882],[244677.10339895915,5943192.742100282],[244878.4132534163,5943291.779685531],[244908.14815718122,5943358.735220814],[244913.8748450363,5943447.638712689],[244894.4279174693,5943502.803147567],[244872.71882276423,5943522.861692473],[244814.2380741639,5943527.37246849],[244705.907023184,5943512.651874291],[244629.5426040152,5943503.566832488],[244576.22259116918,5943523.943933129],[244567.18683658913,5943549.052204523],[244573.59820698202,5943649.112270214],[244618.49722490087,5943774.118582811],[244694.34969125316,5943911.550032439],[244828.09099493176,5944114.285797775],[244854.8544520773,5944159.088482499],[245001.41364340764,5944294.045756981],[245043.4275807673,5944336.602531621],[245075.33540884592,5944389.066898005],[245070.99234256055,5944445.205001241],[245000.44588112272,5944559.491962602],[244997.7109641675,5944565.892179251],[244945.1672919104,5944709.767010283],[244917.6151373936,5944744.501773583],[244893.1411910355,5944767.121478774],[244844.59081345797,5944780.827702524],[244651.7502491586,5944767.313200641],[244587.480674983,5944789.324213421],[244564.1934091933,5944824.410046227],[244600.37536922656,5944936.21312429],[244598.18608914502,5944988.096223984],[244557.72202931903,5945025.50935935],[244406.78568257578,5945101.839718571],[244284.91365711484,5945235.92835696],[244236.12181836925,5945257.389117353],[244186.06027617306,5945256.147693647],[244037.79043540824,5945172.24782376],[243665.17224216368,5945032.166586697],[243250.56472113542,5944893.306185434],[242878.73952146526,5944776.213396972],[242884.21246991027,5944932.9765161835],[242985.9276018683,5945101.772715583],[242899.5589949498,5945329.096916294],[242600.4361675661,5945887.9845057875],[242404.98558435123,5946078.686189113],[242295.62195918616,5946278.7483729925],[242231.1025028918,5946538.39372278],[242182.0408779448,5946706.116490331],[242075.90445833188,5946568.243821064],[241949.62558076158,5946719.752550449],[241784.46053743735,5946710.772991588],[241732.43300634995,5946727.431837173],[241675.46425182372,5946777.125250198],[241569.98620919138,5946951.170344995],[241509.3439298831,5947007.891532689],[241467.61339750793,5947013.78869237],[241338.79034028947,5946949.564986512],[241143.05232790485,5946867.610629344],[241034.66450933553,5946834.493939163],[240901.32938100118,5946793.957563663],[240854.4009973053,5946761.152547505],[240813.65133143496,5946697.464703184],[240760.58649063576,5946534.806520928],[240711.94078819733,5946374.055005461],[240566.08147103805,5946406.694534352],[240524.21866012271,5946521.43916286],[240083.15908423904,5946699.203542819],[239759.824972854,5946741.463338124],[239636.74995387532,5946635.083580069],[239531.71849609353,5946262.089072673],[239558.07930305135,5946138.45233671],[239106.1067484971,5946089.96741],[238762.62341262214,5946083.665086694],[238528.62275967374,5946137.853438031],[238304.13814237528,5946197.668362742],[238181.80282871332,5946225.96381907],[238133.43939060997,5946225.199145559],[238057.93385483976,5946203.2817267515],[237847.27347276825,5946103.614833042],[237677.56229443196,5945977.695593346],[237634.48913507536,5945919.166091312],[237615.050686636,5945915.363053987],[237598.08373027574,5945943.954374861],[237601.86056301184,5946051.888315471],[237583.1951255584,5946085.05543163],[237470.431461934,5946156.298343191],[237152.64727711026,5946299.2124713715],[236920.68467579875,5946411.63847837],[236685.62579061743,5946527.181783246],[236532.39603362884,5946694.871910561],[236351.58883270435,5946697.917370928],[236207.8514275169,5946722.456000123],[236112.77785899397,5946776.155545762],[236028.66720968764,5946834.790387463],[236157.2779612569,5947268.650587263],[236039.13622700423,5947309.557104196],[236190.6955246767,5947953.759589061],[236204.8622488072,5948099.494728481],[236205.9578552749,5948388.09352424],[236263.49080674537,5948631.180286892],[235942.51832423732,5949095.664874908],[235826.16260829195,5949259.330619624],[235652.15000316594,5949289.801511478],[235659.6424699584,5949503.920463089],[235743.22627038974,5949700.064826172],[235742.9864550298,5949868.790496588],[235712.18605147023,5949955.501433149],[235562.02334298845,5950346.033294331],[235080.27658386528,5950593.625712594],[235075.17000993993,5950588.847582322],[234978.2067442201,5950511.36694514],[234911.67827312183,5950411.6324876845],[234885.6555123916,5950404.288028043],[234806.201418248,5950435.585735602],[234699.3511726018,5950520.37422247],[234635.083808152,5950599.969009729],[234613.30272804387,5950663.470921215],[234620.92712670192,5950781.27634784],[234607.11456180923,5950852.087470159],[234535.66512637865,5950996.889899833],[234454.30257775262,5951138.071558284],[234355.9453720469,5951286.85217852],[234312.3892120188,5951328.901087241],[234274.91754944716,5951338.745172968],[234231.26390319876,5951326.736770103],[234056.53648435138,5951251.801270487],[233993.48021171708,5951236.997335816],[233955.81327065825,5951236.325923642],[233867.82694165874,5951263.407669472],[233755.50765022542,5951334.879267124],[233674.00026389956,5951408.597220933],[233654.67354817502,5951441.4707014095],[233616.43196141534,5951599.654790511],[233594.58490473125,5951654.452314304],[233561.1310589686,5951681.870961951],[233534.7026166357,5951680.312255772],[233511.9605134027,5951652.34045317],[233484.41284102388,5951594.268293338],[233454.10305567645,5951543.046916833],[233420.7960685147,5951527.70229811],[233354.36666522827,5951538.031697961],[233234.47094901185,5951586.003874619],[232983.0138936406,5951711.584214009],[232728.41127784178,5951843.358535957],[232623.52892441675,5951884.301385641],[232533.9267320484,5951893.60380079],[232557.43306516763,5952033.23171545],[232533.42904863413,5952274.337331992],[232589.76616456918,5952490.75303016],[232607.3712326642,5952675.343692001],[232743.36397041194,5952913.720236022],[232738.67528971564,5953160.989028031],[232409.11330412887,5953130.92934528],[232375.0380586814,5953398.93447987],[232302.9288420491,5953425.717371799],[232224.80093668494,5953323.134744462],[232135.92238722462,5953220.672951311],[232026.49082044512,5953346.321182033],[232027.6972080078,5953500.876817511],[231890.6100168191,5953643.758243915],[231954.4722132571,5953726.807242731],[231810.6263888767,5953918.621864624],[231701.8384620212,5954056.83177031],[231953.28495165333,5954394.76008082],[231910.1237939587,5954663.175337726],[231850.9818000188,5954831.850554153],[232026.8978649769,5954862.22620449],[232129.61025890056,5954895.076494137],[232078.5537434416,5955758.602438068],[232052.11520081013,5956052.159318032],[232002.76435055118,5956118.4880301915],[231690.71299617272,5956426.056235712],[231524.63758799713,5956385.932778623],[231420.2279204391,5956400.185829051],[231187.86454146449,5956326.020962141],[231139.47895502113,5956559.223909849],[231083.75937167462,5956711.637964951],[230973.29650914017,5956665.44060752],[230834.4404056454,5956751.826887103],[230677.61447299737,5956600.100174265],[230546.85655606072,5956702.047212709],[230561.76003936958,5956892.467692664],[230846.94297342654,5956918.889224408],[231021.60978825018,5956942.798284505],[231060.19682617206,5956998.843551511],[231022.2222010186,5957141.474160312],[230907.68247528374,5957366.787915314],[230892.83051636256,5957566.27836686],[230862.55560296867,5957766.905060513],[230745.24767608754,5957746.063334648],[230491.234795684,5957805.38324983],[230576.73852258734,5958028.116037887],[230640.0005652178,5958187.765113773],[230736.7981472537,5958342.221382033],[230859.40021138266,5958532.067918014],[231373.03157263808,5958505.376180094],[231746.60941729415,5958501.085889071],[231951.01945098024,5958515.625617702],[232062.6850127587,5958512.061695099],[232149.50800064765,5958504.67764299],[232338.26723921206,5958456.65062424],[232464.80803690478,5958429.105163632],[232781.7013109168,5958346.622126974],[232967.57035167422,5958461.445420371],[233060.52225383278,5958601.782697599],[233063.74173247907,5958693.976501629],[233002.94239894394,5958858.442680821],[233217.69337502867,5959048.90536317],[233463.79389764182,5959266.417860081],[233675.54529314674,5959394.1051184945],[233855.80006735492,5959437.3329214025],[233870.72480930015,5959517.35494728],[233889.21999324858,5959538.670324227],[233931.9769721832,5959559.238536455],[234059.40757145267,5959571.765199855],[234118.95467469748,5959598.223645939],[234155.23097347468,5959622.951219441],[234177.25840443,5959670.228767984],[234226.95328267384,5959789.313744262],[234249.49672139902,5959803.340688972],[234284.02429616824,5959826.090427339],[234366.81712642126,5959854.462460382],[234517.47083229758,5959891.966938851],[234604.6971912114,5959922.3874816075],[234693.53724147845,5959990.870273268],[234782.73596011568,5960086.420968847],[234838.80814049393,5960167.648180259],[234896.8092130106,5960271.500239162],[234982.64766332041,5960499.761364179],[235046.50745415594,5960692.295496924],[235581.31444975268,5960735.189608773],[236425.36128950678,5960825.93161769],[237149.99913152028,5960735.174436698],[237285.60143024568,5960578.230335394],[237342.59376384225,5960471.413879627],[237385.34624868724,5960335.718861092],[237214.18892543577,5960214.691824423],[237145.5574850822,5960098.687421527],[237126.2881090762,5960032.102808582],[237136.59312994033,5959921.142313629],[237185.57294964977,5959679.944716381],[237219.8771805931,5959441.68654987],[237242.839264201,5959230.649279272],[237242.85578771587,5959016.902764011],[237254.74278257973,5958879.623484191],[237242.94507065415,5958817.047543075],[237218.45085815806,5958771.82670214],[237126.25943780132,5958660.732746353],[237085.90797928162,5958588.78468441],[237084.83068898786,5958549.113264304],[237107.95593324583,5958466.504030092],[237107.2697560778,5958424.793922922],[237097.10197397694,5958385.08379877],[237045.81786239706,5958292.070345981],[237028.88167665806,5958232.38737726],[237034.2376914192,5958104.110344542],[237048.94040436763,5958045.310215019],[237071.61843519937,5958004.345761862],[237114.96435348038,5957966.2029262055],[237286.25254665688,5957899.888898233],[237391.71294496953,5957896.982502146],[237415.05419292673,5957877.630228154],[237441.77523689065,5957840.69736265],[237470.48726784065,5957731.876722239],[237506.56320507452,5957640.63172261],[237553.62497406267,5957591.383406373],[237661.91399017442,5957518.296048066],[237755.05497220624,5957485.774666924],[237966.81821655482,5957428.346060017],[238115.50415733922,5957327.798393441],[238893.77503813896,5957593.100284433],[238986.25360621512,5957484.217869278],[239046.51006648038,5957426.835636012],[239144.81987017393,5957376.106572762],[239281.71227573417,5957333.979180673],[239375.52024228591,5957327.759253211],[239503.1038257666,5957333.994720571],[239788.1522775041,5957405.442578122],[239848.9046822982,5957416.258812262],[239993.04391248338,5957417.71905949],[240072.83119712397,5957431.68738829],[240131.17581352033,5957463.897439599],[240166.2534014117,5957506.466090113],[240210.26339130476,5957577.470461734],[240263.4534045905,5957724.950578991],[240282.5946689248,5957821.590306854],[240286.16104384512,5957908.400085684],[240269.01062160917,5957962.401478838],[240229.07471517567,5958007.825848699],[240167.70305339247,5958069.759939723],[240124.88768900372,5958111.532772658],[240102.00866478682,5958161.282712858],[240078.2282273844,5958336.552121034],[240086.94682166073,5958471.329664104],[240116.71552772168,5958542.832367821],[240137.99605615344,5958577.790370058],[240187.3041158747,5958629.917103689],[240262.09911527298,5958687.086440451],[240598.81913224328,5958851.911932018],[240717.8550374927,5958921.737339942],[240826.67207132,5959015.29369555],[241039.30359590054,5959229.727915209],[241591.55210243538,5959356.273136793],[241394.02593688946,5959841.726084504],[241174.06775499228,5960164.34786544],[241144.9223372899,5960467.583758907],[240955.07921682578,5960811.902125832],[241515.19631342497,5961084.075859807],[241818.58500688802,5961380.332076274],[241927.0864726808,5961452.8023919985],[242010.7360844342,5961505.65943934],[242043.2346569402,5961540.794433078],[242067.0235492047,5961577.234807873],[242076.5946673937,5961643.440595709],[242071.34981092345,5961715.167884659],[242048.26828000788,5961799.026354302],[242028.15829018597,5961932.060986299],[242041.30225538556,5961993.138691051],[242070.35639381502,5962065.667011797],[242107.94535322208,5962131.893008437],[242225.54947688337,5962304.385820169],[242424.01214422658,5962564.354458932],[242567.85116625298,5962857.843096029],[243731.89164644387,5962083.865692653],[243915.8961451305,5962248.989374924],[243987.9653643025,5962299.7501141615],[244022.45873158053,5962313.235383499],[244073.3878054293,5962331.782426782],[244123.06229987554,5962343.052169522],[244382.21214537136,5962371.206690129],[244604.10048661474,5962471.5585425105],[244667.5524781607,5962490.31515453],[244781.018054693,5962516.148890184],[244880.56443466246,5962537.180550484],[245107.16163069475,5962571.779462952],[245190.3516501477,5962578.647771008],[245206.44018932618,5962716.918240633],[245225.7669577347,5962847.572286509],[245329.54768424574,5963129.103178101],[245522.9199404586,5963212.780232063],[245621.37763981335,5963255.213006271],[245713.47970117815,5963292.264798304],[245756.954963563,5963335.578524619],[245790.76636106335,5963420.640554205],[245810.81958705094,5963514.74684054],[245836.22741229925,5963718.983235229],[245856.14214650355,5963804.651332611],[245959.56769256108,5964091.147580998],[246058.7995311506,5964321.133722551],[246136.5819529323,5964545.985479742],[246189.38632265385,5964646.700478811],[246220.54823305272,5964679.380715039],[246242.47154824622,5964695.30041061],[246290.93477368262,5964724.94712151],[246374.56593394652,5964741.532628218],[246452.53940001596,5964746.5589179825],[246695.66198864486,5964750.417234518],[246888.79621925298,5965017.417609131],[247038.62305337284,5965173.203996312],[247182.5027321186,5965340.394834962],[247242.9520962881,5965429.72598758],[247292.83466639463,5965562.422258442],[247334.28549091145,5965759.996136652],[247394.34022380784,5966261.956036519],[247389.40126495715,5966500.523678776],[247780.33977373596,5966642.212197188],[247767.25287739,5966988.703934278],[248161.17435437627,5967214.294486888],[248307.23631059658,5967382.028740423],[248441.3266439857,5967429.400677731],[248614.70672575198,5967430.08787984],[248721.0911547253,5966853.01457143],[248795.1986506777,5966490.201063491],[248668.2744466178,5966101.40187506],[248922.3232949702,5966027.264542822],[249012.90546185896,5965662.612294866],[249615.53372431174,5965354.894949937],[249717.2963853851,5965404.54062848],[250063.83043884858,5965118.088383559],[249978.49466830585,5964998.157780051],[250430.12164992746,5964662.787915662],[250756.47482706327,5964647.987104973],[250939.1594597716,5964654.764571052],[251082.725958094,5964692.355021322],[251164.1508458648,5964724.527216643],[251255.5063307844,5964773.796735261],[251354.8667201437,5964863.192570273],[251498.32978117373,5965015.2193875],[251799.84284923226,5965218.070306465],[251920.3376417905,5965094.03954063],[252001.15818857122,5964872.584039973],[252025.50681927428,5964769.682637967],[252059.76192357112,5964633.401355943],[252081.2542211488,5964575.614409804],[252118.12796742562,5964531.8155382015],[252165.95783116296,5964515.615568552],[252226.21332985163,5964529.016590059],[252331.4910356598,5964570.860552112],[252360.2019953793,5964573.871625487],[252664.91010321863,5964590.11663018],[252701.26232868712,5964342.225900261],[252701.34969250113,5964081.376947727],[252715.90354192816,5963934.211132424],[252741.82786597684,5963865.579403788],[252773.92234343104,5963817.677738711],[252800.5699168872,5963799.985033181],[252825.00766374823,5963795.508973092],[252880.76810694207,5963825.69617497],[252938.389908541,5963878.213224387],[252997.7155643208,5963943.678608896],[253071.847087075,5964017.631413657],[253122.11608297098,5964045.8907581605],[253145.7388655329,5964050.664253512],[253201.94708095584,5964061.108322393],[253287.12376121432,5964050.373070179],[253365.45976290666,5964022.866782922],[253425.19847800955,5963985.754979972],[253451.8405898204,5963955.7421118915],[253474.90232052654,5963919.226110013],[253482.74181719963,5963850.159712302],[253475.12985150982,5963739.858440874],[253473.72000573203,5963664.296713168],[253524.9443693487,5963467.700718561],[253626.98184187617,5963316.155114895],[253710.086635625,5963184.051878665],[253743.4584365897,5963105.71194203],[253754.9876331417,5963058.905113133],[253770.55024470668,5962946.041843269],[254904.66472516395,5963389.611647472],[255292.23367088474,5962124.30898905],[255818.8304390181,5962097.588382464],[255674.90874104016,5962636.718128843],[255660.06031622272,5963110.469496531],[255671.80255719367,5963391.826439332],[255660.1499084076,5963489.553942621],[255641.02413644735,5963520.2313217],[255538.15259674564,5963618.639000872],[255526.11349919345,5963646.326951858],[255536.44082811847,5963664.225378189],[255560.04490315635,5963686.665021045],[255604.47260882426,5963698.118359812],[255668.06490837317,5963699.64542832],[255820.70009581652,5963664.401164684],[255855.0195029471,5963659.3328426],[256071.7974135056,5963577.702042691],[256163.99460960273,5963563.004973231],[256236.8138344176,5963582.434201792],[256424.99024865218,5963691.42020835],[256488.7523462493,5963704.9486789],[256576.43857119884,5963715.888925072],[256823.63214527816,5963724.24951316],[256954.45584832598,5963716.920037003],[257074.6336581558,5963698.456044348],[257167.43455980998,5963669.693140382],[257195.15146589838,5963653.964241542],[257211.78534240182,5963614.608471289],[257229.98262015637,5963498.401020646],[257255.03894371912,5963438.105141707],[257325.4926114846,5963375.48578947],[257411.78273069207,5963317.9329630695],[257530.8136183042,5963261.870644845],[257559.80489338934,5963280.233469041],[257578.4129719846,5963324.006937733],[257569.86808704305,5963525.850795137],[257598.9640269298,5963693.652054032],[257555.4407148296,5963868.62867895],[257416.65993383434,5964356.94995244],[257394.77913052216,5964823.442293072],[257190.90225261636,5965581.25548362],[257168.7431144826,5965770.71699783],[256993.75246904884,5966229.917634711],[256979.42748409417,5966761.971960003],[256921.17553719413,5967352.44007216],[256695.19502853882,5968175.83756393],[255952.7986286506,5968047.847723622],[255990.02483083215,5968332.46999062],[255553.51319596823,5968511.344507052],[255719.22855416872,5969169.993977604],[256226.23420927394,5969909.78757933],[256496.87494029664,5969745.472717695],[256566.0741577996,5971173.108878914],[256478.58310535084,5971632.451545961],[256234.4771719277,5971708.236153139],[256154.38510051835,5971750.701069165],[256119.2545227604,5971796.819749925],[256082.37289445288,5971902.844378639],[256342.64570831694,5972419.788815841],[257034.4053339269,5972433.582836121],[256811.86198354512,5973228.008192021],[256897.42355892528,5973303.367698582],[257008.05187960155,5973333.928097099],[257048.18472470343,5973330.837345192],[257167.88174425904,5973304.820935369],[257517.01278437674,5973190.287058059],[257650.44261223078,5973158.984344473],[257726.04582624882,5973152.745015798],[257760.2288041655,5973378.725065241],[257750.0257358579,5973635.676722741],[258202.17300267704,5973255.634083021],[258373.27214404196,5973313.605819866],[258634.5855954988,5973167.3933710195],[258757.20764164813,5973107.62051855],[258829.4176209569,5973087.54518885],[258879.04559231177,5973100.855625538],[258982.36687271204,5973158.277533522],[259003.3203636827,5973156.103439242],[259049.68570289668,5973151.91945971],[259168.51648296323,5973084.458929531],[259294.74191213958,5973002.753954515],[259367.72338210884,5973004.457271002],[259417.83730045706,5973029.428752823],[259474.72066944186,5973124.038647069],[259530.95056970324,5973272.590677287],[259715.3201973932,5973837.561153481],[259791.13534299657,5974005.380779723],[259818.88508474827,5974052.0706267115],[259899.40266731475,5974129.802418131],[260017.1140355924,5974221.201880012],[260276.44648500066,5974392.574354475],[260075.3355820654,5974564.953641895],[260164.83129370213,5974773.6640253905],[260171.0453785546,5974830.959972564],[260159.39875497576,5974882.920833059],[260118.8790220702,5974983.149141163],[260024.74531997088,5975152.544672772],[259957.36915571988,5975300.241202831],[259953.8281534249,5975384.91682685],[259962.9285266511,5975423.372102261],[259979.3489923142,5975450.5286803525],[260010.76121653058,5975489.239649501],[260067.52623663098,5975517.2716846205],[260146.24788188562,5975536.53051554],[260244.95865598787,5975540.831163833],[260448.49660336226,5975531.207418274],[260570.69300343283,5975534.686255729],[260670.10824337602,5975551.970209759],[260728.8047181042,5975584.012323629],[260767.83399441466,5975635.353676852],[260782.64451784175,5975686.867251722],[260785.75594162662,5975740.0409674235],[260768.95942311734,5975967.767644532],[260769.19229585584,5976030.88347852],[260976.96558109764,5976164.711739343],[262174.9643049352,5975871.742536288],[262548.24161314685,5977102.49724417],[262844.79578431975,5977713.99234583],[263245.584433184,5977618.168342041],[263470.8619432468,5977557.763402453],[264026.71985298116,5977047.752151959],[264114.8277026601,5976820.531979393],[264332.3953843955,5976700.13532909],[264688.6887582019,5976058.063994823],[264552.6271099346,5975993.062368322],[264494.15555240307,5975493.815713333],[264559.2537080934,5975351.706059039],[264481.325452107,5975126.929395497],[264653.39434961043,5975045.232760623],[264780.1906241141,5974836.684136439],[265032.70920874644,5974768.32634066],[265207.5833967654,5974635.481066249],[265264.3950759582,5974450.381105132],[265319.17551033664,5974421.697852021],[265594.53427160345,5975227.811438978],[265793.0581878666,5975167.83223699],[265941.3949920442,5975782.5207801],[266274.87811509613,5975647.526079692],[266237.98061833065,5975500.976771491],[266463.2684868816,5975398.035337739],[266439.19886012655,5975317.828009099],[266626.6222644141,5975233.722242203],[266663.7327525774,5974986.022955427],[266702.8262427831,5974995.16141939],[266806.93124327157,5975153.617718961],[267239.06525653135,5975328.61273912],[267433.3214358492,5974839.270157898],[267653.4588592872,5974875.093715822],[267828.64986116346,5974777.407417603],[268782.8918094374,5974428.734339261],[268837.2211692389,5974604.531258091],[269011.78871751763,5974517.623355182],[269383.84900767356,5975219.243968273],[269601.5845935978,5975186.621049017],[269960.0682981927,5975101.308195889],[270033.6129960213,5975280.105764791],[270136.4228004385,5975380.583717139],[270472.0345244119,5975499.438830171],[270813.553664661,5975415.218641622],[270960.90908229165,5975709.26562552],[270612.27751510404,5976034.131750181],[270696.3424409097,5976292.359163757],[271226.56207507197,5976052.945228882],[271301.7948002713,5976330.979544576],[271262.31584328786,5976510.981218314],[271412.90364692267,5976496.463766644],[271574.5227836929,5976404.012462722],[271814.99265891593,5976871.420194341],[271540.1583843874,5976995.565069608],[271604.2480680309,5977126.158336019],[271826.3511500601,5977067.873734243],[272027.18976393435,5977568.677692942],[272272.6600225158,5978000.365918564],[271055.72075564787,5978188.655786879],[270397.4813091904,5978472.5972725805],[270313.10745888855,5978942.58450084],[270386.80072262324,5979219.17827142],[270539.2732536113,5979387.70815349],[270893.5805069413,5979576.710386526],[271004.63078283984,5979998.551812572],[270780.18158612866,5980073.181291094],[270975.97009246144,5980356.716497615],[271213.6324355146,5980648.564987775],[271242.201313084,5980861.915357007],[271286.23259318434,5981110.367045701],[270869.9547285717,5981178.017740268],[270808.6427561259,5981478.092450259],[269375.10609096196,5981939.138486799],[269408.96884338465,5982400.237581909],[268959.74417358544,5982431.03371295],[268977.3282224592,5982485.367908036],[269111.94511073176,5983217.67014355],[269179.72157545574,5983414.729645561],[269121.31165085733,5983589.65471481],[269153.82027487084,5983714.664968241],[269149.2392521035,5983883.410710895],[269113.7037399346,5984179.5238105375],[269135.19130963273,5984487.518782292],[269130.8439349672,5984571.923861215],[269085.3835274782,5984969.924799968],[269244.5475351019,5985108.0367010925],[269309.2542835977,5985309.740849091],[269352.68959516473,5985569.394581072],[269304.39052399434,5985709.6546047125],[269143.7055981662,5985727.891253434],[269035.70715723466,5985663.038327642],[269042.8428930044,5985547.824793518],[269057.2392581692,5985439.622772969],[269057.1377391657,5985324.4042624775],[268999.61795089394,5985281.100588046],[268898.50609525014,5985382.047386959],[268783.3339940021,5985396.375450822],[268552.88314804435,5985209.133756664],[268538.30767469574,5985425.267252222],[268581.67266229354,5985605.344622709],[268632.17243279796,5985691.716243889],[268639.0650852658,5985821.6860456485],[268451.81050996017,5985922.286539672],[268279.18889385555,5985943.891608819],[268120.4701467259,5985886.38473659],[268084.27217515,5985648.618206499],[267853.7954891417,5985439.601660149],[267781.7899903441,5985230.466916349],[267722.5363548007,5985133.560707141],[267543.9352247687,5985079.40997204],[267459.16413665377,5985128.660040436],[267459.10372981615,5985026.849879587],[267495.0010936968,5984951.798618671],[267437.1357395621,5984901.382856708],[267509.94955877494,5984677.494398562],[267464.40500649624,5984584.191921743],[267061.2266726047,5984682.924838692],[266744.18806474097,5984956.7503146995],[266621.5721331574,5985410.635391241],[266628.8203720646,5985986.996480083],[266772.95382802,5986268.444137635],[266974.53415276203,5986563.518006114],[266981.9115679404,5986866.362351026],[266960.39082015306,5987197.903252728],[266931.420837556,5987572.707364617],[266967.5243752962,5988055.318448005],[267032.33424392715,5988545.2547362],[267057.4918785151,5988690.885664545],[266996.3535773987,5988804.939510405],[267114.9248101041,5988931.024079567],[267090.21650906,5989071.384346398],[266969.10838557035,5989076.22736533],[266876.3130672546,5988932.154131124],[266763.58581657335,5988820.242880238],[266636.6445880886,5988803.70864114],[266607.1549168518,5988646.378884319],[266470.40369619895,5988538.174298072],[266347.91637904756,5988473.39623682],[266225.45982096065,5988221.192653021],[266059.10126451124,5988146.717210051],[265970.3704044428,5988012.988391269],[265814.0424696924,5987762.074892409],[265934.1643703161,5987786.115771523],[265985.5269428119,5987643.669215765],[265850.2537074853,5987592.429797744],[265865.13712459244,5987327.583611522],[265843.07987838704,5987182.1187650915],[265875.563421933,5986910.697702004],[265770.55270203855,5986823.147488544],[265749.72221984714,5986606.91224785],[265817.60627731215,5986260.09646293],[265851.9182720464,5986034.1884722505],[265646.75386706274,5985781.631314283],[265764.02567585744,5985497.01661242],[265696.23962393403,5985197.45956092],[265883.17490737233,5985219.175997263],[266023.71294361167,5985410.585339127],[265985.09367804695,5985226.11852668],[265836.03660289757,5985100.78300113],[265635.21764952224,5985040.557645669],[265230.77468638215,5985201.862342272],[265000.2642328162,5985417.79331965],[264776.89397427347,5985691.94832997],[264631.46610405855,5985939.135458281],[264476.59582390543,5986040.315436132],[264106.7191253165,5986000.461659381],[263919.8807812566,5986080.660334511],[263860.2319145696,5986283.004284464],[263725.73563742824,5986357.690492496],[263627.14583345223,5986543.866763119],[263459.93840211164,5986706.8550722],[263284.55708793364,5986523.139615281],[263246.9471037239,5986418.606236761],[263221.9074079683,5986347.4547632],[263001.5913833976,5986116.448350329],[263070.4997686697,5985980.605919158],[263272.6223415369,5985938.555237904],[263425.6146949008,5985799.642725889],[263605.2821175158,5985923.28627106],[263897.74110916536,5985866.697966304],[263969.9836829649,5985915.080272408],[264049.1714604171,5985879.185521081],[264193.20822438225,5985871.72676521],[264373.2823352637,5985915.110132201],[264557.1256215004,5985833.761668969],[264553.50883263815,5985749.376116162],[264387.98380296305,5985670.064762261],[264164.4880009396,5985562.000548303],[263825.6064197961,5985525.994651012],[263446.4907271024,5985588.026616652],[263057.0122882696,5985817.5090134125],[262870.8835657155,5986096.427837968],[262664.89273092896,5986429.818980582],[262504.8097179346,5986852.82474751],[262382.49947163276,5987984.944754934],[262441.16075697355,5988459.357709214],[262390.54057662096,5988787.07564831],[262620.6077122167,5989281.183704289],[263005.6060279766,5989546.07440724],[263433.2099904036,5989835.320073007],[263962.7229317641,5990227.582747644],[264368.4044048218,5990476.58511536],[265206.79107156023,5990766.74988048],[265987.2906575324,5991111.21836127],[266463.4737186022,5991382.636337742],[267273.20012713224,5991754.279549591],[267851.482814542,5991930.2778588645],[268829.7873335853,5992008.541958075],[269140.60216701217,5991962.552025769],[269621.06775979605,5991850.85462546],[269934.5443005031,5991780.361253656],[270202.78822840843,5991732.472943429],[270410.17545561306,5991524.86408817],[270464.82147623785,5991263.047477001],[270456.80699018575,5990961.892513212],[270355.9535964886,5990573.923873987],[270312.031484467,5990433.622155735],[270260.3872446772,5989972.1455693245],[270134.3203535937,5989807.445084531],[270151.87506601494,5989579.439978572],[270056.34957815707,5989456.481876535],[269998.238149913,5989277.37137839],[269823.0220109718,5989103.282736529],[269841.70069855545,5989235.737993972],[269762.5926811239,5989284.102200124],[269878.68597619515,5989392.361691523],[269818.1023372002,5989570.090457942],[269750.2337909909,5989482.15135479],[269607.55693793856,5989465.12239548],[269507.65077658463,5989419.580989322],[269512.44541009516,5989563.999907184],[269558.1802569041,5989749.016492231],[269703.1260631401,5989959.836382093],[269731.54605477955,5990071.662659617],[269653.4016444981,5990226.48417357],[269562.4960795725,5990186.079017142],[269554.34635653347,5990015.07695814],[269503.30289498717,5989896.769678412],[269431.7866022531,5989633.2715788],[269436.1173016364,5989341.027892241],[269415.26953627914,5989187.700402182],[269217.0684528118,5989040.119212883],[269244.7223049728,5988206.680055777],[269186.989381074,5987961.39642055],[269150.99067107495,5987586.943266269],[269179.76884579565,5987226.375352761],[269021.17610935774,5987111.007673642],[268776.1048809141,5987039.2047695145],[268425.0720793335,5986467.30464595],[268373.0966326175,5986283.155365383],[268568.0925454926,5986139.123837512],[268863.3453466939,5986012.239537025],[269098.7027897239,5985959.450277587],[269309.4634095719,5986066.4234471],[269424.30664459895,5986133.939615842],[269468.19540294446,5986385.170559589],[269676.4780953992,5986419.936062261],[269626.73931371793,5986239.32480208],[269554.43154454883,5986022.992899658],[269710.93487490807,5985695.654118415],[269893.13485527225,5985799.68610771],[270037.2537734788,5985943.771130282],[270072.30796852056,5986093.64207169],[269979.56728282385,5986404.951465759],[269894.51658598427,5986633.385481099],[270116.6212847354,5986916.561839161],[270289.24332402553,5987053.61582277],[270433.65766385663,5987147.110682221],[270455.2166786408,5987204.861613952],[270491.4835416544,5987385.009816956],[270524.9464465007,5987597.523221821],[270505.68140895665,5987781.227522932],[270455.7989326902,5987922.92227488],[270203.0264130635,5987911.192574529],[270116.6749772271,5988040.8237347305],[269956.7731085792,5988512.06175971],[270336.81199296936,5988635.915062236],[270409.6975157177,5988717.42268645],[270578.4232799355,5989129.280789413],[270837.1070609428,5989460.46340788],[271017.3324016575,5989734.015328404],[271151.99136237614,5990181.406685732],[271313.1224969188,5990468.956535485],[271509.2314796373,5990654.977244912],[271631.2299417006,5990731.511554588],[271775.19258404337,5990835.29806019],[272038.5719791055,5990941.923520014],[272559.74774303846,5991088.324218148],[272841.77658481523,5991177.290697955],[272998.9974405952,5991324.143228712],[273045.03132946603,5991660.991866808],[272969.7018796671,5991889.2598840725],[272847.5603884626,5991994.423714893],[272693.34274666477,5992098.130242927],[272719.5429076487,5991946.121027548],[272634.4757727701,5991924.491943872],[272424.71853172313,5991942.32109125],[272133.4095144002,5991945.738785243],[271894.6188111482,5992041.886053499],[271920.06996365543,5992269.126973987],[271998.63354478776,5992462.999186723],[272158.92555356305,5992697.798107579],[272379.9547918057,5992873.948654689],[272737.1227775216,5992850.968998931],[272884.5358140394,5992350.981564907],[273090.20741290785,5992098.472317513]],[[266550.5227224147,5974746.085225858],[266570.49783462286,5974923.745350514],[266492.38233194686,5975029.041507814],[266367.61365506984,5974880.56393452],[266238.9486465603,5974727.970100811],[266329.94759532437,5974611.966851622],[266195.1582368221,5974377.286981722],[266346.9809577195,5974290.92481455],[266461.3378138263,5974685.166820761],[266550.5227224147,5974746.085225858]],[[280391.57093668263,5965716.434359342],[280404.8076844793,5965465.154537272],[280648.74979131203,5965484.145562567],[280859.0602338994,5965425.004690591],[281106.4339353228,5965245.494065987],[281278.48057419155,5965277.607620774],[281486.3319864413,5965043.420384694],[281591.3269415563,5964940.8506925125],[281649.72431745566,5964879.622031761],[281730.4519663127,5964756.122405602],[281794.01377732307,5964663.843162643],[281840.20965591446,5964611.445612114],[281857.7177992547,5964597.0745503325],[281919.5265944563,5964547.632813552],[281968.27203783114,5964510.905688014],[282034.2357544182,5964465.821316058],[282093.47982772253,5964421.722537413],[282147.50197817944,5964392.815665225],[282177.9308665069,5964390.249977171],[282219.37741043046,5964417.96450451],[282244.7781628324,5964456.2026228625],[282287.90338522755,5964566.261823725],[282299.2795763733,5964641.159802834],[282291.9825430205,5964756.459411282],[282240.26806080807,5964909.562082501],[282186.1345309019,5965075.288300771],[282091.42484634835,5964978.258675981],[281969.41079193354,5965044.560196701],[282096.9333946295,5965515.642061826],[281825.0335486522,5965609.194522962],[281635.56728832703,5965606.3050393],[281256.39925133344,5965606.470473107],[280741.31468484644,5965578.757586401],[280391.57093668263,5965716.434359342]]]]}},{"type":"Feature","properties":{"fid_1":"82","symkey":"124","symtype":"14","text":"Greifswald","WkNr":"1","Nummer":"1","Wahlkreisnummer":"1","Wahlkreisname":"Greifswald"},"geometry":{"type":"MultiPolygon","coordinates":[[[[396747.11031501275,5998147.068754233],[397268.8710107105,5997802.130657932],[397529.89850919787,5997991.629476424],[397684.00953895226,5998035.276938112],[398000.178018013,5998156.32369552],[398078.57671790756,5998075.730433315],[398086.47336725146,5997915.169280369],[398004.55611910485,5997410.219534302],[397949.7468063319,5997201.759761533],[398272.1364085609,5996648.666522924],[398656.6531551713,5995797.233878499],[398943.2807333879,5995523.806749083],[399129.61676351447,5995522.805045687],[399112.7680752743,5995362.799930243],[399045.4182731863,5995174.790699391],[399017.6520784907,5994967.134687262],[399133.977932808,5994745.191071181],[399528.0879407022,5994440.494451251],[399780.2163745174,5994282.339978822],[400057.53114960995,5994243.391916741],[400381.37026917934,5994276.110025443],[400690.3974245349,5994128.475494843],[401090.1600445211,5993921.155200262],[401243.4249205133,5993897.2939875],[401513.7601392232,5993887.853673631],[401873.2020622343,5994015.879273102],[401988.13952128496,5994198.486214781],[401967.10285354126,5994333.957358623],[401965.97948187124,5994344.85241938],[402118.4899617769,5994339.52044821],[402301.8528525159,5994153.503425853],[402356.0989511609,5993992.958058612],[402326.6098663118,5993773.044650001],[402242.9601512207,5993735.051972739],[402049.77551708743,5993912.15190365],[401722.9712314112,5993113.479443764],[401953.6272609513,5992908.1617489215],[402006.9878492821,5992457.510075752],[401991.2743614828,5992086.332357135],[401986.44983810466,5991955.826171277],[401534.8438148061,5991180.474938452],[401612.3882158492,5990723.201776801],[401178.25229826383,5990629.980121199],[401092.97408839036,5990862.65098712],[401057.8359791478,5991003.718055861],[400723.0194883654,5991193.542922519],[400487.77753786184,5991476.692683641],[399945.84677810874,5991488.1513761245],[399747.6165055856,5991457.510698276],[399290.6496202806,5991436.782641737],[398770.9774652086,5991805.329801094],[398760.3474485874,5991358.779954625],[398933.29527499154,5991204.137263743],[398916.7892914247,5990868.259045472],[397906.0152268391,5990928.143123999],[397456.787967287,5991379.87921319],[396638.07065232843,5991995.6369441],[395878.0503699174,5992482.149505286],[395583.80765932426,5991831.123860894],[395390.1320798956,5991311.772163173],[394806.4084970057,5991441.938012052],[394566.2810537787,5991435.314303985],[394319.7894692039,5991413.918824581],[393813.21387789026,5991396.324496832],[392749.91698000114,5991608.87172737],[392805.83936226927,5991877.330289654],[392575.9106732011,5991969.1772299595],[392789.47215337213,5992474.768091409],[392550.8702149717,5992590.348992562],[392680.6023040395,5992823.538672755],[392674.0650690347,5992979.86290171],[392575.97089087684,5993357.774474982],[392686.1644036416,5993470.421439996],[392591.40279526263,5993743.89138817],[392485.769351854,5993684.79343717],[392363.118037303,5993639.550690014],[392382.667996509,5993447.237116829],[392256.2229396561,5993329.321923267],[391109.46192680113,5993549.292934909],[391172.096416953,5993766.95154725],[390063.72083879635,5994252.426775217],[390224.87840128597,5994411.388217244],[390241.7929147491,5995059.1929422505],[390327.76750605647,5995092.706852039],[390681.9587506922,5995135.638207089],[390922.91029120516,5995115.716984127],[391056.88577703387,5995162.820001002],[391145.8926453488,5995240.260880979],[391231.3025091002,5995386.6192773],[391351.3222506782,5995693.117359081],[391558.8624371346,5995869.731899818],[391870.6926113097,5995899.99350781],[392273.31988715753,5995848.7880517505],[392607.63474309817,5995852.119759094],[392865.5820873687,5995853.368340729],[393132.2534398427,5995803.526920512],[393379.4172259383,5995779.623339513],[393045.0584022552,5996641.83018654],[393493.5031107981,5996610.90654522],[393544.1771572931,5996865.542326674],[393754.2300659409,5996799.194457913],[393973.669502764,5996128.369810939],[394129.86837871093,5996172.905539392],[394178.72997982707,5996601.264968179],[394676.37730148993,5996868.792723941],[394779.30252086744,5996807.663340539],[395025.5409564348,5996676.89153474],[395151.1864643125,5996675.853075959],[395295.15020926856,5996918.360814953],[395398.27781812754,5997053.7259620745],[395529.0108313281,5997208.506754652],[395694.80819262005,5997385.83611911],[396070.2849620171,5997307.411319751],[396069.79080377985,5997397.974862125],[395901.69516170584,5997999.217296803],[396315.77395387366,5998116.55150637],[396313.86554763466,5998293.576819578],[396479.5625440134,5998308.23632198],[396747.11031501275,5998147.068754233]]],[[[396412.3383912686,6002603.94652313],[396263.1768155126,6002501.593646679],[396208.17973199766,6002524.026967742],[396214.8489143178,6002578.825212281],[396364.51999043673,6002674.15146873],[396392.1370914988,6002806.024121879],[396357.46542753,6002895.042700112],[396197.278227482,6003128.77810188],[396204.3263071757,6003452.476752091],[396070.6244872743,6003577.969325],[395637.7212224081,6003738.924359059],[395533.793459991,6003907.406922711],[395541.62133780494,6004131.521076981],[395593.4598937109,6004405.376163064],[395540.7820196543,6004630.34898865],[395361.08536532894,6004728.1749368105],[395146.42290668935,6004777.454188792],[395168.9273479609,6004863.219652409],[395274.5837094821,6004873.038564883],[395447.6488292413,6004835.977206331],[395786.378050657,6004657.547032155],[396330.79903928284,6004323.3529750705],[396727.2559503289,6004007.318219442],[396955.7633833345,6003738.429464949],[397009.9592875615,6003585.44635755],[397026.40170956776,6003397.255837131],[396902.2754461942,6003180.953273663],[396745.30215574056,6003091.117720623],[396567.99264451023,6002992.246001931],[396470.63791081775,6002826.296208991],[396412.3383912686,6002603.94652313]]],[[[393665.750231402,6005216.3368456215],[393771.9757935172,6004982.046333289],[393714.92383958213,6004881.228281144],[393653.33063353784,6004843.852805894],[393444.17480619624,6004971.9802907985],[393163.10759600624,6004960.532136086],[393000.4516088478,6004959.526438367],[392848.78376188595,6005042.802281432],[392751.09781882167,6005089.235680193],[392392.9965389529,6004927.889772303],[392084.3952615261,6004780.077165224],[392064.3289123792,6004692.469241401],[391927.6633542832,6004582.675300067],[391724.23547146376,6004653.969679022],[391633.0224895533,6004533.686447883],[391466.54609133024,6004479.966265019],[391446.01872921176,6004445.32148389],[391294.21297528036,6004463.444217831],[391149.2473745914,6004502.7774050515],[391095.54679250997,6004641.235873492],[391115.48228098825,6004796.634799799],[391222.2223369181,6005105.94333818],[391476.87630962674,6005048.361229461],[391782.931067287,6005094.2813637275],[391923.3494375944,6005039.347368941],[391989.79211559705,6004986.504178833],[392132.6991997715,6005038.538449191],[392397.28358780965,6005158.129664607],[392618.56593261566,6005256.63216955],[392766.57586562354,6005339.097232355],[392822.0586017631,6005416.458840651],[392962.0937984772,6005493.870727401],[393152.1925272383,6005565.031061804],[393465.82515695784,6005384.225833319],[393665.750231402,6005216.3368456215]]]]}},{"type":"Feature","properties":{"fid_1":"99","symkey":"374","symtype":"14","text":"Ludwigslust-Parchim II","WkNr":"18","Nummer":"18","Wahlkreisnummer":"18","Wahlkreisname":"Ludwigslust-Parchim II"},"geometry":{"type":"MultiPolygon","coordinates":[[[[259932.4015647648,5947406.803006152],[259840.87032667454,5947221.640658593],[259365.02449310478,5947341.604685191],[259526.88436752558,5947627.8694333695],[259932.4015647648,5947406.803006152]]],[[[254917.58026126307,5951309.040636059],[255151.83645978104,5951012.938320043],[255372.72904707678,5951127.533650992],[255552.2406209642,5951188.29144983],[255651.04099252913,5951303.158317601],[255710.97090586834,5951099.9382263515],[255827.37965947855,5950938.018293718],[255972.35414689872,5950684.543397533],[256063.33521440718,5950618.071069792],[256283.96670940984,5950575.079141328],[256615.7871417962,5950592.735957332],[256964.21096214931,5950477.230691599],[257315.41341465712,5950319.602490269],[257150.58898382168,5950048.7008116115],[257453.1917198589,5949824.731596891],[257457.83878050372,5949678.729782432],[257729.76317704748,5949407.304382797],[258045.04308418278,5948985.204755882],[258106.40131377522,5948932.842883876],[258214.78209661972,5948977.580098921],[258423.57034875732,5948839.193987731],[258632.59918237012,5948293.050053658],[259023.39640292712,5947944.420368459],[259113.38682476617,5947878.232858479],[259234.5626608627,5947873.992664322],[259254.5269237822,5947844.026171271],[259152.10420591664,5947740.794820085],[259147.59786709584,5947469.03618562],[259051.43024333287,5947501.66919253],[258976.91861988977,5946680.522650812],[259274.95300379116,5946673.647904234],[259346.33110013697,5946496.1181679815],[259624.64920766838,5946122.624589825],[259310.26439372823,5945327.883902419],[259285.6377649326,5945039.01345236],[259266.27901403513,5944897.006542174],[258895.07783013675,5944837.1917231325],[258936.62451841123,5944576.282452799],[259731.04368179478,5943650.402285367],[260176.59578778688,5943056.708088083],[260326.6911321627,5942701.337327909],[259328.1346583059,5940255.107744278],[260167.85945669934,5939939.363063121],[260263.95369723905,5940109.860324571],[260494.48766726535,5940043.298733883],[260594.81139546912,5940272.93520117],[260825.0926864976,5940197.04054256],[260705.6028910717,5939827.4126631],[260953.82754413784,5939755.953565573],[260735.76613955013,5939144.595971592],[260452.21535324398,5939117.45789215],[260436.0172727825,5938923.9640139025],[261835.86800905503,5939136.074255163],[263023.22444487456,5939362.944257723],[263131.195416091,5938880.723960269],[263189.4350125445,5938393.81625537],[262525.4925157558,5938280.240727233],[262691.4706664225,5937083.915610429],[262482.3275441369,5937075.70356557],[260201.2814158555,5937338.941236461],[260124.51254292205,5937086.786194582],[259786.64096418768,5936895.523492297],[259561.43024697527,5936452.132290479],[258839.01930562686,5936705.982752005],[258840.5122321099,5936062.520932244],[258082.8256274741,5935658.322801881],[258244.10180178657,5935476.9004821405],[258358.71194336284,5935436.6370937135],[258384.42989886086,5935282.574523913],[258390.4096357692,5934847.93521394],[258353.61036237143,5934468.512918433],[258372.0325886123,5934094.808221946],[258328.9796596393,5933678.3454741705],[258757.59005473834,5933605.162572293],[258794.47436807305,5933145.837876931],[259076.22201765236,5933047.898394063],[259180.18472903967,5933378.386651181],[259614.90842279326,5933586.691827634],[259798.70131841768,5933653.914182002],[260067.87314449158,5933794.852880169],[260373.99928251095,5933519.357215699],[260884.1886598952,5933661.1964085605],[261137.2913934365,5932988.660094423],[261434.3275441369,5933023.703565571],[261277.84625830222,5932344.517095327],[261479.15367917996,5932099.092061358],[261627.36331976298,5931952.080063766],[261576.19371548016,5931948.113440841],[261292.81724041793,5931963.762670284],[260823.09371748753,5932063.189387079],[260299.06947204843,5932202.9362185635],[260430.0706532402,5931949.749253536],[259194.62065450381,5931049.181537004],[259425.99900110438,5930375.594917951],[258625.49417346623,5930402.443835257],[258602.72601341363,5930148.173907042],[258402.11150283925,5929963.117499182],[258317.42546344176,5929654.994635329],[258186.39053840563,5929462.076501977],[257723.92659713794,5929292.297516439],[257477.1521194307,5929284.822699143],[257137.95143252425,5929261.784291012],[257091.51154086366,5929361.89517493],[256992.81093307305,5929381.007381493],[256926.9812049521,5929286.74738523],[256798.96721660905,5928945.771281349],[256845.02679393627,5928791.494886091],[256706.31540569663,5928575.749711458],[256451.75729803182,5928352.142095342],[256108.23484504223,5927947.255238691],[255858.44544858206,5927658.330937652],[255588.72090489697,5927296.148246691],[255588.6212632591,5927126.53273201],[255950.79161352944,5927080.091193402],[256579.75721207634,5927323.01276453],[256914.27052935772,5926918.458376132],[255781.36917065457,5926324.836238626],[255789.04240098782,5926085.999839529],[255550.03183217533,5926016.449744213],[255500.8736273907,5925801.0611315295],[255537.80381389707,5925605.399979729],[255395.9520458933,5925430.640243942],[256279.71201105323,5924946.177520864],[256521.39613068663,5924868.802546009],[256798.62499870267,5924727.521249529],[256880.4137654705,5924555.388075801],[257515.85332477093,5924351.419804908],[258008.09922236484,5924620.688328976],[258247.16693392675,5924707.049858663],[258530.44989692234,5924772.05075926],[258978.43829420768,5925033.394990129],[259112.9505810067,5924773.641980451],[259362.05185300484,5924561.38608275],[259512.24023711216,5924557.147468012],[259709.7900882084,5924261.825579712],[259820.71820408478,5924320.5010297615],[260083.0797829181,5924402.754950665],[260092.5404725792,5924593.041797642],[260539.9272697335,5924963.928729799],[260727.61824821867,5925216.979342021],[261195.96299663745,5924298.019392319],[261503.99945524707,5924125.791187882],[261484.1044213567,5924093.765768429],[261348.88914047834,5924054.9840832],[261287.4137544334,5923963.828162333],[261145.93381465785,5924004.049654102],[260996.3356714705,5923803.281438684],[261053.236233077,5923556.024878386],[261462.48085371032,5923641.369687002],[261736.07439254038,5923874.379240479],[261886.94100396987,5923640.46951195],[261999.03749784455,5923497.967903979],[262246.22801943496,5923634.346250495],[262404.3077609362,5923575.02780911],[262537.48480053525,5923460.822704498],[262699.21717907954,5923042.1111484505],[262699.40560355503,5922690.246141197],[262880.1942524463,5922347.752421867],[262832.3669987703,5921872.031964634],[262630.8518581018,5921669.044671509],[262407.354746975,5921608.557761211],[262223.6500651119,5921387.03373144],[262123.22065991536,5920986.35708414],[262233.1614276795,5920806.419509072],[262266.2264120849,5920638.911922593],[262070.67385741975,5920654.7529168185],[261967.71390858945,5920571.7972888015],[261675.1333728172,5920728.324997654],[261607.8991087014,5920256.414138619],[262012.16266538855,5920185.595294509],[261992.07754413597,5920153.70356557],[261660.07754413784,5920093.703565571],[260613.68512201216,5919829.822370835],[260361.61343687214,5919717.545772774],[260159.2309745811,5919579.5164227635],[260016.68951655366,5919598.33882704],[259780.3229802344,5919732.371999005],[259404.9637612477,5919556.871453449],[259198.26988319028,5919417.790311271],[259308.09254299942,5919097.702085782],[259359.96974258684,5918161.673762985],[259340.07754413597,5917861.70356557],[259144.0775441369,5917109.70356557],[259011.0836636005,5916881.100730039],[258655.3270224901,5916963.2632518895],[258227.22896015458,5917058.424995763],[257970.24581117276,5916677.858962547],[258103.68455247488,5916582.750029493],[257970.31261373125,5916449.483330902],[257932.3280688068,5915954.834384771],[257752.62534838263,5915888.020731319],[257553.21036559716,5915693.36163279],[257512.40583533514,5915679.77569926],[257143.85317185428,5915555.161062237],[256709.61963932216,5915651.92196819],[256003.90394033026,5915976.467166794],[255523.04976338334,5916479.463167643],[255294.81294196658,5916552.458310001],[255064.79378740862,5916874.269133199],[254246.24379706103,5916929.464615641],[253816.44981407654,5916431.246320112],[253929.8434266178,5916204.627904551],[252978.71302576177,5915988.188817147],[252544.1769760782,5915849.568704853],[252359.3175462503,5915702.721593957],[252133.48268469796,5915506.93023525],[251772.02857403364,5915115.103042733],[251425.81669324078,5914603.223761192],[251305.34498661757,5913699.714562969],[249032.62063937914,5913900.668106012],[248889.04127704166,5913754.1627430115],[248389.6056501167,5913288.540935483],[248110.03687574714,5912417.176826844],[248225.00130470656,5911426.961209482],[248100.4026031429,5911426.318116639],[248104.60497546103,5911117.482253974],[247622.68276576977,5911249.666250009],[247589.1031718552,5911258.911062244],[244969.2559333006,5911920.11846287],[244099.35168955848,5912159.686134351],[243703.116213087,5913182.168168271],[242809.3941219803,5913413.063461361],[242607.50735116936,5913620.000152811],[243843.24496644642,5913869.68830069],[244777.61986279208,5913613.856098691],[244959.810701699,5914574.072089091],[244645.4121523127,5914563.3988799825],[244609.51896037534,5914932.128290553],[244907.030039981,5914948.7638771925],[244797.72706562094,5915582.567172697],[244717.23063957877,5916054.575994864],[244897.66320705228,5916235.646503266],[244870.0671231132,5916519.782021442],[244460.68864854053,5916594.624116691],[244612.5056591509,5916651.738407923],[244853.94457784854,5916745.852692377],[245159.66684521176,5917059.546583522],[245259.7571082348,5917252.422683572],[245236.52732452657,5917398.808312247],[245159.60152191482,5917545.508885954],[245221.3384797424,5917745.564444136],[245077.6357703274,5918398.791098794],[244843.62318743393,5918424.175693883],[244704.77077453677,5918794.275934104],[244442.85800508782,5918778.656281481],[244573.9009105228,5918493.531611651],[243725.84519544803,5918801.80437091],[243548.61085816193,5919248.789043361],[243078.3841975443,5919333.575963749],[242985.90660241526,5919287.329806706],[243268.60317185614,5918984.161062242],[243369.89894505218,5918926.321423482],[243371.32118940074,5918108.142860455],[242993.60519668553,5918100.389632106],[243194.16150142904,5918693.88836417],[242985.76297143474,5919010.021269891],[242562.4435378397,5919192.413306793],[242340.54781248048,5919269.231164552],[242054.42224925198,5918988.875843553],[242300.39874022547,5917901.413829252],[241803.47575246077,5917750.90688163],[241441.73621687014,5917524.9366942905],[240975.10745356604,5917690.614676876],[240538.23655697796,5917570.203381669],[240372.88670280483,5917826.20654284],[240207.09108743072,5918112.177798541],[239665.20647305995,5917961.646930601],[239014.89707051497,5918149.8367272],[238763.3403007472,5918233.116918253],[237754.24025307316,5918248.473648038],[237069.44462598022,5918040.123553453],[236961.04477412067,5918195.009106742],[236738.05388817005,5918249.635180434],[236732.73193659633,5918505.977302559],[236664.01712585986,5918703.238277825],[236510.2840742711,5918964.25449346],[237040.99160594866,5920400.104756791],[236746.65414603613,5921341.957703531],[236739.21083026193,5921648.357455939],[236342.8286643708,5921835.436151382],[236664.23461329937,5922777.610450646],[236365.41097489838,5923173.856143361],[236492.23358437885,5923510.409699883],[236700.60317185428,5923586.911062242],[236908.60317185335,5923724.411062241],[236846.44966490008,5924107.4480750505],[236813.89000390284,5924310.185567742],[237269.40798279084,5924569.624541733],[237943.05840334855,5924773.934243679],[238264.69852149393,5924975.900373163],[238115.11714308243,5925274.993173033],[237663.3456680756,5925048.972807793],[237509.4205050422,5925387.28441192],[236892.88655063976,5925147.920725569],[236539.44833426643,5925035.6794365905],[235931.6986300582,5926269.344308082],[236312.88119779713,5926456.459909219],[236477.2623963384,5926306.873711269],[236985.7719793273,5926755.373148864],[236687.01267344411,5927518.759152409],[236260.75163945835,5927331.703501493],[236140.99684499484,5927212.0989036225],[235782.3479291005,5927286.92996983],[235550.6824770486,5927324.136170534],[235116.88231363147,5927212.095030941],[234802.96886962466,5927473.849034959],[234959.90250201058,5927922.457106169],[234974.5566658154,5928400.826003294],[235093.25009732787,5929387.325865481],[235371.1038418077,5929492.78194923],[235670.0988020692,5929619.9432515],[235834.69762159232,5929702.252035903],[236455.39346768148,5929911.417948863],[236926.45153975673,5930068.339684831],[237090.47181569226,5930291.651502561],[237016.19473796338,5930434.9502216615],[236836.63309295755,5930606.8226569425],[236387.8919013627,5930778.833444113],[235931.94579579588,5931040.751436526],[235176.67275157198,5931169.198884599],[235390.40914369933,5931789.08662924],[235505.6031718552,5932059.661062239],[235356.61958211008,5932171.19138561],[235158.4661399154,5932228.88046829],[234983.53968085814,5932371.017180491],[234845.6319241561,5932355.993639592],[234678.45528206695,5932474.845612001],[234416.95882771164,5932398.915482182],[234337.61302796472,5932649.911405157],[234359.5481787352,5932892.033991717],[234207.2872252129,5933162.139745254],[233829.47962248046,5933210.4564136285],[232903.18903133273,5933525.371203795],[233138.67960546352,5934050.320965979],[233112.1958997259,5934484.776805136],[233332.64644768927,5934980.338377243],[233391.34630073514,5935402.009456335],[233340.4464036068,5935713.085650483],[233493.8552605249,5936351.11444184],[233547.14059199765,5936571.429761041],[233367.5058240844,5936736.5187035],[233043.83680570405,5937330.70106528],[233142.63249225635,5937636.176518744],[233395.59670180827,5937814.578690862],[233644.86599159054,5938157.438352881],[233799.64373439923,5938155.524500351],[233922.81681608036,5938153.756883275],[234215.9799718624,5938395.293649644],[234649.12358787283,5938519.357660394],[234848.4906186415,5938630.875709923],[235003.14975030906,5938820.449598132],[235015.34443947766,5939102.664492182],[235187.85780426767,5939125.656438353],[235284.59899472725,5939479.404380595],[235279.96307563316,5939844.477422351],[235251.18353359122,5940580.702055693],[235826.2652831059,5940822.208398743],[235699.97285405826,5941218.984788589],[235676.78844460472,5941667.555784952],[235584.8096085498,5941932.0699710995],[235464.12612552103,5942104.698054042],[236016.18743000645,5943162.800071372],[236042.91697184928,5943292.717945669],[236338.30106820166,5943341.193787813],[236660.26979742106,5943726.465946278],[236643.92559962627,5943875.80692202],[236545.35358414054,5944100.114124201],[236464.95609318372,5944307.375598075],[236539.47852507047,5944433.984991232],[236131.03803767357,5944629.299950153],[236309.6577175213,5945440.191685781],[236053.65382360388,5945967.145966569],[236162.04135516193,5946132.7226220295],[236198.81726537365,5946449.366896916],[236229.48290012125,5946586.958568241],[235811.63519881293,5946720.152453285],[235718.09542793222,5946820.735124573],[235831.0672994312,5946846.550212219],[236028.47856259719,5946836.548061887],[236112.58921353705,5946777.913218707],[236207.66278028395,5946724.213675],[236351.40018691868,5946699.675045481],[236532.20738816168,5946696.629582791],[236685.43714255653,5946528.939457737],[236920.49602950737,5946413.396153083],[237152.45863108803,5946300.9701452665],[237583.0064798221,5946086.813106431],[237614.86204035114,5945917.120728152],[237677.37364897318,5945979.4532663],[237847.08482710458,5946105.372507662],[238133.25074482244,5946226.956820719],[238303.9494969165,5946199.426035691],[238528.43411352672,5946139.611110508],[238762.4347667992,5946085.4227591995],[239105.91810091864,5946091.725083262],[239557.89065710455,5946140.210011881],[239531.52985014394,5946263.846747322],[239636.56130841468,5946636.841253018],[239759.6363266874,5946743.221012782],[240082.97043602075,5946700.96121766],[240524.0300127659,5946523.196835343],[240565.89282557927,5946408.452207303],[240711.75214195251,5946375.812678011],[240760.39784464892,5946536.56419405],[240854.21235168446,5946762.910222612],[241034.47586396988,5946836.251613859],[241142.8636819888,5946869.368301753],[241338.6016941471,5946951.322661519],[241509.15528377146,5947009.649207544],[241732.24436092004,5946729.189511385],[241949.43693530466,5946721.5102234],[242075.7158128731,5946570.001494011],[242181.852232486,5946707.874163281],[242230.91385671776,5946540.15139731],[242295.4333136659,5946280.506046524],[242404.7969388906,5946080.443862064],[242600.24752210453,5945889.742178738],[242899.37034679763,5945330.854590889],[242985.7389564095,5945103.530388538],[242884.0238244515,5944934.734189134],[242878.5508759087,5944777.97107183],[243250.37607531622,5944895.063859049],[243664.98359670024,5945033.924261237],[244037.60178953875,5945174.00549647],[244235.93317086156,5945259.1467898],[244406.59703699686,5945103.597392894],[244597.9974432066,5944989.853898438],[244587.29202952422,5944791.08188637],[244892.95254557673,5944768.879151722],[244997.52231675945,5944567.649853328],[245000.25723566394,5944561.249635553],[245075.14676273428,5944390.824571291],[244827.9023489887,5944116.043472771],[244566.9981898805,5943550.809878161],[244872.53017522488,5943524.619366236],[244913.68619874492,5943449.396387303],[244878.2246072758,5943293.5373602435],[244676.91475319397,5943194.499774514],[244619.9598949328,5943008.098887831],[244587.3972514551,5942750.0389774535],[244505.4779803576,5942560.866090324],[244519.72300998308,5942311.452941241],[244719.7210195018,5942201.769277263],[244914.52823123801,5942230.92707864],[245074.56473466288,5942288.26075346],[245168.26946731843,5942324.736172268],[245299.6213578228,5942353.112794634],[245578.72658197954,5942534.280354731],[245721.63563464023,5942621.620467573],[246019.50431931764,5942550.750538159],[246298.9179863613,5942548.603537232],[246556.3384775268,5942654.584102858],[246770.6244825367,5942734.444223102],[247210.97788787913,5943070.527428739],[247481.53029953223,5943222.671601474],[247854.27786907926,5943306.129404314],[248350.29614309035,5943573.227498457],[248442.00373183005,5943689.7390332],[248494.50692595262,5943818.861170543],[248705.2255331222,5944038.110544959],[248631.29953419976,5944641.749996154],[248832.08445286285,5945404.199993782],[248987.82813484035,5945477.91463008],[249046.10570899304,5945565.62792876],[249072.69129193015,5945646.247524887],[249061.40463409014,5945781.224787254],[249037.05765557475,5945834.917660771],[249260.23142368067,5945808.538387181],[249370.4658738263,5945720.379490849],[249459.91113015823,5945717.24961558],[249668.07870656066,5945491.198606553],[249758.7897610534,5945593.3031320255],[249854.9996558316,5945637.429602759],[249942.05656300765,5945634.337951243],[249994.97225919366,5945716.78788512],[250077.13561732695,5945727.170928063],[250120.20469341427,5945828.476738282],[250196.85586265102,5945910.096118674],[250306.57620995678,5945956.255969053],[250498.56682270858,5945941.7351526525],[250661.87581258174,5946017.857836673],[250911.57661253028,5945990.615075365],[250993.28454887774,5945916.473276483],[251055.58077217173,5945888.037259903],[251082.45188011974,5945826.574190982],[251122.393943795,5945766.897244617],[251227.38612410612,5945749.95983226],[251310.4530971432,5945707.528970962],[251169.60643687006,5945594.9417431075],[251048.16673170775,5945482.313546307],[250911.2384241484,5945250.458471235],[250859.42907069717,5945106.426732603],[251010.14881817438,5944966.821407564],[251148.56249887403,5944853.931648821],[251201.23215711862,5944701.73173349],[251186.67832787614,5944515.12811281],[251188.0377492942,5944325.214410119],[251273.08011460584,5944273.458950229],[251282.0467956718,5944276.283378957],[251437.2396752918,5944366.5437651],[251637.4090175787,5944512.376171121],[251677.77106429078,5944685.087708591],[251731.06066628546,5944851.819879431],[251814.79300850164,5945065.030162459],[252040.28997612745,5945025.630876169],[252085.85359555017,5945197.850943113],[252539.01141339354,5945266.603740754],[252933.69101921003,5945164.776529159],[253411.99568629544,5945029.258523181],[253472.64493912738,5944978.2472890485],[253758.26518636104,5944486.930741252],[253904.98491307814,5944226.140338266],[253961.96334271226,5944127.78081196],[254121.59873061907,5944136.062779851],[254511.83537543938,5944360.726660823],[254821.15722998325,5944515.201112639],[255004.00059692934,5944557.65979718],[255070.8570318427,5944573.831674334],[255107.89928936027,5944581.540997131],[255124.08184148744,5944586.478102224],[255140.78021104913,5944606.156185312],[255167.42369828653,5944631.239787277],[255272.28858418763,5944754.172415899],[255319.8774593072,5944913.359771334],[255351.48398219235,5945152.652918331],[255305.29282333516,5945635.055539178],[255287.8799438728,5945735.953061342],[255035.82250042912,5945803.058725817],[255050.56322329957,5945844.8384457305],[255273.84768821113,5946000.102239698],[255577.5121094538,5946342.059920201],[255614.1201159237,5946459.457956471],[255776.91754325014,5946640.726399923],[256241.7571828775,5946822.351569323],[256173.4030583566,5947102.786098605],[256441.17238269094,5947685.24800368],[255773.33765496314,5947847.350697292],[255193.29581423383,5947572.935011553],[254883.761511432,5947741.31195505],[254873.9785925513,5947919.262915978],[254988.9032005174,5948241.20584318],[254990.08143249992,5948527.82495519],[254890.27660259232,5948684.422612671],[255006.70626738202,5948782.1511259],[255109.61047583632,5948561.685458109],[255218.6850387873,5948640.719117155],[255588.2495321855,5948607.955626702],[255856.58312166203,5949178.238158843],[255704.67182394303,5949455.71104137],[255472.7564127082,5949368.994094772],[255318.33483482804,5949346.8562916],[255276.9239786109,5949521.90771874],[255041.90354674216,5949561.650850261],[255038.84729211126,5949699.836454043],[255025.74187218677,5949893.415151779],[254823.4670207342,5949971.534634378],[254749.87630140688,5950238.26185482],[254331.64179336466,5950758.096057551],[254292.15521409642,5950842.33256628],[254384.14179336466,5950837.346057551],[254615.87409135606,5950766.030260971],[254917.58026126307,5951309.040636059]]]]}},{"type":"Feature","properties":{"fid_1":"167","symkey":"376","symtype":"14","text":"Vorpommern-Greifswald III","WkNr":"30","Nummer":"30","Wahlkreisnummer":"30","Wahlkreisname":"Vorpommern-Greifswald III"},"geometry":{"type":"MultiPolygon","coordinates":[[[[431692.0201283619,5977474.797264697],[431645.584908233,5977463.160082702],[431614.3183177989,5977506.2768422235],[431585.91105063446,5977659.861801352],[431644.0621251948,5977749.136742],[431720.881968176,5977756.960534181],[431763.9501552377,5977715.182025801],[431774.94102208596,5977615.831356281],[431766.6786209047,5977492.451122072],[431692.0201283619,5977474.797264697]]],[[[436270.11791316606,5978148.0397499185],[436229.6338492064,5978070.405330582],[436198.77488180716,5978074.985082883],[436124.61851362605,5978207.904073471],[435951.9824943142,5978371.778811719],[435942.42881004605,5978492.185579041],[436000.7401059866,5978593.212086773],[436063.0457809977,5978608.046686921],[436133.2045964636,5978554.06529556],[436195.9020841634,5978479.831963852],[436281.5316089317,5978281.47270143],[436270.11791316606,5978148.0397499185]]],[[[420475.5003018584,5990182.667052271],[420438.7516047675,5990176.198222224],[420166.22084404156,5990508.932326965],[420154.49336248543,5990624.162926959],[420152.0823183218,5990626.748824492],[420221.521926621,5990673.849284142],[420388.40717194416,5990524.671948748],[420463.3638471933,5990357.698532201],[420475.5003018584,5990182.667052271]]],[[[421824.99360958114,5993160.311194975],[421780.77680225484,5992990.2516340185],[421707.6519594481,5993073.851750104],[421630.8592203986,5993195.608049501],[421687.08189891465,5993473.312370032],[421726.91126082,5993625.517504154],[421817.94456798583,5993646.350721449],[421914.8912501922,5993557.160452604],[421802.3012856161,5993470.54391174],[421743.9437840888,5993296.472739102],[421824.99360958114,5993160.311194975]]],[[[421953.6929997355,5994897.373282088],[421824.34703538474,5994746.800830372],[421867.6251286343,5995018.703999119],[421843.033007293,5995202.675907079],[421691.04143615346,5995599.722705327],[421622.35935891885,5995731.702851452],[421560.49749994,5995815.660540422],[421451.5607109228,5995941.035211042],[421265.1865543723,5996076.878291991],[421174.6923773913,5996150.334499175],[421285.4102195874,5996168.977389893],[421443.8486555498,5996107.1592598],[421647.15407540463,5995961.966225497],[421787.7050131783,5995860.504887182],[421970.4142395053,5995562.446858242],[422092.11616983265,5995315.297327133],[422012.25612546224,5995041.419201512],[421953.6929997355,5994897.373282088]]],[[[419577.4648466874,5997854.866822109],[419705.1634742217,5997557.4770483],[419905.2704125615,5997313.5882586595],[420083.7787220618,5997181.775939781],[420243.10437191837,5997059.398056308],[420361.2727053305,5996976.22216171],[420395.83758329693,5996834.184787868],[420496.68080467824,5996656.054921977],[420712.36323574,5996456.908375334],[420899.4163886551,5996326.291024391],[420838.4316613218,5996277.640471885],[420679.3967654435,5996243.667771095],[420416.1077919891,5996375.936927155],[420056.2168154083,5996550.10822282],[419735.92095087655,5996905.5009066705],[419576.4656499531,5997260.28416609],[419499.00343605597,5997542.158966273],[419378.8165685544,5997732.222574115],[419342.22463155165,5997651.69557433],[419185.261488338,5997676.941434212],[419182.39494439214,5997995.481300572],[419343.77544397954,5998018.098059509],[419367.7287142845,5998138.333512949],[419067.9876350574,5998194.096723609],[419119.0961534772,5998282.366014373],[419265.5551066976,5998364.553223362],[419379.4105778951,5998315.54860842],[419506.18213849794,5998313.872985611],[419546.44767959975,5998256.186104653],[419568.29307500273,5998072.313606365],[419577.4648466874,5997854.866822109]]],[[[417116.7174592279,5999610.051738655],[417278.15871986095,5999383.774728641],[417412.46087666415,5999440.122688662],[417707.456562696,5999535.140943259],[417970.0035671415,5999675.057756301],[418088.1432584161,5999755.739355674],[418319.23103415966,5999754.164183531],[418201.0174261052,5999642.73154762],[418147.92876031063,5999526.511451822],[418125.38224950247,5999289.156750493],[418331.05685204547,5999061.340030592],[418555.4897374017,5998840.624192469],[418890.49839698616,5998663.077981323],[419130.3889919799,5998441.056070643],[418959.74106570054,5998317.947428292],[418882.2246203292,5998189.820744734],[418690.75577252824,5998086.69181498],[418609.96743626706,5998008.211930392],[418512.8450235622,5997848.758823814],[418586.89805961493,5997734.352705007],[418695.92184820026,5997554.187472673],[418868.6188076548,5997456.599082466],[419137.3383062491,5997572.542961139],[419294.468612005,5997509.021814711],[419417.9484698279,5997355.870612068],[419511.4006268671,5997195.259861261],[419670.8105146941,5996831.728537139],[419932.3653191617,5996456.3724616915],[420194.2508385107,5996290.8811569605],[420493.97717820667,5996134.575712761],[420800.57562157884,5996124.865036603],[420950.23616589233,5996212.696674135],[421073.00323345046,5996110.852279011],[421287.63890786003,5995960.5190615095],[421549.5352292117,5995680.708986225],[421727.51557124685,5995247.23342908],[421785.14614154864,5995013.5782656595],[421706.74152392894,5994809.940496795],[421329.4985882323,5994243.755590141],[421223.4233470326,5994214.695450712],[421166.6299844999,5994042.3261219],[421139.3079065308,5993876.174819589],[421095.631324091,5993649.811215755],[421127.34864282794,5993497.863159014],[421184.1947312113,5993127.152007552],[421142.5119960578,5992771.63816824],[420810.8774955077,5992157.342693759],[420787.56986881513,5991768.920712361],[420847.5021572001,5991415.352486962],[420715.6105200108,5991263.367821649],[420611.2321174992,5991247.253073454],[420596.9468927877,5991389.588184601],[420560.01638473105,5991463.927151341],[420538.42149766535,5991497.45184757],[420494.6827910561,5991505.731926052],[420374.12430494186,5991448.905059706],[420073.7642122833,5991099.920076091],[419765.56112145726,5990906.064366769],[419776.2889642874,5990740.587991701],[419939.05013327394,5990616.081114501],[420195.44385734294,5990286.178270966],[420266.44816836156,5990077.323027279],[420327.83534340933,5990001.384385997],[420403.5259372564,5989895.541431781],[420242.2327045966,5989591.622259],[420039.18182686064,5989278.51789771],[419921.7786699571,5989182.76506033],[419831.8902981179,5989135.04678292],[419508.0856653368,5988948.35175818],[419329.5575774098,5988642.642935367],[419010.1997093251,5988279.818783782],[418840.41951433383,5988174.431519521],[418732.2481412962,5988128.428622292],[418375.2229011031,5988098.120160373],[418023.46269796323,5988010.843247663],[417744.1265933402,5987848.49303777],[417643.5898529049,5987746.961041354],[417725.22855823766,5987622.514909903],[417714.13789507374,5987432.551616799],[417845.9525629021,5987411.923416249],[417922.02785689104,5987262.431705063],[418199.4164372748,5987154.179715382],[418402.47715164255,5987245.400544159],[418485.81253990345,5987389.579013517],[418559.7334608417,5987378.992031416],[418604.48147924896,5987299.385040814],[418626.0488392869,5987136.032431092],[418688.733725233,5986896.452375155],[418716.938254918,5986535.999612102],[418799.7329803072,5986193.829947729],[418761.20393545274,5985977.614627754],[419033.10492763575,5985690.700835731],[419315.43690884486,5985423.17956846],[419613.7902246062,5985327.709154421],[419747.0702495836,5985197.48096348],[419861.6705830572,5985040.882584367],[419892.32719401084,5984958.517209411],[420218.7378225289,5984499.585391669],[420313.9350172272,5984503.023074161],[420447.8828540556,5984356.0090366695],[420643.03857147414,5984224.995026179],[420800.9691097867,5984087.855722012],[420847.239634485,5983951.82191428],[421128.66601897497,5983676.8996697925],[421339.29971058294,5983671.728933539],[421538.6435564589,5983649.508326374],[421756.53338576574,5983707.676309105],[421964.46798463725,5983684.24883098],[422134.77739429194,5983606.417905331],[422316.70799538214,5983411.839822533],[422486.63638023194,5983176.554848302],[422802.1318937568,5982839.170954665],[422948.45526342187,5982752.760101121],[423167.13031139877,5982609.238167403],[423387.9721690696,5982526.769751428],[423517.4118907703,5982410.984776663],[423636.38399019,5982271.081526002],[423678.15154115576,5982092.202269498],[423763.2533519203,5981811.73125091],[423937.0221621534,5981467.964176081],[424202.0586980181,5981043.224890269],[424404.14761324506,5980748.492617032],[424582.9524282189,5980532.119506519],[424803.1047086399,5980229.184535541],[424755.38706306554,5980034.399034981],[424877.497531143,5979738.337875422],[424801.16307092365,5979506.843450412],[424660.02223596163,5979342.571613425],[424674.0882736761,5979226.293400623],[424660.8689016532,5979038.871516665],[424884.1083906861,5978777.054669978],[425015.52762888744,5978611.720588669],[425131.23135625385,5978654.997140912],[425363.8776791468,5978583.524954632],[425609.6092301775,5978563.085696138],[425734.1218078742,5978675.808474522],[425803.0472742086,5978815.738251874],[425951.2432500813,5978798.97313487],[426087.68741883524,5978756.297785783],[426251.33379181474,5978689.685307721],[426571.26585417055,5978529.254128572],[426706.33365169074,5978321.166097207],[426744.2348437635,5977950.303038228],[427010.32315147016,5977893.535325332],[427270.51377466694,5977836.427840153],[427440.6537073292,5977684.57605752],[427537.79633303266,5977373.17676612],[427639.5525867874,5977183.0679480005],[427634.9263057038,5977037.595373413],[427984.34878942184,5976671.389224272],[428289.6980007915,5976357.28172938],[428464.6261363523,5976075.449675892],[428619.608278499,5975673.787214084],[428702.86370827537,5975396.763726883],[428679.17671078444,5975161.658464501],[428494.5825817706,5974801.076239003],[428223.2591161644,5974487.100163864],[428005.0567965228,5974280.998653566],[427830.0964465188,5974111.132934073],[427703.1693495391,5974064.737972571],[427519.57840279955,5974145.69426813],[427180.3489832552,5974144.074534051],[426899.9114826191,5974079.0756448805],[426507.8779010661,5973818.0813188385],[426243.6469264077,5973627.690036992],[425826.1967094522,5973228.50661212],[425359.06388688367,5972991.219752291],[425323.40112476517,5972818.729420623],[425078.15196836274,5972578.952050032],[424997.44807272963,5972525.256011343],[424889.78855405096,5972399.504740341],[424818.636403529,5972275.305705851],[424730.447747333,5972140.973110599],[424623.15727212187,5971883.6959261205],[424460.48920076806,5971620.101870792],[424452.32055510767,5971265.377162375],[424382.434246758,5971075.248369191],[424351.7370777745,5970814.782118162],[424292.1081319973,5970671.190746494],[424057.48297059163,5970508.718256928],[423870.5077451691,5970631.707228595],[423736.80281258933,5970585.335867789],[423403.2953303009,5970648.262019582],[423151.9794190293,5970636.272594541],[422871.1691412106,5970514.85886701],[422660.31787076034,5970916.226943657],[422198.81968025584,5971898.065164134],[421956.9606407443,5972115.386550797],[421714.2973743435,5972437.28911428],[421645.10782656167,5972619.314679733],[421758.96707445756,5973200.695210602],[421967.0451141987,5974015.930010749],[422284.64643460605,5974887.534557341],[422417.20257453155,5975205.620303292],[422473.43615556415,5975576.09418571],[422640.71842976473,5975796.14824268],[422626.8136278633,5975899.197534211],[422494.3782005096,5976151.328443082],[422734.9499646239,5976208.6051863],[423158.154101355,5976419.3080467],[423176.36597431824,5976468.211546641],[422883.9651915869,5977027.764689842],[422784.6646274077,5977171.317678159],[421803.8378067743,5976648.979846459],[421332.2354919296,5976439.320838472],[420760.95809858106,5976820.007576771],[420332.57371405605,5977029.42597702],[419827.9725965727,5977096.320837477],[419493.313327658,5977033.471941534],[419161.59863537084,5976677.115082083],[418933.03313027136,5976867.640862299],[418818.7224277854,5977029.482912261],[418675.98946387134,5977372.260938913],[418571.2086718483,5977877.038664822],[418313.35370626394,5978052.659941161],[418048.5627417676,5978170.722933343],[417843.81444287207,5978304.86778404],[418601.5433570044,5979858.851398783],[417853.6254673144,5980069.770169165],[417354.9051059652,5980232.796892345],[416654.67547909636,5980251.965399429],[416319.057018891,5980280.69264012],[416316.9339794349,5980573.967649929],[416117.66415091325,5980643.120286191],[415896.565658045,5980758.661508275],[415828.5876822984,5980767.530850833],[415609.44222769234,5980781.4370319825],[415310.6510796184,5980756.858462391],[415132.9492279459,5980833.103747703],[414985.9415420126,5980980.775567045],[414773.83028033935,5981158.574243093],[414615.6231066203,5981424.500746019],[414583.8560094461,5981639.493663557],[414429.5523143271,5982045.56429133],[414352.8931924822,5982409.967708027],[414285.81738025136,5982995.05377602],[413957.61648418475,5983018.939428899],[413979.69582939707,5982619.675650161],[413972.7301108409,5981703.860860601],[413700.9288827386,5981805.828418296],[413413.1481531104,5982007.02862904],[413269.3652516166,5982285.260791263],[413202.08970282134,5982428.891890721],[413010.40214091446,5982688.07862138],[412406.2295142049,5983253.734532971],[412185.62117024325,5983119.55261516],[411945.8258905746,5983090.60774464],[411706.18581355084,5983196.205902623],[411408.8821005812,5983368.788535241],[411830.93944040406,5983484.023339573],[411647.3829584671,5984235.754766569],[411456.72771609575,5984682.741524361],[411217.14188180305,5984577.215327462],[411034.8815201847,5984845.850952249],[410843.1160420459,5985037.551566452],[411503.8524351744,5985470.517982459],[411437.6311951047,5985662.792997435],[412087.16985946894,5986118.863369811],[411712.7196191484,5986500.147899682],[411313.5284862481,5986537.109854944],[411408.27084219735,5986259.85474146],[411493.53108066693,5986011.012569692],[411438.0075732004,5985925.390408311],[411225.4442667281,5985941.55851436],[410745.40652892087,5985987.358386403],[410446.06753762905,5986033.0838938225],[410214.38765978906,5986082.197293833],[410067.20707012806,5986136.874697447],[410113.7246261891,5986348.86523968],[410012.5317559829,5986413.258508416],[409279.3306286968,5986659.92161241],[409084.0373186171,5986748.049571272],[409063.65250771306,5987112.4888606295],[409033.6755910283,5987479.008313684],[409000.5838942621,5987756.332135428],[408825.6484460989,5987646.620461134],[408607.49766205624,5987602.120677633],[407885.75652240496,5987850.060670534],[407375.15506797563,5987877.65647367],[407279.88650783617,5987678.58713397],[407165.1301323753,5987694.350732321],[406786.85080884583,5988022.252826724],[406861.32160882,5988206.268922059],[406385.6636496801,5988754.690908462],[405976.60330742504,5988545.34106992],[405892.4340658225,5988434.2181228995],[405844.29980864655,5988302.28754298],[405537.207980413,5988126.154916141],[405382.9791014809,5988043.237502601],[405172.77640987374,5987783.169442102],[405214.2172253467,5987701.68162149],[405113.7275745794,5987474.546431448],[405047.97486078646,5987289.480033219],[404025.9777682889,5987837.72250329],[403990.94771037344,5988205.438361082],[403738.4055004306,5988366.107933778],[403629.86639903113,5988445.688977493],[403434.6826624125,5988508.28621782],[403290.4478918081,5988575.61209123],[403165.3812456187,5988411.12665418],[403119.67733990774,5988277.140076451],[402865.8288171077,5988243.173218656],[402569.12551407516,5988266.258332631],[402542.1255140742,5988355.008332627],[402949.13570972625,5989229.1641261],[404312.4504416706,5989768.425922416],[404363.61842791084,5990167.601197138],[403225.79665388446,5990764.506694719],[403136.3672992075,5990968.258726673],[402883.77905553207,5991177.469873978],[402623.9343971135,5991179.307940956],[402554.9229579577,5991330.313681789],[402217.2920725085,5991661.323326966],[402208.5223370064,5991832.484703263],[401986.44983810466,5991955.826171277],[401991.2743614828,5992086.332357135],[402006.9878492821,5992457.510075752],[401953.6272609513,5992908.1617489215],[401722.9712314112,5993113.479443764],[402049.77551708743,5993912.15190365],[402242.9601512207,5993735.051972739],[402336.7790943291,5993792.815098943],[402325.90107006766,5994104.38403718],[402095.5426909514,5994348.578470161],[401971.78000680543,5994331.792471241],[401947.7614243999,5994403.2752520945],[401896.0994130494,5994650.224641239],[401531.07016102504,5995092.736304326],[401134.79849864636,5995686.426933974],[401057.3362378329,5995903.760674149],[400980.5365453968,5996312.195735117],[400939.34540834464,5996686.861325074],[400821.7876407504,5997009.658695132],[400660.50291137584,5997147.61912474],[400549.84654986113,5997266.802136902],[400438.4843560979,5997487.57601306],[400419.2761740461,5997739.650406392],[400533.52385626454,5997880.997615542],[400798.26269769296,5998062.367175063],[401497.3239501612,5998481.725751108],[402199.78730948735,5998697.8500879295],[402613.9307321906,5998794.950910058],[402937.12995697,5998837.945990872],[403255.89494547714,5998904.359965788],[403742.4269914394,5998982.66882962],[403897.8596865693,5999107.081633536],[404105.58431341685,5999095.573998941],[404427.8964556074,5999041.54127009],[404966.2919376977,5998971.959151348],[405771.0745534757,5998987.382038159],[406035.5446752608,5999017.675175816],[406438.35177957825,5999098.410913061],[406808.9360450851,5999122.99220217],[407243.56355277635,5999176.3575513605],[408330.68172013573,5999490.090541674],[410001.2740868991,5999943.83259831],[410352.7367635062,6000122.675923362],[410555.84392841626,6000229.652752891],[410956.7844962962,6000500.325015131],[411402.8360484401,6000959.541628553],[411589.17744131014,6001166.661445873],[411656.7355776699,6001238.848120272],[411705.8558341181,6001284.653810877],[411765.79374818876,6001353.601641091],[411883.3519262988,6001417.54109258],[411972.4377668593,6001461.214575121],[412130.83170259744,6001512.718081022],[412443.60520439595,6001730.185488462],[412591.9657510659,6001873.844723361],[412947.45147547685,6002067.8066068515],[413302.9371998878,6002261.768490333],[413674.14006385766,6002440.160065189],[413824.5305105122,6002621.0347498525],[413900.2822244605,6002655.662414592],[414272.3376759989,6003015.636255657],[414575.9160703216,6003191.651381303],[414842.65181545634,6003422.982682224],[415048.25178297795,6003486.846037133],[415315.24876128696,6003460.75872031],[415553.34656215366,6003387.902423512],[415684.3892776873,6003258.0080363415],[415906.87858297024,6003124.667670405],[416121.6264586933,6002862.7683605105],[416241.8858060166,6002617.422374653],[416309.27776588127,6002512.751609787],[416285.5166983651,6002419.77060318],[416069.4532944821,6002371.535338022],[415922.6450810572,6002222.066251479],[415830.67843186297,6002109.957226912],[415675.01669579,6002079.372999381],[415386.7804376008,6002020.394947566],[415145.2323692916,6002001.813463094],[414956.1396998679,6001923.616170272],[414836.0357999867,6001865.279587783],[414951.5821887171,6001542.293325162],[414886.0355188232,6001176.615908587],[414951.4943283638,6000916.674468877],[415212.0164950937,6000805.2577383425],[415517.03881788626,6000700.303057333],[415709.5211680066,6000581.760458298],[415996.58468171675,6000449.659085311],[416263.2848784905,6000379.05694931],[416567.02869742084,6000087.280160651],[416819.8749027299,5999949.375383671],[417010.2194799613,5999769.623648161],[417116.7174592279,5999610.051738655]]],[[[422558.13131675497,6003085.930490203],[422480.53140454274,6003078.720315408],[422360.9122640742,6003156.192156957],[422207.70476097707,6003362.439063093],[422144.84797086567,6003444.658417914],[422215.4684297871,6003540.001880094],[422331.6071627019,6003541.949883433],[422543.15149120893,6003545.058390664],[422558.63143703714,6003216.328490775],[422558.13131675497,6003085.930490203]]],[[[423363.4169559609,5999764.645494133],[423745.267929554,5998901.292889202],[423948.1587794032,5998493.46327015],[424249.4982810281,5998003.896199055],[425189.16751558613,5996709.81293332],[426024.969041707,5995736.80114821],[426615.16397775616,5995151.84730391],[427359.2849179087,5994468.961862255],[427883.8492481867,5994067.660369102],[428518.0836579148,5993608.555326333],[428904.29413299076,5993321.591136999],[429402.43538178224,5993008.816187236],[429786.7168397801,5992787.628644869],[430274.0125708077,5992502.341524703],[430844.34484922606,5992259.92050151],[431304.0826331461,5992136.415815271],[431649.4437260255,5992026.417859357],[431957.438985521,5991971.973965332],[432299.90965548437,5991858.070166063],[432648.2459259322,5991723.74906477],[433015.0735653369,5991527.545610985],[433460.4419835089,5991253.91502176],[433839.2466314379,5991000.795311011],[434178.44821232837,5990814.560638629],[434418.05669749156,5990662.543493621],[434659.931814163,5990533.661405342],[435008.00267755985,5990262.389840374],[435309.4464953039,5990071.13555829],[435565.9082470052,5989856.76100955],[435734.30998804886,5989673.440076385],[435990.3286131937,5989292.149425821],[436262.7695112843,5989030.498575861],[436597.8028483065,5988647.743970571],[436845.59937342536,5988341.807171071],[437038.47532592434,5988141.4532918],[437377.0454850262,5987752.040558971],[437837.08706299774,5987156.7463024575],[438233.4444437688,5986760.756407047],[438563.0914721703,5986477.852060622],[439047.9850021256,5985972.029355321],[439760.9533280777,5985200.038114032],[440289.9368441785,5984681.134830907],[440926.5244693998,5984098.320610896],[441399.921167545,5983672.74768029],[441914.36039099377,5983169.46752486],[442423.67297607753,5982689.25091045],[442909.069168699,5982196.86208755],[443184.3763359189,5981915.46171964],[443600.1034118291,5981440.756128402],[444480.11340886913,5980321.809479669],[445138.5681937123,5979588.18421841],[445456.2211037185,5979303.051152622],[445656.67983086314,5979057.168929802],[445773.0347931031,5978830.038583919],[445933.98374002706,5978593.63107826],[446346.34585005976,5978072.115424689],[447263.61846252065,5977214.689944368],[447874.73650224507,5976729.566232102],[448441.90048066713,5976326.214840401],[449222.3980182521,5975838.86246955],[449169.4882312538,5975768.03819623],[449075.8111489685,5975642.088331621],[448484.7959158821,5975021.586472832],[448145.2813922474,5974704.7423459515],[448032.313800822,5974632.72543153],[447931.76072905026,5974564.608744033],[447816.7315292079,5974541.208511421],[447581.8406948047,5974498.396615719],[447213.2857995201,5974428.892616669],[447133.67934353556,5974437.281738408],[446795.4392825812,5974479.040674491],[446663.07855988014,5974474.079894248],[446553.9021477103,5974356.3184302095],[446494.6422622297,5974078.052283276],[446844.3319966914,5974060.670051295],[447256.1825761292,5974027.747221546],[447708.00073829014,5973893.114486519],[447839.52240950987,5973835.883895472],[447842.3691339325,5973808.36369447],[447692.0043877885,5973507.132794017],[448257.37582359556,5972758.188392408],[448327.89517389797,5971731.140880486],[448375.9744005585,5970556.464098562],[448364.2015422499,5970091.341305839],[448341.2017935971,5969808.997153232],[448299.3387790257,5969474.640599543],[448249.3623041902,5969265.9985855315],[448272.6902902052,5968979.066785054],[448052.65140289627,5969024.77387502],[447851.29638170823,5969031.482119318],[447737.60637653526,5968987.22404795],[447519.6127542304,5969260.03180117],[447396.45350238215,5969359.923134683],[447119.3465667227,5969513.641583843],[446840.7582889097,5969697.211469023],[446556.32188940234,5969650.750119641],[446191.50972420163,5969561.803927073],[446088.2076058313,5969519.133125115],[445884.2300681863,5969498.652329538],[445795.9302199483,5969630.901545102],[445453.2977955416,5969611.597484732],[445139.5160465399,5969644.818547243],[444895.9343491979,5969560.768224679],[444623.57814391423,5969598.296180183],[444465.24529288244,5969627.339609468],[444045.9524508184,5969590.45024664],[443549.59367217775,5969448.710889673],[443185.5619569132,5969496.788904268],[442938.1082112659,5969537.5586992465],[442580.11091410555,5969606.431016071],[442414.9243950201,5969517.828065412],[442209.39935631584,5969422.788579859],[441938.94228755217,5969404.8707909025],[441697.7143229218,5969441.905494953],[441350.349559322,5969467.15318322],[441101.11013742257,5969517.42927883],[440796.49157640245,5969540.821864961],[440434.42103011627,5969756.429887241],[440262.49119886477,5969879.66732336],[440042.2859259285,5969877.002033683],[439821.14298808016,5969978.885620214],[439622.48527658917,5969883.505546061],[439338.38381973095,5969699.308335975],[439120.9560885383,5969616.689917322],[438671.1306704236,5969492.40580559],[438368.97822311893,5969403.717052311],[438052.253547336,5969503.085478881],[437628.71709149424,5969701.231385659],[437273.8747902503,5969928.498278346],[436895.75130749773,5969960.213917887],[436517.4600223405,5969879.619347511],[436302.38913621474,5969666.493032217],[436130.4296450205,5969505.896500833],[435951.18191845156,5969430.346304804],[435599.9498076858,5969422.609243825],[435355.20737300906,5969183.763412831],[435301.36287455074,5968977.166971251],[435076.35557318386,5968709.218944909],[434993.0155572407,5968654.073235001],[434801.1080064578,5968266.284018539],[434516.3521840377,5968063.34823042],[433966.6289822003,5967787.38056528],[433835.51244145725,5967509.625120129],[433761.8677577283,5967303.220046578],[433720.9798117541,5967156.80641762],[433476.7072390588,5967108.415290479],[433330.0101120416,5967207.47959961],[433045.4284956679,5967332.633723957],[432269.8252821844,5967184.22062739],[431726.46289462876,5966911.762447553],[431446.4101143833,5966854.561159601],[431169.3323723087,5966842.13984788],[430609.00432026293,5966710.388517786],[430432.64276908804,5966688.78028403],[430220.4236461781,5966647.516702618],[429902.77754698135,5966726.6689838],[429431.0588567816,5966890.107701698],[429275.84157129563,5966951.061838461],[429087.9152811412,5967037.434088161],[429152.3230978595,5967275.193073887],[429209.9933484709,5967534.951360347],[429317.3926640162,5967587.125527041],[429512.3599494975,5967504.421390286],[429990.8247641772,5967145.428171454],[430285.2090514945,5967188.764381217],[430537.2736551473,5967185.187402021],[430721.4131175028,5967332.918356445],[430957.1826573061,5967367.607320495],[431194.0416913405,5967796.659911441],[431210.05769598484,5968055.109561393],[431251.7857549116,5968540.133128723],[431034.33969692234,5968816.074269943],[430709.6538049178,5968985.156851301],[430462.25625547767,5969082.896124806],[430104.9587383568,5969295.841150193],[429828.7374461014,5969531.58803755],[429673.77047075797,5969853.824807843],[429698.43481182493,5970043.78449849],[429654.331195361,5970167.008161647],[429519.8293579314,5969919.290443486],[429553.03628072515,5969562.81048356],[429472.55379018,5969306.101723012],[429538.54936052207,5968682.26338941],[429221.0675592674,5968364.656378506],[429133.96008287836,5967898.120831573],[429008.6439126888,5967790.310740801],[429034.7207101593,5967599.03181977],[429022.4728163844,5967282.480480809],[428912.56047484,5967035.295823371],[428703.15490008704,5966712.152778111],[428303.00543379784,5966591.484438781],[427666.94658221956,5966397.898052264],[427492.90023589693,5966274.8889288325],[427193.6956731798,5966409.261446482],[427027.50941944774,5966264.871187199],[426564.05793153774,5966431.26000718],[426387.60635772906,5966242.457306182],[426157.80314477347,5966315.303718913],[426114.51898393594,5966491.868944371],[426067.90437818225,5966571.390541341],[425800.85907021165,5966596.729791915],[425425.6609296892,5966607.483348137],[425091.5289098043,5966713.264722941],[424927.5131808063,5966917.733494112],[424807.05058771744,5967078.833775591],[424697.0382234333,5967180.705349591],[424538.58323091175,5967294.733634362],[424256.6568750702,5967455.417379271],[424065.38688621856,5967567.239689877],[423834.2923918851,5967502.35864201],[423538.49830106366,5967456.850343673],[423242.28282328416,5967448.68313954],[422770.1290484434,5967448.12338472],[422640.34535951447,5967971.177522391],[422571.64118115976,5968072.495018009],[422523.067576373,5968245.050501112],[422666.07504864875,5968294.59103962],[422799.54248642456,5968287.645627763],[422928.3179578353,5968264.637412621],[423021.33473981824,5968380.436207859],[423042.6870620884,5968532.788016643],[422965.12546984665,5968790.474073304],[423186.21245030314,5969023.599363752],[423100.6327009145,5969231.607650211],[423334.0140179191,5969447.16534378],[423336.6246317653,5969786.479927674],[423473.98258888256,5969839.904556757],[423615.41206839867,5969924.419268239],[423800.71301121917,5969849.652837973],[424092.2452120632,5969796.700228538],[424393.9988356745,5969766.270277103],[425135.0464435024,5969945.940103142],[425323.22945970297,5970077.000396259],[425632.98330728617,5970247.012769433],[425867.9598118691,5970466.732924301],[426057.15095339436,5970520.814540241],[426339.9066565903,5970346.79920399],[426704.08026115876,5970405.419315062],[426919.66235106345,5970432.662204262],[427163.1065550009,5970384.640199903],[427594.86689883936,5970778.60284519],[427794.58992986754,5971049.015034769],[427801.4469650341,5971247.196025912],[427922.731221783,5971341.20906773],[428238.09292192105,5971381.9687632825],[428487.971615701,5971467.746091649],[428817.52647387795,5971555.35084811],[429082.7906120252,5971596.9182940405],[429098.36887840554,5971828.702267639],[429270.88247545157,5971898.354425512],[429247.78122403286,5971996.217716264],[429230.4114458617,5972165.207851265],[429601.3110715449,5972467.414651506],[429709.7455238672,5972724.019082122],[429770.0476006381,5973046.974665193],[429942.6130176354,5973674.554163754],[430181.5428072894,5973760.60150874],[430243.1518589938,5973926.508923164],[430271.00985156,5974180.990410371],[430218.048346472,5974471.13068595],[430134.1898839511,5974801.698480852],[429911.41339223925,5975008.7923213],[429956.95692763757,5975581.271540113],[429929.953831465,5975938.186151955],[429949.7284413846,5976179.95570807],[429938.917902126,5976609.409331169],[429909.9883336928,5976955.746382946],[429759.8639266193,5977229.935052773],[429462.4767516302,5977551.342117859],[429462.49037226196,5977804.659607733],[429454.00907264184,5978091.880568093],[429329.190592953,5978345.034495223],[429249.56635548454,5978662.389042102],[429018.0062134871,5978881.98810643],[428686.72628277726,5979088.11073341],[428571.2505882811,5979272.315455005],[428320.64516682643,5979448.011566902],[427986.01413522474,5979679.332289012],[427757.45246847626,5979926.94526183],[427528.6382543612,5980271.71344851],[427512.93461924046,5980634.574134292],[427678.02672479395,5981094.297868779],[427730.55368189514,5981549.009519411],[427807.6226632176,5981719.933563532],[427814.3026562417,5981902.65240599],[427852.1580685368,5982080.431242166],[428001.1278926935,5982396.964537563],[428145.6574243447,5982685.661040287],[428473.8876527874,5983071.685377732],[428914.13780491427,5983112.241487414],[429475.1809495203,5983077.843355391],[429848.40499415994,5983014.28388335],[430075.528680278,5983118.739741297],[430488.57440908253,5983347.976630259],[430638.74399389233,5983407.522060789],[430888.0190325966,5983389.561546328],[431558.508063389,5983245.048370285],[432002.0962513508,5982971.175942918],[432162.0471420316,5982780.727721395],[432159.6136176698,5982517.655206766],[432089.48023934476,5981958.428357121],[432102.46576089785,5981720.617010644],[432082.0464904988,5981425.06963134],[432045.54438453075,5981177.534498518],[432032.9318100987,5981005.497757414],[432218.6457308633,5980955.890817808],[432418.7606467549,5980926.651854442],[432554.6353523759,5980777.806464929],[432530.981496566,5980630.5422632415],[432208.8667988181,5980425.16541758],[432018.47717170604,5980259.702500671],[431901.2761249738,5980127.662242569],[431782.3445276208,5979990.236238457],[431512.92417023703,5979715.116815953],[431271.5602991171,5979622.71419261],[431098.10313463677,5979430.864525899],[431259.9473835556,5979217.767358262],[431403.627185083,5979078.440863099],[431487.3206907641,5978946.442993108],[431643.94495164976,5978811.141062181],[431588.81699995603,5978682.570944667],[431292.93080341164,5978433.636296619],[431244.9369480135,5978146.93349329],[431179.8592772642,5977937.8164595775],[431295.6344801318,5977699.490829786],[431291.5986005105,5977400.07563295],[431298.7363546649,5977190.727793364],[431324.0555233015,5976985.095673032],[431294.80744631775,5976794.878716491],[431504.5845590411,5976772.182003481],[431721.03203768935,5976671.147961291],[431735.4654370239,5976822.734825499],[431702.9815571308,5976949.00313477],[431634.2076555472,5977147.540863],[431936.07545851823,5977634.979368594],[432143.32149693,5978035.239381749],[432258.8574062763,5978356.243637659],[432453.4643455185,5978431.852519769],[432478.7180207139,5978576.392994823],[432352.46766897757,5978731.395142373],[432201.0019915858,5978847.0361954905],[431999.0537582198,5979214.959145023],[432163.4793326892,5979364.395117383],[432533.13482341263,5979384.568040669],[432717.09818890505,5979529.089135982],[433006.8897747006,5979615.38143114],[433196.8753278544,5979770.695955392],[433377.2908051014,5979799.353650216],[433463.86288260296,5979712.863082502],[433285.56945365854,5979532.635270186],[433331.6671605827,5979460.363011191],[433431.19533397816,5979496.364612002],[433609.61037937645,5979523.4325084],[433706.2419704776,5979571.631204201],[433741.5389164323,5979720.270544233],[434059.0534282811,5979849.899321988],[434259.61050830316,5979694.92716871],[434507.23470585234,5979551.142523611],[434636.64478855673,5979457.820164571],[435050.6357778525,5979544.579961572],[435469.669494112,5979732.186276957],[435695.08528149873,5979826.126605362],[435884.295243836,5979794.507920589],[436042.40926775243,5979660.408033799],[435959.16322234645,5979601.764270453],[435630.7760425871,5979602.16311728],[435492.83348566946,5979481.624106063],[435599.4676466407,5979437.73812744],[435906.2969737286,5979513.314867152],[435947.7197654098,5979450.239191821],[435940.0900117336,5979356.258214215],[435870.82491488475,5979292.668412274],[435630.79424133524,5979310.3061064],[435450.30899831746,5979177.774215689],[435244.027581919,5979101.676976921],[435167.09430497885,5979011.807163293],[435049.13694031443,5978829.999147354],[435158.9955413146,5978398.83210111],[435302.6953424625,5978273.029821947],[435529.7108523883,5978031.228344463],[435939.73067237064,5977833.937444294],[436357.377046803,5977567.815835001],[436508.9279754767,5977569.070142571],[436542.8835517755,5977416.986984802],[436801.8892254727,5977480.340158299],[436988.2585864691,5977443.691907251],[437160.98524823505,5977848.248521136],[437145.8902813373,5977963.85475003],[437124.51534261834,5978101.439582897],[437003.37013463676,5978077.903151937],[436795.4384956816,5977998.511928942],[436661.5630826596,5978382.4292436],[436788.05799104273,5978691.899613399],[436940.75785607286,5979102.844278522],[437083.64840514585,5979480.053378623],[437228.1625652546,5979676.184303906],[437242.66224324424,5979892.275510553],[437224.0448576072,5980100.902713709],[437205.029438748,5980353.654118421],[437379.476859374,5980765.527672898],[437457.7003425723,5981294.79663969],[437533.5992260361,5981669.335253542],[437576.1947526671,5981993.225948721],[437568.19216830377,5982323.089260321],[437527.2464381689,5982760.942783931],[437528.31510095857,5983060.77700801],[437561.4830482332,5983465.457244532],[437558.3722696267,5983641.423002731],[437421.9772429969,5983775.7717102505],[437341.96146651264,5983855.357413765],[437230.60066234786,5983875.754815452],[437237.7605998097,5983994.827473082],[437362.45683158096,5984120.051920736],[437268.6007584091,5984293.032516502],[437225.70990815386,5984555.708161892],[437133.5283309659,5984991.234923616],[436997.8328961348,5985064.042696092],[436981.23287241533,5985331.765542543],[436801.9810848199,5985636.807830602],[436692.4884851491,5985783.044073347],[436393.7990590064,5985920.223093981],[436240.1786605567,5986018.147961911],[435995.5862840684,5986045.928206703],[435746.11183644645,5985977.1244384535],[435608.5418644538,5986072.388825601],[435519.0469085518,5986360.601979932],[435461.79551636335,5986103.357492302],[435641.73741287366,5985860.591527671],[435655.16902420577,5985663.236202531],[435304.43188880756,5985286.386904461],[435181.2616044292,5985067.439321002],[434720.3478069762,5985157.937954867],[434734.042753648,5985539.772347514],[434643.502845048,5985664.592597911],[434696.405684337,5986040.226635929],[434694.94463684503,5986360.039255489],[434674.47000674997,5986659.0733491685],[434562.3304919526,5987069.462505031],[434464.36437771376,5987551.3659464475],[434368.4258493027,5987984.569545519],[434385.4910371294,5988428.07085738],[434293.67959902436,5988777.47980164],[434102.0037677167,5989069.319592582],[433880.78955921996,5989244.58206379],[433567.51560743805,5989431.73063297],[433307.2201884864,5989647.377318313],[433232.5015335614,5989805.42027908],[433152.3832826782,5989943.595498731],[433046.49306496605,5990101.093118373],[432869.2045796616,5990349.337149199],[432728.61844647676,5990519.638212331],[432548.01677329466,5990635.694817349],[432496.9931393154,5990715.670750661],[432518.6841689404,5990810.274677264],[432620.80574294087,5990875.7870415505],[432751.20658577327,5990897.14629286],[433109.438079847,5990927.367192196],[432933.9164287029,5991014.240676675],[432918.16614578385,5991090.205253877],[432819.39343186375,5991181.90014299],[432575.91245344095,5991025.309643619],[432430.5349139441,5990930.569098011],[432332.4216783112,5990655.453071829],[432040.49135313276,5990703.568420272],[431650.1270559486,5990643.124345584],[431366.47655186895,5990607.99992956],[431132.8564940784,5990715.979898283],[430919.34079714864,5990834.005042382],[430772.30952523835,5990900.1728037],[430615.0503142327,5990902.65996881],[430345.30360851716,5990928.84339737],[430154.9265816491,5990928.729200153],[429848.3973377738,5991026.245882181],[429607.8467340581,5991114.94258732],[429300.9412730122,5991072.877808725],[428995.8012496149,5991253.139273673],[428869.18267190177,5991252.0573257115],[428745.5577498786,5991243.366692709],[428663.5964509826,5991100.89150225],[428833.0165455444,5990962.911309082],[428963.16774011496,5990932.26841283],[429051.44203178585,5990773.677744774],[428891.23835455533,5990394.909659712],[428796.3211585246,5990023.521542562],[428688.6366707571,5989613.360253843],[428656.1825165432,5989300.049605619],[428575.935774249,5989093.721121538],[428453.5092569785,5988876.121356428],[428569.30154109374,5988832.301130559],[428654.54386395216,5988902.116805311],[428752.79828165565,5989065.287174612],[428796.5549694896,5989258.127561379],[428837.7290945668,5989377.013026932],[428927.6873804815,5989286.833267022],[429187.7659092434,5988897.977521669],[429175.352075682,5988690.719416132],[429364.68197719567,5988501.267239369],[429512.28849670105,5988282.352884343],[429567.840000242,5988117.165353572],[429928.69071209896,5987561.526822772],[430114.7719713291,5987299.519707231],[430176.716445867,5987084.0256375205],[430087.09757771064,5986880.316826999],[429954.0886881575,5986738.945189919],[429750.8768977858,5986760.52910183],[429586.424756472,5986704.756058404],[429514.47375280503,5986591.2138204705],[429478.71179910563,5986417.550329514],[429584.9996686252,5986276.107279411],[429646.48916447815,5986087.211815463],[429665.9329694873,5985877.642966552],[429561.36685335264,5985872.182317294],[429334.00211679284,5985949.4216083195],[429079.6977066677,5986198.8855542205],[429012.36212195456,5986411.731233591],[428993.8550555613,5986663.535748923],[429076.8496601619,5986880.8120978605],[429361.82489902154,5987085.390930293],[429462.26685427036,5987244.06544595],[429582.89697809704,5987383.172395259],[429781.3766033631,5987478.85037577],[429675.75675285887,5987712.87531399],[429448.81194811966,5987975.362791531],[429285.5453068176,5987814.895287469],[429172.24682362843,5987819.143094771],[429017.8718967838,5987652.354087409],[428837.1386908088,5987239.731657639],[428588.7146882983,5987017.015857851],[428480.8930851044,5986844.92394381],[428381.75776653085,5986447.278762443],[428289.61416247766,5986138.162371695],[428094.364268966,5985840.801920947],[427888.0404231688,5985534.314587044],[427551.3217527531,5985347.911725143],[427163.7953591328,5985403.487989474],[427034.0533503024,5985191.406780764],[426770.1110603772,5985276.423887592],[426600.75406022556,5985226.30324211],[426299.7042216351,5985215.808268713],[426109.81258715596,5984978.790775206],[425957.7078110846,5985064.147038801],[425756.31706083193,5984970.615470979],[425581.15397785325,5984882.928184409],[425485.42587439343,5984476.53191697],[425378.74714731425,5984336.93449202],[425386.5180435423,5984107.464814043],[425132.6981735574,5984207.095864402],[424968.19188242126,5984329.10409263],[424858.9010302285,5984553.65526644],[424801.5445606336,5984854.643896783],[424792.00458587985,5985167.510864522],[424836.5180902602,5985635.776925005],[425082.1777258916,5986080.718877871],[425319.0520361783,5986381.73844498],[425472.7726447787,5986542.971892189],[425559.49270241056,5986619.951331291],[425606.8235199321,5986878.846561423],[425659.9329953827,5987065.750303902],[425658.3731335746,5987154.970168492],[425624.60992846824,5987316.200972639],[425648.06910577416,5987507.270213719],[425670.3135665292,5987717.673613742],[425875.07999894023,5988020.19760276],[425995.41292975936,5988120.067173425],[426047.31919401605,5987953.158754181],[426123.4197218418,5987891.516064012],[426206.03375857323,5987685.574719584],[426360.411235746,5987876.35309636],[426507.8119458221,5988068.41984578],[426598.2948203813,5988271.966391427],[426626.35466392525,5988537.139912361],[426549.796670259,5988820.742663143],[426370.82905622665,5988928.375536593],[426144.37921818625,5989116.036477534],[425871.9183210926,5989244.7873825915],[426096.1453896295,5989028.480601858],[426269.3247584468,5988884.951807352],[426336.3300954271,5988799.98769048],[426400.5191148892,5988694.488110989],[426344.4946653936,5988583.237306872],[426204.3226510966,5988459.261858361],[426158.8733419264,5988712.07780152],[426017.78436185233,5988947.837704251],[425860.3746223273,5988979.882527167],[425758.3741513202,5989106.157686701],[425611.5218178099,5989308.899541406],[425249.05812568404,5989490.89746467],[424941.6729926197,5989518.168833431],[425027.39450822864,5989426.772098161],[424978.2672993792,5989345.186913509],[424747.73083868343,5989362.493062381],[424506.7317040954,5989352.397661079],[424373.40194368456,5989113.900951289],[424479.33274028916,5989055.471346818],[424488.34979850054,5988969.3048490975],[424285.932097069,5988860.553838251],[423902.31733668316,5988613.546173289],[423424.80127456505,5988463.617970288],[423183.8612973988,5988362.202785362],[422859.8070316734,5988359.019399783],[422736.37811657414,5988248.509651497],[422308.1345547624,5987733.903724929],[422067.4467836879,5987646.242086122],[421873.24525203835,5987296.786991369],[421626.61704699416,5986677.2826052215],[421498.6926117772,5986459.614506109],[421410.6641324451,5986288.579082839],[421187.4793232726,5986208.560704451],[420686.4091085056,5986250.835609151],[420502.9991750866,5986213.70712224],[420088.18820846826,5986219.20023136],[419998.5355787203,5986388.175712949],[419830.0082450863,5986361.791159449],[419595.3029787773,5986338.467566231],[419410.484740993,5986382.697956581],[419219.21684609354,5986786.620610792],[419085.1648550201,5987002.678153111],[419006.792633933,5987165.26767298],[419087.99707977474,5987506.140990889],[419134.09379237983,5987730.166643841],[419301.9207188478,5987937.180833019],[419586.13960054703,5988389.787452823],[419623.55730633345,5988666.1499463115],[419704.57297365274,5988815.6641545035],[419893.6648594029,5988815.059678292],[420030.70516591426,5988670.443306321],[420052.71792289335,5988491.325145623],[420274.8150791032,5988504.572949458],[420343.0766589418,5988604.001223687],[420275.0428644456,5989012.631671065],[420408.1107343687,5989320.172896244],[420756.69292984065,5989588.666055242],[420840.6552817188,5989872.658812109],[420867.8514364464,5990121.361182779],[420642.27470575925,5990545.742218593],[420722.68709817994,5990742.299710479],[420967.2736642612,5990948.13343521],[421113.0679648137,5991047.36734728],[421263.79635960236,5991280.496115679],[421361.0724514425,5991788.163388463],[421526.2999183545,5992167.383855991],[421562.28244426847,5992521.337891061],[421996.79305901565,5993036.987809287],[422047.8571899347,5993174.039184837],[422067.54050607514,5993737.695611265],[422095.18563086074,5994264.301604444],[422330.6730966922,5994653.82049478],[422394.8554368941,5994901.481431792],[422338.6469097659,5995412.254230082],[422179.927016221,5995709.973056717],[422106.9104814548,5996133.0307924],[422208.85073398706,5996194.010275951],[422335.93280493096,5996258.614530802],[422306.4595109988,5996338.691914901],[422008.989800035,5996323.3169765975],[421784.7873529345,5996450.464639762],[421325.5807738146,5996481.259976519],[421046.7585412441,5996570.04577953],[420688.3422947498,5996943.790672202],[420671.6870403392,5997219.030930111],[420529.720729433,5997444.37419793],[420176.08679823484,5997597.3075650055],[419961.352863688,5997716.130411349],[420027.9628354572,5997861.387887359],[420009.70895483904,5998398.852347443],[419919.95656605996,5998744.195034072],[419754.96669958346,5999055.3926705625],[419619.32875367254,5999146.93212997],[419447.80950766243,5999263.989373459],[419300.00836523063,5999537.314060964],[419150.1703256387,5999487.262843259],[419272.123272229,5999147.298688602],[418918.0432394957,5999186.94745196],[418764.4417826338,5999408.68618083],[418713.4611485107,5999696.631315382],[418667.0339272553,5999957.410461614],[418599.9669332588,6000422.2842545435],[418551.9256102834,6000636.841575049],[418551.7202147795,6000896.006619578],[418391.769324095,6001086.454841072],[418445.416017768,6001297.46113779],[418473.91217874736,6001583.390816754],[418437.68905880395,6001871.330390433],[418581.5196615644,6002014.3979276605],[418663.22227102984,6002233.680128491],[418835.2174895527,6002653.18313184],[419122.30602702405,6002930.082566008],[419348.3587302258,6003042.261776997],[419678.04509701766,6003206.606002772],[420073.4834535308,6003405.676671645],[420279.89970215503,6003435.491010528],[420596.21801195666,6003489.234399721],[420783.6878777128,6003556.73291407],[421254.6953589162,6003613.330322454],[421604.86788281985,6003533.3132794555],[422055.7114666337,6003384.731769539],[422315.0351124834,6003060.227077538],[422523.28150766715,6002991.915953625],[422541.5337535506,6002755.14667304],[422610.07370152883,6002604.662992746],[422633.49270766135,6002215.1083750725],[422742.1398943467,6001615.701500479],[423011.67667804565,6000766.780083902],[423363.4169559609,5999764.645494133]]],[[[422558.2488490306,6003699.635298852],[422496.867214622,6003689.771478232],[422274.23864239175,6003783.097955333],[422017.8948952602,6003792.049676223],[421927.90213734563,6003843.9720078595],[421924.889699352,6003929.629320553],[421981.775667157,6003982.67634372],[422165.3415550431,6003988.523548581],[422533.36229494214,6003974.099284619],[422538.2800849471,6003822.657140259],[422558.2488490306,6003699.635298852]]],[[[428863.8105289135,6010847.682149511],[428731.15170302894,6010816.793058967],[428725.22358612437,6010933.57108528],[428872.7765119886,6010961.218078516],[428898.2823902806,6010968.052425221],[428912.38212932926,6010977.843212359],[428940.6946408432,6011022.105186513],[428956.11331998743,6011076.624323735],[428959.1112051569,6011112.517534442],[428910.18453522585,6011292.02737828],[429083.05552681163,6011330.824926946],[429171.12328236084,6011388.536562979],[429272.1863028938,6011531.846815156],[429387.8991408674,6011800.972439421],[429471.86393233854,6012046.212978989],[429551.20440588985,6012129.22312931],[429628.9713651771,6012176.01648012],[429754.395635305,6012152.64612633],[429901.9874019399,6012030.92109636],[430009.64478227776,6011926.100053808],[430057.0135150654,6011828.387384975],[430001.8796442617,6011703.735594809],[429907.93372228555,6011620.963837868],[429535.5091109453,6011386.068177296],[429317.7180145709,6011094.991660969],[429115.1176778348,6010945.221074564],[429102.8957817694,6010939.1571588665],[428863.8105289135,6010847.682149511]]]]}},{"type":"Feature","properties":{"fid_1":"293","symkey":"363","symtype":"14","text":"Vorpommern-Rügen V","WkNr":"34","Nummer":"34","Wahlkreisnummer":"34","Wahlkreisname":"Vorpommern-Rügen V"},"geometry":{"type":"MultiPolygon","coordinates":[[[[405303.0518140858,6020499.318167431],[405129.0453473404,6020444.846434401],[404993.6537841419,6020464.58653033],[404698.6745500928,6020326.786405012],[404258.90471803583,6019940.1655291505],[403988.2884644158,6019547.881276362],[403945.3527169982,6019271.20987195],[403991.9747413248,6019130.496444631],[403972.620361954,6019013.34644307],[403840.6469956357,6019123.77124192],[403701.1001731884,6019282.733241681],[403636.1326388363,6019499.629925858],[403596.07283286285,6019649.12196175],[403626.0084820995,6019732.6319761],[403721.6434765989,6019699.022803022],[403818.2813876793,6019608.096258514],[403941.11499624327,6019715.623790523],[404385.21581864636,6020391.2864908],[404459.51658235025,6020549.039530434],[404392.70336339716,6020727.479979228],[404461.7041799538,6020862.404077591],[404641.93322797585,6020980.436076421],[404754.0648978306,6021118.356755121],[404940.8986438289,6021189.129464237],[405026.091967253,6021293.469821461],[405093.3502157908,6021407.190375775],[405182.3840255579,6021463.869109938],[405232.80566824786,6021432.090061042],[405145.2510635322,6021338.84547616],[405230.04028378334,6021166.777229371],[405378.0381312035,6020992.2574331295],[405416.68204465136,6020888.097500611],[405460.17058399227,6020750.744195212],[405379.8263416253,6020620.469325209],[405303.0518140858,6020499.318167431]]],[[[405802.3276669849,6032845.917197892],[405814.5108879218,6032839.213074299],[406303.5379967075,6032642.777496591],[406260.5672357101,6032589.96172606],[406099.6997542102,6032378.756117633],[406303.5379967075,6032642.777496591],[405802.3276669849,6032845.917197892],[405885.9874925092,6032899.597786479],[405938.20285356697,6032971.21822457],[406194.8661468541,6032914.207665214],[406256.15191833954,6032971.34941189],[406315.5034062024,6033087.594953263],[406348.62414597813,6033182.404282857],[406392.47285593953,6033280.896049524],[406436.9127416527,6033471.084024372],[406427.831457749,6033660.078147331],[406406.0280075697,6033757.9742929265],[406383.58975273184,6033807.55663139],[406308.13459158316,6033926.986382727],[406239.30334556755,6034021.676563049],[406145.9460515892,6034154.476666149],[405978.10511043295,6034215.954967782],[405831.9304117765,6034230.788131313],[405674.74376811646,6034229.843262162],[405502.75126792677,6034166.927628683],[405184.81230789423,6034152.78751928],[404877.75336082187,6034084.984104753],[404610.5475162491,6034119.700474739],[404391.32217141613,6034304.652582705],[404351.4933850607,6034411.251769755],[404343.53031615727,6034520.7652967945],[404449.4546048939,6034596.43106789],[404693.18036174495,6034685.697529843],[405071.5663311882,6034691.120401623],[405207.84479938354,6034757.170401016],[405422.2642148528,6034917.44545166],[405617.3136449577,6035105.509114953],[405725.18570520636,6035224.37788976],[405799.71633665916,6035357.154999971],[405860.32868252415,6035606.4996018],[405872.5167772295,6036027.086832749],[405865.4132690476,6036086.827168059],[405870.94551112596,6036158.910687512],[405867.1483819857,6036209.151882252],[405892.8032187531,6036337.460440682],[405910.1290714415,6036471.930460025],[405926.2530959919,6036578.129561881],[405935.4338329509,6036680.901401861],[405905.14894118346,6036783.197496461],[405850.5581585318,6036875.545886811],[405848.2027437184,6036948.56998525],[405942.10770962574,6037097.252077391],[405925.8853142597,6037187.875446277],[405891.8932602573,6037247.060483484],[405848.05753275286,6037363.129912542],[405798.48037630785,6037412.3794351015],[405667.76854632515,6037495.00945239],[405399.25092461146,6037635.918953113],[405648.83994206786,6037612.418420773],[405701.3551069442,6037583.572147891],[405854.2218791852,6037483.672265852],[406035.32806690875,6037362.269321058],[406308.7138885781,6037497.053473633],[406558.79243261646,6037445.252382342],[406728.7740548374,6037405.5734538995],[407264.6335549308,6037499.852039412],[407529.04869660083,6037557.140304832],[407621.07848839276,6037570.680242879],[407621.5572408149,6037522.860789498],[407458.35441587865,6037217.997312084],[407398.7274136022,6036991.986058222],[407332.29680352006,6036678.28231803],[407320.62960264366,6036497.07212469],[407294.0906402515,6036163.943323161],[407300.1489451453,6035854.284495905],[407349.45014939643,6035263.585881248],[407434.6290650284,6034708.69994208],[407512.530151668,6034389.0372844115],[407628.73338053003,6034042.983750761],[407718.29852304794,6033679.15009453],[407817.1978424648,6033317.89395641],[407964.95423685294,6032902.29456982],[408111.75150275417,6032555.70361037],[408248.7850255612,6032208.505084969],[408564.6438973211,6031462.066906331],[408812.19708298985,6030965.481274612],[409055.71954319626,6030589.257550769],[409526.45885380637,6029871.640907884],[410027.7054880373,6029289.791924141],[410477.8877168624,6028957.626627829],[410651.2594625177,6028879.275374711],[410846.7577516213,6028825.669927508],[411157.93202095665,6028839.56122851],[411255.75615170784,6028947.466972519],[411344.53530589957,6028953.875840761],[411661.2768740142,6028804.990993742],[412057.6591274077,6028766.644943597],[412474.6197264567,6028836.365805179],[412687.33937472105,6028803.171704283],[412919.4401531955,6028837.843569171],[413122.3834067574,6029018.86868093],[413246.8312385911,6029151.356204897],[413367.4531687079,6029181.41300034],[413543.87003898993,6029089.952792931],[413725.1350218337,6029052.259956161],[413854.3556350712,6028936.325443659],[413948.44604810514,6028814.516053485],[414147.6575871967,6028528.789332887],[414409.9960446432,6028161.410054751],[414870.1618495947,6027649.541229412],[415210.3031569738,6027346.736542987],[415566.59449462127,6027026.609082449],[415868.3056118982,6026733.884045972],[416087.6980025135,6026046.816747002],[416104.3714943202,6025742.807311032],[416279.68648348283,6025304.669904193],[416442.74337754305,6024952.51744985],[416668.61035275273,6024613.64422705],[416971.5048779901,6024155.576167114],[417502.23867931776,6023529.676443152],[417799.38556664344,6023235.12258325],[418056.124049956,6023008.276576722],[418445.49090887327,6022675.4854270425],[418862.8548535919,6022477.811894614],[419251.2684379509,6022339.666854037],[419562.269996183,6022219.985449631],[419721.0793145569,6022311.743816841],[419802.7017401485,6022192.065118842],[419707.545769128,6022031.789571924],[419304.8703845283,6021983.564199727],[418870.2659018049,6021909.445464641],[418670.44363076147,6021760.579028236],[418569.3202322861,6021787.118687859],[418339.2159907147,6021745.111067733],[417971.5128891049,6021473.792846039],[417770.8346436843,6021228.39507417],[417447.9462200571,6020184.28142914],[417430.5268043438,6019807.155865813],[417354.32770122774,6019630.959142091],[417063.17077898514,6019652.884173427],[416910.7676895028,6019522.122738441],[416743.9412517501,6019171.9804249],[416605.36554873176,6018692.025909068],[416514.3678138219,6018095.775134765],[416359.37837986555,6017112.46073051],[416385.89310442936,6016749.6020492],[416456.1137648653,6016249.421724593],[416552.64427791815,6015736.065271379],[416928.2995469952,6014788.62359144],[416843.08019103017,6014690.547110138],[416750.29737633746,6014705.297124671],[416610.20176586136,6014597.358155448],[416291.87783180363,6014544.122100389],[416160.57731489185,6014444.263500275],[416133.71982665174,6014356.146994287],[416064.6896702722,6014200.679575987],[415866.1008722959,6014241.8610551],[415671.5149010066,6014580.338762205],[415566.8966487143,6014841.047942594],[415261.39823271707,6015313.871135483],[415155.31489367504,6015399.372520156],[414920.65389382,6015477.6055614725],[414698.9261608105,6015475.09838108],[414596.1467498895,6015504.703365518],[414447.733273956,6015717.512558818],[414362.6891115047,6015954.1246948745],[414455.0475673508,6016077.732659662],[414607.04949935526,6016196.997744538],[414692.42048972566,6016299.08025841],[414769.85543095507,6016288.621446118],[414754.56063962914,6016180.090305001],[414861.0714913951,6016114.081459744],[414951.7978208009,6016033.117295273],[415113.4917610027,6015906.891453851],[415109.30588947237,6015751.195933711],[415254.5828673225,6015563.260536192],[415605.11403105035,6015457.704646887],[415819.4105375139,6015469.488824662],[415937.8624503538,6015516.13683727],[415954.91555509996,6015630.570436288],[415950.4186867019,6015760.850373972],[415904.8748451844,6016140.164026171],[415859.4803064959,6016394.653817259],[415843.37829177454,6016605.902887393],[415672.644756129,6017040.319582893],[415571.38262825087,6017163.675520727],[415461.95868777577,6017260.805274114],[415385.3624630291,6017283.248970609],[415337.3135346668,6017232.648323553],[415186.2910460485,6017060.3059165515],[414912.71646344475,6017027.087177331],[414811.4807641553,6016914.54715557],[414737.78231582325,6016704.683657609],[414772.01089821756,6016604.78329687],[414435.65748417284,6016740.050329857],[414110.9640561212,6016808.024865095],[413672.65983402915,6016860.758666141],[413381.2549138339,6016839.915854711],[413181.10341632366,6016710.077359233],[413036.4108488634,6016482.153391542],[412961.97418477107,6016429.70229752],[412776.6673330674,6016389.498075573],[412541.1952579357,6016444.49933175],[412232.28105577826,6016914.288672287],[411900.2747263685,6017474.988738634],[411990.19190659095,6017600.1704680715],[412245.3724123202,6017887.1821768135],[412472.8130824845,6018046.60105573],[412723.6250005895,6018230.2137397565],[413079.6460686764,6018367.862414584],[413419.86224901956,6018418.262283262],[414005.86355866864,6018701.469624711],[414206.8738362603,6018884.83668042],[414417.70018175617,6018847.704173623],[414468.7348127989,6018976.512649333],[414539.2632002849,6019040.586251449],[414360.1509467121,6019148.156768277],[414498.29497015383,6019314.430063652],[414696.7074093865,6019423.080818461],[414986.6639998611,6019402.448911484],[415280.5734703988,6019423.45238336],[415456.59503119905,6019553.698924571],[415370.96937623713,6019669.453112721],[415234.27044785395,6019651.8605156],[415306.8042538408,6019755.318599841],[415427.20641422924,6019806.978230393],[415580.69486542884,6019879.929993629],[415697.8588700658,6020004.491649002],[415740.4316367721,6020170.610743262],[415698.7792671267,6020317.403812282],[415730.7592635397,6020498.386786507],[415716.4923416348,6020561.0504242815],[415649.1523161214,6020582.5421109535],[415467.88426290173,6020549.552394332],[415173.21701675374,6020470.326248832],[415061.69713179115,6020505.362874847],[414651.2456025919,6020649.914767019],[414234.8658529185,6020682.2201102115],[413978.9736837419,6021026.356036251],[413717.7146900948,6021123.783193611],[413412.916914599,6021015.259445338],[412818.44389085844,6020797.665473584],[412375.2112534363,6020595.563381432],[412029.50100873597,6020280.700523168],[411670.4480693918,6020149.141728882],[411472.31182784215,6020016.762970749],[411326.0852273097,6019987.060442572],[411138.6927339975,6019969.15073259],[410624.37464653514,6019928.761229811],[410303.54703524895,6019796.134887071],[410067.2126257634,6019589.999539571],[409810.8284173906,6019526.158328822],[409657.16256754287,6019588.559202261],[409608.04533214495,6019675.622944573],[409694.9609144069,6019851.454656532],[409728.93846883904,6020053.839654604],[409769.4260852616,6020102.956773408],[409855.9580727881,6020130.953353951],[409998.08508605696,6020174.236241033],[410382.40710324794,6020284.922738876],[411098.7006726181,6020431.263600362],[411598.4188429918,6020529.130866991],[411941.72829785664,6020661.24656217],[412344.1618787255,6020931.350222724],[412664.0109719271,6021214.590434529],[412921.2679323349,6021334.147792952],[413234.41668616794,6021460.612841871],[413783.748456046,6021811.39830873],[414145.7458089031,6022148.717153309],[414334.2667677887,6022418.552046917],[414363.53051141184,6022697.70312294],[414522.38266055286,6022898.277654933],[414424.9172163671,6023058.530777749],[414367.0501244776,6023185.127429176],[414445.70117122773,6023266.930313731],[414610.1322752638,6023405.27242877],[414678.78629243746,6023472.914225411],[414668.1764502805,6023617.203681981],[414646.5209404649,6023777.559072893],[414773.1218873989,6023971.250225853],[414749.5723386118,6023998.84064541],[414729.0522352159,6024020.071233168],[414600.71206750907,6023862.462972429],[414582.11017176043,6023488.134531118],[414377.4718359299,6023316.185697142],[414150.102032776,6023269.519198202],[414032.0190219814,6023347.679087982],[413802.804591096,6023359.92797016],[413549.3334368309,6023236.189723261],[413333.9008076461,6023160.835056875],[412916.00382612087,6023044.4216222],[412482.07106480934,6022989.5415371],[412395.16434813756,6023079.924777413],[412355.29451402836,6023140.889079848],[412351.9179687016,6023161.44333015],[412271.3978463514,6023203.023618098],[412057.31819612347,6023089.92911214],[411864.1930699218,6023008.41786862],[411716.06359291077,6022945.249397503],[411585.63546384964,6022849.501992051],[411426.5651117377,6022749.988038581],[411310.970923624,6022563.161363592],[411386.0790256709,6022478.983669454],[411556.2331417119,6022229.391318502],[411365.1966226557,6022109.988972461],[411158.7103574239,6022149.716127779],[410953.1991982749,6022124.375295419],[410898.92401645426,6022017.20224349],[410854.3801938584,6021859.15776431],[410636.16996426415,6021742.200912053],[410465.63039521687,6021650.853010682],[410466.3724930426,6021557.52071929],[410501.4322288828,6021451.23480976],[410584.95311300084,6021386.042260449],[410910.00464097783,6021331.650960559],[410911.04038912896,6021253.8171328325],[410682.63872592244,6021289.07124939],[410343.6402711626,6021273.630236991],[409935.6198969325,6021187.069420386],[409808.37617532164,6021246.792074047],[409712.29746703897,6021468.280096779],[409540.50781407394,6022050.380069539],[409199.0366883874,6022795.000842316],[408827.8230166519,6023203.712022129],[408267.8541811472,6023593.995001331],[407930.3117437251,6023684.81970763],[407412.89317983016,6023731.89343345],[407228.78519064654,6023653.2892997265],[407001.5755115878,6023386.051931532],[406696.009770914,6022908.312118432],[406348.6280731233,6022639.634023434],[405788.65136897564,6022291.965334497],[405646.11789819784,6022451.040091801],[405475.65362285543,6022576.8164518215],[405041.47821925394,6022672.530324537],[404922.045263079,6022647.930835901],[404826.262269021,6022476.919278601],[404561.71361184586,6022437.136685843],[404454.99613627605,6022382.360170167],[404247.85763028264,6022418.06456021],[403862.6584302401,6022433.1056577135],[403456.466511148,6022513.359550867],[403288.7019620314,6022730.979549812],[403089.9461419424,6022841.733496586],[402932.90931691695,6022800.43884678],[402853.69172572624,6022766.933090132],[402829.3672008831,6022736.515503889],[402840.6750447713,6022587.52930592],[402805.91948673874,6022559.137619102],[402735.24805425946,6022534.175031053],[402632.59334037267,6022603.045594972],[402460.69786245655,6022408.682848472],[402139.0066073546,6022079.464965554],[401844.1957763387,6022025.469130708],[401461.55648315325,6021913.501209071],[401316.11690245755,6021788.747793352],[401168.45856393594,6021588.056758],[401097.94976999704,6021415.386607403],[400826.41578468774,6021368.836501859],[400523.2410457758,6021419.184410507],[400332.0918848384,6021375.337773122],[400236.79398936685,6021277.948014181],[400163.463687934,6021231.390857013],[399996.2473930763,6021295.120594457],[399942.3513302747,6021334.77963396],[399968.86618002504,6021513.461684663],[399949.65611481294,6021586.428104298],[399894.72296885215,6021653.64026447],[399870.0222862987,6021755.566408232],[399815.88841345813,6021852.768961236],[399748.90685704164,6021861.616763229],[399715.11823423207,6021932.591786779],[399648.3653492648,6021933.676843815],[399507.63848389126,6022001.139421305],[399460.6616093572,6021923.985041909],[399475.5966840517,6021864.676475551],[399509.42629606,6021823.46822576],[399437.18494766485,6021739.193006489],[399464.3298870651,6021699.969738327],[399438.96963976976,6021640.069964901],[399384.8637529267,6021673.732674371],[399368.0383295594,6021607.530577512],[399338.0419181986,6021579.562465208],[399283.27664093114,6021587.232335212],[399261.26795568503,6021544.4758412745],[399245.29795174394,6021517.017527878],[399301.165201148,6021490.797774943],[399339.47457534354,6021448.932462938],[399357.2729847329,6021378.516970163],[399399.2251531789,6021333.52235312],[399555.72247750964,6021409.345914623],[399560.8398842579,6021341.125227522],[399620.25415447727,6021258.99723598],[399664.6022099769,6021232.430104531],[399632.2563490523,6021158.766203733],[399517.6196802668,6021078.225861853],[399436.28999569546,6021013.030138014],[399371.4055392202,6020910.236316172],[399431.58604419325,6020928.643022053],[399464.5318548577,6020962.261447942],[399646.96859650686,6021000.15469004],[399702.88149155676,6021046.727865452],[399769.5257742051,6021035.390335273],[399970.0601082705,6021082.906578392],[400008.2264797101,6021115.591866998],[399988.6703980593,6021185.818711374],[400036.6783372285,6021206.652584672],[400189.9309911281,6021018.17795356],[400239.7474854281,6020965.564625682],[400245.5264313519,6020443.791550772],[400093.13133977726,6020226.9760971945],[399870.28364316747,6019813.003076047],[399434.0693537621,6019656.88163011],[399035.26479648054,6019640.797923291],[398855.9788541775,6019571.254536454],[398403.58551619854,6019259.853139041],[398134.1719181007,6018973.330996571],[398022.2237306442,6018876.686786585],[397859.2925031921,6018831.091560509],[397698.40134333074,6018836.7007746715],[397201.92882963363,6018373.754820822],[397017.83640451916,6018121.018983234],[395993.34958892595,6018740.904574189],[396051.47127239127,6018958.505579669],[395884.3889548378,6019076.3078919295],[395575.0918194195,6018998.905682139],[395540.6326550497,6019365.836532643],[395212.87207609415,6019436.046259381],[394914.8224093877,6019535.276995532],[394481.24720798805,6019261.240084622],[394225.90795078967,6019718.428159552],[394306.7189009739,6019833.436504334],[394288.117165369,6019948.650509473],[394249.6120982226,6020199.897369519],[394386.2558246739,6020438.023632951],[394572.8476627376,6020566.339837728],[394636.62308606505,6020651.916238982],[394668.7178297937,6021009.505109372],[394555.02919453755,6021034.738156579],[394063.5136795342,6020784.989660729],[394095.13572285883,6021146.106050424],[394223.2606961569,6021657.974380741],[394341.7061737897,6022185.393538376],[394231.82611928135,6022584.482788239],[394499.01309444476,6022805.019041222],[394671.29916119855,6023191.247407291],[394764.88792302646,6023491.663361],[395118.55835643504,6023285.6819175985],[395936.85406641196,6023279.577892253],[396049.7059190022,6023635.636334049],[396337.8719436256,6023442.700006461],[396522.5729070669,6024002.360347822],[396833.58929365594,6024127.068754593],[396923.2496747654,6024330.56498841],[396662.4978144299,6024292.4121179525],[396597.4982855022,6024630.64480201],[396287.67995734885,6024541.42025942],[396234.74915437587,6024708.360273957],[396314.4682404846,6024959.222644569],[396438.7374617839,6025143.744216874],[396599.28691701125,6025350.254405541],[396618.00889207516,6025549.9908008],[396597.29632838815,6025688.171261143],[396334.73643546365,6025687.958415331],[396064.86205608584,6025753.669364078],[395884.36413497664,6025684.921304669],[395568.9111973569,6025527.084588539],[395314.11637453176,6025751.873651901],[394945.29197980464,6025985.383982355],[394497.1477035405,6026290.187289327],[394250.5926630711,6026493.439236561],[394126.07087865006,6026645.371055819],[394119.6754506063,6026798.944696559],[394068.11201086175,6027012.860907871],[393833.9318841873,6027062.332722791],[393633.96431421395,6027081.306312073],[393405.1520316377,6027284.02882096],[393185.9880559873,6027927.461734714],[392923.97328892257,6027946.124640863],[392733.64566141367,6027868.464097641],[392533.4217744861,6027772.136132384],[392370.5741134845,6027642.983528329],[392207.28226168174,6028511.468440212],[392144.08625887334,6029391.668301342],[391111.8418396972,6029556.613031227],[391222.36270630825,6029712.844029462],[391219.57438948005,6029900.565101169],[391133.0606486015,6030109.961145038],[390963.02207622025,6030341.041354721],[390771.3677635733,6030497.82065683],[390626.69496784173,6030652.95897153],[390460.99518540595,6030743.039598592],[389954.7417185111,6030749.192477113],[389523.1602300042,6031133.756524557],[389318.18084367085,6031281.74975078],[389407.5683633154,6031950.031732909],[389199.9696381269,6031991.966543548],[389282.1849558819,6032284.8624461405],[389346.0969227217,6032243.260080472],[389919.6047443915,6031870.627776567],[390127.2667505108,6032275.127943061],[390214.0902154306,6032454.705710452],[390279.57649507467,6032732.341127023],[390418.06909079757,6032643.94687164],[390541.74686869234,6032568.084366042],[390829.7009737212,6033769.749694141],[391073.24936980475,6034053.409101037],[391129.0014741095,6034810.945040936],[391319.36125563644,6034826.290685656],[391306.55614060163,6035082.164761143],[391499.7035944108,6035177.717444085],[391474.2048599189,6035905.078504443],[392013.6534534311,6035882.936130231],[391872.36052103434,6036134.317161398],[392538.8805347355,6036288.10004176],[392661.1523317909,6036429.946610976],[392939.79247543775,6036221.34285537],[393128.35398393497,6037222.625882773],[393131.03192648105,6037371.369848138],[393117.19701008964,6037670.289028993],[393104.14277092554,6037848.10810147],[393963.0853890041,6037473.148124348],[394240.7359005511,6037959.498407451],[394422.3571764566,6037931.158659279],[394417.79833610356,6038216.242886335],[394235.6627819529,6038229.850011811],[394177.3328634929,6038443.519276787],[394279.17015198525,6038637.337013859],[394436.0401113946,6038681.1330104],[394433.24335400946,6038994.923156977],[394286.4267682824,6039088.858585073],[394035.2756420402,6039046.096853884],[394045.98528651334,6039431.454672802],[393475.385764583,6039309.7895291075],[393414.95666641835,6039162.062844861],[393087.91793271806,6039417.137538638],[392755.740806506,6039568.320419952],[392645.7142227581,6039562.396410182],[392341.13074417226,6039436.44101654],[392004.5807605814,6039295.104448879],[391529.33347015735,6040208.496012915],[391725.22665144503,6040510.598369153],[391783.6764825359,6041045.386913329],[392099.5234354874,6041099.909762189],[392366.213205128,6041516.098102022],[392749.56548876595,6042056.796702931],[393147.39777306095,6042496.17693867],[393153.7232671371,6042500.481029602],[393292.0695097139,6042479.388203552],[393486.2253940571,6042537.894197861],[393618.2051578872,6042807.20199411],[393700.04404878896,6042922.915991692],[393774.78499428835,6042957.0838683415],[393935.7575238114,6042881.920024503],[394111.1118876282,6042752.968130529],[394240.92986282986,6042838.501315219],[394423.24254749063,6042787.105373427],[394580.8339312412,6042851.143437231],[394660.39717843477,6042787.072615262],[394682.73853179254,6042610.435489027],[394813.99095300026,6042686.899306355],[394854.38063546084,6042804.81155571],[394796.1613963898,6043071.755993189],[394841.18694915995,6043164.993629942],[395165.44577029813,6043317.271615507],[395498.1315683108,6043596.077845044],[395727.7666902179,6044025.57447776],[395820.9070295999,6044414.80980991],[395780.4835844543,6044661.369073672],[395999.42422564235,6044718.219190635],[396049.5694621103,6044757.239445109],[396119.2414025143,6044677.06165749],[396378.28343063965,6044279.784908453],[396644.79768542387,6043924.761976678],[397090.22708108556,6043126.729791541],[397208.51145476755,6042867.693732709],[397324.90136588924,6042554.444093842],[397414.90951824654,6042388.446748219],[397373.79567122925,6042249.797139192],[397246.3907587612,6042018.352516703],[397096.8414588403,6041761.661300892],[396957.3605122799,6041478.11042597],[396884.9946570881,6041253.994803393],[396828.7634445103,6041062.094973523],[396862.0891313506,6040827.288886331],[397038.97816756554,6040284.277460629],[397188.4283202924,6039872.309822781],[397191.97450700775,6039629.78932252],[397408.6186177451,6039579.688024912],[397557.7030417463,6039507.688914351],[397668.8753484329,6039388.760912793],[398032.4728998095,6039206.216162302],[398403.9671194488,6039077.912822129],[398740.68372568395,6038999.368773889],[399016.3503638357,6038898.932601562],[399109.908757451,6038798.607199732],[399167.8985351557,6038553.933304483],[399208.4006883474,6038323.878784064],[399240.4612684343,6038052.844779383],[399291.09228692297,6037869.466072939],[399393.1230235351,6037539.206345521],[399592.4387987908,6037344.127517924],[399657.9574514823,6037135.71213709],[399802.46309279744,6037276.24907203],[399764.86086922046,6037417.1617041025],[400070.552722604,6037661.13323356],[400325.8761889292,6037852.336503021],[400666.7769312337,6038058.571797971],[401103.7834817348,6038237.429088309],[401496.83530285396,6038375.298790913],[401789.7303095581,6038431.60787496],[401970.313574736,6038395.033685982],[402302.975596969,6038207.555183835],[402604.5568772126,6038154.499520382],[402838.55461679585,6038207.617415721],[402965.6802775329,6038244.9534494225],[403088.6896062875,6038465.041904593],[403056.8628795119,6038656.77218017],[402881.70610293373,6038963.577427411],[402914.3397507481,6039374.936340384],[403063.66364269983,6039746.948943201],[403174.40886421036,6039945.45491517],[403280.7123710718,6040310.467331983],[403374.7663830081,6040747.697397603],[403458.9058023887,6041072.206430251],[403546.77876976784,6041160.19393074],[403674.5793571891,6041173.745143289],[403761.6564417146,6041229.13456515],[403837.57724627573,6041140.045680221],[403919.076339473,6040966.853430623],[404277.6141336113,6040961.05568352],[404390.97371749394,6040741.078391232],[404763.0023731068,6040562.87158856],[404945.8203811841,6040840.90742776],[405064.6686923485,6040977.355532134],[405226.4994218629,6041026.987955861],[405743.368302498,6041350.657097351],[406079.38994053286,6041560.547536103],[406497.42196133453,6041303.258341089],[406542.06186655816,6041020.524316145],[406660.0460584676,6040839.287473969],[406610.1112992894,6040097.138361512],[406958.49124355335,6039996.08489066],[406426.7489543874,6039254.976969767],[406153.1993696941,6039169.024815999],[405968.731296096,6039294.784229154],[405852.0806183759,6039378.40331527],[405875.2626236472,6039648.49682612],[405795.5026689628,6039609.268784013],[405715.96549152676,6039607.042197928],[405602.8317689579,6039776.342286801],[405370.8736861767,6039982.316631384],[405179.4198294217,6040058.540434791],[404975.4553045733,6040055.906270301],[404704.14271462336,6039836.482907601],[404529.9320620494,6039604.42851487],[404667.3145191595,6039541.338719914],[404803.42466962524,6039549.346324483],[404980.6503058253,6039359.061738703],[405493.06273564044,6039154.261151509],[405220.48442552704,6038999.200138861],[405206.95582402125,6038719.510411959],[405266.514402085,6038190.600570075],[404824.9953849837,6038224.861289181],[404568.4713881826,6038244.2590289805],[404551.77224359196,6037918.902102321],[404019.33250439353,6037944.249422153],[403440.15696792677,6037977.982906394],[403418.2703024624,6037931.46840463],[403461.9579449976,6037828.63108217],[403471.68057551794,6037720.22572965],[403387.67621256877,6037635.605891522],[403299.97966749687,6037638.668322353],[403206.96494006366,6037675.68704034],[403042.07815877534,6037789.260692006],[402744.0955012394,6037759.141789164],[402202.21350724716,6037721.787689514],[401902.9592606919,6037490.589782443],[401664.7031699838,6037172.211653968],[401452.50583799,6036590.009402849],[401108.71272535063,6035964.3725000005],[400875.68519861903,6035530.743434491],[400854.55960176233,6035126.485423567],[400960.0728454748,6034895.6649296],[401142.2476926707,6034868.784744063],[401333.66593554243,6034863.100881273],[401828.91407258157,6034940.364037171],[402332.9592002956,6034954.27120731],[402614.30132174864,6034873.401767835],[402876.1425521597,6034849.997977171],[403141.02141789347,6034820.2489803545],[403203.2834473541,6034676.238339469],[403063.37747602817,6034523.783867354],[402880.03915839083,6034309.546023399],[402697.94379561953,6034224.107915962],[402735.9583622571,6034094.947114948],[402760.2231262922,6033973.2770235315],[403018.5494439658,6034049.550888963],[403218.90308795124,6034092.095871199],[403381.56446119025,6034072.405064082],[403534.7470861282,6033981.751831986],[403585.34806855395,6033826.136617478],[403401.44470401015,6033624.181352504],[403106.87694140524,6033262.241509341],[402980.3407956688,6033155.845235972],[402915.9281634893,6032944.963512903],[402771.7367772721,6033085.085921239],[402666.77902260236,6033131.269728113],[402496.8775999285,6033144.209114339],[402302.7734531127,6033080.190139836],[402037.20948731806,6032996.904052021],[401786.1347268503,6032927.6279907],[401605.9662588537,6033054.751071375],[401680.8329898147,6033371.575776732],[401806.95311004017,6033523.521652643],[402277.8807430016,6033878.548496988],[402536.33470105194,6034073.400986401],[402567.8580098823,6034259.660599519],[402454.3557704976,6034297.394757183],[402238.26605636254,6034291.43254743],[402072.83989321906,6034196.147792371],[402027.9029803751,6034062.634735461],[401964.36312840227,6033983.804222904],[401766.37665798515,6033923.176918546],[401516.5557679469,6033753.796277149],[401464.6700871,6033485.684743332],[401305.7976334719,6033413.1847550925],[401159.91820266005,6033297.4611470215],[401213.4119381998,6033203.28764032],[401298.85756951664,6033214.563639341],[401484.94416361116,6033399.930023091],[401536.7911238447,6033337.332457535],[401483.689342075,6033170.584104402],[401296.38206469454,6033021.780386891],[401133.9326439891,6032818.325850913],[401099.4108003713,6032603.399718694],[401174.9588076882,6032302.5814477205],[401155.9651488196,6032095.366520289],[401056.38670072146,6031958.761925172],[401293.0616984712,6031773.385777742],[401299.67363318615,6031771.2011192385],[401662.61487807054,6031625.16339897],[402147.59819133114,6031480.141779451],[402358.237918267,6031408.992124492],[402614.656134475,6031774.513484057],[402766.34067374934,6031870.278107198],[402913.80792514887,6031838.111979604],[403074.24668337964,6031575.852915559],[403280.72928359825,6031184.90930102],[403413.44556075986,6031088.4687316865],[403668.1369363135,6031211.154351119],[403891.10621457733,6031170.604258506],[404079.0115111964,6031064.48450169],[404512.50797631405,6031235.701180061],[404535.715531135,6031119.576259069],[404551.7460462162,6030976.930333491],[404695.45016025007,6030822.814483259],[404939.0423108386,6030878.338516921],[405100.6519829985,6031036.046343509],[405261.25748853013,6031151.014586229],[405303.6329025654,6031275.61563311],[405403.33487450145,6031616.343646772],[405393.71094228793,6031892.349985244],[405393.64596227184,6032098.221450372],[405181.6811741367,6032224.699843524],[404778.5911665177,6032279.300743291],[404464.65088663064,6032336.541400643],[404159.0964076631,6032333.206538722],[404016.68428367097,6032323.9263206795],[403982.64354075585,6032566.5136873],[404034.2901856052,6032827.615351569],[404149.13602648117,6032807.340078171],[404305.21946268156,6032835.660096601],[404393.38715096004,6032846.089441931],[404666.366264876,6032833.8024706915],[404861.19486856647,6032904.048495119],[405005.1821259288,6032772.225282911],[405635.8002699744,6032728.9119757805],[405802.3276669849,6032845.917197892]],[[407867.1513416702,6030641.747305673],[407904.47260397486,6030528.375517808],[407888.55869061407,6030595.309717504],[407867.1513416702,6030641.747305673]],[[406812.39804844,6030430.3840783145],[406707.2865427863,6030560.708569653],[406725.451361672,6030533.946830824],[406775.3576476332,6030458.905674642],[406812.39804844,6030430.3840783145]],[[407277.8603049284,6030485.69418388],[407269.69752945565,6030483.631628668],[407284.807582967,6030484.729591066],[407277.8603049284,6030485.69418388]],[[406823.34480708465,6030421.954930019],[406888.2226748029,6030410.17890436],[406977.7541851215,6030416.626944371],[407051.7201210931,6030428.553494874],[406814.69314629305,6030428.616822746],[406823.34480708465,6030421.954930019]],[[403470.56247289944,6028688.260597562],[403532.63157041837,6028633.397890395],[403464.8236466553,6028696.059520679],[403470.56247289944,6028688.260597562]],[[403834.38973988313,6027945.695184369],[403813.62367183715,6027931.936475983],[403831.22157311067,6027940.073423561],[403834.38973988313,6027945.695184369]],[[403402.0267571341,6027646.038271913],[403403.74995661806,6027644.457591182],[403415.6745503498,6027656.157486159],[403402.0267571341,6027646.038271913]]]]}},{"type":"Feature","properties":{"fid_1":"314","symkey":"371","symtype":"14","text":"Vorpommern-Greifswald IV","WkNr":"35","Nummer":"35","Wahlkreisnummer":"35","Wahlkreisname":"Vorpommern-Greifswald IV"},"geometry":{"type":"MultiPolygon","coordinates":[[[[451631.7982986197,5951410.995607043],[451676.2982986197,5951295.745607041],[451742.2982986197,5951189.995607043],[451768.0482986197,5951095.745607041],[451761.04829861876,5951011.245607043],[451707.04829861876,5950959.495607041],[451605.7982986197,5950921.995607045],[451448.2982986197,5950891.245607045],[451269.5482986206,5950860.745607043],[451095.5482986206,5950815.995607043],[451034.5482986197,5950778.495607041],[450919.2982986197,5950686.745607043],[450822.7982986206,5950634.995607037],[450747.54829861876,5950634.995607043],[450653.5482986197,5950656.245607043],[450557.29829861876,5950707.995607043],[450465.54829861876,5950792.495607043],[450395.04829861876,5950902.995607041],[450350.29829861876,5951015.995607043],[450350.29829861876,5951140.495607037],[450352.5482986197,5951147.495607037],[450364.2982986197,5951196.995607043],[450406.7982986197,5951286.245607041],[450479.5482986206,5951370.995607043],[450571.2982986197,5951424.995607045],[450644.29829861876,5951431.995607041],[450731.29829861876,5951410.995607043],[450881.5482986197,5951366.245607043],[450971.04829861876,5951349.745607043],[451034.5482986197,5951359.245607043],[451123.79829861876,5951403.745607045],[451248.54829861876,5951495.495607043],[451359.04829861876,5951556.745607043],[451450.54829861876,5951563.745607039],[451570.5482986206,5951518.995607043],[451631.7982986197,5951410.995607043]]],[[[428154.06664081756,5961587.680330204],[427929.98879559804,5960335.997533267],[429299.67999314796,5959558.214129459],[429666.38475069404,5959536.160967264],[430116.6646480579,5959524.699936319],[430220.317391308,5959688.73228311],[430251.0573240835,5960063.3314980995],[430378.3623038251,5960342.05841128],[430469.14628588874,5960435.317502659],[430668.560749786,5960220.934805699],[430924.4864524659,5959916.89115075],[431146.4210509341,5959785.9147598725],[431309.5441406071,5959692.274187319],[431457.78201941587,5959431.379956558],[431930.0560848322,5959034.296786759],[431990.99266584124,5958880.398649588],[432241.1080694515,5958859.675559111],[432486.1778319776,5958627.052366592],[433228.1813224256,5958460.454939842],[433682.2013718402,5958216.711386647],[433998.7837842731,5958106.095435528],[434275.77922384534,5958058.149226565],[434444.5951854447,5958052.935596893],[434861.2279478358,5957809.559212113],[435055.8236283986,5957664.01101655],[435327.38074102066,5957704.130582657],[435570.0996821718,5957393.009230889],[435987.0204837909,5957205.102073822],[436239.7970200563,5957042.987584919],[436471.3333185548,5956920.534595633],[436619.2700704802,5956697.95387481],[437057.0004959777,5956649.357548181],[437299.88516360894,5956426.792920411],[437745.2340881983,5956520.630383026],[437960.3434533728,5956570.153342508],[438131.8612370929,5956624.15450808],[438370.0442067133,5956392.04204159],[438682.0878024781,5956218.752476882],[438967.5289613372,5955884.891700562],[439342.7146131294,5955662.537914831],[439613.8308191998,5955530.705586422],[439836.1677748896,5955454.1575431805],[440155.75221667625,5955364.020305619],[440475.4824994439,5955356.948330933],[440760.1417699121,5955023.365688898],[441052.2789488062,5955023.492325483],[441288.6168310642,5955030.502000842],[441538.47021631524,5954988.595014688],[441913.73863688484,5954828.965385906],[442302.8635236714,5954752.3803753685],[442795.34109608084,5954751.45795163],[443087.41837640945,5954833.997790616],[443331.24726431165,5954863.467083765],[443602.3045451958,5955176.256136263],[443748.0561917247,5955183.20268764],[443796.7366032796,5955002.49849702],[444024.92681430187,5955127.12338062],[444282.97537031025,5955030.162585419],[444561.0157557009,5955113.508791532],[444839.02217653114,5955155.503958553],[445012.6915202178,5955162.278142242],[445235.0848871879,5954960.769523799],[445499.81242278777,5954513.970470641],[445874.32898491435,5954411.6795446295],[446218.20650706626,5954509.452754961],[446445.02859131526,5954686.644718945],[446881.72503363434,5955030.13866172],[447126.9780726675,5955260.694721051],[447325.5618148204,5955445.87705645],[447826.7211471293,5955780.357420113],[448156.42608063016,5956007.722572841],[448323.6966706272,5956225.399375683],[448604.7217212869,5956572.5817296505],[448778.4121805234,5956760.040526366],[448875.72410750017,5956982.607821807],[449146.7343079923,5957190.986804562],[449452.5183530068,5957274.459540812],[449730.38844686747,5957142.517223122],[450043.0188221028,5957044.866530573],[450355.8545349352,5956947.569774279],[450646.6499896459,5956806.198968923],[450958.05186641775,5956619.620251952],[451119.9158562524,5956426.581032131],[451307.8499004673,5956169.547792213],[451613.4348991541,5955794.365333639],[451657.4848044468,5955603.259732138],[451683.01673964877,5955349.632057721],[451757.21428569313,5955081.795211121],[451828.7468550941,5954946.638812341],[451919.08794507384,5954821.664978577],[451950.91246011946,5954595.9265097305],[451662.2613631822,5954491.888218712],[451557.8491836004,5954230.834888423],[451557.70936934464,5953772.350030921],[451286.6386962198,5953709.826266361],[451078.5712435506,5953480.707269959],[450933.2965533398,5952982.718440173],[450680.2816854846,5952664.354593042],[450211.89887987636,5952296.226663612],[449747.73891336937,5952049.02502431],[449143.70545668434,5951664.621319601],[448963.3273003334,5951599.626833562],[448734.47393370327,5951564.842511207],[448285.209160571,5951208.36140855],[448208.99250169005,5950986.216692548],[448236.6502683526,5950694.41314715],[448341.1177925691,5950513.62046561],[448493.85295427404,5950332.893062394],[449063.4178751055,5950159.0426814165],[449758.3613896929,5949888.091960359],[450235.8655329654,5949710.774500804],[450508.84857784957,5949756.125633482],[450856.1430565361,5949804.8987197],[451154.3011428192,5950142.275169911],[451435.56928434037,5950124.071929779],[451654.99707209505,5950180.653298203],[451649.2492988361,5950140.007519303],[451735.24750260357,5949994.461303491],[451837.5377050135,5949895.250311453],[451928.4282251112,5949682.714736033],[451914.0317271603,5949564.395820193],[451979.4619666636,5949368.237698361],[451972.4573951913,5949331.11257215],[451940.6706052385,5949224.756496528],[452058.96834545117,5949202.60599629],[452136.86049929075,5949143.069178201],[452113.1272184737,5948975.939517656],[452172.77723217383,5948909.196555737],[452416.5320391292,5948712.051700141],[452524.33892941196,5948692.854840832],[452634.7743839063,5948531.4073171],[452685.2782837814,5948421.020814421],[452671.67512156256,5948325.642823454],[452685.4901685538,5948198.581983792],[452638.14047934394,5948032.136025801],[452648.5284003364,5947807.135128919],[452608.2576718172,5947689.519249119],[452593.0256661512,5947550.669226704],[452538.5970924152,5947475.02636279],[452508.8849285804,5947362.246434081],[452417.2687663473,5947331.931770671],[452331.8972448418,5947179.82423201],[452243.44711631536,5947089.862366412],[452216.8716381192,5946995.233848201],[452143.1863795696,5947023.492300874],[452082.34530421253,5946989.684930641],[452014.09043828025,5946883.5069043],[451854.23345244024,5946747.046374623],[451835.36430108733,5946502.01965829],[451932.62623007037,5946310.290328296],[452047.1463079173,5946269.725492094],[452150.7596123563,5946206.813584281],[452360.0317325089,5946274.39487803],[452413.1017754711,5946169.11624416],[452534.7325495705,5946025.313067883],[452604.8460375322,5945958.281858999],[452655.37713916413,5945858.20353833],[452719.294675434,5945804.685564179],[452728.2820710037,5945796.370909261],[452730.37809799146,5945778.28181929],[452731.522582354,5945377.40512518],[452705.623437888,5944334.514410112],[452642.7666305108,5943424.65603005],[452655.74444138724,5943087.25497699],[453372.00126321055,5942331.9858600255],[453723.11554448865,5941950.22364806],[454108.5136606088,5941590.275850337],[454439.3082392495,5941291.967333583],[454817.14435247984,5941237.340255585],[454697.4613470817,5939740.189947344],[454456.25266889576,5937051.066463016],[454449.62702828366,5936710.08373587],[454462.0100936033,5936399.385924082],[453944.7629795475,5936484.363397919],[454023.505849625,5936777.520414989],[452481.5421362445,5936925.415827818],[452400.41187500674,5936561.574562419],[451632.91426699515,5936585.855364744],[451649.74669417087,5936923.938929796],[451406.50629633665,5936955.270416938],[451429.7468122365,5937397.833419232],[450911.1665070057,5937443.101870311],[451015.8075398654,5937999.181591682],[450562.270652649,5938129.615729732],[450453.4851628002,5937858.6198342],[450166.91692288406,5938018.100794239],[450326.69536539447,5938435.43457053],[450118.36988438014,5938533.347932272],[449779.6842434108,5937803.341610173],[449617.0129445996,5937831.531050371],[449422.4287443282,5937866.623782812],[449457.6610478861,5938008.478452407],[449332.38334002066,5938040.7729485],[449433.8554226244,5938367.698209479],[449140.52958841063,5938457.97840116],[448858.6711409157,5938311.342041859],[448475.1031552069,5938085.865408003],[448441.3114060713,5937488.016334435],[448249.5813464066,5937476.893849742],[448193.3457180876,5938040.884482132],[447911.4710831875,5938085.666068424],[448024.12718376424,5938266.359064452],[447753.3207590701,5938423.996380769],[447618.0681310855,5938198.569977552],[447065.57315966114,5938378.800439773],[446152.17837807164,5938514.17208267],[446062.1179810958,5938209.66557198],[445758.69841111824,5938301.402458051],[445323.8594482206,5938512.304756701],[445291.21874480415,5938762.142732844],[445494.655866378,5938706.744514754],[445608.997072096,5939126.153298199],[445386.291885484,5939195.417569792],[445317.945889025,5939227.5403381605],[444832.7437802581,5939152.524136102],[443970.65246801544,5939051.980600981],[442414.4831451662,5938985.247572752],[442381.1763723418,5939236.159573002],[441812.2765434403,5939286.263589522],[441418.9899178073,5939821.914349072],[441384.3657101877,5940214.4063077085],[441383.8259929735,5940220.428865749],[441378.68042591773,5940216.356318671],[441266.8072321769,5940114.706424318],[439528.93084735796,5938884.24697735],[439203.929030776,5938622.246042833],[438582.6647426961,5937606.769013671],[438276.8707424998,5938105.25890724],[436759.9931094134,5937715.702805731],[436977.667182073,5938178.57708245],[436737.10894248635,5938685.303146899],[436492.3837644141,5939100.692128794],[436236.3567877449,5939627.082889399],[435723.9210524196,5939613.970013101],[435599.68356327154,5939236.4395566825],[435137.3507812554,5939194.519468509],[434668.7520016106,5939362.8901179],[434284.3206541706,5939446.7730286475],[434171.7837695284,5939280.308437284],[434645.391603658,5939223.666557372],[434940.47406669706,5938990.280456701],[435389.06802367605,5938981.235686328],[435938.9923457345,5939147.067431912],[436289.5068743285,5938874.127475882],[436416.23605406005,5938713.940278243],[436347.52922266163,5938163.563981369],[436057.4875004627,5937597.631918313],[435737.82577792834,5937038.5573778115],[435611.5071342448,5936672.372945733],[435479.58646083716,5936245.8255713675],[435197.3164078342,5936251.741793273],[434782.61983525846,5936312.697629033],[434500.56868001074,5936311.792042984],[434284.2329394743,5936089.64838413],[434422.59133677,5935807.344258042],[434440.6550271809,5935615.085157333],[434057.3057656549,5935435.973683773],[434026.44792295154,5935110.481276672],[433848.55237604864,5935018.510648102],[433836.3747578729,5935027.942276575],[432927.2488340521,5935651.035756653],[433065.4921311755,5935825.272211501],[432675.1386302775,5935921.2096565105],[432831.3033339903,5936329.7641793415],[432296.8940845728,5936011.513795009],[431966.3630850073,5936167.64437837],[432062.5029624682,5936576.08730044],[432314.8736895034,5936467.85133405],[432356.9230980268,5936725.929149158],[432158.4835985899,5936780.152656881],[432266.8401758475,5937050.29562813],[431978.45774759725,5937152.651194083],[431900.4425449213,5936912.373184249],[431581.99953334127,5936978.290462362],[430920.76169527415,5937820.3962842375],[429807.6935851639,5939699.65573471],[429860.1283853296,5939985.154779131],[429688.76478272583,5940030.046583157],[429371.6299119778,5940594.242449291],[429611.23388150986,5940654.816530792],[429709.0238227872,5941100.68317803],[429478.83228049614,5941564.748819971],[428137.22877538204,5941441.677552266],[428170.62916637305,5941632.617038049],[427951.76742282975,5941737.614723189],[427005.9072486991,5941818.992128463],[426675.2324319491,5941794.236984534],[426567.2077435255,5941551.852001721],[426091.8999552494,5941427.168866832],[426153.0508383354,5941315.734756893],[426750.88033277914,5941122.301472779],[427220.2615318354,5940961.802684242],[427467.21530606877,5940946.796404691],[427377.4941962501,5940763.32178805],[427417.8580719773,5940086.252201289],[427043.43670149706,5940074.082422731],[426975.2605258282,5937587.454588346],[427035.1898296485,5937290.682300152],[427109.5185711868,5936490.381570112],[426608.1017673239,5936443.790568732],[426283.04624649324,5936731.864435103],[425948.90685161296,5936880.300422652],[425340.85947414115,5937357.065619772],[425047.86545504443,5937440.904452102],[424709.37655874155,5937336.630002828],[424379.0415777415,5936833.716847479],[423868.2513095429,5936945.377355164],[423533.8794938158,5936936.025854582],[423311.2241493203,5936741.114105977],[422995.41839273553,5936694.507169472],[422633.0399521282,5936787.503831152],[421722.943944592,5936397.371609941],[421072.59803998563,5936192.985055253],[420812.592877903,5935988.80736652],[420803.24961430486,5935691.579547958],[420652.8716111779,5935415.715446113],[420353.5789189385,5935222.440762252],[419980.97704687994,5935234.4994967915],[419614.7230940033,5935561.505373441],[419707.470231181,5935812.218680171],[419791.01602219976,5935942.323632713],[420041.2463976024,5936039.004917854],[420190.39509905595,5936128.078095529],[420329.66031446215,5936258.044574339],[420515.2800659798,5936369.459961781],[420701.00649076886,5936555.204127563],[420970.6088234596,5936768.901322363],[421379.00527896173,5937372.439321673],[421899.4611649122,5938189.860878451],[421849.83004854247,5938567.1763524115],[421741.33737074304,5938737.9155342225],[421249.07026597764,5939071.962536801],[420951.83696621377,5939220.861668032],[420818.7015147358,5939276.344225191],[420635.1016301308,5939180.936147392],[420404.9378123563,5939018.127071239],[420301.87003784254,5938858.526800882],[419985.0960531477,5939077.0198061485],[419597.2870128043,5939249.073186014],[419071.20479461644,5939309.159447275],[418509.553896551,5940703.029497167],[418501.62663634866,5941050.491354536],[418365.9092542343,5941579.312696049],[418114.1458811499,5941916.222501727],[418129.5137814414,5942098.0462904535],[417963.37188453693,5942082.596934704],[417913.9446873423,5942235.669065343],[417266.47253236827,5942533.743923442],[416992.47404841613,5942764.772451837],[416609.90469272155,5942576.762605092],[416330.1262751082,5942640.303761175],[416165.6876621479,5942552.000278404],[416021.78183689434,5942619.283893872],[416164.52608137764,5942781.398436859],[416407.8296373207,5942995.053408803],[416454.5109718321,5943321.12037356],[416400.90688577853,5943562.14236833],[416306.5819854457,5943897.646188242],[416133.1560364254,5944010.02975112],[415924.28813412134,5944110.39539209],[415659.09031865,5944195.664628331],[415344.904471213,5944260.413266316],[415156.2017771313,5944493.712434184],[414914.41372524574,5944617.771722641],[414661.6114738984,5944734.608422235],[413715.8610366201,5945457.398583205],[414183.0761192003,5946020.09882009],[414498.71820950974,5946343.478009379],[414989.2280772049,5946714.07637031],[415312.333491154,5946911.660581239],[415682.8845812818,5947363.521704065],[416952.7944271071,5947696.6307324115],[417470.23624062445,5947777.82577003],[417917.19103231,5948077.701213174],[418128.62759162765,5948366.007034963],[418247.48091109935,5948462.072140273],[418410.2585163163,5948543.815524451],[419535.3562439652,5948506.270990515],[420242.17013700306,5948468.823075794],[420440.74941232055,5949192.59961734],[420270.8855663324,5949158.530799551],[420097.9077277649,5949173.282073827],[419417.7536015352,5949152.002586512],[418712.64612798486,5949118.948171895],[418098.29935203865,5949226.5968152005],[417676.20565297455,5949395.930327591],[417819.93078236934,5949672.082617417],[417552.648359539,5949781.55503791],[417292.06139957905,5949577.36586424],[417203.65751150716,5949445.918515099],[417193.09768289886,5949451.541238621],[417174.88854241185,5949646.04699613],[416963.62322773784,5949781.514250305],[416420.050894591,5950099.971825181],[416397.27850520797,5950111.218991071],[416703.05332909524,5950857.382758431],[416872.94772811886,5951129.290123632],[417405.2787981825,5951548.504317392],[417620.508059483,5951865.520641729],[417896.8207561271,5951948.294675292],[418266.4402277488,5952194.0239504315],[418866.5840463424,5952262.07953622],[419059.54025301244,5952398.322916571],[419151.7068074355,5952494.4085619375],[418775.92356287315,5952647.02086664],[418322.75440556,5952579.24249449],[418413.4478271166,5953032.29285191],[419549.16918382887,5953057.523948321],[419999.2188821249,5953258.764023792],[420767.0810182169,5953997.37227945],[421256.31802367605,5953858.98568633],[421782.89824895,5953533.171895241],[422165.29538033437,5953273.497878572],[422457.16268984694,5952828.518905884],[423218.8164407592,5952843.91010724],[423937.71804300975,5952804.23294244],[424139.9812973533,5952853.963223375],[424324.3546394259,5952933.0768804345],[424687.43654681556,5953069.72895126],[424860.85144165345,5953200.257298779],[425039.1371490825,5953842.226729022],[425352.3644062262,5954409.65333119],[425401.18079369515,5954762.323754344],[425861.0986789819,5955417.679539947],[426128.686131306,5955745.0607317],[426338.84618937597,5956218.764819179],[426615.4379495159,5956488.776389711],[426719.313442613,5956769.834258195],[425998.12594446074,5956915.15347019],[424921.68264681846,5956875.942789959],[424021.4413956711,5957218.369689312],[423509.1588538913,5957394.488372641],[422983.84934039786,5957585.5756289605],[422748.8689496452,5957864.518107619],[422688.0989275798,5958019.868256392],[422680.06802367605,5958040.735686332],[422674.73423881177,5958066.864374265],[422660.8100261465,5958216.920942832],[422958.3319741264,5958575.672402959],[422973.8190712407,5958843.157142617],[423130.54165313486,5959176.007546654],[423492.5441055568,5959136.614458533],[423943.10689629056,5959057.362984408],[424256.04033355415,5959029.227117309],[424804.0952756321,5959107.3896126],[425371.57827149425,5959217.857821479],[425391.29405458365,5959489.336442299],[425396.63648227043,5960342.425890379],[425381.0549887791,5961182.50289168],[426607.28567098547,5961408.566775877],[427928.31800090056,5961348.164967671],[427967.88619800285,5961631.6897503305],[428154.06664081756,5961587.680330204]]]]}},{"type":"Feature","properties":{"fid_1":"327","symkey":"359","symtype":"14","text":"Vorpommern-Rügen I","WkNr":"23","Nummer":"23","Wahlkreisnummer":"23","Wahlkreisname":"Vorpommern-Rügen I"},"geometry":{"type":"MultiPolygon","coordinates":[[[[339360.4418010432,6026805.03325703],[339274.3046096824,6026709.481193906],[339183.99933782313,6026716.637161668],[339163.1223907685,6026792.161764173],[339199.0005384041,6026916.98567423],[339331.1097183982,6027089.730361719],[339394.2109384872,6027091.529256739],[339443.8013405446,6027050.273444742],[339405.82447852846,6026972.801624371],[339360.4418010432,6026805.03325703]]],[[[339453.0448878128,6027221.804558231],[339353.2263612328,6027185.766220989],[339188.2166250516,6027195.530926133],[339107.4365064362,6027253.38535497],[339097.6218614131,6027309.011767251],[339150.649863895,6027366.195951695],[339281.2599364659,6027381.396985972],[339418.51595380437,6027364.846738087],[339459.6511884993,6027296.369424559],[339453.0448878128,6027221.804558231]]],[[[339162.9789710352,6027561.636010824],[339082.7119473005,6027519.660045361],[338936.4400036596,6027586.055308774],[338877.4918861687,6027703.181122892],[338835.6189443823,6027779.1915663835],[338912.80538496096,6027819.740556404],[339003.8301360253,6027868.377154943],[339091.39876951836,6027918.850055411],[339071.9804600179,6027778.444350122],[339110.1619088454,6027718.3230756745],[339199.42732855864,6027638.40907599],[339196.8601474166,6027593.472826526],[339162.9789710352,6027561.636010824]]],[[[353080.0809811456,6031799.010149144],[353165.9172773231,6031685.446269343],[353122.3969157357,6031528.123508999],[353124.2081554532,6031429.2438841],[353054.42307166476,6031264.574424563],[352946.041898706,6031226.83539672],[352745.6810098095,6031026.713032732],[352631.5116118593,6030923.633394243],[352442.3461852353,6030950.754524771],[352333.59954531677,6030902.76315723],[352183.03277450986,6030939.29266065],[352007.25368656125,6030948.684211975],[351870.17749521974,6030984.74350483],[351938.2968500741,6031144.458107993],[352135.46084709745,6031511.050501924],[352308.69180292543,6031801.18156876],[352379.4938920848,6031858.74567798],[352477.40576762334,6031854.574281272],[352627.0703299297,6031783.818147002],[352832.81227429956,6031845.667216621],[352985.4428146323,6031861.0979112],[353080.0809811456,6031799.010149144]]],[[[348878.2646311,6032429.040082803],[348856.3653765591,6032303.47604957],[348766.2795417141,6032409.93481593],[348723.09794188105,6032527.26330537],[348769.06043076515,6032740.28900714],[348845.15691583976,6032827.686518319],[348883.04017123673,6032809.353243642],[348866.7032900313,6032706.860957043],[348859.3149243137,6032617.064105472],[348860.9129748959,6032531.480522081],[348878.2646311,6032429.040082803]]],[[[347065.68566392176,6032885.227203261],[347140.3800591221,6032710.758374162],[347211.9299921682,6032553.660133939],[347203.4050986711,6032410.120457578],[347193.71663844027,6032333.412350191],[347154.8729953198,6032324.265143564],[347104.85305466875,6032396.058287645],[347061.09813854564,6032453.873790022],[346948.5496054292,6032447.305670559],[346900.1915636072,6032466.50852949],[346906.13736993726,6032536.34331586],[346958.85005244426,6032541.503073882],[347012.4333114922,6032564.393232241],[346993.89410351776,6032635.084800109],[346947.74290442374,6032724.503432522],[346861.1481538974,6032759.05284179],[346824.4559990326,6032711.3067867495],[346783.0332687441,6032628.45469013],[346764.62678447366,6032502.771501772],[346775.05995519087,6032400.59414885],[346721.48543881346,6032377.95383757],[346639.49517605733,6032436.857121125],[346599.1157217631,6032491.052366963],[346616.91021924745,6032599.246259393],[346639.7987939343,6032745.785462838],[346653.8506375188,6032847.10603426],[346658.93966234755,6032892.455806317],[346596.4627340529,6032915.654856529],[346559.7085886728,6032966.221103162],[346587.00874218997,6033045.815082945],[346678.5081296731,6033151.4298882],[346729.56765602063,6033209.429778449],[346764.79104259796,6033215.201523254],[346789.8326892173,6033123.0194157995],[346845.9828240732,6033026.246615622],[346949.087691674,6032963.102346074],[347065.68566392176,6032885.227203261]]],[[[365698.78707237355,6033199.152551599],[365632.9582032617,6033019.09173581],[365616.2446164042,6033156.253405152],[365520.13418953493,6033405.510804752],[365370.13484479673,6033537.076760862],[365266.2271649027,6033677.54549337],[365437.02027604263,6033640.055919463],[365525.80440714024,6033566.581176091],[365626.4265445657,6033447.82567893],[365697.5547136534,6033364.29450427],[365698.78707237355,6033199.152551599]]],[[[350604.6217661891,6033906.433669193],[350662.726550865,6033786.8395582605],[350823.80402071215,6033850.262475036],[351163.0569358915,6033572.249301419],[351417.31485247146,6033338.97726205],[351667.9730197834,6033267.435534114],[351892.7947759861,6033208.30277618],[352141.39110230654,6033199.621921936],[352328.8537735753,6033231.098298492],[352409.5142025938,6033162.742771614],[352551.2858979646,6032974.681499496],[352705.3065418359,6032857.733536899],[352711.0078014219,6032655.661468964],[352787.67214642,6032386.822152248],[352790.93204394635,6032236.616882475],[352731.91800289974,6032144.120096257],[352593.7046269933,6032118.928327374],[352366.6098750336,6032141.620117992],[352258.2598856073,6032104.876620112],[352137.888017782,6032096.3223266695],[351880.04043983016,6032212.6419361215],[351689.18587304465,6032327.607243417],[351236.61010401417,6032426.474743411],[350924.75451014563,6032507.660651701],[350733.0761131672,6032548.875238117],[350543.23706192896,6032520.983534573],[350263.81372974813,6032513.730850089],[349966.80268570967,6032361.00334858],[349733.90097745974,6032210.289690293],[349530.7264017379,6032165.853311282],[349386.26049646083,6032205.169048747],[349253.43909279164,6032334.383162629],[349182.0730922278,6032504.22726457],[349155.23232212197,6032595.219423909],[349190.90266489424,6032757.073143823],[349305.1283045532,6032954.95727215],[349445.74102086015,6033048.85716038],[349623.02423505206,6033089.694942702],[349853.229957181,6033163.205659613],[350038.1306645237,6033214.532863529],[350207.99881032575,6033229.360075582],[350243.7340257969,6033407.225914702],[350238.88064994104,6033518.963362519],[350372.32740363013,6033679.6437106915],[350116.80030948576,6033583.263074601],[349973.7443193132,6033548.489672903],[350056.08257216495,6033692.69875833],[350216.7790892208,6033867.446982661],[350426.0912000118,6033958.6976828],[350604.6217661891,6033906.433669193]]],[[[339694.3029557839,6039499.326958949],[339747.56572620757,6039315.0796764605],[339848.46481004823,6039490.5264454335],[339878.88793566544,6039457.82456184],[339869.374291311,6039209.34316243],[339799.6556699462,6038997.210325301],[339685.85576035455,6038952.109603992],[339487.96923554316,6038916.957238341],[339318.66402177047,6039098.467077462],[339318.19146375544,6039284.30346203],[339456.4069790058,6039402.850589773],[339399.68599834386,6039411.835596861],[339283.77267181966,6039355.85874179],[339148.35400913935,6039220.456293531],[339265.6081492435,6039032.283633526],[339295.01357462816,6038942.858024448],[339328.789831846,6038845.169924172],[339351.2147437725,6038751.0706620235],[339405.37447862234,6038550.362285532],[339510.5863882983,6038561.701534487],[339488.93875772133,6038843.250821464],[339644.325632466,6038818.84362253],[339797.6282454701,6038579.440540172],[340030.21658017114,6038191.086749684],[340248.85324534867,6037890.272462098],[340566.7824274413,6037545.967312453],[340904.9903894346,6037266.744499709],[341386.6642143745,6036998.270778691],[341886.1391072599,6036831.23760421],[342515.8966639349,6036684.422368143],[343231.27259404026,6036568.133719288],[343813.8426903747,6036466.96982245],[344306.0815121755,6036393.513137855],[344808.0797952991,6036291.690739326],[345345.8018455375,6036209.867597302],[346096.22394726705,6035994.028260825],[346574.3085167017,6035816.005147189],[347170.46028945036,6035602.080169339],[347855.15757519007,6035409.55709656],[348303.83024908043,6035292.077276394],[348824.0830615489,6035210.657237042],[349361.4605787536,6035138.346512852],[350123.8565432383,6035147.830896381],[351305.86657441035,6035153.42843909],[352494.8697338598,6035103.384620452],[352995.62995441165,6035068.444451446],[353402.50041198917,6035064.743548591],[353689.9242949132,6035051.271358527],[354050.3167100437,6035021.025639322],[354488.2508654855,6034998.940072842],[355168.02444557566,6034971.3599802125],[355578.56881750934,6034960.834785065],[355806.1707690768,6034922.881853174],[356142.7505689198,6034876.152789002],[356431.6128474586,6034835.387258913],[356841.59038610104,6034790.8722779695],[357153.9223727975,6034753.007076919],[357763.89991721604,6034751.525768599],[358623.81711852644,6034690.1974981595],[359458.08995496854,6034702.31221805],[360061.3665436171,6034680.929308355],[360569.33362282906,6034668.812058771],[361445.3783510793,6034699.179795211],[362188.9110280657,6034790.696761141],[362690.5618801806,6034855.463393124],[363080.00248254184,6034891.288366871],[363364.3998577157,6034906.784671063],[363710.4071518574,6034929.017083464],[364235.25401569344,6035008.842384772],[364746.2202912066,6035064.745188039],[365109.72947684396,6035023.723770395],[365200.0243277084,6034992.5146235805],[365192.96067653596,6034901.6184547115],[365158.2423313977,6034804.672123976],[365134.3363285344,6034728.270750236],[365096.27158308774,6034641.86956672],[365062.7065651454,6034583.52040869],[364969.10571991093,6034512.811345834],[364889.64280050993,6034452.73863934],[364801.4519128334,6034304.304004874],[365025.9292278318,6033830.013507154],[365480.84195779637,6033287.638213262],[365494.7278125575,6033083.528785141],[365386.2809675904,6032821.9021020215],[365030.172405323,6032545.656595653],[364752.30946251936,6032432.528619237],[364502.7922765957,6032321.91851512],[364433.8646296207,6032257.716463907],[364073.4475789666,6032287.838915642],[363897.0537289679,6032368.599243242],[363712.0513494555,6032289.978493869],[363718.74186627474,6032180.927819943],[363433.5791250514,6032162.66255047],[363303.2426992012,6032047.886126209],[363004.93521402497,6032051.286265571],[362676.4397608526,6031992.720933307],[362289.7200159002,6031771.079836311],[362140.6596372882,6031621.690056402],[361925.43763345294,6031790.808812059],[361674.909981302,6032052.207527721],[361315.3368748855,6032307.16621344],[361108.52170909476,6032409.192335492],[360684.4096052032,6032542.324735124],[360303.7273673229,6032593.891766906],[359994.15863832645,6032665.475382712],[359570.4078778764,6032694.311870351],[359358.1437340267,6032740.513149943],[359267.13188860286,6032652.387962693],[358806.7533790823,6032535.123571638],[358712.55729045067,6032552.403190099],[358547.58191880025,6032477.109218385],[358241.0742737306,6032260.174029907],[357830.9488082947,6031927.039322179],[357638.15985572804,6031635.586293003],[357468.3201501677,6031392.3662869595],[357395.4839823246,6031212.295689868],[357223.71128432266,6031221.799892498],[357050.26734528225,6031477.00826869],[356681.57937323116,6032079.49726278],[356234.38037282415,6032231.971772766],[355968.22576779034,6032153.713777121],[355848.97468767874,6032255.924810536],[355558.1555550406,6032266.053019581],[355132.51264905836,6032140.586974481],[354934.36448874976,6031989.415283736],[354914.379508296,6031818.259483052],[354882.46895466,6031714.056106582],[354761.3782269312,6031763.814560261],[354534.30445496365,6031894.568242224],[354357.02188447677,6031939.775838792],[354053.9132893961,6032006.398767233],[353712.0839117011,6032067.370817611],[353451.07330679893,6032057.219018139],[353201.44193082023,6032215.27724091],[353067.86089777295,6032351.522219881],[352924.509430578,6032673.471236577],[352777.0477621788,6032935.026907239],[352566.07166273333,6033412.180536021],[352407.60747423116,6033895.513622172],[352283.0259042969,6033745.5240223035],[352263.7498121066,6033897.0663018115],[352207.8921692623,6034007.796733569],[352111.42489197105,6034060.446890321],[351972.9857362807,6033914.19265387],[351857.0849700207,6033711.364633732],[351673.79152910877,6033584.431683613],[351419.4143944187,6033635.345407296],[351217.7947632009,6033793.21792512],[350807.16904268134,6033997.42177655],[350588.1386172427,6034057.602524152],[350294.8307605861,6034032.323474722],[350080.94963913877,6033903.461544773],[349778.7383327782,6033594.565820355],[349351.7269527884,6033322.304798754],[348951.7810205603,6033080.115175117],[348730.20308461506,6032816.69011925],[348634.57339955214,6032392.017512681],[348630.6790802451,6032079.718252372],[348635.9691370977,6031830.38128018],[348633.4806769332,6031658.609160347],[348479.4530482115,6031467.3639261685],[348163.3390691392,6031562.709728742],[347920.9813684309,6031685.48999621],[347688.1527707074,6031723.14608556],[347588.8979554204,6031996.7773760315],[347521.680682715,6032184.990585599],[347405.0656542834,6032263.102794664],[347367.6815445358,6032496.050597243],[347358.7047585193,6032640.196101328],[347311.0841850713,6032687.63429823],[347242.4751723744,6032728.555658231],[347190.1337227775,6032740.893122099],[347148.3499589218,6032847.658985861],[347092.2797120819,6032954.818359759],[346895.9675767813,6033056.57527281],[346833.5404321961,6033181.584855225],[346907.78944495413,6033294.813646192],[347206.46036033984,6033301.886620669],[347231.2422687523,6033409.8411754165],[346939.18422712013,6033384.784472523],[346757.05851814337,6033412.912617093],[346432.4283971153,6033142.837297548],[346346.10049779806,6032991.50101706],[346020.5552294003,6032816.759318039],[345862.30293057114,6032903.105924422],[345577.4548114566,6032770.003736349],[345391.49605987594,6032617.735640589],[345451.1842474127,6032440.305770004],[345435.809691729,6032320.350075193],[345366.78796323296,6032232.7608816605],[345201.60685968865,6032229.365322763],[345009.0868398091,6032075.83458031],[344949.685884906,6031882.84914048],[345082.4663271606,6031756.09575367],[345251.81277914066,6031598.342290584],[345343.8704483602,6031498.065696448],[345326.645222106,6031413.115098549],[345246.4670836292,6031445.18252494],[345156.39443535823,6031530.626070734],[345056.03311211616,6031632.826241473],[344930.1755832704,6031687.812773474],[344379.4676729925,6031711.109004574],[344330.4651593771,6031618.756552644],[344086.4008483188,6031628.277189428],[343689.11322889104,6031598.376997529],[343345.1788898604,6031577.626982601],[343085.1773830205,6031345.8040577695],[342785.469711612,6031230.18999923],[342663.4674246069,6031031.830098219],[342634.71438749507,6030845.974423811],[342682.3132628575,6030625.930893965],[342744.28686716314,6030366.356876444],[342897.3908826262,6030330.735495981],[343189.0051674796,6030121.180649072],[343272.20595304016,6029953.677224144],[343515.44541986287,6029863.132811438],[343736.73357979767,6029931.958106441],[343915.2668909086,6029865.433600616],[344017.2960698027,6029807.09001633],[344051.07359423395,6029685.335853072],[343956.7788105123,6029491.743716488],[343846.1722846078,6029303.994334834],[343743.33112267684,6029181.5112835],[343683.19970392995,6028871.418875262],[343595.4961883575,6028874.48525545],[343622.82896139845,6029026.876164291],[343644.8588791173,6029184.954482969],[343596.18226941675,6029345.49784814],[343366.5397261791,6029495.853850111],[343016.0227290774,6029530.122994091],[342892.6018429287,6029441.36254047],[342702.7118084915,6029440.737535002],[342415.33618931286,6029578.3476188425],[342098.98934882507,6029616.913808124],[341724.5405973876,6029553.19372323],[341567.6386151314,6029544.414175151],[341321.5917798728,6029654.818341112],[341187.84552894905,6029678.750596801],[341045.67741804384,6029633.434587032],[340850.068484433,6029597.74261347],[340735.17860666476,6029445.412622152],[340684.39441806823,6029323.604441766],[340433.7555058189,6029280.81846289],[340060.346088185,6029096.75298566],[339995.80969273765,6028967.6694278475],[339929.47329181805,6028794.62121333],[339478.519794845,6028739.329783339],[339152.9884019224,6028515.06845572],[338974.96248556767,6028302.39632546],[339015.9761697836,6028065.56414439],[338962.7674382888,6027917.331693517],[338734.7451979723,6027856.257798811],[338679.435383657,6027955.743238883],[338492.1156775318,6028122.131018018],[338350.0939161917,6028285.930213941],[338138.91554847825,6028484.930895027],[337756.5129613448,6028826.744874731],[337349.2111787377,6028932.513178691],[336753.13840347715,6028955.073026812],[335887.24437438324,6028973.309936622],[335683.52965251636,6028934.896077201],[334951.43799147755,6028952.218403069],[334493.846817364,6028864.380910754],[333692.93213196937,6028673.233954122],[333486.64883727115,6028718.690298617],[333407.0844756458,6028639.418835953],[333332.393028751,6028384.618496368],[333205.5249294415,6028297.4889036305],[332942.886041278,6028212.108002545],[332778.3069382729,6028048.002260225],[332469.893912795,6027998.487194337],[332306.8049674267,6027719.50654758],[332220.6070583565,6027443.348435149],[332087.0965208821,6027387.71749757],[332004.520467747,6027215.249746157],[332154.05269367807,6027105.962666662],[332088.63954576105,6026801.561134312],[332164.5646951869,6026475.961881507],[332098.04897993896,6026297.428779751],[332313.24193401355,6026027.000889754],[332342.0294349231,6025440.137739973],[332360.4427495161,6024835.622971205],[332274.3484578468,6024440.390557153],[332111.44505712297,6024166.661477027],[331987.2153650215,6023947.357311634],[331633.78873209935,6023969.95548944],[331448.9474416459,6024042.200367071],[331268.0466418592,6024377.718102297],[331084.5374067351,6024717.5764882155],[331022.7110308828,6024823.799243789],[330847.6117008822,6024802.399774721],[330465.3755884031,6024859.524367891],[330272.08172575757,6024811.495972045],[330248.13276052196,6024598.702596314],[329971.9424338965,6024526.303538738],[330111.7617790643,6024296.778983939],[330292.4954397511,6024142.622594502],[330270.4689464029,6023984.553046305],[330586.77942115255,6023787.3914073575],[330739.7002322208,6023617.698879041],[330550.7008861266,6023076.721651144],[330622.2454817286,6022926.377372909],[330656.8033462297,6022662.260908788],[330582.3566704374,6022571.80254874],[330340.94559186604,6022399.630162584],[330306.35450523626,6022039.36335109],[330105.99914981145,6021788.944770932],[329826.6821528571,6021634.361267103],[329891.0142068397,6021434.992114361],[329801.55361119285,6021229.98620861],[329533.8702424187,6021085.994068181],[329279.7925781505,6021023.826157501],[329158.0741817858,6021148.646829523],[328916.89197149593,6021140.557454921],[328636.58500388917,6021265.670640493],[328491.4518226879,6021035.091317812],[328253.9636120098,6020818.955323901],[328310.54171596095,6020554.106734643],[328146.9310061615,6020417.500506274],[328054.5953053273,6020130.288381539],[328191.860327499,6019977.645496272],[328410.9141065171,6019674.316793423],[328479.7452352736,6019288.684298569],[328547.2181928437,6019028.9187202975],[328722.792111652,6018727.10715637],[329201.24052048195,6018115.533842253],[329419.96856797114,6017831.729576403],[329608.2651116187,6017637.085810283],[329438.9681031192,6017436.87422712],[329346.64165952243,6017149.769060334],[329212.9402476754,6016924.658179542],[328792.23310575914,6016797.002145851],[328362.56131071504,6016570.708685044],[328331.6753868684,6016309.291472064],[328602.65867238864,6016239.538203262],[328731.54859522916,6016004.899531374],[328994.33014703356,6015847.733949913],[329497.95204749797,6015528.931167202],[329803.74830973614,6015189.73253048],[330160.5268058432,6014990.901792269],[330382.5410768399,6014829.811973218],[330490.7872770447,6014634.416933032],[330780.3765541045,6014459.94444306],[331284.7406621352,6014268.227060592],[331898.55537173804,6014008.647107052],[332258.76639837306,6013986.811428741],[332960.6978232004,6013858.212070724],[333175.7877829084,6013899.750589011],[333751.4654230308,6013923.42901412],[334152.82282380015,6013969.7074592],[334364.5214103358,6014071.880778333],[334565.7826802945,6014190.677092491],[334549.9734311141,6014361.079123901],[334377.4976231968,6014443.651503541],[334373.8942424273,6014519.57026686],[333956.5969211962,6014776.055984098],[333577.97343521006,6014915.335761061],[333274.0133970147,6014986.237913089],[332842.7312589111,6015028.575489191],[332644.46594015416,6015132.04955004],[332498.4324516896,6015205.186039861],[332235.8440150451,6015214.358110523],[332013.4475529082,6015271.404867262],[331792.89364070445,6015388.679778509],[331735.78503744863,6015637.070912411],[331653.49815494195,6015787.787486762],[331535.2715302529,6016077.085567102],[331394.7469117008,6016401.187239559],[331282.5495058121,6016605.740835516],[331379.74305537157,6016881.512210142],[331311.26783956215,6017119.5515256],[331271.97226475924,6017405.59617514],[331349.3386690384,6017737.098799013],[331499.52378879115,6017961.740270965],[331714.12247973774,6018304.716279667],[331829.1282655336,6018618.398565799],[332021.32037184853,6018792.28852262],[332198.18808338046,6018835.391972102],[332363.53190854564,6019021.228138441],[332492.2645680243,6019104.535149211],[332625.59578761086,6019154.660711359],[332787.62147139106,6019252.819720421],[332936.285665256,6019477.023834057],[333176.5876381295,6019567.437508274],[333339.0720189158,6019592.7753584795],[333466.8046101341,6019665.20305814],[333654.1061872989,6019663.401894141],[333866.9055662248,6019703.984979639],[333966.11733497493,6019747.991099851],[334334.36169533245,6019784.405810839],[334452.3374831155,6019813.3289126605],[334536.47163192555,6019887.181857783],[334702.24544084165,6019953.671585571],[334791.61366027687,6019902.625385864],[335012.8995345989,6020038.904626511],[335192.5607162444,6020099.868072521],[335437.7430806821,6020100.794446738],[335670.12164919823,6020150.448383076],[335799.4077830808,6020270.750744171],[335914.59318036307,6020289.879816504],[335940.672694237,6020352.984628305],[335993.6917144349,6020142.220549708],[335556.00858707353,6019814.796956262],[335406.54351959564,6019592.93615423],[335218.51750418637,6019308.8200075105],[335528.59360870253,6019036.7639574595],[335737.75771480985,6018815.330643468],[335965.8896558499,6018278.290503964],[336051.96281350777,6018149.75877103],[336242.3497863123,6018067.515355531],[336541.9890537374,6018073.319697302],[336678.2283284608,6018106.335127143],[337000.1522087455,6018167.61181457],[337797.73079981934,6018206.0803010855],[337781.32556928974,6017910.982633602],[337850.7328293575,6017743.478429999],[337923.28022767045,6017699.804440914],[338024.6484176917,6017619.057023358],[338034.8688626699,6017389.295967061],[338257.7098216992,6017298.214081343],[338221.7081633238,6017134.372868279],[337965.8012216529,6017120.06335381],[337973.0971365003,6016913.9321283065],[338547.09451636486,6017031.445205651],[338570.20132184494,6016833.776779806],[339235.9953730684,6016539.362657087],[339292.01385817304,6016772.30399254],[339307.08699699305,6016958.144552568],[339189.64236355387,6016954.736463437],[339274.1814158177,6017641.710668076],[341077.49314878415,6017232.761902116],[341172.3259843411,6017561.920658931],[341244.93761648703,6017786.958243769],[341317.547110592,6017997.169568336],[341694.39682202414,6017873.894870646],[341941.1275965441,6017663.33052526],[341839.6918173302,6017518.364401462],[342057.2207606565,6017308.091830261],[342245.58655683417,6017104.978026029],[342354.6161586549,6017003.4138793815],[342608.3282449376,6016727.916324725],[343188.47362904996,6016407.085465902],[343268.7270529792,6015967.161280794],[344699.193569188,6015505.104281062],[344537.7457879409,6015080.490498979],[344180.53704253025,6014287.2471333],[344417.7865123786,6014004.277277909],[344215.37606788706,6013452.768370951],[344444.6663678512,6013206.849515753],[344746.481646209,6013196.28837236],[344804.32434274163,6013276.564676201],[345215.23766904697,6013236.930725681],[345531.6320933597,6013070.787509561],[345635.1475466415,6012911.828038519],[345684.18429074064,6012668.468432741],[345868.60995028634,6012512.687172305],[346023.2910381509,6012328.926938431],[346229.37768293545,6012170.384833971],[346485.5425806884,6012313.774803601],[347092.6665530931,6012216.891647231],[347514.96047701966,6012985.4996913355],[347843.6119893072,6013844.052926833],[348837.722524954,6013786.5837888345],[349567.150538818,6013664.534447949],[349814.9092130801,6013681.908830419],[350198.5223956052,6013721.535483921],[350345.179096926,6013804.7442483865],[351162.3466897197,6013516.913488129],[351659.29172852077,6013305.859768743],[352143.6689173188,6012986.475417264],[352312.78995751776,6012879.745858274],[352511.97541811503,6012731.439495331],[352521.3421434397,6012679.85312769],[352464.86464201193,6012516.724790683],[352395.7829592377,6012453.856281221],[352305.5720582856,6012341.936417721],[352216.8150418317,6012178.684473202],[352142.27250851505,6012092.739935722],[352204.7809486119,6011790.518499061],[352429.04041665234,6011792.136697436],[352670.4528480368,6011783.869894752],[353062.3839610992,6011725.423364723],[353678.74670383707,6011784.03404649],[353911.540814884,6011800.926592322],[353969.4061437072,6011231.304587202],[353869.4602506142,6011093.542486351],[353445.74215984717,6011500.2819924],[353316.721269059,6011506.51590565],[353188.64936938044,6011015.869388454],[353076.13507564086,6010824.544078482],[353354.4896422876,6010593.462091362],[353362.09565846156,6010329.2987814825],[353339.59973006416,6010186.1221969],[353263.93370070215,6009944.5481208],[353101.64838327,6009815.86494014],[352925.8839749601,6009682.42260083],[352811.4082898488,6009491.960380828],[353067.7389300205,6009386.322820431],[353211.21782856714,6009288.171543652],[353342.2740746839,6009132.29657053],[353158.4865503572,6008164.135265818],[353407.3158990592,6008020.824566828],[353329.1860770043,6007668.606281677],[353536.80638903007,6007571.052155122],[353720.35579680186,6007590.667545252],[353859.13470805064,6007639.100726098],[354062.72232501395,6007578.768997263],[354211.7013294725,6007482.203746501],[354362.4210100509,6007371.609054742],[354557.42538963445,6006880.516179012],[355132.8520678049,6006811.138200037],[355136.71681924537,6006434.778273752],[355480.5836016396,6006539.335972672],[355842.1640415024,6006427.897954956],[355869.3719471898,6006225.326649461],[355920.51285178866,6005885.097294681],[356206.10569131654,6005732.281815659],[356326.82165396493,6005518.6199523695],[356333.90871092584,6005342.264243303],[356081.4905371424,6005055.916328961],[356103.0522058336,6004914.325697407],[356271.31374038756,6004811.62866245],[356304.9077435592,6004391.947154693],[356507.2508911183,6004133.713126857],[356498.54472980835,6004006.439738998],[356341.34140325245,6003796.058563229],[356335.18656472024,6003620.166215569],[357211.4567633467,6003611.41808949],[357785.28916137666,6003397.568997111],[357780.67439023685,6003170.52006696],[357914.3840349978,6002919.207613546],[357734.63931749575,6002771.884885963],[357636.87587033585,6002608.447219251],[357562.43548746035,6002289.100613831],[357368.52269486245,6002008.44710617],[357333.9707175102,6001842.802046293],[357365.0382752409,6001743.907560298],[357579.3821443431,6001126.801142601],[357615.5156591432,6001008.21786339],[357597.6098821126,6000824.981143134],[357501.17814587336,6000534.919864712],[357467.4375818204,6000392.510641551],[357394.5938509209,6000118.8861664515],[357330.31475163717,5999925.761828551],[357269.63902538735,5999835.824593542],[356934.4407321401,5999534.961132864],[357125.10476793256,5999436.233095026],[357604.03795119375,5999254.373242473],[357855.7012300128,5998954.388919394],[358091.6095556179,5998761.771229623],[358417.76570505183,5998653.298981173],[359151.67967737094,5998545.06731418],[359219.7293757135,5998688.275165075],[359413.610713467,5998681.490854418],[359220.96346414275,5996785.357218042],[359098.84331317525,5996593.514931936],[359378.92594978213,5996454.905128373],[359586.60702702403,5996470.666354934],[359630.9023961127,5996256.243925791],[360052.93149202224,5996149.446579091],[360214.1482112212,5995988.224833781],[360491.13419882115,5996018.81739733],[360673.8086879514,5995934.650082333],[360946.1758285295,5995833.070049334],[360962.75093461387,5995648.648471231],[361209.22948992625,5995493.200249691],[361521.9501665691,5995551.313648382],[361668.3436987754,5995459.910783809],[361945.56813182216,5995490.494790234],[362102.2800780386,5995650.868490862],[362258.70106483065,5995560.110439623],[362362.09571258724,5995884.452055262],[362590.7515454078,5995841.89723094],[362977.51411868446,5996172.3909607325],[363276.7273173593,5996209.220258458],[363445.6042270921,5996403.19545142],[363792.6799582662,5996299.019221712],[363922.1297884928,5996238.211632509],[364020.29646014236,5996413.149194041],[364299.19822338223,5996476.950380061],[364457.8344333507,5996420.879935309],[364559.21100073215,5996687.759843841],[364761.1400736468,5996703.716590235],[364885.197050415,5996636.08558638],[364913.4510518797,5996456.738733795],[365063.12051350623,5995957.9527562],[365306.3011961961,5995865.672424203],[365253.191870939,5994802.627657369],[364485.9206447741,5994657.816822151],[364267.77788028214,5994192.40487208],[363779.12053433526,5994128.234683489],[363684.7034930801,5993807.524275355],[363562.3740839409,5993437.926977057],[364590.0432785703,5993041.517769475],[364576.55505197775,5992913.411103979],[364823.93999860995,5992891.496481465],[365127.8016788922,5992703.505246941],[364797.6877216399,5992418.321890773],[364542.3493956346,5991989.960745778],[364077.6411222387,5991297.260185724],[363666.0349812526,5990993.700564545],[363128.90623085573,5990941.654108252],[362997.19011894707,5990765.890605621],[362889.4959470639,5990654.833829019],[362704.97578450106,5990420.3365748],[362324.8364942083,5990837.635547329],[362142.9843235817,5990966.573906779],[361915.97786807735,5990728.612966793],[361759.3366069291,5990519.712132981],[362006.5633603381,5990342.969646847],[362130.5243988568,5990065.931908701],[360673.43239227775,5988031.169655027],[361207.37705688365,5987512.680110641],[361591.6145917522,5987582.285588469],[361827.782259807,5987540.0130395405],[361730.21081268135,5986937.799226943],[362080.1835027123,5986885.290312782],[362031.7092513377,5986434.441653831],[361819.0201433273,5985913.333618781],[362092.05263640266,5985551.324460784],[362273.4015322458,5985218.779396482],[362038.9672210701,5985081.380558873],[362109.8032454923,5984745.959073015],[362563.66738334484,5984247.316039629],[362764.01932160836,5984103.478401603],[362473.2560631335,5983519.468977481],[361955.8526430819,5983386.940991171],[361259.8652958879,5983423.165869784],[360787.3457053164,5983371.423641857],[360475.64133648854,5983013.010915877],[360583.767615187,5982623.497630233],[360366.5317020146,5982644.289367091],[359987.28946925607,5982680.8661548495],[359504.3660567412,5982961.317275576],[359405.7351853354,5983075.519465908],[359265.6328607537,5983200.124765892],[359078.4834285341,5983376.42625176],[358959.11158291716,5983490.707789371],[358891.43600562867,5983610.196367722],[358798.0865501072,5983761.038526321],[358725.1713091126,5983942.796780219],[358637.0280042421,5984114.156542648],[358528.0968021825,5984337.3628397025],[358408.19217435084,5984487.740023227],[358088.2954542376,5984736.200849479],[357952.8895189557,5985024.970096303],[357746.94751209393,5985101.7189712655],[357670.71633956674,5985303.758406371],[357443.9690156309,5985450.777839063],[357257.16810041387,5985675.251068614],[356949.16558477655,5985889.847311383],[356602.0157052595,5986031.744815083],[356378.70710229315,5986276.134360811],[356144.03180291224,5986326.02287217],[355935.6315225633,5986532.687178835],[355773.622975491,5986563.871801261],[355455.6957896715,5986656.2472182475],[355324.2417239938,5986878.900931414],[355130.7838645149,5986908.563152194],[355059.33322088793,5986989.861556381],[355187.2605508743,5987064.18331122],[355200.15876031574,5987165.772358201],[354494.4975675903,5987802.301904332],[354300.9879690269,5988130.234216811],[354066.5614433363,5988025.920832977],[353975.26617031265,5988200.762772363],[353743.5320094237,5988333.948136343],[353656.0231433306,5988485.350987548],[353511.93462763075,5988606.214631069],[353493.62374765705,5988745.86759547],[353333.99793535564,5988769.2124965545],[353219.8519830555,5989140.57619323],[353053.8228604123,5989094.614904182],[353024.1046798872,5989239.96237467],[352578.59743954707,5989357.565363683],[352486.95141672716,5989491.187984571],[352361.054664704,5989609.824704174],[352081.2298613284,5989360.501965009],[351892.308341261,5989000.36460961],[351796.4209557306,5988883.644023439],[351701.281203229,5988788.15377913],[351499.72378440946,5988668.373949852],[351270.6603960078,5988577.573730649],[350938.39425031096,5988560.9401302915],[350877.27149987314,5988256.483555039],[350359.5579229677,5988030.577201761],[348882.01023855805,5989254.772058919],[348817.7328908127,5989312.30507176],[348909.39975106716,5989408.4082024675],[349150.16781252343,5989504.797338691],[349145.1545259608,5989676.077422049],[348962.881170867,5989671.4488129],[348829.594189249,5989494.001410743],[348731.51776532456,5989364.852213796],[348661.60054888297,5989417.020969203],[348912.17980568483,5989732.622848637],[349174.8514545858,5989779.936569139],[349260.5389780067,5989820.8809207175],[349210.9787084842,5989898.661652172],[349145.920143188,5990012.506428432],[348982.2611640999,5990068.013644753],[348600.52925776877,5990181.9765858315],[348060.20859939046,5990497.27100393],[347710.7201700788,5990940.26211172],[347297.4319911655,5990960.228989005],[346740.69707513694,5991220.607647449],[346732.40704592597,5991233.905689254],[346576.5869498169,5991550.959754374],[346416.3686391916,5991740.922675069],[345997.13736247085,5992049.50101411],[345865.3221073486,5992290.374434313],[345555.7891121488,5992609.394143552],[345286.091767814,5992923.017472502],[345180.90785584226,5993184.105522126],[344753.6708300449,5993642.326564629],[344052.9499656446,5993948.518530877],[343844.4335280666,5993994.588670436],[343585.6352184126,5994376.622696975],[343540.9383750409,5994750.664562527],[343538.0699879769,5994768.77594999],[343383.3926750552,5994866.49489066],[343154.3081602063,5994839.48961235],[343272.1188196447,5994684.861648809],[343040.0105888974,5994495.270136621],[342889.40060156584,5994627.676379314],[342778.2252297569,5994476.245036412],[342645.57934562024,5994405.764909102],[342704.98197471444,5994216.071531102],[342565.5281714201,5994171.517882461],[342364.2606795244,5994095.767663542],[342220.5351134641,5994025.896641519],[342129.5427206559,5994010.129673088],[342090.2934788987,5994042.711564232],[342041.4487461075,5994155.238525793],[342009.679813073,5994200.706746021],[341950.46262622904,5994228.715314571],[341897.64735992625,5994242.070468847],[341765.4187841574,5994269.178658083],[341470.6124634715,5994804.412686065],[341004.4552577771,5995399.07971381],[340850.362789358,5995610.53175007],[340816.84712157026,5995760.795726171],[340691.81203113496,5995969.29581888],[340588.602080103,5996326.184119904],[340390.03373884596,5996487.4867141135],[340227.22574098315,5996696.987815199],[339105.67082189396,5996075.195549639],[338864.7082391875,5996291.387880174],[338850.2095060712,5996463.250032011],[338622.3767291857,5996593.547195356],[337924.72601604555,5996863.612987323],[337755.35075564217,5996986.858250644],[337743.1212989809,5996758.896487646],[337497.77418591734,5996738.964249637],[337411.0690750815,5996827.55057057],[336632.49546365347,5996800.954831447],[336378.8756422261,5996644.202052824],[336154.764669531,5996558.969960634],[335947.496219771,5997070.2717084475],[335602.6863412773,5997168.1170347],[335470.6207459448,5997311.557686323],[335050.5494972151,5997037.79627963],[334802.3375031166,5997002.930804042],[334386.3330063261,5996945.68940476],[334173.50626752805,5996853.786369784],[333848.08080113214,5996780.450097289],[333638.52763418294,5997399.792161914],[333595.2001509387,5998135.257207783],[333921.4557369007,5998416.0340455305],[333948.1961874608,5998437.124223661],[333325.79527362343,5999531.53252257],[332414.31166447885,6000389.60368303],[332230.47070431244,6000222.413159957],[332267.03810369875,6000076.428009849],[332230.9390915092,5999870.674905913],[332157.32759592216,5999826.443142904],[331817.1248855265,6000033.4404865075],[331284.0000112681,5999920.960420521],[331518.50604952313,5999627.381403852],[331615.0587105714,5999591.232781844],[331239.8776047444,5999478.0421630815],[330832.7936981302,5999259.763763817],[330506.5679841712,5999381.368567899],[330152.0507248333,5999393.751611512],[330103.49633946177,5999171.29801682],[329906.5519642029,5999160.165357681],[329746.20401143655,5999097.965848483],[329688.94327316247,5999206.011627441],[329461.5506979637,5999219.943269683],[329329.7154532885,5999198.276407344],[329169.64497095253,5999281.284613289],[329280.9714360656,5999432.40855515],[329036.84476890694,5999685.76722455],[329078.1331775859,6000161.614070792],[329144.6985479919,6001200.806065211],[329107.67647104524,6001351.260290682],[329335.3049152354,6001330.89350622],[329416.07107059564,6001230.0213900115],[329577.6467447821,6001279.401183562],[329620.2513777679,6001439.263788298],[329588.0335063804,6001566.956167361],[329369.6980136391,6001639.877830492],[329145.59603596013,6001741.246312512],[328911.2295409031,6002257.249106973],[328955.32009359915,6002596.157279551],[328747.1266487418,6002938.13625777],[328533.71777257044,6003259.778453562],[328439.41449209396,6003703.591052599],[328834.66460405197,6003689.54701383],[328867.7696374599,6003922.021157542],[329066.89689823426,6004208.462164881],[328216.1455100393,6004626.946279215],[328039.5596181918,6004749.437056921],[328023.52328748815,6004992.14116469],[328025.85125795845,6005173.42035008],[328116.56704150606,6005435.911949625],[328252.82193513215,6005781.860197751],[328438.4427405,6006126.100159731],[328689.1832266096,6006415.02382705],[328307.72578966897,6006697.354799632],[327650.31686760485,6006619.738220992],[327595.29660392087,6006612.325989215],[327430.50338031165,6007253.406477494],[327208.7634199867,6007217.20691457],[327185.8519211365,6007355.810173312],[327396.9009129191,6007399.469206512],[328004.2255321378,6007526.808544068],[328138.6568139447,6007555.663286811],[328412.970797386,6007685.024968749],[328463.84629371297,6007708.036649469],[328589.98263845686,6007902.804205481],[328522.59245756175,6008243.119042829],[328487.938484896,6008425.192282701],[328476.2905922001,6008590.794706883],[328493.63189431,6008659.386427781],[328584.384301831,6008846.333504571],[328514.29173790384,6009052.92086285],[328559.53818224836,6009399.034054168],[328654.38773263525,6009588.761181779],[328544.006230589,6009741.536712509],[328591.516790756,6009839.207194228],[328480.0951385945,6009964.7352631055],[328351.89943761285,6010058.34672014],[328116.11006924976,6010124.178664342],[327805.47818870377,6010246.92266042],[327534.1046275571,6010212.39165535],[327438.70170216076,6010223.985051131],[327353.870642419,6010287.490494231],[327298.67890670523,6010354.461549981],[327255.1338146208,6010418.27338239],[327190.53652016167,6010516.92723248],[327126.93075817265,6010614.876984395],[326963.6054176809,6010905.98454784],[327218.36867755465,6011460.17410882],[325949.64218876325,6011806.776597122],[326087.3503412362,6012267.387580717],[325775.07147313,6012293.929425033],[325528.9991145106,6012203.229263376],[325578.81735626515,6012361.583945312],[325545.1658920031,6012465.07406055],[325239.35234125797,6012547.1537604425],[325290.3406951111,6013040.145836942],[324789.2521808427,6012924.848716997],[324829.56464256253,6013496.980295051],[324908.47488893196,6013836.178224761],[324917.9609057149,6013921.398618374],[324898.4246376287,6014013.6382342],[324858.25830175355,6014131.11473381],[324828.3458010927,6014234.223861944],[324822.5553834783,6014309.507747414],[324835.4291204652,6014372.310615791],[324888.98360167537,6014558.801848941],[324882.9316955665,6014636.060744431],[324833.69859506935,6014730.340126136],[324642.9303920828,6014938.17388493],[323965.54834063817,6014975.092561211],[324136.520407659,6015286.796606179],[323626.2078398736,6015530.720272755],[322851.4050468728,6015971.921693653],[322746.5195733849,6016091.412697291],[322825.334453986,6016292.686171571],[323086.93723751046,6016520.685482612],[323220.28577244,6017334.35455953],[323175.11630709004,6017459.26104044],[324198.6165984422,6018009.141426571],[324804.65991403535,6018373.774353562],[325519.81072961725,6018850.788776413],[325804.49553308263,6019061.7561977],[326405.57430931926,6019591.9535123315],[326641.3599679107,6019808.255820511],[327002.2530076476,6020252.681296229],[327349.5963376155,6020715.972379884],[327668.11132385023,6021198.3104803525],[328131.1733149169,6021973.98929875],[328700.8184447186,6022964.93657689],[329370.9375905916,6024204.742205311],[329803.69980575796,6025130.226407191],[330108.9456885038,6025835.287029829],[330262.0554559091,6026100.256866014],[330730.09241263196,6026736.669452956],[331246.65518992767,6027855.591470156],[331476.98776346724,6028219.520636374],[331544.3677450381,6028536.608263189],[331683.4756276179,6028602.048974682],[332152.0631800592,6028983.171888033],[332777.51930235606,6029436.620012471],[333267.3270581346,6029838.022788903],[333582.8642237587,6030155.9520777315],[334016.8286431255,6030727.404980119],[334262.89471989777,6031040.260847956],[334502.7867550459,6031319.558841888],[334827.25483206566,6031821.54608319],[335217.05300106015,6032546.376124427],[335474.6059883265,6032916.363825314],[335814.24838550575,6033609.428185869],[336042.95545792766,6034334.890920401],[336116.44827340916,6034555.46133171],[336250.744436305,6034962.770573039],[336374.7378453715,6035397.210442597],[336566.8888466349,6035878.30115149],[336960.9933113819,6036769.836072201],[337278.71943082474,6037558.72944502],[337648.9416529648,6038353.791924434],[337813.9768206617,6038717.253691224],[337907.37150462903,6038898.854890345],[338249.71131656226,6039411.219521858],[338382.4876001738,6039596.037569208],[338517.34835767,6039768.903188631],[338904.6145567149,6040193.75600935],[339268.45624336135,6040265.057414331],[339338.7202166589,6040171.634793196],[339694.22257465404,6040102.927333096],[339934.24554188363,6039936.598130072],[339822.1708421502,6039845.795303406],[339688.2186543122,6039625.853778629],[339694.3029557839,6039499.326958949]]]]}},{"type":"Feature","properties":{"fid_1":"328","symkey":"369","symtype":"14","text":"Vorpommern-Rügen III – Stralsund I","WkNr":"25","Nummer":"25","Wahlkreisnummer":"25","Wahlkreisname":"Vorpommern-Rügen III – Stralsund I"},"geometry":{"type":"MultiPolygon","coordinates":[[[[339446.77391996887,6024843.077863455],[339410.46668256447,6024820.581263449],[339342.50811691675,6024901.752430463],[339305.1809076555,6025186.7287311405],[339283.7733459836,6025368.8367795795],[339276.0090463888,6025483.17740294],[339313.0055488553,6025525.41197178],[339374.3181697391,6025475.992086906],[339402.50097835064,6025380.450319611],[339468.1212777188,6025232.319967192],[339433.53886281606,6024972.872602647],[339446.77391996887,6024843.077863455]]],[[[339773.8675493486,6025907.313113928],[339696.1442785654,6025823.474544762],[339573.54301525373,6025844.266021859],[339479.8320979001,6025825.52775944],[339507.98714082036,6025693.2155941],[339567.5226388825,6025528.533705268],[339544.39691250306,6025324.966524854],[339493.09894147236,6025424.567721581],[339415.48595217895,6025573.116867961],[339357.7505297093,6025724.974312622],[339423.41054729,6026022.113820413],[339420.4932974437,6026167.804381721],[339465.6157996394,6026213.507470179],[339505.3915566709,6026227.878070474],[339640.3093077289,6026144.3686371725],[339763.3533434551,6026057.521557357],[339813.481541493,6025967.2152624205],[339773.8675493486,6025907.313113928]]],[[[339343.4464447424,6026153.4824347515],[339310.81251399964,6026143.114795439],[339201.8289633738,6026288.7569877915],[339207.46523209196,6026450.158606339],[339287.5370649649,6026486.6363609545],[339296.8004719829,6026529.839390833],[339340.0241252519,6026528.329987602],[339375.0837056488,6026515.098365534],[339385.1775466474,6026467.467079874],[339370.1367019918,6026373.434715813],[339375.1130221421,6026286.708213294],[339362.4241686305,6026224.114502039],[339343.4464447424,6026153.4824347515]]],[[[343101.03884001914,6027974.697715182],[343029.7822719347,6027961.42644904],[342921.2484344747,6028012.49533513],[342867.9602884762,6028069.639875533],[342871.25829091296,6028164.082308672],[342984.83908593934,6028364.990784105],[343117.48920813296,6028553.226029433],[343176.04319784325,6028539.4241169],[343201.60697326716,6028483.49788527],[343091.9943932807,6028274.445960363],[343088.8359888289,6028184.0010905005],[343134.9975153366,6028044.55512974],[343101.03884001914,6027974.697715182]]],[[[348266.1727605816,6030954.24653949],[348170.3513313262,6030846.527104892],[348045.3668480627,6030884.916891081],[348011.65644951817,6030929.62059932],[348030.95406516455,6031023.755837854],[348114.6540039433,6031063.857810194],[348169.87034713756,6031061.929613],[348242.97137668915,6030999.087863319],[348266.1727605816,6030954.24653949]]],[[[348490.10562166385,6031327.916449459],[348431.9595944127,6031145.835973388],[348202.56443470065,6031109.8329570405],[348303.61359122954,6031259.63719712],[348093.78900673054,6031289.986167092],[347999.0298660211,6031212.744860534],[347900.28392761946,6031243.207446614],[347887.6627933895,6031375.977230661],[347949.92622664664,6031454.102109052],[348068.5892917644,6031478.224151352],[348158.48449453525,6031459.32534137],[348255.5459608771,6031416.411803283],[348383.567919462,6031364.662377002],[348490.10562166385,6031327.916449459]]],[[[372460.8441064032,6032614.134605581],[372414.7630522577,6032469.39944342],[372253.4970129356,6032443.006679583],[372082.34959019255,6032398.703077143],[371920.67819143645,6032296.28505606],[371787.37032647524,6032075.058063049],[371701.48507111147,6031707.333579641],[371645.5596967777,6031288.026266614],[371621.95422293805,6030876.852280162],[371637.37977804337,6030437.548193464],[371726.45216417406,6030058.461531542],[371851.09626633674,6029759.672414608],[371777.1334358081,6029539.878565479],[372056.0127441725,6029144.902378371],[372368.8586136326,6028869.821788808],[372602.5297911493,6028677.292020293],[372718.6384974113,6028334.529552039],[372943.0753149325,6027942.203552701],[373099.3691843748,6027747.136252502],[373267.96122600324,6027546.380857112],[373541.2324986644,6027613.62563882],[373875.5287303021,6027601.951757163],[374303.5107192164,6027629.782354802],[374636.01758736186,6027781.770619612],[374830.79621632583,6027858.022438753],[374960.33931167517,6027771.202817362],[375239.4362243293,6027633.1197950505],[375456.68656483945,6027428.669126056],[375685.30727500655,6027026.94663902],[375971.04019595217,6026426.614517013],[376066.3280378962,6026139.61226243],[376153.28216764797,6025778.598571101],[376018.50001256634,6025550.664973719],[375816.76719739195,6025411.374893501],[375637.21022401005,6025248.28866446],[375547.00477779936,6025036.313036509],[375322.8940306697,6024650.144391239],[374989.61280073784,6024118.207377089],[374928.72816898394,6023721.3377157],[375115.0230220957,6022639.161451405],[375216.3971365774,6022525.556458574],[374606.8822425306,6022100.496410679],[374055.8501906926,6021716.031210242],[374169.09885184746,6021515.279680872],[374007.92639746796,6021395.23992949],[373959.33500956185,6021234.137232348],[373959.91098433547,6020825.841774682],[373639.0909874318,6020845.58752086],[373485.50999800116,6020845.947639469],[373151.53133555874,6020779.082754752],[373018.34071657807,6020724.39397884],[372935.14895169716,6021079.3334441],[372299.957837821,6020927.70375916],[372299.8415062791,6020631.276514353],[372499.9486063784,6020357.53505579],[372327.02402465045,6020226.74404813],[371940.5181384217,6020240.000616508],[371731.76620020997,6020257.80142704],[371545.1505657183,6020343.850470683],[371312.6080469135,6020375.484182999],[371098.38886801805,6020365.704170849],[370693.91861156374,6020194.4670371115],[370501.66278077196,6020176.1655200515],[370427.1616532542,6020335.11779638],[370413.1078795707,6020534.22275362],[370289.0393141629,6020570.074541651],[370005.8809566507,6020255.5254807025],[370043.1406645095,6020054.593652839],[369849.08751503285,6019949.05601049],[369622.50168088917,6019835.895965302],[369667.48290330824,6019580.439111192],[369601.9526771335,6019309.064758213],[369482.0354366526,6019077.61677715],[371465.94192880206,6019075.987234281],[371353.3245623633,6018138.101871474],[371914.4940381441,6017432.5458358135],[372365.1508043073,6017528.527827276],[372636.9287923109,6017639.658488674],[372619.0156350583,6017213.524274131],[372972.6235091239,6016974.512174232],[373047.7289367607,6017269.3160068765],[373285.10756703746,6017240.246935887],[373148.1929582795,6016566.43914607],[373609.5236698175,6016593.527468339],[373612.1836762503,6016907.8555532005],[373825.114633942,6017038.671257131],[374165.9074049471,6016867.019384459],[374412.422979773,6016739.664463123],[374622.308760182,6016765.700750342],[374874.4014920378,6016828.614265412],[374693.34658806864,6016168.19657393],[374659.24755872786,6016008.541973213],[374977.5668072002,6015868.84694537],[374984.0323677603,6015624.210149212],[375035.16212807316,6015359.646058932],[375064.2606890043,6014554.1357633695],[375144.5008816989,6014323.688754331],[375349.3519400293,6014608.949457724],[376195.6864255024,6014424.990049981],[376854.8116681352,6013937.6434823405],[377086.83054019976,6013783.702363713],[377384.9557498321,6013467.604139969],[378341.11022673454,6012376.460128764],[378194.62172097806,6011974.689006992],[377801.3019340271,6011477.51900031],[377586.36892409157,6011503.71931061],[377528.43341323454,6011110.057033908],[377246.71844691597,6011184.53901615],[377164.96985667385,6011135.862348298],[377077.327742219,6011005.488279702],[377024.7772881407,6010874.26041141],[376841.35664804,6010847.879427353],[376898.9560392434,6010617.2287566215],[376411.07899028435,6010716.772616992],[375964.0859241048,6010794.814836221],[375227.46997141186,6010904.582926922],[374910.8862968609,6010979.448634835],[374643.2180726072,6011115.357725514],[374486.3579307301,6011114.835165627],[373399.9106440237,6011199.3806383815],[373331.4742138339,6011713.709781287],[373656.88080053683,6011949.6543471515],[373623.9014509618,6012101.04068638],[373509.3744175397,6012178.325829865],[373238.9701277986,6012275.823848892],[373127.11311038677,6012180.601588979],[372948.7432717802,6012227.957475109],[372397.68806577474,6012421.99453328],[372303.4812031565,6012248.93960987],[372209.13409921154,6011419.905588381],[372072.6569765564,6011383.15743926],[372083.1436538482,6010890.03548638],[372251.02509309165,6010858.553293165],[372340.12156693265,6010507.111862769],[372644.5968391057,6010312.912908142],[372906.7063378943,6010024.465383559],[373250.86450969055,6010272.9506013],[373308.47097499017,6010217.41176209],[373226.1718018232,6010071.69392517],[372564.688000869,6009682.274383239],[372360.53421254177,6009520.631104445],[371961.88041315787,6009305.710403742],[371825.6519584283,6009148.11893365],[371739.39991224185,6008761.365171712],[371660.5041198386,6008764.2796003595],[371327.0911545288,6008765.273247261],[370762.83775793295,6008940.232678097],[370587.32968624774,6009200.73127212],[370244.7758372864,6009097.640879577],[369380.744257167,6008781.013217241],[369485.44720038027,6008523.868789639],[369176.0383088393,6008522.08867058],[368761.49710338935,6008439.833031112],[368284.38186783437,6008424.090173639],[367959.3394589443,6008523.301586954],[367534.0476238234,6008387.574931206],[367545.7105570156,6007982.407529399],[367341.95802485384,6007470.11162689],[366957.1936467085,6007417.312597919],[366776.3248417694,6007387.239239644],[366678.3684400786,6007304.203766171],[366319.31519822776,6007466.867390554],[366219.08069728874,6007261.747194523],[365996.6362951752,6007729.430512451],[365847.46987707354,6008017.439773383],[365908.9099777108,6008415.024387842],[365918.00949704554,6008751.93734845],[365437.8521612352,6008751.690327279],[365475.94367558695,6009032.77694799],[365522.54157187324,6009099.432371639],[365233.07538918126,6009352.006994735],[365077.119144137,6009255.90210603],[364735.05976797827,6009646.282977499],[364654.214709362,6009680.862496654],[364639.7703626156,6009768.66226591],[364841.5385105023,6009872.517679194],[364828.1232980313,6009989.558407463],[364582.05462605134,6010006.823146002],[364453.64899885375,6010126.378335854],[364164.23877849244,6010198.526937952],[363628.9603362093,6010314.518431816],[363393.38003374264,6010402.298310721],[363483.34263971355,6010607.281127254],[363562.8037631707,6010862.663546061],[363650.7214683816,6011309.869860401],[363659.3150950875,6011742.340875072],[365110.20428485237,6011731.259175921],[365414.15839689504,6011860.458722249],[365407.28492374625,6012205.6153535005],[365152.12859432586,6012207.334251171],[365053.2697178023,6012606.285435569],[363668.5434963098,6012479.458190221],[363452.7773879869,6012425.455421802],[362893.5831873603,6011790.363258215],[362441.77934866026,6012265.924381109],[362849.89884129073,6012475.275928959],[363178.68251295947,6013141.914056767],[363945.35692230426,6013583.707991293],[363962.0537012322,6014300.13290311],[363756.67651809007,6014222.4441720825],[363594.85373535845,6014144.545801397],[363360.50628008787,6014267.548181949],[363054.8519428205,6014340.009113897],[362804.39957823046,6014295.719572835],[362565.434723421,6014286.557127442],[362353.3136008112,6014293.962226348],[362168.2297517229,6014309.17938729],[361920.5762911318,6014309.072837634],[361682.2202263959,6014317.397430392],[361409.9231521534,6014370.935835168],[361200.83717290405,6014458.0304022245],[360933.82855244447,6014405.3208014],[360786.7478012955,6014575.2398606315],[360886.67689815257,6014908.450120991],[361061.9117544992,6015141.9096675515],[361413.3954754388,6015401.441714542],[361520.13075842615,6015600.055818608],[361611.77939279284,6015866.930730373],[361661.8729814775,6016208.337019645],[361761.718353522,6016483.345477521],[361886.6579586137,6016604.157754192],[362000.4481400298,6016732.264573332],[362239.2389986813,6016776.688986892],[362212.4380334988,6017193.89744702],[362036.87436791975,6017433.504683759],[360736.77762487717,6018374.875801241],[360869.4610500857,6019803.392536407],[361177.24043267313,6020723.190310221],[360900.2672035303,6020712.937312471],[360496.6347277509,6020667.735364746],[359852.51027498953,6020644.369593395],[359583.1996285254,6020749.55839357],[359508.195868236,6020593.841196293],[359460.0463205362,6020439.931929026],[359436.19893596787,6020322.942924222],[359334.0246721739,6020061.84970366],[359243.67626357265,6019838.62235325],[359269.7238921933,6019624.58471643],[359251.60891634226,6019349.548235826],[359132.66870229784,6019073.7750172615],[358869.9050081214,6018705.470977079],[358760.52165244706,6018488.6563235],[358615.7622645069,6018447.933546072],[358464.5766245872,6018330.638395788],[358334.29013664275,6018109.800800331],[358237.7521415707,6018010.109198343],[358128.1919320123,6017960.152362179],[358061.01300798636,6017931.970833007],[357948.42766931746,6017762.305521503],[357872.03850822244,6017695.180574084],[357779.1506736083,6017628.3816206325],[357687.27492439747,6017590.565001193],[357559.8525939528,6017595.014687011],[357498.7029846925,6017631.91017298],[357410.59330410697,6017658.754500324],[357309.9882665174,6017674.28412923],[357144.22207260504,6017519.730389252],[356788.79575769696,6017377.543360634],[356366.7520028427,6017183.15240179],[356084.735854459,6017531.456801057],[355937.29844958615,6017833.413924858],[355620.5759268543,6017775.79572122],[354872.79154454917,6017795.172486413],[354783.07554097846,6017940.88269544],[354560.1247148365,6017924.645610128],[354186.1594798332,6017688.796494652],[353670.5139187658,6017558.220592603],[353430.13094208576,6017643.89290327],[353241.1207174463,6017582.219589096],[353110.719245797,6017551.501822405],[352895.3318945356,6017472.464335391],[353029.65886717755,6017236.112221623],[352465.7781884307,6016905.355304301],[351952.24924475607,6016223.3993925005],[351911.5002701655,6016245.58798348],[352032.6706106812,6016620.079637034],[351971.630204143,6016655.736070814],[351768.94244951196,6016575.274983181],[351404.86301265005,6016400.650275152],[351082.9204807393,6016357.882663023],[350695.4402432153,6016462.91150211],[350474.8872847352,6016466.567580437],[350345.732094001,6016329.645365726],[350504.36341081094,6016216.328678239],[350637.4297152627,6016208.039901534],[350735.1266226601,6016124.5484202225],[350866.6583064208,6016022.392327342],[350955.75256507564,6015520.23045771],[351516.29950954486,6015239.489153206],[351687.39850105066,6015714.564860029],[352007.5009862995,6015575.808918061],[351900.12047504727,6015344.670073699],[351862.5939762313,6014843.169795819],[351547.7381085763,6014287.327640554],[352111.0065975953,6013984.48317929],[351659.5328329345,6013305.601178989],[351162.58779413626,6013516.654898379],[350345.4202013407,6013804.485658646],[350198.7635000199,6013721.2768941745],[349815.15031749476,6013681.650240671],[349567.39164323267,6013664.275858203],[348837.9636293715,6013786.325199079],[347843.85309372377,6013843.794337077],[347515.2015814362,6012985.24110158],[347092.90765750967,6012216.633057481],[346485.78368510585,6012313.516213849],[346229.61878735013,6012170.126244221],[346023.53214256465,6012328.668348685],[345868.8510547029,6012512.428582551],[345684.42539516,6012668.209842995],[345635.3886510581,6012911.569448769],[345531.87319777627,6013070.52891981],[345215.4787734635,6013236.672135932],[344804.56544716004,6013276.306086451],[344746.7227506237,6013196.02978261],[344444.9074722659,6013206.590926005],[344215.6171723036,6013452.509781197],[344418.0276167961,6014004.018688163],[344180.77814694773,6014286.988543553],[344537.98689235747,6015080.2319092285],[344699.43467360456,6015504.84569131],[343268.96815739386,6015966.902691038],[343188.7147334665,6016406.826876152],[342608.56934935413,6016727.65773497],[342354.8572630724,6017003.155289633],[342245.82766125165,6017104.719436282],[342057.461865074,6017307.833240509],[341839.9329217477,6017518.10581171],[341941.3687009616,6017663.07193551],[341694.6379264407,6017873.6362809],[341317.7882150095,6017996.91097858],[341245.1787209045,6017786.699654022],[341172.56708875764,6017561.662069179],[341077.73425320163,6017232.5033123735],[339274.42252023425,6017641.452078329],[339189.8834679676,6016954.47787369],[339307.32810141053,6016957.885962822],[339292.2549625877,6016772.045402791],[339236.2364774849,6016539.104067331],[338570.4424262615,6016833.5181900505],[338547.3356207786,6017031.186615905],[337973.33824091684,6016913.67353856],[337966.04232607037,6017119.804764062],[338221.94926774036,6017134.114278533],[338257.95092611574,6017297.955491591],[338035.1099670874,6017389.037377307],[338024.88952210825,6017618.798433615],[337923.5213320879,6017699.545851158],[337850.97393377405,6017743.219840253],[337781.5666737072,6017910.72404385],[337797.9719042368,6018205.82171133],[337000.393313162,6018167.353224823],[336678.4694328755,6018106.076537389],[336542.23015815206,6018073.06110755],[336242.590890727,6018067.256765779],[336052.2039179243,6018149.500181278],[335966.13076026645,6018278.031914212],[335737.9988192264,6018815.072053721],[335528.83471312,6019036.505367713],[335218.7586086029,6019308.561417764],[335406.7846240122,6019592.677564479],[335556.249691491,6019814.538366511],[335993.93281885143,6020141.96195996],[335942.54450486135,6020350.794116031],[335934.86774650216,6020428.107940603],[335921.7513422733,6020560.204012446],[335866.4726077616,6020683.775617527],[336021.06494899467,6020721.903087823],[336060.256479159,6020916.2678056415],[336065.9811662752,6021032.734910982],[336016.39413582254,6021117.023443129],[335888.5861353539,6021318.022692621],[335945.6118250005,6021540.730156027],[335705.5509958407,6022022.416629862],[335569.54473897815,6022375.3840734195],[335638.2335193381,6022822.934694992],[335704.5587072242,6023104.367085602],[335972.5029466823,6023248.345768753],[336377.05361228995,6023228.487758722],[336958.27414796036,6023246.73443619],[337191.86579308007,6023194.505595541],[337399.52183489874,6023297.786841128],[337668.04966866784,6023501.130678413],[338192.73545573093,6023636.338114532],[338336.95458036754,6023685.844628882],[338538.7364637498,6023662.571024939],[338854.4435484726,6023459.563437462],[339066.05066880304,6023556.304910872],[339209.6952234572,6023584.323489569],[339731.3132219007,6023943.8319481015],[339980.0522327246,6024318.635419762],[340074.0517915841,6024660.311739875],[339817.8955079019,6024696.54542077],[339905.118228944,6024994.925660757],[340088.6708787903,6025243.908477098],[340139.38772857003,6025435.758809149],[340542.36795506626,6025678.832731305],[340884.50668721646,6025913.292726902],[340934.04228865914,6026029.904905982],[340941.6021195436,6026246.333813872],[340834.93795425165,6026363.802751681],[340734.2493403051,6026460.370307425],[340335.00394052826,6026589.496306177],[340056.37683750317,6026619.124425299],[339824.6164812455,6026760.708063791],[339853.88460682984,6026981.862182109],[340091.37895299867,6027184.244525161],[340412.27585759945,6027226.073465558],[340658.0875108326,6027354.613009531],[340854.08401332796,6027540.799801914],[341079.1439714357,6027713.678283131],[341154.5542477565,6027780.008507801],[341088.5488105882,6027981.435907807],[341122.08391002566,6028161.124601914],[341102.21371124405,6028487.273009695],[341200.74576468766,6028372.012350028],[341237.96747776493,6028184.349439185],[341342.7705000071,6027976.310202561],[341563.64565006737,6027789.735604221],[341935.04416677356,6027601.399069093],[342381.1056779707,6027525.290517511],[342610.8787241522,6027670.619336519],[342844.8899849681,6027795.773502711],[342943.83205442876,6027778.059683515],[342866.4422564367,6027617.924180044],[342800.688406202,6027461.370792797],[342752.1639537066,6027295.826510062],[342545.3417029893,6027048.754779052],[342459.92960178666,6026646.3632272035],[342399.0575075466,6026332.700915201],[342412.4985296298,6026073.073084664],[342586.5481873099,6025999.6996729],[342761.54373163916,6025874.763673732],[343049.8401012849,6025820.9181567],[343328.7678070171,6025928.498917062],[343661.0272050435,6026066.237137655],[343821.2957137143,6026264.521954982],[344028.3569219969,6026541.962745044],[344101.6531650927,6026764.037389731],[344053.7341713002,6027110.675173629],[344128.68582329806,6027223.116767591],[344004.6242902344,6027345.274927592],[343929.89445794374,6027447.445200529],[343961.1079821298,6027524.652897071],[344129.48107329477,6027403.6973807495],[344314.90501888096,6027462.5177074615],[344766.96892703883,6027463.73174466],[345348.3438370675,6027550.244130699],[345531.1081642471,6027647.685629124],[345922.8789172098,6027949.18764855],[346212.8609114252,6028008.36251596],[346471.89963087905,6028219.70834795],[346706.7485643914,6028283.047350911],[346885.9786355924,6028393.851976441],[347111.9312764462,6028438.746968063],[347545.8765533194,6028637.227464631],[347806.85567515716,6028803.971071549],[348040.3134591384,6028992.19178587],[348143.1481612427,6029114.679125063],[348228.68456270173,6029422.131488489],[348348.0417641066,6029337.409707403],[348516.29518071096,6029298.762780782],[348659.2841899805,6029381.820248151],[348728.3625625875,6029483.22668807],[348814.875169958,6029682.575247003],[348813.3237021761,6029917.520680912],[348682.63774659485,6030086.43808721],[348505.3627661951,6030332.276237294],[348353.89021541085,6030335.811822625],[348121.44301446155,6030377.203814661],[348126.5068204757,6030543.623964239],[348297.01019064337,6030905.633788442],[348434.4904851932,6030938.858991321],[348661.8902825294,6031082.518859647],[348643.85223075654,6031174.956202472],[348544.8852731446,6031356.77327908],[348699.2638564734,6031443.6812573],[348768.4847844532,6031448.773302022],[348820.9995296318,6031412.416617915],[348800.41057853494,6031306.394937051],[348991.99446745124,6031286.165049091],[348897.3378816461,6031409.65794537],[348986.4539893763,6031429.652252389],[349130.8976860782,6031389.8296278715],[349242.0395552479,6031356.184004493],[349329.80991553236,6031247.809972465],[349584.30075996555,6031207.1495767385],[349705.230223679,6031210.181045998],[349864.61007020157,6031289.917342801],[350106.1528473012,6031458.835910512],[350458.9256303571,6031596.61285946],[350659.29318477213,6031625.1375091],[350844.2444672892,6031620.683632672],[351041.5252977926,6031768.3850632645],[351164.5858550146,6031746.5758155305],[351344.75742197316,6031662.486319708],[351452.87707679253,6031484.861345982],[351608.4421835253,6031090.192385962],[351667.46368492953,6030946.291361162],[351641.8751065945,6030822.3568622805],[351496.4835580066,6030734.87766421],[351278.77047801856,6030689.699412832],[350932.6820510477,6030743.309314081],[350641.01689800527,6030693.457788192],[350284.9862934649,6030691.631964842],[350122.4206466088,6030606.753932532],[349958.4805254517,6030510.916765025],[349811.6477593249,6030181.590538023],[349752.9850696502,6029927.232888572],[349741.1709531937,6029782.31093665],[349926.2306405697,6029322.819884831],[350046.03850903176,6029157.535613408],[350084.36941386387,6029001.353667904],[350206.8386197435,6028969.561522542],[350176.0033628149,6028874.58328921],[350041.7415222479,6028833.496797545],[349960.12848701887,6028724.270875573],[349846.99583421927,6028543.358941583],[349674.6370030092,6028421.547837479],[349478.6071713092,6028309.577469593],[349247.4460164327,6027722.546195453],[349231.6828962574,6027535.475417109],[349085.2458485784,6027403.250622811],[349047.66895881016,6027244.2222303115],[349331.6010819217,6027237.30034342],[349407.08119771164,6027314.223008845],[349592.86788593326,6027261.95164269],[349775.8912244756,6026994.64827078],[349764.68319005053,6027196.416218342],[349779.296467755,6027385.516288923],[349678.07009456307,6027538.39216629],[349477.8905231338,6027629.939958949],[349587.3238555966,6027797.967290478],[349714.143511286,6027848.072601376],[349767.0523084998,6028052.1016995255],[349993.45328546315,6028245.811406814],[350171.8144960981,6028432.205221903],[350359.88244024105,6028724.569845943],[350434.4413570082,6028939.850736683],[350442.95192066487,6029319.530294312],[350439.6418756712,6029583.059250351],[350575.2172294818,6029998.330710875],[350611.8925249018,6030231.943071863],[350707.31135849655,6030313.912936419],[350854.0434614662,6030339.560461331],[351173.45237713493,6030309.89364749],[351449.04310026206,6030286.264908278],[351648.5892280452,6030284.049980251],[351641.8084824132,6030132.946713563],[351647.11352112796,6029962.406381909],[351617.7711913446,6029795.580462374],[351646.6968464069,6029442.104718048],[351617.8157955557,6029273.757695632],[351543.2317360621,6028978.9330901615],[351728.98218500055,6028395.597188231],[351729.9943983508,6028166.673280653],[351878.7983136112,6027964.604528651],[351857.2842353871,6027484.809698341],[351933.0268283747,6027290.05058044],[352239.17961620167,6027274.853664512],[352484.91472336184,6027212.736320691],[352657.24072034284,6027191.454097841],[352907.8608051678,6027175.201532565],[352982.114037388,6027181.115052007],[353115.7508558333,6027340.298164353],[353324.50859602727,6027494.359732619],[353366.19151163567,6027670.767040491],[353416.7717520129,6027965.931301201],[353433.8048096346,6028317.799335312],[353440.991038857,6028523.427345561],[353512.1749833049,6028598.988771072],[353581.2407844458,6028349.177281741],[353663.10633460246,6028071.896816861],[353903.03552404605,6027729.30336882],[354086.4229680188,6027543.3017184585],[354065.70631005056,6027279.61526392],[354279.10014250036,6027093.794331361],[354633.34802098665,6027180.487434708],[354883.4273456214,6027099.715377701],[355121.6062315805,6027301.020894501],[355261.80485091824,6027576.295544865],[355349.8736210363,6028264.647902921],[355587.26491199806,6029167.159344347],[355777.14874147624,6029361.14776459],[355915.5460821204,6029384.589561075],[356056.39971424174,6029356.653314875],[356155.0371359708,6029559.329896573],[356094.12588485796,6029742.074309509],[356217.48285736144,6029900.365853552],[356333.9243938932,6029832.260276241],[356354.5354020512,6029634.674213],[356344.06646653544,6029535.227461744],[356229.9288841048,6029218.015788587],[356148.49559536297,6028841.879438754],[356131.9706870802,6028511.75438741],[356150.3258985169,6028213.683220124],[356181.3541459553,6027956.198749937],[356726.53908084147,6027845.472153518],[356879.6040175231,6027693.404005019],[357087.92308984697,6027510.0428432785],[357318.00114733074,6026955.442299722],[357433.33659779746,6026131.47647379],[357566.57991222385,6026064.162841419],[357603.80725353304,6025182.949824261],[357601.76878045127,6024862.733938731],[357599.5644499846,6024670.690426856],[357471.0325416522,6024528.599591959],[357557.219088492,6024374.74303185],[357554.3487928957,6024170.971778402],[357619.8984640222,6023942.294147385],[357681.24467394315,6024122.7658044025],[357817.63728418574,6024360.645606138],[357928.40492714103,6024517.124802735],[358110.1929123327,6024744.41720924],[358317.884340642,6024796.445556212],[358531.4519293709,6024880.5445963815],[358756.9921259321,6024849.15380731],[358867.4483649479,6024831.542467093],[359007.89900612365,6024813.37778645],[359197.21636697184,6024726.210109945],[359483.49445297197,6024807.77339283],[359829.84926518984,6024725.88688034],[359994.4885975383,6024755.659186995],[360149.237622167,6024810.28954207],[360333.74928258266,6024886.148650484],[360570.00282682665,6025061.259000303],[360842.2513837321,6025385.955120459],[361159.0007177582,6025795.898175329],[361366.3596524354,6025967.262656309],[361597.03025890887,6026011.24615936],[361980.52681984194,6026147.694143016],[362154.00019454025,6026236.93851682],[362276.01163594145,6026428.5542637035],[362392.4375148276,6026574.830166457],[362491.3478796184,6026720.967267323],[362565.48209583666,6027010.056125572],[362661.3173987586,6027512.26745531],[362615.8143719183,6028193.78318413],[362917.8754674988,6028741.562561201],[363017.770161544,6028951.704299323],[363252.646966205,6029123.359666338],[363369.36457511224,6029320.906923559],[363466.8472292293,6029619.43554391],[363507.2889191285,6030254.41608987],[363723.7294912385,6030292.64334912],[364298.4385454776,6030660.79457083],[364478.5789850196,6030740.555689799],[364882.33672870975,6031098.9290350005],[365240.9154057503,6031474.404409947],[365623.16339428537,6031603.89502403],[366052.09309470374,6031565.903233409],[366569.78801759426,6031712.663681079],[366943.05805766117,6031799.947500559],[367292.3869660441,6031824.76161666],[367316.5378415389,6031993.2781490795],[367332.9716935791,6032220.341904368],[367444.9429117162,6032403.792962963],[367591.28315895516,6032489.99122755],[368040.9230570104,6032407.489861436],[368298.98672245257,6032590.59443458],[368516.43313340563,6032528.227358229],[368758.1048501348,6032629.3565405905],[369335.77119081,6032666.974765001],[369635.73051674105,6032825.351193901],[369876.88264372386,6032947.259743292],[370083.73859188985,6033232.958703332],[370177.7269570241,6033696.714643199],[370266.02098370064,6033889.752118979],[370556.1182303708,6034044.980016541],[370872.9693217641,6034128.46274407],[371197.0665084822,6034182.923304342],[371381.00586102717,6034199.519721283],[371674.1363907326,6034062.21008119],[372066.5684224721,6033909.933353409],[372280.26918285433,6033732.867494084],[372413.774111826,6033623.136176897],[372422.7917716792,6033494.500243351],[372456.36647081375,6033323.723188026],[372468.27143335156,6033098.922388762],[372447.34219670016,6032857.7588183],[372460.8441064032,6032614.134605581]]],[[[368776.8258642107,6034087.295410201],[368687.6155597139,6034004.108468091],[368548.45484498143,6034030.4810654875],[368500.4316422157,6034123.714736734],[368502.23705750704,6034325.7761186585],[368589.6393264476,6034436.044063982],[368712.6492764335,6034412.730520289],[368755.768271449,6034293.656196937],[368790.65889500175,6034189.625158852],[368776.8258642107,6034087.295410201]]],[[[368444.04090937134,6034438.357900811],[368436.1760724457,6034313.559062121],[368406.5504647689,6034203.025646953],[368387.3653260609,6034147.911624663],[368362.06949812546,6034018.215678481],[368285.86299070064,6033999.363032781],[368207.0680817561,6034149.705000222],[368201.87126216386,6034244.4440790955],[368232.95969631337,6034332.415903382],[368236.3509535538,6034332.348607261],[368340.0251666624,6034389.711070079],[368444.04090937134,6034438.357900811]]],[[[369225.4239129564,6034214.22826992],[369097.32984072436,6034092.126087882],[368973.16790528595,6034161.2518493775],[368851.13817971386,6034370.140955102],[368745.3809167249,6034500.663388601],[368587.2007105984,6034527.658539513],[368816.248425168,6034603.260998711],[369021.6546801105,6034625.600334648],[369183.4487938583,6034552.403924119],[369241.14331761934,6034478.092385799],[369253.4445306007,6034336.076567473],[369225.4239129564,6034214.22826992]]],[[[367660.02001310885,6034536.94720084],[367792.72018799186,6034408.137958586],[367813.0041258922,6034269.082474161],[367760.5966167925,6034144.868494201],[367636.3234364046,6034103.470618211],[367529.02935992833,6034266.39627523],[367356.1742340317,6034325.968485396],[367176.7149293823,6034408.122878589],[367036.6114207152,6034447.638155334],[366885.95405494515,6034441.61088272],[366673.5412860429,6034336.277035762],[366435.58411303535,6034324.257078243],[366276.55841561593,6034215.21754458],[366137.3535940992,6034015.982686831],[365982.785450683,6033893.79729921],[365933.828335681,6033793.198297491],[365905.3873566473,6033647.348323669],[365707.9263553936,6033571.43654361],[365533.7170859575,6033699.1009553615],[365425.1293177279,6033784.442601647],[365357.14482069574,6033926.083782228],[365428.91039366275,6034136.27497077],[365416.7575035412,6034282.538200131],[365514.7646603305,6034560.288350612],[365678.56657442264,6034722.385626612],[365989.542256685,6034789.357860483],[366252.4916364271,6034776.764328113],[366437.7122392282,6034757.696847523],[366745.6750597991,6034714.09170438],[367049.49488098174,6034697.80945944],[367418.86116701737,6034658.978508301],[367660.02001310885,6034536.94720084]]],[[[373763.7559019998,6035176.02684064],[373557.5672658263,6034890.24085841],[373269.81972975936,6034708.3420271035],[373146.48248697445,6034612.703625912],[372869.193139649,6034505.253917586],[372705.92265386414,6034674.335895719],[372557.34974342305,6034626.476428973],[372221.3966397429,6034544.14861878],[371795.78787817527,6034539.076112136],[371618.1013642028,6034690.967191642],[371505.3654193748,6034622.074308349],[371359.5671398854,6034694.510474872],[371265.4176120758,6034616.891275933],[370909.2014480084,6034585.066012451],[370560.89728608076,6034465.614462182],[370114.8658878226,6034245.710980481],[369846.05875211116,6033933.936520269],[369726.6876517385,6033833.171481639],[369573.1678421404,6033676.80591774],[369403.315701833,6033601.826950591],[369300.99449039064,6033606.302173208],[369207.4109434737,6033619.615354989],[369210.6981867803,6033713.557858847],[369113.6195675153,6033784.49615374],[369019.9111833954,6033722.98557541],[369029.2227939386,6033654.516425302],[368687.6033141203,6033597.573844716],[368611.2624001801,6033597.19936005],[368614.4622168029,6033688.643393064],[368719.8195727803,6033768.5078253355],[368528.5029569231,6033769.949177848],[368518.21576144267,6033864.552328549],[368513.6955062691,6033961.584220074],[368701.4245080296,6033936.253716761],[368808.80823076144,6034002.538979771],[368883.18920468166,6034126.513657499],[369001.29131180886,6034041.581597641],[369124.22682728246,6034013.01169532],[369252.0813418031,6033898.300153412],[369306.3713145666,6034060.451323157],[369472.0449133469,6034175.935144408],[369646.92536394857,6034215.423683343],[369725.5518475687,6034396.430882789],[369819.80429605674,6034769.510904167],[369942.6753665991,6034846.4975774605],[370302.0774435131,6035111.43321416],[370584.4816840468,6035179.673608115],[370868.6514697876,6035210.282803699],[371106.1557706529,6035173.687810872],[371414.91409640573,6035037.51122014],[371575.57483536564,6035093.661513459],[371786.89797263127,6035048.884787764],[371853.39825711306,6035183.703953223],[371952.33282365464,6035234.151202055],[372030.8763931608,6035171.99845477],[372145.2963253511,6035130.549704306],[372305.9369299393,6035103.165244173],[372425.1583146332,6035042.581443863],[372559.7308954075,6035116.066303309],[373026.15385780577,6035648.008003257],[373231.91903207265,6035740.005561929],[373314.0408087857,6035833.708670592],[373385.52558328584,6036102.783110643],[373391.17304351274,6036236.958630348],[373412.4382322002,6036475.10889134],[373588.7019002773,6036500.930105841],[373654.9149138611,6036472.091547677],[373688.84819945414,6036392.47041438],[373700.4353088271,6036313.454936758],[373671.5024053687,6036161.725902231],[373749.7499033073,6036072.5445286725],[373824.2877370883,6035890.169416819],[373968.0078912983,6035678.667548871],[374065.2487092847,6035592.508509513],[374134.1735466197,6035548.366879042],[374164.5226846682,6035483.667341789],[374079.62600696366,6035387.821806621],[373987.5868627317,6035330.999311693],[373763.7559019998,6035176.02684064]]]]}},{"type":"Feature","properties":{"fid_1":"345","symkey":"297","symtype":"14","text":"Wismar","WkNr":"10","Nummer":"10","Wahlkreisnummer":"10","Wahlkreisname":"Wismar"},"geometry":{"type":"MultiPolygon","coordinates":[[[[266461.33781477436,5974685.166821506],[266346.98095866945,5974290.92481531],[266195.1582377702,5974377.286982482],[266329.9475962743,5974611.966852371],[266238.94864751026,5974727.970101569],[266367.61365601793,5974880.5639352705],[266492.382332894,5975029.04150857],[266570.49783557095,5974923.745351268],[266550.52272336464,5974746.085226616],[266461.33781477436,5974685.166821506]]],[[[271286.29379186407,5981112.115975294],[271242.2625118336,5980863.664288593],[271213.69363626465,5980650.313919287],[270976.0312932087,5980358.465429131],[270780.2427868759,5980074.93022261],[271004.6919835182,5980000.300742095],[270893.64170668926,5979578.45931809],[270539.334454325,5979389.457084011],[270386.861923337,5979220.927201942],[270313.1686596349,5978944.3334323615],[270397.54250993766,5978474.346204102],[271055.7819563262,5978190.404716402],[272272.72122123,5978002.11484915],[272027.2509646816,5977570.426624462],[271826.41234980803,5977069.622665804],[271604.3092667777,5977127.9072676245],[271540.21958313603,5976997.314001201],[271815.0538596632,5976873.16912587],[271574.58398444206,5976405.761394242],[271412.96484766994,5976498.212698169],[271262.3770420365,5976512.730149901],[271301.85600101855,5976332.7284761],[271226.623275822,5976054.694160411],[270696.403641657,5976294.108095292],[270612.33871578146,5976035.880679702],[270960.9702830035,5975711.014556041],[270813.61486540735,5975416.967573151],[270472.09572509024,5975501.187759697],[270136.48400118575,5975382.332648663],[270033.6741967676,5975281.854696311],[269960.12949694134,5975103.057127481],[269601.64579434507,5975188.36998054],[269383.9102074215,5975220.992899833],[269011.8499161955,5974519.372284766],[268837.2823679168,5974606.280187683],[268782.953008187,5974430.483270852],[267828.7110598413,5974779.156347195],[267653.52005796507,5974876.84264541],[267433.38263452705,5974841.019087492],[267239.1264552111,5975330.361668723],[266806.99244194943,5975155.366648555],[266702.887441461,5974996.9103489835],[266663.7939512562,5974987.771885021],[266626.68346309196,5975235.471171787],[266439.2600588072,5975319.5769386925],[266463.3296855567,5975399.784267332],[266238.0418170057,5975502.72570109],[266274.939313774,5975649.27500928],[265941.45619072206,5975784.269709693],[265793.11938654445,5975169.581166588],[265594.59547028225,5975229.560368581],[265319.2367090164,5974423.446781611],[265264.4562746361,5974452.1300347205],[265207.6445954433,5974637.229995852],[265032.7704094602,5974770.075271195],[264780.25182482786,5974838.43306696],[264653.4555503577,5975046.981692139],[264481.38665078674,5975128.6783251],[264559.3149077697,5975353.454988597],[264494.2167531494,5975495.564644853],[264552.6883106809,5975994.811299851],[264688.74995888025,5976059.812924337],[264332.45658514276,5976701.88426061],[264114.888901338,5976822.280908981],[264026.781051659,5977049.501081562],[263470.9231429612,5977559.512333009],[263245.6456319308,5977619.917273646],[262844.8569829976,5977715.741275424],[262971.54472362995,5978546.319408121],[263286.10914130695,5979945.674353523],[263128.63008828927,5980006.218534581],[263176.61157335714,5980227.941420991],[263049.3669205392,5980378.968417527],[263136.8261817917,5980655.07879423],[263025.82950084377,5980759.508707628],[263278.9686946254,5981185.682524471],[263320.6189558981,5981089.166951964],[263319.3837371189,5980896.592358012],[263673.09181946516,5980939.249039592],[263827.77844528854,5980927.582408084],[263964.9106743755,5980713.067141037],[264529.00561374053,5980190.197984403],[265120.9234200781,5979869.105948584],[265443.3200003216,5979728.73123729],[265713.14408047125,5979530.97806157],[265960.2950353706,5979122.374443311],[265964.73465590086,5978789.468272036],[265855.12599209417,5978599.013190873],[265791.9472876098,5978404.4844370615],[265977.06941081677,5978373.486498503],[266274.90713449754,5978272.790094655],[266333.24142396916,5978147.176690429],[266450.15828638244,5978173.9788028225],[266805.12079670187,5978223.436030842],[266971.4531120192,5977675.119347779],[267079.28263427876,5977688.615688954],[266975.90032669064,5978174.108264783],[267034.1684136642,5978183.124009121],[267132.86372065544,5978120.103144353],[267200.84254700504,5978065.535088861],[267277.328816317,5978011.885954425],[267353.7248679297,5977899.20588604],[267407.1239656275,5977809.95031447],[267470.04228676856,5977854.748606779],[267443.31731825974,5977935.809960006],[267344.26127489377,5978088.46916924],[267291.011984773,5978155.669630693],[267524.52076297905,5978034.212546881],[267618.5573353674,5977980.897928134],[267649.9387057349,5978088.576512283],[267146.63523507304,5978317.897931591],[267160.09515282325,5978439.004059099],[267672.4167822758,5978371.712740213],[267667.87381183263,5978443.508392552],[267263.44182108063,5978524.517085504],[267029.7294087196,5978564.822898459],[266863.0700733196,5978610.789374562],[266670.20395606756,5978767.029186379],[266598.3736356888,5978951.232457031],[266575.949774622,5979230.06657053],[266548.92931036465,5979396.198976081],[266571.326726065,5979598.674146552],[266899.36388638057,5979859.437805112],[267303.7279477017,5980016.599707371],[267461.13084915467,5980106.37430753],[267586.8444684027,5980295.109709699],[267847.53276726697,5980641.336956039],[268139.6667622393,5980996.355511522],[268431.71496692486,5981292.871767569],[268620.4201385584,5981373.843528906],[268687.8294733083,5981090.627052581],[268827.2049758984,5981032.229722012],[268912.41887270845,5981076.951331118],[269011.5629285611,5981252.273956744],[269029.48027081415,5981598.648152821],[268854.26247572433,5981737.80543321],[268836.1547322953,5982115.40514924],[268959.8053722633,5982432.782642541],[269409.030044131,5982401.986513434],[269375.1672896752,5981940.887417391],[270808.7039548401,5981479.841380851],[270870.01592831966,5981179.766671829],[271286.29379186407,5981112.115975294]],[[266679.7436983194,5975364.94481061],[266846.43915056717,5975323.614812443],[266930.23927700333,5975496.265138056],[266779.18494507484,5975596.878417002],[266679.7436983194,5975364.94481061]]],[[[265571.9415247608,5983034.084388418],[265585.9623276405,5982833.721518023],[265540.5513466541,5982672.2060779],[265485.0581744807,5982573.082378179],[265423.44573422894,5982606.753132649],[265374.64534720033,5982799.57370268],[265339.5684320759,5982912.369358743],[265287.39025811665,5983030.014777023],[265426.8122326061,5983004.132185342],[265593.11382070463,5983181.6820330005],[265571.9415247608,5983034.084388418]]]]}},{"type":"Feature","properties":{"fid_1":"348","symkey":"126","symtype":"14","text":"Landkreis Rostock I","WkNr":"11","Nummer":"11","Wahlkreisnummer":"11","Wahlkreisname":"Landkreis Rostock I"},"geometry":{"type":"MultiPolygon","coordinates":[[[[271806.7351780981,5993511.373460721],[271775.24075317103,5993428.612474725],[271685.65940628294,5993539.256941907],[271616.9775196556,5994187.04654466],[271636.24494428467,5994631.394539019],[271688.87512697,5995178.643384799],[271732.82296597864,5995355.46734371],[271841.21328870207,5995665.623514768],[271990.8760665264,5995925.558704643],[272166.5984209031,5996293.671898756],[272301.722877576,5996516.3119948],[272428.61173225567,5996683.993968481],[272547.3256143341,5996816.679783436],[272416.48686084803,5996510.1402821615],[272228.07427524123,5996198.943263063],[271979.9350743098,5995612.249680372],[271921.2073408123,5995327.37571118],[271911.0255624214,5995025.957190553],[271983.53773268964,5994544.637528975],[271883.3274385212,5994086.64277331],[271800.2426161356,5993645.024031293],[271806.7351780981,5993511.373460721]]],[[[302597.5456055887,6004774.8471265305],[302529.0327012567,6004099.346749332],[303230.9867021665,6003876.118377017],[303672.3067128118,6003927.0398002155],[303709.16151928157,6003396.109306974],[303839.5521532791,6003181.0221581925],[304637.6863344703,6002477.458638044],[304719.63328129146,6002018.113847192],[305231.9454582939,6001939.193224153],[305272.3878871398,6001556.798502643],[305400.44035165384,6001308.474622151],[305262.9857940795,6001305.029393291],[305277.62735564075,6000922.7835631315],[305140.1809585178,6000722.914735023],[303924.5034478558,6000638.536181232],[303975.5450758971,5999929.819473201],[303797.4064672934,5999885.514452012],[303709.66083578113,5999543.613967329],[303471.7750568371,5999217.216875505],[303237.413131549,5999096.32234302],[302896.60860005114,5999241.020723712],[302877.1020363141,5999248.480074232],[302884.0426141694,5999232.204772331],[303284.8365368452,5998211.314299967],[303153.10768250376,5998149.883371821],[303130.50045688264,5997811.216812575],[302949.3568856064,5997588.66539922],[302794.2105886573,5997594.3444433715],[303604.4792861743,5996036.555962749],[303381.7413783269,5996105.137205882],[303401.3963534739,5996009.1411411],[303535.94159766193,5995779.617607299],[303499.80298675876,5995297.014214549],[303343.7815041095,5994920.239932714],[303088.3222438069,5994532.686463721],[303079.5702152457,5994518.483840866],[303092.3450590158,5994497.524275826],[303425.4137301501,5994035.6784092225],[303655.84494844545,5993829.870820321],[303845.17701094504,5993333.838239372],[302511.89854403026,5992780.006958531],[302405.22103265394,5992783.7282460835],[301866.8060973091,5992294.74266273],[301642.57103154436,5992105.713404501],[301646.8372873906,5991740.84137178],[302009.6956937276,5991795.257986553],[302479.263496262,5991845.617028823],[302675.61593012325,5991344.200699711],[302915.53468514886,5991308.802156871],[303004.28108075727,5991185.644475071],[303461.55024054646,5991066.192489361],[303538.04415189195,5991075.410211474],[303550.9270109441,5990988.838239372],[303588.6615439113,5990614.83025426],[303323.8758299919,5990106.347424518],[303403.31629973184,5989706.562417911],[303503.3796786666,5989386.036345532],[303495.6971830996,5988851.57191048],[303638.5768212881,5988816.893234439],[303699.83638691064,5988223.846206132],[304234.93015383184,5987215.005106581],[304592.8007155759,5986686.37755635],[304835.8331170166,5986374.390330359],[304662.2924571978,5986159.331391253],[304084.0889045829,5985733.56301244],[303810.881186842,5985675.43053416],[303653.07240985055,5985449.50094232],[304083.0363012329,5985223.859790619],[304184.076626488,5985044.817801172],[303915.83735652734,5985044.6331585385],[303831.740960028,5984629.80394128],[303411.34772459697,5984098.690939769],[303390.2763263937,5983862.238923913],[303175.39689582214,5983610.909955425],[303134.78433856834,5983571.607187539],[302696.54356435034,5983673.101264048],[302519.11374987476,5983911.519114532],[302309.03339484334,5984215.283611191],[302038.32380162366,5984072.64289478],[301774.9219794851,5984049.95631649],[301406.2211535387,5983846.020018969],[301248.84448804706,5983632.708698193],[301053.46062209085,5983617.8013131935],[300763.47027074266,5983514.1352404915],[300386.5834363336,5983610.755320836],[300060.34024240635,5983428.8037854135],[299638.8354488667,5983247.577328829],[299318.6520695053,5983333.616769331],[299151.49497212004,5983325.410907621],[299065.3016781453,5983475.452281041],[299094.14539792016,5983813.86103439],[298809.2910601534,5984276.553788986],[298773.5720183337,5984549.719993077],[298439.19326175284,5984777.923208527],[298323.17036444414,5985063.6870236285],[298376.1802076455,5985278.392745592],[298337.3406245075,5985465.785620382],[298366.8958732635,5985731.665985962],[298662.09769399,5986260.025154732],[298427.2232035082,5986449.33629594],[298373.8959455481,5986365.482944472],[298136.50219284557,5986211.98195889],[297994.52031384315,5986017.878837284],[297448.02699669544,5985946.45014178],[296848.98648384865,5985772.117424121],[296902.88217143994,5985473.930752533],[296266.89298140723,5985101.13925009],[296095.86299060285,5984679.279579699],[295639.26785981935,5984708.778015509],[295419.20494391955,5984470.399121804],[295096.40364355315,5984503.68235972],[294739.9833336286,5983326.959740922],[294444.7859935621,5982681.510137541],[294314.68998744246,5982315.476250252],[293935.0845733881,5982799.023838442],[293367.42800705135,5982159.953042712],[293462.84204516,5982028.0509024765],[293373.23633211944,5981867.822376983],[293044.7014878057,5981846.235537112],[293116.03622794524,5981289.694383018],[292991.5156541625,5980977.613244953],[293087.4612277774,5980836.0646334905],[292931.7854591282,5980708.702727672],[292613.7003428275,5981035.683021588],[292441.7301974334,5981049.61838791],[292314.0815983936,5981051.883632816],[292206.5153355375,5981222.785301352],[291782.72361421306,5981694.846036851],[291537.13324896526,5981581.727169013],[291240.49739569705,5981597.3391213715],[290713.7277396172,5981698.021903383],[290744.48555315845,5981860.743388355],[290646.20929580927,5981978.780235151],[290435.53118953947,5981760.414766179],[290183.00599395484,5981379.046067821],[290064.8862290159,5981521.92659254],[290082.9732490657,5981693.67784591],[289892.6698201839,5981876.906267904],[289662.55221716966,5981865.340713123],[289551.388511545,5982124.870140431],[289533.57832678594,5982260.073838532],[289822.2639694214,5982940.15375703],[290006.8715176359,5983384.488899343],[289740.03271269053,5983408.063200591],[289794.2646770142,5983514.232822342],[289978.37042332813,5983649.890619289],[289954.97463963926,5984111.992965382],[290395.8096314892,5984465.089007128],[290364.614742673,5984541.723595953],[290123.9236224033,5984712.23255644],[289955.47703947965,5984795.65212149],[289729.92976628896,5984884.090016419],[289404.6555837346,5985096.57998218],[289190.4610549202,5985342.444209041],[288956.5559433894,5985464.153140603],[288512.0100412071,5985530.717753252],[288238.68061971944,5985569.030151371],[288023.92503959127,5985708.609667061],[287796.33517197985,5985850.37971819],[287512.2883169176,5985381.259011231],[286846.9801365249,5985299.0092545],[286588.8230475476,5985527.336423824],[286469.77070086915,5985192.38530479],[286251.29148416873,5984987.297597073],[286736.69262442086,5984374.9714390375],[286729.08764668275,5984153.181175845],[286683.58441849146,5983975.16356794],[286281.1037487453,5983785.74996689],[286112.0281640375,5983693.349121107],[285891.0845250888,5983526.458633289],[285563.094259738,5983246.501042604],[285530.6501588831,5983520.298209375],[285319.8843851844,5983595.45839262],[285190.9859229438,5983622.45548974],[284872.5812948579,5983599.2656447105],[284453.33660512324,5983544.891591683],[283904.10308692884,5983595.381604169],[283601.1385538131,5983446.839916954],[283302.6952375425,5983403.219803108],[283334.5134474654,5983189.974225782],[283447.13229329884,5982882.175940437],[283299.5552472519,5982668.379534261],[283097.21223538555,5982189.65789466],[282872.73086730763,5982015.733175853],[282765.12198910955,5981828.631888224],[282654.18215426337,5981546.338861311],[282511.14415166527,5981304.693191333],[282119.6923560584,5981404.05882775],[281911.09571247734,5981472.113949325],[281707.6302699577,5981523.98675533],[281752.0251542581,5981735.070041962],[281822.29134076834,5981985.019640429],[281751.0745605193,5982195.134081382],[281676.32671576366,5982461.402988635],[281317.76071767975,5982816.638823392],[281483.58491258044,5982945.184935158],[281503.7097146055,5983141.595204242],[281320.94401971065,5983681.303941868],[281434.62535071466,5983889.420756042],[281623.62261191476,5984132.2619752195],[281766.08223403525,5984225.535073638],[282068.8849660009,5984425.89914017],[281582.1874276316,5984737.079472652],[281245.35200186446,5985214.60033327],[281154.21431087516,5985498.210953284],[280876.9078325173,5985429.3498828225],[280815.16869682726,5985588.622908197],[280632.7384027485,5985707.798605645],[280414.94103555474,5985774.983128363],[280445.426678922,5986060.06051657],[280715.2958450839,5986094.424908493],[280887.3440077463,5986143.1816223],[280980.570445111,5986469.377420932],[280827.12382753845,5986732.645370923],[280877.8827969041,5986961.256762508],[280659.16241767537,5987051.689527445],[280414.9202409908,5987139.818672331],[280319.6300996039,5987300.201157417],[280141.9964286247,5987356.92952113],[279669.4539963426,5987485.74683328],[279152.24229396414,5987610.627804736],[278653.5523413755,5988000.53202918],[278332.1802361272,5987787.611460419],[278052.9635719117,5988037.250487994],[277973.40620389767,5988158.6016893685],[277744.8575644074,5988032.258684516],[277943.76580559183,5987732.625865992],[278049.44601770956,5987649.647101771],[278023.0666630026,5987274.084993184],[277827.5825887034,5987235.12753924],[277559.32872489654,5987301.529543055],[277391.6919364473,5987267.359538492],[276963.3934956556,5987402.389194934],[276718.77938334364,5987493.541565891],[276295.6937738713,5987429.724700797],[276131.4140021354,5987653.840590423],[275977.6443425212,5987735.257472953],[275967.3453387134,5988206.150445711],[276180.0629335344,5988266.008846244],[276199.0897199726,5988431.196962532],[276330.1728036208,5988717.795517171],[276438.1422333261,5988987.4395619035],[276351.38902712334,5989397.213035632],[275950.3474228773,5989689.646462439],[275972.8339198334,5990333.484692089],[275654.27922700904,5990917.7180674],[275911.3701608563,5991080.59494338],[274851.2749169171,5992129.935356373],[275160.91787119396,5992308.538689256],[275819.7268448146,5992900.411413649],[276256.46780294273,5993529.798506038],[276433.0176913338,5993860.6793750115],[276559.6440284867,5994066.792687269],[276576.70178642776,5994648.562497422],[276442.12024963554,5995221.860165492],[276339.2557965815,5995779.03369363],[276336.6288451692,5995918.710460223],[276425.048012102,5996036.698064204],[276689.34978733025,5996069.49197715],[276918.8666260261,5996209.062811183],[277184.5629995307,5996382.163911598],[277399.533165982,5996406.176277652],[277710.9810411949,5996377.77701534],[277894.76599910296,5996518.69283665],[278029.6485441001,5996563.2628327925],[278203.75698747206,5996420.356888572],[278283.02421922516,5996473.581611371],[278199.1309532244,5996585.333769832],[278298.05524166767,5996602.885056268],[278296.94279374555,5996717.282958826],[278334.3160579186,5996813.2871338315],[278526.64480208233,5997012.688325923],[278753.4575148262,5997075.061883509],[278964.36992403306,5997183.518586479],[279087.95063112304,5997305.535958702],[279184.71164702065,5997361.692491652],[279167.87603574153,5997688.73154805],[279198.980246637,5997870.25726605],[279246.63937486615,5998131.755099861],[279305.4251302928,5998361.088794934],[279347.1133680735,5998595.030413542],[279368.4342201445,5998804.6614823025],[279170.2555761067,5999060.737817952],[279042.3468500441,5999416.171813812],[278802.6611504778,5999852.293406364],[278647.78493583854,6000180.893323161],[278522.76600949094,6000318.589874379],[278096.00370990485,6000361.523118058],[277719.23108498007,6000016.973050533],[277705.6303266147,5999827.822228553],[277806.79433420487,5999651.426294243],[277784.7046154104,5999484.59298454],[277409.5057182433,5999392.3949250765],[277221.58672544546,5999426.462703507],[276818.00539514236,5999237.685214724],[276453.73430802766,5998850.48715594],[276313.96752424724,5998642.072370242],[276126.7580020018,5998117.881751351],[276077.79864122067,5997926.466342989],[275923.83905454725,5997837.280015212],[275608.22924891766,5997746.494640462],[275412.8117972417,5997472.642748879],[275194.4846466845,5997252.126267912],[274850.5515603293,5996758.828998871],[274497.8276525028,5996507.99445267],[274352.75851432513,5996372.71902894],[274164.8663869677,5996421.314625045],[274186.36084257066,5996227.438452058],[273875.62808984425,5995782.259577079],[273770.41240429785,5995677.15354163],[273692.17006941885,5995550.061991822],[273552.00585488323,5995554.966628773],[273431.776799188,5995429.299617717],[273498.0657301098,5995321.710277433],[273587.16215872485,5995458.886472939],[273678.1122902762,5995448.705569617],[273707.0186976064,5995373.904851841],[273727.8255387135,5995267.862841647],[273696.91012808774,5995184.891675303],[273493.6759122247,5994988.369021973],[273334.9898026008,5994871.072475301],[273181.02581135556,5994781.6452171635],[273073.8860737188,5994729.3581680395],[273029.3385875309,5994657.15980457],[273008.07406625524,5994552.56545567],[272899.4270109441,5994652.83823937],[272916.22212249506,5994769.618493201],[272997.1977380989,5995047.726410564],[273094.75447759684,5995226.932464063],[273297.94063572213,5995314.641291585],[273347.7502296213,5995537.288556589],[273330.8395595476,5995884.089903573],[273340.0818151701,5996120.164047988],[273257.58423523325,5996372.4469094295],[273228.3373586815,5996745.444617014],[273327.84352727886,5997173.732963802],[273280.6366082318,5997326.223871192],[273232.5131876813,5997387.937547842],[273148.14446436334,5997457.222533872],[272975.95922035724,5997252.624944152],[272789.24960797187,5997034.550440114],[272696.1241105413,5996876.566587415],[272649.59330827836,5996934.898497911],[272741.24649683386,5997117.994357465],[272959.4597779354,5997348.192762943],[273179.6843075501,5997608.665710783],[273456.5830015214,5997944.70780829],[273997.7939323811,5998564.444479309],[274376.9357726481,5999070.524203982],[274649.98809170723,5999454.234793555],[275272.843382095,5999797.451479211],[275726.21544898953,5999921.952710571],[276253.8468178231,5999952.309412859],[276825.9873343911,5999953.60015448],[277547.5918177357,6000216.060629562],[278225.4954053229,6000624.150768679],[278729.21547401045,6001080.104537301],[279207.7241943842,6001516.169180661],[279655.1462940145,6002065.147005502],[279883.0589558212,6002359.114869634],[280369.9045439577,6002833.411636937],[281237.2642331142,6003652.388177965],[282138.516545875,6004582.255096851],[282905.51297483314,6005292.422967473],[283371.59920207877,6005637.614028903],[283814.27477228455,6005685.194981223],[284431.51861256734,6005681.4002265055],[285010.4867456183,6005655.928835342],[285988.5278796656,6005561.238008939],[286332.1819649702,6005530.976932311],[286710.2129059704,6005503.764470195],[287068.46722332295,6005512.019327706],[287489.9437217489,6005518.31179562],[287913.8717682604,6005573.301825201],[288390.7032270506,6005581.665671121],[288559.3937093634,6005555.014808539],[288691.97073364444,6005462.331063643],[288883.59927760065,6005355.054813741],[289278.1816776451,6005164.639531843],[289599.46534410026,6005016.628085801],[289894.1690942198,6004895.523537219],[290660.4264125936,6004645.888534242],[291346.34533135593,6004488.349978749],[292106.7165394379,6004356.740301799],[292586.18112693354,6004318.723226801],[292821.4043621076,6004321.031235579],[293400.9782876577,6004234.2398818135],[293818.46980413515,6004226.664560312],[294310.1467927303,6004237.508094024],[294839.99553130474,6004331.324716104],[295581.8746577203,6004508.293609383],[296287.2094646115,6004670.263324833],[296960.6392821772,6004864.393573077],[297579.20735848043,6005084.683376111],[298250.863227183,6005328.148287382],[298826.71202803217,6005607.470006872],[299337.7584816627,6005757.476122523],[299973.59741326235,6005920.885226108],[300688.07926399726,6006180.10918528],[301113.6625084495,6006203.756830351],[301605.569881659,6006278.397977568],[302031.1017836351,6006357.845525652],[302422.9755023373,6006519.267842244],[303043.64048297144,6006792.526381934],[303397.94837625045,6006912.680989999],[303384.3212407874,6006903.432043271],[303395.7912653899,6006872.481837364],[303385.73873520084,6006514.395690041],[303361.1242604917,6006232.332773261],[303330.84698285814,6006067.287166569],[302597.5456055887,6004774.8471265305]]]]}},{"type":"Feature","properties":{"fid_1":"1475","symkey":"375","symtype":"14","text":"Stralsund II","WkNr":"26","Nummer":"26","Wahlkreisnummer":"26","Wahlkreisname":"Stralsund II"},"geometry":{"type":"MultiPolygon","coordinates":[[[[378344.4374945378,6020142.884332292],[378014.61110368,6019860.033698235],[378093.7461907817,6019783.725438591],[378278.3828394236,6019676.966677945],[378384.8195334384,6019558.680033851],[378427.7163860677,6019440.360878449],[378422.29823920317,6019285.205452567],[378323.24589884095,6019149.329557462],[378223.80570490286,6019052.490978727],[378130.7187903011,6019022.971682843],[378027.6752551012,6019059.340004969],[377989.2050555507,6019075.192252334],[377963.35097110085,6019058.334277429],[377965.7161868792,6018989.960080888],[378009.6854135655,6018959.657117259],[378075.6515554385,6018971.862367211],[378099.4211910181,6018950.519817587],[378070.5118190786,6018881.986991761],[377901.29431596305,6018785.583871286],[377507.4628682211,6019045.524486605],[377438.6650699312,6019214.211529808],[377427.1165692676,6019244.875743439],[377225.92640315555,6019527.605335182],[377248.87790559046,6019822.956826398],[377416.836644995,6019959.446902089],[377521.7948290482,6020067.274135573],[377613.712739869,6020132.942294113],[377787.00071382336,6020118.072954761],[377910.29120778106,6020221.859766092],[378029.34833148215,6020292.2406143155],[378160.8288366841,6020368.519308921],[378303.35284173116,6020192.129908768],[378344.4374945378,6020142.884332292]]],[[[375641.8521727277,6020954.261088731],[375725.3241045978,6020823.015284672],[375800.79555119295,6020742.082066841],[376060.6514317319,6020647.4555835],[376217.5740267895,6020585.191134112],[376326.5195148606,6020510.09324378],[376497.2032197714,6020018.091098398],[376626.6411818862,6019784.928038713],[376751.20815059915,6019626.98385776],[376863.3969036881,6019580.290082157],[377049.07655693684,6019395.947659293],[377182.8029487524,6019149.38047347],[377033.48307252117,6018864.228914514],[377150.167187755,6018795.806789912],[376736.470922512,6017702.626982909],[376719.7158509102,6017488.019997604],[376543.9962911736,6017434.711822743],[376559.33207329456,6017090.868941538],[376602.2958119307,6016823.975924019],[376648.3418840701,6016681.279395113],[376701.75551386643,6016577.603126653],[376138.5092027988,6016601.320752718],[375601.51195241883,6015945.949042862],[375387.47507377807,6015369.581515081],[375064.2606890043,6014554.1357633695],[375001.50641998835,6014734.805360613],[374909.7698635766,6014923.130723672],[375098.69581906404,6015032.090502225],[374984.0323677603,6015624.210149212],[374977.5668072002,6015868.84694537],[374659.24755872786,6016008.541973213],[374693.34658806864,6016168.19657393],[374874.4014920378,6016828.614265412],[374622.308760182,6016765.700750342],[374412.422979773,6016739.664463123],[374165.9074049471,6016867.019384459],[373825.114633942,6017038.671257131],[373612.1836762503,6016907.8555532005],[373609.5236698175,6016593.527468339],[373148.1929582795,6016566.43914607],[373285.10756703746,6017240.246935887],[373047.7289367607,6017269.3160068765],[372972.6235091239,6016974.512174232],[372619.0156350583,6017213.524274131],[372636.9287923109,6017639.658488674],[372365.1508043073,6017528.527827276],[371914.4940381441,6017432.5458358135],[371353.3245623633,6018138.101871474],[371465.94192880206,6019075.987234281],[369482.0354366526,6019077.61677715],[369601.9526771335,6019309.064758213],[369667.48290330824,6019580.439111192],[369622.50168088917,6019835.895965302],[369849.08751503285,6019949.05601049],[370043.1406645095,6020054.593652839],[370005.8809566507,6020255.5254807025],[370289.0393141629,6020570.074541651],[370413.1078795707,6020534.22275362],[370427.1616532542,6020335.11779638],[370501.66278077196,6020176.1655200515],[370693.91861156374,6020194.4670371115],[371098.38886801805,6020365.704170849],[371312.6080469135,6020375.484182999],[371545.1505657183,6020343.850470683],[371731.76620020997,6020257.80142704],[371940.5181384217,6020240.000616508],[372327.02402465045,6020226.74404813],[372499.9486063784,6020357.53505579],[372298.2836966552,6020628.002848113],[372299.957837821,6020927.70375916],[372935.14895169716,6021079.3334441],[373018.34071657807,6020724.39397884],[373151.53133555874,6020779.082754752],[373485.50999800116,6020845.947639469],[373639.0909874318,6020845.58752086],[373959.91098433547,6020825.841774682],[373959.33500956185,6021234.137232348],[374007.92639746796,6021395.23992949],[374169.09885184746,6021515.279680872],[374055.8501906926,6021716.031210242],[375216.3971365774,6022525.556458574],[375410.99476676993,6021937.406707261],[375554.61245182063,6021593.6953440625],[375614.63174962904,6021220.62642841],[375641.8521727277,6020954.261088731]]]]}},{"type":"Feature","properties":{"fid_1":"1528","symkey":"360","symtype":"14","text":"Nordwestmecklenburg I","WkNr":"27","Nummer":"27","Wahlkreisnummer":"27","Wahlkreisname":"Nordwestmecklenburg I"},"geometry":{"type":"Polygon","coordinates":[[[233254.92155975406,5959083.374552735],[233003.00360009097,5958860.19161253],[233063.80293393502,5958695.72543362],[233060.583455364,5958603.53162983],[232967.6315528612,5958463.194352286],[232781.76251166384,5958348.371058384],[232338.328440784,5958458.3995558],[232062.746213716,5958513.81062677],[231746.670618864,5958502.834819825],[231513.09269159497,5958503.9330595145],[231373.09277437604,5958507.12511209],[230859.461412178,5958533.816848],[230736.85934613523,5958343.970313976],[230640.06176531303,5958189.514045284],[230576.79972371296,5958029.864969755],[230491.2959949401,5957807.13218205],[230180.34194122604,5957943.25077769],[229940.397703834,5958187.00256303],[229783.72206012707,5958292.20279017],[229439.500933744,5958363.509372274],[229254.25195179193,5958409.752638655],[228861.38329829997,5958477.7500472],[228557.76007426006,5958622.43957767],[228163.29084615305,5958479.62890213],[228113.79684004397,5958294.480272634],[227776.78084522602,5958228.45704781],[227566.240437062,5958224.057695415],[227434.954238915,5958368.73215429],[227276.924782145,5958492.32376648],[227001.48772228498,5958501.44689074],[226888.9799521661,5958352.78569717],[226727.62367388897,5958416.95684254],[226577.73176901694,5958250.835533914],[226467.22554231598,5958316.97828932],[226281.0003438961,5958335.24239126],[226278.496271946,5958156.21639785],[226119.65404709103,5958171.09165514],[226058.2323875291,5958388.55111749],[226199.37495066202,5958454.90551462],[226203.65063336596,5958598.85215639],[226299.93075969606,5958762.84057263],[226152.974124755,5958795.23668752],[226010.20720500103,5958718.41914543],[225895.75717361295,5958671.88527844],[225802.787671783,5958803.45985887],[225719.642529723,5958985.5785172],[225620.23991740204,5959034.2208471],[225446.96988742298,5958979.48790742],[225280.39482606295,5959159.401811414],[224842.58870259405,5959422.4360408],[224594.736309123,5959423.29450127],[224427.294044371,5959522.401159264],[224171.338260821,5959986.61712027],[224085.964575584,5960099.16689046],[223755.910126707,5960419.66494279],[223622.723632922,5960570.64364989],[223504.814549284,5960908.04599532],[223402.655360181,5961472.40187821],[223447.70100749505,5961632.53254665],[223485.774708229,5961656.7171143],[223579.5409823,5961653.09717027],[223634.96743797697,5961728.30818428],[223589.867375987,5961831.6556875],[223555.34759697533,5962003.34892464],[223644.34563034808,5962223.62525469],[223609.14477691706,5962383.45044942],[223503.79237572302,5962618.7661631545],[223239.75739184406,5962851.38124263],[222973.795793504,5962921.69482022],[222806.723654052,5963030.0923524],[222618.482072031,5963227.03185909],[222234.1259765341,5963378.28619281],[221966.30492229795,5963509.6024304],[221846.49311678205,5963688.65184748],[221588.15641697694,5963734.296222384],[221466.056121808,5963848.112390625],[221181.25860940607,5963951.623906015],[220817.16550143505,5963769.218298536],[220415.32043177902,5963765.454106186],[220386.79082489805,5963902.107204811],[220401.1874743281,5964425.80351526],[220373.3838824021,5965024.350241736],[220498.28743221803,5965231.208624716],[220500.66340721794,5965645.551925534],[220653.9574752011,5965961.263651456],[220766.62480859598,5966164.710056994],[220977.714663513,5966270.90411424],[221055.63810136402,5966410.5187133],[221146.215086036,5966561.69850617],[221328.76800050132,5966778.603221065],[221380.31236434507,5966961.004081226],[221278.48592779692,5967234.53034659],[221139.07237486902,5967399.01791449],[221196.26810794912,5967636.857653705],[221323.75432596705,5967772.3238665],[221277.960109405,5967895.76357485],[221326.63509486208,5968119.79198852],[221358.2367389131,5968321.78689771],[221506.622309383,5968377.63423999],[221571.45756111603,5968611.00624577],[221629.81139102508,5968771.61521624],[221595.09291184798,5969284.82417592],[221489.3116126581,5969402.45408905],[221395.60060042504,5969511.17218556],[221238.36920136597,5969780.94182981],[221205.54487013607,5970001.4741106555],[221327.40455125098,5970228.699488626],[221254.1868955699,5970473.458266835],[221170.856268486,5970662.64314908],[221119.24691302294,5970866.96558357],[221147.5848471739,5971056.207192244],[221152.94710414403,5971234.13119706],[221095.28411845135,5971370.45118442],[221161.05963305803,5971742.118273916],[221071.87724672898,5972212.48333096],[221010.32016581,5972312.19439534],[220905.1777145121,5972445.94995904],[220798.654506539,5972690.80800193],[220739.05460190005,5972809.22062326],[220724.99130695697,5972984.62145191],[220649.77809220302,5973047.9746375],[220426.10568718007,5973161.59752203],[220313.95158575405,5973323.86220023],[220291.7861534221,5973503.44690555],[220375.660697327,5973805.38120478],[220332.045788839,5974067.05563165],[220441.493432316,5974314.066433924],[220469.56725363096,5974579.45152416],[220621.85993757995,5974730.2790204],[220723.802549584,5974931.0051431],[220718.716619341,5975140.11109473],[220409.31508024398,5975234.376306086],[220382.05974106397,5975381.80460776],[220540.19097792835,5975490.037327495],[220782.631245117,5975684.69286894],[221169.48275579407,5976053.1631914],[221202.88464290905,5976316.22645289],[221383.55216974206,5976594.16273039],[221544.33395725908,5976661.8189681955],[221528.587218298,5976910.284746794],[221717.71192998905,5977163.040213956],[222004.39455263002,5977499.31152984],[222065.812579241,5977745.01594044],[222518.69724123203,5977841.166835625],[222795.93649365602,5977707.16774463],[223150.95621693297,5977751.537154234],[223438.36903293402,5977929.85959391],[223923.79622855596,5977887.1918527745],[224040.02951127407,5977956.169287404],[224170.07023878105,5978069.44095946],[224357.984151359,5978356.79524681],[224378.9079538873,5978468.63193349],[224535.8853331391,5978658.2583159],[224568.79975184007,5978786.9522002],[224551.08945095702,5978856.84808729],[224513.2057433651,5978939.47344477],[224771.74189999,5979007.47385446],[224990.22709346097,5979188.21530368],[225182.43123073096,5979388.66495552],[225326.689304323,5979685.1321268],[225556.67112266202,5979700.025442604],[225736.69075252092,5979654.465093974],[225893.935382455,5979658.729933575],[226041.06318100495,5979795.928825314],[226188.82867024606,5979815.28367456],[226320.13019857893,5979989.710634895],[226533.89614119602,5980004.606323735],[226856.37653679703,5979826.49341866],[227075.41525840503,5979916.90415333],[227241.47148399602,5980045.60765228],[227345.53302575694,5980181.833185584],[227353.533025757,5980205.83318559],[227377.562363005,5980558.32337819],[227377.65383939992,5980894.85865445],[227843.57493552798,5980832.153312264],[227946.53862610308,5980967.15306993],[228082.750835597,5981295.50012164],[228355.0585505541,5981455.836340746],[228659.7205996241,5981672.09502982],[229156.515217536,5981896.283141506],[229260.62840567098,5982256.85504154],[229364.762255206,5982585.27511441],[229519.14164044906,5982922.58731488],[229860.69336314104,5983041.435147976],[230035.41805557802,5982827.144043304],[230078.72349223006,5982685.4868256],[230121.56219860225,5982538.773917596],[230410.391640449,5982225.83731488],[230723.31634543592,5982145.0753385],[230935.6220409039,5982136.22623976],[230944.752506577,5981951.45734485],[231150.3624575251,5981906.388606585],[231406.33622618503,5981894.17371472],[231543.39164044894,5981761.087314875],[231434.391640449,5981595.08731488],[231311.14164044894,5981471.837314875],[231136.20886461297,5981263.50824948],[230870.61886443105,5981059.52038111],[230813.45476960798,5980661.15655927],[230917.61886443105,5980376.520381105],[231078.891640449,5980182.33731488],[231250.02544478502,5980026.27898706],[231426.45042648294,5979877.78138327],[232040.66993052,5980017.67645419],[232382.912643596,5980049.76641945],[232626.990854508,5980129.10677425],[232748.823669683,5980114.18686587],[233027.39164044894,5980087.587314875],[233504.64845436602,5980458.89493503],[233855.927719185,5980452.69883317],[234103.64164044894,5980604.33731488],[234492.39164044894,5981059.337314875],[234710.39164044906,5980978.837314875],[234843.14164044906,5980793.83731488],[235037.21788574313,5980703.520434125],[235246.14164044906,5980931.337314875],[235103.845329225,5981305.86346611],[234985.39164044906,5981438.58731488],[234738.89164044894,5981585.83731488],[234260.14164044906,5981415.08731488],[233980.39164044894,5981438.83731488],[233838.20733794605,5981543.06480837],[233577.464524851,5981884.24604705],[233335.641640449,5982149.83731488],[233179.14164044906,5982240.087314886],[232757.14164044894,5982088.33731488],[232439.96035049087,5982505.604484474],[232129.64001184993,5982570.86474809],[231722.65628245403,5982796.6063532],[231452.7367921024,5982797.19397135],[230988.79042564705,5982813.48058749],[230675.818245631,5982690.12439906],[230510.33012542804,5983122.1167877],[230526.42601101997,5983466.858812115],[230543.11245752499,5983823.38860659],[230628.3624575251,5984207.38860659],[230737.2985868461,5984439.59160664],[231178.28556205996,5984908.92717853],[231439.192966145,5985202.93925778],[231529.06076706597,5985330.8730104],[231557.6103623031,5985482.52657989],[231510.415242963,5985714.79800857],[231448.70824962,5985904.24419518],[231319.830344496,5986215.89190025],[231286.930924027,5986476.70194249],[231414.69654453394,5986510.988393954],[231577.80237139703,5986561.325856694],[232036.76077388297,5986738.41831358],[233287.46400913992,5987280.84318907],[233761.4274562361,5987586.74669523],[234142.747912243,5987854.34733147],[234456.74046249397,5988214.12154357],[235023.1993278931,5988532.53470277],[235926.42003973504,5989174.906331125],[236804.96550342406,5989712.57926875],[237590.881137211,5990004.3205254],[238276.09388819698,5990328.10546842],[238993.20366775803,5990762.839306315],[239734.1814153751,5991172.22333336],[240456.396567268,5991445.18771525],[241235.0436933519,5991638.967295875],[241939.38504539634,5991684.336037176],[242529.613035893,5991716.24828865],[242880.33287049603,5991816.56199079],[243122.60268436105,5991913.17458132],[243426.241140399,5991933.58924474],[243650.90109035803,5992070.08158779],[243982.03159861802,5992111.29474402],[244266.5977992341,5992115.35937934],[244716.60830148,5992036.12055146],[245539.400564413,5991779.26770727],[246284.239003815,5991704.4593816],[246567.08392436,5991659.30341058],[247353.235546284,5991456.50032058],[247737.69599068293,5991513.114216315],[248222.484151131,5991727.8302479],[248753.09285983595,5991821.871837544],[249236.33075956,5991913.30724058],[249693.76748918206,5991946.61986356],[249961.15311789303,5991866.99425633],[250246.66140885605,5991597.36063705],[250400.842598887,5991391.85953706],[250531.11997447698,5990903.01406217],[250526.50169945997,5990369.59929872],[250672.156111693,5990013.54521766],[250900.79653480102,5989626.58399036],[250941.316111608,5989383.02093588],[251125.86373850703,5989137.67516106],[251479.23025484313,5988833.905288476],[252117.39745340403,5988390.61590262],[252807.02652228938,5988138.4150545],[253299.178939355,5988091.185769825],[253454.96485594398,5988118.02028744],[253593.51755560515,5988167.2155663455],[254047.72319214,5988587.35298581],[254381.76451887097,5988661.98829903],[254671.02184352698,5988385.48227814],[254831.89956918202,5988074.10625962],[254680.42511761503,5987706.44939109],[254548.737103265,5987437.46471274],[254395.85814362497,5987221.79157506],[254252.27516769606,5987067.17568653],[254114.5138190681,5987133.031611726],[253970.89164044906,5987156.337314886],[253837.64086970605,5987034.58657064],[253753.788247214,5986718.74962729],[253610.74192245712,5986039.57824623],[253397.11491995899,5984850.31311631],[253384.19004095194,5984481.975812915],[253477.079753166,5984210.37282803],[253529.96015848604,5983929.5402304],[253593.77756633505,5983748.27454643],[253684.37251450436,5983531.14664447],[253778.65689364402,5983419.113092255],[254019.37999093602,5983070.24997565],[254489.49058389,5982664.09532877],[255036.24746342702,5982339.56869558],[255330.64185326901,5982223.96882456],[255882.54137385893,5982139.65466641],[256215.10112228803,5982171.31060701],[256497.70989001903,5982319.79356763],[256732.36159620236,5982541.990997456],[257076.257287518,5982812.39759675],[257520.93211339496,5983039.02126261],[257947.69046700897,5983232.503291424],[258233.17051755497,5983431.511171664],[258409.667805481,5983739.440537904],[258530.16147715203,5983988.400383464],[258659.15612442303,5984272.82379278],[258865.84138511796,5984674.84176876],[259033.52600849606,5985035.459480914],[259291.60468473902,5985198.3277089],[259684.79717482696,5985104.0198182445],[259849.53383737302,5984814.0943038],[260034.453539495,5984335.851432105],[260240.48494455102,5983867.37205799],[260491.14542743796,5983366.558350785],[261177.18639792094,5982717.7256887],[261276.2542918059,5982538.91281313],[261523.84409941896,5982386.67584274],[261708.61431919306,5982376.71968056],[261812.78960505594,5982401.34784312],[262224.082440334,5982502.80413207],[262585.68363185273,5982628.261623365],[262836.268525936,5982798.11845551],[263077.036433206,5982780.46125262],[263468.2985831449,5982559.17043897],[263820.85125768604,5982447.04799461],[264077.728892519,5982360.283729784],[264181.87515383493,5982226.57665415],[264135.46548967995,5982129.63823719],[263975.96718589903,5981977.16029052],[263724.319699334,5981258.26115287],[263827.778446238,5980927.58240884],[263673.091820413,5980939.24904035],[263319.3837380677,5980896.59235877],[263320.618956847,5981089.16695272],[263278.96869557403,5981185.68252523],[263025.82950179715,5980759.508707744],[263136.8261827391,5980655.078794975],[263049.36692148796,5980378.96841828],[263176.611573516,5980227.94142194],[263128.6300892372,5980006.218535336],[263286.10914225597,5979945.674354276],[262971.54472389095,5978546.3194088],[262844.8569839469,5977715.74127618],[262548.30281427293,5977104.246173995],[262175.025506058,5975873.49146859],[260977.02678247902,5976166.46066983],[260769.25349696598,5976032.632410695],[260728.86591971002,5975585.76125601],[259979.41019341204,5975452.277610356],[260171.106580123,5974832.70890447],[260075.3967814421,5974566.70257367],[260276.507686652,5974394.32328674],[260017.17523653607,5974222.9508116655],[259791.196543923,5974007.12971129],[259531.011770532,5973274.33960717],[259417.89850144007,5973031.17768469],[259294.80311367696,5973004.50288498],[259168.577683112,5973086.20786147],[259003.38156485406,5973157.852369115],[258829.4788221561,5973089.29412111],[258634.646797079,5973169.142302076],[258373.333345543,5973315.35475233],[258202.23420416203,5973257.38301313],[257750.086937526,5973637.42565277],[257760.29000499798,5973380.47399601],[257726.10702624207,5973154.49394743],[257650.503812928,5973160.73327437],[257517.07398552203,5973192.03598832],[257048.24592630297,5973332.586277205],[256897.48475986702,5973305.11662926],[256811.923185207,5973229.75712443],[257034.4665354041,5972435.33176827],[256342.70690974698,5972421.537747585],[256082.43409558304,5971904.59331062],[256154.44630176201,5971752.45000034],[256478.644306124,5971634.2004773],[256566.13535908802,5971174.85781092],[256496.93614133308,5969747.22164776],[256226.295410668,5969911.5365111],[255719.289755699,5969171.742909434],[255553.57439759304,5968513.093437335],[255990.086032458,5968334.2189209],[255952.85983027704,5968049.596653906],[256695.2562293762,5968177.586493855],[256921.23673875805,5967354.189002725],[256979.48868585099,5966763.72089242],[256993.8136699549,5966231.666566474],[257168.80431394908,5965772.46592763],[257190.96345344593,5965583.00441579],[257394.84033192496,5964825.19122495],[257416.721134615,5964358.698883316],[257555.501915053,5963870.3776106],[257599.02522864705,5963695.400985344],[257569.92928808695,5963527.59972701],[257578.47417292697,5963325.75587004],[257530.87481963402,5963263.61957672],[257255.100145053,5963439.854073584],[257167.49576143513,5963671.442070666],[256488.81354787503,5963706.69760918],[256164.05581111205,5963564.75390544],[255820.76129452302,5963666.15009439],[255536.502029319,5963665.97431039],[255660.21110924298,5963491.30287492],[255660.12151588895,5963112.21842878],[255674.96994226967,5962638.46706063],[255818.891640449,5962099.33731488],[255292.29487258405,5962126.05791925],[254904.72592676635,5963391.36057955],[253770.61144633207,5962947.790773556],[253743.51963673905,5963107.4608738255],[253627.04304309096,5963317.904044635],[253525.00557109097,5963469.44965049],[253473.78120692098,5963666.04564393],[253451.9017906281,5963957.4910442],[253145.800064973,5964052.41318531],[252825.068865031,5963797.257902974],[252715.964743511,5963935.96006447],[252701.323529987,5964343.9748327],[252664.97130483,5964591.86556003],[252360.263196573,5964575.62055556],[252118.18916915508,5964533.56447004],[252001.21938975295,5964874.33297124],[251920.39884159097,5965095.788472394],[251799.904050651,5965219.819236144],[251498.3909821289,5965016.96831919],[251255.56753159803,5964775.545667255],[250939.22065899702,5964656.51350271],[250430.18285034504,5964664.536847846],[249978.55586993194,5964999.906710325],[250063.891640449,5965119.83731488],[249717.35758701002,5965406.28955876],[249615.59492574498,5965356.6438817],[249012.96666300402,5965664.361226634],[248922.38449403096,5966029.01347292],[248668.33564824308,5966103.15080534],[248795.25985230296,5966491.949993775],[248721.15235635103,5966854.76350171],[248614.76792737702,5967431.836810105],[248441.38784561097,5967431.149608016],[248307.29750939587,5967383.777671624],[248161.23555593903,5967216.04341797],[247767.3140790161,5966990.45286456],[247780.40097450104,5966643.96112847],[247389.46246575005,5966502.27261066],[247394.40142412297,5966263.704967515],[247334.346692511,5965761.74506702],[247243.013296897,5965431.47491953],[247038.68425369298,5965174.95292805],[246888.85742077196,5965019.166540914],[246695.72318817093,5964752.1661665],[246242.53274914797,5964697.04934239],[246058.860732564,5964322.88265361],[245856.20334811823,5963806.400264465],[245757.01616461203,5963337.32745419],[245522.981141784,5963214.5291616],[245329.6088850731,5963130.852109785],[245225.82815931702,5962849.3212188],[245206.501390883,5962718.66717307],[245190.412851164,5962580.39670352],[245107.22283154202,5962573.528393405],[244667.61367925,5962492.064086314],[244382.27334638708,5962372.955620876],[244022.51993270835,5962314.98431549],[243731.95284802804,5962085.614623681],[242567.91236751503,5962859.59202582],[242424.07334585302,5962566.10338921],[242041.363457012,5961994.8876213245],[242067.084750831,5961578.98373815],[241818.646208453,5961382.08100688],[241515.2575150471,5961085.82478933],[240955.14041845198,5960813.65105611],[241144.9835378264,5960469.33268872],[241174.12895661697,5960166.09679572],[241394.0871381,5959843.47501678],[241591.61330325098,5959358.02206921],[241039.36479734402,5959231.4768471],[240717.91623881506,5958923.48627235],[240138.05725685612,5958579.53929978],[240102.06986614398,5958163.031642485],[240286.2222450811,5957910.1490175],[240131.237014935,5957465.646371834],[239788.21347866405,5957407.19151032],[239503.16502738697,5957335.74365262],[239281.77347720996,5957335.72811236],[239046.57126777002,5957428.58456748],[238893.83623848308,5957594.84921655],[238115.56535835797,5957329.5473252],[237966.879416138,5957430.09499224],[237661.975191753,5957520.04497835],[237506.62440659094,5957642.380654944],[237415.11539344199,5957879.37915774],[237286.31374740996,5957901.63782976],[237071.679636474,5958006.09469397],[237028.94287833094,5958234.13630741],[237107.33095756895,5958426.542853015],[237085.96917863004,5958590.533616775],[237243.00627211202,5958818.79647349],[237242.91698865197,5959018.65169492],[237242.9004652711,5959232.39821114],[237185.63414996234,5959681.693648895],[237126.34930960904,5960033.85174101],[237214.25012443494,5960216.44075623],[237385.40744909004,5960337.467791574],[237342.654964565,5960473.16280936],[237285.662629792,5960579.97926765],[237150.06033041002,5960736.923367316],[236425.42249022902,5960827.68054975],[235581.375651313,5960736.93853877],[235046.56865538296,5960694.04442854],[234982.70886416902,5960501.51029639],[234896.87041189906,5960273.249171664],[234782.79716185003,5960088.169900255],[234604.75839019212,5959924.136413256],[234249.55792296794,5959805.089621315],[234155.29217407602,5959624.70014911],[234059.46877259493,5959573.514131795],[233889.28119441995,5959540.41925587],[233855.861268442,5959439.08185315],[233675.606494774,5959395.85404877],[233463.855098704,5959268.16679063],[233254.92155975406,5959083.374552735]]]}},{"type":"Feature","properties":{"fid_1":"1532","symkey":"370","symtype":"14","text":"Ludwigslust-Parchim V","WkNr":"32","Nummer":"32","Wahlkreisnummer":"32","Wahlkreisname":"Ludwigslust-Parchim V"},"geometry":{"type":"MultiPolygon","coordinates":[[[[280391.57093668263,5965716.434359342],[280741.31468588114,5965578.75758736],[281256.39925133344,5965606.470473107],[281635.56728936173,5965606.305040272],[281825.0335486848,5965609.19452396],[282096.9333946649,5965515.64206283],[281969.41079293285,5965044.560196662],[282091.42484638374,5964978.25867698],[282186.1345319012,5965075.28830074],[282240.2680608444,5964909.562083505],[282291.9825440198,5964756.45941125],[282299.2795763733,5964641.159802834],[282287.90338522755,5964566.261823725],[282244.7781628324,5964456.2026228625],[282219.37741146423,5964417.964505479],[282177.9308665069,5964390.249977171],[282147.50197817944,5964392.815665225],[282093.47982772253,5964421.722537413],[282034.2357544182,5964465.821316058],[281968.27203783114,5964510.905688014],[281919.5265944563,5964547.632813552],[281857.7177992547,5964597.0745503325],[281840.20965591446,5964611.445612114],[281794.01377732307,5964663.843162643],[281730.4519663127,5964756.122405602],[281649.72431845404,5964879.622031722],[281591.3269415563,5964940.8506925125],[281486.33198744245,5965043.420384653],[281278.48057422694,5965277.6076217685],[281106.4339353228,5965245.494065987],[280859.0602338994,5965425.004690591],[280648.74979131203,5965484.145562567],[280404.8076845128,5965465.154538266],[280391.57093668263,5965716.434359342]]],[[[284036.7226514444,5965660.023448391],[284164.98435673956,5965629.519392028],[284264.5157539118,5965807.397513159],[284538.515464114,5965642.506428165],[284345.42329885066,5965195.1390411295],[284621.51315399166,5965054.305768542],[284339.20337212365,5964691.041635903],[284492.512111322,5964377.799434239],[284761.29394147545,5964138.467961621],[284961.4498700006,5964120.49344421],[285131.7834219029,5964119.960564701],[285249.85654427763,5964369.41766103],[285488.0722590769,5964371.601840008],[285916.8860054789,5964303.441787688],[285898.8333120998,5963787.772685681],[286017.37859599385,5963653.836416332],[286273.38454351574,5963691.577555852],[286437.20697659254,5963766.231054578],[286717.82252616994,5963753.70590467],[286792.6272815289,5963713.11793305],[286752.41389385983,5963653.77653051],[286601.9693635395,5963638.487588577],[286623.47954768315,5963517.099439317],[286736.08582144603,5963478.540572245],[286765.447678498,5963430.799685998],[286700.12944062613,5963382.4145017415],[286517.1121436842,5963398.206089243],[286303.51819958724,5963308.8890932],[286097.7022606246,5963174.404211573],[286058.45877190866,5962781.370193621],[285954.442815762,5962744.48846323],[285997.80524226837,5962659.455376653],[286063.30420835596,5962612.097974282],[286179.36838710774,5962703.06473404],[286492.69091260526,5962758.95205394],[286689.5625048848,5962841.918071041],[286745.6291393852,5962716.849327473],[286638.5782210883,5962617.028067682],[286620.21829225123,5962521.7585644685],[286742.8978924565,5962328.065516422],[286847.58546230383,5962356.528857049],[286951.2679860061,5962506.073150553],[287258.07443853,5962413.87935365],[287616.62072558794,5962743.200874511],[287659.5805987809,5962788.236897482],[287894.7512873076,5962697.37528397],[288149.993073388,5962693.488224149],[288355.2729335474,5962550.950806364],[288603.2912383042,5962618.57531921],[288720.19603573624,5962685.29671053],[288969.1388495229,5962786.665746642],[289246.5838467814,5962596.873941265],[289450.1913607484,5962338.8514359],[289650.67865566164,5962299.076864101],[289785.6103436649,5962256.086247673],[289931.46905811597,5962371.06865566],[290097.8462572433,5962136.12174128],[290377.01791069005,5962164.634283936],[290532.53113159444,5962082.89891533],[290717.25116712414,5961907.087648293],[290883.0936189201,5961813.999515792],[291095.95131990593,5961970.41501523],[291739.2493104767,5961953.465220071],[291865.8086683769,5961809.95828901],[291926.9850929957,5961635.212022752],[292002.13995883707,5961451.736022163],[291999.6128977891,5961228.938493086],[291824.10634191893,5960916.623329595],[291572.9762265356,5960573.195761446],[291759.4575765515,5960347.786508992],[292600.322772244,5960042.501275297],[293575.5727002509,5959574.180255145],[293707.2728656726,5959835.758413201],[293817.9886904489,5959782.608245181],[294137.2425465118,5959440.252835732],[294278.24671959504,5959172.912844259],[294306.9381739311,5958997.794481011],[294452.3279016558,5958721.055527022],[295846.8878966132,5958168.316909609],[295824.34904645104,5958640.136899881],[296629.4642582508,5959037.525164552],[297011.52419126965,5958882.344672421],[297293.51422635093,5958834.23447076],[297480.56259723566,5958882.485239793],[297712.9871371044,5959119.765934981],[297953.15990034863,5959256.71127156],[299453.8915655706,5958671.237101171],[299867.3002816262,5958940.7229387015],[300086.82280324027,5958980.579297984],[300391.17142409366,5959028.2367159035],[300651.7777478071,5959162.720120082],[300896.2255024649,5959207.219614299],[301031.7922846973,5959149.458913188],[301358.27397548314,5958814.097469322],[301579.701847055,5958707.548644813],[301875.43285416067,5958326.706234058],[301936.77577832714,5958237.312061571],[301264.21578612085,5957739.241018562],[300466.0894342428,5957653.933921473],[300476.08943903074,5957365.383821843],[300502.3200478079,5957110.693504199],[301268.43804269563,5957244.03366415],[301804.5424459949,5957473.953944942],[302124.90174042434,5957370.976158258],[302155.95300398767,5956848.53610605],[302505.4204977276,5956841.761809764],[302445.4066077536,5956400.095435211],[302543.9722363241,5955911.96030518],[302695.37000074424,5956026.577095203],[302842.43118805904,5956021.570646692],[302941.7496362757,5955903.312743617],[303006.9870554581,5955737.239834491],[303155.61878416035,5955612.167793712],[303461.99733435176,5955639.486570751],[303448.1413191594,5955915.38101322],[303343.6618051389,5956156.818600848],[303396.75137112476,5956269.552882429],[303625.57457656413,5956164.464460062],[303759.26010544505,5956063.636161521],[303982.6106151249,5956019.559434049],[304101.95041973516,5955998.636846196],[304271.793767401,5955862.3775686715],[304372.0945730265,5955695.43070896],[304446.84725699294,5955423.74991457],[304593.7012700699,5955392.534747483],[304480.0110716345,5955102.150044199],[303940.35695887916,5955268.084905129],[303815.0203337269,5954961.512316432],[304136.2409338346,5954481.095987361],[304159.53063951805,5954207.560275022],[303695.92104053404,5953383.268827936],[303903.3857795913,5952960.850095661],[304259.25544168614,5952535.178598525],[304433.07058459613,5951779.969217161],[304722.32931710966,5951657.762833962],[304760.642545606,5951369.302935312],[305092.480148891,5951658.37831261],[305257.4965745276,5951406.862095641],[305170.9011114333,5951102.858651832],[305300.78239777684,5950850.912570221],[305144.5797192147,5950408.30208227],[306368.68444658816,5949843.720148163],[306333.88378857635,5949593.44537146],[306453.04538673814,5949428.18115955],[306467.8672499545,5948993.897194425],[306713.3351062322,5949157.3779453],[306916.2345606517,5948917.921015931],[307032.4679717049,5948413.60080448],[307575.3139800383,5948020.98052795],[307686.7402364407,5947784.899738291],[307979.857778077,5947704.075511033],[308029.182039381,5947906.593916031],[308504.7674027812,5948002.618935021],[308718.87772857863,5947882.498042405],[308801.5141319921,5947625.962799702],[309661.39336395636,5948166.711478163],[310210.6363834264,5947778.016330177],[310816.35834545735,5946882.16154865],[311081.98042835575,5946767.785788335],[312185.84661658574,5946752.289793925],[312847.0900337277,5947174.000018312],[314049.6705031656,5947377.046889961],[314825.79538893513,5947382.346571641],[314784.6958875321,5947010.021660998],[314996.64172219206,5945197.311365055],[315737.0678514857,5943867.443073854],[315372.63733803574,5942983.815254182],[315849.9748434657,5942475.183952877],[316535.15655270405,5942291.624268053],[316337.7110116761,5941997.957056293],[316484.74486505054,5941624.830720283],[316315.29631061293,5941409.84309216],[316541.5338831283,5940979.7566016],[316530.0769395847,5940787.581120782],[316269.7752657924,5940459.438586263],[316808.007980695,5940341.414213678],[316541.5856640823,5939124.522474201],[316699.8069652822,5939011.484293759],[317005.21721559763,5939147.30998395],[317945.9069196144,5938692.95172972],[318000.62084131595,5938242.035028782],[317299.2667160798,5937834.805486361],[317016.42652340885,5937438.956276447],[316552.6683051428,5936760.031825971],[316444.5920103388,5935821.1188746225],[315890.473773933,5935120.64657112],[315556.83431302477,5934927.480731159],[314652.11039481964,5934587.8688551],[314336.3775978349,5934523.12888274],[313950.5289578987,5934440.65873996],[313548.457471299,5934217.496036503],[313317.039908533,5934248.512495667],[313022.65074731223,5934802.79016627],[312989.04387090076,5935175.998017207],[313215.15687613096,5935628.747631133],[312593.0932674557,5935990.714532772],[311981.90051428135,5936013.190475039],[311687.9930297453,5935628.773120558],[311848.720917128,5935347.948613461],[311597.40552692395,5935074.231864443],[311314.4288269188,5934859.342808532],[310628.4020567937,5935150.325287554],[309940.9102321509,5935024.602988891],[309663.83438583184,5935389.739257492],[310061.5487724133,5935796.847306872],[309945.8298049178,5936047.16971218],[309821.27446102817,5936330.113109887],[309696.75574248563,5936861.755199673],[309487.56813403126,5936930.579608846],[308905.218542953,5936726.144500408],[308532.01137595903,5936443.133727817],[308271.652792749,5936443.315413661],[307864.38911298197,5935866.551059492],[307519.7286132369,5935022.580060359],[307222.2406714065,5934586.453775622],[307153.9942216184,5934100.507641671],[306978.51803124975,5934033.888938094],[306450.2661986472,5935232.649647282],[306108.8352378262,5935809.638487954],[305844.5523766475,5935927.702852963],[305684.9909848776,5936128.905890357],[305661.4312840579,5936492.202003052],[305811.41703115497,5936639.296872672],[305675.5223588478,5936687.578733012],[305621.86797069665,5936812.781644855],[305293.22907079477,5936744.465477401],[304993.01978903543,5937073.978758493],[304857.5568244392,5936933.675404904],[304606.2970656613,5937099.437659372],[304621.5224133255,5936191.695651751],[304482.11628319323,5935957.004674992],[304832.5218403358,5935741.991186149],[304761.37008494977,5935101.07082128],[303844.7923847232,5935233.159339873],[303622.1508121798,5935869.6431820225],[303147.02977391146,5936224.497593651],[302058.26265418157,5936194.331335582],[301952.43743805494,5936671.433891211],[301486.12650751136,5936628.823297862],[300807.8330484936,5936311.251771113],[300700.58830353897,5936090.190128069],[300610.39702193346,5935964.767461777],[300468.8072068142,5935866.064061271],[300360.44076464884,5935877.455194915],[300203.17619212065,5935987.021860596],[300085.80908697005,5936120.202607887],[300108.56200727634,5936364.229566796],[300239.0601762552,5936547.36443745],[300361.19049896207,5936577.6205818895],[300585.4171768902,5936555.065888874],[300246.30693989154,5937042.242023336],[300087.43154907785,5936586.639270989],[299737.6875351509,5936364.227577411],[299822.3442124473,5936152.10139182],[299864.54407132696,5935867.256702231],[299811.8457235703,5935516.3746847715],[299563.57739122305,5935465.444822898],[299430.4152835086,5936109.755770877],[299226.0525783552,5936229.340748461],[298953.64069424756,5936469.831228124],[298826.2049128851,5937010.519582253],[298661.38873082865,5937187.550505383],[298339.5825175354,5937291.844913593],[297703.88808406517,5937995.849848993],[297550.6341123013,5938041.0394061],[297258.162542372,5938070.0958535],[297067.2128705727,5938292.69492927],[296781.12282963935,5939119.285528459],[296370.3269940773,5939125.228697313],[295583.8680788744,5939119.51968893],[294746.54539279453,5938462.468917534],[294458.2588300258,5938589.591709107],[293972.9975863993,5938727.331815962],[293506.84653798956,5939267.8078499865],[293146.5773912212,5939839.944822898],[293135.8054920472,5940157.789990056],[293665.5363138616,5940676.8910806775],[293803.34623132925,5940846.535954129],[294026.1899521239,5941090.2482419815],[294213.25729375985,5941398.553381661],[294356.58709879406,5941705.728929171],[294428.47572293226,5942001.683405649],[294409.15304095484,5942099.881750707],[294269.6742991479,5942414.833842142],[294322.45676185284,5942902.539136173],[294322.69954185095,5943177.8731862325],[294407.3906151708,5943474.79760425],[294722.27619664837,5943693.0771302655],[294066.3406634033,5944785.038970169],[293792.76292698923,5945037.298431581],[293410.64027258195,5945437.428614458],[293191.7549170954,5945705.660497464],[292351.23604458757,5944814.918044459],[292244.85328092333,5944624.112744743],[292055.6363765588,5944136.54638222],[291328.52838406805,5944153.457082942],[291162.22186909243,5944547.3261994105],[290823.4946786538,5944536.3680926915],[290805.54184856266,5944359.725665962],[290962.52451583184,5944317.330260852],[291075.59218639415,5944118.369748624],[290996.3521138141,5944035.456153121],[290943.62403883226,5943883.717311103],[290489.288097078,5943852.283943921],[290810.35162596963,5943047.814073179],[290783.5353963943,5942573.320775598],[290317.31416170206,5942584.243835051],[290374.86246916186,5941278.488190021],[290529.05077459663,5941217.171182113],[290878.81180394813,5940888.816080635],[291249.79999514204,5940909.960348813],[291779.69424621295,5940602.351663012],[291917.37143825553,5940401.215824008],[291673.613554989,5940263.450235624],[291387.6369933691,5940168.1257401295],[290772.92904816475,5940263.364981109],[290190.0950728273,5940178.611661831],[289628.311478707,5940348.459354594],[289215.1980120335,5940252.846401252],[288854.87816204503,5940528.55193904],[288144.8515734123,5940486.10116769],[287962.9323939737,5940583.253673194],[287837.08768422995,5940668.697640384],[287408.32739122026,5940742.194822898],[286290.36174567975,5938144.003567919],[287053.6294935318,5937677.750840485],[286714.37393623684,5937487.00775099],[286809.90187824704,5937243.198701182],[287074.56996609364,5937275.2912831735],[288250.7711148979,5936936.014898613],[288547.6794167794,5936713.412092464],[288844.3418929232,5936353.240805009],[288929.07778098807,5936141.080110952],[288876.01816924475,5935473.658482771],[289151.463435865,5935431.411458772],[289321.3083113786,5934753.136692869],[289024.6723456178,5934763.66971018],[288526.04972552974,5934757.877017319],[286753.14817301,5934738.494900679],[285318.9996410273,5934393.49110393],[284756.86698327214,5933517.007354807],[284447.7973319609,5932832.975234071],[284337.65438354574,5932744.634412449],[284263.27740798425,5932701.441194413],[284183.1528018499,5932678.528931232],[284098.3033383433,5932712.217039892],[283947.2727013016,5932797.65539928],[283736.1347503532,5932876.93713709],[283515.2408672869,5932910.130720422],[283211.850282195,5932739.070274182],[283090.6659824215,5932865.943892311],[282831.3702700129,5932993.014608143],[282706.08908386994,5933087.88349054],[282577.28134356625,5933196.949746847],[282461.53018116485,5933351.37292272],[282345.73281949945,5933621.956969289],[282213.28809220996,5933677.188598266],[282080.74342126213,5933693.799478013],[281887.791907887,5933665.948855981],[281617.3557916805,5933445.424021583],[281518.0306386817,5933550.269418914],[281524.9158707196,5933854.338439267],[281374.5585018024,5933980.457287462],[281192.5304074995,5934107.50761239],[281200.8085018033,5934161.707287462],[281187.0304074986,5934275.757612394],[280986.10845202114,5934417.606097784],[281022.4252209505,5934540.663624149],[281086.97321881726,5934607.700763844],[281065.39453182556,5934719.507684981],[281031.1260284083,5934812.512965329],[281010.6169959055,5934855.506477473],[280839.45948421024,5934989.824127801],[280808.43473239895,5935054.4603728],[280712.4025712963,5935216.423350843],[280486.2045702059,5935288.115280053],[280363.10459627956,5935345.450101612],[280309.51673557423,5935382.28918365],[280225.4040562343,5935485.1010012515],[280122.0515891146,5935630.500615543],[279879.3768852325,5936165.45919775],[279912.54874951765,5937031.796054972],[279746.70898516104,5937031.783573503],[279471.1058574328,5936827.588225678],[279150.2458320176,5936628.8996255305],[278693.6459416421,5936601.192273136],[278688.1802184731,5936264.74150938],[278713.4260174064,5935812.42610357],[278735.08913540933,5935506.694400281],[278791.0914603835,5935154.77556788],[278903.3704573428,5934764.222128743],[278715.83013874013,5934730.855612099],[277077.1548164282,5934124.307940705],[276977.84667515475,5933776.568807611],[276828.9157016054,5933666.186196469],[276398.3693052074,5932038.4008308705],[276596.98960004654,5931939.245123189],[277005.3213118892,5931768.220846558],[276828.8479080349,5931608.2501334995],[277209.65855866857,5931067.550093789],[276657.6034454247,5930708.825762425],[276602.3418286033,5930322.818243502],[276801.4476804463,5929401.38624819],[276329.34746702015,5929131.962756749],[274851.0096498793,5929517.612288024],[274555.4561654767,5929914.45521782],[274332.5169679476,5930165.425392982],[273397.32723830733,5931216.436080232],[272972.0773912212,5931751.694822906],[271543.2752637034,5930692.430556463],[271419.3358292412,5930727.349060608],[271305.1365185715,5930784.076642163],[271112.71752838325,5930527.00716152],[270986.27943442296,5930278.615635788],[270616.215647473,5929831.602280624],[270837.1108816732,5929826.095362302],[270820.67346618697,5929572.336370382],[271046.55258865654,5929544.823945107],[271209.96640159003,5929087.156769631],[271336.3765747594,5928898.427467054],[271345.55506176595,5928853.328904141],[271344.6122256713,5928827.5846912],[271303.9293177966,5928693.186631652],[271074.2232224047,5928286.842993243],[270776.652743279,5927707.646897983],[270655.0765428608,5927520.159196591],[269733.544222177,5927641.507353993],[269341.7769563198,5927652.55815536],[268293.6883598212,5927641.402542071],[268177.79565215856,5928204.110616932],[267696.0156237334,5928351.897722501],[267512.75697137415,5928132.944788201],[265635.190146531,5928649.02532508],[266031.13656659424,5929332.549172651],[266141.8112191837,5929739.602754656],[266124.2622178048,5930273.3075536005],[266029.34507679567,5930914.821228094],[265818.0773912221,5931006.4448229],[265713.55570715014,5931207.3752054125],[266027.7164368266,5931521.870566741],[267038.90935247764,5931443.435368225],[266704.7678315146,5932430.28837844],[267163.43352210894,5932630.90583935],[267104.648508003,5932798.846036805],[266390.2242028946,5933094.079442721],[265871.9265908282,5936060.555542005],[265848.7320333179,5937374.125392197],[265739.71393898595,5938385.075932281],[265591.6204367699,5939471.792774042],[266080.0672325017,5939551.8046499025],[265940.86966379173,5939974.325162681],[267119.5614706129,5940131.763576252],[266959.8535553152,5940463.457102636],[265080.2665295992,5941493.633632004],[264972.08298754506,5941881.746180095],[266546.6392932655,5942486.739246817],[266735.4304199945,5942960.986988679],[267250.6056377804,5942856.17762259],[267094.12491094787,5942312.228679271],[267513.97946344037,5942515.897311734],[267818.1040114118,5944113.617855659],[267964.197790212,5944286.695080552],[268178.73832660913,5944312.964468021],[268202.7616795283,5944355.716712374],[268231.44453672133,5944460.52776237],[268233.1988335876,5944605.690701803],[268213.2151867533,5944683.051364044],[268102.88159897365,5944990.41269684],[268214.42228074744,5945237.776348006],[268440.70367297437,5945006.54971147],[268808.5709527014,5945360.5483939815],[268818.19103938714,5945544.207886951],[268600.84087736625,5945953.545505231],[268747.46364435926,5946266.894564152],[268839.24091887195,5947103.337630099],[268569.8383498229,5947795.956678636],[267593.5236801291,5948623.471904868],[267676.88234415464,5949809.78301838],[267578.7182122972,5950136.598551592],[267764.24347660877,5950516.113188382],[267696.6780382106,5951420.999487024],[267818.9082786292,5951781.72852898],[267835.1206404548,5952236.143517362],[267545.6268546013,5952841.887820233],[267550.01040016115,5953281.355953891],[267175.99910285324,5953988.51529903],[266894.07599215675,5954081.431173097],[266444.6055359598,5953564.524966551],[266141.41092220414,5953431.005890457],[265786.6419537496,5953427.762201175],[265558.1704756161,5953893.033453161],[265613.7064697752,5953893.09135746],[265696.5020241728,5953892.945852162],[265841.04614124727,5953877.3815269545],[265963.8297670698,5953982.01343572],[266169.1985175321,5953933.189953189],[266307.06086045597,5954026.926148994],[266406.317536653,5954199.621308599],[266222.9861871386,5954294.043475883],[266114.0952585414,5954432.351349762],[265963.4554645354,5954567.390165161],[265772.72218590137,5954884.624721285],[265610.2700006841,5955133.742769085],[265753.7076389808,5955232.384106031],[265925.07814084925,5955101.831667652],[266124.6370137818,5955322.934247529],[266237.7128835898,5955298.042888552],[266316.4966342617,5955481.631808342],[266501.7993262522,5955599.4877834525],[266750.93246227317,5955611.626411369],[266939.31101030763,5955221.75102978],[266947.1938828537,5955050.062884072],[267067.56239542924,5954601.038864721],[267251.1546316873,5954511.821701681],[267690.0735702319,5954625.952880967],[268041.5550602032,5955053.5572852995],[267953.78871143796,5955357.244453331],[268022.48280902486,5955836.66813883],[268070.46176731866,5956171.303267201],[268153.2462496273,5956468.889147973],[268332.1980920397,5956851.202563737],[268438.655671305,5957080.247074731],[268566.9845557343,5957345.174738837],[268804.2997457711,5957611.355497291],[268883.33730791137,5957950.231759863],[268847.4422955122,5958193.241077179],[268967.9190435121,5958294.234292563],[269101.5061556585,5958999.3344372995],[269144.61483023316,5959054.520159163],[269234.8093589246,5959558.924520258],[269299.99688985944,5959639.70819298],[269290.57759151235,5960106.027104242],[269278.2464986546,5960349.889296589],[269216.88631629944,5960517.70010812],[269137.9289550157,5960629.217149558],[269162.6560499519,5960747.36677864],[269145.35029270314,5960991.429171372],[269029.1408624733,5961223.3849717565],[269050.68908475526,5961360.215109572],[269050.36151980795,5961393.747074932],[269027.74976476,5961469.584209861],[268936.5701184189,5961687.656209648],[268832.7357228212,5961829.612717545],[268813.30297929887,5962018.169106392],[268755.6860084655,5962144.511289263],[268681.4281764515,5962245.670010516],[268822.3603837285,5962277.010686178],[268796.62494624406,5962428.003027901],[268725.9790240228,5962482.256748272],[268637.052822398,5962459.682554701],[268591.74488847144,5962492.207092628],[268606.2163801389,5962605.520324111],[268759.01845420897,5962682.97410813],[268732.20766851306,5962803.235258432],[268686.3690831624,5962830.573464502],[268645.12073249556,5963132.58007038],[268654.6510313805,5963251.145139763],[268831.667200868,5963426.400729105],[269022.4740887126,5963699.382584652],[269155.33271290734,5963798.237192081],[269244.8334573824,5963691.571623873],[269328.782458215,5963574.681574499],[269519.99035674985,5963563.005354974],[269680.7421454247,5963567.407459214],[269832.6673817439,5963619.250565918],[270083.3404815756,5963532.75202149],[270254.9003007021,5963557.733939759],[270413.33045815304,5963635.204145262],[270539.511135987,5963837.82468839],[270755.0629047109,5964064.315363813],[270919.26337840036,5964361.787466224],[271125.24287339207,5964468.48261998],[271083.23295365926,5964274.0769628715],[270980.317927056,5964153.943504287],[270919.13809828553,5964010.9280281905],[270833.22332633566,5963796.368787013],[270776.42004473694,5963653.619190613],[270987.54235479236,5963423.3705301825],[271158.122777693,5963319.323100179],[271262.5994431963,5963341.202872094],[271357.45841049496,5963389.910223499],[271402.4809424691,5963346.912608622],[271080.9266400747,5963031.7793331295],[270819.75706591085,5962668.202966765],[270747.5894923378,5962535.842444958],[270757.0747973891,5962509.69422227],[270788.33846693113,5962513.65385399],[271151.8587304661,5962673.27999418],[271210.0083448328,5962871.792512771],[271736.6199660953,5963117.732097471],[272262.21908707544,5963342.554278502],[272486.331628331,5962941.28545518],[272674.09503053315,5962831.151878132],[272775.91791252047,5962630.68327038],[273250.8903667368,5962813.009714341],[273791.24815553427,5963030.456187664],[274112.24375511706,5963074.757852962],[274341.361571623,5962974.6965271905],[274553.3196331039,5963112.105976848],[274635.844164785,5963104.215211924],[274663.56418798957,5963009.938158441],[274485.3200625451,5962948.884131186],[274337.58118121885,5962865.999962339],[274320.12242100947,5962669.8254082035],[274419.7783180829,5962557.525371235],[274667.75195277855,5962688.713952567],[274889.2849767171,5962504.735537672],[274997.8484414406,5962298.943333702],[275224.0496330848,5962296.307286542],[275524.0419374462,5962290.827441733],[275962.0899191983,5962273.077129893],[276280.280207417,5962052.53700644],[276515.54584412,5962227.9391512405],[276832.04944574926,5962229.634770777],[277365.86936185136,5962242.217141522],[277659.18399798963,5962190.50286404],[277989.1822352037,5962593.2325456925],[278437.2291993676,5963556.304742694],[278548.448055055,5963624.957336534],[278562.0178641211,5963862.628165161],[278597.25757639017,5963980.558612116],[279175.9841490267,5963874.958738774],[279482.1614183476,5963814.982189842],[279496.1262331577,5963668.047985623],[279287.6167995017,5963578.28958904],[279191.07755175326,5963373.0071287025],[279195.3927100012,5963167.31746372],[279243.8957635723,5962694.85641038],[279483.15796962194,5962517.352983436],[279644.92993049696,5962395.336564146],[279684.56852268055,5962047.017757628],[279870.05642520264,5961874.91937167],[279963.8535980787,5961924.669651672],[279977.1028741654,5961938.7149065025],[280011.75390108116,5961971.02289829],[280061.75789278094,5962020.304368578],[280094.77228272054,5962070.180340325],[280118.70707915165,5962139.385654569],[280132.38435006794,5962215.7040321715],[280139.4891361017,5962306.307642581],[280132.98271612916,5962375.781019777],[280106.294552749,5962513.333607499],[280083.887407409,5962705.490698863],[280141.76792653464,5962865.816155985],[280286.43940458726,5963025.866615649],[280317.91062776186,5963178.304838728],[280282.9057016736,5963394.94401226],[280154.42821274325,5963496.216383001],[280014.8299434241,5963495.848003171],[279957.2912128987,5963597.40409131],[280024.171991298,5963619.8471509125],[280233.9456151286,5963674.044376342],[280518.50610944256,5963687.02557235],[280557.05935530737,5963745.643539222],[280559.82900397666,5963968.970158229],[280533.7527859034,5964160.904534344],[280410.96817929205,5964399.817001801],[280448.836366741,5964545.830451477],[280509.1901041828,5964712.804260172],[280765.21904483903,5964751.909282923],[280968.8016359564,5964834.858395973],[281156.71945653856,5964951.617811594],[281283.1722618649,5965002.22624841],[281515.40329419635,5964795.187718624],[281597.23470538855,5964766.537474215],[281687.89229416754,5964690.820804331],[281707.8301547663,5964524.271692315],[282126.4141660258,5964198.816145852],[282130.44710787944,5964054.08841702],[282135.4814320551,5963782.750866491],[282239.41054519266,5963878.935430119],[282399.99177251756,5963837.646352405],[282415.50391245633,5963838.52801409],[282417.3660516869,5963848.045122683],[282431.83924555127,5963990.933663854],[282286.33322868124,5964197.738461979],[282423.7352898661,5964411.096819069],[282557.7864088118,5964546.245186899],[282438.7323958399,5964840.577648871],[282380.3327492336,5965171.229193913],[282565.4496741742,5965203.844927324],[282644.7087474959,5965097.635657953],[282842.914597868,5965133.112099353],[282965.2855263259,5965200.004738333],[283049.53243045136,5965269.860994255],[283156.2562081674,5965364.372271817],[283244.5758028859,5965366.518561721],[283370.34464689996,5965419.15264619],[283459.2389750695,5965586.968857102],[283694.2873675246,5966074.442246772],[284116.5258377427,5965874.613933863],[284081.9253345318,5965772.261331657],[284036.7226514444,5965660.023448391]]]]}},{"type":"Feature","properties":{"fid_1":"1533","symkey":"353","symtype":"14","text":"Ludwigslust-Parchim I","WkNr":"17","Nummer":"17","Wahlkreisnummer":"17","Wahlkreisname":"Ludwigslust-Parchim I"},"geometry":{"type":"Polygon","coordinates":[[[237069.444625978,5918040.12355345],[237504.8831935682,5918173.72769394],[237767.48214856302,5918248.01028662],[237986.26274029305,5918261.947487597],[238250.11369473801,5918260.21938502],[238776.5821962381,5918232.653556833],[239028.138966005,5918149.373365778],[239665.20647305902,5917961.6469306],[240207.09108743002,5918112.177798538],[240372.886702804,5917826.20654284],[240538.23655697703,5917570.20338167],[240975.107453565,5917690.614676873],[241441.73621687002,5917524.93669429],[241803.47575246007,5917750.90688163],[242300.39874022407,5917901.41382925],[242053.686652279,5918977.56440769],[242340.54781248,5919269.23116455],[242562.443537838,5919192.41330679],[242985.762971433,5919010.02126989],[243194.161501428,5918693.88836417],[242993.605196685,5918100.389632107],[243371.32118940097,5918108.142860453],[243369.898945051,5918926.32142348],[243268.60317185405,5918984.16106224],[242985.90660241595,5919287.329806703],[243078.38419754198,5919333.57596375],[243548.61085816205,5919248.78904336],[243725.8451954471,5918801.80437091],[244573.90091052302,5918493.531611647],[244442.858005087,5918778.65628148],[244704.770774536,5918794.2759341],[244843.62318743393,5918424.17569388],[245077.63577032601,5918398.791098793],[245175.025680669,5917953.98937362],[245221.33847974287,5917745.564444137],[245159.601521915,5917545.50888595],[245236.5273245261,5917398.808312243],[245259.75710823294,5917252.42268357],[245159.666845212,5917059.54658352],[244853.944577849,5916745.852692377],[244460.688648541,5916594.62411669],[244870.067123111,5916519.78202144],[244897.66320705204,5916235.646503267],[244717.23063957802,5916054.57599486],[244907.03003997996,5914948.76387719],[244609.518960375,5914932.128290553],[244645.41215231305,5914563.39887998],[244959.810701699,5914574.07208909],[244777.61986279202,5913613.856098687],[243843.24496644596,5913869.68830069],[242607.507351169,5913620.00015281],[242809.39412198,5913413.06346136],[243703.11621308606,5913182.16816827],[244099.351689558,5912159.68613435],[244969.25593330094,5911920.118462867],[247589.10317185405,5911258.911062242],[247966.36593565607,5908267.823541013],[249387.83114645397,5907877.37512317],[249483.159656126,5908037.77155433],[249513.36870875803,5908384.0157428],[249661.07888571802,5908344.35509917],[249828.799786982,5908216.14066474],[250062.16293256904,5908232.510508947],[250658.66900640307,5907907.70161687],[250818.70426025498,5907655.70093726],[250849.8370441891,5907580.31609286],[251078.2076253901,5907546.873277763],[251124.578605059,5907871.78933585],[251409.0516749852,5907873.824307993],[251627.33689830406,5907705.561878458],[251805.45991226402,5907834.67535561],[251996.11808412196,5907721.946899817],[252550.7290811889,5908083.64261806],[252570.23657144106,5908155.00407701],[252652.21224731999,5908202.916638672],[252735.92196701304,5908174.41211744],[253744.753279472,5908579.63002258],[253970.682253508,5908413.97638909],[254433.919117612,5908792.46975617],[254550.466170237,5908834.66983939],[254707.285067814,5908782.604404017],[254670.85317185405,5908686.66106224],[254647.756998492,5908571.6403709],[254996.80853156804,5908540.73703608],[255079.30747655302,5908349.952251973],[255185.76647689205,5907947.11345583],[254880.853862728,5907924.12488456],[254959.435682241,5907745.32449781],[255146.27851874707,5907657.402226727],[255233.225345022,5907130.86653084],[255974.12127892696,5906784.209980197],[255942.695399213,5906399.920265483],[256143.21456994594,5906226.552781027],[256296.73193490598,5906058.106344758],[256442.966731866,5905870.37460732],[257571.256544929,5905284.404759283],[257913.515350939,5904966.95882354],[258560.51934278302,5904687.26622482],[258896.352460369,5904621.772291447],[259092.327391221,5904573.694822903],[259224.20428063208,5904517.650580972],[259384.36770322698,5904425.74650724],[259512.57739122096,5904348.444822897],[259351.331853566,5904082.05497652],[259601.02760559303,5903861.447465647],[260128.77299303113,5903873.525397283],[260225.651228655,5903832.62874123],[260197.21345925797,5903701.66329033],[260092.86595144903,5903558.91140351],[260349.34800382308,5903399.03839576],[259959.50951247907,5902873.854439847],[260100.391547675,5902507.697725657],[260206.86678981694,5902303.242184677],[260092.59306219907,5901998.63732383],[259969.10742644803,5901808.51044296],[259578.95263287495,5901694.272440217],[259807.22346111597,5901437.47702079],[259835.74923956505,5901266.15816877],[259778.93911783688,5901114.022523237],[259169.352333026,5900570.61110864],[258434.228741579,5900242.759901147],[258097.475328048,5900024.15552056],[258068.588663352,5900140.33489405],[257828.91250631306,5900107.593158003],[257764.42597324203,5899912.4911608575],[257805.5003279331,5899672.558563353],[258091.589517506,5899290.58026891],[258197.715417239,5899124.25905879],[258447.53496570804,5899360.59179436],[258722.84618382202,5899620.39432699],[259395.58074443217,5899518.196276222],[259778.91628572904,5899192.12797384],[259872.16550567496,5899032.799372487],[259993.54296852893,5898740.641670757],[260063.38912790403,5898384.48043484],[260079.799394876,5898145.250134002],[260088.87608331098,5897939.30840624],[260121.51320021506,5897691.52269782],[259739.63854656793,5896898.86036708],[259600.42965820403,5896673.58195267],[259665.140132559,5896169.76671453],[258650.76965408202,5896098.125658823],[258888.91845501505,5894436.55307314],[258938.991970003,5893939.08908981],[258800.631270724,5893512.819026953],[258710.73986122303,5893228.136357667],[258647.64769530098,5892678.4042970175],[258761.25657529,5892270.68289383],[259009.17361194803,5891511.81843431],[259070.3261675812,5891364.340857903],[259124.136367928,5891171.35077473],[258855.05941470305,5890952.11504836],[258632.712191228,5890731.23438886],[258395.37597839197,5890769.28818842],[258198.30627906788,5890849.2158643175],[258085.03831416206,5890736.08379312],[257773.816891386,5890685.17758963],[257607.08683330502,5890717.507889407],[257352.532050503,5890770.67795906],[257075.29436587205,5890875.672323653],[256949.826878879,5891129.46035928],[256783.780248311,5891188.282553903],[256458.15829810908,5891226.18043658],[256386.26040003402,5891367.78706668],[254851.82998722303,5891194.71259238],[254666.54262688605,5891297.508617207],[254457.768398599,5891393.3519959],[254438.68723894004,5891606.11697578],[254185.9846660921,5891712.00241562],[254053.69864464598,5891842.898929607],[253791.629262242,5891824.0521445675],[253617.21496647398,5891900.24335685],[253242.2314718631,5891722.20265793],[252948.04993611306,5891578.38136773],[252607.64956414502,5891651.80169327],[252316.222410732,5891651.727775257],[252053.646639321,5891696.92558723],[251812.45249234,5891695.5863967],[251702.76296205004,5891892.531969363],[251496.5991122881,5891984.53267216],[251305.17180844402,5892219.10459202],[251020.60684384697,5892215.0391295375],[250757.72266018,5892172.92482475],[250346.77125600702,5892303.364105],[250213.02525106003,5892368.839146723],[250040.31303601805,5892580.75396373],[249875.66695540398,5892837.404575457],[249734.26528297598,5893028.95053433],[249517.925037347,5893280.9021702],[249228.19135094702,5893644.73298023],[249030.43434258597,5893877.02594641],[248838.03209252295,5894076.61969998],[248582.99185509107,5894323.658181243],[248407.819394532,5894464.864165077],[248137.1030087641,5894635.16358227],[247884.071432463,5894753.316339303],[247592.544174204,5894879.5623787325],[247293.390004894,5894973.55596094],[247024.91209669295,5895021.70736963],[246832.49705471698,5895034.68774734],[246631.051116133,5894983.91240816],[246335.972425438,5894820.37247596],[246008.35243353609,5894471.59547464],[245676.72405862296,5894187.24611602],[245246.67349742423,5894028.66395385],[244847.50238981703,5894209.717883853],[244656.69258079003,5894641.14137512],[244567.06056708202,5895197.61237362],[244518.0420069861,5895636.57096325],[244395.971445132,5896007.57253743],[244190.614443794,5896388.09774781],[244652.87859014096,5896753.788370003],[244774.84842494898,5896915.631913027],[245002.92341369402,5897264.63860843],[245274.9274611011,5897446.25736718],[245397.76442890707,5897632.834396983],[245500.114550216,5898185.59753749],[245791.03062380292,5898665.232923327],[245743.78787383199,5898982.36904168],[245682.11229748803,5899156.833303203],[245581.249792894,5899320.21012535],[245437.00998954708,5899466.33243033],[244892.356840764,5899800.7988569],[244671.101987571,5899883.30931879],[243247.484826828,5900248.71595348],[242137.97436708503,5900568.63196281],[241993.407733023,5900633.71691357],[242112.85537225404,5900802.934915563],[242575.054099101,5901193.75513373],[242190.5104030131,5901356.525008122],[242002.21476824098,5901437.916560357],[242135.585397442,5901682.40565813],[241691.0800650661,5901797.476928483],[241318.9547331161,5901972.070272523],[240840.62473473803,5901935.25590489],[240271.82303802995,5902287.304234217],[239749.12486856198,5902770.35439272],[239113.57109095692,5903116.49429863],[238645.14466919802,5903691.99406957],[238506.6421318862,5903830.1721147],[238412.12551037304,5903924.284989803],[238307.94329513598,5904057.94130299],[238275.71250379703,5904324.70466375],[237976.141538813,5904542.80206685],[237861.65195663506,5905061.36419567],[237362.83521522908,5905519.06327108],[237151.00731350807,5906107.816836493],[236978.23420863505,5906869.315774573],[236801.48439068702,5907273.975420977],[236543.24271905504,5907723.00569381],[236408.89949458902,5908159.46736744],[236308.12678716902,5908354.09283847],[236115.35645977804,5908543.43143959],[235932.81787113904,5908782.2029888],[235787.51431763696,5909376.89220628],[235614.00849600602,5909881.010175537],[235410.5147621,5910228.859602],[235189.73408341198,5910568.20884057],[234826.852942304,5910871.310450187],[234305.3249763531,5910872.51990675],[234106.74667081202,5910938.23769488],[233990.38339265494,5911166.434788617],[233979.707353084,5911491.50529487],[233990.58263693517,5911888.866764283],[233838.03142120806,5912276.180493203],[233648.846822849,5912324.31279548],[233690.15074618103,5912546.999111553],[233861.87891687616,5912715.352939732],[234069.376544612,5912948.76378552],[234082.53974728507,5913089.38947427],[233983.29648395,5913341.99649738],[233679.54432101303,5913676.5638703825],[233797.22490069002,5914195.51761514],[233513.29624272604,5914861.33679269],[233505.64344160107,5915351.4062724225],[233344.93890927895,5915506.36909683],[233112.940521618,5915996.02134554],[232878.43392268103,5915929.40502366],[232597.13721086504,5916091.05822036],[232608.578569585,5916268.28224858],[232696.61290756997,5916439.551781397],[232902.133438983,5916858.875542403],[231016.52259518905,5917547.60789801],[230740.29607131204,5917009.17449967],[230007.598353951,5917424.99235494],[229805.113673495,5917564.89633048],[229508.8625277452,5917641.786191887],[229251.34685312503,5917874.93105316],[229342.98684232403,5918120.88338556],[229214.94702968397,5918258.18113312],[229073.932180623,5918503.74860143],[228997.87279655598,5918722.55927568],[228921.91928279703,5918725.217046867],[228876.58835814195,5918716.5469967],[228682.58147277404,5918708.26742161],[228382.17691428098,5918770.619972203],[228362.510368836,5918768.978393187],[228356.138033233,5918748.51704991],[228285.290360359,5918506.25771744],[228119.21432311798,5918263.151943717],[227939.864387881,5918119.84024484],[227921.770705677,5917838.29449781],[227757.1775621372,5917680.941952763],[227580.78642840695,5917594.046351117],[227307.00451877806,5917583.58558873],[227099.84638173308,5917360.67552442],[227018.17889912822,5917327.0208662525],[226839.17941514507,5917360.030057453],[226811.74460290303,5917527.52869724],[226673.47890947596,5917572.39138241],[226634.64014441217,5917420.40663703],[226457.77173796704,5917320.030448123],[226236.497835477,5917366.065309377],[226030.277142065,5917406.29065784],[225801.081471344,5917497.3560914025],[225690.55783597904,5917426.68092212],[225677.231063739,5917045.167903497],[226021.094068848,5916734.70090604],[226119.648599545,5916669.71517324],[226303.4295124591,5916433.63572655],[226249.450317143,5916310.98805152],[226030.079848685,5916210.83906926],[225644.96594295395,5915892.095240657],[225515.024914084,5916203.814167517],[225168.45406299108,5916265.938276403],[225127.71246484003,5916524.50367141],[224981.16845846304,5916604.4218307],[224804.730889628,5916597.14623974],[224797.88010632002,5916594.38412677],[224796.083773087,5916585.9417819],[224758.0174579461,5916396.35336115],[224984.04449596698,5916214.102720337],[225037.72965526907,5916096.15821188],[224994.60509257298,5915806.98733182],[224775.68169441307,5915419.373256673],[224263.06895234203,5915475.308421423],[223691.419137915,5915351.69147338],[223626.23532795208,5914889.406167077],[223543.60601083504,5914678.90114908],[222639.08343263913,5914493.653419503],[222592.59148334299,5914280.10864944],[222420.344909725,5914447.97222612],[222034.834377,5914748.130635412],[222168.822184849,5915017.61194092],[221991.06939952902,5915156.66186256],[221750.703415173,5915165.04750407],[221437.7087061751,5915242.25796113],[221122.64545281895,5915253.252783323],[220531.02139076102,5915431.76998771],[220005.23830296507,5915583.21342829],[219524.86404006905,5915989.21574558],[219229.02019222907,5916106.365151823],[218751.12439399504,5916640.13504851],[218433.68223659904,5916855.09118257],[218439.093618021,5917225.116912483],[218165.033340347,5917385.78620859],[217913.13847433403,5917250.23361672],[217589.708929052,5917494.1782246],[217674.88041259698,5917798.384954367],[218001.83169036102,5918120.66183215],[218012.96025950898,5918331.90523256],[217845.71386057604,5918406.795129233],[217666.843739048,5918483.59461369],[217445.38262836903,5918354.22292459],[217194.39380753704,5918537.59415483],[216961.468783407,5918529.22575022],[216796.39008687797,5918551.50477665],[216673.01720135508,5918692.04911444],[216481.477201786,5918833.52069399],[216325.29497480404,5918822.17803835],[216237.68894351297,5919302.06169726],[215935.28299443808,5920150.20211134],[215727.69740929804,5920530.712972377],[215475.156235635,5920800.01970916],[214760.23415410903,5921441.12192662],[214229.17580490198,5921933.91413615],[213774.06506633805,5922121.92674257],[213447.85889574897,5922103.10260121],[212949.584123865,5921915.424934197],[212641.93860758096,5921846.069804333],[212224.93894690706,5921887.56597066],[211747.691631753,5921933.2903405875],[211156.220357768,5921984.43448805],[210683.63183932798,5922094.50408576],[210269.442713056,5922242.353302097],[209747.434344662,5922378.32266083],[208822.0119372761,5922340.04495536],[208006.540713217,5922290.06227678],[207110.36193404708,5921920.598904302],[206993.069635786,5921865.90070798],[206929.2478203741,5922244.366032473],[207164.41227345314,5922490.104814933],[207364.33297269407,5923285.36416185],[207907.54949922103,5923511.272892757],[208578.388943768,5923895.80358648],[208481.69440559403,5924141.0999358],[208636.402517093,5924373.59232867],[208652.72196973197,5924633.18092235],[208694.562358891,5924778.30912199],[208697.70729388902,5924975.819683453],[208773.298542912,5925149.037106273],[208748.49067907897,5925377.04178253],[208843.677146486,5925695.9140711],[208899.128296996,5925915.612688317],[208945.36910824303,5926150.885872877],[208725.1431276051,5926284.409344123],[208805.37202939496,5926482.98035992],[208750.86007637996,5926913.39499662],[208875.0543848091,5927072.12489195],[208937.63484550704,5927261.838201143],[208884.44509307202,5927622.664302243],[209017.00481406297,5927958.742764617],[208973.537702739,5928289.961514443],[208961.31978997705,5928563.30442655],[209116.127813023,5928590.91852624],[209120.84796995297,5928726.0861356],[209165.93320565496,5928863.84660351],[209268.444587077,5929285.025578737],[209377.78352231905,5929479.07791636],[209369.55998863,5929666.228920903],[209420.85809903208,5929767.00002971],[209473.947982284,5929926.24422676],[209450.20374645106,5930084.419244583],[209556.86414532101,5930201.76833623],[209630.322544751,5930206.4575316],[209744.006424968,5930209.74202221],[209742.68422438815,5930279.330557813],[209572.284935919,5930435.62261611],[209569.89038246498,5930574.79096242],[209643.69303228206,5930696.78960537],[209699.5891513751,5930929.23045563],[209836.877711804,5931085.5343701],[209867.344081047,5931227.30747347],[210048.61456273997,5931382.3256578],[210059.94338734995,5931499.001363187],[210079.91932655196,5931648.395219677],[210221.00714517897,5931705.75626861],[210285.877712967,5931852.72827547],[210668.69586180605,5931793.48980394],[210780.35586732696,5931887.190404037],[211068.44728241,5931991.03218989],[211196.83238340507,5932193.204948623],[211378.469309801,5932401.83876451],[211877.522936251,5932344.60151329],[212266.25626955193,5932172.90222506],[212615.370190472,5931991.33241694],[213285.9968904819,5931854.54648296],[214066.02702454303,5931552.783131077],[214831.13330574904,5934061.86215096],[216078.669246202,5933727.095406148],[216271.28300821397,5933869.381412988],[216438.09145453502,5934111.195917803],[216502.846361798,5934279.18656523],[216839.35866996797,5934090.59430534],[217237.25316349498,5934294.86103543],[217669.474429126,5934336.52144873],[218219.44197808194,5934535.177588047],[218421.89275189303,5934454.953906693],[218582.76173050416,5934541.915167573],[218798.16762873816,5934770.676494673],[218852.21199595497,5934811.13557025],[218911.603109295,5934904.680893247],[219114.5934827081,5935241.85632302],[219969.66972754,5935625.61267144],[219989.798176601,5935861.048639087],[220440.89483369992,5936871.04519972],[220643.00766532798,5937320.77735358],[222029.65794844,5937813.50282447],[222519.13543338608,5937656.91274605],[223052.933523211,5937429.630646],[223147.073024509,5937557.757420603],[223193.037060522,5937716.29293537],[223216.01376725698,5938021.25306218],[222497.07752917998,5938406.418048593],[222656.8971984071,5938550.6855557],[223013.02234343998,5938619.523725163],[223095.313484438,5938688.10952738],[222882.585231391,5938976.01355984],[222911.331514169,5939533.54220822],[222917.21684008802,5939752.187208307],[223417.331936543,5940275.315446837],[223871.52440651204,5940729.89407393],[223900.296527014,5940896.679756627],[223658.8787275519,5941926.204221818],[223486.41286130715,5942213.629052733],[223549.35317185405,5942409.16106224],[223589.65112163196,5942495.36523248],[223618.51041112607,5942598.986078072],[223615.49464295595,5942836.662786803],[223635.03913504002,5943157.29318875],[223693.39901215804,5943444.47575852],[223555.10317185405,5943869.91106224],[223474.60317185405,5944278.16106224],[223641.35317185405,5944410.411062242],[223992.23317813105,5944427.69348356],[224187.794168461,5944278.162521313],[224386.21335729607,5944367.340477463],[224659.35317185393,5944318.411062237],[225004.31780869002,5943806.58008855],[224975.955996152,5943571.02753362],[225071.48220246704,5943440.26814922],[225256.65065882297,5943157.30167506],[225506.943417255,5943221.04312459],[225631.17815265723,5943208.74110676],[226062.60317185405,5943030.16106224],[226212.10317185405,5943058.91106224],[226350.29149784998,5943168.461248737],[226473.236179039,5943291.3628304],[226775.823947613,5943427.076031127],[227000.120347859,5943444.42667459],[227379.60317185416,5943415.411062242],[228230.79766264907,5943789.66215815],[228811.53974551614,5943760.95005183],[229064.67483945494,5943611.40984701],[229294.511283768,5943663.27951773],[230210.31897734792,5945036.13133741],[230251.01022824,5945423.99762606],[230232.89999381406,5945627.672924942],[230022.47163494106,5945881.80754718],[229938.22033354198,5946296.243155067],[229916.84472566796,5946716.90980077],[230053.12748560903,5946767.802763998],[230237.414691039,5947055.1590784],[230245.24475152697,5947327.45405836],[230789.05873207795,5949575.504529757],[230875.28977894702,5949952.0896458],[231079.46605207596,5950093.7030649],[231168.19379208004,5950305.98003763],[231468.40777296096,5950518.760383837],[231631.094034762,5950864.121608817],[232035.044686737,5951258.58984542],[232174.674200085,5951388.424008497],[232178.47644301993,5951529.18132444],[232085.721789915,5951660.93943359],[232076.78245765204,5951757.44250625],[232153.92204445705,5951782.94343057],[232238.927962018,5951691.7441626],[232394.62747277995,5951682.06623158],[232533.987932852,5951895.35273313],[232983.07509339502,5951713.33314584],[233420.85727014195,5951529.45122839],[233561.192260392,5951683.61989215],[233674.06146466604,5951410.346152867],[233955.874472278,5951238.074855478],[234274.978748973,5951340.49410272],[234356.00657367404,5951288.6011088],[234607.17576353805,5950853.836402292],[234635.14500952302,5950601.71794087],[234885.71671401605,5950406.03695832],[234978.267945847,5950513.11587542],[235075.23121158802,5950590.596514793],[235080.33778478816,5950595.374642992],[235562.0845438171,5950347.78222603],[235712.24725055404,5949957.25036477],[235743.047656184,5949870.53942874],[235743.28747091198,5949701.81375793],[235659.7036715831,5949505.669393373],[235652.2112047911,5949291.55044175],[235826.22380841104,5949261.07955041],[235942.57952512207,5949097.413805718],[236263.552008363,5948632.92921903],[236206.01905610296,5948389.84245588],[236190.75672602397,5947955.50852085],[236039.197428631,5947311.30603447],[236157.33916288312,5947270.399517543],[236028.728409681,5946836.53931922],[235831.31714651408,5946846.54146955],[235718.34527501708,5946820.726381903],[235811.88504589803,5946720.14371061],[236229.732747206,5946586.949825567],[236199.067112457,5946449.35815425],[236162.29120224598,5946132.71387936],[236053.90367068903,5945967.1372238975],[236309.907564606,5945440.182943108],[236131.28788475797,5944629.29120748],[236539.72837215604,5944433.97624856],[236465.20594026905,5944307.366855397],[236545.60343122506,5944100.10538153],[236644.17544670997,5943875.798179347],[236660.51964450406,5943726.45720361],[236338.550915286,5943341.185045137],[236043.16681893403,5943292.709203],[236016.43727708992,5943162.7913287],[235464.37597260496,5942104.68931137],[235585.05945563398,5941932.061228433],[235677.03829168994,5941667.547042278],[235700.22270114312,5941218.976045922],[235826.515130191,5940822.199656067],[235251.43338067597,5940580.69331302],[235280.21292271803,5939844.46867968],[235284.848841812,5939479.39563792],[235188.10765135207,5939125.647695683],[235015.594286563,5939102.655749513],[235003.39959739405,5938820.440855463],[234848.74046572496,5938630.866967247],[234649.37343495793,5938519.348917717],[234216.22981894598,5938395.284906968],[233923.066663165,5938153.748140602],[233645.115838676,5938157.42961021],[233393.84777221398,5937814.63988954],[233140.883562662,5937636.23771742],[233042.08787611104,5937330.76226396],[233365.75689448998,5936736.57990218],[233545.391662403,5936571.49095972],[233338.69747401308,5935713.14684916],[233389.59737114218,5935402.07065501],[233330.89751809603,5934980.399575917],[233110.446970133,5934484.838003812],[233136.93067587097,5934050.38216466],[232901.44010173902,5933525.43240247],[233842.72151797102,5933209.993052203],[234207.28722521197,5933162.139745253],[234359.54817873507,5932892.033991713],[234337.613027965,5932649.911405157],[234416.9588277121,5932398.91548218],[234675.965553888,5932475.18288577],[234847.828091909,5932354.41587307],[234981.79075126408,5932371.07837917],[235158.46613991505,5932228.88046829],[235356.61958210904,5932171.191385607],[235505.60317185405,5932059.661062237],[235392.14933062205,5931788.77558347],[235176.67275157198,5931169.1988846],[235931.94579579507,5931040.751436523],[236387.89190136304,5930778.83344411],[236836.63309295615,5930606.82265694],[237016.1947379621,5930434.95022166],[237090.47181569098,5930291.65150256],[236926.45153975603,5930068.33968483],[236455.39346767997,5929911.41794886],[235834.6976215921,5929702.252035903],[235670.098802067,5929619.9432515],[235371.103841807,5929492.78194923],[235093.25009732798,5929387.32586548],[234974.556665816,5928400.826003293],[234959.90250200906,5927922.45710617],[234802.9688696239,5927473.849034958],[235116.882313631,5927212.09503094],[235550.68247704807,5927324.136170533],[235782.34792910004,5927286.929969828],[236140.99684499414,5927212.0989036225],[236260.75163945695,5927331.70350149],[236687.012673444,5927518.75915241],[236985.77197932603,5926755.37314886],[236477.26239633793,5926306.8737112675],[236312.88119779504,5926456.45990922],[235931.6986300581,5926269.34430808],[236208.412788329,5925745.85147939],[236539.44833426608,5925035.67943659],[236906.12844612997,5925147.45736415],[237509.420505042,5925387.28441192],[237663.34566807502,5925048.97280779],[238115.11714308104,5925274.99317303],[238264.69852149196,5924975.90037316],[237943.05840334902,5924773.93424368],[237269.40798279014,5924569.6245417325],[236813.89000390202,5924310.18556774],[236908.60317185405,5923724.41106224],[236671.95385290298,5923570.06412822],[236492.23358437902,5923510.40969988],[236365.41097489698,5923173.85614336],[236664.23461330018,5922777.610450643],[236342.82866437,5921835.43615138],[236739.21083026205,5921648.35745594],[236746.65414603497,5921341.95770353],[237040.99160594703,5920400.10475679],[236510.2840742711,5918964.25449346],[236664.0171258601,5918703.238277823],[236732.731936594,5918505.97730256],[236738.05388817005,5918249.635180432],[236961.04477411904,5918195.00910674],[237069.444625978,5918040.12355345]]]}},{"type":"Feature","properties":{"fid_1":"1537","symkey":"310","symtype":"14","text":"Ludwigslust-Parchim III","WkNr":"19","Nummer":"19","Wahlkreisnummer":"19","Wahlkreisname":"Ludwigslust-Parchim III"},"geometry":{"type":"Polygon","coordinates":[[[247589.35301893903,5911258.902319567],[248104.85482254403,5911117.4735113],[248100.652450227,5911426.30937397],[248225.251151792,5911426.95246681],[248110.286722832,5912417.16808418],[248389.85549720097,5913288.532192808],[248889.291124127,5913754.154000337],[249032.870486464,5913900.659363342],[251305.594833703,5913699.7058203],[251426.066540326,5914603.215018517],[251772.27842111792,5915115.09430006],[252133.73253178294,5915506.92149258],[252359.56739333505,5915702.71285129],[252544.42682316294,5915849.559962178],[252978.96287284698,5915988.18007448],[253930.093273704,5916204.61916188],[253816.699661161,5916431.23757744],[254246.49364414497,5916929.45587297],[255065.04363449302,5916874.26039053],[255295.0627890511,5916552.44956733],[255523.29961046705,5916479.45442497],[256004.153787415,5915976.45842412],[256709.86948640703,5915651.913225518],[257144.10301893903,5915555.152319573],[257512.65568241896,5915679.76695659],[257553.46021268098,5915693.352890127],[257752.87519546796,5915888.01198866],[257932.577915892,5915954.82564211],[257970.56246081507,5916449.47458824],[258103.93439955905,5916582.741286827],[257970.49565825798,5916677.85021988],[258227.47880723805,5917058.416253103],[258655.57686957507,5916963.25450922],[259011.29254393198,5916878.595027117],[259144.07754413597,5917109.70356557],[259340.07754413597,5917861.703565567],[259359.96974258614,5918161.673762983],[259312.50845212198,5919075.22104727],[259198.26988318807,5919417.79031127],[259404.96376124804,5919556.87145345],[259782.766075443,5919732.35847974],[260016.68951655307,5919598.33882704],[260159.23097458004,5919579.516422763],[260361.6134368722,5919717.545772773],[260624.971954167,5919830.67818618],[260974.2250063339,5919924.810073657],[262012.662359557,5920185.577809167],[261608.39879399608,5920256.396335967],[261651.8962701602,5920561.250739153],[261675.633066986,5920728.30751231],[261968.213602759,5920571.77980346],[262071.1735515881,5920654.73543148],[262266.7261062551,5920638.89443725],[262233.6611218492,5920806.40202373],[262123.72035408497,5920986.3395988],[262224.149759282,5921387.016246097],[262407.85444114497,5921608.540275867],[262631.3515522729,5921669.02718617],[262832.86669294,5921872.01447929],[262880.693946615,5922347.73493653],[262699.90529772406,5922690.22865586],[262699.7168732489,5923042.093663112],[262537.984494704,5923460.80521916],[262404.80745510495,5923575.010323768],[262246.7277136042,5923634.328765153],[261999.85744393797,5923499.37944149],[261880.52735408104,5923650.199753213],[261736.57408671,5923874.36175514],[261462.98054787994,5923641.352201657],[261053.73592724593,5923556.007393037],[260998.7761001141,5923729.02839761],[260996.83536564017,5923803.26395334],[261020.609140152,5923866.8491811],[261062.40178665798,5923931.67731696],[261119.37021635502,5923986.96891232],[261146.433508827,5924004.032168763],[261161.39931082597,5924008.512303833],[261176.087832815,5924006.49740389],[261191.8857075341,5924000.441237253],[261222.55706234998,5923983.35819028],[261249.09467141493,5923969.671780777],[261265.91816247802,5923964.330184723],[261276.83275019092,5923961.696883553],[261293.997205319,5923966.09932379],[261307.71994757093,5923979.37755203],[261318.820459545,5924003.504116933],[261329.77603645518,5924030.637589523],[261340.864115463,5924047.25999921],[261353.32013695408,5924060.08224662],[261387.28049306793,5924072.65231872],[261421.08348115208,5924080.72514329],[261484.10442135704,5924093.765768427],[261503.99945524603,5924125.79118788],[261196.46269080706,5924298.001906983],[260728.1179423891,5925216.96185668],[260540.426963903,5924963.91124446],[260093.0401667481,5924593.0243123],[260083.579477087,5924402.737465317],[259821.21789825405,5924320.483544423],[259710.289782378,5924261.808094373],[259512.73993128107,5924557.12998267],[259362.551547174,5924561.36859741],[259113.45027517597,5924773.62449511],[258978.937988378,5925033.37750479],[258530.94959109102,5924772.03327392],[258247.66662809614,5924707.03237332],[258008.59891653503,5924620.67084363],[257516.35301893903,5924351.40231957],[256880.91345963906,5924555.370590457],[256799.12469287298,5924727.50376419],[256521.895824856,5924868.78506067],[256280.21170522203,5924946.16003552],[255396.45174006303,5925430.6227586],[255538.30350806704,5925605.38249439],[255501.37332156103,5925801.043646193],[255550.531526345,5926016.432258868],[255789.54209515697,5926085.98235419],[255781.868864824,5926324.81875328],[256914.77022352593,5926918.440890787],[256580.256906247,5927322.99527919],[255951.29130769905,5927080.07370806],[255589.12095742906,5927126.51524667],[255589.220599066,5927296.13076135],[255858.94514275098,5927658.31345231],[256108.73453921115,5927947.237753353],[256452.25699220202,5928352.12461],[256706.815099867,5928575.73222612],[256845.52648810507,5928791.477400749],[256799.466910779,5928945.753796013],[256927.48089912202,5929286.729899887],[256993.31062724302,5929380.98989615],[257092.0112350341,5929361.877689593],[257138.45112669305,5929261.766805667],[257477.65181360103,5929284.8052138],[257724.42629130802,5929292.2800311],[258186.890232575,5929462.0590166375],[258317.92515761103,5929654.977149993],[258402.6111970091,5929963.10001384],[258603.225707584,5930148.1564217],[258625.99386763503,5930402.42634991],[259426.49869527505,5930375.57743261],[259195.120348674,5931049.16405166],[260430.570347409,5931949.73176819],[260299.569166217,5932202.91873322],[260823.59341165703,5932063.17190174],[261293.31693458825,5931963.74518494],[261576.69340964808,5931948.0959555],[261627.86301393202,5931952.06257842],[261479.653373349,5932099.074576017],[261278.3459524709,5932344.49960999],[261434.82723830588,5933023.686080228],[261137.79108760704,5932988.64260908],[260884.688354065,5933661.17892322],[260374.49897667998,5933519.33973036],[260068.372838662,5933794.83539483],[259799.201012588,5933653.89669666],[259615.408116963,5933586.674342287],[259180.684423208,5933378.369165837],[259076.72171182197,5933047.88090872],[258794.97406224313,5933145.820391593],[258758.08974890702,5933605.1450869525],[258329.47935380903,5933678.327988833],[258372.53228278202,5934094.79073661],[258354.1100565421,5934468.49543309],[258390.909329939,5934847.9177286],[258384.92959302908,5935282.55703857],[258359.211637532,5935436.61960837],[258244.60149595502,5935476.8829968],[258083.32532164396,5935658.30531654],[258841.01192627905,5936062.503446903],[258839.518999797,5936705.96526667],[259561.92994114407,5936452.114805137],[259787.14065835695,5936895.506006963],[260125.012237092,5937086.76870924],[260201.78111002484,5937338.923751118],[262482.82723830594,5937075.68608023],[262691.9703605911,5937083.89812509],[262525.992209926,5938280.22324189],[263189.93470671406,5938393.79877003],[263131.6951102608,5938880.70647493],[265619.73836218903,5939295.95191624],[265739.96378607117,5938385.067189612],[265848.981880403,5937374.116649517],[265872.176437913,5936060.54679933],[266390.474049979,5933094.07070005],[267104.898355089,5932798.83729413],[267163.68336919206,5932630.89709668],[266705.01767860004,5932430.27963577],[267039.1591995631,5931443.426625553],[266491.4083610651,5931477.25346474],[266027.9662839121,5931521.86182407],[265713.805554234,5931207.36646274],[265818.32723830594,5931006.43608023],[266029.59492388007,5930914.81248542],[266124.262217804,5930273.3075536],[266142.0610662691,5929739.594011993],[266031.136566594,5929332.54917265],[265899.005563643,5929104.45201043],[265635.43999361503,5928649.016582407],[267513.006818459,5928132.93604553],[267696.26547081803,5928351.888979833],[268178.04549924296,5928204.101874263],[268293.93820690515,5927641.3937994],[269342.02680340403,5927652.54941269],[269733.7940692611,5927641.498611323],[270655.326389945,5927520.15045392],[270776.652743278,5927707.64689798],[271074.47306948795,5928286.83425057],[271344.8620727548,5928827.575948527],[271209.96640158904,5929087.15676963],[271046.80243574106,5929544.815202443],[270820.923313273,5929572.32762771],[270837.3607287578,5929826.086619628],[270616.46549455804,5929831.59353795],[270986.2794344209,5930278.615635787],[271112.96737546707,5930526.99841885],[271305.3863656559,5930784.06789949],[271419.58567632374,5930727.34031794],[271543.52511078794,5930692.421813787],[272972.32723830594,5931751.68608023],[273397.327238306,5931216.43608023],[274555.706012561,5929914.44647515],[274851.259496963,5929517.60354535],[276329.5973141052,5929131.95401408],[277194.2484152569,5928935.359680067],[277211.58107436507,5928808.662703292],[277035.7442506859,5928728.13815358],[276899.304648763,5928538.42435173],[276840.428661622,5928435.770703527],[275367.14052954304,5925704.634552233],[275780.8842650219,5925478.340715597],[276233.16739320796,5925445.441233593],[276464.8109199011,5925379.083949097],[276541.96634844504,5925307.31373219],[276448.37101793697,5925169.48346733],[276349.01929183,5925003.960267933],[276227.50114775007,5924744.60110126],[275957.09799446806,5924248.15967624],[275913.13114454015,5924126.690058873],[275973.65422928886,5923232.910219467],[276354.186816228,5923354.46037024],[276712.8101626319,5923525.32317427],[277236.8452804531,5922813.63342662],[277071.21635623195,5922609.71763154],[277650.70534727094,5921837.208787427],[277970.72402769,5921583.53401188],[278434.259747294,5921334.97882206],[278748.93445917004,5921285.335645053],[279195.60671560606,5921384.633572303],[279399.823150047,5921395.652704471],[279587.30100058217,5921357.074558227],[279774.939274909,5921230.29648101],[279543.30645365,5921031.6888523],[279278.3173097749,5920871.7234432],[279609.245854951,5919701.82689019],[279773.3239192389,5918998.3262298675],[280274.702982488,5918549.60682191],[280264.728817682,5917986.087593913],[280370.0772383058,5917870.686080228],[280259.23301937,5917416.69654411],[280148.560192763,5917250.81035805],[279827.56155768095,5916940.76223123],[279583.78112237604,5916254.30227027],[279694.463718185,5916010.62532282],[279739.1539128941,5915800.25950206],[279882.77182758803,5915312.82525241],[280558.28827714606,5914903.36339517],[280909.16818764806,5913923.422171467],[281012.32868090516,5913286.892879142],[281255.939736685,5911825.44212145],[281554.9277147722,5911947.229391783],[281809.60505637,5911592.82137962],[282172.83152141795,5911684.97389531],[282551.291937254,5911603.905004693],[282772.758567355,5911393.38358976],[283237.90854264,5911747.89758298],[283767.5010278478,5911859.97854876],[284321.8074234992,5911709.2518715],[284444.800409239,5911493.09451502],[284666.3924791832,5911465.604854583],[284922.9571005791,5911248.4998222925],[285126.21879854926,5911102.302200423],[285172.66958583693,5910444.772928137],[285430.76584556594,5910435.75649828],[285572.7549108281,5910411.54129659],[285595.5807600332,5910071.0226657],[285915.52193527203,5910063.86475153],[286127.50597575994,5909909.84205504],[285452.17783334805,5909600.05581642],[285341.23277055414,5909411.68830112],[285961.5767698341,5907939.065204523],[285684.52662725584,5907773.065220407],[285983.6418397921,5907584.94363547],[286182.83956605697,5907551.669143757],[286559.255463887,5907474.1585584],[286747.70061884506,5907618.096411307],[286946.8857011801,5907773.22670523],[287101.07965812006,5907809.85335659],[287383.30751443293,5907753.72102944],[287580.545833598,5907757.08603582],[287719.603432785,5907778.24793498],[287879.4155533132,5907841.70923132],[288123.77167420497,5907847.177783637],[288133.75780087605,5908132.520597572],[288118.9639325519,5908454.985185963],[288009.828375694,5908813.86442097],[288009.90495578496,5909135.04608116],[288364.28840271616,5909268.015810883],[288574.62370518385,5909599.881929858],[289460.345244537,5909588.98793586],[289670.7151072271,5908514.90966599],[289977.847604919,5907975.056240248],[290146.75440675195,5907607.01247716],[290168.99541350896,5907285.8476383],[290113.5455401089,5907020.28724424],[289858.978598385,5907020.0850679],[289626.61644674896,5906776.63760643],[289648.5035111171,5906577.1480485],[289460.23858208896,5906522.01902046],[289349.4691779502,5906389.187763982],[289338.563751534,5906223.03083264],[289161.39659901214,5906045.969740802],[288895.645671371,5905868.78216484],[288718.51703717606,5905625.1178575],[288375.2195464531,5905580.688286407],[287854.70780295506,5905580.732973073],[287405.17749343603,5905213.50353117],[287271.41357444506,5905180.306940007],[287031.213599578,5905192.94546732],[286834.77472571505,5905176.78705789],[286658.41989004705,5905341.542687227],[286301.6801133941,5905233.693087303],[286479.7508968292,5904895.27028234],[286621.526734816,5904815.41483061],[286745.34440370905,5904528.77577285],[286873.746645952,5904424.10518157],[287015.803167123,5904421.77363725],[287257.091549787,5904312.88132081],[287654.628443868,5904240.63515257],[288036.4526131201,5903728.22289223],[288167.310113449,5903442.48196568],[288451.42955559614,5903253.9536829125],[288614.99014029384,5902730.42745588],[288359.7662676531,5902678.066488893],[288352.485836452,5902426.895541217],[288085.9921656911,5902431.192367863],[287742.629999,5902469.70779283],[287524.22614963574,5902282.97176021],[287290.907527711,5902185.03398782],[286982.46820515406,5902213.55592905],[286425.99752737395,5902224.236382797],[286065.7549234801,5902281.104314582],[285901.557120848,5902392.9062249],[285745.431710355,5902477.904672017],[285551.925589888,5902502.42479796],[285194.57283193496,5902391.08328168],[284663.96796727204,5902383.08790335],[284373.7759136361,5902440.24737811],[283648.015953998,5902144.65586875],[283388.3878277723,5901873.30413029],[282998.719172891,5901667.51957222],[282597.47547694785,5901667.54253506],[282339.3503212121,5901510.94819104],[282085.86777182284,5901494.498604028],[281713.74495299195,5901425.76164154],[281546.62468915293,5901696.75167326],[281538.006791213,5902466.00190224],[281601.590496838,5903020.6153928],[281255.22293981997,5903034.73891826],[280981.37032547104,5903072.33872695],[280915.8280149578,5903065.126374178],[280861.4913527541,5902987.674199837],[280687.726267811,5903176.35170597],[280453.68971367483,5903308.3448852],[280259.95664650237,5903391.16702994],[280352.28374729,5903756.66223956],[280265.927349541,5903820.2187582],[280002.80331099627,5904057.55410272],[279881.458254921,5904306.194030923],[279808.3287734009,5904475.593869297],[279553.67043681,5904535.6614111],[279382.1734006641,5904429.940425987],[279236.39808372594,5904266.93334774],[278995.26353524707,5904303.362859587],[278754.8776469989,5904368.03494337],[278158.00372365,5904374.8892683],[278015.511649413,5904570.94829048],[277308.483915214,5904596.90277674],[277203.6442992203,5904431.45763702],[277043.3297699753,5904255.27821538],[276641.2244899551,5904091.88344971],[276152.6842279361,5904127.9564088425],[275740.72832076496,5904086.31094223],[275078.244928043,5904487.3905298],[274396.49853589805,5903988.674503303],[274212.68534593127,5903288.16872675],[274184.76624981005,5903226.351888607],[273747.3468214171,5903133.85502795],[272922.7217134728,5902617.257421157],[272231.36156421504,5901731.36553858],[271521.07113723404,5901355.70166386],[270714.129643249,5901486.42100421],[270337.51769816707,5901387.733951513],[269641.556644063,5900964.535477653],[269906.2013859732,5900698.890659],[270182.4053830741,5900256.21086757],[269977.359657438,5899450.137931191],[270131.5651890118,5898808.35413208],[269932.04009766795,5898408.82776093],[270601.382751722,5898084.7655728],[270521.7457695221,5897831.391262277],[270369.17350038205,5897509.525850527],[270312.833092761,5897352.92631708],[270370.6243467292,5897145.77861382],[270561.06540437695,5896980.495770367],[270702.4340329362,5896630.344910153],[270679.52420123405,5896260.92208021],[270620.58136158204,5896113.14100093],[270412.2520748887,5896071.38672219],[270281.143874131,5895791.2920269],[269874.4581879641,5895226.907369007],[269825.33420451806,5895023.493441213],[269721.5230351299,5894916.044712068],[269757.66771660803,5894554.56293393],[269504.449140664,5894516.88843728],[269424.3494205921,5894758.56691003],[269303.741709955,5894649.71758407],[269486.36630219314,5893608.03781485],[269636.51011475606,5893233.96019683],[269479.5701410022,5893059.6190441325],[269024.660918264,5892812.36293585],[269111.9591768701,5892375.263625757],[268746.256731041,5892318.24385839],[268304.2180529563,5892217.105114873],[268140.560833338,5891807.56494575],[267701.42001187993,5891925.709451377],[267367.3827501729,5891844.061140893],[266502.36432930897,5891916.31685276],[266263.10322338296,5891554.69323485],[265906.7223701421,5891478.60193278],[265855.376198288,5892028.45192099],[265375.3363831252,5892235.836066143],[264779.3999045052,5892405.75978992],[264352.861184055,5892345.83913991],[264064.16492612206,5892225.3392164],[264036.95283311803,5892348.60671362],[264032.82605252485,5892481.33173134],[264133.4393252281,5892740.728556577],[264149.35210780706,5892931.54737362],[264135.09535363596,5893053.36616242],[263701.473228798,5893329.67299874],[263262.6637803551,5893718.252297457],[262265.00468494603,5893599.00346031],[262174.6205166461,5893439.02349239],[261680.12269563996,5893447.78935288],[261404.01297163125,5893657.288446623],[260980.42664423003,5893822.87766239],[260693.57148081402,5893924.97162755],[260410.000227842,5893774.83015106],[260309.14666313806,5893672.28052737],[260207.62858902395,5893551.99566059],[259896.089806752,5893492.07750506],[259605.38629496592,5893519.9792074375],[259397.83366585593,5893651.042363177],[259059.91602670692,5893863.3139454],[259015.61168454902,5893891.13031228],[258939.24181708798,5893939.08034714],[258889.16830209992,5894436.54433047],[258651.019501167,5896098.116916147],[259665.38997964398,5896169.75797186],[259600.679505289,5896673.57321],[259739.88839365297,5896898.85162441],[260121.76304729993,5897691.51395515],[260089.12593039603,5897939.29966357],[260080.04924196098,5898145.24139133],[260063.638974989,5898384.47169217],[259993.7928156139,5898740.63292809],[259872.41535276,5899032.79062982],[259779.16613281408,5899192.119231173],[259395.83059151703,5899518.187533547],[258723.096030907,5899620.38558432],[258447.78481279302,5899360.58305169],[258197.96526432398,5899124.25031612],[258091.83936459105,5899290.57152624],[257805.75017501798,5899672.549820677],[257764.67582032701,5899912.48241819],[257829.16235339805,5900107.58441533],[258068.83851043705,5900140.326151383],[258097.7251751331,5900024.14677789],[258434.47858866397,5900242.75115848],[259169.60218011122,5900570.6023659725],[259779.18896492198,5901114.01378057],[259835.9990866501,5901266.1494261],[259807.473308201,5901437.46827812],[259579.20247996016,5901694.26369755],[259969.357273533,5901808.50170029],[260092.8429092841,5901998.628581163],[260207.1166369022,5902303.233442013],[260100.64139476,5902507.688982992],[259959.75935956405,5902873.845697183],[260349.597850908,5903399.02965309],[260093.115798534,5903558.90266084],[260197.463306343,5903701.65454766],[260225.90107574,5903832.6199985575],[260129.02284011606,5903873.51665461],[259601.27745267807,5903861.43872298],[259351.58170065098,5904082.04623385],[259512.827238306,5904348.43608023],[259384.61755031208,5904425.737764573],[259224.454127717,5904517.6418383],[259092.57723830605,5904573.68608023],[258896.6023074541,5904621.763548783],[258560.769189868,5904687.25748215],[257913.765198024,5904966.950080867],[257571.50639201398,5905284.39601661],[256443.216578951,5905870.365864653],[256296.98178199097,5906058.09760209],[256143.46441703103,5906226.54403836],[255942.94524629798,5906399.911522808],[255974.371126012,5906784.201237528],[255233.47519210703,5907130.85778817],[255146.52836583205,5907657.39348406],[254959.68552932597,5907745.315755137],[254881.10370981297,5907924.11614189],[255186.01632397703,5907947.10471316],[255079.557323638,5908349.9435093],[254997.05837865302,5908540.72829341],[254648.00684557704,5908571.63162823],[254671.1030189389,5908686.652319567],[254707.53491489904,5908782.59566135],[254550.71601732203,5908834.66109672],[254434.168964697,5908792.4610135],[253970.93210059317,5908413.967646423],[253745.00312655699,5908579.62127991],[252736.17181409802,5908174.4033747725],[252652.46209440497,5908202.907895997],[252570.48641852604,5908154.99533434],[252550.978928274,5908083.633875392],[251996.36793120706,5907721.938157147],[251805.709759349,5907834.666612937],[251627.58674538904,5907705.55313579],[251409.30152206996,5907873.81556532],[251124.828452144,5907871.780593177],[251078.457472475,5907546.864535087],[250850.08689127403,5907580.30735019],[250818.95410733996,5907655.69219459],[250658.91885348805,5907907.6928742],[250062.41277965403,5908232.50176628],[249829.04963406705,5908216.131922067],[249661.328732803,5908344.3463565],[249513.61855584313,5908384.007000132],[249483.4095032111,5908037.762811663],[249388.080993539,5907877.3663805],[247966.615782741,5908267.81479834],[247589.35301893903,5911258.902319567]]]}},{"type":"Feature","properties":{"fid_1":"1541","symkey":"368","symtype":"14","text":"Ludwigslust-Parchim IV","WkNr":"31","Nummer":"31","Wahlkreisnummer":"31","Wahlkreisname":"Ludwigslust-Parchim IV"},"geometry":{"type":"Polygon","coordinates":[[[276329.34746702015,5929131.96275675],[276801.447680446,5929401.38624819],[276602.341828602,5930322.8182435],[276657.603445424,5930708.82576242],[277209.65855866903,5931067.55009379],[276828.84790803405,5931608.2501335],[277005.32131188805,5931768.220846557],[276596.98960004665,5931939.24512319],[276398.36930520704,5932038.40083087],[276828.91570160503,5933666.18619647],[276977.84667515504,5933776.56880761],[277077.1548164281,5934124.307940703],[278715.8301387399,5934730.855612097],[278903.370457342,5934764.222128742],[278791.0914603823,5935154.775567883],[278735.08913540933,5935506.69440028],[278688.180218471,5936264.741509377],[278693.64594164095,5936601.192273137],[279150.24583201704,5936628.89962553],[279471.1058574329,5936827.588225678],[279746.70898516,5937031.7835735],[279912.54874951695,5937031.79605497],[279879.3768852318,5936165.4591977475],[280122.05158911494,5935630.50061554],[280309.516735574,5935382.28918365],[280486.204570206,5935288.11528005],[280712.4025712961,5935216.42335084],[280808.434732398,5935054.4603728],[280839.45948421,5934989.824127797],[280907.0847037061,5934942.18008633],[280960.84579630697,5934902.13206738],[281010.61699590506,5934855.506477472],[281086.9732188171,5934607.700763843],[281022.42522095,5934540.66362415],[280986.10845202,5934417.60609778],[281187.030407498,5934275.75761239],[281200.8085018019,5934161.70728746],[281192.53040749836,5934107.50761239],[281374.55850180215,5933980.457287462],[281524.91587071994,5933854.338439267],[281518.030638681,5933550.26941891],[281617.355791681,5933445.42402158],[281887.791907886,5933665.94885598],[282080.74342126003,5933693.79947801],[282213.2880922101,5933677.188598263],[282345.7328194999,5933621.956969287],[282461.53018116497,5933351.37292272],[282577.2813435659,5933196.949746847],[282831.37027001195,5932993.01460814],[282925.113481564,5932948.62106274],[283090.66598242,5932865.94389231],[283211.850282194,5932739.07027418],[283515.240867287,5932910.13072042],[283736.134750352,5932876.93713709],[283947.2727013017,5932797.65539928],[284183.152801848,5932678.52893123],[284337.654383546,5932744.63441245],[284447.79733195994,5932832.97523407],[284756.86698327225,5933517.007354802],[285318.99964102794,5934393.49110393],[286753.1481730089,5934738.494900677],[289024.672345618,5934763.66971018],[289321.308311377,5934753.13669287],[289151.463435865,5935431.41145877],[288876.01816924405,5935473.65848277],[288929.07778098807,5936141.08011095],[288844.341892923,5936353.24080501],[288547.67941677885,5936713.412092467],[288250.771114897,5936936.01489861],[287074.56996609305,5937275.29128317],[286809.9018782462,5937243.198701182],[286714.37393623637,5937487.00775099],[287053.6294935311,5937677.75084048],[286290.36174568,5938144.00356792],[287408.32739122096,5940742.1948229],[287837.0876842291,5940668.69764038],[287962.93239397404,5940583.253673193],[288144.8515734121,5940486.10116769],[288854.878162045,5940528.55193904],[289215.19801203406,5940252.846401253],[289628.3114787061,5940348.45935459],[290190.0950728261,5940178.61166183],[290772.9290481651,5940263.364981107],[291387.63699336804,5940168.12574013],[291673.6135549882,5940263.450235623],[291917.37143825484,5940401.215824007],[291779.694246213,5940602.35166301],[291249.79999514093,5940909.96034881],[290878.81180394697,5940888.816080633],[290529.05077459797,5941217.17118211],[290374.86246916093,5941278.48819002],[290317.314161703,5942584.24383505],[290783.53539639304,5942573.3207756],[290810.3516259689,5943047.814073177],[290489.28809707804,5943852.28394392],[290943.6240388319,5943883.7173111],[290996.3521138121,5944035.45615312],[291075.5921863937,5944118.36974862],[290962.524515832,5944317.33026085],[290805.54184856196,5944359.72566596],[290823.494678654,5944536.36809269],[291162.22186909104,5944547.32619941],[291328.528384067,5944153.45708294],[292055.636376558,5944136.54638222],[292252.01078826806,5944638.2733488],[292351.236044587,5944814.91804446],[292611.1728795329,5945102.27142767],[292837.60394717706,5945329.11799397],[292960.2354650811,5945466.109890663],[293191.7549170933,5945705.66049746],[293410.64027257997,5945437.428614457],[293792.762926988,5945037.29843158],[294066.3406634028,5944785.038970167],[294722.27619664813,5943693.077130263],[294407.39061517006,5943474.797604247],[294322.69954185106,5943177.87318623],[294322.456761852,5942902.539136173],[294269.674299148,5942414.83384214],[294428.475722931,5942001.683405647],[294259.112240972,5941492.84963744],[294026.189952123,5941090.24824198],[293803.3462313281,5940846.535954127],[293665.53631386,5940676.891080673],[293135.80549204594,5940157.789990057],[293146.5773912211,5939839.944822897],[293506.84653798916,5939267.807849983],[293972.9975863991,5938727.331815963],[294458.258830025,5938589.591709107],[294746.545392795,5938462.46891753],[295583.86807887396,5939119.51968893],[296601.66178869223,5939128.129943103],[296781.122829639,5939119.28552846],[297067.212870572,5938292.694929267],[297258.162542371,5938070.0958535],[297703.8880840631,5937995.84984899],[298009.203786175,5937652.0944193],[298339.5825175351,5937291.84491359],[298661.38873083,5937187.55050538],[298826.204912883,5937010.519582253],[298953.640694248,5936469.831228123],[299239.5909987361,5936215.729538677],[299430.41528350895,5936109.755770872],[299563.5773912211,5935465.444822897],[299811.84572357,5935516.37468477],[299864.54407132603,5935867.25670223],[299822.34421244595,5936152.10139182],[299737.68753515097,5936364.22757741],[300087.43154907797,5936586.639270987],[300246.30693989,5937042.242023333],[300585.417176889,5936555.065888872],[300361.19049896096,5936577.620581888],[300239.060176255,5936547.36443745],[300108.562007276,5936364.229566798],[300085.8090869698,5936120.202607887],[300309.85440951993,5935908.355658498],[300468.807206815,5935866.06406127],[300670.121955447,5936035.66848874],[300807.833048495,5936311.25177111],[301023.78199250717,5936448.403901393],[301486.126507511,5936628.82329786],[301952.4374380541,5936671.433891213],[302058.262654181,5936194.33133558],[302933.49728563696,5936263.64324761],[303147.0297739108,5936224.49759365],[303416.7658510719,5936069.910505587],[303622.15081218013,5935869.6431820225],[303761.392499457,5935430.27534296],[303844.79238472297,5935233.15933987],[304317.2106018871,5935148.32902351],[304761.37008495,5935101.070821277],[304818.12008495,5935375.07082128],[304832.5218403351,5935741.99118615],[304482.116283193,5935957.00467499],[304621.5224133242,5936191.69565175],[304606.29706566,5937099.437659367],[304857.556824437,5936933.675404903],[304993.01978903404,5937073.97875849],[305293.22907079494,5936744.4654774],[305621.86797069595,5936812.78164485],[305675.522358848,5936687.578733007],[305811.417031155,5936639.29687267],[305661.431284058,5936492.202003052],[305684.99098487804,5936128.905890357],[305844.55237664713,5935927.702852963],[306108.83523782494,5935809.63848795],[306450.26619864604,5935232.64964728],[306978.51803125,5934033.88893809],[307153.9942216188,5934100.50764167],[307222.240671406,5934586.45377562],[307519.72861323506,5935022.58006036],[307864.3891129811,5935866.551059487],[308271.652792749,5936443.31541366],[308532.011375958,5936443.133727817],[308905.21854295186,5936726.144500407],[309268.2399100479,5936867.69574633],[309487.56813402916,5936930.579608847],[309696.755742485,5936861.75519967],[309753.25187765516,5936692.04014444],[309821.27446102793,5936330.113109888],[309945.82980491803,5936047.16971218],[310061.54877241206,5935796.84730687],[309663.834385831,5935389.73925749],[309940.91023215,5935024.60298889],[310628.4020567932,5935150.325287553],[311314.42882691696,5934859.34280853],[311597.405526924,5935074.23186444],[311848.7209171273,5935347.94861346],[311687.993029744,5935628.773120557],[311981.900514281,5936013.19047504],[312593.0932674561,5935990.71453277],[313215.1568761311,5935628.747631133],[312989.04387089994,5935175.998017207],[313022.650747312,5934802.79016627],[313317.039908531,5934248.512495663],[313548.4574712991,5934217.4960365025],[313950.5289578991,5934440.65873996],[314652.11039481894,5934587.8688551],[314990.035824424,5934716.388223553],[315556.83431302407,5934927.480731158],[315890.47377393185,5935120.646571117],[316444.59201033704,5935821.11887462],[316471.28687021905,5936227.512172583],[316552.66830514197,5936760.03182597],[317016.4265234079,5937438.9562764475],[317299.26671608,5937834.80548636],[317672.80893095897,5938049.77042147],[318000.62084131595,5938242.035028783],[318014.0532305201,5938467.18051187],[317945.90691961406,5938692.95172972],[317491.7730081411,5938898.25633658],[317005.2172155981,5939147.30998395],[316699.80696528207,5939011.48429376],[316541.58566408,5939124.5224742],[316643.23781657696,5939837.37423532],[316808.007980695,5940341.414213677],[316560.471666769,5940364.580735993],[316490.1899070069,5940393.55118204],[316269.7752657931,5940459.43858626],[316530.0769395849,5940787.5811207825],[316541.5338831281,5940979.7566016],[316371.800485141,5941194.73746168],[316315.296310614,5941409.8430921575],[316484.744865051,5941624.83072028],[316337.71101167705,5941997.95705629],[316535.1565527031,5942291.624268053],[316644.355858186,5942245.28503864],[317020.867152754,5942103.04327116],[317450.010332898,5941721.39594875],[317922.06876493106,5941488.62096508],[318002.24344221305,5941052.53343089],[317991.23978349625,5940709.671650873],[318253.4651027961,5940555.08520747],[319697.4731122011,5940504.68007402],[320123.092937095,5940428.48171299],[320516.04856547795,5939985.118071343],[320424.20524038305,5939503.132094097],[320553.36603253894,5939166.47658298],[321146.75080894295,5938855.21428091],[321583.612394216,5938814.27393839],[321524.08473404497,5938534.69190788],[321599.678158168,5938242.298787947],[321319.46459434903,5937597.56584097],[321426.630625469,5937231.00741445],[320926.89954429516,5935495.193266163],[320651.6295251938,5934542.916559797],[320704.928120974,5934311.22465428],[320549.56833799114,5933589.904331723],[320286.46246970806,5933236.085727673],[320619.341920336,5932799.670888697],[320863.9026099291,5932469.15732234],[321006.49422161886,5932145.7576416675],[321133.744221619,5931468.0076416675],[321014.34182511305,5931167.49377673],[321029.744221619,5931102.00764167],[322146.0946493241,5930474.86549689],[322039.81968043104,5930398.48377554],[322196.10696511506,5929943.048618313],[322258.569170099,5929651.219020178],[322411.71800508094,5929308.78938171],[322502.8277100751,5929088.71860524],[322879.077394007,5928758.830702677],[323210.493198909,5928766.5239926],[323260.85902863403,5928867.57904462],[324088.4795502911,5928866.5897656],[324513.79279135296,5928860.99278192],[325116.15208220296,5928830.671054303],[325189.99644769495,5928804.84083767],[325089.81265605194,5928742.788407373],[324829.12676916097,5928649.0974613],[324483.874781745,5928459.8852099],[324168.07333885715,5928330.8541457625],[323977.97516799904,5928051.99758327],[323927.11442952906,5927788.03209443],[323881.83483297704,5927477.758435813],[323799.1647465448,5927218.249688507],[323598.59963167505,5926732.225622433],[323410.7063175901,5926624.462189193],[323276.57186737494,5926508.5820819],[322953.94168351404,5926361.03250347],[322791.767395579,5926162.35057441],[322666.4520599211,5926002.129058697],[322527.744221619,5925932.50764167],[322283.35537665803,5925990.74879303],[322041.94382643304,5926068.98897399],[321811.11407228885,5926049.299202487],[321684.244221619,5925994.00764167],[321556.483057064,5925751.37320191],[321209.31900027907,5925393.693372893],[321292.454774196,5925181.6563641],[321295.677557745,5924788.266113383],[321382.82037542807,5924369.468451613],[321261.0519898699,5923885.47105505],[321251.12439292297,5923595.08017528],[321030.642375138,5923339.17121188],[320908.1944317571,5923165.5477296],[320616.3862997771,5922994.40627425],[320894.397646294,5922168.712371683],[321291.244221619,5921918.50764167],[321231.45948696893,5921633.92390964],[321041.0743864641,5921780.00674436],[320772.90678086295,5921691.62840129],[320805.84871533,5921386.329455812],[320726.77947095304,5920765.83614358],[320995.036043318,5920433.30215235],[321238.310526232,5920043.38811105],[321328.80838752596,5919719.896475593],[321572.499442757,5919618.70617061],[321600.0730732789,5919477.845638347],[321571.0718586111,5919322.68869375],[321551.8401032181,5919226.03411861],[321406.1830509547,5919158.03660049],[321241.656145443,5919206.47008883],[321077.0573938193,5919283.95479553],[320970.44778401894,5919468.15015838],[320738.649200225,5919287.91124982],[320022.568739426,5918775.094189977],[319584.1140562489,5918400.106628328],[319087.20468521805,5918152.2957557],[318751.63186620234,5917860.03255483],[318993.960803222,5917530.47029491],[319286.917854285,5917280.45848575],[319581.1252531711,5917116.819763433],[319730.3013416929,5916930.12287352],[320509.874814608,5916755.352594427],[321157.16825038195,5916315.49658533],[321115.5997958302,5915933.230251407],[320352.19227820006,5916029.66537193],[320302.260556882,5915605.99848793],[320084.920736618,5915612.07273922],[319643.40681779897,5915161.415675943],[321083.03490147507,5914808.379064397],[321330.15413273824,5915347.038782963],[321559.797733314,5915347.07327913],[322027.66680642706,5914163.565272229],[322054.3472208,5913845.43653088],[322486.97167692834,5913757.20416564],[322795.870946095,5913624.64333845],[322857.82272517006,5913518.73114717],[322981.607864683,5913209.669960037],[323149.19621936907,5912768.24482417],[323183.1561154231,5912631.86482006],[323069.622413859,5912476.826931412],[322636.96031761495,5911681.88325265],[322280.1189001349,5910957.166517828],[321864.813999102,5911336.27434017],[321254.41682947904,5911492.92857301],[320922.12344707805,5911597.847655943],[320904.527476612,5912032.22088855],[320763.226054501,5912061.91911774],[320171.077770893,5912132.598526013],[319655.52380264504,5912197.14174177],[319399.07463117014,5912224.367336407],[318892.51119603706,5912144.99649445],[318619.96873093606,5911933.88260063],[318252.6902935173,5911796.36671589],[318076.4945261893,5911865.297665663],[317815.506566528,5911869.90691643],[317520.2004723031,5911830.69759414],[317338.8226479171,5911952.113339229],[317457.39083713293,5912310.19547946],[317095.6862986138,5912654.758083907],[316654.45188549906,5912842.024296537],[316505.731993724,5913138.889066747],[316358.853977976,5913488.74567889],[316120.1462336872,5913744.7476495225],[315978.59848504,5913997.07626184],[315847.774062956,5914805.88800312],[315698.708492051,5915094.01906198],[315647.72434966895,5915661.37922531],[315524.614371976,5915674.68380633],[315190.837227329,5915656.57356805],[314985.68784111,5915528.39089904],[314673.92069473217,5915282.62563691],[314429.03549379803,5915182.8636387],[314113.08188594994,5915246.92046866],[313499.340397674,5915179.05710382],[312985.184153767,5915348.10084772],[312717.0243654542,5914945.228798193],[312632.7238166201,5914537.687485533],[312784.10755672614,5914467.100621968],[312722.075007756,5914137.56627871],[312439.866305026,5914029.09492284],[311532.015815172,5913719.60328556],[311271.36470999697,5914108.91809114],[310760.086416852,5914904.50469533],[310690.64731306385,5915702.411263567],[310489.158942299,5916257.53363954],[309927.4495058528,5916118.04976728],[309679.11623475107,5916124.49271974],[309629.22270729515,5915501.067800367],[309321.417260517,5915211.13649968],[309274.779257852,5914885.817053],[307574.841130535,5915060.2687550625],[307568.28084965085,5914593.373528747],[307552.33521631395,5914415.91073112],[306949.499201361,5914503.20758873],[306420.929614392,5914596.24893294],[306089.135584325,5914715.17473591],[305787.290153882,5914753.712490577],[305716.8574526631,5915257.729565618],[305666.4940347329,5915705.06026997],[305654.55918438395,5916293.33746599],[305681.54807959986,5916687.651621443],[305674.955608082,5917062.094408003],[305563.00601126,5917301.40573822],[305011.63099529315,5917383.988448908],[304557.19835254195,5917589.005422963],[304264.992734013,5917508.27985338],[303929.381724232,5917496.81633758],[303543.6139266258,5917552.230235008],[303541.4759960969,5917490.519159517],[303799.386776017,5917132.52230969],[303610.178164221,5916929.262813947],[303540.51989539084,5916539.726767127],[303787.90355082,5916410.00540106],[303892.272994171,5915659.90340137],[304113.4284597669,5915180.89458106],[303811.0550616799,5915094.62980999],[303382.31014749507,5914968.27548578],[303050.84133366006,5914838.4824824],[302313.56312883506,5914227.899286337],[301750.3298720401,5914044.160600822],[301794.8662145368,5913843.734833958],[301236.31951396493,5913611.455880282],[301434.114498548,5913091.61287018],[301571.51332575595,5912476.94675368],[301632.07132032805,5912183.16169686],[301424.17126624903,5911545.27811771],[301485.9406659261,5911286.71223224],[301670.48857551697,5910246.3902532],[301602.05175677605,5910063.16956117],[301308.07450593205,5909746.2276889775],[300303.78967133607,5909834.5854994925],[299882.86439186404,5909177.63273521],[299463.124491179,5909307.09330662],[298991.902181644,5909739.06790025],[298731.83331213216,5909630.854670688],[298355.61416056496,5909734.75755386],[298305.948144577,5909329.99312648],[298078.36455586506,5908887.168628503],[297787.83265684894,5908411.01554622],[297448.71604764205,5908069.636318683],[297214.21966475016,5907680.08185719],[297012.08660139824,5907544.969516633],[297069.37314114696,5907314.41880511],[296985.30494253896,5907177.511169587],[296774.32542659494,5907017.0229758425],[296515.3197934178,5906900.256769553],[296328.6599392931,5907127.64534319],[295967.80774455226,5907166.75181116],[295023.388778355,5907138.016701637],[294412.457494059,5907177.05010073],[293932.437651153,5907256.35376335],[293224.6082064369,5907704.767929337],[292843.4741042041,5907797.71095506],[292839.20554558607,5907426.616609112],[292837.1788418049,5907117.49315426],[292613.04135045497,5906737.84298082],[292439.7807247941,5906590.03492388],[292274.63777319825,5906273.850003312],[292058.17050593,5906211.39560358],[292025.79007024993,5906086.70169882],[291736.4108255061,5905952.23924045],[291599.5132756181,5905852.4246404],[291369.737439057,5905740.87464403],[290948.68808829493,5905303.054037933],[290886.54531396105,5905128.11782551],[290895.491133171,5904931.44828183],[290651.87256053794,5904533.21433258],[290527.621606651,5904520.02799418],[290201.38558343204,5904540.43143377],[289814.00353124907,5904736.57145924],[289594.35630918306,5904879.80907033],[289139.67739338987,5904932.707811037],[288614.040743849,5904974.32626587],[287938.3562516561,5905167.02290177],[287482.022507875,5905222.73265664],[287404.92764635105,5905213.51227384],[287854.4579558701,5905580.74171574],[288374.9696993681,5905580.697029083],[288718.2671900911,5905625.12660017],[288895.3958242864,5905868.79090751],[289161.1467519271,5906045.978483473],[289338.31390444905,5906223.039575313],[289349.2193308651,5906389.196506647],[289459.988735004,5906522.02776313],[289648.253664032,5906577.15679117],[289626.36659966415,5906776.6463491],[289858.7287513,5907020.09381057],[290113.29569302395,5907020.29598691],[290168.74556642387,5907285.856380967],[290146.50455966697,5907607.02121983],[289977.597757834,5907975.06498292],[289670.465260142,5908514.91840866],[289460.095397452,5909588.996678533],[288574.373858099,5909599.89067253],[288364.03855563106,5909268.02455355],[288009.65510870004,5909135.05482383],[288009.578528609,5908813.87316364],[288118.7140854669,5908454.993928627],[288133.50795379095,5908132.529340237],[288123.52182712,5907847.18652631],[287879.165706228,5907841.717973988],[287719.3535857,5907778.25667765],[287580.2959865129,5907757.09477849],[287383.057667348,5907753.72977211],[287100.8298110351,5907809.86209926],[286946.6358540951,5907773.235447903],[286747.4507717601,5907618.1051539825],[286559.0056168024,5907474.16730107],[286182.5897189722,5907551.677886433],[285983.39199270704,5907584.95237814],[285684.276780171,5907773.07396308],[285961.32692274894,5907939.0739471875],[285340.982923469,5909411.69704379],[285451.92798626295,5909600.06455909],[286127.25612867496,5909909.850797707],[285915.27208818693,5910063.873494203],[285595.330912948,5910071.031408367],[285572.505063743,5910411.55003926],[285430.5159984811,5910435.76524095],[285172.41973875195,5910444.78167081],[285125.96895146405,5911102.31094309],[284922.70725349407,5911248.508564957],[284666.14263209805,5911465.61359725],[284444.55056215404,5911493.10325769],[284321.55757641396,5911709.26061417],[283767.2511807631,5911859.987291433],[283237.658695555,5911747.90632565],[282772.50872027,5911393.39233243],[282551.04209016904,5911603.91374736],[282172.5816743331,5911684.982637983],[281809.355209285,5911592.83012229],[281554.67786768696,5911947.23813445],[281255.68988960003,5911825.450864118],[281012.07883382,5913286.90162181],[280908.91834056296,5913923.43091414],[280558.03843006096,5914903.37213784],[279882.521980503,5915312.83399508],[279738.9040658091,5915800.268244733],[279694.2138711,5916010.63406549],[279583.5312752911,5916254.31101294],[279827.3117105961,5916940.7709739],[280148.310345678,5917250.81910072],[280258.98317228496,5917416.705286783],[280369.8273912212,5917870.694822903],[280264.478970597,5917986.09633658],[280274.453135403,5918549.615564577],[279773.0740721542,5918998.33497254],[279608.996007866,5919701.83563286],[279278.0674626902,5920871.732185868],[279543.056606565,5921031.69759497],[279774.689427824,5921230.305223683],[279587.051153497,5921357.0833009],[279399.573302962,5921395.66144714],[279195.356868521,5921384.642314967],[278748.68461208476,5921285.344387718],[278434.0099002092,5921334.98756473],[277970.474180605,5921583.54275455],[277650.4555001861,5921837.2175301],[277070.9665091472,5922609.726374213],[277236.59543336806,5922813.64216929],[276712.5603155469,5923525.33191694],[276353.9369691429,5923354.469112908],[275973.40438220394,5923232.91896214],[275912.88129745505,5924126.69880154],[275956.8481473831,5924248.16841891],[276227.251300665,5924744.60984393],[276348.7694447451,5925003.9690106],[276448.121170852,5925169.49221],[276541.71650135994,5925307.322474857],[276464.561072816,5925379.09269177],[276232.91754612303,5925445.449976257],[275780.634417937,5925478.34945827],[275366.89068245795,5925704.643294897],[276840.178814537,5928435.7794462],[276899.05480167794,5928538.4330944],[277035.4944036009,5928728.14689625],[277211.3312272801,5928808.67144596],[277193.998568172,5928935.36842274],[276329.5973141052,5929131.95401408],[276329.34746702015,5929131.96275675]]]}},{"type":"Feature","properties":{"fid_1":"1551","symkey":"373","symtype":"14","text":"Landkreis Rostock IV","WkNr":"16","Nummer":"16","Wahlkreisnummer":"16","Wahlkreisname":"Landkreis Rostock IV"},"geometry":{"type":"Polygon","coordinates":[[[314268.25640077307,5974292.36386383],[315238.063351928,5974424.971367903],[315417.97359840304,5974505.48720579],[316751.3368659122,5974710.337923403],[316860.768250503,5974754.48687252],[317161.32978816703,5974502.40270824],[317364.82317216904,5974212.124061643],[317260.8440179811,5974020.548816227],[317244.249326603,5973707.33215103],[317148.96331619704,5973382.26994191],[317592.12757337396,5972755.40831023],[317872.222721835,5972388.63885566],[318213.825217,5972254.410950713],[318365.537818357,5972765.30862824],[319190.0103649481,5973129.94186789],[320221.2049293809,5973854.97784771],[321234.808162767,5973453.83156898],[321950.385900464,5973274.268914317],[322448.45609364903,5973063.76798066],[322157.6664715691,5972826.792002813],[322610.506664478,5972568.54148677],[322562.2831127801,5972404.11630538],[323016.846003748,5972051.0548445],[323707.04205079796,5972093.25140642],[324722.9950570731,5971858.157189667],[324594.343869681,5971721.698275267],[324376.61885995185,5971244.34839737],[324253.74408784905,5970955.09591329],[324035.57541893004,5970440.28009108],[324214.57481028105,5970086.58024456],[324402.3642190881,5970112.017501107],[324578.987454374,5970091.82673081],[324852.101524852,5970190.20115194],[325011.1550288121,5970273.82121905],[325352.603363306,5970281.13360283],[325746.86467980617,5970471.015087243],[325943.86654464994,5970645.27897326],[326133.52169620804,5970698.30432238],[326524.4736364611,5970546.47385542],[326860.87257310795,5970313.349432077],[327167.877562737,5969519.63422421],[327126.438466175,5969364.00288131],[327202.4904855321,5969204.649379362],[327302.7670415321,5969072.31790516],[327126.402470862,5968742.331481257],[327205.71496646,5968314.74850588],[327195.86170085496,5968189.1067055],[327048.68470552284,5967900.067033407],[326951.122501021,5968009.83408879],[326850.3510493664,5967905.48244206],[326474.334931734,5967338.509830923],[326278.86910094006,5966934.585430208],[326192.21789569804,5966530.613424827],[326256.14141443605,5966508.62876877],[326340.55107011925,5966475.91298473],[326318.494683399,5966228.27971524],[326273.591061597,5966145.80173127],[326141.9773830881,5966063.16474183],[326300.2709842911,5965813.905827518],[326158.148952216,5965646.42484486],[326037.69619677693,5964965.7197993],[325909.696237862,5964621.202651828],[325530.4720649051,5964075.97511241],[325256.874958728,5964369.45438096],[324860.43557255296,5964793.54341659],[324717.73448003724,5964947.867623003],[324625.79847394803,5965087.411149507],[324379.440697549,5965253.9670089],[324147.3306629141,5965141.907667752],[324035.307008773,5965037.82761882],[323698.74577800103,5965077.77231578],[323562.53661086806,5964893.614426543],[322945.897564651,5964765.5285891695],[322224.5183559789,5964580.98766891],[321663.74212251406,5963932.14616901],[321431.28069063113,5964056.82995844],[321279.216236752,5963708.00455775],[321615.8571625913,5963058.96670087],[321751.945221953,5962666.46208814],[321688.05717998696,5961945.410731517],[321567.750392688,5961889.489129467],[321599.857419088,5960687.909206702],[321506.025733817,5960323.68265308],[321447.466561435,5960095.24284586],[321503.86609914806,5959846.75774229],[321467.291849014,5959676.59563885],[321249.9765155711,5959735.71916266],[321079.5520118701,5959674.19946277],[320907.2634063461,5959602.97206194],[321079.0167992499,5959363.4666331],[321084.35552890203,5959186.44029679],[321068.7521689361,5959056.2967016],[321016.650604274,5958936.55881492],[320480.328251414,5958884.528145927],[320165.92313378514,5958828.63247954],[319978.88035254204,5958795.2485191],[319670.826685676,5958799.01896913],[319381.568812913,5958732.07191225],[319038.0549832161,5958577.36069341],[319152.49588303396,5958446.916068813],[319209.735839027,5958025.165935817],[319371.19773002714,5957686.64739092],[319303.421987272,5957551.41693078],[318876.5919304469,5957259.78946554],[319037.943556344,5956843.30477682],[319126.4489773391,5956436.87710313],[319041.4022249961,5956417.012360238],[318720.29206308,5956192.29134182],[318715.00371559197,5955832.99993444],[318597.58020797395,5955765.1046472],[318480.7431779,5955833.10329733],[317975.709925337,5956145.458355918],[317845.54075703,5956015.597581147],[317668.64100313,5955973.8221991],[317554.0939015399,5955921.72679826],[317402.943301382,5956202.75050897],[317340.563267544,5956411.32037662],[317267.583613595,5956739.200675],[316981.834441424,5956840.6579478],[316717.35122511117,5956953.206840677],[316510.76041237987,5957001.993952577],[316298.92827394605,5957030.78627318],[315843.907603487,5956637.7377732],[315465.836312269,5956535.984679587],[314950.33618077997,5956796.552651733],[313874.222668521,5956711.90126105],[313929.98540962796,5956546.50014614],[313976.7461903242,5956265.21545687],[313752.79403611,5956208.10152096],[313607.0753351471,5956119.53962242],[313372.691105417,5956494.604740047],[313289.68256978295,5956425.62941963],[313216.50999749795,5956275.75646938],[313133.18251890293,5955952.66223131],[313308.0563697969,5955819.489250073],[313138.558623788,5955697.84608254],[312950.95452840684,5955416.610163557],[313039.40386660304,5955327.88805774],[313049.995961654,5955015.699505787],[312976.905797816,5954932.60931078],[312951.067218838,5954474.305084983],[313133.173728534,5954317.91725157],[313034.2409420579,5954218.867469807],[313081.1760319959,5954036.66180239],[313076.13884784724,5953438.0622145785],[313643.07065874094,5953281.01068251],[313945.56580833497,5953167.36291807],[313909.118710454,5952953.70956166],[313935.276326394,5952807.98892391],[314316.59805290104,5952892.77255995],[314705.23590718897,5952668.322637417],[314633.276326394,5951677.73892391],[314336.27632639394,5950979.98892391],[314138.50142333703,5950714.560102527],[314403.98748594103,5950568.82372302],[314950.851640878,5950646.80208756],[314831.0837879081,5950964.37437189],[314966.603248139,5951563.22438209],[315058.500411892,5951847.73916088],[316817.4172988911,5952094.00329445],[317183.601316615,5952010.87955361],[317713.04098868696,5952555.32428173],[317903.388714378,5952745.43550892],[318054.27505793306,5952620.51626073],[318163.64006249595,5952635.871660277],[318257.210176338,5952474.76379413],[318330.2554090071,5952198.63750847],[318434.46241865295,5951995.62723018],[318377.332822509,5951521.80787478],[318262.41623274586,5950491.08740325],[318345.917379542,5950407.43209763],[318335.513748199,5950084.84339966],[318434.58223309903,5949917.874713477],[318439.707782245,5949704.8042497],[318257.628154687,5949569.215439837],[317877.19589742506,5948939.205385462],[317601.20585645,5949007.01406621],[317059.74353630596,5949397.51620158],[316577.49930132495,5949851.01444802],[316000.3381761841,5949854.91036529],[315732.53394586407,5949800.72358903],[315559.522320561,5949781.7639992125],[315461.1847205473,5949746.38524461],[315487.3496524354,5949371.53434513],[315414.5829120601,5949022.65618206],[315336.25195230095,5948585.29390997],[315237.38666633907,5948371.81296504],[315029.003392922,5947996.98072521],[314878.10468310805,5947668.86805302],[314825.7953889329,5947382.34657164],[314049.670503165,5947377.04688996],[313854.3000403771,5947340.0770878],[313690.43545626104,5947262.42121531],[312847.09003372595,5947174.00001831],[312185.84661658504,5946752.289793923],[311081.980428355,5946767.78578833],[310816.358345456,5946882.16154865],[310210.636383426,5947778.01633018],[309892.9641382911,5948000.261481243],[309661.3933639562,5948166.711478163],[309226.823266285,5947843.460967387],[308801.5141319922,5947625.9627997],[308718.87772857916,5947882.4980424],[308504.76740278094,5948002.61893502],[308029.1820393801,5947906.59391603],[307979.85777807597,5947704.07551103],[307686.7402364399,5947784.89973829],[307575.3139800379,5948020.980527948],[307275.344694203,5948173.63778065],[307032.46797170304,5948413.600804477],[306916.234560652,5948917.92101593],[306713.33510623104,5949157.3779453],[306467.86724995414,5948993.897194423],[306453.045386737,5949428.1811595475],[306333.883788576,5949593.44537146],[306368.6844465879,5949843.72014816],[305144.57971921295,5950408.30208227],[305300.7823977771,5950850.91257022],[305170.90111143317,5951102.858651833],[305257.4965745263,5951406.86209564],[305092.48014888994,5951658.37831261],[304760.6425456051,5951369.30293531],[304722.32931711094,5951657.76283396],[304433.0705845951,5951779.96921716],[304259.255441686,5952535.178598523],[303903.38577959,5952960.85009566],[303695.9210405331,5953383.268827933],[304159.53063951805,5954207.56027502],[304136.240933834,5954481.09598736],[303815.020333727,5954961.512316433],[303940.3569588789,5955268.084905127],[304480.0110716331,5955102.1500442],[304593.7012700691,5955392.534747483],[304446.84725699294,5955423.74991457],[304372.09457302606,5955695.43070896],[304271.79376740096,5955862.37756867],[304101.95041973307,5955998.636846197],[303982.6106151238,5956019.55943405],[303759.26010544406,5956063.63616152],[303625.57457656297,5956164.46446006],[303396.751371125,5956269.552882427],[303343.6618051381,5956156.81860085],[303448.14131915907,5955915.38101322],[303461.9973343512,5955639.486570753],[303155.61878416,5955612.16779371],[303006.987055456,5955737.23983449],[302941.74963627395,5955903.312743617],[302842.431188058,5956021.57064669],[302695.370000744,5956026.5770952],[302543.9722363231,5955911.96030518],[302445.406607754,5956400.09543521],[302505.4204977259,5956841.761809767],[302155.953003988,5956848.53610605],[302124.901740424,5957370.976158258],[301804.542445994,5957473.95394494],[301268.438042694,5957244.033664147],[300502.3200478072,5957110.6935042],[300476.08943903004,5957365.38382184],[300466.089434242,5957653.93392147],[301264.2157861211,5957739.241018559],[301936.775778327,5958237.31206157],[301875.43285415904,5958326.706234057],[301579.70184705395,5958707.54864481],[301358.273975483,5958814.097469321],[301031.7922846961,5959149.4589131875],[300896.2255024651,5959207.2196143],[300651.77774780605,5959162.72012008],[300391.171424094,5959028.2367159],[300086.82280323806,5958980.57929798],[299867.30028162594,5958940.722938697],[299453.89156557096,5958671.23710117],[297953.15990034805,5959256.71127156],[297712.987137103,5959119.76593498],[297480.56259723497,5958882.48523979],[297293.5142263508,5958834.234470758],[297011.52419126907,5958882.34467242],[296629.46425824903,5959037.52516455],[295824.34904645,5958640.13689988],[295846.88789661205,5958168.31690961],[294452.32790165604,5958721.05552702],[294306.938173931,5958997.79448101],[294278.2467195942,5959172.91284426],[294137.242546512,5959440.25283573],[293817.988690448,5959782.60824518],[293707.272865673,5959835.7584132],[293575.5727002501,5959574.18025514],[292600.32277224294,5960042.501275297],[291759.457576551,5960347.78650899],[291572.97622653504,5960573.195761447],[291824.106341918,5960916.62332959],[291999.6128977882,5961228.938493083],[292002.13995883614,5961451.736022163],[291926.985092996,5961635.21202275],[291865.808668377,5961809.95828901],[291739.2493104751,5961953.46522007],[291095.9513199058,5961970.415015227],[290883.093618919,5961813.99951579],[290717.251167123,5961907.08764829],[290532.53113159386,5962082.89891533],[290377.01791068993,5962164.634283933],[290097.8462572431,5962136.12174128],[289931.469058117,5962371.06865566],[289785.610343663,5962256.08624767],[289650.678655662,5962299.0768641],[289450.191360748,5962338.8514359],[289246.58384678094,5962596.87394126],[288969.138849521,5962786.665746641],[288778.020980312,5962929.92858018],[288708.7840317021,5962981.61937043],[288775.98660154606,5963186.642002413],[288794.9690229901,5963415.121326343],[288633.85717066703,5963644.37913118],[288779.95549842383,5963798.648888887],[289174.376891247,5964590.85349615],[289292.1094447982,5964738.836136253],[289401.56860049616,5964850.32971238],[289523.88035901997,5964911.5820236],[289742.229270917,5964745.87006788],[289932.841431087,5965418.87959448],[289804.22117713303,5966205.59776642],[289588.8082559601,5966737.772492742],[289362.74119372293,5967009.001961253],[289435.2546344912,5967337.904829753],[289258.652233946,5967524.44369304],[289395.85323359317,5967785.808948583],[289468.9323908752,5968001.63798793],[288963.40517488297,5968504.084645043],[288752.76286855,5968533.5200025],[288312.4732055171,5968359.4598419],[288182.74694674293,5968279.44706621],[287962.84785553,5968322.15364587],[287855.62768170924,5968503.752746803],[287518.709542945,5968626.8293364],[287164.84551067423,5968780.028230953],[286970.66872827406,5968814.07640966],[286595.430112951,5968820.938140027],[286557.6751224068,5968961.8348143175],[286724.4547259201,5969084.337564752],[287106.139373003,5969147.55169648],[287220.83172498,5969327.39381886],[287515.927944695,5969489.69907346],[286850.305553459,5969848.65321566],[287375.97103368916,5971198.132028863],[287281.136395402,5971305.002860327],[287105.86433595,5971529.50558434],[286963.8525067392,5971703.56923839],[286857.31732236303,5971876.39443055],[287084.03687610297,5972115.13542567],[287290.37075902603,5972178.481202553],[287432.1523945549,5972398.919926187],[287947.21131353,5972620.56431842],[288077.06666171306,5972714.59696112],[288139.91450084606,5972895.51356355],[288151.489053805,5973069.46896949],[288004.958738472,5973156.88650099],[287900.965078998,5973509.73112669],[287806.56912657,5973672.118312873],[287396.66242818395,5973925.57821574],[287209.804851683,5974097.699513232],[287103.020353448,5974270.530863913],[287272.542004067,5974647.59264766],[287531.141882523,5974989.78311044],[287796.564833937,5975162.12349042],[287920.78353821905,5975302.360733437],[288171.814549719,5975356.13416599],[288477.3404411641,5975330.45176207],[288899.34254282503,5975644.66649047],[289149.7838780612,5975538.61127001],[289184.98601667205,5975629.940255812],[289339.85148247704,5975845.67950437],[289450.2982245579,5976013.9264449775],[289614.9737855301,5976171.37763553],[289401.04361251416,5976318.035080463],[289153.08029421006,5976277.362823852],[288985.23308432696,5976508.5251322],[289101.90896412404,5977025.94825709],[289397.95522470993,5977286.29941693],[289488.1812869011,5977522.525424797],[289343.3015007701,5977864.280712103],[289445.967711957,5978024.79764994],[289604.967149487,5978079.06694776],[289478.555121926,5978261.390820753],[289104.8461522781,5978313.630902353],[289254.122715089,5978734.42553237],[289928.75686020206,5978576.03347692],[289999.47790077317,5979104.139370783],[290190.01815914584,5979209.806171537],[290024.3251050211,5980184.767178332],[289964.203674633,5980443.42588229],[289868.0497835501,5980469.291788437],[289408.18668102904,5980784.575807488],[289400.0212365851,5981195.8437554],[289554.37934927,5981332.53501838],[289577.1060147812,5981501.712255132],[289463.256739093,5981724.46765174],[289662.55221717,5981865.34071312],[289697.8755546232,5981850.452173623],[289758.504659827,5981853.08354248],[289892.669820184,5981876.9062679],[290082.97324906406,5981693.67784591],[290064.886229015,5981521.92659254],[290183.00599395385,5981379.04606782],[290435.531189539,5981760.41476618],[290646.20929580904,5981978.78023515],[290744.485553158,5981860.74338835],[290713.72773961606,5981698.021903383],[291240.49739569705,5981597.33912137],[291537.133248964,5981581.72716901],[291782.723614212,5981694.84603685],[292206.51533553697,5981222.78530135],[292314.08159839304,5981051.883632813],[292441.730197433,5981049.61838791],[292613.7003428261,5981035.68302159],[292931.78545912605,5980708.70272767],[293087.4612277772,5980836.064633492],[292991.51565416204,5980977.61324495],[293116.036227945,5981289.694383017],[293044.701487805,5981846.235537113],[293373.2363321189,5981867.82237698],[293462.84204515896,5982028.050902477],[293367.4280070502,5982159.953042713],[293935.084573388,5982799.02383844],[294314.68998744205,5982315.47625025],[294444.78599356103,5982681.51013754],[294739.9833336279,5983326.95974092],[295096.403643553,5984503.68235972],[295419.20494392,5984470.3991218],[295639.26785981795,5984708.778015507],[296095.86299060285,5984679.279579697],[296266.89298140607,5985101.13925009],[296902.8821714381,5985473.930752533],[296848.9864838468,5985772.117424117],[297448.026996695,5985946.45014178],[297994.5203138421,5986017.878837283],[298136.502192845,5986211.98195889],[298373.89594554703,5986365.48294447],[298427.2232035089,5986449.33629594],[298662.09769398905,5986260.02515473],[298366.89587326394,5985731.66598596],[298337.34062450705,5985465.78562038],[298376.1802076458,5985278.39274559],[298323.1703644439,5985063.687023628],[298439.19326175295,5984777.923208527],[298773.572018333,5984549.719993073],[298809.29106015293,5984276.553788987],[299094.14539792,5983813.86103439],[299065.30167814496,5983475.45228104],[299151.494972119,5983325.41090762],[299318.652069505,5983333.61676933],[299638.835448866,5983247.577328827],[300060.34024240513,5983428.803785413],[300386.5834363338,5983610.755320837],[300763.4702707421,5983514.13524049],[301053.46062209,5983617.80131319],[301248.8444880453,5983632.708698193],[301406.22115353704,5983846.02001897],[301774.92197948496,5984049.95631649],[302038.323801624,5984072.64289478],[302309.033394843,5984215.28361119],[302519.113749873,5983911.51911453],[302696.5435643481,5983673.101264047],[303134.7843385681,5983571.60718754],[303158.67445965006,5983402.57235595],[303340.6552100581,5983227.302268183],[303558.87729813205,5983080.726118293],[303598.34342820983,5982893.023405317],[303439.080736701,5982568.11657488],[303292.54688401683,5982364.435119867],[302897.83517809503,5981504.72001671],[302859.157374099,5981212.869527283],[302338.141457054,5981095.18221518],[302526.8236527422,5980710.185660043],[302691.594929818,5980261.14376702],[302827.835952583,5979886.914460433],[302295.464953918,5979607.804837303],[302127.32848910894,5979785.079955307],[301993.6013060541,5979804.31283217],[301682.810673642,5979854.54803338],[302050.18905335,5979282.3125177],[302071.86030976207,5978969.7159116],[302274.01243371493,5977928.839071513],[302476.87087489304,5977715.580679823],[302965.446064714,5977565.93849362],[303184.40393782203,5978062.34937415],[304171.1591158061,5977562.564259233],[304035.9855241372,5977061.269774742],[304477.3595780552,5976747.469769773],[304687.330497306,5977046.7433127],[305331.73930278304,5976623.28180958],[304840.21378721617,5975639.4065009225],[305113.93320830597,5975473.809847413],[304935.70762536407,5975066.21429445],[304783.9076917821,5974762.61746116],[304476.55734978704,5974603.92257768],[304556.521532838,5974136.22409673],[303948.52530874504,5973633.52637663],[304016.874002788,5973508.592758113],[304107.854488413,5973467.20991458],[304338.945057541,5973709.43114525],[304636.198000326,5973918.69649792],[305288.86461422394,5974348.25048353],[305472.94565536187,5974474.696772098],[305506.3030191992,5974191.20545871],[305795.31901366496,5974185.75932901],[305852.95772445604,5974405.88821001],[306467.18494923285,5974023.071350027],[306814.627401951,5973660.00496725],[307292.31904529,5973137.88757965],[307761.159883137,5972668.872367057],[308150.51966820704,5972288.592256467],[308566.43942880025,5972385.810401473],[308918.555203014,5972225.90510095],[309264.5105390781,5971927.66963272],[309371.7271743893,5971925.58345874],[309734.515161094,5972191.10914011],[309988.42952283635,5972290.80753149],[310303.793080527,5973661.93721071],[310836.1962085412,5973970.440644013],[310925.93623978103,5973995.12935348],[310888.277984596,5974421.11529333],[310862.41647074185,5974718.369918417],[310700.68337533507,5975173.33004441],[310563.73169114586,5975533.048820198],[310838.320730358,5975791.19031859],[310651.52632639394,5975982.488923913],[310483.026326394,5976148.73892391],[310250.77632639394,5976346.48892391],[310196.2348192771,5976553.965486867],[310291.667442624,5976585.7597328],[310468.25044441107,5976512.45264179],[311120.32512875495,5975973.11701481],[311517.10307205113,5975630.310836017],[312734.06177888886,5975518.317834587],[313587.542580031,5975382.30811677],[314424.77309420996,5975248.86182105],[314416.89265159913,5974918.948365212],[314268.25640077307,5974292.36386383]]]}},{"type":"Feature","properties":{"fid_1":"1554","symkey":"299","symtype":"14","text":"Landkreis Rostock III","WkNr":"15","Nummer":"15","Wahlkreisnummer":"15","Wahlkreisname":"Landkreis Rostock III"},"geometry":{"type":"Polygon","coordinates":[[[345246.614369798,5948514.1257302975],[345120.7564215601,5948199.57429233],[344984.2249241,5947810.96217939],[344504.4918306543,5947745.96750614],[344207.384087026,5947590.641998577],[343502.32065314497,5946696.67225279],[343073.035661662,5946183.6182762],[343007.66625506105,5946328.45613188],[342797.761670067,5946399.32486757],[342087.588767258,5946435.96666676],[341898.67722127493,5946593.516530967],[341699.2781254151,5946719.47947033],[341734.126738579,5946951.281428383],[341373.866449174,5947034.47911305],[341216.3117722238,5947191.709124708],[341090.51017291006,5947454.28273342],[340918.0678940979,5947579.89440537],[340472.22550477704,5947630.157738863],[340221.44810360996,5947682.583513022],[340128.281842532,5947694.97532676],[339310.6978384841,5947616.25155851],[339022.98419405404,5947696.123774993],[338779.55330261705,5948233.86659798],[338609.552802569,5948455.403718253],[338296.1581404081,5948335.20979532],[338174.79052139004,5948479.68737493],[337866.873036838,5948452.02137128],[337573.8886926621,5948293.17006796],[336863.694199726,5948292.38393303],[336743.84431395016,5948141.443098793],[336250.41455328604,5947916.72259168],[335801.56787710893,5947898.399266058],[335505.661038434,5947891.982398967],[335355.533260628,5948077.33098893],[335039.673799291,5948416.31495572],[335051.847127703,5948636.02076448],[334984.1563861581,5949111.17730753],[334731.82484620693,5949457.90508905],[334965.4165958031,5949601.96107592],[334917.620921334,5949933.314753503],[334705.26075416594,5950201.06499397],[335016.795570518,5950597.692479663],[334078.994678888,5951977.896758967],[333543.7229287911,5951673.5615025],[332799.9741168581,5951267.12669123],[332661.41466999915,5951652.519826387],[332683.48811499507,5951803.8834863],[332851.08200383186,5952082.7603575075],[333113.61210175604,5952355.69360362],[333197.143272075,5952702.0536785],[333176.28625766817,5952953.9748572325],[332800.66726931604,5952817.62828767],[332605.78666112304,5952719.63081341],[332492.61576712795,5952630.77691647],[332325.714827111,5952450.49480819],[332153.208475076,5952398.33771657],[332148.28571126505,5952365.676849987],[332326.30693085,5952219.28286454],[332389.24178592407,5951925.60480464],[332200.1516173892,5951652.58683087],[332145.54155428894,5951163.352479448],[332239.71811120305,5950957.14578982],[332088.958703025,5950759.48002859],[331800.5242042111,5950482.074484273],[331623.088496377,5950812.9528255025],[331371.169052243,5950592.378290038],[332336.69221828296,5949606.08764699],[332609.56779185997,5949417.104100937],[332705.812131366,5948953.849554087],[332337.240074952,5948975.446573533],[332151.5394485011,5948691.7733821],[331951.50230983994,5948751.68108625],[331536.5637079729,5948986.400201627],[331681.12700810994,5949068.73716577],[331077.3428648771,5949532.53214106],[330818.76579516893,5949484.8625589],[330463.2719499259,5950199.262464267],[329670.940780284,5950025.88148075],[328189.44423065707,5949632.367275957],[327981.117876819,5949501.04315937],[327981.30483805784,5949487.762137807],[328044.015259358,5949123.02945836],[328278.30234568706,5948643.99429162],[328624.137581042,5947896.2318964],[328965.9729380399,5947520.73757134],[329250.9063122212,5947328.313057333],[329068.84550546505,5946832.2035398],[328640.57435044996,5946187.69406399],[328779.230303257,5946047.601668047],[328894.23409307795,5945019.36215082],[328538.143773603,5944956.835545323],[328642.181752719,5944347.830165978],[328757.63526475907,5943875.31744808],[328789.183947521,5943350.47173105],[328436.956761781,5943045.21649892],[328194.5743313121,5942945.36469673],[328312.662959852,5942614.248711827],[328215.255045715,5942490.898765937],[328039.8882243179,5942547.81627602],[327876.7750782911,5942486.0042656725],[328066.786300941,5942115.5714576],[328968.99356801505,5940350.76147723],[328573.56930975395,5939399.36153946],[327987.8599723871,5939112.37140708],[327735.827745753,5938538.16085427],[327265.086139387,5938710.62406217],[327333.93897328794,5939031.802576677],[327232.09450651286,5939278.93043284],[327104.13438200695,5939444.88971814],[326231.9825460579,5939536.963341037],[325951.658865132,5939653.43976383],[326232.029681026,5940592.727799847],[325425.923788005,5940568.03918853],[324871.90355154197,5940688.8083538],[324723.226736282,5941164.5079475],[324556.337963418,5941579.085872],[324367.49023516686,5941492.59707046],[324096.321864452,5941476.753666193],[323718.02027815406,5941295.58226893],[323877.708509917,5940739.4273438],[323649.1814843409,5940517.60533226],[323521.631163014,5940324.71298265],[323195.58502525894,5940107.48216404],[322999.915526708,5940020.27151482],[322868.78905083006,5939996.05735456],[322386.833699913,5939640.21568248],[322363.72293027805,5939364.690346617],[322214.508131798,5939112.19497204],[321962.03090121807,5938905.477132647],[321583.594908879,5938813.774244223],[321146.73332360596,5938854.71458674],[320553.34854720195,5939165.97688881],[320424.18775504595,5939502.63239993],[320516.0310801411,5939984.61837717],[320123.0754517582,5940427.982018817],[319697.455626864,5940504.180379847],[318253.4476174591,5940554.585513303],[317991.22229815903,5940709.1719566975],[318002.22595687583,5941052.03373672],[317922.05127959396,5941488.121270907],[317449.992847561,5941720.896254582],[317020.8496674171,5942102.54357699],[316644.33837284904,5942244.78534447],[316535.139067366,5942291.124573877],[315849.957358127,5942474.68425871],[315372.61985269806,5942983.3155600075],[315737.05036614824,5943866.9433796825],[314996.624236855,5945196.81167088],[314784.6784021942,5947009.52196683],[314825.77790359606,5947381.8468774725],[314878.08719777106,5947668.36835885],[315028.9859075849,5947996.48103104],[315237.3691810017,5948371.31327087],[315336.2344669641,5948584.794215797],[315414.565426723,5949022.15648789],[315487.33216709807,5949371.03465096],[315461.16723521,5949745.88555044],[315559.504835224,5949781.26430504],[315732.51646052697,5949800.22389486],[316000.320690847,5949854.41067112],[316577.48181598797,5949850.51475385],[317059.726050969,5949397.01650741],[317601.1883711129,5949006.51437204],[317877.17841208796,5948938.705691287],[318257.61066935037,5949568.715745673],[318439.690296908,5949704.30455553],[318434.56474776205,5949917.37501931],[318335.496262862,5950084.34370549],[318345.89989420515,5950406.932403463],[318262.398747409,5950490.58770908],[318377.315337172,5951521.3081806125],[318434.444933316,5951995.127536007],[318330.2379236701,5952198.1378143],[318257.1926910009,5952474.264099957],[318163.62257715897,5952635.371966107],[318054.25757259596,5952620.01656656],[317903.371229041,5952744.93581475],[317713.02350335,5952554.82458756],[317183.583831278,5952010.37985944],[316817.399813554,5952093.503600283],[315058.482926555,5951847.239466713],[314966.585762802,5951562.72468792],[314831.066302571,5950963.87467772],[314950.8341555411,5950646.30239339],[314403.97000060405,5950568.324028847],[314138.48393799993,5950714.060408363],[314336.258841057,5950979.48922974],[314633.258841057,5951677.23922974],[314705.218421852,5952667.82294325],[314316.5805675639,5952892.272865777],[313935.258841057,5952807.48922974],[313909.10122511705,5952953.20986749],[313945.54832299805,5953166.8632239],[313643.05317340395,5953280.51098834],[313076.12136251,5953437.56252041],[313081.15854665905,5954036.16210822],[313034.22345672105,5954218.36777564],[313133.15624319704,5954317.4175574],[312951.0497335009,5954473.80539081],[312976.888312479,5954932.10961661],[313049.978476317,5955015.19981162],[313039.386381266,5955327.38836357],[312950.93704307,5955416.11046939],[313138.5411384511,5955697.346388367],[313308.03888446,5955818.9895559],[313133.16503356595,5955952.162537137],[313216.4925121609,5956275.256775207],[313289.665084446,5956425.12972546],[313372.67362008,5956494.10504588],[313607.05784981,5956119.03992825],[313752.77655077307,5956207.60182679],[313976.72870498704,5956264.7157627],[313929.96792429104,5956546.000451967],[313874.2051831842,5956711.40156688],[314950.318695443,5956796.052957557],[315465.818826932,5956535.48498542],[315843.89011815004,5956637.23807903],[316298.91078860895,5957030.28657901],[316510.742927043,5957001.4942584075],[316717.33373977407,5956952.70714651],[316981.816956087,5956840.15825363],[317267.566128258,5956738.70098083],[317340.54578220693,5956410.82068245],[317402.9258160449,5956202.250814797],[317554.07641620305,5955921.22710409],[317668.623517793,5955973.32250493],[317845.52327169303,5956015.09788698],[317975.69244000013,5956144.958661753],[318480.725692563,5955832.603603163],[318597.56272263697,5955764.60495303],[318714.986230255,5955832.50024027],[318720.2745777429,5956191.7916476475],[319041.384739659,5956416.51266607],[319126.431492002,5956436.37740896],[319037.9260710068,5956842.805082647],[318876.57444511005,5957259.28977137],[319303.404501935,5957550.91723661],[319371.1802446899,5957686.147696753],[319209.71835369,5958024.66624165],[319152.4783976972,5958446.41637464],[319038.037497879,5958576.86099924],[319381.55132757593,5958731.572218077],[319670.809200339,5958798.51927496],[319978.8628672052,5958794.748824927],[320165.90564844804,5958828.13278537],[320480.31076607713,5958884.028451763],[321016.633118937,5958936.05912075],[321068.734683599,5959055.79700743],[321084.33804356493,5959185.940602617],[321078.99931391305,5959362.966938927],[320907.245921009,5959602.47236777],[321079.5345265331,5959673.6997686],[321249.959030234,5959735.219468493],[321467.274363677,5959676.09594468],[321503.8486138112,5959846.258048123],[321447.4490760979,5960094.743151687],[321506.00824848004,5960323.18295891],[321599.83993375103,5960687.409512527],[321567.7329073511,5961888.989435303],[321688.03969464987,5961944.911037353],[321751.927736616,5962665.96239397],[321615.83967725397,5963058.4670067],[321279.1987514151,5963707.50486358],[321431.26320529403,5964056.33026427],[321663.72463717684,5963931.646474843],[322224.500870642,5964580.48797474],[322945.8800793139,5964765.028895],[323562.51912553096,5964893.11473237],[323698.72829266405,5965077.27262161],[324035.2895234361,5965037.32792465],[324147.313177577,5965141.40797358],[324379.42321221204,5965253.46731473],[324625.78098861105,5965086.911455343],[324717.7169947,5964947.36792883],[324860.41808721586,5964793.043722417],[325256.857473391,5964368.95468679],[325530.454579568,5964075.47541824],[325909.67875252524,5964620.702957663],[326037.67871143995,5964965.22010513],[326158.1314668793,5965645.92515069],[326300.253498954,5965813.406133353],[326141.959897751,5966062.665047662],[326273.57357626,5966145.3020371],[326318.477198062,5966227.780021067],[326340.53358478216,5966475.41329056],[326256.1239290992,5966508.1290746],[326192.20041036094,5966530.11373066],[326278.85161560297,5966934.08573604],[326474.3174463969,5967338.010136747],[326850.3335640291,5967904.98274789],[326951.10501568404,5968009.33439462],[327048.667220186,5967899.567339237],[327195.8442155181,5968188.60701133],[327205.6974811229,5968314.248811707],[327126.3849855249,5968741.83178709],[327302.749556195,5969071.81821099],[327202.4730001951,5969204.149685187],[327126.420980838,5969363.50318714],[327167.8600774,5969519.13453004],[326860.8550877711,5970312.84973791],[326524.4561511241,5970545.974161252],[326133.50421087095,5970697.80462821],[325943.84905931307,5970644.77927909],[325746.84719446907,5970470.51539307],[325352.58587796893,5970280.63390866],[325011.137543475,5970273.32152488],[324852.084039515,5970189.70145777],[324578.969969037,5970091.32703664],[324402.346733751,5970111.517806943],[324214.55732494406,5970086.080550393],[324035.55793359294,5970439.78039691],[324253.72660251195,5970954.59621912],[324376.6013746151,5971243.8487032],[324594.326384344,5971721.1985811],[324722.977571736,5971857.6574955],[323707.0245654611,5972092.751712247],[323016.828518411,5972050.555150327],[322562.2656274431,5972403.61661121],[322610.489179141,5972568.0417926],[322157.648986232,5972826.29230864],[322448.43860831193,5973063.26828649],[321950.36841512704,5973273.76922015],[321234.79067743034,5973453.33187481],[320221.18744404404,5973854.47815354],[319189.992879611,5973129.442173723],[318365.52033302,5972764.80893407],[318213.807731663,5972253.91125654],[317872.20523649803,5972388.13916149],[317592.1100880371,5972754.90861606],[317148.94583086006,5973381.77024774],[317244.2318412659,5973706.83245686],[317260.826532644,5974020.0491220625],[317364.80568683206,5974211.624367467],[317161.31230282993,5974501.90301407],[316860.750765166,5974753.98717835],[316751.319380575,5974709.838229227],[315417.9561130658,5974504.98751162],[315238.04586659104,5974424.47167373],[314268.2389154359,5974291.864169657],[314416.8751662618,5974918.44867104],[314424.755608873,5975248.36212688],[313587.525094694,5975381.8084226],[312734.04429355206,5975517.81814042],[311517.085586714,5975629.81114185],[311120.30764341797,5975972.61732064],[310468.232959074,5976511.95294762],[310291.64995728707,5976585.26003863],[310196.21733394,5976553.4657927],[310250.7588410571,5976345.98922974],[310483.0088410571,5976148.23922974],[310651.50884105696,5975981.989229737],[310838.3032450209,5975790.690624417],[310563.7142058091,5975532.549126033],[310700.665889998,5975172.83035024],[310862.398985405,5974717.87022425],[310888.260499259,5974420.61559916],[310925.9187544441,5973994.629659307],[310836.1787232039,5973969.940949837],[310303.77559518995,5973661.43751654],[309988.41203749867,5972290.30783732],[309734.49767575704,5972190.609445943],[309371.7096890521,5971925.083764573],[309264.49305374094,5971927.16993855],[308918.5377176772,5972225.405406782],[308566.42194346286,5972385.310707297],[308150.50218287,5972288.0925623],[307761.1423978,5972668.37267289],[307292.30155995296,5973137.38788548],[306814.609916614,5973659.50527308],[306467.16746389604,5974022.57165586],[305852.940239119,5974405.38851584],[305795.301528328,5974185.25963484],[305506.28553386196,5974190.705764542],[305472.928170025,5974474.19707793],[305288.847128887,5974347.75078936],[304636.180514989,5973918.19680375],[304338.927572204,5973708.93145108],[304107.8370030761,5973466.71022041],[304016.85651745106,5973508.09306394],[303948.507823408,5973633.02668246],[304556.504047501,5974135.72440256],[304476.53986445,5974603.42288351],[304783.890206445,5974762.11776699],[304935.69014002697,5975065.71460028],[305113.915722969,5975473.310153238],[304840.1963018791,5975638.906806747],[305331.72181744606,5976622.78211541],[304687.3130119693,5977046.24361853],[304477.3420927181,5976746.970075597],[304035.9680388,5977060.77008057],[304171.141630469,5977562.064565057],[303184.386452485,5978061.84967998],[302965.42857937707,5977565.43879945],[302476.85338955605,5977715.08098565],[302273.99494837807,5977928.339377337],[302071.8428244251,5978969.2162174275],[302050.1715680129,5979281.8128235275],[301682.793188305,5979854.04833921],[301993.58382071706,5979803.813138],[302127.3110037721,5979784.580261143],[302295.447468581,5979607.30514313],[302827.818467246,5979886.41476626],[302691.57744448096,5980260.64407285],[302526.806167405,5980709.685965867],[302338.12397171697,5981094.682521007],[302859.13988876215,5981212.36983311],[302897.81769275805,5981504.22032254],[303292.52939868,5982363.9354257],[303439.063251364,5982567.61688071],[303598.325942873,5982892.52371115],[303558.85981279495,5983080.22642412],[303340.637724721,5983226.80257401],[303158.6569743129,5983402.072661777],[303134.7668532309,5983571.107493373],[303390.25884105696,5983861.73922974],[303411.33023925894,5984098.1912456],[303831.72347469,5984629.304247113],[303915.81987119,5985044.13346437],[304184.05914115097,5985044.318107],[304173.6259513372,5984797.260909403],[304367.79439382,5984666.018789347],[304573.06079672,5984889.24829896],[304882.90325727395,5984750.052966927],[304940.72990374314,5984776.226568943],[305174.599199443,5984868.43699115],[305293.34687315905,5984681.54019438],[305848.888910361,5984457.37258607],[306188.570990761,5984628.54392408],[306539.1808101431,5984809.892234183],[306717.83342836297,5984997.2761261],[307104.09134829603,5984962.264852],[307356.29541341006,5984791.86105007],[307719.833139956,5984786.411294507],[307765.5011224131,5984786.07693629],[308081.41649588407,5984785.30117614],[308049.758841057,5984900.98922974],[307961.00367397285,5985133.290836527],[307894.177727216,5985258.86456192],[307651.8873324332,5985369.3877024725],[307468.517486903,5985541.14706592],[307480.53522069706,5985885.19350412],[307961.05215797084,5986106.5470632175],[307933.83406618296,5986315.24496834],[307899.61438082193,5986581.711232437],[308107.566126412,5986849.38631707],[308047.5051534211,5987120.89781226],[307875.85505548306,5987391.80334262],[307999.0088410571,5987828.239229742],[308551.36212042614,5987636.83261334],[308565.828224118,5987389.04127071],[308890.41446403804,5987344.22451954],[309005.2453221029,5986809.257450497],[309056.280752621,5986408.18783908],[309093.3905383739,5986211.0927100275],[309431.0941943381,5986031.94789222],[309476.5586050429,5985729.43946219],[309770.01429001,5985816.00255428],[310204.152150736,5985606.90760757],[310062.62195622,5985421.0867231],[310234.3220753579,5985287.304338187],[310470.1099577711,5985484.714389953],[310601.6646874212,5985103.780156448],[310971.84382186504,5985188.4126468],[310890.439685971,5985550.474239187],[311571.765450038,5985892.28422063],[311571.7588410571,5985783.98922974],[311610.0143694802,5985408.13229561],[311737.323047311,5985204.51440674],[311686.22884354705,5984937.11366688],[311584.547741863,5984631.19293555],[311788.073527256,5984593.307727693],[312125.60412521963,5984338.60344284],[312422.8447390731,5984134.390998617],[312486.653459438,5984099.14263403],[312563.91350524104,5984069.428196093],[312766.014921443,5984083.13330716],[312991.8330690421,5984204.754951803],[313330.993580234,5984230.25545916],[313539.471872156,5984064.517265343],[313908.65815909114,5983880.057683443],[314061.464084807,5984083.78593584],[314265.57820838306,5984351.14922535],[314925.80979329115,5984294.626754203],[315093.23423893313,5983847.98414963],[315169.754754976,5983363.86688751],[315504.73273908196,5983138.978279977],[315734.995544445,5983027.874542573],[315773.59588459495,5983467.04494087],[315791.22562870407,5983570.74284163],[315787.528862069,5984032.6968309],[315889.20975339203,5984402.06472329],[315825.832346807,5984701.41522121],[316051.491954303,5984702.83968562],[316352.25524141407,5984715.11030826],[316734.5832962773,5984624.712183473],[316777.233342013,5984427.954104397],[316989.5150188431,5983525.63507746],[317027.457286053,5983245.32490429],[317315.4896708779,5982888.98321889],[317383.692537257,5983260.430580167],[318124.44245928,5982953.17891024],[318383.2926122929,5982922.876710903],[318877.4978869399,5983131.441714827],[319329.869631344,5983123.4638416],[319593.58348779497,5983103.49819821],[320128.5088410571,5982615.989229742],[320903.79984945105,5982442.11941253],[321190.0671740719,5982206.63703533],[321508.4971508711,5982001.950696553],[321805.91259566403,5981856.52940611],[321938.5783848921,5981894.68336211],[322101.3709628701,5981764.676739967],[322293.5425505389,5982059.400243987],[322815.1509302661,5981981.875948487],[322721.25743208604,5982282.60547087],[322306.226996165,5982422.42454116],[322433.48860990105,5982942.02548305],[322410.77011871303,5983078.48767085],[322175.88305666705,5983245.31290107],[321940.4645048531,5983404.38147821],[321824.16360977804,5983596.95267373],[321713.112274567,5983762.17896083],[321741.4458048078,5983814.221838003],[322076.93051321805,5984200.495399717],[322482.37524494994,5984658.87831535],[322630.031772504,5984981.22278559],[322737.42604401696,5985221.827903173],[322942.72091287095,5985226.65835949],[323178.99806702696,5985230.19915435],[322976.900349963,5985754.3556646],[323148.346445726,5985792.57687415],[323213.188362852,5985789.812378103],[323283.188362852,5985756.3123781],[323389.78974224604,5985715.103429893],[323636.113395893,5985626.95315959],[323891.2320907579,5985841.663030367],[324170.23629270284,5986022.303375977],[324398.40834427206,5986173.6825023],[324433.32901597605,5986352.77997075],[324425.4219728509,5986724.34987182],[324378.90699489997,5986902.46668962],[325006.628916944,5986952.05173883],[324993.5368345741,5986806.67065382],[325499.3501273511,5986742.4427366],[325629.62757171993,5986304.86919993],[325755.57537025306,5985878.14452723],[325896.1948230921,5985478.07072623],[325927.254509234,5985284.48550752],[325935.02571506496,5985113.91322451],[325795.738795782,5985005.74329284],[325304.797722674,5984650.37200958],[325625.314015239,5984014.748744553],[325653.5469422522,5983841.9583736025],[325509.1480330239,5983689.43016697],[325702.869481076,5983224.95243535],[325789.259347007,5983014.71814658],[325977.799156277,5982790.501615482],[326205.98688192305,5982915.433920147],[326477.450728307,5982738.79216213],[326608.44435736793,5982536.33148131],[326945.3030199071,5982379.73599026],[327312.78424784297,5982226.51350601],[327630.438362852,5982869.0623781],[327860.400629902,5983233.325278787],[328191.872289308,5983408.868261158],[328457.52951976494,5983675.49720438],[328643.149671445,5983905.77560764],[328838.33023650805,5983913.98848249],[328923.3302365078,5983836.738482487],[329207.78927423805,5984238.15845944],[329344.0844290301,5984408.56224491],[329423.97253947495,5984468.30504623],[329504.85819756903,5984227.784584053],[329577.762960223,5984187.96598811],[329654.3757944021,5984254.33266754],[329624.3084553308,5984611.099335157],[329639.61818956,5984748.64882457],[329883.58854712907,5984893.97290939],[329998.5002464289,5984867.946694448],[330014.732652589,5984727.101387923],[330053.611696476,5984572.04449908],[329983.7788133321,5984363.0888859425],[330092.2826585872,5984239.35937233],[330332.219923337,5984192.79780102],[330507.79133409506,5984373.12125753],[331028.97794354905,5984711.48402091],[331586.893174639,5984908.78745978],[332120.56345976295,5984943.64810719],[332677.39648941206,5984749.39197857],[333184.85778404097,5984581.82976042],[333167.169858746,5984282.51397653],[333306.6601001262,5984176.832845683],[333551.364820431,5984271.34187098],[333684.507251102,5984084.14634561],[333947.461176206,5983844.21211947],[334144.200912599,5983805.61668498],[334342.50580547703,5983836.79402462],[334582.41078405804,5983844.38277998],[334629.04813975596,5983658.7472471],[334427.46947666304,5983287.03340056],[334379.91269929917,5983112.718367333],[334458.572404952,5982760.558435237],[334566.982373934,5982590.30577271],[334598.096669717,5982241.954157407],[334582.39694809995,5982055.869930187],[334690.7254398542,5981777.369517133],[335037.994725154,5981771.184409592],[335596.469839521,5981676.82377022],[335782.567653726,5981575.94520533],[335886.0475985089,5981428.378963317],[336195.118261265,5981244.29151659],[336499.634654735,5981061.99189077],[336811.94981822604,5980886.485334903],[336944.019972372,5981034.1066850275],[336773.88109929196,5981173.22034466],[336889.759594267,5981475.33528587],[337083.431247549,5981475.35423823],[337152.99088599696,5981560.48244285],[337076.76899074705,5981685.971757943],[336930.2971463541,5981882.703341682],[336874.2765822031,5982234.13862969],[336680.14379099105,5983256.00376246],[336816.716929446,5983501.91828819],[336943.50884105696,5983650.73922974],[337415.77630736807,5983743.73111202],[337728.69777917804,5983702.71573629],[338259.41554451897,5983620.89410987],[338701.9057707931,5983674.72876463],[338970.73680997605,5983686.35055322],[339379.15043525305,5983791.421225],[339474.30044841685,5983825.619951617],[339188.775031155,5984254.58571256],[339254.93440664,5984438.24130001],[339327.96332424716,5984657.26916386],[339366.8623379348,5984866.140711127],[339444.241895671,5985160.36789619],[339704.653884524,5985476.57757905],[340048.079874024,5985578.55499157],[339978.7819682101,5985761.92890214],[339598.672836913,5986159.431842413],[339306.38592885097,5986266.06001117],[338843.6704427069,5986589.689434857],[338623.45851559006,5986832.408077793],[338432.87507582013,5986751.736532961],[338153.059837664,5986819.039613393],[337852.354547212,5986847.05675255],[337669.06153978396,5987071.0900613],[337554.5720794359,5987245.67131138],[337499.5280220411,5987553.301229508],[337760.53890493885,5987505.62751787],[337866.99890979193,5987617.29219108],[338086.55031682504,5987481.53422948],[337956.36905551597,5987242.43545218],[338376.8341799361,5986990.60720506],[338572.53753965895,5987086.3325429475],[338805.90654353006,5987341.0847009625],[339339.534502137,5987027.277170117],[339568.118041439,5986968.012316877],[339761.34341108194,5987179.161078317],[340117.1939652547,5987275.823140867],[340290.53380237205,5987468.37910901],[340458.58826945,5987610.56561633],[340404.38068525307,5987740.81444494],[340581.59473828506,5987809.65277386],[340794.679215336,5988037.104558277],[341295.398869026,5988054.59686746],[341303.68020285876,5987719.3522075275],[342016.971139356,5987379.19988517],[341666.5880424271,5987081.270786413],[341925.304896628,5987047.202445513],[342268.036862,5987133.376080173],[342803.3666201921,5987126.54456617],[342902.89068405994,5986968.2173],[343405.61065591185,5986615.421052287],[343654.329991192,5986716.7546183225],[343869.88426295796,5986729.22302669],[343944.168509412,5987136.63579661],[344166.92637681006,5987218.912670232],[344133.8503267821,5987420.212661123],[344449.36335657106,5989144.72529841],[344619.936902976,5989438.69760301],[344709.46816031204,5989710.74474969],[344880.8826205549,5989735.738374747],[345064.05471249996,5989830.39061842],[345859.09902057797,5989846.34714351],[345838.97284326097,5990400.25232872],[346179.71361628396,5990480.16058955],[346572.53769084066,5990418.16329978],[346740.920694215,5991219.849363533],[347297.6556102431,5990959.47070508],[347710.9437891571,5990939.503827797],[348060.432218469,5990496.51272001],[348600.75287684693,5990181.218301907],[348982.484783179,5990067.25536083],[349146.14376226696,5990011.748144507],[349211.202327561,5989897.90336825],[349260.7625970864,5989820.1226368025],[349175.07507366606,5989779.17828522],[348912.4034247631,5989731.86456472],[348661.82416796207,5989416.26268528],[348731.7413844031,5989364.093929883],[348829.8178083289,5989493.24312682],[348963.104789946,5989670.690528978],[349145.37814504,5989675.31913813],[349150.39143160405,5989504.03905477],[348909.62337014533,5989407.64991855],[348817.95650989213,5989311.546787843],[348882.23385763704,5989254.013775],[350359.78154204506,5988029.81891784],[350877.4951189498,5988255.725271117],[350938.617869391,5988560.18184637],[351270.8840150869,5988576.81544673],[351499.947403488,5988667.6156659275],[351701.5048223081,5988787.39549521],[351796.644574809,5988882.88573952],[351892.531960338,5988999.60632569],[352081.453480409,5989359.74368109],[352361.2782837837,5989609.066420247],[352488.84820348304,5989492.86413251],[352578.8210586241,5989356.80707976],[353024.32829896593,5989239.20409075],[353054.52785702597,5989096.509504677],[353220.075602134,5989139.81790931],[353334.2215544351,5988768.45421263],[353493.84736673604,5988745.10931155],[353512.15824670997,5988605.456347153],[353656.2467624099,5988484.59270363],[353743.7556285029,5988333.18985242],[353975.4897893921,5988200.00448844],[354066.785062414,5988025.162549063],[354301.211588106,5988129.47593289],[354494.72118666803,5987801.54362041],[355200.38237939496,5987165.01407428],[355187.48416995397,5987063.4250273],[355059.556839966,5986989.10327246],[355131.007483596,5986907.80486827],[355324.46534307196,5986878.14264749],[355455.91940875,5986655.48893433],[355773.84659456904,5986563.11351734],[355935.85514164204,5986531.928894923],[356144.2554219919,5986325.264588253],[356378.93072137097,5986275.37607689],[356073.452200974,5985891.970224437],[355951.54586204595,5985585.512299348],[356338.3840245579,5985381.89876013],[356447.9050445891,5985466.37040432],[356593.05970222806,5985343.60920497],[356291.706023684,5985105.349825097],[356455.70938002295,5984756.75465628],[356798.73711220396,5984428.10504297],[356546.40287863626,5984029.147862613],[356392.475909316,5983752.45579507],[356178.9221314101,5983620.79757114],[355755.09582925006,5982822.764385412],[355645.20512781804,5982926.55894209],[355469.33007336594,5982512.09254739],[355426.33312418696,5981962.258057773],[355159.9373977161,5981640.36084176],[354885.2981388201,5981232.69702643],[355072.943545852,5981147.35403458],[354927.111541659,5980818.496942517],[354929.73330653505,5980628.53226257],[354803.034827536,5980581.9347414],[354891.420682617,5980458.282081652],[355088.606001311,5980525.41650829],[355340.63531988,5980442.56738622],[355430.32162050006,5980226.35863164],[355582.1853637472,5980023.90322158],[355753.977586556,5979807.03150472],[355983.8295551322,5979483.804838133],[356192.78607556096,5978827.15945222],[356460.30038486095,5977992.61552605],[356322.032363208,5978015.96513393],[356195.60734962404,5977988.0125439875],[356327.5552001969,5977317.99496911],[356169.09692834294,5977358.2915121475],[355851.66153875994,5977880.94433997],[355266.32243481604,5977716.5136311],[355559.977103485,5977305.680265993],[355718.454202733,5976953.268390093],[355624.74312179594,5976904.67007239],[355380.43735242204,5976950.24148393],[354877.484658357,5977018.933587098],[354504.58645370894,5977217.54908271],[353746.140521268,5975681.56256744],[353507.100025353,5975212.37722964],[353259.99716975284,5974905.824524967],[353136.73005058,5974699.75695491],[353212.9609100281,5974478.716020547],[353503.6063102151,5974384.51205072],[353516.155241922,5974271.02054272],[354150.9718885588,5974133.008292187],[354271.8612241179,5974013.22104473],[354370.4095263239,5973916.720795197],[354363.478588669,5973749.617586797],[354169.7512558941,5973495.97899572],[353940.051037348,5973176.28280347],[354193.41004053596,5972824.218168117],[354288.619907032,5972899.69687242],[354533.54112458497,5972742.79666852],[354414.9352774273,5972533.81505642],[354574.780954962,5972333.35682423],[354809.638178503,5972153.543534817],[355162.00166716496,5972150.76271152],[355465.457953605,5972079.87970099],[355589.8976868561,5972061.52378311],[355521.12627934,5971818.27570793],[355452.3486893071,5971575.02405406],[355380.46283085993,5971507.99166182],[355183.75113160186,5971584.404952787],[355029.2627951631,5971673.097412967],[354986.4677226059,5971507.722677383],[354605.36768839497,5971540.310604908],[354404.620509016,5971708.923675342],[354328.991108945,5971813.872619613],[353928.205075606,5971604.990706609],[353506.57541635295,5971343.55152052],[353353.90447923704,5971542.251503717],[353297.5251952299,5971611.25979727],[353110.36064424296,5971071.95732319],[353052.510558328,5970855.34389769],[352945.96945026703,5970691.212268758],[352723.46468407894,5970572.897112177],[352475.7151869652,5970455.474068423],[352229.90895831306,5970320.36234473],[352244.484466624,5969973.24959448],[352206.01717796805,5969709.07395507],[352331.14217690495,5969417.387736132],[352239.646816634,5969318.5200805],[352323.61058269197,5968817.48133312],[352402.5073805719,5968575.3616466],[352338.22982958704,5968412.09087646],[352135.585129136,5967937.346549487],[352046.541733077,5967719.88828424],[352002.069509813,5967353.66271667],[351908.1211833471,5967047.111023137],[351793.6112320139,5966696.73888165],[351883.5725768632,5966364.777126903],[351877.2364604748,5966257.418373573],[351532.932982484,5966079.33119022],[350884.68247006705,5965578.27368346],[350655.96265138104,5965530.4714805],[350356.10002808203,5965573.455723003],[349752.24325855006,5965543.548114267],[349453.1626181231,5965340.80320757],[349232.9514719369,5965252.09838166],[348813.8678703961,5965303.254832863],[348802.7158061201,5964903.77740301],[348799.57723246503,5964623.22490502],[348826.41242659604,5964389.25708444],[348732.90011876903,5964018.80067907],[348566.794205982,5963718.425787083],[348641.22355421504,5963603.123517473],[348682.606760486,5963462.353071433],[348707.54836009804,5963044.09105521],[348714.99803539796,5962842.342588],[348714.16004440305,5962581.96175649],[348687.34838132886,5962297.231682237],[348623.949624266,5962165.1066401],[348493.14212797093,5962027.07883653],[348338.7155194711,5961931.66482444],[348241.8337847411,5961800.718600907],[348206.6296616751,5961518.17517612],[348130.331129231,5961258.535152763],[348375.9544743011,5960928.011889148],[348195.4632148391,5960670.04690725],[348079.92612060485,5960423.784240767],[347762.274259189,5960582.46676023],[347547.9873202059,5960456.37130162],[347333.47218738706,5960287.750636967],[345686.53515189607,5960638.5710328],[344942.28880077705,5960762.472452337],[344700.67915749596,5960615.59900136],[344806.00586002704,5960387.40563299],[344952.8543591362,5960069.77664191],[344963.28429766605,5959838.983091593],[344957.17255397,5959289.06459572],[344879.22057059,5958946.67607993],[344826.66418681305,5958726.56853775],[344488.959281891,5958661.776778453],[343653.79444873706,5958716.05884023],[343697.7829734731,5958520.26887884],[343653.30642236106,5957735.34414588],[343554.11269487604,5957509.925137313],[343682.7920664151,5957404.076980648],[343514.85758719104,5956732.15874854],[343481.4256122671,5956447.817403593],[343630.04170617997,5956341.30504924],[343588.316670105,5956186.49028171],[343493.74421840906,5955640.652746233],[343912.9931959399,5955494.10727662],[344080.6948784969,5955454.5812615],[344200.611624634,5955010.78800946],[344050.0999106141,5954811.6112215],[344193.06226698693,5954566.28012741],[344224.38993556995,5954472.710151677],[343996.017666962,5954282.49733089],[343814.6786842069,5953811.30066459],[343557.64477744605,5953343.002873893],[343393.993622164,5953041.29131979],[343213.72998761805,5952600.825844907],[343190.546886354,5952417.27430224],[343206.8145842301,5952081.50002984],[343136.46965032304,5951829.80608817],[343094.71127987385,5951763.374921828],[343209.85180407995,5951313.78955182],[343385.730151996,5950803.46150554],[343484.34168397496,5950561.86521881],[343648.90821268107,5950208.072618103],[343844.0372156472,5949906.465061063],[343967.815922683,5949737.70369156],[344045.36958699604,5949627.726793797],[344199.436397554,5949350.52524686],[344615.0777699241,5949186.24504326],[344757.374294213,5949101.78068275],[345246.614369798,5948514.1257302975]]]}},{"type":"Feature","properties":{"fid_1":"1557","symkey":"352","symtype":"14","text":"Mecklenburgische Seenplatte I – Vorpommern-Greifswald I","WkNr":"13","Nummer":"13","Wahlkreisnummer":"13","Wahlkreisname":"Mecklenburgische Seenplatte I – Vorpommern-Greifswald I"},"geometry":{"type":"Polygon","coordinates":[[[392877.29685415,5967850.13249549],[392814.748969128,5967597.06650008],[392707.16743547504,5967456.66827699],[392551.1639638117,5967357.7369326595],[392310.91289509414,5967347.61081183],[391898.74020219,5967521.61752713],[391718.12513811607,5967729.29214152],[391350.9702955792,5967795.88641777],[390931.7562663681,5967904.58117428],[390805.36916850205,5967936.00432],[390640.51390245,5968022.305706902],[390310.722620341,5966348.77135982],[390127.84501004196,5966316.42060907],[389678.879266453,5966232.65082059],[389504.075173178,5966152.08087874],[389170.6333493261,5966072.75741049],[388724.0354652079,5965455.379460277],[388299.489207007,5965245.3445791425],[388313.991897851,5965027.189946277],[388219.6168817519,5964330.24157376],[388161.3601694042,5964134.222273002],[388117.9442289127,5963865.7446084],[388010.34646253905,5963857.81365335],[387493.37698482,5963858.2574463],[387283.209401823,5963770.81127351],[386825.815349267,5963793.12876148],[386637.0174284413,5964134.19167556],[386411.8583190611,5964323.04561463],[386245.04169558897,5964584.42856663],[386113.8954477764,5964744.434785632],[385830.954143796,5964664.46012226],[385265.34829583834,5964428.71048274],[384633.150232831,5964235.659688587],[384397.0194151581,5964037.14102888],[383696.52280643,5963604.03077734],[383384.1783944729,5963473.4555007],[383108.336719829,5963560.62354062],[382571.2772979529,5963321.16443627],[382643.72562826204,5962849.04872224],[382672.61734976,5962573.52188921],[382563.905237013,5962188.22551814],[382338.018047528,5962299.82597617],[381917.1578911621,5962146.42033323],[381685.2641574249,5962108.468361727],[381147.91081983305,5961948.91340444],[380872.1628757061,5962072.01699124],[380485.823227547,5962650.8366618],[380393.967655538,5962758.9920161],[379094.9813699593,5962867.23091893],[379240.376889399,5963417.36265324],[378645.57757103804,5963275.22681692],[378778.692235069,5962875.63009891],[377902.43288613716,5962563.795341263],[377329.7830944059,5962376.151518597],[377425.7094018231,5962083.0612734975],[377546.166588836,5961784.85172695],[377712.686625179,5961493.364857728],[377554.4038026971,5961151.8571411725],[377180.009011277,5961126.70982448],[376809.22916196706,5961027.00255601],[376264.0499232309,5960818.72934021],[376055.73011620506,5960702.27005999],[375597.6188602189,5960852.0737184575],[375323.709401823,5960513.5612735],[375281.2684769321,5960418.94081053],[375099.2269411881,5960354.771267727],[374848.14667726494,5960052.86069044],[374513.959401823,5959912.5612735],[374467.209401823,5959772.061273503],[374057.2599735309,5958936.883079072],[373815.815317733,5958545.621601207],[373624.2620724521,5958462.232658483],[373507.702800142,5958287.49216113],[373352.410467657,5958108.124559389],[373118.458632636,5958156.56887165],[372825.8560323401,5958123.933471757],[372608.45746468205,5958137.501959573],[372617.209401823,5958368.5612735],[372599.2094018231,5958454.8112734975],[372522.614733294,5958551.10386392],[372391.864733294,5958562.353863917],[372241.881027475,5958354.12007755],[372016.209401823,5958181.3112735],[371808.95995662897,5958054.32503008],[371728.2094018229,5957933.061273503],[371575.7191850181,5957654.624184577],[371417.59249719395,5957462.99635904],[371277.823317125,5957318.04531188],[371150.79836118896,5957305.22060644],[370593.24757587095,5957296.456098347],[370498.80213716696,5957374.016855327],[370248.10899674916,5957408.540974692],[370009.64179761405,5957356.587908003],[369960.959401823,5957512.3112735],[369866.408264286,5957545.69166286],[369720.02777920803,5957508.63625452],[369612.02834302606,5957454.50127623],[369457.20770415594,5957411.591926],[369266.4594018231,5957397.0612735],[369027.91148413334,5957496.57873328],[368931.709401823,5957364.5612735],[368743.572076592,5957222.1820846],[368519.871525645,5956880.2003187975],[368403.3664975751,5956722.07770215],[368306.62712854904,5956519.00180776],[368077.41843025316,5956538.51296163],[367973.71039377106,5956477.093533928],[367701.5070411139,5956232.440109047],[367479.47761219705,5956070.83653411],[367271.28789027105,5956040.34024314],[367136.4133580191,5955938.73819846],[366984.5815016,5955645.610785723],[366792.18340455997,5955530.00513656],[366274.0411766439,5955792.744104558],[365873.4060342944,5955910.54961389],[365604.54493979795,5955860.32390804],[365460.709401823,5955925.0612735],[364902.03232409107,5956056.52983076],[365121.0641759292,5956570.269103363],[364947.20382969105,5956781.832122177],[364951.20940182323,5956950.311273503],[364865.209401823,5957008.5612735],[364601.231252423,5957079.52372593],[364448.83276287303,5957174.488200473],[364428.46748359,5957290.03230458],[364690.536478495,5958219.257318573],[364541.85029935837,5958338.54276925],[364785.994087585,5958803.30732525],[364732.3856814441,5959142.820686338],[364297.8458092171,5959190.39886008],[363696.0768441331,5959374.90714021],[363421.27280643,5959848.530777337],[363332.39942078595,5960048.299228977],[362986.93070641207,5960054.16407158],[362707.08198246,5960024.25818025],[362834.452050525,5960427.608981728],[362721.43443438807,5960450.567225193],[362488.52280643,5960549.030777337],[362212.514944982,5960620.114616487],[362224.6507194941,5960329.33087291],[362200.66688939906,5960058.00261067],[362009.94538100506,5959857.4316165],[361307.163454334,5960546.85901234],[361097.7762514851,5960307.837653398],[360924.27280643,5960113.53077734],[360416.77280643,5960677.780777339],[360261.897156382,5960983.96990045],[359878.78514285805,5961403.86211279],[359274.2064526819,5961623.43851437],[359490.340608387,5961836.67515301],[359603.80006182496,5962134.3968392],[359678.47600570996,5962381.69133145],[359929.22639716405,5962821.45816307],[360115.8825038071,5963116.37361343],[360054.59224705514,5963414.894431553],[360214.274184273,5963612.992319987],[360353.11814989,5963799.51035723],[360604.13202386606,5963876.25500492],[360886.52280643,5963843.78077734],[361082.740089554,5963847.57619916],[361352.00928149605,5963764.6283102725],[361462.95990910195,5963782.76723895],[361547.13274292403,5963837.06717484],[361732.110975464,5964119.07887416],[361779.6050830891,5964426.108387778],[361830.693838876,5964836.07515661],[361979.08675477095,5965088.29996706],[362322.565534336,5965447.03125994],[362538.197627675,5965726.42600815],[362597.86763699097,5965959.485528427],[362598.8321600951,5966194.84524183],[362546.98366069794,5966608.40665878],[362622.16057440406,5966857.32009869],[362750.5097360669,5967594.15419196],[362745.5144058231,5967873.74884798],[362579.388724174,5968188.23812904],[362411.188103996,5968407.491809447],[362081.08934348705,5968639.653516687],[361857.32575214305,5968757.78471573],[361627.675258911,5968771.80794494],[361190.06895890296,5968604.47825184],[361099.822372988,5968548.84392133],[360850.80429356685,5968366.42340133],[360666.96632128,5968152.20876027],[360388.71923381207,5967978.0633589],[360107.577727746,5967606.40098174],[359862.30108738295,5967323.28698067],[359718.3745218001,5967146.1924263],[359575.84078342,5967269.49189274],[359509.46460769605,5967305.58924976],[358761.863992502,5967616.61960628],[358270.88392164605,5967783.35613501],[357738.17135494296,5967972.812947463],[357491.2203029521,5968240.8358148],[357387.9912030441,5968346.26155331],[357199.396734925,5968432.89498724],[357004.72410025296,5968524.49440803],[356725.5920966271,5968618.78689835],[356466.11578965606,5968731.42034491],[356262.1991628029,5968823.352745918],[356340.875575598,5969160.79267968],[356131.887005833,5969348.84316985],[355999.804132896,5969491.52090343],[355769.385962434,5969142.47932171],[355032.831365027,5969117.67133858],[354879.0277499021,5969689.37423603],[354681.32439350896,5969810.2486702],[354527.50203820795,5969920.097839323],[354307.4681429571,5969930.91789424],[354351.47479743185,5970447.647131207],[353955.9737477801,5970809.94827766],[353793.75728854886,5970914.00260561],[353593.409725185,5970711.168845748],[353506.59290168993,5971344.05121469],[353928.2225609431,5971605.49040078],[354329.008594282,5971814.37231378],[354404.63799435296,5971709.423369507],[354605.38517373195,5971540.81029908],[354986.485207943,5971508.22237155],[355029.28028049995,5971673.59710714],[355183.76861693896,5971584.90464696],[355380.48031619703,5971508.49135599],[355452.366174644,5971575.523748227],[355521.143764677,5971818.7754021],[355589.91517219297,5972062.02347728],[355465.47543894197,5972080.37939516],[355162.01915250195,5972151.26240569],[354809.65566384,5972154.04322899],[354574.798440299,5972333.8565184],[354414.95276276395,5972534.31475059],[354533.5586099223,5972743.29636269],[354288.637392369,5972900.19656659],[354193.42752587295,5972824.71786229],[353940.068522685,5973176.782497637],[354169.76874123095,5973496.47868989],[354363.4960740061,5973750.11728097],[354370.427011661,5973917.22048937],[354271.878709455,5974013.720738903],[354150.98937389604,5974133.50798636],[353516.17272725864,5974271.52023689],[353503.62379555195,5974385.01174489],[353212.97839536495,5974479.21571472],[353136.747535917,5974700.25664908],[353260.01465509017,5974906.324219137],[353507.1175106901,5975212.87692381],[353746.158006605,5975682.062261613],[354504.60393904604,5977218.04877688],[354877.5021436941,5977019.43328127],[355380.454837759,5976950.741178097],[355624.76060713315,5976905.16976656],[355718.47168807,5976953.76808426],[355559.9945888219,5977306.179960157],[355266.33992015314,5977717.013325273],[355851.6790240969,5977881.44403414],[356169.11441368004,5977358.79120632],[356327.572685534,5977318.4946632795],[356195.6248349609,5977988.51223816],[356322.049848545,5978016.4648281],[356460.31787019805,5977993.11522022],[356192.80356089794,5978827.65914639],[355983.84704046906,5979484.3045323],[355753.995071893,5979807.531198887],[355582.20284908393,5980024.40291575],[355430.33910583705,5980226.85832581],[355340.65280521696,5980443.067080387],[355088.6234866481,5980525.916202458],[354891.438167954,5980458.78177582],[354803.0523128731,5980582.43443557],[354929.7507918719,5980629.03195674],[354927.129026996,5980818.99663669],[355072.96103118896,5981147.853728747],[354885.31562415697,5981233.1967206],[355159.95488305297,5981640.860535927],[355426.35060952406,5981962.75775194],[355469.34755870304,5982512.59224156],[355645.22261315514,5982927.05863626],[355755.11331458704,5982823.26407958],[356178.93961674697,5983621.297265313],[356392.4933946531,5983752.955489242],[356546.420363973,5984029.647556777],[356798.75459754094,5984428.60473714],[356455.72686536005,5984757.25435045],[356291.7235090211,5985105.849519267],[356593.0771875649,5985344.108899137],[356447.92252992606,5985466.87009849],[356338.401509895,5985382.3984543],[355951.56334738294,5985586.011993523],[356073.4696863111,5985892.46991861],[356378.94820670807,5986275.875771062],[356602.2568096763,5986031.48622533],[356949.4066891931,5985889.58872163],[357257.40920482995,5985674.99247886],[357444.210120048,5985450.51924931],[357670.95744398294,5985303.49981662],[357747.18861650897,5985101.46038152],[357953.130623371,5985024.711506547],[358088.53655865404,5984735.94225973],[358408.433278768,5984487.48143348],[358528.33790659707,5984337.10424995],[358621.77280643,5984144.53077734],[358725.412413529,5983942.53819047],[358798.327654522,5983760.779936573],[358891.6771100438,5983609.937777967],[358959.352687333,5983490.449199617],[359078.7245329503,5983376.16766201],[359265.87396517,5983199.86617614],[359405.9762897501,5983075.26087616],[359504.607161156,5982961.05868582],[359987.530573671,5982680.6075651],[360366.77280643,5982644.03077734],[360584.00871960376,5982623.239040477],[360475.8824409039,5983012.752326127],[360787.58680973237,5983371.16505211],[361260.1064003031,5983422.90728003],[361956.09374749905,5983386.68240142],[362473.497167549,5983519.21038773],[362870.010229651,5983677.62257119],[362943.74021418695,5983865.53715297],[363080.67682310403,5984232.8738624],[363213.9219702182,5984495.211771013],[363752.7241870682,5984823.66395467],[364023.27998718806,5984932.27796821],[364171.8419568881,5984914.647692977],[364777.152764561,5984831.44105085],[365939.249804202,5985573.04008294],[366137.311616997,5985931.90416924],[366415.24732249,5985897.22084916],[366862.82609276404,5985918.88128019],[367861.13294908905,5985858.81476736],[367939.5445239891,5985837.6711384775],[368063.197596001,5985814.88897644],[368478.9824815983,5986352.79617576],[368790.9593917908,5987246.564356398],[368953.983176179,5987161.331684157],[369224.58527704794,5987089.68351783],[369585.20854181587,5987032.42424401],[370135.6886781859,5986949.21376697],[370447.48584536696,5986840.28122238],[370769.713152693,5987262.374015047],[370852.875359845,5987516.9308901075],[371301.2147619821,5987811.17808762],[371642.26936105103,5988084.86488228],[371793.56497201696,5988147.86250607],[372229.0305594511,5988182.15495656],[372506.91444288637,5988141.289435183],[372838.0098712171,5988378.22847043],[374167.08510480996,5988766.080391457],[374308.2808417659,5988544.03659374],[374538.102083554,5988728.13131609],[374758.578817499,5989353.292173133],[375386.55296922906,5989120.24559118],[375629.15322943404,5989610.50156282],[376281.494395999,5989424.548827383],[376102.772354239,5988618.63363579],[377037.6904140101,5988156.82851104],[377465.362546938,5987968.26753802],[377497.5848593591,5988184.04089158],[377671.000272659,5988171.87763728],[377596.4158357901,5987634.51934192],[378332.79779006925,5987577.76198698],[379017.02776614705,5987505.83151934],[379298.083435738,5987483.944373798],[379199.0533253141,5987880.62306964],[379121.78251674096,5988205.652155003],[380645.84566014796,5988595.40573761],[380886.235720195,5988543.37500563],[381022.12568742,5988699.887601253],[381295.62924995204,5988895.33882669],[381492.30415023095,5989024.941545728],[381743.4947513349,5988929.03554534],[381825.677576769,5988968.45220727],[381820.346511828,5989174.81220305],[382051.624298241,5989042.42521191],[382404.1039914151,5988831.65604873],[382628.51101021306,5988861.01251484],[382779.96774503996,5989268.59823498],[383032.977612655,5989423.733194707],[382994.80183793826,5989574.16801672],[382959.0405695719,5989792.6919854],[382977.05085051793,5989953.38465244],[383506.84357343195,5990375.6843802],[383589.899007746,5990524.868397923],[383782.73694261897,5990921.28813665],[384214.91951928905,5990903.73457649],[384378.106640151,5991167.36952345],[384516.302613836,5990934.64436826],[384624.1460058261,5990744.86896276],[384748.801600766,5990463.85648228],[384771.9152680731,5990301.951198607],[384675.36642422504,5990029.908312883],[384722.86507554597,5989363.0959257],[384760.60162866116,5989175.66201718],[384844.84443341,5988978.45851684],[384956.04807155114,5988826.876480773],[385349.8929145,5988751.43387846],[385562.3181955342,5988730.90949809],[385717.008008271,5988547.3991119],[385882.4361060052,5988239.186018073],[385902.786269429,5988236.25760294],[386015.986840624,5988255.03680192],[386449.95375316404,5988301.15511702],[386813.1979246759,5988297.241314387],[387027.369347763,5988340.49393262],[387059.022209662,5988372.906836432],[387499.116896754,5987531.50177411],[387514.56976848,5987236.78110762],[387705.21756014205,5987219.8373346375],[387967.227626113,5986302.37784294],[388009.27361850603,5985738.32689373],[389017.6269587501,5985496.40366429],[389867.40820947196,5985296.5640075],[389669.18475643394,5984792.35151677],[390228.353209189,5984695.32376253],[390243.11915099306,5984679.32851109],[390659.125117784,5984041.91822255],[390668.2504871581,5983887.7558402],[390683.15966529003,5983743.450437057],[390604.53857973695,5983500.18728832],[391307.31652103295,5983088.35877094],[391316.381761894,5982902.07295634],[391054.68394455407,5982324.085270957],[390926.1601394119,5982195.582422988],[390990.0874935519,5981739.044174297],[390990.14512871706,5981115.73922322],[391082.8811450021,5980926.82845223],[391171.98076400696,5980731.93619676],[390765.8358112392,5980474.27963639],[390258.79886179895,5980646.83008381],[390062.2212155821,5980569.39237489],[389872.116543974,5980586.73268892],[389589.634984354,5980352.679482862],[389414.89254195,5980181.74081256],[389224.737771136,5980112.8679605],[389238.2497231943,5980084.378012253],[389552.97712119296,5979435.67386121],[389771.676017702,5978910.45909928],[389990.7229029441,5978566.17667611],[390316.034848616,5978247.252910977],[390589.8254255279,5977932.546308007],[390610.0260225299,5977909.579502777],[390636.1998477831,5977892.4000073],[390937.730878875,5977685.819657053],[391085.988857855,5977403.626795867],[391258.4825322189,5976828.1325964],[391581.22547091637,5976528.91164338],[392003.902257274,5976330.11494398],[392654.93839596584,5976186.731422797],[392879.43373789696,5976003.583046457],[393301.293810586,5975418.2539268],[393454.7031293742,5975072.921897567],[393723.2383689089,5974766.3234057],[394116.837640965,5974603.99176596],[394505.07787498296,5974653.47120019],[394919.8912616628,5974597.966645893],[395126.37361782196,5974651.89351489],[395174.872151223,5974667.619226557],[395516.93836762104,5973835.635225913],[395296.31787076104,5973538.47694366],[395248.34485816304,5972732.695126927],[394556.40045756707,5972907.12225784],[394048.02463267604,5973012.678620343],[393570.00463391095,5972934.18810292],[393368.511928868,5972896.0586362425],[393071.23652741406,5972464.301357932],[393100.128426712,5972224.313675743],[393013.723690709,5971773.45165342],[393339.9949699129,5971476.213497187],[393502.955874969,5971380.46168103],[393656.268359032,5971102.19688927],[394001.5678707607,5970526.726943657],[394171.25360025093,5970043.7782157],[393867.25183704507,5969941.79937058],[393589.27819171804,5970027.958845103],[392476.0679114661,5969505.942303573],[393328.91064165207,5968771.035298457],[393221.9014383401,5968656.615180257],[393062.27950551594,5968568.5422973],[392877.29685415,5967850.13249549]]]}},{"type":"Feature","properties":{"fid_1":"1566","symkey":"364","symtype":"14","text":"Mecklenburgische Seenplatte II","WkNr":"14","Nummer":"14","Wahlkreisnummer":"14","Wahlkreisname":"Mecklenburgische Seenplatte II"},"geometry":{"type":"Polygon","coordinates":[[[396610.403805005,5956797.57518841],[396610.490721526,5956759.15895944],[396390.80834514706,5956030.03098833],[395971.088653091,5955110.76229142],[395691.314815138,5954331.23937793],[395621.33535609697,5953521.97663783],[395487.156419883,5952713.858055173],[395396.99441654305,5952464.701689957],[395092.63593369606,5952018.692114727],[394622.065710963,5951661.217000316],[394264.5853560971,5951357.47663783],[393951.0509230511,5951044.175998444],[393120.83535609697,5950463.72663784],[391057.76425673696,5949317.608057934],[390707.5725650131,5949146.2190233],[390238.79356080503,5949024.767582184],[389445.3698955723,5948811.790805784],[388314.451199997,5948408.30885052],[388292.1674058159,5948400.583404456],[388265.01411966805,5948389.52620989],[387506.1821476959,5948045.29272404],[386229.9849884709,5947388.30159932],[385936.8878577431,5947354.30915126],[385648.90365926595,5947481.13506478],[385530.64913329994,5947325.348469974],[385644.9995785629,5947095.39840178],[385671.0852810659,5946816.98925956],[385814.44499632996,5946361.151755776],[385633.250341045,5946194.89774012],[385362.50225367595,5945909.26192354],[385346.1318496872,5945892.844083434],[385328.621943649,5945884.68170603],[385175.9298339699,5945803.22162597],[385082.208833914,5945439.83581501],[384810.30917244405,5945303.717118024],[384727.13335463195,5944926.05253069],[384893.22688715905,5944699.56096768],[384688.95784550696,5944561.49184662],[384666.67452616896,5944548.59898621],[384672.7393565532,5944519.783506726],[384726.223769394,5944246.74611445],[384546.3902363002,5944075.930532976],[384471.9593562002,5943786.106156694],[384689.383193222,5943679.79859231],[384795.22688715905,5943574.31096768],[384765.0089044932,5943408.084551804],[384367.24517900904,5943139.19846132],[384423.46588138,5942607.5811483],[384429.1290238631,5942562.105288594],[384406.134349399,5942562.659766977],[384266.47688715905,5942547.06096768],[384174.70970765303,5942350.57875884],[383540.1500795081,5942353.97173341],[382793.165135263,5942274.47925787],[382158.94997838396,5942524.07020786],[381788.824130515,5942803.22004298],[381660.5150350119,5942629.9171845],[381245.00490268506,5941398.68708757],[380965.3476497871,5941459.101908434],[380882.41481802403,5940990.85982066],[380512.397558067,5940635.8245631],[379991.097573848,5940847.33085402],[379666.265767597,5940960.02892765],[379054.563443491,5941005.41269144],[378720.007039821,5940674.728013653],[378533.18089916697,5940612.58689525],[378480.40306486306,5940318.055488506],[378329.307134039,5940181.9899222],[377679.822908898,5939978.32397022],[377521.09800576407,5940212.33889463],[376781.04013620096,5940023.52634693],[376561.924844065,5939366.63226248],[376516.809581563,5939215.26680985],[376260.00146326306,5939041.131538534],[375941.257607508,5938918.20303524],[375695.156868755,5938800.07552364],[375465.308445598,5938835.04643432],[374949.23335352796,5938702.23522662],[374658.7432765879,5938407.023986916],[373818.2714169221,5938157.45400051],[373625.50868066505,5937875.90464776],[373971.88788333896,5937396.31969162],[374087.47961469693,5937289.715322906],[373865.55360649596,5937209.837222686],[373759.11597984796,5936712.293502126],[373652.3253213931,5936516.6045261035],[373421.232613242,5936383.376000307],[373501.19274879876,5936072.620061207],[373404.33640082995,5935473.26514939],[373225.8957215261,5935655.34690648],[372550.7879085841,5935379.62850744],[372382.080475615,5934615.76234366],[372124.34828956705,5934766.71041388],[372133.24619458104,5935068.79074375],[372044.507039821,5936063.72801365],[371635.8065720581,5936090.268309076],[370951.765240022,5936383.40039832],[369760.434039106,5937265.589758853],[368943.288043787,5936803.8834969],[368774.7786619599,5936830.04763134],[368739.9834600319,5937063.70589586],[368592.33056030795,5937104.340494304],[368294.57244261494,5936970.751375596],[367949.15779953403,5936889.64938871],[367833.82956650085,5936987.4648157],[367844.7058827861,5937256.828703877],[367695.6161011029,5937549.97177817],[367593.97295063,5937671.54077981],[367249.55883445195,5937441.75450889],[367114.15314167726,5937467.268378723],[366368.65662020305,5937589.345731353],[366163.817184604,5937680.44967076],[366099.32076063904,5937426.469759904],[366019.00289737317,5937368.743220597],[365932.2016204188,5937707.184022206],[365967.78850500507,5937884.94152098],[365527.27322556404,5938234.073523766],[365488.05267836596,5938515.7411654],[365248.155784089,5938622.25174952],[365230.56700933096,5938800.089967776],[364981.7971780044,5939777.344462584],[364892.13947399287,5939957.067788936],[364546.8524387145,5939830.58358719],[363935.1870403839,5939810.37558631],[363729.417185885,5939859.67801936],[363516.6913566934,5939961.07267564],[363081.957954869,5939999.56283019],[362707.693573692,5940203.35673653],[362521.14882842696,5940469.93546548],[362031.04938298394,5940613.31816312],[361828.324880995,5940523.19363416],[361749.079718421,5940237.15850987],[361690.91601972806,5939974.87375986],[361207.96410020906,5940880.694384583],[361412.7563097831,5940895.337473524],[361478.5310807121,5941209.7863305],[360776.3529527781,5941224.22636881],[359067.0323220097,5941080.04518425],[358017.1677926262,5940878.632180726],[357879.47372438,5941392.09896761],[357690.32410252,5941605.594244016],[357448.3145348624,5941795.42359281],[357311.634384474,5941806.96044636],[357114.656384127,5941789.588273814],[357036.863837237,5941496.6295401165],[356804.76700487896,5941316.62415955],[356470.258554279,5941177.74615401],[356186.028345783,5940848.710421016],[356490.6477988581,5940414.348059644],[356710.25066782406,5940500.87190979],[356747.9596690601,5940201.184050574],[356729.20576854004,5940070.3806667],[356622.4316618759,5939972.8471832],[356302.64076332294,5939874.876788904],[356133.8865622319,5939741.82384833],[355538.740780178,5939599.77962478],[355503.3627927301,5939821.628623644],[355325.7407240961,5940034.9652395435],[354355.6474982749,5940465.01248123],[354232.454125236,5940479.08855185],[354195.85620284895,5940588.72503448],[354334.90002585005,5941451.490340871],[354320.144721554,5941890.2781877],[354261.719504114,5942146.342209124],[354217.94144648407,5942277.88075833],[354254.8422047021,5942505.1052369],[353980.16678711795,5942526.20649293],[353760.61571642,5942571.64627096],[353607.010750931,5942626.2816132],[353371.00620348204,5942709.0684846165],[353132.75698578707,5942741.903264456],[352819.72082079295,5942825.12876782],[352501.6527184162,5942907.53003992],[352083.2748100681,5942979.71158102],[351839.0946185,5942812.601999097],[351619.5642476098,5942669.668926246],[350671.57705731224,5943066.244785374],[349850.7202963199,5943342.56059734],[349121.6520839726,5943462.68987875],[349031.933633146,5944010.300109986],[349052.48463916895,5944312.2668402],[349194.462405551,5944473.910356464],[349385.69298179843,5944592.339663143],[349463.8672681408,5944681.384650086],[349536.3188735349,5944743.1347860135],[349874.95976117905,5945078.20695901],[350021.096948058,5945202.71955413],[349114.5597918271,5945846.230261134],[349882.09621032793,5946979.540620506],[349955.46298696124,5947528.187031134],[350160.235674383,5948237.4059102],[349317.1921451532,5948464.06173856],[348639.25663762214,5948653.963750624],[348236.902092571,5948756.205955327],[347842.286109647,5948544.40499915],[347118.2693745899,5948222.54867922],[347074.43655277113,5947893.69880121],[346825.67220936157,5947900.89193341],[346679.341981053,5947893.46573354],[346390.996414945,5947902.33090837],[346165.60679159,5947730.342121916],[345891.48417083896,5947531.03745239],[345770.8081853549,5947454.7777412],[345560.9161471741,5947412.680340746],[345130.8044157339,5947496.635020357],[345061.65241328697,5947526.34889317],[344504.526801327,5947746.96689448],[344984.259894773,5947811.96156774],[345120.791392233,5948200.57368066],[345246.64934047125,5948515.125118644],[344757.40926488605,5949102.780071094],[344615.112740597,5949187.2444316],[344199.47136822704,5949351.524635186],[344045.40455766907,5949628.726182144],[343967.850893356,5949738.703079906],[343844.07218632,5949907.46444941],[343648.943183354,5950209.07200645],[343484.376654648,5950562.864607164],[343385.7651226693,5950804.460893883],[343209.886774753,5951314.788940156],[343094.746250547,5951764.37431018],[343136.5046209961,5951830.805476506],[343206.8495549031,5952082.49941818],[343190.581857027,5952418.27369058],[343213.7649582911,5952601.82523326],[343394.02859283704,5953042.290708134],[343557.67974811886,5953344.002262237],[343814.71365487995,5953812.300052933],[343996.05263763503,5954283.49671923],[344224.424906243,5954473.709540016],[344193.0972376601,5954567.279515756],[344050.134881287,5954812.61060984],[344200.6465953069,5955011.787397796],[344080.7298491701,5955455.58064984],[343913.0281666133,5955495.106664973],[343493.7791890821,5955641.652134567],[343588.35164077836,5956187.489670054],[343630.076676853,5956342.304437582],[343481.46058294,5956448.81679193],[343514.89255786384,5956733.158136887],[343682.8270370881,5957405.076369003],[343554.14766554884,5957510.9245256465],[343653.341393034,5957736.3435342265],[343697.817944146,5958521.26826719],[343653.82941941,5958717.05822858],[344488.9942525639,5958662.77616679],[344826.6991574861,5958727.56792609],[344879.2555412629,5958947.67546827],[344957.20752464293,5959290.06398406],[344963.3192683391,5959839.982479926],[344952.889329809,5960070.776030256],[344806.04083069996,5960388.40502132],[344700.714128169,5960616.5983897],[344942.3237714502,5960763.471840694],[345686.570122569,5960639.57042114],[347333.50715806,5960288.75002531],[347548.02229087905,5960457.37068996],[347762.30922986194,5960583.46614857],[348079.961091278,5960424.78362911],[348195.4981855119,5960671.04629559],[348375.9894449742,5960929.011277484],[348130.36609990394,5961259.53454111],[348206.6646323481,5961519.17456446],[348241.86875541415,5961801.71798925],[348338.750490144,5961932.66421279],[348493.17709864397,5962028.07822487],[348623.98459493904,5962166.106028434],[348687.3833520021,5962298.231070584],[348714.1950150761,5962582.96114483],[348715.033006071,5962843.34197634],[348707.58333077095,5963045.09044356],[348682.64173115883,5963463.352459776],[348641.2585248884,5963604.122905823],[348566.82917665504,5963719.42517543],[348732.93508944206,5964019.80006742],[348826.44739726896,5964390.25647279],[348799.61220313807,5964624.22429337],[348802.750776793,5964904.776791336],[348813.90284106904,5965304.2542212065],[349232.98644261016,5965253.097770014],[349453.197588796,5965341.80259592],[349752.2782292231,5965544.54750262],[350356.13499875506,5965574.45511134],[350655.99762205407,5965531.47086885],[350884.71744074,5965579.273071813],[351532.96795315703,5966080.33057857],[351877.2714311478,5966258.417761916],[351883.607547536,5966365.77651525],[351793.64620268706,5966697.73826999],[351908.1561540202,5967048.110411484],[352002.104480486,5967354.662105006],[352046.57670375006,5967720.88767258],[352135.620099809,5967938.34593784],[352338.2648002601,5968413.090264804],[352402.54235124507,5968576.36103493],[352323.645553365,5968818.48072147],[352239.681787307,5969319.51946884],[352331.177147578,5969418.387124474],[352206.05214864097,5969710.07334341],[352244.519437297,5969974.24898283],[352229.9439289861,5970321.36173308],[352475.750157638,5970456.47345677],[352723.49965475197,5970573.89650052],[352946.00442094007,5970692.2116571],[353052.5455290009,5970856.3432860365],[353110.395614916,5971072.95671154],[353297.56016590307,5971612.25918561],[353353.9394499104,5971543.25089206],[353506.6103870261,5971344.550908864],[353593.418467853,5970711.41869284],[353793.76603121706,5970914.25245269],[353955.98249044805,5970810.198124764],[354351.48354010005,5970447.89697831],[354307.47688562504,5969931.16774133],[354527.51078087604,5969920.34768642],[354681.33313617704,5969810.498517286],[354879.03649256995,5969689.62408312],[355032.84010769497,5969117.92118568],[355484.87905096007,5969133.057620376],[355769.3947051021,5969142.729168776],[355999.812875564,5969491.770750526],[356131.89574850106,5969349.09301693],[356340.88431826606,5969161.04252677],[356262.2079054711,5968823.60259301],[356466.12453232403,5968731.67019201],[356725.60083929496,5968619.036745444],[357004.73284292116,5968524.744255126],[357199.40547759295,5968433.14483433],[357387.9999457119,5968346.51140041],[357491.2290456201,5968241.08566188],[357738.1800976109,5967973.06279455],[358270.892664314,5967783.60598209],[358761.87273516995,5967616.86945337],[359509.473350364,5967305.83909685],[359575.849526088,5967269.74173983],[359718.38326446794,5967146.4422734],[359862.3098300509,5967323.53682777],[360107.58647041395,5967606.650828826],[360388.7279764798,5967978.3132059965],[360666.97506394796,5968152.458607366],[360850.81303623505,5968366.67324842],[361099.8311156563,5968549.093768423],[361190.07770157093,5968604.72809893],[361627.68400157907,5968772.05779203],[361857.334494811,5968758.03456283],[362081.098086155,5968639.90336378],[362411.19684666407,5968407.74165653],[362579.3974668416,5968188.487976126],[362745.52314849105,5967873.99869508],[362750.518478735,5967594.404039047],[362622.169317072,5966857.56994579],[362546.9924033659,5966608.65650587],[362598.84090276307,5966195.09508893],[362597.8763796593,5965959.735375534],[362538.206370343,5965726.675855246],[362322.5742770042,5965447.281107044],[361979.09549743915,5965088.54981415],[361830.70258154394,5964836.3250037],[361779.6138257574,5964426.35823487],[361732.11971813196,5964119.32872125],[361547.1414855921,5963837.31702193],[361462.9686517699,5963783.01708604],[361352.01802416495,5963764.87815737],[361082.74883222184,5963847.826046256],[360886.53154909797,5963844.03062444],[360604.140766534,5963876.50485201],[360353.12689255807,5963799.76020433],[360214.2829269412,5963613.242167094],[360054.6009897231,5963415.14427865],[360115.89124647505,5963116.62346052],[359929.2351398319,5962821.708010166],[359678.4847483776,5962381.94117855],[359603.80880449293,5962134.64668629],[359490.349351055,5961836.9250001],[359274.21519535,5961623.68836144],[359878.793885526,5961404.11195988],[360261.9058990502,5960984.219747534],[360416.7815490982,5960678.03062443],[360924.28154909797,5960113.78062444],[361097.7849941531,5960308.08750049],[361307.172197002,5960547.10885943],[362009.95412367303,5959857.681463594],[362200.675632067,5960058.25245776],[362224.65946216206,5960329.58072],[362212.52368765,5960620.364463576],[362488.53154909797,5960549.280624426],[362721.44317705603,5960450.81707229],[362834.46079319296,5960427.85882882],[362707.09072512796,5960024.50802734],[362986.93944908003,5960054.41391868],[363332.40816345403,5960048.54907608],[363421.2815490981,5959848.78062442],[363696.08558680094,5959375.1569873],[364297.85455188504,5959190.648707156],[364732.39442411193,5959143.07053344],[364786.002830253,5958803.55717234],[364541.8590420261,5958338.79261634],[364690.54522116296,5958219.507165656],[364428.4762262581,5957290.28215167],[364448.841505541,5957174.73804755],[364601.239995091,5957079.77357301],[364865.2181444913,5957008.811120594],[364951.21814449097,5956950.56112059],[364947.212572359,5956782.08196928],[365121.072918597,5956570.518950456],[364902.0410667589,5956056.7796778465],[365460.7181444911,5955925.3111206],[365604.55368246615,5955860.573755144],[365873.414776962,5955910.79946098],[366274.049919312,5955792.99395166],[366792.19214722817,5955530.254983653],[366984.59024426807,5955645.860632824],[367136.42210068693,5955938.98804556],[367271.296632939,5956040.59009023],[367479.486354865,5956071.0863812035],[367701.515783782,5956232.68995613],[367973.71913643903,5956477.34338102],[368077.4271729209,5956538.76280873],[368306.635871217,5956519.25165485],[368403.37524024304,5956722.32754924],[368519.880268313,5956880.4501659],[368743.58081926,5957222.431931688],[368931.7181444911,5957364.81112058],[369027.92022680107,5957496.82858038],[369266.4681444911,5957397.31112059],[369457.21644682414,5957411.8417731],[369612.037085694,5957454.75112331],[369720.0365218761,5957508.886101606],[369866.4170069541,5957545.94150995],[369960.9681444911,5957512.5611206],[370009.650540282,5957356.8377551],[370248.117739417,5957408.7908217665],[370498.81087983504,5957374.26670242],[370593.25631853915,5957296.70594545],[371150.80710385693,5957305.47045354],[371277.83205979306,5957318.29515897],[371417.6012398619,5957463.24620613],[371575.72792768606,5957654.87403166],[371728.2181444911,5957933.3111205865],[371808.96869929694,5958054.57487718],[372016.2181444911,5958181.5611205865],[372241.8897701431,5958354.36992464],[372391.87347596197,5958562.603711],[372522.62347596197,5958551.35371102],[372599.2181444911,5958455.06112059],[372617.2181444911,5958368.81112059],[372608.46620735,5958137.75180667],[372825.8647750084,5958124.183318849],[373118.46737530397,5958156.81871875],[373352.419210325,5958108.37440648],[373507.7115428101,5958287.742008217],[373624.2708151201,5958462.48250557],[373815.8240604012,5958545.87144831],[374057.2687161991,5958937.13292617],[374467.21814449097,5959772.31112058],[374513.9681444911,5959912.81112059],[374848.155419933,5960053.11053754],[375099.23568385607,5960355.02111481],[375281.27721960004,5960419.19065762],[375323.71814449097,5960513.81112059],[375597.6276028871,5960852.32356555],[376055.738858873,5960702.519907086],[376264.05866589886,5960818.97918729],[376809.2379046347,5961027.252403096],[377180.0177539451,5961126.95967156],[377554.41254536505,5961152.10698827],[377712.695367847,5961493.61470483],[377546.1753315041,5961785.101574044],[377425.71814449097,5962083.31112059],[377329.7918370741,5962376.401365686],[377902.441628805,5962564.04518836],[378778.7009777371,5962875.87994599],[378645.586313706,5963275.476664],[379240.385632067,5963417.61250032],[379094.99011262704,5962867.48076603],[380393.97639820597,5962759.24186319],[380485.8319702151,5962651.086508896],[380872.17161837395,5962072.26683834],[381147.91956250125,5961949.163251534],[381685.2729000931,5962108.71820882],[381917.16663383006,5962146.67018032],[382338.02679019596,5962300.07582326],[382563.913979681,5962188.47536522],[382672.626092428,5962573.771736296],[382643.73437093,5962849.29856933],[382571.2860406211,5963321.41428337],[383108.345462497,5963560.87338771],[383384.187137141,5963473.70534778],[383696.53154909797,5963604.28062444],[384397.02815782605,5964037.39087598],[384633.158975499,5964235.90953568],[385265.3570385061,5964428.96032983],[385830.9628864641,5964664.70996935],[386113.90419044415,5964744.684632724],[386245.05043825705,5964584.678413716],[386411.8670617291,5964323.29546171],[386637.0261711092,5964134.441522654],[386825.82409193506,5963793.378608556],[387283.2181444911,5963771.06112061],[387493.38572748797,5963858.50729339],[388010.355205207,5963858.06350044],[388117.952971581,5963865.9944555],[388161.36891207204,5964134.47212009],[388219.62562442,5964330.49142085],[388314.00064051896,5965027.43979337],[388299.49794967496,5965245.59442624],[388724.0442078761,5965455.62930737],[389170.64209199394,5966073.00725758],[389504.0839158461,5966152.33072583],[389678.88800912106,5966232.9006676935],[390127.8537527099,5966316.67045616],[390310.73136300896,5966349.0212069135],[390640.52264511795,5968022.55555398],[390805.3779111705,5967936.25416709],[390931.76500903605,5967904.831021364],[391350.979038247,5967796.13626487],[391718.13388078404,5967729.54198861],[391898.74894485786,5967521.86737422],[392310.9216377619,5967347.86065893],[392551.17270648,5967357.986779747],[392707.176178143,5967456.91812409],[392814.75771179644,5967597.31634717],[392877.305596818,5967850.382342576],[393307.77985530416,5967479.829779884],[393524.8699025139,5966934.68679809],[393801.73206911306,5966728.79828303],[393978.43584733,5966521.39060055],[394320.548167667,5966289.251773934],[394469.08535609697,5965846.476637834],[394462.02449644404,5965598.46369407],[394266.7025923381,5965179.99208876],[394157.125763107,5964717.71241333],[394149.4265745805,5964689.82845103],[394153.519697521,5964657.55172192],[394202.82006251207,5964272.0918841865],[394149.2894492701,5964103.735859854],[393840.2586326089,5963698.734936336],[393819.29891079606,5963291.654181566],[393657.71260302595,5963148.626236456],[393522.62969880505,5963060.4568574],[393500.677718829,5962819.4222929],[393085.8597817145,5962484.50671662],[392381.2359075891,5962495.971681484],[392028.000602024,5962731.91367813],[391531.21534796804,5962961.64117722],[390952.29943416594,5963016.74100108],[390890.61454748234,5961158.027994174],[391228.9906293709,5961038.61324793],[391439.087759634,5960903.61175046],[391554.8627289779,5960506.26781429],[391794.93559289805,5960376.59873942],[391914.47271571995,5960206.390743114],[392004.55033000605,5959807.075537156],[392433.43246466597,5959384.47081146],[392642.90985172836,5959258.338162404],[392943.886420168,5958797.69089112],[392828.65804900904,5958624.96929663],[392374.8314788579,5958268.099092197],[392147.156295483,5958112.4622249],[391894.572791053,5957798.589299824],[392354.225297797,5957518.82853113],[392244.437758578,5957318.923275184],[392463.551239465,5957174.57401093],[392327.919860653,5956944.42635924],[392584.11290995614,5956739.441658644],[392983.80944362306,5956939.32771104],[393553.30398430396,5957478.76398765],[393853.062737752,5957938.593269894],[393992.955078839,5958288.34500216],[394525.1451524991,5958136.46181757],[394952.561189994,5957931.99494156],[395209.8421622771,5957750.1315317],[396102.571705731,5957161.57734176],[396565.5430048441,5957052.549958936],[396611.0853560971,5957048.97663783],[396610.403805005,5956797.57518841]]]}},{"type":"Feature","properties":{"fid_1":"1573","symkey":"356","symtype":"14","text":"Vorpommern-Greifswald V","WkNr":"36","Nummer":"36","Wahlkreisnummer":"36","Wahlkreisname":"Vorpommern-Greifswald V"},"geometry":{"type":"Polygon","coordinates":[[[420574.11955695134,5934751.577386435],[420748.8744065799,5934584.849955631],[420655.49403877184,5934739.531873921],[420574.11955695134,5934751.577386435],[420541.28271225095,5934907.556964302],[420499.24931380805,5935108.895837365],[420283.92271086667,5934965.38296845],[419932.7328589801,5935090.067646649],[419507.43298803177,5934478.198340882],[419342.8521074094,5933969.622740494],[419193.6837204443,5933215.370293783],[418918.4623997025,5932095.838264706],[418920.56890426576,5931706.234872431],[419123.8887096811,5931217.339902859],[419122.17730432004,5930931.728883794],[418962.0876604272,5930108.307453131],[419211.70838881284,5929974.535736799],[419430.38402864244,5930032.924216364],[419605.488965909,5929918.480678119],[419687.17779471446,5929875.60161786],[419785.66323466133,5929830.654148854],[419953.96303723287,5929778.997464523],[419878.79836913664,5929517.973024523],[419981.27030973695,5929350.287889782],[420135.88428186346,5929099.993544605],[420333.52543052565,5928684.823685462],[420414.8414408937,5928406.061888479],[420515.65655816626,5928327.251429159],[420676.73024001997,5928491.236486182],[420987.084490668,5928739.556958709],[421301.9110116828,5928714.169026129],[421488.0162876742,5928514.42036267],[421822.1587999817,5928526.527335342],[422142.47235235386,5928343.735349987],[421983.8832084611,5928014.571882054],[421734.3871443281,5927647.892844895],[421552.2089593373,5927343.730324848],[421166.3727238467,5926810.60857041],[420608.87220207974,5926282.981587792],[419665.1187375244,5925862.682425372],[419077.7880147975,5925691.571355751],[418917.19683682267,5925770.477963038],[418855.6121676406,5925890.951017706],[417298.16907768324,5926170.083256163],[416996.3454810083,5926409.264978681],[416847.116771779,5926577.957113981],[416859.8042674428,5926848.436003912],[416736.5590660423,5926961.000113154],[416503.9355089292,5927044.473711943],[416136.9371379707,5926578.257004734],[415496.2453401219,5926698.68698395],[415125.8457101388,5926621.826876249],[414928.2082653027,5926718.090780353],[414687.5538962018,5926685.910547173],[414371.7172724167,5926306.299768634],[414182.5077964859,5926436.202715432],[414058.3341877712,5926589.584650133],[414000.7342545362,5926723.182860123],[413871.92806064617,5926855.34330865],[413682.41358302813,5927038.035780249],[413413.455177038,5927321.432274906],[413139.9001738662,5927584.23421593],[412943.62662632857,5927734.4510663785],[413130.31443504896,5928225.373388203],[413340.96054457594,5928521.756065782],[413493.84098506626,5929038.343286591],[413491.44967676234,5929443.415561153],[413329.23842056934,5929603.479024991],[413082.84936648514,5929672.56335533],[412691.4713423839,5929619.174498584],[412264.3165888218,5929694.564855045],[411806.65590475965,5929741.503170533],[411756.285293716,5929882.507762359],[411867.58204654884,5930262.567212589],[411934.5968452161,5930549.517249487],[412508.66655324586,5931037.312849743],[412699.7389602717,5931353.115297301],[412575.2774100872,5931639.942606151],[412412.89819682203,5932232.954465209],[412451.10634581745,5932654.05866079],[412681.5853569908,5932695.815361179],[413252.7482197806,5932798.210004451],[413745.4916796051,5932893.5671898],[414034.56673142966,5932765.954433201],[414240.31712378655,5932692.236344406],[414735.6673067184,5933220.953642266],[414959.7939758189,5933335.456774831],[415279.0980547955,5933231.247943789],[415458.23271075264,5933455.029763944],[415445.6644701008,5933715.892275101],[415426.44484837726,5934041.007165631],[415378.6126156561,5934481.1529136],[415303.4208773626,5934785.606359951],[415314.4607011359,5934912.811094854],[415320.4855152955,5935080.477586156],[415098.50170425326,5935457.378776072],[415223.77680670004,5935580.732343335],[415617.85705203284,5936690.861027602],[414517.91093269177,5937140.311388394],[414573.7645868389,5937542.10654352],[414526.3734241901,5937714.053514849],[414585.34183407854,5937869.628802659],[414594.08992053196,5937981.87117826],[414583.6915543629,5938104.60344824],[414230.9386051744,5938393.543353802],[414246.78688062076,5938542.152863523],[414120.16567691416,5938698.176325759],[413905.5149397878,5938890.990889417],[414076.21805341635,5938983.580864169],[414276.591629046,5938839.644566834],[414446.2716512764,5938931.414843135],[415200.9132742444,5939731.680226987],[415404.538454989,5939744.400879553],[415580.6748192208,5939839.250191238],[415617.63259038236,5939967.04081282],[415896.58678126894,5940108.916578257],[416295.2062943578,5940173.158970818],[416304.3531252118,5940295.270700149],[416547.87817027327,5940541.085764682],[416936.7192964703,5940973.821472341],[417317.105662412,5940906.728066526],[417551.49856063817,5940885.268062765],[417779.8401750969,5941078.61696855],[417608.40573942754,5941405.897240609],[417729.090052912,5941437.503980404],[417994.5908276634,5941380.575788228],[418170.0363772819,5941422.037791604],[418366.1591013195,5941579.303953381],[418501.8764834339,5941050.482611872],[418509.80374363624,5940703.020754503],[419071.45464170165,5939309.150704602],[419597.5368598867,5939249.064443337],[419985.3459002329,5939077.011063481],[420302.11988492776,5938858.518058211],[420405.1876594415,5939018.118328575],[420635.35147721786,5939180.927404722],[420818.95136182103,5939276.335482519],[420952.08681329805,5939220.85292536],[421249.3201130619,5939071.953794127],[421741.58721783105,5938737.906791551],[421850.0798956249,5938567.16760974],[421899.7110119974,5938189.8521357775],[421379.25512604695,5937372.430578999],[420970.8586705448,5936768.8925796915],[420701.2563378541,5936555.195384886],[420515.529913065,5936369.451219114],[420329.91016154736,5936258.035831671],[420190.64494614396,5936128.0693528615],[420041.4962446876,5936038.996175181],[419791.2658692878,5935942.31489004],[419707.7200782662,5935812.209937502],[419614.97294108756,5935561.496630769],[419981.22689396515,5935234.490754122],[420353.8287660228,5935222.43201958],[420653.12145826314,5935415.706703439],[420652.8716111779,5935415.715446113],[420803.24961430486,5935691.579547958],[420812.592877903,5935988.80736652],[421072.59803998563,5936192.985055253],[421722.943944592,5936397.371609941],[422633.0399521282,5936787.503831152],[422995.41839273553,5936694.507169472],[423311.2241493203,5936741.114105977],[423533.8794938158,5936936.025854582],[423868.2513095429,5936945.377355164],[424379.0415777415,5936833.716847479],[424709.37655874155,5937336.630002828],[425047.86545504443,5937440.904452102],[425340.85947414115,5937357.065619772],[425948.90685161296,5936880.300422652],[426283.04624649324,5936731.864435103],[426608.1017673239,5936443.790568732],[427109.5185711868,5936490.381570112],[427035.1898296485,5937290.682300152],[426975.2605258282,5937587.454588346],[427043.43670149706,5940074.082422731],[427417.8580719773,5940086.252201289],[427377.4941962501,5940763.32178805],[427467.21530606877,5940946.796404691],[427220.2615318354,5940961.802684242],[426750.88033277914,5941122.301472779],[426153.0508383354,5941315.734756893],[426091.8999552494,5941427.168866832],[426567.2077435255,5941551.852001721],[426675.2324319491,5941794.236984534],[427005.9072486991,5941818.992128463],[427951.76742282975,5941737.614723189],[428170.62916637305,5941632.617038049],[428137.22877538204,5941441.677552266],[429478.83228049614,5941564.748819971],[429709.0238227872,5941100.68317803],[429611.23388150986,5940654.816530792],[429371.6299119778,5940594.242449291],[429688.76478272583,5940030.046583157],[429860.1283853296,5939985.154779131],[429807.6935851639,5939699.65573471],[430920.76169527415,5937820.3962842375],[431581.99953334127,5936978.290462362],[431900.4425449213,5936912.373184249],[431978.45774759725,5937152.651194083],[432266.8401758475,5937050.29562813],[432158.4835985899,5936780.152656881],[432356.9230980268,5936725.929149158],[432314.8736895034,5936467.85133405],[432062.5029624682,5936576.08730044],[431966.3630850073,5936167.64437837],[432296.8940845728,5936011.513795009],[432831.3033339903,5936329.7641793415],[432675.1386302775,5935921.2096565105],[433065.4921311755,5935825.272211501],[432927.2488340521,5935651.035756653],[433836.3747578729,5935027.942276575],[433848.55237604864,5935018.510648102],[434026.44792295154,5935110.481276672],[434057.3057656549,5935435.973683773],[434440.6550271809,5935615.085157333],[434422.59133677,5935807.344258042],[434284.2329394743,5936089.64838413],[434500.56868001074,5936311.792042984],[434782.61983525846,5936312.697629033],[435197.3164078342,5936251.741793273],[435479.58646083716,5936245.8255713675],[435611.5071342448,5936672.372945733],[435737.82577792834,5937038.5573778115],[436057.4875004627,5937597.631918313],[436347.52922266163,5938163.563981369],[436416.23605406005,5938713.940278243],[436289.5068743285,5938874.127475882],[435938.9923457345,5939147.067431912],[435389.06802367605,5938981.235686328],[434940.47406669706,5938990.280456701],[434645.391603658,5939223.666557372],[434171.7837695284,5939280.308437284],[434284.3206541706,5939446.7730286475],[434668.7520016106,5939362.8901179],[435137.3507812554,5939194.519468509],[435599.68356327154,5939236.4395566825],[435723.9210524196,5939613.970013101],[436236.3567877449,5939627.082889399],[436492.3837644141,5939100.692128794],[436737.10894248635,5938685.303146899],[436977.667182073,5938178.57708245],[436759.9931094134,5937715.702805731],[438276.8707424998,5938105.25890724],[438582.6647426961,5937606.769013671],[439203.929030776,5938622.246042833],[439528.93084735796,5938884.24697735],[441266.8072321769,5940114.706424318],[441378.68042591773,5940216.356318671],[441383.8259929735,5940220.428865749],[441384.3657101877,5940214.4063077085],[441418.9899178073,5939821.914349072],[441812.2765434403,5939286.263589522],[442381.1763723418,5939236.159573002],[442414.4831451662,5938985.247572752],[443970.65246801544,5939051.980600981],[444832.7437802581,5939152.524136102],[445317.945889025,5939227.5403381605],[445386.291885484,5939195.417569792],[445608.997072096,5939126.153298199],[445494.655866378,5938706.744514754],[445291.21874480415,5938762.142732844],[445323.8594482206,5938512.304756701],[445758.69841111824,5938301.402458051],[446062.1179810958,5938209.66557198],[446152.17837807164,5938514.17208267],[447065.57315966114,5938378.800439773],[447618.0681310855,5938198.569977552],[447753.3207590701,5938423.996380769],[448024.12718376424,5938266.359064452],[447911.4710831875,5938085.666068424],[448193.3457180876,5938040.884482132],[448249.5813464066,5937476.893849742],[448441.3114060713,5937488.016334435],[448475.1031552069,5938085.865408003],[448858.6711409157,5938311.342041859],[449140.52958841063,5938457.97840116],[449433.8554226244,5938367.698209479],[449332.38334002066,5938040.7729485],[449457.6610478861,5938008.478452407],[449422.4287443282,5937866.623782812],[449617.0129445996,5937831.531050371],[449779.6842434108,5937803.341610173],[450118.36988438014,5938533.347932272],[450326.69536539447,5938435.43457053],[450166.91692288406,5938018.100794239],[450453.4851628002,5937858.6198342],[450562.270652649,5938129.615729732],[451015.8075398654,5937999.181591682],[450911.1665070057,5937443.101870311],[451429.7468122365,5937397.833419232],[451406.50629633665,5936955.270416938],[451649.74669417087,5936923.938929796],[451632.91426699515,5936585.855364744],[452400.41187500674,5936561.574562419],[452481.5421362445,5936925.415827818],[454023.505849625,5936777.520414989],[453944.7629795475,5936484.363397919],[454462.2599406857,5936399.377181411],[454469.89419058524,5936099.379588749],[454560.70925869513,5935367.34782353],[454044.8476646384,5934579.211800719],[453937.6002733307,5934396.852869811],[453802.2318583932,5934073.487797035],[454101.01514393,5933827.827886969],[453995.4205361409,5933014.71599623],[454282.1717118472,5932669.996723879],[454659.9399437597,5932216.296633247],[454883.166657147,5931428.184119169],[454639.91123369895,5930906.955976628],[454702.5292386422,5930628.297710272],[454855.8288410194,5930353.92674108],[455059.9874335369,5929768.30616075],[455357.98918861616,5928538.156230187],[455701.6775960354,5928241.646997992],[456420.51722848695,5927952.832035063],[456928.94364816975,5927640.527571656],[457145.23874690104,5926811.21329451],[457124.39943770226,5926443.043321183],[457118.2515838472,5926331.690205401],[457097.0326845059,5926097.038717419],[457100.1996843666,5926073.1633616835],[457106.1163642332,5926034.933067417],[457122.3185556056,5925926.049866261],[457156.6319601266,5925684.20197445],[457171.74849334825,5925582.617969692],[457204.15387313906,5925240.768870395],[457316.0873661814,5924751.029753581],[457310.3716211822,5924573.1460052915],[457303.46223631594,5924082.587575644],[457275.294294212,5923871.7337976005],[457370.67610372044,5923343.807867097],[457541.2093410045,5923270.526693251],[457921.3713240316,5923275.239635494],[458258.129373787,5923224.615875192],[458283.1592349149,5923055.94895692],[458243.08775361255,5922868.735772604],[458224.1279460164,5922396.404545892],[458283.49380566366,5922252.26291875],[458194.7681795126,5921187.845582414],[458081.8439738313,5920688.052629504],[458060.62239085045,5920606.733130269],[458056.8300050851,5920569.843188411],[458060.15925103053,5920407.6275414415],[458066.0343714664,5920253.828011338],[458079.9049945334,5920049.718100233],[458093.56074118614,5919846.616320122],[458106.4288558485,5919721.0895336345],[458124.4405942289,5919624.523987832],[458141.36123182904,5919561.27016964],[458167.6732895076,5919476.798351133],[458229.5380567033,5919300.276927279],[458261.7415323956,5919212.597119719],[458301.27703407407,5919091.390399173],[458334.18190080207,5918963.412652869],[458351.3910374576,5918814.968802389],[458354.1786475675,5918432.688237222],[458347.15854111034,5917934.37264654],[458637.76765651256,5917156.504662767],[458958.445194209,5916496.90802224],[459381.4216082925,5915577.530450646],[459520.27766336966,5915045.286281837],[459744.7704395987,5914226.184605662],[459769.8195266891,5913543.225903297],[459700.85118331667,5913041.392645132],[459610.7326167971,5912318.705267748],[459436.88575220667,5911789.96139765],[459582.52389058284,5911655.536111152],[459793.0233774958,5911544.60695128],[460063.0333039798,5911354.2981178],[460426.64492584486,5911045.305348694],[460518.00399043877,5910180.726732153],[460614.1410292033,5909753.54639199],[460871.332509486,5909082.39080964],[460823.4043784719,5909092.57402066],[460227.9916026117,5909176.652196052],[459787.72691869456,5909047.682112234],[459095.30230684206,5908603.836565748],[458775.10136586614,5908445.6664884],[458748.65876983665,5908039.081545202],[458511.3875527512,5907670.88479862],[458369.85095661413,5907557.741382552],[458009.4366750801,5907566.087064141],[457755.42634182516,5907770.8251934815],[457478.66749623325,5907796.763769221],[457475.58762289677,5907665.540747907],[457490.9432172077,5907517.90723712],[457209.03435656894,5907453.9556888025],[456720.38226918597,5907357.960199429],[456617.76512840856,5906962.305360042],[455992.8561209021,5907016.73183463],[455199.8968284279,5907153.295685923],[455043.5813421421,5907147.008298002],[454775.30132352747,5907215.181930091],[454472.752627179,5907240.527764808],[454408.3752927594,5906830.528302856],[454425.41445207316,5906724.117344532],[454394.19213483576,5906589.626947455],[454323.5023249611,5906506.798354691],[454223.66164001543,5906262.890661841],[454230.02066758834,5906109.62561149],[453888.4884868488,5905512.171842858],[453393.48135328013,5904575.382872742],[453470.91661844123,5904328.2713760715],[453003.93161132466,5904132.992666723],[452844.24707765225,5904109.062305141],[452626.3324458916,5904022.379906321],[452236.3384576449,5903900.69382811],[451811.1002302151,5903782.94611226],[450789.81758063566,5903311.722178891],[450926.9838487981,5902748.091600681],[450993.9157876652,5902386.536955683],[450986.73720426764,5901930.51048718],[451042.0426842533,5901401.501419397],[450509.24329788797,5901237.48147562],[450117.7985953586,5901162.855965054],[449885.6906536408,5901170.977903964],[449777.90204401873,5901121.71721339],[449605.4348900616,5901154.268416222],[449330.4097919995,5901122.616869099],[448977.6768635949,5901126.159890881],[448485.93805913813,5901048.9947642125],[448385.2790507125,5901117.519703839],[448073.50256603584,5901040.021240763],[447818.69895857014,5900992.903074164],[447683.005630278,5900985.965325922],[447439.4479990471,5900920.871676829],[447374.64503761847,5900917.184896782],[447142.3820714932,5901264.007978659],[446840.1514456216,5901377.626188718],[446665.41218687315,5901681.159243943],[446499.09245272353,5901563.39955288],[446365.1235091239,5901685.646602208],[446209.14840322733,5901605.815035462],[445983.8185793273,5901643.217848999],[445797.39475340396,5901567.409068761],[445529.4351250334,5901697.391080072],[445276.4849632634,5901703.2404954415],[445042.35611632373,5901743.893094856],[444787.1086244099,5902020.685176358],[444603.24182989635,5902065.505844839],[444392.4262448475,5902181.699278822],[444206.85356211103,5902347.290166022],[443939.4649192998,5902368.228926871],[443594.9342248468,5902280.44224003],[443038.2213422386,5902190.802638479],[442779.613416329,5902120.274117192],[442470.65224823635,5901957.26773371],[442292.10076732654,5901901.727827651],[442057.376688404,5901753.769851599],[441897.91592086665,5901738.913149815],[441727.0774530573,5901653.585294351],[441631.8463548599,5901624.530878421],[441382.39248445816,5901559.46083626],[441118.3307307875,5901583.678124221],[441074.0363974096,5901747.0770723205],[440917.32265551575,5901731.950898159],[440907.764369159,5901623.2186505925],[439957.877603611,5901736.005818032],[440010.72234500665,5902102.381899808],[440053.5831334414,5902319.265688548],[440150.1077057142,5902818.224909497],[440303.7777854204,5903458.253855161],[440762.58680007514,5904217.686827643],[441448.64707218483,5904920.320326922],[442147.38506074157,5905748.812631907],[442404.43769586366,5906025.770328797],[443273.1572577292,5906790.154313788],[444658.785889796,5907992.188552722],[445734.4029773511,5909097.66123848],[446355.55795828905,5909814.922475493],[446845.04116969835,5910334.666535772],[446997.88752734475,5910499.172017314],[447032.2486841325,5910537.493824471],[447079.98151436076,5910593.358745649],[447110.7836132841,5910630.054020569],[447194.5814276887,5910739.45257511],[448088.3004460735,5912047.809655981],[448394.6670598211,5912590.200410999],[448805.5424009012,5913438.755137522],[448980.2206108235,5913891.173249422],[449075.8539192034,5914287.727479203],[449151.30298863724,5914579.028688509],[449374.0691147633,5915141.337101944],[449562.71256323345,5915644.069513686],[449687.81045079883,5916275.588650286],[449697.7112455275,5916895.169546291],[449647.4496758031,5917225.080378717],[449588.08976118546,5917731.959131317],[449494.0979409581,5918060.752982693],[449390.6211930448,5918388.222366463],[449322.6531903846,5918705.54240109],[449477.3764626663,5919088.87132518],[449632.82282351237,5919492.688438091],[449566.4169989517,5919618.590088861],[449393.09365899395,5919963.34982354],[449203.0678045377,5920260.152428549],[449052.62039377354,5920163.833128372],[448525.6430970486,5920846.65902473],[448403.58241505455,5920790.135748904],[448176.7036088817,5920618.446178522],[447965.17758703977,5920463.732569361],[447835.4522016458,5920373.45727687],[447772.947845486,5920245.311385442],[447642.3690155549,5919988.188127341],[447223.6311033638,5919629.877317071],[447116.1957981307,5919669.132702809],[446698.4805463031,5919612.916128861],[446213.85877655074,5919532.028521493],[445879.7804759713,5919551.810120188],[445301.36476610973,5919626.940271474],[444533.70991233736,5920151.310174799],[444098.3278216189,5920499.206143551],[443347.34683551453,5921079.021129962],[442655.04501588177,5921662.550761085],[442500.4436261067,5921447.04494247],[441862.45067862514,5921652.18808951],[441671.7580046924,5921738.03196712],[441473.86947786994,5921465.262634113],[441297.0675119264,5921125.097389169],[441094.18358108215,5920795.737020953],[440933.69404038694,5920533.42700397],[440733.68154619634,5920178.18735788],[440588.4126114603,5919729.738618124],[440543.061849921,5919649.013187567],[440356.2291991189,5919652.538447952],[439899.51865782216,5919553.6722631715],[439780.5109409187,5919607.889985405],[439664.30059182737,5919482.377168274],[439436.94132839795,5919290.210533986],[439075.68871917017,5918981.905202651],[438988.5053488286,5918846.0610183235],[439104.1558506321,5918533.342529293],[439007.11702054925,5918368.864927361],[438801.86725817155,5918555.7202428095],[438600.5604416067,5918703.76396849],[438379.7551512467,5918785.009626487],[438108.49208021257,5918853.7607606035],[437784.0505656311,5918724.993609203],[437264.94711435214,5918588.02892031],[436926.966226154,5918730.4239883255],[436830.74296381325,5918933.6527998205],[436752.6886411952,5919348.879819211],[436581.57847001124,5920473.399709674],[436155.3073616475,5920480.152042277],[435315.285705206,5920501.237665383],[434705.28004870843,5920533.273779452],[434037.39043310937,5920619.6550331],[433864.6973716654,5920824.812572401],[433671.3659977233,5921105.2307056375],[433612.8601717241,5921113.261699917],[433366.8228278784,5921065.822738871],[433214.6295399014,5921006.346844776],[432520.5730662644,5920945.287247758],[431977.1636124477,5920814.172413174],[431470.4143525334,5920708.42281281],[431115.5269761123,5920667.808621252],[431045.9202381512,5920608.572339831],[430868.26715098135,5920664.7035646215],[430473.32643566653,5920737.4079704285],[430150.0855941726,5920672.073365165],[429977.63292124216,5920704.92278637],[429791.84160333127,5920621.320355155],[429391.08596958686,5920513.262675991],[429102.41216674633,5920255.410495214],[429002.0344225019,5920247.461769434],[428523.17567583825,5920107.781191312],[428447.7784326533,5919978.179765362],[428161.4087130418,5919755.70373817],[428071.1418548925,5919742.584761698],[427650.8750289632,5920085.723071173],[427486.23685104307,5920179.67877114],[427361.8406931311,5920319.445622433],[427232.36474989913,5920659.600398861],[427127.5799859902,5920860.450198771],[427259.4478213731,5921011.938971741],[427615.27374407183,5921258.668830499],[427728.26902088523,5921543.151803104],[427618.41461392865,5921742.609752692],[427262.1938541997,5922186.574289912],[427287.302494864,5922318.2753554005],[427526.73335506115,5922390.952465901],[427673.6728160558,5922393.827100914],[427861.59900452476,5922395.523860455],[428079.0021041911,5922481.981167717],[428091.7646490196,5922675.407935984],[428210.8275459036,5923100.625976227],[428213.2479363624,5923109.675581139],[428208.7261854317,5923119.210829847],[428054.8914630497,5923298.200014411],[428148.1011426551,5923436.151220921],[428063.3677651491,5923583.327994101],[428056.25810020417,5923592.7036271],[428042.95762614533,5923600.552285839],[427466.73112152517,5923990.191642007],[426732.7413163576,5924525.186995642],[426321.215463154,5924825.259679865],[425351.2587240506,5925545.069752909],[425506.59654734377,5925857.881261185],[425576.12472279463,5926079.085115852],[425742.51431287266,5926208.845729338],[425792.7623259397,5926297.095380802],[425812.6632177783,5926447.788727021],[425890.5820739269,5926565.635934688],[425929.7184856357,5926676.0848653335],[425972.28962554596,5926713.118776102],[425986.3357653376,5926854.181957813],[425841.5588830551,5926956.805286732],[425704.8947778456,5927018.85582868],[425474.24356394913,5926961.375267493],[425377.1491085412,5927217.921947751],[425269.2231289027,5927438.399110723],[425324.7623190619,5927824.1071178205],[425497.29408079013,5928087.240210893],[425469.9999150308,5928480.185535669],[425633.414940279,5928711.36891987],[425687.07661227975,5928942.45646633],[425298.5732716676,5929180.107663972],[424978.0273804553,5929346.868947402],[424776.77344930917,5929485.87276759],[424555.465753641,5929639.048681641],[424239.5780734429,5929850.71674625],[423972.53931443486,5930000.8123454135],[423679.61612164695,5930165.406742724],[423666.3429457797,5930172.125023931],[423648.73494278826,5930176.493459661],[423253.80961610377,5930239.852435984],[422876.3316905368,5930328.59795798],[422502.16342312004,5930420.445554636],[421884.79058849066,5930549.071263816],[422025.4282507999,5930829.830033351],[421850.31954726204,5931195.180038627],[421715.47359844204,5931503.31796426],[421344.3152570147,5932135.661983473],[421201.0810458809,5932402.451096494],[421110.79121940956,5932574.463806003],[420877.18936738,5932997.787268724],[420456.5524931643,5933594.216718033],[420455.6055608336,5933595.750771206],[420384.3372532679,5933721.86938067],[420380.1269384781,5934009.441071903],[420468.8681504512,5934251.24373384],[420496.182852814,5934632.022869637],[420574.11955695134,5934751.577386435]]]}},{"type":"Feature","properties":{"fid_1":"1589","symkey":"354","symtype":"14","text":"Mecklenburgische Seenplatte III","WkNr":"20","Nummer":"20","Wahlkreisnummer":"20","Wahlkreisname":"Mecklenburgische Seenplatte III"},"geometry":{"type":"Polygon","coordinates":[[[361690.9072770602,5939974.623912773],[361630.54431527294,5939829.56060753],[361428.886711749,5939785.984113193],[361601.91966935596,5939604.42244517],[361713.505094131,5939537.28744602],[361632.41757300403,5939219.63118059],[361519.8147493532,5938989.420724473],[361367.09334119,5938870.93886488],[361349.236364878,5938743.88922447],[361322.45181327104,5938551.298207067],[361046.973338978,5938533.46915381],[361011.443772224,5938408.99554418],[361061.37821557606,5938275.73517081],[360938.77266991604,5938115.85927485],[360892.36406882596,5938054.94495597],[360803.224535326,5937936.530468643],[360721.43430972006,5937824.031243837],[360593.99395015696,5937644.91115688],[360114.3735957111,5937307.42710186],[360274.262029722,5937227.357854467],[360229.65974548704,5937032.1456585],[360149.80607743096,5936836.74927855],[359779.1166032087,5936523.18905414],[359582.298335228,5936356.18117359],[359803.354071368,5936143.73213793],[359616.7544899479,5935877.27381833],[359376.99015054805,5935628.51809527],[359363.0258472151,5935291.18120273],[359083.72259172704,5934962.158091137],[359177.987662912,5934866.13751843],[359163.64558657096,5934624.745380817],[359589.901621504,5934473.713804187],[359794.382888903,5934349.315584538],[359939.89004093397,5934233.416133797],[359803.2678298841,5933922.94946291],[359705.87239854294,5933691.6381674],[359510.19153141405,5933363.02008855],[359133.40183003375,5933238.9461229],[358932.7421723101,5932758.847526683],[358445.1335393931,5932857.21040989],[358257.76833065494,5932634.75980194],[358104.84687507,5932091.028414007],[358596.070904208,5931755.7730258],[359305.597822621,5931773.632707797],[359473.75058530807,5931665.569418723],[360231.41790022305,5931725.757558927],[360531.9144287021,5931617.561318353],[360327.4676656872,5931431.27757458],[360201.21216731006,5931124.46065362],[360078.72251518385,5930520.737337518],[359993.56814832694,5929942.81862212],[359869.66617836617,5929644.575838723],[359163.693921251,5928921.73279996],[359723.52779319906,5928557.45264693],[359669.9002387441,5928291.02197174],[359980.907364091,5927838.08395864],[359670.1268706289,5927660.256315843],[360034.1368821012,5927225.08546737],[359705.687026685,5926869.40976633],[359403.44907963206,5926398.58821087],[359620.97580846504,5926120.35633648],[359643.467527654,5926096.70476913],[359616.061637003,5926080.00350611],[359554.039797295,5926042.88860336],[359349.6130112258,5926002.11555541],[358947.43335174094,5926000.28290877],[359043.4029296512,5925390.470335383],[358973.92054886406,5925021.90077537],[358904.4583696112,5923916.494155203],[359538.140133698,5922823.73674196],[358785.559264362,5922031.014261743],[358602.2804694921,5921775.50495007],[358487.5059089401,5921677.923164743],[358327.70069798303,5921504.28802443],[358362.43735511205,5921288.766179017],[358327.781237107,5921184.25712692],[358271.982538542,5921066.14469761],[357882.85214075795,5921010.579424617],[357611.750128111,5920809.05297888],[357173.642974428,5920829.59834068],[357076.5271754081,5919898.2912165],[356958.22743345704,5919339.82705468],[356846.9219801893,5918813.74529426],[356810.08745012106,5918637.8282243125],[356639.300334438,5917851.07481115],[357077.02022647695,5917618.6833509],[357462.52595416503,5917225.00969905],[357430.52055872,5916995.12648396],[357386.7136297971,5916679.71551716],[357304.4850813509,5916066.966310048],[357273.40207657404,5915850.671004238],[357056.92361630895,5914528.34301507],[356876.255913596,5914535.30039064],[356682.17739357136,5914227.167230823],[356471.073467365,5914114.67639502],[356374.0705393709,5914508.761674827],[355739.832139598,5914139.70938412],[355668.1661894969,5913990.114753117],[355723.75687846215,5913706.290819237],[355225.33231247496,5913535.565036423],[355183.54940188804,5913362.08131959],[355063.998875167,5913116.94974442],[355105.809054486,5912853.54860395],[355040.17741235706,5912584.53488741],[354758.80289877485,5912315.134907187],[354615.47580511495,5912135.7864904],[354555.48220063397,5911892.19889463],[354310.13149447204,5911819.00791359],[354214.65282201103,5911669.219596613],[354387.855095561,5911543.70307951],[354447.60033420403,5911453.73124366],[354447.75895248586,5911328.092824613],[354435.880411434,5911160.738942822],[354274.52198111906,5910795.54743469],[354310.2616916301,5910586.45331484],[354208.5014021441,5910335.109194937],[354214.3009496371,5910113.9579992],[354082.7854714631,5909802.577600253],[354148.56855697406,5909671.03737521],[354142.74053128995,5909467.68608378],[354094.89630960196,5909156.75096258],[353742.57796700206,5908630.84864523],[353688.183503318,5908510.777729187],[353502.5344043843,5908397.195895363],[353239.492293332,5908456.79003731],[352910.47276238,5908456.928542772],[352611.314344686,5908456.81283755],[352072.79883131804,5908367.145096118],[351743.883303844,5908253.48732125],[351205.0610881811,5908100.03196017],[351167.17908534186,5907794.3703717375],[351131.36411241605,5906899.31167844],[350952.71374671,5906496.6702988],[351221.23705424205,5906281.87083586],[351596.8698943581,5906075.951509602],[351713.201710513,5905888.19174318],[351811.53368049697,5905628.73818408],[351632.68917403603,5905539.06184421],[351283.29402985284,5905369.17684653],[350665.8574036581,5905046.83262527],[350522.9031738851,5904975.432501283],[350343.83133964497,5904715.85987944],[350495.888016394,5904608.42194573],[350528.30249472614,5904366.677623712],[350424.3941838029,5904169.923054568],[350308.171276542,5904107.07278283],[350254.41229773103,5904062.34651059],[350152.5663161711,5903435.22321037],[350093.10612962605,5902836.45209166],[350155.8616616402,5902567.814576923],[350379.68955216906,5902415.72305422],[350783.91694085195,5901528.778036437],[351572.29143339396,5901081.249731163],[351990.5819289321,5901099.9488257],[352500.7743729921,5900920.97019282],[352581.3160259221,5900813.69664106],[352769.168936184,5900670.48734684],[353195.1008840259,5900755.858255227],[353199.008121695,5900634.64697325],[353279.37034969125,5900330.481721813],[353413.674578822,5899256.39746499],[353327.18692697,5898636.835021917],[353178.854965101,5898029.95490344],[352897.4779526,5897962.77083316],[352892.30517088505,5897835.711749],[353524.78160963405,5897799.594019497],[353879.04444660095,5897904.931670613],[354093.7948025239,5897734.82474377],[353941.879349835,5897591.58185017],[353770.4901696651,5897606.26079734],[353629.95432821196,5897371.78200882],[353784.9778791771,5897090.93895007],[354037.05557939387,5896674.118670387],[354039.7983220131,5896273.52772896],[354030.70884536905,5896121.00230021],[353974.107811067,5895861.999136767],[353724.756798352,5896185.406313078],[353749.14066808997,5896352.74067434],[353868.7143045997,5896432.264771617],[353707.0327967729,5896479.9331190875],[353484.3662851779,5896385.269909693],[353391.181858861,5896117.74374847],[353056.824646638,5896027.119619452],[352973.060711649,5895899.35339374],[352997.29167603806,5895791.28370201],[352832.507955094,5895750.177373127],[352750.38970503584,5895669.321833853],[352576.65443558595,5895773.13878762],[352362.465621609,5895785.44273125],[352236.97425993136,5895659.23952612],[351961.0938752551,5895510.28907307],[351739.13571524713,5895458.26755267],[351567.18474318506,5895584.59542172],[351375.7291826131,5895582.01151997],[351106.88377179496,5895498.07659582],[350779.351294891,5895602.88755284],[350619.81143923604,5895669.18255962],[350310.54469319806,5896332.884252997],[349701.8096118979,5896501.4780495],[349515.28825360606,5896668.82553536],[349035.5464672067,5896835.189871457],[349020.15058796015,5896914.71037728],[349384.9981121579,5897247.48898433],[349691.17177430505,5897558.26563058],[349932.78139248805,5898067.75033306],[350035.3801041851,5898347.5835501],[350133.188007931,5898626.33364241],[350204.12045861036,5898830.47795397],[350322.2627158051,5899197.07067016],[350360.15004659304,5899450.30450198],[350322.25226651505,5899533.18194717],[349756.76257269306,5899708.03632192],[349609.5738918858,5899705.406254147],[349496.79773538304,5899513.21633728],[349126.935661866,5899444.56959296],[348570.24613906303,5899398.74322122],[348319.534700464,5899425.74729023],[347957.19580943,5899379.4053265],[347807.4030681411,5899531.45684159],[347502.7450304441,5899697.19541655],[346984.474041193,5899813.3306448525],[346263.5221138031,5899977.60952589],[345862.10282487306,5899942.50141632],[345547.1225088651,5900043.38960049],[345325.580161236,5900010.34292438],[344659.0048570429,5900327.56296502],[344187.489269475,5900621.711287132],[344123.14360102604,5900885.11397557],[344423.5515115749,5901070.480917237],[344494.434761574,5901223.35698561],[344253.2399358329,5901329.607895323],[344270.31876795704,5901582.15490746],[344571.86629113485,5901800.246902487],[344659.87292523694,5901985.048400342],[344920.4030882921,5902196.32456588],[344900.4749727531,5902327.60293826],[344823.8248188429,5902469.10612317],[344422.071619101,5902417.86585447],[344354.319360137,5902583.57829468],[344285.68424365297,5902953.47152897],[343746.659722054,5903184.39005598],[343104.9668402199,5903211.54466173],[342474.362618583,5903133.73965157],[341753.761651356,5903164.393580013],[341705.854363678,5903053.50110151],[341510.588692521,5902939.011232637],[341286.0275587131,5902862.30451327],[341099.72597955505,5902909.60157826],[340969.03269318,5902677.26989622],[340809.8555105531,5902560.49687857],[340602.56240128214,5902469.681928542],[340473.268788381,5902270.07893857],[340375.0820758089,5902218.27823135],[340239.4954162671,5902123.155238617],[340121.0381143399,5902157.124914668],[339956.4493279562,5902198.330926643],[339909.7469092191,5902388.40537567],[339790.635558142,5902579.087173247],[339623.385253786,5902603.68248425],[339064.901354223,5902908.01802053],[338604.81580149103,5903092.276170153],[337877.8894484909,5903378.8165954575],[337314.9793399861,5903692.415803237],[336563.517647085,5904213.29147834],[336145.83425465797,5904332.097496963],[335475.1494348791,5904496.103967933],[335222.44505673705,5904558.95103868],[334336.4734286021,5904460.56334646],[333303.14725538704,5904333.332055762],[333290.3370585664,5903866.00038598],[333272.76230272907,5903763.80010738],[333055.410286861,5903550.00121235],[332876.5946271941,5903572.49309771],[332291.46793418704,5903650.34360062],[331688.731368567,5903696.02334539],[331313.316366439,5903762.40386158],[330849.1720945861,5903694.827620643],[330325.6579406911,5903474.21200546],[329610.5398316941,5903098.174310457],[329551.426078039,5903280.61474763],[329313.6719093352,5903485.042192653],[329217.99394913204,5903782.31269693],[328970.53154268116,5903946.159922123],[328856.262192991,5904333.643006558],[328728.1897622233,5904543.623909783],[328728.97196004214,5905089.1823698],[328755.74828703003,5905504.99251876],[328548.56365753314,5905939.984118863],[328024.53151106904,5906113.12037317],[327608.79633042985,5906357.268257327],[327350.26350695407,5906490.377985682],[326747.2361786631,5906484.66904494],[326307.3252073281,5906867.50101033],[326227.26769292203,5907139.46064776],[326271.24728955596,5907546.42369286],[326557.12310128927,5908024.98829954],[326596.583213098,5908302.53023255],[326569.05548638396,5908556.9614049],[326523.13954749703,5908753.18713985],[326475.230280221,5908892.44773947],[326359.86496571195,5909052.255663623],[326234.927290887,5909066.707885],[325979.1151831009,5909030.285312342],[325469.09691557905,5909110.37457896],[325296.087365702,5909213.475135477],[325023.07103155507,5909497.176376183],[324328.829206352,5909609.73855685],[324003.458353473,5909912.772560257],[323676.691842307,5910297.89849624],[323275.663257807,5910583.30616068],[322987.416679475,5910681.66471736],[322734.03103418415,5910761.30108028],[322281.013376454,5910954.13338214],[322637.85479393404,5911678.850116957],[323070.51689017797,5912473.793795717],[323184.0505917419,5912628.83168437],[323150.09069568804,5912765.211688478],[322982.502341002,5913206.63682435],[322858.717201489,5913515.6980114775],[322796.7654224142,5913621.610202763],[322487.866153246,5913754.17102995],[322055.2416971191,5913842.403395193],[322028.561282746,5914160.53213654],[321816.583682801,5914690.38027012],[321560.69220963295,5915344.040143437],[321331.048609057,5915344.00564727],[321083.92937779403,5914805.345928707],[319644.30129411793,5915158.38254025],[320085.81521293684,5915609.039603528],[320303.1550332012,5915602.965352243],[320353.086754519,5916026.63223624],[321116.49427214894,5915930.197115723],[321158.0627267,5916312.46344964],[320510.769290927,5916752.31945874],[319753.81488573994,5916911.905352517],[319582.0197294899,5917113.78662774],[319287.812330603,5917277.425350057],[318994.855279541,5917527.43715922],[318752.52634252,5917856.99941914],[319088.0991615369,5918149.262620008],[319585.008532568,5918397.0734926425],[320023.46321574505,5918772.06105429],[320739.543676544,5919284.87811413],[320971.342260338,5919465.11702269],[321077.95187013806,5919280.9216598375],[321242.55062176206,5919203.43695314],[321407.077527274,5919155.0034648],[321552.7345795359,5919223.00098292],[321571.9663349299,5919319.65555806],[321600.9675495981,5919474.81250266],[321574.141350077,5919616.953366653],[321329.7028638449,5919716.863339897],[321239.20500255097,5920040.35497536],[321022.250982773,5920397.0250922125],[320727.673947272,5920762.80300789],[320806.7431916479,5921383.29632012],[320773.80125718215,5921688.5952656],[321054.820958831,5921782.57070521],[321232.353963288,5921630.89077395],[321291.0004999321,5921906.10439754],[320895.29212261294,5922165.67923599],[320617.28077609604,5922991.37313856],[320909.08890807594,5923162.51459391],[321035.729993063,5923329.79094992],[321252.01886924193,5923592.04703959],[321261.94646618806,5923882.437919357],[321383.71485174703,5924366.435315917],[321298.9850417329,5924772.00662329],[321293.349250515,5925178.62322841],[321210.2134765972,5925390.660237197],[321557.37753338297,5925748.34006622],[321707.73498463,5926013.872414953],[322042.838302752,5926065.9558383],[322472.9496359461,5925926.70230938],[322666.736765267,5925984.88427402],[322792.661871898,5926159.31743872],[322954.836159833,5926357.999367783],[323277.46634369274,5926505.54894621],[323411.60079390905,5926621.4290535],[323599.494107994,5926729.192486737],[323800.059222864,5927215.21655282],[323882.729309296,5927474.725300117],[323928.008905848,5927784.99895874],[323978.86964431684,5928048.964447578],[324168.967815176,5928327.82101007],[324486.7817004471,5928452.19906383],[324830.02124548005,5928646.06432561],[325190.89092401403,5928801.80770198],[324514.68726767204,5928857.95964623],[324089.37402660993,5928863.55662991],[323261.753504953,5928864.54590893],[323211.387675227,5928763.49085691],[322879.971870326,5928755.79756699],[322503.72218639404,5929085.68546955],[322412.612481399,5929305.756246017],[322259.46364641807,5929648.1858844925],[322197.001441434,5929940.015482618],[322040.71415675,5930395.45063985],[322146.9891256429,5930471.832361197],[321126.292042447,5931042.29888059],[321010.193611381,5931129.23689442],[321136.23630143213,5931458.710641042],[321087.59651630104,5931807.44676151],[320981.242739512,5932185.15100957],[320864.79708624794,5932466.12418665],[320620.236396655,5932796.637753013],[320287.35694602714,5933233.052591978],[320550.4628143101,5933586.87119603],[320705.82259729283,5934308.191518587],[320652.524001513,5934539.883424113],[320884.24689102103,5935344.83371948],[321148.0440206141,5936205.66013047],[321427.525101788,5937227.97427876],[321320.359070668,5937594.532705283],[321600.572634486,5938239.265652257],[321524.97921036405,5938531.65877219],[321584.50687053474,5938811.2408027],[321962.942862874,5938902.943691127],[322215.420093453,5939109.66153052],[322364.634891934,5939362.1569051],[322387.745661568,5939637.68224096],[322869.70101248496,5939993.523913037],[323000.82748836407,5940017.7380733],[323196.49698691396,5940104.94872252],[323522.54312466993,5940322.17954113],[323650.0934459971,5940515.07189074],[323878.62047157204,5940736.89390228],[323718.9322398091,5941293.048827413],[324097.23382610804,5941474.22022467],[324368.40219682304,5941490.06362894],[324557.24992507405,5941576.552430477],[324724.1386979369,5941161.974505977],[324872.8155131978,5940686.274912277],[325426.8357496599,5940565.50574701],[326232.94164268207,5940590.19435833],[325952.5708267882,5939650.90632231],[326232.8945077141,5939534.429899523],[327105.04634366324,5939442.35627662],[327233.00646816916,5939276.39699132],[327334.8509349441,5939029.269135163],[327265.99810104305,5938708.09062065],[327736.73970740894,5938535.62741275],[327988.77193404315,5939109.83796556],[328574.48127140896,5939396.82809794],[328969.905529671,5940348.228035707],[328067.69826259697,5942113.03801608],[327877.68703994714,5942483.47082415],[328040.800185974,5942545.2828345],[328216.16700737085,5942488.365324417],[328313.5749215081,5942611.71527031],[328195.48629296804,5942942.83125521],[328437.86872343556,5943042.683057398],[328790.0959091771,5943347.93828953],[328758.5472264141,5943872.78400656],[328643.09371437505,5944345.29672446],[328539.05573525897,5944954.3021038],[328895.146054734,5945016.8287093025],[328780.14226491307,5946045.06822653],[328641.4863121059,5946185.16062247],[329069.75746711995,5946829.670098282],[329251.818273877,5947325.77961581],[328966.884899696,5947518.20412982],[328625.04954269796,5947893.69845488],[328279.2143073422,5948641.460850103],[328044.92722101393,5949120.49601684],[327982.2167997131,5949485.228696293],[327982.02983847493,5949498.50971785],[328190.35619231313,5949629.83383444],[329671.85274194006,5950023.348039228],[330464.183911582,5950196.7290227525],[330819.677756825,5949482.32911738],[331078.254826533,5949529.99869954],[331682.038969766,5949066.20372425],[331537.47566962906,5948983.866760112],[331952.4142714951,5948749.14764473],[332152.451410157,5948689.23994058],[332338.15203660796,5948972.91313201],[332706.72409302206,5948951.316112568],[332610.47975351603,5949414.57065942],[332337.604179938,5949603.55420547],[331372.08101389906,5950589.84484852],[331624.00045803306,5950810.41938398],[331801.4361658669,5950479.54104275],[332089.87066468,5950756.94658707],[332240.6300728582,5950954.6123483],[332146.45351594395,5951160.81903793],[332201.0635790441,5951650.053389347],[332390.15374757897,5951923.07136312],[332327.2188925061,5952216.749423022],[332149.197672921,5952363.14340847],[332154.1204367321,5952395.80427505],[332326.62678876705,5952447.961366667],[332493.527728784,5952628.24347495],[332606.698622779,5952717.09737189],[332801.579230972,5952815.09484615],[333177.198219324,5952951.44141571],[333198.05523373093,5952699.52023698],[333114.5240634121,5952353.1601621],[332851.9939654879,5952080.22691599],[332684.4000766501,5951801.350044778],[332662.326631655,5951649.98638487],[332800.88607851416,5951264.593249713],[333544.634890446,5951671.02806098],[334079.90664054395,5951975.36331745],[335017.70753217407,5950595.15903814],[334706.172715822,5950198.531552453],[334918.53288298903,5949930.78131198],[334966.32855745906,5949599.4276344],[334732.736807863,5949455.37164753],[334985.068347814,5949108.64386601],[335052.7590893592,5948633.487322963],[335040.58576094604,5948413.781514203],[335356.44522228395,5948074.79754741],[335506.5730000901,5947889.44895745],[335802.4798387651,5947895.86582454],[336251.326514942,5947914.18915016],[336744.756275606,5948138.90965727],[336864.60616138205,5948289.85049151],[337574.8006543169,5948290.63662644],[337867.78499849397,5948449.487929757],[338175.7024830461,5948477.15393341],[338297.07010206394,5948332.6763538],[338610.46476422506,5948452.87027673],[338780.465264273,5948231.333156457],[339023.89615571,5947693.59033347],[339311.609800139,5947613.71811699],[340129.19380418805,5947692.44188524],[340222.360065266,5947680.0500715],[340473.137466433,5947627.62429734],[340918.97985575406,5947577.36096385],[341091.422134566,5947451.7492919],[341217.22373388,5947189.17568319],[341374.778410829,5947031.94567153],[341735.0387002351,5946948.74798686],[341700.1900870709,5946716.94602881],[341899.589182931,5946590.98308945],[342088.5007289138,5946433.43322524],[342798.6736317229,5946396.79142605],[343008.578216717,5946325.92269036],[343073.947623317,5946181.08483468],[343503.2326148,5946694.138811273],[344208.29604868195,5947588.10855706],[344505.40379231004,5947743.434064617],[345132.14613021305,5947492.08531682],[345562.257861653,5947408.13063721],[345772.14989983407,5947450.22803766],[345892.825885318,5947526.48774885],[346166.948506069,5947725.79241837],[346392.338129424,5947897.781204827],[346680.6836955319,5947888.91602999],[346827.0139238399,5947896.342229857],[347075.77826724993,5947889.14909766],[347119.61108906893,5948217.99897568],[347843.62782412604,5948539.855295607],[348238.24380704993,5948751.65625178],[348640.15985660907,5948651.18046201],[349318.09536414,5948461.27844994],[350161.13889337005,5948234.62262158],[349956.36620594794,5947525.403742517],[349882.999429315,5946976.7573319],[349115.46301081404,5945843.44697252],[350022.0001670449,5945199.93626552],[349875.862980166,5945075.4236704],[349537.2220925221,5944740.3514974],[349464.770487129,5944678.601361473],[349386.596200785,5944589.556374537],[349195.3656245379,5944471.12706785],[349053.38785815693,5944309.483551583],[349032.83685213304,5944007.516821383],[349122.55530295987,5943459.906590138],[349851.623515307,5943339.777308717],[350672.48027629906,5943063.46149675],[351620.4674665972,5942666.88563763],[351839.9978374869,5942809.81871049],[352084.178029055,5942976.928292413],[352502.555937403,5942904.74675131],[352820.62403978,5942822.34547922],[353133.660204774,5942739.11997586],[353371.909422469,5942706.28519601],[353607.91396991804,5942623.49832459],[353761.51893540705,5942568.86298234],[353981.070006105,5942523.42320431],[354255.745423689,5942502.32194829],[354218.844665471,5942275.0974697275],[354262.62272310094,5942143.55892051],[354321.0479405408,5941887.49489909],[354335.803244837,5941448.70705225],[354196.75942183705,5940585.94174586],[354233.35734422295,5940476.30526324],[354356.55071726197,5940462.22919262],[355326.643943083,5940032.18195093],[355504.26601171703,5939818.845335017],[355539.64399916504,5939596.996336167],[356134.78978121886,5939739.040559717],[356303.54398231,5939872.093500287],[356563.55712993606,5939951.986596483],[356623.3348808631,5939970.06389459],[356678.2476168029,5940019.7672517],[356730.09150219,5940067.09768392],[356748.84540271,5940197.901067792],[356711.136401474,5940497.58892701],[356491.5335325082,5940411.065076853],[356186.9140794331,5940845.427438237],[356471.14428792906,5941174.46317123],[356805.652738529,5941313.34117678],[357037.74957088707,5941493.34655734],[357115.54211777705,5941786.30529103],[357449.17404050706,5941791.39106878],[357691.183608165,5941601.56171999],[357880.33323002513,5941388.066443583],[358018.02729827096,5940874.5996567],[359067.89182765514,5941076.0126602175],[360196.92396802804,5941171.42119184],[360777.2124584231,5941220.19384478],[361479.21068061993,5941207.76132581],[361413.43590969115,5940893.312468843],[361208.643700117,5940878.66937989],[361364.862222548,5940584.46858844],[361690.9072770602,5939974.623912773]]]}},{"type":"Feature","properties":{"fid_1":"1592","symkey":"361","symtype":"14","text":"Vorpommern-Greifswald II","WkNr":"29","Nummer":"29","Wahlkreisnummer":"29","Wahlkreisname":"Vorpommern-Greifswald II"},"geometry":{"type":"Polygon","coordinates":[[[396611.03290008707,5957047.477555317],[396565.490548834,5957051.05087643],[396102.5192497212,5957160.078259253],[395209.78970626695,5957748.63244919],[394952.5087339841,5957930.495859047],[394525.09269648907,5958134.96273505],[393992.90262282896,5958286.845919647],[393853.01028174197,5957937.09418736],[393553.25152829406,5957477.264905127],[393405.31579720206,5957337.23936615],[393288.1046977,5957226.02028886],[392983.7569876129,5956937.82862853],[392584.077939283,5956738.442270287],[392327.8848899801,5956943.426970887],[392463.5162687921,5957173.574622577],[392244.4027879052,5957317.923886837],[392354.190327124,5957517.82914277],[391894.53782037995,5957797.589911478],[392147.12132480997,5958111.46283656],[392374.7965081851,5958267.099703862],[392828.623078336,5958623.96990829],[392943.85144949507,5958796.6915027825],[392642.874881055,5959257.338774057],[392433.39749399293,5959383.47142312],[392004.515359333,5959806.07614882],[391914.43774504703,5960205.39135475],[391794.90062222513,5960375.599351077],[391554.827758305,5960505.26842596],[391439.052788961,5960902.61236212],[391228.955658698,5961037.61385959],[390890.57957680896,5961157.02860582],[390952.264463493,5963015.74161272],[391531.180377295,5962960.641788887],[392027.9656313511,5962730.914289767],[392381.20093691605,5962494.972293127],[393085.824811041,5962483.50732828],[393500.6427481561,5962818.42290455],[393522.594728132,5963059.457469047],[393657.67763235327,5963147.626848123],[393819.263940123,5963290.65479323],[393840.2236619361,5963697.735548],[394149.2544785971,5964102.7364715],[394202.78509183903,5964271.092495837],[394153.48472684796,5964656.552333583],[394149.3916039069,5964688.829062687],[394157.09079243406,5964716.71302499],[394266.66762166505,5965178.9927004175],[394461.989525771,5965597.46430571],[394469.05038542405,5965845.47724949],[394320.5131969941,5966288.25238557],[393978.4008766571,5966520.3912122],[393801.69709844,5966727.798894688],[393524.82956564194,5966933.04396316],[393307.744884631,5967478.83039153],[392877.27062614495,5967849.38295424],[393063.51125560305,5968567.99888979],[393223.1331884271,5968656.07177275],[393330.14239173895,5968770.49189095],[392477.299661553,5969505.39889606],[393590.5099418049,5970027.41543759],[393868.48358713207,5969941.25596307],[394171.23611491406,5970043.27852153],[394001.55038542405,5970526.22724949],[393656.250873695,5971101.6971951],[393502.93838963204,5971379.96198686],[393339.97748457605,5971475.71380302],[393013.706205372,5971772.95195925],[393100.1109413749,5972223.81398157],[393071.2190420771,5972463.80166376],[393368.4944435309,5972895.55894207],[393569.98714857385,5972933.688408747],[394048.0071473388,5973012.178926167],[394556.38297222997,5972906.622563673],[395248.32737282594,5972732.19543276],[395296.30038542405,5973537.97724949],[395516.92088228394,5973835.13553174],[395174.854665886,5974667.11953239],[395126.3561324853,5974651.39382072],[394919.8737763261,5974597.46695172],[394505.060389646,5974652.97150602],[394116.820155628,5974603.49207179],[393723.220883572,5974765.82371153],[393454.685644037,5975072.4222034],[393301.27632524935,5975417.75423263],[392879.41625256,5976003.08335229],[392654.920910629,5976186.23172863],[392003.8847719368,5976329.615249807],[391581.20798557904,5976528.411949213],[391258.46504688216,5976827.632902233],[391085.9713725181,5977403.1271017],[390937.713393538,5977685.31996288],[390636.1823624461,5977891.900313127],[390610.00853719306,5977909.07980861],[390589.807940191,5977932.04661384],[390316.017363279,5978246.75321681],[389990.705417607,5978565.67698194],[389771.6585323651,5978909.95940511],[389552.9596358561,5979435.17416704],[389238.2322378573,5980083.878318077],[389224.720285799,5980112.368266327],[389414.875056613,5980181.241118387],[389589.6174990169,5980352.179788693],[389872.09905863716,5980586.232994753],[390062.203730245,5980568.89268072],[390258.78137646196,5980646.33038964],[390765.81832590187,5980473.77994222],[391171.96327866986,5980731.43650259],[391082.863659665,5980926.328758063],[390990.1276433801,5981115.23952905],[390990.070008215,5981738.54448013],[390926.14265407505,5982195.08272882],[391054.66645921697,5982323.585576788],[391316.364276557,5982901.573262167],[391307.29903569596,5983087.85907677],[390604.5210944002,5983499.68759415],[390683.14217995293,5983742.95074289],[390668.233001821,5983887.25614603],[390659.10763244703,5984041.41852838],[390243.1016656561,5984678.82881692],[390228.33572385204,5984694.82406836],[389669.1672710971,5984791.851822603],[389867.3907241351,5985296.06431333],[389017.609473413,5985495.90397012],[388009.25613316894,5985737.827199562],[387967.210140776,5986301.87814877],[387705.20007480495,5987219.337640473],[387514.55228314304,5987236.28141345],[387499.09941141703,5987531.00207994],[387059.00472432503,5988372.40714226],[387027.35186242603,5988339.99423845],[386813.180439339,5988296.74162022],[386449.93626782694,5988300.65542285],[386015.96935528703,5988254.53710775],[385902.76878409204,5988235.75790877],[385882.4186206681,5988238.6863239],[385871.996207554,5988257.09709885],[385716.990522934,5988546.89941773],[385562.3007101971,5988730.409803918],[385349.875429163,5988750.93418429],[384956.03058621404,5988826.3767866],[384844.826948073,5988977.95882267],[384760.58414332394,5989175.16232301],[384722.847590209,5989362.59623153],[384675.34893888806,5990029.408618707],[384771.897782736,5990301.451504441],[384748.78411542904,5990463.35678811],[384624.128520489,5990744.36926859],[384378.089154814,5991166.86982928],[384443.9139553191,5991608.17978403],[384777.905339143,5991931.70693802],[384950.78382817004,5991913.04871944],[385171.79490091896,5992209.75129479],[385373.7466877301,5992469.347689803],[385624.79872431105,5992373.50961058],[385842.32169398805,5992384.65950579],[386229.11841544206,5992250.55093495],[386401.67163401097,5992234.75697214],[386648.1774830413,5992008.99840886],[387307.12313898,5991960.17477197],[388047.756866617,5992999.8962154],[386563.91149267415,5993906.84856598],[386183.6829694342,5994129.003680972],[386052.88018895104,5994315.92616158],[385929.35057435906,5994689.71926081],[385734.523125977,5995335.660261042],[385615.35476020037,5995656.59800972],[385438.20700544503,5996090.7191617],[385294.95521731,5996250.81786758],[384888.7573258709,5996345.8112563975],[384778.786300263,5996491.97804638],[384351.572573164,5996600.72057016],[383981.5796096872,5996664.66185173],[383768.126829538,5996956.04004552],[383554.566842646,5997416.52914748],[383491.8563772461,5997927.52112403],[383419.13608754403,5998068.39361803],[383528.522118374,5998261.516652797],[383837.21811599005,5998393.20452135],[384772.59243431105,5998342.084794167],[384957.9963686899,5998502.958644797],[385151.24887337396,5998347.10347131],[385397.928151781,5998307.5730628725],[385271.47546237905,5998597.3242471],[385358.02481206576,5998761.902728657],[385560.55034904997,5998872.98189368],[385685.65117603994,5999079.39596928],[385841.04287529306,5999260.08355286],[386042.0211389859,5999327.608848917],[386302.21778264106,5999450.35850123],[387036.52500438294,5999613.84000964],[387672.7663841732,5999642.942079367],[388322.580776755,5999769.19000508],[388289.23458624096,6000062.05631912],[388386.74490764295,6000391.499559947],[388229.18548798794,6000772.422536199],[388140.594706248,6000954.621074753],[388152.32986122,6001463.024274453],[388498.3180508041,6001600.02893211],[388258.468603392,6002245.78923303],[388204.252489449,6002584.3876131],[388283.7679181299,6003270.531291917],[388484.75209325505,6003517.920188073],[388784.57058908395,6004276.678669033],[388929.45265707,6004693.632123672],[389151.008630608,6004996.3177371975],[389648.3575753791,6005592.321424433],[390388.74370978784,6006338.1955597075],[390545.46250632,6006026.5385608],[390668.28974078,6005482.170872167],[390890.856679486,6005172.45876544],[391145.67360876,6005126.790989957],[391222.2048515801,6005105.443644008],[391115.46479565,6004796.13510563],[391095.5293071731,6004640.736179323],[391149.22988925304,6004502.27771088],[391294.195489943,6004462.94452366],[391449.81520119496,6004439.43511825],[391471.21223089716,6004355.724565143],[391724.91476383014,6004278.059470571],[391706.333938648,6004118.61021243],[391554.8359065971,6004128.40708889],[391371.948448039,6004134.795049263],[391302.8902508619,6003862.537959048],[391061.6189971771,6003765.66054867],[391112.56643226906,6003627.03294397],[390919.263110516,6003413.9018984],[390635.05556759704,6003226.70606545],[390437.438721373,6002997.463964743],[390117.929420684,6002709.19134982],[390215.6003327579,6002604.963992657],[390321.78798571206,6002586.99715208],[390472.933164316,6002631.4993709475],[390648.6531959331,6002827.98310408],[390783.2701055261,6003015.40631929],[390992.1261380932,6003122.177405423],[391237.3498280521,6003124.371858708],[391377.7261872892,6003268.810782723],[391470.76042403816,6003440.169710803],[391630.4303116901,6003420.831721737],[391761.73369035404,6003384.23074259],[391853.4385985362,6003237.939853253],[392000.61713302997,6003176.01567393],[392173.243663182,6003226.77201431],[392281.12970885634,6003443.646508993],[392445.611704121,6003433.14970461],[392716.6196396629,6003485.9719012],[392761.542389004,6003705.04049057],[393066.329518314,6003729.40996093],[393274.47002950904,6003829.95835255],[393450.05358481803,6003915.38147294],[393870.452946746,6004334.96534597],[394180.483827683,6004452.21685071],[394497.558006712,6004362.84667953],[394680.7106412761,6004270.89873256],[394866.887612354,6004100.797628983],[394961.1182497579,6003948.16604814],[395028.59932490997,6003838.994488197],[395233.385825795,6003693.26206015],[395466.988127701,6003570.52788975],[395779.9663205112,6003614.384993933],[396033.8087834,6003476.44232703],[396124.06087818113,6003209.8801919],[396087.28253580723,6002994.784273723],[396003.00456676004,6002752.079036373],[395714.60608046607,6002673.848942],[395467.1215354779,6002535.39616691],[395226.984806638,6002471.24555553],[395250.2316901961,6002356.10759538],[394898.812027509,6002121.24420496],[394804.0906322291,6001930.178663272],[394682.4748541401,6001878.63441766],[394504.45939561236,6001752.26421048],[394312.030254159,6001664.67785317],[394303.04524705815,6001607.95687251],[394290.732113615,6001191.140124],[394314.37559853005,6000979.68294124],[394366.62031231006,6000821.01036842],[394410.40381658403,6000649.38388541],[394757.0927967173,6000605.74439178],[394797.02268285,6000617.36778574],[395048.7778795741,6000749.158021903],[395345.567628114,6000888.385022383],[395513.6794603858,6001017.596716357],[395688.998038728,6001353.18261603],[395793.6517271311,6001491.86473638],[395892.757244571,6001887.14679885],[396024.649088177,6001996.36036985],[396226.508596078,6002067.60897735],[396259.753402647,6002002.40903228],[396184.5738148298,6001883.960606507],[396002.5310245701,6001635.42169958],[396132.7057620981,6001466.018829552],[396122.7336576539,6001338.03623446],[395902.509666272,6001199.3941965],[395935.6553056021,6001066.904549103],[396020.1691491259,6000994.160121307],[396270.13876249606,6000981.683175983],[396313.64155022625,6000867.909271853],[396466.60997917596,6000676.63599147],[396630.59536016895,6000503.6023513],[396817.4871082293,6000452.24503222],[396815.517937563,6000323.99812964],[397052.8110376699,6000256.668261857],[397198.80173864006,6000124.99602228],[397421.4750219551,5999725.22814002],[397516.953416749,5999478.99618965],[397560.818118379,5999266.594437193],[397736.72494932497,5999060.323277117],[397800.41346019716,5998749.659569803],[397932.31956077693,5998449.82396305],[398070.84579642303,5998291.44219853],[398000.16053267405,5998155.82400135],[397683.992053614,5998034.77724394],[397529.8810238609,5997991.129782247],[397268.85352537304,5997801.63096376],[396747.092829674,5998146.56906006],[396479.5450586751,5998307.7366278125],[396313.8480622971,5998293.07712541],[396315.756468536,5998116.0518122],[395901.67767636897,5997998.717602627],[396069.773318443,5997397.47516795],[396070.26747667906,5997306.911625583],[395694.790707282,5997385.33642494],[395528.993345991,5997208.00706048],[395398.2603327909,5997053.2262678975],[395295.13272393204,5996917.861120777],[395151.16897897434,5996675.353381793],[395025.523471097,5996676.39184057],[394779.2850355314,5996807.163646373],[394676.3598161511,5996868.29302977],[394178.71249448904,5996600.76527401],[394129.85089337407,5996172.405845223],[393973.652017426,5996127.87011677],[393754.21258060297,5996798.694763737],[393544.1596719561,5996865.0426325],[393493.4856254589,5996610.40685105],[393045.0409169181,5996641.330492373],[393379.3997406,5995779.12364534],[393132.2359545069,5995803.02722634],[392865.564602031,5995852.86864656],[392607.61725776107,5995851.62006492],[392273.30240182136,5995848.288357581],[391870.6751259719,5995899.493813638],[391558.84495179704,5995869.232205647],[391351.30476534006,5995692.61766491],[391231.28502376203,5995386.11958313],[391145.875160011,5995239.76118681],[391056.86829169607,5995162.32030683],[390922.89280586806,5995115.21728996],[390681.941265355,5995135.138512917],[390327.75002071797,5995092.20715787],[390241.775429412,5995058.69324808],[390224.860915949,5994410.88852307],[390063.7033534581,5994251.927081053],[391172.078931615,5993766.451853077],[391109.444441463,5993548.79324074],[392256.2054543181,5993328.822229087],[392382.65051117097,5993446.73742266],[392363.1005519661,5993639.050995837],[392485.7518665163,5993684.293743003],[392591.385309926,5993743.391694],[392686.14691830403,5993469.92174582],[392575.95340553904,5993357.274780807],[392674.047583697,5992979.36320754],[392680.584818703,5992823.03897858],[392550.8527296351,5992589.84929839],[392789.45466803294,5992474.26839724],[392575.89318786305,5991968.67753579],[392805.821876931,5991876.83059548],[392749.89949466405,5991608.3720332],[393813.196392552,5991395.824802663],[394319.771983866,5991413.41913041],[394566.26356844,5991434.814609807],[394806.391011668,5991441.438317883],[395390.1145945578,5991311.272468997],[395583.79017398704,5991830.624166722],[395878.03288457997,5992481.64981111],[396638.053166991,5991995.13724993],[397456.7704819491,5991379.379519017],[397905.997741502,5990927.6434298325],[398916.77180608804,5990867.7593513],[398933.277789654,5991203.637569567],[398760.32996324985,5991358.280260447],[398770.959979872,5991804.830106917],[399290.63213494304,5991436.282947558],[399747.59902024805,5991457.0110041],[399945.8292927721,5991487.65168195],[400487.760052525,5991476.19298947],[400723.002003027,5991193.04322835],[401057.81849380897,5991003.2183616925],[401092.95660305314,5990862.151292953],[401178.23481292697,5990629.48042703],[401612.37073051103,5990722.70208263],[401534.8263294678,5991179.975244277],[401986.43235276896,5991955.32647711],[402208.504851667,5991831.985009093],[402217.27458717,5991660.82363279],[402554.9054726204,5991329.813987623],[402623.916911775,5991178.80824679],[402883.76157019497,5991176.97017981],[403136.3498138699,5990967.759032497],[403225.7791685461,5990764.0070005525],[404363.600942574,5990167.10150297],[404312.432956332,5989767.92622825],[402949.118224388,5989228.66443193],[402542.108028737,5988354.50863846],[402569.1080287369,5988265.75863846],[402865.8113317711,5988242.67352449],[403119.659854569,5988276.64038228],[403165.3637602817,5988410.62696001],[403290.430406471,5988575.112397057],[403434.665177076,5988507.786523653],[403629.8489136931,5988445.18928332],[403738.3880150921,5988365.608239613],[403990.9302250361,5988204.938666913],[404025.96028295194,5987837.22280912],[405047.95737544796,5987288.98033905],[405113.7100892421,5987474.04673728],[405214.1997400089,5987701.18192732],[405172.75892453594,5987782.669747927],[405382.96161614405,5988042.73780843],[405537.1904950737,5988125.65522197],[405844.2823233092,5988301.78784881],[405892.4165804853,5988433.718428733],[405976.585822087,5988544.841375747],[406385.64616434206,5988754.19121429],[406861.304123483,5988205.76922789],[406786.8333235084,5988021.75313255],[407165.1126470369,5987693.85103815],[407279.8690224991,5987678.0874398],[407375.146325305,5987877.40662658],[407885.739037068,5987849.56097636],[408607.480176719,5987601.62098346],[408825.630960761,5987646.120766963],[409000.566408925,5987755.83244126],[409033.6581056899,5987478.50861951],[409063.63502237503,5987111.98916646],[409084.019833278,5986747.5498771],[409279.3131433589,5986659.42191824],[410012.514270645,5986412.75881424],[410113.707140852,5986348.36554551],[410067.1895847907,5986136.375003277],[410214.37017445103,5986081.69759966],[410446.05005229195,5986032.58419965],[410745.389043584,5985986.85869223],[411225.4267813909,5985941.058820193],[411437.99008786294,5985924.890714137],[411493.513595329,5986010.51287552],[411313.511000911,5986536.61016077],[411712.70213381096,5986499.64820551],[412087.15237413207,5986118.36367564],[411437.613709767,5985662.29330326],[411503.83494983613,5985470.01828829],[410843.098556709,5985037.051872278],[411034.86403484666,5984845.351258079],[411217.1243964662,5984576.715633293],[411456.710230759,5984682.24183019],[411647.365473129,5984235.2550724],[411830.9219550651,5983483.523645397],[411408.8646152429,5983368.28884107],[411706.1683282121,5983195.70620845],[411945.8084052369,5983090.10805047],[412185.60368490405,5983119.05292099],[412406.2120288671,5983253.2348388],[413010.384655577,5982687.57892721],[413202.072217484,5982428.392196553],[413269.347766279,5982284.761097093],[413413.1306677731,5982006.528934867],[413700.9113974022,5981805.328724133],[413972.7126255031,5981703.36116643],[413979.6783440589,5982619.17595599],[413957.598998848,5983018.43973473],[414285.79989491403,5982994.554081847],[414352.8757071439,5982409.468013863],[414429.53482899105,5982045.06459716],[414583.838524107,5981638.993969393],[414615.60562128306,5981424.00105185],[414773.812795002,5981158.0745489225],[414985.92405667505,5980980.275872868],[415132.93174260797,5980832.604053527],[415310.63359427976,5980756.358768217],[415609.424742355,5980780.937337813],[415828.57019696035,5980767.031156663],[415896.548172707,5980758.161814097],[416117.64666557405,5980642.62059202],[416316.916494097,5980573.46795576],[416319.03953355295,5980280.19294595],[416654.657993759,5980251.46570526],[417354.887620628,5980232.29719817],[417853.60798197705,5980069.270474987],[418601.5258716671,5979858.35170461],[417843.796957536,5978304.36808987],[418048.5452564311,5978170.22323917],[418313.33622092614,5978052.1602469925],[418571.19118651,5977876.53897065],[418675.971978534,5977371.76124474],[418818.70494244806,5977028.98321809],[418933.015644934,5976867.141168127],[419161.581150034,5976676.61538791],[419493.29584231996,5977032.97224736],[419827.95511123503,5977095.82114331],[420332.556228718,5977028.92628285],[420760.94061324303,5976819.507882597],[421332.21800659294,5976438.8211443],[421803.8203214371,5976648.48015229],[422784.64714207,5977170.81798399],[422883.94770624896,5977027.264995673],[423176.34848898,5976467.711852473],[423158.136616018,5976418.80835253],[422734.93247928505,5976208.105492127],[422494.36071517295,5976150.82874891],[422626.7961425261,5975898.69784004],[422640.70094442694,5975795.64854851],[422473.41867022705,5975575.59449154],[422417.18508919387,5975205.120609117],[422284.62894926907,5974887.03486317],[421967.02762885997,5974015.430316578],[421758.9495891209,5973200.195516427],[421645.0903412241,5972618.81498556],[421714.27988900593,5972436.78942011],[421956.943155407,5972114.886856628],[422198.80219491804,5971897.56546996],[422627.316101299,5970983.65367095],[422871.151655874,5970514.359172837],[422843.54529204,5970500.45793742],[422755.6163384201,5970425.23078733],[422656.29959784704,5970201.44254865],[422567.34610887105,5969926.497508737],[422597.3627119961,5969768.853912183],[422683.32140320307,5969501.80518793],[422760.822907945,5969198.02430697],[422719.11633014004,5969120.569587603],[422593.68311230897,5969099.84814099],[422456.785099244,5969037.07851651],[422336.4414948401,5969023.50588544],[422182.775128345,5968944.72475537],[422104.11562828906,5968889.28217584],[421956.443773343,5968840.31672776],[421850.0498376031,5968748.56322189],[421589.738650308,5968629.57546715],[421536.79075322,5968538.86806564],[421528.04126331303,5968442.922384787],[421625.7459826791,5968414.46580698],[421709.18124848197,5968411.474658567],[421727.1493600883,5968366.75279287],[421646.48432742,5968205.873365473],[421719.78153192205,5968076.95039177],[421860.461648455,5968029.51182822],[422016.07308022294,5967925.880884209],[422125.29389262304,5967806.72639073],[422201.84318925405,5967611.84335191],[421989.38935520593,5967235.04118673],[422008.9023283201,5967057.37456939],[422205.61304623005,5967110.90662871],[422384.99656692194,5967147.418476117],[422447.94999927003,5967133.71065546],[422450.1744230599,5967033.52049128],[422415.21392022294,5967002.558378167],[422361.81586299813,5966937.0362238325],[422177.1203344411,5966847.79443859],[422126.65209873,5966782.3493478],[422206.871963287,5966680.930514202],[422323.088993381,5966618.244275],[422430.22657277796,5966680.96354954],[422635.87885005504,5966692.727470493],[422838.7528929862,5966864.759861593],[423295.22461108,5966848.80097212],[423538.35654973495,5966791.07720378],[423809.40817390394,5966707.76245192],[424093.77716763504,5966760.29706932],[424393.068795881,5966710.64198838],[424577.249083331,5966559.02084121],[424747.603929164,5966335.58044425],[425138.77741295495,5966111.681967868],[425330.9554841651,5965912.85392924],[425524.93655931694,5965837.9323693],[425671.544674715,5965673.07146893],[425745.27432012,5965549.423018077],[425861.4891781339,5965410.28241738],[425899.74600041285,5965280.868438007],[425751.3380664212,5964989.000712677],[425763.129630178,5964813.38469614],[425885.3607335179,5964599.05490456],[425898.89803306805,5964345.44459158],[425950.890937038,5964125.33081943],[426183.59979651205,5964032.45158159],[426424.19606711506,5963872.37213183],[426492.9170945871,5963660.78758453],[426832.5247466981,5963380.77282486],[426946.03412704205,5963163.45056966],[427011.4453585311,5962933.77023603],[427139.93655370804,5962850.605961647],[427255.596753394,5962704.47896821],[427356.81349112,5962475.20628608],[427563.98526876396,5962202.655237427],[427845.92041046196,5962078.497132533],[428028.819238208,5962036.5885259],[428130.9309714,5962177.31963948],[428294.81016510306,5962314.2759690825],[428433.391564267,5962516.18652657],[428589.824487076,5962558.423600263],[428723.750777147,5962439.45076116],[428711.73358662904,5962204.02354187],[428750.53161486494,5962066.94795172],[428938.234307528,5961891.410590323],[428965.004755739,5961661.8599608075],[429030.495298099,5961551.66571926],[429262.69287463103,5961586.94490956],[429535.5007897122,5961542.705237713],[429677.908431333,5961544.73652006],[429814.06092368206,5961400.07038729],[429885.505551209,5961236.198292227],[429921.25161926006,5961078.30575168],[429995.544435448,5960810.221525007],[430169.486228507,5960764.33202435],[430451.378647637,5960440.80906582],[430378.59466557205,5960341.54997444],[430251.28968583106,5960062.823061258],[430220.5497530564,5959688.22384627],[430116.897009806,5959524.191499483],[429666.61711244134,5959535.65253042],[429299.9123548961,5959557.70569262],[427930.3001841919,5960335.497390947],[428154.299002565,5961587.17189336],[427968.11855975096,5961631.18131349],[427928.550362648,5961347.65653083],[426607.51803273195,5961408.05833904],[425381.287350527,5961181.99445484],[425396.868844019,5960341.91745354],[425391.52641633106,5959488.828005457],[425371.81063324213,5959217.34938464],[424804.32763737906,5959106.881175757],[424256.2726953011,5959028.718680473],[423943.339258039,5959056.85454757],[423492.776467305,5959136.10602169],[423130.77401488204,5959175.49910981],[422974.0514329879,5958842.64870578],[422958.56433587405,5958575.163966117],[422661.0423878941,5958216.41250599],[422674.96660056,5958066.35593742],[422680.30038542394,5958040.227249487],[422688.3312893283,5958019.35981955],[422749.1013113933,5957864.00967078],[422984.08170214505,5957585.06719212],[423509.3912156391,5957393.9799358],[424021.673757419,5957217.861252467],[424921.9150085661,5956875.43435312],[425998.3583062091,5956914.645033353],[426719.545804361,5956769.32582135],[426615.670311264,5956488.267952867],[426339.07855112234,5956218.25638234],[426128.918493054,5955744.55229486],[425861.33104072907,5955417.17110311],[425401.41315544304,5954761.815317498],[425352.59676797304,5954409.1448943475],[425039.36951083003,5953841.71829218],[424861.083803401,5953199.74886194],[424687.66890856205,5953069.22051442],[424324.5870011719,5952932.568443587],[424140.2136591,5952853.45478653],[423937.9504047581,5952803.7245056],[423219.048802505,5952843.4016704],[422457.14520450914,5952828.019211708],[422165.277894996,5953272.9981844],[421782.880763612,5953532.67220107],[421256.30053833895,5953858.485992157],[420767.06353288004,5953996.872585277],[419999.2013967871,5953258.26432962],[419549.15169849107,5953057.02425415],[418413.430341779,5953031.793157737],[418322.736920221,5952578.74280032],[418775.906077535,5952646.52117247],[419151.68932209734,5952493.90886777],[419059.5227676742,5952397.823222397],[418866.5665610051,5952261.57984205],[418266.422742411,5952193.524256257],[417896.80327079,5951947.79498112],[417620.49057414394,5951865.0209475625],[417405.261312844,5951548.004623223],[416872.930242782,5951128.79042946],[416703.035843757,5950856.88306426],[416397.261019871,5950110.719296902],[416374.97952584096,5950127.31472589],[415865.261260106,5950460.35663567],[414854.92123455415,5950795.630971077],[414830.02436907915,5950804.376253153],[414795.513774695,5950806.4651168],[414648.73034371703,5950810.69903269],[414446.90594119905,5950826.2525581],[414166.029738392,5950827.29676507],[413602.10012707906,5950638.85918392],[413212.85528625944,5950645.701308473],[412823.25949279894,5950602.28614595],[412340.3549695801,5950634.90917937],[411732.02062665205,5950736.20693357],[411552.60819086,5950784.99706204],[411345.84637669194,5950766.369395363],[410897.82711487904,5950881.08288433],[410640.41602738295,5951004.370561497],[410407.03108965,5951442.28854124],[410273.813639787,5951429.525904297],[409136.042556031,5951334.18261959],[408498.8796396627,5951261.357400757],[407382.92663449503,5951110.21229104],[406814.736782128,5950971.46441371],[406047.2818067251,5950799.89069676],[404913.6296000441,5950593.565939053],[404585.808577389,5950525.7284186],[404187.0651365549,5950690.496338647],[403934.944834315,5950823.17025334],[403772.886099412,5951093.702797173],[403585.2487726861,5951171.7989619],[403071.90678900713,5951897.9574425025],[402841.72446232196,5952384.72743669],[402620.60856999806,5952860.49104142],[402542.179989388,5952932.906946978],[402590.0592671281,5953535.82076021],[402776.05575834494,5953640.93955623],[402720.6484948748,5953893.16419842],[402717.20693298895,5954095.436485647],[402446.41640293994,5954300.5180332],[402256.67990515195,5954633.54745905],[402104.916522315,5954863.80445752],[402257.666417314,5954997.73571985],[402056.5005146571,5955259.425142713],[401808.60850133095,5955322.06150325],[401596.822799228,5955529.39271438],[401492.149848487,5955736.377583347],[401311.02311101696,5955937.40150403],[401026.97995279694,5956075.147878753],[400640.78638432606,5956169.3641642],[399358.6532564331,5956378.69595546],[399165.4020042779,5956415.237186377],[398869.11919112003,5956628.3597422],[398441.3065714779,5956626.94291648],[398199.66961965617,5956658.44396378],[398042.138633828,5956756.88346074],[397529.2848212371,5956861.98856195],[397490.07580607,5956618.4467048],[397040.613658756,5956758.54279329],[396938.95487341797,5956889.31677435],[396917.29385000304,5957008.35471191],[396645.49912433,5957042.747844017],[396611.74747066793,5957046.451938977],[396611.03290008707,5957047.477555317]]]}},{"type":"Feature","properties":{"fid_1":"1593","symkey":"362","symtype":"14","text":"Landkreis Rostock II","WkNr":"12","Nummer":"12","Wahlkreisnummer":"12","Wahlkreisname":"Landkreis Rostock II"},"geometry":{"type":"MultiPolygon","coordinates":[[[[305387.5410239827,6004868.818497403],[305725.3841389483,6004117.82949207],[305881.4631772693,6004167.401624322],[305967.25246183854,6003938.261359081],[305821.9656138718,6003882.558066469],[305836.24112382904,6003661.423582919],[305969.08965724614,6003518.940628959],[306042.91149630863,6003576.894477639],[306191.7304295851,6003411.83922145],[306412.49608912226,6003255.021356491],[306418.10007565655,6002637.8978792],[306191.21475199144,6002586.10163472],[306217.1335414313,6002153.009457838],[306154.58555499185,6001740.360995328],[305763.0284352321,6001769.32655786],[305231.9454582939,6001939.193224153],[304719.63328129146,6002018.113847192],[304637.6863344703,6002477.458638044],[303839.5521532791,6003181.0221581925],[303709.16151928157,6003396.109306974],[303672.3067128118,6003927.0398002155],[303230.9867021665,6003876.118377017],[302529.0327012567,6004099.346749332],[302597.5456055887,6004774.8471265305],[303330.84698285814,6006067.287166569],[303361.1242604917,6006232.332773261],[303385.73873520084,6006514.395690041],[303397.94837625045,6006912.680989999],[303604.5207087081,6006979.81231253],[304103.53131603915,6007158.03238453],[304168.98789674416,6006994.87186314],[304776.8894923264,6006737.990855791],[304901.6904053129,6006729.895106133],[305098.1876326278,6006368.064951275],[305176.4194606524,6006273.095448852],[305369.26819738466,6006201.057335738],[305601.4506806638,6006080.581681471],[306283.35588839,6005714.778414661],[305921.71509151533,6005159.101482775],[305911.2988854656,6005025.133802602],[305387.5410239827,6004868.818497403]]],[[[324858.4994061701,6014130.856144058],[324898.66574204527,6014013.3796444535],[324918.20201013144,6013921.140028622],[324908.71599334665,6013835.919635009],[324829.8057469791,6013496.721705299],[324789.49328525923,6012924.59012725],[325290.58179952763,6013039.88724719],[325239.59344567265,6012546.895170692],[325545.40699641965,6012464.8154708035],[325579.0584606817,6012361.32535556],[325529.24021892715,6012202.97067363],[325775.3125775466,6012293.670835279],[326087.5914456537,6012267.128990965],[325949.8832931798,6011806.51800737],[327218.60978196934,6011459.91551907],[326963.8465220975,6010905.725958088],[327127.1718625901,6010614.618394639],[327190.7776245782,6010516.6686427295],[327255.3749190401,6010418.014792638],[327298.9200111218,6010354.202960229],[327354.1117468355,6010287.231904484],[327438.9428065773,6010223.726461383],[327534.34573197365,6010212.1330656],[327805.7192931175,6010246.664070673],[328116.35117366724,6010123.920074591],[328352.14054202754,6010058.088130392],[328480.33624301106,6009964.47667335],[328591.7578951707,6009838.948604481],[328544.2473350037,6009741.278122762],[328654.62883704994,6009588.502592031],[328559.7792866649,6009398.775464412],[328514.5328423213,6009052.662273103],[328584.62540625036,6008846.0749148205],[328493.87299872655,6008659.127838029],[328476.5316966176,6008590.536117133],[328488.1795893125,6008424.933692951],[328522.83356197923,6008242.86045308],[328590.2237428734,6007902.545615731],[328464.08739812765,6007707.778059717],[328413.21190180257,6007684.766378999],[328138.89791836217,6007555.404697061],[328004.46663655527,6007526.549954321],[327397.14201733656,6007399.210616756],[327186.09302555304,6007355.55158356],[327209.00452440325,6007216.94832482],[327430.7444847282,6007253.147887742],[327595.5377083374,6006612.067399474],[327650.55797201954,6006619.479631241],[328307.96689408645,6006697.09620988],[328689.42433102615,6006414.7652373],[328438.6838449137,6006125.841569979],[328253.06303954683,6005781.601608004],[328116.80814592075,6005435.653359873],[328026.09236237314,6005173.16176033],[328023.7643919047,6004991.882574938],[328039.80072261114,6004749.178467169],[328216.3866144568,6004626.687689474],[329067.13800264895,6004208.203575131],[328868.0107418746,6003921.76256779],[328834.90570846666,6003689.28842408],[328439.65559651144,6003703.332462857],[328533.9588769879,6003259.519863807],[328747.3677531583,6002937.877668023],[328955.5611980157,6002595.898689799],[328911.4706453178,6002256.990517221],[329145.8371403767,6001740.987722762],[329369.93911805376,6001639.61924074],[329588.2746107951,6001566.6975776125],[329620.49248218536,6001439.005198551],[329577.88784919865,6001279.14259381],[329416.3121750122,6001229.762800265],[329335.5460196519,6001330.634916468],[329107.917575459,6001351.001700932],[329144.9396524085,6001200.547475459],[329078.37428199966,6000161.355481045],[329037.0858733244,5999685.508634798],[329281.21254048217,5999432.1499654],[329169.8860753691,5999281.0260235425],[329329.95655770507,5999198.01781759],[329461.79180238023,5999219.684679931],[329689.18437757716,5999205.753037693],[329746.4451158531,5999097.707258727],[329906.7930686204,5999159.906767933],[330103.7374438783,5999171.039427068],[330152.29182925075,5999393.49302176],[330506.8090885859,5999381.109978152],[330833.0348025467,5999259.505174071],[331240.11870916095,5999477.783573335],[331615.29981498607,5999590.974192092],[331518.7471539369,5999627.122814102],[331284.2411156846,5999920.701830771],[331817.36598994303,6000033.181896767],[332157.5687003387,5999826.18455315],[332231.1801959239,5999870.416316161],[332267.2792081153,6000076.169420103],[332230.7118087271,6000222.154570211],[332414.5527688954,6000389.34509328],[333326.03637804,5999531.273932818],[333948.43729187734,5998436.865633909],[333921.69684131537,5998415.77545578],[333595.4412553534,5998134.998618031],[333638.7687385995,5997399.533572158],[333848.3219055468,5996780.1915075425],[334173.74737194553,5996853.527780034],[334386.5741107408,5996945.430815011],[334802.5786075331,5997002.672214292],[335050.79060163256,5997037.53768988],[335470.86185036134,5997311.299096571],[335602.9274456939,5997167.85844495],[335947.73732418567,5997070.013118699],[336155.0057739476,5996558.711370878],[336379.11674664076,5996643.943463072],[336632.73656807,5996800.696241692],[337411.3101794962,5996827.29198082],[337498.0152903339,5996738.705659887],[337743.36240339745,5996758.637897894],[337755.59186005685,5996986.599660892],[337924.967120463,5996863.354397576],[338622.61783360224,5996593.28860561],[338850.45061048586,5996462.991442261],[338864.9493436022,5996291.129290424],[339105.91192630865,5996074.936959887],[340227.4668453997,5996696.729225453],[340390.27484326065,5996487.2281243615],[340588.84318451677,5996325.925530152],[340692.0531355515,5995969.03722913],[340817.0882259868,5995760.537136424],[340850.60389377456,5995610.273160318],[341004.6963621937,5995398.821124062],[341470.853567888,5994804.154096309],[341765.65988857485,5994268.920068329],[341897.88846434094,5994241.811879095],[341950.7037306456,5994228.456724821],[342009.9209174877,5994200.448156269],[342041.689850525,5994154.979936041],[342090.53458331525,5994042.4529744815],[342129.78382507246,5994009.87108334],[342220.77621788066,5994025.6380517725],[342364.50178393815,5994095.50907379],[342565.76927583665,5994171.259292711],[342705.2230791319,5994215.81294135],[342645.8204500368,5994405.5063193515],[342778.46633417066,5994475.986446656],[342889.6417059824,5994627.417789564],[343040.25169331115,5994495.011546869],[343272.3599240612,5994684.603059061],[343154.549264621,5994839.231022596],[343383.6337794699,5994866.236300912],[343538.3110923944,5994768.51736024],[343541.17947945744,5994750.405972775],[343585.876322831,5994376.364107223],[343844.67463248316,5993994.33008069],[344053.1910700612,5993948.259941131],[344753.9119344596,5993642.067974877],[345181.1489602588,5993183.846932383],[345286.33287223056,5992922.758882752],[345556.0302165663,5992609.1355538],[345865.56321176235,5992290.115844557],[345997.3784668874,5992049.242424361],[346416.6097436063,5991740.664085321],[346576.82805423625,5991550.70116462],[346740.9381795535,5991220.349057702],[346572.555176178,5990418.662993947],[346179.73110162094,5990480.660283724],[345838.99032859784,5990400.752022894],[345859.11650591623,5989846.846837681],[345064.0721978387,5989830.890312593],[344880.90010589175,5989736.238068918],[344709.4856456509,5989711.244443862],[344619.954388313,5989439.197297182],[344449.3808419071,5989145.224992581],[344133.8678121194,5987420.712355293],[344166.9438621467,5987219.412364399],[343944.1859947499,5987137.135490783],[343869.90174829494,5986729.72272086],[343654.34747652896,5986717.254312491],[343405.62814124953,5986615.920746461],[342902.9081693981,5986968.716994172],[342803.3841055287,5987127.04426034],[342268.05434733815,5987133.875774337],[341925.3223819649,5987047.702139679],[341666.60552776605,5987081.770480581],[342016.9886246929,5987379.699579345],[341303.6976881968,5987719.851901695],[341295.41635436285,5988055.096561631],[340794.6967006745,5988037.60425245],[340581.61222362146,5987810.152468029],[340404.3981705904,5987741.314139109],[340458.60575478803,5987611.065310504],[340290.5512877088,5987468.878803179],[340117.2114505917,5987276.322835039],[339761.36089642067,5987179.660772493],[339568.13552677725,5986968.512011051],[339339.55198747385,5987027.77686429],[338805.9240288669,5987341.584395129],[338572.55502499733,5987086.832237123],[338376.8516652733,5986991.10689923],[337956.38654085435,5987242.93514635],[338086.5678021619,5987482.03392365],[337867.0163951302,5987617.791885251],[337760.55639027525,5987506.127212042],[337499.54550737794,5987553.800923679],[337554.58956477325,5987246.171005553],[337669.0790251214,5987071.58975547],[337852.37203254923,5986847.556446718],[338153.0773230009,5986819.539307561],[338432.89256115817,5986752.2362271305],[338623.4760009283,5986832.90777196],[338843.68792804517,5986590.189129032],[339306.40341418795,5986266.559705341],[339598.690322252,5986159.931536583],[339978.79945354816,5985762.428596316],[340048.0973593611,5985579.054685742],[339704.6713698618,5985477.077273222],[339444.25938100927,5985160.867590357],[339366.8798232721,5984866.640405301],[339327.9808095852,5984657.768858032],[339254.9518919783,5984438.7409941815],[339188.79251649417,5984255.085406732],[339474.31793375406,5983826.119645795],[339379.1679205904,5983791.920919171],[338970.7542953128,5983686.850247392],[338701.9232561309,5983675.228458799],[338259.43302985746,5983621.39380404],[337728.715264515,5983703.215430461],[337415.7937927069,5983744.2308061905],[336943.52632639464,5983651.238923907],[336816.73441478424,5983502.417982362],[336680.1612763293,5983256.503456632],[336874.29406754207,5982234.638323862],[336930.31463169213,5981883.203035848],[337076.78647608496,5981686.471452111],[337153.00837133545,5981560.982137024],[337083.4487328874,5981475.853932401],[336889.77707960457,5981475.834980041],[336773.8985846294,5981173.7200388275],[336944.0374577092,5981034.606379202],[336811.96730356384,5980886.98502907],[336499.6521400716,5981062.491584942],[336195.13574660197,5981244.791210761],[335886.0650838474,5981428.878657488],[335782.5851390632,5981576.444899501],[335596.4873248581,5981677.32346439],[335038.01221049204,5981771.684103763],[334690.74292519223,5981777.869211299],[334582.41443343833,5982056.369624365],[334598.1141550541,5982242.4538515825],[334566.99985927064,5982590.805466881],[334458.58989029005,5982761.058129411],[334379.93018463533,5983113.218061497],[334427.4869619999,5983287.533094734],[334629.065625092,5983659.24694127],[334582.4282693947,5983844.8824741505],[334342.5232908139,5983837.293718787],[334144.2183979368,5983806.116379153],[333947.4786615446,5983844.711813644],[333684.52473643795,5984084.64603978],[333551.3823057683,5984271.841565153],[333306.677585464,5984177.332539851],[333167.18734408356,5984283.013670703],[333184.8752693776,5984582.3294545915],[332677.41397474986,5984749.89167274],[332120.58094510064,5984944.147801364],[331586.9106599763,5984909.287153952],[331028.9954288872,5984711.983715082],[330507.8088194318,5984373.620951705],[330332.2374086734,5984193.297495192],[330092.3001439236,5984239.859066501],[329983.7962986687,5984363.588580111],[330053.6291818125,5984572.544193247],[330014.75013792794,5984727.601082092],[329998.5177317662,5984868.446388623],[329883.60603246745,5984894.472603561],[329639.6356748976,5984749.148518745],[329624.3259406686,5984611.599029332],[329654.3932797387,5984254.832361709],[329577.7804455599,5984188.465682279],[329504.8756829053,5984228.28427822],[329423.9900248125,5984468.804740401],[329344.10191436857,5984409.061939079],[329207.8067595763,5984238.658153612],[328923.34772184584,5983837.238176661],[328838.34772184584,5983914.488176661],[328643.16715678293,5983906.275301812],[328457.5470051039,5983675.996898551],[328191.8897746457,5983409.367955333],[327860.41811523866,5983233.824972963],[327630.45584819,5982869.5620722715],[327312.80173317995,5982227.0132001825],[326945.32050524466,5982380.235684432],[326608.4618427055,5982536.831175478],[326477.4682136448,5982739.2918563],[326206.0043672612,5982915.933614323],[325977.8166416148,5982791.001309648],[325789.276832344,5983015.217840748],[325702.8869664138,5983225.4521295205],[325509.1655183621,5983689.9298611395],[325653.56442759,5983842.458067773],[325625.3315005768,5984015.248438718],[325304.81520801224,5984650.871703755],[325795.7562811207,5985006.2429870125],[325935.0432004016,5985114.412918685],[325927.2719945712,5985284.98520169],[325896.2123084292,5985478.570420405],[325755.5928555904,5985878.644221399],[325629.64505705703,5986305.368894095],[325499.3676126888,5986742.942430772],[324993.55431991164,5986807.170347992],[325006.6464022817,5986952.551433003],[324378.92448023707,5986902.966383789],[324425.43945818767,5986724.84956599],[324433.34650131315,5986353.279664921],[324398.42582960986,5986174.182196476],[324170.25377804134,5986022.803070158],[323891.2495760955,5985842.1627245415],[323636.13088123035,5985627.452853765],[323389.80722758174,5985715.60312406],[323283.20584819,5985756.812072266],[323213.20584819093,5985790.3120722715],[323148.3639310645,5985793.076568324],[322976.9178353008,5985754.85535877],[323179.0155523643,5985230.6988485195],[322942.7383982083,5985227.158053657],[322737.44352935534,5985222.327597335],[322630.04925784096,5984981.7224797625],[322482.3927302882,5984659.378009522],[322076.9479985563,5984200.995093891],[321741.46329014376,5983814.721532172],[321713.1297599049,5983762.678655002],[321824.1810951149,5983597.452367904],[321940.4819901921,5983404.881172378],[322175.90054200403,5983245.8125952445],[322410.78760405164,5983078.987365022],[322433.50609523896,5982942.525177222],[322306.24448150303,5982422.924235327],[322721.2749174237,5982283.105165044],[322815.1684156032,5981982.375642661],[322293.560035876,5982059.899938161],[322101.38844820857,5981765.1764341425],[321938.5958702294,5981895.183056282],[321805.93008100055,5981857.029100282],[321508.5146362083,5982002.450390721],[321190.0846594097,5982207.136729501],[320903.81733478885,5982442.619106701],[320128.5263263937,5982616.488923911],[319593.60097313207,5983103.99789238],[319329.88711668085,5983123.9635357745],[318877.51537227724,5983131.941408999],[318383.31009763014,5982923.37640507],[318124.45994461793,5982953.678604411],[317383.71002259385,5983260.930274341],[317315.50715621654,5982889.482913062],[317027.47477139067,5983245.824598465],[316989.53250418045,5983526.13477163],[316777.2508273497,5984428.453798572],[316734.6007816149,5984625.211877637],[316352.27272675186,5984715.61000243],[316051.5094396407,5984703.339379795],[315825.84983214363,5984701.914915381],[315889.2272387296,5984402.564417461],[315787.5463474076,5984033.196525071],[315791.24311404116,5983571.242535802],[315773.61336993333,5983467.544635039],[315735.0130297821,5983028.374236736],[315504.75022441987,5983139.4779741485],[315169.77224031277,5983364.36658168],[315093.25172427204,5983848.483843803],[314925.82727862895,5984295.126448374],[314265.5956937205,5984351.648919517],[314061.48157014605,5984084.28563001],[313908.6756444294,5983880.557377612],[313539.4893574938,5984065.016959513],[313331.01106557157,5984230.75515333],[312991.85055437963,5984205.254645972],[312766.03240678087,5984083.633001333],[312563.9309905786,5984069.927890262],[312486.67094477545,5984099.642328199],[312422.8622244112,5984134.890692793],[312125.62161055766,5984339.103137016],[311788.0910125943,5984593.807421861],[311584.5652272003,5984631.692629719],[311686.24632888567,5984937.613361049],[311737.3405326493,5985205.014100911],[311610.0318548167,5985408.631989781],[311571.77632639464,5985784.488923913],[311571.78293537535,5985892.783914801],[310890.4571713079,5985550.97393336],[310971.8613072019,5985188.912340973],[310601.68217275944,5985104.2798506245],[310470.12744310964,5985485.214084122],[310234.3395606959,5985287.804032361],[310062.63944155816,5985421.586417271],[310204.1696360735,5985607.407301741],[309770.0317753479,5985816.502248453],[309476.57609038055,5985729.939156363],[309431.11167967506,5986032.447586389],[309093.40802371316,5986211.5924042035],[309056.298237958,5986408.68753325],[309005.26280744,5986809.757144671],[308890.4319493761,5987344.72421371],[308565.84570945613,5987389.540964879],[308551.37960576266,5987637.33230751],[307999.02632639464,5987828.738923913],[307875.8725408213,5987392.30303679],[308047.52263875864,5987121.397506431],[308107.58361175004,5986849.886011239],[307899.6318661608,5986582.210926613],[307933.8515515197,5986315.744662512],[307961.0696433084,5986107.046757391],[307480.55270603485,5985885.693198286],[307468.53497224115,5985541.646760091],[307651.9048177721,5985369.887396643],[307894.19521255326,5985259.36425609],[307961.0211593108,5985133.790530702],[308049.77632639464,5984901.488923913],[308081.43398122303,5984785.8008703105],[307765.51860775054,5984786.576630462],[307719.85062529333,5984786.910988683],[307356.31289874855,5984792.360744242],[307104.10883363336,5984962.764546173],[306717.85091370065,5984997.775820266],[306539.1982954806,5984810.391928351],[306188.5884760991,5984629.043618254],[305848.9063956989,5984457.872280242],[305293.36435849685,5984682.039888551],[305174.6166847795,5984868.93668532],[304940.74738908093,5984776.72626311],[304882.92074261047,5984750.552661104],[304573.0782820573,5984889.747993134],[304367.811879158,5984666.51848352],[304173.6434366731,5984797.760603568],[304184.076626488,5985044.817801172],[304083.0363012329,5985223.859790619],[303653.07240985055,5985449.50094232],[303810.881186842,5985675.43053416],[304084.0889045829,5985733.56301244],[304662.2924571978,5986159.331391253],[304835.8331170166,5986374.390330359],[304592.8007155759,5986686.37755635],[304234.93015383184,5987215.005106581],[303699.83638691064,5988223.846206132],[303638.5768212881,5988816.893234439],[303495.6971830996,5988851.57191048],[303503.3796786666,5989386.036345532],[303403.31629973184,5989706.562417911],[303323.8758299919,5990106.347424518],[303588.6615439113,5990614.83025426],[303550.9270109441,5990988.838239372],[303538.04415189195,5991075.410211474],[303461.55024054646,5991066.192489361],[303004.28108075727,5991185.644475071],[302915.53468514886,5991308.802156871],[302675.61593012325,5991344.200699711],[302479.263496262,5991845.617028823],[302009.6956937276,5991795.257986553],[301646.8372873906,5991740.84137178],[301642.57103154436,5992105.713404501],[301866.8060973091,5992294.74266273],[302405.22103265394,5992783.7282460835],[302511.89854403026,5992780.006958531],[303845.17701094504,5993333.838239372],[303655.84494844545,5993829.870820321],[303425.4137301501,5994035.6784092225],[303092.3450590158,5994497.524275826],[303079.5702152457,5994518.483840866],[303088.3222438069,5994532.686463721],[303343.7815041095,5994920.239932714],[303499.80298675876,5995297.014214549],[303535.94159766193,5995779.617607299],[303401.3963534739,5996009.1411411],[303381.7413783269,5996105.137205882],[303604.4792861743,5996036.555962749],[302794.2105886573,5997594.3444433715],[302949.3568856064,5997588.66539922],[303130.50045688264,5997811.216812575],[303153.10768250376,5998149.883371821],[303284.8365368452,5998211.314299967],[302884.0426141694,5999232.204772331],[302877.1020363141,5999248.480074232],[302896.60860005114,5999241.020723712],[303237.413131549,5999096.32234302],[303471.7750568371,5999217.216875505],[303709.66083578113,5999543.613967329],[303797.4064672934,5999885.514452012],[303975.5450758971,5999929.819473201],[303924.5034478558,6000638.536181232],[305140.1809585178,6000722.914735023],[305277.62735564075,6000922.7835631315],[305262.9857940795,6001305.029393291],[305400.44035165384,6001308.474622151],[306071.4537294125,6000921.785018925],[306181.7631313298,6000448.895353122],[306355.7450033892,6000531.120090231],[306460.95461413916,6000069.660898499],[306287.9532625675,6000014.922780262],[306293.7481745118,5999551.232622419],[307115.5152530726,5999379.133199083],[307100.5615917472,5999115.531280242],[307428.3968610093,5998996.483856481],[307132.3807686465,5998352.599505618],[307217.7389383204,5998139.734271575],[306963.25226886664,5997977.868789777],[306911.77238521725,5997764.777697431],[307103.84398094285,5997670.2596708],[307202.9912044592,5997601.005122252],[307342.5856871158,5997515.325364644],[307563.12437762413,5997405.056035999],[307700.4263164867,5997146.37803619],[307681.8421229711,5996893.358309321],[307950.7363469647,5996756.401876319],[307965.85963456426,5996557.354106646],[307716.9081352772,5996364.570643762],[307725.80177673604,5996002.7883404065],[308018.0667642923,5995060.265473602],[308444.0696937386,5995089.482939163],[308504.1585626332,5994910.713465098],[307848.8835858824,5994548.862959668],[307910.6482247608,5994082.91827626],[308451.59801762365,5994561.1465057805],[308425.8612752203,5994016.157472562],[308434.96395723894,5993717.906468807],[308602.11500569806,5993482.6723292675],[308858.382501211,5993263.844599735],[308929.27767248824,5993185.350205522],[309404.0680064177,5993123.461050792],[309563.3732917793,5993260.300108666],[309847.7252349276,5993263.4981458485],[309925.9185958477,5993075.055448592],[309952.6029617619,5993105.264845872],[310042.35879805125,5993300.634197913],[310421.84060553275,5993425.551196139],[310775.0505300965,5993589.7996716015],[311301.6076979572,5993882.175014013],[311927.4244665941,5993877.606585411],[312250.3666653009,5993890.674544925],[312436.6455083657,5993928.995275233],[313172.83597555105,5993781.599498361],[313250.0204098681,5994179.398930181],[313411.4643596327,5994325.105318373],[313648.0326878233,5994394.871707873],[313843.6060718633,5994544.144172102],[313985.416845276,5994822.616554668],[314137.6969573414,5994957.792409284],[314301.39982408565,5995039.367506092],[314543.5234241355,5995162.854390629],[314808.33730828017,5994684.56501326],[316049.71110094525,5994845.333645841],[316296.13426910155,5994932.544959953],[316369.3407192612,5995932.074276084],[316426.4240435278,5995947.853496091],[316527.18534654006,5996030.886761082],[316642.86222070083,5996135.677844163],[316760.4679378951,5996151.082598841],[316827.8531341385,5996423.6124210525],[316739.5634464165,5996581.296420064],[316820.9149915688,5996900.68450731],[316847.8596537467,5997052.547474673],[316882.45567481965,5997247.707],[316936.3112713676,5997585.780419871],[316953.16019859724,5997681.249596309],[316989.7779198922,5997954.433815433],[316788.97973444033,5998493.525312172],[316572.53451867215,5998785.235597938],[316343.2378042657,5999052.417683344],[316283.8874568688,5999107.777066143],[315805.2922919262,5999513.762186671],[315491.18376110494,5999780.660024561],[315108.09943971224,6000124.176656252],[315266.0525957709,6000445.689785842],[315134.53584640473,6000733.465036061],[315256.75240866654,6001030.6228004005],[315275.5950566316,6001553.448059721],[315604.2059073867,6001737.341088353],[316009.70783891156,6002167.197125474],[316459.87243955303,6003596.614776822],[316380.9071138399,6003646.160175649],[316335.92602324113,6003678.988897216],[316266.93070705235,6004270.778061802],[316125.3601706885,6004633.4091536235],[316055.5712231584,6004870.238595951],[315637.18384720385,6004909.37033475],[315586.5016003838,6005277.114848439],[316343.3067447785,6005694.934908705],[316717.75117672794,6005816.207845593],[317081.3146218397,6005840.258497911],[317172.0065637687,6006001.435525332],[317220.59481342696,6006096.044229982],[317328.09741753154,6006294.406121761],[317418.03902636655,6006555.67060844],[317636.62332140096,6006806.7492813915],[317679.3061252041,6007190.990626678],[317677.0602525631,6007405.950399194],[317718.2633931283,6007414.696993146],[318929.71266660374,6007488.78333248],[318853.12525795866,6006978.897472989],[318935.39945739694,6006956.506344017],[319109.7918352373,6007057.743203696],[319150.7469788389,6007256.431738522],[319315.0454733176,6007348.246363662],[319656.18810357526,6007420.88645957],[320311.7361182431,6007503.802352941],[320534.98577786144,6007442.730169633],[320847.0894773975,6007368.805178028],[321057.07876947895,6007321.933041193],[321208.2856762083,6007458.2248102],[321411.24628798384,6007675.514143068],[321701.651203298,6007491.942486772],[323549.8876408143,6008674.531757619],[323069.22836700454,6009443.310968451],[322367.49172210693,6010242.339906424],[322151.2292330619,6010388.742299952],[322146.4554672381,6010759.886256069],[321610.0178273646,6010899.731379416],[321691.3971965099,6011316.640495155],[321647.6221330231,6011804.062402243],[321714.2442914974,6012126.837082561],[321725.8278720742,6012457.98188542],[321788.5233210726,6012676.288517319],[321937.27997403406,6013294.863973299],[321915.23686203826,6013460.775833081],[321949.0502775097,6013790.84795285],[321764.65315490216,6013880.244203255],[321724.6960258791,6013941.081280913],[321707.26015211083,6013978.964196673],[321699.1537189372,6013997.509027254],[321536.9652661262,6014030.701169012],[321307.29828687664,6014044.241059771],[321234.1505994303,6014041.297283072],[321207.3021427281,6014037.546104552],[321179.0107494928,6014023.964959251],[321155.6764730355,6014000.51663219],[321124.7869474301,6013961.322886409],[321106.20345587935,6013944.962756773],[321087.9735943554,6013936.883193662],[321071.8046042742,6013934.159099601],[321035.2882689312,6013927.18183272],[320945.9143160172,6013918.05171551],[320695.94277341664,6013928.577332562],[320623.4951978773,6013954.59928393],[320564.8745781705,6013987.919667266],[320516.84875774663,6014016.61671542],[320464.96157636493,6014042.19689149],[320419.865341682,6014054.531481782],[320380.176009696,6014055.415049495],[320332.65394791774,6014028.565440543],[320287.06482943054,6013969.623670328],[320267.9480351098,6013938.0228685215],[320215.44324433524,6013867.315747622],[320166.80708959326,6013840.977059683],[320118.9612804316,6013840.923643852],[320055.78357659373,6013858.393696463],[319808.73167992104,6013959.545138327],[319635.71380378585,6013904.805228213],[319278.8064621594,6014125.628485391],[319191.9434367884,6014016.339895669],[318977.574237505,6014023.829645673],[317708.51388157625,6014263.477072256],[317650.2112923106,6014363.076874377],[317850.1496388847,6014507.236542333],[318160.5276216725,6014749.054308513],[318798.5952669997,6015133.771638889],[319121.74203008786,6015340.123226583],[319336.1570708789,6015448.44931259],[319621.2274777163,6015571.780406769],[319938.62477815617,6015715.019866042],[320217.12020409945,6015849.122623339],[320388.9318803903,6015945.131996296],[320710.9085727772,6016126.963195318],[321086.4517590441,6016317.434926245],[321563.4239420891,6016616.521358971],[322536.94425185677,6017147.670478102],[323175.3574115066,6017459.002450693],[323220.5268768566,6017334.095969783],[323087.17834192794,6016520.426892865],[322825.5755584007,6016292.427581824],[322746.76067780145,6016091.154107539],[322851.6461512903,6015971.663103901],[323626.44894429017,6015530.461683003],[324136.7615120765,6015286.538016429],[323965.7894450547,6014974.833971459],[324643.17149650026,6014937.91529518],[324833.9396994859,6014730.08153639],[324883.17279998306,6014635.802154681],[324889.2247060919,6014558.54325919],[324835.67022487894,6014372.052026041],[324822.796487893,6014309.249157663],[324828.58690550923,6014233.965272194],[324858.4994061701,6014130.856144058]]]]}},{"type":"Feature","properties":{"fid_1":"1598","symkey":"365","symtype":"14","text":"Mecklenburgische Seenplatte V","WkNr":"22","Nummer":"22","Wahlkreisnummer":"22","Wahlkreisname":"Mecklenburgische Seenplatte V"},"geometry":{"type":"MultiPolygon","coordinates":[[[[382158.97620638926,5942524.819749109],[382793.1913632704,5942275.22879912],[383540.1763075143,5942354.721274659],[384174.6922223177,5942350.079064669],[384028.05836378504,5942057.774008162],[384024.19696702994,5941760.664802112],[383986.3901604526,5941609.493076138],[384250.8563143704,5941466.201813579],[384147.50973729603,5941168.9667957015],[384152.5727657825,5940876.915526157],[383683.8708339827,5940836.534626799],[383633.77501103,5940610.7470971905],[383283.6134256823,5940356.235659283],[383353.0294398889,5940161.769023517],[383280.4493118599,5940124.927285839],[382838.05490480363,5939942.534326211],[383022.4788310388,5939809.048745388],[382984.4480798496,5939586.289808262],[382971.6162432842,5939414.249172695],[382946.24300780986,5939242.594228193],[382488.1013515964,5939083.141393142],[382462.4375887178,5939248.780488163],[382239.6263621636,5939236.051686252],[382222.1047106078,5938609.641443331],[381885.6538479263,5938625.394395672],[381702.98496336397,5938413.619256677],[381449.003250381,5938275.010900211],[381399.8592113042,5938103.000643071],[381162.9961394947,5937861.448946737],[380643.47289473005,5937943.8751803525],[380514.88217042945,5937937.554930786],[380336.7539908495,5937746.582676442],[380139.5673605688,5937542.931519739],[379759.52153440285,5937192.6024576705],[379655.51892423537,5937046.719984142],[379515.52162388805,5936773.067402426],[379567.2716238871,5936606.317402424],[379677.2526483042,5936404.338108579],[380120.20844593924,5935697.373611692],[381119.15075183846,5935454.946595773],[381189.5628081681,5935645.920374608],[381539.4414621424,5935760.543753231],[381456.7630414218,5935244.87502615],[381883.2506778315,5934360.175108582],[381590.22830951307,5934283.90385876],[382023.28996966407,5933653.622268202],[382150.5616919957,5933437.456893189],[382048.84163204953,5933278.279223962],[382137.78157607,5932896.3590795435],[382105.8789487034,5932756.3604185395],[381794.15941099916,5932559.1632367205],[381507.7654504897,5931980.036588773],[381323.2649971135,5931782.795940876],[381041.17719021905,5931520.580575133],[381132.18102818634,5930942.663833149],[380941.24882148765,5930745.30050604],[380801.2054944411,5930471.628723331],[380470.26046034694,5930172.660630304],[380241.3142119078,5929835.1274613105],[379655.4168447489,5929377.066018773],[379526.00964352675,5929033.045476291],[379616.26665323507,5928745.7133780215],[379281.59725143015,5928818.211336574],[379044.75913020596,5928741.196618278],[378777.2669347478,5928434.71321472],[378575.8287486434,5928345.114375966],[378140.96553551033,5928192.661719982],[378151.91614487395,5927975.202963384],[377990.5578563176,5927860.273920681],[377749.6233828217,5927165.774763381],[377992.6407834422,5926916.80644843],[377970.37205987703,5926550.7750738915],[377807.4704521308,5925947.20689211],[377476.3392409142,5925662.586722111],[376939.4758705739,5925357.783650212],[376525.72887480445,5925176.145732045],[376186.9668668974,5925694.522006122],[376053.80663845595,5926029.223317683],[376002.7119477559,5926417.347723762],[376098.1843871176,5926620.93325782],[375570.11736356374,5927289.39551096],[375292.76180756185,5927126.919100802],[375531.66334058065,5926767.585319085],[375480.8693145085,5926137.576094702],[375251.7898545861,5926315.578666087],[375041.56778540276,5926398.128629724],[374965.1973154638,5926487.52150863],[374990.7762838248,5926894.687786473],[374990.8201985182,5927079.24361915],[374841.57633841876,5927105.888132893],[374356.3489979161,5926645.371543514],[374011.3181247283,5926757.756246874],[373769.5518013872,5926254.37663782],[373941.0935646333,5926162.785827767],[373873.64445201866,5925985.0589807],[373567.5737093687,5925978.991271362],[373352.99696074147,5926266.773693092],[372997.86910316907,5926701.493334714],[372507.79524478037,5926352.227623653],[372207.68442346994,5926290.921434013],[372085.24276468065,5926229.629049171],[371858.470673278,5925923.54094295],[371699.1627002815,5925782.799595652],[371644.1189016141,5925960.230588723],[371521.62130701635,5926015.551330116],[371307.1683301255,5926107.2458992265],[370976.4944285704,5926241.8630091995],[370671.2576964982,5926246.274888929],[370167.8881737469,5926131.600962078],[370008.6775502665,5926076.600984789],[369763.42721219826,5925788.7713280395],[369671.6445977837,5925696.837791873],[369359.17869002745,5925751.933118729],[369206.21083901916,5925990.847423673],[369052.9788721837,5926003.2998694405],[368850.88662108406,5925739.775037603],[368085.17223297246,5926015.410780638],[367601.2587537216,5925923.809926383],[367270.54954669625,5926058.462011732],[366572.1602991568,5925929.734525682],[365714.7379163513,5925991.018567871],[365720.87003462855,5925825.608079398],[365604.60302160494,5925752.303480521],[365506.45341987535,5925666.50714899],[365310.56725250464,5925776.779366164],[365141.9033820471,5925885.892368555],[364985.25624459516,5925955.913253501],[364960.5687868474,5925965.282321207],[364924.71320400294,5925970.039124649],[364748.45094013214,5925994.217923954],[364280.564240193,5925972.16625379],[364173.8826998947,5925714.60876791],[363724.0646272013,5925734.418924168],[363466.2455802765,5925679.633305235],[363330.11960941646,5925687.9415354915],[363392.9657975938,5925464.252344316],[363561.11575417314,5925146.216033172],[363362.6593836667,5924711.90889979],[363250.2433646312,5924417.669974154],[362414.9943136629,5924764.15185382],[362019.43506962154,5924862.095121041],[360896.021362056,5925181.753485169],[360656.29872760084,5925732.482940881],[360445.50895280764,5926022.240218446],[360146.2531300727,5926188.292575091],[359803.3339539692,5926318.752896247],[359664.4966048477,5926127.338655738],[359643.467527654,5926096.704769131],[359620.975808464,5926120.356336482],[359403.4490796318,5926398.588210873],[359705.68702668604,5926869.409766331],[360034.1368821012,5927225.08546737],[359670.1268706294,5927660.256315844],[359980.90736409184,5927838.083958641],[359669.900238744,5928291.021971742],[359723.52779319976,5928557.4526469335],[359163.6939212503,5928921.73279996],[359869.66617836803,5929644.575838724],[359993.56814832706,5929942.81862212],[360078.72251518443,5930520.73733752],[360201.21216731146,5931124.460653622],[360267.42376139574,5931286.822640475],[360327.4676656872,5931431.27757458],[360531.91442870256,5931617.561318353],[360231.4179002233,5931725.757558929],[359473.75058530923,5931665.5694187265],[359305.59782262146,5931773.632707797],[358596.0709042065,5931755.773025803],[358104.8468750706,5932091.028414007],[358257.768330656,5932634.759801943],[358444.378007954,5932856.795504281],[358932.74217231106,5932758.847526684],[359133.4018300334,5933238.9461229],[359510.19153141417,5933363.02008855],[359705.8723985441,5933691.6381674],[359803.2678298857,5933922.949462911],[359939.8900409322,5934233.416133797],[359794.38288890384,5934349.3155845385],[359589.90162150376,5934473.713804191],[359163.64558657166,5934624.745380817],[359177.98766291235,5934866.137518432],[359083.72259172704,5934962.158091139],[359363.02584721334,5935291.181202732],[359376.9901505476,5935628.51809527],[359616.7544899471,5935877.273818329],[359803.35407136846,5936143.73213793],[359582.29833522905,5936356.181173593],[360149.8060774319,5936836.749278551],[360229.6597454883,5937032.145658502],[360274.2620297214,5937227.357854467],[360114.37359571084,5937307.427101862],[360593.9939501565,5937644.911156883],[360803.2245353265,5937936.530468645],[361061.3782155765,5938275.735170813],[361011.44377222564,5938408.995544182],[361046.9733389793,5938533.469153814],[361322.45181327127,5938551.298207067],[361367.09334119037,5938870.938864881],[361519.81474935263,5938989.420724474],[361632.4175730059,5939219.631180588],[361713.50509413145,5939537.28744602],[361601.91966935527,5939604.422445171],[361428.8867117483,5939785.984113194],[361630.544315272,5939829.560607528],[361690.88104905654,5939973.87437151],[361749.1059464272,5940237.90805112],[361828.3511090018,5940523.943175411],[362031.07561099064,5940614.067704374],[362521.17505643424,5940470.68500673],[362707.7198016979,5940204.1062777825],[363081.98418287653,5940000.312371442],[363516.7175847003,5939961.822216883],[363729.4434138909,5939860.427560609],[363935.2132683899,5939811.125127552],[364546.8786667194,5939831.333128439],[364892.16570200026,5939957.817330182],[364981.823406009,5939778.09400383],[365230.5932373367,5938800.839509048],[365248.1820120951,5938623.001290768],[365488.0789063722,5938516.490706647],[365527.2994535696,5938234.823065026],[365967.8147330107,5937885.6910622325],[365932.2278484246,5937707.933563473],[366019.0291253794,5937369.492761847],[366099.3469886454,5937427.219301151],[366163.8434126107,5937681.199212011],[366368.6828482086,5937590.095272595],[367114.1793696834,5937468.017919973],[367249.5850624591,5937442.5040501375],[367593.9991786368,5937672.290321054],[367695.6423291089,5937550.721319413],[367844.7321107928,5937257.578245133],[367833.8557945071,5936988.21435694],[367949.18402753957,5936890.39892995],[368294.5986706214,5936971.50091685],[368592.35678831395,5937105.09003555],[368740.00968803745,5937064.455437113],[368774.8048899658,5936830.797172593],[368943.3142717937,5936804.633038145],[369760.4602671126,5937266.3393001035],[370951.79146802984,5936384.149939561],[371635.8328000633,5936091.0178503245],[372044.5332678277,5936064.477554901],[372133.2724225875,5935069.540284997],[372124.37451757304,5934767.459955132],[372382.10670362134,5934616.511884911],[372550.81413659174,5935380.378048692],[373225.9219495319,5935656.096447729],[373404.3626288362,5935474.014690645],[373501.218976805,5936073.369602459],[373421.25884124823,5936384.125541562],[373652.3515493991,5936517.354067361],[373759.1422078544,5936713.0430433825],[373865.5798345031,5937210.586763931],[374087.5058427034,5937290.464864161],[373971.914111346,5937397.069232885],[373625.53490867093,5937876.654189026],[373818.2976449281,5938158.203541769],[374658.7695045946,5938407.773528168],[374949.2595815342,5938702.984767871],[375465.334673604,5938835.7959755715],[375695.1830967609,5938800.825064892],[375941.2838355135,5938918.95257649],[376260.02769126836,5939041.881079771],[376516.8358095689,5939216.0163510945],[376561.9510720698,5939367.3818037305],[376781.06636420824,5940024.27588818],[377521.1242337702,5940213.088435873],[377679.849136902,5939979.073511466],[378329.33336204477,5940182.73946345],[378480.42929286975,5940318.805029765],[378533.20712717343,5940613.336436512],[378720.0332678277,5940675.477554901],[379054.5896714963,5941006.16223268],[379666.2919956045,5940960.778468901],[379991.1238018535,5940848.080395263],[380512.4237860739,5940636.574104352],[380882.44104602933,5940991.609361909],[380965.3738777926,5941459.851449672],[381245.03113069106,5941399.436628828],[381660.54126301967,5942630.666725736],[381788.8503585225,5942803.969584238],[382158.97620638926,5942524.819749109]]],[[[397040.63114409335,5956759.042487463],[397490.0932914065,5956618.946398968],[397529.30230657477,5956862.4882561155],[398042.156119165,5956757.38315491],[398199.68710499257,5956658.943657953],[398441.32405681536,5956627.442610655],[398869.1366764568,5956628.859436372],[399165.4194896156,5956415.736880552],[399358.67074177135,5956379.195649631],[400640.80386966374,5956169.863858372],[401026.99743813276,5956075.64757292],[401311.0405963529,5955937.901198199],[401492.1673338236,5955736.877277523],[401596.84028456546,5955529.89240855],[401808.62598666735,5955322.561197422],[402056.51799999457,5955259.924836881],[402257.683902652,5954998.23541401],[402104.9340076521,5954864.3041516915],[402256.6973904893,5954634.047153227],[402446.43388827704,5954301.017727377],[402717.22441832535,5954095.936179819],[402720.6659802124,5953893.663892591],[402776.0732436823,5953641.439250402],[402590.0767524652,5953536.320454383],[402542.19747472554,5952933.406641154],[402620.6260553356,5952860.990735592],[402815.69958962034,5952441.663680814],[403071.9242743449,5951898.457136665],[403585.2662580237,5951172.298656069],[403772.90358474944,5951094.202491347],[403934.96231965255,5950823.669947509],[404187.0826218929,5950690.996032825],[404585.8260627268,5950526.22811277],[404913.6470853817,5950594.065633222],[406047.2992920615,5950800.390390934],[406814.7542674653,5950971.96410788],[407382.94411983155,5951110.711985212],[408498.89712500013,5951261.8570949305],[409136.06004136894,5951334.6823137645],[410273.8311251253,5951430.025598472],[410407.04857498687,5951442.788235411],[410640.43351271935,5951004.870255671],[410897.8446002165,5950881.582578501],[411345.8638620293,5950766.869089531],[411552.31853480544,5950786.11939385],[411732.0381119875,5950736.70662774],[412340.372454918,5950635.408873539],[412823.276978137,5950602.785840113],[413212.87277159654,5950646.201002631],[413602.1176124159,5950639.358878087],[414166.0472237291,5950827.796459245],[414446.92342653684,5950826.752252253],[414648.7478290545,5950811.198726859],[414795.5312600313,5950806.964810962],[414830.0418544151,5950804.875947317],[414854.93871989194,5950796.130665248],[415865.27874544356,5950460.85632984],[416374.9970111782,5950127.814420057],[416397.5283522932,5950111.210248401],[416420.31822701264,5950100.462776681],[416662.01635298785,5949958.92385659],[416963.89056015946,5949782.005201802],[417175.24330151826,5949649.036418477],[417198.78296716884,5949449.591227662],[417292.32873200066,5949577.8568157405],[417552.9156919606,5949782.045989409],[417820.19811479095,5949672.573568922],[417676.47298539616,5949396.421279091],[418098.56668446027,5949227.087766701],[418712.64612798486,5949118.948171895],[419418.00344862044,5949151.993843842],[420098.15757485013,5949173.273331158],[420271.1354134176,5949158.522056883],[420440.99925940577,5949192.590874672],[420242.4199840883,5948468.81433312],[419535.60609105043,5948506.262247838],[418410.5083634015,5948543.806781782],[418247.7307581827,5948462.063397603],[418128.87743871193,5948365.998292292],[417917.44087939337,5948077.692470502],[417470.4860877069,5947777.817027362],[416953.0442741914,5947696.621989742],[415683.1344283642,5947363.512961393],[415312.58333823923,5946911.651838571],[414989.4779242929,5946714.067627642],[414498.968056594,5946343.469266711],[414183.32596628554,5946020.090077421],[413716.11088370346,5945457.389840534],[414661.8613209836,5944734.599679561],[414914.66357233096,5944617.762979971],[415156.4516242165,5944493.7036915105],[415345.1543182982,5944260.404523652],[415659.3401657324,5944195.655885657],[415924.53798120655,5944110.3866494205],[416133.40588350873,5944010.021008451],[416306.8318325309,5943897.637445575],[416401.15673286375,5943562.133625662],[416454.7608189173,5943321.1116308905],[416408.0794844059,5942995.0446661245],[416164.77592846286,5942781.38969419],[416022.03168397956,5942619.275151202],[416165.93750923313,5942551.991535731],[416330.3761221934,5942640.295018498],[416610.15453980677,5942576.753862424],[416992.72389550135,5942764.763709173],[417266.7223794535,5942533.735180769],[417914.1945344275,5942235.66032267],[417963.6217316212,5942082.588192031],[418129.7636285266,5942098.037547782],[418114.39572823513,5941916.213759063],[418366.1591013195,5941579.303953381],[418170.0363772819,5941422.037791604],[417994.5908276634,5941380.575788228],[417729.090052912,5941437.503980404],[417608.40573942475,5941405.897240609],[417779.840175095,5941078.61696855],[417551.49856063817,5940885.268062765],[417317.105662412,5940906.728066526],[416936.7192964703,5940973.821472341],[416547.8781702705,5940541.085764682],[416304.3531252118,5940295.270700149],[416295.2062943578,5940173.158970818],[415896.58678126894,5940108.916578263],[415617.63259038236,5939967.04081282],[415580.6748192208,5939839.250191243],[415404.5384549871,5939744.400879553],[415200.91327424254,5939731.680226987],[414446.2716512745,5938931.414843135],[414276.591629046,5938839.644566834],[414076.21805341635,5938983.580864172],[413905.5149397878,5938890.990889417],[414120.16567691416,5938698.176325759],[414246.78688062076,5938542.152863523],[414230.9386051744,5938393.543353802],[414583.6915543629,5938104.60344824],[414594.08992052916,5937981.871178264],[414585.3418340767,5937869.628802659],[414526.3734241873,5937714.053514853],[414573.7645868389,5937542.10654352],[414517.91093269177,5937140.311388394],[415617.85705203284,5936690.861027602],[415223.77680669725,5935580.732343335],[415098.50170425326,5935457.378776072],[415320.48551529367,5935080.477586156],[415314.4607011359,5934912.811094854],[415303.4208773598,5934785.606359951],[415378.6126156533,5934481.1529136],[415426.44484837446,5934041.007165631],[415445.6644701008,5933715.892275101],[415458.23271075264,5933455.029763944],[415279.0980547955,5933231.2479437925],[414959.79397581704,5933335.456774831],[414735.6673067184,5933220.953642266],[414240.31712378655,5932692.236344406],[414034.56673142966,5932765.954433201],[413745.49167960323,5932893.5671898],[413252.7482197806,5932798.210004451],[412681.5853569908,5932695.815361179],[412451.1063458156,5932654.05866079],[412412.89819682203,5932232.954465209],[412575.2774100872,5931639.942606151],[412699.73896026984,5931353.115297301],[412508.66655324586,5931037.312849743],[411934.5968452161,5930549.517249487],[411867.58204654884,5930262.567212589],[411756.285293716,5929882.507762359],[411806.65590475965,5929741.503170533],[412264.3165888218,5929694.564855045],[412691.4713423839,5929619.174498584],[413082.84936648514,5929672.56335533],[413329.23842056934,5929603.479024991],[413491.4496767605,5929443.415561153],[413493.8409850644,5929038.343286591],[413340.96054457594,5928521.756065782],[413130.31443504617,5928225.373388203],[412943.62662632857,5927734.4510663785],[413139.9001738662,5927584.23421593],[413413.455177038,5927321.432274906],[413682.41358302813,5927038.035780249],[413871.9280606443,5926855.34330865],[414000.7342545362,5926723.182860123],[414058.3341877712,5926589.584650133],[414182.5077964859,5926436.202715432],[414371.7172724167,5926306.299768634],[414330.6164126741,5926256.593831854],[414197.01902732346,5926017.7325786],[413877.25296002626,5925702.068891782],[413413.4036516091,5925514.159338053],[413193.54314928036,5925293.183859212],[412939.5868148254,5925040.890107747],[412543.4762813207,5924915.89687288],[412259.59012112767,5924737.948109932],[411907.40603969526,5924274.485610472],[411633.4315728042,5924114.451072972],[411235.6356537882,5924062.56482373],[411158.3703711638,5923871.933666896],[410810.76935116947,5923465.785775997],[410632.1773481872,5923267.96556752],[410713.7954291655,5923015.860993372],[410474.3006692948,5922726.306329273],[410399.7063464485,5922459.479319876],[410197.545703209,5922671.29997175],[409711.7766921455,5922867.500500301],[409260.14970976673,5922091.276505431],[409595.0032074684,5921859.193566745],[409479.9837950114,5921610.05871569],[409396.5807806896,5921327.295744561],[408941.5117927771,5921155.29704353],[409234.7981839543,5920663.285901461],[409371.04960874375,5920364.580416122],[409287.6312314132,5920081.820850382],[409162.08403625805,5919759.479716523],[408950.4000197323,5919309.63887411],[408825.97954733856,5919020.047587937],[408687.2911868412,5918787.997113241],[408552.6010898221,5918670.372034177],[408403.3974918388,5918610.037175851],[408262.29840487055,5918710.027912099],[408236.2563950978,5918967.089674482],[408094.7211814383,5919118.874476273],[407540.63669013977,5919154.758853493],[407263.28072821815,5918927.544451375],[406754.47238096874,5918855.49854802],[406659.7410456892,5918712.204383839],[406550.0250376696,5918609.621855572],[406418.1432370208,5918573.552067168],[406225.4862231966,5918758.383878542],[405792.85089310165,5918668.928193243],[405597.12299244106,5918572.940394513],[405096.09841621574,5918595.216604931],[405075.6872767713,5918473.344208995],[404924.76270031,5918356.297220856],[404908.7877454683,5918149.472693013],[404873.25032309256,5918055.89871734],[404700.1179811824,5918004.910190733],[404478.28526441567,5917834.553160459],[404322.4517379049,5917715.929368373],[404138.77024834417,5917828.402078899],[403866.9975024145,5917772.603865344],[403599.589930946,5917629.607816901],[403517.9397211699,5917312.014166294],[403323.64533539396,5917149.2030088715],[403410.9326152913,5916948.275228722],[403824.8627071772,5916924.548157189],[403998.7234552782,5916781.655940151],[403892.1392432768,5916559.252942301],[403929.9944037907,5916388.38744876],[403837.0489723915,5916449.528151071],[403626.8986153649,5916469.743835606],[403345.09923228715,5916583.394514851],[403030.9279322205,5916503.364300182],[402768.86131886486,5916525.61814383],[402576.1994265262,5916396.036069723],[402337.84747199155,5916678.492008025],[402098.912693779,5916837.458528014],[401896.16355227865,5916900.379772112],[402039.9956222549,5917310.227550596],[402247.3391544046,5917904.814199671],[402061.4221711401,5918055.51190155],[401191.8447461156,5918430.528403627],[401224.3590292996,5918523.523743095],[401016.5150010232,5918564.87188456],[399843.31487224903,5918618.971862813],[399252.98574891966,5918679.3871748485],[399311.6031951215,5918872.666488692],[399147.9614442419,5919014.2044268325],[399023.56472911686,5918813.25611374],[398813.1752885552,5918784.719248632],[398745.99110001046,5919138.362113323],[398422.95239330176,5919084.136424404],[398374.2249471359,5919049.81608074],[398063.8601433933,5918937.329132171],[397933.1022888487,5918861.299972633],[397560.1280166218,5918899.603088772],[397273.0963022122,5918918.5436042845],[396894.46895216964,5918839.080445727],[396469.6059794985,5918738.346430283],[395728.1009644959,5918529.110617567],[395081.35951231327,5918190.68256399],[394316.7502078796,5919176.335758077],[393876.7713698847,5919779.072265277],[393943.7990738051,5920362.386914311],[394144.53355445433,5920448.5518883355],[394230.89603117574,5920620.702916363],[394087.2674926836,5920754.63634556],[393714.12485024333,5920697.345230974],[393302.8477617232,5921051.247024057],[392635.1469486747,5921554.841876801],[392164.241575351,5922083.070451165],[391871.62102246657,5922083.1965098325],[391336.71611605864,5922025.799629189],[390745.0229002563,5921733.008196453],[390383.68856891524,5921561.969616113],[390146.85663736425,5921433.783193648],[389860.28496108856,5921529.502196342],[389726.61321491003,5921535.5635607205],[389539.14638863504,5921446.855748592],[389408.3046869952,5921312.86921899],[388829.3699876368,5921707.6449203715],[388651.0631711148,5921771.064055324],[388307.26201796066,5921936.644268053],[388339.10212465934,5922089.352845509],[388265.4935703138,5922217.000728352],[388245.7558164997,5922248.408072302],[388214.49717495125,5922232.293460611],[388110.0119482223,5922165.986862021],[387906.30662386864,5922127.603952721],[387748.6924922494,5921920.640644351],[387549.73002335336,5921784.04359716],[387454.26868431456,5921656.833769891],[387365.1469634017,5921478.67544103],[387218.7005706206,5921440.496596739],[387091.4554697126,5921504.1471504215],[387047.0670589814,5921396.0103639215],[386894.2765620481,5921109.758150963],[386798.8506692387,5920982.101335432],[386512.1679924205,5920925.015902504],[386124.00867941603,5920765.979020201],[385850.20283208974,5921608.292835053],[385615.18481551204,5922191.78046648],[385519.9551400775,5922382.5022367],[385348.03024282027,5922611.612834964],[385093.57211321313,5922611.569212817],[384984.35599149764,5922491.97013678],[384781.4626791952,5922369.712385973],[384692.5794296684,5921962.496180061],[383941.53826157097,5921987.86777753],[383941.411813952,5922172.403161813],[384127.113641575,5922375.816145714],[383667.4834492346,5922465.449695233],[383705.87984762806,5923069.933480736],[383444.69494571816,5923273.649170039],[382954.77417331375,5923560.163019847],[383018.16637300607,5923706.405098112],[382610.06161545124,5923776.2287116535],[382336.82684221864,5922770.963009553],[382184.0787193775,5922051.6659148205],[381371.41056147683,5922162.609476291],[381051.21237373445,5922185.237344012],[380930.2415353311,5921879.669558473],[380751.9064247273,5921975.1280741505],[380663.00581650063,5922083.4080723],[380586.468936461,5922115.19389757],[380556.7571974229,5921797.310437037],[380045.56778767146,5921834.908967612],[379822.8263365878,5921911.333677331],[379810.04842266906,5922204.08244987],[380115.5756082628,5922268.003828103],[380058.23230755236,5922522.43631836],[380312.6553702019,5922592.51296442],[380026.39141585026,5922916.88823241],[379695.45295376424,5922770.548487889],[379536.3450885499,5923101.656058071],[379714.6261112746,5923642.710282693],[379352.25002603605,5925303.449619612],[379225.5412562955,5925543.418589242],[378946.2567339912,5926091.960528312],[379134.09613518044,5926124.860489482],[379369.45947705396,5926195.038147584],[379624.2427505255,5926379.426720429],[379853.29847089294,5926691.181198353],[380432.47447491623,5927060.28859867],[380717.27510716766,5927453.523877237],[381228.6658699494,5927694.657864645],[381407.28412911575,5928027.937563254],[381590.83523857594,5928450.457613893],[381811.2567339903,5928744.210528312],[381940.66335116234,5929345.312711833],[381966.25095310155,5929688.927175755],[382131.86017272715,5929886.174133724],[382291.0545503991,5930115.231234396],[382430.943773536,5930548.013144979],[382539.17860154156,5930910.641436502],[382640.9845172167,5931108.306136552],[383043.1479350822,5931005.755411392],[383357.70758195594,5930836.26154243],[383718.64857524727,5930736.793622453],[383926.93597940635,5930791.217523802],[383907.8458550023,5931082.78764599],[383978.5958550023,5931223.537645992],[384005.191840427,5931419.11492403],[384618.09648326784,5931269.839930192],[384378.63855457306,5930581.793083763],[385116.0299549913,5930687.320556922],[385267.89726080094,5931281.3730137125],[386194.89325046167,5931458.063414298],[386874.0844135573,5931484.454656513],[387415.0808664877,5931637.223551808],[387816.1046193214,5931853.6932551395],[388268.0067339903,5932164.9605283085],[388900.45023889747,5932577.633061441],[388943.74135038536,5932878.303050239],[389203.50673399214,5932884.710528312],[389192.5158907864,5933589.5382719245],[390199.6246234169,5933539.288265301],[390224.3956283862,5934811.950444484],[390064.84055648,5935635.28379376],[390019.86372611206,5936187.194245946],[390025.99887810554,5936798.603670893],[389636.5853610998,5936900.692892358],[389318.1653821459,5936957.857968561],[388894.438222751,5937094.148092613],[388791.1377282711,5937330.897449203],[388280.52381831594,5938326.58033419],[388426.9270391455,5938663.600147171],[388242.27563385107,5938899.333300587],[388210.47871707194,5939096.400825759],[388218.4951203447,5939389.397982612],[387265.33447489515,5939300.984032981],[386466.45023881085,5939254.335559653],[385942.97788062785,5939348.022232274],[385652.5199144827,5939406.392258426],[385406.5963555407,5939455.772574913],[385263.4835227821,5939484.596221313],[385231.6408180576,5939656.77581488],[385150.11816693656,5940326.144698901],[384754.7504814202,5941682.923807871],[384429.14650920127,5942562.604982762],[384423.44839604385,5942607.081454132],[384367.2276936732,5943138.698767148],[384764.99141915794,5943407.5848576315],[384795.2094018236,5943573.811273504],[384689.3657078855,5943679.298898131],[384471.94187086355,5943785.606462525],[384546.37275096495,5944075.430838805],[384726.20628405735,5944246.246420283],[384672.72187121585,5944519.283812564],[384666.65704083256,5944548.099292044],[384688.9403601708,5944560.992152443],[384893.20940182265,5944699.061273504],[384727.1158692967,5944925.552836519],[384810.2916871086,5945303.2174238395],[385082.19134857785,5945439.336120844],[385175.9123486327,5945802.7219318],[385328.6044583125,5945884.182011858],[385346.11436435115,5945892.344389262],[385362.48476834036,5945908.762229359],[385633.23285570927,5946194.39804594],[385814.42751099356,5946360.6520616],[385671.06779572926,5946816.489565389],[385644.9820932271,5947094.89870761],[385530.6316479631,5947324.848775798],[385648.88617393095,5947480.635370607],[385936.87037240807,5947353.809457084],[386229.9675031351,5947387.80190514],[387506.1646623602,5948044.793029871],[388264.99663433246,5948389.026515728],[388291.9594018217,5948400.061273502],[388314.4337146608,5948407.809156349],[389445.3524102364,5948811.291111611],[390238.77607546933,5949024.267888008],[390707.55507967714,5949145.719329132],[391057.7467714008,5949317.108363759],[393120.81787076127,5950463.226943659],[393951.033437714,5951043.676304264],[394264.5678707622,5951356.976943662],[394622.0482256273,5951660.71730615],[395092.6184483608,5952018.19242055],[395396.9769312078,5952464.201995801],[395487.1389345471,5952713.358361006],[395621.36158410367,5953522.726179082],[395691.31481513754,5954331.239377933],[395970.9087473536,5955112.769810766],[396390.8345731534,5956030.780529577],[396611.0834049126,5956795.550183732],[396611.7649560049,5957046.951633152],[396645.51660966687,5957043.247538196],[396917.31133534014,5957008.854406079],[396938.97235875484,5956889.816468522],[397040.63114409335,5956759.042487463]]]]}},{"type":"Feature","properties":{"fid_1":"1600","symkey":"122","symtype":"14","text":"Neubrandenburg II","WkNr":"3","Nummer":"3","Wahlkreisnummer":"3","Wahlkreisname":"Neubrandenburg II"},"geometry":{"type":"Polygon","coordinates":[[[384428.63807236194,5942562.37262101],[384438.463516827,5942535.762742367],[384754.23330191395,5941682.441599037],[385149.60098742996,5940325.66249007],[385231.123638551,5939656.29360605],[385262.966343274,5939484.11401248],[385942.4607011201,5939347.54002344],[386465.93305930495,5939253.85335082],[387264.81729538797,5939300.50182415],[388217.9779408381,5939388.915773776],[388209.96153756604,5939095.918616926],[388241.75845434703,5938898.85109176],[388426.40985963994,5938663.11793834],[388280.321091868,5938324.43667097],[388790.620548766,5937330.41524037],[388893.9210432458,5937093.665883777],[389317.64820264,5936957.37575973],[389636.068181593,5936900.21068353],[390025.48169859906,5936798.12146206],[390019.34654660604,5936186.7120371135],[390033.10448113596,5936015.125960346],[389440.4512670229,5935946.65195245],[388893.302590373,5935771.952127726],[388534.223468262,5935661.59673467],[388222.41353023204,5935672.48537764],[387832.29339844396,5935754.65042662],[387622.301564708,5935823.02068523],[387405.087148455,5935885.13919996],[386940.83276269585,5935890.065449623],[386690.59080989286,5935838.051569146],[386460.80478190305,5935829.06001737],[386079.62839984,5935873.640038203],[385756.612960991,5935946.51298002],[385340.7248463711,5936057.74770644],[385103.39832347597,5935816.64970452],[385144.506733991,5935734.21052831],[385162.49632124905,5935603.952909384],[385096.7991925352,5935427.892693044],[384998.450383818,5935305.25700564],[384813.75517038605,5935181.3898839755],[384578.12210177234,5935215.9708258435],[384450.96065722336,5935179.326324569],[384378.06133539206,5935190.632622544],[384072.34246437787,5935318.401690119],[383955.9760661997,5935088.330288835],[383879.5359752545,5934912.645984366],[383818.412370858,5934903.02770168],[383664.57009356644,5934931.67519228],[383488.919246249,5934887.54082543],[383346.91305283294,5934811.2101891665],[383229.9807525659,5934672.21437213],[383122.682128293,5934586.91450268],[382930.4654135131,5934512.590989847],[382736.88484246796,5934399.2913318],[382583.347814022,5934215.04793057],[382393.816507795,5933881.47193254],[382132.117484818,5933472.87380006],[382023.8071491709,5933654.1044770265],[381590.74548901804,5934284.38606759],[381883.7678573362,5934360.657317414],[381457.28022092604,5935245.35723498],[381539.95864164794,5935761.02596206],[381190.0799876733,5935646.402583433],[381119.667931344,5935455.4288046],[380120.72562544607,5935697.85582052],[379677.7698278108,5936404.820317406],[379567.78880339395,5936606.799611254],[379516.0388033942,5936773.549611254],[379656.03610374196,5937047.202192973],[379760.038713909,5937193.084666496],[380140.084540074,5937543.413728573],[380337.27117035503,5937747.06488527],[380515.39934993593,5937938.03713961],[380643.990074237,5937944.357389176],[381163.51331900095,5937861.93115557],[381400.3763908101,5938103.482851904],[381449.520429887,5938275.493109036],[381703.5021428701,5938414.1014655065],[381886.17102743196,5938625.876604504],[382222.621890113,5938610.12365216],[382240.143541669,5939236.53389508],[382462.9547682251,5939249.26269699],[382488.618531103,5939083.62360197],[382946.7601873154,5939243.07643702],[382972.133422788,5939414.731381516],[382984.965259355,5939586.772017086],[383022.99601054494,5939809.530954217],[382838.57208431,5939943.01653504],[383280.96649136604,5940125.40949467],[383353.54661939596,5940162.251232354],[383284.130605189,5940356.71786811],[383634.2921905359,5940611.22930602],[383684.3880134879,5940837.016835626],[384153.089945288,5940877.397734987],[384148.02691680205,5941169.44900453],[384251.3734938749,5941466.68402241],[383986.9073399571,5941609.975284967],[384024.7141465361,5941761.147010936],[384028.57554329094,5942058.256216986],[384174.692222317,5942350.07906467],[384266.45065915503,5942546.31142642],[384406.1081213951,5942561.91022574],[384429.1465092,5942562.60498276],[384428.63807236194,5942562.37262101]]]}},{"type":"Feature","properties":{"fid_1":"1601","symkey":"138","symtype":"14","text":"Neubrandenburg I","WkNr":"2","Nummer":"2","Wahlkreisnummer":"2","Wahlkreisname":"Neubrandenburg I"},"geometry":{"type":"Polygon","coordinates":[[[379225.541256296,5925543.418589234],[379193.96940663806,5925534.76738648],[378965.18986511393,5925443.22405818],[378797.114592058,5925131.65575683],[378930.61826056195,5925106.167754426],[379070.48925378197,5924934.42166139],[378930.42095216,5924597.02071627],[379064.282822803,5924266.10168703],[378981.42949895095,5923884.09867685],[378745.88356967794,5923712.58264007],[378580.627558077,5923356.05299526],[378217.707866743,5923343.20716284],[377905.802253791,5923254.24470827],[377568.61445847,5923381.4677847],[377409.53156411485,5923464.329423275],[377084.8431344831,5923731.50867637],[376599.373486549,5923928.409976],[376594.703540502,5924438.01038338],[376349.68081579404,5924612.12034869],[376197.6498228966,5924799.978953915],[376524.72948646406,5925176.18070271],[376939.99305008,5925358.26585904],[377476.85642042104,5925663.06893094],[377807.98763163795,5925947.68910094],[377970.8892393835,5926551.257282726],[377993.15796294715,5926917.288657255],[377750.140562327,5927166.25697221],[377991.075035822,5927860.75612951],[378152.43332437903,5927975.68517221],[378141.48271501693,5928193.143928816],[378576.34592815,5928345.596584796],[378777.784114253,5928435.195423544],[379045.27630971104,5928741.6788271],[379282.1144309351,5928818.693545395],[379616.783832742,5928746.19558685],[379526.526823031,5929033.527685114],[379655.934024254,5929377.5482276],[380241.83139141276,5929835.609670134],[380470.777639852,5930173.14283913],[380801.722673947,5930472.11093216],[380941.7660009931,5930745.78271487],[381132.698207692,5930943.146041974],[381041.6943697252,5931521.06278396],[381323.78217662,5931783.2781497],[381508.28262999596,5931980.5187976],[381794.676590506,5932559.645445555],[382106.39612821117,5932756.842627364],[382138.2987555759,5932896.84128837],[382049.3588115551,5933278.76143279],[382150.56169199606,5933437.45689319],[382132.15245549195,5933473.8731884],[382393.8514784691,5933882.47132088],[382583.382784695,5934216.04731891],[382736.91981314204,5934400.29072014],[382930.500384187,5934513.59037819],[383122.717098966,5934587.91389102],[383230.01572323893,5934673.21376047],[383346.948023507,5934812.20957751],[383488.95421692263,5934888.540213765],[383664.6050642389,5934932.674580605],[383818.44734153105,5934904.02709001],[383879.5359752545,5934912.645984367],[383955.97606619983,5935088.330288836],[384072.34246437787,5935318.40169012],[384378.06133539206,5935190.632622543],[384450.96065722336,5935179.326324569],[384578.12210177234,5935215.9708258435],[384813.75517038605,5935181.3898839755],[384998.48535449104,5935306.256393975],[385096.8341632092,5935428.892081374],[385162.5312919221,5935604.952297715],[385144.54170466494,5935735.20991665],[385103.4332941497,5935817.649092856],[385340.759817044,5936058.74709478],[385756.64793166495,5935947.51236836],[386079.66337051406,5935874.639426534],[386460.8397525761,5935830.05940571],[386690.62578056613,5935839.050957495],[386940.86773337005,5935891.06483796],[387405.12211912894,5935886.138588294],[387622.3365353821,5935824.020073565],[387832.32836911804,5935755.64981496],[388222.44850090623,5935673.484765975],[388534.25843893504,5935662.59612301],[388893.33756104694,5935772.95151607],[389440.48623769614,5935947.651340796],[390033.139451809,5936016.12534869],[390064.323376972,5935634.80158493],[390223.878448879,5934811.46823565],[390199.10744390904,5933538.80605647],[389191.998711281,5933589.056063096],[389202.98955448484,5932884.22831948],[388943.2241708799,5932877.82084141],[388899.93305939017,5932577.150852605],[388267.48955448496,5932164.47831948],[387815.5874398161,5931853.21104631],[387414.56368698296,5931636.74134298],[386873.56723405095,5931483.97244768],[386194.37607095507,5931457.581205466],[385267.38008129504,5931280.890804886],[385115.512775484,5930686.83834809],[384378.1213750669,5930581.310874935],[384617.579303761,5931269.357721355],[384004.674660921,5931418.632715206],[383978.0786754957,5931223.05543716],[383907.328675495,5931082.305437154],[383926.41879989905,5930790.73531497],[383718.13139574113,5930736.31141362],[383357.190402449,5930835.7793336],[383042.6307555761,5931005.27320256],[382640.467337711,5931107.8239277145],[382538.6614220354,5930910.159227676],[382430.42659402755,5930547.530936144],[382290.5373708941,5930114.749025566],[382131.342993221,5929885.691924895],[381965.733773596,5929688.44496692],[381940.14617165504,5929344.830503006],[381810.7395544851,5928743.72831948],[381590.31805907004,5928449.975405054],[381406.76694960776,5928027.455354414],[381228.148690443,5927694.17565581],[380716.75792766106,5927453.041668405],[380431.9572954095,5927059.806389835],[379852.78129138704,5926690.698989514],[379623.72557101806,5926378.9445116],[379368.9422975461,5926194.55593875],[379133.578955675,5926124.37828065],[378945.7395544852,5926091.478319486],[379227.0403388039,5925543.366133235],[379225.541256296,5925543.418589234]]]}},{"type":"Feature","properties":{"fid_1":"1602","symkey":"358","symtype":"14","text":"Schwerin II","WkNr":"9","Nummer":"9","Wahlkreisnummer":"9","Wahlkreisname":"Schwerin II"},"geometry":{"type":"Polygon","coordinates":[[[259840.87032667303,5947221.64065859],[259932.4015647641,5947406.80300615],[259996.33988874976,5947397.80181424],[260107.1280151059,5947445.966300367],[260575.33023158496,5947212.758450281],[260673.95540866104,5947209.499715977],[260796.85557673895,5947208.622076943],[261006.72693174006,5947165.63212501],[260976.94935014145,5947310.110188427],[260897.99673484592,5947412.933991787],[260785.3285659938,5947510.183393986],[260714.68901179614,5947543.173784744],[260659.23997457174,5947595.644888898],[260623.3112159121,5947676.951019056],[260661.34455815598,5947770.178039698],[260821.13673023018,5947768.589252803],[260929.2335663943,5947712.27474303],[261051.88964108244,5947585.908262735],[261120.25710872753,5947523.7294732025],[261222.43523225462,5947470.978877992],[261783.0568674149,5947345.959770618],[261920.09794013895,5947284.71725014],[262073.49883438804,5947161.78934051],[262267.047517495,5947102.49847048],[262392.9565445303,5947125.326594534],[262451.4565445303,5947125.32659453],[262586.709379849,5947333.43519802],[262695.8849536765,5947500.96972902],[262784.65862323705,5947465.89064841],[263124.400689992,5947422.436209225],[263199.2236753872,5947416.065702446],[263257.87654162094,5947412.262245795],[263271.99911839096,5947415.52036264],[263289.6844433248,5947427.659319836],[263307.27728920296,5947444.30426724],[263323.59836195305,5947467.497694851],[263343.67957393825,5947498.06413764],[263361.1537127581,5947518.46553398],[263377.691023991,5947526.39206142],[263411.68266048096,5947532.707213725],[263461.98060852697,5947533.19856115],[263516.1624552412,5947530.302013775],[263639.412061731,5947520.98619391],[263637.17218063807,5947521.314725005],[263836.02435278904,5947515.13324199],[263883.6663412481,5947509.68754631],[263951.295251044,5947469.29781296],[264026.39567360154,5947449.4093356],[264101.5098911951,5947422.766244285],[264127.857196392,5947393.67210777],[264129.348051226,5947238.93027977],[264119.95394326106,5947063.40143389],[264185.409618931,5946968.05408457],[264258.827758862,5946892.94065882],[264312.4747664201,5946753.229130735],[264368.16835021204,5946571.92058922],[264442.30866292596,5946324.42647004],[264529.708926701,5946162.77114568],[264705.95625506504,5945973.742036155],[264811.1992118028,5945828.722916535],[264968.4061016351,5945588.82855168],[265178.8824806077,5945398.601696596],[265368.51215738885,5945298.909241095],[265574.0807066959,5945247.704786405],[265682.192646085,5945291.435051476],[265732.972126313,5945337.41172989],[265755.840202015,5945430.19442056],[265755.96685990505,5945526.74904995],[265828.53032495605,5945634.52738052],[265944.3442562729,5945727.405753285],[266043.83612556104,5945775.33411767],[266165.4739610071,5945798.59458817],[266280.116078082,5945822.09985338],[266359.05967178696,5945836.99410243],[266421.524475669,5945824.15596412],[266466.7287424371,5945736.27138489],[266495.90958309884,5945583.657563305],[266508.32307900616,5945445.138728425],[266581.500906359,5945270.22266117],[266661.531646588,5945098.41153151],[266801.8140601101,5944946.42397811],[266936.0284228091,5944954.69737607],[267044.393073574,5944992.51571404],[267082.38430033106,5945100.85283462],[267099.01971322,5945183.071372906],[267134.07715631113,5945200.084105425],[267220.666291335,5945206.58169049],[267308.78266207816,5945165.475058326],[267393.6531207449,5945110.6210475145],[267440.7866253562,5945191.874938605],[267497.43141320895,5945237.756787395],[267570.498425844,5945352.9373452],[267638.4849932027,5945422.852573565],[267700.4470702163,5945420.68439182],[267756.63450397097,5945346.42405726],[267838.963228252,5945139.918655005],[268052.59092703,5944539.33059418],[268115.0433853129,5944451.092617924],[268231.89177487895,5944459.01119453],[268214.22938357317,5944390.336854826],[268203.51996345003,5944355.940331445],[268192.43693681294,5944332.31346072],[268188.528172213,5944320.69304509],[268178.73832660704,5944312.96446802],[268134.7074990481,5944305.315784605],[268004.998201099,5944301.599533015],[267964.197790212,5944286.69508055],[267936.521648393,5944267.72348353],[267905.8856601697,5944235.77530321],[267818.10401141096,5944113.617855656],[267513.9794634391,5942515.89731173],[267094.124910948,5942312.22867927],[267250.605637778,5942856.17762259],[266735.43041999324,5942960.986988677],[266546.639293264,5942486.739246815],[264972.08298754424,5941881.746180095],[265080.26652959816,5941493.633632004],[266959.85355531494,5940463.457102635],[267119.56147061207,5940131.76357625],[265940.86966379,5939974.32516268],[266080.06723250204,5939551.8046499],[265591.620436769,5939471.79277404],[265619.453544431,5939294.96127057],[263131.4102925031,5938879.71582926],[263023.4393212853,5939361.93612671],[261836.08288546698,5939135.06612415],[260436.23214919306,5938922.955882895],[260452.43022965605,5939116.44976114],[260735.98101596104,5939143.587840585],[260954.04242054722,5939754.945434565],[260705.81776748307,5939826.40453209],[260825.30756290804,5940196.03241155],[260595.02627187903,5940271.92707016],[260494.7025436763,5940042.290602875],[260264.168573651,5940108.85219356],[260168.07433311,5939938.35493211],[259328.34953471704,5940254.09961327],[260326.90600857302,5942700.3291969],[260176.810664198,5943055.69995707],[259731.25855820405,5943649.39415436],[258936.83939482103,5944575.27432179],[258895.2927065501,5944836.18359212],[259266.49389044603,5944895.99841116],[259284.87443364703,5945022.489074015],[259310.479270139,5945326.8757714145],[259624.86408407905,5946121.61645881],[259346.54597654904,5946495.110036975],[259275.167880203,5946672.63977322],[258977.13349629892,5946679.5145198],[259051.64511974494,5947500.66106152],[259147.81274350698,5947468.02805461],[259365.024493105,5947341.60468519],[259840.87032667303,5947221.64065859]]]}},{"type":"Feature","properties":{"fid_1":"1609","symkey":"123","symtype":"14","text":"Schwerin I","WkNr":"8","Nummer":"8","Wahlkreisnummer":"8","Wahlkreisname":"Schwerin I"},"geometry":{"type":"Polygon","coordinates":[[[265558.170475616,5953893.03345316],[265786.64195375005,5953427.762201179],[266141.410922204,5953431.005890451],[266444.6055359602,5953564.52496655],[266894.0759921558,5954081.431173092],[267175.99910285394,5953988.51529903],[267550.01040015905,5953281.35595389],[267545.62685460097,5952841.887820238],[267835.120640454,5952236.14351736],[267818.908278629,5951781.72852898],[267696.6780382111,5951420.999487028],[267764.243476609,5950516.11318838],[267578.718212296,5950136.59855159],[267676.882344155,5949809.78301838],[267593.52368012886,5948623.471904862],[268569.83834982116,5947795.956678632],[268839.2409188717,5947103.337630091],[268747.46364435705,5946266.89456415],[268600.840877366,5945953.54550523],[268818.19103938603,5945544.20788695],[268808.57095270103,5945360.54839398],[268440.703672974,5945006.54971147],[268214.4222807479,5945237.776348001],[268102.881598974,5944990.41269684],[268184.8532584569,5944751.83527221],[268233.198833587,5944605.6907018],[268231.89177488,5944459.01119453],[268115.043385313,5944451.092617928],[268052.59092703107,5944539.33059418],[267838.96322825295,5945139.918655002],[267756.63450397097,5945346.42405726],[267700.4470702175,5945420.68439182],[267638.4849932025,5945422.8525735615],[267570.498425844,5945352.9373452],[267497.43141321,5945237.756787391],[267440.7866253572,5945191.874938602],[267393.6531207457,5945110.621047518],[267308.7826620792,5945165.475058322],[267220.66629133595,5945206.58169049],[267134.0771563113,5945200.084105428],[267099.0197132211,5945183.071372902],[267082.38430033106,5945100.85283462],[267044.393073575,5944992.51571404],[266936.0284228091,5944954.69737607],[266801.8140601125,5944946.423978118],[266661.531646588,5945098.41153151],[266581.50090636,5945270.22266117],[266508.3230790063,5945445.138728429],[266495.9095830987,5945583.657563302],[266466.7287424371,5945736.27138489],[266421.52447567007,5945824.15596412],[266359.05967178696,5945836.99410243],[266280.116078082,5945822.09985338],[266165.4739610071,5945798.59458817],[266043.83612556104,5945775.33411767],[265944.3442562729,5945727.405753288],[265828.5303249571,5945634.52738052],[265755.96685990505,5945526.74904995],[265755.840202016,5945430.19442056],[265732.97212631395,5945337.41172989],[265682.19264608587,5945291.435051472],[265574.080706698,5945247.70478641],[265368.51215738873,5945298.909241091],[265178.88248060754,5945398.601696593],[264968.406101636,5945588.82855168],[264811.19921180373,5945828.722916531],[264705.95625506504,5945973.742036152],[264529.70892670203,5946162.77114568],[264442.308662927,5946324.426470032],[264368.1683502131,5946571.92058922],[264312.47476642,5946753.229130738],[264258.827758863,5946892.94065882],[264185.409618931,5946968.05408457],[264119.953943262,5947063.40143389],[264129.34805122705,5947238.93027977],[264127.857196392,5947393.67210777],[264101.50989119604,5947422.76624428],[264026.395673602,5947449.4093356],[263951.295251044,5947469.29781296],[263883.6663412489,5947509.687546302],[263836.02435279,5947515.13324199],[263637.17218063807,5947521.314725001],[263639.41206173203,5947520.98619391],[263377.691023991,5947526.39206142],[263307.277289204,5947444.30426724],[263257.8765416208,5947412.2622457985],[262784.658623239,5947465.89064841],[262695.88495367754,5947500.969729012],[262586.70937985,5947333.43519802],[262451.4565445305,5947125.32659453],[262392.9565445304,5947125.326594538],[262267.047517495,5947102.49847048],[262073.49883438804,5947161.78934051],[261920.09794013895,5947284.71725014],[261783.0568674149,5947345.959770618],[261222.43523225462,5947470.978877992],[261120.25710872753,5947523.7294732025],[261051.88964108244,5947585.908262735],[260929.2335663943,5947712.27474303],[260821.13673023018,5947768.589252801],[260661.34455815598,5947770.178039698],[260623.3112159121,5947676.951019056],[260659.23997457174,5947595.644888898],[260714.68901179614,5947543.173784742],[260785.3285659938,5947510.183393988],[260897.99673484592,5947412.933991787],[260976.94935014145,5947310.110188429],[261006.726931741,5947165.63212501],[260796.85557673895,5947208.622076942],[260673.95540866104,5947209.499715977],[260575.33023158496,5947212.758450283],[260107.1280151059,5947445.966300367],[259996.33988874976,5947397.80181424],[259932.4015647641,5947406.80300615],[259526.884367525,5947627.86943337],[259365.024493105,5947341.60468519],[259147.59786709503,5947469.03618562],[259152.10420591698,5947740.794820081],[259254.52692377998,5947844.026171261],[259234.562660862,5947873.99266432],[259113.38682476594,5947878.232858472],[259023.39640292805,5947944.42036846],[258632.59918236802,5948293.050053651],[258423.57034875697,5948839.19398773],[258214.78209662,5948977.58009892],[258106.4013137751,5948932.842883878],[258045.04308418196,5948985.20475588],[257729.7631770461,5949407.304382792],[257457.83878050302,5949678.729782439],[257453.19171985704,5949824.73159689],[257150.5889838211,5950048.70081161],[257315.413414656,5950319.60249027],[256964.21096214897,5950477.230691591],[256615.78714179609,5950592.7359573385],[256283.96670940996,5950575.079141326],[256063.33521440602,5950618.07106979],[255972.35414689803,5950684.543397538],[255827.37965947692,5950938.01829372],[255710.97090586706,5951099.93822635],[255651.22964093403,5951301.40064534],[255766.05341061705,5951880.98225574],[255334.73768710007,5952065.692716909],[255335.98015746602,5952295.040029411],[255773.813601974,5952318.52751796],[256245.78977516992,5952350.75032336],[256677.607911902,5952345.14592431],[256708.31145249598,5952416.480271],[256876.0072296051,5952717.685634598],[256901.018989346,5953099.41689514],[257032.020300237,5953240.42769255],[257478.65192006703,5953043.45638319],[257777.094860718,5953111.9151281],[257850.75718267693,5953302.65087271],[258028.71743194002,5953205.72301636],[258183.42077100102,5953464.42125164],[258271.363621442,5953512.87443359],[258525.9331772679,5953904.355176],[258843.351261142,5953619.69187681],[259027.12661240704,5953531.22282092],[259268.66212613892,5953592.324342461],[259309.41012597503,5953744.34841279],[259204.70137921104,5953799.297352891],[259276.11745210201,5954143.286794531],[259285.771211053,5954243.52778405],[259645.593465882,5954225.725278508],[259592.55173203605,5953722.70306199],[259502.345011883,5953737.64735085],[259443.73354305123,5953530.957087869],[259533.540330561,5953499.918924596],[259512.138379673,5953224.75887542],[259658.7986106373,5952916.069734618],[259849.080864512,5952716.195001132],[260098.22605658893,5952849.427424],[260067.942700558,5952992.569288582],[260110.43864389695,5953192.22548926],[260027.31602018198,5953297.70497982],[260498.729754881,5953923.61701901],[260714.630238984,5954002.90653275],[261354.43150210194,5953921.4938145615],[261599.10099871003,5953471.1716393],[261958.2427603564,5953829.386419418],[261936.69898144202,5954003.52058501],[262011.52252855105,5954000.87808481],[262225.248281695,5953796.27880587],[262274.64456775255,5953624.97882917],[262628.0551560578,5953695.403113541],[262740.09328715695,5953815.94867251],[262813.33157788403,5954144.226156811],[263010.47126811306,5954653.40328436],[263620.41798643884,5954555.953445082],[263641.25532843603,5954701.06350738],[264331.43731825706,5954594.11196028],[264318.612879677,5954448.38174407],[264711.062897737,5954369.448780378],[264682.45977099903,5954111.4101120215],[264849.8986989382,5953931.758704908],[265179.442409395,5953888.78799516],[265558.1092769375,5953891.28452357],[265558.170475616,5953893.03345316]]]}},{"type":"Feature","properties":{"fid_1":"1610","symkey":"351","symtype":"14","text":"Mecklenburgische Seenplatte IV","WkNr":"21","Nummer":"21","Wahlkreisnummer":"21","Wahlkreisname":"Mecklenburgische Seenplatte IV"},"geometry":{"type":"Polygon","coordinates":[[[379227.0403388039,5925543.366133233],[379352.250026035,5925303.44961961],[379714.626111274,5923642.71028269],[379536.34508855,5923101.65605807],[379695.452953766,5922770.548487887],[380026.3914158491,5922916.88823241],[380312.655370201,5922592.51296442],[380058.23230755294,5922522.43631836],[380115.575608263,5922268.0038281],[379810.048422668,5922204.08244987],[379822.82633658894,5921911.33367733],[380045.567787671,5921834.90896761],[380556.75719742314,5921797.310437033],[380586.468936461,5922115.193897567],[380663.00581650005,5922083.4080723],[380751.906424728,5921975.12807415],[380930.24153533205,5921879.669558473],[381051.2123737349,5922185.23734401],[381371.4105614751,5922162.60947629],[382184.07871937705,5922051.66591482],[382336.82684221806,5922770.96300955],[382610.06161545124,5923776.228711653],[383018.16637300793,5923706.40509811],[382954.77417331294,5923560.163019847],[383444.69494571886,5923273.649170037],[383705.879847629,5923069.933480737],[383667.4834492351,5922465.449695233],[384127.113641575,5922375.81614571],[383941.41181395296,5922172.403161813],[383941.5382615711,5921987.86777753],[384692.579429668,5921962.49618006],[384781.46267919405,5922369.71238597],[384984.3559914981,5922491.97013678],[385093.57211321313,5922611.569212813],[385348.03024282097,5922611.61283496],[385519.9551400761,5922382.502236697],[385615.18481551204,5922191.78046648],[385850.2028320901,5921608.29283505],[386124.00867941603,5920765.9790202],[386512.16799242096,5920925.015902502],[386798.85066923895,5920982.10133543],[386894.27656204696,5921109.75815096],[387047.067058982,5921396.01036392],[387091.455469714,5921504.14715042],[387218.70057062106,5921440.496596737],[387365.146963401,5921478.67544103],[387454.26868431503,5921656.83376989],[387549.7300233538,5921784.04359716],[387748.692492248,5921920.640644347],[387906.306623869,5922127.60395272],[388110.011948223,5922165.98686202],[388214.497174951,5922232.29346061],[388245.75581649994,5922248.4080723],[388265.493570314,5922217.00072835],[388339.1021246591,5922089.35284551],[388307.262017961,5921936.64426805],[388651.0631711141,5921771.06405532],[388829.36998763704,5921707.64492037],[389408.3046869929,5921312.869218987],[389539.1463886361,5921446.855748587],[389726.61321491096,5921535.56356072],[389860.284961089,5921529.50219634],[390146.856637364,5921433.783193643],[390383.688568915,5921561.969616113],[390745.0229002561,5921733.00819645],[391336.7161160599,5922025.79962919],[391871.62102246704,5922083.19650983],[392164.2415753519,5922083.070451163],[392635.14694867504,5921554.8418768],[393302.847761723,5921051.247024057],[393712.62576773297,5920697.397686977],[394085.76841017406,5920754.68880157],[394229.3969486661,5920620.75537237],[394143.03447194595,5920448.604344337],[393942.29999129707,5920362.439370323],[393875.2722873759,5919779.1247212775],[394315.25112537004,5919176.38821409],[395079.86042980605,5918190.73502],[395726.60188198707,5918529.16307358],[396468.1068969907,5918738.39888629],[396892.96986966114,5918839.132901743],[397271.59721970407,5918918.596060293],[397558.6289341131,5918899.65554478],[397931.60320634104,5918861.352428643],[398062.361060885,5918937.38158818],[398372.725864629,5919049.868536747],[398421.45331079303,5919084.188880407],[398744.49201750103,5919138.41456933],[398811.676206046,5918784.771704643],[399022.0656466072,5918813.308569753],[399146.46236173203,5919014.25688284],[399310.1041126121,5918872.7189447],[399251.4866664109,5918679.43963086],[399841.815789741,5918619.024318817],[401015.01591851504,5918564.92434057],[401222.8599467911,5918523.5761991],[401190.345663607,5918430.58085963],[402059.92308863206,5918055.56435756],[402245.840071896,5917904.86665568],[402038.49653974595,5917310.28000661],[401894.6644697711,5916900.43222812],[402097.41361127095,5916837.51098402],[402336.34838948294,5916678.54446403],[402574.700344019,5916396.088525727],[402767.36223635706,5916525.670599828],[403029.428849714,5916503.41675619],[403343.600149779,5916583.44697086],[403516.97753347503,5916516.65938581],[403625.39953285805,5916469.79629161],[403835.549889883,5916449.58060708],[403929.99440378905,5916388.38744876],[403957.071586141,5916217.75097093],[403841.97969746403,5916023.899620202],[403825.37170085195,5915821.9497072175],[403726.82181076193,5915693.567536867],[403546.97686486505,5915671.509088613],[403634.4110912881,5915510.8650889],[403984.91737953306,5915490.60287491],[403988.16566401103,5915354.41026785],[403992.32337590307,5915203.67683801],[403979.78232559003,5915107.04170015],[403907.164443186,5915071.55332819],[403679.05742485006,5914871.892520357],[403318.24051806703,5914525.02881881],[403051.14533605904,5913767.89191021],[402464.421520384,5913804.63803773],[402377.266955478,5913881.21437226],[402161.874045472,5914019.33549159],[401920.41248153604,5914117.579169773],[401892.80213961506,5914028.73370229],[401277.40609937,5912481.02209252],[401841.557669585,5912310.71107802],[401825.07657184894,5911867.52064277],[401727.09877101996,5911397.404206653],[401604.3421693831,5911320.12184608],[401450.065694456,5911089.8681331],[401445.932249918,5910835.616532473],[401549.351956401,5910695.41572312],[401582.64528362197,5910567.171121537],[401665.6996441621,5910516.98301899],[401528.1927551192,5910361.7026423],[401567.84325975995,5910138.94101699],[401570.35453231505,5909957.7378756],[401630.7122607711,5909343.2623513],[401665.6193200459,5908941.80504534],[401619.76104255,5908839.08590487],[401347.87510285806,5908732.50348187],[401054.92435932904,5908681.70254715],[400937.93542178406,5908681.53586514],[400807.78044809203,5908694.091946873],[400806.904206624,5908898.24210044],[400716.369304301,5909113.782775328],[400656.56346563704,5909270.95832717],[400532.698112492,5909463.15111084],[400426.2175104171,5909687.25171602],[400329.704715424,5909731.397746623],[400213.248235181,5909670.17910644],[400216.087146156,5909514.98383311],[400377.443054019,5909171.38710498],[400402.88562636496,5909018.661441337],[400482.030457978,5908713.71224256],[400519.3384222778,5908614.350272177],[400497.59247083496,5908460.02410956],[400431.697845711,5908342.246051077],[400017.81881320686,5907815.621819368],[399848.95238990197,5907421.2821804],[399875.309546371,5907249.00073259],[399889.816930423,5906962.56536778],[399794.868384989,5906810.79725972],[399666.881819295,5906660.15805386],[399446.4621797418,5906422.961275987],[399242.75805473793,5906201.44836869],[399177.73726634297,5906001.33262297],[398951.05798499414,5905778.093166662],[398483.0402645981,5905733.10368115],[397893.9743482871,5905593.64102545],[397405.97325874504,5905516.38613812],[397227.6729154261,5905790.280368913],[397134.6056350244,5906105.474437803],[397122.288362163,5906504.38774966],[396945.74211648304,5906592.08958827],[396378.95329940703,5906593.63529365],[396138.83006029716,5906597.36092326],[395960.064309872,5906740.10035029],[395838.57194306096,5906688.1666942],[395876.46343163133,5906502.6162774],[395698.8996196999,5906203.127359493],[395775.00715385797,5905893.90377798],[395879.763989863,5905928.011223073],[395909.35556756705,5905832.78590515],[395700.3487427761,5905783.44707083],[395606.35235810606,5905651.26490703],[395934.83001446805,5905351.10996959],[396146.378173891,5905334.21691442],[396079.2445653366,5905166.95611909],[395824.45989611803,5905020.267805027],[395619.148182648,5904850.576255317],[395452.37211127405,5905024.25236554],[395168.3616729381,5904713.7311150925],[395226.19451958616,5904622.0681931125],[395130.905470483,5904451.04590765],[395077.896550694,5904151.46642417],[394809.32587254094,5903637.86160931],[394665.458770673,5903402.681648607],[394520.50084972696,5903299.18762147],[394467.65152514796,5903208.77628289],[394237.90060890105,5902947.388555227],[394261.9148340294,5902846.97780113],[394115.816322568,5902710.738391177],[393868.40233639604,5902710.37656907],[393835.527874136,5902654.24710273],[393864.498098918,5902595.69818236],[393797.302679535,5902319.62919078],[393858.1091879371,5902162.906885303],[393788.1928190951,5902059.288528493],[393779.77516584203,5901940.2600944275],[393740.1838411768,5901826.817632018],[393639.573336662,5901724.2699965],[393551.19742026506,5901470.955620578],[393496.500948032,5901172.446743078],[393639.3800259002,5901087.888452747],[393577.94182922086,5900880.12486855],[393308.235812514,5900814.50809489],[393078.22279234696,5900832.301257873],[392793.95515588194,5900538.55324848],[392518.327778665,5900468.13227749],[392407.274537405,5900561.81460351],[392281.652067357,5900804.10209278],[392265.91430671304,5900981.252779547],[392230.814459614,5901115.06722152],[392339.98685014097,5901204.05267866],[392317.2062361131,5901310.90616145],[392289.4801822719,5901390.66428953],[392101.923941614,5901345.193484827],[391846.87874234887,5901814.386699687],[391752.19749395596,5901994.949302387],[391720.25429924927,5902056.703513253],[391694.5731425262,5902106.782869013],[391494.6413577341,5902480.07465705],[391325.60411500395,5902653.83847718],[391293.06971935916,5903361.909806373],[391148.126014699,5903773.975376773],[391026.623790808,5903950.018943433],[390959.296962503,5904177.76270996],[390714.2108255371,5904442.542896947],[389931.777046024,5904487.65755052],[389624.105177413,5904410.097375982],[389337.1645106651,5904287.4823415],[389375.3231310081,5903989.96783735],[389132.0411237879,5903980.792598297],[388734.74849655083,5904093.755283907],[388510.5864999121,5904157.38329869],[388009.1620266561,5904347.03445244],[387727.285923679,5904498.48448568],[387300.563796452,5904613.97788867],[387053.00360053405,5904680.926185117],[386565.1495036939,5904865.083695822],[386451.617185444,5904794.77671101],[386419.7304254109,5904641.29793549],[386285.541862643,5904572.64224076],[385940.978818218,5904290.761503947],[385890.2864133511,5904243.4944965225],[385795.2733251831,5904344.86592619],[385639.181728274,5904301.79097871],[385548.6979017947,5904119.43932887],[385552.717148529,5903982.11856736],[385254.251197211,5903780.4104723],[385072.927688616,5903402.264162427],[385020.7291993862,5903196.455272783],[384750.326790047,5903025.04753898],[384609.31844077806,5903034.458563667],[384258.8582907459,5903020.17795171],[383862.8706705229,5902791.11533931],[383544.14852782513,5902766.212054052],[383486.552259143,5902523.32732488],[383158.81178597803,5902257.10774018],[383059.428377051,5901982.910098933],[382976.82142710197,5901716.387109107],[382977.7830299842,5901512.22303045],[382833.993794622,5901370.416105957],[382898.10609286826,5901186.311090133],[383019.05037746415,5901182.073992853],[383120.988345484,5901299.836312173],[383291.772713067,5901150.287314097],[383203.27546473604,5900984.28044191],[382960.4803895609,5900838.91808161],[383008.3513660864,5900743.96231021],[383085.91801296,5900694.469479487],[382788.0638723681,5900308.362114742],[382643.4067837391,5900356.442177953],[382540.1769295101,5900158.42391808],[382720.6880241169,5900119.3488721],[382592.9312946721,5899941.96160076],[382600.94798349193,5899498.39851147],[382397.99596571736,5899181.03669999],[382310.60316869104,5899020.742436097],[382413.87496768404,5898819.01297489],[382189.580265534,5898542.4224873],[382050.05550272414,5898335.907979743],[381880.74807998,5897979.35466698],[381786.96931690304,5897822.53528018],[381570.567883675,5897915.76266729],[381330.18256507,5897980.0766884],[381073.0760747971,5898096.270700627],[380699.20547474106,5898342.82469724],[380203.4884192989,5898302.59989976],[379887.47374838707,5898744.400865893],[379796.73598882207,5899088.26193544],[379634.854459536,5899318.556763407],[379241.04908115405,5899961.19908187],[379274.5959860119,5900449.820020483],[378956.887487561,5901408.26054412],[378800.246687768,5901593.3348972],[378572.7959410639,5901706.41536572],[378474.1989524431,5901376.069589343],[378176.9037575121,5901280.37895211],[378026.53892254,5901579.94098209],[377799.79728358996,5901612.23534685],[377488.25093256496,5901637.115193827],[377379.064090712,5901584.83660748],[377210.51989231,5901572.222996353],[377102.08868480404,5901403.20590979],[376691.779355275,5901272.96068644],[376723.36359615694,5901510.99946613],[376708.91407884227,5901797.176898743],[376391.330312773,5901587.89455511],[376078.4095042059,5901280.37372716],[375772.28599561437,5901160.4789767],[375568.39936299704,5900702.06752745],[375405.3765590999,5900479.11827183],[375439.55618006503,5900290.30798067],[375111.547574691,5900252.75521241],[375055.1850659631,5900507.88229861],[374881.05560620595,5900548.80994936],[374709.84836264607,5900653.11097885],[374502.62896005134,5900657.61033299],[374485.450313963,5900709.99312233],[374374.6197302779,5900746.57068076],[374210.1733010609,5900572.20724694],[373980.458752841,5900634.76872554],[373885.4495397641,5900493.485899523],[373756.29358828685,5900482.352985487],[373702.1092390341,5900327.903377857],[373490.53810011,5900204.52343077],[373590.33996388793,5899709.99558839],[373667.645065977,5899251.779532137],[373696.98485726886,5899017.362983707],[373496.920338601,5898439.49685426],[373582.4070318891,5897878.41080497],[372949.090691871,5897644.12123376],[372742.388095967,5898114.62612036],[372287.64970708895,5897950.88937733],[372331.5813976142,5897726.2127644],[372224.52076860995,5897734.73950441],[372080.841360725,5897623.167393858],[372188.83478636504,5897456.285172939],[372120.6086482832,5897315.071358292],[371950.636350943,5897371.09499976],[371900.3304520671,5897270.292574002],[371925.6423668859,5897190.05868713],[371776.81526425993,5896882.80961728],[371665.2266444941,5896731.61829409],[371800.8331486372,5896424.442483023],[371711.194216465,5896264.47112522],[371491.5067620571,5896248.63266047],[371216.74073749897,5896281.75538787],[371160.1610801609,5896516.87350194],[371025.2227587721,5896656.9150817],[370898.52729367104,5896502.977994563],[370770.25900488603,5896437.30242594],[370607.2922802749,5896312.42509946],[370459.6072358161,5896341.20009713],[370325.75503474404,5896266.242398383],[370103.61066219304,5896316.04139681],[369808.98307513306,5896184.32548253],[369542.6766457062,5895979.47627928],[369269.7075301751,5895941.723961363],[369085.4771827371,5895809.56812362],[368970.45555561804,5895552.20138284],[368730.928520659,5895470.73884913],[368400.63770503295,5895131.32782087],[368394.65067092795,5894959.92802665],[368262.4605270941,5894756.410617537],[367862.1627159681,5894676.33714147],[367634.38858071296,5894700.808105777],[367572.04386506486,5894555.89853218],[367602.7530332501,5894260.89454359],[367680.521428372,5894152.118403628],[367676.4916361859,5893871.836948117],[367663.14525569207,5893654.41258926],[367449.48045432,5893520.64828454],[367142.6099856271,5893240.33092783],[366982.882424433,5893343.71422205],[366685.680163748,5893027.65233428],[366766.303545821,5892793.68118745],[366432.076626078,5892707.30648938],[366439.07971906906,5892907.68557468],[366196.88240317,5892920.917762147],[366034.702821549,5892854.29330504],[365753.01429420896,5892903.625691937],[365270.47501610604,5892717.609929667],[365280.1428543823,5892521.39177864],[365127.05963485106,5892342.367628443],[364941.427613846,5892256.039337517],[364707.63431361003,5892352.26169147],[364681.1646182899,5892530.602581297],[364558.8492260149,5892632.875496347],[364290.85119850095,5892616.213535373],[364118.622387097,5892848.86783021],[364024.2789797811,5893220.63683965],[364032.064765039,5893579.57982516],[364002.4921936849,5893728.454666747],[363914.7799279381,5893867.356200423],[363733.176567924,5893967.762121297],[363600.33588881104,5893902.84949913],[363186.29523061286,5893665.40762224],[362894.477078618,5893460.96525169],[362622.01501842705,5893409.70383498],[362471.5932293071,5893643.603727982],[362636.8984924203,5893838.39186827],[362832.0196720171,5894078.773008523],[363197.0096727989,5894108.060752487],[363443.1049944591,5894206.79055471],[363734.170303416,5894396.99030298],[363743.92045172397,5894676.58370271],[364041.2059323391,5894908.860929433],[364277.22283402004,5894984.42626958],[364581.55317386496,5895281.73118644],[364943.92569750093,5895371.876483917],[365034.47851652815,5895429.251953483],[365033.29420181096,5895531.84119822],[364837.927845835,5895753.80394686],[364796.3493100861,5895960.129458543],[364845.4053199751,5896159.07837072],[364381.8571737142,5896251.595550743],[364067.24907332705,5896456.653973049],[363587.79198369174,5896352.323318617],[363339.29930171394,5896449.791466623],[363187.71612865105,5896375.68136577],[362921.384164338,5896366.32338676],[362788.0480441649,5896201.35390985],[362581.9175570181,5896000.40848791],[362198.95175764407,5895850.450701477],[362283.49075586605,5895735.425134608],[362480.847487236,5895591.70007294],[362639.43347640603,5895455.33257284],[362651.05641344097,5895172.252962657],[362586.4528641619,5894927.102432993],[362237.73161463696,5894962.810245813],[362140.98312170606,5895129.283661533],[361900.09856318217,5895179.72466403],[361573.5831508781,5895041.79343085],[361282.7834078851,5895131.254651558],[360999.45246060996,5895033.83410774],[360997.38168943115,5895239.28689185],[361536.0490873649,5895420.58930139],[361704.153371379,5895578.32119651],[361744.69150508405,5895800.78884147],[361635.42587382393,5895931.426093767],[361329.479062399,5896067.17961076],[360960.74192841,5895930.95279538],[360614.23069868004,5896022.35481831],[360332.143521504,5895831.58603209],[360026.962107213,5895903.03377669],[359897.31311645394,5895800.23870078],[359863.81835063,5895507.46721337],[359688.009659356,5895415.793976567],[359051.0612975691,5895213.92341588],[358972.23472459,5895090.85199736],[358924.131227112,5894744.56729141],[358901.61233145907,5894565.73324564],[358752.674087415,5894412.59332856],[358604.6673781711,5894450.526703618],[358273.56259020406,5894317.50713406],[357948.2663123489,5894622.79300484],[357702.840871206,5894844.50130067],[357518.61330984696,5895177.63475375],[357291.387604121,5895218.085683423],[357032.81686267804,5895256.37439674],[356843.134217881,5895440.6086282],[356594.96776408306,5896083.55553413],[356359.0471798292,5896404.502146393],[356357.304047153,5896619.194423827],[356263.8637288902,5896753.13160476],[356074.693557021,5896801.76222942],[355975.02205856005,5896753.6453208],[355813.6902129371,5896675.489399157],[355667.087704184,5896489.25227363],[355537.77426753496,5896391.27500966],[355299.9020702214,5896390.28246656],[355098.6264634561,5896258.5082930075],[354938.18411997135,5896318.88831787],[354816.51869444724,5896309.137075283],[354730.3546628951,5896377.442069],[354645.0072564611,5896355.88968748],[354524.110970465,5896216.806295168],[354454.20248421095,5896035.839397407],[354344.704861967,5896022.46137439],[354306.1922529021,5896245.137541333],[354110.335245996,5896259.05215107],[354029.223557899,5896114.3001422575],[354049.22243124805,5896547.624427153],[354037.160491414,5896677.11683541],[353785.08279119805,5897093.93711509],[353630.059240232,5897374.780173837],[353770.59508168604,5897609.258962357],[353941.9842618548,5897594.580015187],[354093.899714545,5897737.82290879],[353879.149358621,5897907.92983563],[353524.8865216542,5897802.59218452],[352892.4100829051,5897838.70991402],[352897.5828646211,5897965.76899818],[353178.95987712103,5898032.953068458],[353327.29183899006,5898639.83318694],[353413.779490842,5899259.39563001],[353279.47526171105,5900333.47988683],[353199.113033716,5900637.64513827],[353195.205796047,5900758.856420247],[352769.273848205,5900673.48551186],[352581.42093794304,5900816.69480608],[352500.87928501295,5900923.96835784],[351990.6868409531,5901102.94699072],[351572.39634541504,5901084.247896177],[350949.99560660496,5901437.488804747],[350784.0218528721,5901531.776201462],[350379.794464189,5902418.721219243],[350155.9665736612,5902570.81274194],[350093.2110416461,5902839.45025668],[350130.5882235202,5903220.234468902],[350152.67122819205,5903438.22137539],[350184.49508832,5903709.89881815],[350254.51720975107,5904065.344675613],[350308.2761885631,5904110.07094785],[350424.49909582397,5904172.92121959],[350528.40740674594,5904369.675788728],[350495.9929284139,5904611.42011075],[350343.93625166593,5904718.858044458],[350523.008085905,5904978.430666297],[350665.962315678,5905049.830790287],[351283.39894187404,5905372.17501155],[351437.29047386604,5905447.900787933],[351632.794086057,5905542.060009233],[351811.638592517,5905631.7363491],[351713.30662253406,5905891.189908203],[351596.974806378,5906078.94967463],[351221.34196626197,5906284.869000877],[350952.81865873,5906499.66846382],[351131.4690244361,5906902.30984346],[351167.28399736295,5907797.36853676],[351205.16600020207,5908103.03012519],[351743.988215865,5908256.48548627],[352072.9037433381,5908370.14326114],[352611.419256706,5908459.81100257],[352910.577674401,5908459.92670779],[353239.59720535204,5908459.78820233],[353502.63931640505,5908400.19406038],[353688.2884153378,5908513.775894207],[353742.68287902325,5908633.846810252],[354095.001221622,5909159.7491276],[354142.84544331103,5909470.684248798],[354148.673468994,5909674.035540227],[354082.890383483,5909805.57576527],[354214.40586165804,5910116.95616422],[354208.60631416505,5910338.10735996],[354310.3666036499,5910589.451479862],[354274.626893139,5910798.54559971],[354435.9853234537,5911163.73710784],[354447.8638645059,5911331.09098963],[354447.705246225,5911456.729408678],[354387.96000758104,5911546.70124453],[354214.757734032,5911672.217761633],[354310.236406493,5911822.00607861],[354555.58711265493,5911895.19705965],[354615.58071713615,5912138.784655423],[354758.9078107951,5912318.133072212],[355040.28232437803,5912587.53305243],[355105.91396650695,5912856.546768973],[355064.103787187,5913119.94790944],[355183.65431390796,5913365.07948461],[355225.437224495,5913538.56320144],[355723.8617904829,5913709.28898426],[355668.2711015169,5913993.11291814],[355739.937051618,5914142.70754914],[356374.1754513909,5914511.759839852],[356471.17837938503,5914117.674560043],[356682.282305592,5914230.165395837],[356876.36082561594,5914538.29855566],[357057.028528329,5914531.34118009],[357463.130560355,5917227.99037873],[357077.624832666,5917621.664030577],[356639.90494062705,5917854.05549083],[356848.42106269696,5918813.69283825],[357078.02625791705,5919898.23876049],[357175.142056937,5920829.545884673],[357613.249210619,5920809.00052287],[357884.35122326715,5921010.52696861],[358273.481621051,5921066.092241597],[358329.28031961503,5921184.204670907],[358363.9364376201,5921288.71372301],[358329.19978049095,5921504.23556842],[358489.004991448,5921677.87070873],[358603.77955200104,5921775.45249406],[358787.0583468713,5922030.96180573],[359539.63921620697,5922823.68428595],[358905.9574521191,5923916.44169919],[358975.41963137314,5925021.848319373],[359044.9020121598,5925390.417879367],[358948.93243424897,5926000.230452763],[359351.112093735,5926002.0630994],[359555.5388798041,5926042.836147347],[359617.56071951205,5926079.95105011],[359644.96661016194,5926096.65231312],[359665.9956873569,5926127.28619973],[359804.833036477,5926318.70044024],[360147.752212581,5926188.240119077],[360447.00803531706,5926022.18776244],[360657.79781011003,5925732.43048487],[360897.52044456394,5925181.70102916],[362020.9341521289,5924862.042665027],[362416.493396171,5924764.09939781],[363251.74244713807,5924417.61751814],[363364.15846617403,5924711.85644378],[363562.61483668,5925146.16357716],[363394.4648801021,5925464.1998883],[363331.61869192496,5925687.88907948],[363467.744662783,5925679.58084922],[363725.56370970793,5925734.36646816],[364175.381782403,5925714.5563119],[364282.0633227021,5925972.11379778],[364749.950022641,5925994.1654679375],[364926.21228651097,5925969.98666864],[364962.06786935613,5925965.229865203],[364986.75532710506,5925955.86079749],[365143.4024645549,5925885.8399125375],[365312.0663350129,5925776.726910147],[365507.952502385,5925666.45469299],[365606.10210411204,5925752.25102451],[365722.369117138,5925825.55562339],[365716.23699886,5925990.96611186],[366573.659381666,5925929.68206967],[367272.04862920195,5926058.40955572],[367602.75783623103,5925923.7574703675],[368086.67131548,5926015.35832463],[368852.385703592,5925739.722581587],[369054.47795469104,5926003.24741343],[369207.70992152696,5925990.794967663],[369360.677772535,5925751.8806627225],[369673.143680291,5925696.78533586],[369764.926294705,5925788.71887203],[370010.176632775,5926076.54852878],[370169.387256255,5926131.54850607],[370672.756779006,5926246.22243292],[370977.9935110791,5926241.81055319],[371308.6674126331,5926107.19344321],[371523.1203895251,5926015.498874097],[371645.61798412283,5925960.178132707],[371700.6617827914,5925782.74713964],[371859.96975578414,5925923.48848694],[372086.7418471901,5926229.57659316],[372209.18350597797,5926290.868977997],[372509.29432728863,5926352.17516764],[372999.368185677,5926701.4408787],[373354.4960432502,5926266.72123708],[373569.072791878,5925978.93881535],[373875.1435345281,5925985.006524693],[373942.5926471411,5926162.733371763],[373771.050883897,5926253.82418181],[374012.817207237,5926757.703790857],[374357.8480804231,5926645.319087497],[374843.075420927,5927105.835676877],[374992.319281025,5927079.19116314],[374992.2753663331,5926894.635330457],[374966.696397973,5926487.469052617],[375043.066867911,5926398.076173707],[375253.2889370939,5926315.52621008],[375482.36839701794,5926137.52363869],[375533.1624230889,5926767.532863067],[375294.26089006907,5927126.86664479],[375571.61644607096,5927289.34305495],[376099.68346962496,5926620.88080181],[376004.21103026404,5926417.29526775],[376055.305720964,5926029.17086167],[376265.2796693421,5925519.981354463],[376526.228568973,5925176.1282467],[376199.1489054051,5924799.926497913],[376351.17989830195,5924612.06789268],[376596.2026230099,5924437.95792737],[376600.87256905704,5923928.35751999],[377086.3422169909,5923731.45622036],[377411.03064662404,5923464.27696727],[377570.1135409791,5923381.41532869],[377907.30133629893,5923254.19225226],[378219.20694925124,5923343.154706833],[378582.126640585,5923356.000539247],[378747.382652187,5923712.530184058],[378982.9285814599,5923884.04622084],[379065.7819053114,5924266.04923102],[378931.920034669,5924596.96826026],[379071.98833629023,5924934.369205383],[378932.11734307,5925106.115298407],[378798.61367456615,5925131.603300823],[378966.68894762313,5925443.17160217],[379195.4684891461,5925534.71493047],[379225.541256296,5925543.418589237],[379227.0403388039,5925543.366133233]]]}},{"type":"Feature","properties":{"fid_1":"1613","symkey":"121","symtype":"14","text":"Hansestadt Rostock II","WkNr":"5","Nummer":"5","Wahlkreisnummer":"5","Wahlkreisname":"Hansestadt Rostock II"},"geometry":{"type":"Polygon","coordinates":[[[307950.73634696496,5996756.40187632],[307681.84212297003,5996893.35830932],[307700.4263164869,5997146.37803619],[307563.1243776241,5997405.056036],[307413.97526851087,5997478.217130663],[307319.19540079404,5997529.06274675],[307202.991204459,5997601.00512225],[307103.84398094204,5997670.259670797],[306911.7723852161,5997764.77769743],[306963.25226886704,5997977.8687897725],[307217.73893832,5998139.73427157],[307132.3807686451,5998352.59950562],[307428.396861008,5998996.48385648],[307100.56159174605,5999115.53128024],[307115.515253072,5999379.13319908],[306293.74817451206,5999551.232622418],[306287.953262566,6000014.92278026],[306460.95461413835,6000069.6608985],[306355.74500338896,6000531.12009023],[306181.763131329,6000448.89535312],[306071.4537294112,6000921.785018923],[305400.440351654,6001308.47462215],[305272.3878871378,6001556.798502643],[305231.945458294,6001939.19322415],[305763.02843523194,6001769.32655786],[306154.58555499103,6001740.360995327],[306217.1335414309,6002153.00945784],[306191.21475199074,6002586.10163472],[306418.10007565597,6002637.8978792],[306412.49608912,6003255.02135649],[306191.730429586,6003411.83922145],[306895.642146335,6003382.705134463],[306932.53213947,6003981.198645277],[307146.3570559629,6004042.200646687],[307299.793540152,6004473.739030987],[307926.99969934695,6004289.94278818],[307842.27196845796,6003567.839014373],[307821.6071186521,6003294.019270073],[308244.08843419503,6003293.244339943],[308175.540102417,6002542.43227876],[308248.260507139,6001603.81508164],[310091.117919932,5998343.37483244],[308353.001264428,5997355.30357774],[307950.73634696496,5996756.40187632]]]}},{"type":"Feature","properties":{"fid_1":"1614","symkey":"357","symtype":"14","text":"Hansestadt Rostock III","WkNr":"6","Nummer":"6","Wahlkreisnummer":"6","Wahlkreisname":"Hansestadt Rostock III"},"geometry":{"type":"Polygon","coordinates":[[[312434.23194901797,5997712.29855202],[312238.95298088103,5997312.35259277],[312132.338521959,5996862.70325391],[312211.385022051,5996539.85517408],[312209.912113935,5996383.91749727],[312099.5213985491,5996196.576497223],[312638.252889832,5995668.742272723],[312741.577033338,5995541.46499012],[312986.75981868606,5995194.18604893],[313411.464359632,5994325.10531837],[313250.020409866,5994179.39893018],[313172.83597555,5993781.59949836],[312436.64550836594,5993928.99527523],[312250.36666530115,5993890.674544923],[311927.42446659296,5993877.60658541],[311301.6076979561,5993882.17501401],[310775.050530096,5993589.7996716],[310421.84060553304,5993425.55119614],[310042.358798051,5993300.634197913],[309952.602961762,5993105.26484587],[309925.9185958471,5993075.05544859],[309847.725234928,5993263.49814585],[309787.1017821882,5993265.400482313],[309665.005241769,5993271.924270913],[309568.08342030115,5993261.557351243],[309516.07423747994,5993233.6090525],[309404.06800641806,5993123.46105079],[308929.2776724872,5993185.35020552],[308858.3825012101,5993263.844599733],[308602.115005697,5993482.6723292675],[308550.6866263328,5993546.81088079],[308480.6688141621,5993633.31236043],[308434.963957238,5993717.90646881],[308424.1510913169,5993769.622198678],[308420.34275660105,5993853.8068712],[308423.89500410296,5993926.727249257],[308428.098865516,5994061.16246619],[308429.91365023924,5994105.87635169],[308432.742151145,5994162.756512617],[308451.598017624,5994561.14650578],[307910.64822476,5994082.91827626],[307848.883585882,5994548.862959667],[308504.1585626331,5994910.713465097],[308444.069693738,5995089.48293916],[308018.066764292,5995060.2654736],[307725.801776735,5996002.788340403],[307716.908135277,5996364.57064376],[307965.85963456315,5996557.354106643],[307950.73634696496,5996756.40187632],[308353.001264428,5997355.30357774],[310091.117919932,5998343.37483244],[309242.5843533982,5999844.21662922],[309969.01019918703,6000394.14940063],[311071.1184418259,5998269.058097527],[310995.297128828,5997667.84187935],[312434.23194901797,5997712.29855202]]]}},{"type":"Feature","properties":{"fid_1":"1615","symkey":"372","symtype":"14","text":"Hansestadt Rostock I","WkNr":"4","Nummer":"4","Wahlkreisnummer":"4","Wahlkreisname":"Hansestadt Rostock I"},"geometry":{"type":"Polygon","coordinates":[[[310279.05309336097,6007310.0371711],[310548.7694121279,6007440.184615904],[310492.95761846233,6007688.841822846],[310640.1242438473,6007540.6154862],[310826.4519153711,6007360.503024596],[311069.5046304449,6007249.283299514],[311292.232827147,6007256.99422763],[311574.197951825,6007338.29361625],[312004.3538062441,6007583.332164645],[312264.10803654836,6007739.241797956],[312598.25698455604,6008065.63467832],[312874.82036568795,6008322.42784825],[313299.5956425434,6008728.7425444],[313941.393503458,6009564.81357721],[314371.8120360543,6010136.268035736],[314570.5914082446,6009968.232611757],[314609.4758701817,6009791.367023521],[315355.7270891711,6010078.0498498],[315729.24674990156,6009876.043427545],[315278.3062959535,6008731.078276282],[315874.87764271535,6008536.54005662],[315641.70744032436,6007842.577105587],[315472.6174084316,6007313.305225362],[315594.94035887194,6007263.860644914],[315644.8472843163,6007016.279834182],[314270.95621045004,6007436.32901279],[314124.479843235,6007213.96082742],[313698.61927731,6006834.936931896],[313548.43792680296,6006677.999973638],[310568.5933788421,6004932.7076324],[310294.8782392283,6004173.565297365],[310169.54051192006,6002686.28873293],[310224.81946756097,6001385.059679464],[310031.05552208505,6001080.6495393],[309969.01019918703,6000394.14940063],[309242.58435339836,5999844.21662922],[308248.260507139,6001603.81508164],[308175.540102417,6002542.43227876],[308244.08843419515,6003293.244339946],[307821.6071186522,6003294.0192700755],[307842.27196845796,6003567.839014376],[307926.99969934695,6004289.94278818],[307299.793540152,6004473.739030984],[307146.3570559628,6004042.2006466845],[306932.53213947,6003981.198645274],[306895.642146335,6003382.705134465],[306191.730429586,6003411.83922145],[306042.911496309,6003576.89447764],[305969.08965724485,6003518.940628954],[305836.241123828,6003661.42358292],[305821.96561387205,6003882.55806647],[305967.252461838,6003938.26135908],[305881.4631772681,6004167.40162432],[305725.384138947,6004117.82949207],[305387.5410239823,6004868.818497405],[305911.29888546496,6005025.1338026],[305921.715091515,6005159.10148277],[306283.35588838806,6005714.77841466],[305601.450680662,6006080.58168147],[305369.268197384,6006201.05733574],[305176.41946065205,6006273.09544885],[305098.1876326278,6006368.064951275],[304901.69040531304,6006729.89510613],[304776.8894923252,6006737.990855784],[304206.756191654,6006973.28787835],[304123.2423590649,6007149.06501638],[304907.837206983,6007473.423952594],[305293.3729599401,6007368.859786076],[305872.377795149,6007266.2920061145],[306328.69288578304,6007191.15859396],[306973.1810142619,6007177.228474954],[307646.185369275,6007252.37295427],[308309.4767174552,6007318.079145956],[308793.96083864395,6007412.4343153],[309137.3674392387,6007548.815803904],[309452.619557083,6007713.42690487],[309697.75280342693,6007859.017823854],[309974.76570889703,6008047.4095912045],[310016.931890296,6007511.04816412],[310116.46414136,6007492.145826376],[310219.8148602413,6007506.488497546],[310279.05309336097,6007310.0371711]]]}},{"type":"Feature","properties":{"fid_1":"1617","symkey":"139","symtype":"14","text":"Hansestadt Rostock IV","WkNr":"7","Nummer":"7","Wahlkreisnummer":"7","Wahlkreisname":"Hansestadt Rostock IV"},"geometry":{"type":"Polygon","coordinates":[[[313256.61145827797,5994641.91135042],[312986.75981868606,5995194.18604893],[312741.577033338,5995541.46499012],[312638.252889832,5995668.742272725],[312099.52139854897,5996196.576497226],[312209.912113935,5996383.91749727],[312211.385022051,5996539.85517408],[312132.338521959,5996862.70325391],[312238.95298088103,5997312.35259277],[312434.23194901797,5997712.29855202],[310995.297128828,5997667.84187935],[311071.1184418258,5998269.058097525],[309969.01019918703,6000394.14940063],[310031.05552208505,6001080.6495393],[310224.81946756097,6001385.059679464],[310169.54051192006,6002686.28873293],[310294.8782392283,6004173.565297365],[310568.5933788421,6004932.7076324],[313548.43792680296,6006677.999973638],[313698.61927731,6006834.936931896],[314124.479843235,6007213.96082742],[314270.95621045004,6007436.32901279],[315644.8472843163,6007016.279834183],[315594.94035887194,6007263.860644914],[315472.6174084316,6007313.305225362],[315659.8962926854,6007891.940168039],[315874.87764271535,6008536.54005662],[315278.3062959535,6008731.078276282],[315729.24674990156,6009876.043427545],[315355.7270891711,6010078.0498498],[314609.4758701817,6009791.367023521],[314570.5914082446,6009968.232611757],[314371.8120360543,6010136.268035736],[314753.696732283,6010765.560082045],[315081.70246353303,6011315.83796003],[315625.624772978,6012317.79375205],[315876.567238369,6012648.22768052],[316013.362450673,6012819.05766147],[316531.63631259697,6013433.84774045],[317259.4651627161,6014075.34759957],[317650.2112923099,6014363.076874374],[317708.5138815746,6014263.477072256],[318977.574237506,6014023.82964567],[319191.94343678886,6014016.339895665],[319278.8064621589,6014125.62848539],[319635.7138037861,6013904.80522821],[319808.73167992104,6013959.545138325],[320055.78357659513,6013858.3936964655],[320118.961280431,6013840.92364385],[320166.807089593,6013840.97705968],[320215.443244335,6013867.315747625],[320267.9480351091,6013938.022868525],[320287.06482942903,6013969.623670325],[320332.653947918,6014028.56544054],[320380.176009696,6014055.415049495],[320419.865341682,6014054.53148178],[320464.9615763631,6014042.19689149],[320516.848757747,6014016.61671542],[320564.87457817094,6013987.919667266],[320623.495197876,6013954.59928393],[320695.94277341606,6013928.57733256],[320945.914316016,6013918.05171551],[321035.288268931,6013927.18183272],[321071.804604274,6013934.1590996],[321087.97359435505,6013936.88319366],[321106.20345587935,6013944.962756775],[321124.78694742895,6013961.322886407],[321155.676473035,6014000.51663219],[321179.010749493,6014023.96495925],[321207.30214272696,6014037.54610455],[321234.15059942903,6014041.29728307],[321307.2982868749,6014044.24105977],[321536.9652661267,6014030.70116901],[321699.153718936,6013997.50902725],[321707.26015211106,6013978.964196675],[321724.6960258791,6013941.081280916],[321764.65315490204,6013880.24420325],[321949.050277508,6013790.84795285],[321915.23686203803,6013460.77583308],[321937.2799740322,6013294.863973294],[321788.52332107304,6012676.28851732],[321725.82787207305,6012457.98188542],[321714.2442914969,6012126.83708256],[321647.62213302194,6011804.06240224],[321691.3971965099,6011316.640495154],[321610.0178273639,6010899.731379414],[322146.4554672369,6010759.88625607],[322151.2292330627,6010388.74229995],[322367.49172210693,6010242.33990642],[323069.228367005,6009443.31096845],[323549.887640813,6008674.53175762],[321701.651203298,6007491.94248677],[321411.2462879829,6007675.514143065],[321208.28567620704,6007458.2248102],[321057.07876947895,6007321.93304119],[320847.0894773975,6007368.805178026],[320534.985777861,6007442.730169635],[320311.73611824296,6007503.80235294],[319656.1881035749,6007420.88645957],[319315.045473316,6007348.24636366],[319150.746978838,6007256.431738526],[319109.79183523706,6007057.743203694],[318935.399457396,6006956.506344015],[318853.1252579581,6006978.89747299],[318929.71266660397,6007488.78333248],[317718.2633931271,6007414.696993145],[317677.060252563,6007405.950399196],[317679.3061252029,6007190.99062668],[317636.6233214,6006806.74928139],[317418.0390263661,6006555.67060844],[317328.09741753107,6006294.40612176],[317220.5948134271,6006096.04422998],[317172.006563768,6006001.43552533],[317081.31462184014,6005840.25849791],[316717.751176727,6005816.207845596],[316343.30674477713,6005694.934908706],[315586.50160038425,6005277.114848434],[315637.18384720455,6004909.370334744],[316055.571223157,6004870.23859595],[316125.36017068697,6004633.40915362],[316266.93070705107,6004270.7780618],[316335.92602323997,6003678.988897215],[316380.90711383906,6003646.16017565],[316459.8724395521,6003596.61477682],[316009.7078389111,6002167.19712547],[315604.2059073871,6001737.34108835],[315275.59505663195,6001553.44805972],[315256.7524086647,6001030.6228004],[315134.53584640403,6000733.46503606],[315266.05259576906,6000445.68978584],[315108.0994397111,6000124.17665625],[315491.183761105,5999780.66002456],[315805.2922919248,5999513.762186664],[316283.88745686796,5999107.77706614],[316343.237804265,5999052.417683345],[316572.534518671,5998785.235597935],[316788.97973444,5998493.52531217],[316989.77791989094,5997954.43381543],[316953.160198597,5997681.24959631],[316936.31127136806,5997585.78041987],[316882.45567482,5997247.707],[316847.85965374496,5997052.54747467],[316820.914991569,5996900.68450731],[316739.56344641605,5996581.296420066],[316827.8531341397,5996423.61242105],[316760.46793789405,5996151.08259884],[316642.8622207,5996135.67784416],[316527.18534654006,5996030.88676108],[316426.4240435278,5995947.85349609],[316369.340719261,5995932.07427608],[316296.1342691012,5994932.544959956],[316049.7111009441,5994845.333645835],[314808.33730827767,5994684.56501326],[314543.52342413506,5995162.85439063],[314137.69695734023,5994957.792409286],[313985.416845276,5994822.616554664],[313843.6060718611,5994544.1441721],[313648.03268782236,5994394.871707875],[313411.464359632,5994325.10531837],[313256.61145827797,5994641.91135042]]]}},{"type":"Feature","properties":{"fid_1":"1625","symkey":"366","symtype":"14","text":"Vorpommern-Rügen II – Stralsund III","WkNr":"24","Nummer":"24","Wahlkreisnummer":"24","Wahlkreisname":"Vorpommern-Rügen II – Stralsund III"},"geometry":{"type":"Polygon","coordinates":[[[362473.497167549,5983519.21038773],[362764.2604260241,5984103.21981185],[362563.90848776116,5984247.057449883],[362110.04434990697,5984745.700483263],[362039.208325485,5985081.121969117],[362273.6426366613,5985218.520806732],[362092.293740819,5985551.06587103],[361819.261247742,5985913.07502903],[362031.950355754,5986434.183064077],[362080.4246071293,5986885.03172303],[361730.451917097,5986937.54063719],[361828.02336422214,5987539.75444979],[361591.855696167,5987582.026998717],[361207.61816129903,5987512.42152089],[360673.6734966929,5988030.91106528],[362130.76550327195,5990065.67331895],[362006.80446475395,5990342.7110571],[361759.5777113461,5990519.45354323],[361916.21897249296,5990728.354377037],[362143.22542799707,5990966.31531703],[362325.077598623,5990837.376957583],[362705.216888917,5990420.07798505],[362889.73705148,5990654.57523927],[362997.4312233629,5990765.632015867],[363129.14733527205,5990941.3955185],[363666.276085668,5990993.44197479],[364077.882226654,5991297.00159597],[364542.5905000521,5991989.70215603],[364797.92882605596,5992418.06330102],[365128.04278330714,5992703.24665719],[364824.181103026,5992891.23789171],[364576.79615639406,5992913.152514233],[364590.284382986,5993041.25917972],[363562.6151883551,5993437.66838731],[363684.94459749607,5993807.265685597],[363779.361638751,5994127.97609374],[364268.01898469706,5994192.146282333],[364486.161749189,5994657.558232397],[365253.4329753553,5994802.36906762],[365306.54230061197,5995865.413834447],[365063.36161792197,5995957.69416645],[364913.692156296,5996456.48014404],[364885.43815483106,5996635.82699663],[364761.38117806404,5996703.45800048],[364559.452105148,5996687.501254087],[364458.0755377674,5996420.62134556],[364299.4393277969,5996476.69179031],[364020.53756455705,5996412.890604293],[363922.3708929081,5996237.95304276],[363792.92106268206,5996298.76063196],[363445.8453315081,5996402.936861667],[363276.96842177503,5996208.96166871],[362977.755223101,5996172.13237098],[362590.992649824,5995841.63864119],[362362.3368170019,5995884.193465508],[362258.94216924603,5995559.85184987],[362102.521182453,5995650.60990111],[361945.809236238,5995490.23620048],[361668.584803191,5995459.65219406],[361522.1912709852,5995551.055058633],[361209.4705943421,5995492.941659938],[360962.99203902925,5995648.38988148],[360946.4169329447,5995832.81145958],[360674.04979236796,5995934.39149258],[360491.375303237,5996018.558807583],[360214.389315638,5995987.96624403],[360053.172596438,5996149.18798934],[359631.143500529,5996255.98533604],[359586.84813144,5996470.40776518],[359379.167054198,5996454.64653862],[359099.08441758994,5996593.2563421875],[359221.2045685591,5996785.09862829],[359413.85181788215,5998681.23226467],[359219.9704801289,5998688.01657532],[359151.9207817849,5998544.80872443],[358418.0068094679,5998653.04039142],[358091.850660032,5998761.51263987],[357855.94233442796,5998954.130329642],[357604.279055609,5999254.11465272],[357125.3458723491,5999435.97450527],[356934.681836555,5999534.702543107],[357269.880129803,5999835.566003787],[357330.555856053,5999925.5032388],[357394.83495533816,6000118.6275767],[357467.67868623696,6000392.252051797],[357501.41925029,6000534.6612749575],[357597.85098652914,6000824.72255338],[357615.75676355814,6001007.959273637],[357579.6232487591,6001126.542552853],[357365.2793796561,6001743.64897055],[357334.21182192606,6001842.54345654],[357368.76379927807,6002008.18851642],[357562.676591877,6002288.84202408],[357637.11697474995,6002608.1886295],[357734.880421911,6002771.626296213],[357914.62513941294,6002918.949023803],[357780.915494652,6003170.261477207],[357785.5302657932,6003397.310407363],[357211.69786776404,6003611.15949974],[356335.42766913585,6003619.907625817],[356341.582507667,6003795.79997348],[356498.785834225,6004006.18114925],[356507.491995533,6004133.4545371],[356305.14884797507,6004391.68856494],[356271.55484480294,6004811.3700727],[356103.293310249,6004914.067107657],[356081.73164155893,6005055.657739213],[356334.149815341,6005342.00565355],[356327.062758381,6005518.36136262],[356206.3467957331,6005732.023225913],[355920.753956205,6005884.83870493],[355869.61305160704,6006225.06805971],[355842.405145918,6006427.63936521],[355480.8247060538,6006539.0773829175],[355136.9579236598,6006434.519683997],[355133.09317221993,6006810.879610287],[354557.66649404983,6006880.257589257],[354362.662114467,6007371.35046499],[354211.9424338869,6007481.9451567475],[354062.9634294291,6007578.51040751],[353859.37581246695,6007638.842136348],[353720.59690121806,6007590.4089555],[353537.0474934459,6007570.79356537],[353329.427181419,6007668.34769193],[353407.55700347293,6008020.56597708],[353158.7276547721,6008163.876676067],[353342.515179098,6009132.03798078],[353211.458932983,6009287.9129539],[353067.980034436,6009386.06423068],[352811.64939426386,6009491.701791077],[352926.125079375,6009682.164011083],[353101.889487686,6009815.606350387],[353264.174805116,6009944.289531053],[353339.8408344791,6010185.86360715],[353362.33676287695,6010329.04019173],[353354.730746703,6010593.20350161],[353076.37618005706,6010824.28548873],[353188.890473795,6011015.610798703],[353316.9623734744,6011506.257315903],[353445.983264262,6011500.02340265],[353869.70135503006,6011093.2838966],[353969.6472481231,6011231.04599745],[353911.7819193,6011800.66800257],[353678.9878082543,6011783.77545674],[353062.625065514,6011725.164774973],[352670.6939524519,6011783.611305],[352429.28152106795,6011791.87810768],[352205.02205302904,6011790.25990931],[352142.51361292996,6012092.48134597],[352217.056146248,6012178.425883447],[352305.813162701,6012341.677827967],[352396.0240636531,6012453.59769147],[352465.105746428,6012516.46620093],[352521.5832478551,6012679.59453794],[352512.21652253205,6012731.180905577],[352313.03106193314,6012879.48726852],[352143.9100217342,6012986.21682751],[351659.53283293534,6013305.60117899],[352111.00659759494,6013984.48317929],[351547.738108575,6014287.32764055],[351862.5939762301,6014843.16979582],[351900.12047504704,6015344.6700737],[352007.5009862981,6015575.80891806],[351687.398501051,6015714.564860027],[351516.2995095439,6015239.489153207],[350955.75256507576,6015520.230457707],[350866.6583064201,6016022.39232734],[350735.1266226589,6016124.54842022],[350637.429715262,6016208.03990153],[350504.36341081106,6016216.32867824],[350345.732094001,6016329.645365727],[350474.88728473603,6016466.56758044],[350695.44024321507,6016462.91150211],[351082.9204807391,6016357.882663023],[351404.86301265005,6016400.65027515],[351768.9424495121,6016575.27498318],[351971.630204143,6016655.736070813],[352032.67061068,6016620.079637033],[351911.5002701649,6016245.58798348],[351952.24924475607,6016223.399392497],[352465.7781884321,6016905.3553043],[353029.65886717604,6017236.11222162],[352895.331894535,6017472.46433539],[353110.71924579586,6017551.501822403],[353241.120717447,6017582.219589097],[353430.130942086,6017643.89290327],[353670.51391876605,6017558.220592603],[354186.15947983204,6017688.79649465],[354560.1247148351,6017924.645610123],[354783.075540978,6017940.88269544],[354872.79154454696,6017795.17248641],[355620.5759268538,6017775.79572122],[355937.2984495859,6017833.41392486],[356084.735854459,6017531.456801057],[356366.7520028432,6017183.15240179],[356788.7957576959,6017377.54336063],[357144.22207260504,6017519.730389253],[357309.988266518,6017674.28412923],[357410.59330410603,6017658.754500323],[357498.702984693,6017631.91017298],[357559.8525939521,6017595.01468701],[357687.27492439793,6017590.56500119],[357779.150673607,6017628.38162063],[357872.0385082221,6017695.18057408],[357948.42766931606,6017762.3055215],[358061.01300798496,6017931.970833007],[358128.191932012,6017960.15236218],[358237.75214157,6018010.109198343],[358334.290136643,6018109.80080033],[358464.576624586,6018330.638395787],[358615.762264505,6018447.93354607],[358760.52165244706,6018488.6563235],[358869.90500812,6018705.470977077],[359132.6687022981,6019073.77501726],[359251.6089163427,6019349.548235827],[359269.72389219305,6019624.584716427],[359243.676263573,6019838.62235325],[359334.024672174,6020061.84970366],[359436.198935966,6020322.94292422],[359460.04632053594,6020439.931929028],[359508.19586823415,6020593.841196293],[359583.199628524,6020749.55839357],[359852.51027498906,6020644.369593393],[360496.63472775,6020667.735364743],[360900.2672035282,6020712.93731247],[361177.240432673,6020723.19031022],[360869.4610500861,6019803.392536407],[360736.777624876,6018374.87580124],[362036.8743679179,6017433.50468376],[362212.43803349894,6017193.897447017],[362239.23899868096,6016776.68898689],[362000.44814003,6016732.26457333],[361886.65795861394,6016604.15775419],[361761.718353522,6016483.34547752],[361661.872981478,6016208.33701964],[361611.77939279214,6015866.930730373],[361520.1307584259,6015600.055818607],[361413.395475439,6015401.44171454],[361061.9117544991,6015141.90966755],[360886.6768981529,6014908.45012099],[360786.747801295,6014575.23986063],[360933.82855244307,6014405.3208014],[361200.83717290405,6014458.03040222],[361409.923152152,6014370.93583517],[361682.22022639506,6014317.39743039],[361920.576291131,6014309.07283763],[362168.229751721,6014309.17938729],[362353.31360081094,6014293.962226347],[362565.434723421,6014286.55712744],[362804.39957823,6014295.71957283],[363054.8519428199,6014340.009113898],[363360.50628008693,6014267.548181947],[363594.853735358,6014144.545801397],[363756.6765180889,6014222.44417208],[363962.0537012321,6014300.13290311],[363945.35692230205,6013583.70799129],[363178.68251295993,6013141.914056763],[362849.8988412911,6012475.27592896],[362441.77934866,6012265.92438111],[362893.583187361,6011790.363258217],[363452.777387987,6012425.4554218],[363668.54349630896,6012479.45819022],[365053.2697178009,6012606.285435568],[365152.12859432516,6012207.33425117],[365407.2849237451,6012205.6153535],[365414.15839689504,6011860.45872225],[365110.2042848511,6011731.25917592],[363659.31509508705,6011742.34087507],[363650.721468381,6011309.8698604],[363562.8037631691,6010862.66354606],[363483.34263971215,6010607.28112725],[363393.38003374205,6010402.29831072],[363628.96033620904,6010314.518431817],[364164.238778493,6010198.52693795],[364453.64899885305,6010126.37833585],[364582.054626049,6010006.823146],[364828.12329803,6009989.55840746],[364841.53851050115,6009872.517679193],[364639.7703626158,6009768.662265907],[364654.2147093611,6009680.862496653],[364735.05976797803,6009646.282977497],[365077.11914413504,6009255.90210603],[365233.07538917987,6009352.006994733],[365522.54157187196,6009099.432371637],[365475.943675586,6009032.77694799],[365437.85216123494,6008751.69032728],[365918.0094970451,6008751.93734845],[365908.90997771104,6008415.02438784],[365847.4698770731,6008017.43977338],[365996.6362951752,6007729.43051245],[366219.0806972883,6007261.747194523],[366319.315198228,6007466.867390553],[366678.368440078,6007304.20376617],[366776.324841768,6007387.239239642],[366957.19364670804,6007417.31259792],[367341.9580248541,6007470.111626887],[367545.71055701503,6007982.4075294],[367534.04762382316,6008387.574931202],[367959.33945894404,6008523.30158695],[368284.3818678331,6008424.09017364],[368761.49710338796,6008439.83303111],[369176.03830883803,6008522.08867058],[369485.44720038003,6008523.86878964],[369380.744257167,6008781.01321724],[370244.775837285,6009097.640879577],[370587.32968624635,6009200.73127212],[370762.8377579332,6008940.232678093],[371327.09115452797,6008765.27324726],[371660.504119838,6008764.27960036],[371739.39991224196,6008761.365171707],[371825.65195842704,6009148.11893365],[371961.88041315693,6009305.71040374],[372360.53421254037,6009520.631104443],[372564.688000869,6009682.27438324],[373226.171801822,6010071.69392517],[373308.47097499005,6010217.41176209],[373250.8645096901,6010272.9506013],[372906.7063378941,6010024.46538356],[372644.59683910594,6010312.91290814],[372340.121566933,6010507.1118627675],[372251.025093092,6010858.55329316],[372083.14365384704,6010890.03548638],[372072.6569765541,6011383.15743926],[372209.1340992111,6011419.90558838],[372303.48120315606,6012248.93960987],[372397.688065773,6012421.99453328],[372948.7432717802,6012227.957475107],[373127.1131103849,6012180.60158898],[373238.97012779803,6012275.82384889],[373509.3744175399,6012178.325829863],[373623.901450961,6012101.04068638],[373656.880800536,6011949.65434715],[373331.47421383415,6011713.70978129],[373399.9106440239,6011199.38063838],[374486.35793072893,6011114.835165627],[374643.218072606,6011115.35772551],[374910.8862968602,6010979.448634833],[375227.46997141105,6010904.58292692],[375964.085924105,6010794.81483622],[376411.0789902831,6010716.77261699],[376898.956039243,6010617.22875662],[376841.3566480391,6010847.87942735],[377024.77728814096,6010874.260411407],[377077.3277422179,6011005.4882797],[377164.96985667315,6011135.862348298],[377246.71844691504,6011184.53901615],[377528.433413235,6011110.057033908],[377586.3689240911,6011503.71931061],[377801.30193402595,6011477.51900031],[378194.62172097794,6011974.68900699],[378341.11022673396,6012376.46012876],[377384.95574983105,6013467.60413997],[377086.8305402,6013783.702363713],[376854.81166813406,6013937.64348234],[376195.686425501,6014424.99004998],[375349.35194002907,6014608.94945772],[375144.500881698,6014323.68875433],[375064.2606890029,6014554.13576337],[375387.475073777,6015369.58151508],[375601.511952418,6015945.94904286],[376138.50920279813,6016601.320752718],[376701.75551386597,6016577.60312665],[376858.90389184305,6016356.99083509],[377030.111450154,6016145.13312298],[377933.295179509,6015404.14663673],[378308.69599124696,6015143.651321547],[378629.88756261324,6015036.119465743],[379058.240186373,6014974.38536355],[379441.017179523,6014925.49685759],[379703.686837167,6014975.86826657],[380026.32494627195,6015303.29681553],[380219.58923430496,6015593.97819187],[380473.91134684,6015928.55827201],[380595.5462632249,6016002.110751777],[380690.385134452,6015838.45370262],[380974.810297144,6015595.12250012],[381292.5548506207,6015259.34540461],[381373.79658515705,6015035.87117943],[381343.4147923001,6014882.08807512],[381214.403513293,6014726.50097693],[380881.7269075811,6014770.14842363],[380688.696422776,6014872.93941074],[380309.6531285611,6014899.937001483],[380000.95981151005,6014713.851175837],[379902.6464046871,6014520.40573373],[379684.704762524,6014317.6284497],[379597.389557295,6014174.08195884],[379419.58422078704,6014194.106950663],[379259.764329809,6014076.061768128],[379143.66879906086,6013831.966831087],[378959.97087082,6013743.32803731],[378999.321101464,6013430.507566838],[379072.55453993706,6013299.87119734],[379328.1952579119,6013327.961110258],[379484.330997851,6013453.184849543],[379527.935254114,6013617.921657262],[379873.89303682605,6013825.476584903],[380110.98259598995,6013852.717769507],[380340.8491955,6014088.33444272],[380331.23216405394,6014457.64967843],[380580.42729054205,6014652.323994837],[380807.1451943421,6014668.91631334],[380862.10810425703,6014459.37517167],[380954.27938503306,6014355.09468384],[381121.60700044106,6014339.98844277],[381395.667149039,6014408.4614447],[381583.753699476,6014543.735421587],[381761.703934422,6014661.10199303],[381938.817075814,6014618.389686607],[382048.03058532404,6014472.24167127],[382147.326180191,6014171.33974586],[382154.924065168,6014001.723839307],[382090.10399703705,6013886.16844699],[382181.00342854415,6013831.457681863],[382305.91520064697,6013776.56345935],[382476.063866533,6013756.363050997],[382602.397591123,6013792.2337353],[382906.321434307,6013648.78174281],[383049.29711593396,6013530.97240504],[383170.122946679,6013316.127277027],[383316.7907915772,6013053.347104477],[383513.616242953,6012901.632316372],[383739.2382324971,6012836.71867888],[383800.2370223121,6012749.54130367],[383797.863914727,6012552.753926007],[383727.3319987061,6012495.68150635],[383511.5198206911,6012347.37827773],[383382.836914725,6012201.03078974],[383537.084309187,6012026.28078209],[383661.510079448,6011835.8216329],[383878.66127005604,6011721.6756250225],[384154.739575724,6011690.51965765],[384503.2709656821,6011649.576997893],[385277.3076997589,6011637.06002894],[385606.84397088795,6011661.07391858],[385847.70605516806,6011667.17175666],[386405.587442738,6011739.99633979],[386621.06091314205,6011735.468947807],[386884.3558766842,6011538.667321787],[387442.013599055,6011461.906183558],[387637.41670006607,6011348.26748806],[387989.471935626,6011243.41706548],[388316.68535229703,6011057.6369093],[388531.56662767706,6011000.35504543],[388576.482313782,6010724.8648107],[388656.46290702804,6010572.48069997],[388814.6621054241,6010202.98908363],[388963.1588300129,6009863.60172877],[389007.314498474,6009688.2027303],[389080.2158575,6009282.91158149],[389204.44259738806,6008907.594827217],[389308.54469543207,6008586.270924262],[389380.001252015,6008297.346848583],[389392.67099518096,6008079.77119587],[389460.77159442496,6007701.91563974],[389709.842607029,6007255.9412917],[390031.0983277841,6006899.018841923],[390388.76119512506,6006338.69525388],[390336.68855162594,6006287.26073394],[389648.37506071595,6005592.8211186],[389151.0261159451,6004996.817431373],[388929.4701424071,6004694.13181784],[388784.58807442104,6004277.1783631975],[388484.76957859215,6003518.41988224],[388283.785403467,6003271.03098609],[388204.2699747861,6002584.88730727],[388258.486088729,6002246.2889272],[388498.33553614095,6001600.52862628],[388152.3473465571,6001463.523968623],[388140.6121915851,6000955.12076892],[388229.20297332504,6000772.92223037],[388386.76239298005,6000391.999254122],[388289.2520715782,6000062.556013287],[388322.5982620921,5999769.68969925],[387672.78386951005,5999643.44177354],[387036.5424897199,5999614.33970381],[386302.23526797805,5999450.8581954],[386042.038624323,5999328.10854309],[385841.0603606299,5999260.583247027],[385685.6686613769,5999079.895663447],[385560.56783438707,5998873.48158785],[385358.04229740286,5998762.402422828],[385271.49294771603,5998597.82394127],[385397.94563711795,5998308.07275704],[385151.26635871106,5998347.603165483],[384958.013854027,5998503.458338971],[384772.60991964804,5998342.58448834],[383837.2356013269,5998393.70421552],[383528.539603711,5998262.01634697],[383419.15357288066,5998068.8933122],[383491.87386258296,5997928.0208182],[383554.5843279831,5997417.02884165],[383768.1443148751,5996956.539739693],[383981.59709502396,5996665.1615459],[384351.5900585009,5996601.220264327],[384778.8037856,5996492.47774055],[384888.774811208,5996346.31095057],[385294.972702647,5996251.31756175],[385438.224490782,5996091.21885587],[385615.372245537,5995657.09770389],[385734.540611314,5995336.159955207],[385929.36805969593,5994690.218954978],[386052.897674288,5994316.42585575],[386183.70045477094,5994129.50337514],[386563.928978011,5993907.34826015],[388047.774351954,5993000.395909567],[387307.140624317,5991960.67446614],[386648.19496837794,5992009.49810303],[386401.68911934795,5992235.25666631],[386229.13590077905,5992251.05062912],[385842.33917932515,5992385.15919996],[385624.81620964804,5992374.009304753],[385373.76417306694,5992469.847383968],[385171.81238625606,5992210.25098896],[384950.801313507,5991913.54841361],[384777.92282448,5991932.20663219],[384443.9314406561,5991608.6794782],[384378.106640151,5991167.36952345],[384214.91077662096,5990903.48472941],[383782.728199951,5990921.038289573],[383589.89026507805,5990524.61855084],[383506.834830764,5990375.43453312],[382977.0421078501,5989953.134805357],[382959.03182690404,5989792.44213832],[382994.7930952702,5989573.91816964],[383032.96886998706,5989423.483347627],[382779.959002372,5989268.3483879],[382628.502267545,5988860.762667757],[382404.0952487469,5988831.406201648],[382051.6155555728,5989042.175364827],[381820.33776916005,5989174.56235597],[381825.6688341012,5988968.20236019],[381743.48600866704,5988928.78569826],[381492.295407563,5989024.691698647],[381295.62050728407,5988895.0889796],[381022.11694475194,5988699.637754173],[380886.226977527,5988543.12515855],[380645.83691748,5988595.15589053],[379121.773774073,5988205.402307907],[379199.0445826461,5987880.373222553],[379298.07469307,5987483.69452672],[379017.01902347896,5987505.581672257],[378332.78904740105,5987577.5121399],[377596.40709312214,5987634.26949483],[377670.9915299909,5988171.6277902],[377497.576116691,5988183.7910445],[377465.3538042698,5987968.017690937],[377037.6816713421,5988156.578663953],[376102.76361157093,5988618.38378871],[376281.48565333127,5989424.2989803],[375629.14448676584,5989610.251715737],[375386.544226561,5989119.99574409],[374758.570074831,5989353.04232605],[374538.0933408858,5988727.881469008],[374308.27209909796,5988543.78674666],[374167.0763621419,5988765.830544377],[372838.001128549,5988377.97862335],[372506.9057002177,5988141.0395880975],[372229.021816783,5988181.905109477],[371793.556229349,5988147.61265899],[371642.26061838306,5988084.6150352],[371301.206019314,5987810.928240538],[370852.8666171769,5987516.681043027],[370769.70441002504,5987262.12416797],[370447.4771026992,5986840.0313753],[370135.6799355182,5986948.96391988],[369585.199799148,5987032.174396917],[369224.57653438,5987089.43367075],[368953.97443351103,5987161.08183708],[368790.95064912294,5987246.31450932],[368478.9737389301,5986352.54632868],[368063.188853333,5985814.639129363],[367939.535781321,5985837.4212914],[367861.12420642097,5985858.56492027],[366862.81735009595,5985918.63143311],[366415.238579822,5985896.97100208],[366137.30287432903,5985931.65432216],[365939.24106153427,5985572.790235863],[364777.1440218929,5984831.191203767],[364171.8332142201,5984914.39784589],[364023.27124451986,5984932.02812113],[363752.7154444,5984823.41410759],[363213.91322755,5984494.961923927],[363080.66808043607,5984232.62401531],[362943.731471519,5983865.287305887],[362870.00148698303,5983677.37272411],[362473.488424881,5983518.96054065],[362473.497167549,5983519.21038773]]]}},{"type":"Feature","properties":{"fid_1":"1633","symkey":"355","symtype":"14","text":"Vorpommern-Rügen IV","WkNr":"33","Nummer":"33","Wahlkreisnummer":"33","Wahlkreisname":"Vorpommern-Rügen IV"},"geometry":{"type":"MultiPolygon","coordinates":[[[[393217.57671860047,6012874.4524226],[393391.69231931213,6012688.51273101],[393179.4090679893,6012805.738892391],[393078.5060313316,6012853.293261381],[393217.57671860047,6012874.4524226]]],[[[395219.9172305353,6014124.340729639],[395036.85024200287,6014096.962997634],[395067.83851158153,6014210.700808613],[395217.6384780295,6014252.498327112],[395219.9172305353,6014124.340729639]]],[[[395642.2943336265,6014349.735166602],[395491.54335589055,6014280.70424808],[395448.7979997657,6014410.525122862],[395550.2218926037,6014413.737436898],[395642.2943336265,6014349.735166602]]],[[[383873.611354352,6029156.225227598],[383713.36329642497,6029137.558141917],[383617.36429357063,6029225.209734982],[383616.76830454636,6029415.848554004],[383754.16914190724,6029618.425260464],[383893.40809385665,6029723.129674213],[384036.8777925391,6029769.901145859],[384276.82598311454,6029800.045437863],[384390.73114824016,6029738.032428281],[384445.54613662977,6029645.813235318],[384461.1367726913,6029554.961061064],[384327.71651524585,6029409.2785796095],[384275.0180516364,6029268.276510952],[384042.38467435073,6029182.601191202],[383873.611354352,6029156.225227598]]],[[[378322.62348866835,6032634.56612101],[378070.78413301706,6032600.584487092],[377890.15342899226,6032650.172461335],[377813.31888918485,6032921.26524456],[377815.7630875353,6033064.485931953],[377974.4087489629,6032986.1776163615],[378060.31288458686,6032902.63717147],[378251.43777278624,6032831.177964846],[378322.62348866835,6032634.56612101]]],[[[383963.8692406658,6036604.611862773],[383861.9841100639,6036516.612767413],[383676.9484187737,6036411.503684083],[383532.1350894673,6036326.255665613],[383446.27352014557,6036267.218969533],[383335.1032119207,6036128.018767521],[383367.51988408156,6035903.244444324],[383289.16149945,6035865.705764232],[383204.62753186,6036002.238131801],[383210.0282289749,6036156.893862283],[383244.08960107155,6036358.575147465],[383375.965058689,6036460.2815658115],[383464.12787030544,6036570.77200013],[383593.50644924864,6036608.035488691],[383709.6047400832,6036565.961647678],[383891.39630681183,6036642.660375135],[384063.66748056933,6036733.200966651],[384079.9834489068,6036670.344236229],[383963.8692406658,6036604.611862773]]],[[[383876.4332217369,6036765.757566761],[383784.1796010062,6036709.945469303],[383690.52672759164,6036757.241240807],[383625.0864287438,6036774.534790181],[383609.8964969404,6036891.13594142],[383683.0812622169,6036959.623550754],[383772.8313157726,6036943.731638132],[383802.9909926653,6036826.659715092],[383876.4332217369,6036765.757566761]]],[[[384921.3383603962,6037253.335002191],[385000.93673926685,6037197.525981607],[385092.33254198637,6037214.341946302],[385004.2831000667,6037107.104112741],[384844.6197580453,6036940.578900069],[384871.2831762554,6036808.5638805125],[384728.84560105763,6036669.705490654],[384589.2463409314,6036676.32626852],[384459.9776309682,6036635.067515338],[384424.5740319509,6036566.757856235],[384326.27437709644,6036588.451377019],[384221.8771483321,6036643.376181092],[384183.31452261936,6036692.49882357],[384193.8855463192,6036787.437217649],[384191.62581300177,6036930.359163387],[384275.69931730535,6036923.920619778],[384377.6210136097,6036905.601126589],[384487.6916067535,6036905.760242617],[384625.33708037436,6036971.996834414],[384685.5757668568,6037027.92860668],[384700.5690174373,6037091.944346439],[384735.72220445797,6037174.51781944],[384921.3383603962,6037253.335002191]]],[[[375710.10423971526,6038016.275051491],[375612.4455122249,6038013.431559732],[375596.7312919134,6038093.5287711825],[375650.38669987116,6038225.986914365],[375774.65937191807,6038288.938208882],[375834.3396558631,6038250.081726693],[375793.6041520797,6038129.4298774265],[375710.10423971526,6038016.275051491]]],[[[383296.0660559386,6039623.508330341],[383274.12260796037,6039525.214107217],[383214.6359871486,6039498.020371959],[383157.03876563907,6039575.075431749],[383083.9666382568,6039567.120766442],[383117.39330016356,6039442.62345594],[383112.7956646178,6039310.95776345],[383175.52586145606,6039216.211631274],[383377.7750126347,6039026.536499953],[383534.54424865916,6039002.803331934],[383784.31320173386,6038906.030988859],[383948.5411324911,6038988.345191069],[384106.84046155773,6039008.581723299],[384237.741190779,6038981.99626838],[384426.72261451837,6038935.12912743],[384652.3844365766,6038993.031865284],[384876.1226043273,6039146.319084225],[384950.961108922,6039140.455733933],[385026.76350970846,6039104.78887927],[385084.2383753322,6038966.951668229],[385175.9786792677,6038850.424006833],[385064.9392108023,6038786.760446262],[384773.7893949151,6038801.929618513],[384690.1517824484,6038763.576215701],[384584.21603694186,6038724.256810054],[384742.94656973146,6038642.159740526],[385011.7002086295,6038601.75576078],[384993.7738862857,6038482.56122764],[385034.8900116291,6038377.559874278],[384956.50878594816,6038260.22656926],[385011.4280712772,6037999.398318343],[385052.2370396741,6037849.886036042],[385097.57506995834,6037679.699394146],[385067.3641829062,6037545.169899723],[384972.5998220574,6037460.429459339],[384968.11741256155,6037332.247089492],[384796.74718227703,6037360.243472055],[384478.24422368594,6037150.989338484],[384338.07408778276,6037005.292451048],[384161.20486100856,6037004.712928617],[384063.9575938955,6036949.322087562],[383926.3280073777,6036998.160882229],[384002.8443052005,6037069.030629352],[384048.36024640966,6037133.2204053495],[383741.69318417273,6037176.710267561],[383556.3787257029,6037113.64191794],[383350.9101901809,6037003.5003250465],[382891.184241361,6036854.711476199],[382904.4335843697,6036711.145920424],[382792.7942280313,6036766.325264111],[382702.4004398128,6036849.78190531],[382586.12814187445,6036872.603117861],[382451.37295081466,6036752.985417319],[382429.7207674738,6036555.623368356],[382435.218922521,6036397.836790521],[382476.6694830209,6036216.775758762],[382265.0478513073,6035923.230860671],[382155.6831502188,6035843.004495151],[381855.4838646222,6035856.970274692],[381708.6011369983,6035851.305352565],[381608.47558700386,6035928.103785101],[381384.85001320206,6035928.424318081],[381324.1729302639,6035857.276744405],[381139.7123394506,6035775.664610289],[380982.70609010756,6035642.065370619],[380882.8579068156,6035311.850716302],[380977.41890608985,6035290.2832445],[380962.45400993526,6035176.988026751],[380851.9416273106,6035121.058895219],[380697.5031288527,6035039.648095241],[380511.67938076705,6034969.089644982],[380268.79769830685,6034941.050722351],[380017.18694903515,6035085.419916779],[379912.4230314689,6035122.598559251],[379643.2926109731,6034985.000697834],[379597.4785452364,6034828.915012062],[379104.06013143156,6034574.726268625],[378935.4399971422,6034445.275366876],[378750.7602271177,6034407.705225162],[378631.19796410296,6034551.214936221],[378495.4319032477,6034538.695138274],[378336.34720551595,6034510.238806302],[378409.45804776996,6034397.610599048],[378293.46381236333,6034328.368731681],[378155.79953490477,6034483.522664322],[378141.17884926964,6034802.976025989],[378227.7640667148,6035283.748436488],[378474.23124065343,6035722.41425731],[378827.82263679337,6036084.0367476195],[379039.35752503946,6036582.9584477935],[379457.7465354549,6037568.20633832],[379744.7521967599,6038200.5722493455],[380169.4684293661,6038765.59702046],[380436.4776318893,6039001.219047861],[380667.2539762175,6039345.327711688],[380930.2130715605,6039599.818927251],[381145.2129569622,6039658.338253319],[381459.68912803475,6039845.471153464],[381563.82184161246,6039890.369969444],[381922.6856420832,6039908.85706526],[382264.73385440465,6040011.728646703],[382748.2224562485,6039895.766424995],[383000.4314568164,6039875.7160245795],[383244.80442518275,6039731.611551069],[383296.0660559386,6039623.508330341]]],[[[381288.39145524986,6040935.869241212],[381235.37292788737,6040914.708219372],[381061.98035841994,6040978.053658402],[380986.10191529244,6041025.973883336],[380775.88196861837,6041216.92699101],[380592.3102010982,6041468.743255895],[380629.31800621003,6041704.5915819295],[380684.648201216,6041997.122833623],[380729.9873632733,6042130.338480182],[380812.11050452106,6042168.241934832],[380928.03984045703,6042164.1935932115],[381030.02528829407,6042111.852467611],[381239.169217119,6041976.220826633],[381331.95629117265,6041832.394989628],[381374.9269019067,6041666.044000406],[381462.11342398357,6041540.925015572],[381495.6390080536,6041447.948350694],[381472.7148680268,6041314.417047972],[381370.16688592825,6041257.460975487],[381218.3191242423,6041207.230035963],[381155.86433030944,6041166.634947402],[381085.49390134774,6041071.287974045],[381266.46276812255,6041009.929656973],[381288.39145524986,6040935.869241212]]],[[[390206.52346170694,6044659.399196511],[390130.1937932037,6044629.795029458],[390032.00762474444,6044740.78929203],[389954.7325173672,6044834.543266784],[389974.09182889666,6045016.478306273],[390094.2225974407,6045061.064085033],[390055.3575610332,6044886.565330498],[390178.04338422697,6044767.96194117],[390206.52346170694,6044659.399196511]]],[[[378724.3169175759,6045713.518929442],[378616.9437423013,6045547.167123511],[378522.00386593025,6045607.508083262],[378337.200418164,6045322.78822883],[378345.0455588149,6045246.712378761],[378312.5512069147,6045104.5090770945],[378169.7255506776,6045362.410002938],[378176.4698784137,6045555.5422802605],[378163.4112040885,6045797.645504158],[378186.14578505885,6045990.219389541],[378276.21153679304,6046105.146150423],[378439.3557526069,6046163.73819208],[378556.7223257851,6046293.971492361],[378637.36523459107,6046296.658732412],[378687.45611753035,6046198.100546831],[378727.8735137787,6045965.798487904],[378724.3169175759,6045713.518929442]]],[[[395186.4341702452,6045622.939782044],[395273.2586142728,6045458.576584032],[395547.66823987756,6045157.804835392],[395861.3245045636,6044934.718823774],[396051.72191652097,6044754.412443161],[396048.32022668794,6044757.283158455],[395941.6759404689,6044704.980589524],[395780.4835844543,6044661.369073672],[395671.15376827493,6044804.27169949],[395517.4619160108,6044858.675250161],[395418.8108407557,6044841.60323615],[395228.3591695763,6044889.283756662],[395224.39244746603,6045011.9934726],[395132.3370925272,6045305.641218731],[394821.4401295511,6045300.002638752],[394620.1708560074,6045388.831819737],[394152.3188662091,6045458.45890631],[393962.00511003006,6045510.122992201],[393866.6267374521,6045472.407664401],[393604.6074713664,6045583.872933397],[393545.21632101573,6045752.796564199],[393585.39905541204,6045965.026696751],[393802.57696167566,6046138.299645461],[393991.7521370072,6046204.487847095],[394073.5086666569,6046310.699286522],[394194.02889970504,6046638.6929959245],[394311.76349912863,6046743.648053443],[394529.0953296302,6046871.14094715],[394727.12940471154,6047040.582877062],[394822.8054320663,6047087.026522037],[394964.145225035,6047037.058748342],[395072.1552041499,6046963.744486462],[395037.2855651695,6046853.394553095],[395028.0165899554,6046638.083294988],[395022.7935491642,6046438.397512192],[395085.7816354837,6046186.30202858],[395113.66903150454,6046046.491271101],[395086.91470933426,6045896.329502767],[395128.3838562444,6045744.289631829],[395186.4341702452,6045622.939782044]]],[[[394309.9029563442,6048438.245288305],[394033.3611572711,6048105.193571787],[393979.90013758186,6047885.174877701],[393901.0000011455,6047380.870425161],[393743.5703193862,6047091.939879501],[393561.8988227667,6046689.539906919],[393475.4581004381,6046320.330681939],[393505.3605138045,6046123.1632719],[393289.4268885162,6046142.9667585995],[393230.8172827717,6046341.120575007],[392954.8658869881,6046061.087299602],[392739.73938996065,6045982.288931601],[392512.26969150174,6045908.4437424205],[392547.2769967569,6045836.42508862],[392645.04359907284,6045842.264860181],[392800.8311723247,6045812.061333742],[392854.9922255669,6045765.645909971],[392892.8676066594,6045682.529054189],[392986.5225687688,6045671.003094487],[393138.67508820165,6045694.202693831],[393276.45078616403,6045656.868033813],[393387.7354474673,6045562.9247842],[393515.3096052455,6045476.675007863],[393957.00215816405,6045366.937827038],[394003.8882569391,6045212.459986046],[394016.843028835,6044988.871667063],[393983.6991814617,6044605.793835012],[393888.88920298684,6044448.007711487],[393510.238935953,6044041.972559039],[393321.47228164226,6043808.42065732],[393242.49896567315,6043624.314633863],[393048.00897800084,6043334.170859352],[392847.14915296994,6043083.784522701],[392921.4613864748,6042991.12872627],[392844.86826882325,6042789.43682798],[392945.77301946934,6042749.140880408],[392930.815870109,6042671.874426441],[393011.8083195146,6042648.53111764],[393153.7232671371,6042500.481029602],[393144.0390000148,6042490.96160825],[393055.13794303034,6042395.26200236],[392749.56548876595,6042056.796702931],[392366.213205128,6041516.098102022],[392099.5234354874,6041099.909762189],[391783.6764825359,6041045.386913329],[391725.22665144503,6040510.598369153],[391529.33347015735,6040208.496012915],[392004.5807605814,6039295.104448879],[392341.13074417226,6039436.44101654],[392645.7142227581,6039562.396410182],[392755.740806506,6039568.320419952],[393087.91793271806,6039417.137538638],[393414.95666641835,6039162.062844861],[393475.385764583,6039309.7895291075],[394045.98528651334,6039431.454672802],[394035.2756420402,6039046.096853884],[394286.4267682824,6039088.858585073],[394433.24335400946,6038994.923156977],[394436.0401113946,6038681.1330104],[394279.17015198525,6038637.337013859],[394177.3328634929,6038443.519276787],[394235.6627819529,6038229.850011811],[394417.79833610356,6038216.242886335],[394422.3571764566,6037931.158659279],[394240.7359005511,6037959.498407451],[393963.0853890041,6037473.148124348],[393104.14277092554,6037848.10810147],[393117.19701008964,6037670.289028993],[393131.03192648105,6037371.369848138],[393128.35398393497,6037222.625882773],[392939.79247543775,6036221.34285537],[392661.1523317909,6036429.946610976],[392538.8805347355,6036288.10004176],[391872.36052103434,6036134.317161398],[392013.6534534311,6035882.936130231],[391474.2048599189,6035905.078504443],[391499.7035944108,6035177.717444085],[391306.55614060163,6035082.164761143],[391319.36125563644,6034826.290685656],[391129.0014741095,6034810.945040936],[391073.24936980475,6034053.409101037],[390829.7009737212,6033769.749694141],[390541.74686869234,6032568.084366042],[390418.06909079757,6032643.94687164],[390279.57649507467,6032732.341127023],[390214.0902154306,6032454.705710452],[390127.2667505108,6032275.127943061],[389919.6047443915,6031870.627776567],[389346.0969227217,6032243.260080472],[389282.1849558819,6032284.8624461405],[389199.9696381269,6031991.966543548],[389407.5683633154,6031950.031732909],[389318.18084367085,6031281.74975078],[389523.1602300042,6031133.756524557],[389954.7417185111,6030749.192477113],[390460.99518540595,6030743.039598592],[390626.69496784173,6030652.95897153],[390771.3677635733,6030497.82065683],[390963.02207622025,6030341.041354721],[391133.0606486015,6030109.961145038],[391219.57438948005,6029900.565101169],[391222.36270630825,6029712.844029462],[391111.8418396972,6029556.613031227],[392144.08625887334,6029391.668301342],[392207.28226168174,6028511.468440212],[392370.5741134845,6027642.983528329],[392533.4217744861,6027772.136132384],[392733.64566141367,6027868.464097641],[392923.97328892257,6027946.124640863],[393185.9880559873,6027927.461734714],[393405.1520316377,6027284.02882096],[393633.96431421395,6027081.306312073],[393833.9318841873,6027062.332722791],[394068.11201086175,6027012.860907871],[394119.6754506063,6026798.944696559],[394126.07087865006,6026645.371055819],[394250.5926630711,6026493.439236561],[394497.1477035405,6026290.187289327],[394945.29197980464,6025985.383982355],[395314.11637453176,6025751.873651901],[395568.9111973569,6025527.084588539],[395884.36413497664,6025684.921304669],[396064.86205608584,6025753.669364078],[396334.73643546365,6025687.958415331],[396597.29632838815,6025688.171261143],[396618.00889207516,6025549.9908008],[396599.2869179435,6025350.254406197],[396549.442414416,6025269.456111321],[396438.7374627078,6025143.744217677],[396314.468241089,6024959.222644862],[396234.74915450905,6024708.36027438],[396287.67995755095,6024541.42025969],[396597.49828557763,6024630.644802067],[396662.49781460967,6024292.412118187],[396923.2496749209,6024330.564988619],[396833.58929418214,6024127.0687555205],[396522.5729078194,6024002.360347951],[396337.87194372993,6023442.700007113],[396049.70591973886,6023635.63633419],[395936.8540668776,6023279.577892372],[395118.55835643504,6023285.6819175985],[394764.8879234856,6023491.66336132],[394672.1617227942,6023199.9577469155],[394614.2132014176,6023066.395304402],[394499.0130949775,6022805.019041821],[394231.8261193177,6022584.482788732],[394341.70617398433,6022185.39353863],[394280.9033746375,6021907.114357473],[394228.24745596014,6021674.8136811275],[394095.13572335616,6021146.10605045],[394063.5136798378,6020784.989661509],[394555.0291946195,6021034.738157459],[394668.7178300088,6021009.50511002],[394636.62308640033,6020651.916239306],[394572.8476628242,6020566.339838639],[394386.2558251247,6020438.023633121],[394249.6120987339,6020199.897370305],[394288.11716601066,6019948.65051006],[394306.71890122443,6019833.436504703],[394225.9079516884,6019718.4281596895],[394481.24720847607,6019261.240085572],[394914.82241033856,6019535.276996447],[395212.87207651325,6019436.046260046],[395540.63265541196,6019365.836532701],[395575.0918199057,6018998.90568272],[395884.38895578776,6019076.307892693],[396051.4712729128,6018958.505579922],[395993.34958892595,6018740.904574189],[397017.83640451916,6018121.018983234],[396893.76323716156,6017951.7509158645],[396686.41625850275,6017680.324510489],[396657.3966743406,6017479.712810919],[396702.69857023936,6017107.90423353],[396562.72155038174,6016795.847359335],[396491.05153724644,6016612.989653867],[396395.5754571501,6016400.187262047],[396125.41807375755,6016006.369572872],[395891.94460314326,6015724.856195852],[395795.39978952706,6015589.139449861],[395563.662490339,6015149.714336099],[395154.5148513587,6014665.44932518],[394928.29613669217,6014383.670616021],[394830.9279574659,6014324.782612151],[394789.1265569087,6014388.531201992],[394889.6853003958,6014538.863580141],[394876.52127080876,6014792.226681229],[394937.2146248678,6015061.518178491],[395119.57607208565,6015348.335895579],[395267.56848053075,6015596.32142459],[395272.29550043214,6015731.737093901],[395187.8098292621,6015833.739957638],[395068.3276285641,6015771.872351924],[394923.588475815,6015824.46023261],[394754.5005828673,6015603.226955663],[394592.01970657706,6015671.177294582],[394430.86737457104,6015676.798978798],[394240.4639295507,6015789.764041919],[394098.2269138247,6015706.688830271],[393966.97810803633,6015623.232449744],[393980.2160594193,6015479.94368778],[394192.6714844471,6015575.079184294],[394259.1201544618,6015693.831395369],[394387.0750048971,6015575.783793133],[394009.7534023924,6015379.840277489],[393983.83700248133,6015160.858589621],[393791.7364554787,6014903.667684041],[393431.01015977655,6014967.560514068],[393299.5404948145,6015192.27856213],[393232.32317799237,6015051.527953044],[393120.6845512148,6015106.707271222],[393105.6466359589,6014891.09278167],[393010.7470780378,6014795.34034496],[392831.86269539315,6014816.094342396],[392599.730573887,6014787.687857799],[392665.90318566747,6014686.42538742],[392755.5324812485,6014316.814914264],[392956.55452532787,6014082.04218436],[392830.0114476746,6013925.37941996],[392844.3243918009,6013711.998726683],[393017.1284900522,6013724.472165665],[393019.37691120896,6013581.304845402],[392908.296966102,6013552.165651539],[393001.7178556919,6013390.80033339],[393062.2683130689,6013224.419980187],[392836.2122774599,6013155.283023611],[392688.73924621195,6013032.03076846],[392727.63256715424,6012990.479325201],[392768.9740763204,6012915.653719306],[392883.8552585691,6012845.579711581],[392835.5250025429,6012722.440830659],[392899.31882810406,6012657.921932131],[392979.35601100605,6012743.181039143],[393118.5634234678,6012639.264826911],[393118.8611501446,6012540.445823308],[393045.696699325,6012436.685056049],[393019.01001084596,6012202.97646107],[393073.2112266319,6012179.07081951],[393228.0383203728,6012514.616085168],[393378.3095859783,6012512.870274341],[393606.6650063144,6012647.983074319],[393745.799600143,6013064.63374077],[393650.4714815179,6013277.13236136],[393522.6579439007,6013494.198798092],[393379.51676740684,6013385.63332855],[393358.1049785586,6013195.51138958],[393313.1239949744,6013167.803053014],[393219.29742694274,6013317.665551251],[393101.4383047391,6013402.583175616],[393095.3471782068,6013443.071699362],[393245.8886961946,6013448.8169603795],[393282.5786322132,6013553.849236472],[393219.4270399567,6013636.605727123],[393177.62224029284,6013693.0981458],[393190.2105698362,6013953.068788685],[393374.8424791461,6014089.703797419],[393600.3786795866,6014144.111746229],[393764.41222754214,6014006.299581336],[393934.32484379783,6013778.739140725],[394166.1302227443,6013339.628568672],[394304.737923353,6013111.15122853],[394409.05603692494,6012946.164061023],[394675.94891568366,6013138.452312307],[395144.02386410814,6013525.574263122],[395167.7782767089,6013990.287416587],[395391.0574719664,6014195.12517276],[395549.0750353951,6014200.614745602],[395628.8844493907,6014065.744964734],[395795.7064915849,6014122.458326986],[395923.23089670483,6014099.500570178],[395937.94179646205,6014205.3263465315],[396057.972353206,6014175.367861928],[396244.2256190069,6013850.167370304],[396470.6908081332,6013508.559846319],[396649.37541404646,6013381.262837822],[396934.7476110002,6012942.534413811],[397268.61283219047,6012109.613488652],[397322.82485031616,6011348.75560157],[397253.07551409863,6011134.81021823],[397066.44807460904,6010833.386455171],[396842.0229264647,6010603.075400343],[396303.55998799484,6010413.005190114],[396018.57260809187,6010224.830795532],[395694.312012475,6009972.502767755],[395372.1693638358,6009565.749559589],[395267.7717930963,6009305.479393901],[395196.33436578605,6009329.985583132],[395122.36914877687,6009446.8881458305],[395020.29961767513,6009776.155299552],[394881.93085785955,6009990.110237399],[394628.882650028,6010222.332689032],[393547.7999740541,6010553.564130884],[393098.51151872054,6010803.880016662],[392737.87643277366,6010871.446516102],[391502.6225628955,6011200.542269152],[391236.3877760507,6011341.910036288],[391070.9319027234,6011431.989414902],[390924.00657730363,6011422.365320671],[390756.3326640697,6011241.360888179],[390558.5048524169,6011457.145895043],[390371.93010445964,6011644.7649647705],[390229.4907475775,6011727.786601171],[390013.1776087098,6012224.133748792],[389762.17006426025,6012486.057811741],[389422.48320763465,6012629.759634439],[388981.2064730637,6012586.629156271],[388797.9060731949,6012695.837985463],[388681.7062279694,6012835.481448973],[388684.2196725346,6013007.753731294],[388832.76821525395,6013171.167709338],[388917.05431008525,6013270.78811699],[388953.8597858995,6013064.129033238],[389181.1789711369,6012854.561332762],[389689.42221943196,6012609.408463299],[389791.6179633057,6012598.603497576],[390032.4893133445,6012461.86342971],[390255.16265603993,6012219.442144206],[390449.17514164746,6012073.080069851],[390599.04251891375,6012052.337137766],[390787.6902903067,6012453.746242953],[390743.5611282885,6012866.049421519],[390929.9679491073,6013061.148130951],[391047.6912368275,6013287.934031524],[391009.2717165258,6013656.00567816],[390830.9958548052,6013801.576117761],[390812.16083883494,6013992.838549122],[390850.2846490862,6014453.534167392],[391078.6092163101,6014581.13419177],[391153.80313381273,6014743.36788917],[391291.7828146238,6014812.094654838],[391421.5168604804,6014745.029691108],[391565.4242742853,6014875.835778404],[391577.6588058146,6015018.246014556],[391609.1108626686,6015288.56257806],[391735.02308225725,6015427.24970931],[391756.9711482767,6015532.803374771],[391781.50943909306,6015605.236602811],[391666.9766190797,6015792.353656117],[391494.4358273344,6015780.116096949],[391430.98657122906,6015646.74341055],[391152.74142957106,6015443.830131572],[391104.30322307907,6015224.386120049],[390965.081908511,6015112.9218270015],[390853.01327750273,6014948.231715299],[390563.73807688523,6014852.0112877],[390036.1675680997,6014544.25074568],[389910.8861043472,6014416.5509298295],[389968.48780244216,6014282.4600078],[390200.1666508615,6014197.566835443],[390233.2295621196,6013998.292418631],[390237.061774523,6013792.784180621],[390218.48772442434,6013683.621390652],[390463.90606176294,6013684.047325855],[390540.91649914626,6013675.860678002],[390627.5885964222,6013636.309190011],[390673.0888597872,6013578.182461478],[390590.2580951005,6013512.780986724],[390246.65251682326,6013436.982260602],[390082.4147563996,6013461.725748142],[389568.98329142854,6013630.246906377],[389081.16397083644,6013636.775532231],[388548.12092025485,6013716.430034369],[388223.90693493374,6013672.972579172],[388108.98151227646,6013533.895456074],[387861.61980215926,6013377.435739635],[387545.9689442739,6013256.615998831],[387340.23788047954,6013139.2254490815],[386663.4625646537,6013393.758506235],[386058.44744132366,6013704.572129916],[385752.5936897686,6013971.905687802],[385556.5846612938,6014362.223499529],[385249.57748379186,6014682.634291925],[384937.5914918063,6014774.341504969],[384752.3619861379,6014821.071087442],[384570.8787011402,6014875.177129077],[383954.53343542013,6015384.265552219],[383908.1383623136,6015631.533351492],[384013.88616580237,6015723.147583092],[384073.9283842761,6015973.9475847],[383995.3841193365,6016038.479742682],[383817.54848120734,6016081.971299531],[383786.8884195499,6015920.44154983],[383826.681565756,6015821.233038122],[383724.4432357671,6015623.187244469],[383765.5316563463,6015431.13598804],[383845.6521602757,6015311.016203396],[383787.09988483693,6015210.250329867],[383599.5847740201,6015112.728998292],[383061.06559433695,6015100.015568931],[382792.5735606868,6015076.375642693],[382713.3631302258,6015222.22898588],[382603.86150620505,6015761.381449498],[382571.6979032038,6016308.58281395],[382599.8866555486,6016700.08502244],[382822.23246875964,6016978.237319134],[383018.27675461676,6017026.423187919],[383056.3403435666,6017278.007429052],[382962.734888616,6017534.441784732],[382863.7838686602,6017853.084141992],[382710.37025911454,6017865.693157041],[382589.924195935,6017987.30818009],[382412.8378096605,6018055.945207339],[382275.2423362229,6018005.463209521],[382132.5335497577,6017801.567668593],[382002.7485123277,6017344.569778873],[381665.23105850164,6017228.042475982],[381633.8684734991,6017067.779772004],[381453.9653637167,6017059.304098213],[381299.65837424994,6017160.742866803],[381046.46191852074,6017195.350377621],[381015.5973998895,6017206.934590595],[380648.50713960454,6017303.814611899],[380330.1586845815,6017106.051385231],[380041.1691012392,6016918.025534101],[379768.42215387896,6016872.50332273],[379203.77599404193,6016455.9738976415],[379152.6028856011,6016351.433256771],[379036.44610282313,6016384.7579580415],[378924.5134563688,6016539.01038279],[378852.2638068767,6016783.682972319],[378881.3506443314,6017402.29674745],[379019.2192447353,6018090.401082601],[379180.7135391012,6018202.079964561],[379337.9448824208,6018291.90044843],[379517.8060616385,6018406.44210884],[379650.19867832307,6018522.892718611],[379759.77837986033,6018716.940033862],[379836.0585827399,6018802.32950047],[380174.55206587724,6018731.956874123],[379888.5158887934,6018943.59067742],[380191.0024834201,6018995.297847973],[380338.4361156067,6019019.41671796],[380514.7547785742,6018925.213074556],[380616.30492983945,6018896.148827411],[380553.9048218047,6018678.197315197],[380528.21403433196,6018572.779782133],[380708.1234377464,6018581.24488486],[380872.9913953217,6018681.796756318],[380928.2528565349,6018588.318141],[381032.13161528204,6018518.65241598],[381071.50343344826,6018385.20723466],[381245.86988504976,6018299.563796941],[381368.1110000033,6018268.534011371],[381473.18083695695,6018132.780673042],[381502.7210803963,6018032.939892143],[381637.61959482916,6018006.210484382],[381747.3871984286,6018104.941468045],[381877.9612611085,6018276.48529507],[381908.80539135076,6018429.259715354],[381838.74935107585,6018622.324008189],[381567.5127986409,6018885.445524462],[381372.44760072697,6019101.8850508],[381153.20984149724,6019363.945978705],[380870.3091566488,6019550.687902631],[380614.40178257506,6019543.609554967],[380090.2439715229,6019684.240987541],[379592.8541427944,6019925.255862983],[379372.1404313464,6020116.319798831],[379219.407728401,6020184.18436623],[379041.9026450021,6020523.837019604],[378969.6825933438,6020661.943017762],[378788.3341257805,6020507.141407657],[378624.41936943587,6020662.908622485],[378498.4542836752,6020771.047640286],[378794.82877244987,6021021.294163674],[378737.89867972117,6021182.957863821],[378408.6329737734,6021499.548802743],[378052.3868500041,6021787.128024757],[377927.44222505484,6021776.736632803],[377610.6416338682,6021945.402646985],[377421.8750904696,6022105.843938481],[377418.6678299913,6022744.0920557305],[377452.0731172012,6023285.506862659],[377578.34895325825,6023592.282612909],[377780.0125759961,6023865.661188813],[377956.201099813,6024276.014802301],[378045.7663087081,6024848.738496169],[378039.8057621103,6025402.534925751],[378087.91338301264,6025734.308831723],[378225.38310459163,6026103.486848639],[378409.0332187377,6026427.026050175],[378743.11875180714,6026616.975294223],[379340.79873437434,6026654.613674516],[379524.289898335,6026765.533191722],[379688.8018221501,6026748.777452791],[379855.6208166862,6026805.24130341],[380106.28600117285,6026734.208151557],[380288.3673126921,6026804.910883961],[380649.0570128411,6026660.735665802],[380833.1029447485,6026551.256208053],[380981.62846489064,6026391.976568168],[381212.88317390997,6026402.152318703],[381182.66552854516,6026274.884534959],[381310.66809802316,6026365.717817567],[381420.055503292,6026453.699610701],[381588.25197109766,6026470.842556721],[381922.4182041995,6026663.29864865],[382119.75550522935,6026755.468428861],[382628.88517243415,6026828.993157392],[382881.1103384653,6026823.935087813],[383053.8077910198,6026726.350100983],[383198.85079188086,6026574.695059171],[383058.5826044874,6026447.5265369825],[383235.8356149066,6026272.728726104],[383558.2645182321,6026264.960989473],[383832.3785007568,6026241.884195033],[384010.94347539824,6026297.93651285],[384117.1008393187,6026314.993418163],[384080.60604825895,6026008.338007737],[384174.65639041737,6025972.029377557],[384273.89759816416,6025869.502116801],[384409.70091980044,6025875.759695193],[384455.75325251,6025955.204092188],[384556.5413792562,6026090.771999324],[384686.50139486324,6026137.513562914],[384806.28034411557,6026107.566465851],[384996.0278329458,6026082.676362811],[385266.59584586695,6026058.463655351],[385395.9208455961,6026086.97328941],[385543.94316416234,6026192.371287782],[385609.7847908009,6026294.1354401],[385501.7350506624,6026387.717192842],[385438.7168818461,6026596.039535886],[385436.9132528445,6026845.254296511],[385507.5700055491,6026977.623587672],[385794.67862477526,6027004.356216252],[386004.13023459446,6027027.819923373],[386264.12969341595,6027044.756390348],[386590.39512406103,6027168.44523894],[386851.61945132725,6027249.382468967],[387033.38209737465,6027309.119253634],[387045.74717619736,6027448.021799769],[387114.31834762264,6027522.621707773],[387057.05362565536,6027773.777541554],[386769.22627773695,6027934.170474019],[386533.6988318153,6027923.133646812],[386321.9070785511,6027825.222139703],[386356.49537810497,6027662.654990733],[386051.10593085084,6027742.868202383],[385743.1307109501,6027841.9300577175],[385608.5738031771,6027978.706319561],[385557.6743641291,6028108.214522371],[385531.43835961353,6028212.538330369],[385495.8273941027,6028525.224196702],[385433.91109620035,6028743.518895913],[385213.70754021127,6028949.331044961],[385119.5466506276,6029297.326050235],[385121.25219274126,6029553.922607914],[385159.7250096323,6029710.179796495],[385390.1633430207,6029797.437511256],[385542.4959030878,6029854.41995972],[385646.6304209726,6029792.253206797],[385993.5646336414,6029963.236359779],[386041.3736956371,6030071.385402491],[386145.5517418552,6029910.146558283],[386222.0452220058,6029786.64782487],[386303.4239941351,6029703.004496664],[386498.87858308386,6029633.884055011],[386612.14147660695,6029725.238293951],[386683.0955555802,6029865.851500241],[386736.9641052922,6030026.07084357],[386569.7623666618,6030302.331441067],[386158.34965461213,6030276.43745615],[385934.00086974725,6030155.943126643],[385948.2729061926,6030034.602801131],[385783.5477621639,6029937.79416584],[385544.9309735894,6029931.373361951],[385395.96126278024,6029863.272066623],[385266.08998962026,6029926.595095431],[385390.3867934169,6030226.433603212],[385520.43883507047,6030383.23889612],[385514.16253998596,6030203.854197154],[385604.54055005964,6030270.241987139],[385579.342491894,6030601.0781214405],[385457.07347353175,6030667.636168558],[385474.97783901356,6030865.125655729],[385292.18565633986,6030988.826698309],[385169.84390143957,6030945.322907278],[385086.847672482,6030882.436876491],[385229.93151681684,6030781.889015062],[385249.8772606943,6030722.66043479],[385409.39673507493,6030562.983533405],[385349.27524159383,6030524.806011727],[385271.13464398775,6030572.310308343],[385044.47758924495,6030772.342379615],[384601.1765950369,6030943.420729058],[384470.4435459301,6031144.592950769],[384373.37851728406,6031347.116171252],[384228.14581884537,6031597.84350119],[384187.60830205027,6031801.125975443],[384041.4959353227,6032440.38612384],[384053.54333233275,6032784.675406601],[383990.4912654422,6032867.662781497],[383875.6282898905,6032831.405213259],[383782.22187674604,6032885.946940139],[383682.39158740826,6032863.9083186295],[383598.9035738427,6032679.703831533],[383451.14982067235,6032567.292151725],[383320.8657209072,6032410.993788512],[382798.7540545352,6032230.872270353],[382099.09447073843,6032145.516191021],[381603.4719779305,6032229.12962725],[381429.33648450114,6032385.533235781],[381118.4342716634,6032301.075209152],[381037.24704814237,6032182.823569361],[380841.4540600041,6032134.617451543],[380606.6303671701,6032029.247209681],[380484.2137941569,6031890.427389532],[380132.89485621266,6032009.013990784],[379986.1459302725,6032212.254687369],[380005.03618332837,6032545.299644215],[379980.88237747364,6032799.05211083],[380061.40457911603,6032898.795726147],[380268.79456151277,6033063.901179973],[380508.11524366867,6033298.1978252195],[380724.91170438565,6033560.79170295],[380808.2300076904,6033869.321884347],[380844.4293703558,6034110.70325524],[380960.5277186977,6034362.30708416],[381000.2773328824,6034612.322145045],[381177.2704833355,6034924.086943418],[381271.21145781036,6035085.65502204],[381297.4566118438,6035385.921993921],[381395.53573600017,6035522.5823316295],[381498.83757162094,6035407.907791803],[381636.4904395677,6035431.117415782],[381714.5507962117,6035438.647735909],[381878.7158223018,6035526.471959271],[382039.360320691,6035663.949650962],[382106.5002247952,6035595.573111029],[382309.93908081856,6035647.2458788585],[382429.4514981033,6035602.55389107],[382662.4906396689,6035663.958169961],[382828.0252979044,6035690.69157448],[382849.1591806859,6035551.120467771],[382875.39321345,6035413.869825769],[382826.0656190906,6035104.658668704],[382950.151194307,6034983.003786253],[383097.10813548137,6034886.066011108],[383318.0980020622,6034867.5817218125],[383440.24110658746,6035084.203512693],[383602.14145519957,6035393.483878352],[383627.8593582781,6035650.00323076],[383541.76038350165,6035877.90689869],[383672.27886330336,6035983.902979093],[383673.57710537314,6036143.210557472],[383804.676705583,6036265.454391241],[383872.28489443567,6036303.120515302],[383913.2186715612,6036286.181628384],[383861.4656864619,6036136.653690625],[384009.9135658499,6036168.237242],[384129.9136873614,6036209.077185763],[384247.77237282414,6036074.136724774],[384509.8289748654,6036085.490822412],[384643.4900218593,6036166.627700012],[384808.5403873371,6036208.1378089115],[384844.3274904145,6036294.443533024],[384864.421871718,6036404.308766743],[384784.1390168043,6036447.888534538],[384874.9395662332,6036583.795933284],[384950.2445470961,6036634.198834093],[385120.226011429,6036587.738994487],[385294.71928340197,6036663.195571391],[385474.3173110718,6036419.775239723],[385743.90902293473,6036410.353870027],[385774.2616774654,6036577.1503514685],[385879.5817690408,6036663.278428713],[386002.0025555566,6036773.58101478],[386158.15601425804,6036682.324375832],[386304.16491347365,6036644.206497652],[386475.6995504806,6036527.64611754],[386688.9378716815,6036544.965897579],[386838.1271415502,6036640.819830872],[386914.2704246389,6036736.720888952],[386877.52810955606,6036787.784069998],[386817.93629649933,6036807.626095099],[386665.4221087117,6036745.410863632],[386529.2392403092,6036713.8943782095],[386415.4854747215,6036787.41295881],[386485.9726761179,6036936.288661057],[386356.872389568,6036985.826296009],[386206.8556249747,6036995.066686681],[385973.6931123063,6036901.404380489],[385929.7192511689,6036816.881236002],[385810.6010999922,6036801.277719216],[385819.1092544906,6036923.051337732],[385703.3046237305,6037002.3948273435],[385552.6052097697,6036992.147918871],[385366.91366712376,6036975.620849561],[385362.89466465544,6037061.060701221],[385535.16270411666,6037108.816686016],[385701.4147555968,6037070.233947603],[385821.0344503587,6037221.658164827],[385992.14488386083,6037321.99159896],[386093.35996325035,6037526.83509692],[386215.88094803505,6037518.566460812],[386352.3873608727,6037566.587994393],[386534.4256000733,6037507.200822001],[386686.44062588457,6037411.836038234],[386811.6871592328,6037366.68475046],[386861.98115391284,6037638.846091617],[387051.56624961086,6037566.67610665],[387157.0387187479,6037657.052914079],[387397.4427198088,6037786.24776244],[387709.9570162436,6037967.451555269],[387785.7425794946,6038053.108857367],[387802.1903847391,6038173.112605192],[387929.4669128284,6038307.748069771],[387615.1615774911,6038369.0229587555],[387465.3948185276,6038292.441393986],[387354.22491456755,6038267.805875229],[387185.39553316776,6038118.109522393],[387095.1709468197,6038227.573198648],[387091.4014447881,6038820.562547769],[387004.998545371,6039040.467517313],[386885.37284361385,6039003.622834362],[386711.58361749444,6039062.974466942],[386612.6821003258,6039160.47685804],[386423.7870993279,6039138.303928889],[386217.6969174668,6039089.214029051],[386036.47002619784,6038935.442073554],[385841.9909573719,6038738.862553291],[385732.45259157475,6038668.139936842],[385576.861293721,6038732.611637188],[385348.57268750947,6038885.922187349],[385183.73385865893,6039108.3127684705],[385119.3031948218,6039834.258880265],[385171.39155897126,6039922.242234265],[385150.75916897226,6040033.526293181],[385258.2234961912,6040066.539863989],[385260.11471698526,6040242.33937528],[385307.64795715176,6040428.79337758],[385329.90496932995,6040880.03844304],[385332.03357400466,6041012.54838478],[385528.3142139986,6041060.223824322],[385600.6078432873,6041088.971387887],[385607.7454112321,6041178.777817078],[385569.1585296402,6041241.413330061],[385505.2693393715,6041288.670928426],[385464.72387604974,6041416.917647846],[385635.6779644871,6041513.005055979],[385553.2687255591,6041724.516709691],[385486.1630195156,6041780.133429291],[385303.7675406663,6041843.534802232],[384966.68794962484,6041789.76321204],[384441.7265227046,6041628.253822377],[384069.4836381143,6041506.172715604],[383958.8907077685,6041383.443719592],[383670.50414584484,6041319.968173351],[383529.74511999544,6041064.4754698165],[383317.898450912,6041058.120014671],[383150.2563491259,6041178.550697222],[382924.35811269935,6041264.471656535],[382473.3438311219,6041293.482848253],[382198.73265091795,6041330.840269702],[381746.3982003536,6041493.738406712],[381556.79676285107,6041565.896028515],[381344.34683263116,6042043.596672254],[381221.3301352747,6042145.946829788],[381045.4307488473,6042266.6623893995],[381145.5016044639,6042782.225968007],[381169.8490459332,6043014.5221618265],[381104.40622939076,6043711.73349352],[380960.5909445286,6044471.713254688],[380929.9850196596,6044641.134592971],[380638.33356846217,6045236.66448538],[380211.196241579,6045447.714956565],[380008.5883921832,6045390.741048165],[379784.5051919501,6045342.0387325995],[379658.1412918214,6045240.886651723],[379645.37289474346,6045319.380078409],[379831.2336615622,6045641.332865182],[379977.24516138434,6045947.438012952],[380169.0018050773,6045901.465482917],[380445.111900785,6045856.796078812],[381652.8070123866,6045762.308696773],[382321.43253479525,6045897.570858402],[382833.55789221264,6046038.946240507],[383730.53056467045,6046183.836735386],[384439.00181704387,6046228.141247863],[384913.7387405848,6046355.397876011],[385324.5764364721,6046522.661739811],[385624.4112331001,6046562.978697533],[385944.398772724,6046592.8222800605],[386168.86839232035,6046580.730930619],[386313.49989223946,6046510.388537051],[386337.69678364694,6046615.859093111],[386422.90223196615,6046749.21873471],[386480.22522894666,6046757.473219393],[386535.966034228,6046670.227202471],[386530.85067502316,6046423.50297115],[386697.38062390033,6046378.405408092],[386788.74293907173,6046415.74248489],[386970.9147024853,6046360.350878933],[387173.8972941069,6046320.495422969],[387263.7086939942,6046148.759228675],[387379.00234019756,6045990.38822625],[387573.99201680534,6045836.482913362],[387682.74952101987,6045906.241488311],[387964.682797458,6045663.247492483],[388181.34501049854,6045549.36616474],[388401.8230481576,6045423.097895684],[388507.9224115722,6045352.3516461775],[388676.40336818434,6045327.455974551],[388908.54746180587,6045298.846840987],[389130.3081663288,6045323.869595639],[389231.63615670055,6045181.245135071],[389343.54457540344,6045112.043728288],[389340.1385615133,6045014.104696836],[389435.13493335154,6044733.36532609],[389639.79509408865,6044648.4210437015],[389690.779807142,6044625.381370919],[389674.1172725279,6044384.817301549],[389620.4299633736,6044251.604809163],[389448.22322902083,6044241.355199592],[389377.7377055455,6044092.475002542],[389358.93175837863,6043905.01687701],[389348.84402234387,6043737.7747639585],[389324.8999022618,6043403.40462962],[389183.2456507776,6043322.54892966],[389134.27456740756,6043209.692451712],[389160.49099207483,6042914.600331251],[389485.8621791741,6042862.195365209],[389657.22655209154,6042733.641740473],[389800.15114094317,6042614.0922594],[389855.773517333,6042444.550046962],[389947.7541804202,6042277.732133303],[390003.12567004375,6042115.698123079],[390085.610303347,6042042.275596455],[390262.161199403,6042033.609225022],[390495.11631008796,6042135.790279763],[390663.403846561,6042391.563805502],[390556.78031235375,6042511.617037866],[390387.266184696,6042564.315097811],[390357.65601697005,6042647.64860131],[390413.47663463093,6042727.497956794],[390476.2587874988,6042727.308592023],[390533.4753454961,6042653.76787205],[390700.4048666861,6042627.417820349],[390708.6823074501,6042864.2761849705],[390745.2842094656,6042981.576057881],[390743.93538189586,6043257.789968522],[390618.8998350529,6043337.703662736],[390447.5432016682,6043351.938570572],[390247.1279183831,6043465.258030051],[390175.99028038327,6043655.859762739],[390287.0080003999,6043905.384829512],[390395.78587759845,6044212.275521433],[390474.5747266803,6044570.2449817695],[390495.87707994785,6044850.922931498],[390427.4146744143,6044881.83305878],[390359.0988110099,6044916.983996127],[390315.84188881144,6045082.092902979],[390316.85679699667,6045462.288482869],[390252.21330717485,6045709.94874111],[390166.9730252549,6045847.75692763],[390011.50282190926,6045922.975054979],[389859.65174573846,6046037.344251711],[389837.4716293756,6046147.185238762],[390044.7512039235,6046559.43981372],[390207.86022324115,6046660.052485483],[390616.6793324286,6047049.290820446],[391349.1575431386,6047659.0991783235],[391711.0439754389,6048021.938240958],[392147.91517865006,6048239.821179291],[392249.8871735167,6048323.31879222],[392504.4332689615,6048255.898072416],[392742.60485118814,6048406.922894049],[392945.86650019605,6048604.196436178],[392964.368440724,6048783.4208570905],[393345.76851803623,6049224.872286862],[393647.48939142097,6049390.69339397],[393965.8853354519,6049353.564241491],[394252.39512922056,6049241.251601091],[394583.0995180784,6049119.379835982],[394632.55555657204,6048909.772116344],[394493.22938456014,6048766.800355183],[394309.9029563442,6048438.245288305]]],[[[380255.1663541021,6052194.037855962],[380304.61873959843,6051855.106806902],[380351.08972599264,6051301.51783186],[380447.42949381005,6050925.626690192],[380538.00578146894,6050510.33577596],[380663.696085209,6050221.31310554],[380769.9609041931,6049994.229620403],[380840.7156552188,6049886.490534652],[380934.06797103677,6049681.54355531],[380837.7602056917,6049553.764942452],[380740.18765517697,6049394.988680396],[380795.52074600756,6049103.847465038],[380880.02907008026,6048886.207487723],[380839.781844561,6048738.574573763],[380798.8620377006,6048691.722876953],[380678.0259701023,6049002.892670153],[380635.6692243833,6049289.095764363],[380502.1741622137,6049081.019634582],[380495.2625227049,6049234.10410225],[380538.1673465129,6049409.713722121],[380538.36472536344,6049515.77429189],[380544.02301693615,6049677.675446022],[380525.4085021438,6049746.364077678],[380485.02281056996,6049814.815216562],[380540.4044762617,6049975.222252304],[380429.5400083428,6050152.957525602],[380352.8661424089,6050400.0339171905],[380269.88306405395,6050638.079749551],[380332.3578993054,6050887.54678482],[380276.699769781,6051198.933204418],[380235.6148574734,6051376.467255283],[380178.2734796079,6051310.1815506],[380212.6913572466,6051070.83458028],[380200.96512635425,6050735.039262399],[380109.22270729765,6050499.854577074],[380202.7409928059,6049747.37913752],[380192.97072044946,6049130.341650099],[380105.7538384404,6048939.770328613],[379937.58133031055,6049138.257635534],[380053.4963591285,6049327.067751501],[380019.13104302157,6049718.266644221],[379908.6730951788,6049907.49517649],[379797.85049759503,6050336.87289872],[379628.3717465261,6050462.621827932],[379436.0427180659,6050707.234271841],[379761.8600171823,6050853.921254871],[379773.292644755,6051009.368255779],[379887.67520860676,6051197.2396683],[379857.6143130455,6051533.512251709],[379917.32782821916,6051710.282152975],[379875.0313891992,6051724.016644092],[379806.33040259965,6051683.639677381],[379623.1446213424,6051423.625906825],[379223.45333756413,6051017.090368066],[379103.41594436206,6050845.913887586],[378992.94826937,6050612.37371818],[378876.74199289735,6050372.036181083],[378788.6502352236,6050234.776764043],[378836.6818030458,6050106.0109177865],[378635.7677289741,6050126.292034332],[378384.2200449081,6050150.836871088],[378123.1625093194,6050196.725601865],[377972.0894491058,6050197.2538347505],[377897.3481586538,6050055.5226354],[377870.6220998317,6049920.622578619],[377880.9572107922,6049836.96519991],[377968.4708537916,6049706.834327271],[378017.13919879124,6049481.747730782],[378153.7916449448,6049376.160836367],[378279.0554527249,6049238.201109365],[378322.42682890873,6049190.660093963],[378299.61631383,6049160.6955542695],[378224.0971243689,6049132.822934641],[378196.79670094606,6049103.014205871],[378416.8565291809,6049007.754654951],[378367.812913239,6048978.695006873],[378152.88540017325,6048977.453017902],[377991.6492223637,6048873.522750722],[377802.2895874949,6048845.116548622],[377875.442844498,6048562.129148414],[377813.237353201,6048406.705105713],[377688.42823563516,6048349.534350941],[377977.50672848616,6047967.199929733],[378055.5895889262,6047688.56106667],[378121.9082636414,6047331.275920881],[378181.01651451644,6047125.585670723],[378177.51897624973,6046667.681372369],[378205.33067018166,6046460.834004138],[378000.7556029605,6045989.434573263],[377948.65240536723,6045722.34024198],[377992.7564325044,6045409.360374747],[378101.653519853,6045203.934781492],[378154.89874699526,6045016.710842349],[377979.3671423979,6044882.763026023],[377702.75272715185,6044612.001682451],[377479.8554338766,6044368.126069641],[377378.7535547316,6044273.847042117],[377374.0682973005,6044139.678823592],[377284.77837431896,6044061.25033628],[377173.207084517,6044003.860439736],[377020.17287757434,6043976.9304537065],[376582.07200140134,6043888.682380412],[376549.4661773704,6043714.455181401],[376629.6118381964,6043624.09673783],[376656.22444274183,6043504.848354999],[376634.91448067315,6043396.025271291],[376518.5793672893,6043080.39314043],[376529.3424080275,6042887.148549961],[376537.78183019813,6042763.526485566],[376479.80508510116,6042722.275267696],[376415.20524593163,6042877.874752089],[376307.4535985794,6042929.91561475],[376145.70018235873,6042939.820892377],[376015.45876284875,6042970.889754459],[375981.6651892634,6042884.2663823515],[376037.82906813733,6042737.716126744],[376208.22812628,6042731.762204114],[376252.7794759879,6042625.143788729],[376272.47409780417,6042558.66483734],[376252.2368405843,6042480.571736917],[376174.0469205398,6042505.066711504],[376091.9120178325,6042538.452055706],[375957.93264555465,6042591.415010411],[375844.27754489146,6042345.732815156],[375795.9733049264,6042216.086230861],[375836.709586096,6042000.03080336],[375764.8848923668,6041827.181192167],[375657.629557739,6041642.562097961],[375692.85361790843,6041268.854752043],[375655.8652048968,6041126.557734793],[375516.793607085,6040990.82858102],[375386.2747423658,6040928.095408369],[375242.7441870868,6040929.6078774],[375194.58618440386,6040804.215297651],[375218.5903090527,6040610.509102281],[375187.7572970567,6040357.681409828],[375217.28624626994,6040071.727773381],[375242.8782089958,6039930.746572729],[375076.4193360461,6039927.561013732],[375253.7831341401,6039741.743079901],[375246.13895562664,6039523.127128439],[375330.77908054646,6039432.370383194],[375352.0983068701,6039168.719233291],[375360.05481351074,6039023.849761169],[375321.8718523672,6038933.3753611],[375199.65496429335,6038950.657766864],[375144.58527659904,6038878.040473653],[375171.9619597113,6038780.78925886],[375389.2593628755,6038606.585413741],[375394.48802419193,6038505.588616181],[375323.6153087113,6038481.797741333],[375080.50759280566,6038547.334251113],[375216.19656461105,6038292.931335906],[375172.8560494259,6038176.371771293],[375078.6127662854,6037741.398867756],[375123.2886801902,6037516.449355951],[375101.67893512454,6037398.884471528],[374784.3084479971,6037593.8475932125],[375010.41666900367,6037292.499597242],[374858.3637700267,6037078.683589868],[374871.4886172153,6036824.068867952],[374794.09485896584,6036620.895017229],[374630.2709807893,6036442.504055429],[374644.87242191005,6036358.940148719],[374617.67904153373,6036210.797034314],[374590.77407016885,6036163.955796318],[374474.64032940194,6036255.321210939],[374351.10565776564,6036478.527827878],[374385.2249316564,6036832.294076325],[374395.91849130765,6037138.60225437],[374353.41491802223,6037547.586191889],[374318.8873609416,6038070.362086551],[374383.46084512305,6038536.891882686],[374499.3332121549,6038975.364032494],[374594.5537905339,6039309.49152139],[374726.3246832527,6040067.10419387],[374861.3141380567,6040544.434173491],[374990.58631758485,6040986.943682149],[375189.7799896002,6041540.578114055],[375353.4175965255,6041964.37786847],[375558.81851267535,6042452.258499732],[375685.0748864999,6042794.061412182],[375794.2519973852,6043162.72761937],[375899.51615241263,6043662.606133211],[375979.4082569862,6043944.487712637],[376127.8135220334,6044684.2547097],[376161.57099210564,6045020.284068234],[376278.1796697695,6045222.340652261],[376686.2397587113,6046119.392245276],[376832.57715135533,6046534.789688412],[376959.275705033,6047025.417740313],[377085.37520746794,6047498.801422112],[377195.2762644896,6048138.8513449],[377266.24399114586,6048666.696761394],[377351.4829282174,6049473.965315748],[377278.95479020476,6049639.598639661],[377290.2535022637,6049963.151419917],[377289.6985345138,6050212.325409105],[377295.50050426554,6050378.477183111],[377308.98483100906,6050513.83712149],[377241.6622974025,6050713.555761173],[377093.55185185093,6050863.325163949],[377237.97885235026,6050987.602642123],[377459.30019994546,6051178.985163422],[377737.2277440252,6051480.4846102],[378230.237198418,6051923.292859569],[378225.28533213586,6051910.458179191],[378322.30195880495,6052059.664967576],[378474.38361656107,6052202.690141363],[378531.6971032005,6052267.979702175],[378658.6609053742,6052272.05913792],[379022.1837692596,6052395.183114719],[379258.1141314097,6052496.509226229],[379525.55977137387,6052504.686703568],[379719.0649686586,6052401.366933586],[379997.9214193318,6052356.367078759],[380174.8697176352,6052280.1433335915],[380255.1663541021,6052194.037855962]]],[[[398856.41910147574,6060701.8049766645],[399156.23994000815,6060254.565319639],[399276.0015378576,6060037.998770537],[399271.62536649685,6059876.801732933],[399147.7453031931,6059746.295583991],[399023.85651501827,6059615.539587308],[398865.68130805716,6059233.572669392],[398892.2659999486,6058777.612240311],[398859.27129924577,6058706.228710648],[398801.47206980735,6058455.09378029],[398679.1394616952,6058218.468981313],[398453.4896736387,6058003.21291716],[398239.23215130996,6057813.324722098],[397982.0658778297,6057734.251526387],[397802.4102939181,6057646.968245201],[397260.34228451736,6057582.847085053],[396924.4906370975,6057485.508842662],[396723.806599034,6057383.45044335],[396409.4164758343,6057306.125396121],[396222.8272650065,6057185.064676112],[395930.3993249014,6056976.88714434],[395705.6196402814,6056614.765627781],[395591.21127305087,6056297.3187103495],[395332.3989358833,6055705.487700947],[395241.3869068548,6055377.213999491],[395233.63998287264,6054940.468309572],[395285.04787419084,6054306.53891764],[395500.68035231065,6053189.084563592],[395570.7080095196,6052937.986799253],[395655.81122424547,6052595.554613963],[395865.6662654765,6052136.452779932],[396000.99388782494,6051706.472432826],[396262.697145395,6051170.508174663],[396496.3796575442,6050705.834074132],[396847.5476704864,6050231.784973256],[397102.2892110022,6049940.711004464],[397324.235781244,6049684.56304175],[397702.79528649803,6049292.8556591645],[398029.6928142449,6048990.5129209645],[398470.596246494,6048679.185961081],[398973.7487196773,6048438.48075499],[399711.12805014383,6048250.138032373],[400389.98445472866,6048098.097470431],[400714.6448862385,6048118.527435983],[400975.3912790697,6048214.232649919],[401014.9930496933,6048366.9455909],[400861.250688619,6048620.231779467],[401169.798577711,6048551.907623729],[401494.99261167366,6048401.472928697],[401803.6725055557,6048415.45261796],[401953.8221481303,6048316.905554762],[402467.1473174235,6048281.459895773],[402764.96305720136,6048471.424572794],[402941.6604800243,6048495.52115849],[403132.63389841653,6048555.908095885],[403502.73060414195,6048409.149443481],[403771.1828131629,6048460.320492914],[404233.41213725135,6048558.993368832],[404987.46252899617,6048740.78220156],[405394.0389200272,6048871.926322732],[405751.09900287446,6048939.0083559565],[406218.54425605945,6049094.039192449],[406358.77624095883,6049105.4020887315],[406638.53825111315,6049079.372678984],[406830.7385590179,6049088.920801444],[406981.9606799567,6049171.4434961025],[407267.79281436466,6049254.768858051],[407518.4471792476,6049297.7973586675],[407762.7728578914,6049310.027966011],[407923.4961603172,6049313.665874131],[408241.0031695049,6049337.098209912],[408593.42206590995,6049393.08139755],[408964.2782991696,6049482.694466539],[409417.8970560031,6049492.623027392],[409964.5964318244,6049481.782332571],[410436.7061396856,6049533.831879536],[410829.1163505744,6049502.886591239],[411334.54397481866,6049527.763234459],[411786.97317721415,6049503.453960143],[412005.55700746924,6049401.76436699],[412300.0199071327,6049180.601484418],[412586.150867817,6048885.689655667],[412967.33054642007,6048669.251178203],[413411.31385925226,6048446.120458821],[413718.79371128604,6048025.12126554],[413917.6685490431,6047838.581937095],[414255.4742392013,6047476.073157692],[414451.05504075903,6047195.5764014125],[414577.57880337816,6046900.475338507],[414459.80605529994,6046220.675134821],[414464.98883153684,6045638.89583743],[414652.5940774856,6044922.403850988],[414533.65504142456,6044174.351616761],[414557.96351853013,6043845.800572218],[414421.51965759695,6043513.10972804],[414158.7305742623,6043086.771220902],[413888.14701523725,6042508.862404482],[413801.4009157978,6042310.016959263],[413503.07015760057,6042098.048323136],[413225.30335266516,6041966.164717928],[412924.11469660513,6041815.584320921],[412769.63344242424,6041668.3859697115],[412622.19473264087,6041608.244870121],[412512.64166643005,6041594.30972808],[412232.55681474786,6041453.498770211],[411416.841244543,6040838.342096241],[411167.0133439442,6040675.7118943],[410834.66350235045,6040370.624885762],[410392.04517604224,6040188.711225666],[410033.5335230017,6040029.876344029],[409788.40590962954,6039700.980820106],[409542.5485592922,6039200.75639466],[409448.2012825124,6039027.693641985],[409319.69630890246,6038899.353074823],[409139.25563040376,6038783.843389541],[409120.766164585,6038626.6586573515],[409238.8668548772,6038510.43795193],[409381.2456492847,6038281.661797363],[409424.4582782071,6038197.743794512],[409367.7652319493,6038100.571789773],[409212.6890019411,6038036.943781033],[409047.30283037573,6038278.391675262],[408863.0659881048,6038215.822941542],[408680.6849108543,6038460.38398735],[408425.8600561172,6038297.9282829],[408058.8472231664,6038046.083428979],[407724.4327600412,6037689.036822278],[407634.2692899471,6037554.459029781],[407639.5976718012,6037550.788766518],[407592.1935454905,6037572.029496653],[406738.3381854035,6037407.240009187],[406308.7138885781,6037497.053473633],[406035.32806690875,6037362.269321058],[405928.32550560124,6037435.556099359],[405854.2218791852,6037483.672265852],[405701.3551069442,6037583.572147891],[405648.83994206786,6037612.418420773],[405399.25092461146,6037635.918953113],[405339.5235319929,6037661.509289075],[404952.4208785603,6037837.36999945],[404551.77224359196,6037918.902102321],[404568.4713881826,6038244.2590289805],[404824.9953849837,6038224.861289181],[405266.514402085,6038190.600570075],[405206.95582402125,6038719.510411959],[405220.48442552704,6038999.200138861],[405493.06273564044,6039154.261151509],[404980.6503058253,6039359.061738703],[404803.42466962524,6039549.346324483],[404667.3145191595,6039541.338719914],[404529.9320620494,6039604.42851487],[404704.14271462336,6039836.482907601],[404975.4553045733,6040055.906270301],[405179.4198294217,6040058.540434791],[405370.8736861767,6039982.316631384],[405602.8317689579,6039776.342286801],[405715.96549152676,6039607.042197928],[405795.5026689628,6039609.268784013],[405875.2626236472,6039648.49682612],[405852.0806183759,6039378.40331527],[405968.731296096,6039294.784229154],[406153.1993696941,6039169.024815999],[406426.7489543874,6039254.976969767],[406958.49124355335,6039996.08489066],[406610.1112992894,6040097.138361512],[406660.0460584676,6040839.287473969],[406542.06186655816,6041020.524316145],[406497.42196133453,6041303.258341089],[406079.38994053286,6041560.547536103],[405743.368302498,6041350.657097351],[405226.4994218629,6041026.987955861],[405064.6686923485,6040977.355532134],[404945.8203811841,6040840.90742776],[404763.0023731068,6040562.87158856],[404390.97371749394,6040741.078391232],[404277.6141336113,6040961.05568352],[403919.076339473,6040966.853430623],[403837.57724627573,6041140.045680221],[403761.6564417146,6041229.13456515],[403785.3564862702,6041265.687400602],[403812.4336769907,6041596.944212988],[403859.34956533555,6041901.742547],[403731.2047048183,6042243.673032951],[403755.05954974145,6042432.451788448],[403670.2688774122,6042583.256527768],[403612.1162636904,6042844.945438512],[403595.70253007486,6042905.059162492],[403615.7175326152,6042983.913902],[403582.1559795132,6043032.8555070795],[403565.82287670765,6043087.955599731],[403561.7272488773,6043142.631147612],[403571.9568090532,6043263.599255921],[403630.4506840762,6043376.877781043],[403779.584814799,6043135.022663603],[403821.57600434776,6043291.406124409],[403544.9843820501,6043701.330201834],[403432.8461198164,6044135.755650533],[403297.4802139709,6044607.509558203],[403233.9440877307,6044694.519526379],[403284.9935100982,6045117.487824859],[403173.3507726118,6045388.06087378],[403144.10175677575,6045589.201597551],[403006.8067205716,6045654.781543486],[402955.1586480364,6045565.527580984],[402839.3833802352,6045545.309145968],[402692.3878068533,6045684.025286384],[402571.1646671258,6045894.63191192],[402528.962630786,6046025.684575511],[402556.63312183507,6046137.541249154],[402782.22010249365,6046171.9329711795],[402776.9900548449,6046287.187843954],[402743.1091285208,6046355.661983801],[402629.8159329165,6046492.69110805],[402549.7377027841,6046635.07451042],[402451.0331528252,6046759.852970762],[402530.50544730853,6046814.861477224],[402667.02625483833,6046691.517363073],[402730.8767467914,6046786.346156901],[402573.4092985019,6046961.70943239],[402683.3977036495,6046988.123308733],[402872.62553307414,6046848.193191797],[402984.2637716811,6046721.2184953],[403205.78417459317,6046660.694354329],[403388.4007641999,6046696.59932032],[403549.5885405522,6046606.1723167095],[403663.7741838312,6046702.4925165605],[403720.5023184307,6046808.327204833],[403830.3133714013,6047008.865895528],[403866.9320017211,6047183.443577288],[403826.0935804369,6047317.702420551],[403778.2354692267,6047458.708541669],[403673.53898428567,6047576.684263924],[403616.3238594411,6047578.682260105],[403508.1088514421,6047452.632123077],[403227.5678531481,6047284.561576322],[402879.64507809374,6047292.717777003],[402736.2314468529,6047283.461860681],[402577.35288050957,6047246.735587612],[402417.3710877346,6047185.535061862],[402334.7724143779,6047119.628117159],[402315.84425613284,6047021.729062887],[402369.0054881321,6046910.8061914425],[402354.1668971088,6046786.748478191],[402192.249714911,6046756.130654834],[402072.16497187596,6046734.308258282],[402039.4856794169,6046693.924148222],[402046.54168267734,6046595.117707059],[402149.0053897919,6046448.951345772],[402314.9589788215,6046258.545047544],[402445.8001818871,6046086.86961717],[402378.3118650252,6045895.11169073],[402245.1435621539,6045899.766359571],[402133.5617457507,6046006.7272153925],[401982.29126719665,6046187.868071437],[401833.48636043444,6046096.007928915],[401525.9114919733,6046149.2570546195],[400594.7765384959,6046204.545653999],[400017.67036814615,6046182.923197063],[399645.63670216873,6045966.5259628035],[399498.6232366711,6046040.200738039],[399237.55303827673,6046293.466239063],[399057.7920021806,6046496.863713019],[398790.9309072867,6046885.163572682],[398624.5022326261,6047176.649414992],[398602.7464614529,6047291.478631301],[398448.1930942433,6047629.328274893],[398239.8066585362,6047901.266514042],[397935.5910831094,6048057.972535733],[397542.80296898354,6048128.229851937],[397236.9195981035,6048294.506318759],[397039.5042353943,6048436.482503619],[396894.70043761004,6048451.79541149],[396605.5703113582,6048352.825617632],[396363.2426288994,6048397.810135191],[396212.29021477327,6048537.913645739],[395979.5567414481,6049008.072334802],[395721.1420998294,6049251.49077999],[395585.93006984796,6049484.099690521],[395537.2883226713,6049724.443674071],[395547.06783252675,6049997.523142612],[395599.6435787743,6050456.71836031],[395593.6271735262,6050978.748810902],[395498.1725952672,6051376.323816],[395320.6150397416,6051843.304333953],[394983.6004012814,6052443.42378887],[394844.78227311466,6052787.978009025],[394820.3597194217,6052976.94396125],[394788.7863373123,6053111.374061782],[394551.5838399902,6053095.403138939],[394448.29937476385,6052917.143461794],[394254.66902512126,6052923.909369281],[394099.12706134,6052989.8647436],[393841.7920639459,6052906.053791072],[393707.4096720861,6052775.664239118],[393625.83021998405,6052466.827102862],[393633.716412385,6052155.358223122],[393460.7546081552,6051908.748209801],[393262.92349274736,6051630.481514761],[392662.3704511784,6051281.487281552],[392305.5830536671,6051136.363503331],[392209.02355548367,6051021.388503073],[391962.8095762059,6050869.143827464],[392043.63305612,6050712.222212514],[392077.88754932955,6050532.667368004],[392282.54213765636,6050297.131543782],[392258.1117574498,6050048.832894931],[392382.7714467244,6049872.127574807],[392355.4587246934,6049713.231095219],[391994.5913556218,6049486.937332761],[391771.5325706173,6049395.905567711],[391455.1645843256,6049355.182794247],[391200.88624419924,6049358.809189454],[391067.9369348809,6049226.364953281],[390770.1336458912,6049036.639998948],[390614.1001975043,6048873.742237475],[390578.55936935823,6048758.41310448],[390496.0427698791,6048651.979961313],[389943.46487926226,6048459.165355733],[389799.55607566517,6048506.961296579],[389529.7899935562,6048425.317537513],[389215.01051030215,6048272.462133162],[389111.9815645553,6048079.931853909],[388875.1052833842,6047844.0550271105],[388705.68076087255,6047727.39679263],[388421.2279420532,6047626.26244453],[387796.1438686587,6047570.293469332],[387303.8688108623,6047556.72735762],[387156.6455494305,6047395.255010111],[386852.96915900335,6047323.812598059],[386792.3673426304,6047150.071554581],[386702.33829049766,6047021.882656418],[386557.5344927162,6047037.195564294],[386418.09966619406,6047213.419120187],[386400.1566650374,6047437.431784384],[386453.9366094088,6047637.927027661],[386709.3514687773,6048075.024905371],[386866.8580640182,6048609.858351011],[387120.6374220252,6049594.84981106],[387276.65231909696,6050244.297230186],[387547.0152306445,6050995.07421728],[388162.75272389594,6051822.0890837815],[388757.8383459002,6052709.615736559],[389000.1801012559,6053216.720642626],[389227.2232719725,6053815.15311224],[389497.89719784074,6054788.280104123],[389487.05378632154,6055001.050166354],[389483.9118607454,6055777.391165122],[389393.06551847234,6055956.425421571],[389465.42846302316,6056123.7431216575],[389435.55106020905,6056306.650935855],[389375.2116028927,6056484.619903093],[389174.1422890909,6056801.08428219],[389027.668514438,6056775.927506883],[388678.5668427255,6056678.799443623],[388235.780825478,6056506.401919732],[388090.7891851999,6056523.463955678],[388001.58391318563,6056569.10109395],[387719.4373665117,6056312.042982992],[387363.5700840093,6056021.293057922],[386983.0512310816,6055719.385837993],[386428.0575199928,6055277.98666295],[386126.02762565296,6054967.083188346],[385797.21517249756,6054584.33456929],[385717.2528828224,6054550.845268492],[385533.49541372247,6054496.485916011],[385559.6261233678,6054034.542136889],[385678.9541497128,6053454.27680178],[385684.92672788724,6053102.354906339],[385740.8783670049,6052627.35585071],[385841.3082903242,6052401.459262792],[385995.8075837847,6051933.036807772],[386133.25471469667,6051527.992785113],[386168.95557969343,6051332.6277606785],[386117.3843373032,6051073.76952574],[386035.5419113375,6051337.281769112],[385916.90432185214,6051414.21804947],[385766.3332066294,6051293.15070386],[385662.824058271,6051151.42678665],[385469.8515928453,6050768.93861182],[385459.81755860336,6050545.892736331],[385505.62612044066,6050367.685481526],[385436.53568814695,6050323.319676399],[385118.78016228136,6050292.890647776],[384834.8968378687,6050193.737631621],[384635.8443512758,6050138.400753465],[384562.5921540009,6049974.857592199],[384391.8198125819,6049769.44510678],[384176.7860197183,6049528.291609498],[383786.3699394427,6049122.428079812],[383500.68056607526,6048971.556588322],[383310.78646664135,6048691.254800629],[383120.37023142725,6048625.35463848],[382915.352604609,6048656.778311813],[382580.25789957773,6048438.105656931],[382609.17070775013,6048270.492764525],[382662.4878031928,6048192.587967869],[382622.0367443459,6048072.678851629],[382562.45130394865,6047935.174803412],[382509.56531350035,6047803.436650133],[382410.92972166836,6047758.3492020015],[382209.79737496935,6047729.106912805],[382160.96653535776,6047548.949557519],[382120.7358272476,6047815.261581484],[382036.15164525993,6047971.809033643],[381951.76264179405,6047883.450199284],[381958.2689779755,6047768.90335257],[382060.8683194695,6047583.709872343],[382067.6744750226,6047484.912156055],[381801.84764597006,6047337.111610422],[381483.83903194126,6047263.409801073],[381219.22692991234,6047157.3252880685],[381070.78294811863,6047247.309691459],[381078.19505800493,6047459.428021312],[381062.1203521071,6047866.240472289],[381293.43065172806,6048358.214868199],[381610.27339543775,6048799.4304081],[382274.75957713183,6049102.670484835],[382942.96106614266,6049505.095735785],[383361.522680535,6049793.167441774],[383975.2556418888,6050348.088935241],[384627.68679927103,6051144.050484033],[385033.51939702034,6051827.30858803],[385285.67696935404,6052443.130512685],[385454.23645137995,6052928.5378882345],[385457.5984065328,6053541.044232557],[385229.6948490096,6054364.5000955],[385133.15698910225,6054837.9064294845],[385163.13915782794,6055352.424120052],[385037.2681262279,6055745.05904041],[385207.98110668734,6056284.918572841],[385550.84979828354,6056733.717887681],[385804.43908136897,6057040.313831884],[386296.6631468488,6057411.120105568],[386616.8244043505,6057803.935183113],[386966.25297468156,6058182.463216722],[387166.48135932814,6058357.339123119],[387333.38453840744,6058402.04194551],[388077.2359555941,6058907.641416302],[388771.2986686006,6059291.40123976],[389032.8186542932,6059495.148441151],[389418.5795755908,6059689.30385338],[389612.98949336726,6059812.344888739],[390020.47273966856,6059840.631064281],[390553.60241420753,6059827.781042259],[390984.89421595633,6059842.9847515635],[391355.9013780998,6059872.554623472],[391816.3313845331,6059862.479051406],[392273.30330123287,6059925.319402371],[392926.0961745139,6060029.857956992],[393539.1355040027,6060220.829598915],[394007.38934691995,6060434.860109191],[394392.07299925014,6060512.221785499],[394667.82854482625,6060593.406538321],[394984.7607036466,6060628.869291332],[395450.97542630415,6060784.446824314],[396231.2189760618,6060720.658006251],[397361.45162133686,6060614.63866958],[397807.28326980304,6060702.131456699],[398028.7730888678,6060791.239453997],[398454.66919837333,6060830.893480122],[398745.03695013747,6060850.522568058],[398856.41910147574,6060701.8049766645]]]]}}]}
