wahlkreis_nummer,row_id,stimmbezirk_id,label,guw,valid_second,cdu_second_votes,cdu_second_share_percent
101,1011320301800,181,Daaden / Bürgersaal Biersdorf,U,553,114,20.61482820976492
101,1011320301800,182,Daaden / Rathaus,U,485,115,23.711340206185564
101,1011320301800,183,Daaden / Bürgerhaus,U,569,145,25.48330404217926
101,1011320301800,184,Daaden / Hermann-Gmeiner-Schule,U,577,185,32.06239168110919
101,1011320301900,191,Derschen,U,462,129,27.92207792207792
101,1011320302600,261,Emmerzhausen,U,348,113,32.4712643678161
101,1011320303600,361,Friedewald,U,560,159,28.392857142857142
101,1011320305000,501,Nikolaus-Groß-Haus,U,304,104,34.21052631578947
101,1011320305000,502,Rathaus Herdorf,U,501,188,37.5249500998004
101,1011320305000,503,Grundschule Herdorf I,U,591,191,32.31810490693739
101,1011320305000,504,Grundschule Herdorf II,U,600,240,40.0
101,1011320305000,505,Hüttenhaus (Casino),U,554,193,34.83754512635379
101,1011320305000,506,Turnhalle Dermbach,U,398,205,51.507537688442206
101,1011320305000,507,Dorfgemeinschaftshaus Sassenroth,U,234,90,38.46153846153847
101,1011320306800,681,Mauden,U,74,20,27.027027027027028
101,1011320307500,751,Niederdreisbach,U,506,119,23.517786561264824
101,1011320307900,791,Nisterberg,U,217,65,29.953917050691242
101,1011320310100,1011,Schutzbach,U,190,44,23.157894736842106
101,1011320311300,1131,Weitefeld,U,586,172,29.351535836177472
101,1011320311300,1132,Weitefeld,U,573,137,23.909249563699824
101,1011320701200,101,Brachbach,U,328,109,33.23170731707317
101,1011320701200,102,Brachbach,U,399,128,32.08020050125313
101,1011320701200,103,Brachbach,W,492,208,42.27642276422765
101,1011320703700,101,Friesenhagen,U,628,273,43.47133757961784
101,1011320703700,102,Friesenhagen,U,228,98,42.98245614035088
101,1011320704500,101,Harbach,U,317,101,31.861198738170348
101,1011320706300,101,Kirchen (Sieg),U,416,118,28.365384615384613
101,1011320706300,102,Kirchen (Sieg),U,454,119,26.21145374449339
101,1011320706300,103,Kirchen (Sieg),W,671,307,45.75260804769001
101,1011320706300,104,Kirchen (Sieg),W,614,215,35.01628664495114
101,1011320706300,201,Kirchen / Freusburg,U,623,242,38.84430176565008
101,1011320706300,301,Kirchen / Herkersdorf/Offhausen,U,683,317,46.412884333821374
101,1011320706300,401,Kirchen / Wehbach,U,510,140,27.450980392156865
101,1011320706300,501,Kirchen / Wingendorf,U,212,95,44.81132075471698
101,1011320707200,101,Mudersbach,U,437,164,37.52860411899314
101,1011320707200,102,Mudersbach,U,568,191,33.62676056338028
101,1011320707200,201,Mudersbach / Birken,U,416,143,34.375
101,1011320707200,301,Mudersbach / Niederschelderhütte,U,470,119,25.319148936170212
101,1011320707200,302,Mudersbach / Niederschelderhütte,U,675,164,24.296296296296298
101,1011320707600,101,Niederfischbach,U,475,160,33.68421052631579
101,1011320707600,102,Niederfischbach,U,534,174,32.58426966292135
101,1011320707600,103,Niederfischbach,W,642,304,47.35202492211838
101,1011320707600,104,Niederfischbach,W,600,249,41.5
101,1011320900200,100,Alsdorf,U,753,300,39.8406374501992
101,1011320900600,1000,St. Christophorus-Grundschule,U,450,197,43.77777777777778
101,1011320900600,1100,Jugendraum Kath. Kirche,U,169,87,51.4792899408284
101,1011320900600,200,Ev. Gemeindehaus,U,345,130,37.68115942028986
101,1011320900600,300,ehem. Martin-Luther-Grundschule,U,484,176,36.36363636363637
101,1011320900600,400,Aula-Freiherr-vom-Stein-Gymnasium,U,188,67,35.638297872340424
101,1011320900600,500,Stadthalle Betzdorf,U,332,94,28.313253012048197
101,1011320900600,600,Altenzentrum Betzdorf,U,398,186,46.733668341708544
101,1011320900600,700,Kath. Kindertagesstätte Alsberg,U,394,162,41.11675126903553
101,1011320900600,800,Realschule Plus Auf dem Bühl,U,619,223,36.025848142164776
101,1011320900600,900,Pfarrheim Kath. Kirche,U,603,271,44.94195688225539
101,1011320902000,1200,Dickendorf,U,195,73,37.43589743589744
101,1011320902400,1300,Elben,U,198,70,35.35353535353536
101,1011320902500,1400,Elkenroth,U,1011,468,46.29080118694362
101,1011320903000,1500,Fensdorf,U,257,116,45.13618677042802
101,1011320903900,1600,Gebhardshain,U,1039,498,47.93070259865255
101,1011320904200,1700,Grünebach,U,286,120,41.95804195804196
101,1011320905900,1800,Kausen,U,429,204,47.55244755244755
101,1011320906600,1900,Malberg,U,653,280,42.87901990811638
101,1011320907100,2000,Molzhain,U,312,135,43.269230769230774
101,1011320907300,2100,Nauroth,U,599,240,40.06677796327212
101,1011320909500,2200,Rosenheim (Landkreis Altenkirchen),U,438,191,43.60730593607306
101,1011320909800,2300,Scheuerfeld,U,1060,450,42.45283018867924
101,1011320910700,2400,Steinebach (Sieg),U,650,248,38.15384615384615
101,1011320910800,2500,Steineroth,U,291,104,35.738831615120276
101,1011320911100,2600,Wallmenroth,U,674,332,49.25816023738873
101,1011430621400,101,Bretthausen,U,109,32,29.357798165137616
101,1011430621800,101,Elsoff (Westerwald),U,531,178,33.52165725047081
101,1011430623700,101,Hellenhahn-Schellenberg,U,755,262,34.70198675496688
101,1011430624400,101,Homberg,U,109,19,17.431192660550458
101,1011430624500,101,Hüblingen,U,166,42,25.301204819277107
101,1011430624600,101,Irmtraut,U,394,157,39.847715736040605
101,1011430625600,101,Liebenscheid,U,338,99,29.289940828402365
101,1011430625600,201,Liebenscheid Weißenberg,U,76,27,35.526315789473685
101,1011430627100,101,Neunkirchen,U,316,113,35.75949367088608
101,1011430627200,101,Neustadt (Westerwald),U,318,132,41.509433962264154
101,1011430627400,101,Niederroßbach,U,354,94,26.55367231638418
101,1011430627800,101,Nister-Möhrendorf,U,174,57,32.758620689655174
101,1011430628200,101,Oberrod,U,354,128,36.15819209039548
101,1011430628300,101,Oberroßbach,U,175,36,20.57142857142857
101,1011430628500,101,Rehe,U,438,145,33.10502283105023
101,1011430628600,101,"Rennerod,St WW-Halle Foyer",U,664,263,39.60843373493976
101,1011430628600,102,"Rennerod,St WW-Halle Bar",U,414,113,27.294685990338163
101,1011430628600,103,"Rennerod,St Kath. Pfarrheim",U,462,182,39.39393939393939
101,1011430628600,201,"Rennerod,St Ehain",U,332,86,25.903614457831324
101,1011430629100,101,Salzburg,U,121,47,38.84297520661157
101,1011430629200,101,Seck,U,576,209,36.28472222222222
101,1011430629500,101,Stein-Neukirch,U,245,79,32.244897959183675
101,1011430630200,101,Waigandshain,U,104,30,28.846153846153843
101,1011430630300,101,Waldmühlen,U,169,69,40.828402366863905
101,1011430630900,101,Westernohe,U,493,225,45.63894523326572
101,1011430631100,101,Willingen,U,149,46,30.87248322147651
101,1011430631500,101,Zehnhausen bei Rennerod,U,204,38,18.627450980392158
102,1021320600700,101,Birkenbeul,U,257,64,24.90272373540856
102,1021320601000,101,Bitzen,U,431,93,21.57772621809745
102,1021320601300,101,Breitscheidt,U,467,124,26.552462526766597
102,1021320601400,101,Bruchertseifen,U,355,82,23.098591549295776
102,1021320602800,101,Etzbach,U,570,156,27.368421052631582
102,1021320603400,101,Forst,U,303,85,28.052805280528055
102,1021320603800,101,Fürthen,U,589,139,23.599320882852293
102,1021320604400,101,Hamm (Sieg),U,540,134,24.814814814814813
102,1021320604400,102,Hamm (Sieg),U,760,228,30.0
102,1021320607700,101,Niederirsen,U,50,7,14.000000000000002
102,1021320609100,101,Pracht,U,708,185,26.129943502824858
102,1021320609600,101,Roth,U,652,208,31.901840490797547
102,1021320610200,101,Seelbach bei Hamm (Sieg),U,72,12,16.666666666666664
102,1021320800800,1000,Birken101-Honigsessen Christophorus-Grundschule,U,366,159,43.44262295081967
102,1021320800800,2000,Birken-Honigsessen Christophorus-Grundschule,U,383,160,41.77545691906005
102,1021320800800,3000,Birken-Honigsessen / Briefwahl für Christophorus-Grundschule 01,W,340,178,52.352941176470594
102,1021320800800,4000,Birken-Honigsessen / Briefwahl für Christophorus-Grundschule 02,W,381,181,47.506561679790025
102,1021320801100,1000,Mittelhof Landgasthof Cordes,U,541,222,41.0351201478743
102,1021320805400,1000,Hövels Bürgerhaus,U,251,70,27.88844621513944
102,1021320808000,1000,Katzwinkel Barbara-Grundschule,U,377,108,28.647214854111407
102,1021320808000,2000,Katzwinkel Katholisches Pfarrheim Elkhausen,U,649,280,43.143297380585516
102,1021320810500,1000,Selbach Schützenhaus,U,443,229,51.69300225733634
102,1021320811700,1000,Wissen Evangelisches Gemeindehaus,U,330,107,32.42424242424242
102,1021320811700,10000,Wissen / Briefwahl für 11705,W,430,229,53.25581395348837
102,1021320811700,2000,Wissen Franziskus-Grundschule,U,362,105,29.005524861878452
102,1021320811700,3000,Wissen Kopernikus-Gymnasium,U,362,115,31.767955801104975
102,1021320811700,4000,Wissen Kita „Villa Kunterbunt“,U,355,127,35.774647887323944
102,1021320811700,5000,Wissen Schützenhaus Schönstein,U,326,113,34.66257668711656
102,1021320811700,6000,Wissen / Briefwahl für 11701,W,372,173,46.50537634408602
102,1021320811700,7000,Wissen / Briefwahl für 11702,W,379,181,47.75725593667546
102,1021320811700,8000,Wissen / Briefwahl für 11703,W,361,155,42.93628808864266
102,1021320811700,9000,Wissen / Briefwahl für 11704,W,459,234,50.98039215686274
102,1021321000100,101,Almersbach,U,191,50,26.17801047120419
102,1021321000400,401,Bachenberg,U,54,7,12.962962962962962
102,1021321000500,501,Berzhausen,U,114,19,16.666666666666664
102,1021321000900,901,Birnbach,U,329,124,37.68996960486322
102,1021321001500,1501,Bürdenbach,U,281,82,29.181494661921707
102,1021321001600,1601,Burglahr,U,255,92,36.07843137254902
102,1021321001700,1701,Busenhausen,U,185,59,31.891891891891895
102,1021321002200,2201,Eichelhardt,U,281,76,27.046263345195733
102,1021321002300,2301,Eichen,U,282,96,34.04255319148936
102,1021321002700,2701,Ersfeld,U,47,8,17.02127659574468
102,1021321003100,3101,Fiersbach,U,150,51,34.0
102,1021321003200,3201,Flammersfeld,U,617,192,31.118314424635336
102,1021321003300,3301,Fluterschen,U,333,106,31.83183183183183
102,1021321003500,3501,Forstmehren,U,93,27,29.03225806451613
102,1021321004000,4001,Gieleroth,U,383,87,22.715404699738905
102,1021321004100,4101,Giershausen,U,68,14,20.588235294117645
102,1021321004300,4301,Güllesheim,U,413,151,36.56174334140436
102,1021321004600,4601,Hasselbach,U,144,41,28.47222222222222
102,1021321004700,4701,Helmenzen,U,421,163,38.71733966745843
102,1021321004800,4801,Helmeroth,U,132,37,28.030303030303028
102,1021321004900,4901,Hemmelzen,U,155,41,26.451612903225808
102,1021321005100,5101,Heupelzen,U,144,51,35.41666666666667
102,1021321005200,5201,Hilgenroth,U,191,35,18.32460732984293
102,1021321005300,5301,Hirz-Maulsbach,U,166,80,48.19277108433735
102,1021321005500,5501,Horhausen (Westerwald),U,1075,416,38.69767441860465
102,1021321005600,5601,Idelberg,U,40,10,25.0
102,1021321005700,5701,Ingelbach,U,291,59,20.274914089347078
102,1021321005800,5801,Isert,U,75,17,22.666666666666664
102,1021321006000,6001,Kescheid,U,88,25,28.40909090909091
102,1021321006100,6101,Kettenhausen,U,158,54,34.177215189873415
102,1021321006200,6201,Kircheib,U,282,83,29.432624113475175
102,1021321006400,6401,Kraam,U,92,27,29.347826086956523
102,1021321006500,6501,Krunkel,U,335,135,40.298507462686565
102,1021321006700,6701,Mammelzen,U,445,119,26.741573033707866
102,1021321006900,6901,Mehren,U,247,74,29.959514170040485
102,1021321007000,7001,Michelbach (Westerwald),U,265,87,32.83018867924528
102,1021321007800,7801,Niedersteinebach,U,99,33,33.33333333333333
102,1021321008100,8101,Obererbach (Westerwald),U,298,80,26.845637583892618
102,1021321008200,8201,Oberirsen,U,321,83,25.85669781931464
102,1021321008300,8301,Oberlahr,U,439,205,46.69703872437358
102,1021321008500,8501,Obersteinebach,U,136,48,35.294117647058826
102,1021321008600,8601,Oberwambach,U,207,59,28.502415458937197
102,1021321008700,8701,Ölsen,U,53,12,22.641509433962266
102,1021321008800,8801,Orfgen,U,133,34,25.563909774436087
102,1021321008900,8901,Peterslahr,U,202,70,34.65346534653465
102,1021321009000,9001,Pleckhausen,U,513,181,35.28265107212476
102,1021321009200,9201,Racksen,U,94,37,39.361702127659576
102,1021321009300,9301,Reiferscheid,U,235,62,26.382978723404253
102,1021321009400,9401,Rettersen,U,172,58,33.72093023255814
102,1021321009700,9701,Rott,U,201,58,28.855721393034827
102,1021321009900,9901,Schöneberg,U,181,31,17.12707182320442
102,1021321010000,10001,Schürdt,U,158,38,24.050632911392405
102,1021321010300,10301,Seelbach (Westerwald),U,162,41,25.308641975308642
102,1021321010400,10401,Seifen,U,86,24,27.906976744186046
102,1021321010600,10601,Sörth,U,114,28,24.561403508771928
102,1021321010900,10901,Stürzelbach,U,134,39,29.1044776119403
102,1021321011000,11001,Volkerzen,U,45,14,31.11111111111111
102,1021321011200,11201,Walterschen,U,87,28,32.18390804597701
102,1021321011400,11401,Werkhausen,U,130,29,22.30769230769231
102,1021321011500,11501,Weyerbusch,U,674,197,29.22848664688427
102,1021321011600,11601,Willroth,U,392,154,39.285714285714285
102,1021321011800,11801,Wölmersen,U,227,80,35.24229074889868
102,1021321011900,11901,Ziegenhain,U,83,37,44.57831325301205
102,1021321020100,20101,Berod bei Hachenburg,U,290,93,32.068965517241374
102,1021321050100,50101,"Altenkirchen (Ww.),St",U,734,255,34.74114441416894
102,1021321050100,50102,"Altenkirchen (Ww.),St",U,531,186,35.02824858757062
102,1021321050100,50103,"Altenkirchen (Ww.),St",U,569,201,35.32513181019332
102,1021321050100,50104,"Altenkirchen (Ww.),St",U,539,133,24.675324675324674
102,1021321050200,50201,Neitersen,U,512,132,25.78125
103,1031380100300,1101,Asbach Ort I,U,257,97,37.7431906614786
103,1031380100300,1102,Germscheid,U,215,76,35.348837209302324
103,1031380100300,1103,Asbach Ort II,U,418,172,41.14832535885167
103,1031380100300,1104,Limbach,U,275,77,28.000000000000004
103,1031380100300,1105,Asbach III,U,264,85,32.196969696969695
103,1031380100300,1106,"Schöneberg, Altenhofen, Altenburg",U,151,51,33.77483443708609
103,1031380100300,1107,Asbach Ortsteile,U,552,234,42.391304347826086
103,1031380100300,1108,Asbach / Briefwahl,W,421,194,46.080760095011875
103,1031380100300,1109,Asbach / Briefwahl,W,217,95,43.77880184331797
103,1031380100300,1111,Asbach / Briefwahl,W,320,166,51.87500000000001
103,1031380100300,1112,Asbach / Briefwahl,W,231,91,39.39393939393939
103,1031380100300,1113,Asbach / Briefwahl,W,319,147,46.08150470219436
103,1031380104400,3101,Neustadt (Wied) I,U,231,89,38.52813852813853
103,1031380104400,3102,Neustadt (Wied) II,U,205,101,49.26829268292683
103,1031380104400,3103,Etscheid,U,208,94,45.19230769230769
103,1031380104400,3104,Fernthal I,U,231,70,30.303030303030305
103,1031380104400,3105,Fernthal II,U,204,68,33.33333333333333
103,1031380104400,3106,Rahms,U,315,120,38.095238095238095
103,1031380104400,3107,Rott,U,223,71,31.838565022421523
103,1031380104400,3108,Neustadt (Wied) / Briefwahl,W,297,149,50.16835016835017
103,1031380104400,3109,Neustadt (Wied) / Briefwahl,W,343,181,52.76967930029155
103,1031380104400,3110,Neustadt (Wied) / Briefwahl,W,218,122,55.96330275229357
103,1031380104400,3111,Neustadt (Wied) / Briefwahl,W,214,88,41.1214953271028
103,1031380104400,3112,Neustadt (Wied) / Briefwahl,W,148,64,43.24324324324324
103,1031380104400,3113,Neustadt (Wied) / Briefwahl,W,258,122,47.286821705426355
103,1031380104400,3114,Neustadt (Wied) / Briefwahl,W,220,90,40.909090909090914
103,1031380107700,4101,Windhagen I,U,265,91,34.33962264150943
103,1031380107700,4102,Windhagen II,U,287,103,35.88850174216028
103,1031380107700,4103,Windhagen III,U,254,91,35.826771653543304
103,1031380107700,4104,Windhagen IV,U,317,123,38.801261829652994
103,1031380107700,4105,Windhagen / Briefwahl,W,299,136,45.48494983277592
103,1031380107700,4106,Windhagen / Briefwahl,W,296,121,40.87837837837838
103,1031380107700,4107,Windhagen / Briefwahl,W,276,115,41.66666666666667
103,1031380107700,4108,Windhagen / Briefwahl,W,226,105,46.46017699115044
103,1031380108000,2101,Heimathaus Buchholz,U,228,80,35.08771929824561
103,1031380108000,2102,Gasttätte Höfer,U,290,122,42.06896551724138
103,1031380108000,2103,Kölsch-Büllesbach I,U,251,71,28.286852589641438
103,1031380108000,2104,Kölsch-Büllesbach II,U,211,59,27.96208530805687
103,1031380108000,2105,Griesenbach,U,233,76,32.61802575107296
103,1031380108000,2106,Buchholz (Westerwald) / Briefwahl,W,267,114,42.69662921348314
103,1031380108000,2107,Buchholz (Westerwald) / Briefwahl,W,243,97,39.91769547325103
103,1031380108000,2108,Buchholz (Westerwald) / Briefwahl,W,274,106,38.68613138686132
103,1031380108000,2109,Buchholz (Westerwald) / Briefwahl,W,156,64,41.02564102564102
103,1031380108000,2110,Buchholz (Westerwald) / Briefwahl,W,219,83,37.89954337899543
103,1031380200400,1,Bad Hönningen 1,U,557,178,31.956912028725316
103,1031380200400,2,Bad Hönningen 2,U,367,107,29.155313351498634
103,1031380200400,3,Bad Hönningen 3,U,165,54,32.72727272727273
103,1031380200400,4,Bad Hönningen 4  / Briefwahl,W,774,319,41.21447028423773
103,1031380200400,5,Bad Hönningen 5 / Briefwahl,W,682,246,36.070381231671554
103,1031380202400,1,Hammerstein,U,173,55,31.79190751445087
103,1031380203800,1,Leutesdorf 1,U,416,144,34.61538461538461
103,1031380203800,2,Leutesdorf 2 / Briefwahl,W,440,168,38.18181818181819
103,1031380206300,1,Rheinbrohl 1,U,721,225,31.206657420249652
103,1031380206300,2,Rheinbrohl 2 / Briefwahl,W,584,217,37.15753424657534
103,1031380206300,3,Rheinbrohl 3 / Briefwahl,W,574,246,42.857142857142854
103,1031380400900,201,Dattenberg,U,836,310,37.08133971291866
103,1031380403700,401,Leubsdorf,U,922,421,45.66160520607375
103,1031380404100,501,"Linz am Rhein,St",U,1052,390,37.0722433460076
103,1031380404100,502,"Linz am Rhein,St",U,763,322,42.201834862385326
103,1031380404100,503,"Linz am Rhein,St",U,1005,386,38.407960199004975
103,1031380405500,601,Ockenfels,U,542,207,38.191881918819185
103,1031380406800,701,Sankt Katharinen,U,1029,411,39.94169096209912
103,1031380406800,702,Sankt Katharinen,U,782,288,36.828644501278774
103,1031380407500,801,Vettelschoß,U,1182,513,43.401015228426395
103,1031380407500,802,Vettelschoß,U,610,229,37.540983606557376
103,1031380450100,301,Kasbach-Ohlenberg,U,302,107,35.430463576158935
103,1031380450100,302,Kasbach-Ohlenberg,U,419,166,39.618138424821005
103,1031380700800,711,Bruchhausen,U,519,216,41.61849710982659
103,1031380701900,721,Erpel 721/722,U,533,180,33.771106941838646
103,1031380701900,723,Erpel 723/724,U,570,240,42.10526315789473
103,1031380701900,725,Erpel 725,U,227,121,53.30396475770925
103,1031380706200,731,Rheinbreitbach,U,388,136,35.051546391752574
103,1031380706200,732,Rheinbreitbach,U,422,158,37.44075829383886
103,1031380706200,733,Rheinbreitbach,U,450,172,38.22222222222222
103,1031380706200,734,Rheinbreitbach,U,469,162,34.54157782515991
103,1031380706200,735,Rheinbreitbach,U,478,194,40.58577405857741
103,1031380707300,741,"Unkel,St 741",U,719,270,37.552155771905426
103,1031380707300,742,"Unkel,St 742",U,476,163,34.2436974789916
103,1031380707300,743,"Unkel,St 743/744",U,864,314,36.342592592592595
103,1031380707300,745,"Unkel,St 745",U,317,110,34.70031545741325
103,1031380900200,201,Anhausen,U,727,194,26.68500687757909
103,1031380900500,501,Bonefeld,U,458,128,27.947598253275107
103,1031380900600,601,Breitscheid (Westerwald),U,1122,370,32.97682709447415
103,1031380900700,701,Hausen (Wied),U,887,347,39.120631341600905
103,1031380901000,1001,Datzeroth,U,138,29,21.014492753623188
103,1031380901500,1501,Ehlscheid,U,765,230,30.065359477124183
103,1031380902600,2601,Hardert,U,415,120,28.915662650602407
103,1031380903000,3001,Hümmerich,U,409,110,26.894865525672373
103,1031380903600,3601,Kurtscheid,U,566,236,41.69611307420495
103,1031380904200,4201,Meinborn,U,322,99,30.745341614906835
103,1031380904300,4301,Melsbach I,U,534,159,29.775280898876407
103,1031380904300,4302,Melsbach II,U,530,203,38.301886792452834
103,1031380904700,4701,Niederbreitbach,U,849,327,38.515901060070675
103,1031380905300,5301,Oberhonnefeld-Gierend,U,483,142,29.39958592132505
103,1031380905400,5401,Oberraden,U,357,114,31.932773109243694
103,1031380906100,6101,Rengsdorf I,U,724,246,33.97790055248619
103,1031380906100,6102,Rengsdorf II,U,639,223,34.89827856025039
103,1031380906500,6501,Roßbach (Wied),U,846,379,44.79905437352246
103,1031380906600,6601,Rüscheid,U,430,135,31.3953488372093
103,1031380907100,7101,Straßenhaus,U,947,288,30.41182682154171
103,1031380907200,7201,Thalhausen,U,415,98,23.6144578313253
103,1031380907600,7601,Waldbreitbach,U,1037,496,47.830279652844744
104,1041380004510,1001,Neuwied/Altwied,U,175,44,25.142857142857146
104,1041380004510,101,Neuwied/Altwied (Briefwahl),W,169,67,39.64497041420118
104,1041380004511,1101,Neuwied/Block,U,263,69,26.23574144486692
104,1041380004511,111,Neuwied/Block (Briefwahl),W,172,55,31.976744186046513
104,1041380004512,1201,Neuwied/Engers,U,523,146,27.915869980879542
104,1041380004512,1202,Neuwied/Engers,U,476,106,22.268907563025213
104,1041380004512,121,Neuwied/Engers (Briefwahl 1),W,593,230,38.785834738617204
104,1041380004512,122,Neuwied/Engers (Briefwahl 2),W,449,166,36.97104677060133
104,1041380004513,1301,Neuwied/Feldkirchen,U,417,112,26.85851318944844
104,1041380004513,1302,Neuwied/Feldkirchen,U,486,146,30.04115226337449
104,1041380004513,1303,Neuwied/Feldkirchen,U,387,99,25.581395348837212
104,1041380004513,131,Neuwied/Feldkirchen (Briefwahl 1),W,497,163,32.796780684104625
104,1041380004513,132,Neuwied/Feldkirchen (Briefwahl 2),W,419,152,36.27684964200477
104,1041380004513,133,Neuwied/Feldkirchen (Briefwahl 3),W,366,111,30.327868852459016
104,1041380004514,1401,Neuwied/Gladbach,U,281,81,28.825622775800714
104,1041380004514,1402,Neuwied/Gladbach,U,341,107,31.378299120234605
104,1041380004514,141,Neuwied/Gladbach (Briefwahl 1),W,337,139,41.246290801186944
104,1041380004514,142,Neuwied/Gladbach (Briefwahl 2),W,423,170,40.189125295508276
104,1041380004515,1501,Neuwied/Heddesdorf,U,378,100,26.455026455026452
104,1041380004515,1502,Neuwied/Heddesdorf,U,416,85,20.432692307692307
104,1041380004515,1503,Neuwied/Heddesdorf,U,375,83,22.133333333333333
104,1041380004515,1504,Neuwied/Heddesdorf,U,363,56,15.426997245179063
104,1041380004515,1505,Neuwied/Heddesdorf,U,329,57,17.325227963525837
104,1041380004515,1506,Neuwied/Heddesdorf,U,353,60,16.997167138810198
104,1041380004515,151,Neuwied/Heddesdorf (Briefwahl 1),W,386,139,36.01036269430052
104,1041380004515,152,Neuwied/Heddesdorf (Briefwahl 2),W,302,92,30.4635761589404
104,1041380004515,153,Neuwied/Heddesdorf (Briefwahl 3),W,240,72,30.0
104,1041380004515,154,Neuwied/Heddesdorf (Briefwahl 4),W,283,112,39.57597173144876
104,1041380004515,155,Neuwied/Heddesdorf (Briefwahl 5),W,275,84,30.545454545454547
104,1041380004515,156,Neuwied/Heddesdorf (Briefwahl 6),W,241,84,34.85477178423236
104,1041380004516,1601,Neuwied/Heimbach-Weis,U,501,150,29.94011976047904
104,1041380004516,1602,Neuwied/Heimbach-Weis,U,601,190,31.61397670549085
104,1041380004516,1603,Heimbach-Weis,U,434,134,30.87557603686636
104,1041380004516,161,Neuwied/Heimbach-Weis (Briefwahl 1),W,586,262,44.7098976109215
104,1041380004516,162,Neuwied/Heimbach-Weis (Briefwahl 2),W,613,269,43.882544861337685
104,1041380004516,163,Neuwied/Heimbach-Weis (Briefwahl 3),W,699,293,41.9170243204578
104,1041380004517,1701,Neuwied/Innenstadt,U,316,91,28.79746835443038
104,1041380004517,1702,Neuwied/Innenstadt,U,375,104,27.73333333333333
104,1041380004517,1703,Neuwied/Innenstadt,U,271,52,19.18819188191882
104,1041380004517,1704,Neuwied/Innenstadt,U,369,68,18.428184281842817
104,1041380004517,1705,Neuwied/Innenstadt,U,406,114,28.078817733990146
104,1041380004517,1706,Neuwied/Innenstadt,U,280,47,16.785714285714285
104,1041380004517,171,Neuwied/Innenstadt (Briefwahl 1),W,459,156,33.98692810457516
104,1041380004517,172,Neuwied/Innenstadt (Briefwahl 2),W,422,127,30.09478672985782
104,1041380004517,173,Neuwied/Innenstadt (Briefwahl 3),W,432,129,29.86111111111111
104,1041380004518,1801,Neuwied/Irlich,U,486,125,25.720164609053498
104,1041380004518,1802,Neuwied/Irlich,U,565,115,20.353982300884958
104,1041380004518,181,Neuwied/Irlich (Briefwahl 1),W,675,245,36.2962962962963
104,1041380004518,182,Neuwied/Irlich (Briefwahl 2),W,565,180,31.858407079646017
104,1041380004519,1901,Neuwied/Niederbieber,U,529,95,17.958412098298677
104,1041380004519,1902,Neuwied/Niederbieber,U,555,145,26.126126126126124
104,1041380004519,191,Neuwied/Niederbieber (Briefwahl 1),W,410,104,25.365853658536587
104,1041380004519,192,Neuwied/Niederbieber (Briefwahl 2),W,404,130,32.17821782178218
104,1041380004520,2001,Neuwied/Oberbieber,U,502,106,21.115537848605577
104,1041380004520,2002,Neuwied/Oberbieber,U,567,147,25.925925925925924
104,1041380004520,201,Neuwied/Oberbieber (Briefwahl 1),W,579,172,29.70639032815199
104,1041380004520,202,Neuwied/Oberbieber (Briefwahl 2),W,618,170,27.508090614886733
104,1041380004521,2101,Neuwied/Rodenbach,U,337,77,22.8486646884273
104,1041380004521,211,Neuwied/Rodenbach (Briefwahl),W,312,100,32.05128205128205
104,1041380004522,2201,Neuwied/Segendorf,U,445,102,22.92134831460674
104,1041380004522,221,Neuwied/Segendorf (Briefwahl),W,434,124,28.57142857142857
104,1041380004523,2301,Torney,U,475,98,20.63157894736842
104,1041380004523,231,Neuwied/Torney (Briefwahl),W,239,72,30.125523012552303
104,1041380301200,101,"Dierdorf,St",U,354,106,29.943502824858758
104,1041380301200,201,"Dierdorf,St",U,429,110,25.64102564102564
104,1041380301200,202,"Dierdorf,St",U,591,181,30.62605752961083
104,1041380301200,301,"Dierdorf,St",U,360,113,31.38888888888889
104,1041380301200,401,"Dierdorf,St",U,482,178,36.92946058091287
104,1041380301200,501,"Dierdorf,St",U,227,65,28.634361233480178
104,1041380302300,101,Großmaischeid,U,466,149,31.97424892703863
104,1041380302300,102,Großmaischeid,U,578,242,41.86851211072664
104,1041380302300,201,Großmaischeid,U,142,40,28.169014084507044
104,1041380303100,101,Isenburg,U,304,86,28.289473684210524
104,1041380303400,101,Kleinmaischeid,U,682,196,28.739002932551323
104,1041380306900,101,Stebach,U,204,52,25.49019607843137
104,1041380320100,101,Marienhausen,U,277,100,36.101083032490976
104,1041380501100,101,Dernbach,U,455,126,27.692307692307693
104,1041380501300,101,Döttesfeld,U,312,70,22.435897435897438
104,1041380501400,101,Dürrholz,U,649,174,26.810477657935284
104,1041380502500,101,Hanroth,U,318,92,28.930817610062892
104,1041380502700,101,Harschbach,U,217,70,32.25806451612903
104,1041380504000,101,Linkenbach,U,320,70,21.875
104,1041380504800,101,Niederhofen,U,230,54,23.47826086956522
104,1041380505000,101,Niederwambach,U,233,67,28.75536480686695
104,1041380505200,101,Oberdreis,U,440,95,21.59090909090909
104,1041380505700,101,Puderbach,U,615,146,23.739837398373982
104,1041380505700,102,Puderbach,U,563,161,28.596802841918294
104,1041380505800,101,Ratzert,U,153,26,16.99346405228758
104,1041380505900,101,Raubach,U,970,305,31.443298969072163
104,1041380506400,101,Rodenbach bei Puderbach,U,360,79,21.944444444444443
104,1041380507000,101,Steimel,U,665,166,24.962406015037594
104,1041380507400,101,Urbach,U,718,201,27.99442896935933
104,1041380507800,101,Woldert,U,279,66,23.655913978494624
105,1051430120600,1,Briefwahl I,W,1067,388,36.36363636363637
105,1051430120600,10012,"Bad Marienberg (Ww.),St",U,417,104,24.940047961630697
105,1051430120600,10014,"Bad Marienberg (Ww.),St",U,310,56,18.064516129032256
105,1051430120600,10016,Bad Marienberg-Langenbach,U,277,87,31.40794223826715
105,1051430120600,10018,Bad Marienberg-Eichenstruth-Zinhain,U,230,51,22.17391304347826
105,1051430121100,10020,Bölsberg,U,112,31,27.67857142857143
105,1051430121600,10030,Dreisbach,U,355,113,31.83098591549296
105,1051430122200,10040,Fehl-Ritzhausen,U,443,107,24.153498871331827
105,1051430122700,10050,Großseifen,U,327,70,21.406727828746178
105,1051430123100,10060,Hahn bei Marienberg,U,240,102,42.5
105,1051430123400,10070,Hardt,U,244,73,29.918032786885245
105,1051430124300,10080,Hof,U,626,201,32.108626198083066
105,1051430124800,10090,Kirburg,U,287,86,29.965156794425084
105,1051430125300,10100,Langenbach bei Kirburg,U,473,144,30.443974630021142
105,1051430125500,10110,Lautzenbrücken,U,175,49,28.000000000000004
105,1051430126400,10120,Mörlen,U,309,88,28.478964401294498
105,1051430127000,10130,Neunkhausen,U,499,121,24.248496993987974
105,1051430127700,10140,Nisterau,U,463,117,25.26997840172786
105,1051430127900,10150,Nistertal,U,596,230,38.59060402684564
105,1051430128000,10160,Norken,U,499,153,30.66132264529058
105,1051430129700,10170,Stockhausen-Illfurth,U,213,41,19.248826291079812
105,1051430130000,10181,Unnau,U,551,151,27.404718693284934
105,1051430130000,10183,Unnau-Korb,U,254,90,35.43307086614173
105,1051430130000,10184,Unnau-Stangenrod,U,206,38,18.446601941747574
105,1051430220200,1,Alpenrod,U,867,234,26.989619377162633
105,1051430220400,1,Astert,U,144,62,43.05555555555556
105,1051430220500,1,Atzelgift,U,335,139,41.492537313432834
105,1051430221200,1,Borod,U,289,72,24.91349480968858
105,1051430221500,1,Dreifelden,U,130,38,29.230769230769234
105,1051430222300,1,Gehlert,U,366,119,32.51366120218579
105,1051430222500,1,Giesenhausen,U,175,44,25.142857142857146
105,1051430222900,1,"Hachenburg,St",U,927,340,36.67745415318231
105,1051430222900,2,"Hachenburg,St",U,810,258,31.851851851851855
105,1051430222900,3,"Hachenburg,St",U,882,312,35.374149659863946
105,1051430222900,4,"Hachenburg,St",U,549,155,28.233151183970858
105,1051430223500,2,Hattert,U,1024,298,29.1015625
105,1051430223600,1,Heimborn,U,172,45,26.16279069767442
105,1051430224000,1,Heuzert,U,72,15,20.833333333333336
105,1051430224100,1,Höchstenbach,U,354,86,24.293785310734464
105,1051430225000,1,Kroppach,U,349,88,25.214899713467048
105,1051430225200,1,Kundert,U,166,36,21.686746987951807
105,1051430225700,1,Limbach,U,231,98,42.42424242424242
105,1051430225800,1,Linden,U,81,20,24.691358024691358
105,1051430225900,1,Lochum,U,180,57,31.666666666666664
105,1051430226000,1,Luckenbach,U,363,147,40.49586776859504
105,1051430226100,1,Marzhausen,U,166,29,17.46987951807229
105,1051430226200,1,Merkelbach,U,259,100,38.61003861003861
105,1051430226500,1,Mörsbach,U,277,68,24.548736462093864
105,1051430226700,1,Mudenbach,U,373,78,20.91152815013405
105,1051430226800,1,Mündersbach,U,390,93,23.846153846153847
105,1051430226900,1,Müschenbach,U,552,213,38.58695652173913
105,1051430227600,1,Nister,U,558,145,25.985663082437277
105,1051430228700,1,Roßbach,U,489,135,27.607361963190186
105,1051430229400,1,Steinebach an der Wied,U,433,106,24.480369515011546
105,1051430229600,1,Stein-Wingert,U,123,36,29.268292682926827
105,1051430229900,1,Streithausen,U,328,134,40.853658536585364
105,1051430230100,1,Wahlrod,U,430,115,26.744186046511626
105,1051430230600,1,Welkenbach,U,93,31,33.33333333333333
105,1051430231000,1,Wied,U,233,55,23.605150214592275
105,1051430231300,1,Winkelbach,U,103,21,20.388349514563107
105,1051430701500,1,Ellenhausen,U,187,51,27.27272727272727
105,1051430701800,1,Freilingen,U,392,119,30.357142857142854
105,1051430701900,1,Freirachdorf,U,369,84,22.76422764227642
105,1051430702200,1,Goddert,U,208,71,34.13461538461539
105,1051430702500,1,Hartenfels,U,485,190,39.175257731958766
105,1051430702900,1,Herschbach,U,728,268,36.81318681318682
105,1051430702900,2,Herschbach,U,772,287,37.17616580310881
105,1051430704100,1,Krümmel,U,152,49,32.23684210526316
105,1051430704400,1,Marienrachdorf,U,574,207,36.062717770034844
105,1051430704500,1,Maroth,U,148,43,29.054054054054053
105,1051430704600,1,Maxsain,U,545,130,23.853211009174313
105,1051430705600,1,Nordhofen,U,300,95,31.666666666666664
105,1051430706100,1,Quirnbach,U,271,65,23.985239852398525
105,1051430706400,1,Rückeroth,U,252,59,23.41269841269841
105,1051430706600,1,Schenkelberg,U,352,127,36.07954545454545
105,1051430706700,1,"Selters (Westerwald), St.",U,498,154,30.923694779116467
105,1051430706700,2,"Selters (Westerwald), St.",U,538,158,29.36802973977695
105,1051430706900,1,Sessenhausen,U,484,165,34.090909090909086
105,1051430707500,1,Steinen,U,126,24,19.047619047619047
105,1051430707800,1,Vielbach,U,310,81,26.129032258064516
105,1051430708500,1,Wölferlingen,U,244,56,22.950819672131146
105,1051430722100,1,Ewighausen,U,125,33,26.400000000000002
105,1051430730500,1,Weidenhahn,U,350,128,36.57142857142857
105,1051430920000,101,Ailertchen,U,353,101,28.611898016997166
105,1051430920700,101,Bellingen,U,354,148,41.80790960451977
105,1051430920900,101,Berzhahn,U,268,66,24.62686567164179
105,1051430921300,101,Brandscheid,U,280,97,34.64285714285714
105,1051430921900,101,Enspel,U,165,69,41.81818181818181
105,1051430922400,101,Gemünden,U,535,169,31.588785046728972
105,1051430922600,101,Girkenroth,U,388,164,42.2680412371134
105,1051430922800,101,Guckheim,U,606,288,47.524752475247524
105,1051430923000,101,Härtlingen,U,232,81,34.91379310344828
105,1051430923300,101,Halbs,U,178,39,21.910112359550563
105,1051430923800,101,Hergenroth,U,250,68,27.200000000000003
105,1051430924200,101,Höhn,U,442,136,30.76923076923077
105,1051430924200,102,Höhn,U,235,62,26.382978723404253
105,1051430924200,201,Höhn (Neuhochstein),U,318,133,41.82389937106918
105,1051430924200,301,Höhn (Oellingen),U,542,204,37.63837638376384
105,1051430924200,401,Höhn (Schönberg),U,215,52,24.186046511627907
105,1051430924700,101,Kaden,U,334,94,28.143712574850298
105,1051430924900,101,Kölbingen,U,534,186,34.831460674157306
105,1051430925400,101,Langenhahn,U,669,255,38.11659192825112
105,1051430928400,101,Pottum,U,572,239,41.78321678321678
105,1051430928800,101,Rotenhain,U,279,98,35.12544802867383
105,1051430928900,101,Rothenbach,U,374,151,40.37433155080214
105,1051430928900,102,Rothenbach,U,150,64,42.66666666666667
105,1051430929300,101,Stahlhofen am Wiesensee,U,187,50,26.737967914438503
105,1051430929800,101,Stockum-Püschen,U,364,154,42.30769230769231
105,1051430930700,101,Weltersburg,U,200,84,42.0
105,1051430930800,101,Westerburg (Realschule Plus),U,902,253,28.04878048780488
105,1051430930800,102,Westerburg (Ratssaal),U,886,287,32.39277652370203
105,1051430930800,201,Westerburg (Gershasen),U,258,60,23.25581395348837
105,1051430930800,301,Westerburg (Sainscheid),U,211,84,39.81042654028436
105,1051430930800,401,Westerburg (Wengenroth),U,264,78,29.545454545454547
105,1051430931200,101,Willmenrod,U,309,72,23.300970873786408
105,1051430931400,101,Winnen,U,297,101,34.00673400673401
106,1061430400500,1,Boden,U,375,162,43.2
106,1061430400800,2,Daubach,U,307,108,35.17915309446254
106,1061430401300,3,Eitelborn,U,1365,533,39.04761904761905
106,1061430402000,5,Gackenbach,U,355,109,30.704225352112672
106,1061430402100,6,Girod,U,651,259,39.784946236559136
106,1061430402300,7,Görgeshausen,U,450,157,34.88888888888889
106,1061430402400,8,Großholbach,U,505,175,34.65346534653465
106,1061430402600,9,Heilberscheid,U,399,149,37.34335839598997
106,1061430402700,10,Heiligenroth,U,816,349,42.76960784313725
106,1061430403300,11,Holler,U,586,204,34.8122866894198
106,1061430403400,12,Horbach,U,394,152,38.578680203045685
106,1061430403600,13,Hübingen,U,308,129,41.883116883116884
106,1061430403900,14,Kadenbach,U,763,246,32.241153342070774
106,1061430404800,50,Montabaur - Forum St. Peter,U,392,136,34.69387755102041
106,1061430404800,51,Montabaur - Stadthalle (Tagungsraum),U,569,175,30.755711775043938
106,1061430404800,52,Montabaur - Agentur für Arbeit (Foyer),U,559,256,45.796064400715565
106,1061430404800,53,Montabaur - Anne-Frank-Realschule plus (Turnhalle),U,495,161,32.525252525252526
106,1061430404800,54,Montabaur - Mons-Tabor-Gymnasium (Aula),U,632,250,39.55696202531646
106,1061430404800,55,Montabaur - Agentur für Arbeit (BiZ),U,494,205,41.497975708502025
106,1061430404800,56,Montabaur - Bürgerhalle im Rathaus,U,521,164,31.477927063339735
106,1061430404800,57,Montabaur - Stadthalle (kleiner Saal),U,550,248,45.09090909090909
106,1061430404800,58,Montabaur-Bladernheim,U,80,43,53.75
106,1061430404800,59,Montabaur-Elgendorf,U,720,288,40.0
106,1061430404800,60,Montabaur-Eschelbach,U,358,152,42.45810055865922
106,1061430404800,61,Montabaur-Ettersdorf,U,110,48,43.63636363636363
106,1061430404800,62,Montabaur-Horressen,U,976,375,38.42213114754098
106,1061430404800,65,Montabaur-Wirzenborn/Reckenthal,U,93,23,24.731182795698924
106,1061430404800,66,Montabaur - Caritas Werkstätte,U,481,195,40.54054054054054
106,1061430405100,15,Nentershausen,U,1045,439,42.00956937799043
106,1061430405200,17,Neuhäusel,U,1261,497,39.4131641554322
106,1061430405300,18,Niederelbert,U,955,384,40.20942408376963
106,1061430405400,19,Niedererbach,U,546,207,37.91208791208791
106,1061430405500,20,Nomborn,U,405,185,45.67901234567901
106,1061430405700,21,Oberelbert,U,737,217,29.443690637720486
106,1061430406500,22,Ruppach-Goldhausen,U,655,272,41.52671755725191
106,1061430407100,23,Simmern,U,889,354,39.82002249718785
106,1061430407200,25,Stahlhofen,U,435,200,45.97701149425287
106,1061430407700,26,Untershausen,U,288,116,40.27777777777778
106,1061430407900,27,Welschneudorf,U,541,222,41.0351201478743
106,1061430500100,1,Alsbach,U,303,87,28.71287128712871
106,1061430500600,1,Breitenau,U,390,111,28.46153846153846
106,1061430500700,1,Caan,U,396,149,37.62626262626262
106,1061430500900,1,Deesen,U,391,138,35.294117647058826
106,1061430503800,1,Hundsdorf,U,251,78,31.07569721115538
106,1061430505000,1,Nauort I,U,670,239,35.67164179104478
106,1061430505000,2,Nauort II,U,612,207,33.82352941176471
106,1061430505900,1,Oberhaid,U,202,55,27.22772277227723
106,1061430506200,201,Ransbach-Baumbach I,U,667,303,45.42728635682159
106,1061430506200,202,Ransbach-Baumbach II,U,619,255,41.19547657512116
106,1061430506200,203,Ransbach-Baumbach III,U,883,291,32.955832389580976
106,1061430506200,204,Ransbach-Baumbach IV,U,938,337,35.927505330490405
106,1061430506800,1,Sessenbach,U,310,125,40.32258064516129
106,1061430508200,1,Wirscheid,U,205,59,28.780487804878046
106,1061430508400,1,Wittgert,U,328,99,30.182926829268293
106,1061430801100,101,Dreikirchen,U,568,227,39.96478873239437
106,1061430803700,101,Hundsangen,U,1076,489,45.446096654275095
106,1061430805800,101,Obererbach,U,300,136,45.33333333333333
106,1061430807400,101,Steinefrenz,U,462,196,42.42424242424242
106,1061430808000,101,Weroth,U,326,159,48.77300613496933
106,1061430820300,101,Arnshöfen,U,111,37,33.33333333333333
106,1061430820800,101,Berod bei Wallmerod,U,324,123,37.96296296296296
106,1061430821000,101,Bilkheim,U,277,110,39.71119133574007
106,1061430822000,101,Ettinghausen,U,182,65,35.714285714285715
106,1061430823200,101,Hahn am See,U,249,103,41.365461847389554
106,1061430823900,101,Herschbach  (Oberwesterwald),U,559,240,42.93381037567084
106,1061430825100,101,Kuhnhöfen,U,104,30,28.846153846153843
106,1061430826300,101,Meudt,U,778,297,38.174807197943444
106,1061430826300,201,Meudt,U,214,77,35.981308411214954
106,1061430826600,101,Molsberg,U,242,112,46.28099173553719
106,1061430827300,101,Niederahr,U,410,192,46.82926829268293
106,1061430828100,101,Oberahr,U,331,100,30.211480362537763
106,1061430829000,101,Salz,U,520,219,42.11538461538461
106,1061430830400,101,Wallmerod,U,702,280,39.88603988603989
106,1061430831600,101,Zehnhausen bei Wallmerod,U,148,69,46.62162162162162
106,1061430850100,101,Elbingen,U,236,85,36.016949152542374
106,1061430850200,101,Mähren,U,131,30,22.900763358778626
106,1061431000300,1,Bannberscheid,U,363,144,39.66942148760331
106,1061431001000,1,Dernbach (Westerwald),U,642,287,44.704049844236756
106,1061431001000,2,Dernbach (Westerwald),U,617,314,50.89141004862236
106,1061431001200,1,Ebernhahn,U,563,225,39.96447602131439
106,1061431002800,1,Helferskirchen,U,621,209,33.65539452495974
106,1061431004200,1,Leuterod,U,514,235,45.719844357976655
106,1061431004700,1,Mogendorf,U,648,204,31.48148148148148
106,1061431004900,1,Moschheim,U,408,118,28.921568627450984
106,1061431006000,1,Ötzingen,U,729,254,34.84224965706447
106,1061431007000,1,Siershahn,U,707,297,42.00848656294201
106,1061431007000,2,Siershahn,U,660,287,43.484848484848484
106,1061431007300,1,Staudt,U,727,313,43.053645116918844
106,1061431008100,1,"Wirges,St",U,697,277,39.74175035868006
106,1061431008100,2,"Wirges,St",U,650,245,37.69230769230769
106,1061431008100,3,"Wirges,St",U,682,248,36.36363636363637
106,1061431027500,1,Niedersayn,U,115,39,33.91304347826087
107,1071410300200,201,Altendiez 1,U,592,164,27.7027027027027
107,1071410300200,202,Altendiez 2,U,566,165,29.151943462897528
107,1071410300500,501,Aull,U,242,70,28.92561983471074
107,1071410301400,1401,Birlenbach,U,774,213,27.51937984496124
107,1071410302100,2101,Charlottenberg,U,85,24,28.235294117647058
107,1071410302200,2201,Cramberg,U,304,77,25.32894736842105
107,1071410302900,2901,Diez 1,U,466,101,21.67381974248927
107,1071410302900,2902,Diez 2,U,502,119,23.705179282868528
107,1071410302900,2903,Diez 3,U,529,170,32.136105860113425
107,1071410302900,2904,Diez 4,U,553,174,31.464737793851715
107,1071410302900,2905,Diez 5,U,300,80,26.666666666666668
107,1071410302900,2906,Diez 6,U,375,88,23.466666666666665
107,1071410302900,2907,Diez 7,U,415,95,22.89156626506024
107,1071410302900,2908,Diez 8,U,682,163,23.900293255131967
107,1071410302900,2909,Diez 9,U,558,148,26.523297491039425
107,1071410303000,3001,Dörnberg,U,251,50,19.9203187250996
107,1071410303800,3801,Eppenrod,U,387,102,26.356589147286826
107,1071410304500,4501,Geilnau,U,233,39,16.738197424892704
107,1071410304900,4901,Gückingen,U,591,208,35.19458544839256
107,1071410305200,5201,Hambach,U,235,81,34.46808510638298
107,1071410305300,5301,Heistenbach,U,584,170,29.10958904109589
107,1071410305700,5701,Hirschberg,U,221,75,33.93665158371041
107,1071410305900,5901,Holzappel,U,525,131,24.952380952380953
107,1071410306100,6101,Holzheim,U,484,168,34.710743801652896
107,1071410306200,6201,Horhausen,U,154,48,31.16883116883117
107,1071410306400,6401,Isselbach,U,237,50,21.09704641350211
107,1071410307600,7601,Langenscheid,U,305,109,35.73770491803279
107,1071410307700,7701,Laurenburg,U,125,44,35.199999999999996
107,1071410312400,12401,Scheidt,U,190,56,29.47368421052631
107,1071410313000,13001,Steinsberg,U,161,47,29.19254658385093
107,1071410313300,13301,Wasenbach,U,199,46,23.115577889447238
107,1071410350300,50301,Balduinstein,U,304,104,34.21052631578947
107,1071410700900,101,Berg,U,179,74,41.340782122905026
107,1071410701200,101,Bettendorf,U,198,47,23.737373737373737
107,1071410701500,101,Bogel,U,474,123,25.949367088607595
107,1071410701900,101,Buch,U,335,105,31.343283582089555
107,1071410703500,101,Ehr,U,44,22,50.0
107,1071410703700,101,Endlichhofen,U,89,36,40.44943820224719
107,1071410704000,101,Eschbach,U,116,34,29.310344827586203
107,1071410704700,101,Gemmerich,U,330,93,28.18181818181818
107,1071410705500,101,Himmighofen,U,213,76,35.68075117370892
107,1071410706000,101,Holzhausen an der Haide,U,652,159,24.386503067484664
107,1071410706300,101,Hunzel,U,160,60,37.5
107,1071410706700,101,Kasdorf,U,146,42,28.767123287671232
107,1071410707000,101,Kehlbach,U,119,37,31.092436974789916
107,1071410707800,101,Lautert,U,154,37,24.025974025974026
107,1071410708000,101,Lipporn,U,163,43,26.380368098159508
107,1071410708400,101,Marienfels,U,187,36,19.25133689839572
107,1071410708500,101,Miehlen,U,1191,435,36.523929471032744
107,1071410709200,101,"Nastätten,St",U,834,208,24.940047961630697
107,1071410709200,102,"Nastätten,St",U,771,210,27.237354085603112
107,1071410709200,103,"Nastätten,St",U,640,207,32.34375
107,1071410709400,101,Niederbachheim,U,174,64,36.7816091954023
107,1071410709700,101,Niederwallmenach,U,244,78,31.967213114754102
107,1071410710000,101,Oberbachheim,U,132,45,34.090909090909086
107,1071410710400,101,Obertiefenbach,U,239,63,26.359832635983267
107,1071410710500,101,Oberwallmenach,U,128,28,21.875
107,1071410710700,101,Oelsberg,U,355,98,27.605633802816904
107,1071410711000,101,Hainau,U,111,27,24.324324324324326
107,1071410711600,101,Rettershain,U,187,49,26.203208556149733
107,1071410712000,101,Ruppertshofen,U,216,54,25.0
107,1071410713100,101,Strüth,U,197,56,28.426395939086298
107,1071410713400,101,Weidenbach,U,67,29,43.28358208955223
107,1071410713700,101,Welterod,U,289,84,29.06574394463668
107,1071410714000,101,Winterwerb,U,103,48,46.601941747572816
107,1071410750200,101,Diethardt,U,141,35,24.822695035460992
107,1071411000300,21,Attenhausen,U,220,77,35.0
107,1071411000600,31,"Bad Ems,St, Jobcenter Rhein-Lahn",U,848,219,25.825471698113205
107,1071411000600,32,"Bad Ems,St, Altes Rathaus",U,899,265,29.477196885428253
107,1071411000600,33,"Bad Ems,St, Aula Realschule Plus BEN",U,866,247,28.52193995381062
107,1071411000600,34,"Bad Ems,St, Ernst-Born-Schule",U,847,215,25.38370720188902
107,1071411000800,41,Becheln,U,411,140,34.0632603406326
107,1071411002500,51,Dausenau,U,662,203,30.664652567975832
107,1071411002600,61,Dessighofen,U,124,46,37.096774193548384
107,1071411002700,71,Dienethal,U,136,16,11.76470588235294
107,1071411003300,81,Dornholzhausen,U,140,41,29.28571428571429
107,1071411004100,91,Fachbach,U,741,214,28.879892037786774
107,1071411004400,101,Frücht,U,342,108,31.57894736842105
107,1071411004600,111,Geisig,U,212,59,27.830188679245282
107,1071411005800,121,Hömberg,U,196,55,28.061224489795915
107,1071411007100,131,Kemmenau,U,285,78,27.368421052631582
107,1071411008200,141,Lollschied,U,116,23,19.82758620689655
107,1071411008600,151,Miellen,U,209,56,26.794258373205743
107,1071411008700,161,Misselberg,U,50,6,12.0
107,1071411009100,171,"Nassau,St, Stadthalle links",U,688,191,27.761627906976745
107,1071411009100,172,"Nassau,St, Stadthalle rechts",U,735,210,28.57142857142857
107,1071411009100,173,"Nassau,St, Stiftung Scheuern",U,343,108,31.486880466472307
107,1071411009800,181,Nievern,U,597,227,38.02345058626466
107,1071411010300,191,Obernhof,U,179,42,23.463687150837988
107,1071411010600,201,Oberwies,U,92,15,16.304347826086957
107,1071411011100,211,Pohl,U,211,69,32.70142180094787
107,1071411012700,221,Schweighausen,U,143,30,20.97902097902098
107,1071411012800,231,Seelbach,U,254,59,23.228346456692915
107,1071411012900,241,Singhofen,U,1038,334,32.177263969171484
107,1071411013200,251,Sulzbach,U,109,22,20.18348623853211
107,1071411013500,261,Weinähr,U,247,85,34.41295546558704
107,1071411013900,271,Winden,U,444,142,31.98198198198198
107,1071411014100,281,Zimmerschied,U,67,18,26.865671641791046
107,1071411020100,11,Arzbach,U,962,268,27.85862785862786
107,1071411100100,101,Allendorf,U,357,76,21.288515406162464
107,1071411101000,102,Berghausen,U,192,49,25.520833333333332
107,1071411101100,103,Berndroth,U,254,61,24.015748031496063
107,1071411101300,104,Biebrich,U,195,39,20.0
107,1071411101800,105,Bremberg,U,154,48,31.16883116883117
107,1071411102000,106,Burgschwalbach,U,579,149,25.734024179620036
107,1071411103200,107,Dörsdorf,U,237,78,32.91139240506329
107,1071411103400,108,Ebertshausen,U,82,30,36.58536585365854
107,1071411103600,109,Eisighofen,U,171,55,32.16374269005848
107,1071411103900,110,Ergeshausen,U,90,29,32.22222222222222
107,1071411104300,111,Flacht,U,537,136,25.32588454376164
107,1071411105000,112,Gutenacker,U,224,51,22.767857142857142
107,1071411105100,113,Hahnstätten,U,692,177,25.578034682080926
107,1071411105100,133,Hahnstätten,U,676,180,26.627218934911244
107,1071411105400,114,Herold,U,245,73,29.795918367346943
107,1071411106500,115,Kaltenholzhausen,U,315,82,26.031746031746035
107,1071411106800,116,"Katzenelnbogen,St",U,549,186,33.87978142076503
107,1071411106800,132,"Katzenelnbogen,St",U,487,132,27.104722792607806
107,1071411107300,117,Klingelbach,U,432,137,31.712962962962965
107,1071411107400,118,Kördorf,U,328,77,23.47560975609756
107,1071411108100,119,Lohrheim,U,331,93,28.09667673716012
107,1071411108800,120,Mittelfischbach,U,107,27,25.233644859813083
107,1071411108900,121,Mudershausen,U,266,69,25.93984962406015
107,1071411109300,122,Netzbach,U,233,62,26.609442060085836
107,1071411109500,123,Niederneisen,U,761,260,34.16557161629435
107,1071411109600,124,Niedertiefenbach,U,95,13,13.684210526315791
107,1071411110100,125,Oberfischbach,U,95,25,26.31578947368421
107,1071411110200,126,Oberneisen,U,393,71,18.06615776081425
107,1071411111300,127,Reckenroth,U,158,39,24.68354430379747
107,1071411111700,128,Rettert,U,275,74,26.90909090909091
107,1071411111800,129,Roth,U,124,31,25.0
107,1071411112500,130,Schiesheim,U,125,38,30.4
107,1071411112600,131,Schönborn,U,420,119,28.333333333333332
108,1081110000070,7000,Koblenz/Ehrenbreitstein,U,410,80,19.51219512195122
108,1081110000070,7091,Koblenz/Ehrenbreitstein Briefwahl,W,394,115,29.187817258883246
108,1081110000071,7110,Koblenz/Niederberg,U,305,83,27.21311475409836
108,1081110000071,7120,Koblenz/Niederberg,U,172,34,19.767441860465116
108,1081110000071,7130,Koblenz/Niederberg,U,516,153,29.651162790697676
108,1081110000071,7191,Koblenz/Niederberg Briefwahl,W,455,134,29.450549450549453
108,1081110000072,7210,Koblenz/Asterstein,U,522,164,31.417624521072796
108,1081110000072,7220,Koblenz/Asterstein,U,195,72,36.92307692307693
108,1081110000072,7291,Koblenz/Asterstein Briefwahl,W,753,309,41.03585657370518
108,1081110000073,7310,Koblenz/Pfaffendorf,U,393,121,30.788804071246815
108,1081110000073,7320,Koblenz/Pfaffendorf,U,314,77,24.522292993630572
108,1081110000073,7391,Koblenz/Pfaffendorf Briefwahl,W,785,296,37.70700636942676
108,1081110000074,7410,Koblenz/Pfaffendorfer Höhe,U,604,183,30.29801324503311
108,1081110000074,7420,Koblenz/Pfaffendorfer Höhe,U,672,242,36.01190476190476
108,1081110000075,7510,Koblenz/Horchheim,U,403,132,32.754342431761785
108,1081110000075,7520,Koblenz/Horchheim,U,326,88,26.993865030674847
108,1081110000075,7591,Koblenz/Horchheim Briefwahl,W,913,326,35.70646221248631
108,1081110000076,7600,Koblenz/Horchheimer Höhe,U,432,99,22.916666666666664
108,1081110000076,7691,Koblenz/Horchheimer Höhe Briefwahl,W,493,177,35.902636916835704
108,1081110000080,8010,Koblenz/Arzheim,U,266,97,36.46616541353384
108,1081110000080,8020,Koblenz/Arzheim,U,213,67,31.455399061032864
108,1081110000080,8091,Koblenz/Arzheim Briefwahl,W,740,272,36.75675675675676
108,1081110000081,8110,Koblenz/Arenberg,U,246,87,35.36585365853659
108,1081110000081,8120,Koblenz/Arenberg,U,304,100,32.89473684210527
108,1081110000081,8130,Koblenz/Immendorf,U,331,124,37.46223564954683
108,1081110000081,8191,Koblenz/Arenberg Briefwahl,W,903,374,41.41749723145072
108,1081110000081,8192,Koblenz/Arenberg Briefwahl,W,453,151,33.33333333333333
108,1081410007500,100,Lahnstein Stadt / Schiller-Schule,U,558,125,22.401433691756274
108,1081410007500,110,Lahnstein Stadt / Rhein-Lahn-Halle,U,334,94,28.143712574850298
108,1081410007500,111,Lahnstein Stadt / Rhein-Lahn-Halle,U,293,80,27.303754266211605
108,1081410007500,120,Lahnstein Stadt / Kindergarten Allerheiligenberg,U,422,139,32.93838862559242
108,1081410007500,200,Lahnstein Stadt / Stadthalle,U,492,145,29.471544715447155
108,1081410007500,210,Lahnstein Stadt / Goethe-Schule,U,323,106,32.81733746130031
108,1081410007500,220,Lahnstein Stadt / Goethe-Schule,U,319,125,39.18495297805642
108,1081410007500,221,Lahnstein Stadt / Goethe Schule,U,390,95,24.358974358974358
108,1081410007500,222,Lahnstein Stadt / Goethe Schule,U,313,69,22.044728434504794
108,1081410007500,230,Lahnstein Stadt / Klinik Lahnhöhe,U,210,59,28.095238095238095
108,1081410007500,300,Lahnstein Stadt / Friedrichssegen,U,223,47,21.076233183856502
108,1081410007500,396,Lahnstein Stadt / Briefwahl I,W,699,246,35.1931330472103
108,1081410007500,397,Lahnstein Stadt / Briefwahl II,W,510,192,37.64705882352941
108,1081410007500,398,Lahnstein Stadt / Briefwahl III,W,476,199,41.806722689075634
108,1081410007500,399,Lahnstein Stadt / Briefwahl IV,W,559,262,46.86940966010734
108,1081410007500,400,Lahnstein Stadt / Briefwahl V,W,714,269,37.675070028011206
108,1081410007500,401,Lahnstein Stadt / Briefwahl VI,W,641,241,37.597503900156006
108,1081410007500,402,Lahnstein Stadt / Briefwahl VII,W,628,265,42.197452229299365
108,1081410007500,403,Lahnstein Stadt / Briefwahl VIII,W,482,156,32.365145228215766
108,1081410900400,101,Auel,U,97,33,34.02061855670103
108,1081410901600,201,Bornich,U,618,160,25.88996763754045
108,1081410902300,401,Dachsenhausen - Bürgerhaus (großer Saal),U,322,86,26.70807453416149
108,1081410902300,402,Dachsenhausen - Bürgerhaus (kleiner Saal),U,316,93,29.430379746835445
108,1081410902400,501,Dahlheim,U,522,192,36.7816091954023
108,1081410903100,601,Dörscheid,U,218,74,33.94495412844037
108,1081410904200,701,Filsen,U,390,120,30.76923076923077
108,1081410906600,801,Kamp-Bornhofen - Bahnhof,U,302,68,22.516556291390728
108,1081410906600,802,Kamp-Bornhofen - Feuerwehrgerätehaus,U,443,158,35.66591422121896
108,1081410906900,901,Kaub,U,418,101,24.16267942583732
108,1081410907200,1001,Kestert,U,290,106,36.55172413793103
108,1081410907900,1101,Lierschied,U,277,89,32.12996389891697
108,1081410908300,1201,Lykershausen,U,144,63,43.75
108,1081410909900,1301,Nochern,U,316,108,34.177215189873415
108,1081410910800,1401,Osterspai,U,725,265,36.55172413793103
108,1081410910900,1501,Patersberg,U,222,65,29.27927927927928
108,1081410911200,1601,Prath,U,193,68,35.233160621761655
108,1081410911400,1701,Reichenberg,U,106,19,17.92452830188679
108,1081410911500,1801,Reitzenhain,U,195,40,20.51282051282051
108,1081410912100,1901,Sankt Goarshausen Stadt - Loreleyhalle,U,405,124,30.617283950617285
108,1081410912100,1902,Sankt Goarshausen-Heide - Loreleyschule,U,111,40,36.03603603603604
108,1081410912200,2001,Sauerthal,U,69,28,40.57971014492754
108,1081410913600,2101,Weisel,U,625,181,28.96
108,1081410913800,2201,Weyer,U,269,92,34.20074349442379
108,1081410950100,301,Braubach - Schöntges Automobile,U,487,166,34.08624229979466
108,1081410950100,302,Braubach - Marksburgschule,U,372,92,24.731182795698924
108,1081410950100,303,Braubach - Rathaus,U,466,127,27.253218884120173
108,1081410950100,304,Braubach - DGH Hinterwald,U,77,33,42.857142857142854
109,1091110000010,1010,Koblenz/Altstadt,U,255,57,22.35294117647059
109,1091110000010,1020,Koblenz/Altstadt,U,274,61,22.26277372262774
109,1091110000010,1030,Koblenz/Altstadt,U,244,39,15.983606557377051
109,1091110000010,1040,Koblenz/Altstadt,U,203,37,18.226600985221676
109,1091110000010,1091,Koblenz/Altstadt Briefwahl,W,568,159,27.992957746478876
109,1091110000010,1092,Koblenz/Altstadt Briefwahl,W,573,157,27.399650959860384
109,1091110000011,1110,Koblenz/Mitte,U,309,47,15.210355987055015
109,1091110000011,1120,Koblenz/Mitte,U,393,94,23.918575063613233
109,1091110000011,1130,Koblenz/Mitte,U,243,60,24.691358024691358
109,1091110000011,1191,Koblenz/Mitte Briefwahl,W,506,137,27.07509881422925
109,1091110000011,1192,Koblenz/Mitte Briefwahl,W,450,140,31.11111111111111
109,1091110000012,1210,Koblenz/Süd,U,510,80,15.686274509803921
109,1091110000012,1220,Koblenz/Süd,U,409,96,23.4718826405868
109,1091110000012,1230,Koblenz/Süd,U,310,40,12.903225806451612
109,1091110000012,1240,Koblenz/Süd,U,414,87,21.014492753623188
109,1091110000012,1291,Koblenz/Süd Briefwahl,W,525,120,22.857142857142858
109,1091110000012,1292,Koblenz/Süd Briefwahl,W,612,140,22.875816993464053
109,1091110000012,1293,Koblenz/Süd Briefwahl,W,561,168,29.946524064171122
109,1091110000013,1300,Koblenz/Oberwerth,U,547,233,42.59597806215722
109,1091110000013,1391,Koblenz/Oberwerth Briefwahl,W,520,207,39.80769230769231
109,1091110000014,1410,Koblenz/Karthause Nord,U,425,127,29.88235294117647
109,1091110000014,1420,Koblenz/Karthause Nord,U,414,112,27.053140096618357
109,1091110000014,1491,Koblenz/Karthause Nord Briefwahl,W,857,311,36.28938156359393
109,1091110000015,1510,Koblenz/Karthäuserhofgelände,U,715,339,47.41258741258741
109,1091110000015,1520,Koblenz/Karthäuserhofgelände,U,239,73,30.543933054393307
109,1091110000015,1591,Koblenz/Karthäuserhofgelände Briefwahl,W,276,95,34.42028985507246
109,1091110000016,1610,Koblenz/Karthause Flugfeld,U,225,57,25.333333333333336
109,1091110000016,1620,Koblenz/Karthause Flugfeld,U,313,85,27.15654952076677
109,1091110000016,1630,Koblenz/Karthause Flugfeld,U,358,80,22.3463687150838
109,1091110000016,1640,Koblenz/Karthause Flugfeld,U,210,73,34.76190476190476
109,1091110000016,1691,Koblenz/Karthause Flugfeld Briefwahl,W,488,169,34.63114754098361
109,1091110000016,1692,Koblenz/Karthause Flugfeld Briefwahl,W,551,254,46.098003629764065
109,1091110000017,1710,Koblenz/Goldgrube,U,289,54,18.685121107266436
109,1091110000017,1720,Koblenz/Goldgrube,U,270,69,25.555555555555554
109,1091110000017,1730,Koblenz/Goldgrube,U,463,94,20.302375809935207
109,1091110000017,1791,Koblenz/Goldgrube Briefwahl,W,421,113,26.840855106888363
109,1091110000017,1792,Koblenz/Goldgrube Briefwahl,W,477,122,25.57651991614256
109,1091110000018,1810,Koblenz/Rauental,U,238,44,18.487394957983195
109,1091110000018,1820,Koblenz/Rauental,U,350,74,21.142857142857142
109,1091110000018,1830,Koblenz/Rauental,U,415,103,24.819277108433734
109,1091110000018,1891,Koblenz/Rauental Briefwahl,W,637,169,26.53061224489796
109,1091110000018,1892,Koblenz/Rauental Briefwahl,W,309,103,33.33333333333333
109,1091110000019,1910,Koblenz/Moselweiß,U,352,78,22.15909090909091
109,1091110000019,1920,Koblenz/Moselweiß,U,311,98,31.511254019292608
109,1091110000019,1991,Koblenz/Moselweiß Briefwahl,W,902,330,36.58536585365854
109,1091110000020,2000,Koblenz/Stolzenfels,U,95,35,36.84210526315789
109,1091110000020,2091,Koblenz/Stolzenfels Briefwahl,W,86,29,33.72093023255814
109,1091110000021,2100,Koblenz/Lay,U,440,181,41.13636363636364
109,1091110000021,2191,Koblenz/Lay Briefwahl,W,559,241,43.112701252236135
109,1091110000040,4010,Koblenz/Lützel,U,213,39,18.30985915492958
109,1091110000040,4020,Koblenz/Lützel,U,227,36,15.859030837004406
109,1091110000040,4030,Koblenz/Lützel,U,158,16,10.126582278481013
109,1091110000040,4040,Koblenz/Lützel,U,251,41,16.334661354581673
109,1091110000040,4050,Koblenz/Lützel,U,252,31,12.3015873015873
109,1091110000040,4060,Koblenz/Lützel,U,93,14,15.053763440860216
109,1091110000040,4070,Koblenz/Lützel,U,227,32,14.096916299559473
109,1091110000040,4091,Koblenz/Lützel Briefwahl,W,207,53,25.60386473429952
109,1091110000040,4092,Koblenz/Lützel Briefwahl,W,357,94,26.330532212885156
109,1091110000040,4093,Koblenz/Lützel Briefwahl,W,254,64,25.196850393700785
109,1091110000041,4110,Koblenz/Metternich,U,355,72,20.281690140845072
109,1091110000041,4120,Koblenz/Metternich,U,206,62,30.097087378640776
109,1091110000041,4130,Koblenz/Metternich,U,267,63,23.595505617977526
109,1091110000041,4140,Koblenz/Metternich,U,293,89,30.37542662116041
109,1091110000041,4150,Koblenz/Metternich,U,444,126,28.37837837837838
109,1091110000041,4160,Koblenz/Metternich,U,230,69,30.0
109,1091110000041,4170,Koblenz/Metternich,U,348,96,27.586206896551722
109,1091110000041,4191,Koblenz/Metternich Briefwahl,W,497,161,32.3943661971831
109,1091110000041,4192,Koblenz/Metternich Briefwahl,W,796,289,36.30653266331658
109,1091110000041,4193,Koblenz/Metternich Briefwahl,W,663,190,28.657616892911008
109,1091110000041,4194,Koblenz/Metternich Briefwahl,W,723,261,36.09958506224066
109,1091110000043,4310,Koblenz/Neuendorf,U,201,46,22.885572139303484
109,1091110000043,4320,Koblenz/Neuendorf,U,388,91,23.45360824742268
109,1091110000043,4330,Koblenz/Neuendorf,U,156,21,13.461538461538462
109,1091110000043,4391,Koblenz/Neuendorf Briefwahl,W,335,117,34.92537313432836
109,1091110000043,4392,Koblenz/Neuendorf Briefwahl,W,222,59,26.576576576576578
109,1091110000044,4410,Koblenz/Wallersheim,U,280,93,33.214285714285715
109,1091110000044,4420,Koblenz/Wallersheim,U,329,91,27.659574468085108
109,1091110000044,4491,Koblenz/Wallersheim Briefwahl,W,586,216,36.86006825938566
109,1091110000050,5010,Koblenz/Kesselheim,U,186,58,31.182795698924732
109,1091110000050,5020,Koblenz/Kesselheim,U,273,80,29.304029304029307
109,1091110000050,5091,Koblenz/Kesselheim Briefwahl,W,599,240,40.06677796327212
109,1091110000051,5110,Koblenz/Güls,U,363,105,28.92561983471074
109,1091110000051,5120,Koblenz/Güls,U,297,93,31.313131313131315
109,1091110000051,5130,Koblenz/Güls,U,252,78,30.952380952380953
109,1091110000051,5140,Koblenz/Güls,U,348,111,31.896551724137932
109,1091110000051,5191,Koblenz/Güls Briefwahl,W,1073,390,36.34669151910531
109,1091110000051,5192,Koblenz/Güls Briefwahl,W,993,397,39.97985901309164
109,1091110000052,5210,Koblenz/Rübenach,U,235,76,32.340425531914896
109,1091110000052,5220,Koblenz/Rübenach,U,377,124,32.891246684350136
109,1091110000052,5230,Koblenz/Rübenach,U,238,75,31.512605042016805
109,1091110000052,5240,Koblenz/Rübenach,U,289,95,32.8719723183391
109,1091110000052,5291,Koblenz/Rübenach Briefwahl,W,688,276,40.116279069767444
109,1091110000052,5292,Koblenz/Rübenach Briefwahl,W,570,213,37.368421052631575
109,1091110000053,5300,Koblenz/Bubenheim,U,326,122,37.423312883435585
109,1091110000053,5391,Koblenz/Bubenheim Briefwahl,W,390,173,44.35897435897436
110,1101370020300,501,BWB501,W,751,240,31.957390146471372
110,1101370020300,502,BWB502,W,541,181,33.45656192236599
110,1101370020300,503,BWB503,W,738,256,34.68834688346883
110,1101370020300,504,BWB504,W,709,288,40.62059238363893
110,1101370020300,505,BWB505,W,650,242,37.230769230769226
110,1101370020301,101,Bendorf/Wilhelm-Remy-Gymnasium 01,U,320,91,28.4375
110,1101370020301,102,Bendorf/Wilhelm-Remy-Gymnasium 02,U,329,97,29.48328267477204
110,1101370020301,103,Bendorf/Stadthalle,U,373,90,24.128686327077748
110,1101370020301,104,Bendorf/Medardus-Schule,U,372,94,25.268817204301076
110,1101370020301,105,Bendorf/Theodor-Heuss-Schule,U,416,74,17.78846153846154
110,1101370020302,201,Sayn/Feuerwehrgerätehaus Sayn,U,357,98,27.450980392156865
110,1101370020302,202,"Sayn/Heinrich Haus Neuwied, Außenstelle Kemperhof",U,325,79,24.307692307692307
110,1101370020302,203,Sayn/Bodelschwingh Schule,U,359,72,20.055710306406684
110,1101370020303,301,Mülhofen/Mehrzweckhalle Mülhofen,U,603,124,20.563847429519072
110,1101370020304,401,Stromberg/Dieter-Trennheuser-Halle,U,497,194,39.03420523138833
110,1101370721800,1,Niederwerth Urne,U,351,95,27.065527065527068
110,1101370721800,2,Niederwerth Brief,W,456,177,38.81578947368421
110,1101370722400,1,Urbar Urne 101,U,394,125,31.725888324873097
110,1101370722400,2,Urbar Urne 102,U,444,144,32.432432432432435
110,1101370722400,3,Urbar Brief,W,801,316,39.45068664169788
110,1101370722600,1,Vallendar Urne 101,U,453,168,37.086092715231786
110,1101370722600,2,Vallendar Urne 102,U,449,173,38.530066815144764
110,1101370722600,3,Vallendar Urne 103,U,460,177,38.47826086956522
110,1101370722600,4,Vallendar Urne 104,U,651,233,35.79109062980031
110,1101370722600,5,Vallendar Brief 1 (Urne 101 und Urne 102),W,1219,569,46.67760459392945
110,1101370722600,6,Vallendar Brief 2 (Urne 103 und Urne 104),W,1205,518,42.98755186721992
110,1101370722900,1,Weitersburg Urne,U,701,241,34.37945791726106
110,1101370722900,2,Weitersburg Brief,W,733,283,38.608458390177354
110,1101370820200,101,Bassenheim,U,1575,599,38.03174603174603
110,1101370820900,101,Kaltenengers,U,1007,381,37.835153922542204
110,1101370821100,101,Kettig,U,295,90,30.508474576271187
110,1101370821100,102,Kettig,U,417,155,37.170263788968825
110,1101370821100,401,"Kettig, Briefwahl",W,989,424,42.871587462082914
110,1101370821600,101,"Mülheim-Kärlich,St Kärlich",U,488,174,35.65573770491803
110,1101370821600,102,"Mülheim-Kärlich,St Kärlich",U,394,164,41.62436548223351
110,1101370821600,201,"Mülheim-Kärlich,St Mülheim",U,403,143,35.483870967741936
110,1101370821600,202,"Mülheim-Kärlich,St Mülheim",U,385,101,26.233766233766232
110,1101370821600,203,"Mülheim-Kärlich,St Mülheim",U,445,144,32.359550561797754
110,1101370821600,301,"Mülheim-Kärlich,St Urmitz/Bahnhof",U,308,72,23.376623376623375
110,1101370821600,401,Mülheim-Kärlich/Briefwahl,W,562,264,46.97508896797153
110,1101370821600,402,Mülheim-Kärlich/Briefwahl,W,492,195,39.63414634146341
110,1101370821600,403,Mülheim-Kärlich/Briefwahl,W,814,317,38.943488943488944
110,1101370821600,404,Mülheim-Kärlich/Briefwahl,W,977,426,43.6028659160696
110,1101370822200,101,Sankt Sebastian,U,1125,371,32.97777777777778
110,1101370822500,101,Urmitz,U,788,255,32.36040609137056
110,1101370822500,401,Urmitz/Briefwahl,W,988,403,40.78947368421053
110,1101370822800,101,"Weißenthurm,St",U,371,89,23.98921832884097
110,1101370822800,102,"Weißenthurm,St",U,412,85,20.631067961165048
110,1101370822800,103,"Weißenthurm,St",U,236,54,22.88135593220339
110,1101370822800,104,"Weißenthurm,St",U,308,61,19.805194805194805
110,1101370822800,401,"Weißenthurm,Briefwahl",W,666,225,33.78378378378378
110,1101370822800,402,"Weißenthurm,Briefwahl",W,657,259,39.42161339421613
110,1101430303000,401,Hilgert Pfeifenbäckerhalle,U,841,281,33.41260404280618
110,1101430303100,401,Hillscheid Oberwaldhalle,U,656,243,37.042682926829265
110,1101430303100,402,"Hillscheid, Alte Schule, Dorfcafé",U,671,277,41.28166915052161
110,1101430303200,201,"Jugend-, Kultur- und Bürgerzentrum",U,592,241,40.70945945945946
110,1101430303200,202,"Höhr-Grenzhausen, Neue Sporthalle Eingang Töpferstraße",U,393,126,32.06106870229007
110,1101430303200,203,"Höhr-Grenzhausen, Cera Tech Center",U,548,137,25.0
110,1101430303200,204,"Höhr-Grenzhausen, Pfarrzentrum",U,474,181,38.18565400843882
110,1101430303200,205,"Höhr-Grenzhausen, Rathaus Sitzungssaal",U,569,217,38.13708260105449
110,1101430303200,206,"Höhr-Grenzhausen, Aula Ernst-Barlach-Realschule plus",U,451,110,24.390243902439025
110,1101430303200,207,"Höhr-Grenzhausen, Mensa Gymnasium",U,509,160,31.43418467583497
110,1101430303200,208,"Höhr-Grenzhausen, Mensa Goethe-Schule",U,381,127,33.33333333333333
110,1101430304000,501,Kammerforst,U,137,30,21.897810218978105
111,1111370000300,900,Briefwahl 0,W,400,126,31.5
111,1111370000300,901,Briefwahl 1,W,395,148,37.46835443037975
111,1111370000300,902,Briefwahl 2,W,395,128,32.40506329113924
111,1111370000300,903,Briefwahl 3,W,399,147,36.84210526315789
111,1111370000300,904,Briefwahl 4,W,394,167,42.38578680203046
111,1111370000300,905,Briefwahl 5,W,398,146,36.68341708542713
111,1111370000300,906,Briefwahl 6,W,396,148,37.37373737373738
111,1111370000300,907,Briefwahl 7,W,396,143,36.11111111111111
111,1111370000300,908,Briefwahl 8,W,392,158,40.30612244897959
111,1111370000300,909,Briefwahl 9,W,392,125,31.887755102040817
111,1111370000300,910,Briefwahl 10,W,384,138,35.9375
111,1111370000300,911,Briefwahl 11,W,399,113,28.32080200501253
111,1111370000300,912,Briefwahl 12,W,386,142,36.787564766839374
111,1111370000300,913,Briefwahl 13,W,396,131,33.08080808080808
111,1111370000300,914,Briefwahl 14,W,389,126,32.390745501285345
111,1111370000300,915,Briefwahl 15,W,453,121,26.71081677704194
111,1111370000301,1000,Andernach/Kernstadt,U,365,87,23.835616438356162
111,1111370000301,1001,Andernach/Kernstadt,U,327,88,26.911314984709477
111,1111370000301,1002,Andernach/Kernstadt,U,407,67,16.461916461916463
111,1111370000301,1003,Andernach/Kernstadt,U,542,154,28.413284132841326
111,1111370000301,1004,Andernach/Kernstadt,U,487,145,29.774127310061605
111,1111370000301,1005,Andernach/Kernstadt,U,453,111,24.503311258278146
111,1111370000301,1006,Andernach/Kernstadt,U,253,50,19.76284584980237
111,1111370000301,1007,Andernach/Kernstadt,U,589,114,19.35483870967742
111,1111370000301,1008,Andernach/Kernstadt,U,515,100,19.41747572815534
111,1111370000301,1009,Andernach/Kernstadt,U,472,105,22.245762711864405
111,1111370000301,1010,Andernach/Kernstadt,U,484,82,16.94214876033058
111,1111370000302,2011,Andernach/Eich,U,566,144,25.4416961130742
111,1111370000303,3012,Andernach/Kell,U,314,121,38.53503184713376
111,1111370000304,4013,Andernach/Miesenheim,U,374,100,26.737967914438503
111,1111370000304,4014,Andernach/Miesenheim,U,327,102,31.19266055045872
111,1111370000305,5015,Andernach/Namedy,U,335,90,26.865671641791046
111,1111370105600,1,Kretz,U,205,45,21.951219512195124
111,1111370105600,2,Kretz (Briefwahl),W,144,52,36.11111111111111
111,1111370105700,1,Kruft,U,454,118,25.991189427312776
111,1111370105700,2,Kruft,U,462,129,27.92207792207792
111,1111370105700,3,Kruft (Briefwahl 1),W,576,224,38.88888888888889
111,1111370105700,4,Kruft (Briefwahl 2),W,677,241,35.59822747415066
111,1111370108100,1,Nickenich,U,466,110,23.605150214592275
111,1111370108100,2,Nickenich,U,485,140,28.865979381443296
111,1111370108100,3,Nickenich (Briefwahl 1),W,539,148,27.458256029684602
111,1111370108100,4,Nickenich (Briefwahl 2),W,609,180,29.55665024630542
111,1111370108800,1,Plaidt,U,312,87,27.884615384615387
111,1111370108800,2,Plaidt,U,279,92,32.97491039426524
111,1111370108800,3,Plaidt,U,309,81,26.21359223300971
111,1111370108800,4,Plaidt,U,350,82,23.42857142857143
111,1111370108800,5,Plaidt (Briefwahl 1),W,346,137,39.59537572254335
111,1111370108800,6,Plaidt (Briefwahl 2),W,468,175,37.39316239316239
111,1111370108800,7,Plaidt (Briefwahl 3),W,364,142,39.010989010989015
111,1111370108800,8,Plaidt (Briefwahl 4),W,386,163,42.2279792746114
111,1111370109600,1,Saffig,U,564,176,31.20567375886525
111,1111370109600,2,Saffig (Briefwahl),W,618,226,36.56957928802589
111,1111370400800,101,Bell,U,815,282,34.60122699386503
111,1111370406900,101,"Mendig, Stadt",U,776,285,36.72680412371135
111,1111370406900,102,"Mendig, Stadt",U,813,274,33.702337023370234
111,1111370406900,103,"Mendig, Stadt",U,532,152,28.57142857142857
111,1111370406900,104,"Mendig, Stadt",U,671,203,30.25335320417288
111,1111370406900,105,"Mendig, Stadt",U,572,162,28.321678321678323
111,1111370406900,106,"Mendig, Stadt",U,636,215,33.80503144654088
111,1111370406900,107,"Mendig, Stadt",U,557,167,29.982046678635548
111,1111370409300,101,Rieden,U,695,293,42.15827338129496
111,1111370410100,101,Thür,U,839,306,36.471990464839095
111,1111370410600,101,Volkesfeld,U,332,142,42.77108433734939
112,1121370006801,1111,Mayen/Kernstadt,U,619,244,39.4184168012924
112,1121370006801,1117,Mayen/Kernstadt,U,481,136,28.274428274428274
112,1121370006801,1121,Mayen/Kernstadt,U,751,256,34.0878828229028
112,1121370006801,1122,Mayen/Kernstadt,U,558,128,22.939068100358423
112,1121370006801,1131,Mayen/Kernstadt,U,531,152,28.625235404896422
112,1121370006801,1141,Mayen/Kernstadt,U,695,269,38.705035971223026
112,1121370006801,1143,Mayen/Kernstadt,U,659,195,29.590288315629742
112,1121370006801,1145,Mayen/Kernstadt,U,540,132,24.444444444444443
112,1121370006801,1151,Mayen/Kernstadt,U,804,273,33.95522388059701
112,1121370006801,1161,Mayen/Kernstadt,U,643,197,30.637636080870916
112,1121370006802,1211,Mayen/Alzheim,U,755,283,37.48344370860927
112,1121370006803,1311,Mayen/Hausen,U,919,246,26.768226332970617
112,1121370006804,1411,Mayen/Kürrenberg,U,636,243,38.20754716981132
112,1121370006805,1511,Mayen/Nitztal,U,88,34,38.63636363636363
112,1121370202300,2301,Einig,U,75,35,46.666666666666664
112,1121370202700,2701,Gappenach,U,198,59,29.797979797979796
112,1121370202900,2901,Gering,U,219,73,33.33333333333333
112,1121370203000,3001,Gierschnach,U,164,45,27.439024390243905
112,1121370204100,4101,Kalt,U,272,95,34.92647058823529
112,1121370204800,4801,Kerben,U,293,95,32.42320819112628
112,1121370205300,5301,Kollig,U,337,130,38.57566765578635
112,1121370206500,6501,Lonnig 1,U,356,110,30.89887640449438
112,1121370206500,6502,Lonnig 2,U,354,146,41.24293785310734
112,1121370207000,7001,Mertloch,U,748,245,32.75401069518716
112,1121370208000,8001,Naunheim,U,246,94,38.21138211382114
112,1121370208600,8601,Ochtendung - Rathaus,U,894,340,38.03131991051455
112,1121370208600,8602,Ochtendung - Kita Regenbogen,U,1032,356,34.49612403100775
112,1121370208600,8603,Ochtendung - Kulturhalle,U,858,335,39.044289044289044
112,1121370208700,8701,Pillig,U,270,97,35.92592592592593
112,1121370208900,8901,"Polch,St, Grundschule, Eingang Lessingstraße",U,541,208,38.447319778188536
112,1121370208900,8902,"Polch,St, Grundschule, Eingang Dechant-Riegel-Straße",U,424,153,36.08490566037736
112,1121370208900,8903,"Polch, @Viedel, Raum 0-9",U,537,178,33.14711359404097
112,1121370208900,8904,"Polch, @Viedel, Raum 0-11",U,452,183,40.48672566371682
112,1121370208900,8905,"Polch, @Viedel, Raum 0-14",U,396,111,28.030303030303028
112,1121370208900,8906,"Polch, Kita Schwalbennest",U,451,149,33.03769401330377
112,1121370208900,8921,"Polch, Ruitsch / Kaan",U,333,103,30.930930930930934
112,1121370209500,9501,Rüber,U,506,159,31.422924901185773
112,1121370210200,10201,Trimbs,U,380,106,27.89473684210526
112,1121370211200,11201,Welling,U,542,199,36.715867158671585
112,1121370211400,11401,Wierschem,U,197,65,32.99492385786802
112,1121370250100,50101,"Münstermaifeld,St, Stadthalle, Haupteingang",U,367,126,34.332425068119896
112,1121370250100,50102,"Münstermaifeld,St, Stadthalle, Seiteneingang",U,403,140,34.7394540942928
112,1121370250100,50103,"Münstermaifeld,St, Stadthalle, Hintereingang",U,478,189,39.53974895397489
112,1121370250100,50111,"Münstermaifeld, Keldung",U,142,51,35.91549295774648
112,1121370250100,50121,"Münstermaifeld,Küttig",U,116,31,26.72413793103448
112,1121370250100,50131,"Münstermaifeld, Lasserg",U,140,48,34.285714285714285
112,1121370250100,50141,"Münstermaifeld, Metternich",U,133,43,32.33082706766917
112,1121370250100,50151,"Münstermaifeld, Mörz",U,141,33,23.404255319148938
112,1121370300100,1,Acht,U,52,11,21.153846153846153
112,1121370300400,1,Anschau,U,200,98,49.0
112,1121370300600,1,Arft,U,135,47,34.81481481481482
112,1121370300700,1,Baar,U,390,201,51.53846153846153
112,1121370301100,1,Bermel,U,218,73,33.48623853211009
112,1121370301400,1,Boos,U,361,183,50.69252077562327
112,1121370301900,1,Ditscheid,U,165,67,40.60606060606061
112,1121370302500,1,Ettringen,U,799,255,31.914893617021278
112,1121370302500,2,Ettringen,U,657,193,29.37595129375951
112,1121370303400,1,Hausten,U,258,118,45.73643410852713
112,1121370303500,1,Herresbach,U,313,180,57.50798722044729
112,1121370303600,1,Hirten,U,150,55,36.666666666666664
112,1121370304300,1,Kehrig,U,763,280,36.69724770642202
112,1121370304900,1,Kirchwald,U,484,156,32.231404958677686
112,1121370305500,1,Kottenheim,U,791,308,38.93805309734513
112,1121370305500,2,Kottenheim,U,735,270,36.734693877551024
112,1121370306000,1,Langenfeld,U,431,197,45.707656612529
112,1121370306100,1,Langscheid,U,53,25,47.16981132075472
112,1121370306300,1,Lind,U,35,24,68.57142857142857
112,1121370306600,1,Luxem,U,195,99,50.76923076923077
112,1121370307400,1,Monreal,U,431,165,38.2830626450116
112,1121370307700,1,Münk,U,152,86,56.57894736842105
112,1121370307900,1,Nachtsheim,U,367,178,48.50136239782017
112,1121370309200,1,Reudelsterz,U,222,93,41.891891891891895
112,1121370309700,1,Sankt Johann,U,515,188,36.50485436893204
112,1121370309900,1,Siebenbach,U,119,52,43.69747899159664
112,1121370310500,1,Virneburg,U,221,102,46.15384615384615
112,1121370311000,1,Weiler,U,255,111,43.529411764705884
112,1121370311000,2,Weiler,U,48,17,35.41666666666667
112,1121370311300,1,Welschenbach,U,38,19,50.0
112,1121370920100,9011,Alken,U,421,185,43.942992874109265
112,1121370920400,9021,Brey,U,978,374,38.24130879345603
112,1121370920500,9031,Brodenbach,U,298,127,42.61744966442953
112,1121370920500,9032,Brodenbach,U,55,21,38.18181818181819
112,1121370920600,9041,Burgen,U,432,165,38.19444444444444
112,1121370920700,9051,Dieblich,U,1440,657,45.625
112,1121370920800,9061,Hatzenport,U,340,135,39.705882352941174
112,1121370921200,9071,Kobern-Gondorf,U,1139,445,39.06935908691835
112,1121370921200,9073,Kobern-Gondorf,U,260,121,46.53846153846154
112,1121370921200,9074,Kobern-Gondorf,U,279,96,34.40860215053764
112,1121370921400,9091,Löf,U,616,244,39.61038961038961
112,1121370921400,9092,Löf,U,247,104,42.10526315789473
112,1121370921500,9101,Macken,U,255,135,52.94117647058824
112,1121370921700,9111,Niederfell,U,471,147,31.210191082802545
112,1121370921900,9121,Nörtershausen,U,421,171,40.61757719714964
112,1121370921900,9122,Nörtershausen,U,303,113,37.29372937293729
112,1121370922000,9131,Oberfell,U,640,295,46.09375
112,1121370922100,9141,"Rhens,St",U,711,295,41.49085794655415
112,1121370922100,9142,"Rhens,St",U,923,420,45.50379198266522
112,1121370922300,9151,Spay,U,1160,445,38.362068965517246
112,1121370922700,9161,Waldesch,U,694,251,36.1671469740634
112,1121370922700,9162,Waldesch,U,677,280,41.3589364844904
112,1121370923000,9171,Winningen,U,1494,562,37.61713520749665
112,1121370923100,9181,Wolken,U,722,330,45.70637119113574
112,1121370950400,9081,Lehmen,U,625,213,34.08
112,1121370950400,9082,Lehmen,U,146,48,32.87671232876712
113,1131310007001,101,Grundschule Kripp,U,843,269,31.90984578884935
113,1131310007001,102,Grundschule Kripp,U,849,264,31.09540636042403
113,1131310007002,201,Kath. Pfarr- und Jugendzentrum,U,1068,322,30.1498127340824
113,1131310007002,204,Grundschule Remagen,U,986,341,34.5841784989858
113,1131310007002,206,IGS Remagen/Eingang Aula,U,1121,382,34.07671721677074
113,1131310007003,311,Grundschule Oberwinter,U,686,221,32.21574344023323
113,1131310007003,331,Dorfgemeinschaftshaus Bandorf,U,966,339,35.09316770186335
113,1131310007004,401,Pfarrzentrum Oedingen,U,548,221,40.32846715328467
113,1131310007005,501,Dorfgemeinschaftshaus Rolandswerth,U,204,88,43.13725490196079
113,1131310007006,601,Dorfgemeinschaftshaus Unkelbach,U,556,175,31.47482014388489
113,1131310007710,101,"Sinzig, St / Bad Bodendorf",U,863,288,33.371958285052145
113,1131310007710,102,"Sinzig, St / Bad Bodendorf",U,1139,420,36.87445127304653
113,1131310007720,201,"Sinzig, St / Franken",U,281,107,38.07829181494662
113,1131310007730,301,"Sinzig, St / Koisdorf",U,424,166,39.15094339622642
113,1131310007740,401,"Sinzig, St / Löhndorf",U,787,330,41.93138500635324
113,1131310007750,501,"Sinzig, St",U,875,260,29.714285714285715
113,1131310007750,502,"Sinzig, St",U,746,238,31.903485254691688
113,1131310007750,503,"Sinzig, St",U,1055,373,35.355450236966824
113,1131310007750,504,"Sinzig, St",U,869,302,34.75258918296893
113,1131310007760,601,"Sinzig, St / Westum",U,901,401,44.50610432852386
113,1131310300600,101,"Bad Breisig,St",U,404,143,35.396039603960396
113,1131310300600,102,"Bad Breisig,St",U,420,103,24.523809523809522
113,1131310300600,103,"Bad Breisig,St",U,338,96,28.402366863905325
113,1131310300600,104,"Bad Breisig,St",U,426,125,29.342723004694836
113,1131310300600,105,"Bad Breisig,St",U,368,130,35.32608695652174
113,1131310300600,106,"Bad Breisig, St",W,489,216,44.171779141104295
113,1131310300600,107,"Bad Breisig,St",W,531,214,40.30131826741996
113,1131310300600,108,"Bad Breisig, St",W,524,188,35.87786259541985
113,1131310300600,109,"Bad Breisig,St",W,503,204,40.55666003976143
113,1131310301400,110,Brohl-Lützing,U,546,183,33.51648351648351
113,1131310301400,111,Brohl-Lützing,U,626,209,33.38658146964856
113,1131310302500,112,Gönnersdorf,U,339,127,37.46312684365782
113,1131310308100,113,Waldorf,U,549,190,34.60837887067395
113,1131310401600,101,Dedenbach,U,295,124,42.03389830508474
113,1131310404100,101,Königsfeld,U,453,164,36.20309050772627
113,1131310405400,101,Niederdürenbach,U,342,131,38.30409356725146
113,1131310405400,201,Niederdürenbach,U,194,81,41.75257731958763
113,1131310405500,101,Niederzissen,U,761,312,40.99868593955322
113,1131310405500,102,Niederzissen,U,797,330,41.40526976160602
113,1131310405900,101,Oberdürenbach,U,269,95,35.31598513011153
113,1131310405900,301,Oberdürenbach,U,129,39,30.23255813953488
113,1131310406000,101,Oberzissen,U,595,222,37.3109243697479
113,1131310407300,101,Schalkenbach,U,438,146,33.33333333333333
113,1131310420100,101,Brenk,U,123,42,34.146341463414636
113,1131310420200,101,Burgbrohl,U,706,228,32.29461756373937
113,1131310420200,201,Burgbrohl,U,441,151,34.24036281179138
113,1131310420200,301,Burgbrohl,U,402,138,34.32835820895522
113,1131310420400,101,Galenberg,U,134,42,31.343283582089555
113,1131310420500,101,Glees,U,358,152,42.45810055865922
113,1131310420600,101,Hohenleimbach,U,208,76,36.53846153846153
113,1131310420800,101,Spessart,U,529,164,31.001890359168243
113,1131310420900,101,Wassenach,U,752,259,34.441489361702125
113,1131310421000,101,Wehr,U,693,297,42.857142857142854
113,1131310421100,101,Weibern,U,872,311,35.6651376146789
113,1131310450200,101,Kempenich,U,970,400,41.23711340206185
113,1131310450200,201,Kempenich,U,93,36,38.70967741935484
114,1141310000711,1100,Ahrweiler,U,723,308,42.60027662517289
114,1141310000711,1101,Ahrweiler,U,579,229,39.55094991364421
114,1141310000711,1102,Ahrweiler,U,789,333,42.20532319391635
114,1141310000711,1103,Ahrweiler,U,724,331,45.7182320441989
114,1141310000711,1104,Ahrweiler,U,578,236,40.830449826989614
114,1141310000711,1105,Ahrweiler,U,505,207,40.99009900990099
114,1141310000712,1200,Walporzheim,U,326,140,42.944785276073624
114,1141310000713,1300,Bachem,U,707,240,33.946251768033946
114,1141310000714,1400,Ramersbach,U,352,130,36.93181818181818
114,1141310000720,2000,Bad Neuenahr,U,561,197,35.115864527629235
114,1141310000720,2001,Bad Neuenahr,U,568,228,40.140845070422536
114,1141310000720,2002,Bad Neuenahr,U,637,285,44.740973312401884
114,1141310000720,2003,Bad Neuenahr,U,677,277,40.91580502215657
114,1141310000720,2004,Bad Neuenahr,U,456,166,36.40350877192983
114,1141310000720,2005,Bad Neuenahr,U,644,307,47.670807453416145
114,1141310000720,2006,Bad Neuenahr,U,577,309,53.552859618717505
114,1141310000720,2007,Bad Neuenahr,U,743,305,41.049798115746974
114,1141310000720,2008,Bad Neuenahr,U,645,312,48.372093023255815
114,1141310000730,3000,Heimersheim,U,779,316,40.564826700898585
114,1141310000730,3001,Heimersheim,U,797,330,41.40526976160602
114,1141310000731,3100,Heppingen,U,535,223,41.6822429906542
114,1141310000732,3200,Gimmigen,U,417,199,47.721822541966425
114,1141310000733,3300,Lohrsdorf,U,320,125,39.0625
114,1141310000734,3400,Kirchdaun,U,215,85,39.53488372093023
114,1141310009000,1101,"Grafschaft, Verb.fr.Gem.",U,278,126,45.32374100719424
114,1141310009000,1201,"Grafschaft, Verb.fr.Gem.",U,746,318,42.62734584450402
114,1141310009000,1301,"Grafschaft, Verb.fr.Gem.",U,1024,378,36.9140625
114,1141310009000,1401,"Grafschaft, Verb.fr.Gem.",U,306,117,38.23529411764706
114,1141310009000,2101,"Grafschaft, Verb.fr.Gem.",U,464,163,35.12931034482759
114,1141310009000,2201,"Grafschaft, Verb.fr.Gem.",U,231,89,38.52813852813853
114,1141310009000,2301,"Grafschaft, Verb.fr.Gem.",U,697,233,33.428981348637016
114,1141310009000,2401,"Grafschaft, Verb.fr.Gem.",U,356,153,42.97752808988764
114,1141310009000,2501,"Grafschaft, Verb.fr.Gem.",U,824,406,49.271844660194176
114,1141310009000,2601,"Grafschaft, Verb.fr.Gem.",U,647,262,40.49459041731067
114,1141310009000,2701,"Grafschaft, Verb.fr.Gem.",U,464,183,39.439655172413794
114,1141310100100,1,"Adenau,St",U,345,136,39.42028985507247
114,1141310100100,2,"Adenau,St",U,270,93,34.44444444444444
114,1141310100100,3,Adenau / Briefwahl,W,804,406,50.49751243781094
114,1141310100400,1,Antweiler,U,310,139,44.83870967741935
114,1141310100500,1,Aremberg,U,143,51,35.66433566433567
114,1141310100800,1,Barweiler,U,241,125,51.867219917012456
114,1141310100900,1,Bauler,U,28,14,50.0
114,1141310101500,1,Dankerath,U,50,21,42.0
114,1141310101800,1,Dorsel,U,112,46,41.07142857142857
114,1141310102100,1,Eichenbach,U,41,18,43.90243902439025
114,1141310102200,1,Fuchshofen,U,55,31,56.36363636363636
114,1141310102600,1,Harscheid,U,83,24,28.915662650602407
114,1141310102800,1,Herschbroich,U,145,70,48.275862068965516
114,1141310103000,1,Hoffeld,U,198,109,55.05050505050505
114,1141310103200,1,Honerath,U,106,51,48.113207547169814
114,1141310103300,101,Hümmel,U,303,156,51.48514851485149
114,1141310103400,1,Insul,U,290,113,38.96551724137931
114,1141310103700,1,Kaltenborn,U,214,99,46.26168224299065
114,1141310104200,1,Kottenborn,U,102,49,48.03921568627451
114,1141310104400,1,Leimbach,U,253,101,39.920948616600796
114,1141310105000,1,Meuspath,U,91,44,48.35164835164835
114,1141310105100,1,Müllenbach,U,306,177,57.84313725490197
114,1141310105200,1,Müsch,U,111,53,47.74774774774775
114,1141310105800,1,Nürburg,U,108,63,58.333333333333336
114,1141310106200,1,Ohlenhard,U,79,27,34.177215189873415
114,1141310106500,1,Pomster,U,96,49,51.041666666666664
114,1141310106600,1,Quiddelbach,U,158,71,44.936708860759495
114,1141310106900,1,Reifferscheid,U,308,135,43.83116883116883
114,1141310107200,1,Rodder,U,160,73,45.625
114,1141310107400,1,Schuld,U,375,154,41.06666666666667
114,1141310107500,1,Senscheid,U,45,18,40.0
114,1141310107600,1,Sierscheid,U,49,26,53.06122448979592
114,1141310107900,1,Trierscheid,U,44,30,68.18181818181817
114,1141310108200,1,Wershofen,U,501,208,41.51696606786427
114,1141310108300,1,Wiesemscheid,U,146,72,49.31506849315068
114,1141310108400,1,Wimbach,U,256,121,47.265625
114,1141310108500,1,Winnerath,U,118,53,44.91525423728814
114,1141310108600,1,Wirft,U,86,43,50.0
114,1141310150100,1,Dümpelfeld,U,294,135,45.91836734693878
114,1141310200200,2,Ahrbrück,U,602,255,42.35880398671096
114,1141310200300,1,Altenahr,U,853,350,41.031652989449
114,1141310201100,1,Berg,U,329,146,44.37689969604863
114,1141310201100,2,Berg-Freisheim,U,195,96,49.23076923076923
114,1141310201100,3,Berg-Krälingen,U,215,96,44.651162790697676
114,1141310201700,1,Dernau,U,970,474,48.865979381443296
114,1141310202700,1,Heckenbach,U,154,61,39.61038961038961
114,1141310202900,1,Hönningen,U,665,355,53.383458646616546
114,1141310203600,1,Kalenborn,U,442,201,45.47511312217195
114,1141310203900,1,Kesseling,U,220,95,43.18181818181818
114,1141310203900,2,Kesseling-Staffel,U,123,43,34.959349593495936
114,1141310204000,1,Kirchsahr,U,194,85,43.81443298969072
114,1141310204700,1,Lind,U,311,145,46.62379421221865
114,1141310204900,1,Mayschoß,U,449,204,45.43429844097995
114,1141310206800,1,Rech,U,300,134,44.666666666666664
215,2151350100700,101,Beilstein,U,79,39,49.36708860759494
215,2151350101200,101,Bremm,U,469,216,46.05543710021322
215,2151350101500,101,Briedern,U,206,94,45.63106796116505
215,2151350101700,101,Bruttig-Fankel,U,628,276,43.94904458598726
215,2151350102000,998,Briefw./Cochem I,W,523,229,43.78585086042065
215,2151350102000,999,Briefw./Cochem II,W,456,200,43.859649122807014
215,2151350102001,101,Cochem,U,144,43,29.86111111111111
215,2151350102001,102,Cochem,U,154,63,40.909090909090914
215,2151350102002,201,Cochem/Cond,U,368,145,39.40217391304348
215,2151350102003,301,Cochem/Sehl,U,193,76,39.37823834196891
215,2151350102004,401,Cochem/Brauheck,U,163,40,24.539877300613497
215,2151350102100,101,Dohr,U,393,175,44.529262086513995
215,2151350102400,101,Ediger-Eller,U,540,221,40.925925925925924
215,2151350102500,101,Ellenz-Poltersdorf,U,505,272,53.86138613861387
215,2151350102700,101,Ernst,U,371,173,46.63072776280324
215,2151350102900,101,Faid,U,577,267,46.2738301559792
215,2151350103600,101,Greimersburg,U,457,154,33.69803063457331
215,2151350104900,101,Klotten,U,631,273,43.264659270998415
215,2151350105300,901,Lieg,U,222,124,55.85585585585585
215,2151350105600,1001,Lütz,U,147,63,42.857142857142854
215,2151350106000,101,Mesenich,U,203,108,53.20197044334976
215,2151350106500,1301,Moselkern,U,338,131,38.75739644970414
215,2151350106600,1401,Müden (Mosel),U,399,205,51.37844611528822
215,2151350106900,101,Nehren,U,61,28,45.90163934426229
215,2151350107200,1501,Pommern,U,253,122,48.22134387351779
215,2151350107900,101,Senheim,U,315,137,43.492063492063494
215,2151350108200,1701,Treis I,U,483,202,41.821946169772254
215,2151350108200,1704,Karden,U,141,47,33.33333333333333
215,2151350108200,1799,Briefw./Treis-Karden,W,615,280,45.52845528455284
215,2151350108600,101,Valwig,U,270,119,44.074074074074076
215,2151350109000,101,Wirfus,U,140,54,38.57142857142858
215,2151350200900,101,Binningen,U,466,159,34.12017167381974
215,2151350201100,201,Brachtendorf,U,160,81,50.625
215,2151350201400,301,Brieden,U,99,24,24.242424242424242
215,2151350201600,401,Brohl,U,241,88,36.51452282157676
215,2151350202200,501,Dünfus,U,199,74,37.185929648241206
215,2151350202300,601,Düngenheim,U,661,236,35.703479576399396
215,2151350202600,701,Eppenberg,U,129,40,31.007751937984494
215,2151350202800,801,Eulgem,U,93,28,30.107526881720432
215,2151350203100,901,Forst (Eifel),U,236,85,36.016949152542374
215,2151350203300,1001,Gamlen,U,323,125,38.69969040247678
215,2151350203800,1101,Hambuch,U,426,175,41.07981220657277
215,2151350204000,1201,Hauroth,U,169,55,32.544378698224854
215,2151350204200,1301,Illerich,U,489,184,37.627811860940696
215,2151350204300,1401,Kaifenheim,U,498,237,47.59036144578313
215,2151350204400,1501,Kail,U,182,61,33.51648351648351
215,2151350204500,1601,Kaisersesch,U,851,324,38.07285546415981
215,2151350204500,1602,Kaisersesch,U,767,256,33.3767926988266
215,2151350204600,1901,Kalenborn,U,133,45,33.83458646616541
215,2151350205100,1801,Landkern,U,546,189,34.61538461538461
215,2151350205200,1901,Laubach,U,360,120,33.33333333333333
215,2151350205800,2101,Masburg,U,563,177,31.438721136767317
215,2151350206200,2201,Möntenich,U,78,33,42.30769230769231
215,2151350206700,2301,Müllenbach,U,391,154,39.38618925831202
215,2151350207500,2401,Roes,U,307,100,32.57328990228013
215,2151350208400,2501,Urmersbach,U,248,73,29.435483870967744
215,2151350209300,2601,Zettingen,U,172,57,33.13953488372093
215,2151350250200,2001,Leienkaul,U,220,89,40.45454545454545
215,2151350300200,101,Alflen,U,476,207,43.48739495798319
215,2151350300500,101,Auderath,U,359,141,39.27576601671309
215,2151350300800,101,Beuren,U,265,143,53.9622641509434
215,2151350301800,101,Büchel,U,683,369,54.02635431918009
215,2151350303000,101,Filz,U,46,31,67.3913043478261
215,2151350303400,101,Gevenich,U,353,159,45.04249291784703
215,2151350303500,101,Gillenbeuren,U,182,78,42.857142857142854
215,2151350304800,101,Kliding,U,130,62,47.69230769230769
215,2151350305700,101,Lutzerath,U,555,265,47.74774774774775
215,2151350305700,201,Lutzerath,U,234,116,49.572649572649574
215,2151350307800,101,Schmitt,U,82,42,51.21951219512195
215,2151350308300,101,Ulmen,U,712,344,48.31460674157304
215,2151350308300,103,Ulmen,U,452,168,37.16814159292036
215,2151350308300,104,Ulmen,U,98,27,27.55102040816326
215,2151350308300,201,Ulmen,U,135,73,54.074074074074076
215,2151350308500,101,Urschmitt,U,126,46,36.507936507936506
215,2151350308700,101,Wagenhausen,U,39,19,48.717948717948715
215,2151350308900,101,Weiler,U,167,73,43.712574850299404
215,2151350309100,101,Wollmerath,U,129,78,60.46511627906976
215,2151350350100,101,Bad Bertrich,U,180,79,43.888888888888886
215,2151350350100,201,Bad Bertrich,U,275,129,46.909090909090914
215,2151350500100,101,Alf,U,399,148,37.092731829573935
215,2151350500300,30,Altlay,U,241,110,45.643153526970956
215,2151350500400,40,Altstrimmig,U,196,80,40.816326530612244
215,2151350501000,10,Blankenrath,U,779,313,40.17971758664955
215,2151350501300,101,Briedel,U,481,174,36.17463617463618
215,2151350501900,101,Bullay,U,993,401,40.38267875125881
215,2151350503200,320,Forst (Hunsrück),U,46,18,39.130434782608695
215,2151350503700,370,Grenderich,U,223,102,45.73991031390135
215,2151350503900,390,Haserich,U,113,33,29.20353982300885
215,2151350504100,410,Hesweiler,U,63,24,38.095238095238095
215,2151350505400,540,Liesenich,U,155,77,49.67741935483871
215,2151350506100,610,Mittelstrimmig,U,273,139,50.91575091575091
215,2151350506400,640,Moritzheim,U,67,20,29.850746268656714
215,2151350506800,680,Neef,U,268,108,40.298507462686565
215,2151350507000,700,Panzweiler,U,149,74,49.664429530201346
215,2151350507100,711,Peterswald-Löffelscheid (Peterswald),U,192,64,33.33333333333333
215,2151350507100,712,Peterswald-Löffelscheid (Löffelscheid),U,175,58,33.14285714285714
215,2151350507300,730,Pünderich,U,504,190,37.698412698412696
215,2151350507400,740,Reidenhausen,U,97,38,39.175257731958766
215,2151350507600,760,Sankt Aldegund,U,330,127,38.484848484848484
215,2151350507700,770,Schauren,U,186,63,33.87096774193548
215,2151350508000,800,Sosberg,U,98,34,34.69387755102041
215,2151350508100,810,Tellig,U,168,60,35.714285714285715
215,2151350508800,880,Walhausen,U,100,33,33.0
215,2151350509200,9201,"Zell (Mosel) 1 / Rathaus, Stadtverwaltung / Sitzungszimmer",U,567,196,34.5679012345679
215,2151350509200,9202,Zell (Mosel) 2 (Merl) / Alte Schule Merl,U,278,97,34.89208633093525
215,2151350509200,9203,Zell (Mosel) 3 (Kaimt) / Integrierte Gesamtschule Zell,U,517,230,44.48742746615087
215,2151350509200,9204,Zell (Mosel) 4 (Barl) / Kindergarten Barl,U,661,265,40.09077155824508
216,2161400050101,1101,Boppard-Süd,U,716,205,28.631284916201118
216,2161400050101,1102,Boppard-Mitte,U,497,173,34.80885311871227
216,2161400050101,1103,Boppard-Nord,U,562,169,30.071174377224196
216,2161400050101,1104,Boppard-Zeil,U,522,200,38.31417624521073
216,2161400050101,1105,Boppard-Buchenau-Stadtwald,U,674,212,31.454005934718097
216,2161400050101,1106,Boppard-Buchenau-Leiswiese,U,333,114,34.234234234234236
216,2161400050102,2101,Boppard/Bad Salzig-Nord,U,708,317,44.77401129943503
216,2161400050102,2102,Boppard/Bad Salzig-Süd,U,609,232,38.095238095238095
216,2161400050103,2201,Boppard/Buchholz-Dorf/Mitte,U,842,294,34.91686460807601
216,2161400050103,2202,Boppard/Buchholz-Ohlenfeld/Bahnhof,U,644,242,37.577639751552795
216,2161400050104,2301,Boppard/Herschwiesen,U,213,91,42.72300469483568
216,2161400050105,2401,Boppard/Hirzenach,U,127,43,33.85826771653544
216,2161400050106,2501,Boppard/Holzfeld,U,251,53,21.115537848605577
216,2161400050107,2601,Boppard/Oppenhausen,U,528,193,36.553030303030305
216,2161400050108,2701,Boppard/Rheinbay,U,117,35,29.914529914529915
216,2161400050109,2801,Boppard/Udenhausen,U,323,136,42.10526315789473
216,2161400050110,2901,Boppard/Weiler,U,418,138,33.014354066985646
216,2161400300100,1,Alterkülz,U,256,73,28.515625
216,2161400300900,1,Bell (Hunsrück)-Bell (Hunsrück),U,272,80,29.411764705882355
216,2161400300900,2,Bell (Hunsrück)-Hundheim,U,103,31,30.097087378640776
216,2161400300900,3,Bell (Hunsrück)-Krastel,U,88,30,34.090909090909086
216,2161400300900,4,Bell (Hunsrück)-Leideneck,U,157,26,16.560509554140125
216,2161400300900,5,Bell (Hunsrück)-Völkenroth,U,157,32,20.382165605095544
216,2161400300900,6,Bell (Hunsrück)-Wohnroth,U,90,33,36.666666666666664
216,2161400301000,1,Beltheim-Beltheim,U,277,108,38.98916967509025
216,2161400301000,2,Beltheim-Frankweiler,U,139,55,39.568345323741006
216,2161400301000,3,Beltheim-Heyweiler,U,113,26,23.008849557522122
216,2161400301000,4,Beltheim-Mannebach,U,65,21,32.30769230769231
216,2161400301000,5,Beltheim-Schnellbach,U,199,46,23.115577889447238
216,2161400301000,6,Beltheim-Sevenich,U,97,37,38.144329896907216
216,2161400301000,7,7Beltheim-Beltheim,W,235,108,45.95744680851064
216,2161400301800,1,Braunshorn-Braunshorn,U,153,69,45.09803921568628
216,2161400301800,2,Braunshorn-Dudenroth,U,86,35,40.69767441860465
216,2161400301800,3,Braunshorn-Ebschied,U,157,69,43.94904458598726
216,2161400302100,1,Buch-Buch,U,446,167,37.44394618834081
216,2161400302100,2,Buch-Mörz,U,92,35,38.04347826086957
216,2161400304200,1,Gödenroth,U,283,63,22.261484098939928
216,2161400304600,1,Hasselbach,U,119,32,26.89075630252101
216,2161400305500,1,Hollnich,U,179,48,26.81564245810056
216,2161400306400,1,"Kastellaun,St",U,425,100,23.52941176470588
216,2161400306400,2,"Kastellaun,St",U,418,113,27.033492822966508
216,2161400306400,3,"Kastellaun,St",U,332,69,20.783132530120483
216,2161400306400,5,"Kastellaun,St",W,772,305,39.50777202072539
216,2161400306400,6,"Kastellaun,St",W,736,267,36.27717391304348
216,2161400307300,1,Korweiler,U,62,22,35.483870967741936
216,2161400309500,1,Michelbach,U,123,34,27.64227642276423
216,2161400313100,1,Roth,U,154,34,22.07792207792208
216,2161400314700,1,Spesenroth,U,118,30,25.423728813559322
216,2161400315300,1,Uhler,U,207,45,21.73913043478261
216,2161400320200,1,Dommershausen-Dommershausen,U,248,114,45.96774193548387
216,2161400320200,2,Dommershausen-Dorweiler,U,159,58,36.477987421383645
216,2161400320200,3,Dommershausen-Eveshausen,U,50,18,36.0
216,2161400320200,4,Dommershausen-Sabershausen,U,238,118,49.57983193277311
216,2161400320400,1,Mastershausen,U,603,293,48.59038142620232
216,2161400350200,801,Lahr,U,106,51,48.113207547169814
216,2161400350300,1201,Mörsdorf,U,357,154,43.13725490196079
216,2161400350400,1801,Zilshausen,U,186,76,40.86021505376344
216,2161400800200,21,Altweidelbach,U,155,56,36.12903225806451
216,2161400800300,31,"Argenthal, Chur-Pfalz-Halle",U,452,115,25.442477876106196
216,2161400800300,32,"Argenthal, Chur-Pfalz-Halle",U,540,198,36.666666666666664
216,2161400800800,81,Belgweiler,U,129,18,13.953488372093023
216,2161400801100,111,Benzweiler,U,133,40,30.075187969924812
216,2161400801200,121,Bergenhausen,U,70,26,37.142857142857146
216,2161400801500,151,Biebern,U,178,59,33.146067415730336
216,2161400802000,201,Bubach,U,155,45,29.03225806451613
216,2161400802300,231,Budenbach,U,105,28,26.666666666666668
216,2161400802700,271,Dichtelbach,U,394,103,26.14213197969543
216,2161400803500,351,Ellern (Hunsrück),U,546,184,33.6996336996337
216,2161400803700,371,Erbach,U,187,68,36.36363636363637
216,2161400803900,391,Fronhofen,U,156,57,36.53846153846153
216,2161400805600,561,Holzbach,U,318,76,23.89937106918239
216,2161400805800,581,Horn,U,245,59,24.081632653061224
216,2161400806500,651,Keidelheim,U,209,63,30.14354066985646
216,2161400806800,681,Kisselbach,U,370,165,44.5945945945946
216,2161400807000,701,Klosterkumbd,U,183,44,24.043715846994534
216,2161400807600,761,Külz (Hunsrück),U,299,63,21.070234113712374
216,2161400807700,771,Kümbdchen,U,258,67,25.968992248062015
216,2161400807900,791,Laubach,U,241,78,32.365145228215766
216,2161400808500,851,Liebshausen,U,298,119,39.93288590604027
216,2161400809200,921,Mengerschied,U,419,129,30.787589498806682
216,2161400809600,961,Mörschbach,U,197,49,24.873096446700508
216,2161400809900,991,Mutterschied,U,235,51,21.70212765957447
216,2161400810000,1001,Nannhausen,U,327,113,34.5565749235474
216,2161400810100,1011,Neuerkirch,U,212,53,25.0
216,2161400810600,1061,Niederkumbd,U,192,48,25.0
216,2161400811300,1131,Ohlweiler,U,193,49,25.38860103626943
216,2161400811500,1151,Oppertshausen,U,82,26,31.70731707317073
216,2161400811800,1181,Pleizenhausen,U,174,57,32.758620689655174
216,2161400811900,1191,Ravengiersburg,U,212,76,35.84905660377358
216,2161400812100,1211,Rayerschied,U,74,16,21.62162162162162
216,2161400812300,1231,Reich,U,212,54,25.471698113207548
216,2161400812500,1251,"Rheinböllen 1, Puricelli-Schule",U,777,251,32.3037323037323
216,2161400812500,1252,"Rheinböllen 2, Puricelli-Schule",U,617,196,31.766612641815232
216,2161400812500,1253,"Rheinböllen 3, Puricelli-Schule",U,663,212,31.975867269984914
216,2161400812600,1261,Riegenroth,U,119,37,31.092436974789916
216,2161400812700,1271,Riesweiler,U,500,167,33.4
216,2161400813400,1341,Sargenroth,U,279,62,22.22222222222222
216,2161400813800,1381,Schnorbach,U,176,65,36.93181818181818
216,2161400813900,1391,Schönborn,U,182,62,34.065934065934066
216,2161400814400,1441,"Simmern/Hunsrück 1, Realschule plus",U,676,206,30.473372781065088
216,2161400814400,1442,"Simmern/Hunsrück 2, Hunsrückschule",U,490,120,24.489795918367346
216,2161400814400,1443,"Simmern/Hunsrück 3, Schloss",U,678,208,30.678466076696164
216,2161400814400,1444,"Simmern/Hunsrück 4, Kreisverwaltung",U,800,236,29.5
216,2161400814400,1445,"Simmern/Hunsrück 5, KiTa Weltentdecker",U,775,230,29.677419354838708
216,2161400814800,1481,Steinbach,U,101,39,38.613861386138616
216,2161400815000,1501,Tiefenbach,U,479,120,25.052192066805844
216,2161400815800,1581,Wahlbach,U,124,27,21.774193548387096
216,2161400816600,1661,Wüschheim,U,188,77,40.95744680851064
216,2161400900500,101,Badenhard,U,91,23,25.274725274725274
216,2161400901400,101,Bickenbach,U,189,55,29.100529100529098
216,2161400901600,101,Birkheim,U,89,29,32.58426966292135
216,2161400902500,101,Damscheid,U,393,188,47.837150127226465
216,2161400903100,101,Dörth,U,337,161,47.774480712166174
216,2161400903600,101,Emmelshausen ZAP,U,704,224,31.818181818181817
216,2161400903600,102,Emmelshausen Grundschule,U,474,199,41.983122362869196
216,2161400903600,105,Emmelshausen Briefwahl,W,1505,673,44.71760797342193
216,2161400904300,101,Gondershausen,U,709,259,36.530324400564176
216,2161400904500,101,Halsenbach,U,692,299,43.20809248554913
216,2161400904700,101,Hausbay,U,141,49,34.751773049645394
216,2161400906000,101,Hungenroth,U,180,74,41.11111111111111
216,2161400906300,101,Karbach,U,395,149,37.721518987341774
216,2161400907500,101,Kratzenburg,U,270,102,37.77777777777778
216,2161400908000,101,Laudert,U,286,104,36.36363636363637
216,2161400908400,101,Leiningen,U,411,155,37.71289537712895
216,2161400908700,101,Lingerhahn,U,303,125,41.254125412541256
216,2161400908900,101,Maisborn,U,87,37,42.5287356321839
216,2161400909300,101,Mermuth,U,167,71,42.51497005988024
216,2161400909800,101,Mühlpfad,U,38,14,36.84210526315789
216,2161400910200,101,Ney,U,247,92,37.24696356275304
216,2161400910400,101,Niederburg,U,451,222,49.2239467849224
216,2161400910800,101,Niedert,U,73,17,23.28767123287671
216,2161400911000,101,Norath,U,281,112,39.8576512455516
216,2161400911200,101,Oberwesel Kernstadt,U,392,120,30.612244897959183
216,2161400911200,106,Oberwesel Briefwahl,W,969,429,44.27244582043344
216,2161400911200,301,Oberwesel Dellhofen,U,125,63,50.4
216,2161400911200,401,Oberwesel Langscheid,U,97,52,53.608247422680414
216,2161400911600,101,Perscheid,U,220,127,57.72727272727273
216,2161400911700,101,Pfalzfeld,U,344,107,31.1046511627907
216,2161400913300,101,Sankt Goar Kernstadt,U,172,49,28.488372093023255
216,2161400913300,107,Sankt Goar Briefwahl,W,859,260,30.267753201396975
216,2161400913300,201,Sankt Goar Biebernheim,U,234,71,30.34188034188034
216,2161400913300,301,Sankt Goar Werlau,U,240,73,30.416666666666664
216,2161400914000,101,Schwall,U,212,81,38.20754716981132
216,2161400914900,101,Thörlingen,U,91,47,51.64835164835166
216,2161400915500,101,Urbar,U,427,190,44.49648711943794
216,2161400915600,101,Utzenhain,U,71,20,28.169014084507044
216,2161400916100,101,Wiebelsheim,U,334,108,32.33532934131736
216,2161400920100,101,Beulich,U,301,108,35.880398671096344
216,2161400920500,101,Morshausen,U,214,88,41.1214953271028
217,2171330000601,311,Bad Kreuznach/Planig,U,1230,326,26.504065040650403
217,2171330000602,411,Bad Kreuznach/Bosenheim,U,646,200,30.959752321981426
217,2171330000603,511,Bad Kreuznach/Ippesheim,U,235,65,27.659574468085108
217,2171330000604,611,Bad Kreuznach/Winzenheim,U,1129,371,32.86093888396812
217,2171330000604,613,Bad Kreuznach/Winzenheim,U,671,175,26.08047690014903
217,2171330000605,111,Bad Kreuznach/Kernstadt,U,1077,391,36.30454967502321
217,2171330000605,113,Bad Kreuznach/Kernstadt,U,667,174,26.08695652173913
217,2171330000605,114,Bad Kreuznach/Kernstadt,U,790,252,31.89873417721519
217,2171330000605,115,Bad Kreuznach/Kernstadt,U,587,148,25.2129471890971
217,2171330000605,211,Bad Kreuznach/Kernstadt,U,347,80,23.054755043227665
217,2171330000605,212,Bad Kreuznach/Kernstadt,U,621,264,42.51207729468599
217,2171330000605,232,Bad Kreuznach/Kernstadt,U,902,197,21.840354767184035
217,2171330000605,233,Bad Kreuznach/Kernstadt,U,668,193,28.892215568862273
217,2171330000605,234,Bad Kreuznach/Kernstadt,U,667,169,25.337331334332834
217,2171330000605,235,Bad Kreuznach/Kernstadt,U,758,199,26.2532981530343
217,2171330000605,241,Bad Kreuznach/Kernstadt,U,813,194,23.862238622386222
217,2171330000605,242,Bad Kreuznach/Kernstadt,U,643,146,22.70606531881804
217,2171330000605,243,Bad Kreuznach/Kernstadt,U,505,126,24.95049504950495
217,2171330000605,251,Bad Kreuznach/Kernstadt,U,620,231,37.25806451612903
217,2171330000605,252,Bad Kreuznach/Kernstadt,U,627,167,26.6347687400319
217,2171330000605,253,Bad Kreuznach/Kernstadt,U,951,402,42.27129337539432
217,2171330000605,255,Bad Kreuznach/Kernstadt,U,876,261,29.794520547945208
217,2171330000605,256,Bad Kreuznach/Kernstadt,U,819,207,25.274725274725274
217,2171330000605,258,Bad Kreuznach/Kernstadt,U,1048,429,40.93511450381679
217,2171330000607,711,"Bad Münster a.S.-Eb.,St",U,912,261,28.618421052631575
217,2171330000607,712,"Bad Münster a.S. Eb.,St",U,1128,348,30.851063829787233
217,2171330100300,101,Altenbamberg,U,390,112,28.717948717948715
217,2171330101200,1,Biebelsheim,U,380,127,33.421052631578945
217,2171330103000,101,Feilbingert,U,871,267,30.65442020665901
217,2171330103100,1,Frei-Laubersheim,U,569,197,34.62214411247803
217,2171330103200,1,Fürfeld,U,851,256,30.08225616921269
217,2171330103700,1,Hackenheim,U,1153,471,40.84995663486557
217,2171330103900,101,Hallgarten,U,455,144,31.648351648351646
217,2171330104500,101,Hochstätten,U,287,70,24.390243902439025
217,2171330106900,1,Neu-Bamberg,U,578,179,30.96885813148789
217,2171330107800,1,Pfaffen-Schwabenheim,U,748,210,28.07486631016043
217,2171330108000,1,Pleitersheim,U,191,52,27.225130890052355
217,2171330110400,1,Tiefenthal,U,79,16,20.253164556962027
217,2171330110600,1,Volxheim,U,604,219,36.258278145695364
217,2171331101800,101,Bretzenheim,U,1314,451,34.32267884322679
217,2171331102300,101,Daxweiler,U,462,165,35.714285714285715
217,2171331102500,101,Dörrebach,U,427,135,31.61592505854801
217,2171331102600,101,Dorsheim,U,398,111,27.889447236180903
217,2171331102800,101,Eckenroth,U,128,41,32.03125
217,2171331103500,101,Guldental,U,1430,554,38.74125874125875
217,2171331105400,101,Langenlonsheim,U,1179,389,32.99406276505513
217,2171331105400,102,Langenlonsheim,U,777,234,30.115830115830118
217,2171331105600,101,Laubenheim,U,475,126,26.526315789473685
217,2171331108500,101,Roth,U,199,72,36.18090452261307
217,2171331108700,101,Rümmelsheim,U,762,233,30.577427821522306
217,2171331109100,101,Schöneberg,U,385,143,37.142857142857146
217,2171331109300,101,Schweppenhausen,U,439,107,24.373576309794988
217,2171331109500,101,Seibersbach,U,745,270,36.241610738255034
217,2171331110300,101,"Stromberg,St",U,407,125,30.71253071253071
217,2171331110300,102,"Stromberg,St",U,699,239,34.19170243204578
217,2171331110300,103,"Stromberg,St",U,630,170,26.984126984126984
217,2171331110800,101,Waldlaubersheim,U,494,128,25.910931174089068
217,2171331111000,101,Warmsroth,U,319,101,31.661442006269592
217,2171331111400,101,Windesheim,U,1002,351,35.029940119760475
218,2181330600200,101,Allenfeld,U,148,38,25.675675675675674
218,2181330600400,102,Argenschwang,U,196,65,33.16326530612245
218,2181330601300,103,Bockenau,U,674,254,37.68545994065282
218,2181330601400,104,Boos,U,228,46,20.175438596491226
218,2181330601500,105,Braunweiler,U,367,153,41.689373297002724
218,2181330601900,106,Burgsponheim,U,154,37,24.025974025974026
218,2181330602100,107,Dalberg,U,156,73,46.794871794871796
218,2181330602700,141,Duchroth,U,301,79,26.245847176079735
218,2181330603300,108,Gebroth,U,79,23,29.11392405063291
218,2181330603600,109,Gutenberg,U,586,217,37.03071672354949
218,2181330604000,110,Hargesheim,U,1533,480,31.31115459882583
218,2181330604400,111,Hergenfeld,U,318,142,44.65408805031446
218,2181330604800,112,Hüffelsheim,U,668,193,28.892215568862273
218,2181330606100,113,Mandel,U,576,203,35.24305555555556
218,2181330606800,114,Münchwald,U,198,51,25.757575757575758
218,2181330607000,142,Niederhausen,U,330,115,34.84848484848485
218,2181330607100,143,Norheim,U,824,244,29.61165048543689
218,2181330607400,144,Oberhausen an der Nahe,U,202,74,36.633663366336634
218,2181330607500,115,Oberstreit,U,169,63,37.278106508875744
218,2181330608600,116,Roxheim,U,1502,467,31.091877496671106
218,2181330608800,118,Sankt Katharinen,U,225,83,36.888888888888886
218,2181330608900,119,Schloßböckelheim,U,205,44,21.463414634146343
218,2181330609800,120,Sommerloch,U,258,139,53.875968992248055
218,2181330609900,121,Spabrücken,U,705,332,47.09219858156028
218,2181330610000,122,Spall,U,106,26,24.528301886792452
218,2181330610100,123,Sponheim,U,412,149,36.16504854368932
218,2181330610500,145,Traisen,U,345,90,26.08695652173913
218,2181330610700,124,Waldböckelheim,U,1228,390,31.758957654723126
218,2181330610900,125,Wallhausen,U,1034,559,54.06189555125726
218,2181330611200,126,Weinsheim,U,942,277,29.40552016985138
218,2181330611500,127,Winterbach,U,292,91,31.164383561643838
218,2181330611700,117,Rüdesheim,U,1370,469,34.23357664233577
218,2181330900800,8,Bärenbach,U,308,82,26.623376623376622
218,2181330901000,10,Becherbach bei Kirn,U,232,60,25.862068965517242
218,2181330901600,16,Brauweiler,U,46,10,21.73913043478261
218,2181330903800,38,Hahnenbach,U,255,61,23.92156862745098
218,2181330904100,41,Heimweiler,U,255,81,31.76470588235294
218,2181330904300,43,Hennweiler,U,712,192,26.96629213483146
218,2181330904600,461,Bürgerhaus/ehem. Turnhalle Hochstetten-Dhaun OT Dhaun,U,150,37,24.666666666666668
218,2181330904600,462,Bürgerhaus Horbach Hochstetten-Dhaun OT Hochstädten,U,226,63,27.876106194690266
218,2181330904600,463,Turnhalle Hochstetten-Dhaun OT Hochstetten,U,546,129,23.626373626373624
218,2181330905200,5201,Kirn/Gesellschaftshaus,U,933,190,20.364415862808148
218,2181330905200,5202,Kirn/Dominikschule-Turnhalle,U,747,206,27.57697456492637
218,2181330905200,5204,Kirn/Gymnasium-Eingangshalle,U,656,171,26.067073170731707
218,2181330905200,5208,Kirn/Berufsbildende Schule-Eingang WDS,U,378,75,19.841269841269842
218,2181330905200,5221,Kirn/Turnerheim Kallenfels,U,172,38,22.093023255813954
218,2181330905200,5231,Kirn/Bürgerhaus Kirn Sulzbach,U,464,122,26.29310344827586
218,2181330905900,59,Limbach,U,177,45,25.423728813559322
218,2181330906300,63,Meckenbach,U,219,50,22.831050228310502
218,2181330907300,73,Oberhausen/Heinzenberg,U,541,153,28.280961182994456
218,2181330907700,77,Otzweiler,U,118,16,13.559322033898304
218,2181330909600,96,Simmertal/Horbach,U,1076,245,22.769516728624538
218,2181330911300,113,Weitersborn,U,128,20,15.625
218,2181330920100,201,Bruschied,U,167,55,32.93413173652694
218,2181330920200,202,Kellenbach,U,150,41,27.333333333333332
218,2181330920300,203,Königsau,U,42,6,14.285714285714285
218,2181330920400,204,Schneppenbach,U,141,50,35.46099290780142
218,2181330920500,205,Schwarzerden,U,168,45,26.785714285714285
218,2181331000100,1111,Abtweiler,U,118,28,23.728813559322035
218,2181331000500,1111,Auen,U,125,34,27.200000000000003
218,2181331000900,1111,Bärweiler,U,135,29,21.48148148148148
218,2181331001100,1111,Becherbach,U,278,70,25.179856115107913
218,2181331001100,1112,Becherbach,U,110,24,21.818181818181817
218,2181331001100,1113,Becherbach,U,142,29,20.422535211267608
218,2181331001700,1111,Breitenheim,U,251,61,24.302788844621514
218,2181331002000,1111,Callbach,U,187,37,19.786096256684495
218,2181331002200,1111,Daubach,U,168,55,32.73809523809524
218,2181331002400,1111,Desloch,U,198,56,28.28282828282828
218,2181331004900,1111,Hundsbach,U,213,40,18.779342723004692
218,2181331005000,1111,Ippenschied-Bad Sobernheim,U,130,53,40.76923076923077
218,2181331005100,1111,Jeckenbach,U,140,41,29.28571428571429
218,2181331005300,1111,Kirschroth,U,171,48,28.07017543859649
218,2181331005500,1111,Langenthal,U,52,15,28.846153846153843
218,2181331005700,1111,Lauschied,U,328,136,41.46341463414634
218,2181331005800,1111,Lettweiler,U,133,29,21.804511278195488
218,2181331006000,1111,Löllbach,U,108,25,23.14814814814815
218,2181331006200,1111,Martinstein,U,129,32,24.8062015503876
218,2181331006400,1111,Meddersheim,U,815,250,30.67484662576687
218,2181331006500,1111,Meisenheim-Raumbach - Historisches Rathaus,U,734,177,24.114441416893733
218,2181331006500,1112,Meisenheim - Verwaltungsgebäude,U,649,185,28.50539291217257
218,2181331006600,1111,Merxheim,U,832,232,27.884615384615387
218,2181331006700,1111,Monzingen,U,845,181,21.420118343195266
218,2181331007200,1111,Nußbaum,U,277,62,22.382671480144403
218,2181331007600,1111,Odernheim am Glan-Lettweiler,U,968,252,26.033057851239672
218,2181331008100,1111,Raumbach,U,233,68,29.184549356223176
218,2181331008300,1111,Rehborn,U,439,97,22.095671981776764
218,2181331008400,1111,Reiffelbach,U,149,33,22.14765100671141
218,2181331009000,1111,Schmittweiler,U,106,20,18.867924528301888
218,2181331009200,1111,Schweinschied,U,87,30,34.48275862068966
218,2181331009400,1111,Seesbach,U,300,97,32.33333333333333
218,2181331010200,1111,Staudernheim,U,828,241,29.106280193236717
218,2181331011100,1111,Weiler bei Monzingen,U,258,83,32.17054263565892
218,2181331011600,1111,Winterburg,U,103,27,26.21359223300971
218,2181331050100,1113,Bad Sobernheim,U,356,73,20.50561797752809
218,2181331050100,1114,Bad Sobernheim,U,379,80,21.108179419525065
218,2181331050100,1115,Bad Sobernheim,U,294,61,20.74829931972789
218,2181331050100,1116,Bad Sobernheim,U,327,59,18.04281345565749
218,2181331050100,1211,Bad Sobernheim,U,99,36,36.36363636363637
218,2181331050100,2222,Bad Sobernheim/Briefwahl I,W,519,180,34.68208092485549
218,2181331050100,3333,Bad Sobernheim/Briefwahl II,W,482,147,30.49792531120332
218,2181331050100,4444,Bad Sobernheim/Briefwahl III,W,519,167,32.177263969171484
219,2191340004500,9001,Idar-Oberstein / Briefwahl I,W,847,306,36.12750885478158
219,2191340004500,9002,Idar-Oberstein / Briefwahl II,W,696,215,30.89080459770115
219,2191340004500,9003,Idar-Oberstein / Briefwahl III,W,834,300,35.97122302158273
219,2191340004500,9004,Idar-Oberstein / Briefwahl IV,W,859,366,42.607683352735734
219,2191340004500,9005,Idar-Oberstein / Briefwahl V,W,714,201,28.15126050420168
219,2191340004500,9006,Idar-Oberstein / Briefwahl VI,W,947,268,28.299894403379096
219,2191340004500,9007,Idar-Oberstein / Briefwahl VII,W,892,318,35.65022421524663
219,2191340004501,6102,Kreissparkasse Oberstein,U,262,43,16.412213740458014
219,2191340004501,6104,Ehem. Flurschule,U,399,64,16.040100250626566
219,2191340004501,6106,Hohlschule/Realschule Plus,U,464,70,15.086206896551724
219,2191340004501,6201,Struthschule/GS Oberstein,U,395,57,14.430379746835442
219,2191340004502,3001,Realschule,U,127,26,20.47244094488189
219,2191340004502,3002,Heidensteilhalle 1,U,512,108,21.09375
219,2191340004502,3004,Heidensteilhalle 2,U,288,45,15.625
219,2191340004502,3006,Kreissparkasse Idar,U,332,91,27.40963855421687
219,2191340004502,3007,"Börse, Opal-Hotel Idar",U,269,57,21.189591078066915
219,2191340004503,1001,Schule Tiefenstein 1,U,234,50,21.367521367521366
219,2191340004503,1002,Schule Tiefenstein 2,U,357,93,26.05042016806723
219,2191340004504,2001,Turnhalle VfL Algenrodt,U,424,107,25.235849056603776
219,2191340004505,5101,Gemeinschaftshaus Enzweiler,U,163,62,38.036809815950924
219,2191340004506,5201,Kulturhaus Hammerstein,U,138,42,30.434782608695656
219,2191340004507,7301,Pro Seniore Residenz,U,212,59,27.830188679245282
219,2191340004508,7201,Ehem. Schule Mittelbollenbach,U,329,74,22.492401215805472
219,2191340004509,7101,Kita Nahbollenbach Turnhalle,U,478,108,22.594142259414227
219,2191340004510,8101,Ev. Gemeindehaus Weierbach 1,U,372,108,29.03225806451613
219,2191340004510,8102,Ev. Gemeindehaus Weierbach 2,U,326,61,18.711656441717793
219,2191340004511,8201,Gemeindehaus Georg-Weierbach,U,169,40,23.668639053254438
219,2191340004512,4201,Grundschule Göttschied 1 - Turnhalle,U,296,98,33.108108108108105
219,2191340004512,4202,Grundschule Göttschied 2 - Turnhalle,U,409,103,25.183374083129586
219,2191340004513,4101,Ev. Gemeindesaal Regulshausen,U,231,66,28.57142857142857
219,2191340100500,501,"Baumholder,St",U,876,216,24.65753424657534
219,2191340100500,502,"Baumholder,St",U,759,185,24.37417654808959
219,2191340100700,701,Berglangenbach,U,280,63,22.5
219,2191340100800,801,Berschweiler bei Baumholder,U,275,67,24.363636363636363
219,2191340102100,2101,Eckersweiler,U,108,19,17.59259259259259
219,2191340102600,2601,Fohren-Linden,U,207,51,24.637681159420293
219,2191340102700,2701,Frauenberg,U,215,51,23.72093023255814
219,2191340103300,3301,Hahnweiler,U,111,35,31.53153153153153
219,2191340103600,3601,Heimbach,U,514,168,32.68482490272373
219,2191340105100,5101,Leitzweiler,U,66,21,31.818181818181817
219,2191340105400,5401,Mettweiler,U,129,25,19.379844961240313
219,2191340106800,6801,Reichenbach,U,317,84,26.498422712933756
219,2191340107300,7301,Rohrbach,U,129,63,48.837209302325576
219,2191340107400,7401,Rückweiler,U,245,91,37.142857142857146
219,2191340107500,7501,Ruschberg,U,449,115,25.612472160356347
219,2191340200100,1,Abentheuer,U,217,55,25.34562211981567
219,2191340200200,1,Achtelsbach,U,239,42,17.573221757322173
219,2191340201000,1,"Birkenfeld,St",U,473,90,19.027484143763214
219,2191340201000,2,"Birkenfeld,St",U,564,125,22.163120567375884
219,2191340201000,3,"Birkenfeld,St",U,388,66,17.010309278350515
219,2191340201000,4,"Birkenfeld,St/Briefwahl 01",W,365,78,21.36986301369863
219,2191340201000,5,"Birkenfeld,St/Briefwahl 02",W,384,108,28.125
219,2191340201000,6,"Birkenfeld,St/Briefwahl 03",W,512,143,27.9296875
219,2191340201100,1,Börfink,U,104,22,21.153846153846153
219,2191340201500,1,Brücken,U,322,95,29.503105590062113
219,2191340201500,2,Brücken/Briefwahl,W,304,73,24.013157894736842
219,2191340201600,1,Buhlenberg,U,281,63,22.419928825622776
219,2191340201800,1,Dambach,U,104,31,29.807692307692307
219,2191340202000,1,Dienstweiler,U,191,49,25.654450261780106
219,2191340202200,1,Elchweiler,U,64,17,26.5625
219,2191340202300,1,Ellenberg,U,57,7,12.280701754385964
219,2191340202400,1,Ellweiler,U,188,44,23.404255319148938
219,2191340202900,1,Gimbweiler,U,230,45,19.565217391304348
219,2191340203100,1,Gollenberg,U,68,20,29.411764705882355
219,2191340203400,1,Hattgenstein,U,151,58,38.41059602649007
219,2191340204200,1,Hoppstädten-Weiersbach,U,525,146,27.80952380952381
219,2191340204200,2,Hoppstädten-Weiersbach,U,173,52,30.057803468208093
219,2191340204200,4,Hoppstädten-Weiersbach/Briefwahl,W,714,271,37.95518207282913
219,2191340204800,1,Kronweiler,U,183,39,21.311475409836063
219,2191340205000,1,Leisel,U,328,106,32.31707317073171
219,2191340205300,1,Meckenbach,U,61,13,21.311475409836063
219,2191340205700,1,Niederbrombach,U,267,69,25.842696629213485
219,2191340205800,1,Niederhambach,U,192,69,35.9375
219,2191340206100,1,Nohen,U,199,36,18.090452261306535
219,2191340206200,1,Oberbrombach,U,258,91,35.27131782945737
219,2191340206300,1,Oberhambach,U,146,35,23.972602739726025
219,2191340207000,1,Rimsberg,U,85,32,37.64705882352941
219,2191340207100,1,Rinzenberg,U,196,60,30.612244897959183
219,2191340207200,1,Rötsweiler-Nockenthal,U,281,89,31.672597864768683
219,2191340207800,1,Schmißberg,U,131,42,32.06106870229007
219,2191340208000,1,Schwollen,U,290,75,25.862068965517242
219,2191340208400,1,Siesbach,U,226,85,37.610619469026545
219,2191340208500,1,Sonnenberg-Winnenberg,U,258,74,28.68217054263566
219,2191340209400,1,Wilzenberg-Hußweiler,U,152,39,25.657894736842106
219,2191340500300,1,Allenbach,U,388,92,23.711340206185564
219,2191340500400,101,Asbach,U,63,22,34.92063492063492
219,2191340500600,1,Bergen,U,289,65,22.491349480968857
219,2191340500900,1,Berschweiler bei Kirn,U,143,29,20.27972027972028
219,2191340501200,102,Bollenbach,U,76,17,22.36842105263158
219,2191340501300,1,Breitenthal,U,198,69,34.84848484848485
219,2191340501400,1,Bruchweiler,U,316,95,30.063291139240505
219,2191340501700,103,Bundenbach,U,491,143,29.124236252545828
219,2191340501900,1,Dickesbach,U,260,71,27.307692307692307
219,2191340502500,1,Fischbach,U,486,110,22.633744855967077
219,2191340502800,1,Gerach,U,140,50,35.714285714285715
219,2191340503000,104,Gösenroth,U,143,50,34.96503496503497
219,2191340503200,1,Griebelschied,U,92,23,25.0
219,2191340503500,105,Hausen,U,85,11,12.941176470588237
219,2191340503700,106,Hellertshausen,U,105,23,21.904761904761905
219,2191340503800,1,Herborn,U,349,102,29.22636103151863
219,2191340503900,1,Herrstein,U,341,71,20.821114369501466
219,2191340504000,1,Hettenrodt,U,390,172,44.1025641025641
219,2191340504100,1,Hintertiefenbach,U,199,67,33.66834170854271
219,2191340504300,107,Horbruch,U,191,35,18.32460732984293
219,2191340504400,108,Hottenbach,U,350,81,23.142857142857142
219,2191340504600,1,Kempfeld,U,425,110,25.882352941176475
219,2191340504700,1,Kirschweiler,U,606,212,34.98349834983499
219,2191340504900,109,Krummenau,U,77,15,19.480519480519483
219,2191340505200,1,Mackenrodt,U,232,58,25.0
219,2191340505500,1,Mittelreidenbach,U,417,159,38.1294964028777
219,2191340505600,1,Mörschied,U,437,141,32.265446224256294
219,2191340505900,1,Niederhosenbach,U,178,45,25.280898876404496
219,2191340506000,1,Niederwörresbach,U,489,109,22.290388548057262
219,2191340506400,1,Oberhosenbach,U,79,31,39.24050632911392
219,2191340506500,110,Oberkirn,U,180,47,26.111111111111114
219,2191340506600,1,Oberreidenbach,U,340,83,24.41176470588235
219,2191340506700,1,Oberwörresbach,U,67,21,31.343283582089555
219,2191340506900,111,Rhaunen,U,537,146,27.188081936685286
219,2191340506900,211,Rhaunen,U,389,110,28.277634961439592
219,2191340507600,112,Schauren,U,308,70,22.727272727272727
219,2191340507700,1,Schmidthachenbach,U,226,89,39.38053097345133
219,2191340507900,113,Schwerbach,U,36,3,8.333333333333332
219,2191340508100,1,Sensweiler,U,267,63,23.595505617977526
219,2191340508200,1,Sien,U,334,93,27.844311377245507
219,2191340508300,1,Sienhachenbach,U,123,25,20.32520325203252
219,2191340508600,1,Sonnschied,U,70,11,15.714285714285714
219,2191340508700,114,Stipshausen,U,469,111,23.66737739872068
219,2191340508800,115,Sulzbach,U,168,42,25.0
219,2191340508900,1,Veitsrodt,U,422,160,37.91469194312796
219,2191340509000,1,Vollmersbach,U,275,137,49.81818181818182
219,2191340509100,1,Weiden,U,55,13,23.636363636363637
219,2191340509200,116,Weitersbach,U,53,17,32.075471698113205
219,2191340509300,1,Wickenrodt,U,110,39,35.45454545454545
219,2191340509500,1,Wirschweiler,U,171,45,26.31578947368421
219,2191340550200,1,Langweiler,U,118,30,25.423728813559322
220,2202330100600,601,Betteldorf,U,150,71,47.333333333333336
220,2202330100800,801,Bleckhausen,U,198,89,44.94949494949495
220,2202330101100,1101,Brockscheid,U,111,47,42.34234234234234
220,2202330101400,1401,Darscheid,U,554,240,43.32129963898917
220,2202330101600,1601,Demerath,U,138,57,41.30434782608695
220,2202330101700,1701,Deudesfeld,U,217,117,53.91705069124424
220,2202330101800,1801,Dockweiler,U,383,179,46.73629242819843
220,2202330102000,2001,Dreis-Brück/Dreis,U,335,172,51.34328358208955
220,2202330102000,2002,Dreis-Brück/Brück,U,205,129,62.926829268292686
220,2202330102100,2101,Ellscheid,U,188,91,48.40425531914894
220,2202330102500,2501,Gefell,U,62,29,46.774193548387096
220,2202330102700,2701,Gillenfeld,U,861,416,48.31591173054588
220,2202330103000,3001,Hinterweiler,U,114,55,48.24561403508772
220,2202330103100,3101,Hörscheid,U,79,40,50.63291139240506
220,2202330103400,3401,Immerath,U,152,54,35.526315789473685
220,2202330103900,3901,Kirchweiler,U,214,106,49.532710280373834
220,2202330104000,4001,Kradenbach,U,88,55,62.5
220,2202330104200,4201,Mehren,U,695,317,45.611510791366904
220,2202330104300,4301,Meisburg,U,143,78,54.54545454545454
220,2202330104600,4601,Mückeln,U,134,72,53.73134328358209
220,2202330104900,4901,Nerdlen,U,148,77,52.02702702702703
220,2202330105200,5201,Niederstadtfeld,U,265,142,53.58490566037736
220,2202330105500,5501,Oberstadtfeld,U,340,193,56.76470588235294
220,2202330106100,6101,Sarmersbach,U,125,71,56.8
220,2202330106200,6201,Saxler,U,34,11,32.35294117647059
220,2202330106300,6301,Schalkenmehren,U,353,189,53.54107648725213
220,2202330106400,6401,Schönbach,U,148,60,40.54054054054054
220,2202330106500,6501,Schutz,U,79,26,32.91139240506329
220,2202330106700,6701,Steineberg,U,110,53,48.18181818181818
220,2202330106800,6801,Steiningen,U,125,64,51.2
220,2202330107000,7001,Strohn,U,303,151,49.834983498349835
220,2202330107100,7101,Strotzbüsch,U,190,90,47.368421052631575
220,2202330107400,7401,Udler,U,203,93,45.812807881773395
220,2202330107500,7501,Üdersdorf/Üdersdorf,U,496,246,49.596774193548384
220,2202330107500,7502,Üdersdorf/Tettscheid,U,81,40,49.382716049382715
220,2202330107500,7503,Üdersdorf/Trittscheid,U,65,26,40.0
220,2202330107700,7701,Utzerath,U,116,48,41.37931034482759
220,2202330107900,7901,Wallenborn,U,256,137,53.515625
220,2202330108100,8101,Weidenbach,U,143,74,51.74825174825175
220,2202330108400,8401,Winkel (Eifel),U,58,22,37.93103448275862
220,2202330150110,50101,"Daun,St",U,602,236,39.202657807308974
220,2202330150110,50102,"Daun,St",U,603,274,45.43946932006634
220,2202330150110,50103,"Daun,St",U,672,324,48.214285714285715
220,2202330150120,50110,Daun/Boverath,U,308,145,47.07792207792208
220,2202330150130,50111,Daun/Gemünden,U,104,51,49.03846153846153
220,2202330150140,50112,Daun/Neunkirchen,U,274,131,47.81021897810219
220,2202330150150,50113,Daun/Pützborn,U,520,243,46.73076923076923
220,2202330150160,50114,Daun/Rengen,U,247,103,41.70040485829959
220,2202330150170,50115,Daun/Steinborn,U,224,105,46.875
220,2202330150180,50116,Daun/Waldkönigen,U,362,170,46.96132596685083
220,2202330150190,50117,Daun/Weiersbach,U,108,55,50.92592592592593
220,2202330400300,1,Beinhausen,U,53,18,33.9622641509434
220,2202330401000,1,Boxberg,U,130,79,60.76923076923077
220,2202330403200,1,Hörschhausen,U,87,37,42.5287356321839
220,2202330403700,1,Katzwinkel,U,83,42,50.602409638554214
220,2202330404800,1,Neichen,U,90,37,41.11111111111111
220,2202330420100,1,Arbach,U,84,45,53.57142857142857
220,2202330420200,1,Bereborn,U,77,25,32.467532467532465
220,2202330420300,1,Berenbach,U,108,61,56.481481481481474
220,2202330420500,1,Bodenbach,U,142,96,67.6056338028169
220,2202330420600,1,Bongard,U,166,118,71.08433734939759
220,2202330420700,1,Borler,U,58,20,34.48275862068966
220,2202330420800,1,Brücktal,U,54,29,53.70370370370371
220,2202330421000,1,Drees,U,129,74,57.36434108527132
220,2202330421200,1,Gelenberg,U,52,28,53.84615384615385
220,2202330421300,1,Gunderath,U,65,21,32.30769230769231
220,2202330421500,1,Höchstberg,U,186,108,58.06451612903226
220,2202330421600,1,Horperath,U,63,25,39.682539682539684
220,2202330421700,1,Kaperich,U,92,33,35.869565217391305
220,2202330421800,1,Kelberg,U,45,17,37.77777777777778
220,2202330421800,2,Kelberg,U,765,352,46.01307189542484
220,2202330421800,3,Kelberg,U,164,73,44.51219512195122
220,2202330421800,4,Kelberg,U,96,49,51.041666666666664
220,2202330421800,5,Kelberg,U,88,50,56.81818181818182
220,2202330422000,1,Kirsbach,U,49,37,75.51020408163265
220,2202330422100,1,Kötterichen,U,67,25,37.3134328358209
220,2202330422200,1,Kolverath,U,49,31,63.26530612244898
220,2202330422400,1,Lirstal,U,98,48,48.97959183673469
220,2202330422500,1,Mannebach,U,171,93,54.385964912280706
220,2202330422600,1,Mosbruch,U,98,56,57.14285714285714
220,2202330423000,1,Oberelz,U,75,40,53.333333333333336
220,2202330423300,1,Reimerath,U,37,18,48.64864864864865
220,2202330423400,1,Retterath,U,160,79,49.375
220,2202330423600,1,Sassen,U,57,21,36.84210526315789
220,2202330424200,1,Uersfeld,U,362,170,46.96132596685083
220,2202330424300,1,Ueß,U,36,12,33.33333333333333
220,2202330424400,1,Welcherath,U,56,25,44.642857142857146
220,2202330600200,200,Basberg,U,57,20,35.08771929824561
220,2202330600400,300,Berlingen,U,150,78,52.0
220,2202330600500,400,Berndorf,U,274,135,49.27007299270073
220,2202330600700,500,Birgel,U,251,118,47.01195219123506
220,2202330601900,800,Dohm-Lammersdorf,U,126,54,42.857142857142854
220,2202330602200,1000,Esch,U,248,111,44.75806451612903
220,2202330602300,1100,Feusdorf,U,305,118,38.68852459016394
220,2202330602600,1201,Gerolstein - Gymnasium,U,402,126,31.343283582089555
220,2202330602600,1202,Gerolstein - Briefwahl 1,W,449,216,48.10690423162583
220,2202330602600,1203,Gerolstein - Rathaus,U,542,185,34.132841328413285
220,2202330602600,1204,Gerolstein - Briefwahl 2,W,688,352,51.162790697674424
220,2202330602600,1220,Gerolstein (Büscheich),U,223,116,52.01793721973094
220,2202330602600,1230,Gerolstein (Gees),U,163,64,39.263803680981596
220,2202330602600,1240,Gerolstein (Hinterhausen),U,53,28,52.83018867924528
220,2202330602600,1250,Gerolstein (Lissingen),U,368,146,39.67391304347826
220,2202330602600,1260,Gerolstein (Michelbach),U,51,32,62.745098039215684
220,2202330602600,1270,Gerolstein (Müllenborn),U,217,104,47.926267281105986
220,2202330602600,1280,Gerolstein (Oos),U,116,56,48.275862068965516
220,2202330602600,1290,Gerolstein (Roth),U,96,63,65.625
220,2202330602800,1300,Gönnersdorf,U,229,95,41.48471615720524
220,2202330602900,1500,Hillesheim,U,572,223,38.98601398601399
220,2202330602900,1501,Hillesheim - Briefwahl,W,844,386,45.7345971563981
220,2202330602900,1510,Hillesheim (Bolsdorf),U,135,73,54.074074074074076
220,2202330602900,1520,Hillesheim (Niederbettingen),U,127,59,46.45669291338583
220,2202330603300,1600,Hohenfels-Essingen,U,187,74,39.57219251336899
220,2202330603500,1700,Jünkerath,U,638,259,40.59561128526646
220,2202330603600,1800,Kalenborn-Scheuern,U,209,92,44.01913875598086
220,2202330603800,1900,Kerpen (Eifel),U,303,127,41.914191419141915
220,2202330604100,2200,Lissendorf,U,522,170,32.56704980842912
220,2202330605000,2400,Neroth,U,425,205,48.23529411764706
220,2202330605300,2600,Oberbettingen,U,427,183,42.857142857142854
220,2202330605400,2701,Oberehe-Stroheich (Oberehe),U,75,40,53.333333333333336
220,2202330605400,2702,Oberehe-Stroheich (Stroheich),U,103,41,39.80582524271845
220,2202330605600,2900,Pelm,U,462,201,43.506493506493506
220,2202330605800,3100,Rockeskyll,U,155,65,41.935483870967744
220,2202330606000,3200,Salm,U,198,121,61.111111111111114
220,2202330607600,3700,Üxheim (Üxheim-Ahütte),U,271,141,52.02952029520295
220,2202330607600,3710,Üxheim (Heyroth),U,50,24,48.0
220,2202330607600,3720,Üxheim (Leudersdorf),U,276,151,54.710144927536234
220,2202330607600,3730,Üxheim (Niederehe),U,201,96,47.76119402985074
220,2202330608000,3800,Walsdorf,U,406,169,41.6256157635468
220,2202330608300,3900,Wiesbaum,U,367,177,48.228882833787466
220,2202330620400,600,Birresborn,U,564,315,55.85106382978723
220,2202330620900,700,Densborn,U,271,117,43.17343173431734
220,2202330621100,900,Duppach,U,156,72,46.15384615384615
220,2202330621400,1400,Hallschlag,U,215,83,38.604651162790695
220,2202330621900,2000,Kerschenbach,U,100,36,36.0
220,2202330622300,2100,Kopp,U,93,42,45.16129032258064
220,2202330622700,2300,Mürlenbach,U,277,112,40.43321299638989
220,2202330622900,2500,Nohn,U,259,128,49.42084942084942
220,2202330623200,2800,Ormont,U,191,107,56.02094240837696
220,2202330623500,3000,Reuth,U,107,36,33.64485981308411
220,2202330623700,3300,Scheid,U,91,30,32.967032967032964
220,2202330623900,3400,Schüller,U,164,74,45.1219512195122
220,2202330624000,3500,Stadtkyll,U,641,309,48.205928237129484
220,2202330624000,3510,Stadtkyll (Schönfeld),U,81,24,29.629629629629626
220,2202330624100,3600,Steffeln,U,383,160,41.77545691906005
221,2212320001800,101,"Haus Beda, Bedaplatz 1, 54634 Bitburg",U,612,184,30.065359477124183
221,2212320001800,102,"Pfarrheim St. Peter, Kirchweg, 54634 Bitburg",U,418,113,27.033492822966508
221,2212320001800,103,"Rathaus, Großer Sitzungssaal, Rathausplatz 3-4, 54634 Bitburg",U,407,111,27.27272727272727
221,2212320001800,104,"Grundschule Nord, Theobald-Simon-Straße 10, 54634 Bitburg",U,339,102,30.08849557522124
221,2212320001800,105,"Kita Zuckerborn, Haus 1, Nansenstraße 40, 54634 Bitburg",U,337,116,34.42136498516321
221,2212320001800,11,Briefwahl 1,W,667,260,38.980509745127435
221,2212320001800,12,Briefwahl 2,W,485,181,37.31958762886598
221,2212320001800,13,Briefwahl 3,W,392,137,34.94897959183674
221,2212320001800,14,Briefwahl 4,W,729,287,39.36899862825789
221,2212320001800,201,"Bitburg-Erdorf Bürgerhaus, Schulstraße 8, 54634 Bitburg-Erdorf",U,254,58,22.83464566929134
221,2212320001800,401,"Bitburg-Masholder, Festhalle, Zur Hide 3, 54634 Bitburg-Masholder",U,295,124,42.03389830508474
221,2212320001800,501,"Bitburg-Matzen, Dorfgemeinschaftshaus, Auf der Held 27,  54634 Bitburg-Matzen",U,221,72,32.57918552036199
221,2212320001800,601,"Bitburg-Mötsch, Kindertagesstätte, Geifenpesch 2, 54634 Bitburg-Mötsch",U,516,177,34.30232558139535
221,2212320001800,701,"Bitburg-Stahl, Bürgerhaus Ahl Schul, Neuenweg 1, 54634 Bitburg-Stahl",U,606,280,46.2046204620462
221,2212320120100,1,Arzfeld,U,782,370,47.31457800511509
221,2212320121100,1,Dackscheid,U,61,22,36.0655737704918
221,2212320121200,1,Dahnen,U,148,82,55.4054054054054
221,2212320121300,1,Daleiden-Reipeldingen,U,406,187,46.05911330049261
221,2212320121400,1,Dasburg,U,104,46,44.230769230769226
221,2212320122000,1,Eschfeld-Sengerich,U,128,66,51.5625
221,2212320122100,1,Euscheid,U,87,22,25.287356321839084
221,2212320122900,1,Großkampenberg,U,86,51,59.30232558139535
221,2212320123300,1,Hargarten,U,53,16,30.18867924528302
221,2212320123400,1,Harspelt,U,37,21,56.75675675675676
221,2212320124500,1,Irrhausen,U,97,45,46.391752577319586
221,2212320124600,1,Jucken,U,118,43,36.440677966101696
221,2212320124700,1,Kesfeld,U,46,19,41.30434782608695
221,2212320124900,1,Kinzenburg,U,30,10,33.33333333333333
221,2212320125300,1,Krautscheid,U,118,42,35.59322033898305
221,2212320125400,1,Lambertsberg,U,216,68,31.48148148148148
221,2212320125500,1,Lascheid,U,45,15,33.33333333333333
221,2212320125800,1,Lauperath,U,65,23,35.38461538461539
221,2212320125900,1,Leidenborn,U,142,70,49.29577464788733
221,2212320126000,1,Lichtenborn,U,166,52,31.32530120481928
221,2212320126100,1,Lierfeld,U,59,25,42.3728813559322
221,2212320126200,1,Lünebach-Merlscheid-Strickscheid,U,366,117,31.967213114754102
221,2212320126300,1,Lützkampen,U,177,88,49.717514124293785
221,2212320126400,1,Manderscheid,U,39,19,48.717948717948715
221,2212320128500,1,Oberpierscheid,U,261,118,45.21072796934866
221,2212320128700,1,Olmscheid,U,86,34,39.53488372093023
221,2212320129300,1,Plütscheid,U,176,71,40.340909090909086
221,2212320129400,1,Preischeid,U,80,33,41.25
221,2212320129700,1,Reiff,U,31,15,48.38709677419355
221,2212320130100,1,Roscheid,U,32,16,50.0
221,2212320131000,1,Sevenig (Our),U,34,22,64.70588235294117
221,2212320132200,1,Waxweiler-Pintesfeld,U,510,193,37.84313725490196
221,2212320133300,1,Üttfeld,U,235,116,49.361702127659576
221,2212320500200,201,Alsdorf,U,281,97,34.519572953736656
221,2212320500300,301,Altscheid,U,55,17,30.909090909090907
221,2212320500500,401,Ammeldingen bei Neuerburg,U,122,39,31.967213114754102
221,2212320500800,601,Bauler,U,46,23,50.0
221,2212320501100,701,Berkoth,U,47,13,27.659574468085108
221,2212320501200,801,Berscheid,U,31,17,54.83870967741935
221,2212320501600,901,Biesdorf,U,110,46,41.81818181818181
221,2212320501900,101,Bollendorf,U,580,213,36.724137931034484
221,2212320502500,1201,Dauwelshausen,U,45,12,26.666666666666668
221,2212320502800,1301,Echternacherbrück,U,169,63,37.278106508875744
221,2212320503100,1501,Emmelbaum,U,58,27,46.55172413793103
221,2212320503300,1601,Ernzen,U,191,71,37.17277486910995
221,2212320503700,1701,Ferschweiler,U,420,107,25.476190476190474
221,2212320504000,1901,Geichlingen,U,225,108,48.0
221,2212320504200,2101,Gentingen,U,29,10,34.48275862068966
221,2212320504700,2301,Heilbach,U,71,25,35.2112676056338
221,2212320505300,2501,Holsthum,U,316,130,41.139240506329116
221,2212320505400,2601,Hommerdingen,U,42,15,35.714285714285715
221,2212320505600,2701,Hütten,U,35,13,37.142857142857146
221,2212320505900,2801,Hüttingen bei Lahr,U,77,32,41.55844155844156
221,2212320506300,2901,Irrel,U,778,305,39.203084832904885
221,2212320506400,3001,Karlshausen,U,298,119,39.93288590604027
221,2212320506700,3301,Körperich,U,509,201,39.489194499017685
221,2212320506800,3401,Koxhausen,U,96,34,35.41666666666667
221,2212320506900,3501,Kruchten,U,199,61,30.65326633165829
221,2212320507200,3601,Lahr,U,97,41,42.2680412371134
221,2212320507800,3801,Menningen,U,112,36,32.142857142857146
221,2212320508000,3901,Mettendorf,U,623,226,36.27608346709471
221,2212320508200,4001,Minden,U,97,39,40.20618556701031
221,2212320508800,4301,Neuerburg,U,539,209,38.775510204081634
221,2212320509300,4601,Niederweis,U,133,60,45.11278195488722
221,2212320509400,4701,Niehl,U,55,20,36.36363636363637
221,2212320509500,4801,Nusbaum,U,241,106,43.983402489626556
221,2212320510200,6201,Utscheid,U,250,106,42.4
221,2212320510300,5001,Peffingen,U,114,37,32.45614035087719
221,2212320510600,5101,Plascheid,U,44,28,63.63636363636363
221,2212320510800,5201,Prümzurlay,U,250,85,34.0
221,2212320511000,5301,Rodershausen,U,73,30,41.0958904109589
221,2212320511200,5401,Roth an der Our,U,75,19,25.333333333333336
221,2212320511400,5501,Schankweiler,U,97,25,25.773195876288657
221,2212320512200,5901,Sinspelt,U,209,68,32.535885167464116
221,2212320512700,6001,Übereisenbach,U,47,24,51.06382978723404
221,2212320512800,6101,Uppershausen,U,57,20,35.08771929824561
221,2212320513100,6401,Wallendorf,U,121,63,52.066115702479344
221,2212320513200,6501,Weidingen,U,106,51,48.113207547169814
221,2212320521800,1401,Eisenach,U,212,62,29.245283018867923
221,2212320522500,2201,Gilzem,U,229,87,37.99126637554585
221,2212320550300,4901,Obergeckler,U,80,24,30.0
221,2212320620200,20201,Auw bei Prüm,U,326,156,47.85276073619632
221,2212320620600,20601,Bleialf 1,U,306,108,35.294117647058826
221,2212320620600,20602,Bleialf 2,U,308,101,32.7922077922078
221,2212320620700,20701,Brandscheid,U,197,87,44.16243654822335
221,2212320620800,20801,Buchet,U,132,34,25.757575757575758
221,2212320620900,20901,Büdesheim,U,324,125,38.58024691358025
221,2212320622200,22201,Feuerscheid,U,186,72,38.70967741935484
221,2212320622300,22301,Fleringen,U,207,103,49.75845410628019
221,2212320622400,22401,Giesdorf,U,66,30,45.45454545454545
221,2212320622600,22601,Weinsheim 1,U,326,138,42.331288343558285
221,2212320622600,22602,Weinsheim 2,U,117,43,36.75213675213676
221,2212320622600,22603,Weinsheim 3,U,89,29,32.58426966292135
221,2212320622600,22604,Weinsheim 4,U,82,25,30.48780487804878
221,2212320622700,22701,Gondenbrett,U,246,85,34.552845528455286
221,2212320623000,23001,Großlangenfeld,U,68,17,25.0
221,2212320623100,23101,Habscheid,U,317,158,49.8422712933754
221,2212320623600,23601,Heckhuscheid,U,94,54,57.446808510638306
221,2212320623800,23801,Heisdorf,U,52,18,34.61538461538461
221,2212320625000,25001,Kleinlangenfeld,U,85,37,43.529411764705884
221,2212320625600,25601,Lasel,U,175,73,41.714285714285715
221,2212320626500,26501,Masthorn,U,36,22,61.111111111111114
221,2212320627100,27101,Mützenich,U,60,17,28.333333333333332
221,2212320627200,27201,Neuendorf,U,49,23,46.93877551020408
221,2212320627600,27601,Niederlauch,U,160,83,51.87500000000001
221,2212320627900,27901,Nimshuscheid,U,123,50,40.65040650406504
221,2212320628000,28001,Nimsreuland,U,54,28,51.85185185185185
221,2212320628300,28301,Oberlascheid,U,56,16,28.57142857142857
221,2212320628800,28801,Olzheim,U,284,130,45.774647887323944
221,2212320629000,29001,Orlenbach,U,145,60,41.37931034482759
221,2212320629200,29201,Pittenbach,U,72,19,26.38888888888889
221,2212320629500,29501,Pronsfeld,U,514,234,45.525291828793776
221,2212320629600,29601,"Prüm,St 1",U,449,137,30.51224944320713
221,2212320629600,29602,"Prüm,St 2",U,418,155,37.08133971291866
221,2212320629600,29603,"Prüm,St 3",U,545,216,39.633027522935784
221,2212320629600,29604,"Prüm,St 4",U,449,228,50.779510022271715
221,2212320629600,29605,"Prüm,St 5",U,206,90,43.689320388349515
221,2212320629600,29606,"Prüm,St 6",U,228,98,42.98245614035088
221,2212320629600,29607,"Prüm,St 7",U,153,50,32.6797385620915
221,2212320630000,30001,Rommersheim,U,370,155,41.891891891891895
221,2212320630200,30201,Roth bei Prüm,U,227,104,45.81497797356828
221,2212320630400,30401,Schönecken 1,U,288,95,32.98611111111111
221,2212320630400,30402,Schönecken 2,U,403,152,37.71712158808933
221,2212320630500,30501,Schwirzheim,U,246,109,44.3089430894309
221,2212320630700,30701,Seiwerath,U,80,26,32.5
221,2212320630800,30801,Sellerich,U,150,62,41.333333333333336
221,2212320631800,31801,Wallersheim,U,419,191,45.58472553699284
221,2212320632000,32001,Watzerath,U,204,86,42.15686274509804
221,2212320632100,32101,Wawern,U,144,56,38.88888888888889
221,2212320632800,32801,Winterscheid,U,84,38,45.23809523809524
221,2212320632900,32901,Winterspelt,U,412,168,40.77669902912621
221,2212320633200,33201,Hersdorf,U,224,83,37.05357142857143
221,2212320700600,1,Auw an der Kyll,U,70,27,38.57142857142858
221,2212320701000,1,Beilingen,U,199,90,45.22613065326633
221,2212320705000,1,Herforst,U,608,200,32.89473684210527
221,2212320705500,1,Hosten,U,108,36,33.33333333333333
221,2212320710400,1,Philippsheim,U,67,16,23.88059701492537
221,2212320710700,1,Preist,U,454,176,38.76651982378855
221,2212320712300,1,Speicher (Rathaus),U,771,251,32.555123216601814
221,2212320712300,2,Speicher (Kita Kleine Weltentdecker),U,792,250,31.565656565656564
221,2212320728900,1,Orenhofen (Sporthalle Eifellandhalle),U,742,241,32.47978436657682
221,2212320731100,1,Spangdahlem,U,422,177,41.943127962085306
221,2212320800700,101,Badem,U,736,229,31.11413043478261
221,2212320800900,301,Baustert,U,362,163,45.027624309392266
221,2212320801300,401,Bettingen,U,537,141,26.256983240223462
221,2212320801400,501,Bickendorf,U,297,93,31.313131313131315
221,2212320801500,601,Biersdorf,U,317,115,36.27760252365931
221,2212320802000,801,Brecht,U,133,56,42.10526315789473
221,2212320802400,1101,Dahlem,U,169,65,38.46153846153847
221,2212320802600,1201,Dockendorf,U,125,48,38.4
221,2212320802700,1301,Dudeldorf,U,483,172,35.61076604554865
221,2212320802900,1401,Echtershausen,U,53,19,35.84905660377358
221,2212320803000,1501,Ehlenz,U,248,84,33.87096774193548
221,2212320803400,1701,Eßlingen,U,72,18,25.0
221,2212320803900,2001,Fließem,U,437,154,35.24027459954233
221,2212320804300,2101,Gindorf,U,177,60,33.89830508474576
221,2212320804400,2201,Gondorf,U,135,41,30.37037037037037
221,2212320804500,2401,Halsdorf,U,127,37,29.133858267716533
221,2212320804800,2601,Heilenbach,U,51,13,25.49019607843137
221,2212320805700,2801,Hütterscheid,U,74,24,32.432432432432435
221,2212320805800,2901,Hüttingen an der Kyll,U,193,44,22.797927461139896
221,2212320806000,3001,Idenheim,U,290,82,28.27586206896552
221,2212320806100,3101,Idesheim,U,243,78,32.098765432098766
221,2212320806200,3201,Ingendorf,U,127,35,27.559055118110237
221,2212320807000,3301,Kyllburg,U,414,155,37.43961352657005
221,2212320807400,3501,Ließem,U,45,13,28.888888888888886
221,2212320807500,3601,Malberg,U,264,82,31.060606060606062
221,2212320807600,3701,Malbergweich,U,207,57,27.536231884057973
221,2212320807700,3801,Meckel,U,265,83,31.32075471698113
221,2212320807900,3901,Messerich,U,352,124,35.22727272727273
221,2212320808100,4001,Metterich,U,297,121,40.74074074074074
221,2212320808600,4201,Nattenheim,U,323,98,30.340557275541798
221,2212320808700,4301,Neidenbach,U,458,177,38.646288209606986
221,2212320809100,4501,Niederstedem,U,181,62,34.25414364640884
221,2212320809800,4901,Oberweiler,U,184,62,33.69565217391305
221,2212320809900,5001,Oberweis,U,305,100,32.78688524590164
221,2212320810100,5201,Orsfeld,U,92,31,33.69565217391305
221,2212320810500,5301,Pickließem,U,179,74,41.340782122905026
221,2212320810900,5401,Rittersdorf,U,732,286,39.07103825136612
221,2212320811100,5501,Röhl,U,255,99,38.82352941176471
221,2212320811300,5601,Sankt Thomas,U,233,93,39.91416309012876
221,2212320811500,5701,Scharfbillig,U,74,42,56.75675675675676
221,2212320811800,5801,Schleid,U,214,88,41.1214953271028
221,2212320812000,6001,Sefferweich,U,304,92,30.263157894736842
221,2212320812400,6301,Stockem,U,46,11,23.91304347826087
221,2212320812500,6401,Sülm,U,232,107,46.12068965517241
221,2212320812600,6501,Trimport,U,172,60,34.883720930232556
221,2212320813400,6801,Wiersdorf,U,166,65,39.1566265060241
221,2212320813500,6901,Wilsecker,U,108,33,30.555555555555557
221,2212320813700,7101,Wolsfeld,U,507,186,36.68639053254438
221,2212320820300,201,Balesfeld,U,92,24,26.08695652173913
221,2212320821000,1001,Burbach,U,380,141,37.10526315789473
221,2212320822800,2301,Gransdorf,U,217,64,29.493087557603687
221,2212320827300,4401,Neuheilenbach,U,139,47,33.81294964028777
221,2212320828200,4701,Oberkail,U,342,116,33.91812865497076
221,2212320831300,6201,Steinborn,U,244,124,50.81967213114754
221,2212320850100,7001,Wißmannsdorf,U,228,77,33.771929824561404
221,2212320850100,7002,Hermesdorf,U,81,25,30.864197530864196
221,2212320850100,7003,Koosbüsch,U,162,51,31.48148148148148
222,2222310013400,1101,Rathaus Saal Rommelsbach,U,692,285,41.18497109826589
222,2222310013400,1102,Grundschule Friedrichstraße I,U,733,257,35.06139154160982
222,2222310013400,1103,Grundschule Friedrichstraße II,U,1063,412,38.758231420508
222,2222310013400,1105,Rathaus Saal Lieser,U,732,252,34.42622950819672
222,2222310013400,1106,Grundschule Georg-Meistermann I,U,720,235,32.63888888888889
222,2222310013400,1107,Grundschule Georg-Meistermann II,U,611,187,30.605564648117838
222,2222310013400,2101,Lüxem,U,641,289,45.08580343213728
222,2222310013400,2201,Dorf,U,331,111,33.53474320241692
222,2222310013400,2301,Neuerburg,U,393,147,37.404580152671755
222,2222310013400,2401,Bombogen,U,584,243,41.60958904109589
222,2222310013400,2501,Wengerohr I,U,688,225,32.70348837209303
222,2222310013400,2502,Wengerohr II,U,703,248,35.2773826458037
222,2222310800100,101,Altrich,U,905,371,40.994475138121544
222,2222310800300,101,Arenrath,U,206,101,49.029126213592235
222,2222310800700,101,Bergweiler,U,482,186,38.589211618257266
222,2222310800900,101,Bettenfeld,U,369,155,42.00542005420054
222,2222310801000,101,Binsfeld,U,520,200,38.46153846153847
222,2222310801300,101,Bruch,U,281,117,41.637010676156585
222,2222310802200,101,Dierscheid,U,100,39,39.0
222,2222310802400,101,Dreis,U,770,380,49.35064935064935
222,2222310802500,101,Eckfeld,U,241,124,51.45228215767634
222,2222310802600,101,Eisenschmitt-Schwarzenborn,U,188,83,44.148936170212764
222,2222310803100,101,Esch,U,242,106,43.80165289256198
222,2222310803600,101,Gipperath,U,135,66,48.888888888888886
222,2222310803700,101,Gladbach,U,198,74,37.37373737373738
222,2222310804400,101,Greimerath,U,177,69,38.983050847457626
222,2222310804600,101,Großlittgen-Musweiler,U,544,200,36.76470588235294
222,2222310804900,101,Hasborn,U,390,149,38.205128205128204
222,2222310805000,101,Heckenmünster,U,82,32,39.02439024390244
222,2222310805100,101,Heidweiler-Dodenburg,U,163,80,49.079754601226995
222,2222310805300,101,Hetzerath,U,1459,583,39.95887594242632
222,2222310806200,101,Hupperath,U,370,162,43.78378378378379
222,2222310806500,101,Karl,U,111,37,33.33333333333333
222,2222310806900,101,Klausen,U,786,275,34.987277353689564
222,2222310807400,101,Laufeld,U,308,157,50.97402597402597
222,2222310808000,101,Manderscheid-Dierfeld,U,739,342,46.2787550744249
222,2222310808200,101,Meerfeld,U,207,115,55.55555555555556
222,2222310808500,101,Minderlittgen,U,362,150,41.43646408839779
222,2222310809500,101,Niederöfflingen,U,261,124,47.509578544061306
222,2222310809600,101,Niederscheidweiler,U,150,74,49.333333333333336
222,2222310810000,101,Oberöfflingen,U,161,65,40.37267080745342
222,2222310810100,101,Oberscheidweiler,U,115,63,54.78260869565217
222,2222310810300,101,Osann-Monzel,U,952,398,41.806722689075634
222,2222310810400,101,Pantenburg,U,161,83,51.5527950310559
222,2222310810700,101,Platten,U,508,204,40.15748031496063
222,2222310810800,101,Plein,U,380,159,41.8421052631579
222,2222310811100,101,Rivenich,U,380,117,30.789473684210527
222,2222310811300,101,Salmtal,U,874,425,48.62700228832952
222,2222310811300,102,Salmtal,U,574,251,43.72822299651568
222,2222310811400,101,Schladt,U,77,34,44.15584415584416
222,2222310811700,101,Sehlem,U,539,233,43.22820037105751
222,2222310812700,101,Wallscheid,U,189,94,49.735449735449734
222,2222310850300,101,Landscheid,U,524,214,40.839694656488554
222,2222310850300,102,Landscheid,U,252,79,31.349206349206348
222,2222310850300,103,Landscheid,U,184,80,43.47826086956522
222,2222310850400,101,Niersbach,U,389,172,44.2159383033419
222,2222310900400,1,Bausendorf,U,596,199,33.38926174496644
222,2222310900400,3,Bausendorf (Olkenbach),U,118,52,44.06779661016949
222,2222310900500,4,Bengel,U,407,138,33.90663390663391
222,2222310901400,5,Burg (Mosel),U,186,66,35.483870967741936
222,2222310902000,6,Diefenbach,U,51,13,25.49019607843137
222,2222310902900,7,Enkirch,U,814,291,35.749385749385745
222,2222310903300,9,Flußbach,U,253,93,36.75889328063241
222,2222310905700,10,Hontheim,U,355,179,50.42253521126761
222,2222310905700,12,Hontheim (Krinkhof),U,81,24,29.629629629629626
222,2222310906700,16,Kinderbeuern,U,366,136,37.15846994535519
222,2222310906700,17,Kinderbeuern (Hetzhof),U,153,50,32.6797385620915
222,2222310906800,18,Kinheim,U,421,187,44.418052256532064
222,2222310907200,19,Kröv,U,551,234,42.46823956442831
222,2222310907200,20,Kröv,U,570,267,46.8421052631579
222,2222310907200,22,Kröv (Kövenig),U,75,26,34.66666666666667
222,2222310911000,24,Reil,U,560,217,38.75
222,2222310912000,26,Starkenburg,U,141,65,46.09929078014184
222,2222310912400,27,"Traben-Trarbach,St (Traben)",U,714,270,37.81512605042017
222,2222310912400,29,"Traben-Trarbach,St (Traben)",U,863,307,35.573580533024334
222,2222310912400,31,"Traben-Trarbach,St (Trarbach)",U,442,136,30.76923076923077
222,2222310912400,33,"Traben-Trarbach,St (Kautenbach)",U,91,37,40.65934065934066
222,2222310912400,34,"Traben-Trarbach,St (Wolf)",U,363,115,31.68044077134986
222,2222310913200,35,Willwerscheid,U,38,14,36.84210526315789
222,2222310920600,23,Lötzbeuren,U,239,49,20.502092050209207
222,2222310950100,14,Irmenach,U,380,99,26.052631578947366
223,2231400400600,1,Bärenbach,U,222,66,29.72972972972973
223,2231400400700,1,Belg,U,66,16,24.242424242424242
223,2231400402400,1,Büchenbeuren,U,324,57,17.59259259259259
223,2231400402400,2,Büchenbeuren,U,365,67,18.356164383561644
223,2231400402800,1,Dickenschied,U,434,163,37.55760368663594
223,2231400402900,1,Dill,U,130,39,30.0
223,2231400403000,1,Dillendorf,U,287,86,29.965156794425084
223,2231400404000,1,Gehlweiler,U,142,33,23.239436619718308
223,2231400404100,1,Gemünden,U,345,112,32.463768115942024
223,2231400404100,2,Gemünden,U,327,119,36.391437308868504
223,2231400404400,1,Hahn,U,116,41,35.3448275862069
223,2231400404800,1,Hecken,U,73,24,32.87671232876712
223,2231400404900,1,Heinzenbach,U,234,67,28.63247863247863
223,2231400405000,1,Henau,U,97,18,18.556701030927837
223,2231400405300,1,Hirschfeld (Hunsrück),U,164,51,31.097560975609756
223,2231400406200,1,Kappel,U,254,75,29.527559055118108
223,2231400406700,1,"Kirchberg (Hunsr.),St",U,573,182,31.762652705061083
223,2231400406700,2,"Kirchberg (Hunsr.),St",U,599,182,30.38397328881469
223,2231400406700,3,"Kirchberg (Hunsr.),St",U,623,172,27.608346709470304
223,2231400407100,1,Kludenbach,U,68,20,29.411764705882355
223,2231400408100,1,Laufersweiler,U,441,116,26.303854875283445
223,2231400408200,1,Lautzenhausen,U,163,55,33.74233128834356
223,2231400408600,1,Lindenschied,U,114,34,29.82456140350877
223,2231400409000,1,Maitzborn,U,65,22,33.84615384615385
223,2231400409400,1,Metzenhausen,U,72,33,45.83333333333333
223,2231400410500,1,Nieder Kostenz,U,106,32,30.18867924528302
223,2231400410700,1,Niedersohren,U,270,76,28.14814814814815
223,2231400410900,1,Niederweiler,U,208,68,32.69230769230769
223,2231400411100,1,Ober Kostenz,U,147,42,28.57142857142857
223,2231400412000,1,Raversbeuren,U,76,21,27.631578947368425
223,2231400412200,1,Reckershausen,U,225,68,30.22222222222222
223,2231400412800,1,Rödelhausen,U,78,31,39.743589743589745
223,2231400412900,1,Rödern,U,129,45,34.883720930232556
223,2231400413000,1,Rohrbach,U,96,24,25.0
223,2231400413500,1,Schlierschied,U,125,30,24.0
223,2231400414100,1,Schwarzen,U,83,23,27.710843373493976
223,2231400414500,1,Sohren,U,509,151,29.66601178781925
223,2231400414500,2,Sohren,U,451,98,21.729490022172946
223,2231400414500,3,Sohren,U,455,138,30.32967032967033
223,2231400414600,1,Sohrschied,U,62,22,35.483870967741936
223,2231400415100,1,Todenroth,U,47,9,19.148936170212767
223,2231400415400,1,Unzenberg,U,238,49,20.588235294117645
223,2231400415900,1,Wahlenau,U,102,18,17.647058823529413
223,2231400416300,1,Womrath,U,129,33,25.581395348837212
223,2231400416400,1,Woppenroth,U,129,38,29.457364341085274
223,2231400416500,1,Würrich,U,105,22,20.952380952380953
223,2232310050200,1001,Hunolstein,U,135,27,20.0
223,2232310050200,101,Bischofsdhron,U,444,131,29.504504504504503
223,2232310050200,1101,Merscheid,U,206,67,32.5242718446602
223,2232310050200,1201,Morbach 1,U,772,279,36.139896373057
223,2232310050200,1202,Morbach 2,U,787,305,38.75476493011436
223,2232310050200,1301,Morscheid-Riedenburg,U,242,57,23.553719008264462
223,2232310050200,1401,Odert,U,40,5,12.5
223,2232310050200,1501,Rapperath,U,257,109,42.4124513618677
223,2232310050200,1601,Wederath,U,106,32,30.18867924528302
223,2232310050200,1701,Weiperath,U,177,49,27.683615819209038
223,2232310050200,1801,Wenigerath,U,162,55,33.95061728395062
223,2232310050200,1901,Wolzburg,U,86,39,45.348837209302324
223,2232310050200,201,Elzerath,U,49,11,22.448979591836736
223,2232310050200,301,Gonzerath,U,688,252,36.627906976744185
223,2232310050200,401,Gutenthal,U,243,88,36.21399176954733
223,2232310050200,501,Haag,U,309,164,53.07443365695793
223,2232310050200,601,Heinzerath,U,158,64,40.50632911392405
223,2232310050200,701,Hinzerath,U,224,58,25.892857142857146
223,2232310050200,801,Hoxel,U,263,57,21.673003802281368
223,2232310050200,901,Hundheim,U,356,102,28.651685393258425
223,2232310100800,101,"Bernkastel-Kues, Moselgästezentrum",U,237,106,44.72573839662447
223,2232310100800,201,"Bernkastel-Kues, Grundschule Bernkastel-Kues",U,557,215,38.59964093357271
223,2232310100800,202,"Bernkastel-Kues, Güterhalle Alter Bahnhof Kues",U,628,264,42.038216560509554
223,2232310100800,203,"Bernkastel-Kues, Realschule plus",U,731,288,39.398084815321475
223,2232310100800,204,"Bernkastel-Kues, Kurgastzentrum",U,225,97,43.111111111111114
223,2232310100800,301,"Bernkastel-Kues, Turnhalle Wehlen",U,524,205,39.12213740458015
223,2232310100800,401,"Bernkastel-Kues, Bürgerhaus Andel",U,422,137,32.46445497630332
223,2232310101200,1,Brauneberg,U,583,236,40.480274442538594
223,2232310101600,1,Burgen,U,336,85,25.297619047619047
223,2232310103000,1,Erden,U,256,127,49.609375
223,2232310104000,1,Gornhausen,U,133,44,33.08270676691729
223,2232310104100,101,Graach an der Mosel/Mattheiser Halle,U,241,100,41.49377593360996
223,2232310104100,102,Graach-Schäferei/Dorftreff,U,77,26,33.76623376623377
223,2232310105600,1,Hochscheid,U,154,41,26.623376623376622
223,2232310106600,1,Kesten,U,202,92,45.54455445544555
223,2232310107000,1,Kleinich,U,409,137,33.496332518337404
223,2232310107100,1,Kommen,U,175,73,41.714285714285715
223,2232310107500,1,Lieser,U,668,273,40.86826347305389
223,2232310107600,1,Lösnich,U,287,110,38.32752613240418
223,2232310107700,1,Longkamp,U,627,251,40.03189792663477
223,2232310108100,1,Maring-Noviand,U,901,346,38.40177580466148
223,2232310108600,1,Minheim,U,298,129,43.288590604026844
223,2232310108700,1,Monzelfeld,U,746,276,36.99731903485255
223,2232310109000,1,Mülheim an der Mosel,U,529,185,34.97164461247637
223,2232310109200,101,N.-D/Römerkastell,U,592,219,36.99324324324324
223,2232310109200,102,N.-D./Dhrontalhalle,U,480,201,41.875
223,2232310109200,103,N.-D./Bürgerhaus Papiermühle,U,128,29,22.65625
223,2232310110500,1,Piesport,U,1199,492,41.03419516263553
223,2232310112500,1,Ürzig,U,473,203,42.917547568710354
223,2232310112600,1,Veldenz,U,527,156,29.601518026565465
223,2232310113300,1,Wintrich,U,549,225,40.98360655737705
223,2232310113600,101,"Zeltingen-Rachtig, Kelterhaus Schorlemer",U,672,316,47.023809523809526
223,2232310113600,102,"Zeltingen-Rachtig, Pfarrheim Rachtig",U,637,300,47.09576138147567
223,2232310600600,1,Berglicht,U,252,107,42.46031746031746
223,2232310601700,1,Burtscheid,U,88,5,5.681818181818182
223,2232310601800,1,Deuselbach,U,164,47,28.65853658536585
223,2232310601900,1,Dhronecken,U,68,14,20.588235294117645
223,2232310603200,1,Etgert,U,44,17,38.63636363636363
223,2232310603500,1,Gielert,U,75,16,21.333333333333336
223,2232310604200,1,Gräfendhron,U,48,16,33.33333333333333
223,2232310605400,1,Hilscheid,U,164,31,18.902439024390244
223,2232310605800,1,Horath,U,253,118,46.6403162055336
223,2232310606400,1,Immert,U,102,28,27.450980392156865
223,2232310607800,1,Lückenburg,U,64,16,25.0
223,2232310607900,1,Malborn,U,411,115,27.980535279805352
223,2232310607900,2,Malborn,U,276,72,26.08695652173913
223,2232310608300,1,Merschbach,U,39,8,20.51282051282051
223,2232310609300,1,Neunkirchen,U,100,35,35.0
223,2232310611200,1,Rorodt,U,29,5,17.24137931034483
223,2232310611500,1,Schönberg,U,147,46,31.292517006802722
223,2232310612200,1,Talling,U,127,32,25.196850393700785
223,2232310612300,1,Thalfang,U,464,159,34.26724137931034
223,2232310612300,2,Thalfang,U,303,95,31.353135313531354
223,2232310612300,3,Thalfang,U,234,70,29.914529914529915
223,2232310620200,1,Breit,U,204,88,43.13725490196079
223,2232310620300,1,Büdlich,U,125,50,40.0
223,2232310620400,1,Heidenburg,U,403,136,33.7468982630273
224,2242110000021,2011,Trier/Ehrang 1 + 2 + 7 + 8,U,444,88,19.81981981981982
224,2242110000021,2013,Trier/Ehrang 3 + 4,U,553,113,20.43399638336347
224,2242110000021,2015,Trier/Ehrang 5 + 6,U,525,110,20.952380952380953
224,2242110000021,2021,Trier/Quint 1,U,400,117,29.25
224,2242110000021,6019,Briefwahlbezirk 6019,W,395,124,31.39240506329114
224,2242110000021,6020,Briefwahlbezirk 6020,W,411,135,32.846715328467155
224,2242110000021,6021,Briefwahlbezirk 6021,W,373,89,23.86058981233244
224,2242110000021,6022,Briefwahlbezirk 6022,W,365,123,33.6986301369863
224,2242110000022,2031,Trier/Pfalzel 1 + 3,U,414,115,27.77777777777778
224,2242110000022,2032,Trier/Pfalzel 2 + 4,U,357,101,28.291316526610643
224,2242110000022,6023,Briefwahlbezirk 6023,W,363,117,32.231404958677686
224,2242110000022,6024,Briefwahlbezirk 6024,W,379,151,39.84168865435356
224,2242110000023,2061,2061 Biewer,U,452,112,24.778761061946902
224,2242110000023,6027,Briefwahlbezirk 6027,W,378,129,34.12698412698413
224,2242110000024,2041,Trier/Ruwer 1 + 3 und Eitelsbach 1,U,322,101,31.366459627329192
224,2242110000024,2042,Trier/Ruwer 2,U,390,149,38.205128205128204
224,2242110000024,6025,Briefwahlbezirk 6025,W,368,160,43.47826086956522
224,2242110000024,6026,Briefwahlbezirk 6026,W,344,134,38.95348837209303
224,2242350401000,201,Bonerath,U,169,61,36.09467455621302
224,2242350402100,301,Farschweiler,U,388,112,28.865979381443296
224,2242350403700,401,Gusterath,U,1105,394,35.65610859728507
224,2242350403800,519,Gutweiler-Sommerau,U,458,183,39.956331877729255
224,2242350404400,601,Herl,U,143,48,33.56643356643357
224,2242350404600,701,Hinzenburg,U,78,37,47.43589743589743
224,2242350405000,801,Holzerath,U,244,84,34.42622950819672
224,2242350405600,901,Kasel,U,747,293,39.223560910307896
224,2242350407000,1001,Korlingen,U,426,166,38.967136150234744
224,2242350408000,1101,Lorscheid,U,299,101,33.77926421404682
224,2242350408500,1201,Mertesdorf,U,1004,354,35.2589641434263
224,2242350409000,1301,Morscheid,U,528,208,39.39393939393939
224,2242350410000,1401,Ollmuth,U,104,40,38.46153846153847
224,2242350410300,1501,Osburg,U,1334,418,31.334332833583208
224,2242350410700,1601,Pluwig,U,945,295,31.216931216931215
224,2242350411600,1701,Riveris,U,221,65,29.411764705882355
224,2242350412400,1801,Schöndorf,U,427,144,33.723653395784545
224,2242350413500,2001,Thomm,U,631,213,33.75594294770206
224,2242350414100,2101,Waldrach,U,1116,467,41.84587813620072
224,2242350600400,1101,Bekond,U,588,200,34.01360544217687
224,2242350601500,2101,Detzem,U,408,184,45.09803921568628
224,2242350601900,3101,Ensch,U,270,96,35.55555555555556
224,2242350602200,4101,Fell 04101,U,729,249,34.15637860082305
224,2242350602200,4102,Fell 04102,U,550,172,31.272727272727273
224,2242350602200,4103,Fell 04103,U,208,60,28.846153846153843
224,2242350602600,5101,Föhren 05101,U,799,232,29.036295369211512
224,2242350602600,5102,Föhren 05102,U,937,329,35.11205976520811
224,2242350606000,6101,Kenn 06101,U,813,298,36.65436654366543
224,2242350606000,6102,Kenn 06102,U,668,234,35.029940119760475
224,2242350606300,7101,Klüsserath,U,609,258,42.364532019704434
224,2242350606700,8101,Köwerich,U,217,104,47.926267281105986
224,2242350607400,9101,Leiwen,U,905,441,48.729281767955804
224,2242350607700,11101,Longen,U,52,12,23.076923076923077
224,2242350607800,12101,Longuich,U,816,354,43.38235294117647
224,2242350608300,13101,Mehring 13101,U,744,312,41.935483870967744
224,2242350608300,13102,Mehring 13102,U,628,306,48.72611464968153
224,2242350609100,14101,Naurath (Eifel),U,191,60,31.413612565445025
224,2242350610800,15101,Pölich,U,227,102,44.93392070484582
224,2242350611500,16101,Riol,U,812,356,43.84236453201971
224,2242350612000,17101,Schleich,U,144,80,55.55555555555556
224,2242350612500,18101,Schweich 18101,U,1291,452,35.01161890007746
224,2242350612500,18102,Schweich 18102,U,825,346,41.93939393939394
224,2242350612500,18103,Schweich 18103,U,1277,486,38.057948316366485
224,2242350612500,18104,Schweich 18104,U,1074,478,44.50651769087523
224,2242350613400,19101,Thörnich,U,131,64,48.854961832061065
224,2242350620700,10101,Trittenheim,U,663,332,50.075414781297134
224,2242350700100,101,Aach,U,505,176,34.85148514851485
224,2242350702700,2701,Franzenheim,U,203,60,29.55665024630542
224,2242350704800,4801,Hockweiler,U,188,58,30.851063829787233
224,2242350705100,5111,Igel,U,890,370,41.57303370786517
224,2242350705100,5121,Igel/Liersberg,U,147,51,34.69387755102041
224,2242350706900,6901,Kordel,U,551,157,28.49364791288566
224,2242350706900,6902,Kordel,U,500,127,25.4
224,2242350707300,7311,Langsur,U,376,161,42.819148936170215
224,2242350707300,7321,Langsur/Mesenich,U,187,69,36.898395721925134
224,2242350707300,7331,Langsur/Metzdorf,U,123,48,39.02439024390244
224,2242350707300,7341,Langsur/Grewenich,U,73,25,34.24657534246575
224,2242350709400,9411,Newel,U,395,141,35.69620253164557
224,2242350709400,9421,Newel/Butzweiler,U,751,219,29.161118508655125
224,2242350709400,9431,Newel/Beßlich,U,298,97,32.5503355704698
224,2242350709400,9441,Newel/Lorich,U,42,9,21.428571428571427
224,2242350711100,11111,Ralingen,U,213,69,32.3943661971831
224,2242350711100,11121,Ralingen/Wintersdorf,U,266,131,49.24812030075188
224,2242350711100,11131,Ralingen/Edingen,U,125,52,41.6
224,2242350711100,11141,Ralingen/Godendorf,U,153,54,35.294117647058826
224,2242350711100,11151,Ralingen/Olk,U,252,64,25.396825396825395
224,2242350711100,11161,Ralingen/Kersch,U,77,17,22.07792207792208
224,2242350713700,13711,Trierweiler,U,983,364,37.029501525940994
224,2242350713700,13721,Trierweiler/Sirzenich,U,776,259,33.376288659793815
224,2242350713700,13731,Trierweiler/Udelfangen,U,141,36,25.53191489361702
224,2242350713700,13741,Trierweiler/Fusenich,U,155,56,36.12903225806451
224,2242350715100,15111,Zemmer,U,567,180,31.746031746031743
224,2242350715100,15121,Zemmer/Rodt,U,648,200,30.864197530864196
224,2242350715100,15131,Zemmer/Schleidweiler,U,312,108,34.61538461538461
224,2242350715100,15141,Zemmer/Daufenbach,U,93,32,34.40860215053764
224,2242350750100,50111,Welschbillig,U,1029,351,34.11078717201166
224,2242350750100,50121,Welschbillig/Hofweiler,U,85,33,38.82352941176471
224,2242350750100,50131,Welschbillig/Ittel,U,155,42,27.09677419354839
224,2242350750100,50141,Welschbillig/Möhn,U,105,47,44.761904761904766
224,2242350750100,50151,Welschbillig/Träg,U,84,31,36.904761904761905
225,2252110000011,1031,Trier/Altstadt 1 + 3,U,490,89,18.16326530612245
225,2252110000011,1032,Trier/Altstadt 2 + 7,U,395,95,24.050632911392405
225,2252110000011,1034,Trier/Altstadt 4,U,364,95,26.098901098901102
225,2252110000011,1035,Trier/Altstadt 5,U,603,130,21.558872305140962
225,2252110000011,1036,Trier/Altstadt 6 + 8,U,436,82,18.807339449541285
225,2252110000011,4031,Trier/Gartenfeld 1 + 3,U,545,114,20.91743119266055
225,2252110000011,4032,Trier/Gartenfeld 2,U,360,119,33.05555555555556
225,2252110000011,6009,Briefwahlbezirk 6009,W,487,158,32.4435318275154
225,2252110000011,6010,Briefwahlbezirk 6010,W,505,210,41.584158415841586
225,2252110000011,6011,Briefwahlbezirk 6011,W,270,75,27.77777777777778
225,2252110000011,6013,Briefwahlbezirk 6013,W,425,92,21.64705882352941
225,2252110000011,6041,Briefwahlbezirk 6041,W,376,80,21.27659574468085
225,2252110000011,6042,Briefwahlbezirk 6042,W,350,131,37.42857142857143
225,2252110000012,1011,Trier-Nells Ländchen 1,U,435,60,13.793103448275861
225,2252110000012,1012,Trier-Nells Ländchen 2 + 3,U,235,28,11.914893617021278
225,2252110000012,1021,Trier/Maximin 1,U,533,124,23.26454033771107
225,2252110000012,1022,Trier/Maximin 2,U,312,48,15.384615384615385
225,2252110000012,1023,Trier/Maximin 3,U,333,74,22.22222222222222
225,2252110000012,1024,Trier/Maximin 4,U,382,64,16.75392670157068
225,2252110000012,1025,Trier/Maximin 5,U,290,60,20.689655172413794
225,2252110000012,1026,Trier/Maximin 6,U,424,133,31.367924528301888
225,2252110000012,6001,Briefwahlbezirk 6001,W,295,57,19.322033898305087
225,2252110000012,6002,Briefwahlbezirk 6002,W,130,24,18.461538461538463
225,2252110000012,6003,Briefwahlbezirk 6003,W,418,115,27.51196172248804
225,2252110000012,6004,Briefwahlbezirk 6004,W,295,62,21.01694915254237
225,2252110000012,6005,Briefwahlbezirk 6005,W,360,112,31.11111111111111
225,2252110000012,6006,Briefwahlbezirk 6006,W,392,89,22.70408163265306
225,2252110000012,6007,Briefwahlbezirk 6007,W,244,54,22.131147540983605
225,2252110000012,6008,Briefwahlbezirk 6008,W,335,99,29.55223880597015
225,2252110000013,1041,Trier/Barbara 1 + 2,U,580,124,21.379310344827587
225,2252110000013,1043,Trier/Barbara 3 + 4 + 5,U,554,82,14.801444043321299
225,2252110000013,1051,Trier/Matthias 1,U,323,38,11.76470588235294
225,2252110000013,1052,Trier/Matthias 2 + 3,U,698,128,18.33810888252149
225,2252110000013,1054,Trier/Matthias 4 + 5,U,378,59,15.608465608465607
225,2252110000013,6014,Briefwahlbezirk 6014,W,575,171,29.739130434782606
225,2252110000013,6015,Briefwahlbezirk 6015,W,526,93,17.680608365019012
225,2252110000013,6016,Briefwahlbezirk 6016,W,283,59,20.848056537102476
225,2252110000013,6018,Briefwahlbezirk 6018,W,226,48,21.238938053097346
225,2252110000031,3011,Trier/Pallien 1,U,307,55,17.91530944625407
225,2252110000031,3021,Trier/West 1 + 2,U,337,48,14.243323442136498
225,2252110000031,3023,Trier/West 3 + 6,U,233,27,11.587982832618025
225,2252110000031,3024,Trier/West 4 + 5,U,409,53,12.95843520782396
225,2252110000031,6028,Briefwahlbezirk 6028,W,288,89,30.90277777777778
225,2252110000031,6029,Briefwahlbezirk 6029,W,259,73,28.185328185328185
225,2252110000031,6030,Briefwahlbezirk 6030,W,128,20,15.625
225,2252110000031,6031,Briefwahlbezirk 6031,W,249,45,18.072289156626507
225,2252110000032,3031,Trier/Euren 1 + 4 + 5,U,461,119,25.813449023861175
225,2252110000032,3032,Trier/Euren 2 + 3,U,450,120,26.666666666666668
225,2252110000032,6032,Briefwahlbezirk 6032,W,459,152,33.11546840958606
225,2252110000032,6033,Briefwahlbezirk 6033,W,490,164,33.46938775510204
225,2252110000033,3041,Trier/Zewen 1 + 4,U,347,96,27.6657060518732
225,2252110000033,3042,Trier/Zewen 2 + 3,U,495,138,27.878787878787882
225,2252110000033,6034,Briefwahlbezirk 6034,W,276,105,38.04347826086957
225,2252110000033,6035,Briefwahlbezirk 6035,W,508,200,39.37007874015748
225,2252110000041,4041,Trier/Olewig 1,U,427,116,27.166276346604217
225,2252110000041,4042,Trier/Olewig 2 + 3,U,422,144,34.12322274881517
225,2252110000041,6043,Briefwahlbezirk 6043,W,447,137,30.648769574944073
225,2252110000041,6044,Briefwahlbezirk 6044,W,416,140,33.65384615384615
225,2252110000042,4011,Trier/Alt-Kürenz 1 + 3,U,406,66,16.25615763546798
225,2252110000042,4012,Trier/Alt-Kürenz 2 + 4,U,338,73,21.597633136094675
225,2252110000042,4021,Trier/Neu-Kürenz 1 + 5,U,896,350,39.0625
225,2252110000042,4022,Trier/Neu-Kürenz 2,U,417,67,16.06714628297362
225,2252110000042,4023,Trier/Neu-Kürenz 3 + 4,U,373,63,16.890080428954423
225,2252110000042,6036,Briefwahlbezirk 6036,W,401,86,21.44638403990025
225,2252110000042,6037,Briefwahlbezirk 6037,W,298,61,20.469798657718123
225,2252110000042,6039,Briefwahlbezirk 6039,W,488,119,24.385245901639344
225,2252110000042,6040,Briefwahlbezirk 6040,W,254,64,25.196850393700785
225,2252110000043,4051,Trier/Tarforst 1,U,462,168,36.36363636363637
225,2252110000043,4052,Trier/Tarforst 2 + 4,U,469,127,27.078891257995735
225,2252110000043,4053,Trier/Tarforst 3 + 5,U,738,256,34.68834688346883
225,2252110000043,6045,Briefwahlbezirk 6045,W,440,143,32.5
225,2252110000043,6046,Briefwahlbezirk 6046,W,476,209,43.90756302521008
225,2252110000043,6047,Briefwahlbezirk 6047,W,568,206,36.267605633802816
225,2252110000044,4061,Trier/Filsch 1,U,545,154,28.256880733944957
225,2252110000044,6048,Briefwahlbezirk 6048,W,398,147,36.93467336683417
225,2252110000045,4071,Trier/Irsch 1 + 2,U,615,200,32.52032520325203
225,2252110000045,6049,Briefwahlbezirk 6049,W,660,255,38.63636363636363
225,2252110000046,4081,Trier/Kernscheid 1,U,302,92,30.4635761589404
225,2252110000046,6050,Briefwahlbezirk 6050,W,228,106,46.49122807017544
225,2252110000051,5041,Trier/Weismark 1,U,562,159,28.291814946619215
225,2252110000051,5042,Trier/Weismark 2,U,312,93,29.807692307692307
225,2252110000051,5051,Trier/Feyen 1,U,469,132,28.14498933901919
225,2252110000051,5052,Trier/Feyen 2 + 3,U,504,179,35.51587301587302
225,2252110000051,6056,Briefwahlbezirk 6056,W,466,150,32.18884120171674
225,2252110000051,6057,Briefwahlbezirk 6057,W,216,78,36.11111111111111
225,2252110000051,6058,Briefwahlbezirk 6058,W,480,147,30.625000000000004
225,2252110000051,6059,Briefwahlbezirk 6059,W,636,254,39.937106918238996
225,2252110000052,5011,Trier/Alt-Heiligkreuz 1 + 2,U,600,151,25.166666666666664
225,2252110000052,5021,Trier/Neu-Heiligkreuz 1 + 2,U,518,135,26.061776061776058
225,2252110000052,5023,Trier/Neu-Heiligkreuz 3 + 4 + 5,U,549,149,27.140255009107467
225,2252110000052,6051,Briefwahlbezirk 6051,W,624,241,38.621794871794876
225,2252110000052,6052,Briefwahlbezirk 6051,W,638,211,33.07210031347962
225,2252110000052,6053,Briefwahlbezirk 6053,W,616,224,36.36363636363637
225,2252110000053,5031,Trier/Mariahof 1 + 2,U,270,52,19.25925925925926
225,2252110000053,5033,Trier/Mariahof 3 + 4,U,376,96,25.53191489361702
225,2252110000053,6054,Briefwahlbezirk 6054,W,188,73,38.82978723404255
225,2252110000053,6055,Briefwahlbezirk 6055,W,277,91,32.851985559566785
226,2262350100500,101,Bescheid,U,270,83,30.74074074074074
226,2262350100800,101,Beuren (Hochwald),U,458,135,29.475982532751093
226,2262350100800,102,Beuren (Hochwald),U,98,37,37.755102040816325
226,2262350101400,101,Damflos,U,348,121,34.770114942528735
226,2262350103000,101,Geisfeld,U,296,106,35.810810810810814
226,2262350103500,101,Grimburg,U,259,98,37.83783783783784
226,2262350103600,101,Gusenburg,U,688,234,34.01162790697674
226,2262350104500,101,"Hermeskeil,St",U,637,175,27.472527472527474
226,2262350104500,102,"Hermeskeil,St",U,518,211,40.73359073359074
226,2262350104500,103,"Hermeskeil,St",U,604,209,34.602649006622514
226,2262350104500,104,"Hermeskeil,St",U,475,148,31.157894736842106
226,2262350104500,201,"Hermeskeil,St",U,247,92,37.24696356275304
226,2262350104500,301,"Hermeskeil,St",U,172,47,27.325581395348834
226,2262350104700,101,Hinzert-Pölert,U,161,55,34.161490683229815
226,2262350109200,101,Naurath (Wald),U,126,51,40.476190476190474
226,2262350109300,101,Neuhütten,U,393,140,35.6234096692112
226,2262350109300,201,Neuhütten,U,55,9,16.363636363636363
226,2262350111200,101,Rascheid,U,284,99,34.859154929577464
226,2262350111400,101,Reinsfeld,U,743,296,39.83849259757739
226,2262350111400,102,Reinsfeld,U,587,152,25.894378194207835
226,2262350115300,101,Züsch,U,367,86,23.43324250681199
226,2262350305500,600,Kanzem,U,368,117,31.793478260869566
226,2262350306800,503,"Konz, Könen",U,1198,491,40.98497495826378
226,2262350306800,504,"Konz, Kommlingen",U,220,76,34.54545454545455
226,2262350306800,505,"Konz, Krettnach/Obermennig",U,428,180,42.05607476635514
226,2262350306800,506,"Konz, Niedermennig",U,494,201,40.688259109311744
226,2262350306800,507,"Konz, Oberemmel",U,932,381,40.87982832618026
226,2262350306800,509,"Konz, Filzen/Hamm",U,246,100,40.65040650406504
226,2262350306800,511,"Konz,St",U,947,291,30.728616684266104
226,2262350306800,521,"Konz,St",U,545,162,29.724770642201836
226,2262350306800,531,"Konz,St",U,369,94,25.474254742547426
226,2262350306800,541,"Konz,St",U,584,170,29.10958904109589
226,2262350306800,551,"Konz,St",U,729,248,34.01920438957476
226,2262350306800,561,"Konz,St",U,664,272,40.963855421686745
226,2262350306800,562,"Konz,St",U,841,315,37.45541022592152
226,2262350309500,800,Nittel,U,794,295,37.1536523929471
226,2262350309500,801,Nittel-Köllig,U,85,21,24.705882352941178
226,2262350309500,802,Nittel-Rehlingen,U,67,26,38.80597014925373
226,2262350309600,900,Oberbillig,U,466,178,38.197424892703864
226,2262350310100,1000,Onsdorf,U,84,31,36.904761904761905
226,2262350310600,1100,Pellingen,U,677,283,41.802067946824224
226,2262350313200,1300,Tawern,U,1217,440,36.15447822514379
226,2262350313200,1301,Tawern-Fellerich,U,140,54,38.57142857142858
226,2262350313300,1400,Temmels,U,328,108,32.926829268292686
226,2262350314300,1500,Wasserliesch,U,1097,422,38.46855059252507
226,2262350314400,1600,Wawern,U,322,122,37.88819875776397
226,2262350314600,1700,Wellen,U,249,104,41.76706827309237
226,2262350314800,1800,Wiltingen,U,779,243,31.193838254172015
226,2262350800200,101,Ayl,U,871,371,42.5947187141217
226,2262350800300,101,Baldringen,U,169,54,31.952662721893493
226,2262350802500,1,Fisch,U,189,66,34.92063492063492
226,2262350802800,101,Freudenburg,U,737,214,29.036635006784262
226,2262350803300,101,Greimerath,U,563,186,33.03730017761989
226,2262350804000,101,Heddert,U,166,42,25.301204819277107
226,2262350804300,101,Hentern,U,252,100,39.682539682539684
226,2262350805200,1,Irsch,U,916,380,41.48471615720524
226,2262350805700,1,Kastel-Staadt,U,233,65,27.896995708154503
226,2262350805800,101,Kell am See,U,1157,396,34.22644770959378
226,2262350806200,101,Kirf,U,234,97,41.452991452991455
226,2262350806200,201,Beuren,U,87,39,44.827586206896555
226,2262350806200,301,Meurich,U,70,32,45.714285714285715
226,2262350807200,101,Lampaden,U,337,135,40.0593471810089
226,2262350808100,101,Mandern,U,506,160,31.620553359683797
226,2262350808200,1,Mannebach,U,166,55,33.13253012048193
226,2262350809800,1,Ockfen,U,368,153,41.57608695652174
226,2262350810400,101,Palzem,U,151,68,45.033112582781456
226,2262350810400,201,Esingen,U,53,31,58.490566037735846
226,2262350810400,301,Helfant,U,143,57,39.86013986013986
226,2262350810400,401,Kreuzweiler,U,105,41,39.04761904761905
226,2262350810400,501,Wehr,U,124,53,42.74193548387097
226,2262350810400,601,Dilmar,U,57,27,47.368421052631575
226,2262350810500,101,Paschel,U,143,47,32.86713286713287
226,2262350811800,101,"Saarburg, Stadthalle",U,492,190,38.61788617886179
226,2262350811800,102,"Saarburg, Stadthalle",U,344,130,37.7906976744186
226,2262350811800,103,"Saarburg, Gymnasium",U,455,174,38.24175824175824
226,2262350811800,201,"Saarburg, Grundschule St. Marien",U,570,220,38.59649122807017
226,2262350811800,202,"Saarburg, Grundschule St. Marien",U,593,226,38.11129848229342
226,2262350811800,203,Grundschule St. Marien,U,517,203,39.26499032882012
226,2262350811800,301,"Saarburg, Vereinsgebäude Niederleuken",U,487,201,41.27310061601643
226,2262350811800,401,"Saarburg, Gemeinschaftshaus Krutweiler",U,132,54,40.909090909090914
226,2262350811800,501,"Saarburg, Dorfscheune Kahren",U,131,46,35.11450381679389
226,2262350811900,101,Schillingen,U,699,221,31.616595135908444
226,2262350812200,1,Schoden,U,475,187,39.36842105263158
226,2262350812300,101,Schömerich,U,63,19,30.158730158730158
226,2262350812600,101,Serrig,U,929,324,34.8762109795479
226,2262350813100,101,Taben-Rodt/Hamm,U,421,122,28.978622327790976
226,2262350813600,1,Trassem,U,589,248,42.10526315789473
226,2262350814000,101,Vierherrenborn,U,118,55,46.61016949152542
226,2262350814200,101,Waldweiler,U,468,134,28.63247863247863
226,2262350814900,101,Wincheringen,U,759,267,35.177865612648226
226,2262350814900,201,Bilzingen,U,50,21,42.0
226,2262350814900,301,Söst,U,71,29,40.845070422535215
226,2262350815200,101,Zerf,U,820,261,31.829268292682926
226,2262350815400,101,"Merzkirchen/Merzkirchen,Rommelfangen",U,111,41,36.93693693693694
226,2262350815400,201,Merzkirchen/Dittlingen,U,53,19,35.84905660377358
226,2262350815400,301,"Merzkirchen/Kelsen,Portz",U,100,41,41.0
226,2262350815400,401,Merzkirchen/Körrig,U,108,44,40.74074074074074
327,3273150000015,1502,Mainz/15/Willigisplatz,U,444,82,18.46846846846847
327,3273150000015,1503,Mainz/15/Lauterenstraße,U,640,170,26.5625
327,3273150000015,1504,Mainz/15/Bilhildisstraße,U,522,74,14.17624521072797
327,3273150000015,1505,Mainz/15/Deutschhausplatz,U,539,105,19.480519480519483
327,3273150000015,1506,Mainz/15/Am Brand,U,390,67,17.17948717948718
327,3273150000015,1507,Mainz/15/Schloßviertel,U,324,46,14.19753086419753
327,3273150000015,1514,Mainz/15/Schießgartenstraße,U,349,34,9.742120343839542
327,3273150000015,1515,Mainz/15/Gärtnergasse,U,384,32,8.333333333333332
327,3273150000015,1517,Mainz/15/Neutorstraße,U,474,86,18.143459915611814
327,3273150000015,1518,Mainz/15/Weihergarten,U,402,63,15.671641791044777
327,3273150000015,1593,Mainz/15/Altstadt VII,W,466,84,18.025751072961373
327,3273150000015,1594,Mainz/15/Altstadt VI,W,709,129,18.194640338504936
327,3273150000015,1595,Mainz/15/Altstadt V,W,630,191,30.317460317460316
327,3273150000015,1596,Mainz/15/Altstadt IV,W,502,104,20.717131474103585
327,3273150000015,1597,Mainz/15/Altstadt III,W,880,219,24.886363636363637
327,3273150000015,1598,Mainz/15/Altstadt II,W,811,112,13.81011097410604
327,3273150000015,1599,Mainz/15/Altstadt I,W,971,193,19.87641606591143
327,3273150000016,1601,Mainz/16/Feldbergstraße,U,433,57,13.163972286374134
327,3273150000016,1602,Mainz/16/Adam-Karillon-Straße,U,490,59,12.040816326530612
327,3273150000016,1603,Mainz/16/Frauenlobplatz,U,302,29,9.602649006622517
327,3273150000016,1604,Mainz/16/Wallaustraße Mitte,U,503,55,10.934393638170974
327,3273150000016,1605,Mainz/16/Gartenfeldplatz,U,378,30,7.936507936507936
327,3273150000016,1606,Mainz/16/Lessingplatz,U,576,64,11.11111111111111
327,3273150000016,1607,Mainz/16/Kaiser-Wilhelm-Ring Süd,U,404,28,6.9306930693069315
327,3273150000016,1608,Mainz/16/Heinrich-Heine-Straße,U,512,48,9.375
327,3273150000016,1609,Mainz/16/Colmarstraße,U,552,43,7.789855072463768
327,3273150000016,1610,Mainz/16/Valenciaplatz,U,475,38,8.0
327,3273150000016,1611,Mainz/16/Karoline-Stern-Platz,U,384,30,7.8125
327,3273150000016,1612,Mainz/16/Goethestraße,U,332,37,11.144578313253012
327,3273150000016,1613,Mainz/16/Feldbergplatz,U,571,77,13.485113835376533
327,3273150000016,1614,Mainz/16/Leibnizstraße,U,404,38,9.405940594059405
327,3273150000016,1615,Mainz/16/Bonifaziusstraße,U,278,20,7.194244604316546
327,3273150000016,1616,Mainz/16/Zoll- und Binnenhafen,U,483,125,25.87991718426501
327,3273150000016,1690,Mainz/16/Neustadt X,W,479,47,9.812108559498958
327,3273150000016,1691,Mainz/16/Neustadt IX,W,458,46,10.043668122270741
327,3273150000016,1692,Mainz/16/Neustadt VIII,W,531,54,10.16949152542373
327,3273150000016,1693,Mainz/16/Neustadt VII,W,658,74,11.246200607902736
327,3273150000016,1694,Mainz/16/Neustadt VI,W,975,225,23.076923076923077
327,3273150000016,1695,Mainz/16/Neustadt V,W,750,82,10.933333333333334
327,3273150000016,1696,Mainz/16/Neustadt IV,W,864,104,12.037037037037036
327,3273150000016,1697,Mainz/16/Neustadt III,W,854,94,11.00702576112412
327,3273150000016,1698,Mainz/16/Neustadt II,W,942,145,15.392781316348195
327,3273150000016,1699,Mainz/16/Neustadt I,W,789,109,13.814955640050696
327,3273150000024,2401,Mainz/24/Lorenz-Diehl-Straße,U,337,89,26.409495548961427
327,3273150000024,2402,Mainz/24/Göttelmannstraße,U,420,129,30.714285714285715
327,3273150000024,2405,Mainz/24/GFZ-Kaserne,U,314,52,16.560509554140125
327,3273150000024,2406,Mainz/24/Gottlieb-Daimler-Straße,U,445,95,21.34831460674157
327,3273150000024,2409,Mainz/24/Am Römerlager,U,302,42,13.90728476821192
327,3273150000024,2410,Mainz/24/Zahlbach,U,540,129,23.88888888888889
327,3273150000024,2411,Mainz/24/Schlesisches Viertel,U,491,136,27.698574338085542
327,3273150000024,2412,Mainz/24/Freiherr-vom-Stein-Straße,U,445,56,12.584269662921349
327,3273150000024,2413,Mainz/24/Drususstraße,U,531,114,21.468926553672315
327,3273150000024,2415,Mainz/24/Carl-Benz-Straße,U,399,64,16.040100250626566
327,3273150000024,2416,Mainz/24/Martin-Luther-Straße,U,500,120,24.0
327,3273150000024,2417,Mainz/24/Am Fort Elisabeth,U,395,97,24.556962025316455
327,3273150000024,2492,Mainz/24/Oberstadt VIII,W,507,103,20.315581854043394
327,3273150000024,2493,Mainz/24/Oberstadt VII,W,670,202,30.149253731343283
327,3273150000024,2494,Mainz/24/Oberstadt VI,W,488,116,23.770491803278688
327,3273150000024,2495,Mainz/24/Oberstadt V,W,508,119,23.4251968503937
327,3273150000024,2496,Mainz/24/Oberstadt IV,W,912,210,23.026315789473685
327,3273150000024,2497,Mainz/24/Oberstadt III,W,803,130,16.189290161892902
327,3273150000024,2498,Mainz/24/Oberstadt II,W,860,241,28.02325581395349
327,3273150000024,2499,Mainz/24/Oberstadt I,W,604,218,36.092715231788084
327,3273150000025,2501,Mainz/25/Jakob-Steffan-Straße,U,361,81,22.437673130193904
327,3273150000025,2502,Mainz/25/Am Gonsenheimer Spieß,U,467,79,16.916488222698074
327,3273150000025,2503,Mainz/25/Eichendorffstraße,U,491,122,24.84725050916497
327,3273150000025,2504,Mainz/25/Im Münchfeld,U,449,75,16.70378619153675
327,3273150000025,2505,Mainz/25/Hegelstraße,U,746,167,22.386058981233244
327,3273150000025,2508,Mainz/25/Am Judensand,U,492,94,19.10569105691057
327,3273150000025,2509,Mainz/25/Rheingauwall,U,402,61,15.17412935323383
327,3273150000025,2510,Mainz/25/Fritz-Kohl-Straße,U,383,63,16.449086161879894
327,3273150000025,2515,Mainz/25/Taubertsberg,U,391,47,12.020460358056265
327,3273150000025,2516,Mainz/25/Eduard-Frank-Straße,U,321,41,12.77258566978193
327,3273150000025,2594,Mainz/25/Hartenberg-Münchfeld VI,W,649,90,13.86748844375963
327,3273150000025,2595,Mainz/25/Hartenberg-Münchfeld V,W,561,119,21.21212121212121
327,3273150000025,2596,Mainz/25/Hartenberg-Münchfeld IV,W,637,97,15.2276295133438
327,3273150000025,2597,Mainz/25/Hartenberg-Münchfeld III,W,937,154,16.435432230522945
327,3273150000025,2598,Mainz/25/Hartenberg-Münchfeld II,W,380,101,26.57894736842105
327,3273150000025,2599,Mainz/25/Hartenberg-Münchfeld I,W,812,181,22.29064039408867
328,3283150000031,3101,Mainz/31/Pestalozzistraße,U,368,57,15.489130434782608
328,3283150000031,3102,Mainz/31/An der Plantage,U,404,44,10.891089108910892
328,3283150000031,3103,Mainz/31/Am Müllerwald,U,449,74,16.481069042316257
328,3283150000031,3107,Mainz/31/Turnerstraße,U,330,53,16.060606060606062
328,3283150000031,3108,Mainz/31/Karlsstraße,U,360,78,21.666666666666668
328,3283150000031,3109,Mainz/31/Westring I,U,297,52,17.50841750841751
328,3283150000031,3110,Mainz/31/Westring II,U,338,65,19.230769230769234
328,3283150000031,3196,Mainz/31/Mombach IV,W,405,91,22.469135802469136
328,3283150000031,3197,Mainz/31/Mombach III,W,454,117,25.770925110132158
328,3283150000031,3198,Mainz/31/Mombach II,W,644,173,26.86335403726708
328,3283150000031,3199,Mainz/31/Mombach I,W,675,137,20.296296296296294
328,3283150000041,4101,Mainz/41/Max-Planck-Straße,U,297,75,25.252525252525253
328,3283150000041,4103,Mainz/41/Oranienstraße,U,480,99,20.625
328,3283150000041,4104,Mainz/41/Am Großen Sand,U,401,108,26.932668329177055
328,3283150000041,4109,Mainz/41/Vierzehn-Nothelfer-Straße,U,429,137,31.934731934731936
328,3283150000041,4110,Mainz/41/Elsa-Brändström-Straße,U,378,64,16.93121693121693
328,3283150000041,4114,Mainz/41/Lennebergstraße,U,471,163,34.6072186836518
328,3283150000041,4117,Mainz/41/An der Bruchspitze,U,750,239,31.866666666666667
328,3283150000041,4118,Mainz/41/An den Reben,U,598,158,26.421404682274247
328,3283150000041,4119,Mainz/41/Kirchstraße,U,779,212,27.214377406931966
328,3283150000041,4120,Mainz/41/Mainzer Straße,U,576,150,26.041666666666668
328,3283150000041,4121,Mainz/41/Willy-Brandt-Platz,U,656,167,25.45731707317073
328,3283150000041,4122,Mainz/41/Canisiusstraße,U,621,128,20.611916264090176
328,3283150000041,4191,Mainz/41/Gonsenheim IX,W,710,177,24.929577464788732
328,3283150000041,4192,Mainz/41/Gonsenheim VIII,W,491,136,27.698574338085542
328,3283150000041,4193,Mainz/41/Gonsenheim VII,W,618,211,34.14239482200647
328,3283150000041,4194,Mainz/41/Gonsenheim VI,W,593,168,28.330522765598655
328,3283150000041,4195,Mainz/41/Gonsenheim V,W,833,262,31.45258103241296
328,3283150000041,4196,Mainz/41/Gonsenheim IV,W,248,55,22.177419354838708
328,3283150000041,4197,Mainz/41/Gonsenheim III,W,914,366,40.0437636761488
328,3283150000041,4198,Mainz/41/Gonsenheim II,W,802,233,29.052369077306732
328,3283150000041,4199,Mainz/41/Gonsenheim I,W,780,227,29.102564102564106
328,3283150000051,5101,Mainz/51/An der Riegelspforte,U,329,44,13.37386018237082
328,3283150000051,5102,Mainz/51/An der Wied,U,507,90,17.75147928994083
328,3283150000051,5103,Mainz/51/Albanusstraße,U,423,139,32.860520094562645
328,3283150000051,5104,Mainz/51/Hans-Böckler-Straße,U,457,112,24.50765864332604
328,3283150000051,5105,Mainz/51/Albert-Stohr-Straße,U,394,93,23.604060913705585
328,3283150000051,5106,Mainz/51/Gürtlerstraße,U,535,142,26.542056074766357
328,3283150000051,5107,Mainz/51/Pf.-Stockheimer-Straße,U,502,127,25.298804780876495
328,3283150000051,5110,Mainz/51/Bretzenheim West,U,415,102,24.57831325301205
328,3283150000051,5112,Mainz/51/Draiser Straße,U,249,45,18.072289156626507
328,3283150000051,5117,Mainz/51/In der Klauer,U,606,152,25.082508250825082
328,3283150000051,5118,Mainz/51/Hochstraße,U,437,75,17.162471395881006
328,3283150000051,5192,Mainz/51/Bretzenheim VIII,W,760,187,24.605263157894736
328,3283150000051,5193,Mainz/51/Bretzenheim VII,W,488,166,34.01639344262295
328,3283150000051,5194,Mainz/51/Bretzenheim VI,W,456,132,28.947368421052634
328,3283150000051,5195,Mainz/51/Bretzenheim V,W,403,120,29.776674937965257
328,3283150000051,5196,Mainz/51/Bretzenheim IV,W,690,159,23.043478260869566
328,3283150000051,5197,Mainz/51/Bretzenheim III,W,1101,270,24.52316076294278
328,3283150000051,5198,Mainz/51/Bretzenheim II,W,744,248,33.33333333333333
328,3283150000051,5199,Mainz/51/Bretzenheim I,W,780,176,22.564102564102566
328,3283150000061,6101,Mainz/61/Ringstraße,U,582,141,24.22680412371134
328,3283150000061,6102,Mainz/61/Carl-Zeiss-Straße,U,315,82,26.031746031746035
328,3283150000061,6103,Mainz/61/Huxelrebenweg,U,944,300,31.779661016949152
328,3283150000061,6105,Mainz/61/Vogelsbergstraße,U,308,75,24.350649350649352
328,3283150000061,6106,Mainz/61/Ludwig-Strecker-Straße,U,453,125,27.593818984547465
328,3283150000061,6107,Mainz/61/Dornsheimer Weg,U,525,153,29.142857142857142
328,3283150000061,6108,Mainz/61/Peter-Weyer-Straße,U,456,118,25.877192982456144
328,3283150000061,6109,Mainz/61/Silvanerstraße,U,391,156,39.89769820971867
328,3283150000061,6110,Mainz/61/Am Schinnergraben,U,319,89,27.89968652037618
328,3283150000061,6194,Mainz/61/Hechtsheim VI,W,523,178,34.03441682600382
328,3283150000061,6196,Mainz/61/Hechtsheim IV,W,654,185,28.287461773700308
328,3283150000061,6197,Mainz/61/Hechtsheim III,W,928,292,31.46551724137931
328,3283150000061,6198,Mainz/61/Hechtsheim II,W,710,295,41.54929577464789
328,3283150000061,6199,Mainz/61/Hechtsheim I,W,711,245,34.458509142053444
328,3283150000071,7103,Mainz/71/Römerberg,U,296,74,25.0
328,3283150000071,7104,Mainz/71/Laubenheimer Straße,U,477,117,24.528301886792452
328,3283150000071,7106,Mainz/71/Viktorstift,U,559,159,28.44364937388193
328,3283150000071,7107,Mainz/71/Portlandstraße,U,356,70,19.662921348314608
328,3283150000071,7109,Mainz/71/Friedrich-Ebert-Straße,U,266,56,21.052631578947366
328,3283150000071,7110,Mainz/71/Gabriele-Faust-Straße,U,524,148,28.24427480916031
328,3283150000071,7112,Mainz/71/Hohlstraße,U,508,90,17.716535433070867
328,3283150000071,7113,Mainz/71/Walter-Hallstein-Straße,U,490,71,14.489795918367346
328,3283150000071,7195,Mainz/71/Weisenau V,W,522,108,20.689655172413794
328,3283150000071,7196,Mainz/71/Weisenau IV,W,624,244,39.1025641025641
328,3283150000071,7197,Mainz/71/Weisenau III,W,585,191,32.64957264957265
328,3283150000071,7198,Mainz/71/Weisenau II,W,414,95,22.946859903381643
328,3283150000071,7199,Mainz/71/Weisenau I,W,652,193,29.601226993865033
329,3293150000042,4201,Mainz/42/Wilhelm-Busch-Straße,U,882,233,26.417233560090704
329,3293150000042,4202,Mainz/42/Finthen Nord,U,562,168,29.8932384341637
329,3293150000042,4203,Mainz/42/Sertoriusring,U,459,140,30.501089324618736
329,3293150000042,4205,Mainz/42/Kurmainzstraße,U,450,138,30.666666666666664
329,3293150000042,4208,Mainz/42/Gonsenheimer Straße,U,428,154,35.981308411214954
329,3293150000042,4209,Mainz/42/Asternweg,U,415,124,29.87951807228916
329,3293150000042,4210,Mainz/42/Kettelerstraße Nord,U,569,175,30.755711775043938
329,3293150000042,4211,Mainz/42/Flugplatzstraße,U,482,117,24.273858921161825
329,3293150000042,4295,Mainz/42/Finthen V,W,415,124,29.87951807228916
329,3293150000042,4296,Mainz/42/Finthen IV,W,251,74,29.482071713147413
329,3293150000042,4297,Mainz/42/Finthen III,W,657,209,31.81126331811263
329,3293150000042,4298,Mainz/42/Finthen II,W,912,297,32.56578947368421
329,3293150000042,4299,Mainz/42/Finthen I,W,433,126,29.099307159353348
329,3293150000052,5201,Mainz/52/Pfarrer-Dorn-Straße,U,381,100,26.246719160104988
329,3293150000052,5202,Mainz/52/Am Sonnigen Hang,U,258,34,13.178294573643413
329,3293150000052,5203,Mainz/52/Marienborn Süd,U,431,118,27.37819025522042
329,3293150000052,5298,Mainz/52/Marienborn II,W,375,112,29.86666666666667
329,3293150000052,5299,Mainz/52/Marienborn I,W,451,117,25.942350332594234
329,3293150000053,5301,Mainz/53/Brahmsweg,U,520,109,20.961538461538463
329,3293150000053,5302,Mainz/53/Grünewaldstraße,U,384,114,29.6875
329,3293150000053,5303,Mainz/53/Regerstraße ZDF,U,480,81,16.875
329,3293150000053,5398,Mainz/53/Lerchenberg II,W,751,233,31.025299600532623
329,3293150000053,5399,Mainz/53/Lerchenberg I,W,443,150,33.86004514672686
329,3293150000054,5408,Mainz/54/Daniel-Brendel-Straße,U,538,160,29.739776951672862
329,3293150000054,5409,Mainz/54/Curt-Goetz-Straße,U,846,380,44.91725768321513
329,3293150000054,5499,Mainz/54/Drais I,W,549,221,40.255009107468126
329,3293150000062,6201,Mainz/62/Nieder-Olmer-Straße,U,407,149,36.60933660933661
329,3293150000062,6203,Mainz/62/Alt-Ebersheim,U,349,115,32.95128939828081
329,3293150000062,6204,Mainz/62/Dresdener Straße,U,323,109,33.746130030959755
329,3293150000062,6205,Mainz/62/Senefelder Straße,U,384,111,28.90625
329,3293150000062,6298,Mainz/62/Ebersheim II,W,819,322,39.31623931623932
329,3293150000062,6299,Mainz/62/Ebersheim I,W,654,233,35.62691131498471
329,3293150000072,7202,Mainz/72/Gustavsburger Weg,U,419,117,27.923627684964202
329,3293150000072,7203,Mainz/72/Rheintalstraße,U,458,145,31.65938864628821
329,3293150000072,7204,Mainz/72/Schubertstraße,U,348,81,23.275862068965516
329,3293150000072,7206,Mainz/72/Oppenheimer Straße,U,355,107,30.140845070422532
329,3293150000072,7207,Mainz/72/Ludwig-Marx-Straße,U,485,143,29.48453608247423
329,3293150000072,7208,Mainz/72/Oberer Dorfgraben,U,336,109,32.44047619047619
329,3293150000072,7296,Mainz/72/Laubenheim IV,W,586,226,38.56655290102389
329,3293150000072,7297,Mainz/72/Laubenheim III,W,445,127,28.539325842696627
329,3293150000072,7298,Mainz/72/Laubenheim II,W,781,304,38.92445582586428
329,3293150000072,7299,Mainz/72/Laubenheim I,W,671,204,30.402384500745157
329,3293390200600,101,Bodenheim,U,527,140,26.56546489563567
329,3293390200600,102,Bodenheim,U,500,151,30.2
329,3293390200600,103,Bodenheim,U,506,160,31.620553359683797
329,3293390200600,104,Bodenheim,U,556,176,31.654676258992804
329,3293390200600,601,Briefwahl Bodenheim 101,W,616,226,36.688311688311686
329,3293390200600,602,Briefwahl Bodenheim 102,W,611,203,33.224222585924714
329,3293390200600,603,Briefwahl Bodenheim 103,W,642,244,38.006230529595015
329,3293390200600,604,Briefwahl Bodenheim 104,W,575,212,36.869565217391305
329,3293390202000,201,Gau-Bischofsheim,U,622,211,33.92282958199357
329,3293390202000,605,Briefwahl Gau-Bischofsheim 201,W,658,241,36.62613981762918
329,3293390202600,301,Harxheim,U,765,223,29.150326797385624
329,3293390202600,606,Briefwahl Harxheim 301,W,596,220,36.91275167785235
329,3293390203400,401,Lörzweiler,U,739,265,35.859269282814616
329,3293390203400,607,Briefwahl Lörzweiler 401,W,660,240,36.36363636363637
329,3293390203900,501,Nackenheim,U,420,125,29.761904761904763
329,3293390203900,502,Nackenheim,U,445,101,22.696629213483146
329,3293390203900,503,Nackenheim,U,492,130,26.422764227642276
329,3293390203900,608,Briefwahl Nackenheim 501,W,558,181,32.437275985663085
329,3293390203900,609,Briefwahl Nackenheim 502,W,562,204,36.29893238434164
329,3293390203900,610,Briefwahl Nackenheim 503,W,513,138,26.900584795321635
330,3303390000500,16,Bingen am Rhein / Briefwahl 1,W,495,146,29.494949494949495
330,3303390000500,17,Bingen am Rhein / Briefwahl 2,W,449,152,33.85300668151447
330,3303390000500,18,Bingen am Rhein / Briefwahl 3,W,600,299,49.833333333333336
330,3303390000500,19,Bingen am Rhein / Briefwahl 4,W,708,240,33.89830508474576
330,3303390000500,20,Bingen am Rhein / Briefwahl 5,W,452,153,33.849557522123895
330,3303390000500,21,Bingen am Rhein / Briefwahl 6,W,430,150,34.883720930232556
330,3303390000500,22,Bingen am Rhein / Briefwahl 7,W,728,253,34.75274725274725
330,3303390000500,23,Bingen am Rhein / Briefwahl 8,W,571,194,33.97548161120841
330,3303390000500,24,Bingen am Rhein / Briefwahl 9,W,736,238,32.33695652173913
330,3303390000500,25,Bingen am Rhein / Briefwahl 10,W,383,119,31.070496083550914
330,3303390000501,1,Bingen am Rhein / Stadt (Kulturzentrum naheseitig),U,372,95,25.537634408602152
330,3303390000501,2,Bingen am Rhein / Stadt (Kulturzentrum brunnenseitig),U,289,52,17.99307958477509
330,3303390000501,3,Bingen am Rhein / Stadt (GS an der Burg Klopp),U,596,131,21.97986577181208
330,3303390000501,4,Bingen am Rhein/Stadt (Berufsbildende Schulen),U,574,212,36.933797909407666
330,3303390000502,12,Bingen am Rhein / ST Bingerbrück (Mehrzweckhalle links),U,356,76,21.34831460674157
330,3303390000502,13,Bingen am Rhein / ST Bingerbrück (Mehrzweckhalle rechts),U,350,74,21.142857142857142
330,3303390000503,5,Bingen am Rhein / ST Büdesheim (Realschule Plus links),U,516,133,25.775193798449614
330,3303390000503,6,Bingen am Rhein / ST Büdesheim (Realschule Plus rechts),U,466,115,24.678111587982833
330,3303390000503,7,Bingen am Rhein / ST Büdesheim (Rhein-Nahe-Schule Mensa),U,434,110,25.34562211981567
330,3303390000503,8,Bingen am Rhein / ST Büdesheim (Rhein-Nahe-Schule Turnsaal),U,503,109,21.669980119284293
330,3303390000504,9,Bingen am Rhein / ST Dietersheim (Mehrzweckhalle),U,549,149,27.140255009107467
330,3303390000505,15,Bingen am Rhein / ST Dromersheim (Grundschule),U,460,158,34.34782608695652
330,3303390000506,10,Bingen am Rhein / ST Gaulsheim (Rheinauenhalle),U,289,79,27.33564013840831
330,3303390000507,11,Bingen am Rhein / ST Kempten (Dreikönigshalle),U,553,150,27.124773960217
330,3303390000508,14,Bingen am Rhein / ST Sponsheim (Palmensteinhalle),U,489,124,25.357873210633947
330,3303390100300,1,"Bacharach,St",U,341,110,32.25806451612903
330,3303390100300,101,"Bacharach,St",U,165,55,33.33333333333333
330,3303390100300,201,"Bacharach,St",U,105,27,25.71428571428571
330,3303390100300,301,"Bacharach,St",U,92,28,30.434782608695656
330,3303390100300,401,"Bacharach,St",U,270,65,24.074074074074073
330,3303390100700,1,Breitscheid,U,84,28,33.33333333333333
330,3303390103600,1,Manubach,U,177,36,20.33898305084746
330,3303390103800,1,Münster-Sarmsheim,U,882,265,30.045351473922903
330,3303390103800,2,Münster-Sarmsheim,U,649,181,27.889060092449924
330,3303390104000,1,Niederheimbach,U,391,106,27.10997442455243
330,3303390104400,1,Oberdiebach,U,474,130,27.42616033755274
330,3303390104500,1,Oberheimbach,U,298,105,35.23489932885906
330,3303390105800,1,Trechtingshausen,U,497,155,31.18712273641851
330,3303390106200,1,Waldalgesheim,U,446,108,24.2152466367713
330,3303390106200,101,Waldalgesheim,U,275,78,28.363636363636363
330,3303390106200,2,Waldalgesheim,U,467,141,30.19271948608137
330,3303390106200,3,Waldalgesheim,U,433,151,34.8729792147806
330,3303390106200,4,Waldalgesheim,U,470,174,37.02127659574468
330,3303390106200,5,Waldalgesheim,U,443,143,32.27990970654628
330,3303390106300,1,Weiler bei Bingen,U,554,184,33.2129963898917
330,3303390106300,2,Weiler bei Bingen,U,483,129,26.70807453416149
330,3303390106300,3,Weiler bei Bingen,U,561,165,29.411764705882355
330,3303390300100,1101,Appenheim,U,383,108,28.198433420365536
330,3303390300100,1102,Appenheim,U,488,169,34.63114754098361
330,3303390300800,2101,Bubenheim,U,486,141,29.01234567901235
330,3303390301600,3101,Engelstadt,U,394,117,29.695431472081218
330,3303390301900,4101,Gau-Algesheim,U,631,236,37.400950871632325
330,3303390301900,4102,Gau-Algesheim,U,702,266,37.89173789173789
330,3303390301900,4103,Gau-Algesheim,U,618,215,34.78964401294498
330,3303390301900,4104,Gau-Algesheim,U,658,204,31.00303951367781
330,3303390301900,4105,Gau-Algesheim,U,636,215,33.80503144654088
330,3303390301900,4106,Gau-Algesheim,U,593,154,25.96964586846543
330,3303390304100,5101,Nieder-Hilbersheim,U,369,105,28.455284552845526
330,3303390304600,6101,Ober-Hilbersheim,U,586,172,29.351535836177472
330,3303390304800,7101,Ockenheim,U,739,267,36.129905277401896
330,3303390304800,7102,Ockenheim,U,774,280,36.17571059431525
330,3303390305100,8101,Schwabenheim,U,692,197,28.468208092485547
330,3303390305100,8102,Schwabenheim,U,812,276,33.99014778325123
330,3303390800200,200,Aspisheim,U,511,144,28.180039138943247
330,3303390800400,400,Badenheim,U,368,125,33.96739130434783
330,3303390802100,2101,Gensingen 1,U,902,206,22.838137472283815
330,3303390802100,2102,Gensingen 2,U,960,290,30.208333333333332
330,3303390802200,2200,Grolsheim 1,U,359,96,26.740947075208915
330,3303390802200,2201,Grolsheim 2,U,305,81,26.557377049180324
330,3303390802900,2900,Horrweiler,U,452,135,29.867256637168143
330,3303390805000,5000,Sankt Johann,U,457,94,20.568927789934357
330,3303390805600,5601,Sprendlingen 1,U,938,275,29.31769722814499
330,3303390805600,5602,Sprendlingen 2,U,972,233,23.97119341563786
330,3303390806500,6500,Welgesheim,U,354,92,25.98870056497175
330,3303390806800,6800,Zotzenheim,U,372,105,28.225806451612907
330,3303390820200,20200,Wolfsheim,U,481,156,32.432432432432435
331,3313390000900,101,Budenheim,U,581,150,25.817555938037867
331,3313390000900,102,Budenheim,U,735,203,27.61904761904762
331,3313390000900,103,Budenheim,U,688,203,29.505813953488374
331,3313390000900,104,Budenheim / Briefwahl,W,618,223,36.084142394822
331,3313390000900,105,Budenheim/Briefwahl,W,716,247,34.497206703910614
331,3313390000900,106,Budenheim/Briefwahl,W,647,251,38.794435857805254
331,3313390003001,110,Ingelheim/Mitte,U,473,145,30.655391120507396
331,3313390003001,111,Ingelheim/Mitte,U,424,101,23.82075471698113
331,3313390003001,112,Ingelheim/Mitte,U,452,124,27.43362831858407
331,3313390003001,120,Ingelheim/Mitte,U,327,108,33.02752293577982
331,3313390003001,121,Ingelheim/Mitte,U,390,116,29.743589743589745
331,3313390003001,130,Ingelheim/Mitte,U,324,89,27.469135802469136
331,3313390003001,131,Ingelheim/Mitte,U,331,102,30.815709969788518
331,3313390003001,901,BW I,W,405,136,33.58024691358025
331,3313390003001,902,BW II,W,439,146,33.25740318906606
331,3313390003001,903,BW III,W,425,145,34.11764705882353
331,3313390003001,904,BW IV,W,222,76,34.234234234234236
331,3313390003001,905,BW V,W,334,131,39.221556886227546
331,3313390003001,906,BW VI,W,326,135,41.41104294478527
331,3313390003001,907,BW VII,W,286,84,29.37062937062937
331,3313390003002,210,Ingelheim/Süd,U,396,96,24.242424242424242
331,3313390003002,211,Ingelheim/Süd,U,319,86,26.959247648902824
331,3313390003002,220,Ingelheim/Süd,U,270,91,33.7037037037037
331,3313390003002,221,Ingelheim/Süd,U,259,71,27.413127413127413
331,3313390003002,908,BW VIII,W,336,107,31.845238095238095
331,3313390003002,909,BW IX,W,259,86,33.204633204633204
331,3313390003002,910,BW X,W,213,74,34.74178403755869
331,3313390003002,911,BW XI,W,249,82,32.93172690763052
331,3313390003003,310,Ingelheim/Nord,U,387,121,31.266149870801037
331,3313390003003,311,Ingelheim/Nord,U,223,59,26.45739910313901
331,3313390003003,312,Ingelheim/Nord,U,310,83,26.7741935483871
331,3313390003003,320,Ingelheim/Nord,U,216,40,18.51851851851852
331,3313390003003,321,Ingelheim/Nord,U,251,71,28.286852589641438
331,3313390003003,912,BW XII,W,367,130,35.42234332425068
331,3313390003003,913,BW XIII,W,160,56,35.0
331,3313390003003,914,BW XIV,W,161,64,39.75155279503105
331,3313390003003,915,BW XV,W,181,40,22.099447513812155
331,3313390003003,916,BW XVI,W,140,48,34.285714285714285
331,3313390003004,410,Ingelheim/West,U,243,63,25.925925925925924
331,3313390003004,411,Ingelheim/West,U,350,97,27.714285714285715
331,3313390003004,420,Ingelheim/West,U,198,42,21.21212121212121
331,3313390003004,421,Ingelheim/West,U,190,36,18.947368421052634
331,3313390003004,422,Ingelheim/West,U,242,86,35.53719008264463
331,3313390003004,917,BW XVII,W,172,40,23.25581395348837
331,3313390003004,918,BW XVIII,W,243,97,39.91769547325103
331,3313390003004,919,BW XIX,W,158,59,37.34177215189873
331,3313390003004,920,BW XX,W,140,46,32.857142857142854
331,3313390003004,921,BW XXI,W,227,105,46.25550660792951
331,3313390003006,600,Ingelheim/Großwinternheim,U,424,128,30.18867924528302
331,3313390003006,922,BW XXII,W,408,151,37.00980392156863
331,3313390003007,710,Heidesheim,U,418,138,33.014354066985646
331,3313390003007,711,Heidesheim,U,461,150,32.53796095444685
331,3313390003007,712,Heidesheim,U,469,125,26.652452025586353
331,3313390003007,720,Heidesheim,U,241,69,28.63070539419087
331,3313390003007,730,Heidesheim,U,401,102,25.43640897755611
331,3313390003007,923,BW XXIII,W,396,117,29.545454545454547
331,3313390003007,924,BW XXIV,W,438,143,32.64840182648402
331,3313390003007,925,BW XXV,W,386,101,26.165803108808287
331,3313390003007,926,BW XXVI,W,380,138,36.31578947368421
331,3313390003007,927,BW XXVII,W,219,55,25.11415525114155
331,3313390003008,810,Wackernheim,U,339,75,22.123893805309734
331,3313390003008,811,Wackernheim,U,446,117,26.23318385650224
331,3313390003008,928,BW XXVIII,W,347,96,27.6657060518732
331,3313390003008,929,BW XXIX,W,355,110,30.985915492957744
331,3313390601700,1101,Essenheim,U,431,119,27.610208816705335
331,3313390601700,1102,Essenheim,U,574,182,31.70731707317073
331,3313390601700,1107,Essenheim,W,483,126,26.08695652173913
331,3313390601700,1108,Essenheim,W,471,141,29.936305732484076
331,3313390603100,2101,Jugenheim in Rheinhessen,U,551,168,30.490018148820326
331,3313390603100,2107,Jugenheim in Rheinhessen,W,429,155,36.13053613053613
331,3313390603200,3101,Klein-Winternheim,U,361,109,30.193905817174517
331,3313390603200,3102,Klein-Winternheim,U,398,132,33.165829145728644
331,3313390603200,3103,Klein-Winternheim,U,364,147,40.38461538461539
331,3313390603200,3107,Klein-Winternheim,W,297,106,35.69023569023569
331,3313390603200,3108,Klein-Winternheim,W,281,123,43.77224199288256
331,3313390603200,3109,Klein-Winternheim,W,314,106,33.75796178343949
331,3313390604200,4101,Nieder-Olm,U,451,108,23.946784922394677
331,3313390604200,4102,Nieder-Olm,U,416,95,22.83653846153846
331,3313390604200,4103,Nieder-Olm,U,423,120,28.368794326241137
331,3313390604200,4104,Nieder-Olm,U,371,121,32.61455525606469
331,3313390604200,4105,Nieder-Olm,U,502,186,37.05179282868526
331,3313390604200,4106,Nieder-Olm,U,593,178,30.016863406408095
331,3313390604200,4107,Nieder-Olm,W,692,205,29.6242774566474
331,3313390604200,4108,Nieder-Olm,W,687,209,30.42212518195051
331,3313390604200,4109,Nieder-Olm,W,720,237,32.916666666666664
331,3313390604200,4110,Nieder-Olm,W,610,208,34.0983606557377
331,3313390604700,5101,Ober-Olm,U,428,123,28.738317757009348
331,3313390604700,5102,Ober-Olm,U,323,86,26.625386996904027
331,3313390604700,5103,Ober-Olm,U,447,135,30.201342281879196
331,3313390604700,5107,Ober-Olm,W,418,137,32.77511961722488
331,3313390604700,5108,Ober-Olm,W,416,133,31.971153846153843
331,3313390604700,5109,Ober-Olm,W,414,136,32.850241545893724
331,3313390605400,6101,Sörgenloch,U,299,96,32.10702341137124
331,3313390605400,6107,Sörgenloch,W,380,146,38.421052631578945
331,3313390605700,7101,Stadecken-Elsheim,U,364,110,30.21978021978022
331,3313390605700,7102,Stadecken-Elsheim,U,448,155,34.598214285714285
331,3313390605700,7103,Stadecken-Elsheim,U,448,153,34.151785714285715
331,3313390605700,7104,Stadecken-Elsheim,U,292,102,34.93150684931507
331,3313390605700,7107,Stadecken-Elsheim,W,435,140,32.18390804597701
331,3313390605700,7108,Stadecken-Elsheim,W,432,130,30.09259259259259
331,3313390605700,7109,Stadecken-Elsheim,W,424,127,29.952830188679247
331,3313390606700,8101,Zornheim,U,352,93,26.420454545454547
331,3313390606700,8102,Zornheim,U,277,113,40.794223826714806
331,3313390606700,8103,Zornheim,U,515,172,33.398058252427184
331,3313390606700,8107,Zornheim,W,566,194,34.275618374558306
331,3313390606700,8108,Zornheim,W,522,191,36.59003831417624
332,3323310200200,101,Alsheim,U,444,124,27.927927927927925
332,3323310200200,102,Alsheim,U,628,141,22.452229299363058
332,3323310200200,103,Alsheim,U,486,115,23.662551440329217
332,3323310201800,101,Eich,U,605,147,24.297520661157023
332,3323310201800,102,Eich,U,665,156,23.458646616541355
332,3323310201800,103,Eich,U,643,141,21.928460342146188
332,3323310203400,101,Gimbsheim,U,683,172,25.183016105417277
332,3323310203400,102,Gimbsheim,U,495,98,19.7979797979798
332,3323310203400,103,Gimbsheim,U,509,93,18.271119842829076
332,3323310203800,101,Hamm am Rhein,U,649,160,24.65331278890601
332,3323310203800,102,Hamm am Rhein,U,471,89,18.895966029723994
332,3323310204500,101,Mettenheim,U,925,243,26.270270270270267
332,3323310302300,101,Flörsheim-Dalsheim,U,1854,491,26.483279395900755
332,3323310304100,101,Hohen-Sülzen,U,460,112,24.347826086956523
332,3323310304600,101,Mölsheim,U,350,71,20.285714285714285
332,3323310304700,101,Mörstadt,U,616,183,29.707792207792206
332,3323310304800,101,Monsheim,U,1445,496,34.325259515570934
332,3323310305400,101,Offstein,U,986,219,22.210953346855984
332,3323310306600,101,Wachenheim,U,472,125,26.48305084745763
332,3323310700600,60101,Bechtheim I,U,433,106,24.480369515011546
332,3323310700600,60102,Bechtheim II,W,473,128,27.061310782241016
332,3323310700900,60201,Bermersheim,U,193,56,29.015544041450774
332,3323310701100,60801,Hochborn,U,237,50,21.09704641350211
332,3323310701500,60301,Dittelsheim-Heßloch I,U,586,136,23.208191126279864
332,3323310701500,60302,Dittelsheim-Heßloch II,W,554,193,34.83754512635379
332,3323310702800,60401,Frettenheim,U,196,50,25.510204081632654
332,3323310703600,60501,Gundersheim I,U,390,80,20.51282051282051
332,3323310703600,60502,Gundersheim II,W,525,166,31.61904761904762
332,3323310703700,60601,Gundheim,U,622,203,32.636655948553056
332,3323310703900,60701,Hangen-Weisheim,U,247,59,23.88663967611336
332,3323310704900,60901,Monzernheim,U,306,77,25.163398692810457
332,3323310705500,1101,Osthofen I,U,832,165,19.831730769230766
332,3323310705500,1102,Osthofen II,U,875,247,28.22857142857143
332,3323310705500,1103,Osthofen III,U,728,172,23.626373626373624
332,3323310705500,1104,Osthofen IV,U,600,149,24.833333333333332
332,3323310705500,1105,Osthofen V,U,720,184,25.555555555555554
332,3323310705500,1106,Osthofen VI,U,630,156,24.761904761904763
332,3323310707100,61001,Westhofen I,U,418,90,21.5311004784689
332,3323310707100,61002,Westhofen II,U,435,137,31.494252873563216
332,3323310707100,61003,Westhofen III,W,1022,343,33.56164383561644
332,3323390701000,101,Dalheim,U,641,177,27.613104524180965
332,3323390701100,101,Dexheim,U,861,234,27.177700348432055
332,3323390701200,101,Dienheim,U,653,147,22.5114854517611
332,3323390701200,102,Dienheim,U,651,154,23.655913978494624
332,3323390701300,101,Dolgesheim,U,580,178,30.689655172413794
332,3323390701500,101,Eimsheim,U,332,109,32.831325301204814
332,3323390701800,101,Friesenheim,U,461,147,31.887201735357916
332,3323390702400,101,Guntersblum,U,1123,341,30.365093499554764
332,3323390702400,102,Guntersblum,U,1060,266,25.09433962264151
332,3323390702500,101,Hahnheim / Gemeindehalle,U,939,267,28.434504792332266
332,3323390702800,101,Hillesheim,U,379,97,25.593667546174142
332,3323390703300,101,Köngernheim I,U,814,253,31.08108108108108
332,3323390703500,101,Ludwigshöhe,U,343,99,28.86297376093295
332,3323390703700,101,Mommenheim / Gemeindehalle,U,906,250,27.593818984547465
332,3323390703700,102,Mommenheim / Gemeindehalle,U,846,266,31.44208037825059
332,3323390704300,101,Nierstein / Haus der Gemeinde,U,1286,426,33.12597200622084
332,3323390704300,102,Nierstein / Grundschule,U,1235,331,26.801619433198383
332,3323390704300,103,Nierstein / Grundschule,U,1285,317,24.669260700389106
332,3323390704300,104,Nierstein / Bürgerhaus Schwabsburg,U,735,232,31.564625850340132
332,3323390704900,101,"Oppenheim,St / IGS",U,997,257,25.77733199598796
332,3323390704900,102,"Oppenheim,St / Emondshalle",U,918,208,22.657952069716774
332,3323390704900,103,"Oppenheim,St / Grundschule",U,914,202,22.100656455142232
332,3323390704900,104,"Oppenheim,St / IGS",U,937,230,24.546424759871933
332,3323390705300,101,Selzen,U,927,265,28.58683926645092
332,3323390705900,101,Uelversheim,U,665,191,28.721804511278194
332,3323390706000,101,Undenheim,U,875,241,27.54285714285714
332,3323390706000,102,Undenheim,U,804,250,31.094527363184078
332,3323390706400,101,Weinolsheim,U,441,140,31.746031746031743
332,3323390706600,101,Wintersheim,U,189,64,33.86243386243386
332,3323390720100,101,Dorn-Dürkheim,U,527,155,29.411764705882355
333,3333190000001,101,Worms/Stadtzentrum,U,524,119,22.709923664122137
333,3333190000001,102,Worms/Stadtzentrum,U,379,64,16.886543535620053
333,3333190000001,103,Worms/Stadtzentrum,U,410,62,15.121951219512194
333,3333190000001,90102,Briefwahl    0102,W,301,86,28.57142857142857
333,3333190000001,90103,Briefwahl    0103,W,263,50,19.011406844106464
333,3333190000011,1101,Worms/Süd,U,745,127,17.04697986577181
333,3333190000011,1102,Worms/Süd,U,337,44,13.056379821958458
333,3333190000011,91102,Briefwahl 91102,W,215,44,20.46511627906977
333,3333190000012,1201,Worms/Karl-Marx-Siedlung,U,366,69,18.852459016393443
333,3333190000012,91201,Briefwahl 91201,W,177,48,27.11864406779661
333,3333190000021,2101,Worms/Nord,U,401,53,13.216957605985039
333,3333190000021,2102,Worms/Nord,U,365,49,13.424657534246576
333,3333190000021,2103,Worms/Nord,U,414,43,10.38647342995169
333,3333190000021,92101,Briefwahl 92101,W,234,54,23.076923076923077
333,3333190000021,92102,Briefwahl 92102,W,232,41,17.67241379310345
333,3333190000021,92103,Briefwahl 92103,W,159,24,15.09433962264151
333,3333190000031,3101,Worms/West,U,621,109,17.55233494363929
333,3333190000031,3102,Worms/West,U,828,210,25.36231884057971
333,3333190000031,3103,Worms/West,U,522,169,32.37547892720307
333,3333190000031,3104,Worms/West,U,310,47,15.161290322580644
333,3333190000031,3105,Worms/West,U,553,97,17.540687160940323
333,3333190000031,93101,Briefwahl 93101,W,420,101,24.047619047619047
333,3333190000031,93103,Briefwahl 93103,W,359,121,33.70473537604457
333,3333190000031,93104,Briefwahl 93104,W,128,31,24.21875
333,3333190000031,93105,Briefwahl 93105,W,323,63,19.5046439628483
333,3333190000032,3201,Worms/Südwest,U,327,58,17.737003058103976
333,3333190000032,93201,Briefwahl 93201,W,171,50,29.239766081871345
333,3333190000041,4101,Worms/Pfiffligheim,U,624,149,23.878205128205128
333,3333190000041,4102,Worms/Pfiffligheim,U,281,82,29.181494661921707
333,3333190000041,94101,Briefwahl 94101,W,448,145,32.36607142857143
333,3333190000041,94102,Briefwahl 94102,W,241,98,40.66390041493776
333,3333190000042,4201,Worms/Hochheim,U,497,155,31.18712273641851
333,3333190000042,4202,Worms/Hochheim,U,501,112,22.355289421157686
333,3333190000042,94201,Briefwahl 94201,W,450,159,35.333333333333336
333,3333190000042,94202,Briefwahl 94202,W,377,119,31.56498673740053
333,3333190000043,4301,Worms/Neuhausen,U,311,69,22.186495176848876
333,3333190000043,4302,Worms/Neuhausen,U,557,83,14.90125673249551
333,3333190000043,4303,Worms/Neuhausen,U,460,137,29.782608695652176
333,3333190000043,4304,Worms/Neuhausen,U,627,68,10.845295055821373
333,3333190000043,4305,Worms/Neuhausen,U,440,66,15.0
333,3333190000043,94301,Briefwahl 94301,W,144,43,29.86111111111111
333,3333190000043,94302,Briefwahl 94302,W,201,50,24.875621890547265
333,3333190000043,94303,Briefwahl 94303,W,431,134,31.09048723897912
333,3333190000043,94304,Briefwahl 94304,W,261,65,24.904214559386972
333,3333190000043,94305,Briefwahl 94304,W,187,29,15.508021390374333
333,3333190000044,4401,Worms/Herrnsheim,U,726,175,24.104683195592287
333,3333190000044,4402,Worms/Herrnsheim,U,403,114,28.287841191067
333,3333190000044,4403,Worms/Herrnsheim,U,593,144,24.283305227655987
333,3333190000044,94401,Briefwahl 94401,W,530,142,26.79245283018868
333,3333190000044,94402,Briefwahl 94402,W,274,103,37.591240875912405
333,3333190000044,94403,Briefwahl 94403,W,306,103,33.66013071895425
333,3333190000045,4501,Worms/Leiselheim,U,691,217,31.403762662807527
333,3333190000045,94501,Briefwahl 94501,W,521,182,34.93282149712092
333,3333190000051,5101,Worms/Horchheim,U,908,258,28.41409691629956
333,3333190000051,5102,Worms/Horchheim,U,396,108,27.27272727272727
333,3333190000051,5103,Worms/Horchheim,U,393,122,31.043256997455472
333,3333190000051,95102,Briefwahl 95102,W,298,105,35.23489932885906
333,3333190000051,95103,Briefwahl 95103,W,325,116,35.69230769230769
333,3333190000052,5201,Worms/Weinsheim,U,767,191,24.902216427640155
333,3333190000052,95201,Briefwahl 95201,W,717,246,34.30962343096235
333,3333190000053,5301,Worms/Wiesoppenheim,U,586,174,29.692832764505116
333,3333190000053,95301,Briefwahl 95301,W,447,161,36.017897091722595
333,3333190000054,5401,Worms/Heppenheim,U,566,143,25.265017667844525
333,3333190000054,95401,Briefwahl 95401,W,548,163,29.744525547445257
333,3333190000061,6101,Worms/Pfeddersheim,U,360,91,25.27777777777778
333,3333190000061,6102,Worms/Pfeddersheim,U,405,78,19.25925925925926
333,3333190000061,6103,Worms/Pfeddersheim,U,1038,319,30.732177263969174
333,3333190000061,6104,Worms/Pfeddersheim,U,484,118,24.380165289256198
333,3333190000061,6105,Pfeddersheim,U,366,72,19.672131147540984
333,3333190000061,96101,Briefwahl 96101,W,217,43,19.81566820276498
333,3333190000061,96102,Briefwahl 96102,W,224,56,25.0
333,3333190000061,96104,Briefwahl 96104,W,359,108,30.08356545961003
333,3333190000061,96105,Briefwahl 96105,W,254,70,27.559055118110237
333,3333190000062,6201,Worms/Abenheim,U,294,80,27.2108843537415
333,3333190000062,6202,Worms/Abenheim,U,366,100,27.322404371584703
333,3333190000062,96201,Briefwahl 96201,W,340,122,35.88235294117647
333,3333190000062,96202,Briefwahl 96202,W,420,137,32.61904761904762
333,3333190000071,7101,Worms/Rheindürkheim,U,731,228,31.19015047879617
333,3333190000071,7102,Worms/Rheindürkheim,U,407,110,27.027027027027028
333,3333190000071,97102,Briefwahl 97102,W,296,71,23.986486486486484
333,3333190000072,7201,Worms/Ibersheim,U,231,62,26.83982683982684
333,3333190000072,97201,Briefwahl 97201,W,113,28,24.778761061946902
334,3343310000301,110,Alzey / Nibelungenschule,U,552,101,18.297101449275363
334,3343310000301,113,Alzey / Stadthalle,U,749,158,21.09479305740988
334,3343310000301,120,Alzey / Albert-Schweitzer-Schule,U,719,121,16.82892906815021
334,3343310000301,124,Alzey / Kindertagesstätte Haus der Klänge,U,696,141,20.25862068965517
334,3343310000301,127,Alzey /Feuerwache,U,820,205,25.0
334,3343310000301,610,Briefwahlbezirk 1,W,409,109,26.65036674816626
334,3343310000301,611,Briefwahlbezirk 2,W,703,223,31.721194879089616
334,3343310000301,612,Briefwahlbezirk 3,W,679,187,27.540500736377027
334,3343310000301,613,Briefwahlbezirk 4,W,604,153,25.33112582781457
334,3343310000301,614,Briefwahlbezirk 5,W,672,165,24.553571428571427
334,3343310000302,210,Alzey / Dautenheim,U,262,69,26.33587786259542
334,3343310000303,310,Alzey / Schafhausen,U,180,41,22.77777777777778
334,3343310000304,410,Alzey / Heimersheim,U,494,135,27.327935222672068
334,3343310000305,510,Alzey / Weinheim Grundschule,U,494,127,25.708502024291498
334,3343310000305,615,Briefwahlbezirk 6 / Weinheim,W,550,180,32.72727272727273
334,3343310100100,101,Albig,U,957,218,22.77951933124347
334,3343310100500,201,Bechenheim,U,286,55,19.230769230769234
334,3343310100700,301,Bechtolsheim 1,U,590,148,25.08474576271186
334,3343310100700,302,Bechtolsheim 2,U,462,112,24.242424242424242
334,3343310100800,401,Bermersheim vor der Höhe,U,239,61,25.523012552301257
334,3343310101000,501,Biebelnheim,U,423,119,28.132387706855795
334,3343310101200,601,Bornheim,U,438,96,21.91780821917808
334,3343310101400,701,Dintesheim,U,103,22,21.35922330097087
334,3343310102000,801,Eppelsheim,U,707,159,22.48939179632249
334,3343310102100,901,Erbes-Büdesheim,U,832,242,29.086538461538463
334,3343310102200,1001,Esselborn,U,248,57,22.983870967741936
334,3343310102400,1101,Flomborn,U,576,138,23.958333333333336
334,3343310102500,1201,Flonheim 1,U,528,144,27.27272727272727
334,3343310102500,1202,Flonheim 2,U,515,135,26.21359223300971
334,3343310102500,1203,Flonheim 3,U,558,136,24.372759856630825
334,3343310102600,1301,Framersheim,U,896,229,25.558035714285715
334,3343310102700,1401,Freimersheim,U,380,87,22.894736842105264
334,3343310103100,1501,Gau-Heppenheim,U,335,58,17.313432835820898
334,3343310103200,1601,Gau-Odernheim 1,U,752,179,23.8031914893617
334,3343310103200,1602,Gau-Odernheim 2,U,693,150,21.645021645021643
334,3343310103200,1603,Gau-Odernheim 3,U,754,233,30.90185676392573
334,3343310103200,1604,Gau-Odernheim 4,U,228,43,18.859649122807017
334,3343310104200,1701,Kettenheim,U,203,47,23.15270935960591
334,3343310104300,1801,Lonsheim,U,338,96,28.402366863905325
334,3343310104400,1901,Mauchenheim,U,563,113,20.071047957371228
334,3343310105000,2001,Nack,U,343,77,22.448979591836736
334,3343310105100,2101,Nieder-Wiesen,U,358,69,19.273743016759777
334,3343310105200,2201,Ober-Flörsheim,U,736,179,24.320652173913043
334,3343310105300,2301,Offenheim,U,394,111,28.17258883248731
334,3343310106700,2401,Wahlheim,U,325,79,24.307692307692307
334,3343310501700,101,Eckelsheim,U,252,51,20.238095238095237
334,3343310503000,201,Gau-Bickelheim,U,631,244,38.66877971473851
334,3343310503000,202,Gau-Bickelheim,U,514,162,31.517509727626457
334,3343310503500,301,Gumbsheim,U,387,97,25.064599483204137
334,3343310506000,401,Siefersheim,U,764,194,25.392670157068064
334,3343310506200,501,Stein-Bockenheim,U,362,97,26.795580110497237
334,3343310507000,601,Wendelsheim,U,389,123,31.619537275064268
334,3343310507000,602,Wendelsheim,U,373,89,23.86058981233244
334,3343310507200,701,Wöllstein,U,477,108,22.641509433962266
334,3343310507200,702,Wöllstein,U,636,148,23.270440251572328
334,3343310507200,703,Wöllstein,U,503,118,23.45924453280318
334,3343310507200,704,Wöllstein,U,594,184,30.976430976430976
334,3343310507500,801,Wonsheim,U,552,135,24.456521739130434
334,3343310600400,101,Armsheim / Dorfgemeinschaftshaus,U,693,171,24.675324675324674
334,3343310600400,201,Armsheim / Wiesbachtalhalle,U,745,202,27.114093959731544
334,3343310601900,101,Ensheim,U,280,76,27.142857142857142
334,3343310602900,101,Gabsheim,U,419,167,39.856801909307876
334,3343310603300,101,Gau-Weinheim,U,355,105,29.577464788732392
334,3343310605600,101,Partenheim/Ev. Gemeindehaus,U,323,71,21.981424148606813
334,3343310605600,102,Partenheim/St.-Georgenhalle,U,563,151,26.820603907637658
334,3343310605800,101,Saulheim / Kindergarten Jahnstraße,U,631,162,25.673534072900157
334,3343310605800,102,Saulheim / Rathaus,U,525,129,24.571428571428573
334,3343310605800,103,Saulheim / Ritter-Hundt-Halle I,U,511,169,33.07240704500978
334,3343310605800,104,Saulheim / Ritter-Hundt-Halle II,U,594,175,29.46127946127946
334,3343310605800,105,Saulheim /Dietrich-Bonhoeffer-Haus,U,712,201,28.230337078651687
334,3343310605800,106,Saulheim / Kindergarten Untergasse,U,573,180,31.413612565445025
334,3343310605800,107,Saulheim / Martin-Luther-Haus,U,661,171,25.86989409984871
334,3343310605900,101,Schornsheim/Gemeindehalle I,U,424,113,26.650943396226417
334,3343310605900,102,Schornsheim/Gemeindehalle II,U,543,170,31.30755064456722
334,3343310606100,101,Spiesheim,U,605,171,28.264462809917358
334,3343310606300,101,Sulzheim,U,672,218,32.44047619047619
334,3343310606400,101,"Udenheim/Mehrgenerationenhaus, Wilhelmstraße 1",U,779,218,27.984595635430036
334,3343310606500,101,Vendersheim,U,334,102,30.538922155688624
334,3343310606800,101,Wallertheim/Mehrzweckhalle I,U,441,105,23.809523809523807
334,3343310606800,102,Wallertheim/Mehrzweckhalle II,U,513,139,27.09551656920078
334,3343310607300,101,Wörrstadt / Kindergarten Rheingrafenstraße,U,609,203,33.33333333333333
334,3343310607300,102,Wörrstadt / Schulzentrum Aula,U,461,107,23.210412147505423
334,3343310607300,103,Wörrstadt / Neubornhalle I,U,376,84,22.340425531914892
334,3343310607300,104,Wörrstadt / Neubornhalle II,U,464,128,27.586206896551722
334,3343310607300,105,Wörrstadt / VG Wörrstadt,U,668,198,29.64071856287425
334,3343310607300,106,Wörrstadt / Kindergarten Am Nussbaum,U,525,139,26.476190476190474
334,3343310607300,107,Wörrstadt / Seniorenzentrum,U,640,177,27.65625
334,3343310607300,201,Wörrstadt / Dorfgemeinschaftsraum,U,369,76,20.59620596205962
335,3353110000010,1111,Frankenthal - Karolinen-Gymnasium,U,273,61,22.344322344322347
335,3353110000010,1121,Frankenthal - Neumayerschule,U,383,94,24.54308093994778
335,3353110000010,1141,Frankenthal - Ausbildungszentrum Johanniter-Unfall-Hilfe e.V.,U,226,54,23.893805309734514
335,3353110000010,1233,Frankenthal - Neumayerschule,U,404,88,21.782178217821784
335,3353110000010,6101,Frankenthal / Briefwahl 01,W,392,130,33.16326530612245
335,3353110000010,6102,Frankenthal / Briefwahl 02,W,285,92,32.280701754385966
335,3353110000020,1131,Frankenthal - Friedrich-Schiller-Realschule plus,U,294,48,16.3265306122449
335,3353110000020,1133,Frankenthal - Verwaltungsgebäude Stadtwerke,U,207,27,13.043478260869565
335,3353110000020,1142,Frankenthal - Friedrich-Schiller-Realschule plus,U,180,40,22.22222222222222
335,3353110000020,1212,Frankenthal - Lessingschule,U,349,74,21.20343839541547
335,3353110000020,1214,Frankenthal - Lessingschule,U,527,128,24.28842504743833
335,3353110000020,6103,Frankenthal / Briefwahl 03,W,230,54,23.47826086956522
335,3353110000020,6104,Frankenthal / Briefwahl 04,W,452,140,30.973451327433626
335,3353110000030,1143,Frankenthal - Friedrich-Schiller-Realschule plus,U,255,49,19.215686274509807
335,3353110000030,1221,Frankenthal - Robert-Schumann-Schule,U,306,93,30.392156862745097
335,3353110000030,1222,Frankenthal - Robert-Schumann-Schule,U,301,109,36.21262458471761
335,3353110000030,6105,Frankenthal / Briefwahl 05,W,284,88,30.985915492957744
335,3353110000030,6106,Frankenthal / Briefwahl 06,W,524,204,38.93129770992366
335,3353110000040,1231,Frankenthal-Karolinen-Gymnasium,U,364,85,23.35164835164835
335,3353110000040,1237,Frankenthal-Friedrich-Ebert-Schule,U,405,97,23.950617283950617
335,3353110000040,1239,Frankenthal-Kita Jean-Ganss-Straße,U,268,70,26.119402985074625
335,3353110000040,1240,Frankenthal-Friedrich-Ebert-Schule,U,372,69,18.548387096774192
335,3353110000040,1241,Frankenthal-Friedrich-Ebert-Schule,U,396,79,19.94949494949495
335,3353110000040,1243,Frankenthal- Kita Hans-Holbein-Straße,U,307,76,24.7557003257329
335,3353110000040,1244,Frankenthal-Friedrich-Ebert-Schule,U,304,75,24.671052631578945
335,3353110000040,1245,Frankenthal- Kita Jean-Ganss-Straße,U,257,58,22.56809338521401
335,3353110000040,1246,Frankenthal-Kita Hans-Holbein-Straße,U,371,134,36.118598382749326
335,3353110000040,1330,Frankenthal-Carl-Bosch-Schule,U,385,124,32.20779220779221
335,3353110000040,6107,Frankenthal / Briefwahl 07,W,426,129,30.28169014084507
335,3353110000040,6108,Frankenthal / Briefwahl 08,W,427,145,33.957845433255265
335,3353110000040,6109,Frankenthal / Briefwahl 09,W,358,138,38.547486033519554
335,3353110000040,6110,Frankenthal / Briefwahl 10,W,386,113,29.274611398963728
335,3353110000040,6111,Frankenthal / Briefwahl 11,W,364,143,39.285714285714285
335,3353110000050,1311,Frankenthal-Erkenbertschule,U,289,74,25.60553633217993
335,3353110000050,1312,Frankenthal-Erkenbertschule,U,315,81,25.71428571428571
335,3353110000050,1313,Frankenthal-Andreas-Albert-Schule,U,499,153,30.66132264529058
335,3353110000050,1314,Frankenthal-Erkenbertschule,U,196,49,25.0
335,3353110000050,1322,Frankenthal-Andreas-Albert-Schule,U,336,97,28.869047619047617
335,3353110000050,6112,Frankenthal / Briefwahl 12,W,361,102,28.254847645429365
335,3353110000050,6113,Frankenthal / Briefwahl 13,W,438,164,37.44292237442922
335,3353110000050,6114,Frankenthal / Briefwahl 14,W,413,143,34.624697336561745
335,3353110000060,2011,Frankenthal-Mörscher Au,U,262,86,32.82442748091603
335,3353110000060,2021,Frankenthal- Grundschule Mörsch,U,240,39,16.25
335,3353110000060,2023,Frankenthal -Mörscher Au,U,320,66,20.625
335,3353110000060,6115,Frankenthal / Briefwahl 15,W,601,205,34.109816971713805
335,3353110000070,3001,Frankenthal-Kita Gotthilf-Salzmann-Straße,U,290,80,27.586206896551722
335,3353110000070,3002,Frankenthal- Katholisches Pfarrheim St. Georg,U,350,93,26.571428571428573
335,3353110000070,6116,Frankenthal / Briefwahl 16,W,358,117,32.68156424581006
335,3353110000080,4211,Frankenthal-Grundschule Eppstein,U,310,88,28.387096774193548
335,3353110000080,4221,Frankenthal- Grundschule Eppstein,U,457,106,23.194748358862142
335,3353110000080,6117,Frankenthal / Briefwahl 17,W,601,214,35.60732113144759
335,3353110000090,4110,Frankenthal-Grundschule Flomersheim,U,283,86,30.3886925795053
335,3353110000090,4111,Frankenthal-Grundschule Flomersheim,U,247,70,28.34008097165992
335,3353110000090,4120,Frankenthal-Grundschule Flomersheim,U,213,46,21.5962441314554
335,3353110000090,6118,Frankenthal / Briefwahl 18,W,616,217,35.22727272727273
335,3353380000400,1001,Bobenheim-Roxheim / Briefwahl,W,840,290,34.523809523809526
335,3353380000400,1002,Bobenheim-Roxheim  / Briefwahl,W,1013,326,32.181638696939785
335,3353380000400,1003,Bobenheim-Roxheim / Briefwahl,W,360,105,29.166666666666668
335,3353380000400,101,Bobenheim-Roxheim/Bobenheim,U,611,179,29.296235679214405
335,3353380000400,102,Bobenheim-Roxheim/Bobenheim,U,564,187,33.156028368794324
335,3353380000400,201,Bobenheim-Roxheim/Roxheim,U,584,149,25.51369863013699
335,3353380000400,202,Bobenheim-Roxheim/Roxheim,U,564,106,18.79432624113475
335,3353380000400,203,Bobenheim-Roxheim/Roxheim,U,552,133,24.094202898550723
335,3353380600200,101,Beindersheim,U,750,249,33.2
335,3353380600200,102,Beindersheim,U,892,269,30.15695067264574
335,3353380600900,201,Großniedesheim,U,781,231,29.577464788732392
335,3353380601200,301,Heßheim,U,944,302,31.991525423728813
335,3353380601200,302,Heßheim,U,801,249,31.086142322097377
335,3353380601300,401,Heuchelheim bei Frankenthal,U,716,207,28.910614525139668
335,3353380601500,501,Kleinniedesheim,U,504,148,29.365079365079367
335,3353380601600,601,Lambsheim,U,609,180,29.55665024630542
335,3353380601600,602,Lambsheim,U,587,169,28.79045996592845
335,3353380601600,603,Lambsheim,U,895,291,32.513966480446925
335,3353380601600,604,Lambsheim,U,794,214,26.952141057934508
335,3353380601600,605,Lambsheim,U,820,249,30.365853658536583
336,3363140000011,1101,Ludwigshafen/Mitte / Briefwahl I,W,260,65,25.0
336,3363140000011,1102,Ludwigshafen/Mitte/ Briefwahl II,W,344,69,20.058139534883722
336,3363140000011,1111,Ludwigshafen/Mitte,U,393,65,16.539440203562343
336,3363140000011,1116,Ludwigshafen/Mitte,U,265,38,14.339622641509434
336,3363140000011,1122,Ludwigshafen/Mitte,U,241,39,16.182572614107883
336,3363140000012,1201,Ludwigshafen/Süd / Briefwahl I,W,371,129,34.77088948787062
336,3363140000012,1202,Ludwigshafen/Süd / Briefwahl II,W,260,45,17.307692307692307
336,3363140000012,1203,Ludwigshafen/Süd / Briefwahl III,W,282,79,28.01418439716312
336,3363140000012,1204,Ludwigshafen/Süd / Briefwahl IV,W,337,80,23.738872403560833
336,3363140000012,1205,Ludwigshafen/Süd / Briefwahl V,W,238,64,26.89075630252101
336,3363140000012,1206,Ludwigshafen/Süd/ Briefwahl VI,W,354,109,30.7909604519774
336,3363140000012,1207,Ludwigshafen/Süd/ Briefwahl VII,W,657,208,31.65905631659056
336,3363140000012,1211,Ludwigshafen/Süd,U,226,27,11.946902654867257
336,3363140000012,1212,Ludwigshafen/Süd,U,305,29,9.508196721311474
336,3363140000012,1221,Ludwigshafen/Süd,U,322,61,18.944099378881987
336,3363140000012,1223,Ludwigshafen/Süd,U,526,91,17.300380228136884
336,3363140000012,1225,Ludwigshafen/Süd,U,381,61,16.010498687664043
336,3363140000012,1231,Ludwigshafen/Süd,U,319,80,25.07836990595611
336,3363140000012,1233,Ludwigshafen/Süd,U,379,103,27.176781002638524
336,3363140000012,1235,Ludwigshafen/Süd,U,611,178,29.132569558101473
336,3363140000013,1301,Ludwigshafen/Nord / Briefwahl I,W,129,30,23.25581395348837
336,3363140000013,1302,Ludwigshafen/Nord / Briefwahl II,W,205,30,14.634146341463413
336,3363140000013,1303,Ludwigshafen/Hemshof / Briefwahl I,W,335,81,24.17910447761194
336,3363140000013,1304,Ludwigshafen/Hemshof / Briefwahl II,W,143,38,26.573426573426573
336,3363140000013,1311,Ludwigshafen/Nord,U,219,25,11.415525114155251
336,3363140000013,1314,Ludwigshafen/Nord,U,391,45,11.508951406649617
336,3363140000013,1323,Ludwigshafen/Hemshof,U,203,23,11.330049261083744
336,3363140000013,1325,Ludwigshafen/Hemshof,U,259,37,14.285714285714285
336,3363140000013,1326,Ludwigshafen/Hemshof,U,216,32,14.814814814814813
336,3363140000014,1401,Ludwigshafen/West / Briefwahl,W,253,56,22.134387351778656
336,3363140000014,1411,Ludwigshafen/West,U,399,58,14.536340852130325
336,3363140000015,1501,Ludwigshafen/Friesenheim / Briefwahl I,W,431,108,25.05800464037123
336,3363140000015,1502,Ludwigshafen/Friesenheim / Briefwahl II,W,403,141,34.98759305210918
336,3363140000015,1503,Ludwigshafen/Friesenheim / Briefwahl III,W,464,135,29.094827586206897
336,3363140000015,1504,Ludwigshafen/Friesenheim / Briefwahl IV,W,216,51,23.61111111111111
336,3363140000015,1505,Ludwigshafen/Friesenheim / Briefwahl V,W,335,100,29.850746268656714
336,3363140000015,1506,Ludwigshafen/Friesenheim / Briefwahl VI,W,238,74,31.092436974789916
336,3363140000015,1507,Ludwigshafen/Friesenheim / Briefwahl VII,W,238,49,20.588235294117645
336,3363140000015,1512,Ludwigshafen/Friesenheim,U,237,50,21.09704641350211
336,3363140000015,1513,Ludwigshafen/Friesenheim,U,325,51,15.692307692307692
336,3363140000015,1514,Ludwigshafen/Friesenheim,U,284,71,25.0
336,3363140000015,1515,Ludwigshafen/Friesenheim,U,351,122,34.75783475783476
336,3363140000015,1516,Ludwigshafen/Friesenheim,U,303,74,24.422442244224424
336,3363140000015,1521,Ludwigshafen/Friesenheim,U,384,76,19.791666666666664
336,3363140000015,1523,Ludwigshafen/Friesenheim,U,423,109,25.768321513002363
336,3363140000015,1524,Ludwigshafen/Friesenheim,U,265,74,27.92452830188679
336,3363140000015,1526,Ludwigshafen/Friesenheim,U,310,51,16.451612903225808
336,3363140000015,1581,Ludwigshafen/Friesenheim,U,337,58,17.210682492581604
336,3363140000051,5101,Ludwigshafen/Mundenheim / Briefwahl I,W,447,149,33.33333333333333
336,3363140000051,5102,Ludwigshafen/Mundenheim / Briefwahl II,W,392,115,29.336734693877553
336,3363140000051,5103,Ludwigshafen/Mundenheim / Briefwahl III,W,330,101,30.606060606060602
336,3363140000051,5104,Ludwigshafen/Mundenheim / Briefwahl IV,W,225,69,30.666666666666664
336,3363140000051,5111,Ludwigshafen/Mundenheim,U,245,72,29.38775510204082
336,3363140000051,5121,Ludwigshafen/Mundenheim,U,464,108,23.275862068965516
336,3363140000051,5131,Ludwigshafen/Mundenheim,U,414,82,19.806763285024154
336,3363140000051,5133,Ludwigshafen/Mundenheim,U,320,72,22.5
336,3363140000051,5134,Ludwigshafen/Mundenheim,U,345,55,15.942028985507244
336,3363140000052,5201,Ludwigshafen/Rheingönheim / Briefwahl I,W,264,76,28.78787878787879
336,3363140000052,5202,Ludwigshafen/Rheingönheim / Briefwahl II,W,419,127,30.310262529832936
336,3363140000052,5203,Ludwigshafen/Rheingönheim / Briefwahl III,W,362,103,28.45303867403315
336,3363140000052,5204,Ludwigshafen/Rheingönheim / Briefwahl IV,W,410,125,30.48780487804878
336,3363140000052,5212,Ludwigshafen/Rheingönheim,U,334,98,29.34131736526946
336,3363140000052,5213,Ludwigshafen/Rheingönheim,U,302,63,20.86092715231788
336,3363140000052,5214,Ludwigshafen/Rheingönheim,U,304,66,21.710526315789476
336,3363140000052,5215,Ludwigshafen/Rheingönheim,U,371,80,21.563342318059302
336,3363140000052,5216,Ludwigshafen/Rheingönheim,U,622,197,31.672025723472668
337,3373140000021,2101,Ludwigshafen/Oppau / Briefwahl I,W,438,123,28.08219178082192
337,3373140000021,2102,Ludwigshafen/Oppau / Briefwahl II,W,554,171,30.866425992779785
337,3373140000021,2103,Ludwigshafen/Oppau / Briefwahl III,W,340,87,25.588235294117645
337,3373140000021,2104,Ludwigshafen/Oppau / Briefwahl IV,W,211,54,25.59241706161137
337,3373140000021,2111,Ludwigshafen/Oppau,U,203,36,17.733990147783253
337,3373140000021,2112,Ludwigshafen/Oppau,U,275,55,20.0
337,3373140000021,2113,Ludwigshafen/Oppau,U,483,101,20.910973084886127
337,3373140000021,2121,Ludwigshafen/Oppau,U,433,99,22.863741339491916
337,3373140000021,2123,Ludwigshafen/Oppau,U,349,56,16.045845272206304
337,3373140000022,2201,Ludwigshafen/Edigheim / Briefwahl I,W,460,115,25.0
337,3373140000022,2202,Ludwigshafen/Edigheim / Briefwahl II,W,482,134,27.800829875518673
337,3373140000022,2203,Ludwigshafen/Edigheim / Briefwahl III,W,215,52,24.186046511627907
337,3373140000022,2204,Ludwigshafen/Edigheim /Briefwahl IV,W,232,79,34.05172413793103
337,3373140000022,2211,Ludwigshafen/Edigheim,U,316,66,20.88607594936709
337,3373140000022,2212,Ludwigshafen/Edigheim,U,329,75,22.796352583586625
337,3373140000022,2213,Ludwigshafen/Edigheim,U,301,57,18.93687707641196
337,3373140000022,2214,Ludwigshafen/Edigheim,U,343,59,17.20116618075802
337,3373140000022,2216,Ludwigshafen/Edigheim,U,296,63,21.283783783783782
337,3373140000022,2217,Ludwigshafen/Edigheim,U,374,105,28.07486631016043
337,3373140000023,2301,Ludwigshafen/Pfingstweide / Briefwahl I,W,278,66,23.741007194244602
337,3373140000023,2302,Ludwigshafen/Pfingstweide /Briefwahl II,W,308,65,21.1038961038961
337,3373140000023,2341,Ludwigshafen/Pfingstweide,U,336,48,14.285714285714285
337,3373140000023,2342,Ludwigshafen/Pfingstweide,U,451,80,17.738359201773836
337,3373140000023,2344,Ludwigshafen/Pfingstweide,U,294,49,16.666666666666664
337,3373140000031,3100,Ludwigshafen/Oggersheim / Briefwahl X,W,305,87,28.524590163934427
337,3373140000031,3101,Ludwigshafen/Oggersheim / Briefwahl I,W,266,63,23.684210526315788
337,3373140000031,3102,Ludwigshafen/Oggersheim / Briefwahl II,W,545,163,29.908256880733948
337,3373140000031,3103,Ludwigshafen/Oggersheim / Briefwahl III,W,480,156,32.5
337,3373140000031,3104,Ludwigshafen/Oggersheim / Briefwahl IV,W,382,147,38.481675392670155
337,3373140000031,3105,Ludwigshafen/Oggersheim / Briefwahl V,W,521,202,38.771593090211134
337,3373140000031,3106,Ludwigshafen/Oggersheim / Briefwahl VI,W,180,49,27.22222222222222
337,3373140000031,3107,Ludwigshafen/Oggersheim / Briefwahl VII,W,258,69,26.744186046511626
337,3373140000031,3108,Ludwigshafen/Oggersheim / Briefwahl VIII,W,184,55,29.891304347826086
337,3373140000031,3109,Ludwigshafen/Oggersheim / Briefwahl IX,W,445,122,27.415730337078653
337,3373140000031,3112,Ludwigshafen/Oggersheim,U,230,51,22.17391304347826
337,3373140000031,3113,Ludwigshafen/Oggersheim,U,359,43,11.977715877437326
337,3373140000031,3114,Ludwigshafen/Oggersheim,U,508,144,28.346456692913385
337,3373140000031,3116,Ludwigshafen/Oggersheim,U,504,124,24.6031746031746
337,3373140000031,3131,Ludwigshafen/Oggersheim,U,499,148,29.659318637274552
337,3373140000031,3132,Ludwigshafen/Oggersheim,U,366,112,30.601092896174865
337,3373140000031,3133,Ludwigshafen/Oggersheim,U,272,74,27.205882352941174
337,3373140000031,3134,Ludwigshafen/Oggersheim,U,263,46,17.490494296577946
337,3373140000031,3135,Ludwigshafen/Oggersheim,U,417,98,23.501199040767386
337,3373140000031,3136,Ludwigshafen/Oggersheim,U,283,85,30.03533568904594
337,3373140000031,3142,Ludwigshafen/Oggersheim,U,316,79,25.0
337,3373140000031,3143,Ludwigshafen/Oggersheim,U,425,86,20.235294117647058
337,3373140000031,3144,Ludwigshafen/Oggersheim,U,278,48,17.26618705035971
337,3373140000031,3145,Ludwigshafen/Oggersheim,U,288,63,21.875
337,3373140000035,3501,Ludwigshafen/Ruchheim / Briefwahl I,W,390,122,31.28205128205128
337,3373140000035,3502,Ludwigshafen/Ruchheim / Briefwahl II,W,495,187,37.77777777777778
337,3373140000035,3503,Ludwigshafen/Ruchheim / Briefwahl III,W,339,102,30.08849557522124
337,3373140000035,3511,Ludwigshafen/Ruchheim,U,471,118,25.05307855626327
337,3373140000035,3512,Ludwigshafen/Ruchheim,U,578,167,28.892733564013838
337,3373140000035,3513,Ludwigshafen/Ruchheim,U,422,104,24.644549763033176
337,3373140000041,4101,Ludwigshafen/Hochfeld / Briefwahl I,W,390,132,33.84615384615385
337,3373140000041,4102,Ludwigshafen/Hochfeld / Briefwahl II,W,323,87,26.93498452012384
337,3373140000041,4103,Ludwigshafen/Hochfeld / Briefwahl III,W,406,116,28.57142857142857
337,3373140000041,4104,Ludwigshafen/Hochfeld / Briefwahl IV,W,187,38,20.32085561497326
337,3373140000041,4105,Ludwigshafen/Hochfeld / Briefwahl V,W,441,142,32.19954648526077
337,3373140000041,4106,Ludwigshafen/Niederfeld / Briefwahl I,W,503,124,24.652087475149106
337,3373140000041,4107,Ludwigshafen/Niederfeld / Briefwahl II,W,272,86,31.61764705882353
337,3373140000041,4111,Ludwigshafen/Gartenstadt,U,490,86,17.551020408163264
337,3373140000041,4112,Ludwigshafen/Gartenstadt,U,481,95,19.75051975051975
337,3373140000041,4121,Ludwigshafen/Gartenstadt,U,393,94,23.918575063613233
337,3373140000041,4122,Ludwigshafen/Gartenstadt,U,313,81,25.878594249201274
337,3373140000041,4123,Ludwigshafen/Gartenstadt,U,315,48,15.238095238095239
337,3373140000041,4124,Ludwigshafen/Gartenstadt,U,278,94,33.81294964028777
337,3373140000041,4131,Ludwigshafen/Gartenstadt,U,357,74,20.72829131652661
337,3373140000041,4132,Ludwigshafen/Gartenstadt,U,225,34,15.11111111111111
337,3373140000041,4141,Ludwigshafen/Gartenstadt,U,191,42,21.98952879581152
337,3373140000041,4142,Ludwigshafen/Gartenstadt,U,339,73,21.533923303834808
337,3373140000041,4143,Ludwigshafen/Gartenstadt,U,286,77,26.923076923076923
337,3373140000042,4201,Ludwigshafen/Maudach / Briefwahl I,W,464,156,33.62068965517241
337,3373140000042,4202,Ludwigshafen/Maudach / Briefwahl II,W,349,143,40.97421203438395
337,3373140000042,4203,Ludwigshafen/Maudach / Briefwahl III,W,371,106,28.57142857142857
337,3373140000042,4211,Ludwigshafen/Maudach,U,364,93,25.549450549450547
337,3373140000042,4212,Ludwigshafen/Maudach,U,368,101,27.445652173913043
337,3373140000042,4213,Ludwigshafen/Maudach,U,445,146,32.80898876404494
337,3373140000042,4214,Ludwigshafen/Maudach,U,542,118,21.771217712177123
338,3383380000500,101,Böhl-Iggelheim,U,507,146,28.79684418145957
338,3383380000500,102,Böhl-Iggelheim,U,468,117,25.0
338,3383380000500,103,Böhl-Iggelheim,U,451,118,26.164079822616408
338,3383380000500,104,Böhl-Iggelheim,U,440,96,21.818181818181817
338,3383380000500,201,Böhl-Iggelheim,U,628,172,27.388535031847134
338,3383380000500,202,Böhl-Iggelheim,U,477,137,28.721174004192875
338,3383380000500,301,Briefw./Iggelheim,W,1099,346,31.48316651501365
338,3383380000500,302,Briefw./Iggelheim,W,950,264,27.789473684210524
338,3383380000500,401,Briefw./Böhl,W,1029,287,27.89115646258503
338,3383380001700,1005,Limburgerhof / Briefwahl,W,740,252,34.054054054054056
338,3383380001700,1006,Limburgerhof / Briefwahl,W,758,257,33.90501319261214
338,3383380001700,1007,Limburgerhof / Briefwahl,W,673,249,36.99851411589896
338,3383380001700,1008,Limburgerhof / Briefwahl,W,802,309,38.5286783042394
338,3383380001700,111,Limburgerhof,U,425,106,24.941176470588236
338,3383380001700,121,Limburgerhof,U,425,134,31.529411764705884
338,3383380001700,131,Limburgerhof,U,409,125,30.56234718826406
338,3383380001700,211,Limburgerhof,U,430,102,23.72093023255814
338,3383380001700,221,Limburgerhof,U,344,112,32.55813953488372
338,3383380001700,311,Limburgerhof,U,371,106,28.57142857142857
338,3383380001700,321,Limburgerhof,U,432,150,34.72222222222222
338,3383380001700,331,Limburgerhof,U,481,146,30.353430353430355
338,3383380001900,1007,Mutterstadt / Briefwahl I,W,686,233,33.965014577259474
338,3383380001900,13,Mutterstadt - Pestalozzischule,U,430,89,20.69767441860465
338,3383380001900,14,Mutterstadt - Pestalozzischule,U,472,101,21.398305084745765
338,3383380001900,2008,Mutterstadt / Briefwahl II,W,690,233,33.768115942028984
338,3383380001900,23,Mutterstadt - Palatinum,U,963,274,28.452751817237797
338,3383380001900,3009,Mutterstadt / Briefwahl III,W,624,172,27.564102564102566
338,3383380001900,34,Mutterstadt - Grundschule Mandelgraben,U,498,166,33.33333333333333
338,3383380001900,35,Mutterstadt - Grundschule Mandelgraben,U,458,120,26.200873362445414
338,3383380001900,4010,Mutterstadt / Briefwahl IV,W,643,225,34.99222395023328
338,3383380001900,44,Mutterstadt - IGS,U,439,105,23.917995444191344
338,3383380001900,45,Mutterstadt - IGS,U,444,128,28.82882882882883
338,3383380100600,1,Schauernheim,U,665,189,28.421052631578945
338,3383380100600,10,Briefwahl Dannstadt B,W,543,226,41.62062615101289
338,3383380100600,2,Dannstadt A,U,727,219,30.12379642365887
338,3383380100600,3,Dannstadt B,U,582,178,30.584192439862544
338,3383380100600,8,Briefwahl Schauernheim,W,690,278,40.28985507246377
338,3383380100600,9,Briefwahl Dannstadt A,W,715,283,39.58041958041958
338,3383380101400,11,Briefwahl Hochdorf,W,588,238,40.476190476190474
338,3383380101400,12,Briefwahl Assenheim,W,305,90,29.508196721311474
338,3383380101400,4,Hochdorf,U,507,129,25.443786982248522
338,3383380101400,5,Assenheim,U,363,86,23.69146005509642
338,3383380102200,13,Briefwahl Rödersheim,W,576,239,41.49305555555556
338,3383380102200,14,Briefwahl Gronau,W,306,89,29.08496732026144
338,3383380102200,6,Rödersheim,U,478,151,31.589958158995817
338,3383380102200,7,Gronau,U,334,65,19.46107784431138
338,3383380400300,1001,Birkenheide / Briefwahl,W,765,220,28.75816993464052
338,3383380400300,101,Birkenheide / Urnenwahl,U,928,252,27.155172413793103
338,3383380400800,1001,Fußgönheim / Briefwahl,W,657,221,33.63774733637747
338,3383380400800,101,Fußgönheim / Urnenwahl,U,698,199,28.510028653295127
338,3383380401800,1001,Maxdorf / Briefwahl 1,W,913,310,33.9539978094195
338,3383380401800,1002,Maxdorf / Briefwahl 2,W,880,341,38.75
338,3383380401800,1003,Maxdorf / Briefwahl 3,W,417,131,31.414868105515588
338,3383380401800,101,Maxdorf / Urnenwahl 1,U,682,146,21.407624633431084
338,3383380401800,102,Maxdorf / Urnenwahl 2,U,576,177,30.729166666666668
338,3383380401800,103,Maxdorf / Urnenwahl 3,U,402,114,28.35820895522388
338,3383380800100,1,Altrip 1,U,1193,259,21.70997485331098
338,3383380800100,2,Altrip 2,U,1106,277,25.04520795660036
338,3383380800100,3,Briefwahl (Altrip),W,1832,597,32.58733624454149
338,3383380802000,1,Neuhofen 1,U,994,277,27.867203219315893
338,3383380802000,2,Neuhofen 2,U,918,219,23.856209150326798
338,3383380802000,3,Briefwahl (Neuhofen),W,1810,568,31.38121546961326
338,3383380802100,1,Otterstadt,U,957,312,32.60188087774294
338,3383380802100,2,Briefwahl (Otterstadt),W,905,336,37.127071823204425
338,3383380802600,1,Waldsee 1,U,634,170,26.813880126182966
338,3383380802600,2,Waldsee 2,U,680,163,23.97058823529412
338,3383380802600,3,Briefwahl (Waldsee),W,1814,665,36.65931642778391
339,3393180000011,111,Speyer/Gymnasium am Kaiserdom 00111,U,495,133,26.86868686868687
339,3393180000011,112,Speyer/Berufsbildende Schule J.-J.-Becher 00112,U,510,155,30.392156862745097
339,3393180000011,113,Speyer/Salierschule 00113,U,374,69,18.449197860962567
339,3393180000011,114,Speyer/Kolb IGS 00114,U,672,143,21.279761904761905
339,3393180000011,115,Speyer/Kolb IGS 00115,U,710,226,31.83098591549296
339,3393180000011,116,Speyer/Salierschule 00116,U,388,102,26.288659793814436
339,3393180000012,121,Speyer/Gymnasium am Kaiserdom 00121,U,576,148,25.694444444444443
339,3393180000012,122,Speyer/Zeppelinschule 00122,U,539,146,27.087198515769945
339,3393180000012,123,Speyer/Zeppelinschule 00123,U,555,166,29.90990990990991
339,3393180000013,131,Speyer/Zeppelinschule Turnhalle 00131,U,566,148,26.148409893992934
339,3393180000013,132,Speyer/Schule im Vogelgesang 00132,U,645,198,30.697674418604652
339,3393180000013,133,Speyer/Schule im Vogelgesang 00133,U,517,151,29.206963249516445
339,3393180000013,134,Speyer/Zeppelinschule 00134,U,579,144,24.870466321243523
339,3393180000013,135,Speyer/Schwerd-Gymnasium 00135,U,503,123,24.45328031809145
339,3393180000014,141,Speyer/Friedrich-Magnus-Schwerd-Gymnasium 00141,U,690,298,43.188405797101446
339,3393180000014,142,Speyer/Friedrich-Magnus-Schwerd-Gymnasium 00142,U,466,134,28.75536480686695
339,3393180000015,151,Speyer/Friedrich-Magnus-Schwerd-Gymnasium 00151,U,523,124,23.709369024856596
339,3393180000015,152,Speyer/Berufsbildende Schule 00152,U,393,50,12.72264631043257
339,3393180000015,153,Speyer/Berufsbildende Schule 00153,U,411,70,17.0316301703163
339,3393180000015,154,Speyer/Woogbachschule 00154,U,432,101,23.37962962962963
339,3393180000015,155,Speyer/Woogbachschule 00155,U,376,82,21.808510638297875
339,3393180000015,156,Speyer/Woogbachschule 00156,U,328,40,12.195121951219512
339,3393180000016,161,Speyer/Berufsbildende Schule J.-J.-Becher 00161,U,593,99,16.694772344013494
339,3393180000016,162,Speyer/Woogbachschule 00162,U,517,151,29.206963249516445
339,3393180000016,163,Speyer/Schule Im Erlich 00163,U,499,109,21.8436873747495
339,3393180000016,164,Speyer/Schule Im Erlich 00164,U,528,162,30.681818181818183
339,3393180000016,165,Speyer/Schule Im Erlich 00165,U,451,151,33.48115299334812
339,3393180000016,166,Speyer/Schule Im Erlich 00166,U,403,111,27.543424317617866
339,3393180000017,171,Speyer/Salierschule 00171,U,449,142,31.625835189309576
339,3393180000018,181,Speyer/Kolb IGS 00181,U,991,299,30.171543895055496
339,3393180000018,182,Speyer/Salierschule 00182,U,669,211,31.53961136023916
339,3393180000018,183,Speyer/Salierschule 00183,U,588,163,27.721088435374146
339,3393180000018,184,Speyer/Kolb IGS 00184,U,379,124,32.71767810026385
339,3393180000021,211,Speyer/Gymnasium am Kaiserdom 00211,U,435,103,23.678160919540232
339,3393180000021,212,Speyer/Gymnasium am Kaiserdom 00212,U,425,116,27.294117647058826
339,3393180000022,221,Speyer/Schule Im Vogelgesang 00221,U,652,194,29.754601226993866
339,3393180000022,222,Speyer/Schule Im Vogelgesang 00222,U,779,212,27.214377406931966
339,3393180000027,271,Speyer/Siedlungsschulen 00271,U,530,118,22.264150943396228
339,3393180000027,272,Speyer/Siedlungsschulen 00272,U,616,143,23.214285714285715
339,3393180000027,273,Speyer/Siedlungsschulen 00273,U,585,120,20.51282051282051
339,3393180000027,274,Speyer/Siedlungsschulen 00274,U,498,134,26.907630522088354
339,3393180000027,275,Speyer/Siedlungsschulen 00275,U,352,40,11.363636363636363
339,3393180000027,276,Speyer/Siedlungsschulen 00276,U,540,152,28.14814814814815
339,3393180000028,281,Speyer/Siedlungsschulen 00281,U,603,159,26.368159203980102
339,3393380002500,101,Schifferstadt / Pfarrzentrum St. Jakobus (großer Festsaal (2/2)),U,946,313,33.086680761099366
339,3393380002500,102,"Schifferstadt / Stadtwerke (großer Saal, 3. OG)",U,1005,294,29.253731343283583
339,3393380002500,103,Schifferstadt / Grundschule Nord (Gymnastikhalle),U,1032,331,32.07364341085272
339,3393380002500,104,Schifferstadt / Grundschule Nord (große Turnhalle),U,1097,340,30.993618960802188
339,3393380002500,105,Schifferstadt / Pfarrzentrum St. Jakobus (großer Festsaal (1/2)),U,950,254,26.736842105263158
339,3393380002500,106,Schifferstadt / Pfarrzentrum Herz Jesu (großer Saal),U,1173,366,31.202046035805626
339,3393380002500,107,"Schifferstadt / Salierschule Pavillon 1, Mensa",U,1134,365,32.18694885361552
339,3393380002500,108,Schifferstadt / Grundschule Süd (Gymnastikhalle),U,1275,424,33.25490196078431
339,3393380002500,109,Schifferstadt / Grundschule Süd (Turnhalle),U,1079,348,32.252085264133456
339,3393380700700,101,Festhalle Dudenhofen Wahllokal 1,U,1646,595,36.14823815309842
339,3393380700700,102,Festhalle Dudenhofen Wahllokal 2,U,1748,548,31.35011441647597
339,3393380701000,201,Haus Marientraut Hanhofen,U,1243,312,25.1005631536605
339,3393380701100,301,Heilsbruckhalle Wahllokal 1,U,1043,396,37.96740172579099
339,3393380701100,302,Heilsbruckhalle Wahllokal 2,U,667,264,39.58020989505248
339,3393380702300,401,Schulturnhalle Berghausen,U,1826,564,30.887185104052573
339,3393380702300,402,Schulturnhalle Mechtersheim,U,1729,538,31.116252168883747
339,3393380702300,403,Schulturnhalle Heiligenstein,U,1797,592,32.94379521424597
440,4403330201900,1101,"Eisenberg (Pfalz), Rathaus",U,506,114,22.529644268774703
440,4403330201900,1102,"Eisenberg (Pfalz), Thomas-Morus-Haus",U,939,159,16.93290734824281
440,4403330201900,1103,"Eisenberg (Pfalz), Evangelisches Gemeindehaus",U,1115,247,22.152466367713007
440,4403330201900,1201,"Eisenberg (Pfalz), Stauf",U,116,35,30.17241379310345
440,4403330201900,1301,"Eisenberg (Pfalz), Steinborn",U,1008,219,21.726190476190478
440,4403330203800,2101,"Kerzenheim, Mehrzweckhalle",U,1025,251,24.48780487804878
440,4403330203800,2201,"Kerzenheim, Rosenthaler Treff",U,203,56,27.586206896551722
440,4403330206000,3101,"Ramsen, Gemeindehaus",U,1093,267,24.42817932296432
440,4403330300100,101,Albisheim (Pfrimm),U,534,129,24.15730337078652
440,4403330300100,102,Albisheim (Pfrimm),U,432,106,24.537037037037038
440,4403330300600,101,Biedesheim,U,361,79,21.88365650969529
440,4403330301200,101,Bubenheim,U,282,68,24.113475177304963
440,4403330301700,101,Dreisen,U,586,137,23.378839590443686
440,4403330301800,101,Einselthum,U,469,117,24.946695095948826
440,4403330302600,101,Göllheim,U,511,134,26.22309197651663
440,4403330302600,102,Göllheim,U,490,150,30.612244897959183
440,4403330302600,103,Göllheim,U,471,137,29.087048832271762
440,4403330302600,104,Göllheim,U,411,100,24.330900243309003
440,4403330303200,101,Immesheim,U,87,31,35.63218390804598
440,4403330304100,101,Lautersheim,U,370,93,25.135135135135133
440,4403330305800,101,Ottersheim,U,224,70,31.25
440,4403330306400,101,Rüssingen,U,345,72,20.869565217391305
440,4403330307400,101,Standenbühl,U,126,36,28.57142857142857
440,4403330308100,101,Weitersweiler,U,299,82,27.424749163879596
440,4403330350100,101,Zellertal-Harxheim,U,494,148,29.959514170040485
440,4403330350100,102,Zellertal-Niefernheim,U,132,40,30.303030303030305
440,4403330350100,103,Zellertal-Zell,U,118,30,25.423728813559322
440,4403330400500,1,Bennhausen,U,111,30,27.027027027027028
440,4403330400700,1,Bischheim,U,408,127,31.127450980392158
440,4403330401000,1,Bolanden,U,971,246,25.334706488156538
440,4403330401000,2,Bolanden,U,418,79,18.899521531100476
440,4403330401300,1,Dannenfels,U,542,139,25.645756457564577
440,4403330402200,1,Gauersheim,U,398,90,22.613065326633166
440,4403330403100,1,Ilbesheim,U,337,90,26.706231454005934
440,4403330403500,1,Jakobsweiler,U,143,33,23.076923076923077
440,4403330403900,1,"Kirchheimbolanden,St",U,468,118,25.213675213675213
440,4403330403900,2,"Kirchheimbolanden,St",U,447,134,29.977628635346754
440,4403330403900,3,"Kirchheimbolanden,St",U,229,28,12.22707423580786
440,4403330403900,4,"Kirchheimbolanden,St",U,321,76,23.67601246105919
440,4403330403900,5,"Kirchheimbolanden,St",U,391,73,18.67007672634271
440,4403330403900,6,"Kirchheimbolanden,St",U,383,76,19.843342036553523
440,4403330403900,7,"Kirchheimbolanden,St",U,474,148,31.223628691983123
440,4403330403900,8,"Kirchheimbolanden,St",U,439,120,27.33485193621868
440,4403330403900,9,"Kirchheimbolanden,St",U,412,103,25.0
440,4403330404000,1,Kriegsfeld,U,613,164,26.753670473083197
440,4403330404500,1,Marnheim,U,952,207,21.743697478991596
440,4403330404600,1,Mörsfeld,U,299,48,16.05351170568562
440,4403330404700,1,Morschheim,U,449,105,23.385300668151448
440,4403330405600,1,Oberwiesen,U,325,63,19.384615384615383
440,4403330405700,1,Orbis,U,421,104,24.70308788598575
440,4403330406200,1,Rittersheim,U,131,35,26.717557251908396
440,4403330407600,1,Stetten,U,406,110,27.093596059113302
440,4403330600900,101,Börrstadt,U,528,174,32.95454545454545
440,4403330601100,102,Breunigweiler,U,273,65,23.809523809523807
440,4403330602000,103,Falkenstein,U,113,20,17.699115044247787
440,4403330602700,104,Gonbach,U,303,79,26.072607260726073
440,4403330603000,105,Höringen,U,404,80,19.801980198019802
440,4403330603300,106,Imsbach,U,534,149,27.902621722846444
440,4403330604200,107,Lohnsfeld,U,520,153,29.423076923076923
440,4403330604800,108,Münchweiler an der Alsenz,U,750,153,20.4
440,4403330606900,109,Schweisweiler,U,177,59,33.33333333333333
440,4403330607100,110,Sippersfeld,U,685,183,26.71532846715328
440,4403330607500,111,Steinbach am Donnersberg,U,440,106,24.09090909090909
440,4403330608000,112,Wartenberg-Rohrbach,U,262,57,21.755725190839694
440,4403330650300,1,"Winnweiler, Briefwahlbezirk (ohne Ortsteile)",W,836,278,33.25358851674641
440,4403330650300,114,"Winnweiler, Grundschule",U,381,83,21.784776902887142
440,4403330650300,115,"Winnweiler, Realschule Plus",U,419,95,22.673031026252982
440,4403330650300,210,"Winnweiler, Hochstein",U,240,54,22.5
440,4403330650300,310,"Winnweiler, Alsenbrück-Langmeil",U,473,113,23.890063424947147
440,4403330650300,410,"Winnweiler, Potzbach",U,161,42,26.08695652173913
440,4403330700300,101,Alsenz,U,757,199,26.28797886393659
440,4403330700400,1,Bayerfeld-Steckweiler,U,178,27,15.168539325842698
440,4403330700400,2,Bayerfeld-Steckweiler,U,50,16,32.0
440,4403330700800,1,Bisterschied,U,143,21,14.685314685314685
440,4403330701400,1,Dielkirchen,U,292,42,14.383561643835616
440,4403330701600,1,Dörrmoschel,U,72,23,31.944444444444443
440,4403330702100,101,Finkenbach-Gersweiler,U,203,40,19.704433497536947
440,4403330702300,101,Gaugrehweiler,U,309,49,15.857605177993527
440,4403330702400,1,Gehrweiler,U,187,33,17.647058823529413
440,4403330702500,1,Gerbach,U,298,77,25.838926174496645
440,4403330702800,1,Gundersweiler,U,342,85,24.853801169590643
440,4403330703400,1,Imsweiler,U,294,61,20.74829931972789
440,4403330703600,101,Kalkofen,U,96,24,25.0
440,4403330703700,1,Katzenbach,U,282,68,24.113475177304963
440,4403330704300,101,Mannweiler-Cölln,U,242,53,21.90082644628099
440,4403330704900,101,Münsterappel,U,265,69,26.037735849056602
440,4403330705000,101,Niederhausen an der Appel,U,151,37,24.503311258278146
440,4403330705100,101,Niedermoschel,U,301,82,27.242524916943523
440,4403330705300,101,Oberhausen an der Appel,U,93,28,30.107526881720432
440,4403330705400,101,Obermoschel,U,562,143,25.444839857651246
440,4403330705500,101,Oberndorf,U,171,46,26.900584795321635
440,4403330706100,1,Ransweiler,U,168,23,13.690476190476192
440,4403330706500,1,Ruppertsecken,U,198,46,23.232323232323232
440,4403330706600,1,Sankt Alban,U,181,53,29.2817679558011
440,4403330706700,101,Schiersfeld,U,143,27,18.88111888111888
440,4403330706800,1,Schönborn,U,67,14,20.8955223880597
440,4403330707200,101,Sitters,U,60,10,16.666666666666664
440,4403330707300,1,Stahlberg,U,113,34,30.08849557522124
440,4403330707700,1,Teschenmoschel,U,92,31,33.69565217391305
440,4403330707800,101,Unkenbach,U,113,30,26.548672566371685
440,4403330707900,101,Waldgrehweiler,U,133,35,26.31578947368421
440,4403330708300,101,Winterborn,U,96,21,21.875
440,4403330708400,1,Würzweiler,U,132,34,25.757575757575758
440,4403330720100,1,Rathskirchen,U,104,17,16.346153846153847
440,4403330720200,1,Reichsthal,U,68,9,13.23529411764706
440,4403330720300,1,Seelen,U,104,25,24.03846153846154
440,4403330750200,1,Rockenhausen - VTR,U,408,97,23.774509803921568
440,4403330750200,2,Rockenhausen Grundschule,U,433,99,22.863741339491916
440,4403330750200,3,Rockenhausen - Berufsb. Schule,U,482,123,25.518672199170123
440,4403330750200,4,Rockenhausen - Realschule,U,512,137,26.7578125
440,4403330750200,5,Rockenhausen - Sozialstation,U,392,76,19.387755102040817
440,4403330750200,6,Rockenhausen - Dörnbach,U,370,84,22.702702702702705
440,4403330750200,7,Rockenhausen - Marienthal,U,140,43,30.714285714285715
441,4413360800100,1,Adenbach,U,76,20,26.31578947368421
441,4413360800500,1,Aschbach,U,187,29,15.508021390374333
441,4413360801200,1,Buborn,U,102,42,41.17647058823529
441,4413360801300,1,Cronenberg,U,88,15,17.045454545454543
441,4413360801400,1,Deimberg,U,53,12,22.641509433962266
441,4413360801900,1,Einöllen,U,219,42,19.17808219178082
441,4413360802300,1,Eßweiler,U,236,57,24.152542372881356
441,4413360802900,1,Ginsweiler,U,144,46,31.944444444444443
441,4413360803000,1,Glanbrücken,U,292,48,16.43835616438356
441,4413360803300,1,Grumbach,U,229,54,23.580786026200872
441,4413360803600,1,Hefersweiler,U,303,72,23.762376237623762
441,4413360803800,1,Heinzenhausen,U,133,32,24.06015037593985
441,4413360804000,1,Herren-Sulzbach,U,98,32,32.6530612244898
441,4413360804200,1,Hinzweiler,U,180,34,18.88888888888889
441,4413360804300,1,Hohenöllen,U,206,56,27.184466019417474
441,4413360804400,1,Homberg,U,137,40,29.1970802919708
441,4413360804500,1,Hoppstädten,U,189,45,23.809523809523807
441,4413360804800,1,Jettenbach,U,439,94,21.4123006833713
441,4413360804900,1,Kappeln,U,141,54,38.297872340425535
441,4413360805000,1,Kirrweiler,U,101,19,18.81188118811881
441,4413360805300,1,Kreimbach-Kaulbach,U,413,98,23.728813559322035
441,4413360805700,1,Langweiler,U,151,42,27.81456953642384
441,4413360805800,1,"Lauterecken,St",U,945,261,27.61904761904762
441,4413360806000,1,Lohnweiler,U,236,68,28.8135593220339
441,4413360806100,1,Medard,U,271,75,27.67527675276753
441,4413360806200,1,Merzweiler,U,112,44,39.285714285714285
441,4413360806500,1,Nerzweiler,U,63,11,17.46031746031746
441,4413360806900,1,Nußbach,U,324,62,19.1358024691358
441,4413360807200,1,Oberweiler im Tal,U,89,26,29.213483146067414
441,4413360807300,1,Oberweiler-Tiefenbach,U,159,33,20.754716981132077
441,4413360807400,1,Odenbach,U,440,79,17.954545454545453
441,4413360807500,1,Offenbach-Hundheim,U,562,130,23.131672597864767
441,4413360808500,1,Reipoltskirchen,U,156,41,26.282051282051285
441,4413360808600,1,Relsberg,U,102,19,18.627450980392158
441,4413360808700,1,Rothselberg,U,357,87,24.369747899159663
441,4413360809000,1,Rutsweiler an der Lauter,U,198,26,13.131313131313133
441,4413360809500,1,Sankt Julian - St. Julian,U,256,51,19.921875
441,4413360809500,2,Sankt Julian - Gumbsweiler,U,223,28,12.556053811659194
441,4413360809500,3,Sankt Julian - Eschenau,U,95,18,18.947368421052634
441,4413360810000,1,Unterjeckenbach,U,43,14,32.55813953488372
441,4413360810400,1,Wiesweiler,U,226,50,22.123893805309734
441,4413360810500,1,"Wolfstein,St",U,931,213,22.878625134264233
441,4413360900400,101,Altenkirchen,U,768,142,18.489583333333336
441,4413360900800,101,Börsborn,U,222,41,18.46846846846847
441,4413360901000,101,Breitenbach,U,1026,223,21.734892787524366
441,4413360901100,101,Brücken (Pfalz),U,1151,387,33.622936576889664
441,4413360901600,101,Dittweiler,U,464,100,21.551724137931032
441,4413360901700,101,Dunzweiler,U,447,90,20.13422818791946
441,4413360902700,101,Frohnhofen,U,281,60,21.352313167259787
441,4413360903100,101,Glan-Münchweiler,U,679,195,28.718703976435933
441,4413360903200,101,Gries,U,551,111,20.14519056261343
441,4413360903700,101,Henschtal,U,176,45,25.568181818181817
441,4413360904100,101,Herschweiler-Pettersheim,U,730,126,17.26027397260274
441,4413360904700,101,Hüffler,U,325,48,14.76923076923077
441,4413360905400,101,Krottelbach,U,398,79,19.849246231155778
441,4413360905600,101,Langenbach,U,263,58,22.0532319391635
441,4413360906400,101,Nanzdietschweiler,U,690,202,29.275362318840582
441,4413360907600,101,Ohmbach,U,406,84,20.689655172413794
441,4413360908200,101,Rehweiler,U,269,57,21.189591078066915
441,4413360909200,101,Schönenberg-Kübelberg,U,862,267,30.97447795823666
441,4413360909200,201,Schönenberg-Kübelberg,U,905,303,33.48066298342541
441,4413360909200,301,Schönenberg-Kübelberg,U,534,183,34.26966292134831
441,4413360909200,401,Schönenberg-Kübelberg,U,327,136,41.59021406727829
441,4413360909600,101,Steinbach am Glan,U,440,85,19.318181818181817
441,4413360910100,101,Wahnwegen,U,393,68,17.302798982188293
441,4413360910200,101,Waldmohr,U,518,156,30.115830115830118
441,4413360910200,102,Waldmohr,U,520,127,24.423076923076923
441,4413360910200,103,Waldmohr,U,652,158,24.233128834355828
441,4413360910200,104,Waldmohr,U,670,149,22.238805970149254
441,4413360910700,101,Matzenbach,U,358,78,21.787709497206702
441,4413360950100,101,Quirnbach (Pfalz),U,283,51,18.021201413427562
441,4413361000200,101,Albessen,U,90,20,22.22222222222222
441,4413361000300,101,Altenglan,U,775,190,24.516129032258064
441,4413361000300,201,Altenglan,U,416,88,21.153846153846153
441,4413361000300,301,Altenglan,U,246,54,21.951219512195124
441,4413361000600,101,Blaubach,U,225,66,29.333333333333332
441,4413361000900,101,Bosenbach/Friedelhausen,U,388,98,25.257731958762886
441,4413361001500,101,Dennweiler-Frohnbach,U,173,35,20.23121387283237
441,4413361001800,101,Ehweiler,U,102,22,21.568627450980394
441,4413361002100,101,Elzweiler,U,52,2,3.8461538461538463
441,4413361002200,101,Erdesbach,U,315,74,23.49206349206349
441,4413361002400,101,Etschberg,U,374,77,20.588235294117645
441,4413361002500,101,Föckelberg,U,205,39,19.024390243902438
441,4413361003400,101,Haschbach am Remigiusberg,U,416,92,22.115384615384613
441,4413361003900,101,Herchweiler,U,281,45,16.014234875444842
441,4413361004600,101,Horschbach,U,139,34,24.46043165467626
441,4413361005100,101,Körborn,U,194,54,27.835051546391753
441,4413361005200,101,Konken,U,462,109,23.593073593073594
441,4413361005500,111,"Kusel,St",U,423,107,25.295508274231675
441,4413361005500,112,"Kusel,St",U,447,134,29.977628635346754
441,4413361005500,113,"Kusel,St",U,334,75,22.45508982035928
441,4413361005500,114,"Kusel,St",U,492,139,28.252032520325205
441,4413361005500,201,"Kusel,St",U,328,99,30.182926829268293
441,4413361005500,301,"Kusel,St",U,171,56,32.748538011695906
441,4413361006600,101,Neunkirchen am Potzberg,U,205,44,21.463414634146343
441,4413361006700,101,Niederalben,U,175,45,25.71428571428571
441,4413361006800,101,Niederstaufenbach,U,138,45,32.608695652173914
441,4413361007000,101,Oberalben,U,130,21,16.153846153846153
441,4413361007100,101,Oberstaufenbach,U,138,33,23.91304347826087
441,4413361007700,101,Pfeffelbach,U,532,101,18.984962406015036
441,4413361007900,101,Rammelsbach,U,806,187,23.200992555831267
441,4413361008100,101,Rathsweiler,U,89,32,35.95505617977528
441,4413361008400,101,Reichweiler,U,328,70,21.341463414634145
441,4413361008800,101,Ruthweiler,U,248,67,27.016129032258064
441,4413361008900,101,Rutsweiler am Glan,U,174,38,21.839080459770116
441,4413361009100,101,Schellweiler,U,274,56,20.437956204379564
441,4413361009400,101,Selchenbach,U,184,34,18.478260869565215
441,4413361009700,101,Thallichtenberg,U,309,80,25.88996763754045
441,4413361009800,101,Theisbergstegen,U,409,106,25.91687041564792
441,4413361009900,101,Ulmet,U,391,95,24.296675191815854
441,4413361010300,101,Welchweiler,U,97,19,19.587628865979383
441,4413361010600,101,Bedesbach,U,444,99,22.2972972972973
442,4423320000201,101,Bad Dürkheim/Mitte I,U,790,287,36.32911392405063
442,4423320000201,102,Bad Dürkheim/Mitte II,U,669,200,29.895366218236173
442,4423320000202,103,Bad Dürkheim/Nord,U,804,273,33.95522388059701
442,4423320000203,105,Bad Dürkheim/Ost I,U,574,173,30.139372822299652
442,4423320000203,106,Bad Dürkheim/Ost II,U,608,154,25.32894736842105
442,4423320000204,107,Bad Dürkheim/Süd I,U,670,236,35.223880597014926
442,4423320000204,108,Bad Dürkheim/Süd II,U,509,149,29.273084479371313
442,4423320000205,109,Bad Dürkheim/Nordwest,U,625,145,23.200000000000003
442,4423320000206,111,Bad Dürkheim/West,U,770,272,35.324675324675326
442,4423320000207,202,Bad Dürkheim/Seebach II,U,1236,481,38.915857605178
442,4423320000208,301,Bad Dürkheim/Grethen I,U,558,161,28.85304659498208
442,4423320000208,302,Bad Dürkheim/Grethen II,U,452,102,22.566371681415927
442,4423320000209,401,Bad Dürkheim/Hardenburg,U,517,130,25.145067698259187
442,4423320000210,501,Bad Dürkheim/Leistadt,U,701,187,26.676176890156917
442,4423320000211,601,Bad Dürkheim/Ungstein,U,757,254,33.55350066050198
442,4423320002400,1,Leininger Gymnasium,U,663,152,22.92609351432881
442,4423320002400,101,Briefwahlstimmbezirk 1,W,1048,371,35.400763358778626
442,4423320002400,102,Briefwahlstimmbezirk 2,W,1112,363,32.643884892086334
442,4423320002400,103,Briefwahlstimmbezirk 3,W,1027,348,33.88510223953262
442,4423320002400,2,Haus am Leininger Unterhof,U,651,160,24.577572964669738
442,4423320002400,3,Weinstraßencenter,U,599,201,33.5559265442404
442,4423320002400,4,IGS Grünstadt,U,731,173,23.666210670314637
442,4423320002400,5,Turnhalle TV Asselheim,U,532,132,24.81203007518797
442,4423320002400,6,Schule am Ritterstein,U,619,212,34.24878836833602
442,4423320200500,1,Bobenheim am Berg,U,532,185,34.774436090225564
442,4423320200800,1,Dackenheim,U,302,96,31.788079470198678
442,4423320201500,1,Erpolzheim,U,882,279,31.63265306122449
442,4423320201900,1,"Freinsheim,St",U,1323,354,26.75736961451247
442,4423320201900,2,Freinsheim/Briefwahl 1,W,846,259,30.61465721040189
442,4423320201900,3,Freinsheim/Briefwahl 2,W,818,282,34.474327628361856
442,4423320202600,1,Herxheim am Berg,U,446,150,33.6322869955157
442,4423320202800,1,Kallstadt,U,722,257,35.59556786703601
442,4423320204900,1,Weisenheim am Berg,U,422,127,30.09478672985782
442,4423320204900,3,Weisenheim am Berg/Briefwahl,W,588,242,41.156462585034014
442,4423320205000,1,Weisenheim am Sand,U,1221,348,28.501228501228503
442,4423320205000,2,Weisenheim am Sand/Briefwahl 1,W,623,191,30.658105939004816
442,4423320205000,3,Weisenheim am Sand/Briefwahl 2,W,662,225,33.987915407854985
442,4423320601300,1,Ellerstadt,U,745,232,31.140939597315437
442,4423320601300,2,Briefwahl Ellerstadt,W,674,228,33.82789317507419
442,4423320602000,1,Friedelsheim,U,898,322,35.85746102449889
442,4423320602200,1,Gönnheim,U,971,326,33.573635427394436
442,4423320604600,1,"Wachenheim a.d.W.,St",U,477,126,26.41509433962264
442,4423320604600,2,"Wachenheim a.d.W.,St",U,580,230,39.6551724137931
442,4423320604600,3,"Briefwahl I Wachenheim a.d.W.,St",W,894,307,34.34004474272931
442,4423320604600,4,"Briefwahl  II Wachenheim a.d.W.,St",W,853,385,45.1348182883939
442,4423320700100,101,Altleiningen 1,U,833,210,25.210084033613445
442,4423320700100,102,Altleiningen 2,U,152,35,23.026315789473685
442,4423320700300,301,Battenberg (Pfalz),U,262,123,46.94656488549619
442,4423320700400,401,Bissersheim,U,282,100,35.46099290780142
442,4423320700600,601,Bockenheim an der Weinstraße,U,1361,354,26.01028655400441
442,4423320700700,701,Carlsberg,U,1311,300,22.883295194508012
442,4423320700700,702,Carlsberg,U,589,136,23.089983022071305
442,4423320701000,1001,Dirmstein,U,859,265,30.849825378346914
442,4423320701000,1002,Dirmstein,U,885,236,26.666666666666668
442,4423320701200,1201,Ebertsheim,U,710,159,22.3943661971831
442,4423320702100,2101,Gerolsheim,U,1012,287,28.3596837944664
442,4423320702300,2301,Großkarlbach,U,665,205,30.82706766917293
442,4423320702700,2701,Hettenleidelheim 1,U,763,216,28.309305373525557
442,4423320702700,2702,Hettenleidelheim 2,U,766,256,33.420365535248045
442,4423320702900,2901,Kindenheim,U,601,145,24.126455906821963
442,4423320703000,3001,Kirchheim an der Weinstraße,U,1102,335,30.399274047186932
442,4423320703100,3101,Kleinkarlbach,U,527,137,25.996204933586338
442,4423320703300,3301,Laumersheim,U,523,146,27.915869980879542
442,4423320703600,3601,Mertesheim,U,229,61,26.637554585152838
442,4423320703800,3801,Neuleiningen,U,450,158,35.11111111111111
442,4423320704000,4001,Obersülzen,U,431,122,28.306264501160094
442,4423320704100,4101,Obrigheim (Pfalz),U,964,201,20.850622406639005
442,4423320704100,4102,Obrigheim (Pfalz),U,513,112,21.832358674463936
442,4423320704200,4201,Quirnheim,U,424,92,21.69811320754717
442,4423320704400,4401,Tiefenthal,U,465,129,27.741935483870968
442,4423320704700,4701,Wattenheim,U,956,280,29.288702928870293
443,4433160000010,101,Briefwahl / Stadtbezirk Innenstadt,W,934,243,26.017130620985014
443,4433160000010,12,"Neustadt a.d.W., Volkshochschule",U,349,79,22.636103151862464
443,4433160000010,13,"Neustadt a.d.W., Volkshochschule",U,482,66,13.692946058091287
443,4433160000011,111,"Briefwahl Diedesfeld (1111,1112)",W,680,244,35.88235294117647
443,4433160000011,1111,"Neustadt a.d.W., Festhalle Diedesfeld",U,406,130,32.01970443349754
443,4433160000011,1112,"Neustadt a.d.W., Festhalle Diedesfeld",U,264,76,28.78787878787879
443,4433160000020,102,Briefwahl / Stadtbezirk Hambacher Höhe I (21),W,378,124,32.804232804232804
443,4433160000020,202,"Briefwahl / Stadtbezirk Hambacher Höhe II (22,23)",W,790,267,33.79746835443038
443,4433160000020,21,"Neustadt a.d.W., Hans-Geiger-Schule",U,468,140,29.914529914529915
443,4433160000020,22,"Neustadt a.d.W., Hans-Geiger-Schule",U,390,134,34.35897435897436
443,4433160000020,23,"Neustadt a.d.W., Hans-Geiger-Schule",U,338,103,30.473372781065088
443,4433160000022,122,"Briefwahl Geinsheim (2211,2212)",W,528,211,39.96212121212121
443,4433160000022,2211,"Neustadt a.d.W., Festhalle Geinsheim",U,293,79,26.96245733788396
443,4433160000022,2212,"Neustadt a.d.W., Festhalle Geinsheim",U,312,126,40.38461538461539
443,4433160000030,103,Briefwahl / Stadtbezirk Vorstadt,W,537,132,24.581005586592177
443,4433160000030,31,"Neustadt a.d.W., Heinz-Sielmann-Schule",U,606,69,11.386138613861387
443,4433160000033,133,"Briefwahl Gimmeldingen (3311, 3312)",W,775,263,33.935483870967744
443,4433160000033,3311,"Neustadt a.d.W., Sporthalle TV Gimmeldingen",U,285,64,22.45614035087719
443,4433160000033,3312,"Neustadt a.d.W., Sporthalle TV Gimmeldingen",U,266,76,28.57142857142857
443,4433160000040,104,"Briefwahl / Stadtbezirk (41, 43)",W,525,115,21.904761904761905
443,4433160000040,41,"Neustadt a.d.W., Schöntalschule",U,474,75,15.822784810126583
443,4433160000040,43,"Neustadt a.d.W., Leibniz-Gymnasium",U,294,70,23.809523809523807
443,4433160000044,144,"Briefwahl Haardt (4411, 4412)",W,744,269,36.155913978494624
443,4433160000044,4411,"Neustadt a.d.W., Sitzungssaal Haardt",U,332,76,22.89156626506024
443,4433160000044,4412,"Neustadt a.d.W., Wohnstift Haardt (GDA)",U,479,187,39.03966597077244
443,4433160000050,105,"Briefwahl / Stadtbezirk Winzingen (51, 53, 55)",W,780,142,18.205128205128204
443,4433160000050,51,"Neustadt a.d.W., Volkshochschule",U,299,52,17.391304347826086
443,4433160000050,53,"Neustadt a.d.W., Schubertschule",U,417,73,17.505995203836928
443,4433160000050,55,"Neustadt a.d.W., Schubertschule",U,191,28,14.659685863874344
443,4433160000055,155,"Briefwahl Hambach I (5511, 5531)",W,887,311,35.062006764374296
443,4433160000055,255,"Briefwahl Hambach II (5521, 5522)",W,709,253,35.684062059238364
443,4433160000055,5511,"Neustadt a.d.W., Evangelische Kirche Hambach",U,381,154,40.419947506561684
443,4433160000055,5521,"Neustadt a.d.W., Dr.-Albert-Finck-Schule",U,290,92,31.724137931034484
443,4433160000055,5522,"Neustadt a.d.W., Dr.-Albert-Finck-Schule",U,348,122,35.05747126436782
443,4433160000055,5531,"Neustadt a.d.W., Dr.-Albert-Finck-Schule",U,369,132,35.77235772357724
443,4433160000060,106,Briefwahl / Stadtbezirk Böbig (61),W,470,121,25.744680851063826
443,4433160000060,61,"Neustadt a.d.W., Kurfürst-Ruprecht-Gymnasium",U,599,74,12.353923205342237
443,4433160000066,166,Briefwahl Königsbach (6611),W,348,142,40.804597701149426
443,4433160000066,6611,"Neustadt a.d.W., Ortsverwaltung Königsbach",U,347,154,44.38040345821326
443,4433160000070,107,"Briefwahl / Stadtbezirk Oststadt I (71, 76)",W,627,160,25.51834130781499
443,4433160000070,207,"Briefwahl / Stadtbezirk Oststadt II (73, 75)",W,521,118,22.648752399232247
443,4433160000070,71,"Neustadt a.d.W., Eichendorffschule",U,537,81,15.083798882681565
443,4433160000070,73,"Neustadt a.d.W., Eichendorffschule",U,418,44,10.526315789473683
443,4433160000070,75,"Neustadt a.d.W., Gemeindezentrum Branchweilerhof",U,469,92,19.616204690831555
443,4433160000070,76,"Neustadt a.d.W., Gemeindezentrum Branchweilerhof",U,411,110,26.763990267639905
443,4433160000077,177,"Briefwahl Lachen-Speyerdorf I (7711, 7712)",W,791,218,27.560050568900124
443,4433160000077,277,"Briefwahl Lachen-Speyerdorf II (7721, 7722)",W,710,213,30.0
443,4433160000077,7711,"Neustadt a.d.W., August-Becker-Schule, Lachen-Speyerdorf",U,363,92,25.344352617079892
443,4433160000077,7712,"Neustadt a.d.W., August-Becker-Schule, Lachen-Speyerdorf",U,454,121,26.651982378854626
443,4433160000077,7721,"Neustadt a.d.W., August-Becker-Schule, Lachen-Speyerdorf",U,302,73,24.17218543046358
443,4433160000077,7722,"Neustadt a.d.W., August-Becker-Schule, Lachen-Speyerdorf",U,361,93,25.761772853185594
443,4433160000088,288,"Briefwahl Mußbach II (8811, 8813)",W,767,246,32.07301173402868
443,4433160000088,8811,"Neustadt a.d.W., Sporthalle Am Stecken",U,377,103,27.320954907161806
443,4433160000088,8812,"Neustadt a.d.W., Kindertagesstätte Mußbach",U,931,320,34.371643394199786
443,4433160000088,8813,"Neustadt a.d.W., Sporthalle Am Stecken",U,342,73,21.34502923976608
443,4433160000099,199,Briefwahl Duttweiler,W,289,95,32.8719723183391
443,4433160000099,9911,"Neustadt a.d.W., Festhalle Duttweiler",U,342,110,32.16374269005848
443,4433320002500,101,Hannah-Arendt-Gymnasium - Aula,U,633,117,18.48341232227488
443,4433320002500,102,Schillerschule Turnhalle II,U,707,153,21.64073550212164
443,4433320002500,103,Schillerschule Container,U,378,100,26.455026455026452
443,4433320002500,104,Ernst-Reuter-Schule - Mensa,U,556,83,14.928057553956833
443,4433320002500,105,VfB 1951 e. V. - Veranstaltungshalle,U,570,100,17.543859649122805
443,4433320002500,106,Mensa Raiffeisenstraße,U,683,138,20.20497803806735
443,4433320002500,107,Schillerschule Turnhalle I,U,633,124,19.589257503949447
443,4433320002500,108,Ernst-Reuter-Schule Musiksaal V0.22,U,572,97,16.95804195804196
443,4433320002500,111,"Gemeindewerke, Foyer",U,403,95,23.573200992555833
443,4433320002500,121,Briefwahlbezirk I - Kulturviereck Großer Saal,W,1432,399,27.86312849162011
443,4433320002500,122,Briefwahlbezirk II - Kulturviereck Bistro,W,1711,489,28.57977790765634
443,4433320002500,123,Briefwahlbezirk III - Kulturviereck Kleiner Saal,W,1521,446,29.322813938198557
443,4433320002500,124,Briefwahlbezirk IV - Blaubär EG,W,1443,390,27.027027027027028
443,4433320100900,101,"Deidesheim,St",U,792,328,41.41414141414141
443,4433320100900,102,"Deidesheim,St",U,786,337,42.87531806615776
443,4433320100900,103,"Deidesheim,St",U,774,328,42.377260981912144
443,4433320101700,101,Forst an der Weinstrasse,U,536,245,45.7089552238806
443,4433320103500,101,Meckenheim,U,715,220,30.76923076923077
443,4433320103500,102,Meckenheim,U,651,173,26.574500768049152
443,4433320103500,103,Meckenheim,U,720,243,33.75
443,4433320103900,101,Niederkirchen b.Deid.,U,668,296,44.31137724550898
443,4433320103900,102,Niederkirchen b.Deid.,U,755,349,46.22516556291391
443,4433320104300,101,Ruppertsberg,U,907,373,41.12458654906285
444,4443120000001,101,Paul-Münch-Schule 1,U,407,73,17.936117936117938
444,4443120000001,102,Paul-Münch-Schule 2,U,323,57,17.647058823529413
444,4443120000001,103,Paul-Münch-Schule 3,U,349,54,15.472779369627506
444,4443120000001,104,KiTa Regenbogen,U,402,49,12.189054726368159
444,4443120000001,105,Luitpoldschule 1,U,460,76,16.52173913043478
444,4443120000001,106,Luitpoldschule 2,U,662,96,14.501510574018129
444,4443120000001,199,Briefwahl Innenstadt Ost 1,W,740,189,25.54054054054054
444,4443120000001,299,Briefwahl Innenstadt Ost 2,W,454,88,19.383259911894275
444,4443120000002,201,Röhmschule 1,U,377,46,12.20159151193634
444,4443120000002,202,Röhmschule 2,U,453,78,17.218543046357617
444,4443120000002,203,Röhmschule 3,U,377,56,14.854111405835543
444,4443120000002,204,Wohn- und Pflegeheim Kessler-Handorn,U,829,170,20.506634499396863
444,4443120000002,399,Briefwahl Innenstadt Südwest 1,W,558,120,21.50537634408602
444,4443120000002,499,Briefwahl Innenstadt Südwest 2,W,290,59,20.344827586206897
444,4443120000003,301,Goetheschule 1,U,619,101,16.31663974151858
444,4443120000003,302,Goetheschule 2,U,534,80,14.981273408239701
444,4443120000003,303,Burggymnasium,U,291,47,16.151202749140893
444,4443120000003,304,Kottenschule 1,U,473,76,16.0676532769556
444,4443120000003,305,Kottenschule 2,U,309,52,16.828478964401295
444,4443120000003,599,Briefwahl Innenstadt West/Kotten 1,W,771,154,19.974059662775616
444,4443120000003,699,Briefwahl Innenstadt West/Kotten 2,W,503,93,18.48906560636183
444,4443120000004,401,Gymnasium am Rittersberg,U,428,76,17.75700934579439
444,4443120000004,402,Hochschule Kaiserslautern,U,300,91,30.333333333333336
444,4443120000004,403,Kursana Domizil,U,556,100,17.985611510791365
444,4443120000004,404,Theodor-Heuss-Schule 1,U,450,137,30.444444444444446
444,4443120000004,405,Theodor-Heuss-Schule 2,U,347,75,21.613832853025936
444,4443120000004,406,Pfalztheater Werkstätten,U,296,43,14.527027027027026
444,4443120000004,799,Briefwahl Innenstadt Nord/Kaiserberg 1,W,837,239,28.55436081242533
444,4443120000004,899,Briefwahl Innenstadt Nord/Kaiserberg 2,W,745,221,29.664429530201343
444,4443120000005,1099,Briefwahl Grübentälchen/Volkspark 2,W,772,160,20.72538860103627
444,4443120000005,501,Geschwister-Scholl-Schule 1,U,496,66,13.306451612903224
444,4443120000005,502,Geschwister-Scholl-Schule 2,U,484,78,16.115702479338843
444,4443120000005,503,KiTa Mobile,U,449,66,14.699331848552339
444,4443120000005,504,Stiftswaldschule 1,U,296,49,16.554054054054053
444,4443120000005,505,Stiftswaldschule 2,U,366,51,13.934426229508196
444,4443120000005,999,Briefwahl Grübentälchen/Volkspark 1,W,634,131,20.66246056782334
444,4443120000008,1599,Briefwahl Bännjerrück/Karl-Pfaff-Siedlung 1,W,485,101,20.824742268041238
444,4443120000008,1699,Briefwahl Bännjerrück/Karl-Pfaff-Siedlung 2,W,477,134,28.09224318658281
444,4443120000008,801,Stresemannschule 1,U,405,82,20.246913580246915
444,4443120000008,802,Stresemannschule 2,U,480,122,25.416666666666664
444,4443120000008,803,Caritas-Altenzentrum St. Hedwig,U,378,79,20.8994708994709
444,4443120000008,804,Schule auf dem Bännjerrück,U,535,119,22.242990654205606
444,4443120000009,1799,Briefwahl Kaiserslautern-West,W,816,181,22.181372549019606
444,4443120000009,901,KiTa Belzappel,U,626,122,19.488817891373802
444,4443120000009,902,Schillerschule 1,U,354,52,14.689265536723164
444,4443120000009,903,Schillerschule 2,U,271,55,20.29520295202952
444,4443120000009,904,Fischerrückschule,U,419,81,19.331742243436754
444,4443120000010,1001,Grundschule Erzhütten 1,U,440,97,22.045454545454547
444,4443120000010,1002,Grundschule Erzhütten 2,U,412,99,24.029126213592235
444,4443120000010,1899,Briefwahl Erzhütten/Wiesenthalerhof,W,617,148,23.9870340356564
444,4443120000016,1601,Burgherrenhalle Hohenecken 1,U,349,82,23.49570200573066
444,4443120000016,1602,Burgherrenhalle Hohenecken 2,U,340,127,37.35294117647059
444,4443120000016,1603,Burgherrenhalle Hohenecken 3,U,403,118,29.280397022332505
444,4443120000016,2499,Briefwahl Hohenecken,W,646,221,34.21052631578947
445,4453120000006,1199,Briefwahl Betzenberg,W,723,196,27.10926694329184
445,4453120000006,601,Betzenbergschule 1,U,314,73,23.248407643312103
445,4453120000006,602,Betzenbergschule 2,U,405,85,20.98765432098765
445,4453120000006,603,Betzenbergschule 3,U,470,98,20.851063829787233
445,4453120000007,1299,Briefwahl Lämmchesberg/Uniwohnstadt 1,W,494,131,26.518218623481783
445,4453120000007,1399,Briefwahl Lämmchesberg/Uniwohnstadt 2,W,645,177,27.44186046511628
445,4453120000007,1499,Briefwahl Lämmchesberg/Uniwohnstadt 3,W,533,133,24.953095684803
445,4453120000007,701,Pestalozzischule 1,U,658,99,15.045592705167174
445,4453120000007,702,Pestalozzischule 2,U,623,139,22.31139646869984
445,4453120000007,703,Gemeindehaus Pauluskirche,U,341,75,21.994134897360702
445,4453120000007,704,Davenportplatz 1,U,507,128,25.2465483234714
445,4453120000007,705,Davenportplatz 2,U,362,50,13.812154696132598
445,4453120000007,706,Gemeindehaus Friedenskirche,U,546,129,23.626373626373624
445,4453120000011,1101,Bürgerhaus Einsiedlerhof,U,288,54,18.75
445,4453120000011,1999,Briefwahl Einsiedlerhof,W,197,53,26.903553299492383
445,4453120000012,1201,Grundschule Morlautern 1,U,415,100,24.096385542168676
445,4453120000012,1202,Grundschule Morlautern 2,U,520,150,28.846153846153843
445,4453120000012,2099,Briefwahl Morlautern,W,724,217,29.972375690607734
445,4453120000013,1301,Theo-Barth-Halle Erlenbach 1,U,352,69,19.602272727272727
445,4453120000013,1302,Theo-Barth-Halle Erlenbach 2,U,346,74,21.38728323699422
445,4453120000013,2199,Briefwahl Erlenbach,W,518,138,26.640926640926644
445,4453120000014,1401,ev. Gemeindehaus Mölschbach,U,381,79,20.73490813648294
445,4453120000014,2299,Briefwahl Mölschbach,W,297,72,24.242424242424242
445,4453120000015,1501,Grundschule Dansenberg 1,U,470,158,33.61702127659574
445,4453120000015,1502,Grundschule Dansenberg 2,U,402,112,27.860696517412936
445,4453120000015,2399,Briefwahl Dansenberg,W,572,187,32.69230769230769
445,4453120000017,1701,Turnhalle Siegelbach 1,U,454,85,18.722466960352424
445,4453120000017,1702,Turnhalle Siegelbach 2,U,395,90,22.78481012658228
445,4453120000017,2599,Briefwahl Siegelbach,W,667,174,26.08695652173913
445,4453120000018,1801,Kreuzsteinhalle Erfenbach 1,U,416,81,19.471153846153847
445,4453120000018,1802,Kreuzsteinhalle Erfenbach 2,U,405,97,23.950617283950617
445,4453120000018,2699,Briefwahl Erfenbach,W,632,172,27.21518987341772
445,4453320501400,1,Elmstein I,U,615,163,26.504065040650403
445,4453320501400,2,Elmstein II,U,288,69,23.958333333333336
445,4453320501400,3,Elmstein III,U,348,38,10.919540229885058
445,4453320501600,1,Esthal Urne,U,322,86,26.70807453416149
445,4453320501600,2,Esthal Brief,W,430,137,31.86046511627907
445,4453320501800,1,Frankeneck,U,403,85,21.09181141439206
445,4453320503200,1,Lambrecht (Pfalz) Urne,U,782,146,18.67007672634271
445,4453320503200,2,Lambrecht (Pfalz) Brief I,W,507,144,28.402366863905325
445,4453320503200,3,Lambrecht (Pfalz) Brief II,W,499,131,26.252505010020037
445,4453320503400,1,Lindenberg Urne,U,315,48,15.238095238095239
445,4453320503400,2,Lindenberg Brief,W,332,105,31.626506024096386
445,4453320503700,1,Neidenfels,U,454,126,27.75330396475771
445,4453320504800,1,Weidenthal Urne,U,397,79,19.899244332493705
445,4453320504800,2,Weidenthal Brief,W,544,137,25.183823529411764
445,4453350200400,1,Alsenborn 1,U,916,258,28.16593886462882
445,4453350200400,2,Alsenborn 2,U,926,255,27.5377969762419
445,4453350200400,3,Enkenbach 1,U,945,276,29.20634920634921
445,4453350200400,4,Enkenbach 2,U,943,308,32.66171792152704
445,4453350200700,1,Fischbach,U,459,124,27.01525054466231
445,4453350201000,1,Frankenstein,U,501,70,13.972055888223553
445,4453350201500,1,Hochspeyer 1,U,889,210,23.62204724409449
445,4453350201500,2,Hochspeyer 2,U,587,138,23.509369676320272
445,4453350201500,3,Hochspeyer 3,U,1000,256,25.6
445,4453350202600,1,Mehlingen 1,U,851,236,27.73207990599295
445,4453350202600,2,Mehlingen 2,U,933,263,28.188638799571276
445,4453350202600,3,Baalborn,U,322,64,19.875776397515526
445,4453350202800,1,Neuhemsbach,U,544,120,22.058823529411764
445,4453350204800,1,Waldleiningen,U,207,64,30.917874396135264
445,4453350220500,1,Sembach,U,628,138,21.97452229299363
445,4453351000900,1,Frankelbach,U,196,38,19.387755102040817
445,4453351001300,1,Heiligenmoschel,U,393,82,20.865139949109416
445,4453351001400,1,Hirschhorn (Pfalz),U,403,74,18.36228287841191
445,4453351001700,1,Katzweiler,U,487,111,22.79260780287474
445,4453351001700,2,Katzweiler,U,507,110,21.696252465483234
445,4453351002500,1,Mehlbach,U,597,97,16.24790619765494
445,4453351002900,1,Niederkirchen,U,621,106,17.06924315619968
445,4453351002900,2,Niederkirchen,U,463,127,27.429805615550755
445,4453351003300,1,Olsbrücken,U,615,142,23.089430894308943
445,4453351003400,1,Otterbach I,U,451,111,24.6119733924612
445,4453351003400,2,Otterbach II,U,469,124,26.439232409381663
445,4453351003400,3,Otterbach III,U,461,112,24.295010845986983
445,4453351003400,4,Otterbach IV,U,488,122,25.0
445,4453351003400,5,Otterbach-Sambach,U,275,64,23.272727272727273
445,4453351003500,1,"Otterberg,St",U,794,233,29.345088161209066
445,4453351003500,2,"Otterberg,St",U,645,167,25.891472868217054
445,4453351003500,3,"Otterberg,St",U,687,153,22.270742358078603
445,4453351003500,4,"Otterberg,St",U,663,152,22.92609351432881
445,4453351003500,5,Otterberg - Drehenthalerhof,U,235,27,11.48936170212766
445,4453351004100,1,Schallodenbach,U,483,152,31.469979296066253
445,4453351004200,1,Schneckenhausen,U,331,90,27.19033232628399
445,4453351004600,1,Sulzbachtal,U,227,35,15.418502202643172
446,4463350100301,1101,Ortsteil Bruchmühlbach,U,601,179,29.783693843594012
446,4463350100301,1102,Ortsteil Bruchmühlbach,U,574,131,22.822299651567945
446,4463350100302,1201,Ortsteil Miesau,U,493,115,23.32657200811359
446,4463350100302,1202,Ortsteil Miesau,U,510,122,23.92156862745098
446,4463350100303,1301,Ortsteil Elschbach,U,227,67,29.515418502202646
446,4463350100304,1401,Ortsteil Vogelbach,U,514,125,24.31906614785992
446,4463350100305,1501,Ortsteil Buchholz,U,249,45,18.072289156626507
446,4463350101100,2101,Gerhardsbrunn,U,113,43,38.05309734513274
446,4463350120100,3101,Lambsborn,U,400,77,19.25
446,4463350120200,4101,Langwieden,U,183,42,22.950819672131146
446,4463350120300,5101,Martinshöhe,U,810,231,28.51851851851852
446,4463350801600,101,Hütschenhausen,U,323,77,23.8390092879257
446,4463350801600,102,Hütschenhausen,U,337,139,41.246290801186944
446,4463350801600,201,Hütschenhausen,U,369,112,30.35230352303523
446,4463350801600,301,Hütschenhausen,U,168,33,19.642857142857142
446,4463350801600,401,Hütschenhausen,W,489,174,35.58282208588957
446,4463350801600,402,Hütschenhausen,W,310,97,31.290322580645164
446,4463350802000,101,Kottweiler-Schwanden,U,425,137,32.23529411764706
446,4463350802000,201,Kottweiler-Schwanden,W,238,86,36.134453781512605
446,4463350803000,101,Niedermohr,U,397,113,28.463476070528966
446,4463350803000,201,Niedermohr,W,368,142,38.58695652173913
446,4463350803800,101,"Ramstein-Miesenbach,St",U,274,106,38.68613138686132
446,4463350803800,102,"Ramstein-Miesenbach,St",U,242,78,32.231404958677686
446,4463350803800,103,"Ramstein-Miesenbach,St",U,348,112,32.18390804597701
446,4463350803800,104,"Ramstein-Miesenbach,St",U,315,100,31.746031746031743
446,4463350803800,201,"Ramstein-Miesenbach,St",U,285,79,27.719298245614034
446,4463350803800,202,"Ramstein-Miesenbach,St",U,280,87,31.071428571428573
446,4463350803800,301,"Ramstein-Miesenbach,St",W,428,200,46.728971962616825
446,4463350803800,302,"Ramstein-Miesenbach,St",W,549,267,48.63387978142077
446,4463350803800,303,"Ramstein-Miesenbach,St",W,443,170,38.37471783295711
446,4463350804400,101,Steinwenden,U,358,94,26.256983240223462
446,4463350804400,201,Steinwenden,U,218,65,29.81651376146789
446,4463350804400,301,Steinwenden,U,197,47,23.85786802030457
446,4463350804400,401,Steinwenden,W,457,171,37.41794310722101
446,4463350900500,101,Erzenhausen,U,422,103,24.407582938388625
446,4463350900600,101,Eulenbis,U,249,67,26.907630522088354
446,4463350901900,101,Kollweiler,U,267,76,28.46441947565543
446,4463350902400,101,Mackenbach,U,527,104,19.734345351043643
446,4463350902400,102,Mackenbach BW,W,474,122,25.738396624472575
446,4463350904000,101,Rodenbach,U,898,213,23.719376391982184
446,4463350904000,102,Rodenbach BW,W,927,253,27.292340884573896
446,4463350904300,101,Schwedelbach,U,596,160,26.845637583892618
446,4463350904900,101,Weilerbach,U,839,240,28.605482717520857
446,4463350904900,102,Weilerbach,U,795,212,26.666666666666668
446,4463350904900,103,Weilerbach,U,689,199,28.88243831640058
446,4463350950100,101,Reichenbach-Steegen,U,673,142,21.099554234769688
446,4463350950100,104,Reichenbach-Steegen,U,122,30,24.59016393442623
446,4463351100200,101,Bann,U,588,187,31.802721088435376
446,4463351100200,102,Bann,W,689,261,37.88098693759071
446,4463351101200,201,Hauptstuhl,U,574,168,29.268292682926827
446,4463351101800,301,Kindsbach,U,652,193,29.601226993865033
446,4463351101800,302,Kindsbach,W,578,240,41.522491349480966
446,4463351102100,401,Krickenbach,U,753,212,28.15405046480744
446,4463351102200,501,"Landstuhl,St. In der Au",U,680,179,26.323529411764707
446,4463351102200,502,"Landstuhl, St. In der Au",W,751,288,38.348868175765645
446,4463351102200,601,"Landstuhl,St. Theodor-Heuss-Grundschule",U,608,150,24.671052631578945
446,4463351102200,602,"Landstuhl,St. Theodor-Heuss-Grundschule",W,503,204,40.55666003976143
446,4463351102200,701,"Landstuhl,St Bürgersaal Melkerei",U,509,196,38.50687622789784
446,4463351102300,801,Linden,U,686,221,32.21574344023323
446,4463351102700,901,Mittelbrunn,U,406,127,31.2807881773399
446,4463351103100,1001,Oberarnbach,U,288,99,34.375
446,4463351103700,1101,Queidersbach,U,693,198,28.57142857142857
446,4463351103700,1102,Queidersbach,W,879,361,41.069397042093286
446,4463351104500,1301,Stelzenberg,U,369,76,20.59620596205962
446,4463351104500,1302,Stelzenberg,W,344,101,29.360465116279073
446,4463351104700,1401,Trippstadt,U,787,261,33.16391359593393
446,4463351104700,1402,Trippstadt,U,860,218,25.348837209302328
446,4463351120400,1201,Schopp,U,405,97,23.950617283950617
446,4463351120400,1202,Schopp,W,446,152,34.08071748878923
447,4473200000010,10,Helmholtz-Gymnasium,U,415,86,20.722891566265062
447,4473200000010,140,Feuerwache,U,279,72,25.806451612903224
447,4473200000010,150,Canadaschule,U,603,90,14.925373134328357
447,4473200000010,20,Herzog-Wolfgang-Realschule plus - Wackenstraße,U,480,115,23.958333333333336
447,4473200000010,220,Zweibrücken-Briefwahllokal 1,W,806,227,28.16377171215881
447,4473200000010,230,Zweibrücken-Briefwahllokal 2,W,816,276,33.82352941176471
447,4473200000010,240,Zweibrücken-Briefwahllokal 3,W,817,282,34.516523867809056
447,4473200000010,30,Thomas-Mann-Schule 1,U,382,116,30.36649214659686
447,4473200000010,40,Rathaus,U,300,59,19.666666666666664
447,4473200000010,50,ehemalige Hauptschule Nord 1,U,396,86,21.71717171717172
447,4473200000010,60,ehemalige Hauptschule Nord 2,U,291,66,22.68041237113402
447,4473200000011,250,Zweibrücken-Briefwahllokal 4,W,472,148,31.35593220338983
447,4473200000011,80,Kindertagesstätte Sonnenschein,U,350,79,22.57142857142857
447,4473200000011,90,Herzog-Wolfgang-Realschule plus - Mozartstraße,U,381,110,28.871391076115486
447,4473200000012,100,Albert-Schweitzer-Schule,U,559,129,23.076923076923077
447,4473200000012,260,Zweibrücken-Briefwahllokal 5,W,420,143,34.04761904761905
447,4473200000013,110,Quartierstreff Neue Mitte,U,520,106,20.384615384615383
447,4473200000013,210,Thomas-Mann-Schule 3,U,404,109,26.980198019801982
447,4473200000013,290,Zweibrücken-Briefwahllokal 8,W,378,111,29.365079365079367
447,4473200000013,300,Zweibrücken-Briefwahllokal 9,W,687,262,38.13682678311499
447,4473200000013,70,Thomas-Mann-Schule 2,U,595,98,16.470588235294116
447,4473200000014,200,Dorfgemeinschaftshaus Mittelbach,U,441,104,23.582766439909296
447,4473200000014,330,Zweibrücken-Briefwahllokal 12,W,427,149,34.894613583138174
447,4473200000015,180,Dorfgemeinschaftshaus Mörsbach,U,287,70,24.390243902439025
447,4473200000015,310,Zweibrücken-Briefwahllokal 10,W,202,58,28.71287128712871
447,4473200000016,120,Hilgardschule,U,467,86,18.41541755888651
447,4473200000016,130,Grundschule Sechsmorgen,U,500,107,21.4
447,4473200000016,340,Zweibrücken-Briefwahllokal 13,W,684,173,25.292397660818715
447,4473200000017,170,Dorfgemeinschaftshaus Oberauerbach,U,339,73,21.533923303834808
447,4473200000017,320,Zweibrücken-Briefwahllokal 11,W,294,83,28.2312925170068
447,4473200000018,160,Kultushalle Rimschweiler,U,503,133,26.44135188866799
447,4473200000018,270,Zweibrücken-Briefwahllokal 6,W,377,100,26.525198938992045
447,4473200000019,190,Dorfgemeinschaftshaus Wattweiler,U,195,48,24.615384615384617
447,4473200000019,280,Zweibrücken-Briefwahllokal 7,W,227,69,30.396475770925107
447,4473400601200,101,Geiselberg,U,460,134,29.130434782608695
447,4473400601500,201,Heltersberg,U,1236,406,32.847896440129446
447,4473400601600,301,Hermersberg,U,1114,441,39.587073608617594
447,4473400602200,401,Höheinöd,U,703,177,25.177809388335703
447,4473400602500,501,Horbach,U,337,120,35.60830860534125
447,4473400604400,601,Schmalenberg,U,526,127,24.14448669201521
447,4473400605000,701,Steinalben,U,212,73,34.43396226415094
447,4473400605400,801,Waldfischbach-Burgalben,U,960,279,29.062500000000004
447,4473400605400,802,Waldfischbach-Burgalben,U,843,256,30.36773428232503
447,4473400605400,803,Waldfischbach-Burgalben,U,712,253,35.53370786516854
447,4473400820100,101,Althornbach,U,405,89,21.975308641975307
447,4473400820200,101,Battweiler,U,402,81,20.149253731343283
447,4473400820300,101,Bechhofen,U,591,197,33.33333333333333
447,4473400820300,102,Bechhofen,U,588,192,32.6530612244898
447,4473400820600,101,Contwig,U,800,280,35.0
447,4473400820600,102,Contwig,U,750,246,32.800000000000004
447,4473400820600,103,Contwig,U,617,210,34.0356564019449
447,4473400820600,201,Contwig,U,596,196,32.88590604026846
447,4473400820700,101,Dellfeld,U,404,87,21.534653465346533
447,4473400820700,102,Dellfeld,U,411,101,24.574209245742093
447,4473400820800,101,Dietrichingen,U,196,79,40.30612244897959
447,4473400820900,101,Großbundenbach,U,186,57,30.64516129032258
447,4473400821000,101,Großsteinhausen,U,349,94,26.93409742120344
447,4473400821100,101,"Hornbach,St",U,442,121,27.37556561085973
447,4473400821100,102,"Hornbach,St",U,411,91,22.14111922141119
447,4473400821200,101,Käshofen,U,375,91,24.266666666666666
447,4473400821300,101,Kleinbundenbach,U,253,71,28.063241106719367
447,4473400821400,101,Kleinsteinhausen,U,428,138,32.242990654205606
447,4473400821800,101,Mauschbach,U,208,45,21.634615384615387
447,4473400822100,101,Riedelberg,U,252,77,30.555555555555557
447,4473400822300,101,Rosenkopf,U,231,68,29.43722943722944
447,4473400822600,101,Walshausen,U,186,48,25.806451612903224
447,4473400822700,101,Wiesbach,U,282,86,30.49645390070922
447,4473400901700,101,Herschberg,U,481,113,23.492723492723496
447,4473400901800,101,Hettenhausen,U,133,44,33.08270676691729
447,4473400902300,101,Höheischweiler,U,459,100,21.78649237472767
447,4473400902400,101,Höhfröschen,U,540,136,25.185185185185183
447,4473400903500,101,Nünschweiler,U,402,130,32.33830845771145
447,4473400903700,101,Petersberg,U,507,183,36.09467455621302
447,4473400904100,101,Saalstadt,U,193,74,38.34196891191709
447,4473400904200,101,Schauerberg,U,136,49,36.029411764705884
447,4473400905100,101,Thaleischw.-Fröschen,U,710,189,26.619718309859152
447,4473400905100,102,Thaleischw.-Fröschen,U,539,170,31.539888682745826
447,4473400905100,103,Thaleischw.-Fröschen,U,431,101,23.4338747099768
447,4473400905500,101,Weselberg,U,349,129,36.96275071633238
447,4473400905500,102,Weselberg,U,334,158,47.30538922155689
447,4473400905500,103,Weselberg,U,180,94,52.22222222222223
447,4473400920400,101,Biedershausen,U,131,52,39.69465648854962
447,4473400921500,101,Knopp-Labach,U,266,116,43.609022556390975
447,4473400921600,101,Krähenberg,U,96,26,27.083333333333332
447,4473400921700,101,Maßweiler,U,634,241,38.01261829652997
447,4473400921900,101,Obernheim-Kirchenarnb.,U,590,226,38.30508474576271
447,4473400921900,102,Obernheim-Kirchenarnb.,U,276,36,13.043478260869565
447,4473400922000,101,Reifenberg,U,504,175,34.72222222222222
447,4473400922200,101,Rieschweiler-Mühlbach,U,700,166,23.714285714285715
447,4473400922200,102,Rieschweiler-Mühlbach,U,446,100,22.421524663677133
447,4473400922400,101,Schmitshausen,U,235,100,42.5531914893617
447,4473400922500,101,Wallhalben,U,545,216,39.633027522935784
447,4473400922800,101,Winterbach (Pfalz),U,277,56,20.216606498194945
448,4483170000021,1,Sportheim Rot-Weiß,U,250,42,16.8
448,4483170000021,10,Hugo-Ball-Gymnasium,U,172,42,24.418604651162788
448,4483170000021,11,Kirchbergschule 1,U,454,64,14.096916299559473
448,4483170000021,12,Kirchbergschule 2,U,419,66,15.75178997613365
448,4483170000021,13,Seniorenhaus Johanna Stein,U,203,33,16.25615763546798
448,4483170000021,14,Klosterhof,U,268,45,16.791044776119403
448,4483170000021,15,Haus der Diakonie,U,316,60,18.9873417721519
448,4483170000021,16,Matzenbergschule,U,367,53,14.441416893732969
448,4483170000021,17,Kita Maria-Theresien-Straße 1,U,296,35,11.824324324324325
448,4483170000021,18,Kita Maria-Theresien-Straße 2,U,382,55,14.397905759162304
448,4483170000021,19,CVJM Haus,U,479,87,18.16283924843424
448,4483170000021,2,Sommerwaldschule,U,342,78,22.807017543859647
448,4483170000021,20,Wohnanlage Blumenstraße,U,264,51,19.318181818181817
448,4483170000021,21,Husterhöhschule,U,486,87,17.901234567901234
448,4483170000021,3,Markuskirche,U,346,78,22.54335260115607
448,4483170000021,4,Lutherkirche,U,162,26,16.049382716049383
448,4483170000021,5,Leibniz-Gymnasium,U,474,103,21.729957805907173
448,4483170000021,6,Landgraf-Ludwig-Realschule plus,U,157,19,12.101910828025478
448,4483170000021,7,Carolinensaal,U,349,80,22.922636103151863
448,4483170000021,74,Briefwahl 4,W,239,79,33.054393305439326
448,4483170000021,75,Briefwahl 5,W,249,66,26.506024096385545
448,4483170000021,77,Briefwahl 7,W,269,86,31.970260223048324
448,4483170000021,78,Briefwahl 8,W,432,132,30.555555555555557
448,4483170000021,79,Briefwahl 9,W,376,99,26.329787234042552
448,4483170000021,8,Immanuel-Kant-Gymnasium,U,500,87,17.4
448,4483170000021,80,Briefwahl 10,W,471,135,28.662420382165603
448,4483170000021,81,Briefwahl 11,W,477,179,37.526205450733755
448,4483170000021,82,Briefwahl 12,W,399,135,33.83458646616541
448,4483170000021,83,Briefwahl 13,W,484,141,29.132231404958674
448,4483170000021,84,Briefwahl 14,W,373,121,32.43967828418231
448,4483170000021,85,Briefwahl 15,W,470,176,37.4468085106383
448,4483170000021,86,Briefwahl 16,W,425,142,33.411764705882355
448,4483170000021,87,Briefwahl 17,W,391,121,30.946291560102303
448,4483170000021,9,Schule Ruhbank,U,606,208,34.32343234323432
448,4483170000022,22,Mehrzweckhalle Erlenbrunn,U,479,139,29.018789144050107
448,4483170000022,72,Briefwahl 2,W,421,127,30.16627078384798
448,4483170000023,23,Merzweckhalle Fehrbach,U,401,138,34.413965087281795
448,4483170000023,73,Briefwahl 3,W,368,154,41.84782608695652
448,4483170000024,24,Sportheim Hengsberg,U,198,69,34.84848484848485
448,4483170000025,25,Ehemalige Schule Niedersimten,U,312,52,16.666666666666664
448,4483170000026,26,Schule Winzeln,U,543,160,29.46593001841621
448,4483170000026,71,Briefwahl 1,W,543,169,31.123388581952117
448,4483170000027,27,Mehrzweckhalle Gersbach,U,459,157,34.20479302832244
448,4483170000027,76,Briefwahl 6,W,423,128,30.260047281323878
448,4483170000028,28,Sängerhalle Windsberg,U,233,50,21.45922746781116
448,4483400100100,1,Bobenthal,U,193,65,33.67875647668394
448,4483400100200,1,Busenberg,U,721,161,22.330097087378643
448,4483400100400,1,"Dahn,St",U,1211,439,36.25103220478943
448,4483400100400,2,"Dahn,St",U,1304,451,34.58588957055215
448,4483400100900,1,Erfweiler,U,769,279,36.28088426527958
448,4483400101000,1,Erlenbach bei Dahn,U,217,60,27.64976958525346
448,4483400101100,1,Fischbach bei Dahn I,U,729,259,35.5281207133059
448,4483400101100,2,Fischbach bei Dahn II,U,127,35,27.559055118110237
448,4483400102100,1,Hirschthal,U,52,9,17.307692307692307
448,4483400102900,1,Ludwigswinkel,U,459,143,31.154684095860567
448,4483400103300,1,Niederschlettenbach,U,170,44,25.882352941176475
448,4483400103400,1,Nothweiler,U,92,25,27.173913043478258
448,4483400103900,1,Rumbach,U,256,51,19.921875
448,4483400104300,1,Schindhard,U,336,93,27.67857142857143
448,4483400104500,1,Schönau (Pfalz) I,U,198,77,38.88888888888889
448,4483400104500,2,Schönau (Pfalz) II,U,63,16,25.396825396825395
448,4483400150100,1,Bruchweiler-Bärenbach,U,970,346,35.670103092783506
448,4483400150200,1,Bundenthal,U,636,190,29.874213836477985
448,4483400200500,101,Darstein,U,121,23,19.00826446280992
448,4483400200600,201,Dimbach,U,111,11,9.90990990990991
448,4483400201400,301,Hauenstein,U,1294,504,38.94899536321484
448,4483400201400,302,Hauenstein,U,1052,364,34.60076045627377
448,4483400202000,401,Hinterweidenthal,U,410,119,29.024390243902438
448,4483400202000,402,Hinterweidenthal,U,471,150,31.84713375796178
448,4483400203000,501,Lug,U,326,98,30.061349693251532
448,4483400204700,601,Schwanheim,U,359,115,32.03342618384401
448,4483400204900,701,Spirkelbach,U,447,78,17.449664429530202
448,4483400205700,801,Wilgartswiesen,U,502,96,19.12350597609562
448,4483400205700,802,Wilgartswiesen,U,65,18,27.692307692307693
448,4483400300800,201,Eppenbrunn I,U,340,113,33.23529411764706
448,4483400300800,202,Eppenbrunn II,U,379,112,29.551451187335093
448,4483400301900,301,Hilst,U,189,61,32.27513227513227
448,4483400302600,401,Kröppen,U,427,131,30.679156908665107
448,4483400302800,501,Lemberg I,U,555,119,21.44144144144144
448,4483400302800,502,Lemberg II,U,507,99,19.526627218934912
448,4483400302800,503,Lemberg III,U,587,116,19.761499148211243
448,4483400302800,504,Lemberg-Salzwoog,U,126,35,27.77777777777778
448,4483400302800,505,Lemberg-Langmühle,U,161,24,14.906832298136646
448,4483400302800,506,Lemberg-Glashütte/Kettrichhof/Rodalberhof,U,176,40,22.727272727272727
448,4483400303600,601,Obersimten,U,405,140,34.5679012345679
448,4483400304000,701,Ruppertsweiler,U,896,251,28.013392857142854
448,4483400304800,801,Schweix,U,200,68,34.0
448,4483400305200,901,Trulben,U,450,163,36.22222222222222
448,4483400305200,902,Trulben-Hochstellerhof/Felsenbrunnerhof,U,250,65,26.0
448,4483400305300,1001,Vinningen,U,973,343,35.25179856115108
448,4483400320500,101,Bottenbach,U,461,128,27.765726681127983
448,4483400400300,101,Clausen,U,836,352,42.10526315789473
448,4483400400700,101,Donsieders,U,566,167,29.50530035335689
448,4483400402700,101,Leimen,U,575,187,32.52173913043478
448,4483400403100,101,Merzalben,U,754,253,33.55437665782494
448,4483400403200,101,Münchweiler a.d.Rodalb,U,669,229,34.23019431988042
448,4483400403200,102,Münchweiler a.d.Rodalb,U,953,352,36.93599160545645
448,4483400403800,101,"Rodalben,St",U,434,125,28.80184331797235
448,4483400403800,102,"Rodalben,St",U,518,175,33.78378378378378
448,4483400403800,103,"Rodalben,St",U,767,305,39.765319426336376
448,4483400403800,104,"Rodalben,St",U,479,174,36.32567849686848
448,4483400403800,105,"Rodalben,St",U,441,123,27.89115646258503
448,4483400403800,106,"Rodalben,St",U,285,92,32.280701754385966
448,4483400403800,107,"Rodalben,St",U,643,251,39.0357698289269
449,4493340400400,111,Erlenbach bei Kandel,U,421,75,17.81472684085511
449,4493340400500,112,Freckenfeld 1,U,421,72,17.102137767220903
449,4493340400500,113,Freckenfeld 2,U,449,92,20.489977728285076
449,4493340401300,101,"Kandel, Entdecker",U,494,109,22.06477732793522
449,4493340401300,102,"Kandel, Willi-Hussong-Haus",U,507,150,29.585798816568047
449,4493340401300,103,"Kandel, Stadthalle",U,446,90,20.179372197309416
449,4493340401300,104,"Kandel, Bienwaldhalle",U,383,96,25.06527415143603
449,4493340401300,105,"Kandel, Pestalozzistraße",U,469,94,20.042643923240938
449,4493340401300,106,"Kandel, Minderslachen",U,189,25,13.227513227513226
449,4493340401300,107,Briefwahl 1,W,1081,240,22.201665124884364
449,4493340401300,108,Briefwahl 2,W,1095,366,33.42465753424658
449,4493340402000,114,Minfeld,U,986,267,27.079107505070994
449,4493340403000,115,Steinweiler Bürgerhaus,U,628,185,29.458598726114648
449,4493340403000,116,Steinweiler Grundschule,U,626,158,25.23961661341853
449,4493340403100,117,Vollmersweiler,U,131,29,22.137404580152673
449,4493340403400,118,Winden,U,615,153,24.878048780487806
449,4493370100100,1,Albersweiler,U,599,126,21.03505843071786
449,4493370100100,2,Albersweiler,W,490,148,30.20408163265306
449,4493370101700,1,Dernbach,U,246,46,18.69918699186992
449,4493370102400,1,Eußerthal,U,498,126,25.301204819277107
449,4493370103300,1,Gossersweiler-Stein,U,774,215,27.77777777777778
449,4493370105400,1,Münchweiler am Klingbach,U,125,22,17.599999999999998
449,4493370106400,1,Ramberg,U,529,133,25.14177693761815
449,4493370106700,1,Rinnthal,U,371,53,14.285714285714285
449,4493370107400,1,Silz,U,413,105,25.423728813559322
449,4493370107800,1,Völkersweiler,U,344,96,27.906976744186046
449,4493370108000,1,Waldhambach,U,221,67,30.316742081447963
449,4493370108100,1,Waldrohrbach,U,219,64,29.22374429223744
449,4493370108300,1,Wernersberg,U,644,197,30.59006211180124
449,4493370150100,1,"Annweiler am Trifels,St",U,567,140,24.691358024691358
449,4493370150100,2,"Annweiler am Trifels,St",U,606,139,22.937293729372936
449,4493370150100,3,"Annweiler am Trifels,St",U,662,161,24.3202416918429
449,4493370150100,4,"Annweiler am Trifels,St",U,836,219,26.19617224880383
449,4493370150100,5,"Annweiler am Trifels,St",U,182,39,21.428571428571427
449,4493370150100,6,"Annweiler am Trifels,St",U,83,15,18.072289156626507
449,4493370150100,7,"Annweiler am Trifels,St",U,331,80,24.169184290030213
449,4493370150100,8,"Annweiler am Trifels,St",U,277,60,21.660649819494584
449,4493370200500,101,"Bad Bergzabern, 101",U,1114,211,18.940754039497307
449,4493370200500,102,"Bad Bergzabern, 102",U,1185,301,25.400843881856538
449,4493370200500,103,"Bad Bergzabern, 103",U,1236,296,23.948220064724918
449,4493370200500,201,"Bad Bergzabern, Blankenborn (201)",U,96,33,34.375
449,4493370200600,101,Barbelroth,U,405,87,21.48148148148148
449,4493370200800,101,Birkenhördt,U,370,124,33.513513513513516
449,4493370201300,101,Böllenborn,U,138,37,26.811594202898554
449,4493370201800,101,Dierbach,U,395,73,18.48101265822785
449,4493370201900,101,Dörrenbach,U,522,115,22.03065134099617
449,4493370202900,101,Gleiszellen-Gleishorbach,U,536,150,27.985074626865668
449,4493370203700,101,Hergersweiler,U,150,20,13.333333333333334
449,4493370204500,101,Kapellen-Drusweiler,U,583,143,24.528301886792452
449,4493370204600,101,Kapsweyer,U,591,131,22.165820642978005
449,4493370204900,101,Klingenmünster,U,1357,318,23.434045689019896
449,4493370205500,101,Niederhorbach,U,282,61,21.631205673758867
449,4493370205600,101,Niederotterbach,U,218,53,24.31192660550459
449,4493370205800,101,Oberhausen,U,266,46,17.293233082706767
449,4493370205900,101,Oberotterbach,U,694,159,22.910662824207492
449,4493370206000,101,Oberschlettenbach,U,77,16,20.77922077922078
449,4493370206200,101,Pleisweiler-Oberhofen,U,490,126,25.71428571428571
449,4493370207100,101,Schweigen-Rechtenbach,U,900,199,22.11111111111111
449,4493370207200,101,Schweighofen,U,378,134,35.44973544973545
449,4493370207600,101,Steinfeld,U,1098,306,27.86885245901639
449,4493370207900,101,Vorderweidenthal,U,370,42,11.351351351351353
449,4493370403800,101,Herxheim bei Landau/Pf.,U,1144,429,37.5
449,4493370403800,102,Herxheim bei Landau/Pf.,U,1054,369,35.009487666034154
449,4493370403800,103,Herxheim bei Landau/Pf.,U,1057,380,35.950804162724694
449,4493370403800,104,Herxheim bei Landau/Pf.,U,1072,370,34.51492537313433
449,4493370403800,105,Herxheim bei Landau/Pf.,U,1065,367,34.460093896713616
449,4493370403800,201,Herxheim bei Landau/Pf. (Hayna),U,775,286,36.90322580645161
449,4493370403900,101,Herxheimweyher,U,332,104,31.32530120481928
449,4493370404400,101,Insheim,U,1294,297,22.952086553323028
449,4493370406800,101,Rohrbach,U,1041,223,21.421709894332373
449,4493370500700,101,Billigheim-Ingenheim,U,977,186,19.037871033776867
449,4493370500700,201,Billigheim-Ingenheim,U,1338,236,17.638266068759343
449,4493370500900,101,Birkweiler,U,484,151,31.198347107438018
449,4493370501200,101,Böchingen,U,439,101,23.006833712984054
449,4493370502200,101,Eschbach,U,393,135,34.35114503816794
449,4493370502600,101,Frankweiler,U,581,139,23.924268502581754
449,4493370503100,101,Göcklingen,U,506,150,29.64426877470356
449,4493370504000,101,Heuchelheim-Klingen,U,292,92,31.506849315068493
449,4493370504000,201,Heuchelheim-Klingen,U,213,35,16.431924882629108
449,4493370504200,101,Ilbesheim bei Landau (Pfalz),U,697,192,27.546628407460545
449,4493370504300,101,Impflingen,U,613,129,21.04404567699837
449,4493370505000,101,Knöringen,U,305,86,28.196721311475407
449,4493370505100,101,Leinsweiler,U,320,87,27.187499999999996
449,4493370506500,101,Ranschbach,U,364,134,36.81318681318682
449,4493370507300,101,Siebeldingen,U,666,142,21.32132132132132
449,4493370508200,101,Walsheim,U,358,133,37.150837988826815
450,4503130000001,101,Turnhalle 101 Queichheim,U,521,113,21.689059500959694
450,4503130000001,102,Turnhalle 102 Queichheim 2,U,400,73,18.25
450,4503130000001,92,"Landau in der Pfalz, Briefwahl VIII",W,786,237,30.15267175572519
450,4503130000002,201,Dorfgem.-Haus Mörlheim,U,314,90,28.662420382165603
450,4503130000002,93,"Landau in der Pfalz, Briefwahl IX",W,290,88,30.344827586206897
450,4503130000003,301,Dorfgem.-Haus Arzheim,U,453,120,26.490066225165563
450,4503130000003,94,"Landau in der Pfalz, Briefwahl X",W,465,158,33.97849462365591
450,4503130000004,401,Turnhalle Dammheim,U,392,94,23.97959183673469
450,4503130000004,95,"Landau in der Pfalz, Briefwahl XI",W,250,74,29.599999999999998
450,4503130000005,501,"Dorfgemeinschaftshaus, großer Saal, Godramstein",U,406,95,23.39901477832512
450,4503130000005,502,"Dorfgemeinschaftshaus, kleiner Saal, Godramstein",U,435,93,21.379310344827587
450,4503130000005,96,"Landau in der Pfalz, Briefwahl XII",W,748,201,26.8716577540107
450,4503130000006,601,Dorfgemeinschaftshaus Mörzheim,U,404,104,25.742574257425744
450,4503130000006,97,"Landau in der Pfalz, Briefwahl XIII",W,292,78,26.71232876712329
450,4503130000007,701,Turn- und Festhalle Nußdorf,U,473,133,28.118393234672308
450,4503130000007,98,"Landau in der Pfalz, Briefwahl XIV",W,441,169,38.32199546485261
450,4503130000008,801,Dorfgemeinschaftshaus Wollmesheim,U,292,71,24.315068493150687
450,4503130000008,99,"Landau in der Pfalz, Briefwahl XV",W,229,61,26.637554585152838
450,4503130000009,1,Kinderhaus am Fort,U,452,130,28.761061946902654
450,4503130000009,10,Entsorgungs- und Wirtschaftsbetrieb (EWL),U,795,179,22.51572327044025
450,4503130000009,11,Grundschule Süd,U,564,65,11.52482269503546
450,4503130000009,12,Haus am Westbahnhof,U,525,104,19.80952380952381
450,4503130000009,13,"Grundschule Wollmesheimer Höhe, Mehrzweckraum 013",U,646,145,22.445820433436534
450,4503130000009,14,"Grundschule Wollmesheimer Höhe, Mehrzweckraum 014",U,690,160,23.18840579710145
450,4503130000009,15,Eduard-Spranger-Gymnasium,U,456,89,19.517543859649123
450,4503130000009,16,"Landau, Grundschule Horstring",U,476,85,17.857142857142858
450,4503130000009,17,"Paul-Moor-Schule, Foyer",U,477,86,18.029350104821802
450,4503130000009,2,Berufsbildende Schule Saal V6,U,409,51,12.469437652811736
450,4503130000009,3,Berufsbildende Schule Saal V7,U,509,96,18.860510805500983
450,4503130000009,4,"Max-Slevogt-Gymnasium, Saal 05",U,525,120,22.857142857142858
450,4503130000009,5,Otto-Hahn-Gymnasium,U,540,70,12.962962962962962
450,4503130000009,6,Stadtbibliothek,U,730,136,18.63013698630137
450,4503130000009,7,Haus der Familie Treffpunkt Familie,U,415,55,13.253012048192772
450,4503130000009,8,"DRK Kreisverband, Lehrsaal EG",U,541,57,10.536044362292053
450,4503130000009,85,"Landau in der Pfalz, Briefwahl I",W,1218,302,24.794745484400657
450,4503130000009,86,"Landau in der Pfalz, Briefwahl II",W,1215,259,21.316872427983537
450,4503130000009,87,"Landau in der Pfalz, Briefwahl III",W,1209,327,27.04714640198511
450,4503130000009,88,"Landau in der Pfalz, Briefwahl IV",W,1247,252,20.208500400962308
450,4503130000009,89,"Landau in der Pfalz, Briefwahl V",W,1216,315,25.904605263157894
450,4503130000009,9,Maria-Ward-Schule,U,577,83,14.384748700173311
450,4503130000009,90,"Landau in der Pfalz, Briefwahl VI",W,1219,288,23.625922887612795
450,4503130000009,91,"Landau in der Pfalz, Briefwahl VII",W,677,170,25.11078286558346
450,4503370300200,101,Altdorf,U,567,139,24.514991181657848
450,4503370301100,101,Böbingen,U,473,160,33.82663847780127
450,4503370301500,101,Burrweiler,U,506,187,36.95652173913043
450,4503370302000,101,"Edenkoben,St",U,627,158,25.199362041467303
450,4503370302000,102,"Edenkoben,St",U,767,245,31.94263363754889
450,4503370302000,103,"Edenkoben,St",U,649,151,23.26656394453005
450,4503370302000,104,"Edenkoben,St",U,665,188,28.270676691729324
450,4503370302000,105,"Edenkoben,St",U,610,138,22.62295081967213
450,4503370302100,101,Edesheim,U,746,268,35.924932975871315
450,4503370302100,102,Edesheim,U,724,285,39.364640883977906
450,4503370302500,101,Flemlingen,U,253,95,37.54940711462451
450,4503370302700,101,Freimersheim (Pfalz),U,631,170,26.94136291600634
450,4503370302800,101,Gleisweiler,U,389,122,31.362467866323907
450,4503370303200,101,Gommersheim,U,975,228,23.384615384615383
450,4503370303500,101,Großfischlingen,U,387,135,34.883720930232556
450,4503370303600,101,Hainfeld,U,557,222,39.85637342908438
450,4503370304800,101,Kleinfischlingen,U,216,71,32.870370370370374
450,4503370306600,101,Rhodt unter Rietburg,U,690,205,29.71014492753623
450,4503370306900,101,Roschbach,U,533,201,37.71106941838649
450,4503370307700,101,Venningen,U,583,190,32.59005145797599
450,4503370308400,101,Weyher in der Pfalz,U,374,138,36.898395721925134
450,4503370604700,1,Kirrweiler (Pfalz),U,1218,426,34.97536945812808
450,4503370605200,1,Maikammer,U,952,329,34.55882352941176
450,4503370605200,2,Maikammer,U,1704,640,37.558685446009385
450,4503370607000,1,Sankt Martin,U,1002,438,43.712574850299404
451,4513340000701,101,Germersheim / Stadthaus Kolpingplatz,U,320,67,20.9375
451,4513340000701,102,Germersheim / Aula Berufsbildende Schule 1,U,412,72,17.475728155339805
451,4513340000701,103,Germersheim / Aula Berufsbildende Schule 2,U,479,92,19.206680584551147
451,4513340000701,104,Germersheim / Sporthalle der EOS 1,U,460,116,25.217391304347824
451,4513340000701,105,Germersheim / Sporthalle der EOS 2,U,448,104,23.214285714285715
451,4513340000701,106,Germersheim / Sporthalle der EOS 3,U,481,80,16.632016632016633
451,4513340000701,107,Germersheim / Sporthalle der GSS 1,U,395,84,21.265822784810126
451,4513340000701,108,Germersheim / Sporthalle der GSS 2,U,439,121,27.5626423690205
451,4513340000701,109,Germersheim / Sporthalle der GSS 3,U,380,89,23.42105263157895
451,4513340000701,110,Germersheim / Sporthalle der Nardini Schule 1,U,426,65,15.258215962441316
451,4513340000701,111,Germersheim / Sporthalle der Nardini Schule 2,U,359,50,13.92757660167131
451,4513340000702,201,Sondernheim / Tulla Halle 1,U,415,101,24.337349397590362
451,4513340000702,202,Sondernheim / Tulla Halle 2,U,468,133,28.418803418803417
451,4513340000702,203,Sondernheim / Sporthalle der GTS 1,U,501,110,21.956087824351297
451,4513340000702,204,Sondernheim / Sporthalle der GTS 2,U,535,167,31.21495327102804
451,4513340100100,1,Bellheim,U,1023,262,25.61094819159335
451,4513340100100,2,Bellheim,U,1286,374,29.082426127527217
451,4513340100100,3,Bellheim,U,1221,330,27.027027027027028
451,4513340100100,4,Bellheim,U,1147,371,32.34524847428073
451,4513340101400,1,Knittelsheim,U,585,183,31.28205128205128
451,4513340102300,1,Ottersheim bei Landau,U,1200,400,33.33333333333333
451,4513340103600,1,Zeiskam,U,1183,299,25.274725274725274
451,4513340500600,101,Freisbach,U,615,164,26.666666666666668
451,4513340501700,101,Lingenfeld,U,772,221,28.62694300518135
451,4513340501700,102,Lingenfeld,U,694,162,23.34293948126801
451,4513340501700,103,Lingenfeld,U,797,163,20.451693851944793
451,4513340501700,104,Lingenfeld,U,754,199,26.392572944297083
451,4513340501800,101,Lustadt,U,793,181,22.82471626733922
451,4513340501800,102,Lustadt,U,870,176,20.229885057471265
451,4513340502800,101,Schwegenheim,U,715,177,24.755244755244753
451,4513340502800,102,Schwegenheim,U,928,241,25.969827586206897
451,4513340503200,101,Weingarten (Pfalz),U,925,250,27.027027027027028
451,4513340503300,101,Westheim (Pfalz),U,995,185,18.592964824120603
451,4513370701400,101,Storchenzentrum Bornheim,U,936,319,34.08119658119658
451,4513370702300,102,Grundschule Essingen,U,1266,344,27.17219589257504
451,4513370704100,103,Hainbachschule Hochstadt - Turnhalle,U,1370,385,28.102189781021895
451,4513370706100,104,Grundschule Offenbach - Schulsporthalle,U,1209,365,30.190239867659223
451,4513370706100,105,Turn- und Festhalle Offenbach,U,1289,353,27.3855702094647
451,4513370706100,106,Rathaus Offenbach,U,979,292,29.826353421859043
452,4523340050101,101,Stadt Wörth am Rhein | Wörth-Sporthalle Dammschule,U,381,91,23.88451443569554
452,4523340050101,102,Stadt Wörth am Rhein | Wörth-Bayerischer Hof,U,335,72,21.492537313432834
452,4523340050101,103,Stadt Wörth am Rhein | Wörth-Bienwaldhalle,U,324,80,24.691358024691358
452,4523340050101,104,"Stadt Wörth am Rhein | Wörth-GS Dorschberg, Gymnastikraum",U,304,66,21.710526315789476
452,4523340050101,105,Stadt Wörth am Rhein | Wörth-Rathaus EG,U,412,121,29.36893203883495
452,4523340050101,106,Stadt Wörth am Rhein | Wörth-Rathaus UG,U,325,55,16.923076923076923
452,4523340050101,501,Stadt Wörth am Rhein | Wörth-Briefwahl 1,W,611,164,26.841243862520457
452,4523340050101,502,Stadt Wörth am Rhein | Wörth-Briefwahl 2,W,268,69,25.74626865671642
452,4523340050101,503,Stadt Wörth am Rhein | Wörth-Briefwahl 3,W,536,193,36.007462686567166
452,4523340050101,540,Stadt Wörth am Rhein | Wörth-Briefwahl 4,W,435,149,34.25287356321839
452,4523340050102,201,"Stadt Wörth am Rhein | Maximiliansau-Rheinhalle, Gymnastikhalle",U,337,61,18.100890207715135
452,4523340050102,202,Stadt Wörth am Rhein | Maximiliansau-Alte Schule,U,297,70,23.56902356902357
452,4523340050102,203,Stadt Wörth am Rhein | Maximiliansau-Rheinhalle 1,U,424,117,27.594339622641513
452,4523340050102,204,Stadt Wörth am Rhein | Maximiliansau-Rheinhalle 2,U,330,72,21.818181818181817
452,4523340050102,205,Stadt Wörth am Rhein | Maximiliansau-Tullahalle,U,327,74,22.629969418960243
452,4523340050102,505,Stadt Wörth am Rhein | Maximiliansau-Briefwahl 5,W,464,141,30.387931034482758
452,4523340050102,506,Stadt Wörth am Rhein | Maximiliansau-Briefwahl 6,W,413,135,32.68765133171913
452,4523340050102,507,Stadt Wörth am Rhein | Maximiliansau-Briefwahl 7,W,457,129,28.227571115973742
452,4523340050103,301,Stadt Wörth am Rhein | Schaidt-Bürgerhaus,U,538,150,27.881040892193308
452,4523340050103,508,Stadt Wörth am Rhein | Schaidt-Briefwahl 6,W,607,200,32.948929159802304
452,4523340050104,401,Stadt Wörth am Rhein | Büchelberg-Rathaus,U,299,104,34.78260869565217
452,4523340050104,509,Stadt Wörth am Rhein | Büchelberg-Briefwahl 7,W,246,102,41.46341463414634
452,4523340200200,1101,Berg (Pfalz) I,U,1093,351,32.11344922232388
452,4523340200800,2101,Hagenbach I,U,877,312,35.57582668187001
452,4523340200800,2102,Hagenbach II,U,868,284,32.71889400921659
452,4523340200800,2103,Hagenbach III,U,842,270,32.066508313539195
452,4523340202100,3101,Neuburg I,U,1505,445,29.568106312292358
452,4523340202700,4101,Scheibenhardt I,U,366,144,39.34426229508197
452,4523340300900,101,Hatzenbühl,U,793,268,33.79571248423707
452,4523340300900,102,Hatzenbühl,U,781,225,28.809218950064018
452,4523340301200,201,Jockgrim,U,997,257,25.77733199598796
452,4523340301200,202,Jockgrim,U,924,269,29.11255411255411
452,4523340301200,203,Jockgrim,U,917,269,29.334787350054526
452,4523340301200,204,Jockgrim,U,1047,350,33.42884431709647
452,4523340302200,301,Neupotz,U,1122,490,43.672014260249554
452,4523340302400,401,Rheinzabern,U,833,251,30.132052821128454
452,4523340302400,402,Rheinzabern,U,913,250,27.38225629791895
452,4523340302400,403,Rheinzabern,U,1048,346,33.01526717557252
452,4523340601100,101,Hördt,U,717,208,29.009762900976288
452,4523340601100,102,Hördt,U,727,239,32.874828060522695
452,4523340601500,201,Kuhardt,U,603,245,40.6301824212272
452,4523340601500,202,Kuhardt,U,576,247,42.88194444444444
452,4523340601600,301,Leimersheim,U,535,188,35.14018691588785
452,4523340601600,302,Leimersheim,U,536,183,34.14179104477612
452,4523340601600,303,Leimersheim,U,531,170,32.015065913371
452,4523340602500,401,Rülzheim,U,688,177,25.726744186046513
452,4523340602500,402,Rülzheim,U,810,279,34.44444444444444
452,4523340602500,403,Rülzheim,U,707,222,31.400282885431402
452,4523340602500,404,Rülzheim,U,756,215,28.439153439153444
452,4523340602500,405,Rülzheim,U,673,206,30.60921248142645
452,4523340602500,406,Rülzheim,U,836,282,33.73205741626794
