row_id,code,level_group,label,preliminary_label,preliminary_voters_total,final_voters_total,delta_voters_total,preliminary_valid_second,final_valid_second,delta_valid_second,preliminary_cdu_second_votes,final_cdu_second_votes,delta_cdu_second_votes,preliminary_cdu_second_share_percent,final_cdu_second_share_percent,delta_cdu_second_share_pp,preliminary_total_precincts,preliminary_reported_precincts,preliminary_last_changed
0,LD,LAND,Rheinland-Pfalz,Rheinland-Pfalz,2047098,2046542,-556,2028183,2028230,47,627909,627954,45,30.959188593928655,30.960689862589547,0.0015012686608919523,4692,4692,2026-03-22 22:36:10
1110000000,KS,KREIS_ODER_STADT,"Koblenz, Kreisfreie Stadt","Koblenz, Kreisfreie Stadt",50003,50005,2,49665,49679,14,15365,15366,1,30.937279774489078,30.93057428692204,-0.006705487567035817,122,122,2026-03-22 20:34:10
1310000000,LK,KREIS_ODER_STADT,"Ahrweiler, Landkreis","Ahrweiler, Landkreis",66326,66316,-10,65724,65721,-3,25965,25965,0,39.50611648712799,39.50791984297257,0.0018033558445793574,145,145,2026-03-22 22:02:16
1320000000,LK,KREIS_ODER_STADT,"Altenkirchen, Landkreis","Altenkirchen, Landkreis",64411,64352,-59,63895,63895,0,22486,22486,0,35.19211205884655,35.19211205884655,0.0,170,170,2026-03-22 20:39:45
1330000000,LK,KREIS_ODER_STADT,"Bad Kreuznach, Landkreis","Bad Kreuznach, Landkreis",79602,79580,-22,78814,78816,2,24030,24030,0,30.489506940391305,30.488733252131546,-0.0007736882597590977,160,160,2026-03-22 22:32:34
1370000000,LK,KREIS_ODER_STADT,"Mayen-Koblenz, Landkreis","Mayen-Koblenz, Landkreis",107692,107720,28,106724,106758,34,37484,37534,50,35.1223717251977,35.15802094456622,0.03564921936851562,219,219,2026-03-22 22:36:10
1380000000,LK,KREIS_ODER_STADT,"Neuwied, Landkreis","Neuwied, Landkreis",85946,85928,-18,85243,85245,2,28755,28755,0,33.73297514165386,33.7321837057892,-0.0007914358646630149,195,195,2026-03-22 21:22:20
1400000000,LK,KREIS_ODER_STADT,"Rhein-Hunsrück-Kreis, Landkreis","Rhein-Hunsrück-Kreis, Landkreis",57414,57396,-18,56800,56798,-2,19053,19053,0,33.54401408450704,33.545195253353995,0.0011811688469549608,195,195,2026-03-22 21:01:20
1410000000,LK,KREIS_ODER_STADT,"Rhein-Lahn-Kreis, Landkreis","Rhein-Lahn-Kreis, Landkreis",63518,63463,-55,62879,62880,1,18580,18580,0,29.548815979897896,29.548346055979646,-0.00046992391824929314,179,179,2026-03-22 21:40:50
1430000000,LK,KREIS_ODER_STADT,"Westerwaldkreis, Landkreis","Westerwaldkreis, Landkreis",105433,105420,-13,104587,104588,1,36731,36731,0,35.12004360006502,35.11970780586683,-0.00033579419818607903,247,247,2026-03-22 21:25:02
2110000000,KS,KREIS_ODER_STADT,"Trier, Kreisfreie Stadt","Trier, Kreisfreie Stadt",48267,48179,-88,47876,47876,0,13311,13311,0,27.803074609407634,27.803074609407634,0.0,115,115,2026-03-22 21:19:04
2310000000,LK,KREIS_ODER_STADT,"Bernkastel-Wittlich, Landkreis","Bernkastel-Wittlich, Landkreis",59448,59398,-50,58815,58815,0,22638,22638,0,38.49018107625606,38.49018107625606,0.0,158,158,2026-03-22 21:07:35
2350000000,LK,KREIS_ODER_STADT,"Trier-Saarburg, Landkreis","Trier-Saarburg, Landkreis",79213,79180,-33,78399,78399,0,28530,28529,-1,36.39077029043738,36.389494763963825,-0.001275526473555999,177,177,2026-03-22 21:24:46
3120000000,KS,KREIS_ODER_STADT,"Kaiserslautern, Kreisfreie Stadt","Kaiserslautern, Kreisfreie Stadt",41483,41489,6,41162,41162,0,9092,9092,0,22.088333900199213,22.088333900199213,0.0,86,86,2026-03-22 20:54:33
3140000000,KS,KREIS_ODER_STADT,"Ludwigshafen am Rhein, Kreisfreie Stadt","Ludwigshafen am Rhein, Kreisfreie Stadt",51102,51102,0,50601,50600,-1,12623,12622,-1,24.94614730934171,24.944664031620555,-0.0014832777211566395,145,145,2026-03-22 20:38:23
3150000000,KS,KREIS_ODER_STADT,"Mainz, Kreisfreie Stadt","Mainz, Kreisfreie Stadt",105920,105920,0,105426,105423,-3,25291,25298,7,23.989338493350786,23.996661070164954,0.007322576814168258,199,199,2026-03-22 21:19:56
3310000000,LK,KREIS_ODER_STADT,"Alzey-Worms, Landkreis","Alzey-Worms, Landkreis",70893,70815,-78,70191,70193,2,18258,18258,0,26.01188186519639,26.011140712036813,-0.0007411531595771237,128,128,2026-03-22 21:26:26
3320000000,LK,KREIS_ODER_STADT,"Bad Dürkheim, Landkreis","Bad Dürkheim, Landkreis",75755,75755,0,75109,75118,9,22384,22384,0,29.80202106272218,29.798450437977582,-0.0035706247445972394,108,108,2026-03-22 22:18:48
3340000000,LK,KREIS_ODER_STADT,"Germersheim, Landkreis","Germersheim, Landkreis",64813,64813,0,64252,64253,1,18047,18047,0,28.087841623607048,28.08740447916829,-0.0004371444387594181,100,100,2026-03-22 22:00:28
3350000000,LK,KREIS_ODER_STADT,"Kaiserslautern, Landkreis","Kaiserslautern, Landkreis",54632,54632,0,54160,54160,0,15182,15182,0,28.03175775480059,28.03175775480059,0.0,106,106,2026-03-22 20:45:33
3370000000,LK,KREIS_ODER_STADT,"Südliche Weinstraße, Landkreis","Südliche Weinstraße, Landkreis",64323,64316,-7,63695,63695,0,17972,17972,0,28.215715519271527,28.215715519271527,0.0,101,101,2026-03-22 20:55:52
3380000000,LK,KREIS_ODER_STADT,"Rhein-Pfalz-Kreis, Landkreis","Rhein-Pfalz-Kreis, Landkreis",82028,82014,-14,81400,81397,-3,25072,25068,-4,30.8009828009828,30.797203828150916,-0.003778972831884886,104,104,2026-03-22 21:41:42
3390000000,LK,KREIS_ODER_STADT,"Mainz-Bingen, Landkreis","Mainz-Bingen, Landkreis",114655,114646,-9,113538,113534,-4,34482,34473,-9,30.37044866036041,30.36359152324414,-0.006857137116270451,232,232,2026-03-22 21:46:51
3400000000,LK,KREIS_ODER_STADT,"Südwestpfalz, Landkreis","Südwestpfalz, Landkreis",55814,55814,0,55222,55223,1,17303,17303,0,31.333526493064355,31.332959093131485,-0.0005673999328692503,118,118,2026-03-22 21:02:43
1000000000000,BZ,BEZIRK,Bezirk 1,Bezirk 1,543329,543204,-125,538717,538766,49,185366,185417,51,34.40878977273782,34.41512641851936,0.0063366457815376975,1277,1277,2026-03-22 22:36:10
1010000000000,WK,WAHLKREIS,"Betzdorf / Kirchen (Sieg), Wahlkreis","Betzdorf / Kirchen (Sieg), Wahlkreis",41993,41954,-39,41640,41641,1,15196,15196,0,36.493756003842456,36.49287961384213,-0.0008763900003287972,96,96,2026-03-22 21:31:06
1011320000000,TK,WAHLKREIS_TEIL,"Altenkirchen (Ww.), Teilkreis","Altenkirchen (Ww.), Teilkreis",33380,33340,-40,33101,33101,0,12288,12288,0,37.12274553638863,37.12274553638863,0.0,69,69,2026-03-22 20:39:45
1011320300000,VG,KOMMUNE,"Daaden-Herdorf, VG","Daaden-Herdorf, VG",8955,8953,-2,8882,8882,0,2728,2728,0,30.713803197478047,30.713803197478047,0.0,20,20,2026-03-22 20:02:37
1011320301800,GD,KOMMUNE,Daaden,Daaden,2200,2200,0,2184,2184,0,559,559,0,25.595238095238095,25.595238095238095,0.0,4,4,2026-03-22 20:02:37
1011320301900,GD,KOMMUNE,Derschen,Derschen,468,468,0,462,462,0,129,129,0,27.92207792207792,27.92207792207792,0.0,1,1,2026-03-22 18:49:21
1011320302600,GD,KOMMUNE,Emmerzhausen,Emmerzhausen,351,351,0,348,348,0,113,113,0,32.4712643678161,32.4712643678161,0.0,1,1,2026-03-22 19:16:11
1011320303600,GD,KOMMUNE,Friedewald,Friedewald,569,569,0,560,560,0,159,159,0,28.392857142857142,28.392857142857142,0.0,1,1,2026-03-22 18:57:09
1011320305000,GD,KOMMUNE,"Herdorf, Stadt","Herdorf, Stadt",3200,3199,-1,3182,3182,0,1211,1211,0,38.05782526712759,38.05782526712759,0.0,7,7,2026-03-22 19:17:42
1011320306800,GD,KOMMUNE,Mauden,Mauden,75,75,0,74,74,0,20,20,0,27.027027027027028,27.027027027027028,0.0,1,1,2026-03-22 18:27:35
1011320307500,GD,KOMMUNE,Niederdreisbach,Niederdreisbach,515,514,-1,506,506,0,119,119,0,23.517786561264824,23.517786561264824,0.0,1,1,2026-03-22 19:04:49
1011320307900,GD,KOMMUNE,Nisterberg,Nisterberg,220,220,0,217,217,0,65,65,0,29.953917050691242,29.953917050691242,0.0,1,1,2026-03-22 19:08:15
1011320310100,GD,KOMMUNE,Schutzbach,Schutzbach,191,191,0,190,190,0,44,44,0,23.157894736842106,23.157894736842106,0.0,1,1,2026-03-22 18:47:12
1011320311300,GD,KOMMUNE,Weitefeld,Weitefeld,1166,1166,0,1159,1159,0,309,309,0,26.660914581535806,26.660914581535806,0.0,2,2,2026-03-22 19:51:09
1011320700000,VG,KOMMUNE,"Kirchen (Sieg), VG","Kirchen (Sieg), VG",11486,11467,-19,11392,11392,0,4138,4138,0,36.32373595505618,36.32373595505618,0.0,23,23,2026-03-22 20:37:37
1011320701200,GD,KOMMUNE,Brachbach,Brachbach,1231,1231,0,1219,1219,0,445,445,0,36.50533223954061,36.50533223954061,0.0,3,3,2026-03-22 19:20:27
1011320703700,GD,KOMMUNE,Friesenhagen,Friesenhagen,859,859,0,856,856,0,371,371,0,43.3411214953271,43.3411214953271,0.0,2,2,2026-03-22 20:01:19
1011320704500,GD,KOMMUNE,Harbach,Harbach,319,319,0,317,317,0,101,101,0,31.861198738170348,31.861198738170348,0.0,1,1,2026-03-22 19:19:23
1011320706300,GD,KOMMUNE,Kirchen (Sieg),Kirchen (Sieg),4207,4207,0,4183,4183,0,1553,1553,0,37.126464260100406,37.126464260100406,0.0,8,8,2026-03-22 20:37:37
1011320707200,GD,KOMMUNE,Mudersbach,Mudersbach,2588,2588,0,2566,2566,0,781,781,0,30.436477007014812,30.436477007014812,0.0,5,5,2026-03-22 20:29:10
1011320707600,GD,KOMMUNE,Niederfischbach,Niederfischbach,2282,2263,-19,2251,2251,0,887,887,0,39.40470901821413,39.40470901821413,0.0,4,4,2026-03-22 20:26:04
1011320900000,VG,KOMMUNE,"Betzdorf-Gebhardshain, VG","Betzdorf-Gebhardshain, VG",12939,12920,-19,12827,12827,0,5422,5422,0,42.27021127309582,42.27021127309582,0.0,26,26,2026-03-22 20:39:45
1011320900200,GD,KOMMUNE,Alsdorf,Alsdorf,759,759,0,753,753,0,300,300,0,39.8406374501992,39.8406374501992,0.0,1,1,2026-03-22 19:17:49
1011320900600,GD,KOMMUNE,Betzdorf,Betzdorf,4024,4011,-13,3982,3982,0,1593,1593,0,40.00502260170769,40.00502260170769,0.0,10,10,2026-03-22 20:08:58
1011320902000,GD,KOMMUNE,Dickendorf,Dickendorf,197,197,0,195,195,0,73,73,0,37.43589743589744,37.43589743589744,0.0,1,1,2026-03-22 19:10:41
1011320902400,GD,KOMMUNE,Elben,Elben,199,199,0,198,198,0,70,70,0,35.35353535353536,35.35353535353536,0.0,1,1,2026-03-22 18:51:16
1011320902500,GD,KOMMUNE,Elkenroth,Elkenroth,1018,1018,0,1011,1011,0,468,468,0,46.29080118694362,46.29080118694362,0.0,1,1,2026-03-22 19:45:49
1011320903000,GD,KOMMUNE,Fensdorf,Fensdorf,260,260,0,257,257,0,116,116,0,45.13618677042802,45.13618677042802,0.0,1,1,2026-03-22 18:51:33
1011320903900,GD,KOMMUNE,Gebhardshain,Gebhardshain,1040,1040,0,1039,1039,0,498,498,0,47.93070259865255,47.93070259865255,0.0,1,1,2026-03-22 19:43:03
1011320904200,GD,KOMMUNE,Grünebach,Grünebach,286,286,0,286,286,0,120,120,0,41.95804195804196,41.95804195804196,0.0,1,1,2026-03-22 18:36:33
1011320905900,GD,KOMMUNE,Kausen,Kausen,430,430,0,429,429,0,204,204,0,47.55244755244755,47.55244755244755,0.0,1,1,2026-03-22 19:14:54
1011320906600,GD,KOMMUNE,Malberg,Malberg,659,656,-3,653,653,0,280,280,0,42.87901990811638,42.87901990811638,0.0,1,1,2026-03-22 19:19:34
1011320907100,GD,KOMMUNE,Molzhain,Molzhain,316,313,-3,312,312,0,135,135,0,43.269230769230774,43.269230769230774,0.0,1,1,2026-03-22 20:01:02
1011320907300,GD,KOMMUNE,Nauroth,Nauroth,608,608,0,599,599,0,240,240,0,40.06677796327212,40.06677796327212,0.0,1,1,2026-03-22 20:39:45
1011320909500,GD,KOMMUNE,Rosenheim (Landkreis Altenkirchen),Rosenheim (Landkreis Altenkirchen),442,442,0,438,438,0,191,191,0,43.60730593607306,43.60730593607306,0.0,1,1,2026-03-22 19:12:50
1011320909800,GD,KOMMUNE,Scheuerfeld,Scheuerfeld,1076,1076,0,1060,1060,0,450,450,0,42.45283018867924,42.45283018867924,0.0,1,1,2026-03-22 19:29:53
1011320910700,GD,KOMMUNE,Steinebach (Sieg),Steinebach (Sieg),653,653,0,650,650,0,248,248,0,38.15384615384615,38.15384615384615,0.0,1,1,2026-03-22 19:49:21
1011320910800,GD,KOMMUNE,Steineroth,Steineroth,292,292,0,291,291,0,104,104,0,35.738831615120276,35.738831615120276,0.0,1,1,2026-03-22 18:48:25
1011320911100,GD,KOMMUNE,Wallmenroth,Wallmenroth,680,680,0,674,674,0,332,332,0,49.25816023738873,49.25816023738873,0.0,1,1,2026-03-22 20:05:22
1011430000000,TK,WAHLKREIS_TEIL,"Westerwaldkreis, Teilkreis","Westerwaldkreis, Teilkreis",8613,8614,1,8539,8540,1,2908,2908,0,34.055510012882074,34.05152224824356,-0.003987764638516467,27,27,2026-03-22 21:25:02
1011430600000,VG,KOMMUNE,"Rennerod, VG","Rennerod, VG",8613,8614,1,8539,8540,1,2908,2908,0,34.055510012882074,34.05152224824356,-0.003987764638516467,27,27,2026-03-22 21:25:02
1011430621400,GD,KOMMUNE,Bretthausen,Bretthausen,110,110,0,109,109,0,32,32,0,29.357798165137616,29.357798165137616,0.0,1,1,2026-03-22 18:39:24
1011430621800,GD,KOMMUNE,Elsoff (Westerwald),Elsoff (Westerwald),533,533,0,531,531,0,178,178,0,33.52165725047081,33.52165725047081,0.0,1,1,2026-03-22 19:16:12
1011430623700,GD,KOMMUNE,Hellenhahn-Schellenberg,Hellenhahn-Schellenberg,764,764,0,755,755,0,262,262,0,34.70198675496688,34.70198675496688,0.0,1,1,2026-03-22 21:25:02
1011430624400,GD,KOMMUNE,Homberg,Homberg,110,111,1,108,109,1,19,19,0,17.59259259259259,17.431192660550458,-0.16139993204213354,1,1,2026-03-22 18:42:41
1011430624500,GD,KOMMUNE,Hüblingen,Hüblingen,168,168,0,166,166,0,42,42,0,25.301204819277107,25.301204819277107,0.0,1,1,2026-03-22 18:41:17
1011430624600,GD,KOMMUNE,Irmtraut,Irmtraut,396,396,0,394,394,0,157,157,0,39.847715736040605,39.847715736040605,0.0,1,1,2026-03-22 19:44:38
1011430625600,GD,KOMMUNE,Liebenscheid,Liebenscheid,416,416,0,414,414,0,126,126,0,30.434782608695656,30.434782608695656,0.0,2,2,2026-03-22 19:24:15
1011430627100,GD,KOMMUNE,Neunkirchen,Neunkirchen,317,317,0,316,316,0,113,113,0,35.75949367088608,35.75949367088608,0.0,1,1,2026-03-22 19:14:00
1011430627200,GD,KOMMUNE,Neustadt (Westerwald),Neustadt (Westerwald),322,322,0,318,318,0,132,132,0,41.509433962264154,41.509433962264154,0.0,1,1,2026-03-22 19:01:21
1011430627400,GD,KOMMUNE,Niederroßbach,Niederroßbach,355,355,0,354,354,0,94,94,0,26.55367231638418,26.55367231638418,0.0,1,1,2026-03-22 18:55:31
1011430627800,GD,KOMMUNE,Nister-Möhrendorf,Nister-Möhrendorf,175,175,0,174,174,0,57,57,0,32.758620689655174,32.758620689655174,0.0,1,1,2026-03-22 19:08:54
1011430628200,GD,KOMMUNE,Oberrod,Oberrod,361,361,0,354,354,0,128,128,0,36.15819209039548,36.15819209039548,0.0,1,1,2026-03-22 18:51:24
1011430628300,GD,KOMMUNE,Oberroßbach,Oberroßbach,176,176,0,175,175,0,36,36,0,20.57142857142857,20.57142857142857,0.0,1,1,2026-03-22 18:48:43
1011430628500,GD,KOMMUNE,Rehe,Rehe,445,445,0,438,438,0,145,145,0,33.10502283105023,33.10502283105023,0.0,1,1,2026-03-22 18:56:56
1011430628600,GD,KOMMUNE,Rennerod,Rennerod,1885,1885,0,1872,1872,0,644,644,0,34.401709401709404,34.401709401709404,0.0,4,4,2026-03-22 19:22:52
1011430629100,GD,KOMMUNE,Salzburg,Salzburg,121,121,0,121,121,0,47,47,0,38.84297520661157,38.84297520661157,0.0,1,1,2026-03-22 18:45:10
1011430629200,GD,KOMMUNE,Seck,Seck,583,583,0,576,576,0,209,209,0,36.28472222222222,36.28472222222222,0.0,1,1,2026-03-22 19:27:56
1011430629500,GD,KOMMUNE,Stein-Neukirch,Stein-Neukirch,245,245,0,245,245,0,79,79,0,32.244897959183675,32.244897959183675,0.0,1,1,2026-03-22 18:46:42
1011430630200,GD,KOMMUNE,Waigandshain,Waigandshain,105,105,0,104,104,0,30,30,0,28.846153846153843,28.846153846153843,0.0,1,1,2026-03-22 18:43:57
1011430630300,GD,KOMMUNE,Waldmühlen,Waldmühlen,171,171,0,169,169,0,69,69,0,40.828402366863905,40.828402366863905,0.0,1,1,2026-03-22 19:03:45
1011430630900,GD,KOMMUNE,Westernohe,Westernohe,496,496,0,493,493,0,225,225,0,45.63894523326572,45.63894523326572,0.0,1,1,2026-03-22 19:07:29
1011430631100,GD,KOMMUNE,Willingen,Willingen,152,152,0,149,149,0,46,46,0,30.87248322147651,30.87248322147651,0.0,1,1,2026-03-22 18:31:35
1011430631500,GD,KOMMUNE,Zehnhausen bei Rennerod,Zehnhausen bei Rennerod,207,207,0,204,204,0,38,38,0,18.627450980392158,18.627450980392158,0.0,1,1,2026-03-22 19:06:00
1020000000000,WK,WAHLKREIS,"Altenkirchen (Westerwald), Wahlkreis","Altenkirchen (Westerwald), Wahlkreis",31031,31012,-19,30794,30794,0,10198,10198,0,33.116840943040856,33.116840943040856,0.0,101,101,2026-03-22 20:42:32
1021320000000,TK,WAHLKREIS_TEIL,"Altenkirchen (Ww.), Teilkreis","Altenkirchen (Ww.), Teilkreis",31031,31012,-19,30794,30794,0,10198,10198,0,33.116840943040856,33.116840943040856,0.0,101,101,2026-03-22 20:33:14
1021320600000,VG,KOMMUNE,"Hamm (Sieg), VG","Hamm (Sieg), VG",5799,5799,0,5754,5754,0,1517,1517,0,26.364268335071255,26.364268335071255,0.0,13,13,2026-03-22 19:54:10
1021320600700,GD,KOMMUNE,Birkenbeul,Birkenbeul,258,258,0,257,257,0,64,64,0,24.90272373540856,24.90272373540856,0.0,1,1,2026-03-22 19:11:25
1021320601000,GD,KOMMUNE,Bitzen,Bitzen,437,437,0,431,431,0,93,93,0,21.57772621809745,21.57772621809745,0.0,1,1,2026-03-22 19:09:37
1021320601300,GD,KOMMUNE,Breitscheidt,Breitscheidt,472,472,0,467,467,0,124,124,0,26.552462526766597,26.552462526766597,0.0,1,1,2026-03-22 19:13:02
1021320601400,GD,KOMMUNE,Bruchertseifen,Bruchertseifen,358,358,0,355,355,0,82,82,0,23.098591549295776,23.098591549295776,0.0,1,1,2026-03-22 19:29:49
1021320602800,GD,KOMMUNE,Etzbach,Etzbach,573,573,0,570,570,0,156,156,0,27.368421052631582,27.368421052631582,0.0,1,1,2026-03-22 19:51:59
1021320603400,GD,KOMMUNE,Forst,Forst,306,306,0,303,303,0,85,85,0,28.052805280528055,28.052805280528055,0.0,1,1,2026-03-22 19:00:35
1021320603800,GD,KOMMUNE,Fürthen,Fürthen,595,595,0,589,589,0,139,139,0,23.599320882852293,23.599320882852293,0.0,1,1,2026-03-22 19:19:20
1021320604400,GD,KOMMUNE,Hamm (Sieg),Hamm (Sieg),1309,1309,0,1300,1300,0,362,362,0,27.846153846153847,27.846153846153847,0.0,2,2,2026-03-22 19:54:10
1021320607700,GD,KOMMUNE,Niederirsen,Niederirsen,52,52,0,50,50,0,7,7,0,14.000000000000002,14.000000000000002,0.0,1,1,2026-03-22 18:45:49
1021320609100,GD,KOMMUNE,Pracht,Pracht,713,713,0,708,708,0,185,185,0,26.129943502824858,26.129943502824858,0.0,1,1,2026-03-22 19:39:20
1021320609600,GD,KOMMUNE,Roth,Roth,654,654,0,652,652,0,208,208,0,31.901840490797547,31.901840490797547,0.0,1,1,2026-03-22 19:22:29
1021320610200,GD,KOMMUNE,Seelbach bei Hamm (Sieg),Seelbach bei Hamm (Sieg),72,72,0,72,72,0,12,12,0,16.666666666666664,16.666666666666664,0.0,1,1,2026-03-22 18:39:26
1021320800000,VG,KOMMUNE,"Wissen, VG","Wissen, VG",7514,7514,0,7467,7467,0,3126,3126,0,41.864202490960224,41.864202490960224,0.0,19,19,2026-03-22 19:41:11
1021320800800,GD,KOMMUNE,Birken-Honigsessen,Birken-Honigsessen,1482,1482,0,1470,1470,0,678,678,0,46.12244897959184,46.12244897959184,0.0,4,4,2026-03-22 19:16:24
1021320801100,GD,KOMMUNE,Mittelhof,Mittelhof,544,544,0,541,541,0,222,222,0,41.0351201478743,41.0351201478743,0.0,1,1,2026-03-22 19:19:57
1021320805400,GD,KOMMUNE,Hövels,Hövels,253,253,0,251,251,0,70,70,0,27.88844621513944,27.88844621513944,0.0,1,1,2026-03-22 19:41:11
1021320808000,GD,KOMMUNE,Katzwinkel (Sieg),Katzwinkel (Sieg),1030,1030,0,1026,1026,0,388,388,0,37.8167641325536,37.8167641325536,0.0,2,2,2026-03-22 19:34:56
1021320810500,GD,KOMMUNE,Selbach (Sieg),Selbach (Sieg),451,451,0,443,443,0,229,229,0,51.69300225733634,51.69300225733634,0.0,1,1,2026-03-22 19:00:21
1021320811700,GD,KOMMUNE,Wissen,Wissen,3754,3754,0,3736,3736,0,1539,1539,0,41.19379014989293,41.19379014989293,0.0,10,10,2026-03-22 19:37:35
1021321000000,VG,KOMMUNE,"Altenkirchen-Flammersfeld, VG","Altenkirchen-Flammersfeld, VG",17718,17699,-19,17573,17573,0,5555,5555,0,31.61099413873556,31.61099413873556,0.0,69,69,2026-03-22 20:33:14
1021321000100,GD,KOMMUNE,Almersbach,Almersbach,193,193,0,191,191,0,50,50,0,26.17801047120419,26.17801047120419,0.0,1,1,2026-03-22 18:45:30
1021321000400,GD,KOMMUNE,Bachenberg,Bachenberg,54,54,0,54,54,0,7,7,0,12.962962962962962,12.962962962962962,0.0,1,1,2026-03-22 18:40:53
1021321000500,GD,KOMMUNE,Berzhausen,Berzhausen,115,115,0,114,114,0,19,19,0,16.666666666666664,16.666666666666664,0.0,1,1,2026-03-22 19:19:38
1021321000900,GD,KOMMUNE,Birnbach,Birnbach,330,330,0,329,329,0,124,124,0,37.68996960486322,37.68996960486322,0.0,1,1,2026-03-22 20:33:14
1021321001500,GD,KOMMUNE,Bürdenbach,Bürdenbach,282,282,0,281,281,0,82,82,0,29.181494661921707,29.181494661921707,0.0,1,1,2026-03-22 19:24:46
1021321001600,GD,KOMMUNE,Burglahr,Burglahr,259,256,-3,255,255,0,92,92,0,36.07843137254902,36.07843137254902,0.0,1,1,2026-03-22 18:53:35
1021321001700,GD,KOMMUNE,Busenhausen,Busenhausen,186,185,-1,185,185,0,59,59,0,31.891891891891895,31.891891891891895,0.0,1,1,2026-03-22 19:28:34
1021321002200,GD,KOMMUNE,Eichelhardt,Eichelhardt,286,286,0,281,281,0,76,76,0,27.046263345195733,27.046263345195733,0.0,1,1,2026-03-22 18:49:44
1021321002300,GD,KOMMUNE,Eichen,Eichen,282,282,0,282,282,0,96,96,0,34.04255319148936,34.04255319148936,0.0,1,1,2026-03-22 18:56:34
1021321002700,GD,KOMMUNE,Ersfeld,Ersfeld,47,47,0,47,47,0,8,8,0,17.02127659574468,17.02127659574468,0.0,1,1,2026-03-22 18:31:43
1021321002900,GD,KOMMUNE,Eulenberg,Eulenberg,,,0,,,0,,,0,,,,0,0,2026-03-22 19:14:27
1021321003100,GD,KOMMUNE,Fiersbach,Fiersbach,153,151,-2,150,150,0,51,51,0,34.0,34.0,0.0,1,1,2026-03-22 19:16:47
1021321003200,GD,KOMMUNE,Flammersfeld,Flammersfeld,626,625,-1,617,617,0,192,192,0,31.118314424635336,31.118314424635336,0.0,1,1,2026-03-22 19:05:13
1021321003300,GD,KOMMUNE,Fluterschen,Fluterschen,336,336,0,333,333,0,106,106,0,31.83183183183183,31.83183183183183,0.0,1,1,2026-03-22 19:39:57
1021321003500,GD,KOMMUNE,Forstmehren,Forstmehren,93,93,0,93,93,0,27,27,0,29.03225806451613,29.03225806451613,0.0,1,1,2026-03-22 19:32:09
1021321004000,GD,KOMMUNE,Gieleroth,Gieleroth,391,391,0,383,383,0,87,87,0,22.715404699738905,22.715404699738905,0.0,1,1,2026-03-22 19:06:25
1021321004100,GD,KOMMUNE,Giershausen,Giershausen,69,69,0,68,68,0,14,14,0,20.588235294117645,20.588235294117645,0.0,1,1,2026-03-22 18:34:16
1021321004300,GD,KOMMUNE,Güllesheim,Güllesheim,414,415,1,413,413,0,151,151,0,36.56174334140436,36.56174334140436,0.0,1,1,2026-03-22 20:03:23
1021321004600,GD,KOMMUNE,Hasselbach,Hasselbach,144,144,0,144,144,0,41,41,0,28.47222222222222,28.47222222222222,0.0,1,1,2026-03-22 19:09:19
1021321004700,GD,KOMMUNE,Helmenzen,Helmenzen,423,423,0,421,421,0,163,163,0,38.71733966745843,38.71733966745843,0.0,1,1,2026-03-22 19:38:35
1021321004800,GD,KOMMUNE,Helmeroth,Helmeroth,133,132,-1,132,132,0,37,37,0,28.030303030303028,28.030303030303028,0.0,1,1,2026-03-22 19:46:01
1021321004900,GD,KOMMUNE,Hemmelzen,Hemmelzen,157,157,0,155,155,0,41,41,0,26.451612903225808,26.451612903225808,0.0,1,1,2026-03-22 19:33:40
1021321005100,GD,KOMMUNE,Heupelzen,Heupelzen,146,146,0,144,144,0,51,51,0,35.41666666666667,35.41666666666667,0.0,1,1,2026-03-22 19:05:04
1021321005200,GD,KOMMUNE,Hilgenroth,Hilgenroth,192,192,0,191,191,0,35,35,0,18.32460732984293,18.32460732984293,0.0,1,1,2026-03-22 19:07:29
1021321005300,GD,KOMMUNE,Hirz-Maulsbach,Hirz-Maulsbach,167,167,0,166,166,0,80,80,0,48.19277108433735,48.19277108433735,0.0,1,1,2026-03-22 18:58:44
1021321005500,GD,KOMMUNE,Horhausen (Westerwald),Horhausen (Westerwald),1076,1076,0,1075,1075,0,416,416,0,38.69767441860465,38.69767441860465,0.0,1,1,2026-03-22 19:37:16
1021321005600,GD,KOMMUNE,Idelberg,Idelberg,40,40,0,40,40,0,10,10,0,25.0,25.0,0.0,1,1,2026-03-22 18:41:19
1021321005700,GD,KOMMUNE,Ingelbach,Ingelbach,292,292,0,291,291,0,59,59,0,20.274914089347078,20.274914089347078,0.0,1,1,2026-03-22 19:27:10
1021321005800,GD,KOMMUNE,Isert,Isert,75,75,0,75,75,0,17,17,0,22.666666666666664,22.666666666666664,0.0,1,1,2026-03-22 18:35:42
1021321006000,GD,KOMMUNE,Kescheid,Kescheid,92,92,0,88,88,0,25,25,0,28.40909090909091,28.40909090909091,0.0,1,1,2026-03-22 18:42:55
1021321006100,GD,KOMMUNE,Kettenhausen,Kettenhausen,159,159,0,158,158,0,54,54,0,34.177215189873415,34.177215189873415,0.0,1,1,2026-03-22 19:01:59
1021321006200,GD,KOMMUNE,Kircheib,Kircheib,282,282,0,282,282,0,83,83,0,29.432624113475175,29.432624113475175,0.0,1,1,2026-03-22 18:43:09
1021321006400,GD,KOMMUNE,Kraam,Kraam,94,94,0,92,92,0,27,27,0,29.347826086956523,29.347826086956523,0.0,1,1,2026-03-22 18:33:10
1021321006500,GD,KOMMUNE,Krunkel,Krunkel,336,336,0,335,335,0,135,135,0,40.298507462686565,40.298507462686565,0.0,1,1,2026-03-22 19:41:13
1021321006700,GD,KOMMUNE,Mammelzen,Mammelzen,448,448,0,445,445,0,119,119,0,26.741573033707866,26.741573033707866,0.0,1,1,2026-03-22 19:48:31
1021321006900,GD,KOMMUNE,Mehren,Mehren,247,247,0,247,247,0,74,74,0,29.959514170040485,29.959514170040485,0.0,1,1,2026-03-22 19:20:30
1021321007000,GD,KOMMUNE,Michelbach (Westerwald),Michelbach (Westerwald),267,267,0,265,265,0,87,87,0,32.83018867924528,32.83018867924528,0.0,1,1,2026-03-22 19:03:32
1021321007800,GD,KOMMUNE,Niedersteinebach,Niedersteinebach,100,99,-1,99,99,0,33,33,0,33.33333333333333,33.33333333333333,0.0,1,1,2026-03-22 19:31:33
1021321008100,GD,KOMMUNE,Obererbach (Westerwald),Obererbach (Westerwald),298,298,0,298,298,0,80,80,0,26.845637583892618,26.845637583892618,0.0,1,1,2026-03-22 18:57:30
1021321008200,GD,KOMMUNE,Oberirsen,Oberirsen,323,323,0,321,321,0,83,83,0,25.85669781931464,25.85669781931464,0.0,1,1,2026-03-22 19:00:48
1021321008300,GD,KOMMUNE,Oberlahr,Oberlahr,441,441,0,439,439,0,205,205,0,46.69703872437358,46.69703872437358,0.0,1,1,2026-03-22 19:17:57
1021321008500,GD,KOMMUNE,Obersteinebach,Obersteinebach,138,138,0,136,136,0,48,48,0,35.294117647058826,35.294117647058826,0.0,1,1,2026-03-22 19:35:52
1021321008600,GD,KOMMUNE,Oberwambach,Oberwambach,210,208,-2,207,207,0,59,59,0,28.502415458937197,28.502415458937197,0.0,1,1,2026-03-22 19:07:26
1021321008700,GD,KOMMUNE,Ölsen,Ölsen,53,53,0,53,53,0,12,12,0,22.641509433962266,22.641509433962266,0.0,1,1,2026-03-22 18:22:56
1021321008800,GD,KOMMUNE,Orfgen,Orfgen,134,134,0,133,133,0,34,34,0,25.563909774436087,25.563909774436087,0.0,1,1,2026-03-22 19:53:49
1021321008900,GD,KOMMUNE,Peterslahr,Peterslahr,203,203,0,202,202,0,70,70,0,34.65346534653465,34.65346534653465,0.0,1,1,2026-03-22 19:16:45
1021321009000,GD,KOMMUNE,Pleckhausen,Pleckhausen,515,515,0,513,513,0,181,181,0,35.28265107212476,35.28265107212476,0.0,1,1,2026-03-22 19:23:16
1021321009200,GD,KOMMUNE,Racksen,Racksen,94,94,0,94,94,0,37,37,0,39.361702127659576,39.361702127659576,0.0,1,1,2026-03-22 18:53:05
1021321009300,GD,KOMMUNE,Reiferscheid,Reiferscheid,237,237,0,235,235,0,62,62,0,26.382978723404253,26.382978723404253,0.0,1,1,2026-03-22 19:18:10
1021321009400,GD,KOMMUNE,Rettersen,Rettersen,173,173,0,172,172,0,58,58,0,33.72093023255814,33.72093023255814,0.0,1,1,2026-03-22 19:14:38
1021321009700,GD,KOMMUNE,Rott,Rott,203,203,0,201,201,0,58,58,0,28.855721393034827,28.855721393034827,0.0,1,1,2026-03-22 19:34:42
1021321009900,GD,KOMMUNE,Schöneberg,Schöneberg,181,181,0,181,181,0,31,31,0,17.12707182320442,17.12707182320442,0.0,1,1,2026-03-22 19:30:02
1021321010000,GD,KOMMUNE,Schürdt,Schürdt,158,158,0,158,158,0,38,38,0,24.050632911392405,24.050632911392405,0.0,1,1,2026-03-22 19:25:56
1021321010300,GD,KOMMUNE,Seelbach (Westerwald),Seelbach (Westerwald),164,164,0,162,162,0,41,41,0,25.308641975308642,25.308641975308642,0.0,1,1,2026-03-22 19:15:43
1021321010400,GD,KOMMUNE,Seifen,Seifen,86,86,0,86,86,0,24,24,0,27.906976744186046,27.906976744186046,0.0,1,1,2026-03-22 18:34:53
1021321010600,GD,KOMMUNE,Sörth,Sörth,119,119,0,114,114,0,28,28,0,24.561403508771928,24.561403508771928,0.0,1,1,2026-03-22 19:19:00
1021321010900,GD,KOMMUNE,Stürzelbach,Stürzelbach,137,137,0,134,134,0,39,39,0,29.1044776119403,29.1044776119403,0.0,1,1,2026-03-22 19:25:05
1021321011000,GD,KOMMUNE,Volkerzen,Volkerzen,45,45,0,45,45,0,14,14,0,31.11111111111111,31.11111111111111,0.0,1,1,2026-03-22 18:20:28
1021321011200,GD,KOMMUNE,Walterschen,Walterschen,90,90,0,87,87,0,28,28,0,32.18390804597701,32.18390804597701,0.0,1,1,2026-03-22 18:36:25
1021321011400,GD,KOMMUNE,Werkhausen,Werkhausen,133,133,0,130,130,0,29,29,0,22.30769230769231,22.30769230769231,0.0,1,1,2026-03-22 19:47:15
1021321011500,GD,KOMMUNE,Weyerbusch,Weyerbusch,680,680,0,674,674,0,197,197,0,29.22848664688427,29.22848664688427,0.0,1,1,2026-03-22 19:26:56
1021321011600,GD,KOMMUNE,Willroth,Willroth,393,393,0,392,392,0,154,154,0,39.285714285714285,39.285714285714285,0.0,1,1,2026-03-22 19:24:27
1021321011800,GD,KOMMUNE,Wölmersen,Wölmersen,227,227,0,227,227,0,80,80,0,35.24229074889868,35.24229074889868,0.0,1,1,2026-03-22 19:02:28
1021321011900,GD,KOMMUNE,Ziegenhain,Ziegenhain,84,84,0,83,83,0,37,37,0,44.57831325301205,44.57831325301205,0.0,1,1,2026-03-22 18:54:56
1021321020100,GD,KOMMUNE,Berod bei Hachenburg,Berod bei Hachenburg,294,294,0,290,290,0,93,93,0,32.068965517241374,32.068965517241374,0.0,1,1,2026-03-22 19:21:51
1021321050100,GD,KOMMUNE,Altenkirchen (Westerwald),Altenkirchen (Westerwald),2404,2395,-9,2373,2373,0,775,775,0,32.659081331647705,32.659081331647705,0.0,4,4,2026-03-22 19:49:44
1021321050200,GD,KOMMUNE,Neitersen,Neitersen,515,515,0,512,512,0,132,132,0,25.78125,25.78125,0.0,1,1,2026-03-22 19:21:27
1030000000000,WK,WAHLKREIS,"Linz am Rhein / Rengsdorf, Wahlkreis","Linz am Rhein / Rengsdorf, Wahlkreis",46829,46829,0,46474,46476,2,17489,17489,0,37.63179412144425,37.6301747138308,-0.001619407613453916,102,102,2026-03-22 21:11:02
1031380000000,TK,WAHLKREIS_TEIL,"Neuwied, Teilkreis","Neuwied, Teilkreis",46829,46829,0,46474,46476,2,17489,17489,0,37.63179412144425,37.6301747138308,-0.001619407613453916,102,102,2026-03-22 21:09:43
1031380100000,VG,KOMMUNE,"Asbach, VG","Asbach, VG",11623,11623,0,11547,11547,0,4671,4671,0,40.45206547155105,40.45206547155105,0.0,44,44,2026-03-22 21:09:43
1031380100300,GD,KOMMUNE,Asbach,Asbach,3666,3666,0,3640,3640,0,1485,1485,0,40.7967032967033,40.7967032967033,0.0,12,12,2026-03-22 19:52:32
1031380104400,GD,KOMMUNE,Neustadt (Wied),Neustadt (Wied),3327,3327,0,3315,3315,0,1429,1429,0,43.107088989441934,43.107088989441934,0.0,14,14,2026-03-22 19:27:37
1031380107700,GD,KOMMUNE,Windhagen,Windhagen,2232,2232,0,2220,2220,0,885,885,0,39.86486486486486,39.86486486486486,0.0,8,8,2026-03-22 21:09:43
1031380108000,GD,KOMMUNE,Buchholz (Westerwald),Buchholz (Westerwald),2398,2398,0,2372,2372,0,872,872,0,36.76222596964587,36.76222596964587,0.0,10,10,2026-03-22 19:35:19
1031380200000,VG,KOMMUNE,"Bad Hönningen, VG","Bad Hönningen, VG",5521,5521,0,5453,5453,0,1959,1959,0,35.925178800660184,35.925178800660184,0.0,11,11,2026-03-22 19:37:36
1031380200400,GD,KOMMUNE,Bad Hönningen,Bad Hönningen,2579,2579,0,2545,2545,0,904,904,0,35.520628683693516,35.520628683693516,0.0,5,5,2026-03-22 19:37:36
1031380202400,GD,KOMMUNE,Hammerstein,Hammerstein,174,174,0,173,173,0,55,55,0,31.79190751445087,31.79190751445087,0.0,1,1,2026-03-22 18:33:44
1031380203800,GD,KOMMUNE,Leutesdorf,Leutesdorf,870,870,0,856,856,0,312,312,0,36.44859813084112,36.44859813084112,0.0,2,2,2026-03-22 19:11:05
1031380206300,GD,KOMMUNE,Rheinbrohl,Rheinbrohl,1898,1898,0,1879,1879,0,688,688,0,36.615220862160726,36.615220862160726,0.0,3,3,2026-03-22 19:29:18
1031380400000,VG,KOMMUNE,"Linz am Rhein, VG","Linz am Rhein, VG",9498,9498,0,9442,9444,2,3750,3750,0,39.71616183012074,39.70775095298602,-0.008410877134721773,12,12,2026-03-22 21:09:35
1031380400900,GD,KOMMUNE,Dattenberg,Dattenberg,843,843,0,836,836,0,310,310,0,37.08133971291866,37.08133971291866,0.0,1,1,2026-03-22 19:07:29
1031380403700,GD,KOMMUNE,Leubsdorf,Leubsdorf,928,928,0,922,922,0,421,421,0,45.66160520607375,45.66160520607375,0.0,1,1,2026-03-22 19:37:46
1031380404100,GD,KOMMUNE,Linz am Rhein,Linz am Rhein,2838,2838,0,2818,2820,2,1098,1098,0,38.963804116394606,38.93617021276596,-0.02763390362864726,3,3,2026-03-22 21:09:35
1031380405500,GD,KOMMUNE,Ockenfels,Ockenfels,548,548,0,542,542,0,207,207,0,38.191881918819185,38.191881918819185,0.0,1,1,2026-03-22 19:09:07
1031380406800,GD,KOMMUNE,Sankt Katharinen,Sankt Katharinen,1822,1822,0,1811,1811,0,699,699,0,38.59745996686914,38.59745996686914,0.0,2,2,2026-03-22 19:52:32
1031380407500,GD,KOMMUNE,Vettelschoß,Vettelschoß,1795,1795,0,1792,1792,0,742,742,0,41.40625,41.40625,0.0,2,2,2026-03-22 19:55:27
1031380450100,GD,KOMMUNE,Kasbach-Ohlenberg,Kasbach-Ohlenberg,724,724,0,721,721,0,273,273,0,37.86407766990291,37.86407766990291,0.0,2,2,2026-03-22 19:57:42
1031380700000,VG,KOMMUNE,"Unkel, VG","Unkel, VG",6496,6496,0,6432,6432,0,2436,2436,0,37.87313432835821,37.87313432835821,0.0,13,13,2026-03-22 20:54:24
1031380700800,GD,KOMMUNE,Bruchhausen,Bruchhausen,523,523,0,519,519,0,216,216,0,41.61849710982659,41.61849710982659,0.0,1,1,2026-03-22 19:05:32
1031380701900,GD,KOMMUNE,Erpel,Erpel,1344,1344,0,1330,1330,0,541,541,0,40.67669172932331,40.67669172932331,0.0,3,3,2026-03-22 20:16:54
1031380706200,GD,KOMMUNE,Rheinbreitbach,Rheinbreitbach,2233,2233,0,2207,2207,0,822,822,0,37.24512913457182,37.24512913457182,0.0,5,5,2026-03-22 20:54:24
1031380707300,GD,KOMMUNE,Unkel,Unkel,2396,2396,0,2376,2376,0,857,857,0,36.069023569023564,36.069023569023564,0.0,4,4,2026-03-22 20:06:26
1031380900000,VG,KOMMUNE,"Rengsdorf-Waldbreitbach, VG","Rengsdorf-Waldbreitbach, VG",13691,13691,0,13600,13600,0,4673,4673,0,34.36029411764706,34.36029411764706,0.0,22,22,2026-03-22 20:48:57
1031380900200,GD,KOMMUNE,Anhausen,Anhausen,729,729,0,727,727,0,194,194,0,26.68500687757909,26.68500687757909,0.0,1,1,2026-03-22 18:51:32
1031380900500,GD,KOMMUNE,Bonefeld,Bonefeld,462,462,0,458,458,0,128,128,0,27.947598253275107,27.947598253275107,0.0,1,1,2026-03-22 19:10:17
1031380900600,GD,KOMMUNE,Breitscheid,Breitscheid,1127,1127,0,1122,1122,0,370,370,0,32.97682709447415,32.97682709447415,0.0,1,1,2026-03-22 20:48:57
1031380900700,GD,KOMMUNE,Hausen (Wied),Hausen (Wied),897,897,0,887,887,0,347,347,0,39.120631341600905,39.120631341600905,0.0,1,1,2026-03-22 19:49:44
1031380901000,GD,KOMMUNE,Datzeroth,Datzeroth,139,139,0,138,138,0,29,29,0,21.014492753623188,21.014492753623188,0.0,1,1,2026-03-22 18:42:07
1031380901500,GD,KOMMUNE,Ehlscheid,Ehlscheid,770,770,0,765,765,0,230,230,0,30.065359477124183,30.065359477124183,0.0,1,1,2026-03-22 19:40:22
1031380902600,GD,KOMMUNE,Hardert,Hardert,415,415,0,415,415,0,120,120,0,28.915662650602407,28.915662650602407,0.0,1,1,2026-03-22 19:10:17
1031380903000,GD,KOMMUNE,Hümmerich,Hümmerich,411,411,0,409,409,0,110,110,0,26.894865525672373,26.894865525672373,0.0,1,1,2026-03-22 18:48:44
1031380903600,GD,KOMMUNE,Kurtscheid,Kurtscheid,571,571,0,566,566,0,236,236,0,41.69611307420495,41.69611307420495,0.0,1,1,2026-03-22 19:39:24
1031380904200,GD,KOMMUNE,Meinborn,Meinborn,322,322,0,322,322,0,99,99,0,30.745341614906835,30.745341614906835,0.0,1,1,2026-03-22 19:20:32
1031380904300,GD,KOMMUNE,Melsbach,Melsbach,1074,1074,0,1064,1064,0,362,362,0,34.02255639097744,34.02255639097744,0.0,2,2,2026-03-22 19:30:04
1031380904700,GD,KOMMUNE,Niederbreitbach,Niederbreitbach,853,853,0,849,849,0,327,327,0,38.515901060070675,38.515901060070675,0.0,1,1,2026-03-22 19:31:20
1031380905300,GD,KOMMUNE,Oberhonnefeld-Gierend,Oberhonnefeld-Gierend,485,485,0,483,483,0,142,142,0,29.39958592132505,29.39958592132505,0.0,1,1,2026-03-22 19:03:41
1031380905400,GD,KOMMUNE,Oberraden,Oberraden,365,365,0,357,357,0,114,114,0,31.932773109243694,31.932773109243694,0.0,1,1,2026-03-22 18:47:19
1031380906100,GD,KOMMUNE,Rengsdorf,Rengsdorf,1371,1371,0,1363,1363,0,469,469,0,34.40939104915628,34.40939104915628,0.0,2,2,2026-03-22 19:19:47
1031380906500,GD,KOMMUNE,Roßbach,Roßbach,852,852,0,846,846,0,379,379,0,44.79905437352246,44.79905437352246,0.0,1,1,2026-03-22 19:31:41
1031380906600,GD,KOMMUNE,Rüscheid,Rüscheid,432,432,0,430,430,0,135,135,0,31.3953488372093,31.3953488372093,0.0,1,1,2026-03-22 19:16:41
1031380907100,GD,KOMMUNE,Straßenhaus,Straßenhaus,958,958,0,947,947,0,288,288,0,30.41182682154171,30.41182682154171,0.0,1,1,2026-03-22 20:20:06
1031380907200,GD,KOMMUNE,Thalhausen,Thalhausen,418,418,0,415,415,0,98,98,0,23.6144578313253,23.6144578313253,0.0,1,1,2026-03-22 19:09:03
1031380907600,GD,KOMMUNE,Waldbreitbach,Waldbreitbach,1040,1040,0,1037,1037,0,496,496,0,47.830279652844744,47.830279652844744,0.0,1,1,2026-03-22 19:57:10
1040000000000,WK,WAHLKREIS,"Neuwied, Wahlkreis","Neuwied, Wahlkreis",39117,39099,-18,38769,38769,0,11266,11266,0,29.059299956150532,29.059299956150532,0.0,93,93,2026-03-22 21:25:12
1041380000000,TK,WAHLKREIS_TEIL,"Neuwied, Teilkreis","Neuwied, Teilkreis",39117,39099,-18,38769,38769,0,11266,11266,0,29.059299956150532,29.059299956150532,0.0,93,93,2026-03-22 21:22:20
1041380004500,VF,KOMMUNE,"Neuwied, Verbandsfreie Gemeinde","Neuwied, Verbandsfreie Gemeinde",26405,26405,0,26176,26176,0,7680,7680,0,29.3398533007335,29.3398533007335,0.0,63,63,2026-03-22 21:22:20
1041380004510,ST,KOMMUNENTEIL,Neuwied/Altwied,Neuwied/Altwied,346,346,0,344,344,0,111,111,0,32.26744186046512,32.26744186046512,0.0,2,2,2026-03-22 19:02:51
1041380004511,ST,KOMMUNENTEIL,Neuwied/Block,Neuwied/Block,442,442,0,435,435,0,124,124,0,28.50574712643678,28.50574712643678,0.0,2,2,2026-03-22 20:27:44
1041380004512,ST,KOMMUNENTEIL,Neuwied/Engers,Neuwied/Engers,2067,2067,0,2041,2041,0,648,648,0,31.749142577168055,31.749142577168055,0.0,4,4,2026-03-22 20:59:39
1041380004513,ST,KOMMUNENTEIL,Neuwied/Feldkirchen,Neuwied/Feldkirchen,2595,2595,0,2572,2572,0,783,783,0,30.443234836702953,30.443234836702953,0.0,6,6,2026-03-22 20:19:11
1041380004514,ST,KOMMUNENTEIL,Neuwied/Gladbach,Neuwied/Gladbach,1400,1400,0,1382,1382,0,497,497,0,35.96237337192474,35.96237337192474,0.0,4,4,2026-03-22 20:41:26
1041380004515,ST,KOMMUNENTEIL,Neuwied/Heddesdorf,Neuwied/Heddesdorf,3971,3971,0,3942,3941,-1,1024,1024,0,25.976661593099948,25.983252981476785,0.006591388376836704,12,12,2026-03-22 20:44:44
1041380004516,ST,KOMMUNENTEIL,Neuwied/Heimbach-Weis,Neuwied/Heimbach-Weis,3459,3459,0,3434,3434,0,1298,1298,0,37.79848573092603,37.79848573092603,0.0,6,6,2026-03-22 20:52:32
1041380004517,ST,KOMMUNENTEIL,Neuwied / Innenstadt,Neuwied / Innenstadt,3351,3351,0,3330,3330,0,888,888,0,26.666666666666668,26.666666666666668,0.0,9,9,2026-03-22 20:39:23
1041380004518,ST,KOMMUNENTEIL,Neuwied/Irlich,Neuwied/Irlich,2310,2310,0,2291,2291,0,665,665,0,29.02662592754256,29.02662592754256,0.0,4,4,2026-03-22 21:22:20
1041380004519,ST,KOMMUNENTEIL,Neuwied/Niederbieber,Neuwied/Niederbieber,1915,1915,0,1898,1898,0,474,474,0,24.973656480505795,24.973656480505795,0.0,4,4,2026-03-22 19:49:51
1041380004520,ST,KOMMUNENTEIL,Neuwied/Oberbieber,Neuwied/Oberbieber,2281,2281,0,2265,2266,1,595,595,0,26.269315673289185,26.257722859664607,-0.011592813624577758,4,4,2026-03-22 20:50:19
1041380004521,ST,KOMMUNENTEIL,Neuwied/Rodenbach,Neuwied/Rodenbach,654,654,0,649,649,0,177,177,0,27.27272727272727,27.27272727272727,0.0,2,2,2026-03-22 20:34:22
1041380004522,ST,KOMMUNENTEIL,Neuwied/Segendorf,Neuwied/Segendorf,886,886,0,879,879,0,226,226,0,25.71103526734926,25.71103526734926,0.0,2,2,2026-03-22 19:22:16
1041380004523,ST,KOMMUNENTEIL,Neuwied/Torney,Neuwied/Torney,728,728,0,714,714,0,170,170,0,23.809523809523807,23.809523809523807,0.0,2,2,2026-03-22 19:16:57
1041380300000,VG,KOMMUNE,"Dierdorf, VG","Dierdorf, VG",5149,5137,-12,5096,5096,0,1618,1618,0,31.75039246467818,31.75039246467818,0.0,13,13,2026-03-22 20:40:54
1041380301200,GD,KOMMUNE,Dierdorf,Dierdorf,2478,2466,-12,2443,2443,0,753,753,0,30.822758902988127,30.822758902988127,0.0,6,6,2026-03-22 20:40:54
1041380302300,GD,KOMMUNE,Großmaischeid,Großmaischeid,1194,1194,0,1186,1186,0,431,431,0,36.34064080944351,36.34064080944351,0.0,3,3,2026-03-22 18:58:38
1041380303100,GD,KOMMUNE,Isenburg,Isenburg,305,305,0,304,304,0,86,86,0,28.289473684210524,28.289473684210524,0.0,1,1,2026-03-22 19:24:43
1041380303400,GD,KOMMUNE,Kleinmaischeid,Kleinmaischeid,687,687,0,682,682,0,196,196,0,28.739002932551323,28.739002932551323,0.0,1,1,2026-03-22 19:19:57
1041380306900,GD,KOMMUNE,Stebach,Stebach,206,206,0,204,204,0,52,52,0,25.49019607843137,25.49019607843137,0.0,1,1,2026-03-22 18:56:20
1041380320100,GD,KOMMUNE,Marienhausen,Marienhausen,279,279,0,277,277,0,100,100,0,36.101083032490976,36.101083032490976,0.0,1,1,2026-03-22 18:50:24
1041380500000,VG,KOMMUNE,"Puderbach, VG","Puderbach, VG",7563,7557,-6,7497,7497,0,1968,1968,0,26.250500200080033,26.250500200080033,0.0,17,17,2026-03-22 21:12:45
1041380501100,GD,KOMMUNE,Dernbach,Dernbach,466,466,0,455,455,0,126,126,0,27.692307692307693,27.692307692307693,0.0,1,1,2026-03-22 19:25:47
1041380501300,GD,KOMMUNE,Döttesfeld,Döttesfeld,320,315,-5,312,312,0,70,70,0,22.435897435897438,22.435897435897438,0.0,1,1,2026-03-22 19:18:40
1041380501400,GD,KOMMUNE,Dürrholz,Dürrholz,650,650,0,649,649,0,174,174,0,26.810477657935284,26.810477657935284,0.0,1,1,2026-03-22 19:08:16
1041380502500,GD,KOMMUNE,Hanroth,Hanroth,320,320,0,318,318,0,92,92,0,28.930817610062892,28.930817610062892,0.0,1,1,2026-03-22 20:32:45
1041380502700,GD,KOMMUNE,Harschbach,Harschbach,219,219,0,217,217,0,70,70,0,32.25806451612903,32.25806451612903,0.0,1,1,2026-03-22 18:37:40
1041380504000,GD,KOMMUNE,Linkenbach,Linkenbach,321,321,0,320,320,0,70,70,0,21.875,21.875,0.0,1,1,2026-03-22 18:32:35
1041380504800,GD,KOMMUNE,Niederhofen,Niederhofen,231,231,0,230,230,0,54,54,0,23.47826086956522,23.47826086956522,0.0,1,1,2026-03-22 18:54:39
1041380505000,GD,KOMMUNE,Niederwambach,Niederwambach,237,237,0,233,233,0,67,67,0,28.75536480686695,28.75536480686695,0.0,1,1,2026-03-22 18:50:04
1041380505200,GD,KOMMUNE,Oberdreis,Oberdreis,446,446,0,440,440,0,95,95,0,21.59090909090909,21.59090909090909,0.0,1,1,2026-03-22 19:05:19
1041380505700,GD,KOMMUNE,Puderbach,Puderbach,1187,1187,0,1178,1178,0,307,307,0,26.06112054329372,26.06112054329372,0.0,2,2,2026-03-22 19:21:20
1041380505800,GD,KOMMUNE,Ratzert,Ratzert,154,154,0,153,153,0,26,26,0,16.99346405228758,16.99346405228758,0.0,1,1,2026-03-22 18:31:01
1041380505900,GD,KOMMUNE,Raubach,Raubach,977,977,0,970,970,0,305,305,0,31.443298969072163,31.443298969072163,0.0,1,1,2026-03-22 21:12:45
1041380506400,GD,KOMMUNE,Rodenbach bei Puderbach,Rodenbach bei Puderbach,361,361,0,360,360,0,79,79,0,21.944444444444443,21.944444444444443,0.0,1,1,2026-03-22 19:13:34
1041380507000,GD,KOMMUNE,Steimel,Steimel,667,667,0,665,665,0,166,166,0,24.962406015037594,24.962406015037594,0.0,1,1,2026-03-22 19:11:57
1041380507400,GD,KOMMUNE,Urbach,Urbach,724,724,0,718,718,0,201,201,0,27.99442896935933,27.99442896935933,0.0,1,1,2026-03-22 19:51:14
1041380507800,GD,KOMMUNE,Woldert,Woldert,283,282,-1,279,279,0,66,66,0,23.655913978494624,23.655913978494624,0.0,1,1,2026-03-22 20:13:47
1050000000000,WK,WAHLKREIS,"Bad Marienberg (Westerwald) / Westerburg, Wahlkreis","Bad Marienberg (Westerwald) / Westerburg, Wahlkreis",43397,43385,-12,43007,43007,0,13544,13544,0,31.492547724788988,31.492547724788988,0.0,116,116,2026-03-22 20:37:24
1051430000000,TK,WAHLKREIS_TEIL,"Westerwaldkreis, Teilkreis","Westerwaldkreis, Teilkreis",43397,43385,-12,43007,43007,0,13544,13544,0,31.492547724788988,31.492547724788988,0.0,116,116,2026-03-22 20:36:09
1051430100000,VG,KOMMUNE,"Bad Marienberg, VG","Bad Marienberg, VG",9277,9277,0,9173,9173,0,2691,2691,0,29.33609506159381,29.33609506159381,0.0,24,24,2026-03-22 20:06:39
1051430120600,GD,KOMMUNE,Bad Marienberg (Westerwald),Bad Marienberg (Westerwald),2317,2317,0,2301,2301,0,686,686,0,29.813124728378966,29.813124728378966,0.0,5,5,2026-03-22 19:33:35
1051430121100,GD,KOMMUNE,Bölsberg,Bölsberg,115,115,0,112,112,0,31,31,0,27.67857142857143,27.67857142857143,0.0,1,1,2026-03-22 18:48:02
1051430121600,GD,KOMMUNE,Dreisbach,Dreisbach,357,357,0,355,355,0,113,113,0,31.83098591549296,31.83098591549296,0.0,1,1,2026-03-22 19:11:20
1051430122200,GD,KOMMUNE,Fehl-Ritzhausen,Fehl-Ritzhausen,444,444,0,443,443,0,107,107,0,24.153498871331827,24.153498871331827,0.0,1,1,2026-03-22 18:51:52
1051430122700,GD,KOMMUNE,Großseifen,Großseifen,332,332,0,327,327,0,70,70,0,21.406727828746178,21.406727828746178,0.0,1,1,2026-03-22 18:32:42
1051430123100,GD,KOMMUNE,Hahn bei Marienberg,Hahn bei Marienberg,249,249,0,240,240,0,102,102,0,42.5,42.5,0.0,1,1,2026-03-22 19:13:07
1051430123400,GD,KOMMUNE,Hardt,Hardt,247,247,0,244,244,0,73,73,0,29.918032786885245,29.918032786885245,0.0,1,1,2026-03-22 18:56:19
1051430124300,GD,KOMMUNE,Hof,Hof,634,634,0,626,626,0,201,201,0,32.108626198083066,32.108626198083066,0.0,1,1,2026-03-22 19:15:25
1051430124800,GD,KOMMUNE,Kirburg,Kirburg,289,289,0,287,287,0,86,86,0,29.965156794425084,29.965156794425084,0.0,1,1,2026-03-22 20:06:39
1051430125300,GD,KOMMUNE,Langenbach bei Kirburg,Langenbach bei Kirburg,480,480,0,473,473,0,144,144,0,30.443974630021142,30.443974630021142,0.0,1,1,2026-03-22 19:27:24
1051430125500,GD,KOMMUNE,Lautzenbrücken,Lautzenbrücken,179,179,0,175,175,0,49,49,0,28.000000000000004,28.000000000000004,0.0,1,1,2026-03-22 18:46:06
1051430126400,GD,KOMMUNE,Mörlen,Mörlen,310,310,0,309,309,0,88,88,0,28.478964401294498,28.478964401294498,0.0,1,1,2026-03-22 19:18:09
1051430127000,GD,KOMMUNE,Neunkhausen,Neunkhausen,505,505,0,499,499,0,121,121,0,24.248496993987974,24.248496993987974,0.0,1,1,2026-03-22 19:22:02
1051430127700,GD,KOMMUNE,Nisterau,Nisterau,473,473,0,463,463,0,117,117,0,25.26997840172786,25.26997840172786,0.0,1,1,2026-03-22 18:58:27
1051430127900,GD,KOMMUNE,Nistertal,Nistertal,604,604,0,596,596,0,230,230,0,38.59060402684564,38.59060402684564,0.0,1,1,2026-03-22 19:42:07
1051430128000,GD,KOMMUNE,Norken,Norken,506,506,0,499,499,0,153,153,0,30.66132264529058,30.66132264529058,0.0,1,1,2026-03-22 18:54:18
1051430129700,GD,KOMMUNE,Stockhausen-Illfurth,Stockhausen-Illfurth,215,215,0,213,213,0,41,41,0,19.248826291079812,19.248826291079812,0.0,1,1,2026-03-22 18:44:10
1051430130000,GD,KOMMUNE,Unnau,Unnau,1021,1021,0,1011,1011,0,279,279,0,27.596439169139465,27.596439169139465,0.0,3,3,2026-03-22 19:35:35
1051430200000,VG,KOMMUNE,"Hachenburg, VG","Hachenburg, VG",13375,13370,-5,13273,13273,0,4022,4022,0,30.302117079786033,30.302117079786033,0.0,36,36,2026-03-22 20:36:09
1051430220200,GD,KOMMUNE,Alpenrod,Alpenrod,872,872,0,867,867,0,234,234,0,26.989619377162633,26.989619377162633,0.0,1,1,2026-03-22 19:17:28
1051430220400,GD,KOMMUNE,Astert,Astert,144,144,0,144,144,0,62,62,0,43.05555555555556,43.05555555555556,0.0,1,1,2026-03-22 18:34:16
1051430220500,GD,KOMMUNE,Atzelgift,Atzelgift,339,339,0,335,335,0,139,139,0,41.492537313432834,41.492537313432834,0.0,1,1,2026-03-22 18:51:21
1051430221200,GD,KOMMUNE,Borod,Borod,290,290,0,289,289,0,72,72,0,24.91349480968858,24.91349480968858,0.0,1,1,2026-03-22 19:06:40
1051430221500,GD,KOMMUNE,Dreifelden,Dreifelden,131,131,0,130,130,0,38,38,0,29.230769230769234,29.230769230769234,0.0,1,1,2026-03-22 19:51:26
1051430222300,GD,KOMMUNE,Gehlert,Gehlert,366,366,0,366,366,0,119,119,0,32.51366120218579,32.51366120218579,0.0,1,1,2026-03-22 18:59:26
1051430222500,GD,KOMMUNE,Giesenhausen,Giesenhausen,176,176,0,175,175,0,44,44,0,25.142857142857146,25.142857142857146,0.0,1,1,2026-03-22 18:35:57
1051430222900,GD,KOMMUNE,Hachenburg,Hachenburg,3202,3202,0,3168,3168,0,1065,1065,0,33.61742424242424,33.61742424242424,0.0,4,4,2026-03-22 20:17:20
1051430223500,GD,KOMMUNE,Hattert,Hattert,1027,1027,0,1024,1024,0,298,298,0,29.1015625,29.1015625,0.0,1,1,2026-03-22 20:08:54
1051430223600,GD,KOMMUNE,Heimborn,Heimborn,173,173,0,172,172,0,45,45,0,26.16279069767442,26.16279069767442,0.0,1,1,2026-03-22 18:34:25
1051430224000,GD,KOMMUNE,Heuzert,Heuzert,73,73,0,72,72,0,15,15,0,20.833333333333336,20.833333333333336,0.0,1,1,2026-03-22 18:44:18
1051430224100,GD,KOMMUNE,Höchstenbach,Höchstenbach,358,355,-3,354,354,0,86,86,0,24.293785310734464,24.293785310734464,0.0,1,1,2026-03-22 18:55:10
1051430225000,GD,KOMMUNE,Kroppach,Kroppach,350,350,0,349,349,0,88,88,0,25.214899713467048,25.214899713467048,0.0,1,1,2026-03-22 19:02:03
1051430225200,GD,KOMMUNE,Kundert,Kundert,168,168,0,166,166,0,36,36,0,21.686746987951807,21.686746987951807,0.0,1,1,2026-03-22 18:24:21
1051430225700,GD,KOMMUNE,Limbach,Limbach,231,231,0,231,231,0,98,98,0,42.42424242424242,42.42424242424242,0.0,1,1,2026-03-22 18:33:11
1051430225800,GD,KOMMUNE,Linden,Linden,81,81,0,81,81,0,20,20,0,24.691358024691358,24.691358024691358,0.0,1,1,2026-03-22 18:28:52
1051430225900,GD,KOMMUNE,Lochum,Lochum,181,181,0,180,180,0,57,57,0,31.666666666666664,31.666666666666664,0.0,1,1,2026-03-22 18:28:12
1051430226000,GD,KOMMUNE,Luckenbach,Luckenbach,364,364,0,363,363,0,147,147,0,40.49586776859504,40.49586776859504,0.0,1,1,2026-03-22 19:00:35
1051430226100,GD,KOMMUNE,Marzhausen,Marzhausen,167,167,0,166,166,0,29,29,0,17.46987951807229,17.46987951807229,0.0,1,1,2026-03-22 18:52:30
1051430226200,GD,KOMMUNE,Merkelbach,Merkelbach,261,261,0,259,259,0,100,100,0,38.61003861003861,38.61003861003861,0.0,1,1,2026-03-22 19:20:46
1051430226500,GD,KOMMUNE,Mörsbach,Mörsbach,281,279,-2,277,277,0,68,68,0,24.548736462093864,24.548736462093864,0.0,1,1,2026-03-22 19:07:54
1051430226700,GD,KOMMUNE,Mudenbach,Mudenbach,379,379,0,373,373,0,78,78,0,20.91152815013405,20.91152815013405,0.0,1,1,2026-03-22 18:51:14
1051430226800,GD,KOMMUNE,Mündersbach,Mündersbach,392,392,0,390,390,0,93,93,0,23.846153846153847,23.846153846153847,0.0,1,1,2026-03-22 19:22:51
1051430226900,GD,KOMMUNE,Müschenbach,Müschenbach,554,554,0,552,552,0,213,213,0,38.58695652173913,38.58695652173913,0.0,1,1,2026-03-22 18:40:57
1051430227600,GD,KOMMUNE,Nister,Nister,562,562,0,558,558,0,145,145,0,25.985663082437277,25.985663082437277,0.0,1,1,2026-03-22 19:18:06
1051430228700,GD,KOMMUNE,Roßbach,Roßbach,494,494,0,489,489,0,135,135,0,27.607361963190186,27.607361963190186,0.0,1,1,2026-03-22 20:36:09
1051430229400,GD,KOMMUNE,Steinebach an der Wied,Steinebach an der Wied,439,439,0,433,433,0,106,106,0,24.480369515011546,24.480369515011546,0.0,1,1,2026-03-22 18:52:04
1051430229600,GD,KOMMUNE,Stein-Wingert,Stein-Wingert,125,125,0,123,123,0,36,36,0,29.268292682926827,29.268292682926827,0.0,1,1,2026-03-22 18:45:03
1051430229900,GD,KOMMUNE,Streithausen,Streithausen,328,328,0,328,328,0,134,134,0,40.853658536585364,40.853658536585364,0.0,1,1,2026-03-22 18:57:01
1051430230100,GD,KOMMUNE,Wahlrod,Wahlrod,433,433,0,430,430,0,115,115,0,26.744186046511626,26.744186046511626,0.0,1,1,2026-03-22 19:04:02
1051430230600,GD,KOMMUNE,Welkenbach,Welkenbach,94,94,0,93,93,0,31,31,0,33.33333333333333,33.33333333333333,0.0,1,1,2026-03-22 18:26:44
1051430231000,GD,KOMMUNE,Wied,Wied,235,235,0,233,233,0,55,55,0,23.605150214592275,23.605150214592275,0.0,1,1,2026-03-22 18:47:13
1051430231300,GD,KOMMUNE,Winkelbach,Winkelbach,105,105,0,103,103,0,21,21,0,20.388349514563107,20.388349514563107,0.0,1,1,2026-03-22 18:59:31
1051430700000,VG,KOMMUNE,"Selters (Westerwald), VG","Selters (Westerwald), VG",8495,8495,0,8410,8410,0,2644,2644,0,31.438763376932222,31.438763376932222,0.0,23,23,2026-03-22 19:47:38
1051430701500,GD,KOMMUNE,Ellenhausen,Ellenhausen,189,189,0,187,187,0,51,51,0,27.27272727272727,27.27272727272727,0.0,1,1,2026-03-22 18:59:30
1051430701800,GD,KOMMUNE,Freilingen,Freilingen,396,396,0,392,392,0,119,119,0,30.357142857142854,30.357142857142854,0.0,1,1,2026-03-22 19:23:07
1051430701900,GD,KOMMUNE,Freirachdorf,Freirachdorf,376,376,0,369,369,0,84,84,0,22.76422764227642,22.76422764227642,0.0,1,1,2026-03-22 18:53:23
1051430702200,GD,KOMMUNE,Goddert,Goddert,210,210,0,208,208,0,71,71,0,34.13461538461539,34.13461538461539,0.0,1,1,2026-03-22 19:21:02
1051430702500,GD,KOMMUNE,Hartenfels,Hartenfels,487,487,0,485,485,0,190,190,0,39.175257731958766,39.175257731958766,0.0,1,1,2026-03-22 19:04:24
1051430702900,GD,KOMMUNE,Herschbach,Herschbach,1510,1510,0,1500,1500,0,555,555,0,37.0,37.0,0.0,2,2,2026-03-22 19:46:15
1051430704100,GD,KOMMUNE,Krümmel,Krümmel,155,155,0,152,152,0,49,49,0,32.23684210526316,32.23684210526316,0.0,1,1,2026-03-22 19:26:43
1051430704400,GD,KOMMUNE,Marienrachdorf,Marienrachdorf,580,580,0,574,574,0,207,207,0,36.062717770034844,36.062717770034844,0.0,1,1,2026-03-22 19:02:04
1051430704500,GD,KOMMUNE,Maroth,Maroth,149,149,0,148,148,0,43,43,0,29.054054054054053,29.054054054054053,0.0,1,1,2026-03-22 18:57:01
1051430704600,GD,KOMMUNE,Maxsain,Maxsain,552,552,0,545,545,0,130,130,0,23.853211009174313,23.853211009174313,0.0,1,1,2026-03-22 19:47:38
1051430705600,GD,KOMMUNE,Nordhofen,Nordhofen,302,302,0,300,300,0,95,95,0,31.666666666666664,31.666666666666664,0.0,1,1,2026-03-22 18:49:28
1051430706100,GD,KOMMUNE,Quirnbach,Quirnbach,276,276,0,271,271,0,65,65,0,23.985239852398525,23.985239852398525,0.0,1,1,2026-03-22 19:19:13
1051430706400,GD,KOMMUNE,Rückeroth,Rückeroth,254,254,0,252,252,0,59,59,0,23.41269841269841,23.41269841269841,0.0,1,1,2026-03-22 19:08:55
1051430706600,GD,KOMMUNE,Schenkelberg,Schenkelberg,359,359,0,352,352,0,127,127,0,36.07954545454545,36.07954545454545,0.0,1,1,2026-03-22 19:30:03
1051430706700,GD,KOMMUNE,Selters (Westerwald),Selters (Westerwald),1047,1047,0,1036,1036,0,312,312,0,30.115830115830118,30.115830115830118,0.0,2,2,2026-03-22 19:33:51
1051430706900,GD,KOMMUNE,Sessenhausen,Sessenhausen,485,485,0,484,484,0,165,165,0,34.090909090909086,34.090909090909086,0.0,1,1,2026-03-22 19:16:39
1051430707500,GD,KOMMUNE,Steinen,Steinen,128,128,0,126,126,0,24,24,0,19.047619047619047,19.047619047619047,0.0,1,1,2026-03-22 18:31:22
1051430707800,GD,KOMMUNE,Vielbach,Vielbach,314,314,0,310,310,0,81,81,0,26.129032258064516,26.129032258064516,0.0,1,1,2026-03-22 18:51:49
1051430708500,GD,KOMMUNE,Wölferlingen,Wölferlingen,247,247,0,244,244,0,56,56,0,22.950819672131146,22.950819672131146,0.0,1,1,2026-03-22 19:44:18
1051430722100,GD,KOMMUNE,Ewighausen,Ewighausen,127,127,0,125,125,0,33,33,0,26.400000000000002,26.400000000000002,0.0,1,1,2026-03-22 18:34:09
1051430730500,GD,KOMMUNE,Weidenhahn,Weidenhahn,352,352,0,350,350,0,128,128,0,36.57142857142857,36.57142857142857,0.0,1,1,2026-03-22 19:13:33
1051430900000,VG,KOMMUNE,"Westerburg, VG","Westerburg, VG",12250,12243,-7,12151,12151,0,4187,4187,0,34.45806929470825,34.45806929470825,0.0,33,33,2026-03-22 20:20:20
1051430920000,GD,KOMMUNE,Ailertchen,Ailertchen,360,360,0,353,353,0,101,101,0,28.611898016997166,28.611898016997166,0.0,1,1,2026-03-22 20:02:33
1051430920700,GD,KOMMUNE,Bellingen,Bellingen,355,355,0,354,354,0,148,148,0,41.80790960451977,41.80790960451977,0.0,1,1,2026-03-22 19:39:57
1051430920900,GD,KOMMUNE,Berzhahn,Berzhahn,271,271,0,268,268,0,66,66,0,24.62686567164179,24.62686567164179,0.0,1,1,2026-03-22 18:53:45
1051430921300,GD,KOMMUNE,Brandscheid,Brandscheid,282,282,0,280,280,0,97,97,0,34.64285714285714,34.64285714285714,0.0,1,1,2026-03-22 18:40:58
1051430921900,GD,KOMMUNE,Enspel,Enspel,166,166,0,165,165,0,69,69,0,41.81818181818181,41.81818181818181,0.0,1,1,2026-03-22 18:50:50
1051430922400,GD,KOMMUNE,Gemünden,Gemünden,538,538,0,535,535,0,169,169,0,31.588785046728972,31.588785046728972,0.0,1,1,2026-03-22 19:08:49
1051430922600,GD,KOMMUNE,Girkenroth,Girkenroth,391,391,0,388,388,0,164,164,0,42.2680412371134,42.2680412371134,0.0,1,1,2026-03-22 19:45:58
1051430922800,GD,KOMMUNE,Guckheim,Guckheim,613,613,0,606,606,0,288,288,0,47.524752475247524,47.524752475247524,0.0,1,1,2026-03-22 19:06:59
1051430923000,GD,KOMMUNE,Härtlingen,Härtlingen,234,233,-1,232,232,0,81,81,0,34.91379310344828,34.91379310344828,0.0,1,1,2026-03-22 19:27:13
1051430923300,GD,KOMMUNE,Halbs,Halbs,178,178,0,178,178,0,39,39,0,21.910112359550563,21.910112359550563,0.0,1,1,2026-03-22 18:32:46
1051430923800,GD,KOMMUNE,Hergenroth,Hergenroth,251,251,0,250,250,0,68,68,0,27.200000000000003,27.200000000000003,0.0,1,1,2026-03-22 18:50:32
1051430924200,GD,KOMMUNE,Höhn,Höhn,1764,1764,0,1752,1752,0,587,587,0,33.50456621004566,33.50456621004566,0.0,5,5,2026-03-22 20:20:20
1051430924700,GD,KOMMUNE,Kaden,Kaden,335,335,0,334,334,0,94,94,0,28.143712574850298,28.143712574850298,0.0,1,1,2026-03-22 19:14:56
1051430924900,GD,KOMMUNE,Kölbingen,Kölbingen,540,540,0,534,534,0,186,186,0,34.831460674157306,34.831460674157306,0.0,1,1,2026-03-22 19:36:14
1051430925400,GD,KOMMUNE,Langenhahn,Langenhahn,681,681,0,669,669,0,255,255,0,38.11659192825112,38.11659192825112,0.0,1,1,2026-03-22 19:24:10
1051430928400,GD,KOMMUNE,Pottum,Pottum,575,575,0,572,572,0,239,239,0,41.78321678321678,41.78321678321678,0.0,1,1,2026-03-22 19:26:02
1051430928800,GD,KOMMUNE,Rotenhain,Rotenhain,280,280,0,279,279,0,98,98,0,35.12544802867383,35.12544802867383,0.0,1,1,2026-03-22 18:53:50
1051430928900,GD,KOMMUNE,Rothenbach,Rothenbach,525,525,0,524,524,0,215,215,0,41.030534351145036,41.030534351145036,0.0,2,2,2026-03-22 19:58:57
1051430929300,GD,KOMMUNE,Stahlhofen am Wiesensee,Stahlhofen am Wiesensee,187,187,0,187,187,0,50,50,0,26.737967914438503,26.737967914438503,0.0,1,1,2026-03-22 19:23:15
1051430929800,GD,KOMMUNE,Stockum-Püschen,Stockum-Püschen,366,366,0,364,364,0,154,154,0,42.30769230769231,42.30769230769231,0.0,1,1,2026-03-22 19:19:37
1051430930700,GD,KOMMUNE,Weltersburg,Weltersburg,203,203,0,200,200,0,84,84,0,42.0,42.0,0.0,1,1,2026-03-22 18:42:59
1051430930800,GD,KOMMUNE,Westerburg,Westerburg,2545,2539,-6,2521,2521,0,762,762,0,30.226100753669176,30.226100753669176,0.0,5,5,2026-03-22 19:50:28
1051430931200,GD,KOMMUNE,Willmenrod,Willmenrod,311,311,0,309,309,0,72,72,0,23.300970873786408,23.300970873786408,0.0,1,1,2026-03-22 19:12:57
1051430931400,GD,KOMMUNE,Winnen,Winnen,299,299,0,297,297,0,101,101,0,34.00673400673401,34.00673400673401,0.0,1,1,2026-03-22 19:03:22
1060000000000,WK,WAHLKREIS,"Montabaur, Wahlkreis","Montabaur, Wahlkreis",47160,47161,1,46819,46819,0,18149,18149,0,38.76417693671373,38.76417693671373,0.0,92,92,2026-03-22 21:27:40
1061430000000,TK,WAHLKREIS_TEIL,"Westerwaldkreis, Teilkreis","Westerwaldkreis, Teilkreis",47160,47161,1,46819,46819,0,18149,18149,0,38.76417693671373,38.76417693671373,0.0,92,92,2026-03-22 21:06:21
1061430400000,VG,KOMMUNE,"Montabaur, VG","Montabaur, VG",22218,22218,0,22061,22061,0,8544,8544,0,38.72897874076425,38.72897874076425,0.0,39,39,2026-03-22 21:06:21
1061430400500,GD,KOMMUNE,Boden,Boden,377,377,0,375,375,0,162,162,0,43.2,43.2,0.0,1,1,2026-03-22 18:58:44
1061430400800,GD,KOMMUNE,Daubach,Daubach,314,314,0,307,307,0,108,108,0,35.17915309446254,35.17915309446254,0.0,1,1,2026-03-22 19:19:53
1061430401300,GD,KOMMUNE,Eitelborn,Eitelborn,1372,1372,0,1365,1365,0,533,533,0,39.04761904761905,39.04761904761905,0.0,1,1,2026-03-22 21:06:21
1061430402000,GD,KOMMUNE,Gackenbach,Gackenbach,357,357,0,355,355,0,109,109,0,30.704225352112672,30.704225352112672,0.0,1,1,2026-03-22 19:02:55
1061430402100,GD,KOMMUNE,Girod,Girod,658,658,0,651,651,0,259,259,0,39.784946236559136,39.784946236559136,0.0,1,1,2026-03-22 19:08:59
1061430402300,GD,KOMMUNE,Görgeshausen,Görgeshausen,452,455,3,450,450,0,157,157,0,34.88888888888889,34.88888888888889,0.0,1,1,2026-03-22 19:58:48
1061430402400,GD,KOMMUNE,Großholbach,Großholbach,512,512,0,505,505,0,175,175,0,34.65346534653465,34.65346534653465,0.0,1,1,2026-03-22 19:50:16
1061430402600,GD,KOMMUNE,Heilberscheid,Heilberscheid,405,405,0,399,399,0,149,149,0,37.34335839598997,37.34335839598997,0.0,1,1,2026-03-22 19:05:21
1061430402700,GD,KOMMUNE,Heiligenroth,Heiligenroth,821,821,0,816,816,0,349,349,0,42.76960784313725,42.76960784313725,0.0,1,1,2026-03-22 19:51:25
1061430403300,GD,KOMMUNE,Holler,Holler,588,588,0,586,586,0,204,204,0,34.8122866894198,34.8122866894198,0.0,1,1,2026-03-22 20:03:26
1061430403400,GD,KOMMUNE,Horbach,Horbach,398,398,0,394,394,0,152,152,0,38.578680203045685,38.578680203045685,0.0,1,1,2026-03-22 19:12:55
1061430403600,GD,KOMMUNE,Hübingen,Hübingen,312,312,0,308,308,0,129,129,0,41.883116883116884,41.883116883116884,0.0,1,1,2026-03-22 19:29:57
1061430403900,GD,KOMMUNE,Kadenbach,Kadenbach,763,763,0,763,763,0,246,246,0,32.241153342070774,32.241153342070774,0.0,1,1,2026-03-22 20:25:25
1061430404800,GD,KOMMUNE,Montabaur,Montabaur,7075,7075,0,7030,7030,0,2719,2719,0,38.67709815078236,38.67709815078236,0.0,15,15,2026-03-22 20:18:03
1061430405100,GD,KOMMUNE,Nentershausen,Nentershausen,1055,1055,0,1045,1045,0,439,439,0,42.00956937799043,42.00956937799043,0.0,1,1,2026-03-22 19:38:46
1061430405200,GD,KOMMUNE,Neuhäusel,Neuhäusel,1269,1269,0,1261,1261,0,497,497,0,39.4131641554322,39.4131641554322,0.0,1,1,2026-03-22 20:24:05
1061430405300,GD,KOMMUNE,Niederelbert,Niederelbert,959,959,0,955,955,0,384,384,0,40.20942408376963,40.20942408376963,0.0,1,1,2026-03-22 19:57:34
1061430405400,GD,KOMMUNE,Niedererbach,Niedererbach,558,555,-3,546,546,0,207,207,0,37.91208791208791,37.91208791208791,0.0,1,1,2026-03-22 19:53:09
1061430405500,GD,KOMMUNE,Nomborn,Nomborn,405,405,0,405,405,0,185,185,0,45.67901234567901,45.67901234567901,0.0,1,1,2026-03-22 19:33:56
1061430405700,GD,KOMMUNE,Oberelbert,Oberelbert,740,740,0,737,737,0,217,217,0,29.443690637720486,29.443690637720486,0.0,1,1,2026-03-22 19:35:26
1061430406500,GD,KOMMUNE,Ruppach-Goldhausen,Ruppach-Goldhausen,658,658,0,655,655,0,272,272,0,41.52671755725191,41.52671755725191,0.0,1,1,2026-03-22 19:28:12
1061430407100,GD,KOMMUNE,Simmern,Simmern,894,894,0,889,889,0,354,354,0,39.82002249718785,39.82002249718785,0.0,1,1,2026-03-22 19:48:54
1061430407200,GD,KOMMUNE,Stahlhofen,Stahlhofen,443,443,0,435,435,0,200,200,0,45.97701149425287,45.97701149425287,0.0,1,1,2026-03-22 18:59:45
1061430407700,GD,KOMMUNE,Untershausen,Untershausen,290,290,0,288,288,0,116,116,0,40.27777777777778,40.27777777777778,0.0,1,1,2026-03-22 20:30:52
1061430407900,GD,KOMMUNE,Welschneudorf,Welschneudorf,543,543,0,541,541,0,222,222,0,41.0351201478743,41.0351201478743,0.0,1,1,2026-03-22 19:22:43
1061430500000,VG,KOMMUNE,"Ransbach-Baumbach, VG","Ransbach-Baumbach, VG",7211,7211,0,7165,7165,0,2533,2533,0,35.35240753663643,35.35240753663643,0.0,15,15,2026-03-22 19:40:32
1061430500100,GD,KOMMUNE,Alsbach,Alsbach,303,303,0,303,303,0,87,87,0,28.71287128712871,28.71287128712871,0.0,1,1,2026-03-22 18:42:22
1061430500600,GD,KOMMUNE,Breitenau,Breitenau,390,390,0,390,390,0,111,111,0,28.46153846153846,28.46153846153846,0.0,1,1,2026-03-22 19:07:20
1061430500700,GD,KOMMUNE,Caan,Caan,397,397,0,396,396,0,149,149,0,37.62626262626262,37.62626262626262,0.0,1,1,2026-03-22 19:12:11
1061430500900,GD,KOMMUNE,Deesen,Deesen,396,396,0,391,391,0,138,138,0,35.294117647058826,35.294117647058826,0.0,1,1,2026-03-22 19:02:42
1061430503800,GD,KOMMUNE,Hundsdorf,Hundsdorf,253,253,0,251,251,0,78,78,0,31.07569721115538,31.07569721115538,0.0,1,1,2026-03-22 18:56:16
1061430505000,GD,KOMMUNE,Nauort,Nauort,1298,1298,0,1282,1282,0,446,446,0,34.789391575663025,34.789391575663025,0.0,2,2,2026-03-22 19:19:47
1061430505900,GD,KOMMUNE,Oberhaid,Oberhaid,202,202,0,202,202,0,55,55,0,27.22772277227723,27.22772277227723,0.0,1,1,2026-03-22 18:53:44
1061430506200,GD,KOMMUNE,Ransbach-Baumbach,Ransbach-Baumbach,3123,3123,0,3107,3107,0,1186,1186,0,38.17186997103315,38.17186997103315,0.0,4,4,2026-03-22 19:40:32
1061430506800,GD,KOMMUNE,Sessenbach,Sessenbach,310,310,0,310,310,0,125,125,0,40.32258064516129,40.32258064516129,0.0,1,1,2026-03-22 18:57:35
1061430508200,GD,KOMMUNE,Wirscheid,Wirscheid,208,208,0,205,205,0,59,59,0,28.780487804878046,28.780487804878046,0.0,1,1,2026-03-22 19:26:07
1061430508400,GD,KOMMUNE,Wittgert,Wittgert,331,331,0,328,328,0,99,99,0,30.182926829268293,30.182926829268293,0.0,1,1,2026-03-22 19:11:15
1061430800000,VG,KOMMUNE,"Wallmerod, VG","Wallmerod, VG",8319,8319,0,8250,8250,0,3376,3376,0,40.92121212121212,40.92121212121212,0.0,22,22,2026-03-22 20:18:44
1061430801100,GD,KOMMUNE,Dreikirchen,Dreikirchen,572,572,0,568,568,0,227,227,0,39.96478873239437,39.96478873239437,0.0,1,1,2026-03-22 18:59:01
1061430803700,GD,KOMMUNE,Hundsangen,Hundsangen,1090,1090,0,1076,1076,0,489,489,0,45.446096654275095,45.446096654275095,0.0,1,1,2026-03-22 19:43:55
1061430805800,GD,KOMMUNE,Obererbach,Obererbach,300,300,0,300,300,0,136,136,0,45.33333333333333,45.33333333333333,0.0,1,1,2026-03-22 18:41:44
1061430807400,GD,KOMMUNE,Steinefrenz,Steinefrenz,465,465,0,462,462,0,196,196,0,42.42424242424242,42.42424242424242,0.0,1,1,2026-03-22 18:58:23
1061430808000,GD,KOMMUNE,Weroth,Weroth,327,327,0,326,326,0,159,159,0,48.77300613496933,48.77300613496933,0.0,1,1,2026-03-22 18:36:26
1061430820300,GD,KOMMUNE,Arnshöfen,Arnshöfen,112,112,0,111,111,0,37,37,0,33.33333333333333,33.33333333333333,0.0,1,1,2026-03-22 20:02:41
1061430820800,GD,KOMMUNE,Berod bei Wallmerod,Berod bei Wallmerod,329,329,0,324,324,0,123,123,0,37.96296296296296,37.96296296296296,0.0,1,1,2026-03-22 18:43:22
1061430821000,GD,KOMMUNE,Bilkheim,Bilkheim,280,280,0,277,277,0,110,110,0,39.71119133574007,39.71119133574007,0.0,1,1,2026-03-22 18:45:46
1061430822000,GD,KOMMUNE,Ettinghausen,Ettinghausen,183,183,0,182,182,0,65,65,0,35.714285714285715,35.714285714285715,0.0,1,1,2026-03-22 19:16:00
1061430823200,GD,KOMMUNE,Hahn am See,Hahn am See,253,253,0,249,249,0,103,103,0,41.365461847389554,41.365461847389554,0.0,1,1,2026-03-22 19:09:49
1061430823900,GD,KOMMUNE,Herschbach  (Oberwesterwald),Herschbach  (Oberwesterwald),562,562,0,559,559,0,240,240,0,42.93381037567084,42.93381037567084,0.0,1,1,2026-03-22 18:48:44
1061430825100,GD,KOMMUNE,Kuhnhöfen,Kuhnhöfen,104,104,0,104,104,0,30,30,0,28.846153846153843,28.846153846153843,0.0,1,1,2026-03-22 18:27:58
1061430826300,GD,KOMMUNE,Meudt,Meudt,1002,1002,0,992,992,0,374,374,0,37.70161290322581,37.70161290322581,0.0,2,2,2026-03-22 19:16:34
1061430826600,GD,KOMMUNE,Molsberg,Molsberg,246,246,0,242,242,0,112,112,0,46.28099173553719,46.28099173553719,0.0,1,1,2026-03-22 19:00:04
1061430827300,GD,KOMMUNE,Niederahr,Niederahr,412,412,0,410,410,0,192,192,0,46.82926829268293,46.82926829268293,0.0,1,1,2026-03-22 18:58:50
1061430828100,GD,KOMMUNE,Oberahr,Oberahr,333,333,0,331,331,0,100,100,0,30.211480362537763,30.211480362537763,0.0,1,1,2026-03-22 18:34:38
1061430829000,GD,KOMMUNE,Salz,Salz,524,524,0,520,520,0,219,219,0,42.11538461538461,42.11538461538461,0.0,1,1,2026-03-22 18:55:02
1061430830400,GD,KOMMUNE,Wallmerod,Wallmerod,706,706,0,702,702,0,280,280,0,39.88603988603989,39.88603988603989,0.0,1,1,2026-03-22 19:55:30
1061430831600,GD,KOMMUNE,Zehnhausen bei Wallmerod,Zehnhausen bei Wallmerod,148,148,0,148,148,0,69,69,0,46.62162162162162,46.62162162162162,0.0,1,1,2026-03-22 18:34:36
1061430850100,GD,KOMMUNE,Elbingen,Elbingen,239,239,0,236,236,0,85,85,0,36.016949152542374,36.016949152542374,0.0,1,1,2026-03-22 18:40:14
1061430850200,GD,KOMMUNE,Mähren,Mähren,132,132,0,131,131,0,30,30,0,22.900763358778626,22.900763358778626,0.0,1,1,2026-03-22 20:18:44
1061431000000,VG,KOMMUNE,"Wirges, VG","Wirges, VG",9412,9413,1,9343,9343,0,3696,3696,0,39.559028149416676,39.559028149416676,0.0,16,16,2026-03-22 20:02:30
1061431000300,GD,KOMMUNE,Bannberscheid,Bannberscheid,364,364,0,363,363,0,144,144,0,39.66942148760331,39.66942148760331,0.0,1,1,2026-03-22 20:02:30
1061431001000,GD,KOMMUNE,Dernbach (Westerwald),Dernbach (Westerwald),1264,1264,0,1259,1259,0,601,601,0,47.736298649722,47.736298649722,0.0,2,2,2026-03-22 19:50:02
1061431001200,GD,KOMMUNE,Ebernhahn,Ebernhahn,567,567,0,563,563,0,225,225,0,39.96447602131439,39.96447602131439,0.0,1,1,2026-03-22 19:45:59
1061431002800,GD,KOMMUNE,Helferskirchen,Helferskirchen,629,629,0,621,621,0,209,209,0,33.65539452495974,33.65539452495974,0.0,1,1,2026-03-22 19:58:11
1061431004200,GD,KOMMUNE,Leuterod,Leuterod,516,516,0,514,514,0,235,235,0,45.719844357976655,45.719844357976655,0.0,1,1,2026-03-22 19:02:45
1061431004700,GD,KOMMUNE,Mogendorf,Mogendorf,657,657,0,648,648,0,204,204,0,31.48148148148148,31.48148148148148,0.0,1,1,2026-03-22 19:41:30
1061431004900,GD,KOMMUNE,Moschheim,Moschheim,409,409,0,408,408,0,118,118,0,28.921568627450984,28.921568627450984,0.0,1,1,2026-03-22 19:21:11
1061431006000,GD,KOMMUNE,Ötzingen,Ötzingen,733,733,0,729,729,0,254,254,0,34.84224965706447,34.84224965706447,0.0,1,1,2026-03-22 19:43:40
1061431007000,GD,KOMMUNE,Siershahn,Siershahn,1378,1379,1,1367,1367,0,584,584,0,42.72128749085589,42.72128749085589,0.0,2,2,2026-03-22 19:55:18
1061431007300,GD,KOMMUNE,Staudt,Staudt,733,733,0,727,727,0,313,313,0,43.053645116918844,43.053645116918844,0.0,1,1,2026-03-22 19:16:51
1061431008100,GD,KOMMUNE,Wirges,Wirges,2046,2046,0,2029,2029,0,770,770,0,37.94972893050764,37.94972893050764,0.0,3,3,2026-03-22 19:13:50
1061431027500,GD,KOMMUNE,Niedersayn,Niedersayn,116,116,0,115,115,0,39,39,0,33.91304347826087,33.91304347826087,0.0,1,1,2026-03-22 18:51:07
1070000000000,WK,WAHLKREIS,"Diez / Nassau, Wahlkreis","Diez / Nassau, Wahlkreis",45785,45730,-55,45298,45299,1,12875,12875,0,28.422888427745153,28.422260977063512,-0.0006274506816410508,132,132,2026-03-22 21:46:26
1071410000000,TK,WAHLKREIS_TEIL,"Rhein-Lahn-Kreis, Teilkreis","Rhein-Lahn-Kreis, Teilkreis",45785,45730,-55,45298,45299,1,12875,12875,0,28.422888427745153,28.422260977063512,-0.0006274506816410508,132,132,2026-03-22 21:40:50
1071410300000,VG,KOMMUNE,"Diez, VG","Diez, VG",12243,12243,0,12129,12129,0,3379,3379,0,27.858850688432685,27.858850688432685,0.0,32,32,2026-03-22 20:14:31
1071410300200,GD,KOMMUNE,Altendiez,Altendiez,1166,1166,0,1158,1158,0,329,329,0,28.41105354058722,28.41105354058722,0.0,2,2,2026-03-22 20:14:31
1071410300500,GD,KOMMUNE,Aull,Aull,248,248,0,242,242,0,70,70,0,28.92561983471074,28.92561983471074,0.0,1,1,2026-03-22 19:27:45
1071410301400,GD,KOMMUNE,Birlenbach,Birlenbach,781,781,0,774,774,0,213,213,0,27.51937984496124,27.51937984496124,0.0,1,1,2026-03-22 19:20:31
1071410302100,GD,KOMMUNE,Charlottenberg,Charlottenberg,87,87,0,85,85,0,24,24,0,28.235294117647058,28.235294117647058,0.0,1,1,2026-03-22 18:27:16
1071410302200,GD,KOMMUNE,Cramberg,Cramberg,306,306,0,304,304,0,77,77,0,25.32894736842105,25.32894736842105,0.0,1,1,2026-03-22 19:09:30
1071410302900,GD,KOMMUNE,Diez,Diez,4417,4417,0,4380,4380,0,1138,1138,0,25.981735159817354,25.981735159817354,0.0,9,9,2026-03-22 19:47:53
1071410303000,GD,KOMMUNE,Dörnberg,Dörnberg,253,253,0,251,251,0,50,50,0,19.9203187250996,19.9203187250996,0.0,1,1,2026-03-22 19:07:31
1071410303800,GD,KOMMUNE,Eppenrod,Eppenrod,388,388,0,387,387,0,102,102,0,26.356589147286826,26.356589147286826,0.0,1,1,2026-03-22 18:43:38
1071410304500,GD,KOMMUNE,Geilnau,Geilnau,236,236,0,233,233,0,39,39,0,16.738197424892704,16.738197424892704,0.0,1,1,2026-03-22 18:52:07
1071410304900,GD,KOMMUNE,Gückingen,Gückingen,595,595,0,591,591,0,208,208,0,35.19458544839256,35.19458544839256,0.0,1,1,2026-03-22 19:33:48
1071410305200,GD,KOMMUNE,Hambach,Hambach,240,240,0,235,235,0,81,81,0,34.46808510638298,34.46808510638298,0.0,1,1,2026-03-22 19:12:53
1071410305300,GD,KOMMUNE,Heistenbach,Heistenbach,588,588,0,584,584,0,170,170,0,29.10958904109589,29.10958904109589,0.0,1,1,2026-03-22 19:16:29
1071410305700,GD,KOMMUNE,Hirschberg,Hirschberg,225,225,0,221,221,0,75,75,0,33.93665158371041,33.93665158371041,0.0,1,1,2026-03-22 19:17:33
1071410305900,GD,KOMMUNE,Holzappel,Holzappel,528,528,0,525,525,0,131,131,0,24.952380952380953,24.952380952380953,0.0,1,1,2026-03-22 18:55:36
1071410306100,GD,KOMMUNE,Holzheim,Holzheim,489,489,0,484,484,0,168,168,0,34.710743801652896,34.710743801652896,0.0,1,1,2026-03-22 19:22:43
1071410306200,GD,KOMMUNE,Horhausen,Horhausen,156,156,0,154,154,0,48,48,0,31.16883116883117,31.16883116883117,0.0,1,1,2026-03-22 19:23:41
1071410306400,GD,KOMMUNE,Isselbach,Isselbach,239,239,0,237,237,0,50,50,0,21.09704641350211,21.09704641350211,0.0,1,1,2026-03-22 19:55:14
1071410307600,GD,KOMMUNE,Langenscheid,Langenscheid,308,308,0,305,305,0,109,109,0,35.73770491803279,35.73770491803279,0.0,1,1,2026-03-22 18:53:15
1071410307700,GD,KOMMUNE,Laurenburg,Laurenburg,127,127,0,125,125,0,44,44,0,35.199999999999996,35.199999999999996,0.0,1,1,2026-03-22 18:29:01
1071410312400,GD,KOMMUNE,Scheidt,Scheidt,191,191,0,190,190,0,56,56,0,29.47368421052631,29.47368421052631,0.0,1,1,2026-03-22 18:47:00
1071410313000,GD,KOMMUNE,Steinsberg,Steinsberg,164,164,0,161,161,0,47,47,0,29.19254658385093,29.19254658385093,0.0,1,1,2026-03-22 18:36:54
1071410313300,GD,KOMMUNE,Wasenbach,Wasenbach,203,203,0,199,199,0,46,46,0,23.115577889447238,23.115577889447238,0.0,1,1,2026-03-22 18:51:09
1071410350300,GD,KOMMUNE,Balduinstein,Balduinstein,308,308,0,304,304,0,104,104,0,34.21052631578947,34.21052631578947,0.0,1,1,2026-03-22 19:28:49
1071410700000,VG,KOMMUNE,"Nastätten, VG","Nastätten, VG",9687,9685,-2,9578,9578,0,2842,2842,0,29.672165378993526,29.672165378993526,0.0,34,34,2026-03-22 20:20:45
1071410700900,GD,KOMMUNE,Berg,Berg,179,179,0,179,179,0,74,74,0,41.340782122905026,41.340782122905026,0.0,1,1,2026-03-22 19:01:55
1071410701200,GD,KOMMUNE,Bettendorf,Bettendorf,202,202,0,198,198,0,47,47,0,23.737373737373737,23.737373737373737,0.0,1,1,2026-03-22 19:32:18
1071410701500,GD,KOMMUNE,Bogel,Bogel,476,476,0,474,474,0,123,123,0,25.949367088607595,25.949367088607595,0.0,1,1,2026-03-22 19:31:02
1071410701900,GD,KOMMUNE,Buch,Buch,338,338,0,335,335,0,105,105,0,31.343283582089555,31.343283582089555,0.0,1,1,2026-03-22 19:13:07
1071410703500,GD,KOMMUNE,Ehr,Ehr,44,44,0,44,44,0,22,22,0,50.0,50.0,0.0,1,1,2026-03-22 18:24:46
1071410703700,GD,KOMMUNE,Endlichhofen,Endlichhofen,90,90,0,89,89,0,36,36,0,40.44943820224719,40.44943820224719,0.0,1,1,2026-03-22 18:34:59
1071410704000,GD,KOMMUNE,Eschbach,Eschbach,117,117,0,116,116,0,34,34,0,29.310344827586203,29.310344827586203,0.0,1,1,2026-03-22 20:05:10
1071410704700,GD,KOMMUNE,Gemmerich,Gemmerich,336,336,0,330,330,0,93,93,0,28.18181818181818,28.18181818181818,0.0,1,1,2026-03-22 19:23:46
1071410705500,GD,KOMMUNE,Himmighofen,Himmighofen,217,215,-2,213,213,0,76,76,0,35.68075117370892,35.68075117370892,0.0,1,1,2026-03-22 18:48:06
1071410706000,GD,KOMMUNE,Holzhausen an der Haide,Holzhausen an der Haide,656,656,0,652,652,0,159,159,0,24.386503067484664,24.386503067484664,0.0,1,1,2026-03-22 20:20:45
1071410706300,GD,KOMMUNE,Hunzel,Hunzel,162,162,0,160,160,0,60,60,0,37.5,37.5,0.0,1,1,2026-03-22 19:05:25
1071410706700,GD,KOMMUNE,Kasdorf,Kasdorf,149,149,0,146,146,0,42,42,0,28.767123287671232,28.767123287671232,0.0,1,1,2026-03-22 18:47:59
1071410707000,GD,KOMMUNE,Kehlbach,Kehlbach,119,119,0,119,119,0,37,37,0,31.092436974789916,31.092436974789916,0.0,1,1,2026-03-22 18:38:59
1071410707800,GD,KOMMUNE,Lautert,Lautert,155,155,0,154,154,0,37,37,0,24.025974025974026,24.025974025974026,0.0,1,1,2026-03-22 18:56:29
1071410708000,GD,KOMMUNE,Lipporn,Lipporn,165,165,0,163,163,0,43,43,0,26.380368098159508,26.380368098159508,0.0,1,1,2026-03-22 18:49:58
1071410708400,GD,KOMMUNE,Marienfels,Marienfels,190,190,0,187,187,0,36,36,0,19.25133689839572,19.25133689839572,0.0,1,1,2026-03-22 19:01:09
1071410708500,GD,KOMMUNE,Miehlen,Miehlen,1221,1221,0,1191,1191,0,435,435,0,36.523929471032744,36.523929471032744,0.0,1,1,2026-03-22 20:09:22
1071410709200,GD,KOMMUNE,Nastätten,Nastätten,2263,2263,0,2245,2245,0,625,625,0,27.839643652561247,27.839643652561247,0.0,3,3,2026-03-22 20:19:17
1071410709400,GD,KOMMUNE,Niederbachheim,Niederbachheim,174,174,0,174,174,0,64,64,0,36.7816091954023,36.7816091954023,0.0,1,1,2026-03-22 18:32:57
1071410709700,GD,KOMMUNE,Niederwallmenach,Niederwallmenach,248,248,0,244,244,0,78,78,0,31.967213114754102,31.967213114754102,0.0,1,1,2026-03-22 19:20:21
1071410710000,GD,KOMMUNE,Oberbachheim,Oberbachheim,132,132,0,132,132,0,45,45,0,34.090909090909086,34.090909090909086,0.0,1,1,2026-03-22 18:42:07
1071410710400,GD,KOMMUNE,Obertiefenbach,Obertiefenbach,240,240,0,239,239,0,63,63,0,26.359832635983267,26.359832635983267,0.0,1,1,2026-03-22 18:51:17
1071410710500,GD,KOMMUNE,Oberwallmenach,Oberwallmenach,129,129,0,128,128,0,28,28,0,21.875,21.875,0.0,1,1,2026-03-22 18:54:58
1071410710700,GD,KOMMUNE,Oelsberg,Oelsberg,359,359,0,355,355,0,98,98,0,27.605633802816904,27.605633802816904,0.0,1,1,2026-03-22 20:06:10
1071410711000,GD,KOMMUNE,Hainau,Hainau,111,111,0,111,111,0,27,27,0,24.324324324324326,24.324324324324326,0.0,1,1,2026-03-22 18:31:42
1071410711600,GD,KOMMUNE,Rettershain,Rettershain,188,188,0,187,187,0,49,49,0,26.203208556149733,26.203208556149733,0.0,1,1,2026-03-22 18:56:55
1071410712000,GD,KOMMUNE,Ruppertshofen,Ruppertshofen,219,219,0,216,216,0,54,54,0,25.0,25.0,0.0,1,1,2026-03-22 18:55:23
1071410713100,GD,KOMMUNE,Strüth,Strüth,199,199,0,197,197,0,56,56,0,28.426395939086298,28.426395939086298,0.0,1,1,2026-03-22 18:51:19
1071410713400,GD,KOMMUNE,Weidenbach,Weidenbach,67,67,0,67,67,0,29,29,0,43.28358208955223,43.28358208955223,0.0,1,1,2026-03-22 18:36:45
1071410713700,GD,KOMMUNE,Welterod,Welterod,293,293,0,289,289,0,84,84,0,29.06574394463668,29.06574394463668,0.0,1,1,2026-03-22 19:02:43
1071410714000,GD,KOMMUNE,Winterwerb,Winterwerb,105,105,0,103,103,0,48,48,0,46.601941747572816,46.601941747572816,0.0,1,1,2026-03-22 18:52:57
1071410750200,GD,KOMMUNE,Diethardt,Diethardt,144,144,0,141,141,0,35,35,0,24.822695035460992,24.822695035460992,0.0,1,1,2026-03-22 18:41:25
1071411000000,VG,KOMMUNE,"Bad Ems-Nassau, VG","Bad Ems-Nassau, VG",13558,13526,-32,13413,13413,0,3888,3888,0,28.98680384701409,28.98680384701409,0.0,33,33,2026-03-22 21:40:50
1071411000300,GD,KOMMUNE,Attenhausen,Attenhausen,221,221,0,220,220,0,77,77,0,35.0,35.0,0.0,1,1,2026-03-22 18:39:38
1071411000600,GD,KOMMUNE,Bad Ems,Bad Ems,3505,3492,-13,3460,3460,0,946,946,0,27.341040462427745,27.341040462427745,0.0,4,4,2026-03-22 21:09:02
1071411000800,GD,KOMMUNE,Becheln,Becheln,414,414,0,411,411,0,140,140,0,34.0632603406326,34.0632603406326,0.0,1,1,2026-03-22 19:03:54
1071411002500,GD,KOMMUNE,Dausenau,Dausenau,668,664,-4,662,662,0,203,203,0,30.664652567975832,30.664652567975832,0.0,1,1,2026-03-22 19:18:31
1071411002600,GD,KOMMUNE,Dessighofen,Dessighofen,127,127,0,124,124,0,46,46,0,37.096774193548384,37.096774193548384,0.0,1,1,2026-03-22 18:52:58
1071411002700,GD,KOMMUNE,Dienethal,Dienethal,139,139,0,136,136,0,16,16,0,11.76470588235294,11.76470588235294,0.0,1,1,2026-03-22 18:58:45
1071411003300,GD,KOMMUNE,Dornholzhausen,Dornholzhausen,142,142,0,140,140,0,41,41,0,29.28571428571429,29.28571428571429,0.0,1,1,2026-03-22 18:38:23
1071411004100,GD,KOMMUNE,Fachbach,Fachbach,748,748,0,741,741,0,214,214,0,28.879892037786774,28.879892037786774,0.0,1,1,2026-03-22 19:35:43
1071411004400,GD,KOMMUNE,Frücht,Frücht,344,344,0,342,342,0,108,108,0,31.57894736842105,31.57894736842105,0.0,1,1,2026-03-22 21:40:50
1071411004600,GD,KOMMUNE,Geisig,Geisig,218,218,0,212,212,0,59,59,0,27.830188679245282,27.830188679245282,0.0,1,1,2026-03-22 18:49:52
1071411005800,GD,KOMMUNE,Hömberg,Hömberg,201,201,0,196,196,0,55,55,0,28.061224489795915,28.061224489795915,0.0,1,1,2026-03-22 19:11:24
1071411007100,GD,KOMMUNE,Kemmenau,Kemmenau,287,287,0,285,285,0,78,78,0,27.368421052631582,27.368421052631582,0.0,1,1,2026-03-22 19:06:12
1071411008200,GD,KOMMUNE,Lollschied,Lollschied,117,116,-1,116,116,0,23,23,0,19.82758620689655,19.82758620689655,0.0,1,1,2026-03-22 19:21:56
1071411008600,GD,KOMMUNE,Miellen,Miellen,210,210,0,209,209,0,56,56,0,26.794258373205743,26.794258373205743,0.0,1,1,2026-03-22 18:46:53
1071411008700,GD,KOMMUNE,Misselberg,Misselberg,50,50,0,50,50,0,6,6,0,12.0,12.0,0.0,1,1,2026-03-22 18:35:03
1071411009100,GD,KOMMUNE,Nassau,Nassau,1793,1784,-9,1766,1766,0,509,509,0,28.822197055492637,28.822197055492637,0.0,3,3,2026-03-22 20:16:43
1071411009800,GD,KOMMUNE,Nievern,Nievern,605,603,-2,597,597,0,227,227,0,38.02345058626466,38.02345058626466,0.0,1,1,2026-03-22 18:59:47
1071411010300,GD,KOMMUNE,Obernhof,Obernhof,181,181,0,179,179,0,42,42,0,23.463687150837988,23.463687150837988,0.0,1,1,2026-03-22 18:41:13
1071411010600,GD,KOMMUNE,Oberwies,Oberwies,92,92,0,92,92,0,15,15,0,16.304347826086957,16.304347826086957,0.0,1,1,2026-03-22 18:34:00
1071411011100,GD,KOMMUNE,Pohl,Pohl,212,212,0,211,211,0,69,69,0,32.70142180094787,32.70142180094787,0.0,1,1,2026-03-22 19:13:19
1071411012700,GD,KOMMUNE,Schweighausen,Schweighausen,144,144,0,143,143,0,30,30,0,20.97902097902098,20.97902097902098,0.0,1,1,2026-03-22 18:32:36
1071411012800,GD,KOMMUNE,Seelbach,Seelbach,257,254,-3,254,254,0,59,59,0,23.228346456692915,23.228346456692915,0.0,1,1,2026-03-22 19:10:35
1071411012900,GD,KOMMUNE,Singhofen,Singhofen,1045,1045,0,1038,1038,0,334,334,0,32.177263969171484,32.177263969171484,0.0,1,1,2026-03-22 20:14:04
1071411013200,GD,KOMMUNE,Sulzbach,Sulzbach,110,110,0,109,109,0,22,22,0,20.18348623853211,20.18348623853211,0.0,1,1,2026-03-22 19:08:56
1071411013500,GD,KOMMUNE,Weinähr,Weinähr,248,248,0,247,247,0,85,85,0,34.41295546558704,34.41295546558704,0.0,1,1,2026-03-22 19:32:12
1071411013900,GD,KOMMUNE,Winden,Winden,444,444,0,444,444,0,142,142,0,31.98198198198198,31.98198198198198,0.0,1,1,2026-03-22 19:40:23
1071411014100,GD,KOMMUNE,Zimmerschied,Zimmerschied,68,68,0,67,67,0,18,18,0,26.865671641791046,26.865671641791046,0.0,1,1,2026-03-22 18:26:13
1071411020100,GD,KOMMUNE,Arzbach,Arzbach,968,968,0,962,962,0,268,268,0,27.85862785862786,27.85862785862786,0.0,1,1,2026-03-22 21:39:25
1071411100000,VG,KOMMUNE,"Aar-Einrich, VG","Aar-Einrich, VG",10297,10276,-21,10178,10179,1,2766,2766,0,27.176262527019063,27.17359269083407,-0.0026698361849923913,33,33,2026-03-22 20:12:18
1071411100100,GD,KOMMUNE,Allendorf,Allendorf,365,365,0,357,357,0,76,76,0,21.288515406162464,21.288515406162464,0.0,1,1,2026-03-22 20:00:35
1071411101000,GD,KOMMUNE,Berghausen,Berghausen,194,194,0,192,192,0,49,49,0,25.520833333333332,25.520833333333332,0.0,1,1,2026-03-22 19:09:23
1071411101100,GD,KOMMUNE,Berndroth,Berndroth,255,255,0,254,254,0,61,61,0,24.015748031496063,24.015748031496063,0.0,1,1,2026-03-22 18:47:05
1071411101300,GD,KOMMUNE,Biebrich,Biebrich,198,198,0,195,195,0,39,39,0,20.0,20.0,0.0,1,1,2026-03-22 19:15:25
1071411101800,GD,KOMMUNE,Bremberg,Bremberg,155,155,0,154,154,0,48,48,0,31.16883116883117,31.16883116883117,0.0,1,1,2026-03-22 18:53:38
1071411102000,GD,KOMMUNE,Burgschwalbach,Burgschwalbach,590,584,-6,579,579,0,149,149,0,25.734024179620036,25.734024179620036,0.0,1,1,2026-03-22 19:33:57
1071411103200,GD,KOMMUNE,Dörsdorf,Dörsdorf,238,238,0,237,237,0,78,78,0,32.91139240506329,32.91139240506329,0.0,1,1,2026-03-22 19:31:46
1071411103400,GD,KOMMUNE,Ebertshausen,Ebertshausen,83,83,0,82,82,0,30,30,0,36.58536585365854,36.58536585365854,0.0,1,1,2026-03-22 18:43:23
1071411103600,GD,KOMMUNE,Eisighofen,Eisighofen,176,173,-3,171,171,0,55,55,0,32.16374269005848,32.16374269005848,0.0,1,1,2026-03-22 18:37:42
1071411103900,GD,KOMMUNE,Ergeshausen,Ergeshausen,90,90,0,90,90,0,29,29,0,32.22222222222222,32.22222222222222,0.0,1,1,2026-03-22 19:07:14
1071411104300,GD,KOMMUNE,Flacht,Flacht,543,539,-4,537,537,0,136,136,0,25.32588454376164,25.32588454376164,0.0,1,1,2026-03-22 19:05:07
1071411105000,GD,KOMMUNE,Gutenacker,Gutenacker,228,227,-1,224,224,0,51,51,0,22.767857142857142,22.767857142857142,0.0,1,1,2026-03-22 18:49:22
1071411105100,GD,KOMMUNE,Hahnstätten,Hahnstätten,1392,1385,-7,1368,1368,0,357,357,0,26.096491228070175,26.096491228070175,0.0,2,2,2026-03-22 20:04:13
1071411105400,GD,KOMMUNE,Herold,Herold,245,245,0,245,245,0,73,73,0,29.795918367346943,29.795918367346943,0.0,1,1,2026-03-22 19:52:34
1071411106500,GD,KOMMUNE,Kaltenholzhausen,Kaltenholzhausen,318,318,0,315,315,0,82,82,0,26.031746031746035,26.031746031746035,0.0,1,1,2026-03-22 19:35:59
1071411106800,GD,KOMMUNE,Katzenelnbogen,Katzenelnbogen,1046,1046,0,1036,1036,0,318,318,0,30.694980694980696,30.694980694980696,0.0,2,2,2026-03-22 19:47:58
1071411107300,GD,KOMMUNE,Klingelbach,Klingelbach,439,439,0,432,432,0,137,137,0,31.712962962962965,31.712962962962965,0.0,1,1,2026-03-22 19:58:21
1071411107400,GD,KOMMUNE,Kördorf,Kördorf,329,329,0,328,328,0,77,77,0,23.47560975609756,23.47560975609756,0.0,1,1,2026-03-22 19:00:13
1071411108100,GD,KOMMUNE,Lohrheim,Lohrheim,333,333,0,331,331,0,93,93,0,28.09667673716012,28.09667673716012,0.0,1,1,2026-03-22 19:56:13
1071411108800,GD,KOMMUNE,Mittelfischbach,Mittelfischbach,108,108,0,107,107,0,27,27,0,25.233644859813083,25.233644859813083,0.0,1,1,2026-03-22 18:51:30
1071411108900,GD,KOMMUNE,Mudershausen,Mudershausen,268,268,0,266,266,0,69,69,0,25.93984962406015,25.93984962406015,0.0,1,1,2026-03-22 19:02:25
1071411109300,GD,KOMMUNE,Netzbach,Netzbach,234,234,0,233,233,0,62,62,0,26.609442060085836,26.609442060085836,0.0,1,1,2026-03-22 19:50:52
1071411109500,GD,KOMMUNE,Niederneisen,Niederneisen,769,769,0,761,761,0,260,260,0,34.16557161629435,34.16557161629435,0.0,1,1,2026-03-22 19:41:36
1071411109600,GD,KOMMUNE,Niedertiefenbach,Niedertiefenbach,96,96,0,95,95,0,13,13,0,13.684210526315791,13.684210526315791,0.0,1,1,2026-03-22 18:58:13
1071411110100,GD,KOMMUNE,Oberfischbach,Oberfischbach,96,96,0,95,95,0,25,25,0,26.31578947368421,26.31578947368421,0.0,1,1,2026-03-22 18:35:02
1071411110200,GD,KOMMUNE,Oberneisen,Oberneisen,397,397,0,393,393,0,71,71,0,18.06615776081425,18.06615776081425,0.0,1,1,2026-03-22 19:12:22
1071411111300,GD,KOMMUNE,Reckenroth,Reckenroth,159,158,-1,158,158,0,39,39,0,24.68354430379747,24.68354430379747,0.0,1,1,2026-03-22 19:43:31
1071411111700,GD,KOMMUNE,Rettert,Rettert,279,279,0,275,275,0,74,74,0,26.90909090909091,26.90909090909091,0.0,1,1,2026-03-22 18:56:29
1071411111800,GD,KOMMUNE,Roth,Roth,125,125,0,124,124,0,31,31,0,25.0,25.0,0.0,1,1,2026-03-22 18:40:59
1071411112500,GD,KOMMUNE,Schiesheim,Schiesheim,127,127,0,125,125,0,38,38,0,30.4,30.4,0.0,1,1,2026-03-22 19:54:22
1071411112600,GD,KOMMUNE,Schönborn,Schönborn,422,423,1,419,420,1,119,119,0,28.400954653937948,28.333333333333332,-0.06762132060461568,1,1,2026-03-22 20:12:18
1080000000000,WK,WAHLKREIS,"Koblenz / Lahnstein, Wahlkreis","Koblenz / Lahnstein, Wahlkreis",30325,30325,0,30081,30094,13,9862,9862,0,32.78481433462983,32.77065195720077,-0.014162377429059347,74,74,2026-03-22 20:34:35
1081110000000,TS,WAHLKREIS_TEIL,"Koblenz, Teilwahlkreis 8","Koblenz, Teilwahlkreis 8",12592,12592,0,12500,12513,13,4157,4157,0,33.256,33.221449692319986,-0.034550307680014214,27,27,2026-03-22 20:32:33
1081110000070,ST,KOMMUNENTEIL,Koblenz/Ehrenbreitstein,Koblenz/Ehrenbreitstein,808,808,0,804,804,0,195,195,0,24.253731343283583,24.253731343283583,0.0,2,2,2026-03-22 19:25:31
1081110000071,ST,KOMMUNENTEIL,Koblenz/Niederberg,Koblenz/Niederberg,1460,1460,0,1448,1448,0,404,404,0,27.900552486187845,27.900552486187845,0.0,4,4,2026-03-22 19:39:41
1081110000072,ST,KOMMUNENTEIL,Koblenz/Asterstein,Koblenz/Asterstein,1477,1477,0,1470,1470,0,545,545,0,37.07482993197279,37.07482993197279,0.0,3,3,2026-03-22 19:37:55
1081110000073,ST,KOMMUNENTEIL,Koblenz/Pfaffendorf,Koblenz/Pfaffendorf,1497,1497,0,1492,1492,0,494,494,0,33.10991957104557,33.10991957104557,0.0,3,3,2026-03-22 19:47:51
1081110000074,ST,KOMMUNENTEIL,Koblenz/Pfaffendorfer Höhe,Koblenz/Pfaffendorfer Höhe,1289,1289,0,1263,1276,13,425,425,0,33.650039588281864,33.307210031347964,-0.34282955693389994,2,2,2026-03-22 19:55:08
1081110000075,ST,KOMMUNENTEIL,Koblenz/Horchheim,Koblenz/Horchheim,1650,1650,0,1642,1642,0,546,546,0,33.252131546894034,33.252131546894034,0.0,3,3,2026-03-22 20:32:33
1081110000076,ST,KOMMUNENTEIL,Koblenz/Horchheimer Höhe,Koblenz/Horchheimer Höhe,929,929,0,925,925,0,276,276,0,29.83783783783784,29.83783783783784,0.0,2,2,2026-03-22 19:49:16
1081110000080,ST,KOMMUNENTEIL,Koblenz/Arzheim,Koblenz/Arzheim,1230,1230,0,1219,1219,0,436,436,0,35.767022149302704,35.767022149302704,0.0,3,3,2026-03-22 19:41:09
1081110000081,ST,KOMMUNENTEIL,Koblenz/Arenberg,Koblenz/Arenberg,2252,2252,0,2237,2237,0,836,836,0,37.371479660259276,37.371479660259276,0.0,5,5,2026-03-22 20:10:40
1081410000000,TK,WAHLKREIS_TEIL,"Rhein-Lahn-Kreis, Teilkreis","Rhein-Lahn-Kreis, Teilkreis",17733,17733,0,17581,17581,0,5705,5705,0,32.449803765428584,32.449803765428584,0.0,47,47,2026-03-22 20:31:58
1081410007500,VF,KOMMUNE,"Lahnstein, Verbandsfreie Gemeinde","Lahnstein, Verbandsfreie Gemeinde",8644,8644,0,8586,8586,0,2914,2914,0,33.93897041695784,33.93897041695784,0.0,19,19,2026-03-22 20:01:49
1081410900000,VG,KOMMUNE,"Loreley, VG","Loreley, VG",9089,9089,0,8995,8995,0,2791,2791,0,31.02834908282379,31.02834908282379,0.0,28,28,2026-03-22 20:31:58
1081410900400,GD,KOMMUNE,Auel,Auel,97,97,0,97,97,0,33,33,0,34.02061855670103,34.02061855670103,0.0,1,1,2026-03-22 18:46:27
1081410901600,GD,KOMMUNE,Bornich,Bornich,622,622,0,618,618,0,160,160,0,25.88996763754045,25.88996763754045,0.0,1,1,2026-03-22 19:12:59
1081410902300,GD,KOMMUNE,Dachsenhausen,Dachsenhausen,643,643,0,638,638,0,179,179,0,28.056426332288403,28.056426332288403,0.0,2,2,2026-03-22 19:04:26
1081410902400,GD,KOMMUNE,Dahlheim,Dahlheim,524,524,0,522,522,0,192,192,0,36.7816091954023,36.7816091954023,0.0,1,1,2026-03-22 19:29:03
1081410903100,GD,KOMMUNE,Dörscheid,Dörscheid,218,218,0,218,218,0,74,74,0,33.94495412844037,33.94495412844037,0.0,1,1,2026-03-22 20:31:21
1081410904200,GD,KOMMUNE,Filsen,Filsen,398,398,0,390,390,0,120,120,0,30.76923076923077,30.76923076923077,0.0,1,1,2026-03-22 20:05:31
1081410906600,GD,KOMMUNE,Kamp-Bornhofen,Kamp-Bornhofen,750,750,0,745,745,0,226,226,0,30.335570469798657,30.335570469798657,0.0,2,2,2026-03-22 19:10:17
1081410906900,GD,KOMMUNE,Kaub,Kaub,424,424,0,418,418,0,101,101,0,24.16267942583732,24.16267942583732,0.0,1,1,2026-03-22 20:25:59
1081410907200,GD,KOMMUNE,Kestert,Kestert,295,295,0,290,290,0,106,106,0,36.55172413793103,36.55172413793103,0.0,1,1,2026-03-22 19:42:30
1081410907900,GD,KOMMUNE,Lierschied,Lierschied,282,282,0,277,277,0,89,89,0,32.12996389891697,32.12996389891697,0.0,1,1,2026-03-22 18:45:26
1081410908300,GD,KOMMUNE,Lykershausen,Lykershausen,145,145,0,144,144,0,63,63,0,43.75,43.75,0.0,1,1,2026-03-22 19:00:15
1081410909900,GD,KOMMUNE,Nochern,Nochern,319,319,0,316,316,0,108,108,0,34.177215189873415,34.177215189873415,0.0,1,1,2026-03-22 18:47:43
1081410910800,GD,KOMMUNE,Osterspai,Osterspai,731,731,0,725,725,0,265,265,0,36.55172413793103,36.55172413793103,0.0,1,1,2026-03-22 19:24:31
1081410910900,GD,KOMMUNE,Patersberg,Patersberg,227,227,0,222,222,0,65,65,0,29.27927927927928,29.27927927927928,0.0,1,1,2026-03-22 18:55:30
1081410911200,GD,KOMMUNE,Prath,Prath,194,194,0,193,193,0,68,68,0,35.233160621761655,35.233160621761655,0.0,1,1,2026-03-22 19:07:22
1081410911400,GD,KOMMUNE,Reichenberg,Reichenberg,108,108,0,106,106,0,19,19,0,17.92452830188679,17.92452830188679,0.0,1,1,2026-03-22 18:23:37
1081410911500,GD,KOMMUNE,Reitzenhain,Reitzenhain,197,197,0,195,195,0,40,40,0,20.51282051282051,20.51282051282051,0.0,1,1,2026-03-22 18:52:25
1081410912100,GD,KOMMUNE,Sankt Goarshausen,Sankt Goarshausen,521,521,0,516,516,0,164,164,0,31.782945736434108,31.782945736434108,0.0,2,2,2026-03-22 19:34:01
1081410912200,GD,KOMMUNE,Sauerthal,Sauerthal,69,69,0,69,69,0,28,28,0,40.57971014492754,40.57971014492754,0.0,1,1,2026-03-22 18:42:10
1081410913600,GD,KOMMUNE,Weisel,Weisel,630,630,0,625,625,0,181,181,0,28.96,28.96,0.0,1,1,2026-03-22 20:31:58
1081410913800,GD,KOMMUNE,Weyer,Weyer,283,283,0,269,269,0,92,92,0,34.20074349442379,34.20074349442379,0.0,1,1,2026-03-22 19:06:07
1081410950100,GD,KOMMUNE,Braubach,Braubach,1412,1412,0,1402,1402,0,418,418,0,29.814550641940084,29.814550641940084,0.0,4,4,2026-03-22 20:24:52
1090000000000,WK,WAHLKREIS,"Koblenz, Wahlkreis","Koblenz, Wahlkreis",37411,37413,2,37165,37166,1,11208,11209,1,30.157406161711286,30.159285368347415,0.0018792066361292825,95,95,2026-03-22 20:34:51
1091110000000,TS,WAHLKREIS_TEIL,"Koblenz, Teilwahlkreis 9","Koblenz, Teilwahlkreis 9",37411,37413,2,37165,37166,1,11208,11209,1,30.157406161711286,30.159285368347415,0.0018792066361292825,95,95,2026-03-22 20:34:10
1091110000010,ST,KOMMUNENTEIL,Koblenz/Altstadt,Koblenz/Altstadt,2133,2133,0,2117,2117,0,510,510,0,24.09069437883798,24.09069437883798,0.0,6,6,2026-03-22 20:29:35
1091110000011,ST,KOMMUNENTEIL,Koblenz/Mitte,Koblenz/Mitte,1910,1910,0,1901,1901,0,478,478,0,25.144660704892164,25.144660704892164,0.0,5,5,2026-03-22 19:28:17
1091110000012,ST,KOMMUNENTEIL,Koblenz/Süd,Koblenz/Süd,3358,3358,0,3341,3341,0,731,731,0,21.879676743489973,21.879676743489973,0.0,7,7,2026-03-22 19:32:43
1091110000013,ST,KOMMUNENTEIL,Koblenz/Oberwerth,Koblenz/Oberwerth,1078,1078,0,1067,1067,0,440,440,0,41.23711340206185,41.23711340206185,0.0,2,2,2026-03-22 19:09:15
1091110000014,ST,KOMMUNENTEIL,Koblenz/Karthause Nord,Koblenz/Karthause Nord,1707,1707,0,1696,1696,0,550,550,0,32.42924528301887,32.42924528301887,0.0,3,3,2026-03-22 20:06:32
1091110000015,ST,KOMMUNENTEIL,Koblenz/Karthäuserhofgelände,Koblenz/Karthäuserhofgelände,1243,1243,0,1230,1230,0,507,507,0,41.21951219512195,41.21951219512195,0.0,3,3,2026-03-22 19:33:53
1091110000016,ST,KOMMUNENTEIL,Koblenz/Karthause Flugfeld,Koblenz/Karthause Flugfeld,2159,2160,1,2145,2145,0,718,718,0,33.473193473193476,33.473193473193476,0.0,6,6,2026-03-22 19:32:43
1091110000017,ST,KOMMUNENTEIL,Koblenz/Goldgrube,Koblenz/Goldgrube,1932,1932,0,1920,1920,0,452,452,0,23.541666666666668,23.541666666666668,0.0,5,5,2026-03-22 19:46:01
1091110000018,ST,KOMMUNENTEIL,Koblenz/Rauental,Koblenz/Rauental,1959,1959,0,1949,1949,0,493,493,0,25.295023088763468,25.295023088763468,0.0,5,5,2026-03-22 19:41:31
1091110000019,ST,KOMMUNENTEIL,Koblenz/Moselweiß,Koblenz/Moselweiß,1583,1583,0,1565,1565,0,506,506,0,32.33226837060703,32.33226837060703,0.0,3,3,2026-03-22 20:06:32
1091110000020,ST,KOMMUNENTEIL,Koblenz/Stolzenfels,Koblenz/Stolzenfels,183,183,0,181,181,0,64,64,0,35.35911602209944,35.35911602209944,0.0,2,2,2026-03-22 18:29:41
1091110000021,ST,KOMMUNENTEIL,Koblenz/Lay,Koblenz/Lay,1006,1006,0,999,999,0,422,422,0,42.24224224224224,42.24224224224224,0.0,2,2,2026-03-22 19:12:12
1091110000040,ST,KOMMUNENTEIL,Koblenz/Lützel,Koblenz/Lützel,2259,2259,0,2239,2239,0,419,420,1,18.713711478338542,18.758374274229567,0.04466279589102484,10,10,2026-03-22 19:37:20
1091110000041,ST,KOMMUNENTEIL,Koblenz/Metternich,Koblenz/Metternich,4845,4845,0,4822,4822,0,1478,1478,0,30.6511820821236,30.6511820821236,0.0,11,11,2026-03-22 20:26:16
1091110000043,ST,KOMMUNENTEIL,Koblenz/Neuendorf,Koblenz/Neuendorf,1312,1313,1,1301,1302,1,334,334,0,25.672559569561876,25.65284178187404,-0.019717787687834942,5,5,2026-03-22 19:29:03
1091110000044,ST,KOMMUNENTEIL,Koblenz/Wallersheim,Koblenz/Wallersheim,1206,1206,0,1195,1195,0,400,400,0,33.47280334728033,33.47280334728033,0.0,3,3,2026-03-22 19:13:47
1091110000050,ST,KOMMUNENTEIL,Koblenz/Kesselheim,Koblenz/Kesselheim,1064,1064,0,1058,1058,0,378,378,0,35.72778827977316,35.72778827977316,0.0,3,3,2026-03-22 19:38:36
1091110000051,ST,KOMMUNENTEIL,Koblenz/Güls,Koblenz/Güls,3336,3336,0,3326,3326,0,1174,1174,0,35.29765484064943,35.29765484064943,0.0,6,6,2026-03-22 20:34:10
1091110000052,ST,KOMMUNENTEIL,Koblenz/Rübenach,Koblenz/Rübenach,2414,2414,0,2397,2397,0,859,859,0,35.83646224447226,35.83646224447226,0.0,6,6,2026-03-22 20:12:47
1091110000053,ST,KOMMUNENTEIL,Koblenz/Bubenheim,Koblenz/Bubenheim,724,724,0,716,716,0,295,295,0,41.201117318435756,41.201117318435756,0.0,2,2,2026-03-22 19:19:52
1100000000000,WK,WAHLKREIS,"Bendorf / Weißenthurm, Wahlkreis","Bendorf / Weißenthurm, Wahlkreis",37275,37272,-3,36981,36981,0,13020,13020,0,35.207268597387845,35.207268597387845,0.0,64,64,2026-03-22 20:58:03
1101370000000,TK,WAHLKREIS_TEIL,"Mayen-Koblenz, Teilkreis","Mayen-Koblenz, Teilkreis",31012,31012,0,30759,30759,0,10890,10890,0,35.404271920413535,35.404271920413535,0.0,52,52,2026-03-22 20:57:23
1101370020300,VF,KOMMUNE,"Bendorf, Verbandsfreie Gemeinde","Bendorf, Verbandsfreie Gemeinde",7412,7412,0,7340,7340,0,2220,2220,0,30.24523160762943,30.24523160762943,0.0,15,15,2026-03-22 20:21:45
1101370020301,ST,KOMMUNENTEIL,Bendorf/Stadt,Bendorf/Stadt,1832,1832,0,1810,1810,0,446,446,0,24.64088397790055,24.64088397790055,0.0,5,5,2026-03-22 19:17:34
1101370020302,ST,KOMMUNENTEIL,Bendorf/Sayn,Bendorf/Sayn,1053,1053,0,1041,1041,0,249,249,0,23.919308357348704,23.919308357348704,0.0,3,3,2026-03-22 19:40:40
1101370020303,ST,KOMMUNENTEIL,Bendorf/Mülhofen,Bendorf/Mülhofen,613,613,0,603,603,0,124,124,0,20.563847429519072,20.563847429519072,0.0,1,1,2026-03-22 18:58:59
1101370020304,ST,KOMMUNENTEIL,Bendorf/Stromberg,Bendorf/Stromberg,503,503,0,497,497,0,194,194,0,39.03420523138833,39.03420523138833,0.0,1,1,2026-03-22 19:01:36
1101370700000,VG,KOMMUNE,"Vallendar, VG","Vallendar, VG",8371,8371,0,8317,8317,0,3219,3219,0,38.70385956474691,38.70385956474691,0.0,13,13,2026-03-22 20:57:23
1101370721800,GD,KOMMUNE,Niederwerth,Niederwerth,812,812,0,807,807,0,272,272,0,33.705080545229244,33.705080545229244,0.0,2,2,2026-03-22 19:14:44
1101370722400,GD,KOMMUNE,Urbar,Urbar,1646,1646,0,1639,1639,0,585,585,0,35.69249542403905,35.69249542403905,0.0,3,3,2026-03-22 19:41:59
1101370722600,GD,KOMMUNE,Vallendar,Vallendar,4470,4470,0,4437,4437,0,1838,1838,0,41.42438584629254,41.42438584629254,0.0,6,6,2026-03-22 20:57:23
1101370722900,GD,KOMMUNE,Weitersburg,Weitersburg,1443,1443,0,1434,1434,0,524,524,0,36.541143654114364,36.541143654114364,0.0,2,2,2026-03-22 19:22:27
1101370800000,VG,KOMMUNE,"Weißenthurm, VG","Weißenthurm, VG",15229,15229,0,15102,15102,0,5451,5451,0,36.094557012316244,36.094557012316244,0.0,24,24,2026-03-22 20:47:04
1101370820200,GD,KOMMUNE,Bassenheim,Bassenheim,1583,1583,0,1575,1575,0,599,599,0,38.03174603174603,38.03174603174603,0.0,1,1,2026-03-22 20:47:04
1101370820900,GD,KOMMUNE,Kaltenengers,Kaltenengers,1015,1015,0,1007,1007,0,381,381,0,37.835153922542204,37.835153922542204,0.0,1,1,2026-03-22 18:58:11
1101370821100,GD,KOMMUNE,Kettig,Kettig,1716,1716,0,1701,1701,0,669,669,0,39.32980599647266,39.32980599647266,0.0,3,3,2026-03-22 20:05:29
1101370821600,GD,KOMMUNE,Mülheim-Kärlich,Mülheim-Kärlich,5311,5311,0,5268,5268,0,2000,2000,0,37.96507213363706,37.96507213363706,0.0,10,10,2026-03-22 20:04:34
1101370822200,GD,KOMMUNE,Sankt Sebastian,Sankt Sebastian,1135,1135,0,1125,1125,0,371,371,0,32.97777777777778,32.97777777777778,0.0,1,1,2026-03-22 20:02:57
1101370822500,GD,KOMMUNE,Urmitz,Urmitz,1790,1790,0,1776,1776,0,658,658,0,37.049549549549546,37.049549549549546,0.0,2,2,2026-03-22 19:43:07
1101370822800,GD,KOMMUNE,Weißenthurm,Weißenthurm,2679,2679,0,2650,2650,0,773,773,0,29.169811320754718,29.169811320754718,0.0,6,6,2026-03-22 20:29:11
1101430000000,TK,WAHLKREIS_TEIL,"Westerwaldkreis, Teilkreis","Westerwaldkreis, Teilkreis",6263,6260,-3,6222,6222,0,2130,2130,0,34.23336547733848,34.23336547733848,0.0,12,12,2026-03-22 20:28:42
1101430300000,VG,KOMMUNE,"Höhr-Grenzhausen, VG","Höhr-Grenzhausen, VG",6263,6260,-3,6222,6222,0,2130,2130,0,34.23336547733848,34.23336547733848,0.0,12,12,2026-03-22 20:28:42
1101430303000,GD,KOMMUNE,Hilgert,Hilgert,842,842,0,841,841,0,281,281,0,33.41260404280618,33.41260404280618,0.0,1,1,2026-03-22 19:21:25
1101430303100,GD,KOMMUNE,Hillscheid,Hillscheid,1338,1338,0,1327,1327,0,520,520,0,39.18613413715147,39.18613413715147,0.0,2,2,2026-03-22 19:31:28
1101430303200,GD,KOMMUNE,Höhr-Grenzhausen,Höhr-Grenzhausen,3945,3942,-3,3917,3917,0,1299,1299,0,33.163135052335974,33.163135052335974,0.0,8,8,2026-03-22 19:42:11
1101430304000,GD,KOMMUNE,Kammerforst,Kammerforst,138,138,0,137,137,0,30,30,0,21.897810218978105,21.897810218978105,0.0,1,1,2026-03-22 20:28:42
1110000000000,WK,WAHLKREIS,"Andernach, Wahlkreis","Andernach, Wahlkreis",29241,29277,36,28991,29025,34,9046,9096,50,31.202787071849887,31.33850129198966,0.13571422013977497,63,63,2026-03-22 20:42:29
1111370000000,TK,WAHLKREIS_TEIL,"Mayen-Koblenz, Teilkreis","Mayen-Koblenz, Teilkreis",29241,29277,36,28991,29025,34,9046,9096,50,31.202787071849887,31.33850129198966,0.13571422013977497,63,63,2026-03-22 20:41:18
1111370000300,VF,KOMMUNE,"Andernach, Verbandsfreie Gemeinde","Andernach, Verbandsfreie Gemeinde",13284,13284,0,13174,13174,0,3867,3867,0,29.353271595567026,29.353271595567026,0.0,32,32,2026-03-22 20:41:18
1111370000301,ST,KOMMUNENTEIL,Andernach/Kernstadt,Andernach/Kernstadt,4955,4955,0,4894,4894,0,1103,1103,0,22.537801389456476,22.537801389456476,0.0,11,11,2026-03-22 20:41:18
1111370000302,ST,KOMMUNENTEIL,Andernach/Eich,Andernach/Eich,572,572,0,566,566,0,144,144,0,25.4416961130742,25.4416961130742,0.0,1,1,2026-03-22 19:32:06
1111370000303,ST,KOMMUNENTEIL,Andernach/Kell,Andernach/Kell,318,318,0,314,314,0,121,121,0,38.53503184713376,38.53503184713376,0.0,1,1,2026-03-22 19:02:46
1111370000304,ST,KOMMUNENTEIL,Andernach/Miesenheim,Andernach/Miesenheim,702,702,0,701,701,0,202,202,0,28.815977175463626,28.815977175463626,0.0,2,2,2026-03-22 19:53:47
1111370000305,ST,KOMMUNENTEIL,Andernach/Namedy,Andernach/Namedy,335,335,0,335,335,0,90,90,0,26.865671641791046,26.865671641791046,0.0,1,1,2026-03-22 19:29:54
1111370100000,VG,KOMMUNE,"Pellenz, VG","Pellenz, VG",8667,8703,36,8579,8613,34,2698,2748,50,31.448886816645295,31.90525949146639,0.4563726748210932,20,20,2026-03-22 20:02:47
1111370105600,GD,KOMMUNE,Kretz,Kretz,354,354,0,349,349,0,97,97,0,27.793696275071632,27.793696275071632,0.0,2,2,2026-03-22 19:09:53
1111370105700,GD,KOMMUNE,Kruft,Kruft,2193,2191,-2,2169,2169,0,712,712,0,32.82618718303365,32.82618718303365,0.0,4,4,2026-03-22 19:48:23
1111370108100,GD,KOMMUNE,Nickenich,Nickenich,2118,2118,0,2099,2099,0,578,578,0,27.53692234397332,27.53692234397332,0.0,4,4,2026-03-22 19:30:06
1111370108800,GD,KOMMUNE,Plaidt,Plaidt,2802,2840,38,2780,2814,34,909,959,50,32.697841726618705,34.07960199004975,1.3817602634310475,8,8,2026-03-22 20:02:47
1111370109600,GD,KOMMUNE,Saffig,Saffig,1200,1200,0,1182,1182,0,402,402,0,34.01015228426396,34.01015228426396,0.0,2,2,2026-03-22 19:51:25
1111370400000,VG,KOMMUNE,"Mendig, VG","Mendig, VG",7290,7290,0,7238,7238,0,2481,2481,0,34.277424702956615,34.277424702956615,0.0,11,11,2026-03-22 20:12:42
1111370400800,GD,KOMMUNE,Bell,Bell,823,823,0,815,815,0,282,282,0,34.60122699386503,34.60122699386503,0.0,1,1,2026-03-22 18:58:24
1111370406900,GD,KOMMUNE,Mendig,Mendig,4585,4585,0,4557,4557,0,1458,1458,0,31.994733377221856,31.994733377221856,0.0,7,7,2026-03-22 20:12:42
1111370409300,GD,KOMMUNE,Rieden,Rieden,700,700,0,695,695,0,293,293,0,42.15827338129496,42.15827338129496,0.0,1,1,2026-03-22 18:50:23
1111370410100,GD,KOMMUNE,Thür,Thür,846,846,0,839,839,0,306,306,0,36.471990464839095,36.471990464839095,0.0,1,1,2026-03-22 18:52:51
1111370410600,GD,KOMMUNE,Volkesfeld,Volkesfeld,336,336,0,332,332,0,142,142,0,42.77108433734939,42.77108433734939,0.0,1,1,2026-03-22 18:43:02
1120000000000,WK,WAHLKREIS,"Mayen, Wahlkreis","Mayen, Wahlkreis",47439,47431,-8,46974,46974,0,17548,17548,0,37.35683569634266,37.35683569634266,0.0,104,104,2026-03-22 22:37:04
1121370000000,TK,WAHLKREIS_TEIL,"Mayen-Koblenz, Teilkreis","Mayen-Koblenz, Teilkreis",47439,47431,-8,46974,46974,0,17548,17548,0,37.35683569634266,37.35683569634266,0.0,104,104,2026-03-22 22:36:10
1121370006800,VF,KOMMUNE,"Mayen, Verbandsfreie Gemeinde","Mayen, Verbandsfreie Gemeinde",8763,8763,0,8679,8679,0,2788,2788,0,32.123516534162924,32.123516534162924,0.0,14,14,2026-03-22 21:41:25
1121370006801,ST,KOMMUNENTEIL,Mayen/Kernstadt,Mayen/Kernstadt,6347,6347,0,6281,6281,0,1982,1982,0,31.555484795414745,31.555484795414745,0.0,10,10,2026-03-22 21:41:25
1121370006802,ST,KOMMUNENTEIL,Mayen/Alzheim,Mayen/Alzheim,759,759,0,755,755,0,283,283,0,37.48344370860927,37.48344370860927,0.0,1,1,2026-03-22 19:59:06
1121370006803,ST,KOMMUNENTEIL,Mayen/Hausen,Mayen/Hausen,927,927,0,919,919,0,246,246,0,26.768226332970617,26.768226332970617,0.0,1,1,2026-03-22 19:39:55
1121370006804,ST,KOMMUNENTEIL,Mayen/Kürrenberg,Mayen/Kürrenberg,642,642,0,636,636,0,243,243,0,38.20754716981132,38.20754716981132,0.0,1,1,2026-03-22 19:26:47
1121370006805,ST,KOMMUNENTEIL,Mayen/Nitztal,Mayen/Nitztal,88,88,0,88,88,0,34,34,0,38.63636363636363,38.63636363636363,0.0,1,1,2026-03-22 19:54:50
1121370200000,VG,KOMMUNE,"Maifeld, VG","Maifeld, VG",13139,13137,-2,12995,12995,0,4530,4530,0,34.8595613697576,34.8595613697576,0.0,34,34,2026-03-22 19:58:42
1121370202300,GD,KOMMUNE,Einig,Einig,79,79,0,75,75,0,35,35,0,46.666666666666664,46.666666666666664,0.0,1,1,2026-03-22 18:44:39
1121370202700,GD,KOMMUNE,Gappenach,Gappenach,200,200,0,198,198,0,59,59,0,29.797979797979796,29.797979797979796,0.0,1,1,2026-03-22 19:08:31
1121370202900,GD,KOMMUNE,Gering,Gering,220,220,0,219,219,0,73,73,0,33.33333333333333,33.33333333333333,0.0,1,1,2026-03-22 19:44:01
1121370203000,GD,KOMMUNE,Gierschnach,Gierschnach,165,165,0,164,164,0,45,45,0,27.439024390243905,27.439024390243905,0.0,1,1,2026-03-22 18:38:35
1121370204100,GD,KOMMUNE,Kalt,Kalt,274,274,0,272,272,0,95,95,0,34.92647058823529,34.92647058823529,0.0,1,1,2026-03-22 19:22:30
1121370204800,GD,KOMMUNE,Kerben,Kerben,295,295,0,293,293,0,95,95,0,32.42320819112628,32.42320819112628,0.0,1,1,2026-03-22 18:43:07
1121370205300,GD,KOMMUNE,Kollig,Kollig,347,347,0,337,337,0,130,130,0,38.57566765578635,38.57566765578635,0.0,1,1,2026-03-22 18:37:10
1121370206500,GD,KOMMUNE,Lonnig,Lonnig,713,713,0,710,710,0,256,256,0,36.056338028169016,36.056338028169016,0.0,2,2,2026-03-22 19:35:41
1121370207000,GD,KOMMUNE,Mertloch,Mertloch,756,756,0,748,748,0,245,245,0,32.75401069518716,32.75401069518716,0.0,1,1,2026-03-22 19:30:04
1121370208000,GD,KOMMUNE,Naunheim,Naunheim,247,247,0,246,246,0,94,94,0,38.21138211382114,38.21138211382114,0.0,1,1,2026-03-22 19:01:09
1121370208600,GD,KOMMUNE,Ochtendung,Ochtendung,2811,2811,0,2784,2784,0,1031,1031,0,37.03304597701149,37.03304597701149,0.0,3,3,2026-03-22 19:42:01
1121370208700,GD,KOMMUNE,Pillig,Pillig,293,293,0,270,270,0,97,97,0,35.92592592592593,35.92592592592593,0.0,1,1,2026-03-22 19:58:42
1121370208900,GD,KOMMUNE,Polch,Polch,3167,3167,0,3134,3134,0,1085,1085,0,34.620293554562856,34.620293554562856,0.0,7,7,2026-03-22 19:49:00
1121370209500,GD,KOMMUNE,Rüber,Rüber,507,507,0,506,506,0,159,159,0,31.422924901185773,31.422924901185773,0.0,1,1,2026-03-22 19:21:09
1121370210200,GD,KOMMUNE,Trimbs,Trimbs,383,383,0,380,380,0,106,106,0,27.89473684210526,27.89473684210526,0.0,1,1,2026-03-22 19:12:17
1121370211200,GD,KOMMUNE,Welling,Welling,545,545,0,542,542,0,199,199,0,36.715867158671585,36.715867158671585,0.0,1,1,2026-03-22 18:54:38
1121370211400,GD,KOMMUNE,Wierschem,Wierschem,201,201,0,197,197,0,65,65,0,32.99492385786802,32.99492385786802,0.0,1,1,2026-03-22 18:53:10
1121370250100,GD,KOMMUNE,Münstermaifeld,Münstermaifeld,1936,1934,-2,1920,1920,0,661,661,0,34.427083333333336,34.427083333333336,0.0,8,8,2026-03-22 19:33:08
1121370300000,VG,KOMMUNE,"Vordereifel, VG","Vordereifel, VG",9696,9690,-6,9553,9553,0,3851,3851,0,40.31194389197111,40.31194389197111,0.0,30,30,2026-03-22 22:36:10
1121370300100,GD,KOMMUNE,Acht,Acht,53,53,0,52,52,0,11,11,0,21.153846153846153,21.153846153846153,0.0,1,1,2026-03-22 18:40:28
1121370300400,GD,KOMMUNE,Anschau,Anschau,204,204,0,200,200,0,98,98,0,49.0,49.0,0.0,1,1,2026-03-22 19:13:47
1121370300600,GD,KOMMUNE,Arft,Arft,138,138,0,135,135,0,47,47,0,34.81481481481482,34.81481481481482,0.0,1,1,2026-03-22 18:31:01
1121370300700,GD,KOMMUNE,Baar,Baar,395,395,0,390,390,0,201,201,0,51.53846153846153,51.53846153846153,0.0,1,1,2026-03-22 19:23:19
1121370301100,GD,KOMMUNE,Bermel,Bermel,221,221,0,218,218,0,73,73,0,33.48623853211009,33.48623853211009,0.0,1,1,2026-03-22 20:12:10
1121370301400,GD,KOMMUNE,Boos,Boos,372,362,-10,361,361,0,183,183,0,50.69252077562327,50.69252077562327,0.0,1,1,2026-03-22 20:24:33
1121370301900,GD,KOMMUNE,Ditscheid,Ditscheid,166,166,0,165,165,0,67,67,0,40.60606060606061,40.60606060606061,0.0,1,1,2026-03-22 19:07:36
1121370302500,GD,KOMMUNE,Ettringen,Ettringen,1489,1489,0,1456,1456,0,448,448,0,30.76923076923077,30.76923076923077,0.0,2,2,2026-03-22 20:27:15
1121370303400,GD,KOMMUNE,Hausten,Hausten,260,260,0,258,258,0,118,118,0,45.73643410852713,45.73643410852713,0.0,1,1,2026-03-22 19:01:52
1121370303500,GD,KOMMUNE,Herresbach,Herresbach,318,318,0,313,313,0,180,180,0,57.50798722044729,57.50798722044729,0.0,1,1,2026-03-22 20:10:57
1121370303600,GD,KOMMUNE,Hirten,Hirten,152,152,0,150,150,0,55,55,0,36.666666666666664,36.666666666666664,0.0,1,1,2026-03-22 18:53:31
1121370304300,GD,KOMMUNE,Kehrig,Kehrig,767,770,3,763,763,0,280,280,0,36.69724770642202,36.69724770642202,0.0,1,1,2026-03-22 19:29:18
1121370304900,GD,KOMMUNE,Kirchwald,Kirchwald,489,489,0,484,484,0,156,156,0,32.231404958677686,32.231404958677686,0.0,1,1,2026-03-22 20:25:57
1121370305500,GD,KOMMUNE,Kottenheim,Kottenheim,1542,1542,0,1526,1526,0,578,578,0,37.876802096985585,37.876802096985585,0.0,2,2,2026-03-22 22:36:10
1121370306000,GD,KOMMUNE,Langenfeld,Langenfeld,439,440,1,431,431,0,197,197,0,45.707656612529,45.707656612529,0.0,1,1,2026-03-22 20:18:37
1121370306100,GD,KOMMUNE,Langscheid,Langscheid,55,55,0,53,53,0,25,25,0,47.16981132075472,47.16981132075472,0.0,1,1,2026-03-22 18:38:09
1121370306300,GD,KOMMUNE,Lind,Lind,35,35,0,35,35,0,24,24,0,68.57142857142857,68.57142857142857,0.0,1,1,2026-03-22 18:25:39
1121370306600,GD,KOMMUNE,Luxem,Luxem,197,197,0,195,195,0,99,99,0,50.76923076923077,50.76923076923077,0.0,1,1,2026-03-22 19:10:52
1121370307400,GD,KOMMUNE,Monreal,Monreal,441,441,0,431,431,0,165,165,0,38.2830626450116,38.2830626450116,0.0,1,1,2026-03-22 19:20:53
1121370307700,GD,KOMMUNE,Münk,Münk,154,154,0,152,152,0,86,86,0,56.57894736842105,56.57894736842105,0.0,1,1,2026-03-22 19:03:17
1121370307900,GD,KOMMUNE,Nachtsheim,Nachtsheim,373,373,0,367,367,0,178,178,0,48.50136239782017,48.50136239782017,0.0,1,1,2026-03-22 19:32:40
1121370309200,GD,KOMMUNE,Reudelsterz,Reudelsterz,224,224,0,222,222,0,93,93,0,41.891891891891895,41.891891891891895,0.0,1,1,2026-03-22 19:16:51
1121370309700,GD,KOMMUNE,Sankt Johann,Sankt Johann,518,518,0,515,515,0,188,188,0,36.50485436893204,36.50485436893204,0.0,1,1,2026-03-22 20:40:02
1121370309900,GD,KOMMUNE,Siebenbach,Siebenbach,120,120,0,119,119,0,52,52,0,43.69747899159664,43.69747899159664,0.0,1,1,2026-03-22 20:04:17
1121370310500,GD,KOMMUNE,Virneburg,Virneburg,229,229,0,221,221,0,102,102,0,46.15384615384615,46.15384615384615,0.0,1,1,2026-03-22 19:00:42
1121370311000,GD,KOMMUNE,Weiler,Weiler,305,305,0,303,303,0,128,128,0,42.244224422442244,42.244224422442244,0.0,2,2,2026-03-22 19:33:50
1121370311300,GD,KOMMUNE,Welschenbach,Welschenbach,40,40,0,38,38,0,19,19,0,50.0,50.0,0.0,1,1,2026-03-22 18:35:36
1121370900000,VG,KOMMUNE,"Rhein-Mosel, VG","Rhein-Mosel, VG",15841,15841,0,15747,15747,0,6379,6379,0,40.509303359370044,40.509303359370044,0.0,26,26,2026-03-22 20:06:16
1121370920100,GD,KOMMUNE,Alken,Alken,425,425,0,421,421,0,185,185,0,43.942992874109265,43.942992874109265,0.0,1,1,2026-03-22 19:09:50
1121370920400,GD,KOMMUNE,Brey,Brey,979,979,0,978,978,0,374,374,0,38.24130879345603,38.24130879345603,0.0,1,1,2026-03-22 19:42:53
1121370920500,GD,KOMMUNE,Brodenbach,Brodenbach,354,354,0,353,353,0,148,148,0,41.92634560906516,41.92634560906516,0.0,2,2,2026-03-22 19:04:54
1121370920600,GD,KOMMUNE,Burgen,Burgen,432,432,0,432,432,0,165,165,0,38.19444444444444,38.19444444444444,0.0,1,1,2026-03-22 19:35:42
1121370920700,GD,KOMMUNE,Dieblich,Dieblich,1444,1444,0,1440,1440,0,657,657,0,45.625,45.625,0.0,1,1,2026-03-22 19:54:37
1121370920800,GD,KOMMUNE,Hatzenport,Hatzenport,341,341,0,340,340,0,135,135,0,39.705882352941174,39.705882352941174,0.0,1,1,2026-03-22 19:16:35
1121370921200,GD,KOMMUNE,Kobern-Gondorf,Kobern-Gondorf,1690,1690,0,1678,1678,0,662,662,0,39.45172824791419,39.45172824791419,0.0,3,3,2026-03-22 19:17:29
1121370921400,GD,KOMMUNE,Löf,Löf,870,870,0,863,863,0,348,348,0,40.32444959443801,40.32444959443801,0.0,2,2,2026-03-22 18:59:33
1121370921500,GD,KOMMUNE,Macken,Macken,255,255,0,255,255,0,135,135,0,52.94117647058824,52.94117647058824,0.0,1,1,2026-03-22 18:45:01
1121370921700,GD,KOMMUNE,Niederfell,Niederfell,478,478,0,471,471,0,147,147,0,31.210191082802545,31.210191082802545,0.0,1,1,2026-03-22 18:58:05
1121370921900,GD,KOMMUNE,Nörtershausen,Nörtershausen,729,729,0,724,724,0,284,284,0,39.226519337016576,39.226519337016576,0.0,2,2,2026-03-22 19:59:35
1121370922000,GD,KOMMUNE,Oberfell,Oberfell,642,642,0,640,640,0,295,295,0,46.09375,46.09375,0.0,1,1,2026-03-22 19:35:37
1121370922100,GD,KOMMUNE,Rhens,Rhens,1645,1645,0,1634,1634,0,715,715,0,43.75764993880049,43.75764993880049,0.0,2,2,2026-03-22 20:06:16
1121370922300,GD,KOMMUNE,Spay,Spay,1168,1168,0,1160,1160,0,445,445,0,38.362068965517246,38.362068965517246,0.0,1,1,2026-03-22 19:57:51
1121370922700,GD,KOMMUNE,Waldesch,Waldesch,1378,1378,0,1371,1371,0,531,531,0,38.7308533916849,38.7308533916849,0.0,2,2,2026-03-22 19:28:16
1121370923000,GD,KOMMUNE,Winningen,Winningen,1501,1501,0,1494,1494,0,562,562,0,37.61713520749665,37.61713520749665,0.0,1,1,2026-03-22 19:29:00
1121370923100,GD,KOMMUNE,Wolken,Wolken,728,728,0,722,722,0,330,330,0,45.70637119113574,45.70637119113574,0.0,1,1,2026-03-22 19:45:17
1121370950400,GD,KOMMUNE,Lehmen,Lehmen,782,782,0,771,771,0,261,261,0,33.85214007782101,33.85214007782101,0.0,2,2,2026-03-22 19:57:54
1130000000000,WK,WAHLKREIS,"Remagen / Sinzig, Wahlkreis","Remagen / Sinzig, Wahlkreis",32627,32627,0,32384,32384,0,11575,11575,0,35.74295948616601,35.74295948616601,0.0,56,56,2026-03-22 22:02:40
1131310000000,TK,WAHLKREIS_TEIL,"Ahrweiler, Teilkreis","Ahrweiler, Teilkreis",32627,32627,0,32384,32384,0,11575,11575,0,35.74295948616601,35.74295948616601,0.0,56,56,2026-03-22 22:02:16
1131310007000,VF,KOMMUNE,"Remagen, Verbandsfreie Gemeinde","Remagen, Verbandsfreie Gemeinde",7904,7904,0,7827,7827,0,2622,2622,0,33.49942506707551,33.49942506707551,0.0,10,10,2026-03-22 22:02:16
1131310007001,ST,KOMMUNENTEIL,Remagen/Kripp,Remagen/Kripp,1702,1702,0,1692,1692,0,533,533,0,31.501182033096924,31.501182033096924,0.0,2,2,2026-03-22 21:17:31
1131310007002,ST,KOMMUNENTEIL,Remagen/Stadt,Remagen/Stadt,3206,3206,0,3175,3175,0,1045,1045,0,32.91338582677165,32.91338582677165,0.0,3,3,2026-03-22 22:02:16
1131310007003,ST,KOMMUNENTEIL,Remagen/Oberwinter,Remagen/Oberwinter,1666,1666,0,1652,1652,0,560,560,0,33.89830508474576,33.89830508474576,0.0,2,2,2026-03-22 21:29:57
1131310007004,ST,KOMMUNENTEIL,Remagen/Oedingen,Remagen/Oedingen,557,557,0,548,548,0,221,221,0,40.32846715328467,40.32846715328467,0.0,1,1,2026-03-22 19:45:13
1131310007005,ST,KOMMUNENTEIL,Remagen/Rolandswerth,Remagen/Rolandswerth,208,208,0,204,204,0,88,88,0,43.13725490196079,43.13725490196079,0.0,1,1,2026-03-22 18:52:39
1131310007006,ST,KOMMUNENTEIL,Remagen/Unkelbach,Remagen/Unkelbach,565,565,0,556,556,0,175,175,0,31.47482014388489,31.47482014388489,0.0,1,1,2026-03-22 19:41:46
1131310007700,VF,KOMMUNE,"Sinzig, Verbandsfreie Gemeinde","Sinzig, Verbandsfreie Gemeinde",8001,8001,0,7940,7940,0,2885,2885,0,36.33501259445844,36.33501259445844,0.0,10,10,2026-03-22 20:52:08
1131310007710,ST,KOMMUNENTEIL,Sinzig / Bad Bodendorf,Sinzig / Bad Bodendorf,2015,2015,0,2002,2002,0,708,708,0,35.36463536463537,35.36463536463537,0.0,2,2,2026-03-22 20:15:20
1131310007720,ST,KOMMUNENTEIL,Sinzig / Franken,Sinzig / Franken,281,281,0,281,281,0,107,107,0,38.07829181494662,38.07829181494662,0.0,1,1,2026-03-22 18:58:50
1131310007730,ST,KOMMUNENTEIL,Sinzig / Koisdorf,Sinzig / Koisdorf,428,428,0,424,424,0,166,166,0,39.15094339622642,39.15094339622642,0.0,1,1,2026-03-22 19:16:34
1131310007740,ST,KOMMUNENTEIL,Sinzig / Löhndorf,Sinzig / Löhndorf,793,793,0,787,787,0,330,330,0,41.93138500635324,41.93138500635324,0.0,1,1,2026-03-22 20:17:20
1131310007750,ST,KOMMUNENTEIL,Sinzig,Sinzig,3576,3576,0,3545,3545,0,1173,1173,0,33.08885754583921,33.08885754583921,0.0,4,4,2026-03-22 20:52:08
1131310007760,ST,KOMMUNENTEIL,Sinzig / Westum,Sinzig / Westum,908,908,0,901,901,0,401,401,0,44.50610432852386,44.50610432852386,0.0,1,1,2026-03-22 19:57:10
1131310300000,VG,KOMMUNE,"Bad Breisig, VG","Bad Breisig, VG",6096,6096,0,6063,6063,0,2128,2128,0,35.098136236186704,35.098136236186704,0.0,13,13,2026-03-22 19:45:53
1131310300600,GD,KOMMUNE,Bad Breisig,Bad Breisig,4026,4026,0,4003,4003,0,1419,1419,0,35.448413689732696,35.448413689732696,0.0,9,9,2026-03-22 19:45:53
1131310301400,GD,KOMMUNE,Brohl-Lützing,Brohl-Lützing,1179,1179,0,1172,1172,0,392,392,0,33.44709897610921,33.44709897610921,0.0,2,2,2026-03-22 19:22:22
1131310302500,GD,KOMMUNE,Gönnersdorf,Gönnersdorf,341,341,0,339,339,0,127,127,0,37.46312684365782,37.46312684365782,0.0,1,1,2026-03-22 19:10:56
1131310308100,GD,KOMMUNE,Waldorf,Waldorf,550,550,0,549,549,0,190,190,0,34.60837887067395,34.60837887067395,0.0,1,1,2026-03-22 19:25:35
1131310400000,VG,KOMMUNE,"Brohltal, VG","Brohltal, VG",10626,10626,0,10554,10554,0,3940,3940,0,37.33181732044722,37.33181732044722,0.0,23,23,2026-03-22 21:18:23
1131310401600,GD,KOMMUNE,Dedenbach,Dedenbach,296,296,0,295,295,0,124,124,0,42.03389830508474,42.03389830508474,0.0,1,1,2026-03-22 18:46:17
1131310404100,GD,KOMMUNE,Königsfeld,Königsfeld,455,455,0,453,453,0,164,164,0,36.20309050772627,36.20309050772627,0.0,1,1,2026-03-22 18:54:28
1131310405400,GD,KOMMUNE,Niederdürenbach,Niederdürenbach,539,539,0,536,536,0,212,212,0,39.55223880597015,39.55223880597015,0.0,2,2,2026-03-22 18:51:08
1131310405500,GD,KOMMUNE,Niederzissen,Niederzissen,1571,1571,0,1558,1558,0,642,642,0,41.206675224646986,41.206675224646986,0.0,2,2,2026-03-22 19:16:04
1131310405900,GD,KOMMUNE,Oberdürenbach,Oberdürenbach,400,400,0,398,398,0,134,134,0,33.66834170854271,33.66834170854271,0.0,2,2,2026-03-22 19:05:04
1131310406000,GD,KOMMUNE,Oberzissen,Oberzissen,598,598,0,595,595,0,222,222,0,37.3109243697479,37.3109243697479,0.0,1,1,2026-03-22 18:58:34
1131310407300,GD,KOMMUNE,Schalkenbach,Schalkenbach,439,439,0,438,438,0,146,146,0,33.33333333333333,33.33333333333333,0.0,1,1,2026-03-22 19:02:15
1131310420100,GD,KOMMUNE,Brenk,Brenk,123,123,0,123,123,0,42,42,0,34.146341463414636,34.146341463414636,0.0,1,1,2026-03-22 18:35:49
1131310420200,GD,KOMMUNE,Burgbrohl,Burgbrohl,1561,1561,0,1549,1549,0,517,517,0,33.37637185280826,33.37637185280826,0.0,3,3,2026-03-22 21:18:23
1131310420400,GD,KOMMUNE,Galenberg,Galenberg,135,135,0,134,134,0,42,42,0,31.343283582089555,31.343283582089555,0.0,1,1,2026-03-22 18:38:38
1131310420500,GD,KOMMUNE,Glees,Glees,358,358,0,358,358,0,152,152,0,42.45810055865922,42.45810055865922,0.0,1,1,2026-03-22 18:52:42
1131310420600,GD,KOMMUNE,Hohenleimbach,Hohenleimbach,211,211,0,208,208,0,76,76,0,36.53846153846153,36.53846153846153,0.0,1,1,2026-03-22 18:48:44
1131310420800,GD,KOMMUNE,Spessart,Spessart,540,540,0,529,529,0,164,164,0,31.001890359168243,31.001890359168243,0.0,1,1,2026-03-22 19:11:49
1131310420900,GD,KOMMUNE,Wassenach,Wassenach,757,757,0,752,752,0,259,259,0,34.441489361702125,34.441489361702125,0.0,1,1,2026-03-22 20:12:21
1131310421000,GD,KOMMUNE,Wehr,Wehr,700,700,0,693,693,0,297,297,0,42.857142857142854,42.857142857142854,0.0,1,1,2026-03-22 19:39:00
1131310421100,GD,KOMMUNE,Weibern,Weibern,873,873,0,872,872,0,311,311,0,35.6651376146789,35.6651376146789,0.0,1,1,2026-03-22 19:27:07
1131310450200,GD,KOMMUNE,Kempenich,Kempenich,1070,1070,0,1063,1063,0,436,436,0,41.01599247412982,41.01599247412982,0.0,2,2,2026-03-22 20:30:09
1140000000000,WK,WAHLKREIS,"Bad Neuenahr-Ahrweiler, Wahlkreis","Bad Neuenahr-Ahrweiler, Wahlkreis",33699,33689,-10,33340,33337,-3,14390,14390,0,43.161367726454706,43.16525182229955,0.0038840958448460583,89,89,2026-03-22 22:00:36
1141310000000,TK,WAHLKREIS_TEIL,"Ahrweiler, Teilkreis","Ahrweiler, Teilkreis",33699,33689,-10,33340,33337,-3,14390,14390,0,43.161367726454706,43.16525182229955,0.0038840958448460583,89,89,2026-03-22 21:57:47
1141310000700,VF,KOMMUNE,"Bad Neuenahr-Ahrweiler, Verbandsfreie Gemeinde","Bad Neuenahr-Ahrweiler, Verbandsfreie Gemeinde",14056,14060,4,13857,13854,-3,5817,5818,1,41.97878328642563,41.99509167027573,0.016308383850095254,24,24,2026-03-22 21:57:47
1141310000711,ST,KOMMUNENTEIL,Ahrweiler,Ahrweiler,3953,3957,4,3902,3898,-4,1644,1644,0,42.13223987698616,42.17547460236018,0.0432347253740204,6,6,2026-03-22 21:57:47
1141310000712,ST,KOMMUNENTEIL,Walporzheim,Walporzheim,329,329,0,326,326,0,140,140,0,42.944785276073624,42.944785276073624,0.0,1,1,2026-03-22 19:38:16
1141310000713,ST,KOMMUNENTEIL,Bachem,Bachem,715,715,0,707,707,0,240,240,0,33.946251768033946,33.946251768033946,0.0,1,1,2026-03-22 20:35:54
1141310000714,ST,KOMMUNENTEIL,Ramersbach,Ramersbach,363,363,0,352,352,0,130,130,0,36.93181818181818,36.93181818181818,0.0,1,1,2026-03-22 19:15:18
1141310000720,ST,KOMMUNENTEIL,Bad Neuenahr,Bad Neuenahr,5597,5597,0,5508,5508,0,2386,2386,0,43.318809005083516,43.318809005083516,0.0,9,9,2026-03-22 21:15:41
1141310000730,ST,KOMMUNENTEIL,Heimersheim,Heimersheim,1592,1592,0,1575,1576,1,645,646,1,40.95238095238095,40.98984771573604,0.03746676335509136,2,2,2026-03-22 20:52:33
1141310000731,ST,KOMMUNENTEIL,Heppingen,Heppingen,543,543,0,535,535,0,223,223,0,41.6822429906542,41.6822429906542,0.0,1,1,2026-03-22 20:55:08
1141310000732,ST,KOMMUNENTEIL,Gimmigen,Gimmigen,421,421,0,417,417,0,199,199,0,47.721822541966425,47.721822541966425,0.0,1,1,2026-03-22 19:39:05
1141310000733,ST,KOMMUNENTEIL,Lohrsdorf,Lohrsdorf,321,321,0,320,320,0,125,125,0,39.0625,39.0625,0.0,1,1,2026-03-22 20:03:45
1141310000734,ST,KOMMUNENTEIL,Kirchdaun,Kirchdaun,222,222,0,215,215,0,85,85,0,39.53488372093023,39.53488372093023,0.0,1,1,2026-03-22 19:04:21
1141310009000,VF,KOMMUNE,"Grafschaft, Verbandsfreie Gemeinde","Grafschaft, Verbandsfreie Gemeinde",6084,6084,0,6037,6037,0,2428,2428,0,40.218651648169626,40.218651648169626,0.0,11,11,2026-03-22 20:14:23
1141310100000,VG,KOMMUNE,"Adenau, VG","Adenau, VG",7493,7491,-2,7424,7424,0,3405,3404,-1,45.864762931034484,45.85129310344828,-0.013469827586206407,39,39,2026-03-22 21:29:46
1141310100100,GD,KOMMUNE,Adenau,Adenau,1428,1428,0,1419,1419,0,636,635,-1,44.82029598308668,44.74982381959126,-0.07047216349541685,3,3,2026-03-22 21:29:46
1141310100400,GD,KOMMUNE,Antweiler,Antweiler,313,313,0,310,310,0,139,139,0,44.83870967741935,44.83870967741935,0.0,1,1,2026-03-22 18:57:16
1141310100500,GD,KOMMUNE,Aremberg,Aremberg,143,143,0,143,143,0,51,51,0,35.66433566433567,35.66433566433567,0.0,1,1,2026-03-22 18:29:35
1141310100800,GD,KOMMUNE,Barweiler,Barweiler,242,242,0,241,241,0,125,125,0,51.867219917012456,51.867219917012456,0.0,1,1,2026-03-22 18:58:16
1141310100900,GD,KOMMUNE,Bauler,Bauler,30,30,0,28,28,0,14,14,0,50.0,50.0,0.0,1,1,2026-03-22 18:32:12
1141310101500,GD,KOMMUNE,Dankerath,Dankerath,50,50,0,50,50,0,21,21,0,42.0,42.0,0.0,1,1,2026-03-22 18:34:56
1141310101800,GD,KOMMUNE,Dorsel,Dorsel,114,114,0,112,112,0,46,46,0,41.07142857142857,41.07142857142857,0.0,1,1,2026-03-22 18:37:32
1141310102100,GD,KOMMUNE,Eichenbach,Eichenbach,41,41,0,41,41,0,18,18,0,43.90243902439025,43.90243902439025,0.0,1,1,2026-03-22 18:19:49
1141310102200,GD,KOMMUNE,Fuchshofen,Fuchshofen,55,55,0,55,55,0,31,31,0,56.36363636363636,56.36363636363636,0.0,1,1,2026-03-22 18:44:34
1141310102600,GD,KOMMUNE,Harscheid,Harscheid,83,83,0,83,83,0,24,24,0,28.915662650602407,28.915662650602407,0.0,1,1,2026-03-22 18:22:54
1141310102800,GD,KOMMUNE,Herschbroich,Herschbroich,145,145,0,145,145,0,70,70,0,48.275862068965516,48.275862068965516,0.0,1,1,2026-03-22 19:52:01
1141310103000,GD,KOMMUNE,Hoffeld,Hoffeld,201,201,0,198,198,0,109,109,0,55.05050505050505,55.05050505050505,0.0,1,1,2026-03-22 21:05:49
1141310103200,GD,KOMMUNE,Honerath,Honerath,106,106,0,106,106,0,51,51,0,48.113207547169814,48.113207547169814,0.0,1,1,2026-03-22 18:24:36
1141310103300,GD,KOMMUNE,Hümmel,Hümmel,308,306,-2,303,303,0,156,156,0,51.48514851485149,51.48514851485149,0.0,1,1,2026-03-22 19:25:13
1141310103400,GD,KOMMUNE,Insul,Insul,294,294,0,290,290,0,113,113,0,38.96551724137931,38.96551724137931,0.0,1,1,2026-03-22 20:03:10
1141310103700,GD,KOMMUNE,Kaltenborn,Kaltenborn,215,215,0,214,214,0,99,99,0,46.26168224299065,46.26168224299065,0.0,1,1,2026-03-22 18:41:07
1141310104200,GD,KOMMUNE,Kottenborn,Kottenborn,103,103,0,102,102,0,49,49,0,48.03921568627451,48.03921568627451,0.0,1,1,2026-03-22 18:33:59
1141310104400,GD,KOMMUNE,Leimbach,Leimbach,254,254,0,253,253,0,101,101,0,39.920948616600796,39.920948616600796,0.0,1,1,2026-03-22 19:03:45
1141310105000,GD,KOMMUNE,Meuspath,Meuspath,92,92,0,91,91,0,44,44,0,48.35164835164835,48.35164835164835,0.0,1,1,2026-03-22 18:45:50
1141310105100,GD,KOMMUNE,Müllenbach,Müllenbach,310,310,0,306,306,0,177,177,0,57.84313725490197,57.84313725490197,0.0,1,1,2026-03-22 19:31:32
1141310105200,GD,KOMMUNE,Müsch,Müsch,112,112,0,111,111,0,53,53,0,47.74774774774775,47.74774774774775,0.0,1,1,2026-03-22 18:31:29
1141310105800,GD,KOMMUNE,Nürburg,Nürburg,108,108,0,108,108,0,63,63,0,58.333333333333336,58.333333333333336,0.0,1,1,2026-03-22 18:35:53
1141310106200,GD,KOMMUNE,Ohlenhard,Ohlenhard,79,79,0,79,79,0,27,27,0,34.177215189873415,34.177215189873415,0.0,1,1,2026-03-22 19:08:01
1141310106500,GD,KOMMUNE,Pomster,Pomster,96,96,0,96,96,0,49,49,0,51.041666666666664,51.041666666666664,0.0,1,1,2026-03-22 18:30:33
1141310106600,GD,KOMMUNE,Quiddelbach,Quiddelbach,162,162,0,158,158,0,71,71,0,44.936708860759495,44.936708860759495,0.0,1,1,2026-03-22 20:18:51
1141310106900,GD,KOMMUNE,Reifferscheid,Reifferscheid,310,310,0,308,308,0,135,135,0,43.83116883116883,43.83116883116883,0.0,1,1,2026-03-22 19:08:52
1141310107200,GD,KOMMUNE,Rodder,Rodder,162,162,0,160,160,0,73,73,0,45.625,45.625,0.0,1,1,2026-03-22 19:45:32
1141310107400,GD,KOMMUNE,Schuld,Schuld,379,379,0,375,375,0,154,154,0,41.06666666666667,41.06666666666667,0.0,1,1,2026-03-22 19:23:21
1141310107500,GD,KOMMUNE,Senscheid,Senscheid,45,45,0,45,45,0,18,18,0,40.0,40.0,0.0,1,1,2026-03-22 20:15:36
1141310107600,GD,KOMMUNE,Sierscheid,Sierscheid,49,49,0,49,49,0,26,26,0,53.06122448979592,53.06122448979592,0.0,1,1,2026-03-22 19:30:43
1141310107900,GD,KOMMUNE,Trierscheid,Trierscheid,45,45,0,44,44,0,30,30,0,68.18181818181817,68.18181818181817,0.0,1,1,2026-03-22 18:28:31
1141310108200,GD,KOMMUNE,Wershofen,Wershofen,508,508,0,501,501,0,208,208,0,41.51696606786427,41.51696606786427,0.0,1,1,2026-03-22 19:35:31
1141310108300,GD,KOMMUNE,Wiesemscheid,Wiesemscheid,146,146,0,146,146,0,72,72,0,49.31506849315068,49.31506849315068,0.0,1,1,2026-03-22 18:38:53
1141310108400,GD,KOMMUNE,Wimbach,Wimbach,260,260,0,256,256,0,121,121,0,47.265625,47.265625,0.0,1,1,2026-03-22 18:54:13
1141310108500,GD,KOMMUNE,Winnerath,Winnerath,118,118,0,118,118,0,53,53,0,44.91525423728814,44.91525423728814,0.0,1,1,2026-03-22 20:35:09
1141310108600,GD,KOMMUNE,Wirft,Wirft,87,87,0,86,86,0,43,43,0,50.0,50.0,0.0,1,1,2026-03-22 19:33:51
1141310150100,GD,KOMMUNE,Dümpelfeld,Dümpelfeld,300,300,0,294,294,0,135,135,0,45.91836734693878,45.91836734693878,0.0,1,1,2026-03-22 18:55:27
1141310200000,VG,KOMMUNE,"Altenahr, VG","Altenahr, VG",6066,6054,-12,6022,6022,0,2740,2740,0,45.49983394221189,45.49983394221189,0.0,15,15,2026-03-22 20:29:28
1141310200200,GD,KOMMUNE,Ahrbrück,Ahrbrück,608,608,0,602,602,0,255,255,0,42.35880398671096,42.35880398671096,0.0,1,1,2026-03-22 19:45:24
1141310200300,GD,KOMMUNE,Altenahr,Altenahr,866,854,-12,853,853,0,350,350,0,41.031652989449,41.031652989449,0.0,1,1,2026-03-22 20:29:28
1141310201100,GD,KOMMUNE,Berg,Berg,742,742,0,739,739,0,338,338,0,45.73748308525033,45.73748308525033,0.0,3,3,2026-03-22 19:42:33
1141310201700,GD,KOMMUNE,Dernau,Dernau,974,974,0,970,970,0,474,474,0,48.865979381443296,48.865979381443296,0.0,1,1,2026-03-22 20:26:21
1141310202700,GD,KOMMUNE,Heckenbach,Heckenbach,154,154,0,154,154,0,61,61,0,39.61038961038961,39.61038961038961,0.0,1,1,2026-03-22 19:22:26
1141310202900,GD,KOMMUNE,Hönningen,Hönningen,669,669,0,665,665,0,355,355,0,53.383458646616546,53.383458646616546,0.0,1,1,2026-03-22 19:04:14
1141310203600,GD,KOMMUNE,Kalenborn,Kalenborn,443,443,0,442,442,0,201,201,0,45.47511312217195,45.47511312217195,0.0,1,1,2026-03-22 19:33:22
1141310203900,GD,KOMMUNE,Kesseling,Kesseling,347,347,0,343,343,0,138,138,0,40.2332361516035,40.2332361516035,0.0,2,2,2026-03-22 19:31:01
1141310204000,GD,KOMMUNE,Kirchsahr,Kirchsahr,197,197,0,194,194,0,85,85,0,43.81443298969072,43.81443298969072,0.0,1,1,2026-03-22 18:58:37
1141310204700,GD,KOMMUNE,Lind,Lind,312,312,0,311,311,0,145,145,0,46.62379421221865,46.62379421221865,0.0,1,1,2026-03-22 19:37:58
1141310204900,GD,KOMMUNE,Mayschoß,Mayschoß,451,451,0,449,449,0,204,204,0,45.43429844097995,45.43429844097995,0.0,1,1,2026-03-22 19:24:41
1141310206800,GD,KOMMUNE,Rech,Rech,303,303,0,300,300,0,134,134,0,44.666666666666664,44.666666666666664,0.0,1,1,2026-03-22 19:35:28
2000000000000,BZ,BEZIRK,Bezirk 2,Bezirk 2,481019,480701,-318,475920,475918,-2,165954,165955,1,34.87014624306607,34.87050290176039,0.0003566586943222205,1404,1404,2026-03-22 22:32:34
2150000000000,WK,WAHLKREIS,"Cochem-Zell, Wahlkreis","Cochem-Zell, Wahlkreis",33803,33789,-14,33446,33448,2,13770,13770,0,41.17084255217365,41.168380770150684,-0.0024617820229693166,107,107,2026-03-22 20:36:49
2151350000000,LK,KREIS_ODER_STADT,"Cochem-Zell, Landkreis","Cochem-Zell, Landkreis",33803,33789,-14,33446,33448,2,13770,13770,0,41.17084255217365,41.168380770150684,-0.0024617820229693166,107,107,2026-03-22 20:33:12
2151350100000,VG,KOMMUNE,"Cochem, VG","Cochem, VG",10568,10559,-9,10444,10444,0,4576,4576,0,43.81463040980467,43.81463040980467,0.0,31,31,2026-03-22 20:16:35
2151350100700,GD,KOMMUNE,Beilstein,Beilstein,80,80,0,79,79,0,39,39,0,49.36708860759494,49.36708860759494,0.0,1,1,2026-03-22 18:38:30
2151350101200,GD,KOMMUNE,Bremm,Bremm,476,476,0,469,469,0,216,216,0,46.05543710021322,46.05543710021322,0.0,1,1,2026-03-22 19:55:41
2151350101500,GD,KOMMUNE,Briedern,Briedern,213,213,0,206,206,0,94,94,0,45.63106796116505,45.63106796116505,0.0,1,1,2026-03-22 20:07:19
2151350101700,GD,KOMMUNE,Bruttig-Fankel,Bruttig-Fankel,632,632,0,628,628,0,276,276,0,43.94904458598726,43.94904458598726,0.0,1,1,2026-03-22 20:05:56
2151350102000,GD,KOMMUNE,"Cochem, St","Cochem, St",2024,2024,0,2001,2001,0,796,796,0,39.78010994502748,39.78010994502748,0.0,7,7,2026-03-22 20:16:15
2151350102001,ST,KOMMUNENTEIL,Cochem,Cochem,303,303,0,298,298,0,106,106,0,35.57046979865772,35.57046979865772,0.0,2,2,2026-03-22 20:15:16
2151350102002,ST,KOMMUNENTEIL,Cochem/Cond,Cochem/Cond,369,369,0,368,368,0,145,145,0,39.40217391304348,39.40217391304348,0.0,1,1,2026-03-22 20:08:01
2151350102003,ST,KOMMUNENTEIL,Cochem/Sehl,Cochem/Sehl,197,197,0,193,193,0,76,76,0,39.37823834196891,39.37823834196891,0.0,1,1,2026-03-22 20:16:06
2151350102004,ST,KOMMUNENTEIL,Cochem/Brauheck,Cochem/Brauheck,170,170,0,163,163,0,40,40,0,24.539877300613497,24.539877300613497,0.0,1,1,2026-03-22 20:16:15
2151350102100,GD,KOMMUNE,Dohr,Dohr,397,397,0,393,393,0,175,175,0,44.529262086513995,44.529262086513995,0.0,1,1,2026-03-22 19:14:15
2151350102400,GD,KOMMUNE,Ediger-Eller,Ediger-Eller,543,543,0,540,540,0,221,221,0,40.925925925925924,40.925925925925924,0.0,1,1,2026-03-22 19:19:45
2151350102500,GD,KOMMUNE,Ellenz-Poltersdorf,Ellenz-Poltersdorf,511,511,0,505,505,0,272,272,0,53.86138613861387,53.86138613861387,0.0,1,1,2026-03-22 18:54:43
2151350102700,GD,KOMMUNE,Ernst,Ernst,374,374,0,371,371,0,173,173,0,46.63072776280324,46.63072776280324,0.0,1,1,2026-03-22 19:18:20
2151350102900,GD,KOMMUNE,Faid,Faid,583,583,0,577,577,0,267,267,0,46.2738301559792,46.2738301559792,0.0,1,1,2026-03-22 20:08:18
2151350103600,GD,KOMMUNE,Greimersburg,Greimersburg,461,461,0,457,457,0,154,154,0,33.69803063457331,33.69803063457331,0.0,1,1,2026-03-22 19:24:22
2151350104900,GD,KOMMUNE,Klotten,Klotten,636,636,0,631,631,0,273,273,0,43.264659270998415,43.264659270998415,0.0,1,1,2026-03-22 19:21:17
2151350105300,GD,KOMMUNE,Lieg,Lieg,224,224,0,222,222,0,124,124,0,55.85585585585585,55.85585585585585,0.0,1,1,2026-03-22 18:51:19
2151350105600,GD,KOMMUNE,Lütz,Lütz,152,152,0,147,147,0,63,63,0,42.857142857142854,42.857142857142854,0.0,1,1,2026-03-22 20:08:32
2151350106000,GD,KOMMUNE,Mesenich,Mesenich,207,207,0,203,203,0,108,108,0,53.20197044334976,53.20197044334976,0.0,1,1,2026-03-22 19:01:40
2151350106500,GD,KOMMUNE,Moselkern,Moselkern,341,341,0,338,338,0,131,131,0,38.75739644970414,38.75739644970414,0.0,1,1,2026-03-22 19:12:52
2151350106600,GD,KOMMUNE,Müden (Mosel),Müden (Mosel),401,401,0,399,399,0,205,205,0,51.37844611528822,51.37844611528822,0.0,1,1,2026-03-22 19:05:58
2151350106900,GD,KOMMUNE,Nehren,Nehren,62,62,0,61,61,0,28,28,0,45.90163934426229,45.90163934426229,0.0,1,1,2026-03-22 20:09:25
2151350107200,GD,KOMMUNE,Pommern,Pommern,255,255,0,253,253,0,122,122,0,48.22134387351779,48.22134387351779,0.0,1,1,2026-03-22 19:30:19
2151350107900,GD,KOMMUNE,Senheim,Senheim,320,320,0,315,315,0,137,137,0,43.492063492063494,43.492063492063494,0.0,1,1,2026-03-22 18:56:21
2151350108200,GD,KOMMUNE,Treis-Karden,Treis-Karden,1264,1255,-9,1239,1239,0,529,529,0,42.69572235673931,42.69572235673931,0.0,3,3,2026-03-22 20:16:35
2151350108600,GD,KOMMUNE,Valwig,Valwig,270,270,0,270,270,0,119,119,0,44.074074074074076,44.074074074074076,0.0,1,1,2026-03-22 20:09:11
2151350109000,GD,KOMMUNE,Wirfus,Wirfus,142,142,0,140,140,0,54,54,0,38.57142857142858,38.57142857142858,0.0,1,1,2026-03-22 19:07:32
2151350200000,VG,KOMMUNE,"Kaisersesch, VG","Kaisersesch, VG",9079,9079,0,9007,9007,0,3269,3269,0,36.29399356056401,36.29399356056401,0.0,27,27,2026-03-22 20:33:12
2151350200900,GD,KOMMUNE,Binningen,Binningen,468,468,0,466,466,0,159,159,0,34.12017167381974,34.12017167381974,0.0,1,1,2026-03-22 19:10:17
2151350201100,GD,KOMMUNE,Brachtendorf,Brachtendorf,161,161,0,160,160,0,81,81,0,50.625,50.625,0.0,1,1,2026-03-22 19:14:48
2151350201400,GD,KOMMUNE,Brieden,Brieden,101,101,0,99,99,0,24,24,0,24.242424242424242,24.242424242424242,0.0,1,1,2026-03-22 19:01:13
2151350201600,GD,KOMMUNE,Brohl,Brohl,241,241,0,241,241,0,88,88,0,36.51452282157676,36.51452282157676,0.0,1,1,2026-03-22 19:02:56
2151350202200,GD,KOMMUNE,Dünfus,Dünfus,201,201,0,199,199,0,74,74,0,37.185929648241206,37.185929648241206,0.0,1,1,2026-03-22 19:06:21
2151350202300,GD,KOMMUNE,Düngenheim,Düngenheim,669,669,0,661,661,0,236,236,0,35.703479576399396,35.703479576399396,0.0,1,1,2026-03-22 19:20:43
2151350202600,GD,KOMMUNE,Eppenberg,Eppenberg,129,129,0,129,129,0,40,40,0,31.007751937984494,31.007751937984494,0.0,1,1,2026-03-22 18:55:56
2151350202800,GD,KOMMUNE,Eulgem,Eulgem,94,94,0,93,93,0,28,28,0,30.107526881720432,30.107526881720432,0.0,1,1,2026-03-22 19:22:35
2151350203100,GD,KOMMUNE,Forst (Eifel),Forst (Eifel),244,244,0,236,236,0,85,85,0,36.016949152542374,36.016949152542374,0.0,1,1,2026-03-22 19:29:38
2151350203300,GD,KOMMUNE,Gamlen,Gamlen,327,327,0,323,323,0,125,125,0,38.69969040247678,38.69969040247678,0.0,1,1,2026-03-22 19:32:56
2151350203800,GD,KOMMUNE,Hambuch,Hambuch,428,428,0,426,426,0,175,175,0,41.07981220657277,41.07981220657277,0.0,1,1,2026-03-22 19:08:27
2151350204000,GD,KOMMUNE,Hauroth,Hauroth,171,171,0,169,169,0,55,55,0,32.544378698224854,32.544378698224854,0.0,1,1,2026-03-22 19:28:02
2151350204200,GD,KOMMUNE,Illerich,Illerich,491,491,0,489,489,0,184,184,0,37.627811860940696,37.627811860940696,0.0,1,1,2026-03-22 19:41:53
2151350204300,GD,KOMMUNE,Kaifenheim,Kaifenheim,500,500,0,498,498,0,237,237,0,47.59036144578313,47.59036144578313,0.0,1,1,2026-03-22 19:24:41
2151350204400,GD,KOMMUNE,Kail,Kail,182,182,0,182,182,0,61,61,0,33.51648351648351,33.51648351648351,0.0,1,1,2026-03-22 19:26:09
2151350204500,GD,KOMMUNE,Kaisersesch,Kaisersesch,1629,1629,0,1618,1618,0,580,580,0,35.84672435105068,35.84672435105068,0.0,2,2,2026-03-22 19:57:14
2151350204600,GD,KOMMUNE,Kalenborn,Kalenborn,133,133,0,133,133,0,45,45,0,33.83458646616541,33.83458646616541,0.0,1,1,2026-03-22 19:31:18
2151350205100,GD,KOMMUNE,Landkern,Landkern,551,551,0,546,546,0,189,189,0,34.61538461538461,34.61538461538461,0.0,1,1,2026-03-22 20:33:12
2151350205200,GD,KOMMUNE,Laubach,Laubach,361,361,0,360,360,0,120,120,0,33.33333333333333,33.33333333333333,0.0,1,1,2026-03-22 19:34:42
2151350205800,GD,KOMMUNE,Masburg,Masburg,573,573,0,563,563,0,177,177,0,31.438721136767317,31.438721136767317,0.0,1,1,2026-03-22 19:58:22
2151350206200,GD,KOMMUNE,Möntenich,Möntenich,79,79,0,78,78,0,33,33,0,42.30769230769231,42.30769230769231,0.0,1,1,2026-03-22 18:27:50
2151350206700,GD,KOMMUNE,Müllenbach,Müllenbach,392,392,0,391,391,0,154,154,0,39.38618925831202,39.38618925831202,0.0,1,1,2026-03-22 20:07:10
2151350207500,GD,KOMMUNE,Roes,Roes,309,309,0,307,307,0,100,100,0,32.57328990228013,32.57328990228013,0.0,1,1,2026-03-22 19:38:37
2151350208400,GD,KOMMUNE,Urmersbach,Urmersbach,252,252,0,248,248,0,73,73,0,29.435483870967744,29.435483870967744,0.0,1,1,2026-03-22 19:36:10
2151350209300,GD,KOMMUNE,Zettingen,Zettingen,172,172,0,172,172,0,57,57,0,33.13953488372093,33.13953488372093,0.0,1,1,2026-03-22 19:37:00
2151350250200,GD,KOMMUNE,Leienkaul,Leienkaul,221,221,0,220,220,0,89,89,0,40.45454545454545,40.45454545454545,0.0,1,1,2026-03-22 19:40:11
2151350300000,VG,KOMMUNE,"Ulmen, VG","Ulmen, VG",5748,5748,0,5678,5678,0,2649,2649,0,46.653751320887636,46.653751320887636,0.0,21,21,2026-03-22 19:21:46
2151350300200,GD,KOMMUNE,Alflen,Alflen,479,479,0,476,476,0,207,207,0,43.48739495798319,43.48739495798319,0.0,1,1,2026-03-22 19:11:13
2151350300500,GD,KOMMUNE,Auderath,Auderath,363,363,0,359,359,0,141,141,0,39.27576601671309,39.27576601671309,0.0,1,1,2026-03-22 19:15:25
2151350300800,GD,KOMMUNE,Beuren,Beuren,267,267,0,265,265,0,143,143,0,53.9622641509434,53.9622641509434,0.0,1,1,2026-03-22 18:44:01
2151350301800,GD,KOMMUNE,Büchel,Büchel,690,690,0,683,683,0,369,369,0,54.02635431918009,54.02635431918009,0.0,1,1,2026-03-22 19:21:46
2151350303000,GD,KOMMUNE,Filz,Filz,47,47,0,46,46,0,31,31,0,67.3913043478261,67.3913043478261,0.0,1,1,2026-03-22 18:31:15
2151350303400,GD,KOMMUNE,Gevenich,Gevenich,361,361,0,353,353,0,159,159,0,45.04249291784703,45.04249291784703,0.0,1,1,2026-03-22 19:09:05
2151350303500,GD,KOMMUNE,Gillenbeuren,Gillenbeuren,182,182,0,182,182,0,78,78,0,42.857142857142854,42.857142857142854,0.0,1,1,2026-03-22 18:41:44
2151350304800,GD,KOMMUNE,Kliding,Kliding,130,130,0,130,130,0,62,62,0,47.69230769230769,47.69230769230769,0.0,1,1,2026-03-22 18:39:32
2151350305700,GD,KOMMUNE,Lutzerath,Lutzerath,796,796,0,789,789,0,381,381,0,48.28897338403042,48.28897338403042,0.0,2,2,2026-03-22 18:59:05
2151350307800,GD,KOMMUNE,Schmitt,Schmitt,83,83,0,82,82,0,42,42,0,51.21951219512195,51.21951219512195,0.0,1,1,2026-03-22 18:29:52
2151350308300,GD,KOMMUNE,Ulmen,Ulmen,1420,1420,0,1397,1397,0,612,612,0,43.808160343593414,43.808160343593414,0.0,4,4,2026-03-22 19:20:49
2151350308500,GD,KOMMUNE,Urschmitt,Urschmitt,128,128,0,126,126,0,46,46,0,36.507936507936506,36.507936507936506,0.0,1,1,2026-03-22 19:09:19
2151350308700,GD,KOMMUNE,Wagenhausen,Wagenhausen,39,39,0,39,39,0,19,19,0,48.717948717948715,48.717948717948715,0.0,1,1,2026-03-22 18:38:05
2151350308900,GD,KOMMUNE,Weiler,Weiler,171,171,0,167,167,0,73,73,0,43.712574850299404,43.712574850299404,0.0,1,1,2026-03-22 18:50:58
2151350309100,GD,KOMMUNE,Wollmerath,Wollmerath,131,131,0,129,129,0,78,78,0,60.46511627906976,60.46511627906976,0.0,1,1,2026-03-22 18:46:26
2151350350100,GD,KOMMUNE,Bad Bertrich,Bad Bertrich,461,461,0,455,455,0,208,208,0,45.714285714285715,45.714285714285715,0.0,2,2,2026-03-22 18:54:57
2151350500000,VG,KOMMUNE,"Zell (Mosel), VG","Zell (Mosel), VG",8408,8403,-5,8317,8319,2,3276,3276,0,39.38920283756162,39.379733141002525,-0.009469696559094132,28,28,2026-03-22 19:54:46
2151350500100,GD,KOMMUNE,Alf,Alf,406,406,0,399,399,0,148,148,0,37.092731829573935,37.092731829573935,0.0,1,1,2026-03-22 19:09:41
2151350500300,GD,KOMMUNE,Altlay,Altlay,243,243,0,241,241,0,110,110,0,45.643153526970956,45.643153526970956,0.0,1,1,2026-03-22 19:29:20
2151350500400,GD,KOMMUNE,Altstrimmig,Altstrimmig,197,197,0,196,196,0,80,80,0,40.816326530612244,40.816326530612244,0.0,1,1,2026-03-22 19:17:38
2151350501000,GD,KOMMUNE,Blankenrath,Blankenrath,789,789,0,779,779,0,313,313,0,40.17971758664955,40.17971758664955,0.0,1,1,2026-03-22 19:15:19
2151350501300,GD,KOMMUNE,Briedel,Briedel,489,489,0,481,481,0,174,174,0,36.17463617463618,36.17463617463618,0.0,1,1,2026-03-22 19:19:16
2151350501900,GD,KOMMUNE,Bullay,Bullay,998,1000,2,991,993,2,401,401,0,40.46417759838547,40.38267875125881,-0.08149884712666022,1,1,2026-03-22 19:24:36
2151350503200,GD,KOMMUNE,Forst (Hunsrück),Forst (Hunsrück),47,47,0,46,46,0,18,18,0,39.130434782608695,39.130434782608695,0.0,1,1,2026-03-22 18:19:05
2151350503700,GD,KOMMUNE,Grenderich,Grenderich,224,224,0,223,223,0,102,102,0,45.73991031390135,45.73991031390135,0.0,1,1,2026-03-22 18:43:01
2151350503900,GD,KOMMUNE,Haserich,Haserich,120,120,0,113,113,0,33,33,0,29.20353982300885,29.20353982300885,0.0,1,1,2026-03-22 18:27:39
2151350504100,GD,KOMMUNE,Hesweiler,Hesweiler,63,63,0,63,63,0,24,24,0,38.095238095238095,38.095238095238095,0.0,1,1,2026-03-22 18:31:50
2151350505400,GD,KOMMUNE,Liesenich,Liesenich,156,155,-1,155,155,0,77,77,0,49.67741935483871,49.67741935483871,0.0,1,1,2026-03-22 19:36:08
2151350506100,GD,KOMMUNE,Mittelstrimmig,Mittelstrimmig,281,275,-6,273,273,0,139,139,0,50.91575091575091,50.91575091575091,0.0,1,1,2026-03-22 19:03:48
2151350506400,GD,KOMMUNE,Moritzheim,Moritzheim,67,67,0,67,67,0,20,20,0,29.850746268656714,29.850746268656714,0.0,1,1,2026-03-22 18:24:24
2151350506800,GD,KOMMUNE,Neef,Neef,268,268,0,268,268,0,108,108,0,40.298507462686565,40.298507462686565,0.0,1,1,2026-03-22 18:53:50
2151350507000,GD,KOMMUNE,Panzweiler,Panzweiler,149,149,0,149,149,0,74,74,0,49.664429530201346,49.664429530201346,0.0,1,1,2026-03-22 18:35:45
2151350507100,GD,KOMMUNE,Peterswald-Löffelscheid,Peterswald-Löffelscheid,374,374,0,367,367,0,122,122,0,33.2425068119891,33.2425068119891,0.0,2,2,2026-03-22 18:57:31
2151350507300,GD,KOMMUNE,Pünderich,Pünderich,506,506,0,504,504,0,190,190,0,37.698412698412696,37.698412698412696,0.0,1,1,2026-03-22 19:05:49
2151350507400,GD,KOMMUNE,Reidenhausen,Reidenhausen,97,97,0,97,97,0,38,38,0,39.175257731958766,39.175257731958766,0.0,1,1,2026-03-22 18:30:41
2151350507600,GD,KOMMUNE,Sankt Aldegund,Sankt Aldegund,334,334,0,330,330,0,127,127,0,38.484848484848484,38.484848484848484,0.0,1,1,2026-03-22 18:44:18
2151350507700,GD,KOMMUNE,Schauren,Schauren,187,187,0,186,186,0,63,63,0,33.87096774193548,33.87096774193548,0.0,1,1,2026-03-22 18:34:34
2151350508000,GD,KOMMUNE,Sosberg,Sosberg,98,98,0,98,98,0,34,34,0,34.69387755102041,34.69387755102041,0.0,1,1,2026-03-22 19:07:55
2151350508100,GD,KOMMUNE,Tellig,Tellig,169,169,0,168,168,0,60,60,0,35.714285714285715,35.714285714285715,0.0,1,1,2026-03-22 18:25:59
2151350508800,GD,KOMMUNE,Walhausen,Walhausen,101,101,0,100,100,0,33,33,0,33.0,33.0,0.0,1,1,2026-03-22 18:33:19
2151350509200,GD,KOMMUNE,Zell (Mosel),Zell (Mosel),2045,2045,0,2023,2023,0,788,788,0,38.952051408798816,38.952051408798816,0.0,4,4,2026-03-22 19:54:46
2160000000000,WK,WAHLKREIS,"Rhein-Hunsrück, Wahlkreis","Rhein-Hunsrück, Wahlkreis",47233,47217,-16,46732,46730,-2,16165,16165,0,34.5908585123684,34.59233896854269,0.0014804561742920441,149,149,2026-03-22 21:04:25
2161400000000,TK,WAHLKREIS_TEIL,"Rhein-Hunsrück-Kreis, Teilkreis","Rhein-Hunsrück-Kreis, Teilkreis",47233,47217,-16,46732,46730,-2,16165,16165,0,34.5908585123684,34.59233896854269,0.0014804561742920441,149,149,2026-03-22 21:01:20
2161400050100,VF,KOMMUNE,"Boppard, Verbandsfreie Gemeinde","Boppard, Verbandsfreie Gemeinde",8165,8164,-1,8084,8084,0,2847,2847,0,35.217714002968826,35.217714002968826,0.0,17,17,2026-03-22 21:01:20
2161400050101,ST,KOMMUNENTEIL,Boppard/Boppard,Boppard/Boppard,3349,3349,0,3304,3304,0,1073,1073,0,32.47578692493946,32.47578692493946,0.0,6,6,2026-03-22 20:36:57
2161400050102,ST,KOMMUNENTEIL,Boppard/Bad Salzig,Boppard/Bad Salzig,1330,1330,0,1317,1317,0,549,549,0,41.68564920273349,41.68564920273349,0.0,2,2,2026-03-22 20:24:08
2161400050103,ST,KOMMUNENTEIL,Boppard/Buchholz,Boppard/Buchholz,1494,1494,0,1486,1486,0,536,536,0,36.0699865410498,36.0699865410498,0.0,2,2,2026-03-22 21:01:20
2161400050104,ST,KOMMUNENTEIL,Boppard/Herschwiesen,Boppard/Herschwiesen,213,213,0,213,213,0,91,91,0,42.72300469483568,42.72300469483568,0.0,1,1,2026-03-22 18:53:40
2161400050105,ST,KOMMUNENTEIL,Boppard/Hirzenach,Boppard/Hirzenach,129,128,-1,127,127,0,43,43,0,33.85826771653544,33.85826771653544,0.0,1,1,2026-03-22 20:12:46
2161400050106,ST,KOMMUNENTEIL,Boppard/Holzfeld,Boppard/Holzfeld,253,253,0,251,251,0,53,53,0,21.115537848605577,21.115537848605577,0.0,1,1,2026-03-22 18:46:29
2161400050107,ST,KOMMUNENTEIL,Boppard/Oppenhausen,Boppard/Oppenhausen,532,532,0,528,528,0,193,193,0,36.553030303030305,36.553030303030305,0.0,1,1,2026-03-22 19:17:13
2161400050108,ST,KOMMUNENTEIL,Boppard/Rheinbay,Boppard/Rheinbay,120,120,0,117,117,0,35,35,0,29.914529914529915,29.914529914529915,0.0,1,1,2026-03-22 18:36:39
2161400050109,ST,KOMMUNENTEIL,Boppard/Udenhausen,Boppard/Udenhausen,324,324,0,323,323,0,136,136,0,42.10526315789473,42.10526315789473,0.0,1,1,2026-03-22 19:11:38
2161400050110,ST,KOMMUNENTEIL,Boppard/Weiler,Boppard/Weiler,421,421,0,418,418,0,138,138,0,33.014354066985646,33.014354066985646,0.0,1,1,2026-03-22 19:20:54
2161400300000,VG,KOMMUNE,"Kastellaun, VG","Kastellaun, VG",9140,9140,0,9057,9057,0,3125,3125,0,34.50369879651098,34.50369879651098,0.0,40,40,2026-03-22 20:02:09
2161400300100,GD,KOMMUNE,Alterkülz,Alterkülz,258,258,0,256,256,0,73,73,0,28.515625,28.515625,0.0,1,1,2026-03-22 19:22:32
2161400300900,GD,KOMMUNE,Bell (Hunsrück),Bell (Hunsrück),879,879,0,867,867,0,232,232,0,26.75893886966551,26.75893886966551,0.0,6,6,2026-03-22 19:31:49
2161400301000,GD,KOMMUNE,Beltheim,Beltheim,1131,1131,0,1125,1125,0,401,401,0,35.644444444444446,35.644444444444446,0.0,7,7,2026-03-22 19:57:55
2161400301800,GD,KOMMUNE,Braunshorn,Braunshorn,401,401,0,396,396,0,173,173,0,43.686868686868685,43.686868686868685,0.0,3,3,2026-03-22 19:40:24
2161400302100,GD,KOMMUNE,Buch,Buch,542,542,0,538,538,0,202,202,0,37.54646840148699,37.54646840148699,0.0,2,2,2026-03-22 19:54:24
2161400304200,GD,KOMMUNE,Gödenroth,Gödenroth,286,286,0,283,283,0,63,63,0,22.261484098939928,22.261484098939928,0.0,1,1,2026-03-22 19:56:02
2161400304600,GD,KOMMUNE,Hasselbach,Hasselbach,121,121,0,119,119,0,32,32,0,26.89075630252101,26.89075630252101,0.0,1,1,2026-03-22 19:41:27
2161400305500,GD,KOMMUNE,Hollnich,Hollnich,180,180,0,179,179,0,48,48,0,26.81564245810056,26.81564245810056,0.0,1,1,2026-03-22 19:47:56
2161400306400,GD,KOMMUNE,Kastellaun,Kastellaun,2709,2709,0,2683,2683,0,854,854,0,31.83004099888185,31.83004099888185,0.0,5,5,2026-03-22 19:27:40
2161400307300,GD,KOMMUNE,Korweiler,Korweiler,63,63,0,62,62,0,22,22,0,35.483870967741936,35.483870967741936,0.0,1,1,2026-03-22 18:33:35
2161400309500,GD,KOMMUNE,Michelbach,Michelbach,125,125,0,123,123,0,34,34,0,27.64227642276423,27.64227642276423,0.0,1,1,2026-03-22 19:02:23
2161400313100,GD,KOMMUNE,Roth,Roth,156,156,0,154,154,0,34,34,0,22.07792207792208,22.07792207792208,0.0,1,1,2026-03-22 18:51:53
2161400314700,GD,KOMMUNE,Spesenroth,Spesenroth,118,118,0,118,118,0,30,30,0,25.423728813559322,25.423728813559322,0.0,1,1,2026-03-22 18:55:43
2161400315300,GD,KOMMUNE,Uhler,Uhler,209,209,0,207,207,0,45,45,0,21.73913043478261,21.73913043478261,0.0,1,1,2026-03-22 18:51:19
2161400320200,GD,KOMMUNE,Dommershausen,Dommershausen,698,698,0,695,695,0,308,308,0,44.31654676258992,44.31654676258992,0.0,4,4,2026-03-22 19:50:07
2161400320400,GD,KOMMUNE,Mastershausen,Mastershausen,605,605,0,603,603,0,293,293,0,48.59038142620232,48.59038142620232,0.0,1,1,2026-03-22 20:02:09
2161400350200,GD,KOMMUNE,Lahr,Lahr,107,107,0,106,106,0,51,51,0,48.113207547169814,48.113207547169814,0.0,1,1,2026-03-22 18:26:33
2161400350300,GD,KOMMUNE,Mörsdorf,Mörsdorf,365,365,0,357,357,0,154,154,0,43.13725490196079,43.13725490196079,0.0,1,1,2026-03-22 19:45:44
2161400350400,GD,KOMMUNE,Zilshausen,Zilshausen,187,187,0,186,186,0,76,76,0,40.86021505376344,40.86021505376344,0.0,1,1,2026-03-22 19:24:57
2161400800000,VG,KOMMUNE,"Simmern-Rheinböllen, VG","Simmern-Rheinböllen, VG",15981,15975,-6,15776,15774,-2,4767,4767,0,30.216784989858013,30.220616203879803,0.00383121402179043,51,51,2026-03-22 20:03:08
2161400800200,GD,KOMMUNE,Altweidelbach,Altweidelbach,157,157,0,155,155,0,56,56,0,36.12903225806451,36.12903225806451,0.0,1,1,2026-03-22 19:14:54
2161400800300,GD,KOMMUNE,Argenthal,Argenthal,1014,1014,0,992,992,0,313,313,0,31.55241935483871,31.55241935483871,0.0,2,2,2026-03-22 20:03:08
2161400800800,GD,KOMMUNE,Belgweiler,Belgweiler,129,129,0,129,129,0,18,18,0,13.953488372093023,13.953488372093023,0.0,1,1,2026-03-22 18:28:24
2161400801100,GD,KOMMUNE,Benzweiler,Benzweiler,133,133,0,133,133,0,40,40,0,30.075187969924812,30.075187969924812,0.0,1,1,2026-03-22 18:43:32
2161400801200,GD,KOMMUNE,Bergenhausen,Bergenhausen,70,70,0,70,70,0,26,26,0,37.142857142857146,37.142857142857146,0.0,1,1,2026-03-22 18:30:05
2161400801500,GD,KOMMUNE,Biebern,Biebern,179,179,0,178,178,0,59,59,0,33.146067415730336,33.146067415730336,0.0,1,1,2026-03-22 19:23:54
2161400802000,GD,KOMMUNE,Bubach,Bubach,157,157,0,155,155,0,45,45,0,29.03225806451613,29.03225806451613,0.0,1,1,2026-03-22 18:31:46
2161400802300,GD,KOMMUNE,Budenbach,Budenbach,107,107,0,105,105,0,28,28,0,26.666666666666668,26.666666666666668,0.0,1,1,2026-03-22 18:32:24
2161400802700,GD,KOMMUNE,Dichtelbach,Dichtelbach,400,400,0,394,394,0,103,103,0,26.14213197969543,26.14213197969543,0.0,1,1,2026-03-22 19:29:15
2161400803500,GD,KOMMUNE,Ellern (Hunsrück),Ellern (Hunsrück),547,547,0,546,546,0,184,184,0,33.6996336996337,33.6996336996337,0.0,1,1,2026-03-22 19:16:07
2161400803700,GD,KOMMUNE,Erbach,Erbach,190,190,0,187,187,0,68,68,0,36.36363636363637,36.36363636363637,0.0,1,1,2026-03-22 18:49:59
2161400803900,GD,KOMMUNE,Fronhofen,Fronhofen,156,156,0,156,156,0,57,57,0,36.53846153846153,36.53846153846153,0.0,1,1,2026-03-22 18:39:10
2161400805600,GD,KOMMUNE,Holzbach,Holzbach,328,322,-6,318,318,0,76,76,0,23.89937106918239,23.89937106918239,0.0,1,1,2026-03-22 18:50:10
2161400805800,GD,KOMMUNE,Horn,Horn,249,249,0,245,245,0,59,59,0,24.081632653061224,24.081632653061224,0.0,1,1,2026-03-22 19:07:15
2161400806500,GD,KOMMUNE,Keidelheim,Keidelheim,214,214,0,209,209,0,63,63,0,30.14354066985646,30.14354066985646,0.0,1,1,2026-03-22 19:09:42
2161400806800,GD,KOMMUNE,Kisselbach,Kisselbach,372,372,0,370,370,0,165,165,0,44.5945945945946,44.5945945945946,0.0,1,1,2026-03-22 18:58:54
2161400807000,GD,KOMMUNE,Klosterkumbd,Klosterkumbd,186,186,0,183,183,0,44,44,0,24.043715846994534,24.043715846994534,0.0,1,1,2026-03-22 18:59:25
2161400807600,GD,KOMMUNE,Külz (Hunsrück),Külz (Hunsrück),301,301,0,299,299,0,63,63,0,21.070234113712374,21.070234113712374,0.0,1,1,2026-03-22 19:04:03
2161400807700,GD,KOMMUNE,Kümbdchen,Kümbdchen,264,264,0,258,258,0,67,67,0,25.968992248062015,25.968992248062015,0.0,1,1,2026-03-22 18:46:11
2161400807900,GD,KOMMUNE,Laubach,Laubach,244,244,0,243,241,-2,78,78,0,32.098765432098766,32.365145228215766,0.26637979611700047,1,1,2026-03-22 18:52:16
2161400808500,GD,KOMMUNE,Liebshausen,Liebshausen,300,300,0,298,298,0,119,119,0,39.93288590604027,39.93288590604027,0.0,1,1,2026-03-22 18:37:14
2161400809200,GD,KOMMUNE,Mengerschied,Mengerschied,425,425,0,419,419,0,129,129,0,30.787589498806682,30.787589498806682,0.0,1,1,2026-03-22 19:20:38
2161400809600,GD,KOMMUNE,Mörschbach,Mörschbach,200,200,0,197,197,0,49,49,0,24.873096446700508,24.873096446700508,0.0,1,1,2026-03-22 18:40:45
2161400809900,GD,KOMMUNE,Mutterschied,Mutterschied,236,236,0,235,235,0,51,51,0,21.70212765957447,21.70212765957447,0.0,1,1,2026-03-22 18:58:08
2161400810000,GD,KOMMUNE,Nannhausen,Nannhausen,330,330,0,327,327,0,113,113,0,34.5565749235474,34.5565749235474,0.0,1,1,2026-03-22 19:14:50
2161400810100,GD,KOMMUNE,Neuerkirch,Neuerkirch,216,216,0,212,212,0,53,53,0,25.0,25.0,0.0,1,1,2026-03-22 19:01:43
2161400810600,GD,KOMMUNE,Niederkumbd,Niederkumbd,193,193,0,192,192,0,48,48,0,25.0,25.0,0.0,1,1,2026-03-22 18:47:52
2161400811300,GD,KOMMUNE,Ohlweiler,Ohlweiler,198,198,0,193,193,0,49,49,0,25.38860103626943,25.38860103626943,0.0,1,1,2026-03-22 19:20:17
2161400811500,GD,KOMMUNE,Oppertshausen,Oppertshausen,84,84,0,82,82,0,26,26,0,31.70731707317073,31.70731707317073,0.0,1,1,2026-03-22 18:32:15
2161400811800,GD,KOMMUNE,Pleizenhausen,Pleizenhausen,178,178,0,174,174,0,57,57,0,32.758620689655174,32.758620689655174,0.0,1,1,2026-03-22 18:41:14
2161400811900,GD,KOMMUNE,Ravengiersburg,Ravengiersburg,214,214,0,212,212,0,76,76,0,35.84905660377358,35.84905660377358,0.0,1,1,2026-03-22 18:45:08
2161400812100,GD,KOMMUNE,Rayerschied,Rayerschied,76,76,0,74,74,0,16,16,0,21.62162162162162,21.62162162162162,0.0,1,1,2026-03-22 18:38:13
2161400812300,GD,KOMMUNE,Reich,Reich,216,216,0,212,212,0,54,54,0,25.471698113207548,25.471698113207548,0.0,1,1,2026-03-22 18:40:47
2161400812500,GD,KOMMUNE,Rheinböllen,Rheinböllen,2091,2091,0,2057,2057,0,659,659,0,32.03694701020904,32.03694701020904,0.0,3,3,2026-03-22 19:54:38
2161400812600,GD,KOMMUNE,Riegenroth,Riegenroth,120,120,0,119,119,0,37,37,0,31.092436974789916,31.092436974789916,0.0,1,1,2026-03-22 18:31:58
2161400812700,GD,KOMMUNE,Riesweiler,Riesweiler,502,502,0,500,500,0,167,167,0,33.4,33.4,0.0,1,1,2026-03-22 19:01:37
2161400813400,GD,KOMMUNE,Sargenroth,Sargenroth,286,286,0,279,279,0,62,62,0,22.22222222222222,22.22222222222222,0.0,1,1,2026-03-22 18:58:34
2161400813800,GD,KOMMUNE,Schnorbach,Schnorbach,178,178,0,176,176,0,65,65,0,36.93181818181818,36.93181818181818,0.0,1,1,2026-03-22 18:35:36
2161400813900,GD,KOMMUNE,Schönborn,Schönborn,182,182,0,182,182,0,62,62,0,34.065934065934066,34.065934065934066,0.0,1,1,2026-03-22 18:54:51
2161400814400,GD,KOMMUNE,Simmern (Hunsrück),Simmern (Hunsrück),3457,3457,0,3419,3419,0,1000,1000,0,29.248318221702252,29.248318221702252,0.0,5,5,2026-03-22 19:48:16
2161400814800,GD,KOMMUNE,Steinbach,Steinbach,102,102,0,101,101,0,39,39,0,38.613861386138616,38.613861386138616,0.0,1,1,2026-03-22 18:27:16
2161400815000,GD,KOMMUNE,Tiefenbach,Tiefenbach,484,484,0,479,479,0,120,120,0,25.052192066805844,25.052192066805844,0.0,1,1,2026-03-22 19:46:15
2161400815800,GD,KOMMUNE,Wahlbach,Wahlbach,124,124,0,124,124,0,27,27,0,21.774193548387096,21.774193548387096,0.0,1,1,2026-03-22 19:19:47
2161400816600,GD,KOMMUNE,Wüschheim,Wüschheim,192,192,0,188,188,0,77,77,0,40.95744680851064,40.95744680851064,0.0,1,1,2026-03-22 19:14:28
2161400900000,VG,KOMMUNE,"Hunsrück-Mittelrhein, VG","Hunsrück-Mittelrhein, VG",13947,13938,-9,13815,13815,0,5426,5426,0,39.27614911328266,39.27614911328266,0.0,41,41,2026-03-22 20:00:12
2161400900500,GD,KOMMUNE,Badenhard,Badenhard,92,92,0,91,91,0,23,23,0,25.274725274725274,25.274725274725274,0.0,1,1,2026-03-22 18:46:07
2161400901400,GD,KOMMUNE,Bickenbach,Bickenbach,197,197,0,189,189,0,55,55,0,29.100529100529098,29.100529100529098,0.0,1,1,2026-03-22 19:17:25
2161400901600,GD,KOMMUNE,Birkheim,Birkheim,89,89,0,89,89,0,29,29,0,32.58426966292135,32.58426966292135,0.0,1,1,2026-03-22 18:37:39
2161400902500,GD,KOMMUNE,Damscheid,Damscheid,398,398,0,393,393,0,188,188,0,47.837150127226465,47.837150127226465,0.0,1,1,2026-03-22 19:10:56
2161400903100,GD,KOMMUNE,Dörth,Dörth,338,338,0,337,337,0,161,161,0,47.774480712166174,47.774480712166174,0.0,1,1,2026-03-22 18:44:06
2161400903600,GD,KOMMUNE,Emmelshausen,Emmelshausen,2703,2703,0,2683,2683,0,1096,1096,0,40.84979500559076,40.84979500559076,0.0,3,3,2026-03-22 19:53:48
2161400904300,GD,KOMMUNE,Gondershausen,Gondershausen,712,712,0,709,709,0,259,259,0,36.530324400564176,36.530324400564176,0.0,1,1,2026-03-22 19:39:07
2161400904500,GD,KOMMUNE,Halsenbach,Halsenbach,698,698,0,692,692,0,299,299,0,43.20809248554913,43.20809248554913,0.0,1,1,2026-03-22 19:28:31
2161400904700,GD,KOMMUNE,Hausbay,Hausbay,143,143,0,141,141,0,49,49,0,34.751773049645394,34.751773049645394,0.0,1,1,2026-03-22 18:34:03
2161400906000,GD,KOMMUNE,Hungenroth,Hungenroth,182,182,0,180,180,0,74,74,0,41.11111111111111,41.11111111111111,0.0,1,1,2026-03-22 18:59:08
2161400906300,GD,KOMMUNE,Karbach,Karbach,398,398,0,395,395,0,149,149,0,37.721518987341774,37.721518987341774,0.0,1,1,2026-03-22 19:18:59
2161400907500,GD,KOMMUNE,Kratzenburg,Kratzenburg,270,270,0,270,270,0,102,102,0,37.77777777777778,37.77777777777778,0.0,1,1,2026-03-22 19:11:40
2161400908000,GD,KOMMUNE,Laudert,Laudert,290,290,0,286,286,0,104,104,0,36.36363636363637,36.36363636363637,0.0,1,1,2026-03-22 18:36:51
2161400908400,GD,KOMMUNE,Leiningen,Leiningen,411,411,0,411,411,0,155,155,0,37.71289537712895,37.71289537712895,0.0,1,1,2026-03-22 19:12:40
2161400908700,GD,KOMMUNE,Lingerhahn,Lingerhahn,310,310,0,303,303,0,125,125,0,41.254125412541256,41.254125412541256,0.0,1,1,2026-03-22 19:03:33
2161400908900,GD,KOMMUNE,Maisborn,Maisborn,87,87,0,87,87,0,37,37,0,42.5287356321839,42.5287356321839,0.0,1,1,2026-03-22 18:44:31
2161400909300,GD,KOMMUNE,Mermuth,Mermuth,168,168,0,167,167,0,71,71,0,42.51497005988024,42.51497005988024,0.0,1,1,2026-03-22 18:37:00
2161400909800,GD,KOMMUNE,Mühlpfad,Mühlpfad,38,38,0,38,38,0,14,14,0,36.84210526315789,36.84210526315789,0.0,1,1,2026-03-22 18:19:31
2161400910200,GD,KOMMUNE,Ney,Ney,250,250,0,247,247,0,92,92,0,37.24696356275304,37.24696356275304,0.0,1,1,2026-03-22 19:06:02
2161400910400,GD,KOMMUNE,Niederburg,Niederburg,458,458,0,451,451,0,222,222,0,49.2239467849224,49.2239467849224,0.0,1,1,2026-03-22 18:57:57
2161400910800,GD,KOMMUNE,Niedert,Niedert,73,73,0,73,73,0,17,17,0,23.28767123287671,23.28767123287671,0.0,1,1,2026-03-22 18:22:15
2161400911000,GD,KOMMUNE,Norath,Norath,282,282,0,281,281,0,112,112,0,39.8576512455516,39.8576512455516,0.0,1,1,2026-03-22 18:47:31
2161400911200,GD,KOMMUNE,Oberwesel,Oberwesel,1603,1594,-9,1583,1583,0,664,664,0,41.94567277321541,41.94567277321541,0.0,4,4,2026-03-22 19:24:20
2161400911600,GD,KOMMUNE,Perscheid,Perscheid,222,222,0,220,220,0,127,127,0,57.72727272727273,57.72727272727273,0.0,1,1,2026-03-22 18:52:30
2161400911700,GD,KOMMUNE,Pfalzfeld,Pfalzfeld,346,346,0,344,344,0,107,107,0,31.1046511627907,31.1046511627907,0.0,1,1,2026-03-22 18:39:30
2161400913300,GD,KOMMUNE,Sankt Goar,Sankt Goar,1519,1519,0,1505,1505,0,453,453,0,30.09966777408638,30.09966777408638,0.0,4,4,2026-03-22 19:34:59
2161400914000,GD,KOMMUNE,Schwall,Schwall,212,212,0,212,212,0,81,81,0,38.20754716981132,38.20754716981132,0.0,1,1,2026-03-22 19:05:58
2161400914900,GD,KOMMUNE,Thörlingen,Thörlingen,91,91,0,91,91,0,47,47,0,51.64835164835166,51.64835164835166,0.0,1,1,2026-03-22 18:43:49
2161400915500,GD,KOMMUNE,Urbar,Urbar,431,431,0,427,427,0,190,190,0,44.49648711943794,44.49648711943794,0.0,1,1,2026-03-22 19:17:38
2161400915600,GD,KOMMUNE,Utzenhain,Utzenhain,72,72,0,71,71,0,20,20,0,28.169014084507044,28.169014084507044,0.0,1,1,2026-03-22 18:27:55
2161400916100,GD,KOMMUNE,Wiebelsheim,Wiebelsheim,339,339,0,334,334,0,108,108,0,32.33532934131736,32.33532934131736,0.0,1,1,2026-03-22 18:56:38
2161400920100,GD,KOMMUNE,Beulich,Beulich,309,309,0,301,301,0,108,108,0,35.880398671096344,35.880398671096344,0.0,1,1,2026-03-22 20:00:12
2161400920500,GD,KOMMUNE,Morshausen,Morshausen,216,216,0,214,214,0,88,88,0,41.1214953271028,41.1214953271028,0.0,1,1,2026-03-22 18:51:36
2170000000000,WK,WAHLKREIS,"Bad Kreuznach, Wahlkreis","Bad Kreuznach, Wahlkreis",40120,40118,-2,39764,39764,0,12441,12441,0,31.287093853737048,31.287093853737048,0.0,59,59,2026-03-22 22:33:01
2171330000000,TK,WAHLKREIS_TEIL,"Bad Kreuznach, Teilkreis","Bad Kreuznach, Teilkreis",40120,40118,-2,39764,39764,0,12441,12441,0,31.287093853737048,31.287093853737048,0.0,59,59,2026-03-22 22:32:34
2171330000600,VF,KOMMUNE,"Bad Kreuznach, Verbandsfreie Gemeinde","Bad Kreuznach, Verbandsfreie Gemeinde",20099,20099,0,19937,19937,0,5976,5976,0,29.974419421176705,29.974419421176705,0.0,26,26,2026-03-22 20:27:47
2171330000601,ST,KOMMUNENTEIL,Bad Kreuznach/Planig,Bad Kreuznach/Planig,1247,1247,0,1230,1230,0,326,326,0,26.504065040650403,26.504065040650403,0.0,1,1,2026-03-22 19:08:20
2171330000602,ST,KOMMUNENTEIL,Bad Kreuznach/Bosenheim,Bad Kreuznach/Bosenheim,648,648,0,646,646,0,200,200,0,30.959752321981426,30.959752321981426,0.0,1,1,2026-03-22 19:01:07
2171330000603,ST,KOMMUNENTEIL,Bad Kreuznach/Ippesheim,Bad Kreuznach/Ippesheim,238,238,0,235,235,0,65,65,0,27.659574468085108,27.659574468085108,0.0,1,1,2026-03-22 18:48:21
2171330000604,ST,KOMMUNENTEIL,Bad Kreuznach/Winzenheim,Bad Kreuznach/Winzenheim,1826,1826,0,1800,1800,0,546,546,0,30.333333333333336,30.333333333333336,0.0,2,2,2026-03-22 20:07:14
2171330000605,ST,KOMMUNENTEIL,Bad Kreuznach/Kernstadt,Bad Kreuznach/Kernstadt,14083,14083,0,13986,13986,0,4230,4230,0,30.244530244530242,30.244530244530242,0.0,19,19,2026-03-22 20:27:47
2171330000607,ST,KOMMUNENTEIL,Bad Münster am Stein Ebernburg,Bad Münster am Stein Ebernburg,2057,2057,0,2040,2040,0,609,609,0,29.852941176470587,29.852941176470587,0.0,2,2,2026-03-22 19:51:35
2171330100000,VG,KOMMUNE,"Bad Kreuznach, VG","Bad Kreuznach, VG",7228,7228,0,7156,7156,0,2320,2320,0,32.42034656232532,32.42034656232532,0.0,13,13,2026-03-22 22:32:34
2171330100300,GD,KOMMUNE,Altenbamberg,Altenbamberg,396,396,0,390,390,0,112,112,0,28.717948717948715,28.717948717948715,0.0,1,1,2026-03-22 19:39:40
2171330101200,GD,KOMMUNE,Biebelsheim,Biebelsheim,382,382,0,380,380,0,127,127,0,33.421052631578945,33.421052631578945,0.0,1,1,2026-03-22 19:22:48
2171330103000,GD,KOMMUNE,Feilbingert,Feilbingert,879,879,0,871,871,0,267,267,0,30.65442020665901,30.65442020665901,0.0,1,1,2026-03-22 19:29:15
2171330103100,GD,KOMMUNE,Frei-Laubersheim,Frei-Laubersheim,577,577,0,569,569,0,197,197,0,34.62214411247803,34.62214411247803,0.0,1,1,2026-03-22 19:47:24
2171330103200,GD,KOMMUNE,Fürfeld,Fürfeld,860,860,0,851,851,0,256,256,0,30.08225616921269,30.08225616921269,0.0,1,1,2026-03-22 22:32:34
2171330103700,GD,KOMMUNE,Hackenheim,Hackenheim,1161,1161,0,1153,1153,0,471,471,0,40.84995663486557,40.84995663486557,0.0,1,1,2026-03-22 19:43:15
2171330103900,GD,KOMMUNE,Hallgarten,Hallgarten,460,460,0,455,455,0,144,144,0,31.648351648351646,31.648351648351646,0.0,1,1,2026-03-22 19:10:44
2171330104500,GD,KOMMUNE,Hochstätten,Hochstätten,292,292,0,287,287,0,70,70,0,24.390243902439025,24.390243902439025,0.0,1,1,2026-03-22 18:45:17
2171330106900,GD,KOMMUNE,Neu-Bamberg,Neu-Bamberg,578,578,0,578,578,0,179,179,0,30.96885813148789,30.96885813148789,0.0,1,1,2026-03-22 19:31:28
2171330107800,GD,KOMMUNE,Pfaffen-Schwabenheim,Pfaffen-Schwabenheim,757,757,0,748,748,0,210,210,0,28.07486631016043,28.07486631016043,0.0,1,1,2026-03-22 20:49:53
2171330108000,GD,KOMMUNE,Pleitersheim,Pleitersheim,193,193,0,191,191,0,52,52,0,27.225130890052355,27.225130890052355,0.0,1,1,2026-03-22 19:00:05
2171330110400,GD,KOMMUNE,Tiefenthal,Tiefenthal,83,83,0,79,79,0,16,16,0,20.253164556962027,20.253164556962027,0.0,1,1,2026-03-22 20:53:24
2171330110600,GD,KOMMUNE,Volxheim,Volxheim,610,610,0,604,604,0,219,219,0,36.258278145695364,36.258278145695364,0.0,1,1,2026-03-22 19:45:28
2171331100000,VG,KOMMUNE,"Langenlonsheim-Stromberg, VG","Langenlonsheim-Stromberg, VG",12793,12791,-2,12671,12671,0,4145,4145,0,32.71249309446768,32.71249309446768,0.0,20,20,2026-03-22 21:13:14
2171331101800,GD,KOMMUNE,Bretzenheim,Bretzenheim,1326,1326,0,1314,1314,0,451,451,0,34.32267884322679,34.32267884322679,0.0,1,1,2026-03-22 21:11:47
2171331102300,GD,KOMMUNE,Daxweiler,Daxweiler,465,465,0,462,462,0,165,165,0,35.714285714285715,35.714285714285715,0.0,1,1,2026-03-22 19:04:19
2171331102500,GD,KOMMUNE,Dörrebach,Dörrebach,431,431,0,427,427,0,135,135,0,31.61592505854801,31.61592505854801,0.0,1,1,2026-03-22 18:45:17
2171331102600,GD,KOMMUNE,Dorsheim,Dorsheim,406,406,0,398,398,0,111,111,0,27.889447236180903,27.889447236180903,0.0,1,1,2026-03-22 18:59:42
2171331102800,GD,KOMMUNE,Eckenroth,Eckenroth,128,128,0,128,128,0,41,41,0,32.03125,32.03125,0.0,1,1,2026-03-22 18:42:44
2171331103500,GD,KOMMUNE,Guldental,Guldental,1456,1456,0,1430,1430,0,554,554,0,38.74125874125875,38.74125874125875,0.0,1,1,2026-03-22 19:42:27
2171331105400,GD,KOMMUNE,Langenlonsheim,Langenlonsheim,1969,1969,0,1956,1956,0,623,623,0,31.850715746421265,31.850715746421265,0.0,2,2,2026-03-22 20:25:33
2171331105600,GD,KOMMUNE,Laubenheim,Laubenheim,482,480,-2,475,475,0,126,126,0,26.526315789473685,26.526315789473685,0.0,1,1,2026-03-22 18:57:04
2171331108500,GD,KOMMUNE,Roth,Roth,200,200,0,199,199,0,72,72,0,36.18090452261307,36.18090452261307,0.0,1,1,2026-03-22 18:53:15
2171331108700,GD,KOMMUNE,Rümmelsheim,Rümmelsheim,769,769,0,762,762,0,233,233,0,30.577427821522306,30.577427821522306,0.0,1,1,2026-03-22 19:40:41
2171331109100,GD,KOMMUNE,Schöneberg,Schöneberg,391,391,0,385,385,0,143,143,0,37.142857142857146,37.142857142857146,0.0,1,1,2026-03-22 21:13:14
2171331109300,GD,KOMMUNE,Schweppenhausen,Schweppenhausen,441,441,0,439,439,0,107,107,0,24.373576309794988,24.373576309794988,0.0,1,1,2026-03-22 18:49:27
2171331109500,GD,KOMMUNE,Seibersbach,Seibersbach,754,754,0,745,745,0,270,270,0,36.241610738255034,36.241610738255034,0.0,1,1,2026-03-22 19:48:14
2171331110300,GD,KOMMUNE,Stromberg,Stromberg,1752,1752,0,1736,1736,0,534,534,0,30.760368663594466,30.760368663594466,0.0,3,3,2026-03-22 20:20:06
2171331110800,GD,KOMMUNE,Waldlaubersheim,Waldlaubersheim,494,494,0,494,494,0,128,128,0,25.910931174089068,25.910931174089068,0.0,1,1,2026-03-22 20:04:17
2171331111000,GD,KOMMUNE,Warmsroth,Warmsroth,320,320,0,319,319,0,101,101,0,31.661442006269592,31.661442006269592,0.0,1,1,2026-03-22 18:54:30
2171331111400,GD,KOMMUNE,Windesheim,Windesheim,1009,1009,0,1002,1002,0,351,351,0,35.029940119760475,35.029940119760475,0.0,1,1,2026-03-22 20:27:08
2180000000000,WK,WAHLKREIS,"Kirn / Bad Sobernheim, Wahlkreis","Kirn / Bad Sobernheim, Wahlkreis",39482,39462,-20,39050,39052,2,11589,11589,0,29.67733674775928,29.675816859571853,-0.0015198881874276537,101,101,2026-03-22 20:29:11
2181330000000,TK,WAHLKREIS_TEIL,"Bad Kreuznach, Teilkreis","Bad Kreuznach, Teilkreis",39482,39462,-20,39050,39052,2,11589,11589,0,29.67733674775928,29.675816859571853,-0.0015198881874276537,101,101,2026-03-22 20:26:35
2181330600000,VG,KOMMUNE,"Rüdesheim, VG","Rüdesheim, VG",16515,16495,-20,16330,16331,1,5666,5666,0,34.69687691365585,34.69475231155471,-0.002124602101140738,32,32,2026-03-22 20:19:41
2181330600200,GD,KOMMUNE,Allenfeld,Allenfeld,149,149,0,148,148,0,38,38,0,25.675675675675674,25.675675675675674,0.0,1,1,2026-03-22 18:41:05
2181330600400,GD,KOMMUNE,Argenschwang,Argenschwang,200,200,0,196,196,0,65,65,0,33.16326530612245,33.16326530612245,0.0,1,1,2026-03-22 18:47:43
2181330601300,GD,KOMMUNE,Bockenau,Bockenau,682,682,0,674,674,0,254,254,0,37.68545994065282,37.68545994065282,0.0,1,1,2026-03-22 19:21:54
2181330601400,GD,KOMMUNE,Boos,Boos,227,228,1,227,228,1,46,46,0,20.26431718061674,20.175438596491226,-0.08887858412551353,1,1,2026-03-22 19:14:06
2181330601500,GD,KOMMUNE,Braunweiler,Braunweiler,375,375,0,367,367,0,153,153,0,41.689373297002724,41.689373297002724,0.0,1,1,2026-03-22 19:01:50
2181330601900,GD,KOMMUNE,Burgsponheim,Burgsponheim,159,159,0,154,154,0,37,37,0,24.025974025974026,24.025974025974026,0.0,1,1,2026-03-22 18:58:52
2181330602100,GD,KOMMUNE,Dalberg,Dalberg,157,157,0,156,156,0,73,73,0,46.794871794871796,46.794871794871796,0.0,1,1,2026-03-22 18:51:17
2181330602700,GD,KOMMUNE,Duchroth,Duchroth,303,301,-2,301,301,0,79,79,0,26.245847176079735,26.245847176079735,0.0,1,1,2026-03-22 18:55:27
2181330603300,GD,KOMMUNE,Gebroth,Gebroth,80,80,0,79,79,0,23,23,0,29.11392405063291,29.11392405063291,0.0,1,1,2026-03-22 18:27:09
2181330603600,GD,KOMMUNE,Gutenberg,Gutenberg,595,595,0,586,586,0,217,217,0,37.03071672354949,37.03071672354949,0.0,1,1,2026-03-22 19:11:46
2181330604000,GD,KOMMUNE,Hargesheim,Hargesheim,1549,1549,0,1533,1533,0,480,480,0,31.31115459882583,31.31115459882583,0.0,1,1,2026-03-22 19:45:45
2181330604400,GD,KOMMUNE,Hergenfeld,Hergenfeld,321,321,0,318,318,0,142,142,0,44.65408805031446,44.65408805031446,0.0,1,1,2026-03-22 18:44:46
2181330604800,GD,KOMMUNE,Hüffelsheim,Hüffelsheim,677,677,0,668,668,0,193,193,0,28.892215568862273,28.892215568862273,0.0,1,1,2026-03-22 19:22:54
2181330606100,GD,KOMMUNE,Mandel,Mandel,582,578,-4,576,576,0,203,203,0,35.24305555555556,35.24305555555556,0.0,1,1,2026-03-22 19:49:49
2181330606800,GD,KOMMUNE,Münchwald,Münchwald,201,201,0,198,198,0,51,51,0,25.757575757575758,25.757575757575758,0.0,1,1,2026-03-22 19:12:54
2181330607000,GD,KOMMUNE,Niederhausen,Niederhausen,333,333,0,330,330,0,115,115,0,34.84848484848485,34.84848484848485,0.0,1,1,2026-03-22 19:00:27
2181330607100,GD,KOMMUNE,Norheim,Norheim,833,833,0,824,824,0,244,244,0,29.61165048543689,29.61165048543689,0.0,1,1,2026-03-22 19:28:18
2181330607400,GD,KOMMUNE,Oberhausen an der Nahe,Oberhausen an der Nahe,203,203,0,202,202,0,74,74,0,36.633663366336634,36.633663366336634,0.0,1,1,2026-03-22 19:06:13
2181330607500,GD,KOMMUNE,Oberstreit,Oberstreit,171,171,0,169,169,0,63,63,0,37.278106508875744,37.278106508875744,0.0,1,1,2026-03-22 18:35:03
2181330608600,GD,KOMMUNE,Roxheim,Roxheim,1522,1515,-7,1502,1502,0,467,467,0,31.091877496671106,31.091877496671106,0.0,1,1,2026-03-22 20:19:41
2181330608800,GD,KOMMUNE,Sankt Katharinen,Sankt Katharinen,228,228,0,225,225,0,83,83,0,36.888888888888886,36.888888888888886,0.0,1,1,2026-03-22 19:20:33
2181330608900,GD,KOMMUNE,Schloßböckelheim,Schloßböckelheim,210,210,0,205,205,0,44,44,0,21.463414634146343,21.463414634146343,0.0,1,1,2026-03-22 19:03:15
2181330609800,GD,KOMMUNE,Sommerloch,Sommerloch,264,264,0,258,258,0,139,139,0,53.875968992248055,53.875968992248055,0.0,1,1,2026-03-22 19:17:03
2181330609900,GD,KOMMUNE,Spabrücken,Spabrücken,714,712,-2,705,705,0,332,332,0,47.09219858156028,47.09219858156028,0.0,1,1,2026-03-22 20:18:21
2181330610000,GD,KOMMUNE,Spall,Spall,108,108,0,106,106,0,26,26,0,24.528301886792452,24.528301886792452,0.0,1,1,2026-03-22 18:57:33
2181330610100,GD,KOMMUNE,Sponheim,Sponheim,418,418,0,412,412,0,149,149,0,36.16504854368932,36.16504854368932,0.0,1,1,2026-03-22 19:18:54
2181330610500,GD,KOMMUNE,Traisen,Traisen,348,348,0,345,345,0,90,90,0,26.08695652173913,26.08695652173913,0.0,1,1,2026-03-22 19:08:47
2181330610700,GD,KOMMUNE,Waldböckelheim,Waldböckelheim,1238,1237,-1,1228,1228,0,390,390,0,31.758957654723126,31.758957654723126,0.0,1,1,2026-03-22 20:17:03
2181330610900,GD,KOMMUNE,Wallhausen,Wallhausen,1041,1041,0,1034,1034,0,559,559,0,54.06189555125726,54.06189555125726,0.0,1,1,2026-03-22 19:15:55
2181330611200,GD,KOMMUNE,Weinsheim,Weinsheim,948,948,0,942,942,0,277,277,0,29.40552016985138,29.40552016985138,0.0,1,1,2026-03-22 19:47:03
2181330611500,GD,KOMMUNE,Winterbach,Winterbach,296,296,0,292,292,0,91,91,0,31.164383561643838,31.164383561643838,0.0,1,1,2026-03-22 19:05:01
2181330611700,GD,KOMMUNE,Rüdesheim,Rüdesheim,1383,1378,-5,1370,1370,0,469,469,0,34.23357664233577,34.23357664233577,0.0,1,1,2026-03-22 20:04:49
2181330900000,VG,KOMMUNE,"Kirner Land, VG","Kirner Land, VG",9123,9123,0,9007,9007,0,2243,2243,0,24.902853336293994,24.902853336293994,0.0,26,26,2026-03-22 20:26:35
2181330900800,GD,KOMMUNE,Bärenbach,Bärenbach,313,313,0,308,308,0,82,82,0,26.623376623376622,26.623376623376622,0.0,1,1,2026-03-22 19:05:27
2181330901000,GD,KOMMUNE,Becherbach bei Kirn,Becherbach bei Kirn,233,233,0,232,232,0,60,60,0,25.862068965517242,25.862068965517242,0.0,1,1,2026-03-22 19:01:34
2181330901600,GD,KOMMUNE,Brauweiler,Brauweiler,46,46,0,46,46,0,10,10,0,21.73913043478261,21.73913043478261,0.0,1,1,2026-03-22 18:25:05
2181330903800,GD,KOMMUNE,Hahnenbach,Hahnenbach,259,259,0,255,255,0,61,61,0,23.92156862745098,23.92156862745098,0.0,1,1,2026-03-22 19:49:48
2181330904100,GD,KOMMUNE,Heimweiler,Heimweiler,255,255,0,255,255,0,81,81,0,31.76470588235294,31.76470588235294,0.0,1,1,2026-03-22 19:02:24
2181330904200,GD,KOMMUNE,Heinzenberg,Heinzenberg,,,0,,,0,,,0,,,,0,0,2026-03-20 10:01:39
2181330904300,GD,KOMMUNE,Hennweiler,Hennweiler,729,729,0,712,712,0,192,192,0,26.96629213483146,26.96629213483146,0.0,1,1,2026-03-22 19:47:12
2181330904600,GD,KOMMUNE,Hochstetten-Dhaun,Hochstetten-Dhaun,939,939,0,922,922,0,229,229,0,24.837310195227765,24.837310195227765,0.0,3,3,2026-03-22 19:07:56
2181330904700,GD,KOMMUNE,Horbach,Horbach,,,0,,,0,,,0,,,,0,0,2026-03-20 10:01:39
2181330905200,GD,KOMMUNE,Kirn,Kirn,3385,3385,0,3350,3350,0,802,802,0,23.940298507462686,23.940298507462686,0.0,6,6,2026-03-22 20:04:01
2181330905900,GD,KOMMUNE,Limbach,Limbach,180,180,0,177,177,0,45,45,0,25.423728813559322,25.423728813559322,0.0,1,1,2026-03-22 19:04:29
2181330906300,GD,KOMMUNE,Meckenbach,Meckenbach,222,222,0,219,219,0,50,50,0,22.831050228310502,22.831050228310502,0.0,1,1,2026-03-22 18:52:52
2181330907300,GD,KOMMUNE,Oberhausen bei Kirn,Oberhausen bei Kirn,552,552,0,541,541,0,153,153,0,28.280961182994456,28.280961182994456,0.0,1,1,2026-03-22 19:58:59
2181330907700,GD,KOMMUNE,Otzweiler,Otzweiler,119,119,0,118,118,0,16,16,0,13.559322033898304,13.559322033898304,0.0,1,1,2026-03-22 18:41:16
2181330909600,GD,KOMMUNE,Simmertal,Simmertal,1086,1086,0,1076,1076,0,245,245,0,22.769516728624538,22.769516728624538,0.0,1,1,2026-03-22 20:01:11
2181330911300,GD,KOMMUNE,Weitersborn,Weitersborn,130,130,0,128,128,0,20,20,0,15.625,15.625,0.0,1,1,2026-03-22 19:06:43
2181330920100,GD,KOMMUNE,Bruschied,Bruschied,168,168,0,167,167,0,55,55,0,32.93413173652694,32.93413173652694,0.0,1,1,2026-03-22 18:57:07
2181330920200,GD,KOMMUNE,Kellenbach,Kellenbach,150,150,0,150,150,0,41,41,0,27.333333333333332,27.333333333333332,0.0,1,1,2026-03-22 18:59:43
2181330920300,GD,KOMMUNE,Königsau,Königsau,45,45,0,42,42,0,6,6,0,14.285714285714285,14.285714285714285,0.0,1,1,2026-03-22 20:26:35
2181330920400,GD,KOMMUNE,Schneppenbach,Schneppenbach,142,142,0,141,141,0,50,50,0,35.46099290780142,35.46099290780142,0.0,1,1,2026-03-22 18:51:20
2181330920500,GD,KOMMUNE,Schwarzerden,Schwarzerden,170,170,0,168,168,0,45,45,0,26.785714285714285,26.785714285714285,0.0,1,1,2026-03-22 19:38:03
2181331000000,VG,KOMMUNE,"Nahe-Glan, VG","Nahe-Glan, VG",13844,13844,0,13713,13714,1,3680,3680,0,26.835849194195287,26.833892372757767,-0.0019568214375205173,43,43,2026-03-22 20:26:33
2181331000100,GD,KOMMUNE,Abtweiler,Abtweiler,120,120,0,118,118,0,28,28,0,23.728813559322035,23.728813559322035,0.0,1,1,2026-03-22 18:28:52
2181331000500,GD,KOMMUNE,Auen,Auen,127,127,0,125,125,0,34,34,0,27.200000000000003,27.200000000000003,0.0,1,1,2026-03-22 18:30:33
2181331000900,GD,KOMMUNE,Bärweiler,Bärweiler,135,135,0,135,135,0,29,29,0,21.48148148148148,21.48148148148148,0.0,1,1,2026-03-22 18:57:02
2181331001100,GD,KOMMUNE,Becherbach,Becherbach,536,536,0,530,530,0,123,123,0,23.20754716981132,23.20754716981132,0.0,3,3,2026-03-22 19:18:45
2181331001700,GD,KOMMUNE,Breitenheim,Breitenheim,253,253,0,251,251,0,61,61,0,24.302788844621514,24.302788844621514,0.0,1,1,2026-03-22 18:52:21
2181331002000,GD,KOMMUNE,Callbach,Callbach,189,189,0,187,187,0,37,37,0,19.786096256684495,19.786096256684495,0.0,1,1,2026-03-22 18:51:05
2181331002200,GD,KOMMUNE,Daubach,Daubach,170,170,0,168,168,0,55,55,0,32.73809523809524,32.73809523809524,0.0,1,1,2026-03-22 18:37:48
2181331002400,GD,KOMMUNE,Desloch,Desloch,202,202,0,198,198,0,56,56,0,28.28282828282828,28.28282828282828,0.0,1,1,2026-03-22 19:25:31
2181331004900,GD,KOMMUNE,Hundsbach,Hundsbach,214,214,0,213,213,0,40,40,0,18.779342723004692,18.779342723004692,0.0,1,1,2026-03-22 19:24:00
2181331005000,GD,KOMMUNE,Ippenschied,Ippenschied,131,131,0,130,130,0,53,53,0,40.76923076923077,40.76923076923077,0.0,1,1,2026-03-22 18:47:49
2181331005100,GD,KOMMUNE,Jeckenbach,Jeckenbach,142,142,0,140,140,0,41,41,0,29.28571428571429,29.28571428571429,0.0,1,1,2026-03-22 19:34:00
2181331005300,GD,KOMMUNE,Kirschroth,Kirschroth,175,175,0,171,171,0,48,48,0,28.07017543859649,28.07017543859649,0.0,1,1,2026-03-22 19:03:39
2181331005500,GD,KOMMUNE,Langenthal,Langenthal,52,52,0,52,52,0,15,15,0,28.846153846153843,28.846153846153843,0.0,1,1,2026-03-22 18:23:45
2181331005700,GD,KOMMUNE,Lauschied,Lauschied,334,334,0,328,328,0,136,136,0,41.46341463414634,41.46341463414634,0.0,1,1,2026-03-22 18:59:46
2181331005800,GD,KOMMUNE,Lettweiler,Lettweiler,133,133,0,133,133,0,29,29,0,21.804511278195488,21.804511278195488,0.0,1,1,2026-03-22 19:17:08
2181331006000,GD,KOMMUNE,Löllbach,Löllbach,110,110,0,108,108,0,25,25,0,23.14814814814815,23.14814814814815,0.0,1,1,2026-03-22 18:41:47
2181331006200,GD,KOMMUNE,Martinstein,Martinstein,131,131,0,129,129,0,32,32,0,24.8062015503876,24.8062015503876,0.0,1,1,2026-03-22 19:04:49
2181331006400,GD,KOMMUNE,Meddersheim,Meddersheim,819,819,0,815,815,0,250,250,0,30.67484662576687,30.67484662576687,0.0,1,1,2026-03-22 19:31:58
2181331006500,GD,KOMMUNE,Meisenheim,Meisenheim,1399,1399,0,1383,1383,0,362,362,0,26.174981923355023,26.174981923355023,0.0,2,2,2026-03-22 19:57:49
2181331006600,GD,KOMMUNE,Merxheim,Merxheim,837,837,0,832,832,0,232,232,0,27.884615384615387,27.884615384615387,0.0,1,1,2026-03-22 19:41:32
2181331006700,GD,KOMMUNE,Monzingen,Monzingen,854,854,0,845,845,0,181,181,0,21.420118343195266,21.420118343195266,0.0,1,1,2026-03-22 20:04:54
2181331007200,GD,KOMMUNE,Nußbaum,Nußbaum,277,277,0,277,277,0,62,62,0,22.382671480144403,22.382671480144403,0.0,1,1,2026-03-22 19:01:14
2181331007600,GD,KOMMUNE,Odernheim am Glan,Odernheim am Glan,974,974,0,968,968,0,252,252,0,26.033057851239672,26.033057851239672,0.0,1,1,2026-03-22 20:26:33
2181331008100,GD,KOMMUNE,Raumbach,Raumbach,236,236,0,233,233,0,68,68,0,29.184549356223176,29.184549356223176,0.0,1,1,2026-03-22 20:06:27
2181331008200,GD,KOMMUNE,Rehbach,Rehbach,,,0,,,0,,,0,,,,0,0,2026-03-20 10:01:39
2181331008300,GD,KOMMUNE,Rehborn,Rehborn,445,445,0,439,439,0,97,97,0,22.095671981776764,22.095671981776764,0.0,1,1,2026-03-22 19:27:13
2181331008400,GD,KOMMUNE,Reiffelbach,Reiffelbach,149,149,0,149,149,0,33,33,0,22.14765100671141,22.14765100671141,0.0,1,1,2026-03-22 18:49:15
2181331009000,GD,KOMMUNE,Schmittweiler,Schmittweiler,106,106,0,106,106,0,20,20,0,18.867924528301888,18.867924528301888,0.0,1,1,2026-03-22 19:09:01
2181331009200,GD,KOMMUNE,Schweinschied,Schweinschied,88,88,0,87,87,0,30,30,0,34.48275862068966,34.48275862068966,0.0,1,1,2026-03-22 18:43:35
2181331009400,GD,KOMMUNE,Seesbach,Seesbach,302,302,0,300,300,0,97,97,0,32.33333333333333,32.33333333333333,0.0,1,1,2026-03-22 18:40:33
2181331010200,GD,KOMMUNE,Staudernheim,Staudernheim,835,835,0,828,828,0,241,241,0,29.106280193236717,29.106280193236717,0.0,1,1,2026-03-22 18:58:26
2181331011100,GD,KOMMUNE,Weiler bei Monzingen,Weiler bei Monzingen,260,260,0,258,258,0,83,83,0,32.17054263565892,32.17054263565892,0.0,1,1,2026-03-22 18:45:24
2181331011600,GD,KOMMUNE,Winterburg,Winterburg,105,105,0,102,103,1,27,27,0,26.47058823529412,26.21359223300971,-0.25699600228441,1,1,2026-03-22 19:39:08
2181331050100,GD,KOMMUNE,Bad Sobernheim,Bad Sobernheim,3004,3004,0,2975,2975,0,803,803,0,26.991596638655462,26.991596638655462,0.0,8,8,2026-03-22 19:37:17
2190000000000,WK,WAHLKREIS,"Birkenfeld, Wahlkreis","Birkenfeld, Wahlkreis",40819,40785,-34,40283,40279,-4,11145,11147,2,27.666757689347865,27.674470567789665,0.007712878441800797,135,135,2026-03-22 22:01:12
2191340000000,LK,KREIS_ODER_STADT,"Birkenfeld, Landkreis","Birkenfeld, Landkreis",40819,40785,-34,40283,40279,-4,11145,11147,2,27.666757689347865,27.674470567789665,0.007712878441800797,135,135,2026-03-22 21:59:37
2191340004500,VF,KOMMUNE,"Idar-Oberstein, Verbandsfreie Gemeinde","Idar-Oberstein, Verbandsfreie Gemeinde",13083,13083,0,12977,12975,-2,3608,3606,-2,27.803036140864606,27.79190751445087,-0.011128626413736242,30,30,2026-03-22 20:37:18
2191340004501,ST,KOMMUNENTEIL,Idar-Oberstein/Oberstein,Idar-Oberstein/Oberstein,1542,1542,0,1520,1520,0,234,234,0,15.394736842105264,15.394736842105264,0.0,4,4,2026-03-22 19:16:30
2191340004502,ST,KOMMUNENTEIL,Idar-Oberstein/Idar,Idar-Oberstein/Idar,1540,1540,0,1528,1528,0,327,327,0,21.400523560209425,21.400523560209425,0.0,5,5,2026-03-22 19:33:50
2191340004503,ST,KOMMUNENTEIL,Idar-Oberstein/Tiefenstein,Idar-Oberstein/Tiefenstein,596,596,0,591,591,0,143,143,0,24.196277495769884,24.196277495769884,0.0,2,2,2026-03-22 18:58:39
2191340004504,ST,KOMMUNENTEIL,Idar-Oberstein/Algenrodt,Idar-Oberstein/Algenrodt,427,427,0,424,424,0,107,107,0,25.235849056603776,25.235849056603776,0.0,1,1,2026-03-22 19:13:00
2191340004505,ST,KOMMUNENTEIL,Idar-Oberstein/Enzweiler,Idar-Oberstein/Enzweiler,166,166,0,163,163,0,62,62,0,38.036809815950924,38.036809815950924,0.0,1,1,2026-03-22 18:25:14
2191340004506,ST,KOMMUNENTEIL,Idar-Oberstein/Hammerstein,Idar-Oberstein/Hammerstein,139,139,0,138,138,0,42,42,0,30.434782608695656,30.434782608695656,0.0,1,1,2026-03-22 18:31:03
2191340004507,ST,KOMMUNENTEIL,Idar-Oberstein/Kirchenbollenbach,Idar-Oberstein/Kirchenbollenbach,212,212,0,212,212,0,59,59,0,27.830188679245282,27.830188679245282,0.0,1,1,2026-03-22 18:36:40
2191340004508,ST,KOMMUNENTEIL,Idar-Oberstein/Mittelbollenbach,Idar-Oberstein/Mittelbollenbach,334,334,0,329,329,0,74,74,0,22.492401215805472,22.492401215805472,0.0,1,1,2026-03-22 18:52:28
2191340004509,ST,KOMMUNENTEIL,Idar-Oberstein/Nahbollenbach,Idar-Oberstein/Nahbollenbach,485,485,0,478,478,0,108,108,0,22.594142259414227,22.594142259414227,0.0,1,1,2026-03-22 19:09:13
2191340004510,ST,KOMMUNENTEIL,Idar-Oberstein/Weierbach,Idar-Oberstein/Weierbach,702,702,0,698,698,0,169,169,0,24.212034383954155,24.212034383954155,0.0,2,2,2026-03-22 20:37:18
2191340004511,ST,KOMMUNENTEIL,Idar-Oberstein/Georg-Weierbach,Idar-Oberstein/Georg-Weierbach,170,170,0,169,169,0,40,40,0,23.668639053254438,23.668639053254438,0.0,1,1,2026-03-22 18:43:35
2191340004512,ST,KOMMUNENTEIL,Idar-Oberstein/Göttschied,Idar-Oberstein/Göttschied,709,709,0,705,705,0,201,201,0,28.510638297872344,28.510638297872344,0.0,2,2,2026-03-22 19:50:07
2191340004513,ST,KOMMUNENTEIL,Idar-Oberstein/Regulshausen,Idar-Oberstein/Regulshausen,232,232,0,231,231,0,66,66,0,28.57142857142857,28.57142857142857,0.0,1,1,2026-03-22 18:47:35
2191340100000,VG,KOMMUNE,"Baumholder, VG","Baumholder, VG",4744,4725,-19,4682,4680,-2,1250,1254,4,26.697992310978215,26.794871794871796,0.0968794838935807,15,15,2026-03-22 21:59:37
2191340100500,GD,KOMMUNE,Baumholder,Baumholder,1651,1646,-5,1635,1635,0,395,401,6,24.159021406727827,24.52599388379205,0.3669724770642233,2,2,2026-03-22 21:59:37
2191340100700,GD,KOMMUNE,Berglangenbach,Berglangenbach,289,287,-2,282,280,-2,65,63,-2,23.04964539007092,22.5,-0.5496453900709213,1,1,2026-03-22 19:27:38
2191340100800,GD,KOMMUNE,Berschweiler bei Baumholder,Berschweiler bei Baumholder,283,277,-6,275,275,0,67,67,0,24.363636363636363,24.363636363636363,0.0,1,1,2026-03-22 20:17:34
2191340102100,GD,KOMMUNE,Eckersweiler,Eckersweiler,110,110,0,108,108,0,19,19,0,17.59259259259259,17.59259259259259,0.0,1,1,2026-03-22 19:09:58
2191340102600,GD,KOMMUNE,Fohren-Linden,Fohren-Linden,207,207,0,207,207,0,51,51,0,24.637681159420293,24.637681159420293,0.0,1,1,2026-03-22 18:56:14
2191340102700,GD,KOMMUNE,Frauenberg,Frauenberg,219,218,-1,215,215,0,51,51,0,23.72093023255814,23.72093023255814,0.0,1,1,2026-03-22 18:54:18
2191340103300,GD,KOMMUNE,Hahnweiler,Hahnweiler,113,113,0,111,111,0,35,35,0,31.53153153153153,31.53153153153153,0.0,1,1,2026-03-22 18:31:52
2191340103600,GD,KOMMUNE,Heimbach,Heimbach,521,521,0,514,514,0,168,168,0,32.68482490272373,32.68482490272373,0.0,1,1,2026-03-22 19:14:41
2191340105100,GD,KOMMUNE,Leitzweiler,Leitzweiler,66,66,0,66,66,0,21,21,0,31.818181818181817,31.818181818181817,0.0,1,1,2026-03-22 18:22:49
2191340105400,GD,KOMMUNE,Mettweiler,Mettweiler,135,130,-5,129,129,0,25,25,0,19.379844961240313,19.379844961240313,0.0,1,1,2026-03-22 19:06:27
2191340106800,GD,KOMMUNE,Reichenbach,Reichenbach,320,320,0,317,317,0,84,84,0,26.498422712933756,26.498422712933756,0.0,1,1,2026-03-22 18:47:39
2191340107300,GD,KOMMUNE,Rohrbach,Rohrbach,129,129,0,129,129,0,63,63,0,48.837209302325576,48.837209302325576,0.0,1,1,2026-03-22 18:41:54
2191340107400,GD,KOMMUNE,Rückweiler,Rückweiler,248,248,0,245,245,0,91,91,0,37.142857142857146,37.142857142857146,0.0,1,1,2026-03-22 19:01:44
2191340107500,GD,KOMMUNE,Ruschberg,Ruschberg,453,453,0,449,449,0,115,115,0,25.612472160356347,25.612472160356347,0.0,1,1,2026-03-22 19:11:16
2191340200000,VG,KOMMUNE,"Birkenfeld, VG","Birkenfeld, VG",9998,9983,-15,9871,9871,0,2654,2654,0,26.886840239084187,26.886840239084187,0.0,39,39,2026-03-22 20:58:17
2191340200100,GD,KOMMUNE,Abentheuer,Abentheuer,223,223,0,217,217,0,55,55,0,25.34562211981567,25.34562211981567,0.0,1,1,2026-03-22 19:13:16
2191340200200,GD,KOMMUNE,Achtelsbach,Achtelsbach,252,245,-7,239,239,0,42,42,0,17.573221757322173,17.573221757322173,0.0,1,1,2026-03-22 20:35:14
2191340201000,GD,KOMMUNE,Birkenfeld,Birkenfeld,2721,2721,0,2686,2686,0,610,610,0,22.710349962769918,22.710349962769918,0.0,6,6,2026-03-22 20:58:17
2191340201100,GD,KOMMUNE,Börfink,Börfink,104,104,0,104,104,0,22,22,0,21.153846153846153,21.153846153846153,0.0,1,1,2026-03-22 19:03:06
2191340201500,GD,KOMMUNE,Brücken,Brücken,634,634,0,626,626,0,168,168,0,26.837060702875398,26.837060702875398,0.0,2,2,2026-03-22 19:37:30
2191340201600,GD,KOMMUNE,Buhlenberg,Buhlenberg,282,282,0,281,281,0,63,63,0,22.419928825622776,22.419928825622776,0.0,1,1,2026-03-22 19:09:54
2191340201800,GD,KOMMUNE,Dambach,Dambach,105,104,-1,104,104,0,31,31,0,29.807692307692307,29.807692307692307,0.0,1,1,2026-03-22 18:41:39
2191340202000,GD,KOMMUNE,Dienstweiler,Dienstweiler,192,192,0,191,191,0,49,49,0,25.654450261780106,25.654450261780106,0.0,1,1,2026-03-22 19:08:13
2191340202200,GD,KOMMUNE,Elchweiler,Elchweiler,64,64,0,64,64,0,17,17,0,26.5625,26.5625,0.0,1,1,2026-03-22 18:48:43
2191340202300,GD,KOMMUNE,Ellenberg,Ellenberg,57,57,0,57,57,0,7,7,0,12.280701754385964,12.280701754385964,0.0,1,1,2026-03-22 18:45:39
2191340202400,GD,KOMMUNE,Ellweiler,Ellweiler,190,190,0,188,188,0,44,44,0,23.404255319148938,23.404255319148938,0.0,1,1,2026-03-22 18:44:43
2191340202900,GD,KOMMUNE,Gimbweiler,Gimbweiler,241,235,-6,230,230,0,45,45,0,19.565217391304348,19.565217391304348,0.0,1,1,2026-03-22 19:18:12
2191340203100,GD,KOMMUNE,Gollenberg,Gollenberg,68,68,0,68,68,0,20,20,0,29.411764705882355,29.411764705882355,0.0,1,1,2026-03-22 18:51:55
2191340203400,GD,KOMMUNE,Hattgenstein,Hattgenstein,153,153,0,151,151,0,58,58,0,38.41059602649007,38.41059602649007,0.0,1,1,2026-03-22 19:52:23
2191340204200,GD,KOMMUNE,Hoppstädten-Weiersbach,Hoppstädten-Weiersbach,1426,1426,0,1412,1412,0,469,469,0,33.21529745042493,33.21529745042493,0.0,3,3,2026-03-22 20:06:02
2191340204800,GD,KOMMUNE,Kronweiler,Kronweiler,184,184,0,183,183,0,39,39,0,21.311475409836063,21.311475409836063,0.0,1,1,2026-03-22 18:50:25
2191340205000,GD,KOMMUNE,Leisel,Leisel,333,333,0,328,328,0,106,106,0,32.31707317073171,32.31707317073171,0.0,1,1,2026-03-22 19:41:13
2191340205300,GD,KOMMUNE,Meckenbach,Meckenbach,63,63,0,61,61,0,13,13,0,21.311475409836063,21.311475409836063,0.0,1,1,2026-03-22 18:31:26
2191340205700,GD,KOMMUNE,Niederbrombach,Niederbrombach,272,272,0,267,267,0,69,69,0,25.842696629213485,25.842696629213485,0.0,1,1,2026-03-22 19:34:43
2191340205800,GD,KOMMUNE,Niederhambach,Niederhambach,192,192,0,192,192,0,69,69,0,35.9375,35.9375,0.0,1,1,2026-03-22 19:10:44
2191340206100,GD,KOMMUNE,Nohen,Nohen,203,203,0,199,199,0,36,36,0,18.090452261306535,18.090452261306535,0.0,1,1,2026-03-22 19:08:22
2191340206200,GD,KOMMUNE,Oberbrombach,Oberbrombach,258,258,0,258,258,0,91,91,0,35.27131782945737,35.27131782945737,0.0,1,1,2026-03-22 18:47:04
2191340206300,GD,KOMMUNE,Oberhambach,Oberhambach,147,147,0,146,146,0,35,35,0,23.972602739726025,23.972602739726025,0.0,1,1,2026-03-22 19:22:56
2191340207000,GD,KOMMUNE,Rimsberg,Rimsberg,87,87,0,85,85,0,32,32,0,37.64705882352941,37.64705882352941,0.0,1,1,2026-03-22 18:33:37
2191340207100,GD,KOMMUNE,Rinzenberg,Rinzenberg,197,196,-1,196,196,0,60,60,0,30.612244897959183,30.612244897959183,0.0,1,1,2026-03-22 19:14:23
2191340207200,GD,KOMMUNE,Rötsweiler-Nockenthal,Rötsweiler-Nockenthal,283,283,0,281,281,0,89,89,0,31.672597864768683,31.672597864768683,0.0,1,1,2026-03-22 19:42:57
2191340207800,GD,KOMMUNE,Schmißberg,Schmißberg,132,132,0,131,131,0,42,42,0,32.06106870229007,32.06106870229007,0.0,1,1,2026-03-22 19:02:53
2191340208000,GD,KOMMUNE,Schwollen,Schwollen,293,293,0,290,290,0,75,75,0,25.862068965517242,25.862068965517242,0.0,1,1,2026-03-22 18:54:30
2191340208400,GD,KOMMUNE,Siesbach,Siesbach,230,230,0,226,226,0,85,85,0,37.610619469026545,37.610619469026545,0.0,1,1,2026-03-22 18:47:10
2191340208500,GD,KOMMUNE,Sonnenberg-Winnenberg,Sonnenberg-Winnenberg,258,258,0,258,258,0,74,74,0,28.68217054263566,28.68217054263566,0.0,1,1,2026-03-22 18:42:33
2191340209400,GD,KOMMUNE,Wilzenberg-Hußweiler,Wilzenberg-Hußweiler,154,154,0,152,152,0,39,39,0,25.657894736842106,25.657894736842106,0.0,1,1,2026-03-22 18:52:07
2191340500000,VG,KOMMUNE,"Herrstein-Rhaunen, VG","Herrstein-Rhaunen, VG",12994,12994,0,12753,12753,0,3633,3633,0,28.487414725946834,28.487414725946834,0.0,51,51,2026-03-22 21:03:41
2191340500300,GD,KOMMUNE,Allenbach,Allenbach,395,395,0,388,388,0,92,92,0,23.711340206185564,23.711340206185564,0.0,1,1,2026-03-22 19:32:32
2191340500400,GD,KOMMUNE,Asbach,Asbach,65,65,0,63,63,0,22,22,0,34.92063492063492,34.92063492063492,0.0,1,1,2026-03-22 18:32:26
2191340500600,GD,KOMMUNE,Bergen,Bergen,291,291,0,289,289,0,65,65,0,22.491349480968857,22.491349480968857,0.0,1,1,2026-03-22 19:37:39
2191340500900,GD,KOMMUNE,Berschweiler bei Kirn,Berschweiler bei Kirn,148,148,0,143,143,0,29,29,0,20.27972027972028,20.27972027972028,0.0,1,1,2026-03-22 18:35:01
2191340501200,GD,KOMMUNE,Bollenbach,Bollenbach,77,77,0,76,76,0,17,17,0,22.36842105263158,22.36842105263158,0.0,1,1,2026-03-22 18:29:58
2191340501300,GD,KOMMUNE,Breitenthal,Breitenthal,201,201,0,198,198,0,69,69,0,34.84848484848485,34.84848484848485,0.0,1,1,2026-03-22 19:16:45
2191340501400,GD,KOMMUNE,Bruchweiler,Bruchweiler,326,326,0,316,316,0,95,95,0,30.063291139240505,30.063291139240505,0.0,1,1,2026-03-22 19:04:35
2191340501700,GD,KOMMUNE,Bundenbach,Bundenbach,500,500,0,491,491,0,143,143,0,29.124236252545828,29.124236252545828,0.0,1,1,2026-03-22 19:27:28
2191340501900,GD,KOMMUNE,Dickesbach,Dickesbach,262,262,0,260,260,0,71,71,0,27.307692307692307,27.307692307692307,0.0,1,1,2026-03-22 20:28:59
2191340502500,GD,KOMMUNE,Fischbach,Fischbach,493,493,0,486,486,0,110,110,0,22.633744855967077,22.633744855967077,0.0,1,1,2026-03-22 19:47:24
2191340502800,GD,KOMMUNE,Gerach,Gerach,142,142,0,140,140,0,50,50,0,35.714285714285715,35.714285714285715,0.0,1,1,2026-03-22 20:53:32
2191340503000,GD,KOMMUNE,Gösenroth,Gösenroth,149,149,0,143,143,0,50,50,0,34.96503496503497,34.96503496503497,0.0,1,1,2026-03-22 19:23:05
2191340503200,GD,KOMMUNE,Griebelschied,Griebelschied,94,94,0,92,92,0,23,23,0,25.0,25.0,0.0,1,1,2026-03-22 19:16:38
2191340503500,GD,KOMMUNE,Hausen,Hausen,87,87,0,85,85,0,11,11,0,12.941176470588237,12.941176470588237,0.0,1,1,2026-03-22 18:30:21
2191340503700,GD,KOMMUNE,Hellertshausen,Hellertshausen,105,105,0,105,105,0,23,23,0,21.904761904761905,21.904761904761905,0.0,1,1,2026-03-22 19:10:07
2191340503800,GD,KOMMUNE,Herborn,Herborn,352,352,0,349,349,0,102,102,0,29.22636103151863,29.22636103151863,0.0,1,1,2026-03-22 19:50:33
2191340503900,GD,KOMMUNE,Herrstein,Herrstein,363,363,0,341,341,0,71,71,0,20.821114369501466,20.821114369501466,0.0,1,1,2026-03-22 19:55:56
2191340504000,GD,KOMMUNE,Hettenrodt,Hettenrodt,397,397,0,390,390,0,172,172,0,44.1025641025641,44.1025641025641,0.0,1,1,2026-03-22 19:03:42
2191340504100,GD,KOMMUNE,Hintertiefenbach,Hintertiefenbach,201,201,0,199,199,0,67,67,0,33.66834170854271,33.66834170854271,0.0,1,1,2026-03-22 19:10:27
2191340504300,GD,KOMMUNE,Horbruch,Horbruch,194,194,0,191,191,0,35,35,0,18.32460732984293,18.32460732984293,0.0,1,1,2026-03-22 19:03:24
2191340504400,GD,KOMMUNE,Hottenbach,Hottenbach,353,353,0,350,350,0,81,81,0,23.142857142857142,23.142857142857142,0.0,1,1,2026-03-22 20:42:36
2191340504600,GD,KOMMUNE,Kempfeld,Kempfeld,432,432,0,425,425,0,110,110,0,25.882352941176475,25.882352941176475,0.0,1,1,2026-03-22 20:19:37
2191340504700,GD,KOMMUNE,Kirschweiler,Kirschweiler,611,611,0,606,606,0,212,212,0,34.98349834983499,34.98349834983499,0.0,1,1,2026-03-22 20:06:29
2191340504900,GD,KOMMUNE,Krummenau,Krummenau,81,81,0,77,77,0,15,15,0,19.480519480519483,19.480519480519483,0.0,1,1,2026-03-22 18:56:11
2191340505200,GD,KOMMUNE,Mackenrodt,Mackenrodt,236,236,0,232,232,0,58,58,0,25.0,25.0,0.0,1,1,2026-03-22 19:02:46
2191340505500,GD,KOMMUNE,Mittelreidenbach,Mittelreidenbach,424,424,0,417,417,0,159,159,0,38.1294964028777,38.1294964028777,0.0,1,1,2026-03-22 19:23:53
2191340505600,GD,KOMMUNE,Mörschied,Mörschied,445,445,0,437,437,0,141,141,0,32.265446224256294,32.265446224256294,0.0,1,1,2026-03-22 20:08:53
2191340505900,GD,KOMMUNE,Niederhosenbach,Niederhosenbach,181,181,0,178,178,0,45,45,0,25.280898876404496,25.280898876404496,0.0,1,1,2026-03-22 19:06:08
2191340506000,GD,KOMMUNE,Niederwörresbach,Niederwörresbach,498,498,0,489,489,0,109,109,0,22.290388548057262,22.290388548057262,0.0,1,1,2026-03-22 19:47:56
2191340506400,GD,KOMMUNE,Oberhosenbach,Oberhosenbach,80,80,0,79,79,0,31,31,0,39.24050632911392,39.24050632911392,0.0,1,1,2026-03-22 18:59:30
2191340506500,GD,KOMMUNE,Oberkirn,Oberkirn,185,185,0,180,180,0,47,47,0,26.111111111111114,26.111111111111114,0.0,1,1,2026-03-22 19:19:29
2191340506600,GD,KOMMUNE,Oberreidenbach,Oberreidenbach,344,344,0,340,340,0,83,83,0,24.41176470588235,24.41176470588235,0.0,1,1,2026-03-22 18:53:34
2191340506700,GD,KOMMUNE,Oberwörresbach,Oberwörresbach,67,67,0,67,67,0,21,21,0,31.343283582089555,31.343283582089555,0.0,1,1,2026-03-22 18:42:28
2191340506900,GD,KOMMUNE,Rhaunen,Rhaunen,952,952,0,926,926,0,256,256,0,27.645788336933048,27.645788336933048,0.0,2,2,2026-03-22 19:47:44
2191340507600,GD,KOMMUNE,Schauren,Schauren,311,311,0,308,308,0,70,70,0,22.727272727272727,22.727272727272727,0.0,1,1,2026-03-22 18:59:08
2191340507700,GD,KOMMUNE,Schmidthachenbach,Schmidthachenbach,231,231,0,226,226,0,89,89,0,39.38053097345133,39.38053097345133,0.0,1,1,2026-03-22 19:09:02
2191340507900,GD,KOMMUNE,Schwerbach,Schwerbach,36,36,0,36,36,0,3,3,0,8.333333333333332,8.333333333333332,0.0,1,1,2026-03-22 18:24:02
2191340508100,GD,KOMMUNE,Sensweiler,Sensweiler,269,269,0,267,267,0,63,63,0,23.595505617977526,23.595505617977526,0.0,1,1,2026-03-22 21:03:41
2191340508200,GD,KOMMUNE,Sien,Sien,342,342,0,334,334,0,93,93,0,27.844311377245507,27.844311377245507,0.0,1,1,2026-03-22 20:08:01
2191340508300,GD,KOMMUNE,Sienhachenbach,Sienhachenbach,126,126,0,123,123,0,25,25,0,20.32520325203252,20.32520325203252,0.0,1,1,2026-03-22 18:26:33
2191340508600,GD,KOMMUNE,Sonnschied,Sonnschied,75,75,0,70,70,0,11,11,0,15.714285714285714,15.714285714285714,0.0,1,1,2026-03-22 19:13:17
2191340508700,GD,KOMMUNE,Stipshausen,Stipshausen,478,478,0,469,469,0,111,111,0,23.66737739872068,23.66737739872068,0.0,1,1,2026-03-22 20:30:47
2191340508800,GD,KOMMUNE,Sulzbach,Sulzbach,170,170,0,168,168,0,42,42,0,25.0,25.0,0.0,1,1,2026-03-22 18:39:22
2191340508900,GD,KOMMUNE,Veitsrodt,Veitsrodt,426,426,0,422,422,0,160,160,0,37.91469194312796,37.91469194312796,0.0,1,1,2026-03-22 19:03:14
2191340509000,GD,KOMMUNE,Vollmersbach,Vollmersbach,281,281,0,275,275,0,137,137,0,49.81818181818182,49.81818181818182,0.0,1,1,2026-03-22 20:04:26
2191340509100,GD,KOMMUNE,Weiden,Weiden,56,56,0,55,55,0,13,13,0,23.636363636363637,23.636363636363637,0.0,1,1,2026-03-22 19:01:23
2191340509200,GD,KOMMUNE,Weitersbach,Weitersbach,53,53,0,53,53,0,17,17,0,32.075471698113205,32.075471698113205,0.0,1,1,2026-03-22 18:27:05
2191340509300,GD,KOMMUNE,Wickenrodt,Wickenrodt,116,116,0,110,110,0,39,39,0,35.45454545454545,35.45454545454545,0.0,1,1,2026-03-22 18:43:31
2191340509500,GD,KOMMUNE,Wirschweiler,Wirschweiler,175,175,0,171,171,0,45,45,0,26.31578947368421,26.31578947368421,0.0,1,1,2026-03-22 19:40:11
2191340550200,GD,KOMMUNE,Langweiler,Langweiler,118,118,0,118,118,0,30,30,0,25.423728813559322,25.423728813559322,0.0,1,1,2026-03-22 18:50:36
2200000000000,WK,WAHLKREIS,"Vulkaneifel, Wahlkreis","Vulkaneifel, Wahlkreis",32889,32873,-16,32429,32429,0,15095,15095,0,46.54784298004872,46.54784298004872,0.0,144,144,2026-03-22 21:24:06
2202330000000,LK,KREIS_ODER_STADT,"Vulkaneifel, Landkreis","Vulkaneifel, Landkreis",32889,32873,-16,32429,32429,0,15095,15095,0,46.54784298004872,46.54784298004872,0.0,144,144,2026-03-22 21:23:33
2202330100000,VG,KOMMUNE,"Daun, VG","Daun, VG",12816,12802,-14,12683,12683,0,6064,6064,0,47.81203185366238,47.81203185366238,0.0,51,51,2026-03-22 20:00:49
2202330100600,GD,KOMMUNE,Betteldorf,Betteldorf,150,150,0,150,150,0,71,71,0,47.333333333333336,47.333333333333336,0.0,1,1,2026-03-22 19:12:46
2202330100800,GD,KOMMUNE,Bleckhausen,Bleckhausen,200,200,0,198,198,0,89,89,0,44.94949494949495,44.94949494949495,0.0,1,1,2026-03-22 19:03:14
2202330101100,GD,KOMMUNE,Brockscheid,Brockscheid,112,112,0,111,111,0,47,47,0,42.34234234234234,42.34234234234234,0.0,1,1,2026-03-22 18:53:33
2202330101400,GD,KOMMUNE,Darscheid,Darscheid,561,561,0,554,554,0,240,240,0,43.32129963898917,43.32129963898917,0.0,1,1,2026-03-22 19:04:02
2202330101600,GD,KOMMUNE,Demerath,Demerath,143,141,-2,138,138,0,57,57,0,41.30434782608695,41.30434782608695,0.0,1,1,2026-03-22 19:06:42
2202330101700,GD,KOMMUNE,Deudesfeld,Deudesfeld,220,220,0,217,217,0,117,117,0,53.91705069124424,53.91705069124424,0.0,1,1,2026-03-22 19:21:19
2202330101800,GD,KOMMUNE,Dockweiler,Dockweiler,391,386,-5,383,383,0,179,179,0,46.73629242819843,46.73629242819843,0.0,1,1,2026-03-22 19:28:35
2202330102000,GD,KOMMUNE,Dreis-Brück,Dreis-Brück,544,544,0,540,540,0,301,301,0,55.74074074074075,55.74074074074075,0.0,2,2,2026-03-22 18:59:38
2202330102100,GD,KOMMUNE,Ellscheid,Ellscheid,189,189,0,188,188,0,91,91,0,48.40425531914894,48.40425531914894,0.0,1,1,2026-03-22 18:59:10
2202330102500,GD,KOMMUNE,Gefell,Gefell,62,62,0,62,62,0,29,29,0,46.774193548387096,46.774193548387096,0.0,1,1,2026-03-22 18:30:53
2202330102700,GD,KOMMUNE,Gillenfeld,Gillenfeld,868,868,0,861,861,0,416,416,0,48.31591173054588,48.31591173054588,0.0,1,1,2026-03-22 20:00:49
2202330103000,GD,KOMMUNE,Hinterweiler,Hinterweiler,118,117,-1,114,114,0,55,55,0,48.24561403508772,48.24561403508772,0.0,1,1,2026-03-22 19:18:44
2202330103100,GD,KOMMUNE,Hörscheid,Hörscheid,79,79,0,79,79,0,40,40,0,50.63291139240506,50.63291139240506,0.0,1,1,2026-03-22 18:21:48
2202330103400,GD,KOMMUNE,Immerath,Immerath,154,154,0,152,152,0,54,54,0,35.526315789473685,35.526315789473685,0.0,1,1,2026-03-22 19:17:19
2202330103900,GD,KOMMUNE,Kirchweiler,Kirchweiler,216,216,0,214,214,0,106,106,0,49.532710280373834,49.532710280373834,0.0,1,1,2026-03-22 18:59:25
2202330104000,GD,KOMMUNE,Kradenbach,Kradenbach,88,88,0,88,88,0,55,55,0,62.5,62.5,0.0,1,1,2026-03-22 18:24:38
2202330104200,GD,KOMMUNE,Mehren,Mehren,697,697,0,695,695,0,317,317,0,45.611510791366904,45.611510791366904,0.0,1,1,2026-03-22 19:08:02
2202330104300,GD,KOMMUNE,Meisburg,Meisburg,143,143,0,143,143,0,78,78,0,54.54545454545454,54.54545454545454,0.0,1,1,2026-03-22 19:06:24
2202330104600,GD,KOMMUNE,Mückeln,Mückeln,137,137,0,134,134,0,72,72,0,53.73134328358209,53.73134328358209,0.0,1,1,2026-03-22 18:31:12
2202330104900,GD,KOMMUNE,Nerdlen,Nerdlen,148,148,0,148,148,0,77,77,0,52.02702702702703,52.02702702702703,0.0,1,1,2026-03-22 19:01:19
2202330105200,GD,KOMMUNE,Niederstadtfeld,Niederstadtfeld,267,267,0,265,265,0,142,142,0,53.58490566037736,53.58490566037736,0.0,1,1,2026-03-22 18:33:37
2202330105500,GD,KOMMUNE,Oberstadtfeld,Oberstadtfeld,343,343,0,340,340,0,193,193,0,56.76470588235294,56.76470588235294,0.0,1,1,2026-03-22 19:10:00
2202330106100,GD,KOMMUNE,Sarmersbach,Sarmersbach,127,127,0,125,125,0,71,71,0,56.8,56.8,0.0,1,1,2026-03-22 18:29:26
2202330106200,GD,KOMMUNE,Saxler,Saxler,34,34,0,34,34,0,11,11,0,32.35294117647059,32.35294117647059,0.0,1,1,2026-03-22 18:24:03
2202330106300,GD,KOMMUNE,Schalkenmehren,Schalkenmehren,355,356,1,353,353,0,189,189,0,53.54107648725213,53.54107648725213,0.0,1,1,2026-03-22 19:23:26
2202330106400,GD,KOMMUNE,Schönbach,Schönbach,149,149,0,148,148,0,60,60,0,40.54054054054054,40.54054054054054,0.0,1,1,2026-03-22 18:33:40
2202330106500,GD,KOMMUNE,Schutz,Schutz,80,80,0,79,79,0,26,26,0,32.91139240506329,32.91139240506329,0.0,1,1,2026-03-22 18:40:19
2202330106700,GD,KOMMUNE,Steineberg,Steineberg,111,111,0,110,110,0,53,53,0,48.18181818181818,48.18181818181818,0.0,1,1,2026-03-22 19:06:31
2202330106800,GD,KOMMUNE,Steiningen,Steiningen,127,127,0,125,125,0,64,64,0,51.2,51.2,0.0,1,1,2026-03-22 18:44:23
2202330107000,GD,KOMMUNE,Strohn,Strohn,307,307,0,303,303,0,151,151,0,49.834983498349835,49.834983498349835,0.0,1,1,2026-03-22 18:38:26
2202330107100,GD,KOMMUNE,Strotzbüsch,Strotzbüsch,194,193,-1,190,190,0,90,90,0,47.368421052631575,47.368421052631575,0.0,1,1,2026-03-22 18:36:42
2202330107400,GD,KOMMUNE,Udler,Udler,204,204,0,203,203,0,93,93,0,45.812807881773395,45.812807881773395,0.0,1,1,2026-03-22 18:34:37
2202330107500,GD,KOMMUNE,Üdersdorf,Üdersdorf,651,645,-6,642,642,0,312,312,0,48.598130841121495,48.598130841121495,0.0,3,3,2026-03-22 18:59:30
2202330107700,GD,KOMMUNE,Utzerath,Utzerath,116,116,0,116,116,0,48,48,0,41.37931034482759,41.37931034482759,0.0,1,1,2026-03-22 18:44:48
2202330107900,GD,KOMMUNE,Wallenborn,Wallenborn,258,258,0,256,256,0,137,137,0,53.515625,53.515625,0.0,1,1,2026-03-22 18:47:39
2202330108100,GD,KOMMUNE,Weidenbach,Weidenbach,143,143,0,143,143,0,74,74,0,51.74825174825175,51.74825174825175,0.0,1,1,2026-03-22 18:39:48
2202330108400,GD,KOMMUNE,Winkel (Eifel),Winkel (Eifel),59,59,0,58,58,0,22,22,0,37.93103448275862,37.93103448275862,0.0,1,1,2026-03-22 18:57:31
2202330150100,GD,KOMMUNE,Daun,Daun,4071,4071,0,4024,4024,0,1837,1837,0,45.65109343936381,45.65109343936381,0.0,11,11,2026-03-22 19:59:45
2202330150110,ST,KOMMUNENTEIL,Daun-Stadt,Daun-Stadt,1894,1897,3,1877,1877,0,834,834,0,44.432605221097496,44.432605221097496,0.0,3,3,2026-03-22 19:59:45
2202330150120,ST,KOMMUNENTEIL,Daun-Boverath,Daun-Boverath,311,311,0,308,308,0,145,145,0,47.07792207792208,47.07792207792208,0.0,1,1,2026-03-22 18:35:30
2202330150130,ST,KOMMUNENTEIL,Daun-Gemünden,Daun-Gemünden,105,105,0,104,104,0,51,51,0,49.03846153846153,49.03846153846153,0.0,1,1,2026-03-22 18:35:43
2202330150140,ST,KOMMUNENTEIL,Daun-Neunkirchen,Daun-Neunkirchen,279,279,0,274,274,0,131,131,0,47.81021897810219,47.81021897810219,0.0,1,1,2026-03-22 19:11:29
2202330150150,ST,KOMMUNENTEIL,Daun-Pützborn,Daun-Pützborn,523,523,0,520,520,0,243,243,0,46.73076923076923,46.73076923076923,0.0,1,1,2026-03-22 19:03:33
2202330150160,ST,KOMMUNENTEIL,Daun-Rengen,Daun-Rengen,247,247,0,247,247,0,103,103,0,41.70040485829959,41.70040485829959,0.0,1,1,2026-03-22 18:53:30
2202330150170,ST,KOMMUNENTEIL,Daun-Steinborn,Daun-Steinborn,230,227,-3,224,224,0,105,105,0,46.875,46.875,0.0,1,1,2026-03-22 18:54:38
2202330150180,ST,KOMMUNENTEIL,Daun-Waldkönigen,Daun-Waldkönigen,369,369,0,362,362,0,170,170,0,46.96132596685083,46.96132596685083,0.0,1,1,2026-03-22 19:55:29
2202330150190,ST,KOMMUNENTEIL,Daun-Weiersbach,Daun-Weiersbach,113,113,0,108,108,0,55,55,0,50.92592592592593,50.92592592592593,0.0,1,1,2026-03-22 18:48:51
2202330400000,VG,KOMMUNE,"Kelberg, VG","Kelberg, VG",4291,4291,0,4192,4192,0,2092,2092,0,49.904580152671755,49.904580152671755,0.0,36,36,2026-03-22 20:42:59
2202330400300,GD,KOMMUNE,Beinhausen,Beinhausen,53,53,0,53,53,0,18,18,0,33.9622641509434,33.9622641509434,0.0,1,1,2026-03-22 19:25:27
2202330401000,GD,KOMMUNE,Boxberg,Boxberg,134,134,0,130,130,0,79,79,0,60.76923076923077,60.76923076923077,0.0,1,1,2026-03-22 19:26:54
2202330403200,GD,KOMMUNE,Hörschhausen,Hörschhausen,88,88,0,87,87,0,37,37,0,42.5287356321839,42.5287356321839,0.0,1,1,2026-03-22 19:31:40
2202330403700,GD,KOMMUNE,Katzwinkel,Katzwinkel,87,87,0,83,83,0,42,42,0,50.602409638554214,50.602409638554214,0.0,1,1,2026-03-22 19:11:14
2202330404800,GD,KOMMUNE,Neichen,Neichen,90,90,0,90,90,0,37,37,0,41.11111111111111,41.11111111111111,0.0,1,1,2026-03-22 19:22:02
2202330420100,GD,KOMMUNE,Arbach,Arbach,87,87,0,84,84,0,45,45,0,53.57142857142857,53.57142857142857,0.0,1,1,2026-03-22 19:26:15
2202330420200,GD,KOMMUNE,Bereborn,Bereborn,80,80,0,77,77,0,25,25,0,32.467532467532465,32.467532467532465,0.0,1,1,2026-03-22 19:34:31
2202330420300,GD,KOMMUNE,Berenbach,Berenbach,113,113,0,108,108,0,61,61,0,56.481481481481474,56.481481481481474,0.0,1,1,2026-03-22 19:50:10
2202330420500,GD,KOMMUNE,Bodenbach,Bodenbach,143,143,0,142,142,0,96,96,0,67.6056338028169,67.6056338028169,0.0,1,1,2026-03-22 19:33:35
2202330420600,GD,KOMMUNE,Bongard,Bongard,168,168,0,166,166,0,118,118,0,71.08433734939759,71.08433734939759,0.0,1,1,2026-03-22 19:24:23
2202330420700,GD,KOMMUNE,Borler,Borler,59,59,0,58,58,0,20,20,0,34.48275862068966,34.48275862068966,0.0,1,1,2026-03-22 19:42:37
2202330420800,GD,KOMMUNE,Brücktal,Brücktal,58,58,0,54,54,0,29,29,0,53.70370370370371,53.70370370370371,0.0,1,1,2026-03-22 19:41:36
2202330421000,GD,KOMMUNE,Drees,Drees,130,130,0,129,129,0,74,74,0,57.36434108527132,57.36434108527132,0.0,1,1,2026-03-22 19:49:01
2202330421200,GD,KOMMUNE,Gelenberg,Gelenberg,54,54,0,52,52,0,28,28,0,53.84615384615385,53.84615384615385,0.0,1,1,2026-03-22 18:22:32
2202330421300,GD,KOMMUNE,Gunderath,Gunderath,65,65,0,65,65,0,21,21,0,32.30769230769231,32.30769230769231,0.0,1,1,2026-03-22 19:41:25
2202330421500,GD,KOMMUNE,Höchstberg,Höchstberg,189,189,0,186,186,0,108,108,0,58.06451612903226,58.06451612903226,0.0,1,1,2026-03-22 20:16:21
2202330421600,GD,KOMMUNE,Horperath,Horperath,67,67,0,63,63,0,25,25,0,39.682539682539684,39.682539682539684,0.0,1,1,2026-03-22 19:51:16
2202330421700,GD,KOMMUNE,Kaperich,Kaperich,95,95,0,92,92,0,33,33,0,35.869565217391305,35.869565217391305,0.0,1,1,2026-03-22 19:27:25
2202330421800,GD,KOMMUNE,Kelberg,Kelberg,1173,1173,0,1158,1158,0,541,541,0,46.718480138169255,46.718480138169255,0.0,5,5,2026-03-22 20:42:59
2202330422000,GD,KOMMUNE,Kirsbach,Kirsbach,51,51,0,49,49,0,37,37,0,75.51020408163265,75.51020408163265,0.0,1,1,2026-03-22 19:45:31
2202330422100,GD,KOMMUNE,Kötterichen,Kötterichen,70,70,0,67,67,0,25,25,0,37.3134328358209,37.3134328358209,0.0,1,1,2026-03-22 19:43:53
2202330422200,GD,KOMMUNE,Kolverath,Kolverath,51,51,0,49,49,0,31,31,0,63.26530612244898,63.26530612244898,0.0,1,1,2026-03-22 19:14:25
2202330422400,GD,KOMMUNE,Lirstal,Lirstal,104,104,0,98,98,0,48,48,0,48.97959183673469,48.97959183673469,0.0,1,1,2026-03-22 19:49:00
2202330422500,GD,KOMMUNE,Mannebach,Mannebach,177,177,0,171,171,0,93,93,0,54.385964912280706,54.385964912280706,0.0,1,1,2026-03-22 19:43:42
2202330422600,GD,KOMMUNE,Mosbruch,Mosbruch,100,100,0,98,98,0,56,56,0,57.14285714285714,57.14285714285714,0.0,1,1,2026-03-22 19:14:46
2202330422800,GD,KOMMUNE,Nitz,Nitz,,,0,,,0,,,0,,,,0,0,2026-03-22 18:14:56
2202330423000,GD,KOMMUNE,Oberelz,Oberelz,77,77,0,75,75,0,40,40,0,53.333333333333336,53.333333333333336,0.0,1,1,2026-03-22 19:36:34
2202330423300,GD,KOMMUNE,Reimerath,Reimerath,37,37,0,37,37,0,18,18,0,48.64864864864865,48.64864864864865,0.0,1,1,2026-03-22 19:06:27
2202330423400,GD,KOMMUNE,Retterath,Retterath,164,164,0,160,160,0,79,79,0,49.375,49.375,0.0,1,1,2026-03-22 19:13:15
2202330423600,GD,KOMMUNE,Sassen,Sassen,61,61,0,57,57,0,21,21,0,36.84210526315789,36.84210526315789,0.0,1,1,2026-03-22 19:09:34
2202330424200,GD,KOMMUNE,Uersfeld,Uersfeld,370,370,0,362,362,0,170,170,0,46.96132596685083,46.96132596685083,0.0,1,1,2026-03-22 19:47:19
2202330424300,GD,KOMMUNE,Ueß,Ueß,37,37,0,36,36,0,12,12,0,33.33333333333333,33.33333333333333,0.0,1,1,2026-03-22 19:29:44
2202330424400,GD,KOMMUNE,Welcherath,Welcherath,59,59,0,56,56,0,25,25,0,44.642857142857146,44.642857142857146,0.0,1,1,2026-03-22 19:46:25
2202330600000,VG,KOMMUNE,"Gerolstein, VG","Gerolstein, VG",15782,15780,-2,15554,15554,0,6939,6939,0,44.61231837469462,44.61231837469462,0.0,57,57,2026-03-22 21:23:33
2202330600200,GD,KOMMUNE,Basberg,Basberg,58,58,0,57,57,0,20,20,0,35.08771929824561,35.08771929824561,0.0,1,1,2026-03-22 18:23:00
2202330600400,GD,KOMMUNE,Berlingen,Berlingen,153,153,0,150,150,0,78,78,0,52.0,52.0,0.0,1,1,2026-03-22 18:57:17
2202330600500,GD,KOMMUNE,Berndorf,Berndorf,278,278,0,274,274,0,135,135,0,49.27007299270073,49.27007299270073,0.0,1,1,2026-03-22 19:44:58
2202330600700,GD,KOMMUNE,Birgel,Birgel,254,254,0,251,251,0,118,118,0,47.01195219123506,47.01195219123506,0.0,1,1,2026-03-22 20:00:23
2202330601900,GD,KOMMUNE,Dohm-Lammersdorf,Dohm-Lammersdorf,126,126,0,126,126,0,54,54,0,42.857142857142854,42.857142857142854,0.0,1,1,2026-03-22 18:56:29
2202330602200,GD,KOMMUNE,Esch,Esch,250,250,0,248,248,0,111,111,0,44.75806451612903,44.75806451612903,0.0,1,1,2026-03-22 19:19:10
2202330602300,GD,KOMMUNE,Feusdorf,Feusdorf,308,308,0,305,305,0,118,118,0,38.68852459016394,38.68852459016394,0.0,1,1,2026-03-22 19:11:19
2202330602600,GD,KOMMUNE,Gerolstein,Gerolstein,3454,3457,3,3368,3368,0,1488,1488,0,44.180522565320665,44.180522565320665,0.0,12,12,2026-03-22 20:47:16
2202330602800,GD,KOMMUNE,Gönnersdorf,Gönnersdorf,231,231,0,229,229,0,95,95,0,41.48471615720524,41.48471615720524,0.0,1,1,2026-03-22 19:08:40
2202330602900,GD,KOMMUNE,Hillesheim,Hillesheim,1692,1690,-2,1678,1678,0,741,741,0,44.159713945172825,44.159713945172825,0.0,4,4,2026-03-22 20:05:17
2202330603300,GD,KOMMUNE,Hohenfels-Essingen,Hohenfels-Essingen,190,190,0,187,187,0,74,74,0,39.57219251336899,39.57219251336899,0.0,1,1,2026-03-22 19:06:28
2202330603500,GD,KOMMUNE,Jünkerath,Jünkerath,647,647,0,638,638,0,259,259,0,40.59561128526646,40.59561128526646,0.0,1,1,2026-03-22 20:10:34
2202330603600,GD,KOMMUNE,Kalenborn-Scheuern,Kalenborn-Scheuern,212,212,0,209,209,0,92,92,0,44.01913875598086,44.01913875598086,0.0,1,1,2026-03-22 20:27:47
2202330603800,GD,KOMMUNE,Kerpen (Eifel),Kerpen (Eifel),304,304,0,303,303,0,127,127,0,41.914191419141915,41.914191419141915,0.0,1,1,2026-03-22 21:23:33
2202330604100,GD,KOMMUNE,Lissendorf,Lissendorf,523,523,0,522,522,0,170,170,0,32.56704980842912,32.56704980842912,0.0,1,1,2026-03-22 19:40:25
2202330605000,GD,KOMMUNE,Neroth,Neroth,432,432,0,425,425,0,205,205,0,48.23529411764706,48.23529411764706,0.0,1,1,2026-03-22 19:50:34
2202330605300,GD,KOMMUNE,Oberbettingen,Oberbettingen,436,436,0,427,427,0,183,183,0,42.857142857142854,42.857142857142854,0.0,1,1,2026-03-22 19:02:58
2202330605400,GD,KOMMUNE,Oberehe-Stroheich,Oberehe-Stroheich,179,179,0,178,178,0,81,81,0,45.50561797752809,45.50561797752809,0.0,2,2,2026-03-22 19:36:28
2202330605600,GD,KOMMUNE,Pelm,Pelm,469,469,0,462,462,0,201,201,0,43.506493506493506,43.506493506493506,0.0,1,1,2026-03-22 19:52:24
2202330605800,GD,KOMMUNE,Rockeskyll,Rockeskyll,155,155,0,155,155,0,65,65,0,41.935483870967744,41.935483870967744,0.0,1,1,2026-03-22 19:58:11
2202330606000,GD,KOMMUNE,Salm,Salm,200,200,0,198,198,0,121,121,0,61.111111111111114,61.111111111111114,0.0,1,1,2026-03-22 19:01:02
2202330607600,GD,KOMMUNE,Üxheim,Üxheim,811,811,0,798,798,0,412,412,0,51.62907268170426,51.62907268170426,0.0,4,4,2026-03-22 19:34:54
2202330608000,GD,KOMMUNE,Walsdorf,Walsdorf,415,415,0,406,406,0,169,169,0,41.6256157635468,41.6256157635468,0.0,1,1,2026-03-22 19:29:55
2202330608300,GD,KOMMUNE,Wiesbaum,Wiesbaum,374,374,0,367,367,0,177,177,0,48.228882833787466,48.228882833787466,0.0,1,1,2026-03-22 19:23:54
2202330620400,GD,KOMMUNE,Birresborn,Birresborn,572,572,0,564,564,0,315,315,0,55.85106382978723,55.85106382978723,0.0,1,1,2026-03-22 19:38:43
2202330620900,GD,KOMMUNE,Densborn,Densborn,274,274,0,271,271,0,117,117,0,43.17343173431734,43.17343173431734,0.0,1,1,2026-03-22 18:51:51
2202330621100,GD,KOMMUNE,Duppach,Duppach,156,156,0,156,156,0,72,72,0,46.15384615384615,46.15384615384615,0.0,1,1,2026-03-22 19:17:36
2202330621400,GD,KOMMUNE,Hallschlag,Hallschlag,216,216,0,215,215,0,83,83,0,38.604651162790695,38.604651162790695,0.0,1,1,2026-03-22 19:37:57
2202330621900,GD,KOMMUNE,Kerschenbach,Kerschenbach,101,101,0,100,100,0,36,36,0,36.0,36.0,0.0,1,1,2026-03-22 18:26:16
2202330622300,GD,KOMMUNE,Kopp,Kopp,95,95,0,93,93,0,42,42,0,45.16129032258064,45.16129032258064,0.0,1,1,2026-03-22 18:58:01
2202330622700,GD,KOMMUNE,Mürlenbach,Mürlenbach,282,282,0,277,277,0,112,112,0,40.43321299638989,40.43321299638989,0.0,1,1,2026-03-22 19:54:36
2202330622900,GD,KOMMUNE,Nohn,Nohn,261,261,0,259,259,0,128,128,0,49.42084942084942,49.42084942084942,0.0,1,1,2026-03-22 19:05:35
2202330623200,GD,KOMMUNE,Ormont,Ormont,195,195,0,191,191,0,107,107,0,56.02094240837696,56.02094240837696,0.0,1,1,2026-03-22 18:34:45
2202330623500,GD,KOMMUNE,Reuth,Reuth,110,108,-2,107,107,0,36,36,0,33.64485981308411,33.64485981308411,0.0,1,1,2026-03-22 19:01:59
2202330623700,GD,KOMMUNE,Scheid,Scheid,92,92,0,91,91,0,30,30,0,32.967032967032964,32.967032967032964,0.0,1,1,2026-03-22 18:36:26
2202330623900,GD,KOMMUNE,Schüller,Schüller,165,165,0,164,164,0,74,74,0,45.1219512195122,45.1219512195122,0.0,1,1,2026-03-22 19:04:28
2202330624000,GD,KOMMUNE,Stadtkyll,Stadtkyll,728,727,-1,722,722,0,333,333,0,46.121883656509695,46.121883656509695,0.0,2,2,2026-03-22 19:16:19
2202330624100,GD,KOMMUNE,Steffeln,Steffeln,384,384,0,383,383,0,160,160,0,41.77545691906005,41.77545691906005,0.0,1,1,2026-03-22 19:49:18
2210000000000,WK,WAHLKREIS,"Bitburg-Prüm, Wahlkreis","Bitburg-Prüm, Wahlkreis",49564,49521,-43,49058,49058,0,18382,18382,0,37.46993354804517,37.46993354804517,0.0,213,213,2026-03-22 20:50:56
2212320000000,LK,KREIS_ODER_STADT,Eifelkreis Bitburg-Prüm,Eifelkreis Bitburg-Prüm,49564,49521,-43,49058,49058,0,18382,18382,0,37.46993354804517,37.46993354804517,0.0,213,213,2026-03-22 20:46:19
2212320001800,VF,KOMMUNE,"Bitburg, Verbandsfreie Gemeinde","Bitburg, Verbandsfreie Gemeinde",6353,6353,0,6278,6278,0,2202,2202,0,35.0748646065626,35.0748646065626,0.0,14,14,2026-03-22 19:39:01
2212320100000,VG,KOMMUNE,"Arzfeld, VG","Arzfeld, VG",5079,5075,-4,5021,5021,0,2137,2137,0,42.561242780322644,42.561242780322644,0.0,33,33,2026-03-22 19:53:18
2212320120100,GD,KOMMUNE,Arzfeld,Arzfeld,793,793,0,782,782,0,370,370,0,47.31457800511509,47.31457800511509,0.0,1,1,2026-03-22 19:53:18
2212320121100,GD,KOMMUNE,Dackscheid,Dackscheid,62,64,2,61,61,0,22,22,0,36.0655737704918,36.0655737704918,0.0,1,1,2026-03-22 19:10:00
2212320121200,GD,KOMMUNE,Dahnen,Dahnen,148,148,0,148,148,0,82,82,0,55.4054054054054,55.4054054054054,0.0,1,1,2026-03-22 18:35:52
2212320121300,GD,KOMMUNE,Daleiden,Daleiden,410,410,0,406,406,0,187,187,0,46.05911330049261,46.05911330049261,0.0,1,1,2026-03-22 18:53:59
2212320121400,GD,KOMMUNE,Dasburg,Dasburg,106,106,0,104,104,0,46,46,0,44.230769230769226,44.230769230769226,0.0,1,1,2026-03-22 18:40:49
2212320121700,GD,KOMMUNE,Eilscheid,Eilscheid,,,0,,,0,,,0,,,,0,0,2026-03-22 18:05:07
2212320122000,GD,KOMMUNE,Eschfeld,Eschfeld,128,128,0,128,128,0,66,66,0,51.5625,51.5625,0.0,1,1,2026-03-22 18:32:09
2212320122100,GD,KOMMUNE,Euscheid,Euscheid,87,87,0,87,87,0,22,22,0,25.287356321839084,25.287356321839084,0.0,1,1,2026-03-22 18:39:58
2212320122900,GD,KOMMUNE,Großkampenberg,Großkampenberg,86,86,0,86,86,0,51,51,0,59.30232558139535,59.30232558139535,0.0,1,1,2026-03-22 18:48:35
2212320123300,GD,KOMMUNE,Hargarten,Hargarten,53,53,0,53,53,0,16,16,0,30.18867924528302,30.18867924528302,0.0,1,1,2026-03-22 18:44:42
2212320123400,GD,KOMMUNE,Harspelt,Harspelt,37,37,0,37,37,0,21,21,0,56.75675675675676,56.75675675675676,0.0,1,1,2026-03-22 18:50:36
2212320124000,GD,KOMMUNE,Herzfeld,Herzfeld,,,0,,,0,,,0,,,,0,0,2026-03-22 19:06:25
2212320124500,GD,KOMMUNE,Irrhausen,Irrhausen,99,99,0,97,97,0,45,45,0,46.391752577319586,46.391752577319586,0.0,1,1,2026-03-22 18:51:58
2212320124600,GD,KOMMUNE,Jucken,Jucken,120,120,0,118,118,0,43,43,0,36.440677966101696,36.440677966101696,0.0,1,1,2026-03-22 18:57:40
2212320124700,GD,KOMMUNE,Kesfeld,Kesfeld,47,47,0,46,46,0,19,19,0,41.30434782608695,41.30434782608695,0.0,1,1,2026-03-22 18:29:40
2212320124800,GD,KOMMUNE,Kickeshausen,Kickeshausen,,,0,,,0,,,0,,,,0,0,2026-03-22 18:56:23
2212320124900,GD,KOMMUNE,Kinzenburg,Kinzenburg,31,31,0,30,30,0,10,10,0,33.33333333333333,33.33333333333333,0.0,1,1,2026-03-22 18:17:14
2212320125300,GD,KOMMUNE,Krautscheid,Krautscheid,120,120,0,118,118,0,42,42,0,35.59322033898305,35.59322033898305,0.0,1,1,2026-03-22 18:42:50
2212320125400,GD,KOMMUNE,Lambertsberg,Lambertsberg,219,219,0,216,216,0,68,68,0,31.48148148148148,31.48148148148148,0.0,1,1,2026-03-22 19:01:02
2212320125500,GD,KOMMUNE,Lascheid,Lascheid,45,45,0,45,45,0,15,15,0,33.33333333333333,33.33333333333333,0.0,1,1,2026-03-22 18:49:21
2212320125800,GD,KOMMUNE,Lauperath,Lauperath,65,65,0,65,65,0,23,23,0,35.38461538461539,35.38461538461539,0.0,1,1,2026-03-22 19:05:32
2212320125900,GD,KOMMUNE,Leidenborn,Leidenborn,144,144,0,142,142,0,70,70,0,49.29577464788733,49.29577464788733,0.0,1,1,2026-03-22 19:07:19
2212320126000,GD,KOMMUNE,Lichtenborn,Lichtenborn,167,167,0,166,166,0,52,52,0,31.32530120481928,31.32530120481928,0.0,1,1,2026-03-22 19:08:35
2212320126100,GD,KOMMUNE,Lierfeld,Lierfeld,59,59,0,59,59,0,25,25,0,42.3728813559322,42.3728813559322,0.0,1,1,2026-03-22 18:33:52
2212320126200,GD,KOMMUNE,Lünebach,Lünebach,368,368,0,366,366,0,117,117,0,31.967213114754102,31.967213114754102,0.0,1,1,2026-03-22 19:03:35
2212320126300,GD,KOMMUNE,Lützkampen,Lützkampen,183,183,0,177,177,0,88,88,0,49.717514124293785,49.717514124293785,0.0,1,1,2026-03-22 19:04:45
2212320126400,GD,KOMMUNE,Manderscheid,Manderscheid,39,39,0,39,39,0,19,19,0,48.717948717948715,48.717948717948715,0.0,1,1,2026-03-22 18:59:15
2212320126700,GD,KOMMUNE,Mauel,Mauel,,,0,,,0,,,0,,,,0,0,2026-03-22 19:40:04
2212320127000,GD,KOMMUNE,Merlscheid,Merlscheid,,,0,,,0,,,0,,,,0,0,2026-03-20 10:01:39
2212320127700,GD,KOMMUNE,Niederpierscheid,Niederpierscheid,,,0,,,0,,,0,,,,0,0,2026-03-22 18:03:47
2212320128500,GD,KOMMUNE,Oberpierscheid,Oberpierscheid,264,264,0,261,261,0,118,118,0,45.21072796934866,45.21072796934866,0.0,1,1,2026-03-22 19:40:55
2212320128700,GD,KOMMUNE,Olmscheid,Olmscheid,86,86,0,86,86,0,34,34,0,39.53488372093023,39.53488372093023,0.0,1,1,2026-03-22 18:45:38
2212320129100,GD,KOMMUNE,Pintesfeld,Pintesfeld,,,0,,,0,,,0,,,,0,0,2026-03-20 10:01:39
2212320129300,GD,KOMMUNE,Plütscheid,Plütscheid,177,177,0,176,176,0,71,71,0,40.340909090909086,40.340909090909086,0.0,1,1,2026-03-22 18:51:09
2212320129400,GD,KOMMUNE,Preischeid,Preischeid,81,81,0,80,80,0,33,33,0,41.25,41.25,0.0,1,1,2026-03-22 18:46:18
2212320129700,GD,KOMMUNE,Reiff,Reiff,31,31,0,31,31,0,15,15,0,48.38709677419355,48.38709677419355,0.0,1,1,2026-03-22 18:43:55
2212320129800,GD,KOMMUNE,Reipeldingen,Reipeldingen,,,0,,,0,,,0,,,,0,0,2026-03-20 10:01:39
2212320130100,GD,KOMMUNE,Roscheid,Roscheid,32,32,0,32,32,0,16,16,0,50.0,50.0,0.0,1,1,2026-03-22 18:21:03
2212320130900,GD,KOMMUNE,Sengerich,Sengerich,,,0,,,0,,,0,,,,0,0,2026-03-20 10:01:39
2212320131000,GD,KOMMUNE,Sevenig (Our),Sevenig (Our),36,36,0,34,34,0,22,22,0,64.70588235294117,64.70588235294117,0.0,1,1,2026-03-22 18:19:28
2212320131500,GD,KOMMUNE,Strickscheid,Strickscheid,,,0,,,0,,,0,,,,0,0,2026-03-20 10:01:39
2212320132200,GD,KOMMUNE,Waxweiler,Waxweiler,516,514,-2,510,510,0,193,193,0,37.84313725490196,37.84313725490196,0.0,1,1,2026-03-22 19:45:05
2212320133300,GD,KOMMUNE,Üttfeld,Üttfeld,240,236,-4,235,235,0,116,116,0,49.361702127659576,49.361702127659576,0.0,1,1,2026-03-22 18:55:38
2212320500000,VG,KOMMUNE,"Südeifel, VG","Südeifel, VG",8791,8775,-16,8691,8691,0,3264,3264,0,37.55609250949258,37.55609250949258,0.0,48,48,2026-03-22 20:26:32
2212320500100,GD,KOMMUNE,Affler,Affler,,,0,,,0,,,0,,,,0,0,2026-03-22 18:03:41
2212320500200,GD,KOMMUNE,Alsdorf,Alsdorf,283,283,0,281,281,0,97,97,0,34.519572953736656,34.519572953736656,0.0,1,1,2026-03-22 19:31:50
2212320500300,GD,KOMMUNE,Altscheid,Altscheid,56,56,0,55,55,0,17,17,0,30.909090909090907,30.909090909090907,0.0,1,1,2026-03-22 18:19:27
2212320500400,GD,KOMMUNE,Ammeldingen an der Our,Ammeldingen an der Our,,,0,,,0,,,0,,,,0,0,2026-03-22 18:05:28
2212320500500,GD,KOMMUNE,Ammeldingen bei Neuerburg,Ammeldingen bei Neuerburg,125,125,0,122,122,0,39,39,0,31.967213114754102,31.967213114754102,0.0,1,1,2026-03-22 18:32:52
2212320500800,GD,KOMMUNE,Bauler,Bauler,47,47,0,46,46,0,23,23,0,50.0,50.0,0.0,1,1,2026-03-22 18:55:42
2212320501100,GD,KOMMUNE,Berkoth,Berkoth,47,47,0,47,47,0,13,13,0,27.659574468085108,27.659574468085108,0.0,1,1,2026-03-22 18:21:55
2212320501200,GD,KOMMUNE,Berscheid,Berscheid,31,31,0,31,31,0,17,17,0,54.83870967741935,54.83870967741935,0.0,1,1,2026-03-22 18:16:18
2212320501600,GD,KOMMUNE,Biesdorf,Biesdorf,110,110,0,110,110,0,46,46,0,41.81818181818181,41.81818181818181,0.0,1,1,2026-03-22 18:30:46
2212320501900,GD,KOMMUNE,Bollendorf,Bollendorf,587,584,-3,580,580,0,213,213,0,36.724137931034484,36.724137931034484,0.0,1,1,2026-03-22 19:23:43
2212320502200,GD,KOMMUNE,Burg,Burg,,,0,,,0,,,0,,,,0,0,2026-03-22 18:02:50
2212320502500,GD,KOMMUNE,Dauwelshausen,Dauwelshausen,45,45,0,45,45,0,12,12,0,26.666666666666668,26.666666666666668,0.0,1,1,2026-03-22 18:19:02
2212320502800,GD,KOMMUNE,Echternacherbrück,Echternacherbrück,171,171,0,169,169,0,63,63,0,37.278106508875744,37.278106508875744,0.0,1,1,2026-03-22 19:20:16
2212320503100,GD,KOMMUNE,Emmelbaum,Emmelbaum,58,58,0,58,58,0,27,27,0,46.55172413793103,46.55172413793103,0.0,1,1,2026-03-22 18:40:36
2212320503300,GD,KOMMUNE,Ernzen,Ernzen,192,192,0,191,191,0,71,71,0,37.17277486910995,37.17277486910995,0.0,1,1,2026-03-22 18:38:41
2212320503700,GD,KOMMUNE,Ferschweiler,Ferschweiler,422,422,0,420,420,0,107,107,0,25.476190476190474,25.476190476190474,0.0,1,1,2026-03-22 19:07:39
2212320503800,GD,KOMMUNE,Fischbach-Oberraden,Fischbach-Oberraden,,,0,,,0,,,0,,,,0,0,2026-03-22 18:06:29
2212320504000,GD,KOMMUNE,Geichlingen,Geichlingen,232,227,-5,225,225,0,108,108,0,48.0,48.0,0.0,1,1,2026-03-22 18:41:04
2212320504100,GD,KOMMUNE,Gemünd,Gemünd,,,0,,,0,,,0,,,,0,0,2026-03-22 18:04:17
2212320504200,GD,KOMMUNE,Gentingen,Gentingen,29,29,0,29,29,0,10,10,0,34.48275862068966,34.48275862068966,0.0,1,1,2026-03-22 18:26:21
2212320504700,GD,KOMMUNE,Heilbach,Heilbach,71,71,0,71,71,0,25,25,0,35.2112676056338,35.2112676056338,0.0,1,1,2026-03-22 18:49:22
2212320504900,GD,KOMMUNE,Herbstmühle,Herbstmühle,,,0,,,0,,,0,,,,0,0,2026-03-20 10:01:39
2212320505300,GD,KOMMUNE,Holsthum,Holsthum,321,317,-4,316,316,0,130,130,0,41.139240506329116,41.139240506329116,0.0,1,1,2026-03-22 19:04:15
2212320505400,GD,KOMMUNE,Hommerdingen,Hommerdingen,44,44,0,42,42,0,15,15,0,35.714285714285715,35.714285714285715,0.0,1,1,2026-03-22 18:55:16
2212320505600,GD,KOMMUNE,Hütten,Hütten,35,35,0,35,35,0,13,13,0,37.142857142857146,37.142857142857146,0.0,1,1,2026-03-22 18:13:53
2212320505900,GD,KOMMUNE,Hüttingen bei Lahr,Hüttingen bei Lahr,79,79,0,77,77,0,32,32,0,41.55844155844156,41.55844155844156,0.0,1,1,2026-03-22 18:56:21
2212320506300,GD,KOMMUNE,Irrel,Irrel,784,780,-4,778,778,0,305,305,0,39.203084832904885,39.203084832904885,0.0,1,1,2026-03-22 19:09:39
2212320506400,GD,KOMMUNE,Karlshausen,Karlshausen,301,301,0,298,298,0,119,119,0,39.93288590604027,39.93288590604027,0.0,1,1,2026-03-22 19:14:50
2212320506500,GD,KOMMUNE,Kaschenbach,Kaschenbach,,,0,,,0,,,0,,,,0,0,2026-03-22 18:07:00
2212320506600,GD,KOMMUNE,Keppeshausen,Keppeshausen,,,0,,,0,,,0,,,,0,0,2026-03-22 18:09:13
2212320506700,GD,KOMMUNE,Körperich,Körperich,517,517,0,509,509,0,201,201,0,39.489194499017685,39.489194499017685,0.0,1,1,2026-03-22 19:32:05
2212320506800,GD,KOMMUNE,Koxhausen,Koxhausen,96,96,0,96,96,0,34,34,0,35.41666666666667,35.41666666666667,0.0,1,1,2026-03-22 18:45:53
2212320506900,GD,KOMMUNE,Kruchten,Kruchten,200,200,0,199,199,0,61,61,0,30.65326633165829,30.65326633165829,0.0,1,1,2026-03-22 18:52:40
2212320507200,GD,KOMMUNE,Lahr,Lahr,100,100,0,97,97,0,41,41,0,42.2680412371134,42.2680412371134,0.0,1,1,2026-03-22 18:38:56
2212320507300,GD,KOMMUNE,Leimbach,Leimbach,,,0,,,0,,,0,,,,0,0,2026-03-20 10:01:39
2212320507800,GD,KOMMUNE,Menningen,Menningen,112,112,0,112,112,0,36,36,0,32.142857142857146,32.142857142857146,0.0,1,1,2026-03-22 18:45:36
2212320508000,GD,KOMMUNE,Mettendorf,Mettendorf,624,624,0,623,623,0,226,226,0,36.27608346709471,36.27608346709471,0.0,1,1,2026-03-22 19:37:50
2212320508200,GD,KOMMUNE,Minden,Minden,98,98,0,97,97,0,39,39,0,40.20618556701031,40.20618556701031,0.0,1,1,2026-03-22 18:47:03
2212320508400,GD,KOMMUNE,Muxerath,Muxerath,,,0,,,0,,,0,,,,0,0,2026-03-20 10:01:39
2212320508500,GD,KOMMUNE,Nasingen,Nasingen,,,0,,,0,,,0,,,,0,0,2026-03-20 10:01:39
2212320508800,GD,KOMMUNE,Neuerburg,Neuerburg,542,542,0,539,539,0,209,209,0,38.775510204081634,38.775510204081634,0.0,1,1,2026-03-22 20:26:32
2212320509000,GD,KOMMUNE,Niederraden,Niederraden,,,0,,,0,,,0,,,,0,0,2026-03-20 10:01:39
2212320509300,GD,KOMMUNE,Niederweis,Niederweis,134,134,0,133,133,0,60,60,0,45.11278195488722,45.11278195488722,0.0,1,1,2026-03-22 19:16:32
2212320509400,GD,KOMMUNE,Niehl,Niehl,55,55,0,55,55,0,20,20,0,36.36363636363637,36.36363636363637,0.0,1,1,2026-03-22 18:42:25
2212320509500,GD,KOMMUNE,Nusbaum,Nusbaum,245,245,0,241,241,0,106,106,0,43.983402489626556,43.983402489626556,0.0,1,1,2026-03-22 19:14:47
2212320510200,GD,KOMMUNE,Utscheid,Utscheid,258,258,0,250,250,0,106,106,0,42.4,42.4,0.0,1,1,2026-03-22 19:21:24
2212320510300,GD,KOMMUNE,Peffingen,Peffingen,115,115,0,114,114,0,37,37,0,32.45614035087719,32.45614035087719,0.0,1,1,2026-03-22 18:53:10
2212320510600,GD,KOMMUNE,Plascheid,Plascheid,44,44,0,44,44,0,28,28,0,63.63636363636363,63.63636363636363,0.0,1,1,2026-03-22 18:29:20
2212320510800,GD,KOMMUNE,Prümzurlay,Prümzurlay,257,257,0,250,250,0,85,85,0,34.0,34.0,0.0,1,1,2026-03-22 19:11:49
2212320511000,GD,KOMMUNE,Rodershausen,Rodershausen,74,74,0,73,73,0,30,30,0,41.0958904109589,41.0958904109589,0.0,1,1,2026-03-22 19:17:23
2212320511200,GD,KOMMUNE,Roth an der Our,Roth an der Our,75,75,0,75,75,0,19,19,0,25.333333333333336,25.333333333333336,0.0,1,1,2026-03-22 18:52:40
2212320511400,GD,KOMMUNE,Schankweiler,Schankweiler,99,99,0,97,97,0,25,25,0,25.773195876288657,25.773195876288657,0.0,1,1,2026-03-22 18:50:06
2212320511600,GD,KOMMUNE,Scheitenkorb,Scheitenkorb,,,0,,,0,,,0,,,,0,0,2026-03-20 10:01:39
2212320511700,GD,KOMMUNE,Scheuern,Scheuern,,,0,,,0,,,0,,,,0,0,2026-03-22 18:07:35
2212320512100,GD,KOMMUNE,Sevenig bei Neuerburg,Sevenig bei Neuerburg,,,0,,,0,,,0,,,,0,0,2026-03-20 10:01:39
2212320512200,GD,KOMMUNE,Sinspelt,Sinspelt,209,209,0,209,209,0,68,68,0,32.535885167464116,32.535885167464116,0.0,1,1,2026-03-22 18:50:06
2212320512700,GD,KOMMUNE,Übereisenbach,Übereisenbach,52,52,0,47,47,0,24,24,0,51.06382978723404,51.06382978723404,0.0,1,1,2026-03-22 19:08:48
2212320512800,GD,KOMMUNE,Uppershausen,Uppershausen,59,59,0,57,57,0,20,20,0,35.08771929824561,35.08771929824561,0.0,1,1,2026-03-22 19:40:07
2212320513000,GD,KOMMUNE,Waldhof-Falkenstein,Waldhof-Falkenstein,,,0,,,0,,,0,,,,0,0,2026-03-22 18:09:46
2212320513100,GD,KOMMUNE,Wallendorf,Wallendorf,123,123,0,121,121,0,63,63,0,52.066115702479344,52.066115702479344,0.0,1,1,2026-03-22 18:50:30
2212320513200,GD,KOMMUNE,Weidingen,Weidingen,106,106,0,106,106,0,51,51,0,48.113207547169814,48.113207547169814,0.0,1,1,2026-03-22 18:27:23
2212320513800,GD,KOMMUNE,Zweifelscheid,Zweifelscheid,,,0,,,0,,,0,,,,0,0,2026-03-20 10:01:39
2212320521800,GD,KOMMUNE,Eisenach,Eisenach,213,213,0,212,212,0,62,62,0,29.245283018867923,29.245283018867923,0.0,1,1,2026-03-22 18:41:01
2212320522500,GD,KOMMUNE,Gilzem,Gilzem,231,231,0,229,229,0,87,87,0,37.99126637554585,37.99126637554585,0.0,1,1,2026-03-22 20:03:20
2212320550300,GD,KOMMUNE,Obergeckler,Obergeckler,83,83,0,80,80,0,24,24,0,30.0,30.0,0.0,1,1,2026-03-22 19:44:44
2212320600000,VG,KOMMUNE,"Prüm, VG","Prüm, VG",11060,11060,0,10955,10955,0,4474,4474,0,40.839799178457326,40.839799178457326,0.0,51,51,2026-03-22 20:46:19
2212320620200,GD,KOMMUNE,Auw bei Prüm,Auw bei Prüm,336,336,0,326,326,0,156,156,0,47.85276073619632,47.85276073619632,0.0,1,1,2026-03-22 20:46:19
2212320620600,GD,KOMMUNE,Bleialf,Bleialf,629,629,0,614,614,0,209,209,0,34.039087947882734,34.039087947882734,0.0,2,2,2026-03-22 20:03:00
2212320620700,GD,KOMMUNE,Brandscheid,Brandscheid,199,199,0,197,197,0,87,87,0,44.16243654822335,44.16243654822335,0.0,1,1,2026-03-22 19:08:49
2212320620800,GD,KOMMUNE,Buchet,Buchet,133,133,0,132,132,0,34,34,0,25.757575757575758,25.757575757575758,0.0,1,1,2026-03-22 18:56:08
2212320620900,GD,KOMMUNE,Büdesheim,Büdesheim,330,330,0,324,324,0,125,125,0,38.58024691358025,38.58024691358025,0.0,1,1,2026-03-22 19:35:10
2212320621600,GD,KOMMUNE,Dingdorf,Dingdorf,,,0,,,0,,,0,,,,0,0,2026-03-20 10:01:39
2212320622200,GD,KOMMUNE,Feuerscheid,Feuerscheid,189,189,0,186,186,0,72,72,0,38.70967741935484,38.70967741935484,0.0,1,1,2026-03-22 19:23:11
2212320622300,GD,KOMMUNE,Fleringen,Fleringen,211,211,0,207,207,0,103,103,0,49.75845410628019,49.75845410628019,0.0,1,1,2026-03-22 19:17:56
2212320622400,GD,KOMMUNE,Giesdorf,Giesdorf,67,67,0,66,66,0,30,30,0,45.45454545454545,45.45454545454545,0.0,1,1,2026-03-22 18:26:50
2212320622600,GD,KOMMUNE,Weinsheim,Weinsheim,619,619,0,614,614,0,235,235,0,38.273615635179155,38.273615635179155,0.0,4,4,2026-03-22 19:17:29
2212320622700,GD,KOMMUNE,Gondenbrett,Gondenbrett,251,251,0,246,246,0,85,85,0,34.552845528455286,34.552845528455286,0.0,1,1,2026-03-22 19:48:37
2212320623000,GD,KOMMUNE,Großlangenfeld,Großlangenfeld,69,69,0,68,68,0,17,17,0,25.0,25.0,0.0,1,1,2026-03-22 18:40:52
2212320623100,GD,KOMMUNE,Habscheid,Habscheid,318,318,0,317,317,0,158,158,0,49.8422712933754,49.8422712933754,0.0,1,1,2026-03-22 18:43:50
2212320623600,GD,KOMMUNE,Heckhuscheid,Heckhuscheid,94,94,0,94,94,0,54,54,0,57.446808510638306,57.446808510638306,0.0,1,1,2026-03-22 18:28:21
2212320623800,GD,KOMMUNE,Heisdorf,Heisdorf,52,52,0,52,52,0,18,18,0,34.61538461538461,34.61538461538461,0.0,1,1,2026-03-22 19:30:50
2212320625000,GD,KOMMUNE,Kleinlangenfeld,Kleinlangenfeld,85,85,0,85,85,0,37,37,0,43.529411764705884,43.529411764705884,0.0,1,1,2026-03-22 18:29:51
2212320625600,GD,KOMMUNE,Lasel,Lasel,175,175,0,175,175,0,73,73,0,41.714285714285715,41.714285714285715,0.0,1,1,2026-03-22 18:52:39
2212320626500,GD,KOMMUNE,Masthorn,Masthorn,36,36,0,36,36,0,22,22,0,61.111111111111114,61.111111111111114,0.0,1,1,2026-03-22 18:30:10
2212320626600,GD,KOMMUNE,Matzerath,Matzerath,,,0,,,0,,,0,,,,0,0,2026-03-20 10:01:39
2212320627100,GD,KOMMUNE,Mützenich,Mützenich,60,60,0,60,60,0,17,17,0,28.333333333333332,28.333333333333332,0.0,1,1,2026-03-22 18:19:45
2212320627200,GD,KOMMUNE,Neuendorf,Neuendorf,52,52,0,49,49,0,23,23,0,46.93877551020408,46.93877551020408,0.0,1,1,2026-03-22 19:17:09
2212320627600,GD,KOMMUNE,Niederlauch,Niederlauch,163,163,0,160,160,0,83,83,0,51.87500000000001,51.87500000000001,0.0,1,1,2026-03-22 18:49:39
2212320627900,GD,KOMMUNE,Nimshuscheid,Nimshuscheid,124,124,0,123,123,0,50,50,0,40.65040650406504,40.65040650406504,0.0,1,1,2026-03-22 19:06:24
2212320628000,GD,KOMMUNE,Nimsreuland,Nimsreuland,55,55,0,54,54,0,28,28,0,51.85185185185185,51.85185185185185,0.0,1,1,2026-03-22 18:24:38
2212320628300,GD,KOMMUNE,Oberlascheid,Oberlascheid,57,57,0,56,56,0,16,16,0,28.57142857142857,28.57142857142857,0.0,1,1,2026-03-22 18:24:15
2212320628400,GD,KOMMUNE,Oberlauch,Oberlauch,,,0,,,0,,,0,,,,0,0,2026-03-20 10:01:39
2212320628800,GD,KOMMUNE,Olzheim,Olzheim,286,286,0,284,284,0,130,130,0,45.774647887323944,45.774647887323944,0.0,1,1,2026-03-22 19:14:44
2212320629000,GD,KOMMUNE,Orlenbach,Orlenbach,147,147,0,145,145,0,60,60,0,41.37931034482759,41.37931034482759,0.0,1,1,2026-03-22 18:49:17
2212320629200,GD,KOMMUNE,Pittenbach,Pittenbach,73,73,0,72,72,0,19,19,0,26.38888888888889,26.38888888888889,0.0,1,1,2026-03-22 18:34:04
2212320629500,GD,KOMMUNE,Pronsfeld,Pronsfeld,519,519,0,514,514,0,234,234,0,45.525291828793776,45.525291828793776,0.0,1,1,2026-03-22 19:36:09
2212320629600,GD,KOMMUNE,Prüm,Prüm,2455,2455,0,2448,2448,0,974,974,0,39.787581699346404,39.787581699346404,0.0,7,7,2026-03-22 19:53:43
2212320630000,GD,KOMMUNE,Rommersheim,Rommersheim,373,373,0,370,370,0,155,155,0,41.891891891891895,41.891891891891895,0.0,1,1,2026-03-22 19:08:36
2212320630200,GD,KOMMUNE,Roth bei Prüm,Roth bei Prüm,230,230,0,227,227,0,104,104,0,45.81497797356828,45.81497797356828,0.0,1,1,2026-03-22 19:27:05
2212320630400,GD,KOMMUNE,Schönecken,Schönecken,695,695,0,691,691,0,247,247,0,35.74529667149059,35.74529667149059,0.0,2,2,2026-03-22 19:06:39
2212320630500,GD,KOMMUNE,Schwirzheim,Schwirzheim,247,247,0,246,246,0,109,109,0,44.3089430894309,44.3089430894309,0.0,1,1,2026-03-22 18:55:33
2212320630700,GD,KOMMUNE,Seiwerath,Seiwerath,80,80,0,80,80,0,26,26,0,32.5,32.5,0.0,1,1,2026-03-22 18:38:47
2212320630800,GD,KOMMUNE,Sellerich,Sellerich,150,150,0,150,150,0,62,62,0,41.333333333333336,41.333333333333336,0.0,1,1,2026-03-22 18:56:45
2212320631800,GD,KOMMUNE,Wallersheim,Wallersheim,427,427,0,419,419,0,191,191,0,45.58472553699284,45.58472553699284,0.0,1,1,2026-03-22 19:26:25
2212320632000,GD,KOMMUNE,Watzerath,Watzerath,204,204,0,204,204,0,86,86,0,42.15686274509804,42.15686274509804,0.0,1,1,2026-03-22 18:59:51
2212320632100,GD,KOMMUNE,Wawern,Wawern,147,147,0,144,144,0,56,56,0,38.88888888888889,38.88888888888889,0.0,1,1,2026-03-22 19:27:16
2212320632700,GD,KOMMUNE,Winringen,Winringen,,,0,,,0,,,0,,,,0,0,2026-03-20 10:01:39
2212320632800,GD,KOMMUNE,Winterscheid,Winterscheid,84,84,0,84,84,0,38,38,0,45.23809523809524,45.23809523809524,0.0,1,1,2026-03-22 18:51:19
2212320632900,GD,KOMMUNE,Winterspelt,Winterspelt,414,414,0,412,412,0,168,168,0,40.77669902912621,40.77669902912621,0.0,1,1,2026-03-22 18:45:17
2212320633200,GD,KOMMUNE,Hersdorf,Hersdorf,225,225,0,224,224,0,83,83,0,37.05357142857143,37.05357142857143,0.0,1,1,2026-03-22 18:36:33
2212320700000,VG,KOMMUNE,"Speicher, VG","Speicher, VG",4261,4261,0,4233,4233,0,1464,1464,0,34.58540042523033,34.58540042523033,0.0,10,10,2026-03-22 20:36:14
2212320700600,GD,KOMMUNE,Auw an der Kyll,Auw an der Kyll,71,71,0,70,70,0,27,27,0,38.57142857142858,38.57142857142858,0.0,1,1,2026-03-22 19:07:38
2212320701000,GD,KOMMUNE,Beilingen,Beilingen,200,200,0,199,199,0,90,90,0,45.22613065326633,45.22613065326633,0.0,1,1,2026-03-22 18:46:17
2212320705000,GD,KOMMUNE,Herforst,Herforst,610,610,0,608,608,0,200,200,0,32.89473684210527,32.89473684210527,0.0,1,1,2026-03-22 20:36:14
2212320705500,GD,KOMMUNE,Hosten,Hosten,110,110,0,108,108,0,36,36,0,33.33333333333333,33.33333333333333,0.0,1,1,2026-03-22 18:45:21
2212320710400,GD,KOMMUNE,Philippsheim,Philippsheim,69,69,0,67,67,0,16,16,0,23.88059701492537,23.88059701492537,0.0,1,1,2026-03-22 18:36:18
2212320710700,GD,KOMMUNE,Preist,Preist,456,456,0,454,454,0,176,176,0,38.76651982378855,38.76651982378855,0.0,1,1,2026-03-22 19:04:40
2212320712300,GD,KOMMUNE,Speicher,Speicher,1576,1576,0,1563,1563,0,501,501,0,32.05374280230326,32.05374280230326,0.0,2,2,2026-03-22 20:03:10
2212320728900,GD,KOMMUNE,Orenhofen,Orenhofen,745,745,0,742,742,0,241,241,0,32.47978436657682,32.47978436657682,0.0,1,1,2026-03-22 20:21:32
2212320731100,GD,KOMMUNE,Spangdahlem,Spangdahlem,424,424,0,422,422,0,177,177,0,41.943127962085306,41.943127962085306,0.0,1,1,2026-03-22 18:53:01
2212320800000,VG,KOMMUNE,"Bitburger Land, VG","Bitburger Land, VG",14020,13997,-23,13880,13880,0,4841,4841,0,34.877521613832855,34.877521613832855,0.0,57,57,2026-03-22 20:32:35
2212320800700,GD,KOMMUNE,Badem,Badem,744,744,0,736,736,0,229,229,0,31.11413043478261,31.11413043478261,0.0,1,1,2026-03-22 19:44:52
2212320800900,GD,KOMMUNE,Baustert,Baustert,365,365,0,362,362,0,163,163,0,45.027624309392266,45.027624309392266,0.0,1,1,2026-03-22 19:07:02
2212320801300,GD,KOMMUNE,Bettingen,Bettingen,548,548,0,537,537,0,141,141,0,26.256983240223462,26.256983240223462,0.0,1,1,2026-03-22 19:14:08
2212320801400,GD,KOMMUNE,Bickendorf,Bickendorf,299,299,0,297,297,0,93,93,0,31.313131313131315,31.313131313131315,0.0,1,1,2026-03-22 19:20:13
2212320801500,GD,KOMMUNE,Biersdorf am See,Biersdorf am See,320,320,0,317,317,0,115,115,0,36.27760252365931,36.27760252365931,0.0,1,1,2026-03-22 18:37:57
2212320801700,GD,KOMMUNE,Birtlingen,Birtlingen,,,0,,,0,,,0,,,,0,0,2026-03-20 10:01:39
2212320802000,GD,KOMMUNE,Brecht,Brecht,134,134,0,133,133,0,56,56,0,42.10526315789473,42.10526315789473,0.0,1,1,2026-03-22 18:52:29
2212320802400,GD,KOMMUNE,Dahlem,Dahlem,172,172,0,169,169,0,65,65,0,38.46153846153847,38.46153846153847,0.0,1,1,2026-03-22 19:50:43
2212320802600,GD,KOMMUNE,Dockendorf,Dockendorf,125,125,0,125,125,0,48,48,0,38.4,38.4,0.0,1,1,2026-03-22 18:41:18
2212320802700,GD,KOMMUNE,Dudeldorf,Dudeldorf,489,489,0,483,483,0,172,172,0,35.61076604554865,35.61076604554865,0.0,1,1,2026-03-22 19:14:25
2212320802900,GD,KOMMUNE,Echtershausen,Echtershausen,54,54,0,53,53,0,19,19,0,35.84905660377358,35.84905660377358,0.0,1,1,2026-03-22 18:18:25
2212320803000,GD,KOMMUNE,Ehlenz,Ehlenz,249,249,0,248,248,0,84,84,0,33.87096774193548,33.87096774193548,0.0,1,1,2026-03-22 18:44:42
2212320803200,GD,KOMMUNE,Enzen,Enzen,,,0,,,0,,,0,,,,0,0,2026-03-20 10:01:39
2212320803400,GD,KOMMUNE,Eßlingen,Eßlingen,73,73,0,72,72,0,18,18,0,25.0,25.0,0.0,1,1,2026-03-22 18:31:08
2212320803500,GD,KOMMUNE,Etteldorf,Etteldorf,,,0,,,0,,,0,,,,0,0,2026-03-20 10:01:39
2212320803600,GD,KOMMUNE,Feilsdorf,Feilsdorf,,,0,,,0,,,0,,,,0,0,2026-03-20 10:01:39
2212320803900,GD,KOMMUNE,Fließem,Fließem,437,437,0,437,437,0,154,154,0,35.24027459954233,35.24027459954233,0.0,1,1,2026-03-22 19:18:57
2212320804300,GD,KOMMUNE,Gindorf,Gindorf,180,178,-2,177,177,0,60,60,0,33.89830508474576,33.89830508474576,0.0,1,1,2026-03-22 18:58:52
2212320804400,GD,KOMMUNE,Gondorf,Gondorf,137,137,0,135,135,0,41,41,0,30.37037037037037,30.37037037037037,0.0,1,1,2026-03-22 18:57:17
2212320804500,GD,KOMMUNE,Halsdorf,Halsdorf,129,129,0,127,127,0,37,37,0,29.133858267716533,29.133858267716533,0.0,1,1,2026-03-22 19:17:02
2212320804600,GD,KOMMUNE,Hamm,Hamm,,,0,,,0,,,0,,,,0,0,2026-03-20 10:01:39
2212320804800,GD,KOMMUNE,Heilenbach,Heilenbach,51,51,0,51,51,0,13,13,0,25.49019607843137,25.49019607843137,0.0,1,1,2026-03-22 18:32:44
2212320805700,GD,KOMMUNE,Hütterscheid,Hütterscheid,74,74,0,74,74,0,24,24,0,32.432432432432435,32.432432432432435,0.0,1,1,2026-03-22 20:00:44
2212320805800,GD,KOMMUNE,Hüttingen an der Kyll,Hüttingen an der Kyll,195,195,0,193,193,0,44,44,0,22.797927461139896,22.797927461139896,0.0,1,1,2026-03-22 19:10:17
2212320806000,GD,KOMMUNE,Idenheim,Idenheim,292,292,0,290,290,0,82,82,0,28.27586206896552,28.27586206896552,0.0,1,1,2026-03-22 18:47:47
2212320806100,GD,KOMMUNE,Idesheim,Idesheim,244,244,0,243,243,0,78,78,0,32.098765432098766,32.098765432098766,0.0,1,1,2026-03-22 18:39:06
2212320806200,GD,KOMMUNE,Ingendorf,Ingendorf,127,127,0,127,127,0,35,35,0,27.559055118110237,27.559055118110237,0.0,1,1,2026-03-22 18:52:48
2212320807000,GD,KOMMUNE,Kyllburg,Kyllburg,414,414,0,414,414,0,155,155,0,37.43961352657005,37.43961352657005,0.0,1,1,2026-03-22 19:53:52
2212320807100,GD,KOMMUNE,Kyllburgweiler,Kyllburgweiler,,,0,,,0,,,0,,,,0,0,2026-03-20 10:01:39
2212320807400,GD,KOMMUNE,Ließem,Ließem,45,45,0,45,45,0,13,13,0,28.888888888888886,28.888888888888886,0.0,1,1,2026-03-22 18:22:17
2212320807500,GD,KOMMUNE,Malberg,Malberg,268,268,0,264,264,0,82,82,0,31.060606060606062,31.060606060606062,0.0,1,1,2026-03-22 19:40:10
2212320807600,GD,KOMMUNE,Malbergweich,Malbergweich,212,212,0,207,207,0,57,57,0,27.536231884057973,27.536231884057973,0.0,1,1,2026-03-22 19:39:56
2212320807700,GD,KOMMUNE,Meckel,Meckel,266,266,0,265,265,0,83,83,0,31.32075471698113,31.32075471698113,0.0,1,1,2026-03-22 19:07:11
2212320807900,GD,KOMMUNE,Messerich,Messerich,354,354,0,352,352,0,124,124,0,35.22727272727273,35.22727272727273,0.0,1,1,2026-03-22 19:17:34
2212320808100,GD,KOMMUNE,Metterich,Metterich,300,300,0,297,297,0,121,121,0,40.74074074074074,40.74074074074074,0.0,1,1,2026-03-22 19:12:25
2212320808300,GD,KOMMUNE,Mülbach,Mülbach,,,0,,,0,,,0,,,,0,0,2026-03-20 10:01:39
2212320808600,GD,KOMMUNE,Nattenheim,Nattenheim,325,325,0,323,323,0,98,98,0,30.340557275541798,30.340557275541798,0.0,1,1,2026-03-22 18:44:27
2212320808700,GD,KOMMUNE,Neidenbach,Neidenbach,470,461,-9,458,458,0,177,177,0,38.646288209606986,38.646288209606986,0.0,1,1,2026-03-22 19:13:57
2212320809100,GD,KOMMUNE,Niederstedem,Niederstedem,188,185,-3,181,181,0,62,62,0,34.25414364640884,34.25414364640884,0.0,1,1,2026-03-22 18:47:59
2212320809200,GD,KOMMUNE,Niederweiler,Niederweiler,,,0,,,0,,,0,,,,0,0,2026-03-20 10:01:39
2212320809700,GD,KOMMUNE,Oberstedem,Oberstedem,,,0,,,0,,,0,,,,0,0,2026-03-20 10:01:39
2212320809800,GD,KOMMUNE,Oberweiler,Oberweiler,185,185,0,184,184,0,62,62,0,33.69565217391305,33.69565217391305,0.0,1,1,2026-03-22 18:54:04
2212320809900,GD,KOMMUNE,Oberweis,Oberweis,308,308,0,305,305,0,100,100,0,32.78688524590164,32.78688524590164,0.0,1,1,2026-03-22 19:11:51
2212320810000,GD,KOMMUNE,Olsdorf,Olsdorf,,,0,,,0,,,0,,,,0,0,2026-03-20 10:01:39
2212320810100,GD,KOMMUNE,Orsfeld,Orsfeld,93,93,0,92,92,0,31,31,0,33.69565217391305,33.69565217391305,0.0,1,1,2026-03-22 19:05:36
2212320810500,GD,KOMMUNE,Pickließem,Pickließem,180,180,0,179,179,0,74,74,0,41.340782122905026,41.340782122905026,0.0,1,1,2026-03-22 19:08:48
2212320810900,GD,KOMMUNE,Rittersdorf,Rittersdorf,744,739,-5,732,732,0,286,286,0,39.07103825136612,39.07103825136612,0.0,1,1,2026-03-22 20:32:35
2212320811100,GD,KOMMUNE,Röhl,Röhl,256,256,0,255,255,0,99,99,0,38.82352941176471,38.82352941176471,0.0,1,1,2026-03-22 19:44:24
2212320811300,GD,KOMMUNE,Sankt Thomas,Sankt Thomas,239,235,-4,233,233,0,93,93,0,39.91416309012876,39.91416309012876,0.0,1,1,2026-03-22 19:56:20
2212320811500,GD,KOMMUNE,Scharfbillig,Scharfbillig,75,75,0,74,74,0,42,42,0,56.75675675675676,56.75675675675676,0.0,1,1,2026-03-22 18:42:44
2212320811800,GD,KOMMUNE,Schleid,Schleid,215,215,0,214,214,0,88,88,0,41.1214953271028,41.1214953271028,0.0,1,1,2026-03-22 18:52:35
2212320811900,GD,KOMMUNE,Seffern,Seffern,,,0,,,0,,,0,,,,0,0,2026-03-20 10:01:39
2212320812000,GD,KOMMUNE,Sefferweich,Sefferweich,308,308,0,304,304,0,92,92,0,30.263157894736842,30.263157894736842,0.0,1,1,2026-03-22 19:11:28
2212320812400,GD,KOMMUNE,Stockem,Stockem,46,46,0,46,46,0,11,11,0,23.91304347826087,23.91304347826087,0.0,1,1,2026-03-22 18:49:32
2212320812500,GD,KOMMUNE,Sülm,Sülm,234,234,0,232,232,0,107,107,0,46.12068965517241,46.12068965517241,0.0,1,1,2026-03-22 19:08:39
2212320812600,GD,KOMMUNE,Trimport,Trimport,173,173,0,172,172,0,60,60,0,34.883720930232556,34.883720930232556,0.0,1,1,2026-03-22 19:04:39
2212320812900,GD,KOMMUNE,Usch,Usch,,,0,,,0,,,0,,,,0,0,2026-03-20 10:01:39
2212320813300,GD,KOMMUNE,Wettlingen,Wettlingen,,,0,,,0,,,0,,,,0,0,2026-03-20 10:01:39
2212320813400,GD,KOMMUNE,Wiersdorf,Wiersdorf,166,166,0,166,166,0,65,65,0,39.1566265060241,39.1566265060241,0.0,1,1,2026-03-22 18:31:21
2212320813500,GD,KOMMUNE,Wilsecker,Wilsecker,110,110,0,108,108,0,33,33,0,30.555555555555557,30.555555555555557,0.0,1,1,2026-03-22 19:04:46
2212320813700,GD,KOMMUNE,Wolsfeld,Wolsfeld,507,507,0,507,507,0,186,186,0,36.68639053254438,36.68639053254438,0.0,1,1,2026-03-22 19:45:19
2212320820300,GD,KOMMUNE,Balesfeld,Balesfeld,93,93,0,92,92,0,24,24,0,26.08695652173913,26.08695652173913,0.0,1,1,2026-03-22 18:50:42
2212320821000,GD,KOMMUNE,Burbach,Burbach,381,381,0,380,380,0,141,141,0,37.10526315789473,37.10526315789473,0.0,1,1,2026-03-22 19:09:08
2212320822800,GD,KOMMUNE,Gransdorf,Gransdorf,221,221,0,217,217,0,64,64,0,29.493087557603687,29.493087557603687,0.0,1,1,2026-03-22 19:04:21
2212320827300,GD,KOMMUNE,Neuheilenbach,Neuheilenbach,140,140,0,139,139,0,47,47,0,33.81294964028777,33.81294964028777,0.0,1,1,2026-03-22 18:38:34
2212320828200,GD,KOMMUNE,Oberkail,Oberkail,345,345,0,342,342,0,116,116,0,33.91812865497076,33.91812865497076,0.0,1,1,2026-03-22 19:40:31
2212320830600,GD,KOMMUNE,Seinsfeld,Seinsfeld,,,0,,,0,,,0,,,,0,0,2026-03-20 10:01:39
2212320831300,GD,KOMMUNE,Steinborn,Steinborn,245,245,0,244,244,0,124,124,0,50.81967213114754,50.81967213114754,0.0,1,1,2026-03-22 18:57:40
2212320833100,GD,KOMMUNE,Zendscheid,Zendscheid,,,0,,,0,,,0,,,,0,0,2026-03-20 10:01:39
2212320850100,GD,KOMMUNE,Wißmannsdorf,Wißmannsdorf,476,476,0,471,471,0,153,153,0,32.48407643312102,32.48407643312102,0.0,3,3,2026-03-22 18:40:19
2212320850200,GD,KOMMUNE,Brimingen,Brimingen,,,0,,,0,,,0,,,,0,0,2026-03-20 10:01:39
2220000000000,WK,WAHLKREIS,"Wittlich, Wahlkreis","Wittlich, Wahlkreis",34041,34027,-14,33724,33724,0,13377,13377,0,39.66611315383703,39.66611315383703,0.0,81,81,2026-03-22 21:07:54
2222310000000,TK,WAHLKREIS_TEIL,"Bernkastel-Wittlich, Teilkreis","Bernkastel-Wittlich, Teilkreis",34041,34027,-14,33724,33724,0,13377,13377,0,39.66611315383703,39.66611315383703,0.0,81,81,2026-03-22 21:07:35
2222310013400,VF,KOMMUNE,"Wittlich, Verbandsfreie Gemeinde","Wittlich, Verbandsfreie Gemeinde",7951,7950,-1,7891,7891,0,2891,2891,0,36.63667469268787,36.63667469268787,0.0,12,12,2026-03-22 21:07:35
2222310800000,VG,KOMMUNE,"Wittlich-Land, VG","Wittlich-Land, VG",17162,17158,-4,17005,17005,0,7222,7222,0,42.469861805351364,42.469861805351364,0.0,44,44,2026-03-22 20:25:24
2222310800100,GD,KOMMUNE,Altrich,Altrich,907,907,0,905,905,0,371,371,0,40.994475138121544,40.994475138121544,0.0,1,1,2026-03-22 19:12:18
2222310800300,GD,KOMMUNE,Arenrath,Arenrath,208,208,0,206,206,0,101,101,0,49.029126213592235,49.029126213592235,0.0,1,1,2026-03-22 20:03:41
2222310800700,GD,KOMMUNE,Bergweiler,Bergweiler,488,488,0,482,482,0,186,186,0,38.589211618257266,38.589211618257266,0.0,1,1,2026-03-22 20:25:24
2222310800900,GD,KOMMUNE,Bettenfeld,Bettenfeld,370,370,0,369,369,0,155,155,0,42.00542005420054,42.00542005420054,0.0,1,1,2026-03-22 20:12:43
2222310801000,GD,KOMMUNE,Binsfeld,Binsfeld,524,524,0,520,520,0,200,200,0,38.46153846153847,38.46153846153847,0.0,1,1,2026-03-22 20:17:07
2222310801300,GD,KOMMUNE,Bruch,Bruch,285,285,0,281,281,0,117,117,0,41.637010676156585,41.637010676156585,0.0,1,1,2026-03-22 19:41:45
2222310802100,GD,KOMMUNE,Dierfeld,Dierfeld,,,0,,,0,,,0,,,,0,0,2026-03-20 10:01:39
2222310802200,GD,KOMMUNE,Dierscheid,Dierscheid,100,100,0,100,100,0,39,39,0,39.0,39.0,0.0,1,1,2026-03-22 20:08:09
2222310802300,GD,KOMMUNE,Dodenburg,Dodenburg,,,0,,,0,,,0,,,,0,0,2026-03-20 10:01:39
2222310802400,GD,KOMMUNE,Dreis,Dreis,778,778,0,770,770,0,380,380,0,49.35064935064935,49.35064935064935,0.0,1,1,2026-03-22 19:33:27
2222310802500,GD,KOMMUNE,Eckfeld,Eckfeld,242,242,0,241,241,0,124,124,0,51.45228215767634,51.45228215767634,0.0,1,1,2026-03-22 19:29:15
2222310802600,GD,KOMMUNE,Eisenschmitt,Eisenschmitt,193,193,0,188,188,0,83,83,0,44.148936170212764,44.148936170212764,0.0,1,1,2026-03-22 20:12:19
2222310803100,GD,KOMMUNE,Esch,Esch,243,243,0,242,242,0,106,106,0,43.80165289256198,43.80165289256198,0.0,1,1,2026-03-22 19:26:59
2222310803600,GD,KOMMUNE,Gipperath,Gipperath,135,135,0,135,135,0,66,66,0,48.888888888888886,48.888888888888886,0.0,1,1,2026-03-22 18:45:07
2222310803700,GD,KOMMUNE,Gladbach,Gladbach,204,200,-4,198,198,0,74,74,0,37.37373737373738,37.37373737373738,0.0,1,1,2026-03-22 19:38:17
2222310804400,GD,KOMMUNE,Greimerath,Greimerath,182,182,0,177,177,0,69,69,0,38.983050847457626,38.983050847457626,0.0,1,1,2026-03-22 18:53:10
2222310804600,GD,KOMMUNE,Großlittgen,Großlittgen,545,545,0,544,544,0,200,200,0,36.76470588235294,36.76470588235294,0.0,1,1,2026-03-22 19:40:25
2222310804900,GD,KOMMUNE,Hasborn,Hasborn,395,395,0,390,390,0,149,149,0,38.205128205128204,38.205128205128204,0.0,1,1,2026-03-22 19:37:24
2222310805000,GD,KOMMUNE,Heckenmünster,Heckenmünster,82,82,0,82,82,0,32,32,0,39.02439024390244,39.02439024390244,0.0,1,1,2026-03-22 18:54:15
2222310805100,GD,KOMMUNE,Heidweiler,Heidweiler,167,167,0,163,163,0,80,80,0,49.079754601226995,49.079754601226995,0.0,1,1,2026-03-22 18:57:19
2222310805300,GD,KOMMUNE,Hetzerath,Hetzerath,1468,1468,0,1459,1459,0,583,583,0,39.95887594242632,39.95887594242632,0.0,1,1,2026-03-22 19:46:29
2222310806200,GD,KOMMUNE,Hupperath,Hupperath,373,373,0,370,370,0,162,162,0,43.78378378378379,43.78378378378379,0.0,1,1,2026-03-22 19:37:04
2222310806500,GD,KOMMUNE,Karl,Karl,112,112,0,111,111,0,37,37,0,33.33333333333333,33.33333333333333,0.0,1,1,2026-03-22 19:27:35
2222310806900,GD,KOMMUNE,Klausen,Klausen,796,796,0,786,786,0,275,275,0,34.987277353689564,34.987277353689564,0.0,1,1,2026-03-22 19:35:31
2222310807400,GD,KOMMUNE,Laufeld,Laufeld,314,314,0,308,308,0,157,157,0,50.97402597402597,50.97402597402597,0.0,1,1,2026-03-22 19:44:48
2222310808000,GD,KOMMUNE,Manderscheid,Manderscheid,744,744,0,739,739,0,342,342,0,46.2787550744249,46.2787550744249,0.0,1,1,2026-03-22 19:26:11
2222310808200,GD,KOMMUNE,Meerfeld,Meerfeld,208,208,0,207,207,0,115,115,0,55.55555555555556,55.55555555555556,0.0,1,1,2026-03-22 19:36:17
2222310808500,GD,KOMMUNE,Minderlittgen,Minderlittgen,366,366,0,362,362,0,150,150,0,41.43646408839779,41.43646408839779,0.0,1,1,2026-03-22 19:12:29
2222310809100,GD,KOMMUNE,Musweiler,Musweiler,,,0,,,0,,,0,,,,0,0,2026-03-20 10:01:39
2222310809500,GD,KOMMUNE,Niederöfflingen,Niederöfflingen,262,262,0,261,261,0,124,124,0,47.509578544061306,47.509578544061306,0.0,1,1,2026-03-22 19:08:12
2222310809600,GD,KOMMUNE,Niederscheidweiler,Niederscheidweiler,152,152,0,150,150,0,74,74,0,49.333333333333336,49.333333333333336,0.0,1,1,2026-03-22 19:14:47
2222310810000,GD,KOMMUNE,Oberöfflingen,Oberöfflingen,162,162,0,161,161,0,65,65,0,40.37267080745342,40.37267080745342,0.0,1,1,2026-03-22 19:38:34
2222310810100,GD,KOMMUNE,Oberscheidweiler,Oberscheidweiler,116,116,0,115,115,0,63,63,0,54.78260869565217,54.78260869565217,0.0,1,1,2026-03-22 18:33:10
2222310810300,GD,KOMMUNE,Osann-Monzel,Osann-Monzel,959,959,0,952,952,0,398,398,0,41.806722689075634,41.806722689075634,0.0,1,1,2026-03-22 20:10:18
2222310810400,GD,KOMMUNE,Pantenburg,Pantenburg,162,162,0,161,161,0,83,83,0,51.5527950310559,51.5527950310559,0.0,1,1,2026-03-22 19:40:43
2222310810700,GD,KOMMUNE,Platten,Platten,515,515,0,508,508,0,204,204,0,40.15748031496063,40.15748031496063,0.0,1,1,2026-03-22 19:43:10
2222310810800,GD,KOMMUNE,Plein,Plein,387,387,0,380,380,0,159,159,0,41.8421052631579,41.8421052631579,0.0,1,1,2026-03-22 19:50:36
2222310811100,GD,KOMMUNE,Rivenich,Rivenich,383,383,0,380,380,0,117,117,0,30.789473684210527,30.789473684210527,0.0,1,1,2026-03-22 20:08:12
2222310811300,GD,KOMMUNE,Salmtal,Salmtal,1458,1458,0,1448,1448,0,676,676,0,46.68508287292818,46.68508287292818,0.0,2,2,2026-03-22 20:16:43
2222310811400,GD,KOMMUNE,Schladt,Schladt,79,79,0,77,77,0,34,34,0,44.15584415584416,44.15584415584416,0.0,1,1,2026-03-22 18:56:13
2222310811600,GD,KOMMUNE,Schwarzenborn,Schwarzenborn,,,0,,,0,,,0,,,,0,0,2026-03-20 10:01:39
2222310811700,GD,KOMMUNE,Sehlem,Sehlem,547,547,0,539,539,0,233,233,0,43.22820037105751,43.22820037105751,0.0,1,1,2026-03-22 20:09:51
2222310812700,GD,KOMMUNE,Wallscheid,Wallscheid,195,195,0,189,189,0,94,94,0,49.735449735449734,49.735449735449734,0.0,1,1,2026-03-22 19:34:39
2222310850300,GD,KOMMUNE,Landscheid,Landscheid,967,967,0,960,960,0,373,373,0,38.854166666666664,38.854166666666664,0.0,3,3,2026-03-22 20:05:26
2222310850400,GD,KOMMUNE,Niersbach,Niersbach,389,389,0,389,389,0,172,172,0,44.2159383033419,44.2159383033419,0.0,1,1,2026-03-22 19:28:53
2222310900000,VG,KOMMUNE,"Traben-Trarbach, VG","Traben-Trarbach, VG",8928,8919,-9,8828,8828,0,3264,3264,0,36.97326687811509,36.97326687811509,0.0,25,25,2026-03-22 19:47:21
2222310900400,GD,KOMMUNE,Bausendorf,Bausendorf,725,725,0,714,714,0,251,251,0,35.154061624649856,35.154061624649856,0.0,2,2,2026-03-22 19:18:44
2222310900500,GD,KOMMUNE,Bengel,Bengel,415,412,-3,407,407,0,138,138,0,33.90663390663391,33.90663390663391,0.0,1,1,2026-03-22 19:36:40
2222310901400,GD,KOMMUNE,Burg (Mosel),Burg (Mosel),190,190,0,186,186,0,66,66,0,35.483870967741936,35.483870967741936,0.0,1,1,2026-03-22 19:00:03
2222310902000,GD,KOMMUNE,Diefenbach,Diefenbach,53,53,0,51,51,0,13,13,0,25.49019607843137,25.49019607843137,0.0,1,1,2026-03-22 18:48:27
2222310902900,GD,KOMMUNE,Enkirch,Enkirch,817,817,0,814,814,0,291,291,0,35.749385749385745,35.749385749385745,0.0,1,1,2026-03-22 19:33:44
2222310903300,GD,KOMMUNE,Flußbach,Flußbach,255,255,0,253,253,0,93,93,0,36.75889328063241,36.75889328063241,0.0,1,1,2026-03-22 19:47:21
2222310905700,GD,KOMMUNE,Hontheim,Hontheim,439,439,0,436,436,0,203,203,0,46.559633027522935,46.559633027522935,0.0,2,2,2026-03-22 18:57:05
2222310906700,GD,KOMMUNE,Kinderbeuern,Kinderbeuern,522,522,0,519,519,0,186,186,0,35.83815028901734,35.83815028901734,0.0,2,2,2026-03-22 19:35:15
2222310906800,GD,KOMMUNE,Kinheim,Kinheim,426,426,0,421,421,0,187,187,0,44.418052256532064,44.418052256532064,0.0,1,1,2026-03-22 19:01:32
2222310907200,GD,KOMMUNE,Kröv,Kröv,1213,1213,0,1196,1196,0,527,527,0,44.06354515050167,44.06354515050167,0.0,3,3,2026-03-22 19:43:41
2222310911000,GD,KOMMUNE,Reil,Reil,565,565,0,560,560,0,217,217,0,38.75,38.75,0.0,1,1,2026-03-22 19:20:08
2222310912000,GD,KOMMUNE,Starkenburg,Starkenburg,143,143,0,141,141,0,65,65,0,46.09929078014184,46.09929078014184,0.0,1,1,2026-03-22 19:10:33
2222310912400,GD,KOMMUNE,Traben-Trarbach,Traben-Trarbach,2498,2492,-6,2473,2473,0,865,865,0,34.977759805903766,34.977759805903766,0.0,5,5,2026-03-22 19:44:22
2222310913200,GD,KOMMUNE,Willwerscheid,Willwerscheid,38,38,0,38,38,0,14,14,0,36.84210526315789,36.84210526315789,0.0,1,1,2026-03-22 18:25:05
2222310920600,GD,KOMMUNE,Lötzbeuren,Lötzbeuren,241,241,0,239,239,0,49,49,0,20.502092050209207,20.502092050209207,0.0,1,1,2026-03-22 18:58:05
2222310950100,GD,KOMMUNE,Irmenach,Irmenach,388,388,0,380,380,0,99,99,0,26.052631578947366,26.052631578947366,0.0,1,1,2026-03-22 19:28:05
2230000000000,WK,WAHLKREIS,Bernkastel-Kues / Morbach / Kirchberg (Hunsrück),Bernkastel-Kues / Morbach / Kirchberg (Hunsrück),35588,35550,-38,35159,35159,0,12149,12149,0,34.55445262948321,34.55445262948321,0.0,123,123,2026-03-22 21:02:03
2231400000000,TK,WAHLKREIS_TEIL,"Rhein-Hunsrück-Kreis, Teilkreis","Rhein-Hunsrück-Kreis, Teilkreis",10181,10179,-2,10068,10068,0,2888,2888,0,28.684942391736197,28.684942391736197,0.0,46,46,2026-03-22 20:11:21
2231400400000,VG,KOMMUNE,"Kirchberg (Hunsrück), VG","Kirchberg (Hunsrück), VG",10181,10179,-2,10068,10068,0,2888,2888,0,28.684942391736197,28.684942391736197,0.0,46,46,2026-03-22 20:11:21
2231400400600,GD,KOMMUNE,Bärenbach,Bärenbach,225,225,0,222,222,0,66,66,0,29.72972972972973,29.72972972972973,0.0,1,1,2026-03-22 19:10:36
2231400400700,GD,KOMMUNE,Belg,Belg,66,66,0,66,66,0,16,16,0,24.242424242424242,24.242424242424242,0.0,1,1,2026-03-22 18:28:08
2231400402400,GD,KOMMUNE,Büchenbeuren,Büchenbeuren,694,694,0,689,689,0,124,124,0,17.99709724238026,17.99709724238026,0.0,2,2,2026-03-22 19:08:13
2231400402800,GD,KOMMUNE,Dickenschied,Dickenschied,439,439,0,434,434,0,163,163,0,37.55760368663594,37.55760368663594,0.0,1,1,2026-03-22 18:58:15
2231400402900,GD,KOMMUNE,Dill,Dill,132,132,0,130,130,0,39,39,0,30.0,30.0,0.0,1,1,2026-03-22 18:34:24
2231400403000,GD,KOMMUNE,Dillendorf,Dillendorf,290,290,0,287,287,0,86,86,0,29.965156794425084,29.965156794425084,0.0,1,1,2026-03-22 19:10:28
2231400404000,GD,KOMMUNE,Gehlweiler,Gehlweiler,146,146,0,142,142,0,33,33,0,23.239436619718308,23.239436619718308,0.0,1,1,2026-03-22 19:17:59
2231400404100,GD,KOMMUNE,Gemünden,Gemünden,679,679,0,672,672,0,231,231,0,34.375,34.375,0.0,2,2,2026-03-22 19:15:52
2231400404400,GD,KOMMUNE,Hahn,Hahn,117,117,0,116,116,0,41,41,0,35.3448275862069,35.3448275862069,0.0,1,1,2026-03-22 19:09:30
2231400404800,GD,KOMMUNE,Hecken,Hecken,76,76,0,73,73,0,24,24,0,32.87671232876712,32.87671232876712,0.0,1,1,2026-03-22 18:30:51
2231400404900,GD,KOMMUNE,Heinzenbach,Heinzenbach,235,235,0,234,234,0,67,67,0,28.63247863247863,28.63247863247863,0.0,1,1,2026-03-22 19:40:10
2231400405000,GD,KOMMUNE,Henau,Henau,97,97,0,97,97,0,18,18,0,18.556701030927837,18.556701030927837,0.0,1,1,2026-03-22 18:27:20
2231400405300,GD,KOMMUNE,Hirschfeld (Hunsrück),Hirschfeld (Hunsrück),166,164,-2,164,164,0,51,51,0,31.097560975609756,31.097560975609756,0.0,1,1,2026-03-22 18:56:43
2231400406200,GD,KOMMUNE,Kappel,Kappel,255,255,0,254,254,0,75,75,0,29.527559055118108,29.527559055118108,0.0,1,1,2026-03-22 18:54:02
2231400406700,GD,KOMMUNE,Kirchberg (Hunsrück),Kirchberg (Hunsrück),1818,1818,0,1795,1795,0,536,536,0,29.860724233983287,29.860724233983287,0.0,3,3,2026-03-22 20:11:21
2231400407100,GD,KOMMUNE,Kludenbach,Kludenbach,69,69,0,68,68,0,20,20,0,29.411764705882355,29.411764705882355,0.0,1,1,2026-03-22 18:22:53
2231400408100,GD,KOMMUNE,Laufersweiler,Laufersweiler,444,444,0,441,441,0,116,116,0,26.303854875283445,26.303854875283445,0.0,1,1,2026-03-22 19:51:08
2231400408200,GD,KOMMUNE,Lautzenhausen,Lautzenhausen,165,165,0,163,163,0,55,55,0,33.74233128834356,33.74233128834356,0.0,1,1,2026-03-22 18:45:38
2231400408600,GD,KOMMUNE,Lindenschied,Lindenschied,114,114,0,114,114,0,34,34,0,29.82456140350877,29.82456140350877,0.0,1,1,2026-03-22 18:34:05
2231400409000,GD,KOMMUNE,Maitzborn,Maitzborn,68,68,0,65,65,0,22,22,0,33.84615384615385,33.84615384615385,0.0,1,1,2026-03-22 18:25:16
2231400409400,GD,KOMMUNE,Metzenhausen,Metzenhausen,74,74,0,72,72,0,33,33,0,45.83333333333333,45.83333333333333,0.0,1,1,2026-03-22 18:50:17
2231400410500,GD,KOMMUNE,Nieder Kostenz,Nieder Kostenz,107,107,0,106,106,0,32,32,0,30.18867924528302,30.18867924528302,0.0,1,1,2026-03-22 19:16:14
2231400410700,GD,KOMMUNE,Niedersohren,Niedersohren,272,272,0,270,270,0,76,76,0,28.14814814814815,28.14814814814815,0.0,1,1,2026-03-22 19:11:33
2231400410900,GD,KOMMUNE,Niederweiler,Niederweiler,209,209,0,208,208,0,68,68,0,32.69230769230769,32.69230769230769,0.0,1,1,2026-03-22 19:02:59
2231400411100,GD,KOMMUNE,Ober Kostenz,Ober Kostenz,149,149,0,147,147,0,42,42,0,28.57142857142857,28.57142857142857,0.0,1,1,2026-03-22 18:44:39
2231400412000,GD,KOMMUNE,Raversbeuren,Raversbeuren,78,78,0,76,76,0,21,21,0,27.631578947368425,27.631578947368425,0.0,1,1,2026-03-22 18:41:42
2231400412200,GD,KOMMUNE,Reckershausen,Reckershausen,229,229,0,225,225,0,68,68,0,30.22222222222222,30.22222222222222,0.0,1,1,2026-03-22 18:49:11
2231400412800,GD,KOMMUNE,Rödelhausen,Rödelhausen,79,79,0,78,78,0,31,31,0,39.743589743589745,39.743589743589745,0.0,1,1,2026-03-22 18:31:26
2231400412900,GD,KOMMUNE,Rödern,Rödern,130,130,0,129,129,0,45,45,0,34.883720930232556,34.883720930232556,0.0,1,1,2026-03-22 18:38:38
2231400413000,GD,KOMMUNE,Rohrbach,Rohrbach,96,96,0,96,96,0,24,24,0,25.0,25.0,0.0,1,1,2026-03-22 18:47:16
2231400413500,GD,KOMMUNE,Schlierschied,Schlierschied,128,128,0,125,125,0,30,30,0,24.0,24.0,0.0,1,1,2026-03-22 19:03:02
2231400414100,GD,KOMMUNE,Schwarzen,Schwarzen,88,88,0,83,83,0,23,23,0,27.710843373493976,27.710843373493976,0.0,1,1,2026-03-22 18:35:47
2231400414500,GD,KOMMUNE,Sohren,Sohren,1422,1422,0,1415,1415,0,387,387,0,27.349823321554773,27.349823321554773,0.0,3,3,2026-03-22 19:52:32
2231400414600,GD,KOMMUNE,Sohrschied,Sohrschied,62,62,0,62,62,0,22,22,0,35.483870967741936,35.483870967741936,0.0,1,1,2026-03-22 18:26:28
2231400415100,GD,KOMMUNE,Todenroth,Todenroth,48,48,0,47,47,0,9,9,0,19.148936170212767,19.148936170212767,0.0,1,1,2026-03-22 18:28:15
2231400415400,GD,KOMMUNE,Unzenberg,Unzenberg,239,239,0,238,238,0,49,49,0,20.588235294117645,20.588235294117645,0.0,1,1,2026-03-22 19:34:26
2231400415900,GD,KOMMUNE,Wahlenau,Wahlenau,104,104,0,102,102,0,18,18,0,17.647058823529413,17.647058823529413,0.0,1,1,2026-03-22 19:03:45
2231400416300,GD,KOMMUNE,Womrath,Womrath,130,130,0,129,129,0,33,33,0,25.581395348837212,25.581395348837212,0.0,1,1,2026-03-22 18:33:11
2231400416400,GD,KOMMUNE,Woppenroth,Woppenroth,135,135,0,129,129,0,38,38,0,29.457364341085274,29.457364341085274,0.0,1,1,2026-03-22 18:45:57
2231400416500,GD,KOMMUNE,Würrich,Würrich,107,107,0,105,105,0,22,22,0,20.952380952380953,20.952380952380953,0.0,1,1,2026-03-22 18:50:10
2232310000000,TK,WAHLKREIS_TEIL,"Bernkastel-Wittlich, Teilkreis","Bernkastel-Wittlich, Teilkreis",25407,25371,-36,25091,25091,0,9261,9261,0,36.90964887808377,36.90964887808377,0.0,77,77,2026-03-22 21:00:06
2232310050200,VF,KOMMUNE,"Morbach, Verbandsfreie Gemeinde","Morbach, Verbandsfreie Gemeinde",5777,5763,-14,5704,5704,0,1951,1951,0,34.20406732117812,34.20406732117812,0.0,20,20,2026-03-22 21:00:06
2232310100000,VG,KOMMUNE,"Bernkastel-Kues, VG","Bernkastel-Kues, VG",15383,15360,-23,15203,15203,0,5984,5984,0,39.3606525027955,39.3606525027955,0.0,33,33,2026-03-22 20:34:04
2232310100800,GD,KOMMUNE,Bernkastel-Kues,Bernkastel-Kues,3357,3344,-13,3324,3324,0,1312,1312,0,39.4705174488568,39.4705174488568,0.0,7,7,2026-03-22 20:34:04
2232310101200,GD,KOMMUNE,Brauneberg,Brauneberg,592,592,0,583,583,0,236,236,0,40.480274442538594,40.480274442538594,0.0,1,1,2026-03-22 18:47:08
2232310101600,GD,KOMMUNE,Burgen,Burgen,341,341,0,336,336,0,85,85,0,25.297619047619047,25.297619047619047,0.0,1,1,2026-03-22 19:05:00
2232310103000,GD,KOMMUNE,Erden,Erden,259,259,0,256,256,0,127,127,0,49.609375,49.609375,0.0,1,1,2026-03-22 18:44:57
2232310104000,GD,KOMMUNE,Gornhausen,Gornhausen,136,136,0,133,133,0,44,44,0,33.08270676691729,33.08270676691729,0.0,1,1,2026-03-22 18:46:39
2232310104100,GD,KOMMUNE,Graach an der Mosel,Graach an der Mosel,325,325,0,318,318,0,126,126,0,39.62264150943396,39.62264150943396,0.0,2,2,2026-03-22 19:30:32
2232310105600,GD,KOMMUNE,Hochscheid,Hochscheid,156,156,0,154,154,0,41,41,0,26.623376623376622,26.623376623376622,0.0,1,1,2026-03-22 18:47:26
2232310106600,GD,KOMMUNE,Kesten,Kesten,203,203,0,202,202,0,92,92,0,45.54455445544555,45.54455445544555,0.0,1,1,2026-03-22 18:53:14
2232310107000,GD,KOMMUNE,Kleinich,Kleinich,411,411,0,409,409,0,137,137,0,33.496332518337404,33.496332518337404,0.0,1,1,2026-03-22 19:09:09
2232310107100,GD,KOMMUNE,Kommen,Kommen,177,177,0,175,175,0,73,73,0,41.714285714285715,41.714285714285715,0.0,1,1,2026-03-22 18:55:17
2232310107500,GD,KOMMUNE,Lieser,Lieser,679,679,0,668,668,0,273,273,0,40.86826347305389,40.86826347305389,0.0,1,1,2026-03-22 19:45:41
2232310107600,GD,KOMMUNE,Lösnich,Lösnich,290,290,0,287,287,0,110,110,0,38.32752613240418,38.32752613240418,0.0,1,1,2026-03-22 18:44:40
2232310107700,GD,KOMMUNE,Longkamp,Longkamp,634,634,0,627,627,0,251,251,0,40.03189792663477,40.03189792663477,0.0,1,1,2026-03-22 18:58:39
2232310108100,GD,KOMMUNE,Maring-Noviand,Maring-Noviand,910,911,1,901,901,0,346,346,0,38.40177580466148,38.40177580466148,0.0,1,1,2026-03-22 20:28:22
2232310108600,GD,KOMMUNE,Minheim,Minheim,300,300,0,298,298,0,129,129,0,43.288590604026844,43.288590604026844,0.0,1,1,2026-03-22 18:56:20
2232310108700,GD,KOMMUNE,Monzelfeld,Monzelfeld,755,755,0,746,746,0,276,276,0,36.99731903485255,36.99731903485255,0.0,1,1,2026-03-22 19:41:25
2232310109000,GD,KOMMUNE,Mülheim an der Mosel,Mülheim an der Mosel,533,533,0,529,529,0,185,185,0,34.97164461247637,34.97164461247637,0.0,1,1,2026-03-22 19:21:02
2232310109200,GD,KOMMUNE,Neumagen-Dhron,Neumagen-Dhron,1217,1213,-4,1200,1200,0,449,449,0,37.416666666666664,37.416666666666664,0.0,3,3,2026-03-22 19:32:46
2232310110500,GD,KOMMUNE,Piesport,Piesport,1217,1217,0,1199,1199,0,492,492,0,41.03419516263553,41.03419516263553,0.0,1,1,2026-03-22 20:16:54
2232310112500,GD,KOMMUNE,Ürzig,Ürzig,477,477,0,473,473,0,203,203,0,42.917547568710354,42.917547568710354,0.0,1,1,2026-03-22 19:58:24
2232310112600,GD,KOMMUNE,Veldenz,Veldenz,532,532,0,527,527,0,156,156,0,29.601518026565465,29.601518026565465,0.0,1,1,2026-03-22 19:19:16
2232310113300,GD,KOMMUNE,Wintrich,Wintrich,560,553,-7,549,549,0,225,225,0,40.98360655737705,40.98360655737705,0.0,1,1,2026-03-22 19:12:34
2232310113600,GD,KOMMUNE,Zeltingen-Rachtig,Zeltingen-Rachtig,1322,1322,0,1309,1309,0,616,616,0,47.05882352941176,47.05882352941176,0.0,2,2,2026-03-22 19:25:50
2232310600000,VG,KOMMUNE,"Thalfang am Erbeskopf, VG","Thalfang am Erbeskopf, VG",4247,4248,1,4184,4184,0,1326,1326,0,31.692160611854685,31.692160611854685,0.0,24,24,2026-03-22 20:28:49
2232310600600,GD,KOMMUNE,Berglicht,Berglicht,259,259,0,252,252,0,107,107,0,42.46031746031746,42.46031746031746,0.0,1,1,2026-03-22 19:13:24
2232310601700,GD,KOMMUNE,Burtscheid,Burtscheid,88,88,0,88,88,0,5,5,0,5.681818181818182,5.681818181818182,0.0,1,1,2026-03-22 19:21:18
2232310601800,GD,KOMMUNE,Deuselbach,Deuselbach,165,165,0,164,164,0,47,47,0,28.65853658536585,28.65853658536585,0.0,1,1,2026-03-22 18:45:32
2232310601900,GD,KOMMUNE,Dhronecken,Dhronecken,70,70,0,68,68,0,14,14,0,20.588235294117645,20.588235294117645,0.0,1,1,2026-03-22 18:28:34
2232310603200,GD,KOMMUNE,Etgert,Etgert,46,46,0,44,44,0,17,17,0,38.63636363636363,38.63636363636363,0.0,1,1,2026-03-22 18:31:42
2232310603500,GD,KOMMUNE,Gielert,Gielert,76,76,0,75,75,0,16,16,0,21.333333333333336,21.333333333333336,0.0,1,1,2026-03-22 19:01:36
2232310604200,GD,KOMMUNE,Gräfendhron,Gräfendhron,49,49,0,48,48,0,16,16,0,33.33333333333333,33.33333333333333,0.0,1,1,2026-03-22 18:26:58
2232310605400,GD,KOMMUNE,Hilscheid,Hilscheid,166,166,0,164,164,0,31,31,0,18.902439024390244,18.902439024390244,0.0,1,1,2026-03-22 18:58:12
2232310605800,GD,KOMMUNE,Horath,Horath,257,257,0,253,253,0,118,118,0,46.6403162055336,46.6403162055336,0.0,1,1,2026-03-22 18:47:07
2232310606400,GD,KOMMUNE,Immert,Immert,103,103,0,102,102,0,28,28,0,27.450980392156865,27.450980392156865,0.0,1,1,2026-03-22 18:53:14
2232310607800,GD,KOMMUNE,Lückenburg,Lückenburg,65,65,0,64,64,0,16,16,0,25.0,25.0,0.0,1,1,2026-03-22 18:21:09
2232310607900,GD,KOMMUNE,Malborn,Malborn,697,697,0,687,687,0,187,187,0,27.219796215429405,27.219796215429405,0.0,2,2,2026-03-22 19:19:45
2232310608300,GD,KOMMUNE,Merschbach,Merschbach,40,41,1,39,39,0,8,8,0,20.51282051282051,20.51282051282051,0.0,1,1,2026-03-22 19:07:21
2232310609300,GD,KOMMUNE,Neunkirchen,Neunkirchen,102,102,0,100,100,0,35,35,0,35.0,35.0,0.0,1,1,2026-03-22 18:41:24
2232310611200,GD,KOMMUNE,Rorodt,Rorodt,30,30,0,29,29,0,5,5,0,17.24137931034483,17.24137931034483,0.0,1,1,2026-03-22 18:40:10
2232310611500,GD,KOMMUNE,Schönberg,Schönberg,148,148,0,147,147,0,46,46,0,31.292517006802722,31.292517006802722,0.0,1,1,2026-03-22 19:06:16
2232310612200,GD,KOMMUNE,Talling,Talling,127,127,0,127,127,0,32,32,0,25.196850393700785,25.196850393700785,0.0,1,1,2026-03-22 18:29:49
2232310612300,GD,KOMMUNE,Thalfang,Thalfang,1014,1014,0,1001,1001,0,324,324,0,32.36763236763237,32.36763236763237,0.0,3,3,2026-03-22 20:28:49
2232310620200,GD,KOMMUNE,Breit,Breit,209,209,0,204,204,0,88,88,0,43.13725490196079,43.13725490196079,0.0,1,1,2026-03-22 19:10:17
2232310620300,GD,KOMMUNE,Büdlich,Büdlich,127,127,0,125,125,0,50,50,0,40.0,40.0,0.0,1,1,2026-03-22 19:15:15
2232310620400,GD,KOMMUNE,Heidenburg,Heidenburg,409,409,0,403,403,0,136,136,0,33.7468982630273,33.7468982630273,0.0,1,1,2026-03-22 19:26:18
2240000000000,WK,WAHLKREIS,"Trier / Schweich, Wahlkreis","Trier / Schweich, Wahlkreis",46012,45992,-20,45625,45624,-1,16344,16342,-2,35.82246575342466,35.818867262844115,-0.003598490580543512,98,98,2026-03-22 21:25:29
2242110000000,TS,WAHLKREIS_TEIL,"Trier, Teilwahlkreis 24","Trier, Teilwahlkreis 24",7273,7273,0,7233,7233,0,2168,2168,0,29.973731508364445,29.973731508364445,0.0,18,18,2026-03-22 21:19:04
2242110000021,ST,KOMMUNENTEIL,Trier/Ehrang-Quint,Trier/Ehrang-Quint,3486,3486,0,3466,3466,0,899,899,0,25.937680323139066,25.937680323139066,0.0,8,8,2026-03-22 20:18:34
2242110000022,ST,KOMMUNENTEIL,Trier/Pfalzel,Trier/Pfalzel,1525,1525,0,1513,1513,0,484,484,0,31.98942498347654,31.98942498347654,0.0,4,4,2026-03-22 21:19:04
2242110000023,ST,KOMMUNENTEIL,Trier/Biewer,Trier/Biewer,835,835,0,830,830,0,241,241,0,29.036144578313255,29.036144578313255,0.0,2,2,2026-03-22 19:47:16
2242110000024,ST,KOMMUNENTEIL,Trier/Ruwer-Eitelsbach,Trier/Ruwer-Eitelsbach,1427,1427,0,1424,1424,0,544,544,0,38.20224719101123,38.20224719101123,0.0,4,4,2026-03-22 19:34:21
2242350000000,TK,WAHLKREIS_TEIL,"Trier-Saarburg, TK","Trier-Saarburg, TK",38739,38719,-20,38392,38391,-1,14176,14174,-2,36.92435924150865,36.9201114844625,-0.004247757046144329,80,80,2026-03-22 21:24:46
2242350400000,VG,KOMMUNE,"Ruwer, VG","Ruwer, VG",10480,10465,-15,10371,10367,-4,3686,3683,-3,35.54141355703403,35.526188868525125,-0.015224688508908457,19,19,2026-03-22 20:36:38
2242350401000,GD,KOMMUNE,Bonerath,Bonerath,170,170,0,169,169,0,61,61,0,36.09467455621302,36.09467455621302,0.0,1,1,2026-03-22 19:09:05
2242350402100,GD,KOMMUNE,Farschweiler,Farschweiler,398,398,0,388,388,0,112,112,0,28.865979381443296,28.865979381443296,0.0,1,1,2026-03-22 19:49:31
2242350403700,GD,KOMMUNE,Gusterath,Gusterath,1112,1112,0,1105,1105,0,394,394,0,35.65610859728507,35.65610859728507,0.0,1,1,2026-03-22 20:18:55
2242350403800,GD,KOMMUNE,Gutweiler,Gutweiler,463,460,-3,458,458,0,183,183,0,39.956331877729255,39.956331877729255,0.0,1,1,2026-03-22 18:52:50
2242350404400,GD,KOMMUNE,Herl,Herl,146,146,0,143,143,0,48,48,0,33.56643356643357,33.56643356643357,0.0,1,1,2026-03-22 19:30:11
2242350404600,GD,KOMMUNE,Hinzenburg,Hinzenburg,81,81,0,78,78,0,37,37,0,47.43589743589743,47.43589743589743,0.0,1,1,2026-03-22 18:30:44
2242350405000,GD,KOMMUNE,Holzerath,Holzerath,248,248,0,244,244,0,84,84,0,34.42622950819672,34.42622950819672,0.0,1,1,2026-03-22 19:15:13
2242350405600,GD,KOMMUNE,Kasel,Kasel,748,748,0,747,747,0,293,293,0,39.223560910307896,39.223560910307896,0.0,1,1,2026-03-22 19:28:19
2242350407000,GD,KOMMUNE,Korlingen,Korlingen,433,433,0,426,426,0,166,166,0,38.967136150234744,38.967136150234744,0.0,1,1,2026-03-22 19:32:07
2242350408000,GD,KOMMUNE,Lorscheid,Lorscheid,301,301,0,299,299,0,101,101,0,33.77926421404682,33.77926421404682,0.0,1,1,2026-03-22 19:15:22
2242350408500,GD,KOMMUNE,Mertesdorf,Mertesdorf,1011,1011,0,1004,1004,0,354,354,0,35.2589641434263,35.2589641434263,0.0,1,1,2026-03-22 19:25:10
2242350409000,GD,KOMMUNE,Morscheid,Morscheid,533,531,-2,528,528,0,208,208,0,39.39393939393939,39.39393939393939,0.0,1,1,2026-03-22 20:36:38
2242350410000,GD,KOMMUNE,Ollmuth,Ollmuth,107,107,0,104,104,0,40,40,0,38.46153846153847,38.46153846153847,0.0,1,1,2026-03-22 18:30:57
2242350410300,GD,KOMMUNE,Osburg,Osburg,1350,1340,-10,1338,1334,-4,421,418,-3,31.46487294469357,31.334332833583208,-0.13054011111036345,1,1,2026-03-22 19:59:17
2242350410700,GD,KOMMUNE,Pluwig,Pluwig,952,952,0,945,945,0,295,295,0,31.216931216931215,31.216931216931215,0.0,1,1,2026-03-22 20:01:44
2242350411600,GD,KOMMUNE,Riveris,Riveris,224,224,0,221,221,0,65,65,0,29.411764705882355,29.411764705882355,0.0,1,1,2026-03-22 18:55:25
2242350412400,GD,KOMMUNE,Schöndorf,Schöndorf,432,432,0,427,427,0,144,144,0,33.723653395784545,33.723653395784545,0.0,1,1,2026-03-22 19:28:35
2242350412900,GD,KOMMUNE,Sommerau,Sommerau,,,0,,,0,,,0,,,,0,0,2026-03-20 10:01:39
2242350413500,GD,KOMMUNE,Thomm,Thomm,640,640,0,631,631,0,213,213,0,33.75594294770206,33.75594294770206,0.0,1,1,2026-03-22 19:25:02
2242350414100,GD,KOMMUNE,Waldrach,Waldrach,1131,1131,0,1116,1116,0,467,467,0,41.84587813620072,41.84587813620072,0.0,1,1,2026-03-22 19:56:24
2242350600000,VG,KOMMUNE,"Schweich an der Römischen Weinstraße, VG","Schweich an der Römischen Weinstraße, VG",16715,16708,-7,16576,16576,0,6597,6597,0,39.79850386100386,39.79850386100386,0.0,27,27,2026-03-22 20:46:17
2242350600400,GD,KOMMUNE,Bekond,Bekond,594,594,0,588,588,0,200,200,0,34.01360544217687,34.01360544217687,0.0,1,1,2026-03-22 19:32:05
2242350601500,GD,KOMMUNE,Detzem,Detzem,414,413,-1,408,408,0,184,184,0,45.09803921568628,45.09803921568628,0.0,1,1,2026-03-22 19:01:11
2242350601900,GD,KOMMUNE,Ensch,Ensch,272,272,0,270,270,0,96,96,0,35.55555555555556,35.55555555555556,0.0,1,1,2026-03-22 19:27:55
2242350602200,GD,KOMMUNE,Fell,Fell,1498,1498,0,1487,1487,0,481,481,0,32.34700739744452,32.34700739744452,0.0,3,3,2026-03-22 19:25:06
2242350602600,GD,KOMMUNE,Föhren,Föhren,1745,1745,0,1736,1736,0,561,561,0,32.315668202764975,32.315668202764975,0.0,2,2,2026-03-22 20:46:17
2242350606000,GD,KOMMUNE,Kenn,Kenn,1495,1495,0,1481,1481,0,532,532,0,35.921674544226875,35.921674544226875,0.0,2,2,2026-03-22 19:50:29
2242350606300,GD,KOMMUNE,Klüsserath,Klüsserath,620,620,0,609,609,0,258,258,0,42.364532019704434,42.364532019704434,0.0,1,1,2026-03-22 19:19:20
2242350606700,GD,KOMMUNE,Köwerich,Köwerich,219,219,0,217,217,0,104,104,0,47.926267281105986,47.926267281105986,0.0,1,1,2026-03-22 18:45:17
2242350607400,GD,KOMMUNE,Leiwen,Leiwen,913,913,0,905,905,0,441,441,0,48.729281767955804,48.729281767955804,0.0,1,1,2026-03-22 19:45:47
2242350607700,GD,KOMMUNE,Longen,Longen,53,53,0,52,52,0,12,12,0,23.076923076923077,23.076923076923077,0.0,1,1,2026-03-22 19:42:53
2242350607800,GD,KOMMUNE,Longuich,Longuich,823,823,0,816,816,0,354,354,0,43.38235294117647,43.38235294117647,0.0,1,1,2026-03-22 19:17:54
2242350608300,GD,KOMMUNE,Mehring,Mehring,1386,1380,-6,1372,1372,0,618,618,0,45.04373177842565,45.04373177842565,0.0,2,2,2026-03-22 19:20:53
2242350609100,GD,KOMMUNE,Naurath (Eifel),Naurath (Eifel),192,192,0,191,191,0,60,60,0,31.413612565445025,31.413612565445025,0.0,1,1,2026-03-22 19:09:17
2242350610800,GD,KOMMUNE,Pölich,Pölich,228,228,0,227,227,0,102,102,0,44.93392070484582,44.93392070484582,0.0,1,1,2026-03-22 19:15:45
2242350611500,GD,KOMMUNE,Riol,Riol,819,819,0,812,812,0,356,356,0,43.84236453201971,43.84236453201971,0.0,1,1,2026-03-22 19:26:39
2242350612000,GD,KOMMUNE,Schleich,Schleich,144,144,0,144,144,0,80,80,0,55.55555555555556,55.55555555555556,0.0,1,1,2026-03-22 18:43:53
2242350612500,GD,KOMMUNE,Schweich,Schweich,4497,4497,0,4467,4467,0,1762,1762,0,39.44481755092903,39.44481755092903,0.0,4,4,2026-03-22 20:44:42
2242350613400,GD,KOMMUNE,Thörnich,Thörnich,134,134,0,131,131,0,64,64,0,48.854961832061065,48.854961832061065,0.0,1,1,2026-03-22 18:46:39
2242350620700,GD,KOMMUNE,Trittenheim,Trittenheim,669,669,0,663,663,0,332,332,0,50.075414781297134,50.075414781297134,0.0,1,1,2026-03-22 19:39:07
2242350700000,VG,KOMMUNE,"Trier-Land, VG","Trier-Land, VG",11544,11546,2,11445,11448,3,3893,3894,1,34.01485364788117,34.0146750524109,-0.0001785954702668846,34,34,2026-03-22 21:24:46
2242350700100,GD,KOMMUNE,Aach,Aach,509,509,0,505,505,0,176,176,0,34.85148514851485,34.85148514851485,0.0,1,1,2026-03-22 19:50:05
2242350702700,GD,KOMMUNE,Franzenheim,Franzenheim,205,205,0,203,203,0,60,60,0,29.55665024630542,29.55665024630542,0.0,1,1,2026-03-22 19:56:33
2242350704800,GD,KOMMUNE,Hockweiler,Hockweiler,189,189,0,188,188,0,58,58,0,30.851063829787233,30.851063829787233,0.0,1,1,2026-03-22 19:42:16
2242350705100,GD,KOMMUNE,Igel,Igel,1040,1042,2,1036,1037,1,421,421,0,40.63706563706564,40.59787849566056,-0.03918714140507973,2,2,2026-03-22 20:07:22
2242350706900,GD,KOMMUNE,Kordel,Kordel,1057,1057,0,1051,1051,0,284,284,0,27.021883920076117,27.021883920076117,0.0,2,2,2026-03-22 19:30:32
2242350707300,GD,KOMMUNE,Langsur,Langsur,770,770,0,759,759,0,303,303,0,39.920948616600796,39.920948616600796,0.0,4,4,2026-03-22 19:59:06
2242350709400,GD,KOMMUNE,Newel,Newel,1499,1500,1,1484,1486,2,465,466,1,31.334231805929917,31.35935397039031,0.025122164460391616,4,4,2026-03-22 21:24:46
2242350711100,GD,KOMMUNE,Ralingen,Ralingen,1099,1098,-1,1086,1086,0,387,387,0,35.635359116022094,35.635359116022094,0.0,6,6,2026-03-22 19:48:01
2242350713700,GD,KOMMUNE,Trierweiler,Trierweiler,2072,2072,0,2055,2055,0,715,715,0,34.79318734793188,34.79318734793188,0.0,4,4,2026-03-22 20:04:50
2242350715100,GD,KOMMUNE,Zemmer,Zemmer,1637,1637,0,1620,1620,0,520,520,0,32.098765432098766,32.098765432098766,0.0,4,4,2026-03-22 19:53:41
2242350750100,GD,KOMMUNE,Welschbillig,Welschbillig,1467,1467,0,1458,1458,0,504,504,0,34.5679012345679,34.5679012345679,0.0,5,5,2026-03-22 19:27:38
2250000000000,WK,WAHLKREIS,"Trier, Wahlkreis","Trier, Wahlkreis",40994,40906,-88,40643,40643,0,11143,11143,0,27.416775336466305,27.416775336466305,0.0,97,97,2026-03-22 21:09:39
2252110000000,TS,WAHLKREIS_TEIL,"Trier, Teilwahlkreis 25","Trier, Teilwahlkreis 25",40994,40906,-88,40643,40643,0,11143,11143,0,27.416775336466305,27.416775336466305,0.0,97,97,2026-03-22 20:55:56
2252110000011,ST,KOMMUNENTEIL,Trier/Mitte-Gartenfeld,Trier/Mitte-Gartenfeld,5661,5632,-29,5606,5606,0,1470,1470,0,26.221905101676775,26.221905101676775,0.0,13,13,2026-03-22 20:19:19
2252110000012,ST,KOMMUNENTEIL,Trier/Nord,Trier/Nord,5483,5483,0,5413,5413,0,1203,1203,0,22.224274893774247,22.224274893774247,0.0,16,16,2026-03-22 19:59:22
2252110000013,ST,KOMMUNENTEIL,Trier/Süd,Trier/Süd,4170,4170,0,4143,4143,0,802,802,0,19.35795317402848,19.35795317402848,0.0,9,9,2026-03-22 20:53:53
2252110000031,ST,KOMMUNENTEIL,Trier/Trier-West-Pallien,Trier/Trier-West-Pallien,2226,2226,0,2210,2210,0,410,410,0,18.552036199095024,18.552036199095024,0.0,8,8,2026-03-22 20:01:26
2252110000032,ST,KOMMUNENTEIL,Trier/Euren,Trier/Euren,1867,1867,0,1860,1860,0,555,555,0,29.838709677419356,29.838709677419356,0.0,4,4,2026-03-22 20:17:27
2252110000033,ST,KOMMUNENTEIL,Trier/Zewen,Trier/Zewen,1638,1638,0,1626,1626,0,539,539,0,33.14883148831488,33.14883148831488,0.0,4,4,2026-03-22 19:44:39
2252110000041,ST,KOMMUNENTEIL,Trier/Olewig,Trier/Olewig,1721,1721,0,1712,1712,0,537,537,0,31.366822429906545,31.366822429906545,0.0,4,4,2026-03-22 20:01:11
2252110000042,ST,KOMMUNENTEIL,Trier/Kürenz,Trier/Kürenz,3949,3890,-59,3871,3871,0,949,949,0,24.515629036424695,24.515629036424695,0.0,9,9,2026-03-22 20:07:01
2252110000043,ST,KOMMUNENTEIL,Trier/Tarforst,Trier/Tarforst,3165,3165,0,3153,3153,0,1109,1109,0,35.17285125277513,35.17285125277513,0.0,6,6,2026-03-22 19:54:51
2252110000044,ST,KOMMUNENTEIL,Trier/Filsch,Trier/Filsch,949,949,0,943,943,0,301,301,0,31.919406150583246,31.919406150583246,0.0,2,2,2026-03-22 19:42:25
2252110000045,ST,KOMMUNENTEIL,Trier/Irsch,Trier/Irsch,1285,1285,0,1275,1275,0,455,455,0,35.68627450980392,35.68627450980392,0.0,2,2,2026-03-22 20:34:57
2252110000046,ST,KOMMUNENTEIL,Trier/Kernscheid,Trier/Kernscheid,532,532,0,530,530,0,198,198,0,37.35849056603773,37.35849056603773,0.0,2,2,2026-03-22 19:14:49
2252110000051,ST,KOMMUNENTEIL,Trier/Feyen-Weismark,Trier/Feyen-Weismark,3660,3660,0,3645,3645,0,1192,1192,0,32.70233196159122,32.70233196159122,0.0,8,8,2026-03-22 20:55:56
2252110000052,ST,KOMMUNENTEIL,Trier/Heiligkreuz,Trier/Heiligkreuz,3569,3569,0,3545,3545,0,1111,1111,0,31.33991537376587,31.33991537376587,0.0,6,6,2026-03-22 20:53:05
2252110000053,ST,KOMMUNENTEIL,Trier/Mariahof,Trier/Mariahof,1119,1119,0,1111,1111,0,312,312,0,28.082808280828083,28.082808280828083,0.0,4,4,2026-03-22 19:25:44
2260000000000,WK,WAHLKREIS,"Konz / Saarburg, Wahlkreis","Konz / Saarburg, Wahlkreis",40474,40461,-13,40007,40008,1,14354,14355,1,35.87872122378584,35.88032393521296,0.0016027114271182086,97,97,2026-03-22 21:06:06
2262350000000,TK,WAHLKREIS_TEIL,"Trier-Saarburg, Teilkreis","Trier-Saarburg, Teilkreis",40474,40461,-13,40007,40008,1,14354,14355,1,35.87872122378584,35.88032393521296,0.0016027114271182086,97,97,2026-03-22 21:04:32
2262350100000,VG,KOMMUNE,"Hermeskeil, VG","Hermeskeil, VG",7892,7899,7,7786,7786,0,2584,2584,0,33.18777292576419,33.18777292576419,0.0,21,21,2026-03-22 20:23:29
2262350100500,GD,KOMMUNE,Bescheid,Bescheid,273,273,0,270,270,0,83,83,0,30.74074074074074,30.74074074074074,0.0,1,1,2026-03-22 18:45:13
2262350100800,GD,KOMMUNE,Beuren (Hochwald),Beuren (Hochwald),562,562,0,556,556,0,172,172,0,30.935251798561154,30.935251798561154,0.0,2,2,2026-03-22 19:25:05
2262350101400,GD,KOMMUNE,Damflos,Damflos,352,352,0,348,348,0,121,121,0,34.770114942528735,34.770114942528735,0.0,1,1,2026-03-22 19:07:51
2262350103000,GD,KOMMUNE,Geisfeld,Geisfeld,304,304,0,296,296,0,106,106,0,35.810810810810814,35.810810810810814,0.0,1,1,2026-03-22 18:46:33
2262350103500,GD,KOMMUNE,Grimburg,Grimburg,264,264,0,259,259,0,98,98,0,37.83783783783784,37.83783783783784,0.0,1,1,2026-03-22 19:17:00
2262350103600,GD,KOMMUNE,Gusenburg,Gusenburg,698,698,0,688,688,0,234,234,0,34.01162790697674,34.01162790697674,0.0,1,1,2026-03-22 20:19:15
2262350104500,GD,KOMMUNE,Hermeskeil,Hermeskeil,2690,2697,7,2653,2653,0,882,882,0,33.24538258575198,33.24538258575198,0.0,6,6,2026-03-22 20:23:29
2262350104700,GD,KOMMUNE,Hinzert-Pölert,Hinzert-Pölert,162,162,0,161,161,0,55,55,0,34.161490683229815,34.161490683229815,0.0,1,1,2026-03-22 18:50:56
2262350109200,GD,KOMMUNE,Naurath (Wald),Naurath (Wald),128,128,0,126,126,0,51,51,0,40.476190476190474,40.476190476190474,0.0,1,1,2026-03-22 18:32:58
2262350109300,GD,KOMMUNE,Neuhütten,Neuhütten,461,461,0,448,448,0,149,149,0,33.25892857142857,33.25892857142857,0.0,2,2,2026-03-22 19:49:32
2262350111200,GD,KOMMUNE,Rascheid,Rascheid,285,285,0,284,284,0,99,99,0,34.859154929577464,34.859154929577464,0.0,1,1,2026-03-22 18:51:19
2262350111400,GD,KOMMUNE,Reinsfeld,Reinsfeld,1344,1344,0,1330,1330,0,448,448,0,33.68421052631579,33.68421052631579,0.0,2,2,2026-03-22 19:55:41
2262350115300,GD,KOMMUNE,Züsch,Züsch,369,369,0,367,367,0,86,86,0,23.43324250681199,23.43324250681199,0.0,1,1,2026-03-22 18:57:42
2262350300000,VG,KOMMUNE,"Konz, VG","Konz, VG",15003,14996,-7,14870,14870,0,5425,5425,0,36.48285137861466,36.48285137861466,0.0,27,27,2026-03-22 20:26:11
2262350305500,GD,KOMMUNE,Kanzem,Kanzem,374,374,0,368,368,0,117,117,0,31.793478260869566,31.793478260869566,0.0,1,1,2026-03-22 20:06:10
2262350306800,GD,KOMMUNE,Konz,Konz,8271,8269,-2,8197,8197,0,2981,2981,0,36.36696352324021,36.36696352324021,0.0,13,13,2026-03-22 20:26:11
2262350309500,GD,KOMMUNE,Nittel,Nittel,960,960,0,946,946,0,342,342,0,36.1522198731501,36.1522198731501,0.0,3,3,2026-03-22 19:40:45
2262350309600,GD,KOMMUNE,Oberbillig,Oberbillig,468,468,0,466,466,0,178,178,0,38.197424892703864,38.197424892703864,0.0,1,1,2026-03-22 19:09:39
2262350310100,GD,KOMMUNE,Onsdorf,Onsdorf,85,85,0,84,84,0,31,31,0,36.904761904761905,36.904761904761905,0.0,1,1,2026-03-22 18:41:35
2262350310600,GD,KOMMUNE,Pellingen,Pellingen,683,683,0,677,677,0,283,283,0,41.802067946824224,41.802067946824224,0.0,1,1,2026-03-22 19:27:37
2262350313200,GD,KOMMUNE,Tawern,Tawern,1358,1358,0,1357,1357,0,494,494,0,36.403831982313925,36.403831982313925,0.0,2,2,2026-03-22 20:11:34
2262350313300,GD,KOMMUNE,Temmels,Temmels,332,332,0,328,328,0,108,108,0,32.926829268292686,32.926829268292686,0.0,1,1,2026-03-22 19:28:31
2262350314300,GD,KOMMUNE,Wasserliesch,Wasserliesch,1105,1100,-5,1097,1097,0,422,422,0,38.46855059252507,38.46855059252507,0.0,1,1,2026-03-22 19:51:30
2262350314400,GD,KOMMUNE,Wawern,Wawern,327,327,0,322,322,0,122,122,0,37.88819875776397,37.88819875776397,0.0,1,1,2026-03-22 19:54:33
2262350314600,GD,KOMMUNE,Wellen,Wellen,250,250,0,249,249,0,104,104,0,41.76706827309237,41.76706827309237,0.0,1,1,2026-03-22 18:50:36
2262350314800,GD,KOMMUNE,Wiltingen,Wiltingen,790,790,0,779,779,0,243,243,0,31.193838254172015,31.193838254172015,0.0,1,1,2026-03-22 20:05:56
2262350800000,VG,KOMMUNE,"Saarburg-Kell, VG","Saarburg-Kell, VG",17579,17566,-13,17351,17352,1,6345,6346,1,36.56849749293989,36.572153065928994,0.0036555729891034616,49,49,2026-03-22 21:04:32
2262350800200,GD,KOMMUNE,Ayl,Ayl,876,876,0,871,871,0,371,371,0,42.5947187141217,42.5947187141217,0.0,1,1,2026-03-22 20:06:10
2262350800300,GD,KOMMUNE,Baldringen,Baldringen,171,172,1,169,169,0,54,54,0,31.952662721893493,31.952662721893493,0.0,1,1,2026-03-22 20:09:54
2262350802500,GD,KOMMUNE,Fisch,Fisch,190,190,0,189,189,0,66,66,0,34.92063492063492,34.92063492063492,0.0,1,1,2026-03-22 20:43:29
2262350802800,GD,KOMMUNE,Freudenburg,Freudenburg,741,741,0,737,737,0,214,214,0,29.036635006784262,29.036635006784262,0.0,1,1,2026-03-22 19:35:01
2262350803300,GD,KOMMUNE,Greimerath,Greimerath,567,567,0,563,563,0,186,186,0,33.03730017761989,33.03730017761989,0.0,1,1,2026-03-22 20:48:08
2262350804000,GD,KOMMUNE,Heddert,Heddert,168,168,0,166,166,0,42,42,0,25.301204819277107,25.301204819277107,0.0,1,1,2026-03-22 19:51:10
2262350804300,GD,KOMMUNE,Hentern,Hentern,252,252,0,252,252,0,100,100,0,39.682539682539684,39.682539682539684,0.0,1,1,2026-03-22 20:36:56
2262350805200,GD,KOMMUNE,Irsch,Irsch,922,922,0,916,916,0,380,380,0,41.48471615720524,41.48471615720524,0.0,1,1,2026-03-22 20:39:47
2262350805700,GD,KOMMUNE,Kastel-Staadt,Kastel-Staadt,241,241,0,233,233,0,65,65,0,27.896995708154503,27.896995708154503,0.0,1,1,2026-03-22 20:29:36
2262350805800,GD,KOMMUNE,Kell am See,Kell am See,1176,1176,0,1157,1157,0,396,396,0,34.22644770959378,34.22644770959378,0.0,1,1,2026-03-22 20:28:50
2262350806200,GD,KOMMUNE,Kirf,Kirf,401,401,0,391,391,0,168,168,0,42.96675191815857,42.96675191815857,0.0,3,3,2026-03-22 20:36:11
2262350807200,GD,KOMMUNE,Lampaden,Lampaden,341,341,0,337,337,0,135,135,0,40.0593471810089,40.0593471810089,0.0,1,1,2026-03-22 19:35:54
2262350808100,GD,KOMMUNE,Mandern,Mandern,515,515,0,506,506,0,160,160,0,31.620553359683797,31.620553359683797,0.0,1,1,2026-03-22 20:13:40
2262350808200,GD,KOMMUNE,Mannebach,Mannebach,166,166,0,166,166,0,55,55,0,33.13253012048193,33.13253012048193,0.0,1,1,2026-03-22 18:43:31
2262350809800,GD,KOMMUNE,Ockfen,Ockfen,378,375,-3,368,368,0,153,153,0,41.57608695652174,41.57608695652174,0.0,1,1,2026-03-22 20:09:01
2262350810400,GD,KOMMUNE,Palzem,Palzem,638,638,0,633,633,0,277,277,0,43.75987361769352,43.75987361769352,0.0,6,6,2026-03-22 20:32:02
2262350810500,GD,KOMMUNE,Paschel,Paschel,145,145,0,143,143,0,47,47,0,32.86713286713287,32.86713286713287,0.0,1,1,2026-03-22 19:03:35
2262350811800,GD,KOMMUNE,Saarburg,Saarburg,3775,3765,-10,3720,3721,1,1444,1444,0,38.81720430107527,38.806772373018006,-0.010431928057265338,9,9,2026-03-22 21:04:32
2262350811900,GD,KOMMUNE,Schillingen,Schillingen,706,705,-1,700,699,-1,222,221,-1,31.71428571428571,31.616595135908444,-0.09769057837726791,1,1,2026-03-22 20:11:50
2262350812200,GD,KOMMUNE,Schoden,Schoden,477,477,0,475,475,0,187,187,0,39.36842105263158,39.36842105263158,0.0,1,1,2026-03-22 20:44:54
2262350812300,GD,KOMMUNE,Schömerich,Schömerich,64,64,0,63,63,0,19,19,0,30.158730158730158,30.158730158730158,0.0,1,1,2026-03-22 18:40:27
2262350812600,GD,KOMMUNE,Serrig,Serrig,934,934,0,929,929,0,324,324,0,34.8762109795479,34.8762109795479,0.0,1,1,2026-03-22 20:21:56
2262350813100,GD,KOMMUNE,Taben-Rodt,Taben-Rodt,425,425,0,421,421,0,122,122,0,28.978622327790976,28.978622327790976,0.0,1,1,2026-03-22 20:38:08
2262350813600,GD,KOMMUNE,Trassem,Trassem,603,603,0,589,589,0,248,248,0,42.10526315789473,42.10526315789473,0.0,1,1,2026-03-22 20:20:59
2262350814000,GD,KOMMUNE,Vierherrenborn,Vierherrenborn,122,122,0,117,118,1,53,55,2,45.2991452991453,46.61016949152542,1.311024192380117,1,1,2026-03-22 19:32:47
2262350814200,GD,KOMMUNE,Waldweiler,Waldweiler,477,477,0,468,468,0,134,134,0,28.63247863247863,28.63247863247863,0.0,1,1,2026-03-22 20:19:09
2262350814900,GD,KOMMUNE,Wincheringen,Wincheringen,889,889,0,880,880,0,317,317,0,36.02272727272727,36.02272727272727,0.0,3,3,2026-03-22 20:07:06
2262350815200,GD,KOMMUNE,Zerf,Zerf,840,840,0,820,820,0,261,261,0,31.829268292682926,31.829268292682926,0.0,1,1,2026-03-22 21:03:00
2262350815400,GD,KOMMUNE,Merzkirchen,Merzkirchen,379,379,0,372,372,0,145,145,0,38.97849462365591,38.97849462365591,0.0,4,4,2026-03-22 20:40:55
3000000000000,BZ,BEZIRK,Bezirk 3,Bezirk 3,501953,501842,-111,497766,497756,-10,136030,136023,-7,27.328101959555294,27.32724467409735,-0.0008572854579433908,989,989,2026-03-22 21:46:51
3270000000000,WK,WAHLKREIS,"Mainz I, Wahlkreis","Mainz I, Wahlkreis",42968,42968,0,42764,42764,0,7583,7583,0,17.732204658123653,17.732204658123653,0.0,79,79,2026-03-22 22:23:39
3273150000000,TS,WAHLKREIS_TEIL,"Mainz, Teilwahlkreis 27","Mainz, Teilwahlkreis 27",42968,42968,0,42764,42764,0,7583,7583,0,17.732204658123653,17.732204658123653,0.0,79,79,2026-03-22 21:07:01
3273150000015,ST,KOMMUNENTEIL,Mainz/Altstadt,Mainz/Altstadt,9472,9472,0,9437,9437,0,1791,1791,0,18.978488926565646,18.978488926565646,0.0,17,17,2026-03-22 21:07:01
3273150000016,ST,KOMMUNENTEIL,Mainz/Neustadt,Mainz/Neustadt,14428,14428,0,14377,14377,0,1758,1758,0,12.227863949363567,12.227863949363567,0.0,26,26,2026-03-22 20:20:22
3273150000024,ST,KOMMUNENTEIL,Mainz/Oberstadt,Mainz/Oberstadt,10544,10544,0,10471,10471,0,2462,2462,0,23.51255849489065,23.51255849489065,0.0,20,20,2026-03-22 20:47:18
3273150000025,ST,KOMMUNENTEIL,Mainz/Hartenberg/Münchfeld,Mainz/Hartenberg/Münchfeld,8524,8524,0,8479,8479,0,1572,1572,0,18.53992216063215,18.53992216063215,0.0,16,16,2026-03-22 20:12:50
3280000000000,WK,WAHLKREIS,"Mainz II, Wahlkreis","Mainz II, Wahlkreis",41697,41697,0,41517,41517,0,11105,11105,0,26.748079100127658,26.748079100127658,0.0,78,78,2026-03-22 22:23:46
3283150000000,TS,WAHLKREIS_TEIL,"Mainz, Teilwahlkreis 28","Mainz, Teilwahlkreis 28",41697,41697,0,41517,41517,0,11105,11105,0,26.748079100127658,26.748079100127658,0.0,78,78,2026-03-22 20:41:06
3283150000031,ST,KOMMUNENTEIL,Mainz/Mombach,Mainz/Mombach,4762,4762,0,4724,4724,0,941,941,0,19.91955969517358,19.91955969517358,0.0,11,11,2026-03-22 19:53:52
3283150000041,ST,KOMMUNENTEIL,Mainz/Gonsenheim,Mainz/Gonsenheim,12464,12464,0,12425,12425,0,3535,3535,0,28.450704225352112,28.450704225352112,0.0,21,21,2026-03-22 20:41:06
3283150000051,ST,KOMMUNENTEIL,Mainz/Bretzenheim,Mainz/Bretzenheim,10319,10319,0,10276,10276,0,2579,2579,0,25.09731413001168,25.09731413001168,0.0,19,19,2026-03-22 20:10:55
3283150000061,ST,KOMMUNENTEIL,Mainz/Hechtsheim,Mainz/Hechtsheim,7854,7854,0,7819,7819,0,2434,2434,0,31.129300422048857,31.129300422048857,0.0,14,14,2026-03-22 20:17:44
3283150000071,ST,KOMMUNENTEIL,Mainz/Weisenau,Mainz/Weisenau,6298,6298,0,6273,6273,0,1616,1616,0,25.761198788458472,25.761198788458472,0.0,13,13,2026-03-22 19:57:46
3290000000000,WK,WAHLKREIS,"Mainz III, Wahlkreis","Mainz III, Wahlkreis",32962,32962,0,32708,32705,-3,10394,10401,7,31.778158248746486,31.80247668552209,0.02431843677560508,62,62,2026-03-22 22:23:57
3293150000000,TS,WAHLKREIS_TEIL,"Mainz, Teilwahlkreis 29","Mainz, Teilwahlkreis 29",21255,21255,0,21145,21142,-3,6603,6610,7,31.227240482383543,31.264781004635324,0.03754052225178128,42,42,2026-03-22 21:19:56
3293150000042,ST,KOMMUNENTEIL,Mainz/Finthen,Mainz/Finthen,6965,6965,0,6918,6915,-3,2072,2079,7,29.950852847643826,30.065075921908896,0.11422307426506961,13,13,2026-03-22 21:19:56
3293150000052,ST,KOMMUNENTEIL,Mainz/Marienborn,Mainz/Marienborn,1903,1903,0,1896,1896,0,481,481,0,25.369198312236286,25.369198312236286,0.0,5,5,2026-03-22 19:34:00
3293150000053,ST,KOMMUNENTEIL,Mainz/Lerchenberg,Mainz/Lerchenberg,2592,2592,0,2578,2578,0,687,687,0,26.648564778898372,26.648564778898372,0.0,5,5,2026-03-22 20:08:35
3293150000054,ST,KOMMUNENTEIL,Mainz/Drais,Mainz/Drais,1937,1937,0,1933,1933,0,761,761,0,39.368856699430935,39.368856699430935,0.0,3,3,2026-03-22 19:51:54
3293150000062,ST,KOMMUNENTEIL,Mainz/Ebersheim,Mainz/Ebersheim,2948,2948,0,2936,2936,0,1039,1039,0,35.38828337874659,35.38828337874659,0.0,6,6,2026-03-22 20:07:12
3293150000072,ST,KOMMUNENTEIL,Mainz/Laubenheim,Mainz/Laubenheim,4910,4910,0,4884,4884,0,1563,1563,0,32.002457002457,32.002457002457,0.0,10,10,2026-03-22 20:03:12
3293390000000,TK,WAHLKREIS_TEIL,"Mainz-Bingen, Teilkreis","Mainz-Bingen, Teilkreis",11707,11707,0,11563,11563,0,3791,3791,0,32.785609270950445,32.785609270950445,0.0,20,20,2026-03-22 21:46:51
3293390200000,VG,KOMMUNE,"Bodenheim, VG","Bodenheim, VG",11707,11707,0,11563,11563,0,3791,3791,0,32.785609270950445,32.785609270950445,0.0,20,20,2026-03-22 21:46:51
3293390200600,GD,KOMMUNE,Bodenheim,Bodenheim,4595,4595,0,4533,4533,0,1512,1512,0,33.35539377895434,33.35539377895434,0.0,8,8,2026-03-22 20:49:14
3293390202000,GD,KOMMUNE,Gau-Bischofsheim,Gau-Bischofsheim,1289,1289,0,1280,1280,0,452,452,0,35.3125,35.3125,0.0,2,2,2026-03-22 21:46:51
3293390202600,GD,KOMMUNE,Harxheim,Harxheim,1375,1375,0,1361,1361,0,443,443,0,32.549595885378395,32.549595885378395,0.0,2,2,2026-03-22 20:08:47
3293390203400,GD,KOMMUNE,Lörzweiler,Lörzweiler,1423,1423,0,1399,1399,0,505,505,0,36.09721229449607,36.09721229449607,0.0,2,2,2026-03-22 20:40:28
3293390203900,GD,KOMMUNE,Nackenheim,Nackenheim,3025,3025,0,2990,2990,0,879,879,0,29.397993311036792,29.397993311036792,0.0,6,6,2026-03-22 20:20:05
3300000000000,WK,WAHLKREIS,"Bingen am Rhein, Wahlkreis","Bingen am Rhein, Wahlkreis",38251,38247,-4,37897,37897,0,11439,11429,-10,30.184447317729635,30.158060004749714,-0.026387312979920807,76,76,2026-03-22 21:40:06
3303390000000,TK,WAHLKREIS_TEIL,"Mainz-Bingen, Teilkreis","Mainz-Bingen, Teilkreis",38251,38247,-4,37897,37897,0,11439,11429,-10,30.184447317729635,30.158060004749714,-0.026387312979920807,76,76,2026-03-22 21:38:24
3303390000500,VF,KOMMUNE,"Bingen am Rhein, Verbandsfreie Gemeinde","Bingen am Rhein, Verbandsfreie Gemeinde",12448,12444,-4,12348,12348,0,3721,3711,-10,30.134434726271458,30.053449951409135,-0.0809847748623227,25,25,2026-03-22 20:31:49
3303390000501,ST,KOMMUNENTEIL,Bingen/Stadt,Bingen/Stadt,1839,1839,0,1831,1831,0,490,490,0,26.76133260513381,26.76133260513381,0.0,4,4,2026-03-22 19:46:59
3303390000502,ST,KOMMUNENTEIL,Bingen/Bingerbrück,Bingen/Bingerbrück,713,713,0,706,706,0,150,150,0,21.246458923512748,21.246458923512748,0.0,2,2,2026-03-22 20:28:27
3303390000503,ST,KOMMUNENTEIL,Bingen/Büdesheim,Bingen/Büdesheim,1933,1933,0,1919,1919,0,467,467,0,24.33559145388223,24.33559145388223,0.0,4,4,2026-03-22 19:50:46
3303390000504,ST,KOMMUNENTEIL,Bingen/Dietersheim,Bingen/Dietersheim,552,552,0,549,549,0,149,149,0,27.140255009107467,27.140255009107467,0.0,1,1,2026-03-22 18:54:19
3303390000505,ST,KOMMUNENTEIL,Bingen/Dromersheim,Bingen/Dromersheim,471,468,-3,460,460,0,158,158,0,34.34782608695652,34.34782608695652,0.0,1,1,2026-03-22 20:23:30
3303390000506,ST,KOMMUNENTEIL,Bingen/Gaulsheim,Bingen/Gaulsheim,292,292,0,289,289,0,79,79,0,27.33564013840831,27.33564013840831,0.0,1,1,2026-03-22 18:50:42
3303390000507,ST,KOMMUNENTEIL,Bingen/Kempten,Bingen/Kempten,559,559,0,553,553,0,150,150,0,27.124773960217,27.124773960217,0.0,1,1,2026-03-22 19:01:37
3303390000508,ST,KOMMUNENTEIL,Bingen/Sponsheim,Bingen/Sponsheim,493,493,0,489,489,0,134,124,-10,27.402862985685072,25.357873210633947,-2.044989775051125,1,1,2026-03-22 20:26:38
3303390100000,VG,KOMMUNE,"Rhein-Nahe, VG","Rhein-Nahe, VG",8638,8638,0,8557,8557,0,2564,2564,0,29.96377235012271,29.96377235012271,0.0,22,22,2026-03-22 20:00:14
3303390100300,GD,KOMMUNE,Bacharach,Bacharach,984,984,0,973,973,0,285,285,0,29.290853031860227,29.290853031860227,0.0,5,5,2026-03-22 19:36:53
3303390100700,GD,KOMMUNE,Breitscheid,Breitscheid,84,84,0,84,84,0,28,28,0,33.33333333333333,33.33333333333333,0.0,1,1,2026-03-22 18:26:34
3303390103600,GD,KOMMUNE,Manubach,Manubach,177,177,0,177,177,0,36,36,0,20.33898305084746,20.33898305084746,0.0,1,1,2026-03-22 18:49:06
3303390103800,GD,KOMMUNE,Münster-Sarmsheim,Münster-Sarmsheim,1543,1543,0,1531,1531,0,446,446,0,29.131286740692357,29.131286740692357,0.0,2,2,2026-03-22 19:58:32
3303390104000,GD,KOMMUNE,Niederheimbach,Niederheimbach,394,394,0,391,391,0,106,106,0,27.10997442455243,27.10997442455243,0.0,1,1,2026-03-22 19:07:58
3303390104400,GD,KOMMUNE,Oberdiebach,Oberdiebach,478,478,0,474,474,0,130,130,0,27.42616033755274,27.42616033755274,0.0,1,1,2026-03-22 19:32:07
3303390104500,GD,KOMMUNE,Oberheimbach,Oberheimbach,308,308,0,298,298,0,105,105,0,35.23489932885906,35.23489932885906,0.0,1,1,2026-03-22 19:00:55
3303390105800,GD,KOMMUNE,Trechtingshausen,Trechtingshausen,506,506,0,497,497,0,155,155,0,31.18712273641851,31.18712273641851,0.0,1,1,2026-03-22 19:04:04
3303390106200,GD,KOMMUNE,Waldalgesheim,Waldalgesheim,2548,2548,0,2534,2534,0,795,795,0,31.373322809786895,31.373322809786895,0.0,6,6,2026-03-22 19:48:26
3303390106300,GD,KOMMUNE,Weiler bei Bingen,Weiler bei Bingen,1616,1616,0,1598,1598,0,478,478,0,29.912390488110134,29.912390488110134,0.0,3,3,2026-03-22 20:00:14
3303390300000,VG,KOMMUNE,"Gau-Algesheim, VG","Gau-Algesheim, VG",9632,9632,0,9561,9561,0,3122,3122,0,32.653488128856814,32.653488128856814,0.0,16,16,2026-03-22 21:10:16
3303390300100,GD,KOMMUNE,Appenheim,Appenheim,883,883,0,871,871,0,277,277,0,31.802525832376578,31.802525832376578,0.0,2,2,2026-03-22 19:00:18
3303390300800,GD,KOMMUNE,Bubenheim,Bubenheim,490,490,0,486,486,0,141,141,0,29.01234567901235,29.01234567901235,0.0,1,1,2026-03-22 21:10:16
3303390301600,GD,KOMMUNE,Engelstadt,Engelstadt,394,394,0,394,394,0,117,117,0,29.695431472081218,29.695431472081218,0.0,1,1,2026-03-22 20:01:17
3303390301900,GD,KOMMUNE,Gau-Algesheim,Gau-Algesheim,3865,3865,0,3838,3838,0,1290,1290,0,33.611255862428344,33.611255862428344,0.0,6,6,2026-03-22 20:08:12
3303390304100,GD,KOMMUNE,Nieder-Hilbersheim,Nieder-Hilbersheim,378,378,0,369,369,0,105,105,0,28.455284552845526,28.455284552845526,0.0,1,1,2026-03-22 18:59:22
3303390304600,GD,KOMMUNE,Ober-Hilbersheim,Ober-Hilbersheim,592,592,0,586,586,0,172,172,0,29.351535836177472,29.351535836177472,0.0,1,1,2026-03-22 18:49:08
3303390304800,GD,KOMMUNE,Ockenheim,Ockenheim,1522,1522,0,1513,1513,0,547,547,0,36.15333773959022,36.15333773959022,0.0,2,2,2026-03-22 19:49:50
3303390305100,GD,KOMMUNE,Schwabenheim an der Selz,Schwabenheim an der Selz,1508,1508,0,1504,1504,0,473,473,0,31.449468085106385,31.449468085106385,0.0,2,2,2026-03-22 20:57:44
3303390800000,VG,KOMMUNE,"Sprendlingen-Gensingen, VG","Sprendlingen-Gensingen, VG",7533,7533,0,7431,7431,0,2032,2032,0,27.344906472883867,27.344906472883867,0.0,13,13,2026-03-22 21:38:24
3303390800200,GD,KOMMUNE,Aspisheim,Aspisheim,518,518,0,511,511,0,144,144,0,28.180039138943247,28.180039138943247,0.0,1,1,2026-03-22 19:41:49
3303390800400,GD,KOMMUNE,Badenheim,Badenheim,371,371,0,368,368,0,125,125,0,33.96739130434783,33.96739130434783,0.0,1,1,2026-03-22 21:07:00
3303390802100,GD,KOMMUNE,Gensingen,Gensingen,1878,1878,0,1862,1862,0,496,496,0,26.638023630504833,26.638023630504833,0.0,2,2,2026-03-22 21:30:40
3303390802200,GD,KOMMUNE,Grolsheim,Grolsheim,675,675,0,664,664,0,177,177,0,26.656626506024097,26.656626506024097,0.0,2,2,2026-03-22 21:10:11
3303390802900,GD,KOMMUNE,Horrweiler,Horrweiler,462,462,0,452,452,0,135,135,0,29.867256637168143,29.867256637168143,0.0,1,1,2026-03-22 21:21:36
3303390805000,GD,KOMMUNE,Sankt Johann,Sankt Johann,458,458,0,457,457,0,94,94,0,20.568927789934357,20.568927789934357,0.0,1,1,2026-03-22 20:30:21
3303390805600,GD,KOMMUNE,Sprendlingen,Sprendlingen,1946,1946,0,1910,1910,0,508,508,0,26.596858638743452,26.596858638743452,0.0,2,2,2026-03-22 21:38:24
3303390806500,GD,KOMMUNE,Welgesheim,Welgesheim,360,360,0,354,354,0,92,92,0,25.98870056497175,25.98870056497175,0.0,1,1,2026-03-22 19:00:33
3303390806800,GD,KOMMUNE,Zotzenheim,Zotzenheim,378,378,0,372,372,0,105,105,0,28.225806451612907,28.225806451612907,0.0,1,1,2026-03-22 19:40:57
3303390820200,GD,KOMMUNE,Wolfsheim,Wolfsheim,487,487,0,481,481,0,156,156,0,32.432432432432435,32.432432432432435,0.0,1,1,2026-03-22 19:32:44
3310000000000,WK,WAHLKREIS,"Ingelheim am Rhein, Wahlkreis","Ingelheim am Rhein, Wahlkreis",41178,41176,-2,40750,40750,0,12759,12759,0,31.310429447852762,31.310429447852762,0.0,106,106,2026-03-22 21:35:43
3313390000000,TK,WAHLKREIS_TEIL,"Mainz-Bingen, Teilkreis","Mainz-Bingen, Teilkreis",41178,41176,-2,40750,40750,0,12759,12759,0,31.310429447852762,31.310429447852762,0.0,106,106,2026-03-22 21:34:05
3313390000900,VF,KOMMUNE,"Budenheim, Verbandsfreie Gemeinde","Budenheim, Verbandsfreie Gemeinde",4008,4008,0,3985,3985,0,1277,1277,0,32.04516938519448,32.04516938519448,0.0,6,6,2026-03-22 19:57:29
3313390003000,VF,KOMMUNE,"Ingelheim am Rhein, Verbandsfreie Gemeinde","Ingelheim am Rhein, Verbandsfreie Gemeinde",18368,18365,-3,18146,18146,0,5529,5529,0,30.469524964179435,30.469524964179435,0.0,58,58,2026-03-22 21:28:33
3313390003001,ST,KOMMUNENTEIL,Ingelheim/Mitte,Ingelheim/Mitte,5229,5229,0,5158,5158,0,1638,1638,0,31.756494765412953,31.756494765412953,0.0,14,14,2026-03-22 20:54:26
3313390003002,ST,KOMMUNENTEIL,Ingelheim/Süd,Ingelheim/Süd,2331,2331,0,2301,2301,0,693,693,0,30.117340286831812,30.117340286831812,0.0,8,8,2026-03-22 20:18:07
3313390003003,ST,KOMMUNENTEIL,Ingelheim/Nord,Ingelheim/Nord,2429,2429,0,2396,2396,0,712,712,0,29.716193656093488,29.716193656093488,0.0,10,10,2026-03-22 20:24:38
3313390003004,ST,KOMMUNENTEIL,Ingelheim/West,Ingelheim/West,2193,2190,-3,2163,2163,0,671,671,0,31.021729079981508,31.021729079981508,0.0,10,10,2026-03-22 20:23:04
3313390003006,ST,KOMMUNENTEIL,Ingelheim/Großwinternheim,Ingelheim/Großwinternheim,837,837,0,832,832,0,279,279,0,33.53365384615385,33.53365384615385,0.0,2,2,2026-03-22 20:00:11
3313390003007,ST,KOMMUNENTEIL,Heidesheim,Heidesheim,3848,3848,0,3809,3809,0,1138,1138,0,29.87660803360462,29.87660803360462,0.0,10,10,2026-03-22 21:28:33
3313390003008,ST,KOMMUNENTEIL,Wackernheim,Wackernheim,1501,1501,0,1487,1487,0,398,398,0,26.76529926025555,26.76529926025555,0.0,4,4,2026-03-22 21:01:35
3313390600000,VG,KOMMUNE,"Nieder-Olm, VG","Nieder-Olm, VG",18802,18803,1,18619,18619,0,5953,5953,0,31.972716042752026,31.972716042752026,0.0,42,42,2026-03-22 21:34:05
3313390601700,GD,KOMMUNE,Essenheim,Essenheim,1983,1983,0,1959,1959,0,568,568,0,28.99438489025013,28.99438489025013,0.0,4,4,2026-03-22 19:42:32
3313390603100,GD,KOMMUNE,Jugenheim in Rheinhessen,Jugenheim in Rheinhessen,992,992,0,980,980,0,323,323,0,32.95918367346939,32.95918367346939,0.0,2,2,2026-03-22 21:28:35
3313390603200,GD,KOMMUNE,Klein-Winternheim,Klein-Winternheim,2035,2035,0,2015,2015,0,723,723,0,35.88089330024814,35.88089330024814,0.0,6,6,2026-03-22 19:40:45
3313390604200,GD,KOMMUNE,Nieder-Olm,Nieder-Olm,5514,5514,0,5465,5465,0,1667,1667,0,30.503202195791403,30.503202195791403,0.0,10,10,2026-03-22 19:48:57
3313390604700,GD,KOMMUNE,Ober-Olm,Ober-Olm,2465,2465,0,2446,2446,0,750,750,0,30.662305805396567,30.662305805396567,0.0,6,6,2026-03-22 21:34:05
3313390605400,GD,KOMMUNE,Sörgenloch,Sörgenloch,692,692,0,679,679,0,242,242,0,35.640648011782034,35.640648011782034,0.0,2,2,2026-03-22 19:31:58
3313390605700,GD,KOMMUNE,Stadecken-Elsheim,Stadecken-Elsheim,2873,2874,1,2843,2843,0,917,917,0,32.254660569820615,32.254660569820615,0.0,7,7,2026-03-22 19:59:55
3313390606700,GD,KOMMUNE,Zornheim,Zornheim,2248,2248,0,2232,2232,0,763,763,0,34.18458781362007,34.18458781362007,0.0,5,5,2026-03-22 20:00:13
3320000000000,WK,WAHLKREIS,"Rhein-Selz / Wonnegau, Wahlkreis","Rhein-Selz / Wonnegau, Wahlkreis",48220,48167,-53,47736,47732,-4,12816,12817,1,26.84766214177979,26.852007039302773,0.004344897522983615,70,70,2026-03-22 21:37:28
3323310000000,TK,WAHLKREIS_TEIL,"Alzey-Worms, Teilkreis","Alzey-Worms, Teilkreis",24701,24651,-50,24408,24408,0,6323,6323,0,25.90544083906916,25.90544083906916,0.0,40,40,2026-03-22 20:53:08
3323310200000,VG,KOMMUNE,"Eich, VG","Eich, VG",7271,7271,0,7203,7203,0,1679,1679,0,23.309732056087743,23.309732056087743,0.0,12,12,2026-03-22 20:11:13
3323310200200,GD,KOMMUNE,Alsheim,Alsheim,1572,1572,0,1558,1558,0,380,380,0,24.390243902439025,24.390243902439025,0.0,3,3,2026-03-22 19:31:35
3323310201800,GD,KOMMUNE,Eich,Eich,1925,1925,0,1913,1913,0,444,444,0,23.20961840041819,23.20961840041819,0.0,3,3,2026-03-22 20:11:13
3323310203400,GD,KOMMUNE,Gimbsheim,Gimbsheim,1702,1702,0,1687,1687,0,363,363,0,21.51748666271488,21.51748666271488,0.0,3,3,2026-03-22 19:37:19
3323310203800,GD,KOMMUNE,Hamm am Rhein,Hamm am Rhein,1131,1131,0,1120,1120,0,249,249,0,22.232142857142854,22.232142857142854,0.0,2,2,2026-03-22 19:28:56
3323310204500,GD,KOMMUNE,Mettenheim,Mettenheim,941,941,0,925,925,0,243,243,0,26.270270270270267,26.270270270270267,0.0,1,1,2026-03-22 19:49:42
3323310300000,VG,KOMMUNE,"Monsheim, VG","Monsheim, VG",6272,6223,-49,6183,6183,0,1697,1697,0,27.44622351609251,27.44622351609251,0.0,7,7,2026-03-22 20:17:31
3323310302300,GD,KOMMUNE,Flörsheim-Dalsheim,Flörsheim-Dalsheim,1873,1861,-12,1854,1854,0,491,491,0,26.483279395900755,26.483279395900755,0.0,1,1,2026-03-22 19:42:25
3323310304100,GD,KOMMUNE,Hohen-Sülzen,Hohen-Sülzen,462,460,-2,460,460,0,112,112,0,24.347826086956523,24.347826086956523,0.0,1,1,2026-03-22 20:17:31
3323310304600,GD,KOMMUNE,Mölsheim,Mölsheim,357,352,-5,350,350,0,71,71,0,20.285714285714285,20.285714285714285,0.0,1,1,2026-03-22 19:10:17
3323310304700,GD,KOMMUNE,Mörstadt,Mörstadt,619,619,0,616,616,0,183,183,0,29.707792207792206,29.707792207792206,0.0,1,1,2026-03-22 19:18:12
3323310304800,GD,KOMMUNE,Monsheim,Monsheim,1480,1459,-21,1445,1445,0,496,496,0,34.325259515570934,34.325259515570934,0.0,1,1,2026-03-22 19:47:45
3323310305400,GD,KOMMUNE,Offstein,Offstein,1007,998,-9,986,986,0,219,219,0,22.210953346855984,22.210953346855984,0.0,1,1,2026-03-22 19:44:26
3323310306600,GD,KOMMUNE,Wachenheim,Wachenheim,474,474,0,472,472,0,125,125,0,26.48305084745763,26.48305084745763,0.0,1,1,2026-03-22 19:30:19
3323310700000,VG,KOMMUNE,"Wonnegau, VG","Wonnegau, VG",11158,11157,-1,11022,11022,0,2947,2947,0,26.737434222464163,26.737434222464163,0.0,21,21,2026-03-22 20:53:08
3323310700600,GD,KOMMUNE,Bechtheim,Bechtheim,921,921,0,906,906,0,234,234,0,25.82781456953642,25.82781456953642,0.0,2,2,2026-03-22 19:32:33
3323310700900,GD,KOMMUNE,Bermersheim,Bermersheim,195,195,0,193,193,0,56,56,0,29.015544041450774,29.015544041450774,0.0,1,1,2026-03-22 19:11:51
3323310701100,GD,KOMMUNE,Hochborn,Hochborn,238,238,0,237,237,0,50,50,0,21.09704641350211,21.09704641350211,0.0,1,1,2026-03-22 18:50:38
3323310701500,GD,KOMMUNE,Dittelsheim-Heßloch,Dittelsheim-Heßloch,1148,1148,0,1140,1140,0,329,329,0,28.859649122807017,28.859649122807017,0.0,2,2,2026-03-22 19:46:15
3323310702800,GD,KOMMUNE,Frettenheim,Frettenheim,200,199,-1,196,196,0,50,50,0,25.510204081632654,25.510204081632654,0.0,1,1,2026-03-22 18:52:01
3323310703600,GD,KOMMUNE,Gundersheim,Gundersheim,922,922,0,915,915,0,246,246,0,26.885245901639344,26.885245901639344,0.0,2,2,2026-03-22 19:41:08
3323310703700,GD,KOMMUNE,Gundheim,Gundheim,630,630,0,622,622,0,203,203,0,32.636655948553056,32.636655948553056,0.0,1,1,2026-03-22 19:23:01
3323310703900,GD,KOMMUNE,Hangen-Weisheim,Hangen-Weisheim,247,247,0,247,247,0,59,59,0,23.88663967611336,23.88663967611336,0.0,1,1,2026-03-22 19:07:33
3323310704900,GD,KOMMUNE,Monzernheim,Monzernheim,316,316,0,306,306,0,77,77,0,25.163398692810457,25.163398692810457,0.0,1,1,2026-03-22 20:08:06
3323310705500,GD,KOMMUNE,"Osthofen, Stadt","Osthofen, Stadt",4438,4438,0,4385,4385,0,1073,1073,0,24.469783352337515,24.469783352337515,0.0,6,6,2026-03-22 20:34:09
3323310707100,GD,KOMMUNE,Westhofen,Westhofen,1903,1903,0,1875,1875,0,570,570,0,30.4,30.4,0.0,3,3,2026-03-22 20:53:08
3323390000000,TK,WAHLKREIS_TEIL,"Mainz-Bingen, Teilkreis","Mainz-Bingen, Teilkreis",23519,23516,-3,23328,23324,-4,6493,6494,1,27.83350480109739,27.84256559766764,0.009060796570249607,30,30,2026-03-22 21:36:26
3323390700000,VG,KOMMUNE,"Rhein-Selz, VG","Rhein-Selz, VG",23519,23516,-3,23328,23324,-4,6493,6494,1,27.83350480109739,27.84256559766764,0.009060796570249607,30,30,2026-03-22 21:36:26
3323390701000,GD,KOMMUNE,Dalheim,Dalheim,645,645,0,641,641,0,177,177,0,27.613104524180965,27.613104524180965,0.0,1,1,2026-03-22 19:26:15
3323390701100,GD,KOMMUNE,Dexheim,Dexheim,866,866,0,861,861,0,234,234,0,27.177700348432055,27.177700348432055,0.0,1,1,2026-03-22 19:53:29
3323390701200,GD,KOMMUNE,Dienheim,Dienheim,1318,1313,-5,1304,1304,0,301,301,0,23.08282208588957,23.08282208588957,0.0,2,2,2026-03-22 20:06:57
3323390701300,GD,KOMMUNE,Dolgesheim,Dolgesheim,584,584,0,580,580,0,178,178,0,30.689655172413794,30.689655172413794,0.0,1,1,2026-03-22 19:16:06
3323390701500,GD,KOMMUNE,Eimsheim,Eimsheim,334,334,0,332,332,0,109,109,0,32.831325301204814,32.831325301204814,0.0,1,1,2026-03-22 18:38:00
3323390701800,GD,KOMMUNE,Friesenheim,Friesenheim,468,468,0,461,461,0,147,147,0,31.887201735357916,31.887201735357916,0.0,1,1,2026-03-22 19:12:45
3323390702400,GD,KOMMUNE,Guntersblum,Guntersblum,2212,2212,0,2183,2183,0,607,607,0,27.805771873568485,27.805771873568485,0.0,2,2,2026-03-22 20:31:49
3323390702500,GD,KOMMUNE,Hahnheim,Hahnheim,944,946,2,939,939,0,267,267,0,28.434504792332266,28.434504792332266,0.0,1,1,2026-03-22 19:12:25
3323390702800,GD,KOMMUNE,Hillesheim,Hillesheim,381,381,0,379,379,0,97,97,0,25.593667546174142,25.593667546174142,0.0,1,1,2026-03-22 18:56:36
3323390703300,GD,KOMMUNE,Köngernheim,Köngernheim,819,819,0,814,814,0,253,253,0,31.08108108108108,31.08108108108108,0.0,1,1,2026-03-22 18:58:58
3323390703500,GD,KOMMUNE,Ludwigshöhe,Ludwigshöhe,343,343,0,343,343,0,99,99,0,28.86297376093295,28.86297376093295,0.0,1,1,2026-03-22 19:11:13
3323390703700,GD,KOMMUNE,Mommenheim,Mommenheim,1767,1767,0,1752,1752,0,516,516,0,29.45205479452055,29.45205479452055,0.0,2,2,2026-03-22 19:50:17
3323390704300,GD,KOMMUNE,"Nierstein, St","Nierstein, St",4579,4579,0,4545,4541,-4,1305,1306,1,28.71287128712871,28.760184981281654,0.04731369415294395,4,4,2026-03-22 21:27:47
3323390704900,GD,KOMMUNE,Oppenheim,Oppenheim,3797,3797,0,3766,3766,0,897,897,0,23.81837493361657,23.81837493361657,0.0,4,4,2026-03-22 21:36:26
3323390705300,GD,KOMMUNE,Selzen,Selzen,937,937,0,927,927,0,265,265,0,28.58683926645092,28.58683926645092,0.0,1,1,2026-03-22 19:41:59
3323390705900,GD,KOMMUNE,Uelversheim,Uelversheim,672,672,0,665,665,0,191,191,0,28.721804511278194,28.721804511278194,0.0,1,1,2026-03-22 21:36:17
3323390706000,GD,KOMMUNE,Undenheim,Undenheim,1682,1682,0,1679,1679,0,491,491,0,29.243597379392494,29.243597379392494,0.0,2,2,2026-03-22 20:51:26
3323390706400,GD,KOMMUNE,Weinolsheim,Weinolsheim,446,446,0,441,441,0,140,140,0,31.746031746031743,31.746031746031743,0.0,1,1,2026-03-22 19:11:55
3323390706600,GD,KOMMUNE,Wintersheim,Wintersheim,191,191,0,189,189,0,64,64,0,33.86243386243386,33.86243386243386,0.0,1,1,2026-03-22 19:13:10
3323390720100,GD,KOMMUNE,Dorn-Dürkheim,Dorn-Dürkheim,534,534,0,527,527,0,155,155,0,29.411764705882355,29.411764705882355,0.0,1,1,2026-03-22 19:26:53
3330000000000,WK,WAHLKREIS,"Worms, Wahlkreis","Worms, Wahlkreis",34409,34406,-3,34022,34022,0,8656,8656,0,25.442360825348302,25.442360825348302,0.0,82,82,2026-03-22 21:20:07
3333190000000,KS,KREIS_ODER_STADT,"Worms, Kreisfreie Stadt","Worms, Kreisfreie Stadt",34409,34406,-3,34022,34022,0,8656,8656,0,25.442360825348302,25.442360825348302,0.0,82,82,2026-03-22 21:18:23
3333190000001,ST,KOMMUNENTEIL,Worms/Stadtzentrum,Worms/Stadtzentrum,1901,1901,0,1877,1877,0,381,381,0,20.2983484283431,20.2983484283431,0.0,5,5,2026-03-22 21:11:01
3333190000011,ST,KOMMUNENTEIL,Worms/Süd,Worms/Süd,1310,1310,0,1297,1297,0,215,215,0,16.576715497301464,16.576715497301464,0.0,3,3,2026-03-22 19:44:48
3333190000012,ST,KOMMUNENTEIL,Worms/Karl-Marx-Siedlung,Worms/Karl-Marx-Siedlung,550,550,0,543,543,0,117,117,0,21.54696132596685,21.54696132596685,0.0,2,2,2026-03-22 19:46:22
3333190000021,ST,KOMMUNENTEIL,Worms/Nord,Worms/Nord,1828,1828,0,1805,1805,0,264,264,0,14.626038781163436,14.626038781163436,0.0,6,6,2026-03-22 19:39:09
3333190000031,ST,KOMMUNENTEIL,Worms/West,Worms/West,4119,4119,0,4064,4064,0,948,948,0,23.326771653543307,23.326771653543307,0.0,9,9,2026-03-22 21:18:23
3333190000032,ST,KOMMUNENTEIL,Worms/Südwest,Worms/Südwest,509,509,0,498,498,0,108,108,0,21.686746987951807,21.686746987951807,0.0,2,2,2026-03-22 20:14:11
3333190000041,ST,KOMMUNENTEIL,Worms/Pfiffligheim,Worms/Pfiffligheim,1608,1608,0,1594,1594,0,474,474,0,29.73651191969887,29.73651191969887,0.0,4,4,2026-03-22 19:51:37
3333190000042,ST,KOMMUNENTEIL,Worms/Hochheim,Worms/Hochheim,1850,1850,0,1825,1825,0,545,545,0,29.863013698630137,29.863013698630137,0.0,4,4,2026-03-22 21:07:42
3333190000043,ST,KOMMUNENTEIL,Worms/Neuhausen,Worms/Neuhausen,3667,3667,0,3619,3619,0,744,744,0,20.5581652390163,20.5581652390163,0.0,10,10,2026-03-22 19:40:52
3333190000044,ST,KOMMUNENTEIL,Worms/Herrnsheim,Worms/Herrnsheim,2856,2856,0,2832,2832,0,781,781,0,27.57768361581921,27.57768361581921,0.0,6,6,2026-03-22 20:30:45
3333190000045,ST,KOMMUNENTEIL,Worms/Leiselheim,Worms/Leiselheim,1219,1219,0,1212,1212,0,399,399,0,32.92079207920792,32.92079207920792,0.0,2,2,2026-03-22 19:37:13
3333190000051,ST,KOMMUNENTEIL,Worms/Horchheim,Worms/Horchheim,2338,2338,0,2320,2320,0,709,709,0,30.560344827586206,30.560344827586206,0.0,5,5,2026-03-22 20:16:30
3333190000052,ST,KOMMUNENTEIL,Worms/Weinsheim,Worms/Weinsheim,1497,1497,0,1484,1484,0,437,437,0,29.447439353099732,29.447439353099732,0.0,2,2,2026-03-22 19:40:16
3333190000053,ST,KOMMUNENTEIL,Worms/Wiesoppenheim,Worms/Wiesoppenheim,1040,1040,0,1033,1033,0,335,335,0,32.4298160696999,32.4298160696999,0.0,2,2,2026-03-22 19:21:33
3333190000054,ST,KOMMUNENTEIL,Worms/Heppenheim,Worms/Heppenheim,1128,1128,0,1114,1114,0,306,306,0,27.468581687612208,27.468581687612208,0.0,2,2,2026-03-22 20:50:31
3333190000061,ST,KOMMUNENTEIL,Worms/Pfeddersheim,Worms/Pfeddersheim,3746,3746,0,3707,3707,0,955,955,0,25.76207175613704,25.76207175613704,0.0,9,9,2026-03-22 19:33:46
3333190000062,ST,KOMMUNENTEIL,Worms/Abenheim,Worms/Abenheim,1440,1440,0,1420,1420,0,439,439,0,30.915492957746476,30.915492957746476,0.0,4,4,2026-03-22 20:16:06
3333190000071,ST,KOMMUNENTEIL,Worms/Rheindürkheim,Worms/Rheindürkheim,1451,1448,-3,1434,1434,0,409,409,0,28.521617852161786,28.521617852161786,0.0,3,3,2026-03-22 20:24:03
3333190000072,ST,KOMMUNENTEIL,Worms/Ibersheim,Worms/Ibersheim,352,352,0,344,344,0,90,90,0,26.16279069767442,26.16279069767442,0.0,2,2,2026-03-22 19:57:25
3340000000000,WK,WAHLKREIS,"Alzey, Wahlkreis","Alzey, Wahlkreis",46192,46164,-28,45783,45785,2,11935,11935,0,26.068628093397113,26.067489352407996,-0.0011387409891163713,88,88,2026-03-22 21:34:43
3343310000000,TK,WAHLKREIS_TEIL,"Alzey-Worms, Teilkreis","Alzey-Worms, Teilkreis",46192,46164,-28,45783,45785,2,11935,11935,0,26.068628093397113,26.067489352407996,-0.0011387409891163713,88,88,2026-03-22 21:26:26
3343310000300,VF,KOMMUNE,"Alzey, Verbandsfreie Gemeinde","Alzey, Verbandsfreie Gemeinde",8662,8662,0,8582,8583,1,2115,2115,0,24.644604987182475,24.641733659559595,-0.0028713276228806706,15,15,2026-03-22 19:58:15
3343310000301,ST,KOMMUNENTEIL,Stadt,Stadt,6668,6668,0,6602,6603,1,1563,1563,0,23.674644047258404,23.671058609722852,-0.0035854375355519608,10,10,2026-03-22 19:58:15
3343310000302,ST,KOMMUNENTEIL,Dautenheim,Dautenheim,265,265,0,262,262,0,69,69,0,26.33587786259542,26.33587786259542,0.0,1,1,2026-03-22 19:03:47
3343310000303,ST,KOMMUNENTEIL,Schafhausen,Schafhausen,181,181,0,180,180,0,41,41,0,22.77777777777778,22.77777777777778,0.0,1,1,2026-03-22 18:42:07
3343310000304,ST,KOMMUNENTEIL,Heimersheim,Heimersheim,496,496,0,494,494,0,135,135,0,27.327935222672068,27.327935222672068,0.0,1,1,2026-03-22 19:21:20
3343310000305,ST,KOMMUNENTEIL,Weinheim,Weinheim,1052,1052,0,1044,1044,0,307,307,0,29.40613026819923,29.40613026819923,0.0,2,2,2026-03-22 19:36:34
3343310100000,VG,KOMMUNE,"Alzey-Land, VG","Alzey-Land, VG",14905,14879,-26,14759,14760,1,3592,3592,0,24.337692255572872,24.336043360433603,-0.0016488951392688023,30,30,2026-03-22 21:26:26
3343310100100,GD,KOMMUNE,Albig,Albig,962,962,0,957,957,0,218,218,0,22.77951933124347,22.77951933124347,0.0,1,1,2026-03-22 19:42:57
3343310100500,GD,KOMMUNE,Bechenheim,Bechenheim,286,286,0,286,286,0,55,55,0,19.230769230769234,19.230769230769234,0.0,1,1,2026-03-22 19:09:11
3343310100700,GD,KOMMUNE,Bechtolsheim,Bechtolsheim,1055,1055,0,1052,1052,0,260,260,0,24.714828897338403,24.714828897338403,0.0,2,2,2026-03-22 19:39:34
3343310100800,GD,KOMMUNE,Bermersheim vor der Höhe,Bermersheim vor der Höhe,243,241,-2,239,239,0,61,61,0,25.523012552301257,25.523012552301257,0.0,1,1,2026-03-22 19:36:09
3343310101000,GD,KOMMUNE,Biebelnheim,Biebelnheim,431,428,-3,423,423,0,119,119,0,28.132387706855795,28.132387706855795,0.0,1,1,2026-03-22 19:23:53
3343310101200,GD,KOMMUNE,Bornheim,Bornheim,439,439,0,438,438,0,96,96,0,21.91780821917808,21.91780821917808,0.0,1,1,2026-03-22 19:25:46
3343310101400,GD,KOMMUNE,Dintesheim,Dintesheim,107,107,0,103,103,0,22,22,0,21.35922330097087,21.35922330097087,0.0,1,1,2026-03-22 18:53:53
3343310102000,GD,KOMMUNE,Eppelsheim,Eppelsheim,710,710,0,706,707,1,159,159,0,22.521246458923514,22.48939179632249,-0.031854662601023875,1,1,2026-03-22 21:26:26
3343310102100,GD,KOMMUNE,Erbes-Büdesheim,Erbes-Büdesheim,846,839,-7,832,832,0,242,242,0,29.086538461538463,29.086538461538463,0.0,1,1,2026-03-22 19:41:20
3343310102200,GD,KOMMUNE,Esselborn,Esselborn,249,249,0,248,248,0,57,57,0,22.983870967741936,22.983870967741936,0.0,1,1,2026-03-22 19:23:25
3343310102400,GD,KOMMUNE,Flomborn,Flomborn,579,579,0,576,576,0,138,138,0,23.958333333333336,23.958333333333336,0.0,1,1,2026-03-22 20:25:53
3343310102500,GD,KOMMUNE,Flonheim,Flonheim,1613,1611,-2,1601,1601,0,415,415,0,25.921299188007495,25.921299188007495,0.0,3,3,2026-03-22 20:06:37
3343310102600,GD,KOMMUNE,Framersheim,Framersheim,902,902,0,896,896,0,229,229,0,25.558035714285715,25.558035714285715,0.0,1,1,2026-03-22 20:42:25
3343310102700,GD,KOMMUNE,Freimersheim,Freimersheim,383,383,0,380,380,0,87,87,0,22.894736842105264,22.894736842105264,0.0,1,1,2026-03-22 19:07:30
3343310103100,GD,KOMMUNE,Gau-Heppenheim,Gau-Heppenheim,337,337,0,335,335,0,58,58,0,17.313432835820898,17.313432835820898,0.0,1,1,2026-03-22 18:59:51
3343310103200,GD,KOMMUNE,Gau-Odernheim,Gau-Odernheim,2442,2442,0,2427,2427,0,605,605,0,24.927894519983518,24.927894519983518,0.0,4,4,2026-03-22 19:44:57
3343310104200,GD,KOMMUNE,Kettenheim,Kettenheim,208,206,-2,203,203,0,47,47,0,23.15270935960591,23.15270935960591,0.0,1,1,2026-03-22 19:11:16
3343310104300,GD,KOMMUNE,Lonsheim,Lonsheim,347,347,0,338,338,0,96,96,0,28.402366863905325,28.402366863905325,0.0,1,1,2026-03-22 18:44:37
3343310104400,GD,KOMMUNE,Mauchenheim,Mauchenheim,570,568,-2,563,563,0,113,113,0,20.071047957371228,20.071047957371228,0.0,1,1,2026-03-22 19:50:02
3343310105000,GD,KOMMUNE,Nack,Nack,352,351,-1,343,343,0,77,77,0,22.448979591836736,22.448979591836736,0.0,1,1,2026-03-22 19:20:38
3343310105100,GD,KOMMUNE,Nieder-Wiesen,Nieder-Wiesen,362,362,0,358,358,0,69,69,0,19.273743016759777,19.273743016759777,0.0,1,1,2026-03-22 19:13:01
3343310105200,GD,KOMMUNE,Ober-Flörsheim,Ober-Flörsheim,745,745,0,736,736,0,179,179,0,24.320652173913043,24.320652173913043,0.0,1,1,2026-03-22 19:16:58
3343310105300,GD,KOMMUNE,Offenheim,Offenheim,412,405,-7,394,394,0,111,111,0,28.17258883248731,28.17258883248731,0.0,1,1,2026-03-22 20:29:16
3343310106700,GD,KOMMUNE,Wahlheim,Wahlheim,325,325,0,325,325,0,79,79,0,24.307692307692307,24.307692307692307,0.0,1,1,2026-03-22 19:53:12
3343310500000,VG,KOMMUNE,"Wöllstein, VG","Wöllstein, VG",6492,6492,0,6434,6434,0,1750,1750,0,27.199253963319865,27.199253963319865,0.0,13,13,2026-03-22 19:46:38
3343310501700,GD,KOMMUNE,Eckelsheim,Eckelsheim,253,253,0,252,252,0,51,51,0,20.238095238095237,20.238095238095237,0.0,1,1,2026-03-22 19:09:24
3343310503000,GD,KOMMUNE,Gau-Bickelheim,Gau-Bickelheim,1158,1158,0,1145,1145,0,406,406,0,35.45851528384279,35.45851528384279,0.0,2,2,2026-03-22 19:46:38
3343310503500,GD,KOMMUNE,Gumbsheim,Gumbsheim,389,389,0,387,387,0,97,97,0,25.064599483204137,25.064599483204137,0.0,1,1,2026-03-22 19:38:09
3343310506000,GD,KOMMUNE,Siefersheim,Siefersheim,772,772,0,764,764,0,194,194,0,25.392670157068064,25.392670157068064,0.0,1,1,2026-03-22 19:23:36
3343310506200,GD,KOMMUNE,Stein-Bockenheim,Stein-Bockenheim,363,363,0,362,362,0,97,97,0,26.795580110497237,26.795580110497237,0.0,1,1,2026-03-22 19:31:44
3343310507000,GD,KOMMUNE,Wendelsheim,Wendelsheim,767,767,0,762,762,0,212,212,0,27.821522309711288,27.821522309711288,0.0,2,2,2026-03-22 19:17:24
3343310507200,GD,KOMMUNE,Wöllstein,Wöllstein,2235,2235,0,2210,2210,0,558,558,0,25.248868778280542,25.248868778280542,0.0,4,4,2026-03-22 19:45:19
3343310507500,GD,KOMMUNE,Wonsheim,Wonsheim,555,555,0,552,552,0,135,135,0,24.456521739130434,24.456521739130434,0.0,1,1,2026-03-22 19:18:46
3343310600000,VG,KOMMUNE,"Wörrstadt, VG","Wörrstadt, VG",16133,16131,-2,16008,16008,0,4478,4478,0,27.973513243378314,27.973513243378314,0.0,30,30,2026-03-22 20:20:15
3343310600400,GD,KOMMUNE,Armsheim,Armsheim,1450,1450,0,1438,1438,0,373,373,0,25.938803894297635,25.938803894297635,0.0,2,2,2026-03-22 20:20:15
3343310601900,GD,KOMMUNE,Ensheim,Ensheim,283,283,0,280,280,0,76,76,0,27.142857142857142,27.142857142857142,0.0,1,1,2026-03-22 18:38:55
3343310602900,GD,KOMMUNE,Gabsheim,Gabsheim,425,425,0,419,419,0,167,167,0,39.856801909307876,39.856801909307876,0.0,1,1,2026-03-22 19:24:22
3343310603300,GD,KOMMUNE,Gau-Weinheim,Gau-Weinheim,358,355,-3,355,355,0,105,105,0,29.577464788732392,29.577464788732392,0.0,1,1,2026-03-22 18:53:01
3343310605600,GD,KOMMUNE,Partenheim,Partenheim,897,897,0,886,886,0,222,222,0,25.056433408577877,25.056433408577877,0.0,2,2,2026-03-22 19:08:41
3343310605800,GD,KOMMUNE,Saulheim,Saulheim,4232,4232,0,4207,4207,0,1187,1187,0,28.214879961968148,28.214879961968148,0.0,7,7,2026-03-22 19:44:34
3343310605900,GD,KOMMUNE,Schornsheim,Schornsheim,973,973,0,967,967,0,283,283,0,29.26577042399173,29.26577042399173,0.0,2,2,2026-03-22 19:23:34
3343310606100,GD,KOMMUNE,Spiesheim,Spiesheim,607,607,0,605,605,0,171,171,0,28.264462809917358,28.264462809917358,0.0,1,1,2026-03-22 19:20:56
3343310606300,GD,KOMMUNE,Sulzheim,Sulzheim,674,674,0,672,672,0,218,218,0,32.44047619047619,32.44047619047619,0.0,1,1,2026-03-22 19:36:21
3343310606400,GD,KOMMUNE,Udenheim,Udenheim,785,785,0,779,779,0,218,218,0,27.984595635430036,27.984595635430036,0.0,1,1,2026-03-22 19:37:34
3343310606500,GD,KOMMUNE,Vendersheim,Vendersheim,336,336,0,334,334,0,102,102,0,30.538922155688624,30.538922155688624,0.0,1,1,2026-03-22 18:57:27
3343310606800,GD,KOMMUNE,Wallertheim,Wallertheim,962,963,1,954,954,0,244,244,0,25.57651991614256,25.57651991614256,0.0,2,2,2026-03-22 19:35:16
3343310607300,GD,KOMMUNE,Wörrstadt,Wörrstadt,4151,4151,0,4112,4112,0,1112,1112,0,27.042801556420233,27.042801556420233,0.0,8,8,2026-03-22 20:14:41
3350000000000,WK,WAHLKREIS,"Frankenthal (Pfalz), Wahlkreis","Frankenthal (Pfalz), Wahlkreis",33742,33724,-18,33442,33438,-4,9721,9717,-4,29.068237545601338,29.059752377534544,-0.008485168066794557,75,75,2026-03-22 21:42:45
3353110000000,KS,KREIS_ODER_STADT,"Frankenthal (Pfalz), Kreisfreie Stadt","Frankenthal (Pfalz), Kreisfreie Stadt",19437,19430,-7,19258,19257,-1,5484,5484,0,28.476477308131688,28.477956067923355,0.0014787597916665618,55,55,2026-03-22 20:13:00
3353110000010,ST,KOMMUNENTEIL,Frankenthal - Mitte,Frankenthal - Mitte,1981,1981,0,1963,1963,0,519,519,0,26.43912379011717,26.43912379011717,0.0,6,6,2026-03-22 19:20:03
3353110000020,ST,KOMMUNENTEIL,Frankenthal - Nord,Frankenthal - Nord,2259,2259,0,2239,2239,0,511,511,0,22.82268870031264,22.82268870031264,0.0,7,7,2026-03-22 19:36:01
3353110000030,ST,KOMMUNENTEIL,Frankenthal - Ost,Frankenthal - Ost,1685,1685,0,1670,1670,0,543,543,0,32.51497005988024,32.51497005988024,0.0,5,5,2026-03-22 19:36:19
3353110000040,ST,KOMMUNENTEIL,Frankenthal - Süd,Frankenthal - Süd,5452,5452,0,5391,5390,-1,1535,1535,0,28.473381561862364,28.47866419294991,0.005282631087546008,15,15,2026-03-22 20:13:00
3353110000050,ST,KOMMUNENTEIL,Frankenthal - West,Frankenthal - West,2871,2864,-7,2847,2847,0,863,863,0,30.31260976466456,30.31260976466456,0.0,8,8,2026-03-22 19:34:54
3353110000060,ST,KOMMUNENTEIL,Frankenthal - Mörsch,Frankenthal - Mörsch,1435,1435,0,1423,1423,0,396,396,0,27.82853127196065,27.82853127196065,0.0,4,4,2026-03-22 19:38:48
3353110000070,ST,KOMMUNENTEIL,Frankenthal - Studernheim,Frankenthal - Studernheim,1004,1004,0,998,998,0,290,290,0,29.058116232464933,29.058116232464933,0.0,3,3,2026-03-22 19:21:04
3353110000080,ST,KOMMUNENTEIL,Frankenthal - Eppstein,Frankenthal - Eppstein,1382,1382,0,1368,1368,0,408,408,0,29.82456140350877,29.82456140350877,0.0,3,3,2026-03-22 19:37:46
3353110000090,ST,KOMMUNENTEIL,Frankenthal - Flomersheim,Frankenthal - Flomersheim,1368,1368,0,1359,1359,0,419,419,0,30.83149374540103,30.83149374540103,0.0,4,4,2026-03-22 19:17:55
3353380000000,TK,WAHLKREIS_TEIL,"Rhein-Pfalz-Kreis, Teilkreis","Rhein-Pfalz-Kreis, Teilkreis",14305,14294,-11,14184,14181,-3,4237,4233,-4,29.8716864072194,29.849799026866936,-0.021887380352463737,20,20,2026-03-22 21:41:42
3353380000400,VF,KOMMUNE,"Bobenheim-Roxheim, Verbandsfreie Gemeinde","Bobenheim-Roxheim, Verbandsfreie Gemeinde",5133,5132,-1,5088,5088,0,1475,1475,0,28.989779874213838,28.989779874213838,0.0,8,8,2026-03-22 21:41:42
3353380600000,VG,KOMMUNE,"Lambsheim-Heßheim, VG","Lambsheim-Heßheim, VG",9172,9162,-10,9096,9093,-3,2762,2758,-4,30.36499560246262,30.331023864511163,-0.03397173795145747,12,12,2026-03-22 20:01:40
3353380600200,GD,KOMMUNE,Beindersheim,Beindersheim,1658,1658,0,1642,1642,0,518,518,0,31.5468940316687,31.5468940316687,0.0,2,2,2026-03-22 19:23:49
3353380600900,GD,KOMMUNE,Großniedesheim,Großniedesheim,788,788,0,781,781,0,231,231,0,29.577464788732392,29.577464788732392,0.0,1,1,2026-03-22 20:01:40
3353380601200,GD,KOMMUNE,Heßheim,Heßheim,1751,1751,0,1745,1745,0,551,551,0,31.57593123209169,31.57593123209169,0.0,2,2,2026-03-22 19:47:24
3353380601300,GD,KOMMUNE,Heuchelheim bei Frankenthal,Heuchelheim bei Frankenthal,723,723,0,716,716,0,207,207,0,28.910614525139668,28.910614525139668,0.0,1,1,2026-03-22 19:07:27
3353380601500,GD,KOMMUNE,Kleinniedesheim,Kleinniedesheim,510,510,0,504,504,0,148,148,0,29.365079365079367,29.365079365079367,0.0,1,1,2026-03-22 19:24:57
3353380601600,GD,KOMMUNE,Lambsheim,Lambsheim,3742,3732,-10,3708,3705,-3,1107,1103,-4,29.85436893203883,29.77058029689609,-0.08378863514274215,5,5,2026-03-22 19:42:38
3360000000000,WK,WAHLKREIS,"Ludwigshafen am Rhein I, Wahlkreis","Ludwigshafen am Rhein I, Wahlkreis",22160,22160,0,21937,21937,0,5227,5227,0,23.82732369968546,23.82732369968546,0.0,66,66,2026-03-22 20:13:10
3363140000000,TS,WAHLKREIS_TEIL,Ludwigshafen I,Ludwigshafen I,22160,22160,0,21937,21937,0,5227,5227,0,23.82732369968546,23.82732369968546,0.0,66,66,2026-03-22 20:09:12
3363140000011,ST,KOMMUNENTEIL,Ludwigshafen/Mitte,Ludwigshafen/Mitte,1517,1517,0,1503,1503,0,276,276,0,18.36327345309381,18.36327345309381,0.0,5,5,2026-03-22 19:05:00
3363140000012,ST,KOMMUNENTEIL,Ludwigshafen/Süd,Ludwigshafen/Süd,5620,5620,0,5568,5568,0,1344,1344,0,24.137931034482758,24.137931034482758,0.0,15,15,2026-03-22 19:58:11
3363140000013,ST,KOMMUNENTEIL,Ludwigshafen/Nord,Ludwigshafen/Nord,2117,2117,0,2100,2100,0,341,341,0,16.238095238095237,16.238095238095237,0.0,9,9,2026-03-22 19:19:32
3363140000014,ST,KOMMUNENTEIL,Ludwigshafen/West,Ludwigshafen/West,660,660,0,652,652,0,114,114,0,17.484662576687114,17.484662576687114,0.0,2,2,2026-03-22 19:23:29
3363140000015,ST,KOMMUNENTEIL,Ludwigshafen/Friesenheim,Ludwigshafen/Friesenheim,5616,5616,0,5544,5544,0,1394,1394,0,25.144300144300146,25.144300144300146,0.0,17,17,2026-03-22 19:30:15
3363140000051,ST,KOMMUNENTEIL,Ludwigshafen/Mundenheim,Ludwigshafen/Mundenheim,3208,3208,0,3182,3182,0,823,823,0,25.864236329352607,25.864236329352607,0.0,9,9,2026-03-22 20:09:12
3363140000052,ST,KOMMUNENTEIL,Ludwigshafen/Rheingönheim,Ludwigshafen/Rheingönheim,3422,3422,0,3388,3388,0,935,935,0,27.5974025974026,27.5974025974026,0.0,9,9,2026-03-22 19:57:22
3370000000000,WK,WAHLKREIS,"Ludwigshafen am Rhein II, Wahlkreis","Ludwigshafen am Rhein II, Wahlkreis",28942,28942,0,28664,28663,-1,7396,7395,-1,25.802400223276585,25.79981160380979,-0.00258861946679545,79,79,2026-03-22 20:41:05
3373140000000,TS,WAHLKREIS_TEIL,Ludwigshafen II,Ludwigshafen II,28942,28942,0,28664,28663,-1,7396,7395,-1,25.802400223276585,25.79981160380979,-0.00258861946679545,79,79,2026-03-22 20:38:23
3373140000021,ST,KOMMUNENTEIL,Ludwigshafen/Oppau,Ludwigshafen/Oppau,3316,3316,0,3286,3286,0,782,782,0,23.797930614729154,23.797930614729154,0.0,9,9,2026-03-22 19:18:34
3373140000022,ST,KOMMUNENTEIL,Ludwigshafen/Edigheim,Ludwigshafen/Edigheim,3380,3380,0,3348,3348,0,805,805,0,24.0442054958184,24.0442054958184,0.0,10,10,2026-03-22 19:42:13
3373140000023,ST,KOMMUNENTEIL,Ludwigshafen/Pfingstweide,Ludwigshafen/Pfingstweide,1692,1692,0,1667,1667,0,308,308,0,18.47630473905219,18.47630473905219,0.0,5,5,2026-03-22 19:08:41
3373140000031,ST,KOMMUNENTEIL,Ludwigshafen/Oggersheim,Ludwigshafen/Oggersheim,8649,8649,0,8575,8574,-1,2315,2314,-1,26.997084548104954,26.988570095637975,-0.00851445246697935,24,24,2026-03-22 20:38:23
3373140000035,ST,KOMMUNENTEIL,Ludwigshafen/Ruchheim,Ludwigshafen/Ruchheim,2715,2715,0,2695,2695,0,800,800,0,29.684601113172544,29.684601113172544,0.0,6,6,2026-03-22 19:32:11
3373140000041,ST,KOMMUNENTEIL,Ludwigshafen/Gartenstadt,Ludwigshafen/Gartenstadt,6249,6249,0,6190,6190,0,1523,1523,0,24.60420032310178,24.60420032310178,0.0,18,18,2026-03-22 19:43:48
3373140000042,ST,KOMMUNENTEIL,Ludwigshafen/Maudach,Ludwigshafen/Maudach,2941,2941,0,2903,2903,0,863,863,0,29.727867723045126,29.727867723045126,0.0,7,7,2026-03-22 20:12:10
3380000000000,WK,WAHLKREIS,"Mutterstadt, Wahlkreis","Mutterstadt, Wahlkreis",46212,46209,-3,45826,45826,0,13991,13991,0,30.53070309431327,30.53070309431327,0.0,67,67,2026-03-22 20:50:31
3383380000000,TK,WAHLKREIS_TEIL,"Rhein-Pfalz-Kreis, Teilkreis","Rhein-Pfalz-Kreis, Teilkreis",46212,46209,-3,45826,45826,0,13991,13991,0,30.53070309431327,30.53070309431327,0.0,67,67,2026-03-22 20:48:40
3383380000500,VF,KOMMUNE,"Böhl-Iggelheim, Verbandsfreie Gemeinde","Böhl-Iggelheim, Verbandsfreie Gemeinde",6104,6104,0,6049,6049,0,1683,1683,0,27.822780624896676,27.822780624896676,0.0,9,9,2026-03-22 20:29:19
3383380001700,VF,KOMMUNE,"Limburgerhof, Verbandsfreie Gemeinde","Limburgerhof, Verbandsfreie Gemeinde",6349,6349,0,6290,6290,0,2048,2048,0,32.55961844197138,32.55961844197138,0.0,12,12,2026-03-22 20:18:57
3383380001900,VF,KOMMUNE,"Mutterstadt, Verbandsfreie Gemeinde","Mutterstadt, Verbandsfreie Gemeinde",6385,6385,0,6347,6347,0,1846,1846,0,29.084606900898063,29.084606900898063,0.0,11,11,2026-03-22 19:55:41
3383380100000,VG,KOMMUNE,"Dannstadt-Schauernheim, VG","Dannstadt-Schauernheim, VG",7479,7476,-3,7379,7379,0,2460,2460,0,33.337850657270636,33.337850657270636,0.0,14,14,2026-03-22 20:48:40
3383380100600,GD,KOMMUNE,Dannstadt-Schauernheim,Dannstadt-Schauernheim,3979,3979,0,3922,3922,0,1373,1373,0,35.00764915859256,35.00764915859256,0.0,6,6,2026-03-22 20:48:40
3383380101400,GD,KOMMUNE,Hochdorf-Assenheim,Hochdorf-Assenheim,1783,1783,0,1763,1763,0,543,543,0,30.799773114010208,30.799773114010208,0.0,4,4,2026-03-22 19:24:40
3383380102200,GD,KOMMUNE,Rödersheim-Gronau,Rödersheim-Gronau,1717,1714,-3,1694,1694,0,544,544,0,32.1133412042503,32.1133412042503,0.0,4,4,2026-03-22 19:37:56
3383380400000,VG,KOMMUNE,"Maxdorf, VG","Maxdorf, VG",6954,6954,0,6918,6918,0,2111,2111,0,30.514599595258744,30.514599595258744,0.0,10,10,2026-03-22 19:42:12
3383380400300,GD,KOMMUNE,Birkenheide,Birkenheide,1707,1707,0,1693,1693,0,472,472,0,27.879503839338454,27.879503839338454,0.0,2,2,2026-03-22 19:13:14
3383380400800,GD,KOMMUNE,Fußgönheim,Fußgönheim,1362,1362,0,1355,1355,0,420,420,0,30.996309963099634,30.996309963099634,0.0,2,2,2026-03-22 19:42:12
3383380401800,GD,KOMMUNE,Maxdorf,Maxdorf,3885,3885,0,3870,3870,0,1219,1219,0,31.498708010335918,31.498708010335918,0.0,6,6,2026-03-22 19:30:45
3383380800000,VG,KOMMUNE,"Rheinauen, VG","Rheinauen, VG",12941,12941,0,12843,12843,0,3843,3843,0,29.922915206727403,29.922915206727403,0.0,11,11,2026-03-22 20:14:49
3383380800100,GD,KOMMUNE,Altrip,Altrip,4160,4160,0,4131,4131,0,1133,1133,0,27.426773178407167,27.426773178407167,0.0,3,3,2026-03-22 19:55:09
3383380802000,GD,KOMMUNE,Neuhofen,Neuhofen,3747,3747,0,3722,3722,0,1064,1064,0,28.586781300376142,28.586781300376142,0.0,3,3,2026-03-22 20:14:49
3383380802100,GD,KOMMUNE,Otterstadt,Otterstadt,1877,1877,0,1862,1862,0,648,648,0,34.80128893662729,34.80128893662729,0.0,2,2,2026-03-22 19:41:21
3383380802600,GD,KOMMUNE,Waldsee,Waldsee,3157,3157,0,3128,3128,0,998,998,0,31.905370843989772,31.905370843989772,0.0,3,3,2026-03-22 19:38:14
3390000000000,WK,WAHLKREIS,"Speyer, Wahlkreis","Speyer, Wahlkreis",45020,45020,0,44720,44720,0,13008,13008,0,29.08765652951699,29.08765652951699,0.0,61,61,2026-03-22 20:56:58
3393180000000,KS,KREIS_ODER_STADT,"Speyer, Kreisfreie Stadt","Speyer, Kreisfreie Stadt",23509,23509,0,23330,23330,0,6164,6164,0,26.420917273896272,26.420917273896272,0.0,44,44,2026-03-22 20:08:13
3393180000011,ST,KOMMUNENTEIL,Speyer/Kernstadt-Nord,Speyer/Kernstadt-Nord,3170,3170,0,3149,3149,0,828,828,0,26.29406160685932,26.29406160685932,0.0,6,6,2026-03-22 19:55:30
3393180000012,ST,KOMMUNENTEIL,Speyer/Kernstadt-Süd,Speyer/Kernstadt-Süd,1676,1676,0,1670,1670,0,460,460,0,27.54491017964072,27.54491017964072,0.0,3,3,2026-03-22 19:34:56
3393180000013,ST,KOMMUNENTEIL,Speyer/Süd,Speyer/Süd,2821,2821,0,2810,2810,0,764,764,0,27.18861209964413,27.18861209964413,0.0,5,5,2026-03-22 20:00:05
3393180000014,ST,KOMMUNENTEIL,Speyer/Süd-West,Speyer/Süd-West,1164,1164,0,1156,1156,0,432,432,0,37.37024221453287,37.37024221453287,0.0,2,2,2026-03-22 19:32:01
3393180000015,ST,KOMMUNENTEIL,Speyer/West,Speyer/West,2497,2497,0,2463,2463,0,467,467,0,18.96061713357694,18.96061713357694,0.0,6,6,2026-03-22 19:49:20
3393180000016,ST,KOMMUNENTEIL,Speyer/Im Erlich,Speyer/Im Erlich,3018,3018,0,2991,2991,0,783,783,0,26.178535606820464,26.178535606820464,0.0,6,6,2026-03-22 19:51:31
3393180000017,ST,KOMMUNENTEIL,Speyer/Nord-West,Speyer/Nord-West,453,453,0,449,449,0,142,142,0,31.625835189309576,31.625835189309576,0.0,1,1,2026-03-22 19:06:49
3393180000018,ST,KOMMUNENTEIL,Speyer/Nord-Ost,Speyer/Nord-Ost,2633,2633,0,2627,2627,0,797,797,0,30.33878949371907,30.33878949371907,0.0,4,4,2026-03-22 20:08:13
3393180000021,ST,KOMMUNENTEIL,Speyer/Neuland,Speyer/Neuland,868,868,0,860,860,0,219,219,0,25.465116279069765,25.465116279069765,0.0,2,2,2026-03-22 19:13:55
3393180000022,ST,KOMMUNENTEIL,Speyer/Im Vogelgesang,Speyer/Im Vogelgesang,1444,1444,0,1431,1431,0,406,406,0,28.371767994409502,28.371767994409502,0.0,2,2,2026-03-22 19:51:27
3393180000027,ST,KOMMUNENTEIL,Speyer/Speyer-Nord,Speyer/Speyer-Nord,3156,3156,0,3121,3121,0,707,707,0,22.652995834668378,22.652995834668378,0.0,6,6,2026-03-22 19:47:50
3393180000028,ST,KOMMUNENTEIL,Speyer/Nördlich der Autobahn,Speyer/Nördlich der Autobahn,609,609,0,603,603,0,159,159,0,26.368159203980102,26.368159203980102,0.0,1,1,2026-03-22 19:54:33
3393380000000,TK,WAHLKREIS_TEIL,"Rhein-Pfalz-Kreis, Teilkreis","Rhein-Pfalz-Kreis, Teilkreis",21511,21511,0,21390,21390,0,6844,6844,0,31.996259934548853,31.996259934548853,0.0,17,17,2026-03-22 20:56:08
3393380002500,VF,KOMMUNE,"Schifferstadt, Verbandsfreie Gemeinde","Schifferstadt, Verbandsfreie Gemeinde",9744,9744,0,9691,9691,0,3035,3035,0,31.317717469817357,31.317717469817357,0.0,9,9,2026-03-22 20:18:02
3393380700000,VG,KOMMUNE,"Römerberg-Dudenhofen, VG","Römerberg-Dudenhofen, VG",11767,11767,0,11699,11699,0,3809,3809,0,32.55833831951449,32.55833831951449,0.0,8,8,2026-03-22 20:56:08
3393380700700,GD,KOMMUNE,Dudenhofen,Dudenhofen,3409,3409,0,3394,3394,0,1143,1143,0,33.67707719505009,33.67707719505009,0.0,2,2,2026-03-22 20:40:28
3393380701000,GD,KOMMUNE,Hanhofen,Hanhofen,1248,1248,0,1243,1243,0,312,312,0,25.1005631536605,25.1005631536605,0.0,1,1,2026-03-22 20:19:17
3393380701100,GD,KOMMUNE,Harthausen,Harthausen,1726,1726,0,1710,1710,0,660,660,0,38.59649122807017,38.59649122807017,0.0,2,2,2026-03-22 20:37:09
3393380702300,GD,KOMMUNE,Römerberg,Römerberg,5384,5384,0,5352,5352,0,1694,1694,0,31.651718983557547,31.651718983557547,0.0,3,3,2026-03-22 20:56:08
4000000000000,BZ,BEZIRK,Bezirk 4,Bezirk 4,520797,520795,-2,515780,515790,10,140559,140559,0,27.251735235953312,27.251206886523587,-0.0005283494297252389,1022,1022,2026-03-22 22:18:48
4400000000000,WK,WAHLKREIS,"Donnersberg, Wahlkreis","Donnersberg, Wahlkreis",40921,40918,-3,40531,40531,0,9887,9887,0,24.39367397794281,24.39367397794281,0.0,113,113,2026-03-22 21:30:40
4403330000000,LK,KREIS_ODER_STADT,"Donnersbergkreis, Landkreis","Donnersbergkreis, Landkreis",40921,40918,-3,40531,40531,0,9887,9887,0,24.39367397794281,24.39367397794281,0.0,113,113,2026-03-22 21:28:33
4403330200000,VG,KOMMUNE,"Eisenberg (Pfalz), VG","Eisenberg (Pfalz), VG",6078,6078,0,6005,6005,0,1348,1348,0,22.447960033305577,22.447960033305577,0.0,8,8,2026-03-22 21:28:33
4403330201900,GD,KOMMUNE,Eisenberg (Pfalz),Eisenberg (Pfalz),3719,3719,0,3684,3684,0,774,774,0,21.009771986970684,21.009771986970684,0.0,5,5,2026-03-22 19:16:41
4403330203800,GD,KOMMUNE,Kerzenheim,Kerzenheim,1250,1250,0,1228,1228,0,307,307,0,25.0,25.0,0.0,2,2,2026-03-22 20:44:13
4403330206000,GD,KOMMUNE,Ramsen,Ramsen,1109,1109,0,1093,1093,0,267,267,0,24.42817932296432,24.42817932296432,0.0,1,1,2026-03-22 21:28:33
4403330300000,VG,KOMMUNE,"Göllheim, VG","Göllheim, VG",6801,6798,-3,6742,6742,0,1759,1759,0,26.090180955206172,26.090180955206172,0.0,19,19,2026-03-22 19:45:50
4403330300100,GD,KOMMUNE,Albisheim (Pfrimm),Albisheim (Pfrimm),973,973,0,966,966,0,235,235,0,24.32712215320911,24.32712215320911,0.0,2,2,2026-03-22 19:14:58
4403330300600,GD,KOMMUNE,Biedesheim,Biedesheim,368,368,0,361,361,0,79,79,0,21.88365650969529,21.88365650969529,0.0,1,1,2026-03-22 19:19:48
4403330301200,GD,KOMMUNE,Bubenheim,Bubenheim,285,285,0,282,282,0,68,68,0,24.113475177304963,24.113475177304963,0.0,1,1,2026-03-22 19:15:51
4403330301700,GD,KOMMUNE,Dreisen,Dreisen,590,590,0,586,586,0,137,137,0,23.378839590443686,23.378839590443686,0.0,1,1,2026-03-22 19:07:11
4403330301800,GD,KOMMUNE,Einselthum,Einselthum,473,473,0,469,469,0,117,117,0,24.946695095948826,24.946695095948826,0.0,1,1,2026-03-22 19:17:54
4403330302600,GD,KOMMUNE,Göllheim,Göllheim,1898,1898,0,1883,1883,0,521,521,0,27.66861391396707,27.66861391396707,0.0,4,4,2026-03-22 19:45:50
4403330303200,GD,KOMMUNE,Immesheim,Immesheim,87,87,0,87,87,0,31,31,0,35.63218390804598,35.63218390804598,0.0,1,1,2026-03-22 18:28:18
4403330304100,GD,KOMMUNE,Lautersheim,Lautersheim,371,371,0,370,370,0,93,93,0,25.135135135135133,25.135135135135133,0.0,1,1,2026-03-22 18:46:03
4403330305800,GD,KOMMUNE,Ottersheim,Ottersheim,229,229,0,224,224,0,70,70,0,31.25,31.25,0.0,1,1,2026-03-22 19:16:54
4403330306400,GD,KOMMUNE,Rüssingen,Rüssingen,348,348,0,345,345,0,72,72,0,20.869565217391305,20.869565217391305,0.0,1,1,2026-03-22 19:04:39
4403330307400,GD,KOMMUNE,Standenbühl,Standenbühl,129,129,0,126,126,0,36,36,0,28.57142857142857,28.57142857142857,0.0,1,1,2026-03-22 18:38:49
4403330308100,GD,KOMMUNE,Weitersweiler,Weitersweiler,300,300,0,299,299,0,82,82,0,27.424749163879596,27.424749163879596,0.0,1,1,2026-03-22 19:30:52
4403330350100,GD,KOMMUNE,Zellertal,Zellertal,750,747,-3,744,744,0,218,218,0,29.301075268817208,29.301075268817208,0.0,3,3,2026-03-22 19:00:35
4403330400000,VG,KOMMUNE,"Kirchheimbolanden, VG","Kirchheimbolanden, VG",10574,10574,0,10488,10488,0,2546,2546,0,24.27536231884058,24.27536231884058,0.0,25,25,2026-03-22 20:08:32
4403330400500,GD,KOMMUNE,Bennhausen,Bennhausen,111,111,0,111,111,0,30,30,0,27.027027027027028,27.027027027027028,0.0,1,1,2026-03-22 18:34:43
4403330400700,GD,KOMMUNE,Bischheim,Bischheim,413,413,0,408,408,0,127,127,0,31.127450980392158,31.127450980392158,0.0,1,1,2026-03-22 19:35:48
4403330401000,GD,KOMMUNE,Bolanden,Bolanden,1400,1400,0,1389,1389,0,325,325,0,23.398128149748022,23.398128149748022,0.0,2,2,2026-03-22 19:39:42
4403330401300,GD,KOMMUNE,Dannenfels,Dannenfels,545,545,0,542,542,0,139,139,0,25.645756457564577,25.645756457564577,0.0,1,1,2026-03-22 19:03:58
4403330402200,GD,KOMMUNE,Gauersheim,Gauersheim,403,403,0,398,398,0,90,90,0,22.613065326633166,22.613065326633166,0.0,1,1,2026-03-22 19:29:26
4403330403100,GD,KOMMUNE,Ilbesheim,Ilbesheim,345,345,0,337,337,0,90,90,0,26.706231454005934,26.706231454005934,0.0,1,1,2026-03-22 19:20:53
4403330403500,GD,KOMMUNE,Jakobsweiler,Jakobsweiler,143,143,0,143,143,0,33,33,0,23.076923076923077,23.076923076923077,0.0,1,1,2026-03-22 18:38:58
4403330403900,GD,KOMMUNE,Kirchheimbolanden,Kirchheimbolanden,3586,3586,0,3564,3564,0,876,876,0,24.579124579124578,24.579124579124578,0.0,9,9,2026-03-22 20:08:32
4403330404000,GD,KOMMUNE,Kriegsfeld,Kriegsfeld,618,618,0,613,613,0,164,164,0,26.753670473083197,26.753670473083197,0.0,1,1,2026-03-22 19:46:49
4403330404500,GD,KOMMUNE,Marnheim,Marnheim,962,962,0,952,952,0,207,207,0,21.743697478991596,21.743697478991596,0.0,1,1,2026-03-22 19:37:23
4403330404600,GD,KOMMUNE,Mörsfeld,Mörsfeld,301,301,0,299,299,0,48,48,0,16.05351170568562,16.05351170568562,0.0,1,1,2026-03-22 18:57:07
4403330404700,GD,KOMMUNE,Morschheim,Morschheim,451,451,0,449,449,0,105,105,0,23.385300668151448,23.385300668151448,0.0,1,1,2026-03-22 19:22:18
4403330405600,GD,KOMMUNE,Oberwiesen,Oberwiesen,327,327,0,325,325,0,63,63,0,19.384615384615383,19.384615384615383,0.0,1,1,2026-03-22 19:00:55
4403330405700,GD,KOMMUNE,Orbis,Orbis,427,427,0,421,421,0,104,104,0,24.70308788598575,24.70308788598575,0.0,1,1,2026-03-22 19:09:57
4403330406200,GD,KOMMUNE,Rittersheim,Rittersheim,134,134,0,131,131,0,35,35,0,26.717557251908396,26.717557251908396,0.0,1,1,2026-03-22 18:42:17
4403330407600,GD,KOMMUNE,Stetten,Stetten,408,408,0,406,406,0,110,110,0,27.093596059113302,27.093596059113302,0.0,1,1,2026-03-22 18:59:28
4403330600000,VG,KOMMUNE,"Winnweiler, VG","Winnweiler, VG",7565,7565,0,7499,7499,0,1943,1943,0,25.910121349513272,25.910121349513272,0.0,18,18,2026-03-22 19:54:06
4403330600900,GD,KOMMUNE,Börrstadt,Börrstadt,530,530,0,528,528,0,174,174,0,32.95454545454545,32.95454545454545,0.0,1,1,2026-03-22 19:22:52
4403330601100,GD,KOMMUNE,Breunigweiler,Breunigweiler,274,274,0,273,273,0,65,65,0,23.809523809523807,23.809523809523807,0.0,1,1,2026-03-22 18:49:23
4403330602000,GD,KOMMUNE,Falkenstein,Falkenstein,114,114,0,113,113,0,20,20,0,17.699115044247787,17.699115044247787,0.0,1,1,2026-03-22 18:24:38
4403330602700,GD,KOMMUNE,Gonbach,Gonbach,308,308,0,303,303,0,79,79,0,26.072607260726073,26.072607260726073,0.0,1,1,2026-03-22 18:50:23
4403330603000,GD,KOMMUNE,Höringen,Höringen,407,407,0,404,404,0,80,80,0,19.801980198019802,19.801980198019802,0.0,1,1,2026-03-22 19:03:52
4403330603300,GD,KOMMUNE,Imsbach,Imsbach,544,544,0,534,534,0,149,149,0,27.902621722846444,27.902621722846444,0.0,1,1,2026-03-22 19:02:47
4403330604200,GD,KOMMUNE,Lohnsfeld,Lohnsfeld,525,525,0,520,520,0,153,153,0,29.423076923076923,29.423076923076923,0.0,1,1,2026-03-22 19:06:53
4403330604800,GD,KOMMUNE,Münchweiler an der Alsenz,Münchweiler an der Alsenz,757,757,0,750,750,0,153,153,0,20.4,20.4,0.0,1,1,2026-03-22 19:54:06
4403330606900,GD,KOMMUNE,Schweisweiler,Schweisweiler,178,178,0,177,177,0,59,59,0,33.33333333333333,33.33333333333333,0.0,1,1,2026-03-22 19:26:43
4403330607100,GD,KOMMUNE,Sippersfeld,Sippersfeld,687,687,0,685,685,0,183,183,0,26.71532846715328,26.71532846715328,0.0,1,1,2026-03-22 19:13:42
4403330607500,GD,KOMMUNE,Steinbach am Donnersberg,Steinbach am Donnersberg,442,442,0,440,440,0,106,106,0,24.09090909090909,24.09090909090909,0.0,1,1,2026-03-22 18:31:44
4403330608000,GD,KOMMUNE,Wartenberg-Rohrbach,Wartenberg-Rohrbach,268,268,0,262,262,0,57,57,0,21.755725190839694,21.755725190839694,0.0,1,1,2026-03-22 18:59:17
4403330650300,GD,KOMMUNE,Winnweiler,Winnweiler,2531,2531,0,2510,2510,0,665,665,0,26.49402390438247,26.49402390438247,0.0,6,6,2026-03-22 19:21:19
4403330700000,VG,KOMMUNE,"Nordpfälzer Land, VG","Nordpfälzer Land, VG",9903,9903,0,9797,9797,0,2291,2291,0,23.384709604981115,23.384709604981115,0.0,43,43,2026-03-22 20:22:17
4403330700300,GD,KOMMUNE,Alsenz,Alsenz,761,761,0,757,757,0,199,199,0,26.28797886393659,26.28797886393659,0.0,1,1,2026-03-22 20:00:53
4403330700400,GD,KOMMUNE,Bayerfeld-Steckweiler,Bayerfeld-Steckweiler,231,231,0,228,228,0,43,43,0,18.859649122807017,18.859649122807017,0.0,2,2,2026-03-22 19:52:00
4403330700800,GD,KOMMUNE,Bisterschied,Bisterschied,145,145,0,143,143,0,21,21,0,14.685314685314685,14.685314685314685,0.0,1,1,2026-03-22 18:51:05
4403330701400,GD,KOMMUNE,Dielkirchen,Dielkirchen,294,294,0,292,292,0,42,42,0,14.383561643835616,14.383561643835616,0.0,1,1,2026-03-22 19:15:48
4403330701600,GD,KOMMUNE,Dörrmoschel,Dörrmoschel,72,72,0,72,72,0,23,23,0,31.944444444444443,31.944444444444443,0.0,1,1,2026-03-22 18:58:19
4403330702100,GD,KOMMUNE,Finkenbach-Gersweiler,Finkenbach-Gersweiler,206,206,0,203,203,0,40,40,0,19.704433497536947,19.704433497536947,0.0,1,1,2026-03-22 18:58:28
4403330702300,GD,KOMMUNE,Gaugrehweiler,Gaugrehweiler,316,316,0,309,309,0,49,49,0,15.857605177993527,15.857605177993527,0.0,1,1,2026-03-22 19:16:18
4403330702400,GD,KOMMUNE,Gehrweiler,Gehrweiler,192,192,0,187,187,0,33,33,0,17.647058823529413,17.647058823529413,0.0,1,1,2026-03-22 19:00:16
4403330702500,GD,KOMMUNE,Gerbach,Gerbach,301,301,0,298,298,0,77,77,0,25.838926174496645,25.838926174496645,0.0,1,1,2026-03-22 19:05:36
4403330702800,GD,KOMMUNE,Gundersweiler,Gundersweiler,350,350,0,342,342,0,85,85,0,24.853801169590643,24.853801169590643,0.0,1,1,2026-03-22 19:17:26
4403330703400,GD,KOMMUNE,Imsweiler,Imsweiler,295,295,0,294,294,0,61,61,0,20.74829931972789,20.74829931972789,0.0,1,1,2026-03-22 19:08:04
4403330703600,GD,KOMMUNE,Kalkofen,Kalkofen,98,98,0,96,96,0,24,24,0,25.0,25.0,0.0,1,1,2026-03-22 18:50:13
4403330703700,GD,KOMMUNE,Katzenbach,Katzenbach,284,284,0,282,282,0,68,68,0,24.113475177304963,24.113475177304963,0.0,1,1,2026-03-22 19:15:32
4403330704300,GD,KOMMUNE,Mannweiler-Cölln,Mannweiler-Cölln,245,245,0,242,242,0,53,53,0,21.90082644628099,21.90082644628099,0.0,1,1,2026-03-22 19:37:55
4403330704900,GD,KOMMUNE,Münsterappel,Münsterappel,269,269,0,265,265,0,69,69,0,26.037735849056602,26.037735849056602,0.0,1,1,2026-03-22 19:19:10
4403330705000,GD,KOMMUNE,Niederhausen an der Appel,Niederhausen an der Appel,152,152,0,151,151,0,37,37,0,24.503311258278146,24.503311258278146,0.0,1,1,2026-03-22 18:36:09
4403330705100,GD,KOMMUNE,Niedermoschel,Niedermoschel,304,304,0,301,301,0,82,82,0,27.242524916943523,27.242524916943523,0.0,1,1,2026-03-22 18:58:58
4403330705300,GD,KOMMUNE,Oberhausen an der Appel,Oberhausen an der Appel,93,93,0,93,93,0,28,28,0,30.107526881720432,30.107526881720432,0.0,1,1,2026-03-22 18:46:49
4403330705400,GD,KOMMUNE,Obermoschel,Obermoschel,567,567,0,562,562,0,143,143,0,25.444839857651246,25.444839857651246,0.0,1,1,2026-03-22 19:19:12
4403330705500,GD,KOMMUNE,Oberndorf,Oberndorf,172,172,0,171,171,0,46,46,0,26.900584795321635,26.900584795321635,0.0,1,1,2026-03-22 20:22:17
4403330706100,GD,KOMMUNE,Ransweiler,Ransweiler,170,170,0,168,168,0,23,23,0,13.690476190476192,13.690476190476192,0.0,1,1,2026-03-22 19:11:16
4403330706500,GD,KOMMUNE,Ruppertsecken,Ruppertsecken,199,199,0,198,198,0,46,46,0,23.232323232323232,23.232323232323232,0.0,1,1,2026-03-22 18:55:51
4403330706600,GD,KOMMUNE,Sankt Alban,Sankt Alban,186,186,0,181,181,0,53,53,0,29.2817679558011,29.2817679558011,0.0,1,1,2026-03-22 18:53:44
4403330706700,GD,KOMMUNE,Schiersfeld,Schiersfeld,144,144,0,143,143,0,27,27,0,18.88111888111888,18.88111888111888,0.0,1,1,2026-03-22 18:47:51
4403330706800,GD,KOMMUNE,Schönborn,Schönborn,69,69,0,67,67,0,14,14,0,20.8955223880597,20.8955223880597,0.0,1,1,2026-03-22 18:36:31
4403330707200,GD,KOMMUNE,Sitters,Sitters,60,60,0,60,60,0,10,10,0,16.666666666666664,16.666666666666664,0.0,1,1,2026-03-22 18:46:01
4403330707300,GD,KOMMUNE,Stahlberg,Stahlberg,115,115,0,113,113,0,34,34,0,30.08849557522124,30.08849557522124,0.0,1,1,2026-03-22 18:52:29
4403330707700,GD,KOMMUNE,Teschenmoschel,Teschenmoschel,92,92,0,92,92,0,31,31,0,33.69565217391305,33.69565217391305,0.0,1,1,2026-03-22 18:44:10
4403330707800,GD,KOMMUNE,Unkenbach,Unkenbach,113,113,0,113,113,0,30,30,0,26.548672566371685,26.548672566371685,0.0,1,1,2026-03-22 18:42:02
4403330707900,GD,KOMMUNE,Waldgrehweiler,Waldgrehweiler,134,134,0,133,133,0,35,35,0,26.31578947368421,26.31578947368421,0.0,1,1,2026-03-22 19:00:31
4403330708300,GD,KOMMUNE,Winterborn,Winterborn,101,101,0,96,96,0,21,21,0,21.875,21.875,0.0,1,1,2026-03-22 18:54:13
4403330708400,GD,KOMMUNE,Würzweiler,Würzweiler,136,136,0,132,132,0,34,34,0,25.757575757575758,25.757575757575758,0.0,1,1,2026-03-22 19:07:22
4403330720100,GD,KOMMUNE,Rathskirchen,Rathskirchen,104,104,0,104,104,0,17,17,0,16.346153846153847,16.346153846153847,0.0,1,1,2026-03-22 18:49:05
4403330720200,GD,KOMMUNE,Reichsthal,Reichsthal,71,71,0,68,68,0,9,9,0,13.23529411764706,13.23529411764706,0.0,1,1,2026-03-22 18:39:44
4403330720300,GD,KOMMUNE,Seelen,Seelen,105,105,0,104,104,0,25,25,0,24.03846153846154,24.03846153846154,0.0,1,1,2026-03-22 18:53:53
4403330750200,GD,KOMMUNE,Rockenhausen,Rockenhausen,2757,2757,0,2737,2737,0,659,659,0,24.077457069784437,24.077457069784437,0.0,7,7,2026-03-22 19:30:05
4410000000000,WK,WAHLKREIS,"Kusel, Wahlkreis","Kusel, Wahlkreis",37856,37858,2,37331,37332,1,9009,9009,0,24.132758297393586,24.132111861137897,-0.0006464362556890535,112,112,2026-03-22 22:05:35
4413360000000,LK,KREIS_ODER_STADT,"Kusel, Landkreis","Kusel, Landkreis",37856,37858,2,37331,37332,1,9009,9009,0,24.132758297393586,24.132111861137897,-0.0006464362556890535,112,112,2026-03-22 22:04:22
4413360800000,VG,KOMMUNE,"Lauterecken-Wolfstein, VG","Lauterecken-Wolfstein, VG",10116,10118,2,9904,9905,1,2319,2319,0,23.414781906300487,23.412417970721858,-0.002363935578628684,42,42,2026-03-22 22:04:22
4413360800100,GD,KOMMUNE,Adenbach,Adenbach,77,77,0,76,76,0,20,20,0,26.31578947368421,26.31578947368421,0.0,1,1,2026-03-22 18:26:38
4413360800500,GD,KOMMUNE,Aschbach,Aschbach,192,192,0,187,187,0,29,29,0,15.508021390374333,15.508021390374333,0.0,1,1,2026-03-22 19:42:22
4413360801200,GD,KOMMUNE,Buborn,Buborn,104,104,0,102,102,0,42,42,0,41.17647058823529,41.17647058823529,0.0,1,1,2026-03-22 20:04:47
4413360801300,GD,KOMMUNE,Cronenberg,Cronenberg,92,92,0,88,88,0,15,15,0,17.045454545454543,17.045454545454543,0.0,1,1,2026-03-22 19:05:37
4413360801400,GD,KOMMUNE,Deimberg,Deimberg,57,57,0,53,53,0,12,12,0,22.641509433962266,22.641509433962266,0.0,1,1,2026-03-22 18:31:23
4413360801900,GD,KOMMUNE,Einöllen,Einöllen,226,226,0,219,219,0,42,42,0,19.17808219178082,19.17808219178082,0.0,1,1,2026-03-22 19:57:53
4413360802300,GD,KOMMUNE,Eßweiler,Eßweiler,238,238,0,236,236,0,57,57,0,24.152542372881356,24.152542372881356,0.0,1,1,2026-03-22 19:01:23
4413360802900,GD,KOMMUNE,Ginsweiler,Ginsweiler,144,146,2,144,144,0,46,46,0,31.944444444444443,31.944444444444443,0.0,1,1,2026-03-22 20:03:54
4413360803000,GD,KOMMUNE,Glanbrücken,Glanbrücken,300,300,0,292,292,0,48,48,0,16.43835616438356,16.43835616438356,0.0,1,1,2026-03-22 19:21:16
4413360803300,GD,KOMMUNE,Grumbach,Grumbach,231,231,0,229,229,0,54,54,0,23.580786026200872,23.580786026200872,0.0,1,1,2026-03-22 19:25:53
4413360803500,GD,KOMMUNE,Hausweiler,Hausweiler,,,0,,,0,,,0,,,,0,0,2026-03-22 18:04:47
4413360803600,GD,KOMMUNE,Hefersweiler,Hefersweiler,305,305,0,303,303,0,72,72,0,23.762376237623762,23.762376237623762,0.0,1,1,2026-03-22 19:31:24
4413360803800,GD,KOMMUNE,Heinzenhausen,Heinzenhausen,134,134,0,133,133,0,32,32,0,24.06015037593985,24.06015037593985,0.0,1,1,2026-03-22 19:43:23
4413360804000,GD,KOMMUNE,Herren-Sulzbach,Herren-Sulzbach,100,100,0,98,98,0,32,32,0,32.6530612244898,32.6530612244898,0.0,1,1,2026-03-22 19:04:37
4413360804200,GD,KOMMUNE,Hinzweiler,Hinzweiler,181,181,0,180,180,0,34,34,0,18.88888888888889,18.88888888888889,0.0,1,1,2026-03-22 18:58:57
4413360804300,GD,KOMMUNE,Hohenöllen,Hohenöllen,211,211,0,206,206,0,56,56,0,27.184466019417474,27.184466019417474,0.0,1,1,2026-03-22 20:22:15
4413360804400,GD,KOMMUNE,Homberg,Homberg,144,144,0,137,137,0,40,40,0,29.1970802919708,29.1970802919708,0.0,1,1,2026-03-22 19:28:26
4413360804500,GD,KOMMUNE,Hoppstädten,Hoppstädten,191,191,0,189,189,0,45,45,0,23.809523809523807,23.809523809523807,0.0,1,1,2026-03-22 18:55:48
4413360804800,GD,KOMMUNE,Jettenbach,Jettenbach,458,458,0,439,439,0,94,94,0,21.4123006833713,21.4123006833713,0.0,1,1,2026-03-22 20:21:12
4413360804900,GD,KOMMUNE,Kappeln,Kappeln,144,144,0,141,141,0,54,54,0,38.297872340425535,38.297872340425535,0.0,1,1,2026-03-22 18:44:43
4413360805000,GD,KOMMUNE,Kirrweiler,Kirrweiler,102,102,0,101,101,0,19,19,0,18.81188118811881,18.81188118811881,0.0,1,1,2026-03-22 19:32:25
4413360805300,GD,KOMMUNE,Kreimbach-Kaulbach,Kreimbach-Kaulbach,421,421,0,413,413,0,98,98,0,23.728813559322035,23.728813559322035,0.0,1,1,2026-03-22 19:51:45
4413360805700,GD,KOMMUNE,Langweiler,Langweiler,154,154,0,151,151,0,42,42,0,27.81456953642384,27.81456953642384,0.0,1,1,2026-03-22 20:10:19
4413360805800,GD,KOMMUNE,Lauterecken,Lauterecken,962,962,0,945,945,0,261,261,0,27.61904761904762,27.61904761904762,0.0,1,1,2026-03-22 21:34:15
4413360806000,GD,KOMMUNE,Lohnweiler,Lohnweiler,240,240,0,236,236,0,68,68,0,28.8135593220339,28.8135593220339,0.0,1,1,2026-03-22 19:27:16
4413360806100,GD,KOMMUNE,Medard,Medard,279,279,0,271,271,0,75,75,0,27.67527675276753,27.67527675276753,0.0,1,1,2026-03-22 19:30:21
4413360806200,GD,KOMMUNE,Merzweiler,Merzweiler,114,114,0,112,112,0,44,44,0,39.285714285714285,39.285714285714285,0.0,1,1,2026-03-22 19:09:29
4413360806500,GD,KOMMUNE,Nerzweiler,Nerzweiler,63,63,0,63,63,0,11,11,0,17.46031746031746,17.46031746031746,0.0,1,1,2026-03-22 19:12:46
4413360806900,GD,KOMMUNE,Nußbach,Nußbach,332,332,0,324,324,0,62,62,0,19.1358024691358,19.1358024691358,0.0,1,1,2026-03-22 19:19:37
4413360807200,GD,KOMMUNE,Oberweiler im Tal,Oberweiler im Tal,92,92,0,88,89,1,26,26,0,29.545454545454547,29.213483146067414,-0.3319713993871325,1,1,2026-03-22 19:17:59
4413360807300,GD,KOMMUNE,Oberweiler-Tiefenbach,Oberweiler-Tiefenbach,161,161,0,159,159,0,33,33,0,20.754716981132077,20.754716981132077,0.0,1,1,2026-03-22 18:38:02
4413360807400,GD,KOMMUNE,Odenbach,Odenbach,445,445,0,440,440,0,79,79,0,17.954545454545453,17.954545454545453,0.0,1,1,2026-03-22 19:41:07
4413360807500,GD,KOMMUNE,Offenbach-Hundheim,Offenbach-Hundheim,586,586,0,562,562,0,130,130,0,23.131672597864767,23.131672597864767,0.0,1,1,2026-03-22 22:04:22
4413360808500,GD,KOMMUNE,Reipoltskirchen,Reipoltskirchen,160,160,0,156,156,0,41,41,0,26.282051282051285,26.282051282051285,0.0,1,1,2026-03-22 19:34:15
4413360808600,GD,KOMMUNE,Relsberg,Relsberg,103,103,0,102,102,0,19,19,0,18.627450980392158,18.627450980392158,0.0,1,1,2026-03-22 18:42:05
4413360808700,GD,KOMMUNE,Rothselberg,Rothselberg,362,362,0,357,357,0,87,87,0,24.369747899159663,24.369747899159663,0.0,1,1,2026-03-22 18:57:35
4413360809000,GD,KOMMUNE,Rutsweiler an der Lauter,Rutsweiler an der Lauter,203,203,0,198,198,0,26,26,0,13.131313131313133,13.131313131313133,0.0,1,1,2026-03-22 19:11:02
4413360809500,GD,KOMMUNE,Sankt Julian,Sankt Julian,586,586,0,574,574,0,97,97,0,16.898954703832754,16.898954703832754,0.0,3,3,2026-03-22 19:55:57
4413360810000,GD,KOMMUNE,Unterjeckenbach,Unterjeckenbach,46,46,0,43,43,0,14,14,0,32.55813953488372,32.55813953488372,0.0,1,1,2026-03-22 18:36:36
4413360810400,GD,KOMMUNE,Wiesweiler,Wiesweiler,228,228,0,226,226,0,50,50,0,22.123893805309734,22.123893805309734,0.0,1,1,2026-03-22 19:08:31
4413360810500,GD,KOMMUNE,Wolfstein,Wolfstein,948,948,0,931,931,0,213,213,0,22.878625134264233,22.878625134264233,0.0,1,1,2026-03-22 21:13:29
4413360900000,VG,KOMMUNE,"Oberes Glantal, VG","Oberes Glantal, VG",15488,15488,0,15308,15308,0,3809,3809,0,24.882414423830674,24.882414423830674,0.0,29,29,2026-03-22 20:45:38
4413360900400,GD,KOMMUNE,Altenkirchen,Altenkirchen,781,781,0,768,768,0,142,142,0,18.489583333333336,18.489583333333336,0.0,1,1,2026-03-22 19:08:22
4413360900800,GD,KOMMUNE,Börsborn,Börsborn,223,223,0,222,222,0,41,41,0,18.46846846846847,18.46846846846847,0.0,1,1,2026-03-22 18:58:58
4413360901000,GD,KOMMUNE,Breitenbach,Breitenbach,1040,1040,0,1026,1026,0,223,223,0,21.734892787524366,21.734892787524366,0.0,1,1,2026-03-22 20:00:11
4413360901100,GD,KOMMUNE,Brücken (Pfalz),Brücken (Pfalz),1164,1164,0,1151,1151,0,387,387,0,33.622936576889664,33.622936576889664,0.0,1,1,2026-03-22 19:23:06
4413360901600,GD,KOMMUNE,Dittweiler,Dittweiler,471,471,0,464,464,0,100,100,0,21.551724137931032,21.551724137931032,0.0,1,1,2026-03-22 19:04:54
4413360901700,GD,KOMMUNE,Dunzweiler,Dunzweiler,454,454,0,447,447,0,90,90,0,20.13422818791946,20.13422818791946,0.0,1,1,2026-03-22 19:32:18
4413360902700,GD,KOMMUNE,Frohnhofen,Frohnhofen,286,286,0,281,281,0,60,60,0,21.352313167259787,21.352313167259787,0.0,1,1,2026-03-22 19:06:30
4413360903100,GD,KOMMUNE,Glan-Münchweiler,Glan-Münchweiler,685,685,0,679,679,0,195,195,0,28.718703976435933,28.718703976435933,0.0,1,1,2026-03-22 19:24:53
4413360903200,GD,KOMMUNE,Gries,Gries,553,553,0,551,551,0,111,111,0,20.14519056261343,20.14519056261343,0.0,1,1,2026-03-22 19:13:13
4413360903700,GD,KOMMUNE,Henschtal,Henschtal,178,178,0,176,176,0,45,45,0,25.568181818181817,25.568181818181817,0.0,1,1,2026-03-22 19:30:32
4413360904100,GD,KOMMUNE,Herschweiler-Pettersheim,Herschweiler-Pettersheim,732,732,0,730,730,0,126,126,0,17.26027397260274,17.26027397260274,0.0,1,1,2026-03-22 19:39:03
4413360904700,GD,KOMMUNE,Hüffler,Hüffler,327,327,0,325,325,0,48,48,0,14.76923076923077,14.76923076923077,0.0,1,1,2026-03-22 19:41:47
4413360905400,GD,KOMMUNE,Krottelbach,Krottelbach,403,403,0,398,398,0,79,79,0,19.849246231155778,19.849246231155778,0.0,1,1,2026-03-22 18:46:28
4413360905600,GD,KOMMUNE,Langenbach,Langenbach,267,267,0,263,263,0,58,58,0,22.0532319391635,22.0532319391635,0.0,1,1,2026-03-22 19:00:50
4413360906400,GD,KOMMUNE,Nanzdietschweiler,Nanzdietschweiler,698,698,0,690,690,0,202,202,0,29.275362318840582,29.275362318840582,0.0,1,1,2026-03-22 19:37:23
4413360907600,GD,KOMMUNE,Ohmbach,Ohmbach,414,414,0,406,406,0,84,84,0,20.689655172413794,20.689655172413794,0.0,1,1,2026-03-22 19:26:45
4413360908200,GD,KOMMUNE,Rehweiler,Rehweiler,272,272,0,269,269,0,57,57,0,21.189591078066915,21.189591078066915,0.0,1,1,2026-03-22 18:48:46
4413360909200,GD,KOMMUNE,Schönenberg-Kübelberg,Schönenberg-Kübelberg,2664,2664,0,2628,2628,0,889,889,0,33.82800608828006,33.82800608828006,0.0,4,4,2026-03-22 20:37:10
4413360909600,GD,KOMMUNE,Steinbach am Glan,Steinbach am Glan,451,451,0,440,440,0,85,85,0,19.318181818181817,19.318181818181817,0.0,1,1,2026-03-22 19:35:39
4413360910100,GD,KOMMUNE,Wahnwegen,Wahnwegen,395,395,0,393,393,0,68,68,0,17.302798982188293,17.302798982188293,0.0,1,1,2026-03-22 19:10:07
4413360910200,GD,KOMMUNE,Waldmohr,Waldmohr,2385,2385,0,2360,2360,0,590,590,0,25.0,25.0,0.0,4,4,2026-03-22 20:04:00
4413360910700,GD,KOMMUNE,Matzenbach,Matzenbach,360,360,0,358,358,0,78,78,0,21.787709497206702,21.787709497206702,0.0,1,1,2026-03-22 19:18:40
4413360950100,GD,KOMMUNE,Quirnbach (Pfalz),Quirnbach (Pfalz),285,285,0,283,283,0,51,51,0,18.021201413427562,18.021201413427562,0.0,1,1,2026-03-22 20:45:38
4413361000000,VG,KOMMUNE,"Kusel-Altenglan, VG","Kusel-Altenglan, VG",12252,12252,0,12119,12119,0,2881,2881,0,23.772588497400776,23.772588497400776,0.0,41,41,2026-03-22 19:50:29
4413361000200,GD,KOMMUNE,Albessen,Albessen,90,90,0,90,90,0,20,20,0,22.22222222222222,22.22222222222222,0.0,1,1,2026-03-22 18:35:25
4413361000300,GD,KOMMUNE,Altenglan,Altenglan,1453,1453,0,1437,1437,0,332,332,0,23.103688239387612,23.103688239387612,0.0,3,3,2026-03-22 19:47:11
4413361000600,GD,KOMMUNE,Blaubach,Blaubach,229,229,0,225,225,0,66,66,0,29.333333333333332,29.333333333333332,0.0,1,1,2026-03-22 18:50:19
4413361000900,GD,KOMMUNE,Bosenbach,Bosenbach,394,394,0,388,388,0,98,98,0,25.257731958762886,25.257731958762886,0.0,1,1,2026-03-22 19:33:40
4413361001500,GD,KOMMUNE,Dennweiler-Frohnbach,Dennweiler-Frohnbach,173,173,0,173,173,0,35,35,0,20.23121387283237,20.23121387283237,0.0,1,1,2026-03-22 19:35:58
4413361001800,GD,KOMMUNE,Ehweiler,Ehweiler,105,105,0,102,102,0,22,22,0,21.568627450980394,21.568627450980394,0.0,1,1,2026-03-22 19:02:00
4413361002100,GD,KOMMUNE,Elzweiler,Elzweiler,54,54,0,52,52,0,2,2,0,3.8461538461538463,3.8461538461538463,0.0,1,1,2026-03-22 18:34:19
4413361002200,GD,KOMMUNE,Erdesbach,Erdesbach,317,317,0,315,315,0,74,74,0,23.49206349206349,23.49206349206349,0.0,1,1,2026-03-22 19:27:50
4413361002400,GD,KOMMUNE,Etschberg,Etschberg,381,381,0,374,374,0,77,77,0,20.588235294117645,20.588235294117645,0.0,1,1,2026-03-22 18:39:33
4413361002500,GD,KOMMUNE,Föckelberg,Föckelberg,208,208,0,205,205,0,39,39,0,19.024390243902438,19.024390243902438,0.0,1,1,2026-03-22 19:44:02
4413361003400,GD,KOMMUNE,Haschbach am Remigiusberg,Haschbach am Remigiusberg,416,416,0,416,416,0,92,92,0,22.115384615384613,22.115384615384613,0.0,1,1,2026-03-22 19:45:03
4413361003900,GD,KOMMUNE,Herchweiler,Herchweiler,282,282,0,281,281,0,45,45,0,16.014234875444842,16.014234875444842,0.0,1,1,2026-03-22 18:37:49
4413361004600,GD,KOMMUNE,Horschbach,Horschbach,141,141,0,139,139,0,34,34,0,24.46043165467626,24.46043165467626,0.0,1,1,2026-03-22 18:47:03
4413361005100,GD,KOMMUNE,Körborn,Körborn,195,195,0,194,194,0,54,54,0,27.835051546391753,27.835051546391753,0.0,1,1,2026-03-22 18:51:50
4413361005200,GD,KOMMUNE,Konken,Konken,467,467,0,462,462,0,109,109,0,23.593073593073594,23.593073593073594,0.0,1,1,2026-03-22 19:21:51
4413361005500,GD,KOMMUNE,Kusel,Kusel,2226,2226,0,2195,2195,0,610,610,0,27.790432801822323,27.790432801822323,0.0,6,6,2026-03-22 19:49:30
4413361006600,GD,KOMMUNE,Neunkirchen am Potzberg,Neunkirchen am Potzberg,208,208,0,205,205,0,44,44,0,21.463414634146343,21.463414634146343,0.0,1,1,2026-03-22 19:30:03
4413361006700,GD,KOMMUNE,Niederalben,Niederalben,178,178,0,175,175,0,45,45,0,25.71428571428571,25.71428571428571,0.0,1,1,2026-03-22 19:43:02
4413361006800,GD,KOMMUNE,Niederstaufenbach,Niederstaufenbach,138,138,0,138,138,0,45,45,0,32.608695652173914,32.608695652173914,0.0,1,1,2026-03-22 18:32:19
4413361007000,GD,KOMMUNE,Oberalben,Oberalben,132,132,0,130,130,0,21,21,0,16.153846153846153,16.153846153846153,0.0,1,1,2026-03-22 18:49:13
4413361007100,GD,KOMMUNE,Oberstaufenbach,Oberstaufenbach,140,140,0,138,138,0,33,33,0,23.91304347826087,23.91304347826087,0.0,1,1,2026-03-22 19:04:38
4413361007700,GD,KOMMUNE,Pfeffelbach,Pfeffelbach,537,537,0,532,532,0,101,101,0,18.984962406015036,18.984962406015036,0.0,1,1,2026-03-22 19:25:45
4413361007900,GD,KOMMUNE,Rammelsbach,Rammelsbach,816,816,0,806,806,0,187,187,0,23.200992555831267,23.200992555831267,0.0,1,1,2026-03-22 19:14:59
4413361008100,GD,KOMMUNE,Rathsweiler,Rathsweiler,90,90,0,89,89,0,32,32,0,35.95505617977528,35.95505617977528,0.0,1,1,2026-03-22 19:19:23
4413361008400,GD,KOMMUNE,Reichweiler,Reichweiler,332,332,0,328,328,0,70,70,0,21.341463414634145,21.341463414634145,0.0,1,1,2026-03-22 19:26:50
4413361008800,GD,KOMMUNE,Ruthweiler,Ruthweiler,251,251,0,248,248,0,67,67,0,27.016129032258064,27.016129032258064,0.0,1,1,2026-03-22 19:20:31
4413361008900,GD,KOMMUNE,Rutsweiler am Glan,Rutsweiler am Glan,174,174,0,174,174,0,38,38,0,21.839080459770116,21.839080459770116,0.0,1,1,2026-03-22 18:44:15
4413361009100,GD,KOMMUNE,Schellweiler,Schellweiler,275,275,0,274,274,0,56,56,0,20.437956204379564,20.437956204379564,0.0,1,1,2026-03-22 19:50:29
4413361009400,GD,KOMMUNE,Selchenbach,Selchenbach,185,185,0,184,184,0,34,34,0,18.478260869565215,18.478260869565215,0.0,1,1,2026-03-22 19:28:57
4413361009700,GD,KOMMUNE,Thallichtenberg,Thallichtenberg,313,313,0,309,309,0,80,80,0,25.88996763754045,25.88996763754045,0.0,1,1,2026-03-22 18:45:51
4413361009800,GD,KOMMUNE,Theisbergstegen,Theisbergstegen,413,413,0,409,409,0,106,106,0,25.91687041564792,25.91687041564792,0.0,1,1,2026-03-22 19:17:07
4413361009900,GD,KOMMUNE,Ulmet,Ulmet,392,392,0,391,391,0,95,95,0,24.296675191815854,24.296675191815854,0.0,1,1,2026-03-22 19:03:20
4413361010300,GD,KOMMUNE,Welchweiler,Welchweiler,97,97,0,97,97,0,19,19,0,19.587628865979383,19.587628865979383,0.0,1,1,2026-03-22 18:42:42
4413361010600,GD,KOMMUNE,Bedesbach,Bedesbach,450,450,0,444,444,0,99,99,0,22.2972972972973,22.2972972972973,0.0,1,1,2026-03-22 19:32:33
4420000000000,WK,WAHLKREIS,"Bad Dürkheim, Wahlkreis","Bad Dürkheim, Wahlkreis",50760,50760,0,50327,50336,9,15267,15267,0,30.33560514236891,30.33018118245391,-0.005423959914999443,71,71,2026-03-22 22:19:07
4423320000000,TK,WAHLKREIS_TEIL,"Bad Dürkheim, Teilkreis","Bad Dürkheim, Teilkreis",50760,50760,0,50327,50336,9,15267,15267,0,30.33560514236891,30.33018118245391,-0.005423959914999443,71,71,2026-03-22 22:18:48
4423320000200,VF,KOMMUNE,"Bad Dürkheim, Verbandsfreie Gemeinde","Bad Dürkheim, Verbandsfreie Gemeinde",10331,10331,0,10240,10240,0,3204,3204,0,31.289062499999996,31.289062499999996,0.0,15,15,2026-03-22 20:31:29
4423320000201,ST,KOMMUNENTEIL,Bad Dürkheim/Mitte,Bad Dürkheim/Mitte,1465,1465,0,1459,1459,0,487,487,0,33.37902673063742,33.37902673063742,0.0,2,2,2026-03-22 19:48:31
4423320000202,ST,KOMMUNENTEIL,Bad Dürkheim/Nord,Bad Dürkheim/Nord,811,811,0,804,804,0,273,273,0,33.95522388059701,33.95522388059701,0.0,1,1,2026-03-22 19:43:48
4423320000203,ST,KOMMUNENTEIL,Bad Dürkheim/Ost,Bad Dürkheim/Ost,1196,1196,0,1182,1182,0,327,327,0,27.66497461928934,27.66497461928934,0.0,2,2,2026-03-22 20:29:12
4423320000204,ST,KOMMUNENTEIL,Bad Dürkheim/Süd,Bad Dürkheim/Süd,1191,1191,0,1179,1179,0,385,385,0,32.654792196776924,32.654792196776924,0.0,2,2,2026-03-22 19:29:05
4423320000205,ST,KOMMUNENTEIL,Bad Dürkheim/Nordwest,Bad Dürkheim/Nordwest,632,632,0,625,625,0,145,145,0,23.200000000000003,23.200000000000003,0.0,1,1,2026-03-22 19:40:33
4423320000206,ST,KOMMUNENTEIL,Bad Dürkheim/West,Bad Dürkheim/West,776,776,0,770,770,0,272,272,0,35.324675324675326,35.324675324675326,0.0,1,1,2026-03-22 19:37:57
4423320000207,ST,KOMMUNENTEIL,Bad Dürkheim/Seebach,Bad Dürkheim/Seebach,1243,1243,0,1236,1236,0,481,481,0,38.915857605178,38.915857605178,0.0,1,1,2026-03-22 20:31:29
4423320000208,ST,KOMMUNENTEIL,Bad Dürkheim/Grethen,Bad Dürkheim/Grethen,1016,1016,0,1010,1010,0,263,263,0,26.03960396039604,26.03960396039604,0.0,2,2,2026-03-22 19:34:49
4423320000209,ST,KOMMUNENTEIL,Bad Dürkheim/Hardenburg,Bad Dürkheim/Hardenburg,526,526,0,517,517,0,130,130,0,25.145067698259187,25.145067698259187,0.0,1,1,2026-03-22 19:16:15
4423320000210,ST,KOMMUNENTEIL,Bad Dürkheim/Leistadt,Bad Dürkheim/Leistadt,712,712,0,701,701,0,187,187,0,26.676176890156917,26.676176890156917,0.0,1,1,2026-03-22 19:20:31
4423320000211,ST,KOMMUNENTEIL,Bad Dürkheim/Ungstein,Bad Dürkheim/Ungstein,763,763,0,757,757,0,254,254,0,33.55350066050198,33.55350066050198,0.0,1,1,2026-03-22 19:50:56
4423320002400,VF,KOMMUNE,"Grünstadt, Verbandsfreie Gemeinde","Grünstadt, Verbandsfreie Gemeinde",7036,7036,0,6982,6982,0,2112,2112,0,30.24921226009739,30.24921226009739,0.0,9,9,2026-03-22 19:55:24
4423320200000,VG,KOMMUNE,"Freinsheim, VG","Freinsheim, VG",9460,9448,-12,9387,9387,0,2995,2995,0,31.90582720784063,31.90582720784063,0.0,13,13,2026-03-22 20:31:33
4423320200500,GD,KOMMUNE,Bobenheim am Berg,Bobenheim am Berg,533,533,0,532,532,0,185,185,0,34.774436090225564,34.774436090225564,0.0,1,1,2026-03-22 19:32:34
4423320200800,GD,KOMMUNE,Dackenheim,Dackenheim,302,302,0,302,302,0,96,96,0,31.788079470198678,31.788079470198678,0.0,1,1,2026-03-22 18:46:18
4423320201500,GD,KOMMUNE,Erpolzheim,Erpolzheim,893,888,-5,882,882,0,279,279,0,31.63265306122449,31.63265306122449,0.0,1,1,2026-03-22 19:56:18
4423320201900,GD,KOMMUNE,Freinsheim,Freinsheim,3010,3010,0,2987,2987,0,895,895,0,29.96317375292936,29.96317375292936,0.0,3,3,2026-03-22 20:31:33
4423320202600,GD,KOMMUNE,Herxheim am Berg,Herxheim am Berg,446,446,0,446,446,0,150,150,0,33.6322869955157,33.6322869955157,0.0,1,1,2026-03-22 19:24:47
4423320202800,GD,KOMMUNE,Kallstadt,Kallstadt,725,725,0,722,722,0,257,257,0,35.59556786703601,35.59556786703601,0.0,1,1,2026-03-22 19:27:42
4423320204900,GD,KOMMUNE,Weisenheim am Berg,Weisenheim am Berg,1027,1020,-7,1010,1010,0,369,369,0,36.53465346534654,36.53465346534654,0.0,2,2,2026-03-22 19:50:29
4423320205000,GD,KOMMUNE,Weisenheim am Sand,Weisenheim am Sand,2524,2524,0,2506,2506,0,764,764,0,30.486831604150037,30.486831604150037,0.0,3,3,2026-03-22 19:49:37
4423320600000,VG,KOMMUNE,"Wachenheim an der Weinstraße, VG","Wachenheim an der Weinstraße, VG",6136,6136,0,6092,6092,0,2156,2156,0,35.390676296782665,35.390676296782665,0.0,8,8,2026-03-22 19:46:17
4423320601300,GD,KOMMUNE,Ellerstadt,Ellerstadt,1433,1433,0,1419,1419,0,460,460,0,32.41719520789289,32.41719520789289,0.0,2,2,2026-03-22 19:20:46
4423320602000,GD,KOMMUNE,Friedelsheim,Friedelsheim,903,903,0,898,898,0,322,322,0,35.85746102449889,35.85746102449889,0.0,1,1,2026-03-22 19:18:29
4423320602200,GD,KOMMUNE,Gönnheim,Gönnheim,980,980,0,971,971,0,326,326,0,33.573635427394436,33.573635427394436,0.0,1,1,2026-03-22 19:05:38
4423320604600,GD,KOMMUNE,Wachenheim an der Weinstraße,Wachenheim an der Weinstraße,2820,2820,0,2804,2804,0,1048,1048,0,37.375178316690445,37.375178316690445,0.0,4,4,2026-03-22 19:46:17
4423320700000,VG,KOMMUNE,"Leiningerland, VG","Leiningerland, VG",17797,17809,12,17626,17635,9,4800,4800,0,27.232497446953364,27.218599376240434,-0.013898070712929922,26,26,2026-03-22 22:18:48
4423320700100,GD,KOMMUNE,Altleiningen,Altleiningen,999,999,0,985,985,0,245,245,0,24.873096446700508,24.873096446700508,0.0,2,2,2026-03-22 20:57:44
4423320700300,GD,KOMMUNE,Battenberg (Pfalz),Battenberg (Pfalz),266,266,0,262,262,0,123,123,0,46.94656488549619,46.94656488549619,0.0,1,1,2026-03-22 18:46:59
4423320700400,GD,KOMMUNE,Bissersheim,Bissersheim,283,283,0,282,282,0,100,100,0,35.46099290780142,35.46099290780142,0.0,1,1,2026-03-22 19:04:22
4423320700600,GD,KOMMUNE,Bockenheim an der Weinstraße,Bockenheim an der Weinstraße,1380,1380,0,1361,1361,0,354,354,0,26.01028655400441,26.01028655400441,0.0,1,1,2026-03-22 19:50:15
4423320700700,GD,KOMMUNE,Carlsberg,Carlsberg,1913,1913,0,1900,1900,0,436,436,0,22.94736842105263,22.94736842105263,0.0,2,2,2026-03-22 20:20:53
4423320701000,GD,KOMMUNE,Dirmstein,Dirmstein,1757,1757,0,1744,1744,0,501,501,0,28.727064220183486,28.727064220183486,0.0,2,2,2026-03-22 20:46:39
4423320701200,GD,KOMMUNE,Ebertsheim,Ebertsheim,719,719,0,710,710,0,159,159,0,22.3943661971831,22.3943661971831,0.0,1,1,2026-03-22 19:06:31
4423320702100,GD,KOMMUNE,Gerolsheim,Gerolsheim,1004,1016,12,1003,1012,9,287,287,0,28.614157527417746,28.3596837944664,-0.2544737329513467,1,1,2026-03-22 22:18:48
4423320702300,GD,KOMMUNE,Großkarlbach,Großkarlbach,673,673,0,665,665,0,205,205,0,30.82706766917293,30.82706766917293,0.0,1,1,2026-03-22 20:26:57
4423320702700,GD,KOMMUNE,Hettenleidelheim,Hettenleidelheim,1552,1552,0,1529,1529,0,472,472,0,30.869849574885542,30.869849574885542,0.0,2,2,2026-03-22 19:30:58
4423320702900,GD,KOMMUNE,Kindenheim,Kindenheim,606,606,0,601,601,0,145,145,0,24.126455906821963,24.126455906821963,0.0,1,1,2026-03-22 19:47:26
4423320703000,GD,KOMMUNE,Kirchheim an der Weinstraße,Kirchheim an der Weinstraße,1108,1108,0,1102,1102,0,335,335,0,30.399274047186932,30.399274047186932,0.0,1,1,2026-03-22 20:05:50
4423320703100,GD,KOMMUNE,Kleinkarlbach,Kleinkarlbach,532,532,0,527,527,0,137,137,0,25.996204933586338,25.996204933586338,0.0,1,1,2026-03-22 19:11:24
4423320703300,GD,KOMMUNE,Laumersheim,Laumersheim,528,528,0,523,523,0,146,146,0,27.915869980879542,27.915869980879542,0.0,1,1,2026-03-22 19:35:44
4423320703600,GD,KOMMUNE,Mertesheim,Mertesheim,233,233,0,229,229,0,61,61,0,26.637554585152838,26.637554585152838,0.0,1,1,2026-03-22 19:33:03
4423320703800,GD,KOMMUNE,Neuleiningen,Neuleiningen,456,456,0,450,450,0,158,158,0,35.11111111111111,35.11111111111111,0.0,1,1,2026-03-22 19:08:54
4423320704000,GD,KOMMUNE,Obersülzen,Obersülzen,436,436,0,431,431,0,122,122,0,28.306264501160094,28.306264501160094,0.0,1,1,2026-03-22 20:14:21
4423320704100,GD,KOMMUNE,Obrigheim (Pfalz),Obrigheim (Pfalz),1488,1488,0,1477,1477,0,313,313,0,21.191604603926876,21.191604603926876,0.0,2,2,2026-03-22 21:25:45
4423320704200,GD,KOMMUNE,Quirnheim,Quirnheim,431,431,0,424,424,0,92,92,0,21.69811320754717,21.69811320754717,0.0,1,1,2026-03-22 19:13:31
4423320704400,GD,KOMMUNE,Tiefenthal,Tiefenthal,468,468,0,465,465,0,129,129,0,27.741935483870968,27.741935483870968,0.0,1,1,2026-03-22 19:02:29
4423320704700,GD,KOMMUNE,Wattenheim,Wattenheim,965,965,0,956,956,0,280,280,0,29.288702928870293,29.288702928870293,0.0,1,1,2026-03-22 19:52:41
4430000000000,WK,WAHLKREIS,"Neustadt an der Weinstraße, Wahlkreis","Neustadt an der Weinstraße, Wahlkreis",46281,46281,0,45922,45922,0,13253,13253,0,28.85980575758896,28.85980575758896,0.0,80,80,2026-03-22 21:23:10
4433160000000,KS,KREIS_ODER_STADT,"Neustadt an der Weinstraße, Kreisfreie Stadt","Neustadt an der Weinstraße, Kreisfreie Stadt",27600,27600,0,27376,27376,0,7630,7630,0,27.871127995324375,27.871127995324375,0.0,57,57,2026-03-22 20:44:14
4433160000010,ST,KOMMUNENTEIL,Innenstadt,Innenstadt,1774,1774,0,1765,1765,0,388,388,0,21.98300283286119,21.98300283286119,0.0,3,3,2026-03-22 20:01:57
4433160000011,ST,KOMMUNENTEIL,Diedesfeld,Diedesfeld,1368,1368,0,1350,1350,0,450,450,0,33.33333333333333,33.33333333333333,0.0,3,3,2026-03-22 19:38:03
4433160000020,ST,KOMMUNENTEIL,Hambacher Höhe,Hambacher Höhe,2378,2378,0,2364,2364,0,768,768,0,32.48730964467005,32.48730964467005,0.0,5,5,2026-03-22 20:13:20
4433160000022,ST,KOMMUNENTEIL,Geinsheim,Geinsheim,1140,1140,0,1133,1133,0,416,416,0,36.716681376875556,36.716681376875556,0.0,3,3,2026-03-22 19:25:25
4433160000030,ST,KOMMUNENTEIL,Vorstadt,Vorstadt,1154,1154,0,1143,1143,0,201,201,0,17.585301837270343,17.585301837270343,0.0,2,2,2026-03-22 19:43:54
4433160000033,ST,KOMMUNENTEIL,Gimmeldingen,Gimmeldingen,1336,1336,0,1326,1326,0,403,403,0,30.392156862745097,30.392156862745097,0.0,3,3,2026-03-22 20:13:44
4433160000040,ST,KOMMUNENTEIL,Schöntal,Schöntal,1307,1307,0,1293,1293,0,260,260,0,20.10827532869296,20.10827532869296,0.0,3,3,2026-03-22 19:34:22
4433160000044,ST,KOMMUNENTEIL,Haardt,Haardt,1571,1571,0,1555,1555,0,532,532,0,34.21221864951768,34.21221864951768,0.0,3,3,2026-03-22 19:37:31
4433160000050,ST,KOMMUNENTEIL,Winzingen,Winzingen,1701,1701,0,1687,1687,0,295,295,0,17.48666271487848,17.48666271487848,0.0,4,4,2026-03-22 20:03:54
4433160000055,ST,KOMMUNENTEIL,Hambach,Hambach,3008,3008,0,2984,2984,0,1064,1064,0,35.656836461126005,35.656836461126005,0.0,6,6,2026-03-22 19:35:29
4433160000060,ST,KOMMUNENTEIL,Böbig,Böbig,1084,1084,0,1069,1069,0,195,195,0,18.24134705332086,18.24134705332086,0.0,2,2,2026-03-22 19:23:42
4433160000066,ST,KOMMUNENTEIL,Königsbach,Königsbach,708,708,0,695,695,0,296,296,0,42.589928057553955,42.589928057553955,0.0,2,2,2026-03-22 19:30:52
4433160000070,ST,KOMMUNENTEIL,Oststadt,Oststadt,3012,3012,0,2983,2983,0,605,605,0,20.281595709017765,20.281595709017765,0.0,6,6,2026-03-22 19:39:36
4433160000077,ST,KOMMUNENTEIL,Lachen-Speyerdorf,Lachen-Speyerdorf,2995,2995,0,2981,2981,0,810,810,0,27.17208990271721,27.17208990271721,0.0,6,6,2026-03-22 20:44:14
4433160000088,ST,KOMMUNENTEIL,Mußbach,Mußbach,2427,2427,0,2417,2417,0,742,742,0,30.699213901530825,30.699213901530825,0.0,4,4,2026-03-22 19:43:22
4433160000099,ST,KOMMUNENTEIL,Duttweiler,Duttweiler,637,637,0,631,631,0,205,205,0,32.48811410459588,32.48811410459588,0.0,2,2,2026-03-22 19:33:40
4433320000000,TK,WAHLKREIS_TEIL,"Bad Dürkheim, Teilkreis","Bad Dürkheim, Teilkreis",18681,18681,0,18546,18546,0,5623,5623,0,30.319206297853984,30.319206297853984,0.0,23,23,2026-03-22 21:22:43
4433320002500,VF,KOMMUNE,"Haßloch, Verbandsfreie Gemeinde","Haßloch, Verbandsfreie Gemeinde",11324,11324,0,11242,11242,0,2731,2731,0,24.292830457214016,24.292830457214016,0.0,13,13,2026-03-22 21:22:43
4433320100000,VG,KOMMUNE,"Deidesheim, VG","Deidesheim, VG",7357,7357,0,7304,7304,0,2892,2892,0,39.5947426067908,39.5947426067908,0.0,10,10,2026-03-22 19:24:00
4433320100900,GD,KOMMUNE,Deidesheim,Deidesheim,2372,2372,0,2352,2352,0,993,993,0,42.21938775510204,42.21938775510204,0.0,3,3,2026-03-22 19:24:00
4433320101700,GD,KOMMUNE,Forst an der Weinstrasse,Forst an der Weinstrasse,536,536,0,536,536,0,245,245,0,45.7089552238806,45.7089552238806,0.0,1,1,2026-03-22 19:13:44
4433320103500,GD,KOMMUNE,Meckenheim,Meckenheim,2099,2099,0,2086,2086,0,636,636,0,30.488974113135185,30.488974113135185,0.0,3,3,2026-03-22 18:58:10
4433320103900,GD,KOMMUNE,Niederkirchen bei Deidesheim,Niederkirchen bei Deidesheim,1435,1435,0,1423,1423,0,645,645,0,45.32677442023893,45.32677442023893,0.0,2,2,2026-03-22 19:04:59
4433320104300,GD,KOMMUNE,Ruppertsberg,Ruppertsberg,915,915,0,907,907,0,373,373,0,41.12458654906285,41.12458654906285,0.0,1,1,2026-03-22 19:10:08
4440000000000,WK,WAHLKREIS,"Kaiserslautern I, Wahlkreis","Kaiserslautern I, Wahlkreis",26306,26312,6,26090,26090,0,5417,5417,0,20.76274434649291,20.76274434649291,0.0,54,54,2026-03-22 20:56:57
4443120000000,TS,WAHLKREIS_TEIL,"Kaiserslautern, Teilkreisfreie Stadt","Kaiserslautern, Teilkreisfreie Stadt",26306,26312,6,26090,26090,0,5417,5417,0,20.76274434649291,20.76274434649291,0.0,54,54,2026-03-22 20:54:33
4443120000001,ST,KOMMUNENTEIL,Kaiserslautern/Innenstadt Ost,Kaiserslautern/Innenstadt Ost,3827,3833,6,3797,3797,0,682,682,0,17.96154859099289,17.96154859099289,0.0,8,8,2026-03-22 20:54:33
4443120000002,ST,KOMMUNENTEIL,Kaiserslautern/Innenstadt-Südwest,Kaiserslautern/Innenstadt-Südwest,2913,2913,0,2884,2884,0,529,529,0,18.34257975034674,18.34257975034674,0.0,6,6,2026-03-22 20:07:31
4443120000003,ST,KOMMUNENTEIL,Kaiserslautern/Innenstadt West/Kotten,Kaiserslautern/Innenstadt West/Kotten,3533,3533,0,3500,3500,0,603,603,0,17.228571428571428,17.228571428571428,0.0,7,7,2026-03-22 19:59:31
4443120000004,ST,KOMMUNENTEIL,Kaiserslautern/Innenstadt Nord/Kaiserberg,Kaiserslautern/Innenstadt Nord/Kaiserberg,3981,3981,0,3959,3959,0,982,982,0,24.80424349583228,24.80424349583228,0.0,8,8,2026-03-22 20:33:07
4443120000005,ST,KOMMUNENTEIL,Kaiserslautern/Grübentälchen/Volkspark,Kaiserslautern/Grübentälchen/Volkspark,3528,3528,0,3497,3497,0,601,601,0,17.186159565341722,17.186159565341722,0.0,7,7,2026-03-22 20:03:29
4443120000008,ST,KOMMUNENTEIL,Kaiserslautern/Bännjerrück/Karl-Pfaff-Siedlung,Kaiserslautern/Bännjerrück/Karl-Pfaff-Siedlung,2790,2790,0,2760,2760,0,637,637,0,23.07971014492754,23.07971014492754,0.0,6,6,2026-03-22 20:15:21
4443120000009,ST,KOMMUNENTEIL,Kaiserslautern-West,Kaiserslautern-West,2502,2502,0,2486,2486,0,491,491,0,19.750603378921962,19.750603378921962,0.0,5,5,2026-03-22 20:38:26
4443120000010,ST,KOMMUNENTEIL,Kaiserslautern/Erzhütten/Wiesenthalerhof,Kaiserslautern/Erzhütten/Wiesenthalerhof,1482,1482,0,1469,1469,0,344,344,0,23.417290673927845,23.417290673927845,0.0,3,3,2026-03-22 20:20:21
4443120000016,ST,KOMMUNENTEIL,Kaiserslautern/Hohenecken,Kaiserslautern/Hohenecken,1750,1750,0,1738,1738,0,548,548,0,31.530494821634065,31.530494821634065,0.0,4,4,2026-03-22 19:41:35
4450000000000,WK,WAHLKREIS,"Kaiserslautern II, Wahlkreis","Kaiserslautern II, Wahlkreis",42805,42805,0,42450,42450,0,10378,10378,0,24.44758539458186,24.44758539458186,0.0,83,83,2026-03-22 20:52:42
4453120000000,TS,WAHLKREIS_TEIL,"Kaiserslautern, Teilkreisfreie Stadt","Kaiserslautern, Teilkreisfreie Stadt",15177,15177,0,15072,15072,0,3675,3675,0,24.38296178343949,24.38296178343949,0.0,32,32,2026-03-22 20:08:56
4453120000006,ST,KOMMUNENTEIL,Kaiserslautern/Betzenberg,Kaiserslautern/Betzenberg,1929,1929,0,1912,1912,0,452,452,0,23.640167364016737,23.640167364016737,0.0,4,4,2026-03-22 20:08:56
4453120000007,ST,KOMMUNENTEIL,Kaiserslautern/Lämmchesberg/Uniwohnstadt,Kaiserslautern/Lämmchesberg/Uniwohnstadt,4739,4739,0,4709,4709,0,1061,1061,0,22.531322998513485,22.531322998513485,0.0,9,9,2026-03-22 19:48:22
4453120000011,ST,KOMMUNENTEIL,Kaiserslautern/Einsiedlerhof,Kaiserslautern/Einsiedlerhof,488,488,0,485,485,0,107,107,0,22.061855670103093,22.061855670103093,0.0,2,2,2026-03-22 19:50:44
4453120000012,ST,KOMMUNENTEIL,Kaiserslautern/Morlautern,Kaiserslautern/Morlautern,1667,1667,0,1659,1659,0,467,467,0,28.149487643158526,28.149487643158526,0.0,3,3,2026-03-22 19:39:54
4453120000013,ST,KOMMUNENTEIL,Kaiserslautern/Erlenbach,Kaiserslautern/Erlenbach,1228,1228,0,1216,1216,0,281,281,0,23.108552631578945,23.108552631578945,0.0,3,3,2026-03-22 19:16:33
4453120000014,ST,KOMMUNENTEIL,Kaiserslautern/Mölschbach,Kaiserslautern/Mölschbach,679,679,0,678,678,0,151,151,0,22.271386430678465,22.271386430678465,0.0,2,2,2026-03-22 19:32:50
4453120000015,ST,KOMMUNENTEIL,Kaiserslautern/Dansenberg,Kaiserslautern/Dansenberg,1451,1451,0,1444,1444,0,457,457,0,31.648199445983376,31.648199445983376,0.0,3,3,2026-03-22 19:58:11
4453120000017,ST,KOMMUNENTEIL,Kaiserslautern/Siegelbach,Kaiserslautern/Siegelbach,1534,1534,0,1516,1516,0,349,349,0,23.021108179419524,23.021108179419524,0.0,3,3,2026-03-22 20:00:50
4453120000018,ST,KOMMUNENTEIL,Kaiserslautern/Erfenbach,Kaiserslautern/Erfenbach,1462,1462,0,1453,1453,0,350,350,0,24.088093599449415,24.088093599449415,0.0,3,3,2026-03-22 20:02:21
4453320000000,TK,WAHLKREIS_TEIL,"Bad Dürkheim, Teilkreis","Bad Dürkheim, Teilkreis",6314,6314,0,6236,6236,0,1494,1494,0,23.957665169980757,23.957665169980757,0.0,14,14,2026-03-22 19:58:32
4453320500000,VG,KOMMUNE,"Lambrecht (Pfalz), VG","Lambrecht (Pfalz), VG",6314,6314,0,6236,6236,0,1494,1494,0,23.957665169980757,23.957665169980757,0.0,14,14,2026-03-22 19:58:32
4453320501400,GD,KOMMUNE,Elmstein,Elmstein,1272,1272,0,1251,1251,0,270,270,0,21.58273381294964,21.58273381294964,0.0,3,3,2026-03-22 19:48:49
4453320501600,GD,KOMMUNE,Esthal,Esthal,758,758,0,752,752,0,223,223,0,29.654255319148938,29.654255319148938,0.0,2,2,2026-03-22 19:19:36
4453320501800,GD,KOMMUNE,Frankeneck,Frankeneck,409,409,0,403,403,0,85,85,0,21.09181141439206,21.09181141439206,0.0,1,1,2026-03-22 19:40:56
4453320503200,GD,KOMMUNE,Lambrecht (Pfalz),Lambrecht (Pfalz),1806,1806,0,1788,1788,0,421,421,0,23.54586129753915,23.54586129753915,0.0,3,3,2026-03-22 19:58:32
4453320503400,GD,KOMMUNE,Lindenberg,Lindenberg,652,652,0,647,647,0,153,153,0,23.64760432766615,23.64760432766615,0.0,2,2,2026-03-22 19:17:51
4453320503700,GD,KOMMUNE,Neidenfels,Neidenfels,462,462,0,454,454,0,126,126,0,27.75330396475771,27.75330396475771,0.0,1,1,2026-03-22 19:14:14
4453320504800,GD,KOMMUNE,Weidenthal,Weidenthal,955,955,0,941,941,0,216,216,0,22.954303931987248,22.954303931987248,0.0,2,2,2026-03-22 19:21:10
4453350000000,TK,WAHLKREIS_TEIL,"Kaiserslautern, Teilkreis","Kaiserslautern, Teilkreis",21314,21314,0,21142,21142,0,5209,5209,0,24.63816100652729,24.63816100652729,0.0,37,37,2026-03-22 20:45:33
4453350200000,VG,KOMMUNE,"Enkenbach-Alsenborn, VG","Enkenbach-Alsenborn, VG",10734,10734,0,10651,10651,0,2780,2780,0,26.100835602290868,26.100835602290868,0.0,15,15,2026-03-22 20:45:33
4453350200400,GD,KOMMUNE,Enkenbach-Alsenborn,Enkenbach-Alsenborn,3752,3752,0,3730,3730,0,1097,1097,0,29.410187667560322,29.410187667560322,0.0,4,4,2026-03-22 19:44:29
4453350200700,GD,KOMMUNE,Fischbach,Fischbach,463,463,0,459,459,0,124,124,0,27.01525054466231,27.01525054466231,0.0,1,1,2026-03-22 19:15:20
4453350201000,GD,KOMMUNE,Frankenstein,Frankenstein,503,503,0,501,501,0,70,70,0,13.972055888223553,13.972055888223553,0.0,1,1,2026-03-22 19:13:02
4453350201500,GD,KOMMUNE,Hochspeyer,Hochspeyer,2499,2499,0,2476,2476,0,604,604,0,24.394184168012924,24.394184168012924,0.0,3,3,2026-03-22 20:45:33
4453350202600,GD,KOMMUNE,Mehlingen,Mehlingen,2122,2122,0,2106,2106,0,563,563,0,26.733143399810068,26.733143399810068,0.0,3,3,2026-03-22 19:46:03
4453350202800,GD,KOMMUNE,Neuhemsbach,Neuhemsbach,547,547,0,544,544,0,120,120,0,22.058823529411764,22.058823529411764,0.0,1,1,2026-03-22 19:33:17
4453350204800,GD,KOMMUNE,Waldleiningen,Waldleiningen,211,211,0,207,207,0,64,64,0,30.917874396135264,30.917874396135264,0.0,1,1,2026-03-22 18:44:55
4453350220500,GD,KOMMUNE,Sembach,Sembach,637,637,0,628,628,0,138,138,0,21.97452229299363,21.97452229299363,0.0,1,1,2026-03-22 19:05:03
4453351000000,VG,KOMMUNE,"Otterbach-Otterberg, VG","Otterbach-Otterberg, VG",10580,10580,0,10491,10491,0,2429,2429,0,23.1531789152607,23.1531789152607,0.0,22,22,2026-03-22 20:28:10
4453351000900,GD,KOMMUNE,Frankelbach,Frankelbach,200,200,0,196,196,0,38,38,0,19.387755102040817,19.387755102040817,0.0,1,1,2026-03-22 18:56:34
4453351001300,GD,KOMMUNE,Heiligenmoschel,Heiligenmoschel,398,398,0,393,393,0,82,82,0,20.865139949109416,20.865139949109416,0.0,1,1,2026-03-22 18:50:58
4453351001400,GD,KOMMUNE,Hirschhorn (Pfalz),Hirschhorn (Pfalz),406,406,0,403,403,0,74,74,0,18.36228287841191,18.36228287841191,0.0,1,1,2026-03-22 19:32:19
4453351001700,GD,KOMMUNE,Katzweiler,Katzweiler,1005,1005,0,994,994,0,221,221,0,22.23340040241449,22.23340040241449,0.0,2,2,2026-03-22 19:20:48
4453351002500,GD,KOMMUNE,Mehlbach,Mehlbach,602,602,0,597,597,0,97,97,0,16.24790619765494,16.24790619765494,0.0,1,1,2026-03-22 19:19:29
4453351002900,GD,KOMMUNE,Niederkirchen,Niederkirchen,1095,1095,0,1084,1084,0,233,233,0,21.494464944649447,21.494464944649447,0.0,2,2,2026-03-22 19:31:03
4453351003300,GD,KOMMUNE,Olsbrücken,Olsbrücken,621,621,0,615,615,0,142,142,0,23.089430894308943,23.089430894308943,0.0,1,1,2026-03-22 19:34:46
4453351003400,GD,KOMMUNE,Otterbach,Otterbach,2160,2160,0,2144,2144,0,533,533,0,24.86007462686567,24.86007462686567,0.0,5,5,2026-03-22 20:28:10
4453351003500,GD,KOMMUNE,Otterberg,Otterberg,3045,3045,0,3024,3024,0,732,732,0,24.206349206349206,24.206349206349206,0.0,5,5,2026-03-22 20:25:07
4453351004100,GD,KOMMUNE,Schallodenbach,Schallodenbach,486,486,0,483,483,0,152,152,0,31.469979296066253,31.469979296066253,0.0,1,1,2026-03-22 19:08:39
4453351004200,GD,KOMMUNE,Schneckenhausen,Schneckenhausen,335,335,0,331,331,0,90,90,0,27.19033232628399,27.19033232628399,0.0,1,1,2026-03-22 18:52:52
4453351004600,GD,KOMMUNE,Sulzbachtal,Sulzbachtal,227,227,0,227,227,0,35,35,0,15.418502202643172,15.418502202643172,0.0,1,1,2026-03-22 18:33:07
4460000000000,WK,WAHLKREIS,"Kaiserslautern-Land, Wahlkreis","Kaiserslautern-Land, Wahlkreis",33318,33318,0,33018,33018,0,9973,9973,0,30.204736810224723,30.204736810224723,0.0,69,69,2026-03-22 20:32:00
4463350000000,TK,WAHLKREIS_TEIL,"Kaiserslautern, Teilkreis","Kaiserslautern, Teilkreis",33318,33318,0,33018,33018,0,9973,9973,0,30.204736810224723,30.204736810224723,0.0,69,69,2026-03-22 20:29:39
4463350100000,VG,KOMMUNE,"Bruchmühlbach-Miesau, VG","Bruchmühlbach-Miesau, VG",4734,4734,0,4674,4674,0,1177,1177,0,25.181857081728715,25.181857081728715,0.0,11,11,2026-03-22 19:43:23
4463350100300,GD,KOMMUNE,Bruchmühlbach-Miesau,Bruchmühlbach-Miesau,3214,3214,0,3168,3168,0,784,784,0,24.747474747474747,24.747474747474747,0.0,7,7,2026-03-22 19:39:37
4463350100301,ST,KOMMUNENTEIL,Bruchmühlbach-Miesau/Bruchmühlbach,Bruchmühlbach-Miesau/Bruchmühlbach,1186,1186,0,1175,1175,0,310,310,0,26.382978723404253,26.382978723404253,0.0,2,2,2026-03-22 19:39:37
4463350100302,ST,KOMMUNENTEIL,Bruchmühlbach-Miesau/Miesau,Bruchmühlbach-Miesau/Miesau,1027,1027,0,1003,1003,0,237,237,0,23.629112662013956,23.629112662013956,0.0,2,2,2026-03-22 19:34:07
4463350100303,ST,KOMMUNENTEIL,Bruchmühlbach-Miesau/Elschbach,Bruchmühlbach-Miesau/Elschbach,232,232,0,227,227,0,67,67,0,29.515418502202646,29.515418502202646,0.0,1,1,2026-03-22 18:49:28
4463350100304,ST,KOMMUNENTEIL,Bruchmühlbach-Miesau/Vogelbach,Bruchmühlbach-Miesau/Vogelbach,518,518,0,514,514,0,125,125,0,24.31906614785992,24.31906614785992,0.0,1,1,2026-03-22 19:09:40
4463350100305,ST,KOMMUNENTEIL,Bruchmühlbach-Miesau/Buchholz,Bruchmühlbach-Miesau/Buchholz,251,251,0,249,249,0,45,45,0,18.072289156626507,18.072289156626507,0.0,1,1,2026-03-22 19:10:59
4463350101100,GD,KOMMUNE,Gerhardsbrunn,Gerhardsbrunn,113,113,0,113,113,0,43,43,0,38.05309734513274,38.05309734513274,0.0,1,1,2026-03-22 18:30:30
4463350120100,GD,KOMMUNE,Lambsborn,Lambsborn,402,402,0,400,400,0,77,77,0,19.25,19.25,0.0,1,1,2026-03-22 19:05:12
4463350120200,GD,KOMMUNE,Langwieden,Langwieden,184,184,0,183,183,0,42,42,0,22.950819672131146,22.950819672131146,0.0,1,1,2026-03-22 18:48:10
4463350120300,GD,KOMMUNE,Martinshöhe,Martinshöhe,821,821,0,810,810,0,231,231,0,28.51851851851852,28.51851851851852,0.0,1,1,2026-03-22 19:43:23
4463350800000,VG,KOMMUNE,"Ramstein-Miesenbach, VG","Ramstein-Miesenbach, VG",7892,7892,0,7818,7818,0,2686,2686,0,34.35661294448708,34.35661294448708,0.0,23,23,2026-03-22 19:53:43
4463350801600,GD,KOMMUNE,Hütschenhausen,Hütschenhausen,2021,2021,0,1996,1996,0,632,632,0,31.663326653306612,31.663326653306612,0.0,6,6,2026-03-22 19:45:36
4463350802000,GD,KOMMUNE,Kottweiler-Schwanden,Kottweiler-Schwanden,666,666,0,663,663,0,223,223,0,33.63499245852187,33.63499245852187,0.0,2,2,2026-03-22 19:53:43
4463350803000,GD,KOMMUNE,Niedermohr,Niedermohr,776,776,0,765,765,0,255,255,0,33.33333333333333,33.33333333333333,0.0,2,2,2026-03-22 19:08:46
4463350803800,GD,KOMMUNE,Ramstein-Miesenbach,Ramstein-Miesenbach,3188,3188,0,3164,3164,0,1199,1199,0,37.89506953223768,37.89506953223768,0.0,9,9,2026-03-22 19:39:39
4463350804400,GD,KOMMUNE,Steinwenden,Steinwenden,1241,1241,0,1230,1230,0,377,377,0,30.650406504065042,30.650406504065042,0.0,4,4,2026-03-22 19:09:21
4463350900000,VG,KOMMUNE,"Weilerbach, VG","Weilerbach, VG",7521,7521,0,7478,7478,0,1921,1921,0,25.688686814656325,25.688686814656325,0.0,13,13,2026-03-22 19:47:40
4463350900500,GD,KOMMUNE,Erzenhausen,Erzenhausen,425,425,0,422,422,0,103,103,0,24.407582938388625,24.407582938388625,0.0,1,1,2026-03-22 19:45:40
4463350900600,GD,KOMMUNE,Eulenbis,Eulenbis,253,253,0,249,249,0,67,67,0,26.907630522088354,26.907630522088354,0.0,1,1,2026-03-22 18:49:44
4463350901900,GD,KOMMUNE,Kollweiler,Kollweiler,267,267,0,267,267,0,76,76,0,28.46441947565543,28.46441947565543,0.0,1,1,2026-03-22 18:52:56
4463350902400,GD,KOMMUNE,Mackenbach,Mackenbach,1007,1007,0,1001,1001,0,226,226,0,22.577422577422578,22.577422577422578,0.0,2,2,2026-03-22 19:31:14
4463350904000,GD,KOMMUNE,Rodenbach,Rodenbach,1834,1834,0,1825,1825,0,466,466,0,25.53424657534247,25.53424657534247,0.0,2,2,2026-03-22 19:47:40
4463350904300,GD,KOMMUNE,Schwedelbach,Schwedelbach,600,600,0,596,596,0,160,160,0,26.845637583892618,26.845637583892618,0.0,1,1,2026-03-22 19:26:20
4463350904900,GD,KOMMUNE,Weilerbach,Weilerbach,2335,2335,0,2323,2323,0,651,651,0,28.024106758501937,28.024106758501937,0.0,3,3,2026-03-22 19:43:49
4463350950100,GD,KOMMUNE,Reichenbach-Steegen,Reichenbach-Steegen,800,800,0,795,795,0,172,172,0,21.635220125786166,21.635220125786166,0.0,2,2,2026-03-22 19:05:14
4463351100000,VG,KOMMUNE,"Landstuhl, VG","Landstuhl, VG",13171,13171,0,13048,13048,0,4189,4189,0,32.10453709380748,32.10453709380748,0.0,22,22,2026-03-22 20:29:39
4463351100200,GD,KOMMUNE,Bann,Bann,1290,1290,0,1277,1277,0,448,448,0,35.0822239624119,35.0822239624119,0.0,2,2,2026-03-22 19:32:22
4463351101200,GD,KOMMUNE,Hauptstuhl,Hauptstuhl,579,579,0,574,574,0,168,168,0,29.268292682926827,29.268292682926827,0.0,1,1,2026-03-22 19:38:17
4463351101800,GD,KOMMUNE,Kindsbach,Kindsbach,1242,1242,0,1230,1230,0,433,433,0,35.203252032520325,35.203252032520325,0.0,2,2,2026-03-22 19:28:24
4463351102100,GD,KOMMUNE,Krickenbach,Krickenbach,756,756,0,753,753,0,212,212,0,28.15405046480744,28.15405046480744,0.0,1,1,2026-03-22 19:26:12
4463351102200,GD,KOMMUNE,Landstuhl,Landstuhl,3076,3076,0,3051,3051,0,1017,1017,0,33.33333333333333,33.33333333333333,0.0,5,5,2026-03-22 20:29:39
4463351102300,GD,KOMMUNE,Linden,Linden,700,700,0,686,686,0,221,221,0,32.21574344023323,32.21574344023323,0.0,1,1,2026-03-22 19:08:45
4463351102700,GD,KOMMUNE,Mittelbrunn,Mittelbrunn,413,413,0,406,406,0,127,127,0,31.2807881773399,31.2807881773399,0.0,1,1,2026-03-22 19:45:37
4463351103100,GD,KOMMUNE,Oberarnbach,Oberarnbach,292,292,0,288,288,0,99,99,0,34.375,34.375,0.0,1,1,2026-03-22 19:47:37
4463351103700,GD,KOMMUNE,Queidersbach,Queidersbach,1578,1578,0,1572,1572,0,559,559,0,35.55979643765903,35.55979643765903,0.0,2,2,2026-03-22 19:42:37
4463351104500,GD,KOMMUNE,Stelzenberg,Stelzenberg,717,717,0,713,713,0,177,177,0,24.82468443197756,24.82468443197756,0.0,2,2,2026-03-22 19:34:19
4463351104700,GD,KOMMUNE,Trippstadt,Trippstadt,1670,1670,0,1647,1647,0,479,479,0,29.083181542197934,29.083181542197934,0.0,2,2,2026-03-22 20:24:44
4463351120400,GD,KOMMUNE,Schopp,Schopp,858,858,0,851,851,0,249,249,0,29.25969447708578,29.25969447708578,0.0,2,2,2026-03-22 19:00:41
4470000000000,WK,WAHLKREIS,"Zweibrücken, Wahlkreis","Zweibrücken, Wahlkreis",42390,42390,0,41854,41854,0,12214,12214,0,29.182395947818605,29.182395947818605,0.0,93,93,2026-03-22 21:05:09
4473200000000,KS,KREIS_ODER_STADT,"Zweibrücken, Kreisfreie Stadt","Zweibrücken, Kreisfreie Stadt",15569,15569,0,15294,15294,0,4023,4023,0,26.30443311102393,26.30443311102393,0.0,34,34,2026-03-22 20:50:21
4473200000010,ST,KOMMUNENTEIL,Zweibrücken/Stadtmitte,Zweibrücken/Stadtmitte,5695,5695,0,5585,5585,0,1475,1475,0,26.410026857654433,26.410026857654433,0.0,11,11,2026-03-22 20:25:58
4473200000011,ST,KOMMUNENTEIL,Zweibrücken/Bubenhausen,Zweibrücken/Bubenhausen,1226,1226,0,1203,1203,0,337,337,0,28.013300083125518,28.013300083125518,0.0,3,3,2026-03-22 19:24:03
4473200000012,ST,KOMMUNENTEIL,Zweibrücken/Ernstweiler,Zweibrücken/Ernstweiler,1000,1000,0,979,979,0,272,272,0,27.783452502553622,27.783452502553622,0.0,2,2,2026-03-22 19:26:54
4473200000013,ST,KOMMUNENTEIL,Zweibrücken/Ixheim,Zweibrücken/Ixheim,2640,2640,0,2584,2584,0,686,686,0,26.54798761609907,26.54798761609907,0.0,5,5,2026-03-22 19:47:47
4473200000014,ST,KOMMUNENTEIL,Zweibrücken/Mittelbach,Zweibrücken/Mittelbach,879,879,0,868,868,0,253,253,0,29.147465437788018,29.147465437788018,0.0,2,2,2026-03-22 20:50:21
4473200000015,ST,KOMMUNENTEIL,Zweibrücken/Mörsbach,Zweibrücken/Mörsbach,498,498,0,489,489,0,128,128,0,26.1758691206544,26.1758691206544,0.0,2,2,2026-03-22 19:03:30
4473200000016,ST,KOMMUNENTEIL,Zweibrücken/Niederauerbach,Zweibrücken/Niederauerbach,1677,1677,0,1651,1651,0,366,366,0,22.16838279830406,22.16838279830406,0.0,3,3,2026-03-22 20:05:26
4473200000017,ST,KOMMUNENTEIL,Zweibrücken/Oberauerbach,Zweibrücken/Oberauerbach,636,636,0,633,633,0,156,156,0,24.644549763033176,24.644549763033176,0.0,2,2,2026-03-22 19:26:47
4473200000018,ST,KOMMUNENTEIL,Zweibrücken/Rimschweiler,Zweibrücken/Rimschweiler,893,893,0,880,880,0,233,233,0,26.477272727272727,26.477272727272727,0.0,2,2,2026-03-22 19:43:11
4473200000019,ST,KOMMUNENTEIL,Zweibrücken/Wattweiler,Zweibrücken/Wattweiler,425,425,0,422,422,0,117,117,0,27.72511848341232,27.72511848341232,0.0,2,2,2026-03-22 19:37:43
4473400000000,TK,WAHLKREIS_TEIL,"Südwestpfalz, Teilkreis","Südwestpfalz, Teilkreis",26821,26821,0,26560,26560,0,8191,8191,0,30.839608433734938,30.839608433734938,0.0,59,59,2026-03-22 21:02:43
4473400600000,VG,KOMMUNE,"Waldfischbach-Burgalben, VG","Waldfischbach-Burgalben, VG",7163,7163,0,7103,7103,0,2266,2266,0,31.902013233844855,31.902013233844855,0.0,10,10,2026-03-22 20:02:11
4473400601200,GD,KOMMUNE,Geiselberg,Geiselberg,465,465,0,460,460,0,134,134,0,29.130434782608695,29.130434782608695,0.0,1,1,2026-03-22 19:49:01
4473400601500,GD,KOMMUNE,Heltersberg,Heltersberg,1251,1251,0,1236,1236,0,406,406,0,32.847896440129446,32.847896440129446,0.0,1,1,2026-03-22 19:57:31
4473400601600,GD,KOMMUNE,Hermersberg,Hermersberg,1120,1120,0,1114,1114,0,441,441,0,39.587073608617594,39.587073608617594,0.0,1,1,2026-03-22 20:02:11
4473400602200,GD,KOMMUNE,Höheinöd,Höheinöd,709,709,0,703,703,0,177,177,0,25.177809388335703,25.177809388335703,0.0,1,1,2026-03-22 19:22:00
4473400602500,GD,KOMMUNE,Horbach,Horbach,340,340,0,337,337,0,120,120,0,35.60830860534125,35.60830860534125,0.0,1,1,2026-03-22 18:56:30
4473400604400,GD,KOMMUNE,Schmalenberg,Schmalenberg,531,531,0,526,526,0,127,127,0,24.14448669201521,24.14448669201521,0.0,1,1,2026-03-22 19:05:35
4473400605000,GD,KOMMUNE,Steinalben,Steinalben,214,214,0,212,212,0,73,73,0,34.43396226415094,34.43396226415094,0.0,1,1,2026-03-22 18:46:47
4473400605400,GD,KOMMUNE,Waldfischbach-Burgalben,Waldfischbach-Burgalben,2533,2533,0,2515,2515,0,788,788,0,31.332007952286283,31.332007952286283,0.0,3,3,2026-03-22 19:50:42
4473400800000,VG,KOMMUNE,"Zweibrücken-Land, VG","Zweibrücken-Land, VG",9451,9451,0,9363,9363,0,2745,2745,0,29.31752643383531,29.31752643383531,0.0,23,23,2026-03-22 21:02:43
4473400820100,GD,KOMMUNE,Althornbach,Althornbach,412,412,0,405,405,0,89,89,0,21.975308641975307,21.975308641975307,0.0,1,1,2026-03-22 19:30:24
4473400820200,GD,KOMMUNE,Battweiler,Battweiler,407,407,0,402,402,0,81,81,0,20.149253731343283,20.149253731343283,0.0,1,1,2026-03-22 19:32:55
4473400820300,GD,KOMMUNE,Bechhofen,Bechhofen,1184,1184,0,1179,1179,0,389,389,0,32.99406276505513,32.99406276505513,0.0,2,2,2026-03-22 21:02:43
4473400820600,GD,KOMMUNE,Contwig,Contwig,2788,2788,0,2763,2763,0,932,932,0,33.73145132102787,33.73145132102787,0.0,4,4,2026-03-22 20:07:13
4473400820700,GD,KOMMUNE,Dellfeld,Dellfeld,820,820,0,815,815,0,188,188,0,23.06748466257669,23.06748466257669,0.0,2,2,2026-03-22 19:12:36
4473400820800,GD,KOMMUNE,Dietrichingen,Dietrichingen,199,199,0,196,196,0,79,79,0,40.30612244897959,40.30612244897959,0.0,1,1,2026-03-22 19:21:25
4473400820900,GD,KOMMUNE,Großbundenbach,Großbundenbach,186,186,0,186,186,0,57,57,0,30.64516129032258,30.64516129032258,0.0,1,1,2026-03-22 19:05:10
4473400821000,GD,KOMMUNE,Großsteinhausen,Großsteinhausen,351,351,0,349,349,0,94,94,0,26.93409742120344,26.93409742120344,0.0,1,1,2026-03-22 19:01:16
4473400821100,GD,KOMMUNE,Hornbach,Hornbach,865,865,0,853,853,0,212,212,0,24.85345838218054,24.85345838218054,0.0,2,2,2026-03-22 19:55:59
4473400821200,GD,KOMMUNE,Käshofen,Käshofen,381,381,0,375,375,0,91,91,0,24.266666666666666,24.266666666666666,0.0,1,1,2026-03-22 18:58:35
4473400821300,GD,KOMMUNE,Kleinbundenbach,Kleinbundenbach,254,254,0,253,253,0,71,71,0,28.063241106719367,28.063241106719367,0.0,1,1,2026-03-22 19:16:07
4473400821400,GD,KOMMUNE,Kleinsteinhausen,Kleinsteinhausen,433,433,0,428,428,0,138,138,0,32.242990654205606,32.242990654205606,0.0,1,1,2026-03-22 19:04:12
4473400821800,GD,KOMMUNE,Mauschbach,Mauschbach,210,210,0,208,208,0,45,45,0,21.634615384615387,21.634615384615387,0.0,1,1,2026-03-22 18:46:16
4473400822100,GD,KOMMUNE,Riedelberg,Riedelberg,253,253,0,252,252,0,77,77,0,30.555555555555557,30.555555555555557,0.0,1,1,2026-03-22 18:54:38
4473400822300,GD,KOMMUNE,Rosenkopf,Rosenkopf,238,238,0,231,231,0,68,68,0,29.43722943722944,29.43722943722944,0.0,1,1,2026-03-22 19:09:18
4473400822600,GD,KOMMUNE,Walshausen,Walshausen,186,186,0,186,186,0,48,48,0,25.806451612903224,25.806451612903224,0.0,1,1,2026-03-22 19:47:39
4473400822700,GD,KOMMUNE,Wiesbach,Wiesbach,284,284,0,282,282,0,86,86,0,30.49645390070922,30.49645390070922,0.0,1,1,2026-03-22 18:52:50
4473400900000,VG,KOMMUNE,"Thaleischweiler-Wallhalben, VG","Thaleischweiler-Wallhalben, VG",10207,10207,0,10094,10094,0,3180,3180,0,31.50386368139489,31.50386368139489,0.0,26,26,2026-03-22 20:14:31
4473400901700,GD,KOMMUNE,Herschberg,Herschberg,485,485,0,481,481,0,113,113,0,23.492723492723496,23.492723492723496,0.0,1,1,2026-03-22 19:09:26
4473400901800,GD,KOMMUNE,Hettenhausen,Hettenhausen,135,135,0,133,133,0,44,44,0,33.08270676691729,33.08270676691729,0.0,1,1,2026-03-22 18:41:13
4473400902300,GD,KOMMUNE,Höheischweiler,Höheischweiler,467,467,0,459,459,0,100,100,0,21.78649237472767,21.78649237472767,0.0,1,1,2026-03-22 19:10:34
4473400902400,GD,KOMMUNE,Höhfröschen,Höhfröschen,545,545,0,540,540,0,136,136,0,25.185185185185183,25.185185185185183,0.0,1,1,2026-03-22 19:16:56
4473400903500,GD,KOMMUNE,Nünschweiler,Nünschweiler,405,405,0,402,402,0,130,130,0,32.33830845771145,32.33830845771145,0.0,1,1,2026-03-22 20:07:10
4473400903700,GD,KOMMUNE,Petersberg,Petersberg,512,512,0,507,507,0,183,183,0,36.09467455621302,36.09467455621302,0.0,1,1,2026-03-22 20:14:31
4473400904100,GD,KOMMUNE,Saalstadt,Saalstadt,193,193,0,193,193,0,74,74,0,38.34196891191709,38.34196891191709,0.0,1,1,2026-03-22 19:00:18
4473400904200,GD,KOMMUNE,Schauerberg,Schauerberg,139,139,0,136,136,0,49,49,0,36.029411764705884,36.029411764705884,0.0,1,1,2026-03-22 18:59:29
4473400905100,GD,KOMMUNE,Thaleischweiler-Fröschen,Thaleischweiler-Fröschen,1694,1694,0,1680,1680,0,460,460,0,27.380952380952383,27.380952380952383,0.0,3,3,2026-03-22 19:32:26
4473400905500,GD,KOMMUNE,Weselberg,Weselberg,874,874,0,863,863,0,381,381,0,44.148319814600235,44.148319814600235,0.0,3,3,2026-03-22 18:58:12
4473400920400,GD,KOMMUNE,Biedershausen,Biedershausen,133,133,0,131,131,0,52,52,0,39.69465648854962,39.69465648854962,0.0,1,1,2026-03-22 18:44:22
4473400921500,GD,KOMMUNE,Knopp-Labach,Knopp-Labach,267,267,0,266,266,0,116,116,0,43.609022556390975,43.609022556390975,0.0,1,1,2026-03-22 18:54:57
4473400921600,GD,KOMMUNE,Krähenberg,Krähenberg,97,97,0,96,96,0,26,26,0,27.083333333333332,27.083333333333332,0.0,1,1,2026-03-22 18:32:11
4473400921700,GD,KOMMUNE,Maßweiler,Maßweiler,641,641,0,634,634,0,241,241,0,38.01261829652997,38.01261829652997,0.0,1,1,2026-03-22 19:22:53
4473400921900,GD,KOMMUNE,Obernheim-Kirchenarnbach,Obernheim-Kirchenarnbach,872,872,0,866,866,0,262,262,0,30.2540415704388,30.2540415704388,0.0,2,2,2026-03-22 19:35:51
4473400922000,GD,KOMMUNE,Reifenberg,Reifenberg,514,514,0,504,504,0,175,175,0,34.72222222222222,34.72222222222222,0.0,1,1,2026-03-22 18:39:20
4473400922200,GD,KOMMUNE,Rieschweiler-Mühlbach,Rieschweiler-Mühlbach,1164,1164,0,1146,1146,0,266,266,0,23.211169284467715,23.211169284467715,0.0,2,2,2026-03-22 19:25:14
4473400922400,GD,KOMMUNE,Schmitshausen,Schmitshausen,235,235,0,235,235,0,100,100,0,42.5531914893617,42.5531914893617,0.0,1,1,2026-03-22 18:34:13
4473400922500,GD,KOMMUNE,Wallhalben,Wallhalben,553,553,0,545,545,0,216,216,0,39.633027522935784,39.633027522935784,0.0,1,1,2026-03-22 19:21:57
4473400922800,GD,KOMMUNE,Winterbach (Pfalz),Winterbach (Pfalz),282,282,0,277,277,0,56,56,0,20.216606498194945,20.216606498194945,0.0,1,1,2026-03-22 19:04:06
4480000000000,WK,WAHLKREIS,"Pirmasens, Wahlkreis","Pirmasens, Wahlkreis",45943,45943,0,45391,45390,-1,13466,13466,0,29.66667401026635,29.667327605199382,0.0006535949330306323,104,104,2026-03-22 20:51:58
4483170000000,KS,KREIS_ODER_STADT,"Pirmasens, Kreisfreie Stadt","Pirmasens, Kreisfreie Stadt",16950,16950,0,16729,16727,-2,4354,4354,0,26.026660290513483,26.029772224547138,0.0031119340336545065,45,45,2026-03-22 20:35:18
4483170000021,ST,KOMMUNENTEIL,Pirmasens,Pirmasens,12509,12509,0,12349,12347,-2,3011,3011,0,24.382541096445056,24.38649064550093,0.003949549055874968,34,34,2026-03-22 20:04:19
4483170000022,ST,KOMMUNENTEIL,Erlenbrunn,Erlenbrunn,911,911,0,900,900,0,266,266,0,29.555555555555557,29.555555555555557,0.0,2,2,2026-03-22 19:34:34
4483170000023,ST,KOMMUNENTEIL,Fehrbach,Fehrbach,782,782,0,769,769,0,292,292,0,37.971391417425224,37.971391417425224,0.0,2,2,2026-03-22 19:11:46
4483170000024,ST,KOMMUNENTEIL,Hengsberg,Hengsberg,200,200,0,198,198,0,69,69,0,34.84848484848485,34.84848484848485,0.0,1,1,2026-03-22 18:33:39
4483170000025,ST,KOMMUNENTEIL,Niedersimten,Niedersimten,316,316,0,312,312,0,52,52,0,16.666666666666664,16.666666666666664,0.0,1,1,2026-03-22 18:38:52
4483170000026,ST,KOMMUNENTEIL,Winzeln,Winzeln,1103,1103,0,1086,1086,0,329,329,0,30.29465930018416,30.29465930018416,0.0,2,2,2026-03-22 19:40:29
4483170000027,ST,KOMMUNENTEIL,Gersbach,Gersbach,893,893,0,882,882,0,285,285,0,32.31292517006803,32.31292517006803,0.0,2,2,2026-03-22 20:35:18
4483170000028,ST,KOMMUNENTEIL,Windsberg,Windsberg,236,236,0,233,233,0,50,50,0,21.45922746781116,21.45922746781116,0.0,1,1,2026-03-22 18:32:32
4483400000000,TK,WAHLKREIS_TEIL,"Südwestpfalz, Teilkreis","Südwestpfalz, Teilkreis",28993,28993,0,28662,28663,1,9112,9112,0,31.791221826809014,31.790112688832295,-0.0011091379767194098,59,59,2026-03-22 20:50:27
4483400100000,VG,KOMMUNE,"Dahner Felsenland, VG","Dahner Felsenland, VG",8598,8598,0,8502,8503,1,2743,2743,0,32.26299694189603,32.25920263436434,-0.0037943075316846375,18,18,2026-03-22 20:50:27
4483400100100,GD,KOMMUNE,Bobenthal,Bobenthal,194,194,0,193,193,0,65,65,0,33.67875647668394,33.67875647668394,0.0,1,1,2026-03-22 18:42:34
4483400100200,GD,KOMMUNE,Busenberg,Busenberg,733,733,0,721,721,0,161,161,0,22.330097087378643,22.330097087378643,0.0,1,1,2026-03-22 19:05:26
4483400100400,GD,KOMMUNE,Dahn,Dahn,2540,2540,0,2515,2515,0,890,890,0,35.387673956262425,35.387673956262425,0.0,2,2,2026-03-22 20:50:27
4483400100900,GD,KOMMUNE,Erfweiler,Erfweiler,778,778,0,769,769,0,279,279,0,36.28088426527958,36.28088426527958,0.0,1,1,2026-03-22 20:10:26
4483400101000,GD,KOMMUNE,Erlenbach bei Dahn,Erlenbach bei Dahn,217,217,0,216,217,1,60,60,0,27.77777777777778,27.64976958525346,-0.1280081925243195,1,1,2026-03-22 18:46:32
4483400101100,GD,KOMMUNE,Fischbach bei Dahn,Fischbach bei Dahn,861,861,0,856,856,0,294,294,0,34.345794392523366,34.345794392523366,0.0,2,2,2026-03-22 18:55:24
4483400102100,GD,KOMMUNE,Hirschthal,Hirschthal,53,53,0,52,52,0,9,9,0,17.307692307692307,17.307692307692307,0.0,1,1,2026-03-22 18:22:59
4483400102900,GD,KOMMUNE,Ludwigswinkel,Ludwigswinkel,463,463,0,459,459,0,143,143,0,31.154684095860567,31.154684095860567,0.0,1,1,2026-03-22 18:51:22
4483400103300,GD,KOMMUNE,Niederschlettenbach,Niederschlettenbach,170,170,0,170,170,0,44,44,0,25.882352941176475,25.882352941176475,0.0,1,1,2026-03-22 18:34:19
4483400103400,GD,KOMMUNE,Nothweiler,Nothweiler,92,92,0,92,92,0,25,25,0,27.173913043478258,27.173913043478258,0.0,1,1,2026-03-22 18:43:07
4483400103900,GD,KOMMUNE,Rumbach,Rumbach,262,262,0,256,256,0,51,51,0,19.921875,19.921875,0.0,1,1,2026-03-22 18:35:20
4483400104300,GD,KOMMUNE,Schindhard,Schindhard,339,339,0,336,336,0,93,93,0,27.67857142857143,27.67857142857143,0.0,1,1,2026-03-22 19:05:50
4483400104500,GD,KOMMUNE,Schönau (Pfalz),Schönau (Pfalz),263,263,0,261,261,0,93,93,0,35.63218390804598,35.63218390804598,0.0,2,2,2026-03-22 18:32:18
4483400150100,GD,KOMMUNE,Bruchweiler-Bärenbach,Bruchweiler-Bärenbach,990,990,0,970,970,0,346,346,0,35.670103092783506,35.670103092783506,0.0,1,1,2026-03-22 19:14:27
4483400150200,GD,KOMMUNE,Bundenthal,Bundenthal,643,643,0,636,636,0,190,190,0,29.874213836477985,29.874213836477985,0.0,1,1,2026-03-22 19:10:05
4483400200000,VG,KOMMUNE,"Hauenstein, VG","Hauenstein, VG",5205,5205,0,5158,5158,0,1576,1576,0,30.554478480031023,30.554478480031023,0.0,11,11,2026-03-22 20:11:50
4483400200500,GD,KOMMUNE,Darstein,Darstein,125,125,0,121,121,0,23,23,0,19.00826446280992,19.00826446280992,0.0,1,1,2026-03-22 18:37:18
4483400200600,GD,KOMMUNE,Dimbach,Dimbach,113,113,0,111,111,0,11,11,0,9.90990990990991,9.90990990990991,0.0,1,1,2026-03-22 18:40:01
4483400201400,GD,KOMMUNE,Hauenstein,Hauenstein,2367,2367,0,2346,2346,0,868,868,0,36.99914748508099,36.99914748508099,0.0,2,2,2026-03-22 20:11:50
4483400202000,GD,KOMMUNE,Hinterweidenthal,Hinterweidenthal,890,890,0,881,881,0,269,269,0,30.533484676503974,30.533484676503974,0.0,2,2,2026-03-22 19:08:09
4483400203000,GD,KOMMUNE,Lug,Lug,330,330,0,326,326,0,98,98,0,30.061349693251532,30.061349693251532,0.0,1,1,2026-03-22 18:44:15
4483400204700,GD,KOMMUNE,Schwanheim,Schwanheim,361,361,0,359,359,0,115,115,0,32.03342618384401,32.03342618384401,0.0,1,1,2026-03-22 19:04:59
4483400204900,GD,KOMMUNE,Spirkelbach,Spirkelbach,451,451,0,447,447,0,78,78,0,17.449664429530202,17.449664429530202,0.0,1,1,2026-03-22 18:57:17
4483400205700,GD,KOMMUNE,Wilgartswiesen,Wilgartswiesen,568,568,0,567,567,0,114,114,0,20.105820105820104,20.105820105820104,0.0,2,2,2026-03-22 18:53:35
4483400300000,VG,KOMMUNE,"Pirmasens-Land, VG","Pirmasens-Land, VG",7180,7180,0,7082,7082,0,2008,2008,0,28.353572437164644,28.353572437164644,0.0,17,17,2026-03-22 20:24:33
4483400300800,GD,KOMMUNE,Eppenbrunn,Eppenbrunn,732,732,0,719,719,0,225,225,0,31.29346314325452,31.29346314325452,0.0,2,2,2026-03-22 20:24:33
4483400301900,GD,KOMMUNE,Hilst,Hilst,197,197,0,189,189,0,61,61,0,32.27513227513227,32.27513227513227,0.0,1,1,2026-03-22 19:01:05
4483400302600,GD,KOMMUNE,Kröppen,Kröppen,432,432,0,427,427,0,131,131,0,30.679156908665107,30.679156908665107,0.0,1,1,2026-03-22 19:26:41
4483400302800,GD,KOMMUNE,Lemberg,Lemberg,2147,2147,0,2112,2112,0,433,433,0,20.501893939393938,20.501893939393938,0.0,6,6,2026-03-22 19:27:41
4483400303600,GD,KOMMUNE,Obersimten,Obersimten,410,410,0,405,405,0,140,140,0,34.5679012345679,34.5679012345679,0.0,1,1,2026-03-22 19:31:59
4483400304000,GD,KOMMUNE,Ruppertsweiler,Ruppertsweiler,910,910,0,896,896,0,251,251,0,28.013392857142854,28.013392857142854,0.0,1,1,2026-03-22 19:30:07
4483400304800,GD,KOMMUNE,Schweix,Schweix,202,202,0,200,200,0,68,68,0,34.0,34.0,0.0,1,1,2026-03-22 18:58:22
4483400305200,GD,KOMMUNE,Trulben,Trulben,705,705,0,700,700,0,228,228,0,32.57142857142858,32.57142857142858,0.0,2,2,2026-03-22 19:31:01
4483400305300,GD,KOMMUNE,Vinningen,Vinningen,981,981,0,973,973,0,343,343,0,35.25179856115108,35.25179856115108,0.0,1,1,2026-03-22 19:28:57
4483400320500,GD,KOMMUNE,Bottenbach,Bottenbach,464,464,0,461,461,0,128,128,0,27.765726681127983,27.765726681127983,0.0,1,1,2026-03-22 18:57:40
4483400400000,VG,KOMMUNE,"Rodalben, VG","Rodalben, VG",8010,8010,0,7920,7920,0,2785,2785,0,35.16414141414141,35.16414141414141,0.0,13,13,2026-03-22 19:46:00
4483400400300,GD,KOMMUNE,Clausen,Clausen,841,841,0,836,836,0,352,352,0,42.10526315789473,42.10526315789473,0.0,1,1,2026-03-22 19:21:15
4483400400700,GD,KOMMUNE,Donsieders,Donsieders,570,570,0,566,566,0,167,167,0,29.50530035335689,29.50530035335689,0.0,1,1,2026-03-22 18:56:14
4483400402700,GD,KOMMUNE,Leimen,Leimen,583,583,0,575,575,0,187,187,0,32.52173913043478,32.52173913043478,0.0,1,1,2026-03-22 19:09:00
4483400403100,GD,KOMMUNE,Merzalben,Merzalben,766,766,0,754,754,0,253,253,0,33.55437665782494,33.55437665782494,0.0,1,1,2026-03-22 18:51:19
4483400403200,GD,KOMMUNE,Münchweiler an der Rodalb,Münchweiler an der Rodalb,1635,1635,0,1622,1622,0,581,581,0,35.81997533908755,35.81997533908755,0.0,2,2,2026-03-22 19:05:42
4483400403800,GD,KOMMUNE,Rodalben,Rodalben,3615,3615,0,3567,3567,0,1245,1245,0,34.90328006728343,34.90328006728343,0.0,7,7,2026-03-22 19:46:00
4490000000000,WK,WAHLKREIS,"Südliche Weinstraße, Wahlkreis","Südliche Weinstraße, Wahlkreis",49262,49266,4,48788,48789,1,12585,12586,1,25.7952775272608,25.796798458668963,0.0015209314081623404,86,86,2026-03-22 21:01:09
4493340000000,TK,WAHLKREIS_TEIL,"Germersheim, Teilkreis","Germersheim, Teilkreis",9027,9029,2,8940,8941,1,2200,2201,1,24.60850111856823,24.61693322894531,0.008432110377079027,16,16,2026-03-22 20:59:39
4493340400000,VG,KOMMUNE,"Kandel, VG","Kandel, VG",9027,9029,2,8940,8941,1,2200,2201,1,24.60850111856823,24.61693322894531,0.008432110377079027,16,16,2026-03-22 20:59:39
4493340400400,GD,KOMMUNE,Erlenbach bei Kandel,Erlenbach bei Kandel,426,426,0,421,421,0,75,75,0,17.81472684085511,17.81472684085511,0.0,1,1,2026-03-22 19:15:06
4493340400500,GD,KOMMUNE,Freckenfeld,Freckenfeld,896,896,0,870,870,0,164,164,0,18.850574712643677,18.850574712643677,0.0,2,2,2026-03-22 20:10:38
4493340401300,GD,KOMMUNE,Kandel,Kandel,4700,4700,0,4664,4664,0,1170,1170,0,25.085763293310464,25.085763293310464,0.0,8,8,2026-03-22 20:59:39
4493340402000,GD,KOMMUNE,Minfeld,Minfeld,989,989,0,986,986,0,267,267,0,27.079107505070994,27.079107505070994,0.0,1,1,2026-03-22 19:40:08
4493340403000,GD,KOMMUNE,Steinweiler,Steinweiler,1264,1266,2,1253,1254,1,342,343,1,27.294493216280923,27.352472089314194,0.05797887303327087,2,2,2026-03-22 19:51:03
4493340403100,GD,KOMMUNE,Vollmersweiler,Vollmersweiler,131,131,0,131,131,0,29,29,0,22.137404580152673,22.137404580152673,0.0,1,1,2026-03-22 18:34:19
4493340403400,GD,KOMMUNE,Winden,Winden,621,621,0,615,615,0,153,153,0,24.878048780487806,24.878048780487806,0.0,1,1,2026-03-22 19:19:49
4493370000000,TK,WAHLKREIS_TEIL,"Südliche Weinstraße, Teilkreis","Südliche Weinstraße, Teilkreis",40235,40237,2,39848,39848,0,10385,10385,0,26.061533828548484,26.061533828548484,0.0,70,70,2026-03-22 20:55:52
4493370100000,VG,KOMMUNE,"Annweiler am Trifels, VG","Annweiler am Trifels, VG",9127,9128,1,9018,9017,-1,2251,2251,0,24.961188733643823,24.963956970167462,0.0027682365236394446,21,21,2026-03-22 20:44:35
4493370100100,GD,KOMMUNE,Albersweiler,Albersweiler,1100,1100,0,1090,1089,-1,274,274,0,25.137614678899084,25.160697887970617,0.02308320907153316,2,2,2026-03-22 19:39:33
4493370101700,GD,KOMMUNE,Dernbach,Dernbach,249,249,0,246,246,0,46,46,0,18.69918699186992,18.69918699186992,0.0,1,1,2026-03-22 19:35:07
4493370102400,GD,KOMMUNE,Eußerthal,Eußerthal,499,499,0,498,498,0,126,126,0,25.301204819277107,25.301204819277107,0.0,1,1,2026-03-22 20:44:35
4493370103300,GD,KOMMUNE,Gossersweiler-Stein,Gossersweiler-Stein,789,789,0,774,774,0,215,215,0,27.77777777777778,27.77777777777778,0.0,1,1,2026-03-22 19:30:15
4493370105400,GD,KOMMUNE,Münchweiler am Klingbach,Münchweiler am Klingbach,127,127,0,125,125,0,22,22,0,17.599999999999998,17.599999999999998,0.0,1,1,2026-03-22 18:46:15
4493370106400,GD,KOMMUNE,Ramberg,Ramberg,536,536,0,529,529,0,133,133,0,25.14177693761815,25.14177693761815,0.0,1,1,2026-03-22 19:19:21
4493370106700,GD,KOMMUNE,Rinnthal,Rinnthal,377,377,0,371,371,0,53,53,0,14.285714285714285,14.285714285714285,0.0,1,1,2026-03-22 19:12:55
4493370107400,GD,KOMMUNE,Silz,Silz,416,417,1,413,413,0,105,105,0,25.423728813559322,25.423728813559322,0.0,1,1,2026-03-22 20:01:51
4493370107800,GD,KOMMUNE,Völkersweiler,Völkersweiler,349,349,0,344,344,0,96,96,0,27.906976744186046,27.906976744186046,0.0,1,1,2026-03-22 18:54:28
4493370108000,GD,KOMMUNE,Waldhambach,Waldhambach,227,227,0,221,221,0,67,67,0,30.316742081447963,30.316742081447963,0.0,1,1,2026-03-22 19:21:33
4493370108100,GD,KOMMUNE,Waldrohrbach,Waldrohrbach,224,224,0,219,219,0,64,64,0,29.22374429223744,29.22374429223744,0.0,1,1,2026-03-22 19:27:16
4493370108300,GD,KOMMUNE,Wernersberg,Wernersberg,650,650,0,644,644,0,197,197,0,30.59006211180124,30.59006211180124,0.0,1,1,2026-03-22 19:32:38
4493370150100,GD,KOMMUNE,Annweiler am Trifels,Annweiler am Trifels,3584,3584,0,3544,3544,0,853,853,0,24.068848758465013,24.068848758465013,0.0,8,8,2026-03-22 20:30:02
4493370200000,VG,KOMMUNE,"Bad Bergzabern, VG","Bad Bergzabern, VG",13571,13572,1,13450,13451,1,3181,3181,0,23.650557620817843,23.64879934577355,-0.0017582750442919348,24,24,2026-03-22 20:55:52
4493370200500,GD,KOMMUNE,Bad Bergzabern,Bad Bergzabern,3684,3685,1,3630,3631,1,841,841,0,23.168044077134986,23.161663453594052,-0.006380623540934494,4,4,2026-03-22 20:55:52
4493370200600,GD,KOMMUNE,Barbelroth,Barbelroth,409,409,0,405,405,0,87,87,0,21.48148148148148,21.48148148148148,0.0,1,1,2026-03-22 18:50:57
4493370200800,GD,KOMMUNE,Birkenhördt,Birkenhördt,376,376,0,370,370,0,124,124,0,33.513513513513516,33.513513513513516,0.0,1,1,2026-03-22 19:15:35
4493370201300,GD,KOMMUNE,Böllenborn,Böllenborn,138,138,0,138,138,0,37,37,0,26.811594202898554,26.811594202898554,0.0,1,1,2026-03-22 19:12:35
4493370201800,GD,KOMMUNE,Dierbach,Dierbach,397,397,0,395,395,0,73,73,0,18.48101265822785,18.48101265822785,0.0,1,1,2026-03-22 19:20:42
4493370201900,GD,KOMMUNE,Dörrenbach,Dörrenbach,528,528,0,522,522,0,115,115,0,22.03065134099617,22.03065134099617,0.0,1,1,2026-03-22 19:26:32
4493370202900,GD,KOMMUNE,Gleiszellen-Gleishorbach,Gleiszellen-Gleishorbach,540,540,0,536,536,0,150,150,0,27.985074626865668,27.985074626865668,0.0,1,1,2026-03-22 19:30:13
4493370203700,GD,KOMMUNE,Hergersweiler,Hergersweiler,150,150,0,150,150,0,20,20,0,13.333333333333334,13.333333333333334,0.0,1,1,2026-03-22 19:01:24
4493370204500,GD,KOMMUNE,Kapellen-Drusweiler,Kapellen-Drusweiler,584,584,0,583,583,0,143,143,0,24.528301886792452,24.528301886792452,0.0,1,1,2026-03-22 19:46:20
4493370204600,GD,KOMMUNE,Kapsweyer,Kapsweyer,591,591,0,591,591,0,131,131,0,22.165820642978005,22.165820642978005,0.0,1,1,2026-03-22 19:32:20
4493370204900,GD,KOMMUNE,Klingenmünster,Klingenmünster,1358,1358,0,1357,1357,0,318,318,0,23.434045689019896,23.434045689019896,0.0,1,1,2026-03-22 19:53:44
4493370205500,GD,KOMMUNE,Niederhorbach,Niederhorbach,282,282,0,282,282,0,61,61,0,21.631205673758867,21.631205673758867,0.0,1,1,2026-03-22 19:10:41
4493370205600,GD,KOMMUNE,Niederotterbach,Niederotterbach,218,218,0,218,218,0,53,53,0,24.31192660550459,24.31192660550459,0.0,1,1,2026-03-22 18:57:18
4493370205800,GD,KOMMUNE,Oberhausen,Oberhausen,267,267,0,266,266,0,46,46,0,17.293233082706767,17.293233082706767,0.0,1,1,2026-03-22 19:07:07
4493370205900,GD,KOMMUNE,Oberotterbach,Oberotterbach,699,699,0,694,694,0,159,159,0,22.910662824207492,22.910662824207492,0.0,1,1,2026-03-22 19:24:54
4493370206000,GD,KOMMUNE,Oberschlettenbach,Oberschlettenbach,77,77,0,77,77,0,16,16,0,20.77922077922078,20.77922077922078,0.0,1,1,2026-03-22 18:41:35
4493370206200,GD,KOMMUNE,Pleisweiler-Oberhofen,Pleisweiler-Oberhofen,497,497,0,490,490,0,126,126,0,25.71428571428571,25.71428571428571,0.0,1,1,2026-03-22 19:09:15
4493370207100,GD,KOMMUNE,Schweigen-Rechtenbach,Schweigen-Rechtenbach,909,909,0,900,900,0,199,199,0,22.11111111111111,22.11111111111111,0.0,1,1,2026-03-22 20:03:21
4493370207200,GD,KOMMUNE,Schweighofen,Schweighofen,380,380,0,378,378,0,134,134,0,35.44973544973545,35.44973544973545,0.0,1,1,2026-03-22 19:22:33
4493370207600,GD,KOMMUNE,Steinfeld,Steinfeld,1113,1113,0,1098,1098,0,306,306,0,27.86885245901639,27.86885245901639,0.0,1,1,2026-03-22 19:19:30
4493370207900,GD,KOMMUNE,Vorderweidenthal,Vorderweidenthal,374,374,0,370,370,0,42,42,0,11.351351351351353,11.351351351351353,0.0,1,1,2026-03-22 18:44:05
4493370400000,VG,KOMMUNE,"Herxheim, VG","Herxheim, VG",8905,8905,0,8834,8834,0,2825,2825,0,31.978718587276433,31.978718587276433,0.0,9,9,2026-03-22 20:43:17
4493370403800,GD,KOMMUNE,Herxheim bei Landau (Pfalz),Herxheim bei Landau (Pfalz),6217,6217,0,6167,6167,0,2201,2201,0,35.68996270471867,35.68996270471867,0.0,6,6,2026-03-22 20:43:17
4493370403900,GD,KOMMUNE,Herxheimweyher,Herxheimweyher,334,334,0,332,332,0,104,104,0,31.32530120481928,31.32530120481928,0.0,1,1,2026-03-22 19:01:52
4493370404400,GD,KOMMUNE,Insheim,Insheim,1302,1302,0,1294,1294,0,297,297,0,22.952086553323028,22.952086553323028,0.0,1,1,2026-03-22 19:56:09
4493370406800,GD,KOMMUNE,Rohrbach,Rohrbach,1052,1052,0,1041,1041,0,223,223,0,21.421709894332373,21.421709894332373,0.0,1,1,2026-03-22 19:58:06
4493370500000,VG,KOMMUNE,"Landau-Land, VG","Landau-Land, VG",8632,8632,0,8546,8546,0,2128,2128,0,24.900538263515095,24.900538263515095,0.0,16,16,2026-03-22 20:13:22
4493370500700,GD,KOMMUNE,Billigheim-Ingenheim,Billigheim-Ingenheim,2336,2336,0,2315,2315,0,422,422,0,18.228941684665227,18.228941684665227,0.0,2,2,2026-03-22 19:38:22
4493370500900,GD,KOMMUNE,Birkweiler,Birkweiler,487,487,0,484,484,0,151,151,0,31.198347107438018,31.198347107438018,0.0,1,1,2026-03-22 18:59:06
4493370501200,GD,KOMMUNE,Böchingen,Böchingen,444,444,0,439,439,0,101,101,0,23.006833712984054,23.006833712984054,0.0,1,1,2026-03-22 19:01:46
4493370502200,GD,KOMMUNE,Eschbach,Eschbach,398,398,0,393,393,0,135,135,0,34.35114503816794,34.35114503816794,0.0,1,1,2026-03-22 19:09:42
4493370502600,GD,KOMMUNE,Frankweiler,Frankweiler,581,581,0,581,581,0,139,139,0,23.924268502581754,23.924268502581754,0.0,1,1,2026-03-22 18:55:55
4493370503100,GD,KOMMUNE,Göcklingen,Göcklingen,514,514,0,506,506,0,150,150,0,29.64426877470356,29.64426877470356,0.0,1,1,2026-03-22 19:32:37
4493370504000,GD,KOMMUNE,Heuchelheim-Klingen,Heuchelheim-Klingen,510,510,0,505,505,0,127,127,0,25.14851485148515,25.14851485148515,0.0,2,2,2026-03-22 18:44:59
4493370504200,GD,KOMMUNE,Ilbesheim bei Landau (Pfalz),Ilbesheim bei Landau (Pfalz),709,709,0,697,697,0,192,192,0,27.546628407460545,27.546628407460545,0.0,1,1,2026-03-22 20:11:06
4493370504300,GD,KOMMUNE,Impflingen,Impflingen,618,618,0,613,613,0,129,129,0,21.04404567699837,21.04404567699837,0.0,1,1,2026-03-22 19:17:51
4493370505000,GD,KOMMUNE,Knöringen,Knöringen,308,308,0,305,305,0,86,86,0,28.196721311475407,28.196721311475407,0.0,1,1,2026-03-22 19:15:22
4493370505100,GD,KOMMUNE,Leinsweiler,Leinsweiler,325,325,0,320,320,0,87,87,0,27.187499999999996,27.187499999999996,0.0,1,1,2026-03-22 19:06:26
4493370506500,GD,KOMMUNE,Ranschbach,Ranschbach,367,367,0,364,364,0,134,134,0,36.81318681318682,36.81318681318682,0.0,1,1,2026-03-22 18:51:14
4493370507300,GD,KOMMUNE,Siebeldingen,Siebeldingen,670,670,0,666,666,0,142,142,0,21.32132132132132,21.32132132132132,0.0,1,1,2026-03-22 20:13:22
4493370508200,GD,KOMMUNE,Walsheim,Walsheim,365,365,0,358,358,0,133,133,0,37.150837988826815,37.150837988826815,0.0,1,1,2026-03-22 19:22:42
4500000000000,WK,WAHLKREIS,"Landau in der Pfalz, Wahlkreis","Landau in der Pfalz, Wahlkreis",42022,42013,-9,41717,41717,0,11205,11205,0,26.859553659179713,26.859553659179713,0.0,67,67,2026-03-22 20:56:02
4503130000000,KS,KREIS_ODER_STADT,"Landau in der Pfalz, Kreisfreie Stadt","Landau in der Pfalz, Kreisfreie Stadt",25081,25081,0,24919,24919,0,5676,5676,0,22.77780007223404,22.77780007223404,0.0,42,42,2026-03-22 20:29:44
4503130000001,ST,KOMMUNENTEIL,Landau/Queichheim,Landau/Queichheim,1721,1721,0,1707,1707,0,423,423,0,24.78031634446397,24.78031634446397,0.0,3,3,2026-03-22 19:12:09
4503130000002,ST,KOMMUNENTEIL,Landau/Mörlheim,Landau/Mörlheim,607,607,0,604,604,0,178,178,0,29.47019867549669,29.47019867549669,0.0,2,2,2026-03-22 19:24:05
4503130000003,ST,KOMMUNENTEIL,Landau/Arzheim,Landau/Arzheim,927,927,0,918,918,0,278,278,0,30.28322440087146,30.28322440087146,0.0,2,2,2026-03-22 19:14:54
4503130000004,ST,KOMMUNENTEIL,Landau/Dammheim,Landau/Dammheim,645,645,0,642,642,0,168,168,0,26.168224299065418,26.168224299065418,0.0,2,2,2026-03-22 18:50:12
4503130000005,ST,KOMMUNENTEIL,Landau/Godramstein,Landau/Godramstein,1593,1593,0,1589,1589,0,389,389,0,24.48080553807426,24.48080553807426,0.0,3,3,2026-03-22 18:58:39
4503130000006,ST,KOMMUNENTEIL,Landau/Mörzheim,Landau/Mörzheim,704,704,0,696,696,0,182,182,0,26.14942528735632,26.14942528735632,0.0,2,2,2026-03-22 19:14:22
4503130000007,ST,KOMMUNENTEIL,Landau/Nußdorf,Landau/Nußdorf,917,917,0,914,914,0,302,302,0,33.04157549234136,33.04157549234136,0.0,2,2,2026-03-22 19:16:52
4503130000008,ST,KOMMUNENTEIL,Landau/Wollmesheim,Landau/Wollmesheim,525,525,0,521,521,0,132,132,0,25.335892514395393,25.335892514395393,0.0,2,2,2026-03-22 19:20:11
4503130000009,ST,KOMMUNENTEIL,Landau/Landau,Landau/Landau,17442,17442,0,17328,17328,0,3624,3624,0,20.914127423822716,20.914127423822716,0.0,24,24,2026-03-22 20:29:44
4503370000000,TK,WAHLKREIS_TEIL,"Südliche Weinstraße, Teilkreis","Südliche Weinstraße, Teilkreis",16941,16932,-9,16798,16798,0,5529,5529,0,32.91463269436838,32.91463269436838,0.0,25,25,2026-03-22 20:50:22
4503370300000,VG,KOMMUNE,"Edenkoben, VG","Edenkoben, VG",12032,12023,-9,11922,11922,0,3696,3696,0,31.001509813789635,31.001509813789635,0.0,21,21,2026-03-22 20:50:22
4503370300200,GD,KOMMUNE,Altdorf,Altdorf,572,572,0,567,567,0,139,139,0,24.514991181657848,24.514991181657848,0.0,1,1,2026-03-22 19:09:16
4503370301100,GD,KOMMUNE,Böbingen,Böbingen,483,483,0,473,473,0,160,160,0,33.82663847780127,33.82663847780127,0.0,1,1,2026-03-22 19:54:11
4503370301500,GD,KOMMUNE,Burrweiler,Burrweiler,513,513,0,506,506,0,187,187,0,36.95652173913043,36.95652173913043,0.0,1,1,2026-03-22 18:55:24
4503370302000,GD,KOMMUNE,Edenkoben,Edenkoben,3345,3345,0,3318,3318,0,880,880,0,26.522001205545507,26.522001205545507,0.0,5,5,2026-03-22 20:50:22
4503370302100,GD,KOMMUNE,Edesheim,Edesheim,1485,1485,0,1470,1470,0,553,553,0,37.61904761904762,37.61904761904762,0.0,2,2,2026-03-22 20:02:27
4503370302500,GD,KOMMUNE,Flemlingen,Flemlingen,254,254,0,253,253,0,95,95,0,37.54940711462451,37.54940711462451,0.0,1,1,2026-03-22 18:49:48
4503370302700,GD,KOMMUNE,Freimersheim (Pfalz),Freimersheim (Pfalz),646,637,-9,631,631,0,170,170,0,26.94136291600634,26.94136291600634,0.0,1,1,2026-03-22 19:09:20
4503370302800,GD,KOMMUNE,Gleisweiler,Gleisweiler,392,392,0,389,389,0,122,122,0,31.362467866323907,31.362467866323907,0.0,1,1,2026-03-22 19:12:47
4503370303200,GD,KOMMUNE,Gommersheim,Gommersheim,984,984,0,975,975,0,228,228,0,23.384615384615383,23.384615384615383,0.0,1,1,2026-03-22 19:33:43
4503370303500,GD,KOMMUNE,Großfischlingen,Großfischlingen,388,388,0,387,387,0,135,135,0,34.883720930232556,34.883720930232556,0.0,1,1,2026-03-22 18:32:02
4503370303600,GD,KOMMUNE,Hainfeld,Hainfeld,561,561,0,557,557,0,222,222,0,39.85637342908438,39.85637342908438,0.0,1,1,2026-03-22 18:41:36
4503370304800,GD,KOMMUNE,Kleinfischlingen,Kleinfischlingen,217,217,0,216,216,0,71,71,0,32.870370370370374,32.870370370370374,0.0,1,1,2026-03-22 19:16:02
4503370306600,GD,KOMMUNE,Rhodt unter Rietburg,Rhodt unter Rietburg,690,690,0,690,690,0,205,205,0,29.71014492753623,29.71014492753623,0.0,1,1,2026-03-22 19:36:50
4503370306900,GD,KOMMUNE,Roschbach,Roschbach,537,537,0,533,533,0,201,201,0,37.71106941838649,37.71106941838649,0.0,1,1,2026-03-22 19:12:37
4503370307700,GD,KOMMUNE,Venningen,Venningen,591,591,0,583,583,0,190,190,0,32.59005145797599,32.59005145797599,0.0,1,1,2026-03-22 19:22:00
4503370308400,GD,KOMMUNE,Weyher in der Pfalz,Weyher in der Pfalz,374,374,0,374,374,0,138,138,0,36.898395721925134,36.898395721925134,0.0,1,1,2026-03-22 19:50:14
4503370600000,VG,KOMMUNE,"Maikammer, VG","Maikammer, VG",4909,4909,0,4876,4876,0,1833,1833,0,37.59228876127973,37.59228876127973,0.0,4,4,2026-03-22 20:24:40
4503370604700,GD,KOMMUNE,Kirrweiler (Pfalz),Kirrweiler (Pfalz),1225,1225,0,1218,1218,0,426,426,0,34.97536945812808,34.97536945812808,0.0,1,1,2026-03-22 19:37:01
4503370605200,GD,KOMMUNE,Maikammer,Maikammer,2677,2677,0,2656,2656,0,969,969,0,36.48343373493976,36.48343373493976,0.0,2,2,2026-03-22 20:24:40
4503370607000,GD,KOMMUNE,Sankt Martin,Sankt Martin,1007,1007,0,1002,1002,0,438,438,0,43.712574850299404,43.712574850299404,0.0,1,1,2026-03-22 19:12:26
4510000000000,WK,WAHLKREIS,"Germersheim, Wahlkreis","Germersheim, Wahlkreis",30388,30386,-2,30070,30070,0,7848,7847,-1,26.09910209511141,26.09577652144995,-0.003325573661459913,39,39,2026-03-22 20:54:47
4513340000000,TK,WAHLKREIS_TEIL,"Germersheim, Teilkreis","Germersheim, Teilkreis",23241,23239,-2,23021,23021,0,5790,5789,-1,25.15094913339994,25.14660527344598,-0.004343859953959139,33,33,2026-03-22 20:31:51
4513340000700,VF,KOMMUNE,"Germersheim, Verbandsfreie Gemeinde","Germersheim, Verbandsfreie Gemeinde",6597,6597,0,6518,6518,0,1451,1451,0,22.261429886468243,22.261429886468243,0.0,15,15,2026-03-22 20:21:34
4513340000701,ST,KOMMUNENTEIL,Germersheim/Germersheim,Germersheim/Germersheim,4654,4654,0,4599,4599,0,940,940,0,20.439225918677973,20.439225918677973,0.0,11,11,2026-03-22 20:21:34
4513340000702,ST,KOMMUNENTEIL,Germersheim/Sondernheim,Germersheim/Sondernheim,1943,1943,0,1919,1919,0,511,511,0,26.6284523189161,26.6284523189161,0.0,4,4,2026-03-22 20:02:34
4513340100000,VG,KOMMUNE,"Bellheim, VG","Bellheim, VG",7714,7711,-3,7646,7645,-1,2220,2219,-1,29.034789432382947,29.025506867233485,-0.00928256514946213,7,7,2026-03-22 20:31:51
4513340100100,GD,KOMMUNE,Bellheim,Bellheim,4721,4718,-3,4678,4677,-1,1338,1337,-1,28.601966652415562,28.586700876630317,-0.01526577578524524,4,4,2026-03-22 20:31:51
4513340101400,GD,KOMMUNE,Knittelsheim,Knittelsheim,588,588,0,585,585,0,183,183,0,31.28205128205128,31.28205128205128,0.0,1,1,2026-03-22 18:57:04
4513340102300,GD,KOMMUNE,Ottersheim bei Landau,Ottersheim bei Landau,1213,1213,0,1200,1200,0,400,400,0,33.33333333333333,33.33333333333333,0.0,1,1,2026-03-22 19:06:51
4513340103600,GD,KOMMUNE,Zeiskam,Zeiskam,1192,1192,0,1183,1183,0,299,299,0,25.274725274725274,25.274725274725274,0.0,1,1,2026-03-22 19:29:26
4513340500000,VG,KOMMUNE,"Lingenfeld, VG","Lingenfeld, VG",8930,8931,1,8857,8858,1,2119,2119,0,23.92457942870046,23.9218785278844,-0.002700900816062557,11,11,2026-03-22 20:14:43
4513340500600,GD,KOMMUNE,Freisbach,Freisbach,619,620,1,614,615,1,164,164,0,26.710097719869708,26.666666666666668,-0.04343105320304019,1,1,2026-03-22 19:26:18
4513340501700,GD,KOMMUNE,Lingenfeld,Lingenfeld,3043,3043,0,3017,3017,0,745,745,0,24.69340404375207,24.69340404375207,0.0,4,4,2026-03-22 19:33:37
4513340501800,GD,KOMMUNE,Lustadt,Lustadt,1672,1672,0,1663,1663,0,357,357,0,21.467227901383044,21.467227901383044,0.0,2,2,2026-03-22 19:30:29
4513340502800,GD,KOMMUNE,Schwegenheim,Schwegenheim,1659,1659,0,1643,1643,0,418,418,0,25.441265976871573,25.441265976871573,0.0,2,2,2026-03-22 19:38:00
4513340503200,GD,KOMMUNE,Weingarten (Pfalz),Weingarten (Pfalz),935,935,0,925,925,0,250,250,0,27.027027027027028,27.027027027027028,0.0,1,1,2026-03-22 19:22:28
4513340503300,GD,KOMMUNE,Westheim (Pfalz),Westheim (Pfalz),1002,1002,0,995,995,0,185,185,0,18.592964824120603,18.592964824120603,0.0,1,1,2026-03-22 20:14:43
4513370000000,TK,WAHLKREIS_TEIL,"Südliche Weinestraße, Teilkreis","Südliche Weinestraße, Teilkreis",7147,7147,0,7049,7049,0,2058,2058,0,29.19563058589871,29.19563058589871,0.0,6,6,2026-03-22 20:51:24
4513370700000,VG,KOMMUNE,"Offenbach an der Queich, VG","Offenbach an der Queich, VG",7147,7147,0,7049,7049,0,2058,2058,0,29.19563058589871,29.19563058589871,0.0,6,6,2026-03-22 20:51:24
4513370701400,GD,KOMMUNE,Bornheim,Bornheim,954,954,0,936,936,0,319,319,0,34.08119658119658,34.08119658119658,0.0,1,1,2026-03-22 19:43:54
4513370702300,GD,KOMMUNE,Essingen,Essingen,1290,1290,0,1266,1266,0,344,344,0,27.17219589257504,27.17219589257504,0.0,1,1,2026-03-22 20:51:24
4513370704100,GD,KOMMUNE,Hochstadt (Pfalz),Hochstadt (Pfalz),1382,1382,0,1370,1370,0,385,385,0,28.102189781021895,28.102189781021895,0.0,1,1,2026-03-22 19:59:41
4513370706100,GD,KOMMUNE,Offenbach an der Queich,Offenbach an der Queich,3521,3521,0,3477,3477,0,1010,1010,0,29.048029910842683,29.048029910842683,0.0,3,3,2026-03-22 20:14:44
4520000000000,WK,WAHLKREIS,"Wörth am Rhein, Wahlkreis","Wörth am Rhein, Wahlkreis",32545,32545,0,32291,32291,0,10057,10057,0,31.1449010560218,31.1449010560218,0.0,51,51,2026-03-22 22:01:42
4523340000000,TK,WAHLKREIS_TEIL,"Germersheim, Teilkreis","Germersheim, Teilkreis",32545,32545,0,32291,32291,0,10057,10057,0,31.1449010560218,31.1449010560218,0.0,51,51,2026-03-22 22:00:28
4523340050100,VF,KOMMUNE,"Wörth am Rhein, Verbandsfreie Gemeinde","Wörth am Rhein, Verbandsfreie Gemeinde",8743,8743,0,8670,8670,0,2415,2415,0,27.854671280276815,27.854671280276815,0.0,22,22,2026-03-22 19:24:50
4523340050101,ST,KOMMUNENTEIL,Wörth am Rhein/Wörth,Wörth am Rhein/Wörth,3967,3967,0,3931,3931,0,1060,1060,0,26.965148817094885,26.965148817094885,0.0,10,10,2026-03-22 19:23:50
4523340050102,ST,KOMMUNENTEIL,Wörth am Rhein/Maximiliansau,Wörth am Rhein/Maximiliansau,3077,3077,0,3049,3049,0,799,799,0,26.205313217448346,26.205313217448346,0.0,8,8,2026-03-22 19:22:16
4523340050103,ST,KOMMUNENTEIL,Wörth am Rhein/Schaidt,Wörth am Rhein/Schaidt,1149,1149,0,1145,1145,0,350,350,0,30.567685589519648,30.567685589519648,0.0,2,2,2026-03-22 19:24:50
4523340050104,ST,KOMMUNENTEIL,Wörth am Rhein/Büchelberg,Wörth am Rhein/Büchelberg,550,550,0,545,545,0,206,206,0,37.79816513761468,37.79816513761468,0.0,2,2,2026-03-22 18:58:31
4523340200000,VG,KOMMUNE,"Hagenbach, VG","Hagenbach, VG",5603,5603,0,5551,5551,0,1806,1806,0,32.53467843631778,32.53467843631778,0.0,6,6,2026-03-22 20:12:12
4523340200200,GD,KOMMUNE,Berg (Pfalz) I,Berg (Pfalz) I,1105,1105,0,1093,1093,0,351,351,0,32.11344922232388,32.11344922232388,0.0,1,1,2026-03-22 19:49:46
4523340200800,GD,KOMMUNE,Hagenbach,Hagenbach,2609,2609,0,2587,2587,0,866,866,0,33.47506764592192,33.47506764592192,0.0,3,3,2026-03-22 20:01:49
4523340202100,GD,KOMMUNE,Neuburg I,Neuburg I,1516,1516,0,1505,1505,0,445,445,0,29.568106312292358,29.568106312292358,0.0,1,1,2026-03-22 20:12:12
4523340202700,GD,KOMMUNE,Scheibenhardt,Scheibenhardt,373,373,0,366,366,0,144,144,0,39.34426229508197,39.34426229508197,0.0,1,1,2026-03-22 20:02:42
4523340300000,VG,KOMMUNE,"Jockgrim, VG","Jockgrim, VG",9438,9438,0,9375,9375,0,2975,2975,0,31.733333333333334,31.733333333333334,0.0,10,10,2026-03-22 22:00:28
4523340300900,GD,KOMMUNE,Hatzenbühl,Hatzenbühl,1589,1589,0,1574,1574,0,493,493,0,31.321473951715372,31.321473951715372,0.0,2,2,2026-03-22 20:04:17
4523340301200,GD,KOMMUNE,Jockgrim,Jockgrim,3908,3908,0,3885,3885,0,1145,1145,0,29.472329472329474,29.472329472329474,0.0,4,4,2026-03-22 22:00:28
4523340302200,GD,KOMMUNE,Neupotz,Neupotz,1125,1125,0,1122,1122,0,490,490,0,43.672014260249554,43.672014260249554,0.0,1,1,2026-03-22 20:03:01
4523340302400,GD,KOMMUNE,Rheinzabern,Rheinzabern,2816,2816,0,2794,2794,0,847,847,0,30.314960629921263,30.314960629921263,0.0,3,3,2026-03-22 20:44:09
4523340600000,VG,KOMMUNE,"Rülzheim, VG","Rülzheim, VG",8761,8761,0,8695,8695,0,2861,2861,0,32.90396779758482,32.90396779758482,0.0,13,13,2026-03-22 19:31:00
4523340601100,GD,KOMMUNE,Hördt,Hördt,1450,1450,0,1444,1444,0,447,447,0,30.955678670360108,30.955678670360108,0.0,2,2,2026-03-22 19:31:00
4523340601500,GD,KOMMUNE,Kuhardt,Kuhardt,1184,1184,0,1179,1179,0,492,492,0,41.73027989821883,41.73027989821883,0.0,2,2,2026-03-22 19:01:51
4523340601600,GD,KOMMUNE,Leimersheim,Leimersheim,1615,1615,0,1602,1602,0,541,541,0,33.77028714107366,33.77028714107366,0.0,3,3,2026-03-22 19:08:17
4523340602500,GD,KOMMUNE,Rülzheim,Rülzheim,4512,4512,0,4470,4470,0,1381,1381,0,30.894854586129757,30.894854586129757,0.0,6,6,2026-03-22 19:23:16
