row_key,vote_type,party_key,party_name,votes,votes_2021,share_percent_2021,delta_votes_vs_2021,delta_share_percent_vs_2021
lsa:GEMEINDE:15001000,Erststimmen,D1,CDU,8972,,,,
lsa:GEMEINDE:15001000,Erststimmen,D13,HEIMAT,147,,,,
lsa:GEMEINDE:15001000,Erststimmen,D2,AfD,12526,,,,
lsa:GEMEINDE:15001000,Erststimmen,D3,Die Linke,3431,,,,
lsa:GEMEINDE:15001000,Erststimmen,D4,SPD,2553,,,,
lsa:GEMEINDE:15001000,Erststimmen,D5,FDP,1446,,,,
lsa:GEMEINDE:15001000,Erststimmen,D6,GRÜNE,1285,,,,
lsa:GEMEINDE:15001000,Erststimmen,D7,FREIE WÄHLER,345,,,,
lsa:GEMEINDE:15001000,Zweitstimmen,F1,CDU,5771,,,,
lsa:GEMEINDE:15001000,Zweitstimmen,F10,Gartenpartei,148,,,,
lsa:GEMEINDE:15001000,Zweitstimmen,F11,Die PARTEI,83,,,,
lsa:GEMEINDE:15001000,Zweitstimmen,F12,TIERSCHUTZALLIANZ,155,,,,
lsa:GEMEINDE:15001000,Zweitstimmen,F15,BSW,1980,,,,
lsa:GEMEINDE:15001000,Zweitstimmen,F19,PdF,45,,,,
lsa:GEMEINDE:15001000,Zweitstimmen,F2,AfD,11829,,,,
lsa:GEMEINDE:15001000,Zweitstimmen,F20,Volt,122,,,,
lsa:GEMEINDE:15001000,Zweitstimmen,F3,Die Linke,2618,,,,
lsa:GEMEINDE:15001000,Zweitstimmen,F4,SPD,3126,,,,
lsa:GEMEINDE:15001000,Zweitstimmen,F5,FDP,973,,,,
lsa:GEMEINDE:15001000,Zweitstimmen,F6,GRÜNE,3284,,,,
lsa:GEMEINDE:15001000,Zweitstimmen,F7,FREIE WÄHLER,297,,,,
lsa:GEMEINDE:15001000,Zweitstimmen,F8,dieBasis,32,,,,
lsa:GEMEINDE:15001000,Zweitstimmen,F9,Tierschutzpartei,375,,,,
lsa:GEMEINDE:15002000,Erststimmen,D1,CDU,9349,,,,
lsa:GEMEINDE:15002000,Erststimmen,D15,BSW,2111,,,,
lsa:GEMEINDE:15002000,Erststimmen,D2,AfD,13656,,,,
lsa:GEMEINDE:15002000,Erststimmen,D21,Anderer Kreiswahlvorschlag,138,,,,
lsa:GEMEINDE:15002000,Erststimmen,D3,Die Linke,13791,,,,
lsa:GEMEINDE:15002000,Erststimmen,D4,SPD,4566,,,,
lsa:GEMEINDE:15002000,Erststimmen,D5,FDP,1688,,,,
lsa:GEMEINDE:15002000,Erststimmen,D6,GRÜNE,3607,,,,
lsa:GEMEINDE:15002000,Erststimmen,D7,FREIE WÄHLER,334,,,,
lsa:GEMEINDE:15002000,Zweitstimmen,F1,CDU,6587,,,,
lsa:GEMEINDE:15002000,Zweitstimmen,F10,Gartenpartei,175,,,,
lsa:GEMEINDE:15002000,Zweitstimmen,F11,Die PARTEI,181,,,,
lsa:GEMEINDE:15002000,Zweitstimmen,F12,TIERSCHUTZALLIANZ,245,,,,
lsa:GEMEINDE:15002000,Zweitstimmen,F15,BSW,2285,,,,
lsa:GEMEINDE:15002000,Zweitstimmen,F19,PdF,68,,,,
lsa:GEMEINDE:15002000,Zweitstimmen,F2,AfD,13673,,,,
lsa:GEMEINDE:15002000,Zweitstimmen,F20,Volt,182,,,,
lsa:GEMEINDE:15002000,Zweitstimmen,F3,Die Linke,5960,,,,
lsa:GEMEINDE:15002000,Zweitstimmen,F4,SPD,6250,,,,
lsa:GEMEINDE:15002000,Zweitstimmen,F5,FDP,1420,,,,
lsa:GEMEINDE:15002000,Zweitstimmen,F6,GRÜNE,11351,,,,
lsa:GEMEINDE:15002000,Zweitstimmen,F7,FREIE WÄHLER,385,,,,
lsa:GEMEINDE:15002000,Zweitstimmen,F8,dieBasis,73,,,,
lsa:GEMEINDE:15002000,Zweitstimmen,F9,Tierschutzpartei,475,,,,
lsa:GEMEINDE:15003000,Erststimmen,D1,CDU,23255,,,,
lsa:GEMEINDE:15003000,Erststimmen,D10,Gartenpartei,1848,,,,
lsa:GEMEINDE:15003000,Erststimmen,D12,TIERSCHUTZALLIANZ,691,,,,
lsa:GEMEINDE:15003000,Erststimmen,D15,BSW,4118,,,,
lsa:GEMEINDE:15003000,Erststimmen,D2,AfD,29670,,,,
lsa:GEMEINDE:15003000,Erststimmen,D20,Volt,387,,,,
lsa:GEMEINDE:15003000,Erststimmen,D3,Die Linke,16137,,,,
lsa:GEMEINDE:15003000,Erststimmen,D4,SPD,7722,,,,
lsa:GEMEINDE:15003000,Erststimmen,D5,FDP,2617,,,,
lsa:GEMEINDE:15003000,Erststimmen,D6,GRÜNE,4227,,,,
lsa:GEMEINDE:15003000,Zweitstimmen,F1,CDU,14237,,,,
lsa:GEMEINDE:15003000,Zweitstimmen,F10,Gartenpartei,1192,,,,
lsa:GEMEINDE:15003000,Zweitstimmen,F11,Die PARTEI,259,,,,
lsa:GEMEINDE:15003000,Zweitstimmen,F12,TIERSCHUTZALLIANZ,747,,,,
lsa:GEMEINDE:15003000,Zweitstimmen,F15,BSW,4717,,,,
lsa:GEMEINDE:15003000,Zweitstimmen,F19,PdF,148,,,,
lsa:GEMEINDE:15003000,Zweitstimmen,F2,AfD,29553,,,,
lsa:GEMEINDE:15003000,Zweitstimmen,F20,Volt,457,,,,
lsa:GEMEINDE:15003000,Zweitstimmen,F3,Die Linke,9762,,,,
lsa:GEMEINDE:15003000,Zweitstimmen,F4,SPD,10960,,,,
lsa:GEMEINDE:15003000,Zweitstimmen,F5,FDP,2713,,,,
lsa:GEMEINDE:15003000,Zweitstimmen,F6,GRÜNE,14577,,,,
lsa:GEMEINDE:15003000,Zweitstimmen,F7,FREIE WÄHLER,487,,,,
lsa:GEMEINDE:15003000,Zweitstimmen,F8,dieBasis,141,,,,
lsa:GEMEINDE:15003000,Zweitstimmen,F9,Tierschutzpartei,775,,,,
lsa:GEMEINDE:15081026,Erststimmen,D1,CDU,234,,,,
lsa:GEMEINDE:15081026,Erststimmen,D11,Die PARTEI,9,,,,
lsa:GEMEINDE:15081026,Erststimmen,D15,BSW,47,,,,
lsa:GEMEINDE:15081026,Erststimmen,D2,AfD,460,,,,
lsa:GEMEINDE:15081026,Erststimmen,D3,Die Linke,84,,,,
lsa:GEMEINDE:15081026,Erststimmen,D4,SPD,59,,,,
lsa:GEMEINDE:15081026,Erststimmen,D5,FDP,18,,,,
lsa:GEMEINDE:15081026,Erststimmen,D6,GRÜNE,23,,,,
lsa:GEMEINDE:15081026,Zweitstimmen,F1,CDU,145,,,,
lsa:GEMEINDE:15081026,Zweitstimmen,F10,Gartenpartei,5,,,,
lsa:GEMEINDE:15081026,Zweitstimmen,F11,Die PARTEI,3,,,,
lsa:GEMEINDE:15081026,Zweitstimmen,F12,TIERSCHUTZALLIANZ,3,,,,
lsa:GEMEINDE:15081026,Zweitstimmen,F15,BSW,62,,,,
lsa:GEMEINDE:15081026,Zweitstimmen,F19,PdF,2,,,,
lsa:GEMEINDE:15081026,Zweitstimmen,F2,AfD,454,,,,
lsa:GEMEINDE:15081026,Zweitstimmen,F20,Volt,1,,,,
lsa:GEMEINDE:15081026,Zweitstimmen,F3,Die Linke,71,,,,
lsa:GEMEINDE:15081026,Zweitstimmen,F4,SPD,97,,,,
lsa:GEMEINDE:15081026,Zweitstimmen,F5,FDP,24,,,,
lsa:GEMEINDE:15081026,Zweitstimmen,F6,GRÜNE,53,,,,
lsa:GEMEINDE:15081026,Zweitstimmen,F7,FREIE WÄHLER,5,,,,
lsa:GEMEINDE:15081026,Zweitstimmen,F8,dieBasis,1,,,,
lsa:GEMEINDE:15081026,Zweitstimmen,F9,Tierschutzpartei,7,,,,
lsa:GEMEINDE:15081030,Erststimmen,D1,CDU,715,,,,
lsa:GEMEINDE:15081030,Erststimmen,D11,Die PARTEI,30,,,,
lsa:GEMEINDE:15081030,Erststimmen,D15,BSW,166,,,,
lsa:GEMEINDE:15081030,Erststimmen,D2,AfD,1556,,,,
lsa:GEMEINDE:15081030,Erststimmen,D3,Die Linke,350,,,,
lsa:GEMEINDE:15081030,Erststimmen,D4,SPD,249,,,,
lsa:GEMEINDE:15081030,Erststimmen,D5,FDP,86,,,,
lsa:GEMEINDE:15081030,Erststimmen,D6,GRÜNE,71,,,,
lsa:GEMEINDE:15081030,Zweitstimmen,F1,CDU,543,,,,
lsa:GEMEINDE:15081030,Zweitstimmen,F10,Gartenpartei,10,,,,
lsa:GEMEINDE:15081030,Zweitstimmen,F11,Die PARTEI,12,,,,
lsa:GEMEINDE:15081030,Zweitstimmen,F12,TIERSCHUTZALLIANZ,11,,,,
lsa:GEMEINDE:15081030,Zweitstimmen,F15,BSW,163,,,,
lsa:GEMEINDE:15081030,Zweitstimmen,F19,PdF,5,,,,
lsa:GEMEINDE:15081030,Zweitstimmen,F2,AfD,1573,,,,
lsa:GEMEINDE:15081030,Zweitstimmen,F20,Volt,13,,,,
lsa:GEMEINDE:15081030,Zweitstimmen,F3,Die Linke,296,,,,
lsa:GEMEINDE:15081030,Zweitstimmen,F4,SPD,238,,,,
lsa:GEMEINDE:15081030,Zweitstimmen,F5,FDP,122,,,,
lsa:GEMEINDE:15081030,Zweitstimmen,F6,GRÜNE,177,,,,
lsa:GEMEINDE:15081030,Zweitstimmen,F7,FREIE WÄHLER,31,,,,
lsa:GEMEINDE:15081030,Zweitstimmen,F8,dieBasis,12,,,,
lsa:GEMEINDE:15081030,Zweitstimmen,F9,Tierschutzpartei,23,,,,
lsa:GEMEINDE:15081045,Erststimmen,D1,CDU,178,,,,
lsa:GEMEINDE:15081045,Erststimmen,D11,Die PARTEI,5,,,,
lsa:GEMEINDE:15081045,Erststimmen,D15,BSW,30,,,,
lsa:GEMEINDE:15081045,Erststimmen,D2,AfD,293,,,,
lsa:GEMEINDE:15081045,Erststimmen,D3,Die Linke,109,,,,
lsa:GEMEINDE:15081045,Erststimmen,D4,SPD,32,,,,
lsa:GEMEINDE:15081045,Erststimmen,D5,FDP,8,,,,
lsa:GEMEINDE:15081045,Erststimmen,D6,GRÜNE,29,,,,
lsa:GEMEINDE:15081045,Zweitstimmen,F1,CDU,104,,,,
lsa:GEMEINDE:15081045,Zweitstimmen,F10,Gartenpartei,3,,,,
lsa:GEMEINDE:15081045,Zweitstimmen,F11,Die PARTEI,3,,,,
lsa:GEMEINDE:15081045,Zweitstimmen,F12,TIERSCHUTZALLIANZ,2,,,,
lsa:GEMEINDE:15081045,Zweitstimmen,F15,BSW,32,,,,
lsa:GEMEINDE:15081045,Zweitstimmen,F19,PdF,1,,,,
lsa:GEMEINDE:15081045,Zweitstimmen,F2,AfD,299,,,,
lsa:GEMEINDE:15081045,Zweitstimmen,F20,Volt,0,,,,
lsa:GEMEINDE:15081045,Zweitstimmen,F3,Die Linke,74,,,,
lsa:GEMEINDE:15081045,Zweitstimmen,F4,SPD,46,,,,
lsa:GEMEINDE:15081045,Zweitstimmen,F5,FDP,17,,,,
lsa:GEMEINDE:15081045,Zweitstimmen,F6,GRÜNE,91,,,,
lsa:GEMEINDE:15081045,Zweitstimmen,F7,FREIE WÄHLER,5,,,,
lsa:GEMEINDE:15081045,Zweitstimmen,F8,dieBasis,2,,,,
lsa:GEMEINDE:15081045,Zweitstimmen,F9,Tierschutzpartei,5,,,,
lsa:GEMEINDE:15081095,Erststimmen,D1,CDU,185,,,,
lsa:GEMEINDE:15081095,Erststimmen,D11,Die PARTEI,4,,,,
lsa:GEMEINDE:15081095,Erststimmen,D15,BSW,26,,,,
lsa:GEMEINDE:15081095,Erststimmen,D2,AfD,334,,,,
lsa:GEMEINDE:15081095,Erststimmen,D3,Die Linke,71,,,,
lsa:GEMEINDE:15081095,Erststimmen,D4,SPD,45,,,,
lsa:GEMEINDE:15081095,Erststimmen,D5,FDP,30,,,,
lsa:GEMEINDE:15081095,Erststimmen,D6,GRÜNE,17,,,,
lsa:GEMEINDE:15081095,Zweitstimmen,F1,CDU,124,,,,
lsa:GEMEINDE:15081095,Zweitstimmen,F10,Gartenpartei,0,,,,
lsa:GEMEINDE:15081095,Zweitstimmen,F11,Die PARTEI,2,,,,
lsa:GEMEINDE:15081095,Zweitstimmen,F12,TIERSCHUTZALLIANZ,0,,,,
lsa:GEMEINDE:15081095,Zweitstimmen,F15,BSW,30,,,,
lsa:GEMEINDE:15081095,Zweitstimmen,F19,PdF,0,,,,
lsa:GEMEINDE:15081095,Zweitstimmen,F2,AfD,333,,,,
lsa:GEMEINDE:15081095,Zweitstimmen,F20,Volt,0,,,,
lsa:GEMEINDE:15081095,Zweitstimmen,F3,Die Linke,62,,,,
lsa:GEMEINDE:15081095,Zweitstimmen,F4,SPD,60,,,,
lsa:GEMEINDE:15081095,Zweitstimmen,F5,FDP,29,,,,
lsa:GEMEINDE:15081095,Zweitstimmen,F6,GRÜNE,63,,,,
lsa:GEMEINDE:15081095,Zweitstimmen,F7,FREIE WÄHLER,4,,,,
lsa:GEMEINDE:15081095,Zweitstimmen,F8,dieBasis,1,,,,
lsa:GEMEINDE:15081095,Zweitstimmen,F9,Tierschutzpartei,2,,,,
lsa:GEMEINDE:15081105,Erststimmen,D1,CDU,0,,,,
lsa:GEMEINDE:15081105,Erststimmen,D11,Die PARTEI,0,,,,
lsa:GEMEINDE:15081105,Erststimmen,D15,BSW,0,,,,
lsa:GEMEINDE:15081105,Erststimmen,D2,AfD,0,,,,
lsa:GEMEINDE:15081105,Erststimmen,D3,Die Linke,0,,,,
lsa:GEMEINDE:15081105,Erststimmen,D4,SPD,0,,,,
lsa:GEMEINDE:15081105,Erststimmen,D5,FDP,0,,,,
lsa:GEMEINDE:15081105,Erststimmen,D6,GRÜNE,0,,,,
lsa:GEMEINDE:15081105,Zweitstimmen,F1,CDU,0,,,,
lsa:GEMEINDE:15081105,Zweitstimmen,F10,Gartenpartei,0,,,,
lsa:GEMEINDE:15081105,Zweitstimmen,F11,Die PARTEI,0,,,,
lsa:GEMEINDE:15081105,Zweitstimmen,F12,TIERSCHUTZALLIANZ,0,,,,
lsa:GEMEINDE:15081105,Zweitstimmen,F15,BSW,0,,,,
lsa:GEMEINDE:15081105,Zweitstimmen,F19,PdF,0,,,,
lsa:GEMEINDE:15081105,Zweitstimmen,F2,AfD,0,,,,
lsa:GEMEINDE:15081105,Zweitstimmen,F20,Volt,0,,,,
lsa:GEMEINDE:15081105,Zweitstimmen,F3,Die Linke,0,,,,
lsa:GEMEINDE:15081105,Zweitstimmen,F4,SPD,0,,,,
lsa:GEMEINDE:15081105,Zweitstimmen,F5,FDP,0,,,,
lsa:GEMEINDE:15081105,Zweitstimmen,F6,GRÜNE,0,,,,
lsa:GEMEINDE:15081105,Zweitstimmen,F7,FREIE WÄHLER,0,,,,
lsa:GEMEINDE:15081105,Zweitstimmen,F8,dieBasis,0,,,,
lsa:GEMEINDE:15081105,Zweitstimmen,F9,Tierschutzpartei,0,,,,
lsa:GEMEINDE:15081135,Erststimmen,D1,CDU,2190,,,,
lsa:GEMEINDE:15081135,Erststimmen,D11,Die PARTEI,145,,,,
lsa:GEMEINDE:15081135,Erststimmen,D15,BSW,531,,,,
lsa:GEMEINDE:15081135,Erststimmen,D2,AfD,4375,,,,
lsa:GEMEINDE:15081135,Erststimmen,D3,Die Linke,870,,,,
lsa:GEMEINDE:15081135,Erststimmen,D4,SPD,706,,,,
lsa:GEMEINDE:15081135,Erststimmen,D5,FDP,337,,,,
lsa:GEMEINDE:15081135,Erststimmen,D6,GRÜNE,187,,,,
lsa:GEMEINDE:15081135,Zweitstimmen,F1,CDU,1434,,,,
lsa:GEMEINDE:15081135,Zweitstimmen,F10,Gartenpartei,54,,,,
lsa:GEMEINDE:15081135,Zweitstimmen,F11,Die PARTEI,37,,,,
lsa:GEMEINDE:15081135,Zweitstimmen,F12,TIERSCHUTZALLIANZ,61,,,,
lsa:GEMEINDE:15081135,Zweitstimmen,F15,BSW,498,,,,
lsa:GEMEINDE:15081135,Zweitstimmen,F19,PdF,16,,,,
lsa:GEMEINDE:15081135,Zweitstimmen,F2,AfD,4446,,,,
lsa:GEMEINDE:15081135,Zweitstimmen,F20,Volt,32,,,,
lsa:GEMEINDE:15081135,Zweitstimmen,F3,Die Linke,781,,,,
lsa:GEMEINDE:15081135,Zweitstimmen,F4,SPD,917,,,,
lsa:GEMEINDE:15081135,Zweitstimmen,F5,FDP,268,,,,
lsa:GEMEINDE:15081135,Zweitstimmen,F6,GRÜNE,590,,,,
lsa:GEMEINDE:15081135,Zweitstimmen,F7,FREIE WÄHLER,81,,,,
lsa:GEMEINDE:15081135,Zweitstimmen,F8,dieBasis,13,,,,
lsa:GEMEINDE:15081135,Zweitstimmen,F9,Tierschutzpartei,114,,,,
lsa:GEMEINDE:15081225,Erststimmen,D1,CDU,238,,,,
lsa:GEMEINDE:15081225,Erststimmen,D11,Die PARTEI,10,,,,
lsa:GEMEINDE:15081225,Erststimmen,D15,BSW,30,,,,
lsa:GEMEINDE:15081225,Erststimmen,D2,AfD,432,,,,
lsa:GEMEINDE:15081225,Erststimmen,D3,Die Linke,54,,,,
lsa:GEMEINDE:15081225,Erststimmen,D4,SPD,53,,,,
lsa:GEMEINDE:15081225,Erststimmen,D5,FDP,17,,,,
lsa:GEMEINDE:15081225,Erststimmen,D6,GRÜNE,13,,,,
lsa:GEMEINDE:15081225,Zweitstimmen,F1,CDU,134,,,,
lsa:GEMEINDE:15081225,Zweitstimmen,F10,Gartenpartei,5,,,,
lsa:GEMEINDE:15081225,Zweitstimmen,F11,Die PARTEI,1,,,,
lsa:GEMEINDE:15081225,Zweitstimmen,F12,TIERSCHUTZALLIANZ,5,,,,
lsa:GEMEINDE:15081225,Zweitstimmen,F15,BSW,33,,,,
lsa:GEMEINDE:15081225,Zweitstimmen,F19,PdF,2,,,,
lsa:GEMEINDE:15081225,Zweitstimmen,F2,AfD,469,,,,
lsa:GEMEINDE:15081225,Zweitstimmen,F20,Volt,0,,,,
lsa:GEMEINDE:15081225,Zweitstimmen,F3,Die Linke,57,,,,
lsa:GEMEINDE:15081225,Zweitstimmen,F4,SPD,60,,,,
lsa:GEMEINDE:15081225,Zweitstimmen,F5,FDP,10,,,,
lsa:GEMEINDE:15081225,Zweitstimmen,F6,GRÜNE,47,,,,
lsa:GEMEINDE:15081225,Zweitstimmen,F7,FREIE WÄHLER,11,,,,
lsa:GEMEINDE:15081225,Zweitstimmen,F8,dieBasis,1,,,,
lsa:GEMEINDE:15081225,Zweitstimmen,F9,Tierschutzpartei,11,,,,
lsa:GEMEINDE:15081240,Erststimmen,D1,CDU,567,,,,
lsa:GEMEINDE:15081240,Erststimmen,D11,Die PARTEI,29,,,,
lsa:GEMEINDE:15081240,Erststimmen,D15,BSW,130,,,,
lsa:GEMEINDE:15081240,Erststimmen,D2,AfD,1262,,,,
lsa:GEMEINDE:15081240,Erststimmen,D3,Die Linke,279,,,,
lsa:GEMEINDE:15081240,Erststimmen,D4,SPD,154,,,,
lsa:GEMEINDE:15081240,Erststimmen,D5,FDP,76,,,,
lsa:GEMEINDE:15081240,Erststimmen,D6,GRÜNE,57,,,,
lsa:GEMEINDE:15081240,Zweitstimmen,F1,CDU,417,,,,
lsa:GEMEINDE:15081240,Zweitstimmen,F10,Gartenpartei,6,,,,
lsa:GEMEINDE:15081240,Zweitstimmen,F11,Die PARTEI,12,,,,
lsa:GEMEINDE:15081240,Zweitstimmen,F12,TIERSCHUTZALLIANZ,7,,,,
lsa:GEMEINDE:15081240,Zweitstimmen,F15,BSW,145,,,,
lsa:GEMEINDE:15081240,Zweitstimmen,F19,PdF,2,,,,
lsa:GEMEINDE:15081240,Zweitstimmen,F2,AfD,1242,,,,
lsa:GEMEINDE:15081240,Zweitstimmen,F20,Volt,9,,,,
lsa:GEMEINDE:15081240,Zweitstimmen,F3,Die Linke,228,,,,
lsa:GEMEINDE:15081240,Zweitstimmen,F4,SPD,214,,,,
lsa:GEMEINDE:15081240,Zweitstimmen,F5,FDP,70,,,,
lsa:GEMEINDE:15081240,Zweitstimmen,F6,GRÜNE,157,,,,
lsa:GEMEINDE:15081240,Zweitstimmen,F7,FREIE WÄHLER,22,,,,
lsa:GEMEINDE:15081240,Zweitstimmen,F8,dieBasis,3,,,,
lsa:GEMEINDE:15081240,Zweitstimmen,F9,Tierschutzpartei,22,,,,
lsa:GEMEINDE:15081280,Erststimmen,D1,CDU,811,,,,
lsa:GEMEINDE:15081280,Erststimmen,D11,Die PARTEI,42,,,,
lsa:GEMEINDE:15081280,Erststimmen,D15,BSW,159,,,,
lsa:GEMEINDE:15081280,Erststimmen,D2,AfD,1652,,,,
lsa:GEMEINDE:15081280,Erststimmen,D3,Die Linke,507,,,,
lsa:GEMEINDE:15081280,Erststimmen,D4,SPD,274,,,,
lsa:GEMEINDE:15081280,Erststimmen,D5,FDP,97,,,,
lsa:GEMEINDE:15081280,Erststimmen,D6,GRÜNE,86,,,,
lsa:GEMEINDE:15081280,Zweitstimmen,F1,CDU,577,,,,
lsa:GEMEINDE:15081280,Zweitstimmen,F10,Gartenpartei,17,,,,
lsa:GEMEINDE:15081280,Zweitstimmen,F11,Die PARTEI,19,,,,
lsa:GEMEINDE:15081280,Zweitstimmen,F12,TIERSCHUTZALLIANZ,20,,,,
lsa:GEMEINDE:15081280,Zweitstimmen,F15,BSW,168,,,,
lsa:GEMEINDE:15081280,Zweitstimmen,F19,PdF,6,,,,
lsa:GEMEINDE:15081280,Zweitstimmen,F2,AfD,1671,,,,
lsa:GEMEINDE:15081280,Zweitstimmen,F20,Volt,10,,,,
lsa:GEMEINDE:15081280,Zweitstimmen,F3,Die Linke,316,,,,
lsa:GEMEINDE:15081280,Zweitstimmen,F4,SPD,411,,,,
lsa:GEMEINDE:15081280,Zweitstimmen,F5,FDP,94,,,,
lsa:GEMEINDE:15081280,Zweitstimmen,F6,GRÜNE,243,,,,
lsa:GEMEINDE:15081280,Zweitstimmen,F7,FREIE WÄHLER,45,,,,
lsa:GEMEINDE:15081280,Zweitstimmen,F8,dieBasis,6,,,,
lsa:GEMEINDE:15081280,Zweitstimmen,F9,Tierschutzpartei,22,,,,
lsa:GEMEINDE:15081290,Erststimmen,D1,CDU,162,,,,
lsa:GEMEINDE:15081290,Erststimmen,D11,Die PARTEI,12,,,,
lsa:GEMEINDE:15081290,Erststimmen,D15,BSW,39,,,,
lsa:GEMEINDE:15081290,Erststimmen,D2,AfD,334,,,,
lsa:GEMEINDE:15081290,Erststimmen,D3,Die Linke,61,,,,
lsa:GEMEINDE:15081290,Erststimmen,D4,SPD,46,,,,
lsa:GEMEINDE:15081290,Erststimmen,D5,FDP,23,,,,
lsa:GEMEINDE:15081290,Erststimmen,D6,GRÜNE,22,,,,
lsa:GEMEINDE:15081290,Zweitstimmen,F1,CDU,129,,,,
lsa:GEMEINDE:15081290,Zweitstimmen,F10,Gartenpartei,3,,,,
lsa:GEMEINDE:15081290,Zweitstimmen,F11,Die PARTEI,5,,,,
lsa:GEMEINDE:15081290,Zweitstimmen,F12,TIERSCHUTZALLIANZ,6,,,,
lsa:GEMEINDE:15081290,Zweitstimmen,F15,BSW,39,,,,
lsa:GEMEINDE:15081290,Zweitstimmen,F19,PdF,2,,,,
lsa:GEMEINDE:15081290,Zweitstimmen,F2,AfD,332,,,,
lsa:GEMEINDE:15081290,Zweitstimmen,F20,Volt,1,,,,
lsa:GEMEINDE:15081290,Zweitstimmen,F3,Die Linke,51,,,,
lsa:GEMEINDE:15081290,Zweitstimmen,F4,SPD,46,,,,
lsa:GEMEINDE:15081290,Zweitstimmen,F5,FDP,17,,,,
lsa:GEMEINDE:15081290,Zweitstimmen,F6,GRÜNE,57,,,,
lsa:GEMEINDE:15081290,Zweitstimmen,F7,FREIE WÄHLER,11,,,,
lsa:GEMEINDE:15081290,Zweitstimmen,F8,dieBasis,0,,,,
lsa:GEMEINDE:15081290,Zweitstimmen,F9,Tierschutzpartei,1,,,,
lsa:GEMEINDE:15081440,Erststimmen,D1,CDU,130,,,,
lsa:GEMEINDE:15081440,Erststimmen,D11,Die PARTEI,12,,,,
lsa:GEMEINDE:15081440,Erststimmen,D15,BSW,23,,,,
lsa:GEMEINDE:15081440,Erststimmen,D2,AfD,316,,,,
lsa:GEMEINDE:15081440,Erststimmen,D3,Die Linke,42,,,,
lsa:GEMEINDE:15081440,Erststimmen,D4,SPD,43,,,,
lsa:GEMEINDE:15081440,Erststimmen,D5,FDP,13,,,,
lsa:GEMEINDE:15081440,Erststimmen,D6,GRÜNE,10,,,,
lsa:GEMEINDE:15081440,Zweitstimmen,F1,CDU,92,,,,
lsa:GEMEINDE:15081440,Zweitstimmen,F10,Gartenpartei,3,,,,
lsa:GEMEINDE:15081440,Zweitstimmen,F11,Die PARTEI,2,,,,
lsa:GEMEINDE:15081440,Zweitstimmen,F12,TIERSCHUTZALLIANZ,3,,,,
lsa:GEMEINDE:15081440,Zweitstimmen,F15,BSW,30,,,,
lsa:GEMEINDE:15081440,Zweitstimmen,F19,PdF,0,,,,
lsa:GEMEINDE:15081440,Zweitstimmen,F2,AfD,314,,,,
lsa:GEMEINDE:15081440,Zweitstimmen,F20,Volt,0,,,,
lsa:GEMEINDE:15081440,Zweitstimmen,F3,Die Linke,34,,,,
lsa:GEMEINDE:15081440,Zweitstimmen,F4,SPD,41,,,,
lsa:GEMEINDE:15081440,Zweitstimmen,F5,FDP,7,,,,
lsa:GEMEINDE:15081440,Zweitstimmen,F6,GRÜNE,45,,,,
lsa:GEMEINDE:15081440,Zweitstimmen,F7,FREIE WÄHLER,5,,,,
lsa:GEMEINDE:15081440,Zweitstimmen,F8,dieBasis,1,,,,
lsa:GEMEINDE:15081440,Zweitstimmen,F9,Tierschutzpartei,10,,,,
lsa:GEMEINDE:15081455,Erststimmen,D1,CDU,1782,,,,
lsa:GEMEINDE:15081455,Erststimmen,D11,Die PARTEI,72,,,,
lsa:GEMEINDE:15081455,Erststimmen,D15,BSW,372,,,,
lsa:GEMEINDE:15081455,Erststimmen,D2,AfD,3050,,,,
lsa:GEMEINDE:15081455,Erststimmen,D3,Die Linke,1035,,,,
lsa:GEMEINDE:15081455,Erststimmen,D4,SPD,507,,,,
lsa:GEMEINDE:15081455,Erststimmen,D5,FDP,189,,,,
lsa:GEMEINDE:15081455,Erststimmen,D6,GRÜNE,189,,,,
lsa:GEMEINDE:15081455,Zweitstimmen,F1,CDU,1185,,,,
lsa:GEMEINDE:15081455,Zweitstimmen,F10,Gartenpartei,27,,,,
lsa:GEMEINDE:15081455,Zweitstimmen,F11,Die PARTEI,20,,,,
lsa:GEMEINDE:15081455,Zweitstimmen,F12,TIERSCHUTZALLIANZ,34,,,,
lsa:GEMEINDE:15081455,Zweitstimmen,F15,BSW,413,,,,
lsa:GEMEINDE:15081455,Zweitstimmen,F19,PdF,14,,,,
lsa:GEMEINDE:15081455,Zweitstimmen,F2,AfD,3066,,,,
lsa:GEMEINDE:15081455,Zweitstimmen,F20,Volt,18,,,,
lsa:GEMEINDE:15081455,Zweitstimmen,F3,Die Linke,814,,,,
lsa:GEMEINDE:15081455,Zweitstimmen,F4,SPD,730,,,,
lsa:GEMEINDE:15081455,Zweitstimmen,F5,FDP,179,,,,
lsa:GEMEINDE:15081455,Zweitstimmen,F6,GRÜNE,561,,,,
lsa:GEMEINDE:15081455,Zweitstimmen,F7,FREIE WÄHLER,68,,,,
lsa:GEMEINDE:15081455,Zweitstimmen,F8,dieBasis,15,,,,
lsa:GEMEINDE:15081455,Zweitstimmen,F9,Tierschutzpartei,63,,,,
lsa:GEMEINDE:15081545,Erststimmen,D1,CDU,103,,,,
lsa:GEMEINDE:15081545,Erststimmen,D11,Die PARTEI,2,,,,
lsa:GEMEINDE:15081545,Erststimmen,D15,BSW,14,,,,
lsa:GEMEINDE:15081545,Erststimmen,D2,AfD,227,,,,
lsa:GEMEINDE:15081545,Erststimmen,D3,Die Linke,44,,,,
lsa:GEMEINDE:15081545,Erststimmen,D4,SPD,26,,,,
lsa:GEMEINDE:15081545,Erststimmen,D5,FDP,15,,,,
lsa:GEMEINDE:15081545,Erststimmen,D6,GRÜNE,7,,,,
lsa:GEMEINDE:15081545,Zweitstimmen,F1,CDU,69,,,,
lsa:GEMEINDE:15081545,Zweitstimmen,F10,Gartenpartei,0,,,,
lsa:GEMEINDE:15081545,Zweitstimmen,F11,Die PARTEI,0,,,,
lsa:GEMEINDE:15081545,Zweitstimmen,F12,TIERSCHUTZALLIANZ,0,,,,
lsa:GEMEINDE:15081545,Zweitstimmen,F15,BSW,13,,,,
lsa:GEMEINDE:15081545,Zweitstimmen,F19,PdF,1,,,,
lsa:GEMEINDE:15081545,Zweitstimmen,F2,AfD,233,,,,
lsa:GEMEINDE:15081545,Zweitstimmen,F20,Volt,4,,,,
lsa:GEMEINDE:15081545,Zweitstimmen,F3,Die Linke,32,,,,
lsa:GEMEINDE:15081545,Zweitstimmen,F4,SPD,35,,,,
lsa:GEMEINDE:15081545,Zweitstimmen,F5,FDP,10,,,,
lsa:GEMEINDE:15081545,Zweitstimmen,F6,GRÜNE,34,,,,
lsa:GEMEINDE:15081545,Zweitstimmen,F7,FREIE WÄHLER,5,,,,
lsa:GEMEINDE:15081545,Zweitstimmen,F8,dieBasis,0,,,,
lsa:GEMEINDE:15081545,Zweitstimmen,F9,Tierschutzpartei,2,,,,
lsa:GEMEINDE:15082005,Erststimmen,D1,CDU,488,,,,
lsa:GEMEINDE:15082005,Erststimmen,D2,AfD,1418,,,,
lsa:GEMEINDE:15082005,Erststimmen,D3,Die Linke,225,,,,
lsa:GEMEINDE:15082005,Erststimmen,D4,SPD,138,,,,
lsa:GEMEINDE:15082005,Erststimmen,D5,FDP,178,,,,
lsa:GEMEINDE:15082005,Erststimmen,D6,GRÜNE,53,,,,
lsa:GEMEINDE:15082005,Zweitstimmen,F1,CDU,404,,,,
lsa:GEMEINDE:15082005,Zweitstimmen,F10,Gartenpartei,7,,,,
lsa:GEMEINDE:15082005,Zweitstimmen,F11,Die PARTEI,6,,,,
lsa:GEMEINDE:15082005,Zweitstimmen,F12,TIERSCHUTZALLIANZ,16,,,,
lsa:GEMEINDE:15082005,Zweitstimmen,F15,BSW,129,,,,
lsa:GEMEINDE:15082005,Zweitstimmen,F19,PdF,1,,,,
lsa:GEMEINDE:15082005,Zweitstimmen,F2,AfD,1364,,,,
lsa:GEMEINDE:15082005,Zweitstimmen,F20,Volt,1,,,,
lsa:GEMEINDE:15082005,Zweitstimmen,F3,Die Linke,180,,,,
lsa:GEMEINDE:15082005,Zweitstimmen,F4,SPD,151,,,,
lsa:GEMEINDE:15082005,Zweitstimmen,F5,FDP,91,,,,
lsa:GEMEINDE:15082005,Zweitstimmen,F6,GRÜNE,106,,,,
lsa:GEMEINDE:15082005,Zweitstimmen,F7,FREIE WÄHLER,26,,,,
lsa:GEMEINDE:15082005,Zweitstimmen,F8,dieBasis,3,,,,
lsa:GEMEINDE:15082005,Zweitstimmen,F9,Tierschutzpartei,24,,,,
lsa:GEMEINDE:15082015,Erststimmen,D1,CDU,2819,,,,
lsa:GEMEINDE:15082015,Erststimmen,D2,AfD,7559,,,,
lsa:GEMEINDE:15082015,Erststimmen,D3,Die Linke,1432,,,,
lsa:GEMEINDE:15082015,Erststimmen,D4,SPD,1039,,,,
lsa:GEMEINDE:15082015,Erststimmen,D5,FDP,374,,,,
lsa:GEMEINDE:15082015,Erststimmen,D6,GRÜNE,410,,,,
lsa:GEMEINDE:15082015,Erststimmen,D7,FREIE WÄHLER,614,,,,
lsa:GEMEINDE:15082015,Zweitstimmen,F1,CDU,2376,,,,
lsa:GEMEINDE:15082015,Zweitstimmen,F10,Gartenpartei,71,,,,
lsa:GEMEINDE:15082015,Zweitstimmen,F11,Die PARTEI,35,,,,
lsa:GEMEINDE:15082015,Zweitstimmen,F12,TIERSCHUTZALLIANZ,86,,,,
lsa:GEMEINDE:15082015,Zweitstimmen,F15,BSW,718,,,,
lsa:GEMEINDE:15082015,Zweitstimmen,F19,PdF,14,,,,
lsa:GEMEINDE:15082015,Zweitstimmen,F2,AfD,7179,,,,
lsa:GEMEINDE:15082015,Zweitstimmen,F20,Volt,52,,,,
lsa:GEMEINDE:15082015,Zweitstimmen,F3,Die Linke,1130,,,,
lsa:GEMEINDE:15082015,Zweitstimmen,F4,SPD,1095,,,,
lsa:GEMEINDE:15082015,Zweitstimmen,F5,FDP,309,,,,
lsa:GEMEINDE:15082015,Zweitstimmen,F6,GRÜNE,800,,,,
lsa:GEMEINDE:15082015,Zweitstimmen,F7,FREIE WÄHLER,234,,,,
lsa:GEMEINDE:15082015,Zweitstimmen,F8,dieBasis,6,,,,
lsa:GEMEINDE:15082015,Zweitstimmen,F9,Tierschutzpartei,165,,,,
lsa:GEMEINDE:15082180,Erststimmen,D1,CDU,1640,,,,
lsa:GEMEINDE:15082180,Erststimmen,D15,BSW,245,,,,
lsa:GEMEINDE:15082180,Erststimmen,D2,AfD,3666,,,,
lsa:GEMEINDE:15082180,Erststimmen,D3,Die Linke,698,,,,
lsa:GEMEINDE:15082180,Erststimmen,D4,SPD,426,,,,
lsa:GEMEINDE:15082180,Erststimmen,D5,FDP,209,,,,
lsa:GEMEINDE:15082180,Erststimmen,D6,GRÜNE,200,,,,
lsa:GEMEINDE:15082180,Zweitstimmen,F1,CDU,1111,,,,
lsa:GEMEINDE:15082180,Zweitstimmen,F10,Gartenpartei,36,,,,
lsa:GEMEINDE:15082180,Zweitstimmen,F11,Die PARTEI,11,,,,
lsa:GEMEINDE:15082180,Zweitstimmen,F12,TIERSCHUTZALLIANZ,49,,,,
lsa:GEMEINDE:15082180,Zweitstimmen,F15,BSW,341,,,,
lsa:GEMEINDE:15082180,Zweitstimmen,F19,PdF,6,,,,
lsa:GEMEINDE:15082180,Zweitstimmen,F2,AfD,3686,,,,
lsa:GEMEINDE:15082180,Zweitstimmen,F20,Volt,27,,,,
lsa:GEMEINDE:15082180,Zweitstimmen,F3,Die Linke,612,,,,
lsa:GEMEINDE:15082180,Zweitstimmen,F4,SPD,477,,,,
lsa:GEMEINDE:15082180,Zweitstimmen,F5,FDP,193,,,,
lsa:GEMEINDE:15082180,Zweitstimmen,F6,GRÜNE,406,,,,
lsa:GEMEINDE:15082180,Zweitstimmen,F7,FREIE WÄHLER,60,,,,
lsa:GEMEINDE:15082180,Zweitstimmen,F8,dieBasis,10,,,,
lsa:GEMEINDE:15082180,Zweitstimmen,F9,Tierschutzpartei,71,,,,
lsa:GEMEINDE:15082241,Erststimmen,D1,CDU,1568,,,,
lsa:GEMEINDE:15082241,Erststimmen,D15,BSW,305,,,,
lsa:GEMEINDE:15082241,Erststimmen,D2,AfD,2646,,,,
lsa:GEMEINDE:15082241,Erststimmen,D3,Die Linke,481,,,,
lsa:GEMEINDE:15082241,Erststimmen,D4,SPD,335,,,,
lsa:GEMEINDE:15082241,Erststimmen,D5,FDP,233,,,,
lsa:GEMEINDE:15082241,Erststimmen,D6,GRÜNE,200,,,,
lsa:GEMEINDE:15082241,Zweitstimmen,F1,CDU,1174,,,,
lsa:GEMEINDE:15082241,Zweitstimmen,F10,Gartenpartei,32,,,,
lsa:GEMEINDE:15082241,Zweitstimmen,F11,Die PARTEI,15,,,,
lsa:GEMEINDE:15082241,Zweitstimmen,F12,TIERSCHUTZALLIANZ,40,,,,
lsa:GEMEINDE:15082241,Zweitstimmen,F15,BSW,304,,,,
lsa:GEMEINDE:15082241,Zweitstimmen,F19,PdF,16,,,,
lsa:GEMEINDE:15082241,Zweitstimmen,F2,AfD,2664,,,,
lsa:GEMEINDE:15082241,Zweitstimmen,F20,Volt,13,,,,
lsa:GEMEINDE:15082241,Zweitstimmen,F3,Die Linke,399,,,,
lsa:GEMEINDE:15082241,Zweitstimmen,F4,SPD,377,,,,
lsa:GEMEINDE:15082241,Zweitstimmen,F5,FDP,195,,,,
lsa:GEMEINDE:15082241,Zweitstimmen,F6,GRÜNE,401,,,,
lsa:GEMEINDE:15082241,Zweitstimmen,F7,FREIE WÄHLER,72,,,,
lsa:GEMEINDE:15082241,Zweitstimmen,F8,dieBasis,6,,,,
lsa:GEMEINDE:15082241,Zweitstimmen,F9,Tierschutzpartei,87,,,,
lsa:GEMEINDE:15082256,Erststimmen,D1,CDU,821,,,,
lsa:GEMEINDE:15082256,Erststimmen,D2,AfD,2139,,,,
lsa:GEMEINDE:15082256,Erststimmen,D3,Die Linke,359,,,,
lsa:GEMEINDE:15082256,Erststimmen,D4,SPD,158,,,,
lsa:GEMEINDE:15082256,Erststimmen,D5,FDP,146,,,,
lsa:GEMEINDE:15082256,Erststimmen,D6,GRÜNE,63,,,,
lsa:GEMEINDE:15082256,Zweitstimmen,F1,CDU,599,,,,
lsa:GEMEINDE:15082256,Zweitstimmen,F10,Gartenpartei,13,,,,
lsa:GEMEINDE:15082256,Zweitstimmen,F11,Die PARTEI,16,,,,
lsa:GEMEINDE:15082256,Zweitstimmen,F12,TIERSCHUTZALLIANZ,22,,,,
lsa:GEMEINDE:15082256,Zweitstimmen,F15,BSW,174,,,,
lsa:GEMEINDE:15082256,Zweitstimmen,F19,PdF,3,,,,
lsa:GEMEINDE:15082256,Zweitstimmen,F2,AfD,2076,,,,
lsa:GEMEINDE:15082256,Zweitstimmen,F20,Volt,17,,,,
lsa:GEMEINDE:15082256,Zweitstimmen,F3,Die Linke,293,,,,
lsa:GEMEINDE:15082256,Zweitstimmen,F4,SPD,175,,,,
lsa:GEMEINDE:15082256,Zweitstimmen,F5,FDP,105,,,,
lsa:GEMEINDE:15082256,Zweitstimmen,F6,GRÜNE,138,,,,
lsa:GEMEINDE:15082256,Zweitstimmen,F7,FREIE WÄHLER,33,,,,
lsa:GEMEINDE:15082256,Zweitstimmen,F8,dieBasis,3,,,,
lsa:GEMEINDE:15082256,Zweitstimmen,F9,Tierschutzpartei,32,,,,
lsa:GEMEINDE:15082301,Erststimmen,D1,CDU,661,,,,
lsa:GEMEINDE:15082301,Erststimmen,D15,BSW,135,,,,
lsa:GEMEINDE:15082301,Erststimmen,D2,AfD,2500,,,,
lsa:GEMEINDE:15082301,Erststimmen,D3,Die Linke,244,,,,
lsa:GEMEINDE:15082301,Erststimmen,D4,SPD,136,,,,
lsa:GEMEINDE:15082301,Erststimmen,D5,FDP,95,,,,
lsa:GEMEINDE:15082301,Erststimmen,D6,GRÜNE,74,,,,
lsa:GEMEINDE:15082301,Zweitstimmen,F1,CDU,484,,,,
lsa:GEMEINDE:15082301,Zweitstimmen,F10,Gartenpartei,22,,,,
lsa:GEMEINDE:15082301,Zweitstimmen,F11,Die PARTEI,2,,,,
lsa:GEMEINDE:15082301,Zweitstimmen,F12,TIERSCHUTZALLIANZ,26,,,,
lsa:GEMEINDE:15082301,Zweitstimmen,F15,BSW,182,,,,
lsa:GEMEINDE:15082301,Zweitstimmen,F19,PdF,7,,,,
lsa:GEMEINDE:15082301,Zweitstimmen,F2,AfD,2437,,,,
lsa:GEMEINDE:15082301,Zweitstimmen,F20,Volt,14,,,,
lsa:GEMEINDE:15082301,Zweitstimmen,F3,Die Linke,189,,,,
lsa:GEMEINDE:15082301,Zweitstimmen,F4,SPD,145,,,,
lsa:GEMEINDE:15082301,Zweitstimmen,F5,FDP,83,,,,
lsa:GEMEINDE:15082301,Zweitstimmen,F6,GRÜNE,163,,,,
lsa:GEMEINDE:15082301,Zweitstimmen,F7,FREIE WÄHLER,43,,,,
lsa:GEMEINDE:15082301,Zweitstimmen,F8,dieBasis,5,,,,
lsa:GEMEINDE:15082301,Zweitstimmen,F9,Tierschutzpartei,50,,,,
lsa:GEMEINDE:15082340,Erststimmen,D1,CDU,1154,,,,
lsa:GEMEINDE:15082340,Erststimmen,D2,AfD,3877,,,,
lsa:GEMEINDE:15082340,Erststimmen,D3,Die Linke,485,,,,
lsa:GEMEINDE:15082340,Erststimmen,D4,SPD,404,,,,
lsa:GEMEINDE:15082340,Erststimmen,D5,FDP,197,,,,
lsa:GEMEINDE:15082340,Erststimmen,D6,GRÜNE,235,,,,
lsa:GEMEINDE:15082340,Erststimmen,D7,FREIE WÄHLER,346,,,,
lsa:GEMEINDE:15082340,Zweitstimmen,F1,CDU,949,,,,
lsa:GEMEINDE:15082340,Zweitstimmen,F10,Gartenpartei,23,,,,
lsa:GEMEINDE:15082340,Zweitstimmen,F11,Die PARTEI,21,,,,
lsa:GEMEINDE:15082340,Zweitstimmen,F12,TIERSCHUTZALLIANZ,46,,,,
lsa:GEMEINDE:15082340,Zweitstimmen,F15,BSW,299,,,,
lsa:GEMEINDE:15082340,Zweitstimmen,F19,PdF,11,,,,
lsa:GEMEINDE:15082340,Zweitstimmen,F2,AfD,3759,,,,
lsa:GEMEINDE:15082340,Zweitstimmen,F20,Volt,18,,,,
lsa:GEMEINDE:15082340,Zweitstimmen,F3,Die Linke,417,,,,
lsa:GEMEINDE:15082340,Zweitstimmen,F4,SPD,408,,,,
lsa:GEMEINDE:15082340,Zweitstimmen,F5,FDP,184,,,,
lsa:GEMEINDE:15082340,Zweitstimmen,F6,GRÜNE,338,,,,
lsa:GEMEINDE:15082340,Zweitstimmen,F7,FREIE WÄHLER,128,,,,
lsa:GEMEINDE:15082340,Zweitstimmen,F8,dieBasis,9,,,,
lsa:GEMEINDE:15082340,Zweitstimmen,F9,Tierschutzpartei,95,,,,
lsa:GEMEINDE:15082377,Erststimmen,D1,CDU,1606,,,,
lsa:GEMEINDE:15082377,Erststimmen,D15,BSW,224,,,,
lsa:GEMEINDE:15082377,Erststimmen,D2,AfD,3822,,,,
lsa:GEMEINDE:15082377,Erststimmen,D3,Die Linke,572,,,,
lsa:GEMEINDE:15082377,Erststimmen,D4,SPD,268,,,,
lsa:GEMEINDE:15082377,Erststimmen,D5,FDP,192,,,,
lsa:GEMEINDE:15082377,Erststimmen,D6,GRÜNE,98,,,,
lsa:GEMEINDE:15082377,Zweitstimmen,F1,CDU,1118,,,,
lsa:GEMEINDE:15082377,Zweitstimmen,F10,Gartenpartei,24,,,,
lsa:GEMEINDE:15082377,Zweitstimmen,F11,Die PARTEI,14,,,,
lsa:GEMEINDE:15082377,Zweitstimmen,F12,TIERSCHUTZALLIANZ,35,,,,
lsa:GEMEINDE:15082377,Zweitstimmen,F15,BSW,307,,,,
lsa:GEMEINDE:15082377,Zweitstimmen,F19,PdF,12,,,,
lsa:GEMEINDE:15082377,Zweitstimmen,F2,AfD,3823,,,,
lsa:GEMEINDE:15082377,Zweitstimmen,F20,Volt,13,,,,
lsa:GEMEINDE:15082377,Zweitstimmen,F3,Die Linke,498,,,,
lsa:GEMEINDE:15082377,Zweitstimmen,F4,SPD,344,,,,
lsa:GEMEINDE:15082377,Zweitstimmen,F5,FDP,160,,,,
lsa:GEMEINDE:15082377,Zweitstimmen,F6,GRÜNE,271,,,,
lsa:GEMEINDE:15082377,Zweitstimmen,F7,FREIE WÄHLER,81,,,,
lsa:GEMEINDE:15082377,Zweitstimmen,F8,dieBasis,6,,,,
lsa:GEMEINDE:15082377,Zweitstimmen,F9,Tierschutzpartei,68,,,,
lsa:GEMEINDE:15082430,Erststimmen,D1,CDU,2272,,,,
lsa:GEMEINDE:15082430,Erststimmen,D2,AfD,4825,,,,
lsa:GEMEINDE:15082430,Erststimmen,D3,Die Linke,770,,,,
lsa:GEMEINDE:15082430,Erststimmen,D4,SPD,804,,,,
lsa:GEMEINDE:15082430,Erststimmen,D5,FDP,314,,,,
lsa:GEMEINDE:15082430,Erststimmen,D6,GRÜNE,249,,,,
lsa:GEMEINDE:15082430,Zweitstimmen,F1,CDU,1608,,,,
lsa:GEMEINDE:15082430,Zweitstimmen,F10,Gartenpartei,46,,,,
lsa:GEMEINDE:15082430,Zweitstimmen,F11,Die PARTEI,22,,,,
lsa:GEMEINDE:15082430,Zweitstimmen,F12,TIERSCHUTZALLIANZ,41,,,,
lsa:GEMEINDE:15082430,Zweitstimmen,F15,BSW,500,,,,
lsa:GEMEINDE:15082430,Zweitstimmen,F19,PdF,16,,,,
lsa:GEMEINDE:15082430,Zweitstimmen,F2,AfD,4687,,,,
lsa:GEMEINDE:15082430,Zweitstimmen,F20,Volt,39,,,,
lsa:GEMEINDE:15082430,Zweitstimmen,F3,Die Linke,646,,,,
lsa:GEMEINDE:15082430,Zweitstimmen,F4,SPD,735,,,,
lsa:GEMEINDE:15082430,Zweitstimmen,F5,FDP,217,,,,
lsa:GEMEINDE:15082430,Zweitstimmen,F6,GRÜNE,478,,,,
lsa:GEMEINDE:15082430,Zweitstimmen,F7,FREIE WÄHLER,154,,,,
lsa:GEMEINDE:15082430,Zweitstimmen,F8,dieBasis,8,,,,
lsa:GEMEINDE:15082430,Zweitstimmen,F9,Tierschutzpartei,99,,,,
lsa:GEMEINDE:15082440,Erststimmen,D1,CDU,688,,,,
lsa:GEMEINDE:15082440,Erststimmen,D2,AfD,1996,,,,
lsa:GEMEINDE:15082440,Erststimmen,D3,Die Linke,202,,,,
lsa:GEMEINDE:15082440,Erststimmen,D4,SPD,202,,,,
lsa:GEMEINDE:15082440,Erststimmen,D5,FDP,64,,,,
lsa:GEMEINDE:15082440,Erststimmen,D6,GRÜNE,74,,,,
lsa:GEMEINDE:15082440,Erststimmen,D7,FREIE WÄHLER,225,,,,
lsa:GEMEINDE:15082440,Zweitstimmen,F1,CDU,560,,,,
lsa:GEMEINDE:15082440,Zweitstimmen,F10,Gartenpartei,15,,,,
lsa:GEMEINDE:15082440,Zweitstimmen,F11,Die PARTEI,6,,,,
lsa:GEMEINDE:15082440,Zweitstimmen,F12,TIERSCHUTZALLIANZ,19,,,,
lsa:GEMEINDE:15082440,Zweitstimmen,F15,BSW,162,,,,
lsa:GEMEINDE:15082440,Zweitstimmen,F19,PdF,8,,,,
lsa:GEMEINDE:15082440,Zweitstimmen,F2,AfD,1942,,,,
lsa:GEMEINDE:15082440,Zweitstimmen,F20,Volt,5,,,,
lsa:GEMEINDE:15082440,Zweitstimmen,F3,Die Linke,181,,,,
lsa:GEMEINDE:15082440,Zweitstimmen,F4,SPD,201,,,,
lsa:GEMEINDE:15082440,Zweitstimmen,F5,FDP,76,,,,
lsa:GEMEINDE:15082440,Zweitstimmen,F6,GRÜNE,157,,,,
lsa:GEMEINDE:15082440,Zweitstimmen,F7,FREIE WÄHLER,87,,,,
lsa:GEMEINDE:15082440,Zweitstimmen,F8,dieBasis,5,,,,
lsa:GEMEINDE:15082440,Zweitstimmen,F9,Tierschutzpartei,29,,,,
lsa:GEMEINDE:15083020,Erststimmen,D1,CDU,196,,,,
lsa:GEMEINDE:15083020,Erststimmen,D15,BSW,36,,,,
lsa:GEMEINDE:15083020,Erststimmen,D2,AfD,304,,,,
lsa:GEMEINDE:15083020,Erststimmen,D3,Die Linke,60,,,,
lsa:GEMEINDE:15083020,Erststimmen,D4,SPD,59,,,,
lsa:GEMEINDE:15083020,Erststimmen,D5,FDP,16,,,,
lsa:GEMEINDE:15083020,Erststimmen,D6,GRÜNE,16,,,,
lsa:GEMEINDE:15083020,Zweitstimmen,F1,CDU,122,,,,
lsa:GEMEINDE:15083020,Zweitstimmen,F10,Gartenpartei,8,,,,
lsa:GEMEINDE:15083020,Zweitstimmen,F11,Die PARTEI,4,,,,
lsa:GEMEINDE:15083020,Zweitstimmen,F12,TIERSCHUTZALLIANZ,4,,,,
lsa:GEMEINDE:15083020,Zweitstimmen,F15,BSW,39,,,,
lsa:GEMEINDE:15083020,Zweitstimmen,F19,PdF,0,,,,
lsa:GEMEINDE:15083020,Zweitstimmen,F2,AfD,314,,,,
lsa:GEMEINDE:15083020,Zweitstimmen,F20,Volt,1,,,,
lsa:GEMEINDE:15083020,Zweitstimmen,F3,Die Linke,60,,,,
lsa:GEMEINDE:15083020,Zweitstimmen,F4,SPD,69,,,,
lsa:GEMEINDE:15083020,Zweitstimmen,F5,FDP,13,,,,
lsa:GEMEINDE:15083020,Zweitstimmen,F6,GRÜNE,40,,,,
lsa:GEMEINDE:15083020,Zweitstimmen,F7,FREIE WÄHLER,5,,,,
lsa:GEMEINDE:15083020,Zweitstimmen,F8,dieBasis,3,,,,
lsa:GEMEINDE:15083020,Zweitstimmen,F9,Tierschutzpartei,8,,,,
lsa:GEMEINDE:15083025,Erststimmen,D1,CDU,341,,,,
lsa:GEMEINDE:15083025,Erststimmen,D15,BSW,60,,,,
lsa:GEMEINDE:15083025,Erststimmen,D2,AfD,710,,,,
lsa:GEMEINDE:15083025,Erststimmen,D3,Die Linke,98,,,,
lsa:GEMEINDE:15083025,Erststimmen,D4,SPD,68,,,,
lsa:GEMEINDE:15083025,Erststimmen,D5,FDP,33,,,,
lsa:GEMEINDE:15083025,Erststimmen,D6,GRÜNE,21,,,,
lsa:GEMEINDE:15083025,Zweitstimmen,F1,CDU,261,,,,
lsa:GEMEINDE:15083025,Zweitstimmen,F10,Gartenpartei,11,,,,
lsa:GEMEINDE:15083025,Zweitstimmen,F11,Die PARTEI,2,,,,
lsa:GEMEINDE:15083025,Zweitstimmen,F12,TIERSCHUTZALLIANZ,4,,,,
lsa:GEMEINDE:15083025,Zweitstimmen,F15,BSW,63,,,,
lsa:GEMEINDE:15083025,Zweitstimmen,F19,PdF,1,,,,
lsa:GEMEINDE:15083025,Zweitstimmen,F2,AfD,712,,,,
lsa:GEMEINDE:15083025,Zweitstimmen,F20,Volt,0,,,,
lsa:GEMEINDE:15083025,Zweitstimmen,F3,Die Linke,73,,,,
lsa:GEMEINDE:15083025,Zweitstimmen,F4,SPD,102,,,,
lsa:GEMEINDE:15083025,Zweitstimmen,F5,FDP,38,,,,
lsa:GEMEINDE:15083025,Zweitstimmen,F6,GRÜNE,38,,,,
lsa:GEMEINDE:15083025,Zweitstimmen,F7,FREIE WÄHLER,19,,,,
lsa:GEMEINDE:15083025,Zweitstimmen,F8,dieBasis,1,,,,
lsa:GEMEINDE:15083025,Zweitstimmen,F9,Tierschutzpartei,11,,,,
lsa:GEMEINDE:15083030,Erststimmen,D1,CDU,38,,,,
lsa:GEMEINDE:15083030,Erststimmen,D15,BSW,5,,,,
lsa:GEMEINDE:15083030,Erststimmen,D2,AfD,58,,,,
lsa:GEMEINDE:15083030,Erststimmen,D21,Anderer Kreiswahlvorschlag,3,,,,
lsa:GEMEINDE:15083030,Erststimmen,D3,Die Linke,19,,,,
lsa:GEMEINDE:15083030,Erststimmen,D4,SPD,10,,,,
lsa:GEMEINDE:15083030,Erststimmen,D5,FDP,1,,,,
lsa:GEMEINDE:15083030,Erststimmen,D6,GRÜNE,5,,,,
lsa:GEMEINDE:15083030,Zweitstimmen,F1,CDU,25,,,,
lsa:GEMEINDE:15083030,Zweitstimmen,F10,Gartenpartei,1,,,,
lsa:GEMEINDE:15083030,Zweitstimmen,F11,Die PARTEI,0,,,,
lsa:GEMEINDE:15083030,Zweitstimmen,F12,TIERSCHUTZALLIANZ,0,,,,
lsa:GEMEINDE:15083030,Zweitstimmen,F15,BSW,5,,,,
lsa:GEMEINDE:15083030,Zweitstimmen,F19,PdF,0,,,,
lsa:GEMEINDE:15083030,Zweitstimmen,F2,AfD,58,,,,
lsa:GEMEINDE:15083030,Zweitstimmen,F20,Volt,0,,,,
lsa:GEMEINDE:15083030,Zweitstimmen,F3,Die Linke,18,,,,
lsa:GEMEINDE:15083030,Zweitstimmen,F4,SPD,14,,,,
lsa:GEMEINDE:15083030,Zweitstimmen,F5,FDP,2,,,,
lsa:GEMEINDE:15083030,Zweitstimmen,F6,GRÜNE,15,,,,
lsa:GEMEINDE:15083030,Zweitstimmen,F7,FREIE WÄHLER,1,,,,
lsa:GEMEINDE:15083030,Zweitstimmen,F8,dieBasis,0,,,,
lsa:GEMEINDE:15083030,Zweitstimmen,F9,Tierschutzpartei,0,,,,
lsa:GEMEINDE:15083035,Erststimmen,D1,CDU,133,,,,
lsa:GEMEINDE:15083035,Erststimmen,D15,BSW,29,,,,
lsa:GEMEINDE:15083035,Erststimmen,D2,AfD,530,,,,
lsa:GEMEINDE:15083035,Erststimmen,D3,Die Linke,56,,,,
lsa:GEMEINDE:15083035,Erststimmen,D4,SPD,36,,,,
lsa:GEMEINDE:15083035,Erststimmen,D5,FDP,25,,,,
lsa:GEMEINDE:15083035,Erststimmen,D6,GRÜNE,15,,,,
lsa:GEMEINDE:15083035,Zweitstimmen,F1,CDU,99,,,,
lsa:GEMEINDE:15083035,Zweitstimmen,F10,Gartenpartei,15,,,,
lsa:GEMEINDE:15083035,Zweitstimmen,F11,Die PARTEI,2,,,,
lsa:GEMEINDE:15083035,Zweitstimmen,F12,TIERSCHUTZALLIANZ,4,,,,
lsa:GEMEINDE:15083035,Zweitstimmen,F15,BSW,20,,,,
lsa:GEMEINDE:15083035,Zweitstimmen,F19,PdF,0,,,,
lsa:GEMEINDE:15083035,Zweitstimmen,F2,AfD,523,,,,
lsa:GEMEINDE:15083035,Zweitstimmen,F20,Volt,1,,,,
lsa:GEMEINDE:15083035,Zweitstimmen,F3,Die Linke,46,,,,
lsa:GEMEINDE:15083035,Zweitstimmen,F4,SPD,46,,,,
lsa:GEMEINDE:15083035,Zweitstimmen,F5,FDP,22,,,,
lsa:GEMEINDE:15083035,Zweitstimmen,F6,GRÜNE,19,,,,
lsa:GEMEINDE:15083035,Zweitstimmen,F7,FREIE WÄHLER,25,,,,
lsa:GEMEINDE:15083035,Zweitstimmen,F8,dieBasis,0,,,,
lsa:GEMEINDE:15083035,Zweitstimmen,F9,Tierschutzpartei,10,,,,
lsa:GEMEINDE:15083040,Erststimmen,D1,CDU,867,,,,
lsa:GEMEINDE:15083040,Erststimmen,D15,BSW,142,,,,
lsa:GEMEINDE:15083040,Erststimmen,D2,AfD,1429,,,,
lsa:GEMEINDE:15083040,Erststimmen,D21,Anderer Kreiswahlvorschlag,49,,,,
lsa:GEMEINDE:15083040,Erststimmen,D3,Die Linke,225,,,,
lsa:GEMEINDE:15083040,Erststimmen,D4,SPD,182,,,,
lsa:GEMEINDE:15083040,Erststimmen,D5,FDP,99,,,,
lsa:GEMEINDE:15083040,Erststimmen,D6,GRÜNE,80,,,,
lsa:GEMEINDE:15083040,Zweitstimmen,F1,CDU,534,,,,
lsa:GEMEINDE:15083040,Zweitstimmen,F10,Gartenpartei,12,,,,
lsa:GEMEINDE:15083040,Zweitstimmen,F11,Die PARTEI,7,,,,
lsa:GEMEINDE:15083040,Zweitstimmen,F12,TIERSCHUTZALLIANZ,14,,,,
lsa:GEMEINDE:15083040,Zweitstimmen,F15,BSW,162,,,,
lsa:GEMEINDE:15083040,Zweitstimmen,F19,PdF,5,,,,
lsa:GEMEINDE:15083040,Zweitstimmen,F2,AfD,1442,,,,
lsa:GEMEINDE:15083040,Zweitstimmen,F20,Volt,12,,,,
lsa:GEMEINDE:15083040,Zweitstimmen,F3,Die Linke,196,,,,
lsa:GEMEINDE:15083040,Zweitstimmen,F4,SPD,246,,,,
lsa:GEMEINDE:15083040,Zweitstimmen,F5,FDP,89,,,,
lsa:GEMEINDE:15083040,Zweitstimmen,F6,GRÜNE,272,,,,
lsa:GEMEINDE:15083040,Zweitstimmen,F7,FREIE WÄHLER,39,,,,
lsa:GEMEINDE:15083040,Zweitstimmen,F8,dieBasis,2,,,,
lsa:GEMEINDE:15083040,Zweitstimmen,F9,Tierschutzpartei,37,,,,
lsa:GEMEINDE:15083060,Erststimmen,D1,CDU,125,,,,
lsa:GEMEINDE:15083060,Erststimmen,D15,BSW,21,,,,
lsa:GEMEINDE:15083060,Erststimmen,D2,AfD,214,,,,
lsa:GEMEINDE:15083060,Erststimmen,D3,Die Linke,26,,,,
lsa:GEMEINDE:15083060,Erststimmen,D4,SPD,16,,,,
lsa:GEMEINDE:15083060,Erststimmen,D5,FDP,9,,,,
lsa:GEMEINDE:15083060,Erststimmen,D6,GRÜNE,9,,,,
lsa:GEMEINDE:15083060,Zweitstimmen,F1,CDU,72,,,,
lsa:GEMEINDE:15083060,Zweitstimmen,F10,Gartenpartei,1,,,,
lsa:GEMEINDE:15083060,Zweitstimmen,F11,Die PARTEI,3,,,,
lsa:GEMEINDE:15083060,Zweitstimmen,F12,TIERSCHUTZALLIANZ,2,,,,
lsa:GEMEINDE:15083060,Zweitstimmen,F15,BSW,29,,,,
lsa:GEMEINDE:15083060,Zweitstimmen,F19,PdF,0,,,,
lsa:GEMEINDE:15083060,Zweitstimmen,F2,AfD,223,,,,
lsa:GEMEINDE:15083060,Zweitstimmen,F20,Volt,1,,,,
lsa:GEMEINDE:15083060,Zweitstimmen,F3,Die Linke,23,,,,
lsa:GEMEINDE:15083060,Zweitstimmen,F4,SPD,29,,,,
lsa:GEMEINDE:15083060,Zweitstimmen,F5,FDP,9,,,,
lsa:GEMEINDE:15083060,Zweitstimmen,F6,GRÜNE,16,,,,
lsa:GEMEINDE:15083060,Zweitstimmen,F7,FREIE WÄHLER,8,,,,
lsa:GEMEINDE:15083060,Zweitstimmen,F8,dieBasis,1,,,,
lsa:GEMEINDE:15083060,Zweitstimmen,F9,Tierschutzpartei,2,,,,
lsa:GEMEINDE:15083115,Erststimmen,D1,CDU,227,,,,
lsa:GEMEINDE:15083115,Erststimmen,D15,BSW,29,,,,
lsa:GEMEINDE:15083115,Erststimmen,D2,AfD,261,,,,
lsa:GEMEINDE:15083115,Erststimmen,D3,Die Linke,18,,,,
lsa:GEMEINDE:15083115,Erststimmen,D4,SPD,32,,,,
lsa:GEMEINDE:15083115,Erststimmen,D5,FDP,18,,,,
lsa:GEMEINDE:15083115,Erststimmen,D6,GRÜNE,8,,,,
lsa:GEMEINDE:15083115,Zweitstimmen,F1,CDU,127,,,,
lsa:GEMEINDE:15083115,Zweitstimmen,F10,Gartenpartei,1,,,,
lsa:GEMEINDE:15083115,Zweitstimmen,F11,Die PARTEI,2,,,,
lsa:GEMEINDE:15083115,Zweitstimmen,F12,TIERSCHUTZALLIANZ,6,,,,
lsa:GEMEINDE:15083115,Zweitstimmen,F15,BSW,29,,,,
lsa:GEMEINDE:15083115,Zweitstimmen,F19,PdF,1,,,,
lsa:GEMEINDE:15083115,Zweitstimmen,F2,AfD,276,,,,
lsa:GEMEINDE:15083115,Zweitstimmen,F20,Volt,0,,,,
lsa:GEMEINDE:15083115,Zweitstimmen,F3,Die Linke,32,,,,
lsa:GEMEINDE:15083115,Zweitstimmen,F4,SPD,61,,,,
lsa:GEMEINDE:15083115,Zweitstimmen,F5,FDP,20,,,,
lsa:GEMEINDE:15083115,Zweitstimmen,F6,GRÜNE,20,,,,
lsa:GEMEINDE:15083115,Zweitstimmen,F7,FREIE WÄHLER,11,,,,
lsa:GEMEINDE:15083115,Zweitstimmen,F8,dieBasis,1,,,,
lsa:GEMEINDE:15083115,Zweitstimmen,F9,Tierschutzpartei,6,,,,
lsa:GEMEINDE:15083120,Erststimmen,D1,CDU,49,,,,
lsa:GEMEINDE:15083120,Erststimmen,D15,BSW,18,,,,
lsa:GEMEINDE:15083120,Erststimmen,D2,AfD,151,,,,
lsa:GEMEINDE:15083120,Erststimmen,D21,Anderer Kreiswahlvorschlag,2,,,,
lsa:GEMEINDE:15083120,Erststimmen,D3,Die Linke,18,,,,
lsa:GEMEINDE:15083120,Erststimmen,D4,SPD,12,,,,
lsa:GEMEINDE:15083120,Erststimmen,D5,FDP,9,,,,
lsa:GEMEINDE:15083120,Erststimmen,D6,GRÜNE,2,,,,
lsa:GEMEINDE:15083120,Zweitstimmen,F1,CDU,42,,,,
lsa:GEMEINDE:15083120,Zweitstimmen,F10,Gartenpartei,3,,,,
lsa:GEMEINDE:15083120,Zweitstimmen,F11,Die PARTEI,0,,,,
lsa:GEMEINDE:15083120,Zweitstimmen,F12,TIERSCHUTZALLIANZ,1,,,,
lsa:GEMEINDE:15083120,Zweitstimmen,F15,BSW,15,,,,
lsa:GEMEINDE:15083120,Zweitstimmen,F19,PdF,0,,,,
lsa:GEMEINDE:15083120,Zweitstimmen,F2,AfD,150,,,,
lsa:GEMEINDE:15083120,Zweitstimmen,F20,Volt,1,,,,
lsa:GEMEINDE:15083120,Zweitstimmen,F3,Die Linke,14,,,,
lsa:GEMEINDE:15083120,Zweitstimmen,F4,SPD,15,,,,
lsa:GEMEINDE:15083120,Zweitstimmen,F5,FDP,10,,,,
lsa:GEMEINDE:15083120,Zweitstimmen,F6,GRÜNE,9,,,,
lsa:GEMEINDE:15083120,Zweitstimmen,F7,FREIE WÄHLER,1,,,,
lsa:GEMEINDE:15083120,Zweitstimmen,F8,dieBasis,0,,,,
lsa:GEMEINDE:15083120,Zweitstimmen,F9,Tierschutzpartei,1,,,,
lsa:GEMEINDE:15083125,Erststimmen,D1,CDU,508,,,,
lsa:GEMEINDE:15083125,Erststimmen,D15,BSW,78,,,,
lsa:GEMEINDE:15083125,Erststimmen,D2,AfD,832,,,,
lsa:GEMEINDE:15083125,Erststimmen,D3,Die Linke,121,,,,
lsa:GEMEINDE:15083125,Erststimmen,D4,SPD,106,,,,
lsa:GEMEINDE:15083125,Erststimmen,D5,FDP,26,,,,
lsa:GEMEINDE:15083125,Erststimmen,D6,GRÜNE,25,,,,
lsa:GEMEINDE:15083125,Zweitstimmen,F1,CDU,300,,,,
lsa:GEMEINDE:15083125,Zweitstimmen,F10,Gartenpartei,9,,,,
lsa:GEMEINDE:15083125,Zweitstimmen,F11,Die PARTEI,10,,,,
lsa:GEMEINDE:15083125,Zweitstimmen,F12,TIERSCHUTZALLIANZ,6,,,,
lsa:GEMEINDE:15083125,Zweitstimmen,F15,BSW,94,,,,
lsa:GEMEINDE:15083125,Zweitstimmen,F19,PdF,3,,,,
lsa:GEMEINDE:15083125,Zweitstimmen,F2,AfD,862,,,,
lsa:GEMEINDE:15083125,Zweitstimmen,F20,Volt,7,,,,
lsa:GEMEINDE:15083125,Zweitstimmen,F3,Die Linke,136,,,,
lsa:GEMEINDE:15083125,Zweitstimmen,F4,SPD,122,,,,
lsa:GEMEINDE:15083125,Zweitstimmen,F5,FDP,33,,,,
lsa:GEMEINDE:15083125,Zweitstimmen,F6,GRÜNE,77,,,,
lsa:GEMEINDE:15083125,Zweitstimmen,F7,FREIE WÄHLER,19,,,,
lsa:GEMEINDE:15083125,Zweitstimmen,F8,dieBasis,2,,,,
lsa:GEMEINDE:15083125,Zweitstimmen,F9,Tierschutzpartei,22,,,,
lsa:GEMEINDE:15083130,Erststimmen,D1,CDU,0,,,,
lsa:GEMEINDE:15083130,Erststimmen,D15,BSW,0,,,,
lsa:GEMEINDE:15083130,Erststimmen,D2,AfD,0,,,,
lsa:GEMEINDE:15083130,Erststimmen,D21,Anderer Kreiswahlvorschlag,0,,,,
lsa:GEMEINDE:15083130,Erststimmen,D3,Die Linke,0,,,,
lsa:GEMEINDE:15083130,Erststimmen,D4,SPD,0,,,,
lsa:GEMEINDE:15083130,Erststimmen,D5,FDP,0,,,,
lsa:GEMEINDE:15083130,Erststimmen,D6,GRÜNE,0,,,,
lsa:GEMEINDE:15083130,Zweitstimmen,F1,CDU,0,,,,
lsa:GEMEINDE:15083130,Zweitstimmen,F10,Gartenpartei,0,,,,
lsa:GEMEINDE:15083130,Zweitstimmen,F11,Die PARTEI,0,,,,
lsa:GEMEINDE:15083130,Zweitstimmen,F12,TIERSCHUTZALLIANZ,0,,,,
lsa:GEMEINDE:15083130,Zweitstimmen,F15,BSW,0,,,,
lsa:GEMEINDE:15083130,Zweitstimmen,F19,PdF,0,,,,
lsa:GEMEINDE:15083130,Zweitstimmen,F2,AfD,0,,,,
lsa:GEMEINDE:15083130,Zweitstimmen,F20,Volt,0,,,,
lsa:GEMEINDE:15083130,Zweitstimmen,F3,Die Linke,0,,,,
lsa:GEMEINDE:15083130,Zweitstimmen,F4,SPD,0,,,,
lsa:GEMEINDE:15083130,Zweitstimmen,F5,FDP,0,,,,
lsa:GEMEINDE:15083130,Zweitstimmen,F6,GRÜNE,0,,,,
lsa:GEMEINDE:15083130,Zweitstimmen,F7,FREIE WÄHLER,0,,,,
lsa:GEMEINDE:15083130,Zweitstimmen,F8,dieBasis,0,,,,
lsa:GEMEINDE:15083130,Zweitstimmen,F9,Tierschutzpartei,0,,,,
lsa:GEMEINDE:15083190,Erststimmen,D1,CDU,676,,,,
lsa:GEMEINDE:15083190,Erststimmen,D15,BSW,166,,,,
lsa:GEMEINDE:15083190,Erststimmen,D2,AfD,970,,,,
lsa:GEMEINDE:15083190,Erststimmen,D3,Die Linke,176,,,,
lsa:GEMEINDE:15083190,Erststimmen,D4,SPD,193,,,,
lsa:GEMEINDE:15083190,Erststimmen,D5,FDP,66,,,,
lsa:GEMEINDE:15083190,Erststimmen,D6,GRÜNE,66,,,,
lsa:GEMEINDE:15083190,Zweitstimmen,F1,CDU,448,,,,
lsa:GEMEINDE:15083190,Zweitstimmen,F10,Gartenpartei,13,,,,
lsa:GEMEINDE:15083190,Zweitstimmen,F11,Die PARTEI,7,,,,
lsa:GEMEINDE:15083190,Zweitstimmen,F12,TIERSCHUTZALLIANZ,12,,,,
lsa:GEMEINDE:15083190,Zweitstimmen,F15,BSW,176,,,,
lsa:GEMEINDE:15083190,Zweitstimmen,F19,PdF,4,,,,
lsa:GEMEINDE:15083190,Zweitstimmen,F2,AfD,978,,,,
lsa:GEMEINDE:15083190,Zweitstimmen,F20,Volt,3,,,,
lsa:GEMEINDE:15083190,Zweitstimmen,F3,Die Linke,190,,,,
lsa:GEMEINDE:15083190,Zweitstimmen,F4,SPD,234,,,,
lsa:GEMEINDE:15083190,Zweitstimmen,F5,FDP,54,,,,
lsa:GEMEINDE:15083190,Zweitstimmen,F6,GRÜNE,137,,,,
lsa:GEMEINDE:15083190,Zweitstimmen,F7,FREIE WÄHLER,25,,,,
lsa:GEMEINDE:15083190,Zweitstimmen,F8,dieBasis,1,,,,
lsa:GEMEINDE:15083190,Zweitstimmen,F9,Tierschutzpartei,28,,,,
lsa:GEMEINDE:15083205,Erststimmen,D1,CDU,222,,,,
lsa:GEMEINDE:15083205,Erststimmen,D15,BSW,40,,,,
lsa:GEMEINDE:15083205,Erststimmen,D2,AfD,440,,,,
lsa:GEMEINDE:15083205,Erststimmen,D3,Die Linke,67,,,,
lsa:GEMEINDE:15083205,Erststimmen,D4,SPD,49,,,,
lsa:GEMEINDE:15083205,Erststimmen,D5,FDP,17,,,,
lsa:GEMEINDE:15083205,Erststimmen,D6,GRÜNE,19,,,,
lsa:GEMEINDE:15083205,Zweitstimmen,F1,CDU,125,,,,
lsa:GEMEINDE:15083205,Zweitstimmen,F10,Gartenpartei,4,,,,
lsa:GEMEINDE:15083205,Zweitstimmen,F11,Die PARTEI,1,,,,
lsa:GEMEINDE:15083205,Zweitstimmen,F12,TIERSCHUTZALLIANZ,5,,,,
lsa:GEMEINDE:15083205,Zweitstimmen,F15,BSW,46,,,,
lsa:GEMEINDE:15083205,Zweitstimmen,F19,PdF,0,,,,
lsa:GEMEINDE:15083205,Zweitstimmen,F2,AfD,439,,,,
lsa:GEMEINDE:15083205,Zweitstimmen,F20,Volt,1,,,,
lsa:GEMEINDE:15083205,Zweitstimmen,F3,Die Linke,71,,,,
lsa:GEMEINDE:15083205,Zweitstimmen,F4,SPD,70,,,,
lsa:GEMEINDE:15083205,Zweitstimmen,F5,FDP,18,,,,
lsa:GEMEINDE:15083205,Zweitstimmen,F6,GRÜNE,52,,,,
lsa:GEMEINDE:15083205,Zweitstimmen,F7,FREIE WÄHLER,9,,,,
lsa:GEMEINDE:15083205,Zweitstimmen,F8,dieBasis,2,,,,
lsa:GEMEINDE:15083205,Zweitstimmen,F9,Tierschutzpartei,16,,,,
lsa:GEMEINDE:15083230,Erststimmen,D1,CDU,447,,,,
lsa:GEMEINDE:15083230,Erststimmen,D15,BSW,58,,,,
lsa:GEMEINDE:15083230,Erststimmen,D2,AfD,626,,,,
lsa:GEMEINDE:15083230,Erststimmen,D3,Die Linke,65,,,,
lsa:GEMEINDE:15083230,Erststimmen,D4,SPD,82,,,,
lsa:GEMEINDE:15083230,Erststimmen,D5,FDP,24,,,,
lsa:GEMEINDE:15083230,Erststimmen,D6,GRÜNE,20,,,,
lsa:GEMEINDE:15083230,Zweitstimmen,F1,CDU,253,,,,
lsa:GEMEINDE:15083230,Zweitstimmen,F10,Gartenpartei,6,,,,
lsa:GEMEINDE:15083230,Zweitstimmen,F11,Die PARTEI,4,,,,
lsa:GEMEINDE:15083230,Zweitstimmen,F12,TIERSCHUTZALLIANZ,6,,,,
lsa:GEMEINDE:15083230,Zweitstimmen,F15,BSW,77,,,,
lsa:GEMEINDE:15083230,Zweitstimmen,F19,PdF,1,,,,
lsa:GEMEINDE:15083230,Zweitstimmen,F2,AfD,637,,,,
lsa:GEMEINDE:15083230,Zweitstimmen,F20,Volt,4,,,,
lsa:GEMEINDE:15083230,Zweitstimmen,F3,Die Linke,71,,,,
lsa:GEMEINDE:15083230,Zweitstimmen,F4,SPD,120,,,,
lsa:GEMEINDE:15083230,Zweitstimmen,F5,FDP,29,,,,
lsa:GEMEINDE:15083230,Zweitstimmen,F6,GRÜNE,88,,,,
lsa:GEMEINDE:15083230,Zweitstimmen,F7,FREIE WÄHLER,18,,,,
lsa:GEMEINDE:15083230,Zweitstimmen,F8,dieBasis,1,,,,
lsa:GEMEINDE:15083230,Zweitstimmen,F9,Tierschutzpartei,11,,,,
lsa:GEMEINDE:15083245,Erststimmen,D1,CDU,154,,,,
lsa:GEMEINDE:15083245,Erststimmen,D15,BSW,41,,,,
lsa:GEMEINDE:15083245,Erststimmen,D2,AfD,531,,,,
lsa:GEMEINDE:15083245,Erststimmen,D3,Die Linke,88,,,,
lsa:GEMEINDE:15083245,Erststimmen,D4,SPD,55,,,,
lsa:GEMEINDE:15083245,Erststimmen,D5,FDP,35,,,,
lsa:GEMEINDE:15083245,Erststimmen,D6,GRÜNE,10,,,,
lsa:GEMEINDE:15083245,Zweitstimmen,F1,CDU,127,,,,
lsa:GEMEINDE:15083245,Zweitstimmen,F10,Gartenpartei,4,,,,
lsa:GEMEINDE:15083245,Zweitstimmen,F11,Die PARTEI,4,,,,
lsa:GEMEINDE:15083245,Zweitstimmen,F12,TIERSCHUTZALLIANZ,1,,,,
lsa:GEMEINDE:15083245,Zweitstimmen,F15,BSW,41,,,,
lsa:GEMEINDE:15083245,Zweitstimmen,F19,PdF,1,,,,
lsa:GEMEINDE:15083245,Zweitstimmen,F2,AfD,519,,,,
lsa:GEMEINDE:15083245,Zweitstimmen,F20,Volt,1,,,,
lsa:GEMEINDE:15083245,Zweitstimmen,F3,Die Linke,73,,,,
lsa:GEMEINDE:15083245,Zweitstimmen,F4,SPD,65,,,,
lsa:GEMEINDE:15083245,Zweitstimmen,F5,FDP,26,,,,
lsa:GEMEINDE:15083245,Zweitstimmen,F6,GRÜNE,28,,,,
lsa:GEMEINDE:15083245,Zweitstimmen,F7,FREIE WÄHLER,9,,,,
lsa:GEMEINDE:15083245,Zweitstimmen,F8,dieBasis,0,,,,
lsa:GEMEINDE:15083245,Zweitstimmen,F9,Tierschutzpartei,10,,,,
lsa:GEMEINDE:15083270,Erststimmen,D1,CDU,2049,,,,
lsa:GEMEINDE:15083270,Erststimmen,D15,BSW,353,,,,
lsa:GEMEINDE:15083270,Erststimmen,D2,AfD,3488,,,,
lsa:GEMEINDE:15083270,Erststimmen,D3,Die Linke,499,,,,
lsa:GEMEINDE:15083270,Erststimmen,D4,SPD,491,,,,
lsa:GEMEINDE:15083270,Erststimmen,D5,FDP,189,,,,
lsa:GEMEINDE:15083270,Erststimmen,D6,GRÜNE,144,,,,
lsa:GEMEINDE:15083270,Zweitstimmen,F1,CDU,1196,,,,
lsa:GEMEINDE:15083270,Zweitstimmen,F10,Gartenpartei,54,,,,
lsa:GEMEINDE:15083270,Zweitstimmen,F11,Die PARTEI,19,,,,
lsa:GEMEINDE:15083270,Zweitstimmen,F12,TIERSCHUTZALLIANZ,32,,,,
lsa:GEMEINDE:15083270,Zweitstimmen,F15,BSW,397,,,,
lsa:GEMEINDE:15083270,Zweitstimmen,F19,PdF,7,,,,
lsa:GEMEINDE:15083270,Zweitstimmen,F2,AfD,3548,,,,
lsa:GEMEINDE:15083270,Zweitstimmen,F20,Volt,15,,,,
lsa:GEMEINDE:15083270,Zweitstimmen,F3,Die Linke,563,,,,
lsa:GEMEINDE:15083270,Zweitstimmen,F4,SPD,596,,,,
lsa:GEMEINDE:15083270,Zweitstimmen,F5,FDP,174,,,,
lsa:GEMEINDE:15083270,Zweitstimmen,F6,GRÜNE,455,,,,
lsa:GEMEINDE:15083270,Zweitstimmen,F7,FREIE WÄHLER,72,,,,
lsa:GEMEINDE:15083270,Zweitstimmen,F8,dieBasis,4,,,,
lsa:GEMEINDE:15083270,Zweitstimmen,F9,Tierschutzpartei,87,,,,
lsa:GEMEINDE:15083275,Erststimmen,D1,CDU,246,,,,
lsa:GEMEINDE:15083275,Erststimmen,D15,BSW,51,,,,
lsa:GEMEINDE:15083275,Erststimmen,D2,AfD,400,,,,
lsa:GEMEINDE:15083275,Erststimmen,D3,Die Linke,50,,,,
lsa:GEMEINDE:15083275,Erststimmen,D4,SPD,87,,,,
lsa:GEMEINDE:15083275,Erststimmen,D5,FDP,21,,,,
lsa:GEMEINDE:15083275,Erststimmen,D6,GRÜNE,19,,,,
lsa:GEMEINDE:15083275,Zweitstimmen,F1,CDU,170,,,,
lsa:GEMEINDE:15083275,Zweitstimmen,F10,Gartenpartei,9,,,,
lsa:GEMEINDE:15083275,Zweitstimmen,F11,Die PARTEI,2,,,,
lsa:GEMEINDE:15083275,Zweitstimmen,F12,TIERSCHUTZALLIANZ,7,,,,
lsa:GEMEINDE:15083275,Zweitstimmen,F15,BSW,53,,,,
lsa:GEMEINDE:15083275,Zweitstimmen,F19,PdF,2,,,,
lsa:GEMEINDE:15083275,Zweitstimmen,F2,AfD,389,,,,
lsa:GEMEINDE:15083275,Zweitstimmen,F20,Volt,0,,,,
lsa:GEMEINDE:15083275,Zweitstimmen,F3,Die Linke,51,,,,
lsa:GEMEINDE:15083275,Zweitstimmen,F4,SPD,105,,,,
lsa:GEMEINDE:15083275,Zweitstimmen,F5,FDP,18,,,,
lsa:GEMEINDE:15083275,Zweitstimmen,F6,GRÜNE,44,,,,
lsa:GEMEINDE:15083275,Zweitstimmen,F7,FREIE WÄHLER,10,,,,
lsa:GEMEINDE:15083275,Zweitstimmen,F8,dieBasis,1,,,,
lsa:GEMEINDE:15083275,Zweitstimmen,F9,Tierschutzpartei,13,,,,
lsa:GEMEINDE:15083298,Erststimmen,D1,CDU,1022,,,,
lsa:GEMEINDE:15083298,Erststimmen,D15,BSW,222,,,,
lsa:GEMEINDE:15083298,Erststimmen,D2,AfD,3106,,,,
lsa:GEMEINDE:15083298,Erststimmen,D21,Anderer Kreiswahlvorschlag,70,,,,
lsa:GEMEINDE:15083298,Erststimmen,D3,Die Linke,401,,,,
lsa:GEMEINDE:15083298,Erststimmen,D4,SPD,269,,,,
lsa:GEMEINDE:15083298,Erststimmen,D5,FDP,194,,,,
lsa:GEMEINDE:15083298,Erststimmen,D6,GRÜNE,91,,,,
lsa:GEMEINDE:15083298,Zweitstimmen,F1,CDU,713,,,,
lsa:GEMEINDE:15083298,Zweitstimmen,F10,Gartenpartei,31,,,,
lsa:GEMEINDE:15083298,Zweitstimmen,F11,Die PARTEI,19,,,,
lsa:GEMEINDE:15083298,Zweitstimmen,F12,TIERSCHUTZALLIANZ,36,,,,
lsa:GEMEINDE:15083298,Zweitstimmen,F15,BSW,250,,,,
lsa:GEMEINDE:15083298,Zweitstimmen,F19,PdF,7,,,,
lsa:GEMEINDE:15083298,Zweitstimmen,F2,AfD,3107,,,,
lsa:GEMEINDE:15083298,Zweitstimmen,F20,Volt,14,,,,
lsa:GEMEINDE:15083298,Zweitstimmen,F3,Die Linke,348,,,,
lsa:GEMEINDE:15083298,Zweitstimmen,F4,SPD,333,,,,
lsa:GEMEINDE:15083298,Zweitstimmen,F5,FDP,118,,,,
lsa:GEMEINDE:15083298,Zweitstimmen,F6,GRÜNE,299,,,,
lsa:GEMEINDE:15083298,Zweitstimmen,F7,FREIE WÄHLER,44,,,,
lsa:GEMEINDE:15083298,Zweitstimmen,F8,dieBasis,2,,,,
lsa:GEMEINDE:15083298,Zweitstimmen,F9,Tierschutzpartei,50,,,,
lsa:GEMEINDE:15083320,Erststimmen,D1,CDU,375,,,,
lsa:GEMEINDE:15083320,Erststimmen,D15,BSW,70,,,,
lsa:GEMEINDE:15083320,Erststimmen,D2,AfD,887,,,,
lsa:GEMEINDE:15083320,Erststimmen,D3,Die Linke,127,,,,
lsa:GEMEINDE:15083320,Erststimmen,D4,SPD,113,,,,
lsa:GEMEINDE:15083320,Erststimmen,D5,FDP,37,,,,
lsa:GEMEINDE:15083320,Erststimmen,D6,GRÜNE,23,,,,
lsa:GEMEINDE:15083320,Zweitstimmen,F1,CDU,288,,,,
lsa:GEMEINDE:15083320,Zweitstimmen,F10,Gartenpartei,8,,,,
lsa:GEMEINDE:15083320,Zweitstimmen,F11,Die PARTEI,3,,,,
lsa:GEMEINDE:15083320,Zweitstimmen,F12,TIERSCHUTZALLIANZ,7,,,,
lsa:GEMEINDE:15083320,Zweitstimmen,F15,BSW,79,,,,
lsa:GEMEINDE:15083320,Zweitstimmen,F19,PdF,5,,,,
lsa:GEMEINDE:15083320,Zweitstimmen,F2,AfD,879,,,,
lsa:GEMEINDE:15083320,Zweitstimmen,F20,Volt,3,,,,
lsa:GEMEINDE:15083320,Zweitstimmen,F3,Die Linke,114,,,,
lsa:GEMEINDE:15083320,Zweitstimmen,F4,SPD,118,,,,
lsa:GEMEINDE:15083320,Zweitstimmen,F5,FDP,29,,,,
lsa:GEMEINDE:15083320,Zweitstimmen,F6,GRÜNE,71,,,,
lsa:GEMEINDE:15083320,Zweitstimmen,F7,FREIE WÄHLER,12,,,,
lsa:GEMEINDE:15083320,Zweitstimmen,F8,dieBasis,3,,,,
lsa:GEMEINDE:15083320,Zweitstimmen,F9,Tierschutzpartei,14,,,,
lsa:GEMEINDE:15083323,Erststimmen,D1,CDU,232,,,,
lsa:GEMEINDE:15083323,Erststimmen,D15,BSW,29,,,,
lsa:GEMEINDE:15083323,Erststimmen,D2,AfD,417,,,,
lsa:GEMEINDE:15083323,Erststimmen,D3,Die Linke,44,,,,
lsa:GEMEINDE:15083323,Erststimmen,D4,SPD,59,,,,
lsa:GEMEINDE:15083323,Erststimmen,D5,FDP,28,,,,
lsa:GEMEINDE:15083323,Erststimmen,D6,GRÜNE,8,,,,
lsa:GEMEINDE:15083323,Zweitstimmen,F1,CDU,142,,,,
lsa:GEMEINDE:15083323,Zweitstimmen,F10,Gartenpartei,8,,,,
lsa:GEMEINDE:15083323,Zweitstimmen,F11,Die PARTEI,0,,,,
lsa:GEMEINDE:15083323,Zweitstimmen,F12,TIERSCHUTZALLIANZ,3,,,,
lsa:GEMEINDE:15083323,Zweitstimmen,F15,BSW,34,,,,
lsa:GEMEINDE:15083323,Zweitstimmen,F19,PdF,1,,,,
lsa:GEMEINDE:15083323,Zweitstimmen,F2,AfD,425,,,,
lsa:GEMEINDE:15083323,Zweitstimmen,F20,Volt,3,,,,
lsa:GEMEINDE:15083323,Zweitstimmen,F3,Die Linke,38,,,,
lsa:GEMEINDE:15083323,Zweitstimmen,F4,SPD,66,,,,
lsa:GEMEINDE:15083323,Zweitstimmen,F5,FDP,19,,,,
lsa:GEMEINDE:15083323,Zweitstimmen,F6,GRÜNE,45,,,,
lsa:GEMEINDE:15083323,Zweitstimmen,F7,FREIE WÄHLER,25,,,,
lsa:GEMEINDE:15083323,Zweitstimmen,F8,dieBasis,1,,,,
lsa:GEMEINDE:15083323,Zweitstimmen,F9,Tierschutzpartei,11,,,,
lsa:GEMEINDE:15083355,Erststimmen,D1,CDU,0,,,,
lsa:GEMEINDE:15083355,Erststimmen,D15,BSW,0,,,,
lsa:GEMEINDE:15083355,Erststimmen,D2,AfD,0,,,,
lsa:GEMEINDE:15083355,Erststimmen,D3,Die Linke,0,,,,
lsa:GEMEINDE:15083355,Erststimmen,D4,SPD,0,,,,
lsa:GEMEINDE:15083355,Erststimmen,D5,FDP,0,,,,
lsa:GEMEINDE:15083355,Erststimmen,D6,GRÜNE,0,,,,
lsa:GEMEINDE:15083355,Zweitstimmen,F1,CDU,0,,,,
lsa:GEMEINDE:15083355,Zweitstimmen,F10,Gartenpartei,0,,,,
lsa:GEMEINDE:15083355,Zweitstimmen,F11,Die PARTEI,0,,,,
lsa:GEMEINDE:15083355,Zweitstimmen,F12,TIERSCHUTZALLIANZ,0,,,,
lsa:GEMEINDE:15083355,Zweitstimmen,F15,BSW,0,,,,
lsa:GEMEINDE:15083355,Zweitstimmen,F19,PdF,0,,,,
lsa:GEMEINDE:15083355,Zweitstimmen,F2,AfD,0,,,,
lsa:GEMEINDE:15083355,Zweitstimmen,F20,Volt,0,,,,
lsa:GEMEINDE:15083355,Zweitstimmen,F3,Die Linke,0,,,,
lsa:GEMEINDE:15083355,Zweitstimmen,F4,SPD,0,,,,
lsa:GEMEINDE:15083355,Zweitstimmen,F5,FDP,0,,,,
lsa:GEMEINDE:15083355,Zweitstimmen,F6,GRÜNE,0,,,,
lsa:GEMEINDE:15083355,Zweitstimmen,F7,FREIE WÄHLER,0,,,,
lsa:GEMEINDE:15083355,Zweitstimmen,F8,dieBasis,0,,,,
lsa:GEMEINDE:15083355,Zweitstimmen,F9,Tierschutzpartei,0,,,,
lsa:GEMEINDE:15083361,Erststimmen,D1,CDU,0,,,,
lsa:GEMEINDE:15083361,Erststimmen,D15,BSW,0,,,,
lsa:GEMEINDE:15083361,Erststimmen,D2,AfD,0,,,,
lsa:GEMEINDE:15083361,Erststimmen,D21,Anderer Kreiswahlvorschlag,0,,,,
lsa:GEMEINDE:15083361,Erststimmen,D3,Die Linke,0,,,,
lsa:GEMEINDE:15083361,Erststimmen,D4,SPD,0,,,,
lsa:GEMEINDE:15083361,Erststimmen,D5,FDP,0,,,,
lsa:GEMEINDE:15083361,Erststimmen,D6,GRÜNE,0,,,,
lsa:GEMEINDE:15083361,Zweitstimmen,F1,CDU,0,,,,
lsa:GEMEINDE:15083361,Zweitstimmen,F10,Gartenpartei,0,,,,
lsa:GEMEINDE:15083361,Zweitstimmen,F11,Die PARTEI,0,,,,
lsa:GEMEINDE:15083361,Zweitstimmen,F12,TIERSCHUTZALLIANZ,0,,,,
lsa:GEMEINDE:15083361,Zweitstimmen,F15,BSW,0,,,,
lsa:GEMEINDE:15083361,Zweitstimmen,F19,PdF,0,,,,
lsa:GEMEINDE:15083361,Zweitstimmen,F2,AfD,0,,,,
lsa:GEMEINDE:15083361,Zweitstimmen,F20,Volt,0,,,,
lsa:GEMEINDE:15083361,Zweitstimmen,F3,Die Linke,0,,,,
lsa:GEMEINDE:15083361,Zweitstimmen,F4,SPD,0,,,,
lsa:GEMEINDE:15083361,Zweitstimmen,F5,FDP,0,,,,
lsa:GEMEINDE:15083361,Zweitstimmen,F6,GRÜNE,0,,,,
lsa:GEMEINDE:15083361,Zweitstimmen,F7,FREIE WÄHLER,0,,,,
lsa:GEMEINDE:15083361,Zweitstimmen,F8,dieBasis,0,,,,
lsa:GEMEINDE:15083361,Zweitstimmen,F9,Tierschutzpartei,0,,,,
lsa:GEMEINDE:15083390,Erststimmen,D1,CDU,516,,,,
lsa:GEMEINDE:15083390,Erststimmen,D15,BSW,102,,,,
lsa:GEMEINDE:15083390,Erststimmen,D2,AfD,1102,,,,
lsa:GEMEINDE:15083390,Erststimmen,D3,Die Linke,135,,,,
lsa:GEMEINDE:15083390,Erststimmen,D4,SPD,149,,,,
lsa:GEMEINDE:15083390,Erststimmen,D5,FDP,48,,,,
lsa:GEMEINDE:15083390,Erststimmen,D6,GRÜNE,49,,,,
lsa:GEMEINDE:15083390,Zweitstimmen,F1,CDU,297,,,,
lsa:GEMEINDE:15083390,Zweitstimmen,F10,Gartenpartei,12,,,,
lsa:GEMEINDE:15083390,Zweitstimmen,F11,Die PARTEI,3,,,,
lsa:GEMEINDE:15083390,Zweitstimmen,F12,TIERSCHUTZALLIANZ,10,,,,
lsa:GEMEINDE:15083390,Zweitstimmen,F15,BSW,118,,,,
lsa:GEMEINDE:15083390,Zweitstimmen,F19,PdF,3,,,,
lsa:GEMEINDE:15083390,Zweitstimmen,F2,AfD,1102,,,,
lsa:GEMEINDE:15083390,Zweitstimmen,F20,Volt,3,,,,
lsa:GEMEINDE:15083390,Zweitstimmen,F3,Die Linke,153,,,,
lsa:GEMEINDE:15083390,Zweitstimmen,F4,SPD,171,,,,
lsa:GEMEINDE:15083390,Zweitstimmen,F5,FDP,51,,,,
lsa:GEMEINDE:15083390,Zweitstimmen,F6,GRÜNE,124,,,,
lsa:GEMEINDE:15083390,Zweitstimmen,F7,FREIE WÄHLER,29,,,,
lsa:GEMEINDE:15083390,Zweitstimmen,F8,dieBasis,2,,,,
lsa:GEMEINDE:15083390,Zweitstimmen,F9,Tierschutzpartei,27,,,,
lsa:GEMEINDE:15083411,Erststimmen,D1,CDU,688,,,,
lsa:GEMEINDE:15083411,Erststimmen,D11,Die PARTEI,43,,,,
lsa:GEMEINDE:15083411,Erststimmen,D15,BSW,152,,,,
lsa:GEMEINDE:15083411,Erststimmen,D2,AfD,1395,,,,
lsa:GEMEINDE:15083411,Erststimmen,D3,Die Linke,206,,,,
lsa:GEMEINDE:15083411,Erststimmen,D4,SPD,265,,,,
lsa:GEMEINDE:15083411,Erststimmen,D5,FDP,82,,,,
lsa:GEMEINDE:15083411,Erststimmen,D6,GRÜNE,48,,,,
lsa:GEMEINDE:15083411,Zweitstimmen,F1,CDU,527,,,,
lsa:GEMEINDE:15083411,Zweitstimmen,F10,Gartenpartei,14,,,,
lsa:GEMEINDE:15083411,Zweitstimmen,F11,Die PARTEI,23,,,,
lsa:GEMEINDE:15083411,Zweitstimmen,F12,TIERSCHUTZALLIANZ,24,,,,
lsa:GEMEINDE:15083411,Zweitstimmen,F15,BSW,156,,,,
lsa:GEMEINDE:15083411,Zweitstimmen,F19,PdF,5,,,,
lsa:GEMEINDE:15083411,Zweitstimmen,F2,AfD,1388,,,,
lsa:GEMEINDE:15083411,Zweitstimmen,F20,Volt,6,,,,
lsa:GEMEINDE:15083411,Zweitstimmen,F3,Die Linke,186,,,,
lsa:GEMEINDE:15083411,Zweitstimmen,F4,SPD,269,,,,
lsa:GEMEINDE:15083411,Zweitstimmen,F5,FDP,67,,,,
lsa:GEMEINDE:15083411,Zweitstimmen,F6,GRÜNE,161,,,,
lsa:GEMEINDE:15083411,Zweitstimmen,F7,FREIE WÄHLER,32,,,,
lsa:GEMEINDE:15083411,Zweitstimmen,F8,dieBasis,0,,,,
lsa:GEMEINDE:15083411,Zweitstimmen,F9,Tierschutzpartei,23,,,,
lsa:GEMEINDE:15083415,Erststimmen,D1,CDU,1051,,,,
lsa:GEMEINDE:15083415,Erststimmen,D15,BSW,284,,,,
lsa:GEMEINDE:15083415,Erststimmen,D2,AfD,3174,,,,
lsa:GEMEINDE:15083415,Erststimmen,D3,Die Linke,469,,,,
lsa:GEMEINDE:15083415,Erststimmen,D4,SPD,330,,,,
lsa:GEMEINDE:15083415,Erststimmen,D5,FDP,103,,,,
lsa:GEMEINDE:15083415,Erststimmen,D6,GRÜNE,134,,,,
lsa:GEMEINDE:15083415,Zweitstimmen,F1,CDU,815,,,,
lsa:GEMEINDE:15083415,Zweitstimmen,F10,Gartenpartei,37,,,,
lsa:GEMEINDE:15083415,Zweitstimmen,F11,Die PARTEI,14,,,,
lsa:GEMEINDE:15083415,Zweitstimmen,F12,TIERSCHUTZALLIANZ,34,,,,
lsa:GEMEINDE:15083415,Zweitstimmen,F15,BSW,266,,,,
lsa:GEMEINDE:15083415,Zweitstimmen,F19,PdF,9,,,,
lsa:GEMEINDE:15083415,Zweitstimmen,F2,AfD,3136,,,,
lsa:GEMEINDE:15083415,Zweitstimmen,F20,Volt,9,,,,
lsa:GEMEINDE:15083415,Zweitstimmen,F3,Die Linke,390,,,,
lsa:GEMEINDE:15083415,Zweitstimmen,F4,SPD,388,,,,
lsa:GEMEINDE:15083415,Zweitstimmen,F5,FDP,93,,,,
lsa:GEMEINDE:15083415,Zweitstimmen,F6,GRÜNE,238,,,,
lsa:GEMEINDE:15083415,Zweitstimmen,F7,FREIE WÄHLER,62,,,,
lsa:GEMEINDE:15083415,Zweitstimmen,F8,dieBasis,4,,,,
lsa:GEMEINDE:15083415,Zweitstimmen,F9,Tierschutzpartei,63,,,,
lsa:GEMEINDE:15083440,Erststimmen,D1,CDU,190,,,,
lsa:GEMEINDE:15083440,Erststimmen,D15,BSW,71,,,,
lsa:GEMEINDE:15083440,Erststimmen,D2,AfD,569,,,,
lsa:GEMEINDE:15083440,Erststimmen,D21,Anderer Kreiswahlvorschlag,9,,,,
lsa:GEMEINDE:15083440,Erststimmen,D3,Die Linke,98,,,,
lsa:GEMEINDE:15083440,Erststimmen,D4,SPD,49,,,,
lsa:GEMEINDE:15083440,Erststimmen,D5,FDP,13,,,,
lsa:GEMEINDE:15083440,Erststimmen,D6,GRÜNE,13,,,,
lsa:GEMEINDE:15083440,Zweitstimmen,F1,CDU,129,,,,
lsa:GEMEINDE:15083440,Zweitstimmen,F10,Gartenpartei,8,,,,
lsa:GEMEINDE:15083440,Zweitstimmen,F11,Die PARTEI,2,,,,
lsa:GEMEINDE:15083440,Zweitstimmen,F12,TIERSCHUTZALLIANZ,6,,,,
lsa:GEMEINDE:15083440,Zweitstimmen,F15,BSW,74,,,,
lsa:GEMEINDE:15083440,Zweitstimmen,F19,PdF,3,,,,
lsa:GEMEINDE:15083440,Zweitstimmen,F2,AfD,572,,,,
lsa:GEMEINDE:15083440,Zweitstimmen,F20,Volt,5,,,,
lsa:GEMEINDE:15083440,Zweitstimmen,F3,Die Linke,68,,,,
lsa:GEMEINDE:15083440,Zweitstimmen,F4,SPD,64,,,,
lsa:GEMEINDE:15083440,Zweitstimmen,F5,FDP,14,,,,
lsa:GEMEINDE:15083440,Zweitstimmen,F6,GRÜNE,50,,,,
lsa:GEMEINDE:15083440,Zweitstimmen,F7,FREIE WÄHLER,8,,,,
lsa:GEMEINDE:15083440,Zweitstimmen,F8,dieBasis,2,,,,
lsa:GEMEINDE:15083440,Zweitstimmen,F9,Tierschutzpartei,9,,,,
lsa:GEMEINDE:15083485,Erststimmen,D1,CDU,211,,,,
lsa:GEMEINDE:15083485,Erststimmen,D15,BSW,40,,,,
lsa:GEMEINDE:15083485,Erststimmen,D2,AfD,444,,,,
lsa:GEMEINDE:15083485,Erststimmen,D3,Die Linke,57,,,,
lsa:GEMEINDE:15083485,Erststimmen,D4,SPD,65,,,,
lsa:GEMEINDE:15083485,Erststimmen,D5,FDP,15,,,,
lsa:GEMEINDE:15083485,Erststimmen,D6,GRÜNE,31,,,,
lsa:GEMEINDE:15083485,Zweitstimmen,F1,CDU,153,,,,
lsa:GEMEINDE:15083485,Zweitstimmen,F10,Gartenpartei,6,,,,
lsa:GEMEINDE:15083485,Zweitstimmen,F11,Die PARTEI,5,,,,
lsa:GEMEINDE:15083485,Zweitstimmen,F12,TIERSCHUTZALLIANZ,5,,,,
lsa:GEMEINDE:15083485,Zweitstimmen,F15,BSW,47,,,,
lsa:GEMEINDE:15083485,Zweitstimmen,F19,PdF,0,,,,
lsa:GEMEINDE:15083485,Zweitstimmen,F2,AfD,441,,,,
lsa:GEMEINDE:15083485,Zweitstimmen,F20,Volt,1,,,,
lsa:GEMEINDE:15083485,Zweitstimmen,F3,Die Linke,58,,,,
lsa:GEMEINDE:15083485,Zweitstimmen,F4,SPD,75,,,,
lsa:GEMEINDE:15083485,Zweitstimmen,F5,FDP,15,,,,
lsa:GEMEINDE:15083485,Zweitstimmen,F6,GRÜNE,48,,,,
lsa:GEMEINDE:15083485,Zweitstimmen,F7,FREIE WÄHLER,1,,,,
lsa:GEMEINDE:15083485,Zweitstimmen,F8,dieBasis,1,,,,
lsa:GEMEINDE:15083485,Zweitstimmen,F9,Tierschutzpartei,12,,,,
lsa:GEMEINDE:15083490,Erststimmen,D1,CDU,819,,,,
lsa:GEMEINDE:15083490,Erststimmen,D15,BSW,151,,,,
lsa:GEMEINDE:15083490,Erststimmen,D2,AfD,1765,,,,
lsa:GEMEINDE:15083490,Erststimmen,D3,Die Linke,266,,,,
lsa:GEMEINDE:15083490,Erststimmen,D4,SPD,168,,,,
lsa:GEMEINDE:15083490,Erststimmen,D5,FDP,91,,,,
lsa:GEMEINDE:15083490,Erststimmen,D6,GRÜNE,90,,,,
lsa:GEMEINDE:15083490,Zweitstimmen,F1,CDU,537,,,,
lsa:GEMEINDE:15083490,Zweitstimmen,F10,Gartenpartei,34,,,,
lsa:GEMEINDE:15083490,Zweitstimmen,F11,Die PARTEI,11,,,,
lsa:GEMEINDE:15083490,Zweitstimmen,F12,TIERSCHUTZALLIANZ,20,,,,
lsa:GEMEINDE:15083490,Zweitstimmen,F15,BSW,166,,,,
lsa:GEMEINDE:15083490,Zweitstimmen,F19,PdF,4,,,,
lsa:GEMEINDE:15083490,Zweitstimmen,F2,AfD,1743,,,,
lsa:GEMEINDE:15083490,Zweitstimmen,F20,Volt,5,,,,
lsa:GEMEINDE:15083490,Zweitstimmen,F3,Die Linke,221,,,,
lsa:GEMEINDE:15083490,Zweitstimmen,F4,SPD,236,,,,
lsa:GEMEINDE:15083490,Zweitstimmen,F5,FDP,99,,,,
lsa:GEMEINDE:15083490,Zweitstimmen,F6,GRÜNE,207,,,,
lsa:GEMEINDE:15083490,Zweitstimmen,F7,FREIE WÄHLER,33,,,,
lsa:GEMEINDE:15083490,Zweitstimmen,F8,dieBasis,4,,,,
lsa:GEMEINDE:15083490,Zweitstimmen,F9,Tierschutzpartei,27,,,,
lsa:GEMEINDE:15083505,Erststimmen,D1,CDU,192,,,,
lsa:GEMEINDE:15083505,Erststimmen,D15,BSW,26,,,,
lsa:GEMEINDE:15083505,Erststimmen,D2,AfD,277,,,,
lsa:GEMEINDE:15083505,Erststimmen,D3,Die Linke,44,,,,
lsa:GEMEINDE:15083505,Erststimmen,D4,SPD,45,,,,
lsa:GEMEINDE:15083505,Erststimmen,D5,FDP,15,,,,
lsa:GEMEINDE:15083505,Erststimmen,D6,GRÜNE,12,,,,
lsa:GEMEINDE:15083505,Zweitstimmen,F1,CDU,132,,,,
lsa:GEMEINDE:15083505,Zweitstimmen,F10,Gartenpartei,3,,,,
lsa:GEMEINDE:15083505,Zweitstimmen,F11,Die PARTEI,4,,,,
lsa:GEMEINDE:15083505,Zweitstimmen,F12,TIERSCHUTZALLIANZ,9,,,,
lsa:GEMEINDE:15083505,Zweitstimmen,F15,BSW,29,,,,
lsa:GEMEINDE:15083505,Zweitstimmen,F19,PdF,0,,,,
lsa:GEMEINDE:15083505,Zweitstimmen,F2,AfD,287,,,,
lsa:GEMEINDE:15083505,Zweitstimmen,F20,Volt,2,,,,
lsa:GEMEINDE:15083505,Zweitstimmen,F3,Die Linke,41,,,,
lsa:GEMEINDE:15083505,Zweitstimmen,F4,SPD,42,,,,
lsa:GEMEINDE:15083505,Zweitstimmen,F5,FDP,12,,,,
lsa:GEMEINDE:15083505,Zweitstimmen,F6,GRÜNE,37,,,,
lsa:GEMEINDE:15083505,Zweitstimmen,F7,FREIE WÄHLER,5,,,,
lsa:GEMEINDE:15083505,Zweitstimmen,F8,dieBasis,0,,,,
lsa:GEMEINDE:15083505,Zweitstimmen,F9,Tierschutzpartei,11,,,,
lsa:GEMEINDE:15083515,Erststimmen,D1,CDU,159,,,,
lsa:GEMEINDE:15083515,Erststimmen,D15,BSW,44,,,,
lsa:GEMEINDE:15083515,Erststimmen,D2,AfD,393,,,,
lsa:GEMEINDE:15083515,Erststimmen,D3,Die Linke,51,,,,
lsa:GEMEINDE:15083515,Erststimmen,D4,SPD,63,,,,
lsa:GEMEINDE:15083515,Erststimmen,D5,FDP,12,,,,
lsa:GEMEINDE:15083515,Erststimmen,D6,GRÜNE,7,,,,
lsa:GEMEINDE:15083515,Zweitstimmen,F1,CDU,109,,,,
lsa:GEMEINDE:15083515,Zweitstimmen,F10,Gartenpartei,2,,,,
lsa:GEMEINDE:15083515,Zweitstimmen,F11,Die PARTEI,2,,,,
lsa:GEMEINDE:15083515,Zweitstimmen,F12,TIERSCHUTZALLIANZ,6,,,,
lsa:GEMEINDE:15083515,Zweitstimmen,F15,BSW,43,,,,
lsa:GEMEINDE:15083515,Zweitstimmen,F19,PdF,2,,,,
lsa:GEMEINDE:15083515,Zweitstimmen,F2,AfD,386,,,,
lsa:GEMEINDE:15083515,Zweitstimmen,F20,Volt,6,,,,
lsa:GEMEINDE:15083515,Zweitstimmen,F3,Die Linke,52,,,,
lsa:GEMEINDE:15083515,Zweitstimmen,F4,SPD,71,,,,
lsa:GEMEINDE:15083515,Zweitstimmen,F5,FDP,14,,,,
lsa:GEMEINDE:15083515,Zweitstimmen,F6,GRÜNE,22,,,,
lsa:GEMEINDE:15083515,Zweitstimmen,F7,FREIE WÄHLER,7,,,,
lsa:GEMEINDE:15083515,Zweitstimmen,F8,dieBasis,0,,,,
lsa:GEMEINDE:15083515,Zweitstimmen,F9,Tierschutzpartei,6,,,,
lsa:GEMEINDE:15083531,Erststimmen,D1,CDU,1098,,,,
lsa:GEMEINDE:15083531,Erststimmen,D15,BSW,275,,,,
lsa:GEMEINDE:15083531,Erststimmen,D2,AfD,2832,,,,
lsa:GEMEINDE:15083531,Erststimmen,D3,Die Linke,415,,,,
lsa:GEMEINDE:15083531,Erststimmen,D4,SPD,329,,,,
lsa:GEMEINDE:15083531,Erststimmen,D5,FDP,134,,,,
lsa:GEMEINDE:15083531,Erststimmen,D6,GRÜNE,124,,,,
lsa:GEMEINDE:15083531,Zweitstimmen,F1,CDU,777,,,,
lsa:GEMEINDE:15083531,Zweitstimmen,F10,Gartenpartei,41,,,,
lsa:GEMEINDE:15083531,Zweitstimmen,F11,Die PARTEI,12,,,,
lsa:GEMEINDE:15083531,Zweitstimmen,F12,TIERSCHUTZALLIANZ,32,,,,
lsa:GEMEINDE:15083531,Zweitstimmen,F15,BSW,244,,,,
lsa:GEMEINDE:15083531,Zweitstimmen,F19,PdF,9,,,,
lsa:GEMEINDE:15083531,Zweitstimmen,F2,AfD,2824,,,,
lsa:GEMEINDE:15083531,Zweitstimmen,F20,Volt,13,,,,
lsa:GEMEINDE:15083531,Zweitstimmen,F3,Die Linke,355,,,,
lsa:GEMEINDE:15083531,Zweitstimmen,F4,SPD,395,,,,
lsa:GEMEINDE:15083531,Zweitstimmen,F5,FDP,124,,,,
lsa:GEMEINDE:15083531,Zweitstimmen,F6,GRÜNE,274,,,,
lsa:GEMEINDE:15083531,Zweitstimmen,F7,FREIE WÄHLER,61,,,,
lsa:GEMEINDE:15083531,Zweitstimmen,F8,dieBasis,7,,,,
lsa:GEMEINDE:15083531,Zweitstimmen,F9,Tierschutzpartei,54,,,,
lsa:GEMEINDE:15083535,Erststimmen,D1,CDU,188,,,,
lsa:GEMEINDE:15083535,Erststimmen,D15,BSW,37,,,,
lsa:GEMEINDE:15083535,Erststimmen,D2,AfD,415,,,,
lsa:GEMEINDE:15083535,Erststimmen,D3,Die Linke,71,,,,
lsa:GEMEINDE:15083535,Erststimmen,D4,SPD,51,,,,
lsa:GEMEINDE:15083535,Erststimmen,D5,FDP,11,,,,
lsa:GEMEINDE:15083535,Erststimmen,D6,GRÜNE,16,,,,
lsa:GEMEINDE:15083535,Zweitstimmen,F1,CDU,139,,,,
lsa:GEMEINDE:15083535,Zweitstimmen,F10,Gartenpartei,1,,,,
lsa:GEMEINDE:15083535,Zweitstimmen,F11,Die PARTEI,0,,,,
lsa:GEMEINDE:15083535,Zweitstimmen,F12,TIERSCHUTZALLIANZ,1,,,,
lsa:GEMEINDE:15083535,Zweitstimmen,F15,BSW,51,,,,
lsa:GEMEINDE:15083535,Zweitstimmen,F19,PdF,0,,,,
lsa:GEMEINDE:15083535,Zweitstimmen,F2,AfD,413,,,,
lsa:GEMEINDE:15083535,Zweitstimmen,F20,Volt,2,,,,
lsa:GEMEINDE:15083535,Zweitstimmen,F3,Die Linke,63,,,,
lsa:GEMEINDE:15083535,Zweitstimmen,F4,SPD,57,,,,
lsa:GEMEINDE:15083535,Zweitstimmen,F5,FDP,12,,,,
lsa:GEMEINDE:15083535,Zweitstimmen,F6,GRÜNE,36,,,,
lsa:GEMEINDE:15083535,Zweitstimmen,F7,FREIE WÄHLER,6,,,,
lsa:GEMEINDE:15083535,Zweitstimmen,F8,dieBasis,1,,,,
lsa:GEMEINDE:15083535,Zweitstimmen,F9,Tierschutzpartei,6,,,,
lsa:GEMEINDE:15083557,Erststimmen,D1,CDU,195,,,,
lsa:GEMEINDE:15083557,Erststimmen,D15,BSW,46,,,,
lsa:GEMEINDE:15083557,Erststimmen,D2,AfD,532,,,,
lsa:GEMEINDE:15083557,Erststimmen,D21,Anderer Kreiswahlvorschlag,7,,,,
lsa:GEMEINDE:15083557,Erststimmen,D3,Die Linke,65,,,,
lsa:GEMEINDE:15083557,Erststimmen,D4,SPD,53,,,,
lsa:GEMEINDE:15083557,Erststimmen,D5,FDP,23,,,,
lsa:GEMEINDE:15083557,Erststimmen,D6,GRÜNE,13,,,,
lsa:GEMEINDE:15083557,Zweitstimmen,F1,CDU,130,,,,
lsa:GEMEINDE:15083557,Zweitstimmen,F10,Gartenpartei,3,,,,
lsa:GEMEINDE:15083557,Zweitstimmen,F11,Die PARTEI,1,,,,
lsa:GEMEINDE:15083557,Zweitstimmen,F12,TIERSCHUTZALLIANZ,4,,,,
lsa:GEMEINDE:15083557,Zweitstimmen,F15,BSW,52,,,,
lsa:GEMEINDE:15083557,Zweitstimmen,F19,PdF,3,,,,
lsa:GEMEINDE:15083557,Zweitstimmen,F2,AfD,527,,,,
lsa:GEMEINDE:15083557,Zweitstimmen,F20,Volt,5,,,,
lsa:GEMEINDE:15083557,Zweitstimmen,F3,Die Linke,55,,,,
lsa:GEMEINDE:15083557,Zweitstimmen,F4,SPD,76,,,,
lsa:GEMEINDE:15083557,Zweitstimmen,F5,FDP,21,,,,
lsa:GEMEINDE:15083557,Zweitstimmen,F6,GRÜNE,41,,,,
lsa:GEMEINDE:15083557,Zweitstimmen,F7,FREIE WÄHLER,5,,,,
lsa:GEMEINDE:15083557,Zweitstimmen,F8,dieBasis,1,,,,
lsa:GEMEINDE:15083557,Zweitstimmen,F9,Tierschutzpartei,11,,,,
lsa:GEMEINDE:15083565,Erststimmen,D1,CDU,1088,,,,
lsa:GEMEINDE:15083565,Erststimmen,D15,BSW,233,,,,
lsa:GEMEINDE:15083565,Erststimmen,D2,AfD,2491,,,,
lsa:GEMEINDE:15083565,Erststimmen,D21,Anderer Kreiswahlvorschlag,68,,,,
lsa:GEMEINDE:15083565,Erststimmen,D3,Die Linke,426,,,,
lsa:GEMEINDE:15083565,Erststimmen,D4,SPD,378,,,,
lsa:GEMEINDE:15083565,Erststimmen,D5,FDP,136,,,,
lsa:GEMEINDE:15083565,Erststimmen,D6,GRÜNE,114,,,,
lsa:GEMEINDE:15083565,Zweitstimmen,F1,CDU,689,,,,
lsa:GEMEINDE:15083565,Zweitstimmen,F10,Gartenpartei,33,,,,
lsa:GEMEINDE:15083565,Zweitstimmen,F11,Die PARTEI,16,,,,
lsa:GEMEINDE:15083565,Zweitstimmen,F12,TIERSCHUTZALLIANZ,34,,,,
lsa:GEMEINDE:15083565,Zweitstimmen,F15,BSW,247,,,,
lsa:GEMEINDE:15083565,Zweitstimmen,F19,PdF,13,,,,
lsa:GEMEINDE:15083565,Zweitstimmen,F2,AfD,2483,,,,
lsa:GEMEINDE:15083565,Zweitstimmen,F20,Volt,25,,,,
lsa:GEMEINDE:15083565,Zweitstimmen,F3,Die Linke,354,,,,
lsa:GEMEINDE:15083565,Zweitstimmen,F4,SPD,424,,,,
lsa:GEMEINDE:15083565,Zweitstimmen,F5,FDP,115,,,,
lsa:GEMEINDE:15083565,Zweitstimmen,F6,GRÜNE,378,,,,
lsa:GEMEINDE:15083565,Zweitstimmen,F7,FREIE WÄHLER,53,,,,
lsa:GEMEINDE:15083565,Zweitstimmen,F8,dieBasis,5,,,,
lsa:GEMEINDE:15083565,Zweitstimmen,F9,Tierschutzpartei,68,,,,
lsa:GEMEINDE:15083580,Erststimmen,D1,CDU,44,,,,
lsa:GEMEINDE:15083580,Erststimmen,D15,BSW,5,,,,
lsa:GEMEINDE:15083580,Erststimmen,D2,AfD,88,,,,
lsa:GEMEINDE:15083580,Erststimmen,D21,Anderer Kreiswahlvorschlag,1,,,,
lsa:GEMEINDE:15083580,Erststimmen,D3,Die Linke,14,,,,
lsa:GEMEINDE:15083580,Erststimmen,D4,SPD,7,,,,
lsa:GEMEINDE:15083580,Erststimmen,D5,FDP,4,,,,
lsa:GEMEINDE:15083580,Erststimmen,D6,GRÜNE,3,,,,
lsa:GEMEINDE:15083580,Zweitstimmen,F1,CDU,34,,,,
lsa:GEMEINDE:15083580,Zweitstimmen,F10,Gartenpartei,0,,,,
lsa:GEMEINDE:15083580,Zweitstimmen,F11,Die PARTEI,0,,,,
lsa:GEMEINDE:15083580,Zweitstimmen,F12,TIERSCHUTZALLIANZ,0,,,,
lsa:GEMEINDE:15083580,Zweitstimmen,F15,BSW,7,,,,
lsa:GEMEINDE:15083580,Zweitstimmen,F19,PdF,0,,,,
lsa:GEMEINDE:15083580,Zweitstimmen,F2,AfD,93,,,,
lsa:GEMEINDE:15083580,Zweitstimmen,F20,Volt,1,,,,
lsa:GEMEINDE:15083580,Zweitstimmen,F3,Die Linke,11,,,,
lsa:GEMEINDE:15083580,Zweitstimmen,F4,SPD,9,,,,
lsa:GEMEINDE:15083580,Zweitstimmen,F5,FDP,3,,,,
lsa:GEMEINDE:15083580,Zweitstimmen,F6,GRÜNE,7,,,,
lsa:GEMEINDE:15083580,Zweitstimmen,F7,FREIE WÄHLER,1,,,,
lsa:GEMEINDE:15083580,Zweitstimmen,F8,dieBasis,0,,,,
lsa:GEMEINDE:15083580,Zweitstimmen,F9,Tierschutzpartei,1,,,,
lsa:GEMEINDE:15084012,Erststimmen,D1,CDU,121,,,,
lsa:GEMEINDE:15084012,Erststimmen,D19,PdF,11,,,,
lsa:GEMEINDE:15084012,Erststimmen,D2,AfD,579,,,,
lsa:GEMEINDE:15084012,Erststimmen,D3,Die Linke,60,,,,
lsa:GEMEINDE:15084012,Erststimmen,D4,SPD,60,,,,
lsa:GEMEINDE:15084012,Erststimmen,D5,FDP,38,,,,
lsa:GEMEINDE:15084012,Erststimmen,D6,GRÜNE,17,,,,
lsa:GEMEINDE:15084012,Zweitstimmen,F1,CDU,127,,,,
lsa:GEMEINDE:15084012,Zweitstimmen,F10,Gartenpartei,3,,,,
lsa:GEMEINDE:15084012,Zweitstimmen,F11,Die PARTEI,2,,,,
lsa:GEMEINDE:15084012,Zweitstimmen,F12,TIERSCHUTZALLIANZ,2,,,,
lsa:GEMEINDE:15084012,Zweitstimmen,F15,BSW,53,,,,
lsa:GEMEINDE:15084012,Zweitstimmen,F19,PdF,1,,,,
lsa:GEMEINDE:15084012,Zweitstimmen,F2,AfD,546,,,,
lsa:GEMEINDE:15084012,Zweitstimmen,F20,Volt,1,,,,
lsa:GEMEINDE:15084012,Zweitstimmen,F3,Die Linke,46,,,,
lsa:GEMEINDE:15084012,Zweitstimmen,F4,SPD,46,,,,
lsa:GEMEINDE:15084012,Zweitstimmen,F5,FDP,19,,,,
lsa:GEMEINDE:15084012,Zweitstimmen,F6,GRÜNE,23,,,,
lsa:GEMEINDE:15084012,Zweitstimmen,F7,FREIE WÄHLER,13,,,,
lsa:GEMEINDE:15084012,Zweitstimmen,F8,dieBasis,3,,,,
lsa:GEMEINDE:15084012,Zweitstimmen,F9,Tierschutzpartei,5,,,,
lsa:GEMEINDE:15084013,Erststimmen,D1,CDU,38,,,,
lsa:GEMEINDE:15084013,Erststimmen,D2,AfD,135,,,,
lsa:GEMEINDE:15084013,Erststimmen,D21,Anderer Kreiswahlvorschlag,0,,,,
lsa:GEMEINDE:15084013,Erststimmen,D3,Die Linke,10,,,,
lsa:GEMEINDE:15084013,Erststimmen,D4,SPD,10,,,,
lsa:GEMEINDE:15084013,Erststimmen,D5,FDP,6,,,,
lsa:GEMEINDE:15084013,Erststimmen,D6,GRÜNE,3,,,,
lsa:GEMEINDE:15084013,Erststimmen,D9,Tierschutzpartei,5,,,,
lsa:GEMEINDE:15084013,Zweitstimmen,F1,CDU,27,,,,
lsa:GEMEINDE:15084013,Zweitstimmen,F10,Gartenpartei,0,,,,
lsa:GEMEINDE:15084013,Zweitstimmen,F11,Die PARTEI,0,,,,
lsa:GEMEINDE:15084013,Zweitstimmen,F12,TIERSCHUTZALLIANZ,0,,,,
lsa:GEMEINDE:15084013,Zweitstimmen,F15,BSW,12,,,,
lsa:GEMEINDE:15084013,Zweitstimmen,F19,PdF,0,,,,
lsa:GEMEINDE:15084013,Zweitstimmen,F2,AfD,137,,,,
lsa:GEMEINDE:15084013,Zweitstimmen,F20,Volt,1,,,,
lsa:GEMEINDE:15084013,Zweitstimmen,F3,Die Linke,12,,,,
lsa:GEMEINDE:15084013,Zweitstimmen,F4,SPD,4,,,,
lsa:GEMEINDE:15084013,Zweitstimmen,F5,FDP,7,,,,
lsa:GEMEINDE:15084013,Zweitstimmen,F6,GRÜNE,5,,,,
lsa:GEMEINDE:15084013,Zweitstimmen,F7,FREIE WÄHLER,1,,,,
lsa:GEMEINDE:15084013,Zweitstimmen,F8,dieBasis,0,,,,
lsa:GEMEINDE:15084013,Zweitstimmen,F9,Tierschutzpartei,0,,,,
lsa:GEMEINDE:15084015,Erststimmen,D1,CDU,146,,,,
lsa:GEMEINDE:15084015,Erststimmen,D19,PdF,8,,,,
lsa:GEMEINDE:15084015,Erststimmen,D2,AfD,386,,,,
lsa:GEMEINDE:15084015,Erststimmen,D3,Die Linke,80,,,,
lsa:GEMEINDE:15084015,Erststimmen,D4,SPD,61,,,,
lsa:GEMEINDE:15084015,Erststimmen,D5,FDP,51,,,,
lsa:GEMEINDE:15084015,Erststimmen,D6,GRÜNE,29,,,,
lsa:GEMEINDE:15084015,Zweitstimmen,F1,CDU,145,,,,
lsa:GEMEINDE:15084015,Zweitstimmen,F10,Gartenpartei,4,,,,
lsa:GEMEINDE:15084015,Zweitstimmen,F11,Die PARTEI,1,,,,
lsa:GEMEINDE:15084015,Zweitstimmen,F12,TIERSCHUTZALLIANZ,1,,,,
lsa:GEMEINDE:15084015,Zweitstimmen,F15,BSW,41,,,,
lsa:GEMEINDE:15084015,Zweitstimmen,F19,PdF,3,,,,
lsa:GEMEINDE:15084015,Zweitstimmen,F2,AfD,384,,,,
lsa:GEMEINDE:15084015,Zweitstimmen,F20,Volt,0,,,,
lsa:GEMEINDE:15084015,Zweitstimmen,F3,Die Linke,51,,,,
lsa:GEMEINDE:15084015,Zweitstimmen,F4,SPD,60,,,,
lsa:GEMEINDE:15084015,Zweitstimmen,F5,FDP,27,,,,
lsa:GEMEINDE:15084015,Zweitstimmen,F6,GRÜNE,37,,,,
lsa:GEMEINDE:15084015,Zweitstimmen,F7,FREIE WÄHLER,8,,,,
lsa:GEMEINDE:15084015,Zweitstimmen,F8,dieBasis,2,,,,
lsa:GEMEINDE:15084015,Zweitstimmen,F9,Tierschutzpartei,5,,,,
lsa:GEMEINDE:15084025,Erststimmen,D1,CDU,188,,,,
lsa:GEMEINDE:15084025,Erststimmen,D2,AfD,402,,,,
lsa:GEMEINDE:15084025,Erststimmen,D21,Anderer Kreiswahlvorschlag,9,,,,
lsa:GEMEINDE:15084025,Erststimmen,D3,Die Linke,45,,,,
lsa:GEMEINDE:15084025,Erststimmen,D4,SPD,25,,,,
lsa:GEMEINDE:15084025,Erststimmen,D5,FDP,19,,,,
lsa:GEMEINDE:15084025,Erststimmen,D6,GRÜNE,10,,,,
lsa:GEMEINDE:15084025,Erststimmen,D9,Tierschutzpartei,19,,,,
lsa:GEMEINDE:15084025,Zweitstimmen,F1,CDU,140,,,,
lsa:GEMEINDE:15084025,Zweitstimmen,F10,Gartenpartei,4,,,,
lsa:GEMEINDE:15084025,Zweitstimmen,F11,Die PARTEI,1,,,,
lsa:GEMEINDE:15084025,Zweitstimmen,F12,TIERSCHUTZALLIANZ,3,,,,
lsa:GEMEINDE:15084025,Zweitstimmen,F15,BSW,34,,,,
lsa:GEMEINDE:15084025,Zweitstimmen,F19,PdF,3,,,,
lsa:GEMEINDE:15084025,Zweitstimmen,F2,AfD,397,,,,
lsa:GEMEINDE:15084025,Zweitstimmen,F20,Volt,0,,,,
lsa:GEMEINDE:15084025,Zweitstimmen,F3,Die Linke,42,,,,
lsa:GEMEINDE:15084025,Zweitstimmen,F4,SPD,34,,,,
lsa:GEMEINDE:15084025,Zweitstimmen,F5,FDP,16,,,,
lsa:GEMEINDE:15084025,Zweitstimmen,F6,GRÜNE,27,,,,
lsa:GEMEINDE:15084025,Zweitstimmen,F7,FREIE WÄHLER,5,,,,
lsa:GEMEINDE:15084025,Zweitstimmen,F8,dieBasis,0,,,,
lsa:GEMEINDE:15084025,Zweitstimmen,F9,Tierschutzpartei,10,,,,
lsa:GEMEINDE:15084115,Erststimmen,D1,CDU,22,,,,
lsa:GEMEINDE:15084115,Erststimmen,D15,BSW,4,,,,
lsa:GEMEINDE:15084115,Erststimmen,D2,AfD,82,,,,
lsa:GEMEINDE:15084115,Erststimmen,D20,Volt,2,,,,
lsa:GEMEINDE:15084115,Erststimmen,D3,Die Linke,12,,,,
lsa:GEMEINDE:15084115,Erststimmen,D4,SPD,5,,,,
lsa:GEMEINDE:15084115,Erststimmen,D5,FDP,3,,,,
lsa:GEMEINDE:15084115,Erststimmen,D6,GRÜNE,3,,,,
lsa:GEMEINDE:15084115,Erststimmen,D7,FREIE WÄHLER,5,,,,
lsa:GEMEINDE:15084115,Zweitstimmen,F1,CDU,16,,,,
lsa:GEMEINDE:15084115,Zweitstimmen,F10,Gartenpartei,1,,,,
lsa:GEMEINDE:15084115,Zweitstimmen,F11,Die PARTEI,0,,,,
lsa:GEMEINDE:15084115,Zweitstimmen,F12,TIERSCHUTZALLIANZ,0,,,,
lsa:GEMEINDE:15084115,Zweitstimmen,F15,BSW,4,,,,
lsa:GEMEINDE:15084115,Zweitstimmen,F19,PdF,0,,,,
lsa:GEMEINDE:15084115,Zweitstimmen,F2,AfD,84,,,,
lsa:GEMEINDE:15084115,Zweitstimmen,F20,Volt,0,,,,
lsa:GEMEINDE:15084115,Zweitstimmen,F3,Die Linke,10,,,,
lsa:GEMEINDE:15084115,Zweitstimmen,F4,SPD,7,,,,
lsa:GEMEINDE:15084115,Zweitstimmen,F5,FDP,3,,,,
lsa:GEMEINDE:15084115,Zweitstimmen,F6,GRÜNE,7,,,,
lsa:GEMEINDE:15084115,Zweitstimmen,F7,FREIE WÄHLER,4,,,,
lsa:GEMEINDE:15084115,Zweitstimmen,F8,dieBasis,0,,,,
lsa:GEMEINDE:15084115,Zweitstimmen,F9,Tierschutzpartei,1,,,,
lsa:GEMEINDE:15084125,Erststimmen,D1,CDU,63,,,,
lsa:GEMEINDE:15084125,Erststimmen,D19,PdF,2,,,,
lsa:GEMEINDE:15084125,Erststimmen,D2,AfD,259,,,,
lsa:GEMEINDE:15084125,Erststimmen,D3,Die Linke,21,,,,
lsa:GEMEINDE:15084125,Erststimmen,D4,SPD,16,,,,
lsa:GEMEINDE:15084125,Erststimmen,D5,FDP,11,,,,
lsa:GEMEINDE:15084125,Erststimmen,D6,GRÜNE,8,,,,
lsa:GEMEINDE:15084125,Zweitstimmen,F1,CDU,50,,,,
lsa:GEMEINDE:15084125,Zweitstimmen,F10,Gartenpartei,1,,,,
lsa:GEMEINDE:15084125,Zweitstimmen,F11,Die PARTEI,1,,,,
lsa:GEMEINDE:15084125,Zweitstimmen,F12,TIERSCHUTZALLIANZ,3,,,,
lsa:GEMEINDE:15084125,Zweitstimmen,F15,BSW,16,,,,
lsa:GEMEINDE:15084125,Zweitstimmen,F19,PdF,2,,,,
lsa:GEMEINDE:15084125,Zweitstimmen,F2,AfD,253,,,,
lsa:GEMEINDE:15084125,Zweitstimmen,F20,Volt,0,,,,
lsa:GEMEINDE:15084125,Zweitstimmen,F3,Die Linke,18,,,,
lsa:GEMEINDE:15084125,Zweitstimmen,F4,SPD,23,,,,
lsa:GEMEINDE:15084125,Zweitstimmen,F5,FDP,3,,,,
lsa:GEMEINDE:15084125,Zweitstimmen,F6,GRÜNE,10,,,,
lsa:GEMEINDE:15084125,Zweitstimmen,F7,FREIE WÄHLER,0,,,,
lsa:GEMEINDE:15084125,Zweitstimmen,F8,dieBasis,0,,,,
lsa:GEMEINDE:15084125,Zweitstimmen,F9,Tierschutzpartei,2,,,,
lsa:GEMEINDE:15084130,Erststimmen,D1,CDU,752,,,,
lsa:GEMEINDE:15084130,Erststimmen,D15,BSW,156,,,,
lsa:GEMEINDE:15084130,Erststimmen,D2,AfD,2379,,,,
lsa:GEMEINDE:15084130,Erststimmen,D20,Volt,32,,,,
lsa:GEMEINDE:15084130,Erststimmen,D3,Die Linke,286,,,,
lsa:GEMEINDE:15084130,Erststimmen,D4,SPD,182,,,,
lsa:GEMEINDE:15084130,Erststimmen,D5,FDP,61,,,,
lsa:GEMEINDE:15084130,Erststimmen,D6,GRÜNE,74,,,,
lsa:GEMEINDE:15084130,Erststimmen,D7,FREIE WÄHLER,271,,,,
lsa:GEMEINDE:15084130,Zweitstimmen,F1,CDU,707,,,,
lsa:GEMEINDE:15084130,Zweitstimmen,F10,Gartenpartei,10,,,,
lsa:GEMEINDE:15084130,Zweitstimmen,F11,Die PARTEI,9,,,,
lsa:GEMEINDE:15084130,Zweitstimmen,F12,TIERSCHUTZALLIANZ,22,,,,
lsa:GEMEINDE:15084130,Zweitstimmen,F15,BSW,196,,,,
lsa:GEMEINDE:15084130,Zweitstimmen,F19,PdF,6,,,,
lsa:GEMEINDE:15084130,Zweitstimmen,F2,AfD,2401,,,,
lsa:GEMEINDE:15084130,Zweitstimmen,F20,Volt,17,,,,
lsa:GEMEINDE:15084130,Zweitstimmen,F3,Die Linke,256,,,,
lsa:GEMEINDE:15084130,Zweitstimmen,F4,SPD,187,,,,
lsa:GEMEINDE:15084130,Zweitstimmen,F5,FDP,59,,,,
lsa:GEMEINDE:15084130,Zweitstimmen,F6,GRÜNE,162,,,,
lsa:GEMEINDE:15084130,Zweitstimmen,F7,FREIE WÄHLER,126,,,,
lsa:GEMEINDE:15084130,Zweitstimmen,F8,dieBasis,4,,,,
lsa:GEMEINDE:15084130,Zweitstimmen,F9,Tierschutzpartei,35,,,,
lsa:GEMEINDE:15084132,Erststimmen,D1,CDU,106,,,,
lsa:GEMEINDE:15084132,Erststimmen,D19,PdF,12,,,,
lsa:GEMEINDE:15084132,Erststimmen,D2,AfD,328,,,,
lsa:GEMEINDE:15084132,Erststimmen,D3,Die Linke,39,,,,
lsa:GEMEINDE:15084132,Erststimmen,D4,SPD,31,,,,
lsa:GEMEINDE:15084132,Erststimmen,D5,FDP,21,,,,
lsa:GEMEINDE:15084132,Erststimmen,D6,GRÜNE,18,,,,
lsa:GEMEINDE:15084132,Zweitstimmen,F1,CDU,93,,,,
lsa:GEMEINDE:15084132,Zweitstimmen,F10,Gartenpartei,1,,,,
lsa:GEMEINDE:15084132,Zweitstimmen,F11,Die PARTEI,1,,,,
lsa:GEMEINDE:15084132,Zweitstimmen,F12,TIERSCHUTZALLIANZ,3,,,,
lsa:GEMEINDE:15084132,Zweitstimmen,F15,BSW,35,,,,
lsa:GEMEINDE:15084132,Zweitstimmen,F19,PdF,2,,,,
lsa:GEMEINDE:15084132,Zweitstimmen,F2,AfD,319,,,,
lsa:GEMEINDE:15084132,Zweitstimmen,F20,Volt,2,,,,
lsa:GEMEINDE:15084132,Zweitstimmen,F3,Die Linke,30,,,,
lsa:GEMEINDE:15084132,Zweitstimmen,F4,SPD,28,,,,
lsa:GEMEINDE:15084132,Zweitstimmen,F5,FDP,12,,,,
lsa:GEMEINDE:15084132,Zweitstimmen,F6,GRÜNE,15,,,,
lsa:GEMEINDE:15084132,Zweitstimmen,F7,FREIE WÄHLER,7,,,,
lsa:GEMEINDE:15084132,Zweitstimmen,F8,dieBasis,1,,,,
lsa:GEMEINDE:15084132,Zweitstimmen,F9,Tierschutzpartei,10,,,,
lsa:GEMEINDE:15084133,Erststimmen,D1,CDU,114,,,,
lsa:GEMEINDE:15084133,Erststimmen,D19,PdF,16,,,,
lsa:GEMEINDE:15084133,Erststimmen,D2,AfD,356,,,,
lsa:GEMEINDE:15084133,Erststimmen,D3,Die Linke,69,,,,
lsa:GEMEINDE:15084133,Erststimmen,D4,SPD,75,,,,
lsa:GEMEINDE:15084133,Erststimmen,D5,FDP,43,,,,
lsa:GEMEINDE:15084133,Erststimmen,D6,GRÜNE,11,,,,
lsa:GEMEINDE:15084133,Zweitstimmen,F1,CDU,127,,,,
lsa:GEMEINDE:15084133,Zweitstimmen,F10,Gartenpartei,5,,,,
lsa:GEMEINDE:15084133,Zweitstimmen,F11,Die PARTEI,1,,,,
lsa:GEMEINDE:15084133,Zweitstimmen,F12,TIERSCHUTZALLIANZ,1,,,,
lsa:GEMEINDE:15084133,Zweitstimmen,F15,BSW,35,,,,
lsa:GEMEINDE:15084133,Zweitstimmen,F19,PdF,1,,,,
lsa:GEMEINDE:15084133,Zweitstimmen,F2,AfD,345,,,,
lsa:GEMEINDE:15084133,Zweitstimmen,F20,Volt,3,,,,
lsa:GEMEINDE:15084133,Zweitstimmen,F3,Die Linke,50,,,,
lsa:GEMEINDE:15084133,Zweitstimmen,F4,SPD,52,,,,
lsa:GEMEINDE:15084133,Zweitstimmen,F5,FDP,34,,,,
lsa:GEMEINDE:15084133,Zweitstimmen,F6,GRÜNE,22,,,,
lsa:GEMEINDE:15084133,Zweitstimmen,F7,FREIE WÄHLER,4,,,,
lsa:GEMEINDE:15084133,Zweitstimmen,F8,dieBasis,0,,,,
lsa:GEMEINDE:15084133,Zweitstimmen,F9,Tierschutzpartei,9,,,,
lsa:GEMEINDE:15084135,Erststimmen,D1,CDU,357,,,,
lsa:GEMEINDE:15084135,Erststimmen,D2,AfD,806,,,,
lsa:GEMEINDE:15084135,Erststimmen,D21,Anderer Kreiswahlvorschlag,9,,,,
lsa:GEMEINDE:15084135,Erststimmen,D3,Die Linke,118,,,,
lsa:GEMEINDE:15084135,Erststimmen,D4,SPD,56,,,,
lsa:GEMEINDE:15084135,Erststimmen,D5,FDP,52,,,,
lsa:GEMEINDE:15084135,Erststimmen,D6,GRÜNE,28,,,,
lsa:GEMEINDE:15084135,Erststimmen,D9,Tierschutzpartei,35,,,,
lsa:GEMEINDE:15084135,Zweitstimmen,F1,CDU,241,,,,
lsa:GEMEINDE:15084135,Zweitstimmen,F10,Gartenpartei,2,,,,
lsa:GEMEINDE:15084135,Zweitstimmen,F11,Die PARTEI,8,,,,
lsa:GEMEINDE:15084135,Zweitstimmen,F12,TIERSCHUTZALLIANZ,4,,,,
lsa:GEMEINDE:15084135,Zweitstimmen,F15,BSW,78,,,,
lsa:GEMEINDE:15084135,Zweitstimmen,F19,PdF,5,,,,
lsa:GEMEINDE:15084135,Zweitstimmen,F2,AfD,781,,,,
lsa:GEMEINDE:15084135,Zweitstimmen,F20,Volt,2,,,,
lsa:GEMEINDE:15084135,Zweitstimmen,F3,Die Linke,93,,,,
lsa:GEMEINDE:15084135,Zweitstimmen,F4,SPD,87,,,,
lsa:GEMEINDE:15084135,Zweitstimmen,F5,FDP,45,,,,
lsa:GEMEINDE:15084135,Zweitstimmen,F6,GRÜNE,63,,,,
lsa:GEMEINDE:15084135,Zweitstimmen,F7,FREIE WÄHLER,22,,,,
lsa:GEMEINDE:15084135,Zweitstimmen,F8,dieBasis,4,,,,
lsa:GEMEINDE:15084135,Zweitstimmen,F9,Tierschutzpartei,23,,,,
lsa:GEMEINDE:15084150,Erststimmen,D1,CDU,230,,,,
lsa:GEMEINDE:15084150,Erststimmen,D2,AfD,357,,,,
lsa:GEMEINDE:15084150,Erststimmen,D21,Anderer Kreiswahlvorschlag,11,,,,
lsa:GEMEINDE:15084150,Erststimmen,D3,Die Linke,56,,,,
lsa:GEMEINDE:15084150,Erststimmen,D4,SPD,36,,,,
lsa:GEMEINDE:15084150,Erststimmen,D5,FDP,32,,,,
lsa:GEMEINDE:15084150,Erststimmen,D6,GRÜNE,14,,,,
lsa:GEMEINDE:15084150,Erststimmen,D9,Tierschutzpartei,23,,,,
lsa:GEMEINDE:15084150,Zweitstimmen,F1,CDU,176,,,,
lsa:GEMEINDE:15084150,Zweitstimmen,F10,Gartenpartei,2,,,,
lsa:GEMEINDE:15084150,Zweitstimmen,F11,Die PARTEI,0,,,,
lsa:GEMEINDE:15084150,Zweitstimmen,F12,TIERSCHUTZALLIANZ,2,,,,
lsa:GEMEINDE:15084150,Zweitstimmen,F15,BSW,45,,,,
lsa:GEMEINDE:15084150,Zweitstimmen,F19,PdF,4,,,,
lsa:GEMEINDE:15084150,Zweitstimmen,F2,AfD,342,,,,
lsa:GEMEINDE:15084150,Zweitstimmen,F20,Volt,3,,,,
lsa:GEMEINDE:15084150,Zweitstimmen,F3,Die Linke,47,,,,
lsa:GEMEINDE:15084150,Zweitstimmen,F4,SPD,65,,,,
lsa:GEMEINDE:15084150,Zweitstimmen,F5,FDP,22,,,,
lsa:GEMEINDE:15084150,Zweitstimmen,F6,GRÜNE,31,,,,
lsa:GEMEINDE:15084150,Zweitstimmen,F7,FREIE WÄHLER,9,,,,
lsa:GEMEINDE:15084150,Zweitstimmen,F8,dieBasis,2,,,,
lsa:GEMEINDE:15084150,Zweitstimmen,F9,Tierschutzpartei,9,,,,
lsa:GEMEINDE:15084170,Erststimmen,D1,CDU,131,,,,
lsa:GEMEINDE:15084170,Erststimmen,D2,AfD,321,,,,
lsa:GEMEINDE:15084170,Erststimmen,D21,Anderer Kreiswahlvorschlag,3,,,,
lsa:GEMEINDE:15084170,Erststimmen,D3,Die Linke,31,,,,
lsa:GEMEINDE:15084170,Erststimmen,D4,SPD,20,,,,
lsa:GEMEINDE:15084170,Erststimmen,D5,FDP,7,,,,
lsa:GEMEINDE:15084170,Erststimmen,D6,GRÜNE,11,,,,
lsa:GEMEINDE:15084170,Erststimmen,D9,Tierschutzpartei,18,,,,
lsa:GEMEINDE:15084170,Zweitstimmen,F1,CDU,94,,,,
lsa:GEMEINDE:15084170,Zweitstimmen,F10,Gartenpartei,4,,,,
lsa:GEMEINDE:15084170,Zweitstimmen,F11,Die PARTEI,0,,,,
lsa:GEMEINDE:15084170,Zweitstimmen,F12,TIERSCHUTZALLIANZ,3,,,,
lsa:GEMEINDE:15084170,Zweitstimmen,F15,BSW,27,,,,
lsa:GEMEINDE:15084170,Zweitstimmen,F19,PdF,0,,,,
lsa:GEMEINDE:15084170,Zweitstimmen,F2,AfD,311,,,,
lsa:GEMEINDE:15084170,Zweitstimmen,F20,Volt,2,,,,
lsa:GEMEINDE:15084170,Zweitstimmen,F3,Die Linke,29,,,,
lsa:GEMEINDE:15084170,Zweitstimmen,F4,SPD,35,,,,
lsa:GEMEINDE:15084170,Zweitstimmen,F5,FDP,6,,,,
lsa:GEMEINDE:15084170,Zweitstimmen,F6,GRÜNE,22,,,,
lsa:GEMEINDE:15084170,Zweitstimmen,F7,FREIE WÄHLER,5,,,,
lsa:GEMEINDE:15084170,Zweitstimmen,F8,dieBasis,1,,,,
lsa:GEMEINDE:15084170,Zweitstimmen,F9,Tierschutzpartei,3,,,,
lsa:GEMEINDE:15084207,Erststimmen,D1,CDU,100,,,,
lsa:GEMEINDE:15084207,Erststimmen,D15,BSW,9,,,,
lsa:GEMEINDE:15084207,Erststimmen,D2,AfD,284,,,,
lsa:GEMEINDE:15084207,Erststimmen,D20,Volt,16,,,,
lsa:GEMEINDE:15084207,Erststimmen,D3,Die Linke,18,,,,
lsa:GEMEINDE:15084207,Erststimmen,D4,SPD,33,,,,
lsa:GEMEINDE:15084207,Erststimmen,D5,FDP,15,,,,
lsa:GEMEINDE:15084207,Erststimmen,D6,GRÜNE,6,,,,
lsa:GEMEINDE:15084207,Erststimmen,D7,FREIE WÄHLER,14,,,,
lsa:GEMEINDE:15084207,Zweitstimmen,F1,CDU,93,,,,
lsa:GEMEINDE:15084207,Zweitstimmen,F10,Gartenpartei,4,,,,
lsa:GEMEINDE:15084207,Zweitstimmen,F11,Die PARTEI,1,,,,
lsa:GEMEINDE:15084207,Zweitstimmen,F12,TIERSCHUTZALLIANZ,1,,,,
lsa:GEMEINDE:15084207,Zweitstimmen,F15,BSW,11,,,,
lsa:GEMEINDE:15084207,Zweitstimmen,F19,PdF,3,,,,
lsa:GEMEINDE:15084207,Zweitstimmen,F2,AfD,293,,,,
lsa:GEMEINDE:15084207,Zweitstimmen,F20,Volt,10,,,,
lsa:GEMEINDE:15084207,Zweitstimmen,F3,Die Linke,15,,,,
lsa:GEMEINDE:15084207,Zweitstimmen,F4,SPD,32,,,,
lsa:GEMEINDE:15084207,Zweitstimmen,F5,FDP,8,,,,
lsa:GEMEINDE:15084207,Zweitstimmen,F6,GRÜNE,15,,,,
lsa:GEMEINDE:15084207,Zweitstimmen,F7,FREIE WÄHLER,6,,,,
lsa:GEMEINDE:15084207,Zweitstimmen,F8,dieBasis,0,,,,
lsa:GEMEINDE:15084207,Zweitstimmen,F9,Tierschutzpartei,3,,,,
lsa:GEMEINDE:15084235,Erststimmen,D1,CDU,746,,,,
lsa:GEMEINDE:15084235,Erststimmen,D15,BSW,140,,,,
lsa:GEMEINDE:15084235,Erststimmen,D2,AfD,2187,,,,
lsa:GEMEINDE:15084235,Erststimmen,D20,Volt,20,,,,
lsa:GEMEINDE:15084235,Erststimmen,D3,Die Linke,326,,,,
lsa:GEMEINDE:15084235,Erststimmen,D4,SPD,204,,,,
lsa:GEMEINDE:15084235,Erststimmen,D5,FDP,79,,,,
lsa:GEMEINDE:15084235,Erststimmen,D6,GRÜNE,87,,,,
lsa:GEMEINDE:15084235,Erststimmen,D7,FREIE WÄHLER,103,,,,
lsa:GEMEINDE:15084235,Zweitstimmen,F1,CDU,582,,,,
lsa:GEMEINDE:15084235,Zweitstimmen,F10,Gartenpartei,19,,,,
lsa:GEMEINDE:15084235,Zweitstimmen,F11,Die PARTEI,6,,,,
lsa:GEMEINDE:15084235,Zweitstimmen,F12,TIERSCHUTZALLIANZ,18,,,,
lsa:GEMEINDE:15084235,Zweitstimmen,F15,BSW,181,,,,
lsa:GEMEINDE:15084235,Zweitstimmen,F19,PdF,5,,,,
lsa:GEMEINDE:15084235,Zweitstimmen,F2,AfD,2194,,,,
lsa:GEMEINDE:15084235,Zweitstimmen,F20,Volt,15,,,,
lsa:GEMEINDE:15084235,Zweitstimmen,F3,Die Linke,296,,,,
lsa:GEMEINDE:15084235,Zweitstimmen,F4,SPD,253,,,,
lsa:GEMEINDE:15084235,Zweitstimmen,F5,FDP,74,,,,
lsa:GEMEINDE:15084235,Zweitstimmen,F6,GRÜNE,163,,,,
lsa:GEMEINDE:15084235,Zweitstimmen,F7,FREIE WÄHLER,40,,,,
lsa:GEMEINDE:15084235,Zweitstimmen,F8,dieBasis,9,,,,
lsa:GEMEINDE:15084235,Zweitstimmen,F9,Tierschutzpartei,43,,,,
lsa:GEMEINDE:15084246,Erststimmen,D1,CDU,166,,,,
lsa:GEMEINDE:15084246,Erststimmen,D19,PdF,23,,,,
lsa:GEMEINDE:15084246,Erststimmen,D2,AfD,546,,,,
lsa:GEMEINDE:15084246,Erststimmen,D3,Die Linke,86,,,,
lsa:GEMEINDE:15084246,Erststimmen,D4,SPD,87,,,,
lsa:GEMEINDE:15084246,Erststimmen,D5,FDP,27,,,,
lsa:GEMEINDE:15084246,Erststimmen,D6,GRÜNE,21,,,,
lsa:GEMEINDE:15084246,Zweitstimmen,F1,CDU,158,,,,
lsa:GEMEINDE:15084246,Zweitstimmen,F10,Gartenpartei,6,,,,
lsa:GEMEINDE:15084246,Zweitstimmen,F11,Die PARTEI,6,,,,
lsa:GEMEINDE:15084246,Zweitstimmen,F12,TIERSCHUTZALLIANZ,5,,,,
lsa:GEMEINDE:15084246,Zweitstimmen,F15,BSW,43,,,,
lsa:GEMEINDE:15084246,Zweitstimmen,F19,PdF,3,,,,
lsa:GEMEINDE:15084246,Zweitstimmen,F2,AfD,540,,,,
lsa:GEMEINDE:15084246,Zweitstimmen,F20,Volt,0,,,,
lsa:GEMEINDE:15084246,Zweitstimmen,F3,Die Linke,71,,,,
lsa:GEMEINDE:15084246,Zweitstimmen,F4,SPD,61,,,,
lsa:GEMEINDE:15084246,Zweitstimmen,F5,FDP,19,,,,
lsa:GEMEINDE:15084246,Zweitstimmen,F6,GRÜNE,28,,,,
lsa:GEMEINDE:15084246,Zweitstimmen,F7,FREIE WÄHLER,15,,,,
lsa:GEMEINDE:15084246,Zweitstimmen,F8,dieBasis,0,,,,
lsa:GEMEINDE:15084246,Zweitstimmen,F9,Tierschutzpartei,7,,,,
lsa:GEMEINDE:15084250,Erststimmen,D1,CDU,163,,,,
lsa:GEMEINDE:15084250,Erststimmen,D2,AfD,366,,,,
lsa:GEMEINDE:15084250,Erststimmen,D21,Anderer Kreiswahlvorschlag,4,,,,
lsa:GEMEINDE:15084250,Erststimmen,D3,Die Linke,77,,,,
lsa:GEMEINDE:15084250,Erststimmen,D4,SPD,30,,,,
lsa:GEMEINDE:15084250,Erststimmen,D5,FDP,16,,,,
lsa:GEMEINDE:15084250,Erststimmen,D6,GRÜNE,15,,,,
lsa:GEMEINDE:15084250,Erststimmen,D9,Tierschutzpartei,22,,,,
lsa:GEMEINDE:15084250,Zweitstimmen,F1,CDU,131,,,,
lsa:GEMEINDE:15084250,Zweitstimmen,F10,Gartenpartei,5,,,,
lsa:GEMEINDE:15084250,Zweitstimmen,F11,Die PARTEI,0,,,,
lsa:GEMEINDE:15084250,Zweitstimmen,F12,TIERSCHUTZALLIANZ,2,,,,
lsa:GEMEINDE:15084250,Zweitstimmen,F15,BSW,35,,,,
lsa:GEMEINDE:15084250,Zweitstimmen,F19,PdF,2,,,,
lsa:GEMEINDE:15084250,Zweitstimmen,F2,AfD,342,,,,
lsa:GEMEINDE:15084250,Zweitstimmen,F20,Volt,3,,,,
lsa:GEMEINDE:15084250,Zweitstimmen,F3,Die Linke,61,,,,
lsa:GEMEINDE:15084250,Zweitstimmen,F4,SPD,49,,,,
lsa:GEMEINDE:15084250,Zweitstimmen,F5,FDP,10,,,,
lsa:GEMEINDE:15084250,Zweitstimmen,F6,GRÜNE,27,,,,
lsa:GEMEINDE:15084250,Zweitstimmen,F7,FREIE WÄHLER,9,,,,
lsa:GEMEINDE:15084250,Zweitstimmen,F8,dieBasis,1,,,,
lsa:GEMEINDE:15084250,Zweitstimmen,F9,Tierschutzpartei,19,,,,
lsa:GEMEINDE:15084275,Erststimmen,D1,CDU,26,,,,
lsa:GEMEINDE:15084275,Erststimmen,D15,BSW,6,,,,
lsa:GEMEINDE:15084275,Erststimmen,D2,AfD,75,,,,
lsa:GEMEINDE:15084275,Erststimmen,D20,Volt,3,,,,
lsa:GEMEINDE:15084275,Erststimmen,D3,Die Linke,12,,,,
lsa:GEMEINDE:15084275,Erststimmen,D4,SPD,10,,,,
lsa:GEMEINDE:15084275,Erststimmen,D5,FDP,1,,,,
lsa:GEMEINDE:15084275,Erststimmen,D6,GRÜNE,1,,,,
lsa:GEMEINDE:15084275,Erststimmen,D7,FREIE WÄHLER,2,,,,
lsa:GEMEINDE:15084275,Zweitstimmen,F1,CDU,22,,,,
lsa:GEMEINDE:15084275,Zweitstimmen,F10,Gartenpartei,1,,,,
lsa:GEMEINDE:15084275,Zweitstimmen,F11,Die PARTEI,1,,,,
lsa:GEMEINDE:15084275,Zweitstimmen,F12,TIERSCHUTZALLIANZ,2,,,,
lsa:GEMEINDE:15084275,Zweitstimmen,F15,BSW,5,,,,
lsa:GEMEINDE:15084275,Zweitstimmen,F19,PdF,1,,,,
lsa:GEMEINDE:15084275,Zweitstimmen,F2,AfD,76,,,,
lsa:GEMEINDE:15084275,Zweitstimmen,F20,Volt,0,,,,
lsa:GEMEINDE:15084275,Zweitstimmen,F3,Die Linke,7,,,,
lsa:GEMEINDE:15084275,Zweitstimmen,F4,SPD,13,,,,
lsa:GEMEINDE:15084275,Zweitstimmen,F5,FDP,0,,,,
lsa:GEMEINDE:15084275,Zweitstimmen,F6,GRÜNE,6,,,,
lsa:GEMEINDE:15084275,Zweitstimmen,F7,FREIE WÄHLER,2,,,,
lsa:GEMEINDE:15084275,Zweitstimmen,F8,dieBasis,0,,,,
lsa:GEMEINDE:15084275,Zweitstimmen,F9,Tierschutzpartei,0,,,,
lsa:GEMEINDE:15084282,Erststimmen,D1,CDU,148,,,,
lsa:GEMEINDE:15084282,Erststimmen,D19,PdF,7,,,,
lsa:GEMEINDE:15084282,Erststimmen,D2,AfD,339,,,,
lsa:GEMEINDE:15084282,Erststimmen,D3,Die Linke,71,,,,
lsa:GEMEINDE:15084282,Erststimmen,D4,SPD,45,,,,
lsa:GEMEINDE:15084282,Erststimmen,D5,FDP,35,,,,
lsa:GEMEINDE:15084282,Erststimmen,D6,GRÜNE,21,,,,
lsa:GEMEINDE:15084282,Zweitstimmen,F1,CDU,134,,,,
lsa:GEMEINDE:15084282,Zweitstimmen,F10,Gartenpartei,4,,,,
lsa:GEMEINDE:15084282,Zweitstimmen,F11,Die PARTEI,3,,,,
lsa:GEMEINDE:15084282,Zweitstimmen,F12,TIERSCHUTZALLIANZ,3,,,,
lsa:GEMEINDE:15084282,Zweitstimmen,F15,BSW,39,,,,
lsa:GEMEINDE:15084282,Zweitstimmen,F19,PdF,4,,,,
lsa:GEMEINDE:15084282,Zweitstimmen,F2,AfD,328,,,,
lsa:GEMEINDE:15084282,Zweitstimmen,F20,Volt,1,,,,
lsa:GEMEINDE:15084282,Zweitstimmen,F3,Die Linke,39,,,,
lsa:GEMEINDE:15084282,Zweitstimmen,F4,SPD,46,,,,
lsa:GEMEINDE:15084282,Zweitstimmen,F5,FDP,25,,,,
lsa:GEMEINDE:15084282,Zweitstimmen,F6,GRÜNE,29,,,,
lsa:GEMEINDE:15084282,Zweitstimmen,F7,FREIE WÄHLER,9,,,,
lsa:GEMEINDE:15084282,Zweitstimmen,F8,dieBasis,1,,,,
lsa:GEMEINDE:15084282,Zweitstimmen,F9,Tierschutzpartei,7,,,,
lsa:GEMEINDE:15084285,Erststimmen,D1,CDU,292,,,,
lsa:GEMEINDE:15084285,Erststimmen,D2,AfD,760,,,,
lsa:GEMEINDE:15084285,Erststimmen,D21,Anderer Kreiswahlvorschlag,12,,,,
lsa:GEMEINDE:15084285,Erststimmen,D3,Die Linke,87,,,,
lsa:GEMEINDE:15084285,Erststimmen,D4,SPD,52,,,,
lsa:GEMEINDE:15084285,Erststimmen,D5,FDP,32,,,,
lsa:GEMEINDE:15084285,Erststimmen,D6,GRÜNE,28,,,,
lsa:GEMEINDE:15084285,Erststimmen,D9,Tierschutzpartei,38,,,,
lsa:GEMEINDE:15084285,Zweitstimmen,F1,CDU,215,,,,
lsa:GEMEINDE:15084285,Zweitstimmen,F10,Gartenpartei,9,,,,
lsa:GEMEINDE:15084285,Zweitstimmen,F11,Die PARTEI,2,,,,
lsa:GEMEINDE:15084285,Zweitstimmen,F12,TIERSCHUTZALLIANZ,5,,,,
lsa:GEMEINDE:15084285,Zweitstimmen,F15,BSW,62,,,,
lsa:GEMEINDE:15084285,Zweitstimmen,F19,PdF,0,,,,
lsa:GEMEINDE:15084285,Zweitstimmen,F2,AfD,742,,,,
lsa:GEMEINDE:15084285,Zweitstimmen,F20,Volt,0,,,,
lsa:GEMEINDE:15084285,Zweitstimmen,F3,Die Linke,75,,,,
lsa:GEMEINDE:15084285,Zweitstimmen,F4,SPD,57,,,,
lsa:GEMEINDE:15084285,Zweitstimmen,F5,FDP,38,,,,
lsa:GEMEINDE:15084285,Zweitstimmen,F6,GRÜNE,53,,,,
lsa:GEMEINDE:15084285,Zweitstimmen,F7,FREIE WÄHLER,18,,,,
lsa:GEMEINDE:15084285,Zweitstimmen,F8,dieBasis,5,,,,
lsa:GEMEINDE:15084285,Zweitstimmen,F9,Tierschutzpartei,20,,,,
lsa:GEMEINDE:15084315,Erststimmen,D1,CDU,836,,,,
lsa:GEMEINDE:15084315,Erststimmen,D2,AfD,2199,,,,
lsa:GEMEINDE:15084315,Erststimmen,D3,Die Linke,321,,,,
lsa:GEMEINDE:15084315,Erststimmen,D4,SPD,419,,,,
lsa:GEMEINDE:15084315,Erststimmen,D5,FDP,124,,,,
lsa:GEMEINDE:15084315,Erststimmen,D6,GRÜNE,85,,,,
lsa:GEMEINDE:15084315,Zweitstimmen,F1,CDU,623,,,,
lsa:GEMEINDE:15084315,Zweitstimmen,F10,Gartenpartei,19,,,,
lsa:GEMEINDE:15084315,Zweitstimmen,F11,Die PARTEI,18,,,,
lsa:GEMEINDE:15084315,Zweitstimmen,F12,TIERSCHUTZALLIANZ,13,,,,
lsa:GEMEINDE:15084315,Zweitstimmen,F15,BSW,185,,,,
lsa:GEMEINDE:15084315,Zweitstimmen,F19,PdF,7,,,,
lsa:GEMEINDE:15084315,Zweitstimmen,F2,AfD,2220,,,,
lsa:GEMEINDE:15084315,Zweitstimmen,F20,Volt,11,,,,
lsa:GEMEINDE:15084315,Zweitstimmen,F3,Die Linke,246,,,,
lsa:GEMEINDE:15084315,Zweitstimmen,F4,SPD,277,,,,
lsa:GEMEINDE:15084315,Zweitstimmen,F5,FDP,92,,,,
lsa:GEMEINDE:15084315,Zweitstimmen,F6,GRÜNE,220,,,,
lsa:GEMEINDE:15084315,Zweitstimmen,F7,FREIE WÄHLER,30,,,,
lsa:GEMEINDE:15084315,Zweitstimmen,F8,dieBasis,1,,,,
lsa:GEMEINDE:15084315,Zweitstimmen,F9,Tierschutzpartei,32,,,,
lsa:GEMEINDE:15084335,Erststimmen,D1,CDU,187,,,,
lsa:GEMEINDE:15084335,Erststimmen,D2,AfD,277,,,,
lsa:GEMEINDE:15084335,Erststimmen,D21,Anderer Kreiswahlvorschlag,11,,,,
lsa:GEMEINDE:15084335,Erststimmen,D3,Die Linke,37,,,,
lsa:GEMEINDE:15084335,Erststimmen,D4,SPD,27,,,,
lsa:GEMEINDE:15084335,Erststimmen,D5,FDP,19,,,,
lsa:GEMEINDE:15084335,Erststimmen,D6,GRÜNE,19,,,,
lsa:GEMEINDE:15084335,Erststimmen,D9,Tierschutzpartei,17,,,,
lsa:GEMEINDE:15084335,Zweitstimmen,F1,CDU,120,,,,
lsa:GEMEINDE:15084335,Zweitstimmen,F10,Gartenpartei,3,,,,
lsa:GEMEINDE:15084335,Zweitstimmen,F11,Die PARTEI,0,,,,
lsa:GEMEINDE:15084335,Zweitstimmen,F12,TIERSCHUTZALLIANZ,1,,,,
lsa:GEMEINDE:15084335,Zweitstimmen,F15,BSW,38,,,,
lsa:GEMEINDE:15084335,Zweitstimmen,F19,PdF,0,,,,
lsa:GEMEINDE:15084335,Zweitstimmen,F2,AfD,262,,,,
lsa:GEMEINDE:15084335,Zweitstimmen,F20,Volt,4,,,,
lsa:GEMEINDE:15084335,Zweitstimmen,F3,Die Linke,46,,,,
lsa:GEMEINDE:15084335,Zweitstimmen,F4,SPD,49,,,,
lsa:GEMEINDE:15084335,Zweitstimmen,F5,FDP,12,,,,
lsa:GEMEINDE:15084335,Zweitstimmen,F6,GRÜNE,41,,,,
lsa:GEMEINDE:15084335,Zweitstimmen,F7,FREIE WÄHLER,8,,,,
lsa:GEMEINDE:15084335,Zweitstimmen,F8,dieBasis,0,,,,
lsa:GEMEINDE:15084335,Zweitstimmen,F9,Tierschutzpartei,12,,,,
lsa:GEMEINDE:15084341,Erststimmen,D1,CDU,100,,,,
lsa:GEMEINDE:15084341,Erststimmen,D2,AfD,287,,,,
lsa:GEMEINDE:15084341,Erststimmen,D21,Anderer Kreiswahlvorschlag,1,,,,
lsa:GEMEINDE:15084341,Erststimmen,D3,Die Linke,29,,,,
lsa:GEMEINDE:15084341,Erststimmen,D4,SPD,18,,,,
lsa:GEMEINDE:15084341,Erststimmen,D5,FDP,15,,,,
lsa:GEMEINDE:15084341,Erststimmen,D6,GRÜNE,9,,,,
lsa:GEMEINDE:15084341,Erststimmen,D9,Tierschutzpartei,18,,,,
lsa:GEMEINDE:15084341,Zweitstimmen,F1,CDU,65,,,,
lsa:GEMEINDE:15084341,Zweitstimmen,F10,Gartenpartei,3,,,,
lsa:GEMEINDE:15084341,Zweitstimmen,F11,Die PARTEI,0,,,,
lsa:GEMEINDE:15084341,Zweitstimmen,F12,TIERSCHUTZALLIANZ,2,,,,
lsa:GEMEINDE:15084341,Zweitstimmen,F15,BSW,18,,,,
lsa:GEMEINDE:15084341,Zweitstimmen,F19,PdF,2,,,,
lsa:GEMEINDE:15084341,Zweitstimmen,F2,AfD,286,,,,
lsa:GEMEINDE:15084341,Zweitstimmen,F20,Volt,3,,,,
lsa:GEMEINDE:15084341,Zweitstimmen,F3,Die Linke,16,,,,
lsa:GEMEINDE:15084341,Zweitstimmen,F4,SPD,22,,,,
lsa:GEMEINDE:15084341,Zweitstimmen,F5,FDP,12,,,,
lsa:GEMEINDE:15084341,Zweitstimmen,F6,GRÜNE,26,,,,
lsa:GEMEINDE:15084341,Zweitstimmen,F7,FREIE WÄHLER,7,,,,
lsa:GEMEINDE:15084341,Zweitstimmen,F8,dieBasis,2,,,,
lsa:GEMEINDE:15084341,Zweitstimmen,F9,Tierschutzpartei,10,,,,
lsa:GEMEINDE:15084355,Erststimmen,D1,CDU,2711,,,,
lsa:GEMEINDE:15084355,Erststimmen,D2,AfD,3273,,,,
lsa:GEMEINDE:15084355,Erststimmen,D21,Anderer Kreiswahlvorschlag,74,,,,
lsa:GEMEINDE:15084355,Erststimmen,D3,Die Linke,718,,,,
lsa:GEMEINDE:15084355,Erststimmen,D4,SPD,346,,,,
lsa:GEMEINDE:15084355,Erststimmen,D5,FDP,195,,,,
lsa:GEMEINDE:15084355,Erststimmen,D6,GRÜNE,297,,,,
lsa:GEMEINDE:15084355,Erststimmen,D9,Tierschutzpartei,260,,,,
lsa:GEMEINDE:15084355,Zweitstimmen,F1,CDU,1639,,,,
lsa:GEMEINDE:15084355,Zweitstimmen,F10,Gartenpartei,33,,,,
lsa:GEMEINDE:15084355,Zweitstimmen,F11,Die PARTEI,20,,,,
lsa:GEMEINDE:15084355,Zweitstimmen,F12,TIERSCHUTZALLIANZ,45,,,,
lsa:GEMEINDE:15084355,Zweitstimmen,F15,BSW,363,,,,
lsa:GEMEINDE:15084355,Zweitstimmen,F19,PdF,25,,,,
lsa:GEMEINDE:15084355,Zweitstimmen,F2,AfD,3271,,,,
lsa:GEMEINDE:15084355,Zweitstimmen,F20,Volt,22,,,,
lsa:GEMEINDE:15084355,Zweitstimmen,F3,Die Linke,669,,,,
lsa:GEMEINDE:15084355,Zweitstimmen,F4,SPD,696,,,,
lsa:GEMEINDE:15084355,Zweitstimmen,F5,FDP,206,,,,
lsa:GEMEINDE:15084355,Zweitstimmen,F6,GRÜNE,636,,,,
lsa:GEMEINDE:15084355,Zweitstimmen,F7,FREIE WÄHLER,78,,,,
lsa:GEMEINDE:15084355,Zweitstimmen,F8,dieBasis,34,,,,
lsa:GEMEINDE:15084355,Zweitstimmen,F9,Tierschutzpartei,151,,,,
lsa:GEMEINDE:15084360,Erststimmen,D1,CDU,70,,,,
lsa:GEMEINDE:15084360,Erststimmen,D2,AfD,307,,,,
lsa:GEMEINDE:15084360,Erststimmen,D21,Anderer Kreiswahlvorschlag,6,,,,
lsa:GEMEINDE:15084360,Erststimmen,D3,Die Linke,38,,,,
lsa:GEMEINDE:15084360,Erststimmen,D4,SPD,11,,,,
lsa:GEMEINDE:15084360,Erststimmen,D5,FDP,12,,,,
lsa:GEMEINDE:15084360,Erststimmen,D6,GRÜNE,9,,,,
lsa:GEMEINDE:15084360,Erststimmen,D9,Tierschutzpartei,16,,,,
lsa:GEMEINDE:15084360,Zweitstimmen,F1,CDU,51,,,,
lsa:GEMEINDE:15084360,Zweitstimmen,F10,Gartenpartei,2,,,,
lsa:GEMEINDE:15084360,Zweitstimmen,F11,Die PARTEI,1,,,,
lsa:GEMEINDE:15084360,Zweitstimmen,F12,TIERSCHUTZALLIANZ,0,,,,
lsa:GEMEINDE:15084360,Zweitstimmen,F15,BSW,16,,,,
lsa:GEMEINDE:15084360,Zweitstimmen,F19,PdF,0,,,,
lsa:GEMEINDE:15084360,Zweitstimmen,F2,AfD,306,,,,
lsa:GEMEINDE:15084360,Zweitstimmen,F20,Volt,2,,,,
lsa:GEMEINDE:15084360,Zweitstimmen,F3,Die Linke,36,,,,
lsa:GEMEINDE:15084360,Zweitstimmen,F4,SPD,13,,,,
lsa:GEMEINDE:15084360,Zweitstimmen,F5,FDP,10,,,,
lsa:GEMEINDE:15084360,Zweitstimmen,F6,GRÜNE,15,,,,
lsa:GEMEINDE:15084360,Zweitstimmen,F7,FREIE WÄHLER,6,,,,
lsa:GEMEINDE:15084360,Zweitstimmen,F8,dieBasis,0,,,,
lsa:GEMEINDE:15084360,Zweitstimmen,F9,Tierschutzpartei,10,,,,
lsa:GEMEINDE:15084375,Erststimmen,D1,CDU,0,,,,
lsa:GEMEINDE:15084375,Erststimmen,D2,AfD,0,,,,
lsa:GEMEINDE:15084375,Erststimmen,D21,Anderer Kreiswahlvorschlag,0,,,,
lsa:GEMEINDE:15084375,Erststimmen,D3,Die Linke,0,,,,
lsa:GEMEINDE:15084375,Erststimmen,D4,SPD,0,,,,
lsa:GEMEINDE:15084375,Erststimmen,D5,FDP,0,,,,
lsa:GEMEINDE:15084375,Erststimmen,D6,GRÜNE,0,,,,
lsa:GEMEINDE:15084375,Erststimmen,D9,Tierschutzpartei,0,,,,
lsa:GEMEINDE:15084375,Zweitstimmen,F1,CDU,0,,,,
lsa:GEMEINDE:15084375,Zweitstimmen,F10,Gartenpartei,0,,,,
lsa:GEMEINDE:15084375,Zweitstimmen,F11,Die PARTEI,0,,,,
lsa:GEMEINDE:15084375,Zweitstimmen,F12,TIERSCHUTZALLIANZ,0,,,,
lsa:GEMEINDE:15084375,Zweitstimmen,F15,BSW,0,,,,
lsa:GEMEINDE:15084375,Zweitstimmen,F19,PdF,0,,,,
lsa:GEMEINDE:15084375,Zweitstimmen,F2,AfD,0,,,,
lsa:GEMEINDE:15084375,Zweitstimmen,F20,Volt,0,,,,
lsa:GEMEINDE:15084375,Zweitstimmen,F3,Die Linke,0,,,,
lsa:GEMEINDE:15084375,Zweitstimmen,F4,SPD,0,,,,
lsa:GEMEINDE:15084375,Zweitstimmen,F5,FDP,0,,,,
lsa:GEMEINDE:15084375,Zweitstimmen,F6,GRÜNE,0,,,,
lsa:GEMEINDE:15084375,Zweitstimmen,F7,FREIE WÄHLER,0,,,,
lsa:GEMEINDE:15084375,Zweitstimmen,F8,dieBasis,0,,,,
lsa:GEMEINDE:15084375,Zweitstimmen,F9,Tierschutzpartei,0,,,,
lsa:GEMEINDE:15084442,Erststimmen,D1,CDU,83,,,,
lsa:GEMEINDE:15084442,Erststimmen,D15,BSW,10,,,,
lsa:GEMEINDE:15084442,Erststimmen,D2,AfD,348,,,,
lsa:GEMEINDE:15084442,Erststimmen,D20,Volt,8,,,,
lsa:GEMEINDE:15084442,Erststimmen,D3,Die Linke,28,,,,
lsa:GEMEINDE:15084442,Erststimmen,D4,SPD,20,,,,
lsa:GEMEINDE:15084442,Erststimmen,D5,FDP,14,,,,
lsa:GEMEINDE:15084442,Erststimmen,D6,GRÜNE,4,,,,
lsa:GEMEINDE:15084442,Erststimmen,D7,FREIE WÄHLER,12,,,,
lsa:GEMEINDE:15084442,Zweitstimmen,F1,CDU,77,,,,
lsa:GEMEINDE:15084442,Zweitstimmen,F10,Gartenpartei,6,,,,
lsa:GEMEINDE:15084442,Zweitstimmen,F11,Die PARTEI,2,,,,
lsa:GEMEINDE:15084442,Zweitstimmen,F12,TIERSCHUTZALLIANZ,4,,,,
lsa:GEMEINDE:15084442,Zweitstimmen,F15,BSW,12,,,,
lsa:GEMEINDE:15084442,Zweitstimmen,F19,PdF,0,,,,
lsa:GEMEINDE:15084442,Zweitstimmen,F2,AfD,342,,,,
lsa:GEMEINDE:15084442,Zweitstimmen,F20,Volt,3,,,,
lsa:GEMEINDE:15084442,Zweitstimmen,F3,Die Linke,21,,,,
lsa:GEMEINDE:15084442,Zweitstimmen,F4,SPD,27,,,,
lsa:GEMEINDE:15084442,Zweitstimmen,F5,FDP,10,,,,
lsa:GEMEINDE:15084442,Zweitstimmen,F6,GRÜNE,11,,,,
lsa:GEMEINDE:15084442,Zweitstimmen,F7,FREIE WÄHLER,8,,,,
lsa:GEMEINDE:15084442,Zweitstimmen,F8,dieBasis,3,,,,
lsa:GEMEINDE:15084442,Zweitstimmen,F9,Tierschutzpartei,3,,,,
lsa:GEMEINDE:15084445,Erststimmen,D1,CDU,62,,,,
lsa:GEMEINDE:15084445,Erststimmen,D2,AfD,61,,,,
lsa:GEMEINDE:15084445,Erststimmen,D21,Anderer Kreiswahlvorschlag,0,,,,
lsa:GEMEINDE:15084445,Erststimmen,D3,Die Linke,8,,,,
lsa:GEMEINDE:15084445,Erststimmen,D4,SPD,2,,,,
lsa:GEMEINDE:15084445,Erststimmen,D5,FDP,13,,,,
lsa:GEMEINDE:15084445,Erststimmen,D6,GRÜNE,10,,,,
lsa:GEMEINDE:15084445,Erststimmen,D9,Tierschutzpartei,7,,,,
lsa:GEMEINDE:15084445,Zweitstimmen,F1,CDU,31,,,,
lsa:GEMEINDE:15084445,Zweitstimmen,F10,Gartenpartei,3,,,,
lsa:GEMEINDE:15084445,Zweitstimmen,F11,Die PARTEI,1,,,,
lsa:GEMEINDE:15084445,Zweitstimmen,F12,TIERSCHUTZALLIANZ,0,,,,
lsa:GEMEINDE:15084445,Zweitstimmen,F15,BSW,10,,,,
lsa:GEMEINDE:15084445,Zweitstimmen,F19,PdF,0,,,,
lsa:GEMEINDE:15084445,Zweitstimmen,F2,AfD,66,,,,
lsa:GEMEINDE:15084445,Zweitstimmen,F20,Volt,0,,,,
lsa:GEMEINDE:15084445,Zweitstimmen,F3,Die Linke,9,,,,
lsa:GEMEINDE:15084445,Zweitstimmen,F4,SPD,9,,,,
lsa:GEMEINDE:15084445,Zweitstimmen,F5,FDP,13,,,,
lsa:GEMEINDE:15084445,Zweitstimmen,F6,GRÜNE,14,,,,
lsa:GEMEINDE:15084445,Zweitstimmen,F7,FREIE WÄHLER,7,,,,
lsa:GEMEINDE:15084445,Zweitstimmen,F8,dieBasis,0,,,,
lsa:GEMEINDE:15084445,Zweitstimmen,F9,Tierschutzpartei,1,,,,
lsa:GEMEINDE:15084470,Erststimmen,D1,CDU,92,,,,
lsa:GEMEINDE:15084470,Erststimmen,D2,AfD,250,,,,
lsa:GEMEINDE:15084470,Erststimmen,D21,Anderer Kreiswahlvorschlag,1,,,,
lsa:GEMEINDE:15084470,Erststimmen,D3,Die Linke,23,,,,
lsa:GEMEINDE:15084470,Erststimmen,D4,SPD,17,,,,
lsa:GEMEINDE:15084470,Erststimmen,D5,FDP,8,,,,
lsa:GEMEINDE:15084470,Erststimmen,D6,GRÜNE,7,,,,
lsa:GEMEINDE:15084470,Erststimmen,D9,Tierschutzpartei,9,,,,
lsa:GEMEINDE:15084470,Zweitstimmen,F1,CDU,52,,,,
lsa:GEMEINDE:15084470,Zweitstimmen,F10,Gartenpartei,1,,,,
lsa:GEMEINDE:15084470,Zweitstimmen,F11,Die PARTEI,0,,,,
lsa:GEMEINDE:15084470,Zweitstimmen,F12,TIERSCHUTZALLIANZ,2,,,,
lsa:GEMEINDE:15084470,Zweitstimmen,F15,BSW,28,,,,
lsa:GEMEINDE:15084470,Zweitstimmen,F19,PdF,0,,,,
lsa:GEMEINDE:15084470,Zweitstimmen,F2,AfD,239,,,,
lsa:GEMEINDE:15084470,Zweitstimmen,F20,Volt,0,,,,
lsa:GEMEINDE:15084470,Zweitstimmen,F3,Die Linke,20,,,,
lsa:GEMEINDE:15084470,Zweitstimmen,F4,SPD,29,,,,
lsa:GEMEINDE:15084470,Zweitstimmen,F5,FDP,10,,,,
lsa:GEMEINDE:15084470,Zweitstimmen,F6,GRÜNE,14,,,,
lsa:GEMEINDE:15084470,Zweitstimmen,F7,FREIE WÄHLER,2,,,,
lsa:GEMEINDE:15084470,Zweitstimmen,F8,dieBasis,3,,,,
lsa:GEMEINDE:15084470,Zweitstimmen,F9,Tierschutzpartei,7,,,,
lsa:GEMEINDE:15084490,Erststimmen,D1,CDU,783,,,,
lsa:GEMEINDE:15084490,Erststimmen,D2,AfD,2278,,,,
lsa:GEMEINDE:15084490,Erststimmen,D3,Die Linke,311,,,,
lsa:GEMEINDE:15084490,Erststimmen,D4,SPD,282,,,,
lsa:GEMEINDE:15084490,Erststimmen,D5,FDP,147,,,,
lsa:GEMEINDE:15084490,Erststimmen,D6,GRÜNE,70,,,,
lsa:GEMEINDE:15084490,Zweitstimmen,F1,CDU,556,,,,
lsa:GEMEINDE:15084490,Zweitstimmen,F10,Gartenpartei,15,,,,
lsa:GEMEINDE:15084490,Zweitstimmen,F11,Die PARTEI,10,,,,
lsa:GEMEINDE:15084490,Zweitstimmen,F12,TIERSCHUTZALLIANZ,25,,,,
lsa:GEMEINDE:15084490,Zweitstimmen,F15,BSW,203,,,,
lsa:GEMEINDE:15084490,Zweitstimmen,F19,PdF,6,,,,
lsa:GEMEINDE:15084490,Zweitstimmen,F2,AfD,2211,,,,
lsa:GEMEINDE:15084490,Zweitstimmen,F20,Volt,13,,,,
lsa:GEMEINDE:15084490,Zweitstimmen,F3,Die Linke,242,,,,
lsa:GEMEINDE:15084490,Zweitstimmen,F4,SPD,257,,,,
lsa:GEMEINDE:15084490,Zweitstimmen,F5,FDP,82,,,,
lsa:GEMEINDE:15084490,Zweitstimmen,F6,GRÜNE,153,,,,
lsa:GEMEINDE:15084490,Zweitstimmen,F7,FREIE WÄHLER,53,,,,
lsa:GEMEINDE:15084490,Zweitstimmen,F8,dieBasis,6,,,,
lsa:GEMEINDE:15084490,Zweitstimmen,F9,Tierschutzpartei,55,,,,
lsa:GEMEINDE:15084550,Erststimmen,D1,CDU,2377,,,,
lsa:GEMEINDE:15084550,Erststimmen,D2,AfD,6843,,,,
lsa:GEMEINDE:15084550,Erststimmen,D3,Die Linke,1112,,,,
lsa:GEMEINDE:15084550,Erststimmen,D4,SPD,702,,,,
lsa:GEMEINDE:15084550,Erststimmen,D5,FDP,468,,,,
lsa:GEMEINDE:15084550,Erststimmen,D6,GRÜNE,187,,,,
lsa:GEMEINDE:15084550,Zweitstimmen,F1,CDU,1727,,,,
lsa:GEMEINDE:15084550,Zweitstimmen,F10,Gartenpartei,42,,,,
lsa:GEMEINDE:15084550,Zweitstimmen,F11,Die PARTEI,25,,,,
lsa:GEMEINDE:15084550,Zweitstimmen,F12,TIERSCHUTZALLIANZ,56,,,,
lsa:GEMEINDE:15084550,Zweitstimmen,F15,BSW,464,,,,
lsa:GEMEINDE:15084550,Zweitstimmen,F19,PdF,17,,,,
lsa:GEMEINDE:15084550,Zweitstimmen,F2,AfD,6754,,,,
lsa:GEMEINDE:15084550,Zweitstimmen,F20,Volt,36,,,,
lsa:GEMEINDE:15084550,Zweitstimmen,F3,Die Linke,891,,,,
lsa:GEMEINDE:15084550,Zweitstimmen,F4,SPD,668,,,,
lsa:GEMEINDE:15084550,Zweitstimmen,F5,FDP,281,,,,
lsa:GEMEINDE:15084550,Zweitstimmen,F6,GRÜNE,519,,,,
lsa:GEMEINDE:15084550,Zweitstimmen,F7,FREIE WÄHLER,93,,,,
lsa:GEMEINDE:15084550,Zweitstimmen,F8,dieBasis,17,,,,
lsa:GEMEINDE:15084550,Zweitstimmen,F9,Tierschutzpartei,150,,,,
lsa:GEMEINDE:15084560,Erststimmen,D1,CDU,0,,,,
lsa:GEMEINDE:15084560,Erststimmen,D2,AfD,0,,,,
lsa:GEMEINDE:15084560,Erststimmen,D21,Anderer Kreiswahlvorschlag,0,,,,
lsa:GEMEINDE:15084560,Erststimmen,D3,Die Linke,0,,,,
lsa:GEMEINDE:15084560,Erststimmen,D4,SPD,0,,,,
lsa:GEMEINDE:15084560,Erststimmen,D5,FDP,0,,,,
lsa:GEMEINDE:15084560,Erststimmen,D6,GRÜNE,0,,,,
lsa:GEMEINDE:15084560,Erststimmen,D9,Tierschutzpartei,0,,,,
lsa:GEMEINDE:15084560,Zweitstimmen,F1,CDU,0,,,,
lsa:GEMEINDE:15084560,Zweitstimmen,F10,Gartenpartei,0,,,,
lsa:GEMEINDE:15084560,Zweitstimmen,F11,Die PARTEI,0,,,,
lsa:GEMEINDE:15084560,Zweitstimmen,F12,TIERSCHUTZALLIANZ,0,,,,
lsa:GEMEINDE:15084560,Zweitstimmen,F15,BSW,0,,,,
lsa:GEMEINDE:15084560,Zweitstimmen,F19,PdF,0,,,,
lsa:GEMEINDE:15084560,Zweitstimmen,F2,AfD,0,,,,
lsa:GEMEINDE:15084560,Zweitstimmen,F20,Volt,0,,,,
lsa:GEMEINDE:15084560,Zweitstimmen,F3,Die Linke,0,,,,
lsa:GEMEINDE:15084560,Zweitstimmen,F4,SPD,0,,,,
lsa:GEMEINDE:15084560,Zweitstimmen,F5,FDP,0,,,,
lsa:GEMEINDE:15084560,Zweitstimmen,F6,GRÜNE,0,,,,
lsa:GEMEINDE:15084560,Zweitstimmen,F7,FREIE WÄHLER,0,,,,
lsa:GEMEINDE:15084560,Zweitstimmen,F8,dieBasis,0,,,,
lsa:GEMEINDE:15084560,Zweitstimmen,F9,Tierschutzpartei,0,,,,
lsa:GEMEINDE:15084565,Erststimmen,D1,CDU,40,,,,
lsa:GEMEINDE:15084565,Erststimmen,D15,BSW,13,,,,
lsa:GEMEINDE:15084565,Erststimmen,D2,AfD,248,,,,
lsa:GEMEINDE:15084565,Erststimmen,D20,Volt,3,,,,
lsa:GEMEINDE:15084565,Erststimmen,D3,Die Linke,24,,,,
lsa:GEMEINDE:15084565,Erststimmen,D4,SPD,9,,,,
lsa:GEMEINDE:15084565,Erststimmen,D5,FDP,8,,,,
lsa:GEMEINDE:15084565,Erststimmen,D6,GRÜNE,7,,,,
lsa:GEMEINDE:15084565,Erststimmen,D7,FREIE WÄHLER,14,,,,
lsa:GEMEINDE:15084565,Zweitstimmen,F1,CDU,44,,,,
lsa:GEMEINDE:15084565,Zweitstimmen,F10,Gartenpartei,1,,,,
lsa:GEMEINDE:15084565,Zweitstimmen,F11,Die PARTEI,1,,,,
lsa:GEMEINDE:15084565,Zweitstimmen,F12,TIERSCHUTZALLIANZ,1,,,,
lsa:GEMEINDE:15084565,Zweitstimmen,F15,BSW,13,,,,
lsa:GEMEINDE:15084565,Zweitstimmen,F19,PdF,1,,,,
lsa:GEMEINDE:15084565,Zweitstimmen,F2,AfD,250,,,,
lsa:GEMEINDE:15084565,Zweitstimmen,F20,Volt,1,,,,
lsa:GEMEINDE:15084565,Zweitstimmen,F3,Die Linke,19,,,,
lsa:GEMEINDE:15084565,Zweitstimmen,F4,SPD,12,,,,
lsa:GEMEINDE:15084565,Zweitstimmen,F5,FDP,5,,,,
lsa:GEMEINDE:15084565,Zweitstimmen,F6,GRÜNE,8,,,,
lsa:GEMEINDE:15084565,Zweitstimmen,F7,FREIE WÄHLER,6,,,,
lsa:GEMEINDE:15084565,Zweitstimmen,F8,dieBasis,1,,,,
lsa:GEMEINDE:15084565,Zweitstimmen,F9,Tierschutzpartei,3,,,,
lsa:GEMEINDE:15084590,Erststimmen,D1,CDU,1442,,,,
lsa:GEMEINDE:15084590,Erststimmen,D15,BSW,260,,,,
lsa:GEMEINDE:15084590,Erststimmen,D2,AfD,4570,,,,
lsa:GEMEINDE:15084590,Erststimmen,D20,Volt,61,,,,
lsa:GEMEINDE:15084590,Erststimmen,D3,Die Linke,639,,,,
lsa:GEMEINDE:15084590,Erststimmen,D4,SPD,528,,,,
lsa:GEMEINDE:15084590,Erststimmen,D5,FDP,145,,,,
lsa:GEMEINDE:15084590,Erststimmen,D6,GRÜNE,143,,,,
lsa:GEMEINDE:15084590,Erststimmen,D7,FREIE WÄHLER,299,,,,
lsa:GEMEINDE:15084590,Zweitstimmen,F1,CDU,1245,,,,
lsa:GEMEINDE:15084590,Zweitstimmen,F10,Gartenpartei,38,,,,
lsa:GEMEINDE:15084590,Zweitstimmen,F11,Die PARTEI,16,,,,
lsa:GEMEINDE:15084590,Zweitstimmen,F12,TIERSCHUTZALLIANZ,35,,,,
lsa:GEMEINDE:15084590,Zweitstimmen,F15,BSW,333,,,,
lsa:GEMEINDE:15084590,Zweitstimmen,F19,PdF,10,,,,
lsa:GEMEINDE:15084590,Zweitstimmen,F2,AfD,4610,,,,
lsa:GEMEINDE:15084590,Zweitstimmen,F20,Volt,34,,,,
lsa:GEMEINDE:15084590,Zweitstimmen,F3,Die Linke,562,,,,
lsa:GEMEINDE:15084590,Zweitstimmen,F4,SPD,524,,,,
lsa:GEMEINDE:15084590,Zweitstimmen,F5,FDP,140,,,,
lsa:GEMEINDE:15084590,Zweitstimmen,F6,GRÜNE,316,,,,
lsa:GEMEINDE:15084590,Zweitstimmen,F7,FREIE WÄHLER,146,,,,
lsa:GEMEINDE:15084590,Zweitstimmen,F8,dieBasis,11,,,,
lsa:GEMEINDE:15084590,Zweitstimmen,F9,Tierschutzpartei,79,,,,
lsa:GEMEINDE:15085040,Erststimmen,D1,CDU,64,,,,
lsa:GEMEINDE:15085040,Erststimmen,D15,BSW,15,,,,
lsa:GEMEINDE:15085040,Erststimmen,D2,AfD,297,,,,
lsa:GEMEINDE:15085040,Erststimmen,D21,Anderer Kreiswahlvorschlag,3,,,,
lsa:GEMEINDE:15085040,Erststimmen,D3,Die Linke,21,,,,
lsa:GEMEINDE:15085040,Erststimmen,D4,SPD,21,,,,
lsa:GEMEINDE:15085040,Erststimmen,D5,FDP,8,,,,
lsa:GEMEINDE:15085040,Erststimmen,D6,GRÜNE,7,,,,
lsa:GEMEINDE:15085040,Erststimmen,D7,FREIE WÄHLER,15,,,,
lsa:GEMEINDE:15085040,Zweitstimmen,F1,CDU,50,,,,
lsa:GEMEINDE:15085040,Zweitstimmen,F10,Gartenpartei,0,,,,
lsa:GEMEINDE:15085040,Zweitstimmen,F11,Die PARTEI,2,,,,
lsa:GEMEINDE:15085040,Zweitstimmen,F12,TIERSCHUTZALLIANZ,2,,,,
lsa:GEMEINDE:15085040,Zweitstimmen,F15,BSW,14,,,,
lsa:GEMEINDE:15085040,Zweitstimmen,F19,PdF,1,,,,
lsa:GEMEINDE:15085040,Zweitstimmen,F2,AfD,293,,,,
lsa:GEMEINDE:15085040,Zweitstimmen,F20,Volt,0,,,,
lsa:GEMEINDE:15085040,Zweitstimmen,F3,Die Linke,22,,,,
lsa:GEMEINDE:15085040,Zweitstimmen,F4,SPD,26,,,,
lsa:GEMEINDE:15085040,Zweitstimmen,F5,FDP,5,,,,
lsa:GEMEINDE:15085040,Zweitstimmen,F6,GRÜNE,17,,,,
lsa:GEMEINDE:15085040,Zweitstimmen,F7,FREIE WÄHLER,13,,,,
lsa:GEMEINDE:15085040,Zweitstimmen,F8,dieBasis,0,,,,
lsa:GEMEINDE:15085040,Zweitstimmen,F9,Tierschutzpartei,2,,,,
lsa:GEMEINDE:15085055,Erststimmen,D1,CDU,1196,,,,
lsa:GEMEINDE:15085055,Erststimmen,D15,BSW,306,,,,
lsa:GEMEINDE:15085055,Erststimmen,D2,AfD,3456,,,,
lsa:GEMEINDE:15085055,Erststimmen,D3,Die Linke,564,,,,
lsa:GEMEINDE:15085055,Erststimmen,D4,SPD,539,,,,
lsa:GEMEINDE:15085055,Erststimmen,D5,FDP,135,,,,
lsa:GEMEINDE:15085055,Erststimmen,D6,GRÜNE,151,,,,
lsa:GEMEINDE:15085055,Erststimmen,D7,FREIE WÄHLER,210,,,,
lsa:GEMEINDE:15085055,Zweitstimmen,F1,CDU,963,,,,
lsa:GEMEINDE:15085055,Zweitstimmen,F10,Gartenpartei,26,,,,
lsa:GEMEINDE:15085055,Zweitstimmen,F11,Die PARTEI,34,,,,
lsa:GEMEINDE:15085055,Zweitstimmen,F12,TIERSCHUTZALLIANZ,32,,,,
lsa:GEMEINDE:15085055,Zweitstimmen,F15,BSW,365,,,,
lsa:GEMEINDE:15085055,Zweitstimmen,F19,PdF,6,,,,
lsa:GEMEINDE:15085055,Zweitstimmen,F2,AfD,3460,,,,
lsa:GEMEINDE:15085055,Zweitstimmen,F20,Volt,12,,,,
lsa:GEMEINDE:15085055,Zweitstimmen,F3,Die Linke,408,,,,
lsa:GEMEINDE:15085055,Zweitstimmen,F4,SPD,577,,,,
lsa:GEMEINDE:15085055,Zweitstimmen,F5,FDP,107,,,,
lsa:GEMEINDE:15085055,Zweitstimmen,F6,GRÜNE,367,,,,
lsa:GEMEINDE:15085055,Zweitstimmen,F7,FREIE WÄHLER,97,,,,
lsa:GEMEINDE:15085055,Zweitstimmen,F8,dieBasis,18,,,,
lsa:GEMEINDE:15085055,Zweitstimmen,F9,Tierschutzpartei,96,,,,
lsa:GEMEINDE:15085090,Erststimmen,D1,CDU,187,,,,
lsa:GEMEINDE:15085090,Erststimmen,D15,BSW,39,,,,
lsa:GEMEINDE:15085090,Erststimmen,D2,AfD,495,,,,
lsa:GEMEINDE:15085090,Erststimmen,D21,Anderer Kreiswahlvorschlag,9,,,,
lsa:GEMEINDE:15085090,Erststimmen,D3,Die Linke,76,,,,
lsa:GEMEINDE:15085090,Erststimmen,D4,SPD,58,,,,
lsa:GEMEINDE:15085090,Erststimmen,D5,FDP,26,,,,
lsa:GEMEINDE:15085090,Erststimmen,D6,GRÜNE,43,,,,
lsa:GEMEINDE:15085090,Erststimmen,D7,FREIE WÄHLER,20,,,,
lsa:GEMEINDE:15085090,Zweitstimmen,F1,CDU,163,,,,
lsa:GEMEINDE:15085090,Zweitstimmen,F10,Gartenpartei,2,,,,
lsa:GEMEINDE:15085090,Zweitstimmen,F11,Die PARTEI,0,,,,
lsa:GEMEINDE:15085090,Zweitstimmen,F12,TIERSCHUTZALLIANZ,5,,,,
lsa:GEMEINDE:15085090,Zweitstimmen,F15,BSW,50,,,,
lsa:GEMEINDE:15085090,Zweitstimmen,F19,PdF,1,,,,
lsa:GEMEINDE:15085090,Zweitstimmen,F2,AfD,499,,,,
lsa:GEMEINDE:15085090,Zweitstimmen,F20,Volt,5,,,,
lsa:GEMEINDE:15085090,Zweitstimmen,F3,Die Linke,57,,,,
lsa:GEMEINDE:15085090,Zweitstimmen,F4,SPD,60,,,,
lsa:GEMEINDE:15085090,Zweitstimmen,F5,FDP,19,,,,
lsa:GEMEINDE:15085090,Zweitstimmen,F6,GRÜNE,73,,,,
lsa:GEMEINDE:15085090,Zweitstimmen,F7,FREIE WÄHLER,12,,,,
lsa:GEMEINDE:15085090,Zweitstimmen,F8,dieBasis,2,,,,
lsa:GEMEINDE:15085090,Zweitstimmen,F9,Tierschutzpartei,6,,,,
lsa:GEMEINDE:15085110,Erststimmen,D1,CDU,100,,,,
lsa:GEMEINDE:15085110,Erststimmen,D15,BSW,47,,,,
lsa:GEMEINDE:15085110,Erststimmen,D19,PdF,3,,,,
lsa:GEMEINDE:15085110,Erststimmen,D2,AfD,344,,,,
lsa:GEMEINDE:15085110,Erststimmen,D3,Die Linke,43,,,,
lsa:GEMEINDE:15085110,Erststimmen,D4,SPD,46,,,,
lsa:GEMEINDE:15085110,Erststimmen,D5,FDP,8,,,,
lsa:GEMEINDE:15085110,Erststimmen,D6,GRÜNE,6,,,,
lsa:GEMEINDE:15085110,Zweitstimmen,F1,CDU,91,,,,
lsa:GEMEINDE:15085110,Zweitstimmen,F10,Gartenpartei,2,,,,
lsa:GEMEINDE:15085110,Zweitstimmen,F11,Die PARTEI,1,,,,
lsa:GEMEINDE:15085110,Zweitstimmen,F12,TIERSCHUTZALLIANZ,2,,,,
lsa:GEMEINDE:15085110,Zweitstimmen,F15,BSW,36,,,,
lsa:GEMEINDE:15085110,Zweitstimmen,F19,PdF,0,,,,
lsa:GEMEINDE:15085110,Zweitstimmen,F2,AfD,348,,,,
lsa:GEMEINDE:15085110,Zweitstimmen,F20,Volt,2,,,,
lsa:GEMEINDE:15085110,Zweitstimmen,F3,Die Linke,40,,,,
lsa:GEMEINDE:15085110,Zweitstimmen,F4,SPD,45,,,,
lsa:GEMEINDE:15085110,Zweitstimmen,F5,FDP,8,,,,
lsa:GEMEINDE:15085110,Zweitstimmen,F6,GRÜNE,18,,,,
lsa:GEMEINDE:15085110,Zweitstimmen,F7,FREIE WÄHLER,1,,,,
lsa:GEMEINDE:15085110,Zweitstimmen,F8,dieBasis,0,,,,
lsa:GEMEINDE:15085110,Zweitstimmen,F9,Tierschutzpartei,4,,,,
lsa:GEMEINDE:15085125,Erststimmen,D1,CDU,0,,,,
lsa:GEMEINDE:15085125,Erststimmen,D15,BSW,0,,,,
lsa:GEMEINDE:15085125,Erststimmen,D2,AfD,0,,,,
lsa:GEMEINDE:15085125,Erststimmen,D3,Die Linke,0,,,,
lsa:GEMEINDE:15085125,Erststimmen,D4,SPD,0,,,,
lsa:GEMEINDE:15085125,Erststimmen,D5,FDP,0,,,,
lsa:GEMEINDE:15085125,Erststimmen,D6,GRÜNE,0,,,,
lsa:GEMEINDE:15085125,Erststimmen,D7,FREIE WÄHLER,0,,,,
lsa:GEMEINDE:15085125,Zweitstimmen,F1,CDU,0,,,,
lsa:GEMEINDE:15085125,Zweitstimmen,F10,Gartenpartei,0,,,,
lsa:GEMEINDE:15085125,Zweitstimmen,F11,Die PARTEI,0,,,,
lsa:GEMEINDE:15085125,Zweitstimmen,F12,TIERSCHUTZALLIANZ,0,,,,
lsa:GEMEINDE:15085125,Zweitstimmen,F15,BSW,0,,,,
lsa:GEMEINDE:15085125,Zweitstimmen,F19,PdF,0,,,,
lsa:GEMEINDE:15085125,Zweitstimmen,F2,AfD,0,,,,
lsa:GEMEINDE:15085125,Zweitstimmen,F20,Volt,0,,,,
lsa:GEMEINDE:15085125,Zweitstimmen,F3,Die Linke,0,,,,
lsa:GEMEINDE:15085125,Zweitstimmen,F4,SPD,0,,,,
lsa:GEMEINDE:15085125,Zweitstimmen,F5,FDP,0,,,,
lsa:GEMEINDE:15085125,Zweitstimmen,F6,GRÜNE,0,,,,
lsa:GEMEINDE:15085125,Zweitstimmen,F7,FREIE WÄHLER,0,,,,
lsa:GEMEINDE:15085125,Zweitstimmen,F8,dieBasis,0,,,,
lsa:GEMEINDE:15085125,Zweitstimmen,F9,Tierschutzpartei,0,,,,
lsa:GEMEINDE:15085135,Erststimmen,D1,CDU,1621,,,,
lsa:GEMEINDE:15085135,Erststimmen,D15,BSW,363,,,,
lsa:GEMEINDE:15085135,Erststimmen,D2,AfD,4395,,,,
lsa:GEMEINDE:15085135,Erststimmen,D3,Die Linke,906,,,,
lsa:GEMEINDE:15085135,Erststimmen,D4,SPD,492,,,,
lsa:GEMEINDE:15085135,Erststimmen,D5,FDP,93,,,,
lsa:GEMEINDE:15085135,Erststimmen,D6,GRÜNE,299,,,,
lsa:GEMEINDE:15085135,Erststimmen,D7,FREIE WÄHLER,285,,,,
lsa:GEMEINDE:15085135,Zweitstimmen,F1,CDU,1193,,,,
lsa:GEMEINDE:15085135,Zweitstimmen,F10,Gartenpartei,39,,,,
lsa:GEMEINDE:15085135,Zweitstimmen,F11,Die PARTEI,8,,,,
lsa:GEMEINDE:15085135,Zweitstimmen,F12,TIERSCHUTZALLIANZ,52,,,,
lsa:GEMEINDE:15085135,Zweitstimmen,F15,BSW,507,,,,
lsa:GEMEINDE:15085135,Zweitstimmen,F19,PdF,12,,,,
lsa:GEMEINDE:15085135,Zweitstimmen,F2,AfD,4338,,,,
lsa:GEMEINDE:15085135,Zweitstimmen,F20,Volt,16,,,,
lsa:GEMEINDE:15085135,Zweitstimmen,F3,Die Linke,734,,,,
lsa:GEMEINDE:15085135,Zweitstimmen,F4,SPD,682,,,,
lsa:GEMEINDE:15085135,Zweitstimmen,F5,FDP,119,,,,
lsa:GEMEINDE:15085135,Zweitstimmen,F6,GRÜNE,511,,,,
lsa:GEMEINDE:15085135,Zweitstimmen,F7,FREIE WÄHLER,168,,,,
lsa:GEMEINDE:15085135,Zweitstimmen,F8,dieBasis,13,,,,
lsa:GEMEINDE:15085135,Zweitstimmen,F9,Tierschutzpartei,64,,,,
lsa:GEMEINDE:15085140,Erststimmen,D1,CDU,0,,,,
lsa:GEMEINDE:15085140,Erststimmen,D15,BSW,0,,,,
lsa:GEMEINDE:15085140,Erststimmen,D2,AfD,0,,,,
lsa:GEMEINDE:15085140,Erststimmen,D21,Anderer Kreiswahlvorschlag,0,,,,
lsa:GEMEINDE:15085140,Erststimmen,D3,Die Linke,0,,,,
lsa:GEMEINDE:15085140,Erststimmen,D4,SPD,0,,,,
lsa:GEMEINDE:15085140,Erststimmen,D5,FDP,0,,,,
lsa:GEMEINDE:15085140,Erststimmen,D6,GRÜNE,0,,,,
lsa:GEMEINDE:15085140,Erststimmen,D7,FREIE WÄHLER,0,,,,
lsa:GEMEINDE:15085140,Zweitstimmen,F1,CDU,0,,,,
lsa:GEMEINDE:15085140,Zweitstimmen,F10,Gartenpartei,0,,,,
lsa:GEMEINDE:15085140,Zweitstimmen,F11,Die PARTEI,0,,,,
lsa:GEMEINDE:15085140,Zweitstimmen,F12,TIERSCHUTZALLIANZ,0,,,,
lsa:GEMEINDE:15085140,Zweitstimmen,F15,BSW,0,,,,
lsa:GEMEINDE:15085140,Zweitstimmen,F19,PdF,0,,,,
lsa:GEMEINDE:15085140,Zweitstimmen,F2,AfD,0,,,,
lsa:GEMEINDE:15085140,Zweitstimmen,F20,Volt,0,,,,
lsa:GEMEINDE:15085140,Zweitstimmen,F3,Die Linke,0,,,,
lsa:GEMEINDE:15085140,Zweitstimmen,F4,SPD,0,,,,
lsa:GEMEINDE:15085140,Zweitstimmen,F5,FDP,0,,,,
lsa:GEMEINDE:15085140,Zweitstimmen,F6,GRÜNE,0,,,,
lsa:GEMEINDE:15085140,Zweitstimmen,F7,FREIE WÄHLER,0,,,,
lsa:GEMEINDE:15085140,Zweitstimmen,F8,dieBasis,0,,,,
lsa:GEMEINDE:15085140,Zweitstimmen,F9,Tierschutzpartei,0,,,,
lsa:GEMEINDE:15085145,Erststimmen,D1,CDU,597,,,,
lsa:GEMEINDE:15085145,Erststimmen,D15,BSW,109,,,,
lsa:GEMEINDE:15085145,Erststimmen,D2,AfD,1564,,,,
lsa:GEMEINDE:15085145,Erststimmen,D3,Die Linke,193,,,,
lsa:GEMEINDE:15085145,Erststimmen,D4,SPD,209,,,,
lsa:GEMEINDE:15085145,Erststimmen,D5,FDP,36,,,,
lsa:GEMEINDE:15085145,Erststimmen,D6,GRÜNE,28,,,,
lsa:GEMEINDE:15085145,Erststimmen,D7,FREIE WÄHLER,61,,,,
lsa:GEMEINDE:15085145,Zweitstimmen,F1,CDU,467,,,,
lsa:GEMEINDE:15085145,Zweitstimmen,F10,Gartenpartei,11,,,,
lsa:GEMEINDE:15085145,Zweitstimmen,F11,Die PARTEI,3,,,,
lsa:GEMEINDE:15085145,Zweitstimmen,F12,TIERSCHUTZALLIANZ,11,,,,
lsa:GEMEINDE:15085145,Zweitstimmen,F15,BSW,138,,,,
lsa:GEMEINDE:15085145,Zweitstimmen,F19,PdF,3,,,,
lsa:GEMEINDE:15085145,Zweitstimmen,F2,AfD,1582,,,,
lsa:GEMEINDE:15085145,Zweitstimmen,F20,Volt,6,,,,
lsa:GEMEINDE:15085145,Zweitstimmen,F3,Die Linke,190,,,,
lsa:GEMEINDE:15085145,Zweitstimmen,F4,SPD,186,,,,
lsa:GEMEINDE:15085145,Zweitstimmen,F5,FDP,44,,,,
lsa:GEMEINDE:15085145,Zweitstimmen,F6,GRÜNE,111,,,,
lsa:GEMEINDE:15085145,Zweitstimmen,F7,FREIE WÄHLER,21,,,,
lsa:GEMEINDE:15085145,Zweitstimmen,F8,dieBasis,4,,,,
lsa:GEMEINDE:15085145,Zweitstimmen,F9,Tierschutzpartei,21,,,,
lsa:GEMEINDE:15085160,Erststimmen,D1,CDU,0,,,,
lsa:GEMEINDE:15085160,Erststimmen,D15,BSW,0,,,,
lsa:GEMEINDE:15085160,Erststimmen,D2,AfD,0,,,,
lsa:GEMEINDE:15085160,Erststimmen,D21,Anderer Kreiswahlvorschlag,0,,,,
lsa:GEMEINDE:15085160,Erststimmen,D3,Die Linke,0,,,,
lsa:GEMEINDE:15085160,Erststimmen,D4,SPD,0,,,,
lsa:GEMEINDE:15085160,Erststimmen,D5,FDP,0,,,,
lsa:GEMEINDE:15085160,Erststimmen,D6,GRÜNE,0,,,,
lsa:GEMEINDE:15085160,Erststimmen,D7,FREIE WÄHLER,0,,,,
lsa:GEMEINDE:15085160,Zweitstimmen,F1,CDU,0,,,,
lsa:GEMEINDE:15085160,Zweitstimmen,F10,Gartenpartei,0,,,,
lsa:GEMEINDE:15085160,Zweitstimmen,F11,Die PARTEI,0,,,,
lsa:GEMEINDE:15085160,Zweitstimmen,F12,TIERSCHUTZALLIANZ,0,,,,
lsa:GEMEINDE:15085160,Zweitstimmen,F15,BSW,0,,,,
lsa:GEMEINDE:15085160,Zweitstimmen,F19,PdF,0,,,,
lsa:GEMEINDE:15085160,Zweitstimmen,F2,AfD,0,,,,
lsa:GEMEINDE:15085160,Zweitstimmen,F20,Volt,0,,,,
lsa:GEMEINDE:15085160,Zweitstimmen,F3,Die Linke,0,,,,
lsa:GEMEINDE:15085160,Zweitstimmen,F4,SPD,0,,,,
lsa:GEMEINDE:15085160,Zweitstimmen,F5,FDP,0,,,,
lsa:GEMEINDE:15085160,Zweitstimmen,F6,GRÜNE,0,,,,
lsa:GEMEINDE:15085160,Zweitstimmen,F7,FREIE WÄHLER,0,,,,
lsa:GEMEINDE:15085160,Zweitstimmen,F8,dieBasis,0,,,,
lsa:GEMEINDE:15085160,Zweitstimmen,F9,Tierschutzpartei,0,,,,
lsa:GEMEINDE:15085185,Erststimmen,D1,CDU,335,,,,
lsa:GEMEINDE:15085185,Erststimmen,D15,BSW,76,,,,
lsa:GEMEINDE:15085185,Erststimmen,D2,AfD,1082,,,,
lsa:GEMEINDE:15085185,Erststimmen,D3,Die Linke,169,,,,
lsa:GEMEINDE:15085185,Erststimmen,D4,SPD,179,,,,
lsa:GEMEINDE:15085185,Erststimmen,D5,FDP,18,,,,
lsa:GEMEINDE:15085185,Erststimmen,D6,GRÜNE,39,,,,
lsa:GEMEINDE:15085185,Erststimmen,D7,FREIE WÄHLER,80,,,,
lsa:GEMEINDE:15085185,Zweitstimmen,F1,CDU,281,,,,
lsa:GEMEINDE:15085185,Zweitstimmen,F10,Gartenpartei,12,,,,
lsa:GEMEINDE:15085185,Zweitstimmen,F11,Die PARTEI,4,,,,
lsa:GEMEINDE:15085185,Zweitstimmen,F12,TIERSCHUTZALLIANZ,11,,,,
lsa:GEMEINDE:15085185,Zweitstimmen,F15,BSW,109,,,,
lsa:GEMEINDE:15085185,Zweitstimmen,F19,PdF,2,,,,
lsa:GEMEINDE:15085185,Zweitstimmen,F2,AfD,1093,,,,
lsa:GEMEINDE:15085185,Zweitstimmen,F20,Volt,4,,,,
lsa:GEMEINDE:15085185,Zweitstimmen,F3,Die Linke,143,,,,
lsa:GEMEINDE:15085185,Zweitstimmen,F4,SPD,155,,,,
lsa:GEMEINDE:15085185,Zweitstimmen,F5,FDP,30,,,,
lsa:GEMEINDE:15085185,Zweitstimmen,F6,GRÜNE,87,,,,
lsa:GEMEINDE:15085185,Zweitstimmen,F7,FREIE WÄHLER,32,,,,
lsa:GEMEINDE:15085185,Zweitstimmen,F8,dieBasis,3,,,,
lsa:GEMEINDE:15085185,Zweitstimmen,F9,Tierschutzpartei,18,,,,
lsa:GEMEINDE:15085190,Erststimmen,D1,CDU,245,,,,
lsa:GEMEINDE:15085190,Erststimmen,D15,BSW,55,,,,
lsa:GEMEINDE:15085190,Erststimmen,D2,AfD,465,,,,
lsa:GEMEINDE:15085190,Erststimmen,D3,Die Linke,106,,,,
lsa:GEMEINDE:15085190,Erststimmen,D4,SPD,176,,,,
lsa:GEMEINDE:15085190,Erststimmen,D5,FDP,15,,,,
lsa:GEMEINDE:15085190,Erststimmen,D6,GRÜNE,30,,,,
lsa:GEMEINDE:15085190,Erststimmen,D7,FREIE WÄHLER,45,,,,
lsa:GEMEINDE:15085190,Zweitstimmen,F1,CDU,215,,,,
lsa:GEMEINDE:15085190,Zweitstimmen,F10,Gartenpartei,3,,,,
lsa:GEMEINDE:15085190,Zweitstimmen,F11,Die PARTEI,4,,,,
lsa:GEMEINDE:15085190,Zweitstimmen,F12,TIERSCHUTZALLIANZ,4,,,,
lsa:GEMEINDE:15085190,Zweitstimmen,F15,BSW,56,,,,
lsa:GEMEINDE:15085190,Zweitstimmen,F19,PdF,2,,,,
lsa:GEMEINDE:15085190,Zweitstimmen,F2,AfD,489,,,,
lsa:GEMEINDE:15085190,Zweitstimmen,F20,Volt,6,,,,
lsa:GEMEINDE:15085190,Zweitstimmen,F3,Die Linke,78,,,,
lsa:GEMEINDE:15085190,Zweitstimmen,F4,SPD,124,,,,
lsa:GEMEINDE:15085190,Zweitstimmen,F5,FDP,22,,,,
lsa:GEMEINDE:15085190,Zweitstimmen,F6,GRÜNE,105,,,,
lsa:GEMEINDE:15085190,Zweitstimmen,F7,FREIE WÄHLER,17,,,,
lsa:GEMEINDE:15085190,Zweitstimmen,F8,dieBasis,1,,,,
lsa:GEMEINDE:15085190,Zweitstimmen,F9,Tierschutzpartei,11,,,,
lsa:GEMEINDE:15085227,Erststimmen,D1,CDU,526,,,,
lsa:GEMEINDE:15085227,Erststimmen,D15,BSW,174,,,,
lsa:GEMEINDE:15085227,Erststimmen,D2,AfD,1749,,,,
lsa:GEMEINDE:15085227,Erststimmen,D3,Die Linke,253,,,,
lsa:GEMEINDE:15085227,Erststimmen,D4,SPD,376,,,,
lsa:GEMEINDE:15085227,Erststimmen,D5,FDP,71,,,,
lsa:GEMEINDE:15085227,Erststimmen,D6,GRÜNE,98,,,,
lsa:GEMEINDE:15085227,Erststimmen,D7,FREIE WÄHLER,148,,,,
lsa:GEMEINDE:15085227,Zweitstimmen,F1,CDU,444,,,,
lsa:GEMEINDE:15085227,Zweitstimmen,F10,Gartenpartei,11,,,,
lsa:GEMEINDE:15085227,Zweitstimmen,F11,Die PARTEI,9,,,,
lsa:GEMEINDE:15085227,Zweitstimmen,F12,TIERSCHUTZALLIANZ,30,,,,
lsa:GEMEINDE:15085227,Zweitstimmen,F15,BSW,193,,,,
lsa:GEMEINDE:15085227,Zweitstimmen,F19,PdF,2,,,,
lsa:GEMEINDE:15085227,Zweitstimmen,F2,AfD,1754,,,,
lsa:GEMEINDE:15085227,Zweitstimmen,F20,Volt,9,,,,
lsa:GEMEINDE:15085227,Zweitstimmen,F3,Die Linke,211,,,,
lsa:GEMEINDE:15085227,Zweitstimmen,F4,SPD,366,,,,
lsa:GEMEINDE:15085227,Zweitstimmen,F5,FDP,46,,,,
lsa:GEMEINDE:15085227,Zweitstimmen,F6,GRÜNE,183,,,,
lsa:GEMEINDE:15085227,Zweitstimmen,F7,FREIE WÄHLER,75,,,,
lsa:GEMEINDE:15085227,Zweitstimmen,F8,dieBasis,20,,,,
lsa:GEMEINDE:15085227,Zweitstimmen,F9,Tierschutzpartei,47,,,,
lsa:GEMEINDE:15085228,Erststimmen,D1,CDU,0,,,,
lsa:GEMEINDE:15085228,Erststimmen,D15,BSW,0,,,,
lsa:GEMEINDE:15085228,Erststimmen,D2,AfD,0,,,,
lsa:GEMEINDE:15085228,Erststimmen,D3,Die Linke,0,,,,
lsa:GEMEINDE:15085228,Erststimmen,D4,SPD,0,,,,
lsa:GEMEINDE:15085228,Erststimmen,D5,FDP,0,,,,
lsa:GEMEINDE:15085228,Erststimmen,D6,GRÜNE,0,,,,
lsa:GEMEINDE:15085228,Erststimmen,D7,FREIE WÄHLER,0,,,,
lsa:GEMEINDE:15085228,Zweitstimmen,F1,CDU,0,,,,
lsa:GEMEINDE:15085228,Zweitstimmen,F10,Gartenpartei,0,,,,
lsa:GEMEINDE:15085228,Zweitstimmen,F11,Die PARTEI,0,,,,
lsa:GEMEINDE:15085228,Zweitstimmen,F12,TIERSCHUTZALLIANZ,0,,,,
lsa:GEMEINDE:15085228,Zweitstimmen,F15,BSW,0,,,,
lsa:GEMEINDE:15085228,Zweitstimmen,F19,PdF,0,,,,
lsa:GEMEINDE:15085228,Zweitstimmen,F2,AfD,0,,,,
lsa:GEMEINDE:15085228,Zweitstimmen,F20,Volt,0,,,,
lsa:GEMEINDE:15085228,Zweitstimmen,F3,Die Linke,0,,,,
lsa:GEMEINDE:15085228,Zweitstimmen,F4,SPD,0,,,,
lsa:GEMEINDE:15085228,Zweitstimmen,F5,FDP,0,,,,
lsa:GEMEINDE:15085228,Zweitstimmen,F6,GRÜNE,0,,,,
lsa:GEMEINDE:15085228,Zweitstimmen,F7,FREIE WÄHLER,0,,,,
lsa:GEMEINDE:15085228,Zweitstimmen,F8,dieBasis,0,,,,
lsa:GEMEINDE:15085228,Zweitstimmen,F9,Tierschutzpartei,0,,,,
lsa:GEMEINDE:15085230,Erststimmen,D1,CDU,772,,,,
lsa:GEMEINDE:15085230,Erststimmen,D15,BSW,153,,,,
lsa:GEMEINDE:15085230,Erststimmen,D2,AfD,2010,,,,
lsa:GEMEINDE:15085230,Erststimmen,D3,Die Linke,341,,,,
lsa:GEMEINDE:15085230,Erststimmen,D4,SPD,421,,,,
lsa:GEMEINDE:15085230,Erststimmen,D5,FDP,96,,,,
lsa:GEMEINDE:15085230,Erststimmen,D6,GRÜNE,115,,,,
lsa:GEMEINDE:15085230,Erststimmen,D7,FREIE WÄHLER,162,,,,
lsa:GEMEINDE:15085230,Zweitstimmen,F1,CDU,616,,,,
lsa:GEMEINDE:15085230,Zweitstimmen,F10,Gartenpartei,21,,,,
lsa:GEMEINDE:15085230,Zweitstimmen,F11,Die PARTEI,8,,,,
lsa:GEMEINDE:15085230,Zweitstimmen,F12,TIERSCHUTZALLIANZ,25,,,,
lsa:GEMEINDE:15085230,Zweitstimmen,F15,BSW,214,,,,
lsa:GEMEINDE:15085230,Zweitstimmen,F19,PdF,10,,,,
lsa:GEMEINDE:15085230,Zweitstimmen,F2,AfD,2048,,,,
lsa:GEMEINDE:15085230,Zweitstimmen,F20,Volt,6,,,,
lsa:GEMEINDE:15085230,Zweitstimmen,F3,Die Linke,273,,,,
lsa:GEMEINDE:15085230,Zweitstimmen,F4,SPD,385,,,,
lsa:GEMEINDE:15085230,Zweitstimmen,F5,FDP,88,,,,
lsa:GEMEINDE:15085230,Zweitstimmen,F6,GRÜNE,278,,,,
lsa:GEMEINDE:15085230,Zweitstimmen,F7,FREIE WÄHLER,68,,,,
lsa:GEMEINDE:15085230,Zweitstimmen,F8,dieBasis,3,,,,
lsa:GEMEINDE:15085230,Zweitstimmen,F9,Tierschutzpartei,38,,,,
lsa:GEMEINDE:15085235,Erststimmen,D1,CDU,261,,,,
lsa:GEMEINDE:15085235,Erststimmen,D15,BSW,51,,,,
lsa:GEMEINDE:15085235,Erststimmen,D2,AfD,621,,,,
lsa:GEMEINDE:15085235,Erststimmen,D21,Anderer Kreiswahlvorschlag,17,,,,
lsa:GEMEINDE:15085235,Erststimmen,D3,Die Linke,106,,,,
lsa:GEMEINDE:15085235,Erststimmen,D4,SPD,81,,,,
lsa:GEMEINDE:15085235,Erststimmen,D5,FDP,18,,,,
lsa:GEMEINDE:15085235,Erststimmen,D6,GRÜNE,59,,,,
lsa:GEMEINDE:15085235,Erststimmen,D7,FREIE WÄHLER,18,,,,
lsa:GEMEINDE:15085235,Zweitstimmen,F1,CDU,219,,,,
lsa:GEMEINDE:15085235,Zweitstimmen,F10,Gartenpartei,4,,,,
lsa:GEMEINDE:15085235,Zweitstimmen,F11,Die PARTEI,4,,,,
lsa:GEMEINDE:15085235,Zweitstimmen,F12,TIERSCHUTZALLIANZ,6,,,,
lsa:GEMEINDE:15085235,Zweitstimmen,F15,BSW,60,,,,
lsa:GEMEINDE:15085235,Zweitstimmen,F19,PdF,1,,,,
lsa:GEMEINDE:15085235,Zweitstimmen,F2,AfD,630,,,,
lsa:GEMEINDE:15085235,Zweitstimmen,F20,Volt,0,,,,
lsa:GEMEINDE:15085235,Zweitstimmen,F3,Die Linke,86,,,,
lsa:GEMEINDE:15085235,Zweitstimmen,F4,SPD,83,,,,
lsa:GEMEINDE:15085235,Zweitstimmen,F5,FDP,20,,,,
lsa:GEMEINDE:15085235,Zweitstimmen,F6,GRÜNE,95,,,,
lsa:GEMEINDE:15085235,Zweitstimmen,F7,FREIE WÄHLER,17,,,,
lsa:GEMEINDE:15085235,Zweitstimmen,F8,dieBasis,0,,,,
lsa:GEMEINDE:15085235,Zweitstimmen,F9,Tierschutzpartei,10,,,,
lsa:GEMEINDE:15085285,Erststimmen,D1,CDU,18,,,,
lsa:GEMEINDE:15085285,Erststimmen,D15,BSW,9,,,,
lsa:GEMEINDE:15085285,Erststimmen,D2,AfD,157,,,,
lsa:GEMEINDE:15085285,Erststimmen,D3,Die Linke,9,,,,
lsa:GEMEINDE:15085285,Erststimmen,D4,SPD,13,,,,
lsa:GEMEINDE:15085285,Erststimmen,D5,FDP,3,,,,
lsa:GEMEINDE:15085285,Erststimmen,D6,GRÜNE,2,,,,
lsa:GEMEINDE:15085285,Erststimmen,D7,FREIE WÄHLER,7,,,,
lsa:GEMEINDE:15085285,Zweitstimmen,F1,CDU,15,,,,
lsa:GEMEINDE:15085285,Zweitstimmen,F10,Gartenpartei,1,,,,
lsa:GEMEINDE:15085285,Zweitstimmen,F11,Die PARTEI,0,,,,
lsa:GEMEINDE:15085285,Zweitstimmen,F12,TIERSCHUTZALLIANZ,0,,,,
lsa:GEMEINDE:15085285,Zweitstimmen,F15,BSW,12,,,,
lsa:GEMEINDE:15085285,Zweitstimmen,F19,PdF,0,,,,
lsa:GEMEINDE:15085285,Zweitstimmen,F2,AfD,153,,,,
lsa:GEMEINDE:15085285,Zweitstimmen,F20,Volt,0,,,,
lsa:GEMEINDE:15085285,Zweitstimmen,F3,Die Linke,6,,,,
lsa:GEMEINDE:15085285,Zweitstimmen,F4,SPD,14,,,,
lsa:GEMEINDE:15085285,Zweitstimmen,F5,FDP,4,,,,
lsa:GEMEINDE:15085285,Zweitstimmen,F6,GRÜNE,3,,,,
lsa:GEMEINDE:15085285,Zweitstimmen,F7,FREIE WÄHLER,6,,,,
lsa:GEMEINDE:15085285,Zweitstimmen,F8,dieBasis,0,,,,
lsa:GEMEINDE:15085285,Zweitstimmen,F9,Tierschutzpartei,3,,,,
lsa:GEMEINDE:15085287,Erststimmen,D1,CDU,223,,,,
lsa:GEMEINDE:15085287,Erststimmen,D15,BSW,49,,,,
lsa:GEMEINDE:15085287,Erststimmen,D2,AfD,462,,,,
lsa:GEMEINDE:15085287,Erststimmen,D21,Anderer Kreiswahlvorschlag,4,,,,
lsa:GEMEINDE:15085287,Erststimmen,D3,Die Linke,77,,,,
lsa:GEMEINDE:15085287,Erststimmen,D4,SPD,45,,,,
lsa:GEMEINDE:15085287,Erststimmen,D5,FDP,15,,,,
lsa:GEMEINDE:15085287,Erststimmen,D6,GRÜNE,31,,,,
lsa:GEMEINDE:15085287,Erststimmen,D7,FREIE WÄHLER,17,,,,
lsa:GEMEINDE:15085287,Zweitstimmen,F1,CDU,211,,,,
lsa:GEMEINDE:15085287,Zweitstimmen,F10,Gartenpartei,4,,,,
lsa:GEMEINDE:15085287,Zweitstimmen,F11,Die PARTEI,2,,,,
lsa:GEMEINDE:15085287,Zweitstimmen,F12,TIERSCHUTZALLIANZ,3,,,,
lsa:GEMEINDE:15085287,Zweitstimmen,F15,BSW,50,,,,
lsa:GEMEINDE:15085287,Zweitstimmen,F19,PdF,2,,,,
lsa:GEMEINDE:15085287,Zweitstimmen,F2,AfD,465,,,,
lsa:GEMEINDE:15085287,Zweitstimmen,F20,Volt,1,,,,
lsa:GEMEINDE:15085287,Zweitstimmen,F3,Die Linke,67,,,,
lsa:GEMEINDE:15085287,Zweitstimmen,F4,SPD,57,,,,
lsa:GEMEINDE:15085287,Zweitstimmen,F5,FDP,11,,,,
lsa:GEMEINDE:15085287,Zweitstimmen,F6,GRÜNE,41,,,,
lsa:GEMEINDE:15085287,Zweitstimmen,F7,FREIE WÄHLER,7,,,,
lsa:GEMEINDE:15085287,Zweitstimmen,F8,dieBasis,1,,,,
lsa:GEMEINDE:15085287,Zweitstimmen,F9,Tierschutzpartei,6,,,,
lsa:GEMEINDE:15085330,Erststimmen,D1,CDU,1037,,,,
lsa:GEMEINDE:15085330,Erststimmen,D15,BSW,203,,,,
lsa:GEMEINDE:15085330,Erststimmen,D2,AfD,2897,,,,
lsa:GEMEINDE:15085330,Erststimmen,D21,Anderer Kreiswahlvorschlag,48,,,,
lsa:GEMEINDE:15085330,Erststimmen,D3,Die Linke,571,,,,
lsa:GEMEINDE:15085330,Erststimmen,D4,SPD,328,,,,
lsa:GEMEINDE:15085330,Erststimmen,D5,FDP,101,,,,
lsa:GEMEINDE:15085330,Erststimmen,D6,GRÜNE,191,,,,
lsa:GEMEINDE:15085330,Erststimmen,D7,FREIE WÄHLER,149,,,,
lsa:GEMEINDE:15085330,Zweitstimmen,F1,CDU,817,,,,
lsa:GEMEINDE:15085330,Zweitstimmen,F10,Gartenpartei,22,,,,
lsa:GEMEINDE:15085330,Zweitstimmen,F11,Die PARTEI,15,,,,
lsa:GEMEINDE:15085330,Zweitstimmen,F12,TIERSCHUTZALLIANZ,31,,,,
lsa:GEMEINDE:15085330,Zweitstimmen,F15,BSW,256,,,,
lsa:GEMEINDE:15085330,Zweitstimmen,F19,PdF,9,,,,
lsa:GEMEINDE:15085330,Zweitstimmen,F2,AfD,2883,,,,
lsa:GEMEINDE:15085330,Zweitstimmen,F20,Volt,6,,,,
lsa:GEMEINDE:15085330,Zweitstimmen,F3,Die Linke,380,,,,
lsa:GEMEINDE:15085330,Zweitstimmen,F4,SPD,464,,,,
lsa:GEMEINDE:15085330,Zweitstimmen,F5,FDP,123,,,,
lsa:GEMEINDE:15085330,Zweitstimmen,F6,GRÜNE,358,,,,
lsa:GEMEINDE:15085330,Zweitstimmen,F7,FREIE WÄHLER,93,,,,
lsa:GEMEINDE:15085330,Zweitstimmen,F8,dieBasis,4,,,,
lsa:GEMEINDE:15085330,Zweitstimmen,F9,Tierschutzpartei,63,,,,
lsa:GEMEINDE:15085365,Erststimmen,D1,CDU,340,,,,
lsa:GEMEINDE:15085365,Erststimmen,D15,BSW,83,,,,
lsa:GEMEINDE:15085365,Erststimmen,D2,AfD,772,,,,
lsa:GEMEINDE:15085365,Erststimmen,D21,Anderer Kreiswahlvorschlag,13,,,,
lsa:GEMEINDE:15085365,Erststimmen,D3,Die Linke,139,,,,
lsa:GEMEINDE:15085365,Erststimmen,D4,SPD,76,,,,
lsa:GEMEINDE:15085365,Erststimmen,D5,FDP,39,,,,
lsa:GEMEINDE:15085365,Erststimmen,D6,GRÜNE,47,,,,
lsa:GEMEINDE:15085365,Erststimmen,D7,FREIE WÄHLER,27,,,,
lsa:GEMEINDE:15085365,Zweitstimmen,F1,CDU,280,,,,
lsa:GEMEINDE:15085365,Zweitstimmen,F10,Gartenpartei,8,,,,
lsa:GEMEINDE:15085365,Zweitstimmen,F11,Die PARTEI,7,,,,
lsa:GEMEINDE:15085365,Zweitstimmen,F12,TIERSCHUTZALLIANZ,14,,,,
lsa:GEMEINDE:15085365,Zweitstimmen,F15,BSW,99,,,,
lsa:GEMEINDE:15085365,Zweitstimmen,F19,PdF,1,,,,
lsa:GEMEINDE:15085365,Zweitstimmen,F2,AfD,767,,,,
lsa:GEMEINDE:15085365,Zweitstimmen,F20,Volt,0,,,,
lsa:GEMEINDE:15085365,Zweitstimmen,F3,Die Linke,127,,,,
lsa:GEMEINDE:15085365,Zweitstimmen,F4,SPD,89,,,,
lsa:GEMEINDE:15085365,Zweitstimmen,F5,FDP,35,,,,
lsa:GEMEINDE:15085365,Zweitstimmen,F6,GRÜNE,76,,,,
lsa:GEMEINDE:15085365,Zweitstimmen,F7,FREIE WÄHLER,20,,,,
lsa:GEMEINDE:15085365,Zweitstimmen,F8,dieBasis,1,,,,
lsa:GEMEINDE:15085365,Zweitstimmen,F9,Tierschutzpartei,17,,,,
lsa:GEMEINDE:15085370,Erststimmen,D1,CDU,1738,,,,
lsa:GEMEINDE:15085370,Erststimmen,D15,BSW,424,,,,
lsa:GEMEINDE:15085370,Erststimmen,D2,AfD,3904,,,,
lsa:GEMEINDE:15085370,Erststimmen,D3,Die Linke,717,,,,
lsa:GEMEINDE:15085370,Erststimmen,D4,SPD,2015,,,,
lsa:GEMEINDE:15085370,Erststimmen,D5,FDP,180,,,,
lsa:GEMEINDE:15085370,Erststimmen,D6,GRÜNE,252,,,,
lsa:GEMEINDE:15085370,Erststimmen,D7,FREIE WÄHLER,265,,,,
lsa:GEMEINDE:15085370,Zweitstimmen,F1,CDU,1423,,,,
lsa:GEMEINDE:15085370,Zweitstimmen,F10,Gartenpartei,47,,,,
lsa:GEMEINDE:15085370,Zweitstimmen,F11,Die PARTEI,26,,,,
lsa:GEMEINDE:15085370,Zweitstimmen,F12,TIERSCHUTZALLIANZ,57,,,,
lsa:GEMEINDE:15085370,Zweitstimmen,F15,BSW,505,,,,
lsa:GEMEINDE:15085370,Zweitstimmen,F19,PdF,13,,,,
lsa:GEMEINDE:15085370,Zweitstimmen,F2,AfD,3996,,,,
lsa:GEMEINDE:15085370,Zweitstimmen,F20,Volt,23,,,,
lsa:GEMEINDE:15085370,Zweitstimmen,F3,Die Linke,688,,,,
lsa:GEMEINDE:15085370,Zweitstimmen,F4,SPD,1368,,,,
lsa:GEMEINDE:15085370,Zweitstimmen,F5,FDP,210,,,,
lsa:GEMEINDE:15085370,Zweitstimmen,F6,GRÜNE,905,,,,
lsa:GEMEINDE:15085370,Zweitstimmen,F7,FREIE WÄHLER,134,,,,
lsa:GEMEINDE:15085370,Zweitstimmen,F8,dieBasis,15,,,,
lsa:GEMEINDE:15085370,Zweitstimmen,F9,Tierschutzpartei,100,,,,
lsa:GEMEINDE:15086005,Erststimmen,D1,CDU,28,,,,
lsa:GEMEINDE:15086005,Erststimmen,D15,BSW,12,,,,
lsa:GEMEINDE:15086005,Erststimmen,D2,AfD,90,,,,
lsa:GEMEINDE:15086005,Erststimmen,D21,Anderer Kreiswahlvorschlag,1,,,,
lsa:GEMEINDE:15086005,Erststimmen,D3,Die Linke,14,,,,
lsa:GEMEINDE:15086005,Erststimmen,D4,SPD,29,,,,
lsa:GEMEINDE:15086005,Erststimmen,D5,FDP,8,,,,
lsa:GEMEINDE:15086005,Erststimmen,D6,GRÜNE,13,,,,
lsa:GEMEINDE:15086005,Erststimmen,D7,FREIE WÄHLER,14,,,,
lsa:GEMEINDE:15086005,Zweitstimmen,F1,CDU,28,,,,
lsa:GEMEINDE:15086005,Zweitstimmen,F10,Gartenpartei,1,,,,
lsa:GEMEINDE:15086005,Zweitstimmen,F11,Die PARTEI,1,,,,
lsa:GEMEINDE:15086005,Zweitstimmen,F12,TIERSCHUTZALLIANZ,0,,,,
lsa:GEMEINDE:15086005,Zweitstimmen,F15,BSW,14,,,,
lsa:GEMEINDE:15086005,Zweitstimmen,F19,PdF,1,,,,
lsa:GEMEINDE:15086005,Zweitstimmen,F2,AfD,91,,,,
lsa:GEMEINDE:15086005,Zweitstimmen,F20,Volt,0,,,,
lsa:GEMEINDE:15086005,Zweitstimmen,F3,Die Linke,18,,,,
lsa:GEMEINDE:15086005,Zweitstimmen,F4,SPD,24,,,,
lsa:GEMEINDE:15086005,Zweitstimmen,F5,FDP,8,,,,
lsa:GEMEINDE:15086005,Zweitstimmen,F6,GRÜNE,20,,,,
lsa:GEMEINDE:15086005,Zweitstimmen,F7,FREIE WÄHLER,3,,,,
lsa:GEMEINDE:15086005,Zweitstimmen,F8,dieBasis,0,,,,
lsa:GEMEINDE:15086005,Zweitstimmen,F9,Tierschutzpartei,0,,,,
lsa:GEMEINDE:15086015,Erststimmen,D1,CDU,118,,,,
lsa:GEMEINDE:15086015,Erststimmen,D15,BSW,20,,,,
lsa:GEMEINDE:15086015,Erststimmen,D2,AfD,222,,,,
lsa:GEMEINDE:15086015,Erststimmen,D21,Anderer Kreiswahlvorschlag,20,,,,
lsa:GEMEINDE:15086015,Erststimmen,D3,Die Linke,28,,,,
lsa:GEMEINDE:15086015,Erststimmen,D4,SPD,32,,,,
lsa:GEMEINDE:15086015,Erststimmen,D5,FDP,13,,,,
lsa:GEMEINDE:15086015,Erststimmen,D6,GRÜNE,17,,,,
lsa:GEMEINDE:15086015,Erststimmen,D7,FREIE WÄHLER,24,,,,
lsa:GEMEINDE:15086015,Zweitstimmen,F1,CDU,108,,,,
lsa:GEMEINDE:15086015,Zweitstimmen,F10,Gartenpartei,5,,,,
lsa:GEMEINDE:15086015,Zweitstimmen,F11,Die PARTEI,1,,,,
lsa:GEMEINDE:15086015,Zweitstimmen,F12,TIERSCHUTZALLIANZ,3,,,,
lsa:GEMEINDE:15086015,Zweitstimmen,F15,BSW,25,,,,
lsa:GEMEINDE:15086015,Zweitstimmen,F19,PdF,0,,,,
lsa:GEMEINDE:15086015,Zweitstimmen,F2,AfD,244,,,,
lsa:GEMEINDE:15086015,Zweitstimmen,F20,Volt,1,,,,
lsa:GEMEINDE:15086015,Zweitstimmen,F3,Die Linke,22,,,,
lsa:GEMEINDE:15086015,Zweitstimmen,F4,SPD,34,,,,
lsa:GEMEINDE:15086015,Zweitstimmen,F5,FDP,10,,,,
lsa:GEMEINDE:15086015,Zweitstimmen,F6,GRÜNE,28,,,,
lsa:GEMEINDE:15086015,Zweitstimmen,F7,FREIE WÄHLER,6,,,,
lsa:GEMEINDE:15086015,Zweitstimmen,F8,dieBasis,0,,,,
lsa:GEMEINDE:15086015,Zweitstimmen,F9,Tierschutzpartei,6,,,,
lsa:GEMEINDE:15086035,Erststimmen,D1,CDU,115,,,,
lsa:GEMEINDE:15086035,Erststimmen,D15,BSW,20,,,,
lsa:GEMEINDE:15086035,Erststimmen,D2,AfD,314,,,,
lsa:GEMEINDE:15086035,Erststimmen,D21,Anderer Kreiswahlvorschlag,10,,,,
lsa:GEMEINDE:15086035,Erststimmen,D3,Die Linke,46,,,,
lsa:GEMEINDE:15086035,Erststimmen,D4,SPD,38,,,,
lsa:GEMEINDE:15086035,Erststimmen,D5,FDP,6,,,,
lsa:GEMEINDE:15086035,Erststimmen,D6,GRÜNE,12,,,,
lsa:GEMEINDE:15086035,Zweitstimmen,F1,CDU,80,,,,
lsa:GEMEINDE:15086035,Zweitstimmen,F10,Gartenpartei,2,,,,
lsa:GEMEINDE:15086035,Zweitstimmen,F11,Die PARTEI,0,,,,
lsa:GEMEINDE:15086035,Zweitstimmen,F12,TIERSCHUTZALLIANZ,3,,,,
lsa:GEMEINDE:15086035,Zweitstimmen,F15,BSW,30,,,,
lsa:GEMEINDE:15086035,Zweitstimmen,F19,PdF,3,,,,
lsa:GEMEINDE:15086035,Zweitstimmen,F2,AfD,306,,,,
lsa:GEMEINDE:15086035,Zweitstimmen,F20,Volt,2,,,,
lsa:GEMEINDE:15086035,Zweitstimmen,F3,Die Linke,30,,,,
lsa:GEMEINDE:15086035,Zweitstimmen,F4,SPD,54,,,,
lsa:GEMEINDE:15086035,Zweitstimmen,F5,FDP,5,,,,
lsa:GEMEINDE:15086035,Zweitstimmen,F6,GRÜNE,29,,,,
lsa:GEMEINDE:15086035,Zweitstimmen,F7,FREIE WÄHLER,9,,,,
lsa:GEMEINDE:15086035,Zweitstimmen,F8,dieBasis,0,,,,
lsa:GEMEINDE:15086035,Zweitstimmen,F9,Tierschutzpartei,9,,,,
lsa:GEMEINDE:15086040,Erststimmen,D1,CDU,180,,,,
lsa:GEMEINDE:15086040,Erststimmen,D15,BSW,27,,,,
lsa:GEMEINDE:15086040,Erststimmen,D2,AfD,503,,,,
lsa:GEMEINDE:15086040,Erststimmen,D21,Anderer Kreiswahlvorschlag,20,,,,
lsa:GEMEINDE:15086040,Erststimmen,D3,Die Linke,68,,,,
lsa:GEMEINDE:15086040,Erststimmen,D4,SPD,47,,,,
lsa:GEMEINDE:15086040,Erststimmen,D5,FDP,19,,,,
lsa:GEMEINDE:15086040,Erststimmen,D6,GRÜNE,16,,,,
lsa:GEMEINDE:15086040,Zweitstimmen,F1,CDU,148,,,,
lsa:GEMEINDE:15086040,Zweitstimmen,F10,Gartenpartei,2,,,,
lsa:GEMEINDE:15086040,Zweitstimmen,F11,Die PARTEI,4,,,,
lsa:GEMEINDE:15086040,Zweitstimmen,F12,TIERSCHUTZALLIANZ,5,,,,
lsa:GEMEINDE:15086040,Zweitstimmen,F15,BSW,41,,,,
lsa:GEMEINDE:15086040,Zweitstimmen,F19,PdF,4,,,,
lsa:GEMEINDE:15086040,Zweitstimmen,F2,AfD,475,,,,
lsa:GEMEINDE:15086040,Zweitstimmen,F20,Volt,2,,,,
lsa:GEMEINDE:15086040,Zweitstimmen,F3,Die Linke,57,,,,
lsa:GEMEINDE:15086040,Zweitstimmen,F4,SPD,54,,,,
lsa:GEMEINDE:15086040,Zweitstimmen,F5,FDP,18,,,,
lsa:GEMEINDE:15086040,Zweitstimmen,F6,GRÜNE,33,,,,
lsa:GEMEINDE:15086040,Zweitstimmen,F7,FREIE WÄHLER,18,,,,
lsa:GEMEINDE:15086040,Zweitstimmen,F8,dieBasis,3,,,,
lsa:GEMEINDE:15086040,Zweitstimmen,F9,Tierschutzpartei,11,,,,
lsa:GEMEINDE:15086055,Erststimmen,D1,CDU,1136,,,,
lsa:GEMEINDE:15086055,Erststimmen,D2,AfD,2011,,,,
lsa:GEMEINDE:15086055,Erststimmen,D3,Die Linke,389,,,,
lsa:GEMEINDE:15086055,Erststimmen,D4,SPD,307,,,,
lsa:GEMEINDE:15086055,Erststimmen,D5,FDP,281,,,,
lsa:GEMEINDE:15086055,Erststimmen,D6,GRÜNE,129,,,,
lsa:GEMEINDE:15086055,Zweitstimmen,F1,CDU,711,,,,
lsa:GEMEINDE:15086055,Zweitstimmen,F10,Gartenpartei,28,,,,
lsa:GEMEINDE:15086055,Zweitstimmen,F11,Die PARTEI,8,,,,
lsa:GEMEINDE:15086055,Zweitstimmen,F12,TIERSCHUTZALLIANZ,16,,,,
lsa:GEMEINDE:15086055,Zweitstimmen,F15,BSW,228,,,,
lsa:GEMEINDE:15086055,Zweitstimmen,F19,PdF,8,,,,
lsa:GEMEINDE:15086055,Zweitstimmen,F2,AfD,2062,,,,
lsa:GEMEINDE:15086055,Zweitstimmen,F20,Volt,13,,,,
lsa:GEMEINDE:15086055,Zweitstimmen,F3,Die Linke,278,,,,
lsa:GEMEINDE:15086055,Zweitstimmen,F4,SPD,344,,,,
lsa:GEMEINDE:15086055,Zweitstimmen,F5,FDP,161,,,,
lsa:GEMEINDE:15086055,Zweitstimmen,F6,GRÜNE,304,,,,
lsa:GEMEINDE:15086055,Zweitstimmen,F7,FREIE WÄHLER,79,,,,
lsa:GEMEINDE:15086055,Zweitstimmen,F8,dieBasis,5,,,,
lsa:GEMEINDE:15086055,Zweitstimmen,F9,Tierschutzpartei,46,,,,
lsa:GEMEINDE:15086080,Erststimmen,D1,CDU,357,,,,
lsa:GEMEINDE:15086080,Erststimmen,D15,BSW,64,,,,
lsa:GEMEINDE:15086080,Erststimmen,D2,AfD,905,,,,
lsa:GEMEINDE:15086080,Erststimmen,D21,Anderer Kreiswahlvorschlag,23,,,,
lsa:GEMEINDE:15086080,Erststimmen,D3,Die Linke,105,,,,
lsa:GEMEINDE:15086080,Erststimmen,D4,SPD,109,,,,
lsa:GEMEINDE:15086080,Erststimmen,D5,FDP,32,,,,
lsa:GEMEINDE:15086080,Erststimmen,D6,GRÜNE,35,,,,
lsa:GEMEINDE:15086080,Zweitstimmen,F1,CDU,274,,,,
lsa:GEMEINDE:15086080,Zweitstimmen,F10,Gartenpartei,4,,,,
lsa:GEMEINDE:15086080,Zweitstimmen,F11,Die PARTEI,1,,,,
lsa:GEMEINDE:15086080,Zweitstimmen,F12,TIERSCHUTZALLIANZ,4,,,,
lsa:GEMEINDE:15086080,Zweitstimmen,F15,BSW,87,,,,
lsa:GEMEINDE:15086080,Zweitstimmen,F19,PdF,3,,,,
lsa:GEMEINDE:15086080,Zweitstimmen,F2,AfD,875,,,,
lsa:GEMEINDE:15086080,Zweitstimmen,F20,Volt,2,,,,
lsa:GEMEINDE:15086080,Zweitstimmen,F3,Die Linke,111,,,,
lsa:GEMEINDE:15086080,Zweitstimmen,F4,SPD,138,,,,
lsa:GEMEINDE:15086080,Zweitstimmen,F5,FDP,29,,,,
lsa:GEMEINDE:15086080,Zweitstimmen,F6,GRÜNE,66,,,,
lsa:GEMEINDE:15086080,Zweitstimmen,F7,FREIE WÄHLER,24,,,,
lsa:GEMEINDE:15086080,Zweitstimmen,F8,dieBasis,1,,,,
lsa:GEMEINDE:15086080,Zweitstimmen,F9,Tierschutzpartei,18,,,,
lsa:GEMEINDE:15086140,Erststimmen,D1,CDU,101,,,,
lsa:GEMEINDE:15086140,Erststimmen,D15,BSW,30,,,,
lsa:GEMEINDE:15086140,Erststimmen,D2,AfD,400,,,,
lsa:GEMEINDE:15086140,Erststimmen,D21,Anderer Kreiswahlvorschlag,10,,,,
lsa:GEMEINDE:15086140,Erststimmen,D3,Die Linke,66,,,,
lsa:GEMEINDE:15086140,Erststimmen,D4,SPD,25,,,,
lsa:GEMEINDE:15086140,Erststimmen,D5,FDP,26,,,,
lsa:GEMEINDE:15086140,Erststimmen,D6,GRÜNE,23,,,,
lsa:GEMEINDE:15086140,Erststimmen,D7,FREIE WÄHLER,24,,,,
lsa:GEMEINDE:15086140,Zweitstimmen,F1,CDU,88,,,,
lsa:GEMEINDE:15086140,Zweitstimmen,F10,Gartenpartei,4,,,,
lsa:GEMEINDE:15086140,Zweitstimmen,F11,Die PARTEI,1,,,,
lsa:GEMEINDE:15086140,Zweitstimmen,F12,TIERSCHUTZALLIANZ,2,,,,
lsa:GEMEINDE:15086140,Zweitstimmen,F15,BSW,31,,,,
lsa:GEMEINDE:15086140,Zweitstimmen,F19,PdF,1,,,,
lsa:GEMEINDE:15086140,Zweitstimmen,F2,AfD,410,,,,
lsa:GEMEINDE:15086140,Zweitstimmen,F20,Volt,1,,,,
lsa:GEMEINDE:15086140,Zweitstimmen,F3,Die Linke,57,,,,
lsa:GEMEINDE:15086140,Zweitstimmen,F4,SPD,35,,,,
lsa:GEMEINDE:15086140,Zweitstimmen,F5,FDP,20,,,,
lsa:GEMEINDE:15086140,Zweitstimmen,F6,GRÜNE,29,,,,
lsa:GEMEINDE:15086140,Zweitstimmen,F7,FREIE WÄHLER,14,,,,
lsa:GEMEINDE:15086140,Zweitstimmen,F8,dieBasis,1,,,,
lsa:GEMEINDE:15086140,Zweitstimmen,F9,Tierschutzpartei,7,,,,
lsa:GEMEINDE:15086145,Erststimmen,D1,CDU,28,,,,
lsa:GEMEINDE:15086145,Erststimmen,D15,BSW,6,,,,
lsa:GEMEINDE:15086145,Erststimmen,D2,AfD,40,,,,
lsa:GEMEINDE:15086145,Erststimmen,D21,Anderer Kreiswahlvorschlag,2,,,,
lsa:GEMEINDE:15086145,Erststimmen,D3,Die Linke,13,,,,
lsa:GEMEINDE:15086145,Erststimmen,D4,SPD,12,,,,
lsa:GEMEINDE:15086145,Erststimmen,D5,FDP,3,,,,
lsa:GEMEINDE:15086145,Erststimmen,D6,GRÜNE,8,,,,
lsa:GEMEINDE:15086145,Erststimmen,D7,FREIE WÄHLER,10,,,,
lsa:GEMEINDE:15086145,Zweitstimmen,F1,CDU,23,,,,
lsa:GEMEINDE:15086145,Zweitstimmen,F10,Gartenpartei,0,,,,
lsa:GEMEINDE:15086145,Zweitstimmen,F11,Die PARTEI,0,,,,
lsa:GEMEINDE:15086145,Zweitstimmen,F12,TIERSCHUTZALLIANZ,0,,,,
lsa:GEMEINDE:15086145,Zweitstimmen,F15,BSW,5,,,,
lsa:GEMEINDE:15086145,Zweitstimmen,F19,PdF,0,,,,
lsa:GEMEINDE:15086145,Zweitstimmen,F2,AfD,44,,,,
lsa:GEMEINDE:15086145,Zweitstimmen,F20,Volt,2,,,,
lsa:GEMEINDE:15086145,Zweitstimmen,F3,Die Linke,16,,,,
lsa:GEMEINDE:15086145,Zweitstimmen,F4,SPD,16,,,,
lsa:GEMEINDE:15086145,Zweitstimmen,F5,FDP,1,,,,
lsa:GEMEINDE:15086145,Zweitstimmen,F6,GRÜNE,10,,,,
lsa:GEMEINDE:15086145,Zweitstimmen,F7,FREIE WÄHLER,1,,,,
lsa:GEMEINDE:15086145,Zweitstimmen,F8,dieBasis,0,,,,
lsa:GEMEINDE:15086145,Zweitstimmen,F9,Tierschutzpartei,3,,,,
lsa:GEMEINDE:15087010,Erststimmen,D1,CDU,0,,,,
lsa:GEMEINDE:15087010,Erststimmen,D19,PdF,0,,,,
lsa:GEMEINDE:15087010,Erststimmen,D2,AfD,0,,,,
lsa:GEMEINDE:15087010,Erststimmen,D3,Die Linke,0,,,,
lsa:GEMEINDE:15087010,Erststimmen,D4,SPD,0,,,,
lsa:GEMEINDE:15087010,Erststimmen,D5,FDP,0,,,,
lsa:GEMEINDE:15087010,Erststimmen,D6,GRÜNE,0,,,,
lsa:GEMEINDE:15087010,Zweitstimmen,F1,CDU,0,,,,
lsa:GEMEINDE:15087010,Zweitstimmen,F10,Gartenpartei,0,,,,
lsa:GEMEINDE:15087010,Zweitstimmen,F11,Die PARTEI,0,,,,
lsa:GEMEINDE:15087010,Zweitstimmen,F12,TIERSCHUTZALLIANZ,0,,,,
lsa:GEMEINDE:15087010,Zweitstimmen,F15,BSW,0,,,,
lsa:GEMEINDE:15087010,Zweitstimmen,F19,PdF,0,,,,
lsa:GEMEINDE:15087010,Zweitstimmen,F2,AfD,0,,,,
lsa:GEMEINDE:15087010,Zweitstimmen,F20,Volt,0,,,,
lsa:GEMEINDE:15087010,Zweitstimmen,F3,Die Linke,0,,,,
lsa:GEMEINDE:15087010,Zweitstimmen,F4,SPD,0,,,,
lsa:GEMEINDE:15087010,Zweitstimmen,F5,FDP,0,,,,
lsa:GEMEINDE:15087010,Zweitstimmen,F6,GRÜNE,0,,,,
lsa:GEMEINDE:15087010,Zweitstimmen,F7,FREIE WÄHLER,0,,,,
lsa:GEMEINDE:15087010,Zweitstimmen,F8,dieBasis,0,,,,
lsa:GEMEINDE:15087010,Zweitstimmen,F9,Tierschutzpartei,0,,,,
lsa:GEMEINDE:15087015,Erststimmen,D1,CDU,447,,,,
lsa:GEMEINDE:15087015,Erststimmen,D19,PdF,91,,,,
lsa:GEMEINDE:15087015,Erststimmen,D2,AfD,1646,,,,
lsa:GEMEINDE:15087015,Erststimmen,D3,Die Linke,211,,,,
lsa:GEMEINDE:15087015,Erststimmen,D4,SPD,186,,,,
lsa:GEMEINDE:15087015,Erststimmen,D5,FDP,78,,,,
lsa:GEMEINDE:15087015,Erststimmen,D6,GRÜNE,46,,,,
lsa:GEMEINDE:15087015,Zweitstimmen,F1,CDU,379,,,,
lsa:GEMEINDE:15087015,Zweitstimmen,F10,Gartenpartei,17,,,,
lsa:GEMEINDE:15087015,Zweitstimmen,F11,Die PARTEI,5,,,,
lsa:GEMEINDE:15087015,Zweitstimmen,F12,TIERSCHUTZALLIANZ,17,,,,
lsa:GEMEINDE:15087015,Zweitstimmen,F15,BSW,175,,,,
lsa:GEMEINDE:15087015,Zweitstimmen,F19,PdF,36,,,,
lsa:GEMEINDE:15087015,Zweitstimmen,F2,AfD,1564,,,,
lsa:GEMEINDE:15087015,Zweitstimmen,F20,Volt,4,,,,
lsa:GEMEINDE:15087015,Zweitstimmen,F3,Die Linke,154,,,,
lsa:GEMEINDE:15087015,Zweitstimmen,F4,SPD,176,,,,
lsa:GEMEINDE:15087015,Zweitstimmen,F5,FDP,54,,,,
lsa:GEMEINDE:15087015,Zweitstimmen,F6,GRÜNE,84,,,,
lsa:GEMEINDE:15087015,Zweitstimmen,F7,FREIE WÄHLER,17,,,,
lsa:GEMEINDE:15087015,Zweitstimmen,F8,dieBasis,1,,,,
lsa:GEMEINDE:15087015,Zweitstimmen,F9,Tierschutzpartei,33,,,,
lsa:GEMEINDE:15087031,Erststimmen,D1,CDU,523,,,,
lsa:GEMEINDE:15087031,Erststimmen,D15,BSW,191,,,,
lsa:GEMEINDE:15087031,Erststimmen,D19,PdF,141,,,,
lsa:GEMEINDE:15087031,Erststimmen,D2,AfD,1909,,,,
lsa:GEMEINDE:15087031,Erststimmen,D3,Die Linke,254,,,,
lsa:GEMEINDE:15087031,Erststimmen,D4,SPD,176,,,,
lsa:GEMEINDE:15087031,Erststimmen,D5,FDP,57,,,,
lsa:GEMEINDE:15087031,Erststimmen,D6,GRÜNE,58,,,,
lsa:GEMEINDE:15087031,Zweitstimmen,F1,CDU,504,,,,
lsa:GEMEINDE:15087031,Zweitstimmen,F10,Gartenpartei,12,,,,
lsa:GEMEINDE:15087031,Zweitstimmen,F11,Die PARTEI,6,,,,
lsa:GEMEINDE:15087031,Zweitstimmen,F12,TIERSCHUTZALLIANZ,24,,,,
lsa:GEMEINDE:15087031,Zweitstimmen,F15,BSW,176,,,,
lsa:GEMEINDE:15087031,Zweitstimmen,F19,PdF,49,,,,
lsa:GEMEINDE:15087031,Zweitstimmen,F2,AfD,1943,,,,
lsa:GEMEINDE:15087031,Zweitstimmen,F20,Volt,6,,,,
lsa:GEMEINDE:15087031,Zweitstimmen,F3,Die Linke,215,,,,
lsa:GEMEINDE:15087031,Zweitstimmen,F4,SPD,184,,,,
lsa:GEMEINDE:15087031,Zweitstimmen,F5,FDP,46,,,,
lsa:GEMEINDE:15087031,Zweitstimmen,F6,GRÜNE,97,,,,
lsa:GEMEINDE:15087031,Zweitstimmen,F7,FREIE WÄHLER,22,,,,
lsa:GEMEINDE:15087031,Zweitstimmen,F8,dieBasis,5,,,,
lsa:GEMEINDE:15087031,Zweitstimmen,F9,Tierschutzpartei,21,,,,
lsa:GEMEINDE:15087045,Erststimmen,D1,CDU,0,,,,
lsa:GEMEINDE:15087045,Erststimmen,D19,PdF,0,,,,
lsa:GEMEINDE:15087045,Erststimmen,D2,AfD,0,,,,
lsa:GEMEINDE:15087045,Erststimmen,D3,Die Linke,0,,,,
lsa:GEMEINDE:15087045,Erststimmen,D4,SPD,0,,,,
lsa:GEMEINDE:15087045,Erststimmen,D5,FDP,0,,,,
lsa:GEMEINDE:15087045,Erststimmen,D6,GRÜNE,0,,,,
lsa:GEMEINDE:15087045,Zweitstimmen,F1,CDU,0,,,,
lsa:GEMEINDE:15087045,Zweitstimmen,F10,Gartenpartei,0,,,,
lsa:GEMEINDE:15087045,Zweitstimmen,F11,Die PARTEI,0,,,,
lsa:GEMEINDE:15087045,Zweitstimmen,F12,TIERSCHUTZALLIANZ,0,,,,
lsa:GEMEINDE:15087045,Zweitstimmen,F15,BSW,0,,,,
lsa:GEMEINDE:15087045,Zweitstimmen,F19,PdF,0,,,,
lsa:GEMEINDE:15087045,Zweitstimmen,F2,AfD,0,,,,
lsa:GEMEINDE:15087045,Zweitstimmen,F20,Volt,0,,,,
lsa:GEMEINDE:15087045,Zweitstimmen,F3,Die Linke,0,,,,
lsa:GEMEINDE:15087045,Zweitstimmen,F4,SPD,0,,,,
lsa:GEMEINDE:15087045,Zweitstimmen,F5,FDP,0,,,,
lsa:GEMEINDE:15087045,Zweitstimmen,F6,GRÜNE,0,,,,
lsa:GEMEINDE:15087045,Zweitstimmen,F7,FREIE WÄHLER,0,,,,
lsa:GEMEINDE:15087045,Zweitstimmen,F8,dieBasis,0,,,,
lsa:GEMEINDE:15087045,Zweitstimmen,F9,Tierschutzpartei,0,,,,
lsa:GEMEINDE:15087055,Erststimmen,D1,CDU,150,,,,
lsa:GEMEINDE:15087055,Erststimmen,D19,PdF,9,,,,
lsa:GEMEINDE:15087055,Erststimmen,D2,AfD,233,,,,
lsa:GEMEINDE:15087055,Erststimmen,D3,Die Linke,32,,,,
lsa:GEMEINDE:15087055,Erststimmen,D4,SPD,30,,,,
lsa:GEMEINDE:15087055,Erststimmen,D5,FDP,24,,,,
lsa:GEMEINDE:15087055,Erststimmen,D6,GRÜNE,16,,,,
lsa:GEMEINDE:15087055,Zweitstimmen,F1,CDU,115,,,,
lsa:GEMEINDE:15087055,Zweitstimmen,F10,Gartenpartei,2,,,,
lsa:GEMEINDE:15087055,Zweitstimmen,F11,Die PARTEI,0,,,,
lsa:GEMEINDE:15087055,Zweitstimmen,F12,TIERSCHUTZALLIANZ,0,,,,
lsa:GEMEINDE:15087055,Zweitstimmen,F15,BSW,32,,,,
lsa:GEMEINDE:15087055,Zweitstimmen,F19,PdF,2,,,,
lsa:GEMEINDE:15087055,Zweitstimmen,F2,AfD,228,,,,
lsa:GEMEINDE:15087055,Zweitstimmen,F20,Volt,0,,,,
lsa:GEMEINDE:15087055,Zweitstimmen,F3,Die Linke,25,,,,
lsa:GEMEINDE:15087055,Zweitstimmen,F4,SPD,46,,,,
lsa:GEMEINDE:15087055,Zweitstimmen,F5,FDP,15,,,,
lsa:GEMEINDE:15087055,Zweitstimmen,F6,GRÜNE,21,,,,
lsa:GEMEINDE:15087055,Zweitstimmen,F7,FREIE WÄHLER,3,,,,
lsa:GEMEINDE:15087055,Zweitstimmen,F8,dieBasis,2,,,,
lsa:GEMEINDE:15087055,Zweitstimmen,F9,Tierschutzpartei,4,,,,
lsa:GEMEINDE:15087070,Erststimmen,D1,CDU,106,,,,
lsa:GEMEINDE:15087070,Erststimmen,D19,PdF,12,,,,
lsa:GEMEINDE:15087070,Erststimmen,D2,AfD,371,,,,
lsa:GEMEINDE:15087070,Erststimmen,D3,Die Linke,45,,,,
lsa:GEMEINDE:15087070,Erststimmen,D4,SPD,29,,,,
lsa:GEMEINDE:15087070,Erststimmen,D5,FDP,23,,,,
lsa:GEMEINDE:15087070,Erststimmen,D6,GRÜNE,4,,,,
lsa:GEMEINDE:15087070,Zweitstimmen,F1,CDU,83,,,,
lsa:GEMEINDE:15087070,Zweitstimmen,F10,Gartenpartei,2,,,,
lsa:GEMEINDE:15087070,Zweitstimmen,F11,Die PARTEI,1,,,,
lsa:GEMEINDE:15087070,Zweitstimmen,F12,TIERSCHUTZALLIANZ,5,,,,
lsa:GEMEINDE:15087070,Zweitstimmen,F15,BSW,25,,,,
lsa:GEMEINDE:15087070,Zweitstimmen,F19,PdF,3,,,,
lsa:GEMEINDE:15087070,Zweitstimmen,F2,AfD,357,,,,
lsa:GEMEINDE:15087070,Zweitstimmen,F20,Volt,2,,,,
lsa:GEMEINDE:15087070,Zweitstimmen,F3,Die Linke,40,,,,
lsa:GEMEINDE:15087070,Zweitstimmen,F4,SPD,31,,,,
lsa:GEMEINDE:15087070,Zweitstimmen,F5,FDP,18,,,,
lsa:GEMEINDE:15087070,Zweitstimmen,F6,GRÜNE,10,,,,
lsa:GEMEINDE:15087070,Zweitstimmen,F7,FREIE WÄHLER,7,,,,
lsa:GEMEINDE:15087070,Zweitstimmen,F8,dieBasis,0,,,,
lsa:GEMEINDE:15087070,Zweitstimmen,F9,Tierschutzpartei,8,,,,
lsa:GEMEINDE:15087075,Erststimmen,D1,CDU,103,,,,
lsa:GEMEINDE:15087075,Erststimmen,D19,PdF,2,,,,
lsa:GEMEINDE:15087075,Erststimmen,D2,AfD,275,,,,
lsa:GEMEINDE:15087075,Erststimmen,D3,Die Linke,40,,,,
lsa:GEMEINDE:15087075,Erststimmen,D4,SPD,42,,,,
lsa:GEMEINDE:15087075,Erststimmen,D5,FDP,22,,,,
lsa:GEMEINDE:15087075,Erststimmen,D6,GRÜNE,6,,,,
lsa:GEMEINDE:15087075,Zweitstimmen,F1,CDU,82,,,,
lsa:GEMEINDE:15087075,Zweitstimmen,F10,Gartenpartei,1,,,,
lsa:GEMEINDE:15087075,Zweitstimmen,F11,Die PARTEI,2,,,,
lsa:GEMEINDE:15087075,Zweitstimmen,F12,TIERSCHUTZALLIANZ,3,,,,
lsa:GEMEINDE:15087075,Zweitstimmen,F15,BSW,20,,,,
lsa:GEMEINDE:15087075,Zweitstimmen,F19,PdF,0,,,,
lsa:GEMEINDE:15087075,Zweitstimmen,F2,AfD,267,,,,
lsa:GEMEINDE:15087075,Zweitstimmen,F20,Volt,2,,,,
lsa:GEMEINDE:15087075,Zweitstimmen,F3,Die Linke,30,,,,
lsa:GEMEINDE:15087075,Zweitstimmen,F4,SPD,47,,,,
lsa:GEMEINDE:15087075,Zweitstimmen,F5,FDP,7,,,,
lsa:GEMEINDE:15087075,Zweitstimmen,F6,GRÜNE,13,,,,
lsa:GEMEINDE:15087075,Zweitstimmen,F7,FREIE WÄHLER,8,,,,
lsa:GEMEINDE:15087075,Zweitstimmen,F8,dieBasis,0,,,,
lsa:GEMEINDE:15087075,Zweitstimmen,F9,Tierschutzpartei,10,,,,
lsa:GEMEINDE:15087101,Erststimmen,D1,CDU,123,,,,
lsa:GEMEINDE:15087101,Erststimmen,D19,PdF,8,,,,
lsa:GEMEINDE:15087101,Erststimmen,D2,AfD,328,,,,
lsa:GEMEINDE:15087101,Erststimmen,D3,Die Linke,51,,,,
lsa:GEMEINDE:15087101,Erststimmen,D4,SPD,35,,,,
lsa:GEMEINDE:15087101,Erststimmen,D5,FDP,13,,,,
lsa:GEMEINDE:15087101,Erststimmen,D6,GRÜNE,10,,,,
lsa:GEMEINDE:15087101,Zweitstimmen,F1,CDU,100,,,,
lsa:GEMEINDE:15087101,Zweitstimmen,F10,Gartenpartei,3,,,,
lsa:GEMEINDE:15087101,Zweitstimmen,F11,Die PARTEI,1,,,,
lsa:GEMEINDE:15087101,Zweitstimmen,F12,TIERSCHUTZALLIANZ,3,,,,
lsa:GEMEINDE:15087101,Zweitstimmen,F15,BSW,25,,,,
lsa:GEMEINDE:15087101,Zweitstimmen,F19,PdF,1,,,,
lsa:GEMEINDE:15087101,Zweitstimmen,F2,AfD,316,,,,
lsa:GEMEINDE:15087101,Zweitstimmen,F20,Volt,3,,,,
lsa:GEMEINDE:15087101,Zweitstimmen,F3,Die Linke,39,,,,
lsa:GEMEINDE:15087101,Zweitstimmen,F4,SPD,39,,,,
lsa:GEMEINDE:15087101,Zweitstimmen,F5,FDP,9,,,,
lsa:GEMEINDE:15087101,Zweitstimmen,F6,GRÜNE,17,,,,
lsa:GEMEINDE:15087101,Zweitstimmen,F7,FREIE WÄHLER,1,,,,
lsa:GEMEINDE:15087101,Zweitstimmen,F8,dieBasis,2,,,,
lsa:GEMEINDE:15087101,Zweitstimmen,F9,Tierschutzpartei,9,,,,
lsa:GEMEINDE:15087125,Erststimmen,D1,CDU,0,,,,
lsa:GEMEINDE:15087125,Erststimmen,D19,PdF,0,,,,
lsa:GEMEINDE:15087125,Erststimmen,D2,AfD,0,,,,
lsa:GEMEINDE:15087125,Erststimmen,D3,Die Linke,0,,,,
lsa:GEMEINDE:15087125,Erststimmen,D4,SPD,0,,,,
lsa:GEMEINDE:15087125,Erststimmen,D5,FDP,0,,,,
lsa:GEMEINDE:15087125,Erststimmen,D6,GRÜNE,0,,,,
lsa:GEMEINDE:15087125,Zweitstimmen,F1,CDU,0,,,,
lsa:GEMEINDE:15087125,Zweitstimmen,F10,Gartenpartei,0,,,,
lsa:GEMEINDE:15087125,Zweitstimmen,F11,Die PARTEI,0,,,,
lsa:GEMEINDE:15087125,Zweitstimmen,F12,TIERSCHUTZALLIANZ,0,,,,
lsa:GEMEINDE:15087125,Zweitstimmen,F15,BSW,0,,,,
lsa:GEMEINDE:15087125,Zweitstimmen,F19,PdF,0,,,,
lsa:GEMEINDE:15087125,Zweitstimmen,F2,AfD,0,,,,
lsa:GEMEINDE:15087125,Zweitstimmen,F20,Volt,0,,,,
lsa:GEMEINDE:15087125,Zweitstimmen,F3,Die Linke,0,,,,
lsa:GEMEINDE:15087125,Zweitstimmen,F4,SPD,0,,,,
lsa:GEMEINDE:15087125,Zweitstimmen,F5,FDP,0,,,,
lsa:GEMEINDE:15087125,Zweitstimmen,F6,GRÜNE,0,,,,
lsa:GEMEINDE:15087125,Zweitstimmen,F7,FREIE WÄHLER,0,,,,
lsa:GEMEINDE:15087125,Zweitstimmen,F8,dieBasis,0,,,,
lsa:GEMEINDE:15087125,Zweitstimmen,F9,Tierschutzpartei,0,,,,
lsa:GEMEINDE:15087130,Erststimmen,D1,CDU,1581,,,,
lsa:GEMEINDE:15087130,Erststimmen,D19,PdF,88,,,,
lsa:GEMEINDE:15087130,Erststimmen,D2,AfD,4256,,,,
lsa:GEMEINDE:15087130,Erststimmen,D3,Die Linke,724,,,,
lsa:GEMEINDE:15087130,Erststimmen,D4,SPD,418,,,,
lsa:GEMEINDE:15087130,Erststimmen,D5,FDP,249,,,,
lsa:GEMEINDE:15087130,Erststimmen,D6,GRÜNE,140,,,,
lsa:GEMEINDE:15087130,Zweitstimmen,F1,CDU,1184,,,,
lsa:GEMEINDE:15087130,Zweitstimmen,F10,Gartenpartei,34,,,,
lsa:GEMEINDE:15087130,Zweitstimmen,F11,Die PARTEI,15,,,,
lsa:GEMEINDE:15087130,Zweitstimmen,F12,TIERSCHUTZALLIANZ,37,,,,
lsa:GEMEINDE:15087130,Zweitstimmen,F15,BSW,359,,,,
lsa:GEMEINDE:15087130,Zweitstimmen,F19,PdF,26,,,,
lsa:GEMEINDE:15087130,Zweitstimmen,F2,AfD,4158,,,,
lsa:GEMEINDE:15087130,Zweitstimmen,F20,Volt,12,,,,
lsa:GEMEINDE:15087130,Zweitstimmen,F3,Die Linke,550,,,,
lsa:GEMEINDE:15087130,Zweitstimmen,F4,SPD,508,,,,
lsa:GEMEINDE:15087130,Zweitstimmen,F5,FDP,192,,,,
lsa:GEMEINDE:15087130,Zweitstimmen,F6,GRÜNE,282,,,,
lsa:GEMEINDE:15087130,Zweitstimmen,F7,FREIE WÄHLER,55,,,,
lsa:GEMEINDE:15087130,Zweitstimmen,F8,dieBasis,6,,,,
lsa:GEMEINDE:15087130,Zweitstimmen,F9,Tierschutzpartei,60,,,,
lsa:GEMEINDE:15087165,Erststimmen,D1,CDU,380,,,,
lsa:GEMEINDE:15087165,Erststimmen,D19,PdF,21,,,,
lsa:GEMEINDE:15087165,Erststimmen,D2,AfD,1373,,,,
lsa:GEMEINDE:15087165,Erststimmen,D3,Die Linke,169,,,,
lsa:GEMEINDE:15087165,Erststimmen,D4,SPD,95,,,,
lsa:GEMEINDE:15087165,Erststimmen,D5,FDP,80,,,,
lsa:GEMEINDE:15087165,Erststimmen,D6,GRÜNE,39,,,,
lsa:GEMEINDE:15087165,Zweitstimmen,F1,CDU,303,,,,
lsa:GEMEINDE:15087165,Zweitstimmen,F10,Gartenpartei,10,,,,
lsa:GEMEINDE:15087165,Zweitstimmen,F11,Die PARTEI,2,,,,
lsa:GEMEINDE:15087165,Zweitstimmen,F12,TIERSCHUTZALLIANZ,11,,,,
lsa:GEMEINDE:15087165,Zweitstimmen,F15,BSW,101,,,,
lsa:GEMEINDE:15087165,Zweitstimmen,F19,PdF,10,,,,
lsa:GEMEINDE:15087165,Zweitstimmen,F2,AfD,1334,,,,
lsa:GEMEINDE:15087165,Zweitstimmen,F20,Volt,5,,,,
lsa:GEMEINDE:15087165,Zweitstimmen,F3,Die Linke,121,,,,
lsa:GEMEINDE:15087165,Zweitstimmen,F4,SPD,112,,,,
lsa:GEMEINDE:15087165,Zweitstimmen,F5,FDP,52,,,,
lsa:GEMEINDE:15087165,Zweitstimmen,F6,GRÜNE,76,,,,
lsa:GEMEINDE:15087165,Zweitstimmen,F7,FREIE WÄHLER,13,,,,
lsa:GEMEINDE:15087165,Zweitstimmen,F8,dieBasis,3,,,,
lsa:GEMEINDE:15087165,Zweitstimmen,F9,Tierschutzpartei,16,,,,
lsa:GEMEINDE:15087205,Erststimmen,D1,CDU,0,,,,
lsa:GEMEINDE:15087205,Erststimmen,D19,PdF,0,,,,
lsa:GEMEINDE:15087205,Erststimmen,D2,AfD,0,,,,
lsa:GEMEINDE:15087205,Erststimmen,D3,Die Linke,0,,,,
lsa:GEMEINDE:15087205,Erststimmen,D4,SPD,0,,,,
lsa:GEMEINDE:15087205,Erststimmen,D5,FDP,0,,,,
lsa:GEMEINDE:15087205,Erststimmen,D6,GRÜNE,0,,,,
lsa:GEMEINDE:15087205,Zweitstimmen,F1,CDU,0,,,,
lsa:GEMEINDE:15087205,Zweitstimmen,F10,Gartenpartei,0,,,,
lsa:GEMEINDE:15087205,Zweitstimmen,F11,Die PARTEI,0,,,,
lsa:GEMEINDE:15087205,Zweitstimmen,F12,TIERSCHUTZALLIANZ,0,,,,
lsa:GEMEINDE:15087205,Zweitstimmen,F15,BSW,0,,,,
lsa:GEMEINDE:15087205,Zweitstimmen,F19,PdF,0,,,,
lsa:GEMEINDE:15087205,Zweitstimmen,F2,AfD,0,,,,
lsa:GEMEINDE:15087205,Zweitstimmen,F20,Volt,0,,,,
lsa:GEMEINDE:15087205,Zweitstimmen,F3,Die Linke,0,,,,
lsa:GEMEINDE:15087205,Zweitstimmen,F4,SPD,0,,,,
lsa:GEMEINDE:15087205,Zweitstimmen,F5,FDP,0,,,,
lsa:GEMEINDE:15087205,Zweitstimmen,F6,GRÜNE,0,,,,
lsa:GEMEINDE:15087205,Zweitstimmen,F7,FREIE WÄHLER,0,,,,
lsa:GEMEINDE:15087205,Zweitstimmen,F8,dieBasis,0,,,,
lsa:GEMEINDE:15087205,Zweitstimmen,F9,Tierschutzpartei,0,,,,
lsa:GEMEINDE:15087210,Erststimmen,D1,CDU,133,,,,
lsa:GEMEINDE:15087210,Erststimmen,D19,PdF,2,,,,
lsa:GEMEINDE:15087210,Erststimmen,D2,AfD,387,,,,
lsa:GEMEINDE:15087210,Erststimmen,D3,Die Linke,54,,,,
lsa:GEMEINDE:15087210,Erststimmen,D4,SPD,31,,,,
lsa:GEMEINDE:15087210,Erststimmen,D5,FDP,32,,,,
lsa:GEMEINDE:15087210,Erststimmen,D6,GRÜNE,8,,,,
lsa:GEMEINDE:15087210,Zweitstimmen,F1,CDU,113,,,,
lsa:GEMEINDE:15087210,Zweitstimmen,F10,Gartenpartei,1,,,,
lsa:GEMEINDE:15087210,Zweitstimmen,F11,Die PARTEI,3,,,,
lsa:GEMEINDE:15087210,Zweitstimmen,F12,TIERSCHUTZALLIANZ,3,,,,
lsa:GEMEINDE:15087210,Zweitstimmen,F15,BSW,30,,,,
lsa:GEMEINDE:15087210,Zweitstimmen,F19,PdF,1,,,,
lsa:GEMEINDE:15087210,Zweitstimmen,F2,AfD,379,,,,
lsa:GEMEINDE:15087210,Zweitstimmen,F20,Volt,1,,,,
lsa:GEMEINDE:15087210,Zweitstimmen,F3,Die Linke,38,,,,
lsa:GEMEINDE:15087210,Zweitstimmen,F4,SPD,34,,,,
lsa:GEMEINDE:15087210,Zweitstimmen,F5,FDP,17,,,,
lsa:GEMEINDE:15087210,Zweitstimmen,F6,GRÜNE,9,,,,
lsa:GEMEINDE:15087210,Zweitstimmen,F7,FREIE WÄHLER,11,,,,
lsa:GEMEINDE:15087210,Zweitstimmen,F8,dieBasis,0,,,,
lsa:GEMEINDE:15087210,Zweitstimmen,F9,Tierschutzpartei,7,,,,
lsa:GEMEINDE:15087220,Erststimmen,D1,CDU,1043,,,,
lsa:GEMEINDE:15087220,Erststimmen,D19,PdF,88,,,,
lsa:GEMEINDE:15087220,Erststimmen,D2,AfD,3221,,,,
lsa:GEMEINDE:15087220,Erststimmen,D3,Die Linke,678,,,,
lsa:GEMEINDE:15087220,Erststimmen,D4,SPD,302,,,,
lsa:GEMEINDE:15087220,Erststimmen,D5,FDP,173,,,,
lsa:GEMEINDE:15087220,Erststimmen,D6,GRÜNE,88,,,,
lsa:GEMEINDE:15087220,Zweitstimmen,F1,CDU,929,,,,
lsa:GEMEINDE:15087220,Zweitstimmen,F10,Gartenpartei,15,,,,
lsa:GEMEINDE:15087220,Zweitstimmen,F11,Die PARTEI,6,,,,
lsa:GEMEINDE:15087220,Zweitstimmen,F12,TIERSCHUTZALLIANZ,25,,,,
lsa:GEMEINDE:15087220,Zweitstimmen,F15,BSW,290,,,,
lsa:GEMEINDE:15087220,Zweitstimmen,F19,PdF,45,,,,
lsa:GEMEINDE:15087220,Zweitstimmen,F2,AfD,3082,,,,
lsa:GEMEINDE:15087220,Zweitstimmen,F20,Volt,14,,,,
lsa:GEMEINDE:15087220,Zweitstimmen,F3,Die Linke,461,,,,
lsa:GEMEINDE:15087220,Zweitstimmen,F4,SPD,376,,,,
lsa:GEMEINDE:15087220,Zweitstimmen,F5,FDP,121,,,,
lsa:GEMEINDE:15087220,Zweitstimmen,F6,GRÜNE,167,,,,
lsa:GEMEINDE:15087220,Zweitstimmen,F7,FREIE WÄHLER,31,,,,
lsa:GEMEINDE:15087220,Zweitstimmen,F8,dieBasis,9,,,,
lsa:GEMEINDE:15087220,Zweitstimmen,F9,Tierschutzpartei,42,,,,
lsa:GEMEINDE:15087250,Erststimmen,D1,CDU,465,,,,
lsa:GEMEINDE:15087250,Erststimmen,D19,PdF,29,,,,
lsa:GEMEINDE:15087250,Erststimmen,D2,AfD,1051,,,,
lsa:GEMEINDE:15087250,Erststimmen,D3,Die Linke,212,,,,
lsa:GEMEINDE:15087250,Erststimmen,D4,SPD,130,,,,
lsa:GEMEINDE:15087250,Erststimmen,D5,FDP,83,,,,
lsa:GEMEINDE:15087250,Erststimmen,D6,GRÜNE,62,,,,
lsa:GEMEINDE:15087250,Zweitstimmen,F1,CDU,343,,,,
lsa:GEMEINDE:15087250,Zweitstimmen,F10,Gartenpartei,6,,,,
lsa:GEMEINDE:15087250,Zweitstimmen,F11,Die PARTEI,3,,,,
lsa:GEMEINDE:15087250,Zweitstimmen,F12,TIERSCHUTZALLIANZ,7,,,,
lsa:GEMEINDE:15087250,Zweitstimmen,F15,BSW,96,,,,
lsa:GEMEINDE:15087250,Zweitstimmen,F19,PdF,13,,,,
lsa:GEMEINDE:15087250,Zweitstimmen,F2,AfD,1015,,,,
lsa:GEMEINDE:15087250,Zweitstimmen,F20,Volt,5,,,,
lsa:GEMEINDE:15087250,Zweitstimmen,F3,Die Linke,170,,,,
lsa:GEMEINDE:15087250,Zweitstimmen,F4,SPD,151,,,,
lsa:GEMEINDE:15087250,Zweitstimmen,F5,FDP,55,,,,
lsa:GEMEINDE:15087250,Zweitstimmen,F6,GRÜNE,109,,,,
lsa:GEMEINDE:15087250,Zweitstimmen,F7,FREIE WÄHLER,23,,,,
lsa:GEMEINDE:15087250,Zweitstimmen,F8,dieBasis,0,,,,
lsa:GEMEINDE:15087250,Zweitstimmen,F9,Tierschutzpartei,37,,,,
lsa:GEMEINDE:15087260,Erststimmen,D1,CDU,128,,,,
lsa:GEMEINDE:15087260,Erststimmen,D19,PdF,8,,,,
lsa:GEMEINDE:15087260,Erststimmen,D2,AfD,96,,,,
lsa:GEMEINDE:15087260,Erststimmen,D3,Die Linke,47,,,,
lsa:GEMEINDE:15087260,Erststimmen,D4,SPD,12,,,,
lsa:GEMEINDE:15087260,Erststimmen,D5,FDP,17,,,,
lsa:GEMEINDE:15087260,Erststimmen,D6,GRÜNE,15,,,,
lsa:GEMEINDE:15087260,Zweitstimmen,F1,CDU,102,,,,
lsa:GEMEINDE:15087260,Zweitstimmen,F10,Gartenpartei,1,,,,
lsa:GEMEINDE:15087260,Zweitstimmen,F11,Die PARTEI,0,,,,
lsa:GEMEINDE:15087260,Zweitstimmen,F12,TIERSCHUTZALLIANZ,2,,,,
lsa:GEMEINDE:15087260,Zweitstimmen,F15,BSW,10,,,,
lsa:GEMEINDE:15087260,Zweitstimmen,F19,PdF,6,,,,
lsa:GEMEINDE:15087260,Zweitstimmen,F2,AfD,91,,,,
lsa:GEMEINDE:15087260,Zweitstimmen,F20,Volt,1,,,,
lsa:GEMEINDE:15087260,Zweitstimmen,F3,Die Linke,31,,,,
lsa:GEMEINDE:15087260,Zweitstimmen,F4,SPD,30,,,,
lsa:GEMEINDE:15087260,Zweitstimmen,F5,FDP,19,,,,
lsa:GEMEINDE:15087260,Zweitstimmen,F6,GRÜNE,29,,,,
lsa:GEMEINDE:15087260,Zweitstimmen,F7,FREIE WÄHLER,0,,,,
lsa:GEMEINDE:15087260,Zweitstimmen,F8,dieBasis,1,,,,
lsa:GEMEINDE:15087260,Zweitstimmen,F9,Tierschutzpartei,2,,,,
lsa:GEMEINDE:15087275,Erststimmen,D1,CDU,388,,,,
lsa:GEMEINDE:15087275,Erststimmen,D19,PdF,57,,,,
lsa:GEMEINDE:15087275,Erststimmen,D2,AfD,1418,,,,
lsa:GEMEINDE:15087275,Erststimmen,D3,Die Linke,200,,,,
lsa:GEMEINDE:15087275,Erststimmen,D4,SPD,94,,,,
lsa:GEMEINDE:15087275,Erststimmen,D5,FDP,68,,,,
lsa:GEMEINDE:15087275,Erststimmen,D6,GRÜNE,39,,,,
lsa:GEMEINDE:15087275,Zweitstimmen,F1,CDU,338,,,,
lsa:GEMEINDE:15087275,Zweitstimmen,F10,Gartenpartei,4,,,,
lsa:GEMEINDE:15087275,Zweitstimmen,F11,Die PARTEI,6,,,,
lsa:GEMEINDE:15087275,Zweitstimmen,F12,TIERSCHUTZALLIANZ,7,,,,
lsa:GEMEINDE:15087275,Zweitstimmen,F15,BSW,98,,,,
lsa:GEMEINDE:15087275,Zweitstimmen,F19,PdF,34,,,,
lsa:GEMEINDE:15087275,Zweitstimmen,F2,AfD,1371,,,,
lsa:GEMEINDE:15087275,Zweitstimmen,F20,Volt,3,,,,
lsa:GEMEINDE:15087275,Zweitstimmen,F3,Die Linke,152,,,,
lsa:GEMEINDE:15087275,Zweitstimmen,F4,SPD,116,,,,
lsa:GEMEINDE:15087275,Zweitstimmen,F5,FDP,47,,,,
lsa:GEMEINDE:15087275,Zweitstimmen,F6,GRÜNE,58,,,,
lsa:GEMEINDE:15087275,Zweitstimmen,F7,FREIE WÄHLER,21,,,,
lsa:GEMEINDE:15087275,Zweitstimmen,F8,dieBasis,3,,,,
lsa:GEMEINDE:15087275,Zweitstimmen,F9,Tierschutzpartei,16,,,,
lsa:GEMEINDE:15087370,Erststimmen,D1,CDU,2137,,,,
lsa:GEMEINDE:15087370,Erststimmen,D19,PdF,77,,,,
lsa:GEMEINDE:15087370,Erststimmen,D2,AfD,3825,,,,
lsa:GEMEINDE:15087370,Erststimmen,D3,Die Linke,787,,,,
lsa:GEMEINDE:15087370,Erststimmen,D4,SPD,422,,,,
lsa:GEMEINDE:15087370,Erststimmen,D5,FDP,250,,,,
lsa:GEMEINDE:15087370,Erststimmen,D6,GRÜNE,156,,,,
lsa:GEMEINDE:15087370,Zweitstimmen,F1,CDU,1501,,,,
lsa:GEMEINDE:15087370,Zweitstimmen,F10,Gartenpartei,39,,,,
lsa:GEMEINDE:15087370,Zweitstimmen,F11,Die PARTEI,22,,,,
lsa:GEMEINDE:15087370,Zweitstimmen,F12,TIERSCHUTZALLIANZ,47,,,,
lsa:GEMEINDE:15087370,Zweitstimmen,F15,BSW,418,,,,
lsa:GEMEINDE:15087370,Zweitstimmen,F19,PdF,33,,,,
lsa:GEMEINDE:15087370,Zweitstimmen,F2,AfD,3695,,,,
lsa:GEMEINDE:15087370,Zweitstimmen,F20,Volt,23,,,,
lsa:GEMEINDE:15087370,Zweitstimmen,F3,Die Linke,616,,,,
lsa:GEMEINDE:15087370,Zweitstimmen,F4,SPD,627,,,,
lsa:GEMEINDE:15087370,Zweitstimmen,F5,FDP,157,,,,
lsa:GEMEINDE:15087370,Zweitstimmen,F6,GRÜNE,344,,,,
lsa:GEMEINDE:15087370,Zweitstimmen,F7,FREIE WÄHLER,62,,,,
lsa:GEMEINDE:15087370,Zweitstimmen,F8,dieBasis,9,,,,
lsa:GEMEINDE:15087370,Zweitstimmen,F9,Tierschutzpartei,83,,,,
lsa:GEMEINDE:15087386,Erststimmen,D1,CDU,617,,,,
lsa:GEMEINDE:15087386,Erststimmen,D19,PdF,100,,,,
lsa:GEMEINDE:15087386,Erststimmen,D2,AfD,2428,,,,
lsa:GEMEINDE:15087386,Erststimmen,D3,Die Linke,351,,,,
lsa:GEMEINDE:15087386,Erststimmen,D4,SPD,169,,,,
lsa:GEMEINDE:15087386,Erststimmen,D5,FDP,116,,,,
lsa:GEMEINDE:15087386,Erststimmen,D6,GRÜNE,38,,,,
lsa:GEMEINDE:15087386,Zweitstimmen,F1,CDU,441,,,,
lsa:GEMEINDE:15087386,Zweitstimmen,F10,Gartenpartei,13,,,,
lsa:GEMEINDE:15087386,Zweitstimmen,F11,Die PARTEI,11,,,,
lsa:GEMEINDE:15087386,Zweitstimmen,F12,TIERSCHUTZALLIANZ,13,,,,
lsa:GEMEINDE:15087386,Zweitstimmen,F15,BSW,195,,,,
lsa:GEMEINDE:15087386,Zweitstimmen,F19,PdF,22,,,,
lsa:GEMEINDE:15087386,Zweitstimmen,F2,AfD,2381,,,,
lsa:GEMEINDE:15087386,Zweitstimmen,F20,Volt,4,,,,
lsa:GEMEINDE:15087386,Zweitstimmen,F3,Die Linke,256,,,,
lsa:GEMEINDE:15087386,Zweitstimmen,F4,SPD,191,,,,
lsa:GEMEINDE:15087386,Zweitstimmen,F5,FDP,84,,,,
lsa:GEMEINDE:15087386,Zweitstimmen,F6,GRÜNE,128,,,,
lsa:GEMEINDE:15087386,Zweitstimmen,F7,FREIE WÄHLER,36,,,,
lsa:GEMEINDE:15087386,Zweitstimmen,F8,dieBasis,8,,,,
lsa:GEMEINDE:15087386,Zweitstimmen,F9,Tierschutzpartei,47,,,,
lsa:GEMEINDE:15087412,Erststimmen,D1,CDU,734,,,,
lsa:GEMEINDE:15087412,Erststimmen,D19,PdF,28,,,,
lsa:GEMEINDE:15087412,Erststimmen,D2,AfD,1193,,,,
lsa:GEMEINDE:15087412,Erststimmen,D3,Die Linke,312,,,,
lsa:GEMEINDE:15087412,Erststimmen,D4,SPD,151,,,,
lsa:GEMEINDE:15087412,Erststimmen,D5,FDP,104,,,,
lsa:GEMEINDE:15087412,Erststimmen,D6,GRÜNE,110,,,,
lsa:GEMEINDE:15087412,Zweitstimmen,F1,CDU,576,,,,
lsa:GEMEINDE:15087412,Zweitstimmen,F10,Gartenpartei,11,,,,
lsa:GEMEINDE:15087412,Zweitstimmen,F11,Die PARTEI,4,,,,
lsa:GEMEINDE:15087412,Zweitstimmen,F12,TIERSCHUTZALLIANZ,5,,,,
lsa:GEMEINDE:15087412,Zweitstimmen,F15,BSW,132,,,,
lsa:GEMEINDE:15087412,Zweitstimmen,F19,PdF,11,,,,
lsa:GEMEINDE:15087412,Zweitstimmen,F2,AfD,1158,,,,
lsa:GEMEINDE:15087412,Zweitstimmen,F20,Volt,10,,,,
lsa:GEMEINDE:15087412,Zweitstimmen,F3,Die Linke,267,,,,
lsa:GEMEINDE:15087412,Zweitstimmen,F4,SPD,215,,,,
lsa:GEMEINDE:15087412,Zweitstimmen,F5,FDP,65,,,,
lsa:GEMEINDE:15087412,Zweitstimmen,F6,GRÜNE,140,,,,
lsa:GEMEINDE:15087412,Zweitstimmen,F7,FREIE WÄHLER,24,,,,
lsa:GEMEINDE:15087412,Zweitstimmen,F8,dieBasis,4,,,,
lsa:GEMEINDE:15087412,Zweitstimmen,F9,Tierschutzpartei,20,,,,
lsa:GEMEINDE:15087440,Erststimmen,D1,CDU,357,,,,
lsa:GEMEINDE:15087440,Erststimmen,D19,PdF,32,,,,
lsa:GEMEINDE:15087440,Erststimmen,D2,AfD,802,,,,
lsa:GEMEINDE:15087440,Erststimmen,D3,Die Linke,137,,,,
lsa:GEMEINDE:15087440,Erststimmen,D4,SPD,81,,,,
lsa:GEMEINDE:15087440,Erststimmen,D5,FDP,51,,,,
lsa:GEMEINDE:15087440,Erststimmen,D6,GRÜNE,38,,,,
lsa:GEMEINDE:15087440,Zweitstimmen,F1,CDU,254,,,,
lsa:GEMEINDE:15087440,Zweitstimmen,F10,Gartenpartei,7,,,,
lsa:GEMEINDE:15087440,Zweitstimmen,F11,Die PARTEI,3,,,,
lsa:GEMEINDE:15087440,Zweitstimmen,F12,TIERSCHUTZALLIANZ,15,,,,
lsa:GEMEINDE:15087440,Zweitstimmen,F15,BSW,97,,,,
lsa:GEMEINDE:15087440,Zweitstimmen,F19,PdF,8,,,,
lsa:GEMEINDE:15087440,Zweitstimmen,F2,AfD,772,,,,
lsa:GEMEINDE:15087440,Zweitstimmen,F20,Volt,8,,,,
lsa:GEMEINDE:15087440,Zweitstimmen,F3,Die Linke,100,,,,
lsa:GEMEINDE:15087440,Zweitstimmen,F4,SPD,112,,,,
lsa:GEMEINDE:15087440,Zweitstimmen,F5,FDP,37,,,,
lsa:GEMEINDE:15087440,Zweitstimmen,F6,GRÜNE,68,,,,
lsa:GEMEINDE:15087440,Zweitstimmen,F7,FREIE WÄHLER,9,,,,
lsa:GEMEINDE:15087440,Zweitstimmen,F8,dieBasis,3,,,,
lsa:GEMEINDE:15087440,Zweitstimmen,F9,Tierschutzpartei,20,,,,
lsa:GEMEINDE:15087470,Erststimmen,D1,CDU,91,,,,
lsa:GEMEINDE:15087470,Erststimmen,D19,PdF,5,,,,
lsa:GEMEINDE:15087470,Erststimmen,D2,AfD,71,,,,
lsa:GEMEINDE:15087470,Erststimmen,D3,Die Linke,38,,,,
lsa:GEMEINDE:15087470,Erststimmen,D4,SPD,14,,,,
lsa:GEMEINDE:15087470,Erststimmen,D5,FDP,10,,,,
lsa:GEMEINDE:15087470,Erststimmen,D6,GRÜNE,1,,,,
lsa:GEMEINDE:15087470,Zweitstimmen,F1,CDU,51,,,,
lsa:GEMEINDE:15087470,Zweitstimmen,F10,Gartenpartei,2,,,,
lsa:GEMEINDE:15087470,Zweitstimmen,F11,Die PARTEI,0,,,,
lsa:GEMEINDE:15087470,Zweitstimmen,F12,TIERSCHUTZALLIANZ,1,,,,
lsa:GEMEINDE:15087470,Zweitstimmen,F15,BSW,24,,,,
lsa:GEMEINDE:15087470,Zweitstimmen,F19,PdF,2,,,,
lsa:GEMEINDE:15087470,Zweitstimmen,F2,AfD,68,,,,
lsa:GEMEINDE:15087470,Zweitstimmen,F20,Volt,0,,,,
lsa:GEMEINDE:15087470,Zweitstimmen,F3,Die Linke,28,,,,
lsa:GEMEINDE:15087470,Zweitstimmen,F4,SPD,31,,,,
lsa:GEMEINDE:15087470,Zweitstimmen,F5,FDP,5,,,,
lsa:GEMEINDE:15087470,Zweitstimmen,F6,GRÜNE,17,,,,
lsa:GEMEINDE:15087470,Zweitstimmen,F7,FREIE WÄHLER,0,,,,
lsa:GEMEINDE:15087470,Zweitstimmen,F8,dieBasis,0,,,,
lsa:GEMEINDE:15087470,Zweitstimmen,F9,Tierschutzpartei,1,,,,
lsa:GEMEINDE:15088020,Erststimmen,D1,CDU,680,,,,
lsa:GEMEINDE:15088020,Erststimmen,D15,BSW,119,,,,
lsa:GEMEINDE:15088020,Erststimmen,D2,AfD,2174,,,,
lsa:GEMEINDE:15088020,Erststimmen,D3,Die Linke,275,,,,
lsa:GEMEINDE:15088020,Erststimmen,D4,SPD,170,,,,
lsa:GEMEINDE:15088020,Erststimmen,D5,FDP,156,,,,
lsa:GEMEINDE:15088020,Erststimmen,D6,GRÜNE,82,,,,
lsa:GEMEINDE:15088020,Zweitstimmen,F1,CDU,558,,,,
lsa:GEMEINDE:15088020,Zweitstimmen,F10,Gartenpartei,10,,,,
lsa:GEMEINDE:15088020,Zweitstimmen,F11,Die PARTEI,7,,,,
lsa:GEMEINDE:15088020,Zweitstimmen,F12,TIERSCHUTZALLIANZ,18,,,,
lsa:GEMEINDE:15088020,Zweitstimmen,F15,BSW,134,,,,
lsa:GEMEINDE:15088020,Zweitstimmen,F19,PdF,5,,,,
lsa:GEMEINDE:15088020,Zweitstimmen,F2,AfD,2147,,,,
lsa:GEMEINDE:15088020,Zweitstimmen,F20,Volt,7,,,,
lsa:GEMEINDE:15088020,Zweitstimmen,F3,Die Linke,223,,,,
lsa:GEMEINDE:15088020,Zweitstimmen,F4,SPD,200,,,,
lsa:GEMEINDE:15088020,Zweitstimmen,F5,FDP,88,,,,
lsa:GEMEINDE:15088020,Zweitstimmen,F6,GRÜNE,179,,,,
lsa:GEMEINDE:15088020,Zweitstimmen,F7,FREIE WÄHLER,32,,,,
lsa:GEMEINDE:15088020,Zweitstimmen,F8,dieBasis,3,,,,
lsa:GEMEINDE:15088020,Zweitstimmen,F9,Tierschutzpartei,44,,,,
lsa:GEMEINDE:15088025,Erststimmen,D1,CDU,345,,,,
lsa:GEMEINDE:15088025,Erststimmen,D19,PdF,28,,,,
lsa:GEMEINDE:15088025,Erststimmen,D2,AfD,1224,,,,
lsa:GEMEINDE:15088025,Erststimmen,D3,Die Linke,107,,,,
lsa:GEMEINDE:15088025,Erststimmen,D4,SPD,82,,,,
lsa:GEMEINDE:15088025,Erststimmen,D5,FDP,56,,,,
lsa:GEMEINDE:15088025,Erststimmen,D6,GRÜNE,33,,,,
lsa:GEMEINDE:15088025,Zweitstimmen,F1,CDU,257,,,,
lsa:GEMEINDE:15088025,Zweitstimmen,F10,Gartenpartei,7,,,,
lsa:GEMEINDE:15088025,Zweitstimmen,F11,Die PARTEI,4,,,,
lsa:GEMEINDE:15088025,Zweitstimmen,F12,TIERSCHUTZALLIANZ,7,,,,
lsa:GEMEINDE:15088025,Zweitstimmen,F15,BSW,84,,,,
lsa:GEMEINDE:15088025,Zweitstimmen,F19,PdF,6,,,,
lsa:GEMEINDE:15088025,Zweitstimmen,F2,AfD,1189,,,,
lsa:GEMEINDE:15088025,Zweitstimmen,F20,Volt,8,,,,
lsa:GEMEINDE:15088025,Zweitstimmen,F3,Die Linke,75,,,,
lsa:GEMEINDE:15088025,Zweitstimmen,F4,SPD,86,,,,
lsa:GEMEINDE:15088025,Zweitstimmen,F5,FDP,31,,,,
lsa:GEMEINDE:15088025,Zweitstimmen,F6,GRÜNE,81,,,,
lsa:GEMEINDE:15088025,Zweitstimmen,F7,FREIE WÄHLER,19,,,,
lsa:GEMEINDE:15088025,Zweitstimmen,F8,dieBasis,3,,,,
lsa:GEMEINDE:15088025,Zweitstimmen,F9,Tierschutzpartei,22,,,,
lsa:GEMEINDE:15088030,Erststimmen,D1,CDU,142,,,,
lsa:GEMEINDE:15088030,Erststimmen,D19,PdF,12,,,,
lsa:GEMEINDE:15088030,Erststimmen,D2,AfD,316,,,,
lsa:GEMEINDE:15088030,Erststimmen,D3,Die Linke,60,,,,
lsa:GEMEINDE:15088030,Erststimmen,D4,SPD,40,,,,
lsa:GEMEINDE:15088030,Erststimmen,D5,FDP,32,,,,
lsa:GEMEINDE:15088030,Erststimmen,D6,GRÜNE,13,,,,
lsa:GEMEINDE:15088030,Zweitstimmen,F1,CDU,122,,,,
lsa:GEMEINDE:15088030,Zweitstimmen,F10,Gartenpartei,2,,,,
lsa:GEMEINDE:15088030,Zweitstimmen,F11,Die PARTEI,3,,,,
lsa:GEMEINDE:15088030,Zweitstimmen,F12,TIERSCHUTZALLIANZ,2,,,,
lsa:GEMEINDE:15088030,Zweitstimmen,F15,BSW,39,,,,
lsa:GEMEINDE:15088030,Zweitstimmen,F19,PdF,1,,,,
lsa:GEMEINDE:15088030,Zweitstimmen,F2,AfD,306,,,,
lsa:GEMEINDE:15088030,Zweitstimmen,F20,Volt,0,,,,
lsa:GEMEINDE:15088030,Zweitstimmen,F3,Die Linke,45,,,,
lsa:GEMEINDE:15088030,Zweitstimmen,F4,SPD,42,,,,
lsa:GEMEINDE:15088030,Zweitstimmen,F5,FDP,20,,,,
lsa:GEMEINDE:15088030,Zweitstimmen,F6,GRÜNE,21,,,,
lsa:GEMEINDE:15088030,Zweitstimmen,F7,FREIE WÄHLER,8,,,,
lsa:GEMEINDE:15088030,Zweitstimmen,F8,dieBasis,0,,,,
lsa:GEMEINDE:15088030,Zweitstimmen,F9,Tierschutzpartei,5,,,,
lsa:GEMEINDE:15088065,Erststimmen,D1,CDU,730,,,,
lsa:GEMEINDE:15088065,Erststimmen,D2,AfD,2227,,,,
lsa:GEMEINDE:15088065,Erststimmen,D3,Die Linke,306,,,,
lsa:GEMEINDE:15088065,Erststimmen,D4,SPD,181,,,,
lsa:GEMEINDE:15088065,Erststimmen,D5,FDP,111,,,,
lsa:GEMEINDE:15088065,Erststimmen,D6,GRÜNE,71,,,,
lsa:GEMEINDE:15088065,Zweitstimmen,F1,CDU,568,,,,
lsa:GEMEINDE:15088065,Zweitstimmen,F10,Gartenpartei,13,,,,
lsa:GEMEINDE:15088065,Zweitstimmen,F11,Die PARTEI,10,,,,
lsa:GEMEINDE:15088065,Zweitstimmen,F12,TIERSCHUTZALLIANZ,29,,,,
lsa:GEMEINDE:15088065,Zweitstimmen,F15,BSW,159,,,,
lsa:GEMEINDE:15088065,Zweitstimmen,F19,PdF,0,,,,
lsa:GEMEINDE:15088065,Zweitstimmen,F2,AfD,2127,,,,
lsa:GEMEINDE:15088065,Zweitstimmen,F20,Volt,10,,,,
lsa:GEMEINDE:15088065,Zweitstimmen,F3,Die Linke,237,,,,
lsa:GEMEINDE:15088065,Zweitstimmen,F4,SPD,194,,,,
lsa:GEMEINDE:15088065,Zweitstimmen,F5,FDP,78,,,,
lsa:GEMEINDE:15088065,Zweitstimmen,F6,GRÜNE,146,,,,
lsa:GEMEINDE:15088065,Zweitstimmen,F7,FREIE WÄHLER,22,,,,
lsa:GEMEINDE:15088065,Zweitstimmen,F8,dieBasis,7,,,,
lsa:GEMEINDE:15088065,Zweitstimmen,F9,Tierschutzpartei,33,,,,
lsa:GEMEINDE:15088100,Erststimmen,D1,CDU,183,,,,
lsa:GEMEINDE:15088100,Erststimmen,D19,PdF,22,,,,
lsa:GEMEINDE:15088100,Erststimmen,D2,AfD,553,,,,
lsa:GEMEINDE:15088100,Erststimmen,D3,Die Linke,93,,,,
lsa:GEMEINDE:15088100,Erststimmen,D4,SPD,59,,,,
lsa:GEMEINDE:15088100,Erststimmen,D5,FDP,30,,,,
lsa:GEMEINDE:15088100,Erststimmen,D6,GRÜNE,21,,,,
lsa:GEMEINDE:15088100,Zweitstimmen,F1,CDU,162,,,,
lsa:GEMEINDE:15088100,Zweitstimmen,F10,Gartenpartei,6,,,,
lsa:GEMEINDE:15088100,Zweitstimmen,F11,Die PARTEI,1,,,,
lsa:GEMEINDE:15088100,Zweitstimmen,F12,TIERSCHUTZALLIANZ,2,,,,
lsa:GEMEINDE:15088100,Zweitstimmen,F15,BSW,43,,,,
lsa:GEMEINDE:15088100,Zweitstimmen,F19,PdF,6,,,,
lsa:GEMEINDE:15088100,Zweitstimmen,F2,AfD,529,,,,
lsa:GEMEINDE:15088100,Zweitstimmen,F20,Volt,1,,,,
lsa:GEMEINDE:15088100,Zweitstimmen,F3,Die Linke,69,,,,
lsa:GEMEINDE:15088100,Zweitstimmen,F4,SPD,56,,,,
lsa:GEMEINDE:15088100,Zweitstimmen,F5,FDP,23,,,,
lsa:GEMEINDE:15088100,Zweitstimmen,F6,GRÜNE,32,,,,
lsa:GEMEINDE:15088100,Zweitstimmen,F7,FREIE WÄHLER,13,,,,
lsa:GEMEINDE:15088100,Zweitstimmen,F8,dieBasis,3,,,,
lsa:GEMEINDE:15088100,Zweitstimmen,F9,Tierschutzpartei,12,,,,
lsa:GEMEINDE:15088150,Erststimmen,D1,CDU,284,,,,
lsa:GEMEINDE:15088150,Erststimmen,D15,BSW,68,,,,
lsa:GEMEINDE:15088150,Erststimmen,D2,AfD,927,,,,
lsa:GEMEINDE:15088150,Erststimmen,D3,Die Linke,131,,,,
lsa:GEMEINDE:15088150,Erststimmen,D4,SPD,84,,,,
lsa:GEMEINDE:15088150,Erststimmen,D5,FDP,48,,,,
lsa:GEMEINDE:15088150,Erststimmen,D6,GRÜNE,35,,,,
lsa:GEMEINDE:15088150,Zweitstimmen,F1,CDU,213,,,,
lsa:GEMEINDE:15088150,Zweitstimmen,F10,Gartenpartei,7,,,,
lsa:GEMEINDE:15088150,Zweitstimmen,F11,Die PARTEI,2,,,,
lsa:GEMEINDE:15088150,Zweitstimmen,F12,TIERSCHUTZALLIANZ,10,,,,
lsa:GEMEINDE:15088150,Zweitstimmen,F15,BSW,72,,,,
lsa:GEMEINDE:15088150,Zweitstimmen,F19,PdF,2,,,,
lsa:GEMEINDE:15088150,Zweitstimmen,F2,AfD,910,,,,
lsa:GEMEINDE:15088150,Zweitstimmen,F20,Volt,6,,,,
lsa:GEMEINDE:15088150,Zweitstimmen,F3,Die Linke,81,,,,
lsa:GEMEINDE:15088150,Zweitstimmen,F4,SPD,108,,,,
lsa:GEMEINDE:15088150,Zweitstimmen,F5,FDP,36,,,,
lsa:GEMEINDE:15088150,Zweitstimmen,F6,GRÜNE,92,,,,
lsa:GEMEINDE:15088150,Zweitstimmen,F7,FREIE WÄHLER,24,,,,
lsa:GEMEINDE:15088150,Zweitstimmen,F8,dieBasis,4,,,,
lsa:GEMEINDE:15088150,Zweitstimmen,F9,Tierschutzpartei,14,,,,
lsa:GEMEINDE:15088195,Erststimmen,D1,CDU,762,,,,
lsa:GEMEINDE:15088195,Erststimmen,D15,BSW,199,,,,
lsa:GEMEINDE:15088195,Erststimmen,D2,AfD,1575,,,,
lsa:GEMEINDE:15088195,Erststimmen,D3,Die Linke,301,,,,
lsa:GEMEINDE:15088195,Erststimmen,D4,SPD,215,,,,
lsa:GEMEINDE:15088195,Erststimmen,D5,FDP,133,,,,
lsa:GEMEINDE:15088195,Erststimmen,D6,GRÜNE,76,,,,
lsa:GEMEINDE:15088195,Zweitstimmen,F1,CDU,610,,,,
lsa:GEMEINDE:15088195,Zweitstimmen,F10,Gartenpartei,5,,,,
lsa:GEMEINDE:15088195,Zweitstimmen,F11,Die PARTEI,6,,,,
lsa:GEMEINDE:15088195,Zweitstimmen,F12,TIERSCHUTZALLIANZ,19,,,,
lsa:GEMEINDE:15088195,Zweitstimmen,F15,BSW,204,,,,
lsa:GEMEINDE:15088195,Zweitstimmen,F19,PdF,6,,,,
lsa:GEMEINDE:15088195,Zweitstimmen,F2,AfD,1565,,,,
lsa:GEMEINDE:15088195,Zweitstimmen,F20,Volt,8,,,,
lsa:GEMEINDE:15088195,Zweitstimmen,F3,Die Linke,213,,,,
lsa:GEMEINDE:15088195,Zweitstimmen,F4,SPD,244,,,,
lsa:GEMEINDE:15088195,Zweitstimmen,F5,FDP,103,,,,
lsa:GEMEINDE:15088195,Zweitstimmen,F6,GRÜNE,220,,,,
lsa:GEMEINDE:15088195,Zweitstimmen,F7,FREIE WÄHLER,27,,,,
lsa:GEMEINDE:15088195,Zweitstimmen,F8,dieBasis,4,,,,
lsa:GEMEINDE:15088195,Zweitstimmen,F9,Tierschutzpartei,33,,,,
lsa:GEMEINDE:15088205,Erststimmen,D1,CDU,805,,,,
lsa:GEMEINDE:15088205,Erststimmen,D15,BSW,107,,,,
lsa:GEMEINDE:15088205,Erststimmen,D2,AfD,2659,,,,
lsa:GEMEINDE:15088205,Erststimmen,D3,Die Linke,286,,,,
lsa:GEMEINDE:15088205,Erststimmen,D4,SPD,175,,,,
lsa:GEMEINDE:15088205,Erststimmen,D5,FDP,136,,,,
lsa:GEMEINDE:15088205,Erststimmen,D6,GRÜNE,75,,,,
lsa:GEMEINDE:15088205,Zweitstimmen,F1,CDU,595,,,,
lsa:GEMEINDE:15088205,Zweitstimmen,F10,Gartenpartei,20,,,,
lsa:GEMEINDE:15088205,Zweitstimmen,F11,Die PARTEI,14,,,,
lsa:GEMEINDE:15088205,Zweitstimmen,F12,TIERSCHUTZALLIANZ,20,,,,
lsa:GEMEINDE:15088205,Zweitstimmen,F15,BSW,170,,,,
lsa:GEMEINDE:15088205,Zweitstimmen,F19,PdF,3,,,,
lsa:GEMEINDE:15088205,Zweitstimmen,F2,AfD,2628,,,,
lsa:GEMEINDE:15088205,Zweitstimmen,F20,Volt,6,,,,
lsa:GEMEINDE:15088205,Zweitstimmen,F3,Die Linke,244,,,,
lsa:GEMEINDE:15088205,Zweitstimmen,F4,SPD,215,,,,
lsa:GEMEINDE:15088205,Zweitstimmen,F5,FDP,94,,,,
lsa:GEMEINDE:15088205,Zweitstimmen,F6,GRÜNE,177,,,,
lsa:GEMEINDE:15088205,Zweitstimmen,F7,FREIE WÄHLER,31,,,,
lsa:GEMEINDE:15088205,Zweitstimmen,F8,dieBasis,3,,,,
lsa:GEMEINDE:15088205,Zweitstimmen,F9,Tierschutzpartei,39,,,,
lsa:GEMEINDE:15088216,Erststimmen,D1,CDU,568,,,,
lsa:GEMEINDE:15088216,Erststimmen,D19,PdF,31,,,,
lsa:GEMEINDE:15088216,Erststimmen,D2,AfD,1587,,,,
lsa:GEMEINDE:15088216,Erststimmen,D3,Die Linke,191,,,,
lsa:GEMEINDE:15088216,Erststimmen,D4,SPD,140,,,,
lsa:GEMEINDE:15088216,Erststimmen,D5,FDP,122,,,,
lsa:GEMEINDE:15088216,Erststimmen,D6,GRÜNE,65,,,,
lsa:GEMEINDE:15088216,Zweitstimmen,F1,CDU,390,,,,
lsa:GEMEINDE:15088216,Zweitstimmen,F10,Gartenpartei,14,,,,
lsa:GEMEINDE:15088216,Zweitstimmen,F11,Die PARTEI,3,,,,
lsa:GEMEINDE:15088216,Zweitstimmen,F12,TIERSCHUTZALLIANZ,18,,,,
lsa:GEMEINDE:15088216,Zweitstimmen,F15,BSW,126,,,,
lsa:GEMEINDE:15088216,Zweitstimmen,F19,PdF,9,,,,
lsa:GEMEINDE:15088216,Zweitstimmen,F2,AfD,1534,,,,
lsa:GEMEINDE:15088216,Zweitstimmen,F20,Volt,4,,,,
lsa:GEMEINDE:15088216,Zweitstimmen,F3,Die Linke,146,,,,
lsa:GEMEINDE:15088216,Zweitstimmen,F4,SPD,171,,,,
lsa:GEMEINDE:15088216,Zweitstimmen,F5,FDP,61,,,,
lsa:GEMEINDE:15088216,Zweitstimmen,F6,GRÜNE,177,,,,
lsa:GEMEINDE:15088216,Zweitstimmen,F7,FREIE WÄHLER,23,,,,
lsa:GEMEINDE:15088216,Zweitstimmen,F8,dieBasis,1,,,,
lsa:GEMEINDE:15088216,Zweitstimmen,F9,Tierschutzpartei,34,,,,
lsa:GEMEINDE:15088220,Erststimmen,D1,CDU,1671,,,,
lsa:GEMEINDE:15088220,Erststimmen,D2,AfD,4015,,,,
lsa:GEMEINDE:15088220,Erststimmen,D3,Die Linke,695,,,,
lsa:GEMEINDE:15088220,Erststimmen,D4,SPD,450,,,,
lsa:GEMEINDE:15088220,Erststimmen,D5,FDP,256,,,,
lsa:GEMEINDE:15088220,Erststimmen,D6,GRÜNE,177,,,,
lsa:GEMEINDE:15088220,Zweitstimmen,F1,CDU,1187,,,,
lsa:GEMEINDE:15088220,Zweitstimmen,F10,Gartenpartei,17,,,,
lsa:GEMEINDE:15088220,Zweitstimmen,F11,Die PARTEI,25,,,,
lsa:GEMEINDE:15088220,Zweitstimmen,F12,TIERSCHUTZALLIANZ,42,,,,
lsa:GEMEINDE:15088220,Zweitstimmen,F15,BSW,376,,,,
lsa:GEMEINDE:15088220,Zweitstimmen,F19,PdF,15,,,,
lsa:GEMEINDE:15088220,Zweitstimmen,F2,AfD,3836,,,,
lsa:GEMEINDE:15088220,Zweitstimmen,F20,Volt,29,,,,
lsa:GEMEINDE:15088220,Zweitstimmen,F3,Die Linke,521,,,,
lsa:GEMEINDE:15088220,Zweitstimmen,F4,SPD,480,,,,
lsa:GEMEINDE:15088220,Zweitstimmen,F5,FDP,149,,,,
lsa:GEMEINDE:15088220,Zweitstimmen,F6,GRÜNE,480,,,,
lsa:GEMEINDE:15088220,Zweitstimmen,F7,FREIE WÄHLER,45,,,,
lsa:GEMEINDE:15088220,Zweitstimmen,F8,dieBasis,10,,,,
lsa:GEMEINDE:15088220,Zweitstimmen,F9,Tierschutzpartei,80,,,,
lsa:GEMEINDE:15088235,Erststimmen,D1,CDU,454,,,,
lsa:GEMEINDE:15088235,Erststimmen,D19,PdF,18,,,,
lsa:GEMEINDE:15088235,Erststimmen,D2,AfD,1271,,,,
lsa:GEMEINDE:15088235,Erststimmen,D3,Die Linke,146,,,,
lsa:GEMEINDE:15088235,Erststimmen,D4,SPD,106,,,,
lsa:GEMEINDE:15088235,Erststimmen,D5,FDP,56,,,,
lsa:GEMEINDE:15088235,Erststimmen,D6,GRÜNE,47,,,,
lsa:GEMEINDE:15088235,Zweitstimmen,F1,CDU,350,,,,
lsa:GEMEINDE:15088235,Zweitstimmen,F10,Gartenpartei,3,,,,
lsa:GEMEINDE:15088235,Zweitstimmen,F11,Die PARTEI,4,,,,
lsa:GEMEINDE:15088235,Zweitstimmen,F12,TIERSCHUTZALLIANZ,13,,,,
lsa:GEMEINDE:15088235,Zweitstimmen,F15,BSW,93,,,,
lsa:GEMEINDE:15088235,Zweitstimmen,F19,PdF,7,,,,
lsa:GEMEINDE:15088235,Zweitstimmen,F2,AfD,1236,,,,
lsa:GEMEINDE:15088235,Zweitstimmen,F20,Volt,2,,,,
lsa:GEMEINDE:15088235,Zweitstimmen,F3,Die Linke,110,,,,
lsa:GEMEINDE:15088235,Zweitstimmen,F4,SPD,130,,,,
lsa:GEMEINDE:15088235,Zweitstimmen,F5,FDP,40,,,,
lsa:GEMEINDE:15088235,Zweitstimmen,F6,GRÜNE,78,,,,
lsa:GEMEINDE:15088235,Zweitstimmen,F7,FREIE WÄHLER,21,,,,
lsa:GEMEINDE:15088235,Zweitstimmen,F8,dieBasis,1,,,,
lsa:GEMEINDE:15088235,Zweitstimmen,F9,Tierschutzpartei,16,,,,
lsa:GEMEINDE:15088250,Erststimmen,D1,CDU,97,,,,
lsa:GEMEINDE:15088250,Erststimmen,D19,PdF,2,,,,
lsa:GEMEINDE:15088250,Erststimmen,D2,AfD,254,,,,
lsa:GEMEINDE:15088250,Erststimmen,D3,Die Linke,30,,,,
lsa:GEMEINDE:15088250,Erststimmen,D4,SPD,23,,,,
lsa:GEMEINDE:15088250,Erststimmen,D5,FDP,6,,,,
lsa:GEMEINDE:15088250,Erststimmen,D6,GRÜNE,5,,,,
lsa:GEMEINDE:15088250,Zweitstimmen,F1,CDU,78,,,,
lsa:GEMEINDE:15088250,Zweitstimmen,F10,Gartenpartei,0,,,,
lsa:GEMEINDE:15088250,Zweitstimmen,F11,Die PARTEI,0,,,,
lsa:GEMEINDE:15088250,Zweitstimmen,F12,TIERSCHUTZALLIANZ,2,,,,
lsa:GEMEINDE:15088250,Zweitstimmen,F15,BSW,20,,,,
lsa:GEMEINDE:15088250,Zweitstimmen,F19,PdF,1,,,,
lsa:GEMEINDE:15088250,Zweitstimmen,F2,AfD,244,,,,
lsa:GEMEINDE:15088250,Zweitstimmen,F20,Volt,0,,,,
lsa:GEMEINDE:15088250,Zweitstimmen,F3,Die Linke,24,,,,
lsa:GEMEINDE:15088250,Zweitstimmen,F4,SPD,27,,,,
lsa:GEMEINDE:15088250,Zweitstimmen,F5,FDP,9,,,,
lsa:GEMEINDE:15088250,Zweitstimmen,F6,GRÜNE,12,,,,
lsa:GEMEINDE:15088250,Zweitstimmen,F7,FREIE WÄHLER,1,,,,
lsa:GEMEINDE:15088250,Zweitstimmen,F8,dieBasis,0,,,,
lsa:GEMEINDE:15088250,Zweitstimmen,F9,Tierschutzpartei,4,,,,
lsa:GEMEINDE:15088265,Erststimmen,D1,CDU,200,,,,
lsa:GEMEINDE:15088265,Erststimmen,D19,PdF,12,,,,
lsa:GEMEINDE:15088265,Erststimmen,D2,AfD,685,,,,
lsa:GEMEINDE:15088265,Erststimmen,D3,Die Linke,90,,,,
lsa:GEMEINDE:15088265,Erststimmen,D4,SPD,59,,,,
lsa:GEMEINDE:15088265,Erststimmen,D5,FDP,32,,,,
lsa:GEMEINDE:15088265,Erststimmen,D6,GRÜNE,20,,,,
lsa:GEMEINDE:15088265,Zweitstimmen,F1,CDU,150,,,,
lsa:GEMEINDE:15088265,Zweitstimmen,F10,Gartenpartei,8,,,,
lsa:GEMEINDE:15088265,Zweitstimmen,F11,Die PARTEI,3,,,,
lsa:GEMEINDE:15088265,Zweitstimmen,F12,TIERSCHUTZALLIANZ,4,,,,
lsa:GEMEINDE:15088265,Zweitstimmen,F15,BSW,45,,,,
lsa:GEMEINDE:15088265,Zweitstimmen,F19,PdF,4,,,,
lsa:GEMEINDE:15088265,Zweitstimmen,F2,AfD,664,,,,
lsa:GEMEINDE:15088265,Zweitstimmen,F20,Volt,1,,,,
lsa:GEMEINDE:15088265,Zweitstimmen,F3,Die Linke,73,,,,
lsa:GEMEINDE:15088265,Zweitstimmen,F4,SPD,70,,,,
lsa:GEMEINDE:15088265,Zweitstimmen,F5,FDP,19,,,,
lsa:GEMEINDE:15088265,Zweitstimmen,F6,GRÜNE,39,,,,
lsa:GEMEINDE:15088265,Zweitstimmen,F7,FREIE WÄHLER,6,,,,
lsa:GEMEINDE:15088265,Zweitstimmen,F8,dieBasis,5,,,,
lsa:GEMEINDE:15088265,Zweitstimmen,F9,Tierschutzpartei,7,,,,
lsa:GEMEINDE:15088295,Erststimmen,D1,CDU,538,,,,
lsa:GEMEINDE:15088295,Erststimmen,D15,BSW,5,,,,
lsa:GEMEINDE:15088295,Erststimmen,D19,PdF,21,,,,
lsa:GEMEINDE:15088295,Erststimmen,D2,AfD,1352,,,,
lsa:GEMEINDE:15088295,Erststimmen,D3,Die Linke,181,,,,
lsa:GEMEINDE:15088295,Erststimmen,D4,SPD,107,,,,
lsa:GEMEINDE:15088295,Erststimmen,D5,FDP,121,,,,
lsa:GEMEINDE:15088295,Erststimmen,D6,GRÜNE,56,,,,
lsa:GEMEINDE:15088295,Zweitstimmen,F1,CDU,351,,,,
lsa:GEMEINDE:15088295,Zweitstimmen,F10,Gartenpartei,10,,,,
lsa:GEMEINDE:15088295,Zweitstimmen,F11,Die PARTEI,7,,,,
lsa:GEMEINDE:15088295,Zweitstimmen,F12,TIERSCHUTZALLIANZ,21,,,,
lsa:GEMEINDE:15088295,Zweitstimmen,F15,BSW,143,,,,
lsa:GEMEINDE:15088295,Zweitstimmen,F19,PdF,6,,,,
lsa:GEMEINDE:15088295,Zweitstimmen,F2,AfD,1298,,,,
lsa:GEMEINDE:15088295,Zweitstimmen,F20,Volt,4,,,,
lsa:GEMEINDE:15088295,Zweitstimmen,F3,Die Linke,131,,,,
lsa:GEMEINDE:15088295,Zweitstimmen,F4,SPD,142,,,,
lsa:GEMEINDE:15088295,Zweitstimmen,F5,FDP,64,,,,
lsa:GEMEINDE:15088295,Zweitstimmen,F6,GRÜNE,167,,,,
lsa:GEMEINDE:15088295,Zweitstimmen,F7,FREIE WÄHLER,20,,,,
lsa:GEMEINDE:15088295,Zweitstimmen,F8,dieBasis,0,,,,
lsa:GEMEINDE:15088295,Zweitstimmen,F9,Tierschutzpartei,23,,,,
lsa:GEMEINDE:15088305,Erststimmen,D1,CDU,180,,,,
lsa:GEMEINDE:15088305,Erststimmen,D19,PdF,19,,,,
lsa:GEMEINDE:15088305,Erststimmen,D2,AfD,798,,,,
lsa:GEMEINDE:15088305,Erststimmen,D3,Die Linke,119,,,,
lsa:GEMEINDE:15088305,Erststimmen,D4,SPD,65,,,,
lsa:GEMEINDE:15088305,Erststimmen,D5,FDP,40,,,,
lsa:GEMEINDE:15088305,Erststimmen,D6,GRÜNE,22,,,,
lsa:GEMEINDE:15088305,Zweitstimmen,F1,CDU,123,,,,
lsa:GEMEINDE:15088305,Zweitstimmen,F10,Gartenpartei,4,,,,
lsa:GEMEINDE:15088305,Zweitstimmen,F11,Die PARTEI,1,,,,
lsa:GEMEINDE:15088305,Zweitstimmen,F12,TIERSCHUTZALLIANZ,13,,,,
lsa:GEMEINDE:15088305,Zweitstimmen,F15,BSW,67,,,,
lsa:GEMEINDE:15088305,Zweitstimmen,F19,PdF,1,,,,
lsa:GEMEINDE:15088305,Zweitstimmen,F2,AfD,770,,,,
lsa:GEMEINDE:15088305,Zweitstimmen,F20,Volt,2,,,,
lsa:GEMEINDE:15088305,Zweitstimmen,F3,Die Linke,83,,,,
lsa:GEMEINDE:15088305,Zweitstimmen,F4,SPD,71,,,,
lsa:GEMEINDE:15088305,Zweitstimmen,F5,FDP,23,,,,
lsa:GEMEINDE:15088305,Zweitstimmen,F6,GRÜNE,56,,,,
lsa:GEMEINDE:15088305,Zweitstimmen,F7,FREIE WÄHLER,14,,,,
lsa:GEMEINDE:15088305,Zweitstimmen,F8,dieBasis,1,,,,
lsa:GEMEINDE:15088305,Zweitstimmen,F9,Tierschutzpartei,16,,,,
lsa:GEMEINDE:15088319,Erststimmen,D1,CDU,1074,,,,
lsa:GEMEINDE:15088319,Erststimmen,D19,PdF,45,,,,
lsa:GEMEINDE:15088319,Erststimmen,D2,AfD,2272,,,,
lsa:GEMEINDE:15088319,Erststimmen,D3,Die Linke,308,,,,
lsa:GEMEINDE:15088319,Erststimmen,D4,SPD,173,,,,
lsa:GEMEINDE:15088319,Erststimmen,D5,FDP,141,,,,
lsa:GEMEINDE:15088319,Erststimmen,D6,GRÜNE,64,,,,
lsa:GEMEINDE:15088319,Zweitstimmen,F1,CDU,661,,,,
lsa:GEMEINDE:15088319,Zweitstimmen,F10,Gartenpartei,9,,,,
lsa:GEMEINDE:15088319,Zweitstimmen,F11,Die PARTEI,6,,,,
lsa:GEMEINDE:15088319,Zweitstimmen,F12,TIERSCHUTZALLIANZ,15,,,,
lsa:GEMEINDE:15088319,Zweitstimmen,F15,BSW,245,,,,
lsa:GEMEINDE:15088319,Zweitstimmen,F19,PdF,12,,,,
lsa:GEMEINDE:15088319,Zweitstimmen,F2,AfD,2203,,,,
lsa:GEMEINDE:15088319,Zweitstimmen,F20,Volt,12,,,,
lsa:GEMEINDE:15088319,Zweitstimmen,F3,Die Linke,233,,,,
lsa:GEMEINDE:15088319,Zweitstimmen,F4,SPD,259,,,,
lsa:GEMEINDE:15088319,Zweitstimmen,F5,FDP,103,,,,
lsa:GEMEINDE:15088319,Zweitstimmen,F6,GRÜNE,254,,,,
lsa:GEMEINDE:15088319,Zweitstimmen,F7,FREIE WÄHLER,36,,,,
lsa:GEMEINDE:15088319,Zweitstimmen,F8,dieBasis,8,,,,
lsa:GEMEINDE:15088319,Zweitstimmen,F9,Tierschutzpartei,29,,,,
lsa:GEMEINDE:15088330,Erststimmen,D1,CDU,965,,,,
lsa:GEMEINDE:15088330,Erststimmen,D15,BSW,241,,,,
lsa:GEMEINDE:15088330,Erststimmen,D2,AfD,2520,,,,
lsa:GEMEINDE:15088330,Erststimmen,D3,Die Linke,322,,,,
lsa:GEMEINDE:15088330,Erststimmen,D4,SPD,325,,,,
lsa:GEMEINDE:15088330,Erststimmen,D5,FDP,135,,,,
lsa:GEMEINDE:15088330,Erststimmen,D6,GRÜNE,93,,,,
lsa:GEMEINDE:15088330,Zweitstimmen,F1,CDU,693,,,,
lsa:GEMEINDE:15088330,Zweitstimmen,F10,Gartenpartei,21,,,,
lsa:GEMEINDE:15088330,Zweitstimmen,F11,Die PARTEI,8,,,,
lsa:GEMEINDE:15088330,Zweitstimmen,F12,TIERSCHUTZALLIANZ,26,,,,
lsa:GEMEINDE:15088330,Zweitstimmen,F15,BSW,268,,,,
lsa:GEMEINDE:15088330,Zweitstimmen,F19,PdF,7,,,,
lsa:GEMEINDE:15088330,Zweitstimmen,F2,AfD,2486,,,,
lsa:GEMEINDE:15088330,Zweitstimmen,F20,Volt,21,,,,
lsa:GEMEINDE:15088330,Zweitstimmen,F3,Die Linke,255,,,,
lsa:GEMEINDE:15088330,Zweitstimmen,F4,SPD,310,,,,
lsa:GEMEINDE:15088330,Zweitstimmen,F5,FDP,108,,,,
lsa:GEMEINDE:15088330,Zweitstimmen,F6,GRÜNE,285,,,,
lsa:GEMEINDE:15088330,Zweitstimmen,F7,FREIE WÄHLER,47,,,,
lsa:GEMEINDE:15088330,Zweitstimmen,F8,dieBasis,7,,,,
lsa:GEMEINDE:15088330,Zweitstimmen,F9,Tierschutzpartei,62,,,,
lsa:GEMEINDE:15088340,Erststimmen,D1,CDU,115,,,,
lsa:GEMEINDE:15088340,Erststimmen,D19,PdF,8,,,,
lsa:GEMEINDE:15088340,Erststimmen,D2,AfD,356,,,,
lsa:GEMEINDE:15088340,Erststimmen,D3,Die Linke,44,,,,
lsa:GEMEINDE:15088340,Erststimmen,D4,SPD,44,,,,
lsa:GEMEINDE:15088340,Erststimmen,D5,FDP,27,,,,
lsa:GEMEINDE:15088340,Erststimmen,D6,GRÜNE,10,,,,
lsa:GEMEINDE:15088340,Zweitstimmen,F1,CDU,106,,,,
lsa:GEMEINDE:15088340,Zweitstimmen,F10,Gartenpartei,5,,,,
lsa:GEMEINDE:15088340,Zweitstimmen,F11,Die PARTEI,1,,,,
lsa:GEMEINDE:15088340,Zweitstimmen,F12,TIERSCHUTZALLIANZ,1,,,,
lsa:GEMEINDE:15088340,Zweitstimmen,F15,BSW,27,,,,
lsa:GEMEINDE:15088340,Zweitstimmen,F19,PdF,3,,,,
lsa:GEMEINDE:15088340,Zweitstimmen,F2,AfD,345,,,,
lsa:GEMEINDE:15088340,Zweitstimmen,F20,Volt,0,,,,
lsa:GEMEINDE:15088340,Zweitstimmen,F3,Die Linke,33,,,,
lsa:GEMEINDE:15088340,Zweitstimmen,F4,SPD,42,,,,
lsa:GEMEINDE:15088340,Zweitstimmen,F5,FDP,16,,,,
lsa:GEMEINDE:15088340,Zweitstimmen,F6,GRÜNE,20,,,,
lsa:GEMEINDE:15088340,Zweitstimmen,F7,FREIE WÄHLER,3,,,,
lsa:GEMEINDE:15088340,Zweitstimmen,F8,dieBasis,2,,,,
lsa:GEMEINDE:15088340,Zweitstimmen,F9,Tierschutzpartei,4,,,,
lsa:GEMEINDE:15088355,Erststimmen,D1,CDU,113,,,,
lsa:GEMEINDE:15088355,Erststimmen,D19,PdF,5,,,,
lsa:GEMEINDE:15088355,Erststimmen,D2,AfD,292,,,,
lsa:GEMEINDE:15088355,Erststimmen,D3,Die Linke,35,,,,
lsa:GEMEINDE:15088355,Erststimmen,D4,SPD,30,,,,
lsa:GEMEINDE:15088355,Erststimmen,D5,FDP,15,,,,
lsa:GEMEINDE:15088355,Erststimmen,D6,GRÜNE,5,,,,
lsa:GEMEINDE:15088355,Zweitstimmen,F1,CDU,92,,,,
lsa:GEMEINDE:15088355,Zweitstimmen,F10,Gartenpartei,3,,,,
lsa:GEMEINDE:15088355,Zweitstimmen,F11,Die PARTEI,0,,,,
lsa:GEMEINDE:15088355,Zweitstimmen,F12,TIERSCHUTZALLIANZ,0,,,,
lsa:GEMEINDE:15088355,Zweitstimmen,F15,BSW,16,,,,
lsa:GEMEINDE:15088355,Zweitstimmen,F19,PdF,5,,,,
lsa:GEMEINDE:15088355,Zweitstimmen,F2,AfD,285,,,,
lsa:GEMEINDE:15088355,Zweitstimmen,F20,Volt,0,,,,
lsa:GEMEINDE:15088355,Zweitstimmen,F3,Die Linke,28,,,,
lsa:GEMEINDE:15088355,Zweitstimmen,F4,SPD,31,,,,
lsa:GEMEINDE:15088355,Zweitstimmen,F5,FDP,7,,,,
lsa:GEMEINDE:15088355,Zweitstimmen,F6,GRÜNE,17,,,,
lsa:GEMEINDE:15088355,Zweitstimmen,F7,FREIE WÄHLER,6,,,,
lsa:GEMEINDE:15088355,Zweitstimmen,F8,dieBasis,2,,,,
lsa:GEMEINDE:15088355,Zweitstimmen,F9,Tierschutzpartei,3,,,,
lsa:GEMEINDE:15088365,Erststimmen,D1,CDU,1197,,,,
lsa:GEMEINDE:15088365,Erststimmen,D19,PdF,72,,,,
lsa:GEMEINDE:15088365,Erststimmen,D2,AfD,2395,,,,
lsa:GEMEINDE:15088365,Erststimmen,D3,Die Linke,366,,,,
lsa:GEMEINDE:15088365,Erststimmen,D4,SPD,258,,,,
lsa:GEMEINDE:15088365,Erststimmen,D5,FDP,155,,,,
lsa:GEMEINDE:15088365,Erststimmen,D6,GRÜNE,74,,,,
lsa:GEMEINDE:15088365,Zweitstimmen,F1,CDU,799,,,,
lsa:GEMEINDE:15088365,Zweitstimmen,F10,Gartenpartei,11,,,,
lsa:GEMEINDE:15088365,Zweitstimmen,F11,Die PARTEI,11,,,,
lsa:GEMEINDE:15088365,Zweitstimmen,F12,TIERSCHUTZALLIANZ,30,,,,
lsa:GEMEINDE:15088365,Zweitstimmen,F15,BSW,223,,,,
lsa:GEMEINDE:15088365,Zweitstimmen,F19,PdF,9,,,,
lsa:GEMEINDE:15088365,Zweitstimmen,F2,AfD,2325,,,,
lsa:GEMEINDE:15088365,Zweitstimmen,F20,Volt,18,,,,
lsa:GEMEINDE:15088365,Zweitstimmen,F3,Die Linke,305,,,,
lsa:GEMEINDE:15088365,Zweitstimmen,F4,SPD,376,,,,
lsa:GEMEINDE:15088365,Zweitstimmen,F5,FDP,113,,,,
lsa:GEMEINDE:15088365,Zweitstimmen,F6,GRÜNE,251,,,,
lsa:GEMEINDE:15088365,Zweitstimmen,F7,FREIE WÄHLER,43,,,,
lsa:GEMEINDE:15088365,Zweitstimmen,F8,dieBasis,5,,,,
lsa:GEMEINDE:15088365,Zweitstimmen,F9,Tierschutzpartei,28,,,,
lsa:GEMEINDE:15089005,Erststimmen,D1,CDU,219,,,,
lsa:GEMEINDE:15089005,Erststimmen,D2,AfD,646,,,,
lsa:GEMEINDE:15089005,Erststimmen,D3,Die Linke,68,,,,
lsa:GEMEINDE:15089005,Erststimmen,D4,SPD,43,,,,
lsa:GEMEINDE:15089005,Erststimmen,D5,FDP,53,,,,
lsa:GEMEINDE:15089005,Erststimmen,D6,GRÜNE,15,,,,
lsa:GEMEINDE:15089005,Zweitstimmen,F1,CDU,164,,,,
lsa:GEMEINDE:15089005,Zweitstimmen,F10,Gartenpartei,4,,,,
lsa:GEMEINDE:15089005,Zweitstimmen,F11,Die PARTEI,0,,,,
lsa:GEMEINDE:15089005,Zweitstimmen,F12,TIERSCHUTZALLIANZ,5,,,,
lsa:GEMEINDE:15089005,Zweitstimmen,F15,BSW,46,,,,
lsa:GEMEINDE:15089005,Zweitstimmen,F19,PdF,3,,,,
lsa:GEMEINDE:15089005,Zweitstimmen,F2,AfD,629,,,,
lsa:GEMEINDE:15089005,Zweitstimmen,F20,Volt,3,,,,
lsa:GEMEINDE:15089005,Zweitstimmen,F3,Die Linke,58,,,,
lsa:GEMEINDE:15089005,Zweitstimmen,F4,SPD,53,,,,
lsa:GEMEINDE:15089005,Zweitstimmen,F5,FDP,32,,,,
lsa:GEMEINDE:15089005,Zweitstimmen,F6,GRÜNE,32,,,,
lsa:GEMEINDE:15089005,Zweitstimmen,F7,FREIE WÄHLER,5,,,,
lsa:GEMEINDE:15089005,Zweitstimmen,F8,dieBasis,1,,,,
lsa:GEMEINDE:15089005,Zweitstimmen,F9,Tierschutzpartei,9,,,,
lsa:GEMEINDE:15089015,Erststimmen,D1,CDU,1343,,,,
lsa:GEMEINDE:15089015,Erststimmen,D15,BSW,819,,,,
lsa:GEMEINDE:15089015,Erststimmen,D19,PdF,99,,,,
lsa:GEMEINDE:15089015,Erststimmen,D2,AfD,4771,,,,
lsa:GEMEINDE:15089015,Erststimmen,D3,Die Linke,701,,,,
lsa:GEMEINDE:15089015,Erststimmen,D4,SPD,581,,,,
lsa:GEMEINDE:15089015,Erststimmen,D5,FDP,216,,,,
lsa:GEMEINDE:15089015,Erststimmen,D6,GRÜNE,192,,,,
lsa:GEMEINDE:15089015,Zweitstimmen,F1,CDU,1209,,,,
lsa:GEMEINDE:15089015,Zweitstimmen,F10,Gartenpartei,41,,,,
lsa:GEMEINDE:15089015,Zweitstimmen,F11,Die PARTEI,16,,,,
lsa:GEMEINDE:15089015,Zweitstimmen,F12,TIERSCHUTZALLIANZ,53,,,,
lsa:GEMEINDE:15089015,Zweitstimmen,F15,BSW,611,,,,
lsa:GEMEINDE:15089015,Zweitstimmen,F19,PdF,29,,,,
lsa:GEMEINDE:15089015,Zweitstimmen,F2,AfD,4820,,,,
lsa:GEMEINDE:15089015,Zweitstimmen,F20,Volt,41,,,,
lsa:GEMEINDE:15089015,Zweitstimmen,F3,Die Linke,594,,,,
lsa:GEMEINDE:15089015,Zweitstimmen,F4,SPD,519,,,,
lsa:GEMEINDE:15089015,Zweitstimmen,F5,FDP,162,,,,
lsa:GEMEINDE:15089015,Zweitstimmen,F6,GRÜNE,418,,,,
lsa:GEMEINDE:15089015,Zweitstimmen,F7,FREIE WÄHLER,60,,,,
lsa:GEMEINDE:15089015,Zweitstimmen,F8,dieBasis,16,,,,
lsa:GEMEINDE:15089015,Zweitstimmen,F9,Tierschutzpartei,125,,,,
lsa:GEMEINDE:15089026,Erststimmen,D1,CDU,103,,,,
lsa:GEMEINDE:15089026,Erststimmen,D15,BSW,14,,,,
lsa:GEMEINDE:15089026,Erststimmen,D2,AfD,313,,,,
lsa:GEMEINDE:15089026,Erststimmen,D3,Die Linke,42,,,,
lsa:GEMEINDE:15089026,Erststimmen,D4,SPD,39,,,,
lsa:GEMEINDE:15089026,Erststimmen,D5,FDP,16,,,,
lsa:GEMEINDE:15089026,Erststimmen,D6,GRÜNE,13,,,,
lsa:GEMEINDE:15089026,Zweitstimmen,F1,CDU,78,,,,
lsa:GEMEINDE:15089026,Zweitstimmen,F10,Gartenpartei,0,,,,
lsa:GEMEINDE:15089026,Zweitstimmen,F11,Die PARTEI,3,,,,
lsa:GEMEINDE:15089026,Zweitstimmen,F12,TIERSCHUTZALLIANZ,4,,,,
lsa:GEMEINDE:15089026,Zweitstimmen,F15,BSW,18,,,,
lsa:GEMEINDE:15089026,Zweitstimmen,F19,PdF,0,,,,
lsa:GEMEINDE:15089026,Zweitstimmen,F2,AfD,308,,,,
lsa:GEMEINDE:15089026,Zweitstimmen,F20,Volt,3,,,,
lsa:GEMEINDE:15089026,Zweitstimmen,F3,Die Linke,35,,,,
lsa:GEMEINDE:15089026,Zweitstimmen,F4,SPD,34,,,,
lsa:GEMEINDE:15089026,Zweitstimmen,F5,FDP,12,,,,
lsa:GEMEINDE:15089026,Zweitstimmen,F6,GRÜNE,31,,,,
lsa:GEMEINDE:15089026,Zweitstimmen,F7,FREIE WÄHLER,7,,,,
lsa:GEMEINDE:15089026,Zweitstimmen,F8,dieBasis,0,,,,
lsa:GEMEINDE:15089026,Zweitstimmen,F9,Tierschutzpartei,7,,,,
lsa:GEMEINDE:15089030,Erststimmen,D1,CDU,2906,,,,
lsa:GEMEINDE:15089030,Erststimmen,D2,AfD,7747,,,,
lsa:GEMEINDE:15089030,Erststimmen,D3,Die Linke,1523,,,,
lsa:GEMEINDE:15089030,Erststimmen,D4,SPD,766,,,,
lsa:GEMEINDE:15089030,Erststimmen,D5,FDP,928,,,,
lsa:GEMEINDE:15089030,Erststimmen,D6,GRÜNE,277,,,,
lsa:GEMEINDE:15089030,Zweitstimmen,F1,CDU,2124,,,,
lsa:GEMEINDE:15089030,Zweitstimmen,F10,Gartenpartei,65,,,,
lsa:GEMEINDE:15089030,Zweitstimmen,F11,Die PARTEI,33,,,,
lsa:GEMEINDE:15089030,Zweitstimmen,F12,TIERSCHUTZALLIANZ,92,,,,
lsa:GEMEINDE:15089030,Zweitstimmen,F15,BSW,678,,,,
lsa:GEMEINDE:15089030,Zweitstimmen,F19,PdF,18,,,,
lsa:GEMEINDE:15089030,Zweitstimmen,F2,AfD,7485,,,,
lsa:GEMEINDE:15089030,Zweitstimmen,F20,Volt,45,,,,
lsa:GEMEINDE:15089030,Zweitstimmen,F3,Die Linke,1173,,,,
lsa:GEMEINDE:15089030,Zweitstimmen,F4,SPD,915,,,,
lsa:GEMEINDE:15089030,Zweitstimmen,F5,FDP,515,,,,
lsa:GEMEINDE:15089030,Zweitstimmen,F6,GRÜNE,761,,,,
lsa:GEMEINDE:15089030,Zweitstimmen,F7,FREIE WÄHLER,85,,,,
lsa:GEMEINDE:15089030,Zweitstimmen,F8,dieBasis,25,,,,
lsa:GEMEINDE:15089030,Zweitstimmen,F9,Tierschutzpartei,187,,,,
lsa:GEMEINDE:15089041,Erststimmen,D1,CDU,243,,,,
lsa:GEMEINDE:15089041,Erststimmen,D15,BSW,39,,,,
lsa:GEMEINDE:15089041,Erststimmen,D2,AfD,533,,,,
lsa:GEMEINDE:15089041,Erststimmen,D3,Die Linke,64,,,,
lsa:GEMEINDE:15089041,Erststimmen,D4,SPD,42,,,,
lsa:GEMEINDE:15089041,Erststimmen,D5,FDP,26,,,,
lsa:GEMEINDE:15089041,Erststimmen,D6,GRÜNE,5,,,,
lsa:GEMEINDE:15089041,Zweitstimmen,F1,CDU,138,,,,
lsa:GEMEINDE:15089041,Zweitstimmen,F10,Gartenpartei,5,,,,
lsa:GEMEINDE:15089041,Zweitstimmen,F11,Die PARTEI,2,,,,
lsa:GEMEINDE:15089041,Zweitstimmen,F12,TIERSCHUTZALLIANZ,5,,,,
lsa:GEMEINDE:15089041,Zweitstimmen,F15,BSW,46,,,,
lsa:GEMEINDE:15089041,Zweitstimmen,F19,PdF,0,,,,
lsa:GEMEINDE:15089041,Zweitstimmen,F2,AfD,547,,,,
lsa:GEMEINDE:15089041,Zweitstimmen,F20,Volt,4,,,,
lsa:GEMEINDE:15089041,Zweitstimmen,F3,Die Linke,73,,,,
lsa:GEMEINDE:15089041,Zweitstimmen,F4,SPD,57,,,,
lsa:GEMEINDE:15089041,Zweitstimmen,F5,FDP,17,,,,
lsa:GEMEINDE:15089041,Zweitstimmen,F6,GRÜNE,33,,,,
lsa:GEMEINDE:15089041,Zweitstimmen,F7,FREIE WÄHLER,11,,,,
lsa:GEMEINDE:15089041,Zweitstimmen,F8,dieBasis,1,,,,
lsa:GEMEINDE:15089041,Zweitstimmen,F9,Tierschutzpartei,9,,,,
lsa:GEMEINDE:15089042,Erststimmen,D1,CDU,274,,,,
lsa:GEMEINDE:15089042,Erststimmen,D15,BSW,56,,,,
lsa:GEMEINDE:15089042,Erststimmen,D2,AfD,796,,,,
lsa:GEMEINDE:15089042,Erststimmen,D3,Die Linke,100,,,,
lsa:GEMEINDE:15089042,Erststimmen,D4,SPD,81,,,,
lsa:GEMEINDE:15089042,Erststimmen,D5,FDP,57,,,,
lsa:GEMEINDE:15089042,Erststimmen,D6,GRÜNE,23,,,,
lsa:GEMEINDE:15089042,Zweitstimmen,F1,CDU,189,,,,
lsa:GEMEINDE:15089042,Zweitstimmen,F10,Gartenpartei,11,,,,
lsa:GEMEINDE:15089042,Zweitstimmen,F11,Die PARTEI,1,,,,
lsa:GEMEINDE:15089042,Zweitstimmen,F12,TIERSCHUTZALLIANZ,12,,,,
lsa:GEMEINDE:15089042,Zweitstimmen,F15,BSW,63,,,,
lsa:GEMEINDE:15089042,Zweitstimmen,F19,PdF,0,,,,
lsa:GEMEINDE:15089042,Zweitstimmen,F2,AfD,790,,,,
lsa:GEMEINDE:15089042,Zweitstimmen,F20,Volt,5,,,,
lsa:GEMEINDE:15089042,Zweitstimmen,F3,Die Linke,83,,,,
lsa:GEMEINDE:15089042,Zweitstimmen,F4,SPD,104,,,,
lsa:GEMEINDE:15089042,Zweitstimmen,F5,FDP,43,,,,
lsa:GEMEINDE:15089042,Zweitstimmen,F6,GRÜNE,59,,,,
lsa:GEMEINDE:15089042,Zweitstimmen,F7,FREIE WÄHLER,12,,,,
lsa:GEMEINDE:15089042,Zweitstimmen,F8,dieBasis,6,,,,
lsa:GEMEINDE:15089042,Zweitstimmen,F9,Tierschutzpartei,15,,,,
lsa:GEMEINDE:15089043,Erststimmen,D1,CDU,431,,,,
lsa:GEMEINDE:15089043,Erststimmen,D15,BSW,68,,,,
lsa:GEMEINDE:15089043,Erststimmen,D2,AfD,867,,,,
lsa:GEMEINDE:15089043,Erststimmen,D3,Die Linke,87,,,,
lsa:GEMEINDE:15089043,Erststimmen,D4,SPD,65,,,,
lsa:GEMEINDE:15089043,Erststimmen,D5,FDP,31,,,,
lsa:GEMEINDE:15089043,Erststimmen,D6,GRÜNE,13,,,,
lsa:GEMEINDE:15089043,Zweitstimmen,F1,CDU,275,,,,
lsa:GEMEINDE:15089043,Zweitstimmen,F10,Gartenpartei,6,,,,
lsa:GEMEINDE:15089043,Zweitstimmen,F11,Die PARTEI,3,,,,
lsa:GEMEINDE:15089043,Zweitstimmen,F12,TIERSCHUTZALLIANZ,6,,,,
lsa:GEMEINDE:15089043,Zweitstimmen,F15,BSW,88,,,,
lsa:GEMEINDE:15089043,Zweitstimmen,F19,PdF,0,,,,
lsa:GEMEINDE:15089043,Zweitstimmen,F2,AfD,900,,,,
lsa:GEMEINDE:15089043,Zweitstimmen,F20,Volt,3,,,,
lsa:GEMEINDE:15089043,Zweitstimmen,F3,Die Linke,87,,,,
lsa:GEMEINDE:15089043,Zweitstimmen,F4,SPD,83,,,,
lsa:GEMEINDE:15089043,Zweitstimmen,F5,FDP,30,,,,
lsa:GEMEINDE:15089043,Zweitstimmen,F6,GRÜNE,53,,,,
lsa:GEMEINDE:15089043,Zweitstimmen,F7,FREIE WÄHLER,14,,,,
lsa:GEMEINDE:15089043,Zweitstimmen,F8,dieBasis,2,,,,
lsa:GEMEINDE:15089043,Zweitstimmen,F9,Tierschutzpartei,17,,,,
lsa:GEMEINDE:15089045,Erststimmen,D1,CDU,207,,,,
lsa:GEMEINDE:15089045,Erststimmen,D15,BSW,23,,,,
lsa:GEMEINDE:15089045,Erststimmen,D2,AfD,313,,,,
lsa:GEMEINDE:15089045,Erststimmen,D3,Die Linke,25,,,,
lsa:GEMEINDE:15089045,Erststimmen,D4,SPD,9,,,,
lsa:GEMEINDE:15089045,Erststimmen,D5,FDP,11,,,,
lsa:GEMEINDE:15089045,Erststimmen,D6,GRÜNE,2,,,,
lsa:GEMEINDE:15089045,Zweitstimmen,F1,CDU,80,,,,
lsa:GEMEINDE:15089045,Zweitstimmen,F10,Gartenpartei,4,,,,
lsa:GEMEINDE:15089045,Zweitstimmen,F11,Die PARTEI,2,,,,
lsa:GEMEINDE:15089045,Zweitstimmen,F12,TIERSCHUTZALLIANZ,6,,,,
lsa:GEMEINDE:15089045,Zweitstimmen,F15,BSW,35,,,,
lsa:GEMEINDE:15089045,Zweitstimmen,F19,PdF,1,,,,
lsa:GEMEINDE:15089045,Zweitstimmen,F2,AfD,361,,,,
lsa:GEMEINDE:15089045,Zweitstimmen,F20,Volt,1,,,,
lsa:GEMEINDE:15089045,Zweitstimmen,F3,Die Linke,31,,,,
lsa:GEMEINDE:15089045,Zweitstimmen,F4,SPD,29,,,,
lsa:GEMEINDE:15089045,Zweitstimmen,F5,FDP,11,,,,
lsa:GEMEINDE:15089045,Zweitstimmen,F6,GRÜNE,19,,,,
lsa:GEMEINDE:15089045,Zweitstimmen,F7,FREIE WÄHLER,5,,,,
lsa:GEMEINDE:15089045,Zweitstimmen,F8,dieBasis,0,,,,
lsa:GEMEINDE:15089045,Zweitstimmen,F9,Tierschutzpartei,6,,,,
lsa:GEMEINDE:15089055,Erststimmen,D1,CDU,317,,,,
lsa:GEMEINDE:15089055,Erststimmen,D15,BSW,44,,,,
lsa:GEMEINDE:15089055,Erststimmen,D2,AfD,853,,,,
lsa:GEMEINDE:15089055,Erststimmen,D3,Die Linke,138,,,,
lsa:GEMEINDE:15089055,Erststimmen,D4,SPD,107,,,,
lsa:GEMEINDE:15089055,Erststimmen,D5,FDP,42,,,,
lsa:GEMEINDE:15089055,Erststimmen,D6,GRÜNE,29,,,,
lsa:GEMEINDE:15089055,Zweitstimmen,F1,CDU,240,,,,
lsa:GEMEINDE:15089055,Zweitstimmen,F10,Gartenpartei,12,,,,
lsa:GEMEINDE:15089055,Zweitstimmen,F11,Die PARTEI,4,,,,
lsa:GEMEINDE:15089055,Zweitstimmen,F12,TIERSCHUTZALLIANZ,16,,,,
lsa:GEMEINDE:15089055,Zweitstimmen,F15,BSW,48,,,,
lsa:GEMEINDE:15089055,Zweitstimmen,F19,PdF,2,,,,
lsa:GEMEINDE:15089055,Zweitstimmen,F2,AfD,824,,,,
lsa:GEMEINDE:15089055,Zweitstimmen,F20,Volt,4,,,,
lsa:GEMEINDE:15089055,Zweitstimmen,F3,Die Linke,124,,,,
lsa:GEMEINDE:15089055,Zweitstimmen,F4,SPD,121,,,,
lsa:GEMEINDE:15089055,Zweitstimmen,F5,FDP,32,,,,
lsa:GEMEINDE:15089055,Zweitstimmen,F6,GRÜNE,70,,,,
lsa:GEMEINDE:15089055,Zweitstimmen,F7,FREIE WÄHLER,17,,,,
lsa:GEMEINDE:15089055,Zweitstimmen,F8,dieBasis,3,,,,
lsa:GEMEINDE:15089055,Zweitstimmen,F9,Tierschutzpartei,21,,,,
lsa:GEMEINDE:15089075,Erststimmen,D1,CDU,241,,,,
lsa:GEMEINDE:15089075,Erststimmen,D15,BSW,30,,,,
lsa:GEMEINDE:15089075,Erststimmen,D2,AfD,547,,,,
lsa:GEMEINDE:15089075,Erststimmen,D3,Die Linke,44,,,,
lsa:GEMEINDE:15089075,Erststimmen,D4,SPD,35,,,,
lsa:GEMEINDE:15089075,Erststimmen,D5,FDP,22,,,,
lsa:GEMEINDE:15089075,Erststimmen,D6,GRÜNE,8,,,,
lsa:GEMEINDE:15089075,Zweitstimmen,F1,CDU,139,,,,
lsa:GEMEINDE:15089075,Zweitstimmen,F10,Gartenpartei,3,,,,
lsa:GEMEINDE:15089075,Zweitstimmen,F11,Die PARTEI,4,,,,
lsa:GEMEINDE:15089075,Zweitstimmen,F12,TIERSCHUTZALLIANZ,2,,,,
lsa:GEMEINDE:15089075,Zweitstimmen,F15,BSW,31,,,,
lsa:GEMEINDE:15089075,Zweitstimmen,F19,PdF,3,,,,
lsa:GEMEINDE:15089075,Zweitstimmen,F2,AfD,560,,,,
lsa:GEMEINDE:15089075,Zweitstimmen,F20,Volt,6,,,,
lsa:GEMEINDE:15089075,Zweitstimmen,F3,Die Linke,52,,,,
lsa:GEMEINDE:15089075,Zweitstimmen,F4,SPD,56,,,,
lsa:GEMEINDE:15089075,Zweitstimmen,F5,FDP,16,,,,
lsa:GEMEINDE:15089075,Zweitstimmen,F6,GRÜNE,41,,,,
lsa:GEMEINDE:15089075,Zweitstimmen,F7,FREIE WÄHLER,2,,,,
lsa:GEMEINDE:15089075,Zweitstimmen,F8,dieBasis,1,,,,
lsa:GEMEINDE:15089075,Zweitstimmen,F9,Tierschutzpartei,12,,,,
lsa:GEMEINDE:15089130,Erststimmen,D1,CDU,92,,,,
lsa:GEMEINDE:15089130,Erststimmen,D2,AfD,310,,,,
lsa:GEMEINDE:15089130,Erststimmen,D3,Die Linke,40,,,,
lsa:GEMEINDE:15089130,Erststimmen,D4,SPD,31,,,,
lsa:GEMEINDE:15089130,Erststimmen,D5,FDP,11,,,,
lsa:GEMEINDE:15089130,Erststimmen,D6,GRÜNE,15,,,,
lsa:GEMEINDE:15089130,Zweitstimmen,F1,CDU,73,,,,
lsa:GEMEINDE:15089130,Zweitstimmen,F10,Gartenpartei,1,,,,
lsa:GEMEINDE:15089130,Zweitstimmen,F11,Die PARTEI,0,,,,
lsa:GEMEINDE:15089130,Zweitstimmen,F12,TIERSCHUTZALLIANZ,5,,,,
lsa:GEMEINDE:15089130,Zweitstimmen,F15,BSW,35,,,,
lsa:GEMEINDE:15089130,Zweitstimmen,F19,PdF,1,,,,
lsa:GEMEINDE:15089130,Zweitstimmen,F2,AfD,281,,,,
lsa:GEMEINDE:15089130,Zweitstimmen,F20,Volt,4,,,,
lsa:GEMEINDE:15089130,Zweitstimmen,F3,Die Linke,27,,,,
lsa:GEMEINDE:15089130,Zweitstimmen,F4,SPD,35,,,,
lsa:GEMEINDE:15089130,Zweitstimmen,F5,FDP,10,,,,
lsa:GEMEINDE:15089130,Zweitstimmen,F6,GRÜNE,16,,,,
lsa:GEMEINDE:15089130,Zweitstimmen,F7,FREIE WÄHLER,5,,,,
lsa:GEMEINDE:15089130,Zweitstimmen,F8,dieBasis,0,,,,
lsa:GEMEINDE:15089130,Zweitstimmen,F9,Tierschutzpartei,8,,,,
lsa:GEMEINDE:15089165,Erststimmen,D1,CDU,185,,,,
lsa:GEMEINDE:15089165,Erststimmen,D2,AfD,754,,,,
lsa:GEMEINDE:15089165,Erststimmen,D3,Die Linke,102,,,,
lsa:GEMEINDE:15089165,Erststimmen,D4,SPD,46,,,,
lsa:GEMEINDE:15089165,Erststimmen,D5,FDP,30,,,,
lsa:GEMEINDE:15089165,Erststimmen,D6,GRÜNE,17,,,,
lsa:GEMEINDE:15089165,Zweitstimmen,F1,CDU,134,,,,
lsa:GEMEINDE:15089165,Zweitstimmen,F10,Gartenpartei,2,,,,
lsa:GEMEINDE:15089165,Zweitstimmen,F11,Die PARTEI,2,,,,
lsa:GEMEINDE:15089165,Zweitstimmen,F12,TIERSCHUTZALLIANZ,10,,,,
lsa:GEMEINDE:15089165,Zweitstimmen,F15,BSW,39,,,,
lsa:GEMEINDE:15089165,Zweitstimmen,F19,PdF,3,,,,
lsa:GEMEINDE:15089165,Zweitstimmen,F2,AfD,731,,,,
lsa:GEMEINDE:15089165,Zweitstimmen,F20,Volt,2,,,,
lsa:GEMEINDE:15089165,Zweitstimmen,F3,Die Linke,74,,,,
lsa:GEMEINDE:15089165,Zweitstimmen,F4,SPD,63,,,,
lsa:GEMEINDE:15089165,Zweitstimmen,F5,FDP,19,,,,
lsa:GEMEINDE:15089165,Zweitstimmen,F6,GRÜNE,35,,,,
lsa:GEMEINDE:15089165,Zweitstimmen,F7,FREIE WÄHLER,10,,,,
lsa:GEMEINDE:15089165,Zweitstimmen,F8,dieBasis,1,,,,
lsa:GEMEINDE:15089165,Zweitstimmen,F9,Tierschutzpartei,17,,,,
lsa:GEMEINDE:15089175,Erststimmen,D1,CDU,475,,,,
lsa:GEMEINDE:15089175,Erststimmen,D15,BSW,106,,,,
lsa:GEMEINDE:15089175,Erststimmen,D2,AfD,1602,,,,
lsa:GEMEINDE:15089175,Erststimmen,D3,Die Linke,178,,,,
lsa:GEMEINDE:15089175,Erststimmen,D4,SPD,88,,,,
lsa:GEMEINDE:15089175,Erststimmen,D5,FDP,54,,,,
lsa:GEMEINDE:15089175,Erststimmen,D6,GRÜNE,29,,,,
lsa:GEMEINDE:15089175,Zweitstimmen,F1,CDU,329,,,,
lsa:GEMEINDE:15089175,Zweitstimmen,F10,Gartenpartei,9,,,,
lsa:GEMEINDE:15089175,Zweitstimmen,F11,Die PARTEI,5,,,,
lsa:GEMEINDE:15089175,Zweitstimmen,F12,TIERSCHUTZALLIANZ,18,,,,
lsa:GEMEINDE:15089175,Zweitstimmen,F15,BSW,140,,,,
lsa:GEMEINDE:15089175,Zweitstimmen,F19,PdF,5,,,,
lsa:GEMEINDE:15089175,Zweitstimmen,F2,AfD,1582,,,,
lsa:GEMEINDE:15089175,Zweitstimmen,F20,Volt,2,,,,
lsa:GEMEINDE:15089175,Zweitstimmen,F3,Die Linke,159,,,,
lsa:GEMEINDE:15089175,Zweitstimmen,F4,SPD,110,,,,
lsa:GEMEINDE:15089175,Zweitstimmen,F5,FDP,35,,,,
lsa:GEMEINDE:15089175,Zweitstimmen,F6,GRÜNE,80,,,,
lsa:GEMEINDE:15089175,Zweitstimmen,F7,FREIE WÄHLER,23,,,,
lsa:GEMEINDE:15089175,Zweitstimmen,F8,dieBasis,3,,,,
lsa:GEMEINDE:15089175,Zweitstimmen,F9,Tierschutzpartei,38,,,,
lsa:GEMEINDE:15089185,Erststimmen,D1,CDU,78,,,,
lsa:GEMEINDE:15089185,Erststimmen,D2,AfD,354,,,,
lsa:GEMEINDE:15089185,Erststimmen,D3,Die Linke,42,,,,
lsa:GEMEINDE:15089185,Erststimmen,D4,SPD,21,,,,
lsa:GEMEINDE:15089185,Erststimmen,D5,FDP,26,,,,
lsa:GEMEINDE:15089185,Erststimmen,D6,GRÜNE,6,,,,
lsa:GEMEINDE:15089185,Zweitstimmen,F1,CDU,72,,,,
lsa:GEMEINDE:15089185,Zweitstimmen,F10,Gartenpartei,5,,,,
lsa:GEMEINDE:15089185,Zweitstimmen,F11,Die PARTEI,1,,,,
lsa:GEMEINDE:15089185,Zweitstimmen,F12,TIERSCHUTZALLIANZ,2,,,,
lsa:GEMEINDE:15089185,Zweitstimmen,F15,BSW,20,,,,
lsa:GEMEINDE:15089185,Zweitstimmen,F19,PdF,1,,,,
lsa:GEMEINDE:15089185,Zweitstimmen,F2,AfD,338,,,,
lsa:GEMEINDE:15089185,Zweitstimmen,F20,Volt,0,,,,
lsa:GEMEINDE:15089185,Zweitstimmen,F3,Die Linke,36,,,,
lsa:GEMEINDE:15089185,Zweitstimmen,F4,SPD,18,,,,
lsa:GEMEINDE:15089185,Zweitstimmen,F5,FDP,14,,,,
lsa:GEMEINDE:15089185,Zweitstimmen,F6,GRÜNE,13,,,,
lsa:GEMEINDE:15089185,Zweitstimmen,F7,FREIE WÄHLER,5,,,,
lsa:GEMEINDE:15089185,Zweitstimmen,F8,dieBasis,1,,,,
lsa:GEMEINDE:15089185,Zweitstimmen,F9,Tierschutzpartei,4,,,,
lsa:GEMEINDE:15089195,Erststimmen,D1,CDU,446,,,,
lsa:GEMEINDE:15089195,Erststimmen,D2,AfD,1684,,,,
lsa:GEMEINDE:15089195,Erststimmen,D3,Die Linke,212,,,,
lsa:GEMEINDE:15089195,Erststimmen,D4,SPD,189,,,,
lsa:GEMEINDE:15089195,Erststimmen,D5,FDP,163,,,,
lsa:GEMEINDE:15089195,Erststimmen,D6,GRÜNE,29,,,,
lsa:GEMEINDE:15089195,Zweitstimmen,F1,CDU,347,,,,
lsa:GEMEINDE:15089195,Zweitstimmen,F10,Gartenpartei,10,,,,
lsa:GEMEINDE:15089195,Zweitstimmen,F11,Die PARTEI,7,,,,
lsa:GEMEINDE:15089195,Zweitstimmen,F12,TIERSCHUTZALLIANZ,17,,,,
lsa:GEMEINDE:15089195,Zweitstimmen,F15,BSW,133,,,,
lsa:GEMEINDE:15089195,Zweitstimmen,F19,PdF,3,,,,
lsa:GEMEINDE:15089195,Zweitstimmen,F2,AfD,1629,,,,
lsa:GEMEINDE:15089195,Zweitstimmen,F20,Volt,9,,,,
lsa:GEMEINDE:15089195,Zweitstimmen,F3,Die Linke,169,,,,
lsa:GEMEINDE:15089195,Zweitstimmen,F4,SPD,158,,,,
lsa:GEMEINDE:15089195,Zweitstimmen,F5,FDP,99,,,,
lsa:GEMEINDE:15089195,Zweitstimmen,F6,GRÜNE,82,,,,
lsa:GEMEINDE:15089195,Zweitstimmen,F7,FREIE WÄHLER,34,,,,
lsa:GEMEINDE:15089195,Zweitstimmen,F8,dieBasis,2,,,,
lsa:GEMEINDE:15089195,Zweitstimmen,F9,Tierschutzpartei,28,,,,
lsa:GEMEINDE:15089235,Erststimmen,D1,CDU,403,,,,
lsa:GEMEINDE:15089235,Erststimmen,D2,AfD,1398,,,,
lsa:GEMEINDE:15089235,Erststimmen,D3,Die Linke,163,,,,
lsa:GEMEINDE:15089235,Erststimmen,D4,SPD,88,,,,
lsa:GEMEINDE:15089235,Erststimmen,D5,FDP,120,,,,
lsa:GEMEINDE:15089235,Erststimmen,D6,GRÜNE,21,,,,
lsa:GEMEINDE:15089235,Zweitstimmen,F1,CDU,289,,,,
lsa:GEMEINDE:15089235,Zweitstimmen,F10,Gartenpartei,11,,,,
lsa:GEMEINDE:15089235,Zweitstimmen,F11,Die PARTEI,2,,,,
lsa:GEMEINDE:15089235,Zweitstimmen,F12,TIERSCHUTZALLIANZ,14,,,,
lsa:GEMEINDE:15089235,Zweitstimmen,F15,BSW,96,,,,
lsa:GEMEINDE:15089235,Zweitstimmen,F19,PdF,3,,,,
lsa:GEMEINDE:15089235,Zweitstimmen,F2,AfD,1347,,,,
lsa:GEMEINDE:15089235,Zweitstimmen,F20,Volt,15,,,,
lsa:GEMEINDE:15089235,Zweitstimmen,F3,Die Linke,110,,,,
lsa:GEMEINDE:15089235,Zweitstimmen,F4,SPD,126,,,,
lsa:GEMEINDE:15089235,Zweitstimmen,F5,FDP,74,,,,
lsa:GEMEINDE:15089235,Zweitstimmen,F6,GRÜNE,56,,,,
lsa:GEMEINDE:15089235,Zweitstimmen,F7,FREIE WÄHLER,19,,,,
lsa:GEMEINDE:15089235,Zweitstimmen,F8,dieBasis,2,,,,
lsa:GEMEINDE:15089235,Zweitstimmen,F9,Tierschutzpartei,33,,,,
lsa:GEMEINDE:15089245,Erststimmen,D1,CDU,109,,,,
lsa:GEMEINDE:15089245,Erststimmen,D2,AfD,460,,,,
lsa:GEMEINDE:15089245,Erststimmen,D3,Die Linke,41,,,,
lsa:GEMEINDE:15089245,Erststimmen,D4,SPD,28,,,,
lsa:GEMEINDE:15089245,Erststimmen,D5,FDP,33,,,,
lsa:GEMEINDE:15089245,Erststimmen,D6,GRÜNE,11,,,,
lsa:GEMEINDE:15089245,Zweitstimmen,F1,CDU,80,,,,
lsa:GEMEINDE:15089245,Zweitstimmen,F10,Gartenpartei,4,,,,
lsa:GEMEINDE:15089245,Zweitstimmen,F11,Die PARTEI,2,,,,
lsa:GEMEINDE:15089245,Zweitstimmen,F12,TIERSCHUTZALLIANZ,3,,,,
lsa:GEMEINDE:15089245,Zweitstimmen,F15,BSW,23,,,,
lsa:GEMEINDE:15089245,Zweitstimmen,F19,PdF,1,,,,
lsa:GEMEINDE:15089245,Zweitstimmen,F2,AfD,448,,,,
lsa:GEMEINDE:15089245,Zweitstimmen,F20,Volt,0,,,,
lsa:GEMEINDE:15089245,Zweitstimmen,F3,Die Linke,31,,,,
lsa:GEMEINDE:15089245,Zweitstimmen,F4,SPD,36,,,,
lsa:GEMEINDE:15089245,Zweitstimmen,F5,FDP,23,,,,
lsa:GEMEINDE:15089245,Zweitstimmen,F6,GRÜNE,15,,,,
lsa:GEMEINDE:15089245,Zweitstimmen,F7,FREIE WÄHLER,8,,,,
lsa:GEMEINDE:15089245,Zweitstimmen,F8,dieBasis,2,,,,
lsa:GEMEINDE:15089245,Zweitstimmen,F9,Tierschutzpartei,7,,,,
lsa:GEMEINDE:15089305,Erststimmen,D1,CDU,1470,,,,
lsa:GEMEINDE:15089305,Erststimmen,D15,BSW,307,,,,
lsa:GEMEINDE:15089305,Erststimmen,D2,AfD,3857,,,,
lsa:GEMEINDE:15089305,Erststimmen,D3,Die Linke,715,,,,
lsa:GEMEINDE:15089305,Erststimmen,D4,SPD,634,,,,
lsa:GEMEINDE:15089305,Erststimmen,D5,FDP,237,,,,
lsa:GEMEINDE:15089305,Erststimmen,D6,GRÜNE,149,,,,
lsa:GEMEINDE:15089305,Zweitstimmen,F1,CDU,1146,,,,
lsa:GEMEINDE:15089305,Zweitstimmen,F10,Gartenpartei,38,,,,
lsa:GEMEINDE:15089305,Zweitstimmen,F11,Die PARTEI,21,,,,
lsa:GEMEINDE:15089305,Zweitstimmen,F12,TIERSCHUTZALLIANZ,47,,,,
lsa:GEMEINDE:15089305,Zweitstimmen,F15,BSW,378,,,,
lsa:GEMEINDE:15089305,Zweitstimmen,F19,PdF,15,,,,
lsa:GEMEINDE:15089305,Zweitstimmen,F2,AfD,3770,,,,
lsa:GEMEINDE:15089305,Zweitstimmen,F20,Volt,31,,,,
lsa:GEMEINDE:15089305,Zweitstimmen,F3,Die Linke,572,,,,
lsa:GEMEINDE:15089305,Zweitstimmen,F4,SPD,558,,,,
lsa:GEMEINDE:15089305,Zweitstimmen,F5,FDP,192,,,,
lsa:GEMEINDE:15089305,Zweitstimmen,F6,GRÜNE,429,,,,
lsa:GEMEINDE:15089305,Zweitstimmen,F7,FREIE WÄHLER,54,,,,
lsa:GEMEINDE:15089305,Zweitstimmen,F8,dieBasis,18,,,,
lsa:GEMEINDE:15089305,Zweitstimmen,F9,Tierschutzpartei,112,,,,
lsa:GEMEINDE:15089307,Erststimmen,D1,CDU,216,,,,
lsa:GEMEINDE:15089307,Erststimmen,D15,BSW,63,,,,
lsa:GEMEINDE:15089307,Erststimmen,D19,PdF,5,,,,
lsa:GEMEINDE:15089307,Erststimmen,D2,AfD,645,,,,
lsa:GEMEINDE:15089307,Erststimmen,D3,Die Linke,82,,,,
lsa:GEMEINDE:15089307,Erststimmen,D4,SPD,35,,,,
lsa:GEMEINDE:15089307,Erststimmen,D5,FDP,14,,,,
lsa:GEMEINDE:15089307,Erststimmen,D6,GRÜNE,22,,,,
lsa:GEMEINDE:15089307,Zweitstimmen,F1,CDU,190,,,,
lsa:GEMEINDE:15089307,Zweitstimmen,F10,Gartenpartei,4,,,,
lsa:GEMEINDE:15089307,Zweitstimmen,F11,Die PARTEI,3,,,,
lsa:GEMEINDE:15089307,Zweitstimmen,F12,TIERSCHUTZALLIANZ,4,,,,
lsa:GEMEINDE:15089307,Zweitstimmen,F15,BSW,66,,,,
lsa:GEMEINDE:15089307,Zweitstimmen,F19,PdF,3,,,,
lsa:GEMEINDE:15089307,Zweitstimmen,F2,AfD,642,,,,
lsa:GEMEINDE:15089307,Zweitstimmen,F20,Volt,4,,,,
lsa:GEMEINDE:15089307,Zweitstimmen,F3,Die Linke,75,,,,
lsa:GEMEINDE:15089307,Zweitstimmen,F4,SPD,37,,,,
lsa:GEMEINDE:15089307,Zweitstimmen,F5,FDP,15,,,,
lsa:GEMEINDE:15089307,Zweitstimmen,F6,GRÜNE,31,,,,
lsa:GEMEINDE:15089307,Zweitstimmen,F7,FREIE WÄHLER,5,,,,
lsa:GEMEINDE:15089307,Zweitstimmen,F8,dieBasis,0,,,,
lsa:GEMEINDE:15089307,Zweitstimmen,F9,Tierschutzpartei,8,,,,
lsa:GEMEINDE:15089310,Erststimmen,D1,CDU,1031,,,,
lsa:GEMEINDE:15089310,Erststimmen,D15,BSW,242,,,,
lsa:GEMEINDE:15089310,Erststimmen,D2,AfD,3003,,,,
lsa:GEMEINDE:15089310,Erststimmen,D3,Die Linke,315,,,,
lsa:GEMEINDE:15089310,Erststimmen,D4,SPD,214,,,,
lsa:GEMEINDE:15089310,Erststimmen,D5,FDP,116,,,,
lsa:GEMEINDE:15089310,Erststimmen,D6,GRÜNE,77,,,,
lsa:GEMEINDE:15089310,Zweitstimmen,F1,CDU,716,,,,
lsa:GEMEINDE:15089310,Zweitstimmen,F10,Gartenpartei,29,,,,
lsa:GEMEINDE:15089310,Zweitstimmen,F11,Die PARTEI,5,,,,
lsa:GEMEINDE:15089310,Zweitstimmen,F12,TIERSCHUTZALLIANZ,27,,,,
lsa:GEMEINDE:15089310,Zweitstimmen,F15,BSW,271,,,,
lsa:GEMEINDE:15089310,Zweitstimmen,F19,PdF,6,,,,
lsa:GEMEINDE:15089310,Zweitstimmen,F2,AfD,2969,,,,
lsa:GEMEINDE:15089310,Zweitstimmen,F20,Volt,13,,,,
lsa:GEMEINDE:15089310,Zweitstimmen,F3,Die Linke,339,,,,
lsa:GEMEINDE:15089310,Zweitstimmen,F4,SPD,289,,,,
lsa:GEMEINDE:15089310,Zweitstimmen,F5,FDP,101,,,,
lsa:GEMEINDE:15089310,Zweitstimmen,F6,GRÜNE,153,,,,
lsa:GEMEINDE:15089310,Zweitstimmen,F7,FREIE WÄHLER,38,,,,
lsa:GEMEINDE:15089310,Zweitstimmen,F8,dieBasis,4,,,,
lsa:GEMEINDE:15089310,Zweitstimmen,F9,Tierschutzpartei,51,,,,
lsa:GEMEINDE:15089365,Erststimmen,D1,CDU,191,,,,
lsa:GEMEINDE:15089365,Erststimmen,D15,BSW,34,,,,
lsa:GEMEINDE:15089365,Erststimmen,D2,AfD,425,,,,
lsa:GEMEINDE:15089365,Erststimmen,D3,Die Linke,35,,,,
lsa:GEMEINDE:15089365,Erststimmen,D4,SPD,25,,,,
lsa:GEMEINDE:15089365,Erststimmen,D5,FDP,9,,,,
lsa:GEMEINDE:15089365,Erststimmen,D6,GRÜNE,8,,,,
lsa:GEMEINDE:15089365,Zweitstimmen,F1,CDU,110,,,,
lsa:GEMEINDE:15089365,Zweitstimmen,F10,Gartenpartei,2,,,,
lsa:GEMEINDE:15089365,Zweitstimmen,F11,Die PARTEI,1,,,,
lsa:GEMEINDE:15089365,Zweitstimmen,F12,TIERSCHUTZALLIANZ,4,,,,
lsa:GEMEINDE:15089365,Zweitstimmen,F15,BSW,38,,,,
lsa:GEMEINDE:15089365,Zweitstimmen,F19,PdF,1,,,,
lsa:GEMEINDE:15089365,Zweitstimmen,F2,AfD,437,,,,
lsa:GEMEINDE:15089365,Zweitstimmen,F20,Volt,0,,,,
lsa:GEMEINDE:15089365,Zweitstimmen,F3,Die Linke,51,,,,
lsa:GEMEINDE:15089365,Zweitstimmen,F4,SPD,37,,,,
lsa:GEMEINDE:15089365,Zweitstimmen,F5,FDP,4,,,,
lsa:GEMEINDE:15089365,Zweitstimmen,F6,GRÜNE,34,,,,
lsa:GEMEINDE:15089365,Zweitstimmen,F7,FREIE WÄHLER,3,,,,
lsa:GEMEINDE:15089365,Zweitstimmen,F8,dieBasis,0,,,,
lsa:GEMEINDE:15089365,Zweitstimmen,F9,Tierschutzpartei,4,,,,
lsa:GEMEINDE:15090003,Erststimmen,D1,CDU,154,,,,
lsa:GEMEINDE:15090003,Erststimmen,D15,BSW,31,,,,
lsa:GEMEINDE:15090003,Erststimmen,D2,AfD,406,,,,
lsa:GEMEINDE:15090003,Erststimmen,D3,Die Linke,96,,,,
lsa:GEMEINDE:15090003,Erststimmen,D4,SPD,44,,,,
lsa:GEMEINDE:15090003,Erststimmen,D5,FDP,19,,,,
lsa:GEMEINDE:15090003,Erststimmen,D6,GRÜNE,30,,,,
lsa:GEMEINDE:15090003,Zweitstimmen,F1,CDU,108,,,,
lsa:GEMEINDE:15090003,Zweitstimmen,F10,Gartenpartei,3,,,,
lsa:GEMEINDE:15090003,Zweitstimmen,F11,Die PARTEI,3,,,,
lsa:GEMEINDE:15090003,Zweitstimmen,F12,TIERSCHUTZALLIANZ,2,,,,
lsa:GEMEINDE:15090003,Zweitstimmen,F15,BSW,33,,,,
lsa:GEMEINDE:15090003,Zweitstimmen,F19,PdF,1,,,,
lsa:GEMEINDE:15090003,Zweitstimmen,F2,AfD,402,,,,
lsa:GEMEINDE:15090003,Zweitstimmen,F20,Volt,2,,,,
lsa:GEMEINDE:15090003,Zweitstimmen,F3,Die Linke,67,,,,
lsa:GEMEINDE:15090003,Zweitstimmen,F4,SPD,63,,,,
lsa:GEMEINDE:15090003,Zweitstimmen,F5,FDP,16,,,,
lsa:GEMEINDE:15090003,Zweitstimmen,F6,GRÜNE,58,,,,
lsa:GEMEINDE:15090003,Zweitstimmen,F7,FREIE WÄHLER,11,,,,
lsa:GEMEINDE:15090003,Zweitstimmen,F8,dieBasis,3,,,,
lsa:GEMEINDE:15090003,Zweitstimmen,F9,Tierschutzpartei,8,,,,
lsa:GEMEINDE:15090007,Erststimmen,D1,CDU,284,,,,
lsa:GEMEINDE:15090007,Erststimmen,D15,BSW,68,,,,
lsa:GEMEINDE:15090007,Erststimmen,D2,AfD,565,,,,
lsa:GEMEINDE:15090007,Erststimmen,D3,Die Linke,98,,,,
lsa:GEMEINDE:15090007,Erststimmen,D4,SPD,92,,,,
lsa:GEMEINDE:15090007,Erststimmen,D5,FDP,25,,,,
lsa:GEMEINDE:15090007,Erststimmen,D6,GRÜNE,40,,,,
lsa:GEMEINDE:15090007,Zweitstimmen,F1,CDU,226,,,,
lsa:GEMEINDE:15090007,Zweitstimmen,F10,Gartenpartei,6,,,,
lsa:GEMEINDE:15090007,Zweitstimmen,F11,Die PARTEI,2,,,,
lsa:GEMEINDE:15090007,Zweitstimmen,F12,TIERSCHUTZALLIANZ,3,,,,
lsa:GEMEINDE:15090007,Zweitstimmen,F15,BSW,65,,,,
lsa:GEMEINDE:15090007,Zweitstimmen,F19,PdF,1,,,,
lsa:GEMEINDE:15090007,Zweitstimmen,F2,AfD,556,,,,
lsa:GEMEINDE:15090007,Zweitstimmen,F20,Volt,5,,,,
lsa:GEMEINDE:15090007,Zweitstimmen,F3,Die Linke,63,,,,
lsa:GEMEINDE:15090007,Zweitstimmen,F4,SPD,122,,,,
lsa:GEMEINDE:15090007,Zweitstimmen,F5,FDP,22,,,,
lsa:GEMEINDE:15090007,Zweitstimmen,F6,GRÜNE,72,,,,
lsa:GEMEINDE:15090007,Zweitstimmen,F7,FREIE WÄHLER,14,,,,
lsa:GEMEINDE:15090007,Zweitstimmen,F8,dieBasis,1,,,,
lsa:GEMEINDE:15090007,Zweitstimmen,F9,Tierschutzpartei,18,,,,
lsa:GEMEINDE:15090008,Erststimmen,D1,CDU,125,,,,
lsa:GEMEINDE:15090008,Erststimmen,D15,BSW,22,,,,
lsa:GEMEINDE:15090008,Erststimmen,D2,AfD,272,,,,
lsa:GEMEINDE:15090008,Erststimmen,D3,Die Linke,53,,,,
lsa:GEMEINDE:15090008,Erststimmen,D4,SPD,40,,,,
lsa:GEMEINDE:15090008,Erststimmen,D5,FDP,13,,,,
lsa:GEMEINDE:15090008,Erststimmen,D6,GRÜNE,20,,,,
lsa:GEMEINDE:15090008,Zweitstimmen,F1,CDU,91,,,,
lsa:GEMEINDE:15090008,Zweitstimmen,F10,Gartenpartei,3,,,,
lsa:GEMEINDE:15090008,Zweitstimmen,F11,Die PARTEI,0,,,,
lsa:GEMEINDE:15090008,Zweitstimmen,F12,TIERSCHUTZALLIANZ,1,,,,
lsa:GEMEINDE:15090008,Zweitstimmen,F15,BSW,29,,,,
lsa:GEMEINDE:15090008,Zweitstimmen,F19,PdF,1,,,,
lsa:GEMEINDE:15090008,Zweitstimmen,F2,AfD,274,,,,
lsa:GEMEINDE:15090008,Zweitstimmen,F20,Volt,1,,,,
lsa:GEMEINDE:15090008,Zweitstimmen,F3,Die Linke,44,,,,
lsa:GEMEINDE:15090008,Zweitstimmen,F4,SPD,42,,,,
lsa:GEMEINDE:15090008,Zweitstimmen,F5,FDP,16,,,,
lsa:GEMEINDE:15090008,Zweitstimmen,F6,GRÜNE,32,,,,
lsa:GEMEINDE:15090008,Zweitstimmen,F7,FREIE WÄHLER,4,,,,
lsa:GEMEINDE:15090008,Zweitstimmen,F8,dieBasis,2,,,,
lsa:GEMEINDE:15090008,Zweitstimmen,F9,Tierschutzpartei,4,,,,
lsa:GEMEINDE:15090010,Erststimmen,D1,CDU,12,,,,
lsa:GEMEINDE:15090010,Erststimmen,D15,BSW,3,,,,
lsa:GEMEINDE:15090010,Erststimmen,D2,AfD,20,,,,
lsa:GEMEINDE:15090010,Erststimmen,D3,Die Linke,10,,,,
lsa:GEMEINDE:15090010,Erststimmen,D4,SPD,3,,,,
lsa:GEMEINDE:15090010,Erststimmen,D5,FDP,2,,,,
lsa:GEMEINDE:15090010,Erststimmen,D6,GRÜNE,1,,,,
lsa:GEMEINDE:15090010,Zweitstimmen,F1,CDU,9,,,,
lsa:GEMEINDE:15090010,Zweitstimmen,F10,Gartenpartei,0,,,,
lsa:GEMEINDE:15090010,Zweitstimmen,F11,Die PARTEI,0,,,,
lsa:GEMEINDE:15090010,Zweitstimmen,F12,TIERSCHUTZALLIANZ,0,,,,
lsa:GEMEINDE:15090010,Zweitstimmen,F15,BSW,3,,,,
lsa:GEMEINDE:15090010,Zweitstimmen,F19,PdF,0,,,,
lsa:GEMEINDE:15090010,Zweitstimmen,F2,AfD,22,,,,
lsa:GEMEINDE:15090010,Zweitstimmen,F20,Volt,0,,,,
lsa:GEMEINDE:15090010,Zweitstimmen,F3,Die Linke,6,,,,
lsa:GEMEINDE:15090010,Zweitstimmen,F4,SPD,6,,,,
lsa:GEMEINDE:15090010,Zweitstimmen,F5,FDP,1,,,,
lsa:GEMEINDE:15090010,Zweitstimmen,F6,GRÜNE,3,,,,
lsa:GEMEINDE:15090010,Zweitstimmen,F7,FREIE WÄHLER,0,,,,
lsa:GEMEINDE:15090010,Zweitstimmen,F8,dieBasis,0,,,,
lsa:GEMEINDE:15090010,Zweitstimmen,F9,Tierschutzpartei,1,,,,
lsa:GEMEINDE:15090070,Erststimmen,D1,CDU,944,,,,
lsa:GEMEINDE:15090070,Erststimmen,D15,BSW,210,,,,
lsa:GEMEINDE:15090070,Erststimmen,D2,AfD,1933,,,,
lsa:GEMEINDE:15090070,Erststimmen,D3,Die Linke,385,,,,
lsa:GEMEINDE:15090070,Erststimmen,D4,SPD,417,,,,
lsa:GEMEINDE:15090070,Erststimmen,D5,FDP,168,,,,
lsa:GEMEINDE:15090070,Erststimmen,D6,GRÜNE,138,,,,
lsa:GEMEINDE:15090070,Zweitstimmen,F1,CDU,714,,,,
lsa:GEMEINDE:15090070,Zweitstimmen,F10,Gartenpartei,13,,,,
lsa:GEMEINDE:15090070,Zweitstimmen,F11,Die PARTEI,9,,,,
lsa:GEMEINDE:15090070,Zweitstimmen,F12,TIERSCHUTZALLIANZ,19,,,,
lsa:GEMEINDE:15090070,Zweitstimmen,F15,BSW,255,,,,
lsa:GEMEINDE:15090070,Zweitstimmen,F19,PdF,6,,,,
lsa:GEMEINDE:15090070,Zweitstimmen,F2,AfD,1929,,,,
lsa:GEMEINDE:15090070,Zweitstimmen,F20,Volt,13,,,,
lsa:GEMEINDE:15090070,Zweitstimmen,F3,Die Linke,355,,,,
lsa:GEMEINDE:15090070,Zweitstimmen,F4,SPD,410,,,,
lsa:GEMEINDE:15090070,Zweitstimmen,F5,FDP,131,,,,
lsa:GEMEINDE:15090070,Zweitstimmen,F6,GRÜNE,250,,,,
lsa:GEMEINDE:15090070,Zweitstimmen,F7,FREIE WÄHLER,53,,,,
lsa:GEMEINDE:15090070,Zweitstimmen,F8,dieBasis,10,,,,
lsa:GEMEINDE:15090070,Zweitstimmen,F9,Tierschutzpartei,37,,,,
lsa:GEMEINDE:15090135,Erststimmen,D1,CDU,124,,,,
lsa:GEMEINDE:15090135,Erststimmen,D15,BSW,16,,,,
lsa:GEMEINDE:15090135,Erststimmen,D2,AfD,278,,,,
lsa:GEMEINDE:15090135,Erststimmen,D3,Die Linke,94,,,,
lsa:GEMEINDE:15090135,Erststimmen,D4,SPD,35,,,,
lsa:GEMEINDE:15090135,Erststimmen,D5,FDP,25,,,,
lsa:GEMEINDE:15090135,Erststimmen,D6,GRÜNE,12,,,,
lsa:GEMEINDE:15090135,Zweitstimmen,F1,CDU,110,,,,
lsa:GEMEINDE:15090135,Zweitstimmen,F10,Gartenpartei,4,,,,
lsa:GEMEINDE:15090135,Zweitstimmen,F11,Die PARTEI,4,,,,
lsa:GEMEINDE:15090135,Zweitstimmen,F12,TIERSCHUTZALLIANZ,0,,,,
lsa:GEMEINDE:15090135,Zweitstimmen,F15,BSW,24,,,,
lsa:GEMEINDE:15090135,Zweitstimmen,F19,PdF,2,,,,
lsa:GEMEINDE:15090135,Zweitstimmen,F2,AfD,275,,,,
lsa:GEMEINDE:15090135,Zweitstimmen,F20,Volt,2,,,,
lsa:GEMEINDE:15090135,Zweitstimmen,F3,Die Linke,46,,,,
lsa:GEMEINDE:15090135,Zweitstimmen,F4,SPD,56,,,,
lsa:GEMEINDE:15090135,Zweitstimmen,F5,FDP,19,,,,
lsa:GEMEINDE:15090135,Zweitstimmen,F6,GRÜNE,32,,,,
lsa:GEMEINDE:15090135,Zweitstimmen,F7,FREIE WÄHLER,10,,,,
lsa:GEMEINDE:15090135,Zweitstimmen,F8,dieBasis,1,,,,
lsa:GEMEINDE:15090135,Zweitstimmen,F9,Tierschutzpartei,3,,,,
lsa:GEMEINDE:15090180,Erststimmen,D1,CDU,119,,,,
lsa:GEMEINDE:15090180,Erststimmen,D15,BSW,21,,,,
lsa:GEMEINDE:15090180,Erststimmen,D2,AfD,346,,,,
lsa:GEMEINDE:15090180,Erststimmen,D3,Die Linke,136,,,,
lsa:GEMEINDE:15090180,Erststimmen,D4,SPD,41,,,,
lsa:GEMEINDE:15090180,Erststimmen,D5,FDP,30,,,,
lsa:GEMEINDE:15090180,Erststimmen,D6,GRÜNE,21,,,,
lsa:GEMEINDE:15090180,Zweitstimmen,F1,CDU,109,,,,
lsa:GEMEINDE:15090180,Zweitstimmen,F10,Gartenpartei,4,,,,
lsa:GEMEINDE:15090180,Zweitstimmen,F11,Die PARTEI,1,,,,
lsa:GEMEINDE:15090180,Zweitstimmen,F12,TIERSCHUTZALLIANZ,1,,,,
lsa:GEMEINDE:15090180,Zweitstimmen,F15,BSW,29,,,,
lsa:GEMEINDE:15090180,Zweitstimmen,F19,PdF,0,,,,
lsa:GEMEINDE:15090180,Zweitstimmen,F2,AfD,347,,,,
lsa:GEMEINDE:15090180,Zweitstimmen,F20,Volt,3,,,,
lsa:GEMEINDE:15090180,Zweitstimmen,F3,Die Linke,84,,,,
lsa:GEMEINDE:15090180,Zweitstimmen,F4,SPD,57,,,,
lsa:GEMEINDE:15090180,Zweitstimmen,F5,FDP,25,,,,
lsa:GEMEINDE:15090180,Zweitstimmen,F6,GRÜNE,41,,,,
lsa:GEMEINDE:15090180,Zweitstimmen,F7,FREIE WÄHLER,11,,,,
lsa:GEMEINDE:15090180,Zweitstimmen,F8,dieBasis,3,,,,
lsa:GEMEINDE:15090180,Zweitstimmen,F9,Tierschutzpartei,4,,,,
lsa:GEMEINDE:15090220,Erststimmen,D1,CDU,169,,,,
lsa:GEMEINDE:15090220,Erststimmen,D15,BSW,34,,,,
lsa:GEMEINDE:15090220,Erststimmen,D2,AfD,274,,,,
lsa:GEMEINDE:15090220,Erststimmen,D3,Die Linke,82,,,,
lsa:GEMEINDE:15090220,Erststimmen,D4,SPD,47,,,,
lsa:GEMEINDE:15090220,Erststimmen,D5,FDP,13,,,,
lsa:GEMEINDE:15090220,Erststimmen,D6,GRÜNE,28,,,,
lsa:GEMEINDE:15090220,Zweitstimmen,F1,CDU,117,,,,
lsa:GEMEINDE:15090220,Zweitstimmen,F10,Gartenpartei,0,,,,
lsa:GEMEINDE:15090220,Zweitstimmen,F11,Die PARTEI,1,,,,
lsa:GEMEINDE:15090220,Zweitstimmen,F12,TIERSCHUTZALLIANZ,1,,,,
lsa:GEMEINDE:15090220,Zweitstimmen,F15,BSW,49,,,,
lsa:GEMEINDE:15090220,Zweitstimmen,F19,PdF,1,,,,
lsa:GEMEINDE:15090220,Zweitstimmen,F2,AfD,280,,,,
lsa:GEMEINDE:15090220,Zweitstimmen,F20,Volt,0,,,,
lsa:GEMEINDE:15090220,Zweitstimmen,F3,Die Linke,45,,,,
lsa:GEMEINDE:15090220,Zweitstimmen,F4,SPD,68,,,,
lsa:GEMEINDE:15090220,Zweitstimmen,F5,FDP,13,,,,
lsa:GEMEINDE:15090220,Zweitstimmen,F6,GRÜNE,61,,,,
lsa:GEMEINDE:15090220,Zweitstimmen,F7,FREIE WÄHLER,6,,,,
lsa:GEMEINDE:15090220,Zweitstimmen,F8,dieBasis,0,,,,
lsa:GEMEINDE:15090220,Zweitstimmen,F9,Tierschutzpartei,5,,,,
lsa:GEMEINDE:15090225,Erststimmen,D1,CDU,336,,,,
lsa:GEMEINDE:15090225,Erststimmen,D15,BSW,78,,,,
lsa:GEMEINDE:15090225,Erststimmen,D2,AfD,557,,,,
lsa:GEMEINDE:15090225,Erststimmen,D3,Die Linke,148,,,,
lsa:GEMEINDE:15090225,Erststimmen,D4,SPD,113,,,,
lsa:GEMEINDE:15090225,Erststimmen,D5,FDP,32,,,,
lsa:GEMEINDE:15090225,Erststimmen,D6,GRÜNE,51,,,,
lsa:GEMEINDE:15090225,Zweitstimmen,F1,CDU,238,,,,
lsa:GEMEINDE:15090225,Zweitstimmen,F10,Gartenpartei,5,,,,
lsa:GEMEINDE:15090225,Zweitstimmen,F11,Die PARTEI,2,,,,
lsa:GEMEINDE:15090225,Zweitstimmen,F12,TIERSCHUTZALLIANZ,5,,,,
lsa:GEMEINDE:15090225,Zweitstimmen,F15,BSW,83,,,,
lsa:GEMEINDE:15090225,Zweitstimmen,F19,PdF,5,,,,
lsa:GEMEINDE:15090225,Zweitstimmen,F2,AfD,556,,,,
lsa:GEMEINDE:15090225,Zweitstimmen,F20,Volt,6,,,,
lsa:GEMEINDE:15090225,Zweitstimmen,F3,Die Linke,111,,,,
lsa:GEMEINDE:15090225,Zweitstimmen,F4,SPD,144,,,,
lsa:GEMEINDE:15090225,Zweitstimmen,F5,FDP,39,,,,
lsa:GEMEINDE:15090225,Zweitstimmen,F6,GRÜNE,106,,,,
lsa:GEMEINDE:15090225,Zweitstimmen,F7,FREIE WÄHLER,6,,,,
lsa:GEMEINDE:15090225,Zweitstimmen,F8,dieBasis,4,,,,
lsa:GEMEINDE:15090225,Zweitstimmen,F9,Tierschutzpartei,7,,,,
lsa:GEMEINDE:15090245,Erststimmen,D1,CDU,120,,,,
lsa:GEMEINDE:15090245,Erststimmen,D15,BSW,41,,,,
lsa:GEMEINDE:15090245,Erststimmen,D2,AfD,420,,,,
lsa:GEMEINDE:15090245,Erststimmen,D3,Die Linke,104,,,,
lsa:GEMEINDE:15090245,Erststimmen,D4,SPD,49,,,,
lsa:GEMEINDE:15090245,Erststimmen,D5,FDP,40,,,,
lsa:GEMEINDE:15090245,Erststimmen,D6,GRÜNE,30,,,,
lsa:GEMEINDE:15090245,Zweitstimmen,F1,CDU,93,,,,
lsa:GEMEINDE:15090245,Zweitstimmen,F10,Gartenpartei,2,,,,
lsa:GEMEINDE:15090245,Zweitstimmen,F11,Die PARTEI,2,,,,
lsa:GEMEINDE:15090245,Zweitstimmen,F12,TIERSCHUTZALLIANZ,4,,,,
lsa:GEMEINDE:15090245,Zweitstimmen,F15,BSW,54,,,,
lsa:GEMEINDE:15090245,Zweitstimmen,F19,PdF,3,,,,
lsa:GEMEINDE:15090245,Zweitstimmen,F2,AfD,425,,,,
lsa:GEMEINDE:15090245,Zweitstimmen,F20,Volt,1,,,,
lsa:GEMEINDE:15090245,Zweitstimmen,F3,Die Linke,58,,,,
lsa:GEMEINDE:15090245,Zweitstimmen,F4,SPD,73,,,,
lsa:GEMEINDE:15090245,Zweitstimmen,F5,FDP,21,,,,
lsa:GEMEINDE:15090245,Zweitstimmen,F6,GRÜNE,53,,,,
lsa:GEMEINDE:15090245,Zweitstimmen,F7,FREIE WÄHLER,8,,,,
lsa:GEMEINDE:15090245,Zweitstimmen,F8,dieBasis,1,,,,
lsa:GEMEINDE:15090245,Zweitstimmen,F9,Tierschutzpartei,7,,,,
lsa:GEMEINDE:15090270,Erststimmen,D1,CDU,75,,,,
lsa:GEMEINDE:15090270,Erststimmen,D15,BSW,20,,,,
lsa:GEMEINDE:15090270,Erststimmen,D2,AfD,208,,,,
lsa:GEMEINDE:15090270,Erststimmen,D3,Die Linke,96,,,,
lsa:GEMEINDE:15090270,Erststimmen,D4,SPD,30,,,,
lsa:GEMEINDE:15090270,Erststimmen,D5,FDP,19,,,,
lsa:GEMEINDE:15090270,Erststimmen,D6,GRÜNE,25,,,,
lsa:GEMEINDE:15090270,Zweitstimmen,F1,CDU,64,,,,
lsa:GEMEINDE:15090270,Zweitstimmen,F10,Gartenpartei,3,,,,
lsa:GEMEINDE:15090270,Zweitstimmen,F11,Die PARTEI,1,,,,
lsa:GEMEINDE:15090270,Zweitstimmen,F12,TIERSCHUTZALLIANZ,2,,,,
lsa:GEMEINDE:15090270,Zweitstimmen,F15,BSW,30,,,,
lsa:GEMEINDE:15090270,Zweitstimmen,F19,PdF,0,,,,
lsa:GEMEINDE:15090270,Zweitstimmen,F2,AfD,213,,,,
lsa:GEMEINDE:15090270,Zweitstimmen,F20,Volt,1,,,,
lsa:GEMEINDE:15090270,Zweitstimmen,F3,Die Linke,54,,,,
lsa:GEMEINDE:15090270,Zweitstimmen,F4,SPD,41,,,,
lsa:GEMEINDE:15090270,Zweitstimmen,F5,FDP,17,,,,
lsa:GEMEINDE:15090270,Zweitstimmen,F6,GRÜNE,35,,,,
lsa:GEMEINDE:15090270,Zweitstimmen,F7,FREIE WÄHLER,7,,,,
lsa:GEMEINDE:15090270,Zweitstimmen,F8,dieBasis,0,,,,
lsa:GEMEINDE:15090270,Zweitstimmen,F9,Tierschutzpartei,5,,,,
lsa:GEMEINDE:15090285,Erststimmen,D1,CDU,218,,,,
lsa:GEMEINDE:15090285,Erststimmen,D15,BSW,45,,,,
lsa:GEMEINDE:15090285,Erststimmen,D2,AfD,329,,,,
lsa:GEMEINDE:15090285,Erststimmen,D3,Die Linke,88,,,,
lsa:GEMEINDE:15090285,Erststimmen,D4,SPD,62,,,,
lsa:GEMEINDE:15090285,Erststimmen,D5,FDP,12,,,,
lsa:GEMEINDE:15090285,Erststimmen,D6,GRÜNE,26,,,,
lsa:GEMEINDE:15090285,Zweitstimmen,F1,CDU,147,,,,
lsa:GEMEINDE:15090285,Zweitstimmen,F10,Gartenpartei,2,,,,
lsa:GEMEINDE:15090285,Zweitstimmen,F11,Die PARTEI,3,,,,
lsa:GEMEINDE:15090285,Zweitstimmen,F12,TIERSCHUTZALLIANZ,6,,,,
lsa:GEMEINDE:15090285,Zweitstimmen,F15,BSW,56,,,,
lsa:GEMEINDE:15090285,Zweitstimmen,F19,PdF,2,,,,
lsa:GEMEINDE:15090285,Zweitstimmen,F2,AfD,329,,,,
lsa:GEMEINDE:15090285,Zweitstimmen,F20,Volt,0,,,,
lsa:GEMEINDE:15090285,Zweitstimmen,F3,Die Linke,64,,,,
lsa:GEMEINDE:15090285,Zweitstimmen,F4,SPD,70,,,,
lsa:GEMEINDE:15090285,Zweitstimmen,F5,FDP,11,,,,
lsa:GEMEINDE:15090285,Zweitstimmen,F6,GRÜNE,68,,,,
lsa:GEMEINDE:15090285,Zweitstimmen,F7,FREIE WÄHLER,9,,,,
lsa:GEMEINDE:15090285,Zweitstimmen,F8,dieBasis,3,,,,
lsa:GEMEINDE:15090285,Zweitstimmen,F9,Tierschutzpartei,8,,,,
lsa:GEMEINDE:15090310,Erststimmen,D1,CDU,190,,,,
lsa:GEMEINDE:15090310,Erststimmen,D15,BSW,41,,,,
lsa:GEMEINDE:15090310,Erststimmen,D2,AfD,461,,,,
lsa:GEMEINDE:15090310,Erststimmen,D3,Die Linke,68,,,,
lsa:GEMEINDE:15090310,Erststimmen,D4,SPD,56,,,,
lsa:GEMEINDE:15090310,Erststimmen,D5,FDP,9,,,,
lsa:GEMEINDE:15090310,Erststimmen,D6,GRÜNE,9,,,,
lsa:GEMEINDE:15090310,Zweitstimmen,F1,CDU,108,,,,
lsa:GEMEINDE:15090310,Zweitstimmen,F10,Gartenpartei,5,,,,
lsa:GEMEINDE:15090310,Zweitstimmen,F11,Die PARTEI,1,,,,
lsa:GEMEINDE:15090310,Zweitstimmen,F12,TIERSCHUTZALLIANZ,2,,,,
lsa:GEMEINDE:15090310,Zweitstimmen,F15,BSW,56,,,,
lsa:GEMEINDE:15090310,Zweitstimmen,F19,PdF,1,,,,
lsa:GEMEINDE:15090310,Zweitstimmen,F2,AfD,465,,,,
lsa:GEMEINDE:15090310,Zweitstimmen,F20,Volt,5,,,,
lsa:GEMEINDE:15090310,Zweitstimmen,F3,Die Linke,42,,,,
lsa:GEMEINDE:15090310,Zweitstimmen,F4,SPD,89,,,,
lsa:GEMEINDE:15090310,Zweitstimmen,F5,FDP,13,,,,
lsa:GEMEINDE:15090310,Zweitstimmen,F6,GRÜNE,32,,,,
lsa:GEMEINDE:15090310,Zweitstimmen,F7,FREIE WÄHLER,8,,,,
lsa:GEMEINDE:15090310,Zweitstimmen,F8,dieBasis,0,,,,
lsa:GEMEINDE:15090310,Zweitstimmen,F9,Tierschutzpartei,5,,,,
lsa:GEMEINDE:15090415,Erststimmen,D1,CDU,702,,,,
lsa:GEMEINDE:15090415,Erststimmen,D15,BSW,132,,,,
lsa:GEMEINDE:15090415,Erststimmen,D2,AfD,1096,,,,
lsa:GEMEINDE:15090415,Erststimmen,D3,Die Linke,320,,,,
lsa:GEMEINDE:15090415,Erststimmen,D4,SPD,210,,,,
lsa:GEMEINDE:15090415,Erststimmen,D5,FDP,65,,,,
lsa:GEMEINDE:15090415,Erststimmen,D6,GRÜNE,108,,,,
lsa:GEMEINDE:15090415,Zweitstimmen,F1,CDU,563,,,,
lsa:GEMEINDE:15090415,Zweitstimmen,F10,Gartenpartei,9,,,,
lsa:GEMEINDE:15090415,Zweitstimmen,F11,Die PARTEI,7,,,,
lsa:GEMEINDE:15090415,Zweitstimmen,F12,TIERSCHUTZALLIANZ,5,,,,
lsa:GEMEINDE:15090415,Zweitstimmen,F15,BSW,146,,,,
lsa:GEMEINDE:15090415,Zweitstimmen,F19,PdF,1,,,,
lsa:GEMEINDE:15090415,Zweitstimmen,F2,AfD,1107,,,,
lsa:GEMEINDE:15090415,Zweitstimmen,F20,Volt,8,,,,
lsa:GEMEINDE:15090415,Zweitstimmen,F3,Die Linke,237,,,,
lsa:GEMEINDE:15090415,Zweitstimmen,F4,SPD,243,,,,
lsa:GEMEINDE:15090415,Zweitstimmen,F5,FDP,59,,,,
lsa:GEMEINDE:15090415,Zweitstimmen,F6,GRÜNE,183,,,,
lsa:GEMEINDE:15090415,Zweitstimmen,F7,FREIE WÄHLER,49,,,,
lsa:GEMEINDE:15090415,Zweitstimmen,F8,dieBasis,7,,,,
lsa:GEMEINDE:15090415,Zweitstimmen,F9,Tierschutzpartei,11,,,,
lsa:GEMEINDE:15090435,Erststimmen,D1,CDU,88,,,,
lsa:GEMEINDE:15090435,Erststimmen,D15,BSW,28,,,,
lsa:GEMEINDE:15090435,Erststimmen,D2,AfD,283,,,,
lsa:GEMEINDE:15090435,Erststimmen,D3,Die Linke,82,,,,
lsa:GEMEINDE:15090435,Erststimmen,D4,SPD,36,,,,
lsa:GEMEINDE:15090435,Erststimmen,D5,FDP,8,,,,
lsa:GEMEINDE:15090435,Erststimmen,D6,GRÜNE,16,,,,
lsa:GEMEINDE:15090435,Zweitstimmen,F1,CDU,70,,,,
lsa:GEMEINDE:15090435,Zweitstimmen,F10,Gartenpartei,2,,,,
lsa:GEMEINDE:15090435,Zweitstimmen,F11,Die PARTEI,3,,,,
lsa:GEMEINDE:15090435,Zweitstimmen,F12,TIERSCHUTZALLIANZ,1,,,,
lsa:GEMEINDE:15090435,Zweitstimmen,F15,BSW,35,,,,
lsa:GEMEINDE:15090435,Zweitstimmen,F19,PdF,0,,,,
lsa:GEMEINDE:15090435,Zweitstimmen,F2,AfD,285,,,,
lsa:GEMEINDE:15090435,Zweitstimmen,F20,Volt,1,,,,
lsa:GEMEINDE:15090435,Zweitstimmen,F3,Die Linke,46,,,,
lsa:GEMEINDE:15090435,Zweitstimmen,F4,SPD,50,,,,
lsa:GEMEINDE:15090435,Zweitstimmen,F5,FDP,15,,,,
lsa:GEMEINDE:15090435,Zweitstimmen,F6,GRÜNE,21,,,,
lsa:GEMEINDE:15090435,Zweitstimmen,F7,FREIE WÄHLER,3,,,,
lsa:GEMEINDE:15090435,Zweitstimmen,F8,dieBasis,1,,,,
lsa:GEMEINDE:15090435,Zweitstimmen,F9,Tierschutzpartei,5,,,,
lsa:GEMEINDE:15090445,Erststimmen,D1,CDU,134,,,,
lsa:GEMEINDE:15090445,Erststimmen,D15,BSW,31,,,,
lsa:GEMEINDE:15090445,Erststimmen,D2,AfD,304,,,,
lsa:GEMEINDE:15090445,Erststimmen,D3,Die Linke,40,,,,
lsa:GEMEINDE:15090445,Erststimmen,D4,SPD,31,,,,
lsa:GEMEINDE:15090445,Erststimmen,D5,FDP,7,,,,
lsa:GEMEINDE:15090445,Erststimmen,D6,GRÜNE,14,,,,
lsa:GEMEINDE:15090445,Zweitstimmen,F1,CDU,98,,,,
lsa:GEMEINDE:15090445,Zweitstimmen,F10,Gartenpartei,2,,,,
lsa:GEMEINDE:15090445,Zweitstimmen,F11,Die PARTEI,1,,,,
lsa:GEMEINDE:15090445,Zweitstimmen,F12,TIERSCHUTZALLIANZ,5,,,,
lsa:GEMEINDE:15090445,Zweitstimmen,F15,BSW,28,,,,
lsa:GEMEINDE:15090445,Zweitstimmen,F19,PdF,0,,,,
lsa:GEMEINDE:15090445,Zweitstimmen,F2,AfD,302,,,,
lsa:GEMEINDE:15090445,Zweitstimmen,F20,Volt,0,,,,
lsa:GEMEINDE:15090445,Zweitstimmen,F3,Die Linke,32,,,,
lsa:GEMEINDE:15090445,Zweitstimmen,F4,SPD,35,,,,
lsa:GEMEINDE:15090445,Zweitstimmen,F5,FDP,10,,,,
lsa:GEMEINDE:15090445,Zweitstimmen,F6,GRÜNE,34,,,,
lsa:GEMEINDE:15090445,Zweitstimmen,F7,FREIE WÄHLER,11,,,,
lsa:GEMEINDE:15090445,Zweitstimmen,F8,dieBasis,1,,,,
lsa:GEMEINDE:15090445,Zweitstimmen,F9,Tierschutzpartei,3,,,,
lsa:GEMEINDE:15090485,Erststimmen,D1,CDU,107,,,,
lsa:GEMEINDE:15090485,Erststimmen,D15,BSW,23,,,,
lsa:GEMEINDE:15090485,Erststimmen,D2,AfD,302,,,,
lsa:GEMEINDE:15090485,Erststimmen,D3,Die Linke,63,,,,
lsa:GEMEINDE:15090485,Erststimmen,D4,SPD,49,,,,
lsa:GEMEINDE:15090485,Erststimmen,D5,FDP,16,,,,
lsa:GEMEINDE:15090485,Erststimmen,D6,GRÜNE,15,,,,
lsa:GEMEINDE:15090485,Zweitstimmen,F1,CDU,69,,,,
lsa:GEMEINDE:15090485,Zweitstimmen,F10,Gartenpartei,2,,,,
lsa:GEMEINDE:15090485,Zweitstimmen,F11,Die PARTEI,1,,,,
lsa:GEMEINDE:15090485,Zweitstimmen,F12,TIERSCHUTZALLIANZ,3,,,,
lsa:GEMEINDE:15090485,Zweitstimmen,F15,BSW,14,,,,
lsa:GEMEINDE:15090485,Zweitstimmen,F19,PdF,0,,,,
lsa:GEMEINDE:15090485,Zweitstimmen,F2,AfD,300,,,,
lsa:GEMEINDE:15090485,Zweitstimmen,F20,Volt,1,,,,
lsa:GEMEINDE:15090485,Zweitstimmen,F3,Die Linke,57,,,,
lsa:GEMEINDE:15090485,Zweitstimmen,F4,SPD,46,,,,
lsa:GEMEINDE:15090485,Zweitstimmen,F5,FDP,16,,,,
lsa:GEMEINDE:15090485,Zweitstimmen,F6,GRÜNE,29,,,,
lsa:GEMEINDE:15090485,Zweitstimmen,F7,FREIE WÄHLER,26,,,,
lsa:GEMEINDE:15090485,Zweitstimmen,F8,dieBasis,1,,,,
lsa:GEMEINDE:15090485,Zweitstimmen,F9,Tierschutzpartei,8,,,,
lsa:GEMEINDE:15090500,Erststimmen,D1,CDU,228,,,,
lsa:GEMEINDE:15090500,Erststimmen,D15,BSW,63,,,,
lsa:GEMEINDE:15090500,Erststimmen,D2,AfD,645,,,,
lsa:GEMEINDE:15090500,Erststimmen,D3,Die Linke,79,,,,
lsa:GEMEINDE:15090500,Erststimmen,D4,SPD,61,,,,
lsa:GEMEINDE:15090500,Erststimmen,D5,FDP,22,,,,
lsa:GEMEINDE:15090500,Erststimmen,D6,GRÜNE,15,,,,
lsa:GEMEINDE:15090500,Zweitstimmen,F1,CDU,162,,,,
lsa:GEMEINDE:15090500,Zweitstimmen,F10,Gartenpartei,2,,,,
lsa:GEMEINDE:15090500,Zweitstimmen,F11,Die PARTEI,1,,,,
lsa:GEMEINDE:15090500,Zweitstimmen,F12,TIERSCHUTZALLIANZ,5,,,,
lsa:GEMEINDE:15090500,Zweitstimmen,F15,BSW,69,,,,
lsa:GEMEINDE:15090500,Zweitstimmen,F19,PdF,2,,,,
lsa:GEMEINDE:15090500,Zweitstimmen,F2,AfD,645,,,,
lsa:GEMEINDE:15090500,Zweitstimmen,F20,Volt,3,,,,
lsa:GEMEINDE:15090500,Zweitstimmen,F3,Die Linke,59,,,,
lsa:GEMEINDE:15090500,Zweitstimmen,F4,SPD,83,,,,
lsa:GEMEINDE:15090500,Zweitstimmen,F5,FDP,19,,,,
lsa:GEMEINDE:15090500,Zweitstimmen,F6,GRÜNE,37,,,,
lsa:GEMEINDE:15090500,Zweitstimmen,F7,FREIE WÄHLER,11,,,,
lsa:GEMEINDE:15090500,Zweitstimmen,F8,dieBasis,4,,,,
lsa:GEMEINDE:15090500,Zweitstimmen,F9,Tierschutzpartei,10,,,,
lsa:GEMEINDE:15090520,Erststimmen,D1,CDU,148,,,,
lsa:GEMEINDE:15090520,Erststimmen,D15,BSW,29,,,,
lsa:GEMEINDE:15090520,Erststimmen,D2,AfD,374,,,,
lsa:GEMEINDE:15090520,Erststimmen,D3,Die Linke,63,,,,
lsa:GEMEINDE:15090520,Erststimmen,D4,SPD,51,,,,
lsa:GEMEINDE:15090520,Erststimmen,D5,FDP,13,,,,
lsa:GEMEINDE:15090520,Erststimmen,D6,GRÜNE,20,,,,
lsa:GEMEINDE:15090520,Zweitstimmen,F1,CDU,104,,,,
lsa:GEMEINDE:15090520,Zweitstimmen,F10,Gartenpartei,6,,,,
lsa:GEMEINDE:15090520,Zweitstimmen,F11,Die PARTEI,2,,,,
lsa:GEMEINDE:15090520,Zweitstimmen,F12,TIERSCHUTZALLIANZ,1,,,,
lsa:GEMEINDE:15090520,Zweitstimmen,F15,BSW,34,,,,
lsa:GEMEINDE:15090520,Zweitstimmen,F19,PdF,0,,,,
lsa:GEMEINDE:15090520,Zweitstimmen,F2,AfD,368,,,,
lsa:GEMEINDE:15090520,Zweitstimmen,F20,Volt,1,,,,
lsa:GEMEINDE:15090520,Zweitstimmen,F3,Die Linke,48,,,,
lsa:GEMEINDE:15090520,Zweitstimmen,F4,SPD,66,,,,
lsa:GEMEINDE:15090520,Zweitstimmen,F5,FDP,14,,,,
lsa:GEMEINDE:15090520,Zweitstimmen,F6,GRÜNE,38,,,,
lsa:GEMEINDE:15090520,Zweitstimmen,F7,FREIE WÄHLER,10,,,,
lsa:GEMEINDE:15090520,Zweitstimmen,F8,dieBasis,6,,,,
lsa:GEMEINDE:15090520,Zweitstimmen,F9,Tierschutzpartei,4,,,,
lsa:GEMEINDE:15090535,Erststimmen,D1,CDU,1576,,,,
lsa:GEMEINDE:15090535,Erststimmen,D15,BSW,347,,,,
lsa:GEMEINDE:15090535,Erststimmen,D2,AfD,3820,,,,
lsa:GEMEINDE:15090535,Erststimmen,D3,Die Linke,709,,,,
lsa:GEMEINDE:15090535,Erststimmen,D4,SPD,582,,,,
lsa:GEMEINDE:15090535,Erststimmen,D5,FDP,231,,,,
lsa:GEMEINDE:15090535,Erststimmen,D6,GRÜNE,222,,,,
lsa:GEMEINDE:15090535,Zweitstimmen,F1,CDU,1078,,,,
lsa:GEMEINDE:15090535,Zweitstimmen,F10,Gartenpartei,37,,,,
lsa:GEMEINDE:15090535,Zweitstimmen,F11,Die PARTEI,13,,,,
lsa:GEMEINDE:15090535,Zweitstimmen,F12,TIERSCHUTZALLIANZ,37,,,,
lsa:GEMEINDE:15090535,Zweitstimmen,F15,BSW,434,,,,
lsa:GEMEINDE:15090535,Zweitstimmen,F19,PdF,9,,,,
lsa:GEMEINDE:15090535,Zweitstimmen,F2,AfD,3803,,,,
lsa:GEMEINDE:15090535,Zweitstimmen,F20,Volt,33,,,,
lsa:GEMEINDE:15090535,Zweitstimmen,F3,Die Linke,620,,,,
lsa:GEMEINDE:15090535,Zweitstimmen,F4,SPD,614,,,,
lsa:GEMEINDE:15090535,Zweitstimmen,F5,FDP,161,,,,
lsa:GEMEINDE:15090535,Zweitstimmen,F6,GRÜNE,471,,,,
lsa:GEMEINDE:15090535,Zweitstimmen,F7,FREIE WÄHLER,81,,,,
lsa:GEMEINDE:15090535,Zweitstimmen,F8,dieBasis,8,,,,
lsa:GEMEINDE:15090535,Zweitstimmen,F9,Tierschutzpartei,90,,,,
lsa:GEMEINDE:15090546,Erststimmen,D1,CDU,385,,,,
lsa:GEMEINDE:15090546,Erststimmen,D15,BSW,57,,,,
lsa:GEMEINDE:15090546,Erststimmen,D2,AfD,1217,,,,
lsa:GEMEINDE:15090546,Erststimmen,D21,Anderer Kreiswahlvorschlag,19,,,,
lsa:GEMEINDE:15090546,Erststimmen,D3,Die Linke,121,,,,
lsa:GEMEINDE:15090546,Erststimmen,D4,SPD,116,,,,
lsa:GEMEINDE:15090546,Erststimmen,D5,FDP,67,,,,
lsa:GEMEINDE:15090546,Erststimmen,D6,GRÜNE,33,,,,
lsa:GEMEINDE:15090546,Zweitstimmen,F1,CDU,272,,,,
lsa:GEMEINDE:15090546,Zweitstimmen,F10,Gartenpartei,9,,,,
lsa:GEMEINDE:15090546,Zweitstimmen,F11,Die PARTEI,6,,,,
lsa:GEMEINDE:15090546,Zweitstimmen,F12,TIERSCHUTZALLIANZ,11,,,,
lsa:GEMEINDE:15090546,Zweitstimmen,F15,BSW,88,,,,
lsa:GEMEINDE:15090546,Zweitstimmen,F19,PdF,4,,,,
lsa:GEMEINDE:15090546,Zweitstimmen,F2,AfD,1179,,,,
lsa:GEMEINDE:15090546,Zweitstimmen,F20,Volt,7,,,,
lsa:GEMEINDE:15090546,Zweitstimmen,F3,Die Linke,101,,,,
lsa:GEMEINDE:15090546,Zweitstimmen,F4,SPD,154,,,,
lsa:GEMEINDE:15090546,Zweitstimmen,F5,FDP,58,,,,
lsa:GEMEINDE:15090546,Zweitstimmen,F6,GRÜNE,93,,,,
lsa:GEMEINDE:15090546,Zweitstimmen,F7,FREIE WÄHLER,16,,,,
lsa:GEMEINDE:15090546,Zweitstimmen,F8,dieBasis,2,,,,
lsa:GEMEINDE:15090546,Zweitstimmen,F9,Tierschutzpartei,20,,,,
lsa:GEMEINDE:15090550,Erststimmen,D1,CDU,464,,,,
lsa:GEMEINDE:15090550,Erststimmen,D15,BSW,83,,,,
lsa:GEMEINDE:15090550,Erststimmen,D2,AfD,1247,,,,
lsa:GEMEINDE:15090550,Erststimmen,D21,Anderer Kreiswahlvorschlag,20,,,,
lsa:GEMEINDE:15090550,Erststimmen,D3,Die Linke,174,,,,
lsa:GEMEINDE:15090550,Erststimmen,D4,SPD,197,,,,
lsa:GEMEINDE:15090550,Erststimmen,D5,FDP,56,,,,
lsa:GEMEINDE:15090550,Erststimmen,D6,GRÜNE,43,,,,
lsa:GEMEINDE:15090550,Zweitstimmen,F1,CDU,324,,,,
lsa:GEMEINDE:15090550,Zweitstimmen,F10,Gartenpartei,10,,,,
lsa:GEMEINDE:15090550,Zweitstimmen,F11,Die PARTEI,5,,,,
lsa:GEMEINDE:15090550,Zweitstimmen,F12,TIERSCHUTZALLIANZ,12,,,,
lsa:GEMEINDE:15090550,Zweitstimmen,F15,BSW,124,,,,
lsa:GEMEINDE:15090550,Zweitstimmen,F19,PdF,2,,,,
lsa:GEMEINDE:15090550,Zweitstimmen,F2,AfD,1194,,,,
lsa:GEMEINDE:15090550,Zweitstimmen,F20,Volt,9,,,,
lsa:GEMEINDE:15090550,Zweitstimmen,F3,Die Linke,156,,,,
lsa:GEMEINDE:15090550,Zweitstimmen,F4,SPD,174,,,,
lsa:GEMEINDE:15090550,Zweitstimmen,F5,FDP,56,,,,
lsa:GEMEINDE:15090550,Zweitstimmen,F6,GRÜNE,160,,,,
lsa:GEMEINDE:15090550,Zweitstimmen,F7,FREIE WÄHLER,26,,,,
lsa:GEMEINDE:15090550,Zweitstimmen,F8,dieBasis,3,,,,
lsa:GEMEINDE:15090550,Zweitstimmen,F9,Tierschutzpartei,32,,,,
lsa:GEMEINDE:15090610,Erststimmen,D1,CDU,46,,,,
lsa:GEMEINDE:15090610,Erststimmen,D15,BSW,14,,,,
lsa:GEMEINDE:15090610,Erststimmen,D2,AfD,176,,,,
lsa:GEMEINDE:15090610,Erststimmen,D3,Die Linke,44,,,,
lsa:GEMEINDE:15090610,Erststimmen,D4,SPD,35,,,,
lsa:GEMEINDE:15090610,Erststimmen,D5,FDP,13,,,,
lsa:GEMEINDE:15090610,Erststimmen,D6,GRÜNE,19,,,,
lsa:GEMEINDE:15090610,Zweitstimmen,F1,CDU,43,,,,
lsa:GEMEINDE:15090610,Zweitstimmen,F10,Gartenpartei,1,,,,
lsa:GEMEINDE:15090610,Zweitstimmen,F11,Die PARTEI,0,,,,
lsa:GEMEINDE:15090610,Zweitstimmen,F12,TIERSCHUTZALLIANZ,2,,,,
lsa:GEMEINDE:15090610,Zweitstimmen,F15,BSW,24,,,,
lsa:GEMEINDE:15090610,Zweitstimmen,F19,PdF,0,,,,
lsa:GEMEINDE:15090610,Zweitstimmen,F2,AfD,173,,,,
lsa:GEMEINDE:15090610,Zweitstimmen,F20,Volt,1,,,,
lsa:GEMEINDE:15090610,Zweitstimmen,F3,Die Linke,24,,,,
lsa:GEMEINDE:15090610,Zweitstimmen,F4,SPD,33,,,,
lsa:GEMEINDE:15090610,Zweitstimmen,F5,FDP,6,,,,
lsa:GEMEINDE:15090610,Zweitstimmen,F6,GRÜNE,33,,,,
lsa:GEMEINDE:15090610,Zweitstimmen,F7,FREIE WÄHLER,3,,,,
lsa:GEMEINDE:15090610,Zweitstimmen,F8,dieBasis,1,,,,
lsa:GEMEINDE:15090610,Zweitstimmen,F9,Tierschutzpartei,1,,,,
lsa:GEMEINDE:15090631,Erststimmen,D1,CDU,192,,,,
lsa:GEMEINDE:15090631,Erststimmen,D15,BSW,35,,,,
lsa:GEMEINDE:15090631,Erststimmen,D2,AfD,405,,,,
lsa:GEMEINDE:15090631,Erststimmen,D3,Die Linke,69,,,,
lsa:GEMEINDE:15090631,Erststimmen,D4,SPD,50,,,,
lsa:GEMEINDE:15090631,Erststimmen,D5,FDP,23,,,,
lsa:GEMEINDE:15090631,Erststimmen,D6,GRÜNE,24,,,,
lsa:GEMEINDE:15090631,Zweitstimmen,F1,CDU,114,,,,
lsa:GEMEINDE:15090631,Zweitstimmen,F10,Gartenpartei,4,,,,
lsa:GEMEINDE:15090631,Zweitstimmen,F11,Die PARTEI,1,,,,
lsa:GEMEINDE:15090631,Zweitstimmen,F12,TIERSCHUTZALLIANZ,2,,,,
lsa:GEMEINDE:15090631,Zweitstimmen,F15,BSW,37,,,,
lsa:GEMEINDE:15090631,Zweitstimmen,F19,PdF,1,,,,
lsa:GEMEINDE:15090631,Zweitstimmen,F2,AfD,391,,,,
lsa:GEMEINDE:15090631,Zweitstimmen,F20,Volt,1,,,,
lsa:GEMEINDE:15090631,Zweitstimmen,F3,Die Linke,53,,,,
lsa:GEMEINDE:15090631,Zweitstimmen,F4,SPD,84,,,,
lsa:GEMEINDE:15090631,Zweitstimmen,F5,FDP,21,,,,
lsa:GEMEINDE:15090631,Zweitstimmen,F6,GRÜNE,62,,,,
lsa:GEMEINDE:15090631,Zweitstimmen,F7,FREIE WÄHLER,22,,,,
lsa:GEMEINDE:15090631,Zweitstimmen,F8,dieBasis,3,,,,
lsa:GEMEINDE:15090631,Zweitstimmen,F9,Tierschutzpartei,3,,,,
lsa:GEMEINDE:15090635,Erststimmen,D1,CDU,123,,,,
lsa:GEMEINDE:15090635,Erststimmen,D15,BSW,19,,,,
lsa:GEMEINDE:15090635,Erststimmen,D2,AfD,256,,,,
lsa:GEMEINDE:15090635,Erststimmen,D3,Die Linke,49,,,,
lsa:GEMEINDE:15090635,Erststimmen,D4,SPD,50,,,,
lsa:GEMEINDE:15090635,Erststimmen,D5,FDP,10,,,,
lsa:GEMEINDE:15090635,Erststimmen,D6,GRÜNE,21,,,,
lsa:GEMEINDE:15090635,Zweitstimmen,F1,CDU,92,,,,
lsa:GEMEINDE:15090635,Zweitstimmen,F10,Gartenpartei,3,,,,
lsa:GEMEINDE:15090635,Zweitstimmen,F11,Die PARTEI,1,,,,
lsa:GEMEINDE:15090635,Zweitstimmen,F12,TIERSCHUTZALLIANZ,2,,,,
lsa:GEMEINDE:15090635,Zweitstimmen,F15,BSW,22,,,,
lsa:GEMEINDE:15090635,Zweitstimmen,F19,PdF,1,,,,
lsa:GEMEINDE:15090635,Zweitstimmen,F2,AfD,253,,,,
lsa:GEMEINDE:15090635,Zweitstimmen,F20,Volt,2,,,,
lsa:GEMEINDE:15090635,Zweitstimmen,F3,Die Linke,32,,,,
lsa:GEMEINDE:15090635,Zweitstimmen,F4,SPD,68,,,,
lsa:GEMEINDE:15090635,Zweitstimmen,F5,FDP,7,,,,
lsa:GEMEINDE:15090635,Zweitstimmen,F6,GRÜNE,37,,,,
lsa:GEMEINDE:15090635,Zweitstimmen,F7,FREIE WÄHLER,7,,,,
lsa:GEMEINDE:15090635,Zweitstimmen,F8,dieBasis,0,,,,
lsa:GEMEINDE:15090635,Zweitstimmen,F9,Tierschutzpartei,2,,,,
lsa:GEMEINDE:15091010,Erststimmen,D1,CDU,754,,,,
lsa:GEMEINDE:15091010,Erststimmen,D2,AfD,2016,,,,
lsa:GEMEINDE:15091010,Erststimmen,D3,Die Linke,287,,,,
lsa:GEMEINDE:15091010,Erststimmen,D4,SPD,115,,,,
lsa:GEMEINDE:15091010,Erststimmen,D5,FDP,72,,,,
lsa:GEMEINDE:15091010,Erststimmen,D6,GRÜNE,67,,,,
lsa:GEMEINDE:15091010,Erststimmen,D7,FREIE WÄHLER,181,,,,
lsa:GEMEINDE:15091010,Zweitstimmen,F1,CDU,583,,,,
lsa:GEMEINDE:15091010,Zweitstimmen,F10,Gartenpartei,17,,,,
lsa:GEMEINDE:15091010,Zweitstimmen,F11,Die PARTEI,9,,,,
lsa:GEMEINDE:15091010,Zweitstimmen,F12,TIERSCHUTZALLIANZ,16,,,,
lsa:GEMEINDE:15091010,Zweitstimmen,F15,BSW,162,,,,
lsa:GEMEINDE:15091010,Zweitstimmen,F19,PdF,3,,,,
lsa:GEMEINDE:15091010,Zweitstimmen,F2,AfD,1995,,,,
lsa:GEMEINDE:15091010,Zweitstimmen,F20,Volt,9,,,,
lsa:GEMEINDE:15091010,Zweitstimmen,F3,Die Linke,230,,,,
lsa:GEMEINDE:15091010,Zweitstimmen,F4,SPD,174,,,,
lsa:GEMEINDE:15091010,Zweitstimmen,F5,FDP,53,,,,
lsa:GEMEINDE:15091010,Zweitstimmen,F6,GRÜNE,111,,,,
lsa:GEMEINDE:15091010,Zweitstimmen,F7,FREIE WÄHLER,96,,,,
lsa:GEMEINDE:15091010,Zweitstimmen,F8,dieBasis,3,,,,
lsa:GEMEINDE:15091010,Zweitstimmen,F9,Tierschutzpartei,33,,,,
lsa:GEMEINDE:15091020,Erststimmen,D1,CDU,907,,,,
lsa:GEMEINDE:15091020,Erststimmen,D2,AfD,2139,,,,
lsa:GEMEINDE:15091020,Erststimmen,D3,Die Linke,286,,,,
lsa:GEMEINDE:15091020,Erststimmen,D4,SPD,214,,,,
lsa:GEMEINDE:15091020,Erststimmen,D5,FDP,95,,,,
lsa:GEMEINDE:15091020,Erststimmen,D6,GRÜNE,83,,,,
lsa:GEMEINDE:15091020,Erststimmen,D7,FREIE WÄHLER,312,,,,
lsa:GEMEINDE:15091020,Zweitstimmen,F1,CDU,739,,,,
lsa:GEMEINDE:15091020,Zweitstimmen,F10,Gartenpartei,9,,,,
lsa:GEMEINDE:15091020,Zweitstimmen,F11,Die PARTEI,6,,,,
lsa:GEMEINDE:15091020,Zweitstimmen,F12,TIERSCHUTZALLIANZ,14,,,,
lsa:GEMEINDE:15091020,Zweitstimmen,F15,BSW,145,,,,
lsa:GEMEINDE:15091020,Zweitstimmen,F19,PdF,3,,,,
lsa:GEMEINDE:15091020,Zweitstimmen,F2,AfD,2117,,,,
lsa:GEMEINDE:15091020,Zweitstimmen,F20,Volt,4,,,,
lsa:GEMEINDE:15091020,Zweitstimmen,F3,Die Linke,264,,,,
lsa:GEMEINDE:15091020,Zweitstimmen,F4,SPD,250,,,,
lsa:GEMEINDE:15091020,Zweitstimmen,F5,FDP,91,,,,
lsa:GEMEINDE:15091020,Zweitstimmen,F6,GRÜNE,220,,,,
lsa:GEMEINDE:15091020,Zweitstimmen,F7,FREIE WÄHLER,135,,,,
lsa:GEMEINDE:15091020,Zweitstimmen,F8,dieBasis,8,,,,
lsa:GEMEINDE:15091020,Zweitstimmen,F9,Tierschutzpartei,32,,,,
lsa:GEMEINDE:15091060,Erststimmen,D1,CDU,249,,,,
lsa:GEMEINDE:15091060,Erststimmen,D13,HEIMAT,7,,,,
lsa:GEMEINDE:15091060,Erststimmen,D2,AfD,508,,,,
lsa:GEMEINDE:15091060,Erststimmen,D3,Die Linke,69,,,,
lsa:GEMEINDE:15091060,Erststimmen,D4,SPD,61,,,,
lsa:GEMEINDE:15091060,Erststimmen,D5,FDP,37,,,,
lsa:GEMEINDE:15091060,Erststimmen,D6,GRÜNE,14,,,,
lsa:GEMEINDE:15091060,Erststimmen,D7,FREIE WÄHLER,38,,,,
lsa:GEMEINDE:15091060,Zweitstimmen,F1,CDU,190,,,,
lsa:GEMEINDE:15091060,Zweitstimmen,F10,Gartenpartei,4,,,,
lsa:GEMEINDE:15091060,Zweitstimmen,F11,Die PARTEI,2,,,,
lsa:GEMEINDE:15091060,Zweitstimmen,F12,TIERSCHUTZALLIANZ,10,,,,
lsa:GEMEINDE:15091060,Zweitstimmen,F15,BSW,46,,,,
lsa:GEMEINDE:15091060,Zweitstimmen,F19,PdF,1,,,,
lsa:GEMEINDE:15091060,Zweitstimmen,F2,AfD,487,,,,
lsa:GEMEINDE:15091060,Zweitstimmen,F20,Volt,2,,,,
lsa:GEMEINDE:15091060,Zweitstimmen,F3,Die Linke,56,,,,
lsa:GEMEINDE:15091060,Zweitstimmen,F4,SPD,93,,,,
lsa:GEMEINDE:15091060,Zweitstimmen,F5,FDP,27,,,,
lsa:GEMEINDE:15091060,Zweitstimmen,F6,GRÜNE,42,,,,
lsa:GEMEINDE:15091060,Zweitstimmen,F7,FREIE WÄHLER,17,,,,
lsa:GEMEINDE:15091060,Zweitstimmen,F8,dieBasis,1,,,,
lsa:GEMEINDE:15091060,Zweitstimmen,F9,Tierschutzpartei,7,,,,
lsa:GEMEINDE:15091110,Erststimmen,D1,CDU,537,,,,
lsa:GEMEINDE:15091110,Erststimmen,D2,AfD,1573,,,,
lsa:GEMEINDE:15091110,Erststimmen,D3,Die Linke,224,,,,
lsa:GEMEINDE:15091110,Erststimmen,D4,SPD,151,,,,
lsa:GEMEINDE:15091110,Erststimmen,D5,FDP,49,,,,
lsa:GEMEINDE:15091110,Erststimmen,D6,GRÜNE,65,,,,
lsa:GEMEINDE:15091110,Erststimmen,D7,FREIE WÄHLER,118,,,,
lsa:GEMEINDE:15091110,Zweitstimmen,F1,CDU,431,,,,
lsa:GEMEINDE:15091110,Zweitstimmen,F10,Gartenpartei,12,,,,
lsa:GEMEINDE:15091110,Zweitstimmen,F11,Die PARTEI,7,,,,
lsa:GEMEINDE:15091110,Zweitstimmen,F12,TIERSCHUTZALLIANZ,14,,,,
lsa:GEMEINDE:15091110,Zweitstimmen,F15,BSW,97,,,,
lsa:GEMEINDE:15091110,Zweitstimmen,F19,PdF,6,,,,
lsa:GEMEINDE:15091110,Zweitstimmen,F2,AfD,1546,,,,
lsa:GEMEINDE:15091110,Zweitstimmen,F20,Volt,7,,,,
lsa:GEMEINDE:15091110,Zweitstimmen,F3,Die Linke,173,,,,
lsa:GEMEINDE:15091110,Zweitstimmen,F4,SPD,178,,,,
lsa:GEMEINDE:15091110,Zweitstimmen,F5,FDP,51,,,,
lsa:GEMEINDE:15091110,Zweitstimmen,F6,GRÜNE,124,,,,
lsa:GEMEINDE:15091110,Zweitstimmen,F7,FREIE WÄHLER,38,,,,
lsa:GEMEINDE:15091110,Zweitstimmen,F8,dieBasis,2,,,,
lsa:GEMEINDE:15091110,Zweitstimmen,F9,Tierschutzpartei,34,,,,
lsa:GEMEINDE:15091145,Erststimmen,D1,CDU,2177,,,,
lsa:GEMEINDE:15091145,Erststimmen,D2,AfD,3993,,,,
lsa:GEMEINDE:15091145,Erststimmen,D3,Die Linke,808,,,,
lsa:GEMEINDE:15091145,Erststimmen,D4,SPD,457,,,,
lsa:GEMEINDE:15091145,Erststimmen,D5,FDP,172,,,,
lsa:GEMEINDE:15091145,Erststimmen,D6,GRÜNE,185,,,,
lsa:GEMEINDE:15091145,Erststimmen,D7,FREIE WÄHLER,403,,,,
lsa:GEMEINDE:15091145,Zweitstimmen,F1,CDU,1652,,,,
lsa:GEMEINDE:15091145,Zweitstimmen,F10,Gartenpartei,48,,,,
lsa:GEMEINDE:15091145,Zweitstimmen,F11,Die PARTEI,16,,,,
lsa:GEMEINDE:15091145,Zweitstimmen,F12,TIERSCHUTZALLIANZ,36,,,,
lsa:GEMEINDE:15091145,Zweitstimmen,F15,BSW,465,,,,
lsa:GEMEINDE:15091145,Zweitstimmen,F19,PdF,16,,,,
lsa:GEMEINDE:15091145,Zweitstimmen,F2,AfD,3904,,,,
lsa:GEMEINDE:15091145,Zweitstimmen,F20,Volt,37,,,,
lsa:GEMEINDE:15091145,Zweitstimmen,F3,Die Linke,623,,,,
lsa:GEMEINDE:15091145,Zweitstimmen,F4,SPD,571,,,,
lsa:GEMEINDE:15091145,Zweitstimmen,F5,FDP,189,,,,
lsa:GEMEINDE:15091145,Zweitstimmen,F6,GRÜNE,395,,,,
lsa:GEMEINDE:15091145,Zweitstimmen,F7,FREIE WÄHLER,163,,,,
lsa:GEMEINDE:15091145,Zweitstimmen,F8,dieBasis,10,,,,
lsa:GEMEINDE:15091145,Zweitstimmen,F9,Tierschutzpartei,93,,,,
lsa:GEMEINDE:15091160,Erststimmen,D1,CDU,1748,,,,
lsa:GEMEINDE:15091160,Erststimmen,D2,AfD,2994,,,,
lsa:GEMEINDE:15091160,Erststimmen,D3,Die Linke,616,,,,
lsa:GEMEINDE:15091160,Erststimmen,D4,SPD,417,,,,
lsa:GEMEINDE:15091160,Erststimmen,D5,FDP,121,,,,
lsa:GEMEINDE:15091160,Erststimmen,D6,GRÜNE,157,,,,
lsa:GEMEINDE:15091160,Erststimmen,D7,FREIE WÄHLER,369,,,,
lsa:GEMEINDE:15091160,Zweitstimmen,F1,CDU,1410,,,,
lsa:GEMEINDE:15091160,Zweitstimmen,F10,Gartenpartei,24,,,,
lsa:GEMEINDE:15091160,Zweitstimmen,F11,Die PARTEI,9,,,,
lsa:GEMEINDE:15091160,Zweitstimmen,F12,TIERSCHUTZALLIANZ,34,,,,
lsa:GEMEINDE:15091160,Zweitstimmen,F15,BSW,280,,,,
lsa:GEMEINDE:15091160,Zweitstimmen,F19,PdF,9,,,,
lsa:GEMEINDE:15091160,Zweitstimmen,F2,AfD,2950,,,,
lsa:GEMEINDE:15091160,Zweitstimmen,F20,Volt,15,,,,
lsa:GEMEINDE:15091160,Zweitstimmen,F3,Die Linke,483,,,,
lsa:GEMEINDE:15091160,Zweitstimmen,F4,SPD,501,,,,
lsa:GEMEINDE:15091160,Zweitstimmen,F5,FDP,116,,,,
lsa:GEMEINDE:15091160,Zweitstimmen,F6,GRÜNE,381,,,,
lsa:GEMEINDE:15091160,Zweitstimmen,F7,FREIE WÄHLER,148,,,,
lsa:GEMEINDE:15091160,Zweitstimmen,F8,dieBasis,11,,,,
lsa:GEMEINDE:15091160,Zweitstimmen,F9,Tierschutzpartei,67,,,,
lsa:GEMEINDE:15091241,Erststimmen,D1,CDU,0,,,,
lsa:GEMEINDE:15091241,Erststimmen,D13,HEIMAT,0,,,,
lsa:GEMEINDE:15091241,Erststimmen,D2,AfD,0,,,,
lsa:GEMEINDE:15091241,Erststimmen,D3,Die Linke,0,,,,
lsa:GEMEINDE:15091241,Erststimmen,D4,SPD,0,,,,
lsa:GEMEINDE:15091241,Erststimmen,D5,FDP,0,,,,
lsa:GEMEINDE:15091241,Erststimmen,D6,GRÜNE,0,,,,
lsa:GEMEINDE:15091241,Erststimmen,D7,FREIE WÄHLER,0,,,,
lsa:GEMEINDE:15091241,Zweitstimmen,F1,CDU,0,,,,
lsa:GEMEINDE:15091241,Zweitstimmen,F10,Gartenpartei,0,,,,
lsa:GEMEINDE:15091241,Zweitstimmen,F11,Die PARTEI,0,,,,
lsa:GEMEINDE:15091241,Zweitstimmen,F12,TIERSCHUTZALLIANZ,0,,,,
lsa:GEMEINDE:15091241,Zweitstimmen,F15,BSW,0,,,,
lsa:GEMEINDE:15091241,Zweitstimmen,F19,PdF,0,,,,
lsa:GEMEINDE:15091241,Zweitstimmen,F2,AfD,0,,,,
lsa:GEMEINDE:15091241,Zweitstimmen,F20,Volt,0,,,,
lsa:GEMEINDE:15091241,Zweitstimmen,F3,Die Linke,0,,,,
lsa:GEMEINDE:15091241,Zweitstimmen,F4,SPD,0,,,,
lsa:GEMEINDE:15091241,Zweitstimmen,F5,FDP,0,,,,
lsa:GEMEINDE:15091241,Zweitstimmen,F6,GRÜNE,0,,,,
lsa:GEMEINDE:15091241,Zweitstimmen,F7,FREIE WÄHLER,0,,,,
lsa:GEMEINDE:15091241,Zweitstimmen,F8,dieBasis,0,,,,
lsa:GEMEINDE:15091241,Zweitstimmen,F9,Tierschutzpartei,0,,,,
lsa:GEMEINDE:15091375,Erststimmen,D1,CDU,5133,,,,
lsa:GEMEINDE:15091375,Erststimmen,D2,AfD,7972,,,,
lsa:GEMEINDE:15091375,Erststimmen,D3,Die Linke,1769,,,,
lsa:GEMEINDE:15091375,Erststimmen,D4,SPD,1200,,,,
lsa:GEMEINDE:15091375,Erststimmen,D5,FDP,357,,,,
lsa:GEMEINDE:15091375,Erststimmen,D6,GRÜNE,559,,,,
lsa:GEMEINDE:15091375,Erststimmen,D7,FREIE WÄHLER,954,,,,
lsa:GEMEINDE:15091375,Zweitstimmen,F1,CDU,3716,,,,
lsa:GEMEINDE:15091375,Zweitstimmen,F10,Gartenpartei,83,,,,
lsa:GEMEINDE:15091375,Zweitstimmen,F11,Die PARTEI,54,,,,
lsa:GEMEINDE:15091375,Zweitstimmen,F12,TIERSCHUTZALLIANZ,103,,,,
lsa:GEMEINDE:15091375,Zweitstimmen,F15,BSW,732,,,,
lsa:GEMEINDE:15091375,Zweitstimmen,F19,PdF,32,,,,
lsa:GEMEINDE:15091375,Zweitstimmen,F2,AfD,7773,,,,
lsa:GEMEINDE:15091375,Zweitstimmen,F20,Volt,53,,,,
lsa:GEMEINDE:15091375,Zweitstimmen,F3,Die Linke,1471,,,,
lsa:GEMEINDE:15091375,Zweitstimmen,F4,SPD,1444,,,,
lsa:GEMEINDE:15091375,Zweitstimmen,F5,FDP,399,,,,
lsa:GEMEINDE:15091375,Zweitstimmen,F6,GRÜNE,1440,,,,
lsa:GEMEINDE:15091375,Zweitstimmen,F7,FREIE WÄHLER,456,,,,
lsa:GEMEINDE:15091375,Zweitstimmen,F8,dieBasis,26,,,,
lsa:GEMEINDE:15091375,Zweitstimmen,F9,Tierschutzpartei,205,,,,
lsa:GEMEINDE:15091391,Erststimmen,D1,CDU,1691,,,,
lsa:GEMEINDE:15091391,Erststimmen,D2,AfD,2700,,,,
lsa:GEMEINDE:15091391,Erststimmen,D3,Die Linke,548,,,,
lsa:GEMEINDE:15091391,Erststimmen,D4,SPD,337,,,,
lsa:GEMEINDE:15091391,Erststimmen,D5,FDP,120,,,,
lsa:GEMEINDE:15091391,Erststimmen,D6,GRÜNE,136,,,,
lsa:GEMEINDE:15091391,Erststimmen,D7,FREIE WÄHLER,375,,,,
lsa:GEMEINDE:15091391,Zweitstimmen,F1,CDU,1298,,,,
lsa:GEMEINDE:15091391,Zweitstimmen,F10,Gartenpartei,28,,,,
lsa:GEMEINDE:15091391,Zweitstimmen,F11,Die PARTEI,12,,,,
lsa:GEMEINDE:15091391,Zweitstimmen,F12,TIERSCHUTZALLIANZ,32,,,,
lsa:GEMEINDE:15091391,Zweitstimmen,F15,BSW,275,,,,
lsa:GEMEINDE:15091391,Zweitstimmen,F19,PdF,12,,,,
lsa:GEMEINDE:15091391,Zweitstimmen,F2,AfD,2634,,,,
lsa:GEMEINDE:15091391,Zweitstimmen,F20,Volt,13,,,,
lsa:GEMEINDE:15091391,Zweitstimmen,F3,Die Linke,459,,,,
lsa:GEMEINDE:15091391,Zweitstimmen,F4,SPD,428,,,,
lsa:GEMEINDE:15091391,Zweitstimmen,F5,FDP,138,,,,
lsa:GEMEINDE:15091391,Zweitstimmen,F6,GRÜNE,327,,,,
lsa:GEMEINDE:15091391,Zweitstimmen,F7,FREIE WÄHLER,184,,,,
lsa:GEMEINDE:15091391,Zweitstimmen,F8,dieBasis,12,,,,
lsa:GEMEINDE:15091391,Zweitstimmen,F9,Tierschutzpartei,61,,,,
lsa:KREIS:15001,Erststimmen,D1,CDU,8972,,,,
lsa:KREIS:15001,Erststimmen,D13,HEIMAT,147,,,,
lsa:KREIS:15001,Erststimmen,D2,AfD,12526,,,,
lsa:KREIS:15001,Erststimmen,D3,Die Linke,3431,,,,
lsa:KREIS:15001,Erststimmen,D4,SPD,2553,,,,
lsa:KREIS:15001,Erststimmen,D5,FDP,1446,,,,
lsa:KREIS:15001,Erststimmen,D6,GRÜNE,1285,,,,
lsa:KREIS:15001,Erststimmen,D7,FREIE WÄHLER,345,,,,
lsa:KREIS:15001,Zweitstimmen,F1,CDU,5771,,,,
lsa:KREIS:15001,Zweitstimmen,F10,Gartenpartei,148,,,,
lsa:KREIS:15001,Zweitstimmen,F11,Die PARTEI,83,,,,
lsa:KREIS:15001,Zweitstimmen,F12,TIERSCHUTZALLIANZ,155,,,,
lsa:KREIS:15001,Zweitstimmen,F15,BSW,1980,,,,
lsa:KREIS:15001,Zweitstimmen,F19,PdF,45,,,,
lsa:KREIS:15001,Zweitstimmen,F2,AfD,11829,,,,
lsa:KREIS:15001,Zweitstimmen,F20,Volt,122,,,,
lsa:KREIS:15001,Zweitstimmen,F3,Die Linke,2618,,,,
lsa:KREIS:15001,Zweitstimmen,F4,SPD,3126,,,,
lsa:KREIS:15001,Zweitstimmen,F5,FDP,973,,,,
lsa:KREIS:15001,Zweitstimmen,F6,GRÜNE,3284,,,,
lsa:KREIS:15001,Zweitstimmen,F7,FREIE WÄHLER,297,,,,
lsa:KREIS:15001,Zweitstimmen,F8,dieBasis,32,,,,
lsa:KREIS:15001,Zweitstimmen,F9,Tierschutzpartei,375,,,,
lsa:KREIS:15002,Erststimmen,D1,CDU,9349,,,,
lsa:KREIS:15002,Erststimmen,D15,BSW,2111,,,,
lsa:KREIS:15002,Erststimmen,D2,AfD,13656,,,,
lsa:KREIS:15002,Erststimmen,D21,Anderer Kreiswahlvorschlag,138,,,,
lsa:KREIS:15002,Erststimmen,D3,Die Linke,13791,,,,
lsa:KREIS:15002,Erststimmen,D4,SPD,4566,,,,
lsa:KREIS:15002,Erststimmen,D5,FDP,1688,,,,
lsa:KREIS:15002,Erststimmen,D6,GRÜNE,3607,,,,
lsa:KREIS:15002,Erststimmen,D7,FREIE WÄHLER,334,,,,
lsa:KREIS:15002,Zweitstimmen,F1,CDU,6587,,,,
lsa:KREIS:15002,Zweitstimmen,F10,Gartenpartei,175,,,,
lsa:KREIS:15002,Zweitstimmen,F11,Die PARTEI,181,,,,
lsa:KREIS:15002,Zweitstimmen,F12,TIERSCHUTZALLIANZ,245,,,,
lsa:KREIS:15002,Zweitstimmen,F15,BSW,2285,,,,
lsa:KREIS:15002,Zweitstimmen,F19,PdF,68,,,,
lsa:KREIS:15002,Zweitstimmen,F2,AfD,13673,,,,
lsa:KREIS:15002,Zweitstimmen,F20,Volt,182,,,,
lsa:KREIS:15002,Zweitstimmen,F3,Die Linke,5960,,,,
lsa:KREIS:15002,Zweitstimmen,F4,SPD,6250,,,,
lsa:KREIS:15002,Zweitstimmen,F5,FDP,1420,,,,
lsa:KREIS:15002,Zweitstimmen,F6,GRÜNE,11351,,,,
lsa:KREIS:15002,Zweitstimmen,F7,FREIE WÄHLER,385,,,,
lsa:KREIS:15002,Zweitstimmen,F8,dieBasis,73,,,,
lsa:KREIS:15002,Zweitstimmen,F9,Tierschutzpartei,475,,,,
lsa:KREIS:15003,Erststimmen,D1,CDU,23255,,,,
lsa:KREIS:15003,Erststimmen,D10,Gartenpartei,1848,,,,
lsa:KREIS:15003,Erststimmen,D12,TIERSCHUTZALLIANZ,691,,,,
lsa:KREIS:15003,Erststimmen,D15,BSW,4118,,,,
lsa:KREIS:15003,Erststimmen,D2,AfD,29670,,,,
lsa:KREIS:15003,Erststimmen,D20,Volt,387,,,,
lsa:KREIS:15003,Erststimmen,D3,Die Linke,16137,,,,
lsa:KREIS:15003,Erststimmen,D4,SPD,7722,,,,
lsa:KREIS:15003,Erststimmen,D5,FDP,2617,,,,
lsa:KREIS:15003,Erststimmen,D6,GRÜNE,4227,,,,
lsa:KREIS:15003,Zweitstimmen,F1,CDU,14237,,,,
lsa:KREIS:15003,Zweitstimmen,F10,Gartenpartei,1192,,,,
lsa:KREIS:15003,Zweitstimmen,F11,Die PARTEI,259,,,,
lsa:KREIS:15003,Zweitstimmen,F12,TIERSCHUTZALLIANZ,747,,,,
lsa:KREIS:15003,Zweitstimmen,F15,BSW,4717,,,,
lsa:KREIS:15003,Zweitstimmen,F19,PdF,148,,,,
lsa:KREIS:15003,Zweitstimmen,F2,AfD,29553,,,,
lsa:KREIS:15003,Zweitstimmen,F20,Volt,457,,,,
lsa:KREIS:15003,Zweitstimmen,F3,Die Linke,9762,,,,
lsa:KREIS:15003,Zweitstimmen,F4,SPD,10960,,,,
lsa:KREIS:15003,Zweitstimmen,F5,FDP,2713,,,,
lsa:KREIS:15003,Zweitstimmen,F6,GRÜNE,14577,,,,
lsa:KREIS:15003,Zweitstimmen,F7,FREIE WÄHLER,487,,,,
lsa:KREIS:15003,Zweitstimmen,F8,dieBasis,141,,,,
lsa:KREIS:15003,Zweitstimmen,F9,Tierschutzpartei,775,,,,
lsa:KREIS:15081,Erststimmen,D1,CDU,7295,,,,
lsa:KREIS:15081,Erststimmen,D11,Die PARTEI,372,,,,
lsa:KREIS:15081,Erststimmen,D15,BSW,1567,,,,
lsa:KREIS:15081,Erststimmen,D2,AfD,14291,,,,
lsa:KREIS:15081,Erststimmen,D3,Die Linke,3506,,,,
lsa:KREIS:15081,Erststimmen,D4,SPD,2194,,,,
lsa:KREIS:15081,Erststimmen,D5,FDP,909,,,,
lsa:KREIS:15081,Erststimmen,D6,GRÜNE,711,,,,
lsa:KREIS:15081,Zweitstimmen,F1,CDU,4953,,,,
lsa:KREIS:15081,Zweitstimmen,F10,Gartenpartei,133,,,,
lsa:KREIS:15081,Zweitstimmen,F11,Die PARTEI,116,,,,
lsa:KREIS:15081,Zweitstimmen,F12,TIERSCHUTZALLIANZ,152,,,,
lsa:KREIS:15081,Zweitstimmen,F15,BSW,1626,,,,
lsa:KREIS:15081,Zweitstimmen,F19,PdF,51,,,,
lsa:KREIS:15081,Zweitstimmen,F2,AfD,14432,,,,
lsa:KREIS:15081,Zweitstimmen,F20,Volt,88,,,,
lsa:KREIS:15081,Zweitstimmen,F3,Die Linke,2816,,,,
lsa:KREIS:15081,Zweitstimmen,F4,SPD,2895,,,,
lsa:KREIS:15081,Zweitstimmen,F5,FDP,847,,,,
lsa:KREIS:15081,Zweitstimmen,F6,GRÜNE,2118,,,,
lsa:KREIS:15081,Zweitstimmen,F7,FREIE WÄHLER,293,,,,
lsa:KREIS:15081,Zweitstimmen,F8,dieBasis,55,,,,
lsa:KREIS:15081,Zweitstimmen,F9,Tierschutzpartei,282,,,,
lsa:KREIS:15082,Erststimmen,D1,CDU,13717,,,,
lsa:KREIS:15082,Erststimmen,D15,BSW,909,,,,
lsa:KREIS:15082,Erststimmen,D2,AfD,34448,,,,
lsa:KREIS:15082,Erststimmen,D3,Die Linke,5468,,,,
lsa:KREIS:15082,Erststimmen,D4,SPD,3910,,,,
lsa:KREIS:15082,Erststimmen,D5,FDP,2002,,,,
lsa:KREIS:15082,Erststimmen,D6,GRÜNE,1656,,,,
lsa:KREIS:15082,Erststimmen,D7,FREIE WÄHLER,1185,,,,
lsa:KREIS:15082,Zweitstimmen,F1,CDU,10383,,,,
lsa:KREIS:15082,Zweitstimmen,F10,Gartenpartei,289,,,,
lsa:KREIS:15082,Zweitstimmen,F11,Die PARTEI,148,,,,
lsa:KREIS:15082,Zweitstimmen,F12,TIERSCHUTZALLIANZ,380,,,,
lsa:KREIS:15082,Zweitstimmen,F15,BSW,3116,,,,
lsa:KREIS:15082,Zweitstimmen,F19,PdF,94,,,,
lsa:KREIS:15082,Zweitstimmen,F2,AfD,33617,,,,
lsa:KREIS:15082,Zweitstimmen,F20,Volt,199,,,,
lsa:KREIS:15082,Zweitstimmen,F3,Die Linke,4545,,,,
lsa:KREIS:15082,Zweitstimmen,F4,SPD,4108,,,,
lsa:KREIS:15082,Zweitstimmen,F5,FDP,1613,,,,
lsa:KREIS:15082,Zweitstimmen,F6,GRÜNE,3258,,,,
lsa:KREIS:15082,Zweitstimmen,F7,FREIE WÄHLER,918,,,,
lsa:KREIS:15082,Zweitstimmen,F8,dieBasis,61,,,,
lsa:KREIS:15082,Zweitstimmen,F9,Tierschutzpartei,720,,,,
lsa:KREIS:15083,Erststimmen,D1,CDU,14346,,,,
lsa:KREIS:15083,Erststimmen,D11,Die PARTEI,43,,,,
lsa:KREIS:15083,Erststimmen,D15,BSW,2914,,,,
lsa:KREIS:15083,Erststimmen,D2,AfD,30831,,,,
lsa:KREIS:15083,Erststimmen,D21,Anderer Kreiswahlvorschlag,209,,,,
lsa:KREIS:15083,Erststimmen,D3,Die Linke,4475,,,,
lsa:KREIS:15083,Erststimmen,D4,SPD,3871,,,,
lsa:KREIS:15083,Erststimmen,D5,FDP,1534,,,,
lsa:KREIS:15083,Erststimmen,D6,GRÜNE,1235,,,,
lsa:KREIS:15083,Zweitstimmen,F1,CDU,9512,,,,
lsa:KREIS:15083,Zweitstimmen,F10,Gartenpartei,392,,,,
lsa:KREIS:15083,Zweitstimmen,F11,Die PARTEI,182,,,,
lsa:KREIS:15083,Zweitstimmen,F12,TIERSCHUTZALLIANZ,335,,,,
lsa:KREIS:15083,Zweitstimmen,F15,BSW,3109,,,,
lsa:KREIS:15083,Zweitstimmen,F19,PdF,89,,,,
lsa:KREIS:15083,Zweitstimmen,F2,AfD,30876,,,,
lsa:KREIS:15083,Zweitstimmen,F20,Volt,150,,,,
lsa:KREIS:15083,Zweitstimmen,F3,Die Linke,4124,,,,
lsa:KREIS:15083,Zweitstimmen,F4,SPD,4688,,,,
lsa:KREIS:15083,Zweitstimmen,F5,FDP,1361,,,,
lsa:KREIS:15083,Zweitstimmen,F6,GRÜNE,3348,,,,
lsa:KREIS:15083,Zweitstimmen,F7,FREIE WÄHLER,655,,,,
lsa:KREIS:15083,Zweitstimmen,F8,dieBasis,52,,,,
lsa:KREIS:15083,Zweitstimmen,F9,Tierschutzpartei,655,,,,
lsa:KREIS:15084,Erststimmen,D1,CDU,12692,,,,
lsa:KREIS:15084,Erststimmen,D15,BSW,598,,,,
lsa:KREIS:15084,Erststimmen,D19,PdF,79,,,,
lsa:KREIS:15084,Erststimmen,D2,AfD,31888,,,,
lsa:KREIS:15084,Erststimmen,D20,Volt,145,,,,
lsa:KREIS:15084,Erststimmen,D21,Anderer Kreiswahlvorschlag,141,,,,
lsa:KREIS:15084,Erststimmen,D3,Die Linke,4792,,,,
lsa:KREIS:15084,Erststimmen,D4,SPD,3419,,,,
lsa:KREIS:15084,Erststimmen,D5,FDP,1717,,,,
lsa:KREIS:15084,Erststimmen,D6,GRÜNE,1252,,,,
lsa:KREIS:15084,Erststimmen,D7,FREIE WÄHLER,720,,,,
lsa:KREIS:15084,Erststimmen,D9,Tierschutzpartei,487,,,,
lsa:KREIS:15084,Zweitstimmen,F1,CDU,9508,,,,
lsa:KREIS:15084,Zweitstimmen,F10,Gartenpartei,251,,,,
lsa:KREIS:15084,Zweitstimmen,F11,Die PARTEI,137,,,,
lsa:KREIS:15084,Zweitstimmen,F12,TIERSCHUTZALLIANZ,264,,,,
lsa:KREIS:15084,Zweitstimmen,F15,BSW,2635,,,,
lsa:KREIS:15084,Zweitstimmen,F19,PdF,113,,,,
lsa:KREIS:15084,Zweitstimmen,F2,AfD,31632,,,,
lsa:KREIS:15084,Zweitstimmen,F20,Volt,189,,,,
lsa:KREIS:15084,Zweitstimmen,F3,Die Linke,4025,,,,
lsa:KREIS:15084,Zweitstimmen,F4,SPD,3722,,,,
lsa:KREIS:15084,Zweitstimmen,F5,FDP,1300,,,,
lsa:KREIS:15084,Zweitstimmen,F6,GRÜNE,2718,,,,
lsa:KREIS:15084,Zweitstimmen,F7,FREIE WÄHLER,747,,,,
lsa:KREIS:15084,Zweitstimmen,F8,dieBasis,111,,,,
lsa:KREIS:15084,Zweitstimmen,F9,Tierschutzpartei,724,,,,
lsa:KREIS:15085,Erststimmen,D1,CDU,9260,,,,
lsa:KREIS:15085,Erststimmen,D15,BSW,2156,,,,
lsa:KREIS:15085,Erststimmen,D19,PdF,3,,,,
lsa:KREIS:15085,Erststimmen,D2,AfD,24670,,,,
lsa:KREIS:15085,Erststimmen,D21,Anderer Kreiswahlvorschlag,94,,,,
lsa:KREIS:15085,Erststimmen,D3,Die Linke,4291,,,,
lsa:KREIS:15085,Erststimmen,D4,SPD,5075,,,,
lsa:KREIS:15085,Erststimmen,D5,FDP,862,,,,
lsa:KREIS:15085,Erststimmen,D6,GRÜNE,1398,,,,
lsa:KREIS:15085,Erststimmen,D7,FREIE WÄHLER,1509,,,,
lsa:KREIS:15085,Zweitstimmen,F1,CDU,7448,,,,
lsa:KREIS:15085,Zweitstimmen,F10,Gartenpartei,213,,,,
lsa:KREIS:15085,Zweitstimmen,F11,Die PARTEI,127,,,,
lsa:KREIS:15085,Zweitstimmen,F12,TIERSCHUTZALLIANZ,285,,,,
lsa:KREIS:15085,Zweitstimmen,F15,BSW,2664,,,,
lsa:KREIS:15085,Zweitstimmen,F19,PdF,65,,,,
lsa:KREIS:15085,Zweitstimmen,F2,AfD,24798,,,,
lsa:KREIS:15085,Zweitstimmen,F20,Volt,96,,,,
lsa:KREIS:15085,Zweitstimmen,F3,Die Linke,3510,,,,
lsa:KREIS:15085,Zweitstimmen,F4,SPD,4681,,,,
lsa:KREIS:15085,Zweitstimmen,F5,FDP,891,,,,
lsa:KREIS:15085,Zweitstimmen,F6,GRÜNE,3228,,,,
lsa:KREIS:15085,Zweitstimmen,F7,FREIE WÄHLER,781,,,,
lsa:KREIS:15085,Zweitstimmen,F8,dieBasis,85,,,,
lsa:KREIS:15085,Zweitstimmen,F9,Tierschutzpartei,506,,,,
lsa:KREIS:15086,Erststimmen,D1,CDU,2063,,,,
lsa:KREIS:15086,Erststimmen,D15,BSW,179,,,,
lsa:KREIS:15086,Erststimmen,D2,AfD,4485,,,,
lsa:KREIS:15086,Erststimmen,D21,Anderer Kreiswahlvorschlag,86,,,,
lsa:KREIS:15086,Erststimmen,D3,Die Linke,729,,,,
lsa:KREIS:15086,Erststimmen,D4,SPD,599,,,,
lsa:KREIS:15086,Erststimmen,D5,FDP,388,,,,
lsa:KREIS:15086,Erststimmen,D6,GRÜNE,253,,,,
lsa:KREIS:15086,Erststimmen,D7,FREIE WÄHLER,72,,,,
lsa:KREIS:15086,Zweitstimmen,F1,CDU,1460,,,,
lsa:KREIS:15086,Zweitstimmen,F10,Gartenpartei,46,,,,
lsa:KREIS:15086,Zweitstimmen,F11,Die PARTEI,16,,,,
lsa:KREIS:15086,Zweitstimmen,F12,TIERSCHUTZALLIANZ,33,,,,
lsa:KREIS:15086,Zweitstimmen,F15,BSW,461,,,,
lsa:KREIS:15086,Zweitstimmen,F19,PdF,20,,,,
lsa:KREIS:15086,Zweitstimmen,F2,AfD,4507,,,,
lsa:KREIS:15086,Zweitstimmen,F20,Volt,23,,,,
lsa:KREIS:15086,Zweitstimmen,F3,Die Linke,589,,,,
lsa:KREIS:15086,Zweitstimmen,F4,SPD,699,,,,
lsa:KREIS:15086,Zweitstimmen,F5,FDP,252,,,,
lsa:KREIS:15086,Zweitstimmen,F6,GRÜNE,519,,,,
lsa:KREIS:15086,Zweitstimmen,F7,FREIE WÄHLER,154,,,,
lsa:KREIS:15086,Zweitstimmen,F8,dieBasis,10,,,,
lsa:KREIS:15086,Zweitstimmen,F9,Tierschutzpartei,100,,,,
lsa:KREIS:15087,Erststimmen,D1,CDU,9506,,,,
lsa:KREIS:15087,Erststimmen,D15,BSW,191,,,,
lsa:KREIS:15087,Erststimmen,D19,PdF,798,,,,
lsa:KREIS:15087,Erststimmen,D2,AfD,24883,,,,
lsa:KREIS:15087,Erststimmen,D3,Die Linke,4342,,,,
lsa:KREIS:15087,Erststimmen,D4,SPD,2417,,,,
lsa:KREIS:15087,Erststimmen,D5,FDP,1450,,,,
lsa:KREIS:15087,Erststimmen,D6,GRÜNE,874,,,,
lsa:KREIS:15087,Zweitstimmen,F1,CDU,7398,,,,
lsa:KREIS:15087,Zweitstimmen,F10,Gartenpartei,180,,,,
lsa:KREIS:15087,Zweitstimmen,F11,Die PARTEI,90,,,,
lsa:KREIS:15087,Zweitstimmen,F12,TIERSCHUTZALLIANZ,225,,,,
lsa:KREIS:15087,Zweitstimmen,F15,BSW,2303,,,,
lsa:KREIS:15087,Zweitstimmen,F19,PdF,302,,,,
lsa:KREIS:15087,Zweitstimmen,F2,AfD,24179,,,,
lsa:KREIS:15087,Zweitstimmen,F20,Volt,103,,,,
lsa:KREIS:15087,Zweitstimmen,F3,Die Linke,3293,,,,
lsa:KREIS:15087,Zweitstimmen,F4,SPD,3026,,,,
lsa:KREIS:15087,Zweitstimmen,F5,FDP,1000,,,,
lsa:KREIS:15087,Zweitstimmen,F6,GRÜNE,1669,,,,
lsa:KREIS:15087,Zweitstimmen,F7,FREIE WÄHLER,343,,,,
lsa:KREIS:15087,Zweitstimmen,F8,dieBasis,56,,,,
lsa:KREIS:15087,Zweitstimmen,F9,Tierschutzpartei,436,,,,
lsa:KREIS:15088,Erststimmen,D1,CDU,11103,,,,
lsa:KREIS:15088,Erststimmen,D15,BSW,739,,,,
lsa:KREIS:15088,Erststimmen,D19,PdF,295,,,,
lsa:KREIS:15088,Erststimmen,D2,AfD,29452,,,,
lsa:KREIS:15088,Erststimmen,D3,Die Linke,4086,,,,
lsa:KREIS:15088,Erststimmen,D4,SPD,2786,,,,
lsa:KREIS:15088,Erststimmen,D5,FDP,1808,,,,
lsa:KREIS:15088,Erststimmen,D6,GRÜNE,1044,,,,
lsa:KREIS:15088,Zweitstimmen,F1,CDU,8065,,,,
lsa:KREIS:15088,Zweitstimmen,F10,Gartenpartei,175,,,,
lsa:KREIS:15088,Zweitstimmen,F11,Die PARTEI,116,,,,
lsa:KREIS:15088,Zweitstimmen,F12,TIERSCHUTZALLIANZ,292,,,,
lsa:KREIS:15088,Zweitstimmen,F15,BSW,2554,,,,
lsa:KREIS:15088,Zweitstimmen,F19,PdF,108,,,,
lsa:KREIS:15088,Zweitstimmen,F2,AfD,28627,,,,
lsa:KREIS:15088,Zweitstimmen,F20,Volt,139,,,,
lsa:KREIS:15088,Zweitstimmen,F3,Die Linke,3129,,,,
lsa:KREIS:15088,Zweitstimmen,F4,SPD,3254,,,,
lsa:KREIS:15088,Zweitstimmen,F5,FDP,1185,,,,
lsa:KREIS:15088,Zweitstimmen,F6,GRÜNE,2784,,,,
lsa:KREIS:15088,Zweitstimmen,F7,FREIE WÄHLER,441,,,,
lsa:KREIS:15088,Zweitstimmen,F8,dieBasis,69,,,,
lsa:KREIS:15088,Zweitstimmen,F9,Tierschutzpartei,508,,,,
lsa:KREIS:15089,Erststimmen,D1,CDU,10980,,,,
lsa:KREIS:15089,Erststimmen,D15,BSW,1845,,,,
lsa:KREIS:15089,Erststimmen,D19,PdF,104,,,,
lsa:KREIS:15089,Erststimmen,D2,AfD,31878,,,,
lsa:KREIS:15089,Erststimmen,D3,Die Linke,4717,,,,
lsa:KREIS:15089,Erststimmen,D4,SPD,3167,,,,
lsa:KREIS:15089,Erststimmen,D5,FDP,2215,,,,
lsa:KREIS:15089,Erststimmen,D6,GRÜNE,961,,,,
lsa:KREIS:15089,Zweitstimmen,F1,CDU,8122,,,,
lsa:KREIS:15089,Zweitstimmen,F10,Gartenpartei,266,,,,
lsa:KREIS:15089,Zweitstimmen,F11,Die PARTEI,117,,,,
lsa:KREIS:15089,Zweitstimmen,F12,TIERSCHUTZALLIANZ,352,,,,
lsa:KREIS:15089,Zweitstimmen,F15,BSW,2903,,,,
lsa:KREIS:15089,Zweitstimmen,F19,PdF,98,,,,
lsa:KREIS:15089,Zweitstimmen,F2,AfD,31398,,,,
lsa:KREIS:15089,Zweitstimmen,F20,Volt,195,,,,
lsa:KREIS:15089,Zweitstimmen,F3,Die Linke,3953,,,,
lsa:KREIS:15089,Zweitstimmen,F4,SPD,3438,,,,
lsa:KREIS:15089,Zweitstimmen,F5,FDP,1456,,,,
lsa:KREIS:15089,Zweitstimmen,F6,GRÜNE,2461,,,,
lsa:KREIS:15089,Zweitstimmen,F7,FREIE WÄHLER,422,,,,
lsa:KREIS:15089,Zweitstimmen,F8,dieBasis,88,,,,
lsa:KREIS:15089,Zweitstimmen,F9,Tierschutzpartei,718,,,,
lsa:KREIS:15090,Erststimmen,D1,CDU,7063,,,,
lsa:KREIS:15090,Erststimmen,D15,BSW,1491,,,,
lsa:KREIS:15090,Erststimmen,D2,AfD,16194,,,,
lsa:KREIS:15090,Erststimmen,D21,Anderer Kreiswahlvorschlag,39,,,,
lsa:KREIS:15090,Erststimmen,D3,Die Linke,3271,,,,
lsa:KREIS:15090,Erststimmen,D4,SPD,2497,,,,
lsa:KREIS:15090,Erststimmen,D5,FDP,938,,,,
lsa:KREIS:15090,Erststimmen,D6,GRÜNE,981,,,,
lsa:KREIS:15090,Zweitstimmen,F1,CDU,5123,,,,
lsa:KREIS:15090,Zweitstimmen,F10,Gartenpartei,137,,,,
lsa:KREIS:15090,Zweitstimmen,F11,Die PARTEI,70,,,,
lsa:KREIS:15090,Zweitstimmen,F12,TIERSCHUTZALLIANZ,132,,,,
lsa:KREIS:15090,Zweitstimmen,F15,BSW,1821,,,,
lsa:KREIS:15090,Zweitstimmen,F19,PdF,43,,,,
lsa:KREIS:15090,Zweitstimmen,F2,AfD,16073,,,,
lsa:KREIS:15090,Zweitstimmen,F20,Volt,106,,,,
lsa:KREIS:15090,Zweitstimmen,F3,Die Linke,2504,,,,
lsa:KREIS:15090,Zweitstimmen,F4,SPD,2891,,,,
lsa:KREIS:15090,Zweitstimmen,F5,FDP,786,,,,
lsa:KREIS:15090,Zweitstimmen,F6,GRÜNE,2041,,,,
lsa:KREIS:15090,Zweitstimmen,F7,FREIE WÄHLER,412,,,,
lsa:KREIS:15090,Zweitstimmen,F8,dieBasis,65,,,,
lsa:KREIS:15090,Zweitstimmen,F9,Tierschutzpartei,301,,,,
lsa:KREIS:15091,Erststimmen,D1,CDU,13196,,,,
lsa:KREIS:15091,Erststimmen,D13,HEIMAT,7,,,,
lsa:KREIS:15091,Erststimmen,D2,AfD,23895,,,,
lsa:KREIS:15091,Erststimmen,D3,Die Linke,4607,,,,
lsa:KREIS:15091,Erststimmen,D4,SPD,2952,,,,
lsa:KREIS:15091,Erststimmen,D5,FDP,1023,,,,
lsa:KREIS:15091,Erststimmen,D6,GRÜNE,1266,,,,
lsa:KREIS:15091,Erststimmen,D7,FREIE WÄHLER,2750,,,,
lsa:KREIS:15091,Zweitstimmen,F1,CDU,10019,,,,
lsa:KREIS:15091,Zweitstimmen,F10,Gartenpartei,225,,,,
lsa:KREIS:15091,Zweitstimmen,F11,Die PARTEI,115,,,,
lsa:KREIS:15091,Zweitstimmen,F12,TIERSCHUTZALLIANZ,259,,,,
lsa:KREIS:15091,Zweitstimmen,F15,BSW,2202,,,,
lsa:KREIS:15091,Zweitstimmen,F19,PdF,82,,,,
lsa:KREIS:15091,Zweitstimmen,F2,AfD,23406,,,,
lsa:KREIS:15091,Zweitstimmen,F20,Volt,140,,,,
lsa:KREIS:15091,Zweitstimmen,F3,Die Linke,3759,,,,
lsa:KREIS:15091,Zweitstimmen,F4,SPD,3639,,,,
lsa:KREIS:15091,Zweitstimmen,F5,FDP,1064,,,,
lsa:KREIS:15091,Zweitstimmen,F6,GRÜNE,3040,,,,
lsa:KREIS:15091,Zweitstimmen,F7,FREIE WÄHLER,1237,,,,
lsa:KREIS:15091,Zweitstimmen,F8,dieBasis,73,,,,
lsa:KREIS:15091,Zweitstimmen,F9,Tierschutzpartei,532,,,,
lsa:LAND:15,Erststimmen,D1,CDU,152797,,,,
lsa:LAND:15,Erststimmen,D10,Gartenpartei,1848,,,,
lsa:LAND:15,Erststimmen,D11,Die PARTEI,415,,,,
lsa:LAND:15,Erststimmen,D12,TIERSCHUTZALLIANZ,691,,,,
lsa:LAND:15,Erststimmen,D13,HEIMAT,154,,,,
lsa:LAND:15,Erststimmen,D15,BSW,18818,,,,
lsa:LAND:15,Erststimmen,D19,PdF,1279,,,,
lsa:LAND:15,Erststimmen,D2,AfD,322767,,,,
lsa:LAND:15,Erststimmen,D20,Volt,532,,,,
lsa:LAND:15,Erststimmen,D21,Anderer Kreiswahlvorschlag,707,,,,
lsa:LAND:15,Erststimmen,D3,Die Linke,77643,,,,
lsa:LAND:15,Erststimmen,D4,SPD,47728,,,,
lsa:LAND:15,Erststimmen,D5,FDP,20597,,,,
lsa:LAND:15,Erststimmen,D6,GRÜNE,20750,,,,
lsa:LAND:15,Erststimmen,D7,FREIE WÄHLER,6915,,,,
lsa:LAND:15,Erststimmen,D9,Tierschutzpartei,487,,,,
lsa:LAND:15,Zweitstimmen,F1,CDU,108586,,,,
lsa:LAND:15,Zweitstimmen,F10,Gartenpartei,3822,,,,
lsa:LAND:15,Zweitstimmen,F11,Die PARTEI,1757,,,,
lsa:LAND:15,Zweitstimmen,F12,TIERSCHUTZALLIANZ,3856,,,,
lsa:LAND:15,Zweitstimmen,F15,BSW,34376,,,,
lsa:LAND:15,Zweitstimmen,F19,PdF,1326,,,,
lsa:LAND:15,Zweitstimmen,F2,AfD,318600,,,,
lsa:LAND:15,Zweitstimmen,F20,Volt,2189,,,,
lsa:LAND:15,Zweitstimmen,F3,Die Linke,54587,,,,
lsa:LAND:15,Zweitstimmen,F4,SPD,57377,,,,
lsa:LAND:15,Zweitstimmen,F5,FDP,16861,,,,
lsa:LAND:15,Zweitstimmen,F6,GRÜNE,56396,,,,
lsa:LAND:15,Zweitstimmen,F7,FREIE WÄHLER,7572,,,,
lsa:LAND:15,Zweitstimmen,F8,dieBasis,971,,,,
lsa:LAND:15,Zweitstimmen,F9,Tierschutzpartei,7107,,,,
lsa:WAHLKREIS:001,Erststimmen,D1,CDU,3727,,,,
lsa:WAHLKREIS:001,Erststimmen,D11,Die PARTEI,156,,,,
lsa:WAHLKREIS:001,Erststimmen,D15,BSW,747,,,,
lsa:WAHLKREIS:001,Erststimmen,D2,AfD,7002,,,,
lsa:WAHLKREIS:001,Erststimmen,D3,Die Linke,1850,,,,
lsa:WAHLKREIS:001,Erststimmen,D4,SPD,1060,,,,
lsa:WAHLKREIS:001,Erststimmen,D5,FDP,399,,,,
lsa:WAHLKREIS:001,Erststimmen,D6,GRÜNE,381,,,,
lsa:WAHLKREIS:001,Zweitstimmen,F1,CDU,2525,,,,
lsa:WAHLKREIS:001,Zweitstimmen,F10,Gartenpartei,56,,,,
lsa:WAHLKREIS:001,Zweitstimmen,F11,Die PARTEI,48,,,,
lsa:WAHLKREIS:001,Zweitstimmen,F12,TIERSCHUTZALLIANZ,64,,,,
lsa:WAHLKREIS:001,Zweitstimmen,F15,BSW,815,,,,
lsa:WAHLKREIS:001,Zweitstimmen,F19,PdF,27,,,,
lsa:WAHLKREIS:001,Zweitstimmen,F2,AfD,7073,,,,
lsa:WAHLKREIS:001,Zweitstimmen,F20,Volt,37,,,,
lsa:WAHLKREIS:001,Zweitstimmen,F3,Die Linke,1491,,,,
lsa:WAHLKREIS:001,Zweitstimmen,F4,SPD,1353,,,,
lsa:WAHLKREIS:001,Zweitstimmen,F5,FDP,415,,,,
lsa:WAHLKREIS:001,Zweitstimmen,F6,GRÜNE,1128,,,,
lsa:WAHLKREIS:001,Zweitstimmen,F7,FREIE WÄHLER,145,,,,
lsa:WAHLKREIS:001,Zweitstimmen,F8,dieBasis,33,,,,
lsa:WAHLKREIS:001,Zweitstimmen,F9,Tierschutzpartei,124,,,,
lsa:WAHLKREIS:002,Erststimmen,D1,CDU,4256,,,,
lsa:WAHLKREIS:002,Erststimmen,D11,Die PARTEI,259,,,,
lsa:WAHLKREIS:002,Erststimmen,D15,BSW,972,,,,
lsa:WAHLKREIS:002,Erststimmen,D2,AfD,8684,,,,
lsa:WAHLKREIS:002,Erststimmen,D3,Die Linke,1862,,,,
lsa:WAHLKREIS:002,Erststimmen,D4,SPD,1399,,,,
lsa:WAHLKREIS:002,Erststimmen,D5,FDP,592,,,,
lsa:WAHLKREIS:002,Erststimmen,D6,GRÜNE,378,,,,
lsa:WAHLKREIS:002,Zweitstimmen,F1,CDU,2955,,,,
lsa:WAHLKREIS:002,Zweitstimmen,F10,Gartenpartei,91,,,,
lsa:WAHLKREIS:002,Zweitstimmen,F11,Die PARTEI,91,,,,
lsa:WAHLKREIS:002,Zweitstimmen,F12,TIERSCHUTZALLIANZ,112,,,,
lsa:WAHLKREIS:002,Zweitstimmen,F15,BSW,967,,,,
lsa:WAHLKREIS:002,Zweitstimmen,F19,PdF,29,,,,
lsa:WAHLKREIS:002,Zweitstimmen,F2,AfD,8747,,,,
lsa:WAHLKREIS:002,Zweitstimmen,F20,Volt,57,,,,
lsa:WAHLKREIS:002,Zweitstimmen,F3,Die Linke,1511,,,,
lsa:WAHLKREIS:002,Zweitstimmen,F4,SPD,1811,,,,
lsa:WAHLKREIS:002,Zweitstimmen,F5,FDP,499,,,,
lsa:WAHLKREIS:002,Zweitstimmen,F6,GRÜNE,1151,,,,
lsa:WAHLKREIS:002,Zweitstimmen,F7,FREIE WÄHLER,180,,,,
lsa:WAHLKREIS:002,Zweitstimmen,F8,dieBasis,22,,,,
lsa:WAHLKREIS:002,Zweitstimmen,F9,Tierschutzpartei,181,,,,
lsa:WAHLKREIS:003,Erststimmen,D1,CDU,3694,,,,
lsa:WAHLKREIS:003,Erststimmen,D15,BSW,794,,,,
lsa:WAHLKREIS:003,Erststimmen,D2,AfD,7977,,,,
lsa:WAHLKREIS:003,Erststimmen,D3,Die Linke,1882,,,,
lsa:WAHLKREIS:003,Erststimmen,D4,SPD,1185,,,,
lsa:WAHLKREIS:003,Erststimmen,D5,FDP,416,,,,
lsa:WAHLKREIS:003,Erststimmen,D6,GRÜNE,545,,,,
lsa:WAHLKREIS:003,Zweitstimmen,F1,CDU,2735,,,,
lsa:WAHLKREIS:003,Zweitstimmen,F10,Gartenpartei,68,,,,
lsa:WAHLKREIS:003,Zweitstimmen,F11,Die PARTEI,37,,,,
lsa:WAHLKREIS:003,Zweitstimmen,F12,TIERSCHUTZALLIANZ,53,,,,
lsa:WAHLKREIS:003,Zweitstimmen,F15,BSW,920,,,,
lsa:WAHLKREIS:003,Zweitstimmen,F19,PdF,22,,,,
lsa:WAHLKREIS:003,Zweitstimmen,F2,AfD,7968,,,,
lsa:WAHLKREIS:003,Zweitstimmen,F20,Volt,44,,,,
lsa:WAHLKREIS:003,Zweitstimmen,F3,Die Linke,1272,,,,
lsa:WAHLKREIS:003,Zweitstimmen,F4,SPD,1539,,,,
lsa:WAHLKREIS:003,Zweitstimmen,F5,FDP,380,,,,
lsa:WAHLKREIS:003,Zweitstimmen,F6,GRÜNE,1067,,,,
lsa:WAHLKREIS:003,Zweitstimmen,F7,FREIE WÄHLER,236,,,,
lsa:WAHLKREIS:003,Zweitstimmen,F8,dieBasis,42,,,,
lsa:WAHLKREIS:003,Zweitstimmen,F9,Tierschutzpartei,122,,,,
lsa:WAHLKREIS:004,Erststimmen,D1,CDU,2520,,,,
lsa:WAHLKREIS:004,Erststimmen,D15,BSW,557,,,,
lsa:WAHLKREIS:004,Erststimmen,D2,AfD,5753,,,,
lsa:WAHLKREIS:004,Erststimmen,D3,Die Linke,1094,,,,
lsa:WAHLKREIS:004,Erststimmen,D4,SPD,999,,,,
lsa:WAHLKREIS:004,Erststimmen,D5,FDP,399,,,,
lsa:WAHLKREIS:004,Erststimmen,D6,GRÜNE,360,,,,
lsa:WAHLKREIS:004,Zweitstimmen,F1,CDU,1792,,,,
lsa:WAHLKREIS:004,Zweitstimmen,F10,Gartenpartei,50,,,,
lsa:WAHLKREIS:004,Zweitstimmen,F11,Die PARTEI,22,,,,
lsa:WAHLKREIS:004,Zweitstimmen,F12,TIERSCHUTZALLIANZ,56,,,,
lsa:WAHLKREIS:004,Zweitstimmen,F15,BSW,689,,,,
lsa:WAHLKREIS:004,Zweitstimmen,F19,PdF,15,,,,
lsa:WAHLKREIS:004,Zweitstimmen,F2,AfD,5732,,,,
lsa:WAHLKREIS:004,Zweitstimmen,F20,Volt,46,,,,
lsa:WAHLKREIS:004,Zweitstimmen,F3,Die Linke,975,,,,
lsa:WAHLKREIS:004,Zweitstimmen,F4,SPD,1024,,,,
lsa:WAHLKREIS:004,Zweitstimmen,F5,FDP,292,,,,
lsa:WAHLKREIS:004,Zweitstimmen,F6,GRÜNE,721,,,,
lsa:WAHLKREIS:004,Zweitstimmen,F7,FREIE WÄHLER,134,,,,
lsa:WAHLKREIS:004,Zweitstimmen,F8,dieBasis,18,,,,
lsa:WAHLKREIS:004,Zweitstimmen,F9,Tierschutzpartei,127,,,,
lsa:WAHLKREIS:005,Erststimmen,D1,CDU,1501,,,,
lsa:WAHLKREIS:005,Erststimmen,D15,BSW,251,,,,
lsa:WAHLKREIS:005,Erststimmen,D2,AfD,4186,,,,
lsa:WAHLKREIS:005,Erststimmen,D21,Anderer Kreiswahlvorschlag,92,,,,
lsa:WAHLKREIS:005,Erststimmen,D3,Die Linke,514,,,,
lsa:WAHLKREIS:005,Erststimmen,D4,SPD,507,,,,
lsa:WAHLKREIS:005,Erststimmen,D5,FDP,180,,,,
lsa:WAHLKREIS:005,Erststimmen,D6,GRÜNE,139,,,,
lsa:WAHLKREIS:005,Zweitstimmen,F1,CDU,1098,,,,
lsa:WAHLKREIS:005,Zweitstimmen,F10,Gartenpartei,27,,,,
lsa:WAHLKREIS:005,Zweitstimmen,F11,Die PARTEI,16,,,,
lsa:WAHLKREIS:005,Zweitstimmen,F12,TIERSCHUTZALLIANZ,35,,,,
lsa:WAHLKREIS:005,Zweitstimmen,F15,BSW,370,,,,
lsa:WAHLKREIS:005,Zweitstimmen,F19,PdF,16,,,,
lsa:WAHLKREIS:005,Zweitstimmen,F2,AfD,4029,,,,
lsa:WAHLKREIS:005,Zweitstimmen,F20,Volt,22,,,,
lsa:WAHLKREIS:005,Zweitstimmen,F3,Die Linke,455,,,,
lsa:WAHLKREIS:005,Zweitstimmen,F4,SPD,574,,,,
lsa:WAHLKREIS:005,Zweitstimmen,F5,FDP,166,,,,
lsa:WAHLKREIS:005,Zweitstimmen,F6,GRÜNE,381,,,,
lsa:WAHLKREIS:005,Zweitstimmen,F7,FREIE WÄHLER,93,,,,
lsa:WAHLKREIS:005,Zweitstimmen,F8,dieBasis,9,,,,
lsa:WAHLKREIS:005,Zweitstimmen,F9,Tierschutzpartei,90,,,,
lsa:WAHLKREIS:006,Erststimmen,D1,CDU,275,,,,
lsa:WAHLKREIS:006,Erststimmen,D15,BSW,68,,,,
lsa:WAHLKREIS:006,Erststimmen,D2,AfD,752,,,,
lsa:WAHLKREIS:006,Erststimmen,D21,Anderer Kreiswahlvorschlag,33,,,,
lsa:WAHLKREIS:006,Erststimmen,D3,Die Linke,121,,,,
lsa:WAHLKREIS:006,Erststimmen,D4,SPD,98,,,,
lsa:WAHLKREIS:006,Erststimmen,D5,FDP,50,,,,
lsa:WAHLKREIS:006,Erststimmen,D6,GRÜNE,61,,,,
lsa:WAHLKREIS:006,Erststimmen,D7,FREIE WÄHLER,72,,,,
lsa:WAHLKREIS:006,Zweitstimmen,F1,CDU,247,,,,
lsa:WAHLKREIS:006,Zweitstimmen,F10,Gartenpartei,10,,,,
lsa:WAHLKREIS:006,Zweitstimmen,F11,Die PARTEI,3,,,,
lsa:WAHLKREIS:006,Zweitstimmen,F12,TIERSCHUTZALLIANZ,5,,,,
lsa:WAHLKREIS:006,Zweitstimmen,F15,BSW,75,,,,
lsa:WAHLKREIS:006,Zweitstimmen,F19,PdF,2,,,,
lsa:WAHLKREIS:006,Zweitstimmen,F2,AfD,789,,,,
lsa:WAHLKREIS:006,Zweitstimmen,F20,Volt,4,,,,
lsa:WAHLKREIS:006,Zweitstimmen,F3,Die Linke,113,,,,
lsa:WAHLKREIS:006,Zweitstimmen,F4,SPD,109,,,,
lsa:WAHLKREIS:006,Zweitstimmen,F5,FDP,39,,,,
lsa:WAHLKREIS:006,Zweitstimmen,F6,GRÜNE,87,,,,
lsa:WAHLKREIS:006,Zweitstimmen,F7,FREIE WÄHLER,24,,,,
lsa:WAHLKREIS:006,Zweitstimmen,F8,dieBasis,1,,,,
lsa:WAHLKREIS:006,Zweitstimmen,F9,Tierschutzpartei,16,,,,
lsa:WAHLKREIS:007,Erststimmen,D1,CDU,6569,,,,
lsa:WAHLKREIS:007,Erststimmen,D15,BSW,1180,,,,
lsa:WAHLKREIS:007,Erststimmen,D2,AfD,11470,,,,
lsa:WAHLKREIS:007,Erststimmen,D3,Die Linke,1611,,,,
lsa:WAHLKREIS:007,Erststimmen,D4,SPD,1660,,,,
lsa:WAHLKREIS:007,Erststimmen,D5,FDP,552,,,,
lsa:WAHLKREIS:007,Erststimmen,D6,GRÜNE,472,,,,
lsa:WAHLKREIS:007,Zweitstimmen,F1,CDU,4073,,,,
lsa:WAHLKREIS:007,Zweitstimmen,F10,Gartenpartei,145,,,,
lsa:WAHLKREIS:007,Zweitstimmen,F11,Die PARTEI,69,,,,
lsa:WAHLKREIS:007,Zweitstimmen,F12,TIERSCHUTZALLIANZ,121,,,,
lsa:WAHLKREIS:007,Zweitstimmen,F15,BSW,1341,,,,
lsa:WAHLKREIS:007,Zweitstimmen,F19,PdF,29,,,,
lsa:WAHLKREIS:007,Zweitstimmen,F2,AfD,11599,,,,
lsa:WAHLKREIS:007,Zweitstimmen,F20,Volt,52,,,,
lsa:WAHLKREIS:007,Zweitstimmen,F3,Die Linke,1716,,,,
lsa:WAHLKREIS:007,Zweitstimmen,F4,SPD,2006,,,,
lsa:WAHLKREIS:007,Zweitstimmen,F5,FDP,520,,,,
lsa:WAHLKREIS:007,Zweitstimmen,F6,GRÜNE,1312,,,,
lsa:WAHLKREIS:007,Zweitstimmen,F7,FREIE WÄHLER,262,,,,
lsa:WAHLKREIS:007,Zweitstimmen,F8,dieBasis,24,,,,
lsa:WAHLKREIS:007,Zweitstimmen,F9,Tierschutzpartei,280,,,,
lsa:WAHLKREIS:008,Erststimmen,D1,CDU,3493,,,,
lsa:WAHLKREIS:008,Erststimmen,D15,BSW,742,,,,
lsa:WAHLKREIS:008,Erststimmen,D2,AfD,8424,,,,
lsa:WAHLKREIS:008,Erststimmen,D21,Anderer Kreiswahlvorschlag,209,,,,
lsa:WAHLKREIS:008,Erststimmen,D3,Die Linke,1266,,,,
lsa:WAHLKREIS:008,Erststimmen,D4,SPD,960,,,,
lsa:WAHLKREIS:008,Erststimmen,D5,FDP,479,,,,
lsa:WAHLKREIS:008,Erststimmen,D6,GRÜNE,321,,,,
lsa:WAHLKREIS:008,Zweitstimmen,F1,CDU,2296,,,,
lsa:WAHLKREIS:008,Zweitstimmen,F10,Gartenpartei,91,,,,
lsa:WAHLKREIS:008,Zweitstimmen,F11,Die PARTEI,45,,,,
lsa:WAHLKREIS:008,Zweitstimmen,F12,TIERSCHUTZALLIANZ,95,,,,
lsa:WAHLKREIS:008,Zweitstimmen,F15,BSW,812,,,,
lsa:WAHLKREIS:008,Zweitstimmen,F19,PdF,31,,,,
lsa:WAHLKREIS:008,Zweitstimmen,F2,AfD,8432,,,,
lsa:WAHLKREIS:008,Zweitstimmen,F20,Volt,63,,,,
lsa:WAHLKREIS:008,Zweitstimmen,F3,Die Linke,1064,,,,
lsa:WAHLKREIS:008,Zweitstimmen,F4,SPD,1181,,,,
lsa:WAHLKREIS:008,Zweitstimmen,F5,FDP,372,,,,
lsa:WAHLKREIS:008,Zweitstimmen,F6,GRÜNE,1071,,,,
lsa:WAHLKREIS:008,Zweitstimmen,F7,FREIE WÄHLER,152,,,,
lsa:WAHLKREIS:008,Zweitstimmen,F8,dieBasis,12,,,,
lsa:WAHLKREIS:008,Zweitstimmen,F9,Tierschutzpartei,177,,,,
lsa:WAHLKREIS:009,Erststimmen,D1,CDU,3596,,,,
lsa:WAHLKREIS:009,Erststimmen,D15,BSW,840,,,,
lsa:WAHLKREIS:009,Erststimmen,D2,AfD,9542,,,,
lsa:WAHLKREIS:009,Erststimmen,D3,Die Linke,1392,,,,
lsa:WAHLKREIS:009,Erststimmen,D4,SPD,986,,,,
lsa:WAHLKREIS:009,Erststimmen,D5,FDP,421,,,,
lsa:WAHLKREIS:009,Erststimmen,D6,GRÜNE,394,,,,
lsa:WAHLKREIS:009,Zweitstimmen,F1,CDU,2616,,,,
lsa:WAHLKREIS:009,Zweitstimmen,F10,Gartenpartei,142,,,,
lsa:WAHLKREIS:009,Zweitstimmen,F11,Die PARTEI,45,,,,
lsa:WAHLKREIS:009,Zweitstimmen,F12,TIERSCHUTZALLIANZ,95,,,,
lsa:WAHLKREIS:009,Zweitstimmen,F15,BSW,800,,,,
lsa:WAHLKREIS:009,Zweitstimmen,F19,PdF,24,,,,
lsa:WAHLKREIS:009,Zweitstimmen,F2,AfD,9457,,,,
lsa:WAHLKREIS:009,Zweitstimmen,F20,Volt,29,,,,
lsa:WAHLKREIS:009,Zweitstimmen,F3,Die Linke,1158,,,,
lsa:WAHLKREIS:009,Zweitstimmen,F4,SPD,1232,,,,
lsa:WAHLKREIS:009,Zweitstimmen,F5,FDP,402,,,,
lsa:WAHLKREIS:009,Zweitstimmen,F6,GRÜNE,804,,,,
lsa:WAHLKREIS:009,Zweitstimmen,F7,FREIE WÄHLER,209,,,,
lsa:WAHLKREIS:009,Zweitstimmen,F8,dieBasis,16,,,,
lsa:WAHLKREIS:009,Zweitstimmen,F9,Tierschutzpartei,175,,,,
lsa:WAHLKREIS:010,Erststimmen,D1,CDU,4003,,,,
lsa:WAHLKREIS:010,Erststimmen,D10,Gartenpartei,403,,,,
lsa:WAHLKREIS:010,Erststimmen,D12,TIERSCHUTZALLIANZ,277,,,,
lsa:WAHLKREIS:010,Erststimmen,D15,BSW,783,,,,
lsa:WAHLKREIS:010,Erststimmen,D2,AfD,6311,,,,
lsa:WAHLKREIS:010,Erststimmen,D3,Die Linke,2308,,,,
lsa:WAHLKREIS:010,Erststimmen,D4,SPD,1518,,,,
lsa:WAHLKREIS:010,Erststimmen,D5,FDP,559,,,,
lsa:WAHLKREIS:010,Erststimmen,D6,GRÜNE,630,,,,
lsa:WAHLKREIS:010,Zweitstimmen,F1,CDU,2498,,,,
lsa:WAHLKREIS:010,Zweitstimmen,F10,Gartenpartei,318,,,,
lsa:WAHLKREIS:010,Zweitstimmen,F11,Die PARTEI,46,,,,
lsa:WAHLKREIS:010,Zweitstimmen,F12,TIERSCHUTZALLIANZ,197,,,,
lsa:WAHLKREIS:010,Zweitstimmen,F15,BSW,929,,,,
lsa:WAHLKREIS:010,Zweitstimmen,F19,PdF,40,,,,
lsa:WAHLKREIS:010,Zweitstimmen,F2,AfD,6241,,,,
lsa:WAHLKREIS:010,Zweitstimmen,F20,Volt,64,,,,
lsa:WAHLKREIS:010,Zweitstimmen,F3,Die Linke,1822,,,,
lsa:WAHLKREIS:010,Zweitstimmen,F4,SPD,1893,,,,
lsa:WAHLKREIS:010,Zweitstimmen,F5,FDP,443,,,,
lsa:WAHLKREIS:010,Zweitstimmen,F6,GRÜNE,2044,,,,
lsa:WAHLKREIS:010,Zweitstimmen,F7,FREIE WÄHLER,89,,,,
lsa:WAHLKREIS:010,Zweitstimmen,F8,dieBasis,34,,,,
lsa:WAHLKREIS:010,Zweitstimmen,F9,Tierschutzpartei,132,,,,
lsa:WAHLKREIS:011,Erststimmen,D1,CDU,6343,,,,
lsa:WAHLKREIS:011,Erststimmen,D10,Gartenpartei,324,,,,
lsa:WAHLKREIS:011,Erststimmen,D12,TIERSCHUTZALLIANZ,414,,,,
lsa:WAHLKREIS:011,Erststimmen,D15,BSW,1311,,,,
lsa:WAHLKREIS:011,Erststimmen,D2,AfD,7557,,,,
lsa:WAHLKREIS:011,Erststimmen,D20,Volt,387,,,,
lsa:WAHLKREIS:011,Erststimmen,D3,Die Linke,8622,,,,
lsa:WAHLKREIS:011,Erststimmen,D4,SPD,3063,,,,
lsa:WAHLKREIS:011,Erststimmen,D5,FDP,769,,,,
lsa:WAHLKREIS:011,Erststimmen,D6,GRÜNE,1751,,,,
lsa:WAHLKREIS:011,Zweitstimmen,F1,CDU,4668,,,,
lsa:WAHLKREIS:011,Zweitstimmen,F10,Gartenpartei,261,,,,
lsa:WAHLKREIS:011,Zweitstimmen,F11,Die PARTEI,90,,,,
lsa:WAHLKREIS:011,Zweitstimmen,F12,TIERSCHUTZALLIANZ,275,,,,
lsa:WAHLKREIS:011,Zweitstimmen,F15,BSW,1491,,,,
lsa:WAHLKREIS:011,Zweitstimmen,F19,PdF,44,,,,
lsa:WAHLKREIS:011,Zweitstimmen,F2,AfD,7594,,,,
lsa:WAHLKREIS:011,Zweitstimmen,F20,Volt,191,,,,
lsa:WAHLKREIS:011,Zweitstimmen,F3,Die Linke,3734,,,,
lsa:WAHLKREIS:011,Zweitstimmen,F4,SPD,4122,,,,
lsa:WAHLKREIS:011,Zweitstimmen,F5,FDP,939,,,,
lsa:WAHLKREIS:011,Zweitstimmen,F6,GRÜNE,6750,,,,
lsa:WAHLKREIS:011,Zweitstimmen,F7,FREIE WÄHLER,170,,,,
lsa:WAHLKREIS:011,Zweitstimmen,F8,dieBasis,46,,,,
lsa:WAHLKREIS:011,Zweitstimmen,F9,Tierschutzpartei,183,,,,
lsa:WAHLKREIS:012,Erststimmen,D1,CDU,5322,,,,
lsa:WAHLKREIS:012,Erststimmen,D10,Gartenpartei,378,,,,
lsa:WAHLKREIS:012,Erststimmen,D15,BSW,756,,,,
lsa:WAHLKREIS:012,Erststimmen,D2,AfD,6541,,,,
lsa:WAHLKREIS:012,Erststimmen,D3,Die Linke,1938,,,,
lsa:WAHLKREIS:012,Erststimmen,D4,SPD,973,,,,
lsa:WAHLKREIS:012,Erststimmen,D5,FDP,449,,,,
lsa:WAHLKREIS:012,Erststimmen,D6,GRÜNE,535,,,,
lsa:WAHLKREIS:012,Zweitstimmen,F1,CDU,2743,,,,
lsa:WAHLKREIS:012,Zweitstimmen,F10,Gartenpartei,235,,,,
lsa:WAHLKREIS:012,Zweitstimmen,F11,Die PARTEI,45,,,,
lsa:WAHLKREIS:012,Zweitstimmen,F12,TIERSCHUTZALLIANZ,102,,,,
lsa:WAHLKREIS:012,Zweitstimmen,F15,BSW,848,,,,
lsa:WAHLKREIS:012,Zweitstimmen,F19,PdF,17,,,,
lsa:WAHLKREIS:012,Zweitstimmen,F2,AfD,6523,,,,
lsa:WAHLKREIS:012,Zweitstimmen,F20,Volt,78,,,,
lsa:WAHLKREIS:012,Zweitstimmen,F3,Die Linke,1486,,,,
lsa:WAHLKREIS:012,Zweitstimmen,F4,SPD,1859,,,,
lsa:WAHLKREIS:012,Zweitstimmen,F5,FDP,516,,,,
lsa:WAHLKREIS:012,Zweitstimmen,F6,GRÜNE,2119,,,,
lsa:WAHLKREIS:012,Zweitstimmen,F7,FREIE WÄHLER,97,,,,
lsa:WAHLKREIS:012,Zweitstimmen,F8,dieBasis,31,,,,
lsa:WAHLKREIS:012,Zweitstimmen,F9,Tierschutzpartei,190,,,,
lsa:WAHLKREIS:013,Erststimmen,D1,CDU,7587,,,,
lsa:WAHLKREIS:013,Erststimmen,D10,Gartenpartei,743,,,,
lsa:WAHLKREIS:013,Erststimmen,D15,BSW,1268,,,,
lsa:WAHLKREIS:013,Erststimmen,D2,AfD,9261,,,,
lsa:WAHLKREIS:013,Erststimmen,D3,Die Linke,3269,,,,
lsa:WAHLKREIS:013,Erststimmen,D4,SPD,2168,,,,
lsa:WAHLKREIS:013,Erststimmen,D5,FDP,840,,,,
lsa:WAHLKREIS:013,Erststimmen,D6,GRÜNE,1311,,,,
lsa:WAHLKREIS:013,Zweitstimmen,F1,CDU,4328,,,,
lsa:WAHLKREIS:013,Zweitstimmen,F10,Gartenpartei,378,,,,
lsa:WAHLKREIS:013,Zweitstimmen,F11,Die PARTEI,78,,,,
lsa:WAHLKREIS:013,Zweitstimmen,F12,TIERSCHUTZALLIANZ,173,,,,
lsa:WAHLKREIS:013,Zweitstimmen,F15,BSW,1449,,,,
lsa:WAHLKREIS:013,Zweitstimmen,F19,PdF,47,,,,
lsa:WAHLKREIS:013,Zweitstimmen,F2,AfD,9195,,,,
lsa:WAHLKREIS:013,Zweitstimmen,F20,Volt,124,,,,
lsa:WAHLKREIS:013,Zweitstimmen,F3,Die Linke,2720,,,,
lsa:WAHLKREIS:013,Zweitstimmen,F4,SPD,3086,,,,
lsa:WAHLKREIS:013,Zweitstimmen,F5,FDP,815,,,,
lsa:WAHLKREIS:013,Zweitstimmen,F6,GRÜNE,3664,,,,
lsa:WAHLKREIS:013,Zweitstimmen,F7,FREIE WÄHLER,131,,,,
lsa:WAHLKREIS:013,Zweitstimmen,F8,dieBasis,30,,,,
lsa:WAHLKREIS:013,Zweitstimmen,F9,Tierschutzpartei,270,,,,
lsa:WAHLKREIS:014,Erststimmen,D1,CDU,1974,,,,
lsa:WAHLKREIS:014,Erststimmen,D15,BSW,448,,,,
lsa:WAHLKREIS:014,Erststimmen,D2,AfD,5634,,,,
lsa:WAHLKREIS:014,Erststimmen,D3,Die Linke,1084,,,,
lsa:WAHLKREIS:014,Erststimmen,D4,SPD,684,,,,
lsa:WAHLKREIS:014,Erststimmen,D5,FDP,114,,,,
lsa:WAHLKREIS:014,Erststimmen,D6,GRÜNE,340,,,,
lsa:WAHLKREIS:014,Erststimmen,D7,FREIE WÄHLER,372,,,,
lsa:WAHLKREIS:014,Zweitstimmen,F1,CDU,1489,,,,
lsa:WAHLKREIS:014,Zweitstimmen,F10,Gartenpartei,52,,,,
lsa:WAHLKREIS:014,Zweitstimmen,F11,Die PARTEI,12,,,,
lsa:WAHLKREIS:014,Zweitstimmen,F12,TIERSCHUTZALLIANZ,63,,,,
lsa:WAHLKREIS:014,Zweitstimmen,F15,BSW,628,,,,
lsa:WAHLKREIS:014,Zweitstimmen,F19,PdF,14,,,,
lsa:WAHLKREIS:014,Zweitstimmen,F2,AfD,5584,,,,
lsa:WAHLKREIS:014,Zweitstimmen,F20,Volt,20,,,,
lsa:WAHLKREIS:014,Zweitstimmen,F3,Die Linke,883,,,,
lsa:WAHLKREIS:014,Zweitstimmen,F4,SPD,851,,,,
lsa:WAHLKREIS:014,Zweitstimmen,F5,FDP,153,,,,
lsa:WAHLKREIS:014,Zweitstimmen,F6,GRÜNE,601,,,,
lsa:WAHLKREIS:014,Zweitstimmen,F7,FREIE WÄHLER,206,,,,
lsa:WAHLKREIS:014,Zweitstimmen,F8,dieBasis,16,,,,
lsa:WAHLKREIS:014,Zweitstimmen,F9,Tierschutzpartei,85,,,,
lsa:WAHLKREIS:015,Erststimmen,D1,CDU,2739,,,,
lsa:WAHLKREIS:015,Erststimmen,D15,BSW,688,,,,
lsa:WAHLKREIS:015,Erststimmen,D2,AfD,7680,,,,
lsa:WAHLKREIS:015,Erststimmen,D3,Die Linke,1264,,,,
lsa:WAHLKREIS:015,Erststimmen,D4,SPD,1512,,,,
lsa:WAHLKREIS:015,Erststimmen,D5,FDP,317,,,,
lsa:WAHLKREIS:015,Erststimmen,D6,GRÜNE,394,,,,
lsa:WAHLKREIS:015,Erststimmen,D7,FREIE WÄHLER,565,,,,
lsa:WAHLKREIS:015,Zweitstimmen,F1,CDU,2238,,,,
lsa:WAHLKREIS:015,Zweitstimmen,F10,Gartenpartei,61,,,,
lsa:WAHLKREIS:015,Zweitstimmen,F11,Die PARTEI,55,,,,
lsa:WAHLKREIS:015,Zweitstimmen,F12,TIERSCHUTZALLIANZ,91,,,,
lsa:WAHLKREIS:015,Zweitstimmen,F15,BSW,828,,,,
lsa:WAHLKREIS:015,Zweitstimmen,F19,PdF,20,,,,
lsa:WAHLKREIS:015,Zweitstimmen,F2,AfD,7751,,,,
lsa:WAHLKREIS:015,Zweitstimmen,F20,Volt,33,,,,
lsa:WAHLKREIS:015,Zweitstimmen,F3,Die Linke,970,,,,
lsa:WAHLKREIS:015,Zweitstimmen,F4,SPD,1452,,,,
lsa:WAHLKREIS:015,Zweitstimmen,F5,FDP,263,,,,
lsa:WAHLKREIS:015,Zweitstimmen,F6,GRÜNE,933,,,,
lsa:WAHLKREIS:015,Zweitstimmen,F7,FREIE WÄHLER,257,,,,
lsa:WAHLKREIS:015,Zweitstimmen,F8,dieBasis,42,,,,
lsa:WAHLKREIS:015,Zweitstimmen,F9,Tierschutzpartei,192,,,,
lsa:WAHLKREIS:016,Erststimmen,D1,CDU,2335,,,,
lsa:WAHLKREIS:016,Erststimmen,D15,BSW,533,,,,
lsa:WAHLKREIS:016,Erststimmen,D2,AfD,5468,,,,
lsa:WAHLKREIS:016,Erststimmen,D3,Die Linke,910,,,,
lsa:WAHLKREIS:016,Erststimmen,D4,SPD,2224,,,,
lsa:WAHLKREIS:016,Erststimmen,D5,FDP,216,,,,
lsa:WAHLKREIS:016,Erststimmen,D6,GRÜNE,280,,,,
lsa:WAHLKREIS:016,Erststimmen,D7,FREIE WÄHLER,326,,,,
lsa:WAHLKREIS:016,Zweitstimmen,F1,CDU,1890,,,,
lsa:WAHLKREIS:016,Zweitstimmen,F10,Gartenpartei,58,,,,
lsa:WAHLKREIS:016,Zweitstimmen,F11,Die PARTEI,29,,,,
lsa:WAHLKREIS:016,Zweitstimmen,F12,TIERSCHUTZALLIANZ,68,,,,
lsa:WAHLKREIS:016,Zweitstimmen,F15,BSW,643,,,,
lsa:WAHLKREIS:016,Zweitstimmen,F19,PdF,16,,,,
lsa:WAHLKREIS:016,Zweitstimmen,F2,AfD,5578,,,,
lsa:WAHLKREIS:016,Zweitstimmen,F20,Volt,29,,,,
lsa:WAHLKREIS:016,Zweitstimmen,F3,Die Linke,878,,,,
lsa:WAHLKREIS:016,Zweitstimmen,F4,SPD,1554,,,,
lsa:WAHLKREIS:016,Zweitstimmen,F5,FDP,254,,,,
lsa:WAHLKREIS:016,Zweitstimmen,F6,GRÜNE,1016,,,,
lsa:WAHLKREIS:016,Zweitstimmen,F7,FREIE WÄHLER,155,,,,
lsa:WAHLKREIS:016,Zweitstimmen,F8,dieBasis,19,,,,
lsa:WAHLKREIS:016,Zweitstimmen,F9,Tierschutzpartei,121,,,,
lsa:WAHLKREIS:017,Erststimmen,D1,CDU,2112,,,,
lsa:WAHLKREIS:017,Erststimmen,D15,BSW,440,,,,
lsa:WAHLKREIS:017,Erststimmen,D2,AfD,5544,,,,
lsa:WAHLKREIS:017,Erststimmen,D21,Anderer Kreiswahlvorschlag,94,,,,
lsa:WAHLKREIS:017,Erststimmen,D3,Die Linke,990,,,,
lsa:WAHLKREIS:017,Erststimmen,D4,SPD,609,,,,
lsa:WAHLKREIS:017,Erststimmen,D5,FDP,207,,,,
lsa:WAHLKREIS:017,Erststimmen,D6,GRÜNE,378,,,,
lsa:WAHLKREIS:017,Erststimmen,D7,FREIE WÄHLER,246,,,,
lsa:WAHLKREIS:017,Zweitstimmen,F1,CDU,1740,,,,
lsa:WAHLKREIS:017,Zweitstimmen,F10,Gartenpartei,40,,,,
lsa:WAHLKREIS:017,Zweitstimmen,F11,Die PARTEI,30,,,,
lsa:WAHLKREIS:017,Zweitstimmen,F12,TIERSCHUTZALLIANZ,61,,,,
lsa:WAHLKREIS:017,Zweitstimmen,F15,BSW,529,,,,
lsa:WAHLKREIS:017,Zweitstimmen,F19,PdF,15,,,,
lsa:WAHLKREIS:017,Zweitstimmen,F2,AfD,5537,,,,
lsa:WAHLKREIS:017,Zweitstimmen,F20,Volt,12,,,,
lsa:WAHLKREIS:017,Zweitstimmen,F3,Die Linke,739,,,,
lsa:WAHLKREIS:017,Zweitstimmen,F4,SPD,779,,,,
lsa:WAHLKREIS:017,Zweitstimmen,F5,FDP,213,,,,
lsa:WAHLKREIS:017,Zweitstimmen,F6,GRÜNE,660,,,,
lsa:WAHLKREIS:017,Zweitstimmen,F7,FREIE WÄHLER,162,,,,
lsa:WAHLKREIS:017,Zweitstimmen,F8,dieBasis,8,,,,
lsa:WAHLKREIS:017,Zweitstimmen,F9,Tierschutzpartei,104,,,,
lsa:WAHLKREIS:018,Erststimmen,D1,CDU,2182,,,,
lsa:WAHLKREIS:018,Erststimmen,D15,BSW,1120,,,,
lsa:WAHLKREIS:018,Erststimmen,D19,PdF,248,,,,
lsa:WAHLKREIS:018,Erststimmen,D2,AfD,7669,,,,
lsa:WAHLKREIS:018,Erststimmen,D3,Die Linke,1080,,,,
lsa:WAHLKREIS:018,Erststimmen,D4,SPD,838,,,,
lsa:WAHLKREIS:018,Erststimmen,D5,FDP,295,,,,
lsa:WAHLKREIS:018,Erststimmen,D6,GRÜNE,278,,,,
lsa:WAHLKREIS:018,Zweitstimmen,F1,CDU,1994,,,,
lsa:WAHLKREIS:018,Zweitstimmen,F10,Gartenpartei,59,,,,
lsa:WAHLKREIS:018,Zweitstimmen,F11,Die PARTEI,26,,,,
lsa:WAHLKREIS:018,Zweitstimmen,F12,TIERSCHUTZALLIANZ,83,,,,
lsa:WAHLKREIS:018,Zweitstimmen,F15,BSW,889,,,,
lsa:WAHLKREIS:018,Zweitstimmen,F19,PdF,81,,,,
lsa:WAHLKREIS:018,Zweitstimmen,F2,AfD,7753,,,,
lsa:WAHLKREIS:018,Zweitstimmen,F20,Volt,53,,,,
lsa:WAHLKREIS:018,Zweitstimmen,F3,Die Linke,924,,,,
lsa:WAHLKREIS:018,Zweitstimmen,F4,SPD,785,,,,
lsa:WAHLKREIS:018,Zweitstimmen,F5,FDP,231,,,,
lsa:WAHLKREIS:018,Zweitstimmen,F6,GRÜNE,564,,,,
lsa:WAHLKREIS:018,Zweitstimmen,F7,FREIE WÄHLER,88,,,,
lsa:WAHLKREIS:018,Zweitstimmen,F8,dieBasis,21,,,,
lsa:WAHLKREIS:018,Zweitstimmen,F9,Tierschutzpartei,158,,,,
lsa:WAHLKREIS:019,Erststimmen,D1,CDU,2819,,,,
lsa:WAHLKREIS:019,Erststimmen,D15,BSW,542,,,,
lsa:WAHLKREIS:019,Erststimmen,D2,AfD,7290,,,,
lsa:WAHLKREIS:019,Erststimmen,D3,Die Linke,748,,,,
lsa:WAHLKREIS:019,Erststimmen,D4,SPD,478,,,,
lsa:WAHLKREIS:019,Erststimmen,D5,FDP,269,,,,
lsa:WAHLKREIS:019,Erststimmen,D6,GRÜNE,142,,,,
lsa:WAHLKREIS:019,Zweitstimmen,F1,CDU,1787,,,,
lsa:WAHLKREIS:019,Zweitstimmen,F10,Gartenpartei,58,,,,
lsa:WAHLKREIS:019,Zweitstimmen,F11,Die PARTEI,22,,,,
lsa:WAHLKREIS:019,Zweitstimmen,F12,TIERSCHUTZALLIANZ,68,,,,
lsa:WAHLKREIS:019,Zweitstimmen,F15,BSW,649,,,,
lsa:WAHLKREIS:019,Zweitstimmen,F19,PdF,16,,,,
lsa:WAHLKREIS:019,Zweitstimmen,F2,AfD,7356,,,,
lsa:WAHLKREIS:019,Zweitstimmen,F20,Volt,29,,,,
lsa:WAHLKREIS:019,Zweitstimmen,F3,Die Linke,792,,,,
lsa:WAHLKREIS:019,Zweitstimmen,F4,SPD,661,,,,
lsa:WAHLKREIS:019,Zweitstimmen,F5,FDP,214,,,,
lsa:WAHLKREIS:019,Zweitstimmen,F6,GRÜNE,413,,,,
lsa:WAHLKREIS:019,Zweitstimmen,F7,FREIE WÄHLER,96,,,,
lsa:WAHLKREIS:019,Zweitstimmen,F8,dieBasis,11,,,,
lsa:WAHLKREIS:019,Zweitstimmen,F9,Tierschutzpartei,137,,,,
lsa:WAHLKREIS:020,Erststimmen,D1,CDU,2164,,,,
lsa:WAHLKREIS:020,Erststimmen,D15,BSW,421,,,,
lsa:WAHLKREIS:020,Erststimmen,D2,AfD,5819,,,,
lsa:WAHLKREIS:020,Erststimmen,D3,Die Linke,995,,,,
lsa:WAHLKREIS:020,Erststimmen,D4,SPD,861,,,,
lsa:WAHLKREIS:020,Erststimmen,D5,FDP,352,,,,
lsa:WAHLKREIS:020,Erststimmen,D6,GRÜNE,214,,,,
lsa:WAHLKREIS:020,Zweitstimmen,F1,CDU,1653,,,,
lsa:WAHLKREIS:020,Zweitstimmen,F10,Gartenpartei,61,,,,
lsa:WAHLKREIS:020,Zweitstimmen,F11,Die PARTEI,29,,,,
lsa:WAHLKREIS:020,Zweitstimmen,F12,TIERSCHUTZALLIANZ,79,,,,
lsa:WAHLKREIS:020,Zweitstimmen,F15,BSW,507,,,,
lsa:WAHLKREIS:020,Zweitstimmen,F19,PdF,17,,,,
lsa:WAHLKREIS:020,Zweitstimmen,F2,AfD,5692,,,,
lsa:WAHLKREIS:020,Zweitstimmen,F20,Volt,43,,,,
lsa:WAHLKREIS:020,Zweitstimmen,F3,Die Linke,814,,,,
lsa:WAHLKREIS:020,Zweitstimmen,F4,SPD,817,,,,
lsa:WAHLKREIS:020,Zweitstimmen,F5,FDP,279,,,,
lsa:WAHLKREIS:020,Zweitstimmen,F6,GRÜNE,589,,,,
lsa:WAHLKREIS:020,Zweitstimmen,F7,FREIE WÄHLER,90,,,,
lsa:WAHLKREIS:020,Zweitstimmen,F8,dieBasis,27,,,,
lsa:WAHLKREIS:020,Zweitstimmen,F9,Tierschutzpartei,155,,,,
lsa:WAHLKREIS:021,Erststimmen,D1,CDU,4438,,,,
lsa:WAHLKREIS:021,Erststimmen,D2,AfD,13353,,,,
lsa:WAHLKREIS:021,Erststimmen,D3,Die Linke,2191,,,,
lsa:WAHLKREIS:021,Erststimmen,D4,SPD,1212,,,,
lsa:WAHLKREIS:021,Erststimmen,D5,FDP,1364,,,,
lsa:WAHLKREIS:021,Erststimmen,D6,GRÜNE,391,,,,
lsa:WAHLKREIS:021,Zweitstimmen,F1,CDU,3283,,,,
lsa:WAHLKREIS:021,Zweitstimmen,F10,Gartenpartei,102,,,,
lsa:WAHLKREIS:021,Zweitstimmen,F11,Die PARTEI,47,,,,
lsa:WAHLKREIS:021,Zweitstimmen,F12,TIERSCHUTZALLIANZ,148,,,,
lsa:WAHLKREIS:021,Zweitstimmen,F15,BSW,1070,,,,
lsa:WAHLKREIS:021,Zweitstimmen,F19,PdF,33,,,,
lsa:WAHLKREIS:021,Zweitstimmen,F2,AfD,12888,,,,
lsa:WAHLKREIS:021,Zweitstimmen,F20,Volt,78,,,,
lsa:WAHLKREIS:021,Zweitstimmen,F3,Die Linke,1678,,,,
lsa:WAHLKREIS:021,Zweitstimmen,F4,SPD,1404,,,,
lsa:WAHLKREIS:021,Zweitstimmen,F5,FDP,786,,,,
lsa:WAHLKREIS:021,Zweitstimmen,F6,GRÜNE,1010,,,,
lsa:WAHLKREIS:021,Zweitstimmen,F7,FREIE WÄHLER,171,,,,
lsa:WAHLKREIS:021,Zweitstimmen,F8,dieBasis,34,,,,
lsa:WAHLKREIS:021,Zweitstimmen,F9,Tierschutzpartei,293,,,,
lsa:WAHLKREIS:022,Erststimmen,D1,CDU,5475,,,,
lsa:WAHLKREIS:022,Erststimmen,D15,BSW,909,,,,
lsa:WAHLKREIS:022,Erststimmen,D2,AfD,12634,,,,
lsa:WAHLKREIS:022,Erststimmen,D3,Die Linke,1995,,,,
lsa:WAHLKREIS:022,Erststimmen,D4,SPD,1165,,,,
lsa:WAHLKREIS:022,Erststimmen,D5,FDP,729,,,,
lsa:WAHLKREIS:022,Erststimmen,D6,GRÜNE,572,,,,
lsa:WAHLKREIS:022,Zweitstimmen,F1,CDU,3887,,,,
lsa:WAHLKREIS:022,Zweitstimmen,F10,Gartenpartei,114,,,,
lsa:WAHLKREIS:022,Zweitstimmen,F11,Die PARTEI,42,,,,
lsa:WAHLKREIS:022,Zweitstimmen,F12,TIERSCHUTZALLIANZ,150,,,,
lsa:WAHLKREIS:022,Zweitstimmen,F15,BSW,1134,,,,
lsa:WAHLKREIS:022,Zweitstimmen,F19,PdF,41,,,,
lsa:WAHLKREIS:022,Zweitstimmen,F2,AfD,12610,,,,
lsa:WAHLKREIS:022,Zweitstimmen,F20,Volt,67,,,,
lsa:WAHLKREIS:022,Zweitstimmen,F3,Die Linke,1698,,,,
lsa:WAHLKREIS:022,Zweitstimmen,F4,SPD,1343,,,,
lsa:WAHLKREIS:022,Zweitstimmen,F5,FDP,631,,,,
lsa:WAHLKREIS:022,Zweitstimmen,F6,GRÜNE,1241,,,,
lsa:WAHLKREIS:022,Zweitstimmen,F7,FREIE WÄHLER,256,,,,
lsa:WAHLKREIS:022,Zweitstimmen,F8,dieBasis,27,,,,
lsa:WAHLKREIS:022,Zweitstimmen,F9,Tierschutzpartei,276,,,,
lsa:WAHLKREIS:023,Erststimmen,D1,CDU,4717,,,,
lsa:WAHLKREIS:023,Erststimmen,D2,AfD,10393,,,,
lsa:WAHLKREIS:023,Erststimmen,D3,Die Linke,1743,,,,
lsa:WAHLKREIS:023,Erststimmen,D4,SPD,1407,,,,
lsa:WAHLKREIS:023,Erststimmen,D5,FDP,919,,,,
lsa:WAHLKREIS:023,Erststimmen,D6,GRÜNE,494,,,,
lsa:WAHLKREIS:023,Zweitstimmen,F1,CDU,3322,,,,
lsa:WAHLKREIS:023,Zweitstimmen,F10,Gartenpartei,94,,,,
lsa:WAHLKREIS:023,Zweitstimmen,F11,Die PARTEI,52,,,,
lsa:WAHLKREIS:023,Zweitstimmen,F12,TIERSCHUTZALLIANZ,95,,,,
lsa:WAHLKREIS:023,Zweitstimmen,F15,BSW,1031,,,,
lsa:WAHLKREIS:023,Zweitstimmen,F19,PdF,28,,,,
lsa:WAHLKREIS:023,Zweitstimmen,F2,AfD,10189,,,,
lsa:WAHLKREIS:023,Zweitstimmen,F20,Volt,70,,,,
lsa:WAHLKREIS:023,Zweitstimmen,F3,Die Linke,1397,,,,
lsa:WAHLKREIS:023,Zweitstimmen,F4,SPD,1405,,,,
lsa:WAHLKREIS:023,Zweitstimmen,F5,FDP,574,,,,
lsa:WAHLKREIS:023,Zweitstimmen,F6,GRÜNE,1026,,,,
lsa:WAHLKREIS:023,Zweitstimmen,F7,FREIE WÄHLER,292,,,,
lsa:WAHLKREIS:023,Zweitstimmen,F8,dieBasis,19,,,,
lsa:WAHLKREIS:023,Zweitstimmen,F9,Tierschutzpartei,201,,,,
lsa:WAHLKREIS:024,Erststimmen,D1,CDU,6824,,,,
lsa:WAHLKREIS:024,Erststimmen,D2,AfD,10672,,,,
lsa:WAHLKREIS:024,Erststimmen,D3,Die Linke,2317,,,,
lsa:WAHLKREIS:024,Erststimmen,D4,SPD,1537,,,,
lsa:WAHLKREIS:024,Erststimmen,D5,FDP,477,,,,
lsa:WAHLKREIS:024,Erststimmen,D6,GRÜNE,695,,,,
lsa:WAHLKREIS:024,Erststimmen,D7,FREIE WÄHLER,1329,,,,
lsa:WAHLKREIS:024,Zweitstimmen,F1,CDU,5014,,,,
lsa:WAHLKREIS:024,Zweitstimmen,F10,Gartenpartei,111,,,,
lsa:WAHLKREIS:024,Zweitstimmen,F11,Die PARTEI,66,,,,
lsa:WAHLKREIS:024,Zweitstimmen,F12,TIERSCHUTZALLIANZ,135,,,,
lsa:WAHLKREIS:024,Zweitstimmen,F15,BSW,1007,,,,
lsa:WAHLKREIS:024,Zweitstimmen,F19,PdF,44,,,,
lsa:WAHLKREIS:024,Zweitstimmen,F2,AfD,10407,,,,
lsa:WAHLKREIS:024,Zweitstimmen,F20,Volt,66,,,,
lsa:WAHLKREIS:024,Zweitstimmen,F3,Die Linke,1930,,,,
lsa:WAHLKREIS:024,Zweitstimmen,F4,SPD,1872,,,,
lsa:WAHLKREIS:024,Zweitstimmen,F5,FDP,537,,,,
lsa:WAHLKREIS:024,Zweitstimmen,F6,GRÜNE,1767,,,,
lsa:WAHLKREIS:024,Zweitstimmen,F7,FREIE WÄHLER,640,,,,
lsa:WAHLKREIS:024,Zweitstimmen,F8,dieBasis,38,,,,
lsa:WAHLKREIS:024,Zweitstimmen,F9,Tierschutzpartei,266,,,,
lsa:WAHLKREIS:025,Erststimmen,D1,CDU,6123,,,,
lsa:WAHLKREIS:025,Erststimmen,D2,AfD,12715,,,,
lsa:WAHLKREIS:025,Erststimmen,D3,Die Linke,2221,,,,
lsa:WAHLKREIS:025,Erststimmen,D4,SPD,1354,,,,
lsa:WAHLKREIS:025,Erststimmen,D5,FDP,509,,,,
lsa:WAHLKREIS:025,Erststimmen,D6,GRÜNE,557,,,,
lsa:WAHLKREIS:025,Erststimmen,D7,FREIE WÄHLER,1383,,,,
lsa:WAHLKREIS:025,Zweitstimmen,F1,CDU,4815,,,,
lsa:WAHLKREIS:025,Zweitstimmen,F10,Gartenpartei,110,,,,
lsa:WAHLKREIS:025,Zweitstimmen,F11,Die PARTEI,47,,,,
lsa:WAHLKREIS:025,Zweitstimmen,F12,TIERSCHUTZALLIANZ,114,,,,
lsa:WAHLKREIS:025,Zweitstimmen,F15,BSW,1149,,,,
lsa:WAHLKREIS:025,Zweitstimmen,F19,PdF,37,,,,
lsa:WAHLKREIS:025,Zweitstimmen,F2,AfD,12512,,,,
lsa:WAHLKREIS:025,Zweitstimmen,F20,Volt,72,,,,
lsa:WAHLKREIS:025,Zweitstimmen,F3,Die Linke,1773,,,,
lsa:WAHLKREIS:025,Zweitstimmen,F4,SPD,1674,,,,
lsa:WAHLKREIS:025,Zweitstimmen,F5,FDP,500,,,,
lsa:WAHLKREIS:025,Zweitstimmen,F6,GRÜNE,1231,,,,
lsa:WAHLKREIS:025,Zweitstimmen,F7,FREIE WÄHLER,580,,,,
lsa:WAHLKREIS:025,Zweitstimmen,F8,dieBasis,34,,,,
lsa:WAHLKREIS:025,Zweitstimmen,F9,Tierschutzpartei,259,,,,
lsa:WAHLKREIS:026,Erststimmen,D1,CDU,5914,,,,
lsa:WAHLKREIS:026,Erststimmen,D2,AfD,7897,,,,
lsa:WAHLKREIS:026,Erststimmen,D3,Die Linke,2169,,,,
lsa:WAHLKREIS:026,Erststimmen,D4,SPD,1651,,,,
lsa:WAHLKREIS:026,Erststimmen,D5,FDP,1117,,,,
lsa:WAHLKREIS:026,Erststimmen,D6,GRÜNE,857,,,,
lsa:WAHLKREIS:026,Zweitstimmen,F1,CDU,3771,,,,
lsa:WAHLKREIS:026,Zweitstimmen,F10,Gartenpartei,83,,,,
lsa:WAHLKREIS:026,Zweitstimmen,F11,Die PARTEI,45,,,,
lsa:WAHLKREIS:026,Zweitstimmen,F12,TIERSCHUTZALLIANZ,97,,,,
lsa:WAHLKREIS:026,Zweitstimmen,F15,BSW,1311,,,,
lsa:WAHLKREIS:026,Zweitstimmen,F19,PdF,27,,,,
lsa:WAHLKREIS:026,Zweitstimmen,F2,AfD,7379,,,,
lsa:WAHLKREIS:026,Zweitstimmen,F20,Volt,73,,,,
lsa:WAHLKREIS:026,Zweitstimmen,F3,Die Linke,1705,,,,
lsa:WAHLKREIS:026,Zweitstimmen,F4,SPD,2037,,,,
lsa:WAHLKREIS:026,Zweitstimmen,F5,FDP,669,,,,
lsa:WAHLKREIS:026,Zweitstimmen,F6,GRÜNE,2114,,,,
lsa:WAHLKREIS:026,Zweitstimmen,F7,FREIE WÄHLER,154,,,,
lsa:WAHLKREIS:026,Zweitstimmen,F8,dieBasis,17,,,,
lsa:WAHLKREIS:026,Zweitstimmen,F9,Tierschutzpartei,229,,,,
lsa:WAHLKREIS:027,Erststimmen,D1,CDU,3307,,,,
lsa:WAHLKREIS:027,Erststimmen,D13,HEIMAT,154,,,,
lsa:WAHLKREIS:027,Erststimmen,D2,AfD,5137,,,,
lsa:WAHLKREIS:027,Erststimmen,D3,Die Linke,1331,,,,
lsa:WAHLKREIS:027,Erststimmen,D4,SPD,963,,,,
lsa:WAHLKREIS:027,Erststimmen,D5,FDP,366,,,,
lsa:WAHLKREIS:027,Erststimmen,D6,GRÜNE,442,,,,
lsa:WAHLKREIS:027,Erststimmen,D7,FREIE WÄHLER,383,,,,
lsa:WAHLKREIS:027,Zweitstimmen,F1,CDU,2190,,,,
lsa:WAHLKREIS:027,Zweitstimmen,F10,Gartenpartei,69,,,,
lsa:WAHLKREIS:027,Zweitstimmen,F11,Die PARTEI,40,,,,
lsa:WAHLKREIS:027,Zweitstimmen,F12,TIERSCHUTZALLIANZ,68,,,,
lsa:WAHLKREIS:027,Zweitstimmen,F15,BSW,715,,,,
lsa:WAHLKREIS:027,Zweitstimmen,F19,PdF,19,,,,
lsa:WAHLKREIS:027,Zweitstimmen,F2,AfD,4937,,,,
lsa:WAHLKREIS:027,Zweitstimmen,F20,Volt,51,,,,
lsa:WAHLKREIS:027,Zweitstimmen,F3,Die Linke,969,,,,
lsa:WAHLKREIS:027,Zweitstimmen,F4,SPD,1182,,,,
lsa:WAHLKREIS:027,Zweitstimmen,F5,FDP,331,,,,
lsa:WAHLKREIS:027,Zweitstimmen,F6,GRÜNE,1212,,,,
lsa:WAHLKREIS:027,Zweitstimmen,F7,FREIE WÄHLER,160,,,,
lsa:WAHLKREIS:027,Zweitstimmen,F8,dieBasis,16,,,,
lsa:WAHLKREIS:027,Zweitstimmen,F9,Tierschutzpartei,153,,,,
lsa:WAHLKREIS:028,Erststimmen,D1,CDU,4661,,,,
lsa:WAHLKREIS:028,Erststimmen,D2,AfD,13432,,,,
lsa:WAHLKREIS:028,Erststimmen,D3,Die Linke,2119,,,,
lsa:WAHLKREIS:028,Erststimmen,D4,SPD,1645,,,,
lsa:WAHLKREIS:028,Erststimmen,D5,FDP,635,,,,
lsa:WAHLKREIS:028,Erststimmen,D6,GRÜNE,719,,,,
lsa:WAHLKREIS:028,Erststimmen,D7,FREIE WÄHLER,1185,,,,
lsa:WAHLKREIS:028,Zweitstimmen,F1,CDU,3885,,,,
lsa:WAHLKREIS:028,Zweitstimmen,F10,Gartenpartei,109,,,,
lsa:WAHLKREIS:028,Zweitstimmen,F11,Die PARTEI,62,,,,
lsa:WAHLKREIS:028,Zweitstimmen,F12,TIERSCHUTZALLIANZ,151,,,,
lsa:WAHLKREIS:028,Zweitstimmen,F15,BSW,1179,,,,
lsa:WAHLKREIS:028,Zweitstimmen,F19,PdF,33,,,,
lsa:WAHLKREIS:028,Zweitstimmen,F2,AfD,12880,,,,
lsa:WAHLKREIS:028,Zweitstimmen,F20,Volt,75,,,,
lsa:WAHLKREIS:028,Zweitstimmen,F3,Die Linke,1728,,,,
lsa:WAHLKREIS:028,Zweitstimmen,F4,SPD,1704,,,,
lsa:WAHLKREIS:028,Zweitstimmen,F5,FDP,569,,,,
lsa:WAHLKREIS:028,Zweitstimmen,F6,GRÜNE,1295,,,,
lsa:WAHLKREIS:028,Zweitstimmen,F7,FREIE WÄHLER,449,,,,
lsa:WAHLKREIS:028,Zweitstimmen,F8,dieBasis,20,,,,
lsa:WAHLKREIS:028,Zweitstimmen,F9,Tierschutzpartei,289,,,,
lsa:WAHLKREIS:029,Erststimmen,D1,CDU,3954,,,,
lsa:WAHLKREIS:029,Erststimmen,D19,PdF,269,,,,
lsa:WAHLKREIS:029,Erststimmen,D2,AfD,9998,,,,
lsa:WAHLKREIS:029,Erststimmen,D3,Die Linke,1389,,,,
lsa:WAHLKREIS:029,Erststimmen,D4,SPD,842,,,,
lsa:WAHLKREIS:029,Erststimmen,D5,FDP,653,,,,
lsa:WAHLKREIS:029,Erststimmen,D6,GRÜNE,295,,,,
lsa:WAHLKREIS:029,Zweitstimmen,F1,CDU,2609,,,,
lsa:WAHLKREIS:029,Zweitstimmen,F10,Gartenpartei,56,,,,
lsa:WAHLKREIS:029,Zweitstimmen,F11,Die PARTEI,38,,,,
lsa:WAHLKREIS:029,Zweitstimmen,F12,TIERSCHUTZALLIANZ,96,,,,
lsa:WAHLKREIS:029,Zweitstimmen,F15,BSW,927,,,,
lsa:WAHLKREIS:029,Zweitstimmen,F19,PdF,57,,,,
lsa:WAHLKREIS:029,Zweitstimmen,F2,AfD,9707,,,,
lsa:WAHLKREIS:029,Zweitstimmen,F20,Volt,42,,,,
lsa:WAHLKREIS:029,Zweitstimmen,F3,Die Linke,1066,,,,
lsa:WAHLKREIS:029,Zweitstimmen,F4,SPD,1129,,,,
lsa:WAHLKREIS:029,Zweitstimmen,F5,FDP,425,,,,
lsa:WAHLKREIS:029,Zweitstimmen,F6,GRÜNE,973,,,,
lsa:WAHLKREIS:029,Zweitstimmen,F7,FREIE WÄHLER,156,,,,
lsa:WAHLKREIS:029,Zweitstimmen,F8,dieBasis,22,,,,
lsa:WAHLKREIS:029,Zweitstimmen,F9,Tierschutzpartei,159,,,,
lsa:WAHLKREIS:030,Erststimmen,D1,CDU,3565,,,,
lsa:WAHLKREIS:030,Erststimmen,D19,PdF,226,,,,
lsa:WAHLKREIS:030,Erststimmen,D2,AfD,10050,,,,
lsa:WAHLKREIS:030,Erststimmen,D3,Die Linke,1795,,,,
lsa:WAHLKREIS:030,Erststimmen,D4,SPD,943,,,,
lsa:WAHLKREIS:030,Erststimmen,D5,FDP,606,,,,
lsa:WAHLKREIS:030,Erststimmen,D6,GRÜNE,301,,,,
lsa:WAHLKREIS:030,Zweitstimmen,F1,CDU,2847,,,,
lsa:WAHLKREIS:030,Zweitstimmen,F10,Gartenpartei,66,,,,
lsa:WAHLKREIS:030,Zweitstimmen,F11,Die PARTEI,29,,,,
lsa:WAHLKREIS:030,Zweitstimmen,F12,TIERSCHUTZALLIANZ,87,,,,
lsa:WAHLKREIS:030,Zweitstimmen,F15,BSW,859,,,,
lsa:WAHLKREIS:030,Zweitstimmen,F19,PdF,93,,,,
lsa:WAHLKREIS:030,Zweitstimmen,F2,AfD,9736,,,,
lsa:WAHLKREIS:030,Zweitstimmen,F20,Volt,37,,,,
lsa:WAHLKREIS:030,Zweitstimmen,F3,Die Linke,1299,,,,
lsa:WAHLKREIS:030,Zweitstimmen,F4,SPD,1169,,,,
lsa:WAHLKREIS:030,Zweitstimmen,F5,FDP,431,,,,
lsa:WAHLKREIS:030,Zweitstimmen,F6,GRÜNE,603,,,,
lsa:WAHLKREIS:030,Zweitstimmen,F7,FREIE WÄHLER,125,,,,
lsa:WAHLKREIS:030,Zweitstimmen,F8,dieBasis,19,,,,
lsa:WAHLKREIS:030,Zweitstimmen,F9,Tierschutzpartei,146,,,,
lsa:WAHLKREIS:031,Erststimmen,D1,CDU,4354,,,,
lsa:WAHLKREIS:031,Erststimmen,D19,PdF,240,,,,
lsa:WAHLKREIS:031,Erststimmen,D2,AfD,8850,,,,
lsa:WAHLKREIS:031,Erststimmen,D3,Die Linke,1731,,,,
lsa:WAHLKREIS:031,Erststimmen,D4,SPD,943,,,,
lsa:WAHLKREIS:031,Erststimmen,D5,FDP,593,,,,
lsa:WAHLKREIS:031,Erststimmen,D6,GRÜNE,431,,,,
lsa:WAHLKREIS:031,Zweitstimmen,F1,CDU,3227,,,,
lsa:WAHLKREIS:031,Zweitstimmen,F10,Gartenpartei,72,,,,
lsa:WAHLKREIS:031,Zweitstimmen,F11,Die PARTEI,39,,,,
lsa:WAHLKREIS:031,Zweitstimmen,F12,TIERSCHUTZALLIANZ,84,,,,
lsa:WAHLKREIS:031,Zweitstimmen,F15,BSW,898,,,,
lsa:WAHLKREIS:031,Zweitstimmen,F19,PdF,102,,,,
lsa:WAHLKREIS:031,Zweitstimmen,F2,AfD,8555,,,,
lsa:WAHLKREIS:031,Zweitstimmen,F20,Volt,52,,,,
lsa:WAHLKREIS:031,Zweitstimmen,F3,Die Linke,1369,,,,
lsa:WAHLKREIS:031,Zweitstimmen,F4,SPD,1306,,,,
lsa:WAHLKREIS:031,Zweitstimmen,F5,FDP,385,,,,
lsa:WAHLKREIS:031,Zweitstimmen,F6,GRÜNE,757,,,,
lsa:WAHLKREIS:031,Zweitstimmen,F7,FREIE WÄHLER,143,,,,
lsa:WAHLKREIS:031,Zweitstimmen,F8,dieBasis,23,,,,
lsa:WAHLKREIS:031,Zweitstimmen,F9,Tierschutzpartei,189,,,,
lsa:WAHLKREIS:032,Erststimmen,D1,CDU,3140,,,,
lsa:WAHLKREIS:032,Erststimmen,D19,PdF,296,,,,
lsa:WAHLKREIS:032,Erststimmen,D2,AfD,10188,,,,
lsa:WAHLKREIS:032,Erststimmen,D3,Die Linke,1361,,,,
lsa:WAHLKREIS:032,Erststimmen,D4,SPD,1069,,,,
lsa:WAHLKREIS:032,Erststimmen,D5,FDP,598,,,,
lsa:WAHLKREIS:032,Erststimmen,D6,GRÜNE,347,,,,
lsa:WAHLKREIS:032,Zweitstimmen,F1,CDU,2653,,,,
lsa:WAHLKREIS:032,Zweitstimmen,F10,Gartenpartei,79,,,,
lsa:WAHLKREIS:032,Zweitstimmen,F11,Die PARTEI,37,,,,
lsa:WAHLKREIS:032,Zweitstimmen,F12,TIERSCHUTZALLIANZ,79,,,,
lsa:WAHLKREIS:032,Zweitstimmen,F15,BSW,871,,,,
lsa:WAHLKREIS:032,Zweitstimmen,F19,PdF,86,,,,
lsa:WAHLKREIS:032,Zweitstimmen,F2,AfD,9847,,,,
lsa:WAHLKREIS:032,Zweitstimmen,F20,Volt,25,,,,
lsa:WAHLKREIS:032,Zweitstimmen,F3,Die Linke,999,,,,
lsa:WAHLKREIS:032,Zweitstimmen,F4,SPD,1047,,,,
lsa:WAHLKREIS:032,Zweitstimmen,F5,FDP,381,,,,
lsa:WAHLKREIS:032,Zweitstimmen,F6,GRÜNE,604,,,,
lsa:WAHLKREIS:032,Zweitstimmen,F7,FREIE WÄHLER,164,,,,
lsa:WAHLKREIS:032,Zweitstimmen,F8,dieBasis,25,,,,
lsa:WAHLKREIS:032,Zweitstimmen,F9,Tierschutzpartei,167,,,,
lsa:WAHLKREIS:033,Erststimmen,D1,CDU,2645,,,,
lsa:WAHLKREIS:033,Erststimmen,D2,AfD,7241,,,,
lsa:WAHLKREIS:033,Erststimmen,D3,Die Linke,1117,,,,
lsa:WAHLKREIS:033,Erststimmen,D4,SPD,685,,,,
lsa:WAHLKREIS:033,Erststimmen,D5,FDP,409,,,,
lsa:WAHLKREIS:033,Erststimmen,D6,GRÜNE,266,,,,
lsa:WAHLKREIS:033,Zweitstimmen,F1,CDU,1919,,,,
lsa:WAHLKREIS:033,Zweitstimmen,F10,Gartenpartei,33,,,,
lsa:WAHLKREIS:033,Zweitstimmen,F11,Die PARTEI,41,,,,
lsa:WAHLKREIS:033,Zweitstimmen,F12,TIERSCHUTZALLIANZ,77,,,,
lsa:WAHLKREIS:033,Zweitstimmen,F15,BSW,590,,,,
lsa:WAHLKREIS:033,Zweitstimmen,F19,PdF,17,,,,
lsa:WAHLKREIS:033,Zweitstimmen,F2,AfD,6940,,,,
lsa:WAHLKREIS:033,Zweitstimmen,F20,Volt,41,,,,
lsa:WAHLKREIS:033,Zweitstimmen,F3,Die Linke,857,,,,
lsa:WAHLKREIS:033,Zweitstimmen,F4,SPD,742,,,,
lsa:WAHLKREIS:033,Zweitstimmen,F5,FDP,248,,,,
lsa:WAHLKREIS:033,Zweitstimmen,F6,GRÜNE,682,,,,
lsa:WAHLKREIS:033,Zweitstimmen,F7,FREIE WÄHLER,72,,,,
lsa:WAHLKREIS:033,Zweitstimmen,F8,dieBasis,17,,,,
lsa:WAHLKREIS:033,Zweitstimmen,F9,Tierschutzpartei,129,,,,
lsa:WAHLKREIS:034,Erststimmen,D1,CDU,3292,,,,
lsa:WAHLKREIS:034,Erststimmen,D15,BSW,739,,,,
lsa:WAHLKREIS:034,Erststimmen,D2,AfD,8892,,,,
lsa:WAHLKREIS:034,Erststimmen,D3,Die Linke,1207,,,,
lsa:WAHLKREIS:034,Erststimmen,D4,SPD,920,,,,
lsa:WAHLKREIS:034,Erststimmen,D5,FDP,568,,,,
lsa:WAHLKREIS:034,Erststimmen,D6,GRÜNE,345,,,,
lsa:WAHLKREIS:034,Zweitstimmen,F1,CDU,2538,,,,
lsa:WAHLKREIS:034,Zweitstimmen,F10,Gartenpartei,61,,,,
lsa:WAHLKREIS:034,Zweitstimmen,F11,Die PARTEI,31,,,,
lsa:WAHLKREIS:034,Zweitstimmen,F12,TIERSCHUTZALLIANZ,88,,,,
lsa:WAHLKREIS:034,Zweitstimmen,F15,BSW,798,,,,
lsa:WAHLKREIS:034,Zweitstimmen,F19,PdF,22,,,,
lsa:WAHLKREIS:034,Zweitstimmen,F2,AfD,8793,,,,
lsa:WAHLKREIS:034,Zweitstimmen,F20,Volt,46,,,,
lsa:WAHLKREIS:034,Zweitstimmen,F3,Die Linke,922,,,,
lsa:WAHLKREIS:034,Zweitstimmen,F4,SPD,1019,,,,
lsa:WAHLKREIS:034,Zweitstimmen,F5,FDP,408,,,,
lsa:WAHLKREIS:034,Zweitstimmen,F6,GRÜNE,901,,,,
lsa:WAHLKREIS:034,Zweitstimmen,F7,FREIE WÄHLER,158,,,,
lsa:WAHLKREIS:034,Zweitstimmen,F8,dieBasis,21,,,,
lsa:WAHLKREIS:034,Zweitstimmen,F9,Tierschutzpartei,178,,,,
lsa:WAHLKREIS:035,Erststimmen,D1,CDU,1762,,,,
lsa:WAHLKREIS:035,Erststimmen,D15,BSW,323,,,,
lsa:WAHLKREIS:035,Erststimmen,D2,AfD,3038,,,,
lsa:WAHLKREIS:035,Erststimmen,D3,Die Linke,908,,,,
lsa:WAHLKREIS:035,Erststimmen,D4,SPD,594,,,,
lsa:WAHLKREIS:035,Erststimmen,D5,FDP,198,,,,
lsa:WAHLKREIS:035,Erststimmen,D6,GRÜNE,237,,,,
lsa:WAHLKREIS:035,Zweitstimmen,F1,CDU,1132,,,,
lsa:WAHLKREIS:035,Zweitstimmen,F10,Gartenpartei,29,,,,
lsa:WAHLKREIS:035,Zweitstimmen,F11,Die PARTEI,18,,,,
lsa:WAHLKREIS:035,Zweitstimmen,F12,TIERSCHUTZALLIANZ,44,,,,
lsa:WAHLKREIS:035,Zweitstimmen,F15,BSW,397,,,,
lsa:WAHLKREIS:035,Zweitstimmen,F19,PdF,6,,,,
lsa:WAHLKREIS:035,Zweitstimmen,F2,AfD,2947,,,,
lsa:WAHLKREIS:035,Zweitstimmen,F20,Volt,17,,,,
lsa:WAHLKREIS:035,Zweitstimmen,F3,Die Linke,717,,,,
lsa:WAHLKREIS:035,Zweitstimmen,F4,SPD,737,,,,
lsa:WAHLKREIS:035,Zweitstimmen,F5,FDP,177,,,,
lsa:WAHLKREIS:035,Zweitstimmen,F6,GRÜNE,712,,,,
lsa:WAHLKREIS:035,Zweitstimmen,F7,FREIE WÄHLER,50,,,,
lsa:WAHLKREIS:035,Zweitstimmen,F8,dieBasis,9,,,,
lsa:WAHLKREIS:035,Zweitstimmen,F9,Tierschutzpartei,91,,,,
lsa:WAHLKREIS:036,Erststimmen,D1,CDU,2445,,,,
lsa:WAHLKREIS:036,Erststimmen,D15,BSW,569,,,,
lsa:WAHLKREIS:036,Erststimmen,D2,AfD,3299,,,,
lsa:WAHLKREIS:036,Erststimmen,D21,Anderer Kreiswahlvorschlag,138,,,,
lsa:WAHLKREIS:036,Erststimmen,D3,Die Linke,4294,,,,
lsa:WAHLKREIS:036,Erststimmen,D4,SPD,1400,,,,
lsa:WAHLKREIS:036,Erststimmen,D5,FDP,486,,,,
lsa:WAHLKREIS:036,Erststimmen,D6,GRÜNE,958,,,,
lsa:WAHLKREIS:036,Zweitstimmen,F1,CDU,1762,,,,
lsa:WAHLKREIS:036,Zweitstimmen,F10,Gartenpartei,53,,,,
lsa:WAHLKREIS:036,Zweitstimmen,F11,Die PARTEI,74,,,,
lsa:WAHLKREIS:036,Zweitstimmen,F12,TIERSCHUTZALLIANZ,79,,,,
lsa:WAHLKREIS:036,Zweitstimmen,F15,BSW,636,,,,
lsa:WAHLKREIS:036,Zweitstimmen,F19,PdF,16,,,,
lsa:WAHLKREIS:036,Zweitstimmen,F2,AfD,3302,,,,
lsa:WAHLKREIS:036,Zweitstimmen,F20,Volt,57,,,,
lsa:WAHLKREIS:036,Zweitstimmen,F3,Die Linke,1777,,,,
lsa:WAHLKREIS:036,Zweitstimmen,F4,SPD,1822,,,,
lsa:WAHLKREIS:036,Zweitstimmen,F5,FDP,412,,,,
lsa:WAHLKREIS:036,Zweitstimmen,F6,GRÜNE,3327,,,,
lsa:WAHLKREIS:036,Zweitstimmen,F7,FREIE WÄHLER,138,,,,
lsa:WAHLKREIS:036,Zweitstimmen,F8,dieBasis,17,,,,
lsa:WAHLKREIS:036,Zweitstimmen,F9,Tierschutzpartei,142,,,,
lsa:WAHLKREIS:037,Erststimmen,D1,CDU,2531,,,,
lsa:WAHLKREIS:037,Erststimmen,D15,BSW,647,,,,
lsa:WAHLKREIS:037,Erststimmen,D2,AfD,3645,,,,
lsa:WAHLKREIS:037,Erststimmen,D3,Die Linke,7653,,,,
lsa:WAHLKREIS:037,Erststimmen,D4,SPD,1282,,,,
lsa:WAHLKREIS:037,Erststimmen,D5,FDP,690,,,,
lsa:WAHLKREIS:037,Erststimmen,D6,GRÜNE,2044,,,,
lsa:WAHLKREIS:037,Erststimmen,D7,FREIE WÄHLER,334,,,,
lsa:WAHLKREIS:037,Zweitstimmen,F1,CDU,1986,,,,
lsa:WAHLKREIS:037,Zweitstimmen,F10,Gartenpartei,51,,,,
lsa:WAHLKREIS:037,Zweitstimmen,F11,Die PARTEI,61,,,,
lsa:WAHLKREIS:037,Zweitstimmen,F12,TIERSCHUTZALLIANZ,70,,,,
lsa:WAHLKREIS:037,Zweitstimmen,F15,BSW,725,,,,
lsa:WAHLKREIS:037,Zweitstimmen,F19,PdF,19,,,,
lsa:WAHLKREIS:037,Zweitstimmen,F2,AfD,3717,,,,
lsa:WAHLKREIS:037,Zweitstimmen,F20,Volt,72,,,,
lsa:WAHLKREIS:037,Zweitstimmen,F3,Die Linke,2640,,,,
lsa:WAHLKREIS:037,Zweitstimmen,F4,SPD,2482,,,,
lsa:WAHLKREIS:037,Zweitstimmen,F5,FDP,493,,,,
lsa:WAHLKREIS:037,Zweitstimmen,F6,GRÜNE,6248,,,,
lsa:WAHLKREIS:037,Zweitstimmen,F7,FREIE WÄHLER,120,,,,
lsa:WAHLKREIS:037,Zweitstimmen,F8,dieBasis,25,,,,
lsa:WAHLKREIS:037,Zweitstimmen,F9,Tierschutzpartei,129,,,,
lsa:WAHLKREIS:038,Erststimmen,D1,CDU,2611,,,,
lsa:WAHLKREIS:038,Erststimmen,D15,BSW,572,,,,
lsa:WAHLKREIS:038,Erststimmen,D2,AfD,3674,,,,
lsa:WAHLKREIS:038,Erststimmen,D3,Die Linke,936,,,,
lsa:WAHLKREIS:038,Erststimmen,D4,SPD,1290,,,,
lsa:WAHLKREIS:038,Erststimmen,D5,FDP,314,,,,
lsa:WAHLKREIS:038,Erststimmen,D6,GRÜNE,368,,,,
lsa:WAHLKREIS:038,Zweitstimmen,F1,CDU,1707,,,,
lsa:WAHLKREIS:038,Zweitstimmen,F10,Gartenpartei,42,,,,
lsa:WAHLKREIS:038,Zweitstimmen,F11,Die PARTEI,28,,,,
lsa:WAHLKREIS:038,Zweitstimmen,F12,TIERSCHUTZALLIANZ,52,,,,
lsa:WAHLKREIS:038,Zweitstimmen,F15,BSW,527,,,,
lsa:WAHLKREIS:038,Zweitstimmen,F19,PdF,27,,,,
lsa:WAHLKREIS:038,Zweitstimmen,F2,AfD,3707,,,,
lsa:WAHLKREIS:038,Zweitstimmen,F20,Volt,36,,,,
lsa:WAHLKREIS:038,Zweitstimmen,F3,Die Linke,826,,,,
lsa:WAHLKREIS:038,Zweitstimmen,F4,SPD,1209,,,,
lsa:WAHLKREIS:038,Zweitstimmen,F5,FDP,338,,,,
lsa:WAHLKREIS:038,Zweitstimmen,F6,GRÜNE,1064,,,,
lsa:WAHLKREIS:038,Zweitstimmen,F7,FREIE WÄHLER,77,,,,
lsa:WAHLKREIS:038,Zweitstimmen,F8,dieBasis,22,,,,
lsa:WAHLKREIS:038,Zweitstimmen,F9,Tierschutzpartei,113,,,,
lsa:WAHLKREIS:039,Erststimmen,D1,CDU,3996,,,,
lsa:WAHLKREIS:039,Erststimmen,D2,AfD,11320,,,,
lsa:WAHLKREIS:039,Erststimmen,D3,Die Linke,1744,,,,
lsa:WAHLKREIS:039,Erststimmen,D4,SPD,1403,,,,
lsa:WAHLKREIS:039,Erststimmen,D5,FDP,739,,,,
lsa:WAHLKREIS:039,Erststimmen,D6,GRÜNE,342,,,,
lsa:WAHLKREIS:039,Zweitstimmen,F1,CDU,2906,,,,
lsa:WAHLKREIS:039,Zweitstimmen,F10,Gartenpartei,76,,,,
lsa:WAHLKREIS:039,Zweitstimmen,F11,Die PARTEI,53,,,,
lsa:WAHLKREIS:039,Zweitstimmen,F12,TIERSCHUTZALLIANZ,94,,,,
lsa:WAHLKREIS:039,Zweitstimmen,F15,BSW,852,,,,
lsa:WAHLKREIS:039,Zweitstimmen,F19,PdF,30,,,,
lsa:WAHLKREIS:039,Zweitstimmen,F2,AfD,11185,,,,
lsa:WAHLKREIS:039,Zweitstimmen,F20,Volt,60,,,,
lsa:WAHLKREIS:039,Zweitstimmen,F3,Die Linke,1379,,,,
lsa:WAHLKREIS:039,Zweitstimmen,F4,SPD,1202,,,,
lsa:WAHLKREIS:039,Zweitstimmen,F5,FDP,455,,,,
lsa:WAHLKREIS:039,Zweitstimmen,F6,GRÜNE,892,,,,
lsa:WAHLKREIS:039,Zweitstimmen,F7,FREIE WÄHLER,176,,,,
lsa:WAHLKREIS:039,Zweitstimmen,F8,dieBasis,24,,,,
lsa:WAHLKREIS:039,Zweitstimmen,F9,Tierschutzpartei,237,,,,
lsa:WAHLKREIS:040,Erststimmen,D1,CDU,4621,,,,
lsa:WAHLKREIS:040,Erststimmen,D2,AfD,7602,,,,
lsa:WAHLKREIS:040,Erststimmen,D21,Anderer Kreiswahlvorschlag,141,,,,
lsa:WAHLKREIS:040,Erststimmen,D3,Die Linke,1277,,,,
lsa:WAHLKREIS:040,Erststimmen,D4,SPD,650,,,,
lsa:WAHLKREIS:040,Erststimmen,D5,FDP,426,,,,
lsa:WAHLKREIS:040,Erststimmen,D6,GRÜNE,460,,,,
lsa:WAHLKREIS:040,Erststimmen,D9,Tierschutzpartei,487,,,,
lsa:WAHLKREIS:040,Zweitstimmen,F1,CDU,2982,,,,
lsa:WAHLKREIS:040,Zweitstimmen,F10,Gartenpartei,71,,,,
lsa:WAHLKREIS:040,Zweitstimmen,F11,Die PARTEI,33,,,,
lsa:WAHLKREIS:040,Zweitstimmen,F12,TIERSCHUTZALLIANZ,69,,,,
lsa:WAHLKREIS:040,Zweitstimmen,F15,BSW,766,,,,
lsa:WAHLKREIS:040,Zweitstimmen,F19,PdF,41,,,,
lsa:WAHLKREIS:040,Zweitstimmen,F2,AfD,7482,,,,
lsa:WAHLKREIS:040,Zweitstimmen,F20,Volt,42,,,,
lsa:WAHLKREIS:040,Zweitstimmen,F3,Die Linke,1155,,,,
lsa:WAHLKREIS:040,Zweitstimmen,F4,SPD,1149,,,,
lsa:WAHLKREIS:040,Zweitstimmen,F5,FDP,407,,,,
lsa:WAHLKREIS:040,Zweitstimmen,F6,GRÜNE,974,,,,
lsa:WAHLKREIS:040,Zweitstimmen,F7,FREIE WÄHLER,177,,,,
lsa:WAHLKREIS:040,Zweitstimmen,F8,dieBasis,52,,,,
lsa:WAHLKREIS:040,Zweitstimmen,F9,Tierschutzpartei,275,,,,
lsa:WAHLKREIS:041,Erststimmen,D1,CDU,3211,,,,
lsa:WAHLKREIS:041,Erststimmen,D15,BSW,598,,,,
lsa:WAHLKREIS:041,Erststimmen,D2,AfD,10173,,,,
lsa:WAHLKREIS:041,Erststimmen,D20,Volt,145,,,,
lsa:WAHLKREIS:041,Erststimmen,D3,Die Linke,1345,,,,
lsa:WAHLKREIS:041,Erststimmen,D4,SPD,991,,,,
lsa:WAHLKREIS:041,Erststimmen,D5,FDP,326,,,,
lsa:WAHLKREIS:041,Erststimmen,D6,GRÜNE,325,,,,
lsa:WAHLKREIS:041,Erststimmen,D7,FREIE WÄHLER,720,,,,
lsa:WAHLKREIS:041,Zweitstimmen,F1,CDU,2786,,,,
lsa:WAHLKREIS:041,Zweitstimmen,F10,Gartenpartei,80,,,,
lsa:WAHLKREIS:041,Zweitstimmen,F11,Die PARTEI,36,,,,
lsa:WAHLKREIS:041,Zweitstimmen,F12,TIERSCHUTZALLIANZ,83,,,,
lsa:WAHLKREIS:041,Zweitstimmen,F15,BSW,755,,,,
lsa:WAHLKREIS:041,Zweitstimmen,F19,PdF,26,,,,
lsa:WAHLKREIS:041,Zweitstimmen,F2,AfD,10250,,,,
lsa:WAHLKREIS:041,Zweitstimmen,F20,Volt,80,,,,
lsa:WAHLKREIS:041,Zweitstimmen,F3,Die Linke,1186,,,,
lsa:WAHLKREIS:041,Zweitstimmen,F4,SPD,1055,,,,
lsa:WAHLKREIS:041,Zweitstimmen,F5,FDP,299,,,,
lsa:WAHLKREIS:041,Zweitstimmen,F6,GRÜNE,688,,,,
lsa:WAHLKREIS:041,Zweitstimmen,F7,FREIE WÄHLER,338,,,,
lsa:WAHLKREIS:041,Zweitstimmen,F8,dieBasis,28,,,,
lsa:WAHLKREIS:041,Zweitstimmen,F9,Tierschutzpartei,167,,,,
