row_key,time,previous_time,delta_valid,delta_reported,fixed_reported_count,party_deltas
mv:GEMEINDE:13003000,2026-09-20T17:20:05.289359+00:00,2026-09-20T17:12:21.930864+00:00,1516,3,False,"{""AfD"": 495, ""BSW"": 77, ""Bündnis C"": 3, ""CDU"": 50, ""Die Linke"": 170, ""Die PARTEI"": 3, ""FDP"": 13, ""FREIE WÄHLER"": 1, ""GRÜNE"": 92, ""Handwerker Partei Deutschland"": 12, ""KPD"": 3, ""PIRATEN"": 6, ""PdF"": 1, ""SPD"": 558, ""Team Freiheit"": 3, ""Tierschutzpartei"": 26, ""Volt"": 3}"
mv:GEMEINDE:13004000,2026-09-20T17:20:05.289359+00:00,2026-09-20T17:12:21.930864+00:00,1969,3,False,"{""AfD"": 687, ""BSW"": 89, ""Bündnis C"": 2, ""CDU"": 110, ""Die Linke"": 144, ""Die PARTEI"": 7, ""FDP"": 16, ""FREIE WÄHLER"": 7, ""GRÜNE"": 198, ""Handwerker Partei Deutschland"": 7, ""KPD"": 3, ""PIRATEN"": 4, ""PdF"": 1, ""SPD"": 670, ""Team Freiheit"": 6, ""Tierschutzpartei"": 10, ""Volt"": 4, ""WLD"": 2, ""ÖDP"": 2}"
mv:GEMEINDE:13071007,2026-09-20T17:20:05.289359+00:00,2026-09-20T17:12:21.930864+00:00,381,1,False,"{""AfD"": 205, ""BSW"": 31, ""CDU"": 24, ""Die Linke"": 17, ""FREIE WÄHLER"": 4, ""GRÜNE"": 10, ""Handwerker Partei Deutschland"": 2, ""PIRATEN"": 1, ""SPD"": 84, ""Team Freiheit"": 2, ""Tierschutzpartei"": 1}"
mv:GEMEINDE:13071011,2026-09-20T17:20:05.289359+00:00,2026-09-20T17:12:21.930864+00:00,593,2,False,"{""AfD"": 309, ""BSW"": 37, ""Bündnis C"": 2, ""CDU"": 19, ""Die Linke"": 32, ""Die PARTEI"": 2, ""FDP"": 2, ""GRÜNE"": 12, ""Handwerker Partei Deutschland"": 2, ""PIRATEN"": 1, ""SPD"": 169, ""Team Freiheit"": 2, ""Tierschutzpartei"": 4}"
mv:GEMEINDE:13071013,2026-09-20T17:20:05.289359+00:00,2026-09-20T17:12:21.930864+00:00,224,1,False,"{""AfD"": 110, ""BSW"": 10, ""Bündnis C"": 1, ""CDU"": 5, ""Die Linke"": 6, ""FREIE WÄHLER"": 4, ""GRÜNE"": 6, ""Handwerker Partei Deutschland"": 3, ""SPD"": 76, ""Volt"": 3}"
mv:GEMEINDE:13071021,2026-09-20T17:20:05.289359+00:00,2026-09-20T17:12:21.930864+00:00,713,2,False,"{""AfD"": 411, ""BSW"": 38, ""Bündnis C"": 1, ""CDU"": 20, ""Die Linke"": 41, ""Die PARTEI"": 5, ""FDP"": 4, ""FREIE WÄHLER"": 2, ""GRÜNE"": 10, ""Handwerker Partei Deutschland"": 4, ""PdF"": 1, ""SPD"": 157, ""Team Freiheit"": 5, ""Tierschutzpartei"": 9, ""Volt"": 5}"
mv:GEMEINDE:13071023,2026-09-20T17:20:05.289359+00:00,2026-09-20T17:12:21.930864+00:00,276,1,False,"{""AfD"": 160, ""BSW"": 10, ""Bündnis C"": 1, ""CDU"": 10, ""Die Linke"": 8, ""FDP"": 2, ""GRÜNE"": 3, ""Handwerker Partei Deutschland"": 1, ""PIRATEN"": 1, ""SPD"": 76, ""Team Freiheit"": 1, ""Tierschutzpartei"": 2, ""WLD"": 1}"
mv:GEMEINDE:13071025,2026-09-20T17:20:05.289359+00:00,2026-09-20T17:12:21.930864+00:00,425,1,False,"{""AfD"": 224, ""BSW"": 21, ""CDU"": 12, ""Die Linke"": 17, ""FDP"": 1, ""GRÜNE"": 14, ""Handwerker Partei Deutschland"": 3, ""PIRATEN"": 1, ""SPD"": 128, ""Team Freiheit"": 1, ""Tierschutzpartei"": 3}"
mv:GEMEINDE:13071029,2026-09-20T17:20:05.289359+00:00,2026-09-20T17:12:21.930864+00:00,580,1,False,"{""AfD"": 343, ""BSW"": 24, ""CDU"": 21, ""Die Linke"": 30, ""Die PARTEI"": 2, ""FDP"": 4, ""FREIE WÄHLER"": 1, ""GRÜNE"": 12, ""Handwerker Partei Deutschland"": 2, ""SPD"": 134, ""Team Freiheit"": 2, ""Tierschutzpartei"": 3, ""Volt"": 1, ""WLD"": 1}"
mv:GEMEINDE:13071035,2026-09-20T17:20:05.289359+00:00,2026-09-20T17:12:21.930864+00:00,446,2,False,"{""AfD"": 241, ""BSW"": 27, ""CDU"": 11, ""Die Linke"": 26, ""Die PARTEI"": 3, ""FDP"": 2, ""FREIE WÄHLER"": 1, ""GRÜNE"": 9, ""KPD"": 1, ""PIRATEN"": 1, ""SPD"": 119, ""Tierschutzpartei"": 3, ""WLD"": 1, ""ÖDP"": 1}"
mv:GEMEINDE:13071036,2026-09-20T17:20:05.289359+00:00,2026-09-20T17:12:21.930864+00:00,419,1,False,"{""AfD"": 185, ""BSW"": 30, ""CDU"": 17, ""Die Linke"": 15, ""FDP"": 1, ""FREIE WÄHLER"": 3, ""GRÜNE"": 6, ""Handwerker Partei Deutschland"": 1, ""PIRATEN"": 1, ""SPD"": 152, ""Team Freiheit"": 2, ""Tierschutzpartei"": 2, ""WLD"": 3, ""ÖDP"": 1}"
mv:GEMEINDE:13071088,2026-09-20T17:20:05.289359+00:00,2026-09-20T17:12:21.930864+00:00,165,1,False,"{""AfD"": 66, ""BSW"": 13, ""CDU"": 16, ""Die Linke"": 7, ""FDP"": 3, ""GRÜNE"": 10, ""Handwerker Partei Deutschland"": 2, ""PIRATEN"": 1, ""PdF"": 1, ""SPD"": 45, ""Tierschutzpartei"": 1}"
mv:GEMEINDE:13071093,2026-09-20T17:20:05.289359+00:00,2026-09-20T17:12:21.930864+00:00,723,1,False,"{""AfD"": 339, ""BSW"": 43, ""CDU"": 14, ""Die Linke"": 38, ""Die PARTEI"": 1, ""FDP"": 5, ""FREIE WÄHLER"": 1, ""GRÜNE"": 24, ""Handwerker Partei Deutschland"": 3, ""KPD"": 1, ""SPD"": 243, ""Tierschutzpartei"": 9, ""Volt"": 1, ""ÖDP"": 1}"
mv:GEMEINDE:13071107,2026-09-20T17:20:05.289359+00:00,2026-09-20T17:12:21.930864+00:00,750,2,False,"{""AfD"": 282, ""BSW"": 50, ""CDU"": 36, ""Die Linke"": 53, ""Die PARTEI"": 1, ""FDP"": 7, ""FREIE WÄHLER"": 3, ""GRÜNE"": 18, ""Handwerker Partei Deutschland"": 4, ""PIRATEN"": 1, ""PdF"": 1, ""SPD"": 276, ""Team Freiheit"": 2, ""Tierschutzpartei"": 13, ""Volt"": 1, ""WLD"": 2}"
mv:GEMEINDE:13071111,2026-09-20T17:20:05.289359+00:00,2026-09-20T17:12:21.930864+00:00,553,1,False,"{""AfD"": 235, ""BSW"": 27, ""Bündnis C"": 1, ""CDU"": 16, ""Die Linke"": 22, ""Die PARTEI"": 1, ""FDP"": 2, ""FREIE WÄHLER"": 2, ""GRÜNE"": 5, ""Handwerker Partei Deutschland"": 1, ""PIRATEN"": 2, ""PdF"": 1, ""SPD"": 232, ""Tierschutzpartei"": 6}"
mv:GEMEINDE:13071112,2026-09-20T17:20:05.289359+00:00,2026-09-20T17:12:21.930864+00:00,379,1,False,"{""AfD"": 257, ""BSW"": 14, ""CDU"": 12, ""Die Linke"": 10, ""FDP"": 1, ""GRÜNE"": 10, ""Handwerker Partei Deutschland"": 1, ""KPD"": 1, ""SPD"": 73}"
mv:GEMEINDE:13071115,2026-09-20T17:20:05.289359+00:00,2026-09-20T17:12:21.930864+00:00,206,1,False,"{""AfD"": 118, ""BSW"": 9, ""Bündnis C"": 1, ""CDU"": 5, ""Die Linke"": 3, ""FDP"": 1, ""GRÜNE"": 11, ""PIRATEN"": 1, ""SPD"": 56, ""Tierschutzpartei"": 1}"
mv:GEMEINDE:13071122,2026-09-20T17:20:05.289359+00:00,2026-09-20T17:12:21.930864+00:00,103,1,False,"{""AfD"": 53, ""BSW"": 10, ""CDU"": 2, ""Die Linke"": 5, ""FDP"": 1, ""FREIE WÄHLER"": 3, ""GRÜNE"": 1, ""PIRATEN"": 2, ""SPD"": 25, ""Tierschutzpartei"": 1}"
mv:GEMEINDE:13071125,2026-09-20T17:20:05.289359+00:00,2026-09-20T17:12:21.930864+00:00,175,1,False,"{""AfD"": 94, ""BSW"": 10, ""CDU"": 24, ""Die Linke"": 1, ""FDP"": 2, ""FREIE WÄHLER"": 2, ""GRÜNE"": 1, ""SPD"": 41}"
mv:GEMEINDE:13071133,2026-09-20T17:20:05.289359+00:00,2026-09-20T17:12:21.930864+00:00,225,1,False,"{""AfD"": 87, ""BSW"": 15, ""CDU"": 7, ""Die Linke"": 13, ""Die PARTEI"": 1, ""FDP"": 1, ""FREIE WÄHLER"": 2, ""GRÜNE"": 13, ""KPD"": 1, ""SPD"": 84, ""Team Freiheit"": 1}"
mv:GEMEINDE:13071136,2026-09-20T17:20:05.289359+00:00,2026-09-20T17:12:21.930864+00:00,258,1,False,"{""AfD"": 148, ""BSW"": 14, ""CDU"": 7, ""Die Linke"": 13, ""FDP"": 4, ""FREIE WÄHLER"": 3, ""GRÜNE"": 2, ""Handwerker Partei Deutschland"": 2, ""SPD"": 62, ""Tierschutzpartei"": 3}"
mv:GEMEINDE:13071137,2026-09-20T17:20:05.289359+00:00,2026-09-20T17:12:21.930864+00:00,342,1,False,"{""AfD"": 157, ""BSW"": 14, ""CDU"": 18, ""Die Linke"": 17, ""GRÜNE"": 12, ""Handwerker Partei Deutschland"": 1, ""SPD"": 115, ""Team Freiheit"": 2, ""Tierschutzpartei"": 5, ""WLD"": 1}"
mv:GEMEINDE:13071142,2026-09-20T17:20:05.289359+00:00,2026-09-20T17:12:21.930864+00:00,667,2,False,"{""AfD"": 329, ""BSW"": 33, ""CDU"": 25, ""Die Linke"": 30, ""Die PARTEI"": 1, ""FDP"": 6, ""FREIE WÄHLER"": 7, ""GRÜNE"": 17, ""Handwerker Partei Deutschland"": 2, ""KPD"": 1, ""PIRATEN"": 1, ""SPD"": 206, ""Team Freiheit"": 2, ""Tierschutzpartei"": 4, ""Volt"": 2, ""ÖDP"": 1}"
mv:GEMEINDE:13071143,2026-09-20T17:20:05.289359+00:00,2026-09-20T17:12:21.930864+00:00,151,1,False,"{""AfD"": 71, ""BSW"": 7, ""CDU"": 5, ""Die Linke"": 6, ""FDP"": 1, ""GRÜNE"": 5, ""PIRATEN"": 1, ""SPD"": 51, ""Team Freiheit"": 1, ""Tierschutzpartei"": 2, ""WLD"": 1}"
mv:GEMEINDE:13071155,2026-09-20T17:20:05.289359+00:00,2026-09-20T17:12:21.930864+00:00,260,1,False,"{""AfD"": 116, ""BSW"": 18, ""CDU"": 11, ""Die Linke"": 11, ""FDP"": 1, ""FREIE WÄHLER"": 1, ""GRÜNE"": 6, ""Handwerker Partei Deutschland"": 4, ""SPD"": 87, ""Team Freiheit"": 2, ""Tierschutzpartei"": 3}"
mv:GEMEINDE:13071156,2026-09-20T17:20:05.289359+00:00,2026-09-20T17:12:21.930864+00:00,1036,2,False,"{""AfD"": 526, ""BSW"": 64, ""CDU"": 33, ""Die Linke"": 44, ""FDP"": 13, ""FREIE WÄHLER"": 3, ""GRÜNE"": 16, ""Handwerker Partei Deutschland"": 4, ""PIRATEN"": 3, ""SPD"": 316, ""Tierschutzpartei"": 11, ""WLD"": 1, ""ÖDP"": 2}"
mv:GEMEINDE:13071157,2026-09-20T17:20:05.289359+00:00,2026-09-20T17:12:21.930864+00:00,205,1,False,"{""AfD"": 125, ""BSW"": 10, ""Bündnis C"": 1, ""CDU"": 11, ""Die Linke"": 10, ""Die PARTEI"": 1, ""FDP"": 1, ""GRÜNE"": 1, ""Handwerker Partei Deutschland"": 1, ""SPD"": 38, ""Team Freiheit"": 1, ""Tierschutzpartei"": 5}"
mv:GEMEINDE:13071158,2026-09-20T17:20:05.289359+00:00,2026-09-20T17:12:21.930864+00:00,300,1,False,"{""AfD"": 190, ""BSW"": 14, ""CDU"": 9, ""Die Linke"": 12, ""FDP"": 3, ""FREIE WÄHLER"": 3, ""GRÜNE"": 10, ""PIRATEN"": 1, ""SPD"": 56, ""Team Freiheit"": 1, ""Tierschutzpartei"": 1}"
mv:GEMEINDE:13071161,2026-09-20T17:20:05.289359+00:00,2026-09-20T17:12:21.930864+00:00,294,1,False,"{""AfD"": 124, ""BSW"": 24, ""Bündnis C"": 1, ""CDU"": 16, ""Die Linke"": 13, ""Die PARTEI"": 1, ""FDP"": 3, ""FREIE WÄHLER"": 4, ""GRÜNE"": 8, ""KPD"": 1, ""PIRATEN"": 1, ""SPD"": 97, ""Tierschutzpartei"": 1}"
mv:GEMEINDE:13071167,2026-09-20T17:20:05.289359+00:00,2026-09-20T17:12:21.930864+00:00,342,1,False,"{""AfD"": 157, ""BSW"": 29, ""CDU"": 9, ""Die Linke"": 17, ""Die PARTEI"": 3, ""FDP"": 3, ""GRÜNE"": 22, ""Handwerker Partei Deutschland"": 2, ""PIRATEN"": 1, ""PdF"": 1, ""SPD"": 97, ""Tierschutzpartei"": 1}"
mv:GEMEINDE:13071170,2026-09-20T17:20:05.289359+00:00,2026-09-20T17:12:21.930864+00:00,208,1,False,"{""AfD"": 90, ""BSW"": 13, ""CDU"": 11, ""Die Linke"": 8, ""GRÜNE"": 9, ""Handwerker Partei Deutschland"": 2, ""SPD"": 73, ""Team Freiheit"": 2}"
mv:GEMEINDE:13071173,2026-09-20T17:20:05.289359+00:00,2026-09-20T17:12:21.930864+00:00,109,1,False,"{""AfD"": 66, ""BSW"": 5, ""CDU"": 1, ""Die Linke"": 1, ""SPD"": 34, ""Tierschutzpartei"": 1, ""ÖDP"": 1}"
mv:GEMEINDE:13071175,2026-09-20T17:20:05.289359+00:00,2026-09-20T17:12:21.930864+00:00,245,1,False,"{""AfD"": 107, ""BSW"": 8, ""CDU"": 8, ""Die Linke"": 16, ""Die PARTEI"": 1, ""FDP"": 2, ""FREIE WÄHLER"": 1, ""GRÜNE"": 16, ""Handwerker Partei Deutschland"": 3, ""SPD"": 79, ""Team Freiheit"": 2, ""Tierschutzpartei"": 2}"
mv:GEMEINDE:13071176,2026-09-20T17:20:05.289359+00:00,2026-09-20T17:12:21.930864+00:00,225,1,False,"{""AfD"": 97, ""BSW"": 14, ""CDU"": 16, ""Die Linke"": 6, ""GRÜNE"": 11, ""SPD"": 78, ""Team Freiheit"": 1, ""Tierschutzpartei"": 2}"
mv:GEMEINDE:13071761,2026-09-20T17:20:05.289359+00:00,2026-09-20T17:12:21.930864+00:00,533,1,False,"{""AfD"": 154, ""BSW"": 41, ""Bündnis C"": 2, ""CDU"": 46, ""Die Linke"": 30, ""FDP"": 2, ""FREIE WÄHLER"": 1, ""GRÜNE"": 26, ""Handwerker Partei Deutschland"": 4, ""SPD"": 221, ""Team Freiheit"": 1, ""Tierschutzpartei"": 4, ""Volt"": 1}"
mv:GEMEINDE:13072002,2026-09-20T17:20:05.289359+00:00,2026-09-20T17:12:21.930864+00:00,268,1,False,"{""AfD"": 117, ""BSW"": 10, ""CDU"": 8, ""Die Linke"": 13, ""FDP"": 1, ""GRÜNE"": 10, ""Handwerker Partei Deutschland"": 1, ""SPD"": 106, ""Tierschutzpartei"": 2}"
mv:GEMEINDE:13072008,2026-09-20T17:20:05.289359+00:00,2026-09-20T17:12:21.930864+00:00,507,1,False,"{""AfD"": 247, ""BSW"": 18, ""CDU"": 14, ""Die Linke"": 27, ""FDP"": 3, ""FREIE WÄHLER"": 1, ""GRÜNE"": 19, ""Handwerker Partei Deutschland"": 2, ""KPD"": 1, ""PIRATEN"": 1, ""SPD"": 162, ""Team Freiheit"": 1, ""Tierschutzpartei"": 9, ""WLD"": 1, ""ÖDP"": 1}"
mv:GEMEINDE:13072012,2026-09-20T17:20:05.289359+00:00,2026-09-20T17:12:21.930864+00:00,599,1,False,"{""AfD"": 267, ""BSW"": 50, ""CDU"": 20, ""Die Linke"": 32, ""FDP"": 8, ""FREIE WÄHLER"": 2, ""GRÜNE"": 33, ""Handwerker Partei Deutschland"": 2, ""PIRATEN"": 1, ""SPD"": 174, ""Team Freiheit"": 3, ""Tierschutzpartei"": 5, ""WLD"": 1, ""ÖDP"": 1}"
mv:GEMEINDE:13072013,2026-09-20T17:20:05.289359+00:00,2026-09-20T17:12:21.930864+00:00,236,1,False,"{""AfD"": 126, ""BSW"": 10, ""CDU"": 5, ""Die Linke"": 9, ""FDP"": 2, ""FREIE WÄHLER"": 1, ""GRÜNE"": 1, ""Handwerker Partei Deutschland"": 1, ""SPD"": 80, ""Team Freiheit"": 1}"
mv:GEMEINDE:13072014,2026-09-20T17:20:05.289359+00:00,2026-09-20T17:12:21.930864+00:00,274,1,False,"{""AfD"": 146, ""BSW"": 12, ""CDU"": 7, ""Die Linke"": 20, ""FDP"": 3, ""GRÜNE"": 9, ""PIRATEN"": 1, ""SPD"": 68, ""Team Freiheit"": 4, ""Tierschutzpartei"": 3, ""WLD"": 1}"
mv:GEMEINDE:13072017,2026-09-20T17:20:05.289359+00:00,2026-09-20T17:12:21.930864+00:00,379,1,False,"{""AfD"": 141, ""BSW"": 22, ""CDU"": 26, ""Die Linke"": 19, ""Die PARTEI"": 5, ""FDP"": 4, ""FREIE WÄHLER"": 1, ""GRÜNE"": 26, ""Handwerker Partei Deutschland"": 1, ""PdF"": 1, ""SPD"": 130, ""Tierschutzpartei"": 2, ""Volt"": 1}"
mv:GEMEINDE:13072022,2026-09-20T17:20:05.289359+00:00,2026-09-20T17:12:21.930864+00:00,283,1,False,"{""AfD"": 128, ""BSW"": 9, ""CDU"": 10, ""Die Linke"": 10, ""Die PARTEI"": 1, ""FDP"": 1, ""FREIE WÄHLER"": 1, ""GRÜNE"": 12, ""Handwerker Partei Deutschland"": 1, ""KPD"": 1, ""PIRATEN"": 1, ""SPD"": 104, ""Tierschutzpartei"": 4}"
mv:GEMEINDE:13072027,2026-09-20T17:20:05.289359+00:00,2026-09-20T17:12:21.930864+00:00,302,1,False,"{""AfD"": 128, ""BSW"": 10, ""CDU"": 10, ""Die Linke"": 15, ""Die PARTEI"": 1, ""FDP"": 5, ""GRÜNE"": 10, ""Handwerker Partei Deutschland"": 3, ""KPD"": 1, ""PdF"": 3, ""SPD"": 109, ""Team Freiheit"": 2, ""Tierschutzpartei"": 4, ""Volt"": 1}"
mv:GEMEINDE:13072029,2026-09-20T17:20:05.289359+00:00,2026-09-20T17:12:21.930864+00:00,341,1,False,"{""AfD"": 149, ""BSW"": 21, ""CDU"": 7, ""Die Linke"": 17, ""FDP"": 1, ""FREIE WÄHLER"": 1, ""GRÜNE"": 20, ""Handwerker Partei Deutschland"": 2, ""KPD"": 1, ""PIRATEN"": 1, ""PdF"": 1, ""SPD"": 111, ""Team Freiheit"": 1, ""Tierschutzpartei"": 7, ""Volt"": 1}"
mv:GEMEINDE:13072034,2026-09-20T17:20:05.289359+00:00,2026-09-20T17:12:21.930864+00:00,121,1,False,"{""AfD"": 64, ""BSW"": 11, ""CDU"": 1, ""Die Linke"": 6, ""Die PARTEI"": 1, ""FREIE WÄHLER"": 1, ""GRÜNE"": 7, ""SPD"": 27, ""WLD"": 2, ""ÖDP"": 1}"
mv:GEMEINDE:13072035,2026-09-20T17:20:05.289359+00:00,2026-09-20T17:12:21.930864+00:00,309,1,False,"{""AfD"": 187, ""BSW"": 14, ""CDU"": 10, ""Die Linke"": 7, ""FDP"": 1, ""FREIE WÄHLER"": 1, ""GRÜNE"": 2, ""KPD"": 1, ""PIRATEN"": 3, ""SPD"": 77, ""Tierschutzpartei"": 3, ""WLD"": 2, ""ÖDP"": 1}"
mv:GEMEINDE:13072040,2026-09-20T17:20:05.289359+00:00,2026-09-20T17:12:21.930864+00:00,566,1,False,"{""AfD"": 277, ""BSW"": 23, ""Bündnis C"": 2, ""CDU"": 26, ""Die Linke"": 16, ""FDP"": 7, ""FREIE WÄHLER"": 1, ""GRÜNE"": 10, ""PIRATEN"": 3, ""SPD"": 197, ""Team Freiheit"": 2, ""Tierschutzpartei"": 2}"
mv:GEMEINDE:13072047,2026-09-20T17:20:05.289359+00:00,2026-09-20T17:12:21.930864+00:00,444,1,False,"{""AfD"": 137, ""BSW"": 26, ""CDU"": 26, ""Die Linke"": 21, ""Die PARTEI"": 1, ""FDP"": 4, ""FREIE WÄHLER"": 4, ""GRÜNE"": 31, ""Handwerker Partei Deutschland"": 3, ""KPD"": 1, ""SPD"": 183, ""Team Freiheit"": 1, ""Tierschutzpartei"": 4, ""Volt"": 1, ""ÖDP"": 1}"
mv:GEMEINDE:13072048,2026-09-20T17:20:05.289359+00:00,2026-09-20T17:12:21.930864+00:00,320,1,False,"{""AfD"": 185, ""BSW"": 18, ""CDU"": 10, ""Die Linke"": 10, ""Die PARTEI"": 1, ""FDP"": 2, ""FREIE WÄHLER"": 2, ""GRÜNE"": 6, ""SPD"": 79, ""Tierschutzpartei"": 6, ""ÖDP"": 1}"
mv:GEMEINDE:13072053,2026-09-20T17:20:05.289359+00:00,2026-09-20T17:12:21.930864+00:00,461,2,False,"{""AfD"": 236, ""BSW"": 32, ""Bündnis C"": 1, ""CDU"": 13, ""Die Linke"": 19, ""Die PARTEI"": 1, ""FDP"": 4, ""FREIE WÄHLER"": 5, ""GRÜNE"": 10, ""Handwerker Partei Deutschland"": 1, ""PIRATEN"": 1, ""PdF"": 1, ""SPD"": 131, ""Team Freiheit"": 1, ""Tierschutzpartei"": 4, ""WLD"": 1}"
mv:GEMEINDE:13072055,2026-09-20T17:20:05.289359+00:00,2026-09-20T17:12:21.930864+00:00,132,1,False,"{""AfD"": 59, ""BSW"": 2, ""CDU"": 7, ""Die Linke"": 13, ""FREIE WÄHLER"": 1, ""GRÜNE"": 1, ""Handwerker Partei Deutschland"": 1, ""PIRATEN"": 1, ""SPD"": 47}"
mv:GEMEINDE:13072057,2026-09-20T17:20:05.289359+00:00,2026-09-20T17:12:21.930864+00:00,410,1,False,"{""AfD"": 132, ""BSW"": 22, ""CDU"": 36, ""Die Linke"": 20, ""Die PARTEI"": 1, ""FDP"": 4, ""FREIE WÄHLER"": 2, ""GRÜNE"": 48, ""Handwerker Partei Deutschland"": 3, ""PIRATEN"": 2, ""PdF"": 1, ""SPD"": 136, ""Tierschutzpartei"": 2, ""ÖDP"": 1}"
mv:GEMEINDE:13072058,2026-09-20T17:20:05.289359+00:00,2026-09-20T17:12:21.930864+00:00,671,1,False,"{""AfD"": 329, ""BSW"": 31, ""CDU"": 17, ""Die Linke"": 35, ""Die PARTEI"": 3, ""FDP"": 4, ""FREIE WÄHLER"": 1, ""GRÜNE"": 15, ""Handwerker Partei Deutschland"": 4, ""PIRATEN"": 3, ""PdF"": 1, ""SPD"": 213, ""Team Freiheit"": 1, ""Tierschutzpartei"": 13, ""ÖDP"": 1}"
mv:GEMEINDE:13072062,2026-09-20T17:20:05.289359+00:00,2026-09-20T17:12:21.930864+00:00,456,1,False,"{""AfD"": 187, ""BSW"": 20, ""CDU"": 16, ""Die Linke"": 35, ""Die PARTEI"": 1, ""FDP"": 6, ""FREIE WÄHLER"": 1, ""GRÜNE"": 12, ""Handwerker Partei Deutschland"": 6, ""KPD"": 1, ""PIRATEN"": 2, ""PdF"": 1, ""SPD"": 162, ""Team Freiheit"": 1, ""Tierschutzpartei"": 2, ""Volt"": 2, ""WLD"": 1}"
mv:GEMEINDE:13072069,2026-09-20T17:20:05.289359+00:00,2026-09-20T17:12:21.930864+00:00,554,1,False,"{""AfD"": 318, ""BSW"": 12, ""CDU"": 18, ""Die Linke"": 26, ""Die PARTEI"": 1, ""FDP"": 6, ""FREIE WÄHLER"": 2, ""GRÜNE"": 8, ""Handwerker Partei Deutschland"": 1, ""PIRATEN"": 2, ""SPD"": 131, ""Team Freiheit"": 3, ""Tierschutzpartei"": 23, ""Volt"": 1, ""ÖDP"": 2}"
mv:GEMEINDE:13072079,2026-09-20T17:20:05.289359+00:00,2026-09-20T17:12:21.930864+00:00,391,1,False,"{""AfD"": 194, ""BSW"": 25, ""CDU"": 6, ""Die Linke"": 13, ""Die PARTEI"": 1, ""FDP"": 5, ""FREIE WÄHLER"": 2, ""GRÜNE"": 11, ""Handwerker Partei Deutschland"": 2, ""KPD"": 1, ""SPD"": 125, ""Team Freiheit"": 2, ""Tierschutzpartei"": 3, ""WLD"": 1}"
mv:GEMEINDE:13072080,2026-09-20T17:20:05.289359+00:00,2026-09-20T17:12:21.930864+00:00,519,1,False,"{""AfD"": 195, ""BSW"": 31, ""CDU"": 23, ""Die Linke"": 29, ""Die PARTEI"": 3, ""FDP"": 4, ""FREIE WÄHLER"": 1, ""GRÜNE"": 45, ""Handwerker Partei Deutschland"": 2, ""SPD"": 181, ""Team Freiheit"": 3, ""Tierschutzpartei"": 1, ""WLD"": 1}"
mv:GEMEINDE:13072084,2026-09-20T17:20:05.289359+00:00,2026-09-20T17:12:21.930864+00:00,211,1,False,"{""AfD"": 92, ""BSW"": 13, ""CDU"": 10, ""Die Linke"": 13, ""FDP"": 2, ""GRÜNE"": 4, ""Handwerker Partei Deutschland"": 2, ""KPD"": 3, ""SPD"": 67, ""Tierschutzpartei"": 4, ""WLD"": 1}"
mv:GEMEINDE:13072091,2026-09-20T17:20:05.289359+00:00,2026-09-20T17:12:21.930864+00:00,814,1,False,"{""AfD"": 328, ""BSW"": 39, ""Bündnis C"": 1, ""CDU"": 29, ""Die Linke"": 41, ""FDP"": 10, ""FREIE WÄHLER"": 4, ""GRÜNE"": 29, ""Handwerker Partei Deutschland"": 5, ""PIRATEN"": 3, ""PdF"": 1, ""SPD"": 311, ""Tierschutzpartei"": 8, ""Volt"": 5}"
mv:GEMEINDE:13072093,2026-09-20T17:20:05.289359+00:00,2026-09-20T17:12:21.930864+00:00,447,1,False,"{""AfD"": 186, ""BSW"": 16, ""CDU"": 15, ""Die Linke"": 28, ""FDP"": 4, ""FREIE WÄHLER"": 2, ""GRÜNE"": 22, ""Handwerker Partei Deutschland"": 3, ""KPD"": 1, ""PIRATEN"": 2, ""SPD"": 162, ""Team Freiheit"": 2, ""Tierschutzpartei"": 4}"
mv:GEMEINDE:13072103,2026-09-20T17:20:05.289359+00:00,2026-09-20T17:12:21.930864+00:00,252,1,False,"{""AfD"": 120, ""BSW"": 15, ""CDU"": 18, ""Die Linke"": 6, ""Die PARTEI"": 1, ""FDP"": 1, ""FREIE WÄHLER"": 1, ""GRÜNE"": 4, ""Handwerker Partei Deutschland"": 2, ""KPD"": 1, ""PdF"": 4, ""SPD"": 77, ""Team Freiheit"": 1, ""Tierschutzpartei"": 1}"
mv:GEMEINDE:13072105,2026-09-20T17:20:05.289359+00:00,2026-09-20T17:12:21.930864+00:00,214,1,False,"{""AfD"": 105, ""BSW"": 12, ""CDU"": 11, ""Die Linke"": 8, ""FREIE WÄHLER"": 4, ""GRÜNE"": 3, ""KPD"": 1, ""PdF"": 2, ""SPD"": 65, ""Tierschutzpartei"": 2, ""Volt"": 1}"
mv:GEMEINDE:13072117,2026-09-20T17:20:05.289359+00:00,2026-09-20T17:12:21.930864+00:00,425,1,False,"{""AfD"": 197, ""BSW"": 28, ""CDU"": 20, ""Die Linke"": 24, ""Die PARTEI"": 2, ""FDP"": 4, ""FREIE WÄHLER"": 1, ""GRÜNE"": 20, ""Handwerker Partei Deutschland"": 1, ""PIRATEN"": 1, ""SPD"": 118, ""Tierschutzpartei"": 7, ""Volt"": 1, ""ÖDP"": 1}"
mv:GEMEINDE:13073030,2026-09-20T17:20:05.289359+00:00,2026-09-20T17:12:21.930864+00:00,455,1,False,"{""AfD"": 215, ""BSW"": 30, ""CDU"": 25, ""Die Linke"": 24, ""Die PARTEI"": 2, ""FDP"": 2, ""FREIE WÄHLER"": 1, ""GRÜNE"": 11, ""Handwerker Partei Deutschland"": 5, ""KPD"": 1, ""PIRATEN"": 1, ""SPD"": 130, ""Tierschutzpartei"": 8}"
mv:GEMEINDE:13073035,2026-09-20T17:20:05.289359+00:00,2026-09-20T17:12:21.930864+00:00,491,2,False,"{""AfD"": 280, ""BSW"": 29, ""CDU"": 14, ""Die Linke"": 18, ""FDP"": 5, ""GRÜNE"": 4, ""Handwerker Partei Deutschland"": 1, ""KPD"": 1, ""SPD"": 132, ""Tierschutzpartei"": 5, ""Volt"": 2}"
mv:GEMEINDE:13073039,2026-09-20T17:20:05.289359+00:00,2026-09-20T17:12:21.930864+00:00,64,1,False,"{""AfD"": 42, ""BSW"": 6, ""Die Linke"": 2, ""GRÜNE"": 2, ""PIRATEN"": 1, ""SPD"": 10, ""Tierschutzpartei"": 1}"
mv:GEMEINDE:13073049,2026-09-20T17:20:05.289359+00:00,2026-09-20T17:12:21.930864+00:00,139,1,False,"{""AfD"": 63, ""BSW"": 11, ""CDU"": 5, ""Die Linke"": 5, ""GRÜNE"": 6, ""Handwerker Partei Deutschland"": 3, ""PIRATEN"": 1, ""SPD"": 43, ""Team Freiheit"": 1, ""Tierschutzpartei"": 1}"
mv:GEMEINDE:13073050,2026-09-20T17:20:05.289359+00:00,2026-09-20T17:12:21.930864+00:00,285,1,False,"{""AfD"": 165, ""BSW"": 13, ""CDU"": 7, ""Die Linke"": 12, ""Die PARTEI"": 1, ""FDP"": 3, ""GRÜNE"": 10, ""PIRATEN"": 1, ""PdF"": 1, ""SPD"": 69, ""Team Freiheit"": 2, ""Tierschutzpartei"": 1}"
mv:GEMEINDE:13073053,2026-09-20T17:20:05.289359+00:00,2026-09-20T17:12:21.930864+00:00,306,1,False,"{""AfD"": 160, ""BSW"": 19, ""CDU"": 11, ""Die Linke"": 13, ""Die PARTEI"": 1, ""FDP"": 2, ""FREIE WÄHLER"": 3, ""GRÜNE"": 12, ""Handwerker Partei Deutschland"": 3, ""KPD"": 2, ""SPD"": 75, ""Team Freiheit"": 2, ""Tierschutzpartei"": 2, ""WLD"": 1}"
mv:GEMEINDE:13073059,2026-09-20T17:20:05.289359+00:00,2026-09-20T17:12:21.930864+00:00,154,1,False,"{""AfD"": 63, ""BSW"": 13, ""CDU"": 9, ""Die Linke"": 14, ""Die PARTEI"": 1, ""FDP"": 1, ""FREIE WÄHLER"": 1, ""GRÜNE"": 7, ""Handwerker Partei Deutschland"": 2, ""SPD"": 42, ""Team Freiheit"": 1}"
mv:GEMEINDE:13073062,2026-09-20T17:20:05.289359+00:00,2026-09-20T17:12:21.930864+00:00,251,1,False,"{""AfD"": 153, ""BSW"": 5, ""CDU"": 15, ""Die Linke"": 6, ""FDP"": 3, ""GRÜNE"": 12, ""Handwerker Partei Deutschland"": 2, ""KPD"": 1, ""SPD"": 53, ""Team Freiheit"": 1}"
mv:GEMEINDE:13073064,2026-09-20T17:20:05.289359+00:00,2026-09-20T17:12:21.930864+00:00,235,1,False,"{""AfD"": 114, ""BSW"": 20, ""CDU"": 7, ""Die Linke"": 8, ""GRÜNE"": 5, ""Handwerker Partei Deutschland"": 1, ""PdF"": 2, ""SPD"": 69, ""Team Freiheit"": 1, ""Tierschutzpartei"": 7, ""WLD"": 1}"
mv:GEMEINDE:13073068,2026-09-20T17:20:05.289359+00:00,2026-09-20T17:12:21.930864+00:00,367,1,False,"{""AfD"": 205, ""BSW"": 19, ""Bündnis C"": 1, ""CDU"": 9, ""Die Linke"": 9, ""FDP"": 2, ""FREIE WÄHLER"": 3, ""GRÜNE"": 12, ""Handwerker Partei Deutschland"": 2, ""SPD"": 102, ""Tierschutzpartei"": 3}"
mv:GEMEINDE:13073069,2026-09-20T17:20:05.289359+00:00,2026-09-20T17:12:21.930864+00:00,277,1,False,"{""AfD"": 137, ""BSW"": 14, ""CDU"": 4, ""Die Linke"": 6, ""FDP"": 9, ""FREIE WÄHLER"": 1, ""GRÜNE"": 9, ""Handwerker Partei Deutschland"": 1, ""PdF"": 1, ""SPD"": 90, ""Team Freiheit"": 1, ""Tierschutzpartei"": 4}"
mv:GEMEINDE:13073075,2026-09-20T17:20:05.289359+00:00,2026-09-20T17:12:21.930864+00:00,2055,4,False,"{""AfD"": 881, ""BSW"": 113, ""Bündnis C"": 1, ""CDU"": 78, ""Die Linke"": 114, ""Die PARTEI"": 4, ""FDP"": 16, ""FREIE WÄHLER"": 8, ""GRÜNE"": 78, ""Handwerker Partei Deutschland"": 9, ""KPD"": 1, ""PIRATEN"": 3, ""SPD"": 716, ""Tierschutzpartei"": 26, ""Volt"": 4, ""WLD"": 2, ""ÖDP"": 1}"
mv:GEMEINDE:13073077,2026-09-20T17:20:05.289359+00:00,2026-09-20T17:12:21.930864+00:00,217,1,False,"{""AfD"": 127, ""BSW"": 8, ""CDU"": 9, ""Die Linke"": 2, ""FDP"": 1, ""FREIE WÄHLER"": 2, ""GRÜNE"": 2, ""SPD"": 60, ""Tierschutzpartei"": 4, ""Volt"": 1, ""WLD"": 1}"
mv:GEMEINDE:13073080,2026-09-20T17:20:05.289359+00:00,2026-09-20T17:12:21.930864+00:00,583,1,False,"{""AfD"": 305, ""BSW"": 36, ""CDU"": 23, ""Die Linke"": 37, ""Die PARTEI"": 1, ""FDP"": 5, ""FREIE WÄHLER"": 1, ""GRÜNE"": 16, ""Handwerker Partei Deutschland"": 4, ""KPD"": 1, ""PIRATEN"": 1, ""SPD"": 141, ""Team Freiheit"": 1, ""Tierschutzpartei"": 11}"
mv:GEMEINDE:13073082,2026-09-20T17:20:05.289359+00:00,2026-09-20T17:12:21.930864+00:00,164,1,False,"{""AfD"": 81, ""BSW"": 6, ""CDU"": 1, ""Die Linke"": 6, ""Die PARTEI"": 2, ""FDP"": 3, ""GRÜNE"": 10, ""Handwerker Partei Deutschland"": 1, ""SPD"": 52, ""Team Freiheit"": 1, ""Tierschutzpartei"": 1}"
mv:GEMEINDE:13073084,2026-09-20T17:20:05.289359+00:00,2026-09-20T17:12:21.930864+00:00,423,1,False,"{""AfD"": 195, ""BSW"": 18, ""CDU"": 17, ""Die Linke"": 21, ""FREIE WÄHLER"": 1, ""GRÜNE"": 13, ""PIRATEN"": 1, ""SPD"": 146, ""Team Freiheit"": 2, ""Tierschutzpartei"": 7, ""Volt"": 2}"
mv:GEMEINDE:13073085,2026-09-20T17:20:05.289359+00:00,2026-09-20T17:12:21.930864+00:00,328,1,False,"{""AfD"": 147, ""BSW"": 19, ""CDU"": 20, ""Die Linke"": 14, ""FDP"": 4, ""FREIE WÄHLER"": 1, ""GRÜNE"": 8, ""Handwerker Partei Deutschland"": 3, ""KPD"": 1, ""SPD"": 104, ""Team Freiheit"": 2, ""Tierschutzpartei"": 5}"
mv:GEMEINDE:13073086,2026-09-20T17:20:05.289359+00:00,2026-09-20T17:12:21.930864+00:00,246,1,False,"{""AfD"": 163, ""BSW"": 7, ""CDU"": 8, ""Die Linke"": 6, ""FDP"": 3, ""GRÜNE"": 5, ""SPD"": 53, ""Tierschutzpartei"": 1}"
mv:GEMEINDE:13073088,2026-09-20T17:20:05.289359+00:00,2026-09-20T17:12:21.930864+00:00,3371,5,False,"{""AfD"": 1541, ""BSW"": 147, ""Bündnis C"": 7, ""CDU"": 123, ""Die Linke"": 185, ""Die PARTEI"": 13, ""FDP"": 21, ""FREIE WÄHLER"": 9, ""GRÜNE"": 129, ""Handwerker Partei Deutschland"": 11, ""KPD"": 2, ""PIRATEN"": 11, ""PdF"": 4, ""SPD"": 1074, ""Team Freiheit"": 17, ""Tierschutzpartei"": 62, ""Volt"": 10, ""WLD"": 3, ""ÖDP"": 2}"
mv:GEMEINDE:13073096,2026-09-20T17:20:05.289359+00:00,2026-09-20T17:12:21.930864+00:00,374,1,False,"{""AfD"": 196, ""CDU"": 18, ""Die Linke"": 9, ""Die PARTEI"": 2, ""FDP"": 4, ""FREIE WÄHLER"": 2, ""GRÜNE"": 17, ""PIRATEN"": 1, ""PdF"": 1, ""SPD"": 109, ""Team Freiheit"": 2, ""Tierschutzpartei"": 2, ""ÖDP"": 11}"
mv:GEMEINDE:13073100,2026-09-20T17:20:05.289359+00:00,2026-09-20T17:12:21.930864+00:00,363,1,False,"{""AfD"": 172, ""BSW"": 9, ""CDU"": 22, ""Die Linke"": 4, ""FDP"": 3, ""FREIE WÄHLER"": 1, ""GRÜNE"": 26, ""Handwerker Partei Deutschland"": 3, ""PIRATEN"": 1, ""SPD"": 119, ""Team Freiheit"": 2, ""Volt"": 1}"
mv:GEMEINDE:13073107,2026-09-20T17:20:05.289359+00:00,2026-09-20T17:12:21.930864+00:00,514,2,False,"{""AfD"": 217, ""BSW"": 26, ""Bündnis C"": 1, ""CDU"": 21, ""Die Linke"": 18, ""Die PARTEI"": 3, ""FDP"": 5, ""FREIE WÄHLER"": 1, ""GRÜNE"": 26, ""Handwerker Partei Deutschland"": 3, ""KPD"": 3, ""PIRATEN"": 4, ""SPD"": 178, ""Team Freiheit"": 2, ""Tierschutzpartei"": 5, ""Volt"": 1}"
mv:GEMEINDE:13074008,2026-09-20T17:20:05.289359+00:00,2026-09-20T17:12:21.930864+00:00,337,1,False,"{""AfD"": 128, ""BSW"": 21, ""Bündnis C"": 2, ""CDU"": 14, ""Die Linke"": 25, ""FDP"": 5, ""FREIE WÄHLER"": 1, ""GRÜNE"": 19, ""SPD"": 120, ""Tierschutzpartei"": 1, ""Volt"": 1}"
mv:GEMEINDE:13074017,2026-09-20T17:20:05.289359+00:00,2026-09-20T17:12:21.930864+00:00,315,1,False,"{""AfD"": 79, ""BSW"": 10, ""CDU"": 28, ""Die Linke"": 19, ""Die PARTEI"": 1, ""FDP"": 6, ""FREIE WÄHLER"": 1, ""GRÜNE"": 53, ""Handwerker Partei Deutschland"": 1, ""SPD"": 114, ""Tierschutzpartei"": 3}"
mv:GEMEINDE:13074019,2026-09-20T17:20:05.289359+00:00,2026-09-20T17:12:21.930864+00:00,383,1,False,"{""AfD"": 182, ""BSW"": 17, ""CDU"": 8, ""Die Linke"": 21, ""FDP"": 2, ""FREIE WÄHLER"": 2, ""GRÜNE"": 7, ""Handwerker Partei Deutschland"": 1, ""KPD"": 1, ""PdF"": 1, ""SPD"": 138, ""Tierschutzpartei"": 2, ""ÖDP"": 1}"
mv:GEMEINDE:13074026,2026-09-20T17:20:05.289359+00:00,2026-09-20T17:12:21.930864+00:00,641,1,False,"{""AfD"": 282, ""BSW"": 31, ""CDU"": 17, ""Die Linke"": 49, ""Die PARTEI"": 2, ""FDP"": 1, ""FREIE WÄHLER"": 1, ""GRÜNE"": 18, ""Handwerker Partei Deutschland"": 8, ""PIRATEN"": 4, ""SPD"": 219, ""Team Freiheit"": 2, ""Tierschutzpartei"": 7}"
mv:GEMEINDE:13074030,2026-09-20T17:20:05.289359+00:00,2026-09-20T17:12:21.930864+00:00,301,1,False,"{""AfD"": 108, ""BSW"": 16, ""Bündnis C"": 1, ""CDU"": 8, ""Die Linke"": 22, ""FDP"": 3, ""FREIE WÄHLER"": 3, ""GRÜNE"": 13, ""Handwerker Partei Deutschland"": 2, ""SPD"": 116, ""Tierschutzpartei"": 8, ""Volt"": 1}"
mv:GEMEINDE:13074033,2026-09-20T17:20:05.289359+00:00,2026-09-20T17:12:21.930864+00:00,247,1,False,"{""AfD"": 105, ""BSW"": 17, ""CDU"": 3, ""Die Linke"": 16, ""FDP"": 1, ""FREIE WÄHLER"": 2, ""GRÜNE"": 2, ""Handwerker Partei Deutschland"": 3, ""PIRATEN"": 1, ""PdF"": 1, ""SPD"": 89, ""Team Freiheit"": 1, ""Tierschutzpartei"": 6}"
mv:GEMEINDE:13074042,2026-09-20T17:20:05.289359+00:00,2026-09-20T17:12:21.930864+00:00,196,1,False,"{""AfD"": 86, ""BSW"": 6, ""CDU"": 6, ""Die Linke"": 12, ""FDP"": 2, ""GRÜNE"": 11, ""Handwerker Partei Deutschland"": 1, ""KPD"": 1, ""PdF"": 1, ""SPD"": 66, ""Team Freiheit"": 1, ""Tierschutzpartei"": 2, ""WLD"": 1}"
mv:GEMEINDE:13074043,2026-09-20T17:20:05.289359+00:00,2026-09-20T17:12:21.930864+00:00,429,1,False,"{""AfD"": 210, ""BSW"": 26, ""CDU"": 15, ""Die Linke"": 11, ""Die PARTEI"": 3, ""FDP"": 7, ""GRÜNE"": 8, ""PIRATEN"": 2, ""SPD"": 137, ""Team Freiheit"": 1, ""Tierschutzpartei"": 7, ""Volt"": 2}"
mv:GEMEINDE:13074062,2026-09-20T17:20:05.289359+00:00,2026-09-20T17:12:21.930864+00:00,280,1,False,"{""AfD"": 73, ""BSW"": 22, ""CDU"": 13, ""Die Linke"": 17, ""FDP"": 6, ""FREIE WÄHLER"": 1, ""GRÜNE"": 27, ""Handwerker Partei Deutschland"": 1, ""SPD"": 114, ""Team Freiheit"": 3, ""Tierschutzpartei"": 2, ""ÖDP"": 1}"
mv:GEMEINDE:13074065,2026-09-20T17:20:05.289359+00:00,2026-09-20T17:12:21.930864+00:00,118,1,False,"{""AfD"": 67, ""BSW"": 7, ""CDU"": 1, ""Die Linke"": 4, ""Die PARTEI"": 2, ""GRÜNE"": 5, ""PdF"": 1, ""SPD"": 27, ""Team Freiheit"": 1, ""Tierschutzpartei"": 2, ""ÖDP"": 1}"
mv:GEMEINDE:13074071,2026-09-20T17:20:05.289359+00:00,2026-09-20T17:12:21.930864+00:00,285,1,False,"{""AfD"": 132, ""BSW"": 16, ""CDU"": 19, ""Die Linke"": 7, ""Die PARTEI"": 1, ""FDP"": 7, ""FREIE WÄHLER"": 2, ""GRÜNE"": 13, ""Handwerker Partei Deutschland"": 2, ""SPD"": 81, ""Team Freiheit"": 1, ""Tierschutzpartei"": 3, ""ÖDP"": 1}"
mv:GEMEINDE:13074087,2026-09-20T17:20:05.289359+00:00,2026-09-20T17:12:21.930864+00:00,917,2,False,"{""AfD"": 371, ""BSW"": 36, ""Bündnis C"": 1, ""CDU"": 18, ""Die Linke"": 50, ""Die PARTEI"": 3, ""FDP"": 12, ""FREIE WÄHLER"": 3, ""GRÜNE"": 30, ""Handwerker Partei Deutschland"": 2, ""KPD"": 1, ""PIRATEN"": 2, ""PdF"": 1, ""SPD"": 382, ""Team Freiheit"": 1, ""Tierschutzpartei"": 3, ""Volt"": 1}"
mv:GEMEINDE:13074092,2026-09-20T17:20:05.289359+00:00,2026-09-20T17:12:21.930864+00:00,215,1,False,"{""AfD"": 92, ""BSW"": 8, ""CDU"": 10, ""Die Linke"": 11, ""FREIE WÄHLER"": 1, ""GRÜNE"": 8, ""PIRATEN"": 1, ""PdF"": 1, ""SPD"": 82, ""Team Freiheit"": 1}"
mv:GEMEINDE:13074753,2026-09-20T17:20:05.289359+00:00,2026-09-20T17:12:21.930864+00:00,440,1,False,"{""AfD"": 127, ""BSW"": 25, ""CDU"": 40, ""Die Linke"": 43, ""Die PARTEI"": 3, ""FDP"": 2, ""FREIE WÄHLER"": 4, ""GRÜNE"": 14, ""Handwerker Partei Deutschland"": 1, ""KPD"": 1, ""PIRATEN"": 1, ""SPD"": 168, ""Team Freiheit"": 3, ""Tierschutzpartei"": 7, ""ÖDP"": 1}"
mv:GEMEINDE:13075005,2026-09-20T17:20:05.289359+00:00,2026-09-20T17:12:21.930864+00:00,501,1,False,"{""AfD"": 282, ""BSW"": 22, ""CDU"": 7, ""Die Linke"": 21, ""FDP"": 1, ""GRÜNE"": 11, ""Handwerker Partei Deutschland"": 2, ""KPD"": 1, ""PIRATEN"": 1, ""PdF"": 1, ""SPD"": 145, ""Team Freiheit"": 1, ""Tierschutzpartei"": 6}"
mv:GEMEINDE:13075009,2026-09-20T17:20:05.289359+00:00,2026-09-20T17:12:21.930864+00:00,460,1,False,"{""AfD"": 300, ""BSW"": 16, ""CDU"": 17, ""Die Linke"": 13, ""FDP"": 4, ""GRÜNE"": 5, ""SPD"": 101, ""Team Freiheit"": 1, ""Tierschutzpartei"": 3}"
mv:GEMEINDE:13075011,2026-09-20T17:20:05.289359+00:00,2026-09-20T17:12:21.930864+00:00,155,1,False,"{""AfD"": 88, ""BSW"": 6, ""CDU"": 4, ""Die Linke"": 4, ""FDP"": 2, ""GRÜNE"": 4, ""Handwerker Partei Deutschland"": 3, ""KPD"": 1, ""PIRATEN"": 1, ""SPD"": 42}"
mv:GEMEINDE:13075012,2026-09-20T17:20:05.289359+00:00,2026-09-20T17:12:21.930864+00:00,130,1,False,"{""AfD"": 64, ""BSW"": 5, ""CDU"": 14, ""Die Linke"": 6, ""FDP"": 1, ""FREIE WÄHLER"": 3, ""GRÜNE"": 2, ""SPD"": 35}"
mv:GEMEINDE:13075039,2026-09-20T17:20:05.289359+00:00,2026-09-20T17:12:21.930864+00:00,907,3,False,"{""AfD"": 329, ""BSW"": 47, ""Bündnis C"": 1, ""CDU"": 33, ""Die Linke"": 78, ""Die PARTEI"": 3, ""FDP"": 16, ""FREIE WÄHLER"": 2, ""GRÜNE"": 84, ""Handwerker Partei Deutschland"": 5, ""PIRATEN"": 1, ""PdF"": 1, ""SPD"": 289, ""Team Freiheit"": 3, ""Tierschutzpartei"": 11, ""WLD"": 2, ""ÖDP"": 2}"
mv:GEMEINDE:13075049,2026-09-20T17:20:05.289359+00:00,2026-09-20T17:12:21.930864+00:00,1032,2,False,"{""AfD"": 560, ""BSW"": 32, ""Bündnis C"": 1, ""CDU"": 47, ""Die Linke"": 31, ""Die PARTEI"": 3, ""FDP"": 9, ""FREIE WÄHLER"": 5, ""GRÜNE"": 30, ""Handwerker Partei Deutschland"": 1, ""SPD"": 294, ""Tierschutzpartei"": 14, ""Volt"": 1, ""ÖDP"": 4}"
mv:GEMEINDE:13075067,2026-09-20T17:20:05.289359+00:00,2026-09-20T17:12:21.930864+00:00,36,1,False,"{""AfD"": 12, ""BSW"": 4, ""CDU"": 2, ""Die Linke"": 4, ""FDP"": 1, ""SPD"": 13}"
mv:GEMEINDE:13075070,2026-09-20T17:20:05.289359+00:00,2026-09-20T17:12:21.930864+00:00,330,1,False,"{""AfD"": 212, ""BSW"": 11, ""Bündnis C"": 2, ""CDU"": 6, ""Die Linke"": 10, ""FDP"": 3, ""GRÜNE"": 4, ""Handwerker Partei Deutschland"": 1, ""PIRATEN"": 1, ""SPD"": 78, ""Tierschutzpartei"": 2}"
mv:GEMEINDE:13075089,2026-09-20T17:20:05.289359+00:00,2026-09-20T17:12:21.930864+00:00,245,1,False,"{""AfD"": 133, ""BSW"": 7, ""Bündnis C"": 1, ""CDU"": 7, ""Die Linke"": 10, ""Die PARTEI"": 1, ""FDP"": 3, ""FREIE WÄHLER"": 2, ""GRÜNE"": 6, ""Handwerker Partei Deutschland"": 1, ""KPD"": 1, ""PIRATEN"": 3, ""SPD"": 67, ""Team Freiheit"": 1, ""Tierschutzpartei"": 2}"
mv:GEMEINDE:13075092,2026-09-20T17:20:05.289359+00:00,2026-09-20T17:12:21.930864+00:00,382,1,False,"{""AfD"": 245, ""BSW"": 13, ""CDU"": 16, ""Die Linke"": 15, ""FDP"": 2, ""FREIE WÄHLER"": 1, ""GRÜNE"": 4, ""Handwerker Partei Deutschland"": 1, ""PIRATEN"": 1, ""SPD"": 76, ""Tierschutzpartei"": 8}"
mv:GEMEINDE:13075093,2026-09-20T17:20:05.289359+00:00,2026-09-20T17:12:21.930864+00:00,415,1,False,"{""AfD"": 201, ""BSW"": 13, ""CDU"": 19, ""Die Linke"": 6, ""Die PARTEI"": 1, ""FDP"": 3, ""GRÜNE"": 11, ""Handwerker Partei Deutschland"": 1, ""PIRATEN"": 1, ""SPD"": 154, ""Tierschutzpartei"": 3, ""Volt"": 1, ""ÖDP"": 1}"
mv:GEMEINDE:13075103,2026-09-20T17:20:05.289359+00:00,2026-09-20T17:12:21.930864+00:00,92,1,False,"{""AfD"": 48, ""BSW"": 2, ""CDU"": 5, ""Die Linke"": 2, ""Die PARTEI"": 1, ""FDP"": 2, ""GRÜNE"": 1, ""KPD"": 1, ""PIRATEN"": 1, ""PdF"": 1, ""SPD"": 24, ""Team Freiheit"": 2, ""Tierschutzpartei"": 2}"
mv:GEMEINDE:13075105,2026-09-20T17:20:05.289359+00:00,2026-09-20T17:12:21.930864+00:00,1144,2,False,"{""AfD"": 562, ""BSW"": 51, ""Bündnis C"": 1, ""CDU"": 46, ""Die Linke"": 59, ""Die PARTEI"": 2, ""FDP"": 2, ""FREIE WÄHLER"": 3, ""GRÜNE"": 25, ""Handwerker Partei Deutschland"": 4, ""KPD"": 2, ""PIRATEN"": 2, ""PdF"": 2, ""SPD"": 352, ""Team Freiheit"": 6, ""Tierschutzpartei"": 22, ""Volt"": 1, ""WLD"": 1, ""ÖDP"": 1}"
mv:GEMEINDE:13075107,2026-09-20T17:20:05.289359+00:00,2026-09-20T17:12:21.930864+00:00,152,2,False,"{""AfD"": 74, ""BSW"": 5, ""CDU"": 13, ""Die Linke"": 3, ""GRÜNE"": 4, ""SPD"": 52, ""Team Freiheit"": 1}"
mv:GEMEINDE:13075109,2026-09-20T17:20:05.289359+00:00,2026-09-20T17:12:21.930864+00:00,140,1,False,"{""AfD"": 73, ""BSW"": 7, ""Bündnis C"": 1, ""CDU"": 9, ""Die Linke"": 7, ""FDP"": 2, ""GRÜNE"": 4, ""Handwerker Partei Deutschland"": 1, ""SPD"": 34, ""Tierschutzpartei"": 2}"
mv:GEMEINDE:13075111,2026-09-20T17:20:05.289359+00:00,2026-09-20T17:12:21.930864+00:00,317,1,False,"{""AfD"": 195, ""BSW"": 9, ""Bündnis C"": 1, ""CDU"": 12, ""Die Linke"": 10, ""Die PARTEI"": 1, ""GRÜNE"": 8, ""KPD"": 1, ""PIRATEN"": 2, ""SPD"": 70, ""Tierschutzpartei"": 8}"
mv:GEMEINDE:13075121,2026-09-20T17:20:05.289359+00:00,2026-09-20T17:12:21.930864+00:00,375,1,False,"{""AfD"": 214, ""BSW"": 23, ""Bündnis C"": 2, ""CDU"": 10, ""Die Linke"": 19, ""Die PARTEI"": 1, ""FDP"": 8, ""FREIE WÄHLER"": 1, ""GRÜNE"": 5, ""PdF"": 2, ""SPD"": 86, ""Tierschutzpartei"": 2, ""WLD"": 2}"
mv:GEMEINDE:13075124,2026-09-20T17:20:05.289359+00:00,2026-09-20T17:12:21.930864+00:00,247,1,False,"{""AfD"": 151, ""BSW"": 6, ""CDU"": 12, ""Die Linke"": 7, ""Die PARTEI"": 1, ""FDP"": 3, ""GRÜNE"": 1, ""Handwerker Partei Deutschland"": 2, ""SPD"": 53, ""Team Freiheit"": 1, ""Tierschutzpartei"": 6, ""Volt"": 1, ""ÖDP"": 3}"
mv:GEMEINDE:13075126,2026-09-20T17:20:05.289359+00:00,2026-09-20T17:12:21.930864+00:00,228,1,False,"{""AfD"": 155, ""BSW"": 10, ""CDU"": 7, ""Die Linke"": 3, ""FDP"": 1, ""GRÜNE"": 3, ""SPD"": 46, ""Team Freiheit"": 2, ""Tierschutzpartei"": 1}"
mv:GEMEINDE:13075127,2026-09-20T17:20:05.289359+00:00,2026-09-20T17:12:21.930864+00:00,471,1,False,"{""AfD"": 252, ""BSW"": 15, ""CDU"": 14, ""Die Linke"": 11, ""FDP"": 15, ""FREIE WÄHLER"": 3, ""GRÜNE"": 11, ""Handwerker Partei Deutschland"": 3, ""SPD"": 136, ""Tierschutzpartei"": 9, ""Volt"": 1, ""WLD"": 1}"
mv:GEMEINDE:13075136,2026-09-20T17:20:05.289359+00:00,2026-09-20T17:12:21.930864+00:00,1344,3,False,"{""AfD"": 674, ""BSW"": 46, ""Bündnis C"": 1, ""CDU"": 74, ""Die Linke"": 42, ""Die PARTEI"": 4, ""FDP"": 19, ""FREIE WÄHLER"": 1, ""GRÜNE"": 24, ""Handwerker Partei Deutschland"": 7, ""PIRATEN"": 1, ""SPD"": 438, ""Team Freiheit"": 6, ""Tierschutzpartei"": 3, ""Volt"": 1, ""WLD"": 3}"
mv:GEMEINDE:13075137,2026-09-20T17:20:05.289359+00:00,2026-09-20T17:12:21.930864+00:00,765,1,False,"{""AfD"": 476, ""BSW"": 36, ""Bündnis C"": 1, ""CDU"": 31, ""Die Linke"": 33, ""Die PARTEI"": 2, ""FDP"": 5, ""GRÜNE"": 12, ""Handwerker Partei Deutschland"": 1, ""KPD"": 1, ""PIRATEN"": 1, ""PdF"": 1, ""SPD"": 158, ""Team Freiheit"": 1, ""Tierschutzpartei"": 6}"
mv:GEMEINDE:13075138,2026-09-20T17:20:05.289359+00:00,2026-09-20T17:12:21.930864+00:00,116,1,False,"{""AfD"": 72, ""BSW"": 1, ""CDU"": 4, ""Die Linke"": 5, ""Die PARTEI"": 1, ""GRÜNE"": 3, ""PIRATEN"": 2, ""SPD"": 26, ""Tierschutzpartei"": 2}"
mv:GEMEINDE:13075141,2026-09-20T17:20:05.289359+00:00,2026-09-20T17:12:21.930864+00:00,270,1,False,"{""AfD"": 147, ""BSW"": 9, ""CDU"": 3, ""Die Linke"": 15, ""FDP"": 2, ""GRÜNE"": 11, ""SPD"": 77, ""Team Freiheit"": 2, ""Tierschutzpartei"": 4}"
mv:GEMEINDE:13075144,2026-09-20T17:20:05.289359+00:00,2026-09-20T17:12:21.930864+00:00,245,1,False,"{""AfD"": 131, ""BSW"": 3, ""CDU"": 8, ""Die Linke"": 7, ""Die PARTEI"": 1, ""FDP"": 2, ""FREIE WÄHLER"": 1, ""GRÜNE"": 6, ""Handwerker Partei Deutschland"": 3, ""SPD"": 79, ""Tierschutzpartei"": 4}"
mv:GEMEINDE:13075148,2026-09-20T17:20:05.289359+00:00,2026-09-20T17:12:21.930864+00:00,478,1,False,"{""AfD"": 249, ""BSW"": 23, ""CDU"": 16, ""Die Linke"": 17, ""Die PARTEI"": 2, ""FDP"": 5, ""GRÜNE"": 10, ""PIRATEN"": 1, ""SPD"": 146, ""Team Freiheit"": 2, ""Tierschutzpartei"": 7}"
mv:GEMEINDE:13076004,2026-09-20T17:20:05.289359+00:00,2026-09-20T17:12:21.930864+00:00,304,1,False,"{""AfD"": 133, ""BSW"": 18, ""Bündnis C"": 1, ""CDU"": 12, ""Die Linke"": 14, ""FDP"": 4, ""FREIE WÄHLER"": 1, ""GRÜNE"": 11, ""Handwerker Partei Deutschland"": 1, ""KPD"": 1, ""PIRATEN"": 1, ""SPD"": 103, ""Team Freiheit"": 1, ""Tierschutzpartei"": 3}"
mv:GEMEINDE:13076007,2026-09-20T17:20:05.289359+00:00,2026-09-20T17:12:21.930864+00:00,254,1,False,"{""AfD"": 88, ""BSW"": 10, ""CDU"": 18, ""Die Linke"": 13, ""Die PARTEI"": 1, ""FDP"": 3, ""GRÜNE"": 10, ""Handwerker Partei Deutschland"": 1, ""SPD"": 105, ""Team Freiheit"": 1, ""Tierschutzpartei"": 2, ""Volt"": 2}"
mv:GEMEINDE:13076008,2026-09-20T17:20:05.289359+00:00,2026-09-20T17:12:21.930864+00:00,124,1,False,"{""AfD"": 63, ""BSW"": 4, ""CDU"": 11, ""Die Linke"": 5, ""FDP"": 3, ""GRÜNE"": 2, ""SPD"": 36}"
mv:GEMEINDE:13076010,2026-09-20T17:20:05.289359+00:00,2026-09-20T17:12:21.930864+00:00,252,1,False,"{""AfD"": 101, ""BSW"": 15, ""CDU"": 14, ""Die Linke"": 14, ""FDP"": 1, ""FREIE WÄHLER"": 1, ""GRÜNE"": 8, ""Handwerker Partei Deutschland"": 1, ""SPD"": 91, ""WLD"": 6}"
mv:GEMEINDE:13076012,2026-09-20T17:20:05.289359+00:00,2026-09-20T17:12:21.930864+00:00,254,1,False,"{""AfD"": 147, ""BSW"": 15, ""CDU"": 7, ""Die Linke"": 12, ""FDP"": 1, ""GRÜNE"": 3, ""SPD"": 67, ""Tierschutzpartei"": 2}"
mv:GEMEINDE:13076013,2026-09-20T17:20:05.289359+00:00,2026-09-20T17:12:21.930864+00:00,151,1,False,"{""AfD"": 67, ""BSW"": 13, ""CDU"": 8, ""Die Linke"": 4, ""PdF"": 1, ""SPD"": 53, ""Tierschutzpartei"": 1, ""WLD"": 4}"
mv:GEMEINDE:13076017,2026-09-20T17:20:05.289359+00:00,2026-09-20T17:12:21.930864+00:00,244,1,False,"{""AfD"": 128, ""BSW"": 4, ""CDU"": 7, ""Die Linke"": 8, ""Die PARTEI"": 1, ""FDP"": 3, ""FREIE WÄHLER"": 2, ""GRÜNE"": 2, ""Handwerker Partei Deutschland"": 1, ""SPD"": 85, ""Team Freiheit"": 1, ""Tierschutzpartei"": 2}"
mv:GEMEINDE:13076019,2026-09-20T17:20:05.289359+00:00,2026-09-20T17:12:21.930864+00:00,155,1,False,"{""AfD"": 75, ""BSW"": 6, ""CDU"": 4, ""Die Linke"": 3, ""Die PARTEI"": 1, ""FDP"": 1, ""FREIE WÄHLER"": 1, ""GRÜNE"": 4, ""Handwerker Partei Deutschland"": 1, ""SPD"": 53, ""Team Freiheit"": 1, ""Tierschutzpartei"": 3, ""ÖDP"": 2}"
mv:GEMEINDE:13076020,2026-09-20T17:20:05.289359+00:00,2026-09-20T17:12:21.930864+00:00,637,1,False,"{""AfD"": 325, ""BSW"": 25, ""CDU"": 13, ""Die Linke"": 29, ""Die PARTEI"": 2, ""FDP"": 8, ""FREIE WÄHLER"": 1, ""GRÜNE"": 15, ""Handwerker Partei Deutschland"": 2, ""PIRATEN"": 1, ""SPD"": 205, ""Team Freiheit"": 3, ""Tierschutzpartei"": 6, ""Volt"": 2}"
mv:GEMEINDE:13076023,2026-09-20T17:20:05.289359+00:00,2026-09-20T17:12:21.930864+00:00,183,1,False,"{""AfD"": 91, ""BSW"": 15, ""CDU"": 9, ""Die Linke"": 8, ""FDP"": 2, ""FREIE WÄHLER"": 2, ""GRÜNE"": 10, ""SPD"": 43, ""Tierschutzpartei"": 3}"
mv:GEMEINDE:13076024,2026-09-20T17:20:05.289359+00:00,2026-09-20T17:12:21.930864+00:00,321,1,False,"{""AfD"": 159, ""BSW"": 15, ""Bündnis C"": 1, ""CDU"": 28, ""Die Linke"": 6, ""FDP"": 2, ""GRÜNE"": 10, ""Handwerker Partei Deutschland"": 2, ""SPD"": 94, ""Tierschutzpartei"": 1, ""Volt"": 1, ""WLD"": 2}"
mv:GEMEINDE:13076029,2026-09-20T17:20:05.289359+00:00,2026-09-20T17:12:21.930864+00:00,467,1,False,"{""AfD"": 248, ""BSW"": 30, ""CDU"": 11, ""Die Linke"": 14, ""Die PARTEI"": 1, ""FDP"": 2, ""GRÜNE"": 19, ""PIRATEN"": 3, ""SPD"": 132, ""Team Freiheit"": 2, ""Tierschutzpartei"": 5}"
mv:GEMEINDE:13076037,2026-09-20T17:20:05.289359+00:00,2026-09-20T17:12:21.930864+00:00,633,1,False,"{""AfD"": 328, ""BSW"": 30, ""Bündnis C"": 2, ""CDU"": 33, ""Die Linke"": 13, ""Die PARTEI"": 2, ""FDP"": 4, ""FREIE WÄHLER"": 9, ""GRÜNE"": 6, ""Handwerker Partei Deutschland"": 4, ""KPD"": 2, ""SPD"": 193, ""Tierschutzpartei"": 4, ""WLD"": 3}"
mv:GEMEINDE:13076040,2026-09-20T17:20:05.289359+00:00,2026-09-20T17:12:21.930864+00:00,242,1,False,"{""AfD"": 130, ""BSW"": 11, ""CDU"": 12, ""Die Linke"": 11, ""FDP"": 1, ""GRÜNE"": 6, ""PIRATEN"": 1, ""SPD"": 64, ""Team Freiheit"": 1, ""Tierschutzpartei"": 2, ""WLD"": 3}"
mv:GEMEINDE:13076049,2026-09-20T17:20:05.289359+00:00,2026-09-20T17:12:21.930864+00:00,224,1,False,"{""AfD"": 94, ""CDU"": 5, ""Die Linke"": 8, ""FDP"": 5, ""FREIE WÄHLER"": 2, ""GRÜNE"": 7, ""Handwerker Partei Deutschland"": 6, ""KPD"": 1, ""SPD"": 92, ""Tierschutzpartei"": 3, ""Volt"": 1}"
mv:GEMEINDE:13076053,2026-09-20T17:20:05.289359+00:00,2026-09-20T17:12:21.930864+00:00,324,1,False,"{""AfD"": 171, ""BSW"": 10, ""Bündnis C"": 2, ""CDU"": 10, ""Die Linke"": 10, ""Die PARTEI"": 1, ""FDP"": 1, ""FREIE WÄHLER"": 1, ""GRÜNE"": 9, ""SPD"": 105, ""Team Freiheit"": 1, ""Tierschutzpartei"": 3}"
mv:GEMEINDE:13076060,2026-09-20T17:20:05.289359+00:00,2026-09-20T17:12:21.930864+00:00,1195,3,False,"{""AfD"": 336, ""BSW"": 57, ""CDU"": 74, ""Die Linke"": 81, ""Die PARTEI"": 1, ""FDP"": 17, ""FREIE WÄHLER"": 2, ""GRÜNE"": 44, ""Handwerker Partei Deutschland"": 5, ""PIRATEN"": 1, ""PdF"": 1, ""SPD"": 558, ""Team Freiheit"": 1, ""Tierschutzpartei"": 15, ""WLD"": 2}"
mv:GEMEINDE:13076065,2026-09-20T17:20:05.289359+00:00,2026-09-20T17:12:21.930864+00:00,95,1,False,"{""AfD"": 60, ""BSW"": 4, ""CDU"": 1, ""Die Linke"": 5, ""GRÜNE"": 1, ""Handwerker Partei Deutschland"": 1, ""PIRATEN"": 2, ""SPD"": 20, ""ÖDP"": 1}"
mv:GEMEINDE:13076070,2026-09-20T17:20:05.289359+00:00,2026-09-20T17:12:21.930864+00:00,368,1,False,"{""AfD"": 175, ""BSW"": 15, ""CDU"": 11, ""Die Linke"": 9, ""Die PARTEI"": 1, ""FDP"": 6, ""FREIE WÄHLER"": 1, ""GRÜNE"": 6, ""Handwerker Partei Deutschland"": 3, ""PIRATEN"": 1, ""SPD"": 133, ""Tierschutzpartei"": 3, ""Volt"": 1, ""ÖDP"": 3}"
mv:GEMEINDE:13076072,2026-09-20T17:20:05.289359+00:00,2026-09-20T17:12:21.930864+00:00,181,1,False,"{""AfD"": 94, ""BSW"": 11, ""CDU"": 11, ""Die Linke"": 9, ""Die PARTEI"": 1, ""FDP"": 2, ""GRÜNE"": 1, ""SPD"": 51, ""Tierschutzpartei"": 1}"
mv:GEMEINDE:13076073,2026-09-20T17:20:05.289359+00:00,2026-09-20T17:12:21.930864+00:00,341,1,False,"{""AfD"": 156, ""BSW"": 14, ""CDU"": 8, ""Die Linke"": 10, ""FDP"": 8, ""FREIE WÄHLER"": 1, ""GRÜNE"": 13, ""Handwerker Partei Deutschland"": 2, ""PIRATEN"": 1, ""SPD"": 123, ""Team Freiheit"": 1, ""Tierschutzpartei"": 3, ""Volt"": 1}"
mv:GEMEINDE:13076082,2026-09-20T17:20:05.289359+00:00,2026-09-20T17:12:21.930864+00:00,161,1,False,"{""AfD"": 67, ""BSW"": 17, ""CDU"": 7, ""Die Linke"": 7, ""Die PARTEI"": 1, ""FDP"": 3, ""GRÜNE"": 10, ""Handwerker Partei Deutschland"": 1, ""SPD"": 46, ""Tierschutzpartei"": 1, ""ÖDP"": 1}"
mv:GEMEINDE:13076088,2026-09-20T17:20:05.289359+00:00,2026-09-20T17:12:21.930864+00:00,231,1,False,"{""AfD"": 101, ""BSW"": 8, ""Bündnis C"": 1, ""CDU"": 9, ""Die Linke"": 12, ""FDP"": 2, ""FREIE WÄHLER"": 1, ""GRÜNE"": 4, ""Handwerker Partei Deutschland"": 1, ""SPD"": 84, ""Tierschutzpartei"": 8}"
mv:GEMEINDE:13076094,2026-09-20T17:20:05.289359+00:00,2026-09-20T17:12:21.930864+00:00,513,1,False,"{""AfD"": 244, ""BSW"": 20, ""CDU"": 11, ""Die Linke"": 15, ""Die PARTEI"": 1, ""FDP"": 4, ""FREIE WÄHLER"": 2, ""GRÜNE"": 8, ""Handwerker Partei Deutschland"": 1, ""SPD"": 201, ""Tierschutzpartei"": 6}"
mv:GEMEINDE:13076098,2026-09-20T17:20:05.289359+00:00,2026-09-20T17:12:21.930864+00:00,92,1,False,"{""AfD"": 53, ""BSW"": 5, ""CDU"": 2, ""Die Linke"": 3, ""FDP"": 1, ""SPD"": 27, ""Tierschutzpartei"": 1}"
mv:GEMEINDE:13076103,2026-09-20T17:20:05.289359+00:00,2026-09-20T17:12:21.930864+00:00,339,1,False,"{""AfD"": 133, ""BSW"": 10, ""CDU"": 13, ""Die Linke"": 10, ""Die PARTEI"": 2, ""FDP"": 9, ""FREIE WÄHLER"": 1, ""GRÜNE"": 5, ""Handwerker Partei Deutschland"": 1, ""PIRATEN"": 1, ""SPD"": 152, ""Team Freiheit"": 2}"
mv:GEMEINDE:13076104,2026-09-20T17:20:05.289359+00:00,2026-09-20T17:12:21.930864+00:00,268,1,False,"{""AfD"": 149, ""BSW"": 14, ""CDU"": 5, ""Die Linke"": 9, ""FDP"": 2, ""FREIE WÄHLER"": 2, ""GRÜNE"": 5, ""Handwerker Partei Deutschland"": 2, ""SPD"": 78, ""Tierschutzpartei"": 2}"
mv:GEMEINDE:13076106,2026-09-20T17:20:05.289359+00:00,2026-09-20T17:12:21.930864+00:00,271,1,False,"{""AfD"": 119, ""BSW"": 16, ""CDU"": 5, ""Die Linke"": 11, ""Die PARTEI"": 1, ""FDP"": 1, ""GRÜNE"": 9, ""PIRATEN"": 1, ""SPD"": 103, ""Tierschutzpartei"": 4, ""WLD"": 1}"
mv:GEMEINDE:13076112,2026-09-20T17:20:05.289359+00:00,2026-09-20T17:12:21.930864+00:00,551,2,False,"{""AfD"": 164, ""BSW"": 34, ""CDU"": 35, ""Die Linke"": 28, ""FDP"": 5, ""FREIE WÄHLER"": 4, ""GRÜNE"": 50, ""KPD"": 1, ""SPD"": 226, ""Team Freiheit"": 2, ""Tierschutzpartei"": 2}"
mv:GEMEINDE:13076114,2026-09-20T17:20:05.289359+00:00,2026-09-20T17:12:21.930864+00:00,833,2,False,"{""AfD"": 360, ""BSW"": 35, ""CDU"": 46, ""Die Linke"": 37, ""Die PARTEI"": 2, ""FDP"": 10, ""FREIE WÄHLER"": 3, ""GRÜNE"": 20, ""Handwerker Partei Deutschland"": 1, ""KPD"": 1, ""PIRATEN"": 2, ""SPD"": 292, ""Team Freiheit"": 1, ""Tierschutzpartei"": 8, ""Volt"": 1, ""WLD"": 13, ""ÖDP"": 1}"
mv:GEMEINDE:13076141,2026-09-20T17:20:05.289359+00:00,2026-09-20T17:12:21.930864+00:00,301,1,False,"{""AfD"": 126, ""BSW"": 11, ""CDU"": 10, ""Die Linke"": 12, ""Die PARTEI"": 1, ""FDP"": 2, ""FREIE WÄHLER"": 5, ""GRÜNE"": 13, ""Handwerker Partei Deutschland"": 3, ""PIRATEN"": 1, ""SPD"": 110, ""Tierschutzpartei"": 5, ""ÖDP"": 2}"
mv:GEMEINDE:13076147,2026-09-20T17:20:05.289359+00:00,2026-09-20T17:12:21.930864+00:00,337,1,False,"{""AfD"": 174, ""BSW"": 15, ""CDU"": 10, ""Die Linke"": 10, ""Die PARTEI"": 1, ""FDP"": 2, ""FREIE WÄHLER"": 2, ""GRÜNE"": 6, ""SPD"": 113, ""Tierschutzpartei"": 3, ""Volt"": 1}"
mv:GEMEINDE:13076153,2026-09-20T17:20:05.289359+00:00,2026-09-20T17:12:21.930864+00:00,280,1,False,"{""AfD"": 89, ""BSW"": 17, ""CDU"": 24, ""Die Linke"": 6, ""FDP"": 3, ""GRÜNE"": 16, ""PIRATEN"": 2, ""SPD"": 119, ""Tierschutzpartei"": 4}"
mv:GEMEINDE:13076159,2026-09-20T17:20:05.289359+00:00,2026-09-20T17:12:21.930864+00:00,183,1,False,"{""AfD"": 77, ""BSW"": 5, ""CDU"": 11, ""Die Linke"": 4, ""FDP"": 2, ""GRÜNE"": 8, ""SPD"": 70, ""Team Freiheit"": 1, ""Tierschutzpartei"": 4, ""ÖDP"": 1}"
mv:GEMEINDE:13076162,2026-09-20T17:20:05.289359+00:00,2026-09-20T17:12:21.930864+00:00,123,1,False,"{""AfD"": 62, ""BSW"": 7, ""CDU"": 7, ""Die Linke"": 3, ""FREIE WÄHLER"": 1, ""GRÜNE"": 3, ""Handwerker Partei Deutschland"": 1, ""SPD"": 35, ""Tierschutzpartei"": 4}"
mv:GEMEINDE:13076166,2026-09-20T17:20:05.289359+00:00,2026-09-20T17:12:21.930864+00:00,481,2,False,"{""AfD"": 228, ""BSW"": 23, ""CDU"": 13, ""Die Linke"": 15, ""FDP"": 2, ""FREIE WÄHLER"": 2, ""GRÜNE"": 28, ""SPD"": 160, ""Tierschutzpartei"": 5, ""WLD"": 5}"
mv:GEMEINDE:13076168,2026-09-20T17:20:05.289359+00:00,2026-09-20T17:12:21.930864+00:00,304,1,False,"{""AfD"": 164, ""BSW"": 13, ""CDU"": 10, ""Die Linke"": 13, ""FDP"": 1, ""FREIE WÄHLER"": 2, ""GRÜNE"": 11, ""Handwerker Partei Deutschland"": 1, ""PIRATEN"": 2, ""PdF"": 1, ""SPD"": 81, ""Tierschutzpartei"": 2, ""WLD"": 2, ""ÖDP"": 1}"
mv:WAHLKREIS:1,2026-09-20T17:20:05.289359+00:00,2026-09-20T17:12:21.930864+00:00,907,3,False,"{""AfD"": 329, ""BSW"": 47, ""Bündnis C"": 1, ""CDU"": 33, ""Die Linke"": 78, ""Die PARTEI"": 3, ""FDP"": 16, ""FREIE WÄHLER"": 2, ""GRÜNE"": 84, ""Handwerker Partei Deutschland"": 5, ""PIRATEN"": 1, ""PdF"": 1, ""SPD"": 289, ""Team Freiheit"": 3, ""Tierschutzpartei"": 11, ""WLD"": 2, ""ÖDP"": 2}"
mv:WAHLKREIS:10,2026-09-20T17:20:05.289359+00:00,2026-09-20T17:12:21.930864+00:00,917,2,False,"{""AfD"": 371, ""BSW"": 36, ""Bündnis C"": 1, ""CDU"": 18, ""Die Linke"": 50, ""Die PARTEI"": 3, ""FDP"": 12, ""FREIE WÄHLER"": 3, ""GRÜNE"": 30, ""Handwerker Partei Deutschland"": 2, ""KPD"": 1, ""PIRATEN"": 2, ""PdF"": 1, ""SPD"": 382, ""Team Freiheit"": 1, ""Tierschutzpartei"": 3, ""Volt"": 1}"
mv:WAHLKREIS:11,2026-09-20T17:20:05.289359+00:00,2026-09-20T17:12:21.930864+00:00,3698,9,False,"{""AfD"": 1628, ""BSW"": 172, ""CDU"": 143, ""Die Linke"": 197, ""Die PARTEI"": 12, ""FDP"": 28, ""FREIE WÄHLER"": 11, ""GRÜNE"": 164, ""Handwerker Partei Deutschland"": 16, ""KPD"": 4, ""PIRATEN"": 9, ""PdF"": 2, ""SPD"": 1246, ""Team Freiheit"": 9, ""Tierschutzpartei"": 48, ""Volt"": 3, ""WLD"": 2, ""ÖDP"": 4}"
mv:WAHLKREIS:12,2026-09-20T17:20:05.289359+00:00,2026-09-20T17:12:21.930864+00:00,3018,7,False,"{""AfD"": 1240, ""BSW"": 186, ""Bündnis C"": 1, ""CDU"": 127, ""Die Linke"": 153, ""Die PARTEI"": 5, ""FDP"": 27, ""FREIE WÄHLER"": 15, ""GRÜNE"": 185, ""Handwerker Partei Deutschland"": 14, ""KPD"": 2, ""PIRATEN"": 7, ""PdF"": 5, ""SPD"": 1005, ""Team Freiheit"": 7, ""Tierschutzpartei"": 25, ""Volt"": 7, ""WLD"": 4, ""ÖDP"": 3}"
mv:WAHLKREIS:13,2026-09-20T17:20:05.289359+00:00,2026-09-20T17:12:21.930864+00:00,2212,6,False,"{""AfD"": 1385, ""BSW"": 89, ""Bündnis C"": 3, ""CDU"": 74, ""Die Linke"": 86, ""Die PARTEI"": 3, ""FDP"": 17, ""FREIE WÄHLER"": 4, ""GRÜNE"": 34, ""Handwerker Partei Deutschland"": 7, ""KPD"": 1, ""PIRATEN"": 1, ""SPD"": 486, ""Team Freiheit"": 4, ""Tierschutzpartei"": 16, ""Volt"": 1, ""WLD"": 1}"
mv:WAHLKREIS:14,2026-09-20T17:20:05.289359+00:00,2026-09-20T17:12:21.930864+00:00,1523,5,False,"{""AfD"": 818, ""BSW"": 88, ""CDU"": 82, ""Die Linke"": 60, ""Die PARTEI"": 1, ""FDP"": 11, ""FREIE WÄHLER"": 16, ""GRÜNE"": 38, ""Handwerker Partei Deutschland"": 4, ""KPD"": 1, ""PIRATEN"": 3, ""SPD"": 387, ""Team Freiheit"": 5, ""Tierschutzpartei"": 6, ""Volt"": 2, ""ÖDP"": 1}"
mv:WAHLKREIS:15,2026-09-20T17:20:05.289359+00:00,2026-09-20T17:12:21.930864+00:00,2205,6,False,"{""AfD"": 1084, ""BSW"": 100, ""Bündnis C"": 2, ""CDU"": 90, ""Die Linke"": 89, ""Die PARTEI"": 4, ""FDP"": 22, ""FREIE WÄHLER"": 6, ""GRÜNE"": 44, ""Handwerker Partei Deutschland"": 11, ""KPD"": 4, ""PIRATEN"": 8, ""PdF"": 8, ""SPD"": 701, ""Team Freiheit"": 6, ""Tierschutzpartei"": 18, ""Volt"": 3, ""WLD"": 3, ""ÖDP"": 2}"
mv:WAHLKREIS:16,2026-09-20T17:20:05.289359+00:00,2026-09-20T17:12:21.930864+00:00,1985,7,False,"{""AfD"": 1025, ""BSW"": 94, ""Bündnis C"": 1, ""CDU"": 59, ""Die Linke"": 93, ""Die PARTEI"": 3, ""FDP"": 19, ""FREIE WÄHLER"": 11, ""GRÜNE"": 35, ""Handwerker Partei Deutschland"": 8, ""KPD"": 4, ""PIRATEN"": 4, ""PdF"": 1, ""SPD"": 581, ""Team Freiheit"": 7, ""Tierschutzpartei"": 34, ""Volt"": 1, ""WLD"": 3, ""ÖDP"": 2}"
mv:WAHLKREIS:17,2026-09-20T17:20:05.289359+00:00,2026-09-20T17:12:21.930864+00:00,2454,8,False,"{""AfD"": 1102, ""BSW"": 98, ""Bündnis C"": 3, ""CDU"": 81, ""Die Linke"": 86, ""Die PARTEI"": 5, ""FDP"": 28, ""FREIE WÄHLER"": 7, ""GRÜNE"": 64, ""Handwerker Partei Deutschland"": 6, ""PIRATEN"": 3, ""SPD"": 929, ""Team Freiheit"": 5, ""Tierschutzpartei"": 28, ""Volt"": 1, ""WLD"": 7, ""ÖDP"": 1}"
mv:WAHLKREIS:18,2026-09-20T17:20:05.289359+00:00,2026-09-20T17:12:21.930864+00:00,3009,11,False,"{""AfD"": 1172, ""BSW"": 149, ""Bündnis C"": 1, ""CDU"": 155, ""Die Linke"": 137, ""Die PARTEI"": 4, ""FDP"": 36, ""FREIE WÄHLER"": 7, ""GRÜNE"": 90, ""Handwerker Partei Deutschland"": 11, ""KPD"": 1, ""PIRATEN"": 7, ""PdF"": 2, ""SPD"": 1188, ""Team Freiheit"": 3, ""Tierschutzpartei"": 32, ""Volt"": 2, ""WLD"": 6, ""ÖDP"": 6}"
mv:WAHLKREIS:19,2026-09-20T17:20:05.289359+00:00,2026-09-20T17:12:21.930864+00:00,1748,6,False,"{""AfD"": 876, ""BSW"": 65, ""Bündnis C"": 2, ""CDU"": 64, ""Die Linke"": 56, ""Die PARTEI"": 4, ""FDP"": 16, ""FREIE WÄHLER"": 18, ""GRÜNE"": 31, ""Handwerker Partei Deutschland"": 14, ""KPD"": 3, ""PIRATEN"": 1, ""SPD"": 574, ""Team Freiheit"": 1, ""Tierschutzpartei"": 17, ""Volt"": 1, ""WLD"": 3, ""ÖDP"": 2}"
mv:WAHLKREIS:2,2026-09-20T17:20:05.289359+00:00,2026-09-20T17:12:21.930864+00:00,400,1,False,"{""AfD"": 102, ""BSW"": 23, ""CDU"": 21, ""Die Linke"": 44, ""Die PARTEI"": 1, ""FDP"": 5, ""FREIE WÄHLER"": 1, ""GRÜNE"": 13, ""Handwerker Partei Deutschland"": 4, ""PIRATEN"": 1, ""PdF"": 1, ""SPD"": 170, ""Team Freiheit"": 1, ""Tierschutzpartei"": 10, ""Volt"": 1, ""WLD"": 2}"
mv:WAHLKREIS:20,2026-09-20T17:20:05.289359+00:00,2026-09-20T17:12:21.930864+00:00,4394,14,False,"{""AfD"": 2074, ""BSW"": 256, ""Bündnis C"": 2, ""CDU"": 162, ""Die Linke"": 192, ""Die PARTEI"": 3, ""FDP"": 30, ""FREIE WÄHLER"": 18, ""GRÜNE"": 129, ""Handwerker Partei Deutschland"": 22, ""KPD"": 2, ""PIRATEN"": 9, ""PdF"": 1, ""SPD"": 1427, ""Team Freiheit"": 12, ""Tierschutzpartei"": 40, ""Volt"": 4, ""WLD"": 7, ""ÖDP"": 4}"
mv:WAHLKREIS:21,2026-09-20T17:20:05.289359+00:00,2026-09-20T17:12:21.930864+00:00,1360,4,False,"{""AfD"": 690, ""BSW"": 87, ""Bündnis C"": 2, ""CDU"": 40, ""Die Linke"": 66, ""Die PARTEI"": 5, ""FDP"": 6, ""GRÜNE"": 48, ""Handwerker Partei Deutschland"": 7, ""PIRATEN"": 3, ""PdF"": 1, ""SPD"": 394, ""Team Freiheit"": 3, ""Tierschutzpartei"": 8}"
mv:WAHLKREIS:22,2026-09-20T17:20:05.289359+00:00,2026-09-20T17:12:21.930864+00:00,3062,10,False,"{""AfD"": 1439, ""BSW"": 184, ""Bündnis C"": 6, ""CDU"": 126, ""Die Linke"": 144, ""Die PARTEI"": 10, ""FDP"": 14, ""FREIE WÄHLER"": 10, ""GRÜNE"": 78, ""Handwerker Partei Deutschland"": 11, ""KPD"": 2, ""PIRATEN"": 5, ""PdF"": 2, ""SPD"": 989, ""Team Freiheit"": 8, ""Tierschutzpartei"": 25, ""Volt"": 6, ""WLD"": 1, ""ÖDP"": 2}"
mv:WAHLKREIS:23,2026-09-20T17:20:05.289359+00:00,2026-09-20T17:12:21.930864+00:00,3259,9,False,"{""AfD"": 1488, ""BSW"": 166, ""Bündnis C"": 1, ""CDU"": 128, ""Die Linke"": 152, ""Die PARTEI"": 7, ""FDP"": 29, ""FREIE WÄHLER"": 10, ""GRÜNE"": 134, ""Handwerker Partei Deutschland"": 16, ""KPD"": 2, ""PIRATEN"": 6, ""PdF"": 1, ""SPD"": 1070, ""Team Freiheit"": 7, ""Tierschutzpartei"": 34, ""Volt"": 5, ""WLD"": 2, ""ÖDP"": 1}"
mv:WAHLKREIS:24,2026-09-20T17:20:05.289359+00:00,2026-09-20T17:12:21.930864+00:00,2674,7,False,"{""AfD"": 1368, ""BSW"": 85, ""CDU"": 113, ""Die Linke"": 89, ""Die PARTEI"": 4, ""FDP"": 21, ""FREIE WÄHLER"": 8, ""GRÜNE"": 78, ""Handwerker Partei Deutschland"": 7, ""KPD"": 2, ""PIRATEN"": 9, ""PdF"": 3, ""SPD"": 831, ""Team Freiheit"": 9, ""Tierschutzpartei"": 30, ""Volt"": 6, ""ÖDP"": 11}"
mv:WAHLKREIS:25,2026-09-20T17:20:05.289359+00:00,2026-09-20T17:12:21.930864+00:00,1167,4,False,"{""AfD"": 629, ""BSW"": 60, ""Bündnis C"": 1, ""CDU"": 33, ""Die Linke"": 30, ""Die PARTEI"": 1, ""FDP"": 14, ""FREIE WÄHLER"": 9, ""GRÜNE"": 35, ""Handwerker Partei Deutschland"": 6, ""KPD"": 2, ""PdF"": 1, ""SPD"": 327, ""Team Freiheit"": 3, ""Tierschutzpartei"": 13, ""Volt"": 1, ""WLD"": 2}"
mv:WAHLKREIS:26,2026-09-20T17:20:05.289359+00:00,2026-09-20T17:12:21.930864+00:00,2059,3,False,"{""AfD"": 965, ""BSW"": 103, ""Bündnis C"": 7, ""CDU"": 65, ""Die Linke"": 135, ""Die PARTEI"": 11, ""FDP"": 15, ""FREIE WÄHLER"": 3, ""GRÜNE"": 89, ""Handwerker Partei Deutschland"": 7, ""KPD"": 2, ""PIRATEN"": 3, ""PdF"": 2, ""SPD"": 590, ""Team Freiheit"": 11, ""Tierschutzpartei"": 40, ""Volt"": 6, ""WLD"": 3, ""ÖDP"": 2}"
mv:WAHLKREIS:27,2026-09-20T17:20:05.289359+00:00,2026-09-20T17:12:21.930864+00:00,2457,8,False,"{""AfD"": 970, ""BSW"": 120, ""CDU"": 124, ""Die Linke"": 161, ""Die PARTEI"": 9, ""FDP"": 19, ""FREIE WÄHLER"": 11, ""GRÜNE"": 124, ""Handwerker Partei Deutschland"": 16, ""KPD"": 2, ""PIRATEN"": 7, ""PdF"": 4, ""SPD"": 846, ""Team Freiheit"": 10, ""Tierschutzpartei"": 30, ""WLD"": 1, ""ÖDP"": 3}"
mv:WAHLKREIS:28,2026-09-20T17:20:05.289359+00:00,2026-09-20T17:12:21.930864+00:00,1730,5,False,"{""AfD"": 701, ""BSW"": 102, ""Bündnis C"": 3, ""CDU"": 58, ""Die Linke"": 96, ""Die PARTEI"": 3, ""FDP"": 23, ""FREIE WÄHLER"": 7, ""GRÜNE"": 74, ""Handwerker Partei Deutschland"": 4, ""KPD"": 1, ""PIRATEN"": 2, ""PdF"": 1, ""SPD"": 625, ""Team Freiheit"": 4, ""Tierschutzpartei"": 20, ""Volt"": 4, ""ÖDP"": 2}"
mv:WAHLKREIS:29,2026-09-20T17:20:05.289359+00:00,2026-09-20T17:12:21.930864+00:00,1617,4,False,"{""AfD"": 895, ""BSW"": 69, ""Bündnis C"": 2, ""CDU"": 34, ""Die Linke"": 66, ""Die PARTEI"": 1, ""FDP"": 26, ""FREIE WÄHLER"": 4, ""GRÜNE"": 38, ""Handwerker Partei Deutschland"": 5, ""KPD"": 1, ""PIRATEN"": 1, ""PdF"": 3, ""SPD"": 444, ""Team Freiheit"": 3, ""Tierschutzpartei"": 21, ""Volt"": 1, ""WLD"": 3}"
mv:WAHLKREIS:3,2026-09-20T17:20:05.289359+00:00,2026-09-20T17:12:21.930864+00:00,350,1,False,"{""AfD"": 180, ""BSW"": 27, ""CDU"": 15, ""Die Linke"": 9, ""FDP"": 2, ""FREIE WÄHLER"": 2, ""GRÜNE"": 5, ""SPD"": 106, ""Team Freiheit"": 1, ""Tierschutzpartei"": 3}"
mv:WAHLKREIS:30,2026-09-20T17:20:05.289359+00:00,2026-09-20T17:12:21.930864+00:00,3466,8,False,"{""AfD"": 2007, ""BSW"": 122, ""Bündnis C"": 3, ""CDU"": 142, ""Die Linke"": 120, ""Die PARTEI"": 10, ""FDP"": 26, ""FREIE WÄHLER"": 7, ""GRÜNE"": 71, ""Handwerker Partei Deutschland"": 8, ""KPD"": 2, ""PIRATEN"": 5, ""PdF"": 1, ""SPD"": 876, ""Team Freiheit"": 4, ""Tierschutzpartei"": 53, ""Volt"": 2, ""ÖDP"": 7}"
mv:WAHLKREIS:31,2026-09-20T17:20:05.289359+00:00,2026-09-20T17:12:21.930864+00:00,1983,7,False,"{""AfD"": 944, ""BSW"": 89, ""CDU"": 88, ""Die Linke"": 79, ""Die PARTEI"": 2, ""FDP"": 14, ""FREIE WÄHLER"": 8, ""GRÜNE"": 68, ""Handwerker Partei Deutschland"": 3, ""KPD"": 1, ""PIRATEN"": 5, ""PdF"": 1, ""SPD"": 632, ""Team Freiheit"": 2, ""Tierschutzpartei"": 21, ""Volt"": 1, ""WLD"": 23, ""ÖDP"": 2}"
mv:WAHLKREIS:32,2026-09-20T17:20:05.289359+00:00,2026-09-20T17:12:21.930864+00:00,3023,10,False,"{""AfD"": 1385, ""BSW"": 171, ""Bündnis C"": 1, ""CDU"": 137, ""Die Linke"": 123, ""Die PARTEI"": 6, ""FDP"": 29, ""FREIE WÄHLER"": 9, ""GRÜNE"": 130, ""Handwerker Partei Deutschland"": 8, ""KPD"": 1, ""PIRATEN"": 4, ""SPD"": 980, ""Team Freiheit"": 8, ""Tierschutzpartei"": 23, ""Volt"": 5, ""WLD"": 2, ""ÖDP"": 1}"
mv:WAHLKREIS:33,2026-09-20T17:20:05.289359+00:00,2026-09-20T17:12:21.930864+00:00,1192,3,False,"{""AfD"": 583, ""BSW"": 79, ""CDU"": 57, ""Die Linke"": 75, ""Die PARTEI"": 4, ""FDP"": 8, ""FREIE WÄHLER"": 3, ""GRÜNE"": 34, ""Handwerker Partei Deutschland"": 11, ""KPD"": 2, ""PIRATEN"": 2, ""SPD"": 313, ""Team Freiheit"": 2, ""Tierschutzpartei"": 19}"
mv:WAHLKREIS:34,2026-09-20T17:20:05.289359+00:00,2026-09-20T17:12:21.930864+00:00,1311,5,False,"{""AfD"": 589, ""BSW"": 75, ""Bündnis C"": 1, ""CDU"": 50, ""Die Linke"": 52, ""Die PARTEI"": 3, ""FDP"": 5, ""FREIE WÄHLER"": 2, ""GRÜNE"": 50, ""Handwerker Partei Deutschland"": 7, ""KPD"": 3, ""PIRATEN"": 6, ""PdF"": 2, ""SPD"": 436, ""Team Freiheit"": 6, ""Tierschutzpartei"": 20, ""Volt"": 3, ""WLD"": 1}"
mv:WAHLKREIS:35,2026-09-20T17:20:05.289359+00:00,2026-09-20T17:12:21.930864+00:00,2004,5,False,"{""AfD"": 1008, ""BSW"": 66, ""Bündnis C"": 2, ""CDU"": 100, ""Die Linke"": 58, ""Die PARTEI"": 6, ""FDP"": 25, ""FREIE WÄHLER"": 3, ""GRÜNE"": 41, ""Handwerker Partei Deutschland"": 9, ""KPD"": 1, ""PIRATEN"": 5, ""SPD"": 659, ""Team Freiheit"": 7, ""Tierschutzpartei"": 8, ""Volt"": 2, ""WLD"": 3, ""ÖDP"": 1}"
mv:WAHLKREIS:36,2026-09-20T17:20:05.289359+00:00,2026-09-20T17:12:21.930864+00:00,2193,11,False,"{""AfD"": 1148, ""BSW"": 91, ""Bündnis C"": 2, ""CDU"": 104, ""Die Linke"": 93, ""Die PARTEI"": 4, ""FDP"": 11, ""FREIE WÄHLER"": 6, ""GRÜNE"": 46, ""Handwerker Partei Deutschland"": 8, ""KPD"": 4, ""PIRATEN"": 6, ""PdF"": 3, ""SPD"": 624, ""Team Freiheit"": 11, ""Tierschutzpartei"": 29, ""Volt"": 1, ""WLD"": 1, ""ÖDP"": 1}"
mv:WAHLKREIS:5,2026-09-20T17:20:05.289359+00:00,2026-09-20T17:12:21.930864+00:00,1516,3,False,"{""AfD"": 495, ""BSW"": 77, ""Bündnis C"": 3, ""CDU"": 50, ""Die Linke"": 170, ""Die PARTEI"": 3, ""FDP"": 13, ""FREIE WÄHLER"": 1, ""GRÜNE"": 92, ""Handwerker Partei Deutschland"": 12, ""KPD"": 3, ""PIRATEN"": 6, ""PdF"": 1, ""SPD"": 558, ""Team Freiheit"": 3, ""Tierschutzpartei"": 26, ""Volt"": 3}"
mv:WAHLKREIS:8,2026-09-20T17:20:05.289359+00:00,2026-09-20T17:12:21.930864+00:00,1280,2,False,"{""AfD"": 354, ""BSW"": 54, ""Bündnis C"": 1, ""CDU"": 91, ""Die Linke"": 97, ""Die PARTEI"": 5, ""FDP"": 12, ""FREIE WÄHLER"": 6, ""GRÜNE"": 173, ""Handwerker Partei Deutschland"": 5, ""KPD"": 1, ""PIRATEN"": 1, ""SPD"": 463, ""Team Freiheit"": 4, ""Tierschutzpartei"": 9, ""Volt"": 2, ""ÖDP"": 2}"
mv:WAHLKREIS:9,2026-09-20T17:20:05.289359+00:00,2026-09-20T17:12:21.930864+00:00,689,1,False,"{""AfD"": 333, ""BSW"": 35, ""Bündnis C"": 1, ""CDU"": 19, ""Die Linke"": 47, ""Die PARTEI"": 2, ""FDP"": 4, ""FREIE WÄHLER"": 1, ""GRÜNE"": 25, ""Handwerker Partei Deutschland"": 2, ""KPD"": 2, ""PIRATEN"": 3, ""PdF"": 1, ""SPD"": 207, ""Team Freiheit"": 2, ""Tierschutzpartei"": 1, ""Volt"": 2, ""WLD"": 2}"
mv:GEMEINDE:13003000,2026-09-20T17:28:39.054253+00:00,2026-09-20T17:20:05.289359+00:00,5975,10,False,"{""AfD"": 1746, ""BSW"": 273, ""Bündnis C"": 5, ""CDU"": 194, ""Die Linke"": 731, ""Die PARTEI"": 18, ""FDP"": 38, ""FREIE WÄHLER"": 16, ""GRÜNE"": 648, ""Handwerker Partei Deutschland"": 15, ""KPD"": 2, ""PIRATEN"": 23, ""PdF"": 10, ""SPD"": 2148, ""Team Freiheit"": 12, ""Tierschutzpartei"": 67, ""Volt"": 18, ""WLD"": 4, ""ÖDP"": 7}"
mv:GEMEINDE:13004000,2026-09-20T17:28:39.054253+00:00,2026-09-20T17:20:05.289359+00:00,5595,8,False,"{""AfD"": 1769, ""BSW"": 223, ""Bündnis C"": 2, ""CDU"": 299, ""Die Linke"": 435, ""Die PARTEI"": 17, ""FDP"": 48, ""FREIE WÄHLER"": 29, ""GRÜNE"": 447, ""Handwerker Partei Deutschland"": 21, ""PIRATEN"": 8, ""PdF"": 3, ""SPD"": 2247, ""Team Freiheit"": 10, ""Tierschutzpartei"": 23, ""Volt"": 9, ""WLD"": 3, ""ÖDP"": 2}"
mv:GEMEINDE:13071004,2026-09-20T17:28:39.054253+00:00,2026-09-20T17:20:05.289359+00:00,559,1,False,"{""AfD"": 283, ""BSW"": 44, ""CDU"": 26, ""Die Linke"": 23, ""Die PARTEI"": 1, ""FDP"": 8, ""FREIE WÄHLER"": 2, ""GRÜNE"": 9, ""Handwerker Partei Deutschland"": 6, ""PIRATEN"": 2, ""SPD"": 151, ""Tierschutzpartei"": 3, ""ÖDP"": 1}"
mv:GEMEINDE:13071011,2026-09-20T17:28:39.054253+00:00,2026-09-20T17:20:05.289359+00:00,333,1,False,"{""AfD"": 152, ""BSW"": 22, ""CDU"": 9, ""Die Linke"": 16, ""FDP"": 4, ""GRÜNE"": 24, ""Handwerker Partei Deutschland"": 3, ""SPD"": 97, ""Team Freiheit"": 2, ""Tierschutzpartei"": 1, ""Volt"": 2, ""ÖDP"": 1}"
mv:GEMEINDE:13071014,2026-09-20T17:28:39.054253+00:00,2026-09-20T17:20:05.289359+00:00,383,1,False,"{""AfD"": 202, ""BSW"": 31, ""CDU"": 24, ""Die Linke"": 21, ""Die PARTEI"": 2, ""FDP"": 5, ""FREIE WÄHLER"": 2, ""GRÜNE"": 6, ""Handwerker Partei Deutschland"": 2, ""PIRATEN"": 1, ""SPD"": 81, ""Tierschutzpartei"": 3, ""Volt"": 2, ""WLD"": 1}"
mv:GEMEINDE:13071019,2026-09-20T17:28:39.054253+00:00,2026-09-20T17:20:05.289359+00:00,394,1,False,"{""AfD"": 229, ""BSW"": 19, ""CDU"": 15, ""Die Linke"": 11, ""Die PARTEI"": 1, ""FDP"": 1, ""GRÜNE"": 6, ""Handwerker Partei Deutschland"": 2, ""PIRATEN"": 2, ""SPD"": 103, ""Tierschutzpartei"": 4, ""WLD"": 1}"
mv:GEMEINDE:13071021,2026-09-20T17:28:39.054253+00:00,2026-09-20T17:20:05.289359+00:00,401,1,False,"{""AfD"": 122, ""BSW"": 21, ""CDU"": 38, ""Die Linke"": 26, ""FDP"": 9, ""FREIE WÄHLER"": 1, ""GRÜNE"": 9, ""Handwerker Partei Deutschland"": 5, ""KPD"": 1, ""SPD"": 163, ""Tierschutzpartei"": 3, ""WLD"": 2, ""ÖDP"": 1}"
mv:GEMEINDE:13071022,2026-09-20T17:28:39.054253+00:00,2026-09-20T17:20:05.289359+00:00,463,1,False,"{""AfD"": 271, ""BSW"": 23, ""CDU"": 19, ""Die Linke"": 13, ""FDP"": 2, ""GRÜNE"": 5, ""PIRATEN"": 1, ""SPD"": 124, ""Team Freiheit"": 1, ""Tierschutzpartei"": 2, ""Volt"": 1, ""ÖDP"": 1}"
mv:GEMEINDE:13071026,2026-09-20T17:28:39.054253+00:00,2026-09-20T17:20:05.289359+00:00,529,1,False,"{""AfD"": 294, ""BSW"": 29, ""CDU"": 16, ""Die Linke"": 23, ""FDP"": 7, ""FREIE WÄHLER"": 1, ""GRÜNE"": 10, ""Handwerker Partei Deutschland"": 2, ""KPD"": 1, ""PIRATEN"": 1, ""SPD"": 135, ""Team Freiheit"": 2, ""Tierschutzpartei"": 8}"
mv:GEMEINDE:13071027,2026-09-20T17:28:39.054253+00:00,2026-09-20T17:20:05.289359+00:00,665,2,False,"{""AfD"": 368, ""BSW"": 35, ""CDU"": 13, ""Die Linke"": 26, ""Die PARTEI"": 1, ""FDP"": 3, ""GRÜNE"": 18, ""Handwerker Partei Deutschland"": 2, ""PIRATEN"": 2, ""PdF"": 1, ""SPD"": 193, ""Team Freiheit"": 1, ""Tierschutzpartei"": 2}"
mv:GEMEINDE:13071028,2026-09-20T17:28:39.054253+00:00,2026-09-20T17:20:05.289359+00:00,344,1,False,"{""AfD"": 200, ""BSW"": 24, ""CDU"": 4, ""Die Linke"": 7, ""Die PARTEI"": 1, ""FREIE WÄHLER"": 1, ""GRÜNE"": 5, ""Handwerker Partei Deutschland"": 7, ""SPD"": 91, ""Tierschutzpartei"": 2, ""WLD"": 1, ""ÖDP"": 1}"
mv:GEMEINDE:13071029,2026-09-20T17:28:39.054253+00:00,2026-09-20T17:20:05.289359+00:00,553,1,False,"{""AfD"": 309, ""BSW"": 21, ""Bündnis C"": 1, ""CDU"": 20, ""Die Linke"": 24, ""Die PARTEI"": 3, ""FDP"": 2, ""GRÜNE"": 6, ""Handwerker Partei Deutschland"": 3, ""PIRATEN"": 2, ""SPD"": 152, ""Tierschutzpartei"": 9, ""Volt"": 1}"
mv:GEMEINDE:13071033,2026-09-20T17:28:39.054253+00:00,2026-09-20T17:20:05.289359+00:00,198,1,False,"{""AfD"": 103, ""BSW"": 5, ""CDU"": 6, ""Die Linke"": 8, ""FDP"": 1, ""GRÜNE"": 18, ""SPD"": 53, ""Tierschutzpartei"": 3, ""Volt"": 1}"
mv:GEMEINDE:13071043,2026-09-20T17:28:39.054253+00:00,2026-09-20T17:20:05.289359+00:00,439,1,False,"{""AfD"": 227, ""BSW"": 27, ""CDU"": 19, ""Die Linke"": 27, ""Die PARTEI"": 1, ""FDP"": 4, ""GRÜNE"": 4, ""Handwerker Partei Deutschland"": 3, ""PIRATEN"": 2, ""SPD"": 121, ""Team Freiheit"": 1, ""Tierschutzpartei"": 3}"
mv:GEMEINDE:13071056,2026-09-20T17:28:39.054253+00:00,2026-09-20T17:20:05.289359+00:00,517,1,False,"{""AfD"": 233, ""BSW"": 34, ""CDU"": 28, ""Die Linke"": 11, ""Die PARTEI"": 3, ""FDP"": 5, ""GRÜNE"": 12, ""Handwerker Partei Deutschland"": 2, ""KPD"": 1, ""SPD"": 181, ""Team Freiheit"": 1, ""Tierschutzpartei"": 5, ""WLD"": 1}"
mv:GEMEINDE:13071057,2026-09-20T17:28:39.054253+00:00,2026-09-20T17:20:05.289359+00:00,351,1,False,"{""AfD"": 199, ""BSW"": 19, ""CDU"": 12, ""Die Linke"": 14, ""Die PARTEI"": 1, ""FDP"": 2, ""FREIE WÄHLER"": 3, ""GRÜNE"": 2, ""Handwerker Partei Deutschland"": 1, ""KPD"": 1, ""PIRATEN"": 1, ""SPD"": 95, ""Tierschutzpartei"": 1}"
mv:GEMEINDE:13071076,2026-09-20T17:28:39.054253+00:00,2026-09-20T17:20:05.289359+00:00,179,1,False,"{""AfD"": 109, ""BSW"": 8, ""CDU"": 5, ""Die Linke"": 2, ""FDP"": 3, ""FREIE WÄHLER"": 1, ""GRÜNE"": 3, ""SPD"": 44, ""Tierschutzpartei"": 1, ""Volt"": 2, ""WLD"": 1}"
mv:GEMEINDE:13071078,2026-09-20T17:28:39.054253+00:00,2026-09-20T17:20:05.289359+00:00,201,1,False,"{""AfD"": 92, ""BSW"": 8, ""Bündnis C"": 1, ""CDU"": 5, ""Die Linke"": 8, ""FDP"": 3, ""FREIE WÄHLER"": 1, ""GRÜNE"": 12, ""SPD"": 66, ""Tierschutzpartei"": 4, ""ÖDP"": 1}"
mv:GEMEINDE:13071080,2026-09-20T17:28:39.054253+00:00,2026-09-20T17:20:05.289359+00:00,269,1,False,"{""AfD"": 114, ""BSW"": 19, ""CDU"": 11, ""Die Linke"": 17, ""FDP"": 4, ""FREIE WÄHLER"": 1, ""GRÜNE"": 16, ""Handwerker Partei Deutschland"": 1, ""SPD"": 86}"
mv:GEMEINDE:13071093,2026-09-20T17:28:39.054253+00:00,2026-09-20T17:20:05.289359+00:00,693,1,False,"{""AfD"": 277, ""BSW"": 39, ""CDU"": 32, ""Die Linke"": 41, ""FDP"": 8, ""FREIE WÄHLER"": 2, ""GRÜNE"": 24, ""Handwerker Partei Deutschland"": 3, ""PIRATEN"": 1, ""PdF"": 1, ""SPD"": 257, ""Tierschutzpartei"": 7, ""WLD"": 1}"
mv:GEMEINDE:13071107,2026-09-20T17:28:39.054253+00:00,2026-09-20T17:20:05.289359+00:00,2640,4,False,"{""AfD"": 883, ""BSW"": 179, ""Bündnis C"": 3, ""CDU"": 93, ""Die Linke"": 230, ""Die PARTEI"": 5, ""FDP"": 19, ""FREIE WÄHLER"": 4, ""GRÜNE"": 98, ""Handwerker Partei Deutschland"": 18, ""KPD"": 6, ""PIRATEN"": 7, ""PdF"": 6, ""SPD"": 1049, ""Team Freiheit"": 8, ""Tierschutzpartei"": 24, ""Volt"": 6, ""WLD"": 1, ""ÖDP"": 1}"
mv:GEMEINDE:13071110,2026-09-20T17:28:39.054253+00:00,2026-09-20T17:20:05.289359+00:00,670,1,False,"{""AfD"": 210, ""BSW"": 46, ""CDU"": 19, ""Die Linke"": 45, ""Die PARTEI"": 2, ""FDP"": 6, ""FREIE WÄHLER"": 2, ""GRÜNE"": 72, ""Handwerker Partei Deutschland"": 2, ""PIRATEN"": 2, ""PdF"": 1, ""SPD"": 244, ""Team Freiheit"": 3, ""Tierschutzpartei"": 13, ""WLD"": 1, ""ÖDP"": 2}"
mv:GEMEINDE:13071113,2026-09-20T17:28:39.054253+00:00,2026-09-20T17:20:05.289359+00:00,371,1,False,"{""AfD"": 214, ""BSW"": 8, ""CDU"": 5, ""Die Linke"": 16, ""Die PARTEI"": 1, ""FDP"": 4, ""GRÜNE"": 5, ""Handwerker Partei Deutschland"": 2, ""PIRATEN"": 1, ""SPD"": 112, ""Team Freiheit"": 1, ""Tierschutzpartei"": 1, ""Volt"": 1}"
mv:GEMEINDE:13071122,2026-09-20T17:28:39.054253+00:00,2026-09-20T17:20:05.289359+00:00,579,1,False,"{""AfD"": 251, ""BSW"": 33, ""CDU"": 19, ""Die Linke"": 38, ""Die PARTEI"": 2, ""FDP"": 2, ""FREIE WÄHLER"": 2, ""GRÜNE"": 27, ""SPD"": 195, ""Tierschutzpartei"": 3, ""Volt"": 2, ""WLD"": 5}"
mv:GEMEINDE:13071142,2026-09-20T17:28:39.054253+00:00,2026-09-20T17:20:05.289359+00:00,328,1,False,"{""AfD"": 142, ""BSW"": 13, ""CDU"": 12, ""Die Linke"": 20, ""Die PARTEI"": 1, ""FDP"": 1, ""FREIE WÄHLER"": 1, ""GRÜNE"": 7, ""SPD"": 130, ""Tierschutzpartei"": 1}"
mv:GEMEINDE:13071150,2026-09-20T17:28:39.054253+00:00,2026-09-20T17:20:05.289359+00:00,230,1,False,"{""AfD"": 109, ""BSW"": 10, ""CDU"": 15, ""Die Linke"": 14, ""FDP"": 2, ""FREIE WÄHLER"": 1, ""GRÜNE"": 2, ""SPD"": 76, ""Tierschutzpartei"": 1}"
mv:GEMEINDE:13071153,2026-09-20T17:28:39.054253+00:00,2026-09-20T17:20:05.289359+00:00,47,1,False,"{""AfD"": 19, ""BSW"": 2, ""CDU"": 3, ""Die Linke"": 1, ""FDP"": 1, ""GRÜNE"": 1, ""SPD"": 19, ""Tierschutzpartei"": 1}"
mv:GEMEINDE:13071159,2026-09-20T17:28:39.054253+00:00,2026-09-20T17:20:05.289359+00:00,455,1,False,"{""AfD"": 204, ""BSW"": 23, ""CDU"": 20, ""Die Linke"": 19, ""FDP"": 4, ""GRÜNE"": 13, ""Handwerker Partei Deutschland"": 1, ""PdF"": 1, ""SPD"": 164, ""Team Freiheit"": 3, ""Tierschutzpartei"": 3}"
mv:GEMEINDE:13071164,2026-09-20T17:28:39.054253+00:00,2026-09-20T17:20:05.289359+00:00,465,1,False,"{""AfD"": 287, ""BSW"": 21, ""CDU"": 13, ""Die Linke"": 16, ""FDP"": 2, ""GRÜNE"": 4, ""Handwerker Partei Deutschland"": 1, ""PdF"": 1, ""SPD"": 114, ""Team Freiheit"": 2, ""Tierschutzpartei"": 2, ""Volt"": 2}"
mv:GEMEINDE:13071174,2026-09-20T17:28:39.054253+00:00,2026-09-20T17:20:05.289359+00:00,469,1,False,"{""AfD"": 224, ""BSW"": 28, ""CDU"": 18, ""Die Linke"": 33, ""Die PARTEI"": 2, ""FDP"": 1, ""FREIE WÄHLER"": 3, ""GRÜNE"": 16, ""Handwerker Partei Deutschland"": 4, ""KPD"": 1, ""PIRATEN"": 1, ""PdF"": 1, ""SPD"": 129, ""Tierschutzpartei"": 5, ""WLD"": 2, ""ÖDP"": 1}"
mv:GEMEINDE:13072001,2026-09-20T17:28:39.054253+00:00,2026-09-20T17:20:05.289359+00:00,863,1,False,"{""AfD"": 330, ""BSW"": 57, ""CDU"": 47, ""Die Linke"": 31, ""Die PARTEI"": 3, ""FDP"": 8, ""FREIE WÄHLER"": 4, ""GRÜNE"": 46, ""Handwerker Partei Deutschland"": 4, ""PIRATEN"": 2, ""PdF"": 1, ""SPD"": 319, ""Team Freiheit"": 2, ""Tierschutzpartei"": 8, ""ÖDP"": 1}"
mv:GEMEINDE:13072009,2026-09-20T17:28:39.054253+00:00,2026-09-20T17:20:05.289359+00:00,241,1,False,"{""AfD"": 100, ""BSW"": 11, ""CDU"": 6, ""Die Linke"": 18, ""Die PARTEI"": 1, ""FDP"": 2, ""GRÜNE"": 17, ""Handwerker Partei Deutschland"": 1, ""PdF"": 1, ""SPD"": 80, ""Team Freiheit"": 1, ""Tierschutzpartei"": 2, ""ÖDP"": 1}"
mv:GEMEINDE:13072020,2026-09-20T17:28:39.054253+00:00,2026-09-20T17:20:05.289359+00:00,906,1,False,"{""AfD"": 370, ""BSW"": 39, ""CDU"": 30, ""Die Linke"": 44, ""FDP"": 10, ""FREIE WÄHLER"": 2, ""GRÜNE"": 14, ""Handwerker Partei Deutschland"": 1, ""KPD"": 1, ""PdF"": 1, ""SPD"": 380, ""Team Freiheit"": 3, ""Tierschutzpartei"": 9, ""Volt"": 2}"
mv:GEMEINDE:13072022,2026-09-20T17:28:39.054253+00:00,2026-09-20T17:20:05.289359+00:00,185,1,False,"{""AfD"": 86, ""BSW"": 5, ""CDU"": 1, ""Die Linke"": 7, ""FDP"": 5, ""FREIE WÄHLER"": 1, ""GRÜNE"": 13, ""SPD"": 63, ""Tierschutzpartei"": 3, ""WLD"": 1}"
mv:GEMEINDE:13072030,2026-09-20T17:28:39.054253+00:00,2026-09-20T17:20:05.289359+00:00,360,1,False,"{""AfD"": 122, ""BSW"": 18, ""CDU"": 32, ""Die Linke"": 17, ""FDP"": 4, ""FREIE WÄHLER"": 1, ""GRÜNE"": 22, ""SPD"": 137, ""Team Freiheit"": 3, ""Tierschutzpartei"": 1, ""Volt"": 2, ""ÖDP"": 1}"
mv:GEMEINDE:13072035,2026-09-20T17:28:39.054253+00:00,2026-09-20T17:20:05.289359+00:00,851,2,False,"{""AfD"": 484, ""BSW"": 37, ""Bündnis C"": 2, ""CDU"": 28, ""Die Linke"": 20, ""FDP"": 4, ""FREIE WÄHLER"": 1, ""GRÜNE"": 12, ""Handwerker Partei Deutschland"": 1, ""PIRATEN"": 3, ""SPD"": 244, ""Team Freiheit"": 2, ""Tierschutzpartei"": 8, ""Volt"": 1, ""WLD"": 3, ""ÖDP"": 1}"
mv:GEMEINDE:13072043,2026-09-20T17:28:39.054253+00:00,2026-09-20T17:20:05.289359+00:00,294,1,False,"{""AfD"": 132, ""BSW"": 21, ""CDU"": 9, ""Die Linke"": 17, ""FDP"": 4, ""FREIE WÄHLER"": 1, ""GRÜNE"": 10, ""PIRATEN"": 2, ""SPD"": 97, ""Volt"": 1}"
mv:GEMEINDE:13072044,2026-09-20T17:28:39.054253+00:00,2026-09-20T17:20:05.289359+00:00,384,1,False,"{""AfD"": 175, ""BSW"": 24, ""CDU"": 16, ""Die Linke"": 15, ""FDP"": 4, ""GRÜNE"": 21, ""Handwerker Partei Deutschland"": 1, ""SPD"": 122, ""Tierschutzpartei"": 4, ""Volt"": 2}"
mv:GEMEINDE:13072058,2026-09-20T17:28:39.054253+00:00,2026-09-20T17:20:05.289359+00:00,255,1,False,"{""AfD"": 108, ""BSW"": 11, ""CDU"": 10, ""Die Linke"": 12, ""Die PARTEI"": 1, ""FDP"": 4, ""FREIE WÄHLER"": 1, ""GRÜNE"": 17, ""Handwerker Partei Deutschland"": 5, ""PIRATEN"": 1, ""PdF"": 1, ""SPD"": 78, ""Team Freiheit"": 1, ""Tierschutzpartei"": 4, ""ÖDP"": 1}"
mv:GEMEINDE:13072067,2026-09-20T17:28:39.054253+00:00,2026-09-20T17:20:05.289359+00:00,391,1,False,"{""AfD"": 178, ""BSW"": 23, ""CDU"": 17, ""Die Linke"": 21, ""FDP"": 4, ""FREIE WÄHLER"": 2, ""GRÜNE"": 15, ""SPD"": 127, ""Tierschutzpartei"": 4}"
mv:GEMEINDE:13072072,2026-09-20T17:28:39.054253+00:00,2026-09-20T17:20:05.289359+00:00,601,1,False,"{""AfD"": 239, ""BSW"": 34, ""Bündnis C"": 1, ""CDU"": 26, ""Die Linke"": 27, ""FDP"": 11, ""FREIE WÄHLER"": 1, ""GRÜNE"": 33, ""Handwerker Partei Deutschland"": 2, ""PdF"": 3, ""SPD"": 217, ""Team Freiheit"": 2, ""Tierschutzpartei"": 2, ""WLD"": 1, ""ÖDP"": 2}"
mv:GEMEINDE:13072076,2026-09-20T17:28:39.054253+00:00,2026-09-20T17:20:05.289359+00:00,106,1,False,"{""AfD"": 44, ""BSW"": 8, ""CDU"": 9, ""Die Linke"": 4, ""GRÜNE"": 2, ""SPD"": 38, ""Tierschutzpartei"": 1}"
mv:GEMEINDE:13072086,2026-09-20T17:28:39.054253+00:00,2026-09-20T17:20:05.289359+00:00,462,1,False,"{""AfD"": 163, ""BSW"": 23, ""CDU"": 19, ""Die Linke"": 24, ""Die PARTEI"": 3, ""FDP"": 6, ""GRÜNE"": 39, ""Handwerker Partei Deutschland"": 5, ""KPD"": 1, ""SPD"": 174, ""Team Freiheit"": 1, ""Tierschutzpartei"": 3, ""Volt"": 1}"
mv:GEMEINDE:13072093,2026-09-20T17:28:39.054253+00:00,2026-09-20T17:20:05.289359+00:00,316,1,False,"{""AfD"": 177, ""BSW"": 23, ""CDU"": 5, ""Die Linke"": 16, ""Die PARTEI"": 1, ""FDP"": 2, ""FREIE WÄHLER"": 2, ""GRÜNE"": 11, ""Handwerker Partei Deutschland"": 1, ""KPD"": 1, ""PIRATEN"": 1, ""SPD"": 69, ""Team Freiheit"": 6, ""Tierschutzpartei"": 1}"
mv:GEMEINDE:13072101,2026-09-20T17:28:39.054253+00:00,2026-09-20T17:20:05.289359+00:00,368,1,False,"{""AfD"": 180, ""BSW"": 20, ""CDU"": 12, ""Die Linke"": 12, ""Die PARTEI"": 2, ""FDP"": 3, ""FREIE WÄHLER"": 2, ""GRÜNE"": 9, ""PIRATEN"": 2, ""SPD"": 125, ""Tierschutzpartei"": 1}"
mv:GEMEINDE:13072104,2026-09-20T17:28:39.054253+00:00,2026-09-20T17:20:05.289359+00:00,388,1,False,"{""AfD"": 197, ""BSW"": 20, ""CDU"": 16, ""Die Linke"": 18, ""FDP"": 6, ""FREIE WÄHLER"": 3, ""GRÜNE"": 14, ""Handwerker Partei Deutschland"": 2, ""PIRATEN"": 2, ""PdF"": 1, ""SPD"": 106, ""Tierschutzpartei"": 2, ""ÖDP"": 1}"
mv:GEMEINDE:13072106,2026-09-20T17:28:39.054253+00:00,2026-09-20T17:20:05.289359+00:00,852,1,False,"{""AfD"": 421, ""BSW"": 39, ""Bündnis C"": 2, ""CDU"": 37, ""Die Linke"": 34, ""Die PARTEI"": 3, ""FDP"": 4, ""FREIE WÄHLER"": 1, ""GRÜNE"": 24, ""Handwerker Partei Deutschland"": 3, ""KPD"": 1, ""SPD"": 269, ""Team Freiheit"": 2, ""Tierschutzpartei"": 7, ""Volt"": 1, ""WLD"": 3, ""ÖDP"": 1}"
mv:GEMEINDE:13072107,2026-09-20T17:28:39.054253+00:00,2026-09-20T17:20:05.289359+00:00,265,1,False,"{""AfD"": 153, ""BSW"": 18, ""CDU"": 12, ""Die Linke"": 8, ""Die PARTEI"": 1, ""FDP"": 1, ""GRÜNE"": 7, ""SPD"": 59, ""Tierschutzpartei"": 4, ""WLD"": 2}"
mv:GEMEINDE:13073005,2026-09-20T17:28:39.054253+00:00,2026-09-20T17:20:05.289359+00:00,512,1,False,"{""AfD"": 341, ""BSW"": 22, ""CDU"": 11, ""Die Linke"": 11, ""FDP"": 7, ""FREIE WÄHLER"": 4, ""GRÜNE"": 9, ""Handwerker Partei Deutschland"": 1, ""PIRATEN"": 1, ""SPD"": 95, ""Tierschutzpartei"": 10}"
mv:GEMEINDE:13073006,2026-09-20T17:28:39.054253+00:00,2026-09-20T17:20:05.289359+00:00,407,1,False,"{""AfD"": 185, ""BSW"": 15, ""Bündnis C"": 1, ""CDU"": 31, ""Die Linke"": 16, ""Die PARTEI"": 1, ""FDP"": 1, ""FREIE WÄHLER"": 1, ""GRÜNE"": 18, ""Handwerker Partei Deutschland"": 2, ""PIRATEN"": 1, ""SPD"": 128, ""Team Freiheit"": 4, ""Tierschutzpartei"": 2, ""Volt"": 1}"
mv:GEMEINDE:13073009,2026-09-20T17:28:39.054253+00:00,2026-09-20T17:20:05.289359+00:00,450,1,False,"{""AfD"": 215, ""BSW"": 18, ""Bündnis C"": 1, ""CDU"": 12, ""Die Linke"": 19, ""Die PARTEI"": 1, ""FDP"": 1, ""FREIE WÄHLER"": 4, ""GRÜNE"": 22, ""Handwerker Partei Deutschland"": 1, ""PIRATEN"": 2, ""SPD"": 148, ""Tierschutzpartei"": 4, ""Volt"": 2}"
mv:GEMEINDE:13073016,2026-09-20T17:28:39.054253+00:00,2026-09-20T17:20:05.289359+00:00,236,1,False,"{""AfD"": 132, ""BSW"": 10, ""CDU"": 15, ""Die Linke"": 7, ""FDP"": 2, ""FREIE WÄHLER"": 3, ""GRÜNE"": 11, ""PIRATEN"": 1, ""SPD"": 49, ""Tierschutzpartei"": 4, ""WLD"": 2}"
mv:GEMEINDE:13073018,2026-09-20T17:28:39.054253+00:00,2026-09-20T17:20:05.289359+00:00,243,1,False,"{""AfD"": 141, ""BSW"": 19, ""CDU"": 7, ""Die Linke"": 11, ""FDP"": 4, ""FREIE WÄHLER"": 1, ""GRÜNE"": 2, ""Handwerker Partei Deutschland"": 1, ""SPD"": 50, ""Team Freiheit"": 5, ""Tierschutzpartei"": 2}"
mv:GEMEINDE:13073048,2026-09-20T17:28:39.054253+00:00,2026-09-20T17:20:05.289359+00:00,234,1,False,"{""AfD"": 123, ""BSW"": 8, ""CDU"": 10, ""Die Linke"": 8, ""FDP"": 4, ""GRÜNE"": 9, ""Handwerker Partei Deutschland"": 3, ""PdF"": 2, ""SPD"": 63, ""Tierschutzpartei"": 3, ""Volt"": 1}"
mv:GEMEINDE:13073055,2026-09-20T17:28:39.054253+00:00,2026-09-20T17:20:05.289359+00:00,441,1,False,"{""AfD"": 246, ""BSW"": 22, ""Bündnis C"": 1, ""CDU"": 22, ""Die Linke"": 18, ""Die PARTEI"": 2, ""FDP"": 5, ""GRÜNE"": 8, ""Handwerker Partei Deutschland"": 4, ""KPD"": 1, ""SPD"": 107, ""Team Freiheit"": 1, ""Tierschutzpartei"": 3, ""ÖDP"": 1}"
mv:GEMEINDE:13073060,2026-09-20T17:28:39.054253+00:00,2026-09-20T17:20:05.289359+00:00,339,1,False,"{""AfD"": 159, ""BSW"": 19, ""CDU"": 5, ""Die Linke"": 23, ""Die PARTEI"": 2, ""FDP"": 3, ""FREIE WÄHLER"": 2, ""GRÜNE"": 6, ""PdF"": 1, ""SPD"": 111, ""Tierschutzpartei"": 5, ""WLD"": 2, ""ÖDP"": 1}"
mv:GEMEINDE:13073069,2026-09-20T17:28:39.054253+00:00,2026-09-20T17:20:05.289359+00:00,98,1,False,"{""AfD"": 42, ""BSW"": 2, ""CDU"": 4, ""Die Linke"": 4, ""FREIE WÄHLER"": 1, ""GRÜNE"": 6, ""SPD"": 35, ""Team Freiheit"": 1, ""Tierschutzpartei"": 3}"
mv:GEMEINDE:13073075,2026-09-20T17:28:39.054253+00:00,2026-09-20T17:20:05.289359+00:00,1072,2,False,"{""AfD"": 454, ""BSW"": 60, ""CDU"": 41, ""Die Linke"": 57, ""Die PARTEI"": 5, ""FDP"": 8, ""FREIE WÄHLER"": 4, ""GRÜNE"": 40, ""Handwerker Partei Deutschland"": 4, ""KPD"": 1, ""PIRATEN"": 1, ""SPD"": 373, ""Team Freiheit"": 3, ""Tierschutzpartei"": 16, ""Volt"": 3, ""WLD"": 1, ""ÖDP"": 1}"
mv:GEMEINDE:13073080,2026-09-20T17:28:39.054253+00:00,2026-09-20T17:20:05.289359+00:00,610,1,False,"{""AfD"": 266, ""BSW"": 22, ""CDU"": 30, ""Die Linke"": 29, ""Die PARTEI"": 2, ""FDP"": 4, ""FREIE WÄHLER"": 2, ""GRÜNE"": 32, ""Handwerker Partei Deutschland"": 8, ""PIRATEN"": 1, ""PdF"": 1, ""SPD"": 201, ""Team Freiheit"": 1, ""Tierschutzpartei"": 8, ""Volt"": 1, ""ÖDP"": 2}"
mv:GEMEINDE:13073087,2026-09-20T17:28:39.054253+00:00,2026-09-20T17:20:05.289359+00:00,637,1,False,"{""AfD"": 291, ""BSW"": 40, ""CDU"": 33, ""Die Linke"": 17, ""Die PARTEI"": 2, ""FDP"": 6, ""FREIE WÄHLER"": 3, ""GRÜNE"": 30, ""Handwerker Partei Deutschland"": 6, ""PIRATEN"": 1, ""SPD"": 198, ""Team Freiheit"": 2, ""Tierschutzpartei"": 5, ""Volt"": 1, ""WLD"": 1, ""ÖDP"": 1}"
mv:GEMEINDE:13073088,2026-09-20T17:28:39.054253+00:00,2026-09-20T17:20:05.289359+00:00,1254,2,False,"{""AfD"": 614, ""BSW"": 51, ""Bündnis C"": 1, ""CDU"": 46, ""Die Linke"": 78, ""Die PARTEI"": 3, ""FDP"": 3, ""FREIE WÄHLER"": 4, ""GRÜNE"": 54, ""Handwerker Partei Deutschland"": 2, ""KPD"": 3, ""PIRATEN"": 5, ""PdF"": 1, ""SPD"": 372, ""Team Freiheit"": 2, ""Tierschutzpartei"": 14, ""Volt"": 1}"
mv:GEMEINDE:13073089,2026-09-20T17:28:39.054253+00:00,2026-09-20T17:20:05.289359+00:00,448,1,False,"{""AfD"": 256, ""BSW"": 22, ""CDU"": 28, ""Die Linke"": 16, ""Die PARTEI"": 1, ""FDP"": 9, ""GRÜNE"": 8, ""PIRATEN"": 3, ""SPD"": 102, ""Tierschutzpartei"": 3}"
mv:GEMEINDE:13073096,2026-09-20T17:28:39.054253+00:00,2026-09-20T17:20:05.289359+00:00,388,1,False,"{""AfD"": 181, ""BSW"": 22, ""CDU"": 27, ""Die Linke"": 17, ""Die PARTEI"": 1, ""FDP"": 6, ""FREIE WÄHLER"": 2, ""GRÜNE"": 14, ""SPD"": 108, ""Team Freiheit"": 2, ""Tierschutzpartei"": 5, ""WLD"": 1, ""ÖDP"": 2}"
mv:GEMEINDE:13073107,2026-09-20T17:28:39.054253+00:00,2026-09-20T17:20:05.289359+00:00,157,1,False,"{""AfD"": 66, ""BSW"": 8, ""CDU"": 8, ""Die Linke"": 1, ""Die PARTEI"": 1, ""FDP"": 2, ""GRÜNE"": 9, ""SPD"": 61, ""Tierschutzpartei"": 1}"
mv:GEMEINDE:13073761,2026-09-20T17:28:39.054253+00:00,2026-09-20T17:20:05.289359+00:00,311,1,False,"{""AfD"": 83, ""BSW"": 16, ""Bündnis C"": 1, ""CDU"": 28, ""Die Linke"": 19, ""Die PARTEI"": 3, ""FDP"": 4, ""GRÜNE"": 27, ""Handwerker Partei Deutschland"": 4, ""PdF"": 1, ""SPD"": 114, ""Team Freiheit"": 2, ""Tierschutzpartei"": 8, ""Volt"": 1}"
mv:GEMEINDE:13074001,2026-09-20T17:28:39.054253+00:00,2026-09-20T17:20:05.289359+00:00,636,1,False,"{""AfD"": 268, ""BSW"": 33, ""Bündnis C"": 1, ""CDU"": 18, ""Die Linke"": 32, ""FDP"": 3, ""FREIE WÄHLER"": 3, ""GRÜNE"": 41, ""Handwerker Partei Deutschland"": 2, ""PIRATEN"": 2, ""PdF"": 1, ""SPD"": 224, ""Team Freiheit"": 1, ""Tierschutzpartei"": 7}"
mv:GEMEINDE:13074008,2026-09-20T17:28:39.054253+00:00,2026-09-20T17:20:05.289359+00:00,393,1,False,"{""AfD"": 200, ""BSW"": 22, ""Bündnis C"": 1, ""CDU"": 7, ""Die Linke"": 16, ""Die PARTEI"": 2, ""FDP"": 3, ""GRÜNE"": 9, ""Handwerker Partei Deutschland"": 1, ""KPD"": 1, ""PIRATEN"": 1, ""SPD"": 127, ""Team Freiheit"": 1, ""Tierschutzpartei"": 2}"
mv:GEMEINDE:13074012,2026-09-20T17:28:39.054253+00:00,2026-09-20T17:20:05.289359+00:00,485,1,False,"{""AfD"": 225, ""BSW"": 28, ""CDU"": 20, ""Die Linke"": 12, ""FDP"": 6, ""FREIE WÄHLER"": 1, ""GRÜNE"": 30, ""SPD"": 158, ""Tierschutzpartei"": 5}"
mv:GEMEINDE:13074017,2026-09-20T17:28:39.054253+00:00,2026-09-20T17:20:05.289359+00:00,498,1,False,"{""AfD"": 243, ""BSW"": 17, ""CDU"": 15, ""Die Linke"": 15, ""Die PARTEI"": 2, ""FDP"": 2, ""GRÜNE"": 16, ""Handwerker Partei Deutschland"": 4, ""KPD"": 1, ""PIRATEN"": 2, ""PdF"": 1, ""SPD"": 174, ""Team Freiheit"": 2, ""Tierschutzpartei"": 3, ""Volt"": 1}"
mv:GEMEINDE:13074018,2026-09-20T17:28:39.054253+00:00,2026-09-20T17:20:05.289359+00:00,98,1,False,"{""AfD"": 34, ""BSW"": 8, ""CDU"": 6, ""Die Linke"": 2, ""Die PARTEI"": 1, ""FDP"": 1, ""GRÜNE"": 8, ""SPD"": 35, ""Tierschutzpartei"": 2, ""Volt"": 1}"
mv:GEMEINDE:13074028,2026-09-20T17:28:39.054253+00:00,2026-09-20T17:20:05.289359+00:00,207,1,False,"{""AfD"": 94, ""BSW"": 5, ""CDU"": 6, ""Die Linke"": 8, ""Die PARTEI"": 1, ""FDP"": 1, ""GRÜNE"": 10, ""Handwerker Partei Deutschland"": 1, ""SPD"": 81}"
mv:GEMEINDE:13074036,2026-09-20T17:28:39.054253+00:00,2026-09-20T17:20:05.289359+00:00,265,1,False,"{""AfD"": 147, ""BSW"": 6, ""CDU"": 12, ""Die Linke"": 12, ""Die PARTEI"": 2, ""FDP"": 5, ""FREIE WÄHLER"": 1, ""GRÜNE"": 10, ""Handwerker Partei Deutschland"": 1, ""SPD"": 62, ""Team Freiheit"": 1, ""Tierschutzpartei"": 5, ""ÖDP"": 1}"
mv:GEMEINDE:13074039,2026-09-20T17:28:39.054253+00:00,2026-09-20T17:20:05.289359+00:00,1170,2,False,"{""AfD"": 487, ""BSW"": 62, ""Bündnis C"": 1, ""CDU"": 54, ""Die Linke"": 66, ""Die PARTEI"": 1, ""FDP"": 9, ""FREIE WÄHLER"": 1, ""GRÜNE"": 51, ""Handwerker Partei Deutschland"": 6, ""KPD"": 1, ""PIRATEN"": 2, ""PdF"": 1, ""SPD"": 417, ""Team Freiheit"": 1, ""Tierschutzpartei"": 6, ""Volt"": 1, ""WLD"": 3}"
mv:GEMEINDE:13074064,2026-09-20T17:28:39.054253+00:00,2026-09-20T17:20:05.289359+00:00,369,1,False,"{""AfD"": 191, ""BSW"": 27, ""CDU"": 14, ""Die Linke"": 8, ""FDP"": 1, ""GRÜNE"": 8, ""PIRATEN"": 2, ""SPD"": 109, ""Tierschutzpartei"": 5, ""Volt"": 4}"
mv:GEMEINDE:13074065,2026-09-20T17:28:39.054253+00:00,2026-09-20T17:20:05.289359+00:00,453,1,False,"{""AfD"": 222, ""BSW"": 18, ""CDU"": 16, ""Die Linke"": 21, ""FDP"": 4, ""GRÜNE"": 10, ""KPD"": 3, ""PIRATEN"": 1, ""SPD"": 149, ""Team Freiheit"": 3, ""Tierschutzpartei"": 4, ""Volt"": 1, ""ÖDP"": 1}"
mv:GEMEINDE:13074068,2026-09-20T17:28:39.054253+00:00,2026-09-20T17:20:05.289359+00:00,523,1,False,"{""AfD"": 222, ""BSW"": 25, ""CDU"": 26, ""Die Linke"": 19, ""Die PARTEI"": 1, ""FDP"": 8, ""FREIE WÄHLER"": 4, ""GRÜNE"": 25, ""Handwerker Partei Deutschland"": 5, ""PIRATEN"": 1, ""SPD"": 179, ""Team Freiheit"": 1, ""Tierschutzpartei"": 6, ""ÖDP"": 1}"
mv:GEMEINDE:13074074,2026-09-20T17:28:39.054253+00:00,2026-09-20T17:20:05.289359+00:00,1128,2,False,"{""AfD"": 493, ""BSW"": 46, ""Bündnis C"": 1, ""CDU"": 23, ""Die Linke"": 61, ""Die PARTEI"": 3, ""FDP"": 6, ""FREIE WÄHLER"": 2, ""GRÜNE"": 72, ""Handwerker Partei Deutschland"": 9, ""KPD"": 3, ""PIRATEN"": 3, ""SPD"": 388, ""Team Freiheit"": 1, ""Tierschutzpartei"": 12, ""Volt"": 3, ""WLD"": 1, ""ÖDP"": 1}"
mv:GEMEINDE:13074079,2026-09-20T17:28:39.054253+00:00,2026-09-20T17:20:05.289359+00:00,632,2,False,"{""AfD"": 332, ""BSW"": 28, ""Bündnis C"": 8, ""CDU"": 21, ""Die Linke"": 16, ""Die PARTEI"": 1, ""FDP"": 6, ""FREIE WÄHLER"": 3, ""GRÜNE"": 15, ""Handwerker Partei Deutschland"": 2, ""SPD"": 188, ""Team Freiheit"": 1, ""Tierschutzpartei"": 10, ""Volt"": 1}"
mv:GEMEINDE:13074085,2026-09-20T17:28:39.054253+00:00,2026-09-20T17:20:05.289359+00:00,265,1,False,"{""AfD"": 113, ""BSW"": 10, ""CDU"": 17, ""Die Linke"": 9, ""Die PARTEI"": 1, ""FDP"": 6, ""FREIE WÄHLER"": 1, ""GRÜNE"": 23, ""Handwerker Partei Deutschland"": 1, ""SPD"": 81, ""Tierschutzpartei"": 1, ""Volt"": 1, ""ÖDP"": 1}"
mv:GEMEINDE:13074087,2026-09-20T17:28:39.054253+00:00,2026-09-20T17:20:05.289359+00:00,2095,3,False,"{""AfD"": 832, ""BSW"": 67, ""CDU"": 103, ""Die Linke"": 104, ""Die PARTEI"": 6, ""FDP"": 14, ""FREIE WÄHLER"": 4, ""GRÜNE"": 95, ""Handwerker Partei Deutschland"": 7, ""KPD"": 2, ""PIRATEN"": 5, ""PdF"": 3, ""SPD"": 833, ""Team Freiheit"": 4, ""Tierschutzpartei"": 12, ""Volt"": 2, ""ÖDP"": 2}"
mv:GEMEINDE:13074090,2026-09-20T17:28:39.054253+00:00,2026-09-20T17:20:05.289359+00:00,634,1,False,"{""AfD"": 345, ""BSW"": 25, ""CDU"": 21, ""Die Linke"": 23, ""Die PARTEI"": 2, ""FDP"": 4, ""GRÜNE"": 17, ""PIRATEN"": 1, ""SPD"": 186, ""Team Freiheit"": 3, ""Tierschutzpartei"": 6, ""Volt"": 1}"
mv:GEMEINDE:13074093,2026-09-20T17:28:39.054253+00:00,2026-09-20T17:20:05.289359+00:00,140,1,False,"{""AfD"": 51, ""BSW"": 7, ""CDU"": 6, ""Die Linke"": 8, ""FREIE WÄHLER"": 1, ""GRÜNE"": 4, ""KPD"": 1, ""PIRATEN"": 1, ""PdF"": 1, ""SPD"": 56, ""Team Freiheit"": 1, ""Tierschutzpartei"": 2, ""ÖDP"": 1}"
mv:GEMEINDE:13075001,2026-09-20T17:28:39.054253+00:00,2026-09-20T17:20:05.289359+00:00,345,1,False,"{""AfD"": 185, ""BSW"": 10, ""CDU"": 14, ""Die Linke"": 12, ""Die PARTEI"": 3, ""FDP"": 6, ""FREIE WÄHLER"": 2, ""GRÜNE"": 5, ""SPD"": 104, ""Tierschutzpartei"": 2, ""ÖDP"": 2}"
mv:GEMEINDE:13075005,2026-09-20T17:28:39.054253+00:00,2026-09-20T17:20:05.289359+00:00,1233,2,False,"{""AfD"": 555, ""BSW"": 44, ""Bündnis C"": 2, ""CDU"": 73, ""Die Linke"": 52, ""Die PARTEI"": 1, ""FDP"": 19, ""FREIE WÄHLER"": 8, ""GRÜNE"": 20, ""Handwerker Partei Deutschland"": 13, ""PIRATEN"": 4, ""PdF"": 1, ""SPD"": 425, ""Team Freiheit"": 4, ""Tierschutzpartei"": 12}"
mv:GEMEINDE:13075015,2026-09-20T17:28:39.054253+00:00,2026-09-20T17:20:05.289359+00:00,333,1,False,"{""AfD"": 173, ""BSW"": 11, ""CDU"": 10, ""Die Linke"": 17, ""Die PARTEI"": 1, ""FDP"": 12, ""FREIE WÄHLER"": 1, ""GRÜNE"": 8, ""Handwerker Partei Deutschland"": 1, ""PIRATEN"": 2, ""SPD"": 96, ""WLD"": 1}"
mv:GEMEINDE:13075026,2026-09-20T17:28:39.054253+00:00,2026-09-20T17:20:05.289359+00:00,309,1,False,"{""AfD"": 197, ""BSW"": 8, ""CDU"": 13, ""Die Linke"": 6, ""Die PARTEI"": 1, ""FDP"": 4, ""GRÜNE"": 5, ""SPD"": 70, ""Tierschutzpartei"": 5}"
mv:GEMEINDE:13075031,2026-09-20T17:28:39.054253+00:00,2026-09-20T17:20:05.289359+00:00,538,1,False,"{""AfD"": 315, ""BSW"": 7, ""Bündnis C"": 3, ""CDU"": 13, ""Die Linke"": 20, ""Die PARTEI"": 1, ""FDP"": 8, ""FREIE WÄHLER"": 4, ""GRÜNE"": 3, ""Handwerker Partei Deutschland"": 4, ""PIRATEN"": 2, ""PdF"": 1, ""SPD"": 150, ""Team Freiheit"": 2, ""Tierschutzpartei"": 2, ""Volt"": 1, ""WLD"": 1, ""ÖDP"": 1}"
mv:GEMEINDE:13075038,2026-09-20T17:28:39.054253+00:00,2026-09-20T17:20:05.289359+00:00,345,1,False,"{""AfD"": 199, ""BSW"": 16, ""CDU"": 20, ""Die Linke"": 6, ""FDP"": 3, ""FREIE WÄHLER"": 2, ""GRÜNE"": 7, ""KPD"": 1, ""PIRATEN"": 1, ""SPD"": 88, ""Tierschutzpartei"": 2}"
mv:GEMEINDE:13075039,2026-09-20T17:28:39.054253+00:00,2026-09-20T17:20:05.289359+00:00,957,2,False,"{""AfD"": 298, ""BSW"": 42, ""CDU"": 68, ""Die Linke"": 79, ""Die PARTEI"": 4, ""FDP"": 22, ""FREIE WÄHLER"": 2, ""GRÜNE"": 122, ""Handwerker Partei Deutschland"": 2, ""KPD"": 1, ""PdF"": 1, ""SPD"": 306, ""Tierschutzpartei"": 5, ""Volt"": 5}"
mv:GEMEINDE:13075049,2026-09-20T17:28:39.054253+00:00,2026-09-20T17:20:05.289359+00:00,498,1,False,"{""AfD"": 234, ""BSW"": 19, ""Bündnis C"": 1, ""CDU"": 21, ""Die Linke"": 17, ""Die PARTEI"": 3, ""FDP"": 10, ""FREIE WÄHLER"": 2, ""GRÜNE"": 13, ""Handwerker Partei Deutschland"": 2, ""KPD"": 1, ""SPD"": 162, ""Team Freiheit"": 1, ""Tierschutzpartei"": 12}"
mv:GEMEINDE:13075055,2026-09-20T17:28:39.054253+00:00,2026-09-20T17:20:05.289359+00:00,587,1,False,"{""AfD"": 340, ""BSW"": 25, ""Bündnis C"": 1, ""CDU"": 20, ""Die Linke"": 22, ""Die PARTEI"": 1, ""FDP"": 3, ""FREIE WÄHLER"": 1, ""GRÜNE"": 6, ""Handwerker Partei Deutschland"": 1, ""PdF"": 1, ""SPD"": 158, ""Team Freiheit"": 2, ""Tierschutzpartei"": 5, ""ÖDP"": 1}"
mv:GEMEINDE:13075061,2026-09-20T17:28:39.054253+00:00,2026-09-20T17:20:05.289359+00:00,373,1,False,"{""AfD"": 236, ""BSW"": 13, ""Bündnis C"": 1, ""CDU"": 13, ""Die Linke"": 7, ""Die PARTEI"": 2, ""FDP"": 4, ""FREIE WÄHLER"": 1, ""GRÜNE"": 5, ""Handwerker Partei Deutschland"": 1, ""SPD"": 86, ""Tierschutzpartei"": 4}"
mv:GEMEINDE:13075067,2026-09-20T17:28:39.054253+00:00,2026-09-20T17:20:05.289359+00:00,211,1,False,"{""AfD"": 102, ""BSW"": 6, ""Bündnis C"": 1, ""CDU"": 14, ""Die Linke"": 14, ""Die PARTEI"": 1, ""FDP"": 1, ""GRÜNE"": 1, ""PIRATEN"": 1, ""SPD"": 67, ""Tierschutzpartei"": 3}"
mv:GEMEINDE:13075079,2026-09-20T17:28:39.054253+00:00,2026-09-20T17:20:05.289359+00:00,299,1,False,"{""AfD"": 186, ""BSW"": 11, ""CDU"": 6, ""Die Linke"": 6, ""Die PARTEI"": 1, ""GRÜNE"": 7, ""Handwerker Partei Deutschland"": 2, ""PIRATEN"": 1, ""SPD"": 76, ""Team Freiheit"": 1, ""Tierschutzpartei"": 2}"
mv:GEMEINDE:13075083,2026-09-20T17:28:39.054253+00:00,2026-09-20T17:20:05.289359+00:00,539,1,False,"{""AfD"": 272, ""BSW"": 17, ""CDU"": 24, ""Die Linke"": 28, ""Die PARTEI"": 2, ""FDP"": 15, ""FREIE WÄHLER"": 1, ""GRÜNE"": 27, ""Handwerker Partei Deutschland"": 4, ""PIRATEN"": 3, ""SPD"": 137, ""Tierschutzpartei"": 6, ""Volt"": 2, ""ÖDP"": 1}"
mv:GEMEINDE:13075091,2026-09-20T17:28:39.054253+00:00,2026-09-20T17:20:05.289359+00:00,510,1,False,"{""AfD"": 244, ""BSW"": 30, ""Bündnis C"": 2, ""CDU"": 19, ""Die Linke"": 27, ""Die PARTEI"": 2, ""FDP"": 5, ""FREIE WÄHLER"": 1, ""GRÜNE"": 35, ""Handwerker Partei Deutschland"": 2, ""KPD"": 1, ""PIRATEN"": 1, ""SPD"": 133, ""Tierschutzpartei"": 6, ""WLD"": 1, ""ÖDP"": 1}"
mv:GEMEINDE:13075105,2026-09-20T17:28:39.054253+00:00,2026-09-20T17:20:05.289359+00:00,1576,3,False,"{""AfD"": 771, ""BSW"": 67, ""Bündnis C"": 1, ""CDU"": 50, ""Die Linke"": 85, ""Die PARTEI"": 3, ""FDP"": 9, ""FREIE WÄHLER"": 7, ""GRÜNE"": 30, ""Handwerker Partei Deutschland"": 4, ""KPD"": 2, ""PIRATEN"": 4, ""PdF"": 4, ""SPD"": 491, ""Team Freiheit"": 5, ""Tierschutzpartei"": 38, ""Volt"": 1, ""WLD"": 2, ""ÖDP"": 2}"
mv:GEMEINDE:13075130,2026-09-20T17:28:39.054253+00:00,2026-09-20T17:20:05.289359+00:00,138,1,False,"{""AfD"": 83, ""BSW"": 4, ""CDU"": 3, ""Die Linke"": 4, ""FDP"": 1, ""GRÜNE"": 3, ""Handwerker Partei Deutschland"": 1, ""SPD"": 38, ""Tierschutzpartei"": 1}"
mv:GEMEINDE:13075136,2026-09-20T17:28:39.054253+00:00,2026-09-20T17:20:05.289359+00:00,540,1,False,"{""AfD"": 282, ""BSW"": 21, ""Bündnis C"": 1, ""CDU"": 23, ""Die Linke"": 22, ""Die PARTEI"": 1, ""FDP"": 8, ""FREIE WÄHLER"": 2, ""GRÜNE"": 14, ""Handwerker Partei Deutschland"": 2, ""KPD"": 1, ""PIRATEN"": 2, ""SPD"": 149, ""Tierschutzpartei"": 8, ""Volt"": 2, ""WLD"": 2}"
mv:GEMEINDE:13075138,2026-09-20T17:28:39.054253+00:00,2026-09-20T17:20:05.289359+00:00,260,1,False,"{""AfD"": 155, ""BSW"": 5, ""CDU"": 25, ""Die Linke"": 11, ""FREIE WÄHLER"": 1, ""GRÜNE"": 5, ""PIRATEN"": 1, ""SPD"": 53, ""Tierschutzpartei"": 4}"
mv:GEMEINDE:13075141,2026-09-20T17:28:39.054253+00:00,2026-09-20T17:20:05.289359+00:00,466,1,False,"{""AfD"": 186, ""BSW"": 23, ""Bündnis C"": 3, ""CDU"": 26, ""Die Linke"": 18, ""Die PARTEI"": 1, ""FDP"": 5, ""FREIE WÄHLER"": 2, ""GRÜNE"": 37, ""Handwerker Partei Deutschland"": 3, ""SPD"": 157, ""Team Freiheit"": 3, ""Tierschutzpartei"": 1, ""WLD"": 1}"
mv:GEMEINDE:13075142,2026-09-20T17:28:39.054253+00:00,2026-09-20T17:20:05.289359+00:00,477,1,False,"{""AfD"": 156, ""BSW"": 17, ""Bündnis C"": 1, ""CDU"": 35, ""Die Linke"": 29, ""FDP"": 9, ""FREIE WÄHLER"": 2, ""GRÜNE"": 39, ""Handwerker Partei Deutschland"": 1, ""SPD"": 180, ""Tierschutzpartei"": 7, ""ÖDP"": 1}"
mv:GEMEINDE:13075144,2026-09-20T17:28:39.054253+00:00,2026-09-20T17:20:05.289359+00:00,1211,2,False,"{""AfD"": 640, ""BSW"": 38, ""Bündnis C"": 2, ""CDU"": 48, ""Die Linke"": 61, ""Die PARTEI"": 1, ""FDP"": 7, ""FREIE WÄHLER"": 5, ""GRÜNE"": 33, ""KPD"": 1, ""PIRATEN"": 2, ""SPD"": 341, ""Tierschutzpartei"": 28, ""Volt"": 3, ""WLD"": 1}"
mv:GEMEINDE:13076005,2026-09-20T17:28:39.054253+00:00,2026-09-20T17:20:05.289359+00:00,504,1,False,"{""AfD"": 200, ""BSW"": 31, ""CDU"": 18, ""Die Linke"": 19, ""Die PARTEI"": 3, ""FDP"": 4, ""FREIE WÄHLER"": 1, ""GRÜNE"": 16, ""Handwerker Partei Deutschland"": 2, ""KPD"": 1, ""SPD"": 208, ""Tierschutzpartei"": 1}"
mv:GEMEINDE:13076011,2026-09-20T17:28:39.054253+00:00,2026-09-20T17:20:05.289359+00:00,226,1,False,"{""AfD"": 105, ""BSW"": 17, ""CDU"": 4, ""Die Linke"": 10, ""FDP"": 2, ""GRÜNE"": 5, ""Handwerker Partei Deutschland"": 3, ""SPD"": 77, ""Team Freiheit"": 2, ""Tierschutzpartei"": 1}"
mv:GEMEINDE:13076014,2026-09-20T17:28:39.054253+00:00,2026-09-20T17:20:05.289359+00:00,804,2,False,"{""AfD"": 309, ""BSW"": 34, ""Bündnis C"": 1, ""CDU"": 27, ""Die Linke"": 40, ""Die PARTEI"": 1, ""FDP"": 1, ""FREIE WÄHLER"": 4, ""GRÜNE"": 32, ""Handwerker Partei Deutschland"": 6, ""KPD"": 1, ""PIRATEN"": 3, ""PdF"": 1, ""SPD"": 315, ""Team Freiheit"": 1, ""Tierschutzpartei"": 17, ""WLD"": 8, ""ÖDP"": 3}"
mv:GEMEINDE:13076018,2026-09-20T17:28:39.054253+00:00,2026-09-20T17:20:05.289359+00:00,106,1,False,"{""AfD"": 42, ""BSW"": 4, ""CDU"": 4, ""Die Linke"": 2, ""Die PARTEI"": 2, ""FREIE WÄHLER"": 2, ""GRÜNE"": 4, ""PIRATEN"": 1, ""SPD"": 44, ""Team Freiheit"": 1}"
mv:GEMEINDE:13076027,2026-09-20T17:28:39.054253+00:00,2026-09-20T17:20:05.289359+00:00,177,1,False,"{""AfD"": 93, ""BSW"": 6, ""CDU"": 2, ""Die Linke"": 3, ""FREIE WÄHLER"": 1, ""GRÜNE"": 5, ""Handwerker Partei Deutschland"": 2, ""SPD"": 62, ""Team Freiheit"": 1, ""Tierschutzpartei"": 1, ""ÖDP"": 1}"
mv:GEMEINDE:13076034,2026-09-20T17:28:39.054253+00:00,2026-09-20T17:20:05.289359+00:00,466,1,False,"{""AfD"": 214, ""BSW"": 14, ""CDU"": 11, ""Die Linke"": 20, ""FDP"": 3, ""GRÜNE"": 15, ""Handwerker Partei Deutschland"": 2, ""SPD"": 179, ""Team Freiheit"": 2, ""Tierschutzpartei"": 5, ""Volt"": 1}"
mv:GEMEINDE:13076050,2026-09-20T17:28:39.054253+00:00,2026-09-20T17:20:05.289359+00:00,88,1,False,"{""AfD"": 39, ""BSW"": 6, ""CDU"": 2, ""Die Linke"": 1, ""SPD"": 36, ""Tierschutzpartei"": 4}"
mv:GEMEINDE:13076054,2026-09-20T17:28:39.054253+00:00,2026-09-20T17:20:05.289359+00:00,360,1,False,"{""AfD"": 156, ""BSW"": 12, ""CDU"": 17, ""Die Linke"": 12, ""FDP"": 8, ""GRÜNE"": 8, ""Handwerker Partei Deutschland"": 3, ""KPD"": 1, ""PIRATEN"": 1, ""SPD"": 139, ""Tierschutzpartei"": 1, ""WLD"": 2}"
mv:GEMEINDE:13076055,2026-09-20T17:28:39.054253+00:00,2026-09-20T17:20:05.289359+00:00,316,1,False,"{""AfD"": 159, ""BSW"": 11, ""CDU"": 17, ""Die Linke"": 11, ""FDP"": 5, ""FREIE WÄHLER"": 1, ""GRÜNE"": 9, ""Handwerker Partei Deutschland"": 1, ""PIRATEN"": 1, ""SPD"": 97, ""Team Freiheit"": 1, ""Volt"": 1, ""WLD"": 2}"
mv:GEMEINDE:13076060,2026-09-20T17:28:39.054253+00:00,2026-09-20T17:20:05.289359+00:00,985,2,False,"{""AfD"": 350, ""BSW"": 25, ""CDU"": 47, ""Die Linke"": 61, ""Die PARTEI"": 5, ""FDP"": 11, ""FREIE WÄHLER"": 4, ""GRÜNE"": 23, ""Handwerker Partei Deutschland"": 3, ""PIRATEN"": 3, ""PdF"": 1, ""SPD"": 436, ""Team Freiheit"": 1, ""Tierschutzpartei"": 15}"
mv:GEMEINDE:13076068,2026-09-20T17:28:39.054253+00:00,2026-09-20T17:20:05.289359+00:00,311,1,False,"{""AfD"": 151, ""BSW"": 16, ""CDU"": 13, ""Die Linke"": 13, ""Die PARTEI"": 1, ""FDP"": 1, ""GRÜNE"": 7, ""Handwerker Partei Deutschland"": 1, ""SPD"": 99, ""Team Freiheit"": 1, ""Tierschutzpartei"": 7, ""ÖDP"": 1}"
mv:GEMEINDE:13076077,2026-09-20T17:28:39.054253+00:00,2026-09-20T17:20:05.289359+00:00,244,1,False,"{""AfD"": 111, ""BSW"": 21, ""CDU"": 3, ""Die Linke"": 12, ""GRÜNE"": 6, ""Handwerker Partei Deutschland"": 1, ""PIRATEN"": 1, ""SPD"": 87, ""Team Freiheit"": 1, ""Tierschutzpartei"": 1}"
mv:GEMEINDE:13076088,2026-09-20T17:28:39.054253+00:00,2026-09-20T17:20:05.289359+00:00,393,1,False,"{""AfD"": 177, ""BSW"": 16, ""CDU"": 10, ""Die Linke"": 10, ""Die PARTEI"": 1, ""FDP"": 1, ""FREIE WÄHLER"": 2, ""GRÜNE"": 6, ""SPD"": 162, ""Team Freiheit"": 2, ""Tierschutzpartei"": 4, ""Volt"": 1, ""WLD"": 1}"
mv:GEMEINDE:13076089,2026-09-20T17:28:39.054253+00:00,2026-09-20T17:20:05.289359+00:00,996,2,False,"{""AfD"": 512, ""BSW"": 44, ""Bündnis C"": 1, ""CDU"": 47, ""Die Linke"": 44, ""Die PARTEI"": 3, ""FDP"": 6, ""GRÜNE"": 8, ""Handwerker Partei Deutschland"": 3, ""PIRATEN"": 3, ""SPD"": 316, ""Team Freiheit"": 1, ""Tierschutzpartei"": 7, ""WLD"": 1}"
mv:GEMEINDE:13076099,2026-09-20T17:28:39.054253+00:00,2026-09-20T17:20:05.289359+00:00,247,1,False,"{""AfD"": 120, ""BSW"": 14, ""CDU"": 8, ""Die Linke"": 6, ""FDP"": 2, ""GRÜNE"": 10, ""Handwerker Partei Deutschland"": 3, ""SPD"": 82, ""Tierschutzpartei"": 2}"
mv:GEMEINDE:13076103,2026-09-20T17:28:39.054253+00:00,2026-09-20T17:20:05.289359+00:00,522,1,False,"{""AfD"": 222, ""BSW"": 14, ""CDU"": 25, ""Die Linke"": 15, ""FDP"": 9, ""FREIE WÄHLER"": 1, ""GRÜNE"": 7, ""Handwerker Partei Deutschland"": 4, ""PIRATEN"": 1, ""SPD"": 219, ""Team Freiheit"": 1, ""Tierschutzpartei"": 2, ""Volt"": 2}"
mv:GEMEINDE:13076105,2026-09-20T17:28:39.054253+00:00,2026-09-20T17:20:05.289359+00:00,1103,2,False,"{""AfD"": 548, ""BSW"": 50, ""CDU"": 53, ""Die Linke"": 35, ""Die PARTEI"": 2, ""FDP"": 12, ""FREIE WÄHLER"": 5, ""GRÜNE"": 25, ""Handwerker Partei Deutschland"": 2, ""KPD"": 2, ""PIRATEN"": 3, ""PdF"": 3, ""SPD"": 349, ""Tierschutzpartei"": 8, ""Volt"": 3, ""ÖDP"": 3}"
mv:GEMEINDE:13076108,2026-09-20T17:28:39.054253+00:00,2026-09-20T17:20:05.289359+00:00,251,1,False,"{""AfD"": 154, ""BSW"": 14, ""CDU"": 11, ""Die Linke"": 4, ""FDP"": 5, ""GRÜNE"": 3, ""Handwerker Partei Deutschland"": 4, ""PIRATEN"": 1, ""SPD"": 53, ""Team Freiheit"": 1, ""Tierschutzpartei"": 1}"
mv:GEMEINDE:13076113,2026-09-20T17:28:39.054253+00:00,2026-09-20T17:20:05.289359+00:00,831,1,False,"{""AfD"": 358, ""BSW"": 38, ""CDU"": 50, ""Die Linke"": 37, ""Die PARTEI"": 1, ""FDP"": 11, ""FREIE WÄHLER"": 7, ""GRÜNE"": 23, ""Handwerker Partei Deutschland"": 6, ""KPD"": 1, ""PIRATEN"": 1, ""SPD"": 287, ""Team Freiheit"": 1, ""Tierschutzpartei"": 10}"
mv:GEMEINDE:13076120,2026-09-20T17:28:39.054253+00:00,2026-09-20T17:20:05.289359+00:00,480,1,False,"{""AfD"": 246, ""BSW"": 32, ""CDU"": 26, ""Die Linke"": 23, ""Die PARTEI"": 1, ""FDP"": 3, ""GRÜNE"": 12, ""Handwerker Partei Deutschland"": 4, ""SPD"": 127, ""Team Freiheit"": 1, ""Tierschutzpartei"": 2, ""Volt"": 1, ""ÖDP"": 2}"
mv:GEMEINDE:13076134,2026-09-20T17:28:39.054253+00:00,2026-09-20T17:20:05.289359+00:00,175,1,False,"{""AfD"": 67, ""BSW"": 9, ""CDU"": 6, ""Die Linke"": 4, ""Die PARTEI"": 1, ""FDP"": 1, ""FREIE WÄHLER"": 2, ""GRÜNE"": 6, ""SPD"": 76, ""Team Freiheit"": 1, ""Tierschutzpartei"": 2}"
mv:GEMEINDE:13076140,2026-09-20T17:28:39.054253+00:00,2026-09-20T17:20:05.289359+00:00,169,1,False,"{""AfD"": 83, ""BSW"": 12, ""CDU"": 12, ""Die Linke"": 9, ""FDP"": 1, ""GRÜNE"": 5, ""Handwerker Partei Deutschland"": 3, ""PdF"": 1, ""SPD"": 41, ""Tierschutzpartei"": 2}"
mv:GEMEINDE:13076142,2026-09-20T17:28:39.054253+00:00,2026-09-20T17:20:05.289359+00:00,158,1,False,"{""AfD"": 63, ""BSW"": 6, ""CDU"": 1, ""Die Linke"": 7, ""Die PARTEI"": 2, ""FDP"": 1, ""FREIE WÄHLER"": 1, ""GRÜNE"": 4, ""PIRATEN"": 1, ""SPD"": 71, ""WLD"": 1}"
mv:GEMEINDE:13076143,2026-09-20T17:28:39.054253+00:00,2026-09-20T17:20:05.289359+00:00,585,1,False,"{""AfD"": 294, ""BSW"": 11, ""Bündnis C"": 12, ""CDU"": 31, ""Die Linke"": 12, ""Die PARTEI"": 2, ""FDP"": 4, ""FREIE WÄHLER"": 3, ""GRÜNE"": 17, ""Handwerker Partei Deutschland"": 2, ""KPD"": 1, ""SPD"": 182, ""Team Freiheit"": 4, ""Tierschutzpartei"": 7, ""Volt"": 1, ""WLD"": 2}"
mv:GEMEINDE:13076145,2026-09-20T17:28:39.054253+00:00,2026-09-20T17:20:05.289359+00:00,210,1,False,"{""AfD"": 98, ""BSW"": 17, ""CDU"": 4, ""Die Linke"": 10, ""Die PARTEI"": 1, ""FDP"": 1, ""GRÜNE"": 8, ""SPD"": 68, ""Team Freiheit"": 1, ""Tierschutzpartei"": 1, ""WLD"": 1}"
mv:GEMEINDE:13076152,2026-09-20T17:28:39.054253+00:00,2026-09-20T17:20:05.289359+00:00,203,1,False,"{""AfD"": 109, ""BSW"": 5, ""CDU"": 10, ""Die Linke"": 5, ""FDP"": 2, ""FREIE WÄHLER"": 2, ""GRÜNE"": 5, ""Handwerker Partei Deutschland"": 1, ""KPD"": 1, ""PIRATEN"": 1, ""SPD"": 58, ""Tierschutzpartei"": 2, ""WLD"": 2}"
mv:GEMEINDE:13076153,2026-09-20T17:28:39.054253+00:00,2026-09-20T17:20:05.289359+00:00,254,1,False,"{""AfD"": 110, ""BSW"": 8, ""CDU"": 12, ""Die Linke"": 14, ""FDP"": 1, ""FREIE WÄHLER"": 1, ""GRÜNE"": 11, ""PIRATEN"": 1, ""SPD"": 94, ""Tierschutzpartei"": 2}"
mv:GEMEINDE:13076165,2026-09-20T17:28:39.054253+00:00,2026-09-20T17:20:05.289359+00:00,230,1,False,"{""AfD"": 127, ""BSW"": 16, ""CDU"": 9, ""Die Linke"": 17, ""FDP"": 3, ""GRÜNE"": 10, ""Handwerker Partei Deutschland"": 2, ""SPD"": 41, ""Team Freiheit"": 1, ""Tierschutzpartei"": 2, ""WLD"": 2}"
mv:GEMEINDE:13076167,2026-09-20T17:28:39.054253+00:00,2026-09-20T17:20:05.289359+00:00,329,1,False,"{""AfD"": 164, ""BSW"": 13, ""CDU"": 12, ""Die Linke"": 15, ""Die PARTEI"": 1, ""FDP"": 2, ""FREIE WÄHLER"": 2, ""GRÜNE"": 10, ""PIRATEN"": 1, ""SPD"": 107, ""Tierschutzpartei"": 2}"
mv:WAHLKREIS:1,2026-09-20T17:28:39.054253+00:00,2026-09-20T17:20:05.289359+00:00,417,1,False,"{""AfD"": 113, ""BSW"": 15, ""CDU"": 22, ""Die Linke"": 57, ""Die PARTEI"": 4, ""FDP"": 13, ""FREIE WÄHLER"": 2, ""GRÜNE"": 69, ""Handwerker Partei Deutschland"": 1, ""KPD"": 1, ""PdF"": 1, ""SPD"": 111, ""Tierschutzpartei"": 5, ""Volt"": 3}"
mv:WAHLKREIS:10,2026-09-20T17:28:39.054253+00:00,2026-09-20T17:20:05.289359+00:00,1321,2,False,"{""AfD"": 519, ""BSW"": 48, ""CDU"": 55, ""Die Linke"": 69, ""Die PARTEI"": 5, ""FDP"": 12, ""FREIE WÄHLER"": 4, ""GRÜNE"": 68, ""Handwerker Partei Deutschland"": 3, ""KPD"": 2, ""PIRATEN"": 4, ""PdF"": 1, ""SPD"": 517, ""Team Freiheit"": 2, ""Tierschutzpartei"": 8, ""Volt"": 2, ""ÖDP"": 2}"
mv:WAHLKREIS:11,2026-09-20T17:28:39.054253+00:00,2026-09-20T17:20:05.289359+00:00,1364,3,False,"{""AfD"": 593, ""BSW"": 85, ""CDU"": 53, ""Die Linke"": 54, ""Die PARTEI"": 4, ""FDP"": 15, ""FREIE WÄHLER"": 7, ""GRÜNE"": 70, ""Handwerker Partei Deutschland"": 5, ""KPD"": 1, ""PIRATEN"": 3, ""PdF"": 1, ""SPD"": 451, ""Team Freiheit"": 8, ""Tierschutzpartei"": 12, ""WLD"": 1, ""ÖDP"": 1}"
mv:WAHLKREIS:12,2026-09-20T17:28:39.054253+00:00,2026-09-20T17:20:05.289359+00:00,265,1,False,"{""AfD"": 153, ""BSW"": 18, ""CDU"": 12, ""Die Linke"": 8, ""Die PARTEI"": 1, ""FDP"": 1, ""GRÜNE"": 7, ""SPD"": 59, ""Tierschutzpartei"": 4, ""WLD"": 2}"
mv:WAHLKREIS:13,2026-09-20T17:28:39.054253+00:00,2026-09-20T17:20:05.289359+00:00,1780,5,False,"{""AfD"": 988, ""BSW"": 95, ""Bündnis C"": 1, ""CDU"": 62, ""Die Linke"": 73, ""Die PARTEI"": 6, ""FDP"": 13, ""FREIE WÄHLER"": 3, ""GRÜNE"": 33, ""Handwerker Partei Deutschland"": 7, ""PIRATEN"": 5, ""PdF"": 1, ""SPD"": 470, ""Team Freiheit"": 1, ""Tierschutzpartei"": 15, ""Volt"": 5, ""WLD"": 2}"
mv:WAHLKREIS:14,2026-09-20T17:28:39.054253+00:00,2026-09-20T17:20:05.289359+00:00,887,2,False,"{""AfD"": 425, ""BSW"": 57, ""CDU"": 38, ""Die Linke"": 43, ""Die PARTEI"": 2, ""FDP"": 9, ""FREIE WÄHLER"": 3, ""GRÜNE"": 16, ""Handwerker Partei Deutschland"": 6, ""PIRATEN"": 2, ""SPD"": 281, ""Tierschutzpartei"": 4, ""ÖDP"": 1}"
mv:WAHLKREIS:15,2026-09-20T17:28:39.054253+00:00,2026-09-20T17:20:05.289359+00:00,1271,2,False,"{""AfD"": 668, ""BSW"": 55, ""Bündnis C"": 2, ""CDU"": 50, ""Die Linke"": 40, ""Die PARTEI"": 3, ""FDP"": 6, ""FREIE WÄHLER"": 1, ""GRÜNE"": 33, ""Handwerker Partei Deutschland"": 4, ""KPD"": 1, ""PIRATEN"": 1, ""SPD"": 386, ""Team Freiheit"": 3, ""Tierschutzpartei"": 12, ""Volt"": 1, ""WLD"": 3, ""ÖDP"": 2}"
mv:WAHLKREIS:16,2026-09-20T17:28:39.054253+00:00,2026-09-20T17:20:05.289359+00:00,2066,6,False,"{""AfD"": 962, ""BSW"": 119, ""CDU"": 76, ""Die Linke"": 101, ""Die PARTEI"": 3, ""FDP"": 23, ""FREIE WÄHLER"": 8, ""GRÜNE"": 86, ""Handwerker Partei Deutschland"": 4, ""PIRATEN"": 6, ""PdF"": 2, ""SPD"": 657, ""Team Freiheit"": 1, ""Tierschutzpartei"": 13, ""Volt"": 3, ""ÖDP"": 2}"
mv:WAHLKREIS:17,2026-09-20T17:28:39.054253+00:00,2026-09-20T17:20:05.289359+00:00,2160,6,False,"{""AfD"": 909, ""BSW"": 77, ""Bündnis C"": 1, ""CDU"": 87, ""Die Linke"": 85, ""Die PARTEI"": 3, ""FDP"": 24, ""FREIE WÄHLER"": 7, ""GRÜNE"": 60, ""Handwerker Partei Deutschland"": 14, ""KPD"": 2, ""PIRATEN"": 7, ""PdF"": 1, ""SPD"": 841, ""Team Freiheit"": 3, ""Tierschutzpartei"": 20, ""Volt"": 3, ""WLD"": 13, ""ÖDP"": 3}"
mv:WAHLKREIS:18,2026-09-20T17:28:39.054253+00:00,2026-09-20T17:20:05.289359+00:00,1645,5,False,"{""AfD"": 677, ""BSW"": 61, ""CDU"": 69, ""Die Linke"": 82, ""Die PARTEI"": 6, ""FDP"": 16, ""FREIE WÄHLER"": 6, ""GRÜNE"": 46, ""Handwerker Partei Deutschland"": 7, ""KPD"": 1, ""PIRATEN"": 4, ""PdF"": 1, ""SPD"": 644, ""Team Freiheit"": 2, ""Tierschutzpartei"": 20, ""WLD"": 3}"
mv:WAHLKREIS:19,2026-09-20T17:28:39.054253+00:00,2026-09-20T17:20:05.289359+00:00,371,3,False,"{""AfD"": 174, ""BSW"": 16, ""CDU"": 8, ""Die Linke"": 6, ""Die PARTEI"": 2, ""FREIE WÄHLER"": 3, ""GRÜNE"": 9, ""Handwerker Partei Deutschland"": 2, ""PIRATEN"": 1, ""SPD"": 142, ""Team Freiheit"": 2, ""Tierschutzpartei"": 5, ""ÖDP"": 1}"
mv:WAHLKREIS:2,2026-09-20T17:28:39.054253+00:00,2026-09-20T17:20:05.289359+00:00,754,1,False,"{""AfD"": 321, ""BSW"": 43, ""Bündnis C"": 1, ""CDU"": 23, ""Die Linke"": 49, ""Die PARTEI"": 1, ""FDP"": 3, ""FREIE WÄHLER"": 1, ""GRÜNE"": 27, ""KPD"": 3, ""PdF"": 1, ""SPD"": 266, ""Team Freiheit"": 3, ""Tierschutzpartei"": 9, ""Volt"": 2, ""WLD"": 1}"
mv:WAHLKREIS:20,2026-09-20T17:28:39.054253+00:00,2026-09-20T17:20:05.289359+00:00,1333,3,False,"{""AfD"": 596, ""BSW"": 74, ""Bündnis C"": 1, ""CDU"": 56, ""Die Linke"": 76, ""Die PARTEI"": 1, ""FDP"": 15, ""FREIE WÄHLER"": 3, ""GRÜNE"": 40, ""Handwerker Partei Deutschland"": 6, ""PIRATEN"": 3, ""PdF"": 1, ""SPD"": 444, ""Team Freiheit"": 1, ""Tierschutzpartei"": 14, ""WLD"": 1, ""ÖDP"": 1}"
mv:WAHLKREIS:21,2026-09-20T17:28:39.054253+00:00,2026-09-20T17:20:05.289359+00:00,922,3,False,"{""AfD"": 421, ""BSW"": 47, ""CDU"": 37, ""Die Linke"": 44, ""FDP"": 9, ""FREIE WÄHLER"": 1, ""GRÜNE"": 47, ""Handwerker Partei Deutschland"": 2, ""PdF"": 1, ""SPD"": 303, ""Team Freiheit"": 3, ""Tierschutzpartei"": 6, ""Volt"": 1}"
mv:WAHLKREIS:22,2026-09-20T17:28:39.054253+00:00,2026-09-20T17:20:05.289359+00:00,1307,4,False,"{""AfD"": 657, ""BSW"": 63, ""CDU"": 69, ""Die Linke"": 54, ""Die PARTEI"": 1, ""FDP"": 13, ""FREIE WÄHLER"": 1, ""GRÜNE"": 20, ""Handwerker Partei Deutschland"": 8, ""KPD"": 1, ""PIRATEN"": 2, ""PdF"": 1, ""SPD"": 399, ""Team Freiheit"": 2, ""Tierschutzpartei"": 10, ""Volt"": 2, ""WLD"": 3, ""ÖDP"": 1}"
mv:WAHLKREIS:23,2026-09-20T17:28:39.054253+00:00,2026-09-20T17:20:05.289359+00:00,988,3,False,"{""AfD"": 461, ""BSW"": 48, ""Bündnis C"": 2, ""CDU"": 65, ""Die Linke"": 44, ""Die PARTEI"": 5, ""FDP"": 11, ""FREIE WÄHLER"": 3, ""GRÜNE"": 46, ""Handwerker Partei Deutschland"": 8, ""KPD"": 1, ""PIRATEN"": 1, ""PdF"": 1, ""SPD"": 270, ""Team Freiheit"": 3, ""Tierschutzpartei"": 15, ""Volt"": 1, ""WLD"": 2, ""ÖDP"": 1}"
mv:WAHLKREIS:24,2026-09-20T17:28:39.054253+00:00,2026-09-20T17:20:05.289359+00:00,836,2,False,"{""AfD"": 437, ""BSW"": 44, ""CDU"": 55, ""Die Linke"": 33, ""Die PARTEI"": 2, ""FDP"": 15, ""FREIE WÄHLER"": 2, ""GRÜNE"": 22, ""PIRATEN"": 3, ""SPD"": 210, ""Team Freiheit"": 2, ""Tierschutzpartei"": 8, ""WLD"": 1, ""ÖDP"": 2}"
mv:WAHLKREIS:25,2026-09-20T17:28:39.054253+00:00,2026-09-20T17:20:05.289359+00:00,959,3,False,"{""AfD"": 453, ""BSW"": 47, ""CDU"": 45, ""Die Linke"": 49, ""Die PARTEI"": 2, ""FDP"": 5, ""FREIE WÄHLER"": 3, ""GRÜNE"": 36, ""Handwerker Partei Deutschland"": 2, ""KPD"": 2, ""PdF"": 1, ""SPD"": 296, ""Team Freiheit"": 6, ""Tierschutzpartei"": 11, ""Volt"": 1}"
mv:WAHLKREIS:27,2026-09-20T17:28:39.054253+00:00,2026-09-20T17:20:05.289359+00:00,3507,9,False,"{""AfD"": 1531, ""BSW"": 157, ""Bündnis C"": 10, ""CDU"": 128, ""Die Linke"": 160, ""Die PARTEI"": 9, ""FDP"": 30, ""FREIE WÄHLER"": 6, ""GRÜNE"": 155, ""Handwerker Partei Deutschland"": 18, ""KPD"": 7, ""PIRATEN"": 7, ""PdF"": 2, ""SPD"": 1238, ""Team Freiheit"": 8, ""Tierschutzpartei"": 28, ""Volt"": 7, ""WLD"": 3, ""ÖDP"": 3}"
mv:WAHLKREIS:28,2026-09-20T17:28:39.054253+00:00,2026-09-20T17:20:05.289359+00:00,1143,3,False,"{""AfD"": 572, ""BSW"": 56, ""Bündnis C"": 1, ""CDU"": 39, ""Die Linke"": 40, ""Die PARTEI"": 4, ""FDP"": 14, ""FREIE WÄHLER"": 2, ""GRÜNE"": 49, ""Handwerker Partei Deutschland"": 2, ""KPD"": 1, ""PIRATEN"": 1, ""SPD"": 347, ""Team Freiheit"": 2, ""Tierschutzpartei"": 12, ""ÖDP"": 1}"
mv:WAHLKREIS:29,2026-09-20T17:28:39.054253+00:00,2026-09-20T17:20:05.289359+00:00,1693,4,False,"{""AfD"": 809, ""BSW"": 71, ""Bündnis C"": 4, ""CDU"": 77, ""Die Linke"": 80, ""Die PARTEI"": 5, ""FDP"": 30, ""FREIE WÄHLER"": 5, ""GRÜNE"": 87, ""Handwerker Partei Deutschland"": 5, ""KPD"": 1, ""PIRATEN"": 3, ""SPD"": 495, ""Tierschutzpartei"": 17, ""WLD"": 2, ""ÖDP"": 2}"
mv:WAHLKREIS:3,2026-09-20T17:28:39.054253+00:00,2026-09-20T17:20:05.289359+00:00,1029,1,False,"{""AfD"": 225, ""BSW"": 74, ""Bündnis C"": 1, ""CDU"": 42, ""Die Linke"": 101, ""Die PARTEI"": 2, ""FDP"": 8, ""FREIE WÄHLER"": 2, ""GRÜNE"": 39, ""Handwerker Partei Deutschland"": 11, ""KPD"": 2, ""PIRATEN"": 4, ""PdF"": 4, ""SPD"": 499, ""Team Freiheit"": 3, ""Tierschutzpartei"": 9, ""Volt"": 2, ""ÖDP"": 1}"
mv:WAHLKREIS:30,2026-09-20T17:28:39.054253+00:00,2026-09-20T17:20:05.289359+00:00,848,2,False,"{""AfD"": 469, ""BSW"": 25, ""CDU"": 37, ""Die Linke"": 34, ""Die PARTEI"": 3, ""FDP"": 19, ""FREIE WÄHLER"": 1, ""GRÜNE"": 32, ""Handwerker Partei Deutschland"": 4, ""PIRATEN"": 3, ""SPD"": 207, ""Tierschutzpartei"": 11, ""Volt"": 2, ""ÖDP"": 1}"
mv:WAHLKREIS:31,2026-09-20T17:28:39.054253+00:00,2026-09-20T17:20:05.289359+00:00,785,3,False,"{""AfD"": 389, ""BSW"": 53, ""CDU"": 25, ""Die Linke"": 42, ""Die PARTEI"": 1, ""FDP"": 4, ""GRÜNE"": 23, ""Handwerker Partei Deutschland"": 4, ""PIRATEN"": 1, ""SPD"": 227, ""Team Freiheit"": 3, ""Tierschutzpartei"": 10, ""WLD"": 2, ""ÖDP"": 1}"
mv:WAHLKREIS:32,2026-09-20T17:28:39.054253+00:00,2026-09-20T17:20:05.289359+00:00,1226,3,False,"{""AfD"": 546, ""BSW"": 67, ""CDU"": 66, ""Die Linke"": 56, ""Die PARTEI"": 1, ""FDP"": 14, ""FREIE WÄHLER"": 7, ""GRÜNE"": 33, ""Handwerker Partei Deutschland"": 12, ""KPD"": 1, ""PIRATEN"": 1, ""PdF"": 1, ""SPD"": 405, ""Team Freiheit"": 3, ""Tierschutzpartei"": 13}"
mv:WAHLKREIS:33,2026-09-20T17:28:39.054253+00:00,2026-09-20T17:20:05.289359+00:00,610,1,False,"{""AfD"": 266, ""BSW"": 22, ""CDU"": 30, ""Die Linke"": 29, ""Die PARTEI"": 2, ""FDP"": 4, ""FREIE WÄHLER"": 2, ""GRÜNE"": 32, ""Handwerker Partei Deutschland"": 8, ""PIRATEN"": 1, ""PdF"": 1, ""SPD"": 201, ""Team Freiheit"": 1, ""Tierschutzpartei"": 8, ""Volt"": 1, ""ÖDP"": 2}"
mv:WAHLKREIS:34,2026-09-20T17:28:39.054253+00:00,2026-09-20T17:20:05.289359+00:00,407,1,False,"{""AfD"": 185, ""BSW"": 15, ""Bündnis C"": 1, ""CDU"": 31, ""Die Linke"": 16, ""Die PARTEI"": 1, ""FDP"": 1, ""FREIE WÄHLER"": 1, ""GRÜNE"": 18, ""Handwerker Partei Deutschland"": 2, ""PIRATEN"": 1, ""SPD"": 128, ""Team Freiheit"": 4, ""Tierschutzpartei"": 2, ""Volt"": 1}"
mv:WAHLKREIS:35,2026-09-20T17:28:39.054253+00:00,2026-09-20T17:20:05.289359+00:00,883,2,False,"{""AfD"": 500, ""BSW"": 17, ""Bündnis C"": 3, ""CDU"": 27, ""Die Linke"": 32, ""Die PARTEI"": 4, ""FDP"": 14, ""FREIE WÄHLER"": 6, ""GRÜNE"": 8, ""Handwerker Partei Deutschland"": 4, ""PIRATEN"": 2, ""PdF"": 1, ""SPD"": 254, ""Team Freiheit"": 2, ""Tierschutzpartei"": 4, ""Volt"": 1, ""WLD"": 1, ""ÖDP"": 3}"
mv:WAHLKREIS:36,2026-09-20T17:28:39.054253+00:00,2026-09-20T17:20:05.289359+00:00,1786,5,False,"{""AfD"": 964, ""BSW"": 77, ""Bündnis C"": 3, ""CDU"": 68, ""Die Linke"": 76, ""Die PARTEI"": 4, ""FDP"": 6, ""FREIE WÄHLER"": 2, ""GRÜNE"": 29, ""Handwerker Partei Deutschland"": 6, ""KPD"": 1, ""PIRATEN"": 3, ""PdF"": 3, ""SPD"": 511, ""Team Freiheit"": 6, ""Tierschutzpartei"": 25, ""Volt"": 1, ""ÖDP"": 1}"
mv:WAHLKREIS:4,2026-09-20T17:28:39.054253+00:00,2026-09-20T17:20:05.289359+00:00,627,1,False,"{""AfD"": 271, ""BSW"": 37, ""CDU"": 13, ""Die Linke"": 42, ""Die PARTEI"": 1, ""FDP"": 2, ""FREIE WÄHLER"": 3, ""GRÜNE"": 26, ""Handwerker Partei Deutschland"": 1, ""PIRATEN"": 3, ""SPD"": 216, ""Tierschutzpartei"": 10, ""Volt"": 2}"
mv:WAHLKREIS:6,2026-09-20T17:28:39.054253+00:00,2026-09-20T17:20:05.289359+00:00,588,1,False,"{""AfD"": 79, ""BSW"": 21, ""Bündnis C"": 1, ""CDU"": 17, ""Die Linke"": 124, ""Die PARTEI"": 4, ""FDP"": 6, ""FREIE WÄHLER"": 1, ""GRÜNE"": 157, ""PIRATEN"": 3, ""PdF"": 4, ""SPD"": 161, ""Team Freiheit"": 2, ""Tierschutzpartei"": 7, ""Volt"": 1}"
mv:WAHLKREIS:8,2026-09-20T17:28:39.054253+00:00,2026-09-20T17:20:05.289359+00:00,781,1,False,"{""AfD"": 300, ""BSW"": 34, ""CDU"": 45, ""Die Linke"": 39, ""FDP"": 6, ""FREIE WÄHLER"": 7, ""GRÜNE"": 64, ""Handwerker Partei Deutschland"": 3, ""PIRATEN"": 1, ""SPD"": 278, ""Team Freiheit"": 1, ""Tierschutzpartei"": 2, ""Volt"": 1}"
mv:WAHLKREIS:9,2026-09-20T17:28:39.054253+00:00,2026-09-20T17:20:05.289359+00:00,1731,3,False,"{""AfD"": 688, ""BSW"": 66, ""CDU"": 86, ""Die Linke"": 102, ""Die PARTEI"": 2, ""FDP"": 12, ""FREIE WÄHLER"": 4, ""GRÜNE"": 69, ""Handwerker Partei Deutschland"": 3, ""PIRATEN"": 2, ""SPD"": 688, ""Team Freiheit"": 2, ""Tierschutzpartei"": 4, ""Volt"": 2, ""ÖDP"": 1}"
mv:WAHLKREIS:1,2026-09-20T17:32:55.701092+00:00,2026-09-20T17:28:39.054253+00:00,540,1,False,"{""AfD"": 185, ""BSW"": 27, ""CDU"": 46, ""Die Linke"": 22, ""FDP"": 9, ""GRÜNE"": 53, ""Handwerker Partei Deutschland"": 1, ""SPD"": 195, ""Volt"": 2}"
mv:WAHLKREIS:10,2026-09-20T17:32:55.701092+00:00,2026-09-20T17:28:39.054253+00:00,774,1,False,"{""AfD"": 313, ""BSW"": 19, ""CDU"": 48, ""Die Linke"": 35, ""Die PARTEI"": 1, ""FDP"": 2, ""GRÜNE"": 27, ""Handwerker Partei Deutschland"": 4, ""PIRATEN"": 1, ""PdF"": 2, ""SPD"": 316, ""Team Freiheit"": 2, ""Tierschutzpartei"": 4}"
mv:WAHLKREIS:11,2026-09-20T17:32:55.701092+00:00,2026-09-20T17:28:39.054253+00:00,717,2,False,"{""AfD"": 271, ""BSW"": 34, ""CDU"": 29, ""Die Linke"": 36, ""Die PARTEI"": 4, ""FDP"": 10, ""FREIE WÄHLER"": 1, ""GRÜNE"": 56, ""Handwerker Partei Deutschland"": 10, ""KPD"": 1, ""PIRATEN"": 1, ""PdF"": 1, ""SPD"": 252, ""Team Freiheit"": 2, ""Tierschutzpartei"": 7, ""Volt"": 1, ""ÖDP"": 1}"
mv:WAHLKREIS:12,2026-09-20T17:32:55.701092+00:00,2026-09-20T17:28:39.054253+00:00,1067,3,False,"{""AfD"": 405, ""BSW"": 60, ""Bündnis C"": 1, ""CDU"": 67, ""Die Linke"": 48, ""FDP"": 15, ""FREIE WÄHLER"": 2, ""GRÜNE"": 57, ""Handwerker Partei Deutschland"": 2, ""PdF"": 3, ""SPD"": 392, ""Team Freiheit"": 5, ""Tierschutzpartei"": 4, ""Volt"": 2, ""WLD"": 1, ""ÖDP"": 3}"
mv:WAHLKREIS:13,2026-09-20T17:32:55.701092+00:00,2026-09-20T17:28:39.054253+00:00,230,1,False,"{""AfD"": 109, ""BSW"": 10, ""CDU"": 15, ""Die Linke"": 14, ""FDP"": 2, ""FREIE WÄHLER"": 1, ""GRÜNE"": 2, ""SPD"": 76, ""Tierschutzpartei"": 1}"
mv:WAHLKREIS:14,2026-09-20T17:32:55.701092+00:00,2026-09-20T17:28:39.054253+00:00,814,2,False,"{""AfD"": 470, ""BSW"": 42, ""CDU"": 31, ""Die Linke"": 27, ""Die PARTEI"": 1, ""FDP"": 4, ""FREIE WÄHLER"": 3, ""GRÜNE"": 7, ""Handwerker Partei Deutschland"": 1, ""KPD"": 1, ""PIRATEN"": 2, ""SPD"": 219, ""Team Freiheit"": 1, ""Tierschutzpartei"": 3, ""Volt"": 1, ""ÖDP"": 1}"
mv:WAHLKREIS:15,2026-09-20T17:32:55.701092+00:00,2026-09-20T17:28:39.054253+00:00,432,1,False,"{""AfD"": 237, ""BSW"": 21, ""Bündnis C"": 2, ""CDU"": 15, ""Die Linke"": 14, ""FDP"": 2, ""FREIE WÄHLER"": 1, ""GRÜNE"": 3, ""PIRATEN"": 2, ""SPD"": 127, ""Team Freiheit"": 1, ""Tierschutzpartei"": 3, ""Volt"": 1, ""WLD"": 3}"
mv:WAHLKREIS:16,2026-09-20T17:32:55.701092+00:00,2026-09-20T17:28:39.054253+00:00,906,1,False,"{""AfD"": 370, ""BSW"": 39, ""CDU"": 30, ""Die Linke"": 44, ""FDP"": 10, ""FREIE WÄHLER"": 2, ""GRÜNE"": 14, ""Handwerker Partei Deutschland"": 1, ""KPD"": 1, ""PdF"": 1, ""SPD"": 380, ""Team Freiheit"": 3, ""Tierschutzpartei"": 9, ""Volt"": 2}"
mv:WAHLKREIS:17,2026-09-20T17:32:55.701092+00:00,2026-09-20T17:28:39.054253+00:00,1444,3,False,"{""AfD"": 685, ""BSW"": 41, ""Bündnis C"": 12, ""CDU"": 52, ""Die Linke"": 42, ""Die PARTEI"": 3, ""FDP"": 8, ""FREIE WÄHLER"": 5, ""GRÜNE"": 38, ""Handwerker Partei Deutschland"": 4, ""KPD"": 1, ""SPD"": 523, ""Team Freiheit"": 8, ""Tierschutzpartei"": 16, ""Volt"": 3, ""WLD"": 3}"
mv:WAHLKREIS:18,2026-09-20T17:32:55.701092+00:00,2026-09-20T17:28:39.054253+00:00,254,1,False,"{""AfD"": 110, ""BSW"": 8, ""CDU"": 12, ""Die Linke"": 14, ""FDP"": 1, ""FREIE WÄHLER"": 1, ""GRÜNE"": 11, ""PIRATEN"": 1, ""SPD"": 94, ""Tierschutzpartei"": 2}"
mv:WAHLKREIS:19,2026-09-20T17:32:55.701092+00:00,2026-09-20T17:28:39.054253+00:00,1278,3,False,"{""AfD"": 615, ""BSW"": 59, ""CDU"": 59, ""Die Linke"": 39, ""Die PARTEI"": 3, ""FDP"": 13, ""FREIE WÄHLER"": 7, ""GRÜNE"": 31, ""Handwerker Partei Deutschland"": 2, ""KPD"": 2, ""PIRATEN"": 3, ""PdF"": 3, ""SPD"": 425, ""Team Freiheit"": 1, ""Tierschutzpartei"": 10, ""Volt"": 3, ""ÖDP"": 3}"
mv:WAHLKREIS:20,2026-09-20T17:32:55.701092+00:00,2026-09-20T17:28:39.054253+00:00,1936,4,False,"{""AfD"": 922, ""BSW"": 103, ""CDU"": 70, ""Die Linke"": 98, ""Die PARTEI"": 8, ""FDP"": 12, ""FREIE WÄHLER"": 5, ""GRÜNE"": 60, ""Handwerker Partei Deutschland"": 8, ""KPD"": 2, ""PIRATEN"": 2, ""PdF"": 1, ""SPD"": 617, ""Team Freiheit"": 2, ""Tierschutzpartei"": 14, ""Volt"": 3, ""WLD"": 8, ""ÖDP"": 1}"
mv:WAHLKREIS:21,2026-09-20T17:32:55.701092+00:00,2026-09-20T17:28:39.054253+00:00,1003,2,False,"{""AfD"": 362, ""BSW"": 68, ""CDU"": 28, ""Die Linke"": 61, ""Die PARTEI"": 2, ""FDP"": 10, ""FREIE WÄHLER"": 2, ""GRÜNE"": 96, ""Handwerker Partei Deutschland"": 5, ""PIRATEN"": 2, ""PdF"": 1, ""SPD"": 341, ""Team Freiheit"": 5, ""Tierschutzpartei"": 14, ""Volt"": 2, ""WLD"": 1, ""ÖDP"": 3}"
mv:WAHLKREIS:22,2026-09-20T17:32:55.701092+00:00,2026-09-20T17:28:39.054253+00:00,873,2,False,"{""AfD"": 494, ""BSW"": 53, ""CDU"": 20, ""Die Linke"": 30, ""Die PARTEI"": 1, ""FDP"": 7, ""FREIE WÄHLER"": 2, ""GRÜNE"": 15, ""Handwerker Partei Deutschland"": 9, ""KPD"": 1, ""PIRATEN"": 1, ""SPD"": 226, ""Team Freiheit"": 2, ""Tierschutzpartei"": 10, ""WLD"": 1, ""ÖDP"": 1}"
mv:WAHLKREIS:23,2026-09-20T17:32:55.701092+00:00,2026-09-20T17:28:39.054253+00:00,1072,2,False,"{""AfD"": 454, ""BSW"": 60, ""CDU"": 41, ""Die Linke"": 57, ""Die PARTEI"": 5, ""FDP"": 8, ""FREIE WÄHLER"": 4, ""GRÜNE"": 40, ""Handwerker Partei Deutschland"": 4, ""KPD"": 1, ""PIRATEN"": 1, ""SPD"": 373, ""Team Freiheit"": 3, ""Tierschutzpartei"": 16, ""Volt"": 3, ""WLD"": 1, ""ÖDP"": 1}"
mv:WAHLKREIS:25,2026-09-20T17:32:55.701092+00:00,2026-09-20T17:28:39.054253+00:00,1938,4,False,"{""AfD"": 1006, ""BSW"": 99, ""Bündnis C"": 1, ""CDU"": 61, ""Die Linke"": 70, ""Die PARTEI"": 5, ""FDP"": 17, ""FREIE WÄHLER"": 13, ""GRÜNE"": 67, ""Handwerker Partei Deutschland"": 8, ""PIRATEN"": 4, ""PdF"": 1, ""SPD"": 552, ""Team Freiheit"": 2, ""Tierschutzpartei"": 24, ""Volt"": 3, ""WLD"": 3, ""ÖDP"": 2}"
mv:WAHLKREIS:26,2026-09-20T17:32:55.701092+00:00,2026-09-20T17:28:39.054253+00:00,636,1,False,"{""AfD"": 344, ""BSW"": 25, ""Bündnis C"": 1, ""CDU"": 12, ""Die Linke"": 44, ""Die PARTEI"": 1, ""FDP"": 2, ""FREIE WÄHLER"": 3, ""GRÜNE"": 26, ""Handwerker Partei Deutschland"": 1, ""KPD"": 1, ""PIRATEN"": 5, ""SPD"": 161, ""Team Freiheit"": 2, ""Tierschutzpartei"": 8}"
mv:WAHLKREIS:27,2026-09-20T17:32:55.701092+00:00,2026-09-20T17:28:39.054253+00:00,1084,3,False,"{""AfD"": 538, ""BSW"": 44, ""CDU"": 36, ""Die Linke"": 46, ""Die PARTEI"": 1, ""FDP"": 5, ""FREIE WÄHLER"": 2, ""GRÜNE"": 54, ""Handwerker Partei Deutschland"": 5, ""KPD"": 2, ""PIRATEN"": 2, ""PdF"": 1, ""SPD"": 331, ""Team Freiheit"": 1, ""Tierschutzpartei"": 12, ""Volt"": 2, ""WLD"": 1, ""ÖDP"": 1}"
mv:WAHLKREIS:28,2026-09-20T17:32:55.701092+00:00,2026-09-20T17:28:39.054253+00:00,2162,4,False,"{""AfD"": 1026, ""BSW"": 110, ""Bündnis C"": 1, ""CDU"": 79, ""Die Linke"": 82, ""Die PARTEI"": 3, ""FDP"": 16, ""FREIE WÄHLER"": 7, ""GRÜNE"": 91, ""Handwerker Partei Deutschland"": 7, ""PIRATEN"": 6, ""PdF"": 1, ""SPD"": 698, ""Team Freiheit"": 5, ""Tierschutzpartei"": 24, ""Volt"": 5, ""ÖDP"": 1}"
mv:WAHLKREIS:29,2026-09-20T17:32:55.701092+00:00,2026-09-20T17:28:39.054253+00:00,1699,3,False,"{""AfD"": 741, ""BSW"": 67, ""Bündnis C"": 5, ""CDU"": 99, ""Die Linke"": 70, ""Die PARTEI"": 2, ""FDP"": 24, ""FREIE WÄHLER"": 10, ""GRÜNE"": 57, ""Handwerker Partei Deutschland"": 16, ""PIRATEN"": 4, ""PdF"": 1, ""SPD"": 582, ""Team Freiheit"": 7, ""Tierschutzpartei"": 13, ""WLD"": 1}"
mv:WAHLKREIS:3,2026-09-20T17:32:55.701092+00:00,2026-09-20T17:28:39.054253+00:00,857,2,False,"{""AfD"": 337, ""BSW"": 62, ""Bündnis C"": 1, ""CDU"": 28, ""Die Linke"": 80, ""Die PARTEI"": 2, ""FDP"": 8, ""FREIE WÄHLER"": 1, ""GRÜNE"": 32, ""Handwerker Partei Deutschland"": 7, ""KPD"": 1, ""PIRATEN"": 3, ""PdF"": 1, ""SPD"": 284, ""Team Freiheit"": 2, ""Tierschutzpartei"": 6, ""Volt"": 2}"
mv:WAHLKREIS:30,2026-09-20T17:32:55.701092+00:00,2026-09-20T17:28:39.054253+00:00,1709,3,False,"{""AfD"": 874, ""BSW"": 57, ""Bündnis C"": 3, ""CDU"": 69, ""Die Linke"": 78, ""Die PARTEI"": 4, ""FDP"": 17, ""FREIE WÄHLER"": 7, ""GRÜNE"": 46, ""Handwerker Partei Deutschland"": 2, ""KPD"": 2, ""PIRATEN"": 2, ""SPD"": 503, ""Team Freiheit"": 1, ""Tierschutzpartei"": 40, ""Volt"": 3, ""WLD"": 1}"
mv:WAHLKREIS:31,2026-09-20T17:32:55.701092+00:00,2026-09-20T17:28:39.054253+00:00,1727,4,False,"{""AfD"": 912, ""BSW"": 90, ""Bündnis C"": 1, ""CDU"": 84, ""Die Linke"": 71, ""Die PARTEI"": 4, ""FDP"": 14, ""GRÜNE"": 23, ""Handwerker Partei Deutschland"": 11, ""PIRATEN"": 4, ""SPD"": 496, ""Team Freiheit"": 3, ""Tierschutzpartei"": 10, ""Volt"": 1, ""WLD"": 1, ""ÖDP"": 2}"
mv:WAHLKREIS:32,2026-09-20T17:32:55.701092+00:00,2026-09-20T17:28:39.054253+00:00,833,2,False,"{""AfD"": 364, ""BSW"": 44, ""CDU"": 30, ""Die Linke"": 34, ""Die PARTEI"": 4, ""FDP"": 6, ""FREIE WÄHLER"": 3, ""GRÜNE"": 26, ""Handwerker Partei Deutschland"": 2, ""KPD"": 1, ""PIRATEN"": 1, ""SPD"": 315, ""Tierschutzpartei"": 3}"
mv:WAHLKREIS:34,2026-09-20T17:32:55.701092+00:00,2026-09-20T17:28:39.054253+00:00,391,2,False,"{""AfD"": 189, ""BSW"": 16, ""CDU"": 18, ""Die Linke"": 9, ""Die PARTEI"": 1, ""FDP"": 6, ""GRÜNE"": 18, ""Handwerker Partei Deutschland"": 3, ""PdF"": 2, ""SPD"": 124, ""Tierschutzpartei"": 4, ""Volt"": 1}"
mv:WAHLKREIS:35,2026-09-20T17:32:55.701092+00:00,2026-09-20T17:28:39.054253+00:00,540,1,False,"{""AfD"": 282, ""BSW"": 21, ""Bündnis C"": 1, ""CDU"": 23, ""Die Linke"": 22, ""Die PARTEI"": 1, ""FDP"": 8, ""FREIE WÄHLER"": 2, ""GRÜNE"": 14, ""Handwerker Partei Deutschland"": 2, ""KPD"": 1, ""PIRATEN"": 2, ""SPD"": 149, ""Tierschutzpartei"": 8, ""Volt"": 2, ""WLD"": 2}"
mv:WAHLKREIS:36,2026-09-20T17:32:55.701092+00:00,2026-09-20T17:28:39.054253+00:00,1630,4,False,"{""AfD"": 872, ""BSW"": 57, ""CDU"": 70, ""Die Linke"": 72, ""Die PARTEI"": 2, ""FDP"": 11, ""FREIE WÄHLER"": 9, ""GRÜNE"": 30, ""Handwerker Partei Deutschland"": 2, ""KPD"": 2, ""PIRATEN"": 5, ""PdF"": 2, ""SPD"": 460, ""Team Freiheit"": 2, ""Tierschutzpartei"": 30, ""WLD"": 2, ""ÖDP"": 2}"
mv:WAHLKREIS:4,2026-09-20T17:32:55.701092+00:00,2026-09-20T17:28:39.054253+00:00,713,1,False,"{""AfD"": 248, ""BSW"": 30, ""CDU"": 23, ""Die Linke"": 67, ""Die PARTEI"": 1, ""FDP"": 7, ""GRÜNE"": 37, ""Handwerker Partei Deutschland"": 1, ""KPD"": 1, ""PIRATEN"": 4, ""PdF"": 1, ""SPD"": 286, ""Team Freiheit"": 2, ""Tierschutzpartei"": 4, ""Volt"": 1}"
mv:WAHLKREIS:5,2026-09-20T17:32:55.701092+00:00,2026-09-20T17:28:39.054253+00:00,1067,2,False,"{""AfD"": 312, ""BSW"": 52, ""CDU"": 45, ""Die Linke"": 114, ""Die PARTEI"": 2, ""FDP"": 4, ""FREIE WÄHLER"": 7, ""GRÜNE"": 87, ""Handwerker Partei Deutschland"": 1, ""KPD"": 1, ""PIRATEN"": 4, ""PdF"": 3, ""SPD"": 417, ""Team Freiheit"": 3, ""Tierschutzpartei"": 11, ""Volt"": 1, ""WLD"": 2, ""ÖDP"": 1}"
mv:WAHLKREIS:6,2026-09-20T17:32:55.701092+00:00,2026-09-20T17:28:39.054253+00:00,2328,4,False,"{""AfD"": 595, ""BSW"": 90, ""Bündnis C"": 3, ""CDU"": 78, ""Die Linke"": 324, ""Die PARTEI"": 8, ""FDP"": 17, ""FREIE WÄHLER"": 3, ""GRÜNE"": 314, ""Handwerker Partei Deutschland"": 7, ""PIRATEN"": 6, ""PdF"": 2, ""SPD"": 831, ""Team Freiheit"": 5, ""Tierschutzpartei"": 26, ""Volt"": 11, ""WLD"": 2, ""ÖDP"": 6}"
mv:WAHLKREIS:7,2026-09-20T17:32:55.701092+00:00,2026-09-20T17:28:39.054253+00:00,652,1,False,"{""AfD"": 241, ""BSW"": 43, ""Bündnis C"": 1, ""CDU"": 18, ""Die Linke"": 60, ""Die PARTEI"": 2, ""FDP"": 2, ""FREIE WÄHLER"": 2, ""GRÜNE"": 27, ""Handwerker Partei Deutschland"": 5, ""PIRATEN"": 3, ""SPD"": 237, ""Tierschutzpartei"": 9, ""Volt"": 2}"
mv:WAHLKREIS:8,2026-09-20T17:32:55.701092+00:00,2026-09-20T17:28:39.054253+00:00,2263,3,False,"{""AfD"": 429, ""BSW"": 92, ""Bündnis C"": 2, ""CDU"": 156, ""Die Linke"": 247, ""Die PARTEI"": 10, ""FDP"": 23, ""FREIE WÄHLER"": 14, ""GRÜNE"": 299, ""Handwerker Partei Deutschland"": 12, ""PIRATEN"": 4, ""PdF"": 2, ""SPD"": 952, ""Team Freiheit"": 5, ""Tierschutzpartei"": 10, ""Volt"": 5, ""WLD"": 1}"
mv:WAHLKREIS:9,2026-09-20T17:32:55.701092+00:00,2026-09-20T17:28:39.054253+00:00,820,1,False,"{""AfD"": 352, ""BSW"": 31, ""CDU"": 12, ""Die Linke"": 47, ""Die PARTEI"": 5, ""FDP"": 7, ""FREIE WÄHLER"": 4, ""GRÜNE"": 15, ""Handwerker Partei Deutschland"": 3, ""PIRATEN"": 1, ""PdF"": 1, ""SPD"": 329, ""Team Freiheit"": 2, ""Tierschutzpartei"": 7, ""Volt"": 1, ""WLD"": 2, ""ÖDP"": 1}"
mv:GEMEINDE:13003000,2026-09-20T17:41:44.718272+00:00,2026-09-20T17:32:55.701092+00:00,8849,16,False,"{""AfD"": 2881, ""BSW"": 431, ""Bündnis C"": 14, ""CDU"": 283, ""Die Linke"": 1046, ""Die PARTEI"": 27, ""FDP"": 76, ""FREIE WÄHLER"": 12, ""GRÜNE"": 744, ""Handwerker Partei Deutschland"": 25, ""KPD"": 17, ""PIRATEN"": 35, ""PdF"": 10, ""SPD"": 3083, ""Team Freiheit"": 15, ""Tierschutzpartei"": 105, ""Volt"": 33, ""WLD"": 8, ""ÖDP"": 4}"
mv:GEMEINDE:13004000,2026-09-20T17:41:44.718272+00:00,2026-09-20T17:32:55.701092+00:00,5678,8,False,"{""AfD"": 1771, ""BSW"": 301, ""Bündnis C"": 4, ""CDU"": 259, ""Die Linke"": 500, ""Die PARTEI"": 19, ""FDP"": 51, ""FREIE WÄHLER"": 24, ""GRÜNE"": 461, ""Handwerker Partei Deutschland"": 20, ""KPD"": 5, ""PIRATEN"": 14, ""PdF"": 4, ""SPD"": 2143, ""Team Freiheit"": 25, ""Tierschutzpartei"": 49, ""Volt"": 15, ""WLD"": 2, ""ÖDP"": 11}"
mv:GEMEINDE:13071021,2026-09-20T17:41:44.718272+00:00,2026-09-20T17:32:55.701092+00:00,1769,3,False,"{""AfD"": 891, ""BSW"": 117, ""CDU"": 73, ""Die Linke"": 66, ""FDP"": 8, ""FREIE WÄHLER"": 3, ""GRÜNE"": 38, ""Handwerker Partei Deutschland"": 4, ""KPD"": 2, ""PIRATEN"": 6, ""PdF"": 1, ""SPD"": 537, ""Team Freiheit"": 2, ""Tierschutzpartei"": 18, ""WLD"": 2, ""ÖDP"": 1}"
mv:GEMEINDE:13071029,2026-09-20T17:41:44.718272+00:00,2026-09-20T17:32:55.701092+00:00,1746,2,False,"{""AfD"": 1015, ""BSW"": 87, ""Bündnis C"": 1, ""CDU"": 66, ""Die Linke"": 65, ""Die PARTEI"": 1, ""FDP"": 14, ""FREIE WÄHLER"": 6, ""GRÜNE"": 24, ""Handwerker Partei Deutschland"": 10, ""KPD"": 1, ""PIRATEN"": 2, ""PdF"": 1, ""SPD"": 430, ""Team Freiheit"": 3, ""Tierschutzpartei"": 15, ""Volt"": 1, ""WLD"": 2, ""ÖDP"": 2}"
mv:GEMEINDE:13071035,2026-09-20T17:41:44.718272+00:00,2026-09-20T17:32:55.701092+00:00,497,1,False,"{""AfD"": 314, ""BSW"": 23, ""CDU"": 8, ""Die Linke"": 17, ""FDP"": 2, ""FREIE WÄHLER"": 2, ""GRÜNE"": 6, ""Handwerker Partei Deutschland"": 4, ""SPD"": 119, ""Tierschutzpartei"": 2}"
mv:GEMEINDE:13071067,2026-09-20T17:41:44.718272+00:00,2026-09-20T17:32:55.701092+00:00,488,1,False,"{""AfD"": 233, ""BSW"": 27, ""CDU"": 23, ""Die Linke"": 22, ""Die PARTEI"": 1, ""FDP"": 1, ""FREIE WÄHLER"": 2, ""GRÜNE"": 11, ""Handwerker Partei Deutschland"": 1, ""SPD"": 162, ""Tierschutzpartei"": 3, ""Volt"": 1, ""ÖDP"": 1}"
mv:GEMEINDE:13071071,2026-09-20T17:41:44.718272+00:00,2026-09-20T17:32:55.701092+00:00,377,1,False,"{""AfD"": 208, ""BSW"": 27, ""CDU"": 22, ""Die Linke"": 15, ""Die PARTEI"": 4, ""FDP"": 1, ""GRÜNE"": 16, ""Handwerker Partei Deutschland"": 4, ""KPD"": 1, ""SPD"": 76, ""Team Freiheit"": 2, ""Tierschutzpartei"": 1}"
mv:GEMEINDE:13071081,2026-09-20T17:41:44.718272+00:00,2026-09-20T17:32:55.701092+00:00,132,1,False,"{""AfD"": 68, ""BSW"": 2, ""CDU"": 3, ""Die Linke"": 9, ""FREIE WÄHLER"": 1, ""GRÜNE"": 6, ""SPD"": 42, ""Volt"": 1}"
mv:GEMEINDE:13071090,2026-09-20T17:41:44.718272+00:00,2026-09-20T17:32:55.701092+00:00,605,1,False,"{""AfD"": 328, ""BSW"": 48, ""CDU"": 17, ""Die Linke"": 12, ""Die PARTEI"": 2, ""FDP"": 3, ""FREIE WÄHLER"": 2, ""GRÜNE"": 21, ""Handwerker Partei Deutschland"": 2, ""PIRATEN"": 1, ""SPD"": 156, ""Team Freiheit"": 5, ""Tierschutzpartei"": 6, ""Volt"": 1, ""ÖDP"": 1}"
mv:GEMEINDE:13071093,2026-09-20T17:41:44.718272+00:00,2026-09-20T17:32:55.701092+00:00,507,1,False,"{""AfD"": 280, ""BSW"": 27, ""CDU"": 5, ""Die Linke"": 11, ""Die PARTEI"": 1, ""FDP"": 4, ""FREIE WÄHLER"": 2, ""GRÜNE"": 19, ""Handwerker Partei Deutschland"": 2, ""PIRATEN"": 1, ""SPD"": 148, ""Team Freiheit"": 1, ""Tierschutzpartei"": 6}"
mv:GEMEINDE:13071107,2026-09-20T17:41:44.718272+00:00,2026-09-20T17:32:55.701092+00:00,1853,3,False,"{""AfD"": 704, ""BSW"": 111, ""CDU"": 73, ""Die Linke"": 156, ""Die PARTEI"": 12, ""FDP"": 20, ""FREIE WÄHLER"": 1, ""GRÜNE"": 96, ""Handwerker Partei Deutschland"": 9, ""PIRATEN"": 1, ""SPD"": 638, ""Team Freiheit"": 3, ""Tierschutzpartei"": 16, ""Volt"": 9, ""WLD"": 3, ""ÖDP"": 1}"
mv:GEMEINDE:13071110,2026-09-20T17:41:44.718272+00:00,2026-09-20T17:32:55.701092+00:00,1125,2,False,"{""AfD"": 525, ""BSW"": 64, ""CDU"": 35, ""Die Linke"": 58, ""Die PARTEI"": 4, ""FDP"": 10, ""FREIE WÄHLER"": 2, ""GRÜNE"": 39, ""Handwerker Partei Deutschland"": 5, ""PIRATEN"": 1, ""SPD"": 371, ""Tierschutzpartei"": 10, ""WLD"": 1}"
mv:GEMEINDE:13071117,2026-09-20T17:41:44.718272+00:00,2026-09-20T17:32:55.701092+00:00,283,1,False,"{""AfD"": 152, ""BSW"": 13, ""Bündnis C"": 2, ""CDU"": 5, ""Die Linke"": 8, ""GRÜNE"": 12, ""Handwerker Partei Deutschland"": 1, ""SPD"": 87, ""Tierschutzpartei"": 2, ""ÖDP"": 1}"
mv:GEMEINDE:13071119,2026-09-20T17:41:44.718272+00:00,2026-09-20T17:32:55.701092+00:00,194,1,False,"{""AfD"": 85, ""BSW"": 11, ""CDU"": 4, ""Die Linke"": 18, ""FDP"": 1, ""GRÜNE"": 2, ""Handwerker Partei Deutschland"": 3, ""SPD"": 69, ""Tierschutzpartei"": 1}"
mv:GEMEINDE:13071124,2026-09-20T17:41:44.718272+00:00,2026-09-20T17:32:55.701092+00:00,500,1,False,"{""AfD"": 216, ""BSW"": 30, ""CDU"": 20, ""Die Linke"": 23, ""Die PARTEI"": 1, ""FDP"": 2, ""FREIE WÄHLER"": 2, ""GRÜNE"": 14, ""Handwerker Partei Deutschland"": 4, ""KPD"": 2, ""PIRATEN"": 1, ""SPD"": 169, ""Team Freiheit"": 3, ""Tierschutzpartei"": 9, ""Volt"": 1, ""WLD"": 2, ""ÖDP"": 1}"
mv:GEMEINDE:13071142,2026-09-20T17:41:44.718272+00:00,2026-09-20T17:32:55.701092+00:00,490,1,False,"{""AfD"": 229, ""BSW"": 22, ""CDU"": 17, ""Die Linke"": 22, ""Die PARTEI"": 2, ""FDP"": 4, ""FREIE WÄHLER"": 3, ""GRÜNE"": 9, ""Handwerker Partei Deutschland"": 2, ""SPD"": 177, ""Team Freiheit"": 1, ""Tierschutzpartei"": 2}"
mv:GEMEINDE:13071156,2026-09-20T17:41:44.718272+00:00,2026-09-20T17:32:55.701092+00:00,1386,2,False,"{""AfD"": 638, ""BSW"": 70, ""Bündnis C"": 1, ""CDU"": 53, ""Die Linke"": 38, ""FDP"": 11, ""FREIE WÄHLER"": 1, ""GRÜNE"": 57, ""Handwerker Partei Deutschland"": 9, ""KPD"": 3, ""PIRATEN"": 4, ""PdF"": 2, ""SPD"": 486, ""Team Freiheit"": 2, ""Tierschutzpartei"": 8, ""ÖDP"": 3}"
mv:GEMEINDE:13071159,2026-09-20T17:41:44.718272+00:00,2026-09-20T17:32:55.701092+00:00,496,1,False,"{""AfD"": 206, ""BSW"": 25, ""CDU"": 16, ""Die Linke"": 34, ""FDP"": 2, ""FREIE WÄHLER"": 1, ""GRÜNE"": 13, ""KPD"": 3, ""SPD"": 189, ""Tierschutzpartei"": 6, ""WLD"": 1}"
mv:GEMEINDE:13071162,2026-09-20T17:41:44.718272+00:00,2026-09-20T17:32:55.701092+00:00,305,1,False,"{""AfD"": 149, ""BSW"": 20, ""CDU"": 4, ""Die Linke"": 12, ""Die PARTEI"": 1, ""FDP"": 2, ""FREIE WÄHLER"": 1, ""GRÜNE"": 19, ""Handwerker Partei Deutschland"": 2, ""SPD"": 90, ""Tierschutzpartei"": 5}"
mv:GEMEINDE:13071163,2026-09-20T17:41:44.718272+00:00,2026-09-20T17:32:55.701092+00:00,160,1,False,"{""AfD"": 80, ""BSW"": 11, ""CDU"": 8, ""Die Linke"": 3, ""FDP"": 1, ""FREIE WÄHLER"": 1, ""GRÜNE"": 6, ""Handwerker Partei Deutschland"": 1, ""KPD"": 1, ""PdF"": 1, ""SPD"": 44, ""Team Freiheit"": 1, ""Tierschutzpartei"": 1, ""WLD"": 1}"
mv:GEMEINDE:13071164,2026-09-20T17:41:44.718272+00:00,2026-09-20T17:32:55.701092+00:00,645,1,False,"{""AfD"": 384, ""BSW"": 29, ""CDU"": 17, ""Die Linke"": 22, ""Die PARTEI"": 1, ""FDP"": 6, ""FREIE WÄHLER"": 1, ""GRÜNE"": 4, ""Handwerker Partei Deutschland"": 1, ""PdF"": 1, ""SPD"": 169, ""Team Freiheit"": 6, ""Tierschutzpartei"": 2, ""Volt"": 1, ""ÖDP"": 1}"
mv:GEMEINDE:13071752,2026-09-20T17:41:44.718272+00:00,2026-09-20T17:32:55.701092+00:00,509,1,False,"{""AfD"": 180, ""BSW"": 19, ""CDU"": 36, ""Die Linke"": 25, ""FDP"": 4, ""FREIE WÄHLER"": 3, ""GRÜNE"": 18, ""Handwerker Partei Deutschland"": 2, ""SPD"": 212, ""Team Freiheit"": 3, ""Tierschutzpartei"": 4, ""Volt"": 2, ""ÖDP"": 1}"
mv:GEMEINDE:13072005,2026-09-20T17:41:44.718272+00:00,2026-09-20T17:32:55.701092+00:00,308,1,False,"{""AfD"": 110, ""BSW"": 16, ""CDU"": 10, ""Die Linke"": 13, ""Die PARTEI"": 1, ""FDP"": 4, ""GRÜNE"": 12, ""KPD"": 1, ""PIRATEN"": 2, ""SPD"": 132, ""Team Freiheit"": 1, ""Tierschutzpartei"": 5, ""ÖDP"": 1}"
mv:GEMEINDE:13072006,2026-09-20T17:41:44.718272+00:00,2026-09-20T17:32:55.701092+00:00,692,1,False,"{""AfD"": 266, ""BSW"": 20, ""CDU"": 10, ""Die Linke"": 45, ""FDP"": 8, ""FREIE WÄHLER"": 2, ""GRÜNE"": 30, ""Handwerker Partei Deutschland"": 5, ""KPD"": 3, ""PIRATEN"": 1, ""SPD"": 285, ""Tierschutzpartei"": 16, ""Volt"": 1}"
mv:GEMEINDE:13072013,2026-09-20T17:41:44.718272+00:00,2026-09-20T17:32:55.701092+00:00,320,1,False,"{""AfD"": 187, ""BSW"": 27, ""CDU"": 2, ""Die Linke"": 9, ""Die PARTEI"": 1, ""FDP"": 3, ""FREIE WÄHLER"": 3, ""GRÜNE"": 7, ""Handwerker Partei Deutschland"": 3, ""PIRATEN"": 2, ""PdF"": 1, ""SPD"": 72, ""Team Freiheit"": 2, ""Tierschutzpartei"": 1}"
mv:GEMEINDE:13072020,2026-09-20T17:41:44.718272+00:00,2026-09-20T17:32:55.701092+00:00,1308,2,False,"{""AfD"": 503, ""BSW"": 78, ""Bündnis C"": 2, ""CDU"": 60, ""Die Linke"": 83, ""Die PARTEI"": 3, ""FDP"": 9, ""FREIE WÄHLER"": 5, ""GRÜNE"": 53, ""Handwerker Partei Deutschland"": 7, ""KPD"": 3, ""PIRATEN"": 3, ""PdF"": 2, ""SPD"": 477, ""Team Freiheit"": 3, ""Tierschutzpartei"": 13, ""Volt"": 2, ""WLD"": 1, ""ÖDP"": 1}"
mv:GEMEINDE:13072022,2026-09-20T17:41:44.718272+00:00,2026-09-20T17:32:55.701092+00:00,208,1,False,"{""AfD"": 112, ""BSW"": 18, ""CDU"": 5, ""Die Linke"": 7, ""FDP"": 4, ""FREIE WÄHLER"": 1, ""GRÜNE"": 9, ""Handwerker Partei Deutschland"": 1, ""KPD"": 1, ""SPD"": 45, ""Team Freiheit"": 2, ""Tierschutzpartei"": 2, ""ÖDP"": 1}"
mv:GEMEINDE:13072029,2026-09-20T17:41:44.718272+00:00,2026-09-20T17:32:55.701092+00:00,543,2,False,"{""AfD"": 251, ""BSW"": 25, ""Bündnis C"": 2, ""CDU"": 25, ""Die Linke"": 17, ""Die PARTEI"": 1, ""FDP"": 7, ""FREIE WÄHLER"": 4, ""GRÜNE"": 17, ""Handwerker Partei Deutschland"": 1, ""PIRATEN"": 1, ""PdF"": 1, ""SPD"": 176, ""Team Freiheit"": 4, ""Tierschutzpartei"": 8, ""WLD"": 3}"
mv:GEMEINDE:13072035,2026-09-20T17:41:44.718272+00:00,2026-09-20T17:32:55.701092+00:00,464,1,False,"{""AfD"": 178, ""BSW"": 22, ""Bündnis C"": 1, ""CDU"": 47, ""Die Linke"": 24, ""Die PARTEI"": 1, ""FDP"": 3, ""FREIE WÄHLER"": 5, ""GRÜNE"": 14, ""Handwerker Partei Deutschland"": 4, ""PIRATEN"": 1, ""SPD"": 163, ""Tierschutzpartei"": 1}"
mv:GEMEINDE:13072041,2026-09-20T17:41:44.718272+00:00,2026-09-20T17:32:55.701092+00:00,394,1,False,"{""AfD"": 163, ""BSW"": 14, ""CDU"": 73, ""Die Linke"": 6, ""Die PARTEI"": 1, ""FDP"": 6, ""FREIE WÄHLER"": 6, ""GRÜNE"": 7, ""Handwerker Partei Deutschland"": 3, ""PIRATEN"": 1, ""SPD"": 111, ""Team Freiheit"": 1, ""Tierschutzpartei"": 1, ""WLD"": 1}"
mv:GEMEINDE:13072042,2026-09-20T17:41:44.718272+00:00,2026-09-20T17:32:55.701092+00:00,362,1,False,"{""AfD"": 195, ""BSW"": 12, ""Bündnis C"": 1, ""CDU"": 12, ""Die Linke"": 13, ""FDP"": 6, ""FREIE WÄHLER"": 2, ""GRÜNE"": 7, ""Handwerker Partei Deutschland"": 2, ""PIRATEN"": 1, ""SPD"": 108, ""Tierschutzpartei"": 3}"
mv:GEMEINDE:13072049,2026-09-20T17:41:44.718272+00:00,2026-09-20T17:32:55.701092+00:00,459,1,False,"{""AfD"": 230, ""BSW"": 31, ""CDU"": 27, ""Die Linke"": 10, ""FDP"": 5, ""FREIE WÄHLER"": 1, ""GRÜNE"": 6, ""Handwerker Partei Deutschland"": 1, ""PIRATEN"": 2, ""SPD"": 142, ""Tierschutzpartei"": 4}"
mv:GEMEINDE:13072056,2026-09-20T17:41:44.718272+00:00,2026-09-20T17:32:55.701092+00:00,794,2,False,"{""AfD"": 378, ""BSW"": 42, ""Bündnis C"": 2, ""CDU"": 31, ""Die Linke"": 28, ""Die PARTEI"": 2, ""FDP"": 10, ""FREIE WÄHLER"": 2, ""GRÜNE"": 10, ""Handwerker Partei Deutschland"": 3, ""PIRATEN"": 2, ""SPD"": 264, ""Team Freiheit"": 7, ""Tierschutzpartei"": 11, ""WLD"": 2}"
mv:GEMEINDE:13072066,2026-09-20T17:41:44.718272+00:00,2026-09-20T17:32:55.701092+00:00,234,1,False,"{""AfD"": 149, ""BSW"": 6, ""CDU"": 9, ""Die Linke"": 7, ""FDP"": 2, ""GRÜNE"": 11, ""SPD"": 48, ""Team Freiheit"": 1, ""Tierschutzpartei"": 1}"
mv:GEMEINDE:13072075,2026-09-20T17:41:44.718272+00:00,2026-09-20T17:32:55.701092+00:00,544,1,False,"{""AfD"": 213, ""BSW"": 45, ""CDU"": 30, ""Die Linke"": 26, ""Die PARTEI"": 1, ""FDP"": 11, ""FREIE WÄHLER"": 1, ""GRÜNE"": 33, ""Handwerker Partei Deutschland"": 1, ""SPD"": 172, ""Team Freiheit"": 1, ""Tierschutzpartei"": 8, ""WLD"": 2}"
mv:GEMEINDE:13072091,2026-09-20T17:41:44.718272+00:00,2026-09-20T17:32:55.701092+00:00,618,1,False,"{""AfD"": 251, ""BSW"": 37, ""CDU"": 20, ""Die Linke"": 25, ""Die PARTEI"": 3, ""FDP"": 5, ""GRÜNE"": 27, ""Handwerker Partei Deutschland"": 2, ""PIRATEN"": 2, ""SPD"": 241, ""Team Freiheit"": 2, ""Tierschutzpartei"": 3}"
mv:GEMEINDE:13072093,2026-09-20T17:41:44.718272+00:00,2026-09-20T17:32:55.701092+00:00,559,1,False,"{""AfD"": 242, ""BSW"": 34, ""CDU"": 23, ""Die Linke"": 37, ""Die PARTEI"": 3, ""FDP"": 3, ""FREIE WÄHLER"": 3, ""GRÜNE"": 27, ""Handwerker Partei Deutschland"": 5, ""PIRATEN"": 1, ""PdF"": 1, ""SPD"": 173, ""Tierschutzpartei"": 7}"
mv:GEMEINDE:13072106,2026-09-20T17:41:44.718272+00:00,2026-09-20T17:32:55.701092+00:00,871,1,False,"{""AfD"": 431, ""BSW"": 30, ""CDU"": 34, ""Die Linke"": 31, ""Die PARTEI"": 1, ""FDP"": 8, ""FREIE WÄHLER"": 1, ""GRÜNE"": 20, ""Handwerker Partei Deutschland"": 4, ""KPD"": 1, ""PIRATEN"": 1, ""PdF"": 1, ""SPD"": 297, ""Team Freiheit"": 1, ""Tierschutzpartei"": 8, ""Volt"": 2}"
mv:GEMEINDE:13072754,2026-09-20T17:41:44.718272+00:00,2026-09-20T17:32:55.701092+00:00,392,1,False,"{""AfD"": 116, ""BSW"": 29, ""Bündnis C"": 1, ""CDU"": 28, ""Die Linke"": 23, ""FDP"": 6, ""FREIE WÄHLER"": 2, ""GRÜNE"": 32, ""Handwerker Partei Deutschland"": 7, ""SPD"": 142, ""Tierschutzpartei"": 4, ""WLD"": 1, ""ÖDP"": 1}"
mv:GEMEINDE:13073001,2026-09-20T17:41:44.718272+00:00,2026-09-20T17:32:55.701092+00:00,304,1,False,"{""AfD"": 166, ""BSW"": 15, ""CDU"": 8, ""Die Linke"": 20, ""Die PARTEI"": 2, ""GRÜNE"": 13, ""SPD"": 77, ""Team Freiheit"": 1, ""Tierschutzpartei"": 1, ""Volt"": 1}"
mv:GEMEINDE:13073019,2026-09-20T17:41:44.718272+00:00,2026-09-20T17:32:55.701092+00:00,584,1,False,"{""AfD"": 341, ""BSW"": 34, ""CDU"": 21, ""Die Linke"": 18, ""Die PARTEI"": 2, ""FDP"": 9, ""FREIE WÄHLER"": 2, ""GRÜNE"": 4, ""KPD"": 2, ""SPD"": 146, ""Tierschutzpartei"": 5}"
mv:GEMEINDE:13073024,2026-09-20T17:41:44.718272+00:00,2026-09-20T17:32:55.701092+00:00,334,1,False,"{""AfD"": 173, ""BSW"": 10, ""CDU"": 22, ""Die Linke"": 15, ""FDP"": 7, ""FREIE WÄHLER"": 2, ""GRÜNE"": 4, ""SPD"": 90, ""Tierschutzpartei"": 9, ""Volt"": 1, ""ÖDP"": 1}"
mv:GEMEINDE:13073025,2026-09-20T17:41:44.718272+00:00,2026-09-20T17:32:55.701092+00:00,403,1,False,"{""AfD"": 183, ""BSW"": 23, ""CDU"": 18, ""Die Linke"": 6, ""Die PARTEI"": 2, ""FDP"": 7, ""FREIE WÄHLER"": 5, ""GRÜNE"": 24, ""Handwerker Partei Deutschland"": 3, ""PdF"": 1, ""SPD"": 124, ""Team Freiheit"": 1, ""Tierschutzpartei"": 4, ""Volt"": 1, ""WLD"": 1}"
mv:GEMEINDE:13073027,2026-09-20T17:41:44.718272+00:00,2026-09-20T17:32:55.701092+00:00,329,2,False,"{""AfD"": 153, ""BSW"": 16, ""Bündnis C"": 1, ""CDU"": 16, ""Die Linke"": 12, ""FDP"": 7, ""FREIE WÄHLER"": 2, ""GRÜNE"": 18, ""Handwerker Partei Deutschland"": 1, ""PIRATEN"": 1, ""SPD"": 93, ""Team Freiheit"": 2, ""Tierschutzpartei"": 6, ""Volt"": 1}"
mv:GEMEINDE:13073029,2026-09-20T17:41:44.718272+00:00,2026-09-20T17:32:55.701092+00:00,279,1,False,"{""AfD"": 183, ""BSW"": 10, ""CDU"": 9, ""Die Linke"": 10, ""Die PARTEI"": 1, ""FDP"": 4, ""FREIE WÄHLER"": 1, ""GRÜNE"": 4, ""Handwerker Partei Deutschland"": 2, ""SPD"": 51, ""Tierschutzpartei"": 4}"
mv:GEMEINDE:13073035,2026-09-20T17:41:44.718272+00:00,2026-09-20T17:32:55.701092+00:00,961,2,False,"{""AfD"": 531, ""BSW"": 38, ""CDU"": 53, ""Die Linke"": 41, ""Die PARTEI"": 1, ""FDP"": 2, ""FREIE WÄHLER"": 2, ""GRÜNE"": 18, ""Handwerker Partei Deutschland"": 5, ""KPD"": 2, ""PdF"": 1, ""SPD"": 251, ""Team Freiheit"": 4, ""Tierschutzpartei"": 9, ""Volt"": 3}"
mv:GEMEINDE:13073061,2026-09-20T17:41:44.718272+00:00,2026-09-20T17:32:55.701092+00:00,485,1,False,"{""AfD"": 272, ""BSW"": 22, ""CDU"": 17, ""Die Linke"": 24, ""Die PARTEI"": 2, ""FDP"": 3, ""FREIE WÄHLER"": 3, ""GRÜNE"": 17, ""Handwerker Partei Deutschland"": 1, ""KPD"": 1, ""PIRATEN"": 3, ""SPD"": 108, ""Team Freiheit"": 3, ""Tierschutzpartei"": 6, ""Volt"": 1, ""WLD"": 1, ""ÖDP"": 1}"
mv:GEMEINDE:13073068,2026-09-20T17:41:44.718272+00:00,2026-09-20T17:32:55.701092+00:00,721,1,False,"{""AfD"": 294, ""BSW"": 37, ""Bündnis C"": 1, ""CDU"": 34, ""Die Linke"": 30, ""Die PARTEI"": 1, ""FDP"": 9, ""FREIE WÄHLER"": 1, ""GRÜNE"": 39, ""Handwerker Partei Deutschland"": 3, ""KPD"": 2, ""PIRATEN"": 1, ""PdF"": 1, ""SPD"": 252, ""Team Freiheit"": 2, ""Tierschutzpartei"": 11, ""Volt"": 2, ""WLD"": 1}"
mv:GEMEINDE:13073078,2026-09-20T17:41:44.718272+00:00,2026-09-20T17:32:55.701092+00:00,1010,1,False,"{""AfD"": 554, ""BSW"": 44, ""CDU"": 37, ""Die Linke"": 53, ""Die PARTEI"": 3, ""FDP"": 11, ""FREIE WÄHLER"": 4, ""GRÜNE"": 20, ""Handwerker Partei Deutschland"": 3, ""KPD"": 3, ""PIRATEN"": 1, ""SPD"": 254, ""Team Freiheit"": 5, ""Tierschutzpartei"": 18}"
mv:GEMEINDE:13073080,2026-09-20T17:41:44.718272+00:00,2026-09-20T17:32:55.701092+00:00,747,1,False,"{""AfD"": 375, ""BSW"": 38, ""CDU"": 16, ""Die Linke"": 39, ""Die PARTEI"": 1, ""FDP"": 1, ""GRÜNE"": 5, ""Handwerker Partei Deutschland"": 12, ""PIRATEN"": 4, ""PdF"": 1, ""SPD"": 243, ""Team Freiheit"": 2, ""Tierschutzpartei"": 7, ""Volt"": 2, ""ÖDP"": 1}"
mv:GEMEINDE:13073088,2026-09-20T17:41:44.718272+00:00,2026-09-20T17:32:55.701092+00:00,1613,2,False,"{""AfD"": 714, ""BSW"": 82, ""Bündnis C"": 3, ""CDU"": 97, ""Die Linke"": 60, ""Die PARTEI"": 7, ""FDP"": 25, ""FREIE WÄHLER"": 5, ""GRÜNE"": 79, ""Handwerker Partei Deutschland"": 13, ""KPD"": 1, ""PIRATEN"": 1, ""PdF"": 2, ""SPD"": 484, ""Team Freiheit"": 10, ""Tierschutzpartei"": 26, ""Volt"": 3, ""ÖDP"": 1}"
mv:GEMEINDE:13073089,2026-09-20T17:41:44.718272+00:00,2026-09-20T17:32:55.701092+00:00,690,2,False,"{""AfD"": 244, ""BSW"": 35, ""CDU"": 65, ""Die Linke"": 37, ""Die PARTEI"": 4, ""FDP"": 9, ""GRÜNE"": 46, ""Handwerker Partei Deutschland"": 5, ""PIRATEN"": 2, ""SPD"": 232, ""Team Freiheit"": 2, ""Tierschutzpartei"": 5, ""Volt"": 2, ""WLD"": 1, ""ÖDP"": 1}"
mv:GEMEINDE:13073090,2026-09-20T17:41:44.718272+00:00,2026-09-20T17:32:55.701092+00:00,382,1,False,"{""AfD"": 179, ""BSW"": 32, ""CDU"": 10, ""Die Linke"": 24, ""FDP"": 2, ""FREIE WÄHLER"": 1, ""GRÜNE"": 20, ""SPD"": 110, ""Tierschutzpartei"": 3, ""Volt"": 1}"
mv:GEMEINDE:13073098,2026-09-20T17:41:44.718272+00:00,2026-09-20T17:32:55.701092+00:00,296,1,False,"{""AfD"": 171, ""BSW"": 17, ""CDU"": 12, ""Die Linke"": 12, ""FDP"": 3, ""GRÜNE"": 13, ""Handwerker Partei Deutschland"": 2, ""SPD"": 61, ""Team Freiheit"": 1, ""Tierschutzpartei"": 3, ""ÖDP"": 1}"
mv:GEMEINDE:13073101,2026-09-20T17:41:44.718272+00:00,2026-09-20T17:32:55.701092+00:00,480,1,False,"{""AfD"": 245, ""BSW"": 19, ""CDU"": 31, ""Die Linke"": 15, ""Die PARTEI"": 2, ""FDP"": 3, ""GRÜNE"": 15, ""PIRATEN"": 1, ""SPD"": 137, ""Team Freiheit"": 3, ""Tierschutzpartei"": 7, ""Volt"": 1, ""ÖDP"": 1}"
mv:GEMEINDE:13074002,2026-09-20T17:41:44.718272+00:00,2026-09-20T17:32:55.701092+00:00,1207,2,False,"{""AfD"": 562, ""BSW"": 53, ""Bündnis C"": 1, ""CDU"": 38, ""Die Linke"": 56, ""FDP"": 8, ""FREIE WÄHLER"": 5, ""GRÜNE"": 40, ""Handwerker Partei Deutschland"": 11, ""PIRATEN"": 1, ""SPD"": 409, ""Team Freiheit"": 2, ""Tierschutzpartei"": 20, ""WLD"": 1}"
mv:GEMEINDE:13074015,2026-09-20T17:41:44.718272+00:00,2026-09-20T17:32:55.701092+00:00,298,1,False,"{""AfD"": 107, ""BSW"": 19, ""CDU"": 18, ""Die Linke"": 8, ""FDP"": 6, ""FREIE WÄHLER"": 2, ""GRÜNE"": 9, ""Handwerker Partei Deutschland"": 1, ""SPD"": 127, ""Tierschutzpartei"": 1}"
mv:GEMEINDE:13074016,2026-09-20T17:41:44.718272+00:00,2026-09-20T17:32:55.701092+00:00,646,1,False,"{""AfD"": 298, ""BSW"": 39, ""CDU"": 23, ""Die Linke"": 35, ""Die PARTEI"": 3, ""FDP"": 1, ""FREIE WÄHLER"": 2, ""GRÜNE"": 32, ""Handwerker Partei Deutschland"": 1, ""KPD"": 1, ""PIRATEN"": 1, ""SPD"": 197, ""Team Freiheit"": 3, ""Tierschutzpartei"": 10}"
mv:GEMEINDE:13074026,2026-09-20T17:41:44.718272+00:00,2026-09-20T17:32:55.701092+00:00,511,1,False,"{""AfD"": 102, ""BSW"": 35, ""CDU"": 28, ""Die Linke"": 32, ""Die PARTEI"": 3, ""FDP"": 6, ""FREIE WÄHLER"": 8, ""GRÜNE"": 28, ""Handwerker Partei Deutschland"": 5, ""SPD"": 247, ""Team Freiheit"": 1, ""Tierschutzpartei"": 8, ""Volt"": 6, ""WLD"": 2}"
mv:GEMEINDE:13074037,2026-09-20T17:41:44.718272+00:00,2026-09-20T17:32:55.701092+00:00,515,1,False,"{""AfD"": 214, ""BSW"": 26, ""Bündnis C"": 1, ""CDU"": 18, ""Die Linke"": 15, ""FDP"": 7, ""FREIE WÄHLER"": 2, ""GRÜNE"": 39, ""Handwerker Partei Deutschland"": 2, ""KPD"": 1, ""PIRATEN"": 2, ""SPD"": 184, ""Team Freiheit"": 1, ""Tierschutzpartei"": 2, ""WLD"": 1}"
mv:GEMEINDE:13074049,2026-09-20T17:41:44.718272+00:00,2026-09-20T17:32:55.701092+00:00,631,1,False,"{""AfD"": 263, ""BSW"": 26, ""CDU"": 20, ""Die Linke"": 24, ""Die PARTEI"": 2, ""FDP"": 9, ""FREIE WÄHLER"": 4, ""GRÜNE"": 43, ""Handwerker Partei Deutschland"": 4, ""SPD"": 226, ""Team Freiheit"": 1, ""Tierschutzpartei"": 9}"
mv:GEMEINDE:13074076,2026-09-20T17:41:44.718272+00:00,2026-09-20T17:32:55.701092+00:00,687,1,False,"{""AfD"": 302, ""BSW"": 34, ""Bündnis C"": 2, ""CDU"": 20, ""Die Linke"": 23, ""Die PARTEI"": 5, ""FDP"": 7, ""FREIE WÄHLER"": 3, ""GRÜNE"": 31, ""Handwerker Partei Deutschland"": 3, ""SPD"": 249, ""Tierschutzpartei"": 7, ""Volt"": 1}"
mv:GEMEINDE:13074077,2026-09-20T17:41:44.718272+00:00,2026-09-20T17:32:55.701092+00:00,382,1,False,"{""AfD"": 178, ""BSW"": 21, ""CDU"": 17, ""Die Linke"": 10, ""Die PARTEI"": 2, ""FDP"": 1, ""FREIE WÄHLER"": 3, ""GRÜNE"": 14, ""Handwerker Partei Deutschland"": 2, ""KPD"": 1, ""PIRATEN"": 1, ""SPD"": 131, ""Tierschutzpartei"": 1}"
mv:GEMEINDE:13074081,2026-09-20T17:41:44.718272+00:00,2026-09-20T17:32:55.701092+00:00,278,1,False,"{""AfD"": 147, ""BSW"": 11, ""CDU"": 8, ""Die Linke"": 15, ""FDP"": 2, ""FREIE WÄHLER"": 2, ""GRÜNE"": 9, ""SPD"": 81, ""Team Freiheit"": 1, ""Tierschutzpartei"": 2}"
mv:GEMEINDE:13074087,2026-09-20T17:41:44.718272+00:00,2026-09-20T17:32:55.701092+00:00,564,1,False,"{""AfD"": 113, ""BSW"": 22, ""CDU"": 27, ""Die Linke"": 36, ""FDP"": 5, ""FREIE WÄHLER"": 1, ""GRÜNE"": 39, ""Handwerker Partei Deutschland"": 4, ""KPD"": 1, ""PIRATEN"": 1, ""PdF"": 2, ""SPD"": 299, ""Tierschutzpartei"": 12, ""WLD"": 1, ""ÖDP"": 1}"
mv:GEMEINDE:13074093,2026-09-20T17:41:44.718272+00:00,2026-09-20T17:32:55.701092+00:00,399,1,False,"{""AfD"": 199, ""BSW"": 15, ""CDU"": 12, ""Die Linke"": 23, ""FDP"": 1, ""FREIE WÄHLER"": 2, ""GRÜNE"": 13, ""Handwerker Partei Deutschland"": 4, ""PIRATEN"": 2, ""SPD"": 121, ""Tierschutzpartei"": 4, ""WLD"": 2, ""ÖDP"": 1}"
mv:GEMEINDE:13075005,2026-09-20T17:41:44.718272+00:00,2026-09-20T17:32:55.701092+00:00,1713,3,False,"{""AfD"": 997, ""BSW"": 69, ""Bündnis C"": 2, ""CDU"": 50, ""Die Linke"": 47, ""Die PARTEI"": 4, ""FDP"": 20, ""FREIE WÄHLER"": 4, ""GRÜNE"": 12, ""Handwerker Partei Deutschland"": 3, ""KPD"": 2, ""PIRATEN"": 3, ""SPD"": 472, ""Team Freiheit"": 3, ""Tierschutzpartei"": 22, ""Volt"": 2, ""WLD"": 1}"
mv:GEMEINDE:13075007,2026-09-20T17:41:44.718272+00:00,2026-09-20T17:32:55.701092+00:00,173,1,False,"{""AfD"": 118, ""BSW"": 3, ""CDU"": 7, ""Die Linke"": 4, ""FDP"": 3, ""GRÜNE"": 2, ""SPD"": 32, ""Tierschutzpartei"": 4}"
mv:GEMEINDE:13075016,2026-09-20T17:41:44.718272+00:00,2026-09-20T17:32:55.701092+00:00,263,1,False,"{""AfD"": 158, ""BSW"": 5, ""CDU"": 10, ""Die Linke"": 5, ""FDP"": 4, ""FREIE WÄHLER"": 2, ""GRÜNE"": 4, ""Handwerker Partei Deutschland"": 1, ""KPD"": 1, ""SPD"": 68, ""Team Freiheit"": 1, ""Tierschutzpartei"": 2, ""WLD"": 1, ""ÖDP"": 1}"
mv:GEMEINDE:13075027,2026-09-20T17:41:44.718272+00:00,2026-09-20T17:32:55.701092+00:00,611,1,False,"{""AfD"": 331, ""BSW"": 19, ""Bündnis C"": 2, ""CDU"": 19, ""Die Linke"": 25, ""Die PARTEI"": 2, ""FDP"": 13, ""FREIE WÄHLER"": 4, ""GRÜNE"": 16, ""Handwerker Partei Deutschland"": 3, ""PIRATEN"": 1, ""PdF"": 1, ""SPD"": 165, ""Tierschutzpartei"": 6, ""Volt"": 1, ""WLD"": 3}"
mv:GEMEINDE:13075039,2026-09-20T17:41:44.718272+00:00,2026-09-20T17:32:55.701092+00:00,2828,6,False,"{""AfD"": 982, ""BSW"": 101, ""Bündnis C"": 2, ""CDU"": 77, ""Die Linke"": 384, ""Die PARTEI"": 11, ""FDP"": 35, ""FREIE WÄHLER"": 7, ""GRÜNE"": 308, ""Handwerker Partei Deutschland"": 5, ""KPD"": 2, ""PIRATEN"": 4, ""SPD"": 841, ""Team Freiheit"": 9, ""Tierschutzpartei"": 47, ""Volt"": 9, ""WLD"": 2, ""ÖDP"": 2}"
mv:GEMEINDE:13075044,2026-09-20T17:41:44.718272+00:00,2026-09-20T17:32:55.701092+00:00,611,1,False,"{""AfD"": 400, ""BSW"": 27, ""Bündnis C"": 1, ""CDU"": 17, ""Die Linke"": 18, ""FDP"": 7, ""GRÜNE"": 7, ""Handwerker Partei Deutschland"": 3, ""PIRATEN"": 1, ""SPD"": 120, ""Team Freiheit"": 4, ""Tierschutzpartei"": 4, ""Volt"": 1, ""WLD"": 1}"
mv:GEMEINDE:13075049,2026-09-20T17:41:44.718272+00:00,2026-09-20T17:32:55.701092+00:00,1154,2,False,"{""AfD"": 555, ""BSW"": 49, ""Bündnis C"": 1, ""CDU"": 61, ""Die Linke"": 41, ""Die PARTEI"": 4, ""FDP"": 15, ""FREIE WÄHLER"": 2, ""GRÜNE"": 43, ""Handwerker Partei Deutschland"": 5, ""PIRATEN"": 3, ""SPD"": 362, ""Tierschutzpartei"": 10, ""ÖDP"": 3}"
mv:GEMEINDE:13075054,2026-09-20T17:41:44.718272+00:00,2026-09-20T17:32:55.701092+00:00,389,1,False,"{""AfD"": 218, ""BSW"": 23, ""CDU"": 11, ""Die Linke"": 11, ""FDP"": 3, ""FREIE WÄHLER"": 3, ""GRÜNE"": 4, ""Handwerker Partei Deutschland"": 1, ""PIRATEN"": 1, ""SPD"": 106, ""Tierschutzpartei"": 8}"
mv:GEMEINDE:13075060,2026-09-20T17:41:44.718272+00:00,2026-09-20T17:32:55.701092+00:00,622,1,False,"{""AfD"": 311, ""BSW"": 22, ""Bündnis C"": 2, ""CDU"": 36, ""Die Linke"": 22, ""Die PARTEI"": 1, ""FDP"": 8, ""FREIE WÄHLER"": 2, ""GRÜNE"": 21, ""Handwerker Partei Deutschland"": 2, ""PIRATEN"": 2, ""SPD"": 179, ""Team Freiheit"": 1, ""Tierschutzpartei"": 10, ""WLD"": 2, ""ÖDP"": 1}"
mv:GEMEINDE:13075065,2026-09-20T17:41:44.718272+00:00,2026-09-20T17:32:55.701092+00:00,343,1,False,"{""AfD"": 199, ""BSW"": 11, ""CDU"": 9, ""Die Linke"": 10, ""Die PARTEI"": 1, ""FDP"": 2, ""FREIE WÄHLER"": 1, ""GRÜNE"": 2, ""SPD"": 98, ""Tierschutzpartei"": 9, ""ÖDP"": 1}"
mv:GEMEINDE:13075066,2026-09-20T17:41:44.718272+00:00,2026-09-20T17:32:55.701092+00:00,852,1,False,"{""AfD"": 416, ""BSW"": 39, ""Bündnis C"": 2, ""CDU"": 50, ""Die Linke"": 28, ""Die PARTEI"": 6, ""FDP"": 7, ""FREIE WÄHLER"": 5, ""GRÜNE"": 23, ""Handwerker Partei Deutschland"": 9, ""PIRATEN"": 1, ""PdF"": 2, ""SPD"": 247, ""Team Freiheit"": 1, ""Tierschutzpartei"": 14, ""Volt"": 1, ""ÖDP"": 1}"
mv:GEMEINDE:13075069,2026-09-20T17:41:44.718272+00:00,2026-09-20T17:32:55.701092+00:00,432,1,False,"{""AfD"": 266, ""BSW"": 13, ""Bündnis C"": 1, ""CDU"": 18, ""Die Linke"": 13, ""Die PARTEI"": 3, ""FDP"": 6, ""FREIE WÄHLER"": 3, ""GRÜNE"": 8, ""SPD"": 97, ""Tierschutzpartei"": 3, ""ÖDP"": 1}"
mv:GEMEINDE:13075079,2026-09-20T17:41:44.718272+00:00,2026-09-20T17:32:55.701092+00:00,327,1,False,"{""AfD"": 181, ""BSW"": 11, ""Bündnis C"": 1, ""CDU"": 17, ""Die Linke"": 17, ""FDP"": 3, ""FREIE WÄHLER"": 2, ""GRÜNE"": 2, ""SPD"": 90, ""Team Freiheit"": 1, ""Tierschutzpartei"": 2}"
mv:GEMEINDE:13075094,2026-09-20T17:41:44.718272+00:00,2026-09-20T17:32:55.701092+00:00,451,1,False,"{""AfD"": 265, ""BSW"": 22, ""Bündnis C"": 1, ""CDU"": 14, ""Die Linke"": 11, ""FDP"": 3, ""GRÜNE"": 11, ""SPD"": 111, ""Team Freiheit"": 2, ""Tierschutzpartei"": 8, ""ÖDP"": 3}"
mv:GEMEINDE:13075107,2026-09-20T17:41:44.718272+00:00,2026-09-20T17:32:55.701092+00:00,435,1,False,"{""AfD"": 223, ""BSW"": 17, ""Bündnis C"": 1, ""CDU"": 22, ""Die Linke"": 7, ""FDP"": 6, ""FREIE WÄHLER"": 4, ""GRÜNE"": 8, ""PdF"": 1, ""SPD"": 142, ""Tierschutzpartei"": 4}"
mv:GEMEINDE:13075119,2026-09-20T17:41:44.718272+00:00,2026-09-20T17:32:55.701092+00:00,43,1,False,"{""AfD"": 23, ""BSW"": 1, ""CDU"": 1, ""Die Linke"": 4, ""GRÜNE"": 1, ""SPD"": 13}"
mv:GEMEINDE:13075130,2026-09-20T17:41:44.718272+00:00,2026-09-20T17:32:55.701092+00:00,820,1,False,"{""AfD"": 443, ""BSW"": 48, ""CDU"": 27, ""Die Linke"": 26, ""Die PARTEI"": 1, ""FDP"": 3, ""GRÜNE"": 10, ""Handwerker Partei Deutschland"": 1, ""PIRATEN"": 1, ""SPD"": 244, ""Team Freiheit"": 1, ""Tierschutzpartei"": 13, ""Volt"": 2}"
mv:GEMEINDE:13075134,2026-09-20T17:41:44.718272+00:00,2026-09-20T17:32:55.701092+00:00,479,1,False,"{""AfD"": 293, ""BSW"": 22, ""CDU"": 16, ""Die Linke"": 25, ""FDP"": 3, ""GRÜNE"": 8, ""Handwerker Partei Deutschland"": 1, ""SPD"": 107, ""Tierschutzpartei"": 2, ""Volt"": 2}"
mv:GEMEINDE:13075140,2026-09-20T17:41:44.718272+00:00,2026-09-20T17:32:55.701092+00:00,245,1,False,"{""AfD"": 156, ""BSW"": 17, ""CDU"": 7, ""Die Linke"": 4, ""FDP"": 3, ""PIRATEN"": 1, ""SPD"": 55, ""Tierschutzpartei"": 1, ""WLD"": 1}"
mv:GEMEINDE:13075142,2026-09-20T17:41:44.718272+00:00,2026-09-20T17:32:55.701092+00:00,312,1,False,"{""AfD"": 125, ""BSW"": 13, ""CDU"": 6, ""Die Linke"": 15, ""Die PARTEI"": 3, ""FDP"": 7, ""FREIE WÄHLER"": 1, ""GRÜNE"": 31, ""Handwerker Partei Deutschland"": 3, ""PIRATEN"": 1, ""SPD"": 105, ""Tierschutzpartei"": 2}"
mv:GEMEINDE:13075144,2026-09-20T17:41:44.718272+00:00,2026-09-20T17:32:55.701092+00:00,296,1,False,"{""AfD"": 158, ""BSW"": 8, ""CDU"": 6, ""Die Linke"": 20, ""FDP"": 1, ""FREIE WÄHLER"": 2, ""GRÜNE"": 4, ""Handwerker Partei Deutschland"": 1, ""SPD"": 92, ""Tierschutzpartei"": 4}"
mv:GEMEINDE:13075147,2026-09-20T17:41:44.718272+00:00,2026-09-20T17:32:55.701092+00:00,419,1,False,"{""AfD"": 260, ""BSW"": 18, ""CDU"": 14, ""Die Linke"": 26, ""GRÜNE"": 14, ""Handwerker Partei Deutschland"": 1, ""PIRATEN"": 1, ""SPD"": 79, ""Team Freiheit"": 1, ""Tierschutzpartei"": 5}"
mv:GEMEINDE:13076005,2026-09-20T17:41:44.718272+00:00,2026-09-20T17:32:55.701092+00:00,802,2,False,"{""AfD"": 385, ""BSW"": 47, ""CDU"": 27, ""Die Linke"": 29, ""Die PARTEI"": 3, ""FDP"": 9, ""FREIE WÄHLER"": 2, ""GRÜNE"": 9, ""Handwerker Partei Deutschland"": 6, ""PIRATEN"": 5, ""PdF"": 1, ""SPD"": 273, ""Tierschutzpartei"": 3, ""Volt"": 1, ""WLD"": 2}"
mv:GEMEINDE:13076014,2026-09-20T17:41:44.718272+00:00,2026-09-20T17:32:55.701092+00:00,1111,3,False,"{""AfD"": 464, ""BSW"": 42, ""CDU"": 28, ""Die Linke"": 54, ""Die PARTEI"": 1, ""FDP"": 9, ""FREIE WÄHLER"": 5, ""GRÜNE"": 37, ""Handwerker Partei Deutschland"": 2, ""KPD"": 2, ""PIRATEN"": 1, ""PdF"": 1, ""SPD"": 446, ""Tierschutzpartei"": 10, ""Volt"": 2, ""WLD"": 4, ""ÖDP"": 3}"
mv:GEMEINDE:13076021,2026-09-20T17:41:44.718272+00:00,2026-09-20T17:32:55.701092+00:00,182,1,False,"{""AfD"": 58, ""BSW"": 9, ""CDU"": 11, ""Die Linke"": 15, ""Die PARTEI"": 1, ""FDP"": 2, ""GRÜNE"": 12, ""KPD"": 1, ""SPD"": 69, ""Tierschutzpartei"": 1, ""WLD"": 2, ""ÖDP"": 1}"
mv:GEMEINDE:13076034,2026-09-20T17:41:44.718272+00:00,2026-09-20T17:32:55.701092+00:00,341,1,False,"{""AfD"": 170, ""BSW"": 11, ""CDU"": 8, ""Die Linke"": 7, ""GRÜNE"": 10, ""SPD"": 131, ""Tierschutzpartei"": 3, ""WLD"": 1}"
mv:GEMEINDE:13076051,2026-09-20T17:41:44.718272+00:00,2026-09-20T17:32:55.701092+00:00,216,1,False,"{""AfD"": 108, ""BSW"": 8, ""CDU"": 5, ""Die Linke"": 16, ""FREIE WÄHLER"": 1, ""GRÜNE"": 1, ""Handwerker Partei Deutschland"": 5, ""SPD"": 70, ""Tierschutzpartei"": 1, ""WLD"": 1}"
mv:GEMEINDE:13076060,2026-09-20T17:41:44.718272+00:00,2026-09-20T17:32:55.701092+00:00,1049,2,False,"{""AfD"": 350, ""BSW"": 37, ""Bündnis C"": 1, ""CDU"": 59, ""Die Linke"": 51, ""FDP"": 19, ""FREIE WÄHLER"": 3, ""GRÜNE"": 30, ""Handwerker Partei Deutschland"": 7, ""PIRATEN"": 5, ""PdF"": 1, ""SPD"": 467, ""Team Freiheit"": 2, ""Tierschutzpartei"": 12, ""Volt"": 1, ""WLD"": 3, ""ÖDP"": 1}"
mv:GEMEINDE:13076069,2026-09-20T17:41:44.718272+00:00,2026-09-20T17:32:55.701092+00:00,275,1,False,"{""AfD"": 143, ""BSW"": 15, ""CDU"": 4, ""Die Linke"": 10, ""FDP"": 3, ""FREIE WÄHLER"": 2, ""GRÜNE"": 9, ""Handwerker Partei Deutschland"": 5, ""SPD"": 81, ""Tierschutzpartei"": 3}"
mv:GEMEINDE:13076079,2026-09-20T17:41:44.718272+00:00,2026-09-20T17:32:55.701092+00:00,411,1,False,"{""AfD"": 178, ""BSW"": 30, ""CDU"": 16, ""Die Linke"": 9, ""Die PARTEI"": 3, ""FDP"": 6, ""FREIE WÄHLER"": 1, ""GRÜNE"": 7, ""Handwerker Partei Deutschland"": 2, ""SPD"": 156, ""Tierschutzpartei"": 2, ""Volt"": 1}"
mv:GEMEINDE:13076085,2026-09-20T17:41:44.718272+00:00,2026-09-20T17:32:55.701092+00:00,339,1,False,"{""AfD"": 138, ""BSW"": 26, ""CDU"": 16, ""Die Linke"": 17, ""Die PARTEI"": 1, ""GRÜNE"": 15, ""Handwerker Partei Deutschland"": 1, ""PIRATEN"": 1, ""SPD"": 119, ""Team Freiheit"": 1, ""Tierschutzpartei"": 2, ""WLD"": 2}"
mv:GEMEINDE:13076086,2026-09-20T17:41:44.718272+00:00,2026-09-20T17:32:55.701092+00:00,427,1,False,"{""AfD"": 210, ""BSW"": 21, ""CDU"": 18, ""Die Linke"": 23, ""FDP"": 4, ""FREIE WÄHLER"": 1, ""GRÜNE"": 5, ""Handwerker Partei Deutschland"": 5, ""PIRATEN"": 1, ""SPD"": 136, ""Tierschutzpartei"": 3}"
mv:GEMEINDE:13076089,2026-09-20T17:41:44.718272+00:00,2026-09-20T17:32:55.701092+00:00,1031,3,False,"{""AfD"": 452, ""BSW"": 67, ""Bündnis C"": 1, ""CDU"": 44, ""Die Linke"": 48, ""Die PARTEI"": 8, ""FDP"": 12, ""FREIE WÄHLER"": 4, ""GRÜNE"": 23, ""Handwerker Partei Deutschland"": 1, ""SPD"": 349, ""Team Freiheit"": 4, ""Tierschutzpartei"": 13, ""WLD"": 4, ""ÖDP"": 1}"
mv:GEMEINDE:13076096,2026-09-20T17:41:44.718272+00:00,2026-09-20T17:32:55.701092+00:00,371,1,False,"{""AfD"": 186, ""BSW"": 21, ""CDU"": 10, ""Die Linke"": 15, ""FDP"": 4, ""FREIE WÄHLER"": 1, ""GRÜNE"": 8, ""PIRATEN"": 1, ""SPD"": 121, ""Team Freiheit"": 1, ""Tierschutzpartei"": 3}"
mv:GEMEINDE:13076110,2026-09-20T17:41:44.718272+00:00,2026-09-20T17:32:55.701092+00:00,221,1,False,"{""AfD"": 96, ""BSW"": 11, ""CDU"": 8, ""Die Linke"": 7, ""Die PARTEI"": 1, ""FDP"": 5, ""GRÜNE"": 4, ""Handwerker Partei Deutschland"": 4, ""PIRATEN"": 1, ""SPD"": 81, ""Tierschutzpartei"": 3}"
mv:GEMEINDE:13076113,2026-09-20T17:41:44.718272+00:00,2026-09-20T17:32:55.701092+00:00,466,1,False,"{""AfD"": 186, ""BSW"": 28, ""CDU"": 24, ""Die Linke"": 19, ""FDP"": 3, ""FREIE WÄHLER"": 2, ""GRÜNE"": 21, ""Handwerker Partei Deutschland"": 3, ""KPD"": 1, ""SPD"": 176, ""Team Freiheit"": 1, ""Tierschutzpartei"": 1, ""Volt"": 1}"
mv:GEMEINDE:13076114,2026-09-20T17:41:44.718272+00:00,2026-09-20T17:32:55.701092+00:00,647,1,False,"{""AfD"": 252, ""BSW"": 34, ""CDU"": 42, ""Die Linke"": 25, ""Die PARTEI"": 2, ""FDP"": 6, ""FREIE WÄHLER"": 2, ""GRÜNE"": 22, ""Handwerker Partei Deutschland"": 3, ""KPD"": 1, ""SPD"": 246, ""Tierschutzpartei"": 2, ""WLD"": 9, ""ÖDP"": 1}"
mv:GEMEINDE:13076118,2026-09-20T17:41:44.718272+00:00,2026-09-20T17:32:55.701092+00:00,223,1,False,"{""AfD"": 103, ""BSW"": 12, ""CDU"": 13, ""Die Linke"": 6, ""Die PARTEI"": 1, ""FDP"": 1, ""GRÜNE"": 7, ""Handwerker Partei Deutschland"": 2, ""SPD"": 71, ""Tierschutzpartei"": 5, ""WLD"": 1, ""ÖDP"": 1}"
mv:GEMEINDE:13076119,2026-09-20T17:41:44.718272+00:00,2026-09-20T17:32:55.701092+00:00,249,1,False,"{""AfD"": 94, ""BSW"": 19, ""CDU"": 14, ""Die Linke"": 14, ""Die PARTEI"": 2, ""FDP"": 1, ""GRÜNE"": 3, ""Handwerker Partei Deutschland"": 5, ""KPD"": 2, ""PIRATEN"": 1, ""PdF"": 1, ""SPD"": 92, ""Tierschutzpartei"": 1}"
mv:GEMEINDE:13076126,2026-09-20T17:41:44.718272+00:00,2026-09-20T17:32:55.701092+00:00,492,1,False,"{""AfD"": 227, ""BSW"": 22, ""CDU"": 29, ""Die Linke"": 13, ""Die PARTEI"": 4, ""FDP"": 5, ""FREIE WÄHLER"": 3, ""GRÜNE"": 2, ""Handwerker Partei Deutschland"": 3, ""PdF"": 1, ""SPD"": 175, ""Team Freiheit"": 1, ""Tierschutzpartei"": 4, ""WLD"": 1, ""ÖDP"": 2}"
mv:GEMEINDE:13076131,2026-09-20T17:41:44.718272+00:00,2026-09-20T17:32:55.701092+00:00,206,1,False,"{""AfD"": 84, ""BSW"": 11, ""CDU"": 2, ""Die Linke"": 12, ""FDP"": 3, ""GRÜNE"": 6, ""Handwerker Partei Deutschland"": 3, ""SPD"": 84, ""Tierschutzpartei"": 1}"
mv:GEMEINDE:13076133,2026-09-20T17:41:44.718272+00:00,2026-09-20T17:32:55.701092+00:00,810,1,False,"{""AfD"": 322, ""BSW"": 66, ""CDU"": 26, ""Die Linke"": 41, ""Die PARTEI"": 1, ""FDP"": 10, ""FREIE WÄHLER"": 6, ""GRÜNE"": 37, ""Handwerker Partei Deutschland"": 3, ""PIRATEN"": 1, ""PdF"": 1, ""SPD"": 277, ""Team Freiheit"": 4, ""Tierschutzpartei"": 8, ""Volt"": 4, ""WLD"": 2, ""ÖDP"": 1}"
mv:GEMEINDE:13076135,2026-09-20T17:41:44.718272+00:00,2026-09-20T17:32:55.701092+00:00,338,1,False,"{""AfD"": 146, ""BSW"": 21, ""CDU"": 13, ""Die Linke"": 20, ""Die PARTEI"": 4, ""FDP"": 8, ""FREIE WÄHLER"": 2, ""GRÜNE"": 14, ""SPD"": 107, ""Team Freiheit"": 2, ""Tierschutzpartei"": 1}"
mv:GEMEINDE:13076152,2026-09-20T17:41:44.718272+00:00,2026-09-20T17:32:55.701092+00:00,346,1,False,"{""AfD"": 158, ""BSW"": 19, ""CDU"": 18, ""Die Linke"": 8, ""FDP"": 3, ""FREIE WÄHLER"": 1, ""GRÜNE"": 8, ""Handwerker Partei Deutschland"": 1, ""KPD"": 1, ""SPD"": 126, ""Tierschutzpartei"": 2, ""WLD"": 1}"
mv:GEMEINDE:13076154,2026-09-20T17:41:44.718272+00:00,2026-09-20T17:32:55.701092+00:00,624,1,False,"{""AfD"": 229, ""BSW"": 37, ""Bündnis C"": 1, ""CDU"": 43, ""Die Linke"": 28, ""Die PARTEI"": 3, ""FDP"": 1, ""FREIE WÄHLER"": 3, ""GRÜNE"": 25, ""Handwerker Partei Deutschland"": 5, ""PIRATEN"": 3, ""SPD"": 242, ""Tierschutzpartei"": 4}"
mv:GEMEINDE:13076155,2026-09-20T17:41:44.718272+00:00,2026-09-20T17:32:55.701092+00:00,260,1,False,"{""AfD"": 144, ""BSW"": 9, ""Bündnis C"": 1, ""CDU"": 10, ""Die Linke"": 9, ""Die PARTEI"": 1, ""FDP"": 1, ""GRÜNE"": 8, ""Handwerker Partei Deutschland"": 1, ""SPD"": 72, ""Tierschutzpartei"": 4}"
mv:GEMEINDE:13076159,2026-09-20T17:41:44.718272+00:00,2026-09-20T17:32:55.701092+00:00,640,1,False,"{""AfD"": 279, ""BSW"": 25, ""CDU"": 13, ""Die Linke"": 23, ""Die PARTEI"": 2, ""FDP"": 4, ""FREIE WÄHLER"": 4, ""GRÜNE"": 17, ""Handwerker Partei Deutschland"": 1, ""PIRATEN"": 5, ""SPD"": 260, ""Team Freiheit"": 1, ""Tierschutzpartei"": 3, ""WLD"": 2, ""ÖDP"": 1}"
mv:GEMEINDE:13076160,2026-09-20T17:41:44.718272+00:00,2026-09-20T17:32:55.701092+00:00,294,1,False,"{""AfD"": 157, ""BSW"": 11, ""CDU"": 10, ""Die Linke"": 15, ""Die PARTEI"": 1, ""FDP"": 2, ""FREIE WÄHLER"": 1, ""GRÜNE"": 10, ""Handwerker Partei Deutschland"": 3, ""PdF"": 1, ""SPD"": 80, ""Team Freiheit"": 1, ""Tierschutzpartei"": 2}"
mv:GEMEINDE:13076164,2026-09-20T17:41:44.718272+00:00,2026-09-20T17:32:55.701092+00:00,402,1,False,"{""AfD"": 201, ""BSW"": 19, ""CDU"": 10, ""Die Linke"": 17, ""Die PARTEI"": 2, ""FDP"": 3, ""FREIE WÄHLER"": 1, ""GRÜNE"": 10, ""Handwerker Partei Deutschland"": 3, ""PIRATEN"": 1, ""PdF"": 1, ""SPD"": 131, ""Tierschutzpartei"": 2, ""ÖDP"": 1}"
mv:GEMEINDE:13076169,2026-09-20T17:41:44.718272+00:00,2026-09-20T17:32:55.701092+00:00,449,1,False,"{""AfD"": 202, ""BSW"": 21, ""CDU"": 19, ""Die Linke"": 17, ""Die PARTEI"": 1, ""FDP"": 3, ""GRÜNE"": 8, ""PIRATEN"": 4, ""SPD"": 166, ""Team Freiheit"": 3, ""Tierschutzpartei"": 4, ""ÖDP"": 1}"
mv:WAHLKREIS:1,2026-09-20T17:41:44.718272+00:00,2026-09-20T17:32:55.701092+00:00,2828,6,False,"{""AfD"": 982, ""BSW"": 101, ""Bündnis C"": 2, ""CDU"": 77, ""Die Linke"": 384, ""Die PARTEI"": 11, ""FDP"": 35, ""FREIE WÄHLER"": 7, ""GRÜNE"": 308, ""Handwerker Partei Deutschland"": 5, ""KPD"": 2, ""PIRATEN"": 4, ""SPD"": 841, ""Team Freiheit"": 9, ""Tierschutzpartei"": 47, ""Volt"": 9, ""WLD"": 2, ""ÖDP"": 2}"
mv:WAHLKREIS:10,2026-09-20T17:41:44.718272+00:00,2026-09-20T17:32:55.701092+00:00,564,1,False,"{""AfD"": 113, ""BSW"": 22, ""CDU"": 27, ""Die Linke"": 36, ""FDP"": 5, ""FREIE WÄHLER"": 1, ""GRÜNE"": 39, ""Handwerker Partei Deutschland"": 4, ""KPD"": 1, ""PIRATEN"": 1, ""PdF"": 2, ""SPD"": 299, ""Tierschutzpartei"": 12, ""WLD"": 1, ""ÖDP"": 1}"
mv:WAHLKREIS:11,2026-09-20T17:41:44.718272+00:00,2026-09-20T17:32:55.701092+00:00,2311,5,False,"{""AfD"": 943, ""BSW"": 133, ""CDU"": 78, ""Die Linke"": 128, ""Die PARTEI"": 5, ""FDP"": 30, ""FREIE WÄHLER"": 7, ""GRÜNE"": 111, ""Handwerker Partei Deutschland"": 12, ""KPD"": 5, ""PIRATEN"": 4, ""PdF"": 1, ""SPD"": 807, ""Team Freiheit"": 4, ""Tierschutzpartei"": 38, ""Volt"": 1, ""WLD"": 2, ""ÖDP"": 2}"
mv:WAHLKREIS:12,2026-09-20T17:41:44.718272+00:00,2026-09-20T17:32:55.701092+00:00,1161,3,False,"{""AfD"": 502, ""BSW"": 62, ""Bündnis C"": 2, ""CDU"": 45, ""Die Linke"": 42, ""Die PARTEI"": 4, ""FDP"": 12, ""FREIE WÄHLER"": 4, ""GRÜNE"": 44, ""Handwerker Partei Deutschland"": 3, ""PIRATEN"": 3, ""PdF"": 1, ""SPD"": 417, ""Team Freiheit"": 6, ""Tierschutzpartei"": 11, ""WLD"": 3}"
mv:WAHLKREIS:13,2026-09-20T17:41:44.718272+00:00,2026-09-20T17:32:55.701092+00:00,2859,5,False,"{""AfD"": 1682, ""BSW"": 149, ""Bündnis C"": 1, ""CDU"": 100, ""Die Linke"": 105, ""Die PARTEI"": 1, ""FDP"": 23, ""FREIE WÄHLER"": 9, ""GRÜNE"": 36, ""Handwerker Partei Deutschland"": 12, ""KPD"": 1, ""PIRATEN"": 4, ""PdF"": 1, ""SPD"": 698, ""Team Freiheit"": 3, ""Tierschutzpartei"": 26, ""Volt"": 3, ""WLD"": 3, ""ÖDP"": 2}"
mv:WAHLKREIS:14,2026-09-20T17:41:44.718272+00:00,2026-09-20T17:32:55.701092+00:00,782,3,False,"{""AfD"": 377, ""BSW"": 35, ""CDU"": 28, ""Die Linke"": 34, ""Die PARTEI"": 2, ""FDP"": 5, ""FREIE WÄHLER"": 5, ""GRÜNE"": 21, ""Handwerker Partei Deutschland"": 3, ""KPD"": 1, ""PdF"": 1, ""SPD"": 263, ""Team Freiheit"": 2, ""Tierschutzpartei"": 3, ""Volt"": 1, ""WLD"": 1}"
mv:WAHLKREIS:15,2026-09-20T17:41:44.718272+00:00,2026-09-20T17:32:55.701092+00:00,3608,8,False,"{""AfD"": 1645, ""BSW"": 174, ""Bündnis C"": 4, ""CDU"": 249, ""Die Linke"": 129, ""Die PARTEI"": 5, ""FDP"": 40, ""FREIE WÄHLER"": 17, ""GRÜNE"": 100, ""Handwerker Partei Deutschland"": 22, ""KPD"": 1, ""PIRATEN"": 7, ""PdF"": 1, ""SPD"": 1167, ""Team Freiheit"": 10, ""Tierschutzpartei"": 30, ""Volt"": 2, ""WLD"": 4, ""ÖDP"": 1}"
mv:WAHLKREIS:16,2026-09-20T17:41:44.718272+00:00,2026-09-20T17:32:55.701092+00:00,1990,4,False,"{""AfD"": 885, ""BSW"": 117, ""Bündnis C"": 3, ""CDU"": 74, ""Die Linke"": 105, ""Die PARTEI"": 4, ""FDP"": 18, ""FREIE WÄHLER"": 10, ""GRÜNE"": 67, ""Handwerker Partei Deutschland"": 12, ""KPD"": 3, ""PIRATEN"": 6, ""PdF"": 3, ""SPD"": 657, ""Team Freiheit"": 5, ""Tierschutzpartei"": 17, ""Volt"": 2, ""WLD"": 1, ""ÖDP"": 1}"
mv:WAHLKREIS:17,2026-09-20T17:41:44.718272+00:00,2026-09-20T17:32:55.701092+00:00,2092,5,False,"{""AfD"": 913, ""BSW"": 78, ""CDU"": 49, ""Die Linke"": 84, ""Die PARTEI"": 3, ""FDP"": 13, ""FREIE WÄHLER"": 9, ""GRÜNE"": 64, ""Handwerker Partei Deutschland"": 3, ""KPD"": 2, ""PIRATEN"": 6, ""PdF"": 1, ""SPD"": 837, ""Team Freiheit"": 1, ""Tierschutzpartei"": 16, ""Volt"": 2, ""WLD"": 7, ""ÖDP"": 4}"
mv:WAHLKREIS:18,2026-09-20T17:41:44.718272+00:00,2026-09-20T17:32:55.701092+00:00,3555,9,False,"{""AfD"": 1391, ""BSW"": 185, ""Bündnis C"": 2, ""CDU"": 179, ""Die Linke"": 146, ""Die PARTEI"": 10, ""FDP"": 41, ""FREIE WÄHLER"": 8, ""GRÜNE"": 91, ""Handwerker Partei Deutschland"": 27, ""KPD"": 3, ""PIRATEN"": 14, ""PdF"": 2, ""SPD"": 1414, ""Team Freiheit"": 5, ""Tierschutzpartei"": 29, ""Volt"": 2, ""WLD"": 4, ""ÖDP"": 2}"
mv:WAHLKREIS:19,2026-09-20T17:41:44.718272+00:00,2026-09-20T17:32:55.701092+00:00,1107,4,False,"{""AfD"": 514, ""BSW"": 57, ""CDU"": 46, ""Die Linke"": 54, ""Die PARTEI"": 2, ""FDP"": 10, ""FREIE WÄHLER"": 3, ""GRÜNE"": 33, ""Handwerker Partei Deutschland"": 12, ""KPD"": 1, ""PIRATEN"": 1, ""SPD"": 357, ""Tierschutzpartei"": 12, ""WLD"": 3, ""ÖDP"": 2}"
mv:WAHLKREIS:2,2026-09-20T17:41:44.718272+00:00,2026-09-20T17:32:55.701092+00:00,601,1,False,"{""AfD"": 269, ""BSW"": 47, ""CDU"": 28, ""Die Linke"": 33, ""Die PARTEI"": 1, ""FDP"": 7, ""GRÜNE"": 12, ""Handwerker Partei Deutschland"": 1, ""SPD"": 194, ""Tierschutzpartei"": 5, ""Volt"": 3, ""WLD"": 1}"
mv:WAHLKREIS:20,2026-09-20T17:41:44.718272+00:00,2026-09-20T17:32:55.701092+00:00,2770,5,False,"{""AfD"": 1342, ""BSW"": 154, ""Bündnis C"": 1, ""CDU"": 100, ""Die Linke"": 87, ""Die PARTEI"": 6, ""FDP"": 18, ""FREIE WÄHLER"": 5, ""GRÜNE"": 106, ""Handwerker Partei Deutschland"": 19, ""KPD"": 6, ""PIRATEN"": 6, ""PdF"": 2, ""SPD"": 879, ""Team Freiheit"": 8, ""Tierschutzpartei"": 24, ""Volt"": 1, ""WLD"": 2, ""ÖDP"": 4}"
mv:WAHLKREIS:21,2026-09-20T17:41:44.718272+00:00,2026-09-20T17:32:55.701092+00:00,2120,5,False,"{""AfD"": 965, ""BSW"": 120, ""CDU"": 59, ""Die Linke"": 122, ""Die PARTEI"": 5, ""FDP"": 15, ""FREIE WÄHLER"": 4, ""GRÜNE"": 73, ""Handwerker Partei Deutschland"": 10, ""KPD"": 3, ""PIRATEN"": 1, ""SPD"": 719, ""Tierschutzpartei"": 22, ""WLD"": 2}"
mv:WAHLKREIS:22,2026-09-20T17:41:44.718272+00:00,2026-09-20T17:32:55.701092+00:00,4796,9,False,"{""AfD"": 2482, ""BSW"": 276, ""Bündnis C"": 2, ""CDU"": 179, ""Die Linke"": 172, ""Die PARTEI"": 4, ""FDP"": 24, ""FREIE WÄHLER"": 13, ""GRÜNE"": 110, ""Handwerker Partei Deutschland"": 15, ""KPD"": 2, ""PIRATEN"": 7, ""PdF"": 2, ""SPD"": 1442, ""Team Freiheit"": 16, ""Tierschutzpartei"": 37, ""Volt"": 5, ""WLD"": 2, ""ÖDP"": 6}"
mv:WAHLKREIS:23,2026-09-20T17:41:44.718272+00:00,2026-09-20T17:32:55.701092+00:00,304,1,False,"{""AfD"": 166, ""BSW"": 15, ""CDU"": 8, ""Die Linke"": 20, ""Die PARTEI"": 2, ""GRÜNE"": 13, ""SPD"": 77, ""Team Freiheit"": 1, ""Tierschutzpartei"": 1, ""Volt"": 1}"
mv:WAHLKREIS:24,2026-09-20T17:41:44.718272+00:00,2026-09-20T17:32:55.701092+00:00,2942,8,False,"{""AfD"": 1481, ""BSW"": 142, ""CDU"": 171, ""Die Linke"": 139, ""Die PARTEI"": 6, ""FDP"": 27, ""FREIE WÄHLER"": 6, ""GRÜNE"": 105, ""Handwerker Partei Deutschland"": 14, ""KPD"": 2, ""PIRATEN"": 2, ""PdF"": 1, ""SPD"": 795, ""Team Freiheit"": 7, ""Tierschutzpartei"": 33, ""Volt"": 7, ""WLD"": 1, ""ÖDP"": 3}"
mv:WAHLKREIS:25,2026-09-20T17:41:44.718272+00:00,2026-09-20T17:32:55.701092+00:00,1609,3,False,"{""AfD"": 749, ""BSW"": 82, ""Bündnis C"": 1, ""CDU"": 69, ""Die Linke"": 60, ""Die PARTEI"": 5, ""FDP"": 19, ""FREIE WÄHLER"": 9, ""GRÜNE"": 80, ""Handwerker Partei Deutschland"": 7, ""KPD"": 3, ""PIRATEN"": 4, ""PdF"": 2, ""SPD"": 484, ""Team Freiheit"": 6, ""Tierschutzpartei"": 21, ""Volt"": 4, ""WLD"": 3, ""ÖDP"": 1}"
mv:WAHLKREIS:26,2026-09-20T17:41:44.718272+00:00,2026-09-20T17:32:55.701092+00:00,1613,2,False,"{""AfD"": 714, ""BSW"": 82, ""Bündnis C"": 3, ""CDU"": 97, ""Die Linke"": 60, ""Die PARTEI"": 7, ""FDP"": 25, ""FREIE WÄHLER"": 5, ""GRÜNE"": 79, ""Handwerker Partei Deutschland"": 13, ""KPD"": 1, ""PIRATEN"": 1, ""PdF"": 2, ""SPD"": 484, ""Team Freiheit"": 10, ""Tierschutzpartei"": 26, ""Volt"": 3, ""ÖDP"": 1}"
mv:WAHLKREIS:27,2026-09-20T17:41:44.718272+00:00,2026-09-20T17:32:55.701092+00:00,3771,7,False,"{""AfD"": 1556, ""BSW"": 196, ""Bündnis C"": 3, ""CDU"": 138, ""Die Linke"": 162, ""Die PARTEI"": 15, ""FDP"": 32, ""FREIE WÄHLER"": 24, ""GRÜNE"": 200, ""Handwerker Partei Deutschland"": 21, ""KPD"": 3, ""PIRATEN"": 6, ""SPD"": 1355, ""Team Freiheit"": 6, ""Tierschutzpartei"": 41, ""Volt"": 7, ""WLD"": 5, ""ÖDP"": 1}"
mv:WAHLKREIS:28,2026-09-20T17:41:44.718272+00:00,2026-09-20T17:32:55.701092+00:00,1783,4,False,"{""AfD"": 816, ""BSW"": 83, ""Bündnis C"": 1, ""CDU"": 64, ""Die Linke"": 79, ""FDP"": 16, ""FREIE WÄHLER"": 9, ""GRÜNE"": 58, ""Handwerker Partei Deutschland"": 12, ""PIRATEN"": 1, ""SPD"": 617, ""Team Freiheit"": 3, ""Tierschutzpartei"": 23, ""WLD"": 1}"
mv:WAHLKREIS:29,2026-09-20T17:41:44.718272+00:00,2026-09-20T17:32:55.701092+00:00,3871,8,False,"{""AfD"": 2236, ""BSW"": 153, ""Bündnis C"": 6, ""CDU"": 113, ""Die Linke"": 120, ""Die PARTEI"": 9, ""FDP"": 53, ""FREIE WÄHLER"": 9, ""GRÜNE"": 79, ""Handwerker Partei Deutschland"": 12, ""KPD"": 2, ""PIRATEN"": 6, ""PdF"": 1, ""SPD"": 1005, ""Team Freiheit"": 9, ""Tierschutzpartei"": 46, ""Volt"": 4, ""WLD"": 5, ""ÖDP"": 3}"
mv:WAHLKREIS:3,2026-09-20T17:41:44.718272+00:00,2026-09-20T17:32:55.701092+00:00,1252,2,False,"{""AfD"": 435, ""BSW"": 64, ""CDU"": 45, ""Die Linke"": 123, ""Die PARTEI"": 11, ""FDP"": 13, ""FREIE WÄHLER"": 1, ""GRÜNE"": 84, ""Handwerker Partei Deutschland"": 8, ""PIRATEN"": 1, ""SPD"": 444, ""Team Freiheit"": 3, ""Tierschutzpartei"": 11, ""Volt"": 6, ""WLD"": 2, ""ÖDP"": 1}"
mv:WAHLKREIS:30,2026-09-20T17:41:44.718272+00:00,2026-09-20T17:32:55.701092+00:00,4118,8,False,"{""AfD"": 2165, ""BSW"": 160, ""Bündnis C"": 6, ""CDU"": 194, ""Die Linke"": 160, ""Die PARTEI"": 15, ""FDP"": 39, ""FREIE WÄHLER"": 15, ""GRÜNE"": 115, ""Handwerker Partei Deutschland"": 18, ""PIRATEN"": 7, ""PdF"": 2, ""SPD"": 1154, ""Team Freiheit"": 3, ""Tierschutzpartei"": 55, ""Volt"": 1, ""WLD"": 2, ""ÖDP"": 7}"
mv:WAHLKREIS:31,2026-09-20T17:41:44.718272+00:00,2026-09-20T17:32:55.701092+00:00,3421,9,False,"{""AfD"": 1535, ""BSW"": 187, ""Bündnis C"": 1, ""CDU"": 156, ""Die Linke"": 151, ""Die PARTEI"": 18, ""FDP"": 28, ""FREIE WÄHLER"": 12, ""GRÜNE"": 83, ""Handwerker Partei Deutschland"": 19, ""KPD"": 1, ""PIRATEN"": 2, ""PdF"": 3, ""SPD"": 1170, ""Team Freiheit"": 7, ""Tierschutzpartei"": 26, ""WLD"": 17, ""ÖDP"": 5}"
mv:WAHLKREIS:32,2026-09-20T17:41:44.718272+00:00,2026-09-20T17:32:55.701092+00:00,3047,7,False,"{""AfD"": 1369, ""BSW"": 192, ""Bündnis C"": 1, ""CDU"": 110, ""Die Linke"": 133, ""Die PARTEI"": 9, ""FDP"": 35, ""FREIE WÄHLER"": 13, ""GRÜNE"": 97, ""Handwerker Partei Deutschland"": 13, ""KPD"": 1, ""PIRATEN"": 7, ""PdF"": 2, ""SPD"": 1026, ""Team Freiheit"": 8, ""Tierschutzpartei"": 20, ""Volt"": 6, ""WLD"": 4, ""ÖDP"": 1}"
mv:WAHLKREIS:33,2026-09-20T17:41:44.718272+00:00,2026-09-20T17:32:55.701092+00:00,3150,6,False,"{""AfD"": 1668, ""BSW"": 151, ""Bündnis C"": 1, ""CDU"": 121, ""Die Linke"": 137, ""Die PARTEI"": 8, ""FDP"": 31, ""FREIE WÄHLER"": 8, ""GRÜNE"": 62, ""Handwerker Partei Deutschland"": 16, ""KPD"": 5, ""PIRATEN"": 7, ""PdF"": 1, ""SPD"": 873, ""Team Freiheit"": 12, ""Tierschutzpartei"": 43, ""Volt"": 4, ""ÖDP"": 2}"
mv:WAHLKREIS:36,2026-09-20T17:41:44.718272+00:00,2026-09-20T17:32:55.701092+00:00,1888,5,False,"{""AfD"": 1028, ""BSW"": 82, ""Bündnis C"": 2, ""CDU"": 77, ""Die Linke"": 59, ""Die PARTEI"": 1, ""FDP"": 16, ""FREIE WÄHLER"": 8, ""GRÜNE"": 25, ""Handwerker Partei Deutschland"": 2, ""KPD"": 1, ""PIRATEN"": 1, ""PdF"": 1, ""SPD"": 557, ""Team Freiheit"": 3, ""Tierschutzpartei"": 21, ""Volt"": 2, ""WLD"": 1, ""ÖDP"": 1}"
mv:WAHLKREIS:4,2026-09-20T17:41:44.718272+00:00,2026-09-20T17:32:55.701092+00:00,358,1,False,"{""AfD"": 135, ""BSW"": 21, ""Bündnis C"": 2, ""CDU"": 21, ""Die Linke"": 24, ""Die PARTEI"": 2, ""FDP"": 2, ""FREIE WÄHLER"": 1, ""GRÜNE"": 15, ""Handwerker Partei Deutschland"": 1, ""PIRATEN"": 2, ""SPD"": 128, ""Tierschutzpartei"": 3, ""Volt"": 1}"
mv:WAHLKREIS:5,2026-09-20T17:41:44.718272+00:00,2026-09-20T17:32:55.701092+00:00,4205,7,False,"{""AfD"": 1494, ""BSW"": 221, ""Bündnis C"": 1, ""CDU"": 110, ""Die Linke"": 480, ""Die PARTEI"": 16, ""FDP"": 30, ""FREIE WÄHLER"": 8, ""GRÜNE"": 234, ""Handwerker Partei Deutschland"": 9, ""KPD"": 6, ""PIRATEN"": 14, ""PdF"": 6, ""SPD"": 1498, ""Team Freiheit"": 5, ""Tierschutzpartei"": 49, ""Volt"": 18, ""WLD"": 2, ""ÖDP"": 4}"
mv:WAHLKREIS:6,2026-09-20T17:41:44.718272+00:00,2026-09-20T17:32:55.701092+00:00,2208,4,False,"{""AfD"": 504, ""BSW"": 95, ""CDU"": 63, ""Die Linke"": 369, ""FDP"": 21, ""GRÜNE"": 354, ""Handwerker Partei Deutschland"": 4, ""KPD"": 6, ""PIRATEN"": 6, ""PdF"": 3, ""SPD"": 735, ""Team Freiheit"": 4, ""Tierschutzpartei"": 30, ""Volt"": 9, ""WLD"": 5}"
mv:WAHLKREIS:7,2026-09-20T17:41:44.718272+00:00,2026-09-20T17:32:55.701092+00:00,2078,4,False,"{""AfD"": 748, ""BSW"": 94, ""Bündnis C"": 11, ""CDU"": 89, ""Die Linke"": 173, ""Die PARTEI"": 9, ""FDP"": 23, ""FREIE WÄHLER"": 3, ""GRÜNE"": 141, ""Handwerker Partei Deutschland"": 11, ""KPD"": 5, ""PIRATEN"": 13, ""PdF"": 1, ""SPD"": 722, ""Team Freiheit"": 6, ""Tierschutzpartei"": 23, ""Volt"": 5, ""WLD"": 1}"
mv:WAHLKREIS:8,2026-09-20T17:41:44.718272+00:00,2026-09-20T17:32:55.701092+00:00,3809,5,False,"{""AfD"": 1284, ""BSW"": 212, ""Bündnis C"": 2, ""CDU"": 174, ""Die Linke"": 320, ""Die PARTEI"": 15, ""FDP"": 33, ""FREIE WÄHLER"": 23, ""GRÜNE"": 343, ""Handwerker Partei Deutschland"": 10, ""KPD"": 3, ""PIRATEN"": 7, ""SPD"": 1313, ""Team Freiheit"": 19, ""Tierschutzpartei"": 31, ""Volt"": 9, ""WLD"": 2, ""ÖDP"": 9}"
mv:WAHLKREIS:9,2026-09-20T17:41:44.718272+00:00,2026-09-20T17:32:55.701092+00:00,1869,3,False,"{""AfD"": 487, ""BSW"": 89, ""Bündnis C"": 2, ""CDU"": 85, ""Die Linke"": 180, ""Die PARTEI"": 4, ""FDP"": 18, ""FREIE WÄHLER"": 1, ""GRÜNE"": 118, ""Handwerker Partei Deutschland"": 10, ""KPD"": 2, ""PIRATEN"": 7, ""PdF"": 4, ""SPD"": 830, ""Team Freiheit"": 6, ""Tierschutzpartei"": 18, ""Volt"": 6, ""ÖDP"": 2}"
mv:GEMEINDE:13003000,2026-09-20T17:45:44.929674+00:00,2026-09-20T17:41:44.718272+00:00,4705,8,False,"{""AfD"": 986, ""BSW"": 211, ""Bündnis C"": 4, ""CDU"": 205, ""Die Linke"": 621, ""Die PARTEI"": 18, ""FDP"": 42, ""FREIE WÄHLER"": 16, ""GRÜNE"": 629, ""Handwerker Partei Deutschland"": 18, ""KPD"": 4, ""PIRATEN"": 16, ""PdF"": 7, ""SPD"": 1822, ""Team Freiheit"": 16, ""Tierschutzpartei"": 58, ""Volt"": 20, ""WLD"": 3, ""ÖDP"": 9}"
mv:GEMEINDE:13004000,2026-09-20T17:45:44.929674+00:00,2026-09-20T17:41:44.718272+00:00,3938,5,False,"{""AfD"": 1291, ""BSW"": 195, ""Bündnis C"": 2, ""CDU"": 270, ""Die Linke"": 218, ""Die PARTEI"": 11, ""FDP"": 40, ""FREIE WÄHLER"": 11, ""GRÜNE"": 339, ""Handwerker Partei Deutschland"": 9, ""KPD"": 1, ""PIRATEN"": 3, ""PdF"": 5, ""SPD"": 1487, ""Team Freiheit"": 18, ""Tierschutzpartei"": 23, ""Volt"": 11, ""WLD"": 1, ""ÖDP"": 3}"
mv:GEMEINDE:13071004,2026-09-20T17:45:44.929674+00:00,2026-09-20T17:41:44.718272+00:00,827,1,False,"{""AfD"": 421, ""BSW"": 41, ""CDU"": 22, ""Die Linke"": 33, ""Die PARTEI"": 2, ""FDP"": 7, ""FREIE WÄHLER"": 5, ""GRÜNE"": 11, ""Handwerker Partei Deutschland"": 6, ""PIRATEN"": 1, ""SPD"": 267, ""Team Freiheit"": 4, ""Tierschutzpartei"": 4, ""Volt"": 2, ""WLD"": 1}"
mv:GEMEINDE:13071027,2026-09-20T17:45:44.929674+00:00,2026-09-20T17:41:44.718272+00:00,372,1,False,"{""AfD"": 175, ""BSW"": 18, ""CDU"": 8, ""Die Linke"": 18, ""FDP"": 3, ""FREIE WÄHLER"": 2, ""GRÜNE"": 5, ""Handwerker Partei Deutschland"": 1, ""PIRATEN"": 1, ""SPD"": 137, ""Team Freiheit"": 2, ""Tierschutzpartei"": 2}"
mv:GEMEINDE:13071107,2026-09-20T17:45:44.929674+00:00,2026-09-20T17:41:44.718272+00:00,2712,4,False,"{""AfD"": 833, ""BSW"": 191, ""Bündnis C"": 6, ""CDU"": 130, ""Die Linke"": 218, ""Die PARTEI"": 8, ""FDP"": 27, ""FREIE WÄHLER"": 8, ""GRÜNE"": 121, ""Handwerker Partei Deutschland"": 14, ""KPD"": 2, ""PIRATEN"": 3, ""PdF"": 2, ""SPD"": 1087, ""Team Freiheit"": 15, ""Tierschutzpartei"": 30, ""Volt"": 10, ""WLD"": 4, ""ÖDP"": 3}"
mv:GEMEINDE:13071110,2026-09-20T17:45:44.929674+00:00,2026-09-20T17:41:44.718272+00:00,2281,3,False,"{""AfD"": 1076, ""BSW"": 128, ""Bündnis C"": 2, ""CDU"": 65, ""Die Linke"": 124, ""Die PARTEI"": 5, ""FDP"": 18, ""FREIE WÄHLER"": 9, ""GRÜNE"": 106, ""Handwerker Partei Deutschland"": 10, ""PIRATEN"": 3, ""SPD"": 694, ""Team Freiheit"": 2, ""Tierschutzpartei"": 30, ""Volt"": 3, ""WLD"": 3, ""ÖDP"": 3}"
mv:GEMEINDE:13071156,2026-09-20T17:45:44.929674+00:00,2026-09-20T17:41:44.718272+00:00,611,1,False,"{""AfD"": 282, ""BSW"": 21, ""Bündnis C"": 3, ""CDU"": 33, ""Die Linke"": 24, ""Die PARTEI"": 1, ""FDP"": 14, ""FREIE WÄHLER"": 2, ""GRÜNE"": 30, ""Handwerker Partei Deutschland"": 4, ""KPD"": 1, ""SPD"": 186, ""Team Freiheit"": 4, ""Tierschutzpartei"": 5, ""Volt"": 1}"
mv:GEMEINDE:13071176,2026-09-20T17:45:44.929674+00:00,2026-09-20T17:41:44.718272+00:00,304,1,False,"{""AfD"": 136, ""BSW"": 21, ""CDU"": 15, ""Die Linke"": 11, ""Die PARTEI"": 1, ""FDP"": 2, ""GRÜNE"": 9, ""KPD"": 1, ""PIRATEN"": 1, ""PdF"": 1, ""SPD"": 103, ""Tierschutzpartei"": 1, ""Volt"": 1, ""ÖDP"": 1}"
mv:GEMEINDE:13072024,2026-09-20T17:45:44.929674+00:00,2026-09-20T17:41:44.718272+00:00,132,1,False,"{""AfD"": 65, ""BSW"": 5, ""CDU"": 1, ""Die Linke"": 6, ""FDP"": 3, ""FREIE WÄHLER"": 1, ""GRÜNE"": 3, ""SPD"": 47, ""Tierschutzpartei"": 1}"
mv:GEMEINDE:13072036,2026-09-20T17:45:44.929674+00:00,2026-09-20T17:41:44.718272+00:00,1259,2,False,"{""AfD"": 434, ""BSW"": 62, ""Bündnis C"": 2, ""CDU"": 54, ""Die Linke"": 67, ""Die PARTEI"": 1, ""FDP"": 18, ""FREIE WÄHLER"": 7, ""GRÜNE"": 57, ""Handwerker Partei Deutschland"": 2, ""KPD"": 3, ""PIRATEN"": 2, ""SPD"": 527, ""Team Freiheit"": 7, ""Tierschutzpartei"": 14, ""Volt"": 1, ""ÖDP"": 1}"
mv:GEMEINDE:13072038,2026-09-20T17:45:44.929674+00:00,2026-09-20T17:41:44.718272+00:00,339,1,False,"{""AfD"": 179, ""BSW"": 10, ""Bündnis C"": 3, ""CDU"": 12, ""Die Linke"": 10, ""Die PARTEI"": 1, ""FDP"": 3, ""FREIE WÄHLER"": 1, ""GRÜNE"": 8, ""Handwerker Partei Deutschland"": 1, ""SPD"": 104, ""Team Freiheit"": 1, ""Tierschutzpartei"": 5, ""WLD"": 1}"
mv:GEMEINDE:13072058,2026-09-20T17:45:44.929674+00:00,2026-09-20T17:41:44.718272+00:00,1872,2,False,"{""AfD"": 679, ""BSW"": 88, ""Bündnis C"": 1, ""CDU"": 119, ""Die Linke"": 106, ""Die PARTEI"": 3, ""FDP"": 21, ""FREIE WÄHLER"": 8, ""GRÜNE"": 71, ""Handwerker Partei Deutschland"": 14, ""KPD"": 2, ""PIRATEN"": 5, ""PdF"": 1, ""SPD"": 722, ""Team Freiheit"": 2, ""Tierschutzpartei"": 25, ""Volt"": 2, ""WLD"": 2, ""ÖDP"": 1}"
mv:GEMEINDE:13072059,2026-09-20T17:45:44.929674+00:00,2026-09-20T17:41:44.718272+00:00,358,1,False,"{""AfD"": 184, ""BSW"": 17, ""Bündnis C"": 7, ""CDU"": 17, ""Die Linke"": 8, ""FDP"": 4, ""GRÜNE"": 12, ""Handwerker Partei Deutschland"": 1, ""PIRATEN"": 4, ""SPD"": 95, ""Team Freiheit"": 3, ""Tierschutzpartei"": 5, ""WLD"": 1}"
mv:GEMEINDE:13072062,2026-09-20T17:45:44.929674+00:00,2026-09-20T17:41:44.718272+00:00,532,1,False,"{""AfD"": 214, ""BSW"": 26, ""CDU"": 33, ""Die Linke"": 22, ""Die PARTEI"": 2, ""FDP"": 6, ""FREIE WÄHLER"": 3, ""GRÜNE"": 15, ""Handwerker Partei Deutschland"": 3, ""PIRATEN"": 2, ""SPD"": 202, ""Tierschutzpartei"": 4}"
mv:GEMEINDE:13072085,2026-09-20T17:45:44.929674+00:00,2026-09-20T17:41:44.718272+00:00,449,1,False,"{""AfD"": 149, ""BSW"": 21, ""CDU"": 24, ""Die Linke"": 21, ""FDP"": 1, ""FREIE WÄHLER"": 1, ""GRÜNE"": 32, ""KPD"": 2, ""SPD"": 192, ""Tierschutzpartei"": 5, ""WLD"": 1}"
mv:GEMEINDE:13072088,2026-09-20T17:45:44.929674+00:00,2026-09-20T17:41:44.718272+00:00,1165,2,False,"{""AfD"": 442, ""BSW"": 42, ""Bündnis C"": 1, ""CDU"": 58, ""Die Linke"": 49, ""Die PARTEI"": 6, ""FDP"": 12, ""FREIE WÄHLER"": 3, ""GRÜNE"": 69, ""Handwerker Partei Deutschland"": 5, ""PIRATEN"": 3, ""PdF"": 3, ""SPD"": 451, ""Team Freiheit"": 2, ""Tierschutzpartei"": 15, ""Volt"": 2, ""WLD"": 1, ""ÖDP"": 1}"
mv:GEMEINDE:13072097,2026-09-20T17:45:44.929674+00:00,2026-09-20T17:41:44.718272+00:00,279,1,False,"{""AfD"": 156, ""BSW"": 19, ""CDU"": 7, ""Die Linke"": 15, ""FDP"": 1, ""GRÜNE"": 7, ""Handwerker Partei Deutschland"": 1, ""PIRATEN"": 2, ""SPD"": 67, ""Tierschutzpartei"": 2, ""Volt"": 1, ""WLD"": 1}"
mv:GEMEINDE:13073027,2026-09-20T17:45:44.929674+00:00,2026-09-20T17:41:44.718272+00:00,722,2,False,"{""AfD"": 398, ""BSW"": 23, ""Bündnis C"": 1, ""CDU"": 17, ""Die Linke"": 28, ""Die PARTEI"": 1, ""FDP"": 4, ""FREIE WÄHLER"": 1, ""GRÜNE"": 21, ""PIRATEN"": 1, ""SPD"": 211, ""Team Freiheit"": 1, ""Tierschutzpartei"": 14, ""WLD"": 1}"
mv:GEMEINDE:13073035,2026-09-20T17:45:44.929674+00:00,2026-09-20T17:41:44.718272+00:00,409,1,False,"{""AfD"": 204, ""BSW"": 17, ""CDU"": 18, ""Die Linke"": 17, ""FDP"": 3, ""GRÜNE"": 6, ""SPD"": 139, ""Tierschutzpartei"": 3, ""ÖDP"": 2}"
mv:GEMEINDE:13073046,2026-09-20T17:45:44.929674+00:00,2026-09-20T17:41:44.718272+00:00,1005,2,False,"{""AfD"": 437, ""BSW"": 48, ""CDU"": 38, ""Die Linke"": 57, ""Die PARTEI"": 1, ""FDP"": 7, ""FREIE WÄHLER"": 7, ""GRÜNE"": 53, ""Handwerker Partei Deutschland"": 3, ""PIRATEN"": 1, ""SPD"": 329, ""Team Freiheit"": 7, ""Tierschutzpartei"": 11, ""Volt"": 4, ""WLD"": 1, ""ÖDP"": 1}"
mv:GEMEINDE:13073055,2026-09-20T17:45:44.929674+00:00,2026-09-20T17:41:44.718272+00:00,1022,2,False,"{""AfD"": 497, ""BSW"": 43, ""CDU"": 41, ""Die Linke"": 45, ""FDP"": 8, ""FREIE WÄHLER"": 1, ""GRÜNE"": 27, ""Handwerker Partei Deutschland"": 4, ""PIRATEN"": 4, ""PdF"": 1, ""SPD"": 326, ""Team Freiheit"": 5, ""Tierschutzpartei"": 15, ""Volt"": 1, ""WLD"": 3, ""ÖDP"": 1}"
mv:GEMEINDE:13073075,2026-09-20T17:45:44.929674+00:00,2026-09-20T17:41:44.718272+00:00,460,1,False,"{""AfD"": 201, ""BSW"": 22, ""CDU"": 18, ""Die Linke"": 28, ""Die PARTEI"": 2, ""FDP"": 8, ""FREIE WÄHLER"": 3, ""GRÜNE"": 14, ""Handwerker Partei Deutschland"": 4, ""PIRATEN"": 1, ""SPD"": 151, ""Team Freiheit"": 1, ""Tierschutzpartei"": 6, ""ÖDP"": 1}"
mv:GEMEINDE:13073088,2026-09-20T17:45:44.929674+00:00,2026-09-20T17:41:44.718272+00:00,3316,4,False,"{""AfD"": 1407, ""BSW"": 143, ""Bündnis C"": 1, ""CDU"": 129, ""Die Linke"": 220, ""Die PARTEI"": 13, ""FDP"": 30, ""FREIE WÄHLER"": 16, ""GRÜNE"": 223, ""Handwerker Partei Deutschland"": 14, ""KPD"": 2, ""PIRATEN"": 11, ""PdF"": 3, ""SPD"": 1027, ""Team Freiheit"": 9, ""Tierschutzpartei"": 55, ""Volt"": 7, ""WLD"": 3, ""ÖDP"": 3}"
mv:GEMEINDE:13073090,2026-09-20T17:45:44.929674+00:00,2026-09-20T17:41:44.718272+00:00,794,2,False,"{""AfD"": 378, ""BSW"": 41, ""CDU"": 33, ""Die Linke"": 21, ""FDP"": 9, ""FREIE WÄHLER"": 2, ""GRÜNE"": 42, ""Handwerker Partei Deutschland"": 1, ""KPD"": 2, ""PIRATEN"": 4, ""SPD"": 247, ""Team Freiheit"": 1, ""Tierschutzpartei"": 11, ""WLD"": 2}"
mv:GEMEINDE:13073093,2026-09-20T17:45:44.929674+00:00,2026-09-20T17:41:44.718272+00:00,531,1,False,"{""AfD"": 302, ""BSW"": 22, ""CDU"": 20, ""Die Linke"": 24, ""FREIE WÄHLER"": 4, ""GRÜNE"": 4, ""Handwerker Partei Deutschland"": 2, ""PdF"": 2, ""SPD"": 141, ""Team Freiheit"": 1, ""Tierschutzpartei"": 5, ""Volt"": 1, ""WLD"": 2, ""ÖDP"": 1}"
mv:GEMEINDE:13074002,2026-09-20T17:45:44.929674+00:00,2026-09-20T17:41:44.718272+00:00,643,1,False,"{""AfD"": 292, ""BSW"": 15, ""CDU"": 21, ""Die Linke"": 31, ""FDP"": 1, ""FREIE WÄHLER"": 3, ""GRÜNE"": 27, ""Handwerker Partei Deutschland"": 2, ""PIRATEN"": 2, ""PdF"": 1, ""SPD"": 237, ""Tierschutzpartei"": 8, ""ÖDP"": 3}"
mv:GEMEINDE:13074007,2026-09-20T17:45:44.929674+00:00,2026-09-20T17:41:44.718272+00:00,578,1,False,"{""AfD"": 265, ""BSW"": 37, ""CDU"": 16, ""Die Linke"": 31, ""Die PARTEI"": 2, ""FDP"": 2, ""GRÜNE"": 31, ""SPD"": 175, ""Team Freiheit"": 4, ""Tierschutzpartei"": 13, ""Volt"": 1, ""WLD"": 1}"
mv:GEMEINDE:13074032,2026-09-20T17:45:44.929674+00:00,2026-09-20T17:41:44.718272+00:00,513,1,False,"{""AfD"": 222, ""BSW"": 22, ""CDU"": 28, ""Die Linke"": 32, ""FDP"": 4, ""FREIE WÄHLER"": 1, ""GRÜNE"": 23, ""Handwerker Partei Deutschland"": 3, ""SPD"": 170, ""Team Freiheit"": 2, ""Tierschutzpartei"": 5, ""WLD"": 1}"
mv:GEMEINDE:13074049,2026-09-20T17:45:44.929674+00:00,2026-09-20T17:41:44.718272+00:00,565,1,False,"{""AfD"": 150, ""BSW"": 25, ""CDU"": 23, ""Die Linke"": 22, ""Die PARTEI"": 5, ""FDP"": 4, ""FREIE WÄHLER"": 3, ""GRÜNE"": 52, ""Handwerker Partei Deutschland"": 4, ""SPD"": 266, ""Tierschutzpartei"": 5, ""Volt"": 5, ""ÖDP"": 1}"
mv:GEMEINDE:13074065,2026-09-20T17:45:44.929674+00:00,2026-09-20T17:41:44.718272+00:00,157,1,False,"{""AfD"": 57, ""BSW"": 12, ""CDU"": 7, ""Die Linke"": 8, ""Die PARTEI"": 2, ""FDP"": 2, ""FREIE WÄHLER"": 2, ""GRÜNE"": 6, ""SPD"": 56, ""Tierschutzpartei"": 3, ""Volt"": 1, ""WLD"": 1}"
mv:GEMEINDE:13074074,2026-09-20T17:45:44.929674+00:00,2026-09-20T17:41:44.718272+00:00,662,1,False,"{""AfD"": 333, ""BSW"": 22, ""CDU"": 14, ""Die Linke"": 45, ""Die PARTEI"": 4, ""FDP"": 3, ""FREIE WÄHLER"": 3, ""GRÜNE"": 18, ""Handwerker Partei Deutschland"": 1, ""KPD"": 1, ""PIRATEN"": 2, ""SPD"": 205, ""Team Freiheit"": 1, ""Tierschutzpartei"": 8, ""Volt"": 1, ""WLD"": 1}"
mv:GEMEINDE:13074087,2026-09-20T17:45:44.929674+00:00,2026-09-20T17:41:44.718272+00:00,537,1,False,"{""AfD"": 199, ""BSW"": 18, ""CDU"": 37, ""Die Linke"": 22, ""Die PARTEI"": 1, ""FDP"": 8, ""GRÜNE"": 41, ""Handwerker Partei Deutschland"": 5, ""PIRATEN"": 1, ""PdF"": 1, ""SPD"": 200, ""Team Freiheit"": 1, ""Volt"": 3}"
mv:GEMEINDE:13074753,2026-09-20T17:45:44.929674+00:00,2026-09-20T17:41:44.718272+00:00,532,1,False,"{""AfD"": 135, ""BSW"": 23, ""Bündnis C"": 1, ""CDU"": 37, ""Die Linke"": 46, ""FDP"": 9, ""FREIE WÄHLER"": 1, ""GRÜNE"": 42, ""Handwerker Partei Deutschland"": 3, ""PIRATEN"": 1, ""SPD"": 219, ""Team Freiheit"": 1, ""Tierschutzpartei"": 6, ""Volt"": 2, ""WLD"": 2, ""ÖDP"": 4}"
mv:GEMEINDE:13075004,2026-09-20T17:45:44.929674+00:00,2026-09-20T17:41:44.718272+00:00,220,2,False,"{""AfD"": 107, ""BSW"": 3, ""CDU"": 9, ""Die Linke"": 13, ""FDP"": 1, ""FREIE WÄHLER"": 1, ""GRÜNE"": 6, ""Handwerker Partei Deutschland"": 1, ""SPD"": 76, ""Team Freiheit"": 1, ""Tierschutzpartei"": 1, ""WLD"": 1}"
mv:GEMEINDE:13075005,2026-09-20T17:45:44.929674+00:00,2026-09-20T17:41:44.718272+00:00,1115,2,False,"{""AfD"": 593, ""BSW"": 37, ""Bündnis C"": 1, ""CDU"": 45, ""Die Linke"": 40, ""Die PARTEI"": 2, ""FDP"": 13, ""FREIE WÄHLER"": 2, ""GRÜNE"": 29, ""Handwerker Partei Deutschland"": 5, ""PIRATEN"": 3, ""PdF"": 1, ""SPD"": 323, ""Tierschutzpartei"": 19, ""WLD"": 1, ""ÖDP"": 1}"
mv:GEMEINDE:13075010,2026-09-20T17:45:44.929674+00:00,2026-09-20T17:41:44.718272+00:00,225,1,False,"{""AfD"": 107, ""BSW"": 9, ""CDU"": 15, ""Die Linke"": 4, ""FDP"": 3, ""GRÜNE"": 7, ""SPD"": 77, ""Team Freiheit"": 1, ""Tierschutzpartei"": 1, ""Volt"": 1}"
mv:GEMEINDE:13075033,2026-09-20T17:45:44.929674+00:00,2026-09-20T17:41:44.718272+00:00,231,1,False,"{""AfD"": 137, ""BSW"": 6, ""CDU"": 9, ""Die Linke"": 10, ""FDP"": 4, ""GRÜNE"": 1, ""KPD"": 1, ""PIRATEN"": 1, ""SPD"": 55, ""Team Freiheit"": 1, ""Tierschutzpartei"": 5, ""Volt"": 1}"
mv:GEMEINDE:13075045,2026-09-20T17:45:44.929674+00:00,2026-09-20T17:41:44.718272+00:00,245,1,False,"{""AfD"": 166, ""BSW"": 12, ""CDU"": 6, ""Die Linke"": 5, ""Die PARTEI"": 1, ""FREIE WÄHLER"": 3, ""GRÜNE"": 4, ""Handwerker Partei Deutschland"": 1, ""PIRATEN"": 1, ""SPD"": 43, ""Team Freiheit"": 1, ""Tierschutzpartei"": 2}"
mv:GEMEINDE:13075048,2026-09-20T17:45:44.929674+00:00,2026-09-20T17:41:44.718272+00:00,197,1,False,"{""AfD"": 130, ""BSW"": 7, ""CDU"": 4, ""Die Linke"": 7, ""FDP"": 2, ""GRÜNE"": 2, ""SPD"": 44, ""Tierschutzpartei"": 1}"
mv:GEMEINDE:13075050,2026-09-20T17:45:44.929674+00:00,2026-09-20T17:41:44.718272+00:00,545,1,False,"{""AfD"": 237, ""BSW"": 22, ""CDU"": 41, ""Die Linke"": 23, ""FDP"": 8, ""FREIE WÄHLER"": 3, ""GRÜNE"": 28, ""Handwerker Partei Deutschland"": 4, ""SPD"": 166, ""Tierschutzpartei"": 12, ""Volt"": 1}"
mv:GEMEINDE:13075118,2026-09-20T17:45:44.929674+00:00,2026-09-20T17:41:44.718272+00:00,161,1,False,"{""AfD"": 96, ""BSW"": 10, ""CDU"": 4, ""Die Linke"": 5, ""FDP"": 3, ""GRÜNE"": 6, ""SPD"": 34, ""Team Freiheit"": 1, ""Tierschutzpartei"": 2}"
mv:GEMEINDE:13075131,2026-09-20T17:45:44.929674+00:00,2026-09-20T17:41:44.718272+00:00,1045,4,False,"{""AfD"": 592, ""BSW"": 37, ""Bündnis C"": 1, ""CDU"": 20, ""Die Linke"": 47, ""Die PARTEI"": 2, ""FDP"": 6, ""FREIE WÄHLER"": 6, ""GRÜNE"": 10, ""Handwerker Partei Deutschland"": 6, ""PIRATEN"": 3, ""SPD"": 299, ""Tierschutzpartei"": 16}"
mv:GEMEINDE:13075135,2026-09-20T17:45:44.929674+00:00,2026-09-20T17:41:44.718272+00:00,585,1,False,"{""AfD"": 300, ""BSW"": 15, ""Bündnis C"": 1, ""CDU"": 23, ""Die Linke"": 20, ""Die PARTEI"": 1, ""FDP"": 7, ""FREIE WÄHLER"": 1, ""GRÜNE"": 24, ""Handwerker Partei Deutschland"": 2, ""PIRATEN"": 1, ""PdF"": 1, ""SPD"": 173, ""Tierschutzpartei"": 13, ""WLD"": 2, ""ÖDP"": 1}"
mv:GEMEINDE:13075143,2026-09-20T17:45:44.929674+00:00,2026-09-20T17:41:44.718272+00:00,410,2,False,"{""AfD"": 299, ""BSW"": 7, ""CDU"": 6, ""Die Linke"": 9, ""FDP"": 2, ""GRÜNE"": 1, ""Handwerker Partei Deutschland"": 2, ""PdF"": 1, ""SPD"": 79, ""Tierschutzpartei"": 3, ""Volt"": 1}"
mv:GEMEINDE:13075144,2026-09-20T17:45:44.929674+00:00,2026-09-20T17:41:44.718272+00:00,515,1,False,"{""AfD"": 298, ""BSW"": 8, ""Bündnis C"": 4, ""CDU"": 9, ""Die Linke"": 28, ""Die PARTEI"": 3, ""FDP"": 1, ""FREIE WÄHLER"": 3, ""GRÜNE"": 7, ""Handwerker Partei Deutschland"": 2, ""PIRATEN"": 3, ""SPD"": 136, ""Tierschutzpartei"": 12, ""Volt"": 1}"
mv:GEMEINDE:13076025,2026-09-20T17:45:44.929674+00:00,2026-09-20T17:41:44.718272+00:00,563,1,False,"{""AfD"": 271, ""BSW"": 28, ""CDU"": 22, ""Die Linke"": 27, ""Die PARTEI"": 5, ""FDP"": 2, ""GRÜNE"": 15, ""Handwerker Partei Deutschland"": 2, ""KPD"": 2, ""PIRATEN"": 2, ""SPD"": 179, ""Team Freiheit"": 3, ""Tierschutzpartei"": 5}"
mv:GEMEINDE:13076036,2026-09-20T17:45:44.929674+00:00,2026-09-20T17:41:44.718272+00:00,734,1,False,"{""AfD"": 352, ""BSW"": 38, ""CDU"": 27, ""Die Linke"": 25, ""Die PARTEI"": 1, ""FDP"": 12, ""FREIE WÄHLER"": 2, ""GRÜNE"": 22, ""Handwerker Partei Deutschland"": 8, ""KPD"": 1, ""PIRATEN"": 1, ""SPD"": 234, ""Team Freiheit"": 5, ""Tierschutzpartei"": 2, ""Volt"": 1, ""WLD"": 1, ""ÖDP"": 2}"
mv:GEMEINDE:13076041,2026-09-20T17:45:44.929674+00:00,2026-09-20T17:41:44.718272+00:00,260,1,False,"{""AfD"": 111, ""BSW"": 9, ""CDU"": 15, ""Die Linke"": 8, ""FDP"": 2, ""GRÜNE"": 5, ""Handwerker Partei Deutschland"": 4, ""KPD"": 1, ""SPD"": 101, ""Team Freiheit"": 1, ""Tierschutzpartei"": 2, ""WLD"": 1}"
mv:GEMEINDE:13076064,2026-09-20T17:45:44.929674+00:00,2026-09-20T17:41:44.718272+00:00,351,1,False,"{""AfD"": 189, ""BSW"": 12, ""CDU"": 11, ""Die Linke"": 18, ""Die PARTEI"": 4, ""FDP"": 2, ""FREIE WÄHLER"": 1, ""GRÜNE"": 2, ""Handwerker Partei Deutschland"": 2, ""PIRATEN"": 1, ""PdF"": 1, ""SPD"": 102, ""Tierschutzpartei"": 5, ""Volt"": 1}"
mv:GEMEINDE:13076090,2026-09-20T17:45:44.929674+00:00,2026-09-20T17:41:44.718272+00:00,1246,2,False,"{""AfD"": 451, ""BSW"": 73, ""Bündnis C"": 3, ""CDU"": 99, ""Die Linke"": 74, ""Die PARTEI"": 3, ""FDP"": 11, ""FREIE WÄHLER"": 6, ""GRÜNE"": 40, ""Handwerker Partei Deutschland"": 11, ""KPD"": 3, ""PIRATEN"": 3, ""PdF"": 2, ""SPD"": 446, ""Team Freiheit"": 2, ""Tierschutzpartei"": 13, ""Volt"": 1, ""WLD"": 2, ""ÖDP"": 3}"
mv:GEMEINDE:13076114,2026-09-20T17:45:44.929674+00:00,2026-09-20T17:41:44.718272+00:00,571,1,False,"{""AfD"": 266, ""BSW"": 16, ""CDU"": 25, ""Die Linke"": 31, ""Die PARTEI"": 1, ""FDP"": 4, ""FREIE WÄHLER"": 2, ""GRÜNE"": 16, ""Handwerker Partei Deutschland"": 2, ""SPD"": 191, ""Team Freiheit"": 2, ""Tierschutzpartei"": 6, ""WLD"": 9}"
mv:GEMEINDE:13076128,2026-09-20T17:45:44.929674+00:00,2026-09-20T17:41:44.718272+00:00,512,1,False,"{""AfD"": 262, ""BSW"": 25, ""CDU"": 12, ""Die Linke"": 18, ""FDP"": 5, ""FREIE WÄHLER"": 1, ""GRÜNE"": 14, ""Handwerker Partei Deutschland"": 4, ""SPD"": 167, ""Tierschutzpartei"": 1, ""WLD"": 3}"
mv:GEMEINDE:13076134,2026-09-20T17:45:44.929674+00:00,2026-09-20T17:41:44.718272+00:00,125,1,False,"{""AfD"": 71, ""BSW"": 7, ""CDU"": 3, ""Die Linke"": 3, ""FDP"": 1, ""GRÜNE"": 3, ""Handwerker Partei Deutschland"": 2, ""PIRATEN"": 1, ""SPD"": 34}"
mv:GEMEINDE:13076148,2026-09-20T17:45:44.929674+00:00,2026-09-20T17:41:44.718272+00:00,196,1,False,"{""AfD"": 87, ""BSW"": 22, ""CDU"": 6, ""Die Linke"": 22, ""GRÜNE"": 9, ""Handwerker Partei Deutschland"": 3, ""SPD"": 42, ""Team Freiheit"": 2, ""Tierschutzpartei"": 3}"
mv:WAHLKREIS:10,2026-09-20T17:45:44.929674+00:00,2026-09-20T17:41:44.718272+00:00,537,1,False,"{""AfD"": 199, ""BSW"": 18, ""CDU"": 37, ""Die Linke"": 22, ""Die PARTEI"": 1, ""FDP"": 8, ""GRÜNE"": 41, ""Handwerker Partei Deutschland"": 5, ""PIRATEN"": 1, ""PdF"": 1, ""SPD"": 200, ""Team Freiheit"": 1, ""Volt"": 3}"
mv:WAHLKREIS:11,2026-09-20T17:45:44.929674+00:00,2026-09-20T17:41:44.718272+00:00,2321,3,False,"{""AfD"": 828, ""BSW"": 109, ""Bündnis C"": 1, ""CDU"": 143, ""Die Linke"": 127, ""Die PARTEI"": 3, ""FDP"": 22, ""FREIE WÄHLER"": 9, ""GRÜNE"": 103, ""Handwerker Partei Deutschland"": 14, ""KPD"": 4, ""PIRATEN"": 5, ""PdF"": 1, ""SPD"": 914, ""Team Freiheit"": 2, ""Tierschutzpartei"": 30, ""Volt"": 2, ""WLD"": 3, ""ÖDP"": 1}"
mv:WAHLKREIS:12,2026-09-20T17:45:44.929674+00:00,2026-09-20T17:41:44.718272+00:00,2703,5,False,"{""AfD"": 1032, ""BSW"": 123, ""Bündnis C"": 3, ""CDU"": 119, ""Die Linke"": 131, ""Die PARTEI"": 7, ""FDP"": 31, ""FREIE WÄHLER"": 10, ""GRÜNE"": 133, ""Handwerker Partei Deutschland"": 8, ""KPD"": 3, ""PIRATEN"": 7, ""PdF"": 3, ""SPD"": 1045, ""Team Freiheit"": 9, ""Tierschutzpartei"": 31, ""Volt"": 4, ""WLD"": 2, ""ÖDP"": 2}"
mv:WAHLKREIS:13,2026-09-20T17:45:44.929674+00:00,2026-09-20T17:41:44.718272+00:00,372,1,False,"{""AfD"": 175, ""BSW"": 18, ""CDU"": 8, ""Die Linke"": 18, ""FDP"": 3, ""FREIE WÄHLER"": 2, ""GRÜNE"": 5, ""Handwerker Partei Deutschland"": 1, ""PIRATEN"": 1, ""SPD"": 137, ""Team Freiheit"": 2, ""Tierschutzpartei"": 2}"
mv:WAHLKREIS:14,2026-09-20T17:45:44.929674+00:00,2026-09-20T17:41:44.718272+00:00,827,1,False,"{""AfD"": 421, ""BSW"": 41, ""CDU"": 22, ""Die Linke"": 33, ""Die PARTEI"": 2, ""FDP"": 7, ""FREIE WÄHLER"": 5, ""GRÜNE"": 11, ""Handwerker Partei Deutschland"": 6, ""PIRATEN"": 1, ""SPD"": 267, ""Team Freiheit"": 4, ""Tierschutzpartei"": 4, ""Volt"": 2, ""WLD"": 1}"
mv:WAHLKREIS:15,2026-09-20T17:45:44.929674+00:00,2026-09-20T17:41:44.718272+00:00,1361,4,False,"{""AfD"": 642, ""BSW"": 58, ""Bündnis C"": 10, ""CDU"": 63, ""Die Linke"": 46, ""Die PARTEI"": 3, ""FDP"": 16, ""FREIE WÄHLER"": 5, ""GRÜNE"": 38, ""Handwerker Partei Deutschland"": 5, ""PIRATEN"": 6, ""SPD"": 448, ""Team Freiheit"": 4, ""Tierschutzpartei"": 15, ""WLD"": 2}"
mv:WAHLKREIS:18,2026-09-20T17:45:44.929674+00:00,2026-09-20T17:41:44.718272+00:00,1345,3,False,"{""AfD"": 652, ""BSW"": 59, ""CDU"": 53, ""Die Linke"": 51, ""Die PARTEI"": 5, ""FDP"": 16, ""FREIE WÄHLER"": 3, ""GRÜNE"": 29, ""Handwerker Partei Deutschland"": 14, ""KPD"": 2, ""PIRATEN"": 2, ""PdF"": 1, ""SPD"": 437, ""Team Freiheit"": 6, ""Tierschutzpartei"": 9, ""Volt"": 2, ""WLD"": 2, ""ÖDP"": 2}"
mv:WAHLKREIS:19,2026-09-20T17:45:44.929674+00:00,2026-09-20T17:41:44.718272+00:00,1371,3,False,"{""AfD"": 522, ""BSW"": 80, ""Bündnis C"": 3, ""CDU"": 102, ""Die Linke"": 77, ""Die PARTEI"": 3, ""FDP"": 12, ""FREIE WÄHLER"": 6, ""GRÜNE"": 43, ""Handwerker Partei Deutschland"": 13, ""KPD"": 3, ""PIRATEN"": 4, ""PdF"": 2, ""SPD"": 480, ""Team Freiheit"": 2, ""Tierschutzpartei"": 13, ""Volt"": 1, ""WLD"": 2, ""ÖDP"": 3}"
mv:WAHLKREIS:2,2026-09-20T17:45:44.929674+00:00,2026-09-20T17:41:44.718272+00:00,1464,2,False,"{""AfD"": 459, ""BSW"": 92, ""Bündnis C"": 3, ""CDU"": 89, ""Die Linke"": 112, ""Die PARTEI"": 1, ""FDP"": 14, ""FREIE WÄHLER"": 2, ""GRÜNE"": 67, ""Handwerker Partei Deutschland"": 9, ""PIRATEN"": 1, ""PdF"": 2, ""SPD"": 576, ""Team Freiheit"": 7, ""Tierschutzpartei"": 15, ""Volt"": 9, ""WLD"": 4, ""ÖDP"": 2}"
mv:WAHLKREIS:20,2026-09-20T17:45:44.929674+00:00,2026-09-20T17:41:44.718272+00:00,915,2,False,"{""AfD"": 418, ""BSW"": 42, ""Bündnis C"": 3, ""CDU"": 48, ""Die Linke"": 35, ""Die PARTEI"": 2, ""FDP"": 16, ""FREIE WÄHLER"": 2, ""GRÜNE"": 39, ""Handwerker Partei Deutschland"": 4, ""KPD"": 2, ""PIRATEN"": 1, ""PdF"": 1, ""SPD"": 289, ""Team Freiheit"": 4, ""Tierschutzpartei"": 6, ""Volt"": 2, ""ÖDP"": 1}"
mv:WAHLKREIS:21,2026-09-20T17:45:44.929674+00:00,2026-09-20T17:41:44.718272+00:00,2281,3,False,"{""AfD"": 1076, ""BSW"": 128, ""Bündnis C"": 2, ""CDU"": 65, ""Die Linke"": 124, ""Die PARTEI"": 5, ""FDP"": 18, ""FREIE WÄHLER"": 9, ""GRÜNE"": 106, ""Handwerker Partei Deutschland"": 10, ""PIRATEN"": 3, ""SPD"": 694, ""Team Freiheit"": 2, ""Tierschutzpartei"": 30, ""Volt"": 3, ""WLD"": 3, ""ÖDP"": 3}"
mv:WAHLKREIS:23,2026-09-20T17:45:44.929674+00:00,2026-09-20T17:41:44.718272+00:00,2013,4,False,"{""AfD"": 1000, ""BSW"": 87, ""CDU"": 79, ""Die Linke"": 97, ""Die PARTEI"": 2, ""FDP"": 16, ""FREIE WÄHLER"": 8, ""GRÜNE"": 45, ""Handwerker Partei Deutschland"": 10, ""PIRATEN"": 5, ""PdF"": 3, ""SPD"": 618, ""Team Freiheit"": 7, ""Tierschutzpartei"": 26, ""Volt"": 2, ""WLD"": 5, ""ÖDP"": 3}"
mv:WAHLKREIS:24,2026-09-20T17:45:44.929674+00:00,2026-09-20T17:41:44.718272+00:00,1203,3,False,"{""AfD"": 582, ""BSW"": 58, ""CDU"": 51, ""Die Linke"": 38, ""FDP"": 12, ""FREIE WÄHLER"": 2, ""GRÜNE"": 48, ""Handwerker Partei Deutschland"": 1, ""KPD"": 2, ""PIRATEN"": 4, ""SPD"": 386, ""Team Freiheit"": 1, ""Tierschutzpartei"": 14, ""WLD"": 2, ""ÖDP"": 2}"
mv:WAHLKREIS:25,2026-09-20T17:45:44.929674+00:00,2026-09-20T17:41:44.718272+00:00,2661,4,False,"{""AfD"": 1204, ""BSW"": 123, ""CDU"": 100, ""Die Linke"": 144, ""Die PARTEI"": 5, ""FDP"": 12, ""FREIE WÄHLER"": 18, ""GRÜNE"": 100, ""Handwerker Partei Deutschland"": 8, ""KPD"": 1, ""PIRATEN"": 5, ""PdF"": 1, ""SPD"": 880, ""Team Freiheit"": 9, ""Tierschutzpartei"": 41, ""Volt"": 7, ""WLD"": 2, ""ÖDP"": 1}"
mv:WAHLKREIS:26,2026-09-20T17:45:44.929674+00:00,2026-09-20T17:41:44.718272+00:00,1660,2,False,"{""AfD"": 640, ""BSW"": 68, ""Bündnis C"": 1, ""CDU"": 67, ""Die Linke"": 133, ""Die PARTEI"": 9, ""FDP"": 25, ""FREIE WÄHLER"": 5, ""GRÜNE"": 176, ""Handwerker Partei Deutschland"": 9, ""KPD"": 1, ""PIRATEN"": 7, ""PdF"": 2, ""SPD"": 476, ""Team Freiheit"": 7, ""Tierschutzpartei"": 25, ""Volt"": 4, ""WLD"": 2, ""ÖDP"": 3}"
mv:WAHLKREIS:27,2026-09-20T17:45:44.929674+00:00,2026-09-20T17:41:44.718272+00:00,2429,5,False,"{""AfD"": 897, ""BSW"": 104, ""Bündnis C"": 1, ""CDU"": 109, ""Die Linke"": 153, ""Die PARTEI"": 11, ""FDP"": 22, ""FREIE WÄHLER"": 10, ""GRÜNE"": 141, ""Handwerker Partei Deutschland"": 11, ""KPD"": 1, ""PIRATEN"": 3, ""SPD"": 916, ""Team Freiheit"": 4, ""Tierschutzpartei"": 27, ""Volt"": 9, ""WLD"": 5, ""ÖDP"": 5}"
mv:WAHLKREIS:28,2026-09-20T17:45:44.929674+00:00,2026-09-20T17:41:44.718272+00:00,1221,2,False,"{""AfD"": 557, ""BSW"": 52, ""CDU"": 37, ""Die Linke"": 62, ""Die PARTEI"": 2, ""FDP"": 3, ""FREIE WÄHLER"": 3, ""GRÜNE"": 58, ""Handwerker Partei Deutschland"": 2, ""PIRATEN"": 2, ""PdF"": 1, ""SPD"": 412, ""Team Freiheit"": 4, ""Tierschutzpartei"": 21, ""Volt"": 1, ""WLD"": 1, ""ÖDP"": 3}"
mv:WAHLKREIS:29,2026-09-20T17:45:44.929674+00:00,2026-09-20T17:41:44.718272+00:00,1660,3,False,"{""AfD"": 830, ""BSW"": 59, ""Bündnis C"": 1, ""CDU"": 86, ""Die Linke"": 63, ""Die PARTEI"": 2, ""FDP"": 21, ""FREIE WÄHLER"": 5, ""GRÜNE"": 57, ""Handwerker Partei Deutschland"": 9, ""PIRATEN"": 3, ""PdF"": 1, ""SPD"": 489, ""Tierschutzpartei"": 31, ""Volt"": 1, ""WLD"": 1, ""ÖDP"": 1}"
mv:WAHLKREIS:3,2026-09-20T17:45:44.929674+00:00,2026-09-20T17:41:44.718272+00:00,1248,2,False,"{""AfD"": 374, ""BSW"": 99, ""Bündnis C"": 3, ""CDU"": 41, ""Die Linke"": 106, ""Die PARTEI"": 7, ""FDP"": 13, ""FREIE WÄHLER"": 6, ""GRÜNE"": 54, ""Handwerker Partei Deutschland"": 5, ""KPD"": 2, ""PIRATEN"": 2, ""SPD"": 511, ""Team Freiheit"": 8, ""Tierschutzpartei"": 15, ""Volt"": 1, ""ÖDP"": 1}"
mv:WAHLKREIS:30,2026-09-20T17:45:44.929674+00:00,2026-09-20T17:41:44.718272+00:00,1325,3,False,"{""AfD"": 705, ""BSW"": 32, ""Bündnis C"": 5, ""CDU"": 47, ""Die Linke"": 52, ""Die PARTEI"": 4, ""FDP"": 11, ""FREIE WÄHLER"": 4, ""GRÜNE"": 38, ""Handwerker Partei Deutschland"": 4, ""PIRATEN"": 4, ""PdF"": 1, ""SPD"": 386, ""Team Freiheit"": 1, ""Tierschutzpartei"": 26, ""Volt"": 2, ""WLD"": 2, ""ÖDP"": 1}"
mv:WAHLKREIS:31,2026-09-20T17:45:44.929674+00:00,2026-09-20T17:41:44.718272+00:00,571,1,False,"{""AfD"": 266, ""BSW"": 16, ""CDU"": 25, ""Die Linke"": 31, ""Die PARTEI"": 1, ""FDP"": 4, ""FREIE WÄHLER"": 2, ""GRÜNE"": 16, ""Handwerker Partei Deutschland"": 2, ""SPD"": 191, ""Team Freiheit"": 2, ""Tierschutzpartei"": 6, ""WLD"": 9}"
mv:WAHLKREIS:32,2026-09-20T17:45:44.929674+00:00,2026-09-20T17:41:44.718272+00:00,1271,3,False,"{""AfD"": 620, ""BSW"": 75, ""CDU"": 40, ""Die Linke"": 67, ""Die PARTEI"": 5, ""FDP"": 7, ""FREIE WÄHLER"": 1, ""GRÜNE"": 38, ""Handwerker Partei Deutschland"": 9, ""KPD"": 2, ""PIRATEN"": 2, ""SPD"": 388, ""Team Freiheit"": 5, ""Tierschutzpartei"": 9, ""WLD"": 3}"
mv:WAHLKREIS:33,2026-09-20T17:45:44.929674+00:00,2026-09-20T17:41:44.718272+00:00,722,2,False,"{""AfD"": 398, ""BSW"": 23, ""Bündnis C"": 1, ""CDU"": 17, ""Die Linke"": 28, ""Die PARTEI"": 1, ""FDP"": 4, ""FREIE WÄHLER"": 1, ""GRÜNE"": 21, ""PIRATEN"": 1, ""SPD"": 211, ""Team Freiheit"": 1, ""Tierschutzpartei"": 14, ""WLD"": 1}"
mv:WAHLKREIS:35,2026-09-20T17:45:44.929674+00:00,2026-09-20T17:41:44.718272+00:00,2509,12,False,"{""AfD"": 1527, ""BSW"": 82, ""Bündnis C"": 1, ""CDU"": 58, ""Die Linke"": 96, ""Die PARTEI"": 3, ""FDP"": 18, ""FREIE WÄHLER"": 10, ""GRÜNE"": 30, ""Handwerker Partei Deutschland"": 10, ""KPD"": 1, ""PIRATEN"": 5, ""PdF"": 1, ""SPD"": 630, ""Team Freiheit"": 4, ""Tierschutzpartei"": 30, ""Volt"": 2, ""WLD"": 1}"
mv:WAHLKREIS:4,2026-09-20T17:45:44.929674+00:00,2026-09-20T17:41:44.718272+00:00,565,1,False,"{""AfD"": 86, ""BSW"": 34, ""Bündnis C"": 1, ""CDU"": 55, ""Die Linke"": 47, ""Die PARTEI"": 2, ""FDP"": 8, ""FREIE WÄHLER"": 2, ""GRÜNE"": 64, ""Handwerker Partei Deutschland"": 1, ""PIRATEN"": 2, ""SPD"": 248, ""Team Freiheit"": 3, ""Tierschutzpartei"": 6, ""Volt"": 1, ""WLD"": 3, ""ÖDP"": 2}"
mv:WAHLKREIS:5,2026-09-20T17:45:44.929674+00:00,2026-09-20T17:41:44.718272+00:00,1732,3,False,"{""AfD"": 410, ""BSW"": 90, ""CDU"": 79, ""Die Linke"": 216, ""Die PARTEI"": 1, ""FDP"": 11, ""FREIE WÄHLER"": 9, ""GRÜNE"": 98, ""Handwerker Partei Deutschland"": 8, ""KPD"": 2, ""PIRATEN"": 9, ""PdF"": 1, ""SPD"": 758, ""Team Freiheit"": 7, ""Tierschutzpartei"": 22, ""Volt"": 7, ""ÖDP"": 4}"
mv:WAHLKREIS:6,2026-09-20T17:45:44.929674+00:00,2026-09-20T17:41:44.718272+00:00,2408,4,False,"{""AfD"": 490, ""BSW"": 87, ""Bündnis C"": 3, ""CDU"": 71, ""Die Linke"": 358, ""Die PARTEI"": 15, ""FDP"": 23, ""FREIE WÄHLER"": 5, ""GRÜNE"": 467, ""Handwerker Partei Deutschland"": 9, ""KPD"": 2, ""PIRATEN"": 5, ""PdF"": 6, ""SPD"": 816, ""Team Freiheit"": 6, ""Tierschutzpartei"": 30, ""Volt"": 12, ""ÖDP"": 3}"
mv:WAHLKREIS:8,2026-09-20T17:45:44.929674+00:00,2026-09-20T17:41:44.718272+00:00,2618,3,False,"{""AfD"": 810, ""BSW"": 115, ""Bündnis C"": 2, ""CDU"": 196, ""Die Linke"": 156, ""Die PARTEI"": 9, ""FDP"": 19, ""FREIE WÄHLER"": 8, ""GRÜNE"": 280, ""Handwerker Partei Deutschland"": 8, ""KPD"": 1, ""PIRATEN"": 3, ""PdF"": 4, ""SPD"": 964, ""Team Freiheit"": 16, ""Tierschutzpartei"": 14, ""Volt"": 10, ""ÖDP"": 3}"
mv:WAHLKREIS:9,2026-09-20T17:45:44.929674+00:00,2026-09-20T17:41:44.718272+00:00,1320,2,False,"{""AfD"": 481, ""BSW"": 80, ""CDU"": 74, ""Die Linke"": 62, ""Die PARTEI"": 2, ""FDP"": 21, ""FREIE WÄHLER"": 3, ""GRÜNE"": 59, ""Handwerker Partei Deutschland"": 1, ""PdF"": 1, ""SPD"": 523, ""Team Freiheit"": 2, ""Tierschutzpartei"": 9, ""Volt"": 1, ""WLD"": 1}"
mv:GEMEINDE:13003000,2026-09-20T17:48:39.903480+00:00,2026-09-20T17:45:44.929674+00:00,5255,8,False,"{""AfD"": 1328, ""BSW"": 238, ""Bündnis C"": 3, ""CDU"": 247, ""Die Linke"": 700, ""Die PARTEI"": 13, ""FDP"": 56, ""FREIE WÄHLER"": 13, ""GRÜNE"": 704, ""Handwerker Partei Deutschland"": 20, ""KPD"": 7, ""PIRATEN"": 16, ""PdF"": 4, ""SPD"": 1803, ""Team Freiheit"": 11, ""Tierschutzpartei"": 68, ""Volt"": 15, ""WLD"": 2, ""ÖDP"": 7}"
mv:GEMEINDE:13004000,2026-09-20T17:48:39.903480+00:00,2026-09-20T17:45:44.929674+00:00,4304,6,False,"{""AfD"": 1419, ""BSW"": 193, ""Bündnis C"": 1, ""CDU"": 186, ""Die Linke"": 331, ""Die PARTEI"": 22, ""FDP"": 36, ""FREIE WÄHLER"": 14, ""GRÜNE"": 485, ""Handwerker Partei Deutschland"": 13, ""KPD"": 5, ""PIRATEN"": 10, ""PdF"": 1, ""SPD"": 1514, ""Team Freiheit"": 13, ""Tierschutzpartei"": 45, ""Volt"": 9, ""WLD"": 4, ""ÖDP"": 3}"
mv:GEMEINDE:13071016,2026-09-20T17:48:39.903480+00:00,2026-09-20T17:45:44.929674+00:00,293,1,False,"{""AfD"": 188, ""BSW"": 16, ""CDU"": 1, ""Die Linke"": 14, ""GRÜNE"": 5, ""Handwerker Partei Deutschland"": 1, ""KPD"": 1, ""SPD"": 65, ""Tierschutzpartei"": 2}"
mv:GEMEINDE:13071021,2026-09-20T17:48:39.903480+00:00,2026-09-20T17:45:44.929674+00:00,450,1,False,"{""AfD"": 157, ""BSW"": 28, ""CDU"": 33, ""Die Linke"": 17, ""FDP"": 11, ""FREIE WÄHLER"": 2, ""GRÜNE"": 18, ""Handwerker Partei Deutschland"": 2, ""SPD"": 178, ""Team Freiheit"": 1, ""Tierschutzpartei"": 2, ""Volt"": 1}"
mv:GEMEINDE:13071029,2026-09-20T17:48:39.903480+00:00,2026-09-20T17:45:44.929674+00:00,818,1,False,"{""AfD"": 506, ""BSW"": 29, ""Bündnis C"": 1, ""CDU"": 23, ""Die Linke"": 39, ""FDP"": 2, ""FREIE WÄHLER"": 2, ""GRÜNE"": 5, ""Handwerker Partei Deutschland"": 2, ""KPD"": 2, ""SPD"": 201, ""Team Freiheit"": 1, ""Tierschutzpartei"": 4, ""ÖDP"": 1}"
mv:GEMEINDE:13071047,2026-09-20T17:48:39.903480+00:00,2026-09-20T17:45:44.929674+00:00,673,1,False,"{""AfD"": 386, ""BSW"": 42, ""CDU"": 9, ""Die Linke"": 22, ""Die PARTEI"": 2, ""FDP"": 3, ""FREIE WÄHLER"": 2, ""GRÜNE"": 15, ""Handwerker Partei Deutschland"": 4, ""KPD"": 2, ""SPD"": 178, ""Team Freiheit"": 1, ""Tierschutzpartei"": 5, ""WLD"": 1, ""ÖDP"": 1}"
mv:GEMEINDE:13071068,2026-09-20T17:48:39.903480+00:00,2026-09-20T17:45:44.929674+00:00,378,1,False,"{""AfD"": 202, ""BSW"": 23, ""CDU"": 13, ""Die Linke"": 12, ""FDP"": 1, ""FREIE WÄHLER"": 3, ""GRÜNE"": 11, ""Handwerker Partei Deutschland"": 2, ""SPD"": 110, ""Team Freiheit"": 1}"
mv:GEMEINDE:13071093,2026-09-20T17:48:39.903480+00:00,2026-09-20T17:45:44.929674+00:00,727,1,False,"{""AfD"": 347, ""BSW"": 20, ""CDU"": 10, ""Die Linke"": 35, ""FDP"": 4, ""FREIE WÄHLER"": 3, ""GRÜNE"": 19, ""Handwerker Partei Deutschland"": 3, ""PdF"": 1, ""SPD"": 276, ""Team Freiheit"": 1, ""Tierschutzpartei"": 7, ""ÖDP"": 1}"
mv:GEMEINDE:13071099,2026-09-20T17:48:39.903480+00:00,2026-09-20T17:45:44.929674+00:00,1307,2,False,"{""AfD"": 611, ""BSW"": 77, ""CDU"": 38, ""Die Linke"": 48, ""Die PARTEI"": 6, ""FDP"": 9, ""FREIE WÄHLER"": 2, ""GRÜNE"": 43, ""Handwerker Partei Deutschland"": 6, ""KPD"": 1, ""PIRATEN"": 3, ""PdF"": 1, ""SPD"": 452, ""Team Freiheit"": 2, ""Tierschutzpartei"": 7, ""Volt"": 1}"
mv:GEMEINDE:13071107,2026-09-20T17:48:39.903480+00:00,2026-09-20T17:45:44.929674+00:00,1659,3,False,"{""AfD"": 670, ""BSW"": 89, ""Bündnis C"": 4, ""CDU"": 46, ""Die Linke"": 127, ""Die PARTEI"": 6, ""FDP"": 9, ""FREIE WÄHLER"": 4, ""GRÜNE"": 48, ""Handwerker Partei Deutschland"": 15, ""PIRATEN"": 5, ""PdF"": 2, ""SPD"": 599, ""Team Freiheit"": 4, ""Tierschutzpartei"": 26, ""Volt"": 2, ""WLD"": 3}"
mv:GEMEINDE:13071109,2026-09-20T17:48:39.903480+00:00,2026-09-20T17:45:44.929674+00:00,953,1,False,"{""AfD"": 522, ""BSW"": 38, ""CDU"": 121, ""Die Linke"": 21, ""Die PARTEI"": 1, ""GRÜNE"": 16, ""Handwerker Partei Deutschland"": 2, ""PIRATEN"": 2, ""PdF"": 1, ""SPD"": 220, ""Tierschutzpartei"": 8, ""Volt"": 1}"
mv:GEMEINDE:13071110,2026-09-20T17:48:39.903480+00:00,2026-09-20T17:45:44.929674+00:00,2469,4,False,"{""AfD"": 1070, ""BSW"": 105, ""Bündnis C"": 1, ""CDU"": 82, ""Die Linke"": 146, ""Die PARTEI"": 7, ""FDP"": 12, ""FREIE WÄHLER"": 8, ""GRÜNE"": 97, ""Handwerker Partei Deutschland"": 10, ""KPD"": 3, ""PIRATEN"": 2, ""PdF"": 2, ""SPD"": 879, ""Team Freiheit"": 3, ""Tierschutzpartei"": 31, ""Volt"": 9, ""ÖDP"": 2}"
mv:GEMEINDE:13071124,2026-09-20T17:48:39.903480+00:00,2026-09-20T17:45:44.929674+00:00,1293,2,False,"{""AfD"": 399, ""BSW"": 56, ""CDU"": 84, ""Die Linke"": 72, ""Die PARTEI"": 2, ""FDP"": 18, ""FREIE WÄHLER"": 5, ""GRÜNE"": 75, ""Handwerker Partei Deutschland"": 4, ""KPD"": 1, ""PIRATEN"": 2, ""PdF"": 2, ""SPD"": 554, ""Team Freiheit"": 2, ""Tierschutzpartei"": 8, ""WLD"": 8, ""ÖDP"": 1}"
mv:GEMEINDE:13071127,2026-09-20T17:48:39.903480+00:00,2026-09-20T17:45:44.929674+00:00,514,1,False,"{""AfD"": 259, ""BSW"": 32, ""Bündnis C"": 2, ""CDU"": 12, ""Die Linke"": 17, ""FDP"": 4, ""FREIE WÄHLER"": 6, ""GRÜNE"": 4, ""Handwerker Partei Deutschland"": 1, ""PIRATEN"": 1, ""SPD"": 174, ""Team Freiheit"": 1, ""Tierschutzpartei"": 1}"
mv:GEMEINDE:13071156,2026-09-20T17:48:39.903480+00:00,2026-09-20T17:45:44.929674+00:00,1079,2,False,"{""AfD"": 500, ""BSW"": 53, ""Bündnis C"": 1, ""CDU"": 31, ""Die Linke"": 61, ""Die PARTEI"": 1, ""FDP"": 4, ""FREIE WÄHLER"": 2, ""GRÜNE"": 27, ""PIRATEN"": 1, ""PdF"": 1, ""SPD"": 383, ""Tierschutzpartei"": 11, ""Volt"": 2, ""ÖDP"": 1}"
mv:GEMEINDE:13071753,2026-09-20T17:48:39.903480+00:00,2026-09-20T17:45:44.929674+00:00,615,1,False,"{""AfD"": 122, ""BSW"": 37, ""CDU"": 81, ""Die Linke"": 27, ""FDP"": 8, ""FREIE WÄHLER"": 12, ""GRÜNE"": 19, ""Handwerker Partei Deutschland"": 10, ""SPD"": 293, ""Team Freiheit"": 1, ""Tierschutzpartei"": 3, ""Volt"": 1, ""ÖDP"": 1}"
mv:GEMEINDE:13072014,2026-09-20T17:48:39.903480+00:00,2026-09-20T17:45:44.929674+00:00,418,1,False,"{""AfD"": 210, ""BSW"": 26, ""CDU"": 12, ""Die Linke"": 20, ""FDP"": 4, ""FREIE WÄHLER"": 3, ""GRÜNE"": 10, ""Handwerker Partei Deutschland"": 1, ""SPD"": 121, ""Team Freiheit"": 4, ""Tierschutzpartei"": 7}"
mv:GEMEINDE:13072029,2026-09-20T17:48:39.903480+00:00,2026-09-20T17:45:44.929674+00:00,611,1,False,"{""AfD"": 242, ""BSW"": 34, ""Bündnis C"": 2, ""CDU"": 26, ""Die Linke"": 30, ""FDP"": 3, ""FREIE WÄHLER"": 4, ""GRÜNE"": 42, ""Handwerker Partei Deutschland"": 3, ""PIRATEN"": 1, ""PdF"": 2, ""SPD"": 218, ""Tierschutzpartei"": 4}"
mv:GEMEINDE:13072030,2026-09-20T17:48:39.903480+00:00,2026-09-20T17:45:44.929674+00:00,421,1,False,"{""AfD"": 128, ""BSW"": 24, ""CDU"": 34, ""Die Linke"": 19, ""FDP"": 4, ""FREIE WÄHLER"": 1, ""GRÜNE"": 35, ""PIRATEN"": 1, ""SPD"": 173, ""Tierschutzpartei"": 2}"
mv:GEMEINDE:13073004,2026-09-20T17:48:39.903480+00:00,2026-09-20T17:45:44.929674+00:00,478,1,False,"{""AfD"": 259, ""BSW"": 17, ""CDU"": 15, ""Die Linke"": 16, ""Die PARTEI"": 1, ""FDP"": 4, ""FREIE WÄHLER"": 3, ""GRÜNE"": 10, ""Handwerker Partei Deutschland"": 1, ""PIRATEN"": 2, ""SPD"": 142, ""Team Freiheit"": 1, ""Tierschutzpartei"": 7}"
mv:GEMEINDE:13073010,2026-09-20T17:48:39.903480+00:00,2026-09-20T17:45:44.929674+00:00,1075,2,False,"{""AfD"": 529, ""BSW"": 35, ""Bündnis C"": 4, ""CDU"": 44, ""Die Linke"": 64, ""Die PARTEI"": 2, ""FDP"": 6, ""FREIE WÄHLER"": 2, ""GRÜNE"": 27, ""Handwerker Partei Deutschland"": 12, ""PIRATEN"": 1, ""PdF"": 2, ""SPD"": 317, ""Team Freiheit"": 5, ""Tierschutzpartei"": 22, ""WLD"": 1, ""ÖDP"": 2}"
mv:GEMEINDE:13073011,2026-09-20T17:48:39.903480+00:00,2026-09-20T17:45:44.929674+00:00,550,1,False,"{""AfD"": 250, ""BSW"": 32, ""CDU"": 24, ""Die Linke"": 35, ""FDP"": 1, ""FREIE WÄHLER"": 3, ""GRÜNE"": 19, ""Handwerker Partei Deutschland"": 5, ""KPD"": 1, ""PIRATEN"": 1, ""SPD"": 171, ""Team Freiheit"": 4, ""Tierschutzpartei"": 3, ""ÖDP"": 1}"
mv:GEMEINDE:13073035,2026-09-20T17:48:39.903480+00:00,2026-09-20T17:45:44.929674+00:00,682,1,False,"{""AfD"": 410, ""BSW"": 30, ""CDU"": 40, ""Die Linke"": 22, ""FDP"": 2, ""FREIE WÄHLER"": 3, ""GRÜNE"": 24, ""Handwerker Partei Deutschland"": 2, ""PIRATEN"": 1, ""PdF"": 1, ""SPD"": 139, ""Tierschutzpartei"": 7, ""Volt"": 1}"
mv:GEMEINDE:13073075,2026-09-20T17:48:39.903480+00:00,2026-09-20T17:45:44.929674+00:00,717,1,False,"{""AfD"": 138, ""BSW"": 33, ""Bündnis C"": 3, ""CDU"": 55, ""Die Linke"": 61, ""Die PARTEI"": 2, ""FDP"": 6, ""FREIE WÄHLER"": 1, ""GRÜNE"": 32, ""KPD"": 1, ""PIRATEN"": 1, ""SPD"": 374, ""Team Freiheit"": 1, ""Tierschutzpartei"": 5, ""Volt"": 1, ""WLD"": 2, ""ÖDP"": 1}"
mv:GEMEINDE:13073076,2026-09-20T17:48:39.903480+00:00,2026-09-20T17:45:44.929674+00:00,621,1,False,"{""AfD"": 327, ""BSW"": 24, ""CDU"": 29, ""Die Linke"": 24, ""Die PARTEI"": 2, ""FDP"": 5, ""FREIE WÄHLER"": 3, ""GRÜNE"": 9, ""Handwerker Partei Deutschland"": 6, ""PIRATEN"": 3, ""PdF"": 1, ""SPD"": 174, ""Team Freiheit"": 4, ""Tierschutzpartei"": 8, ""Volt"": 2}"
mv:GEMEINDE:13073079,2026-09-20T17:48:39.903480+00:00,2026-09-20T17:45:44.929674+00:00,468,1,False,"{""AfD"": 262, ""BSW"": 20, ""CDU"": 14, ""Die Linke"": 18, ""Die PARTEI"": 1, ""FDP"": 4, ""FREIE WÄHLER"": 1, ""GRÜNE"": 8, ""Handwerker Partei Deutschland"": 2, ""PIRATEN"": 1, ""SPD"": 124, ""Team Freiheit"": 1, ""Tierschutzpartei"": 10, ""WLD"": 1, ""ÖDP"": 1}"
mv:GEMEINDE:13073088,2026-09-20T17:48:39.903480+00:00,2026-09-20T17:45:44.929674+00:00,1553,2,False,"{""AfD"": 554, ""BSW"": 67, ""Bündnis C"": 1, ""CDU"": 62, ""Die Linke"": 107, ""Die PARTEI"": 3, ""FDP"": 11, ""FREIE WÄHLER"": 7, ""GRÜNE"": 95, ""Handwerker Partei Deutschland"": 12, ""PIRATEN"": 2, ""PdF"": 5, ""SPD"": 594, ""Team Freiheit"": 3, ""Tierschutzpartei"": 21, ""Volt"": 6, ""WLD"": 2, ""ÖDP"": 1}"
mv:GEMEINDE:13073090,2026-09-20T17:48:39.903480+00:00,2026-09-20T17:45:44.929674+00:00,750,1,False,"{""AfD"": 440, ""BSW"": 32, ""CDU"": 24, ""Die Linke"": 30, ""Die PARTEI"": 1, ""FREIE WÄHLER"": 2, ""GRÜNE"": 22, ""Handwerker Partei Deutschland"": 5, ""KPD"": 1, ""PIRATEN"": 1, ""SPD"": 182, ""Team Freiheit"": 2, ""Tierschutzpartei"": 7, ""Volt"": 1}"
mv:GEMEINDE:13074003,2026-09-20T17:48:39.903480+00:00,2026-09-20T17:45:44.929674+00:00,324,1,False,"{""AfD"": 151, ""BSW"": 14, ""CDU"": 8, ""Die Linke"": 10, ""FDP"": 4, ""FREIE WÄHLER"": 1, ""GRÜNE"": 10, ""Handwerker Partei Deutschland"": 2, ""SPD"": 121, ""Tierschutzpartei"": 3}"
mv:GEMEINDE:13074020,2026-09-20T17:48:39.903480+00:00,2026-09-20T17:45:44.929674+00:00,389,1,False,"{""AfD"": 189, ""BSW"": 20, ""CDU"": 12, ""Die Linke"": 15, ""FDP"": 4, ""FREIE WÄHLER"": 1, ""GRÜNE"": 11, ""SPD"": 129, ""Tierschutzpartei"": 3, ""Volt"": 4, ""WLD"": 1}"
mv:GEMEINDE:13074021,2026-09-20T17:48:39.903480+00:00,2026-09-20T17:45:44.929674+00:00,761,1,False,"{""AfD"": 375, ""BSW"": 54, ""CDU"": 20, ""Die Linke"": 37, ""Die PARTEI"": 3, ""FDP"": 8, ""FREIE WÄHLER"": 3, ""GRÜNE"": 29, ""Handwerker Partei Deutschland"": 4, ""PdF"": 1, ""SPD"": 216, ""Team Freiheit"": 1, ""Tierschutzpartei"": 8, ""Volt"": 1, ""ÖDP"": 1}"
mv:GEMEINDE:13074024,2026-09-20T17:48:39.903480+00:00,2026-09-20T17:45:44.929674+00:00,402,1,False,"{""AfD"": 178, ""BSW"": 26, ""Bündnis C"": 2, ""CDU"": 16, ""Die Linke"": 13, ""Die PARTEI"": 1, ""FDP"": 5, ""FREIE WÄHLER"": 2, ""GRÜNE"": 23, ""Handwerker Partei Deutschland"": 1, ""PdF"": 1, ""SPD"": 127, ""Team Freiheit"": 1, ""Tierschutzpartei"": 2, ""Volt"": 1, ""WLD"": 2, ""ÖDP"": 1}"
mv:GEMEINDE:13074026,2026-09-20T17:48:39.903480+00:00,2026-09-20T17:45:44.929674+00:00,454,1,False,"{""AfD"": 265, ""BSW"": 17, ""Bündnis C"": 1, ""CDU"": 9, ""Die Linke"": 25, ""Die PARTEI"": 1, ""FDP"": 1, ""FREIE WÄHLER"": 1, ""GRÜNE"": 9, ""PIRATEN"": 2, ""SPD"": 117, ""Team Freiheit"": 2, ""Tierschutzpartei"": 4}"
mv:GEMEINDE:13074084,2026-09-20T17:48:39.903480+00:00,2026-09-20T17:45:44.929674+00:00,622,1,False,"{""AfD"": 321, ""BSW"": 36, ""CDU"": 12, ""Die Linke"": 32, ""Die PARTEI"": 1, ""FDP"": 3, ""FREIE WÄHLER"": 1, ""GRÜNE"": 9, ""Handwerker Partei Deutschland"": 1, ""PIRATEN"": 2, ""SPD"": 191, ""Team Freiheit"": 4, ""Tierschutzpartei"": 8, ""WLD"": 1}"
mv:GEMEINDE:13074087,2026-09-20T17:48:39.903480+00:00,2026-09-20T17:45:44.929674+00:00,1467,2,False,"{""AfD"": 456, ""BSW"": 43, ""Bündnis C"": 2, ""CDU"": 51, ""Die Linke"": 128, ""Die PARTEI"": 7, ""FDP"": 18, ""FREIE WÄHLER"": 4, ""GRÜNE"": 143, ""Handwerker Partei Deutschland"": 6, ""PIRATEN"": 2, ""PdF"": 1, ""SPD"": 588, ""Tierschutzpartei"": 15, ""Volt"": 3}"
mv:GEMEINDE:13075005,2026-09-20T17:48:39.903480+00:00,2026-09-20T17:45:44.929674+00:00,701,1,False,"{""AfD"": 197, ""BSW"": 31, ""Bündnis C"": 1, ""CDU"": 77, ""Die Linke"": 22, ""Die PARTEI"": 2, ""FDP"": 24, ""FREIE WÄHLER"": 2, ""GRÜNE"": 16, ""Handwerker Partei Deutschland"": 5, ""KPD"": 1, ""PIRATEN"": 4, ""PdF"": 1, ""SPD"": 309, ""Tierschutzpartei"": 8, ""Volt"": 1}"
mv:GEMEINDE:13075039,2026-09-20T17:48:39.903480+00:00,2026-09-20T17:45:44.929674+00:00,1959,4,False,"{""AfD"": 818, ""BSW"": 99, ""Bündnis C"": 5, ""CDU"": 79, ""Die Linke"": 170, ""Die PARTEI"": 11, ""FDP"": 22, ""FREIE WÄHLER"": 2, ""GRÜNE"": 139, ""Handwerker Partei Deutschland"": 5, ""KPD"": 3, ""PIRATEN"": 2, ""SPD"": 554, ""Team Freiheit"": 3, ""Tierschutzpartei"": 40, ""Volt"": 4, ""WLD"": 2, ""ÖDP"": 1}"
mv:GEMEINDE:13075044,2026-09-20T17:48:39.903480+00:00,2026-09-20T17:45:44.929674+00:00,715,1,False,"{""AfD"": 401, ""BSW"": 14, ""CDU"": 12, ""Die Linke"": 25, ""Die PARTEI"": 2, ""FDP"": 12, ""FREIE WÄHLER"": 6, ""GRÜNE"": 11, ""KPD"": 1, ""PIRATEN"": 1, ""SPD"": 218, ""Team Freiheit"": 3, ""Tierschutzpartei"": 8, ""Volt"": 1}"
mv:GEMEINDE:13075046,2026-09-20T17:48:39.903480+00:00,2026-09-20T17:45:44.929674+00:00,526,1,False,"{""AfD"": 242, ""BSW"": 24, ""CDU"": 18, ""Die Linke"": 27, ""Die PARTEI"": 1, ""FDP"": 11, ""GRÜNE"": 30, ""Handwerker Partei Deutschland"": 4, ""SPD"": 157, ""Team Freiheit"": 2, ""Tierschutzpartei"": 8, ""Volt"": 1, ""ÖDP"": 1}"
mv:GEMEINDE:13075059,2026-09-20T17:48:39.903480+00:00,2026-09-20T17:45:44.929674+00:00,289,1,False,"{""AfD"": 142, ""BSW"": 15, ""CDU"": 13, ""Die Linke"": 11, ""FDP"": 3, ""FREIE WÄHLER"": 1, ""GRÜNE"": 14, ""SPD"": 85, ""Team Freiheit"": 1, ""Tierschutzpartei"": 3, ""WLD"": 1}"
mv:GEMEINDE:13075069,2026-09-20T17:48:39.903480+00:00,2026-09-20T17:45:44.929674+00:00,449,1,False,"{""AfD"": 261, ""BSW"": 10, ""CDU"": 32, ""Die Linke"": 11, ""Die PARTEI"": 1, ""FDP"": 3, ""FREIE WÄHLER"": 1, ""GRÜNE"": 13, ""Handwerker Partei Deutschland"": 1, ""SPD"": 109, ""Team Freiheit"": 2, ""Tierschutzpartei"": 5}"
mv:GEMEINDE:13075074,2026-09-20T17:48:39.903480+00:00,2026-09-20T17:45:44.929674+00:00,677,1,False,"{""AfD"": 419, ""BSW"": 37, ""Bündnis C"": 1, ""CDU"": 25, ""Die Linke"": 24, ""Die PARTEI"": 1, ""FDP"": 2, ""GRÜNE"": 27, ""Handwerker Partei Deutschland"": 4, ""KPD"": 1, ""PIRATEN"": 2, ""SPD"": 130, ""Team Freiheit"": 1, ""Tierschutzpartei"": 2, ""ÖDP"": 1}"
mv:GEMEINDE:13075080,2026-09-20T17:48:39.903480+00:00,2026-09-20T17:45:44.929674+00:00,539,1,False,"{""AfD"": 314, ""BSW"": 22, ""CDU"": 14, ""Die Linke"": 14, ""FDP"": 3, ""FREIE WÄHLER"": 1, ""GRÜNE"": 15, ""Handwerker Partei Deutschland"": 1, ""SPD"": 146, ""Team Freiheit"": 2, ""Tierschutzpartei"": 7}"
mv:GEMEINDE:13075081,2026-09-20T17:48:39.903480+00:00,2026-09-20T17:45:44.929674+00:00,465,1,False,"{""AfD"": 236, ""BSW"": 16, ""CDU"": 20, ""Die Linke"": 27, ""FDP"": 9, ""FREIE WÄHLER"": 1, ""GRÜNE"": 19, ""SPD"": 126, ""Team Freiheit"": 2, ""Tierschutzpartei"": 6, ""Volt"": 2, ""WLD"": 1}"
mv:GEMEINDE:13075083,2026-09-20T17:48:39.903480+00:00,2026-09-20T17:45:44.929674+00:00,511,1,False,"{""AfD"": 246, ""BSW"": 12, ""CDU"": 38, ""Die Linke"": 20, ""Die PARTEI"": 1, ""FDP"": 9, ""FREIE WÄHLER"": 1, ""GRÜNE"": 17, ""Handwerker Partei Deutschland"": 1, ""PIRATEN"": 1, ""PdF"": 1, ""SPD"": 162, ""Tierschutzpartei"": 1, ""WLD"": 1}"
mv:GEMEINDE:13075097,2026-09-20T17:48:39.903480+00:00,2026-09-20T17:45:44.929674+00:00,346,1,False,"{""AfD"": 200, ""BSW"": 17, ""Bündnis C"": 1, ""CDU"": 13, ""Die Linke"": 13, ""Die PARTEI"": 3, ""FDP"": 1, ""FREIE WÄHLER"": 1, ""GRÜNE"": 9, ""SPD"": 77, ""Team Freiheit"": 4, ""Tierschutzpartei"": 5, ""Volt"": 1, ""WLD"": 1}"
mv:GEMEINDE:13075120,2026-09-20T17:48:39.903480+00:00,2026-09-20T17:45:44.929674+00:00,406,1,False,"{""AfD"": 262, ""BSW"": 20, ""Bündnis C"": 1, ""CDU"": 16, ""Die Linke"": 13, ""Die PARTEI"": 1, ""FREIE WÄHLER"": 2, ""GRÜNE"": 8, ""Handwerker Partei Deutschland"": 1, ""PIRATEN"": 1, ""SPD"": 77, ""Tierschutzpartei"": 4}"
mv:GEMEINDE:13075136,2026-09-20T17:48:39.903480+00:00,2026-09-20T17:45:44.929674+00:00,502,1,False,"{""AfD"": 183, ""BSW"": 13, ""Bündnis C"": 1, ""CDU"": 37, ""Die Linke"": 16, ""Die PARTEI"": 1, ""FDP"": 3, ""FREIE WÄHLER"": 5, ""GRÜNE"": 25, ""SPD"": 207, ""Team Freiheit"": 2, ""Tierschutzpartei"": 8, ""WLD"": 1}"
mv:GEMEINDE:13075154,2026-09-20T17:48:39.903480+00:00,2026-09-20T17:45:44.929674+00:00,565,1,False,"{""AfD"": 308, ""BSW"": 23, ""Bündnis C"": 3, ""CDU"": 27, ""Die Linke"": 31, ""Die PARTEI"": 1, ""FDP"": 9, ""FREIE WÄHLER"": 5, ""GRÜNE"": 14, ""Handwerker Partei Deutschland"": 3, ""PIRATEN"": 1, ""SPD"": 130, ""Team Freiheit"": 3, ""Tierschutzpartei"": 6, ""ÖDP"": 1}"
mv:GEMEINDE:13075156,2026-09-20T17:48:39.903480+00:00,2026-09-20T17:45:44.929674+00:00,353,1,False,"{""AfD"": 205, ""BSW"": 10, ""CDU"": 11, ""Die Linke"": 13, ""FDP"": 6, ""GRÜNE"": 2, ""SPD"": 96, ""Team Freiheit"": 1, ""Tierschutzpartei"": 6, ""Volt"": 1, ""ÖDP"": 2}"
mv:GEMEINDE:13076058,2026-09-20T17:48:39.903480+00:00,2026-09-20T17:45:44.929674+00:00,529,1,False,"{""AfD"": 262, ""BSW"": 35, ""CDU"": 17, ""Die Linke"": 30, ""Die PARTEI"": 2, ""FREIE WÄHLER"": 3, ""GRÜNE"": 6, ""Handwerker Partei Deutschland"": 4, ""PIRATEN"": 1, ""SPD"": 162, ""Tierschutzpartei"": 4, ""Volt"": 1, ""WLD"": 2}"
mv:GEMEINDE:13076088,2026-09-20T17:48:39.903480+00:00,2026-09-20T17:45:44.929674+00:00,348,1,False,"{""AfD"": 158, ""BSW"": 15, ""CDU"": 18, ""Die Linke"": 14, ""Die PARTEI"": 1, ""FDP"": 1, ""FREIE WÄHLER"": 1, ""GRÜNE"": 2, ""Handwerker Partei Deutschland"": 1, ""SPD"": 130, ""Team Freiheit"": 2, ""Tierschutzpartei"": 4, ""ÖDP"": 1}"
mv:GEMEINDE:13076090,2026-09-20T17:48:39.903480+00:00,2026-09-20T17:45:44.929674+00:00,206,1,False,"{""AfD"": 104, ""BSW"": 13, ""CDU"": 10, ""Die Linke"": 6, ""GRÜNE"": 14, ""SPD"": 59}"
mv:GEMEINDE:13076101,2026-09-20T17:48:39.903480+00:00,2026-09-20T17:45:44.929674+00:00,182,1,False,"{""AfD"": 103, ""BSW"": 6, ""CDU"": 3, ""Die Linke"": 9, ""FDP"": 4, ""GRÜNE"": 10, ""PIRATEN"": 1, ""SPD"": 44, ""Tierschutzpartei"": 1, ""ÖDP"": 1}"
mv:GEMEINDE:13076107,2026-09-20T17:48:39.903480+00:00,2026-09-20T17:45:44.929674+00:00,746,1,False,"{""AfD"": 329, ""BSW"": 52, ""CDU"": 37, ""Die Linke"": 18, ""Die PARTEI"": 1, ""FDP"": 8, ""FREIE WÄHLER"": 1, ""GRÜNE"": 24, ""Handwerker Partei Deutschland"": 4, ""SPD"": 258, ""Team Freiheit"": 1, ""Tierschutzpartei"": 11, ""WLD"": 2}"
mv:GEMEINDE:13076111,2026-09-20T17:48:39.903480+00:00,2026-09-20T17:45:44.929674+00:00,321,1,False,"{""AfD"": 148, ""BSW"": 17, ""CDU"": 15, ""Die Linke"": 8, ""Die PARTEI"": 1, ""FDP"": 2, ""FREIE WÄHLER"": 2, ""GRÜNE"": 4, ""Handwerker Partei Deutschland"": 2, ""KPD"": 1, ""SPD"": 117, ""Tierschutzpartei"": 4}"
mv:GEMEINDE:13076114,2026-09-20T17:48:39.903480+00:00,2026-09-20T17:45:44.929674+00:00,523,1,False,"{""AfD"": 228, ""BSW"": 38, ""Bündnis C"": 1, ""CDU"": 21, ""Die Linke"": 16, ""Die PARTEI"": 2, ""FDP"": 8, ""FREIE WÄHLER"": 1, ""GRÜNE"": 16, ""SPD"": 171, ""Tierschutzpartei"": 7, ""WLD"": 12, ""ÖDP"": 2}"
mv:GEMEINDE:13076755,2026-09-20T17:48:39.903480+00:00,2026-09-20T17:45:44.929674+00:00,881,1,False,"{""AfD"": 190, ""BSW"": 33, ""CDU"": 85, ""Die Linke"": 65, ""Die PARTEI"": 3, ""FDP"": 11, ""FREIE WÄHLER"": 2, ""GRÜNE"": 16, ""Handwerker Partei Deutschland"": 2, ""PIRATEN"": 1, ""PdF"": 1, ""SPD"": 447, ""Team Freiheit"": 4, ""Tierschutzpartei"": 9, ""Volt"": 4, ""WLD"": 8}"
mv:WAHLKREIS:1,2026-09-20T17:48:39.903480+00:00,2026-09-20T17:45:44.929674+00:00,1959,4,False,"{""AfD"": 818, ""BSW"": 99, ""Bündnis C"": 5, ""CDU"": 79, ""Die Linke"": 170, ""Die PARTEI"": 11, ""FDP"": 22, ""FREIE WÄHLER"": 2, ""GRÜNE"": 139, ""Handwerker Partei Deutschland"": 5, ""KPD"": 3, ""PIRATEN"": 2, ""SPD"": 554, ""Team Freiheit"": 3, ""Tierschutzpartei"": 40, ""Volt"": 4, ""WLD"": 2, ""ÖDP"": 1}"
mv:WAHLKREIS:10,2026-09-20T17:48:39.903480+00:00,2026-09-20T17:45:44.929674+00:00,1467,2,False,"{""AfD"": 456, ""BSW"": 43, ""Bündnis C"": 2, ""CDU"": 51, ""Die Linke"": 128, ""Die PARTEI"": 7, ""FDP"": 18, ""FREIE WÄHLER"": 4, ""GRÜNE"": 143, ""Handwerker Partei Deutschland"": 6, ""PIRATEN"": 2, ""PdF"": 1, ""SPD"": 588, ""Tierschutzpartei"": 15, ""Volt"": 3}"
mv:WAHLKREIS:11,2026-09-20T17:48:39.903480+00:00,2026-09-20T17:45:44.929674+00:00,418,1,False,"{""AfD"": 210, ""BSW"": 26, ""CDU"": 12, ""Die Linke"": 20, ""FDP"": 4, ""FREIE WÄHLER"": 3, ""GRÜNE"": 10, ""Handwerker Partei Deutschland"": 1, ""SPD"": 121, ""Team Freiheit"": 4, ""Tierschutzpartei"": 7}"
mv:WAHLKREIS:12,2026-09-20T17:48:39.903480+00:00,2026-09-20T17:45:44.929674+00:00,1032,2,False,"{""AfD"": 370, ""BSW"": 58, ""Bündnis C"": 2, ""CDU"": 60, ""Die Linke"": 49, ""FDP"": 7, ""FREIE WÄHLER"": 5, ""GRÜNE"": 77, ""Handwerker Partei Deutschland"": 3, ""PIRATEN"": 2, ""PdF"": 2, ""SPD"": 391, ""Tierschutzpartei"": 6}"
mv:WAHLKREIS:13,2026-09-20T17:48:39.903480+00:00,2026-09-20T17:45:44.929674+00:00,818,1,False,"{""AfD"": 506, ""BSW"": 29, ""Bündnis C"": 1, ""CDU"": 23, ""Die Linke"": 39, ""FDP"": 2, ""FREIE WÄHLER"": 2, ""GRÜNE"": 5, ""Handwerker Partei Deutschland"": 2, ""KPD"": 2, ""SPD"": 201, ""Team Freiheit"": 1, ""Tierschutzpartei"": 4, ""ÖDP"": 1}"
mv:WAHLKREIS:14,2026-09-20T17:48:39.903480+00:00,2026-09-20T17:45:44.929674+00:00,2753,5,False,"{""AfD"": 1293, ""BSW"": 146, ""Bündnis C"": 2, ""CDU"": 228, ""Die Linke"": 91, ""Die PARTEI"": 1, ""FDP"": 13, ""FREIE WÄHLER"": 21, ""GRÜNE"": 55, ""Handwerker Partei Deutschland"": 16, ""KPD"": 1, ""PIRATEN"": 3, ""PdF"": 1, ""SPD"": 862, ""Team Freiheit"": 3, ""Tierschutzpartei"": 14, ""Volt"": 2, ""ÖDP"": 1}"
mv:WAHLKREIS:17,2026-09-20T17:48:39.903480+00:00,2026-09-20T17:45:44.929674+00:00,348,1,False,"{""AfD"": 158, ""BSW"": 15, ""CDU"": 18, ""Die Linke"": 14, ""Die PARTEI"": 1, ""FDP"": 1, ""FREIE WÄHLER"": 1, ""GRÜNE"": 2, ""Handwerker Partei Deutschland"": 1, ""SPD"": 130, ""Team Freiheit"": 2, ""Tierschutzpartei"": 4, ""ÖDP"": 1}"
mv:WAHLKREIS:18,2026-09-20T17:48:39.903480+00:00,2026-09-20T17:45:44.929674+00:00,1067,2,False,"{""AfD"": 477, ""BSW"": 69, ""CDU"": 52, ""Die Linke"": 26, ""Die PARTEI"": 2, ""FDP"": 10, ""FREIE WÄHLER"": 3, ""GRÜNE"": 28, ""Handwerker Partei Deutschland"": 6, ""KPD"": 1, ""SPD"": 375, ""Team Freiheit"": 1, ""Tierschutzpartei"": 15, ""WLD"": 2}"
mv:WAHLKREIS:19,2026-09-20T17:48:39.903480+00:00,2026-09-20T17:45:44.929674+00:00,735,2,False,"{""AfD"": 366, ""BSW"": 48, ""CDU"": 27, ""Die Linke"": 36, ""Die PARTEI"": 2, ""FREIE WÄHLER"": 3, ""GRÜNE"": 20, ""Handwerker Partei Deutschland"": 4, ""PIRATEN"": 1, ""SPD"": 221, ""Tierschutzpartei"": 4, ""Volt"": 1, ""WLD"": 2}"
mv:WAHLKREIS:2,2026-09-20T17:48:39.903480+00:00,2026-09-20T17:45:44.929674+00:00,1026,2,False,"{""AfD"": 437, ""BSW"": 46, ""Bündnis C"": 1, ""CDU"": 25, ""Die Linke"": 79, ""Die PARTEI"": 1, ""FDP"": 4, ""FREIE WÄHLER"": 2, ""GRÜNE"": 31, ""Handwerker Partei Deutschland"": 8, ""PIRATEN"": 1, ""SPD"": 370, ""Team Freiheit"": 3, ""Tierschutzpartei"": 17, ""WLD"": 1}"
mv:WAHLKREIS:20,2026-09-20T17:48:39.903480+00:00,2026-09-20T17:45:44.929674+00:00,3772,6,False,"{""AfD"": 1632, ""BSW"": 171, ""Bündnis C"": 1, ""CDU"": 134, ""Die Linke"": 190, ""Die PARTEI"": 5, ""FDP"": 29, ""FREIE WÄHLER"": 12, ""GRÜNE"": 136, ""Handwerker Partei Deutschland"": 11, ""KPD"": 3, ""PIRATEN"": 3, ""PdF"": 4, ""SPD"": 1391, ""Team Freiheit"": 4, ""Tierschutzpartei"": 31, ""Volt"": 2, ""WLD"": 9, ""ÖDP"": 4}"
mv:WAHLKREIS:21,2026-09-20T17:48:39.903480+00:00,2026-09-20T17:45:44.929674+00:00,3776,6,False,"{""AfD"": 1681, ""BSW"": 182, ""Bündnis C"": 1, ""CDU"": 120, ""Die Linke"": 194, ""Die PARTEI"": 13, ""FDP"": 21, ""FREIE WÄHLER"": 10, ""GRÜNE"": 140, ""Handwerker Partei Deutschland"": 16, ""KPD"": 4, ""PIRATEN"": 5, ""PdF"": 3, ""SPD"": 1331, ""Team Freiheit"": 5, ""Tierschutzpartei"": 38, ""Volt"": 10, ""ÖDP"": 2}"
mv:WAHLKREIS:22,2026-09-20T17:48:39.903480+00:00,2026-09-20T17:45:44.929674+00:00,450,1,False,"{""AfD"": 157, ""BSW"": 28, ""CDU"": 33, ""Die Linke"": 17, ""FDP"": 11, ""FREIE WÄHLER"": 2, ""GRÜNE"": 18, ""Handwerker Partei Deutschland"": 2, ""SPD"": 178, ""Team Freiheit"": 1, ""Tierschutzpartei"": 2, ""Volt"": 1}"
mv:WAHLKREIS:23,2026-09-20T17:48:39.903480+00:00,2026-09-20T17:45:44.929674+00:00,717,1,False,"{""AfD"": 138, ""BSW"": 33, ""Bündnis C"": 3, ""CDU"": 55, ""Die Linke"": 61, ""Die PARTEI"": 2, ""FDP"": 6, ""FREIE WÄHLER"": 1, ""GRÜNE"": 32, ""KPD"": 1, ""PIRATEN"": 1, ""SPD"": 374, ""Team Freiheit"": 1, ""Tierschutzpartei"": 5, ""Volt"": 1, ""WLD"": 2, ""ÖDP"": 1}"
mv:WAHLKREIS:24,2026-09-20T17:48:39.903480+00:00,2026-09-20T17:45:44.929674+00:00,2053,3,False,"{""AfD"": 1177, ""BSW"": 86, ""CDU"": 93, ""Die Linke"": 76, ""Die PARTEI"": 3, ""FDP"": 7, ""FREIE WÄHLER"": 8, ""GRÜNE"": 55, ""Handwerker Partei Deutschland"": 13, ""KPD"": 1, ""PIRATEN"": 5, ""PdF"": 2, ""SPD"": 495, ""Team Freiheit"": 6, ""Tierschutzpartei"": 22, ""Volt"": 4}"
mv:WAHLKREIS:25,2026-09-20T17:48:39.903480+00:00,2026-09-20T17:45:44.929674+00:00,1553,2,False,"{""AfD"": 554, ""BSW"": 67, ""Bündnis C"": 1, ""CDU"": 62, ""Die Linke"": 107, ""Die PARTEI"": 3, ""FDP"": 11, ""FREIE WÄHLER"": 7, ""GRÜNE"": 95, ""Handwerker Partei Deutschland"": 12, ""PIRATEN"": 2, ""PdF"": 5, ""SPD"": 594, ""Team Freiheit"": 3, ""Tierschutzpartei"": 21, ""Volt"": 6, ""WLD"": 2, ""ÖDP"": 1}"
mv:WAHLKREIS:27,2026-09-20T17:48:39.903480+00:00,2026-09-20T17:45:44.929674+00:00,454,1,False,"{""AfD"": 265, ""BSW"": 17, ""Bündnis C"": 1, ""CDU"": 9, ""Die Linke"": 25, ""Die PARTEI"": 1, ""FDP"": 1, ""FREIE WÄHLER"": 1, ""GRÜNE"": 9, ""PIRATEN"": 2, ""SPD"": 117, ""Team Freiheit"": 2, ""Tierschutzpartei"": 4}"
mv:WAHLKREIS:28,2026-09-20T17:48:39.903480+00:00,2026-09-20T17:45:44.929674+00:00,2498,5,False,"{""AfD"": 1214, ""BSW"": 150, ""Bündnis C"": 2, ""CDU"": 68, ""Die Linke"": 107, ""Die PARTEI"": 5, ""FDP"": 24, ""FREIE WÄHLER"": 8, ""GRÜNE"": 82, ""Handwerker Partei Deutschland"": 8, ""PIRATEN"": 2, ""PdF"": 2, ""SPD"": 784, ""Team Freiheit"": 6, ""Tierschutzpartei"": 24, ""Volt"": 6, ""WLD"": 4, ""ÖDP"": 2}"
mv:WAHLKREIS:29,2026-09-20T17:48:39.903480+00:00,2026-09-20T17:45:44.929674+00:00,2334,4,False,"{""AfD"": 1111, ""BSW"": 78, ""Bündnis C"": 4, ""CDU"": 127, ""Die Linke"": 91, ""Die PARTEI"": 5, ""FDP"": 51, ""FREIE WÄHLER"": 13, ""GRÜNE"": 43, ""Handwerker Partei Deutschland"": 8, ""KPD"": 2, ""PIRATEN"": 6, ""PdF"": 1, ""SPD"": 753, ""Team Freiheit"": 7, ""Tierschutzpartei"": 28, ""Volt"": 3, ""ÖDP"": 3}"
mv:WAHLKREIS:3,2026-09-20T17:48:39.903480+00:00,2026-09-20T17:45:44.929674+00:00,633,1,False,"{""AfD"": 233, ""BSW"": 43, ""Bündnis C"": 3, ""CDU"": 21, ""Die Linke"": 48, ""Die PARTEI"": 5, ""FDP"": 5, ""FREIE WÄHLER"": 2, ""GRÜNE"": 17, ""Handwerker Partei Deutschland"": 7, ""PIRATEN"": 4, ""PdF"": 2, ""SPD"": 229, ""Team Freiheit"": 1, ""Tierschutzpartei"": 9, ""Volt"": 2, ""WLD"": 2}"
mv:WAHLKREIS:30,2026-09-20T17:48:39.903480+00:00,2026-09-20T17:45:44.929674+00:00,4208,9,False,"{""AfD"": 2322, ""BSW"": 173, ""Bündnis C"": 3, ""CDU"": 189, ""Die Linke"": 160, ""Die PARTEI"": 8, ""FDP"": 41, ""FREIE WÄHLER"": 8, ""GRÜNE"": 152, ""Handwerker Partei Deutschland"": 12, ""KPD"": 1, ""PIRATEN"": 4, ""PdF"": 1, ""SPD"": 1069, ""Team Freiheit"": 14, ""Tierschutzpartei"": 41, ""Volt"": 4, ""WLD"": 4, ""ÖDP"": 2}"
mv:WAHLKREIS:31,2026-09-20T17:48:39.903480+00:00,2026-09-20T17:45:44.929674+00:00,1404,2,False,"{""AfD"": 418, ""BSW"": 71, ""Bündnis C"": 1, ""CDU"": 106, ""Die Linke"": 81, ""Die PARTEI"": 5, ""FDP"": 19, ""FREIE WÄHLER"": 3, ""GRÜNE"": 32, ""Handwerker Partei Deutschland"": 2, ""PIRATEN"": 1, ""PdF"": 1, ""SPD"": 618, ""Team Freiheit"": 4, ""Tierschutzpartei"": 16, ""Volt"": 4, ""WLD"": 20, ""ÖDP"": 2}"
mv:WAHLKREIS:32,2026-09-20T17:48:39.903480+00:00,2026-09-20T17:45:44.929674+00:00,182,1,False,"{""AfD"": 103, ""BSW"": 6, ""CDU"": 3, ""Die Linke"": 9, ""FDP"": 4, ""GRÜNE"": 10, ""PIRATEN"": 1, ""SPD"": 44, ""Tierschutzpartei"": 1, ""ÖDP"": 1}"
mv:WAHLKREIS:33,2026-09-20T17:48:39.903480+00:00,2026-09-20T17:45:44.929674+00:00,946,2,False,"{""AfD"": 521, ""BSW"": 37, ""CDU"": 29, ""Die Linke"": 34, ""Die PARTEI"": 2, ""FDP"": 8, ""FREIE WÄHLER"": 4, ""GRÜNE"": 18, ""Handwerker Partei Deutschland"": 3, ""PIRATEN"": 3, ""SPD"": 266, ""Team Freiheit"": 2, ""Tierschutzpartei"": 17, ""WLD"": 1, ""ÖDP"": 1}"
mv:WAHLKREIS:34,2026-09-20T17:48:39.903480+00:00,2026-09-20T17:45:44.929674+00:00,1625,3,False,"{""AfD"": 779, ""BSW"": 67, ""Bündnis C"": 4, ""CDU"": 68, ""Die Linke"": 99, ""Die PARTEI"": 2, ""FDP"": 7, ""FREIE WÄHLER"": 5, ""GRÜNE"": 46, ""Handwerker Partei Deutschland"": 17, ""KPD"": 1, ""PIRATEN"": 2, ""PdF"": 2, ""SPD"": 488, ""Team Freiheit"": 9, ""Tierschutzpartei"": 25, ""WLD"": 1, ""ÖDP"": 3}"
mv:WAHLKREIS:35,2026-09-20T17:48:39.903480+00:00,2026-09-20T17:45:44.929674+00:00,502,1,False,"{""AfD"": 183, ""BSW"": 13, ""Bündnis C"": 1, ""CDU"": 37, ""Die Linke"": 16, ""Die PARTEI"": 1, ""FDP"": 3, ""FREIE WÄHLER"": 5, ""GRÜNE"": 25, ""SPD"": 207, ""Team Freiheit"": 2, ""Tierschutzpartei"": 8, ""WLD"": 1}"
mv:WAHLKREIS:4,2026-09-20T17:48:39.903480+00:00,2026-09-20T17:45:44.929674+00:00,1283,2,False,"{""AfD"": 347, ""BSW"": 60, ""Bündnis C"": 2, ""CDU"": 106, ""Die Linke"": 120, ""Die PARTEI"": 2, ""FDP"": 17, ""FREIE WÄHLER"": 1, ""GRÜNE"": 105, ""Handwerker Partei Deutschland"": 8, ""KPD"": 1, ""PIRATEN"": 1, ""PdF"": 1, ""SPD"": 496, ""Team Freiheit"": 2, ""Tierschutzpartei"": 12, ""Volt"": 1, ""WLD"": 1}"
mv:WAHLKREIS:5,2026-09-20T17:48:39.903480+00:00,2026-09-20T17:45:44.929674+00:00,1203,2,False,"{""AfD"": 311, ""BSW"": 66, ""CDU"": 35, ""Die Linke"": 185, ""Die PARTEI"": 10, ""FDP"": 3, ""FREIE WÄHLER"": 5, ""GRÜNE"": 80, ""Handwerker Partei Deutschland"": 5, ""KPD"": 2, ""PIRATEN"": 5, ""PdF"": 1, ""SPD"": 451, ""Team Freiheit"": 1, ""Tierschutzpartei"": 32, ""Volt"": 8, ""ÖDP"": 3}"
mv:WAHLKREIS:6,2026-09-20T17:48:39.903480+00:00,2026-09-20T17:45:44.929674+00:00,656,1,False,"{""AfD"": 108, ""BSW"": 28, ""CDU"": 8, ""Die Linke"": 148, ""FDP"": 6, ""GRÜNE"": 131, ""PIRATEN"": 1, ""SPD"": 217, ""Tierschutzpartei"": 5, ""Volt"": 2, ""WLD"": 1, ""ÖDP"": 1}"
mv:WAHLKREIS:7,2026-09-20T17:48:39.903480+00:00,2026-09-20T17:45:44.929674+00:00,2113,3,False,"{""AfD"": 562, ""BSW"": 84, ""Bündnis C"": 1, ""CDU"": 98, ""Die Linke"": 247, ""Die PARTEI"": 1, ""FDP"": 30, ""FREIE WÄHLER"": 7, ""GRÜNE"": 388, ""Handwerker Partei Deutschland"": 7, ""KPD"": 4, ""PIRATEN"": 9, ""PdF"": 2, ""SPD"": 639, ""Team Freiheit"": 8, ""Tierschutzpartei"": 19, ""Volt"": 4, ""ÖDP"": 3}"
mv:WAHLKREIS:8,2026-09-20T17:48:39.903480+00:00,2026-09-20T17:45:44.929674+00:00,2885,4,False,"{""AfD"": 698, ""BSW"": 143, ""Bündnis C"": 1, ""CDU"": 164, ""Die Linke"": 242, ""Die PARTEI"": 16, ""FDP"": 29, ""FREIE WÄHLER"": 14, ""GRÜNE"": 450, ""Handwerker Partei Deutschland"": 8, ""KPD"": 4, ""PIRATEN"": 7, ""PdF"": 1, ""SPD"": 1056, ""Team Freiheit"": 7, ""Tierschutzpartei"": 30, ""Volt"": 8, ""WLD"": 4, ""ÖDP"": 3}"
mv:WAHLKREIS:9,2026-09-20T17:48:39.903480+00:00,2026-09-20T17:45:44.929674+00:00,1419,2,False,"{""AfD"": 721, ""BSW"": 50, ""CDU"": 22, ""Die Linke"": 89, ""Die PARTEI"": 6, ""FDP"": 7, ""GRÜNE"": 35, ""Handwerker Partei Deutschland"": 5, ""KPD"": 1, ""PIRATEN"": 3, ""SPD"": 458, ""Team Freiheit"": 6, ""Tierschutzpartei"": 15, ""Volt"": 1}"
mv:WAHLKREIS:1,2026-09-20T17:54:36.442509+00:00,2026-09-20T17:51:36.286429+00:00,1722,3,False,"{""AfD"": 495, ""BSW"": 50, ""Bündnis C"": 2, ""CDU"": 106, ""Die Linke"": 179, ""Die PARTEI"": 8, ""FDP"": 36, ""FREIE WÄHLER"": 5, ""GRÜNE"": 242, ""Handwerker Partei Deutschland"": 1, ""KPD"": 1, ""PIRATEN"": 3, ""PdF"": 4, ""SPD"": 564, ""Team Freiheit"": 4, ""Tierschutzpartei"": 21, ""Volt"": 1}"
mv:WAHLKREIS:10,2026-09-20T17:54:36.442509+00:00,2026-09-20T17:51:36.286429+00:00,1118,2,False,"{""AfD"": 389, ""BSW"": 41, ""Bündnis C"": 1, ""CDU"": 44, ""Die Linke"": 73, ""Die PARTEI"": 1, ""FDP"": 11, ""FREIE WÄHLER"": 7, ""GRÜNE"": 54, ""KPD"": 1, ""PdF"": 2, ""SPD"": 477, ""Tierschutzpartei"": 11, ""Volt"": 3, ""WLD"": 1, ""ÖDP"": 2}"
mv:WAHLKREIS:11,2026-09-20T17:54:36.442509+00:00,2026-09-20T17:51:36.286429+00:00,521,2,False,"{""AfD"": 283, ""BSW"": 18, ""Bündnis C"": 1, ""CDU"": 13, ""Die Linke"": 21, ""FDP"": 4, ""FREIE WÄHLER"": 2, ""GRÜNE"": 13, ""Handwerker Partei Deutschland"": 2, ""PIRATEN"": 1, ""PdF"": 2, ""SPD"": 144, ""Team Freiheit"": 2, ""Tierschutzpartei"": 12, ""WLD"": 3}"
mv:WAHLKREIS:12,2026-09-20T17:54:36.442509+00:00,2026-09-20T17:51:36.286429+00:00,921,2,False,"{""AfD"": 381, ""BSW"": 41, ""CDU"": 46, ""Die Linke"": 45, ""FDP"": 4, ""FREIE WÄHLER"": 2, ""GRÜNE"": 53, ""Handwerker Partei Deutschland"": 3, ""SPD"": 325, ""Team Freiheit"": 7, ""Tierschutzpartei"": 9, ""Volt"": 2, ""WLD"": 3}"
mv:WAHLKREIS:13,2026-09-20T17:54:36.442509+00:00,2026-09-20T17:51:36.286429+00:00,198,1,False,"{""AfD"": 87, ""BSW"": 14, ""CDU"": 9, ""Die Linke"": 9, ""GRÜNE"": 14, ""SPD"": 61, ""Team Freiheit"": 2, ""Tierschutzpartei"": 2}"
mv:WAHLKREIS:15,2026-09-20T17:54:36.442509+00:00,2026-09-20T17:51:36.286429+00:00,2394,4,False,"{""AfD"": 1267, ""BSW"": 110, ""CDU"": 72, ""Die Linke"": 93, ""Die PARTEI"": 3, ""FDP"": 18, ""FREIE WÄHLER"": 9, ""GRÜNE"": 73, ""Handwerker Partei Deutschland"": 8, ""KPD"": 3, ""PIRATEN"": 7, ""PdF"": 3, ""SPD"": 693, ""Team Freiheit"": 11, ""Tierschutzpartei"": 21, ""WLD"": 3}"
mv:WAHLKREIS:16,2026-09-20T17:54:36.442509+00:00,2026-09-20T17:51:36.286429+00:00,1547,3,False,"{""AfD"": 757, ""BSW"": 71, ""CDU"": 43, ""Die Linke"": 64, ""Die PARTEI"": 5, ""FDP"": 18, ""FREIE WÄHLER"": 3, ""GRÜNE"": 63, ""Handwerker Partei Deutschland"": 8, ""KPD"": 1, ""PIRATEN"": 3, ""SPD"": 484, ""Team Freiheit"": 6, ""Tierschutzpartei"": 14, ""Volt"": 5, ""WLD"": 1, ""ÖDP"": 1}"
mv:WAHLKREIS:17,2026-09-20T17:54:36.442509+00:00,2026-09-20T17:51:36.286429+00:00,1626,5,False,"{""AfD"": 722, ""BSW"": 68, ""Bündnis C"": 2, ""CDU"": 57, ""Die Linke"": 71, ""Die PARTEI"": 1, ""FDP"": 21, ""FREIE WÄHLER"": 3, ""GRÜNE"": 44, ""Handwerker Partei Deutschland"": 2, ""KPD"": 1, ""PIRATEN"": 3, ""PdF"": 3, ""SPD"": 585, ""Team Freiheit"": 3, ""Tierschutzpartei"": 23, ""Volt"": 4, ""WLD"": 12, ""ÖDP"": 1}"
mv:WAHLKREIS:18,2026-09-20T17:54:36.442509+00:00,2026-09-20T17:51:36.286429+00:00,1030,2,False,"{""AfD"": 464, ""BSW"": 41, ""CDU"": 39, ""Die Linke"": 58, ""FDP"": 4, ""FREIE WÄHLER"": 3, ""GRÜNE"": 20, ""Handwerker Partei Deutschland"": 2, ""PIRATEN"": 4, ""SPD"": 382, ""Team Freiheit"": 5, ""Tierschutzpartei"": 7, ""Volt"": 1}"
mv:WAHLKREIS:19,2026-09-20T17:54:36.442509+00:00,2026-09-20T17:51:36.286429+00:00,1301,4,False,"{""AfD"": 627, ""BSW"": 63, ""Bündnis C"": 1, ""CDU"": 44, ""Die Linke"": 61, ""Die PARTEI"": 2, ""FDP"": 8, ""FREIE WÄHLER"": 9, ""GRÜNE"": 45, ""Handwerker Partei Deutschland"": 4, ""PIRATEN"": 4, ""PdF"": 2, ""SPD"": 419, ""Team Freiheit"": 2, ""Tierschutzpartei"": 3, ""Volt"": 2, ""WLD"": 4, ""ÖDP"": 1}"
mv:WAHLKREIS:2,2026-09-20T17:54:36.442509+00:00,2026-09-20T17:51:36.286429+00:00,1410,2,False,"{""AfD"": 607, ""BSW"": 82, ""Bündnis C"": 1, ""CDU"": 40, ""Die Linke"": 102, ""Die PARTEI"": 3, ""FDP"": 5, ""FREIE WÄHLER"": 2, ""GRÜNE"": 57, ""Handwerker Partei Deutschland"": 8, ""KPD"": 2, ""PIRATEN"": 3, ""PdF"": 1, ""SPD"": 469, ""Team Freiheit"": 10, ""Tierschutzpartei"": 16, ""Volt"": 2}"
mv:WAHLKREIS:21,2026-09-20T17:54:36.442509+00:00,2026-09-20T17:51:36.286429+00:00,2919,5,False,"{""AfD"": 1040, ""BSW"": 156, ""CDU"": 148, ""Die Linke"": 167, ""Die PARTEI"": 6, ""FDP"": 21, ""FREIE WÄHLER"": 10, ""GRÜNE"": 165, ""Handwerker Partei Deutschland"": 22, ""KPD"": 2, ""PIRATEN"": 3, ""PdF"": 2, ""SPD"": 1126, ""Team Freiheit"": 6, ""Tierschutzpartei"": 31, ""Volt"": 8, ""WLD"": 3, ""ÖDP"": 3}"
mv:WAHLKREIS:23,2026-09-20T17:54:36.442509+00:00,2026-09-20T17:51:36.286429+00:00,1995,4,False,"{""AfD"": 751, ""BSW"": 107, ""CDU"": 93, ""Die Linke"": 104, ""Die PARTEI"": 15, ""FDP"": 20, ""FREIE WÄHLER"": 7, ""GRÜNE"": 81, ""Handwerker Partei Deutschland"": 7, ""KPD"": 1, ""PIRATEN"": 2, ""PdF"": 3, ""SPD"": 763, ""Team Freiheit"": 4, ""Tierschutzpartei"": 29, ""Volt"": 4, ""WLD"": 2, ""ÖDP"": 2}"
mv:WAHLKREIS:24,2026-09-20T17:54:36.442509+00:00,2026-09-20T17:51:36.286429+00:00,1606,3,False,"{""AfD"": 755, ""BSW"": 82, ""Bündnis C"": 2, ""CDU"": 114, ""Die Linke"": 64, ""Die PARTEI"": 5, ""FDP"": 19, ""FREIE WÄHLER"": 6, ""GRÜNE"": 52, ""Handwerker Partei Deutschland"": 4, ""PIRATEN"": 3, ""SPD"": 470, ""Team Freiheit"": 9, ""Tierschutzpartei"": 14, ""Volt"": 4, ""WLD"": 2, ""ÖDP"": 1}"
mv:WAHLKREIS:25,2026-09-20T17:54:36.442509+00:00,2026-09-20T17:51:36.286429+00:00,1382,2,False,"{""AfD"": 700, ""BSW"": 49, ""CDU"": 57, ""Die Linke"": 69, ""Die PARTEI"": 1, ""FDP"": 10, ""FREIE WÄHLER"": 6, ""GRÜNE"": 25, ""Handwerker Partei Deutschland"": 4, ""KPD"": 2, ""PIRATEN"": 2, ""PdF"": 3, ""SPD"": 428, ""Team Freiheit"": 4, ""Tierschutzpartei"": 17, ""Volt"": 3, ""WLD"": 1, ""ÖDP"": 1}"
mv:WAHLKREIS:26,2026-09-20T17:54:36.442509+00:00,2026-09-20T17:51:36.286429+00:00,2663,3,False,"{""AfD"": 1163, ""BSW"": 126, ""Bündnis C"": 3, ""CDU"": 99, ""Die Linke"": 158, ""Die PARTEI"": 12, ""FDP"": 27, ""FREIE WÄHLER"": 7, ""GRÜNE"": 138, ""Handwerker Partei Deutschland"": 11, ""KPD"": 3, ""PIRATEN"": 8, ""PdF"": 1, ""SPD"": 827, ""Team Freiheit"": 17, ""Tierschutzpartei"": 42, ""Volt"": 11, ""WLD"": 5, ""ÖDP"": 5}"
mv:WAHLKREIS:27,2026-09-20T17:54:36.442509+00:00,2026-09-20T17:51:36.286429+00:00,1152,2,False,"{""AfD"": 414, ""BSW"": 52, ""CDU"": 39, ""Die Linke"": 55, ""Die PARTEI"": 3, ""FDP"": 14, ""FREIE WÄHLER"": 1, ""GRÜNE"": 112, ""Handwerker Partei Deutschland"": 4, ""KPD"": 2, ""PIRATEN"": 4, ""PdF"": 1, ""SPD"": 430, ""Team Freiheit"": 1, ""Tierschutzpartei"": 17, ""Volt"": 2, ""ÖDP"": 1}"
mv:WAHLKREIS:28,2026-09-20T17:54:36.442509+00:00,2026-09-20T17:51:36.286429+00:00,496,1,False,"{""AfD"": 243, ""BSW"": 19, ""CDU"": 17, ""Die Linke"": 19, ""FDP"": 3, ""FREIE WÄHLER"": 1, ""GRÜNE"": 5, ""KPD"": 1, ""PIRATEN"": 1, ""PdF"": 1, ""SPD"": 183, ""Tierschutzpartei"": 2, ""ÖDP"": 1}"
mv:WAHLKREIS:29,2026-09-20T17:54:36.442509+00:00,2026-09-20T17:51:36.286429+00:00,926,1,False,"{""AfD"": 516, ""BSW"": 21, ""Bündnis C"": 1, ""CDU"": 44, ""Die Linke"": 44, ""Die PARTEI"": 3, ""FDP"": 6, ""FREIE WÄHLER"": 4, ""GRÜNE"": 10, ""Handwerker Partei Deutschland"": 4, ""PIRATEN"": 3, ""SPD"": 255, ""Team Freiheit"": 1, ""Tierschutzpartei"": 13, ""ÖDP"": 1}"
mv:WAHLKREIS:3,2026-09-20T17:54:36.442509+00:00,2026-09-20T17:51:36.286429+00:00,786,1,False,"{""AfD"": 188, ""BSW"": 57, ""CDU"": 47, ""Die Linke"": 55, ""Die PARTEI"": 3, ""FDP"": 5, ""GRÜNE"": 32, ""Handwerker Partei Deutschland"": 12, ""PdF"": 2, ""SPD"": 378, ""Tierschutzpartei"": 6, ""ÖDP"": 1}"
mv:WAHLKREIS:30,2026-09-20T17:54:36.442509+00:00,2026-09-20T17:51:36.286429+00:00,440,1,False,"{""AfD"": 119, ""BSW"": 20, ""CDU"": 21, ""Die Linke"": 30, ""Die PARTEI"": 1, ""FDP"": 4, ""FREIE WÄHLER"": 2, ""GRÜNE"": 20, ""Handwerker Partei Deutschland"": 2, ""PIRATEN"": 1, ""PdF"": 1, ""SPD"": 210, ""Tierschutzpartei"": 5, ""Volt"": 2, ""WLD"": 1, ""ÖDP"": 1}"
mv:WAHLKREIS:31,2026-09-20T17:54:36.442509+00:00,2026-09-20T17:51:36.286429+00:00,523,1,False,"{""AfD"": 282, ""BSW"": 32, ""Bündnis C"": 1, ""CDU"": 21, ""Die Linke"": 28, ""Die PARTEI"": 1, ""FDP"": 4, ""FREIE WÄHLER"": 1, ""GRÜNE"": 3, ""PIRATEN"": 1, ""SPD"": 143, ""Tierschutzpartei"": 4, ""WLD"": 2}"
mv:WAHLKREIS:32,2026-09-20T17:54:36.442509+00:00,2026-09-20T17:51:36.286429+00:00,476,1,False,"{""AfD"": 257, ""BSW"": 28, ""CDU"": 10, ""Die Linke"": 30, ""Die PARTEI"": 2, ""FDP"": 2, ""FREIE WÄHLER"": 4, ""GRÜNE"": 8, ""Handwerker Partei Deutschland"": 2, ""PIRATEN"": 1, ""SPD"": 127, ""Team Freiheit"": 2, ""Tierschutzpartei"": 1, ""WLD"": 1, ""ÖDP"": 1}"
mv:WAHLKREIS:33,2026-09-20T17:54:36.442509+00:00,2026-09-20T17:51:36.286429+00:00,315,1,False,"{""AfD"": 158, ""BSW"": 12, ""CDU"": 6, ""Die Linke"": 14, ""FREIE WÄHLER"": 2, ""GRÜNE"": 26, ""Handwerker Partei Deutschland"": 1, ""SPD"": 90, ""Tierschutzpartei"": 4, ""Volt"": 2}"
mv:WAHLKREIS:36,2026-09-20T17:54:36.442509+00:00,2026-09-20T17:51:36.286429+00:00,1795,2,False,"{""AfD"": 813, ""BSW"": 86, ""Bündnis C"": 1, ""CDU"": 106, ""Die Linke"": 105, ""Die PARTEI"": 7, ""FDP"": 17, ""FREIE WÄHLER"": 6, ""GRÜNE"": 29, ""Handwerker Partei Deutschland"": 7, ""PdF"": 1, ""SPD"": 588, ""Team Freiheit"": 5, ""Tierschutzpartei"": 21, ""WLD"": 2, ""ÖDP"": 1}"
mv:WAHLKREIS:4,2026-09-20T17:54:36.442509+00:00,2026-09-20T17:51:36.286429+00:00,1554,3,False,"{""AfD"": 590, ""BSW"": 87, ""CDU"": 81, ""Die Linke"": 108, ""Die PARTEI"": 5, ""FDP"": 14, ""FREIE WÄHLER"": 1, ""GRÜNE"": 100, ""Handwerker Partei Deutschland"": 1, ""PIRATEN"": 7, ""PdF"": 1, ""SPD"": 546, ""Team Freiheit"": 1, ""Tierschutzpartei"": 8, ""Volt"": 2, ""ÖDP"": 2}"
mv:WAHLKREIS:5,2026-09-20T17:54:36.442509+00:00,2026-09-20T17:51:36.286429+00:00,1931,3,False,"{""AfD"": 712, ""BSW"": 90, ""Bündnis C"": 1, ""CDU"": 40, ""Die Linke"": 254, ""Die PARTEI"": 9, ""FDP"": 13, ""FREIE WÄHLER"": 6, ""GRÜNE"": 89, ""Handwerker Partei Deutschland"": 6, ""KPD"": 3, ""PIRATEN"": 3, ""PdF"": 1, ""SPD"": 671, ""Team Freiheit"": 3, ""Tierschutzpartei"": 21, ""Volt"": 4, ""WLD"": 2, ""ÖDP"": 3}"
mv:WAHLKREIS:6,2026-09-20T17:54:36.442509+00:00,2026-09-20T17:51:36.286429+00:00,3188,5,False,"{""AfD"": 523, ""BSW"": 151, ""Bündnis C"": 1, ""CDU"": 102, ""Die Linke"": 630, ""Die PARTEI"": 18, ""FDP"": 34, ""FREIE WÄHLER"": 7, ""GRÜNE"": 593, ""Handwerker Partei Deutschland"": 13, ""KPD"": 6, ""PIRATEN"": 10, ""PdF"": 4, ""SPD"": 1040, ""Team Freiheit"": 8, ""Tierschutzpartei"": 25, ""Volt"": 17, ""ÖDP"": 6}"
mv:WAHLKREIS:7,2026-09-20T17:54:36.442509+00:00,2026-09-20T17:51:36.286429+00:00,1465,2,False,"{""AfD"": 274, ""BSW"": 53, ""Bündnis C"": 2, ""CDU"": 53, ""Die Linke"": 237, ""Die PARTEI"": 3, ""FDP"": 20, ""FREIE WÄHLER"": 3, ""GRÜNE"": 321, ""Handwerker Partei Deutschland"": 5, ""KPD"": 3, ""PIRATEN"": 5, ""PdF"": 3, ""SPD"": 453, ""Team Freiheit"": 5, ""Tierschutzpartei"": 11, ""Volt"": 8, ""WLD"": 3, ""ÖDP"": 3}"
mv:WAHLKREIS:8,2026-09-20T17:54:36.442509+00:00,2026-09-20T17:51:36.286429+00:00,2332,3,False,"{""AfD"": 538, ""BSW"": 98, ""Bündnis C"": 1, ""CDU"": 165, ""Die Linke"": 208, ""Die PARTEI"": 10, ""FDP"": 24, ""FREIE WÄHLER"": 10, ""GRÜNE"": 235, ""Handwerker Partei Deutschland"": 13, ""KPD"": 3, ""PIRATEN"": 6, ""PdF"": 2, ""SPD"": 992, ""Team Freiheit"": 10, ""Tierschutzpartei"": 11, ""Volt"": 6}"
mv:WAHLKREIS:9,2026-09-20T17:54:36.442509+00:00,2026-09-20T17:51:36.286429+00:00,2015,3,False,"{""AfD"": 616, ""BSW"": 81, ""Bündnis C"": 2, ""CDU"": 153, ""Die Linke"": 118, ""Die PARTEI"": 3, ""FDP"": 16, ""FREIE WÄHLER"": 4, ""GRÜNE"": 153, ""Handwerker Partei Deutschland"": 4, ""PIRATEN"": 2, ""SPD"": 840, ""Team Freiheit"": 3, ""Tierschutzpartei"": 17, ""Volt"": 1, ""ÖDP"": 2}"
mv:GEMEINDE:13003000,2026-09-20T17:57:36.059015+00:00,2026-09-20T17:54:36.442509+00:00,8138,13,False,"{""AfD"": 2099, ""BSW"": 381, ""Bündnis C"": 4, ""CDU"": 276, ""Die Linke"": 1229, ""Die PARTEI"": 35, ""FDP"": 81, ""FREIE WÄHLER"": 17, ""GRÜNE"": 1103, ""Handwerker Partei Deutschland"": 25, ""KPD"": 12, ""PIRATEN"": 25, ""PdF"": 9, ""SPD"": 2710, ""Team Freiheit"": 17, ""Tierschutzpartei"": 65, ""Volt"": 31, ""WLD"": 5, ""ÖDP"": 14}"
mv:GEMEINDE:13004000,2026-09-20T17:57:36.059015+00:00,2026-09-20T17:54:36.442509+00:00,4347,6,False,"{""AfD"": 1154, ""BSW"": 179, ""Bündnis C"": 3, ""CDU"": 318, ""Die Linke"": 326, ""Die PARTEI"": 13, ""FDP"": 40, ""FREIE WÄHLER"": 14, ""GRÜNE"": 388, ""Handwerker Partei Deutschland"": 17, ""KPD"": 3, ""PIRATEN"": 8, ""PdF"": 2, ""SPD"": 1832, ""Team Freiheit"": 13, ""Tierschutzpartei"": 28, ""Volt"": 7, ""ÖDP"": 2}"
mv:GEMEINDE:13071033,2026-09-20T17:57:36.059015+00:00,2026-09-20T17:54:36.442509+00:00,400,1,False,"{""AfD"": 173, ""BSW"": 23, ""CDU"": 23, ""Die Linke"": 16, ""FDP"": 3, ""FREIE WÄHLER"": 1, ""GRÜNE"": 10, ""SPD"": 147, ""Team Freiheit"": 1, ""Tierschutzpartei"": 3}"
mv:GEMEINDE:13071107,2026-09-20T17:57:36.059015+00:00,2026-09-20T17:54:36.442509+00:00,2196,3,False,"{""AfD"": 795, ""BSW"": 139, ""Bündnis C"": 1, ""CDU"": 87, ""Die Linke"": 157, ""Die PARTEI"": 6, ""FDP"": 10, ""FREIE WÄHLER"": 2, ""GRÜNE"": 89, ""Handwerker Partei Deutschland"": 20, ""KPD"": 2, ""PIRATEN"": 3, ""PdF"": 3, ""SPD"": 847, ""Team Freiheit"": 10, ""Tierschutzpartei"": 22, ""Volt"": 2, ""ÖDP"": 1}"
mv:GEMEINDE:13071110,2026-09-20T17:57:36.059015+00:00,2026-09-20T17:54:36.442509+00:00,2147,3,False,"{""AfD"": 690, ""BSW"": 111, ""CDU"": 116, ""Die Linke"": 135, ""Die PARTEI"": 6, ""FDP"": 16, ""FREIE WÄHLER"": 9, ""GRÜNE"": 141, ""Handwerker Partei Deutschland"": 21, ""KPD"": 2, ""PIRATEN"": 3, ""PdF"": 2, ""SPD"": 851, ""Team Freiheit"": 4, ""Tierschutzpartei"": 26, ""Volt"": 8, ""WLD"": 3, ""ÖDP"": 3}"
mv:GEMEINDE:13071159,2026-09-20T17:57:36.059015+00:00,2026-09-20T17:54:36.442509+00:00,372,1,False,"{""AfD"": 177, ""BSW"": 22, ""CDU"": 9, ""Die Linke"": 16, ""FDP"": 2, ""GRÜNE"": 14, ""Handwerker Partei Deutschland"": 1, ""SPD"": 128, ""Team Freiheit"": 1, ""Tierschutzpartei"": 2}"
mv:GEMEINDE:13072013,2026-09-20T17:57:36.059015+00:00,2026-09-20T17:54:36.442509+00:00,320,1,False,"{""AfD"": 156, ""BSW"": 12, ""CDU"": 7, ""Die Linke"": 12, ""Die PARTEI"": 2, ""FDP"": 7, ""GRÜNE"": 8, ""SPD"": 108, ""Team Freiheit"": 2, ""Tierschutzpartei"": 3, ""Volt"": 3}"
mv:GEMEINDE:13072019,2026-09-20T17:57:36.059015+00:00,2026-09-20T17:54:36.442509+00:00,293,1,False,"{""AfD"": 144, ""BSW"": 13, ""CDU"": 8, ""Die Linke"": 18, ""FDP"": 2, ""GRÜNE"": 16, ""Handwerker Partei Deutschland"": 3, ""SPD"": 84, ""Team Freiheit"": 4, ""WLD"": 1}"
mv:GEMEINDE:13072043,2026-09-20T17:57:36.059015+00:00,2026-09-20T17:54:36.442509+00:00,778,1,False,"{""AfD"": 394, ""BSW"": 26, ""CDU"": 16, ""Die Linke"": 34, ""Die PARTEI"": 3, ""FDP"": 7, ""FREIE WÄHLER"": 2, ""GRÜNE"": 27, ""Handwerker Partei Deutschland"": 8, ""KPD"": 1, ""PIRATEN"": 2, ""SPD"": 247, ""Team Freiheit"": 2, ""Tierschutzpartei"": 7, ""Volt"": 2}"
mv:GEMEINDE:13072062,2026-09-20T17:57:36.059015+00:00,2026-09-20T17:54:36.442509+00:00,1736,3,False,"{""AfD"": 913, ""BSW"": 70, ""CDU"": 55, ""Die Linke"": 63, ""Die PARTEI"": 3, ""FDP"": 10, ""FREIE WÄHLER"": 8, ""GRÜNE"": 42, ""Handwerker Partei Deutschland"": 6, ""KPD"": 3, ""PIRATEN"": 5, ""PdF"": 3, ""SPD"": 526, ""Team Freiheit"": 9, ""Tierschutzpartei"": 18, ""WLD"": 2}"
mv:GEMEINDE:13072093,2026-09-20T17:57:36.059015+00:00,2026-09-20T17:54:36.442509+00:00,216,1,False,"{""AfD"": 130, ""BSW"": 8, ""Bündnis C"": 1, ""CDU"": 2, ""Die Linke"": 7, ""FREIE WÄHLER"": 1, ""PIRATEN"": 1, ""SPD"": 61, ""Team Freiheit"": 1, ""Tierschutzpartei"": 4}"
mv:GEMEINDE:13072098,2026-09-20T17:57:36.059015+00:00,2026-09-20T17:54:36.442509+00:00,628,1,False,"{""AfD"": 237, ""BSW"": 28, ""CDU"": 38, ""Die Linke"": 27, ""FDP"": 2, ""FREIE WÄHLER"": 2, ""GRÜNE"": 37, ""SPD"": 241, ""Team Freiheit"": 3, ""Tierschutzpartei"": 9, ""Volt"": 2, ""WLD"": 2}"
mv:GEMEINDE:13072099,2026-09-20T17:57:36.059015+00:00,2026-09-20T17:54:36.442509+00:00,305,1,False,"{""AfD"": 153, ""BSW"": 10, ""CDU"": 11, ""Die Linke"": 14, ""FDP"": 4, ""FREIE WÄHLER"": 1, ""GRÜNE"": 13, ""Handwerker Partei Deutschland"": 2, ""PdF"": 2, ""SPD"": 83, ""Team Freiheit"": 1, ""Tierschutzpartei"": 8, ""WLD"": 3}"
mv:GEMEINDE:13072112,2026-09-20T17:57:36.059015+00:00,2026-09-20T17:54:36.442509+00:00,658,1,False,"{""AfD"": 354, ""BSW"": 40, ""CDU"": 17, ""Die Linke"": 30, ""FDP"": 8, ""FREIE WÄHLER"": 1, ""GRÜNE"": 31, ""Handwerker Partei Deutschland"": 2, ""PIRATEN"": 2, ""SPD"": 167, ""Team Freiheit"": 2, ""Tierschutzpartei"": 3, ""WLD"": 1}"
mv:GEMEINDE:13072114,2026-09-20T17:57:36.059015+00:00,2026-09-20T17:54:36.442509+00:00,449,1,False,"{""AfD"": 207, ""BSW"": 33, ""CDU"": 20, ""Die Linke"": 18, ""FDP"": 4, ""FREIE WÄHLER"": 1, ""GRÜNE"": 28, ""PIRATEN"": 1, ""SPD"": 129, ""Team Freiheit"": 2, ""Tierschutzpartei"": 4, ""WLD"": 1, ""ÖDP"": 1}"
mv:GEMEINDE:13073009,2026-09-20T17:57:36.059015+00:00,2026-09-20T17:54:36.442509+00:00,713,1,False,"{""AfD"": 373, ""BSW"": 28, ""CDU"": 34, ""Die Linke"": 23, ""FDP"": 6, ""FREIE WÄHLER"": 3, ""GRÜNE"": 8, ""Handwerker Partei Deutschland"": 2, ""KPD"": 2, ""PdF"": 2, ""SPD"": 218, ""Team Freiheit"": 4, ""Tierschutzpartei"": 8, ""WLD"": 1, ""ÖDP"": 1}"
mv:GEMEINDE:13073023,2026-09-20T17:57:36.059015+00:00,2026-09-20T17:54:36.442509+00:00,427,1,False,"{""AfD"": 255, ""BSW"": 15, ""CDU"": 15, ""Die Linke"": 15, ""Die PARTEI"": 1, ""FDP"": 5, ""FREIE WÄHLER"": 2, ""GRÜNE"": 12, ""PIRATEN"": 1, ""SPD"": 96, ""Team Freiheit"": 8, ""Tierschutzpartei"": 1, ""WLD"": 1}"
mv:GEMEINDE:13073035,2026-09-20T17:57:36.059015+00:00,2026-09-20T17:54:36.442509+00:00,540,1,False,"{""AfD"": 132, ""BSW"": 33, ""Bündnis C"": 1, ""CDU"": 73, ""Die Linke"": 30, ""Die PARTEI"": 1, ""FDP"": 10, ""FREIE WÄHLER"": 2, ""GRÜNE"": 20, ""Handwerker Partei Deutschland"": 3, ""SPD"": 221, ""Tierschutzpartei"": 10, ""Volt"": 2, ""WLD"": 1, ""ÖDP"": 1}"
mv:GEMEINDE:13073038,2026-09-20T17:57:36.059015+00:00,2026-09-20T17:54:36.442509+00:00,315,1,False,"{""AfD"": 158, ""BSW"": 12, ""CDU"": 6, ""Die Linke"": 14, ""FREIE WÄHLER"": 2, ""GRÜNE"": 26, ""Handwerker Partei Deutschland"": 1, ""SPD"": 90, ""Tierschutzpartei"": 4, ""Volt"": 2}"
mv:GEMEINDE:13073075,2026-09-20T17:57:36.059015+00:00,2026-09-20T17:54:36.442509+00:00,1995,4,False,"{""AfD"": 751, ""BSW"": 107, ""CDU"": 93, ""Die Linke"": 104, ""Die PARTEI"": 15, ""FDP"": 20, ""FREIE WÄHLER"": 7, ""GRÜNE"": 81, ""Handwerker Partei Deutschland"": 7, ""KPD"": 1, ""PIRATEN"": 2, ""PdF"": 3, ""SPD"": 763, ""Team Freiheit"": 4, ""Tierschutzpartei"": 29, ""Volt"": 4, ""WLD"": 2, ""ÖDP"": 2}"
mv:GEMEINDE:13073088,2026-09-20T17:57:36.059015+00:00,2026-09-20T17:54:36.442509+00:00,3332,4,False,"{""AfD"": 1490, ""BSW"": 147, ""Bündnis C"": 3, ""CDU"": 122, ""Die Linke"": 204, ""Die PARTEI"": 13, ""FDP"": 31, ""FREIE WÄHLER"": 10, ""GRÜNE"": 155, ""Handwerker Partei Deutschland"": 13, ""KPD"": 3, ""PIRATEN"": 10, ""PdF"": 2, ""SPD"": 1037, ""Team Freiheit"": 17, ""Tierschutzpartei"": 51, ""Volt"": 14, ""WLD"": 5, ""ÖDP"": 5}"
mv:GEMEINDE:13073102,2026-09-20T17:57:36.059015+00:00,2026-09-20T17:54:36.442509+00:00,639,1,False,"{""AfD"": 368, ""BSW"": 34, ""Bündnis C"": 1, ""CDU"": 26, ""Die Linke"": 19, ""Die PARTEI"": 3, ""FDP"": 4, ""FREIE WÄHLER"": 2, ""GRÜNE"": 20, ""Handwerker Partei Deutschland"": 1, ""PIRATEN"": 2, ""SPD"": 153, ""Team Freiheit"": 1, ""Tierschutzpartei"": 3, ""Volt"": 2}"
mv:GEMEINDE:13074026,2026-09-20T17:57:36.059015+00:00,2026-09-20T17:54:36.442509+00:00,593,1,False,"{""AfD"": 243, ""BSW"": 33, ""CDU"": 24, ""Die Linke"": 23, ""FDP"": 5, ""GRÜNE"": 17, ""Handwerker Partei Deutschland"": 4, ""KPD"": 2, ""PIRATEN"": 4, ""SPD"": 229, ""Team Freiheit"": 1, ""Tierschutzpartei"": 5, ""Volt"": 2, ""ÖDP"": 1}"
mv:GEMEINDE:13074049,2026-09-20T17:57:36.059015+00:00,2026-09-20T17:54:36.442509+00:00,559,1,False,"{""AfD"": 171, ""BSW"": 19, ""CDU"": 15, ""Die Linke"": 32, ""Die PARTEI"": 3, ""FDP"": 9, ""FREIE WÄHLER"": 1, ""GRÜNE"": 95, ""PdF"": 1, ""SPD"": 201, ""Tierschutzpartei"": 12}"
mv:GEMEINDE:13074057,2026-09-20T17:57:36.059015+00:00,2026-09-20T17:54:36.442509+00:00,496,1,False,"{""AfD"": 243, ""BSW"": 19, ""CDU"": 17, ""Die Linke"": 19, ""FDP"": 3, ""FREIE WÄHLER"": 1, ""GRÜNE"": 5, ""KPD"": 1, ""PIRATEN"": 1, ""PdF"": 1, ""SPD"": 183, ""Tierschutzpartei"": 2, ""ÖDP"": 1}"
mv:GEMEINDE:13074087,2026-09-20T17:57:36.059015+00:00,2026-09-20T17:54:36.442509+00:00,1118,2,False,"{""AfD"": 389, ""BSW"": 41, ""Bündnis C"": 1, ""CDU"": 44, ""Die Linke"": 73, ""Die PARTEI"": 1, ""FDP"": 11, ""FREIE WÄHLER"": 7, ""GRÜNE"": 54, ""KPD"": 1, ""PdF"": 2, ""SPD"": 477, ""Tierschutzpartei"": 11, ""Volt"": 3, ""WLD"": 1, ""ÖDP"": 2}"
mv:GEMEINDE:13075002,2026-09-20T17:57:36.059015+00:00,2026-09-20T17:54:36.442509+00:00,198,1,False,"{""AfD"": 87, ""BSW"": 14, ""CDU"": 9, ""Die Linke"": 9, ""GRÜNE"": 14, ""SPD"": 61, ""Team Freiheit"": 2, ""Tierschutzpartei"": 2}"
mv:GEMEINDE:13075029,2026-09-20T17:57:36.059015+00:00,2026-09-20T17:54:36.442509+00:00,926,1,False,"{""AfD"": 516, ""BSW"": 21, ""Bündnis C"": 1, ""CDU"": 44, ""Die Linke"": 44, ""Die PARTEI"": 3, ""FDP"": 6, ""FREIE WÄHLER"": 4, ""GRÜNE"": 10, ""Handwerker Partei Deutschland"": 4, ""PIRATEN"": 3, ""SPD"": 255, ""Team Freiheit"": 1, ""Tierschutzpartei"": 13, ""ÖDP"": 1}"
mv:GEMEINDE:13075039,2026-09-20T17:57:36.059015+00:00,2026-09-20T17:54:36.442509+00:00,1722,3,False,"{""AfD"": 495, ""BSW"": 50, ""Bündnis C"": 2, ""CDU"": 106, ""Die Linke"": 179, ""Die PARTEI"": 8, ""FDP"": 36, ""FREIE WÄHLER"": 5, ""GRÜNE"": 242, ""Handwerker Partei Deutschland"": 1, ""KPD"": 1, ""PIRATEN"": 3, ""PdF"": 4, ""SPD"": 564, ""Team Freiheit"": 4, ""Tierschutzpartei"": 21, ""Volt"": 1}"
mv:GEMEINDE:13075105,2026-09-20T17:57:36.059015+00:00,2026-09-20T17:54:36.442509+00:00,883,1,False,"{""AfD"": 263, ""BSW"": 40, ""Bündnis C"": 1, ""CDU"": 68, ""Die Linke"": 76, ""Die PARTEI"": 2, ""FDP"": 10, ""FREIE WÄHLER"": 1, ""GRÜNE"": 20, ""Handwerker Partei Deutschland"": 6, ""PdF"": 1, ""SPD"": 377, ""Team Freiheit"": 4, ""Tierschutzpartei"": 12, ""WLD"": 1, ""ÖDP"": 1}"
mv:GEMEINDE:13075130,2026-09-20T17:57:36.059015+00:00,2026-09-20T17:54:36.442509+00:00,912,1,False,"{""AfD"": 550, ""BSW"": 46, ""CDU"": 38, ""Die Linke"": 29, ""Die PARTEI"": 5, ""FDP"": 7, ""FREIE WÄHLER"": 5, ""GRÜNE"": 9, ""Handwerker Partei Deutschland"": 1, ""SPD"": 211, ""Team Freiheit"": 1, ""Tierschutzpartei"": 9, ""WLD"": 1}"
mv:GEMEINDE:13075751,2026-09-20T17:57:36.059015+00:00,2026-09-20T17:54:36.442509+00:00,440,1,False,"{""AfD"": 119, ""BSW"": 20, ""CDU"": 21, ""Die Linke"": 30, ""Die PARTEI"": 1, ""FDP"": 4, ""FREIE WÄHLER"": 2, ""GRÜNE"": 20, ""Handwerker Partei Deutschland"": 2, ""PIRATEN"": 1, ""PdF"": 1, ""SPD"": 210, ""Tierschutzpartei"": 5, ""Volt"": 2, ""WLD"": 1, ""ÖDP"": 1}"
mv:GEMEINDE:13076002,2026-09-20T17:57:36.059015+00:00,2026-09-20T17:54:36.442509+00:00,212,1,False,"{""AfD"": 82, ""BSW"": 13, ""CDU"": 6, ""Die Linke"": 16, ""FDP"": 1, ""GRÜNE"": 7, ""Handwerker Partei Deutschland"": 2, ""SPD"": 83, ""Team Freiheit"": 2}"
mv:GEMEINDE:13076014,2026-09-20T17:57:36.059015+00:00,2026-09-20T17:54:36.442509+00:00,1189,3,False,"{""AfD"": 507, ""BSW"": 47, ""Bündnis C"": 2, ""CDU"": 42, ""Die Linke"": 56, ""FDP"": 11, ""FREIE WÄHLER"": 3, ""GRÜNE"": 36, ""Handwerker Partei Deutschland"": 1, ""KPD"": 1, ""PIRATEN"": 2, ""PdF"": 3, ""SPD"": 444, ""Team Freiheit"": 2, ""Tierschutzpartei"": 15, ""Volt"": 4, ""WLD"": 12, ""ÖDP"": 1}"
mv:GEMEINDE:13076038,2026-09-20T17:57:36.059015+00:00,2026-09-20T17:54:36.442509+00:00,476,1,False,"{""AfD"": 257, ""BSW"": 28, ""CDU"": 10, ""Die Linke"": 30, ""Die PARTEI"": 2, ""FDP"": 2, ""FREIE WÄHLER"": 4, ""GRÜNE"": 8, ""Handwerker Partei Deutschland"": 2, ""PIRATEN"": 1, ""SPD"": 127, ""Team Freiheit"": 2, ""Tierschutzpartei"": 1, ""WLD"": 1, ""ÖDP"": 1}"
mv:GEMEINDE:13076039,2026-09-20T17:57:36.059015+00:00,2026-09-20T17:54:36.442509+00:00,257,1,False,"{""AfD"": 136, ""BSW"": 14, ""CDU"": 9, ""Die Linke"": 11, ""Die PARTEI"": 1, ""FDP"": 3, ""GRÜNE"": 7, ""PIRATEN"": 1, ""SPD"": 72, ""Tierschutzpartei"": 3}"
mv:GEMEINDE:13076090,2026-09-20T17:57:36.059015+00:00,2026-09-20T17:54:36.442509+00:00,387,1,False,"{""AfD"": 160, ""BSW"": 24, ""CDU"": 17, ""Die Linke"": 19, ""Die PARTEI"": 1, ""FDP"": 3, ""FREIE WÄHLER"": 2, ""GRÜNE"": 25, ""Handwerker Partei Deutschland"": 2, ""SPD"": 131, ""Team Freiheit"": 2, ""Volt"": 1}"
mv:GEMEINDE:13076108,2026-09-20T17:57:36.059015+00:00,2026-09-20T17:54:36.442509+00:00,523,1,False,"{""AfD"": 282, ""BSW"": 32, ""Bündnis C"": 1, ""CDU"": 21, ""Die Linke"": 28, ""Die PARTEI"": 1, ""FDP"": 4, ""FREIE WÄHLER"": 1, ""GRÜNE"": 3, ""PIRATEN"": 1, ""SPD"": 143, ""Tierschutzpartei"": 4, ""WLD"": 2}"
mv:GEMEINDE:13076118,2026-09-20T17:57:36.059015+00:00,2026-09-20T17:54:36.442509+00:00,203,1,False,"{""AfD"": 94, ""BSW"": 9, ""Bündnis C"": 1, ""CDU"": 5, ""Die Linke"": 7, ""FDP"": 1, ""FREIE WÄHLER"": 1, ""GRÜNE"": 2, ""Handwerker Partei Deutschland"": 1, ""PIRATEN"": 1, ""SPD"": 79, ""Volt"": 1, ""WLD"": 1}"
mv:GEMEINDE:13076142,2026-09-20T17:57:36.059015+00:00,2026-09-20T17:54:36.442509+00:00,180,1,False,"{""AfD"": 79, ""BSW"": 7, ""CDU"": 6, ""Die Linke"": 4, ""FDP"": 7, ""GRÜNE"": 1, ""Handwerker Partei Deutschland"": 1, ""SPD"": 69, ""Team Freiheit"": 1, ""Tierschutzpartei"": 5}"
mv:GEMEINDE:13076146,2026-09-20T17:57:36.059015+00:00,2026-09-20T17:54:36.442509+00:00,285,1,False,"{""AfD"": 133, ""BSW"": 12, ""CDU"": 14, ""Die Linke"": 11, ""FDP"": 2, ""FREIE WÄHLER"": 2, ""GRÜNE"": 9, ""Handwerker Partei Deutschland"": 1, ""PIRATEN"": 1, ""SPD"": 98, ""WLD"": 2}"
mv:GEMEINDE:13076152,2026-09-20T17:57:36.059015+00:00,2026-09-20T17:54:36.442509+00:00,818,1,False,"{""AfD"": 382, ""BSW"": 28, ""CDU"": 33, ""Die Linke"": 42, ""FDP"": 3, ""FREIE WÄHLER"": 3, ""GRÜNE"": 13, ""PIRATEN"": 4, ""SPD"": 299, ""Team Freiheit"": 3, ""Tierschutzpartei"": 7, ""Volt"": 1}"
mv:GEMEINDE:13076156,2026-09-20T17:57:36.059015+00:00,2026-09-20T17:54:36.442509+00:00,426,1,False,"{""AfD"": 240, ""BSW"": 18, ""CDU"": 8, ""Die Linke"": 24, ""Die PARTEI"": 1, ""FDP"": 2, ""FREIE WÄHLER"": 4, ""GRÜNE"": 9, ""PIRATEN"": 2, ""PdF"": 2, ""SPD"": 111, ""Tierschutzpartei"": 3, ""WLD"": 1, ""ÖDP"": 1}"
mv:GEMEINDE:13003000,2026-09-20T18:00:07.669576+00:00,2026-09-20T17:57:36.059015+00:00,6585,10,False,"{""AfD"": 1679, ""BSW"": 311, ""Bündnis C"": 2, ""CDU"": 248, ""Die Linke"": 836, ""Die PARTEI"": 21, ""FDP"": 75, ""FREIE WÄHLER"": 18, ""GRÜNE"": 849, ""Handwerker Partei Deutschland"": 21, ""KPD"": 5, ""PIRATEN"": 13, ""PdF"": 14, ""SPD"": 2367, ""Team Freiheit"": 13, ""Tierschutzpartei"": 71, ""Volt"": 32, ""WLD"": 2, ""ÖDP"": 8}"
mv:GEMEINDE:13004000,2026-09-20T18:00:07.669576+00:00,2026-09-20T17:57:36.059015+00:00,5458,7,False,"{""AfD"": 1399, ""BSW"": 255, ""Bündnis C"": 2, ""CDU"": 476, ""Die Linke"": 369, ""Die PARTEI"": 14, ""FDP"": 61, ""FREIE WÄHLER"": 25, ""GRÜNE"": 486, ""Handwerker Partei Deutschland"": 16, ""KPD"": 5, ""PIRATEN"": 10, ""PdF"": 4, ""SPD"": 2236, ""Team Freiheit"": 18, ""Tierschutzpartei"": 62, ""Volt"": 13, ""WLD"": 4, ""ÖDP"": 3}"
mv:GEMEINDE:13071029,2026-09-20T18:00:07.669576+00:00,2026-09-20T17:57:36.059015+00:00,669,1,False,"{""AfD"": 215, ""BSW"": 28, ""CDU"": 55, ""Die Linke"": 42, ""Die PARTEI"": 1, ""FDP"": 10, ""FREIE WÄHLER"": 5, ""GRÜNE"": 15, ""Handwerker Partei Deutschland"": 7, ""PIRATEN"": 3, ""SPD"": 276, ""Team Freiheit"": 2, ""Tierschutzpartei"": 7, ""WLD"": 1, ""ÖDP"": 2}"
mv:GEMEINDE:13071087,2026-09-20T18:00:07.669576+00:00,2026-09-20T17:57:36.059015+00:00,292,1,False,"{""AfD"": 107, ""BSW"": 16, ""CDU"": 12, ""Die Linke"": 10, ""FDP"": 1, ""GRÜNE"": 26, ""Handwerker Partei Deutschland"": 1, ""PdF"": 1, ""SPD"": 115, ""Team Freiheit"": 1, ""Tierschutzpartei"": 2}"
mv:GEMEINDE:13071092,2026-09-20T18:00:07.669576+00:00,2026-09-20T17:57:36.059015+00:00,1292,1,False,"{""AfD"": 301, ""BSW"": 81, ""CDU"": 102, ""Die Linke"": 84, ""FDP"": 13, ""FREIE WÄHLER"": 21, ""GRÜNE"": 38, ""KPD"": 2, ""PIRATEN"": 1, ""SPD"": 645, ""Tierschutzpartei"": 3, ""WLD"": 1}"
mv:GEMEINDE:13071093,2026-09-20T18:00:07.669576+00:00,2026-09-20T17:57:36.059015+00:00,525,1,False,"{""AfD"": 241, ""BSW"": 38, ""Bündnis C"": 2, ""CDU"": 18, ""Die Linke"": 27, ""Die PARTEI"": 1, ""FDP"": 3, ""GRÜNE"": 26, ""Handwerker Partei Deutschland"": 2, ""KPD"": 1, ""SPD"": 155, ""Team Freiheit"": 3, ""Tierschutzpartei"": 6, ""Volt"": 1, ""WLD"": 1}"
mv:GEMEINDE:13071107,2026-09-20T18:00:07.669576+00:00,2026-09-20T17:57:36.059015+00:00,1793,3,False,"{""AfD"": 814, ""BSW"": 109, ""Bündnis C"": 1, ""CDU"": 65, ""Die Linke"": 98, ""Die PARTEI"": 1, ""FDP"": 7, ""FREIE WÄHLER"": 5, ""GRÜNE"": 57, ""Handwerker Partei Deutschland"": 13, ""KPD"": 4, ""PIRATEN"": 2, ""PdF"": 4, ""SPD"": 588, ""Team Freiheit"": 7, ""Tierschutzpartei"": 14, ""Volt"": 2, ""WLD"": 2}"
mv:GEMEINDE:13071110,2026-09-20T18:00:07.669576+00:00,2026-09-20T17:57:36.059015+00:00,704,1,False,"{""AfD"": 163, ""BSW"": 40, ""CDU"": 46, ""Die Linke"": 56, ""Die PARTEI"": 2, ""FDP"": 5, ""FREIE WÄHLER"": 1, ""GRÜNE"": 53, ""Handwerker Partei Deutschland"": 1, ""PIRATEN"": 3, ""PdF"": 1, ""SPD"": 323, ""Tierschutzpartei"": 6, ""Volt"": 4}"
mv:GEMEINDE:13071163,2026-09-20T18:00:07.669576+00:00,2026-09-20T17:57:36.059015+00:00,141,1,False,"{""AfD"": 83, ""BSW"": 8, ""CDU"": 2, ""Die Linke"": 7, ""Die PARTEI"": 1, ""FDP"": 1, ""GRÜNE"": 1, ""PIRATEN"": 1, ""SPD"": 36, ""Tierschutzpartei"": 1}"
mv:GEMEINDE:13071754,2026-09-20T18:00:07.669576+00:00,2026-09-20T17:57:36.059015+00:00,624,1,False,"{""AfD"": 156, ""BSW"": 32, ""CDU"": 55, ""Die Linke"": 34, ""FDP"": 13, ""FREIE WÄHLER"": 1, ""GRÜNE"": 44, ""Handwerker Partei Deutschland"": 2, ""PdF"": 1, ""SPD"": 278, ""Team Freiheit"": 1, ""Tierschutzpartei"": 7}"
mv:GEMEINDE:13071763,2026-09-20T18:00:07.669576+00:00,2026-09-20T17:57:36.059015+00:00,1011,1,False,"{""AfD"": 324, ""BSW"": 61, ""Bündnis C"": 2, ""CDU"": 84, ""Die Linke"": 68, ""Die PARTEI"": 4, ""FDP"": 15, ""FREIE WÄHLER"": 9, ""GRÜNE"": 27, ""Handwerker Partei Deutschland"": 8, ""PIRATEN"": 1, ""PdF"": 1, ""SPD"": 393, ""Team Freiheit"": 1, ""Tierschutzpartei"": 11, ""Volt"": 1, ""ÖDP"": 1}"
mv:GEMEINDE:13072006,2026-09-20T18:00:07.669576+00:00,2026-09-20T17:57:36.059015+00:00,1420,2,False,"{""AfD"": 502, ""BSW"": 83, ""Bündnis C"": 2, ""CDU"": 58, ""Die Linke"": 87, ""Die PARTEI"": 4, ""FDP"": 10, ""FREIE WÄHLER"": 4, ""GRÜNE"": 94, ""Handwerker Partei Deutschland"": 2, ""PIRATEN"": 6, ""PdF"": 5, ""SPD"": 539, ""Team Freiheit"": 3, ""Tierschutzpartei"": 15, ""Volt"": 1, ""WLD"": 4, ""ÖDP"": 1}"
mv:GEMEINDE:13072030,2026-09-20T18:00:07.669576+00:00,2026-09-20T17:57:36.059015+00:00,650,1,False,"{""AfD"": 246, ""BSW"": 34, ""CDU"": 65, ""Die Linke"": 22, ""Die PARTEI"": 1, ""FDP"": 4, ""FREIE WÄHLER"": 1, ""GRÜNE"": 35, ""Handwerker Partei Deutschland"": 3, ""PdF"": 2, ""SPD"": 227, ""Team Freiheit"": 3, ""Tierschutzpartei"": 5, ""Volt"": 1, ""WLD"": 1}"
mv:GEMEINDE:13072032,2026-09-20T18:00:07.669576+00:00,2026-09-20T17:57:36.059015+00:00,552,1,False,"{""AfD"": 251, ""BSW"": 30, ""Bündnis C"": 1, ""CDU"": 18, ""Die Linke"": 34, ""Die PARTEI"": 1, ""FDP"": 2, ""FREIE WÄHLER"": 2, ""GRÜNE"": 17, ""Handwerker Partei Deutschland"": 3, ""KPD"": 2, ""PIRATEN"": 2, ""SPD"": 181, ""Tierschutzpartei"": 7, ""WLD"": 1}"
mv:GEMEINDE:13072060,2026-09-20T18:00:07.669576+00:00,2026-09-20T17:57:36.059015+00:00,1718,2,False,"{""AfD"": 663, ""BSW"": 85, ""Bündnis C"": 1, ""CDU"": 98, ""Die Linke"": 73, ""Die PARTEI"": 9, ""FDP"": 25, ""FREIE WÄHLER"": 7, ""GRÜNE"": 75, ""Handwerker Partei Deutschland"": 1, ""KPD"": 1, ""PIRATEN"": 2, ""PdF"": 2, ""SPD"": 649, ""Team Freiheit"": 6, ""Tierschutzpartei"": 17, ""WLD"": 2, ""ÖDP"": 2}"
mv:GEMEINDE:13072083,2026-09-20T18:00:07.669576+00:00,2026-09-20T17:57:36.059015+00:00,526,1,False,"{""AfD"": 218, ""BSW"": 31, ""CDU"": 18, ""Die Linke"": 32, ""FDP"": 6, ""FREIE WÄHLER"": 3, ""GRÜNE"": 37, ""Handwerker Partei Deutschland"": 3, ""PIRATEN"": 1, ""SPD"": 165, ""Team Freiheit"": 1, ""Tierschutzpartei"": 8, ""WLD"": 1, ""ÖDP"": 2}"
mv:GEMEINDE:13072093,2026-09-20T18:00:07.669576+00:00,2026-09-20T17:57:36.059015+00:00,691,1,False,"{""AfD"": 302, ""BSW"": 40, ""CDU"": 40, ""Die Linke"": 34, ""Die PARTEI"": 2, ""FDP"": 3, ""GRÜNE"": 22, ""Handwerker Partei Deutschland"": 1, ""PIRATEN"": 2, ""PdF"": 1, ""SPD"": 240, ""Team Freiheit"": 1, ""Tierschutzpartei"": 3}"
mv:GEMEINDE:13072752,2026-09-20T18:00:07.669576+00:00,2026-09-20T17:57:36.059015+00:00,775,1,False,"{""AfD"": 222, ""BSW"": 48, ""CDU"": 57, ""Die Linke"": 55, ""Die PARTEI"": 4, ""FDP"": 7, ""FREIE WÄHLER"": 3, ""GRÜNE"": 52, ""Handwerker Partei Deutschland"": 7, ""KPD"": 1, ""SPD"": 303, ""Team Freiheit"": 1, ""Tierschutzpartei"": 11, ""Volt"": 2, ""ÖDP"": 2}"
mv:GEMEINDE:13073010,2026-09-20T18:00:07.669576+00:00,2026-09-20T17:57:36.059015+00:00,632,1,False,"{""AfD"": 344, ""BSW"": 24, ""Bündnis C"": 1, ""CDU"": 21, ""Die Linke"": 41, ""Die PARTEI"": 3, ""FDP"": 5, ""FREIE WÄHLER"": 4, ""GRÜNE"": 15, ""Handwerker Partei Deutschland"": 4, ""PIRATEN"": 4, ""SPD"": 147, ""Team Freiheit"": 3, ""Tierschutzpartei"": 14, ""Volt"": 1, ""ÖDP"": 1}"
mv:GEMEINDE:13073031,2026-09-20T18:00:07.669576+00:00,2026-09-20T17:57:36.059015+00:00,580,1,False,"{""AfD"": 243, ""BSW"": 19, ""CDU"": 28, ""Die Linke"": 17, ""FDP"": 5, ""FREIE WÄHLER"": 3, ""GRÜNE"": 13, ""Handwerker Partei Deutschland"": 2, ""PIRATEN"": 2, ""PdF"": 1, ""SPD"": 231, ""Team Freiheit"": 3, ""Tierschutzpartei"": 10, ""Volt"": 2, ""WLD"": 1}"
mv:GEMEINDE:13073035,2026-09-20T18:00:07.669576+00:00,2026-09-20T17:57:36.059015+00:00,554,1,False,"{""AfD"": 279, ""BSW"": 25, ""CDU"": 34, ""Die Linke"": 26, ""Die PARTEI"": 1, ""FDP"": 2, ""GRÜNE"": 15, ""Handwerker Partei Deutschland"": 1, ""KPD"": 1, ""PIRATEN"": 1, ""SPD"": 160, ""Tierschutzpartei"": 7, ""Volt"": 1, ""ÖDP"": 1}"
mv:GEMEINDE:13073045,2026-09-20T18:00:07.669576+00:00,2026-09-20T17:57:36.059015+00:00,240,1,False,"{""AfD"": 112, ""BSW"": 16, ""CDU"": 10, ""Die Linke"": 7, ""Die PARTEI"": 1, ""FDP"": 3, ""GRÜNE"": 22, ""Handwerker Partei Deutschland"": 3, ""PIRATEN"": 1, ""SPD"": 57, ""Team Freiheit"": 2, ""Tierschutzpartei"": 5, ""Volt"": 1}"
mv:GEMEINDE:13073075,2026-09-20T18:00:07.669576+00:00,2026-09-20T17:57:36.059015+00:00,587,1,False,"{""AfD"": 256, ""BSW"": 32, ""CDU"": 18, ""Die Linke"": 23, ""Die PARTEI"": 5, ""FDP"": 4, ""FREIE WÄHLER"": 1, ""GRÜNE"": 39, ""Handwerker Partei Deutschland"": 3, ""KPD"": 1, ""PIRATEN"": 2, ""SPD"": 191, ""Tierschutzpartei"": 9, ""Volt"": 2, ""ÖDP"": 1}"
mv:GEMEINDE:13073084,2026-09-20T18:00:07.669576+00:00,2026-09-20T17:57:36.059015+00:00,620,1,False,"{""AfD"": 305, ""BSW"": 20, ""CDU"": 40, ""Die Linke"": 21, ""FDP"": 11, ""FREIE WÄHLER"": 3, ""GRÜNE"": 14, ""PdF"": 1, ""SPD"": 196, ""Tierschutzpartei"": 8, ""WLD"": 1}"
mv:GEMEINDE:13073088,2026-09-20T18:00:07.669576+00:00,2026-09-20T17:57:36.059015+00:00,1664,2,False,"{""AfD"": 597, ""BSW"": 79, ""Bündnis C"": 1, ""CDU"": 96, ""Die Linke"": 116, ""Die PARTEI"": 11, ""FDP"": 11, ""FREIE WÄHLER"": 7, ""GRÜNE"": 141, ""Handwerker Partei Deutschland"": 2, ""KPD"": 1, ""PIRATEN"": 6, ""PdF"": 2, ""SPD"": 547, ""Team Freiheit"": 9, ""Tierschutzpartei"": 27, ""Volt"": 9, ""WLD"": 1, ""ÖDP"": 1}"
mv:GEMEINDE:13073092,2026-09-20T18:00:07.669576+00:00,2026-09-20T17:57:36.059015+00:00,338,1,False,"{""AfD"": 185, ""BSW"": 19, ""CDU"": 14, ""Die Linke"": 14, ""Die PARTEI"": 1, ""FDP"": 2, ""GRÜNE"": 8, ""Handwerker Partei Deutschland"": 4, ""PIRATEN"": 1, ""SPD"": 86, ""Tierschutzpartei"": 2, ""Volt"": 2}"
mv:GEMEINDE:13073094,2026-09-20T18:00:07.669576+00:00,2026-09-20T17:57:36.059015+00:00,467,1,False,"{""AfD"": 219, ""BSW"": 27, ""CDU"": 19, ""Die Linke"": 17, ""FDP"": 2, ""FREIE WÄHLER"": 2, ""GRÜNE"": 8, ""Handwerker Partei Deutschland"": 2, ""KPD"": 1, ""PdF"": 1, ""SPD"": 163, ""Team Freiheit"": 1, ""Tierschutzpartei"": 5}"
mv:GEMEINDE:13074026,2026-09-20T18:00:07.669576+00:00,2026-09-20T17:57:36.059015+00:00,1105,2,False,"{""AfD"": 438, ""BSW"": 42, ""Bündnis C"": 1, ""CDU"": 35, ""Die Linke"": 64, ""Die PARTEI"": 2, ""FDP"": 6, ""FREIE WÄHLER"": 1, ""GRÜNE"": 45, ""Handwerker Partei Deutschland"": 6, ""KPD"": 2, ""PIRATEN"": 1, ""SPD"": 444, ""Team Freiheit"": 1, ""Tierschutzpartei"": 15, ""Volt"": 2}"
mv:GEMEINDE:13074048,2026-09-20T18:00:07.669576+00:00,2026-09-20T17:57:36.059015+00:00,861,1,False,"{""AfD"": 327, ""BSW"": 44, ""CDU"": 42, ""Die Linke"": 33, ""Die PARTEI"": 1, ""FDP"": 6, ""FREIE WÄHLER"": 1, ""GRÜNE"": 65, ""Handwerker Partei Deutschland"": 5, ""KPD"": 1, ""SPD"": 319, ""Team Freiheit"": 6, ""Tierschutzpartei"": 8, ""Volt"": 1, ""ÖDP"": 2}"
mv:GEMEINDE:13074054,2026-09-20T18:00:07.669576+00:00,2026-09-20T17:57:36.059015+00:00,489,1,False,"{""AfD"": 231, ""BSW"": 30, ""CDU"": 14, ""Die Linke"": 24, ""Die PARTEI"": 1, ""FDP"": 3, ""FREIE WÄHLER"": 1, ""GRÜNE"": 14, ""Handwerker Partei Deutschland"": 5, ""SPD"": 163, ""Team Freiheit"": 1, ""Tierschutzpartei"": 1, ""ÖDP"": 1}"
mv:GEMEINDE:13074056,2026-09-20T18:00:07.669576+00:00,2026-09-20T17:57:36.059015+00:00,999,1,False,"{""AfD"": 491, ""BSW"": 30, ""CDU"": 38, ""Die Linke"": 46, ""Die PARTEI"": 6, ""FDP"": 10, ""FREIE WÄHLER"": 2, ""GRÜNE"": 47, ""Handwerker Partei Deutschland"": 7, ""KPD"": 1, ""PIRATEN"": 2, ""PdF"": 2, ""SPD"": 304, ""Team Freiheit"": 1, ""Tierschutzpartei"": 9, ""Volt"": 2, ""WLD"": 1}"
mv:GEMEINDE:13074082,2026-09-20T18:00:07.669576+00:00,2026-09-20T17:57:36.059015+00:00,411,1,False,"{""AfD"": 207, ""BSW"": 32, ""Bündnis C"": 1, ""CDU"": 19, ""Die Linke"": 21, ""FDP"": 1, ""GRÜNE"": 6, ""Handwerker Partei Deutschland"": 3, ""PIRATEN"": 1, ""PdF"": 1, ""SPD"": 115, ""Tierschutzpartei"": 4}"
mv:GEMEINDE:13074087,2026-09-20T18:00:07.669576+00:00,2026-09-20T17:57:36.059015+00:00,2865,4,False,"{""AfD"": 1053, ""BSW"": 112, ""Bündnis C"": 2, ""CDU"": 68, ""Die Linke"": 207, ""Die PARTEI"": 10, ""FDP"": 24, ""FREIE WÄHLER"": 8, ""GRÜNE"": 189, ""Handwerker Partei Deutschland"": 7, ""KPD"": 1, ""PIRATEN"": 14, ""PdF"": 4, ""SPD"": 1130, ""Team Freiheit"": 4, ""Tierschutzpartei"": 21, ""Volt"": 9, ""WLD"": 2}"
mv:GEMEINDE:13074088,2026-09-20T18:00:07.669576+00:00,2026-09-20T17:57:36.059015+00:00,322,1,False,"{""AfD"": 150, ""BSW"": 19, ""CDU"": 10, ""Die Linke"": 17, ""Die PARTEI"": 1, ""FDP"": 3, ""FREIE WÄHLER"": 2, ""GRÜNE"": 14, ""Handwerker Partei Deutschland"": 3, ""PIRATEN"": 2, ""PdF"": 1, ""SPD"": 93, ""Team Freiheit"": 1, ""Tierschutzpartei"": 4, ""Volt"": 2}"
mv:GEMEINDE:13075031,2026-09-20T18:00:07.669576+00:00,2026-09-20T17:57:36.059015+00:00,944,2,False,"{""AfD"": 514, ""BSW"": 31, ""Bündnis C"": 1, ""CDU"": 35, ""Die Linke"": 27, ""FDP"": 5, ""FREIE WÄHLER"": 2, ""GRÜNE"": 5, ""Handwerker Partei Deutschland"": 1, ""KPD"": 2, ""PIRATEN"": 2, ""SPD"": 304, ""Team Freiheit"": 4, ""Tierschutzpartei"": 8, ""WLD"": 3}"
mv:GEMEINDE:13075039,2026-09-20T18:00:07.669576+00:00,2026-09-20T17:57:36.059015+00:00,1126,2,False,"{""AfD"": 298, ""BSW"": 48, ""CDU"": 21, ""Die Linke"": 190, ""Die PARTEI"": 7, ""FDP"": 11, ""FREIE WÄHLER"": 3, ""GRÜNE"": 167, ""Handwerker Partei Deutschland"": 2, ""KPD"": 1, ""PIRATEN"": 3, ""PdF"": 1, ""SPD"": 334, ""Team Freiheit"": 1, ""Tierschutzpartei"": 30, ""Volt"": 6, ""WLD"": 2, ""ÖDP"": 1}"
mv:GEMEINDE:13075051,2026-09-20T18:00:07.669576+00:00,2026-09-20T17:57:36.059015+00:00,169,1,False,"{""AfD"": 101, ""BSW"": 9, ""CDU"": 6, ""Die Linke"": 2, ""FDP"": 3, ""GRÜNE"": 4, ""SPD"": 42, ""Tierschutzpartei"": 2}"
mv:GEMEINDE:13075058,2026-09-20T18:00:07.669576+00:00,2026-09-20T17:57:36.059015+00:00,881,1,False,"{""AfD"": 468, ""BSW"": 46, ""Bündnis C"": 2, ""CDU"": 35, ""Die Linke"": 45, ""Die PARTEI"": 3, ""FDP"": 10, ""FREIE WÄHLER"": 2, ""GRÜNE"": 19, ""Handwerker Partei Deutschland"": 3, ""SPD"": 235, ""Team Freiheit"": 1, ""Tierschutzpartei"": 10, ""Volt"": 1, ""WLD"": 1}"
mv:GEMEINDE:13075075,2026-09-20T18:00:07.669576+00:00,2026-09-20T17:57:36.059015+00:00,322,1,False,"{""AfD"": 211, ""BSW"": 9, ""CDU"": 10, ""Die Linke"": 8, ""FDP"": 2, ""GRÜNE"": 3, ""SPD"": 76, ""Tierschutzpartei"": 3}"
mv:GEMEINDE:13075139,2026-09-20T18:00:07.669576+00:00,2026-09-20T17:57:36.059015+00:00,224,1,False,"{""AfD"": 118, ""BSW"": 5, ""CDU"": 10, ""Die Linke"": 4, ""FDP"": 2, ""FREIE WÄHLER"": 1, ""GRÜNE"": 10, ""Handwerker Partei Deutschland"": 2, ""SPD"": 71, ""Volt"": 1}"
mv:GEMEINDE:13075151,2026-09-20T18:00:07.669576+00:00,2026-09-20T17:57:36.059015+00:00,878,1,False,"{""AfD"": 467, ""BSW"": 33, ""Bündnis C"": 1, ""CDU"": 36, ""Die Linke"": 27, ""FREIE WÄHLER"": 4, ""GRÜNE"": 18, ""Handwerker Partei Deutschland"": 1, ""PIRATEN"": 3, ""SPD"": 272, ""Team Freiheit"": 1, ""Tierschutzpartei"": 15}"
mv:GEMEINDE:13075751,2026-09-20T18:00:07.669576+00:00,2026-09-20T17:57:36.059015+00:00,486,1,False,"{""AfD"": 156, ""BSW"": 18, ""Bündnis C"": 2, ""CDU"": 49, ""Die Linke"": 18, ""FDP"": 9, ""FREIE WÄHLER"": 2, ""GRÜNE"": 29, ""SPD"": 192, ""Tierschutzpartei"": 11}"
mv:GEMEINDE:13075763,2026-09-20T18:00:07.669576+00:00,2026-09-20T17:57:36.059015+00:00,813,1,False,"{""AfD"": 250, ""BSW"": 29, ""Bündnis C"": 2, ""CDU"": 50, ""Die Linke"": 54, ""Die PARTEI"": 4, ""FDP"": 25, ""FREIE WÄHLER"": 5, ""GRÜNE"": 39, ""Handwerker Partei Deutschland"": 9, ""KPD"": 1, ""PIRATEN"": 2, ""SPD"": 321, ""Team Freiheit"": 1, ""Tierschutzpartei"": 13, ""Volt"": 3, ""WLD"": 3, ""ÖDP"": 2}"
mv:GEMEINDE:13076014,2026-09-20T18:00:07.669576+00:00,2026-09-20T17:57:36.059015+00:00,816,2,False,"{""AfD"": 348, ""BSW"": 29, ""Bündnis C"": 3, ""CDU"": 20, ""Die Linke"": 38, ""FDP"": 8, ""FREIE WÄHLER"": 2, ""GRÜNE"": 16, ""PdF"": 1, ""SPD"": 336, ""Team Freiheit"": 2, ""Tierschutzpartei"": 9, ""WLD"": 3, ""ÖDP"": 1}"
mv:GEMEINDE:13076048,2026-09-20T18:00:07.669576+00:00,2026-09-20T17:57:36.059015+00:00,561,1,False,"{""AfD"": 280, ""BSW"": 25, ""Bündnis C"": 1, ""CDU"": 20, ""Die Linke"": 21, ""Die PARTEI"": 1, ""FDP"": 3, ""FREIE WÄHLER"": 6, ""GRÜNE"": 15, ""Handwerker Partei Deutschland"": 5, ""PIRATEN"": 1, ""PdF"": 1, ""SPD"": 174, ""Team Freiheit"": 1, ""Tierschutzpartei"": 6, ""ÖDP"": 1}"
mv:GEMEINDE:13076050,2026-09-20T18:00:07.669576+00:00,2026-09-20T17:57:36.059015+00:00,864,1,False,"{""AfD"": 434, ""BSW"": 41, ""Bündnis C"": 1, ""CDU"": 33, ""Die Linke"": 44, ""Die PARTEI"": 4, ""FDP"": 4, ""FREIE WÄHLER"": 11, ""GRÜNE"": 20, ""Handwerker Partei Deutschland"": 3, ""PIRATEN"": 2, ""SPD"": 259, ""Team Freiheit"": 2, ""Tierschutzpartei"": 4, ""ÖDP"": 2}"
mv:GEMEINDE:13076063,2026-09-20T18:00:07.669576+00:00,2026-09-20T17:57:36.059015+00:00,511,1,False,"{""AfD"": 273, ""BSW"": 29, ""CDU"": 19, ""Die Linke"": 22, ""Die PARTEI"": 1, ""FDP"": 5, ""GRÜNE"": 9, ""Handwerker Partei Deutschland"": 1, ""SPD"": 145, ""Team Freiheit"": 2, ""Tierschutzpartei"": 5}"
mv:GEMEINDE:13076078,2026-09-20T18:00:07.669576+00:00,2026-09-20T17:57:36.059015+00:00,411,1,False,"{""AfD"": 224, ""BSW"": 21, ""CDU"": 10, ""Die Linke"": 15, ""Die PARTEI"": 1, ""FDP"": 2, ""FREIE WÄHLER"": 1, ""GRÜNE"": 12, ""Handwerker Partei Deutschland"": 3, ""SPD"": 117, ""Tierschutzpartei"": 4, ""ÖDP"": 1}"
mv:GEMEINDE:13076089,2026-09-20T18:00:07.669576+00:00,2026-09-20T17:57:36.059015+00:00,537,1,False,"{""AfD"": 264, ""BSW"": 20, ""CDU"": 29, ""Die Linke"": 20, ""FDP"": 4, ""FREIE WÄHLER"": 3, ""GRÜNE"": 12, ""Handwerker Partei Deutschland"": 2, ""PIRATEN"": 1, ""SPD"": 176, ""Tierschutzpartei"": 3, ""WLD"": 2, ""ÖDP"": 1}"
mv:GEMEINDE:13076115,2026-09-20T18:00:07.669576+00:00,2026-09-20T17:57:36.059015+00:00,380,1,False,"{""AfD"": 196, ""BSW"": 12, ""Bündnis C"": 1, ""CDU"": 11, ""Die Linke"": 10, ""Die PARTEI"": 2, ""FDP"": 6, ""FREIE WÄHLER"": 4, ""GRÜNE"": 9, ""Handwerker Partei Deutschland"": 1, ""SPD"": 127, ""WLD"": 1}"
mv:GEMEINDE:13076125,2026-09-20T18:00:07.669576+00:00,2026-09-20T17:57:36.059015+00:00,368,1,False,"{""AfD"": 165, ""BSW"": 44, ""CDU"": 9, ""Die Linke"": 14, ""Die PARTEI"": 2, ""FDP"": 2, ""GRÜNE"": 6, ""Handwerker Partei Deutschland"": 3, ""PdF"": 1, ""SPD"": 118, ""Tierschutzpartei"": 3, ""ÖDP"": 1}"
mv:GEMEINDE:13076152,2026-09-20T18:00:07.669576+00:00,2026-09-20T17:57:36.059015+00:00,617,1,False,"{""AfD"": 272, ""BSW"": 33, ""CDU"": 36, ""Die Linke"": 29, ""FDP"": 7, ""FREIE WÄHLER"": 1, ""GRÜNE"": 10, ""Handwerker Partei Deutschland"": 1, ""SPD"": 219, ""Team Freiheit"": 1, ""Tierschutzpartei"": 7, ""WLD"": 1}"
mv:GEMEINDE:13076159,2026-09-20T18:00:07.669576+00:00,2026-09-20T17:57:36.059015+00:00,479,1,False,"{""AfD"": 223, ""BSW"": 21, ""CDU"": 9, ""Die Linke"": 15, ""Die PARTEI"": 4, ""FDP"": 3, ""FREIE WÄHLER"": 1, ""GRÜNE"": 15, ""Handwerker Partei Deutschland"": 3, ""KPD"": 1, ""PIRATEN"": 1, ""PdF"": 1, ""SPD"": 170, ""Tierschutzpartei"": 9, ""WLD"": 1, ""ÖDP"": 2}"
mv:WAHLKREIS:1,2026-09-20T18:00:07.669576+00:00,2026-09-20T17:57:36.059015+00:00,1126,2,False,"{""AfD"": 298, ""BSW"": 48, ""CDU"": 21, ""Die Linke"": 190, ""Die PARTEI"": 7, ""FDP"": 11, ""FREIE WÄHLER"": 3, ""GRÜNE"": 167, ""Handwerker Partei Deutschland"": 2, ""KPD"": 1, ""PIRATEN"": 3, ""PdF"": 1, ""SPD"": 334, ""Team Freiheit"": 1, ""Tierschutzpartei"": 30, ""Volt"": 6, ""WLD"": 2, ""ÖDP"": 1}"
mv:WAHLKREIS:10,2026-09-20T18:00:07.669576+00:00,2026-09-20T17:57:36.059015+00:00,2865,4,False,"{""AfD"": 1053, ""BSW"": 112, ""Bündnis C"": 2, ""CDU"": 68, ""Die Linke"": 207, ""Die PARTEI"": 10, ""FDP"": 24, ""FREIE WÄHLER"": 8, ""GRÜNE"": 189, ""Handwerker Partei Deutschland"": 7, ""KPD"": 1, ""PIRATEN"": 14, ""PdF"": 4, ""SPD"": 1130, ""Team Freiheit"": 4, ""Tierschutzpartei"": 21, ""Volt"": 9, ""WLD"": 2}"
mv:WAHLKREIS:11,2026-09-20T18:00:07.669576+00:00,2026-09-20T17:57:36.059015+00:00,4355,6,False,"{""AfD"": 1685, ""BSW"": 239, ""Bündnis C"": 3, ""CDU"": 214, ""Die Linke"": 226, ""Die PARTEI"": 15, ""FDP"": 44, ""FREIE WÄHLER"": 14, ""GRÜNE"": 228, ""Handwerker Partei Deutschland"": 7, ""KPD"": 1, ""PIRATEN"": 11, ""PdF"": 8, ""SPD"": 1593, ""Team Freiheit"": 11, ""Tierschutzpartei"": 43, ""Volt"": 1, ""WLD"": 7, ""ÖDP"": 5}"
mv:WAHLKREIS:12,2026-09-20T18:00:07.669576+00:00,2026-09-20T17:57:36.059015+00:00,1202,2,False,"{""AfD"": 497, ""BSW"": 64, ""Bündnis C"": 1, ""CDU"": 83, ""Die Linke"": 56, ""Die PARTEI"": 2, ""FDP"": 6, ""FREIE WÄHLER"": 3, ""GRÜNE"": 52, ""Handwerker Partei Deutschland"": 6, ""KPD"": 2, ""PIRATEN"": 2, ""PdF"": 2, ""SPD"": 408, ""Team Freiheit"": 3, ""Tierschutzpartei"": 12, ""Volt"": 1, ""WLD"": 2}"
mv:WAHLKREIS:13,2026-09-20T18:00:07.669576+00:00,2026-09-20T17:57:36.059015+00:00,669,1,False,"{""AfD"": 215, ""BSW"": 28, ""CDU"": 55, ""Die Linke"": 42, ""Die PARTEI"": 1, ""FDP"": 10, ""FREIE WÄHLER"": 5, ""GRÜNE"": 15, ""Handwerker Partei Deutschland"": 7, ""PIRATEN"": 3, ""SPD"": 276, ""Team Freiheit"": 2, ""Tierschutzpartei"": 7, ""WLD"": 1, ""ÖDP"": 2}"
mv:WAHLKREIS:14,2026-09-20T18:00:07.669576+00:00,2026-09-20T17:57:36.059015+00:00,2444,3,False,"{""AfD"": 708, ""BSW"": 150, ""Bündnis C"": 2, ""CDU"": 188, ""Die Linke"": 159, ""Die PARTEI"": 5, ""FDP"": 29, ""FREIE WÄHLER"": 30, ""GRÜNE"": 66, ""Handwerker Partei Deutschland"": 8, ""KPD"": 2, ""PIRATEN"": 3, ""PdF"": 1, ""SPD"": 1074, ""Team Freiheit"": 1, ""Tierschutzpartei"": 15, ""Volt"": 1, ""WLD"": 1, ""ÖDP"": 1}"
mv:WAHLKREIS:16,2026-09-20T18:00:07.669576+00:00,2026-09-20T17:57:36.059015+00:00,775,1,False,"{""AfD"": 222, ""BSW"": 48, ""CDU"": 57, ""Die Linke"": 55, ""Die PARTEI"": 4, ""FDP"": 7, ""FREIE WÄHLER"": 3, ""GRÜNE"": 52, ""Handwerker Partei Deutschland"": 7, ""KPD"": 1, ""SPD"": 303, ""Team Freiheit"": 1, ""Tierschutzpartei"": 11, ""Volt"": 2, ""ÖDP"": 2}"
mv:WAHLKREIS:17,2026-09-20T18:00:07.669576+00:00,2026-09-20T17:57:36.059015+00:00,1295,3,False,"{""AfD"": 571, ""BSW"": 50, ""Bündnis C"": 3, ""CDU"": 29, ""Die Linke"": 53, ""Die PARTEI"": 4, ""FDP"": 11, ""FREIE WÄHLER"": 3, ""GRÜNE"": 31, ""Handwerker Partei Deutschland"": 3, ""KPD"": 1, ""PIRATEN"": 1, ""PdF"": 2, ""SPD"": 506, ""Team Freiheit"": 2, ""Tierschutzpartei"": 18, ""WLD"": 4, ""ÖDP"": 3}"
mv:WAHLKREIS:18,2026-09-20T18:00:07.669576+00:00,2026-09-20T17:57:36.059015+00:00,1128,2,False,"{""AfD"": 545, ""BSW"": 62, ""CDU"": 55, ""Die Linke"": 51, ""Die PARTEI"": 1, ""FDP"": 12, ""FREIE WÄHLER"": 1, ""GRÜNE"": 19, ""Handwerker Partei Deutschland"": 2, ""SPD"": 364, ""Team Freiheit"": 3, ""Tierschutzpartei"": 12, ""WLD"": 1}"
mv:WAHLKREIS:19,2026-09-20T18:00:07.669576+00:00,2026-09-20T17:57:36.059015+00:00,1244,2,False,"{""AfD"": 630, ""BSW"": 53, ""Bündnis C"": 2, ""CDU"": 44, ""Die Linke"": 54, ""Die PARTEI"": 6, ""FDP"": 10, ""FREIE WÄHLER"": 15, ""GRÜNE"": 29, ""Handwerker Partei Deutschland"": 4, ""PIRATEN"": 2, ""SPD"": 386, ""Team Freiheit"": 2, ""Tierschutzpartei"": 4, ""WLD"": 1, ""ÖDP"": 2}"
mv:WAHLKREIS:2,2026-09-20T18:00:07.669576+00:00,2026-09-20T17:57:36.059015+00:00,739,1,False,"{""AfD"": 342, ""BSW"": 39, ""CDU"": 23, ""Die Linke"": 45, ""FDP"": 1, ""FREIE WÄHLER"": 3, ""GRÜNE"": 13, ""Handwerker Partei Deutschland"": 3, ""KPD"": 2, ""PIRATEN"": 1, ""PdF"": 1, ""SPD"": 257, ""Team Freiheit"": 2, ""Tierschutzpartei"": 3, ""Volt"": 2, ""WLD"": 2}"
mv:WAHLKREIS:20,2026-09-20T18:00:07.669576+00:00,2026-09-20T17:57:36.059015+00:00,1441,3,False,"{""AfD"": 504, ""BSW"": 86, ""Bündnis C"": 2, ""CDU"": 85, ""Die Linke"": 71, ""Die PARTEI"": 1, ""FDP"": 17, ""FREIE WÄHLER"": 1, ""GRÜNE"": 96, ""Handwerker Partei Deutschland"": 5, ""KPD"": 1, ""PdF"": 2, ""SPD"": 548, ""Team Freiheit"": 5, ""Tierschutzpartei"": 15, ""Volt"": 1, ""WLD"": 1}"
mv:WAHLKREIS:21,2026-09-20T18:00:07.669576+00:00,2026-09-20T17:57:36.059015+00:00,704,1,False,"{""AfD"": 163, ""BSW"": 40, ""CDU"": 46, ""Die Linke"": 56, ""Die PARTEI"": 2, ""FDP"": 5, ""FREIE WÄHLER"": 1, ""GRÜNE"": 53, ""Handwerker Partei Deutschland"": 1, ""PIRATEN"": 3, ""PdF"": 1, ""SPD"": 323, ""Tierschutzpartei"": 6, ""Volt"": 4}"
mv:WAHLKREIS:23,2026-09-20T18:00:07.669576+00:00,2026-09-20T17:57:36.059015+00:00,587,1,False,"{""AfD"": 256, ""BSW"": 32, ""CDU"": 18, ""Die Linke"": 23, ""Die PARTEI"": 5, ""FDP"": 4, ""FREIE WÄHLER"": 1, ""GRÜNE"": 39, ""Handwerker Partei Deutschland"": 3, ""KPD"": 1, ""PIRATEN"": 2, ""SPD"": 191, ""Tierschutzpartei"": 9, ""Volt"": 2, ""ÖDP"": 1}"
mv:WAHLKREIS:24,2026-09-20T18:00:07.669576+00:00,2026-09-20T17:57:36.059015+00:00,554,1,False,"{""AfD"": 279, ""BSW"": 25, ""CDU"": 34, ""Die Linke"": 26, ""Die PARTEI"": 1, ""FDP"": 2, ""GRÜNE"": 15, ""Handwerker Partei Deutschland"": 1, ""KPD"": 1, ""PIRATEN"": 1, ""SPD"": 160, ""Tierschutzpartei"": 7, ""Volt"": 1, ""ÖDP"": 1}"
mv:WAHLKREIS:25,2026-09-20T18:00:07.669576+00:00,2026-09-20T17:57:36.059015+00:00,1365,2,False,"{""AfD"": 522, ""BSW"": 66, ""Bündnis C"": 1, ""CDU"": 74, ""Die Linke"": 80, ""Die PARTEI"": 5, ""FDP"": 8, ""FREIE WÄHLER"": 4, ""GRÜNE"": 90, ""Handwerker Partei Deutschland"": 4, ""KPD"": 1, ""PIRATEN"": 2, ""PdF"": 2, ""SPD"": 477, ""Team Freiheit"": 3, ""Tierschutzpartei"": 21, ""Volt"": 5}"
mv:WAHLKREIS:26,2026-09-20T18:00:07.669576+00:00,2026-09-20T17:57:36.059015+00:00,766,1,False,"{""AfD"": 294, ""BSW"": 40, ""CDU"": 41, ""Die Linke"": 53, ""Die PARTEI"": 6, ""FDP"": 5, ""FREIE WÄHLER"": 5, ""GRÜNE"": 59, ""KPD"": 1, ""PIRATEN"": 4, ""PdF"": 1, ""SPD"": 233, ""Team Freiheit"": 7, ""Tierschutzpartei"": 11, ""Volt"": 4, ""WLD"": 1, ""ÖDP"": 1}"
mv:WAHLKREIS:27,2026-09-20T18:00:07.669576+00:00,2026-09-20T17:57:36.059015+00:00,1105,2,False,"{""AfD"": 438, ""BSW"": 42, ""Bündnis C"": 1, ""CDU"": 35, ""Die Linke"": 64, ""Die PARTEI"": 2, ""FDP"": 6, ""FREIE WÄHLER"": 1, ""GRÜNE"": 45, ""Handwerker Partei Deutschland"": 6, ""KPD"": 2, ""PIRATEN"": 1, ""SPD"": 444, ""Team Freiheit"": 1, ""Tierschutzpartei"": 15, ""Volt"": 2}"
mv:WAHLKREIS:28,2026-09-20T18:00:07.669576+00:00,2026-09-20T17:57:36.059015+00:00,3082,5,False,"{""AfD"": 1406, ""BSW"": 155, ""Bündnis C"": 1, ""CDU"": 123, ""Die Linke"": 141, ""Die PARTEI"": 9, ""FDP"": 23, ""FREIE WÄHLER"": 6, ""GRÜNE"": 146, ""Handwerker Partei Deutschland"": 23, ""KPD"": 2, ""PIRATEN"": 5, ""PdF"": 4, ""SPD"": 994, ""Team Freiheit"": 9, ""Tierschutzpartei"": 26, ""Volt"": 5, ""WLD"": 1, ""ÖDP"": 3}"
mv:WAHLKREIS:29,2026-09-20T18:00:07.669576+00:00,2026-09-20T17:57:36.059015+00:00,813,1,False,"{""AfD"": 250, ""BSW"": 29, ""Bündnis C"": 2, ""CDU"": 50, ""Die Linke"": 54, ""Die PARTEI"": 4, ""FDP"": 25, ""FREIE WÄHLER"": 5, ""GRÜNE"": 39, ""Handwerker Partei Deutschland"": 9, ""KPD"": 1, ""PIRATEN"": 2, ""SPD"": 321, ""Team Freiheit"": 1, ""Tierschutzpartei"": 13, ""Volt"": 3, ""WLD"": 3, ""ÖDP"": 2}"
mv:WAHLKREIS:3,2026-09-20T18:00:07.669576+00:00,2026-09-20T17:57:36.059015+00:00,1054,2,False,"{""AfD"": 472, ""BSW"": 70, ""Bündnis C"": 1, ""CDU"": 42, ""Die Linke"": 53, ""Die PARTEI"": 1, ""FDP"": 6, ""FREIE WÄHLER"": 2, ""GRÜNE"": 44, ""Handwerker Partei Deutschland"": 10, ""KPD"": 2, ""PIRATEN"": 1, ""PdF"": 3, ""SPD"": 331, ""Team Freiheit"": 5, ""Tierschutzpartei"": 11}"
mv:WAHLKREIS:30,2026-09-20T18:00:07.669576+00:00,2026-09-20T17:57:36.059015+00:00,2245,3,False,"{""AfD"": 1091, ""BSW"": 97, ""Bündnis C"": 5, ""CDU"": 120, ""Die Linke"": 90, ""Die PARTEI"": 3, ""FDP"": 19, ""FREIE WÄHLER"": 8, ""GRÜNE"": 66, ""Handwerker Partei Deutschland"": 4, ""PIRATEN"": 3, ""SPD"": 699, ""Team Freiheit"": 2, ""Tierschutzpartei"": 36, ""Volt"": 1, ""WLD"": 1}"
mv:WAHLKREIS:31,2026-09-20T18:00:07.669576+00:00,2026-09-20T17:57:36.059015+00:00,905,2,False,"{""AfD"": 429, ""BSW"": 64, ""CDU"": 38, ""Die Linke"": 34, ""Die PARTEI"": 2, ""FDP"": 6, ""FREIE WÄHLER"": 3, ""GRÜNE"": 18, ""Handwerker Partei Deutschland"": 5, ""PIRATEN"": 1, ""PdF"": 1, ""SPD"": 294, ""Tierschutzpartei"": 6, ""WLD"": 2, ""ÖDP"": 2}"
mv:WAHLKREIS:32,2026-09-20T18:00:07.669576+00:00,2026-09-20T17:57:36.059015+00:00,972,2,False,"{""AfD"": 504, ""BSW"": 46, ""Bündnis C"": 1, ""CDU"": 30, ""Die Linke"": 36, ""Die PARTEI"": 2, ""FDP"": 5, ""FREIE WÄHLER"": 7, ""GRÜNE"": 27, ""Handwerker Partei Deutschland"": 8, ""PIRATEN"": 1, ""PdF"": 1, ""SPD"": 291, ""Team Freiheit"": 1, ""Tierschutzpartei"": 10, ""ÖDP"": 2}"
mv:WAHLKREIS:33,2026-09-20T18:00:07.669576+00:00,2026-09-20T17:57:36.059015+00:00,578,2,False,"{""AfD"": 297, ""BSW"": 35, ""CDU"": 24, ""Die Linke"": 21, ""Die PARTEI"": 2, ""FDP"": 5, ""GRÜNE"": 30, ""Handwerker Partei Deutschland"": 7, ""PIRATEN"": 2, ""SPD"": 143, ""Team Freiheit"": 2, ""Tierschutzpartei"": 7, ""Volt"": 3}"
mv:WAHLKREIS:34,2026-09-20T18:00:07.669576+00:00,2026-09-20T17:57:36.059015+00:00,1832,3,False,"{""AfD"": 892, ""BSW"": 63, ""Bündnis C"": 1, ""CDU"": 89, ""Die Linke"": 79, ""Die PARTEI"": 3, ""FDP"": 21, ""FREIE WÄHLER"": 10, ""GRÜNE"": 42, ""Handwerker Partei Deutschland"": 6, ""PIRATEN"": 6, ""PdF"": 2, ""SPD"": 574, ""Team Freiheit"": 6, ""Tierschutzpartei"": 32, ""Volt"": 3, ""WLD"": 2, ""ÖDP"": 1}"
mv:WAHLKREIS:35,2026-09-20T18:00:07.669576+00:00,2026-09-20T17:57:36.059015+00:00,1659,5,False,"{""AfD"": 944, ""BSW"": 54, ""Bündnis C"": 1, ""CDU"": 61, ""Die Linke"": 41, ""FDP"": 12, ""FREIE WÄHLER"": 3, ""GRÜNE"": 22, ""Handwerker Partei Deutschland"": 3, ""KPD"": 2, ""PIRATEN"": 2, ""SPD"": 493, ""Team Freiheit"": 4, ""Tierschutzpartei"": 13, ""Volt"": 1, ""WLD"": 3}"
mv:WAHLKREIS:4,2026-09-20T18:00:07.669576+00:00,2026-09-20T17:57:36.059015+00:00,541,1,False,"{""AfD"": 227, ""BSW"": 33, ""CDU"": 18, ""Die Linke"": 49, ""FDP"": 1, ""FREIE WÄHLER"": 1, ""GRÜNE"": 16, ""Handwerker Partei Deutschland"": 2, ""KPD"": 1, ""PIRATEN"": 1, ""PdF"": 1, ""SPD"": 182, ""Tierschutzpartei"": 5, ""Volt"": 3, ""WLD"": 1}"
mv:WAHLKREIS:5,2026-09-20T18:00:07.669576+00:00,2026-09-20T17:57:36.059015+00:00,1237,2,False,"{""AfD"": 398, ""BSW"": 76, ""Bündnis C"": 1, ""CDU"": 32, ""Die Linke"": 109, ""FDP"": 10, ""FREIE WÄHLER"": 4, ""GRÜNE"": 77, ""Handwerker Partei Deutschland"": 3, ""KPD"": 2, ""PIRATEN"": 2, ""PdF"": 2, ""SPD"": 505, ""Team Freiheit"": 2, ""Tierschutzpartei"": 10, ""Volt"": 3, ""ÖDP"": 1}"
mv:WAHLKREIS:6,2026-09-20T18:00:07.669576+00:00,2026-09-20T17:57:36.059015+00:00,2244,3,False,"{""AfD"": 401, ""BSW"": 89, ""CDU"": 75, ""Die Linke"": 404, ""Die PARTEI"": 8, ""FDP"": 31, ""FREIE WÄHLER"": 4, ""GRÜNE"": 336, ""Handwerker Partei Deutschland"": 7, ""KPD"": 1, ""PIRATEN"": 6, ""PdF"": 6, ""SPD"": 814, ""Team Freiheit"": 7, ""Tierschutzpartei"": 35, ""Volt"": 15, ""WLD"": 1, ""ÖDP"": 4}"
mv:WAHLKREIS:7,2026-09-20T18:00:07.669576+00:00,2026-09-20T17:57:36.059015+00:00,2563,4,False,"{""AfD"": 653, ""BSW"": 113, ""Bündnis C"": 1, ""CDU"": 123, ""Die Linke"": 274, ""Die PARTEI"": 13, ""FDP"": 33, ""FREIE WÄHLER"": 9, ""GRÜNE"": 420, ""Handwerker Partei Deutschland"": 9, ""KPD"": 1, ""PIRATEN"": 4, ""PdF"": 5, ""SPD"": 866, ""Team Freiheit"": 4, ""Tierschutzpartei"": 21, ""Volt"": 11, ""ÖDP"": 3}"
mv:WAHLKREIS:8,2026-09-20T18:00:07.669576+00:00,2026-09-20T17:57:36.059015+00:00,3123,4,False,"{""AfD"": 783, ""BSW"": 141, ""Bündnis C"": 1, ""CDU"": 289, ""Die Linke"": 239, ""Die PARTEI"": 6, ""FDP"": 32, ""FREIE WÄHLER"": 13, ""GRÜNE"": 312, ""Handwerker Partei Deutschland"": 12, ""KPD"": 2, ""PIRATEN"": 4, ""PdF"": 3, ""SPD"": 1224, ""Team Freiheit"": 10, ""Tierschutzpartei"": 38, ""Volt"": 10, ""WLD"": 2, ""ÖDP"": 2}"
mv:WAHLKREIS:9,2026-09-20T18:00:07.669576+00:00,2026-09-20T17:57:36.059015+00:00,2335,3,False,"{""AfD"": 616, ""BSW"": 114, ""Bündnis C"": 1, ""CDU"": 187, ""Die Linke"": 130, ""Die PARTEI"": 8, ""FDP"": 29, ""FREIE WÄHLER"": 12, ""GRÜNE"": 174, ""Handwerker Partei Deutschland"": 4, ""KPD"": 3, ""PIRATEN"": 6, ""PdF"": 1, ""SPD"": 1012, ""Team Freiheit"": 8, ""Tierschutzpartei"": 24, ""Volt"": 3, ""WLD"": 2, ""ÖDP"": 1}"
mv:GEMEINDE:13003000,2026-09-20T18:05:06.318505+00:00,2026-09-20T18:02:36.096442+00:00,7173,12,False,"{""AfD"": 2208, ""BSW"": 359, ""Bündnis C"": 4, ""CDU"": 293, ""Die Linke"": 937, ""Die PARTEI"": 35, ""FDP"": 61, ""FREIE WÄHLER"": 17, ""GRÜNE"": 773, ""Handwerker Partei Deutschland"": 22, ""KPD"": 10, ""PIRATEN"": 9, ""PdF"": 6, ""SPD"": 2284, ""Team Freiheit"": 17, ""Tierschutzpartei"": 86, ""Volt"": 32, ""WLD"": 9, ""ÖDP"": 11}"
mv:GEMEINDE:13004000,2026-09-20T18:05:06.318505+00:00,2026-09-20T18:02:36.096442+00:00,3834,5,False,"{""AfD"": 1305, ""BSW"": 182, ""Bündnis C"": 2, ""CDU"": 191, ""Die Linke"": 336, ""Die PARTEI"": 15, ""FDP"": 31, ""FREIE WÄHLER"": 24, ""GRÜNE"": 317, ""Handwerker Partei Deutschland"": 12, ""KPD"": 4, ""PIRATEN"": 6, ""PdF"": 1, ""SPD"": 1351, ""Team Freiheit"": 15, ""Tierschutzpartei"": 32, ""Volt"": 4, ""WLD"": 3, ""ÖDP"": 3}"
mv:GEMEINDE:13071092,2026-09-20T18:05:06.318505+00:00,2026-09-20T18:02:36.096442+00:00,1447,2,False,"{""AfD"": 731, ""BSW"": 110, ""Bündnis C"": 1, ""CDU"": 35, ""Die Linke"": 61, ""Die PARTEI"": 2, ""FDP"": 8, ""FREIE WÄHLER"": 17, ""GRÜNE"": 38, ""Handwerker Partei Deutschland"": 9, ""SPD"": 424, ""Team Freiheit"": 1, ""Tierschutzpartei"": 8, ""Volt"": 1, ""WLD"": 1}"
mv:GEMEINDE:13071107,2026-09-20T18:05:06.318505+00:00,2026-09-20T18:02:36.096442+00:00,1799,3,False,"{""AfD"": 652, ""BSW"": 138, ""Bündnis C"": 1, ""CDU"": 75, ""Die Linke"": 126, ""Die PARTEI"": 7, ""FDP"": 17, ""FREIE WÄHLER"": 5, ""GRÜNE"": 97, ""Handwerker Partei Deutschland"": 10, ""KPD"": 1, ""PIRATEN"": 3, ""SPD"": 631, ""Team Freiheit"": 11, ""Tierschutzpartei"": 20, ""Volt"": 2, ""WLD"": 2, ""ÖDP"": 1}"
mv:GEMEINDE:13071110,2026-09-20T18:05:06.318505+00:00,2026-09-20T18:02:36.096442+00:00,694,1,False,"{""AfD"": 154, ""BSW"": 30, ""Bündnis C"": 1, ""CDU"": 81, ""Die Linke"": 48, ""FDP"": 6, ""FREIE WÄHLER"": 6, ""GRÜNE"": 49, ""Handwerker Partei Deutschland"": 2, ""PIRATEN"": 2, ""SPD"": 308, ""Tierschutzpartei"": 5, ""Volt"": 1, ""ÖDP"": 1}"
mv:GEMEINDE:13071115,2026-09-20T18:05:06.318505+00:00,2026-09-20T18:02:36.096442+00:00,621,1,False,"{""AfD"": 303, ""BSW"": 35, ""CDU"": 17, ""Die Linke"": 38, ""Die PARTEI"": 4, ""FDP"": 3, ""FREIE WÄHLER"": 3, ""GRÜNE"": 15, ""Handwerker Partei Deutschland"": 4, ""SPD"": 184, ""Team Freiheit"": 1, ""Tierschutzpartei"": 9, ""WLD"": 2, ""ÖDP"": 3}"
mv:GEMEINDE:13071122,2026-09-20T18:05:06.318505+00:00,2026-09-20T18:02:36.096442+00:00,415,1,False,"{""AfD"": 191, ""BSW"": 28, ""CDU"": 16, ""Die Linke"": 31, ""Die PARTEI"": 2, ""FDP"": 2, ""GRÜNE"": 13, ""PIRATEN"": 1, ""SPD"": 126, ""Tierschutzpartei"": 5}"
mv:GEMEINDE:13071124,2026-09-20T18:05:06.318505+00:00,2026-09-20T18:02:36.096442+00:00,479,1,False,"{""AfD"": 224, ""BSW"": 16, ""Bündnis C"": 1, ""CDU"": 5, ""Die Linke"": 33, ""Die PARTEI"": 2, ""FDP"": 5, ""GRÜNE"": 10, ""Handwerker Partei Deutschland"": 1, ""PIRATEN"": 1, ""SPD"": 174, ""Tierschutzpartei"": 7}"
mv:GEMEINDE:13071131,2026-09-20T18:05:06.318505+00:00,2026-09-20T18:02:36.096442+00:00,240,1,False,"{""AfD"": 139, ""BSW"": 12, ""CDU"": 10, ""Die Linke"": 18, ""FDP"": 1, ""GRÜNE"": 4, ""PIRATEN"": 1, ""SPD"": 55}"
mv:GEMEINDE:13071156,2026-09-20T18:05:06.318505+00:00,2026-09-20T18:02:36.096442+00:00,2195,3,False,"{""AfD"": 780, ""BSW"": 109, ""Bündnis C"": 5, ""CDU"": 94, ""Die Linke"": 128, ""Die PARTEI"": 5, ""FDP"": 21, ""FREIE WÄHLER"": 3, ""GRÜNE"": 83, ""Handwerker Partei Deutschland"": 8, ""KPD"": 3, ""PIRATEN"": 4, ""SPD"": 923, ""Team Freiheit"": 6, ""Tierschutzpartei"": 19, ""Volt"": 2, ""WLD"": 1, ""ÖDP"": 1}"
mv:GEMEINDE:13071763,2026-09-20T18:05:06.318505+00:00,2026-09-20T18:02:36.096442+00:00,1029,1,False,"{""AfD"": 276, ""BSW"": 55, ""CDU"": 98, ""Die Linke"": 73, ""FDP"": 4, ""FREIE WÄHLER"": 5, ""GRÜNE"": 34, ""Handwerker Partei Deutschland"": 7, ""PdF"": 2, ""SPD"": 464, ""Team Freiheit"": 1, ""Tierschutzpartei"": 9, ""Volt"": 1}"
mv:GEMEINDE:13072006,2026-09-20T18:05:06.318505+00:00,2026-09-20T18:02:36.096442+00:00,1523,2,False,"{""AfD"": 541, ""BSW"": 66, ""Bündnis C"": 1, ""CDU"": 79, ""Die Linke"": 107, ""Die PARTEI"": 9, ""FDP"": 18, ""FREIE WÄHLER"": 9, ""GRÜNE"": 100, ""Handwerker Partei Deutschland"": 5, ""PIRATEN"": 1, ""PdF"": 3, ""SPD"": 549, ""Team Freiheit"": 6, ""Tierschutzpartei"": 22, ""Volt"": 1, ""WLD"": 2, ""ÖDP"": 4}"
mv:GEMEINDE:13072007,2026-09-20T18:05:06.318505+00:00,2026-09-20T18:02:36.096442+00:00,732,1,False,"{""AfD"": 263, ""BSW"": 31, ""CDU"": 40, ""Die Linke"": 26, ""Die PARTEI"": 4, ""FDP"": 6, ""FREIE WÄHLER"": 5, ""GRÜNE"": 63, ""Handwerker Partei Deutschland"": 7, ""PdF"": 1, ""SPD"": 268, ""Team Freiheit"": 2, ""Tierschutzpartei"": 14, ""Volt"": 1, ""ÖDP"": 1}"
mv:GEMEINDE:13072042,2026-09-20T18:05:06.318505+00:00,2026-09-20T18:02:36.096442+00:00,418,1,False,"{""AfD"": 222, ""BSW"": 23, ""CDU"": 17, ""Die Linke"": 11, ""FDP"": 4, ""FREIE WÄHLER"": 1, ""GRÜNE"": 8, ""Handwerker Partei Deutschland"": 4, ""SPD"": 124, ""Tierschutzpartei"": 4}"
mv:GEMEINDE:13072064,2026-09-20T18:05:06.318505+00:00,2026-09-20T18:02:36.096442+00:00,651,1,False,"{""AfD"": 249, ""BSW"": 27, ""CDU"": 27, ""Die Linke"": 34, ""FDP"": 3, ""FREIE WÄHLER"": 2, ""GRÜNE"": 46, ""Handwerker Partei Deutschland"": 3, ""KPD"": 2, ""PIRATEN"": 2, ""PdF"": 1, ""SPD"": 248, ""Team Freiheit"": 2, ""Tierschutzpartei"": 3, ""Volt"": 2}"
mv:GEMEINDE:13072106,2026-09-20T18:05:06.318505+00:00,2026-09-20T18:02:36.096442+00:00,1023,1,False,"{""AfD"": 541, ""BSW"": 42, ""Bündnis C"": 1, ""CDU"": 40, ""Die Linke"": 43, ""Die PARTEI"": 1, ""FDP"": 6, ""FREIE WÄHLER"": 4, ""GRÜNE"": 18, ""Handwerker Partei Deutschland"": 3, ""KPD"": 1, ""PIRATEN"": 1, ""PdF"": 1, ""SPD"": 311, ""Tierschutzpartei"": 9, ""Volt"": 1}"
mv:GEMEINDE:13073003,2026-09-20T18:05:06.318505+00:00,2026-09-20T18:02:36.096442+00:00,684,1,False,"{""AfD"": 279, ""BSW"": 35, ""CDU"": 28, ""Die Linke"": 22, ""Die PARTEI"": 3, ""FDP"": 10, ""FREIE WÄHLER"": 2, ""GRÜNE"": 54, ""Handwerker Partei Deutschland"": 3, ""KPD"": 1, ""PIRATEN"": 1, ""SPD"": 233, ""Team Freiheit"": 1, ""Tierschutzpartei"": 12}"
mv:GEMEINDE:13073009,2026-09-20T18:05:06.318505+00:00,2026-09-20T18:02:36.096442+00:00,740,1,False,"{""AfD"": 353, ""BSW"": 29, ""CDU"": 30, ""Die Linke"": 39, ""Die PARTEI"": 3, ""FDP"": 2, ""FREIE WÄHLER"": 6, ""GRÜNE"": 28, ""Handwerker Partei Deutschland"": 5, ""KPD"": 1, ""PIRATEN"": 2, ""SPD"": 226, ""Tierschutzpartei"": 12, ""Volt"": 3, ""WLD"": 1}"
mv:GEMEINDE:13073032,2026-09-20T18:05:06.318505+00:00,2026-09-20T18:02:36.096442+00:00,276,1,False,"{""AfD"": 142, ""BSW"": 21, ""CDU"": 12, ""Die Linke"": 12, ""FDP"": 3, ""FREIE WÄHLER"": 2, ""GRÜNE"": 3, ""Handwerker Partei Deutschland"": 1, ""SPD"": 76, ""Team Freiheit"": 1, ""Tierschutzpartei"": 3}"
mv:GEMEINDE:13073035,2026-09-20T18:05:06.318505+00:00,2026-09-20T18:02:36.096442+00:00,546,1,False,"{""AfD"": 294, ""BSW"": 20, ""CDU"": 30, ""Die Linke"": 13, ""Die PARTEI"": 1, ""FDP"": 6, ""FREIE WÄHLER"": 1, ""GRÜNE"": 3, ""SPD"": 166, ""Team Freiheit"": 1, ""Tierschutzpartei"": 4, ""Volt"": 4, ""WLD"": 1, ""ÖDP"": 2}"
mv:GEMEINDE:13073065,2026-09-20T18:05:06.318505+00:00,2026-09-20T18:02:36.096442+00:00,501,1,False,"{""AfD"": 265, ""BSW"": 29, ""CDU"": 15, ""Die Linke"": 20, ""Die PARTEI"": 1, ""FDP"": 5, ""GRÜNE"": 29, ""Handwerker Partei Deutschland"": 2, ""PIRATEN"": 1, ""SPD"": 128, ""Tierschutzpartei"": 6}"
mv:GEMEINDE:13073075,2026-09-20T18:05:06.318505+00:00,2026-09-20T18:02:36.096442+00:00,734,1,False,"{""AfD"": 130, ""BSW"": 30, ""CDU"": 51, ""Die Linke"": 44, ""Die PARTEI"": 1, ""FDP"": 9, ""FREIE WÄHLER"": 7, ""GRÜNE"": 34, ""Handwerker Partei Deutschland"": 3, ""PIRATEN"": 2, ""SPD"": 404, ""Team Freiheit"": 2, ""Tierschutzpartei"": 10, ""Volt"": 2, ""WLD"": 2, ""ÖDP"": 3}"
mv:GEMEINDE:13073080,2026-09-20T18:05:06.318505+00:00,2026-09-20T18:02:36.096442+00:00,680,1,False,"{""AfD"": 336, ""BSW"": 42, ""Bündnis C"": 1, ""CDU"": 23, ""Die Linke"": 43, ""Die PARTEI"": 1, ""FDP"": 3, ""FREIE WÄHLER"": 2, ""GRÜNE"": 12, ""Handwerker Partei Deutschland"": 1, ""KPD"": 1, ""SPD"": 202, ""Team Freiheit"": 1, ""Tierschutzpartei"": 11, ""WLD"": 1}"
mv:GEMEINDE:13073088,2026-09-20T18:05:06.318505+00:00,2026-09-20T18:02:36.096442+00:00,1807,2,False,"{""AfD"": 745, ""BSW"": 84, ""Bündnis C"": 1, ""CDU"": 67, ""Die Linke"": 100, ""Die PARTEI"": 9, ""FDP"": 13, ""FREIE WÄHLER"": 7, ""GRÜNE"": 128, ""Handwerker Partei Deutschland"": 5, ""KPD"": 1, ""PIRATEN"": 5, ""PdF"": 2, ""SPD"": 601, ""Team Freiheit"": 9, ""Tierschutzpartei"": 23, ""Volt"": 4, ""WLD"": 2, ""ÖDP"": 1}"
mv:GEMEINDE:13074013,2026-09-20T18:05:06.318505+00:00,2026-09-20T18:02:36.096442+00:00,598,1,False,"{""AfD"": 256, ""BSW"": 34, ""CDU"": 36, ""Die Linke"": 22, ""FDP"": 4, ""FREIE WÄHLER"": 9, ""GRÜNE"": 48, ""Handwerker Partei Deutschland"": 2, ""PIRATEN"": 2, ""PdF"": 1, ""SPD"": 174, ""Team Freiheit"": 4, ""Tierschutzpartei"": 6}"
mv:GEMEINDE:13074023,2026-09-20T18:05:06.318505+00:00,2026-09-20T18:02:36.096442+00:00,367,1,False,"{""AfD"": 214, ""BSW"": 18, ""CDU"": 8, ""Die Linke"": 8, ""FDP"": 2, ""FREIE WÄHLER"": 2, ""GRÜNE"": 12, ""Handwerker Partei Deutschland"": 5, ""KPD"": 1, ""PdF"": 1, ""SPD"": 91, ""Team Freiheit"": 1, ""Tierschutzpartei"": 4}"
mv:GEMEINDE:13074026,2026-09-20T18:05:06.318505+00:00,2026-09-20T18:02:36.096442+00:00,574,1,False,"{""AfD"": 242, ""BSW"": 22, ""CDU"": 12, ""Die Linke"": 28, ""Die PARTEI"": 2, ""FDP"": 5, ""FREIE WÄHLER"": 2, ""GRÜNE"": 24, ""Handwerker Partei Deutschland"": 5, ""PIRATEN"": 2, ""SPD"": 217, ""Team Freiheit"": 2, ""Tierschutzpartei"": 10, ""Volt"": 1}"
mv:GEMEINDE:13074035,2026-09-20T18:05:06.318505+00:00,2026-09-20T18:02:36.096442+00:00,629,1,False,"{""AfD"": 134, ""BSW"": 21, ""Bündnis C"": 1, ""CDU"": 56, ""Die Linke"": 31, ""FDP"": 4, ""GRÜNE"": 56, ""Handwerker Partei Deutschland"": 6, ""SPD"": 309, ""Team Freiheit"": 1, ""Tierschutzpartei"": 6, ""Volt"": 2, ""WLD"": 2}"
mv:GEMEINDE:13074053,2026-09-20T18:05:06.318505+00:00,2026-09-20T18:02:36.096442+00:00,277,1,False,"{""AfD"": 109, ""BSW"": 16, ""CDU"": 13, ""Die Linke"": 10, ""Die PARTEI"": 1, ""FDP"": 4, ""FREIE WÄHLER"": 1, ""GRÜNE"": 15, ""SPD"": 105, ""Team Freiheit"": 2, ""Tierschutzpartei"": 1}"
mv:GEMEINDE:13074066,2026-09-20T18:05:06.318505+00:00,2026-09-20T18:02:36.096442+00:00,190,1,False,"{""AfD"": 75, ""BSW"": 5, ""CDU"": 9, ""Die Linke"": 6, ""FDP"": 2, ""GRÜNE"": 15, ""PIRATEN"": 1, ""SPD"": 74, ""Tierschutzpartei"": 2, ""Volt"": 1}"
mv:GEMEINDE:13074073,2026-09-20T18:05:06.318505+00:00,2026-09-20T18:02:36.096442+00:00,613,1,False,"{""AfD"": 253, ""BSW"": 36, ""CDU"": 18, ""Die Linke"": 27, ""FDP"": 4, ""FREIE WÄHLER"": 2, ""GRÜNE"": 40, ""Handwerker Partei Deutschland"": 6, ""PIRATEN"": 1, ""SPD"": 219, ""Team Freiheit"": 1, ""Tierschutzpartei"": 4, ""Volt"": 1, ""ÖDP"": 1}"
mv:GEMEINDE:13074087,2026-09-20T18:05:06.318505+00:00,2026-09-20T18:02:36.096442+00:00,631,1,False,"{""AfD"": 236, ""BSW"": 29, ""CDU"": 26, ""Die Linke"": 30, ""Die PARTEI"": 1, ""FDP"": 10, ""GRÜNE"": 32, ""Handwerker Partei Deutschland"": 4, ""KPD"": 1, ""PIRATEN"": 2, ""SPD"": 253, ""Tierschutzpartei"": 7}"
mv:GEMEINDE:13074758,2026-09-20T18:05:06.318505+00:00,2026-09-20T18:02:36.096442+00:00,1133,1,False,"{""AfD"": 294, ""BSW"": 41, ""CDU"": 100, ""Die Linke"": 63, ""Die PARTEI"": 3, ""FDP"": 14, ""FREIE WÄHLER"": 2, ""GRÜNE"": 103, ""Handwerker Partei Deutschland"": 10, ""PIRATEN"": 1, ""PdF"": 1, ""SPD"": 475, ""Team Freiheit"": 2, ""Tierschutzpartei"": 16, ""Volt"": 2, ""WLD"": 2, ""ÖDP"": 4}"
mv:GEMEINDE:13075005,2026-09-20T18:05:06.318505+00:00,2026-09-20T18:02:36.096442+00:00,722,1,False,"{""AfD"": 206, ""BSW"": 23, ""CDU"": 58, ""Die Linke"": 41, ""Die PARTEI"": 2, ""FDP"": 9, ""FREIE WÄHLER"": 2, ""GRÜNE"": 22, ""Handwerker Partei Deutschland"": 3, ""PIRATEN"": 1, ""SPD"": 341, ""Team Freiheit"": 1, ""Tierschutzpartei"": 8, ""Volt"": 2, ""WLD"": 3}"
mv:GEMEINDE:13075039,2026-09-20T18:05:06.318505+00:00,2026-09-20T18:02:36.096442+00:00,2485,5,False,"{""AfD"": 769, ""BSW"": 78, ""Bündnis C"": 2, ""CDU"": 111, ""Die Linke"": 309, ""Die PARTEI"": 12, ""FDP"": 28, ""FREIE WÄHLER"": 11, ""GRÜNE"": 362, ""Handwerker Partei Deutschland"": 6, ""KPD"": 2, ""PIRATEN"": 5, ""PdF"": 4, ""SPD"": 746, ""Tierschutzpartei"": 28, ""Volt"": 6, ""WLD"": 1, ""ÖDP"": 5}"
mv:GEMEINDE:13075041,2026-09-20T18:05:06.318505+00:00,2026-09-20T18:02:36.096442+00:00,668,1,False,"{""AfD"": 371, ""BSW"": 20, ""CDU"": 21, ""Die Linke"": 25, ""Die PARTEI"": 1, ""FDP"": 27, ""FREIE WÄHLER"": 3, ""GRÜNE"": 21, ""Handwerker Partei Deutschland"": 1, ""PIRATEN"": 1, ""SPD"": 162, ""Tierschutzpartei"": 14, ""ÖDP"": 1}"
mv:GEMEINDE:13075054,2026-09-20T18:05:06.318505+00:00,2026-09-20T18:02:36.096442+00:00,354,1,False,"{""AfD"": 186, ""BSW"": 17, ""CDU"": 3, ""Die Linke"": 17, ""Die PARTEI"": 2, ""FDP"": 5, ""FREIE WÄHLER"": 3, ""GRÜNE"": 8, ""Handwerker Partei Deutschland"": 2, ""KPD"": 1, ""SPD"": 104, ""Tierschutzpartei"": 6}"
mv:GEMEINDE:13076025,2026-09-20T18:05:06.318505+00:00,2026-09-20T18:02:36.096442+00:00,682,1,False,"{""AfD"": 331, ""BSW"": 27, ""Bündnis C"": 3, ""CDU"": 51, ""Die Linke"": 21, ""Die PARTEI"": 4, ""FDP"": 7, ""FREIE WÄHLER"": 1, ""GRÜNE"": 18, ""Handwerker Partei Deutschland"": 6, ""PIRATEN"": 1, ""PdF"": 1, ""SPD"": 205, ""Team Freiheit"": 1, ""Tierschutzpartei"": 3, ""Volt"": 1, ""ÖDP"": 1}"
mv:GEMEINDE:13076046,2026-09-20T18:05:06.318505+00:00,2026-09-20T18:02:36.096442+00:00,203,1,False,"{""AfD"": 101, ""BSW"": 16, ""CDU"": 13, ""Die Linke"": 9, ""Die PARTEI"": 3, ""FREIE WÄHLER"": 4, ""SPD"": 56, ""Tierschutzpartei"": 1}"
mv:GEMEINDE:13076050,2026-09-20T18:05:06.318505+00:00,2026-09-20T18:02:36.096442+00:00,755,1,False,"{""AfD"": 346, ""BSW"": 44, ""CDU"": 20, ""Die Linke"": 23, ""Die PARTEI"": 3, ""FDP"": 2, ""FREIE WÄHLER"": 13, ""GRÜNE"": 8, ""Handwerker Partei Deutschland"": 3, ""SPD"": 282, ""Team Freiheit"": 1, ""Tierschutzpartei"": 10}"
mv:GEMEINDE:13076060,2026-09-20T18:05:06.318505+00:00,2026-09-20T18:02:36.096442+00:00,1543,2,False,"{""AfD"": 813, ""BSW"": 58, ""CDU"": 58, ""Die Linke"": 58, ""Die PARTEI"": 2, ""FDP"": 10, ""FREIE WÄHLER"": 4, ""GRÜNE"": 13, ""Handwerker Partei Deutschland"": 5, ""KPD"": 1, ""PIRATEN"": 4, ""PdF"": 2, ""SPD"": 495, ""Team Freiheit"": 3, ""Tierschutzpartei"": 9, ""Volt"": 3, ""WLD"": 2, ""ÖDP"": 3}"
mv:GEMEINDE:13076080,2026-09-20T18:05:06.318505+00:00,2026-09-20T18:02:36.096442+00:00,256,1,False,"{""AfD"": 110, ""BSW"": 11, ""CDU"": 15, ""Die Linke"": 10, ""FDP"": 6, ""GRÜNE"": 14, ""SPD"": 90}"
mv:GEMEINDE:13076090,2026-09-20T18:05:06.318505+00:00,2026-09-20T18:02:36.096442+00:00,594,1,False,"{""AfD"": 223, ""BSW"": 32, ""Bündnis C"": 1, ""CDU"": 20, ""Die Linke"": 33, ""Die PARTEI"": 2, ""FDP"": 1, ""FREIE WÄHLER"": 5, ""GRÜNE"": 30, ""Handwerker Partei Deutschland"": 5, ""PdF"": 1, ""SPD"": 229, ""Team Freiheit"": 3, ""Tierschutzpartei"": 6, ""Volt"": 1, ""WLD"": 1, ""ÖDP"": 1}"
mv:GEMEINDE:13076108,2026-09-20T18:05:06.318505+00:00,2026-09-20T18:02:36.096442+00:00,623,1,False,"{""AfD"": 160, ""BSW"": 37, ""Bündnis C"": 4, ""CDU"": 70, ""Die Linke"": 31, ""Die PARTEI"": 1, ""FDP"": 13, ""GRÜNE"": 18, ""SPD"": 275, ""Tierschutzpartei"": 10, ""Volt"": 1, ""WLD"": 2, ""ÖDP"": 1}"
mv:GEMEINDE:13076153,2026-09-20T18:05:06.318505+00:00,2026-09-20T18:02:36.096442+00:00,233,1,False,"{""AfD"": 98, ""BSW"": 13, ""CDU"": 8, ""Die Linke"": 4, ""Die PARTEI"": 1, ""FDP"": 2, ""GRÜNE"": 7, ""Handwerker Partei Deutschland"": 2, ""SPD"": 97, ""Tierschutzpartei"": 1}"
mv:GEMEINDE:13076764,2026-09-20T18:05:06.318505+00:00,2026-09-20T18:02:36.096442+00:00,1143,1,False,"{""AfD"": 298, ""BSW"": 69, ""Bündnis C"": 1, ""CDU"": 52, ""Die Linke"": 75, ""Die PARTEI"": 3, ""FDP"": 17, ""FREIE WÄHLER"": 8, ""GRÜNE"": 67, ""Handwerker Partei Deutschland"": 10, ""KPD"": 2, ""PIRATEN"": 5, ""PdF"": 4, ""SPD"": 518, ""Team Freiheit"": 2, ""Tierschutzpartei"": 8, ""WLD"": 3, ""ÖDP"": 1}"
mv:WAHLKREIS:1,2026-09-20T18:05:06.318505+00:00,2026-09-20T18:02:36.096442+00:00,2485,5,False,"{""AfD"": 769, ""BSW"": 78, ""Bündnis C"": 2, ""CDU"": 111, ""Die Linke"": 309, ""Die PARTEI"": 12, ""FDP"": 28, ""FREIE WÄHLER"": 11, ""GRÜNE"": 362, ""Handwerker Partei Deutschland"": 6, ""KPD"": 2, ""PIRATEN"": 5, ""PdF"": 4, ""SPD"": 746, ""Tierschutzpartei"": 28, ""Volt"": 6, ""WLD"": 1, ""ÖDP"": 5}"
mv:WAHLKREIS:10,2026-09-20T18:05:06.318505+00:00,2026-09-20T18:02:36.096442+00:00,631,1,False,"{""AfD"": 236, ""BSW"": 29, ""CDU"": 26, ""Die Linke"": 30, ""Die PARTEI"": 1, ""FDP"": 10, ""GRÜNE"": 32, ""Handwerker Partei Deutschland"": 4, ""KPD"": 1, ""PIRATEN"": 2, ""SPD"": 253, ""Tierschutzpartei"": 7}"
mv:WAHLKREIS:11,2026-09-20T18:05:06.318505+00:00,2026-09-20T18:02:36.096442+00:00,2255,3,False,"{""AfD"": 804, ""BSW"": 97, ""Bündnis C"": 1, ""CDU"": 119, ""Die Linke"": 133, ""Die PARTEI"": 13, ""FDP"": 24, ""FREIE WÄHLER"": 14, ""GRÜNE"": 163, ""Handwerker Partei Deutschland"": 12, ""PIRATEN"": 1, ""PdF"": 4, ""SPD"": 817, ""Team Freiheit"": 8, ""Tierschutzpartei"": 36, ""Volt"": 2, ""WLD"": 2, ""ÖDP"": 5}"
mv:WAHLKREIS:12,2026-09-20T18:05:06.318505+00:00,2026-09-20T18:02:36.096442+00:00,651,1,False,"{""AfD"": 249, ""BSW"": 27, ""CDU"": 27, ""Die Linke"": 34, ""FDP"": 3, ""FREIE WÄHLER"": 2, ""GRÜNE"": 46, ""Handwerker Partei Deutschland"": 3, ""KPD"": 2, ""PIRATEN"": 2, ""PdF"": 1, ""SPD"": 248, ""Team Freiheit"": 2, ""Tierschutzpartei"": 3, ""Volt"": 2}"
mv:WAHLKREIS:13,2026-09-20T18:05:06.318505+00:00,2026-09-20T18:02:36.096442+00:00,594,2,False,"{""AfD"": 325, ""BSW"": 29, ""CDU"": 13, ""Die Linke"": 35, ""Die PARTEI"": 2, ""FDP"": 6, ""FREIE WÄHLER"": 3, ""GRÜNE"": 12, ""Handwerker Partei Deutschland"": 2, ""KPD"": 1, ""PIRATEN"": 1, ""SPD"": 159, ""Tierschutzpartei"": 6}"
mv:WAHLKREIS:14,2026-09-20T18:05:06.318505+00:00,2026-09-20T18:02:36.096442+00:00,2476,3,False,"{""AfD"": 1007, ""BSW"": 165, ""Bündnis C"": 1, ""CDU"": 133, ""Die Linke"": 134, ""Die PARTEI"": 2, ""FDP"": 12, ""FREIE WÄHLER"": 22, ""GRÜNE"": 72, ""Handwerker Partei Deutschland"": 16, ""PdF"": 2, ""SPD"": 888, ""Team Freiheit"": 2, ""Tierschutzpartei"": 17, ""Volt"": 2, ""WLD"": 1}"
mv:WAHLKREIS:15,2026-09-20T18:05:06.318505+00:00,2026-09-20T18:02:36.096442+00:00,1023,1,False,"{""AfD"": 541, ""BSW"": 42, ""Bündnis C"": 1, ""CDU"": 40, ""Die Linke"": 43, ""Die PARTEI"": 1, ""FDP"": 6, ""FREIE WÄHLER"": 4, ""GRÜNE"": 18, ""Handwerker Partei Deutschland"": 3, ""KPD"": 1, ""PIRATEN"": 1, ""PdF"": 1, ""SPD"": 311, ""Tierschutzpartei"": 9, ""Volt"": 1}"
mv:WAHLKREIS:16,2026-09-20T18:05:06.318505+00:00,2026-09-20T18:02:36.096442+00:00,418,1,False,"{""AfD"": 222, ""BSW"": 23, ""CDU"": 17, ""Die Linke"": 11, ""FDP"": 4, ""FREIE WÄHLER"": 1, ""GRÜNE"": 8, ""Handwerker Partei Deutschland"": 4, ""SPD"": 124, ""Tierschutzpartei"": 4}"
mv:WAHLKREIS:18,2026-09-20T18:05:06.318505+00:00,2026-09-20T18:02:36.096442+00:00,1776,3,False,"{""AfD"": 911, ""BSW"": 71, ""CDU"": 66, ""Die Linke"": 62, ""Die PARTEI"": 3, ""FDP"": 12, ""FREIE WÄHLER"": 4, ""GRÜNE"": 20, ""Handwerker Partei Deutschland"": 7, ""KPD"": 1, ""PIRATEN"": 4, ""PdF"": 2, ""SPD"": 592, ""Team Freiheit"": 3, ""Tierschutzpartei"": 10, ""Volt"": 3, ""WLD"": 2, ""ÖDP"": 3}"
mv:WAHLKREIS:19,2026-09-20T18:05:06.318505+00:00,2026-09-20T18:02:36.096442+00:00,1552,3,False,"{""AfD"": 670, ""BSW"": 92, ""Bündnis C"": 1, ""CDU"": 53, ""Die Linke"": 65, ""Die PARTEI"": 8, ""FDP"": 3, ""FREIE WÄHLER"": 22, ""GRÜNE"": 38, ""Handwerker Partei Deutschland"": 8, ""PdF"": 1, ""SPD"": 567, ""Team Freiheit"": 4, ""Tierschutzpartei"": 17, ""Volt"": 1, ""WLD"": 1, ""ÖDP"": 1}"
mv:WAHLKREIS:20,2026-09-20T18:05:06.318505+00:00,2026-09-20T18:02:36.096442+00:00,3089,5,False,"{""AfD"": 1195, ""BSW"": 153, ""Bündnis C"": 6, ""CDU"": 115, ""Die Linke"": 192, ""Die PARTEI"": 9, ""FDP"": 28, ""FREIE WÄHLER"": 3, ""GRÜNE"": 106, ""Handwerker Partei Deutschland"": 9, ""KPD"": 3, ""PIRATEN"": 6, ""SPD"": 1223, ""Team Freiheit"": 6, ""Tierschutzpartei"": 31, ""Volt"": 2, ""WLD"": 1, ""ÖDP"": 1}"
mv:WAHLKREIS:21,2026-09-20T18:05:06.318505+00:00,2026-09-20T18:02:36.096442+00:00,694,1,False,"{""AfD"": 154, ""BSW"": 30, ""Bündnis C"": 1, ""CDU"": 81, ""Die Linke"": 48, ""FDP"": 6, ""FREIE WÄHLER"": 6, ""GRÜNE"": 49, ""Handwerker Partei Deutschland"": 2, ""PIRATEN"": 2, ""SPD"": 308, ""Tierschutzpartei"": 5, ""Volt"": 1, ""ÖDP"": 1}"
mv:WAHLKREIS:22,2026-09-20T18:05:06.318505+00:00,2026-09-20T18:02:36.096442+00:00,621,1,False,"{""AfD"": 303, ""BSW"": 35, ""CDU"": 17, ""Die Linke"": 38, ""Die PARTEI"": 4, ""FDP"": 3, ""FREIE WÄHLER"": 3, ""GRÜNE"": 15, ""Handwerker Partei Deutschland"": 4, ""SPD"": 184, ""Team Freiheit"": 1, ""Tierschutzpartei"": 9, ""WLD"": 2, ""ÖDP"": 3}"
mv:WAHLKREIS:23,2026-09-20T18:05:06.318505+00:00,2026-09-20T18:02:36.096442+00:00,1010,2,False,"{""AfD"": 272, ""BSW"": 51, ""CDU"": 63, ""Die Linke"": 56, ""Die PARTEI"": 1, ""FDP"": 12, ""FREIE WÄHLER"": 9, ""GRÜNE"": 37, ""Handwerker Partei Deutschland"": 4, ""PIRATEN"": 2, ""SPD"": 480, ""Team Freiheit"": 3, ""Tierschutzpartei"": 13, ""Volt"": 2, ""WLD"": 2, ""ÖDP"": 3}"
mv:WAHLKREIS:24,2026-09-20T18:05:06.318505+00:00,2026-09-20T18:02:36.096442+00:00,546,1,False,"{""AfD"": 294, ""BSW"": 20, ""CDU"": 30, ""Die Linke"": 13, ""Die PARTEI"": 1, ""FDP"": 6, ""FREIE WÄHLER"": 1, ""GRÜNE"": 3, ""SPD"": 166, ""Team Freiheit"": 1, ""Tierschutzpartei"": 4, ""Volt"": 4, ""WLD"": 1, ""ÖDP"": 2}"
mv:WAHLKREIS:25,2026-09-20T18:05:06.318505+00:00,2026-09-20T18:02:36.096442+00:00,1604,2,False,"{""AfD"": 763, ""BSW"": 70, ""CDU"": 46, ""Die Linke"": 95, ""Die PARTEI"": 7, ""FDP"": 5, ""FREIE WÄHLER"": 9, ""GRÜNE"": 45, ""Handwerker Partei Deutschland"": 8, ""KPD"": 1, ""PIRATEN"": 6, ""PdF"": 1, ""SPD"": 510, ""Team Freiheit"": 2, ""Tierschutzpartei"": 28, ""Volt"": 5, ""WLD"": 2, ""ÖDP"": 1}"
mv:WAHLKREIS:26,2026-09-20T18:05:06.318505+00:00,2026-09-20T18:02:36.096442+00:00,943,1,False,"{""AfD"": 335, ""BSW"": 43, ""Bündnis C"": 1, ""CDU"": 51, ""Die Linke"": 44, ""Die PARTEI"": 5, ""FDP"": 10, ""FREIE WÄHLER"": 4, ""GRÜNE"": 111, ""Handwerker Partei Deutschland"": 2, ""KPD"": 1, ""PIRATEN"": 1, ""PdF"": 1, ""SPD"": 317, ""Team Freiheit"": 7, ""Tierschutzpartei"": 7, ""Volt"": 2, ""WLD"": 1}"
mv:WAHLKREIS:27,2026-09-20T18:05:06.318505+00:00,2026-09-20T18:02:36.096442+00:00,3108,5,False,"{""AfD"": 1120, ""BSW"": 138, ""CDU"": 175, ""Die Linke"": 146, ""Die PARTEI"": 5, ""FDP"": 29, ""FREIE WÄHLER"": 15, ""GRÜNE"": 230, ""Handwerker Partei Deutschland"": 23, ""PIRATEN"": 7, ""PdF"": 2, ""SPD"": 1159, ""Team Freiheit"": 9, ""Tierschutzpartei"": 38, ""Volt"": 5, ""WLD"": 2, ""ÖDP"": 5}"
mv:WAHLKREIS:28,2026-09-20T18:05:06.318505+00:00,2026-09-20T18:02:36.096442+00:00,1273,3,False,"{""AfD"": 457, ""BSW"": 55, ""Bündnis C"": 1, ""CDU"": 77, ""Die Linke"": 49, ""Die PARTEI"": 1, ""FDP"": 10, ""FREIE WÄHLER"": 3, ""GRÜNE"": 83, ""Handwerker Partei Deutschland"": 11, ""KPD"": 1, ""PdF"": 1, ""SPD"": 505, ""Team Freiheit"": 4, ""Tierschutzpartei"": 11, ""Volt"": 2, ""WLD"": 2}"
mv:WAHLKREIS:29,2026-09-20T18:05:06.318505+00:00,2026-09-20T18:02:36.096442+00:00,1390,2,False,"{""AfD"": 577, ""BSW"": 43, ""CDU"": 79, ""Die Linke"": 66, ""Die PARTEI"": 3, ""FDP"": 36, ""FREIE WÄHLER"": 5, ""GRÜNE"": 43, ""Handwerker Partei Deutschland"": 4, ""PIRATEN"": 2, ""SPD"": 503, ""Team Freiheit"": 1, ""Tierschutzpartei"": 22, ""Volt"": 2, ""WLD"": 3, ""ÖDP"": 1}"
mv:WAHLKREIS:3,2026-09-20T18:05:06.318505+00:00,2026-09-20T18:02:36.096442+00:00,1799,3,False,"{""AfD"": 652, ""BSW"": 138, ""Bündnis C"": 1, ""CDU"": 75, ""Die Linke"": 126, ""Die PARTEI"": 7, ""FDP"": 17, ""FREIE WÄHLER"": 5, ""GRÜNE"": 97, ""Handwerker Partei Deutschland"": 10, ""KPD"": 1, ""PIRATEN"": 3, ""SPD"": 631, ""Team Freiheit"": 11, ""Tierschutzpartei"": 20, ""Volt"": 2, ""WLD"": 2, ""ÖDP"": 1}"
mv:WAHLKREIS:31,2026-09-20T18:05:06.318505+00:00,2026-09-20T18:02:36.096442+00:00,623,1,False,"{""AfD"": 160, ""BSW"": 37, ""Bündnis C"": 4, ""CDU"": 70, ""Die Linke"": 31, ""Die PARTEI"": 1, ""FDP"": 13, ""GRÜNE"": 18, ""SPD"": 275, ""Tierschutzpartei"": 10, ""Volt"": 1, ""WLD"": 2, ""ÖDP"": 1}"
mv:WAHLKREIS:32,2026-09-20T18:05:06.318505+00:00,2026-09-20T18:02:36.096442+00:00,2081,3,False,"{""AfD"": 739, ""BSW"": 107, ""Bündnis C"": 4, ""CDU"": 118, ""Die Linke"": 106, ""Die PARTEI"": 7, ""FDP"": 30, ""FREIE WÄHLER"": 9, ""GRÜNE"": 99, ""Handwerker Partei Deutschland"": 16, ""KPD"": 2, ""PIRATEN"": 6, ""PdF"": 5, ""SPD"": 813, ""Team Freiheit"": 3, ""Tierschutzpartei"": 11, ""Volt"": 1, ""WLD"": 3, ""ÖDP"": 2}"
mv:WAHLKREIS:33,2026-09-20T18:05:06.318505+00:00,2026-09-20T18:02:36.096442+00:00,1865,3,False,"{""AfD"": 880, ""BSW"": 106, ""Bündnis C"": 1, ""CDU"": 66, ""Die Linke"": 85, ""Die PARTEI"": 5, ""FDP"": 18, ""FREIE WÄHLER"": 4, ""GRÜNE"": 95, ""Handwerker Partei Deutschland"": 6, ""KPD"": 2, ""PIRATEN"": 2, ""SPD"": 563, ""Team Freiheit"": 2, ""Tierschutzpartei"": 29, ""WLD"": 1}"
mv:WAHLKREIS:4,2026-09-20T18:05:06.318505+00:00,2026-09-20T18:02:36.096442+00:00,1296,2,False,"{""AfD"": 500, ""BSW"": 68, ""Bündnis C"": 1, ""CDU"": 82, ""Die Linke"": 103, ""Die PARTEI"": 4, ""FDP"": 13, ""FREIE WÄHLER"": 5, ""GRÜNE"": 63, ""Handwerker Partei Deutschland"": 2, ""KPD"": 4, ""PIRATEN"": 3, ""PdF"": 1, ""SPD"": 414, ""Team Freiheit"": 2, ""Tierschutzpartei"": 24, ""Volt"": 6, ""WLD"": 1}"
mv:WAHLKREIS:5,2026-09-20T18:05:06.318505+00:00,2026-09-20T18:02:36.096442+00:00,600,1,False,"{""AfD"": 229, ""BSW"": 27, ""CDU"": 19, ""Die Linke"": 65, ""Die PARTEI"": 1, ""FDP"": 4, ""FREIE WÄHLER"": 4, ""GRÜNE"": 21, ""Handwerker Partei Deutschland"": 2, ""PIRATEN"": 1, ""SPD"": 218, ""Team Freiheit"": 2, ""Tierschutzpartei"": 5, ""Volt"": 1, ""WLD"": 1}"
mv:WAHLKREIS:6,2026-09-20T18:05:06.318505+00:00,2026-09-20T18:02:36.096442+00:00,1670,3,False,"{""AfD"": 255, ""BSW"": 64, ""Bündnis C"": 2, ""CDU"": 46, ""Die Linke"": 401, ""Die PARTEI"": 8, ""FDP"": 13, ""FREIE WÄHLER"": 3, ""GRÜNE"": 326, ""Handwerker Partei Deutschland"": 6, ""KPD"": 4, ""PIRATEN"": 3, ""PdF"": 1, ""SPD"": 510, ""Team Freiheit"": 2, ""Tierschutzpartei"": 12, ""Volt"": 9, ""ÖDP"": 5}"
mv:WAHLKREIS:7,2026-09-20T18:05:06.318505+00:00,2026-09-20T18:02:36.096442+00:00,3607,6,False,"{""AfD"": 1224, ""BSW"": 200, ""Bündnis C"": 1, ""CDU"": 146, ""Die Linke"": 368, ""Die PARTEI"": 22, ""FDP"": 31, ""FREIE WÄHLER"": 5, ""GRÜNE"": 363, ""Handwerker Partei Deutschland"": 12, ""KPD"": 2, ""PIRATEN"": 2, ""PdF"": 4, ""SPD"": 1142, ""Team Freiheit"": 11, ""Tierschutzpartei"": 45, ""Volt"": 16, ""WLD"": 7, ""ÖDP"": 6}"
mv:WAHLKREIS:8,2026-09-20T18:05:06.318505+00:00,2026-09-20T18:02:36.096442+00:00,3052,4,False,"{""AfD"": 901, ""BSW"": 148, ""Bündnis C"": 2, ""CDU"": 177, ""Die Linke"": 302, ""Die PARTEI"": 14, ""FDP"": 31, ""FREIE WÄHLER"": 23, ""GRÜNE"": 305, ""Handwerker Partei Deutschland"": 12, ""KPD"": 4, ""PIRATEN"": 5, ""PdF"": 1, ""SPD"": 1080, ""Team Freiheit"": 11, ""Tierschutzpartei"": 28, ""Volt"": 4, ""WLD"": 2, ""ÖDP"": 2}"
mv:WAHLKREIS:9,2026-09-20T18:05:06.318505+00:00,2026-09-20T18:02:36.096442+00:00,782,1,False,"{""AfD"": 404, ""BSW"": 34, ""CDU"": 14, ""Die Linke"": 34, ""Die PARTEI"": 1, ""FREIE WÄHLER"": 1, ""GRÜNE"": 12, ""PIRATEN"": 1, ""SPD"": 271, ""Team Freiheit"": 4, ""Tierschutzpartei"": 4, ""WLD"": 1, ""ÖDP"": 1}"
mv:GEMEINDE:13003000,2026-09-20T18:10:06.647352+00:00,2026-09-20T18:07:36.058470+00:00,8680,12,False,"{""AfD"": 2146, ""BSW"": 396, ""Bündnis C"": 9, ""CDU"": 512, ""Die Linke"": 931, ""Die PARTEI"": 29, ""FDP"": 119, ""FREIE WÄHLER"": 17, ""GRÜNE"": 1161, ""Handwerker Partei Deutschland"": 34, ""KPD"": 13, ""PIRATEN"": 7, ""PdF"": 6, ""SPD"": 3178, ""Team Freiheit"": 17, ""Tierschutzpartei"": 64, ""Volt"": 26, ""WLD"": 8, ""ÖDP"": 7}"
mv:GEMEINDE:13004000,2026-09-20T18:10:06.647352+00:00,2026-09-20T18:07:36.058470+00:00,3360,4,False,"{""AfD"": 565, ""BSW"": 167, ""Bündnis C"": 5, ""CDU"": 333, ""Die Linke"": 328, ""Die PARTEI"": 10, ""FDP"": 52, ""FREIE WÄHLER"": 16, ""GRÜNE"": 338, ""Handwerker Partei Deutschland"": 13, ""KPD"": 2, ""PIRATEN"": 8, ""PdF"": 2, ""SPD"": 1450, ""Team Freiheit"": 15, ""Tierschutzpartei"": 37, ""Volt"": 6, ""WLD"": 9, ""ÖDP"": 4}"
mv:GEMEINDE:13071029,2026-09-20T18:10:06.647352+00:00,2026-09-20T18:07:36.058470+00:00,765,1,False,"{""AfD"": 487, ""BSW"": 24, ""CDU"": 28, ""Die Linke"": 36, ""FDP"": 4, ""FREIE WÄHLER"": 1, ""GRÜNE"": 12, ""Handwerker Partei Deutschland"": 5, ""KPD"": 2, ""SPD"": 156, ""Team Freiheit"": 1, ""Tierschutzpartei"": 8, ""Volt"": 1}"
mv:GEMEINDE:13071033,2026-09-20T18:10:06.647352+00:00,2026-09-20T18:07:36.058470+00:00,772,1,False,"{""AfD"": 187, ""BSW"": 51, ""CDU"": 50, ""Die Linke"": 54, ""Die PARTEI"": 1, ""FDP"": 15, ""FREIE WÄHLER"": 4, ""GRÜNE"": 58, ""Handwerker Partei Deutschland"": 5, ""PIRATEN"": 1, ""PdF"": 2, ""SPD"": 327, ""Team Freiheit"": 4, ""Tierschutzpartei"": 10, ""Volt"": 2, ""ÖDP"": 1}"
mv:GEMEINDE:13071039,2026-09-20T18:10:06.647352+00:00,2026-09-20T18:07:36.058470+00:00,568,1,False,"{""AfD"": 323, ""BSW"": 34, ""CDU"": 23, ""Die Linke"": 18, ""FREIE WÄHLER"": 6, ""GRÜNE"": 10, ""Handwerker Partei Deutschland"": 2, ""KPD"": 1, ""PIRATEN"": 3, ""SPD"": 143, ""Team Freiheit"": 1, ""Tierschutzpartei"": 2, ""WLD"": 1, ""ÖDP"": 1}"
mv:GEMEINDE:13071041,2026-09-20T18:10:06.647352+00:00,2026-09-20T18:07:36.058470+00:00,168,1,False,"{""AfD"": 97, ""BSW"": 9, ""CDU"": 10, ""Die Linke"": 2, ""FREIE WÄHLER"": 1, ""GRÜNE"": 3, ""SPD"": 44, ""Tierschutzpartei"": 2}"
mv:GEMEINDE:13071092,2026-09-20T18:10:06.647352+00:00,2026-09-20T18:07:36.058470+00:00,834,1,False,"{""AfD"": 420, ""BSW"": 61, ""CDU"": 30, ""Die Linke"": 50, ""FREIE WÄHLER"": 10, ""GRÜNE"": 20, ""Handwerker Partei Deutschland"": 2, ""PdF"": 1, ""SPD"": 229, ""Team Freiheit"": 1, ""Tierschutzpartei"": 7, ""Volt"": 3}"
mv:GEMEINDE:13071107,2026-09-20T18:10:06.647352+00:00,2026-09-20T18:07:36.058470+00:00,1223,2,False,"{""AfD"": 410, ""BSW"": 82, ""CDU"": 53, ""Die Linke"": 118, ""Die PARTEI"": 4, ""FDP"": 11, ""FREIE WÄHLER"": 1, ""GRÜNE"": 34, ""Handwerker Partei Deutschland"": 6, ""KPD"": 1, ""SPD"": 487, ""Team Freiheit"": 3, ""Tierschutzpartei"": 12, ""Volt"": 1}"
mv:GEMEINDE:13071110,2026-09-20T18:10:06.647352+00:00,2026-09-20T18:07:36.058470+00:00,692,1,False,"{""AfD"": 134, ""BSW"": 28, ""Bündnis C"": 1, ""CDU"": 58, ""Die Linke"": 52, ""Die PARTEI"": 7, ""FDP"": 3, ""FREIE WÄHLER"": 4, ""GRÜNE"": 31, ""Handwerker Partei Deutschland"": 1, ""KPD"": 2, ""PIRATEN"": 1, ""SPD"": 353, ""Tierschutzpartei"": 8, ""Volt"": 5, ""WLD"": 3, ""ÖDP"": 1}"
mv:GEMEINDE:13071760,2026-09-20T18:10:06.647352+00:00,2026-09-20T18:07:36.058470+00:00,580,1,False,"{""AfD"": 148, ""BSW"": 31, ""Bündnis C"": 1, ""CDU"": 58, ""Die Linke"": 35, ""Die PARTEI"": 3, ""FDP"": 10, ""FREIE WÄHLER"": 3, ""GRÜNE"": 36, ""Handwerker Partei Deutschland"": 2, ""SPD"": 240, ""Team Freiheit"": 1, ""Tierschutzpartei"": 10, ""ÖDP"": 2}"
mv:GEMEINDE:13072018,2026-09-20T18:10:06.647352+00:00,2026-09-20T18:07:36.058470+00:00,346,1,False,"{""AfD"": 125, ""BSW"": 20, ""Bündnis C"": 1, ""CDU"": 18, ""Die Linke"": 20, ""FREIE WÄHLER"": 1, ""GRÜNE"": 33, ""Handwerker Partei Deutschland"": 1, ""PIRATEN"": 1, ""PdF"": 1, ""SPD"": 122, ""Tierschutzpartei"": 3}"
mv:GEMEINDE:13072036,2026-09-20T18:10:06.647352+00:00,2026-09-20T18:07:36.058470+00:00,586,1,False,"{""AfD"": 196, ""BSW"": 26, ""CDU"": 36, ""Die Linke"": 27, ""FDP"": 5, ""FREIE WÄHLER"": 2, ""GRÜNE"": 39, ""Handwerker Partei Deutschland"": 3, ""KPD"": 1, ""SPD"": 241, ""Team Freiheit"": 1, ""Tierschutzpartei"": 8, ""Volt"": 1}"
mv:GEMEINDE:13072043,2026-09-20T18:10:06.647352+00:00,2026-09-20T18:07:36.058470+00:00,903,1,False,"{""AfD"": 441, ""BSW"": 35, ""Bündnis C"": 2, ""CDU"": 16, ""Die Linke"": 67, ""Die PARTEI"": 1, ""FDP"": 12, ""FREIE WÄHLER"": 2, ""GRÜNE"": 26, ""Handwerker Partei Deutschland"": 1, ""PIRATEN"": 1, ""SPD"": 282, ""Team Freiheit"": 2, ""Tierschutzpartei"": 12, ""Volt"": 2, ""ÖDP"": 1}"
mv:GEMEINDE:13072056,2026-09-20T18:10:06.647352+00:00,2026-09-20T18:07:36.058470+00:00,547,1,False,"{""AfD"": 249, ""BSW"": 33, ""Bündnis C"": 1, ""CDU"": 20, ""Die Linke"": 33, ""Die PARTEI"": 1, ""FDP"": 12, ""FREIE WÄHLER"": 3, ""GRÜNE"": 15, ""Handwerker Partei Deutschland"": 3, ""PdF"": 1, ""SPD"": 162, ""Team Freiheit"": 5, ""Tierschutzpartei"": 9}"
mv:GEMEINDE:13072060,2026-09-20T18:10:06.647352+00:00,2026-09-20T18:07:36.058470+00:00,794,1,False,"{""AfD"": 293, ""BSW"": 16, ""CDU"": 54, ""Die Linke"": 29, ""Die PARTEI"": 1, ""FDP"": 11, ""FREIE WÄHLER"": 2, ""GRÜNE"": 40, ""Handwerker Partei Deutschland"": 1, ""PIRATEN"": 1, ""PdF"": 2, ""SPD"": 329, ""Team Freiheit"": 1, ""Tierschutzpartei"": 9, ""Volt"": 2, ""WLD"": 1, ""ÖDP"": 2}"
mv:GEMEINDE:13072063,2026-09-20T18:10:06.647352+00:00,2026-09-20T18:07:36.058470+00:00,479,1,False,"{""AfD"": 279, ""BSW"": 12, ""CDU"": 12, ""Die Linke"": 11, ""FDP"": 4, ""FREIE WÄHLER"": 2, ""GRÜNE"": 16, ""Handwerker Partei Deutschland"": 2, ""KPD"": 1, ""SPD"": 134, ""Team Freiheit"": 4, ""Tierschutzpartei"": 2}"
mv:GEMEINDE:13072093,2026-09-20T18:10:06.647352+00:00,2026-09-20T18:07:36.058470+00:00,921,1,False,"{""AfD"": 282, ""BSW"": 45, ""CDU"": 67, ""Die Linke"": 68, ""Die PARTEI"": 6, ""FDP"": 13, ""FREIE WÄHLER"": 5, ""GRÜNE"": 38, ""Handwerker Partei Deutschland"": 5, ""PIRATEN"": 1, ""SPD"": 369, ""Team Freiheit"": 5, ""Tierschutzpartei"": 13, ""Volt"": 1, ""WLD"": 3}"
mv:GEMEINDE:13072105,2026-09-20T18:10:06.647352+00:00,2026-09-20T18:07:36.058470+00:00,720,1,False,"{""AfD"": 295, ""BSW"": 33, ""Bündnis C"": 4, ""CDU"": 32, ""Die Linke"": 32, ""Die PARTEI"": 1, ""FDP"": 4, ""FREIE WÄHLER"": 2, ""GRÜNE"": 20, ""Handwerker Partei Deutschland"": 1, ""PIRATEN"": 2, ""SPD"": 283, ""Tierschutzpartei"": 10, ""Volt"": 1}"
mv:GEMEINDE:13072106,2026-09-20T18:10:06.647352+00:00,2026-09-20T18:07:36.058470+00:00,876,1,False,"{""AfD"": 434, ""BSW"": 44, ""CDU"": 46, ""Die Linke"": 28, ""FDP"": 5, ""FREIE WÄHLER"": 4, ""GRÜNE"": 25, ""Handwerker Partei Deutschland"": 1, ""KPD"": 1, ""PIRATEN"": 3, ""SPD"": 270, ""Team Freiheit"": 2, ""Tierschutzpartei"": 10, ""Volt"": 3}"
mv:GEMEINDE:13073035,2026-09-20T18:10:06.647352+00:00,2026-09-20T18:07:36.058470+00:00,784,1,False,"{""AfD"": 181, ""BSW"": 45, ""CDU"": 117, ""Die Linke"": 59, ""Die PARTEI"": 1, ""FDP"": 4, ""FREIE WÄHLER"": 1, ""GRÜNE"": 26, ""Handwerker Partei Deutschland"": 10, ""KPD"": 1, ""PIRATEN"": 1, ""PdF"": 1, ""SPD"": 313, ""Tierschutzpartei"": 17, ""Volt"": 7}"
mv:GEMEINDE:13073073,2026-09-20T18:10:06.647352+00:00,2026-09-20T18:07:36.058470+00:00,487,1,False,"{""AfD"": 243, ""BSW"": 20, ""Bündnis C"": 3, ""CDU"": 19, ""Die Linke"": 21, ""FDP"": 2, ""FREIE WÄHLER"": 2, ""GRÜNE"": 30, ""Handwerker Partei Deutschland"": 1, ""PIRATEN"": 3, ""SPD"": 133, ""Team Freiheit"": 1, ""Tierschutzpartei"": 8, ""ÖDP"": 1}"
mv:GEMEINDE:13073089,2026-09-20T18:10:06.647352+00:00,2026-09-20T18:07:36.058470+00:00,501,1,False,"{""AfD"": 181, ""BSW"": 36, ""CDU"": 32, ""Die Linke"": 23, ""Die PARTEI"": 4, ""FDP"": 3, ""GRÜNE"": 34, ""KPD"": 2, ""SPD"": 174, ""Team Freiheit"": 2, ""Tierschutzpartei"": 8, ""Volt"": 1, ""ÖDP"": 1}"
mv:GEMEINDE:13073104,2026-09-20T18:10:06.647352+00:00,2026-09-20T18:07:36.058470+00:00,604,1,False,"{""AfD"": 358, ""BSW"": 37, ""CDU"": 23, ""Die Linke"": 13, ""FREIE WÄHLER"": 4, ""GRÜNE"": 22, ""Handwerker Partei Deutschland"": 3, ""PIRATEN"": 1, ""PdF"": 2, ""SPD"": 133, ""Team Freiheit"": 1, ""Tierschutzpartei"": 5, ""Volt"": 1, ""WLD"": 1}"
mv:GEMEINDE:13073105,2026-09-20T18:10:06.647352+00:00,2026-09-20T18:07:36.058470+00:00,1324,2,False,"{""AfD"": 451, ""BSW"": 74, ""Bündnis C"": 2, ""CDU"": 120, ""Die Linke"": 57, ""Die PARTEI"": 2, ""FDP"": 14, ""FREIE WÄHLER"": 5, ""GRÜNE"": 59, ""Handwerker Partei Deutschland"": 6, ""KPD"": 1, ""PIRATEN"": 4, ""SPD"": 500, ""Tierschutzpartei"": 22, ""Volt"": 5, ""WLD"": 1, ""ÖDP"": 1}"
mv:GEMEINDE:13074026,2026-09-20T18:10:06.647352+00:00,2026-09-20T18:07:36.058470+00:00,516,1,False,"{""AfD"": 220, ""BSW"": 34, ""CDU"": 39, ""Die Linke"": 24, ""Die PARTEI"": 1, ""FDP"": 5, ""FREIE WÄHLER"": 1, ""GRÜNE"": 18, ""Handwerker Partei Deutschland"": 6, ""SPD"": 154, ""Team Freiheit"": 2, ""Tierschutzpartei"": 10, ""ÖDP"": 2}"
mv:GEMEINDE:13074031,2026-09-20T18:10:06.647352+00:00,2026-09-20T18:07:36.058470+00:00,418,1,False,"{""AfD"": 184, ""BSW"": 17, ""CDU"": 34, ""Die Linke"": 15, ""FDP"": 3, ""FREIE WÄHLER"": 7, ""GRÜNE"": 15, ""Handwerker Partei Deutschland"": 3, ""SPD"": 134, ""Tierschutzpartei"": 4, ""Volt"": 1, ""WLD"": 1}"
mv:GEMEINDE:13074076,2026-09-20T18:10:06.647352+00:00,2026-09-20T18:07:36.058470+00:00,671,1,False,"{""AfD"": 253, ""BSW"": 34, ""Bündnis C"": 2, ""CDU"": 18, ""Die Linke"": 24, ""Die PARTEI"": 1, ""FDP"": 12, ""FREIE WÄHLER"": 6, ""GRÜNE"": 54, ""Handwerker Partei Deutschland"": 3, ""KPD"": 1, ""PIRATEN"": 2, ""SPD"": 256, ""Tierschutzpartei"": 3, ""Volt"": 1, ""ÖDP"": 1}"
mv:GEMEINDE:13074084,2026-09-20T18:10:06.647352+00:00,2026-09-20T18:07:36.058470+00:00,808,1,False,"{""AfD"": 415, ""BSW"": 37, ""CDU"": 24, ""Die Linke"": 35, ""Die PARTEI"": 4, ""FDP"": 8, ""FREIE WÄHLER"": 3, ""GRÜNE"": 28, ""Handwerker Partei Deutschland"": 1, ""KPD"": 2, ""PIRATEN"": 4, ""SPD"": 240, ""Team Freiheit"": 1, ""Tierschutzpartei"": 6}"
mv:GEMEINDE:13074087,2026-09-20T18:10:06.647352+00:00,2026-09-20T18:07:36.058470+00:00,2008,3,False,"{""AfD"": 550, ""BSW"": 73, ""CDU"": 119, ""Die Linke"": 136, ""Die PARTEI"": 9, ""FDP"": 17, ""FREIE WÄHLER"": 6, ""GRÜNE"": 162, ""Handwerker Partei Deutschland"": 5, ""KPD"": 1, ""PIRATEN"": 4, ""PdF"": 1, ""SPD"": 901, ""Team Freiheit"": 5, ""Tierschutzpartei"": 13, ""Volt"": 4, ""ÖDP"": 2}"
mv:GEMEINDE:13074090,2026-09-20T18:10:06.647352+00:00,2026-09-20T18:07:36.058470+00:00,0,0,True,"{""AfD"": -17, ""SPD"": 17}"
mv:GEMEINDE:13074753,2026-09-20T18:10:06.647352+00:00,2026-09-20T18:07:36.058470+00:00,451,1,False,"{""AfD"": 109, ""BSW"": 2, ""CDU"": 42, ""Die Linke"": 24, ""FDP"": 10, ""FREIE WÄHLER"": 2, ""GRÜNE"": 42, ""Handwerker Partei Deutschland"": 3, ""SPD"": 191, ""Tierschutzpartei"": 24, ""WLD"": 2}"
mv:GEMEINDE:13075036,2026-09-20T18:10:06.647352+00:00,2026-09-20T18:07:36.058470+00:00,502,1,False,"{""AfD"": 271, ""BSW"": 24, ""CDU"": 19, ""Die Linke"": 31, ""FDP"": 2, ""FREIE WÄHLER"": 1, ""GRÜNE"": 30, ""Handwerker Partei Deutschland"": 2, ""SPD"": 114, ""Tierschutzpartei"": 8}"
mv:GEMEINDE:13075039,2026-09-20T18:10:06.647352+00:00,2026-09-20T18:07:36.058470+00:00,2031,4,False,"{""AfD"": 505, ""BSW"": 59, ""Bündnis C"": 1, ""CDU"": 90, ""Die Linke"": 292, ""Die PARTEI"": 11, ""FDP"": 20, ""FREIE WÄHLER"": 6, ""GRÜNE"": 330, ""Handwerker Partei Deutschland"": 7, ""KPD"": 2, ""PIRATEN"": 4, ""PdF"": 2, ""SPD"": 675, ""Team Freiheit"": 4, ""Tierschutzpartei"": 14, ""Volt"": 5, ""WLD"": 2, ""ÖDP"": 2}"
mv:GEMEINDE:13075082,2026-09-20T18:10:06.647352+00:00,2026-09-20T18:07:36.058470+00:00,2120,6,False,"{""AfD"": 1199, ""BSW"": 84, ""CDU"": 138, ""Die Linke"": 80, ""Die PARTEI"": 3, ""FDP"": 17, ""FREIE WÄHLER"": 3, ""GRÜNE"": 62, ""Handwerker Partei Deutschland"": 15, ""PIRATEN"": 4, ""SPD"": 481, ""Team Freiheit"": 4, ""Tierschutzpartei"": 25, ""Volt"": 1, ""WLD"": 2, ""ÖDP"": 2}"
mv:GEMEINDE:13075123,2026-09-20T18:10:06.647352+00:00,2026-09-20T18:07:36.058470+00:00,509,2,False,"{""AfD"": 287, ""BSW"": 27, ""Bündnis C"": 1, ""CDU"": 17, ""Die Linke"": 14, ""Die PARTEI"": 2, ""FDP"": 9, ""FREIE WÄHLER"": 1, ""GRÜNE"": 16, ""Handwerker Partei Deutschland"": 4, ""PIRATEN"": 2, ""SPD"": 124, ""Tierschutzpartei"": 5}"
mv:GEMEINDE:13075130,2026-09-20T18:10:06.647352+00:00,2026-09-20T18:07:36.058470+00:00,694,1,False,"{""AfD"": 248, ""BSW"": 33, ""Bündnis C"": 2, ""CDU"": 46, ""Die Linke"": 39, ""Die PARTEI"": 1, ""FDP"": 6, ""FREIE WÄHLER"": 1, ""GRÜNE"": 18, ""Handwerker Partei Deutschland"": 1, ""SPD"": 292, ""Tierschutzpartei"": 6, ""ÖDP"": 1}"
mv:GEMEINDE:13075755,2026-09-20T18:10:06.647352+00:00,2026-09-20T18:07:36.058470+00:00,1112,1,False,"{""AfD"": 235, ""BSW"": 38, ""Bündnis C"": 3, ""CDU"": 94, ""Die Linke"": 81, ""Die PARTEI"": 5, ""FDP"": 26, ""FREIE WÄHLER"": 4, ""GRÜNE"": 118, ""Handwerker Partei Deutschland"": 17, ""PIRATEN"": 2, ""SPD"": 472, ""Team Freiheit"": 1, ""Tierschutzpartei"": 10, ""Volt"": 3, ""ÖDP"": 3}"
mv:GEMEINDE:13075758,2026-09-20T18:10:06.647352+00:00,2026-09-20T18:07:36.058470+00:00,755,1,False,"{""AfD"": 260, ""BSW"": 42, ""CDU"": 76, ""Die Linke"": 51, ""Die PARTEI"": 1, ""FDP"": 16, ""GRÜNE"": 27, ""Handwerker Partei Deutschland"": 4, ""PIRATEN"": 1, ""SPD"": 271, ""Tierschutzpartei"": 6}"
mv:GEMEINDE:13075760,2026-09-20T18:10:06.647352+00:00,2026-09-20T18:07:36.058470+00:00,846,1,False,"{""AfD"": 259, ""BSW"": 53, ""CDU"": 69, ""Die Linke"": 55, ""Die PARTEI"": 2, ""FDP"": 10, ""FREIE WÄHLER"": 2, ""GRÜNE"": 25, ""Handwerker Partei Deutschland"": 12, ""KPD"": 1, ""PdF"": 2, ""SPD"": 350, ""Tierschutzpartei"": 4, ""WLD"": 1, ""ÖDP"": 1}"
mv:GEMEINDE:13076001,2026-09-20T18:10:06.647352+00:00,2026-09-20T18:07:36.058470+00:00,164,1,False,"{""AfD"": 80, ""BSW"": 9, ""CDU"": 4, ""Die Linke"": 2, ""GRÜNE"": 7, ""Handwerker Partei Deutschland"": 1, ""SPD"": 56, ""Team Freiheit"": 2, ""Tierschutzpartei"": 1, ""ÖDP"": 2}"
mv:GEMEINDE:13076082,2026-09-20T18:10:06.647352+00:00,2026-09-20T18:07:36.058470+00:00,564,1,False,"{""AfD"": 244, ""BSW"": 31, ""CDU"": 27, ""Die Linke"": 29, ""Die PARTEI"": 2, ""FDP"": 5, ""GRÜNE"": 15, ""Handwerker Partei Deutschland"": 2, ""SPD"": 203, ""Team Freiheit"": 1, ""Tierschutzpartei"": 4, ""WLD"": 1}"
mv:GEMEINDE:13076108,2026-09-20T18:10:06.647352+00:00,2026-09-20T18:07:36.058470+00:00,841,1,False,"{""AfD"": 466, ""BSW"": 39, ""CDU"": 19, ""Die Linke"": 62, ""FDP"": 5, ""FREIE WÄHLER"": 3, ""GRÜNE"": 23, ""Handwerker Partei Deutschland"": 7, ""KPD"": 1, ""PdF"": 1, ""SPD"": 198, ""Team Freiheit"": 2, ""Tierschutzpartei"": 12, ""Volt"": 1, ""WLD"": 2}"
mv:GEMEINDE:13076118,2026-09-20T18:10:06.647352+00:00,2026-09-20T18:07:36.058470+00:00,638,1,False,"{""AfD"": 291, ""BSW"": 33, ""CDU"": 20, ""Die Linke"": 23, ""FDP"": 7, ""FREIE WÄHLER"": 3, ""GRÜNE"": 23, ""Handwerker Partei Deutschland"": 2, ""PIRATEN"": 1, ""SPD"": 225, ""Team Freiheit"": 2, ""Tierschutzpartei"": 8}"
mv:GEMEINDE:13076763,2026-09-20T18:10:06.647352+00:00,2026-09-20T18:07:36.058470+00:00,1228,1,False,"{""AfD"": 309, ""BSW"": 75, ""Bündnis C"": 1, ""CDU"": 92, ""Die Linke"": 60, ""Die PARTEI"": 3, ""FDP"": 17, ""FREIE WÄHLER"": 5, ""GRÜNE"": 59, ""Handwerker Partei Deutschland"": 4, ""KPD"": 1, ""PIRATEN"": 1, ""PdF"": 2, ""SPD"": 552, ""Team Freiheit"": 3, ""Tierschutzpartei"": 14, ""Volt"": 1, ""WLD"": 28, ""ÖDP"": 1}"
mv:WAHLKREIS:1,2026-09-20T18:10:06.647352+00:00,2026-09-20T18:07:36.058470+00:00,2031,4,False,"{""AfD"": 505, ""BSW"": 59, ""Bündnis C"": 1, ""CDU"": 90, ""Die Linke"": 292, ""Die PARTEI"": 11, ""FDP"": 20, ""FREIE WÄHLER"": 6, ""GRÜNE"": 330, ""Handwerker Partei Deutschland"": 7, ""KPD"": 2, ""PIRATEN"": 4, ""PdF"": 2, ""SPD"": 675, ""Team Freiheit"": 4, ""Tierschutzpartei"": 14, ""Volt"": 5, ""WLD"": 2, ""ÖDP"": 2}"
mv:WAHLKREIS:10,2026-09-20T18:10:06.647352+00:00,2026-09-20T18:07:36.058470+00:00,2008,3,False,"{""AfD"": 550, ""BSW"": 73, ""CDU"": 119, ""Die Linke"": 136, ""Die PARTEI"": 9, ""FDP"": 17, ""FREIE WÄHLER"": 6, ""GRÜNE"": 162, ""Handwerker Partei Deutschland"": 5, ""KPD"": 1, ""PIRATEN"": 4, ""PdF"": 1, ""SPD"": 901, ""Team Freiheit"": 5, ""Tierschutzpartei"": 13, ""Volt"": 4, ""ÖDP"": 2}"
mv:WAHLKREIS:11,2026-09-20T18:10:06.647352+00:00,2026-09-20T18:07:36.058470+00:00,1715,2,False,"{""AfD"": 575, ""BSW"": 61, ""CDU"": 121, ""Die Linke"": 97, ""Die PARTEI"": 7, ""FDP"": 24, ""FREIE WÄHLER"": 7, ""GRÜNE"": 78, ""Handwerker Partei Deutschland"": 6, ""PIRATEN"": 2, ""PdF"": 2, ""SPD"": 698, ""Team Freiheit"": 6, ""Tierschutzpartei"": 22, ""Volt"": 3, ""WLD"": 4, ""ÖDP"": 2}"
mv:WAHLKREIS:12,2026-09-20T18:10:06.647352+00:00,2026-09-20T18:07:36.058470+00:00,1306,2,False,"{""AfD"": 491, ""BSW"": 59, ""Bündnis C"": 4, ""CDU"": 68, ""Die Linke"": 59, ""Die PARTEI"": 1, ""FDP"": 9, ""FREIE WÄHLER"": 4, ""GRÜNE"": 59, ""Handwerker Partei Deutschland"": 4, ""KPD"": 1, ""PIRATEN"": 2, ""SPD"": 524, ""Team Freiheit"": 1, ""Tierschutzpartei"": 18, ""Volt"": 2}"
mv:WAHLKREIS:13,2026-09-20T18:10:06.647352+00:00,2026-09-20T18:07:36.058470+00:00,4651,11,False,"{""AfD"": 2504, ""BSW"": 201, ""Bündnis C"": 1, ""CDU"": 278, ""Die Linke"": 212, ""Die PARTEI"": 6, ""FDP"": 48, ""FREIE WÄHLER"": 6, ""GRÜNE"": 147, ""Handwerker Partei Deutschland"": 30, ""KPD"": 2, ""PIRATEN"": 7, ""SPD"": 1146, ""Team Freiheit"": 5, ""Tierschutzpartei"": 52, ""Volt"": 2, ""WLD"": 2, ""ÖDP"": 2}"
mv:WAHLKREIS:14,2026-09-20T18:10:06.647352+00:00,2026-09-20T18:07:36.058470+00:00,1570,3,False,"{""AfD"": 840, ""BSW"": 104, ""CDU"": 63, ""Die Linke"": 70, ""FREIE WÄHLER"": 17, ""GRÜNE"": 33, ""Handwerker Partei Deutschland"": 4, ""KPD"": 1, ""PIRATEN"": 3, ""PdF"": 1, ""SPD"": 416, ""Team Freiheit"": 2, ""Tierschutzpartei"": 11, ""Volt"": 3, ""WLD"": 1, ""ÖDP"": 1}"
mv:WAHLKREIS:15,2026-09-20T18:10:06.647352+00:00,2026-09-20T18:07:36.058470+00:00,2248,4,False,"{""AfD"": 1087, ""BSW"": 109, ""Bündnis C"": 2, ""CDU"": 96, ""Die Linke"": 92, ""Die PARTEI"": 1, ""FDP"": 21, ""FREIE WÄHLER"": 10, ""GRÜNE"": 89, ""Handwerker Partei Deutschland"": 7, ""KPD"": 2, ""PIRATEN"": 4, ""PdF"": 2, ""SPD"": 688, ""Team Freiheit"": 11, ""Tierschutzpartei"": 24, ""Volt"": 3}"
mv:WAHLKREIS:16,2026-09-20T18:10:06.647352+00:00,2026-09-20T18:07:36.058470+00:00,903,1,False,"{""AfD"": 441, ""BSW"": 35, ""Bündnis C"": 2, ""CDU"": 16, ""Die Linke"": 67, ""Die PARTEI"": 1, ""FDP"": 12, ""FREIE WÄHLER"": 2, ""GRÜNE"": 26, ""Handwerker Partei Deutschland"": 1, ""PIRATEN"": 1, ""SPD"": 282, ""Team Freiheit"": 2, ""Tierschutzpartei"": 12, ""Volt"": 2, ""ÖDP"": 1}"
mv:WAHLKREIS:19,2026-09-20T18:10:06.647352+00:00,2026-09-20T18:07:36.058470+00:00,802,2,False,"{""AfD"": 371, ""BSW"": 42, ""CDU"": 24, ""Die Linke"": 25, ""FDP"": 7, ""FREIE WÄHLER"": 3, ""GRÜNE"": 30, ""Handwerker Partei Deutschland"": 3, ""PIRATEN"": 1, ""SPD"": 281, ""Team Freiheit"": 4, ""Tierschutzpartei"": 9, ""ÖDP"": 2}"
mv:WAHLKREIS:2,2026-09-20T18:10:06.647352+00:00,2026-09-20T18:07:36.058470+00:00,505,1,False,"{""AfD"": 122, ""BSW"": 33, ""CDU"": 24, ""Die Linke"": 63, ""Die PARTEI"": 4, ""FDP"": 2, ""GRÜNE"": 13, ""Handwerker Partei Deutschland"": 2, ""SPD"": 234, ""Team Freiheit"": 2, ""Tierschutzpartei"": 5, ""Volt"": 1}"
mv:WAHLKREIS:20,2026-09-20T18:10:06.647352+00:00,2026-09-20T18:07:36.058470+00:00,580,1,False,"{""AfD"": 148, ""BSW"": 31, ""Bündnis C"": 1, ""CDU"": 58, ""Die Linke"": 35, ""Die PARTEI"": 3, ""FDP"": 10, ""FREIE WÄHLER"": 3, ""GRÜNE"": 36, ""Handwerker Partei Deutschland"": 2, ""SPD"": 240, ""Team Freiheit"": 1, ""Tierschutzpartei"": 10, ""ÖDP"": 2}"
mv:WAHLKREIS:21,2026-09-20T18:10:06.647352+00:00,2026-09-20T18:07:36.058470+00:00,1464,2,False,"{""AfD"": 321, ""BSW"": 79, ""Bündnis C"": 1, ""CDU"": 108, ""Die Linke"": 106, ""Die PARTEI"": 8, ""FDP"": 18, ""FREIE WÄHLER"": 8, ""GRÜNE"": 89, ""Handwerker Partei Deutschland"": 6, ""KPD"": 2, ""PIRATEN"": 2, ""PdF"": 2, ""SPD"": 680, ""Team Freiheit"": 4, ""Tierschutzpartei"": 18, ""Volt"": 7, ""WLD"": 3, ""ÖDP"": 2}"
mv:WAHLKREIS:23,2026-09-20T18:10:06.647352+00:00,2026-09-20T18:07:36.058470+00:00,1324,2,False,"{""AfD"": 451, ""BSW"": 74, ""Bündnis C"": 2, ""CDU"": 120, ""Die Linke"": 57, ""Die PARTEI"": 2, ""FDP"": 14, ""FREIE WÄHLER"": 5, ""GRÜNE"": 59, ""Handwerker Partei Deutschland"": 6, ""KPD"": 1, ""PIRATEN"": 4, ""SPD"": 500, ""Tierschutzpartei"": 22, ""Volt"": 5, ""WLD"": 1, ""ÖDP"": 1}"
mv:WAHLKREIS:24,2026-09-20T18:10:06.647352+00:00,2026-09-20T18:07:36.058470+00:00,1285,2,False,"{""AfD"": 362, ""BSW"": 81, ""CDU"": 149, ""Die Linke"": 82, ""Die PARTEI"": 5, ""FDP"": 7, ""FREIE WÄHLER"": 1, ""GRÜNE"": 60, ""Handwerker Partei Deutschland"": 10, ""KPD"": 3, ""PIRATEN"": 1, ""PdF"": 1, ""SPD"": 487, ""Team Freiheit"": 2, ""Tierschutzpartei"": 25, ""Volt"": 8, ""ÖDP"": 1}"
mv:WAHLKREIS:25,2026-09-20T18:10:06.647352+00:00,2026-09-20T18:07:36.058470+00:00,604,1,False,"{""AfD"": 358, ""BSW"": 37, ""CDU"": 23, ""Die Linke"": 13, ""FREIE WÄHLER"": 4, ""GRÜNE"": 22, ""Handwerker Partei Deutschland"": 3, ""PIRATEN"": 1, ""PdF"": 2, ""SPD"": 133, ""Team Freiheit"": 1, ""Tierschutzpartei"": 5, ""Volt"": 1, ""WLD"": 1}"
mv:WAHLKREIS:27,2026-09-20T18:10:06.647352+00:00,2026-09-20T18:07:36.058470+00:00,1638,3,False,"{""AfD"": 582, ""BSW"": 70, ""Bündnis C"": 2, ""CDU"": 99, ""Die Linke"": 72, ""Die PARTEI"": 2, ""FDP"": 27, ""FREIE WÄHLER"": 9, ""GRÜNE"": 114, ""Handwerker Partei Deutschland"": 12, ""KPD"": 1, ""PIRATEN"": 2, ""SPD"": 601, ""Team Freiheit"": 2, ""Tierschutzpartei"": 37, ""Volt"": 1, ""WLD"": 2, ""ÖDP"": 3}"
mv:WAHLKREIS:28,2026-09-20T18:10:06.647352+00:00,2026-09-20T18:07:36.058470+00:00,1226,2,False,"{""AfD"": 582, ""BSW"": 54, ""CDU"": 58, ""Die Linke"": 50, ""Die PARTEI"": 4, ""FDP"": 11, ""FREIE WÄHLER"": 10, ""GRÜNE"": 43, ""Handwerker Partei Deutschland"": 4, ""KPD"": 2, ""PIRATEN"": 4, ""SPD"": 391, ""Team Freiheit"": 1, ""Tierschutzpartei"": 10, ""Volt"": 1, ""WLD"": 1}"
mv:WAHLKREIS:29,2026-09-20T18:10:06.647352+00:00,2026-09-20T18:07:36.058470+00:00,1112,1,False,"{""AfD"": 235, ""BSW"": 38, ""Bündnis C"": 3, ""CDU"": 94, ""Die Linke"": 81, ""Die PARTEI"": 5, ""FDP"": 26, ""FREIE WÄHLER"": 4, ""GRÜNE"": 118, ""Handwerker Partei Deutschland"": 17, ""PIRATEN"": 2, ""SPD"": 472, ""Team Freiheit"": 1, ""Tierschutzpartei"": 10, ""Volt"": 3, ""ÖDP"": 3}"
mv:WAHLKREIS:3,2026-09-20T18:10:06.647352+00:00,2026-09-20T18:07:36.058470+00:00,718,1,False,"{""AfD"": 288, ""BSW"": 49, ""CDU"": 29, ""Die Linke"": 55, ""FDP"": 9, ""FREIE WÄHLER"": 1, ""GRÜNE"": 21, ""Handwerker Partei Deutschland"": 4, ""KPD"": 1, ""SPD"": 253, ""Team Freiheit"": 1, ""Tierschutzpartei"": 7}"
mv:WAHLKREIS:31,2026-09-20T18:10:06.647352+00:00,2026-09-20T18:07:36.058470+00:00,2069,2,False,"{""AfD"": 775, ""BSW"": 114, ""Bündnis C"": 1, ""CDU"": 111, ""Die Linke"": 122, ""Die PARTEI"": 3, ""FDP"": 22, ""FREIE WÄHLER"": 8, ""GRÜNE"": 82, ""Handwerker Partei Deutschland"": 11, ""KPD"": 2, ""PIRATEN"": 1, ""PdF"": 3, ""SPD"": 750, ""Team Freiheit"": 5, ""Tierschutzpartei"": 26, ""Volt"": 2, ""WLD"": 30, ""ÖDP"": 1}"
mv:WAHLKREIS:32,2026-09-20T18:10:06.647352+00:00,2026-09-20T18:07:36.058470+00:00,564,1,False,"{""AfD"": 244, ""BSW"": 31, ""CDU"": 27, ""Die Linke"": 29, ""Die PARTEI"": 2, ""FDP"": 5, ""GRÜNE"": 15, ""Handwerker Partei Deutschland"": 2, ""SPD"": 203, ""Team Freiheit"": 1, ""Tierschutzpartei"": 4, ""WLD"": 1}"
mv:WAHLKREIS:33,2026-09-20T18:10:06.647352+00:00,2026-09-20T18:07:36.058470+00:00,487,1,False,"{""AfD"": 243, ""BSW"": 20, ""Bündnis C"": 3, ""CDU"": 19, ""Die Linke"": 21, ""FDP"": 2, ""FREIE WÄHLER"": 2, ""GRÜNE"": 30, ""Handwerker Partei Deutschland"": 1, ""PIRATEN"": 3, ""SPD"": 133, ""Team Freiheit"": 1, ""Tierschutzpartei"": 8, ""ÖDP"": 1}"
mv:WAHLKREIS:36,2026-09-20T18:10:06.647352+00:00,2026-09-20T18:07:36.058470+00:00,1540,2,False,"{""AfD"": 507, ""BSW"": 86, ""Bündnis C"": 2, ""CDU"": 115, ""Die Linke"": 94, ""Die PARTEI"": 3, ""FDP"": 16, ""FREIE WÄHLER"": 3, ""GRÜNE"": 43, ""Handwerker Partei Deutschland"": 13, ""KPD"": 1, ""PdF"": 2, ""SPD"": 642, ""Tierschutzpartei"": 10, ""WLD"": 1, ""ÖDP"": 2}"
mv:WAHLKREIS:4,2026-09-20T18:10:06.647352+00:00,2026-09-20T18:07:36.058470+00:00,2049,3,False,"{""AfD"": 748, ""BSW"": 113, ""Bündnis C"": 1, ""CDU"": 105, ""Die Linke"": 150, ""Die PARTEI"": 8, ""FDP"": 18, ""FREIE WÄHLER"": 5, ""GRÜNE"": 138, ""Handwerker Partei Deutschland"": 7, ""KPD"": 3, ""PIRATEN"": 1, ""SPD"": 732, ""Team Freiheit"": 2, ""Tierschutzpartei"": 13, ""Volt"": 4, ""WLD"": 1}"
mv:WAHLKREIS:5,2026-09-20T18:10:06.647352+00:00,2026-09-20T18:07:36.058470+00:00,682,1,False,"{""AfD"": 226, ""BSW"": 30, ""Bündnis C"": 1, ""CDU"": 23, ""Die Linke"": 63, ""Die PARTEI"": 3, ""FDP"": 5, ""FREIE WÄHLER"": 2, ""GRÜNE"": 34, ""Handwerker Partei Deutschland"": 4, ""KPD"": 1, ""PIRATEN"": 1, ""SPD"": 275, ""Team Freiheit"": 3, ""Tierschutzpartei"": 7, ""Volt"": 1, ""WLD"": 2, ""ÖDP"": 1}"
mv:WAHLKREIS:6,2026-09-20T18:10:06.647352+00:00,2026-09-20T18:07:36.058470+00:00,1484,2,False,"{""AfD"": 189, ""BSW"": 57, ""CDU"": 70, ""Die Linke"": 284, ""Die PARTEI"": 5, ""FDP"": 20, ""FREIE WÄHLER"": 2, ""GRÜNE"": 339, ""Handwerker Partei Deutschland"": 5, ""KPD"": 3, ""PIRATEN"": 3, ""PdF"": 1, ""SPD"": 489, ""Team Freiheit"": 2, ""Tierschutzpartei"": 7, ""Volt"": 6, ""WLD"": 1, ""ÖDP"": 1}"
mv:WAHLKREIS:7,2026-09-20T18:10:06.647352+00:00,2026-09-20T18:07:36.058470+00:00,4465,6,False,"{""AfD"": 983, ""BSW"": 196, ""Bündnis C"": 7, ""CDU"": 314, ""Die Linke"": 434, ""Die PARTEI"": 13, ""FDP"": 76, ""FREIE WÄHLER"": 8, ""GRÜNE"": 650, ""Handwerker Partei Deutschland"": 18, ""KPD"": 6, ""PIRATEN"": 2, ""PdF"": 5, ""SPD"": 1682, ""Team Freiheit"": 10, ""Tierschutzpartei"": 37, ""Volt"": 15, ""WLD"": 4, ""ÖDP"": 5}"
mv:WAHLKREIS:8,2026-09-20T18:10:06.647352+00:00,2026-09-20T18:07:36.058470+00:00,3360,4,False,"{""AfD"": 565, ""BSW"": 167, ""Bündnis C"": 5, ""CDU"": 333, ""Die Linke"": 328, ""Die PARTEI"": 10, ""FDP"": 52, ""FREIE WÄHLER"": 16, ""GRÜNE"": 338, ""Handwerker Partei Deutschland"": 13, ""KPD"": 2, ""PIRATEN"": 8, ""PdF"": 2, ""SPD"": 1450, ""Team Freiheit"": 15, ""Tierschutzpartei"": 37, ""Volt"": 6, ""WLD"": 9, ""ÖDP"": 4}"
mv:GEMEINDE:13003000,2026-09-20T18:15:09.524052+00:00,2026-09-20T18:12:36.197084+00:00,8711,12,False,"{""AfD"": 2058, ""BSW"": 389, ""Bündnis C"": 3, ""CDU"": 416, ""Die Linke"": 1129, ""Die PARTEI"": 26, ""FDP"": 80, ""FREIE WÄHLER"": 21, ""GRÜNE"": 1016, ""Handwerker Partei Deutschland"": 33, ""KPD"": 9, ""PIRATEN"": 28, ""PdF"": 11, ""SPD"": 3298, ""Team Freiheit"": 23, ""Tierschutzpartei"": 109, ""Volt"": 37, ""WLD"": 11, ""ÖDP"": 14}"
mv:GEMEINDE:13004000,2026-09-20T18:15:09.524052+00:00,2026-09-20T18:12:36.197084+00:00,3164,4,False,"{""AfD"": 612, ""BSW"": 156, ""Bündnis C"": 3, ""CDU"": 255, ""Die Linke"": 319, ""Die PARTEI"": 14, ""FDP"": 37, ""FREIE WÄHLER"": 19, ""GRÜNE"": 398, ""Handwerker Partei Deutschland"": 10, ""KPD"": 2, ""PIRATEN"": 2, ""PdF"": 2, ""SPD"": 1283, ""Team Freiheit"": 7, ""Tierschutzpartei"": 24, ""Volt"": 17, ""WLD"": 2, ""ÖDP"": 2}"
mv:GEMEINDE:13071033,2026-09-20T18:15:09.524052+00:00,2026-09-20T18:12:36.197084+00:00,454,1,False,"{""AfD"": 213, ""BSW"": 32, ""CDU"": 13, ""Die Linke"": 17, ""FDP"": 1, ""FREIE WÄHLER"": 5, ""GRÜNE"": 6, ""Handwerker Partei Deutschland"": 4, ""SPD"": 156, ""Team Freiheit"": 2, ""Tierschutzpartei"": 4, ""WLD"": 1}"
mv:GEMEINDE:13071093,2026-09-20T18:15:09.524052+00:00,2026-09-20T18:12:36.197084+00:00,835,1,False,"{""AfD"": 217, ""BSW"": 47, ""CDU"": 48, ""Die Linke"": 64, ""FDP"": 10, ""FREIE WÄHLER"": 4, ""GRÜNE"": 49, ""Handwerker Partei Deutschland"": 7, ""SPD"": 380, ""Tierschutzpartei"": 5, ""Volt"": 3, ""WLD"": 1}"
mv:GEMEINDE:13071107,2026-09-20T18:15:09.524052+00:00,2026-09-20T18:12:36.197084+00:00,1944,3,False,"{""AfD"": 572, ""BSW"": 167, ""Bündnis C"": 2, ""CDU"": 99, ""Die Linke"": 189, ""Die PARTEI"": 4, ""FDP"": 20, ""FREIE WÄHLER"": 9, ""GRÜNE"": 113, ""Handwerker Partei Deutschland"": 13, ""KPD"": 2, ""PIRATEN"": 5, ""PdF"": 4, ""SPD"": 712, ""Team Freiheit"": 9, ""Tierschutzpartei"": 14, ""Volt"": 5, ""WLD"": 4, ""ÖDP"": 1}"
mv:GEMEINDE:13071110,2026-09-20T18:15:09.524052+00:00,2026-09-20T18:12:36.197084+00:00,1396,2,False,"{""AfD"": 312, ""BSW"": 81, ""Bündnis C"": 2, ""CDU"": 82, ""Die Linke"": 117, ""Die PARTEI"": 7, ""FDP"": 7, ""FREIE WÄHLER"": 1, ""GRÜNE"": 76, ""Handwerker Partei Deutschland"": 10, ""KPD"": 2, ""PIRATEN"": 4, ""PdF"": 2, ""SPD"": 676, ""Team Freiheit"": 5, ""Tierschutzpartei"": 9, ""Volt"": 1, ""WLD"": 2}"
mv:GEMEINDE:13071142,2026-09-20T18:15:09.524052+00:00,2026-09-20T18:12:36.197084+00:00,440,1,False,"{""AfD"": 249, ""BSW"": 20, ""CDU"": 14, ""Die Linke"": 14, ""FDP"": 2, ""FREIE WÄHLER"": 5, ""GRÜNE"": 7, ""PIRATEN"": 1, ""PdF"": 2, ""SPD"": 120, ""Team Freiheit"": 1, ""Tierschutzpartei"": 3, ""Volt"": 1, ""WLD"": 1}"
mv:GEMEINDE:13071759,2026-09-20T18:15:09.524052+00:00,2026-09-20T18:12:36.197084+00:00,1135,1,False,"{""AfD"": 321, ""BSW"": 65, ""CDU"": 76, ""Die Linke"": 70, ""FDP"": 10, ""FREIE WÄHLER"": 3, ""GRÜNE"": 64, ""Handwerker Partei Deutschland"": 7, ""PIRATEN"": 2, ""PdF"": 1, ""SPD"": 499, ""Team Freiheit"": 2, ""Tierschutzpartei"": 7, ""Volt"": 4, ""WLD"": 3, ""ÖDP"": 1}"
mv:GEMEINDE:13072006,2026-09-20T18:15:09.524052+00:00,2026-09-20T18:12:36.197084+00:00,991,1,False,"{""AfD"": 349, ""BSW"": 64, ""Bündnis C"": 4, ""CDU"": 41, ""Die Linke"": 73, ""FDP"": 11, ""FREIE WÄHLER"": 2, ""GRÜNE"": 78, ""Handwerker Partei Deutschland"": 7, ""PIRATEN"": 4, ""PdF"": 1, ""SPD"": 345, ""Team Freiheit"": 3, ""Tierschutzpartei"": 7, ""Volt"": 1, ""WLD"": 1}"
mv:GEMEINDE:13072020,2026-09-20T18:15:09.524052+00:00,2026-09-20T18:12:36.197084+00:00,724,1,False,"{""AfD"": 317, ""BSW"": 41, ""CDU"": 22, ""Die Linke"": 29, ""FDP"": 5, ""FREIE WÄHLER"": 3, ""GRÜNE"": 19, ""Handwerker Partei Deutschland"": 1, ""KPD"": 1, ""SPD"": 274, ""Team Freiheit"": 4, ""Tierschutzpartei"": 6, ""ÖDP"": 2}"
mv:GEMEINDE:13072060,2026-09-20T18:15:09.524052+00:00,2026-09-20T18:12:36.197084+00:00,934,1,False,"{""AfD"": 217, ""BSW"": 39, ""Bündnis C"": 3, ""CDU"": 97, ""Die Linke"": 43, ""Die PARTEI"": 4, ""FDP"": 7, ""FREIE WÄHLER"": 2, ""GRÜNE"": 55, ""Handwerker Partei Deutschland"": 3, ""PIRATEN"": 3, ""SPD"": 437, ""Team Freiheit"": 4, ""Tierschutzpartei"": 14, ""WLD"": 1, ""ÖDP"": 5}"
mv:GEMEINDE:13072064,2026-09-20T18:15:09.524052+00:00,2026-09-20T18:12:36.197084+00:00,719,1,False,"{""AfD"": 255, ""BSW"": 44, ""Bündnis C"": 2, ""CDU"": 35, ""Die Linke"": 39, ""FDP"": 5, ""FREIE WÄHLER"": 3, ""GRÜNE"": 49, ""Handwerker Partei Deutschland"": 3, ""PIRATEN"": 3, ""SPD"": 275, ""Team Freiheit"": 1, ""Tierschutzpartei"": 4, ""Volt"": 1}"
mv:GEMEINDE:13072105,2026-09-20T18:15:09.524052+00:00,2026-09-20T18:12:36.197084+00:00,582,1,False,"{""AfD"": 254, ""BSW"": 12, ""CDU"": 30, ""Die Linke"": 32, ""Die PARTEI"": 1, ""FDP"": 3, ""FREIE WÄHLER"": 3, ""GRÜNE"": 35, ""Handwerker Partei Deutschland"": 1, ""PIRATEN"": 3, ""PdF"": 2, ""SPD"": 191, ""Team Freiheit"": 2, ""Tierschutzpartei"": 12, ""Volt"": 1}"
mv:GEMEINDE:13073009,2026-09-20T18:15:09.524052+00:00,2026-09-20T18:12:36.197084+00:00,414,1,False,"{""AfD"": 221, ""BSW"": 18, ""CDU"": 9, ""Die Linke"": 15, ""FREIE WÄHLER"": 4, ""GRÜNE"": 4, ""Handwerker Partei Deutschland"": 2, ""SPD"": 135, ""Team Freiheit"": 1, ""Tierschutzpartei"": 5}"
mv:GEMEINDE:13073011,2026-09-20T18:15:09.524052+00:00,2026-09-20T18:12:36.197084+00:00,679,1,False,"{""AfD"": 189, ""BSW"": 36, ""CDU"": 53, ""Die Linke"": 43, ""Die PARTEI"": 2, ""FDP"": 10, ""FREIE WÄHLER"": 6, ""GRÜNE"": 31, ""Handwerker Partei Deutschland"": 10, ""KPD"": 1, ""PIRATEN"": 1, ""PdF"": 2, ""SPD"": 277, ""Team Freiheit"": 1, ""Tierschutzpartei"": 12, ""Volt"": 2, ""WLD"": 1, ""ÖDP"": 2}"
mv:GEMEINDE:13073044,2026-09-20T18:15:09.524052+00:00,2026-09-20T18:12:36.197084+00:00,406,1,False,"{""AfD"": 174, ""BSW"": 21, ""CDU"": 21, ""Die Linke"": 12, ""Die PARTEI"": 1, ""FDP"": 4, ""FREIE WÄHLER"": 2, ""GRÜNE"": 16, ""Handwerker Partei Deutschland"": 2, ""KPD"": 1, ""SPD"": 145, ""Team Freiheit"": 3, ""Tierschutzpartei"": 4}"
mv:GEMEINDE:13073088,2026-09-20T18:15:09.524052+00:00,2026-09-20T18:12:36.197084+00:00,1552,2,False,"{""AfD"": 579, ""BSW"": 65, ""Bündnis C"": 1, ""CDU"": 54, ""Die Linke"": 122, ""Die PARTEI"": 7, ""FDP"": 21, ""FREIE WÄHLER"": 2, ""GRÜNE"": 154, ""Handwerker Partei Deutschland"": 7, ""PIRATEN"": 11, ""PdF"": 1, ""SPD"": 481, ""Team Freiheit"": 9, ""Tierschutzpartei"": 32, ""Volt"": 5, ""WLD"": 1}"
mv:GEMEINDE:13073095,2026-09-20T18:15:09.524052+00:00,2026-09-20T18:12:36.197084+00:00,319,1,False,"{""AfD"": 162, ""BSW"": 16, ""CDU"": 19, ""Die Linke"": 10, ""Die PARTEI"": 2, ""FDP"": 2, ""FREIE WÄHLER"": 2, ""GRÜNE"": 15, ""Handwerker Partei Deutschland"": 1, ""PIRATEN"": 2, ""SPD"": 86, ""Tierschutzpartei"": 2}"
mv:GEMEINDE:13073105,2026-09-20T18:15:09.524052+00:00,2026-09-20T18:12:36.197084+00:00,674,1,False,"{""AfD"": 300, ""BSW"": 23, ""CDU"": 39, ""Die Linke"": 25, ""Die PARTEI"": 1, ""FDP"": 16, ""FREIE WÄHLER"": 1, ""GRÜNE"": 27, ""Handwerker Partei Deutschland"": 3, ""PIRATEN"": 1, ""SPD"": 219, ""Team Freiheit"": 4, ""Tierschutzpartei"": 12, ""WLD"": 2, ""ÖDP"": 1}"
mv:GEMEINDE:13073752,2026-09-20T18:15:09.524052+00:00,2026-09-20T18:12:36.197084+00:00,959,1,False,"{""AfD"": 279, ""BSW"": 39, ""CDU"": 55, ""Die Linke"": 60, ""Die PARTEI"": 6, ""FDP"": 9, ""FREIE WÄHLER"": 12, ""GRÜNE"": 57, ""Handwerker Partei Deutschland"": 8, ""PdF"": 1, ""SPD"": 416, ""Team Freiheit"": 2, ""Tierschutzpartei"": 12, ""Volt"": 2, ""WLD"": 1}"
mv:GEMEINDE:13074008,2026-09-20T18:15:09.524052+00:00,2026-09-20T18:12:36.197084+00:00,587,1,False,"{""AfD"": 229, ""BSW"": 22, ""CDU"": 21, ""Die Linke"": 23, ""Die PARTEI"": 3, ""FDP"": 2, ""FREIE WÄHLER"": 3, ""GRÜNE"": 54, ""Handwerker Partei Deutschland"": 4, ""PIRATEN"": 2, ""SPD"": 216, ""Team Freiheit"": 1, ""Tierschutzpartei"": 6, ""WLD"": 1}"
mv:GEMEINDE:13074026,2026-09-20T18:15:09.524052+00:00,2026-09-20T18:12:36.197084+00:00,699,1,False,"{""AfD"": 348, ""BSW"": 28, ""CDU"": 24, ""Die Linke"": 40, ""Die PARTEI"": 1, ""FDP"": 9, ""FREIE WÄHLER"": 1, ""GRÜNE"": 7, ""Handwerker Partei Deutschland"": 3, ""KPD"": 1, ""PIRATEN"": 1, ""SPD"": 220, ""Team Freiheit"": 1, ""Tierschutzpartei"": 11, ""Volt"": 3, ""ÖDP"": 1}"
mv:GEMEINDE:13074038,2026-09-20T18:15:09.524052+00:00,2026-09-20T18:12:36.197084+00:00,550,1,False,"{""AfD"": 248, ""BSW"": 26, ""CDU"": 20, ""Die Linke"": 15, ""Die PARTEI"": 1, ""FDP"": 6, ""GRÜNE"": 47, ""SPD"": 185, ""Tierschutzpartei"": 2}"
mv:GEMEINDE:13074049,2026-09-20T18:15:09.524052+00:00,2026-09-20T18:12:36.197084+00:00,0,0,True,"{""Die PARTEI"": -5, ""PIRATEN"": 5}"
mv:GEMEINDE:13074065,2026-09-20T18:15:09.524052+00:00,2026-09-20T18:12:36.197084+00:00,662,1,False,"{""AfD"": 286, ""BSW"": 35, ""CDU"": 19, ""Die Linke"": 19, ""Die PARTEI"": 2, ""FDP"": 9, ""FREIE WÄHLER"": 3, ""GRÜNE"": 40, ""Handwerker Partei Deutschland"": 2, ""KPD"": 1, ""PIRATEN"": 2, ""SPD"": 228, ""Team Freiheit"": 1, ""Tierschutzpartei"": 9, ""Volt"": 4, ""WLD"": 1, ""ÖDP"": 1}"
mv:GEMEINDE:13074072,2026-09-20T18:15:09.524052+00:00,2026-09-20T18:12:36.197084+00:00,191,1,False,"{""AfD"": 85, ""BSW"": 13, ""CDU"": 5, ""Die Linke"": 8, ""FDP"": 3, ""GRÜNE"": 5, ""Handwerker Partei Deutschland"": 2, ""PIRATEN"": 1, ""SPD"": 68, ""Tierschutzpartei"": 1}"
mv:GEMEINDE:13074087,2026-09-20T18:15:09.524052+00:00,2026-09-20T18:12:36.197084+00:00,1710,2,False,"{""AfD"": 347, ""BSW"": 60, ""Bündnis C"": 1, ""CDU"": 103, ""Die Linke"": 167, ""Die PARTEI"": 5, ""FDP"": 18, ""FREIE WÄHLER"": 5, ""GRÜNE"": 184, ""Handwerker Partei Deutschland"": 10, ""KPD"": 4, ""PIRATEN"": 2, ""PdF"": 1, ""SPD"": 780, ""Team Freiheit"": 2, ""Tierschutzpartei"": 17, ""Volt"": 4}"
mv:GEMEINDE:13074752,2026-09-20T18:15:09.524052+00:00,2026-09-20T18:12:36.197084+00:00,847,1,False,"{""AfD"": 209, ""BSW"": 46, ""Bündnis C"": 1, ""CDU"": 55, ""Die Linke"": 63, ""Die PARTEI"": 3, ""FDP"": 7, ""FREIE WÄHLER"": 1, ""GRÜNE"": 40, ""Handwerker Partei Deutschland"": 11, ""KPD"": 1, ""PIRATEN"": 5, ""PdF"": 3, ""SPD"": 385, ""Team Freiheit"": 3, ""Tierschutzpartei"": 11, ""WLD"": 2, ""ÖDP"": 1}"
mv:GEMEINDE:13074754,2026-09-20T18:15:09.524052+00:00,2026-09-20T18:12:36.197084+00:00,863,1,False,"{""AfD"": 182, ""BSW"": 45, ""Bündnis C"": 1, ""CDU"": 90, ""Die Linke"": 54, ""Die PARTEI"": 4, ""FDP"": 12, ""FREIE WÄHLER"": 7, ""GRÜNE"": 74, ""Handwerker Partei Deutschland"": 9, ""PIRATEN"": 2, ""SPD"": 364, ""Team Freiheit"": 5, ""Tierschutzpartei"": 9, ""Volt"": 4, ""ÖDP"": 1}"
mv:GEMEINDE:13075039,2026-09-20T18:15:09.524052+00:00,2026-09-20T18:12:36.197084+00:00,2500,4,False,"{""AfD"": 604, ""BSW"": 81, ""Bündnis C"": 2, ""CDU"": 158, ""Die Linke"": 290, ""Die PARTEI"": 9, ""FDP"": 42, ""FREIE WÄHLER"": 6, ""GRÜNE"": 282, ""Handwerker Partei Deutschland"": 17, ""KPD"": 3, ""PIRATEN"": 3, ""PdF"": 10, ""SPD"": 942, ""Team Freiheit"": 2, ""Tierschutzpartei"": 40, ""Volt"": 4, ""WLD"": 3, ""ÖDP"": 2}"
mv:GEMEINDE:13075049,2026-09-20T18:15:09.524052+00:00,2026-09-20T18:12:36.197084+00:00,832,1,False,"{""AfD"": 268, ""BSW"": 34, ""CDU"": 74, ""Die Linke"": 24, ""Die PARTEI"": 3, ""FDP"": 16, ""FREIE WÄHLER"": 8, ""GRÜNE"": 39, ""Handwerker Partei Deutschland"": 3, ""PIRATEN"": 1, ""SPD"": 343, ""Tierschutzpartei"": 16, ""Volt"": 2, ""ÖDP"": 1}"
mv:GEMEINDE:13075751,2026-09-20T18:15:09.524052+00:00,2026-09-20T18:12:36.197084+00:00,522,1,False,"{""AfD"": 163, ""BSW"": 36, ""Bündnis C"": 1, ""CDU"": 48, ""Die Linke"": 30, ""Die PARTEI"": 1, ""FDP"": 5, ""FREIE WÄHLER"": 3, ""GRÜNE"": 44, ""Handwerker Partei Deutschland"": 5, ""SPD"": 183, ""Tierschutzpartei"": 3}"
mv:GEMEINDE:13076001,2026-09-20T18:15:09.524052+00:00,2026-09-20T18:12:36.197084+00:00,188,1,False,"{""AfD"": 93, ""BSW"": 18, ""CDU"": 7, ""Die Linke"": 4, ""FDP"": 2, ""FREIE WÄHLER"": 2, ""GRÜNE"": 3, ""Handwerker Partei Deutschland"": 1, ""SPD"": 56, ""Team Freiheit"": 1, ""Tierschutzpartei"": 1}"
mv:GEMEINDE:13076032,2026-09-20T18:15:09.524052+00:00,2026-09-20T18:12:36.197084+00:00,487,1,False,"{""AfD"": 194, ""BSW"": 20, ""CDU"": 19, ""Die Linke"": 42, ""FDP"": 9, ""FREIE WÄHLER"": 1, ""GRÜNE"": 9, ""Handwerker Partei Deutschland"": 2, ""KPD"": 1, ""PIRATEN"": 1, ""SPD"": 187, ""Tierschutzpartei"": 1, ""WLD"": 1}"
mv:GEMEINDE:13076050,2026-09-20T18:15:09.524052+00:00,2026-09-20T18:12:36.197084+00:00,917,1,False,"{""AfD"": 448, ""BSW"": 55, ""CDU"": 23, ""Die Linke"": 34, ""Die PARTEI"": 3, ""FDP"": 6, ""FREIE WÄHLER"": 19, ""GRÜNE"": 26, ""Handwerker Partei Deutschland"": 1, ""PIRATEN"": 2, ""SPD"": 285, ""Team Freiheit"": 2, ""Tierschutzpartei"": 13}"
mv:GEMEINDE:13076105,2026-09-20T18:15:09.524052+00:00,2026-09-20T18:12:36.197084+00:00,1008,1,False,"{""AfD"": 494, ""BSW"": 53, ""Bündnis C"": 1, ""CDU"": 30, ""Die Linke"": 43, ""Die PARTEI"": 1, ""FDP"": 4, ""FREIE WÄHLER"": 3, ""GRÜNE"": 19, ""Handwerker Partei Deutschland"": 8, ""PIRATEN"": 2, ""PdF"": 1, ""SPD"": 338, ""Tierschutzpartei"": 9, ""Volt"": 2}"
mv:GEMEINDE:13076108,2026-09-20T18:15:09.524052+00:00,2026-09-20T18:12:36.197084+00:00,2954,4,False,"{""AfD"": 1348, ""BSW"": 171, ""Bündnis C"": 4, ""CDU"": 131, ""Die Linke"": 108, ""Die PARTEI"": 8, ""FDP"": 28, ""FREIE WÄHLER"": 12, ""GRÜNE"": 64, ""Handwerker Partei Deutschland"": 14, ""KPD"": 5, ""PIRATEN"": 1, ""PdF"": 2, ""SPD"": 1014, ""Team Freiheit"": 10, ""Tierschutzpartei"": 27, ""WLD"": 4, ""ÖDP"": 3}"
mv:GEMEINDE:13076113,2026-09-20T18:15:09.524052+00:00,2026-09-20T18:12:36.197084+00:00,516,1,False,"{""AfD"": 199, ""BSW"": 27, ""CDU"": 24, ""Die Linke"": 29, ""FDP"": 6, ""FREIE WÄHLER"": 2, ""GRÜNE"": 27, ""Handwerker Partei Deutschland"": 1, ""PIRATEN"": 2, ""SPD"": 190, ""Team Freiheit"": 1, ""Tierschutzpartei"": 6, ""Volt"": 1, ""WLD"": 1}"
mv:GEMEINDE:13076128,2026-09-20T18:15:09.524052+00:00,2026-09-20T18:12:36.197084+00:00,660,1,False,"{""AfD"": 334, ""BSW"": 24, ""CDU"": 16, ""Die Linke"": 40, ""FDP"": 9, ""GRÜNE"": 14, ""Handwerker Partei Deutschland"": 2, ""PIRATEN"": 1, ""SPD"": 211, ""Team Freiheit"": 3, ""Tierschutzpartei"": 4, ""WLD"": 2}"
mv:GEMEINDE:13076142,2026-09-20T18:15:09.524052+00:00,2026-09-20T18:12:36.197084+00:00,476,1,False,"{""AfD"": 199, ""BSW"": 23, ""CDU"": 7, ""Die Linke"": 25, ""Die PARTEI"": 3, ""FDP"": 6, ""GRÜNE"": 12, ""Handwerker Partei Deutschland"": 2, ""KPD"": 1, ""SPD"": 185, ""Team Freiheit"": 1, ""Tierschutzpartei"": 10, ""WLD"": 2}"
mv:GEMEINDE:13076152,2026-09-20T18:15:09.524052+00:00,2026-09-20T18:12:36.197084+00:00,376,1,False,"{""AfD"": 78, ""BSW"": 19, ""CDU"": 32, ""Die Linke"": 21, ""FDP"": 6, ""FREIE WÄHLER"": 3, ""GRÜNE"": 12, ""Handwerker Partei Deutschland"": 7, ""KPD"": 1, ""PIRATEN"": 3, ""SPD"": 188, ""Tierschutzpartei"": 4, ""WLD"": 1, ""ÖDP"": 1}"
mv:GEMEINDE:13076153,2026-09-20T18:15:09.524052+00:00,2026-09-20T18:12:36.197084+00:00,490,1,False,"{""AfD"": 110, ""BSW"": 17, ""CDU"": 44, ""Die Linke"": 44, ""Die PARTEI"": 3, ""FDP"": 6, ""FREIE WÄHLER"": 3, ""GRÜNE"": 31, ""Handwerker Partei Deutschland"": 3, ""PIRATEN"": 2, ""PdF"": 1, ""SPD"": 213, ""Team Freiheit"": 1, ""Tierschutzpartei"": 9, ""WLD"": 1, ""ÖDP"": 2}"
mv:WAHLKREIS:1,2026-09-20T18:15:09.524052+00:00,2026-09-20T18:12:36.197084+00:00,2500,4,False,"{""AfD"": 604, ""BSW"": 81, ""Bündnis C"": 2, ""CDU"": 158, ""Die Linke"": 290, ""Die PARTEI"": 9, ""FDP"": 42, ""FREIE WÄHLER"": 6, ""GRÜNE"": 282, ""Handwerker Partei Deutschland"": 17, ""KPD"": 3, ""PIRATEN"": 3, ""PdF"": 10, ""SPD"": 942, ""Team Freiheit"": 2, ""Tierschutzpartei"": 40, ""Volt"": 4, ""WLD"": 3, ""ÖDP"": 2}"
mv:WAHLKREIS:10,2026-09-20T18:15:09.524052+00:00,2026-09-20T18:12:36.197084+00:00,1710,2,False,"{""AfD"": 347, ""BSW"": 60, ""Bündnis C"": 1, ""CDU"": 103, ""Die Linke"": 167, ""Die PARTEI"": 5, ""FDP"": 18, ""FREIE WÄHLER"": 5, ""GRÜNE"": 184, ""Handwerker Partei Deutschland"": 10, ""KPD"": 4, ""PIRATEN"": 2, ""PdF"": 1, ""SPD"": 780, ""Team Freiheit"": 2, ""Tierschutzpartei"": 17, ""Volt"": 4}"
mv:WAHLKREIS:11,2026-09-20T18:15:09.524052+00:00,2026-09-20T18:12:36.197084+00:00,1925,2,False,"{""AfD"": 566, ""BSW"": 103, ""Bündnis C"": 7, ""CDU"": 138, ""Die Linke"": 116, ""Die PARTEI"": 4, ""FDP"": 18, ""FREIE WÄHLER"": 4, ""GRÜNE"": 133, ""Handwerker Partei Deutschland"": 10, ""PIRATEN"": 7, ""PdF"": 1, ""SPD"": 782, ""Team Freiheit"": 7, ""Tierschutzpartei"": 21, ""Volt"": 1, ""WLD"": 2, ""ÖDP"": 5}"
mv:WAHLKREIS:12,2026-09-20T18:15:09.524052+00:00,2026-09-20T18:12:36.197084+00:00,1301,2,False,"{""AfD"": 509, ""BSW"": 56, ""Bündnis C"": 2, ""CDU"": 65, ""Die Linke"": 71, ""Die PARTEI"": 1, ""FDP"": 8, ""FREIE WÄHLER"": 6, ""GRÜNE"": 84, ""Handwerker Partei Deutschland"": 4, ""PIRATEN"": 6, ""PdF"": 2, ""SPD"": 466, ""Team Freiheit"": 3, ""Tierschutzpartei"": 16, ""Volt"": 2}"
mv:WAHLKREIS:14,2026-09-20T18:15:09.524052+00:00,2026-09-20T18:12:36.197084+00:00,440,1,False,"{""AfD"": 249, ""BSW"": 20, ""CDU"": 14, ""Die Linke"": 14, ""FDP"": 2, ""FREIE WÄHLER"": 5, ""GRÜNE"": 7, ""PIRATEN"": 1, ""PdF"": 2, ""SPD"": 120, ""Team Freiheit"": 1, ""Tierschutzpartei"": 3, ""Volt"": 1, ""WLD"": 1}"
mv:WAHLKREIS:16,2026-09-20T18:15:09.524052+00:00,2026-09-20T18:12:36.197084+00:00,724,1,False,"{""AfD"": 317, ""BSW"": 41, ""CDU"": 22, ""Die Linke"": 29, ""FDP"": 5, ""FREIE WÄHLER"": 3, ""GRÜNE"": 19, ""Handwerker Partei Deutschland"": 1, ""KPD"": 1, ""SPD"": 274, ""Team Freiheit"": 4, ""Tierschutzpartei"": 6, ""ÖDP"": 2}"
mv:WAHLKREIS:17,2026-09-20T18:15:09.524052+00:00,2026-09-20T18:12:36.197084+00:00,476,1,False,"{""AfD"": 199, ""BSW"": 23, ""CDU"": 7, ""Die Linke"": 25, ""Die PARTEI"": 3, ""FDP"": 6, ""GRÜNE"": 12, ""Handwerker Partei Deutschland"": 2, ""KPD"": 1, ""SPD"": 185, ""Team Freiheit"": 1, ""Tierschutzpartei"": 10, ""WLD"": 2}"
mv:WAHLKREIS:18,2026-09-20T18:15:09.524052+00:00,2026-09-20T18:12:36.197084+00:00,866,2,False,"{""AfD"": 188, ""BSW"": 36, ""CDU"": 76, ""Die Linke"": 65, ""Die PARTEI"": 3, ""FDP"": 12, ""FREIE WÄHLER"": 6, ""GRÜNE"": 43, ""Handwerker Partei Deutschland"": 10, ""KPD"": 1, ""PIRATEN"": 5, ""PdF"": 1, ""SPD"": 401, ""Team Freiheit"": 1, ""Tierschutzpartei"": 13, ""WLD"": 2, ""ÖDP"": 3}"
mv:WAHLKREIS:19,2026-09-20T18:15:09.524052+00:00,2026-09-20T18:12:36.197084+00:00,2113,3,False,"{""AfD"": 1035, ""BSW"": 126, ""Bündnis C"": 1, ""CDU"": 60, ""Die Linke"": 81, ""Die PARTEI"": 4, ""FDP"": 12, ""FREIE WÄHLER"": 24, ""GRÜNE"": 48, ""Handwerker Partei Deutschland"": 10, ""PIRATEN"": 4, ""PdF"": 1, ""SPD"": 679, ""Team Freiheit"": 3, ""Tierschutzpartei"": 23, ""Volt"": 2}"
mv:WAHLKREIS:2,2026-09-20T18:15:09.524052+00:00,2026-09-20T18:12:36.197084+00:00,665,1,False,"{""AfD"": 149, ""BSW"": 63, ""Bündnis C"": 2, ""CDU"": 62, ""Die Linke"": 70, ""FDP"": 8, ""FREIE WÄHLER"": 4, ""GRÜNE"": 20, ""Handwerker Partei Deutschland"": 8, ""PdF"": 2, ""SPD"": 267, ""Team Freiheit"": 4, ""Tierschutzpartei"": 3, ""Volt"": 1, ""WLD"": 2}"
mv:WAHLKREIS:20,2026-09-20T18:15:09.524052+00:00,2026-09-20T18:12:36.197084+00:00,1970,2,False,"{""AfD"": 538, ""BSW"": 112, ""CDU"": 124, ""Die Linke"": 134, ""FDP"": 20, ""FREIE WÄHLER"": 7, ""GRÜNE"": 113, ""Handwerker Partei Deutschland"": 14, ""PIRATEN"": 2, ""PdF"": 1, ""SPD"": 879, ""Team Freiheit"": 2, ""Tierschutzpartei"": 12, ""Volt"": 7, ""WLD"": 4, ""ÖDP"": 1}"
mv:WAHLKREIS:21,2026-09-20T18:15:09.524052+00:00,2026-09-20T18:12:36.197084+00:00,1850,3,False,"{""AfD"": 525, ""BSW"": 113, ""Bündnis C"": 2, ""CDU"": 95, ""Die Linke"": 134, ""Die PARTEI"": 7, ""FDP"": 8, ""FREIE WÄHLER"": 6, ""GRÜNE"": 82, ""Handwerker Partei Deutschland"": 14, ""KPD"": 2, ""PIRATEN"": 4, ""PdF"": 2, ""SPD"": 832, ""Team Freiheit"": 7, ""Tierschutzpartei"": 13, ""Volt"": 1, ""WLD"": 3}"
mv:WAHLKREIS:23,2026-09-20T18:15:09.524052+00:00,2026-09-20T18:12:36.197084+00:00,674,1,False,"{""AfD"": 300, ""BSW"": 23, ""CDU"": 39, ""Die Linke"": 25, ""Die PARTEI"": 1, ""FDP"": 16, ""FREIE WÄHLER"": 1, ""GRÜNE"": 27, ""Handwerker Partei Deutschland"": 3, ""PIRATEN"": 1, ""SPD"": 219, ""Team Freiheit"": 4, ""Tierschutzpartei"": 12, ""WLD"": 2, ""ÖDP"": 1}"
mv:WAHLKREIS:25,2026-09-20T18:15:09.524052+00:00,2026-09-20T18:12:36.197084+00:00,1779,3,False,"{""AfD"": 674, ""BSW"": 78, ""CDU"": 85, ""Die Linke"": 87, ""Die PARTEI"": 7, ""FDP"": 13, ""FREIE WÄHLER"": 18, ""GRÜNE"": 77, ""Handwerker Partei Deutschland"": 12, ""KPD"": 1, ""PdF"": 1, ""SPD"": 696, ""Team Freiheit"": 6, ""Tierschutzpartei"": 21, ""Volt"": 2, ""WLD"": 1}"
mv:WAHLKREIS:26,2026-09-20T18:15:09.524052+00:00,2026-09-20T18:12:36.197084+00:00,1552,2,False,"{""AfD"": 579, ""BSW"": 65, ""Bündnis C"": 1, ""CDU"": 54, ""Die Linke"": 122, ""Die PARTEI"": 7, ""FDP"": 21, ""FREIE WÄHLER"": 2, ""GRÜNE"": 154, ""Handwerker Partei Deutschland"": 7, ""PIRATEN"": 11, ""PdF"": 1, ""SPD"": 481, ""Team Freiheit"": 9, ""Tierschutzpartei"": 32, ""Volt"": 5, ""WLD"": 1}"
mv:WAHLKREIS:27,2026-09-20T18:15:09.524052+00:00,2026-09-20T18:12:36.197084+00:00,2224,3,False,"{""AfD"": 816, ""BSW"": 108, ""Bündnis C"": 1, ""CDU"": 133, ""Die Linke"": 113, ""Die PARTEI"": 2, ""FDP"": 30, ""FREIE WÄHLER"": 11, ""GRÜNE"": 121, ""Handwerker Partei Deutschland"": 14, ""KPD"": 2, ""PIRATEN"": 10, ""SPD"": 812, ""Team Freiheit"": 7, ""Tierschutzpartei"": 29, ""Volt"": 11, ""WLD"": 1, ""ÖDP"": 3}"
mv:WAHLKREIS:28,2026-09-20T18:15:09.524052+00:00,2026-09-20T18:12:36.197084+00:00,2175,4,False,"{""AfD"": 771, ""BSW"": 107, ""Bündnis C"": 1, ""CDU"": 101, ""Die Linke"": 109, ""Die PARTEI"": 7, ""FDP"": 18, ""FREIE WÄHLER"": 4, ""GRÜNE"": 146, ""Handwerker Partei Deutschland"": 17, ""KPD"": 1, ""PIRATEN"": 8, ""PdF"": 3, ""SPD"": 854, ""Team Freiheit"": 4, ""Tierschutzpartei"": 20, ""WLD"": 3, ""ÖDP"": 1}"
mv:WAHLKREIS:3,2026-09-20T18:15:09.524052+00:00,2026-09-20T18:12:36.197084+00:00,1279,2,False,"{""AfD"": 423, ""BSW"": 104, ""CDU"": 37, ""Die Linke"": 119, ""Die PARTEI"": 4, ""FDP"": 12, ""FREIE WÄHLER"": 5, ""GRÜNE"": 93, ""Handwerker Partei Deutschland"": 5, ""KPD"": 2, ""PIRATEN"": 5, ""PdF"": 2, ""SPD"": 445, ""Team Freiheit"": 5, ""Tierschutzpartei"": 11, ""Volt"": 4, ""WLD"": 2, ""ÖDP"": 1}"
mv:WAHLKREIS:30,2026-09-20T18:15:09.524052+00:00,2026-09-20T18:12:36.197084+00:00,1354,2,False,"{""AfD"": 431, ""BSW"": 70, ""Bündnis C"": 1, ""CDU"": 122, ""Die Linke"": 54, ""Die PARTEI"": 4, ""FDP"": 21, ""FREIE WÄHLER"": 11, ""GRÜNE"": 83, ""Handwerker Partei Deutschland"": 8, ""PIRATEN"": 1, ""SPD"": 526, ""Tierschutzpartei"": 19, ""Volt"": 2, ""ÖDP"": 1}"
mv:WAHLKREIS:31,2026-09-20T18:15:09.524052+00:00,2026-09-20T18:12:36.197084+00:00,2954,4,False,"{""AfD"": 1348, ""BSW"": 171, ""Bündnis C"": 4, ""CDU"": 131, ""Die Linke"": 108, ""Die PARTEI"": 8, ""FDP"": 28, ""FREIE WÄHLER"": 12, ""GRÜNE"": 64, ""Handwerker Partei Deutschland"": 14, ""KPD"": 5, ""PIRATEN"": 1, ""PdF"": 2, ""SPD"": 1014, ""Team Freiheit"": 10, ""Tierschutzpartei"": 27, ""WLD"": 4, ""ÖDP"": 3}"
mv:WAHLKREIS:32,2026-09-20T18:15:09.524052+00:00,2026-09-20T18:12:36.197084+00:00,1663,3,False,"{""AfD"": 727, ""BSW"": 71, ""CDU"": 59, ""Die Linke"": 111, ""FDP"": 24, ""FREIE WÄHLER"": 3, ""GRÜNE"": 50, ""Handwerker Partei Deutschland"": 5, ""KPD"": 1, ""PIRATEN"": 4, ""SPD"": 588, ""Team Freiheit"": 4, ""Tierschutzpartei"": 11, ""Volt"": 1, ""WLD"": 4}"
mv:WAHLKREIS:33,2026-09-20T18:15:09.524052+00:00,2026-09-20T18:12:36.197084+00:00,319,1,False,"{""AfD"": 162, ""BSW"": 16, ""CDU"": 19, ""Die Linke"": 10, ""Die PARTEI"": 2, ""FDP"": 2, ""FREIE WÄHLER"": 2, ""GRÜNE"": 15, ""Handwerker Partei Deutschland"": 1, ""PIRATEN"": 2, ""SPD"": 86, ""Tierschutzpartei"": 2}"
mv:WAHLKREIS:34,2026-09-20T18:15:09.524052+00:00,2026-09-20T18:12:36.197084+00:00,679,1,False,"{""AfD"": 189, ""BSW"": 36, ""CDU"": 53, ""Die Linke"": 43, ""Die PARTEI"": 2, ""FDP"": 10, ""FREIE WÄHLER"": 6, ""GRÜNE"": 31, ""Handwerker Partei Deutschland"": 10, ""KPD"": 1, ""PIRATEN"": 1, ""PdF"": 2, ""SPD"": 277, ""Team Freiheit"": 1, ""Tierschutzpartei"": 12, ""Volt"": 2, ""WLD"": 1, ""ÖDP"": 2}"
mv:WAHLKREIS:4,2026-09-20T18:15:09.524052+00:00,2026-09-20T18:12:36.197084+00:00,2572,3,False,"{""AfD"": 680, ""BSW"": 135, ""Bündnis C"": 1, ""CDU"": 165, ""Die Linke"": 251, ""Die PARTEI"": 7, ""FDP"": 23, ""FREIE WÄHLER"": 7, ""GRÜNE"": 167, ""Handwerker Partei Deutschland"": 16, ""KPD"": 3, ""PIRATEN"": 10, ""PdF"": 2, ""SPD"": 1052, ""Team Freiheit"": 5, ""Tierschutzpartei"": 38, ""Volt"": 8, ""WLD"": 1, ""ÖDP"": 1}"
mv:WAHLKREIS:5,2026-09-20T18:15:09.524052+00:00,2026-09-20T18:12:36.197084+00:00,1173,2,False,"{""AfD"": 422, ""BSW"": 52, ""CDU"": 22, ""Die Linke"": 147, ""Die PARTEI"": 5, ""FDP"": 4, ""FREIE WÄHLER"": 2, ""GRÜNE"": 51, ""Handwerker Partei Deutschland"": 4, ""KPD"": 2, ""PIRATEN"": 6, ""SPD"": 422, ""Team Freiheit"": 1, ""Tierschutzpartei"": 17, ""Volt"": 8, ""WLD"": 4, ""ÖDP"": 4}"
mv:WAHLKREIS:6,2026-09-20T18:15:09.524052+00:00,2026-09-20T18:12:36.197084+00:00,4279,6,False,"{""AfD"": 683, ""BSW"": 173, ""Bündnis C"": 2, ""CDU"": 216, ""Die Linke"": 647, ""Die PARTEI"": 10, ""FDP"": 52, ""FREIE WÄHLER"": 9, ""GRÜNE"": 758, ""Handwerker Partei Deutschland"": 13, ""KPD"": 4, ""PIRATEN"": 10, ""PdF"": 7, ""SPD"": 1604, ""Team Freiheit"": 14, ""Tierschutzpartei"": 47, ""Volt"": 19, ""WLD"": 3, ""ÖDP"": 8}"
mv:WAHLKREIS:7,2026-09-20T18:15:09.524052+00:00,2026-09-20T18:12:36.197084+00:00,687,1,False,"{""AfD"": 273, ""BSW"": 29, ""CDU"": 13, ""Die Linke"": 84, ""Die PARTEI"": 4, ""FDP"": 1, ""FREIE WÄHLER"": 3, ""GRÜNE"": 40, ""PIRATEN"": 2, ""PdF"": 2, ""SPD"": 220, ""Team Freiheit"": 3, ""Tierschutzpartei"": 7, ""Volt"": 2, ""WLD"": 3, ""ÖDP"": 1}"
mv:WAHLKREIS:8,2026-09-20T18:15:09.524052+00:00,2026-09-20T18:12:36.197084+00:00,3164,4,False,"{""AfD"": 612, ""BSW"": 156, ""Bündnis C"": 3, ""CDU"": 255, ""Die Linke"": 319, ""Die PARTEI"": 14, ""FDP"": 37, ""FREIE WÄHLER"": 19, ""GRÜNE"": 398, ""Handwerker Partei Deutschland"": 10, ""KPD"": 2, ""PIRATEN"": 2, ""PdF"": 2, ""SPD"": 1283, ""Team Freiheit"": 7, ""Tierschutzpartei"": 24, ""Volt"": 17, ""WLD"": 2, ""ÖDP"": 2}"
mv:GEMEINDE:13003000,2026-09-20T18:20:36.433461+00:00,2026-09-20T18:18:06.358073+00:00,5742,8,False,"{""AfD"": 1741, ""BSW"": 317, ""Bündnis C"": 8, ""CDU"": 271, ""Die Linke"": 537, ""Die PARTEI"": 15, ""FDP"": 49, ""FREIE WÄHLER"": 18, ""GRÜNE"": 585, ""Handwerker Partei Deutschland"": 16, ""KPD"": 8, ""PIRATEN"": 9, ""PdF"": 5, ""SPD"": 2073, ""Team Freiheit"": 10, ""Tierschutzpartei"": 55, ""Volt"": 12, ""WLD"": 6, ""ÖDP"": 7}"
mv:GEMEINDE:13004000,2026-09-20T18:20:36.433461+00:00,2026-09-20T18:18:06.358073+00:00,2058,3,False,"{""AfD"": 701, ""BSW"": 103, ""Bündnis C"": 3, ""CDU"": 74, ""Die Linke"": 177, ""Die PARTEI"": 9, ""FDP"": 14, ""FREIE WÄHLER"": 6, ""GRÜNE"": 187, ""Handwerker Partei Deutschland"": 6, ""KPD"": 3, ""PIRATEN"": 1, ""PdF"": 1, ""SPD"": 739, ""Team Freiheit"": 12, ""Tierschutzpartei"": 18, ""Volt"": 3, ""ÖDP"": 1}"
mv:GEMEINDE:13071019,2026-09-20T18:20:36.433461+00:00,2026-09-20T18:18:06.358073+00:00,190,1,False,"{""AfD"": 107, ""BSW"": 11, ""CDU"": 8, ""Die Linke"": 3, ""FREIE WÄHLER"": 1, ""GRÜNE"": 5, ""Handwerker Partei Deutschland"": 1, ""SPD"": 53, ""Tierschutzpartei"": 1}"
mv:GEMEINDE:13071092,2026-09-20T18:20:36.433461+00:00,2026-09-20T18:18:06.358073+00:00,829,1,False,"{""AfD"": 421, ""BSW"": 69, ""CDU"": 27, ""Die Linke"": 33, ""Die PARTEI"": 2, ""FDP"": 2, ""FREIE WÄHLER"": 10, ""GRÜNE"": 12, ""PdF"": 1, ""SPD"": 244, ""Team Freiheit"": 2, ""Tierschutzpartei"": 6}"
mv:GEMEINDE:13071107,2026-09-20T18:20:36.433461+00:00,2026-09-20T18:18:06.358073+00:00,3005,4,False,"{""AfD"": 1313, ""BSW"": 191, ""Bündnis C"": 1, ""CDU"": 102, ""Die Linke"": 163, ""Die PARTEI"": 2, ""FDP"": 20, ""FREIE WÄHLER"": 1, ""GRÜNE"": 93, ""Handwerker Partei Deutschland"": 8, ""KPD"": 2, ""PIRATEN"": 6, ""PdF"": 4, ""SPD"": 1051, ""Team Freiheit"": 10, ""Tierschutzpartei"": 29, ""Volt"": 4, ""WLD"": 3, ""ÖDP"": 2}"
mv:GEMEINDE:13071108,2026-09-20T18:20:36.433461+00:00,2026-09-20T18:18:06.358073+00:00,199,1,False,"{""AfD"": 107, ""BSW"": 12, ""CDU"": 7, ""Die Linke"": 6, ""FDP"": 1, ""GRÜNE"": 3, ""SPD"": 60, ""Team Freiheit"": 1, ""Volt"": 1, ""ÖDP"": 1}"
mv:GEMEINDE:13071110,2026-09-20T18:20:36.433461+00:00,2026-09-20T18:18:06.358073+00:00,753,1,False,"{""AfD"": 360, ""BSW"": 41, ""CDU"": 25, ""Die Linke"": 27, ""Die PARTEI"": 2, ""FDP"": 8, ""FREIE WÄHLER"": 4, ""GRÜNE"": 26, ""Handwerker Partei Deutschland"": 3, ""KPD"": 1, ""PIRATEN"": 2, ""PdF"": 2, ""SPD"": 243, ""Team Freiheit"": 1, ""Tierschutzpartei"": 6, ""Volt"": 1, ""WLD"": 1}"
mv:GEMEINDE:13071115,2026-09-20T18:20:36.433461+00:00,2026-09-20T18:18:06.358073+00:00,555,1,False,"{""AfD"": 283, ""BSW"": 25, ""CDU"": 20, ""Die Linke"": 22, ""Die PARTEI"": 3, ""FDP"": 3, ""FREIE WÄHLER"": 2, ""GRÜNE"": 11, ""Handwerker Partei Deutschland"": 2, ""SPD"": 175, ""Team Freiheit"": 1, ""Tierschutzpartei"": 6, ""WLD"": 2}"
mv:GEMEINDE:13071140,2026-09-20T18:20:36.433461+00:00,2026-09-20T18:18:06.358073+00:00,231,1,False,"{""AfD"": 116, ""BSW"": 10, ""Bündnis C"": 1, ""CDU"": 7, ""Die Linke"": 9, ""Die PARTEI"": 1, ""FDP"": 2, ""FREIE WÄHLER"": 1, ""GRÜNE"": 6, ""Handwerker Partei Deutschland"": 7, ""SPD"": 68, ""Tierschutzpartei"": 2, ""ÖDP"": 1}"
mv:GEMEINDE:13071145,2026-09-20T18:20:36.433461+00:00,2026-09-20T18:18:06.358073+00:00,503,1,False,"{""AfD"": 238, ""BSW"": 41, ""Bündnis C"": 3, ""CDU"": 23, ""Die Linke"": 28, ""FDP"": 6, ""FREIE WÄHLER"": 2, ""GRÜNE"": 12, ""Handwerker Partei Deutschland"": 3, ""KPD"": 1, ""PIRATEN"": 2, ""SPD"": 141, ""Team Freiheit"": 1, ""Tierschutzpartei"": 1, ""WLD"": 1}"
mv:GEMEINDE:13071156,2026-09-20T18:20:36.433461+00:00,2026-09-20T18:18:06.358073+00:00,2407,3,False,"{""AfD"": 871, ""BSW"": 115, ""Bündnis C"": 3, ""CDU"": 133, ""Die Linke"": 142, ""Die PARTEI"": 2, ""FDP"": 22, ""FREIE WÄHLER"": 4, ""GRÜNE"": 112, ""Handwerker Partei Deutschland"": 6, ""PIRATEN"": 2, ""PdF"": 7, ""SPD"": 950, ""Team Freiheit"": 8, ""Tierschutzpartei"": 21, ""Volt"": 5, ""WLD"": 3, ""ÖDP"": 1}"
mv:GEMEINDE:13072006,2026-09-20T18:20:36.433461+00:00,2026-09-20T18:18:06.358073+00:00,713,1,False,"{""AfD"": 243, ""BSW"": 34, ""Bündnis C"": 2, ""CDU"": 45, ""Die Linke"": 37, ""FDP"": 7, ""FREIE WÄHLER"": 2, ""GRÜNE"": 40, ""Handwerker Partei Deutschland"": 3, ""KPD"": 1, ""PIRATEN"": 3, ""PdF"": 2, ""SPD"": 287, ""Team Freiheit"": 2, ""Tierschutzpartei"": 5}"
mv:GEMEINDE:13072012,2026-09-20T18:20:36.433461+00:00,2026-09-20T18:18:06.358073+00:00,631,1,False,"{""AfD"": 264, ""BSW"": 42, ""CDU"": 21, ""Die Linke"": 26, ""Die PARTEI"": 2, ""FDP"": 11, ""FREIE WÄHLER"": 1, ""GRÜNE"": 35, ""Handwerker Partei Deutschland"": 1, ""KPD"": 1, ""SPD"": 216, ""Team Freiheit"": 4, ""Tierschutzpartei"": 5, ""WLD"": 1, ""ÖDP"": 1}"
mv:GEMEINDE:13072020,2026-09-20T18:20:36.433461+00:00,2026-09-20T18:18:06.358073+00:00,903,1,False,"{""AfD"": 479, ""BSW"": 53, ""Bündnis C"": 2, ""CDU"": 16, ""Die Linke"": 48, ""Die PARTEI"": 2, ""FDP"": 7, ""FREIE WÄHLER"": 5, ""GRÜNE"": 31, ""Handwerker Partei Deutschland"": 1, ""SPD"": 243, ""Team Freiheit"": 1, ""Tierschutzpartei"": 14, ""Volt"": 1}"
mv:GEMEINDE:13072043,2026-09-20T18:20:36.433461+00:00,2026-09-20T18:18:06.358073+00:00,823,1,False,"{""AfD"": 277, ""BSW"": 34, ""CDU"": 43, ""Die Linke"": 36, ""Die PARTEI"": 3, ""FDP"": 11, ""FREIE WÄHLER"": 3, ""GRÜNE"": 25, ""Handwerker Partei Deutschland"": 4, ""KPD"": 2, ""PIRATEN"": 3, ""PdF"": 2, ""SPD"": 368, ""Team Freiheit"": 1, ""Tierschutzpartei"": 8, ""WLD"": 2, ""ÖDP"": 1}"
mv:GEMEINDE:13072057,2026-09-20T18:20:36.433461+00:00,2026-09-20T18:18:06.358073+00:00,562,1,False,"{""AfD"": 181, ""BSW"": 27, ""CDU"": 39, ""Die Linke"": 20, ""FDP"": 5, ""GRÜNE"": 55, ""Handwerker Partei Deutschland"": 4, ""KPD"": 1, ""PdF"": 3, ""SPD"": 222, ""Tierschutzpartei"": 4, ""ÖDP"": 1}"
mv:GEMEINDE:13072081,2026-09-20T18:20:36.433461+00:00,2026-09-20T18:18:06.358073+00:00,418,1,False,"{""AfD"": 155, ""BSW"": 24, ""CDU"": 13, ""Die Linke"": 35, ""Die PARTEI"": 1, ""FDP"": 5, ""FREIE WÄHLER"": 1, ""GRÜNE"": 24, ""KPD"": 3, ""SPD"": 149, ""Team Freiheit"": 2, ""Tierschutzpartei"": 5, ""Volt"": 1}"
mv:GEMEINDE:13072753,2026-09-20T18:20:36.433461+00:00,2026-09-20T18:18:06.358073+00:00,845,1,False,"{""AfD"": 145, ""BSW"": 40, ""Bündnis C"": 1, ""CDU"": 58, ""Die Linke"": 81, ""Die PARTEI"": 3, ""FDP"": 22, ""FREIE WÄHLER"": 7, ""GRÜNE"": 60, ""Handwerker Partei Deutschland"": 5, ""PIRATEN"": 3, ""SPD"": 410, ""Team Freiheit"": 2, ""Tierschutzpartei"": 5, ""ÖDP"": 3}"
mv:GEMEINDE:13072758,2026-09-20T18:20:36.433461+00:00,2026-09-20T18:18:06.358073+00:00,536,1,False,"{""AfD"": 161, ""BSW"": 27, ""CDU"": 61, ""Die Linke"": 30, ""FDP"": 9, ""FREIE WÄHLER"": 1, ""GRÜNE"": 33, ""Handwerker Partei Deutschland"": 5, ""KPD"": 1, ""PIRATEN"": 1, ""SPD"": 195, ""Team Freiheit"": 3, ""Tierschutzpartei"": 7, ""Volt"": 1, ""WLD"": 1}"
mv:GEMEINDE:13073009,2026-09-20T18:20:36.433461+00:00,2026-09-20T18:18:06.358073+00:00,525,1,False,"{""AfD"": 265, ""BSW"": 23, ""Bündnis C"": 1, ""CDU"": 15, ""Die Linke"": 22, ""Die PARTEI"": 1, ""FDP"": 2, ""FREIE WÄHLER"": 3, ""GRÜNE"": 18, ""Handwerker Partei Deutschland"": 3, ""PdF"": 1, ""SPD"": 166, ""Tierschutzpartei"": 2, ""ÖDP"": 3}"
mv:GEMEINDE:13073011,2026-09-20T18:20:36.433461+00:00,2026-09-20T18:18:06.358073+00:00,694,1,False,"{""AfD"": 305, ""BSW"": 27, ""CDU"": 41, ""Die Linke"": 20, ""Die PARTEI"": 2, ""FDP"": 6, ""FREIE WÄHLER"": 3, ""GRÜNE"": 26, ""Handwerker Partei Deutschland"": 10, ""PIRATEN"": 2, ""PdF"": 2, ""SPD"": 233, ""Team Freiheit"": 7, ""Tierschutzpartei"": 5, ""Volt"": 3, ""WLD"": 1, ""ÖDP"": 1}"
mv:GEMEINDE:13073021,2026-09-20T18:20:36.433461+00:00,2026-09-20T18:18:06.358073+00:00,355,1,False,"{""AfD"": 193, ""BSW"": 23, ""CDU"": 12, ""Die Linke"": 19, ""Die PARTEI"": 1, ""FDP"": 6, ""FREIE WÄHLER"": 1, ""GRÜNE"": 13, ""Handwerker Partei Deutschland"": 1, ""PdF"": 2, ""SPD"": 75, ""Team Freiheit"": 2, ""Tierschutzpartei"": 6, ""Volt"": 1}"
mv:GEMEINDE:13073070,2026-09-20T18:20:36.433461+00:00,2026-09-20T18:18:06.358073+00:00,594,1,False,"{""AfD"": 244, ""BSW"": 31, ""Bündnis C"": 2, ""CDU"": 25, ""Die Linke"": 24, ""Die PARTEI"": 1, ""FDP"": 10, ""GRÜNE"": 30, ""Handwerker Partei Deutschland"": 6, ""PIRATEN"": 2, ""SPD"": 209, ""Team Freiheit"": 2, ""Tierschutzpartei"": 5, ""Volt"": 2, ""WLD"": 1}"
mv:GEMEINDE:13073075,2026-09-20T18:20:36.433461+00:00,2026-09-20T18:18:06.358073+00:00,619,1,False,"{""AfD"": 287, ""BSW"": 40, ""Bündnis C"": 1, ""CDU"": 26, ""Die Linke"": 26, ""FDP"": 2, ""FREIE WÄHLER"": 5, ""GRÜNE"": 16, ""Handwerker Partei Deutschland"": 4, ""PIRATEN"": 1, ""SPD"": 197, ""Team Freiheit"": 2, ""Tierschutzpartei"": 9, ""WLD"": 2, ""ÖDP"": 1}"
mv:GEMEINDE:13073080,2026-09-20T18:20:36.433461+00:00,2026-09-20T18:18:06.358073+00:00,679,1,False,"{""AfD"": 330, ""BSW"": 29, ""Bündnis C"": 1, ""CDU"": 14, ""Die Linke"": 41, ""Die PARTEI"": 2, ""FDP"": 5, ""FREIE WÄHLER"": 4, ""GRÜNE"": 9, ""Handwerker Partei Deutschland"": 6, ""KPD"": 1, ""SPD"": 222, ""Team Freiheit"": 2, ""Tierschutzpartei"": 11, ""Volt"": 1, ""ÖDP"": 1}"
mv:GEMEINDE:13073088,2026-09-20T18:20:36.433461+00:00,2026-09-20T18:18:06.358073+00:00,1613,2,False,"{""AfD"": 200, ""BSW"": 76, ""Bündnis C"": 1, ""CDU"": 125, ""Die Linke"": 159, ""Die PARTEI"": 12, ""FDP"": 31, ""FREIE WÄHLER"": 6, ""GRÜNE"": 291, ""Handwerker Partei Deutschland"": 8, ""KPD"": 3, ""PIRATEN"": 6, ""PdF"": 2, ""SPD"": 645, ""Team Freiheit"": 9, ""Tierschutzpartei"": 22, ""Volt"": 13, ""WLD"": 1, ""ÖDP"": 3}"
mv:GEMEINDE:13074017,2026-09-20T18:20:36.433461+00:00,2026-09-20T18:18:06.358073+00:00,547,1,False,"{""AfD"": 275, ""BSW"": 25, ""CDU"": 9, ""Die Linke"": 18, ""FDP"": 4, ""GRÜNE"": 22, ""Handwerker Partei Deutschland"": 3, ""PIRATEN"": 3, ""SPD"": 176, ""Team Freiheit"": 3, ""Tierschutzpartei"": 8, ""WLD"": 1}"
mv:GEMEINDE:13074019,2026-09-20T18:20:36.433461+00:00,2026-09-20T18:18:06.358073+00:00,520,1,False,"{""AfD"": 210, ""BSW"": 16, ""Bündnis C"": 2, ""CDU"": 25, ""Die Linke"": 36, ""Die PARTEI"": 5, ""FDP"": 1, ""FREIE WÄHLER"": 3, ""GRÜNE"": 29, ""Handwerker Partei Deutschland"": 2, ""PIRATEN"": 1, ""SPD"": 182, ""Team Freiheit"": 1, ""Tierschutzpartei"": 7}"
mv:GEMEINDE:13074022,2026-09-20T18:20:36.433461+00:00,2026-09-20T18:18:06.358073+00:00,557,1,False,"{""AfD"": 242, ""BSW"": 15, ""CDU"": 11, ""Die Linke"": 36, ""Die PARTEI"": 1, ""FDP"": 6, ""FREIE WÄHLER"": 2, ""GRÜNE"": 32, ""Handwerker Partei Deutschland"": 3, ""PdF"": 1, ""SPD"": 201, ""Team Freiheit"": 2, ""Tierschutzpartei"": 4, ""Volt"": 1}"
mv:GEMEINDE:13074049,2026-09-20T18:20:36.433461+00:00,2026-09-20T18:18:06.358073+00:00,651,1,False,"{""AfD"": 168, ""BSW"": 17, ""CDU"": 30, ""Die Linke"": 35, ""Die PARTEI"": 1, ""FDP"": 10, ""FREIE WÄHLER"": 2, ""GRÜNE"": 99, ""Handwerker Partei Deutschland"": 1, ""SPD"": 280, ""Tierschutzpartei"": 6, ""Volt"": 2}"
mv:GEMEINDE:13074087,2026-09-20T18:20:36.433461+00:00,2026-09-20T18:18:06.358073+00:00,1389,2,False,"{""AfD"": 610, ""BSW"": 67, ""CDU"": 39, ""Die Linke"": 38, ""Die PARTEI"": 3, ""FDP"": 11, ""FREIE WÄHLER"": 3, ""GRÜNE"": 52, ""Handwerker Partei Deutschland"": 4, ""KPD"": 1, ""PIRATEN"": 1, ""PdF"": 3, ""SPD"": 541, ""Team Freiheit"": 3, ""Tierschutzpartei"": 12, ""Volt"": 1}"
mv:GEMEINDE:13074089,2026-09-20T18:20:36.433461+00:00,2026-09-20T18:18:06.358073+00:00,395,1,False,"{""AfD"": 164, ""BSW"": 19, ""CDU"": 26, ""Die Linke"": 26, ""Die PARTEI"": 1, ""FDP"": 6, ""FREIE WÄHLER"": 1, ""GRÜNE"": 6, ""Handwerker Partei Deutschland"": 2, ""PIRATEN"": 1, ""SPD"": 135, ""Team Freiheit"": 1, ""Tierschutzpartei"": 6, ""Volt"": 1}"
mv:GEMEINDE:13074754,2026-09-20T18:20:36.433461+00:00,2026-09-20T18:18:06.358073+00:00,649,1,False,"{""AfD"": 145, ""BSW"": 21, ""CDU"": 56, ""Die Linke"": 56, ""Die PARTEI"": 4, ""FDP"": 9, ""FREIE WÄHLER"": 4, ""GRÜNE"": 69, ""Handwerker Partei Deutschland"": 6, ""PIRATEN"": 3, ""PdF"": 1, ""SPD"": 261, ""Tierschutzpartei"": 10, ""Volt"": 2, ""WLD"": 2}"
mv:GEMEINDE:13075039,2026-09-20T18:20:36.433461+00:00,2026-09-20T18:18:06.358073+00:00,615,1,False,"{""AfD"": 301, ""BSW"": 21, ""CDU"": 11, ""Die Linke"": 54, ""Die PARTEI"": 2, ""FDP"": 8, ""GRÜNE"": 22, ""Handwerker Partei Deutschland"": 2, ""KPD"": 1, ""PIRATEN"": 1, ""PdF"": 1, ""SPD"": 175, ""Tierschutzpartei"": 14, ""Volt"": 2}"
mv:GEMEINDE:13075058,2026-09-20T18:20:36.433461+00:00,2026-09-20T18:18:06.358073+00:00,599,1,False,"{""AfD"": 293, ""BSW"": 40, ""CDU"": 8, ""Die Linke"": 35, ""Die PARTEI"": 3, ""FDP"": 4, ""GRÜNE"": 6, ""KPD"": 1, ""SPD"": 200, ""Team Freiheit"": 1, ""Tierschutzpartei"": 7, ""ÖDP"": 1}"
mv:GEMEINDE:13075752,2026-09-20T18:20:36.433461+00:00,2026-09-20T18:18:06.358073+00:00,1366,1,False,"{""AfD"": 422, ""BSW"": 76, ""CDU"": 97, ""Die Linke"": 73, ""Die PARTEI"": 5, ""FDP"": 24, ""FREIE WÄHLER"": 2, ""GRÜNE"": 46, ""Handwerker Partei Deutschland"": 10, ""KPD"": 3, ""PIRATEN"": 1, ""PdF"": 1, ""SPD"": 575, ""Team Freiheit"": 4, ""Tierschutzpartei"": 21, ""Volt"": 2, ""WLD"": 1, ""ÖDP"": 3}"
mv:GEMEINDE:13076075,2026-09-20T18:20:36.433461+00:00,2026-09-20T18:18:06.358073+00:00,209,1,False,"{""AfD"": 93, ""BSW"": 15, ""CDU"": 16, ""Die Linke"": 11, ""Die PARTEI"": 1, ""FDP"": 3, ""FREIE WÄHLER"": 3, ""GRÜNE"": 4, ""Handwerker Partei Deutschland"": 1, ""SPD"": 59, ""Tierschutzpartei"": 2, ""WLD"": 1}"
mv:GEMEINDE:13076088,2026-09-20T18:20:36.433461+00:00,2026-09-20T18:18:06.358073+00:00,674,1,False,"{""AfD"": 149, ""BSW"": 39, ""Bündnis C"": 2, ""CDU"": 59, ""Die Linke"": 17, ""Die PARTEI"": 3, ""FDP"": 7, ""FREIE WÄHLER"": 3, ""GRÜNE"": 10, ""Handwerker Partei Deutschland"": 4, ""KPD"": 1, ""PIRATEN"": 4, ""SPD"": 362, ""Tierschutzpartei"": 10, ""WLD"": 4}"
mv:GEMEINDE:13076102,2026-09-20T18:20:36.433461+00:00,2026-09-20T18:18:06.358073+00:00,438,1,False,"{""AfD"": 190, ""BSW"": 22, ""CDU"": 14, ""Die Linke"": 9, ""FDP"": 3, ""GRÜNE"": 9, ""Handwerker Partei Deutschland"": 3, ""PIRATEN"": 2, ""SPD"": 179, ""Team Freiheit"": 1, ""Tierschutzpartei"": 2, ""WLD"": 4}"
mv:GEMEINDE:13076107,2026-09-20T18:20:36.433461+00:00,2026-09-20T18:18:06.358073+00:00,831,1,False,"{""AfD"": 364, ""BSW"": 39, ""CDU"": 45, ""Die Linke"": 32, ""Die PARTEI"": 3, ""FDP"": 14, ""FREIE WÄHLER"": 2, ""GRÜNE"": 17, ""Handwerker Partei Deutschland"": 3, ""KPD"": 2, ""PIRATEN"": 4, ""PdF"": 2, ""SPD"": 293, ""Team Freiheit"": 4, ""Tierschutzpartei"": 5, ""Volt"": 1, ""WLD"": 1}"
mv:GEMEINDE:13076108,2026-09-20T18:20:36.433461+00:00,2026-09-20T18:18:06.358073+00:00,628,1,False,"{""AfD"": 166, ""BSW"": 46, ""Bündnis C"": 2, ""CDU"": 58, ""Die Linke"": 46, ""FDP"": 9, ""FREIE WÄHLER"": 3, ""GRÜNE"": 22, ""Handwerker Partei Deutschland"": 10, ""KPD"": 2, ""PIRATEN"": 1, ""PdF"": 2, ""SPD"": 246, ""Team Freiheit"": 1, ""Tierschutzpartei"": 10, ""WLD"": 3, ""ÖDP"": 1}"
mv:GEMEINDE:13076153,2026-09-20T18:20:36.433461+00:00,2026-09-20T18:18:06.358073+00:00,263,1,False,"{""AfD"": 129, ""BSW"": 13, ""CDU"": 5, ""Die Linke"": 5, ""Die PARTEI"": 1, ""FDP"": 2, ""GRÜNE"": 5, ""Handwerker Partei Deutschland"": 1, ""PIRATEN"": 1, ""SPD"": 100, ""Tierschutzpartei"": 1}"
mv:GEMEINDE:13076159,2026-09-20T18:20:36.433461+00:00,2026-09-20T18:18:06.358073+00:00,196,1,False,"{""AfD"": 71, ""BSW"": 8, ""CDU"": 7, ""Die Linke"": 10, ""FDP"": 2, ""GRÜNE"": 15, ""Handwerker Partei Deutschland"": 1, ""SPD"": 82}"
mv:GEMEINDE:13076768,2026-09-20T18:20:36.433461+00:00,2026-09-20T18:18:06.358073+00:00,991,1,False,"{""AfD"": 194, ""BSW"": 5, ""Bündnis C"": 60, ""CDU"": 137, ""Die Linke"": 48, ""Die PARTEI"": 2, ""FDP"": 21, ""FREIE WÄHLER"": 7, ""GRÜNE"": 66, ""Handwerker Partei Deutschland"": 1, ""KPD"": 1, ""PIRATEN"": 2, ""PdF"": 2, ""SPD"": 432, ""Team Freiheit"": 1, ""Tierschutzpartei"": 6, ""Volt"": 3, ""ÖDP"": 3}"
mv:WAHLKREIS:1,2026-09-20T18:20:36.433461+00:00,2026-09-20T18:18:06.358073+00:00,615,1,False,"{""AfD"": 301, ""BSW"": 21, ""CDU"": 11, ""Die Linke"": 54, ""Die PARTEI"": 2, ""FDP"": 8, ""GRÜNE"": 22, ""Handwerker Partei Deutschland"": 2, ""KPD"": 1, ""PIRATEN"": 1, ""PdF"": 1, ""SPD"": 175, ""Tierschutzpartei"": 14, ""Volt"": 2}"
mv:WAHLKREIS:10,2026-09-20T18:20:36.433461+00:00,2026-09-20T18:18:06.358073+00:00,1389,2,False,"{""AfD"": 610, ""BSW"": 67, ""CDU"": 39, ""Die Linke"": 38, ""Die PARTEI"": 3, ""FDP"": 11, ""FREIE WÄHLER"": 3, ""GRÜNE"": 52, ""Handwerker Partei Deutschland"": 4, ""KPD"": 1, ""PIRATEN"": 1, ""PdF"": 3, ""SPD"": 541, ""Team Freiheit"": 3, ""Tierschutzpartei"": 12, ""Volt"": 1}"
mv:WAHLKREIS:11,2026-09-20T18:20:36.433461+00:00,2026-09-20T18:18:06.358073+00:00,713,1,False,"{""AfD"": 243, ""BSW"": 34, ""Bündnis C"": 2, ""CDU"": 45, ""Die Linke"": 37, ""FDP"": 7, ""FREIE WÄHLER"": 2, ""GRÜNE"": 40, ""Handwerker Partei Deutschland"": 3, ""KPD"": 1, ""PIRATEN"": 3, ""PdF"": 2, ""SPD"": 287, ""Team Freiheit"": 2, ""Tierschutzpartei"": 5}"
mv:WAHLKREIS:12,2026-09-20T18:20:36.433461+00:00,2026-09-20T18:18:06.358073+00:00,2456,4,False,"{""AfD"": 745, ""BSW"": 133, ""Bündnis C"": 1, ""CDU"": 131, ""Die Linke"": 162, ""Die PARTEI"": 6, ""FDP"": 43, ""FREIE WÄHLER"": 9, ""GRÜNE"": 174, ""Handwerker Partei Deutschland"": 10, ""KPD"": 5, ""PIRATEN"": 3, ""PdF"": 3, ""SPD"": 997, ""Team Freiheit"": 8, ""Tierschutzpartei"": 19, ""Volt"": 1, ""WLD"": 1, ""ÖDP"": 5}"
mv:WAHLKREIS:14,2026-09-20T18:20:36.433461+00:00,2026-09-20T18:18:06.358073+00:00,829,1,False,"{""AfD"": 421, ""BSW"": 69, ""CDU"": 27, ""Die Linke"": 33, ""Die PARTEI"": 2, ""FDP"": 2, ""FREIE WÄHLER"": 10, ""GRÜNE"": 12, ""PdF"": 1, ""SPD"": 244, ""Team Freiheit"": 2, ""Tierschutzpartei"": 6}"
mv:WAHLKREIS:15,2026-09-20T18:20:36.433461+00:00,2026-09-20T18:18:06.358073+00:00,536,1,False,"{""AfD"": 161, ""BSW"": 27, ""CDU"": 61, ""Die Linke"": 30, ""FDP"": 9, ""FREIE WÄHLER"": 1, ""GRÜNE"": 33, ""Handwerker Partei Deutschland"": 5, ""KPD"": 1, ""PIRATEN"": 1, ""SPD"": 195, ""Team Freiheit"": 3, ""Tierschutzpartei"": 7, ""Volt"": 1, ""WLD"": 1}"
mv:WAHLKREIS:16,2026-09-20T18:20:36.433461+00:00,2026-09-20T18:18:06.358073+00:00,1726,2,False,"{""AfD"": 756, ""BSW"": 87, ""Bündnis C"": 2, ""CDU"": 59, ""Die Linke"": 84, ""Die PARTEI"": 5, ""FDP"": 18, ""FREIE WÄHLER"": 8, ""GRÜNE"": 56, ""Handwerker Partei Deutschland"": 5, ""KPD"": 2, ""PIRATEN"": 3, ""PdF"": 2, ""SPD"": 611, ""Team Freiheit"": 2, ""Tierschutzpartei"": 22, ""Volt"": 1, ""WLD"": 2, ""ÖDP"": 1}"
mv:WAHLKREIS:17,2026-09-20T18:20:36.433461+00:00,2026-09-20T18:18:06.358073+00:00,1308,3,False,"{""AfD"": 410, ""BSW"": 69, ""Bündnis C"": 2, ""CDU"": 80, ""Die Linke"": 36, ""Die PARTEI"": 3, ""FDP"": 12, ""FREIE WÄHLER"": 3, ""GRÜNE"": 34, ""Handwerker Partei Deutschland"": 8, ""KPD"": 1, ""PIRATEN"": 6, ""SPD"": 623, ""Team Freiheit"": 1, ""Tierschutzpartei"": 12, ""WLD"": 8}"
mv:WAHLKREIS:18,2026-09-20T18:20:36.433461+00:00,2026-09-20T18:18:06.358073+00:00,1094,2,False,"{""AfD"": 493, ""BSW"": 52, ""CDU"": 50, ""Die Linke"": 37, ""Die PARTEI"": 4, ""FDP"": 16, ""FREIE WÄHLER"": 2, ""GRÜNE"": 22, ""Handwerker Partei Deutschland"": 4, ""KPD"": 2, ""PIRATEN"": 5, ""PdF"": 2, ""SPD"": 393, ""Team Freiheit"": 4, ""Tierschutzpartei"": 6, ""Volt"": 1, ""WLD"": 1}"
mv:WAHLKREIS:2,2026-09-20T18:20:36.433461+00:00,2026-09-20T18:18:06.358073+00:00,1682,2,False,"{""AfD"": 730, ""BSW"": 108, ""CDU"": 68, ""Die Linke"": 85, ""Die PARTEI"": 1, ""FDP"": 9, ""FREIE WÄHLER"": 1, ""GRÜNE"": 55, ""Handwerker Partei Deutschland"": 5, ""KPD"": 1, ""PIRATEN"": 1, ""PdF"": 4, ""SPD"": 593, ""Team Freiheit"": 5, ""Tierschutzpartei"": 14, ""Volt"": 1, ""ÖDP"": 1}"
mv:WAHLKREIS:20,2026-09-20T18:20:36.433461+00:00,2026-09-20T18:18:06.358073+00:00,2407,3,False,"{""AfD"": 871, ""BSW"": 115, ""Bündnis C"": 3, ""CDU"": 133, ""Die Linke"": 142, ""Die PARTEI"": 2, ""FDP"": 22, ""FREIE WÄHLER"": 4, ""GRÜNE"": 112, ""Handwerker Partei Deutschland"": 6, ""PIRATEN"": 2, ""PdF"": 7, ""SPD"": 950, ""Team Freiheit"": 8, ""Tierschutzpartei"": 21, ""Volt"": 5, ""WLD"": 3, ""ÖDP"": 1}"
mv:WAHLKREIS:21,2026-09-20T18:20:36.433461+00:00,2026-09-20T18:18:06.358073+00:00,753,1,False,"{""AfD"": 360, ""BSW"": 41, ""CDU"": 25, ""Die Linke"": 27, ""Die PARTEI"": 2, ""FDP"": 8, ""FREIE WÄHLER"": 4, ""GRÜNE"": 26, ""Handwerker Partei Deutschland"": 3, ""KPD"": 1, ""PIRATEN"": 2, ""PdF"": 2, ""SPD"": 243, ""Team Freiheit"": 1, ""Tierschutzpartei"": 6, ""Volt"": 1, ""WLD"": 1}"
mv:WAHLKREIS:22,2026-09-20T18:20:36.433461+00:00,2026-09-20T18:18:06.358073+00:00,1678,5,False,"{""AfD"": 851, ""BSW"": 99, ""Bündnis C"": 4, ""CDU"": 65, ""Die Linke"": 68, ""Die PARTEI"": 4, ""FDP"": 12, ""FREIE WÄHLER"": 6, ""GRÜNE"": 37, ""Handwerker Partei Deutschland"": 13, ""KPD"": 1, ""PIRATEN"": 2, ""SPD"": 497, ""Team Freiheit"": 3, ""Tierschutzpartei"": 10, ""Volt"": 1, ""WLD"": 3, ""ÖDP"": 2}"
mv:WAHLKREIS:23,2026-09-20T18:20:36.433461+00:00,2026-09-20T18:18:06.358073+00:00,619,1,False,"{""AfD"": 287, ""BSW"": 40, ""Bündnis C"": 1, ""CDU"": 26, ""Die Linke"": 26, ""FDP"": 2, ""FREIE WÄHLER"": 5, ""GRÜNE"": 16, ""Handwerker Partei Deutschland"": 4, ""PIRATEN"": 1, ""SPD"": 197, ""Team Freiheit"": 2, ""Tierschutzpartei"": 9, ""WLD"": 2, ""ÖDP"": 1}"
mv:WAHLKREIS:25,2026-09-20T18:20:36.433461+00:00,2026-09-20T18:18:06.358073+00:00,525,1,False,"{""AfD"": 265, ""BSW"": 23, ""Bündnis C"": 1, ""CDU"": 15, ""Die Linke"": 22, ""Die PARTEI"": 1, ""FDP"": 2, ""FREIE WÄHLER"": 3, ""GRÜNE"": 18, ""Handwerker Partei Deutschland"": 3, ""PdF"": 1, ""SPD"": 166, ""Tierschutzpartei"": 2, ""ÖDP"": 3}"
mv:WAHLKREIS:26,2026-09-20T18:20:36.433461+00:00,2026-09-20T18:18:06.358073+00:00,1613,2,False,"{""AfD"": 200, ""BSW"": 76, ""Bündnis C"": 1, ""CDU"": 125, ""Die Linke"": 159, ""Die PARTEI"": 12, ""FDP"": 31, ""FREIE WÄHLER"": 6, ""GRÜNE"": 291, ""Handwerker Partei Deutschland"": 8, ""KPD"": 3, ""PIRATEN"": 6, ""PdF"": 2, ""SPD"": 645, ""Team Freiheit"": 9, ""Tierschutzpartei"": 22, ""Volt"": 13, ""WLD"": 1, ""ÖDP"": 3}"
mv:WAHLKREIS:27,2026-09-20T18:20:36.433461+00:00,2026-09-20T18:18:06.358073+00:00,2799,5,False,"{""AfD"": 994, ""BSW"": 97, ""CDU"": 132, ""Die Linke"": 171, ""Die PARTEI"": 7, ""FDP"": 35, ""FREIE WÄHLER"": 9, ""GRÜNE"": 228, ""Handwerker Partei Deutschland"": 15, ""PIRATEN"": 7, ""PdF"": 2, ""SPD"": 1053, ""Team Freiheit"": 6, ""Tierschutzpartei"": 34, ""Volt"": 6, ""WLD"": 3}"
mv:WAHLKREIS:28,2026-09-20T18:20:36.433461+00:00,2026-09-20T18:18:06.358073+00:00,520,1,False,"{""AfD"": 210, ""BSW"": 16, ""Bündnis C"": 2, ""CDU"": 25, ""Die Linke"": 36, ""Die PARTEI"": 5, ""FDP"": 1, ""FREIE WÄHLER"": 3, ""GRÜNE"": 29, ""Handwerker Partei Deutschland"": 2, ""PIRATEN"": 1, ""SPD"": 182, ""Team Freiheit"": 1, ""Tierschutzpartei"": 7}"
mv:WAHLKREIS:3,2026-09-20T18:20:36.433461+00:00,2026-09-20T18:18:06.358073+00:00,1323,2,False,"{""AfD"": 583, ""BSW"": 83, ""Bündnis C"": 1, ""CDU"": 34, ""Die Linke"": 78, ""Die PARTEI"": 1, ""FDP"": 11, ""GRÜNE"": 38, ""Handwerker Partei Deutschland"": 3, ""KPD"": 1, ""PIRATEN"": 5, ""SPD"": 458, ""Team Freiheit"": 5, ""Tierschutzpartei"": 15, ""Volt"": 3, ""WLD"": 3, ""ÖDP"": 1}"
mv:WAHLKREIS:30,2026-09-20T18:20:36.433461+00:00,2026-09-20T18:18:06.358073+00:00,599,1,False,"{""AfD"": 293, ""BSW"": 40, ""CDU"": 8, ""Die Linke"": 35, ""Die PARTEI"": 3, ""FDP"": 4, ""GRÜNE"": 6, ""KPD"": 1, ""SPD"": 200, ""Team Freiheit"": 1, ""Tierschutzpartei"": 7, ""ÖDP"": 1}"
mv:WAHLKREIS:31,2026-09-20T18:20:36.433461+00:00,2026-09-20T18:18:06.358073+00:00,837,2,False,"{""AfD"": 259, ""BSW"": 61, ""Bündnis C"": 2, ""CDU"": 74, ""Die Linke"": 57, ""Die PARTEI"": 1, ""FDP"": 12, ""FREIE WÄHLER"": 6, ""GRÜNE"": 26, ""Handwerker Partei Deutschland"": 11, ""KPD"": 2, ""PIRATEN"": 1, ""PdF"": 2, ""SPD"": 305, ""Team Freiheit"": 1, ""Tierschutzpartei"": 12, ""WLD"": 4, ""ÖDP"": 1}"
mv:WAHLKREIS:32,2026-09-20T18:20:36.433461+00:00,2026-09-20T18:18:06.358073+00:00,991,1,False,"{""AfD"": 194, ""BSW"": 5, ""Bündnis C"": 60, ""CDU"": 137, ""Die Linke"": 48, ""Die PARTEI"": 2, ""FDP"": 21, ""FREIE WÄHLER"": 7, ""GRÜNE"": 66, ""Handwerker Partei Deutschland"": 1, ""KPD"": 1, ""PIRATEN"": 2, ""PdF"": 2, ""SPD"": 432, ""Team Freiheit"": 1, ""Tierschutzpartei"": 6, ""Volt"": 3, ""ÖDP"": 3}"
mv:WAHLKREIS:33,2026-09-20T18:20:36.433461+00:00,2026-09-20T18:18:06.358073+00:00,1034,2,False,"{""AfD"": 523, ""BSW"": 52, ""Bündnis C"": 1, ""CDU"": 26, ""Die Linke"": 60, ""Die PARTEI"": 3, ""FDP"": 11, ""FREIE WÄHLER"": 5, ""GRÜNE"": 22, ""Handwerker Partei Deutschland"": 7, ""KPD"": 1, ""PdF"": 2, ""SPD"": 297, ""Team Freiheit"": 4, ""Tierschutzpartei"": 17, ""Volt"": 2, ""ÖDP"": 1}"
mv:WAHLKREIS:34,2026-09-20T18:20:36.433461+00:00,2026-09-20T18:18:06.358073+00:00,1288,2,False,"{""AfD"": 549, ""BSW"": 58, ""Bündnis C"": 2, ""CDU"": 66, ""Die Linke"": 44, ""Die PARTEI"": 3, ""FDP"": 16, ""FREIE WÄHLER"": 3, ""GRÜNE"": 56, ""Handwerker Partei Deutschland"": 16, ""PIRATEN"": 4, ""PdF"": 2, ""SPD"": 442, ""Team Freiheit"": 9, ""Tierschutzpartei"": 10, ""Volt"": 5, ""WLD"": 2, ""ÖDP"": 1}"
mv:WAHLKREIS:35,2026-09-20T18:20:36.433461+00:00,2026-09-20T18:18:06.358073+00:00,1366,1,False,"{""AfD"": 422, ""BSW"": 76, ""CDU"": 97, ""Die Linke"": 73, ""Die PARTEI"": 5, ""FDP"": 24, ""FREIE WÄHLER"": 2, ""GRÜNE"": 46, ""Handwerker Partei Deutschland"": 10, ""KPD"": 3, ""PIRATEN"": 1, ""PdF"": 1, ""SPD"": 575, ""Team Freiheit"": 4, ""Tierschutzpartei"": 21, ""Volt"": 2, ""WLD"": 1, ""ÖDP"": 3}"
mv:WAHLKREIS:4,2026-09-20T18:20:36.433461+00:00,2026-09-20T18:18:06.358073+00:00,2026,3,False,"{""AfD"": 788, ""BSW"": 109, ""Bündnis C"": 4, ""CDU"": 79, ""Die Linke"": 186, ""Die PARTEI"": 5, ""FDP"": 14, ""FREIE WÄHLER"": 7, ""GRÜNE"": 76, ""Handwerker Partei Deutschland"": 8, ""KPD"": 3, ""PIRATEN"": 3, ""PdF"": 2, ""SPD"": 706, ""Team Freiheit"": 4, ""Tierschutzpartei"": 27, ""Volt"": 3, ""ÖDP"": 2}"
mv:WAHLKREIS:5,2026-09-20T18:20:36.433461+00:00,2026-09-20T18:18:06.358073+00:00,1302,2,False,"{""AfD"": 411, ""BSW"": 83, ""Bündnis C"": 2, ""CDU"": 28, ""Die Linke"": 160, ""Die PARTEI"": 2, ""FDP"": 10, ""FREIE WÄHLER"": 6, ""GRÜNE"": 107, ""Handwerker Partei Deutschland"": 2, ""KPD"": 2, ""PIRATEN"": 4, ""PdF"": 2, ""SPD"": 460, ""Team Freiheit"": 2, ""Tierschutzpartei"": 15, ""Volt"": 2, ""WLD"": 3, ""ÖDP"": 1}"
mv:WAHLKREIS:6,2026-09-20T18:20:36.433461+00:00,2026-09-20T18:18:06.358073+00:00,1642,2,False,"{""AfD"": 371, ""BSW"": 88, ""Bündnis C"": 1, ""CDU"": 125, ""Die Linke"": 127, ""Die PARTEI"": 4, ""FDP"": 15, ""FREIE WÄHLER"": 4, ""GRÜNE"": 270, ""Handwerker Partei Deutschland"": 5, ""KPD"": 2, ""PIRATEN"": 2, ""PdF"": 1, ""SPD"": 608, ""Team Freiheit"": 3, ""Tierschutzpartei"": 8, ""Volt"": 6, ""ÖDP"": 2}"
mv:WAHLKREIS:7,2026-09-20T18:20:36.433461+00:00,2026-09-20T18:18:06.358073+00:00,772,1,False,"{""AfD"": 171, ""BSW"": 37, ""Bündnis C"": 1, ""CDU"": 39, ""Die Linke"": 64, ""Die PARTEI"": 4, ""FDP"": 10, ""FREIE WÄHLER"": 1, ""GRÜNE"": 132, ""Handwerker Partei Deutschland"": 1, ""KPD"": 1, ""SPD"": 299, ""Team Freiheit"": 1, ""Tierschutzpartei"": 5, ""Volt"": 1, ""WLD"": 3, ""ÖDP"": 2}"
mv:WAHLKREIS:8,2026-09-20T18:20:36.433461+00:00,2026-09-20T18:18:06.358073+00:00,1439,2,False,"{""AfD"": 503, ""BSW"": 66, ""CDU"": 50, ""Die Linke"": 133, ""Die PARTEI"": 7, ""FDP"": 10, ""FREIE WÄHLER"": 5, ""GRÜNE"": 149, ""Handwerker Partei Deutschland"": 2, ""KPD"": 3, ""PIRATEN"": 1, ""PdF"": 1, ""SPD"": 487, ""Team Freiheit"": 9, ""Tierschutzpartei"": 11, ""Volt"": 2}"
mv:WAHLKREIS:9,2026-09-20T18:20:36.433461+00:00,2026-09-20T18:18:06.358073+00:00,619,1,False,"{""AfD"": 198, ""BSW"": 37, ""Bündnis C"": 3, ""CDU"": 24, ""Die Linke"": 44, ""Die PARTEI"": 2, ""FDP"": 4, ""FREIE WÄHLER"": 1, ""GRÜNE"": 38, ""Handwerker Partei Deutschland"": 4, ""SPD"": 252, ""Team Freiheit"": 3, ""Tierschutzpartei"": 7, ""Volt"": 1, ""ÖDP"": 1}"
mv:GEMEINDE:13003000,2026-09-20T18:30:36.978667+00:00,2026-09-20T18:28:06.858461+00:00,9888,14,False,"{""AfD"": 2872, ""BSW"": 490, ""Bündnis C"": 6, ""CDU"": 517, ""Die Linke"": 874, ""Die PARTEI"": 22, ""FDP"": 112, ""FREIE WÄHLER"": 25, ""GRÜNE"": 901, ""Handwerker Partei Deutschland"": 35, ""KPD"": 8, ""PIRATEN"": 14, ""PdF"": 13, ""SPD"": 3848, ""Team Freiheit"": 18, ""Tierschutzpartei"": 92, ""Volt"": 26, ""WLD"": 8, ""ÖDP"": 7}"
mv:GEMEINDE:13004000,2026-09-20T18:30:36.978667+00:00,2026-09-20T18:28:06.858461+00:00,4648,6,False,"{""AfD"": 1334, ""BSW"": 257, ""Bündnis C"": 2, ""CDU"": 214, ""Die Linke"": 418, ""Die PARTEI"": 22, ""FDP"": 44, ""FREIE WÄHLER"": 17, ""GRÜNE"": 498, ""Handwerker Partei Deutschland"": 9, ""KPD"": 4, ""PIRATEN"": 8, ""SPD"": 1757, ""Team Freiheit"": 14, ""Tierschutzpartei"": 33, ""Volt"": 9, ""WLD"": 5, ""ÖDP"": 3}"
mv:GEMEINDE:13071005,2026-09-20T18:30:36.978667+00:00,2026-09-20T18:28:06.858461+00:00,130,1,False,"{""AfD"": 71, ""BSW"": 5, ""CDU"": 3, ""Die Linke"": 4, ""GRÜNE"": 2, ""SPD"": 44, ""Tierschutzpartei"": 1}"
mv:GEMEINDE:13071033,2026-09-20T18:30:36.978667+00:00,2026-09-20T18:28:06.858461+00:00,263,1,False,"{""AfD"": 132, ""BSW"": 11, ""CDU"": 3, ""Die Linke"": 17, ""FDP"": 4, ""GRÜNE"": 13, ""Handwerker Partei Deutschland"": 1, ""PIRATEN"": 1, ""SPD"": 75, ""Team Freiheit"": 1, ""Tierschutzpartei"": 5}"
mv:GEMEINDE:13071101,2026-09-20T18:30:36.978667+00:00,2026-09-20T18:28:06.858461+00:00,530,1,False,"{""AfD"": 289, ""BSW"": 40, ""CDU"": 9, ""Die Linke"": 21, ""Die PARTEI"": 1, ""FDP"": 1, ""FREIE WÄHLER"": 1, ""GRÜNE"": 11, ""Handwerker Partei Deutschland"": 4, ""PIRATEN"": 2, ""SPD"": 140, ""Team Freiheit"": 2, ""Tierschutzpartei"": 8, ""ÖDP"": 1}"
mv:GEMEINDE:13071107,2026-09-20T18:30:36.978667+00:00,2026-09-20T18:28:06.858461+00:00,3899,5,False,"{""AfD"": 1143, ""BSW"": 257, ""Bündnis C"": 1, ""CDU"": 217, ""Die Linke"": 313, ""Die PARTEI"": 7, ""FDP"": 40, ""FREIE WÄHLER"": 13, ""GRÜNE"": 167, ""Handwerker Partei Deutschland"": 13, ""KPD"": 3, ""PIRATEN"": 1, ""PdF"": 2, ""SPD"": 1668, ""Team Freiheit"": 16, ""Tierschutzpartei"": 23, ""Volt"": 4, ""WLD"": 8, ""ÖDP"": 3}"
mv:GEMEINDE:13071115,2026-09-20T18:30:36.978667+00:00,2026-09-20T18:28:06.858461+00:00,201,1,False,"{""AfD"": 119, ""BSW"": 9, ""CDU"": 5, ""Die Linke"": 7, ""GRÜNE"": 4, ""SPD"": 53, ""Team Freiheit"": 2, ""Tierschutzpartei"": 1, ""WLD"": 1}"
mv:GEMEINDE:13071124,2026-09-20T18:30:36.978667+00:00,2026-09-20T18:28:06.858461+00:00,417,1,False,"{""AfD"": 185, ""BSW"": 22, ""CDU"": 13, ""Die Linke"": 22, ""Die PARTEI"": 2, ""FDP"": 2, ""GRÜNE"": 14, ""Handwerker Partei Deutschland"": 3, ""KPD"": 2, ""SPD"": 146, ""Team Freiheit"": 1, ""Tierschutzpartei"": 4, ""WLD"": 1}"
mv:GEMEINDE:13071156,2026-09-20T18:30:36.978667+00:00,2026-09-20T18:28:06.858461+00:00,612,1,False,"{""AfD"": 263, ""BSW"": 24, ""CDU"": 31, ""Die Linke"": 34, ""FDP"": 8, ""GRÜNE"": 25, ""Handwerker Partei Deutschland"": 3, ""PIRATEN"": 2, ""SPD"": 213, ""Team Freiheit"": 3, ""Tierschutzpartei"": 5, ""WLD"": 1}"
mv:GEMEINDE:13071166,2026-09-20T18:30:36.978667+00:00,2026-09-20T18:28:06.858461+00:00,547,1,False,"{""AfD"": 207, ""BSW"": 51, ""Bündnis C"": 1, ""CDU"": 45, ""Die Linke"": 19, ""FDP"": 2, ""GRÜNE"": 39, ""Handwerker Partei Deutschland"": 6, ""PIRATEN"": 1, ""PdF"": 1, ""SPD"": 172, ""Tierschutzpartei"": 3}"
mv:GEMEINDE:13071757,2026-09-20T18:30:36.978667+00:00,2026-09-20T18:28:06.858461+00:00,1353,1,False,"{""AfD"": 364, ""BSW"": 81, ""Bündnis C"": 2, ""CDU"": 136, ""Die Linke"": 71, ""Die PARTEI"": 5, ""FDP"": 17, ""FREIE WÄHLER"": 5, ""GRÜNE"": 57, ""Handwerker Partei Deutschland"": 8, ""KPD"": 1, ""PIRATEN"": 1, ""PdF"": 1, ""SPD"": 588, ""Team Freiheit"": 2, ""Tierschutzpartei"": 9, ""Volt"": 4, ""ÖDP"": 1}"
mv:GEMEINDE:13071762,2026-09-20T18:30:36.978667+00:00,2026-09-20T18:28:06.858461+00:00,713,1,False,"{""AfD"": 213, ""BSW"": 36, ""CDU"": 42, ""Die Linke"": 47, ""Die PARTEI"": 1, ""FDP"": 8, ""FREIE WÄHLER"": 8, ""GRÜNE"": 29, ""Handwerker Partei Deutschland"": 3, ""PIRATEN"": 1, ""PdF"": 2, ""SPD"": 313, ""Team Freiheit"": 5, ""Tierschutzpartei"": 2, ""ÖDP"": 3}"
mv:GEMEINDE:13071764,2026-09-20T18:30:36.978667+00:00,2026-09-20T18:28:06.858461+00:00,981,1,False,"{""AfD"": 365, ""BSW"": 65, ""CDU"": 66, ""Die Linke"": 52, ""FDP"": 5, ""FREIE WÄHLER"": 3, ""GRÜNE"": 33, ""Handwerker Partei Deutschland"": 14, ""KPD"": 1, ""PIRATEN"": 2, ""SPD"": 361, ""Team Freiheit"": 3, ""Tierschutzpartei"": 6, ""Volt"": 1, ""WLD"": 2, ""ÖDP"": 2}"
mv:GEMEINDE:13072001,2026-09-20T18:30:36.978667+00:00,2026-09-20T18:28:06.858461+00:00,597,1,False,"{""AfD"": 214, ""BSW"": 33, ""CDU"": 36, ""Die Linke"": 18, ""Die PARTEI"": 1, ""FDP"": 9, ""FREIE WÄHLER"": 2, ""GRÜNE"": 53, ""Handwerker Partei Deutschland"": 1, ""PIRATEN"": 1, ""SPD"": 219, ""Team Freiheit"": 2, ""Tierschutzpartei"": 5, ""ÖDP"": 3}"
mv:GEMEINDE:13072012,2026-09-20T18:30:36.978667+00:00,2026-09-20T18:28:06.858461+00:00,390,1,False,"{""AfD"": 166, ""BSW"": 13, ""CDU"": 5, ""Die Linke"": 13, ""Die PARTEI"": 1, ""FDP"": 7, ""FREIE WÄHLER"": 3, ""GRÜNE"": 26, ""KPD"": 1, ""PIRATEN"": 2, ""SPD"": 143, ""Team Freiheit"": 1, ""Tierschutzpartei"": 6, ""Volt"": 1, ""ÖDP"": 2}"
mv:GEMEINDE:13072019,2026-09-20T18:30:36.978667+00:00,2026-09-20T18:28:06.858461+00:00,945,1,False,"{""AfD"": 421, ""BSW"": 52, ""CDU"": 35, ""Die Linke"": 46, ""Die PARTEI"": 3, ""FDP"": 10, ""FREIE WÄHLER"": 3, ""GRÜNE"": 50, ""Handwerker Partei Deutschland"": 3, ""KPD"": 1, ""PIRATEN"": 1, ""PdF"": 2, ""SPD"": 296, ""Team Freiheit"": 4, ""Tierschutzpartei"": 14, ""Volt"": 2, ""WLD"": 1, ""ÖDP"": 1}"
mv:GEMEINDE:13072021,2026-09-20T18:30:36.978667+00:00,2026-09-20T18:28:06.858461+00:00,454,1,False,"{""AfD"": 197, ""BSW"": 18, ""CDU"": 14, ""Die Linke"": 23, ""Die PARTEI"": 3, ""FDP"": 2, ""GRÜNE"": 38, ""Handwerker Partei Deutschland"": 2, ""PIRATEN"": 4, ""PdF"": 1, ""SPD"": 145, ""Team Freiheit"": 1, ""Tierschutzpartei"": 3, ""Volt"": 3}"
mv:GEMEINDE:13072036,2026-09-20T18:30:36.978667+00:00,2026-09-20T18:28:06.858461+00:00,948,1,False,"{""AfD"": 171, ""BSW"": 43, ""Bündnis C"": 1, ""CDU"": 84, ""Die Linke"": 76, ""FDP"": 17, ""FREIE WÄHLER"": 7, ""GRÜNE"": 49, ""Handwerker Partei Deutschland"": 4, ""KPD"": 1, ""PIRATEN"": 5, ""PdF"": 1, ""SPD"": 475, ""Team Freiheit"": 2, ""Tierschutzpartei"": 9, ""Volt"": 1, ""WLD"": 1, ""ÖDP"": 1}"
mv:GEMEINDE:13072043,2026-09-20T18:30:36.978667+00:00,2026-09-20T18:28:06.858461+00:00,705,1,False,"{""AfD"": 350, ""BSW"": 28, ""Bündnis C"": 1, ""CDU"": 18, ""Die Linke"": 37, ""Die PARTEI"": 2, ""FDP"": 1, ""FREIE WÄHLER"": 6, ""GRÜNE"": 27, ""Handwerker Partei Deutschland"": 1, ""KPD"": 1, ""SPD"": 225, ""Team Freiheit"": 2, ""Tierschutzpartei"": 2, ""WLD"": 1, ""ÖDP"": 3}"
mv:GEMEINDE:13072060,2026-09-20T18:30:36.978667+00:00,2026-09-20T18:28:06.858461+00:00,1007,1,False,"{""AfD"": 239, ""BSW"": 51, ""CDU"": 77, ""Die Linke"": 53, ""Die PARTEI"": 1, ""FDP"": 14, ""FREIE WÄHLER"": 5, ""GRÜNE"": 54, ""Handwerker Partei Deutschland"": 7, ""PIRATEN"": 1, ""PdF"": 1, ""SPD"": 488, ""Team Freiheit"": 2, ""Tierschutzpartei"": 9, ""Volt"": 1, ""WLD"": 3, ""ÖDP"": 1}"
mv:GEMEINDE:13072074,2026-09-20T18:30:36.978667+00:00,2026-09-20T18:28:06.858461+00:00,1500,2,False,"{""AfD"": 547, ""BSW"": 80, ""Bündnis C"": 1, ""CDU"": 73, ""Die Linke"": 75, ""Die PARTEI"": 5, ""FDP"": 17, ""FREIE WÄHLER"": 4, ""GRÜNE"": 62, ""Handwerker Partei Deutschland"": 10, ""KPD"": 1, ""PIRATEN"": 5, ""PdF"": 2, ""SPD"": 592, ""Team Freiheit"": 5, ""Tierschutzpartei"": 16, ""Volt"": 2, ""WLD"": 2, ""ÖDP"": 1}"
mv:GEMEINDE:13072075,2026-09-20T18:30:36.978667+00:00,2026-09-20T18:28:06.858461+00:00,607,1,False,"{""AfD"": 237, ""BSW"": 39, ""CDU"": 31, ""Die Linke"": 30, ""FDP"": 13, ""GRÜNE"": 37, ""Handwerker Partei Deutschland"": 2, ""KPD"": 1, ""PdF"": 1, ""SPD"": 202, ""Team Freiheit"": 3, ""Tierschutzpartei"": 8, ""Volt"": 1, ""WLD"": 1, ""ÖDP"": 1}"
mv:GEMEINDE:13072077,2026-09-20T18:30:36.978667+00:00,2026-09-20T18:28:06.858461+00:00,1041,2,False,"{""AfD"": 320, ""BSW"": 67, ""CDU"": 56, ""Die Linke"": 74, ""Die PARTEI"": 3, ""FDP"": 13, ""FREIE WÄHLER"": 2, ""GRÜNE"": 123, ""Handwerker Partei Deutschland"": 4, ""KPD"": 1, ""PIRATEN"": 2, ""PdF"": 1, ""SPD"": 360, ""Team Freiheit"": 4, ""Tierschutzpartei"": 8, ""Volt"": 1, ""ÖDP"": 2}"
mv:GEMEINDE:13072085,2026-09-20T18:30:36.978667+00:00,2026-09-20T18:28:06.858461+00:00,462,1,False,"{""AfD"": 164, ""BSW"": 23, ""CDU"": 26, ""Die Linke"": 24, ""FDP"": 4, ""FREIE WÄHLER"": 2, ""GRÜNE"": 22, ""Handwerker Partei Deutschland"": 1, ""PIRATEN"": 2, ""SPD"": 184, ""Team Freiheit"": 1, ""Tierschutzpartei"": 7, ""ÖDP"": 2}"
mv:GEMEINDE:13072105,2026-09-20T18:30:36.978667+00:00,2026-09-20T18:28:06.858461+00:00,534,1,False,"{""AfD"": 258, ""BSW"": 36, ""CDU"": 25, ""Die Linke"": 18, ""Die PARTEI"": 2, ""FDP"": 1, ""FREIE WÄHLER"": 4, ""GRÜNE"": 15, ""Handwerker Partei Deutschland"": 1, ""PIRATEN"": 2, ""SPD"": 163, ""Team Freiheit"": 1, ""Tierschutzpartei"": 7, ""Volt"": 1}"
mv:GEMEINDE:13072110,2026-09-20T18:30:36.978667+00:00,2026-09-20T18:28:06.858461+00:00,208,1,False,"{""AfD"": 73, ""BSW"": 11, ""Bündnis C"": 1, ""CDU"": 11, ""Die Linke"": 25, ""Die PARTEI"": 2, ""FDP"": 5, ""FREIE WÄHLER"": 2, ""GRÜNE"": 11, ""Handwerker Partei Deutschland"": 2, ""PdF"": 1, ""SPD"": 61, ""Tierschutzpartei"": 2, ""WLD"": 1}"
mv:GEMEINDE:13072758,2026-09-20T18:30:36.978667+00:00,2026-09-20T18:28:06.858461+00:00,540,1,False,"{""AfD"": 129, ""BSW"": 52, ""CDU"": 59, ""Die Linke"": 25, ""FDP"": 5, ""FREIE WÄHLER"": 4, ""GRÜNE"": 26, ""Handwerker Partei Deutschland"": 9, ""PIRATEN"": 2, ""SPD"": 218, ""Team Freiheit"": 6, ""Tierschutzpartei"": 4, ""WLD"": 1}"
mv:GEMEINDE:13073002,2026-09-20T18:30:36.978667+00:00,2026-09-20T18:28:06.858461+00:00,322,1,False,"{""AfD"": 89, ""BSW"": 17, ""CDU"": 22, ""Die Linke"": 14, ""FDP"": 1, ""GRÜNE"": 32, ""Handwerker Partei Deutschland"": 1, ""KPD"": 1, ""PIRATEN"": 1, ""SPD"": 139, ""Team Freiheit"": 2, ""Tierschutzpartei"": 2, ""ÖDP"": 1}"
mv:GEMEINDE:13073010,2026-09-20T18:30:36.978667+00:00,2026-09-20T18:28:06.858461+00:00,642,1,False,"{""AfD"": 360, ""BSW"": 30, ""CDU"": 16, ""Die Linke"": 21, ""Die PARTEI"": 3, ""FDP"": 6, ""FREIE WÄHLER"": 2, ""GRÜNE"": 20, ""Handwerker Partei Deutschland"": 2, ""PIRATEN"": 2, ""SPD"": 169, ""Team Freiheit"": 4, ""Tierschutzpartei"": 4, ""Volt"": 1, ""WLD"": 2}"
mv:GEMEINDE:13073011,2026-09-20T18:30:36.978667+00:00,2026-09-20T18:28:06.858461+00:00,1431,2,False,"{""AfD"": 531, ""BSW"": 64, ""CDU"": 69, ""Die Linke"": 73, ""Die PARTEI"": 6, ""FDP"": 22, ""FREIE WÄHLER"": 2, ""GRÜNE"": 48, ""Handwerker Partei Deutschland"": 12, ""KPD"": 5, ""PIRATEN"": 3, ""PdF"": 5, ""SPD"": 538, ""Team Freiheit"": 6, ""Tierschutzpartei"": 34, ""Volt"": 6, ""WLD"": 2, ""ÖDP"": 5}"
mv:GEMEINDE:13073028,2026-09-20T18:30:36.978667+00:00,2026-09-20T18:28:06.858461+00:00,572,1,False,"{""AfD"": 306, ""BSW"": 33, ""CDU"": 21, ""Die Linke"": 24, ""Die PARTEI"": 1, ""FDP"": 2, ""FREIE WÄHLER"": 2, ""GRÜNE"": 13, ""Handwerker Partei Deutschland"": 4, ""PIRATEN"": 3, ""PdF"": 1, ""SPD"": 151, ""Team Freiheit"": 3, ""Tierschutzpartei"": 8}"
mv:GEMEINDE:13073040,2026-09-20T18:30:36.978667+00:00,2026-09-20T18:28:06.858461+00:00,316,1,False,"{""AfD"": 105, ""BSW"": 20, ""CDU"": 11, ""Die Linke"": 25, ""Die PARTEI"": 1, ""FDP"": 3, ""FREIE WÄHLER"": 1, ""GRÜNE"": 25, ""Handwerker Partei Deutschland"": 3, ""SPD"": 115, ""Team Freiheit"": 1, ""Tierschutzpartei"": 5, ""Volt"": 1}"
mv:GEMEINDE:13073055,2026-09-20T18:30:36.978667+00:00,2026-09-20T18:28:06.858461+00:00,405,1,False,"{""AfD"": 225, ""BSW"": 20, ""CDU"": 18, ""Die Linke"": 9, ""Die PARTEI"": 2, ""FDP"": 3, ""FREIE WÄHLER"": 2, ""GRÜNE"": 12, ""Handwerker Partei Deutschland"": 1, ""KPD"": 1, ""PIRATEN"": 2, ""SPD"": 100, ""Tierschutzpartei"": 7, ""WLD"": 2, ""ÖDP"": 1}"
mv:GEMEINDE:13073060,2026-09-20T18:30:36.978667+00:00,2026-09-20T18:28:06.858461+00:00,654,1,False,"{""AfD"": 379, ""BSW"": 18, ""CDU"": 18, ""Die Linke"": 21, ""Die PARTEI"": 1, ""FDP"": 5, ""FREIE WÄHLER"": 8, ""GRÜNE"": 22, ""Handwerker Partei Deutschland"": 6, ""PIRATEN"": 1, ""SPD"": 159, ""Tierschutzpartei"": 12, ""Volt"": 1, ""WLD"": 3}"
mv:GEMEINDE:13073063,2026-09-20T18:30:36.978667+00:00,2026-09-20T18:28:06.858461+00:00,378,1,False,"{""AfD"": 194, ""BSW"": 17, ""CDU"": 16, ""Die Linke"": 16, ""FDP"": 4, ""FREIE WÄHLER"": 1, ""GRÜNE"": 5, ""Handwerker Partei Deutschland"": 2, ""SPD"": 113, ""Team Freiheit"": 2, ""Tierschutzpartei"": 7, ""ÖDP"": 1}"
mv:GEMEINDE:13073079,2026-09-20T18:30:36.978667+00:00,2026-09-20T18:28:06.858461+00:00,421,1,False,"{""AfD"": 218, ""BSW"": 20, ""Bündnis C"": 1, ""CDU"": 21, ""Die Linke"": 19, ""Die PARTEI"": 1, ""FDP"": 3, ""FREIE WÄHLER"": 3, ""GRÜNE"": 2, ""Handwerker Partei Deutschland"": 5, ""PIRATEN"": 2, ""PdF"": 1, ""SPD"": 113, ""Team Freiheit"": 3, ""Tierschutzpartei"": 7, ""Volt"": 2}"
mv:GEMEINDE:13073087,2026-09-20T18:30:36.978667+00:00,2026-09-20T18:28:06.858461+00:00,397,1,False,"{""AfD"": 196, ""BSW"": 19, ""CDU"": 21, ""Die Linke"": 13, ""Die PARTEI"": 1, ""FDP"": 9, ""FREIE WÄHLER"": 1, ""GRÜNE"": 15, ""SPD"": 113, ""Team Freiheit"": 1, ""Tierschutzpartei"": 7, ""ÖDP"": 1}"
mv:GEMEINDE:13073088,2026-09-20T18:30:36.978667+00:00,2026-09-20T18:28:06.858461+00:00,2430,3,False,"{""AfD"": 589, ""BSW"": 111, ""Bündnis C"": 6, ""CDU"": 152, ""Die Linke"": 210, ""Die PARTEI"": 16, ""FDP"": 27, ""FREIE WÄHLER"": 11, ""GRÜNE"": 233, ""Handwerker Partei Deutschland"": 13, ""KPD"": 3, ""PIRATEN"": 12, ""PdF"": 4, ""SPD"": 953, ""Team Freiheit"": 16, ""Tierschutzpartei"": 55, ""Volt"": 11, ""WLD"": 3, ""ÖDP"": 5}"
mv:GEMEINDE:13073103,2026-09-20T18:30:36.978667+00:00,2026-09-20T18:28:06.858461+00:00,477,1,False,"{""AfD"": 169, ""BSW"": 13, ""CDU"": 25, ""Die Linke"": 16, ""Die PARTEI"": 1, ""FDP"": 5, ""GRÜNE"": 40, ""Handwerker Partei Deutschland"": 1, ""PIRATEN"": 2, ""SPD"": 198, ""Team Freiheit"": 1, ""Tierschutzpartei"": 5, ""Volt"": 1}"
mv:GEMEINDE:13073753,2026-09-20T18:30:36.978667+00:00,2026-09-20T18:28:06.858461+00:00,584,1,False,"{""AfD"": 218, ""BSW"": 36, ""Bündnis C"": 1, ""CDU"": 41, ""Die Linke"": 40, ""Die PARTEI"": 5, ""FDP"": 5, ""FREIE WÄHLER"": 3, ""GRÜNE"": 23, ""Handwerker Partei Deutschland"": 4, ""PIRATEN"": 1, ""SPD"": 182, ""Team Freiheit"": 4, ""Tierschutzpartei"": 16, ""Volt"": 2, ""WLD"": 1, ""ÖDP"": 2}"
mv:GEMEINDE:13074017,2026-09-20T18:30:36.978667+00:00,2026-09-20T18:28:06.858461+00:00,472,1,False,"{""AfD"": 204, ""BSW"": 25, ""CDU"": 11, ""Die Linke"": 24, ""FDP"": 7, ""FREIE WÄHLER"": 3, ""GRÜNE"": 15, ""Handwerker Partei Deutschland"": 1, ""KPD"": 1, ""PIRATEN"": 2, ""PdF"": 1, ""SPD"": 169, ""Team Freiheit"": 2, ""Tierschutzpartei"": 6, ""WLD"": 1}"
mv:GEMEINDE:13074019,2026-09-20T18:30:36.978667+00:00,2026-09-20T18:28:06.858461+00:00,631,1,False,"{""AfD"": 285, ""BSW"": 40, ""Bündnis C"": 1, ""CDU"": 20, ""Die Linke"": 22, ""Die PARTEI"": 3, ""FDP"": 12, ""FREIE WÄHLER"": 1, ""GRÜNE"": 20, ""Handwerker Partei Deutschland"": 6, ""PIRATEN"": 2, ""SPD"": 209, ""Team Freiheit"": 2, ""Tierschutzpartei"": 6, ""WLD"": 1, ""ÖDP"": 1}"
mv:GEMEINDE:13074022,2026-09-20T18:30:36.978667+00:00,2026-09-20T18:28:06.858461+00:00,448,1,False,"{""AfD"": 175, ""BSW"": 21, ""Bündnis C"": 1, ""CDU"": 12, ""Die Linke"": 41, ""FDP"": 7, ""FREIE WÄHLER"": 2, ""GRÜNE"": 16, ""Handwerker Partei Deutschland"": 4, ""PIRATEN"": 1, ""PdF"": 2, ""SPD"": 159, ""Team Freiheit"": 2, ""Tierschutzpartei"": 5}"
mv:GEMEINDE:13074034,2026-09-20T18:30:36.978667+00:00,2026-09-20T18:28:06.858461+00:00,604,1,False,"{""AfD"": 268, ""BSW"": 33, ""CDU"": 20, ""Die Linke"": 26, ""Die PARTEI"": 1, ""FDP"": 5, ""FREIE WÄHLER"": 1, ""GRÜNE"": 38, ""Handwerker Partei Deutschland"": 2, ""KPD"": 1, ""SPD"": 192, ""Tierschutzpartei"": 13, ""Volt"": 2, ""ÖDP"": 2}"
mv:GEMEINDE:13074047,2026-09-20T18:30:36.978667+00:00,2026-09-20T18:28:06.858461+00:00,835,1,False,"{""AfD"": 349, ""BSW"": 49, ""CDU"": 50, ""Die Linke"": 36, ""Die PARTEI"": 1, ""FDP"": 10, ""FREIE WÄHLER"": 2, ""GRÜNE"": 48, ""Handwerker Partei Deutschland"": 3, ""PIRATEN"": 2, ""PdF"": 1, ""SPD"": 268, ""Team Freiheit"": 5, ""Tierschutzpartei"": 9, ""Volt"": 1, ""ÖDP"": 1}"
mv:GEMEINDE:13074072,2026-09-20T18:30:36.978667+00:00,2026-09-20T18:28:06.858461+00:00,230,1,False,"{""AfD"": 124, ""BSW"": 33, ""Bündnis C"": 1, ""CDU"": 4, ""Die Linke"": 7, ""Die PARTEI"": 1, ""FDP"": 2, ""GRÜNE"": 3, ""Handwerker Partei Deutschland"": 2, ""PdF"": 1, ""SPD"": 51, ""Tierschutzpartei"": 1}"
mv:GEMEINDE:13074075,2026-09-20T18:30:36.978667+00:00,2026-09-20T18:28:06.858461+00:00,474,1,False,"{""AfD"": 170, ""BSW"": 22, ""CDU"": 34, ""Die Linke"": 15, ""Die PARTEI"": 2, ""FDP"": 7, ""FREIE WÄHLER"": 1, ""GRÜNE"": 46, ""Handwerker Partei Deutschland"": 2, ""PIRATEN"": 1, ""SPD"": 166, ""Team Freiheit"": 2, ""Tierschutzpartei"": 4, ""ÖDP"": 2}"
mv:GEMEINDE:13074087,2026-09-20T18:30:36.978667+00:00,2026-09-20T18:28:06.858461+00:00,1778,2,False,"{""AfD"": 287, ""BSW"": 59, ""Bündnis C"": 3, ""CDU"": 104, ""Die Linke"": 189, ""Die PARTEI"": 3, ""FDP"": 32, ""FREIE WÄHLER"": 7, ""GRÜNE"": 254, ""Handwerker Partei Deutschland"": 7, ""KPD"": 1, ""PIRATEN"": 2, ""PdF"": 1, ""SPD"": 784, ""Team Freiheit"": 6, ""Tierschutzpartei"": 20, ""Volt"": 13, ""WLD"": 1, ""ÖDP"": 5}"
mv:GEMEINDE:13074752,2026-09-20T18:30:36.978667+00:00,2026-09-20T18:28:06.858461+00:00,1213,1,False,"{""AfD"": 292, ""BSW"": 54, ""Bündnis C"": 1, ""CDU"": 88, ""Die Linke"": 112, ""Die PARTEI"": 3, ""FDP"": 15, ""FREIE WÄHLER"": 2, ""GRÜNE"": 52, ""Handwerker Partei Deutschland"": 11, ""KPD"": 2, ""PIRATEN"": 2, ""PdF"": 1, ""SPD"": 564, ""Team Freiheit"": 2, ""Tierschutzpartei"": 11, ""Volt"": 1}"
mv:GEMEINDE:13074755,2026-09-20T18:30:36.978667+00:00,2026-09-20T18:28:06.858461+00:00,701,1,False,"{""AfD"": 159, ""BSW"": 52, ""CDU"": 70, ""Die Linke"": 36, ""Die PARTEI"": 2, ""FDP"": 8, ""FREIE WÄHLER"": 3, ""GRÜNE"": 28, ""Handwerker Partei Deutschland"": 4, ""SPD"": 324, ""Team Freiheit"": 1, ""Tierschutzpartei"": 12, ""Volt"": 2}"
mv:GEMEINDE:13075031,2026-09-20T18:30:36.978667+00:00,2026-09-20T18:28:06.858461+00:00,625,1,False,"{""AfD"": 378, ""BSW"": 14, ""CDU"": 14, ""Die Linke"": 20, ""Die PARTEI"": 1, ""FDP"": 4, ""FREIE WÄHLER"": 3, ""GRÜNE"": 6, ""Handwerker Partei Deutschland"": 2, ""SPD"": 175, ""Team Freiheit"": 2, ""Tierschutzpartei"": 4, ""WLD"": 1, ""ÖDP"": 1}"
mv:GEMEINDE:13075039,2026-09-20T18:30:36.978667+00:00,2026-09-20T18:28:06.858461+00:00,4356,7,False,"{""AfD"": 970, ""BSW"": 142, ""Bündnis C"": 3, ""CDU"": 201, ""Die Linke"": 696, ""Die PARTEI"": 14, ""FDP"": 52, ""FREIE WÄHLER"": 7, ""GRÜNE"": 621, ""Handwerker Partei Deutschland"": 17, ""KPD"": 5, ""PIRATEN"": 6, ""PdF"": 8, ""SPD"": 1514, ""Team Freiheit"": 5, ""Tierschutzpartei"": 65, ""Volt"": 25, ""WLD"": 4, ""ÖDP"": 1}"
mv:GEMEINDE:13075102,2026-09-20T18:30:36.978667+00:00,2026-09-20T18:28:06.858461+00:00,949,1,False,"{""AfD"": 384, ""BSW"": 32, ""Bündnis C"": 1, ""CDU"": 65, ""Die Linke"": 40, ""Die PARTEI"": 1, ""FDP"": 11, ""FREIE WÄHLER"": 2, ""GRÜNE"": 98, ""Handwerker Partei Deutschland"": 3, ""PIRATEN"": 1, ""SPD"": 292, ""Team Freiheit"": 3, ""Tierschutzpartei"": 13, ""Volt"": 2, ""ÖDP"": 1}"
mv:GEMEINDE:13075146,2026-09-20T18:30:36.978667+00:00,2026-09-20T18:28:06.858461+00:00,550,1,False,"{""AfD"": 300, ""BSW"": 24, ""CDU"": 22, ""Die Linke"": 18, ""Die PARTEI"": 1, ""FDP"": 7, ""FREIE WÄHLER"": 2, ""GRÜNE"": 16, ""Handwerker Partei Deutschland"": 5, ""PIRATEN"": 1, ""SPD"": 146, ""Tierschutzpartei"": 7, ""WLD"": 1}"
mv:GEMEINDE:13075156,2026-09-20T18:30:36.978667+00:00,2026-09-20T18:28:06.858461+00:00,592,1,False,"{""AfD"": 300, ""BSW"": 26, ""Bündnis C"": 1, ""CDU"": 19, ""Die Linke"": 41, ""Die PARTEI"": 1, ""FDP"": 10, ""GRÜNE"": 23, ""Handwerker Partei Deutschland"": 2, ""SPD"": 156, ""Tierschutzpartei"": 12, ""ÖDP"": 1}"
mv:GEMEINDE:13075756,2026-09-20T18:30:36.978667+00:00,2026-09-20T18:28:06.858461+00:00,1391,1,False,"{""AfD"": 494, ""BSW"": 73, ""Bündnis C"": 2, ""CDU"": 114, ""Die Linke"": 74, ""Die PARTEI"": 5, ""FDP"": 20, ""FREIE WÄHLER"": 6, ""GRÜNE"": 48, ""Handwerker Partei Deutschland"": 8, ""KPD"": 1, ""PIRATEN"": 2, ""PdF"": 3, ""SPD"": 507, ""Team Freiheit"": 4, ""Tierschutzpartei"": 26, ""Volt"": 3, ""WLD"": 1}"
mv:GEMEINDE:13076035,2026-09-20T18:30:36.978667+00:00,2026-09-20T18:28:06.858461+00:00,602,1,False,"{""AfD"": 312, ""BSW"": 48, ""Bündnis C"": 1, ""CDU"": 22, ""Die Linke"": 16, ""Die PARTEI"": 2, ""FDP"": 5, ""FREIE WÄHLER"": 1, ""GRÜNE"": 15, ""Handwerker Partei Deutschland"": 2, ""KPD"": 1, ""SPD"": 166, ""Team Freiheit"": 2, ""Tierschutzpartei"": 3, ""Volt"": 1, ""WLD"": 4, ""ÖDP"": 1}"
mv:GEMEINDE:13076048,2026-09-20T18:30:36.978667+00:00,2026-09-20T18:28:06.858461+00:00,531,1,False,"{""AfD"": 268, ""BSW"": 17, ""CDU"": 13, ""Die Linke"": 23, ""FDP"": 1, ""FREIE WÄHLER"": 5, ""GRÜNE"": 4, ""KPD"": 2, ""SPD"": 187, ""Team Freiheit"": 4, ""Tierschutzpartei"": 6, ""WLD"": 1}"
mv:GEMEINDE:13076090,2026-09-20T18:30:36.978667+00:00,2026-09-20T18:28:06.858461+00:00,689,1,False,"{""AfD"": 129, ""BSW"": 28, ""Bündnis C"": 4, ""CDU"": 61, ""Die Linke"": 63, ""Die PARTEI"": 1, ""FDP"": 10, ""FREIE WÄHLER"": 7, ""GRÜNE"": 41, ""Handwerker Partei Deutschland"": 8, ""PIRATEN"": 1, ""SPD"": 317, ""Team Freiheit"": 6, ""Tierschutzpartei"": 6, ""Volt"": 3, ""WLD"": 3, ""ÖDP"": 1}"
mv:GEMEINDE:13076105,2026-09-20T18:30:36.978667+00:00,2026-09-20T18:28:06.858461+00:00,419,1,False,"{""AfD"": 226, ""BSW"": 18, ""CDU"": 11, ""Die Linke"": 16, ""FDP"": 1, ""FREIE WÄHLER"": 3, ""GRÜNE"": 10, ""Handwerker Partei Deutschland"": 2, ""PIRATEN"": 2, ""SPD"": 118, ""Team Freiheit"": 1, ""Tierschutzpartei"": 9, ""Volt"": 1, ""ÖDP"": 1}"
mv:GEMEINDE:13076109,2026-09-20T18:30:36.978667+00:00,2026-09-20T18:28:06.858461+00:00,384,1,False,"{""AfD"": 211, ""BSW"": 18, ""CDU"": 17, ""Die Linke"": 13, ""FDP"": 1, ""GRÜNE"": 10, ""PIRATEN"": 1, ""SPD"": 104, ""Tierschutzpartei"": 4, ""WLD"": 5}"
mv:GEMEINDE:13076153,2026-09-20T18:30:36.978667+00:00,2026-09-20T18:28:06.858461+00:00,249,1,False,"{""AfD"": 120, ""BSW"": 13, ""Bündnis C"": 2, ""CDU"": 8, ""Die Linke"": 6, ""FDP"": 3, ""FREIE WÄHLER"": 2, ""GRÜNE"": 3, ""Handwerker Partei Deutschland"": 3, ""PIRATEN"": 1, ""SPD"": 84, ""Tierschutzpartei"": 3, ""WLD"": 1}"
mv:GEMEINDE:13076754,2026-09-20T18:30:36.978667+00:00,2026-09-20T18:28:06.858461+00:00,1629,1,False,"{""AfD"": 389, ""BSW"": 72, ""Bündnis C"": 2, ""CDU"": 104, ""Die Linke"": 107, ""Die PARTEI"": 5, ""FDP"": 22, ""FREIE WÄHLER"": 6, ""GRÜNE"": 80, ""Handwerker Partei Deutschland"": 8, ""KPD"": 1, ""PIRATEN"": 5, ""PdF"": 2, ""SPD"": 775, ""Team Freiheit"": 11, ""Tierschutzpartei"": 29, ""Volt"": 2, ""WLD"": 5, ""ÖDP"": 4}"
mv:GEMEINDE:13076756,2026-09-20T18:30:36.978667+00:00,2026-09-20T18:28:06.858461+00:00,931,1,False,"{""AfD"": 219, ""BSW"": 40, ""CDU"": 65, ""Die Linke"": 52, ""Die PARTEI"": 3, ""FDP"": 8, ""FREIE WÄHLER"": 8, ""GRÜNE"": 32, ""Handwerker Partei Deutschland"": 7, ""KPD"": 2, ""PIRATEN"": 1, ""SPD"": 472, ""Team Freiheit"": 2, ""Tierschutzpartei"": 12, ""Volt"": 2, ""WLD"": 2, ""ÖDP"": 4}"
mv:GEMEINDE:13076758,2026-09-20T18:30:36.978667+00:00,2026-09-20T18:28:06.858461+00:00,1292,1,False,"{""AfD"": 333, ""BSW"": 67, ""CDU"": 100, ""Die Linke"": 75, ""Die PARTEI"": 3, ""FDP"": 10, ""FREIE WÄHLER"": 7, ""GRÜNE"": 71, ""Handwerker Partei Deutschland"": 16, ""KPD"": 1, ""PIRATEN"": 7, ""PdF"": 1, ""SPD"": 569, ""Team Freiheit"": 11, ""Tierschutzpartei"": 12, ""Volt"": 1, ""WLD"": 5, ""ÖDP"": 3}"
mv:GEMEINDE:13076762,2026-09-20T18:30:36.978667+00:00,2026-09-20T18:28:06.858461+00:00,1189,2,False,"{""AfD"": 306, ""BSW"": 67, ""CDU"": 90, ""Die Linke"": 72, ""Die PARTEI"": 5, ""FDP"": 16, ""FREIE WÄHLER"": 9, ""GRÜNE"": 49, ""Handwerker Partei Deutschland"": 9, ""KPD"": 1, ""PIRATEN"": 1, ""PdF"": 5, ""SPD"": 533, ""Team Freiheit"": 5, ""Tierschutzpartei"": 10, ""Volt"": 4, ""WLD"": 4, ""ÖDP"": 3}"
mv:GEMEINDE:13076768,2026-09-20T18:30:36.978667+00:00,2026-09-20T18:28:06.858461+00:00,1981,2,False,"{""AfD"": 474, ""BSW"": 104, ""CDU"": 163, ""Die Linke"": 114, ""Die PARTEI"": 9, ""FDP"": 34, ""FREIE WÄHLER"": 9, ""GRÜNE"": 117, ""Handwerker Partei Deutschland"": 25, ""KPD"": 2, ""PIRATEN"": 11, ""PdF"": 3, ""SPD"": 880, ""Team Freiheit"": 5, ""Tierschutzpartei"": 17, ""Volt"": 4, ""WLD"": 6, ""ÖDP"": 4}"
mv:WAHLKREIS:1,2026-09-20T18:30:36.978667+00:00,2026-09-20T18:28:06.858461+00:00,4356,7,False,"{""AfD"": 970, ""BSW"": 142, ""Bündnis C"": 3, ""CDU"": 201, ""Die Linke"": 696, ""Die PARTEI"": 14, ""FDP"": 52, ""FREIE WÄHLER"": 7, ""GRÜNE"": 621, ""Handwerker Partei Deutschland"": 17, ""KPD"": 5, ""PIRATEN"": 6, ""PdF"": 8, ""SPD"": 1514, ""Team Freiheit"": 5, ""Tierschutzpartei"": 65, ""Volt"": 25, ""WLD"": 4, ""ÖDP"": 1}"
mv:WAHLKREIS:10,2026-09-20T18:30:36.978667+00:00,2026-09-20T18:28:06.858461+00:00,1778,2,False,"{""AfD"": 287, ""BSW"": 59, ""Bündnis C"": 3, ""CDU"": 104, ""Die Linke"": 189, ""Die PARTEI"": 3, ""FDP"": 32, ""FREIE WÄHLER"": 7, ""GRÜNE"": 254, ""Handwerker Partei Deutschland"": 7, ""KPD"": 1, ""PIRATEN"": 2, ""PdF"": 1, ""SPD"": 784, ""Team Freiheit"": 6, ""Tierschutzpartei"": 20, ""Volt"": 13, ""WLD"": 1, ""ÖDP"": 5}"
mv:WAHLKREIS:11,2026-09-20T18:30:36.978667+00:00,2026-09-20T18:28:06.858461+00:00,4173,6,False,"{""AfD"": 1401, ""BSW"": 226, ""Bündnis C"": 1, ""CDU"": 243, ""Die Linke"": 200, ""Die PARTEI"": 7, ""FDP"": 57, ""FREIE WÄHLER"": 13, ""GRÜNE"": 228, ""Handwerker Partei Deutschland"": 21, ""KPD"": 2, ""PIRATEN"": 9, ""PdF"": 4, ""SPD"": 1685, ""Team Freiheit"": 13, ""Tierschutzpartei"": 45, ""Volt"": 4, ""WLD"": 6, ""ÖDP"": 8}"
mv:WAHLKREIS:12,2026-09-20T18:30:36.978667+00:00,2026-09-20T18:28:06.858461+00:00,4312,7,False,"{""AfD"": 1533, ""BSW"": 229, ""Bündnis C"": 1, ""CDU"": 219, ""Die Linke"": 250, ""Die PARTEI"": 12, ""FDP"": 50, ""FREIE WÄHLER"": 19, ""GRÜNE"": 301, ""Handwerker Partei Deutschland"": 14, ""KPD"": 4, ""PIRATEN"": 16, ""PdF"": 5, ""SPD"": 1582, ""Team Freiheit"": 13, ""Tierschutzpartei"": 47, ""Volt"": 9, ""WLD"": 2, ""ÖDP"": 6}"
mv:WAHLKREIS:14,2026-09-20T18:30:36.978667+00:00,2026-09-20T18:28:06.858461+00:00,713,1,False,"{""AfD"": 213, ""BSW"": 36, ""CDU"": 42, ""Die Linke"": 47, ""Die PARTEI"": 1, ""FDP"": 8, ""FREIE WÄHLER"": 8, ""GRÜNE"": 29, ""Handwerker Partei Deutschland"": 3, ""PIRATEN"": 1, ""PdF"": 2, ""SPD"": 313, ""Team Freiheit"": 5, ""Tierschutzpartei"": 2, ""ÖDP"": 3}"
mv:WAHLKREIS:15,2026-09-20T18:30:36.978667+00:00,2026-09-20T18:28:06.858461+00:00,748,2,False,"{""AfD"": 202, ""BSW"": 63, ""Bündnis C"": 1, ""CDU"": 70, ""Die Linke"": 50, ""Die PARTEI"": 2, ""FDP"": 10, ""FREIE WÄHLER"": 6, ""GRÜNE"": 37, ""Handwerker Partei Deutschland"": 11, ""PIRATEN"": 2, ""PdF"": 1, ""SPD"": 279, ""Team Freiheit"": 6, ""Tierschutzpartei"": 6, ""WLD"": 2}"
mv:WAHLKREIS:16,2026-09-20T18:30:36.978667+00:00,2026-09-20T18:28:06.858461+00:00,705,1,False,"{""AfD"": 350, ""BSW"": 28, ""Bündnis C"": 1, ""CDU"": 18, ""Die Linke"": 37, ""Die PARTEI"": 2, ""FDP"": 1, ""FREIE WÄHLER"": 6, ""GRÜNE"": 27, ""Handwerker Partei Deutschland"": 1, ""KPD"": 1, ""SPD"": 225, ""Team Freiheit"": 2, ""Tierschutzpartei"": 2, ""WLD"": 1, ""ÖDP"": 3}"
mv:WAHLKREIS:17,2026-09-20T18:30:36.978667+00:00,2026-09-20T18:28:06.858461+00:00,1629,1,False,"{""AfD"": 389, ""BSW"": 72, ""Bündnis C"": 2, ""CDU"": 104, ""Die Linke"": 107, ""Die PARTEI"": 5, ""FDP"": 22, ""FREIE WÄHLER"": 6, ""GRÜNE"": 80, ""Handwerker Partei Deutschland"": 8, ""KPD"": 1, ""PIRATEN"": 5, ""PdF"": 2, ""SPD"": 775, ""Team Freiheit"": 11, ""Tierschutzpartei"": 29, ""Volt"": 2, ""WLD"": 5, ""ÖDP"": 4}"
mv:WAHLKREIS:18,2026-09-20T18:30:36.978667+00:00,2026-09-20T18:28:06.858461+00:00,1541,2,False,"{""AfD"": 453, ""BSW"": 80, ""Bündnis C"": 2, ""CDU"": 108, ""Die Linke"": 81, ""Die PARTEI"": 3, ""FDP"": 13, ""FREIE WÄHLER"": 9, ""GRÜNE"": 74, ""Handwerker Partei Deutschland"": 19, ""KPD"": 1, ""PIRATEN"": 8, ""PdF"": 1, ""SPD"": 653, ""Team Freiheit"": 11, ""Tierschutzpartei"": 15, ""Volt"": 1, ""WLD"": 6, ""ÖDP"": 3}"
mv:WAHLKREIS:19,2026-09-20T18:30:36.978667+00:00,2026-09-20T18:28:06.858461+00:00,1108,2,False,"{""AfD"": 355, ""BSW"": 46, ""Bündnis C"": 4, ""CDU"": 72, ""Die Linke"": 79, ""Die PARTEI"": 1, ""FDP"": 11, ""FREIE WÄHLER"": 10, ""GRÜNE"": 51, ""Handwerker Partei Deutschland"": 10, ""PIRATEN"": 3, ""SPD"": 435, ""Team Freiheit"": 7, ""Tierschutzpartei"": 15, ""Volt"": 4, ""WLD"": 3, ""ÖDP"": 2}"
mv:WAHLKREIS:2,2026-09-20T18:30:36.978667+00:00,2026-09-20T18:28:06.858461+00:00,2111,3,False,"{""AfD"": 741, ""BSW"": 121, ""CDU"": 112, ""Die Linke"": 159, ""Die PARTEI"": 3, ""FDP"": 14, ""FREIE WÄHLER"": 7, ""GRÜNE"": 58, ""Handwerker Partei Deutschland"": 8, ""KPD"": 3, ""PIRATEN"": 1, ""PdF"": 1, ""SPD"": 858, ""Team Freiheit"": 9, ""Tierschutzpartei"": 11, ""WLD"": 5}"
mv:WAHLKREIS:20,2026-09-20T18:30:36.978667+00:00,2026-09-20T18:28:06.858461+00:00,1029,2,False,"{""AfD"": 448, ""BSW"": 46, ""CDU"": 44, ""Die Linke"": 56, ""Die PARTEI"": 2, ""FDP"": 10, ""GRÜNE"": 39, ""Handwerker Partei Deutschland"": 6, ""KPD"": 2, ""PIRATEN"": 2, ""SPD"": 359, ""Team Freiheit"": 4, ""Tierschutzpartei"": 9, ""WLD"": 2}"
mv:WAHLKREIS:21,2026-09-20T18:30:36.978667+00:00,2026-09-20T18:28:06.858461+00:00,263,1,False,"{""AfD"": 132, ""BSW"": 11, ""CDU"": 3, ""Die Linke"": 17, ""FDP"": 4, ""GRÜNE"": 13, ""Handwerker Partei Deutschland"": 1, ""PIRATEN"": 1, ""SPD"": 75, ""Team Freiheit"": 1, ""Tierschutzpartei"": 5}"
mv:WAHLKREIS:22,2026-09-20T18:30:36.978667+00:00,2026-09-20T18:28:06.858461+00:00,3742,6,False,"{""AfD"": 1415, ""BSW"": 251, ""Bündnis C"": 3, ""CDU"": 264, ""Die Linke"": 174, ""Die PARTEI"": 6, ""FDP"": 25, ""FREIE WÄHLER"": 9, ""GRÜNE"": 146, ""Handwerker Partei Deutschland"": 32, ""KPD"": 2, ""PIRATEN"": 6, ""PdF"": 2, ""SPD"": 1358, ""Team Freiheit"": 9, ""Tierschutzpartei"": 28, ""Volt"": 5, ""WLD"": 3, ""ÖDP"": 4}"
mv:WAHLKREIS:23,2026-09-20T18:30:36.978667+00:00,2026-09-20T18:28:06.858461+00:00,1204,3,False,"{""AfD"": 483, ""BSW"": 50, ""CDU"": 65, ""Die Linke"": 39, ""Die PARTEI"": 3, ""FDP"": 9, ""FREIE WÄHLER"": 2, ""GRÜNE"": 84, ""Handwerker Partei Deutschland"": 3, ""KPD"": 2, ""PIRATEN"": 5, ""SPD"": 437, ""Team Freiheit"": 3, ""Tierschutzpartei"": 14, ""Volt"": 1, ""WLD"": 2, ""ÖDP"": 2}"
mv:WAHLKREIS:25,2026-09-20T18:30:36.978667+00:00,2026-09-20T18:28:06.858461+00:00,1806,3,False,"{""AfD"": 743, ""BSW"": 67, ""Bündnis C"": 1, ""CDU"": 86, ""Die Linke"": 94, ""Die PARTEI"": 5, ""FDP"": 25, ""FREIE WÄHLER"": 17, ""GRÜNE"": 69, ""Handwerker Partei Deutschland"": 11, ""KPD"": 2, ""PIRATEN"": 2, ""PdF"": 3, ""SPD"": 618, ""Team Freiheit"": 3, ""Tierschutzpartei"": 49, ""Volt"": 5, ""WLD"": 4, ""ÖDP"": 2}"
mv:WAHLKREIS:26,2026-09-20T18:30:36.978667+00:00,2026-09-20T18:28:06.858461+00:00,1675,2,False,"{""AfD"": 421, ""BSW"": 81, ""Bündnis C"": 5, ""CDU"": 105, ""Die Linke"": 150, ""Die PARTEI"": 13, ""FDP"": 16, ""FREIE WÄHLER"": 3, ""GRÜNE"": 201, ""Handwerker Partei Deutschland"": 8, ""KPD"": 1, ""PIRATEN"": 11, ""PdF"": 1, ""SPD"": 607, ""Team Freiheit"": 14, ""Tierschutzpartei"": 25, ""Volt"": 7, ""WLD"": 2, ""ÖDP"": 4}"
mv:WAHLKREIS:27,2026-09-20T18:30:36.978667+00:00,2026-09-20T18:28:06.858461+00:00,920,2,False,"{""AfD"": 379, ""BSW"": 46, ""Bündnis C"": 1, ""CDU"": 23, ""Die Linke"": 65, ""FDP"": 14, ""FREIE WÄHLER"": 5, ""GRÜNE"": 31, ""Handwerker Partei Deutschland"": 5, ""KPD"": 1, ""PIRATEN"": 3, ""PdF"": 3, ""SPD"": 328, ""Team Freiheit"": 4, ""Tierschutzpartei"": 11, ""WLD"": 1}"
mv:WAHLKREIS:28,2026-09-20T18:30:36.978667+00:00,2026-09-20T18:28:06.858461+00:00,4688,7,False,"{""AfD"": 1647, ""BSW"": 283, ""Bündnis C"": 3, ""CDU"": 286, ""Die Linke"": 254, ""Die PARTEI"": 13, ""FDP"": 59, ""FREIE WÄHLER"": 10, ""GRÜNE"": 235, ""Handwerker Partei Deutschland"": 30, ""KPD"": 3, ""PIRATEN"": 7, ""PdF"": 3, ""SPD"": 1774, ""Team Freiheit"": 12, ""Tierschutzpartei"": 56, ""Volt"": 6, ""WLD"": 1, ""ÖDP"": 6}"
mv:WAHLKREIS:29,2026-09-20T18:30:36.978667+00:00,2026-09-20T18:28:06.858461+00:00,1541,2,False,"{""AfD"": 684, ""BSW"": 58, ""Bündnis C"": 2, ""CDU"": 84, ""Die Linke"": 81, ""Die PARTEI"": 2, ""FDP"": 21, ""FREIE WÄHLER"": 2, ""GRÜNE"": 121, ""Handwerker Partei Deutschland"": 5, ""PIRATEN"": 1, ""SPD"": 448, ""Team Freiheit"": 3, ""Tierschutzpartei"": 25, ""Volt"": 2, ""ÖDP"": 2}"
mv:WAHLKREIS:3,2026-09-20T18:30:36.978667+00:00,2026-09-20T18:28:06.858461+00:00,1788,2,False,"{""AfD"": 402, ""BSW"": 136, ""Bündnis C"": 1, ""CDU"": 105, ""Die Linke"": 154, ""Die PARTEI"": 4, ""FDP"": 26, ""FREIE WÄHLER"": 6, ""GRÜNE"": 109, ""Handwerker Partei Deutschland"": 5, ""PdF"": 1, ""SPD"": 810, ""Team Freiheit"": 7, ""Tierschutzpartei"": 12, ""Volt"": 4, ""WLD"": 3, ""ÖDP"": 3}"
mv:WAHLKREIS:30,2026-09-20T18:30:36.978667+00:00,2026-09-20T18:28:06.858461+00:00,550,1,False,"{""AfD"": 300, ""BSW"": 24, ""CDU"": 22, ""Die Linke"": 18, ""Die PARTEI"": 1, ""FDP"": 7, ""FREIE WÄHLER"": 2, ""GRÜNE"": 16, ""Handwerker Partei Deutschland"": 5, ""PIRATEN"": 1, ""SPD"": 146, ""Tierschutzpartei"": 7, ""WLD"": 1}"
mv:WAHLKREIS:31,2026-09-20T18:30:36.978667+00:00,2026-09-20T18:28:06.858461+00:00,2175,4,False,"{""AfD"": 829, ""BSW"": 133, ""Bündnis C"": 1, ""CDU"": 129, ""Die Linke"": 101, ""Die PARTEI"": 7, ""FDP"": 22, ""FREIE WÄHLER"": 10, ""GRÜNE"": 74, ""Handwerker Partei Deutschland"": 11, ""KPD"": 2, ""PIRATEN"": 2, ""PdF"": 5, ""SPD"": 803, ""Team Freiheit"": 7, ""Tierschutzpartei"": 17, ""Volt"": 5, ""WLD"": 13, ""ÖDP"": 4}"
mv:WAHLKREIS:32,2026-09-20T18:30:36.978667+00:00,2026-09-20T18:28:06.858461+00:00,3443,4,False,"{""AfD"": 961, ""BSW"": 161, ""CDU"": 241, ""Die Linke"": 189, ""Die PARTEI"": 12, ""FDP"": 43, ""FREIE WÄHLER"": 22, ""GRÜNE"": 153, ""Handwerker Partei Deutschland"": 32, ""KPD"": 6, ""PIRATEN"": 12, ""PdF"": 3, ""SPD"": 1539, ""Team Freiheit"": 11, ""Tierschutzpartei"": 35, ""Volt"": 6, ""WLD"": 9, ""ÖDP"": 8}"
mv:WAHLKREIS:33,2026-09-20T18:30:36.978667+00:00,2026-09-20T18:28:06.858461+00:00,1309,3,False,"{""AfD"": 629, ""BSW"": 73, ""Bündnis C"": 1, ""CDU"": 53, ""Die Linke"": 68, ""Die PARTEI"": 3, ""FDP"": 8, ""FREIE WÄHLER"": 6, ""GRÜNE"": 40, ""Handwerker Partei Deutschland"": 12, ""PIRATEN"": 5, ""PdF"": 2, ""SPD"": 379, ""Team Freiheit"": 7, ""Tierschutzpartei"": 20, ""Volt"": 3}"
mv:WAHLKREIS:34,2026-09-20T18:30:36.978667+00:00,2026-09-20T18:28:06.858461+00:00,3035,5,False,"{""AfD"": 1303, ""BSW"": 147, ""Bündnis C"": 1, ""CDU"": 142, ""Die Linke"": 150, ""Die PARTEI"": 14, ""FDP"": 37, ""FREIE WÄHLER"": 8, ""GRÜNE"": 96, ""Handwerker Partei Deutschland"": 20, ""KPD"": 5, ""PIRATEN"": 6, ""PdF"": 5, ""SPD"": 1002, ""Team Freiheit"": 16, ""Tierschutzpartei"": 61, ""Volt"": 9, ""WLD"": 5, ""ÖDP"": 8}"
mv:WAHLKREIS:35,2026-09-20T18:30:36.978667+00:00,2026-09-20T18:28:06.858461+00:00,625,1,False,"{""AfD"": 378, ""BSW"": 14, ""CDU"": 14, ""Die Linke"": 20, ""Die PARTEI"": 1, ""FDP"": 4, ""FREIE WÄHLER"": 3, ""GRÜNE"": 6, ""Handwerker Partei Deutschland"": 2, ""SPD"": 175, ""Team Freiheit"": 2, ""Tierschutzpartei"": 4, ""WLD"": 1, ""ÖDP"": 1}"
mv:WAHLKREIS:36,2026-09-20T18:30:36.978667+00:00,2026-09-20T18:28:06.858461+00:00,1391,1,False,"{""AfD"": 494, ""BSW"": 73, ""Bündnis C"": 2, ""CDU"": 114, ""Die Linke"": 74, ""Die PARTEI"": 5, ""FDP"": 20, ""FREIE WÄHLER"": 6, ""GRÜNE"": 48, ""Handwerker Partei Deutschland"": 8, ""KPD"": 1, ""PIRATEN"": 2, ""PdF"": 3, ""SPD"": 507, ""Team Freiheit"": 4, ""Tierschutzpartei"": 26, ""Volt"": 3, ""WLD"": 1}"
mv:WAHLKREIS:4,2026-09-20T18:30:36.978667+00:00,2026-09-20T18:28:06.858461+00:00,3686,6,False,"{""AfD"": 1316, ""BSW"": 190, ""Bündnis C"": 3, ""CDU"": 142, ""Die Linke"": 326, ""Die PARTEI"": 6, ""FDP"": 33, ""FREIE WÄHLER"": 8, ""GRÜNE"": 192, ""Handwerker Partei Deutschland"": 18, ""KPD"": 6, ""PIRATEN"": 7, ""PdF"": 2, ""SPD"": 1375, ""Team Freiheit"": 6, ""Tierschutzpartei"": 46, ""Volt"": 8, ""WLD"": 2}"
mv:WAHLKREIS:5,2026-09-20T18:30:36.978667+00:00,2026-09-20T18:28:06.858461+00:00,1474,2,False,"{""AfD"": 370, ""BSW"": 76, ""Bündnis C"": 1, ""CDU"": 84, ""Die Linke"": 172, ""Die PARTEI"": 5, ""FDP"": 13, ""FREIE WÄHLER"": 4, ""GRÜNE"": 94, ""Handwerker Partei Deutschland"": 6, ""KPD"": 1, ""PIRATEN"": 2, ""PdF"": 1, ""SPD"": 613, ""Team Freiheit"": 2, ""Tierschutzpartei"": 20, ""Volt"": 6, ""WLD"": 2, ""ÖDP"": 2}"
mv:WAHLKREIS:6,2026-09-20T18:30:36.978667+00:00,2026-09-20T18:28:06.858461+00:00,2232,3,False,"{""AfD"": 432, ""BSW"": 100, ""Bündnis C"": 1, ""CDU"": 155, ""Die Linke"": 228, ""Die PARTEI"": 5, ""FDP"": 32, ""FREIE WÄHLER"": 4, ""GRÜNE"": 367, ""Handwerker Partei Deutschland"": 4, ""PdF"": 4, ""SPD"": 878, ""Team Freiheit"": 1, ""Tierschutzpartei"": 9, ""Volt"": 8, ""WLD"": 2, ""ÖDP"": 2}"
mv:WAHLKREIS:7,2026-09-20T18:30:36.978667+00:00,2026-09-20T18:28:06.858461+00:00,2496,3,False,"{""AfD"": 754, ""BSW"": 124, ""Bündnis C"": 1, ""CDU"": 136, ""Die Linke"": 148, ""Die PARTEI"": 6, ""FDP"": 34, ""FREIE WÄHLER"": 9, ""GRÜNE"": 248, ""Handwerker Partei Deutschland"": 7, ""KPD"": 1, ""PIRATEN"": 5, ""PdF"": 6, ""SPD"": 982, ""Team Freiheit"": 9, ""Tierschutzpartei"": 17, ""Volt"": 4, ""WLD"": 2, ""ÖDP"": 3}"
mv:WAHLKREIS:8,2026-09-20T18:30:36.978667+00:00,2026-09-20T18:28:06.858461+00:00,2950,4,False,"{""AfD"": 830, ""BSW"": 169, ""Bündnis C"": 1, ""CDU"": 128, ""Die Linke"": 298, ""Die PARTEI"": 20, ""FDP"": 27, ""FREIE WÄHLER"": 11, ""GRÜNE"": 431, ""Handwerker Partei Deutschland"": 7, ""KPD"": 2, ""PIRATEN"": 7, ""SPD"": 975, ""Team Freiheit"": 12, ""Tierschutzpartei"": 21, ""Volt"": 6, ""WLD"": 3, ""ÖDP"": 2}"
mv:WAHLKREIS:9,2026-09-20T18:30:36.978667+00:00,2026-09-20T18:28:06.858461+00:00,1698,2,False,"{""AfD"": 504, ""BSW"": 88, ""Bündnis C"": 1, ""CDU"": 86, ""Die Linke"": 120, ""Die PARTEI"": 2, ""FDP"": 17, ""FREIE WÄHLER"": 6, ""GRÜNE"": 67, ""Handwerker Partei Deutschland"": 2, ""KPD"": 2, ""PIRATEN"": 1, ""SPD"": 782, ""Team Freiheit"": 2, ""Tierschutzpartei"": 12, ""Volt"": 3, ""WLD"": 2, ""ÖDP"": 1}"
mv:GEMEINDE:13003000,2026-09-20T18:40:36.869614+00:00,2026-09-20T18:38:06.955443+00:00,10088,12,False,"{""AfD"": 1869, ""BSW"": 489, ""Bündnis C"": 9, ""CDU"": 550, ""Die Linke"": 1359, ""Die PARTEI"": 33, ""FDP"": 137, ""FREIE WÄHLER"": 30, ""GRÜNE"": 976, ""Handwerker Partei Deutschland"": 36, ""KPD"": 15, ""PIRATEN"": 25, ""PdF"": 18, ""SPD"": 4327, ""Team Freiheit"": 16, ""Tierschutzpartei"": 135, ""Volt"": 37, ""WLD"": 11, ""ÖDP"": 16}"
mv:GEMEINDE:13004000,2026-09-20T18:40:36.869614+00:00,2026-09-20T18:38:06.955443+00:00,3056,4,False,"{""AfD"": 1218, ""BSW"": 137, ""Bündnis C"": 6, ""CDU"": 100, ""Die Linke"": 231, ""Die PARTEI"": 12, ""FDP"": 22, ""FREIE WÄHLER"": 10, ""GRÜNE"": 149, ""Handwerker Partei Deutschland"": 7, ""KPD"": 4, ""PIRATEN"": 9, ""PdF"": 2, ""SPD"": 1109, ""Team Freiheit"": 5, ""Tierschutzpartei"": 24, ""Volt"": 8, ""WLD"": 3}"
mv:GEMEINDE:13071004,2026-09-20T18:40:36.869614+00:00,2026-09-20T18:38:06.955443+00:00,799,1,False,"{""AfD"": 438, ""BSW"": 46, ""Bündnis C"": 2, ""CDU"": 25, ""Die Linke"": 32, ""Die PARTEI"": 3, ""FDP"": 3, ""FREIE WÄHLER"": 2, ""GRÜNE"": 13, ""Handwerker Partei Deutschland"": 5, ""PIRATEN"": 3, ""PdF"": 1, ""SPD"": 205, ""Team Freiheit"": 3, ""Tierschutzpartei"": 15, ""Volt"": 1, ""WLD"": 2}"
mv:GEMEINDE:13071107,2026-09-20T18:40:36.869614+00:00,2026-09-20T18:38:06.955443+00:00,3584,5,False,"{""AfD"": 1123, ""BSW"": 206, ""Bündnis C"": 4, ""CDU"": 152, ""Die Linke"": 313, ""Die PARTEI"": 10, ""FDP"": 24, ""FREIE WÄHLER"": 5, ""GRÜNE"": 118, ""Handwerker Partei Deutschland"": 12, ""KPD"": 4, ""PIRATEN"": 2, ""PdF"": 3, ""SPD"": 1547, ""Team Freiheit"": 6, ""Tierschutzpartei"": 40, ""Volt"": 7, ""WLD"": 5, ""ÖDP"": 3}"
mv:GEMEINDE:13071160,2026-09-20T18:40:36.869614+00:00,2026-09-20T18:38:06.955443+00:00,279,1,False,"{""AfD"": 113, ""BSW"": 14, ""CDU"": 11, ""Die Linke"": 12, ""Die PARTEI"": 1, ""FDP"": 2, ""FREIE WÄHLER"": 2, ""GRÜNE"": 20, ""Handwerker Partei Deutschland"": 1, ""KPD"": 1, ""PIRATEN"": 2, ""SPD"": 97, ""Team Freiheit"": 1, ""Tierschutzpartei"": 2}"
mv:GEMEINDE:13071172,2026-09-20T18:40:36.869614+00:00,2026-09-20T18:38:06.955443+00:00,526,1,False,"{""AfD"": 251, ""BSW"": 24, ""Bündnis C"": 2, ""CDU"": 22, ""Die Linke"": 23, ""Die PARTEI"": 3, ""FDP"": 3, ""FREIE WÄHLER"": 2, ""GRÜNE"": 30, ""Handwerker Partei Deutschland"": 1, ""KPD"": 1, ""PIRATEN"": 2, ""SPD"": 154, ""Team Freiheit"": 1, ""Tierschutzpartei"": 6, ""WLD"": 1}"
mv:GEMEINDE:13071755,2026-09-20T18:40:36.869614+00:00,2026-09-20T18:38:06.955443+00:00,1450,1,False,"{""AfD"": 342, ""BSW"": 102, ""CDU"": 125, ""Die Linke"": 90, ""Die PARTEI"": 1, ""FDP"": 12, ""FREIE WÄHLER"": 4, ""GRÜNE"": 73, ""Handwerker Partei Deutschland"": 10, ""KPD"": 1, ""PdF"": 1, ""SPD"": 664, ""Team Freiheit"": 3, ""Tierschutzpartei"": 17, ""Volt"": 2, ""WLD"": 3}"
mv:GEMEINDE:13071758,2026-09-20T18:40:36.869614+00:00,2026-09-20T18:38:06.955443+00:00,959,1,False,"{""AfD"": 293, ""BSW"": 71, ""Bündnis C"": 2, ""CDU"": 58, ""Die Linke"": 52, ""Die PARTEI"": 3, ""FDP"": 14, ""FREIE WÄHLER"": 7, ""GRÜNE"": 54, ""Handwerker Partei Deutschland"": 7, ""PIRATEN"": 2, ""PdF"": 1, ""SPD"": 374, ""Team Freiheit"": 6, ""Tierschutzpartei"": 10, ""Volt"": 3, ""ÖDP"": 2}"
mv:GEMEINDE:13071762,2026-09-20T18:40:36.869614+00:00,2026-09-20T18:38:06.955443+00:00,851,1,False,"{""AfD"": 251, ""BSW"": 38, ""CDU"": 53, ""Die Linke"": 86, ""Die PARTEI"": 2, ""FDP"": 9, ""FREIE WÄHLER"": 5, ""GRÜNE"": 13, ""Handwerker Partei Deutschland"": 4, ""PdF"": 1, ""SPD"": 370, ""Team Freiheit"": 1, ""Tierschutzpartei"": 11, ""Volt"": 4, ""WLD"": 2, ""ÖDP"": 1}"
mv:GEMEINDE:13072033,2026-09-20T18:40:36.869614+00:00,2026-09-20T18:38:06.955443+00:00,189,1,False,"{""AfD"": 91, ""BSW"": 18, ""Bündnis C"": 1, ""CDU"": 5, ""Die Linke"": 5, ""FDP"": 3, ""GRÜNE"": 4, ""Handwerker Partei Deutschland"": 3, ""SPD"": 57, ""Team Freiheit"": 1, ""Tierschutzpartei"": 1}"
mv:GEMEINDE:13072057,2026-09-20T18:40:36.869614+00:00,2026-09-20T18:38:06.955443+00:00,733,1,False,"{""AfD"": 237, ""BSW"": 47, ""CDU"": 48, ""Die Linke"": 38, ""Die PARTEI"": 1, ""FDP"": 9, ""FREIE WÄHLER"": 4, ""GRÜNE"": 57, ""Handwerker Partei Deutschland"": 1, ""PIRATEN"": 1, ""PdF"": 1, ""SPD"": 274, ""Team Freiheit"": 2, ""Tierschutzpartei"": 12, ""ÖDP"": 1}"
mv:GEMEINDE:13072073,2026-09-20T18:40:36.869614+00:00,2026-09-20T18:38:06.955443+00:00,628,1,False,"{""AfD"": 239, ""BSW"": 40, ""CDU"": 40, ""Die Linke"": 24, ""Die PARTEI"": 1, ""FDP"": 2, ""FREIE WÄHLER"": 5, ""GRÜNE"": 52, ""Handwerker Partei Deutschland"": 4, ""KPD"": 1, ""PdF"": 1, ""SPD"": 215, ""Tierschutzpartei"": 4}"
mv:GEMEINDE:13072091,2026-09-20T18:40:36.869614+00:00,2026-09-20T18:38:06.955443+00:00,1172,1,False,"{""AfD"": 235, ""BSW"": 66, ""CDU"": 78, ""Die Linke"": 83, ""Die PARTEI"": 3, ""FDP"": 29, ""FREIE WÄHLER"": 4, ""GRÜNE"": 68, ""Handwerker Partei Deutschland"": 16, ""PIRATEN"": 3, ""PdF"": 2, ""SPD"": 562, ""Team Freiheit"": 3, ""Tierschutzpartei"": 12, ""Volt"": 5, ""WLD"": 2, ""ÖDP"": 1}"
mv:GEMEINDE:13072093,2026-09-20T18:40:36.869614+00:00,2026-09-20T18:38:06.955443+00:00,453,1,False,"{""AfD"": 191, ""BSW"": 14, ""CDU"": 18, ""Die Linke"": 22, ""Die PARTEI"": 1, ""FDP"": 5, ""FREIE WÄHLER"": 2, ""GRÜNE"": 25, ""Handwerker Partei Deutschland"": 1, ""PIRATEN"": 1, ""SPD"": 167, ""Tierschutzpartei"": 6}"
mv:GEMEINDE:13072111,2026-09-20T18:40:36.869614+00:00,2026-09-20T18:38:06.955443+00:00,108,1,False,"{""AfD"": 48, ""CDU"": 3, ""Die PARTEI"": 1, ""GRÜNE"": 9, ""Handwerker Partei Deutschland"": 2, ""PIRATEN"": 2, ""SPD"": 42, ""Tierschutzpartei"": 1}"
mv:GEMEINDE:13072751,2026-09-20T18:40:36.869614+00:00,2026-09-20T18:38:06.955443+00:00,1412,1,False,"{""AfD"": 300, ""BSW"": 68, ""Bündnis C"": 1, ""CDU"": 141, ""Die Linke"": 105, ""Die PARTEI"": 6, ""FDP"": 27, ""FREIE WÄHLER"": 4, ""GRÜNE"": 114, ""Handwerker Partei Deutschland"": 16, ""KPD"": 2, ""PIRATEN"": 2, ""PdF"": 5, ""SPD"": 594, ""Team Freiheit"": 2, ""Tierschutzpartei"": 15, ""Volt"": 4, ""WLD"": 5, ""ÖDP"": 1}"
mv:GEMEINDE:13072757,2026-09-20T18:40:36.869614+00:00,2026-09-20T18:38:06.955443+00:00,434,1,False,"{""AfD"": 116, ""BSW"": 20, ""CDU"": 32, ""Die Linke"": 35, ""Die PARTEI"": 3, ""FDP"": 9, ""FREIE WÄHLER"": 1, ""GRÜNE"": 20, ""Handwerker Partei Deutschland"": 1, ""KPD"": 1, ""SPD"": 189, ""Team Freiheit"": 1, ""Tierschutzpartei"": 3, ""Volt"": 3}"
mv:GEMEINDE:13073010,2026-09-20T18:40:36.869614+00:00,2026-09-20T18:38:06.955443+00:00,664,1,False,"{""AfD"": 407, ""BSW"": 45, ""Bündnis C"": 1, ""CDU"": 11, ""Die Linke"": 30, ""Die PARTEI"": 2, ""FDP"": 4, ""FREIE WÄHLER"": 3, ""GRÜNE"": 8, ""Handwerker Partei Deutschland"": 1, ""PIRATEN"": 2, ""SPD"": 134, ""Team Freiheit"": 1, ""Tierschutzpartei"": 13, ""Volt"": 2}"
mv:GEMEINDE:13073012,2026-09-20T18:40:36.869614+00:00,2026-09-20T18:38:06.955443+00:00,490,1,False,"{""AfD"": 252, ""BSW"": 23, ""CDU"": 10, ""Die Linke"": 19, ""Die PARTEI"": 1, ""FDP"": 12, ""GRÜNE"": 23, ""PIRATEN"": 1, ""PdF"": 1, ""SPD"": 144, ""Team Freiheit"": 1, ""Tierschutzpartei"": 2, ""ÖDP"": 1}"
mv:GEMEINDE:13073037,2026-09-20T18:40:36.869614+00:00,2026-09-20T18:38:06.955443+00:00,391,1,False,"{""AfD"": 201, ""BSW"": 17, ""Bündnis C"": 2, ""CDU"": 12, ""Die Linke"": 16, ""Die PARTEI"": 2, ""FDP"": 5, ""FREIE WÄHLER"": 2, ""GRÜNE"": 16, ""Handwerker Partei Deutschland"": 3, ""PIRATEN"": 1, ""PdF"": 1, ""SPD"": 98, ""Team Freiheit"": 2, ""Tierschutzpartei"": 10, ""Volt"": 1, ""ÖDP"": 2}"
mv:GEMEINDE:13073055,2026-09-20T18:40:36.869614+00:00,2026-09-20T18:38:06.955443+00:00,870,1,False,"{""AfD"": 196, ""BSW"": 37, ""CDU"": 62, ""Die Linke"": 80, ""Die PARTEI"": 1, ""FDP"": 3, ""FREIE WÄHLER"": 6, ""GRÜNE"": 46, ""Handwerker Partei Deutschland"": 9, ""KPD"": 1, ""PIRATEN"": 3, ""SPD"": 410, ""Team Freiheit"": 3, ""Tierschutzpartei"": 8, ""Volt"": 3, ""WLD"": 1, ""ÖDP"": 1}"
mv:GEMEINDE:13073067,2026-09-20T18:40:36.869614+00:00,2026-09-20T18:38:06.955443+00:00,723,2,False,"{""AfD"": 282, ""BSW"": 34, ""CDU"": 31, ""Die Linke"": 33, ""Die PARTEI"": 1, ""FDP"": 7, ""FREIE WÄHLER"": 3, ""GRÜNE"": 29, ""Handwerker Partei Deutschland"": 3, ""PIRATEN"": 3, ""SPD"": 285, ""Team Freiheit"": 5, ""Tierschutzpartei"": 5, ""ÖDP"": 2}"
mv:GEMEINDE:13073075,2026-09-20T18:40:36.869614+00:00,2026-09-20T18:38:06.955443+00:00,732,1,False,"{""AfD"": 143, ""BSW"": 40, ""CDU"": 42, ""Die Linke"": 41, ""Die PARTEI"": 2, ""FDP"": 4, ""FREIE WÄHLER"": 2, ""GRÜNE"": 44, ""Handwerker Partei Deutschland"": 4, ""PIRATEN"": 2, ""PdF"": 2, ""SPD"": 391, ""Tierschutzpartei"": 14, ""WLD"": 1}"
mv:GEMEINDE:13073081,2026-09-20T18:40:36.869614+00:00,2026-09-20T18:38:06.955443+00:00,237,1,False,"{""AfD"": 110, ""BSW"": 11, ""CDU"": 21, ""Die Linke"": 13, ""GRÜNE"": 3, ""Handwerker Partei Deutschland"": 2, ""SPD"": 72, ""Team Freiheit"": 2, ""Tierschutzpartei"": 2, ""Volt"": 1}"
mv:GEMEINDE:13073088,2026-09-20T18:40:36.869614+00:00,2026-09-20T18:38:06.955443+00:00,1536,2,False,"{""AfD"": 680, ""BSW"": 79, ""Bündnis C"": 1, ""CDU"": 81, ""Die Linke"": 98, ""Die PARTEI"": 3, ""FDP"": 9, ""FREIE WÄHLER"": 7, ""GRÜNE"": 47, ""Handwerker Partei Deutschland"": 4, ""PIRATEN"": 8, ""SPD"": 489, ""Team Freiheit"": 5, ""Tierschutzpartei"": 20, ""Volt"": 4, ""WLD"": 1}"
mv:GEMEINDE:13073099,2026-09-20T18:40:36.869614+00:00,2026-09-20T18:38:06.955443+00:00,524,1,False,"{""AfD"": 279, ""BSW"": 25, ""CDU"": 23, ""Die Linke"": 15, ""FDP"": 5, ""FREIE WÄHLER"": 3, ""GRÜNE"": 21, ""Handwerker Partei Deutschland"": 4, ""PIRATEN"": 1, ""SPD"": 134, ""Team Freiheit"": 6, ""Tierschutzpartei"": 7, ""Volt"": 1}"
mv:GEMEINDE:13073755,2026-09-20T18:40:36.869614+00:00,2026-09-20T18:38:06.955443+00:00,999,1,False,"{""AfD"": 325, ""BSW"": 51, ""CDU"": 101, ""Die Linke"": 59, ""FDP"": 12, ""FREIE WÄHLER"": 5, ""GRÜNE"": 46, ""Handwerker Partei Deutschland"": 11, ""KPD"": 1, ""PIRATEN"": 4, ""SPD"": 369, ""Team Freiheit"": 1, ""Tierschutzpartei"": 7, ""Volt"": 3, ""WLD"": 2, ""ÖDP"": 2}"
mv:GEMEINDE:13073758,2026-09-20T18:40:36.869614+00:00,2026-09-20T18:38:06.955443+00:00,1510,1,False,"{""AfD"": 431, ""BSW"": 97, ""Bündnis C"": 1, ""CDU"": 134, ""Die Linke"": 86, ""Die PARTEI"": 4, ""FDP"": 23, ""FREIE WÄHLER"": 18, ""GRÜNE"": 85, ""Handwerker Partei Deutschland"": 13, ""PIRATEN"": 2, ""PdF"": 1, ""SPD"": 573, ""Team Freiheit"": 6, ""Tierschutzpartei"": 26, ""Volt"": 1, ""WLD"": 6, ""ÖDP"": 3}"
mv:GEMEINDE:13074010,2026-09-20T18:40:36.869614+00:00,2026-09-20T18:38:06.955443+00:00,778,1,False,"{""AfD"": 317, ""BSW"": 35, ""CDU"": 38, ""Die Linke"": 29, ""Die PARTEI"": 2, ""FDP"": 9, ""FREIE WÄHLER"": 4, ""GRÜNE"": 31, ""Handwerker Partei Deutschland"": 2, ""KPD"": 1, ""PIRATEN"": 1, ""SPD"": 297, ""Team Freiheit"": 1, ""Tierschutzpartei"": 9, ""WLD"": 2}"
mv:GEMEINDE:13074026,2026-09-20T18:40:36.869614+00:00,2026-09-20T18:38:06.955443+00:00,779,1,False,"{""AfD"": 168, ""BSW"": 40, ""CDU"": 64, ""Die Linke"": 61, ""Die PARTEI"": 1, ""FDP"": 9, ""FREIE WÄHLER"": 8, ""GRÜNE"": 34, ""Handwerker Partei Deutschland"": 10, ""PIRATEN"": 4, ""SPD"": 364, ""Team Freiheit"": 4, ""Tierschutzpartei"": 8, ""Volt"": 1, ""WLD"": 2, ""ÖDP"": 1}"
mv:GEMEINDE:13074087,2026-09-20T18:40:36.869614+00:00,2026-09-20T18:38:06.955443+00:00,4166,5,False,"{""AfD"": 1227, ""BSW"": 174, ""Bündnis C"": 4, ""CDU"": 163, ""Die Linke"": 338, ""Die PARTEI"": 7, ""FDP"": 44, ""FREIE WÄHLER"": 9, ""GRÜNE"": 345, ""Handwerker Partei Deutschland"": 19, ""KPD"": 7, ""PIRATEN"": 13, ""PdF"": 7, ""SPD"": 1742, ""Team Freiheit"": 10, ""Tierschutzpartei"": 40, ""Volt"": 9, ""WLD"": 2, ""ÖDP"": 6}"
mv:GEMEINDE:13074758,2026-09-20T18:40:36.869614+00:00,2026-09-20T18:38:06.955443+00:00,779,1,False,"{""AfD"": 179, ""BSW"": 42, ""Bündnis C"": 1, ""CDU"": 68, ""Die Linke"": 44, ""Die PARTEI"": 3, ""FDP"": 9, ""FREIE WÄHLER"": 6, ""GRÜNE"": 41, ""Handwerker Partei Deutschland"": 10, ""KPD"": 2, ""PIRATEN"": 1, ""PdF"": 1, ""SPD"": 358, ""Team Freiheit"": 1, ""Tierschutzpartei"": 11, ""ÖDP"": 2}"
mv:GEMEINDE:13075025,2026-09-20T18:40:36.869614+00:00,2026-09-20T18:38:06.955443+00:00,209,1,False,"{""AfD"": 119, ""BSW"": 5, ""CDU"": 8, ""Die Linke"": 8, ""FDP"": 2, ""GRÜNE"": 5, ""PIRATEN"": 1, ""SPD"": 59, ""Tierschutzpartei"": 2}"
mv:GEMEINDE:13075033,2026-09-20T18:40:36.869614+00:00,2026-09-20T18:38:06.955443+00:00,1003,1,False,"{""AfD"": 577, ""BSW"": 40, ""Bündnis C"": 1, ""CDU"": 40, ""Die Linke"": 47, ""Die PARTEI"": 3, ""FDP"": 6, ""FREIE WÄHLER"": 4, ""GRÜNE"": 14, ""Handwerker Partei Deutschland"": 4, ""PIRATEN"": 2, ""SPD"": 253, ""Team Freiheit"": 3, ""Tierschutzpartei"": 9}"
mv:GEMEINDE:13075039,2026-09-20T18:40:36.869614+00:00,2026-09-20T18:38:06.955443+00:00,2062,3,False,"{""AfD"": 491, ""BSW"": 46, ""Bündnis C"": 1, ""CDU"": 86, ""Die Linke"": 347, ""Die PARTEI"": 12, ""FDP"": 31, ""FREIE WÄHLER"": 9, ""GRÜNE"": 324, ""Handwerker Partei Deutschland"": 4, ""KPD"": 2, ""PIRATEN"": 3, ""PdF"": 5, ""SPD"": 634, ""Team Freiheit"": 3, ""Tierschutzpartei"": 48, ""Volt"": 10, ""WLD"": 1, ""ÖDP"": 5}"
mv:GEMEINDE:13075049,2026-09-20T18:40:36.869614+00:00,2026-09-20T18:38:06.955443+00:00,592,1,False,"{""AfD"": 345, ""BSW"": 25, ""CDU"": 24, ""Die Linke"": 13, ""Die PARTEI"": 3, ""FDP"": 5, ""FREIE WÄHLER"": 2, ""GRÜNE"": 13, ""Handwerker Partei Deutschland"": 1, ""PdF"": 2, ""SPD"": 148, ""Tierschutzpartei"": 10, ""WLD"": 1}"
mv:GEMEINDE:13075079,2026-09-20T18:40:36.869614+00:00,2026-09-20T18:38:06.955443+00:00,516,1,False,"{""AfD"": 266, ""BSW"": 29, ""CDU"": 31, ""Die Linke"": 24, ""Die PARTEI"": 1, ""FDP"": 3, ""FREIE WÄHLER"": 2, ""GRÜNE"": 6, ""Handwerker Partei Deutschland"": 1, ""SPD"": 150, ""Team Freiheit"": 1, ""Tierschutzpartei"": 2}"
mv:GEMEINDE:13075131,2026-09-20T18:40:36.869614+00:00,2026-09-20T18:38:06.955443+00:00,1571,2,False,"{""AfD"": 859, ""BSW"": 64, ""Bündnis C"": 3, ""CDU"": 52, ""Die Linke"": 80, ""Die PARTEI"": 4, ""FDP"": 7, ""FREIE WÄHLER"": 6, ""GRÜNE"": 11, ""Handwerker Partei Deutschland"": 7, ""KPD"": 1, ""PIRATEN"": 4, ""SPD"": 439, ""Team Freiheit"": 1, ""Tierschutzpartei"": 31, ""ÖDP"": 2}"
mv:GEMEINDE:13075151,2026-09-20T18:40:36.869614+00:00,2026-09-20T18:38:06.955443+00:00,839,1,False,"{""AfD"": 384, ""BSW"": 27, ""CDU"": 52, ""Die Linke"": 26, ""Die PARTEI"": 1, ""FDP"": 13, ""FREIE WÄHLER"": 6, ""GRÜNE"": 32, ""PIRATEN"": 1, ""SPD"": 288, ""Team Freiheit"": 1, ""Tierschutzpartei"": 7, ""ÖDP"": 1}"
mv:GEMEINDE:13076033,2026-09-20T18:40:36.869614+00:00,2026-09-20T18:38:06.955443+00:00,749,1,False,"{""AfD"": 332, ""BSW"": 46, ""Bündnis C"": 1, ""CDU"": 48, ""Die Linke"": 14, ""Die PARTEI"": 2, ""FDP"": 11, ""FREIE WÄHLER"": 3, ""GRÜNE"": 33, ""Handwerker Partei Deutschland"": 3, ""PIRATEN"": 5, ""SPD"": 234, ""Team Freiheit"": 4, ""Tierschutzpartei"": 7, ""Volt"": 1, ""WLD"": 3, ""ÖDP"": 2}"
mv:GEMEINDE:13076087,2026-09-20T18:40:36.869614+00:00,2026-09-20T18:38:06.955443+00:00,249,1,False,"{""AfD"": 95, ""BSW"": 17, ""CDU"": 8, ""Die Linke"": 7, ""FREIE WÄHLER"": 1, ""GRÜNE"": 8, ""PIRATEN"": 2, ""SPD"": 107, ""Tierschutzpartei"": 3, ""WLD"": 1}"
mv:GEMEINDE:13076090,2026-09-20T18:40:36.869614+00:00,2026-09-20T18:38:06.955443+00:00,2024,3,False,"{""AfD"": 646, ""BSW"": 118, ""Bündnis C"": 3, ""CDU"": 117, ""Die Linke"": 91, ""Die PARTEI"": 9, ""FDP"": 17, ""FREIE WÄHLER"": 13, ""GRÜNE"": 85, ""Handwerker Partei Deutschland"": 15, ""KPD"": 1, ""PIRATEN"": 3, ""PdF"": 4, ""SPD"": 875, ""Team Freiheit"": 5, ""Tierschutzpartei"": 17, ""WLD"": 3, ""ÖDP"": 2}"
mv:GEMEINDE:13076152,2026-09-20T18:40:36.869614+00:00,2026-09-20T18:38:06.955443+00:00,524,1,False,"{""AfD"": 130, ""BSW"": 21, ""Bündnis C"": 3, ""CDU"": 42, ""Die Linke"": 24, ""FDP"": 5, ""FREIE WÄHLER"": 3, ""GRÜNE"": 25, ""Handwerker Partei Deutschland"": 2, ""PIRATEN"": 1, ""SPD"": 257, ""Team Freiheit"": 1, ""Tierschutzpartei"": 8, ""Volt"": 2}"
mv:GEMEINDE:13076757,2026-09-20T18:40:36.869614+00:00,2026-09-20T18:38:06.955443+00:00,743,1,False,"{""AfD"": 209, ""BSW"": 29, ""Bündnis C"": 3, ""CDU"": 44, ""Die Linke"": 48, ""Die PARTEI"": 2, ""FDP"": 8, ""FREIE WÄHLER"": 15, ""GRÜNE"": 29, ""Handwerker Partei Deutschland"": 5, ""SPD"": 338, ""Tierschutzpartei"": 8, ""Volt"": 3, ""ÖDP"": 2}"
mv:GEMEINDE:13076767,2026-09-20T18:40:36.869614+00:00,2026-09-20T18:38:06.955443+00:00,834,1,False,"{""AfD"": 233, ""BSW"": 34, ""CDU"": 48, ""Die Linke"": 63, ""Die PARTEI"": 3, ""FDP"": 8, ""FREIE WÄHLER"": 5, ""GRÜNE"": 37, ""Handwerker Partei Deutschland"": 8, ""KPD"": 1, ""PIRATEN"": 1, ""SPD"": 378, ""Team Freiheit"": 1, ""Tierschutzpartei"": 7, ""Volt"": 1, ""WLD"": 6}"
mv:GEMEINDE:13076768,2026-09-20T18:40:36.869614+00:00,2026-09-20T18:38:06.955443+00:00,1081,1,False,"{""AfD"": 261, ""BSW"": 68, ""Bündnis C"": 2, ""CDU"": 81, ""Die Linke"": 74, ""Die PARTEI"": 4, ""FDP"": 25, ""FREIE WÄHLER"": 10, ""GRÜNE"": 45, ""Handwerker Partei Deutschland"": 18, ""KPD"": 4, ""PdF"": 2, ""SPD"": 461, ""Team Freiheit"": 3, ""Tierschutzpartei"": 14, ""Volt"": 3, ""WLD"": 3, ""ÖDP"": 3}"
mv:WAHLKREIS:1,2026-09-20T18:40:36.869614+00:00,2026-09-20T18:38:06.955443+00:00,2062,3,False,"{""AfD"": 491, ""BSW"": 46, ""Bündnis C"": 1, ""CDU"": 86, ""Die Linke"": 347, ""Die PARTEI"": 12, ""FDP"": 31, ""FREIE WÄHLER"": 9, ""GRÜNE"": 324, ""Handwerker Partei Deutschland"": 4, ""KPD"": 2, ""PIRATEN"": 3, ""PdF"": 5, ""SPD"": 634, ""Team Freiheit"": 3, ""Tierschutzpartei"": 48, ""Volt"": 10, ""WLD"": 1, ""ÖDP"": 5}"
mv:WAHLKREIS:10,2026-09-20T18:40:36.869614+00:00,2026-09-20T18:38:06.955443+00:00,4166,5,False,"{""AfD"": 1227, ""BSW"": 174, ""Bündnis C"": 4, ""CDU"": 163, ""Die Linke"": 338, ""Die PARTEI"": 7, ""FDP"": 44, ""FREIE WÄHLER"": 9, ""GRÜNE"": 345, ""Handwerker Partei Deutschland"": 19, ""KPD"": 7, ""PIRATEN"": 13, ""PdF"": 7, ""SPD"": 1742, ""Team Freiheit"": 10, ""Tierschutzpartei"": 40, ""Volt"": 9, ""WLD"": 2, ""ÖDP"": 6}"
mv:WAHLKREIS:11,2026-09-20T18:40:36.869614+00:00,2026-09-20T18:38:06.955443+00:00,1865,2,False,"{""AfD"": 491, ""BSW"": 82, ""Bündnis C"": 1, ""CDU"": 159, ""Die Linke"": 127, ""Die PARTEI"": 7, ""FDP"": 32, ""FREIE WÄHLER"": 6, ""GRÜNE"": 139, ""Handwerker Partei Deutschland"": 17, ""KPD"": 2, ""PIRATEN"": 3, ""PdF"": 5, ""SPD"": 761, ""Team Freiheit"": 2, ""Tierschutzpartei"": 21, ""Volt"": 4, ""WLD"": 5, ""ÖDP"": 1}"
mv:WAHLKREIS:12,2026-09-20T18:40:36.869614+00:00,2026-09-20T18:38:06.955443+00:00,1905,2,False,"{""AfD"": 472, ""BSW"": 113, ""CDU"": 126, ""Die Linke"": 121, ""Die PARTEI"": 4, ""FDP"": 38, ""FREIE WÄHLER"": 8, ""GRÜNE"": 125, ""Handwerker Partei Deutschland"": 17, ""PIRATEN"": 4, ""PdF"": 3, ""SPD"": 836, ""Team Freiheit"": 5, ""Tierschutzpartei"": 24, ""Volt"": 5, ""WLD"": 2, ""ÖDP"": 2}"
mv:WAHLKREIS:14,2026-09-20T18:40:36.869614+00:00,2026-09-20T18:38:06.955443+00:00,1929,3,False,"{""AfD"": 802, ""BSW"": 98, ""Bündnis C"": 2, ""CDU"": 89, ""Die Linke"": 130, ""Die PARTEI"": 6, ""FDP"": 14, ""FREIE WÄHLER"": 9, ""GRÜNE"": 46, ""Handwerker Partei Deutschland"": 10, ""KPD"": 1, ""PIRATEN"": 5, ""PdF"": 2, ""SPD"": 672, ""Team Freiheit"": 5, ""Tierschutzpartei"": 28, ""Volt"": 5, ""WLD"": 4, ""ÖDP"": 1}"
mv:WAHLKREIS:15,2026-09-20T18:40:36.869614+00:00,2026-09-20T18:38:06.955443+00:00,542,2,False,"{""AfD"": 164, ""BSW"": 20, ""CDU"": 35, ""Die Linke"": 35, ""Die PARTEI"": 4, ""FDP"": 9, ""FREIE WÄHLER"": 1, ""GRÜNE"": 29, ""Handwerker Partei Deutschland"": 3, ""KPD"": 1, ""PIRATEN"": 2, ""SPD"": 231, ""Team Freiheit"": 1, ""Tierschutzpartei"": 4, ""Volt"": 3}"
mv:WAHLKREIS:16,2026-09-20T18:40:36.869614+00:00,2026-09-20T18:38:06.955443+00:00,817,2,False,"{""AfD"": 330, ""BSW"": 58, ""Bündnis C"": 1, ""CDU"": 45, ""Die Linke"": 29, ""Die PARTEI"": 1, ""FDP"": 5, ""FREIE WÄHLER"": 5, ""GRÜNE"": 56, ""Handwerker Partei Deutschland"": 7, ""KPD"": 1, ""PdF"": 1, ""SPD"": 272, ""Team Freiheit"": 1, ""Tierschutzpartei"": 5}"
mv:WAHLKREIS:17,2026-09-20T18:40:36.869614+00:00,2026-09-20T18:38:06.955443+00:00,834,1,False,"{""AfD"": 233, ""BSW"": 34, ""CDU"": 48, ""Die Linke"": 63, ""Die PARTEI"": 3, ""FDP"": 8, ""FREIE WÄHLER"": 5, ""GRÜNE"": 37, ""Handwerker Partei Deutschland"": 8, ""KPD"": 1, ""PIRATEN"": 1, ""SPD"": 378, ""Team Freiheit"": 1, ""Tierschutzpartei"": 7, ""Volt"": 1, ""WLD"": 6}"
mv:WAHLKREIS:18,2026-09-20T18:40:36.869614+00:00,2026-09-20T18:38:06.955443+00:00,524,1,False,"{""AfD"": 130, ""BSW"": 21, ""Bündnis C"": 3, ""CDU"": 42, ""Die Linke"": 24, ""FDP"": 5, ""FREIE WÄHLER"": 3, ""GRÜNE"": 25, ""Handwerker Partei Deutschland"": 2, ""PIRATEN"": 1, ""SPD"": 257, ""Team Freiheit"": 1, ""Tierschutzpartei"": 8, ""Volt"": 2}"
mv:WAHLKREIS:19,2026-09-20T18:40:36.869614+00:00,2026-09-20T18:38:06.955443+00:00,3016,5,False,"{""AfD"": 950, ""BSW"": 164, ""Bündnis C"": 6, ""CDU"": 169, ""Die Linke"": 146, ""Die PARTEI"": 11, ""FDP"": 25, ""FREIE WÄHLER"": 29, ""GRÜNE"": 122, ""Handwerker Partei Deutschland"": 20, ""KPD"": 1, ""PIRATEN"": 5, ""PdF"": 4, ""SPD"": 1320, ""Team Freiheit"": 5, ""Tierschutzpartei"": 28, ""Volt"": 3, ""WLD"": 4, ""ÖDP"": 4}"
mv:WAHLKREIS:2,2026-09-20T18:40:36.869614+00:00,2026-09-20T18:38:06.955443+00:00,3584,5,False,"{""AfD"": 1123, ""BSW"": 206, ""Bündnis C"": 4, ""CDU"": 152, ""Die Linke"": 313, ""Die PARTEI"": 10, ""FDP"": 24, ""FREIE WÄHLER"": 5, ""GRÜNE"": 118, ""Handwerker Partei Deutschland"": 12, ""KPD"": 4, ""PIRATEN"": 2, ""PdF"": 3, ""SPD"": 1547, ""Team Freiheit"": 6, ""Tierschutzpartei"": 40, ""Volt"": 7, ""WLD"": 5, ""ÖDP"": 3}"
mv:WAHLKREIS:20,2026-09-20T18:40:36.869614+00:00,2026-09-20T18:38:06.955443+00:00,526,1,False,"{""AfD"": 251, ""BSW"": 24, ""Bündnis C"": 2, ""CDU"": 22, ""Die Linke"": 23, ""Die PARTEI"": 3, ""FDP"": 3, ""FREIE WÄHLER"": 2, ""GRÜNE"": 30, ""Handwerker Partei Deutschland"": 1, ""KPD"": 1, ""PIRATEN"": 2, ""SPD"": 154, ""Team Freiheit"": 1, ""Tierschutzpartei"": 6, ""WLD"": 1}"
mv:WAHLKREIS:21,2026-09-20T18:40:36.869614+00:00,2026-09-20T18:38:06.955443+00:00,1450,1,False,"{""AfD"": 342, ""BSW"": 102, ""CDU"": 125, ""Die Linke"": 90, ""Die PARTEI"": 1, ""FDP"": 12, ""FREIE WÄHLER"": 4, ""GRÜNE"": 73, ""Handwerker Partei Deutschland"": 10, ""KPD"": 1, ""PdF"": 1, ""SPD"": 664, ""Team Freiheit"": 3, ""Tierschutzpartei"": 17, ""Volt"": 2, ""WLD"": 3}"
mv:WAHLKREIS:22,2026-09-20T18:40:36.869614+00:00,2026-09-20T18:38:06.955443+00:00,959,1,False,"{""AfD"": 293, ""BSW"": 71, ""Bündnis C"": 2, ""CDU"": 58, ""Die Linke"": 52, ""Die PARTEI"": 3, ""FDP"": 14, ""FREIE WÄHLER"": 7, ""GRÜNE"": 54, ""Handwerker Partei Deutschland"": 7, ""PIRATEN"": 2, ""PdF"": 1, ""SPD"": 374, ""Team Freiheit"": 6, ""Tierschutzpartei"": 10, ""Volt"": 3, ""ÖDP"": 2}"
mv:WAHLKREIS:23,2026-09-20T18:40:36.869614+00:00,2026-09-20T18:38:06.955443+00:00,2815,5,False,"{""AfD"": 873, ""BSW"": 134, ""CDU"": 145, ""Die Linke"": 173, ""Die PARTEI"": 5, ""FDP"": 26, ""FREIE WÄHLER"": 11, ""GRÜNE"": 142, ""Handwerker Partei Deutschland"": 16, ""KPD"": 1, ""PIRATEN"": 9, ""PdF"": 3, ""SPD"": 1230, ""Team Freiheit"": 9, ""Tierschutzpartei"": 29, ""Volt"": 3, ""WLD"": 2, ""ÖDP"": 4}"
mv:WAHLKREIS:24,2026-09-20T18:40:36.869614+00:00,2026-09-20T18:38:06.955443+00:00,999,1,False,"{""AfD"": 325, ""BSW"": 51, ""CDU"": 101, ""Die Linke"": 59, ""FDP"": 12, ""FREIE WÄHLER"": 5, ""GRÜNE"": 46, ""Handwerker Partei Deutschland"": 11, ""KPD"": 1, ""PIRATEN"": 4, ""SPD"": 369, ""Team Freiheit"": 1, ""Tierschutzpartei"": 7, ""Volt"": 3, ""WLD"": 2, ""ÖDP"": 2}"
mv:WAHLKREIS:25,2026-09-20T18:40:36.869614+00:00,2026-09-20T18:38:06.955443+00:00,3961,5,False,"{""AfD"": 1591, ""BSW"": 218, ""Bündnis C"": 4, ""CDU"": 250, ""Die Linke"": 215, ""Die PARTEI"": 9, ""FDP"": 42, ""FREIE WÄHLER"": 30, ""GRÜNE"": 169, ""Handwerker Partei Deutschland"": 24, ""PIRATEN"": 12, ""PdF"": 2, ""SPD"": 1294, ""Team Freiheit"": 19, ""Tierschutzpartei"": 63, ""Volt"": 7, ""WLD"": 7, ""ÖDP"": 5}"
mv:WAHLKREIS:27,2026-09-20T18:40:36.869614+00:00,2026-09-20T18:38:06.955443+00:00,2336,3,False,"{""AfD"": 664, ""BSW"": 117, ""Bündnis C"": 1, ""CDU"": 170, ""Die Linke"": 134, ""Die PARTEI"": 6, ""FDP"": 27, ""FREIE WÄHLER"": 18, ""GRÜNE"": 106, ""Handwerker Partei Deutschland"": 22, ""KPD"": 3, ""PIRATEN"": 6, ""PdF"": 1, ""SPD"": 1019, ""Team Freiheit"": 6, ""Tierschutzpartei"": 28, ""Volt"": 1, ""WLD"": 4, ""ÖDP"": 3}"
mv:WAHLKREIS:29,2026-09-20T18:40:36.869614+00:00,2026-09-20T18:38:06.955443+00:00,209,1,False,"{""AfD"": 119, ""BSW"": 5, ""CDU"": 8, ""Die Linke"": 8, ""FDP"": 2, ""GRÜNE"": 5, ""PIRATEN"": 1, ""SPD"": 59, ""Tierschutzpartei"": 2}"
mv:WAHLKREIS:30,2026-09-20T18:40:36.869614+00:00,2026-09-20T18:38:06.955443+00:00,1431,2,False,"{""AfD"": 729, ""BSW"": 52, ""CDU"": 76, ""Die Linke"": 39, ""Die PARTEI"": 4, ""FDP"": 18, ""FREIE WÄHLER"": 8, ""GRÜNE"": 45, ""Handwerker Partei Deutschland"": 1, ""PIRATEN"": 1, ""PdF"": 2, ""SPD"": 436, ""Team Freiheit"": 1, ""Tierschutzpartei"": 17, ""WLD"": 1, ""ÖDP"": 1}"
mv:WAHLKREIS:32,2026-09-20T18:40:36.869614+00:00,2026-09-20T18:38:06.955443+00:00,1830,2,False,"{""AfD"": 593, ""BSW"": 114, ""Bündnis C"": 3, ""CDU"": 129, ""Die Linke"": 88, ""Die PARTEI"": 6, ""FDP"": 36, ""FREIE WÄHLER"": 13, ""GRÜNE"": 78, ""Handwerker Partei Deutschland"": 21, ""KPD"": 4, ""PIRATEN"": 5, ""PdF"": 2, ""SPD"": 695, ""Team Freiheit"": 7, ""Tierschutzpartei"": 21, ""Volt"": 4, ""WLD"": 6, ""ÖDP"": 5}"
mv:WAHLKREIS:33,2026-09-20T18:40:36.869614+00:00,2026-09-20T18:38:06.955443+00:00,237,1,False,"{""AfD"": 110, ""BSW"": 11, ""CDU"": 21, ""Die Linke"": 13, ""GRÜNE"": 3, ""Handwerker Partei Deutschland"": 2, ""SPD"": 72, ""Team Freiheit"": 2, ""Tierschutzpartei"": 2, ""Volt"": 1}"
mv:WAHLKREIS:34,2026-09-20T18:40:36.869614+00:00,2026-09-20T18:38:06.955443+00:00,664,1,False,"{""AfD"": 407, ""BSW"": 45, ""Bündnis C"": 1, ""CDU"": 11, ""Die Linke"": 30, ""Die PARTEI"": 2, ""FDP"": 4, ""FREIE WÄHLER"": 3, ""GRÜNE"": 8, ""Handwerker Partei Deutschland"": 1, ""PIRATEN"": 2, ""SPD"": 134, ""Team Freiheit"": 1, ""Tierschutzpartei"": 13, ""Volt"": 2}"
mv:WAHLKREIS:35,2026-09-20T18:40:36.869614+00:00,2026-09-20T18:38:06.955443+00:00,2574,3,False,"{""AfD"": 1436, ""BSW"": 104, ""Bündnis C"": 4, ""CDU"": 92, ""Die Linke"": 127, ""Die PARTEI"": 7, ""FDP"": 13, ""FREIE WÄHLER"": 10, ""GRÜNE"": 25, ""Handwerker Partei Deutschland"": 11, ""KPD"": 1, ""PIRATEN"": 6, ""SPD"": 692, ""Team Freiheit"": 4, ""Tierschutzpartei"": 40, ""ÖDP"": 2}"
mv:WAHLKREIS:36,2026-09-20T18:40:36.869614+00:00,2026-09-20T18:38:06.955443+00:00,516,1,False,"{""AfD"": 266, ""BSW"": 29, ""CDU"": 31, ""Die Linke"": 24, ""Die PARTEI"": 1, ""FDP"": 3, ""FREIE WÄHLER"": 2, ""GRÜNE"": 6, ""Handwerker Partei Deutschland"": 1, ""SPD"": 150, ""Team Freiheit"": 1, ""Tierschutzpartei"": 2}"
mv:WAHLKREIS:4,2026-09-20T18:40:36.869614+00:00,2026-09-20T18:38:06.955443+00:00,600,1,False,"{""AfD"": 219, ""BSW"": 38, ""CDU"": 31, ""Die Linke"": 52, ""Die PARTEI"": 1, ""FDP"": 5, ""FREIE WÄHLER"": 2, ""GRÜNE"": 25, ""Handwerker Partei Deutschland"": 3, ""SPD"": 208, ""Team Freiheit"": 3, ""Tierschutzpartei"": 11, ""Volt"": 1, ""WLD"": 1}"
mv:WAHLKREIS:5,2026-09-20T18:40:36.869614+00:00,2026-09-20T18:38:06.955443+00:00,4141,5,False,"{""AfD"": 776, ""BSW"": 214, ""Bündnis C"": 5, ""CDU"": 195, ""Die Linke"": 608, ""Die PARTEI"": 17, ""FDP"": 58, ""FREIE WÄHLER"": 18, ""GRÜNE"": 311, ""Handwerker Partei Deutschland"": 21, ""KPD"": 6, ""PIRATEN"": 13, ""PdF"": 7, ""SPD"": 1788, ""Team Freiheit"": 6, ""Tierschutzpartei"": 74, ""Volt"": 10, ""WLD"": 3, ""ÖDP"": 11}"
mv:WAHLKREIS:6,2026-09-20T18:40:36.869614+00:00,2026-09-20T18:38:06.955443+00:00,2521,3,False,"{""AfD"": 416, ""BSW"": 108, ""Bündnis C"": 1, ""CDU"": 86, ""Die Linke"": 396, ""Die PARTEI"": 6, ""FDP"": 34, ""FREIE WÄHLER"": 5, ""GRÜNE"": 347, ""Handwerker Partei Deutschland"": 1, ""KPD"": 4, ""PIRATEN"": 5, ""PdF"": 5, ""SPD"": 1076, ""Team Freiheit"": 1, ""Tierschutzpartei"": 16, ""Volt"": 10, ""WLD"": 2, ""ÖDP"": 2}"
mv:WAHLKREIS:7,2026-09-20T18:40:36.869614+00:00,2026-09-20T18:38:06.955443+00:00,2826,3,False,"{""AfD"": 458, ""BSW"": 129, ""Bündnis C"": 3, ""CDU"": 238, ""Die Linke"": 303, ""Die PARTEI"": 9, ""FDP"": 40, ""FREIE WÄHLER"": 5, ""GRÜNE"": 293, ""Handwerker Partei Deutschland"": 11, ""KPD"": 5, ""PIRATEN"": 7, ""PdF"": 6, ""SPD"": 1255, ""Team Freiheit"": 6, ""Tierschutzpartei"": 34, ""Volt"": 16, ""WLD"": 5, ""ÖDP"": 3}"
mv:WAHLKREIS:8,2026-09-20T18:40:36.869614+00:00,2026-09-20T18:38:06.955443+00:00,1511,2,False,"{""AfD"": 532, ""BSW"": 73, ""Bündnis C"": 3, ""CDU"": 54, ""Die Linke"": 136, ""Die PARTEI"": 7, ""FDP"": 11, ""FREIE WÄHLER"": 9, ""GRÜNE"": 121, ""Handwerker Partei Deutschland"": 4, ""KPD"": 3, ""PIRATEN"": 5, ""PdF"": 1, ""SPD"": 525, ""Team Freiheit"": 4, ""Tierschutzpartei"": 15, ""Volt"": 7, ""WLD"": 1}"
mv:WAHLKREIS:9,2026-09-20T18:40:36.869614+00:00,2026-09-20T18:38:06.955443+00:00,1545,2,False,"{""AfD"": 686, ""BSW"": 64, ""Bündnis C"": 3, ""CDU"": 46, ""Die Linke"": 95, ""Die PARTEI"": 5, ""FDP"": 11, ""FREIE WÄHLER"": 1, ""GRÜNE"": 28, ""Handwerker Partei Deutschland"": 3, ""KPD"": 1, ""PIRATEN"": 4, ""PdF"": 1, ""SPD"": 584, ""Team Freiheit"": 1, ""Tierschutzpartei"": 9, ""Volt"": 1, ""WLD"": 2}"
mv:GEMEINDE:13003000,2026-09-20T18:45:37.233966+00:00,2026-09-20T18:43:06.818662+00:00,2620,3,False,"{""AfD"": 427, ""BSW"": 109, ""Bündnis C"": 2, ""CDU"": 110, ""Die Linke"": 449, ""Die PARTEI"": 10, ""FDP"": 30, ""FREIE WÄHLER"": 9, ""GRÜNE"": 435, ""Handwerker Partei Deutschland"": 7, ""KPD"": 2, ""PIRATEN"": 3, ""PdF"": 9, ""SPD"": 947, ""Team Freiheit"": 5, ""Tierschutzpartei"": 43, ""Volt"": 16, ""WLD"": 2, ""ÖDP"": 5}"
mv:GEMEINDE:13004000,2026-09-20T18:45:37.233966+00:00,2026-09-20T18:43:06.818662+00:00,984,1,False,"{""AfD"": 202, ""BSW"": 47, ""Bündnis C"": 1, ""CDU"": 91, ""Die Linke"": 79, ""Die PARTEI"": 5, ""FDP"": 20, ""FREIE WÄHLER"": 3, ""GRÜNE"": 67, ""Handwerker Partei Deutschland"": 5, ""KPD"": 1, ""PIRATEN"": 3, ""SPD"": 447, ""Team Freiheit"": 3, ""Tierschutzpartei"": 9, ""Volt"": 1}"
mv:GEMEINDE:13072020,2026-09-20T18:45:37.233966+00:00,2026-09-20T18:43:06.818662+00:00,684,1,False,"{""AfD"": 213, ""BSW"": 40, ""Bündnis C"": 1, ""CDU"": 45, ""Die Linke"": 43, ""Die PARTEI"": 2, ""FDP"": 13, ""FREIE WÄHLER"": 4, ""GRÜNE"": 36, ""Handwerker Partei Deutschland"": 2, ""KPD"": 1, ""PIRATEN"": 1, ""SPD"": 271, ""Team Freiheit"": 2, ""Tierschutzpartei"": 4, ""Volt"": 3, ""WLD"": 3}"
mv:GEMEINDE:13072043,2026-09-20T18:45:37.233966+00:00,2026-09-20T18:43:06.818662+00:00,829,1,False,"{""AfD"": 294, ""BSW"": 36, ""Bündnis C"": 2, ""CDU"": 54, ""Die Linke"": 48, ""Die PARTEI"": 3, ""FDP"": 8, ""FREIE WÄHLER"": 2, ""GRÜNE"": 36, ""Handwerker Partei Deutschland"": 3, ""KPD"": 1, ""PIRATEN"": 1, ""PdF"": 1, ""SPD"": 333, ""Tierschutzpartei"": 7}"
mv:GEMEINDE:13072105,2026-09-20T18:45:37.233966+00:00,2026-09-20T18:43:06.818662+00:00,670,1,False,"{""AfD"": 157, ""BSW"": 27, ""CDU"": 57, ""Die Linke"": 58, ""FDP"": 10, ""FREIE WÄHLER"": 2, ""GRÜNE"": 31, ""Handwerker Partei Deutschland"": 4, ""PdF"": 1, ""SPD"": 306, ""Team Freiheit"": 4, ""Tierschutzpartei"": 12, ""Volt"": 1}"
mv:GEMEINDE:13072752,2026-09-20T18:45:37.233966+00:00,2026-09-20T18:43:06.818662+00:00,589,1,False,"{""AfD"": 177, ""BSW"": 36, ""CDU"": 32, ""Die Linke"": 43, ""Die PARTEI"": 1, ""FDP"": 11, ""FREIE WÄHLER"": 1, ""GRÜNE"": 27, ""Handwerker Partei Deutschland"": 6, ""SPD"": 248, ""Team Freiheit"": 1, ""Tierschutzpartei"": 4, ""Volt"": 1, ""WLD"": 1}"
mv:GEMEINDE:13072759,2026-09-20T18:45:37.233966+00:00,2026-09-20T18:43:06.818662+00:00,1102,1,False,"{""AfD"": 272, ""BSW"": 71, ""CDU"": 83, ""Die Linke"": 81, ""Die PARTEI"": 2, ""FDP"": 13, ""FREIE WÄHLER"": 11, ""GRÜNE"": 77, ""Handwerker Partei Deutschland"": 4, ""PIRATEN"": 2, ""PdF"": 2, ""SPD"": 460, ""Tierschutzpartei"": 17, ""Volt"": 2, ""WLD"": 5}"
mv:GEMEINDE:13073075,2026-09-20T18:45:37.233966+00:00,2026-09-20T18:43:06.818662+00:00,704,1,False,"{""AfD"": 130, ""BSW"": 43, ""CDU"": 45, ""Die Linke"": 56, ""Die PARTEI"": 4, ""FDP"": 11, ""FREIE WÄHLER"": 2, ""GRÜNE"": 42, ""Handwerker Partei Deutschland"": 5, ""PdF"": 3, ""SPD"": 341, ""Team Freiheit"": 4, ""Tierschutzpartei"": 17, ""Volt"": 1}"
mv:GEMEINDE:13073080,2026-09-20T18:45:37.233966+00:00,2026-09-20T18:43:06.818662+00:00,919,1,False,"{""AfD"": 240, ""BSW"": 51, ""Bündnis C"": 1, ""CDU"": 57, ""Die Linke"": 70, ""Die PARTEI"": 2, ""FDP"": 21, ""FREIE WÄHLER"": 4, ""GRÜNE"": 46, ""Handwerker Partei Deutschland"": 4, ""PIRATEN"": 2, ""SPD"": 403, ""Team Freiheit"": 1, ""Tierschutzpartei"": 10, ""Volt"": 3, ""ÖDP"": 4}"
mv:GEMEINDE:13074035,2026-09-20T18:45:37.233966+00:00,2026-09-20T18:43:06.818662+00:00,1205,1,False,"{""AfD"": 498, ""BSW"": 62, ""Bündnis C"": 1, ""CDU"": 53, ""Die Linke"": 30, ""Die PARTEI"": 3, ""FDP"": 16, ""FREIE WÄHLER"": 6, ""GRÜNE"": 76, ""Handwerker Partei Deutschland"": 2, ""PIRATEN"": 4, ""SPD"": 434, ""Team Freiheit"": 3, ""Tierschutzpartei"": 15, ""Volt"": 1, ""WLD"": 1}"
mv:GEMEINDE:13074087,2026-09-20T18:45:37.233966+00:00,2026-09-20T18:43:06.818662+00:00,595,1,False,"{""AfD"": 111, ""BSW"": 11, ""CDU"": 41, ""Die Linke"": 33, ""Die PARTEI"": 1, ""FDP"": 5, ""FREIE WÄHLER"": 2, ""GRÜNE"": 40, ""KPD"": 1, ""PIRATEN"": 2, ""PdF"": 1, ""SPD"": 343, ""Tierschutzpartei"": 3, ""Volt"": 1}"
mv:GEMEINDE:13074757,2026-09-20T18:45:37.233966+00:00,2026-09-20T18:43:06.818662+00:00,1112,1,False,"{""AfD"": 259, ""BSW"": 45, ""Bündnis C"": 1, ""CDU"": 86, ""Die Linke"": 66, ""Die PARTEI"": 2, ""FDP"": 22, ""FREIE WÄHLER"": 4, ""GRÜNE"": 53, ""Handwerker Partei Deutschland"": 10, ""PIRATEN"": 2, ""SPD"": 536, ""Team Freiheit"": 5, ""Tierschutzpartei"": 16, ""Volt"": 1, ""WLD"": 3, ""ÖDP"": 1}"
mv:GEMEINDE:13075039,2026-09-20T18:45:37.233966+00:00,2026-09-20T18:43:06.818662+00:00,1173,2,False,"{""AfD"": 228, ""BSW"": 33, ""CDU"": 58, ""Die Linke"": 169, ""Die PARTEI"": 8, ""FDP"": 14, ""FREIE WÄHLER"": 4, ""GRÜNE"": 213, ""Handwerker Partei Deutschland"": 6, ""KPD"": 1, ""PIRATEN"": 2, ""PdF"": 2, ""SPD"": 408, ""Team Freiheit"": 2, ""Tierschutzpartei"": 17, ""Volt"": 7, ""WLD"": 1}"
mv:GEMEINDE:13075131,2026-09-20T18:45:37.233966+00:00,2026-09-20T18:43:06.818662+00:00,781,1,False,"{""AfD"": 409, ""BSW"": 29, ""Bündnis C"": 2, ""CDU"": 29, ""Die Linke"": 32, ""Die PARTEI"": 1, ""FDP"": 4, ""FREIE WÄHLER"": 3, ""GRÜNE"": 9, ""Handwerker Partei Deutschland"": 3, ""SPD"": 250, ""Team Freiheit"": 3, ""Tierschutzpartei"": 7}"
mv:GEMEINDE:13075763,2026-09-20T18:45:37.233966+00:00,2026-09-20T18:43:06.818662+00:00,785,1,False,"{""AfD"": 248, ""BSW"": 28, ""CDU"": 64, ""Die Linke"": 41, ""Die PARTEI"": 6, ""FDP"": 27, ""FREIE WÄHLER"": 3, ""GRÜNE"": 30, ""Handwerker Partei Deutschland"": 9, ""KPD"": 2, ""PIRATEN"": 4, ""SPD"": 304, ""Team Freiheit"": 3, ""Tierschutzpartei"": 15, ""ÖDP"": 1}"
mv:GEMEINDE:13076108,2026-09-20T18:45:37.233966+00:00,2026-09-20T18:43:06.818662+00:00,1552,2,False,"{""AfD"": 562, ""BSW"": 116, ""CDU"": 85, ""Die Linke"": 87, ""Die PARTEI"": 4, ""FDP"": 20, ""FREIE WÄHLER"": 6, ""GRÜNE"": 35, ""Handwerker Partei Deutschland"": 13, ""KPD"": 3, ""PIRATEN"": 3, ""PdF"": 1, ""SPD"": 584, ""Team Freiheit"": 2, ""Tierschutzpartei"": 23, ""Volt"": 1, ""WLD"": 7}"
mv:GEMEINDE:13076134,2026-09-20T18:45:37.233966+00:00,2026-09-20T18:43:06.818662+00:00,236,1,False,"{""AfD"": 103, ""BSW"": 9, ""CDU"": 9, ""Die Linke"": 7, ""FDP"": 2, ""FREIE WÄHLER"": 6, ""GRÜNE"": 10, ""PIRATEN"": 1, ""SPD"": 85, ""Team Freiheit"": 2, ""Tierschutzpartei"": 2}"
mv:GEMEINDE:13076152,2026-09-20T18:45:37.233966+00:00,2026-09-20T18:43:06.818662+00:00,693,1,False,"{""AfD"": 348, ""BSW"": 22, ""CDU"": 32, ""Die Linke"": 22, ""FDP"": 8, ""FREIE WÄHLER"": 3, ""GRÜNE"": 10, ""Handwerker Partei Deutschland"": 1, ""PIRATEN"": 3, ""SPD"": 235, ""Tierschutzpartei"": 8, ""WLD"": 1}"
mv:WAHLKREIS:1,2026-09-20T18:45:37.233966+00:00,2026-09-20T18:43:06.818662+00:00,1173,2,False,"{""AfD"": 228, ""BSW"": 33, ""CDU"": 58, ""Die Linke"": 169, ""Die PARTEI"": 8, ""FDP"": 14, ""FREIE WÄHLER"": 4, ""GRÜNE"": 213, ""Handwerker Partei Deutschland"": 6, ""KPD"": 1, ""PIRATEN"": 2, ""PdF"": 2, ""SPD"": 408, ""Team Freiheit"": 2, ""Tierschutzpartei"": 17, ""Volt"": 7, ""WLD"": 1}"
mv:WAHLKREIS:10,2026-09-20T18:45:37.233966+00:00,2026-09-20T18:43:06.818662+00:00,595,1,False,"{""AfD"": 111, ""BSW"": 11, ""CDU"": 41, ""Die Linke"": 33, ""Die PARTEI"": 1, ""FDP"": 5, ""FREIE WÄHLER"": 2, ""GRÜNE"": 40, ""KPD"": 1, ""PIRATEN"": 2, ""PdF"": 1, ""SPD"": 343, ""Tierschutzpartei"": 3, ""Volt"": 1}"
mv:WAHLKREIS:11,2026-09-20T18:45:37.233966+00:00,2026-09-20T18:43:06.818662+00:00,1102,1,False,"{""AfD"": 272, ""BSW"": 71, ""CDU"": 83, ""Die Linke"": 81, ""Die PARTEI"": 2, ""FDP"": 13, ""FREIE WÄHLER"": 11, ""GRÜNE"": 77, ""Handwerker Partei Deutschland"": 4, ""PIRATEN"": 2, ""PdF"": 2, ""SPD"": 460, ""Tierschutzpartei"": 17, ""Volt"": 2, ""WLD"": 5}"
mv:WAHLKREIS:12,2026-09-20T18:45:37.233966+00:00,2026-09-20T18:43:06.818662+00:00,670,1,False,"{""AfD"": 157, ""BSW"": 27, ""CDU"": 57, ""Die Linke"": 58, ""FDP"": 10, ""FREIE WÄHLER"": 2, ""GRÜNE"": 31, ""Handwerker Partei Deutschland"": 4, ""PdF"": 1, ""SPD"": 306, ""Team Freiheit"": 4, ""Tierschutzpartei"": 12, ""Volt"": 1}"
mv:WAHLKREIS:16,2026-09-20T18:45:37.233966+00:00,2026-09-20T18:43:06.818662+00:00,2102,3,False,"{""AfD"": 684, ""BSW"": 112, ""Bündnis C"": 3, ""CDU"": 131, ""Die Linke"": 134, ""Die PARTEI"": 6, ""FDP"": 32, ""FREIE WÄHLER"": 7, ""GRÜNE"": 99, ""Handwerker Partei Deutschland"": 11, ""KPD"": 2, ""PIRATEN"": 2, ""PdF"": 1, ""SPD"": 852, ""Team Freiheit"": 3, ""Tierschutzpartei"": 15, ""Volt"": 4, ""WLD"": 4}"
mv:WAHLKREIS:18,2026-09-20T18:45:37.233966+00:00,2026-09-20T18:43:06.818662+00:00,693,1,False,"{""AfD"": 348, ""BSW"": 22, ""CDU"": 32, ""Die Linke"": 22, ""FDP"": 8, ""FREIE WÄHLER"": 3, ""GRÜNE"": 10, ""Handwerker Partei Deutschland"": 1, ""PIRATEN"": 3, ""SPD"": 235, ""Tierschutzpartei"": 8, ""WLD"": 1}"
mv:WAHLKREIS:19,2026-09-20T18:45:37.233966+00:00,2026-09-20T18:43:06.818662+00:00,236,1,False,"{""AfD"": 103, ""BSW"": 9, ""CDU"": 9, ""Die Linke"": 7, ""FDP"": 2, ""FREIE WÄHLER"": 6, ""GRÜNE"": 10, ""PIRATEN"": 1, ""SPD"": 85, ""Team Freiheit"": 2, ""Tierschutzpartei"": 2}"
mv:WAHLKREIS:23,2026-09-20T18:45:37.233966+00:00,2026-09-20T18:43:06.818662+00:00,704,1,False,"{""AfD"": 130, ""BSW"": 43, ""CDU"": 45, ""Die Linke"": 56, ""Die PARTEI"": 4, ""FDP"": 11, ""FREIE WÄHLER"": 2, ""GRÜNE"": 42, ""Handwerker Partei Deutschland"": 5, ""PdF"": 3, ""SPD"": 341, ""Team Freiheit"": 4, ""Tierschutzpartei"": 17, ""Volt"": 1}"
mv:WAHLKREIS:28,2026-09-20T18:45:37.233966+00:00,2026-09-20T18:43:06.818662+00:00,2317,2,False,"{""AfD"": 757, ""BSW"": 107, ""Bündnis C"": 2, ""CDU"": 139, ""Die Linke"": 96, ""Die PARTEI"": 5, ""FDP"": 38, ""FREIE WÄHLER"": 10, ""GRÜNE"": 129, ""Handwerker Partei Deutschland"": 12, ""PIRATEN"": 6, ""SPD"": 970, ""Team Freiheit"": 8, ""Tierschutzpartei"": 31, ""Volt"": 2, ""WLD"": 4, ""ÖDP"": 1}"
mv:WAHLKREIS:29,2026-09-20T18:45:37.233966+00:00,2026-09-20T18:43:06.818662+00:00,785,1,False,"{""AfD"": 248, ""BSW"": 28, ""CDU"": 64, ""Die Linke"": 41, ""Die PARTEI"": 6, ""FDP"": 27, ""FREIE WÄHLER"": 3, ""GRÜNE"": 30, ""Handwerker Partei Deutschland"": 9, ""KPD"": 2, ""PIRATEN"": 4, ""SPD"": 304, ""Team Freiheit"": 3, ""Tierschutzpartei"": 15, ""ÖDP"": 1}"
mv:WAHLKREIS:31,2026-09-20T18:45:37.233966+00:00,2026-09-20T18:43:06.818662+00:00,1552,2,False,"{""AfD"": 562, ""BSW"": 116, ""CDU"": 85, ""Die Linke"": 87, ""Die PARTEI"": 4, ""FDP"": 20, ""FREIE WÄHLER"": 6, ""GRÜNE"": 35, ""Handwerker Partei Deutschland"": 13, ""KPD"": 3, ""PIRATEN"": 3, ""PdF"": 1, ""SPD"": 584, ""Team Freiheit"": 2, ""Tierschutzpartei"": 23, ""Volt"": 1, ""WLD"": 7}"
mv:WAHLKREIS:33,2026-09-20T18:45:37.233966+00:00,2026-09-20T18:43:06.818662+00:00,919,1,False,"{""AfD"": 240, ""BSW"": 51, ""Bündnis C"": 1, ""CDU"": 57, ""Die Linke"": 70, ""Die PARTEI"": 2, ""FDP"": 21, ""FREIE WÄHLER"": 4, ""GRÜNE"": 46, ""Handwerker Partei Deutschland"": 4, ""PIRATEN"": 2, ""SPD"": 403, ""Team Freiheit"": 1, ""Tierschutzpartei"": 10, ""Volt"": 3, ""ÖDP"": 4}"
mv:WAHLKREIS:35,2026-09-20T18:45:37.233966+00:00,2026-09-20T18:43:06.818662+00:00,781,1,False,"{""AfD"": 409, ""BSW"": 29, ""Bündnis C"": 2, ""CDU"": 29, ""Die Linke"": 32, ""Die PARTEI"": 1, ""FDP"": 4, ""FREIE WÄHLER"": 3, ""GRÜNE"": 9, ""Handwerker Partei Deutschland"": 3, ""SPD"": 250, ""Team Freiheit"": 3, ""Tierschutzpartei"": 7}"
mv:WAHLKREIS:4,2026-09-20T18:45:37.233966+00:00,2026-09-20T18:43:06.818662+00:00,991,1,False,"{""AfD"": 191, ""BSW"": 47, ""Bündnis C"": 1, ""CDU"": 54, ""Die Linke"": 123, ""Die PARTEI"": 4, ""FDP"": 5, ""FREIE WÄHLER"": 3, ""GRÜNE"": 74, ""Handwerker Partei Deutschland"": 7, ""PIRATEN"": 2, ""PdF"": 3, ""SPD"": 445, ""Team Freiheit"": 2, ""Tierschutzpartei"": 23, ""Volt"": 3, ""WLD"": 2, ""ÖDP"": 2}"
mv:WAHLKREIS:6,2026-09-20T18:45:37.233966+00:00,2026-09-20T18:43:06.818662+00:00,730,1,False,"{""AfD"": 46, ""BSW"": 24, ""Bündnis C"": 1, ""CDU"": 17, ""Die Linke"": 213, ""Die PARTEI"": 1, ""FDP"": 13, ""FREIE WÄHLER"": 4, ""GRÜNE"": 181, ""PIRATEN"": 1, ""PdF"": 2, ""SPD"": 203, ""Team Freiheit"": 2, ""Tierschutzpartei"": 10, ""Volt"": 10, ""ÖDP"": 2}"
mv:WAHLKREIS:7,2026-09-20T18:45:37.233966+00:00,2026-09-20T18:43:06.818662+00:00,899,1,False,"{""AfD"": 190, ""BSW"": 38, ""CDU"": 39, ""Die Linke"": 113, ""Die PARTEI"": 5, ""FDP"": 12, ""FREIE WÄHLER"": 2, ""GRÜNE"": 180, ""KPD"": 2, ""PdF"": 4, ""SPD"": 299, ""Team Freiheit"": 1, ""Tierschutzpartei"": 10, ""Volt"": 3, ""ÖDP"": 1}"
mv:WAHLKREIS:9,2026-09-20T18:45:37.233966+00:00,2026-09-20T18:43:06.818662+00:00,984,1,False,"{""AfD"": 202, ""BSW"": 47, ""Bündnis C"": 1, ""CDU"": 91, ""Die Linke"": 79, ""Die PARTEI"": 5, ""FDP"": 20, ""FREIE WÄHLER"": 3, ""GRÜNE"": 67, ""Handwerker Partei Deutschland"": 5, ""KPD"": 1, ""PIRATEN"": 3, ""SPD"": 447, ""Team Freiheit"": 3, ""Tierschutzpartei"": 9, ""Volt"": 1}"
mv:GEMEINDE:13003000,2026-09-20T18:48:37.433930+00:00,2026-09-20T18:45:37.233966+00:00,3796,5,False,"{""AfD"": 440, ""BSW"": 165, ""Bündnis C"": 2, ""CDU"": 184, ""Die Linke"": 691, ""Die PARTEI"": 17, ""FDP"": 53, ""FREIE WÄHLER"": 6, ""GRÜNE"": 718, ""Handwerker Partei Deutschland"": 21, ""KPD"": 3, ""PIRATEN"": 10, ""PdF"": 8, ""SPD"": 1395, ""Team Freiheit"": 13, ""Tierschutzpartei"": 45, ""Volt"": 17, ""WLD"": 3, ""ÖDP"": 5}"
mv:GEMEINDE:13004000,2026-09-20T18:48:37.433930+00:00,2026-09-20T18:45:37.233966+00:00,828,1,False,"{""AfD"": 102, ""BSW"": 31, ""CDU"": 81, ""Die Linke"": 84, ""Die PARTEI"": 2, ""FDP"": 9, ""FREIE WÄHLER"": 3, ""GRÜNE"": 163, ""Handwerker Partei Deutschland"": 6, ""SPD"": 330, ""Team Freiheit"": 6, ""Tierschutzpartei"": 5, ""Volt"": 3, ""WLD"": 1, ""ÖDP"": 2}"
mv:GEMEINDE:13071035,2026-09-20T18:48:37.433930+00:00,2026-09-20T18:45:37.233966+00:00,655,1,False,"{""AfD"": 373, ""BSW"": 34, ""CDU"": 16, ""Die Linke"": 27, ""Die PARTEI"": 1, ""FDP"": 2, ""FREIE WÄHLER"": 3, ""GRÜNE"": 9, ""Handwerker Partei Deutschland"": 4, ""PIRATEN"": 1, ""PdF"": 1, ""SPD"": 174, ""Team Freiheit"": 4, ""Tierschutzpartei"": 5, ""Volt"": 1}"
mv:GEMEINDE:13072029,2026-09-20T18:48:37.433930+00:00,2026-09-20T18:45:37.233966+00:00,935,1,False,"{""AfD"": 392, ""BSW"": 39, ""CDU"": 32, ""Die Linke"": 57, ""Die PARTEI"": 3, ""FDP"": 8, ""FREIE WÄHLER"": 5, ""GRÜNE"": 32, ""Handwerker Partei Deutschland"": 2, ""PdF"": 2, ""SPD"": 348, ""Team Freiheit"": 2, ""Tierschutzpartei"": 9, ""Volt"": 2, ""WLD"": 1, ""ÖDP"": 1}"
mv:GEMEINDE:13072062,2026-09-20T18:48:37.433930+00:00,2026-09-20T18:45:37.233966+00:00,517,1,False,"{""AfD"": 176, ""BSW"": 26, ""CDU"": 27, ""Die Linke"": 27, ""Die PARTEI"": 2, ""FDP"": 7, ""FREIE WÄHLER"": 4, ""GRÜNE"": 13, ""Handwerker Partei Deutschland"": 3, ""PdF"": 1, ""SPD"": 227, ""Team Freiheit"": 1, ""Tierschutzpartei"": 3}"
mv:GEMEINDE:13072087,2026-09-20T18:48:37.433930+00:00,2026-09-20T18:45:37.233966+00:00,688,1,False,"{""AfD"": 245, ""BSW"": 30, ""CDU"": 44, ""Die Linke"": 38, ""FDP"": 9, ""FREIE WÄHLER"": 3, ""GRÜNE"": 26, ""Handwerker Partei Deutschland"": 1, ""KPD"": 1, ""PIRATEN"": 1, ""PdF"": 1, ""SPD"": 281, ""Team Freiheit"": 2, ""Tierschutzpartei"": 5, ""WLD"": 1}"
mv:GEMEINDE:13073010,2026-09-20T18:48:37.433930+00:00,2026-09-20T18:45:37.233966+00:00,473,1,False,"{""AfD"": 233, ""BSW"": 22, ""CDU"": 17, ""Die Linke"": 24, ""FDP"": 4, ""GRÜNE"": 14, ""Handwerker Partei Deutschland"": 4, ""PIRATEN"": 1, ""PdF"": 1, ""SPD"": 148, ""Tierschutzpartei"": 3, ""Volt"": 1, ""ÖDP"": 1}"
mv:GEMEINDE:13073083,2026-09-20T18:48:37.433930+00:00,2026-09-20T18:45:37.233966+00:00,463,1,False,"{""AfD"": 223, ""BSW"": 19, ""CDU"": 22, ""Die Linke"": 32, ""Die PARTEI"": 2, ""FDP"": 3, ""FREIE WÄHLER"": 3, ""GRÜNE"": 19, ""Handwerker Partei Deutschland"": 3, ""PIRATEN"": 1, ""PdF"": 1, ""SPD"": 121, ""Team Freiheit"": 2, ""Tierschutzpartei"": 10, ""Volt"": 1, ""WLD"": 1}"
mv:GEMEINDE:13073088,2026-09-20T18:48:37.433930+00:00,2026-09-20T18:45:37.233966+00:00,3117,4,False,"{""AfD"": 943, ""BSW"": 128, ""Bündnis C"": 4, ""CDU"": 202, ""Die Linke"": 243, ""Die PARTEI"": 21, ""FDP"": 35, ""FREIE WÄHLER"": 8, ""GRÜNE"": 399, ""Handwerker Partei Deutschland"": 15, ""KPD"": 2, ""PIRATEN"": 12, ""PdF"": 3, ""SPD"": 1043, ""Team Freiheit"": 19, ""Tierschutzpartei"": 22, ""Volt"": 16, ""ÖDP"": 2}"
mv:GEMEINDE:13073089,2026-09-20T18:48:37.433930+00:00,2026-09-20T18:45:37.233966+00:00,393,1,False,"{""AfD"": 215, ""BSW"": 25, ""Bündnis C"": 1, ""CDU"": 21, ""Die Linke"": 19, ""Die PARTEI"": 1, ""FDP"": 1, ""FREIE WÄHLER"": 2, ""GRÜNE"": 4, ""Handwerker Partei Deutschland"": 2, ""PIRATEN"": 1, ""PdF"": 1, ""SPD"": 96, ""Team Freiheit"": 1, ""Tierschutzpartei"": 3}"
mv:GEMEINDE:13073753,2026-09-20T18:48:37.433930+00:00,2026-09-20T18:45:37.233966+00:00,737,1,False,"{""AfD"": 187, ""BSW"": 40, ""Bündnis C"": 1, ""CDU"": 52, ""Die Linke"": 65, ""FDP"": 4, ""FREIE WÄHLER"": 2, ""GRÜNE"": 43, ""Handwerker Partei Deutschland"": 9, ""PIRATEN"": 2, ""PdF"": 2, ""SPD"": 308, ""Team Freiheit"": 3, ""Tierschutzpartei"": 14, ""Volt"": 5}"
mv:GEMEINDE:13073754,2026-09-20T18:48:37.433930+00:00,2026-09-20T18:45:37.233966+00:00,666,1,False,"{""AfD"": 181, ""BSW"": 21, ""Bündnis C"": 1, ""CDU"": 59, ""Die Linke"": 38, ""FDP"": 7, ""FREIE WÄHLER"": 3, ""GRÜNE"": 43, ""Handwerker Partei Deutschland"": 5, ""KPD"": 1, ""PIRATEN"": 1, ""SPD"": 294, ""Team Freiheit"": 2, ""Tierschutzpartei"": 7, ""Volt"": 1, ""ÖDP"": 2}"
mv:GEMEINDE:13075039,2026-09-20T18:48:37.433930+00:00,2026-09-20T18:45:37.233966+00:00,613,1,False,"{""AfD"": 98, ""BSW"": 20, ""Bündnis C"": 1, ""CDU"": 63, ""Die Linke"": 58, ""Die PARTEI"": 1, ""FDP"": 14, ""FREIE WÄHLER"": 1, ""GRÜNE"": 90, ""Handwerker Partei Deutschland"": 3, ""PdF"": 1, ""SPD"": 251, ""Team Freiheit"": 1, ""Tierschutzpartei"": 5, ""Volt"": 5, ""WLD"": 1}"
mv:GEMEINDE:13075144,2026-09-20T18:48:37.433930+00:00,2026-09-20T18:45:37.233966+00:00,489,1,False,"{""AfD"": 289, ""BSW"": 13, ""CDU"": 13, ""Die Linke"": 25, ""FDP"": 4, ""FREIE WÄHLER"": 1, ""GRÜNE"": 7, ""Handwerker Partei Deutschland"": 2, ""PIRATEN"": 1, ""SPD"": 122, ""Tierschutzpartei"": 12}"
mv:GEMEINDE:13076014,2026-09-20T18:48:37.433930+00:00,2026-09-20T18:45:37.233966+00:00,386,1,False,"{""AfD"": 228, ""BSW"": 15, ""Bündnis C"": 1, ""CDU"": 3, ""Die Linke"": 16, ""Die PARTEI"": 1, ""FREIE WÄHLER"": 2, ""GRÜNE"": 7, ""Handwerker Partei Deutschland"": 1, ""SPD"": 109, ""Tierschutzpartei"": 1, ""WLD"": 2}"
mv:GEMEINDE:13076090,2026-09-20T18:48:37.433930+00:00,2026-09-20T18:45:37.233966+00:00,685,1,False,"{""AfD"": 336, ""BSW"": 22, ""CDU"": 14, ""Die Linke"": 45, ""Die PARTEI"": 2, ""FDP"": 7, ""FREIE WÄHLER"": 2, ""GRÜNE"": 11, ""Handwerker Partei Deutschland"": 4, ""KPD"": 2, ""PIRATEN"": 6, ""PdF"": 1, ""SPD"": 219, ""Team Freiheit"": 4, ""Tierschutzpartei"": 7, ""Volt"": 1, ""WLD"": 1, ""ÖDP"": 1}"
mv:GEMEINDE:13076122,2026-09-20T18:48:37.433930+00:00,2026-09-20T18:45:37.233966+00:00,378,1,False,"{""AfD"": 188, ""BSW"": 15, ""CDU"": 18, ""Die Linke"": 21, ""Die PARTEI"": 1, ""FDP"": 5, ""FREIE WÄHLER"": 2, ""GRÜNE"": 12, ""Handwerker Partei Deutschland"": 1, ""PIRATEN"": 1, ""SPD"": 106, ""Team Freiheit"": 1, ""Tierschutzpartei"": 5, ""Volt"": 1, ""WLD"": 1}"
mv:GEMEINDE:13076159,2026-09-20T18:48:37.433930+00:00,2026-09-20T18:45:37.233966+00:00,250,1,False,"{""AfD"": 90, ""BSW"": 9, ""CDU"": 9, ""Die Linke"": 6, ""GRÜNE"": 31, ""KPD"": 1, ""PIRATEN"": 1, ""SPD"": 100, ""Team Freiheit"": 2, ""Tierschutzpartei"": 1}"
mv:WAHLKREIS:1,2026-09-20T18:51:08.588957+00:00,2026-09-20T18:48:37.433930+00:00,613,1,False,"{""AfD"": 98, ""BSW"": 20, ""Bündnis C"": 1, ""CDU"": 63, ""Die Linke"": 58, ""Die PARTEI"": 1, ""FDP"": 14, ""FREIE WÄHLER"": 1, ""GRÜNE"": 90, ""Handwerker Partei Deutschland"": 3, ""PdF"": 1, ""SPD"": 251, ""Team Freiheit"": 1, ""Tierschutzpartei"": 5, ""Volt"": 5, ""WLD"": 1}"
mv:WAHLKREIS:12,2026-09-20T18:51:08.588957+00:00,2026-09-20T18:48:37.433930+00:00,1623,2,False,"{""AfD"": 637, ""BSW"": 69, ""CDU"": 76, ""Die Linke"": 95, ""Die PARTEI"": 3, ""FDP"": 17, ""FREIE WÄHLER"": 8, ""GRÜNE"": 58, ""Handwerker Partei Deutschland"": 3, ""KPD"": 1, ""PIRATEN"": 1, ""PdF"": 3, ""SPD"": 629, ""Team Freiheit"": 4, ""Tierschutzpartei"": 14, ""Volt"": 2, ""WLD"": 2, ""ÖDP"": 1}"
mv:WAHLKREIS:15,2026-09-20T18:51:08.588957+00:00,2026-09-20T18:48:37.433930+00:00,517,1,False,"{""AfD"": 176, ""BSW"": 26, ""CDU"": 27, ""Die Linke"": 27, ""Die PARTEI"": 2, ""FDP"": 7, ""FREIE WÄHLER"": 4, ""GRÜNE"": 13, ""Handwerker Partei Deutschland"": 3, ""PdF"": 1, ""SPD"": 227, ""Team Freiheit"": 1, ""Tierschutzpartei"": 3}"
mv:WAHLKREIS:17,2026-09-20T18:51:08.588957+00:00,2026-09-20T18:48:37.433930+00:00,1014,3,False,"{""AfD"": 506, ""BSW"": 39, ""Bündnis C"": 1, ""CDU"": 30, ""Die Linke"": 43, ""Die PARTEI"": 2, ""FDP"": 5, ""FREIE WÄHLER"": 4, ""GRÜNE"": 50, ""Handwerker Partei Deutschland"": 2, ""KPD"": 1, ""PIRATEN"": 2, ""SPD"": 315, ""Team Freiheit"": 3, ""Tierschutzpartei"": 7, ""Volt"": 1, ""WLD"": 3}"
mv:WAHLKREIS:19,2026-09-20T18:51:08.588957+00:00,2026-09-20T18:48:37.433930+00:00,685,1,False,"{""AfD"": 336, ""BSW"": 22, ""CDU"": 14, ""Die Linke"": 45, ""Die PARTEI"": 2, ""FDP"": 7, ""FREIE WÄHLER"": 2, ""GRÜNE"": 11, ""Handwerker Partei Deutschland"": 4, ""KPD"": 2, ""PIRATEN"": 6, ""PdF"": 1, ""SPD"": 219, ""Team Freiheit"": 4, ""Tierschutzpartei"": 7, ""Volt"": 1, ""WLD"": 1, ""ÖDP"": 1}"
mv:WAHLKREIS:22,2026-09-20T18:51:08.588957+00:00,2026-09-20T18:48:37.433930+00:00,655,1,False,"{""AfD"": 373, ""BSW"": 34, ""CDU"": 16, ""Die Linke"": 27, ""Die PARTEI"": 1, ""FDP"": 2, ""FREIE WÄHLER"": 3, ""GRÜNE"": 9, ""Handwerker Partei Deutschland"": 4, ""PIRATEN"": 1, ""PdF"": 1, ""SPD"": 174, ""Team Freiheit"": 4, ""Tierschutzpartei"": 5, ""Volt"": 1}"
mv:WAHLKREIS:23,2026-09-20T18:51:08.588957+00:00,2026-09-20T18:48:37.433930+00:00,666,1,False,"{""AfD"": 181, ""BSW"": 21, ""Bündnis C"": 1, ""CDU"": 59, ""Die Linke"": 38, ""FDP"": 7, ""FREIE WÄHLER"": 3, ""GRÜNE"": 43, ""Handwerker Partei Deutschland"": 5, ""KPD"": 1, ""PIRATEN"": 1, ""SPD"": 294, ""Team Freiheit"": 2, ""Tierschutzpartei"": 7, ""Volt"": 1, ""ÖDP"": 2}"
mv:WAHLKREIS:24,2026-09-20T18:51:08.588957+00:00,2026-09-20T18:48:37.433930+00:00,1104,2,False,"{""AfD"": 512, ""BSW"": 66, ""Bündnis C"": 1, ""CDU"": 65, ""Die Linke"": 47, ""Die PARTEI"": 4, ""FDP"": 6, ""FREIE WÄHLER"": 4, ""GRÜNE"": 49, ""Handwerker Partei Deutschland"": 4, ""PIRATEN"": 1, ""PdF"": 1, ""SPD"": 326, ""Team Freiheit"": 5, ""Tierschutzpartei"": 8, ""Volt"": 5}"
mv:WAHLKREIS:26,2026-09-20T18:51:08.588957+00:00,2026-09-20T18:48:37.433930+00:00,2406,3,False,"{""AfD"": 646, ""BSW"": 87, ""Bündnis C"": 4, ""CDU"": 158, ""Die Linke"": 215, ""Die PARTEI"": 18, ""FDP"": 30, ""FREIE WÄHLER"": 6, ""GRÜNE"": 354, ""Handwerker Partei Deutschland"": 13, ""KPD"": 2, ""PIRATEN"": 12, ""PdF"": 3, ""SPD"": 813, ""Team Freiheit"": 15, ""Tierschutzpartei"": 17, ""Volt"": 11, ""ÖDP"": 2}"
mv:WAHLKREIS:30,2026-09-20T18:51:08.588957+00:00,2026-09-20T18:48:37.433930+00:00,489,1,False,"{""AfD"": 289, ""BSW"": 13, ""CDU"": 13, ""Die Linke"": 25, ""FDP"": 4, ""FREIE WÄHLER"": 1, ""GRÜNE"": 7, ""Handwerker Partei Deutschland"": 2, ""PIRATEN"": 1, ""SPD"": 122, ""Tierschutzpartei"": 12}"
mv:WAHLKREIS:33,2026-09-20T18:51:08.588957+00:00,2026-09-20T18:48:37.433930+00:00,737,1,False,"{""AfD"": 187, ""BSW"": 40, ""Bündnis C"": 1, ""CDU"": 52, ""Die Linke"": 65, ""FDP"": 4, ""FREIE WÄHLER"": 2, ""GRÜNE"": 43, ""Handwerker Partei Deutschland"": 9, ""PIRATEN"": 2, ""PdF"": 2, ""SPD"": 308, ""Team Freiheit"": 3, ""Tierschutzpartei"": 14, ""Volt"": 5}"
mv:WAHLKREIS:34,2026-09-20T18:51:08.588957+00:00,2026-09-20T18:48:37.433930+00:00,936,2,False,"{""AfD"": 456, ""BSW"": 41, ""CDU"": 39, ""Die Linke"": 56, ""Die PARTEI"": 2, ""FDP"": 7, ""FREIE WÄHLER"": 3, ""GRÜNE"": 33, ""Handwerker Partei Deutschland"": 7, ""PIRATEN"": 2, ""PdF"": 2, ""SPD"": 269, ""Team Freiheit"": 2, ""Tierschutzpartei"": 13, ""Volt"": 2, ""WLD"": 1, ""ÖDP"": 1}"
mv:WAHLKREIS:5,2026-09-20T18:51:08.588957+00:00,2026-09-20T18:48:37.433930+00:00,636,1,False,"{""AfD"": 116, ""BSW"": 22, ""Bündnis C"": 1, ""CDU"": 30, ""Die Linke"": 125, ""Die PARTEI"": 1, ""FDP"": 5, ""GRÜNE"": 49, ""Handwerker Partei Deutschland"": 3, ""PIRATEN"": 1, ""PdF"": 2, ""SPD"": 268, ""Team Freiheit"": 2, ""Tierschutzpartei"": 6, ""Volt"": 5}"
mv:WAHLKREIS:6,2026-09-20T18:51:08.588957+00:00,2026-09-20T18:48:37.433930+00:00,1511,2,False,"{""AfD"": 120, ""BSW"": 65, ""Bündnis C"": 1, ""CDU"": 68, ""Die Linke"": 293, ""Die PARTEI"": 9, ""FDP"": 16, ""FREIE WÄHLER"": 6, ""GRÜNE"": 301, ""Handwerker Partei Deutschland"": 5, ""KPD"": 1, ""PIRATEN"": 4, ""PdF"": 3, ""SPD"": 588, ""Team Freiheit"": 7, ""Tierschutzpartei"": 17, ""Volt"": 4, ""WLD"": 1, ""ÖDP"": 2}"
mv:WAHLKREIS:7,2026-09-20T18:51:08.588957+00:00,2026-09-20T18:48:37.433930+00:00,1649,2,False,"{""AfD"": 204, ""BSW"": 78, ""CDU"": 86, ""Die Linke"": 273, ""Die PARTEI"": 7, ""FDP"": 32, ""GRÜNE"": 368, ""Handwerker Partei Deutschland"": 13, ""KPD"": 2, ""PIRATEN"": 5, ""PdF"": 3, ""SPD"": 539, ""Team Freiheit"": 4, ""Tierschutzpartei"": 22, ""Volt"": 8, ""WLD"": 2, ""ÖDP"": 3}"
mv:WAHLKREIS:8,2026-09-20T18:51:08.588957+00:00,2026-09-20T18:48:37.433930+00:00,828,1,False,"{""AfD"": 102, ""BSW"": 31, ""CDU"": 81, ""Die Linke"": 84, ""Die PARTEI"": 2, ""FDP"": 9, ""FREIE WÄHLER"": 3, ""GRÜNE"": 163, ""Handwerker Partei Deutschland"": 6, ""SPD"": 330, ""Team Freiheit"": 6, ""Tierschutzpartei"": 5, ""Volt"": 3, ""WLD"": 1, ""ÖDP"": 2}"
mv:GEMEINDE:13003000,2026-09-20T19:00:08.125958+00:00,2026-09-20T18:57:08.868196+00:00,6251,8,False,"{""AfD"": 1518, ""BSW"": 279, ""Bündnis C"": 5, ""CDU"": 222, ""Die Linke"": 909, ""Die PARTEI"": 33, ""FDP"": 82, ""FREIE WÄHLER"": 36, ""GRÜNE"": 603, ""Handwerker Partei Deutschland"": 24, ""KPD"": 16, ""PIRATEN"": 20, ""PdF"": 19, ""SPD"": 2314, ""Team Freiheit"": 19, ""Tierschutzpartei"": 104, ""Volt"": 27, ""WLD"": 12, ""ÖDP"": 9}"
mv:GEMEINDE:13004000,2026-09-20T19:00:08.125958+00:00,2026-09-20T18:57:08.868196+00:00,1690,2,False,"{""AfD"": 713, ""BSW"": 79, ""CDU"": 49, ""Die Linke"": 100, ""Die PARTEI"": 4, ""FDP"": 11, ""FREIE WÄHLER"": 5, ""GRÜNE"": 69, ""Handwerker Partei Deutschland"": 6, ""PIRATEN"": 3, ""PdF"": 1, ""SPD"": 626, ""Team Freiheit"": 3, ""Tierschutzpartei"": 16, ""Volt"": 3, ""ÖDP"": 2}"
mv:GEMEINDE:13071027,2026-09-20T19:00:08.125958+00:00,2026-09-20T18:57:08.868196+00:00,677,1,False,"{""AfD"": 207, ""BSW"": 37, ""CDU"": 46, ""Die Linke"": 35, ""FDP"": 13, ""FREIE WÄHLER"": 5, ""GRÜNE"": 17, ""Handwerker Partei Deutschland"": 7, ""SPD"": 304, ""Team Freiheit"": 1, ""Tierschutzpartei"": 3, ""Volt"": 2}"
mv:GEMEINDE:13071107,2026-09-20T19:00:08.125958+00:00,2026-09-20T18:57:08.868196+00:00,1721,2,False,"{""AfD"": 488, ""BSW"": 105, ""Bündnis C"": 2, ""CDU"": 122, ""Die Linke"": 84, ""Die PARTEI"": 4, ""FDP"": 14, ""FREIE WÄHLER"": 1, ""GRÜNE"": 93, ""Handwerker Partei Deutschland"": 12, ""KPD"": 1, ""SPD"": 764, ""Team Freiheit"": 9, ""Tierschutzpartei"": 12, ""Volt"": 5, ""WLD"": 5}"
mv:GEMEINDE:13071156,2026-09-20T19:00:08.125958+00:00,2026-09-20T18:57:08.868196+00:00,2231,3,False,"{""AfD"": 649, ""BSW"": 107, ""Bündnis C"": 2, ""CDU"": 152, ""Die Linke"": 157, ""Die PARTEI"": 8, ""FDP"": 23, ""FREIE WÄHLER"": 7, ""GRÜNE"": 118, ""Handwerker Partei Deutschland"": 6, ""PIRATEN"": 3, ""PdF"": 5, ""SPD"": 963, ""Team Freiheit"": 5, ""Tierschutzpartei"": 18, ""Volt"": 2, ""WLD"": 4, ""ÖDP"": 2}"
mv:GEMEINDE:13071756,2026-09-20T19:00:08.125958+00:00,2026-09-20T18:57:08.868196+00:00,1147,1,False,"{""AfD"": 282, ""BSW"": 65, ""CDU"": 78, ""Die Linke"": 83, ""Die PARTEI"": 1, ""FDP"": 8, ""FREIE WÄHLER"": 1, ""GRÜNE"": 96, ""Handwerker Partei Deutschland"": 6, ""KPD"": 2, ""PIRATEN"": 4, ""PdF"": 2, ""SPD"": 499, ""Tierschutzpartei"": 17, ""Volt"": 2, ""ÖDP"": 1}"
mv:GEMEINDE:13072019,2026-09-20T19:00:08.125958+00:00,2026-09-20T18:57:08.868196+00:00,741,1,False,"{""AfD"": 277, ""BSW"": 39, ""CDU"": 39, ""Die Linke"": 35, ""Die PARTEI"": 3, ""FDP"": 10, ""FREIE WÄHLER"": 5, ""GRÜNE"": 43, ""Handwerker Partei Deutschland"": 4, ""PIRATEN"": 1, ""PdF"": 1, ""SPD"": 273, ""Team Freiheit"": 2, ""Tierschutzpartei"": 4, ""Volt"": 2, ""WLD"": 1, ""ÖDP"": 2}"
mv:GEMEINDE:13072029,2026-09-20T19:00:08.125958+00:00,2026-09-20T18:57:08.868196+00:00,780,1,False,"{""AfD"": 262, ""BSW"": 36, ""Bündnis C"": 1, ""CDU"": 39, ""Die Linke"": 38, ""Die PARTEI"": 4, ""FDP"": 8, ""FREIE WÄHLER"": 3, ""GRÜNE"": 57, ""Handwerker Partei Deutschland"": 2, ""PdF"": 1, ""SPD"": 320, ""Team Freiheit"": 2, ""Tierschutzpartei"": 3, ""Volt"": 3, ""ÖDP"": 1}"
mv:GEMEINDE:13072030,2026-09-20T19:00:08.125958+00:00,2026-09-20T18:57:08.868196+00:00,631,1,False,"{""AfD"": 232, ""BSW"": 26, ""CDU"": 29, ""Die Linke"": 32, ""FDP"": 7, ""FREIE WÄHLER"": 3, ""GRÜNE"": 17, ""Handwerker Partei Deutschland"": 1, ""PIRATEN"": 1, ""SPD"": 275, ""Team Freiheit"": 2, ""Tierschutzpartei"": 5, ""Volt"": 1}"
mv:GEMEINDE:13072074,2026-09-20T19:00:08.125958+00:00,2026-09-20T18:57:08.868196+00:00,958,1,False,"{""AfD"": 436, ""BSW"": 56, ""CDU"": 27, ""Die Linke"": 59, ""Die PARTEI"": 1, ""FDP"": 7, ""FREIE WÄHLER"": 2, ""GRÜNE"": 35, ""Handwerker Partei Deutschland"": 5, ""KPD"": 5, ""PIRATEN"": 3, ""PdF"": 2, ""SPD"": 303, ""Tierschutzpartei"": 16, ""ÖDP"": 1}"
mv:GEMEINDE:13072087,2026-09-20T19:00:08.125958+00:00,2026-09-20T18:57:08.868196+00:00,717,1,False,"{""AfD"": 234, ""BSW"": 42, ""CDU"": 40, ""Die Linke"": 30, ""Die PARTEI"": 1, ""FDP"": 14, ""FREIE WÄHLER"": 3, ""GRÜNE"": 51, ""Handwerker Partei Deutschland"": 3, ""SPD"": 291, ""Team Freiheit"": 2, ""Tierschutzpartei"": 2, ""Volt"": 1, ""WLD"": 2, ""ÖDP"": 1}"
mv:GEMEINDE:13072095,2026-09-20T19:00:08.125958+00:00,2026-09-20T18:57:08.868196+00:00,850,1,False,"{""AfD"": 219, ""BSW"": 39, ""CDU"": 67, ""Die Linke"": 70, ""Die PARTEI"": 5, ""FDP"": 12, ""FREIE WÄHLER"": 6, ""GRÜNE"": 47, ""Handwerker Partei Deutschland"": 7, ""KPD"": 2, ""PdF"": 1, ""SPD"": 358, ""Team Freiheit"": 5, ""Tierschutzpartei"": 10, ""Volt"": 1, ""WLD"": 1}"
mv:GEMEINDE:13072106,2026-09-20T19:00:08.125958+00:00,2026-09-20T18:57:08.868196+00:00,1363,1,False,"{""AfD"": 308, ""BSW"": 66, ""Bündnis C"": 5, ""CDU"": 116, ""Die Linke"": 104, ""Die PARTEI"": 4, ""FDP"": 23, ""FREIE WÄHLER"": 9, ""GRÜNE"": 30, ""Handwerker Partei Deutschland"": 2, ""PIRATEN"": 4, ""PdF"": 2, ""SPD"": 678, ""Team Freiheit"": 2, ""Tierschutzpartei"": 9, ""Volt"": 1}"
mv:GEMEINDE:13072760,2026-09-20T19:00:08.125958+00:00,2026-09-20T18:57:08.868196+00:00,1100,1,False,"{""AfD"": 229, ""BSW"": 50, ""CDU"": 100, ""Die Linke"": 76, ""Die PARTEI"": 2, ""FDP"": 21, ""FREIE WÄHLER"": 7, ""GRÜNE"": 76, ""Handwerker Partei Deutschland"": 4, ""PIRATEN"": 4, ""PdF"": 5, ""SPD"": 492, ""Team Freiheit"": 8, ""Tierschutzpartei"": 19, ""Volt"": 4, ""WLD"": 2, ""ÖDP"": 1}"
mv:GEMEINDE:13072763,2026-09-20T19:00:08.125958+00:00,2026-09-20T18:57:08.868196+00:00,1449,1,False,"{""AfD"": 276, ""BSW"": 67, ""CDU"": 138, ""Die Linke"": 88, ""Die PARTEI"": 3, ""FDP"": 21, ""FREIE WÄHLER"": 9, ""GRÜNE"": 112, ""Handwerker Partei Deutschland"": 11, ""KPD"": 1, ""PIRATEN"": 5, ""PdF"": 6, ""SPD"": 685, ""Team Freiheit"": 2, ""Tierschutzpartei"": 15, ""Volt"": 3, ""WLD"": 5, ""ÖDP"": 2}"
mv:GEMEINDE:13073010,2026-09-20T19:00:08.125958+00:00,2026-09-20T18:57:08.868196+00:00,543,1,False,"{""AfD"": 258, ""BSW"": 25, ""CDU"": 21, ""Die Linke"": 26, ""Die PARTEI"": 1, ""FDP"": 5, ""FREIE WÄHLER"": 1, ""GRÜNE"": 16, ""Handwerker Partei Deutschland"": 1, ""PIRATEN"": 1, ""SPD"": 180, ""Team Freiheit"": 1, ""Tierschutzpartei"": 6, ""ÖDP"": 1}"
mv:GEMEINDE:13073066,2026-09-20T19:00:08.125958+00:00,2026-09-20T18:57:08.868196+00:00,533,1,False,"{""AfD"": 267, ""BSW"": 24, ""CDU"": 25, ""Die Linke"": 27, ""FDP"": 6, ""FREIE WÄHLER"": 2, ""GRÜNE"": 12, ""PIRATEN"": 4, ""PdF"": 1, ""SPD"": 153, ""Team Freiheit"": 1, ""Tierschutzpartei"": 9, ""WLD"": 1, ""ÖDP"": 1}"
mv:GEMEINDE:13073077,2026-09-20T19:00:08.125958+00:00,2026-09-20T18:57:08.868196+00:00,547,1,False,"{""AfD"": 236, ""BSW"": 33, ""CDU"": 26, ""Die Linke"": 30, ""Die PARTEI"": 2, ""FDP"": 4, ""FREIE WÄHLER"": 5, ""GRÜNE"": 21, ""Handwerker Partei Deutschland"": 3, ""KPD"": 1, ""PIRATEN"": 2, ""PdF"": 1, ""SPD"": 171, ""Team Freiheit"": 2, ""Tierschutzpartei"": 7, ""Volt"": 1, ""WLD"": 1, ""ÖDP"": 1}"
mv:GEMEINDE:13073080,2026-09-20T19:00:08.125958+00:00,2026-09-20T18:57:08.868196+00:00,1085,1,False,"{""AfD"": 327, ""BSW"": 59, ""CDU"": 47, ""Die Linke"": 82, ""Die PARTEI"": 3, ""FDP"": 14, ""FREIE WÄHLER"": 5, ""GRÜNE"": 35, ""Handwerker Partei Deutschland"": 26, ""PIRATEN"": 3, ""SPD"": 460, ""Team Freiheit"": 1, ""Tierschutzpartei"": 21, ""WLD"": 1, ""ÖDP"": 1}"
mv:GEMEINDE:13073088,2026-09-20T19:00:08.125958+00:00,2026-09-20T18:57:08.868196+00:00,1637,2,False,"{""AfD"": 416, ""BSW"": 71, ""CDU"": 97, ""Die Linke"": 135, ""Die PARTEI"": 8, ""FDP"": 19, ""FREIE WÄHLER"": 8, ""GRÜNE"": 99, ""Handwerker Partei Deutschland"": 11, ""KPD"": 3, ""PIRATEN"": 9, ""PdF"": 7, ""SPD"": 669, ""Team Freiheit"": 15, ""Tierschutzpartei"": 55, ""Volt"": 7, ""WLD"": 4, ""ÖDP"": 4}"
mv:GEMEINDE:13073090,2026-09-20T19:00:08.125958+00:00,2026-09-20T18:57:08.868196+00:00,820,1,False,"{""AfD"": 452, ""BSW"": 33, ""Bündnis C"": 1, ""CDU"": 54, ""Die Linke"": 30, ""Die PARTEI"": 3, ""FDP"": 2, ""FREIE WÄHLER"": 1, ""GRÜNE"": 19, ""KPD"": 1, ""PIRATEN"": 1, ""PdF"": 1, ""SPD"": 199, ""Team Freiheit"": 9, ""Tierschutzpartei"": 10, ""Volt"": 3, ""ÖDP"": 1}"
mv:GEMEINDE:13074012,2026-09-20T19:00:08.125958+00:00,2026-09-20T18:57:08.868196+00:00,467,1,False,"{""AfD"": 215, ""BSW"": 31, ""CDU"": 9, ""Die Linke"": 10, ""Die PARTEI"": 4, ""FDP"": 3, ""FREIE WÄHLER"": 9, ""GRÜNE"": 10, ""KPD"": 1, ""PIRATEN"": 2, ""PdF"": 1, ""SPD"": 166, ""Tierschutzpartei"": 5, ""ÖDP"": 1}"
mv:GEMEINDE:13074017,2026-09-20T19:00:08.125958+00:00,2026-09-20T18:57:08.868196+00:00,0,0,True,"{""Die PARTEI"": -1, ""PIRATEN"": 1}"
mv:GEMEINDE:13074021,2026-09-20T19:00:08.125958+00:00,2026-09-20T18:57:08.868196+00:00,878,1,False,"{""AfD"": 422, ""BSW"": 50, ""CDU"": 36, ""Die Linke"": 58, ""Die PARTEI"": 2, ""FDP"": 6, ""GRÜNE"": 21, ""Handwerker Partei Deutschland"": 4, ""KPD"": 2, ""PIRATEN"": 4, ""SPD"": 261, ""Tierschutzpartei"": 10, ""Volt"": 2}"
mv:GEMEINDE:13074026,2026-09-20T19:00:08.125958+00:00,2026-09-20T18:57:08.868196+00:00,597,1,False,"{""AfD"": 128, ""BSW"": 29, ""CDU"": 50, ""Die Linke"": 49, ""FDP"": 10, ""FREIE WÄHLER"": 1, ""GRÜNE"": 22, ""Handwerker Partei Deutschland"": 7, ""PIRATEN"": 3, ""SPD"": 291, ""Tierschutzpartei"": 4, ""Volt"": 2, ""ÖDP"": 1}"
mv:GEMEINDE:13074049,2026-09-20T19:00:08.125958+00:00,2026-09-20T18:57:08.868196+00:00,0,0,True,"{""Die PARTEI"": -2, ""PIRATEN"": 2}"
mv:GEMEINDE:13074057,2026-09-20T19:00:08.125958+00:00,2026-09-20T18:57:08.868196+00:00,1055,1,False,"{""AfD"": 497, ""BSW"": 44, ""Bündnis C"": 1, ""CDU"": 36, ""Die Linke"": 48, ""Die PARTEI"": 3, ""FDP"": 4, ""FREIE WÄHLER"": 1, ""GRÜNE"": 35, ""Handwerker Partei Deutschland"": 9, ""PIRATEN"": 2, ""SPD"": 356, ""Team Freiheit"": 1, ""Tierschutzpartei"": 10, ""Volt"": 1, ""WLD"": 3, ""ÖDP"": 4}"
mv:GEMEINDE:13074751,2026-09-20T19:00:08.125958+00:00,2026-09-20T18:57:08.868196+00:00,1116,1,False,"{""AfD"": 311, ""BSW"": 48, ""Bündnis C"": 1, ""CDU"": 91, ""Die Linke"": 77, ""Die PARTEI"": 4, ""FDP"": 13, ""FREIE WÄHLER"": 3, ""GRÜNE"": 67, ""Handwerker Partei Deutschland"": 10, ""KPD"": 1, ""PIRATEN"": 2, ""PdF"": 1, ""SPD"": 468, ""Team Freiheit"": 1, ""Tierschutzpartei"": 10, ""Volt"": 4, ""WLD"": 4}"
mv:GEMEINDE:13074757,2026-09-20T19:00:08.125958+00:00,2026-09-20T18:57:08.868196+00:00,1045,1,False,"{""AfD"": 337, ""BSW"": 49, ""Bündnis C"": 2, ""CDU"": 71, ""Die Linke"": 74, ""Die PARTEI"": 2, ""FDP"": 14, ""FREIE WÄHLER"": 1, ""GRÜNE"": 86, ""Handwerker Partei Deutschland"": 7, ""SPD"": 387, ""Tierschutzpartei"": 14, ""WLD"": 1}"
mv:GEMEINDE:13075039,2026-09-20T19:00:08.125958+00:00,2026-09-20T18:57:08.868196+00:00,1761,3,False,"{""AfD"": 376, ""BSW"": 54, ""Bündnis C"": 1, ""CDU"": 125, ""Die Linke"": 195, ""Die PARTEI"": 11, ""FDP"": 27, ""FREIE WÄHLER"": 5, ""GRÜNE"": 245, ""Handwerker Partei Deutschland"": 8, ""KPD"": 2, ""PIRATEN"": 2, ""PdF"": 3, ""SPD"": 677, ""Team Freiheit"": 2, ""Tierschutzpartei"": 19, ""Volt"": 6, ""WLD"": 2, ""ÖDP"": 1}"
mv:GEMEINDE:13075144,2026-09-20T19:00:08.125958+00:00,2026-09-20T18:57:08.868196+00:00,487,1,False,"{""AfD"": 257, ""BSW"": 14, ""CDU"": 5, ""Die Linke"": 20, ""Die PARTEI"": 2, ""FDP"": 3, ""FREIE WÄHLER"": 1, ""GRÜNE"": 15, ""PIRATEN"": 1, ""PdF"": 3, ""SPD"": 158, ""Tierschutzpartei"": 6, ""WLD"": 1, ""ÖDP"": 1}"
mv:GEMEINDE:13075762,2026-09-20T19:00:08.125958+00:00,2026-09-20T18:57:08.868196+00:00,1735,1,False,"{""AfD"": 540, ""BSW"": 87, ""Bündnis C"": 2, ""CDU"": 170, ""Die Linke"": 77, ""Die PARTEI"": 7, ""FDP"": 25, ""FREIE WÄHLER"": 5, ""GRÜNE"": 77, ""Handwerker Partei Deutschland"": 8, ""KPD"": 2, ""PIRATEN"": 5, ""PdF"": 2, ""SPD"": 696, ""Tierschutzpartei"": 29, ""WLD"": 2, ""ÖDP"": 1}"
mv:GEMEINDE:13076014,2026-09-20T19:00:08.125958+00:00,2026-09-20T18:57:08.868196+00:00,1986,2,False,"{""AfD"": 574, ""BSW"": 83, ""Bündnis C"": 2, ""CDU"": 106, ""Die Linke"": 167, ""Die PARTEI"": 11, ""FDP"": 18, ""FREIE WÄHLER"": 3, ""GRÜNE"": 87, ""Handwerker Partei Deutschland"": 13, ""KPD"": 1, ""PIRATEN"": 5, ""PdF"": 2, ""SPD"": 858, ""Tierschutzpartei"": 28, ""Volt"": 9, ""WLD"": 17, ""ÖDP"": 2}"
mv:GEMEINDE:13076090,2026-09-20T19:00:08.125958+00:00,2026-09-20T18:57:08.868196+00:00,1101,2,False,"{""AfD"": 448, ""BSW"": 59, ""Bündnis C"": 2, ""CDU"": 44, ""Die Linke"": 64, ""Die PARTEI"": 8, ""FDP"": 6, ""FREIE WÄHLER"": 10, ""GRÜNE"": 44, ""Handwerker Partei Deutschland"": 2, ""KPD"": 2, ""PIRATEN"": 2, ""SPD"": 400, ""Tierschutzpartei"": 7, ""Volt"": 1, ""WLD"": 2}"
mv:GEMEINDE:13076108,2026-09-20T19:00:08.125958+00:00,2026-09-20T18:57:08.868196+00:00,883,1,False,"{""AfD"": 417, ""BSW"": 61, ""CDU"": 28, ""Die Linke"": 35, ""Die PARTEI"": 2, ""FDP"": 10, ""GRÜNE"": 22, ""Handwerker Partei Deutschland"": 3, ""KPD"": 1, ""PIRATEN"": 4, ""SPD"": 288, ""Team Freiheit"": 1, ""Tierschutzpartei"": 7, ""Volt"": 1, ""WLD"": 2, ""ÖDP"": 1}"
mv:GEMEINDE:13076153,2026-09-20T19:00:08.125958+00:00,2026-09-20T18:57:08.868196+00:00,198,1,False,"{""AfD"": 89, ""BSW"": 15, ""Bündnis C"": 1, ""CDU"": 10, ""Die Linke"": 8, ""Die PARTEI"": 1, ""FDP"": 3, ""FREIE WÄHLER"": 1, ""GRÜNE"": 8, ""Handwerker Partei Deutschland"": 1, ""SPD"": 59, ""Tierschutzpartei"": 2}"
mv:GEMEINDE:13076755,2026-09-20T19:00:08.125958+00:00,2026-09-20T18:57:08.868196+00:00,858,1,False,"{""AfD"": 263, ""BSW"": 51, ""CDU"": 52, ""Die Linke"": 62, ""Die PARTEI"": 6, ""FDP"": 9, ""FREIE WÄHLER"": 1, ""GRÜNE"": 34, ""Handwerker Partei Deutschland"": 10, ""PIRATEN"": 3, ""PdF"": 2, ""SPD"": 346, ""Team Freiheit"": 3, ""Tierschutzpartei"": 6, ""Volt"": 1, ""WLD"": 7, ""ÖDP"": 2}"
mv:GEMEINDE:13076764,2026-09-20T19:00:08.125958+00:00,2026-09-20T18:57:08.868196+00:00,1131,1,False,"{""AfD"": 289, ""BSW"": 59, ""Bündnis C"": 2, ""CDU"": 57, ""Die Linke"": 67, ""Die PARTEI"": 2, ""FDP"": 14, ""FREIE WÄHLER"": 4, ""GRÜNE"": 37, ""Handwerker Partei Deutschland"": 7, ""PIRATEN"": 1, ""SPD"": 566, ""Team Freiheit"": 4, ""Tierschutzpartei"": 16, ""WLD"": 6}"
mv:WAHLKREIS:1,2026-09-20T19:00:08.125958+00:00,2026-09-20T18:57:08.868196+00:00,1761,3,False,"{""AfD"": 376, ""BSW"": 54, ""Bündnis C"": 1, ""CDU"": 125, ""Die Linke"": 195, ""Die PARTEI"": 11, ""FDP"": 27, ""FREIE WÄHLER"": 5, ""GRÜNE"": 245, ""Handwerker Partei Deutschland"": 8, ""KPD"": 2, ""PIRATEN"": 2, ""PdF"": 3, ""SPD"": 677, ""Team Freiheit"": 2, ""Tierschutzpartei"": 19, ""Volt"": 6, ""WLD"": 2, ""ÖDP"": 1}"
mv:WAHLKREIS:11,2026-09-20T19:00:08.125958+00:00,2026-09-20T18:57:08.868196+00:00,958,1,False,"{""AfD"": 436, ""BSW"": 56, ""CDU"": 27, ""Die Linke"": 59, ""Die PARTEI"": 1, ""FDP"": 7, ""FREIE WÄHLER"": 2, ""GRÜNE"": 35, ""Handwerker Partei Deutschland"": 5, ""KPD"": 5, ""PIRATEN"": 3, ""PdF"": 2, ""SPD"": 303, ""Tierschutzpartei"": 16, ""ÖDP"": 1}"
mv:WAHLKREIS:12,2026-09-20T19:00:08.125958+00:00,2026-09-20T18:57:08.868196+00:00,5418,6,False,"{""AfD"": 1510, ""BSW"": 260, ""Bündnis C"": 1, ""CDU"": 385, ""Die Linke"": 299, ""Die PARTEI"": 13, ""FDP"": 81, ""FREIE WÄHLER"": 30, ""GRÜNE"": 356, ""Handwerker Partei Deutschland"": 25, ""KPD"": 1, ""PIRATEN"": 11, ""PdF"": 13, ""SPD"": 2336, ""Team Freiheit"": 18, ""Tierschutzpartei"": 48, ""Volt"": 14, ""WLD"": 10, ""ÖDP"": 7}"
mv:WAHLKREIS:13,2026-09-20T19:00:08.125958+00:00,2026-09-20T18:57:08.868196+00:00,677,1,False,"{""AfD"": 207, ""BSW"": 37, ""CDU"": 46, ""Die Linke"": 35, ""FDP"": 13, ""FREIE WÄHLER"": 5, ""GRÜNE"": 17, ""Handwerker Partei Deutschland"": 7, ""SPD"": 304, ""Team Freiheit"": 1, ""Tierschutzpartei"": 3, ""Volt"": 2}"
mv:WAHLKREIS:15,2026-09-20T19:00:08.125958+00:00,2026-09-20T18:57:08.868196+00:00,2213,2,False,"{""AfD"": 527, ""BSW"": 105, ""Bündnis C"": 5, ""CDU"": 183, ""Die Linke"": 174, ""Die PARTEI"": 9, ""FDP"": 35, ""FREIE WÄHLER"": 15, ""GRÜNE"": 77, ""Handwerker Partei Deutschland"": 9, ""KPD"": 2, ""PIRATEN"": 4, ""PdF"": 3, ""SPD"": 1036, ""Team Freiheit"": 7, ""Tierschutzpartei"": 19, ""Volt"": 2, ""WLD"": 1}"
mv:WAHLKREIS:17,2026-09-20T19:00:08.125958+00:00,2026-09-20T18:57:08.868196+00:00,1986,2,False,"{""AfD"": 574, ""BSW"": 83, ""Bündnis C"": 2, ""CDU"": 106, ""Die Linke"": 167, ""Die PARTEI"": 11, ""FDP"": 18, ""FREIE WÄHLER"": 3, ""GRÜNE"": 87, ""Handwerker Partei Deutschland"": 13, ""KPD"": 1, ""PIRATEN"": 5, ""PdF"": 2, ""SPD"": 858, ""Tierschutzpartei"": 28, ""Volt"": 9, ""WLD"": 17, ""ÖDP"": 2}"
mv:WAHLKREIS:18,2026-09-20T19:00:08.125958+00:00,2026-09-20T18:57:08.868196+00:00,198,1,False,"{""AfD"": 89, ""BSW"": 15, ""Bündnis C"": 1, ""CDU"": 10, ""Die Linke"": 8, ""Die PARTEI"": 1, ""FDP"": 3, ""FREIE WÄHLER"": 1, ""GRÜNE"": 8, ""Handwerker Partei Deutschland"": 1, ""SPD"": 59, ""Tierschutzpartei"": 2}"
mv:WAHLKREIS:19,2026-09-20T19:00:08.125958+00:00,2026-09-20T18:57:08.868196+00:00,1101,2,False,"{""AfD"": 448, ""BSW"": 59, ""Bündnis C"": 2, ""CDU"": 44, ""Die Linke"": 64, ""Die PARTEI"": 8, ""FDP"": 6, ""FREIE WÄHLER"": 10, ""GRÜNE"": 44, ""Handwerker Partei Deutschland"": 2, ""KPD"": 2, ""PIRATEN"": 2, ""SPD"": 400, ""Tierschutzpartei"": 7, ""Volt"": 1, ""WLD"": 2}"
mv:WAHLKREIS:2,2026-09-20T19:00:08.125958+00:00,2026-09-20T18:57:08.868196+00:00,925,1,False,"{""AfD"": 312, ""BSW"": 60, ""Bündnis C"": 2, ""CDU"": 45, ""Die Linke"": 38, ""Die PARTEI"": 3, ""FDP"": 10, ""GRÜNE"": 44, ""Handwerker Partei Deutschland"": 4, ""SPD"": 389, ""Team Freiheit"": 7, ""Tierschutzpartei"": 5, ""Volt"": 3, ""WLD"": 3}"
mv:WAHLKREIS:20,2026-09-20T19:00:08.125958+00:00,2026-09-20T18:57:08.868196+00:00,2231,3,False,"{""AfD"": 649, ""BSW"": 107, ""Bündnis C"": 2, ""CDU"": 152, ""Die Linke"": 157, ""Die PARTEI"": 8, ""FDP"": 23, ""FREIE WÄHLER"": 7, ""GRÜNE"": 118, ""Handwerker Partei Deutschland"": 6, ""PIRATEN"": 3, ""PdF"": 5, ""SPD"": 963, ""Team Freiheit"": 5, ""Tierschutzpartei"": 18, ""Volt"": 2, ""WLD"": 4, ""ÖDP"": 2}"
mv:WAHLKREIS:21,2026-09-20T19:00:08.125958+00:00,2026-09-20T18:57:08.868196+00:00,1147,1,False,"{""AfD"": 282, ""BSW"": 65, ""CDU"": 78, ""Die Linke"": 83, ""Die PARTEI"": 1, ""FDP"": 8, ""FREIE WÄHLER"": 1, ""GRÜNE"": 96, ""Handwerker Partei Deutschland"": 6, ""KPD"": 2, ""PIRATEN"": 4, ""PdF"": 2, ""SPD"": 499, ""Tierschutzpartei"": 17, ""Volt"": 2, ""ÖDP"": 1}"
mv:WAHLKREIS:24,2026-09-20T19:00:08.125958+00:00,2026-09-20T18:57:08.868196+00:00,820,1,False,"{""AfD"": 452, ""BSW"": 33, ""Bündnis C"": 1, ""CDU"": 54, ""Die Linke"": 30, ""Die PARTEI"": 3, ""FDP"": 2, ""FREIE WÄHLER"": 1, ""GRÜNE"": 19, ""KPD"": 1, ""PIRATEN"": 1, ""PdF"": 1, ""SPD"": 199, ""Team Freiheit"": 9, ""Tierschutzpartei"": 10, ""Volt"": 3, ""ÖDP"": 1}"
mv:WAHLKREIS:25,2026-09-20T19:00:08.125958+00:00,2026-09-20T18:57:08.868196+00:00,1907,3,False,"{""AfD"": 709, ""BSW"": 93, ""CDU"": 104, ""Die Linke"": 134, ""Die PARTEI"": 5, ""FDP"": 17, ""FREIE WÄHLER"": 14, ""GRÜNE"": 57, ""Handwerker Partei Deutschland"": 7, ""KPD"": 2, ""PIRATEN"": 8, ""PdF"": 2, ""SPD"": 696, ""Team Freiheit"": 4, ""Tierschutzpartei"": 42, ""Volt"": 5, ""WLD"": 4, ""ÖDP"": 4}"
mv:WAHLKREIS:26,2026-09-20T19:00:08.125958+00:00,2026-09-20T18:57:08.868196+00:00,810,1,False,"{""AfD"": 210, ""BSW"": 35, ""CDU"": 44, ""Die Linke"": 58, ""Die PARTEI"": 5, ""FDP"": 12, ""FREIE WÄHLER"": 1, ""GRÜNE"": 75, ""Handwerker Partei Deutschland"": 7, ""KPD"": 2, ""PIRATEN"": 7, ""PdF"": 7, ""SPD"": 297, ""Team Freiheit"": 14, ""Tierschutzpartei"": 29, ""Volt"": 3, ""WLD"": 2, ""ÖDP"": 2}"
mv:WAHLKREIS:27,2026-09-20T19:00:08.125958+00:00,2026-09-20T18:57:08.868196+00:00,597,1,False,"{""AfD"": 128, ""BSW"": 29, ""CDU"": 50, ""Die Linke"": 49, ""Die PARTEI"": -3, ""FDP"": 10, ""FREIE WÄHLER"": 1, ""GRÜNE"": 22, ""Handwerker Partei Deutschland"": 7, ""PIRATEN"": 6, ""SPD"": 291, ""Tierschutzpartei"": 4, ""Volt"": 2, ""ÖDP"": 1}"
mv:WAHLKREIS:28,2026-09-20T19:00:08.125958+00:00,2026-09-20T18:57:08.868196+00:00,4561,5,False,"{""AfD"": 1782, ""BSW"": 222, ""Bündnis C"": 4, ""CDU"": 243, ""Die Linke"": 267, ""Die PARTEI"": 15, ""FDP"": 40, ""FREIE WÄHLER"": 14, ""GRÜNE"": 219, ""Handwerker Partei Deutschland"": 30, ""KPD"": 4, ""PIRATEN"": 10, ""PdF"": 2, ""SPD"": 1638, ""Team Freiheit"": 2, ""Tierschutzpartei"": 49, ""Volt"": 7, ""WLD"": 8, ""ÖDP"": 5}"
mv:WAHLKREIS:3,2026-09-20T19:00:08.125958+00:00,2026-09-20T18:57:08.868196+00:00,796,1,False,"{""AfD"": 176, ""BSW"": 45, ""CDU"": 77, ""Die Linke"": 46, ""Die PARTEI"": 1, ""FDP"": 4, ""FREIE WÄHLER"": 1, ""GRÜNE"": 49, ""Handwerker Partei Deutschland"": 8, ""KPD"": 1, ""SPD"": 375, ""Team Freiheit"": 2, ""Tierschutzpartei"": 7, ""Volt"": 2, ""WLD"": 2}"
mv:WAHLKREIS:30,2026-09-20T19:00:08.125958+00:00,2026-09-20T18:57:08.868196+00:00,2222,2,False,"{""AfD"": 797, ""BSW"": 101, ""Bündnis C"": 2, ""CDU"": 175, ""Die Linke"": 97, ""Die PARTEI"": 9, ""FDP"": 28, ""FREIE WÄHLER"": 6, ""GRÜNE"": 92, ""Handwerker Partei Deutschland"": 8, ""KPD"": 2, ""PIRATEN"": 6, ""PdF"": 5, ""SPD"": 854, ""Tierschutzpartei"": 35, ""WLD"": 3, ""ÖDP"": 2}"
mv:WAHLKREIS:31,2026-09-20T19:00:08.125958+00:00,2026-09-20T18:57:08.868196+00:00,1741,2,False,"{""AfD"": 680, ""BSW"": 112, ""CDU"": 80, ""Die Linke"": 97, ""Die PARTEI"": 8, ""FDP"": 19, ""FREIE WÄHLER"": 1, ""GRÜNE"": 56, ""Handwerker Partei Deutschland"": 13, ""KPD"": 1, ""PIRATEN"": 7, ""PdF"": 2, ""SPD"": 634, ""Team Freiheit"": 4, ""Tierschutzpartei"": 13, ""Volt"": 2, ""WLD"": 9, ""ÖDP"": 3}"
mv:WAHLKREIS:32,2026-09-20T19:00:08.125958+00:00,2026-09-20T18:57:08.868196+00:00,1131,1,False,"{""AfD"": 289, ""BSW"": 59, ""Bündnis C"": 2, ""CDU"": 57, ""Die Linke"": 67, ""Die PARTEI"": 2, ""FDP"": 14, ""FREIE WÄHLER"": 4, ""GRÜNE"": 37, ""Handwerker Partei Deutschland"": 7, ""PIRATEN"": 1, ""SPD"": 566, ""Team Freiheit"": 4, ""Tierschutzpartei"": 16, ""WLD"": 6}"
mv:WAHLKREIS:33,2026-09-20T19:00:08.125958+00:00,2026-09-20T18:57:08.868196+00:00,1085,1,False,"{""AfD"": 327, ""BSW"": 59, ""CDU"": 47, ""Die Linke"": 82, ""Die PARTEI"": 3, ""FDP"": 14, ""FREIE WÄHLER"": 5, ""GRÜNE"": 35, ""Handwerker Partei Deutschland"": 26, ""PIRATEN"": 3, ""SPD"": 460, ""Team Freiheit"": 1, ""Tierschutzpartei"": 21, ""WLD"": 1, ""ÖDP"": 1}"
mv:WAHLKREIS:34,2026-09-20T19:00:08.125958+00:00,2026-09-20T18:57:08.868196+00:00,543,1,False,"{""AfD"": 258, ""BSW"": 25, ""CDU"": 21, ""Die Linke"": 26, ""Die PARTEI"": 1, ""FDP"": 5, ""FREIE WÄHLER"": 1, ""GRÜNE"": 16, ""Handwerker Partei Deutschland"": 1, ""PIRATEN"": 1, ""SPD"": 180, ""Team Freiheit"": 1, ""Tierschutzpartei"": 6, ""ÖDP"": 1}"
mv:WAHLKREIS:4,2026-09-20T19:00:08.125958+00:00,2026-09-20T18:57:08.868196+00:00,1450,2,False,"{""AfD"": 289, ""BSW"": 74, ""CDU"": 68, ""Die Linke"": 198, ""Die PARTEI"": 9, ""FDP"": 14, ""FREIE WÄHLER"": 16, ""GRÜNE"": 89, ""Handwerker Partei Deutschland"": 6, ""KPD"": 6, ""PIRATEN"": 4, ""PdF"": 4, ""SPD"": 633, ""Team Freiheit"": 4, ""Tierschutzpartei"": 28, ""Volt"": 5, ""WLD"": 3}"
mv:WAHLKREIS:6,2026-09-20T19:00:08.125958+00:00,2026-09-20T18:57:08.868196+00:00,585,1,False,"{""AfD"": 86, ""BSW"": 29, ""CDU"": 11, ""Die Linke"": 104, ""Die PARTEI"": 2, ""FDP"": 6, ""FREIE WÄHLER"": 1, ""GRÜNE"": 119, ""Handwerker Partei Deutschland"": 1, ""KPD"": 2, ""PIRATEN"": 3, ""SPD"": 207, ""Team Freiheit"": 2, ""Tierschutzpartei"": 8, ""Volt"": 2, ""WLD"": 1, ""ÖDP"": 1}"
mv:WAHLKREIS:7,2026-09-20T19:00:08.125958+00:00,2026-09-20T18:57:08.868196+00:00,4216,5,False,"{""AfD"": 1143, ""BSW"": 176, ""Bündnis C"": 5, ""CDU"": 143, ""Die Linke"": 607, ""Die PARTEI"": 22, ""FDP"": 62, ""FREIE WÄHLER"": 19, ""GRÜNE"": 395, ""Handwerker Partei Deutschland"": 17, ""KPD"": 8, ""PIRATEN"": 13, ""PdF"": 15, ""SPD"": 1474, ""Team Freiheit"": 13, ""Tierschutzpartei"": 68, ""Volt"": 20, ""WLD"": 8, ""ÖDP"": 8}"
mv:WAHLKREIS:8,2026-09-20T19:00:08.125958+00:00,2026-09-20T18:57:08.868196+00:00,856,1,False,"{""AfD"": 372, ""BSW"": 41, ""CDU"": 27, ""Die Linke"": 45, ""Die PARTEI"": 2, ""FDP"": 4, ""FREIE WÄHLER"": 4, ""GRÜNE"": 49, ""Handwerker Partei Deutschland"": 2, ""PIRATEN"": 2, ""SPD"": 297, ""Team Freiheit"": 1, ""Tierschutzpartei"": 7, ""Volt"": 2, ""ÖDP"": 1}"
mv:WAHLKREIS:9,2026-09-20T19:00:08.125958+00:00,2026-09-20T18:57:08.868196+00:00,834,1,False,"{""AfD"": 341, ""BSW"": 38, ""CDU"": 22, ""Die Linke"": 55, ""Die PARTEI"": 2, ""FDP"": 7, ""FREIE WÄHLER"": 1, ""GRÜNE"": 20, ""Handwerker Partei Deutschland"": 4, ""PIRATEN"": 1, ""PdF"": 1, ""SPD"": 329, ""Team Freiheit"": 2, ""Tierschutzpartei"": 9, ""Volt"": 1, ""ÖDP"": 1}"
mv:GEMEINDE:13003000,2026-09-20T19:06:07.734916+00:00,2026-09-20T19:03:15.342177+00:00,3152,3,False,"{""AfD"": 652, ""BSW"": 132, ""Bündnis C"": 2, ""CDU"": 181, ""Die Linke"": 383, ""Die PARTEI"": 19, ""FDP"": 61, ""FREIE WÄHLER"": 11, ""GRÜNE"": 459, ""Handwerker Partei Deutschland"": 21, ""KPD"": 1, ""PIRATEN"": 7, ""PdF"": 6, ""SPD"": 1164, ""Team Freiheit"": 10, ""Tierschutzpartei"": 26, ""Volt"": 13, ""WLD"": 2, ""ÖDP"": 2}"
mv:GEMEINDE:13071751,2026-09-20T19:06:07.734916+00:00,2026-09-20T19:03:15.342177+00:00,847,1,False,"{""AfD"": 319, ""BSW"": 45, ""Bündnis C"": 1, ""CDU"": 64, ""Die Linke"": 52, ""Die PARTEI"": 2, ""FDP"": 12, ""FREIE WÄHLER"": 1, ""GRÜNE"": 30, ""Handwerker Partei Deutschland"": 4, ""KPD"": 1, ""PIRATEN"": 3, ""PdF"": 1, ""SPD"": 302, ""Team Freiheit"": 3, ""Tierschutzpartei"": 4, ""Volt"": 1, ""WLD"": 2}"
mv:GEMEINDE:13072015,2026-09-20T19:06:07.734916+00:00,2026-09-20T19:03:15.342177+00:00,552,1,False,"{""AfD"": 199, ""BSW"": 30, ""CDU"": 15, ""Die Linke"": 22, ""Die PARTEI"": 2, ""FDP"": 7, ""FREIE WÄHLER"": 3, ""GRÜNE"": 34, ""Handwerker Partei Deutschland"": 6, ""KPD"": 2, ""SPD"": 222, ""Team Freiheit"": 1, ""Tierschutzpartei"": 8, ""Volt"": 1}"
mv:GEMEINDE:13072029,2026-09-20T19:06:07.734916+00:00,2026-09-20T19:03:15.342177+00:00,1181,1,False,"{""AfD"": 286, ""BSW"": 58, ""Bündnis C"": 1, ""CDU"": 74, ""Die Linke"": 87, ""Die PARTEI"": 1, ""FDP"": 23, ""FREIE WÄHLER"": 10, ""GRÜNE"": 99, ""Handwerker Partei Deutschland"": 14, ""KPD"": 1, ""PIRATEN"": 1, ""PdF"": 6, ""SPD"": 500, ""Team Freiheit"": 3, ""Tierschutzpartei"": 14, ""WLD"": 1, ""ÖDP"": 2}"
mv:GEMEINDE:13072063,2026-09-20T19:06:07.734916+00:00,2026-09-20T19:03:15.342177+00:00,477,1,False,"{""AfD"": 271, ""BSW"": 31, ""CDU"": 10, ""Die Linke"": 17, ""Die PARTEI"": 4, ""FDP"": 5, ""FREIE WÄHLER"": 1, ""GRÜNE"": 10, ""Handwerker Partei Deutschland"": 1, ""SPD"": 118, ""Team Freiheit"": 3, ""Tierschutzpartei"": 3, ""Volt"": 1, ""WLD"": 1, ""ÖDP"": 1}"
mv:GEMEINDE:13072090,2026-09-20T19:06:07.734916+00:00,2026-09-20T19:03:15.342177+00:00,203,1,False,"{""AfD"": 99, ""BSW"": 5, ""CDU"": 5, ""Die Linke"": 10, ""Die PARTEI"": 1, ""FDP"": 1, ""FREIE WÄHLER"": 1, ""GRÜNE"": 5, ""KPD"": 1, ""PIRATEN"": 2, ""PdF"": 1, ""SPD"": 68, ""Tierschutzpartei"": 2, ""WLD"": 1, ""ÖDP"": 1}"
mv:GEMEINDE:13072755,2026-09-20T19:06:07.734916+00:00,2026-09-20T19:03:15.342177+00:00,1324,1,False,"{""AfD"": 363, ""BSW"": 88, ""Bündnis C"": 1, ""CDU"": 95, ""Die Linke"": 93, ""Die PARTEI"": 3, ""FDP"": 26, ""FREIE WÄHLER"": 8, ""GRÜNE"": 99, ""Handwerker Partei Deutschland"": 14, ""PIRATEN"": 5, ""PdF"": 2, ""SPD"": 501, ""Team Freiheit"": 4, ""Tierschutzpartei"": 17, ""Volt"": 4, ""WLD"": 1}"
mv:GEMEINDE:13073001,2026-09-20T19:06:07.734916+00:00,2026-09-20T19:03:15.342177+00:00,669,1,False,"{""AfD"": 317, ""BSW"": 47, ""CDU"": 22, ""Die Linke"": 30, ""Die PARTEI"": 12, ""FDP"": 10, ""FREIE WÄHLER"": 3, ""GRÜNE"": 28, ""Handwerker Partei Deutschland"": 5, ""SPD"": 174, ""Team Freiheit"": 7, ""Tierschutzpartei"": 13, ""ÖDP"": 1}"
mv:GEMEINDE:13074087,2026-09-20T19:06:07.734916+00:00,2026-09-20T19:03:15.342177+00:00,703,1,False,"{""AfD"": 260, ""BSW"": 28, ""Bündnis C"": 1, ""CDU"": 21, ""Die Linke"": 45, ""Die PARTEI"": 1, ""FDP"": 6, ""FREIE WÄHLER"": 2, ""GRÜNE"": 42, ""Handwerker Partei Deutschland"": 5, ""PIRATEN"": 1, ""SPD"": 279, ""Team Freiheit"": 1, ""Tierschutzpartei"": 8, ""Volt"": 2, ""WLD"": 1}"
mv:GEMEINDE:13074759,2026-09-20T19:06:07.734916+00:00,2026-09-20T19:03:15.342177+00:00,964,1,False,"{""AfD"": 223, ""BSW"": 43, ""CDU"": 56, ""Die Linke"": 65, ""Die PARTEI"": 5, ""FDP"": 22, ""FREIE WÄHLER"": 3, ""GRÜNE"": 79, ""Handwerker Partei Deutschland"": 10, ""KPD"": 1, ""PIRATEN"": 3, ""PdF"": 1, ""SPD"": 440, ""Team Freiheit"": 1, ""Tierschutzpartei"": 8, ""Volt"": 2, ""ÖDP"": 2}"
mv:GEMEINDE:13075039,2026-09-20T19:06:07.734916+00:00,2026-09-20T19:03:15.342177+00:00,2687,4,False,"{""AfD"": 1116, ""BSW"": 100, ""Bündnis C"": 6, ""CDU"": 118, ""Die Linke"": 207, ""Die PARTEI"": 13, ""FDP"": 49, ""FREIE WÄHLER"": 7, ""GRÜNE"": 214, ""Handwerker Partei Deutschland"": 10, ""KPD"": 1, ""PIRATEN"": 4, ""PdF"": 2, ""SPD"": 776, ""Team Freiheit"": 9, ""Tierschutzpartei"": 46, ""Volt"": 6, ""WLD"": 2, ""ÖDP"": 1}"
mv:GEMEINDE:13075105,2026-09-20T19:06:07.734916+00:00,2026-09-20T19:03:15.342177+00:00,805,1,False,"{""AfD"": 203, ""BSW"": 59, ""CDU"": 66, ""Die Linke"": 54, ""Die PARTEI"": 4, ""FDP"": 14, ""FREIE WÄHLER"": 3, ""GRÜNE"": 27, ""Handwerker Partei Deutschland"": 6, ""KPD"": 1, ""PdF"": 1, ""SPD"": 342, ""Team Freiheit"": 7, ""Tierschutzpartei"": 13, ""Volt"": 5}"
mv:GEMEINDE:13075754,2026-09-20T19:06:07.734916+00:00,2026-09-20T19:03:15.342177+00:00,998,1,False,"{""AfD"": 314, ""BSW"": 57, ""CDU"": 98, ""Die Linke"": 76, ""Die PARTEI"": 4, ""FDP"": 6, ""FREIE WÄHLER"": 5, ""GRÜNE"": 28, ""Handwerker Partei Deutschland"": 2, ""KPD"": 1, ""PIRATEN"": 4, ""PdF"": 1, ""SPD"": 378, ""Tierschutzpartei"": 20, ""Volt"": 2, ""WLD"": 1, ""ÖDP"": 1}"
mv:GEMEINDE:13076071,2026-09-20T19:06:07.734916+00:00,2026-09-20T19:03:15.342177+00:00,680,1,False,"{""AfD"": 305, ""BSW"": 37, ""CDU"": 28, ""Die Linke"": 18, ""Die PARTEI"": 4, ""FDP"": 7, ""FREIE WÄHLER"": 5, ""GRÜNE"": 23, ""Handwerker Partei Deutschland"": 5, ""KPD"": 1, ""PIRATEN"": 2, ""SPD"": 237, ""Team Freiheit"": 4, ""Tierschutzpartei"": 4}"
mv:GEMEINDE:13076108,2026-09-20T19:06:07.734916+00:00,2026-09-20T19:03:15.342177+00:00,691,1,False,"{""AfD"": 152, ""BSW"": 50, ""CDU"": 62, ""Die Linke"": 46, ""Die PARTEI"": 1, ""FDP"": 9, ""FREIE WÄHLER"": 1, ""GRÜNE"": 29, ""Handwerker Partei Deutschland"": 2, ""KPD"": 1, ""PIRATEN"": 4, ""PdF"": 4, ""SPD"": 314, ""Team Freiheit"": 1, ""Tierschutzpartei"": 13, ""WLD"": 1, ""ÖDP"": 1}"
mv:GEMEINDE:13076752,2026-09-20T19:06:07.734916+00:00,2026-09-20T19:03:15.342177+00:00,1062,1,False,"{""AfD"": 280, ""BSW"": 52, ""Bündnis C"": 1, ""CDU"": 57, ""Die Linke"": 65, ""Die PARTEI"": 2, ""FDP"": 8, ""FREIE WÄHLER"": 8, ""GRÜNE"": 53, ""Handwerker Partei Deutschland"": 3, ""KPD"": 1, ""PIRATEN"": 2, ""SPD"": 501, ""Team Freiheit"": 1, ""Tierschutzpartei"": 12, ""Volt"": 1, ""WLD"": 15}"
mv:WAHLKREIS:1,2026-09-20T19:06:07.734916+00:00,2026-09-20T19:03:15.342177+00:00,2687,4,False,"{""AfD"": 1116, ""BSW"": 100, ""Bündnis C"": 6, ""CDU"": 118, ""Die Linke"": 207, ""Die PARTEI"": 13, ""FDP"": 49, ""FREIE WÄHLER"": 7, ""GRÜNE"": 214, ""Handwerker Partei Deutschland"": 10, ""KPD"": 1, ""PIRATEN"": 4, ""PdF"": 2, ""SPD"": 776, ""Team Freiheit"": 9, ""Tierschutzpartei"": 46, ""Volt"": 6, ""WLD"": 2, ""ÖDP"": 1}"
mv:WAHLKREIS:10,2026-09-20T19:06:07.734916+00:00,2026-09-20T19:03:15.342177+00:00,703,1,False,"{""AfD"": 260, ""BSW"": 28, ""Bündnis C"": 1, ""CDU"": 21, ""Die Linke"": 45, ""Die PARTEI"": 1, ""FDP"": 6, ""FREIE WÄHLER"": 2, ""GRÜNE"": 42, ""Handwerker Partei Deutschland"": 5, ""PIRATEN"": 1, ""SPD"": 279, ""Team Freiheit"": 1, ""Tierschutzpartei"": 8, ""Volt"": 2, ""WLD"": 1}"
mv:WAHLKREIS:12,2026-09-20T19:06:07.734916+00:00,2026-09-20T19:03:15.342177+00:00,1733,2,False,"{""AfD"": 485, ""BSW"": 88, ""Bündnis C"": 1, ""CDU"": 89, ""Die Linke"": 109, ""Die PARTEI"": 3, ""FDP"": 30, ""FREIE WÄHLER"": 13, ""GRÜNE"": 133, ""Handwerker Partei Deutschland"": 20, ""KPD"": 3, ""PIRATEN"": 1, ""PdF"": 6, ""SPD"": 722, ""Team Freiheit"": 4, ""Tierschutzpartei"": 22, ""Volt"": 1, ""WLD"": 1, ""ÖDP"": 2}"
mv:WAHLKREIS:13,2026-09-20T19:06:07.734916+00:00,2026-09-20T19:03:15.342177+00:00,1845,2,False,"{""AfD"": 633, ""BSW"": 102, ""Bündnis C"": 1, ""CDU"": 162, ""Die Linke"": 128, ""Die PARTEI"": 6, ""FDP"": 18, ""FREIE WÄHLER"": 6, ""GRÜNE"": 58, ""Handwerker Partei Deutschland"": 6, ""KPD"": 2, ""PIRATEN"": 7, ""PdF"": 2, ""SPD"": 680, ""Team Freiheit"": 3, ""Tierschutzpartei"": 24, ""Volt"": 3, ""WLD"": 3, ""ÖDP"": 1}"
mv:WAHLKREIS:15,2026-09-20T19:06:07.734916+00:00,2026-09-20T19:03:15.342177+00:00,680,2,False,"{""AfD"": 370, ""BSW"": 36, ""CDU"": 15, ""Die Linke"": 27, ""Die PARTEI"": 5, ""FDP"": 6, ""FREIE WÄHLER"": 2, ""GRÜNE"": 15, ""Handwerker Partei Deutschland"": 1, ""KPD"": 1, ""PIRATEN"": 2, ""PdF"": 1, ""SPD"": 186, ""Team Freiheit"": 3, ""Tierschutzpartei"": 5, ""Volt"": 1, ""WLD"": 2, ""ÖDP"": 2}"
mv:WAHLKREIS:16,2026-09-20T19:06:07.734916+00:00,2026-09-20T19:03:15.342177+00:00,1324,1,False,"{""AfD"": 363, ""BSW"": 88, ""Bündnis C"": 1, ""CDU"": 95, ""Die Linke"": 93, ""Die PARTEI"": 3, ""FDP"": 26, ""FREIE WÄHLER"": 8, ""GRÜNE"": 99, ""Handwerker Partei Deutschland"": 14, ""PIRATEN"": 5, ""PdF"": 2, ""SPD"": 501, ""Team Freiheit"": 4, ""Tierschutzpartei"": 17, ""Volt"": 4, ""WLD"": 1}"
mv:WAHLKREIS:17,2026-09-20T19:06:07.734916+00:00,2026-09-20T19:03:15.342177+00:00,1062,1,False,"{""AfD"": 280, ""BSW"": 52, ""Bündnis C"": 1, ""CDU"": 57, ""Die Linke"": 65, ""Die PARTEI"": 2, ""FDP"": 8, ""FREIE WÄHLER"": 8, ""GRÜNE"": 53, ""Handwerker Partei Deutschland"": 3, ""KPD"": 1, ""PIRATEN"": 2, ""SPD"": 501, ""Team Freiheit"": 1, ""Tierschutzpartei"": 12, ""Volt"": 1, ""WLD"": 15}"
mv:WAHLKREIS:18,2026-09-20T19:06:07.734916+00:00,2026-09-20T19:03:15.342177+00:00,680,1,False,"{""AfD"": 305, ""BSW"": 37, ""CDU"": 28, ""Die Linke"": 18, ""Die PARTEI"": 4, ""FDP"": 7, ""FREIE WÄHLER"": 5, ""GRÜNE"": 23, ""Handwerker Partei Deutschland"": 5, ""KPD"": 1, ""PIRATEN"": 2, ""SPD"": 237, ""Team Freiheit"": 4, ""Tierschutzpartei"": 4}"
mv:WAHLKREIS:23,2026-09-20T19:06:07.734916+00:00,2026-09-20T19:03:15.342177+00:00,669,1,False,"{""AfD"": 317, ""BSW"": 47, ""CDU"": 22, ""Die Linke"": 30, ""Die PARTEI"": 12, ""FDP"": 10, ""FREIE WÄHLER"": 3, ""GRÜNE"": 28, ""Handwerker Partei Deutschland"": 5, ""SPD"": 174, ""Team Freiheit"": 7, ""Tierschutzpartei"": 13, ""ÖDP"": 1}"
mv:WAHLKREIS:27,2026-09-20T19:06:07.734916+00:00,2026-09-20T19:03:15.342177+00:00,964,1,False,"{""AfD"": 223, ""BSW"": 43, ""CDU"": 56, ""Die Linke"": 65, ""Die PARTEI"": 5, ""FDP"": 22, ""FREIE WÄHLER"": 3, ""GRÜNE"": 79, ""Handwerker Partei Deutschland"": 10, ""KPD"": 1, ""PIRATEN"": 3, ""PdF"": 1, ""SPD"": 440, ""Team Freiheit"": 1, ""Tierschutzpartei"": 8, ""Volt"": 2, ""ÖDP"": 2}"
mv:WAHLKREIS:31,2026-09-20T19:06:07.734916+00:00,2026-09-20T19:03:15.342177+00:00,691,1,False,"{""AfD"": 152, ""BSW"": 50, ""CDU"": 62, ""Die Linke"": 46, ""Die PARTEI"": 1, ""FDP"": 9, ""FREIE WÄHLER"": 1, ""GRÜNE"": 29, ""Handwerker Partei Deutschland"": 2, ""KPD"": 1, ""PIRATEN"": 4, ""PdF"": 4, ""SPD"": 314, ""Team Freiheit"": 1, ""Tierschutzpartei"": 13, ""WLD"": 1, ""ÖDP"": 1}"
mv:WAHLKREIS:36,2026-09-20T19:06:07.734916+00:00,2026-09-20T19:03:15.342177+00:00,805,1,False,"{""AfD"": 203, ""BSW"": 59, ""CDU"": 66, ""Die Linke"": 54, ""Die PARTEI"": 4, ""FDP"": 14, ""FREIE WÄHLER"": 3, ""GRÜNE"": 27, ""Handwerker Partei Deutschland"": 6, ""KPD"": 1, ""PdF"": 1, ""SPD"": 342, ""Team Freiheit"": 7, ""Tierschutzpartei"": 13, ""Volt"": 5}"
mv:WAHLKREIS:4,2026-09-20T19:06:07.734916+00:00,2026-09-20T19:03:15.342177+00:00,754,1,False,"{""AfD"": 315, ""BSW"": 32, ""CDU"": 21, ""Die Linke"": 82, ""Die PARTEI"": 5, ""FDP"": 2, ""FREIE WÄHLER"": 3, ""GRÜNE"": 37, ""Handwerker Partei Deutschland"": 4, ""KPD"": 1, ""PIRATEN"": 3, ""SPD"": 234, ""Team Freiheit"": 2, ""Tierschutzpartei"": 8, ""Volt"": 4, ""WLD"": 1}"
mv:WAHLKREIS:6,2026-09-20T19:06:07.734916+00:00,2026-09-20T19:03:15.342177+00:00,880,1,False,"{""AfD"": 76, ""BSW"": 29, ""Bündnis C"": 2, ""CDU"": 42, ""Die Linke"": 180, ""Die PARTEI"": 10, ""FDP"": 18, ""FREIE WÄHLER"": 3, ""GRÜNE"": 205, ""Handwerker Partei Deutschland"": 1, ""PIRATEN"": 1, ""PdF"": 3, ""SPD"": 295, ""Team Freiheit"": 1, ""Tierschutzpartei"": 10, ""Volt"": 4}"
mv:WAHLKREIS:7,2026-09-20T19:06:07.734916+00:00,2026-09-20T19:03:15.342177+00:00,1518,1,False,"{""AfD"": 261, ""BSW"": 71, ""CDU"": 118, ""Die Linke"": 121, ""Die PARTEI"": 4, ""FDP"": 41, ""FREIE WÄHLER"": 5, ""GRÜNE"": 217, ""Handwerker Partei Deutschland"": 16, ""PIRATEN"": 3, ""PdF"": 3, ""SPD"": 635, ""Team Freiheit"": 7, ""Tierschutzpartei"": 8, ""Volt"": 5, ""WLD"": 1, ""ÖDP"": 2}"
mv:GEMEINDE:13003000,2026-09-20T19:09:07.573429+00:00,2026-09-20T19:06:07.734916+00:00,6556,8,False,"{""AfD"": 1634, ""BSW"": 273, ""Bündnis C"": 5, ""CDU"": 280, ""Die Linke"": 825, ""Die PARTEI"": 31, ""FDP"": 77, ""FREIE WÄHLER"": 26, ""GRÜNE"": 779, ""Handwerker Partei Deutschland"": 25, ""KPD"": 6, ""PIRATEN"": 16, ""PdF"": 9, ""SPD"": 2446, ""Team Freiheit"": 21, ""Tierschutzpartei"": 57, ""Volt"": 34, ""WLD"": 4, ""ÖDP"": 8}"
mv:GEMEINDE:13071029,2026-09-20T19:09:07.573429+00:00,2026-09-20T19:06:07.734916+00:00,944,1,False,"{""AfD"": 366, ""BSW"": 38, ""Bündnis C"": 2, ""CDU"": 67, ""Die Linke"": 56, ""Die PARTEI"": 2, ""FDP"": 11, ""FREIE WÄHLER"": 6, ""GRÜNE"": 13, ""Handwerker Partei Deutschland"": 5, ""SPD"": 368, ""Tierschutzpartei"": 6, ""Volt"": 1, ""WLD"": 2, ""ÖDP"": 1}"
mv:GEMEINDE:13072043,2026-09-20T19:09:07.573429+00:00,2026-09-20T19:06:07.734916+00:00,1284,2,False,"{""AfD"": 626, ""BSW"": 46, ""CDU"": 42, ""Die Linke"": 59, ""Die PARTEI"": 4, ""FDP"": 24, ""FREIE WÄHLER"": 4, ""GRÜNE"": 31, ""Handwerker Partei Deutschland"": 6, ""PIRATEN"": 1, ""PdF"": 2, ""SPD"": 423, ""Team Freiheit"": 2, ""Tierschutzpartei"": 9, ""Volt"": 1, ""WLD"": 2, ""ÖDP"": 2}"
mv:GEMEINDE:13072060,2026-09-20T19:09:07.573429+00:00,2026-09-20T19:06:07.734916+00:00,831,1,False,"{""AfD"": 302, ""BSW"": 50, ""CDU"": 30, ""Die Linke"": 45, ""Die PARTEI"": 2, ""FDP"": 7, ""FREIE WÄHLER"": 1, ""GRÜNE"": 31, ""Handwerker Partei Deutschland"": 1, ""KPD"": 1, ""SPD"": 345, ""Tierschutzpartei"": 12, ""Volt"": 1, ""ÖDP"": 3}"
mv:GEMEINDE:13072121,2026-09-20T19:09:07.573429+00:00,2026-09-20T19:06:07.734916+00:00,678,1,False,"{""AfD"": 297, ""BSW"": 31, ""Bündnis C"": 1, ""CDU"": 23, ""Die Linke"": 36, ""Die PARTEI"": 1, ""FDP"": 9, ""FREIE WÄHLER"": 1, ""GRÜNE"": 55, ""Handwerker Partei Deutschland"": 2, ""PIRATEN"": 1, ""PdF"": 3, ""SPD"": 201, ""Team Freiheit"": 3, ""Tierschutzpartei"": 10, ""Volt"": 2, ""ÖDP"": 2}"
mv:GEMEINDE:13072762,2026-09-20T19:09:07.573429+00:00,2026-09-20T19:06:07.734916+00:00,428,1,False,"{""AfD"": 124, ""BSW"": 24, ""CDU"": 26, ""Die Linke"": 31, ""Die PARTEI"": 2, ""FDP"": 6, ""FREIE WÄHLER"": 2, ""GRÜNE"": 24, ""Handwerker Partei Deutschland"": 5, ""KPD"": 2, ""SPD"": 177, ""Tierschutzpartei"": 3, ""Volt"": 1, ""ÖDP"": 1}"
mv:GEMEINDE:13073010,2026-09-20T19:09:07.573429+00:00,2026-09-20T19:06:07.734916+00:00,525,1,False,"{""AfD"": 276, ""BSW"": 5, ""Bündnis C"": 1, ""CDU"": 17, ""Die Linke"": 29, ""Die PARTEI"": 2, ""FDP"": 3, ""FREIE WÄHLER"": 2, ""GRÜNE"": 9, ""PIRATEN"": 20, ""SPD"": 153, ""Tierschutzpartei"": 4, ""ÖDP"": 4}"
mv:GEMEINDE:13073054,2026-09-20T19:09:07.573429+00:00,2026-09-20T19:06:07.734916+00:00,482,1,False,"{""AfD"": 215, ""BSW"": 20, ""CDU"": 23, ""Die Linke"": 19, ""FDP"": 3, ""FREIE WÄHLER"": 4, ""GRÜNE"": 26, ""Handwerker Partei Deutschland"": 6, ""PIRATEN"": 2, ""SPD"": 156, ""Team Freiheit"": 1, ""Tierschutzpartei"": 6, ""WLD"": 1}"
mv:GEMEINDE:13073070,2026-09-20T19:09:07.573429+00:00,2026-09-20T19:06:07.734916+00:00,616,1,False,"{""AfD"": 286, ""BSW"": 24, ""CDU"": 31, ""Die Linke"": 20, ""Die PARTEI"": 1, ""FDP"": 5, ""FREIE WÄHLER"": 2, ""GRÜNE"": 31, ""Handwerker Partei Deutschland"": 1, ""PdF"": 1, ""SPD"": 203, ""Team Freiheit"": 2, ""Tierschutzpartei"": 7, ""Volt"": 1, ""WLD"": 1}"
mv:GEMEINDE:13073088,2026-09-20T19:09:07.573429+00:00,2026-09-20T19:06:07.734916+00:00,833,1,False,"{""AfD"": 180, ""BSW"": 39, ""Bündnis C"": 1, ""CDU"": 78, ""Die Linke"": 62, ""Die PARTEI"": 2, ""FDP"": 14, ""FREIE WÄHLER"": 2, ""GRÜNE"": 68, ""Handwerker Partei Deutschland"": 16, ""PIRATEN"": 2, ""PdF"": 2, ""SPD"": 341, ""Team Freiheit"": 4, ""Tierschutzpartei"": 15, ""Volt"": 6, ""ÖDP"": 1}"
mv:GEMEINDE:13074050,2026-09-20T19:09:07.573429+00:00,2026-09-20T19:06:07.734916+00:00,747,1,False,"{""AfD"": 338, ""BSW"": 42, ""CDU"": 22, ""Die Linke"": 34, ""Die PARTEI"": 6, ""FDP"": 9, ""FREIE WÄHLER"": 3, ""GRÜNE"": 14, ""Handwerker Partei Deutschland"": 5, ""KPD"": 1, ""PIRATEN"": 3, ""SPD"": 258, ""Tierschutzpartei"": 6, ""WLD"": 1, ""ÖDP"": 5}"
mv:GEMEINDE:13074087,2026-09-20T19:09:07.573429+00:00,2026-09-20T19:06:07.734916+00:00,874,1,False,"{""AfD"": 359, ""BSW"": 26, ""Bündnis C"": 1, ""CDU"": 28, ""Die Linke"": 55, ""Die PARTEI"": 2, ""FDP"": 7, ""FREIE WÄHLER"": 2, ""GRÜNE"": 44, ""Handwerker Partei Deutschland"": 3, ""SPD"": 339, ""Tierschutzpartei"": 6, ""Volt"": 2}"
mv:GEMEINDE:13074753,2026-09-20T19:09:07.573429+00:00,2026-09-20T19:06:07.734916+00:00,0,0,True,"{""BSW"": 19, ""Tierschutzpartei"": -19}"
mv:GEMEINDE:13075144,2026-09-20T19:09:07.573429+00:00,2026-09-20T19:06:07.734916+00:00,632,1,False,"{""AfD"": 340, ""BSW"": 23, ""CDU"": 27, ""Die Linke"": 24, ""Die PARTEI"": 2, ""FDP"": 9, ""FREIE WÄHLER"": 3, ""GRÜNE"": 17, ""SPD"": 178, ""Tierschutzpartei"": 8, ""Volt"": 1}"
mv:GEMEINDE:13076108,2026-09-20T19:09:07.573429+00:00,2026-09-20T19:06:07.734916+00:00,800,1,False,"{""AfD"": 383, ""BSW"": 48, ""CDU"": 23, ""Die Linke"": 44, ""Die PARTEI"": 1, ""FDP"": 6, ""FREIE WÄHLER"": 3, ""GRÜNE"": 17, ""Handwerker Partei Deutschland"": 6, ""SPD"": 256, ""Team Freiheit"": 2, ""Tierschutzpartei"": 7, ""Volt"": 4}"
mv:GEMEINDE:13076765,2026-09-20T19:09:07.573429+00:00,2026-09-20T19:06:07.734916+00:00,1225,1,False,"{""AfD"": 269, ""BSW"": 56, ""CDU"": 108, ""Die Linke"": 72, ""Die PARTEI"": 1, ""FDP"": 21, ""FREIE WÄHLER"": 8, ""GRÜNE"": 63, ""Handwerker Partei Deutschland"": 7, ""PIRATEN"": 3, ""PdF"": 2, ""SPD"": 603, ""Team Freiheit"": 2, ""Tierschutzpartei"": 8, ""Volt"": 1, ""WLD"": 1}"
mv:WAHLKREIS:10,2026-09-20T19:09:07.573429+00:00,2026-09-20T19:06:07.734916+00:00,874,1,False,"{""AfD"": 359, ""BSW"": 26, ""Bündnis C"": 1, ""CDU"": 28, ""Die Linke"": 55, ""Die PARTEI"": 2, ""FDP"": 7, ""FREIE WÄHLER"": 2, ""GRÜNE"": 44, ""Handwerker Partei Deutschland"": 3, ""SPD"": 339, ""Tierschutzpartei"": 6, ""Volt"": 2}"
mv:WAHLKREIS:11,2026-09-20T19:09:07.573429+00:00,2026-09-20T19:06:07.734916+00:00,831,1,False,"{""AfD"": 302, ""BSW"": 50, ""CDU"": 30, ""Die Linke"": 45, ""Die PARTEI"": 2, ""FDP"": 7, ""FREIE WÄHLER"": 1, ""GRÜNE"": 31, ""Handwerker Partei Deutschland"": 1, ""KPD"": 1, ""SPD"": 345, ""Tierschutzpartei"": 12, ""Volt"": 1, ""ÖDP"": 3}"
mv:WAHLKREIS:12,2026-09-20T19:09:07.573429+00:00,2026-09-20T19:06:07.734916+00:00,1106,2,False,"{""AfD"": 421, ""BSW"": 55, ""Bündnis C"": 1, ""CDU"": 49, ""Die Linke"": 67, ""Die PARTEI"": 3, ""FDP"": 15, ""FREIE WÄHLER"": 3, ""GRÜNE"": 79, ""Handwerker Partei Deutschland"": 7, ""KPD"": 2, ""PIRATEN"": 1, ""PdF"": 3, ""SPD"": 378, ""Team Freiheit"": 3, ""Tierschutzpartei"": 13, ""Volt"": 3, ""ÖDP"": 3}"
mv:WAHLKREIS:13,2026-09-20T19:09:07.573429+00:00,2026-09-20T19:06:07.734916+00:00,944,1,False,"{""AfD"": 366, ""BSW"": 38, ""Bündnis C"": 2, ""CDU"": 67, ""Die Linke"": 56, ""Die PARTEI"": 2, ""FDP"": 11, ""FREIE WÄHLER"": 6, ""GRÜNE"": 13, ""Handwerker Partei Deutschland"": 5, ""SPD"": 368, ""Tierschutzpartei"": 6, ""Volt"": 1, ""WLD"": 2, ""ÖDP"": 1}"
mv:WAHLKREIS:16,2026-09-20T19:09:07.573429+00:00,2026-09-20T19:06:07.734916+00:00,1284,2,False,"{""AfD"": 626, ""BSW"": 46, ""CDU"": 42, ""Die Linke"": 59, ""Die PARTEI"": 4, ""FDP"": 24, ""FREIE WÄHLER"": 4, ""GRÜNE"": 31, ""Handwerker Partei Deutschland"": 6, ""PIRATEN"": 1, ""PdF"": 2, ""SPD"": 423, ""Team Freiheit"": 2, ""Tierschutzpartei"": 9, ""Volt"": 1, ""WLD"": 2, ""ÖDP"": 2}"
mv:WAHLKREIS:18,2026-09-20T19:09:07.573429+00:00,2026-09-20T19:06:07.734916+00:00,1225,1,False,"{""AfD"": 269, ""BSW"": 56, ""CDU"": 108, ""Die Linke"": 72, ""Die PARTEI"": 1, ""FDP"": 21, ""FREIE WÄHLER"": 8, ""GRÜNE"": 63, ""Handwerker Partei Deutschland"": 7, ""PIRATEN"": 3, ""PdF"": 2, ""SPD"": 603, ""Team Freiheit"": 2, ""Tierschutzpartei"": 8, ""Volt"": 1, ""WLD"": 1}"
mv:WAHLKREIS:25,2026-09-20T19:09:07.573429+00:00,2026-09-20T19:06:07.734916+00:00,482,1,False,"{""AfD"": 215, ""BSW"": 20, ""CDU"": 23, ""Die Linke"": 19, ""FDP"": 3, ""FREIE WÄHLER"": 4, ""GRÜNE"": 26, ""Handwerker Partei Deutschland"": 6, ""PIRATEN"": 2, ""SPD"": 156, ""Team Freiheit"": 1, ""Tierschutzpartei"": 6, ""WLD"": 1}"
mv:WAHLKREIS:26,2026-09-20T19:09:07.573429+00:00,2026-09-20T19:06:07.734916+00:00,833,1,False,"{""AfD"": 180, ""BSW"": 39, ""Bündnis C"": 1, ""CDU"": 78, ""Die Linke"": 62, ""Die PARTEI"": 2, ""FDP"": 14, ""FREIE WÄHLER"": 2, ""GRÜNE"": 68, ""Handwerker Partei Deutschland"": 16, ""PIRATEN"": 2, ""PdF"": 2, ""SPD"": 341, ""Team Freiheit"": 4, ""Tierschutzpartei"": 15, ""Volt"": 6, ""ÖDP"": 1}"
mv:WAHLKREIS:27,2026-09-20T19:09:07.573429+00:00,2026-09-20T19:06:07.734916+00:00,0,0,True,"{""BSW"": 19, ""Tierschutzpartei"": -19}"
mv:WAHLKREIS:28,2026-09-20T19:09:07.573429+00:00,2026-09-20T19:06:07.734916+00:00,747,1,False,"{""AfD"": 338, ""BSW"": 42, ""CDU"": 22, ""Die Linke"": 34, ""Die PARTEI"": 6, ""FDP"": 9, ""FREIE WÄHLER"": 3, ""GRÜNE"": 14, ""Handwerker Partei Deutschland"": 5, ""KPD"": 1, ""PIRATEN"": 3, ""SPD"": 258, ""Tierschutzpartei"": 6, ""WLD"": 1, ""ÖDP"": 5}"
mv:WAHLKREIS:30,2026-09-20T19:09:07.573429+00:00,2026-09-20T19:06:07.734916+00:00,632,1,False,"{""AfD"": 340, ""BSW"": 23, ""CDU"": 27, ""Die Linke"": 24, ""Die PARTEI"": 2, ""FDP"": 9, ""FREIE WÄHLER"": 3, ""GRÜNE"": 17, ""SPD"": 178, ""Tierschutzpartei"": 8, ""Volt"": 1}"
mv:WAHLKREIS:31,2026-09-20T19:09:07.573429+00:00,2026-09-20T19:06:07.734916+00:00,800,1,False,"{""AfD"": 383, ""BSW"": 48, ""CDU"": 23, ""Die Linke"": 44, ""Die PARTEI"": 1, ""FDP"": 6, ""FREIE WÄHLER"": 3, ""GRÜNE"": 17, ""Handwerker Partei Deutschland"": 6, ""SPD"": 256, ""Team Freiheit"": 2, ""Tierschutzpartei"": 7, ""Volt"": 4}"
mv:WAHLKREIS:34,2026-09-20T19:09:07.573429+00:00,2026-09-20T19:06:07.734916+00:00,1141,2,False,"{""AfD"": 562, ""BSW"": 29, ""Bündnis C"": 1, ""CDU"": 48, ""Die Linke"": 49, ""Die PARTEI"": 3, ""FDP"": 8, ""FREIE WÄHLER"": 4, ""GRÜNE"": 40, ""Handwerker Partei Deutschland"": 1, ""PIRATEN"": 20, ""PdF"": 1, ""SPD"": 356, ""Team Freiheit"": 2, ""Tierschutzpartei"": 11, ""Volt"": 1, ""WLD"": 1, ""ÖDP"": 4}"
mv:WAHLKREIS:4,2026-09-20T19:09:07.573429+00:00,2026-09-20T19:06:07.734916+00:00,624,1,False,"{""AfD"": 280, ""BSW"": 23, ""CDU"": 14, ""Die Linke"": 73, ""Die PARTEI"": 2, ""FDP"": 1, ""FREIE WÄHLER"": 4, ""GRÜNE"": 19, ""Handwerker Partei Deutschland"": 1, ""PIRATEN"": 4, ""SPD"": 191, ""Team Freiheit"": 2, ""Tierschutzpartei"": 6, ""Volt"": 3, ""ÖDP"": 1}"
mv:WAHLKREIS:5,2026-09-20T19:09:07.573429+00:00,2026-09-20T19:06:07.734916+00:00,932,1,False,"{""AfD"": 127, ""BSW"": 32, ""CDU"": 50, ""Die Linke"": 159, ""Die PARTEI"": 5, ""FDP"": 7, ""FREIE WÄHLER"": 5, ""GRÜNE"": 106, ""Handwerker Partei Deutschland"": 5, ""PIRATEN"": 2, ""PdF"": 2, ""SPD"": 415, ""Team Freiheit"": 5, ""Tierschutzpartei"": 4, ""Volt"": 5, ""WLD"": 1, ""ÖDP"": 2}"
mv:WAHLKREIS:6,2026-09-20T19:09:07.573429+00:00,2026-09-20T19:06:07.734916+00:00,2161,3,False,"{""AfD"": 406, ""BSW"": 96, ""Bündnis C"": 3, ""CDU"": 83, ""Die Linke"": 292, ""Die PARTEI"": 9, ""FDP"": 24, ""FREIE WÄHLER"": 6, ""GRÜNE"": 319, ""Handwerker Partei Deutschland"": 6, ""KPD"": 2, ""PIRATEN"": 5, ""PdF"": 2, ""SPD"": 874, ""Team Freiheit"": 4, ""Tierschutzpartei"": 22, ""Volt"": 6, ""ÖDP"": 2}"
mv:WAHLKREIS:7,2026-09-20T19:09:07.573429+00:00,2026-09-20T19:06:07.734916+00:00,2839,3,False,"{""AfD"": 821, ""BSW"": 122, ""Bündnis C"": 2, ""CDU"": 133, ""Die Linke"": 301, ""Die PARTEI"": 15, ""FDP"": 45, ""FREIE WÄHLER"": 11, ""GRÜNE"": 335, ""Handwerker Partei Deutschland"": 13, ""KPD"": 4, ""PIRATEN"": 5, ""PdF"": 5, ""SPD"": 966, ""Team Freiheit"": 10, ""Tierschutzpartei"": 25, ""Volt"": 20, ""WLD"": 3, ""ÖDP"": 3}"
mv:GEMEINDE:13003000,2026-09-20T19:14:38.243270+00:00,2026-09-20T19:12:06.938400+00:00,1588,2,False,"{""AfD"": 736, ""BSW"": 88, ""Bündnis C"": 3, ""CDU"": 24, ""Die Linke"": 165, ""Die PARTEI"": 13, ""FDP"": 10, ""FREIE WÄHLER"": 11, ""GRÜNE"": 137, ""Handwerker Partei Deutschland"": 8, ""KPD"": 7, ""PIRATEN"": 7, ""PdF"": 3, ""SPD"": 332, ""Team Freiheit"": 3, ""Tierschutzpartei"": 34, ""Volt"": 6, ""WLD"": 1}"
mv:GEMEINDE:13072019,2026-09-20T19:14:38.243270+00:00,2026-09-20T19:12:06.938400+00:00,766,1,False,"{""AfD"": 162, ""BSW"": 37, ""CDU"": 68, ""Die Linke"": 50, ""FDP"": 13, ""FREIE WÄHLER"": 4, ""GRÜNE"": 60, ""Handwerker Partei Deutschland"": 9, ""KPD"": 1, ""PIRATEN"": 2, ""PdF"": 1, ""SPD"": 339, ""Team Freiheit"": 2, ""Tierschutzpartei"": 14, ""Volt"": 2, ""WLD"": 1, ""ÖDP"": 1}"
mv:GEMEINDE:13072043,2026-09-20T19:14:38.243270+00:00,2026-09-20T19:12:06.938400+00:00,840,1,False,"{""AfD"": 341, ""BSW"": 49, ""Bündnis C"": 2, ""CDU"": 42, ""Die Linke"": 62, ""Die PARTEI"": 2, ""FDP"": 6, ""FREIE WÄHLER"": 1, ""GRÜNE"": 44, ""Handwerker Partei Deutschland"": 2, ""KPD"": 1, ""PIRATEN"": 2, ""SPD"": 266, ""Team Freiheit"": 3, ""Tierschutzpartei"": 14, ""Volt"": 2, ""WLD"": 1}"
mv:GEMEINDE:13072069,2026-09-20T19:14:38.243270+00:00,2026-09-20T19:12:06.938400+00:00,0,0,True,"{""BSW"": 20, ""Tierschutzpartei"": -20}"
mv:GEMEINDE:13072116,2026-09-20T19:14:38.243270+00:00,2026-09-20T19:12:06.938400+00:00,491,1,False,"{""AfD"": 228, ""BSW"": 39, ""CDU"": 15, ""Die Linke"": 21, ""Die PARTEI"": 2, ""FDP"": 3, ""FREIE WÄHLER"": 4, ""GRÜNE"": 26, ""Handwerker Partei Deutschland"": 3, ""SPD"": 142, ""Team Freiheit"": 3, ""Tierschutzpartei"": 4, ""ÖDP"": 1}"
mv:GEMEINDE:13072751,2026-09-20T19:14:38.243270+00:00,2026-09-20T19:12:06.938400+00:00,1009,1,False,"{""AfD"": 199, ""BSW"": 49, ""CDU"": 90, ""Die Linke"": 59, ""Die PARTEI"": 4, ""FDP"": 7, ""FREIE WÄHLER"": 1, ""GRÜNE"": 93, ""Handwerker Partei Deutschland"": 10, ""KPD"": 1, ""PIRATEN"": 2, ""PdF"": 4, ""SPD"": 459, ""Team Freiheit"": 5, ""Tierschutzpartei"": 16, ""Volt"": 3, ""WLD"": 4, ""ÖDP"": 3}"
mv:GEMEINDE:13072763,2026-09-20T19:14:38.243270+00:00,2026-09-20T19:12:06.938400+00:00,1481,1,False,"{""AfD"": 290, ""BSW"": 67, ""CDU"": 178, ""Die Linke"": 87, ""Die PARTEI"": 3, ""FDP"": 30, ""FREIE WÄHLER"": 4, ""GRÜNE"": 164, ""Handwerker Partei Deutschland"": 4, ""KPD"": 1, ""PIRATEN"": 2, ""PdF"": 5, ""SPD"": 627, ""Team Freiheit"": 2, ""Tierschutzpartei"": 13, ""Volt"": 3, ""WLD"": 1}"
mv:GEMEINDE:13073009,2026-09-20T19:14:38.243270+00:00,2026-09-20T19:12:06.938400+00:00,1526,2,False,"{""AfD"": 599, ""BSW"": 66, ""Bündnis C"": 7, ""CDU"": 82, ""Die Linke"": 93, ""Die PARTEI"": 8, ""FDP"": 12, ""FREIE WÄHLER"": 18, ""GRÜNE"": 43, ""KPD"": 1, ""PdF"": 1, ""SPD"": 571, ""Team Freiheit"": 1, ""Tierschutzpartei"": 19, ""Volt"": 3, ""ÖDP"": 2}"
mv:GEMEINDE:13073093,2026-09-20T19:14:38.243270+00:00,2026-09-20T19:12:06.938400+00:00,384,1,False,"{""AfD"": 206, ""BSW"": 9, ""CDU"": 12, ""Die Linke"": 24, ""Die PARTEI"": 1, ""FDP"": 5, ""FREIE WÄHLER"": 1, ""GRÜNE"": 11, ""Handwerker Partei Deutschland"": 1, ""SPD"": 109, ""Tierschutzpartei"": 5}"
mv:GEMEINDE:13073759,2026-09-20T19:14:38.243270+00:00,2026-09-20T19:12:06.938400+00:00,1407,1,False,"{""AfD"": 428, ""BSW"": 71, ""Bündnis C"": 2, ""CDU"": 92, ""Die Linke"": 86, ""Die PARTEI"": 1, ""FDP"": 19, ""FREIE WÄHLER"": 6, ""GRÜNE"": 71, ""Handwerker Partei Deutschland"": 19, ""KPD"": 1, ""PIRATEN"": 2, ""PdF"": 1, ""SPD"": 570, ""Team Freiheit"": 5, ""Tierschutzpartei"": 29, ""WLD"": 1, ""ÖDP"": 3}"
mv:GEMEINDE:13073762,2026-09-20T19:14:38.243270+00:00,2026-09-20T19:12:06.938400+00:00,874,1,False,"{""AfD"": 254, ""BSW"": 63, ""CDU"": 60, ""Die Linke"": 58, ""Die PARTEI"": 2, ""FDP"": 9, ""FREIE WÄHLER"": 1, ""GRÜNE"": 60, ""Handwerker Partei Deutschland"": 12, ""KPD"": 1, ""PIRATEN"": 2, ""PdF"": 5, ""SPD"": 333, ""Team Freiheit"": 1, ""Tierschutzpartei"": 8, ""Volt"": 4, ""WLD"": 1}"
mv:GEMEINDE:13076020,2026-09-20T19:14:38.243270+00:00,2026-09-20T19:12:06.938400+00:00,518,1,False,"{""AfD"": 289, ""BSW"": 33, ""Bündnis C"": 1, ""CDU"": 19, ""Die Linke"": 11, ""Die PARTEI"": 2, ""FDP"": 8, ""FREIE WÄHLER"": 1, ""GRÜNE"": 16, ""Handwerker Partei Deutschland"": 6, ""PIRATEN"": 1, ""PdF"": 1, ""SPD"": 123, ""Team Freiheit"": 1, ""Tierschutzpartei"": 5, ""WLD"": 1}"
mv:GEMEINDE:13076026,2026-09-20T19:14:38.243270+00:00,2026-09-20T19:12:06.938400+00:00,691,1,False,"{""AfD"": 336, ""BSW"": 38, ""Bündnis C"": 1, ""CDU"": 23, ""Die Linke"": 29, ""Die PARTEI"": 2, ""FDP"": 7, ""FREIE WÄHLER"": 3, ""GRÜNE"": 22, ""Handwerker Partei Deutschland"": 3, ""KPD"": 1, ""PIRATEN"": 1, ""SPD"": 215, ""Tierschutzpartei"": 7, ""WLD"": 1, ""ÖDP"": 2}"
mv:GEMEINDE:13076159,2026-09-20T19:14:38.243270+00:00,2026-09-20T19:12:06.938400+00:00,983,1,False,"{""AfD"": 182, ""BSW"": 40, ""CDU"": 81, ""Die Linke"": 78, ""FDP"": 11, ""FREIE WÄHLER"": 5, ""GRÜNE"": 57, ""Handwerker Partei Deutschland"": 11, ""PIRATEN"": 1, ""SPD"": 489, ""Team Freiheit"": 2, ""Tierschutzpartei"": 17, ""Volt"": 1, ""WLD"": 8}"
mv:WAHLKREIS:11,2026-09-20T19:14:38.243270+00:00,2026-09-20T19:12:06.938400+00:00,1009,1,False,"{""AfD"": 199, ""BSW"": 49, ""CDU"": 90, ""Die Linke"": 59, ""Die PARTEI"": 4, ""FDP"": 7, ""FREIE WÄHLER"": 1, ""GRÜNE"": 93, ""Handwerker Partei Deutschland"": 10, ""KPD"": 1, ""PIRATEN"": 2, ""PdF"": 4, ""SPD"": 459, ""Team Freiheit"": 5, ""Tierschutzpartei"": 16, ""Volt"": 3, ""WLD"": 4, ""ÖDP"": 3}"
mv:WAHLKREIS:12,2026-09-20T19:14:38.243270+00:00,2026-09-20T19:12:06.938400+00:00,2247,2,False,"{""AfD"": 452, ""BSW"": 104, ""CDU"": 246, ""Die Linke"": 137, ""Die PARTEI"": 3, ""FDP"": 43, ""FREIE WÄHLER"": 8, ""GRÜNE"": 224, ""Handwerker Partei Deutschland"": 13, ""KPD"": 2, ""PIRATEN"": 4, ""PdF"": 6, ""SPD"": 966, ""Team Freiheit"": 4, ""Tierschutzpartei"": 27, ""Volt"": 5, ""WLD"": 2, ""ÖDP"": 1}"
mv:WAHLKREIS:15,2026-09-20T19:14:38.243270+00:00,2026-09-20T19:12:06.938400+00:00,491,1,False,"{""AfD"": 228, ""BSW"": 39, ""CDU"": 15, ""Die Linke"": 21, ""Die PARTEI"": 2, ""FDP"": 3, ""FREIE WÄHLER"": 4, ""GRÜNE"": 26, ""Handwerker Partei Deutschland"": 3, ""SPD"": 142, ""Team Freiheit"": 3, ""Tierschutzpartei"": 4, ""ÖDP"": 1}"
mv:WAHLKREIS:16,2026-09-20T19:14:38.243270+00:00,2026-09-20T19:12:06.938400+00:00,840,1,False,"{""AfD"": 341, ""BSW"": 69, ""Bündnis C"": 2, ""CDU"": 42, ""Die Linke"": 62, ""Die PARTEI"": 2, ""FDP"": 6, ""FREIE WÄHLER"": 1, ""GRÜNE"": 44, ""Handwerker Partei Deutschland"": 2, ""KPD"": 1, ""PIRATEN"": 2, ""SPD"": 266, ""Team Freiheit"": 3, ""Tierschutzpartei"": -6, ""Volt"": 2, ""WLD"": 1}"
mv:WAHLKREIS:17,2026-09-20T19:14:38.243270+00:00,2026-09-20T19:12:06.938400+00:00,983,1,False,"{""AfD"": 182, ""BSW"": 40, ""CDU"": 81, ""Die Linke"": 78, ""FDP"": 11, ""FREIE WÄHLER"": 5, ""GRÜNE"": 57, ""Handwerker Partei Deutschland"": 11, ""PIRATEN"": 1, ""SPD"": 489, ""Team Freiheit"": 2, ""Tierschutzpartei"": 17, ""Volt"": 1, ""WLD"": 8}"
mv:WAHLKREIS:23,2026-09-20T19:14:38.243270+00:00,2026-09-20T19:12:06.938400+00:00,384,1,False,"{""AfD"": 206, ""BSW"": 9, ""CDU"": 12, ""Die Linke"": 24, ""Die PARTEI"": 1, ""FDP"": 5, ""FREIE WÄHLER"": 1, ""GRÜNE"": 11, ""Handwerker Partei Deutschland"": 1, ""SPD"": 109, ""Tierschutzpartei"": 5}"
mv:WAHLKREIS:25,2026-09-20T19:14:38.243270+00:00,2026-09-20T19:12:06.938400+00:00,1526,2,False,"{""AfD"": 599, ""BSW"": 66, ""Bündnis C"": 7, ""CDU"": 82, ""Die Linke"": 93, ""Die PARTEI"": 8, ""FDP"": 12, ""FREIE WÄHLER"": 18, ""GRÜNE"": 43, ""KPD"": 1, ""PdF"": 1, ""SPD"": 571, ""Team Freiheit"": 1, ""Tierschutzpartei"": 19, ""Volt"": 3, ""ÖDP"": 2}"
mv:WAHLKREIS:32,2026-09-20T19:14:38.243270+00:00,2026-09-20T19:12:06.938400+00:00,1209,2,False,"{""AfD"": 625, ""BSW"": 71, ""Bündnis C"": 2, ""CDU"": 42, ""Die Linke"": 40, ""Die PARTEI"": 4, ""FDP"": 15, ""FREIE WÄHLER"": 4, ""GRÜNE"": 38, ""Handwerker Partei Deutschland"": 9, ""KPD"": 1, ""PIRATEN"": 2, ""PdF"": 1, ""SPD"": 338, ""Team Freiheit"": 1, ""Tierschutzpartei"": 12, ""WLD"": 2, ""ÖDP"": 2}"
mv:WAHLKREIS:33,2026-09-20T19:14:38.243270+00:00,2026-09-20T19:12:06.938400+00:00,2281,2,False,"{""AfD"": 682, ""BSW"": 134, ""Bündnis C"": 2, ""CDU"": 152, ""Die Linke"": 144, ""Die PARTEI"": 3, ""FDP"": 28, ""FREIE WÄHLER"": 7, ""GRÜNE"": 131, ""Handwerker Partei Deutschland"": 31, ""KPD"": 2, ""PIRATEN"": 4, ""PdF"": 6, ""SPD"": 903, ""Team Freiheit"": 6, ""Tierschutzpartei"": 37, ""Volt"": 4, ""WLD"": 2, ""ÖDP"": 3}"
mv:WAHLKREIS:6,2026-09-20T19:14:38.243270+00:00,2026-09-20T19:12:06.938400+00:00,0,0,True,"{""AfD"": -2, ""BSW"": 2, ""Bündnis C"": 1, ""CDU"": 1, ""Die Linke"": -13, ""Die PARTEI"": 4, ""FDP"": 1, ""FREIE WÄHLER"": 1, ""GRÜNE"": 78, ""KPD"": 1, ""PIRATEN"": 3, ""PdF"": 1, ""SPD"": -78}"
mv:WAHLKREIS:7,2026-09-20T19:14:38.243270+00:00,2026-09-20T19:12:06.938400+00:00,1588,2,False,"{""AfD"": 738, ""BSW"": 86, ""Bündnis C"": 2, ""CDU"": 23, ""Die Linke"": 178, ""Die PARTEI"": 9, ""FDP"": 9, ""FREIE WÄHLER"": 10, ""GRÜNE"": 59, ""Handwerker Partei Deutschland"": 8, ""KPD"": 6, ""PIRATEN"": 4, ""PdF"": 2, ""SPD"": 410, ""Team Freiheit"": 3, ""Tierschutzpartei"": 34, ""Volt"": 6, ""WLD"": 1}"
mv:GEMEINDE:13003000,2026-09-20T19:20:37.995281+00:00,2026-09-20T19:17:37.488375+00:00,985,1,False,"{""AfD"": 133, ""BSW"": 41, ""Bündnis C"": 1, ""CDU"": 73, ""Die Linke"": 100, ""FDP"": 14, ""FREIE WÄHLER"": 3, ""GRÜNE"": 152, ""Handwerker Partei Deutschland"": 4, ""PIRATEN"": 3, ""PdF"": 2, ""SPD"": 438, ""Team Freiheit"": 2, ""Tierschutzpartei"": 13, ""Volt"": 3, ""WLD"": 1, ""ÖDP"": 2}"
mv:GEMEINDE:13072095,2026-09-20T19:20:37.995281+00:00,2026-09-20T19:17:37.488375+00:00,900,1,False,"{""AfD"": 465, ""BSW"": 57, ""CDU"": 15, ""Die Linke"": 37, ""Die PARTEI"": 2, ""FDP"": 10, ""FREIE WÄHLER"": 6, ""GRÜNE"": 25, ""Handwerker Partei Deutschland"": 1, ""KPD"": 1, ""PIRATEN"": 1, ""PdF"": 2, ""SPD"": 262, ""Team Freiheit"": 11, ""Tierschutzpartei"": 5}"
mv:GEMEINDE:13072760,2026-09-20T19:20:37.995281+00:00,2026-09-20T19:17:37.488375+00:00,1165,1,False,"{""AfD"": 245, ""BSW"": 57, ""CDU"": 84, ""Die Linke"": 79, ""Die PARTEI"": 7, ""FDP"": 17, ""FREIE WÄHLER"": 3, ""GRÜNE"": 82, ""Handwerker Partei Deutschland"": 12, ""KPD"": 6, ""PIRATEN"": 1, ""PdF"": 6, ""SPD"": 536, ""Team Freiheit"": 7, ""Tierschutzpartei"": 18, ""WLD"": 3, ""ÖDP"": 2}"
mv:GEMEINDE:13073010,2026-09-20T19:20:37.995281+00:00,2026-09-20T19:17:37.488375+00:00,723,1,False,"{""AfD"": 213, ""BSW"": 28, ""CDU"": 40, ""Die Linke"": 42, ""Die PARTEI"": 3, ""FDP"": 16, ""FREIE WÄHLER"": 4, ""GRÜNE"": 36, ""Handwerker Partei Deutschland"": 7, ""PIRATEN"": 1, ""SPD"": 319, ""Team Freiheit"": 2, ""Tierschutzpartei"": 10, ""Volt"": 1, ""WLD"": 1}"
mv:GEMEINDE:13073051,2026-09-20T19:20:37.995281+00:00,2026-09-20T19:17:37.488375+00:00,341,1,False,"{""AfD"": 210, ""BSW"": 10, ""CDU"": 7, ""Die Linke"": 11, ""Die PARTEI"": 1, ""FDP"": 3, ""FREIE WÄHLER"": 4, ""GRÜNE"": 7, ""SPD"": 82, ""Team Freiheit"": 2, ""Tierschutzpartei"": 4}"
mv:GEMEINDE:13073088,2026-09-20T19:20:37.995281+00:00,2026-09-20T19:17:37.488375+00:00,231,0,True,"{""AfD"": 95, ""BSW"": 33, ""CDU"": 15, ""Die Linke"": 17, ""Die PARTEI"": 3, ""FDP"": 8, ""FREIE WÄHLER"": 1, ""GRÜNE"": 29, ""Handwerker Partei Deutschland"": -1, ""PIRATEN"": 1, ""PdF"": -1, ""SPD"": 31, ""Team Freiheit"": -2, ""Tierschutzpartei"": 4, ""Volt"": -2}"
mv:GEMEINDE:13073757,2026-09-20T19:20:37.995281+00:00,2026-09-20T19:17:37.488375+00:00,1393,1,False,"{""AfD"": 345, ""BSW"": 77, ""Bündnis C"": 1, ""CDU"": 102, ""Die Linke"": 90, ""Die PARTEI"": 2, ""FDP"": 29, ""FREIE WÄHLER"": 4, ""GRÜNE"": 85, ""Handwerker Partei Deutschland"": 20, ""KPD"": 1, ""PIRATEN"": 2, ""SPD"": 592, ""Team Freiheit"": 7, ""Tierschutzpartei"": 29, ""Volt"": 2, ""WLD"": 1, ""ÖDP"": 4}"
mv:GEMEINDE:13075039,2026-09-20T19:20:37.995281+00:00,2026-09-20T19:17:37.488375+00:00,911,1,False,"{""AfD"": 96, ""BSW"": 21, ""CDU"": 63, ""Die Linke"": 157, ""Die PARTEI"": 6, ""FDP"": 9, ""GRÜNE"": 184, ""Handwerker Partei Deutschland"": 7, ""KPD"": 3, ""PdF"": 2, ""SPD"": 350, ""Team Freiheit"": 1, ""Tierschutzpartei"": 8, ""Volt"": 2, ""ÖDP"": 2}"
mv:WAHLKREIS:1,2026-09-20T19:20:37.995281+00:00,2026-09-20T19:17:37.488375+00:00,911,1,False,"{""AfD"": 96, ""BSW"": 21, ""CDU"": 63, ""Die Linke"": 157, ""Die PARTEI"": 6, ""FDP"": 9, ""GRÜNE"": 184, ""Handwerker Partei Deutschland"": 7, ""KPD"": 3, ""PdF"": 2, ""SPD"": 350, ""Team Freiheit"": 1, ""Tierschutzpartei"": 8, ""Volt"": 2, ""ÖDP"": 2}"
mv:WAHLKREIS:12,2026-09-20T19:20:37.995281+00:00,2026-09-20T19:17:37.488375+00:00,1165,1,False,"{""AfD"": 245, ""BSW"": 57, ""CDU"": 84, ""Die Linke"": 79, ""Die PARTEI"": 7, ""FDP"": 17, ""FREIE WÄHLER"": 3, ""GRÜNE"": 82, ""Handwerker Partei Deutschland"": 12, ""KPD"": 6, ""PIRATEN"": 1, ""PdF"": 6, ""SPD"": 536, ""Team Freiheit"": 7, ""Tierschutzpartei"": 18, ""WLD"": 3, ""ÖDP"": 2}"
mv:WAHLKREIS:15,2026-09-20T19:20:37.995281+00:00,2026-09-20T19:17:37.488375+00:00,900,1,False,"{""AfD"": 465, ""BSW"": 57, ""CDU"": 15, ""Die Linke"": 37, ""Die PARTEI"": 2, ""FDP"": 10, ""FREIE WÄHLER"": 6, ""GRÜNE"": 25, ""Handwerker Partei Deutschland"": 1, ""KPD"": 1, ""PIRATEN"": 1, ""PdF"": 2, ""SPD"": 262, ""Team Freiheit"": 11, ""Tierschutzpartei"": 5}"
mv:WAHLKREIS:24,2026-09-20T19:20:37.995281+00:00,2026-09-20T19:17:37.488375+00:00,231,0,True,"{""AfD"": 95, ""BSW"": 33, ""CDU"": 15, ""Die Linke"": 17, ""Die PARTEI"": 3, ""FDP"": 8, ""FREIE WÄHLER"": 1, ""GRÜNE"": 29, ""Handwerker Partei Deutschland"": -1, ""PIRATEN"": 1, ""PdF"": -1, ""SPD"": 31, ""Team Freiheit"": -2, ""Tierschutzpartei"": 4, ""Volt"": -2}"
mv:WAHLKREIS:25,2026-09-20T19:20:37.995281+00:00,2026-09-20T19:17:37.488375+00:00,341,1,False,"{""AfD"": 210, ""BSW"": 10, ""CDU"": 7, ""Die Linke"": 11, ""Die PARTEI"": 1, ""FDP"": 3, ""FREIE WÄHLER"": 4, ""GRÜNE"": 7, ""SPD"": 82, ""Team Freiheit"": 2, ""Tierschutzpartei"": 4}"
mv:WAHLKREIS:34,2026-09-20T19:20:37.995281+00:00,2026-09-20T19:17:37.488375+00:00,2116,2,False,"{""AfD"": 558, ""BSW"": 105, ""Bündnis C"": 1, ""CDU"": 142, ""Die Linke"": 132, ""Die PARTEI"": 5, ""FDP"": 45, ""FREIE WÄHLER"": 8, ""GRÜNE"": 121, ""Handwerker Partei Deutschland"": 27, ""KPD"": 1, ""PIRATEN"": 3, ""SPD"": 911, ""Team Freiheit"": 9, ""Tierschutzpartei"": 39, ""Volt"": 3, ""WLD"": 2, ""ÖDP"": 4}"
mv:WAHLKREIS:6,2026-09-20T19:20:37.995281+00:00,2026-09-20T19:17:37.488375+00:00,985,1,False,"{""AfD"": 133, ""BSW"": 41, ""Bündnis C"": 1, ""CDU"": 73, ""Die Linke"": 100, ""FDP"": 14, ""FREIE WÄHLER"": 3, ""GRÜNE"": 152, ""Handwerker Partei Deutschland"": 4, ""PIRATEN"": 3, ""PdF"": 2, ""SPD"": 438, ""Team Freiheit"": 2, ""Tierschutzpartei"": 13, ""Volt"": 3, ""WLD"": 1, ""ÖDP"": 2}"
mv:GEMEINDE:13003000,2026-09-20T19:33:34.135868+00:00,2026-09-20T19:26:37.421392+00:00,1539,2,False,"{""AfD"": 410, ""BSW"": 92, ""Bündnis C"": 2, ""CDU"": 58, ""Die Linke"": 182, ""Die PARTEI"": 2, ""FDP"": 17, ""FREIE WÄHLER"": 4, ""GRÜNE"": 84, ""Handwerker Partei Deutschland"": 10, ""KPD"": 4, ""PIRATEN"": 7, ""PdF"": 1, ""SPD"": 630, ""Team Freiheit"": 3, ""Tierschutzpartei"": 25, ""Volt"": 4, ""ÖDP"": 4}"
mv:GEMEINDE:13004000,2026-09-20T19:33:34.135868+00:00,2026-09-20T19:26:37.421392+00:00,852,1,False,"{""AfD"": 321, ""BSW"": 39, ""CDU"": 36, ""Die Linke"": 58, ""Die PARTEI"": 1, ""FDP"": 6, ""FREIE WÄHLER"": 4, ""GRÜNE"": 50, ""Handwerker Partei Deutschland"": 2, ""PIRATEN"": 2, ""SPD"": 323, ""Team Freiheit"": 3, ""Tierschutzpartei"": 5, ""Volt"": 1, ""WLD"": 1}"
mv:GEMEINDE:13071141,2026-09-20T19:33:34.135868+00:00,2026-09-20T19:26:37.421392+00:00,207,1,False,"{""AfD"": 98, ""BSW"": 19, ""CDU"": 5, ""Die Linke"": 3, ""FDP"": 3, ""GRÜNE"": 5, ""PIRATEN"": 1, ""SPD"": 68, ""Team Freiheit"": 1, ""Tierschutzpartei"": 3, ""WLD"": 1}"
mv:GEMEINDE:13072051,2026-09-20T19:33:34.135868+00:00,2026-09-20T19:26:37.421392+00:00,233,1,False,"{""AfD"": 98, ""BSW"": 14, ""Bündnis C"": 1, ""CDU"": 8, ""Die Linke"": 17, ""FDP"": 4, ""FREIE WÄHLER"": 1, ""GRÜNE"": 10, ""PdF"": 1, ""SPD"": 77, ""Team Freiheit"": 1, ""Tierschutzpartei"": 1}"
mv:GEMEINDE:13072062,2026-09-20T19:33:34.135868+00:00,2026-09-20T19:26:37.421392+00:00,1095,1,False,"{""AfD"": 261, ""BSW"": 37, ""CDU"": 68, ""Die Linke"": 70, ""Die PARTEI"": 2, ""FDP"": 26, ""FREIE WÄHLER"": 14, ""GRÜNE"": 61, ""Handwerker Partei Deutschland"": 12, ""KPD"": 1, ""PIRATEN"": 1, ""PdF"": 3, ""SPD"": 514, ""Team Freiheit"": 2, ""Tierschutzpartei"": 20, ""Volt"": 1, ""WLD"": 1, ""ÖDP"": 1}"
mv:GEMEINDE:13072091,2026-09-20T19:33:34.135868+00:00,2026-09-20T19:26:37.421392+00:00,805,1,False,"{""AfD"": 292, ""BSW"": 41, ""Bündnis C"": 2, ""CDU"": 39, ""Die Linke"": 46, ""FDP"": 7, ""FREIE WÄHLER"": 3, ""GRÜNE"": 44, ""Handwerker Partei Deutschland"": 1, ""SPD"": 319, ""Team Freiheit"": 4, ""Tierschutzpartei"": 7}"
mv:GEMEINDE:13072761,2026-09-20T19:33:34.135868+00:00,2026-09-20T19:26:37.421392+00:00,424,1,False,"{""AfD"": 106, ""BSW"": 36, ""CDU"": 21, ""Die Linke"": 26, ""Die PARTEI"": 2, ""FDP"": 4, ""FREIE WÄHLER"": 1, ""GRÜNE"": 42, ""Handwerker Partei Deutschland"": 1, ""PIRATEN"": 1, ""SPD"": 180, ""Tierschutzpartei"": 4}"
mv:GEMEINDE:13073070,2026-09-20T19:33:34.135868+00:00,2026-09-20T19:26:37.421392+00:00,962,1,False,"{""AfD"": 239, ""BSW"": 36, ""Bündnis C"": 1, ""CDU"": 81, ""Die Linke"": 66, ""Die PARTEI"": 2, ""FDP"": 18, ""FREIE WÄHLER"": 2, ""GRÜNE"": 80, ""Handwerker Partei Deutschland"": 10, ""PIRATEN"": 3, ""SPD"": 401, ""Team Freiheit"": 4, ""Tierschutzpartei"": 15, ""Volt"": 2, ""WLD"": 2}"
mv:GEMEINDE:13073088,2026-09-20T19:33:34.135868+00:00,2026-09-20T19:26:37.421392+00:00,835,1,False,"{""AfD"": 208, ""BSW"": 31, ""Bündnis C"": 3, ""CDU"": 84, ""Die Linke"": 70, ""Die PARTEI"": 5, ""FDP"": 13, ""FREIE WÄHLER"": 7, ""GRÜNE"": 54, ""Handwerker Partei Deutschland"": 5, ""KPD"": 2, ""PIRATEN"": 2, ""PdF"": 3, ""SPD"": 315, ""Team Freiheit"": 8, ""Tierschutzpartei"": 19, ""Volt"": 5, ""ÖDP"": 1}"
mv:GEMEINDE:13074756,2026-09-20T19:33:34.135868+00:00,2026-09-20T19:26:37.421392+00:00,1207,1,False,"{""AfD"": 344, ""BSW"": 76, ""Bündnis C"": 5, ""CDU"": 71, ""Die Linke"": 83, ""Die PARTEI"": 3, ""FDP"": 19, ""FREIE WÄHLER"": 6, ""GRÜNE"": 87, ""Handwerker Partei Deutschland"": 11, ""KPD"": 1, ""PIRATEN"": 3, ""PdF"": 2, ""SPD"": 483, ""Team Freiheit"": 1, ""Tierschutzpartei"": 9, ""Volt"": 2, ""WLD"": 1}"
mv:GEMEINDE:13075039,2026-09-20T19:33:34.135868+00:00,2026-09-20T19:26:37.421392+00:00,978,1,False,"{""AfD"": 144, ""BSW"": 26, ""CDU"": 62, ""Die Linke"": 131, ""Die PARTEI"": 9, ""FDP"": 14, ""FREIE WÄHLER"": 4, ""GRÜNE"": 139, ""Handwerker Partei Deutschland"": 5, ""PIRATEN"": 1, ""SPD"": 414, ""Team Freiheit"": 1, ""Tierschutzpartei"": 20, ""Volt"": 6, ""ÖDP"": 2}"
mv:GEMEINDE:13075131,2026-09-20T19:33:34.135868+00:00,2026-09-20T19:26:37.421392+00:00,488,1,False,"{""AfD"": 268, ""BSW"": 21, ""CDU"": 29, ""Die Linke"": 11, ""Die PARTEI"": 1, ""FDP"": 3, ""FREIE WÄHLER"": 1, ""GRÜNE"": 3, ""Handwerker Partei Deutschland"": 2, ""PIRATEN"": 1, ""SPD"": 140, ""Team Freiheit"": 1, ""Tierschutzpartei"": 7}"
mv:GEMEINDE:13075757,2026-09-20T19:33:34.135868+00:00,2026-09-20T19:26:37.421392+00:00,1785,1,False,"{""AfD"": 492, ""BSW"": 90, ""Bündnis C"": 1, ""CDU"": 157, ""Die Linke"": 100, ""Die PARTEI"": 5, ""FDP"": 20, ""FREIE WÄHLER"": 9, ""GRÜNE"": 97, ""Handwerker Partei Deutschland"": 10, ""PIRATEN"": 2, ""PdF"": 2, ""SPD"": 757, ""Team Freiheit"": 4, ""Tierschutzpartei"": 27, ""Volt"": 3, ""WLD"": 7, ""ÖDP"": 2}"
mv:GEMEINDE:13075759,2026-09-20T19:33:34.135868+00:00,2026-09-20T19:26:37.421392+00:00,1896,1,False,"{""AfD"": 611, ""BSW"": 88, ""Bündnis C"": 2, ""CDU"": 133, ""Die Linke"": 138, ""Die PARTEI"": 8, ""FDP"": 24, ""FREIE WÄHLER"": 8, ""GRÜNE"": 47, ""Handwerker Partei Deutschland"": 8, ""KPD"": 1, ""PIRATEN"": 6, ""SPD"": 779, ""Team Freiheit"": 8, ""Tierschutzpartei"": 31, ""WLD"": 4}"
mv:GEMEINDE:13076116,2026-09-20T19:33:34.135868+00:00,2026-09-20T19:26:37.421392+00:00,182,1,False,"{""AfD"": 68, ""BSW"": 8, ""CDU"": 6, ""Die Linke"": 5, ""FDP"": 1, ""GRÜNE"": 7, ""Handwerker Partei Deutschland"": 1, ""SPD"": 82, ""Tierschutzpartei"": 3, ""WLD"": 1}"
mv:WAHLKREIS:1,2026-09-20T19:33:34.135868+00:00,2026-09-20T19:26:37.421392+00:00,978,1,False,"{""AfD"": 144, ""BSW"": 26, ""CDU"": 62, ""Die Linke"": 131, ""Die PARTEI"": 9, ""FDP"": 14, ""FREIE WÄHLER"": 4, ""GRÜNE"": 139, ""Handwerker Partei Deutschland"": 5, ""PIRATEN"": 1, ""SPD"": 414, ""Team Freiheit"": 1, ""Tierschutzpartei"": 20, ""Volt"": 6, ""ÖDP"": 2}"
mv:WAHLKREIS:12,2026-09-20T19:33:34.135868+00:00,2026-09-20T19:26:37.421392+00:00,805,1,False,"{""AfD"": 292, ""BSW"": 41, ""Bündnis C"": 2, ""CDU"": 39, ""Die Linke"": 46, ""FDP"": 7, ""FREIE WÄHLER"": 3, ""GRÜNE"": 44, ""Handwerker Partei Deutschland"": 1, ""SPD"": 319, ""Team Freiheit"": 4, ""Tierschutzpartei"": 7}"
mv:WAHLKREIS:15,2026-09-20T19:33:34.135868+00:00,2026-09-20T19:26:37.421392+00:00,1752,3,False,"{""AfD"": 465, ""BSW"": 87, ""Bündnis C"": 1, ""CDU"": 97, ""Die Linke"": 113, ""Die PARTEI"": 4, ""FDP"": 34, ""FREIE WÄHLER"": 16, ""GRÜNE"": 113, ""Handwerker Partei Deutschland"": 13, ""KPD"": 1, ""PIRATEN"": 2, ""PdF"": 4, ""SPD"": 771, ""Team Freiheit"": 3, ""Tierschutzpartei"": 25, ""Volt"": 1, ""WLD"": 1, ""ÖDP"": 1}"
mv:WAHLKREIS:18,2026-09-20T19:33:34.135868+00:00,2026-09-20T19:26:37.421392+00:00,182,1,False,"{""AfD"": 68, ""BSW"": 8, ""CDU"": 6, ""Die Linke"": 5, ""FDP"": 1, ""GRÜNE"": 7, ""Handwerker Partei Deutschland"": 1, ""SPD"": 82, ""Tierschutzpartei"": 3, ""WLD"": 1}"
mv:WAHLKREIS:22,2026-09-20T19:33:34.135868+00:00,2026-09-20T19:26:37.421392+00:00,207,1,False,"{""AfD"": 98, ""BSW"": 19, ""CDU"": 5, ""Die Linke"": 3, ""FDP"": 3, ""GRÜNE"": 5, ""PIRATEN"": 1, ""SPD"": 68, ""Team Freiheit"": 1, ""Tierschutzpartei"": 3, ""WLD"": 1}"
mv:WAHLKREIS:26,2026-09-20T19:33:34.135868+00:00,2026-09-20T19:26:37.421392+00:00,835,1,False,"{""AfD"": 208, ""BSW"": 31, ""Bündnis C"": 3, ""CDU"": 84, ""Die Linke"": 70, ""Die PARTEI"": 5, ""FDP"": 13, ""FREIE WÄHLER"": 7, ""GRÜNE"": 54, ""Handwerker Partei Deutschland"": 5, ""KPD"": 2, ""PIRATEN"": 2, ""PdF"": 3, ""SPD"": 315, ""Team Freiheit"": 8, ""Tierschutzpartei"": 19, ""Volt"": 5, ""ÖDP"": 1}"
mv:WAHLKREIS:28,2026-09-20T19:33:34.135868+00:00,2026-09-20T19:26:37.421392+00:00,1207,1,False,"{""AfD"": 344, ""BSW"": 76, ""Bündnis C"": 5, ""CDU"": 71, ""Die Linke"": 83, ""Die PARTEI"": 3, ""FDP"": 19, ""FREIE WÄHLER"": 6, ""GRÜNE"": 87, ""Handwerker Partei Deutschland"": 11, ""KPD"": 1, ""PIRATEN"": 3, ""PdF"": 2, ""SPD"": 483, ""Team Freiheit"": 1, ""Tierschutzpartei"": 9, ""Volt"": 2, ""WLD"": 1}"
mv:WAHLKREIS:30,2026-09-20T19:33:34.135868+00:00,2026-09-20T19:26:37.421392+00:00,1785,1,False,"{""AfD"": 492, ""BSW"": 90, ""Bündnis C"": 1, ""CDU"": 157, ""Die Linke"": 100, ""Die PARTEI"": 5, ""FDP"": 20, ""FREIE WÄHLER"": 9, ""GRÜNE"": 97, ""Handwerker Partei Deutschland"": 10, ""PIRATEN"": 2, ""PdF"": 2, ""SPD"": 757, ""Team Freiheit"": 4, ""Tierschutzpartei"": 27, ""Volt"": 3, ""WLD"": 7, ""ÖDP"": 2}"
mv:WAHLKREIS:34,2026-09-20T19:33:34.135868+00:00,2026-09-20T19:26:37.421392+00:00,962,1,False,"{""AfD"": 239, ""BSW"": 36, ""Bündnis C"": 1, ""CDU"": 81, ""Die Linke"": 66, ""Die PARTEI"": 2, ""FDP"": 18, ""FREIE WÄHLER"": 2, ""GRÜNE"": 80, ""Handwerker Partei Deutschland"": 10, ""PIRATEN"": 3, ""SPD"": 401, ""Team Freiheit"": 4, ""Tierschutzpartei"": 15, ""Volt"": 2, ""WLD"": 2}"
mv:WAHLKREIS:35,2026-09-20T19:33:34.135868+00:00,2026-09-20T19:26:37.421392+00:00,2384,2,False,"{""AfD"": 879, ""BSW"": 109, ""Bündnis C"": 2, ""CDU"": 162, ""Die Linke"": 149, ""Die PARTEI"": 9, ""FDP"": 27, ""FREIE WÄHLER"": 9, ""GRÜNE"": 50, ""Handwerker Partei Deutschland"": 10, ""KPD"": 1, ""PIRATEN"": 7, ""SPD"": 919, ""Team Freiheit"": 9, ""Tierschutzpartei"": 38, ""WLD"": 4}"
mv:WAHLKREIS:4,2026-09-20T19:33:34.135868+00:00,2026-09-20T19:26:37.421392+00:00,916,1,False,"{""AfD"": 182, ""BSW"": 53, ""Bündnis C"": 2, ""CDU"": 38, ""Die Linke"": 131, ""Die PARTEI"": 1, ""FDP"": 15, ""FREIE WÄHLER"": 4, ""GRÜNE"": 67, ""Handwerker Partei Deutschland"": 7, ""KPD"": 1, ""PIRATEN"": 3, ""PdF"": 1, ""SPD"": 382, ""Team Freiheit"": 3, ""Tierschutzpartei"": 18, ""Volt"": 4, ""ÖDP"": 4}"
mv:WAHLKREIS:5,2026-09-20T19:33:34.135868+00:00,2026-09-20T19:26:37.421392+00:00,623,1,False,"{""AfD"": 228, ""BSW"": 39, ""CDU"": 20, ""Die Linke"": 51, ""Die PARTEI"": 1, ""FDP"": 2, ""GRÜNE"": 17, ""Handwerker Partei Deutschland"": 3, ""KPD"": 3, ""PIRATEN"": 4, ""SPD"": 248, ""Tierschutzpartei"": 7}"
mv:WAHLKREIS:8,2026-09-20T19:33:34.135868+00:00,2026-09-20T19:26:37.421392+00:00,852,1,False,"{""AfD"": 321, ""BSW"": 39, ""CDU"": 36, ""Die Linke"": 58, ""Die PARTEI"": 1, ""FDP"": 6, ""FREIE WÄHLER"": 4, ""GRÜNE"": 50, ""Handwerker Partei Deutschland"": 2, ""PIRATEN"": 2, ""SPD"": 323, ""Team Freiheit"": 3, ""Tierschutzpartei"": 5, ""Volt"": 1, ""WLD"": 1}"
mv:GEMEINDE:13003000,2026-09-20T19:38:52.129337+00:00,2026-09-20T19:33:34.135868+00:00,2861,3,False,"{""AfD"": 553, ""BSW"": 137, ""Bündnis C"": 2, ""CDU"": 187, ""Die Linke"": 396, ""Die PARTEI"": 14, ""FDP"": 44, ""FREIE WÄHLER"": 7, ""GRÜNE"": 238, ""Handwerker Partei Deutschland"": 15, ""KPD"": 1, ""PIRATEN"": 8, ""PdF"": 8, ""SPD"": 1159, ""Team Freiheit"": 7, ""Tierschutzpartei"": 56, ""Volt"": 15, ""WLD"": 9, ""ÖDP"": 5}"
mv:GEMEINDE:13072043,2026-09-20T19:38:52.129337+00:00,2026-09-20T19:33:34.135868+00:00,740,1,False,"{""AfD"": 281, ""BSW"": 27, ""CDU"": 23, ""Die Linke"": 65, ""Die PARTEI"": 2, ""FDP"": 10, ""FREIE WÄHLER"": 1, ""GRÜNE"": 51, ""Handwerker Partei Deutschland"": 2, ""KPD"": 2, ""PdF"": 2, ""SPD"": 258, ""Team Freiheit"": 3, ""Tierschutzpartei"": 12, ""Volt"": 1}"
mv:GEMEINDE:13073010,2026-09-20T19:38:52.129337+00:00,2026-09-20T19:33:34.135868+00:00,865,1,False,"{""AfD"": 225, ""BSW"": 50, ""Bündnis C"": 3, ""CDU"": 59, ""Die Linke"": 64, ""Die PARTEI"": 3, ""FDP"": 7, ""FREIE WÄHLER"": 5, ""GRÜNE"": 41, ""Handwerker Partei Deutschland"": 7, ""KPD"": 1, ""PdF"": 2, ""SPD"": 372, ""Tierschutzpartei"": 17, ""Volt"": 4, ""WLD"": 2, ""ÖDP"": 3}"
mv:GEMEINDE:13073017,2026-09-20T19:38:52.129337+00:00,2026-09-20T19:33:34.135868+00:00,508,1,False,"{""AfD"": 206, ""BSW"": 26, ""CDU"": 14, ""Die Linke"": 23, ""Die PARTEI"": 2, ""FDP"": 6, ""FREIE WÄHLER"": 1, ""GRÜNE"": 32, ""Handwerker Partei Deutschland"": 1, ""KPD"": 1, ""PIRATEN"": 2, ""PdF"": 1, ""SPD"": 185, ""Tierschutzpartei"": 7, ""ÖDP"": 1}"
mv:GEMEINDE:13073751,2026-09-20T19:38:52.129337+00:00,2026-09-20T19:33:34.135868+00:00,1263,1,False,"{""AfD"": 336, ""BSW"": 57, ""Bündnis C"": 3, ""CDU"": 86, ""Die Linke"": 74, ""Die PARTEI"": 6, ""FDP"": 19, ""FREIE WÄHLER"": 15, ""GRÜNE"": 89, ""Handwerker Partei Deutschland"": 8, ""KPD"": 2, ""PIRATEN"": 2, ""PdF"": 1, ""SPD"": 536, ""Team Freiheit"": 2, ""Tierschutzpartei"": 18, ""Volt"": 4, ""WLD"": 3, ""ÖDP"": 2}"
mv:GEMEINDE:13073760,2026-09-20T19:38:52.129337+00:00,2026-09-20T19:33:34.135868+00:00,1292,1,False,"{""AfD"": 403, ""BSW"": 59, ""CDU"": 97, ""Die Linke"": 92, ""Die PARTEI"": 2, ""FDP"": 19, ""FREIE WÄHLER"": 6, ""GRÜNE"": 46, ""Handwerker Partei Deutschland"": 10, ""KPD"": 1, ""SPD"": 526, ""Team Freiheit"": 1, ""Tierschutzpartei"": 24, ""Volt"": 3, ""WLD"": 3}"
mv:GEMEINDE:13075049,2026-09-20T19:38:52.129337+00:00,2026-09-20T19:33:34.135868+00:00,685,1,False,"{""AfD"": 368, ""BSW"": 17, ""Bündnis C"": 1, ""CDU"": 34, ""Die Linke"": 19, ""Die PARTEI"": 3, ""FDP"": 12, ""FREIE WÄHLER"": 4, ""GRÜNE"": 16, ""Handwerker Partei Deutschland"": 5, ""KPD"": 1, ""SPD"": 198, ""Tierschutzpartei"": 7}"
mv:GEMEINDE:13076060,2026-09-20T19:38:52.129337+00:00,2026-09-20T19:33:34.135868+00:00,501,1,False,"{""AfD"": 248, ""BSW"": 19, ""CDU"": 12, ""Die Linke"": 19, ""Die PARTEI"": 1, ""FDP"": 3, ""FREIE WÄHLER"": 2, ""GRÜNE"": 12, ""Handwerker Partei Deutschland"": 1, ""PIRATEN"": 4, ""SPD"": 175, ""Team Freiheit"": 1, ""Tierschutzpartei"": 4}"
mv:GEMEINDE:13076760,2026-09-20T19:38:52.129337+00:00,2026-09-20T19:33:34.135868+00:00,1085,1,False,"{""AfD"": 302, ""BSW"": 56, ""CDU"": 77, ""Die Linke"": 59, ""Die PARTEI"": 1, ""FDP"": 17, ""FREIE WÄHLER"": 13, ""GRÜNE"": 49, ""Handwerker Partei Deutschland"": 7, ""PIRATEN"": 4, ""PdF"": 1, ""SPD"": 465, ""Tierschutzpartei"": 28, ""WLD"": 4, ""ÖDP"": 2}"
mv:GEMEINDE:13076765,2026-09-20T19:38:52.129337+00:00,2026-09-20T19:33:34.135868+00:00,1233,1,False,"{""AfD"": 258, ""BSW"": 72, ""CDU"": 112, ""Die Linke"": 81, ""FDP"": 9, ""FREIE WÄHLER"": 7, ""GRÜNE"": 69, ""Handwerker Partei Deutschland"": 11, ""PdF"": 2, ""SPD"": 587, ""Team Freiheit"": 3, ""Tierschutzpartei"": 15, ""Volt"": 4, ""WLD"": 3}"
mv:WAHLKREIS:16,2026-09-20T19:38:52.129337+00:00,2026-09-20T19:33:34.135868+00:00,740,1,False,"{""AfD"": 281, ""BSW"": 27, ""CDU"": 23, ""Die Linke"": 65, ""Die PARTEI"": 2, ""FDP"": 10, ""FREIE WÄHLER"": 1, ""GRÜNE"": 51, ""Handwerker Partei Deutschland"": 2, ""KPD"": 2, ""PdF"": 2, ""SPD"": 258, ""Team Freiheit"": 3, ""Tierschutzpartei"": 12, ""Volt"": 1}"
mv:WAHLKREIS:18,2026-09-20T19:38:52.129337+00:00,2026-09-20T19:33:34.135868+00:00,1734,2,False,"{""AfD"": 506, ""BSW"": 91, ""CDU"": 124, ""Die Linke"": 100, ""Die PARTEI"": 1, ""FDP"": 12, ""FREIE WÄHLER"": 9, ""GRÜNE"": 81, ""Handwerker Partei Deutschland"": 12, ""PIRATEN"": 4, ""PdF"": 2, ""SPD"": 762, ""Team Freiheit"": 4, ""Tierschutzpartei"": 19, ""Volt"": 4, ""WLD"": 3}"
mv:WAHLKREIS:19,2026-09-20T19:38:52.129337+00:00,2026-09-20T19:33:34.135868+00:00,1085,1,False,"{""AfD"": 302, ""BSW"": 56, ""CDU"": 77, ""Die Linke"": 59, ""Die PARTEI"": 1, ""FDP"": 17, ""FREIE WÄHLER"": 13, ""GRÜNE"": 49, ""Handwerker Partei Deutschland"": 7, ""PIRATEN"": 4, ""PdF"": 1, ""SPD"": 465, ""Tierschutzpartei"": 28, ""WLD"": 4, ""ÖDP"": 2}"
mv:WAHLKREIS:23,2026-09-20T19:38:52.129337+00:00,2026-09-20T19:33:34.135868+00:00,1800,2,False,"{""AfD"": 609, ""BSW"": 85, ""CDU"": 111, ""Die Linke"": 115, ""Die PARTEI"": 4, ""FDP"": 25, ""FREIE WÄHLER"": 7, ""GRÜNE"": 78, ""Handwerker Partei Deutschland"": 11, ""KPD"": 2, ""PIRATEN"": 2, ""PdF"": 1, ""SPD"": 711, ""Team Freiheit"": 1, ""Tierschutzpartei"": 31, ""Volt"": 3, ""WLD"": 3, ""ÖDP"": 1}"
mv:WAHLKREIS:25,2026-09-20T19:38:52.129337+00:00,2026-09-20T19:33:34.135868+00:00,1263,1,False,"{""AfD"": 336, ""BSW"": 57, ""Bündnis C"": 3, ""CDU"": 86, ""Die Linke"": 74, ""Die PARTEI"": 6, ""FDP"": 19, ""FREIE WÄHLER"": 15, ""GRÜNE"": 89, ""Handwerker Partei Deutschland"": 8, ""KPD"": 2, ""PIRATEN"": 2, ""PdF"": 1, ""SPD"": 536, ""Team Freiheit"": 2, ""Tierschutzpartei"": 18, ""Volt"": 4, ""WLD"": 3, ""ÖDP"": 2}"
mv:WAHLKREIS:30,2026-09-20T19:38:52.129337+00:00,2026-09-20T19:33:34.135868+00:00,685,1,False,"{""AfD"": 368, ""BSW"": 17, ""Bündnis C"": 1, ""CDU"": 34, ""Die Linke"": 19, ""Die PARTEI"": 3, ""FDP"": 12, ""FREIE WÄHLER"": 4, ""GRÜNE"": 16, ""Handwerker Partei Deutschland"": 5, ""KPD"": 1, ""SPD"": 198, ""Tierschutzpartei"": 7}"
mv:WAHLKREIS:34,2026-09-20T19:38:52.129337+00:00,2026-09-20T19:33:34.135868+00:00,865,1,False,"{""AfD"": 225, ""BSW"": 50, ""Bündnis C"": 3, ""CDU"": 59, ""Die Linke"": 64, ""Die PARTEI"": 3, ""FDP"": 7, ""FREIE WÄHLER"": 5, ""GRÜNE"": 41, ""Handwerker Partei Deutschland"": 7, ""KPD"": 1, ""PdF"": 2, ""SPD"": 372, ""Tierschutzpartei"": 17, ""Volt"": 4, ""WLD"": 2, ""ÖDP"": 3}"
mv:WAHLKREIS:4,2026-09-20T19:38:52.129337+00:00,2026-09-20T19:33:34.135868+00:00,800,1,False,"{""AfD"": 159, ""BSW"": 46, ""Bündnis C"": 1, ""CDU"": 39, ""Die Linke"": 120, ""Die PARTEI"": 3, ""FDP"": 7, ""GRÜNE"": 33, ""Handwerker Partei Deutschland"": 3, ""KPD"": 1, ""PIRATEN"": 2, ""PdF"": 1, ""SPD"": 361, ""Team Freiheit"": 3, ""Tierschutzpartei"": 15, ""Volt"": 3, ""WLD"": 3}"
mv:WAHLKREIS:7,2026-09-20T19:38:52.129337+00:00,2026-09-20T19:33:34.135868+00:00,2061,2,False,"{""AfD"": 394, ""BSW"": 91, ""Bündnis C"": 1, ""CDU"": 148, ""Die Linke"": 276, ""Die PARTEI"": 11, ""FDP"": 37, ""FREIE WÄHLER"": 7, ""GRÜNE"": 205, ""Handwerker Partei Deutschland"": 12, ""PIRATEN"": 6, ""PdF"": 7, ""SPD"": 798, ""Team Freiheit"": 4, ""Tierschutzpartei"": 41, ""Volt"": 12, ""WLD"": 6, ""ÖDP"": 5}"
mv:GEMEINDE:13003000,2026-09-20T19:43:37.022014+00:00,2026-09-20T19:38:52.129337+00:00,664,1,False,"{""AfD"": 274, ""BSW"": 35, ""CDU"": 14, ""Die Linke"": 87, ""Die PARTEI"": 4, ""FDP"": 3, ""FREIE WÄHLER"": 4, ""GRÜNE"": 19, ""Handwerker Partei Deutschland"": 1, ""KPD"": 2, ""PIRATEN"": 1, ""PdF"": 1, ""SPD"": 208, ""Team Freiheit"": 3, ""Tierschutzpartei"": 6, ""Volt"": 1, ""WLD"": 1}"
mv:GEMEINDE:13071035,2026-09-20T19:43:37.022014+00:00,2026-09-20T19:38:52.129337+00:00,1261,2,False,"{""AfD"": 742, ""BSW"": 51, ""Bündnis C"": 2, ""CDU"": 41, ""Die Linke"": 30, ""Die PARTEI"": 4, ""FDP"": 4, ""FREIE WÄHLER"": 3, ""GRÜNE"": 19, ""Handwerker Partei Deutschland"": 6, ""KPD"": 1, ""PdF"": 1, ""SPD"": 344, ""Team Freiheit"": 2, ""Tierschutzpartei"": 9, ""WLD"": 1, ""ÖDP"": 1}"
mv:GEMEINDE:13071107,2026-09-20T19:43:37.022014+00:00,2026-09-20T19:38:52.129337+00:00,688,1,False,"{""AfD"": 348, ""BSW"": 36, ""CDU"": 12, ""Die Linke"": 49, ""Die PARTEI"": 2, ""FDP"": 1, ""FREIE WÄHLER"": 1, ""GRÜNE"": 11, ""Handwerker Partei Deutschland"": 3, ""KPD"": 1, ""PIRATEN"": 2, ""SPD"": 209, ""Team Freiheit"": 1, ""Tierschutzpartei"": 7, ""Volt"": 2, ""WLD"": 2, ""ÖDP"": 1}"
mv:GEMEINDE:13071752,2026-09-20T19:43:37.022014+00:00,2026-09-20T19:38:52.129337+00:00,552,1,False,"{""AfD"": 230, ""BSW"": 23, ""CDU"": 28, ""Die Linke"": 20, ""Die PARTEI"": 1, ""FDP"": 3, ""FREIE WÄHLER"": 4, ""GRÜNE"": 11, ""Handwerker Partei Deutschland"": 8, ""PIRATEN"": 1, ""SPD"": 216, ""Tierschutzpartei"": 5, ""WLD"": 1, ""ÖDP"": 1}"
mv:GEMEINDE:13072043,2026-09-20T19:43:37.022014+00:00,2026-09-20T19:38:52.129337+00:00,7609,9,False,"{""AfD"": 2475, ""BSW"": 384, ""Bündnis C"": 6, ""CDU"": 363, ""Die Linke"": 517, ""Die PARTEI"": 20, ""FDP"": 87, ""FREIE WÄHLER"": 35, ""GRÜNE"": 352, ""Handwerker Partei Deutschland"": 31, ""KPD"": 5, ""PIRATEN"": 15, ""PdF"": 9, ""SPD"": 3162, ""Team Freiheit"": 22, ""Tierschutzpartei"": 95, ""Volt"": 16, ""WLD"": 3, ""ÖDP"": 12}"
mv:GEMEINDE:13072095,2026-09-20T19:43:37.022014+00:00,2026-09-20T19:38:52.129337+00:00,966,1,False,"{""AfD"": 396, ""BSW"": 50, ""Bündnis C"": 1, ""CDU"": 39, ""Die Linke"": 57, ""Die PARTEI"": 2, ""FDP"": 11, ""FREIE WÄHLER"": 4, ""GRÜNE"": 48, ""Handwerker Partei Deutschland"": 7, ""KPD"": 6, ""PdF"": 1, ""SPD"": 326, ""Team Freiheit"": 3, ""Tierschutzpartei"": 13, ""Volt"": 1, ""WLD"": 1}"
mv:GEMEINDE:13073007,2026-09-20T19:43:37.022014+00:00,2026-09-20T19:38:52.129337+00:00,726,1,False,"{""AfD"": 353, ""BSW"": 28, ""CDU"": 25, ""Die Linke"": 32, ""Die PARTEI"": 3, ""FDP"": 5, ""FREIE WÄHLER"": 2, ""GRÜNE"": 12, ""Handwerker Partei Deutschland"": 2, ""PIRATEN"": 3, ""SPD"": 250, ""Team Freiheit"": 3, ""Tierschutzpartei"": 7, ""Volt"": 1}"
mv:GEMEINDE:13073015,2026-09-20T19:43:37.022014+00:00,2026-09-20T19:38:52.129337+00:00,549,1,False,"{""AfD"": 228, ""BSW"": 24, ""CDU"": 40, ""Die Linke"": 30, ""Die PARTEI"": 1, ""FDP"": 5, ""FREIE WÄHLER"": 3, ""GRÜNE"": 11, ""Handwerker Partei Deutschland"": 2, ""SPD"": 195, ""Tierschutzpartei"": 7, ""WLD"": 1, ""ÖDP"": 2}"
mv:GEMEINDE:13073070,2026-09-20T19:43:37.022014+00:00,2026-09-20T19:38:52.129337+00:00,818,1,False,"{""AfD"": 373, ""BSW"": 47, ""CDU"": 34, ""Die Linke"": 49, ""Die PARTEI"": 3, ""FDP"": 5, ""FREIE WÄHLER"": 1, ""GRÜNE"": 48, ""Handwerker Partei Deutschland"": 3, ""KPD"": 1, ""PIRATEN"": 4, ""SPD"": 233, ""Team Freiheit"": 3, ""Tierschutzpartei"": 10, ""Volt"": 2, ""WLD"": 1, ""ÖDP"": 1}"
mv:GEMEINDE:13074751,2026-09-20T19:43:37.022014+00:00,2026-09-20T19:38:52.129337+00:00,1245,1,False,"{""AfD"": 340, ""BSW"": 62, ""Bündnis C"": 2, ""CDU"": 91, ""Die Linke"": 85, ""Die PARTEI"": 3, ""FDP"": 29, ""FREIE WÄHLER"": 9, ""GRÜNE"": 71, ""Handwerker Partei Deutschland"": 9, ""KPD"": 2, ""PIRATEN"": 2, ""PdF"": 1, ""SPD"": 510, ""Team Freiheit"": 2, ""Tierschutzpartei"": 20, ""Volt"": 3, ""WLD"": 2, ""ÖDP"": 2}"
mv:GEMEINDE:13074759,2026-09-20T19:43:37.022014+00:00,2026-09-20T19:38:52.129337+00:00,1228,1,False,"{""AfD"": 183, ""BSW"": 40, ""Bündnis C"": 2, ""CDU"": 75, ""Die Linke"": 105, ""Die PARTEI"": 2, ""FDP"": 31, ""FREIE WÄHLER"": 9, ""GRÜNE"": 177, ""Handwerker Partei Deutschland"": 6, ""KPD"": 4, ""PIRATEN"": 1, ""PdF"": 4, ""SPD"": 562, ""Team Freiheit"": 3, ""Tierschutzpartei"": 13, ""Volt"": 8, ""WLD"": 2, ""ÖDP"": 1}"
mv:GEMEINDE:13075039,2026-09-20T19:43:37.022014+00:00,2026-09-20T19:38:52.129337+00:00,1404,2,False,"{""AfD"": 609, ""BSW"": 37, ""Bündnis C"": 2, ""CDU"": 32, ""Die Linke"": 165, ""Die PARTEI"": 10, ""FDP"": 18, ""FREIE WÄHLER"": 3, ""GRÜNE"": 81, ""Handwerker Partei Deutschland"": 3, ""KPD"": 3, ""PIRATEN"": 3, ""PdF"": 1, ""SPD"": 401, ""Team Freiheit"": 3, ""Tierschutzpartei"": 30, ""Volt"": 3}"
mv:GEMEINDE:13075144,2026-09-20T19:43:37.022014+00:00,2026-09-20T19:38:52.129337+00:00,929,2,False,"{""AfD"": 553, ""BSW"": 32, ""CDU"": 39, ""Die Linke"": 34, ""Die PARTEI"": 1, ""FDP"": 5, ""FREIE WÄHLER"": 5, ""GRÜNE"": 22, ""KPD"": 1, ""PIRATEN"": 1, ""PdF"": 1, ""SPD"": 222, ""Team Freiheit"": 2, ""Tierschutzpartei"": 9, ""Volt"": 1, ""ÖDP"": 1}"
mv:GEMEINDE:13076050,2026-09-20T19:43:37.022014+00:00,2026-09-20T19:38:52.129337+00:00,867,1,False,"{""AfD"": 200, ""BSW"": 40, ""CDU"": 43, ""Die Linke"": 39, ""FDP"": 13, ""FREIE WÄHLER"": 27, ""GRÜNE"": 21, ""Handwerker Partei Deutschland"": 8, ""KPD"": 2, ""PdF"": 1, ""SPD"": 465, ""Team Freiheit"": 1, ""Tierschutzpartei"": 6, ""WLD"": 1}"
mv:WAHLKREIS:1,2026-09-20T19:43:37.022014+00:00,2026-09-20T19:38:52.129337+00:00,1404,2,False,"{""AfD"": 609, ""BSW"": 37, ""Bündnis C"": 2, ""CDU"": 32, ""Die Linke"": 165, ""Die PARTEI"": 10, ""FDP"": 18, ""FREIE WÄHLER"": 3, ""GRÜNE"": 81, ""Handwerker Partei Deutschland"": 3, ""KPD"": 3, ""PIRATEN"": 3, ""PdF"": 1, ""SPD"": 401, ""Team Freiheit"": 3, ""Tierschutzpartei"": 30, ""Volt"": 3}"
mv:WAHLKREIS:15,2026-09-20T19:43:37.022014+00:00,2026-09-20T19:38:52.129337+00:00,966,1,False,"{""AfD"": 396, ""BSW"": 50, ""Bündnis C"": 1, ""CDU"": 39, ""Die Linke"": 57, ""Die PARTEI"": 2, ""FDP"": 11, ""FREIE WÄHLER"": 4, ""GRÜNE"": 48, ""Handwerker Partei Deutschland"": 7, ""KPD"": 6, ""PdF"": 1, ""SPD"": 326, ""Team Freiheit"": 3, ""Tierschutzpartei"": 13, ""Volt"": 1, ""WLD"": 1}"
mv:WAHLKREIS:16,2026-09-20T19:43:37.022014+00:00,2026-09-20T19:38:52.129337+00:00,7609,9,False,"{""AfD"": 2475, ""BSW"": 384, ""Bündnis C"": 6, ""CDU"": 363, ""Die Linke"": 517, ""Die PARTEI"": 20, ""FDP"": 87, ""FREIE WÄHLER"": 35, ""GRÜNE"": 352, ""Handwerker Partei Deutschland"": 31, ""KPD"": 5, ""PIRATEN"": 15, ""PdF"": 9, ""SPD"": 3162, ""Team Freiheit"": 22, ""Tierschutzpartei"": 95, ""Volt"": 16, ""WLD"": 3, ""ÖDP"": 12}"
mv:WAHLKREIS:19,2026-09-20T19:43:37.022014+00:00,2026-09-20T19:38:52.129337+00:00,867,1,False,"{""AfD"": 200, ""BSW"": 40, ""CDU"": 43, ""Die Linke"": 39, ""FDP"": 13, ""FREIE WÄHLER"": 27, ""GRÜNE"": 21, ""Handwerker Partei Deutschland"": 8, ""KPD"": 2, ""PdF"": 1, ""SPD"": 465, ""Team Freiheit"": 1, ""Tierschutzpartei"": 6, ""WLD"": 1}"
mv:WAHLKREIS:22,2026-09-20T19:43:37.022014+00:00,2026-09-20T19:38:52.129337+00:00,1813,3,False,"{""AfD"": 972, ""BSW"": 74, ""Bündnis C"": 2, ""CDU"": 69, ""Die Linke"": 50, ""Die PARTEI"": 5, ""FDP"": 7, ""FREIE WÄHLER"": 7, ""GRÜNE"": 30, ""Handwerker Partei Deutschland"": 14, ""KPD"": 1, ""PIRATEN"": 1, ""PdF"": 1, ""SPD"": 560, ""Team Freiheit"": 2, ""Tierschutzpartei"": 14, ""WLD"": 2, ""ÖDP"": 2}"
mv:WAHLKREIS:23,2026-09-20T19:43:37.022014+00:00,2026-09-20T19:38:52.129337+00:00,1275,2,False,"{""AfD"": 581, ""BSW"": 52, ""CDU"": 65, ""Die Linke"": 62, ""Die PARTEI"": 4, ""FDP"": 10, ""FREIE WÄHLER"": 5, ""GRÜNE"": 23, ""Handwerker Partei Deutschland"": 4, ""PIRATEN"": 3, ""SPD"": 445, ""Team Freiheit"": 3, ""Tierschutzpartei"": 14, ""Volt"": 1, ""WLD"": 1, ""ÖDP"": 2}"
mv:WAHLKREIS:27,2026-09-20T19:43:37.022014+00:00,2026-09-20T19:38:52.129337+00:00,1228,1,False,"{""AfD"": 183, ""BSW"": 40, ""Bündnis C"": 2, ""CDU"": 75, ""Die Linke"": 105, ""Die PARTEI"": 2, ""FDP"": 31, ""FREIE WÄHLER"": 9, ""GRÜNE"": 177, ""Handwerker Partei Deutschland"": 6, ""KPD"": 4, ""PIRATEN"": 1, ""PdF"": 4, ""SPD"": 562, ""Team Freiheit"": 3, ""Tierschutzpartei"": 13, ""Volt"": 8, ""WLD"": 2, ""ÖDP"": 1}"
mv:WAHLKREIS:28,2026-09-20T19:43:37.022014+00:00,2026-09-20T19:38:52.129337+00:00,1245,1,False,"{""AfD"": 340, ""BSW"": 62, ""Bündnis C"": 2, ""CDU"": 91, ""Die Linke"": 85, ""Die PARTEI"": 3, ""FDP"": 29, ""FREIE WÄHLER"": 9, ""GRÜNE"": 71, ""Handwerker Partei Deutschland"": 9, ""KPD"": 2, ""PIRATEN"": 2, ""PdF"": 1, ""SPD"": 510, ""Team Freiheit"": 2, ""Tierschutzpartei"": 20, ""Volt"": 3, ""WLD"": 2, ""ÖDP"": 2}"
mv:WAHLKREIS:3,2026-09-20T19:43:37.022014+00:00,2026-09-20T19:38:52.129337+00:00,688,1,False,"{""AfD"": 348, ""BSW"": 36, ""CDU"": 12, ""Die Linke"": 49, ""Die PARTEI"": 2, ""FDP"": 1, ""FREIE WÄHLER"": 1, ""GRÜNE"": 11, ""Handwerker Partei Deutschland"": 3, ""KPD"": 1, ""PIRATEN"": 2, ""SPD"": 209, ""Team Freiheit"": 1, ""Tierschutzpartei"": 7, ""Volt"": 2, ""WLD"": 2, ""ÖDP"": 1}"
mv:WAHLKREIS:30,2026-09-20T19:43:37.022014+00:00,2026-09-20T19:38:52.129337+00:00,929,2,False,"{""AfD"": 553, ""BSW"": 32, ""CDU"": 39, ""Die Linke"": 34, ""Die PARTEI"": 1, ""FDP"": 5, ""FREIE WÄHLER"": 5, ""GRÜNE"": 22, ""KPD"": 1, ""PIRATEN"": 1, ""PdF"": 1, ""SPD"": 222, ""Team Freiheit"": 2, ""Tierschutzpartei"": 9, ""Volt"": 1, ""ÖDP"": 1}"
mv:WAHLKREIS:34,2026-09-20T19:43:37.022014+00:00,2026-09-20T19:38:52.129337+00:00,818,1,False,"{""AfD"": 373, ""BSW"": 47, ""CDU"": 34, ""Die Linke"": 49, ""Die PARTEI"": 3, ""FDP"": 5, ""FREIE WÄHLER"": 1, ""GRÜNE"": 48, ""Handwerker Partei Deutschland"": 3, ""KPD"": 1, ""PIRATEN"": 4, ""SPD"": 233, ""Team Freiheit"": 3, ""Tierschutzpartei"": 10, ""Volt"": 2, ""WLD"": 1, ""ÖDP"": 1}"
mv:WAHLKREIS:4,2026-09-20T19:43:37.022014+00:00,2026-09-20T19:38:52.129337+00:00,664,1,False,"{""AfD"": 274, ""BSW"": 35, ""CDU"": 14, ""Die Linke"": 87, ""Die PARTEI"": 4, ""FDP"": 3, ""FREIE WÄHLER"": 4, ""GRÜNE"": 19, ""Handwerker Partei Deutschland"": 1, ""KPD"": 2, ""PIRATEN"": 1, ""PdF"": 1, ""SPD"": 208, ""Team Freiheit"": 3, ""Tierschutzpartei"": 6, ""Volt"": 1, ""WLD"": 1}"
mv:GEMEINDE:13003000,2026-09-20T19:50:37.039849+00:00,2026-09-20T19:48:05.350482+00:00,824,1,False,"{""AfD"": 92, ""BSW"": 20, ""CDU"": 50, ""Die Linke"": 151, ""Die PARTEI"": 3, ""FDP"": 12, ""FREIE WÄHLER"": 5, ""GRÜNE"": 101, ""Handwerker Partei Deutschland"": 7, ""KPD"": 2, ""PIRATEN"": 3, ""PdF"": 4, ""SPD"": 350, ""Team Freiheit"": 3, ""Tierschutzpartei"": 9, ""Volt"": 6, ""WLD"": 2, ""ÖDP"": 4}"
mv:GEMEINDE:13072095,2026-09-20T19:50:37.039849+00:00,2026-09-20T19:48:05.350482+00:00,631,1,False,"{""AfD"": 294, ""BSW"": 36, ""CDU"": 16, ""Die Linke"": 38, ""Die PARTEI"": 3, ""FDP"": 8, ""FREIE WÄHLER"": 9, ""GRÜNE"": 22, ""Handwerker Partei Deutschland"": 5, ""KPD"": 1, ""PIRATEN"": 1, ""SPD"": 192, ""Team Freiheit"": 1, ""Tierschutzpartei"": 3, ""ÖDP"": 2}"
mv:GEMEINDE:13073010,2026-09-20T19:50:37.039849+00:00,2026-09-20T19:48:05.350482+00:00,593,1,False,"{""AfD"": 348, ""BSW"": 24, ""CDU"": 9, ""Die Linke"": 46, ""Die PARTEI"": 1, ""FDP"": 2, ""FREIE WÄHLER"": 1, ""GRÜNE"": 7, ""Handwerker Partei Deutschland"": 1, ""PIRATEN"": 1, ""SPD"": 144, ""Team Freiheit"": 2, ""Tierschutzpartei"": 6, ""ÖDP"": 1}"
mv:GEMEINDE:13073033,2026-09-20T19:50:37.039849+00:00,2026-09-20T19:48:05.350482+00:00,271,1,False,"{""AfD"": 156, ""BSW"": 4, ""Bündnis C"": 1, ""CDU"": 17, ""Die Linke"": 14, ""FREIE WÄHLER"": 1, ""GRÜNE"": 9, ""Handwerker Partei Deutschland"": 1, ""SPD"": 65, ""Tierschutzpartei"": 3}"
mv:GEMEINDE:13073088,2026-09-20T19:50:37.039849+00:00,2026-09-20T19:48:05.350482+00:00,1401,2,False,"{""AfD"": 410, ""BSW"": 63, ""CDU"": 74, ""Die Linke"": 113, ""Die PARTEI"": 8, ""FDP"": 15, ""FREIE WÄHLER"": 6, ""GRÜNE"": 137, ""Handwerker Partei Deutschland"": 9, ""PIRATEN"": 7, ""PdF"": 2, ""SPD"": 528, ""Team Freiheit"": 8, ""Tierschutzpartei"": 14, ""Volt"": 4, ""ÖDP"": 3}"
mv:GEMEINDE:13073756,2026-09-20T19:50:37.039849+00:00,2026-09-20T19:48:05.350482+00:00,1195,1,False,"{""AfD"": 341, ""BSW"": 71, ""CDU"": 101, ""Die Linke"": 82, ""Die PARTEI"": 2, ""FDP"": 13, ""FREIE WÄHLER"": 3, ""GRÜNE"": 91, ""Handwerker Partei Deutschland"": 7, ""PdF"": 2, ""SPD"": 456, ""Team Freiheit"": 7, ""Tierschutzpartei"": 13, ""Volt"": 2, ""WLD"": 1, ""ÖDP"": 3}"
mv:GEMEINDE:13075751,2026-09-20T19:50:37.039849+00:00,2026-09-20T19:48:05.350482+00:00,519,1,False,"{""AfD"": 159, ""BSW"": 26, ""Bündnis C"": 3, ""CDU"": 35, ""Die Linke"": 40, ""FDP"": 5, ""FREIE WÄHLER"": 2, ""GRÜNE"": 13, ""Handwerker Partei Deutschland"": 4, ""PIRATEN"": 1, ""PdF"": 1, ""SPD"": 222, ""Tierschutzpartei"": 7, ""Volt"": 1}"
mv:GEMEINDE:13075753,2026-09-20T19:50:37.039849+00:00,2026-09-20T19:48:05.350482+00:00,1250,1,False,"{""AfD"": 407, ""BSW"": 41, ""Bündnis C"": 2, ""CDU"": 106, ""Die Linke"": 54, ""Die PARTEI"": 5, ""FDP"": 30, ""FREIE WÄHLER"": 3, ""GRÜNE"": 43, ""Handwerker Partei Deutschland"": 15, ""PIRATEN"": 2, ""PdF"": 2, ""SPD"": 517, ""Team Freiheit"": 5, ""Tierschutzpartei"": 14, ""Volt"": 3, ""ÖDP"": 1}"
mv:GEMEINDE:13076154,2026-09-20T19:50:37.039849+00:00,2026-09-20T19:48:05.350482+00:00,655,1,False,"{""AfD"": 248, ""BSW"": 32, ""CDU"": 33, ""Die Linke"": 15, ""Die PARTEI"": 2, ""FDP"": 13, ""FREIE WÄHLER"": 3, ""GRÜNE"": 23, ""Handwerker Partei Deutschland"": 8, ""PdF"": 2, ""SPD"": 263, ""Tierschutzpartei"": 10, ""Volt"": 2, ""WLD"": 1}"
mv:GEMEINDE:13003000,2026-09-20T19:55:35.777340+00:00,2026-09-20T19:50:37.039849+00:00,1555,2,False,"{""AfD"": 318, ""BSW"": 71, ""Bündnis C"": 1, ""CDU"": 50, ""Die Linke"": 237, ""Die PARTEI"": 5, ""FDP"": 15, ""FREIE WÄHLER"": 6, ""GRÜNE"": 152, ""Handwerker Partei Deutschland"": 3, ""PIRATEN"": 3, ""PdF"": 2, ""SPD"": 648, ""Team Freiheit"": 5, ""Tierschutzpartei"": 18, ""Volt"": 16, ""WLD"": 2, ""ÖDP"": 3}"
mv:GEMEINDE:13071029,2026-09-20T19:55:35.777340+00:00,2026-09-20T19:50:37.039849+00:00,3,0,True,"{""FREIE WÄHLER"": 2, ""Tierschutzpartei"": 1}"
mv:GEMEINDE:13071107,2026-09-20T19:55:35.777340+00:00,2026-09-20T19:50:37.039849+00:00,745,1,False,"{""AfD"": 398, ""BSW"": 42, ""Bündnis C"": 2, ""CDU"": 5, ""Die Linke"": 58, ""FDP"": 3, ""FREIE WÄHLER"": 2, ""GRÜNE"": 17, ""Handwerker Partei Deutschland"": 2, ""KPD"": 3, ""SPD"": 202, ""Team Freiheit"": 1, ""Tierschutzpartei"": 5, ""Volt"": 3, ""WLD"": 1, ""ÖDP"": 1}"
mv:GEMEINDE:13072006,2026-09-20T19:55:35.777340+00:00,2026-09-20T19:50:37.039849+00:00,1478,1,False,"{""AfD"": 309, ""BSW"": 65, ""Bündnis C"": 1, ""CDU"": 134, ""Die Linke"": 105, ""Die PARTEI"": 2, ""FDP"": 21, ""FREIE WÄHLER"": 7, ""GRÜNE"": 144, ""Handwerker Partei Deutschland"": 6, ""PIRATEN"": 4, ""PdF"": 1, ""SPD"": 649, ""Team Freiheit"": 6, ""Tierschutzpartei"": 13, ""Volt"": 5, ""WLD"": 2, ""ÖDP"": 4}"
mv:GEMEINDE:13072043,2026-09-20T19:55:35.777340+00:00,2026-09-20T19:50:37.039849+00:00,1043,1,False,"{""AfD"": 475, ""BSW"": 42, ""CDU"": 42, ""Die Linke"": 63, ""Die PARTEI"": 2, ""FDP"": 11, ""FREIE WÄHLER"": 1, ""GRÜNE"": 19, ""Handwerker Partei Deutschland"": 3, ""PIRATEN"": 2, ""SPD"": 362, ""Team Freiheit"": 1, ""Tierschutzpartei"": 16, ""Volt"": 2, ""ÖDP"": 2}"
mv:GEMEINDE:13076015,2026-09-20T19:55:35.777340+00:00,2026-09-20T19:50:37.039849+00:00,233,1,False,"{""AfD"": 113, ""BSW"": 20, ""CDU"": 4, ""Die Linke"": 10, ""Die PARTEI"": 1, ""FDP"": 4, ""GRÜNE"": 14, ""KPD"": 1, ""SPD"": 64, ""Tierschutzpartei"": 1, ""Volt"": 1}"
mv:GEMEINDE:13076768,2026-09-20T19:55:35.777340+00:00,2026-09-20T19:50:37.039849+00:00,1039,1,False,"{""AfD"": 281, ""BSW"": 57, ""CDU"": 85, ""Die Linke"": 61, ""Die PARTEI"": 2, ""FDP"": 20, ""FREIE WÄHLER"": 2, ""GRÜNE"": 56, ""Handwerker Partei Deutschland"": 6, ""KPD"": 1, ""PdF"": 3, ""SPD"": 445, ""Team Freiheit"": 2, ""Tierschutzpartei"": 10, ""Volt"": 5, ""WLD"": 2, ""ÖDP"": 1}"
mv:WAHLKREIS:11,2026-09-20T19:55:35.777340+00:00,2026-09-20T19:50:37.039849+00:00,1478,1,False,"{""AfD"": 309, ""BSW"": 65, ""Bündnis C"": 1, ""CDU"": 134, ""Die Linke"": 105, ""Die PARTEI"": 2, ""FDP"": 21, ""FREIE WÄHLER"": 7, ""GRÜNE"": 144, ""Handwerker Partei Deutschland"": 6, ""PIRATEN"": 4, ""PdF"": 1, ""SPD"": 649, ""Team Freiheit"": 6, ""Tierschutzpartei"": 13, ""Volt"": 5, ""WLD"": 2, ""ÖDP"": 4}"
mv:WAHLKREIS:13,2026-09-20T19:55:35.777340+00:00,2026-09-20T19:50:37.039849+00:00,3,0,True,"{""FREIE WÄHLER"": 2, ""Tierschutzpartei"": 1}"
mv:WAHLKREIS:15,2026-09-20T19:55:35.777340+00:00,2026-09-20T19:50:37.039849+00:00,631,1,False,"{""AfD"": 294, ""BSW"": 36, ""CDU"": 16, ""Die Linke"": 38, ""Die PARTEI"": 3, ""FDP"": 8, ""FREIE WÄHLER"": 9, ""GRÜNE"": 22, ""Handwerker Partei Deutschland"": 5, ""KPD"": 1, ""PIRATEN"": 1, ""SPD"": 192, ""Team Freiheit"": 1, ""Tierschutzpartei"": 3, ""ÖDP"": 2}"
mv:WAHLKREIS:16,2026-09-20T19:55:35.777340+00:00,2026-09-20T19:50:37.039849+00:00,1043,1,False,"{""AfD"": 475, ""BSW"": 42, ""CDU"": 42, ""Die Linke"": 63, ""Die PARTEI"": 2, ""FDP"": 11, ""FREIE WÄHLER"": 1, ""GRÜNE"": 19, ""Handwerker Partei Deutschland"": 3, ""PIRATEN"": 2, ""SPD"": 362, ""Team Freiheit"": 1, ""Tierschutzpartei"": 16, ""Volt"": 2, ""ÖDP"": 2}"
mv:WAHLKREIS:18,2026-09-20T19:55:35.777340+00:00,2026-09-20T19:50:37.039849+00:00,655,1,False,"{""AfD"": 248, ""BSW"": 32, ""CDU"": 33, ""Die Linke"": 15, ""Die PARTEI"": 2, ""FDP"": 13, ""FREIE WÄHLER"": 3, ""GRÜNE"": 23, ""Handwerker Partei Deutschland"": 8, ""PdF"": 2, ""SPD"": 263, ""Tierschutzpartei"": 10, ""Volt"": 2, ""WLD"": 1}"
mv:WAHLKREIS:23,2026-09-20T19:55:35.777340+00:00,2026-09-20T19:50:37.039849+00:00,271,1,False,"{""AfD"": 156, ""BSW"": 4, ""Bündnis C"": 1, ""CDU"": 17, ""Die Linke"": 14, ""FREIE WÄHLER"": 1, ""GRÜNE"": 9, ""Handwerker Partei Deutschland"": 1, ""SPD"": 65, ""Tierschutzpartei"": 3}"
mv:WAHLKREIS:24,2026-09-20T19:55:35.777340+00:00,2026-09-20T19:50:37.039849+00:00,1195,1,False,"{""AfD"": 341, ""BSW"": 71, ""CDU"": 101, ""Die Linke"": 82, ""Die PARTEI"": 2, ""FDP"": 13, ""FREIE WÄHLER"": 3, ""GRÜNE"": 91, ""Handwerker Partei Deutschland"": 7, ""PdF"": 2, ""SPD"": 456, ""Team Freiheit"": 7, ""Tierschutzpartei"": 13, ""Volt"": 2, ""WLD"": 1, ""ÖDP"": 3}"
mv:WAHLKREIS:25,2026-09-20T19:55:35.777340+00:00,2026-09-20T19:50:37.039849+00:00,540,1,False,"{""AfD"": 258, ""BSW"": 19, ""CDU"": 15, ""Die Linke"": 32, ""Die PARTEI"": 5, ""GRÜNE"": 12, ""Handwerker Partei Deutschland"": 2, ""PIRATEN"": 2, ""SPD"": 184, ""Team Freiheit"": 4, ""Tierschutzpartei"": 7}"
mv:WAHLKREIS:26,2026-09-20T19:55:35.777340+00:00,2026-09-20T19:50:37.039849+00:00,861,1,False,"{""AfD"": 152, ""BSW"": 44, ""CDU"": 59, ""Die Linke"": 81, ""Die PARTEI"": 3, ""FDP"": 15, ""FREIE WÄHLER"": 6, ""GRÜNE"": 125, ""Handwerker Partei Deutschland"": 7, ""PIRATEN"": 5, ""PdF"": 2, ""SPD"": 344, ""Team Freiheit"": 4, ""Tierschutzpartei"": 7, ""Volt"": 4, ""ÖDP"": 3}"
mv:WAHLKREIS:29,2026-09-20T19:55:35.777340+00:00,2026-09-20T19:50:37.039849+00:00,1250,1,False,"{""AfD"": 407, ""BSW"": 41, ""Bündnis C"": 2, ""CDU"": 106, ""Die Linke"": 54, ""Die PARTEI"": 5, ""FDP"": 30, ""FREIE WÄHLER"": 3, ""GRÜNE"": 43, ""Handwerker Partei Deutschland"": 15, ""PIRATEN"": 2, ""PdF"": 2, ""SPD"": 517, ""Team Freiheit"": 5, ""Tierschutzpartei"": 14, ""Volt"": 3, ""ÖDP"": 1}"
mv:WAHLKREIS:3,2026-09-20T19:55:35.777340+00:00,2026-09-20T19:50:37.039849+00:00,745,1,False,"{""AfD"": 398, ""BSW"": 42, ""Bündnis C"": 2, ""CDU"": 5, ""Die Linke"": 58, ""FDP"": 3, ""FREIE WÄHLER"": 2, ""GRÜNE"": 17, ""Handwerker Partei Deutschland"": 2, ""KPD"": 3, ""SPD"": 202, ""Team Freiheit"": 1, ""Tierschutzpartei"": 5, ""Volt"": 3, ""WLD"": 1, ""ÖDP"": 1}"
mv:WAHLKREIS:30,2026-09-20T19:55:35.777340+00:00,2026-09-20T19:50:37.039849+00:00,519,1,False,"{""AfD"": 159, ""BSW"": 26, ""Bündnis C"": 3, ""CDU"": 35, ""Die Linke"": 40, ""FDP"": 5, ""FREIE WÄHLER"": 2, ""GRÜNE"": 13, ""Handwerker Partei Deutschland"": 4, ""PIRATEN"": 1, ""PdF"": 1, ""SPD"": 222, ""Tierschutzpartei"": 7, ""Volt"": 1}"
mv:WAHLKREIS:32,2026-09-20T19:55:35.777340+00:00,2026-09-20T19:50:37.039849+00:00,1272,2,False,"{""AfD"": 394, ""BSW"": 77, ""CDU"": 89, ""Die Linke"": 71, ""Die PARTEI"": 3, ""FDP"": 24, ""FREIE WÄHLER"": 2, ""GRÜNE"": 70, ""Handwerker Partei Deutschland"": 6, ""KPD"": 2, ""PdF"": 3, ""SPD"": 509, ""Team Freiheit"": 2, ""Tierschutzpartei"": 11, ""Volt"": 6, ""WLD"": 2, ""ÖDP"": 1}"
mv:WAHLKREIS:34,2026-09-20T19:55:35.777340+00:00,2026-09-20T19:50:37.039849+00:00,593,1,False,"{""AfD"": 348, ""BSW"": 24, ""CDU"": 9, ""Die Linke"": 46, ""Die PARTEI"": 1, ""FDP"": 2, ""FREIE WÄHLER"": 1, ""GRÜNE"": 7, ""Handwerker Partei Deutschland"": 1, ""PIRATEN"": 1, ""SPD"": 144, ""Team Freiheit"": 2, ""Tierschutzpartei"": 6, ""ÖDP"": 1}"
mv:WAHLKREIS:6,2026-09-20T19:55:35.777340+00:00,2026-09-20T19:50:37.039849+00:00,2379,3,False,"{""AfD"": 410, ""BSW"": 91, ""Bündnis C"": 1, ""CDU"": 100, ""Die Linke"": 388, ""Die PARTEI"": 8, ""FDP"": 27, ""FREIE WÄHLER"": 11, ""GRÜNE"": 253, ""Handwerker Partei Deutschland"": 10, ""KPD"": 2, ""PIRATEN"": 6, ""PdF"": 6, ""SPD"": 998, ""Team Freiheit"": 8, ""Tierschutzpartei"": 27, ""Volt"": 22, ""WLD"": 4, ""ÖDP"": 7}"
mv:GEMEINDE:13003000,2026-09-20T20:00:06.178808+00:00,2026-09-20T19:55:35.777340+00:00,1036,1,False,"{""AfD"": 106, ""BSW"": 48, ""Bündnis C"": 1, ""CDU"": 71, ""Die Linke"": 148, ""Die PARTEI"": 4, ""FDP"": 22, ""FREIE WÄHLER"": 1, ""GRÜNE"": 231, ""Handwerker Partei Deutschland"": 5, ""PIRATEN"": 3, ""SPD"": 381, ""Team Freiheit"": 3, ""Tierschutzpartei"": 6, ""Volt"": 5, ""WLD"": 1}"
mv:GEMEINDE:13071077,2026-09-20T20:00:06.178808+00:00,2026-09-20T19:55:35.777340+00:00,589,1,False,"{""AfD"": 264, ""BSW"": 35, ""CDU"": 23, ""Die Linke"": 22, ""Die PARTEI"": 1, ""FDP"": 5, ""GRÜNE"": 20, ""Handwerker Partei Deutschland"": 3, ""PIRATEN"": 2, ""SPD"": 207, ""Team Freiheit"": 1, ""Tierschutzpartei"": 4, ""Volt"": 1, ""ÖDP"": 1}"
mv:GEMEINDE:13071144,2026-09-20T20:00:06.178808+00:00,2026-09-20T19:55:35.777340+00:00,247,1,False,"{""AfD"": 124, ""BSW"": 21, ""CDU"": 5, ""Die Linke"": 5, ""Die PARTEI"": 1, ""FDP"": 1, ""GRÜNE"": 4, ""Handwerker Partei Deutschland"": 1, ""SPD"": 83, ""Team Freiheit"": 1, ""Tierschutzpartei"": 1}"
mv:GEMEINDE:13072043,2026-09-20T20:00:06.178808+00:00,2026-09-20T19:55:35.777340+00:00,888,1,False,"{""AfD"": 208, ""BSW"": 40, ""CDU"": 65, ""Die Linke"": 82, ""Die PARTEI"": 1, ""FDP"": 10, ""FREIE WÄHLER"": 2, ""GRÜNE"": 52, ""Handwerker Partei Deutschland"": 2, ""PIRATEN"": 1, ""PdF"": 2, ""SPD"": 413, ""Team Freiheit"": 1, ""Tierschutzpartei"": 4, ""Volt"": 2, ""ÖDP"": 3}"
mv:GEMEINDE:13073762,2026-09-20T20:00:06.178808+00:00,2026-09-20T19:55:35.777340+00:00,860,1,False,"{""AfD"": 213, ""BSW"": 41, ""CDU"": 93, ""Die Linke"": 61, ""Die PARTEI"": 2, ""FDP"": 16, ""FREIE WÄHLER"": 3, ""GRÜNE"": 53, ""Handwerker Partei Deutschland"": 7, ""KPD"": 2, ""PIRATEN"": 2, ""SPD"": 335, ""Team Freiheit"": 3, ""Tierschutzpartei"": 24, ""Volt"": 5}"
mv:GEMEINDE:13074755,2026-09-20T20:00:06.178808+00:00,2026-09-20T19:55:35.777340+00:00,953,1,False,"{""AfD"": 226, ""BSW"": 57, ""Bündnis C"": 1, ""CDU"": 74, ""Die Linke"": 65, ""Die PARTEI"": 1, ""FDP"": 12, ""FREIE WÄHLER"": 7, ""GRÜNE"": 74, ""Handwerker Partei Deutschland"": 7, ""SPD"": 416, ""Team Freiheit"": 3, ""Tierschutzpartei"": 8, ""Volt"": 1, ""WLD"": 1}"
mv:WAHLKREIS:16,2026-09-20T20:00:06.178808+00:00,2026-09-20T19:55:35.777340+00:00,888,1,False,"{""AfD"": 208, ""BSW"": 40, ""CDU"": 65, ""Die Linke"": 82, ""Die PARTEI"": 1, ""FDP"": 10, ""FREIE WÄHLER"": 2, ""GRÜNE"": 52, ""Handwerker Partei Deutschland"": 2, ""PIRATEN"": 1, ""PdF"": 2, ""SPD"": 413, ""Team Freiheit"": 1, ""Tierschutzpartei"": 4, ""Volt"": 2, ""ÖDP"": 3}"
mv:WAHLKREIS:20,2026-09-20T20:00:06.178808+00:00,2026-09-20T19:55:35.777340+00:00,836,2,False,"{""AfD"": 388, ""BSW"": 56, ""CDU"": 28, ""Die Linke"": 27, ""Die PARTEI"": 2, ""FDP"": 6, ""GRÜNE"": 24, ""Handwerker Partei Deutschland"": 4, ""PIRATEN"": 2, ""SPD"": 290, ""Team Freiheit"": 2, ""Tierschutzpartei"": 5, ""Volt"": 1, ""ÖDP"": 1}"
mv:WAHLKREIS:28,2026-09-20T20:00:06.178808+00:00,2026-09-20T19:55:35.777340+00:00,953,1,False,"{""AfD"": 226, ""BSW"": 57, ""Bündnis C"": 1, ""CDU"": 74, ""Die Linke"": 65, ""Die PARTEI"": 1, ""FDP"": 12, ""FREIE WÄHLER"": 7, ""GRÜNE"": 74, ""Handwerker Partei Deutschland"": 7, ""SPD"": 416, ""Team Freiheit"": 3, ""Tierschutzpartei"": 8, ""Volt"": 1, ""WLD"": 1}"
mv:WAHLKREIS:33,2026-09-20T20:00:06.178808+00:00,2026-09-20T19:55:35.777340+00:00,860,1,False,"{""AfD"": 213, ""BSW"": 41, ""CDU"": 93, ""Die Linke"": 61, ""Die PARTEI"": 2, ""FDP"": 16, ""FREIE WÄHLER"": 3, ""GRÜNE"": 53, ""Handwerker Partei Deutschland"": 7, ""KPD"": 2, ""PIRATEN"": 2, ""SPD"": 335, ""Team Freiheit"": 3, ""Tierschutzpartei"": 24, ""Volt"": 5}"
mv:WAHLKREIS:7,2026-09-20T20:00:06.178808+00:00,2026-09-20T19:55:35.777340+00:00,1036,1,False,"{""AfD"": 106, ""BSW"": 48, ""Bündnis C"": 1, ""CDU"": 71, ""Die Linke"": 148, ""Die PARTEI"": 4, ""FDP"": 22, ""FREIE WÄHLER"": 1, ""GRÜNE"": 231, ""Handwerker Partei Deutschland"": 5, ""PIRATEN"": 3, ""SPD"": 381, ""Team Freiheit"": 3, ""Tierschutzpartei"": 6, ""Volt"": 5, ""WLD"": 1}"
mv:GEMEINDE:13004000,2026-09-20T20:04:35.928071+00:00,2026-09-20T20:00:06.178808+00:00,866,1,False,"{""AfD"": 353, ""BSW"": 49, ""Bündnis C"": 3, ""CDU"": 20, ""Die Linke"": 57, ""Die PARTEI"": 4, ""FDP"": 3, ""FREIE WÄHLER"": 1, ""GRÜNE"": 33, ""Handwerker Partei Deutschland"": 4, ""PIRATEN"": 3, ""SPD"": 325, ""Team Freiheit"": 1, ""Tierschutzpartei"": 9, ""Volt"": 1}"
mv:GEMEINDE:13071103,2026-09-20T20:04:35.928071+00:00,2026-09-20T20:00:06.178808+00:00,419,1,False,"{""AfD"": 244, ""BSW"": 7, ""Bündnis C"": 17, ""CDU"": 12, ""Die Linke"": 4, ""GRÜNE"": 16, ""Handwerker Partei Deutschland"": 2, ""PIRATEN"": 1, ""SPD"": 110, ""Tierschutzpartei"": 5, ""Volt"": 1}"
mv:GEMEINDE:13071107,2026-09-20T20:04:35.928071+00:00,2026-09-20T20:00:06.178808+00:00,847,1,False,"{""AfD"": 418, ""BSW"": 38, ""Bündnis C"": 1, ""CDU"": 17, ""Die Linke"": 49, ""Die PARTEI"": 1, ""FDP"": 2, ""FREIE WÄHLER"": 2, ""GRÜNE"": 11, ""Handwerker Partei Deutschland"": 4, ""KPD"": 2, ""PIRATEN"": 3, ""PdF"": 1, ""SPD"": 280, ""Team Freiheit"": 5, ""Tierschutzpartei"": 9, ""Volt"": 3, ""WLD"": 1}"
mv:GEMEINDE:13071154,2026-09-20T20:04:35.928071+00:00,2026-09-20T20:00:06.178808+00:00,199,1,False,"{""AfD"": 99, ""BSW"": 14, ""CDU"": 2, ""Die Linke"": 6, ""Die PARTEI"": 1, ""FDP"": 1, ""FREIE WÄHLER"": 1, ""GRÜNE"": 7, ""Handwerker Partei Deutschland"": 1, ""SPD"": 62, ""Tierschutzpartei"": 4, ""Volt"": 1}"
mv:GEMEINDE:13071760,2026-09-20T20:04:35.928071+00:00,2026-09-20T20:00:06.178808+00:00,730,1,False,"{""AfD"": 175, ""BSW"": 33, ""CDU"": 59, ""Die Linke"": 55, ""Die PARTEI"": 1, ""FDP"": 8, ""FREIE WÄHLER"": 2, ""GRÜNE"": 53, ""Handwerker Partei Deutschland"": 11, ""KPD"": 1, ""PIRATEN"": 1, ""SPD"": 320, ""Team Freiheit"": 1, ""Tierschutzpartei"": 4, ""Volt"": 2, ""ÖDP"": 4}"
mv:GEMEINDE:13072006,2026-09-20T20:04:35.928071+00:00,2026-09-20T20:00:06.178808+00:00,1396,1,False,"{""AfD"": 254, ""BSW"": 67, ""Bündnis C"": 1, ""CDU"": 98, ""Die Linke"": 124, ""Die PARTEI"": 5, ""FDP"": 28, ""FREIE WÄHLER"": 5, ""GRÜNE"": 115, ""Handwerker Partei Deutschland"": 8, ""KPD"": 1, ""PIRATEN"": 8, ""PdF"": 1, ""SPD"": 657, ""Team Freiheit"": 5, ""Tierschutzpartei"": 15, ""Volt"": 1, ""WLD"": 1, ""ÖDP"": 2}"
mv:GEMEINDE:13073022,2026-09-20T20:04:35.928071+00:00,2026-09-20T20:00:06.178808+00:00,377,1,False,"{""AfD"": 208, ""BSW"": 15, ""CDU"": 16, ""Die Linke"": 22, ""FDP"": 5, ""FREIE WÄHLER"": 2, ""GRÜNE"": 8, ""KPD"": 1, ""SPD"": 93, ""Team Freiheit"": 2, ""Tierschutzpartei"": 4, ""Volt"": 1}"
mv:GEMEINDE:13074754,2026-09-20T20:04:35.928071+00:00,2026-09-20T20:00:06.178808+00:00,909,1,False,"{""AfD"": 205, ""BSW"": 51, ""CDU"": 61, ""Die Linke"": 69, ""Die PARTEI"": 2, ""FDP"": 18, ""FREIE WÄHLER"": 2, ""GRÜNE"": 64, ""Handwerker Partei Deutschland"": 11, ""PIRATEN"": 1, ""SPD"": 402, ""Team Freiheit"": 3, ""Tierschutzpartei"": 10, ""Volt"": 5, ""WLD"": 3, ""ÖDP"": 2}"
mv:GEMEINDE:13074759,2026-09-20T20:04:35.928071+00:00,2026-09-20T20:00:06.178808+00:00,1077,1,False,"{""AfD"": 222, ""BSW"": 40, ""Bündnis C"": 1, ""CDU"": 76, ""Die Linke"": 80, ""Die PARTEI"": 6, ""FDP"": 15, ""FREIE WÄHLER"": 9, ""GRÜNE"": 72, ""Handwerker Partei Deutschland"": 10, ""KPD"": 1, ""PIRATEN"": 5, ""PdF"": 4, ""SPD"": 517, ""Tierschutzpartei"": 16, ""Volt"": 2, ""ÖDP"": 1}"
mv:GEMEINDE:13076159,2026-09-20T20:04:35.928071+00:00,2026-09-20T20:00:06.178808+00:00,652,1,False,"{""AfD"": 234, ""BSW"": 34, ""CDU"": 32, ""Die Linke"": 32, ""Die PARTEI"": 2, ""FDP"": 3, ""FREIE WÄHLER"": 3, ""GRÜNE"": 34, ""Handwerker Partei Deutschland"": 2, ""PdF"": 1, ""SPD"": 261, ""Team Freiheit"": 1, ""Tierschutzpartei"": 9, ""Volt"": 1, ""WLD"": 2, ""ÖDP"": 1}"
mv:GEMEINDE:13076759,2026-09-20T20:04:35.928071+00:00,2026-09-20T20:00:06.178808+00:00,1055,1,False,"{""AfD"": 262, ""BSW"": 67, ""CDU"": 69, ""Die Linke"": 73, ""Die PARTEI"": 4, ""FDP"": 21, ""FREIE WÄHLER"": 17, ""GRÜNE"": 41, ""Handwerker Partei Deutschland"": 7, ""PIRATEN"": 3, ""SPD"": 471, ""Tierschutzpartei"": 14, ""Volt"": 3, ""WLD"": 3}"
mv:WAHLKREIS:11,2026-09-20T20:04:35.928071+00:00,2026-09-20T20:00:06.178808+00:00,1396,1,False,"{""AfD"": 254, ""BSW"": 67, ""Bündnis C"": 1, ""CDU"": 98, ""Die Linke"": 124, ""Die PARTEI"": 5, ""FDP"": 28, ""FREIE WÄHLER"": 5, ""GRÜNE"": 115, ""Handwerker Partei Deutschland"": 8, ""KPD"": 1, ""PIRATEN"": 8, ""PdF"": 1, ""SPD"": 657, ""Team Freiheit"": 5, ""Tierschutzpartei"": 15, ""Volt"": 1, ""WLD"": 1, ""ÖDP"": 2}"
mv:WAHLKREIS:17,2026-09-20T20:04:35.928071+00:00,2026-09-20T20:00:06.178808+00:00,652,1,False,"{""AfD"": 234, ""BSW"": 34, ""CDU"": 32, ""Die Linke"": 32, ""Die PARTEI"": 2, ""FDP"": 3, ""FREIE WÄHLER"": 3, ""GRÜNE"": 34, ""Handwerker Partei Deutschland"": 2, ""PdF"": 1, ""SPD"": 261, ""Team Freiheit"": 1, ""Tierschutzpartei"": 9, ""Volt"": 1, ""WLD"": 2, ""ÖDP"": 1}"
mv:WAHLKREIS:19,2026-09-20T20:04:35.928071+00:00,2026-09-20T20:00:06.178808+00:00,1055,1,False,"{""AfD"": 262, ""BSW"": 67, ""CDU"": 69, ""Die Linke"": 73, ""Die PARTEI"": 4, ""FDP"": 21, ""FREIE WÄHLER"": 17, ""GRÜNE"": 41, ""Handwerker Partei Deutschland"": 7, ""PIRATEN"": 3, ""SPD"": 471, ""Tierschutzpartei"": 14, ""Volt"": 3, ""WLD"": 3}"
mv:WAHLKREIS:2,2026-09-20T20:04:35.928071+00:00,2026-09-20T20:00:06.178808+00:00,847,1,False,"{""AfD"": 418, ""BSW"": 38, ""Bündnis C"": 1, ""CDU"": 17, ""Die Linke"": 49, ""Die PARTEI"": 1, ""FDP"": 2, ""FREIE WÄHLER"": 2, ""GRÜNE"": 11, ""Handwerker Partei Deutschland"": 4, ""KPD"": 2, ""PIRATEN"": 3, ""PdF"": 1, ""SPD"": 280, ""Team Freiheit"": 5, ""Tierschutzpartei"": 9, ""Volt"": 3, ""WLD"": 1}"
mv:WAHLKREIS:20,2026-09-20T20:04:35.928071+00:00,2026-09-20T20:00:06.178808+00:00,1348,3,False,"{""AfD"": 518, ""BSW"": 54, ""Bündnis C"": 17, ""CDU"": 73, ""Die Linke"": 65, ""Die PARTEI"": 2, ""FDP"": 9, ""FREIE WÄHLER"": 3, ""GRÜNE"": 76, ""Handwerker Partei Deutschland"": 14, ""KPD"": 1, ""PIRATEN"": 2, ""SPD"": 492, ""Team Freiheit"": 1, ""Tierschutzpartei"": 13, ""Volt"": 4, ""ÖDP"": 4}"
mv:WAHLKREIS:23,2026-09-20T20:04:35.928071+00:00,2026-09-20T20:00:06.178808+00:00,377,1,False,"{""AfD"": 208, ""BSW"": 15, ""CDU"": 16, ""Die Linke"": 22, ""FDP"": 5, ""FREIE WÄHLER"": 2, ""GRÜNE"": 8, ""KPD"": 1, ""SPD"": 93, ""Team Freiheit"": 2, ""Tierschutzpartei"": 4, ""Volt"": 1}"
mv:WAHLKREIS:27,2026-09-20T20:04:35.928071+00:00,2026-09-20T20:00:06.178808+00:00,1986,2,False,"{""AfD"": 427, ""BSW"": 91, ""Bündnis C"": 1, ""CDU"": 137, ""Die Linke"": 149, ""Die PARTEI"": 8, ""FDP"": 33, ""FREIE WÄHLER"": 11, ""GRÜNE"": 136, ""Handwerker Partei Deutschland"": 21, ""KPD"": 1, ""PIRATEN"": 6, ""PdF"": 4, ""SPD"": 919, ""Team Freiheit"": 3, ""Tierschutzpartei"": 26, ""Volt"": 7, ""WLD"": 3, ""ÖDP"": 3}"
mv:WAHLKREIS:8,2026-09-20T20:04:35.928071+00:00,2026-09-20T20:00:06.178808+00:00,866,1,False,"{""AfD"": 353, ""BSW"": 49, ""Bündnis C"": 3, ""CDU"": 20, ""Die Linke"": 57, ""Die PARTEI"": 4, ""FDP"": 3, ""FREIE WÄHLER"": 1, ""GRÜNE"": 33, ""Handwerker Partei Deutschland"": 4, ""PIRATEN"": 3, ""SPD"": 325, ""Team Freiheit"": 1, ""Tierschutzpartei"": 9, ""Volt"": 1}"
mv:GEMEINDE:13072763,2026-09-20T20:09:36.932936+00:00,2026-09-20T20:04:35.928071+00:00,1682,1,False,"{""AfD"": 272, ""BSW"": 67, ""CDU"": 149, ""Die Linke"": 142, ""Die PARTEI"": 2, ""FDP"": 33, ""FREIE WÄHLER"": 11, ""GRÜNE"": 199, ""Handwerker Partei Deutschland"": 17, ""KPD"": 2, ""PIRATEN"": 3, ""PdF"": 6, ""SPD"": 753, ""Team Freiheit"": 4, ""Tierschutzpartei"": 10, ""Volt"": 7, ""WLD"": 1, ""ÖDP"": 4}"
mv:GEMEINDE:13074755,2026-09-20T20:09:36.932936+00:00,2026-09-20T20:04:35.928071+00:00,940,1,False,"{""AfD"": 200, ""BSW"": 44, ""CDU"": 63, ""Die Linke"": 63, ""FDP"": 19, ""FREIE WÄHLER"": 5, ""GRÜNE"": 66, ""Handwerker Partei Deutschland"": 8, ""KPD"": 1, ""PIRATEN"": 2, ""PdF"": 2, ""SPD"": 451, ""Team Freiheit"": 1, ""Tierschutzpartei"": 11, ""Volt"": 2, ""ÖDP"": 2}"
mv:GEMEINDE:13076025,2026-09-20T20:09:36.932936+00:00,2026-09-20T20:04:35.928071+00:00,566,1,False,"{""AfD"": 281, ""BSW"": 31, ""Bündnis C"": 5, ""CDU"": 20, ""Die Linke"": 19, ""Die PARTEI"": 2, ""FDP"": 2, ""GRÜNE"": 19, ""Handwerker Partei Deutschland"": 4, ""SPD"": 175, ""Tierschutzpartei"": 7, ""WLD"": 1}"
mv:WAHLKREIS:12,2026-09-20T20:09:36.932936+00:00,2026-09-20T20:04:35.928071+00:00,1682,1,False,"{""AfD"": 272, ""BSW"": 67, ""CDU"": 149, ""Die Linke"": 142, ""Die PARTEI"": 2, ""FDP"": 33, ""FREIE WÄHLER"": 11, ""GRÜNE"": 199, ""Handwerker Partei Deutschland"": 17, ""KPD"": 2, ""PIRATEN"": 3, ""PdF"": 6, ""SPD"": 753, ""Team Freiheit"": 4, ""Tierschutzpartei"": 10, ""Volt"": 7, ""WLD"": 1, ""ÖDP"": 4}"
mv:WAHLKREIS:28,2026-09-20T20:09:36.932936+00:00,2026-09-20T20:04:35.928071+00:00,940,1,False,"{""AfD"": 200, ""BSW"": 44, ""CDU"": 63, ""Die Linke"": 63, ""FDP"": 19, ""FREIE WÄHLER"": 5, ""GRÜNE"": 66, ""Handwerker Partei Deutschland"": 8, ""KPD"": 1, ""PIRATEN"": 2, ""PdF"": 2, ""SPD"": 451, ""Team Freiheit"": 1, ""Tierschutzpartei"": 11, ""Volt"": 2, ""ÖDP"": 2}"
mv:WAHLKREIS:32,2026-09-20T20:09:36.932936+00:00,2026-09-20T20:04:35.928071+00:00,566,1,False,"{""AfD"": 281, ""BSW"": 31, ""Bündnis C"": 5, ""CDU"": 20, ""Die Linke"": 19, ""Die PARTEI"": 2, ""FDP"": 2, ""GRÜNE"": 19, ""Handwerker Partei Deutschland"": 4, ""SPD"": 175, ""Tierschutzpartei"": 7, ""WLD"": 1}"
mv:GEMEINDE:13003000,2026-09-20T20:27:05.499344+00:00,2026-09-20T20:23:05.888089+00:00,807,1,False,"{""AfD"": 318, ""BSW"": 37, ""Bündnis C"": 1, ""CDU"": 20, ""Die Linke"": 69, ""Die PARTEI"": 5, ""FDP"": 3, ""FREIE WÄHLER"": 3, ""GRÜNE"": 37, ""Handwerker Partei Deutschland"": 2, ""KPD"": 2, ""PIRATEN"": 4, ""SPD"": 285, ""Team Freiheit"": 5, ""Tierschutzpartei"": 12, ""WLD"": 4}"
mv:GEMEINDE:13072050,2026-09-20T20:27:05.499344+00:00,2026-09-20T20:23:05.888089+00:00,378,1,False,"{""AfD"": 173, ""BSW"": 27, ""CDU"": 8, ""Die Linke"": 16, ""FDP"": 2, ""FREIE WÄHLER"": 4, ""GRÜNE"": 8, ""Handwerker Partei Deutschland"": 2, ""PdF"": 2, ""SPD"": 132, ""Team Freiheit"": 1, ""Tierschutzpartei"": 3}"
mv:GEMEINDE:13075039,2026-09-20T20:27:05.499344+00:00,2026-09-20T20:23:05.888089+00:00,919,1,False,"{""AfD"": 219, ""BSW"": 34, ""Bündnis C"": 1, ""CDU"": 56, ""Die Linke"": 94, ""Die PARTEI"": 2, ""FDP"": 16, ""FREIE WÄHLER"": 2, ""GRÜNE"": 150, ""Handwerker Partei Deutschland"": 3, ""KPD"": 1, ""SPD"": 320, ""Team Freiheit"": 2, ""Tierschutzpartei"": 13, ""Volt"": 4, ""WLD"": 1, ""ÖDP"": 1}"
mv:WAHLKREIS:1,2026-09-20T20:27:05.499344+00:00,2026-09-20T20:23:05.888089+00:00,919,1,False,"{""AfD"": 219, ""BSW"": 34, ""Bündnis C"": 1, ""CDU"": 56, ""Die Linke"": 94, ""Die PARTEI"": 2, ""FDP"": 16, ""FREIE WÄHLER"": 2, ""GRÜNE"": 150, ""Handwerker Partei Deutschland"": 3, ""KPD"": 1, ""SPD"": 320, ""Team Freiheit"": 2, ""Tierschutzpartei"": 13, ""Volt"": 4, ""WLD"": 1, ""ÖDP"": 1}"
mv:WAHLKREIS:16,2026-09-20T20:27:05.499344+00:00,2026-09-20T20:23:05.888089+00:00,378,1,False,"{""AfD"": 173, ""BSW"": 27, ""CDU"": 8, ""Die Linke"": 16, ""FDP"": 2, ""FREIE WÄHLER"": 4, ""GRÜNE"": 8, ""Handwerker Partei Deutschland"": 2, ""PdF"": 2, ""SPD"": 132, ""Team Freiheit"": 1, ""Tierschutzpartei"": 3}"
mv:WAHLKREIS:5,2026-09-20T20:27:05.499344+00:00,2026-09-20T20:23:05.888089+00:00,807,1,False,"{""AfD"": 318, ""BSW"": 37, ""Bündnis C"": 1, ""CDU"": 20, ""Die Linke"": 69, ""Die PARTEI"": 5, ""FDP"": 3, ""FREIE WÄHLER"": 3, ""GRÜNE"": 37, ""Handwerker Partei Deutschland"": 2, ""KPD"": 2, ""PIRATEN"": 4, ""SPD"": 285, ""Team Freiheit"": 5, ""Tierschutzpartei"": 12, ""WLD"": 4}"
mv:GEMEINDE:13073010,2026-09-20T20:32:08.289077+00:00,2026-09-20T20:27:05.499344+00:00,957,1,False,"{""AfD"": 233, ""BSW"": 67, ""CDU"": 70, ""Die Linke"": 70, ""Die PARTEI"": 6, ""FDP"": 14, ""FREIE WÄHLER"": 3, ""GRÜNE"": 57, ""Handwerker Partei Deutschland"": 26, ""KPD"": 1, ""PIRATEN"": 3, ""PdF"": 2, ""SPD"": 374, ""Team Freiheit"": 7, ""Tierschutzpartei"": 19, ""Volt"": 1, ""ÖDP"": 4}"
mv:WAHLKREIS:34,2026-09-20T20:32:08.289077+00:00,2026-09-20T20:27:05.499344+00:00,957,1,False,"{""AfD"": 233, ""BSW"": 67, ""CDU"": 70, ""Die Linke"": 70, ""Die PARTEI"": 6, ""FDP"": 14, ""FREIE WÄHLER"": 3, ""GRÜNE"": 57, ""Handwerker Partei Deutschland"": 26, ""KPD"": 1, ""PIRATEN"": 3, ""PdF"": 2, ""SPD"": 374, ""Team Freiheit"": 7, ""Tierschutzpartei"": 19, ""Volt"": 1, ""ÖDP"": 4}"
mv:GEMEINDE:13003000,2026-09-20T20:37:05.878728+00:00,2026-09-20T20:32:08.289077+00:00,1043,1,False,"{""AfD"": 128, ""BSW"": 23, ""Bündnis C"": 2, ""CDU"": 72, ""Die Linke"": 145, ""Die PARTEI"": 2, ""FDP"": 27, ""FREIE WÄHLER"": 1, ""GRÜNE"": 202, ""Handwerker Partei Deutschland"": 4, ""KPD"": 1, ""PIRATEN"": 1, ""PdF"": 1, ""SPD"": 414, ""Team Freiheit"": 2, ""Tierschutzpartei"": 8, ""Volt"": 6, ""WLD"": 1, ""ÖDP"": 3}"
mv:WAHLKREIS:7,2026-09-20T20:37:05.878728+00:00,2026-09-20T20:32:08.289077+00:00,1043,1,False,"{""AfD"": 128, ""BSW"": 23, ""Bündnis C"": 2, ""CDU"": 72, ""Die Linke"": 145, ""Die PARTEI"": 2, ""FDP"": 27, ""FREIE WÄHLER"": 1, ""GRÜNE"": 202, ""Handwerker Partei Deutschland"": 4, ""KPD"": 1, ""PIRATEN"": 1, ""PdF"": 1, ""SPD"": 414, ""Team Freiheit"": 2, ""Tierschutzpartei"": 8, ""Volt"": 6, ""WLD"": 1, ""ÖDP"": 3}"
mv:GEMEINDE:13073754,2026-09-20T20:42:09.995712+00:00,2026-09-20T20:37:05.878728+00:00,699,1,False,"{""AfD"": 95, ""BSW"": 28, ""CDU"": 76, ""Die Linke"": 55, ""Die PARTEI"": 2, ""FDP"": 11, ""FREIE WÄHLER"": 1, ""GRÜNE"": 75, ""Handwerker Partei Deutschland"": 3, ""PIRATEN"": 1, ""PdF"": 2, ""SPD"": 343, ""Team Freiheit"": 2, ""Tierschutzpartei"": 5}"
mv:GEMEINDE:13075755,2026-09-20T20:42:09.995712+00:00,2026-09-20T20:37:05.878728+00:00,-32,0,True,"{""AfD"": -5, ""BSW"": 4, ""Bündnis C"": -3, ""CDU"": -31, ""Die Linke"": 8, ""Die PARTEI"": -3, ""FDP"": -7, ""FREIE WÄHLER"": -1, ""GRÜNE"": 14, ""Handwerker Partei Deutschland"": -9, ""KPD"": 2, ""PdF"": 1, ""SPD"": -5, ""Team Freiheit"": 2, ""Tierschutzpartei"": -1, ""Volt"": 1, ""WLD"": 3, ""ÖDP"": -2}"
mv:WAHLKREIS:23,2026-09-20T20:42:09.995712+00:00,2026-09-20T20:37:05.878728+00:00,699,1,False,"{""AfD"": 95, ""BSW"": 28, ""CDU"": 76, ""Die Linke"": 55, ""Die PARTEI"": 2, ""FDP"": 11, ""FREIE WÄHLER"": 1, ""GRÜNE"": 75, ""Handwerker Partei Deutschland"": 3, ""PIRATEN"": 1, ""PdF"": 2, ""SPD"": 343, ""Team Freiheit"": 2, ""Tierschutzpartei"": 5}"
mv:WAHLKREIS:29,2026-09-20T20:42:09.995712+00:00,2026-09-20T20:37:05.878728+00:00,-32,0,True,"{""AfD"": -5, ""BSW"": 4, ""Bündnis C"": -3, ""CDU"": -31, ""Die Linke"": 8, ""Die PARTEI"": -3, ""FDP"": -7, ""FREIE WÄHLER"": -1, ""GRÜNE"": 14, ""Handwerker Partei Deutschland"": -9, ""KPD"": 2, ""PdF"": 1, ""SPD"": -5, ""Team Freiheit"": 2, ""Tierschutzpartei"": -1, ""Volt"": 1, ""WLD"": 3, ""ÖDP"": -2}"
mv:GEMEINDE:13003000,2026-09-20T20:51:25.582181+00:00,2026-09-20T20:46:37.861542+00:00,618,1,False,"{""AfD"": 227, ""BSW"": 34, ""CDU"": 8, ""Die Linke"": 52, ""Die PARTEI"": 2, ""FDP"": 3, ""FREIE WÄHLER"": 4, ""GRÜNE"": 24, ""Handwerker Partei Deutschland"": 1, ""PIRATEN"": 3, ""SPD"": 251, ""Tierschutzpartei"": 5, ""Volt"": 2, ""WLD"": 1, ""ÖDP"": 1}"
mv:GEMEINDE:13072011,2026-09-20T20:51:25.582181+00:00,2026-09-20T20:46:37.861542+00:00,251,1,False,"{""AfD"": 82, ""BSW"": 10, ""CDU"": 7, ""Die Linke"": 5, ""FDP"": 2, ""FREIE WÄHLER"": 2, ""GRÜNE"": 22, ""Handwerker Partei Deutschland"": 1, ""SPD"": 115, ""Tierschutzpartei"": 3, ""WLD"": 2}"
mv:GEMEINDE:13073088,2026-09-20T20:51:25.582181+00:00,2026-09-20T20:46:37.861542+00:00,938,1,False,"{""AfD"": 218, ""BSW"": 38, ""CDU"": 69, ""Die Linke"": 62, ""Die PARTEI"": 1, ""FDP"": 17, ""FREIE WÄHLER"": 4, ""GRÜNE"": 99, ""Handwerker Partei Deutschland"": 8, ""KPD"": 1, ""PIRATEN"": 1, ""PdF"": 1, ""SPD"": 391, ""Team Freiheit"": 4, ""Tierschutzpartei"": 17, ""Volt"": 3, ""WLD"": 2, ""ÖDP"": 2}"
mv:GEMEINDE:13075039,2026-09-20T20:51:25.582181+00:00,2026-09-20T20:46:37.861542+00:00,964,1,False,"{""AfD"": 195, ""BSW"": 35, ""CDU"": 85, ""Die Linke"": 77, ""FDP"": 26, ""FREIE WÄHLER"": 4, ""GRÜNE"": 103, ""Handwerker Partei Deutschland"": 4, ""KPD"": 1, ""PIRATEN"": 3, ""SPD"": 418, ""Tierschutzpartei"": 9, ""Volt"": 1, ""WLD"": 1, ""ÖDP"": 2}"
mv:GEMEINDE:13075755,2026-09-20T20:51:25.582181+00:00,2026-09-20T20:46:37.861542+00:00,1112,1,False,"{""AfD"": 235, ""BSW"": 38, ""Bündnis C"": 3, ""CDU"": 94, ""Die Linke"": 81, ""Die PARTEI"": 5, ""FDP"": 26, ""FREIE WÄHLER"": 4, ""GRÜNE"": 118, ""Handwerker Partei Deutschland"": 17, ""PIRATEN"": 2, ""SPD"": 472, ""Team Freiheit"": 1, ""Tierschutzpartei"": 10, ""Volt"": 3, ""ÖDP"": 3}"
mv:WAHLKREIS:1,2026-09-20T20:51:25.582181+00:00,2026-09-20T20:46:37.861542+00:00,964,1,False,"{""AfD"": 195, ""BSW"": 35, ""CDU"": 85, ""Die Linke"": 77, ""FDP"": 26, ""FREIE WÄHLER"": 4, ""GRÜNE"": 103, ""Handwerker Partei Deutschland"": 4, ""KPD"": 1, ""PIRATEN"": 3, ""SPD"": 418, ""Tierschutzpartei"": 9, ""Volt"": 1, ""WLD"": 1, ""ÖDP"": 2}"
mv:WAHLKREIS:15,2026-09-20T20:51:25.582181+00:00,2026-09-20T20:46:37.861542+00:00,251,1,False,"{""AfD"": 82, ""BSW"": 10, ""CDU"": 7, ""Die Linke"": 5, ""FDP"": 2, ""FREIE WÄHLER"": 2, ""GRÜNE"": 22, ""Handwerker Partei Deutschland"": 1, ""SPD"": 115, ""Tierschutzpartei"": 3, ""WLD"": 2}"
mv:WAHLKREIS:24,2026-09-20T20:51:25.582181+00:00,2026-09-20T20:46:37.861542+00:00,938,1,False,"{""AfD"": 218, ""BSW"": 38, ""CDU"": 69, ""Die Linke"": 62, ""Die PARTEI"": 1, ""FDP"": 17, ""FREIE WÄHLER"": 4, ""GRÜNE"": 99, ""Handwerker Partei Deutschland"": 8, ""KPD"": 1, ""PIRATEN"": 1, ""PdF"": 1, ""SPD"": 391, ""Team Freiheit"": 4, ""Tierschutzpartei"": 17, ""Volt"": 3, ""WLD"": 2, ""ÖDP"": 2}"
mv:WAHLKREIS:29,2026-09-20T20:51:25.582181+00:00,2026-09-20T20:46:37.861542+00:00,1112,1,False,"{""AfD"": 235, ""BSW"": 38, ""Bündnis C"": 3, ""CDU"": 94, ""Die Linke"": 81, ""Die PARTEI"": 5, ""FDP"": 26, ""FREIE WÄHLER"": 4, ""GRÜNE"": 118, ""Handwerker Partei Deutschland"": 17, ""PIRATEN"": 2, ""SPD"": 472, ""Team Freiheit"": 1, ""Tierschutzpartei"": 10, ""Volt"": 3, ""ÖDP"": 3}"
mv:WAHLKREIS:5,2026-09-20T20:51:25.582181+00:00,2026-09-20T20:46:37.861542+00:00,618,1,False,"{""AfD"": 227, ""BSW"": 34, ""CDU"": 8, ""Die Linke"": 52, ""Die PARTEI"": 2, ""FDP"": 3, ""FREIE WÄHLER"": 4, ""GRÜNE"": 24, ""Handwerker Partei Deutschland"": 1, ""PIRATEN"": 3, ""SPD"": 251, ""Tierschutzpartei"": 5, ""Volt"": 2, ""WLD"": 1, ""ÖDP"": 1}"
mv:GEMEINDE:13072089,2026-09-20T20:59:41.223207+00:00,2026-09-20T20:56:07.422448+00:00,527,1,False,"{""AfD"": 250, ""BSW"": 42, ""CDU"": 12, ""Die Linke"": 23, ""Die PARTEI"": 3, ""FDP"": 5, ""FREIE WÄHLER"": 2, ""GRÜNE"": 4, ""Handwerker Partei Deutschland"": 1, ""PdF"": 1, ""SPD"": 175, ""Team Freiheit"": 1, ""Tierschutzpartei"": 7, ""ÖDP"": 1}"
mv:WAHLKREIS:16,2026-09-20T21:04:08.478994+00:00,2026-09-20T20:59:41.223207+00:00,527,1,False,"{""AfD"": 250, ""BSW"": 42, ""CDU"": 12, ""Die Linke"": 23, ""Die PARTEI"": 3, ""FDP"": 5, ""FREIE WÄHLER"": 2, ""GRÜNE"": 4, ""Handwerker Partei Deutschland"": 1, ""PdF"": 1, ""SPD"": 175, ""Team Freiheit"": 1, ""Tierschutzpartei"": 7, ""ÖDP"": 1}"
mv:GEMEINDE:13003000,2026-09-20T21:08:58.667304+00:00,2026-09-20T21:04:08.478994+00:00,682,1,False,"{""AfD"": 287, ""BSW"": 44, ""CDU"": 12, ""Die Linke"": 79, ""Die PARTEI"": 3, ""FDP"": 5, ""FREIE WÄHLER"": 3, ""GRÜNE"": 20, ""Handwerker Partei Deutschland"": 4, ""KPD"": 2, ""PIRATEN"": 4, ""PdF"": 1, ""SPD"": 210, ""Team Freiheit"": 2, ""Tierschutzpartei"": 4, ""Volt"": 1, ""ÖDP"": 1}"
mv:GEMEINDE:13071107,2026-09-20T21:08:58.667304+00:00,2026-09-20T21:04:08.478994+00:00,539,1,False,"{""AfD"": 115, ""BSW"": 34, ""CDU"": 25, ""Die Linke"": 68, ""Die PARTEI"": 1, ""FDP"": 1, ""FREIE WÄHLER"": 2, ""GRÜNE"": 26, ""Handwerker Partei Deutschland"": 5, ""KPD"": 1, ""PIRATEN"": 1, ""SPD"": 245, ""Team Freiheit"": 2, ""Tierschutzpartei"": 13}"
mv:WAHLKREIS:2,2026-09-20T21:08:58.667304+00:00,2026-09-20T21:04:08.478994+00:00,539,1,False,"{""AfD"": 115, ""BSW"": 34, ""CDU"": 25, ""Die Linke"": 68, ""Die PARTEI"": 1, ""FDP"": 1, ""FREIE WÄHLER"": 2, ""GRÜNE"": 26, ""Handwerker Partei Deutschland"": 5, ""KPD"": 1, ""PIRATEN"": 1, ""SPD"": 245, ""Team Freiheit"": 2, ""Tierschutzpartei"": 13}"
mv:WAHLKREIS:4,2026-09-20T21:08:58.667304+00:00,2026-09-20T21:04:08.478994+00:00,682,1,False,"{""AfD"": 287, ""BSW"": 44, ""CDU"": 12, ""Die Linke"": 79, ""Die PARTEI"": 3, ""FDP"": 5, ""FREIE WÄHLER"": 3, ""GRÜNE"": 20, ""Handwerker Partei Deutschland"": 4, ""KPD"": 2, ""PIRATEN"": 4, ""PdF"": 1, ""SPD"": 210, ""Team Freiheit"": 2, ""Tierschutzpartei"": 4, ""Volt"": 1, ""ÖDP"": 1}"
mv:GEMEINDE:13004000,2026-09-20T21:13:51.516648+00:00,2026-09-20T21:08:58.667304+00:00,496,1,False,"{""AfD"": 105, ""BSW"": 26, ""CDU"": 46, ""Die Linke"": 32, ""GRÜNE"": 47, ""PIRATEN"": 1, ""SPD"": 239}"
mv:WAHLKREIS:9,2026-09-20T21:13:51.516648+00:00,2026-09-20T21:08:58.667304+00:00,496,1,False,"{""AfD"": 105, ""BSW"": 26, ""CDU"": 46, ""Die Linke"": 32, ""GRÜNE"": 47, ""PIRATEN"": 1, ""SPD"": 239}"
mv:GEMEINDE:13072756,2026-09-20T21:19:09.958176+00:00,2026-09-20T21:13:51.516648+00:00,1831,1,False,"{""AfD"": 491, ""BSW"": 85, ""Bündnis C"": 16, ""CDU"": 128, ""Die Linke"": 126, ""Die PARTEI"": 6, ""FDP"": 23, ""FREIE WÄHLER"": 8, ""GRÜNE"": 95, ""Handwerker Partei Deutschland"": 11, ""PIRATEN"": 3, ""PdF"": 2, ""SPD"": 783, ""Team Freiheit"": 9, ""Tierschutzpartei"": 27, ""Volt"": 6, ""WLD"": 6, ""ÖDP"": 6}"
mv:GEMEINDE:13075761,2026-09-20T21:19:09.958176+00:00,2026-09-20T21:13:51.516648+00:00,2108,1,False,"{""AfD"": 618, ""BSW"": 102, ""Bündnis C"": 1, ""CDU"": 172, ""Die Linke"": 117, ""Die PARTEI"": 2, ""FDP"": 46, ""FREIE WÄHLER"": 11, ""GRÜNE"": 111, ""Handwerker Partei Deutschland"": 9, ""KPD"": 2, ""PIRATEN"": 4, ""PdF"": 2, ""SPD"": 875, ""Tierschutzpartei"": 30, ""Volt"": 1, ""WLD"": 4, ""ÖDP"": 1}"
mv:WAHLKREIS:15,2026-09-20T21:19:09.958176+00:00,2026-09-20T21:13:51.516648+00:00,1831,1,False,"{""AfD"": 491, ""BSW"": 85, ""Bündnis C"": 16, ""CDU"": 128, ""Die Linke"": 126, ""Die PARTEI"": 6, ""FDP"": 23, ""FREIE WÄHLER"": 8, ""GRÜNE"": 95, ""Handwerker Partei Deutschland"": 11, ""PIRATEN"": 3, ""PdF"": 2, ""SPD"": 783, ""Team Freiheit"": 9, ""Tierschutzpartei"": 27, ""Volt"": 6, ""WLD"": 6, ""ÖDP"": 6}"
mv:WAHLKREIS:30,2026-09-20T21:19:09.958176+00:00,2026-09-20T21:13:51.516648+00:00,2108,1,False,"{""AfD"": 618, ""BSW"": 102, ""Bündnis C"": 1, ""CDU"": 172, ""Die Linke"": 117, ""Die PARTEI"": 2, ""FDP"": 46, ""FREIE WÄHLER"": 11, ""GRÜNE"": 111, ""Handwerker Partei Deutschland"": 9, ""KPD"": 2, ""PIRATEN"": 4, ""PdF"": 2, ""SPD"": 875, ""Tierschutzpartei"": 30, ""Volt"": 1, ""WLD"": 4, ""ÖDP"": 1}"
mv:GEMEINDE:13076128,2026-09-20T21:30:39.603305+00:00,2026-09-20T21:26:38.061242+00:00,473,1,False,"{""AfD"": 261, ""BSW"": 27, ""Bündnis C"": 1, ""CDU"": 7, ""Die Linke"": 23, ""FDP"": 3, ""GRÜNE"": 7, ""Handwerker Partei Deutschland"": 2, ""PIRATEN"": 1, ""PdF"": 1, ""SPD"": 135, ""Team Freiheit"": 1, ""Tierschutzpartei"": 4}"
mv:WAHLKREIS:32,2026-09-20T21:30:39.603305+00:00,2026-09-20T21:26:38.061242+00:00,473,1,False,"{""AfD"": 261, ""BSW"": 27, ""Bündnis C"": 1, ""CDU"": 7, ""Die Linke"": 23, ""FDP"": 3, ""GRÜNE"": 7, ""Handwerker Partei Deutschland"": 2, ""PIRATEN"": 1, ""PdF"": 1, ""SPD"": 135, ""Team Freiheit"": 1, ""Tierschutzpartei"": 4}"
mv:GEMEINDE:13073009,2026-09-20T21:47:37.045351+00:00,2026-09-20T21:43:07.271372+00:00,585,1,False,"{""AfD"": 154, ""BSW"": 31, ""Bündnis C"": 3, ""CDU"": 38, ""Die Linke"": 36, ""Die PARTEI"": 2, ""FDP"": 5, ""FREIE WÄHLER"": 4, ""GRÜNE"": 27, ""Handwerker Partei Deutschland"": 1, ""PdF"": 1, ""SPD"": 272, ""Team Freiheit"": 1, ""Tierschutzpartei"": 9, ""ÖDP"": 1}"
mv:WAHLKREIS:25,2026-09-20T21:47:37.045351+00:00,2026-09-20T21:43:07.271372+00:00,585,1,False,"{""AfD"": 154, ""BSW"": 31, ""Bündnis C"": 3, ""CDU"": 38, ""Die Linke"": 36, ""Die PARTEI"": 2, ""FDP"": 5, ""FREIE WÄHLER"": 4, ""GRÜNE"": 27, ""Handwerker Partei Deutschland"": 1, ""PdF"": 1, ""SPD"": 272, ""Team Freiheit"": 1, ""Tierschutzpartei"": 9, ""ÖDP"": 1}"
mv:GEMEINDE:13004000,2026-09-20T22:05:20.792488+00:00,2026-09-20T22:02:09.083905+00:00,764,1,False,"{""AfD"": 97, ""BSW"": 27, ""Bündnis C"": 3, ""CDU"": 64, ""Die Linke"": 78, ""Die PARTEI"": 7, ""FDP"": 12, ""FREIE WÄHLER"": 2, ""GRÜNE"": 121, ""Handwerker Partei Deutschland"": 3, ""PdF"": 2, ""SPD"": 332, ""Team Freiheit"": 4, ""Tierschutzpartei"": 7, ""Volt"": 5}"
mv:WAHLKREIS:8,2026-09-20T22:05:20.792488+00:00,2026-09-20T22:02:09.083905+00:00,764,1,False,"{""AfD"": 97, ""BSW"": 27, ""Bündnis C"": 3, ""CDU"": 64, ""Die Linke"": 78, ""Die PARTEI"": 7, ""FDP"": 12, ""FREIE WÄHLER"": 2, ""GRÜNE"": 121, ""Handwerker Partei Deutschland"": 3, ""PdF"": 2, ""SPD"": 332, ""Team Freiheit"": 4, ""Tierschutzpartei"": 7, ""Volt"": 5}"
