{
  "type": "FeatureCollection",
  "features": [
    {
      "type": "Feature",
      "properties": {
        "ags": "15002000",
        "wahlkreis": "037",
        "wahlbezirk": "010101",
        "gemeinde": "Halle (Saale), Stadt",
        "name": "Stadtwerke/EVH",
        "wahlart": "U",
        "linke": 110,
        "spd": 52,
        "gruene": 217,
        "summe": 379,
        "gueltige_zweitstimmen": 670,
        "anteil_prozent": 56.56716417910448,
        "mehr_als_50_prozent": true
      },
      "geometry": {
        "type": "Polygon",
        "coordinates": [
          [
            [
              11.965700095261244,
              51.48296368697103
            ],
            [
              11.96569750411744,
              51.4829637975779
            ],
            [
              11.965603874865575,
              51.48300419856583
            ],
            [
              11.965546206084753,
              51.48308509656798
            ],
            [
              11.965380470210297,
              51.48339961675514
            ],
            [
              11.965725845927775,
              51.483521061370475
            ],
            [
              11.966164922539752,
              51.48350769394821
            ],
            [
              11.966424002236263,
              51.48353470192314
            ],
            [
              11.96672633542369,
              51.48352581085738
            ],
            [
              11.966848727453504,
              51.483480899458854
            ],
            [
              11.967410168486875,
              51.48346310017394
            ],
            [
              11.967971691355835,
              51.483323953294
            ],
            [
              11.96815176714449,
              51.483166690651615
            ],
            [
              11.968502817554015,
              51.48309507304223
            ],
            [
              11.968547660119588,
              51.48308593896114
            ],
            [
              11.968555249921934,
              51.48308432265184
            ],
            [
              11.968548561503354,
              51.48307199841977
            ],
            [
              11.96853964245985,
              51.483055545994425
            ],
            [
              11.968543432820468,
              51.48299805362365
            ],
            [
              11.968548397356438,
              51.4829221574508
            ],
            [
              11.968536877283952,
              51.48291897637938
            ],
            [
              11.968513348974952,
              51.48284441387256
            ],
            [
              11.968497488304417,
              51.48279433152864
            ],
            [
              11.968531639741808,
              51.482743985557946
            ],
            [
              11.968565928450719,
              51.482753363572186
            ],
            [
              11.968580054694765,
              51.48273061510771
            ],
            [
              11.968597469834316,
              51.48273441272177
            ],
            [
              11.96860784171752,
              51.482715509966845
            ],
            [
              11.968649901994633,
              51.48272461189868
            ],
            [
              11.968654014274255,
              51.48271897897137
            ],
            [
              11.968668674969,
              51.48269706833658
            ],
            [
              11.968692641144536,
              51.48265324343917
            ],
            [
              11.968711153791629,
              51.482619567654986
            ],
            [
              11.968722507853705,
              51.48259943959994
            ],
            [
              11.968751373624233,
              51.48257284777378
            ],
            [
              11.968812771092994,
              51.48251642948625
            ],
            [
              11.968841011608648,
              51.482490506203554
            ],
            [
              11.968867731179646,
              51.482465921620324
            ],
            [
              11.968919987447137,
              51.48245065611846
            ],
            [
              11.968944137710825,
              51.48239913503899
            ],
            [
              11.968995389201384,
              51.48228979417702
            ],
            [
              11.969075491572307,
              51.48230492787488
            ],
            [
              11.969074865021568,
              51.48230637818344
            ],
            [
              11.96915228748239,
              51.482320506653586
            ],
            [
              11.969218012759757,
              51.482333739998374
            ],
            [
              11.969242123865714,
              51.482338598052024
            ],
            [
              11.969244714315197,
              51.482335532109026
            ],
            [
              11.96926641442363,
              51.48233921718801
            ],
            [
              11.969280457960641,
              51.48230938740837
            ],
            [
              11.969312296980812,
              51.48224136117149
            ],
            [
              11.969408126756838,
              51.482242948563346
            ],
            [
              11.969449299749161,
              51.48224357205867
            ],
            [
              11.969481720106703,
              51.48224408409553
            ],
            [
              11.969522801515382,
              51.48224766279889
            ],
            [
              11.969541102543081,
              51.482248285809185
            ],
            [
              11.969543884151937,
              51.48224839076291
            ],
            [
              11.969680161935136,
              51.48225350268812
            ],
            [
              11.970063559337081,
              51.482280144615906
            ],
            [
              11.970166521657605,
              51.48223742902814
            ],
            [
              11.97018212956117,
              51.48219652788162
            ],
            [
              11.970187957057593,
              51.48216463265669
            ],
            [
              11.970268803552663,
              51.48172015319556
            ],
            [
              11.97026791498857,
              51.48171385076101
            ],
            [
              11.970232965708162,
              51.48148197347376
            ],
            [
              11.970125147396772,
              51.48123925834421
            ],
            [
              11.969916614027358,
              51.48096506609014
            ],
            [
              11.96974409351901,
              51.480654969791274
            ],
            [
              11.969823440941475,
              51.48045724792181
            ],
            [
              11.970147398390003,
              51.480264050123736
            ],
            [
              11.970435500602484,
              51.47999450160074
            ],
            [
              11.970536562693955,
              51.47949119434753
            ],
            [
              11.970529611223213,
              51.47919006393237
            ],
            [
              11.970500915427191,
              51.478956401433315
            ],
            [
              11.970465113355054,
              51.47866424142622
            ],
            [
              11.96992537578309,
              51.478637170256185
            ],
            [
              11.96947912689395,
              51.47863253801238
            ],
            [
              11.967953258812047,
              51.47878046551838
            ],
            [
              11.966765606520042,
              51.47901379064539
            ],
            [
              11.966139241684656,
              51.479346191615065
            ],
            [
              11.96585123555053,
              51.47945847387504
            ],
            [
              11.965707242567497,
              51.479503377955005
            ],
            [
              11.965692569332804,
              51.47989434011154
            ],
            [
              11.965793047646729,
              51.480361733699446
            ],
            [
              11.965915023133643,
              51.480869618855536
            ],
            [
              11.965885730292628,
              51.481467296099986
            ],
            [
              11.965878346818856,
              51.48178637952887
            ],
            [
              11.965870799901904,
              51.48220433318723
            ],
            [
              11.965791653842428,
              51.48222678207117
            ],
            [
              11.965690790828313,
              51.48226718321989
            ],
            [
              11.96561161331767,
              51.48233006200411
            ],
            [
              11.965186628159882,
              51.48273891378702
            ],
            [
              11.965677830820228,
              51.482756457510554
            ],
            [
              11.965673162049972,
              51.48290964238108
            ],
            [
              11.965700095261244,
              51.48296368697103
            ]
          ]
        ]
      }
    },
    {
      "type": "Feature",
      "properties": {
        "ags": "15002000",
        "wahlkreis": "037",
        "wahlbezirk": "010102",
        "gemeinde": "Halle (Saale), Stadt",
        "name": "BBS IV Friedrich List",
        "wahlart": "U",
        "linke": 85,
        "spd": 72,
        "gruene": 237,
        "summe": 394,
        "gueltige_zweitstimmen": 641,
        "anteil_prozent": 61.46645865834633,
        "mehr_als_50_prozent": true
      },
      "geometry": {
        "type": "Polygon",
        "coordinates": [
          [
            [
              11.969395520933567,
              51.483197665681026
            ],
            [
              11.96939552087818,
              51.48319774851817
            ],
            [
              11.969331980877572,
              51.48352205865122
            ],
            [
              11.969389325485773,
              51.48378271773123
            ],
            [
              11.969698933139078,
              51.48371537845849
            ],
            [
              11.970339418711067,
              51.4838323692643
            ],
            [
              11.970483380826202,
              51.483854877450135
            ],
            [
              11.971073499709862,
              51.483967390435446
            ],
            [
              11.971678078156842,
              51.48409785985099
            ],
            [
              11.97211706001124,
              51.48424629881569
            ],
            [
              11.972217788399103,
              51.48428223561188
            ],
            [
              11.972376101313888,
              51.48434969307397
            ],
            [
              11.972858263395489,
              51.484592493114754
            ],
            [
              11.973333104331592,
              51.4848307724076
            ],
            [
              11.973534603298623,
              51.484983611923255
            ],
            [
              11.973556295421504,
              51.48485329642603
            ],
            [
              11.9745218675457,
              51.4829750209341
            ],
            [
              11.974810044529445,
              51.4823908363302
            ],
            [
              11.975393630057352,
              51.481348328955676
            ],
            [
              11.975998704675543,
              51.480494585294615
            ],
            [
              11.976020344798261,
              51.48026991380965
            ],
            [
              11.975775763006858,
              51.48004513230064
            ],
            [
              11.975586030701704,
              51.47928613457704
            ],
            [
              11.975574715460146,
              51.479240684760704
            ],
            [
              11.97540204482958,
              51.47915075497528
            ],
            [
              11.974164091101251,
              51.47899959156784
            ],
            [
              11.97359570395449,
              51.47893014904516
            ],
            [
              11.97326743953646,
              51.47889867892279
            ],
            [
              11.971012091125202,
              51.47868238961643
            ],
            [
              11.970465113355054,
              51.47866424142622
            ],
            [
              11.970500915427191,
              51.478956401433315
            ],
            [
              11.970529611223213,
              51.47919006393237
            ],
            [
              11.970536562693955,
              51.47949119434753
            ],
            [
              11.970435500602484,
              51.47999450160074
            ],
            [
              11.970147398390003,
              51.480264050123736
            ],
            [
              11.969823440941475,
              51.48045724792181
            ],
            [
              11.96974409351901,
              51.480654969791274
            ],
            [
              11.969916614027358,
              51.48096506609014
            ],
            [
              11.970125147396772,
              51.48123925834421
            ],
            [
              11.970232965708162,
              51.48148197347376
            ],
            [
              11.97026791498857,
              51.48171385076101
            ],
            [
              11.970268803552663,
              51.48172015319556
            ],
            [
              11.970187957057593,
              51.48216463265669
            ],
            [
              11.97018212956117,
              51.48219652788162
            ],
            [
              11.970166653504084,
              51.48223734457871
            ],
            [
              11.970166521657605,
              51.48223742902814
            ],
            [
              11.970063559337081,
              51.482280144615906
            ],
            [
              11.969680161935136,
              51.48225350268812
            ],
            [
              11.969543884151937,
              51.48224839076291
            ],
            [
              11.969541102543081,
              51.482248285809185
            ],
            [
              11.969522801515382,
              51.48224766279889
            ],
            [
              11.969481720106703,
              51.48224408409553
            ],
            [
              11.969449299749161,
              51.48224357205867
            ],
            [
              11.969408126756838,
              51.482242948563346
            ],
            [
              11.969312296980812,
              51.48224136117149
            ],
            [
              11.969280457960641,
              51.48230938740837
            ],
            [
              11.96926641442363,
              51.48233921718801
            ],
            [
              11.969244714315197,
              51.482335532109026
            ],
            [
              11.969242123865714,
              51.482338598052024
            ],
            [
              11.969218012759757,
              51.482333739998374
            ],
            [
              11.96915228748239,
              51.482320506653586
            ],
            [
              11.969074865021568,
              51.48230637818344
            ],
            [
              11.969075491572307,
              51.48230492787488
            ],
            [
              11.968995389201384,
              51.48228979417702
            ],
            [
              11.968944137710825,
              51.48239913503899
            ],
            [
              11.968919987447137,
              51.48245065611846
            ],
            [
              11.968867731179646,
              51.482465921620324
            ],
            [
              11.968841011608648,
              51.482490506203554
            ],
            [
              11.968812771092994,
              51.48251642948625
            ],
            [
              11.968751373624233,
              51.48257284777378
            ],
            [
              11.968722507853705,
              51.48259943959994
            ],
            [
              11.968711153791629,
              51.482619567654986
            ],
            [
              11.968692641144536,
              51.48265324343917
            ],
            [
              11.968668674969,
              51.48269706833658
            ],
            [
              11.968654014274255,
              51.48271897897137
            ],
            [
              11.968649901994633,
              51.48272461189868
            ],
            [
              11.96860784171752,
              51.482715509966845
            ],
            [
              11.968597469834316,
              51.48273441272177
            ],
            [
              11.968580054694765,
              51.48273061510771
            ],
            [
              11.968565928450719,
              51.482753363572186
            ],
            [
              11.968531639741808,
              51.482743985557946
            ],
            [
              11.968497488304417,
              51.48279433152864
            ],
            [
              11.968513348974952,
              51.48284441387256
            ],
            [
              11.968536877283952,
              51.48291897637938
            ],
            [
              11.968548397356438,
              51.4829221574508
            ],
            [
              11.968543432820468,
              51.48299805362365
            ],
            [
              11.96853964245985,
              51.483055545994425
            ],
            [
              11.968548561503354,
              51.48307199841977
            ],
            [
              11.968555249921934,
              51.48308432265184
            ],
            [
              11.968579601849616,
              51.483129221431646
            ],
            [
              11.968665433658684,
              51.48312846262675
            ],
            [
              11.968690442807542,
              51.48312729860587
            ],
            [
              11.96869964137734,
              51.48312696696666
            ],
            [
              11.96871303813896,
              51.48312646912531
            ],
            [
              11.968733402028287,
              51.483126529957254
            ],
            [
              11.968836818563782,
              51.483138824482594
            ],
            [
              11.96897104507784,
              51.48315503302704
            ],
            [
              11.96913956587402,
              51.48317314362192
            ],
            [
              11.969256290317917,
              51.483185442919826
            ],
            [
              11.969395520933567,
              51.483197665681026
            ]
          ]
        ]
      }
    },
    {
      "type": "Feature",
      "properties": {
        "ags": "15002000",
        "wahlkreis": "037",
        "wahlbezirk": "010103",
        "gemeinde": "Halle (Saale), Stadt",
        "name": "Berufsbildende Schule V",
        "wahlart": "U",
        "linke": 141,
        "spd": 121,
        "gruene": 344,
        "summe": 606,
        "gueltige_zweitstimmen": 920,
        "anteil_prozent": 65.8695652173913,
        "mehr_als_50_prozent": true
      },
      "geometry": {
        "type": "Polygon",
        "coordinates": [
          [
            [
              11.971691305618275,
              51.48596291224677
            ],
            [
              11.973534603298623,
              51.484983611923255
            ],
            [
              11.973333104331592,
              51.4848307724076
            ],
            [
              11.972858263395489,
              51.484592493114754
            ],
            [
              11.972376101313888,
              51.48434969307397
            ],
            [
              11.972217788399103,
              51.48428223561188
            ],
            [
              11.97211706001124,
              51.48424629881569
            ],
            [
              11.971678078156842,
              51.48409785985099
            ],
            [
              11.971073499709862,
              51.483967390435446
            ],
            [
              11.970483380826202,
              51.483854877450135
            ],
            [
              11.970339418711067,
              51.4838323692643
            ],
            [
              11.969698933139078,
              51.48371537845849
            ],
            [
              11.969389325485773,
              51.48378271773123
            ],
            [
              11.969331980877572,
              51.48352205865122
            ],
            [
              11.969395520990046,
              51.483197581198105
            ],
            [
              11.969256290317917,
              51.483185442919826
            ],
            [
              11.96913956587402,
              51.48317314362192
            ],
            [
              11.96897104507784,
              51.48315503302704
            ],
            [
              11.968836818563782,
              51.483138824482594
            ],
            [
              11.968733402028287,
              51.483126529957254
            ],
            [
              11.96871303810109,
              51.48312652453295
            ],
            [
              11.968713038177206,
              51.48312641316909
            ],
            [
              11.96869964137734,
              51.48312696696666
            ],
            [
              11.968690442807542,
              51.48312729860587
            ],
            [
              11.968665433658684,
              51.48312846262675
            ],
            [
              11.968579601849616,
              51.483129221431646
            ],
            [
              11.968555249921934,
              51.48308432265184
            ],
            [
              11.968547660119588,
              51.48308593896114
            ],
            [
              11.968502817554015,
              51.48309507304223
            ],
            [
              11.96815176714449,
              51.483166690651615
            ],
            [
              11.967971691355835,
              51.483323953294
            ],
            [
              11.967410168486875,
              51.48346310017394
            ],
            [
              11.966848727453504,
              51.483480899458854
            ],
            [
              11.96672633542369,
              51.48352581085738
            ],
            [
              11.966424002236263,
              51.48353470192314
            ],
            [
              11.966164922539752,
              51.48350769394821
            ],
            [
              11.965725845927775,
              51.483521061370475
            ],
            [
              11.965380470210297,
              51.48339961675514
            ],
            [
              11.965546206084753,
              51.48308509656798
            ],
            [
              11.965603874865575,
              51.48300419856583
            ],
            [
              11.96569750411744,
              51.4829637975779
            ],
            [
              11.965700095261244,
              51.48296368697103
            ],
            [
              11.965673162049972,
              51.48290964238108
            ],
            [
              11.965677830820228,
              51.482756457510554
            ],
            [
              11.965186628159882,
              51.48273891378702
            ],
            [
              11.965172233259578,
              51.48275686598442
            ],
            [
              11.965100196563899,
              51.48282426472825
            ],
            [
              11.964927395297389,
              51.48291862402417
            ],
            [
              11.964689777758078,
              51.48297693764621
            ],
            [
              11.964596285865742,
              51.48295443592961
            ],
            [
              11.964473946192308,
              51.48292746482275
            ],
            [
              11.964265331108685,
              51.48278810229647
            ],
            [
              11.963811472854168,
              51.483205863647754
            ],
            [
              11.963444032682263,
              51.48365967225204
            ],
            [
              11.962903278641491,
              51.48481896113392
            ],
            [
              11.962261716146461,
              51.4860141838033
            ],
            [
              11.961930099959757,
              51.48652192592881
            ],
            [
              11.96222515900678,
              51.48669277159035
            ],
            [
              11.962635243377937,
              51.486895162544336
            ],
            [
              11.962843968119119,
              51.48691318304864
            ],
            [
              11.963117551804451,
              51.48692224863972
            ],
            [
              11.963498966584584,
              51.48701225928151
            ],
            [
              11.963657258203074,
              51.487106663703315
            ],
            [
              11.963822799940266,
              51.48717865036151
            ],
            [
              11.964017063879734,
              51.48719214887462
            ],
            [
              11.964348325627354,
              51.4871158532677
            ],
            [
              11.96506806582954,
              51.487241929913715
            ],
            [
              11.966090079245754,
              51.48736357438347
            ],
            [
              11.966435628936509,
              51.487408619662695
            ],
            [
              11.967421670777506,
              51.48750325050517
            ],
            [
              11.96816316072322,
              51.48745850790348
            ],
            [
              11.969048772964545,
              51.48721159549628
            ],
            [
              11.969696794031996,
              51.48694660455633
            ],
            [
              11.970769703796138,
              51.48639859902048
            ],
            [
              11.971734412868813,
              51.48616066308509
            ],
            [
              11.97173452663684,
              51.48597641742941
            ],
            [
              11.971691305618275,
              51.48596291224677
            ]
          ]
        ]
      }
    },
    {
      "type": "Feature",
      "properties": {
        "ags": "15002000",
        "wahlkreis": "037",
        "wahlbezirk": "010308",
        "gemeinde": "Halle (Saale), Stadt",
        "name": "Stadtwerke/EVH",
        "wahlart": "U",
        "linke": 97,
        "spd": 76,
        "gruene": 217,
        "summe": 390,
        "gueltige_zweitstimmen": 633,
        "anteil_prozent": 61.611374407582936,
        "mehr_als_50_prozent": true
      },
      "geometry": {
        "type": "Polygon",
        "coordinates": [
          [
            [
              11.960420542990224,
              51.484206971793796
            ],
            [
              11.960384037408087,
              51.484800183761735
            ],
            [
              11.960239690743276,
              51.48522255064216
            ],
            [
              11.960016275535517,
              51.48556855077682
            ],
            [
              11.959440173355215,
              51.485770554751156
            ],
            [
              11.95763286164677,
              51.486399110469755
            ],
            [
              11.957099968860033,
              51.486699989828395
            ],
            [
              11.956746870967718,
              51.487095342217536
            ],
            [
              11.956357722590559,
              51.487540089439605
            ],
            [
              11.957350551696498,
              51.48809324776794
            ],
            [
              11.95736461867212,
              51.488524704699785
            ],
            [
              11.958574140599023,
              51.48834083509552
            ],
            [
              11.959085372134622,
              51.48820171310869
            ],
            [
              11.959603854330185,
              51.48794125038978
            ],
            [
              11.959935275325769,
              51.48759534404636
            ],
            [
              11.96036029384998,
              51.487258391207284
            ],
            [
              11.9608571453352,
              51.48709678471834
            ],
            [
              11.960828423581106,
              51.4869484966986
            ],
            [
              11.960914852977739,
              51.48688110541739
            ],
            [
              11.961339644967362,
              51.48679587172749
            ],
            [
              11.961642097803244,
              51.48667011063172
            ],
            [
              11.961930099959757,
              51.48652192592881
            ],
            [
              11.962261716146461,
              51.4860141838033
            ],
            [
              11.962903278641491,
              51.48481896113392
            ],
            [
              11.963444032682263,
              51.48365967225204
            ],
            [
              11.963811472854168,
              51.483205863647754
            ],
            [
              11.964265331108685,
              51.48278810229647
            ],
            [
              11.964473946192308,
              51.48292746482275
            ],
            [
              11.964596285865742,
              51.48295443592961
            ],
            [
              11.964689777758078,
              51.48297693764621
            ],
            [
              11.964927395297389,
              51.48291862402417
            ],
            [
              11.965100196563899,
              51.48282426472825
            ],
            [
              11.965172233259578,
              51.48275686598442
            ],
            [
              11.965186628159882,
              51.48273891378702
            ],
            [
              11.96561161331767,
              51.48233006200411
            ],
            [
              11.965690790828313,
              51.48226718321989
            ],
            [
              11.965791653842428,
              51.48222678207117
            ],
            [
              11.965870799901904,
              51.48220433318723
            ],
            [
              11.965878346818856,
              51.48178637952887
            ],
            [
              11.965885730292628,
              51.481467296099986
            ],
            [
              11.965915023133643,
              51.480869618855536
            ],
            [
              11.965793047646729,
              51.480361733699446
            ],
            [
              11.965692569332804,
              51.47989434011154
            ],
            [
              11.965707242567497,
              51.479503377955005
            ],
            [
              11.965217746943264,
              51.479633556106094
            ],
            [
              11.96454835709394,
              51.47979964693422
            ],
            [
              11.963778125107945,
              51.47986231433935
            ],
            [
              11.962914453868462,
              51.479956397917846
            ],
            [
              11.959826410715046,
              51.48045425267284
            ],
            [
              11.960545049570277,
              51.48172180575163
            ],
            [
              11.96058053344887,
              51.48231052456281
            ],
            [
              11.96066645017429,
              51.482831897679496
            ],
            [
              11.960420542990224,
              51.484206971793796
            ]
          ]
        ]
      }
    },
    {
      "type": "Feature",
      "properties": {
        "ags": "15002000",
        "wahlkreis": "037",
        "wahlbezirk": "010307",
        "gemeinde": "Halle (Saale), Stadt",
        "name": "Grundschule Neumarkt",
        "wahlart": "U",
        "linke": 94,
        "spd": 95,
        "gruene": 173,
        "summe": 362,
        "gueltige_zweitstimmen": 621,
        "anteil_prozent": 58.293075684380035,
        "mehr_als_50_prozent": true
      },
      "geometry": {
        "type": "Polygon",
        "coordinates": [
          [
            [
              11.9608571453352,
              51.48709678471834
            ],
            [
              11.96036029384998,
              51.487258391207284
            ],
            [
              11.959935275325769,
              51.48759534404636
            ],
            [
              11.959603854330185,
              51.48794125038978
            ],
            [
              11.959085372134622,
              51.48820171310869
            ],
            [
              11.958574140599023,
              51.48834083509552
            ],
            [
              11.95736461867212,
              51.488524704699785
            ],
            [
              11.957054903887098,
              51.488654913754296
            ],
            [
              11.95627687388047,
              51.489328709245314
            ],
            [
              11.95590915811509,
              51.48993975136997
            ],
            [
              11.955923061805066,
              51.49043410904448
            ],
            [
              11.955951340958068,
              51.49093745138879
            ],
            [
              11.95574935558517,
              51.49141377134947
            ],
            [
              11.95545357261987,
              51.49197989296894
            ],
            [
              11.95543178375936,
              51.49224504608308
            ],
            [
              11.955589979959655,
              51.49243833029836
            ],
            [
              11.956115215231026,
              51.49275309517646
            ],
            [
              11.956208464814168,
              51.49304528086104
            ],
            [
              11.956856414112371,
              51.49302304836026
            ],
            [
              11.957741946142132,
              51.493045842893956
            ],
            [
              11.957655386324605,
              51.4932345742559
            ],
            [
              11.959822079856442,
              51.49352291467638
            ],
            [
              11.960959515423486,
              51.4935772220427
            ],
            [
              11.961269134209855,
              51.49359081934846
            ],
            [
              11.961305509666488,
              51.49315040387723
            ],
            [
              11.961341937829001,
              51.49264262266744
            ],
            [
              11.961795513948733,
              51.492597825193464
            ],
            [
              11.962473387875228,
              51.491150953559114
            ],
            [
              11.962516695774953,
              51.49106107382464
            ],
            [
              11.962020352781993,
              51.490562100235394
            ],
            [
              11.96235203230858,
              51.48990608150502
            ],
            [
              11.962445623283639,
              51.4899330450499
            ],
            [
              11.963295138702128,
              51.48990638014361
            ],
            [
              11.963907055149944,
              51.48986608556383
            ],
            [
              11.964634317842533,
              51.48956071541473
            ],
            [
              11.96495845133338,
              51.48936758825115
            ],
            [
              11.965484194591617,
              51.48904414337838
            ],
            [
              11.965894602361093,
              51.48885555493478
            ],
            [
              11.966002967077433,
              51.48835671614923
            ],
            [
              11.966010225876298,
              51.488325267034746
            ],
            [
              11.96607521439075,
              51.48801517828997
            ],
            [
              11.966262630721241,
              51.48762878348355
            ],
            [
              11.966435628936509,
              51.487408619662695
            ],
            [
              11.966090079245754,
              51.48736357438347
            ],
            [
              11.96506806582954,
              51.487241929913715
            ],
            [
              11.964348325627354,
              51.4871158532677
            ],
            [
              11.964017063879734,
              51.48719214887462
            ],
            [
              11.963822799940266,
              51.48717865036151
            ],
            [
              11.963657258203074,
              51.487106663703315
            ],
            [
              11.963498966584584,
              51.48701225928151
            ],
            [
              11.963117551804451,
              51.48692224863972
            ],
            [
              11.962843968119119,
              51.48691318304864
            ],
            [
              11.962635243377937,
              51.486895162544336
            ],
            [
              11.96222515900678,
              51.48669277159035
            ],
            [
              11.961930099959757,
              51.48652192592881
            ],
            [
              11.961642097803244,
              51.48667011063172
            ],
            [
              11.961339644967362,
              51.48679587172749
            ],
            [
              11.960914852977739,
              51.48688110541739
            ],
            [
              11.960828423581106,
              51.4869484966986
            ],
            [
              11.9608571453352,
              51.48709678471834
            ]
          ]
        ]
      }
    },
    {
      "type": "Feature",
      "properties": {
        "ags": "15002000",
        "wahlkreis": "037",
        "wahlbezirk": "010305",
        "gemeinde": "Halle (Saale), Stadt",
        "name": "Grundschule Neumarkt",
        "wahlart": "U",
        "linke": 101,
        "spd": 95,
        "gruene": 290,
        "summe": 486,
        "gueltige_zweitstimmen": 759,
        "anteil_prozent": 64.03162055335969,
        "mehr_als_50_prozent": true
      },
      "geometry": {
        "type": "Polygon",
        "coordinates": [
          [
            [
              11.968973740177942,
              51.49169661115281
            ],
            [
              11.969218861716977,
              51.49116189336251
            ],
            [
              11.969586577542465,
              51.49029914406481
            ],
            [
              11.970134480173153,
              51.48911283611177
            ],
            [
              11.969637801759244,
              51.48902733442821
            ],
            [
              11.967276974746412,
              51.488622239660614
            ],
            [
              11.967291486885046,
              51.48843799645126
            ],
            [
              11.966010225876298,
              51.488325267034746
            ],
            [
              11.966002967077433,
              51.48835671614923
            ],
            [
              11.965894602361093,
              51.48885555493478
            ],
            [
              11.965484194591617,
              51.48904414337838
            ],
            [
              11.96495845133338,
              51.48936758825115
            ],
            [
              11.964634317842533,
              51.48956071541473
            ],
            [
              11.963907055149944,
              51.48986608556383
            ],
            [
              11.963295138702128,
              51.48990638014361
            ],
            [
              11.962445623283639,
              51.4899330450499
            ],
            [
              11.96235203230858,
              51.48990608150502
            ],
            [
              11.962020352781993,
              51.490562100235394
            ],
            [
              11.962516695774953,
              51.49106107382464
            ],
            [
              11.962473387875228,
              51.491150953559114
            ],
            [
              11.963106819207681,
              51.49125900267924
            ],
            [
              11.964085726531158,
              51.49143457405
            ],
            [
              11.964568041036193,
              51.49151563483926
            ],
            [
              11.965942874060294,
              51.49168679407213
            ],
            [
              11.966778028881679,
              51.49167353693508
            ],
            [
              11.968973740177942,
              51.49169661115281
            ]
          ]
        ]
      }
    },
    {
      "type": "Feature",
      "properties": {
        "ags": "15002000",
        "wahlkreis": "037",
        "wahlbezirk": "010306",
        "gemeinde": "Halle (Saale), Stadt",
        "name": "Grundschule Neumarkt",
        "wahlart": "U",
        "linke": 112,
        "spd": 98,
        "gruene": 281,
        "summe": 491,
        "gueltige_zweitstimmen": 724,
        "anteil_prozent": 67.81767955801105,
        "mehr_als_50_prozent": true
      },
      "geometry": {
        "type": "Polygon",
        "coordinates": [
          [
            [
              11.969224159149729,
              51.493912259934156
            ],
            [
              11.97076537232326,
              51.49318012977068
            ],
            [
              11.968973740177942,
              51.49169661115281
            ],
            [
              11.966778028881679,
              51.49167353693508
            ],
            [
              11.965942874060294,
              51.49168679407213
            ],
            [
              11.964568041036193,
              51.49151563483926
            ],
            [
              11.964085726531158,
              51.49143457405
            ],
            [
              11.963106819207681,
              51.49125900267924
            ],
            [
              11.962473387875228,
              51.491150953559114
            ],
            [
              11.961795513948733,
              51.492597825193464
            ],
            [
              11.961341937829001,
              51.49264262266744
            ],
            [
              11.961305509666488,
              51.49315040387723
            ],
            [
              11.961269134209855,
              51.49359081934846
            ],
            [
              11.962384963147734,
              51.49363612754393
            ],
            [
              11.96391841832254,
              51.49369505115664
            ],
            [
              11.96609257679389,
              51.49375408443527
            ],
            [
              11.966177987366004,
              51.495075395602264
            ],
            [
              11.966206511768348,
              51.49540346576205
            ],
            [
              11.966545074883582,
              51.49519232617094
            ],
            [
              11.967661361119454,
              51.49465334093456
            ],
            [
              11.96838878986498,
              51.49430751949477
            ],
            [
              11.96905133359295,
              51.49399312872449
            ],
            [
              11.969224159149729,
              51.493912259934156
            ]
          ]
        ]
      }
    },
    {
      "type": "Feature",
      "properties": {
        "ags": "15002000",
        "wahlkreis": "037",
        "wahlbezirk": "010301",
        "gemeinde": "Halle (Saale), Stadt",
        "name": "BBS IV Friedrich List",
        "wahlart": "U",
        "linke": 125,
        "spd": 86,
        "gruene": 170,
        "summe": 381,
        "gueltige_zweitstimmen": 634,
        "anteil_prozent": 60.094637223974765,
        "mehr_als_50_prozent": true
      },
      "geometry": {
        "type": "Polygon",
        "coordinates": [
          [
            [
              11.981842309798461,
              51.48183036101774
            ],
            [
              11.982303354831684,
              51.48084178040521
            ],
            [
              11.982468920548756,
              51.48087771651766
            ],
            [
              11.98292942847439,
              51.481030579991064
            ],
            [
              11.983533953483088,
              51.48129582810288
            ],
            [
              11.984131195319629,
              51.481727361453075
            ],
            [
              11.984267836814649,
              51.48200151879132
            ],
            [
              11.984397276718731,
              51.48244196433119
            ],
            [
              11.984425899583583,
              51.48284191204521
            ],
            [
              11.984389695389234,
              51.48345760464664
            ],
            [
              11.984677642139083,
              51.483462104215924
            ],
            [
              11.984800472426812,
              51.48204201725062
            ],
            [
              11.984930291922971,
              51.48107133788408
            ],
            [
              11.985045742394183,
              51.4803343116285
            ],
            [
              11.985427663445366,
              51.478797372585895
            ],
            [
              11.985430546697174,
              51.47878395331193
            ],
            [
              11.985275755180272,
              51.478776078754585
            ],
            [
              11.985004980844574,
              51.47877440150055
            ],
            [
              11.984757198185434,
              51.47872460969401
            ],
            [
              11.984636513838266,
              51.478695474228346
            ],
            [
              11.984505480346682,
              51.478650998123406
            ],
            [
              11.984357945944534,
              51.47858718842935
            ],
            [
              11.984246864064596,
              51.478488167191905
            ],
            [
              11.984082012181496,
              51.47830736176814
            ],
            [
              11.984006006141122,
              51.47797155945406
            ],
            [
              11.984010452477781,
              51.47710746223172
            ],
            [
              11.98396015822201,
              51.47690519752214
            ],
            [
              11.983643499150729,
              51.47689617454434
            ],
            [
              11.983326838580686,
              51.476891614597186
            ],
            [
              11.983110576702678,
              51.477799432261925
            ],
            [
              11.983046280622071,
              51.4780237429671
            ],
            [
              11.983050175058066,
              51.47808572169415
            ],
            [
              11.983057639069342,
              51.47820448119942
            ],
            [
              11.98300047282617,
              51.47831148713586
            ],
            [
              11.98296995754639,
              51.47843752313912
            ],
            [
              11.982985134856301,
              51.47859210290819
            ],
            [
              11.983029137534539,
              51.47869134662907
            ],
            [
              11.9829562701845,
              51.478703811591224
            ],
            [
              11.98288411493079,
              51.47870783544305
            ],
            [
              11.982812824886562,
              51.47870520935765
            ],
            [
              11.9827613094803,
              51.47869447685988
            ],
            [
              11.982635642278874,
              51.47866829934935
            ],
            [
              11.982537811560997,
              51.47863116225338
            ],
            [
              11.982344682862369,
              51.47856976088314
            ],
            [
              11.982162268976257,
              51.478507014030235
            ],
            [
              11.98210757064633,
              51.47848819727394
            ],
            [
              11.981985741870393,
              51.47844628880457
            ],
            [
              11.981802237054753,
              51.47838770118835
            ],
            [
              11.981770607837323,
              51.47837931546184
            ],
            [
              11.981669144237905,
              51.47835241817201
            ],
            [
              11.98153503584683,
              51.47833287666285
            ],
            [
              11.981397897952078,
              51.47832089190998
            ],
            [
              11.98109740381282,
              51.47830447125749
            ],
            [
              11.980881274066979,
              51.47828933467764
            ],
            [
              11.980656753010544,
              51.47826725005927
            ],
            [
              11.980156612129278,
              51.47821805020919
            ],
            [
              11.97920396432161,
              51.47811894761101
            ],
            [
              11.978728563108826,
              51.478072223483025
            ],
            [
              11.978338200491441,
              51.4780338539167
            ],
            [
              11.978219200537715,
              51.478022157896724
            ],
            [
              11.978105641981275,
              51.478016537318496
            ],
            [
              11.978054727052173,
              51.478019808392226
            ],
            [
              11.978031707137768,
              51.478021286931074
            ],
            [
              11.977994618909026,
              51.478023669103194
            ],
            [
              11.977843052211883,
              51.4780533517533
            ],
            [
              11.97779612000671,
              51.4780702746044
            ],
            [
              11.977775130021415,
              51.47807784228802
            ],
            [
              11.977724081132969,
              51.478096245526984
            ],
            [
              11.977630660213668,
              51.478140794758254
            ],
            [
              11.977518414506948,
              51.47821639550084
            ],
            [
              11.976359407905038,
              51.478786920348824
            ],
            [
              11.976337773399159,
              51.478831862047684
            ],
            [
              11.97615055694948,
              51.479065534887255
            ],
            [
              11.97607137912042,
              51.4791688497207
            ],
            [
              11.975656523743707,
              51.47922882310613
            ],
            [
              11.975574715460146,
              51.479240684760704
            ],
            [
              11.975586030701704,
              51.47928613457704
            ],
            [
              11.975775763006858,
              51.48004513230064
            ],
            [
              11.976020344798261,
              51.48026991380965
            ],
            [
              11.976272322722547,
              51.48019356767819
            ],
            [
              11.976423335801421,
              51.48037784395074
            ],
            [
              11.976502440509886,
              51.48058909632588
            ],
            [
              11.976999031971651,
              51.48069252717038
            ],
            [
              11.976660241167496,
              51.48165417771145
            ],
            [
              11.977034528960331,
              51.481681241047475
            ],
            [
              11.977408699692136,
              51.48175771253251
            ],
            [
              11.980021159034216,
              51.482279472575414
            ],
            [
              11.980186883640066,
              51.481955953959734
            ],
            [
              11.980402905704373,
              51.48158297981421
            ],
            [
              11.981842309798461,
              51.48183036101774
            ]
          ]
        ]
      }
    },
    {
      "type": "Feature",
      "properties": {
        "ags": "15002000",
        "wahlkreis": "036",
        "wahlbezirk": "010210",
        "gemeinde": "Halle (Saale), Stadt",
        "name": "Gemeinschaftsschule August Hermann Francke",
        "wahlart": "U",
        "linke": 104,
        "spd": 71,
        "gruene": 252,
        "summe": 427,
        "gueltige_zweitstimmen": 727,
        "anteil_prozent": 58.73452544704264,
        "mehr_als_50_prozent": true
      },
      "geometry": {
        "type": "Polygon",
        "coordinates": [
          [
            [
              11.98170174947531,
              51.47351637897731
            ],
            [
              11.979442138733338,
              51.47335869345477
            ],
            [
              11.97951438451416,
              51.47274300705365
            ],
            [
              11.976974271810416,
              51.47256280651643
            ],
            [
              11.976937981263234,
              51.473173980788374
            ],
            [
              11.976951976123082,
              51.4739289824868
            ],
            [
              11.976944482352982,
              51.474630056085836
            ],
            [
              11.976958572708654,
              51.475196294491695
            ],
            [
              11.977764523518845,
              51.475299836233326
            ],
            [
              11.97914615946568,
              51.47544836835582
            ],
            [
              11.980887702262455,
              51.47554307437486
            ],
            [
              11.98211832403176,
              51.47553423498695
            ],
            [
              11.983169004686994,
              51.47553890725837
            ],
            [
              11.9835648099559,
              51.47544460777354
            ],
            [
              11.983572173823408,
              51.47508057735673
            ],
            [
              11.983615977963675,
              51.4731930583202
            ],
            [
              11.98361628314642,
              51.472339188865384
            ],
            [
              11.981644675537948,
              51.472213092249575
            ],
            [
              11.98170174947531,
              51.47351637897731
            ]
          ]
        ]
      }
    },
    {
      "type": "Feature",
      "properties": {
        "ags": "15002000",
        "wahlkreis": "036",
        "wahlbezirk": "010209",
        "gemeinde": "Halle (Saale), Stadt",
        "name": "Grundschule Johannesschule",
        "wahlart": "U",
        "linke": 115,
        "spd": 109,
        "gruene": 253,
        "summe": 477,
        "gueltige_zweitstimmen": 916,
        "anteil_prozent": 52.07423580786026,
        "mehr_als_50_prozent": true
      },
      "geometry": {
        "type": "Polygon",
        "coordinates": [
          [
            [
              11.981644675537948,
              51.472213092249575
            ],
            [
              11.98361628314642,
              51.472339188865384
            ],
            [
              11.983631098939513,
              51.47136397722934
            ],
            [
              11.983653083437545,
              51.470056240288486
            ],
            [
              11.983653152355695,
              51.469862957706276
            ],
            [
              11.981085300536634,
              51.46974831174781
            ],
            [
              11.980523159008271,
              51.46972318107966
            ],
            [
              11.979941868782749,
              51.469700052294904
            ],
            [
              11.979501379056392,
              51.46968257877033
            ],
            [
              11.976973041519145,
              51.46968545566119
            ],
            [
              11.976794912658596,
              51.4696856992886
            ],
            [
              11.976148209975793,
              51.46968640524316
            ],
            [
              11.974795742925952,
              51.469268166040976
            ],
            [
              11.974630100834107,
              51.469456895334865
            ],
            [
              11.973816447151275,
              51.47037348984486
            ],
            [
              11.97327642785814,
              51.47099358293138
            ],
            [
              11.97218958458066,
              51.47145623329526
            ],
            [
              11.972175144113425,
              51.47155956314116
            ],
            [
              11.97391651925823,
              51.471663350969756
            ],
            [
              11.974715197027741,
              51.47171293344943
            ],
            [
              11.976988992977319,
              51.4718796905831
            ],
            [
              11.976974271810416,
              51.47256280651643
            ],
            [
              11.97951438451416,
              51.47274300705365
            ],
            [
              11.979442138733338,
              51.47335869345477
            ],
            [
              11.98170174947531,
              51.47351637897731
            ],
            [
              11.981644675537948,
              51.472213092249575
            ]
          ]
        ]
      }
    },
    {
      "type": "Feature",
      "properties": {
        "ags": "15002000",
        "wahlkreis": "036",
        "wahlbezirk": "010205",
        "gemeinde": "Halle (Saale), Stadt",
        "name": "Grundschule Johannesschule",
        "wahlart": "U",
        "linke": 144,
        "spd": 113,
        "gruene": 294,
        "summe": 551,
        "gueltige_zweitstimmen": 921,
        "anteil_prozent": 59.82627578718784,
        "mehr_als_50_prozent": true
      },
      "geometry": {
        "type": "Polygon",
        "coordinates": [
          [
            [
              11.976974271810416,
              51.47256280651643
            ],
            [
              11.976988992977319,
              51.4718796905831
            ],
            [
              11.974715197027741,
              51.47171293344943
            ],
            [
              11.97391651925823,
              51.471663350969756
            ],
            [
              11.972175144113425,
              51.47155956314116
            ],
            [
              11.97218958458066,
              51.47145623329526
            ],
            [
              11.97183693312051,
              51.47152351519905
            ],
            [
              11.970310605375424,
              51.47276351294722
            ],
            [
              11.970209757428956,
              51.47295671230156
            ],
            [
              11.970007890153965,
              51.47346005008619
            ],
            [
              11.97057642672929,
              51.473460193932354
            ],
            [
              11.970993830733484,
              51.47339287918869
            ],
            [
              11.971303307437513,
              51.47341988942402
            ],
            [
              11.97221705972295,
              51.473559464566684
            ],
            [
              11.972504940231007,
              51.47356851112101
            ],
            [
              11.975059443997248,
              51.47378929588643
            ],
            [
              11.976951976123082,
              51.4739289824868
            ],
            [
              11.976937981263234,
              51.473173980788374
            ],
            [
              11.976974271810416,
              51.47256280651643
            ]
          ]
        ]
      }
    },
    {
      "type": "Feature",
      "properties": {
        "ags": "15002000",
        "wahlkreis": "036",
        "wahlbezirk": "010202",
        "gemeinde": "Halle (Saale), Stadt",
        "name": "Latina August Hermann Francke",
        "wahlart": "U",
        "linke": 128,
        "spd": 121,
        "gruene": 229,
        "summe": 478,
        "gueltige_zweitstimmen": 746,
        "anteil_prozent": 64.07506702412869,
        "mehr_als_50_prozent": true
      },
      "geometry": {
        "type": "Polygon",
        "coordinates": [
          [
            [
              11.970098432894158,
              51.478115871438455
            ],
            [
              11.969896917521904,
              51.47818775558958
            ],
            [
              11.969680864527376,
              51.478362968238976
            ],
            [
              11.96947912689395,
              51.47863253801238
            ],
            [
              11.96992537578309,
              51.478637170256185
            ],
            [
              11.970465113355054,
              51.47866424142622
            ],
            [
              11.971012091125202,
              51.47868238961643
            ],
            [
              11.97326743953646,
              51.47889867892279
            ],
            [
              11.97359570395449,
              51.47893014904516
            ],
            [
              11.974164091101251,
              51.47899959156784
            ],
            [
              11.974176457093218,
              51.47892559321243
            ],
            [
              11.974215522857017,
              51.47869406789429
            ],
            [
              11.9742507096661,
              51.47869658322337
            ],
            [
              11.97473293511013,
              51.47872819682792
            ],
            [
              11.975114402998868,
              51.478638384516444
            ],
            [
              11.97543113184683,
              51.47853506264953
            ],
            [
              11.975683125058277,
              51.47841377225564
            ],
            [
              11.976007043855954,
              51.47821609650868
            ],
            [
              11.976676567492984,
              51.47783424360436
            ],
            [
              11.97690985749765,
              51.47777434295937
            ],
            [
              11.976796306131064,
              51.47769189916894
            ],
            [
              11.976729354091177,
              51.47764320450359
            ],
            [
              11.97662838669662,
              51.47757397969662
            ],
            [
              11.976613212075845,
              51.47756354850902
            ],
            [
              11.976541643922625,
              51.47745629894969
            ],
            [
              11.976531383637715,
              51.47744101699327
            ],
            [
              11.976453409242268,
              51.47729712899142
            ],
            [
              11.976392484093966,
              51.47716277997234
            ],
            [
              11.976371638784228,
              51.47706396081027
            ],
            [
              11.976353384084124,
              51.47696553166408
            ],
            [
              11.976369056271762,
              51.47687435952413
            ],
            [
              11.976586238691752,
              51.476171878839
            ],
            [
              11.976903690764845,
              51.47530284866392
            ],
            [
              11.976958572708654,
              51.475196294491695
            ],
            [
              11.976944482352982,
              51.474630056085836
            ],
            [
              11.976951976123082,
              51.4739289824868
            ],
            [
              11.975059443997248,
              51.47378929588643
            ],
            [
              11.972504940231007,
              51.47356851112101
            ],
            [
              11.97221705972295,
              51.473559464566684
            ],
            [
              11.971303307437513,
              51.47341988942402
            ],
            [
              11.970993830733484,
              51.47339287918869
            ],
            [
              11.97057642672929,
              51.473460193932354
            ],
            [
              11.970007890153965,
              51.47346005008619
            ],
            [
              11.969863784116283,
              51.47384646238236
            ],
            [
              11.969798836060484,
              51.4740262317133
            ],
            [
              11.969985696450864,
              51.47448918212115
            ],
            [
              11.97015817807405,
              51.47482175252474
            ],
            [
              11.970273072647451,
              51.47514538470445
            ],
            [
              11.970272833422356,
              51.4755138777863
            ],
            [
              11.970258025963346,
              51.47617897999458
            ],
            [
              11.970257681490013,
              51.476709302434756
            ],
            [
              11.970033806679963,
              51.47793160792855
            ],
            [
              11.970098432894158,
              51.478115871438455
            ]
          ]
        ]
      }
    },
    {
      "type": "Feature",
      "properties": {
        "ags": "15002000",
        "wahlkreis": "036",
        "wahlbezirk": "010208",
        "gemeinde": "Halle (Saale), Stadt",
        "name": "Grundschule Johannesschule",
        "wahlart": "U",
        "linke": 108,
        "spd": 81,
        "gruene": 172,
        "summe": 361,
        "gueltige_zweitstimmen": 672,
        "anteil_prozent": 53.720238095238095,
        "mehr_als_50_prozent": true
      },
      "geometry": {
        "type": "Polygon",
        "coordinates": [
          [
            [
              11.965909291169291,
              51.469135601429535
            ],
            [
              11.965297991023572,
              51.46873095814714
            ],
            [
              11.964254685172547,
              51.46874414210255
            ],
            [
              11.963837174391289,
              51.468986702496295
            ],
            [
              11.964290240102827,
              51.469292432093454
            ],
            [
              11.964930279257215,
              51.46971058234327
            ],
            [
              11.96515320357995,
              51.46985892540973
            ],
            [
              11.965836425407625,
              51.47034450321296
            ],
            [
              11.965850805031037,
              51.47045687324744
            ],
            [
              11.966073609631968,
              51.470780485720105
            ],
            [
              11.96630354162673,
              51.47124791639276
            ],
            [
              11.966770577735817,
              51.47216487940503
            ],
            [
              11.96707983685066,
              51.47235367379826
            ],
            [
              11.967266913476601,
              51.472466092466654
            ],
            [
              11.967518599498215,
              51.47263245307978
            ],
            [
              11.967820718306339,
              51.472825761178854
            ],
            [
              11.96811560526851,
              51.473023582534296
            ],
            [
              11.968424963066859,
              51.47321694643665
            ],
            [
              11.969417571206542,
              51.47385532635112
            ],
            [
              11.96961908237688,
              51.473895863065074
            ],
            [
              11.969863784116283,
              51.47384646238236
            ],
            [
              11.970007890153965,
              51.47346005008619
            ],
            [
              11.970209757428956,
              51.47295671230156
            ],
            [
              11.970310605375424,
              51.47276351294722
            ],
            [
              11.97183693312051,
              51.47152351519905
            ],
            [
              11.97218958458066,
              51.47145623329526
            ],
            [
              11.97327642785814,
              51.47099358293138
            ],
            [
              11.973816447151275,
              51.47037348984486
            ],
            [
              11.974630100834107,
              51.469456895334865
            ],
            [
              11.972090152354788,
              51.469343953259305
            ],
            [
              11.969456648107743,
              51.46922200847184
            ],
            [
              11.969377543441588,
              51.46921747021268
            ],
            [
              11.969218762139818,
              51.469927482041946
            ],
            [
              11.969211510592645,
              51.46995447140445
            ],
            [
              11.968362323499855,
              51.470048599588736
            ],
            [
              11.96832633597439,
              51.470053106990086
            ],
            [
              11.96818248250073,
              51.47007102459846
            ],
            [
              11.967858760677624,
              51.46989566628663
            ],
            [
              11.967786820930826,
              51.46985967760094
            ],
            [
              11.96739849290603,
              51.46950903341327
            ],
            [
              11.96663574704503,
              51.46958973422044
            ],
            [
              11.966175422955741,
              51.46929750642222
            ],
            [
              11.966125088955788,
              51.469265984633786
            ],
            [
              11.965945258140032,
              51.469158083836675
            ],
            [
              11.965909291169291,
              51.469135601429535
            ]
          ]
        ]
      }
    },
    {
      "type": "Feature",
      "properties": {
        "ags": "15002000",
        "wahlkreis": "036",
        "wahlbezirk": "010206",
        "gemeinde": "Halle (Saale), Stadt",
        "name": "Grundschule Am Ludwigsfeld",
        "wahlart": "U",
        "linke": 104,
        "spd": 101,
        "gruene": 200,
        "summe": 405,
        "gueltige_zweitstimmen": 765,
        "anteil_prozent": 52.94117647058823,
        "mehr_als_50_prozent": true
      },
      "geometry": {
        "type": "Polygon",
        "coordinates": [
          [
            [
              11.963596558644163,
              51.47290995782441
            ],
            [
              11.961632028225148,
              51.472900299047936
            ],
            [
              11.961609711236571,
              51.47374518405129
            ],
            [
              11.963595908306665,
              51.47372785867039
            ],
            [
              11.964114082493685,
              51.47373247991076
            ],
            [
              11.965035166253568,
              51.4737193190171
            ],
            [
              11.966057037664772,
              51.47374209251285
            ],
            [
              11.966697438753858,
              51.47376921011246
            ],
            [
              11.967136405599836,
              51.473782828609835
            ],
            [
              11.967560991647572,
              51.47379644149153
            ],
            [
              11.967999955499666,
              51.473810056755624
            ],
            [
              11.969417571206542,
              51.47385532635112
            ],
            [
              11.968424963066859,
              51.47321694643665
            ],
            [
              11.96811560526851,
              51.473023582534296
            ],
            [
              11.967820718306339,
              51.472825761178854
            ],
            [
              11.967518599498215,
              51.47263245307978
            ],
            [
              11.967266913476601,
              51.472466092466654
            ],
            [
              11.96707983685066,
              51.47235367379826
            ],
            [
              11.966770577735817,
              51.47216487940503
            ],
            [
              11.96630354162673,
              51.47124791639276
            ],
            [
              11.966073609631968,
              51.470780485720105
            ],
            [
              11.965850805031037,
              51.47045687324744
            ],
            [
              11.965836425407625,
              51.47034450321296
            ],
            [
              11.965721267369263,
              51.470434363531574
            ],
            [
              11.96510229166721,
              51.470586976024904
            ],
            [
              11.965087163074793,
              51.471575625334424
            ],
            [
              11.963612001252685,
              51.47156620019082
            ],
            [
              11.963611515516783,
              51.472177381552704
            ],
            [
              11.963596558644163,
              51.47290995782441
            ]
          ]
        ]
      }
    },
    {
      "type": "Feature",
      "properties": {
        "ags": "15002000",
        "wahlkreis": "037",
        "wahlbezirk": "010309",
        "gemeinde": "Halle (Saale), Stadt",
        "name": "Hans-Dietrich-Genscher-Gymnasium",
        "wahlart": "U",
        "linke": 104,
        "spd": 56,
        "gruene": 191,
        "summe": 351,
        "gueltige_zweitstimmen": 583,
        "anteil_prozent": 60.20583190394511,
        "mehr_als_50_prozent": true
      },
      "geometry": {
        "type": "Polygon",
        "coordinates": [
          [
            [
              11.984389695389234,
              51.48345760464664
            ],
            [
              11.984425899583583,
              51.48284191204521
            ],
            [
              11.984397276718731,
              51.48244196433119
            ],
            [
              11.984267836814649,
              51.48200151879132
            ],
            [
              11.984131195319629,
              51.481727361453075
            ],
            [
              11.983533953483088,
              51.48129582810288
            ],
            [
              11.98292942847439,
              51.481030579991064
            ],
            [
              11.982468920548756,
              51.48087771651766
            ],
            [
              11.982303354831684,
              51.48084178040521
            ],
            [
              11.981842309798461,
              51.48183036101774
            ],
            [
              11.981510972986035,
              51.48248197575683
            ],
            [
              11.98107155046826,
              51.483367225603374
            ],
            [
              11.980856567537655,
              51.48380315892325
            ],
            [
              11.980783447327536,
              51.4839514255018
            ],
            [
              11.980327439375282,
              51.48491384641472
            ],
            [
              11.98016384046827,
              51.485259057783146
            ],
            [
              11.979938555776418,
              51.485727499194944
            ],
            [
              11.979861225712089,
              51.48588819822953
            ],
            [
              11.98112801664736,
              51.48613109661225
            ],
            [
              11.982977872354871,
              51.48645492554987
            ],
            [
              11.984655038512228,
              51.4864191897804
            ],
            [
              11.984525736611777,
              51.485529391807084
            ],
            [
              11.984339009182605,
              51.48437437044272
            ],
            [
              11.984389695389234,
              51.48345760464664
            ]
          ]
        ]
      }
    },
    {
      "type": "Feature",
      "properties": {
        "ags": "15002000",
        "wahlkreis": "037",
        "wahlbezirk": "010302",
        "gemeinde": "Halle (Saale), Stadt",
        "name": "Kita Kinderwelt",
        "wahlart": "U",
        "linke": 127,
        "spd": 78,
        "gruene": 209,
        "summe": 414,
        "gueltige_zweitstimmen": 637,
        "anteil_prozent": 64.99215070643642,
        "mehr_als_50_prozent": true
      },
      "geometry": {
        "type": "Polygon",
        "coordinates": [
          [
            [
              11.978981321938871,
              51.489640558321085
            ],
            [
              11.979204364941603,
              51.490045058526974
            ],
            [
              11.97939135906435,
              51.49036869366078
            ],
            [
              11.979866210682552,
              51.491002427395145
            ],
            [
              11.980067632959654,
              51.491236172499306
            ],
            [
              11.980765768856555,
              51.49180252232487
            ],
            [
              11.981024801769454,
              51.492076702936366
            ],
            [
              11.981161486982373,
              51.492274465171974
            ],
            [
              11.981262525329496,
              51.491604860674165
            ],
            [
              11.981442712733108,
              51.491141988138395
            ],
            [
              11.981781252538882,
              51.490733118987215
            ],
            [
              11.982306917692732,
              51.490351156406305
            ],
            [
              11.983379741537584,
              51.489843520118
            ],
            [
              11.983898012337807,
              51.489843592253045
            ],
            [
              11.984401900544938,
              51.4898436601906
            ],
            [
              11.984574679827963,
              51.489780780573135
            ],
            [
              11.984654690858681,
              51.48745735821764
            ],
            [
              11.984698101716049,
              51.486918063561504
            ],
            [
              11.984655038512228,
              51.4864191897804
            ],
            [
              11.982977872354871,
              51.48645492554987
            ],
            [
              11.98112801664736,
              51.48613109661225
            ],
            [
              11.979861225712089,
              51.48588819822953
            ],
            [
              11.979104690929628,
              51.48746994184711
            ],
            [
              11.979090291779714,
              51.487505907596315
            ],
            [
              11.978405764121066,
              51.488952874896015
            ],
            [
              11.978736651618593,
              51.48946524420451
            ],
            [
              11.978981321938871,
              51.489640558321085
            ]
          ]
        ]
      }
    },
    {
      "type": "Feature",
      "properties": {
        "ags": "15002000",
        "wahlkreis": "037",
        "wahlbezirk": "020401",
        "gemeinde": "Halle (Saale), Stadt",
        "name": "Grundschule G. E. Lessing",
        "wahlart": "U",
        "linke": 144,
        "spd": 72,
        "gruene": 294,
        "summe": 510,
        "gueltige_zweitstimmen": 714,
        "anteil_prozent": 71.42857142857143,
        "mehr_als_50_prozent": true
      },
      "geometry": {
        "type": "Polygon",
        "coordinates": [
          [
            [
              11.981405336720597,
              51.49453497660603
            ],
            [
              11.98155676175827,
              51.4938653784297
            ],
            [
              11.981571373686226,
              51.49351484517797
            ],
            [
              11.981348405260617,
              51.49284072836368
            ],
            [
              11.981262107923177,
              51.49262501852293
            ],
            [
              11.981161486982373,
              51.492274465171974
            ],
            [
              11.981024801769454,
              51.492076702936366
            ],
            [
              11.980765768856555,
              51.49180252232487
            ],
            [
              11.980067632959654,
              51.491236172499306
            ],
            [
              11.979866210682552,
              51.491002427395145
            ],
            [
              11.97939135906435,
              51.49036869366078
            ],
            [
              11.979204364941603,
              51.490045058526974
            ],
            [
              11.978981321938871,
              51.489640558321085
            ],
            [
              11.978736651618593,
              51.48946524420451
            ],
            [
              11.976878978988154,
              51.49029182727073
            ],
            [
              11.975618881722129,
              51.490889257268016
            ],
            [
              11.974301122838858,
              51.4915046734626
            ],
            [
              11.975265610274798,
              51.491837459751004
            ],
            [
              11.977223409823234,
              51.492471509111844
            ],
            [
              11.979634833500286,
              51.493249421817765
            ],
            [
              11.979447663617615,
              51.4932853020963
            ],
            [
              11.980310909918765,
              51.494692109653506
            ],
            [
              11.981405336720597,
              51.49453497660603
            ]
          ]
        ]
      }
    },
    {
      "type": "Feature",
      "properties": {
        "ags": "15002000",
        "wahlkreis": "037",
        "wahlbezirk": "020403",
        "gemeinde": "Halle (Saale), Stadt",
        "name": "Grundschule G. E. Lessing",
        "wahlart": "U",
        "linke": 130,
        "spd": 98,
        "gruene": 312,
        "summe": 540,
        "gueltige_zweitstimmen": 757,
        "anteil_prozent": 71.33421400264201,
        "mehr_als_50_prozent": true
      },
      "geometry": {
        "type": "Polygon",
        "coordinates": [
          [
            [
              11.974766964484282,
              51.49525282285422
            ],
            [
              11.975739186365976,
              51.49480361993824
            ],
            [
              11.976747412360476,
              51.4943139334509
            ],
            [
              11.976452255555529,
              51.49412516755567
            ],
            [
              11.975833328247331,
              51.49381945226736
            ],
            [
              11.976589645633844,
              51.49309154314839
            ],
            [
              11.977223409823234,
              51.492471509111844
            ],
            [
              11.975265610274798,
              51.491837459751004
            ],
            [
              11.974301122838858,
              51.4915046734626
            ],
            [
              11.97335780617561,
              51.49195833130268
            ],
            [
              11.972796118803458,
              51.49222336392122
            ],
            [
              11.972212801706732,
              51.49249736419818
            ],
            [
              11.972831247456392,
              51.49368841680494
            ],
            [
              11.97231998546854,
              51.49384561095842
            ],
            [
              11.97185192653172,
              51.49405221811574
            ],
            [
              11.973161563780499,
              51.495131122867285
            ],
            [
              11.97295269918935,
              51.49527489150525
            ],
            [
              11.97281583586846,
              51.49542313813208
            ],
            [
              11.972722104311167,
              51.49560290120489
            ],
            [
              11.97272921329138,
              51.49581408342254
            ],
            [
              11.972815494139576,
              51.495998404203895
            ],
            [
              11.97295933181006,
              51.49614671561287
            ],
            [
              11.973139277433718,
              51.49626358448055
            ],
            [
              11.973348015075299,
              51.49634454620885
            ],
            [
              11.973592774199327,
              51.496398526173124
            ],
            [
              11.973938420147809,
              51.49641209812134
            ],
            [
              11.974248000199243,
              51.496376198145484
            ],
            [
              11.974550469288966,
              51.49627293178999
            ],
            [
              11.974737696572673,
              51.49616060630497
            ],
            [
              11.974852911588876,
              51.496052783306176
            ],
            [
              11.974961016148228,
              51.49588199817694
            ],
            [
              11.974989980202915,
              51.49568426477149
            ],
            [
              11.974946844790136,
              51.4954910314359
            ],
            [
              11.974766964484282,
              51.49525282285422
            ]
          ]
        ]
      }
    },
    {
      "type": "Feature",
      "properties": {
        "ags": "15002000",
        "wahlkreis": "037",
        "wahlbezirk": "020407",
        "gemeinde": "Halle (Saale), Stadt",
        "name": "Landesamt für Soziales, Jugend und Gesundheit",
        "wahlart": "U",
        "linke": 77,
        "spd": 70,
        "gruene": 205,
        "summe": 352,
        "gueltige_zweitstimmen": 474,
        "anteil_prozent": 74.26160337552743,
        "mehr_als_50_prozent": true
      },
      "geometry": {
        "type": "Polygon",
        "coordinates": [
          [
            [
              11.972831247456392,
              51.49368841680494
            ],
            [
              11.972212801706732,
              51.49249736419818
            ],
            [
              11.97076537232326,
              51.49318012977068
            ],
            [
              11.969224159149729,
              51.493912259934156
            ],
            [
              11.96905133359295,
              51.49399312872449
            ],
            [
              11.96838878986498,
              51.49430751949477
            ],
            [
              11.969302877632673,
              51.494689748686724
            ],
            [
              11.969482768816123,
              51.49486958040086
            ],
            [
              11.969518650019555,
              51.49505383676864
            ],
            [
              11.969403215459549,
              51.495336922218534
            ],
            [
              11.970187907644428,
              51.4954045440308
            ],
            [
              11.972722104311167,
              51.49560290120489
            ],
            [
              11.97281583586846,
              51.49542313813208
            ],
            [
              11.97295269918935,
              51.49527489150525
            ],
            [
              11.973161563780499,
              51.495131122867285
            ],
            [
              11.97185192653172,
              51.49405221811574
            ],
            [
              11.97231998546854,
              51.49384561095842
            ],
            [
              11.972831247456392,
              51.49368841680494
            ]
          ]
        ]
      }
    },
    {
      "type": "Feature",
      "properties": {
        "ags": "15002000",
        "wahlkreis": "037",
        "wahlbezirk": "020405",
        "gemeinde": "Halle (Saale), Stadt",
        "name": "Sekundarschule J. Ch. Reil",
        "wahlart": "U",
        "linke": 94,
        "spd": 106,
        "gruene": 230,
        "summe": 430,
        "gueltige_zweitstimmen": 710,
        "anteil_prozent": 60.563380281690144,
        "mehr_als_50_prozent": true
      },
      "geometry": {
        "type": "Polygon",
        "coordinates": [
          [
            [
              11.971941322231576,
              51.50080231127937
            ],
            [
              11.970767150787934,
              51.50060411115277
            ],
            [
              11.969414232102572,
              51.5003747487209
            ],
            [
              11.969544505656824,
              51.499422045939326
            ],
            [
              11.969645641154125,
              51.49889175165904
            ],
            [
              11.9698191194876,
              51.497849166027365
            ],
            [
              11.970244069881682,
              51.497651590912405
            ],
            [
              11.970165033169769,
              51.497467267937346
            ],
            [
              11.969891450895547,
              51.497359350418215
            ],
            [
              11.96999991208285,
              51.49667631765815
            ],
            [
              11.968891247104022,
              51.49648726676822
            ],
            [
              11.967912209956356,
              51.49631619566441
            ],
            [
              11.966242051029498,
              51.49603261142308
            ],
            [
              11.966306306931028,
              51.4968505836369
            ],
            [
              11.966334968980417,
              51.4969943524115
            ],
            [
              11.966356205468445,
              51.49751570202519
            ],
            [
              11.966434824663152,
              51.49824824793799
            ],
            [
              11.96646305374209,
              51.49910663772032
            ],
            [
              11.966512877179705,
              51.499879603416844
            ],
            [
              11.966583989895526,
              51.501111015955885
            ],
            [
              11.968837478319482,
              51.501453137610234
            ],
            [
              11.971078767314262,
              51.501830527250654
            ],
            [
              11.971261358395697,
              51.50183591313137
            ],
            [
              11.971489973285122,
              51.50184548137778
            ],
            [
              11.971561957434716,
              51.50184056262744
            ],
            [
              11.971941322231576,
              51.50080231127937
            ]
          ]
        ]
      }
    },
    {
      "type": "Feature",
      "properties": {
        "ags": "15002000",
        "wahlkreis": "037",
        "wahlbezirk": "023005",
        "gemeinde": "Halle (Saale), Stadt",
        "name": "Sekundarschule J. Ch. Reil",
        "wahlart": "U",
        "linke": 72,
        "spd": 96,
        "gruene": 227,
        "summe": 395,
        "gueltige_zweitstimmen": 591,
        "anteil_prozent": 66.83587140439933,
        "mehr_als_50_prozent": true
      },
      "geometry": {
        "type": "Polygon",
        "coordinates": [
          [
            [
              11.956262668267156,
              51.49661807929859
            ],
            [
              11.956472032897967,
              51.49601143927872
            ],
            [
              11.959445069247936,
              51.49657427588024
            ],
            [
              11.960238260804028,
              51.495194877356916
            ],
            [
              11.963426678261765,
              51.49643622886671
            ],
            [
              11.96408882925359,
              51.4967015922365
            ],
            [
              11.966306306931028,
              51.4968505836369
            ],
            [
              11.966242051029498,
              51.49603261142308
            ],
            [
              11.966206511768348,
              51.49540346576205
            ],
            [
              11.966177987366004,
              51.495075395602264
            ],
            [
              11.96609257679389,
              51.49375408443527
            ],
            [
              11.96391841832254,
              51.49369505115664
            ],
            [
              11.962384963147734,
              51.49363612754393
            ],
            [
              11.961269134209855,
              51.49359081934846
            ],
            [
              11.960959515423486,
              51.4935772220427
            ],
            [
              11.959822079856442,
              51.49352291467638
            ],
            [
              11.957655386324605,
              51.4932345742559
            ],
            [
              11.957741946142132,
              51.493045842893956
            ],
            [
              11.956856414112371,
              51.49302304836026
            ],
            [
              11.956208464814168,
              51.49304528086104
            ],
            [
              11.95616512891915,
              51.49324300600654
            ],
            [
              11.955992186853514,
              51.49342267077144
            ],
            [
              11.955653676081667,
              51.49353942477828
            ],
            [
              11.95529358221531,
              51.493624664089516
            ],
            [
              11.955185582860794,
              51.4937099988056
            ],
            [
              11.955185353886494,
              51.493943707191974
            ],
            [
              11.955285889963818,
              51.49418191731869
            ],
            [
              11.955343191627003,
              51.494510001137996
            ],
            [
              11.955256475856514,
              51.49475265532322
            ],
            [
              11.954989656415684,
              51.49526937942925
            ],
            [
              11.954881167493776,
              51.495759173796785
            ],
            [
              11.954794608519984,
              51.49592989112829
            ],
            [
              11.954513622638279,
              51.49612752380992
            ],
            [
              11.954175068171445,
              51.49626674754052
            ],
            [
              11.95432597788513,
              51.49651847060259
            ],
            [
              11.954858813717447,
              51.496500666523275
            ],
            [
              11.956262668267156,
              51.49661807929859
            ]
          ]
        ]
      }
    },
    {
      "type": "Feature",
      "properties": {
        "ags": "15002000",
        "wahlkreis": "037",
        "wahlbezirk": "023004",
        "gemeinde": "Halle (Saale), Stadt",
        "name": "Sekundarschule J. Ch. Reil",
        "wahlart": "U",
        "linke": 111,
        "spd": 105,
        "gruene": 347,
        "summe": 563,
        "gueltige_zweitstimmen": 870,
        "anteil_prozent": 64.71264367816092,
        "mehr_als_50_prozent": true
      },
      "geometry": {
        "type": "Polygon",
        "coordinates": [
          [
            [
              11.958385030383429,
              51.49837147482495
            ],
            [
              11.958485829401916,
              51.49834909296642
            ],
            [
              11.96109211330236,
              51.49858815503873
            ],
            [
              11.962704805571777,
              51.498750451273565
            ],
            [
              11.962423400865209,
              51.49947842368922
            ],
            [
              11.962084252280778,
              51.50033664189193
            ],
            [
              11.962753719644038,
              51.50056158726747
            ],
            [
              11.965712751524883,
              51.50099839953384
            ],
            [
              11.966583989895526,
              51.501111015955885
            ],
            [
              11.966512877179705,
              51.499879603416844
            ],
            [
              11.96646305374209,
              51.49910663772032
            ],
            [
              11.966434824663152,
              51.49824824793799
            ],
            [
              11.966356205468445,
              51.49751570202519
            ],
            [
              11.966334968980417,
              51.4969943524115
            ],
            [
              11.966306306931028,
              51.4968505836369
            ],
            [
              11.96408882925359,
              51.4967015922365
            ],
            [
              11.963426678261765,
              51.49643622886671
            ],
            [
              11.960238260804028,
              51.495194877356916
            ],
            [
              11.959445069247936,
              51.49657427588024
            ],
            [
              11.956472032897967,
              51.49601143927872
            ],
            [
              11.956262668267156,
              51.49661807929859
            ],
            [
              11.956154437007887,
              51.49684723129458
            ],
            [
              11.956095918703834,
              51.49777747246136
            ],
            [
              11.95750682806134,
              51.49813750625409
            ],
            [
              11.958385030383429,
              51.49837147482495
            ]
          ]
        ]
      }
    },
    {
      "type": "Feature",
      "properties": {
        "ags": "15002000",
        "wahlkreis": "037",
        "wahlbezirk": "023003",
        "gemeinde": "Halle (Saale), Stadt",
        "name": "Giebichenstein-Gymnasium Th. Müntzer",
        "wahlart": "U",
        "linke": 68,
        "spd": 73,
        "gruene": 285,
        "summe": 426,
        "gueltige_zweitstimmen": 697,
        "anteil_prozent": 61.11908177905308,
        "mehr_als_50_prozent": true
      },
      "geometry": {
        "type": "Polygon",
        "coordinates": [
          [
            [
              11.948427521235741,
              51.502042797349304
            ],
            [
              11.94902809641852,
              51.5019450775242
            ],
            [
              11.950209282411661,
              51.501716392310975
            ],
            [
              11.951124101141323,
              51.50141118701407
            ],
            [
              11.951750684434446,
              51.5012586527127
            ],
            [
              11.953522372092136,
              51.50091329244388
            ],
            [
              11.954753762119381,
              51.50082388173773
            ],
            [
              11.95492649611661,
              51.500891367566204
            ],
            [
              11.956359695290171,
              51.50054588993089
            ],
            [
              11.957576853363063,
              51.500276657437766
            ],
            [
              11.95788665862252,
              51.50003859908658
            ],
            [
              11.960054715705251,
              51.49923941581645
            ],
            [
              11.962423400865209,
              51.49947842368922
            ],
            [
              11.962704805571777,
              51.498750451273565
            ],
            [
              11.96109211330236,
              51.49858815503873
            ],
            [
              11.958485829401916,
              51.49834909296642
            ],
            [
              11.958385030383429,
              51.49837147482495
            ],
            [
              11.95750682806134,
              51.49813750625409
            ],
            [
              11.956095918703834,
              51.49777747246136
            ],
            [
              11.956154437007887,
              51.49684723129458
            ],
            [
              11.956262668267156,
              51.49661807929859
            ],
            [
              11.954858813717447,
              51.496500666523275
            ],
            [
              11.95432597788513,
              51.49651847060259
            ],
            [
              11.954175068171445,
              51.49626674754052
            ],
            [
              11.952806998241,
              51.49637851490728
            ],
            [
              11.95247574438297,
              51.49645031832905
            ],
            [
              11.951323527113296,
              51.49671048809215
            ],
            [
              11.95077600682532,
              51.49700235448046
            ],
            [
              11.949817545729507,
              51.49775248452662
            ],
            [
              11.94916854603647,
              51.498655479249514
            ],
            [
              11.948533781620535,
              51.499670841233645
            ],
            [
              11.948259113336837,
              51.50063695187546
            ],
            [
              11.948250777302379,
              51.50160769706247
            ],
            [
              11.948427521235741,
              51.502042797349304
            ]
          ]
        ]
      }
    },
    {
      "type": "Feature",
      "properties": {
        "ags": "15002000",
        "wahlkreis": "037",
        "wahlbezirk": "023001",
        "gemeinde": "Halle (Saale), Stadt",
        "name": "Sporthalle Giebichenstein-Gymnasium",
        "wahlart": "U",
        "linke": 123,
        "spd": 100,
        "gruene": 284,
        "summe": 507,
        "gueltige_zweitstimmen": 832,
        "anteil_prozent": 60.9375,
        "mehr_als_50_prozent": true
      },
      "geometry": {
        "type": "Polygon",
        "coordinates": [
          [
            [
              11.94902809641852,
              51.5019450775242
            ],
            [
              11.948427521235741,
              51.502042797349304
            ],
            [
              11.948573950020792,
              51.502403262666974
            ],
            [
              11.949350987196556,
              51.503010318797365
            ],
            [
              11.950480887857363,
              51.50354558266844
            ],
            [
              11.95225179148432,
              51.5040451293172
            ],
            [
              11.954742561685398,
              51.50482809987993
            ],
            [
              11.955815057128195,
              51.5053318389185
            ],
            [
              11.956412309241902,
              51.50580840152574
            ],
            [
              11.95662798355282,
              51.506221975519026
            ],
            [
              11.95668518780345,
              51.506581509085336
            ],
            [
              11.95719640048261,
              51.50668954575456
            ],
            [
              11.95727554666368,
              51.50681091738455
            ],
            [
              11.957534661394675,
              51.50693681585949
            ],
            [
              11.957779503299525,
              51.506941421238764
            ],
            [
              11.958406070213151,
              51.5068697079508
            ],
            [
              11.958650949855915,
              51.506829366232196
            ],
            [
              11.95909758823275,
              51.50670817987914
            ],
            [
              11.95923447916851,
              51.506613872489055
            ],
            [
              11.9598684274897,
              51.50637140582434
            ],
            [
              11.960120691304871,
              51.506160256179456
            ],
            [
              11.960293668020412,
              51.505980585727215
            ],
            [
              11.959898013222434,
              51.50544566970671
            ],
            [
              11.959559960821954,
              51.50505905068851
            ],
            [
              11.959243404795469,
              51.504721901069296
            ],
            [
              11.961419074118433,
              51.50360807149799
            ],
            [
              11.961844091923231,
              51.503437458335235
            ],
            [
              11.962196911244822,
              51.50337015475668
            ],
            [
              11.962520988335319,
              51.50337477463117
            ],
            [
              11.96332738892709,
              51.503496373227264
            ],
            [
              11.963845897065593,
              51.503505511676806
            ],
            [
              11.965819148026705,
              51.50317352408059
            ],
            [
              11.965776598078364,
              51.502360074247974
            ],
            [
              11.963674163965386,
              51.50204041471076
            ],
            [
              11.963797112853845,
              51.50135733894274
            ],
            [
              11.961658812122282,
              51.50104655330961
            ],
            [
              11.962084252280778,
              51.50033664189193
            ],
            [
              11.962423400865209,
              51.49947842368922
            ],
            [
              11.960054715705251,
              51.49923941581645
            ],
            [
              11.95788665862252,
              51.50003859908658
            ],
            [
              11.957576853363063,
              51.500276657437766
            ],
            [
              11.956359695290171,
              51.50054588993089
            ],
            [
              11.95492649611661,
              51.500891367566204
            ],
            [
              11.954753762119381,
              51.50082388173773
            ],
            [
              11.953522372092136,
              51.50091329244388
            ],
            [
              11.951750684434446,
              51.5012586527127
            ],
            [
              11.951124101141323,
              51.50141118701407
            ],
            [
              11.950209282411661,
              51.501716392310975
            ],
            [
              11.94902809641852,
              51.5019450775242
            ]
          ]
        ]
      }
    },
    {
      "type": "Feature",
      "properties": {
        "ags": "15002000",
        "wahlkreis": "037",
        "wahlbezirk": "023002",
        "gemeinde": "Halle (Saale), Stadt",
        "name": "Giebichenstein-Gymnasium Th. Müntzer",
        "wahlart": "U",
        "linke": 122,
        "spd": 92,
        "gruene": 257,
        "summe": 471,
        "gueltige_zweitstimmen": 792,
        "anteil_prozent": 59.46969696969697,
        "mehr_als_50_prozent": true
      },
      "geometry": {
        "type": "Polygon",
        "coordinates": [
          [
            [
              11.974079202931922,
              51.50195774216873
            ],
            [
              11.974011377223258,
              51.50183910967356
            ],
            [
              11.973539185521137,
              51.5019351477255
            ],
            [
              11.973128776229336,
              51.501980000431175
            ],
            [
              11.971926216447645,
              51.50197525748471
            ],
            [
              11.971537406856017,
              51.50190774618731
            ],
            [
              11.971078767314262,
              51.501830527250654
            ],
            [
              11.968837478319482,
              51.501453137610234
            ],
            [
              11.966583989895526,
              51.501111015955885
            ],
            [
              11.965712751524883,
              51.50099839953384
            ],
            [
              11.962753719644038,
              51.50056158726747
            ],
            [
              11.962084252280778,
              51.50033664189193
            ],
            [
              11.961658812122282,
              51.50104655330961
            ],
            [
              11.963797112853845,
              51.50135733894274
            ],
            [
              11.963674163965386,
              51.50204041471076
            ],
            [
              11.965776598078364,
              51.502360074247974
            ],
            [
              11.965819148026705,
              51.50317352408059
            ],
            [
              11.963845897065593,
              51.503505511676806
            ],
            [
              11.96332738892709,
              51.503496373227264
            ],
            [
              11.962520988335319,
              51.50337477463117
            ],
            [
              11.962196911244822,
              51.50337015475668
            ],
            [
              11.961844091923231,
              51.503437458335235
            ],
            [
              11.961419074118433,
              51.50360807149799
            ],
            [
              11.959243404795469,
              51.504721901069296
            ],
            [
              11.959559960821954,
              51.50505905068851
            ],
            [
              11.959898013222434,
              51.50544566970671
            ],
            [
              11.960293668020412,
              51.505980585727215
            ],
            [
              11.960581335338519,
              51.50636713025614
            ],
            [
              11.960793372920627,
              51.506655515148886
            ],
            [
              11.960989205185811,
              51.506594959171764
            ],
            [
              11.961064686559594,
              51.50658334482728
            ],
            [
              11.961117054516249,
              51.50665108760568
            ],
            [
              11.96116628843187,
              51.50667982030448
            ],
            [
              11.961256178227037,
              51.50673227748951
            ],
            [
              11.961308374238742,
              51.50676273751308
            ],
            [
              11.961352569292918,
              51.506788592772565
            ],
            [
              11.961410347643783,
              51.50684609066576
            ],
            [
              11.961460222797378,
              51.50689360711472
            ],
            [
              11.961501229049992,
              51.50693267511745
            ],
            [
              11.961570379588261,
              51.506998580482744
            ],
            [
              11.961627826965227,
              51.50702372077483
            ],
            [
              11.961827969377106,
              51.507093264170315
            ],
            [
              11.961944236223855,
              51.50713810731067
            ],
            [
              11.962152868701708,
              51.50721861808426
            ],
            [
              11.962179649571215,
              51.50722891822954
            ],
            [
              11.962252708609771,
              51.507256013473324
            ],
            [
              11.96225857919631,
              51.50724853535928
            ],
            [
              11.96241713038297,
              51.50710928758066
            ],
            [
              11.962604373124194,
              51.50706886154702
            ],
            [
              11.963266951371255,
              51.506988212069544
            ],
            [
              11.964008483913554,
              51.50729854823354
            ],
            [
              11.964318355954541,
              51.50699299793778
            ],
            [
              11.964944760932227,
              51.50723587328952
            ],
            [
              11.965153757550896,
              51.507020238261454
            ],
            [
              11.965593124391818,
              51.5069214990415
            ],
            [
              11.966133216784307,
              51.5069171384209
            ],
            [
              11.966493269563617,
              51.50688579059027
            ],
            [
              11.966831842366235,
              51.50677803753553
            ],
            [
              11.967422276265907,
              51.50697594366122
            ],
            [
              11.96747200393691,
              51.50699261258613
            ],
            [
              11.967535402616791,
              51.506834236777806
            ],
            [
              11.967597937067033,
              51.506696466767075
            ],
            [
              11.967733656655124,
              51.50642830039578
            ],
            [
              11.96785731900633,
              51.5062027783643
            ],
            [
              11.968004243364437,
              51.50597276904637
            ],
            [
              11.968184170476224,
              51.50571009620105
            ],
            [
              11.968358624393042,
              51.50548664237527
            ],
            [
              11.968540074747054,
              51.50526573231496
            ],
            [
              11.968650172851325,
              51.50514344847351
            ],
            [
              11.968784660553986,
              51.50499778907331
            ],
            [
              11.968952354763564,
              51.504824077997306
            ],
            [
              11.969086090980582,
              51.50469757201286
            ],
            [
              11.969217525423606,
              51.50457324590926
            ],
            [
              11.969271098554202,
              51.50452600232944
            ],
            [
              11.969361200444572,
              51.504446551301676
            ],
            [
              11.969662804483116,
              51.50419410990285
            ],
            [
              11.970024979580336,
              51.50392056088688
            ],
            [
              11.970340166321549,
              51.503699039643806
            ],
            [
              11.97070633955926,
              51.5034659808376
            ],
            [
              11.970921863027058,
              51.50333917492092
            ],
            [
              11.971137257793904,
              51.5032124442792
            ],
            [
              11.971325292816562,
              51.5031113185214
            ],
            [
              11.971434106085367,
              51.503052798558286
            ],
            [
              11.971531244297477,
              51.50300381946135
            ],
            [
              11.971653512899477,
              51.50294104002035
            ],
            [
              11.971977933856813,
              51.50278553428026
            ],
            [
              11.972476217696697,
              51.50256521983913
            ],
            [
              11.972653471295635,
              51.50249376093225
            ],
            [
              11.972804371606726,
              51.50243477495406
            ],
            [
              11.973080665351805,
              51.50233006254335
            ],
            [
              11.973259765883748,
              51.502264165282
            ],
            [
              11.973425881948545,
              51.502207932040385
            ],
            [
              11.973724230815206,
              51.50210693375184
            ],
            [
              11.97409979395191,
              51.501993758271105
            ],
            [
              11.974079202931922,
              51.50195774216873
            ]
          ]
        ]
      }
    },
    {
      "type": "Feature",
      "properties": {
        "ags": "15002000",
        "wahlkreis": "036",
        "wahlbezirk": "010203",
        "gemeinde": "Halle (Saale), Stadt",
        "name": "Georg-Cantor-Gymnasium",
        "wahlart": "U",
        "linke": 156,
        "spd": 106,
        "gruene": 328,
        "summe": 590,
        "gueltige_zweitstimmen": 903,
        "anteil_prozent": 65.33776301218161,
        "mehr_als_50_prozent": true
      },
      "geometry": {
        "type": "Polygon",
        "coordinates": [
          [
            [
              11.960795910307839,
              51.47454039837637
            ],
            [
              11.961326872796482,
              51.474427855289036
            ],
            [
              11.961571723248266,
              51.47438087726585
            ],
            [
              11.961817051585722,
              51.47434733881883
            ],
            [
              11.962085262496675,
              51.47431740566552
            ],
            [
              11.962401824021262,
              51.47428207559679
            ],
            [
              11.962584520509449,
              51.474261685214515
            ],
            [
              11.962994321355989,
              51.47426272694091
            ],
            [
              11.96322579608789,
              51.47426331472392
            ],
            [
              11.963250811638364,
              51.47437341061759
            ],
            [
              11.963269913046025,
              51.47445747742663
            ],
            [
              11.963269913067201,
              51.4744574774304
            ],
            [
              11.964127950329395,
              51.47437963437545
            ],
            [
              11.964134992696124,
              51.47451001474913
            ],
            [
              11.964134890603358,
              51.47464033698062
            ],
            [
              11.964148957737793,
              51.4751481338562
            ],
            [
              11.964177289929806,
              51.47568744447484
            ],
            [
              11.966401055209555,
              51.47561622005829
            ],
            [
              11.966566028296524,
              51.47642067521814
            ],
            [
              11.96598984747511,
              51.47692384044944
            ],
            [
              11.966169728826072,
              51.47700480741668
            ],
            [
              11.966457593618793,
              51.477063276565076
            ],
            [
              11.966788641758473,
              51.47704992964776
            ],
            [
              11.968019436304813,
              51.47685699282889
            ],
            [
              11.968883122744698,
              51.476641526548654
            ],
            [
              11.969113456328847,
              51.47660115839219
            ],
            [
              11.969365368825146,
              51.476605684434666
            ],
            [
              11.970257681490013,
              51.476709302434756
            ],
            [
              11.970258025963346,
              51.47617897999458
            ],
            [
              11.970272833422356,
              51.4755138777863
            ],
            [
              11.970273072647451,
              51.47514538470445
            ],
            [
              11.97015817807405,
              51.47482175252474
            ],
            [
              11.969985696450864,
              51.47448918212115
            ],
            [
              11.969798836060484,
              51.4740262317133
            ],
            [
              11.969863784116283,
              51.47384646238236
            ],
            [
              11.96961908237688,
              51.473895863065074
            ],
            [
              11.969417571206542,
              51.47385532635112
            ],
            [
              11.967999955499666,
              51.473810056755624
            ],
            [
              11.967560991647572,
              51.47379644149153
            ],
            [
              11.967136405599836,
              51.473782828609835
            ],
            [
              11.966697438753858,
              51.47376921011246
            ],
            [
              11.966057037664772,
              51.47374209251285
            ],
            [
              11.965035166253568,
              51.4737193190171
            ],
            [
              11.964114082493685,
              51.47373247991076
            ],
            [
              11.963595908306665,
              51.47372785867039
            ],
            [
              11.961609711236571,
              51.47374518405129
            ],
            [
              11.96035036795298,
              51.47376723792486
            ],
            [
              11.960558667889783,
              51.47420773867551
            ],
            [
              11.960795910307839,
              51.47454039837637
            ]
          ]
        ]
      }
    },
    {
      "type": "Feature",
      "properties": {
        "ags": "15002000",
        "wahlkreis": "036",
        "wahlbezirk": "010207",
        "gemeinde": "Halle (Saale), Stadt",
        "name": "Grundschule Am Ludwigsfeld",
        "wahlart": "U",
        "linke": 91,
        "spd": 79,
        "gruene": 173,
        "summe": 343,
        "gueltige_zweitstimmen": 680,
        "anteil_prozent": 50.44117647058823,
        "mehr_als_50_prozent": true
      },
      "geometry": {
        "type": "Polygon",
        "coordinates": [
          [
            [
              11.961609711236571,
              51.47374518405129
            ],
            [
              11.961632028225148,
              51.472900299047936
            ],
            [
              11.963596558644163,
              51.47290995782441
            ],
            [
              11.963611515516783,
              51.472177381552704
            ],
            [
              11.963612001252685,
              51.47156620019082
            ],
            [
              11.965087163074793,
              51.471575625334424
            ],
            [
              11.96510229166721,
              51.470586976024904
            ],
            [
              11.965721267369263,
              51.470434363531574
            ],
            [
              11.965836425407625,
              51.47034450321296
            ],
            [
              11.96515320357995,
              51.46985892540973
            ],
            [
              11.964930279257215,
              51.46971058234327
            ],
            [
              11.964290240102827,
              51.469292432093454
            ],
            [
              11.963837174391289,
              51.468986702496295
            ],
            [
              11.95849767573806,
              51.46943434412114
            ],
            [
              11.958361013143307,
              51.469398327294364
            ],
            [
              11.956957642175,
              51.46964948698949
            ],
            [
              11.95720899708434,
              51.47011248339941
            ],
            [
              11.957244549227735,
              51.47057539917377
            ],
            [
              11.957100324084319,
              51.470979808952976
            ],
            [
              11.956783320393981,
              51.471388616183184
            ],
            [
              11.957307711859256,
              51.472355044142745
            ],
            [
              11.958191256247643,
              51.474018153949224
            ],
            [
              11.95869431423808,
              51.47494558805713
            ],
            [
              11.958730150770997,
              51.47501157205979
            ],
            [
              11.958731845688252,
              51.47501508473727
            ],
            [
              11.958866716116672,
              51.47497927669823
            ],
            [
              11.9598384945975,
              51.47472114221787
            ],
            [
              11.960133692635296,
              51.47463904630978
            ],
            [
              11.959738036670439,
              51.47451756779617
            ],
            [
              11.959630275508157,
              51.47429279758755
            ],
            [
              11.960558667889783,
              51.47420773867551
            ],
            [
              11.96035036795298,
              51.47376723792486
            ],
            [
              11.961609711236571,
              51.47374518405129
            ]
          ]
        ]
      }
    },
    {
      "type": "Feature",
      "properties": {
        "ags": "15002000",
        "wahlkreis": "036",
        "wahlbezirk": "010204",
        "gemeinde": "Halle (Saale), Stadt",
        "name": "Georg-Cantor-Gymnasium",
        "wahlart": "U",
        "linke": 102,
        "spd": 78,
        "gruene": 185,
        "summe": 365,
        "gueltige_zweitstimmen": 696,
        "anteil_prozent": 52.44252873563219,
        "mehr_als_50_prozent": true
      },
      "geometry": {
        "type": "Polygon",
        "coordinates": [
          [
            [
              11.963269913067201,
              51.4744574774304
            ],
            [
              11.963269913046025,
              51.47445747742663
            ],
            [
              11.963250811638364,
              51.47437341061759
            ],
            [
              11.96322579608789,
              51.47426331472392
            ],
            [
              11.962994321355989,
              51.47426272694091
            ],
            [
              11.962584520509449,
              51.474261685214515
            ],
            [
              11.962401824021262,
              51.47428207559679
            ],
            [
              11.962085262496675,
              51.47431740566552
            ],
            [
              11.961817051585722,
              51.47434733881883
            ],
            [
              11.961571723248266,
              51.47438087726585
            ],
            [
              11.961326872796482,
              51.474427855289036
            ],
            [
              11.960795910307839,
              51.47454039837637
            ],
            [
              11.960558667889783,
              51.47420773867551
            ],
            [
              11.959630275508157,
              51.47429279758755
            ],
            [
              11.959738036670439,
              51.47451756779617
            ],
            [
              11.960133692635296,
              51.47463904630978
            ],
            [
              11.9598384945975,
              51.47472114221787
            ],
            [
              11.958866716116672,
              51.47497927669823
            ],
            [
              11.958731845688252,
              51.47501508473727
            ],
            [
              11.959635230130752,
              51.47687688135077
            ],
            [
              11.95965234079392,
              51.476916758837
            ],
            [
              11.960073343965277,
              51.47789719172112
            ],
            [
              11.959928491625089,
              51.478921818168864
            ],
            [
              11.959797856596952,
              51.480121663007765
            ],
            [
              11.959812177094516,
              51.48028795676123
            ],
            [
              11.959826410715046,
              51.48045425267284
            ],
            [
              11.962914453868462,
              51.479956397917846
            ],
            [
              11.963778125107945,
              51.47986231433935
            ],
            [
              11.96454835709394,
              51.47979964693422
            ],
            [
              11.965217746943264,
              51.479633556106094
            ],
            [
              11.965707242567497,
              51.479503377955005
            ],
            [
              11.96585123555053,
              51.47945847387504
            ],
            [
              11.966139241684656,
              51.479346191615065
            ],
            [
              11.966765606520042,
              51.47901379064539
            ],
            [
              11.967953258812047,
              51.47878046551838
            ],
            [
              11.96947912689395,
              51.47863253801238
            ],
            [
              11.969680864527376,
              51.478362968238976
            ],
            [
              11.969896917521904,
              51.47818775558958
            ],
            [
              11.970098432894158,
              51.478115871438455
            ],
            [
              11.970033806679963,
              51.47793160792855
            ],
            [
              11.970257681490013,
              51.476709302434756
            ],
            [
              11.969365368825146,
              51.476605684434666
            ],
            [
              11.969113456328847,
              51.47660115839219
            ],
            [
              11.968883122744698,
              51.476641526548654
            ],
            [
              11.968019436304813,
              51.47685699282889
            ],
            [
              11.966788641758473,
              51.47704992964776
            ],
            [
              11.966457593618793,
              51.477063276565076
            ],
            [
              11.966169728826072,
              51.47700480741668
            ],
            [
              11.96598984747511,
              51.47692384044944
            ],
            [
              11.966566028296524,
              51.47642067521814
            ],
            [
              11.966401055209555,
              51.47561622005829
            ],
            [
              11.964177289929806,
              51.47568744447484
            ],
            [
              11.964148957737793,
              51.4751481338562
            ],
            [
              11.964134890603358,
              51.47464033698062
            ],
            [
              11.964134992696124,
              51.47451001474913
            ],
            [
              11.964127950329395,
              51.47437963437545
            ],
            [
              11.963269913067201,
              51.4744574774304
            ]
          ]
        ]
      }
    },
    {
      "type": "Feature",
      "properties": {
        "ags": "15002000",
        "wahlkreis": "037",
        "wahlbezirk": "010303",
        "gemeinde": "Halle (Saale), Stadt",
        "name": "IGS.Halle am Steintor",
        "wahlart": "U",
        "linke": 114,
        "spd": 77,
        "gruene": 295,
        "summe": 486,
        "gueltige_zweitstimmen": 793,
        "anteil_prozent": 61.28625472887768,
        "mehr_als_50_prozent": true
      },
      "geometry": {
        "type": "Polygon",
        "coordinates": [
          [
            [
              11.97287726898825,
              51.488843880593556
            ],
            [
              11.973018007836588,
              51.48882861583319
            ],
            [
              11.97377978682062,
              51.48895720582517
            ],
            [
              11.975208138157173,
              51.48919056989136
            ],
            [
              11.975916627860878,
              51.48926443841645
            ],
            [
              11.97642513990149,
              51.48932161599209
            ],
            [
              11.977179404592476,
              51.48927658102324
            ],
            [
              11.97752889912722,
              51.489294484151095
            ],
            [
              11.978056448085958,
              51.48937662835201
            ],
            [
              11.97828988727692,
              51.48942211423773
            ],
            [
              11.97834422660487,
              51.48943824320081
            ],
            [
              11.978398879894165,
              51.489454465316754
            ],
            [
              11.97843899472699,
              51.48946637212404
            ],
            [
              11.978612567695773,
              51.48946115348401
            ],
            [
              11.978736651618593,
              51.48946524420451
            ],
            [
              11.978405764121066,
              51.488952874896015
            ],
            [
              11.979090291779714,
              51.487505907596315
            ],
            [
              11.979104690929628,
              51.48746994184711
            ],
            [
              11.979861225712089,
              51.48588819822953
            ],
            [
              11.979938555776418,
              51.485727499194944
            ],
            [
              11.98016384046827,
              51.485259057783146
            ],
            [
              11.980327439375282,
              51.48491384641472
            ],
            [
              11.980783447327536,
              51.4839514255018
            ],
            [
              11.980856567537655,
              51.48380315892325
            ],
            [
              11.98107155046826,
              51.483367225603374
            ],
            [
              11.981510972986035,
              51.48248197575683
            ],
            [
              11.981842309798461,
              51.48183036101774
            ],
            [
              11.980402905704373,
              51.48158297981421
            ],
            [
              11.980186883640066,
              51.481955953959734
            ],
            [
              11.980021159034216,
              51.482279472575414
            ],
            [
              11.977408699692136,
              51.48175771253251
            ],
            [
              11.977034528960331,
              51.481681241047475
            ],
            [
              11.976660241167496,
              51.48165417771145
            ],
            [
              11.976999031971651,
              51.48069252717038
            ],
            [
              11.976502440509886,
              51.48058909632588
            ],
            [
              11.976423335801421,
              51.48037784395074
            ],
            [
              11.976272322722547,
              51.48019356767819
            ],
            [
              11.976020344798261,
              51.48026991380965
            ],
            [
              11.975998704675543,
              51.480494585294615
            ],
            [
              11.975393630057352,
              51.481348328955676
            ],
            [
              11.974810044529445,
              51.4823908363302
            ],
            [
              11.9745218675457,
              51.4829750209341
            ],
            [
              11.973556295421504,
              51.48485329642603
            ],
            [
              11.973534603298623,
              51.484983611923255
            ],
            [
              11.971691305618275,
              51.48596291224677
            ],
            [
              11.97173452663684,
              51.48597641742941
            ],
            [
              11.971734412868813,
              51.48616066308509
            ],
            [
              11.970769703796138,
              51.48639859902048
            ],
            [
              11.969696794031996,
              51.48694660455633
            ],
            [
              11.969048772964545,
              51.48721159549628
            ],
            [
              11.96816316072322,
              51.48745850790348
            ],
            [
              11.967421670777506,
              51.48750325050517
            ],
            [
              11.966435628936509,
              51.487408619662695
            ],
            [
              11.966262630721241,
              51.48762878348355
            ],
            [
              11.968062076801269,
              51.48793036120469
            ],
            [
              11.968306858435596,
              51.48787650276899
            ],
            [
              11.969645681103753,
              51.48805664152531
            ],
            [
              11.970084739346678,
              51.48813761308136
            ],
            [
              11.970545298325609,
              51.488259072687526
            ],
            [
              11.97287726898825,
              51.488843880593556
            ]
          ]
        ]
      }
    },
    {
      "type": "Feature",
      "properties": {
        "ags": "15002000",
        "wahlkreis": "037",
        "wahlbezirk": "010304",
        "gemeinde": "Halle (Saale), Stadt",
        "name": "IGS.Halle am Steintor",
        "wahlart": "U",
        "linke": 152,
        "spd": 114,
        "gruene": 365,
        "summe": 631,
        "gueltige_zweitstimmen": 869,
        "anteil_prozent": 72.61219792865363,
        "mehr_als_50_prozent": true
      },
      "geometry": {
        "type": "Polygon",
        "coordinates": [
          [
            [
              11.978736651618593,
              51.48946524420451
            ],
            [
              11.978612567695773,
              51.48946115348401
            ],
            [
              11.97843899472699,
              51.48946637212404
            ],
            [
              11.978398879894165,
              51.489454465316754
            ],
            [
              11.97834422660487,
              51.48943824320081
            ],
            [
              11.97828988727692,
              51.48942211423773
            ],
            [
              11.978056448085958,
              51.48937662835201
            ],
            [
              11.97752889912722,
              51.489294484151095
            ],
            [
              11.977179404592476,
              51.48927658102324
            ],
            [
              11.97642513990149,
              51.48932161599209
            ],
            [
              11.975916627860878,
              51.48926443841645
            ],
            [
              11.975208138157173,
              51.48919056989136
            ],
            [
              11.97377978682062,
              51.48895720582517
            ],
            [
              11.973018007836588,
              51.48882861583319
            ],
            [
              11.97287726898825,
              51.488843880593556
            ],
            [
              11.970545298325609,
              51.488259072687526
            ],
            [
              11.970084739346678,
              51.48813761308136
            ],
            [
              11.969645681103753,
              51.48805664152531
            ],
            [
              11.968306858435596,
              51.48787650276899
            ],
            [
              11.968062076801269,
              51.48793036120469
            ],
            [
              11.966262630721241,
              51.48762878348355
            ],
            [
              11.96607521439075,
              51.48801517828997
            ],
            [
              11.966010225876298,
              51.488325267034746
            ],
            [
              11.967291486885046,
              51.48843799645126
            ],
            [
              11.967276974746412,
              51.488622239660614
            ],
            [
              11.969637801759244,
              51.48902733442821
            ],
            [
              11.970134480173153,
              51.48911283611177
            ],
            [
              11.969586577542465,
              51.49029914406481
            ],
            [
              11.969218861716977,
              51.49116189336251
            ],
            [
              11.968973740177942,
              51.49169661115281
            ],
            [
              11.97076537232326,
              51.49318012977068
            ],
            [
              11.972212801706732,
              51.49249736419818
            ],
            [
              11.972796118803458,
              51.49222336392122
            ],
            [
              11.97335780617561,
              51.49195833130268
            ],
            [
              11.974301122838858,
              51.4915046734626
            ],
            [
              11.975618881722129,
              51.490889257268016
            ],
            [
              11.976878978988154,
              51.49029182727073
            ],
            [
              11.978736651618593,
              51.48946524420451
            ]
          ]
        ]
      }
    },
    {
      "type": "Feature",
      "properties": {
        "ags": "15002000",
        "wahlkreis": "037",
        "wahlbezirk": "020402",
        "gemeinde": "Halle (Saale), Stadt",
        "name": "Grundschule G. E. Lessing",
        "wahlart": "U",
        "linke": 122,
        "spd": 95,
        "gruene": 330,
        "summe": 547,
        "gueltige_zweitstimmen": 785,
        "anteil_prozent": 69.68152866242038,
        "mehr_als_50_prozent": true
      },
      "geometry": {
        "type": "Polygon",
        "coordinates": [
          [
            [
              11.976929896445474,
              51.49619541461258
            ],
            [
              11.977144661047744,
              51.496326748406965
            ],
            [
              11.977560046602118,
              51.49682783200911
            ],
            [
              11.978107505485436,
              51.49735671418944
            ],
            [
              11.978372734369094,
              51.49763493724884
            ],
            [
              11.978610787421728,
              51.497789557467044
            ],
            [
              11.978767517063801,
              51.49795772334249
            ],
            [
              11.979848738220243,
              51.49802658242501
            ],
            [
              11.980359940974699,
              51.49805817774063
            ],
            [
              11.980612048771974,
              51.49767171386938
            ],
            [
              11.980893130100293,
              51.49699762278965
            ],
            [
              11.980910054598636,
              51.4969162533005
            ],
            [
              11.981405336720597,
              51.49453497660603
            ],
            [
              11.980310909918765,
              51.494692109653506
            ],
            [
              11.979447663617615,
              51.4932853020963
            ],
            [
              11.979634833500286,
              51.493249421817765
            ],
            [
              11.977223409823234,
              51.492471509111844
            ],
            [
              11.976589645633844,
              51.49309154314839
            ],
            [
              11.975833328247331,
              51.49381945226736
            ],
            [
              11.976452255555529,
              51.49412516755567
            ],
            [
              11.976747412360476,
              51.4943139334509
            ],
            [
              11.977207910290645,
              51.49471853984505
            ],
            [
              11.977430959728109,
              51.49512304307201
            ],
            [
              11.977566553488925,
              51.49556032549736
            ],
            [
              11.977467278107813,
              51.495566633928604
            ],
            [
              11.976902446328124,
              51.49560252157368
            ],
            [
              11.977058552619647,
              51.495998297376865
            ],
            [
              11.977048483655643,
              51.49612039877335
            ],
            [
              11.977014848069556,
              51.496145109437066
            ],
            [
              11.976989354086346,
              51.49615989002525
            ],
            [
              11.976929896445474,
              51.49619541461258
            ]
          ]
        ]
      }
    },
    {
      "type": "Feature",
      "properties": {
        "ags": "15002000",
        "wahlkreis": "037",
        "wahlbezirk": "020404",
        "gemeinde": "Halle (Saale), Stadt",
        "name": "Landesamt für Soziales, Jugend und Gesundheit",
        "wahlart": "U",
        "linke": 70,
        "spd": 85,
        "gruene": 272,
        "summe": 427,
        "gueltige_zweitstimmen": 587,
        "anteil_prozent": 72.74275979557069,
        "mehr_als_50_prozent": true
      },
      "geometry": {
        "type": "Polygon",
        "coordinates": [
          [
            [
              11.970165033169769,
              51.497467267937346
            ],
            [
              11.970498715545412,
              51.497309581142076
            ],
            [
              11.970575919117348,
              51.497369323449306
            ],
            [
              11.970604343901694,
              51.49739271756557
            ],
            [
              11.97065589718648,
              51.49743513624447
            ],
            [
              11.970684120574587,
              51.49745834154101
            ],
            [
              11.970736533692978,
              51.4974624711557
            ],
            [
              11.97092259859862,
              51.49738020678161
            ],
            [
              11.971131573992427,
              51.49740592601077
            ],
            [
              11.971185541902958,
              51.49741065800874
            ],
            [
              11.971342765986247,
              51.49742443925999
            ],
            [
              11.971518941623858,
              51.49744010261404
            ],
            [
              11.97152563387786,
              51.497400271102535
            ],
            [
              11.971595639254717,
              51.497405044249334
            ],
            [
              11.971604239375415,
              51.49736045699937
            ],
            [
              11.971838539591312,
              51.4973819162918
            ],
            [
              11.972294518687855,
              51.49742720859325
            ],
            [
              11.97267358820419,
              51.49746653600937
            ],
            [
              11.972948389163351,
              51.496650912109956
            ],
            [
              11.97297527765473,
              51.49627993502025
            ],
            [
              11.97295933181006,
              51.49614671561287
            ],
            [
              11.972815494139576,
              51.495998404203895
            ],
            [
              11.97272921329138,
              51.49581408342254
            ],
            [
              11.972722104311167,
              51.49560290120489
            ],
            [
              11.970187907644428,
              51.4954045440308
            ],
            [
              11.969403215459549,
              51.495336922218534
            ],
            [
              11.969518650019555,
              51.49505383676864
            ],
            [
              11.969482768816123,
              51.49486958040086
            ],
            [
              11.969302877632673,
              51.494689748686724
            ],
            [
              11.96838878986498,
              51.49430751949477
            ],
            [
              11.967661361119454,
              51.49465334093456
            ],
            [
              11.966545074883582,
              51.49519232617094
            ],
            [
              11.966206511768348,
              51.49540346576205
            ],
            [
              11.966242051029498,
              51.49603261142308
            ],
            [
              11.967912209956356,
              51.49631619566441
            ],
            [
              11.968891247104022,
              51.49648726676822
            ],
            [
              11.96999991208285,
              51.49667631765815
            ],
            [
              11.969891450895547,
              51.497359350418215
            ],
            [
              11.970165033169769,
              51.497467267937346
            ]
          ]
        ]
      }
    },
    {
      "type": "Feature",
      "properties": {
        "ags": "15002000",
        "wahlkreis": "037",
        "wahlbezirk": "020406",
        "gemeinde": "Halle (Saale), Stadt",
        "name": "Grundschule G. E. Lessing",
        "wahlart": "U",
        "linke": 94,
        "spd": 76,
        "gruene": 216,
        "summe": 386,
        "gueltige_zweitstimmen": 709,
        "anteil_prozent": 54.44287729196051,
        "mehr_als_50_prozent": true
      },
      "geometry": {
        "type": "Polygon",
        "coordinates": [
          [
            [
              11.978767517063801,
              51.49795772334249
            ],
            [
              11.978610787421728,
              51.497789557467044
            ],
            [
              11.978372734369094,
              51.49763493724884
            ],
            [
              11.978107505485436,
              51.49735671418944
            ],
            [
              11.977560046602118,
              51.49682783200911
            ],
            [
              11.977144661047744,
              51.496326748406965
            ],
            [
              11.976929896445474,
              51.49619541461258
            ],
            [
              11.976929895076697,
              51.49619541543039
            ],
            [
              11.97692989507753,
              51.49619541378465
            ],
            [
              11.976989354086346,
              51.49615989002525
            ],
            [
              11.977014848069556,
              51.496145109437066
            ],
            [
              11.977048483655643,
              51.49612039877335
            ],
            [
              11.977058552619647,
              51.495998297376865
            ],
            [
              11.976902446328124,
              51.49560252157368
            ],
            [
              11.977467278107813,
              51.495566633928604
            ],
            [
              11.977566553488925,
              51.49556032549736
            ],
            [
              11.977430959728109,
              51.49512304307201
            ],
            [
              11.977207910290645,
              51.49471853984505
            ],
            [
              11.976747412360476,
              51.4943139334509
            ],
            [
              11.975739186365976,
              51.49480361993824
            ],
            [
              11.974766964484282,
              51.49525282285422
            ],
            [
              11.974946844790136,
              51.4954910314359
            ],
            [
              11.974989980202915,
              51.49568426477149
            ],
            [
              11.974961016148228,
              51.49588199817694
            ],
            [
              11.974852911588876,
              51.496052783306176
            ],
            [
              11.974737696572673,
              51.49616060630497
            ],
            [
              11.974550469288966,
              51.49627293178999
            ],
            [
              11.974248000199243,
              51.496376198145484
            ],
            [
              11.973938420147809,
              51.49641209812134
            ],
            [
              11.973592774199327,
              51.496398526173124
            ],
            [
              11.973348015075299,
              51.49634454620885
            ],
            [
              11.973139277433718,
              51.49626358448055
            ],
            [
              11.97295933181006,
              51.49614671561287
            ],
            [
              11.97297527765473,
              51.49627993502025
            ],
            [
              11.972948389163351,
              51.496650912109956
            ],
            [
              11.97267358820419,
              51.49746653600937
            ],
            [
              11.972294518687855,
              51.49742720859325
            ],
            [
              11.971838539591312,
              51.4973819162918
            ],
            [
              11.971604239375415,
              51.49736045699937
            ],
            [
              11.971595639254717,
              51.497405044249334
            ],
            [
              11.97152563387786,
              51.497400271102535
            ],
            [
              11.971518941623858,
              51.49744010261404
            ],
            [
              11.971342765986247,
              51.49742443925999
            ],
            [
              11.971185541902958,
              51.49741065800874
            ],
            [
              11.971131573992427,
              51.49740592601077
            ],
            [
              11.97092259859862,
              51.49738020678161
            ],
            [
              11.970736533692978,
              51.4974624711557
            ],
            [
              11.970684120574587,
              51.49745834154101
            ],
            [
              11.97065589718648,
              51.49743513624447
            ],
            [
              11.970604343901694,
              51.49739271756557
            ],
            [
              11.970575919117348,
              51.497369323449306
            ],
            [
              11.970498715545412,
              51.497309581142076
            ],
            [
              11.970165033169769,
              51.497467267937346
            ],
            [
              11.970244069881682,
              51.497651590912405
            ],
            [
              11.9698191194876,
              51.497849166027365
            ],
            [
              11.969645641154125,
              51.49889175165904
            ],
            [
              11.969544505656824,
              51.499422045939326
            ],
            [
              11.969414232102572,
              51.5003747487209
            ],
            [
              11.970767150787934,
              51.50060411115277
            ],
            [
              11.971941322231576,
              51.50080231127937
            ],
            [
              11.971561957434716,
              51.50184056262744
            ],
            [
              11.971489973285122,
              51.50184548137778
            ],
            [
              11.971261358395697,
              51.50183591313137
            ],
            [
              11.971078767314262,
              51.501830527250654
            ],
            [
              11.971537406856017,
              51.50190774618731
            ],
            [
              11.971926216447645,
              51.50197525748471
            ],
            [
              11.973128776229336,
              51.501980000431175
            ],
            [
              11.973539185521137,
              51.5019351477255
            ],
            [
              11.974011377223258,
              51.50183910967356
            ],
            [
              11.974079202931922,
              51.50195774216873
            ],
            [
              11.97409979395191,
              51.501993758271105
            ],
            [
              11.97423254212974,
              51.50195375474987
            ],
            [
              11.974584794598114,
              51.50185810275192
            ],
            [
              11.974756613199023,
              51.50181275559992
            ],
            [
              11.974904618032324,
              51.50177695568738
            ],
            [
              11.975232287332993,
              51.50169847444858
            ],
            [
              11.975479763449243,
              51.50164107485576
            ],
            [
              11.975728228632397,
              51.50158541616544
            ],
            [
              11.976045435286442,
              51.50151532060778
            ],
            [
              11.97646900598496,
              51.50142171821581
            ],
            [
              11.976990407128838,
              51.50130649550515
            ],
            [
              11.977588038397633,
              51.501174673222515
            ],
            [
              11.978205141737158,
              51.50103883199541
            ],
            [
              11.978827823426458,
              51.50090175858793
            ],
            [
              11.979183014095442,
              51.50082356859312
            ],
            [
              11.97980808005498,
              51.50068596375435
            ],
            [
              11.980408031465824,
              51.50055388501354
            ],
            [
              11.98102412120967,
              51.500418249854945
            ],
            [
              11.982245500998706,
              51.500152657606215
            ],
            [
              11.983597804700096,
              51.499852111040525
            ],
            [
              11.983498548304441,
              51.49975289580929
            ],
            [
              11.98294422017528,
              51.499352818520954
            ],
            [
              11.982469081647983,
              51.49912355581066
            ],
            [
              11.981518736268658,
              51.49887626318119
            ],
            [
              11.980568501245862,
              51.49860648716507
            ],
            [
              11.980143738615,
              51.49845362258317
            ],
            [
              11.980359940974699,
              51.49805817774063
            ],
            [
              11.979848738220243,
              51.49802658242501
            ],
            [
              11.978767517063801,
              51.49795772334249
            ]
          ]
        ]
      }
    },
    {
      "type": "Feature",
      "properties": {
        "ags": "15002000",
        "wahlkreis": "037",
        "wahlbezirk": "090059",
        "gemeinde": "Halle (Saale), Stadt",
        "name": "Briefwahlbezirk 90059",
        "wahlart": "B",
        "linke": 132,
        "spd": 128,
        "gruene": 297,
        "summe": 557,
        "gueltige_zweitstimmen": 708,
        "anteil_prozent": 78.67231638418079,
        "mehr_als_50_prozent": true
      },
      "geometry": {
        "type": "Polygon",
        "coordinates": [
          [
            [
              11.971691305618275,
              51.48596291224677
            ],
            [
              11.973534603298623,
              51.484983611923255
            ],
            [
              11.973333104331592,
              51.4848307724076
            ],
            [
              11.972858263395489,
              51.484592493114754
            ],
            [
              11.972376101313888,
              51.48434969307397
            ],
            [
              11.972217788399103,
              51.48428223561188
            ],
            [
              11.97211706001124,
              51.48424629881569
            ],
            [
              11.971678078156842,
              51.48409785985099
            ],
            [
              11.971073499709862,
              51.483967390435446
            ],
            [
              11.970483380826202,
              51.483854877450135
            ],
            [
              11.970339418711067,
              51.4838323692643
            ],
            [
              11.969698933139078,
              51.48371537845849
            ],
            [
              11.969389325485773,
              51.48378271773123
            ],
            [
              11.969331980877572,
              51.48352205865122
            ],
            [
              11.969395520990046,
              51.483197581198105
            ],
            [
              11.969256290317917,
              51.483185442919826
            ],
            [
              11.96913956587402,
              51.48317314362192
            ],
            [
              11.96897104507784,
              51.48315503302704
            ],
            [
              11.968836818563782,
              51.483138824482594
            ],
            [
              11.968733402028287,
              51.483126529957254
            ],
            [
              11.96871303810109,
              51.48312652453295
            ],
            [
              11.968713038177206,
              51.48312641316909
            ],
            [
              11.96869964137734,
              51.48312696696666
            ],
            [
              11.968690442807542,
              51.48312729860587
            ],
            [
              11.968665433658684,
              51.48312846262675
            ],
            [
              11.968579601849616,
              51.483129221431646
            ],
            [
              11.968555249921934,
              51.48308432265184
            ],
            [
              11.968547660119588,
              51.48308593896114
            ],
            [
              11.968502817554015,
              51.48309507304223
            ],
            [
              11.96815176714449,
              51.483166690651615
            ],
            [
              11.967971691355835,
              51.483323953294
            ],
            [
              11.967410168486875,
              51.48346310017394
            ],
            [
              11.966848727453504,
              51.483480899458854
            ],
            [
              11.96672633542369,
              51.48352581085738
            ],
            [
              11.966424002236263,
              51.48353470192314
            ],
            [
              11.966164922539752,
              51.48350769394821
            ],
            [
              11.965725845927775,
              51.483521061370475
            ],
            [
              11.965380470210297,
              51.48339961675514
            ],
            [
              11.965546206084753,
              51.48308509656798
            ],
            [
              11.965603874865575,
              51.48300419856583
            ],
            [
              11.96569750411744,
              51.4829637975779
            ],
            [
              11.965700095261244,
              51.48296368697103
            ],
            [
              11.965673162049972,
              51.48290964238108
            ],
            [
              11.965677830820228,
              51.482756457510554
            ],
            [
              11.965186628159882,
              51.48273891378702
            ],
            [
              11.965172233259578,
              51.48275686598442
            ],
            [
              11.965100196563899,
              51.48282426472825
            ],
            [
              11.964927395297389,
              51.48291862402417
            ],
            [
              11.964689777758078,
              51.48297693764621
            ],
            [
              11.964596285865742,
              51.48295443592961
            ],
            [
              11.964473946192308,
              51.48292746482275
            ],
            [
              11.964265331108685,
              51.48278810229647
            ],
            [
              11.963811472854168,
              51.483205863647754
            ],
            [
              11.963444032682263,
              51.48365967225204
            ],
            [
              11.962903278641491,
              51.48481896113392
            ],
            [
              11.962261716146461,
              51.4860141838033
            ],
            [
              11.961930099959757,
              51.48652192592881
            ],
            [
              11.96222515900678,
              51.48669277159035
            ],
            [
              11.962635243377937,
              51.486895162544336
            ],
            [
              11.962843968119119,
              51.48691318304864
            ],
            [
              11.963117551804451,
              51.48692224863972
            ],
            [
              11.963498966584584,
              51.48701225928151
            ],
            [
              11.963657258203074,
              51.487106663703315
            ],
            [
              11.963822799940266,
              51.48717865036151
            ],
            [
              11.964017063879734,
              51.48719214887462
            ],
            [
              11.964348325627354,
              51.4871158532677
            ],
            [
              11.96506806582954,
              51.487241929913715
            ],
            [
              11.966090079245754,
              51.48736357438347
            ],
            [
              11.966435628936509,
              51.487408619662695
            ],
            [
              11.967421670777506,
              51.48750325050517
            ],
            [
              11.96816316072322,
              51.48745850790348
            ],
            [
              11.969048772964545,
              51.48721159549628
            ],
            [
              11.969696794031996,
              51.48694660455633
            ],
            [
              11.970769703796138,
              51.48639859902048
            ],
            [
              11.971734412868813,
              51.48616066308509
            ],
            [
              11.97173452663684,
              51.48597641742941
            ],
            [
              11.971691305618275,
              51.48596291224677
            ]
          ]
        ]
      }
    },
    {
      "type": "Feature",
      "properties": {
        "ags": "15002000",
        "wahlkreis": "037",
        "wahlbezirk": "090053",
        "gemeinde": "Halle (Saale), Stadt",
        "name": "Briefwahlbezirk 90053",
        "wahlart": "B",
        "linke": 112,
        "spd": 108,
        "gruene": 245,
        "summe": 465,
        "gueltige_zweitstimmen": 600,
        "anteil_prozent": 77.5,
        "mehr_als_50_prozent": true
      },
      "geometry": {
        "type": "Polygon",
        "coordinates": [
          [
            [
              11.968973740177942,
              51.49169661115281
            ],
            [
              11.969218861716977,
              51.49116189336251
            ],
            [
              11.969586577542465,
              51.49029914406481
            ],
            [
              11.970134480173153,
              51.48911283611177
            ],
            [
              11.969637801759244,
              51.48902733442821
            ],
            [
              11.967276974746412,
              51.488622239660614
            ],
            [
              11.967291486885046,
              51.48843799645126
            ],
            [
              11.966010225876298,
              51.488325267034746
            ],
            [
              11.966002967077433,
              51.48835671614923
            ],
            [
              11.965894602361093,
              51.48885555493478
            ],
            [
              11.965484194591617,
              51.48904414337838
            ],
            [
              11.96495845133338,
              51.48936758825115
            ],
            [
              11.964634317842533,
              51.48956071541473
            ],
            [
              11.963907055149944,
              51.48986608556383
            ],
            [
              11.963295138702128,
              51.48990638014361
            ],
            [
              11.962445623283639,
              51.4899330450499
            ],
            [
              11.96235203230858,
              51.48990608150502
            ],
            [
              11.962020352781993,
              51.490562100235394
            ],
            [
              11.962516695774953,
              51.49106107382464
            ],
            [
              11.962473387875228,
              51.491150953559114
            ],
            [
              11.963106819207681,
              51.49125900267924
            ],
            [
              11.964085726531158,
              51.49143457405
            ],
            [
              11.964568041036193,
              51.49151563483926
            ],
            [
              11.965942874060294,
              51.49168679407213
            ],
            [
              11.966778028881679,
              51.49167353693508
            ],
            [
              11.968973740177942,
              51.49169661115281
            ]
          ]
        ]
      }
    },
    {
      "type": "Feature",
      "properties": {
        "ags": "15002000",
        "wahlkreis": "037",
        "wahlbezirk": "090039",
        "gemeinde": "Halle (Saale), Stadt",
        "name": "Briefwahlbezirk 90039",
        "wahlart": "B",
        "linke": 129,
        "spd": 97,
        "gruene": 314,
        "summe": 540,
        "gueltige_zweitstimmen": 722,
        "anteil_prozent": 74.79224376731302,
        "mehr_als_50_prozent": true
      },
      "geometry": {
        "type": "Polygon",
        "coordinates": [
          [
            [
              11.969224159149729,
              51.493912259934156
            ],
            [
              11.97076537232326,
              51.49318012977068
            ],
            [
              11.968973740177942,
              51.49169661115281
            ],
            [
              11.966778028881679,
              51.49167353693508
            ],
            [
              11.965942874060294,
              51.49168679407213
            ],
            [
              11.964568041036193,
              51.49151563483926
            ],
            [
              11.964085726531158,
              51.49143457405
            ],
            [
              11.963106819207681,
              51.49125900267924
            ],
            [
              11.962473387875228,
              51.491150953559114
            ],
            [
              11.961795513948733,
              51.492597825193464
            ],
            [
              11.961341937829001,
              51.49264262266744
            ],
            [
              11.961305509666488,
              51.49315040387723
            ],
            [
              11.961269134209855,
              51.49359081934846
            ],
            [
              11.962384963147734,
              51.49363612754393
            ],
            [
              11.96391841832254,
              51.49369505115664
            ],
            [
              11.96609257679389,
              51.49375408443527
            ],
            [
              11.966177987366004,
              51.495075395602264
            ],
            [
              11.966206511768348,
              51.49540346576205
            ],
            [
              11.966545074883582,
              51.49519232617094
            ],
            [
              11.967661361119454,
              51.49465334093456
            ],
            [
              11.96838878986498,
              51.49430751949477
            ],
            [
              11.96905133359295,
              51.49399312872449
            ],
            [
              11.969224159149729,
              51.493912259934156
            ]
          ]
        ]
      }
    },
    {
      "type": "Feature",
      "properties": {
        "ags": "15002000",
        "wahlkreis": "036",
        "wahlbezirk": "090002",
        "gemeinde": "Halle (Saale), Stadt",
        "name": "Briefwahlbezirk 90002",
        "wahlart": "B",
        "linke": 100,
        "spd": 74,
        "gruene": 162,
        "summe": 336,
        "gueltige_zweitstimmen": 542,
        "anteil_prozent": 61.99261992619926,
        "mehr_als_50_prozent": true
      },
      "geometry": {
        "type": "Polygon",
        "coordinates": [
          [
            [
              11.97607137912042,
              51.4791688497207
            ],
            [
              11.97615055694948,
              51.479065534887255
            ],
            [
              11.976337773399159,
              51.478831862047684
            ],
            [
              11.976359407905038,
              51.478786920348824
            ],
            [
              11.977518414506948,
              51.47821639550084
            ],
            [
              11.977630660213668,
              51.478140794758254
            ],
            [
              11.977724081132969,
              51.478096245526984
            ],
            [
              11.977775130021415,
              51.47807784228802
            ],
            [
              11.97779612000671,
              51.4780702746044
            ],
            [
              11.977843052211883,
              51.4780533517533
            ],
            [
              11.977994618909026,
              51.478023669103194
            ],
            [
              11.978031707137768,
              51.478021286931074
            ],
            [
              11.978054727052173,
              51.478019808392226
            ],
            [
              11.978105641981275,
              51.478016537318496
            ],
            [
              11.978219200537715,
              51.478022157896724
            ],
            [
              11.978338200491441,
              51.4780338539167
            ],
            [
              11.978728563108826,
              51.478072223483025
            ],
            [
              11.97920396432161,
              51.47811894761101
            ],
            [
              11.980156612129278,
              51.47821805020919
            ],
            [
              11.980656753010544,
              51.47826725005927
            ],
            [
              11.980881274066979,
              51.47828933467764
            ],
            [
              11.98109740381282,
              51.47830447125749
            ],
            [
              11.981397897952078,
              51.47832089190998
            ],
            [
              11.98153503584683,
              51.47833287666285
            ],
            [
              11.981669144237905,
              51.47835241817201
            ],
            [
              11.981770607837323,
              51.47837931546184
            ],
            [
              11.981802237054753,
              51.47838770118835
            ],
            [
              11.981985741870393,
              51.47844628880457
            ],
            [
              11.98210757064633,
              51.47848819727394
            ],
            [
              11.982162268976257,
              51.478507014030235
            ],
            [
              11.982344682862369,
              51.47856976088314
            ],
            [
              11.982537811560997,
              51.47863116225338
            ],
            [
              11.982635642278874,
              51.47866829934935
            ],
            [
              11.9827613094803,
              51.47869447685988
            ],
            [
              11.982812824886562,
              51.47870520935765
            ],
            [
              11.98288411493079,
              51.47870783544305
            ],
            [
              11.9829562701845,
              51.478703811591224
            ],
            [
              11.983029137534539,
              51.47869134662907
            ],
            [
              11.982985134856301,
              51.47859210290819
            ],
            [
              11.98296995754639,
              51.47843752313912
            ],
            [
              11.98300047282617,
              51.47831148713586
            ],
            [
              11.983057639069342,
              51.47820448119942
            ],
            [
              11.983050175058066,
              51.47808572169415
            ],
            [
              11.983046280622071,
              51.4780237429671
            ],
            [
              11.983110576702678,
              51.477799432261925
            ],
            [
              11.983326838580686,
              51.476891614597186
            ],
            [
              11.983643499150729,
              51.47689617454434
            ],
            [
              11.98396015822201,
              51.47690519752214
            ],
            [
              11.984010452477781,
              51.47710746223172
            ],
            [
              11.985068449402208,
              51.47697276317399
            ],
            [
              11.98546424968043,
              51.47690990857745
            ],
            [
              11.986767329134919,
              51.475368615044104
            ],
            [
              11.98747283229047,
              51.4745372407684
            ],
            [
              11.98768154321587,
              51.47444290894338
            ],
            [
              11.98863892170663,
              51.47322064054194
            ],
            [
              11.988358310605896,
              51.473067818866994
            ],
            [
              11.988775708609602,
              51.47289259103721
            ],
            [
              11.98849508442488,
              51.472798154077914
            ],
            [
              11.986163624513178,
              51.47257322505614
            ],
            [
              11.985710297308371,
              51.47254171953473
            ],
            [
              11.98361628314642,
              51.472339188865384
            ],
            [
              11.983615977963675,
              51.4731930583202
            ],
            [
              11.983572173823408,
              51.47508057735673
            ],
            [
              11.9835648099559,
              51.47544460777354
            ],
            [
              11.983169004686994,
              51.47553890725837
            ],
            [
              11.98211832403176,
              51.47553423498695
            ],
            [
              11.980887702262455,
              51.47554307437486
            ],
            [
              11.97914615946568,
              51.47544836835582
            ],
            [
              11.977764523518845,
              51.475299836233326
            ],
            [
              11.976958572708654,
              51.475196294491695
            ],
            [
              11.976903690764845,
              51.47530284866392
            ],
            [
              11.976586238691752,
              51.476171878839
            ],
            [
              11.976369056271762,
              51.47687435952413
            ],
            [
              11.976353384084124,
              51.47696553166408
            ],
            [
              11.976371638784228,
              51.47706396081027
            ],
            [
              11.976392484093966,
              51.47716277997234
            ],
            [
              11.976453409242268,
              51.47729712899142
            ],
            [
              11.976531383637715,
              51.47744101699327
            ],
            [
              11.976541643922625,
              51.47745629894969
            ],
            [
              11.976613212075845,
              51.47756354850902
            ],
            [
              11.97662838669662,
              51.47757397969662
            ],
            [
              11.976729354091177,
              51.47764320450359
            ],
            [
              11.976796306131064,
              51.47769189916894
            ],
            [
              11.97690985749765,
              51.47777434295937
            ],
            [
              11.976676567492984,
              51.47783424360436
            ],
            [
              11.976007043855954,
              51.47821609650868
            ],
            [
              11.975683125058277,
              51.47841377225564
            ],
            [
              11.97543113184683,
              51.47853506264953
            ],
            [
              11.975114402998868,
              51.478638384516444
            ],
            [
              11.97473293511013,
              51.47872819682792
            ],
            [
              11.9742507096661,
              51.47869658322337
            ],
            [
              11.974215522857017,
              51.47869406789429
            ],
            [
              11.974176457093218,
              51.47892559321243
            ],
            [
              11.974164091101251,
              51.47899959156784
            ],
            [
              11.97540204482958,
              51.47915075497528
            ],
            [
              11.975574715460146,
              51.479240684760704
            ],
            [
              11.975656523743707,
              51.47922882310613
            ],
            [
              11.97607137912042,
              51.4791688497207
            ]
          ]
        ]
      }
    },
    {
      "type": "Feature",
      "properties": {
        "ags": "15002000",
        "wahlkreis": "036",
        "wahlbezirk": "090003",
        "gemeinde": "Halle (Saale), Stadt",
        "name": "Briefwahlbezirk 90003",
        "wahlart": "B",
        "linke": 83,
        "spd": 107,
        "gruene": 164,
        "summe": 354,
        "gueltige_zweitstimmen": 546,
        "anteil_prozent": 64.83516483516483,
        "mehr_als_50_prozent": true
      },
      "geometry": {
        "type": "Polygon",
        "coordinates": [
          [
            [
              11.981644675537948,
              51.472213092249575
            ],
            [
              11.98361628314642,
              51.472339188865384
            ],
            [
              11.983631098939513,
              51.47136397722934
            ],
            [
              11.983653083437545,
              51.470056240288486
            ],
            [
              11.983653152355695,
              51.469862957706276
            ],
            [
              11.981085300536634,
              51.46974831174781
            ],
            [
              11.980523159008271,
              51.46972318107966
            ],
            [
              11.979941868782749,
              51.469700052294904
            ],
            [
              11.979501379056392,
              51.46968257877033
            ],
            [
              11.976973041519145,
              51.46968545566119
            ],
            [
              11.976794912658596,
              51.4696856992886
            ],
            [
              11.976148209975793,
              51.46968640524316
            ],
            [
              11.974795742925952,
              51.469268166040976
            ],
            [
              11.974630100834107,
              51.469456895334865
            ],
            [
              11.973816447151275,
              51.47037348984486
            ],
            [
              11.97327642785814,
              51.47099358293138
            ],
            [
              11.97218958458066,
              51.47145623329526
            ],
            [
              11.972175144113425,
              51.47155956314116
            ],
            [
              11.97391651925823,
              51.471663350969756
            ],
            [
              11.974715197027741,
              51.47171293344943
            ],
            [
              11.976988992977319,
              51.4718796905831
            ],
            [
              11.976974271810416,
              51.47256280651643
            ],
            [
              11.97951438451416,
              51.47274300705365
            ],
            [
              11.979442138733338,
              51.47335869345477
            ],
            [
              11.98170174947531,
              51.47351637897731
            ],
            [
              11.981644675537948,
              51.472213092249575
            ]
          ]
        ]
      }
    },
    {
      "type": "Feature",
      "properties": {
        "ags": "15002000",
        "wahlkreis": "037",
        "wahlbezirk": "090057",
        "gemeinde": "Halle (Saale), Stadt",
        "name": "Briefwahlbezirk 90057",
        "wahlart": "B",
        "linke": 130,
        "spd": 108,
        "gruene": 316,
        "summe": 554,
        "gueltige_zweitstimmen": 706,
        "anteil_prozent": 78.47025495750708,
        "mehr_als_50_prozent": true
      },
      "geometry": {
        "type": "Polygon",
        "coordinates": [
          [
            [
              11.974766964484282,
              51.49525282285422
            ],
            [
              11.975739186365976,
              51.49480361993824
            ],
            [
              11.976747412360476,
              51.4943139334509
            ],
            [
              11.976452255555529,
              51.49412516755567
            ],
            [
              11.975833328247331,
              51.49381945226736
            ],
            [
              11.976589645633844,
              51.49309154314839
            ],
            [
              11.977223409823234,
              51.492471509111844
            ],
            [
              11.975265610274798,
              51.491837459751004
            ],
            [
              11.974301122838858,
              51.4915046734626
            ],
            [
              11.97335780617561,
              51.49195833130268
            ],
            [
              11.972796118803458,
              51.49222336392122
            ],
            [
              11.972212801706732,
              51.49249736419818
            ],
            [
              11.972831247456392,
              51.49368841680494
            ],
            [
              11.97231998546854,
              51.49384561095842
            ],
            [
              11.97185192653172,
              51.49405221811574
            ],
            [
              11.973161563780499,
              51.495131122867285
            ],
            [
              11.97295269918935,
              51.49527489150525
            ],
            [
              11.97281583586846,
              51.49542313813208
            ],
            [
              11.972722104311167,
              51.49560290120489
            ],
            [
              11.97272921329138,
              51.49581408342254
            ],
            [
              11.972815494139576,
              51.495998404203895
            ],
            [
              11.97295933181006,
              51.49614671561287
            ],
            [
              11.973139277433718,
              51.49626358448055
            ],
            [
              11.973348015075299,
              51.49634454620885
            ],
            [
              11.973592774199327,
              51.496398526173124
            ],
            [
              11.973938420147809,
              51.49641209812134
            ],
            [
              11.974248000199243,
              51.496376198145484
            ],
            [
              11.974550469288966,
              51.49627293178999
            ],
            [
              11.974737696572673,
              51.49616060630497
            ],
            [
              11.974852911588876,
              51.496052783306176
            ],
            [
              11.974961016148228,
              51.49588199817694
            ],
            [
              11.974989980202915,
              51.49568426477149
            ],
            [
              11.974946844790136,
              51.4954910314359
            ],
            [
              11.974766964484282,
              51.49525282285422
            ]
          ]
        ]
      }
    },
    {
      "type": "Feature",
      "properties": {
        "ags": "15002000",
        "wahlkreis": "037",
        "wahlbezirk": "090031",
        "gemeinde": "Halle (Saale), Stadt",
        "name": "Briefwahlbezirk 90031",
        "wahlart": "B",
        "linke": 87,
        "spd": 97,
        "gruene": 217,
        "summe": 401,
        "gueltige_zweitstimmen": 541,
        "anteil_prozent": 74.12199630314232,
        "mehr_als_50_prozent": true
      },
      "geometry": {
        "type": "Polygon",
        "coordinates": [
          [
            [
              11.948427521235741,
              51.502042797349304
            ],
            [
              11.94902809641852,
              51.5019450775242
            ],
            [
              11.950209282411661,
              51.501716392310975
            ],
            [
              11.951124101141323,
              51.50141118701407
            ],
            [
              11.951750684434446,
              51.5012586527127
            ],
            [
              11.953522372092136,
              51.50091329244388
            ],
            [
              11.954753762119381,
              51.50082388173773
            ],
            [
              11.95492649611661,
              51.500891367566204
            ],
            [
              11.956359695290171,
              51.50054588993089
            ],
            [
              11.957576853363063,
              51.500276657437766
            ],
            [
              11.95788665862252,
              51.50003859908658
            ],
            [
              11.960054715705251,
              51.49923941581645
            ],
            [
              11.962423400865209,
              51.49947842368922
            ],
            [
              11.962704805571777,
              51.498750451273565
            ],
            [
              11.96109211330236,
              51.49858815503873
            ],
            [
              11.958485829401916,
              51.49834909296642
            ],
            [
              11.958385030383429,
              51.49837147482495
            ],
            [
              11.95750682806134,
              51.49813750625409
            ],
            [
              11.956095918703834,
              51.49777747246136
            ],
            [
              11.956154437007887,
              51.49684723129458
            ],
            [
              11.956262668267156,
              51.49661807929859
            ],
            [
              11.954858813717447,
              51.496500666523275
            ],
            [
              11.95432597788513,
              51.49651847060259
            ],
            [
              11.954175068171445,
              51.49626674754052
            ],
            [
              11.952806998241,
              51.49637851490728
            ],
            [
              11.95247574438297,
              51.49645031832905
            ],
            [
              11.951323527113296,
              51.49671048809215
            ],
            [
              11.95077600682532,
              51.49700235448046
            ],
            [
              11.949817545729507,
              51.49775248452662
            ],
            [
              11.94916854603647,
              51.498655479249514
            ],
            [
              11.948533781620535,
              51.499670841233645
            ],
            [
              11.948259113336837,
              51.50063695187546
            ],
            [
              11.948250777302379,
              51.50160769706247
            ],
            [
              11.948427521235741,
              51.502042797349304
            ]
          ]
        ]
      }
    },
    {
      "type": "Feature",
      "properties": {
        "ags": "15002000",
        "wahlkreis": "037",
        "wahlbezirk": "090013",
        "gemeinde": "Halle (Saale), Stadt",
        "name": "Briefwahlbezirk 90013",
        "wahlart": "B",
        "linke": 94,
        "spd": 91,
        "gruene": 275,
        "summe": 460,
        "gueltige_zweitstimmen": 652,
        "anteil_prozent": 70.5521472392638,
        "mehr_als_50_prozent": true
      },
      "geometry": {
        "type": "Polygon",
        "coordinates": [
          [
            [
              11.94902809641852,
              51.5019450775242
            ],
            [
              11.948427521235741,
              51.502042797349304
            ],
            [
              11.948573950020792,
              51.502403262666974
            ],
            [
              11.949350987196556,
              51.503010318797365
            ],
            [
              11.950480887857363,
              51.50354558266844
            ],
            [
              11.95225179148432,
              51.5040451293172
            ],
            [
              11.954742561685398,
              51.50482809987993
            ],
            [
              11.955815057128195,
              51.5053318389185
            ],
            [
              11.956412309241902,
              51.50580840152574
            ],
            [
              11.95662798355282,
              51.506221975519026
            ],
            [
              11.95668518780345,
              51.506581509085336
            ],
            [
              11.95719640048261,
              51.50668954575456
            ],
            [
              11.95727554666368,
              51.50681091738455
            ],
            [
              11.957534661394675,
              51.50693681585949
            ],
            [
              11.957779503299525,
              51.506941421238764
            ],
            [
              11.958406070213151,
              51.5068697079508
            ],
            [
              11.958650949855915,
              51.506829366232196
            ],
            [
              11.95909758823275,
              51.50670817987914
            ],
            [
              11.95923447916851,
              51.506613872489055
            ],
            [
              11.9598684274897,
              51.50637140582434
            ],
            [
              11.960120691304871,
              51.506160256179456
            ],
            [
              11.960293668020412,
              51.505980585727215
            ],
            [
              11.959898013222434,
              51.50544566970671
            ],
            [
              11.959559960821954,
              51.50505905068851
            ],
            [
              11.959243404795469,
              51.504721901069296
            ],
            [
              11.961419074118433,
              51.50360807149799
            ],
            [
              11.961844091923231,
              51.503437458335235
            ],
            [
              11.962196911244822,
              51.50337015475668
            ],
            [
              11.962520988335319,
              51.50337477463117
            ],
            [
              11.96332738892709,
              51.503496373227264
            ],
            [
              11.963845897065593,
              51.503505511676806
            ],
            [
              11.965819148026705,
              51.50317352408059
            ],
            [
              11.965776598078364,
              51.502360074247974
            ],
            [
              11.963674163965386,
              51.50204041471076
            ],
            [
              11.963797112853845,
              51.50135733894274
            ],
            [
              11.961658812122282,
              51.50104655330961
            ],
            [
              11.962084252280778,
              51.50033664189193
            ],
            [
              11.962423400865209,
              51.49947842368922
            ],
            [
              11.960054715705251,
              51.49923941581645
            ],
            [
              11.95788665862252,
              51.50003859908658
            ],
            [
              11.957576853363063,
              51.500276657437766
            ],
            [
              11.956359695290171,
              51.50054588993089
            ],
            [
              11.95492649611661,
              51.500891367566204
            ],
            [
              11.954753762119381,
              51.50082388173773
            ],
            [
              11.953522372092136,
              51.50091329244388
            ],
            [
              11.951750684434446,
              51.5012586527127
            ],
            [
              11.951124101141323,
              51.50141118701407
            ],
            [
              11.950209282411661,
              51.501716392310975
            ],
            [
              11.94902809641852,
              51.5019450775242
            ]
          ]
        ]
      }
    },
    {
      "type": "Feature",
      "properties": {
        "ags": "15002000",
        "wahlkreis": "037",
        "wahlbezirk": "090054",
        "gemeinde": "Halle (Saale), Stadt",
        "name": "Briefwahlbezirk 90054",
        "wahlart": "B",
        "linke": 107,
        "spd": 107,
        "gruene": 296,
        "summe": 510,
        "gueltige_zweitstimmen": 751,
        "anteil_prozent": 67.90945406125167,
        "mehr_als_50_prozent": true
      },
      "geometry": {
        "type": "Polygon",
        "coordinates": [
          [
            [
              11.974079202931922,
              51.50195774216873
            ],
            [
              11.974011377223258,
              51.50183910967356
            ],
            [
              11.973539185521137,
              51.5019351477255
            ],
            [
              11.973128776229336,
              51.501980000431175
            ],
            [
              11.971926216447645,
              51.50197525748471
            ],
            [
              11.971537406856017,
              51.50190774618731
            ],
            [
              11.971078767314262,
              51.501830527250654
            ],
            [
              11.968837478319482,
              51.501453137610234
            ],
            [
              11.966583989895526,
              51.501111015955885
            ],
            [
              11.965712751524883,
              51.50099839953384
            ],
            [
              11.962753719644038,
              51.50056158726747
            ],
            [
              11.962084252280778,
              51.50033664189193
            ],
            [
              11.961658812122282,
              51.50104655330961
            ],
            [
              11.963797112853845,
              51.50135733894274
            ],
            [
              11.963674163965386,
              51.50204041471076
            ],
            [
              11.965776598078364,
              51.502360074247974
            ],
            [
              11.965819148026705,
              51.50317352408059
            ],
            [
              11.963845897065593,
              51.503505511676806
            ],
            [
              11.96332738892709,
              51.503496373227264
            ],
            [
              11.962520988335319,
              51.50337477463117
            ],
            [
              11.962196911244822,
              51.50337015475668
            ],
            [
              11.961844091923231,
              51.503437458335235
            ],
            [
              11.961419074118433,
              51.50360807149799
            ],
            [
              11.959243404795469,
              51.504721901069296
            ],
            [
              11.959559960821954,
              51.50505905068851
            ],
            [
              11.959898013222434,
              51.50544566970671
            ],
            [
              11.960293668020412,
              51.505980585727215
            ],
            [
              11.960581335338519,
              51.50636713025614
            ],
            [
              11.960793372920627,
              51.506655515148886
            ],
            [
              11.960989205185811,
              51.506594959171764
            ],
            [
              11.961064686559594,
              51.50658334482728
            ],
            [
              11.961117054516249,
              51.50665108760568
            ],
            [
              11.96116628843187,
              51.50667982030448
            ],
            [
              11.961256178227037,
              51.50673227748951
            ],
            [
              11.961308374238742,
              51.50676273751308
            ],
            [
              11.961352569292918,
              51.506788592772565
            ],
            [
              11.961410347643783,
              51.50684609066576
            ],
            [
              11.961460222797378,
              51.50689360711472
            ],
            [
              11.961501229049992,
              51.50693267511745
            ],
            [
              11.961570379588261,
              51.506998580482744
            ],
            [
              11.961627826965227,
              51.50702372077483
            ],
            [
              11.961827969377106,
              51.507093264170315
            ],
            [
              11.961944236223855,
              51.50713810731067
            ],
            [
              11.962152868701708,
              51.50721861808426
            ],
            [
              11.962179649571215,
              51.50722891822954
            ],
            [
              11.962252708609771,
              51.507256013473324
            ],
            [
              11.96225857919631,
              51.50724853535928
            ],
            [
              11.96241713038297,
              51.50710928758066
            ],
            [
              11.962604373124194,
              51.50706886154702
            ],
            [
              11.963266951371255,
              51.506988212069544
            ],
            [
              11.964008483913554,
              51.50729854823354
            ],
            [
              11.964318355954541,
              51.50699299793778
            ],
            [
              11.964944760932227,
              51.50723587328952
            ],
            [
              11.965153757550896,
              51.507020238261454
            ],
            [
              11.965593124391818,
              51.5069214990415
            ],
            [
              11.966133216784307,
              51.5069171384209
            ],
            [
              11.966493269563617,
              51.50688579059027
            ],
            [
              11.966831842366235,
              51.50677803753553
            ],
            [
              11.967422276265907,
              51.50697594366122
            ],
            [
              11.96747200393691,
              51.50699261258613
            ],
            [
              11.967535402616791,
              51.506834236777806
            ],
            [
              11.967597937067033,
              51.506696466767075
            ],
            [
              11.967733656655124,
              51.50642830039578
            ],
            [
              11.96785731900633,
              51.5062027783643
            ],
            [
              11.968004243364437,
              51.50597276904637
            ],
            [
              11.968184170476224,
              51.50571009620105
            ],
            [
              11.968358624393042,
              51.50548664237527
            ],
            [
              11.968540074747054,
              51.50526573231496
            ],
            [
              11.968650172851325,
              51.50514344847351
            ],
            [
              11.968784660553986,
              51.50499778907331
            ],
            [
              11.968952354763564,
              51.504824077997306
            ],
            [
              11.969086090980582,
              51.50469757201286
            ],
            [
              11.969217525423606,
              51.50457324590926
            ],
            [
              11.969271098554202,
              51.50452600232944
            ],
            [
              11.969361200444572,
              51.504446551301676
            ],
            [
              11.969662804483116,
              51.50419410990285
            ],
            [
              11.970024979580336,
              51.50392056088688
            ],
            [
              11.970340166321549,
              51.503699039643806
            ],
            [
              11.97070633955926,
              51.5034659808376
            ],
            [
              11.970921863027058,
              51.50333917492092
            ],
            [
              11.971137257793904,
              51.5032124442792
            ],
            [
              11.971325292816562,
              51.5031113185214
            ],
            [
              11.971434106085367,
              51.503052798558286
            ],
            [
              11.971531244297477,
              51.50300381946135
            ],
            [
              11.971653512899477,
              51.50294104002035
            ],
            [
              11.971977933856813,
              51.50278553428026
            ],
            [
              11.972476217696697,
              51.50256521983913
            ],
            [
              11.972653471295635,
              51.50249376093225
            ],
            [
              11.972804371606726,
              51.50243477495406
            ],
            [
              11.973080665351805,
              51.50233006254335
            ],
            [
              11.973259765883748,
              51.502264165282
            ],
            [
              11.973425881948545,
              51.502207932040385
            ],
            [
              11.973724230815206,
              51.50210693375184
            ],
            [
              11.97409979395191,
              51.501993758271105
            ],
            [
              11.974079202931922,
              51.50195774216873
            ]
          ]
        ]
      }
    },
    {
      "type": "Feature",
      "properties": {
        "ags": "15002000",
        "wahlkreis": "037",
        "wahlbezirk": "090006",
        "gemeinde": "Halle (Saale), Stadt",
        "name": "Briefwahlbezirk 90006",
        "wahlart": "B",
        "linke": 98,
        "spd": 139,
        "gruene": 284,
        "summe": 521,
        "gueltige_zweitstimmen": 729,
        "anteil_prozent": 71.46776406035666,
        "mehr_als_50_prozent": true
      },
      "geometry": {
        "type": "Polygon",
        "coordinates": [
          [
            [
              11.97287726898825,
              51.488843880593556
            ],
            [
              11.973018007836588,
              51.48882861583319
            ],
            [
              11.97377978682062,
              51.48895720582517
            ],
            [
              11.975208138157173,
              51.48919056989136
            ],
            [
              11.975916627860878,
              51.48926443841645
            ],
            [
              11.97642513990149,
              51.48932161599209
            ],
            [
              11.977179404592476,
              51.48927658102324
            ],
            [
              11.97752889912722,
              51.489294484151095
            ],
            [
              11.978056448085958,
              51.48937662835201
            ],
            [
              11.97828988727692,
              51.48942211423773
            ],
            [
              11.97834422660487,
              51.48943824320081
            ],
            [
              11.978398879894165,
              51.489454465316754
            ],
            [
              11.97843899472699,
              51.48946637212404
            ],
            [
              11.978612567695773,
              51.48946115348401
            ],
            [
              11.978736651618593,
              51.48946524420451
            ],
            [
              11.978405764121066,
              51.488952874896015
            ],
            [
              11.979090291779714,
              51.487505907596315
            ],
            [
              11.979104690929628,
              51.48746994184711
            ],
            [
              11.979861225712089,
              51.48588819822953
            ],
            [
              11.979938555776418,
              51.485727499194944
            ],
            [
              11.98016384046827,
              51.485259057783146
            ],
            [
              11.980327439375282,
              51.48491384641472
            ],
            [
              11.980783447327536,
              51.4839514255018
            ],
            [
              11.980856567537655,
              51.48380315892325
            ],
            [
              11.98107155046826,
              51.483367225603374
            ],
            [
              11.981510972986035,
              51.48248197575683
            ],
            [
              11.981842309798461,
              51.48183036101774
            ],
            [
              11.980402905704373,
              51.48158297981421
            ],
            [
              11.980186883640066,
              51.481955953959734
            ],
            [
              11.980021159034216,
              51.482279472575414
            ],
            [
              11.977408699692136,
              51.48175771253251
            ],
            [
              11.977034528960331,
              51.481681241047475
            ],
            [
              11.976660241167496,
              51.48165417771145
            ],
            [
              11.976999031971651,
              51.48069252717038
            ],
            [
              11.976502440509886,
              51.48058909632588
            ],
            [
              11.976423335801421,
              51.48037784395074
            ],
            [
              11.976272322722547,
              51.48019356767819
            ],
            [
              11.976020344798261,
              51.48026991380965
            ],
            [
              11.975998704675543,
              51.480494585294615
            ],
            [
              11.975393630057352,
              51.481348328955676
            ],
            [
              11.974810044529445,
              51.4823908363302
            ],
            [
              11.9745218675457,
              51.4829750209341
            ],
            [
              11.973556295421504,
              51.48485329642603
            ],
            [
              11.973534603298623,
              51.484983611923255
            ],
            [
              11.971691305618275,
              51.48596291224677
            ],
            [
              11.97173452663684,
              51.48597641742941
            ],
            [
              11.971734412868813,
              51.48616066308509
            ],
            [
              11.970769703796138,
              51.48639859902048
            ],
            [
              11.969696794031996,
              51.48694660455633
            ],
            [
              11.969048772964545,
              51.48721159549628
            ],
            [
              11.96816316072322,
              51.48745850790348
            ],
            [
              11.967421670777506,
              51.48750325050517
            ],
            [
              11.966435628936509,
              51.487408619662695
            ],
            [
              11.966262630721241,
              51.48762878348355
            ],
            [
              11.968062076801269,
              51.48793036120469
            ],
            [
              11.968306858435596,
              51.48787650276899
            ],
            [
              11.969645681103753,
              51.48805664152531
            ],
            [
              11.970084739346678,
              51.48813761308136
            ],
            [
              11.970545298325609,
              51.488259072687526
            ],
            [
              11.97287726898825,
              51.488843880593556
            ]
          ]
        ]
      }
    },
    {
      "type": "Feature",
      "properties": {
        "ags": "15002000",
        "wahlkreis": "037",
        "wahlbezirk": "090036",
        "gemeinde": "Halle (Saale), Stadt",
        "name": "Briefwahlbezirk 90036",
        "wahlart": "B",
        "linke": 128,
        "spd": 117,
        "gruene": 331,
        "summe": 576,
        "gueltige_zweitstimmen": 745,
        "anteil_prozent": 77.31543624161074,
        "mehr_als_50_prozent": true
      },
      "geometry": {
        "type": "Polygon",
        "coordinates": [
          [
            [
              11.978736651618593,
              51.48946524420451
            ],
            [
              11.978612567695773,
              51.48946115348401
            ],
            [
              11.97843899472699,
              51.48946637212404
            ],
            [
              11.978398879894165,
              51.489454465316754
            ],
            [
              11.97834422660487,
              51.48943824320081
            ],
            [
              11.97828988727692,
              51.48942211423773
            ],
            [
              11.978056448085958,
              51.48937662835201
            ],
            [
              11.97752889912722,
              51.489294484151095
            ],
            [
              11.977179404592476,
              51.48927658102324
            ],
            [
              11.97642513990149,
              51.48932161599209
            ],
            [
              11.975916627860878,
              51.48926443841645
            ],
            [
              11.975208138157173,
              51.48919056989136
            ],
            [
              11.97377978682062,
              51.48895720582517
            ],
            [
              11.973018007836588,
              51.48882861583319
            ],
            [
              11.97287726898825,
              51.488843880593556
            ],
            [
              11.970545298325609,
              51.488259072687526
            ],
            [
              11.970084739346678,
              51.48813761308136
            ],
            [
              11.969645681103753,
              51.48805664152531
            ],
            [
              11.968306858435596,
              51.48787650276899
            ],
            [
              11.968062076801269,
              51.48793036120469
            ],
            [
              11.966262630721241,
              51.48762878348355
            ],
            [
              11.96607521439075,
              51.48801517828997
            ],
            [
              11.966010225876298,
              51.488325267034746
            ],
            [
              11.967291486885046,
              51.48843799645126
            ],
            [
              11.967276974746412,
              51.488622239660614
            ],
            [
              11.969637801759244,
              51.48902733442821
            ],
            [
              11.970134480173153,
              51.48911283611177
            ],
            [
              11.969586577542465,
              51.49029914406481
            ],
            [
              11.969218861716977,
              51.49116189336251
            ],
            [
              11.968973740177942,
              51.49169661115281
            ],
            [
              11.97076537232326,
              51.49318012977068
            ],
            [
              11.972212801706732,
              51.49249736419818
            ],
            [
              11.972796118803458,
              51.49222336392122
            ],
            [
              11.97335780617561,
              51.49195833130268
            ],
            [
              11.974301122838858,
              51.4915046734626
            ],
            [
              11.975618881722129,
              51.490889257268016
            ],
            [
              11.976878978988154,
              51.49029182727073
            ],
            [
              11.978736651618593,
              51.48946524420451
            ]
          ]
        ]
      }
    },
    {
      "type": "Feature",
      "properties": {
        "ags": "15002000",
        "wahlkreis": "037",
        "wahlbezirk": "090008",
        "gemeinde": "Halle (Saale), Stadt",
        "name": "Briefwahlbezirk 90008",
        "wahlart": "B",
        "linke": 76,
        "spd": 103,
        "gruene": 280,
        "summe": 459,
        "gueltige_zweitstimmen": 575,
        "anteil_prozent": 79.82608695652173,
        "mehr_als_50_prozent": true
      },
      "geometry": {
        "type": "Polygon",
        "coordinates": [
          [
            [
              11.976929896445474,
              51.49619541461258
            ],
            [
              11.977144661047744,
              51.496326748406965
            ],
            [
              11.977560046602118,
              51.49682783200911
            ],
            [
              11.978107505485436,
              51.49735671418944
            ],
            [
              11.978372734369094,
              51.49763493724884
            ],
            [
              11.978610787421728,
              51.497789557467044
            ],
            [
              11.978767517063801,
              51.49795772334249
            ],
            [
              11.979848738220243,
              51.49802658242501
            ],
            [
              11.980359940974699,
              51.49805817774063
            ],
            [
              11.980612048771974,
              51.49767171386938
            ],
            [
              11.980893130100293,
              51.49699762278965
            ],
            [
              11.980910054598636,
              51.4969162533005
            ],
            [
              11.981405336720597,
              51.49453497660603
            ],
            [
              11.980310909918765,
              51.494692109653506
            ],
            [
              11.979447663617615,
              51.4932853020963
            ],
            [
              11.979634833500286,
              51.493249421817765
            ],
            [
              11.977223409823234,
              51.492471509111844
            ],
            [
              11.976589645633844,
              51.49309154314839
            ],
            [
              11.975833328247331,
              51.49381945226736
            ],
            [
              11.976452255555529,
              51.49412516755567
            ],
            [
              11.976747412360476,
              51.4943139334509
            ],
            [
              11.977207910290645,
              51.49471853984505
            ],
            [
              11.977430959728109,
              51.49512304307201
            ],
            [
              11.977566553488925,
              51.49556032549736
            ],
            [
              11.977467278107813,
              51.495566633928604
            ],
            [
              11.976902446328124,
              51.49560252157368
            ],
            [
              11.977058552619647,
              51.495998297376865
            ],
            [
              11.977048483655643,
              51.49612039877335
            ],
            [
              11.977014848069556,
              51.496145109437066
            ],
            [
              11.976989354086346,
              51.49615989002525
            ],
            [
              11.976929896445474,
              51.49619541461258
            ]
          ]
        ]
      }
    },
    {
      "type": "Feature",
      "properties": {
        "ags": "15002000",
        "wahlkreis": "036",
        "wahlbezirk": "090028",
        "gemeinde": "Halle (Saale), Stadt",
        "name": "Briefwahlbezirk 90028",
        "wahlart": "B",
        "linke": 69,
        "spd": 100,
        "gruene": 148,
        "summe": 317,
        "gueltige_zweitstimmen": 515,
        "anteil_prozent": 61.55339805825243,
        "mehr_als_50_prozent": true
      },
      "geometry": {
        "type": "Polygon",
        "coordinates": [
          [
            [
              11.944499151307465,
              51.50766841602564
            ],
            [
              11.94455680414474,
              51.50758306757526
            ],
            [
              11.945328048501382,
              51.507084560677036
            ],
            [
              11.946120710471472,
              51.5065950921057
            ],
            [
              11.946322493093952,
              51.50650980829101
            ],
            [
              11.948080399107102,
              51.505845498077264
            ],
            [
              11.948339670919644,
              51.50580512663935
            ],
            [
              11.948505350891585,
              51.50579622178611
            ],
            [
              11.950212188497511,
              51.50561271194271
            ],
            [
              11.95171786131449,
              51.505096517318535
            ],
            [
              11.952013717759518,
              51.5045034152973
            ],
            [
              11.95225179148432,
              51.5040451293172
            ],
            [
              11.950480887857363,
              51.50354558266844
            ],
            [
              11.949350987196556,
              51.503010318797365
            ],
            [
              11.94794693113274,
              51.502915295755116
            ],
            [
              11.947104577678932,
              51.502789114634744
            ],
            [
              11.946442169446511,
              51.50267644738523
            ],
            [
              11.945895221150066,
              51.50247393956226
            ],
            [
              11.945348284699666,
              51.50219057049243
            ],
            [
              11.945010284429804,
              51.501808424765045
            ],
            [
              11.944902734408108,
              51.50141741097578
            ],
            [
              11.944895661493101,
              51.5013545037142
            ],
            [
              11.944824498405744,
              51.50064888238062
            ],
            [
              11.944875719190117,
              51.4999613308292
            ],
            [
              11.94502724903261,
              51.4996647896951
            ],
            [
              11.945099622488218,
              51.49936369591684
            ],
            [
              11.945316126966455,
              51.498972831819714
            ],
            [
              11.945741488854711,
              51.498523623379775
            ],
            [
              11.946267518264653,
              51.4981643507624
            ],
            [
              11.946779063780198,
              51.497805069198876
            ],
            [
              11.947024263827776,
              51.497535503543844
            ],
            [
              11.947096473873605,
              51.49728387135301
            ],
            [
              11.946981969163287,
              51.49671758669466
            ],
            [
              11.94675928073013,
              51.49630404814438
            ],
            [
              11.946637385255269,
              51.49587705861295
            ],
            [
              11.946637998784984,
              51.4953512557046
            ],
            [
              11.946285743796185,
              51.49489270959962
            ],
            [
              11.945789300308054,
              51.494595871095534
            ],
            [
              11.94499782006229,
              51.49419550375705
            ],
            [
              11.94473121456247,
              51.494370646287805
            ],
            [
              11.94433520998895,
              51.49442889983647
            ],
            [
              11.943283906414981,
              51.49457667478364
            ],
            [
              11.943067906829947,
              51.49456759089425
            ],
            [
              11.942484813374907,
              51.49449542711401
            ],
            [
              11.942124979186687,
              51.49441885145754
            ],
            [
              11.941902014772888,
              51.494265947596
            ],
            [
              11.94169305585524,
              51.494409660557054
            ],
            [
              11.941109512960933,
              51.49469248527811
            ],
            [
              11.940561945798919,
              51.494988821158074
            ],
            [
              11.939949247255862,
              51.49555474299085
            ],
            [
              11.939812302346644,
              51.49568499464533
            ],
            [
              11.937455775536892,
              51.49730160400398
            ],
            [
              11.936194593673472,
              51.4981682863808
            ],
            [
              11.93357109463888,
              51.499982411077205
            ],
            [
              11.933023266380767,
              51.50038209790169
            ],
            [
              11.931884442836594,
              51.50116788860733
            ],
            [
              11.93077391470759,
              51.50224131984722
            ],
            [
              11.92933143558784,
              51.503745932471446
            ],
            [
              11.927239740145486,
              51.50589281364121
            ],
            [
              11.925883451755848,
              51.507446901491676
            ],
            [
              11.924887568230714,
              51.50867314160064
            ],
            [
              11.925550155601522,
              51.50864211267206
            ],
            [
              11.926112081540069,
              51.508525640983194
            ],
            [
              11.929995041050079,
              51.50772807919863
            ],
            [
              11.935986818209791,
              51.50771354584549
            ],
            [
              11.938219321816135,
              51.50771920219619
            ],
            [
              11.940603030719508,
              51.50772043264854
            ],
            [
              11.942093797267459,
              51.50768521045898
            ],
            [
              11.944499151307465,
              51.50766841602564
            ]
          ]
        ]
      }
    },
    {
      "type": "Feature",
      "properties": {
        "ags": "15002000",
        "wahlkreis": "037",
        "wahlbezirk": "090001",
        "gemeinde": "Halle (Saale), Stadt",
        "name": "Briefwahlbezirk 90001",
        "wahlart": "B",
        "linke": 128,
        "spd": 128,
        "gruene": 348,
        "summe": 604,
        "gueltige_zweitstimmen": 814,
        "anteil_prozent": 74.2014742014742,
        "mehr_als_50_prozent": true
      },
      "geometry": {
        "type": "Polygon",
        "coordinates": [
          [
            [
              11.96569750411744,
              51.4829637975779
            ],
            [
              11.965603874865575,
              51.48300419856583
            ],
            [
              11.965546206084753,
              51.48308509656798
            ],
            [
              11.965380470210297,
              51.48339961675514
            ],
            [
              11.965725845927775,
              51.483521061370475
            ],
            [
              11.966164922539752,
              51.48350769394821
            ],
            [
              11.966424002236263,
              51.48353470192314
            ],
            [
              11.96672633542369,
              51.48352581085738
            ],
            [
              11.966848727453504,
              51.483480899458854
            ],
            [
              11.967410168486875,
              51.48346310017394
            ],
            [
              11.967971691355835,
              51.483323953294
            ],
            [
              11.96815176714449,
              51.483166690651615
            ],
            [
              11.968502817554015,
              51.48309507304223
            ],
            [
              11.968547660119588,
              51.48308593896114
            ],
            [
              11.968555249921934,
              51.48308432265184
            ],
            [
              11.968579601849616,
              51.483129221431646
            ],
            [
              11.968665433658684,
              51.48312846262675
            ],
            [
              11.968690442807542,
              51.48312729860587
            ],
            [
              11.96869964137734,
              51.48312696696666
            ],
            [
              11.96871303813896,
              51.48312646912531
            ],
            [
              11.968733402028287,
              51.483126529957254
            ],
            [
              11.968836818563782,
              51.483138824482594
            ],
            [
              11.96897104507784,
              51.48315503302704
            ],
            [
              11.96913956587402,
              51.48317314362192
            ],
            [
              11.969256290317917,
              51.483185442919826
            ],
            [
              11.969395520933567,
              51.483197665681026
            ],
            [
              11.969493582071088,
              51.4832067511709
            ],
            [
              11.96939552087818,
              51.48319774851817
            ],
            [
              11.969331980877572,
              51.48352205865122
            ],
            [
              11.969389325485773,
              51.48378271773123
            ],
            [
              11.969698933139078,
              51.48371537845849
            ],
            [
              11.970339418711067,
              51.4838323692643
            ],
            [
              11.970483380826202,
              51.483854877450135
            ],
            [
              11.971073499709862,
              51.483967390435446
            ],
            [
              11.971678078156842,
              51.48409785985099
            ],
            [
              11.97211706001124,
              51.48424629881569
            ],
            [
              11.972217788399103,
              51.48428223561188
            ],
            [
              11.972376101313888,
              51.48434969307397
            ],
            [
              11.972858263395489,
              51.484592493114754
            ],
            [
              11.973333104331592,
              51.4848307724076
            ],
            [
              11.973534603298623,
              51.484983611923255
            ],
            [
              11.973556295421504,
              51.48485329642603
            ],
            [
              11.9745218675457,
              51.4829750209341
            ],
            [
              11.974810044529445,
              51.4823908363302
            ],
            [
              11.975393630057352,
              51.481348328955676
            ],
            [
              11.975998704675543,
              51.480494585294615
            ],
            [
              11.976020344798261,
              51.48026991380965
            ],
            [
              11.975775763006858,
              51.48004513230064
            ],
            [
              11.975586030701704,
              51.47928613457704
            ],
            [
              11.975574715460146,
              51.479240684760704
            ],
            [
              11.97540204482958,
              51.47915075497528
            ],
            [
              11.974164091101251,
              51.47899959156784
            ],
            [
              11.97359570395449,
              51.47893014904516
            ],
            [
              11.97326743953646,
              51.47889867892279
            ],
            [
              11.971012091125202,
              51.47868238961643
            ],
            [
              11.970465113355054,
              51.47866424142622
            ],
            [
              11.96992537578309,
              51.478637170256185
            ],
            [
              11.96947912689395,
              51.47863253801238
            ],
            [
              11.967953258812047,
              51.47878046551838
            ],
            [
              11.966765606520042,
              51.47901379064539
            ],
            [
              11.966139241684656,
              51.479346191615065
            ],
            [
              11.96585123555053,
              51.47945847387504
            ],
            [
              11.965707242567497,
              51.479503377955005
            ],
            [
              11.965692569332804,
              51.47989434011154
            ],
            [
              11.965793047646729,
              51.480361733699446
            ],
            [
              11.965915023133643,
              51.480869618855536
            ],
            [
              11.965885730292628,
              51.481467296099986
            ],
            [
              11.965878346818856,
              51.48178637952887
            ],
            [
              11.965870799901904,
              51.48220433318723
            ],
            [
              11.965791653842428,
              51.48222678207117
            ],
            [
              11.965690790828313,
              51.48226718321989
            ],
            [
              11.96561161331767,
              51.48233006200411
            ],
            [
              11.965186628159882,
              51.48273891378702
            ],
            [
              11.965677830820228,
              51.482756457510554
            ],
            [
              11.965673162049972,
              51.48290964238108
            ],
            [
              11.965700095261244,
              51.48296368697103
            ],
            [
              11.96569750411744,
              51.4829637975779
            ]
          ]
        ]
      }
    },
    {
      "type": "Feature",
      "properties": {
        "ags": "15002000",
        "wahlkreis": "036",
        "wahlbezirk": "090004",
        "gemeinde": "Halle (Saale), Stadt",
        "name": "Briefwahlbezirk 90004",
        "wahlart": "B",
        "linke": 152,
        "spd": 195,
        "gruene": 379,
        "summe": 726,
        "gueltige_zweitstimmen": 1033,
        "anteil_prozent": 70.28073572120039,
        "mehr_als_50_prozent": true
      },
      "geometry": {
        "type": "Polygon",
        "coordinates": [
          [
            [
              11.970258025963346,
              51.47617897999458
            ],
            [
              11.970272833422356,
              51.4755138777863
            ],
            [
              11.970273072647451,
              51.47514538470445
            ],
            [
              11.97015817807405,
              51.47482175252474
            ],
            [
              11.969985696450864,
              51.47448918212115
            ],
            [
              11.969798836060484,
              51.4740262317133
            ],
            [
              11.969863784116283,
              51.47384646238236
            ],
            [
              11.96961908237688,
              51.473895863065074
            ],
            [
              11.969417571206542,
              51.47385532635112
            ],
            [
              11.967999955499666,
              51.473810056755624
            ],
            [
              11.967560991647572,
              51.47379644149153
            ],
            [
              11.967136405599836,
              51.473782828609835
            ],
            [
              11.966697438753858,
              51.47376921011246
            ],
            [
              11.966057037664772,
              51.47374209251285
            ],
            [
              11.965035166253568,
              51.4737193190171
            ],
            [
              11.964114082493685,
              51.47373247991076
            ],
            [
              11.963595908306665,
              51.47372785867039
            ],
            [
              11.961609711236571,
              51.47374518405129
            ],
            [
              11.96035036795298,
              51.47376723792486
            ],
            [
              11.960558667889783,
              51.47420773867551
            ],
            [
              11.959630275508157,
              51.47429279758755
            ],
            [
              11.959738036670439,
              51.47451756779617
            ],
            [
              11.960133692635296,
              51.47463904630978
            ],
            [
              11.9598384945975,
              51.47472114221787
            ],
            [
              11.958866716116672,
              51.47497927669823
            ],
            [
              11.958731845688252,
              51.47501508473727
            ],
            [
              11.959635230130752,
              51.47687688135077
            ],
            [
              11.95965234079392,
              51.476916758837
            ],
            [
              11.960073343965277,
              51.47789719172112
            ],
            [
              11.959928491625089,
              51.478921818168864
            ],
            [
              11.959797856596952,
              51.480121663007765
            ],
            [
              11.959812177094516,
              51.48028795676123
            ],
            [
              11.959826410715046,
              51.48045425267284
            ],
            [
              11.962914453868462,
              51.479956397917846
            ],
            [
              11.963778125107945,
              51.47986231433935
            ],
            [
              11.96454835709394,
              51.47979964693422
            ],
            [
              11.965217746943264,
              51.479633556106094
            ],
            [
              11.965707242567497,
              51.479503377955005
            ],
            [
              11.96585123555053,
              51.47945847387504
            ],
            [
              11.966139241684656,
              51.479346191615065
            ],
            [
              11.966765606520042,
              51.47901379064539
            ],
            [
              11.967953258812047,
              51.47878046551838
            ],
            [
              11.96947912689395,
              51.47863253801238
            ],
            [
              11.969680864527376,
              51.478362968238976
            ],
            [
              11.969896917521904,
              51.47818775558958
            ],
            [
              11.970098432894158,
              51.478115871438455
            ],
            [
              11.970033806679963,
              51.47793160792855
            ],
            [
              11.970257681490013,
              51.476709302434756
            ],
            [
              11.970258025963346,
              51.47617897999458
            ]
          ]
        ]
      }
    },
    {
      "type": "Feature",
      "properties": {
        "ags": "15002000",
        "wahlkreis": "037",
        "wahlbezirk": "090005",
        "gemeinde": "Halle (Saale), Stadt",
        "name": "Briefwahlbezirk 90005",
        "wahlart": "B",
        "linke": 178,
        "spd": 164,
        "gruene": 461,
        "summe": 803,
        "gueltige_zweitstimmen": 1092,
        "anteil_prozent": 73.53479853479854,
        "mehr_als_50_prozent": true
      },
      "geometry": {
        "type": "Polygon",
        "coordinates": [
          [
            [
              11.984800472426812,
              51.48204201725062
            ],
            [
              11.984930291922971,
              51.48107133788408
            ],
            [
              11.985045742394183,
              51.4803343116285
            ],
            [
              11.985427663445366,
              51.478797372585895
            ],
            [
              11.985430546697174,
              51.47878395331193
            ],
            [
              11.985275755180272,
              51.478776078754585
            ],
            [
              11.985004980844574,
              51.47877440150055
            ],
            [
              11.984757198185434,
              51.47872460969401
            ],
            [
              11.984636513838266,
              51.478695474228346
            ],
            [
              11.984505480346682,
              51.478650998123406
            ],
            [
              11.984357945944534,
              51.47858718842935
            ],
            [
              11.984246864064596,
              51.478488167191905
            ],
            [
              11.984082012181496,
              51.47830736176814
            ],
            [
              11.984006006141122,
              51.47797155945406
            ],
            [
              11.984010452477781,
              51.47710746223172
            ],
            [
              11.98396015822201,
              51.47690519752214
            ],
            [
              11.983643499150729,
              51.47689617454434
            ],
            [
              11.983326838580686,
              51.476891614597186
            ],
            [
              11.983110576702678,
              51.477799432261925
            ],
            [
              11.983046280622071,
              51.4780237429671
            ],
            [
              11.983050175058066,
              51.47808572169415
            ],
            [
              11.983057639069342,
              51.47820448119942
            ],
            [
              11.98300047282617,
              51.47831148713586
            ],
            [
              11.98296995754639,
              51.47843752313912
            ],
            [
              11.982985134856301,
              51.47859210290819
            ],
            [
              11.983029137534539,
              51.47869134662907
            ],
            [
              11.9829562701845,
              51.478703811591224
            ],
            [
              11.98288411493079,
              51.47870783544305
            ],
            [
              11.982812824886562,
              51.47870520935765
            ],
            [
              11.9827613094803,
              51.47869447685988
            ],
            [
              11.982635642278874,
              51.47866829934935
            ],
            [
              11.982537811560997,
              51.47863116225338
            ],
            [
              11.982344682862369,
              51.47856976088314
            ],
            [
              11.982162268976257,
              51.478507014030235
            ],
            [
              11.98210757064633,
              51.47848819727394
            ],
            [
              11.981985741870393,
              51.47844628880457
            ],
            [
              11.981802237054753,
              51.47838770118835
            ],
            [
              11.981770607837323,
              51.47837931546184
            ],
            [
              11.981669144237905,
              51.47835241817201
            ],
            [
              11.98153503584683,
              51.47833287666285
            ],
            [
              11.981397897952078,
              51.47832089190998
            ],
            [
              11.98109740381282,
              51.47830447125749
            ],
            [
              11.980881274066979,
              51.47828933467764
            ],
            [
              11.980656753010544,
              51.47826725005927
            ],
            [
              11.980156612129278,
              51.47821805020919
            ],
            [
              11.97920396432161,
              51.47811894761101
            ],
            [
              11.978728563108826,
              51.478072223483025
            ],
            [
              11.978338200491441,
              51.4780338539167
            ],
            [
              11.978219200537715,
              51.478022157896724
            ],
            [
              11.978105641981275,
              51.478016537318496
            ],
            [
              11.978054727052173,
              51.478019808392226
            ],
            [
              11.978031707137768,
              51.478021286931074
            ],
            [
              11.977994618909026,
              51.478023669103194
            ],
            [
              11.977843052211883,
              51.4780533517533
            ],
            [
              11.97779612000671,
              51.4780702746044
            ],
            [
              11.977775130021415,
              51.47807784228802
            ],
            [
              11.977724081132969,
              51.478096245526984
            ],
            [
              11.977630660213668,
              51.478140794758254
            ],
            [
              11.977518414506948,
              51.47821639550084
            ],
            [
              11.976359407905038,
              51.478786920348824
            ],
            [
              11.976337773399159,
              51.478831862047684
            ],
            [
              11.97615055694948,
              51.479065534887255
            ],
            [
              11.97607137912042,
              51.4791688497207
            ],
            [
              11.975656523743707,
              51.47922882310613
            ],
            [
              11.975574715460146,
              51.479240684760704
            ],
            [
              11.975586030701704,
              51.47928613457704
            ],
            [
              11.975775763006858,
              51.48004513230064
            ],
            [
              11.976020344798261,
              51.48026991380965
            ],
            [
              11.976272322722547,
              51.48019356767819
            ],
            [
              11.976423335801421,
              51.48037784395074
            ],
            [
              11.976502440509886,
              51.48058909632588
            ],
            [
              11.976999031971651,
              51.48069252717038
            ],
            [
              11.976660241167496,
              51.48165417771145
            ],
            [
              11.977034528960331,
              51.481681241047475
            ],
            [
              11.977408699692136,
              51.48175771253251
            ],
            [
              11.980021159034216,
              51.482279472575414
            ],
            [
              11.980186883640066,
              51.481955953959734
            ],
            [
              11.980402905704373,
              51.48158297981421
            ],
            [
              11.981842309798461,
              51.48183036101774
            ],
            [
              11.981510972986035,
              51.48248197575683
            ],
            [
              11.98107155046826,
              51.483367225603374
            ],
            [
              11.980856567537655,
              51.48380315892325
            ],
            [
              11.980783447327536,
              51.4839514255018
            ],
            [
              11.980327439375282,
              51.48491384641472
            ],
            [
              11.98016384046827,
              51.485259057783146
            ],
            [
              11.979938555776418,
              51.485727499194944
            ],
            [
              11.979861225712089,
              51.48588819822953
            ],
            [
              11.979104690929628,
              51.48746994184711
            ],
            [
              11.979090291779714,
              51.487505907596315
            ],
            [
              11.978405764121066,
              51.488952874896015
            ],
            [
              11.978736651618593,
              51.48946524420451
            ],
            [
              11.978981321938871,
              51.489640558321085
            ],
            [
              11.979204364941603,
              51.490045058526974
            ],
            [
              11.97939135906435,
              51.49036869366078
            ],
            [
              11.979866210682552,
              51.491002427395145
            ],
            [
              11.980067632959654,
              51.491236172499306
            ],
            [
              11.980765768856555,
              51.49180252232487
            ],
            [
              11.981024801769454,
              51.492076702936366
            ],
            [
              11.981161486982373,
              51.492274465171974
            ],
            [
              11.981262525329496,
              51.491604860674165
            ],
            [
              11.981442712733108,
              51.491141988138395
            ],
            [
              11.981781252538882,
              51.490733118987215
            ],
            [
              11.982306917692732,
              51.490351156406305
            ],
            [
              11.983379741537584,
              51.489843520118
            ],
            [
              11.983898012337807,
              51.489843592253045
            ],
            [
              11.984401900544938,
              51.4898436601906
            ],
            [
              11.984574679827963,
              51.489780780573135
            ],
            [
              11.984654690858681,
              51.48745735821764
            ],
            [
              11.984698101716049,
              51.486918063561504
            ],
            [
              11.984655038512228,
              51.4864191897804
            ],
            [
              11.984525736611777,
              51.485529391807084
            ],
            [
              11.984339009182605,
              51.48437437044272
            ],
            [
              11.984389695389234,
              51.48345760464664
            ],
            [
              11.984677642139083,
              51.483462104215924
            ],
            [
              11.984800472426812,
              51.48204201725062
            ]
          ]
        ]
      }
    },
    {
      "type": "Feature",
      "properties": {
        "ags": "15002000",
        "wahlkreis": "037",
        "wahlbezirk": "090007",
        "gemeinde": "Halle (Saale), Stadt",
        "name": "Briefwahlbezirk 90007",
        "wahlart": "B",
        "linke": 149,
        "spd": 153,
        "gruene": 354,
        "summe": 656,
        "gueltige_zweitstimmen": 956,
        "anteil_prozent": 68.61924686192468,
        "mehr_als_50_prozent": true
      },
      "geometry": {
        "type": "Polygon",
        "coordinates": [
          [
            [
              11.960384037408087,
              51.484800183761735
            ],
            [
              11.960239690743276,
              51.48522255064216
            ],
            [
              11.960016275535517,
              51.48556855077682
            ],
            [
              11.959440173355215,
              51.485770554751156
            ],
            [
              11.95763286164677,
              51.486399110469755
            ],
            [
              11.957099968860033,
              51.486699989828395
            ],
            [
              11.956746870967718,
              51.487095342217536
            ],
            [
              11.956357722590559,
              51.487540089439605
            ],
            [
              11.957350551696498,
              51.48809324776794
            ],
            [
              11.95736461867212,
              51.488524704699785
            ],
            [
              11.957054903887098,
              51.488654913754296
            ],
            [
              11.95627687388047,
              51.489328709245314
            ],
            [
              11.95590915811509,
              51.48993975136997
            ],
            [
              11.955923061805066,
              51.49043410904448
            ],
            [
              11.955951340958068,
              51.49093745138879
            ],
            [
              11.95574935558517,
              51.49141377134947
            ],
            [
              11.95545357261987,
              51.49197989296894
            ],
            [
              11.95543178375936,
              51.49224504608308
            ],
            [
              11.955589979959655,
              51.49243833029836
            ],
            [
              11.956115215231026,
              51.49275309517646
            ],
            [
              11.956208464814168,
              51.49304528086104
            ],
            [
              11.956856414112371,
              51.49302304836026
            ],
            [
              11.957741946142132,
              51.493045842893956
            ],
            [
              11.957655386324605,
              51.4932345742559
            ],
            [
              11.959822079856442,
              51.49352291467638
            ],
            [
              11.960959515423486,
              51.4935772220427
            ],
            [
              11.961269134209855,
              51.49359081934846
            ],
            [
              11.961305509666488,
              51.49315040387723
            ],
            [
              11.961341937829001,
              51.49264262266744
            ],
            [
              11.961795513948733,
              51.492597825193464
            ],
            [
              11.962473387875228,
              51.491150953559114
            ],
            [
              11.962516695774953,
              51.49106107382464
            ],
            [
              11.962020352781993,
              51.490562100235394
            ],
            [
              11.96235203230858,
              51.48990608150502
            ],
            [
              11.962445623283639,
              51.4899330450499
            ],
            [
              11.963295138702128,
              51.48990638014361
            ],
            [
              11.963907055149944,
              51.48986608556383
            ],
            [
              11.964634317842533,
              51.48956071541473
            ],
            [
              11.96495845133338,
              51.48936758825115
            ],
            [
              11.965484194591617,
              51.48904414337838
            ],
            [
              11.965894602361093,
              51.48885555493478
            ],
            [
              11.966002967077433,
              51.48835671614923
            ],
            [
              11.966010225876298,
              51.488325267034746
            ],
            [
              11.96607521439075,
              51.48801517828997
            ],
            [
              11.966262630721241,
              51.48762878348355
            ],
            [
              11.966435628936509,
              51.487408619662695
            ],
            [
              11.966090079245754,
              51.48736357438347
            ],
            [
              11.96506806582954,
              51.487241929913715
            ],
            [
              11.964348325627354,
              51.4871158532677
            ],
            [
              11.964017063879734,
              51.48719214887462
            ],
            [
              11.963822799940266,
              51.48717865036151
            ],
            [
              11.963657258203074,
              51.487106663703315
            ],
            [
              11.963498966584584,
              51.48701225928151
            ],
            [
              11.963117551804451,
              51.48692224863972
            ],
            [
              11.962843968119119,
              51.48691318304864
            ],
            [
              11.962635243377937,
              51.486895162544336
            ],
            [
              11.96222515900678,
              51.48669277159035
            ],
            [
              11.961930099959757,
              51.48652192592881
            ],
            [
              11.962261716146461,
              51.4860141838033
            ],
            [
              11.962903278641491,
              51.48481896113392
            ],
            [
              11.963444032682263,
              51.48365967225204
            ],
            [
              11.963811472854168,
              51.483205863647754
            ],
            [
              11.964265331108685,
              51.48278810229647
            ],
            [
              11.964473946192308,
              51.48292746482275
            ],
            [
              11.964596285865742,
              51.48295443592961
            ],
            [
              11.964689777758078,
              51.48297693764621
            ],
            [
              11.964927395297389,
              51.48291862402417
            ],
            [
              11.965100196563899,
              51.48282426472825
            ],
            [
              11.965172233259578,
              51.48275686598442
            ],
            [
              11.965186628159882,
              51.48273891378702
            ],
            [
              11.96561161331767,
              51.48233006200411
            ],
            [
              11.965690790828313,
              51.48226718321989
            ],
            [
              11.965791653842428,
              51.48222678207117
            ],
            [
              11.965870799901904,
              51.48220433318723
            ],
            [
              11.965878346818856,
              51.48178637952887
            ],
            [
              11.965885730292628,
              51.481467296099986
            ],
            [
              11.965915023133643,
              51.480869618855536
            ],
            [
              11.965793047646729,
              51.480361733699446
            ],
            [
              11.965692569332804,
              51.47989434011154
            ],
            [
              11.965707242567497,
              51.479503377955005
            ],
            [
              11.965217746943264,
              51.479633556106094
            ],
            [
              11.96454835709394,
              51.47979964693422
            ],
            [
              11.963778125107945,
              51.47986231433935
            ],
            [
              11.962914453868462,
              51.479956397917846
            ],
            [
              11.959826410715046,
              51.48045425267284
            ],
            [
              11.960545049570277,
              51.48172180575163
            ],
            [
              11.96058053344887,
              51.48231052456281
            ],
            [
              11.96066645017429,
              51.482831897679496
            ],
            [
              11.960420542990224,
              51.484206971793796
            ],
            [
              11.960384037408087,
              51.484800183761735
            ]
          ]
        ]
      }
    },
    {
      "type": "Feature",
      "properties": {
        "ags": "15002000",
        "wahlkreis": "037",
        "wahlbezirk": "090009",
        "gemeinde": "Halle (Saale), Stadt",
        "name": "Briefwahlbezirk 90009",
        "wahlart": "B",
        "linke": 126,
        "spd": 131,
        "gruene": 395,
        "summe": 652,
        "gueltige_zweitstimmen": 834,
        "anteil_prozent": 78.17745803357315,
        "mehr_als_50_prozent": true
      },
      "geometry": {
        "type": "Polygon",
        "coordinates": [
          [
            [
              11.972212801706732,
              51.49249736419818
            ],
            [
              11.97076537232326,
              51.49318012977068
            ],
            [
              11.969224159149729,
              51.493912259934156
            ],
            [
              11.96905133359295,
              51.49399312872449
            ],
            [
              11.96838878986498,
              51.49430751949477
            ],
            [
              11.967661361119454,
              51.49465334093456
            ],
            [
              11.966545074883582,
              51.49519232617094
            ],
            [
              11.966206511768348,
              51.49540346576205
            ],
            [
              11.966242051029498,
              51.49603261142308
            ],
            [
              11.967912209956356,
              51.49631619566441
            ],
            [
              11.968891247104022,
              51.49648726676822
            ],
            [
              11.96999991208285,
              51.49667631765815
            ],
            [
              11.969891450895547,
              51.497359350418215
            ],
            [
              11.970165033169769,
              51.497467267937346
            ],
            [
              11.970498715545412,
              51.497309581142076
            ],
            [
              11.970575919117348,
              51.497369323449306
            ],
            [
              11.970604343901694,
              51.49739271756557
            ],
            [
              11.97065589718648,
              51.49743513624447
            ],
            [
              11.970684120574587,
              51.49745834154101
            ],
            [
              11.970736533692978,
              51.4974624711557
            ],
            [
              11.97092259859862,
              51.49738020678161
            ],
            [
              11.971131573992427,
              51.49740592601077
            ],
            [
              11.971185541902958,
              51.49741065800874
            ],
            [
              11.971342765986247,
              51.49742443925999
            ],
            [
              11.971518941623858,
              51.49744010261404
            ],
            [
              11.97152563387786,
              51.497400271102535
            ],
            [
              11.971595639254717,
              51.497405044249334
            ],
            [
              11.971604239375415,
              51.49736045699937
            ],
            [
              11.971838539591312,
              51.4973819162918
            ],
            [
              11.972294518687855,
              51.49742720859325
            ],
            [
              11.97267358820419,
              51.49746653600937
            ],
            [
              11.972948389163351,
              51.496650912109956
            ],
            [
              11.97297527765473,
              51.49627993502025
            ],
            [
              11.97295933181006,
              51.49614671561287
            ],
            [
              11.972815494139576,
              51.495998404203895
            ],
            [
              11.97272921329138,
              51.49581408342254
            ],
            [
              11.972722104311167,
              51.49560290120489
            ],
            [
              11.97281583586846,
              51.49542313813208
            ],
            [
              11.97295269918935,
              51.49527489150525
            ],
            [
              11.973161563780499,
              51.495131122867285
            ],
            [
              11.97185192653172,
              51.49405221811574
            ],
            [
              11.97231998546854,
              51.49384561095842
            ],
            [
              11.972831247456392,
              51.49368841680494
            ],
            [
              11.972212801706732,
              51.49249736419818
            ]
          ]
        ]
      }
    },
    {
      "type": "Feature",
      "properties": {
        "ags": "15002000",
        "wahlkreis": "037",
        "wahlbezirk": "090010",
        "gemeinde": "Halle (Saale), Stadt",
        "name": "Briefwahlbezirk 90010",
        "wahlart": "B",
        "linke": 95,
        "spd": 118,
        "gruene": 149,
        "summe": 362,
        "gueltige_zweitstimmen": 692,
        "anteil_prozent": 52.3121387283237,
        "mehr_als_50_prozent": true
      },
      "geometry": {
        "type": "Polygon",
        "coordinates": [
          [
            [
              11.996285925279174,
              51.50458057722111
            ],
            [
              11.99623035248734,
              51.50451521937418
            ],
            [
              11.99618657183967,
              51.50446402588728
            ],
            [
              11.995976970825405,
              51.5042012576654
            ],
            [
              11.99571706577007,
              51.5038884652958
            ],
            [
              11.995144117376377,
              51.50316540118529
            ],
            [
              11.994563414284334,
              51.5024485230074
            ],
            [
              11.994420207172295,
              51.50225166843432
            ],
            [
              11.994399481018988,
              51.50222562539783
            ],
            [
              11.99225417396153,
              51.49959648687552
            ],
            [
              11.992621435279963,
              51.49927296472431
            ],
            [
              11.992561196914998,
              51.499242948182555
            ],
            [
              11.992380350786407,
              51.49923563984796
            ],
            [
              11.99210904794377,
              51.499224206954516
            ],
            [
              11.991793103523571,
              51.4992109731549
            ],
            [
              11.991474279164722,
              51.499196929127045
            ],
            [
              11.99132494741701,
              51.49919071642547
            ],
            [
              11.991148687182386,
              51.49918297369277
            ],
            [
              11.990834759656792,
              51.4991694675575
            ],
            [
              11.99057137672358,
              51.49915839104928
            ],
            [
              11.99034903528053,
              51.49914965485868
            ],
            [
              11.990187463778131,
              51.4991435296736
            ],
            [
              11.989999395140345,
              51.49913713211226
            ],
            [
              11.989854671564451,
              51.49913307498217
            ],
            [
              11.989675962301613,
              51.499128835309094
            ],
            [
              11.98948962120373,
              51.49912495400833
            ],
            [
              11.989334096804308,
              51.4991233222288
            ],
            [
              11.989154379625568,
              51.49912222673053
            ],
            [
              11.988991366102564,
              51.49912320070119
            ],
            [
              11.988846064636485,
              51.49912507416561
            ],
            [
              11.988708683959038,
              51.499127577990514
            ],
            [
              11.98853299703355,
              51.499132145011274
            ],
            [
              11.988391007336313,
              51.49913752371851
            ],
            [
              11.988265290200257,
              51.49914290442645
            ],
            [
              11.988140580270622,
              51.4991483745212
            ],
            [
              11.988001326036146,
              51.49915591008439
            ],
            [
              11.987871863898832,
              51.49916371639787
            ],
            [
              11.987742544887483,
              51.499171882457766
            ],
            [
              11.987571896390124,
              51.49918381885716
            ],
            [
              11.987444161176544,
              51.49919495042758
            ],
            [
              11.987301305319404,
              51.49920697881635
            ],
            [
              11.987158447878317,
              51.49922125460013
            ],
            [
              11.987021927860994,
              51.499234182477494
            ],
            [
              11.98689534386172,
              51.49924809986073
            ],
            [
              11.986760982796211,
              51.49926255549522
            ],
            [
              11.986630653894498,
              51.499278090508746
            ],
            [
              11.986475266055578,
              51.49929775666521
            ],
            [
              11.986342488230457,
              51.49931625674896
            ],
            [
              11.98620942195211,
              51.49933493603712
            ],
            [
              11.986076355428278,
              51.49935406501726
            ],
            [
              11.985948184235088,
              51.499374003600124
            ],
            [
              11.985844207699223,
              51.49939043892553
            ],
            [
              11.985719347895525,
              51.49941118627696
            ],
            [
              11.98558339921531,
              51.49943489835716
            ],
            [
              11.985455947312959,
              51.49945798209935
            ],
            [
              11.985313085614948,
              51.49948402999994
            ],
            [
              11.985186640008537,
              51.4995092706269
            ],
            [
              11.985065235581517,
              51.49953271403176
            ],
            [
              11.984951751476135,
              51.499555259736034
            ],
            [
              11.984832650099206,
              51.49957996165784
            ],
            [
              11.984770418239115,
              51.499593354545134
            ],
            [
              11.98471254110774,
              51.49960531230834
            ],
            [
              11.984711765819,
              51.499605493790476
            ],
            [
              11.984507893573625,
              51.49964831848621
            ],
            [
              11.984339250208086,
              51.49968523702767
            ],
            [
              11.984126536570846,
              51.49973131740324
            ],
            [
              11.983813409968269,
              51.499801969721624
            ],
            [
              11.983705863014062,
              51.4998262354118
            ],
            [
              11.983597053673913,
              51.49985078609341
            ],
            [
              11.983597517386404,
              51.499851825185594
            ],
            [
              11.983597804700096,
              51.499852111040525
            ],
            [
              11.982291590276988,
              51.50014241636932
            ],
            [
              11.982245500998706,
              51.500152657606215
            ],
            [
              11.98102412120967,
              51.500418249854945
            ],
            [
              11.980408031465824,
              51.50055388501354
            ],
            [
              11.97980808005498,
              51.50068596375435
            ],
            [
              11.979183014095442,
              51.50082356859312
            ],
            [
              11.978827823426458,
              51.50090175858793
            ],
            [
              11.978205141737158,
              51.50103883199541
            ],
            [
              11.977588038397633,
              51.501174673222515
            ],
            [
              11.976990407128838,
              51.50130649550515
            ],
            [
              11.97646900598496,
              51.50142171821581
            ],
            [
              11.976045435286442,
              51.50151532060778
            ],
            [
              11.975728228632397,
              51.50158541616544
            ],
            [
              11.975479763449243,
              51.50164107485576
            ],
            [
              11.975232287332993,
              51.50169847444858
            ],
            [
              11.974904618032324,
              51.50177695568738
            ],
            [
              11.974756613199023,
              51.50181275559992
            ],
            [
              11.974584794598114,
              51.50185810275192
            ],
            [
              11.97423254212974,
              51.50195375474987
            ],
            [
              11.97409979395191,
              51.501993758271105
            ],
            [
              11.973724230815206,
              51.50210693375184
            ],
            [
              11.973425881948545,
              51.502207932040385
            ],
            [
              11.973259765883748,
              51.502264165282
            ],
            [
              11.973080665351805,
              51.50233006254335
            ],
            [
              11.972804371606726,
              51.50243477495406
            ],
            [
              11.972653471295635,
              51.50249376093225
            ],
            [
              11.972476217696697,
              51.50256521983913
            ],
            [
              11.971977933856813,
              51.50278553428026
            ],
            [
              11.971653512899477,
              51.50294104002035
            ],
            [
              11.971531244297477,
              51.50300381946135
            ],
            [
              11.971434106085367,
              51.503052798558286
            ],
            [
              11.971325292816562,
              51.5031113185214
            ],
            [
              11.971137257793904,
              51.5032124442792
            ],
            [
              11.970921863027058,
              51.50333917492092
            ],
            [
              11.97070633955926,
              51.5034659808376
            ],
            [
              11.970340166321549,
              51.503699039643806
            ],
            [
              11.970024979580336,
              51.50392056088688
            ],
            [
              11.969662804483116,
              51.50419410990285
            ],
            [
              11.969361200444572,
              51.504446551301676
            ],
            [
              11.969271098554202,
              51.50452600232944
            ],
            [
              11.969437229412799,
              51.5046014771503
            ],
            [
              11.969391087106937,
              51.504657599453004
            ],
            [
              11.969197790577745,
              51.50511427790795
            ],
            [
              11.969188202678682,
              51.5052357937718
            ],
            [
              11.969182056017717,
              51.50570204844162
            ],
            [
              11.969229159170359,
              51.50590523654208
            ],
            [
              11.969262404898167,
              51.5060485595754
            ],
            [
              11.969281224818278,
              51.50622661818161
            ],
            [
              11.969416009507093,
              51.50647863425188
            ],
            [
              11.969846773477737,
              51.506731759511084
            ],
            [
              11.970486367466926,
              51.50701311407664
            ],
            [
              11.97068706720058,
              51.507133829073766
            ],
            [
              11.970790145982416,
              51.50720616362612
            ],
            [
              11.971190054063047,
              51.50753616966145
            ],
            [
              11.971347584352467,
              51.507599663945555
            ],
            [
              11.971438237374795,
              51.50762278542942
            ],
            [
              11.971683424580108,
              51.50766427966443
            ],
            [
              11.971943459814772,
              51.507687801343934
            ],
            [
              11.972268921544192,
              51.50771691156799
            ],
            [
              11.972452586479559,
              51.50774767243429
            ],
            [
              11.97203208922681,
              51.50826941703417
            ],
            [
              11.972002845352913,
              51.50830576829668
            ],
            [
              11.97199820130876,
              51.50830671624719
            ],
            [
              11.971842958369157,
              51.508626376011364
            ],
            [
              11.971925011676856,
              51.50864493628555
            ],
            [
              11.97200105514927,
              51.50865672878387
            ],
            [
              11.972821329044235,
              51.508784012308
            ],
            [
              11.973333399864188,
              51.508862325970995
            ],
            [
              11.973691652361525,
              51.50892366045433
            ],
            [
              11.973515151697878,
              51.50927145910512
            ],
            [
              11.973270946061609,
              51.5097501532919
            ],
            [
              11.973197828753284,
              51.50990356298651
            ],
            [
              11.9731433881972,
              51.510015362114515
            ],
            [
              11.973820484869904,
              51.51006854422452
            ],
            [
              11.97390632955003,
              51.51007368658762
            ],
            [
              11.973958556435077,
              51.51005136296523
            ],
            [
              11.97397799976559,
              51.5100541535523
            ],
            [
              11.9747531126585,
              51.5101144078887
            ],
            [
              11.975100736478401,
              51.51014198553978
            ],
            [
              11.975210345501665,
              51.51015063746012
            ],
            [
              11.975298998322355,
              51.51015771152342
            ],
            [
              11.97543179656096,
              51.51016821026862
            ],
            [
              11.975721879432884,
              51.51019213415025
            ],
            [
              11.976001808777646,
              51.51021376324029
            ],
            [
              11.976084123212472,
              51.51022079043107
            ],
            [
              11.976283177197464,
              51.51023777337315
            ],
            [
              11.976295635923975,
              51.51023885441142
            ],
            [
              11.976592777662741,
              51.510262462673595
            ],
            [
              11.976861904915511,
              51.510283997589895
            ],
            [
              11.977142411726817,
              51.5103063427217
            ],
            [
              11.97743674548158,
              51.51032990331524
            ],
            [
              11.977579555130989,
              51.510341345670675
            ],
            [
              11.977721501592212,
              51.51035265273593
            ],
            [
              11.97787352978634,
              51.51036486011541
            ],
            [
              11.978358638153654,
              51.510403599032685
            ],
            [
              11.978446859410848,
              51.510410671185795
            ],
            [
              11.978498032007371,
              51.510414773575505
            ],
            [
              11.978510923291571,
              51.51040293356535
            ],
            [
              11.980477840587044,
              51.508605654142094
            ],
            [
              11.98188561825418,
              51.510050035415574
            ],
            [
              11.98192845158872,
              51.51005312836472
            ],
            [
              11.982683050829538,
              51.510107620187064
            ],
            [
              11.9838317342239,
              51.510190608491065
            ],
            [
              11.985256253782145,
              51.51028741744011
            ],
            [
              11.987319150684673,
              51.510433219715495
            ],
            [
              11.987320332241776,
              51.51043330267966
            ],
            [
              11.98735689721149,
              51.51043588772118
            ],
            [
              11.98736534747282,
              51.51041410694428
            ],
            [
              11.987376422375961,
              51.51038774244737
            ],
            [
              11.987311264716244,
              51.51035696239626
            ],
            [
              11.987211268392644,
              51.509390233075244
            ],
            [
              11.988269290284727,
              51.509462325203835
            ],
            [
              11.988475936660782,
              51.50947640428809
            ],
            [
              11.988774114398543,
              51.50949672099204
            ],
            [
              11.98907406734611,
              51.50951715230628
            ],
            [
              11.989694067242299,
              51.50955940725947
            ],
            [
              11.989692485112677,
              51.50954628434653
            ],
            [
              11.989679689730128,
              51.50944287547699
            ],
            [
              11.989679034009399,
              51.509422853601556
            ],
            [
              11.989678043878335,
              51.5093926323477
            ],
            [
              11.98967885315628,
              51.50932023360744
            ],
            [
              11.989688160416524,
              51.50924248742587
            ],
            [
              11.989687442158989,
              51.509234712772916
            ],
            [
              11.989690687125083,
              51.50921471482777
            ],
            [
              11.989697440179151,
              51.509173512066255
            ],
            [
              11.989703019733101,
              51.50913948528204
            ],
            [
              11.989717799583973,
              51.50906515563225
            ],
            [
              11.989721659836334,
              51.50905333828492
            ],
            [
              11.98974273547034,
              51.50898884920497
            ],
            [
              11.989780133647198,
              51.508893129321166
            ],
            [
              11.989787914594789,
              51.508878075093214
            ],
            [
              11.989825309475652,
              51.50880033132799
            ],
            [
              11.989839596712981,
              51.50877755847522
            ],
            [
              11.989867278564777,
              51.508733253593675
            ],
            [
              11.989868465741816,
              51.50873159641118
            ],
            [
              11.989911040255988,
              51.50866524833473
            ],
            [
              11.989981924918416,
              51.50857438460531
            ],
            [
              11.990010894219125,
              51.50854307310778
            ],
            [
              11.99006058643537,
              51.50848936450066
            ],
            [
              11.9900805400346,
              51.508467480259775
            ],
            [
              11.99012051837418,
              51.508423756757715
            ],
            [
              11.990163368291585,
              51.50838602132126
            ],
            [
              11.9901828249597,
              51.508368889440185
            ],
            [
              11.990277831168727,
              51.50829160015561
            ],
            [
              11.990297710940425,
              51.5082770411686
            ],
            [
              11.990366642043584,
              51.508226533927804
            ],
            [
              11.990409498095843,
              51.50819543851182
            ],
            [
              11.990451489897731,
              51.50816870264007
            ],
            [
              11.990455102639578,
              51.50816636759316
            ],
            [
              11.990528292007085,
              51.50811910001467
            ],
            [
              11.990539505635164,
              51.50811186010085
            ],
            [
              11.99065323159911,
              51.508050166178805
            ],
            [
              11.990680456660904,
              51.50803704555868
            ],
            [
              11.990781505569721,
              51.50798842830131
            ],
            [
              11.990867357486207,
              51.50794717951273
            ],
            [
              11.990938875017678,
              51.507917120209605
            ],
            [
              11.990952999813349,
              51.5079292675865
            ],
            [
              11.990964796264851,
              51.507939412436194
            ],
            [
              11.99108795530647,
              51.507884549834344
            ],
            [
              11.991138802582055,
              51.507861948545475
            ],
            [
              11.991178631089856,
              51.50784419976961
            ],
            [
              11.991317633214306,
              51.50778237268677
            ],
            [
              11.991489334023992,
              51.507705941644275
            ],
            [
              11.991667371302542,
              51.50762672451824
            ],
            [
              11.991859380549107,
              51.507541261312944
            ],
            [
              11.992193414028263,
              51.507392620892794
            ],
            [
              11.992348180217114,
              51.507323751948555
            ],
            [
              11.991203366043123,
              51.506333195881915
            ],
            [
              11.989965110411466,
              51.50527127497422
            ],
            [
              11.989641268542945,
              51.5049941982361
            ],
            [
              11.988715482874445,
              51.50421052959919
            ],
            [
              11.98851761659622,
              51.50400922564061
            ],
            [
              11.988552123452465,
              51.504013847021085
            ],
            [
              11.988710541022531,
              51.50403181872602
            ],
            [
              11.991425256620142,
              51.50423876632831
            ],
            [
              11.993290328778576,
              51.504373726478526
            ],
            [
              11.994682463327132,
              51.50446987995132
            ],
            [
              11.994693342203192,
              51.50447063200687
            ],
            [
              11.996285925279174,
              51.50458057722111
            ]
          ]
        ]
      }
    },
    {
      "type": "Feature",
      "properties": {
        "ags": "15002000",
        "wahlkreis": "036",
        "wahlbezirk": "090011",
        "gemeinde": "Halle (Saale), Stadt",
        "name": "Briefwahlbezirk 90011",
        "wahlart": "B",
        "linke": 115,
        "spd": 150,
        "gruene": 244,
        "summe": 509,
        "gueltige_zweitstimmen": 921,
        "anteil_prozent": 55.26601520086862,
        "mehr_als_50_prozent": true
      },
      "geometry": {
        "type": "Polygon",
        "coordinates": [
          [
            [
              11.963926746105571,
              51.51808967602429
            ],
            [
              11.964462417580604,
              51.5181519795181
            ],
            [
              11.965969350103965,
              51.51421994114393
            ],
            [
              11.966137478732529,
              51.51377246278679
            ],
            [
              11.966258056734299,
              51.51345153598501
            ],
            [
              11.966467457287978,
              51.51271907445696
            ],
            [
              11.966626597682898,
              51.511779823916385
            ],
            [
              11.967017620214422,
              51.5088858189964
            ],
            [
              11.96711229378795,
              51.50836991047029
            ],
            [
              11.967167838286949,
              51.50804114230398
            ],
            [
              11.96721286085649,
              51.50782404835715
            ],
            [
              11.967255551930569,
              51.50764214183006
            ],
            [
              11.96735293851614,
              51.50730952039025
            ],
            [
              11.967394074848496,
              51.507187293734816
            ],
            [
              11.96747200393691,
              51.50699261258613
            ],
            [
              11.967422276265907,
              51.50697594366122
            ],
            [
              11.966831842366235,
              51.50677803753553
            ],
            [
              11.966493269563617,
              51.50688579059027
            ],
            [
              11.966133216784307,
              51.5069171384209
            ],
            [
              11.965593124391818,
              51.5069214990415
            ],
            [
              11.965153757550896,
              51.507020238261454
            ],
            [
              11.964944760932227,
              51.50723587328952
            ],
            [
              11.964318355954541,
              51.50699299793778
            ],
            [
              11.964008483913554,
              51.50729854823354
            ],
            [
              11.963266951371255,
              51.506988212069544
            ],
            [
              11.962604373124194,
              51.50706886154702
            ],
            [
              11.96241713038297,
              51.50710928758066
            ],
            [
              11.96225857919631,
              51.50724853535928
            ],
            [
              11.962252708609771,
              51.507256013473324
            ],
            [
              11.962179649571215,
              51.50722891822954
            ],
            [
              11.962152868701708,
              51.50721861808426
            ],
            [
              11.961944236223855,
              51.50713810731067
            ],
            [
              11.961827969377106,
              51.507093264170315
            ],
            [
              11.961627826965227,
              51.50702372077483
            ],
            [
              11.961570379588261,
              51.506998580482744
            ],
            [
              11.961501229049992,
              51.50693267511745
            ],
            [
              11.961460222797378,
              51.50689360711472
            ],
            [
              11.961410347643783,
              51.50684609066576
            ],
            [
              11.961352569292918,
              51.506788592772565
            ],
            [
              11.961308374238742,
              51.50676273751308
            ],
            [
              11.961256178227037,
              51.50673227748951
            ],
            [
              11.96116628843187,
              51.50667982030448
            ],
            [
              11.961117054516249,
              51.50665108760568
            ],
            [
              11.961064686559594,
              51.50658334482728
            ],
            [
              11.960989205185811,
              51.506594959171764
            ],
            [
              11.960793372920627,
              51.506655515148886
            ],
            [
              11.960581335338519,
              51.50636713025614
            ],
            [
              11.960293668020412,
              51.505980585727215
            ],
            [
              11.960120691304871,
              51.506160256179456
            ],
            [
              11.9598684274897,
              51.50637140582434
            ],
            [
              11.95923447916851,
              51.506613872489055
            ],
            [
              11.95909758823275,
              51.50670817987914
            ],
            [
              11.958650949855915,
              51.506829366232196
            ],
            [
              11.958406070213151,
              51.5068697079508
            ],
            [
              11.957779503299525,
              51.506941421238764
            ],
            [
              11.957534661394675,
              51.50693681585949
            ],
            [
              11.95727554666368,
              51.50681091738455
            ],
            [
              11.95719640048261,
              51.50668954575456
            ],
            [
              11.95668518780345,
              51.506581509085336
            ],
            [
              11.955091791080626,
              51.50853132652989
            ],
            [
              11.954262201073048,
              51.50990615754993
            ],
            [
              11.953814482250849,
              51.511141831950894
            ],
            [
              11.953756052378324,
              51.511919276481684
            ],
            [
              11.953532608179604,
              51.51211692948642
            ],
            [
              11.953056836505969,
              51.51252119919648
            ],
            [
              11.952371813568925,
              51.5132894119051
            ],
            [
              11.9514849329631,
              51.51416990393234
            ],
            [
              11.950662872203528,
              51.51508180985731
            ],
            [
              11.950309230274994,
              51.51572434416361
            ],
            [
              11.950214984010177,
              51.51625456724231
            ],
            [
              11.9504014184755,
              51.517086038055
            ],
            [
              11.950746432622303,
              51.51774230583374
            ],
            [
              11.951192324223179,
              51.51843910024189
            ],
            [
              11.95134271169532,
              51.51923458558629
            ],
            [
              11.951197874804302,
              51.51993559349719
            ],
            [
              11.95194032688671,
              51.51949101096954
            ],
            [
              11.952014968397139,
              51.51934121466922
            ],
            [
              11.95229404803434,
              51.51878111007202
            ],
            [
              11.952461135407022,
              51.51840543783749
            ],
            [
              11.952611738880343,
              51.518066674224045
            ],
            [
              11.952867017712345,
              51.51780161676989
            ],
            [
              11.953152538164362,
              51.51750512140535
            ],
            [
              11.953446927403853,
              51.51727024782535
            ],
            [
              11.953923884460774,
              51.51688973225158
            ],
            [
              11.954111384217837,
              51.51663814012065
            ],
            [
              11.95414053375395,
              51.516359554131824
            ],
            [
              11.954248789931007,
              51.51616185582901
            ],
            [
              11.954328073232666,
              51.51606747753909
            ],
            [
              11.954566010187666,
              51.51587434692643
            ],
            [
              11.954897543522836,
              51.515658777284955
            ],
            [
              11.95567235682585,
              51.515782778401395
            ],
            [
              11.956907097696444,
              51.515982997645025
            ],
            [
              11.957552506290416,
              51.51605854632666
            ],
            [
              11.957663343959586,
              51.515713731669855
            ],
            [
              11.958431546955746,
              51.51587629283285
            ],
            [
              11.958084242458511,
              51.517175738565435
            ],
            [
              11.957893045508655,
              51.51784391329311
            ],
            [
              11.958540918200027,
              51.517968993525585
            ],
            [
              11.958992465070242,
              51.518123727892004
            ],
            [
              11.958997228368592,
              51.518125215861176
            ],
            [
              11.958901356889427,
              51.51823903336326
            ],
            [
              11.958820264738952,
              51.518342451829106
            ],
            [
              11.959096542076862,
              51.518423700685936
            ],
            [
              11.959217815745324,
              51.51845729824689
            ],
            [
              11.959086935096552,
              51.51861286656829
            ],
            [
              11.960476750440257,
              51.51912118895061
            ],
            [
              11.960692733194005,
              51.51918868061553
            ],
            [
              11.961982333892122,
              51.519004859469035
            ],
            [
              11.962170127908037,
              51.51835777483514
            ],
            [
              11.962311479950007,
              51.517897193183444
            ],
            [
              11.963926746105571,
              51.51808967602429
            ]
          ]
        ]
      }
    },
    {
      "type": "Feature",
      "properties": {
        "ags": "15002000",
        "wahlkreis": "036",
        "wahlbezirk": "090016",
        "gemeinde": "Halle (Saale), Stadt",
        "name": "Briefwahlbezirk 90016",
        "wahlart": "B",
        "linke": 96,
        "spd": 146,
        "gruene": 208,
        "summe": 450,
        "gueltige_zweitstimmen": 840,
        "anteil_prozent": 53.57142857142857,
        "mehr_als_50_prozent": true
      },
      "geometry": {
        "type": "Polygon",
        "coordinates": [
          [
            [
              11.993709760657454,
              51.46714249250328
            ],
            [
              11.993682412207313,
              51.466709030915176
            ],
            [
              11.993612470328747,
              51.46566650464534
            ],
            [
              11.989943149938508,
              51.465455010897166
            ],
            [
              11.989489906097948,
              51.46535610016741
            ],
            [
              11.98938239864222,
              51.46349555352263
            ],
            [
              11.989376563910298,
              51.46323970377489
            ],
            [
              11.989371085216098,
              51.4629977948782
            ],
            [
              11.989106567694298,
              51.46299944444114
            ],
            [
              11.98903889832364,
              51.46299982820553
            ],
            [
              11.988245788221423,
              51.46300493747826
            ],
            [
              11.988245788064349,
              51.46300555080457
            ],
            [
              11.985562283573227,
              51.46279407019348
            ],
            [
              11.983756467839033,
              51.462775822029066
            ],
            [
              11.980662788213587,
              51.462779871295545
            ],
            [
              11.973748828513378,
              51.46278304712966
            ],
            [
              11.97076317666753,
              51.462773306344836
            ],
            [
              11.970723505650657,
              51.462968808220886
            ],
            [
              11.970610305837038,
              51.463525981950404
            ],
            [
              11.970604395748397,
              51.46355525829727
            ],
            [
              11.970505643223008,
              51.46399215058423
            ],
            [
              11.970265248386054,
              51.46505619330083
            ],
            [
              11.970214030290286,
              51.46528498441906
            ],
            [
              11.96996215416637,
              51.46640880509437
            ],
            [
              11.969954995839576,
              51.46643579289709
            ],
            [
              11.969933278600084,
              51.466602078767856
            ],
            [
              11.9699188755532,
              51.466647021228084
            ],
            [
              11.969795035063942,
              51.46724172517741
            ],
            [
              11.97036365104813,
              51.467247040459185
            ],
            [
              11.970363449476453,
              51.467558572792115
            ],
            [
              11.971939753775978,
              51.4675542038619
            ],
            [
              11.971940103398966,
              51.466983457582046
            ],
            [
              11.972399613487712,
              51.46698585061149
            ],
            [
              11.972401004689463,
              51.46689478095454
            ],
            [
              11.974545188810485,
              51.46689074766827
            ],
            [
              11.974645913038911,
              51.46686383578208
            ],
            [
              11.975250346043046,
              51.4668639647202
            ],
            [
              11.975264806343015,
              51.46670665405485
            ],
            [
              11.976149761088196,
              51.46670683710535
            ],
            [
              11.976149800855904,
              51.46663043963248
            ],
            [
              11.976581555217011,
              51.4666440213322
            ],
            [
              11.976588439025933,
              51.46715187356864
            ],
            [
              11.977653386812202,
              51.46716105872023
            ],
            [
              11.97766801283138,
              51.46664875058597
            ],
            [
              11.978063700029487,
              51.46666226400931
            ],
            [
              11.978063740899122,
              51.46657688772907
            ],
            [
              11.979063853751475,
              51.4665995438612
            ],
            [
              11.979071144692751,
              51.466464705065995
            ],
            [
              11.980711575517653,
              51.466491977682665
            ],
            [
              11.982323254320896,
              51.466528197996126
            ],
            [
              11.982323171148773,
              51.46674389670649
            ],
            [
              11.982660046924808,
              51.46675841986163
            ],
            [
              11.983139855044326,
              51.466765184865125
            ],
            [
              11.983219499414059,
              51.46676544550496
            ],
            [
              11.983300694906012,
              51.466765711165216
            ],
            [
              11.98335418587891,
              51.46676461413927
            ],
            [
              11.98369023782655,
              51.46675758920179
            ],
            [
              11.983689758224287,
              51.468105815959866
            ],
            [
              11.983675020265663,
              51.469130435985385
            ],
            [
              11.983653152355695,
              51.469862957706276
            ],
            [
              11.983653083437545,
              51.470056240288486
            ],
            [
              11.983631098939513,
              51.47136397722934
            ],
            [
              11.98361628314642,
              51.472339188865384
            ],
            [
              11.985710297308371,
              51.47254171953473
            ],
            [
              11.986163624513178,
              51.47257322505614
            ],
            [
              11.98849508442488,
              51.472798154077914
            ],
            [
              11.988775708609602,
              51.47289259103721
            ],
            [
              11.989452192710806,
              51.47289711312329
            ],
            [
              11.990430839948004,
              51.472924188556185
            ],
            [
              11.99082222721834,
              51.472850218567174
            ],
            [
              11.99113451994495,
              51.472674249406275
            ],
            [
              11.992006667517607,
              51.47200374041635
            ],
            [
              11.993217682378559,
              51.47109535247148
            ],
            [
              11.993518539677734,
              51.47081002163336
            ],
            [
              11.99417305395718,
              51.47059201472115
            ],
            [
              11.994684036209279,
              51.469962844725636
            ],
            [
              11.995000712938124,
              51.46937866810317
            ],
            [
              11.995187911238302,
              51.46886630756082
            ],
            [
              11.995303058607806,
              51.46830007759385
            ],
            [
              11.994950494912331,
              51.46810683800584
            ],
            [
              11.994612300786656,
              51.467998973177856
            ],
            [
              11.994238201467795,
              51.46802137317081
            ],
            [
              11.993933910187387,
              51.46811086014492
            ],
            [
              11.993762681821527,
              51.467980082807394
            ],
            [
              11.993738447933664,
              51.46759725540183
            ],
            [
              11.9937277590402,
              51.467427061302054
            ],
            [
              11.993709760657454,
              51.46714249250328
            ]
          ]
        ]
      }
    },
    {
      "type": "Feature",
      "properties": {
        "ags": "15002000",
        "wahlkreis": "037",
        "wahlbezirk": "090034",
        "gemeinde": "Halle (Saale), Stadt",
        "name": "Briefwahlbezirk 90034",
        "wahlart": "B",
        "linke": 139,
        "spd": 101,
        "gruene": 320,
        "summe": 560,
        "gueltige_zweitstimmen": 747,
        "anteil_prozent": 74.9665327978581,
        "mehr_als_50_prozent": true
      },
      "geometry": {
        "type": "Polygon",
        "coordinates": [
          [
            [
              11.981024801769454,
              51.492076702936366
            ],
            [
              11.980765768856555,
              51.49180252232487
            ],
            [
              11.980067632959654,
              51.491236172499306
            ],
            [
              11.979866210682552,
              51.491002427395145
            ],
            [
              11.97939135906435,
              51.49036869366078
            ],
            [
              11.979204364941603,
              51.490045058526974
            ],
            [
              11.978981321938871,
              51.489640558321085
            ],
            [
              11.978736651618593,
              51.48946524420451
            ],
            [
              11.976878978988154,
              51.49029182727073
            ],
            [
              11.975618881722129,
              51.490889257268016
            ],
            [
              11.974301122838858,
              51.4915046734626
            ],
            [
              11.975265610274798,
              51.491837459751004
            ],
            [
              11.977223409823234,
              51.492471509111844
            ],
            [
              11.979634833500286,
              51.493249421817765
            ],
            [
              11.979447663617615,
              51.4932853020963
            ],
            [
              11.980310909918765,
              51.494692109653506
            ],
            [
              11.981405336720597,
              51.49453497660603
            ],
            [
              11.980910054598636,
              51.4969162533005
            ],
            [
              11.980893130100293,
              51.49699762278965
            ],
            [
              11.980612048771974,
              51.49767171386938
            ],
            [
              11.980359940974699,
              51.49805817774063
            ],
            [
              11.980143738615,
              51.49845362258317
            ],
            [
              11.980568501245862,
              51.49860648716507
            ],
            [
              11.981518736268658,
              51.49887626318119
            ],
            [
              11.982469081647983,
              51.49912355581066
            ],
            [
              11.98294422017528,
              51.499352818520954
            ],
            [
              11.983498548304441,
              51.49975289580929
            ],
            [
              11.983597517386404,
              51.499851825185594
            ],
            [
              11.983597053673913,
              51.49985078609341
            ],
            [
              11.983813409968269,
              51.499801969721624
            ],
            [
              11.984126536570846,
              51.49973131740324
            ],
            [
              11.984339250208086,
              51.49968523702767
            ],
            [
              11.984507893573625,
              51.49964831848621
            ],
            [
              11.984711742971413,
              51.499605478975596
            ],
            [
              11.984712532324895,
              51.499605292557995
            ],
            [
              11.984770418239115,
              51.499593354545134
            ],
            [
              11.984832650099206,
              51.49957996165784
            ],
            [
              11.984951751476135,
              51.499555259736034
            ],
            [
              11.985065235581517,
              51.49953271403176
            ],
            [
              11.985186640008537,
              51.4995092706269
            ],
            [
              11.985313085614948,
              51.49948402999994
            ],
            [
              11.985455947312959,
              51.49945798209935
            ],
            [
              11.98558339921531,
              51.49943489835716
            ],
            [
              11.985719347895525,
              51.49941118627696
            ],
            [
              11.985844207699223,
              51.49939043892553
            ],
            [
              11.985948184235088,
              51.499374003600124
            ],
            [
              11.986076355428278,
              51.49935406501726
            ],
            [
              11.98620942195211,
              51.49933493603712
            ],
            [
              11.986342488230457,
              51.49931625674896
            ],
            [
              11.986475266055578,
              51.49929775666521
            ],
            [
              11.986630653894498,
              51.499278090508746
            ],
            [
              11.986760982796211,
              51.49926255549522
            ],
            [
              11.98689534386172,
              51.49924809986073
            ],
            [
              11.987021927860994,
              51.499234182477494
            ],
            [
              11.987158447878317,
              51.49922125460013
            ],
            [
              11.987301305319404,
              51.49920697881635
            ],
            [
              11.987444161176544,
              51.49919495042758
            ],
            [
              11.987571896390124,
              51.49918381885716
            ],
            [
              11.987742544887483,
              51.499171882457766
            ],
            [
              11.987871863898832,
              51.49916371639787
            ],
            [
              11.988001326036146,
              51.49915591008439
            ],
            [
              11.988140580270622,
              51.4991483745212
            ],
            [
              11.988265290200257,
              51.49914290442645
            ],
            [
              11.988391007336313,
              51.49913752371851
            ],
            [
              11.98853299703355,
              51.499132145011274
            ],
            [
              11.988708683959038,
              51.499127577990514
            ],
            [
              11.988846064636485,
              51.49912507416561
            ],
            [
              11.988991366102564,
              51.49912320070119
            ],
            [
              11.989154379625568,
              51.49912222673053
            ],
            [
              11.989334096804308,
              51.4991233222288
            ],
            [
              11.98948962120373,
              51.49912495400833
            ],
            [
              11.989675962301613,
              51.499128835309094
            ],
            [
              11.989854671564451,
              51.49913307498217
            ],
            [
              11.989999395140345,
              51.49913713211226
            ],
            [
              11.990187463778131,
              51.4991435296736
            ],
            [
              11.99034903528053,
              51.49914965485868
            ],
            [
              11.99057137672358,
              51.49915839104928
            ],
            [
              11.990834759656792,
              51.4991694675575
            ],
            [
              11.991148687182386,
              51.49918297369277
            ],
            [
              11.99132494741701,
              51.49919071642547
            ],
            [
              11.991474279164722,
              51.499196929127045
            ],
            [
              11.991793103523571,
              51.4992109731549
            ],
            [
              11.99210904794377,
              51.499224206954516
            ],
            [
              11.992380350786407,
              51.49923563984796
            ],
            [
              11.992561196914998,
              51.499242948182555
            ],
            [
              11.992621435279963,
              51.49927296472431
            ],
            [
              11.993103778163643,
              51.49946175791069
            ],
            [
              11.993492592296489,
              51.49958758462347
            ],
            [
              11.994003807887886,
              51.49969997699535
            ],
            [
              11.994565424860141,
              51.49978989597243
            ],
            [
              11.995199058364943,
              51.49983486931418
            ],
            [
              11.995775072426209,
              51.49982585823153
            ],
            [
              11.99632946436998,
              51.499780930825274
            ],
            [
              11.997107140092286,
              51.49965063064579
            ],
            [
              11.99794235012334,
              51.49940801643377
            ],
            [
              11.998727255269642,
              51.49906195215485
            ],
            [
              11.999130469592162,
              51.49880577341165
            ],
            [
              11.999663227433626,
              51.498410350795645
            ],
            [
              12.000131296392862,
              51.49788900818183
            ],
            [
              12.00042647660708,
              51.49744411859364
            ],
            [
              12.000592021072396,
              51.497044117307034
            ],
            [
              12.000656872444909,
              51.496491380371985
            ],
            [
              12.000541619035465,
              51.495925147980216
            ],
            [
              12.000530093089242,
              51.495892105953374
            ],
            [
              12.000452943476612,
              51.49584872440579
            ],
            [
              12.000439984444338,
              51.495841444130264
            ],
            [
              12.00042659213008,
              51.495833893949026
            ],
            [
              12.000415936639067,
              51.495827872125616
            ],
            [
              12.00040254521206,
              51.49582036692595
            ],
            [
              12.000386489918688,
              51.49581133391312
            ],
            [
              12.000370434631659,
              51.49580230089807
            ],
            [
              12.000354379351363,
              51.49579331286514
            ],
            [
              12.000342237703336,
              51.4957864785791
            ],
            [
              12.000295701344378,
              51.49576028193387
            ],
            [
              12.000235079358594,
              51.49572630740397
            ],
            [
              12.000020384723806,
              51.4956056871721
            ],
            [
              11.99972620697502,
              51.49543985661324
            ],
            [
              11.999362627389889,
              51.49523627544454
            ],
            [
              11.999187822167192,
              51.49513722550822
            ],
            [
              11.998949230236427,
              51.49500411011664
            ],
            [
              11.998648436456968,
              51.49483423257899
            ],
            [
              11.998355132512755,
              51.494669746453546
            ],
            [
              11.998118705658547,
              51.49453645000277
            ],
            [
              11.997879544393049,
              51.494402073948386
            ],
            [
              11.997617634631787,
              51.4942550239851
            ],
            [
              11.997268903788699,
              51.49405898626965
            ],
            [
              11.997101883256482,
              51.49396442742832
            ],
            [
              11.996951276742918,
              51.493879576061644
            ],
            [
              11.99644647646528,
              51.493595987859166
            ],
            [
              11.996135623263692,
              51.49342169890883
            ],
            [
              11.995791944672597,
              51.49323113954292
            ],
            [
              11.995363033490126,
              51.49299545600377
            ],
            [
              11.994932975121623,
              51.49276309583903
            ],
            [
              11.994545969299626,
              51.492554734686706
            ],
            [
              11.994219724296693,
              51.49237891209334
            ],
            [
              11.993986055078143,
              51.49225407213326
            ],
            [
              11.993733815935022,
              51.492119311121655
            ],
            [
              11.993247913343934,
              51.49185800036593
            ],
            [
              11.992497252241268,
              51.49145520564855
            ],
            [
              11.99207370803799,
              51.49122462649823
            ],
            [
              11.991852287885294,
              51.49110803552151
            ],
            [
              11.99159027106983,
              51.49096753314203
            ],
            [
              11.991295288834253,
              51.49080743376039
            ],
            [
              11.991056454377494,
              51.490673672963645
            ],
            [
              11.990845695626161,
              51.49055177821548
            ],
            [
              11.990755855859613,
              51.490497725773416
            ],
            [
              11.990652213441903,
              51.49043536706564
            ],
            [
              11.990560654770375,
              51.49037945406836
            ],
            [
              11.990402733087448,
              51.49028048227725
            ],
            [
              11.99032744385195,
              51.4902315808512
            ],
            [
              11.990242797259043,
              51.4901765667617
            ],
            [
              11.990151528940109,
              51.490115530185875
            ],
            [
              11.989997065687788,
              51.4900103563248
            ],
            [
              11.989918970558474,
              51.48995754459576
            ],
            [
              11.989874200410695,
              51.489925992446345
            ],
            [
              11.989836268692718,
              51.48989893491867
            ],
            [
              11.989812372896017,
              51.48988203518737
            ],
            [
              11.989792829785895,
              51.489868233167144
            ],
            [
              11.989712424347612,
              51.48987268784872
            ],
            [
              11.98956004705335,
              51.48988456566609
            ],
            [
              11.989312440146254,
              51.489886922127646
            ],
            [
              11.989209935411177,
              51.48988494223939
            ],
            [
              11.989064832278766,
              51.489882142557754
            ],
            [
              11.988801992068383,
              51.489863093839396
            ],
            [
              11.988745617961861,
              51.489860091514544
            ],
            [
              11.988622952260902,
              51.48985356356746
            ],
            [
              11.988390599778937,
              51.48984211538954
            ],
            [
              11.987267040465811,
              51.48983502766485
            ],
            [
              11.986813531878967,
              51.48983943937712
            ],
            [
              11.984401900544938,
              51.4898436601906
            ],
            [
              11.983898012337807,
              51.489843592253045
            ],
            [
              11.983379741537584,
              51.489843520118
            ],
            [
              11.982306917692732,
              51.490351156406305
            ],
            [
              11.981781252538882,
              51.490733118987215
            ],
            [
              11.981442712733108,
              51.491141988138395
            ],
            [
              11.981262525329496,
              51.491604860674165
            ],
            [
              11.981161486982373,
              51.492274465171974
            ],
            [
              11.981024801769454,
              51.492076702936366
            ]
          ]
        ]
      }
    },
    {
      "type": "Feature",
      "properties": {
        "ags": "15002000",
        "wahlkreis": "037",
        "wahlbezirk": "090035",
        "gemeinde": "Halle (Saale), Stadt",
        "name": "Briefwahlbezirk 90035",
        "wahlart": "B",
        "linke": 163,
        "spd": 199,
        "gruene": 400,
        "summe": 762,
        "gueltige_zweitstimmen": 1134,
        "anteil_prozent": 67.19576719576719,
        "mehr_als_50_prozent": true
      },
      "geometry": {
        "type": "Polygon",
        "coordinates": [
          [
            [
              11.969891450895547,
              51.497359350418215
            ],
            [
              11.96999991208285,
              51.49667631765815
            ],
            [
              11.968891247104022,
              51.49648726676822
            ],
            [
              11.967912209956356,
              51.49631619566441
            ],
            [
              11.966242051029498,
              51.49603261142308
            ],
            [
              11.966306306931028,
              51.4968505836369
            ],
            [
              11.966334968980417,
              51.4969943524115
            ],
            [
              11.966356205468445,
              51.49751570202519
            ],
            [
              11.966434824663152,
              51.49824824793799
            ],
            [
              11.96646305374209,
              51.49910663772032
            ],
            [
              11.966512877179705,
              51.499879603416844
            ],
            [
              11.966583989895526,
              51.501111015955885
            ],
            [
              11.968837478319482,
              51.501453137610234
            ],
            [
              11.971078767314262,
              51.501830527250654
            ],
            [
              11.971537406856017,
              51.50190774618731
            ],
            [
              11.971926216447645,
              51.50197525748471
            ],
            [
              11.973128776229336,
              51.501980000431175
            ],
            [
              11.973539185521137,
              51.5019351477255
            ],
            [
              11.974011377223258,
              51.50183910967356
            ],
            [
              11.974079202931922,
              51.50195774216873
            ],
            [
              11.97409979395191,
              51.501993758271105
            ],
            [
              11.97423254212974,
              51.50195375474987
            ],
            [
              11.974584794598114,
              51.50185810275192
            ],
            [
              11.974756613199023,
              51.50181275559992
            ],
            [
              11.974904618032324,
              51.50177695568738
            ],
            [
              11.975232287332993,
              51.50169847444858
            ],
            [
              11.975479763449243,
              51.50164107485576
            ],
            [
              11.975728228632397,
              51.50158541616544
            ],
            [
              11.976045435286442,
              51.50151532060778
            ],
            [
              11.97646900598496,
              51.50142171821581
            ],
            [
              11.976990407128838,
              51.50130649550515
            ],
            [
              11.977588038397633,
              51.501174673222515
            ],
            [
              11.978205141737158,
              51.50103883199541
            ],
            [
              11.978827823426458,
              51.50090175858793
            ],
            [
              11.979183014095442,
              51.50082356859312
            ],
            [
              11.97980808005498,
              51.50068596375435
            ],
            [
              11.980408031465824,
              51.50055388501354
            ],
            [
              11.98102412120967,
              51.500418249854945
            ],
            [
              11.982245500998706,
              51.500152657606215
            ],
            [
              11.983597804700096,
              51.499852111040525
            ],
            [
              11.983498548304441,
              51.49975289580929
            ],
            [
              11.98294422017528,
              51.499352818520954
            ],
            [
              11.982469081647983,
              51.49912355581066
            ],
            [
              11.981518736268658,
              51.49887626318119
            ],
            [
              11.980568501245862,
              51.49860648716507
            ],
            [
              11.980143738615,
              51.49845362258317
            ],
            [
              11.980359940974699,
              51.49805817774063
            ],
            [
              11.979848738220243,
              51.49802658242501
            ],
            [
              11.978767517063801,
              51.49795772334249
            ],
            [
              11.978610787421728,
              51.497789557467044
            ],
            [
              11.978372734369094,
              51.49763493724884
            ],
            [
              11.978107505485436,
              51.49735671418944
            ],
            [
              11.977560046602118,
              51.49682783200911
            ],
            [
              11.977144661047744,
              51.496326748406965
            ],
            [
              11.976929896445474,
              51.49619541461258
            ],
            [
              11.976929895076697,
              51.49619541543039
            ],
            [
              11.97692989507753,
              51.49619541378465
            ],
            [
              11.976989354086346,
              51.49615989002525
            ],
            [
              11.977014848069556,
              51.496145109437066
            ],
            [
              11.977048483655643,
              51.49612039877335
            ],
            [
              11.977058552619647,
              51.495998297376865
            ],
            [
              11.976902446328124,
              51.49560252157368
            ],
            [
              11.977467278107813,
              51.495566633928604
            ],
            [
              11.977566553488925,
              51.49556032549736
            ],
            [
              11.977430959728109,
              51.49512304307201
            ],
            [
              11.977207910290645,
              51.49471853984505
            ],
            [
              11.976747412360476,
              51.4943139334509
            ],
            [
              11.975739186365976,
              51.49480361993824
            ],
            [
              11.974766964484282,
              51.49525282285422
            ],
            [
              11.974946844790136,
              51.4954910314359
            ],
            [
              11.974989980202915,
              51.49568426477149
            ],
            [
              11.974961016148228,
              51.49588199817694
            ],
            [
              11.974852911588876,
              51.496052783306176
            ],
            [
              11.974737696572673,
              51.49616060630497
            ],
            [
              11.974550469288966,
              51.49627293178999
            ],
            [
              11.974248000199243,
              51.496376198145484
            ],
            [
              11.973938420147809,
              51.49641209812134
            ],
            [
              11.973592774199327,
              51.496398526173124
            ],
            [
              11.973348015075299,
              51.49634454620885
            ],
            [
              11.973139277433718,
              51.49626358448055
            ],
            [
              11.97295933181006,
              51.49614671561287
            ],
            [
              11.97297527765473,
              51.49627993502025
            ],
            [
              11.972948389163351,
              51.496650912109956
            ],
            [
              11.97267358820419,
              51.49746653600937
            ],
            [
              11.972294518687855,
              51.49742720859325
            ],
            [
              11.971838539591312,
              51.4973819162918
            ],
            [
              11.971604239375415,
              51.49736045699937
            ],
            [
              11.971595639254717,
              51.497405044249334
            ],
            [
              11.97152563387786,
              51.497400271102535
            ],
            [
              11.971518941623858,
              51.49744010261404
            ],
            [
              11.971342765986247,
              51.49742443925999
            ],
            [
              11.971185541902958,
              51.49741065800874
            ],
            [
              11.971131573992427,
              51.49740592601077
            ],
            [
              11.97092259859862,
              51.49738020678161
            ],
            [
              11.970736533692978,
              51.4974624711557
            ],
            [
              11.970684120574587,
              51.49745834154101
            ],
            [
              11.97065589718648,
              51.49743513624447
            ],
            [
              11.970604343901694,
              51.49739271756557
            ],
            [
              11.970575919117348,
              51.497369323449306
            ],
            [
              11.970498715545412,
              51.497309581142076
            ],
            [
              11.970165033169769,
              51.497467267937346
            ],
            [
              11.969891450895547,
              51.497359350418215
            ]
          ]
        ]
      }
    },
    {
      "type": "Feature",
      "properties": {
        "ags": "15002000",
        "wahlkreis": "036",
        "wahlbezirk": "090037",
        "gemeinde": "Halle (Saale), Stadt",
        "name": "Briefwahlbezirk 90037",
        "wahlart": "B",
        "linke": 171,
        "spd": 169,
        "gruene": 388,
        "summe": 728,
        "gueltige_zweitstimmen": 1062,
        "anteil_prozent": 68.54990583804143,
        "mehr_als_50_prozent": true
      },
      "geometry": {
        "type": "Polygon",
        "coordinates": [
          [
            [
              11.976988992977319,
              51.4718796905831
            ],
            [
              11.974715197027741,
              51.47171293344943
            ],
            [
              11.97391651925823,
              51.471663350969756
            ],
            [
              11.972175144113425,
              51.47155956314116
            ],
            [
              11.97218958458066,
              51.47145623329526
            ],
            [
              11.97327642785814,
              51.47099358293138
            ],
            [
              11.973816447151275,
              51.47037348984486
            ],
            [
              11.974630100834107,
              51.469456895334865
            ],
            [
              11.972090152354788,
              51.469343953259305
            ],
            [
              11.969456648107743,
              51.46922200847184
            ],
            [
              11.969377543441588,
              51.46921747021268
            ],
            [
              11.969218762139818,
              51.469927482041946
            ],
            [
              11.969211510592645,
              51.46995447140445
            ],
            [
              11.968362323499855,
              51.470048599588736
            ],
            [
              11.96832633597439,
              51.470053106990086
            ],
            [
              11.96818248250073,
              51.47007102459846
            ],
            [
              11.967858760677624,
              51.46989566628663
            ],
            [
              11.967786820930826,
              51.46985967760094
            ],
            [
              11.96739849290603,
              51.46950903341327
            ],
            [
              11.96663574704503,
              51.46958973422044
            ],
            [
              11.966175422955741,
              51.46929750642222
            ],
            [
              11.966125088955788,
              51.469265984633786
            ],
            [
              11.965945258140032,
              51.469158083836675
            ],
            [
              11.965909291169291,
              51.469135601429535
            ],
            [
              11.965297991023572,
              51.46873095814714
            ],
            [
              11.964254685172547,
              51.46874414210255
            ],
            [
              11.963837174391289,
              51.468986702496295
            ],
            [
              11.964290240102827,
              51.469292432093454
            ],
            [
              11.964930279257215,
              51.46971058234327
            ],
            [
              11.96515320357995,
              51.46985892540973
            ],
            [
              11.965836425407625,
              51.47034450321296
            ],
            [
              11.965850805031037,
              51.47045687324744
            ],
            [
              11.966073609631968,
              51.470780485720105
            ],
            [
              11.96630354162673,
              51.47124791639276
            ],
            [
              11.966770577735817,
              51.47216487940503
            ],
            [
              11.96707983685066,
              51.47235367379826
            ],
            [
              11.967266913476601,
              51.472466092466654
            ],
            [
              11.967518599498215,
              51.47263245307978
            ],
            [
              11.967820718306339,
              51.472825761178854
            ],
            [
              11.96811560526851,
              51.473023582534296
            ],
            [
              11.968424963066859,
              51.47321694643665
            ],
            [
              11.969417571206542,
              51.47385532635112
            ],
            [
              11.96961908237688,
              51.473895863065074
            ],
            [
              11.969863784116283,
              51.47384646238236
            ],
            [
              11.970007890153965,
              51.47346005008619
            ],
            [
              11.97057642672929,
              51.473460193932354
            ],
            [
              11.970993830733484,
              51.47339287918869
            ],
            [
              11.971303307437513,
              51.47341988942402
            ],
            [
              11.97221705972295,
              51.473559464566684
            ],
            [
              11.972504940231007,
              51.47356851112101
            ],
            [
              11.975059443997248,
              51.47378929588643
            ],
            [
              11.976951976123082,
              51.4739289824868
            ],
            [
              11.976937981263234,
              51.473173980788374
            ],
            [
              11.976974271810416,
              51.47256280651643
            ],
            [
              11.976988992977319,
              51.4718796905831
            ]
          ]
        ]
      }
    },
    {
      "type": "Feature",
      "properties": {
        "ags": "15002000",
        "wahlkreis": "036",
        "wahlbezirk": "090038",
        "gemeinde": "Halle (Saale), Stadt",
        "name": "Briefwahlbezirk 90038",
        "wahlart": "B",
        "linke": 109,
        "spd": 119,
        "gruene": 233,
        "summe": 461,
        "gueltige_zweitstimmen": 664,
        "anteil_prozent": 69.42771084337349,
        "mehr_als_50_prozent": true
      },
      "geometry": {
        "type": "Polygon",
        "coordinates": [
          [
            [
              11.963595908306665,
              51.47372785867039
            ],
            [
              11.964114082493685,
              51.47373247991076
            ],
            [
              11.965035166253568,
              51.4737193190171
            ],
            [
              11.966057037664772,
              51.47374209251285
            ],
            [
              11.966697438753858,
              51.47376921011246
            ],
            [
              11.967136405599836,
              51.473782828609835
            ],
            [
              11.967560991647572,
              51.47379644149153
            ],
            [
              11.967999955499666,
              51.473810056755624
            ],
            [
              11.969417571206542,
              51.47385532635112
            ],
            [
              11.968424963066859,
              51.47321694643665
            ],
            [
              11.96811560526851,
              51.473023582534296
            ],
            [
              11.967820718306339,
              51.472825761178854
            ],
            [
              11.967518599498215,
              51.47263245307978
            ],
            [
              11.967266913476601,
              51.472466092466654
            ],
            [
              11.96707983685066,
              51.47235367379826
            ],
            [
              11.966770577735817,
              51.47216487940503
            ],
            [
              11.96630354162673,
              51.47124791639276
            ],
            [
              11.966073609631968,
              51.470780485720105
            ],
            [
              11.965850805031037,
              51.47045687324744
            ],
            [
              11.965836425407625,
              51.47034450321296
            ],
            [
              11.96515320357995,
              51.46985892540973
            ],
            [
              11.964930279257215,
              51.46971058234327
            ],
            [
              11.964290240102827,
              51.469292432093454
            ],
            [
              11.963837174391289,
              51.468986702496295
            ],
            [
              11.95849767573806,
              51.46943434412114
            ],
            [
              11.958361013143307,
              51.469398327294364
            ],
            [
              11.956957642175,
              51.46964948698949
            ],
            [
              11.95720899708434,
              51.47011248339941
            ],
            [
              11.957244549227735,
              51.47057539917377
            ],
            [
              11.957100324084319,
              51.470979808952976
            ],
            [
              11.956783320393981,
              51.471388616183184
            ],
            [
              11.957307711859256,
              51.472355044142745
            ],
            [
              11.958191256247643,
              51.474018153949224
            ],
            [
              11.95869431423808,
              51.47494558805713
            ],
            [
              11.958730150770997,
              51.47501157205979
            ],
            [
              11.958731845688252,
              51.47501508473727
            ],
            [
              11.958866716116672,
              51.47497927669823
            ],
            [
              11.9598384945975,
              51.47472114221787
            ],
            [
              11.960133692635296,
              51.47463904630978
            ],
            [
              11.959738036670439,
              51.47451756779617
            ],
            [
              11.959630275508157,
              51.47429279758755
            ],
            [
              11.960558667889783,
              51.47420773867551
            ],
            [
              11.96035036795298,
              51.47376723792486
            ],
            [
              11.961609711236571,
              51.47374518405129
            ],
            [
              11.963595908306665,
              51.47372785867039
            ]
          ]
        ]
      }
    },
    {
      "type": "Feature",
      "properties": {
        "ags": "15002000",
        "wahlkreis": "036",
        "wahlbezirk": "090042",
        "gemeinde": "Halle (Saale), Stadt",
        "name": "Briefwahlbezirk 90042",
        "wahlart": "B",
        "linke": 126,
        "spd": 146,
        "gruene": 230,
        "summe": 502,
        "gueltige_zweitstimmen": 842,
        "anteil_prozent": 59.61995249406176,
        "mehr_als_50_prozent": true
      },
      "geometry": {
        "type": "Polygon",
        "coordinates": [
          [
            [
              11.98335418587891,
              51.46676461413927
            ],
            [
              11.983300694906012,
              51.466765711165216
            ],
            [
              11.983219499414059,
              51.46676544550496
            ],
            [
              11.983139855044326,
              51.466765184865125
            ],
            [
              11.982660046924808,
              51.46675841986163
            ],
            [
              11.982323171148773,
              51.46674389670649
            ],
            [
              11.982323254320896,
              51.466528197996126
            ],
            [
              11.980711575517653,
              51.466491977682665
            ],
            [
              11.979071144692751,
              51.466464705065995
            ],
            [
              11.979063853751475,
              51.4665995438612
            ],
            [
              11.978063740899122,
              51.46657688772907
            ],
            [
              11.978063700029487,
              51.46666226400931
            ],
            [
              11.97766801283138,
              51.46664875058597
            ],
            [
              11.977653386812202,
              51.46716105872023
            ],
            [
              11.976588439025933,
              51.46715187356864
            ],
            [
              11.976581555217011,
              51.4666440213322
            ],
            [
              11.976149800855904,
              51.46663043963248
            ],
            [
              11.976149761088196,
              51.46670683710535
            ],
            [
              11.975264806343015,
              51.46670665405485
            ],
            [
              11.975250346043046,
              51.4668639647202
            ],
            [
              11.974645913038911,
              51.46686383578208
            ],
            [
              11.974545188810485,
              51.46689074766827
            ],
            [
              11.972401004689463,
              51.46689478095454
            ],
            [
              11.972399613487712,
              51.46698585061149
            ],
            [
              11.971940103398966,
              51.466983457582046
            ],
            [
              11.971939753775978,
              51.4675542038619
            ],
            [
              11.970363449476453,
              51.467558572792115
            ],
            [
              11.97036365104813,
              51.467247040459185
            ],
            [
              11.969795035063942,
              51.46724172517741
            ],
            [
              11.969666211306228,
              51.467860343036804
            ],
            [
              11.969536338639747,
              51.468480469009904
            ],
            [
              11.969521833404519,
              51.46853890564418
            ],
            [
              11.969377543441588,
              51.46921747021268
            ],
            [
              11.969456648107743,
              51.46922200847184
            ],
            [
              11.972090152354788,
              51.469343953259305
            ],
            [
              11.974630100834107,
              51.469456895334865
            ],
            [
              11.974795742925952,
              51.469268166040976
            ],
            [
              11.976148209975793,
              51.46968640524316
            ],
            [
              11.976794912658596,
              51.4696856992886
            ],
            [
              11.976973041519145,
              51.46968545566119
            ],
            [
              11.979501379056392,
              51.46968257877033
            ],
            [
              11.979941868782749,
              51.469700052294904
            ],
            [
              11.980523159008271,
              51.46972318107966
            ],
            [
              11.981085300536634,
              51.46974831174781
            ],
            [
              11.983653152355695,
              51.469862957706276
            ],
            [
              11.983675020265663,
              51.469130435985385
            ],
            [
              11.983689758224287,
              51.468105815959866
            ],
            [
              11.98369023782655,
              51.46675758920179
            ],
            [
              11.98335418587891,
              51.46676461413927
            ]
          ]
        ]
      }
    },
    {
      "type": "Feature",
      "properties": {
        "ags": "15002000",
        "wahlkreis": "036",
        "wahlbezirk": "090043",
        "gemeinde": "Halle (Saale), Stadt",
        "name": "Briefwahlbezirk 90043",
        "wahlart": "B",
        "linke": 107,
        "spd": 156,
        "gruene": 164,
        "summe": 427,
        "gueltige_zweitstimmen": 814,
        "anteil_prozent": 52.45700245700246,
        "mehr_als_50_prozent": true
      },
      "geometry": {
        "type": "Polygon",
        "coordinates": [
          [
            [
              11.955285889963818,
              51.49418191731869
            ],
            [
              11.955185353886494,
              51.493943707191974
            ],
            [
              11.955185582860794,
              51.4937099988056
            ],
            [
              11.95529358221531,
              51.493624664089516
            ],
            [
              11.955653676081667,
              51.49353942477828
            ],
            [
              11.955992186853514,
              51.49342267077144
            ],
            [
              11.95616512891915,
              51.49324300600654
            ],
            [
              11.956208464814168,
              51.49304528086104
            ],
            [
              11.956115215231026,
              51.49275309517646
            ],
            [
              11.955589979959655,
              51.49243833029836
            ],
            [
              11.95543178375936,
              51.49224504608308
            ],
            [
              11.95545357261987,
              51.49197989296894
            ],
            [
              11.95574935558517,
              51.49141377134947
            ],
            [
              11.955951340958068,
              51.49093745138879
            ],
            [
              11.955923061805066,
              51.49043410904448
            ],
            [
              11.95590915811509,
              51.48993975136997
            ],
            [
              11.95627687388047,
              51.489328709245314
            ],
            [
              11.957054903887098,
              51.488654913754296
            ],
            [
              11.95736461867212,
              51.488524704699785
            ],
            [
              11.957350551696498,
              51.48809324776794
            ],
            [
              11.956357722590559,
              51.487540089439605
            ],
            [
              11.956746870967718,
              51.487095342217536
            ],
            [
              11.957099968860033,
              51.486699989828395
            ],
            [
              11.95763286164677,
              51.486399110469755
            ],
            [
              11.959440173355215,
              51.485770554751156
            ],
            [
              11.960016275535517,
              51.48556855077682
            ],
            [
              11.960239690743276,
              51.48522255064216
            ],
            [
              11.960384037408087,
              51.484800183761735
            ],
            [
              11.960420542990224,
              51.484206971793796
            ],
            [
              11.96066645017429,
              51.482831897679496
            ],
            [
              11.96058053344887,
              51.48231052456281
            ],
            [
              11.960545049570277,
              51.48172180575163
            ],
            [
              11.959826410715046,
              51.48045425267284
            ],
            [
              11.959812177094516,
              51.48028795676123
            ],
            [
              11.959797856596952,
              51.480121663007765
            ],
            [
              11.959928491625089,
              51.478921818168864
            ],
            [
              11.960073343965277,
              51.47789719172112
            ],
            [
              11.95965234079392,
              51.476916758837
            ],
            [
              11.959635230130752,
              51.47687688135077
            ],
            [
              11.958731845688252,
              51.47501508473727
            ],
            [
              11.958730150770997,
              51.47501157205979
            ],
            [
              11.95869431423808,
              51.47494558805713
            ],
            [
              11.958191256247643,
              51.474018153949224
            ],
            [
              11.957307711859256,
              51.472355044142745
            ],
            [
              11.956783320393981,
              51.471388616183184
            ],
            [
              11.957100324084319,
              51.470979808952976
            ],
            [
              11.957244549227735,
              51.47057539917377
            ],
            [
              11.95720899708434,
              51.47011248339941
            ],
            [
              11.956957642175,
              51.46964948698949
            ],
            [
              11.958361013143307,
              51.469398327294364
            ],
            [
              11.95849767573806,
              51.46943434412114
            ],
            [
              11.963837174391289,
              51.468986702496295
            ],
            [
              11.964254685172547,
              51.46874414210255
            ],
            [
              11.965297991023572,
              51.46873095814714
            ],
            [
              11.965909291169291,
              51.469135601429535
            ],
            [
              11.965945258140032,
              51.469158083836675
            ],
            [
              11.966125088955788,
              51.469265984633786
            ],
            [
              11.966175422955741,
              51.46929750642222
            ],
            [
              11.96663574704503,
              51.46958973422044
            ],
            [
              11.96739849290603,
              51.46950903341327
            ],
            [
              11.967786820930826,
              51.46985967760094
            ],
            [
              11.967858760677624,
              51.46989566628663
            ],
            [
              11.96818248250073,
              51.47007102459846
            ],
            [
              11.96832633597439,
              51.470053106990086
            ],
            [
              11.968362323499855,
              51.470048599588736
            ],
            [
              11.969211510592645,
              51.46995447140445
            ],
            [
              11.969218762139818,
              51.469927482041946
            ],
            [
              11.969377543441588,
              51.46921747021268
            ],
            [
              11.969521833404519,
              51.46853890564418
            ],
            [
              11.969536338639747,
              51.468480469009904
            ],
            [
              11.969666211306228,
              51.467860343036804
            ],
            [
              11.9699188755532,
              51.466647021228084
            ],
            [
              11.969933278600084,
              51.466602078767856
            ],
            [
              11.969954995839576,
              51.46643579289709
            ],
            [
              11.96996215416637,
              51.46640880509437
            ],
            [
              11.970214030290286,
              51.46528498441906
            ],
            [
              11.970265248386054,
              51.46505619330083
            ],
            [
              11.970494263667575,
              51.46404252605584
            ],
            [
              11.970209455802094,
              51.4640431283557
            ],
            [
              11.970166029859703,
              51.46403695115116
            ],
            [
              11.97008311751328,
              51.464033232541034
            ],
            [
              11.969317165881073,
              51.46402933515819
            ],
            [
              11.968681509403115,
              51.46402300168043
            ],
            [
              11.968075462762595,
              51.464017905499524
            ],
            [
              11.967682617262174,
              51.464015332090895
            ],
            [
              11.967322077803923,
              51.464012622083516
            ],
            [
              11.967149610392783,
              51.4640114844445
            ],
            [
              11.966742945556355,
              51.464011369942526
            ],
            [
              11.966265207432416,
              51.464017399256626
            ],
            [
              11.965836815706579,
              51.464030840409194
            ],
            [
              11.965424209980554,
              51.46405538157322
            ],
            [
              11.96498592897467,
              51.46409224324237
            ],
            [
              11.964170561817209,
              51.46417091659429
            ],
            [
              11.963240675111845,
              51.4642680420642
            ],
            [
              11.962999948074046,
              51.464288705962666
            ],
            [
              11.962992093805008,
              51.46422886193958
            ],
            [
              11.962984730587236,
              51.46417326307762
            ],
            [
              11.961711235561703,
              51.4642447920306
            ],
            [
              11.960632073111086,
              51.46423545567656
            ],
            [
              11.960560116972031,
              51.464235431519754
            ],
            [
              11.959423351776742,
              51.464248482897304
            ],
            [
              11.95743034470481,
              51.46425229460332
            ],
            [
              11.957365621738612,
              51.464247753451836
            ],
            [
              11.95666051652696,
              51.46425201285026
            ],
            [
              11.95660293227596,
              51.46425199157155
            ],
            [
              11.956156912037756,
              51.46424730814139
            ],
            [
              11.954746714694124,
              51.464237795687154
            ],
            [
              11.954460438638588,
              51.4627681134341
            ],
            [
              11.9528416563341,
              51.46275849693543
            ],
            [
              11.95279130623256,
              51.46275847669154
            ],
            [
              11.951359619674335,
              51.46276686918342
            ],
            [
              11.951050265291677,
              51.462703838389835
            ],
            [
              11.950827198691647,
              51.46276218559059
            ],
            [
              11.95062321344843,
              51.462807473189336
            ],
            [
              11.950556560397706,
              51.462834198882675
            ],
            [
              11.95050036972262,
              51.462867468759065
            ],
            [
              11.950464162395846,
              51.46290431421309
            ],
            [
              11.950440315879026,
              51.462952460907445
            ],
            [
              11.95043897224727,
              51.463022487257255
            ],
            [
              11.950474746473839,
              51.46309881579299
            ],
            [
              11.950549459358832,
              51.46324033278009
            ],
            [
              11.950533465202536,
              51.46334907494581
            ],
            [
              11.950522009000045,
              51.46338330455364
            ],
            [
              11.950387025377104,
              51.463464712118984
            ],
            [
              11.950182064571072,
              51.46358900844912
            ],
            [
              11.95006700851552,
              51.46365743706718
            ],
            [
              11.949933286109527,
              51.46373034172496
            ],
            [
              11.949808215461692,
              51.46379486122419
            ],
            [
              11.950687616367624,
              51.464857891439706
            ],
            [
              11.950561136549014,
              51.46496217937685
            ],
            [
              11.950296721625207,
              51.46518035528704
            ],
            [
              11.95019934253666,
              51.465260701967196
            ],
            [
              11.949176154222675,
              51.46500297791032
            ],
            [
              11.948745112464328,
              51.46512943350689
            ],
            [
              11.948660215414847,
              51.46519109985776
            ],
            [
              11.948585503116792,
              51.46524536625972
            ],
            [
              11.948475515375115,
              51.46532525668598
            ],
            [
              11.94829775883471,
              51.46561810206539
            ],
            [
              11.948202797599837,
              51.46605479882115
            ],
            [
              11.948132511961212,
              51.46620344612762
            ],
            [
              11.947721531157823,
              51.46700772692238
            ],
            [
              11.9474690188354,
              51.467573850031826
            ],
            [
              11.947231360962837,
              51.46779395811563
            ],
            [
              11.946907477571251,
              51.46783875816981
            ],
            [
              11.946411049973563,
              51.46777562986054
            ],
            [
              11.945828435601278,
              51.46765847878699
            ],
            [
              11.944842939238965,
              51.46742882782487
            ],
            [
              11.943872055030575,
              51.46701492761818
            ],
            [
              11.943340142267896,
              51.46663268181407
            ],
            [
              11.94283705836322,
              51.466120126805265
            ],
            [
              11.942363462002147,
              51.46509973303285
            ],
            [
              11.942226989532651,
              51.46493337607787
            ],
            [
              11.941263007379984,
              51.46483402634582
            ],
            [
              11.940881832027651,
              51.464734963771704
            ],
            [
              11.940702136806019,
              51.464582076422374
            ],
            [
              11.940652035198584,
              51.46438882589993
            ],
            [
              11.940716974371814,
              51.46422256721973
            ],
            [
              11.940861092414565,
              51.46406532779271
            ],
            [
              11.941005189441965,
              51.46392158299807
            ],
            [
              11.941206885584098,
              51.463764428029904
            ],
            [
              11.941322182169868,
              51.463593678754634
            ],
            [
              11.941279331312629,
              51.46331505520071
            ],
            [
              11.94112866061176,
              51.46301836618249
            ],
            [
              11.940848514762303,
              51.46267666666863
            ],
            [
              11.940489093576174,
              51.462474280855645
            ],
            [
              11.939978558601855,
              51.46225826594485
            ],
            [
              11.939316741953503,
              51.462154594281024
            ],
            [
              11.938784597565004,
              51.46201495998223
            ],
            [
              11.938417964738427,
              51.46181256567846
            ],
            [
              11.938137770139015,
              51.46152478349884
            ],
            [
              11.937915284838477,
              51.46114719255598
            ],
            [
              11.937765110299996,
              51.46044152076033
            ],
            [
              11.937744338727178,
              51.459830326397785
            ],
            [
              11.937816671542157,
              51.459547245341966
            ],
            [
              11.938011350207171,
              51.45922826208789
            ],
            [
              11.938342665798187,
              51.45892730691895
            ],
            [
              11.939372019198562,
              51.45850090805886
            ],
            [
              11.939775172587458,
              51.45827192179956
            ],
            [
              11.940380259182602,
              51.45761609939486
            ],
            [
              11.940697486232285,
              51.45707695867492
            ],
            [
              11.941115579453417,
              51.456389588487866
            ],
            [
              11.941000917558897,
              51.45608393928891
            ],
            [
              11.94049079006378,
              51.455607336585274
            ],
            [
              11.939793433280766,
              51.45531482860597
            ],
            [
              11.939203964526207,
              51.454981998699374
            ],
            [
              11.938801963715807,
              51.45436608867193
            ],
            [
              11.93822105166986,
              51.453129920255805
            ],
            [
              11.937675059073186,
              51.452621780984565
            ],
            [
              11.9372222710432,
              51.452365411707824
            ],
            [
              11.936510307066687,
              51.45223018813962
            ],
            [
              11.935855780094295,
              51.45225676749735
            ],
            [
              11.935085992052542,
              51.452368710849775
            ],
            [
              11.934431244900848,
              51.452485172467085
            ],
            [
              11.933776485250446,
              51.452606150281156
            ],
            [
              11.933215314126697,
              51.45269126462897
            ],
            [
              11.93255363493597,
              51.452659379271275
            ],
            [
              11.932021498580946,
              51.45254224421679
            ],
            [
              11.93156150130891,
              51.45235321068842
            ],
            [
              11.930576910233677,
              51.45179091190061
            ],
            [
              11.930405200168911,
              51.451606563917075
            ],
            [
              11.930399401239633,
              51.45163749621671
            ],
            [
              11.93037786407848,
              51.45175253173584
            ],
            [
              11.930355978262092,
              51.45190392233593
            ],
            [
              11.930355338479952,
              51.45190834416868
            ],
            [
              11.930351403916328,
              51.45193555975273
            ],
            [
              11.930305435275358,
              51.45208176993319
            ],
            [
              11.930231157612676,
              51.45225452286577
            ],
            [
              11.930170740686966,
              51.452346840441436
            ],
            [
              11.930059206149645,
              51.45247063050146
            ],
            [
              11.929889021123548,
              51.45265941513801
            ],
            [
              11.929658095003125,
              51.45291566370113
            ],
            [
              11.929427157133352,
              51.45313056704802
            ],
            [
              11.929287772616725,
              51.453260272090674
            ],
            [
              11.929157475900382,
              51.45337362394632
            ],
            [
              11.92881037356249,
              51.45367577491732
            ],
            [
              11.928607469873972,
              51.45385231404047
            ],
            [
              11.928509870352917,
              51.453937237750885
            ],
            [
              11.928312817842366,
              51.45409620738036
            ],
            [
              11.92809314874451,
              51.45427336459214
            ],
            [
              11.927938874853751,
              51.45439780061336
            ],
            [
              11.927755719524706,
              51.45454545321905
            ],
            [
              11.927626624286882,
              51.45466725297541
            ],
            [
              11.927577421507694,
              51.454713601784704
            ],
            [
              11.927347829403681,
              51.45493011905796
            ],
            [
              11.927198488211264,
              51.455070915648875
            ],
            [
              11.927092948640144,
              51.45517043898225
            ],
            [
              11.927032793453334,
              51.455227116797396
            ],
            [
              11.926810838762954,
              51.45547792757042
            ],
            [
              11.926731252268633,
              51.45558510646918
            ],
            [
              11.926675455173571,
              51.45566030238805
            ],
            [
              11.926639699015919,
              51.45570850192464
            ],
            [
              11.92643361438605,
              51.456062505678375
            ],
            [
              11.926421856463847,
              51.45608276662747
            ],
            [
              11.926271601640863,
              51.45634076726605
            ],
            [
              11.926189552989202,
              51.45654586975248
            ],
            [
              11.926157068420936,
              51.45670565887135
            ],
            [
              11.926111463699613,
              51.45692687336212
            ],
            [
              11.926106968610878,
              51.45694862169793
            ],
            [
              11.926102545523117,
              51.456970370627445
            ],
            [
              11.926098848216608,
              51.45698802970396
            ],
            [
              11.926095875095777,
              51.457002588588416
            ],
            [
              11.926089205536272,
              51.45703480709797
            ],
            [
              11.925925342668863,
              51.456985538286986
            ],
            [
              11.92569425306798,
              51.45691604888308
            ],
            [
              11.925626666157843,
              51.45689573773482
            ],
            [
              11.925493003033564,
              51.45685556557837
            ],
            [
              11.925439508534451,
              51.45683948798668
            ],
            [
              11.925177043871862,
              51.45676057363354
            ],
            [
              11.925117294319481,
              51.45674260803619
            ],
            [
              11.925068934568559,
              51.456728068516
            ],
            [
              11.925003720590466,
              51.456708477729066
            ],
            [
              11.924993439389112,
              51.45670536995926
            ],
            [
              11.924978268546857,
              51.45670082119921
            ],
            [
              11.924621572966181,
              51.45659358891684
            ],
            [
              11.924373447184983,
              51.4565189620969
            ],
            [
              11.924329515778897,
              51.456505766435946
            ],
            [
              11.9242720681259,
              51.45648851670859
            ],
            [
              11.924126112946453,
              51.45644460517055
            ],
            [
              11.924122066313458,
              51.456629174515285
            ],
            [
              11.92412152442525,
              51.45665254313425
            ],
            [
              11.924121216368107,
              51.45666463228142
            ],
            [
              11.924120903545086,
              51.45667959715055
            ],
            [
              11.924116782927653,
              51.4568653343945
            ],
            [
              11.924104890587994,
              51.457400346479275
            ],
            [
              11.92410403934763,
              51.457436568429856
            ],
            [
              11.924096885786318,
              51.4577593279586
            ],
            [
              11.924093697623348,
              51.45790318124431
            ],
            [
              11.924088723949748,
              51.45812608397339
            ],
            [
              11.924086549708134,
              51.45822297505677
            ],
            [
              11.924076907882682,
              51.45865759048046
            ],
            [
              11.924075979295814,
              51.458697002989425
            ],
            [
              11.924012893066962,
              51.45895483208119
            ],
            [
              11.923945134393266,
              51.459079903010924
            ],
            [
              11.923861274222244,
              51.45919700885334
            ],
            [
              11.923800199579723,
              51.45928240156723
            ],
            [
              11.923701340546815,
              51.459420485065095
            ],
            [
              11.923654252022342,
              51.45948741622262
            ],
            [
              11.923147953660356,
              51.46020730572241
            ],
            [
              11.923130041232373,
              51.46024917904557
            ],
            [
              11.92335232365669,
              51.4603016349981
            ],
            [
              11.923362270118503,
              51.46041961088456
            ],
            [
              11.923386041167682,
              51.46070234862038
            ],
            [
              11.923404805499855,
              51.46092495237049
            ],
            [
              11.923427024637652,
              51.461189173508416
            ],
            [
              11.923477308909899,
              51.46119181268204
            ],
            [
              11.92464591523601,
              51.46125310411525
            ],
            [
              11.924595365480352,
              51.461280935206666
            ],
            [
              11.924696371944979,
              51.4613255809187
            ],
            [
              11.924618895176264,
              51.46132207064019
            ],
            [
              11.924455525531563,
              51.46131468518229
            ],
            [
              11.92340610349139,
              51.46126717686274
            ],
            [
              11.92257974937077,
              51.461108757695115
            ],
            [
              11.922294400885301,
              51.46108070546718
            ],
            [
              11.922169159328526,
              51.46107455555865
            ],
            [
              11.922098015019005,
              51.46107104781522
            ],
            [
              11.921988167975194,
              51.46106567212448
            ],
            [
              11.92165243206982,
              51.46105421321051
            ],
            [
              11.921572076819528,
              51.46105146318583
            ],
            [
              11.921155770765449,
              51.46103725207761
            ],
            [
              11.920943758166361,
              51.46107818527764
            ],
            [
              11.92046215745799,
              51.461171246684394
            ],
            [
              11.920264416125807,
              51.461196099752335
            ],
            [
              11.919853677639844,
              51.46124772606116
            ],
            [
              11.919086204164326,
              51.46128193831614
            ],
            [
              11.91887600704344,
              51.461271007818674
            ],
            [
              11.918771093892182,
              51.46126500822774
            ],
            [
              11.91874030532159,
              51.46126324841528
            ],
            [
              11.918503669314447,
              51.461249717256734
            ],
            [
              11.918254054906175,
              51.461234937855444
            ],
            [
              11.917834642795366,
              51.46116156407585
            ],
            [
              11.918362930997874,
              51.461318403601126
            ],
            [
              11.92572450127354,
              51.46436722076321
            ],
            [
              11.926923061414655,
              51.464855526115
            ],
            [
              11.929300586898663,
              51.46614113590359
            ],
            [
              11.929291073618776,
              51.46617380706533
            ],
            [
              11.92941098438421,
              51.466225183612934
            ],
            [
              11.929461285570737,
              51.46626112690512
            ],
            [
              11.930187194012195,
              51.466805379404
            ],
            [
              11.937116140835682,
              51.47199994009369
            ],
            [
              11.93895688726507,
              51.47306596373335
            ],
            [
              11.938719317200244,
              51.47316922856243
            ],
            [
              11.939337424901709,
              51.4736953549327
            ],
            [
              11.940962256772556,
              51.47492306391081
            ],
            [
              11.941853681458719,
              51.47564705651365
            ],
            [
              11.942558143578323,
              51.47629901301498
            ],
            [
              11.945131656916898,
              51.47869561926049
            ],
            [
              11.944850794863898,
              51.4788437662675
            ],
            [
              11.944728380183555,
              51.47889763187828
            ],
            [
              11.944864869001565,
              51.47909543843686
            ],
            [
              11.94498664295318,
              51.47957189414224
            ],
            [
              11.944899717748463,
              51.48004373313826
            ],
            [
              11.944690355295085,
              51.480582879698524
            ],
            [
              11.944344083357134,
              51.4811894349081
            ],
            [
              11.944300680072427,
              51.48140962851666
            ],
            [
              11.944278832240675,
              51.48160284277126
            ],
            [
              11.944328978900689,
              51.48178711405135
            ],
            [
              11.944472629112424,
              51.48204788227632
            ],
            [
              11.944832314141202,
              51.48224573819972
            ],
            [
              11.945587732014111,
              51.482452865656924
            ],
            [
              11.9459834662168,
              51.482610304711535
            ],
            [
              11.94640788573477,
              51.48283071343174
            ],
            [
              11.946652225341364,
              51.48315442681673
            ],
            [
              11.946766857695184,
              51.48357689688048
            ],
            [
              11.94647763676319,
              51.484740741017056
            ],
            [
              11.946080508032761,
              51.48575168315972
            ],
            [
              11.946411567987019,
              51.485787803661246
            ],
            [
              11.945517186097664,
              51.48807000499479
            ],
            [
              11.945516290216114,
              51.48807039462646
            ],
            [
              11.944769466818906,
              51.48991635709547
            ],
            [
              11.944222122503685,
              51.491270228713155
            ],
            [
              11.944158940486549,
              51.491438049593754
            ],
            [
              11.94406843513683,
              51.49159543146896
            ],
            [
              11.941938503196726,
              51.49388397890819
            ],
            [
              11.941902014772888,
              51.494265947596
            ],
            [
              11.942124979186687,
              51.49441885145754
            ],
            [
              11.942484813374907,
              51.49449542711401
            ],
            [
              11.943067906829947,
              51.49456759089425
            ],
            [
              11.943283906414981,
              51.49457667478364
            ],
            [
              11.94433520998895,
              51.49442889983647
            ],
            [
              11.94473121456247,
              51.494370646287805
            ],
            [
              11.94499782006229,
              51.49419550375705
            ],
            [
              11.945789300308054,
              51.494595871095534
            ],
            [
              11.946285743796185,
              51.49489270959962
            ],
            [
              11.946637998784984,
              51.4953512557046
            ],
            [
              11.946637385255269,
              51.49587705861295
            ],
            [
              11.94675928073013,
              51.49630404814438
            ],
            [
              11.946981969163287,
              51.49671758669466
            ],
            [
              11.947096473873605,
              51.49728387135301
            ],
            [
              11.947024263827776,
              51.497535503543844
            ],
            [
              11.946779063780198,
              51.497805069198876
            ],
            [
              11.946267518264653,
              51.4981643507624
            ],
            [
              11.945741488854711,
              51.498523623379775
            ],
            [
              11.945316126966455,
              51.498972831819714
            ],
            [
              11.945099622488218,
              51.49936369591684
            ],
            [
              11.94502724903261,
              51.4996647896951
            ],
            [
              11.944875719190117,
              51.4999613308292
            ],
            [
              11.944824498405744,
              51.50064888238062
            ],
            [
              11.944895661493101,
              51.5013545037142
            ],
            [
              11.944902734408108,
              51.50141741097578
            ],
            [
              11.945010284429804,
              51.501808424765045
            ],
            [
              11.945348284699666,
              51.50219057049243
            ],
            [
              11.945895221150066,
              51.50247393956226
            ],
            [
              11.946442169446511,
              51.50267644738523
            ],
            [
              11.947104577678932,
              51.502789114634744
            ],
            [
              11.94794693113274,
              51.502915295755116
            ],
            [
              11.949350987196556,
              51.503010318797365
            ],
            [
              11.948573950020792,
              51.502403262666974
            ],
            [
              11.948250777302379,
              51.50160769706247
            ],
            [
              11.948259113336837,
              51.50063695187546
            ],
            [
              11.948533781620535,
              51.499670841233645
            ],
            [
              11.94916854603647,
              51.498655479249514
            ],
            [
              11.949817545729507,
              51.49775248452662
            ],
            [
              11.95077600682532,
              51.49700235448046
            ],
            [
              11.951323527113296,
              51.49671048809215
            ],
            [
              11.95247574438297,
              51.49645031832905
            ],
            [
              11.952806998241,
              51.49637851490728
            ],
            [
              11.954175068171445,
              51.49626674754052
            ],
            [
              11.954513622638279,
              51.49612752380992
            ],
            [
              11.954794608519984,
              51.49592989112829
            ],
            [
              11.954881167493776,
              51.495759173796785
            ],
            [
              11.954989656415684,
              51.49526937942925
            ],
            [
              11.955256475856514,
              51.49475265532322
            ],
            [
              11.955343191627003,
              51.494510001137996
            ],
            [
              11.955285889963818,
              51.49418191731869
            ]
          ]
        ]
      }
    },
    {
      "type": "Feature",
      "properties": {
        "ags": "15002000",
        "wahlkreis": "037",
        "wahlbezirk": "090049",
        "gemeinde": "Halle (Saale), Stadt",
        "name": "Briefwahlbezirk 90049",
        "wahlart": "B",
        "linke": 136,
        "spd": 158,
        "gruene": 440,
        "summe": 734,
        "gueltige_zweitstimmen": 1045,
        "anteil_prozent": 70.23923444976077,
        "mehr_als_50_prozent": true
      },
      "geometry": {
        "type": "Polygon",
        "coordinates": [
          [
            [
              11.966242051029498,
              51.49603261142308
            ],
            [
              11.966206511768348,
              51.49540346576205
            ],
            [
              11.966177987366004,
              51.495075395602264
            ],
            [
              11.96609257679389,
              51.49375408443527
            ],
            [
              11.96391841832254,
              51.49369505115664
            ],
            [
              11.962384963147734,
              51.49363612754393
            ],
            [
              11.961269134209855,
              51.49359081934846
            ],
            [
              11.960959515423486,
              51.4935772220427
            ],
            [
              11.959822079856442,
              51.49352291467638
            ],
            [
              11.957655386324605,
              51.4932345742559
            ],
            [
              11.957741946142132,
              51.493045842893956
            ],
            [
              11.956856414112371,
              51.49302304836026
            ],
            [
              11.956208464814168,
              51.49304528086104
            ],
            [
              11.95616512891915,
              51.49324300600654
            ],
            [
              11.955992186853514,
              51.49342267077144
            ],
            [
              11.955653676081667,
              51.49353942477828
            ],
            [
              11.95529358221531,
              51.493624664089516
            ],
            [
              11.955185582860794,
              51.4937099988056
            ],
            [
              11.955185353886494,
              51.493943707191974
            ],
            [
              11.955285889963818,
              51.49418191731869
            ],
            [
              11.955343191627003,
              51.494510001137996
            ],
            [
              11.955256475856514,
              51.49475265532322
            ],
            [
              11.954989656415684,
              51.49526937942925
            ],
            [
              11.954881167493776,
              51.495759173796785
            ],
            [
              11.954794608519984,
              51.49592989112829
            ],
            [
              11.954513622638279,
              51.49612752380992
            ],
            [
              11.954175068171445,
              51.49626674754052
            ],
            [
              11.95432597788513,
              51.49651847060259
            ],
            [
              11.954858813717447,
              51.496500666523275
            ],
            [
              11.956262668267156,
              51.49661807929859
            ],
            [
              11.956154437007887,
              51.49684723129458
            ],
            [
              11.956095918703834,
              51.49777747246136
            ],
            [
              11.95750682806134,
              51.49813750625409
            ],
            [
              11.958385030383429,
              51.49837147482495
            ],
            [
              11.958485829401916,
              51.49834909296642
            ],
            [
              11.96109211330236,
              51.49858815503873
            ],
            [
              11.962704805571777,
              51.498750451273565
            ],
            [
              11.962423400865209,
              51.49947842368922
            ],
            [
              11.962084252280778,
              51.50033664189193
            ],
            [
              11.962753719644038,
              51.50056158726747
            ],
            [
              11.965712751524883,
              51.50099839953384
            ],
            [
              11.966583989895526,
              51.501111015955885
            ],
            [
              11.966512877179705,
              51.499879603416844
            ],
            [
              11.96646305374209,
              51.49910663772032
            ],
            [
              11.966434824663152,
              51.49824824793799
            ],
            [
              11.966356205468445,
              51.49751570202519
            ],
            [
              11.966334968980417,
              51.4969943524115
            ],
            [
              11.966306306931028,
              51.4968505836369
            ],
            [
              11.966242051029498,
              51.49603261142308
            ]
          ]
        ]
      }
    },
    {
      "type": "Feature",
      "properties": {
        "ags": "15002000",
        "wahlkreis": "036",
        "wahlbezirk": "090056",
        "gemeinde": "Halle (Saale), Stadt",
        "name": "Briefwahlbezirk 90056",
        "wahlart": "B",
        "linke": 80,
        "spd": 138,
        "gruene": 250,
        "summe": 468,
        "gueltige_zweitstimmen": 841,
        "anteil_prozent": 55.648038049940546,
        "mehr_als_50_prozent": true
      },
      "geometry": {
        "type": "Polygon",
        "coordinates": [
          [
            [
              11.955091791080626,
              51.50853132652989
            ],
            [
              11.95668518780345,
              51.506581509085336
            ],
            [
              11.95662798355282,
              51.506221975519026
            ],
            [
              11.956412309241902,
              51.50580840152574
            ],
            [
              11.955815057128195,
              51.5053318389185
            ],
            [
              11.954742561685398,
              51.50482809987993
            ],
            [
              11.95225179148432,
              51.5040451293172
            ],
            [
              11.952013717759518,
              51.5045034152973
            ],
            [
              11.95171786131449,
              51.505096517318535
            ],
            [
              11.950212188497511,
              51.50561271194271
            ],
            [
              11.948505350891585,
              51.50579622178611
            ],
            [
              11.948339670919644,
              51.50580512663935
            ],
            [
              11.948080399107102,
              51.505845498077264
            ],
            [
              11.946322493093952,
              51.50650980829101
            ],
            [
              11.946120710471472,
              51.5065950921057
            ],
            [
              11.945328048501382,
              51.507084560677036
            ],
            [
              11.94455680414474,
              51.50758306757526
            ],
            [
              11.944499151307465,
              51.50766841602564
            ],
            [
              11.942093797267459,
              51.50768521045898
            ],
            [
              11.940603030719508,
              51.50772043264854
            ],
            [
              11.938219321816135,
              51.50771920219619
            ],
            [
              11.935986818209791,
              51.50771354584549
            ],
            [
              11.929995041050079,
              51.50772807919863
            ],
            [
              11.926112081540069,
              51.508525640983194
            ],
            [
              11.925550155601522,
              51.50864211267206
            ],
            [
              11.924887568230714,
              51.50867314160064
            ],
            [
              11.923733208415447,
              51.5099397542907
            ],
            [
              11.922875162520086,
              51.510550371707176
            ],
            [
              11.921908255879236,
              51.511623811133
            ],
            [
              11.92079598478543,
              51.513420686196554
            ],
            [
              11.927074637126074,
              51.51461114153751
            ],
            [
              11.927859420012963,
              51.51479141075691
            ],
            [
              11.927750313872004,
              51.515456445775385
            ],
            [
              11.92774880731843,
              51.51640917900823
            ],
            [
              11.927942010203436,
              51.51722273117733
            ],
            [
              11.928279084730264,
              51.518175671498014
            ],
            [
              11.92879672977476,
              51.51884108839725
            ],
            [
              11.929163250466948,
              51.51938506763125
            ],
            [
              11.929379333971726,
              51.51935826440029
            ],
            [
              11.929278012454525,
              51.51967728639251
            ],
            [
              11.929277880289964,
              51.519762661837206
            ],
            [
              11.929370938843473,
              51.520162659295735
            ],
            [
              11.92940646002065,
              51.52048628123125
            ],
            [
              11.929462880541926,
              51.52122781285525
            ],
            [
              11.929642781589163,
              51.52136721968816
            ],
            [
              11.929922872177045,
              51.521924696761616
            ],
            [
              11.931496945647636,
              51.524293934603556
            ],
            [
              11.933234559586987,
              51.52332876419235
            ],
            [
              11.936969014628287,
              51.52136692225628
            ],
            [
              11.938021305544185,
              51.52095850655811
            ],
            [
              11.938958072557371,
              51.5206983549339
            ],
            [
              11.93981563078914,
              51.520505574394484
            ],
            [
              11.94060091101265,
              51.52042054455303
            ],
            [
              11.941465306277122,
              51.52046592448959
            ],
            [
              11.942343900936788,
              51.5206640996933
            ],
            [
              11.944813803054206,
              51.521424795053676
            ],
            [
              11.945591611439655,
              51.52161392139896
            ],
            [
              11.94643438955588,
              51.521668232314475
            ],
            [
              11.947133206321771,
              51.52161010866273
            ],
            [
              11.948033762689027,
              51.52148018951838
            ],
            [
              11.948790376926333,
              51.5212917603395
            ],
            [
              11.949547063413108,
              51.5210314449526
            ],
            [
              11.950685890498436,
              51.520420752404654
            ],
            [
              11.951197874804302,
              51.51993559349719
            ],
            [
              11.95134271169532,
              51.51923458558629
            ],
            [
              11.951192324223179,
              51.51843910024189
            ],
            [
              11.950746432622303,
              51.51774230583374
            ],
            [
              11.9504014184755,
              51.517086038055
            ],
            [
              11.950214984010177,
              51.51625456724231
            ],
            [
              11.950309230274994,
              51.51572434416361
            ],
            [
              11.950662872203528,
              51.51508180985731
            ],
            [
              11.9514849329631,
              51.51416990393234
            ],
            [
              11.952371813568925,
              51.5132894119051
            ],
            [
              11.953056836505969,
              51.51252119919648
            ],
            [
              11.953532608179604,
              51.51211692948642
            ],
            [
              11.953756052378324,
              51.511919276481684
            ],
            [
              11.953814482250849,
              51.511141831950894
            ],
            [
              11.954262201073048,
              51.50990615754993
            ],
            [
              11.95470170654997,
              51.50917780190278
            ],
            [
              11.955091791080626,
              51.50853132652989
            ]
          ]
        ]
      }
    },
    {
      "type": "Feature",
      "properties": {
        "ags": "15002000",
        "wahlkreis": "036",
        "wahlbezirk": "090060",
        "gemeinde": "Halle (Saale), Stadt",
        "name": "Briefwahlbezirk 90060",
        "wahlart": "B",
        "linke": 143,
        "spd": 136,
        "gruene": 358,
        "summe": 637,
        "gueltige_zweitstimmen": 918,
        "anteil_prozent": 69.38997821350763,
        "mehr_als_50_prozent": true
      },
      "geometry": {
        "type": "Polygon",
        "coordinates": [
          [
            [
              11.979442138733338,
              51.47335869345477
            ],
            [
              11.97951438451416,
              51.47274300705365
            ],
            [
              11.976974271810416,
              51.47256280651643
            ],
            [
              11.976937981263234,
              51.473173980788374
            ],
            [
              11.976951976123082,
              51.4739289824868
            ],
            [
              11.975059443997248,
              51.47378929588643
            ],
            [
              11.972504940231007,
              51.47356851112101
            ],
            [
              11.97221705972295,
              51.473559464566684
            ],
            [
              11.971303307437513,
              51.47341988942402
            ],
            [
              11.970993830733484,
              51.47339287918869
            ],
            [
              11.97057642672929,
              51.473460193932354
            ],
            [
              11.970007890153965,
              51.47346005008619
            ],
            [
              11.969863784116283,
              51.47384646238236
            ],
            [
              11.969798836060484,
              51.4740262317133
            ],
            [
              11.969985696450864,
              51.47448918212115
            ],
            [
              11.97015817807405,
              51.47482175252474
            ],
            [
              11.970273072647451,
              51.47514538470445
            ],
            [
              11.970272833422356,
              51.4755138777863
            ],
            [
              11.970258025963346,
              51.47617897999458
            ],
            [
              11.970257681490013,
              51.476709302434756
            ],
            [
              11.970033806679963,
              51.47793160792855
            ],
            [
              11.970098432894158,
              51.478115871438455
            ],
            [
              11.969896917521904,
              51.47818775558958
            ],
            [
              11.969680864527376,
              51.478362968238976
            ],
            [
              11.96947912689395,
              51.47863253801238
            ],
            [
              11.96992537578309,
              51.478637170256185
            ],
            [
              11.970465113355054,
              51.47866424142622
            ],
            [
              11.971012091125202,
              51.47868238961643
            ],
            [
              11.97326743953646,
              51.47889867892279
            ],
            [
              11.97359570395449,
              51.47893014904516
            ],
            [
              11.974164091101251,
              51.47899959156784
            ],
            [
              11.974176457093218,
              51.47892559321243
            ],
            [
              11.974215522857017,
              51.47869406789429
            ],
            [
              11.9742507096661,
              51.47869658322337
            ],
            [
              11.97473293511013,
              51.47872819682792
            ],
            [
              11.975114402998868,
              51.478638384516444
            ],
            [
              11.97543113184683,
              51.47853506264953
            ],
            [
              11.975683125058277,
              51.47841377225564
            ],
            [
              11.976007043855954,
              51.47821609650868
            ],
            [
              11.976676567492984,
              51.47783424360436
            ],
            [
              11.97690985749765,
              51.47777434295937
            ],
            [
              11.976796306131064,
              51.47769189916894
            ],
            [
              11.976729354091177,
              51.47764320450359
            ],
            [
              11.97662838669662,
              51.47757397969662
            ],
            [
              11.976613212075845,
              51.47756354850902
            ],
            [
              11.976541643922625,
              51.47745629894969
            ],
            [
              11.976531383637715,
              51.47744101699327
            ],
            [
              11.976453409242268,
              51.47729712899142
            ],
            [
              11.976392484093966,
              51.47716277997234
            ],
            [
              11.976371638784228,
              51.47706396081027
            ],
            [
              11.976353384084124,
              51.47696553166408
            ],
            [
              11.976369056271762,
              51.47687435952413
            ],
            [
              11.976586238691752,
              51.476171878839
            ],
            [
              11.976903690764845,
              51.47530284866392
            ],
            [
              11.976958572708654,
              51.475196294491695
            ],
            [
              11.977764523518845,
              51.475299836233326
            ],
            [
              11.97914615946568,
              51.47544836835582
            ],
            [
              11.980887702262455,
              51.47554307437486
            ],
            [
              11.98211832403176,
              51.47553423498695
            ],
            [
              11.983169004686994,
              51.47553890725837
            ],
            [
              11.9835648099559,
              51.47544460777354
            ],
            [
              11.983572173823408,
              51.47508057735673
            ],
            [
              11.983615977963675,
              51.4731930583202
            ],
            [
              11.98361628314642,
              51.472339188865384
            ],
            [
              11.981644675537948,
              51.472213092249575
            ],
            [
              11.98170174947531,
              51.47351637897731
            ],
            [
              11.979442138733338,
              51.47335869345477
            ]
          ]
        ]
      }
    }
  ]
}
