{"type":"FeatureCollection","source":"https://webapp.halle.de/komgis30.hal.opendata/f3adb8a7-6326-e10e-f75a-5e0ce46f2c2b.html","source_download":"https://webapp.halle.de/komgis30.hal.opendata/f3adb8a7-6326-e10e-f75a-5e0ce46f2c2b_shp.zip","source_crs":"EPSG:2398","crs":{"type":"name","properties":{"name":"EPSG:25832"}},"election_date":"2026-09-06","attribution":"Datenquelle: Stadt Halle (Saale)","license":"CC BY 3.0 DE","features":[{"type":"Feature","properties":{"briefwbz":"90059","gid":1,"ogr_style":"","booth_id":"090059","municipality_id":"15002000","voting_mode":"B"},"geometry":{"type":"Polygon","coordinates":[[[706315.8856538069,5708056.1571022235],[706448.2599461167,5707952.477805384],[706434.9635765175,5707934.916721979],[706403.0790540496,5707907.085489501],[706370.7063991283,5707878.731205341],[706360.0217042869,5707870.784857477],[706353.1918860468,5707866.505368745],[706323.3899724936,5707848.764182441],[706282.0116390554,5707832.554198128],[706241.5557335587,5707818.3816979835],[706231.6640070326,5707815.473514356],[706187.7317727407,5707800.661662537],[706165.9360089331,5707807.276087336],[706163.1315178056,5707778.13456843],[706169.0064355909,5707742.238327498],[706159.3961786453,5707740.496541453],[706151.3489667833,5707738.800274763],[706139.7323997192,5707736.312012644],[706130.487864007,5707734.131848115],[706123.3644152682,5707732.473643438],[706121.9508271613,5707732.4156802315],[706121.9513348426,5707732.403299062],[706121.0188643609,5707732.427134782],[706120.3788266797,5707732.438096439],[706118.6375033366,5707732.497068271],[706112.6758522339,5707732.339673156],[706111.1879444749,5707727.279256791],[706110.6537877205,5707727.4375799885],[706107.4997229959,5707728.326801125],[706082.8076397688,5707735.3005259875],[706069.5979558164,5707752.277804374],[706029.9911498674,5707766.1669799965],[705990.9373530464,5707766.565311548],[705982.2387941867,5707771.214021253],[705961.2116800077,5707771.351548535],[705943.3489089626,5707767.619648984],[705912.8093087362,5707767.870226503],[705889.3816492655,5707753.39626354],[705902.3039420588,5707718.894347843],[705906.6717432091,5707710.0624044025],[705913.3533476134,5707705.8340951335],[705913.5337175217,5707705.829089078],[705911.9076355471,5707699.744645316],[705912.922086635,5707682.726746564],[705878.9027854863,5707679.394177239],[705877.8226276368,5707681.349597414],[705872.5182922506,5707688.640300476],[705860.0976351281,5707698.645002393],[705843.340021713,5707704.459863062],[705836.9513943522,5707701.6951486925],[705828.5803437555,5707698.352396166],[705814.726496586,5707682.271363508],[705781.339000611,5707727.4415414175],[705753.7886018598,5707776.862628614],[705711.0314612498,5707904.231711065],[705661.1169358904,5708035.312895673],[705635.8129548957,5708090.831569432],[705655.524624948,5708110.655370771],[705683.0782364714,5708134.30976721],[705697.4850639733,5708136.90000394],[705716.4341781343,5708138.67701561],[705742.503484537,5708149.75673063],[705753.0655805813,5708160.69766917],[705764.2318433519,5708169.166617511],[705777.6551695591,5708171.213667614],[705800.9922048518,5708163.662766961],[705850.3823259375,5708179.704449979],[705920.7732480498,5708196.104453529],[705944.5551528377,5708202.085059855],[706012.570547185,5708215.381742585],[706064.2398081358,5708212.495140978],[706126.8250371733,5708187.537880826],[706173.0009158538,5708159.901951256],[706249.9474163915,5708101.998503607],[706317.9848006032,5708078.264489646],[706318.824769146,5708057.780464938],[706315.8856538069,5708056.1571022235]]]}},{"type":"Feature","properties":{"briefwbz":"90053","gid":2,"ogr_style":"","booth_id":"090053","municipality_id":"15002000","voting_mode":"B"},"geometry":{"type":"Polygon","coordinates":[[[706101.3800221479,5708685.9689455535],[706120.8055178875,5708627.209688162],[706150.2206217647,5708532.325463036],[706193.6035241851,5708401.976007505],[706159.5157681466,5708391.07046147],[705997.4810561507,5708339.383205806],[705999.3191749414,5708318.9399629],[705910.8957088303,5708302.800422587],[705910.2501208493,5708306.276498794],[705900.4801202375,5708361.432306194],[705871.1442806268,5708381.24473402],[705833.1957759097,5708415.726177658],[705809.828168211,5708436.286256315],[705757.9749810325,5708468.191898759],[705715.3220450972,5708470.951294661],[705656.2394647582,5708471.527872327],[705649.8649673611,5708468.267024975],[705623.8908782597,5708540.2709130775],[705656.0936243411,5708597.141648023],[705652.6831501084,5708607.012736217],[705696.16010122,5708620.806149689],[705763.3104292706,5708643.078527476],[705796.4201991322,5708653.447302832],[705891.0686428128,5708676.344515876],[705949.0919142736,5708677.220979055],[706101.3800221479,5708685.9689455535]]]}},{"type":"Feature","properties":{"briefwbz":"90039","gid":3,"ogr_style":"","booth_id":"090039","municipality_id":"15002000","voting_mode":"B"},"geometry":{"type":"Polygon","coordinates":[[[706108.7616404411,5708933.009480071],[706219.0290986537,5708855.954200497],[706101.3800221479,5708685.9689455535],[705949.0919142736,5708677.220979055],[705891.0686428128,5708676.344515876],[705796.4201991322,5708653.447302832],[705763.3104292706,5708643.078527476],[705696.16010122,5708620.806149689],[705652.6831501084,5708607.012736217],[705599.1221960877,5708765.970650498],[705567.4409539935,5708769.676795378],[705562.6273747998,5708826.029494848],[705558.1206832574,5708874.892633856],[705635.3570691996,5708883.065432304],[705741.5158353373,5708893.927431691],[705892.1394755904,5708906.606605616],[705892.1103868631,5709053.750030915],[705892.6109335459,5709090.3050702065],[705917.0588030544,5709067.783416986],[705996.9591880244,5709011.0014542155],[706049.0028971713,5708974.601436403],[706096.4024408652,5708941.513615411],[706108.7616404411,5708933.009480071]]]}},{"type":"Feature","properties":{"briefwbz":"90002","gid":4,"ogr_style":"","booth_id":"090002","municipality_id":"15002000","voting_mode":"B"},"geometry":{"type":"Polygon","coordinates":[[[706650.6460919736,5707313.156182178],[706656.6101147284,5707301.893294944],[706670.6641670794,5707276.442403064],[706672.3693757722,5707271.506913207],[706755.4135083202,5707211.350157161],[706763.548208066,5707203.262045132],[706770.2355222263,5707198.573042268],[706773.8628624268,5707196.671218975],[706775.3543352825,5707195.889156032],[706778.6891798053,5707194.140292934],[706789.3460260014,5707191.268464598],[706791.9316602987,5707191.1084163645],[706793.5365112796,5707191.009081351],[706797.0860888949,5707190.7892789375],[706804.9444701131,5707191.735068435],[706813.1531235407,5707193.3717107065],[706840.0804148728,5707198.7408483345],[706872.8736393049,5707205.279369502],[706938.5623854684,5707218.99091667],[706973.0617242332,5707225.875297051],[706988.5489998059,5707228.96566165],[707003.4851694638,5707231.259860656],[707024.2724770268,5707233.935521241],[707033.7389253469,5707235.655935003],[707042.9608088069,5707238.207949709],[707049.8830064633,5707241.485430239],[707052.0408546035,5707242.507236134],[707064.5151131125,5707249.540163171],[707072.7831006834,5707254.544229159],[707076.4952288817,5707256.791035127],[707088.8748349817,5707264.283357487],[707102.0043698327,5707271.656443954],[707108.6278687154,5707276.062179084],[707117.2335499801,5707279.328227576],[707120.7613120539,5707280.667257396],[707125.6986498266,5707281.160993531],[707130.7261954651,5707280.917848827],[707135.8414404922,5707279.738248978],[707133.2364437464,5707268.579868144],[707132.8834372805,5707251.350859868],[707135.5732325873,5707237.424652576],[707140.027016331,5707225.689628198],[707140.047143611,5707212.464919041],[707140.0577097968,5707205.56315299],[707145.5382435935,5707180.806467843],[707164.66761028,5707080.488235349],[707186.6316546178,5707081.8916460425],[707208.5753531789,5707083.791343532],[707211.1500102176,5707106.421359844],[707285.2139154627,5707094.441795274],[707312.978121741,5707088.574824984],[707410.4415354216,5706920.907438056],[707463.197820565,5706830.475743451],[707478.1169105427,5706820.57969057],[707550.1384703075,5706687.403704978],[707531.3489009689,5706669.617401475],[707561.1256336326,5706651.31942375],[707542.0699343384,5706640.0241980115],[707381.210382655,5706608.407910162],[707349.8773060351,5706603.620725047],[707205.4009993381,5706575.17302306],[707201.5089363917,5706670.104575754],[707189.9107229621,5706879.833221327],[707187.7491533675,5706920.284952272],[707159.8413608837,5706929.648626055],[707086.9150033519,5706926.155585093],[707001.4343082851,5706923.656832577],[706880.9496818387,5706908.203013847],[706785.6960899639,5706887.784585034],[706730.2078714223,5706873.995970554],[706725.9154751219,5706885.687558218],[706699.944536604,5706981.409045131],[706681.6890048827,5707058.896967454],[706680.1886034433,5707068.989161386],[706681.0108142126,5707079.983998852],[706682.0111118287,5707091.029514708],[706685.6333056932,5707106.13840953],[706690.3959917402,5707122.355997223],[706691.0392042683,5707124.0840126155],[706695.522807286,5707136.210076514],[706696.529137684,5707137.412667561],[706703.2257666751,5707145.394208968],[706707.6537007113,5707150.997154646],[706715.1641467157,5707160.483934281],[706698.6969324222,5707166.484709437],[706650.4881947726,5707207.048048341],[706627.1063660672,5707228.110879585],[706609.0634658434,5707240.8844004115],[706586.6076690259,5707251.477508187],[706559.7185878896,5707260.385997329],[706526.3834000422,5707255.510216594],[706523.951953693,5707255.13126367],[706520.1935013095,5707280.761857974],[706519.000583071,5707288.9540518755],[706604.2604368,5707309.254551964],[706615.8412072918,5707319.740382414],[706621.574242182,5707318.6525879],[706650.6460919736,5707313.156182178]]]}},{"type":"Feature","properties":{"briefwbz":"90003","gid":5,"ogr_style":"","booth_id":"090003","municipality_id":"15002000","voting_mode":"B"},"geometry":{"type":"Polygon","coordinates":[[[707069.0762479831,5706555.5736532705],[707205.4009993381,5706575.17302306],[707210.8506374436,5706466.791853314],[707218.3054422304,5706321.461149901],[707219.1864181065,5706299.972373912],[707041.4005536842,5706279.959078538],[707002.4805611393,5706275.575038196],[706962.2218149698,5706271.359717863],[706931.7142983364,5706268.171540054],[706756.1390866337,5706261.346069699],[706743.7691057201,5706260.86997603],[706698.860288119,5706259.121905487],[706606.8382227574,5706208.803746787],[706594.4833356205,5706229.318957542],[706533.8432905774,5706328.928891376],[706493.5448178633,5706396.3466642015],[706415.989633046,5706444.718007581],[706414.5203346722,5706456.165422809],[706534.9637859697,5706472.617106973],[706590.1957528861,5706480.383778073],[706747.3219241304,5706505.344410169],[706743.2099024184,5706581.251120704],[706918.7628309869,5706608.464116342],[706910.9593682088,5706676.711368435],[707067.1346709369,5706700.633404712],[707069.0762479831,5706555.5736532705]]]}},{"type":"Feature","properties":{"briefwbz":"90057","gid":6,"ogr_style":"","booth_id":"090057","municipality_id":"15002000","voting_mode":"B"},"geometry":{"type":"Polygon","coordinates":[[[706487.3769951412,5709097.681287521],[706556.8798000598,5709050.483374191],[706629.06576145,5708998.88711612],[706609.4357139186,5708977.066694147],[706567.8644606543,5708941.329833945],[706623.646752463,5708862.536800124],[706670.4369619137,5708795.391666173],[706537.4265705784,5708719.370143752],[706471.9914593617,5708679.649029902],[706404.4708369032,5708727.4250289565],[706364.290052904,5708755.306902234],[706322.5680321536,5708784.125110773],[706360.1087002481,5708918.28997636],[706323.9163027934,5708934.324916421],[706290.4992871559,5708955.975637838],[706376.5138023612,5709079.621161283],[706361.3691529606,5709095.016182468],[706351.2011561522,5709111.112175052],[706343.8841010306,5709130.833816086],[706343.4232849416,5709154.3330288],[706348.5781848836,5709175.06908635],[706357.8900490815,5709191.9639778435],[706369.8497293261,5709205.464965098],[706383.9697028901,5709215.055057028],[706400.7113595374,5709221.74698579],[706424.6368800096,5709224.231060487],[706446.2831550054,5709221.113211132],[706467.7405464234,5709210.485618476],[706481.2414908931,5709198.525685617],[706489.7246519509,5709186.863130413],[706497.9990907449,5709168.180415916],[706500.9032225283,5709146.278244735],[706498.7834205587,5709124.67289623],[706487.3769951412,5709097.681287521]]]}},{"type":"Feature","properties":{"briefwbz":"90031","gid":7,"ogr_style":"","booth_id":"090031","municipality_id":"15002000","voting_mode":"B"},"geometry":{"type":"Polygon","coordinates":[[[704629.0136930997,5709778.586057418],[704671.1250276177,5709769.401549719],[704754.1119837173,5709747.281445439],[704818.9598170184,5709715.909399063],[704863.1227406013,5709700.70498883],[704987.6107973773,5709667.2703895755],[705073.4592811663,5709660.780662651],[705085.1423132505,5709668.767946925],[705186.1453644929,5709634.376299833],[705271.8156795383,5709607.857380637],[705294.3838349829,5709582.259333529],[705448.4250802973,5709499.492116574],[705611.7192217407,5709532.719291407],[705634.5248442809,5709452.574275469],[705523.3444359333,5709429.998658551],[705343.5587499494,5709396.10150972],[705336.463214468,5709398.307018691],[705276.5725970801,5709369.830002207],[705180.280459848,5709325.843701118],[705188.5210273308,5709222.583563046],[705197.0615611364,5709197.409977913],[705100.1653800092,5709180.419688258],[705063.1080492513,5709180.905593538],[705053.7655655398,5709152.496050458],[704958.323047062,5709161.089043892],[704935.0126280487,5709168.1442555],[704853.884645975,5709193.843214721],[704814.5793575291,5709224.760095402],[704744.7022072959,5709305.477020214],[704695.6168507892,5709404.056160628],[704647.0174552681,5709515.168577317],[704623.6281114728,5709621.812740643],[704618.6994507404,5709729.717138835],[704629.0136930997,5709778.586057418]]]}},{"type":"Feature","properties":{"briefwbz":"90013","gid":8,"ogr_style":"","booth_id":"090013","municipality_id":"15002000","voting_mode":"B"},"geometry":{"type":"Polygon","coordinates":[[[704671.1250276177,5709769.401549719],[704629.0136930997,5709778.586057418],[704637.5586774283,5709819.07227064],[704688.7545811243,5709888.738732655],[704764.7549804203,5709951.411462665],[704885.39031323,5710011.90935252],[705054.6979289874,5710105.938836682],[705126.8493138442,5710164.951353734],[705166.1472992467,5710219.610513852],[705179.2527058065,5710266.19662355],[705181.6057632952,5710306.3300659675],[705216.5890458822,5710319.775565872],[705221.5347353442,5710333.491710958],[705238.9465158894,5710348.216059001],[705255.9132853607,5710349.415039304],[705299.7078759237,5710343.2001668075],[705316.8794292638,5710339.402232334],[705348.4130116397,5710327.182372689],[705358.3349724843,5710317.081539669],[705403.4104322359,5710291.903891125],[705421.8631700557,5710269.136598151],[705434.6732448379,5710249.646568087],[705409.6283582478,5710189.063551159],[705387.9123650268,5710145.130068875],[705367.4649586641,5710106.757048435],[705523.4371654715,5709989.031373923],[705553.6957547705,5709971.256712751],[705578.479759855,5709964.765297859],[705600.9456181957,5709966.1896727495],[705656.3514090846,5709981.975619553],[705692.2877347574,5709984.44937206],[705830.7014321883,5709953.088978836],[705831.4161218381,5709862.529993724],[705686.9718680311,5709821.077129119],[705698.5804028418,5709745.478495467],[705551.6031545689,5709704.9153536875],[705584.3208416118,5709627.182853664],[705611.7192217407,5709532.719291407],[705448.4250802973,5709499.492116574],[705294.3838349829,5709582.259333529],[705271.8156795383,5709607.857380637],[705186.1453644929,5709634.376299833],[705085.1423132505,5709668.767946925],[705073.4592811663,5709660.780662651],[704987.6107973773,5709667.2703895755],[704863.1227406013,5709700.70498883],[704818.9598170184,5709715.909399063],[704754.1119837173,5709747.281445439],[704671.1250276177,5709769.401549719]]]}},{"type":"Feature","properties":{"briefwbz":"90054","gid":9,"ogr_style":"","booth_id":"090054","municipality_id":"15002000","voting_mode":"B"},"geometry":{"type":"Polygon","coordinates":[[[706409.337743128,5709841.19109696],[706405.1676877011,5709827.810209621],[706371.9687296555,5709837.155579716],[706343.2882225842,5709840.984647239],[706259.8655386157,5709837.06618298],[706233.19145846,5709828.464168018],[706201.7157080328,5709818.58617984],[706047.8979311136,5709770.313234782],[705893.0719480221,5709725.93178112],[705833.1242448562,5709710.959524183],[705629.7631034116,5709654.073719966],[705584.3208416118,5709627.182853664],[705551.6031545689,5709704.9153536875],[705698.5804028418,5709745.478495467],[705686.9718680311,5709821.077129119],[705831.4161218381,5709862.529993724],[705830.7014321883,5709953.088978836],[705692.2877347574,5709984.44937206],[705656.3514090846,5709981.975619553],[705600.9456181957,5709966.1896727495],[705578.479759855,5709964.765297859],[705553.6957547705,5709971.256712751],[705523.4371654715,5709989.031373923],[705367.4649586641,5710106.757048435],[705387.9123650268,5710145.130068875],[705409.6283582478,5710189.063551159],[705434.6732448379,5710249.646568087],[705452.8928119782,5710293.430488392],[705466.3065070861,5710326.088666597],[705480.1662655118,5710319.9060992645],[705485.4555831889,5710318.826836221],[705488.7840448777,5710326.50558238],[705492.0706472357,5710329.8383844765],[705498.0712246506,5710335.923085248],[705501.5555540121,5710339.456258807],[705504.5054882573,5710342.4550005235],[705508.2554033744,5710349.009932852],[705511.5019074619,5710354.432928133],[705514.1711014558,5710358.891711076],[705518.6721570229,5710366.41334366],[705522.5447456666,5710369.369837903],[705536.1177613282,5710377.66398948],[705543.9825766282,5710382.976328686],[705558.0951867522,5710392.513749837],[705559.9068875166,5710393.734174107],[705564.853779199,5710396.95192223],[705565.2947596038,5710396.137001921],[705576.9222466088,5710381.100980037],[705590.0954096426,5710377.132622246],[705636.429127421,5710370.028329451],[705686.4793051103,5710406.616235148],[705709.3553186551,5710373.516476519],[705751.7213999525,5710402.281007534],[705767.1937194254,5710378.894559034],[705798.1226295715,5710369.152688209],[705835.6146117578,5710370.187422857],[705860.7369084551,5710367.715334207],[705884.713510431,5710356.688187773],[705924.7859840307,5710380.353269334],[705928.1609575829,5710382.346502451],[705933.2740706071,5710364.9167639185],[705938.2342958862,5710349.77554784],[705948.8605231693,5710320.3429151885],[705958.4579071542,5710295.617549981],[705969.6895991694,5710270.458800376],[705983.3585988465,5710241.761472563],[705996.4710244006,5710217.409132428],[706010.0575258126,5710193.359341662],[706018.2483702685,5710180.073890825],[706028.2369959475,5710164.258249427],[706040.6562926032,5710145.41736999],[706050.5064614426,5710131.729127072],[706060.1871335217,5710118.27677746],[706064.1175314954,5710113.175146328],[706070.72785757,5710104.595595421],[706092.7942088863,5710077.378827176],[706119.1588505311,5710047.98606688],[706142.0285319026,5710024.245468576],[706168.4882946648,5709999.365912182],[706184.0153649958,5709985.875061802],[706199.5332467153,5709972.392263303],[706213.0371513773,5709961.679134404],[706220.8516997615,5709955.479623391],[706227.8130727459,5709950.307963592],[706236.580525842,5709943.672838392],[706259.7937187145,5709927.298368377],[706295.3638405073,5709904.208843389],[706307.9859765494,5709896.763908928],[706318.7231845475,5709890.63142021],[706338.3678811479,5709879.7687603375],[706351.0931637811,5709872.947481512],[706362.8738318433,5709867.164050237],[706384.0323031938,5709856.776710584],[706410.6037101566,5709845.253452348],[706409.337743128,5709841.19109696]]]}},{"type":"Feature","properties":{"briefwbz":"90029","gid":10,"ogr_style":"","booth_id":"090029","municipality_id":"15002000","voting_mode":"B"},"geometry":{"type":"Polygon","coordinates":[[[703126.8226945112,5708884.1107489485],[703125.4403061164,5708882.687720624],[703125.441751784,5708882.954876813],[703080.6041146681,5708885.544006195],[703061.4500523373,5708886.652486258],[702900.8273885726,5708894.0318647595],[702899.3775061052,5708894.102715071],[702897.9093278175,5708894.166827998],[702844.9071596117,5708896.563648691],[702720.5047839694,5708902.205353133],[702635.0722158353,5708906.756289079],[702613.1165349574,5708907.582290759],[702616.151600851,5708919.282435738],[702617.0787988964,5708922.872620136],[702617.197240433,5708923.318442804],[702619.0625051896,5708930.530231323],[702623.5392831822,5708939.029242427],[702632.1753151058,5708955.436492603],[702633.2533092361,5708957.467978387],[702634.4339009774,5708959.720855477],[702640.8873949009,5708971.958723342],[702661.4944962452,5708995.681681026],[702661.8565384464,5708996.09411845],[702667.4842145864,5709002.572168892],[702672.9044824562,5709008.80589677],[702687.0628721846,5709019.571088124],[702688.6469673475,5709020.772556682],[702695.2110419436,5709025.767564208],[702713.5128420828,5709039.683507969],[702709.9823654217,5709047.785838348],[702709.4771150385,5709049.205861548],[702706.6617273267,5709057.132369635],[702701.9410558096,5709070.029666716],[702700.1585195559,5709074.726052849],[702698.5669647392,5709078.1009599855],[702695.0675450122,5709085.90032224],[702691.7197678544,5709093.183990228],[702687.8729954074,5709099.913306355],[702683.6071883753,5709107.016551077],[702679.5207775782,5709113.077828424],[702674.9956987153,5709119.990277753],[702668.8280384403,5709128.344407253],[702665.7253835568,5709132.9804817205],[702658.4897983059,5709144.812122033],[702655.9021749974,5709149.60555447],[702652.5797730891,5709160.815329547],[702650.1390782392,5709169.142144297],[702647.9570435351,5709176.771932912],[702666.8273697558,5709181.520330571],[702680.6409502866,5709184.341162089],[702719.3829156234,5709192.282802139],[702735.0085026441,5709195.438813658],[702826.93279113,5709209.00840413],[702833.5993072143,5709209.38731734],[702838.7336725275,5709209.423895857],[702844.0477360305,5709208.859545825],[702852.083038539,5709208.270012724],[702857.5325484801,5709207.431474817],[702870.7765653527,5709209.452648614],[702968.5643330263,5709224.206605389],[702976.4463992247,5709225.840116773],[702982.2039099757,5709227.032708963],[703025.0593813001,5709208.421173733],[703046.5310160196,5709221.815117185],[703088.4190701491,5709262.07287062],[703117.8313365249,5709289.299575576],[703383.3131368193,5709539.916821205],[703418.0335809118,5709571.869775774],[703435.1132246255,5709582.574941604],[703485.0033167286,5709635.17132923],[703567.5300476402,5709550.974728761],[703607.3269655965,5709508.061762161],[703586.4081424049,5709481.18342411],[703648.445428545,5709420.663896603],[703542.920423636,5709321.2466067355],[703541.2619951738,5709300.660224689],[703559.5298428477,5709282.394129518],[703545.8153797333,5709270.491937887],[703452.9193853799,5709181.274204425],[703414.6272087821,5709149.187235865],[703374.9220358266,5709122.17814913],[703412.3260106588,5709080.371753746],[703418.9776306662,5709072.937638858],[703422.7610545352,5709066.087850651],[703421.0311839334,5709059.5087617105],[703404.2794967149,5709040.806190684],[703399.7147629748,5709036.271874138],[703397.2325452411,5709033.804016767],[703359.9556850593,5708998.76530627],[703327.9230573082,5708968.649113457],[703320.9579587602,5708961.315025112],[703324.6326733456,5708957.267805339],[703359.01784665,5708919.41760275],[703321.9072988478,5708885.925949353],[703309.6465926935,5708874.008824968],[703307.6104205839,5708874.596118707],[703234.9666959993,5708878.330091838],[703169.7766308186,5708880.35771268],[703130.0765426719,5708882.75377459],[703126.8226945112,5708884.1107489485]]]}},{"type":"Feature","properties":{"briefwbz":"90006","gid":11,"ogr_style":"","booth_id":"090006","municipality_id":"15002000","voting_mode":"B"},"geometry":{"type":"Polygon","coordinates":[[[706385.1910784144,5708379.806289868],[706395.0285520485,5708378.50613383],[706447.3215244247,5708394.951735545],[706545.406118647,5708424.9279871825],[706594.2470031353,5708435.140796754],[706629.2831874533,5708442.93364849],[706681.8389130104,5708440.056944712],[706706.0156172806,5708443.034660689],[706742.2599413714,5708453.657852243],[706758.2565693764,5708459.374549803],[706761.9551352576,5708461.321306565],[706765.675068102,5708463.27930997],[706768.4054507746,5708464.716459218],[706780.4763747046,5708464.62675718],[706789.0702363814,5708465.432229919],[706768.4233095435,5708407.532229913],[706822.4863715407,5708248.593855647],[706823.6486576605,5708244.635905145],[706883.3232134171,5708070.917299471],[706889.4186707042,5708053.269522544],[706907.1779579187,5708001.825501737],[706920.0975253386,5707963.907736225],[706956.1106720186,5707858.196018837],[706961.8580124304,5707841.918645833],[706978.7561701358,5707794.059941586],[707013.2704034983,5707696.88150253],[707039.2238512506,5707625.372842336],[706940.4218475465,5707593.797738699],[706923.736584652,5707634.653872453],[706910.7670912213,5707670.153840428],[706731.7744309647,5707604.76140354],[706706.1456544839,5707595.202375081],[706680.2851737789,5707591.13631402],[706708.154212044,5707485.177548722],[706674.1481185498,5707472.275585716],[706669.612040916,5707448.565280248],[706659.9618923682,5707427.651095017],[706642.1238647746,5707435.427655508],[706639.605554792,5707460.345380135],[706593.7403689664,5707553.555678163],[706548.5151368025,5707667.813649424],[706525.8697298883,5707731.949600131],[706450.3545653071,5707938.050596851],[706448.2599461167,5707952.477805384],[706315.8856538069,5708056.1571022235],[706318.824769146,5708057.780464938],[706317.9848006032,5708078.264489646],[706249.9474163915,5708101.998503607],[706173.0009158538,5708159.901951256],[706126.8250371733,5708187.537880826],[706064.2398081358,5708212.495140978],[706012.570547185,5708215.381742585],[705944.5551528377,5708202.085059855],[705931.5547046426,5708226.075915603],[706055.0951339587,5708264.670959559],[706072.3284271349,5708259.372335722],[706164.4434734356,5708283.171400876],[706194.5530085245,5708293.41093132],[706225.9720118118,5708308.212684836],[706385.1910784144,5708379.806289868]]]}},{"type":"Feature","properties":{"briefwbz":"90036","gid":12,"ogr_style":"","booth_id":"090036","municipality_id":"15002000","voting_mode":"B"},"geometry":{"type":"Polygon","coordinates":[[[706789.0702363814,5708465.432229919],[706780.4763747046,5708464.62675718],[706768.4054507746,5708464.716459218],[706765.675068102,5708463.27930997],[706761.9551352576,5708461.321306565],[706758.2565693764,5708459.374549803],[706742.2599413714,5708453.657852243],[706706.0156172806,5708443.034660689],[706681.8389130104,5708440.056944712],[706629.2831874533,5708442.93364849],[706594.2470031353,5708435.140796754],[706545.406118647,5708424.9279871825],[706447.3215244247,5708394.951735545],[706395.0285520485,5708378.50613383],[706385.1910784144,5708379.806289868],[706225.9720118118,5708308.212684836],[706194.5530085245,5708293.41093132],[706164.4434734356,5708283.171400876],[706072.3284271349,5708259.372335722],[706055.0951339587,5708264.670959559],[705931.5547046426,5708226.075915603],[705916.8042988812,5708268.50773616],[705910.8957088303,5708302.800422587],[705999.3191749414,5708318.9399629],[705997.4810561507,5708339.383205806],[706159.5157681466,5708391.07046147],[706193.6035241851,5708401.976007505],[706150.2206217647,5708532.325463036],[706120.8055178875,5708627.209688162],[706101.3800221479,5708685.9689455535],[706219.0290986537,5708855.954200497],[706322.5680321536,5708784.125110773],[706364.290052904,5708755.306902234],[706404.4708369032,5708727.4250289565],[706471.9914593617,5708679.649029902],[706566.233167785,5708614.946713472],[706656.3938319172,5708552.082927079],[706789.0702363814,5708465.432229919]]]}},{"type":"Feature","properties":{"briefwbz":"90008","gid":13,"ogr_style":"","booth_id":"090008","municipality_id":"15002000","voting_mode":"B"},"geometry":{"type":"Polygon","coordinates":[[[706633.2172968815,5709208.584700654],[706647.5271368133,5709223.792903945],[706674.0860444608,5709280.676469491],[706709.6837962728,5709341.023970522],[706726.8300447345,5709372.706078214],[706742.6497883392,5709390.569349507],[706752.7646675814,5709409.70885357],[706827.4838805015,5709420.420612293],[706862.8154906547,5709425.378648952],[706882.0612280502,5709383.124648168],[706904.6210551446,5709308.974408137],[706906.1642159647,5709299.975653704],[706951.325554633,5709036.627412914],[706874.6606221157,5709051.002318178],[706821.122062542,5708892.153732796],[706834.2744895723,5708888.693674544],[706670.4369619137,5708795.391666173],[706623.646752463,5708862.536800124],[706567.8644606543,5708941.329833945],[706609.4357139186,5708977.066694147],[706629.06576145,5708998.88711612],[706659.1936477115,5709045.171665011],[706672.8427075758,5709090.774179256],[706680.2738453357,5709139.77406016],[706673.3557404326,5709140.194993177],[706633.9949228253,5709142.589593462],[706643.0376342774,5709187.032660402],[706641.7863840004,5709200.579400125],[706639.3403451401,5709203.231721966],[706637.5042467554,5709204.803017942],[706633.2172968815,5709208.584700654]]]}},{"type":"Feature","properties":{"briefwbz":"90028","gid":14,"ogr_style":"","booth_id":"090028","municipality_id":"15002000","voting_mode":"B"},"geometry":{"type":"Polygon","coordinates":[[[704331.2486166004,5710393.064130847],[704335.6306263035,5710383.736088961],[704391.3719679818,5710330.466438358],[704448.5599776814,5710278.262114978],[704462.9420398963,5710269.3441792065],[704587.8864565174,5710200.40066199],[704606.0564994947,5710196.637271737],[704617.5918276276,5710196.11062709],[704736.8407520234,5710180.483419991],[704843.6257190874,5710127.307716868],[704866.8149183127,5710062.19496307],[704885.39031323,5710011.90935252],[704764.7549804203,5709951.411462665],[704688.7545811243,5709888.738732655],[704591.7564214832,5709874.246566029],[704533.8727281349,5709857.862344061],[704488.4142281612,5709843.484226215],[704451.3693442458,5709819.440677585],[704414.6869515181,5709786.40725986],[704392.9441676476,5709742.975802742],[704387.23161246,5709699.202282869],[704387.0224100165,5709692.188471795],[704385.2428236724,5709613.53844071],[704391.8746609549,5709537.239322824],[704403.7170653129,5709504.693125958],[704410.0870728479,5709471.419628031],[704426.8607827686,5709428.568160798],[704458.3894791412,5709379.81364975],[704496.5018278607,5709341.339780831],[704533.6096633563,5709302.824699464],[704551.832879281,5709273.539826556],[704557.9711000002,5709245.765186339],[704552.5613622477,5709182.485384574],[704538.9595660242,5709135.885501763],[704532.4125861384,5709088.071941499],[704534.8099797996,5709029.614768156],[704512.4171119211,5708977.648836896],[704479.2929793887,5708943.258732794],[704426.1559858145,5708896.534132531],[704406.8694481032,5708915.261670665],[704379.1257666302,5708920.632068557],[704305.5035813646,5708934.125615436],[704290.5537516309,5708932.5125460215],[704250.4095346448,5708922.8614464635],[704225.7792553796,5708913.34329907],[704210.9890420325,5708895.721077087],[704195.8445747115,5708911.115941931],[704154.0820530264,5708940.932087552],[704114.756349831,5708972.351102781],[704069.7064554413,5709033.561416408],[704059.6206375228,5709047.660895644],[703888.8630002809,5709220.826516039],[703797.4737738739,5709313.670869569],[703607.3269655965,5709508.061762161],[703567.5300476402,5709550.974728761],[703485.0033167286,5709635.17132923],[703403.1612786632,5709751.427948549],[703296.3696816193,5709914.70236482],[703141.6811879628,5710147.583842602],[703040.6652481601,5710316.603333396],[702966.1176692744,5710450.174185262],[703012.2254576298,5710448.562946308],[703051.7295394123,5710437.1731131775],[703324.6792777759,5710359.284693385],[703740.456937182,5710374.339540455],[703895.3239227739,5710381.188539053],[704060.7012757299,5710387.971971325],[704164.2888480972,5710388.215481722],[704331.2486166004,5710393.064130847]]]}},{"type":"Feature","properties":{"briefwbz":"90051","gid":15,"ogr_style":"","booth_id":"090051","municipality_id":"15002000","voting_mode":"B"},"geometry":{"type":"Polygon","coordinates":[[[709525.3753296946,5707248.494787966],[709643.636740294,5707260.482808587],[709712.0358401098,5707266.363178297],[709710.7365955733,5707293.690771485],[709773.0908728499,5707297.306791058],[709768.6395478486,5707374.892903355],[709772.5889155397,5707374.905705129],[709826.6163712414,5707375.115165329],[709831.8058728861,5707285.352701968],[709832.1948701506,5707280.860047035],[709832.5468086309,5707275.763295704],[709935.5951628706,5707284.236214858],[710006.9828238599,5707289.94698882],[710090.4347706592,5707295.752265541],[710104.6839797251,5707295.355294338],[710104.6912570995,5707295.262298046],[710105.4010106098,5707277.952092076],[710109.801060269,5707231.070588022],[710110.3336251257,5707218.081742329],[710112.0044161075,5707207.623740283],[710117.4076253737,5707202.640266889],[710265.3525689499,5707215.261565474],[710298.9055974879,5707218.97339642],[710303.3299579273,5707219.303482839],[710305.2030897068,5707201.317017291],[710378.3043495954,5707207.180086046],[710436.3599790833,5707184.9304048205],[710410.1080361191,5707101.752962964],[710403.2257495321,5707082.072324622],[710419.2448132937,5707082.301943389],[710419.62644902,5707008.757400333],[710474.1554774259,5707006.631757384],[710474.2946355203,5707010.909112983],[710512.2123971487,5707011.815996024],[710554.7769629774,5707012.517215803],[710622.0380352765,5707014.650128767],[710621.3155619877,5707046.029465673],[710643.3274084104,5707044.346208348],[710720.2936522078,5707035.812669821],[710761.7625445231,5707041.290576007],[710849.92015502,5707049.072737176],[710887.3779920153,5707052.727281471],[710900.1644034472,5707053.478682008],[710898.2137496633,5707021.360784083],[710923.538087927,5706855.234866521],[710936.3330790626,5706811.7219195105],[710958.4013353568,5706688.500054544],[710972.0941841728,5706549.924714755],[710963.5187366921,5706490.51886292],[710969.6579930647,5706426.207651697],[710978.8185277806,5706361.517244999],[710998.4638356137,5706321.781508543],[711000.6146971225,5706269.31756742],[710998.1214233546,5706244.696934756],[710981.2621656787,5706216.475178532],[710979.9763097396,5706198.909327583],[710742.5750146741,5706337.318311498],[710565.6051315367,5706405.636776635],[710466.9956842635,5706442.631951542],[710468.152135601,5706446.995594118],[710471.3512466943,5706456.063464485],[710460.7123051205,5706458.806974273],[710447.5138965745,5706465.811451647],[710440.4703976585,5706468.106202178],[710430.5160957611,5706468.69168316],[710412.172082868,5706470.3243339695],[710385.403966997,5706473.996573929],[710343.0210809015,5706480.599327985],[710324.6591419559,5706482.821417752],[710315.5422193904,5706487.217132939],[710305.5553865295,5706488.596244474],[710284.9608167447,5706486.956882784],[710261.0809245426,5706483.195782342],[710204.2172483621,5706474.908664986],[710168.3065781712,5706469.064339508],[710131.4542706155,5706461.796636796],[710105.5746228728,5706458.344501482],[710084.7387606482,5706457.894052646],[710064.320016589,5706461.658830408],[710031.2633832722,5706474.363680134],[710023.1300522959,5706477.489414919],[709997.8433288252,5706483.960827416],[709899.9019800534,5706494.676407882],[709858.0801504502,5706499.252962162],[709850.636059535,5706509.958680784],[709850.7535700444,5706531.482267725],[709844.4955634262,5706610.804639695],[709838.1422520155,5706631.55999996],[709827.2467914212,5706653.134999174],[709777.1824704725,5706736.0645486545],[709776.2363479442,5706737.627965908],[709751.7474684583,5706761.148374312],[709731.8105302941,5706771.3419395825],[709694.1742374968,5706773.804544778],[709656.5793179316,5706775.262677619],[709624.0322617064,5706763.4204827305],[709603.7117203856,5706758.581624789],[709590.364184251,5706754.531770138],[709544.7314331675,5706720.131228379],[709529.5202611459,5706700.4917108435],[709508.1959419886,5706634.552137008],[709471.9852357256,5706492.428773369],[709455.657683163,5706426.700148138],[709446.6015687032,5706391.290164092],[709443.1147961013,5706378.63346227],[709445.9745126057,5706375.533769359],[709446.9438134601,5706368.400763012],[709447.9500868083,5706360.970947665],[709452.081411699,5706350.030092416],[709460.3965808643,5706336.863656398],[709468.0879988518,5706324.6712154085],[709471.817238377,5706313.689130723],[709473.3671156624,5706300.5744518265],[709471.5718000344,5706245.44627964],[709468.3090911155,5706194.909752085],[709469.1109983812,5706186.862933025],[709471.811143993,5706171.292610671],[709471.267622728,5706165.159344958],[709467.9862508702,5706113.8644820405],[709467.5525308293,5706107.021461609],[709467.6075631999,5706088.411443959],[709467.6557432717,5706071.9312072005],[709466.5483509576,5706044.715776293],[709464.6024739755,5706030.22178187],[709462.0165150068,5706010.888701538],[709460.9514491957,5705993.847494967],[709460.6158280759,5705959.4659110615],[709459.2038166345,5705943.615083304],[709459.3894754311,5705916.061291953],[709459.5183774354,5705895.951439142],[709461.1414986948,5705884.833276799],[709464.8162752024,5705868.669478322],[709464.9465409117,5705861.551499007],[709463.6750773627,5705849.997776166],[709462.2329827481,5705836.853732119],[709462.3632990284,5705824.127947096],[709463.8052977994,5705808.3444493245],[709462.3210870237,5705794.254523954],[709460.8641640998,5705780.408018475],[709458.1639262618,5705768.10645635],[709452.3060285443,5705760.420112667],[709442.8987111531,5705754.178127321],[709432.9424081868,5705749.807751478],[709421.347169098,5705746.643399498],[709407.4282216323,5705746.2281677425],[709395.1413482771,5705748.419663287],[709380.1697220417,5705754.295619276],[709371.4969434885,5705757.703569646],[709359.0044839678,5705759.762553171],[709347.930871043,5705759.470133183],[709343.989226943,5705758.21550668],[709334.8000902898,5705755.286337842],[709317.8301452686,5705748.094734435],[709303.8756989823,5705742.187912004],[709288.3655254705,5705733.019201134],[709274.2030878449,5705723.092145437],[709263.4635399622,5705715.565782874],[709255.9763522474,5705707.930752905],[709253.4482176426,5705700.064388257],[709256.3537627042,5705690.998369456],[709264.6255721695,5705682.3697692705],[709269.879665412,5705674.033636492],[709272.0302680976,5705664.141890456],[709272.0193977063,5705652.739196687],[709272.0095270643,5705643.286802267],[709274.6340862673,5705631.526481935],[709278.2174200164,5705621.376754075],[709282.4966757048,5705609.2494553],[709285.2273291729,5705597.176769261],[709288.0051031,5705584.863713771],[709291.2212023265,5705570.643660954],[709293.810920766,5705553.975900163],[709296.1427599357,5705538.9057581695],[709298.4041594289,5705524.342256444],[709298.8500362231,5705508.313148047],[709299.1495284991,5705497.525689677],[709300.9288052119,5705484.569370296],[709304.5527184717,5705469.6454840675],[709317.3408750681,5705443.558467316],[709335.5293171841,5705409.358733079],[709344.8080214988,5705391.9217919065],[709344.3011246278,5705380.95837531],[709335.5408815639,5705366.657140041],[709314.6641488894,5705323.422362775],[709296.3181369721,5705276.322696474],[709283.2611194176,5705235.488930682],[709279.4549076059,5705218.807276994],[709266.6709489669,5705213.277773249],[709248.1991015318,5705200.006848904],[709226.7466607472,5705186.116867417],[709135.6632524316,5705246.945469103],[709035.7033140904,5705316.918209809],[708933.6485088491,5705401.324450906],[708838.1576365014,5705496.501490967],[708733.7629750208,5705601.330528103],[708554.6894404471,5705794.184373166],[708436.268538308,5705925.757114507],[708463.92611189,5705940.069088394],[708489.6923406313,5705953.403245286],[708515.3978123642,5705966.709866197],[708534.8298262985,5705980.187762126],[708554.7723285581,5705996.214424932],[708571.2152057954,5706011.8676021695],[708578.1723056338,5706018.493603812],[708588.7305639308,5706031.048955921],[708599.9809069475,5706044.446091184],[708609.1142533633,5706059.035876787],[708618.6024863662,5706074.211566464],[708622.2336229861,5706080.01171108],[708629.8249828373,5706096.165409304],[708638.8557077997,5706115.377480562],[708644.7186976039,5706132.485182084],[708651.3250586428,5706149.182137022],[708658.1958290885,5706166.548346277],[708664.2151667583,5706179.0852142535],[708671.0988087319,5706193.408784801],[708678.6129822738,5706207.05036727],[708684.2137465477,5706217.222589875],[708692.6256983607,5706230.168275944],[708693.9168983562,5706232.152463245],[708700.5680470522,5706242.150559362],[708709.7264048574,5706254.46843432],[708718.1788613884,5706265.819572854],[708725.4190806735,5706273.872934519],[708735.3922563433,5706284.944902267],[708743.8561420671,5706294.352673774],[708755.9318604979,5706305.343137602],[708767.6242474035,5706315.982540481],[708778.3978564583,5706324.801910965],[708782.3458816204,5706328.025572802],[708790.6073355407,5706334.493803522],[708801.017179121,5706342.639848845],[708807.5279287152,5706347.732247775],[708824.0764735219,5706359.135868005],[708842.7574733181,5706372.005448369],[708858.0416842387,5706381.376131081],[708894.8017136278,5706403.917625667],[708917.7208152292,5706417.172169983],[708964.8236146207,5706445.403984149],[708989.7715880169,5706461.4307266],[709015.6389402349,5706480.022886236],[709047.4802030697,5706504.536191586],[709110.1783603744,5706536.624537453],[709171.5740796317,5706589.461500975],[709221.7385153235,5706632.6329227295],[709265.8744730095,5706682.646672704],[709304.5616306154,5706726.48583232],[709391.5722637996,5706839.019344862],[709465.9291429725,5706935.187258503],[709493.0489837319,5706978.19698353],[709513.3298161819,5707020.572273728],[709520.8792994883,5707069.488110762],[709521.9421386984,5707134.755353464],[709522.9764374222,5707198.261048065],[709519.3148323438,5707246.7850972125],[709517.0677502087,5707276.561190472],[709525.3753296946,5707248.494787966]]]}},{"type":"Feature","properties":{"briefwbz":"90015","gid":16,"ogr_style":"","booth_id":"090015","municipality_id":"15002000","voting_mode":"B"},"geometry":{"type":"Polygon","coordinates":[[[709768.6395478486,5707374.892903355],[709773.0908728499,5707297.306791058],[709710.7365955733,5707293.690771485],[709712.0358401098,5707266.363178297],[709643.636740294,5707260.482808587],[709525.3753296946,5707248.494787966],[709517.0677502087,5707276.561190472],[709519.3148323438,5707246.7850972125],[709522.9764374222,5707198.261048065],[709521.9421386984,5707134.755353464],[709520.8792994883,5707069.488110762],[709513.3298161819,5707020.572273728],[709493.0489837319,5706978.19698353],[709465.9291429725,5706935.187258503],[709391.5722637996,5706839.019344862],[709304.5616306154,5706726.48583232],[709265.8744730095,5706682.646672704],[709221.7385153235,5706632.6329227295],[709171.5740796317,5706589.461500975],[709110.1783603744,5706536.624537453],[709047.4802030697,5706504.536191586],[709021.2990710202,5706530.707447741],[708992.2297265759,5706559.766008166],[708945.654599647,5706609.097603276],[708882.8722196817,5706672.626088722],[708846.0123830679,5706709.929108384],[708811.7184036305,5706744.635902869],[708774.528074385,5706782.279448226],[708729.9907633688,5706827.347256761],[708702.9826119008,5706863.539057587],[708698.6315367201,5706871.055128086],[708676.1822709569,5706909.812111626],[708660.1550157387,5706944.156292913],[708646.2517769684,5706994.56023471],[708619.7268264749,5707132.8688246235],[708585.8382296634,5707329.444421846],[708569.437286076,5707460.90204159],[708480.7708152498,5707890.185156689],[708714.2048022641,5707897.254298278],[709094.5597159076,5707909.845099494],[709094.5147917103,5707910.638218538],[709251.9368484493,5707915.559264263],[709547.0412798419,5707925.194936229],[709582.9865572437,5707926.544372302],[709643.7937146976,5707927.40454574],[709652.870374555,5707926.261467748],[709738.9829997163,5707922.917682189],[709747.2308256592,5707922.454691168],[709850.9237991854,5707918.838204401],[710010.2287467769,5707927.376472552],[710022.055599425,5707931.860943315],[710085.7600447892,5707932.49821597],[710102.6018474011,5707932.660899765],[710250.4858256765,5707922.197806352],[710287.7598452857,5707919.5606089],[710307.0117751898,5707918.20108948],[710361.0933245241,5707914.370021252],[710365.4031013045,5707914.068494122],[710418.0647585377,5707910.334319858],[710438.4067733233,5707908.895413563],[710436.9368229089,5707895.824432581],[710456.5871196999,5707892.624509495],[710466.9092030084,5707885.042748444],[710467.1050053783,5707831.498965632],[710472.4094682346,5707824.208156095],[710535.5986952554,5707808.782998967],[710594.7339309235,5707794.688241242],[710603.955308219,5707789.563967326],[710606.4024527054,5707778.653354625],[710609.9473944015,5707716.738782993],[710619.3287592889,5707714.980798066],[710634.1540608825,5707712.222794343],[710686.9252547307,5707706.878248382],[710743.1620141955,5707690.168196092],[710908.6900315576,5707656.917265243],[710912.6422899022,5707682.603971326],[710937.2008198785,5707742.665250873],[711028.6389567817,5707709.878970437],[711013.1669430432,5707672.212270426],[710987.8693117584,5707642.141497534],[710976.4987775886,5707602.140105943],[710975.3013822895,5707582.571873656],[710977.6870026059,5707573.161531225],[710959.5219233712,5707527.869860151],[710968.5238322739,5707503.7143170405],[710968.9433510734,5707481.212679345],[710950.4616315824,5707394.869949622],[710944.7483664304,5707351.094847508],[710940.3205962274,5707324.885775431],[710944.9394403467,5707261.008949801],[710925.5150886811,5707197.6556048645],[710904.186551649,5707119.704417957],[710900.1644034472,5707053.478682008],[710887.3779920153,5707052.727281471],[710849.92015502,5707049.072737176],[710761.7625445231,5707041.290576007],[710720.2936522078,5707035.812669821],[710641.5440010894,5707044.501787893],[710621.1895734307,5707046.348064747],[710622.0380352765,5707014.650128767],[710554.7769629774,5707012.517215803],[710508.5261527902,5707011.757653614],[710474.2946355203,5707010.909112983],[710474.1554774259,5707006.631757384],[710419.62644902,5707008.757400333],[710419.2448132937,5707082.301943389],[710403.2257495321,5707082.072324622],[710410.1080361191,5707101.752962964],[710436.3599790833,5707184.9304048205],[710378.3043495954,5707207.180086046],[710305.2030897068,5707201.317017291],[710303.3299579273,5707219.303482839],[710299.0908775842,5707218.980993215],[710265.3525689499,5707215.261565474],[710117.4076253737,5707202.640266889],[710112.0044161075,5707207.623740283],[710110.3336251257,5707218.081742329],[710109.801060269,5707231.070588022],[710105.4010106098,5707277.952092076],[710104.6912570995,5707295.262298046],[710104.6840228008,5707295.355293141],[710104.6839797251,5707295.355294338],[710090.4347706592,5707295.752265541],[710006.9828238599,5707289.94698882],[709935.5951628706,5707284.236214858],[709832.5468086309,5707275.763295704],[709832.1948701506,5707280.860047035],[709831.8058728861,5707285.352701968],[709826.6163712414,5707375.115165329],[709772.5889155397,5707374.905705129],[709768.6395478486,5707374.892903355]]]}},{"type":"Feature","properties":{"briefwbz":"90001","gid":17,"ogr_style":"","booth_id":"090001","municipality_id":"15002000","voting_mode":"B"},"geometry":{"type":"Polygon","coordinates":[[[705913.3533476134,5707705.8340951335],[705906.6717432091,5707710.0624044025],[705902.3039420588,5707718.894347843],[705889.3816492655,5707753.39626354],[705912.8093087362,5707767.870226503],[705943.3489089626,5707767.619648984],[705961.2116800077,5707771.351548535],[705982.2387941867,5707771.214021253],[705990.9373530464,5707766.565311548],[706029.9911498674,5707766.1669799965],[706069.5979558164,5707752.277804374],[706082.8076397688,5707735.3005259875],[706107.4997229959,5707728.326801125],[706110.6537877205,5707727.4375799885],[706111.1879444749,5707727.279256791],[706112.6758522339,5707732.339673156],[706118.6375033366,5707732.497068271],[706120.3788266797,5707732.438096439],[706121.0188643609,5707732.427134782],[706121.9510797515,5707732.409520143],[706123.3644152682,5707732.473643438],[706130.487864007,5707734.131848115],[706139.7323997192,5707736.312012644],[706151.3489667833,5707738.800274763],[706159.3961786453,5707740.496541453],[706169.006050453,5707742.247720111],[706175.7721978799,5707743.534121654],[706169.0056728172,5707742.256929752],[706163.1315178056,5707778.13456843],[706165.9360089331,5707807.276087336],[706187.7317727407,5707800.661662537],[706231.6640070326,5707815.473514356],[706241.5557335587,5707818.3816979835],[706282.0116390554,5707832.554198128],[706323.3899724936,5707848.764182441],[706353.1918860468,5707866.505368745],[706360.0217042869,5707870.784857477],[706370.7063991283,5707878.731205341],[706403.0790540496,5707907.085489501],[706434.9635765175,5707934.916721979],[706448.2599461167,5707952.477805384],[706450.3545653071,5707938.050596851],[706525.8697298883,5707731.949600131],[706548.5151368025,5707667.813649424],[706593.7403689664,5707553.555678163],[706639.605554792,5707460.345380135],[706642.1238647746,5707435.427655508],[706626.1610075715,5707409.74598291],[706616.4212460859,5707324.825410304],[706615.8412072918,5707319.740382414],[706604.2604368,5707309.254551964],[706519.000583071,5707288.9540518755],[706479.8548251201,5707279.629631566],[706457.2076427358,5707275.204663492],[706301.6090803199,5707244.797445573],[706263.7174928323,5707241.237936731],[706226.3687847686,5707236.707062338],[706195.4091697858,5707234.934619096],[706088.8096795972,5707247.0829903195],[706005.306121107,5707269.680071182],[705960.3233301376,5707304.873243475],[705939.8229761894,5707316.546216775],[705929.6241753624,5707321.133431517],[705926.8436424644,5707364.559149172],[705931.7126974658,5707416.806518134],[705937.8914592252,5707473.616229293],[705933.1642563911,5707539.983309175],[705931.213615619,5707575.438099646],[705928.8060283131,5707621.884785147],[705923.2106208411,5707624.157924288],[705916.0267476059,5707628.365885957],[705910.2469710775,5707635.133931158],[705878.9027854863,5707679.394177239],[705912.922086635,5707682.726746564],[705911.9076355471,5707699.744645316],[705913.5337175217,5707705.829089078],[705913.3533476134,5707705.8340951335]]]}},{"type":"Feature","properties":{"briefwbz":"90004","gid":18,"ogr_style":"","booth_id":"090004","municipality_id":"15002000","voting_mode":"B"},"geometry":{"type":"Polygon","coordinates":[[[706260.5573495309,5706964.344297893],[706264.5871602126,5706890.440352623],[706266.2668507849,5706849.472182142],[706259.7503177202,5706813.167133801],[706249.2756973298,5706775.70606103],[706238.3908873688,5706723.708924805],[706243.7115225168,5706703.90530216],[706226.4985911376,5706708.708088676],[706212.6902589089,5706703.633439392],[706114.4670986559,5706694.607041511],[706084.0504961379,5706691.857152309],[706054.6321376654,5706689.148190741],[706024.2153004182,5706686.398293224],[705979.8733412016,5706681.58081322],[705909.0255621142,5706676.173376395],[705845.0137365471,5706675.04556822],[705809.0567566736,5706673.074499138],[705671.0734209451,5706669.417230045],[705583.5356702909,5706668.3309103735],[705596.016798817,5706717.890750761],[705531.1749218383,5706724.739941981],[705537.6460759038,5706750.032445055],[705564.5703714029,5706764.649620222],[705543.7054101299,5706772.947907644],[705475.0739143223,5706798.918419703],[705465.5488788177,5706802.520895771],[705519.8982271941,5707012.051402469],[705520.9068367023,5707016.533019753],[705545.7260461566,5707126.719603782],[705531.0611766943,5707240.230424524],[705516.5956382595,5707373.261944513],[705516.841877412,5707391.790654018],[705517.0820667165,5707410.319359956],[705733.7006217294,5707363.644912634],[705794.0824518307,5707355.613133839],[705847.8361948557,5707350.812069311],[705895.0553470828,5707334.229272936],[705929.6241753624,5707321.133431517],[705939.8229761894,5707316.546216775],[705960.3233301376,5707304.873243475],[706005.306121107,5707269.680071182],[706088.8096795972,5707247.0829903195],[706195.4091697858,5707234.934619096],[706210.6310977815,5707205.53242384],[706226.4212168407,5707186.661185248],[706240.73583834,5707179.237029678],[706237.0807393874,5707158.568587002],[706258.1399594708,5707023.304273339],[706260.5573495309,5706964.344297893]]]}},{"type":"Feature","properties":{"briefwbz":"90005","gid":19,"ogr_style":"","booth_id":"090005","municipality_id":"15002000","voting_mode":"B"},"geometry":{"type":"Polygon","coordinates":[[[707243.6172663012,5707657.278128243],[707257.0320878918,5707549.726466909],[707268.3898625611,5707468.111496113],[707301.8757480618,5707298.3177441],[707302.1367906516,5707296.833968498],[707291.4262877214,5707295.520012185],[707272.6356932161,5707294.566582744],[707255.6594887277,5707288.329002773],[707247.4132410655,5707284.747965654],[707238.5180736716,5707279.432075948],[707228.5650012215,5707271.919984632],[707221.3022614298,5707260.59634292],[707210.6773750322,5707240.0277684005],[707206.9233032254,5707202.478350683],[707211.1500102176,5707106.421359844],[707208.5753531789,5707083.791343532],[707186.6316546178,5707081.8916460425],[707164.66761028,5707080.488235349],[707145.5382435935,5707180.806467843],[707140.0577097968,5707205.56315299],[707140.047143611,5707212.464919041],[707140.027016331,5707225.689628198],[707135.5732325873,5707237.424652576],[707132.8834372805,5707251.350859868],[707133.2364437464,5707268.579868144],[707135.8414404922,5707279.738248978],[707130.7261954651,5707280.917848827],[707125.6986498266,5707281.160993531],[707120.7613120539,5707280.667257396],[707117.2335499801,5707279.328227576],[707108.6278687154,5707276.062179084],[707102.0043698327,5707271.656443954],[707088.8748349817,5707264.283357487],[707076.4952288817,5707256.791035127],[707072.7831006834,5707254.544229159],[707064.5151131125,5707249.540163171],[707052.0408546035,5707242.507236134],[707049.8830064633,5707241.485430239],[707042.9608088069,5707238.207949709],[707033.7389253469,5707235.655935003],[707024.2724770268,5707233.935521241],[707003.4851694638,5707231.259860656],[706988.5489998059,5707228.96566165],[706973.0617242332,5707225.875297051],[706938.5623854684,5707218.99091667],[706872.8736393049,5707205.279369502],[706840.0804148728,5707198.7408483345],[706813.1531235407,5707193.3717107065],[706804.9444701131,5707191.735068435],[706797.0860888949,5707190.7892789375],[706793.5365112796,5707191.009081351],[706791.9316602987,5707191.1084163645],[706789.3460260014,5707191.268464598],[706778.6891798053,5707194.140292934],[706775.3543352825,5707195.889156032],[706773.8628624268,5707196.671218975],[706770.2355222263,5707198.573042268],[706763.548208066,5707203.262045132],[706755.4135083202,5707211.350157161],[706672.3693757722,5707271.506913207],[706670.6641670794,5707276.442403064],[706656.6101147284,5707301.893294944],[706650.6460919736,5707313.156182178],[706621.574242182,5707318.6525879],[706615.8412072918,5707319.740382414],[706616.4212460859,5707324.825410304],[706626.1610075715,5707409.74598291],[706642.1238647746,5707435.427655508],[706659.9618923682,5707427.651095017],[706669.612040916,5707448.565280248],[706674.1481185498,5707472.275585716],[706708.154212044,5707485.177548722],[706680.2851737789,5707591.13631402],[706706.1456544839,5707595.202375081],[706731.7744309647,5707604.76140354],[706910.7670912213,5707670.153840428],[706923.736584652,5707634.653872453],[706940.4218475465,5707593.797738699],[707039.2238512506,5707625.372842336],[707013.2704034983,5707696.88150253],[706978.7561701358,5707794.059941586],[706961.8580124304,5707841.918645833],[706956.1106720186,5707858.196018837],[706920.0975253386,5707963.907736225],[706907.1779579187,5708001.825501737],[706889.4186707042,5708053.269522544],[706883.3232134171,5708070.917299471],[706823.6486576605,5708244.635905145],[706822.4863715407,5708248.593855647],[706768.4233095435,5708407.532229913],[706789.0702363814,5708465.432229919],[706805.2585318368,5708485.615047022],[706818.9079153566,5708531.217563727],[706830.4211568143,5708567.727693562],[706860.5088247464,5708639.528217044],[706873.4299520067,5708666.085332228],[706919.318389128,5708731.025869115],[706936.054133438,5708762.241681022],[706944.6445645969,5708784.6153547885],[706954.6909250638,5708710.454908719],[706969.2940956714,5708659.502695535],[706994.6433564582,5708615.002546745],[707032.8587591035,5708574.023423546],[707109.6211431671,5708520.620857846],[707145.5924645172,5708522.09598243],[707180.5655477487,5708523.530171171],[707192.8428603122,5708517.0284974305],[707208.9350525262,5708258.938656585],[707214.3944126415,5708199.10321141],[707213.6681210926,5708143.516853496],[707208.7287128499,5708044.22364137],[707201.0055482981,5707915.280515524],[707208.681681555,5707813.498737661],[707228.6496024313,5707814.81439333],[707243.6172663012,5707657.278128243]]]}},{"type":"Feature","properties":{"briefwbz":"90007","gid":20,"ogr_style":"","booth_id":"090007","municipality_id":"15002000","voting_mode":"B"},"geometry":{"type":"Polygon","coordinates":[[[705536.2427849516,5707895.065007625],[705524.3229176864,5707941.618232561],[705507.258294418,5707979.458982893],[705466.3603121222,5708000.2999622],[705338.0831582013,5708065.109539707],[705299.741539536,5708097.066028384],[705273.4557778575,5708140.03065686],[705244.4462077245,5708188.386005847],[705310.8733321112,5708252.671343036],[705309.9105923194,5708300.6801454285],[705287.8283154566,5708314.287810002],[705230.7986382135,5708387.0178296575],[705202.5311886736,5708453.922154064],[705201.275402684,5708508.923805183],[705200.9769581467,5708564.964689866],[705184.8183292628,5708617.355488222],[705161.7466568813,5708679.467471618],[705159.0434368849,5708708.8860958135],[705169.1546344735,5708730.819013056],[705204.1936404954,5708767.287489934],[705209.3526797032,5708800.034215594],[705254.4219326924,5708799.379871141],[705315.777678974,5708804.39868292],[705308.9218365496,5708825.138934152],[705457.9981500627,5708863.278588236],[705536.6938130676,5708872.51107872],[705558.1206832574,5708874.892633856],[705562.6273747998,5708826.029494848],[705567.4409539935,5708769.676795378],[705599.1221960877,5708765.970650498],[705652.6831501084,5708607.012736217],[705656.0936243411,5708597.141648023],[705623.8908782597,5708540.2709130775],[705649.8649673611,5708468.267024975],[705656.2394647582,5708471.527872327],[705715.3220450972,5708470.951294661],[705757.9749810325,5708468.191898759],[705809.828168211,5708436.286256315],[705833.1957759097,5708415.726177658],[705871.1442806268,5708381.24473402],[705900.4801202375,5708361.432306194],[705910.2501208493,5708306.276498794],[705910.8957088303,5708302.800422587],[705916.8042988812,5708268.50773616],[705931.5547046426,5708226.075915603],[705944.5551528377,5708202.085059855],[705920.7732480498,5708196.104453529],[705850.3823259375,5708179.704449979],[705800.9922048518,5708163.662766961],[705777.6551695591,5708171.213667614],[705764.2318433519,5708169.166617511],[705753.0655805813,5708160.69766917],[705742.503484537,5708149.75673063],[705716.4341781343,5708138.67701561],[705697.4850639733,5708136.90000394],[705683.0782364714,5708134.30976721],[705655.524624948,5708110.655370771],[705635.8129548957,5708090.831569432],[705661.1169358904,5708035.312895673],[705711.0314612498,5707904.231711065],[705753.7886018598,5707776.862628614],[705781.339000611,5707727.4415414175],[705814.726496586,5707682.271363508],[705828.5803437555,5707698.352396166],[705836.9513943522,5707701.6951486925],[705843.340021713,5707704.459863062],[705860.0976351281,5707698.645002393],[705872.5182922506,5707688.640300476],[705877.8226276368,5707681.349597414],[705878.9027854863,5707679.394177239],[705910.2469710775,5707635.133931158],[705916.0267476059,5707628.365885957],[705923.2106208411,5707624.157924288],[705928.8060283131,5707621.884785147],[705931.213615619,5707575.438099646],[705933.1642563911,5707539.983309175],[705937.8914592252,5707473.616229293],[705931.7126974658,5707416.806518134],[705926.8436424644,5707364.559149172],[705929.6241753624,5707321.133431517],[705895.0553470828,5707334.229272936],[705847.8361948557,5707350.812069311],[705794.0824518307,5707355.613133839],[705733.7006217294,5707363.644912634],[705517.0820667165,5707410.319359956],[705561.2687585442,5707553.263990702],[705561.0834691217,5707618.817262012],[705564.7020308571,5707677.0247318065],[705541.445555602,5707829.214378164],[705536.2427849516,5707895.065007625]]]}},{"type":"Feature","properties":{"briefwbz":"90009","gid":21,"ogr_style":"","booth_id":"090009","municipality_id":"15002000","voting_mode":"B"},"geometry":{"type":"Polygon","coordinates":[[[706322.5680321536,5708784.125110773],[706219.0290986537,5708855.954200497],[706108.7616404411,5708933.009480071],[706096.4024408652,5708941.513615411],[706049.0028971713,5708974.601436403],[705996.9591880244,5709011.0014542155],[705917.0588030544,5709067.783416986],[705892.6109335459,5709090.3050702065],[705892.2409071585,5709160.353363489],[706006.8671514107,5709196.583515362],[706074.0378567218,5709218.360269789],[706150.1226404029,5709242.5021539945],[706139.5125747154,5709318.1359475525],[706158.010851904,5709330.905052025],[706181.8788994699,5709314.313780899],[706186.966769608,5709321.173485107],[706188.8337031865,5709323.854543075],[706192.2197542308,5709328.715929186],[706194.0735585259,5709331.375428734],[706197.6921543961,5709331.982274791],[706210.9757191471,5709323.360556346],[706225.36158055,5709326.809034347],[706229.0853530313,5709327.487258087],[706239.9337912018,5709329.462643326],[706252.0888776788,5709331.700729409],[706252.7331900864,5709327.291140206],[706257.5697055156,5709328.019171041],[706258.3679005669,5709323.0862194775],[706274.5304164332,5709326.132614242],[706305.9688100723,5709332.453878601],[706332.0969022884,5709337.895263927],[706354.852393373,5709247.989503018],[706358.3946835613,5709206.8202391965],[706357.8900490815,5709191.9639778435],[706348.5781848836,5709175.06908635],[706343.4232849416,5709154.3330288],[706343.8841010306,5709130.833816086],[706351.2011561522,5709111.112175052],[706361.3691529606,5709095.016182468],[706376.5138023612,5709079.621161283],[706290.4992871559,5708955.975637838],[706323.9163027934,5708934.324916421],[706360.1087002481,5708918.28997636],[706322.5680321536,5708784.125110773]]]}},{"type":"Feature","properties":{"briefwbz":"90010","gid":22,"ogr_style":"","booth_id":"090010","municipality_id":"15002000","voting_mode":"B"},"geometry":{"type":"Polygon","coordinates":[[[707938.2851797066,5710195.684354636],[707934.7269678349,5710188.259958398],[707931.9224270971,5710182.443865001],[707918.5760248795,5710152.633756392],[707901.9668787541,5710117.119080338],[707865.5045499208,5710035.101243593],[707828.474683594,5709953.7494242005],[707819.4338830252,5709931.456460888],[707818.1142742296,5709928.502138764],[707681.2135742456,5709630.104432421],[707708.1702182029,5709595.178104669],[707704.1266569588,5709591.669868189],[707691.6105105572,5709590.34392114],[707672.8360867973,5709588.302665403],[707650.9720434381,5709585.934548874],[707628.9118232651,5709583.468273128],[707618.5775363651,5709582.353756908],[707606.3815613214,5709580.9927390665],[707584.6586703516,5709578.600354794],[707566.4321509013,5709576.621589073],[707551.0429681289,5709575.019515009],[707539.8589087335,5709573.880166577],[707526.8373729076,5709572.635398228],[707516.8130334042,5709571.773816622],[707504.4311581221,5709570.795566019],[707491.5180569014,5709569.835544517],[707480.7331904637,5709569.213050872],[707468.2670803252,5709568.581597507],[707456.9506815613,5709568.227622403],[707446.8592867455,5709568.023900101],[707437.3146750083,5709567.912739277],[707425.1025122454,5709567.922374338],[707415.2250110626,5709568.117815001],[707406.4767019902,5709568.359629077],[707397.7978816675,5709568.614251425],[707388.1004121338,5709569.057297155],[707379.0812170424,5709569.558219603],[707370.0703229834,5709570.0995600745],[707358.17434239,5709570.942959755],[707349.2598936729,5709571.81852949],[707339.2921138494,5709572.750969954],[707329.3140249625,5709573.933289337],[707319.7818327628,5709574.98372759],[707310.9346403821,5709576.172351395],[707301.5453381352,5709577.398796442],[707292.4309441269,5709578.756688121],[707281.558897652,5709580.50289547],[707272.261120694,5709582.183539312],[707262.9425210253,5709583.883306667],[707253.621870567,5709585.63308674],[707244.6372524609,5709587.486762108],[707237.3474685762,5709589.01949777],[707228.5889792439,5709590.972499617],[707219.0475594206,5709593.223725008],[707210.0986121657,5709595.4291750435],[707200.0669012709,5709597.920551228],[707191.1780150005,5709600.368685317],[707182.6471115573,5709602.631296762],[707174.6698984283,5709604.816545209],[707166.2931153999,5709607.225626694],[707161.9139477485,5709608.538421251],[707157.843477422,5709609.703993951],[707157.7888551138,5709609.721975748],[707143.447445101,5709613.905943134],[707131.5774565584,5709617.533047283],[707116.6078051863,5709622.054022168],[707094.5588908235,5709629.022690942],[707086.985954263,5709631.416108547],[707079.3241337361,5709633.837649272],[707079.3515992837,5709633.954487511],[707079.3702401455,5709633.987081949],[706987.4136610767,5709662.566647086],[706984.1690381678,5709663.57486528],[706898.212358618,5709689.648451537],[706854.8468181406,5709702.986156573],[706812.6174822072,5709715.9744463125],[706768.6206480737,5709729.506489752],[706743.6197911351,5709737.195809612],[706699.7912074337,5709750.676093665],[706656.3555347222,5709764.03551431],[706614.2894576438,5709777.003468691],[706577.5882862739,5709788.341479568],[706547.7734881751,5709797.552211311],[706525.4456553038,5709804.449892566],[706507.9530984592,5709809.936622164],[706490.5213400543,5709815.619755691],[706467.4297656204,5709823.42047431],[706456.9979793914,5709826.983008205],[706444.8706302436,5709831.539822016],[706419.9957854764,5709841.180421296],[706410.6037101566,5709845.253452348],[706384.0323031938,5709856.776710584],[706362.8738318433,5709867.164050237],[706351.0931637811,5709872.947481512],[706338.3678811479,5709879.7687603375],[706318.7231845475,5709890.63142021],[706307.9859765494,5709896.763908928],[706295.3638405073,5709904.208843389],[706259.7937187145,5709927.298368377],[706236.580525842,5709943.672838392],[706227.8130727459,5709950.307963592],[706220.8516997615,5709955.479623391],[706213.0371513773,5709961.679134404],[706199.5332467153,5709972.392263303],[706184.0153649958,5709985.875061802],[706168.4882946648,5709999.365912182],[706142.0285319026,5710024.245468576],[706119.1588505311,5710047.98606688],[706092.7942088863,5710077.378827176],[706070.72785757,5710104.595595421],[706064.1175314954,5710113.175146328],[706075.3038302443,5710122.034393392],[706071.8489361409,5710128.144082907],[706056.3759263298,5710178.373046355],[706055.162225699,5710191.856156245],[706052.6313334624,5710243.676971582],[706054.9824008036,5710266.400072133],[706056.642180655,5710282.4283518875],[706057.144264,5710302.2778950175],[706065.3583752098,5710330.676672619],[706094.1028730806,5710360.032602563],[706137.2084301476,5710393.115673296],[706150.5880713934,5710407.102316299],[706157.4131098328,5710415.43494936],[706183.668544959,5710453.252052468],[706194.3112487745,5710460.755354317],[706200.496334044,5710463.581523842],[706217.3200178994,5710468.886002276],[706235.2550227814,5710472.234212002],[706257.7040491465,5710476.3882911345],[706270.3077298119,5710480.326149422],[706238.7764332142,5710537.148017922],[706236.5832854707,5710541.107097693],[706236.2568030137,5710541.199397747],[706224.0420633776,5710576.301455663],[706229.6509579754,5710578.596306749],[706234.873470364,5710580.121780461],[706291.2076918386,5710596.586046985],[706326.3803594386,5710606.737141823],[706350.9580280219,5710614.566826875],[706337.1405945397,5710652.737141784],[706318.0345260173,5710705.269471486],[706312.2684877662,5710722.119312592],[706307.9862784432,5710734.395578389],[706354.7204496692,5710742.218216863],[706360.6527973637,5710743.032113715],[706364.377035958,5710740.6975142],[706365.713328621,5710741.062623191],[706419.2154087892,5710749.948669736],[706443.2075460604,5710753.995752936],[706450.7726807094,5710755.267015568],[706456.8910861941,5710756.303717081],[706466.056642239,5710757.845781419],[706486.0732758031,5710761.324435246],[706505.3958562289,5710764.519370305],[706511.0747229109,5710765.533032832],[706524.807481381,5710767.983166264],[706525.6669282566,5710768.138530864],[706546.1746401925,5710771.602262745],[706564.7481782192,5710774.756454554],[706584.1074989324,5710778.032931766],[706604.4205554114,5710781.483671035],[706614.2763181594,5710783.159191975],[706624.0728035804,5710784.817252456],[706634.5646374697,5710786.603907781],[706668.0440685464,5710792.281347916],[706674.1324704983,5710793.316881815],[706677.6640363098,5710793.917567044],[706678.6119907222,5710792.637621413],[706823.2117714493,5710598.375932568],[706914.3339133475,5710762.942905451],[706917.2915119902,5710763.407939487],[706969.3957459353,5710771.60111233],[707048.7106192033,5710784.078428373],[707147.0988552683,5710798.874654102],[707289.5520495931,5710820.928692807],[707289.6336441336,5710820.941265013],[707292.1586234858,5710821.332286972],[707292.8437818405,5710818.934657415],[707293.7318438722,5710816.034850019],[707289.3512661842,5710812.428093836],[707286.8040164931,5710704.664237645],[707359.8791669928,5710715.678068314],[707374.1517370734,5710717.829178285],[707394.7461356197,5710720.933329501],[707415.463152438,5710724.055340775],[707458.2848589682,5710730.511404562],[707458.2347381735,5710729.047919299],[707457.8170154933,5710717.514689695],[707457.8625206668,5710715.286808979],[707457.9311803266,5710711.924018607],[707458.3163696455,5710703.877061884],[707459.315430573,5710695.259680538],[707459.3009346392,5710694.393261908],[707459.6169506636,5710692.179104435],[707460.2727230887,5710687.617356509],[707460.8144674696,5710683.850101671],[707462.1776808965,5710675.628089733],[707462.4992053983,5710674.325191741],[707464.2544853541,5710667.2151048975],[707467.2841376716,5710656.679088698],[707467.8923858234,5710655.027436198],[707470.8401189272,5710646.489987308],[707471.9348452474,5710643.998636138],[707474.0567324592,5710639.151356849],[707474.1466288001,5710638.970479373],[707477.4019377467,5710631.71469094],[707482.7327992456,5710621.813565672],[707484.8849659816,5710618.414539234],[707488.5766653212,5710612.584195011],[707490.0604912972,5710610.207715118],[707493.0328783498,5710605.459959164],[707496.1772779522,5710601.386099857],[707497.6050315755,5710599.536577081],[707504.5477813898,5710591.213094618],[707505.9931993728,5710589.650827138],[707511.0051626745,5710584.230998878],[707514.1198292673,5710580.895401083],[707517.154720519,5710578.042044949],[707517.4159842798,5710577.792684513],[707522.7086777083,5710572.74513098],[707523.519583085,5710571.972013586],[707531.6902722572,5710565.435555997],[707533.6387770957,5710564.054051534],[707540.8705132678,5710558.935498741],[707547.014404232,5710554.593060498],[707552.1129185178,5710551.45399878],[707553.037658118,5710552.844613065],[707553.8099630396,5710554.005981519],[707562.6041212899,5710548.255838783],[707566.2346477052,5710545.887318155],[707569.0786355862,5710544.027033453],[707579.0036855359,5710537.547566659],[707591.2637992717,5710529.537251839],[707603.9762461076,5710521.235193476],[707617.6865177843,5710512.2783855535],[707641.5378651331,5710496.700736143],[707652.5888502342,5710489.483245374],[707577.6653606377,5710376.104743794],[707496.5794119178,5710254.528105983],[707475.3693251372,5710222.8043799605],[707414.6949855088,5710133.051332666],[707401.8804905347,5710110.109494913],[707404.2537693057,5710110.721127469],[707415.1639917926,5710113.168354288],[707602.5845025639,5710143.877082145],[707731.3784984921,5710164.176277634],[707827.5337579348,5710178.820581982],[707828.2851612894,5710178.935101087],[707938.2851797066,5710195.684354636]]]}},{"type":"Feature","properties":{"briefwbz":"90011","gid":23,"ogr_style":"","booth_id":"090011","municipality_id":"15002000","voting_mode":"B"},"geometry":{"type":"Polygon","coordinates":[[[705632.1845342712,5711606.144859366],[705669.0602274196,5711614.57789617],[705791.3179050225,5711181.651986993],[705804.9988574097,5711132.374353877],[705814.8106812502,5711097.032964804],[705832.640333189,5711016.187088237],[705847.9162993345,5710912.209025271],[705888.0963392133,5710591.554080364],[705896.991632597,5710534.461863675],[705902.3281845608,5710498.065777419],[705906.4310561644,5710474.056012253],[705910.2134767743,5710453.951822381],[705918.4705611434,5710417.245122926],[705921.8759728647,5710403.771768165],[705928.1609575829,5710382.346502451],[705924.7859840307,5710380.353269334],[705884.713510431,5710356.688187773],[705860.7369084551,5710367.715334207],[705835.6146117578,5710370.187422857],[705798.1226295715,5710369.152688209],[705767.1937194254,5710378.894559034],[705751.7213999525,5710402.281007534],[705709.3553186551,5710373.516476519],[705686.4793051103,5710406.616235148],[705636.429127421,5710370.028329451],[705590.0954096426,5710377.132622246],[705576.9222466088,5710381.100980037],[705565.2947596038,5710396.137001921],[705564.853779199,5710396.95192223],[705559.9068875166,5710393.734174107],[705558.0951867522,5710392.513749837],[705543.9825766282,5710382.976328686],[705536.1177613282,5710377.66398948],[705522.5447456666,5710369.369837903],[705518.6721570229,5710366.41334366],[705514.1711014558,5710358.891711076],[705511.5019074619,5710354.432928133],[705508.2554033744,5710349.009932852],[705504.5054882573,5710342.4550005235],[705501.5555540121,5710339.456258807],[705498.0712246506,5710335.923085248],[705492.0706472357,5710329.8383844765],[705488.7840448777,5710326.50558238],[705485.4555831889,5710318.826836221],[705480.1662655118,5710319.9060992645],[705466.3065070861,5710326.088666597],[705452.8928119782,5710293.430488392],[705434.6732448379,5710249.646568087],[705421.8631700557,5710269.136598151],[705403.4104322359,5710291.903891125],[705358.3349724843,5710317.081539669],[705348.4130116397,5710327.182372689],[705316.8794292638,5710339.402232334],[705299.7078759237,5710343.2001668075],[705255.9132853607,5710349.415039304],[705238.9465158894,5710348.216059001],[705221.5347353442,5710333.491710958],[705216.5890458822,5710319.775565872],[705181.6057632952,5710306.3300659675],[705062.2939218488,5710518.64324007],[704998.5634508543,5710669.17209082],[704961.9534514588,5710805.300116978],[704954.4088802421,5710891.572911527],[704938.0202196254,5710912.921991629],[704903.1993319478,5710956.535980383],[704852.2292615902,5711040.027464882],[704786.7539474728,5711135.437528244],[704725.6365304973,5711234.522415625],[704698.2227168055,5711304.969912593],[704689.3068528973,5711363.656599195],[704698.5096989912,5711456.621630278],[704719.4978652179,5711530.551380361],[704747.3007446663,5711609.269389954],[704754.1627720972,5711698.132799676],[704740.9710891108,5711775.665734069],[704794.4641638817,5711728.315438024],[704800.3137912236,5711711.870017063],[704822.1855643305,5711650.378823824],[704835.4616465427,5711609.079341383],[704847.4288282505,5711571.837239987],[704866.3260741065,5711543.083025405],[704887.462390892,5711510.918309527],[704908.9374532767,5711485.629655199],[704943.73080736,5711444.660083174],[704957.866928426,5711417.213358129],[704961.1401329413,5711386.321749967],[704969.5374925612,5711364.644939368],[704975.4610708164,5711354.374103757],[704992.8336912781,5711333.568582973],[705016.799858986,5711310.530675689],[705069.9900349202,5711326.489155581],[705154.7414258905,5711352.212053186],[705199.172202863,5711362.422006743],[705208.4112200353,5711324.39637097],[705260.9688028157,5711344.625442811],[705231.0331259635,5711488.12360323],[705214.7657982344,5711561.875001223],[705259.1427426195,5711577.599378605],[705289.7680034726,5711596.070056067],[705290.09171264,5711596.248858121],[705282.9296297835,5711608.634038501],[705276.8395126843,5711619.90453939],[705295.6376911898,5711629.713231333],[705303.8985476012,5711633.789016227],[705294.120275125,5711650.717780413],[705388.2349015984,5711711.135032886],[705402.9122688386,5711719.245296955],[705493.190275349,5711702.430408786],[705509.1304400463,5711631.015038797],[705521.0095375886,5711580.204652862],[705632.1845342712,5711606.144859366]]]}},{"type":"Feature","properties":{"briefwbz":"90012","gid":24,"ogr_style":"","booth_id":"090012","municipality_id":"15002000","voting_mode":"B"},"geometry":{"type":"Polygon","coordinates":[[[707350.6939951772,5712226.637456561],[707342.2760772611,5712107.572819957],[707337.3116082267,5712024.73460269],[707337.5389799884,5711989.670189287],[707334.7495576566,5711966.7788195945],[707329.2791173108,5711942.506216331],[707324.5189582016,5711921.415813787],[707313.4753986916,5711881.5948346155],[707296.9409659053,5711827.149789054],[707282.4369674303,5711781.281210286],[707254.2013587735,5711724.3941741465],[707239.7607907075,5711692.716854464],[707236.3233666043,5711686.960447841],[707205.8693628901,5711634.183494003],[707198.2042184183,5711620.899591945],[707182.7473448226,5711591.91320511],[707183.2678103347,5711583.131106924],[707185.9711896002,5711537.728204523],[707186.311358571,5711532.852508074],[707188.675665317,5711498.8867105665],[707195.5003845366,5711378.030156353],[707195.7957650028,5711372.7822097875],[707196.0078910292,5711369.2807608945],[707085.6536265166,5711362.3687844],[707089.3779446098,5711295.953978491],[707095.1004098632,5711193.09243524],[707090.6955501938,5711080.804591646],[707094.2926830993,5711005.379694083],[707092.8606312466,5711005.55719981],[707000.220096692,5711017.033870235],[706989.4447732817,5710962.544144541],[706987.6228788008,5710945.950305144],[706986.1963649011,5710895.340236739],[706928.9801793434,5710789.394139596],[706914.3339133475,5710762.942905451],[706823.2117714493,5710598.375932568],[706678.6119907222,5710792.637621413],[706677.6640363098,5710793.917567044],[706674.1324704983,5710793.316881815],[706668.0440685464,5710792.281347916],[706634.5646374697,5710786.603907781],[706624.0728035804,5710784.817252456],[706614.2763181594,5710783.159191975],[706604.4205554114,5710781.483671035],[706584.1074989324,5710778.032931766],[706564.7481782192,5710774.756454554],[706546.1746401925,5710771.602262745],[706525.6669282566,5710768.138530864],[706524.807481381,5710767.983166264],[706511.0747229109,5710765.533032832],[706505.3958562289,5710764.519370305],[706486.0732758031,5710761.324435246],[706466.056642239,5710757.845781419],[706456.8910861941,5710756.303717081],[706450.7726807094,5710755.267015568],[706443.2075460604,5710753.995752936],[706419.2154087892,5710749.948669736],[706365.713328621,5710741.062623191],[706364.377035958,5710740.6975142],[706360.6527973637,5710743.032113715],[706354.7204496692,5710742.218216863],[706307.9862784432,5710734.395578389],[706312.2684877662,5710722.119312592],[706318.0345260173,5710705.269471486],[706337.1405945397,5710652.737141784],[706350.9580280219,5710614.566826875],[706326.3803594386,5710606.737141823],[706291.2076918386,5710596.586046985],[706234.873470364,5710580.121780461],[706229.6509579754,5710578.596306749],[706224.0420633776,5710576.301455663],[706236.2568030137,5710541.199397747],[706236.5832854707,5710541.107097693],[706238.7764332142,5710537.148017922],[706270.3077298119,5710480.326149422],[706257.7040491465,5710476.3882911345],[706235.2550227814,5710472.234212002],[706217.3200178994,5710468.886002276],[706200.496334044,5710463.581523842],[706194.3112487745,5710460.755354317],[706183.668544959,5710453.252052468],[706157.4131098328,5710415.43494936],[706150.5880713934,5710407.102316299],[706137.2084301476,5710393.115673296],[706094.1028730806,5710360.032602563],[706065.3583752098,5710330.676672619],[706057.144264,5710302.2778950175],[706056.642180655,5710282.4283518875],[706054.9824008036,5710266.400072133],[706052.6313334624,5710243.676971582],[706055.162225699,5710191.856156245],[706056.3759263298,5710178.373046355],[706071.8489361409,5710128.144082907],[706075.3038302443,5710122.034393392],[706064.1175314954,5710113.175146328],[706060.1871335217,5710118.27677746],[706050.5064614426,5710131.729127072],[706040.6562926032,5710145.41736999],[706028.2369959475,5710164.258249427],[706018.2483702685,5710180.073890825],[706010.0575258126,5710193.359341662],[705996.4710244006,5710217.409132428],[705983.3585988465,5710241.761472563],[705969.6895991694,5710270.458800376],[705958.4579071542,5710295.617549981],[705948.8605231693,5710320.3429151885],[705938.2342958862,5710349.77554784],[705933.2740706071,5710364.9167639185],[705928.1609575829,5710382.346502451],[705921.8759728647,5710403.771768165],[705918.4705611434,5710417.245122926],[705910.2134767743,5710453.951822381],[705906.4310561644,5710474.056012253],[705902.3281845608,5710498.065777419],[705896.991632597,5710534.461863675],[705888.0963392133,5710591.554080364],[705847.9162993345,5710912.209025271],[705832.640333189,5711016.187088237],[705814.8106812502,5711097.032964804],[705791.3179050225,5711181.651986993],[705637.910770102,5711724.880462076],[705529.0696328214,5712108.788178396],[705416.1678828532,5712494.025682521],[705371.900964977,5712670.37982777],[705309.5309806691,5712934.070193299],[705283.7139652271,5713124.197556167],[705275.913305132,5713302.047775672],[705266.4651083779,5713471.316048614],[705233.3089995921,5713699.838069118],[705234.6315794716,5713700.146978026],[705235.7582600687,5713700.230417059],[705236.6747845707,5713700.292891511],[705246.6197334386,5713700.992824092],[705245.58420693,5713704.738545941],[705245.5479361874,5713705.016498497],[705245.2928840565,5713706.993337616],[705243.4718282181,5713720.953582959],[705239.8400664319,5713748.769172781],[705237.282446098,5713768.418628265],[705232.2753699132,5713806.747476727],[705231.374394974,5713813.721759133],[705279.4384070275,5713817.271395916],[705306.3650266282,5713819.258225096],[705310.12624163,5713821.126603632],[705320.621000332,5713826.283321505],[705324.9857957548,5713828.424690877],[705334.768795073,5713833.223153196],[705339.5901842207,5713835.588288794],[705360.9268656294,5713846.064797624],[705376.5962601725,5713853.756327437],[705370.9188169639,5713897.677794842],[705370.6402255308,5713927.9224307835],[705373.0856860816,5713928.109657578],[705395.7792610561,5713929.885528085],[705427.7709065501,5713932.384467124],[705432.4933225011,5713932.77705438],[705478.7582666345,5713936.582188879],[705511.5284107387,5713939.330446453],[705527.7061289514,5713940.68980443],[705536.4077220832,5713941.419431631],[705563.6078677592,5713943.703115355],[705592.5904067549,5713946.134476089],[705597.5725050991,5713946.550122174],[705625.5309110851,5713916.130864664],[705628.3953780808,5713913.068985053],[705649.4128116816,5713890.618189158],[705658.8371356043,5713880.546944341],[705665.1047224703,5713873.848709249],[705666.175433764,5713874.240574013],[705669.7917450524,5713875.556529434],[705727.9728080293,5713892.258483405],[705784.0058966593,5713908.338223058],[705812.1787839341,5713915.06501402],[705835.6159770665,5713920.665613282],[705859.5941317887,5713926.40675086],[705910.2507381757,5713937.148745295],[705977.3384054174,5713950.347355824],[706018.5632656135,5713958.180925448],[706026.8699742339,5713959.757602141],[706065.0135528728,5713960.19880863],[706074.2314451443,5713960.303804233],[706130.5366223236,5713960.676893203],[706162.0640413638,5713961.324654824],[706201.4593533549,5713961.910517207],[706202.8400262329,5713961.936139217],[706209.5190074453,5713962.619974336],[706215.0787317775,5713963.189698918],[706248.9492250866,5713966.666208502],[706250.9778749663,5713966.873782237],[706311.2923619286,5713973.056392604],[706348.6942459352,5713975.230816142],[706457.0710954687,5713981.528789468],[706516.6514075627,5713984.725259917],[706587.7275471014,5713988.809526764],[706611.4469909248,5713990.714321667],[706687.8051031629,5713996.834900641],[706717.823936936,5713999.445468963],[706753.1650042869,5714002.808342091],[706803.8964855117,5714007.647650422],[706872.6407570574,5714019.374260393],[706935.3509576635,5714036.79628838],[707025.8574590329,5714067.400662956],[707033.713813134,5714072.3869093945],[707106.9147654744,5714096.735591124],[707115.2713452069,5714099.512867788],[707131.3906075341,5714104.875469415],[707203.2350136747,5714127.621973094],[707228.5791497196,5714135.642373501],[707301.6406657049,5714157.786850234],[707338.253425196,5714165.120757738],[707344.5414571448,5714165.9501523245],[707365.8396751941,5714168.743196455],[707367.2775607805,5714165.790085611],[707379.6742647255,5714140.340028976],[707384.7061041482,5714130.007743316],[707387.4393143145,5714124.393992252],[707396.8235364521,5714128.921328172],[707439.433335074,5714149.474589776],[707529.925865542,5714193.13865053],[707601.597292585,5714227.367236799],[707654.443612857,5714253.7745150905],[707699.8260956772,5714277.279802013],[707729.823052373,5714296.944618406],[707735.984562278,5714300.983904358],[707746.3203922383,5714307.885936741],[707787.174268318,5714335.1730378615],[707843.8260571971,5714363.538021994],[707910.6834750313,5714393.95849672],[707922.2984022254,5714399.35488609],[707929.7237085807,5714402.572457609],[707948.4000739462,5714415.540699579],[707974.876469518,5714438.203095661],[707981.3027915286,5714443.566722664],[707986.8426398603,5714450.530622876],[708006.0080632418,5714473.898971648],[708022.477481358,5714494.058657332],[708029.8186862245,5714501.641996526],[708061.4446082724,5714536.267097756],[708063.8320481495,5714532.606437196],[708081.1685500257,5714506.026568601],[708103.5980958417,5714470.346656695],[708122.959648995,5714439.545671089],[708142.5446359834,5714400.615972583],[708147.6449083782,5714390.48526105],[708167.4696524702,5714343.762861353],[708183.5647153235,5714305.84601236],[708188.6623840403,5714293.828415414],[708193.027906147,5714283.552444723],[708213.5726639589,5714235.137874241],[708228.8863643309,5714199.06582021],[708253.2444294984,5714149.07606373],[708263.3984874988,5714130.06899051],[708286.3785985842,5714087.069469142],[708311.9091722085,5714048.508813146],[708320.2647852465,5714037.83603047],[708335.3270595229,5714021.427640727],[708337.7910328516,5714019.07141841],[708390.9067002381,5714066.655056525],[708405.5820465982,5714079.79940064],[708423.5253705031,5714095.875608236],[708430.8821964493,5714102.46863769],[708436.2911017947,5714110.428078258],[708442.3987730138,5714107.946090915],[708436.4032560182,5714103.06054914],[708446.6412382445,5714102.985209382],[708671.0153538538,5714017.696158836],[708712.5908625277,5714001.104553405],[708715.0585285967,5714003.9034418315],[708763.9595010724,5713984.669520483],[708773.5466559632,5713985.4533355525],[708858.0370311205,5714199.655069755],[708867.4936575142,5714223.6210301975],[708868.8736578377,5714227.191083069],[708874.4112504416,5714241.161718128],[708907.2602256787,5714324.529417148],[708907.8483994892,5714325.929891287],[708912.9480759939,5714323.951439586],[708913.1567972063,5714323.870501672],[708913.8801860027,5714323.589889228],[708918.3456114499,5714321.856301949],[708920.5955489901,5714320.983647492],[708920.9218535936,5714320.857132009],[708927.1338842929,5714318.448280562],[708940.1150290371,5714313.360551758],[709008.0649502826,5714287.045790862],[709061.4902754816,5714266.35101786],[709065.6656041578,5714264.735593198],[709156.1721263997,5714229.6470321985],[709254.4502480654,5714191.534145113],[709249.9444163588,5714186.934969953],[709249.2941929606,5714187.168549469],[709214.4744121071,5714113.649497902],[709213.7446249693,5714111.797770339],[709181.2718521138,5714030.722659331],[709167.6373246813,5713991.360398539],[709153.2800968823,5713949.85143798],[709126.7230790791,5713864.749973543],[709115.3378349915,5713828.262771372],[709112.5939075004,5713819.146425326],[709109.1117113235,5713807.652470895],[709101.2308857376,5713783.581018677],[709076.9210054746,5713709.212097996],[709057.3365625963,5713649.33609345],[709043.937090263,5713606.440050036],[709030.3508746496,5713573.58120493],[709018.8776427889,5713545.823889739],[709007.5315505044,5713518.382093985],[708971.9338331552,5713424.786906889],[708963.0981073779,5713401.542137078],[708936.2782379398,5713331.014161524],[708917.5204283873,5713276.727542914],[708895.5155635542,5713216.191716604],[708892.6111664072,5713208.545214908],[708818.7473147908,5713023.928216423],[708800.9623200193,5712975.692354778],[708781.1753632784,5712922.026397923],[708781.0375297922,5712921.652770736],[708775.1112260506,5712905.5796762705],[708770.0887965721,5712874.00656253],[708769.9875859532,5712873.3702046685],[708769.5769978992,5712870.789102719],[708770.0973014117,5712869.778993895],[708770.5587122573,5712868.886458116],[708773.0891968156,5712863.97241685],[708775.2688511361,5712859.739479665],[708786.4905899299,5712853.082779273],[708788.583333245,5712852.479378259],[708796.6028794898,5712850.16285219],[708852.8075708635,5712833.931192665],[708870.7852582377,5712831.83685252],[708902.6814359911,5712820.936325747],[708936.2280349854,5712809.469718415],[708935.7998356601,5712805.07387464],[708933.9621294735,5712737.250319493],[708935.7718081663,5712719.029157523],[708936.6946256473,5712703.348572602],[708938.0982080762,5712679.732601429],[708938.7426475219,5712661.606224027],[708946.5428443063,5712649.797664491],[708952.2483140493,5712647.417218721],[708951.3715279362,5712633.066319208],[708952.2487009527,5712647.418212106],[708958.1262189883,5712644.973589074],[708975.4321397308,5712642.555604026],[708985.5307780951,5712640.632653718],[708997.2214020638,5712643.699848653],[709003.6831740784,5712644.370150369],[709004.4602306734,5712644.450663802],[709055.634721079,5712649.76004837],[709095.4093428304,5712653.884393252],[709129.7867584871,5712656.591185817],[709209.382035715,5712661.278307903],[709232.653493919,5712662.648507377],[709236.1485531889,5712662.851964072],[709240.5721252341,5712663.113556262],[709246.9333435962,5712663.2344033],[709301.7737094047,5712664.283298945],[709303.6517667865,5712664.375384092],[709329.6579392485,5712662.889934891],[709339.9710299692,5712662.572365505],[709374.0976850862,5712661.390036789],[709424.3513636256,5712659.688249422],[709435.516908864,5712659.330570024],[709437.6623172725,5712659.248446597],[709449.4136359405,5712659.495383457],[709492.267917447,5712660.287707639],[709494.9083190754,5712660.340995837],[709496.4167891629,5712660.412907199],[709500.8108726821,5712660.418036086],[709516.3906949714,5712660.426650091],[709539.5524728537,5712660.446067974],[709568.5913829785,5712662.383242931],[709582.3470535972,5712663.302958649],[709617.4650696148,5712665.649747573],[709624.3929920731,5712666.109155754],[709673.4829705457,5712671.546616605],[709697.6198835056,5712673.537920402],[709721.623746769,5712676.209431642],[709737.9800405666,5712678.031671128],[709773.4779763892,5712682.340896307],[709796.1037789148,5712685.056002193],[709809.3361187006,5712686.654943503],[709819.1353739274,5712687.882821578],[709826.4221741608,5712688.622167697],[709871.2325920879,5712693.338533428],[709871.1161813578,5712690.320868651],[709870.9985897272,5712686.477276358],[709869.0166974666,5712644.269835204],[709868.3759582631,5712630.610248911],[709863.7276745933,5712580.445787071],[709858.1079092929,5712519.8012909815],[709852.2756888638,5712454.698734401],[709850.1034296278,5712431.036564016],[709846.330058034,5712389.065992459],[709844.1176592001,5712364.431259147],[709842.1857471635,5712334.057429452],[709838.3385285663,5712273.635844376],[709837.8485649498,5712265.938209241],[709835.7786762991,5712233.436656214],[709831.5989152726,5712186.975024115],[709828.0471640686,5712147.531025917],[709817.5920604356,5712074.4562193435],[709795.020556955,5711948.303026318],[709794.4891540507,5711945.31874136],[709794.4338277419,5711945.008370803],[709794.048451524,5711942.8428810835],[709792.4383294098,5711938.824361712],[709792.0709696217,5711937.908448616],[709791.7689676569,5711937.153696623],[709791.4061303443,5711936.248171893],[709765.1494079175,5711782.196804429],[709764.5323155085,5711778.572947904],[709757.0838685317,5711738.7088491535],[709746.7464062872,5711683.38119529],[709743.8824639267,5711667.183024466],[709725.5427008762,5711563.530355074],[709724.466704145,5711557.430322748],[709851.4409007172,5711529.481959954],[709907.6528226557,5711514.426074335],[709983.8332997274,5711485.239711369],[709983.5640623078,5711481.5550978165],[709983.0936001411,5711475.0895035025],[709982.603377545,5711467.762273038],[709978.9573056079,5711415.241576325],[709977.3263716239,5711403.878611114],[709985.4000746069,5711322.8504420025],[710000.4080937209,5711304.467525501],[710012.0569107982,5711298.063672716],[710022.4438771346,5711289.355856219],[710030.9214407,5711284.493584963],[710034.8100855534,5711282.911416321],[710075.1536719357,5711266.949171694],[710067.9971685905,5711220.940974715],[710045.9145408351,5711076.635086752],[710034.4194482688,5711001.8159379475],[710034.2945460582,5711001.001858116],[710034.2039915895,5711000.412366561],[710031.686664718,5710984.006567704],[710033.6073691517,5710979.910688288],[710034.5685220532,5710977.8611012865],[710034.8403366483,5710977.281647971],[710036.2992533805,5710974.1710406635],[710078.7124698091,5710950.398348832],[710081.8852543826,5710948.619835961],[710093.9343389518,5710941.866420926],[710122.0388186665,5710922.784498852],[710175.8558603884,5710884.2423395],[710232.468290651,5710863.692220077],[710231.7410267248,5710860.924726904],[710231.0394892287,5710858.383484707],[710229.5299321442,5710848.697167267],[710214.63378212,5710719.160164234],[710209.5536008427,5710684.758334706],[710196.3457148323,5710635.463969254],[710195.99908376,5710627.076519195],[710193.3525493506,5710562.750255957],[710188.4577052081,5710521.754618015],[710190.1128670026,5710481.40301985],[710192.6991115835,5710443.121627028],[710194.4414760672,5710437.857866564],[710195.6849080166,5710432.313376703],[710199.7800894447,5710404.098645052],[710200.0390522873,5710403.763959143],[710204.2916461822,5710398.067605283],[710175.9133402128,5710380.003287737],[710171.8019641126,5710377.386272438],[710115.0912644222,5710341.286907954],[710104.5645675169,5710334.488925875],[710066.1832478035,5710309.8121055905],[710034.7337202864,5710290.139130121],[710005.0552878017,5710271.579922532],[709975.4764553376,5710249.371155285],[709949.7452109745,5710229.997872727],[709944.1211165072,5710226.058553491],[709926.5676742174,5710213.767277266],[709905.7984640031,5710199.222037258],[709894.8057630293,5710192.314841044],[709857.9260436159,5710169.100994853],[709838.3366693237,5710156.661155834],[709809.1250002412,5710138.221571213],[709807.2917876884,5710137.064330502],[709788.6289439744,5710125.2837118935],[709788.6645751325,5710124.927402743],[709788.6875309407,5710124.646270039],[709628.0015391241,5710071.807256511],[709571.6518764545,5710054.479367541],[709559.5342651893,5710044.9711956745],[709558.6282107045,5710030.420513144],[709541.3179890204,5710027.862342049],[709469.5779921191,5710017.259991334],[709385.6824693296,5709995.001800964],[709346.1082041566,5709984.502257554],[709157.1707457871,5709934.3754197685],[709046.7980887587,5709904.324249628],[709002.0758533471,5709892.039557123],[709014.0961735579,5709971.480247967],[709016.206199979,5709985.42063462],[709037.9826270489,5710129.213543948],[709011.4225852342,5710132.733597118],[708940.6289987769,5710142.126852803],[708859.9688960676,5710152.17637443],[708807.8816233603,5710162.346905341],[708800.1398523041,5710120.5115020815],[708791.546144967,5710124.082988936],[708712.7202588966,5710142.36848318],[708616.3224652149,5710161.938946312],[708645.8362940649,5710247.727492276],[708675.477189401,5710367.056707336],[708681.2614010329,5710396.823986316],[708708.8643611511,5710492.551314368],[708722.460116808,5710588.200991197],[708743.6811660264,5710766.238833696],[708742.2320084438,5710777.190248259],[708565.5816609386,5710764.4417321365],[708545.7041636981,5710762.890479253],[708545.9987187979,5710765.690051732],[708549.030767591,5710795.237944309],[708554.4733429394,5710846.060197259],[708526.834228844,5710844.028163941],[708527.4579834092,5710860.43698794],[708528.0878313354,5710867.409554756],[708537.9119678568,5710956.9739134805],[708542.1185767476,5710995.343442023],[708549.2881422634,5711060.675579186],[708554.4090141187,5711107.380694656],[708558.0337018956,5711140.416222828],[708560.8778705477,5711166.367919931],[708566.8238942635,5711220.654180962],[708572.9907846552,5711276.996533503],[708581.5866060918,5711355.5048326915],[708583.3371049858,5711371.48267908],[708585.1287495892,5711387.866352854],[708585.6533428655,5711392.647489685],[708585.9762265477,5711395.590228567],[708584.2486229524,5711395.315710372],[708552.4336143389,5711390.011081356],[708468.9038028542,5711376.573337707],[708396.2227905735,5711367.08349451],[707840.7635451161,5711279.735023937],[707858.0871410688,5711345.510676042],[707863.5759763747,5711467.854506588],[707866.8678422468,5711497.513042577],[707874.3573673831,5711522.344756295],[707891.2155989725,5711550.566338392],[707915.9382977263,5711570.09966007],[707944.1334557986,5711578.26151494],[707988.9983499818,5711582.604836409],[708018.7084154864,5711590.325732854],[708029.3418700671,5711611.783673153],[708058.9243563367,5711744.624089935],[708071.5007425526,5711816.21048304],[708080.6154195137,5711911.173018437],[708078.2517707879,5712017.681514999],[708064.0962188145,5712118.700902003],[708029.8580407349,5712294.462824896],[708027.7834016124,5712332.918731126],[708031.4212718838,5712390.6248209365],[708015.5756439043,5712386.465698348],[707806.6011842972,5712319.838465448],[707702.2041496439,5712290.534141842],[707636.2466349212,5712275.811041077],[707558.7533707453,5712261.620885249],[707402.1230072685,5712236.682094823],[707351.2453304757,5712231.663596269],[707351.1383807592,5712230.689601509],[707350.6939951772,5712226.637456561]]]}},{"type":"Feature","properties":{"briefwbz":"90014","gid":25,"ogr_style":"","booth_id":"090014","municipality_id":"15002000","voting_mode":"B"},"geometry":{"type":"Polygon","coordinates":[[[709308.6357127494,5709639.916066574],[709308.0257338561,5709607.304158426],[709308.004350295,5709606.160913159],[709307.97049614,5709601.50190543],[709307.8570105803,5709570.010422637],[709312.5866651993,5709490.57619248],[709316.0614164955,5709440.306149402],[709318.9098297679,5709398.164263276],[709318.6248165283,5709328.522242557],[709322.1426233888,5709289.853061258],[709325.2799971623,5709255.36568558],[709329.2343412195,5709211.897721561],[709331.0799870006,5709168.619386734],[709332.749385041,5709129.473671039],[709336.1456645641,5709049.8337421715],[709350.5144858086,5708983.720520425],[709351.1817036136,5708980.650543037],[709359.6223557799,5708950.872977073],[709370.3605344709,5708912.989999691],[709379.4609963922,5708890.096574223],[709390.1460833768,5708863.216803143],[709408.6212039454,5708825.160787789],[709411.6697829395,5708818.878185086],[709412.6774345955,5708816.802431555],[709414.1161490857,5708814.152577032],[709430.1110290996,5708784.741386833],[709440.5354055008,5708757.089175428],[709447.4640218291,5708729.704006809],[709449.2381699306,5708689.021115081],[709474.5874729352,5708491.049680423],[709547.0410968657,5707925.194928726],[709251.9368484493,5707915.559264263],[709094.5147917103,5707910.638218538],[709094.5597159076,5707909.845099494],[708714.2048022641,5707897.254298278],[708480.7708152498,5707890.185156689],[708569.437286076,5707460.90204159],[708585.8382296634,5707329.444421846],[708619.7268264749,5707132.8688246235],[708646.2517769684,5706994.56023471],[708660.1550157387,5706944.156292913],[708676.1822709569,5706909.812111626],[708698.6315367201,5706871.055128086],[708702.9826119008,5706863.539057587],[708729.9907633688,5706827.347256761],[708774.528074385,5706782.279448226],[708811.7184036305,5706744.635902869],[708846.0123830679,5706709.929108384],[708882.8722196817,5706672.626088722],[708945.654599647,5706609.097603276],[708992.2297265759,5706559.766008166],[709021.2990710202,5706530.707447741],[709047.4802030697,5706504.536191586],[709015.6389402349,5706480.022886236],[708989.7715880169,5706461.4307266],[708964.8236146207,5706445.403984149],[708917.7208152292,5706417.172169983],[708894.8017136278,5706403.917625667],[708858.0416842387,5706381.376131081],[708842.7574733181,5706372.005448369],[708824.0764735219,5706359.135868005],[708807.5279287152,5706347.732247775],[708801.017179121,5706342.639848845],[708790.6073355407,5706334.493803522],[708782.3458816204,5706328.025572802],[708778.3978564583,5706324.801910965],[708767.6242474035,5706315.982540481],[708755.9318604979,5706305.343137602],[708743.8561420671,5706294.352673774],[708735.3922563433,5706284.944902267],[708725.4190806735,5706273.872934519],[708718.1788613884,5706265.819572854],[708709.7264048574,5706254.46843432],[708700.5680470522,5706242.150559362],[708693.9168983562,5706232.152463245],[708692.6256983607,5706230.168275944],[708684.2137465477,5706217.222589875],[708678.6129822738,5706207.05036727],[708671.0988087319,5706193.408784801],[708664.2151667583,5706179.0852142535],[708658.1958290885,5706166.548346277],[708651.3250586428,5706149.182137022],[708644.7186976039,5706132.485182084],[708638.8557077997,5706115.377480562],[708629.8249828373,5706096.165409304],[708622.2336229861,5706080.01171108],[708618.6024863662,5706074.211566464],[708609.1142533633,5706059.035876787],[708599.9809069475,5706044.446091184],[708588.7305639308,5706031.048955921],[708578.1723056338,5706018.493603812],[708571.2152057954,5706011.8676021695],[708554.7723285581,5705996.214424932],[708534.8298262985,5705980.187762126],[708515.3978123642,5705966.709866197],[708489.6923406313,5705953.403245286],[708463.92611189,5705940.069088394],[708436.268538308,5705925.757114507],[708390.0390279795,5705977.115015164],[708260.9267156274,5706134.071541745],[708259.4100607554,5706135.922223579],[708239.5452976276,5706071.042539381],[708172.623492322,5706140.872344046],[708135.2181940391,5706174.370862871],[708102.3070980336,5706183.529575347],[708082.2636978407,5706184.210723105],[708064.9170945995,5706179.996988264],[708035.2377135076,5706159.261406623],[708024.665194337,5706221.8868674915],[708009.3349137855,5706278.318438869],[707984.6875195024,5706342.366527264],[707946.3441300658,5706410.864951874],[707899.905594959,5706433.243291997],[707877.7176722308,5706464.111473033],[707789.5007644256,5706561.666074065],[707725.8967088801,5706633.7367519],[707703.4136107131,5706652.414483957],[707675.9023960045,5706659.527711542],[707608.0752543389,5706653.740933647],[707561.1256336326,5706651.31942375],[707531.3489009689,5706669.617401475],[707550.1384703075,5706687.403704978],[707478.1169105427,5706820.57969057],[707463.197820565,5706830.475743451],[707410.4415354216,5706920.907438056],[707312.978121741,5707088.574824984],[707285.2139154627,5707094.441795274],[707211.1500102176,5707106.421359844],[707206.9233032254,5707202.478350683],[707210.6773750322,5707240.0277684005],[707221.3022614298,5707260.59634292],[707228.5650012215,5707271.919984632],[707238.5180736716,5707279.432075948],[707247.4132410655,5707284.747965654],[707255.6594887277,5707288.329002773],[707272.6356932161,5707294.566582744],[707291.4262877214,5707295.520012185],[707302.1367906516,5707296.833968498],[707301.8757480618,5707298.3177441],[707268.3898625611,5707468.111496113],[707257.0320878918,5707549.726466909],[707243.6172663012,5707657.278128243],[707228.6496024313,5707814.81439333],[707208.681681555,5707813.498737661],[707201.0055482981,5707915.280515524],[707208.7287128499,5708044.22364137],[707213.6681210926,5708143.516853496],[707214.3944126415,5708199.10321141],[707208.9350525262,5708258.938656585],[707192.8428603122,5708517.0284974305],[707180.5655477487,5708523.530171171],[707347.9688610756,5708529.89218462],[707379.4655651716,5708530.686937012],[707457.4162624767,5708534.659952982],[707473.4911497089,5708536.591562746],[707481.9753523563,5708537.665160733],[707485.8744698873,5708538.158813796],[707504.0308736857,5708541.021996453],[707514.0893157404,5708541.744773917],[707521.1948577795,5708542.255610802],[707538.3911930412,5708542.695902497],[707549.0211985282,5708541.807549349],[707554.6221336797,5708541.5403576195],[707555.915846629,5708543.130291245],[707557.4975895123,5708545.076973237],[707560.0073638164,5708548.192806608],[707562.9713448088,5708551.827748397],[707568.1516933374,5708557.92085041],[707578.3945295451,5708570.052186114],[707584.4517663475,5708577.0971092535],[707590.0767660716,5708583.453678492],[707595.080072602,5708589.104104966],[707605.5910024979,5708600.555770424],[707611.6916028053,5708607.031916825],[707618.601573455,5708614.258987409],[707624.5912949918,5708620.5234178575],[707638.6650820404,5708634.673642668],[707654.633452572,5708650.2228449555],[707674.3789240733,5708668.859764181],[707691.9253927745,5708685.224412126],[707706.7628782925,5708698.815430171],[707735.1102108418,5708725.653440974],[707785.3770567273,5708772.567307275],[707817.9116151645,5708802.99960798],[707831.6538502509,5708818.465181442],[707850.4539606983,5708833.24205224],[707872.2961497112,5708853.7166848695],[707898.2070036203,5708877.981669897],[707926.9962901811,5708905.037329768],[707955.690517991,5708932.459390651],[707978.6746559816,5708954.622476542],[707999.4545697613,5708974.883424294],[708033.1965608967,5709007.847686995],[708043.2622466872,5709017.709615974],[708054.4228112128,5709028.697509027],[708077.7317383264,5709051.484512383],[708095.23829262,5709068.578277545],[708111.2237411542,5709084.198326858],[708127.0242430592,5709099.690621571],[708146.6297265948,5709118.812415096],[708166.7302728693,5709138.555010521],[708182.6815102801,5709154.033518115],[708194.3612377173,5709165.543202174],[708218.6649752781,5709189.21181553],[708238.3242681267,5709208.485942279],[708252.6736194676,5709222.507466133],[708256.7257260148,5709226.457276993],[708259.8357843099,5709229.502258897],[708260.6472214563,5709230.296649342],[708261.7204339053,5709231.3416316295],[708262.7934412407,5709232.391615244],[708263.8664485762,5709233.441598867],[708264.7615566317,5709234.314139089],[708265.4735614797,5709235.013971109],[708266.368525413,5709235.891515164],[708267.2346511537,5709236.737818151],[708272.3908116134,5709241.780552863],[708273.0399946129,5709245.486943434],[708278.455853557,5709308.768198383],[708271.4345209042,5709370.036334638],[708258.1222279888,5709414.036847024],[708235.6094063437,5709462.659045363],[708200.7509674218,5709519.289290888],[708161.9783139287,5709561.736029616],[708132.8303229795,5709589.0705703385],[708076.7865943727,5709625.313014884],[708017.724205059,5709649.911534084],[707963.1663382368,5709662.187291001],[707924.4915298156,5709665.606516424],[707884.4799142596,5709664.971447324],[707840.7157214801,5709658.1710546035],[707802.1533366267,5709646.578573993],[707767.1905036573,5709632.630950145],[707740.7823244059,5709617.537509037],[707708.1702182029,5709595.178104669],[707681.2135742456,5709630.104432421],[707849.9148400791,5709690.077974298],[707942.6355480799,5709711.393729555],[708100.2335797171,5709724.868879132],[708167.2061084209,5709727.11267575],[708334.7167749754,5709742.9941458],[708507.8948622792,5709767.113271482],[708679.0462604766,5709804.159719599],[708935.441187346,5709873.7356165275],[709002.0758533471,5709892.039557123],[709046.7980887587,5709904.324249628],[709157.1707457871,5709934.3754197685],[709346.1082041566,5709984.502257554],[709343.1690010494,5709965.308296571],[709336.3511715708,5709920.785680826],[709333.2284989501,5709900.393648518],[709332.1843056357,5709893.524354746],[709327.0764975611,5709855.683333952],[709323.6819257817,5709830.534796001],[709320.0711181129,5709803.784310606],[709319.4493814206,5709799.178208654],[709318.7784139845,5709792.009865632],[709316.3990549622,5709766.589785015],[709312.0833993215,5709720.483208779],[709309.2947650191,5709670.860692671],[709308.6357127494,5709639.916066574]]]}},{"type":"Feature","properties":{"briefwbz":"90016","gid":26,"ogr_style":"","booth_id":"090016","municipality_id":"15002000","voting_mode":"B"},"geometry":{"type":"Polygon","coordinates":[[[707929.864742754,5706026.035024963],[707929.9371281208,5705977.765608046],[707929.821750032,5705861.660142038],[707675.9712077255,5705827.729129397],[707644.9453435591,5705815.44645266],[707645.9293784244,5705608.288075278],[707646.6861140308,5705579.826451638],[707647.4042551084,5705552.915766107],[707629.0266007453,5705552.348806105],[707624.3253682454,5705552.199525656],[707569.2224064702,5705550.518203932],[707569.2196112121,5705550.58639239],[707383.8152389616,5705519.4678721465],[707258.487324701,5705512.324354723],[707043.6183498313,5705504.019357581],[706563.4411478981,5705484.838636499],[706356.1364240949,5705475.334430198],[706352.49901676,5705496.958340309],[706342.1230086276,5705558.585374106],[706341.5804462892,5705561.823635689],[706332.750741513,5705610.118614201],[706311.2546524168,5705727.740482759],[706306.6654027894,5705753.032949559],[706284.1031479591,5705877.268631419],[706283.4842800364,5705880.248941997],[706281.2258708596,5705898.675282928],[706280.022900625,5705903.631362543],[706268.7398355559,5705969.401128139],[706308.2014690094,5705971.594664249],[706306.7815786009,5706006.230043003],[706416.2616606174,5706010.188557786],[706418.8629846129,5705946.734392892],[706450.7614741325,5705948.2964462815],[706451.2693435552,5705938.175314322],[706600.1842384037,5705943.776993791],[706607.3003635108,5705941.069265961],[706649.2728992011,5705942.789935741],[706650.9881364505,5705925.341090907],[706712.4406581183,5705927.860340513],[706712.7888574774,5705919.366645984],[706742.7095272008,5705922.096088536],[706740.8909115953,5705978.578114008],[706814.8011079582,5705982.607885784],[706818.1343992059,5705925.691241122],[706845.5507349042,5705928.311788549],[706845.939857531,5705918.819844702],[706915.2876731295,5705924.165526923],[706916.4042574776,5705909.194883286],[707030.1966539187,5705916.865737001],[707141.9517205739,5705925.4525715355],[707140.9686194364,5705949.433507296],[707164.2962066357,5705952.001604188],[707197.584469532,5705954.111870896],[707203.113966014,5705954.366310333],[707208.7511528761,5705954.6257051425],[707212.470654234,5705954.65517166],[707235.8386735558,5705954.8255703235],[707229.6937164644,5706104.718714722],[707224.0255470908,5706218.593233859],[707219.1864181065,5706299.972373912],[707218.3054422304,5706321.461149901],[707210.8506374436,5706466.791853314],[707205.4009993381,5706575.17302306],[707349.8773060351,5706603.620725047],[707381.210382655,5706608.407910162],[707542.0699343384,5706640.0241980115],[707561.1256336326,5706651.31942375],[707608.0752543389,5706653.740933647],[707675.9023960045,5706659.527711542],[707703.4136107131,5706652.414483957],[707725.8967088801,5706633.7367519],[707789.5007644256,5706561.666074065],[707877.7176722308,5706464.111473033],[707899.905594959,5706433.243291997],[707946.3441300658,5706410.864951874],[707984.6875195024,5706342.366527264],[708009.3349137855,5706278.318438869],[708024.665194337,5706221.8868674915],[708035.2377135076,5706159.261406623],[708011.6351034001,5706136.775223162],[707988.6416745138,5706123.821848877],[707962.5622663575,5706125.249244616],[707941.0251964594,5706134.333747599],[707929.7299399615,5706119.307629586],[707929.7883915899,5706076.676501665],[707929.8202539695,5706057.724164808],[707929.864742754,5706026.035024963]]]}},{"type":"Feature","properties":{"briefwbz":"90017","gid":27,"ogr_style":"","booth_id":"090017","municipality_id":"15002000","voting_mode":"B"},"geometry":{"type":"Polygon","coordinates":[[[705294.1767530178,5705095.483545301],[705290.2142582514,5705082.310947688],[705288.9187835508,5705077.25229293],[705223.4421817055,5704855.361868565],[705205.436546896,5704794.062066255],[705146.3536330975,5704567.589280407],[705139.1674733417,5704569.306654178],[705065.3396834291,5704585.625926647],[704988.6758187445,5704600.002438315],[704947.2164319557,5704610.313693286],[705018.9748179192,5704825.456382557],[704980.8890823869,5704838.911353201],[704988.9776133047,5704861.2641651975],[705014.105926498,5704919.850021399],[704936.8687480139,5704948.212957291],[704846.2950501832,5704984.537333573],[704749.5211846797,5705025.612882385],[704890.5239885489,5705248.599262799],[704914.0138275293,5705286.096630757],[705008.616335209,5705420.096071945],[705108.0827362436,5705423.17371705],[705111.5793940731,5705423.317053728],[705223.9585248837,5705428.923483956],[705237.2428547413,5705593.124825098],[705335.1332685407,5705598.137412311],[705366.0867213681,5705599.909402031],[705370.0856427519,5705600.073331362],[705419.0717703525,5705601.5783356605],[705423.5461416511,5705602.264858549],[705561.970326244,5705607.436234582],[705640.9731918259,5705609.178229238],[705645.9701733416,5705609.383072665],[705720.8720334518,5705613.453534101],[705809.6335275637,5705609.080935446],[705800.709984405,5705452.169267611],[705800.6185324566,5705450.562550044],[705800.3069268299,5705446.047498176],[705787.2924470664,5705201.782442],[705786.9809077508,5705197.261162266],[705786.642372442,5705193.247928308],[705776.5116264606,5705013.159375252],[705774.4887789823,5705013.5733305095],[705689.6443603776,5705020.106223724],[705653.0277520875,5705022.107836908],[705651.0047728452,5705022.52801788],[705614.7264552389,5705028.549081405],[705542.2251147334,5705039.090694078],[705540.2022771251,5705039.504465594],[705294.1767530178,5705095.483545301]]]}},{"type":"Feature","properties":{"briefwbz":"90018","gid":28,"ogr_style":"","booth_id":"090018","municipality_id":"15002000","voting_mode":"B"},"geometry":{"type":"Polygon","coordinates":[[[705809.6335275637,5705609.080935446],[705809.8946028487,5705615.283088173],[705810.1706690365,5705621.95859625],[705826.9812763426,5705620.338085363],[705891.9957900839,5705612.154957587],[705948.9744653846,5705605.701928459],[705979.5776080046,5705602.836923754],[706008.3422234091,5705601.269626243],[706038.1531303604,5705600.981018027],[706071.3575859072,5705601.655551579],[706099.5985546933,5705602.8132447805],[706111.5706985611,5705603.425355354],[706136.5967117207,5705604.741939747],[706163.8668795539,5705606.134452309],[706205.9317479623,5705608.408188154],[706250.0473207384,5705610.903267218],[706303.2224110131,5705613.495112344],[706308.9636044704,5705614.14223431],[706311.9515103619,5705614.951410573],[706331.7331352162,5705615.687243864],[706332.750741513,5705610.118614201],[706341.5804462892,5705561.823635689],[706342.1230086276,5705558.585374106],[706352.49901676,5705496.958340309],[706356.1364240949,5705475.334430198],[706357.7185801631,5705473.399572135],[706369.0378125255,5705441.334667819],[706411.09301495,5705196.823705305],[706434.1329088344,5705062.136995327],[706438.6740783064,5705036.799152103],[706450.9924512289,5704968.234229339],[706453.9102943506,5704945.835463946],[706477.4931920259,5704810.171223413],[706347.6850153231,5704802.3478375655],[706341.1938552432,5704802.081769498],[706252.7334779793,5704798.95253241],[706242.243442063,5704798.522553431],[706155.3039357767,5704794.9589668615],[706146.810263523,5704794.610817551],[706138.3164086648,5704794.262660772],[706130.3249982517,5704793.935098829],[706031.8972163614,5704789.900618675],[706026.9000411566,5704789.695788308],[705905.007883909,5704784.202834549],[705898.5105784246,5704783.936515182],[705762.5297280317,5704780.362479231],[705755.628130804,5704643.449193715],[705752.5203940861,5704572.755357155],[705700.3758685517,5704575.120570979],[705695.2753870757,5704514.846476724],[705673.0138919096,5704513.929627841],[705669.9363137742,5704513.798474977],[705659.7414156542,5704513.680882169],[705656.0218905366,5704513.680366107],[705651.6638063538,5704513.680130318],[705607.9892201201,5704513.386424629],[705602.5905383285,5704513.350318342],[705598.1624984093,5704513.444109194],[705583.986904643,5704513.738916478],[705579.653501515,5704513.823695561],[705579.359335874,5704511.604336636],[705578.5861817533,5704506.0704600215],[705504.2526821422,5704512.531523446],[705505.4335138672,5704518.828484655],[705500.6330932855,5704519.220848436],[705494.024883655,5704519.755751632],[705488.2903983197,5704520.221386404],[705484.7553235495,5704520.506893531],[705478.5928210209,5704521.035078045],[705432.4902745255,5704525.276266213],[705428.7883166635,5704525.610405636],[705428.6689684544,5704524.946439559],[705427.3654222742,5704516.8946173955],[705419.945344062,5704518.086903071],[705356.7869060233,5704528.235324431],[705348.8913684619,5704527.723291415],[705342.9311355833,5704527.33664678],[705282.5073048853,5704535.629638607],[705244.749873022,5704541.010071724],[705229.7259376005,5704544.928976132],[705202.5336870226,5704553.765465254],[705157.6127103367,5704564.898176627],[705146.3536330975,5704567.589280407],[705205.436546896,5704794.062066255],[705223.4421817055,5704855.361868565],[705288.9187835508,5705077.25229293],[705290.2142582514,5705082.310947688],[705294.1767530178,5705095.483545301],[705540.2022771251,5705039.504465594],[705542.2251147334,5705039.090694078],[705614.7264552389,5705028.549081405],[705651.0047728452,5705022.52801788],[705653.0277520875,5705022.107836908],[705689.6443603776,5705020.106223724],[705774.4887789823,5705013.5733305095],[705776.5116264606,5705013.159375252],[705786.642372442,5705193.247928308],[705786.9809077508,5705197.261162266],[705787.2924470664,5705201.782442],[705800.3069268299,5705446.047498176],[705800.6185324566,5705450.562550044],[705800.709984405,5705452.169267611],[705809.6335275637,5705609.080935446]]]}},{"type":"Feature","properties":{"briefwbz":"90019","gid":29,"ogr_style":"","booth_id":"090019","municipality_id":"15002000","voting_mode":"B"},"geometry":{"type":"Polygon","coordinates":[[[704362.4944248376,5704272.554556996],[704373.082004863,5704356.061466487],[704388.0524013198,5704418.236344566],[704415.2633318282,5704486.918137045],[704448.639813716,5704551.840688089],[704452.7150938099,5704574.53184855],[704512.3602210212,5704670.066912084],[704668.3994838983,5704904.679589966],[704749.5211846797,5705025.612882385],[704846.2950501832,5704984.537333573],[704936.8687480139,5704948.212957291],[705014.105926498,5704919.850021399],[704988.9776133047,5704861.2641651975],[704980.8890823869,5704838.911353201],[705018.9748179192,5704825.456382557],[704947.2164319557,5704610.313693286],[704988.6758187445,5704600.002438315],[705065.3396834291,5704585.625926647],[705139.1674733417,5704569.306654178],[705146.3536330975,5704567.589280407],[705157.6127103367,5704564.898176627],[705202.5336870226,5704553.765465254],[705211.4925417597,5704550.854164548],[705208.9467858651,5704535.799097381],[705177.936088544,5704379.164796168],[705223.04682289,5704372.709004177],[705351.5289700393,5704355.631462883],[705339.7126233261,5704254.358723718],[705443.6836891123,5704247.61320295],[705440.3290673197,5704206.691076876],[705433.6812255009,5704207.352365946],[705334.8647537932,5704212.809886346],[705324.2862720222,5704153.323773464],[705320.1689810767,5704104.704101529],[705471.5654160038,5704093.959736211],[705507.3945357164,5704057.230487611],[705690.545431247,5704045.715114425],[705690.5454306817,5704045.71511446],[705690.5454308316,5704045.715114617],[705705.5271552072,5704045.22176241],[705723.226167203,5704044.638929145],[705723.2261674064,5704044.638929114],[705716.1380678588,5703909.637004638],[705714.9655398763,5703901.577716002],[705713.839702127,5703892.526779812],[705704.6189551499,5703840.725068717],[705698.773994031,5703817.942864667],[705692.2932721782,5703795.292349],[705686.9741114732,5703778.916135287],[705677.0691326412,5703749.041143319],[705677.0129780693,5703748.87144613],[705667.9282495008,5703720.518063673],[705663.8005177168,5703705.845885192],[705660.9534192097,5703694.536779157],[705658.2832166528,5703682.761816509],[705656.543643377,5703675.202617995],[705650.8452427492,5703646.710722841],[705644.6396501167,5703614.927167328],[705283.460757062,5703684.204452075],[704499.50793537,5703835.746778728],[704487.2362914294,5703878.789437487],[704466.0100093916,5703920.458947225],[704443.7651005596,5703962.583507717],[704410.0721315017,5704039.779742363],[704403.2052421223,5704054.725534217],[704380.3773703174,5704104.409451386],[704372.2482429487,5704122.102152251],[704367.9237023103,5704130.131435964],[704371.0937766086,5704136.111140502],[704384.5246740408,5704143.198000811],[704379.9837798569,5704149.136198322],[704425.6844337182,5704188.431708751],[704416.4766212406,5704224.525288766],[704404.7740919468,5704270.397835422],[704405.9001027585,5704273.6908225985],[704391.6715635946,5704280.39210214],[704362.4944248376,5704272.554556996]]]}},{"type":"Feature","properties":{"briefwbz":"90020","gid":30,"ogr_style":"","booth_id":"090020","municipality_id":"15002000","voting_mode":"B"},"geometry":{"type":"Polygon","coordinates":[[[706242.243442063,5704798.522553431],[706252.7334779793,5704798.95253241],[706341.1938552432,5704802.081769498],[706347.6850153231,5704802.3478375655],[706477.4931920259,5704810.171223413],[706499.2320374439,5704694.949963661],[706461.4425183103,5704688.898726048],[706436.6933369336,5704694.386296759],[706427.2216816925,5704693.501191384],[706418.8713829597,5704689.656366783],[706401.582061045,5704671.931854406],[706410.9223265151,5704597.40516552],[706313.7761080763,5704587.1730183745],[706318.1514693615,5704547.09384304],[706322.6960199222,5704504.1089046495],[706327.5834863121,5704457.884849212],[706332.3834282365,5704412.452948088],[706333.698647729,5704400.012543585],[706236.9569950178,5704376.262325478],[705973.8400633867,5704363.289417519],[705973.9017745298,5704172.709762221],[705914.2042888444,5704173.940790315],[705730.410488665,5704177.413292649],[705727.3821948271,5704123.796617177],[705723.2261674064,5704044.638929114],[705723.226167203,5704044.638929145],[705705.5271552072,5704045.22176241],[705690.5454308316,5704045.715114617],[705690.5454306817,5704045.71511446],[705507.3945357164,5704057.230487611],[705471.5654160038,5704093.959736211],[705320.1689810767,5704104.704101529],[705324.2862720222,5704153.323773464],[705334.8647537932,5704212.809886346],[705433.6812255009,5704207.352365946],[705440.3290673197,5704206.691076876],[705443.6836891123,5704247.61320295],[705339.7126233261,5704254.358723718],[705351.5289700393,5704355.631462883],[705223.04682289,5704372.709004177],[705177.936088544,5704379.164796168],[705208.9467858651,5704535.799097381],[705211.4925417597,5704550.854164548],[705229.7259376005,5704544.928976132],[705244.749873022,5704541.010071724],[705282.5073048853,5704535.629638607],[705342.9311355833,5704527.33664678],[705348.8913684619,5704527.723291415],[705356.7869060233,5704528.235324431],[705419.945344062,5704518.086903071],[705427.3654222742,5704516.8946173955],[705428.6689684544,5704524.946439559],[705428.7883166635,5704525.610405636],[705432.4902745255,5704525.276266213],[705478.5928210209,5704521.035078045],[705484.7553235495,5704520.506893531],[705488.2903983197,5704520.221386404],[705494.024883655,5704519.755751632],[705500.6330932855,5704519.220848436],[705505.4335138672,5704518.828484655],[705504.2526821422,5704512.531523446],[705578.5861817533,5704506.0704600215],[705579.359335874,5704511.604336636],[705579.653501515,5704513.823695561],[705583.986904643,5704513.738916478],[705598.1624984093,5704513.444109194],[705602.5905383285,5704513.350318342],[705607.9892201201,5704513.386424629],[705651.6638063538,5704513.680130318],[705656.0218905366,5704513.680366107],[705659.7414156542,5704513.680882169],[705669.9363137742,5704513.798474977],[705673.0138919096,5704513.929627841],[705695.2753870757,5704514.846476724],[705700.3758685517,5704575.120570979],[705702.8774670998,5704575.007080705],[705752.5203940861,5704572.755357155],[705755.628130804,5704643.449193715],[705762.5297280317,5704780.362479231],[705898.5105784246,5704783.936515182],[705905.007883909,5704784.202834549],[706026.9000411566,5704789.695788308],[706031.8972163614,5704789.900618675],[706130.3249982517,5704793.935098829],[706138.3164086648,5704794.262660772],[706146.810263523,5704794.610817551],[706155.3039357767,5704794.9589668615],[706242.243442063,5704798.522553431]]]}},{"type":"Feature","properties":{"briefwbz":"90021","gid":31,"ogr_style":"","booth_id":"090021","municipality_id":"15002000","voting_mode":"B"},"geometry":{"type":"Polygon","coordinates":[[[707258.487324701,5705512.324354723],[707383.8152389616,5705519.4678721465],[707569.2196112121,5705550.58639239],[707569.2224064702,5705550.518203932],[707624.3253682454,5705552.199525656],[707629.0266007453,5705552.348806105],[707647.4042551084,5705552.915766107],[707646.6861140308,5705579.826451638],[707645.9293784244,5705608.288075278],[707644.9453435591,5705815.44645266],[707675.9712077255,5705827.729129397],[707858.8879094297,5705852.178743396],[707929.821750032,5705861.660142038],[707929.9371281208,5705977.765608046],[707929.8202539695,5706057.724164808],[707929.7299399615,5706119.307629586],[707941.0251964594,5706134.333747599],[707962.5622663575,5706125.249244616],[707988.6416745138,5706123.821848877],[708011.6351034001,5706136.775223162],[708024.2028230252,5706148.748476659],[708035.2377135076,5706159.261406623],[708036.9261110532,5706135.446968937],[708038.6115866081,5706111.673704205],[708039.9786848831,5706092.391051375],[708039.7513598136,5706073.7398349615],[708039.2271655785,5706030.732112325],[708038.1970799027,5705946.220589384],[708036.9335554722,5705849.464848839],[708033.8029516926,5705669.650325425],[708030.6219335506,5705491.981251809],[708026.6324335667,5705260.866666272],[708025.2840159563,5705119.042427911],[708023.5969012148,5704941.609856033],[708023.9699182285,5704883.571585423],[708027.9841941366,5704663.520279801],[708028.9778173235,5704590.490948958],[708028.8031114934,5704460.360223495],[708021.8255637782,5704386.501313343],[708006.8851611522,5704311.315988847],[707982.5814975328,5704232.747436299],[707953.7464644664,5704167.003956138],[707904.2625511271,5704079.895203106],[707855.4046408532,5704014.330690267],[707812.8784611668,5703965.042122526],[707742.6342681507,5703896.098567048],[707667.2961937652,5703865.983625676],[707564.2442004305,5703828.231070297],[707490.1296835222,5703792.658038628],[707413.0042308336,5703769.481664108],[707344.9617502615,5703756.68198789],[707343.8041797827,5703772.650730166],[707342.8372953202,5703784.118804624],[707341.21947561,5703823.59305921],[707334.0469346921,5703961.930113615],[707333.2938193692,5703992.428828188],[707329.013971467,5704096.852526054],[707323.5265940547,5704194.221585049],[707318.5653090276,5704278.601715446],[707311.9353748976,5704415.9612503955],[707308.5456601371,5704486.389268787],[707300.2362754282,5704664.7234248435],[707298.1937685823,5704690.163804243],[707291.2814473021,5704846.52757881],[707168.3084347983,5704842.989822659],[706999.9891111735,5704834.58765481],[706840.1288733028,5704827.538197648],[706834.0668771168,5704975.428548219],[706828.7827691485,5704982.223250095],[706821.2053581387,5704983.912369906],[706783.7543321273,5704981.874198531],[706673.8318851695,5704977.368455162],[706671.0463430642,5705045.324475357],[706547.1167801961,5705040.741167444],[706438.6740783064,5705036.799152103],[706434.1329088344,5705062.136995327],[706411.09301495,5705196.823705305],[706369.0378125255,5705441.334667819],[706357.7185801631,5705473.399572135],[706356.1364240949,5705475.334430198],[706563.4411478981,5705484.838636499],[707043.6183498313,5705504.019357581],[707258.487324701,5705512.324354723]]]}},{"type":"Feature","properties":{"briefwbz":"90022","gid":32,"ogr_style":"","booth_id":"090022","municipality_id":"15002000","voting_mode":"B"},"geometry":{"type":"Polygon","coordinates":[[[706688.3738713466,5703340.3980512945],[706677.8278909934,5703378.0034978865],[706707.635884546,5703529.866355588],[706712.1412434016,5703542.067693601],[706722.6832694883,5703553.504232432],[706724.0037626654,5703570.077588976],[706723.5329447988,5703581.565713374],[706725.0438654686,5703593.644576715],[706730.3270504217,5703623.384369641],[707141.4069338753,5703704.2964452095],[707345.7086052002,5703726.18307662],[707344.9617502615,5703756.68198789],[707413.0042308336,5703769.481664108],[707490.1296835222,5703792.658038628],[707564.2442004305,5703828.231070297],[707667.2961937652,5703865.983625676],[707742.6342681507,5703896.098567048],[707704.9931043717,5703862.026551972],[707674.8476277211,5703828.255523861],[707653.8558162528,5703790.860206114],[707639.9044121595,5703752.753698567],[707632.5216456227,5703700.899923648],[707631.4461866342,5703617.278220785],[707637.2621983028,5703536.435556377],[707647.0859349931,5703479.784653992],[707659.5335227399,5702972.072804022],[707662.7228296823,5702841.8132445775],[707674.8116543923,5702375.856919212],[707652.9901053056,5702350.554489016],[707652.8066160247,5702350.146560527],[707647.0397581995,5702342.230073281],[707590.3632267702,5702276.01538946],[707577.0308199329,5702260.439422719],[707556.5575422186,5702236.559546914],[707551.5620336406,5702229.204174783],[707547.8995936707,5702221.638584848],[707545.6716692013,5702218.179858219],[707543.1685438975,5702214.294049909],[707535.3667901785,5702210.796260214],[707530.9135062642,5702209.003286077],[707428.2722409207,5702089.988699078],[707413.9200603337,5702342.648005188],[707412.6977483922,5702372.477402024],[707389.4062146838,5702371.928407643],[707369.0803160826,5702370.301113411],[707358.8122590806,5702368.820932615],[707349.434898871,5702364.993795586],[707340.9372815359,5702359.084034492],[707308.8219536103,5702322.014901811],[707296.3955952295,5702307.671869666],[707325.6126970272,5702282.212070591],[707327.953713675,5702280.165924748],[707328.1788405213,5702279.894667808],[707083.2361043803,5701997.278954848],[707073.4325257535,5701992.368718169],[707016.5763282613,5701926.477300492],[706874.1917753895,5701761.493847842],[706839.6277200906,5701786.60145208],[706804.030609654,5701812.6728706015],[706772.4339058046,5701833.658597601],[706762.8670358823,5701840.012626732],[706729.7784269132,5701853.6670099925],[706691.3335667076,5701863.605592444],[706639.1382559758,5701879.482766555],[706614.3481618804,5701885.9750479935],[706587.0800798531,5701891.86281003],[706560.3752374023,5701896.277099981],[706536.6241025031,5701901.812333759],[706513.3346511732,5701908.360048199],[706496.045078634,5701890.635529573],[706443.151121042,5701874.458014579],[706435.8664601847,5701869.154135854],[706438.1699480324,5701861.740365888],[706498.8807090321,5701870.233073931],[706547.9286015716,5701870.243304196],[706604.6456183577,5701854.0483033955],[706689.3928219286,5701825.48850316],[706700.8969641713,5701813.446247717],[706701.0969679289,5701796.438398376],[706680.8270389321,5701778.095066016],[706655.6887354621,5701793.081175552],[706626.6131993523,5701806.403176492],[706593.7907754832,5701813.56620816],[706563.2508377227,5701813.817707158],[706520.1322010125,5701803.543073576],[706450.7531820001,5701786.683893064],[706428.2209480265,5701774.749953624],[706408.2787431797,5701748.408879539],[706394.7267340904,5701712.821896242],[706381.1372622108,5701665.719634318],[706370.4774752667,5701632.753800787],[706354.4728039198,5701608.070628757],[706330.2101673897,5701589.563816357],[706280.4292736343,5701558.49142079],[706215.3214362462,5701535.3054117635],[706165.5620413308,5701528.261072167],[706128.4431210406,5701530.242704906],[706106.0900617747,5701538.337883069],[706090.7617980002,5701558.228383296],[706081.7672529134,5701582.383859648],[706077.9993376723,5701613.261890454],[706081.9161499968,5701651.956756567],[706085.4595547366,5701687.636636723],[706084.3949339516,5701713.619861066],[706059.4364645866,5701748.628790745],[706023.4396180962,5701772.180912885],[705973.2972835648,5701811.163325302],[705935.5643294546,5701828.136132235],[705877.8387401084,5701832.273050185],[705843.4544645236,5701840.874946284],[705816.9654415991,5701852.30309107],[705784.5822078885,5701872.997619118],[705760.8989319679,5701877.032591813],[705690.1125771469,5701870.126526547],[705715.8868411732,5701961.770699143],[705736.5348681514,5701958.611100742],[705761.9544943962,5701961.15549794],[705781.256200816,5701966.448654693],[705807.182640813,5701981.024468949],[705820.6021373279,5701995.590675673],[705834.8563325058,5702014.190502488],[705844.859531083,5702038.621503405],[705858.3152845558,5702076.707220348],[705888.0416575584,5702132.9785352135],[705894.3958708446,5702136.741448076],[705951.3268466394,5702103.042683446],[705997.5945766016,5702085.419909977],[706047.4453457771,5702077.954653191],[706067.9498782672,5702078.291972995],[706190.3744778996,5702070.794829169],[706245.6017278996,5702066.555539842],[706301.9089128396,5702060.354859039],[706333.2373826144,5702053.130605056],[706362.0407553945,5702046.299572738],[706383.175876496,5702116.732253802],[706405.4080566472,5702197.220876421],[706423.5990570912,5702254.019668576],[706462.7559194844,5702312.180441179],[706516.0636827891,5702366.909447196],[706558.7124953675,5702413.203091787],[706588.0032871998,5702443.429710348],[706641.2492525701,5702499.665328772],[706678.092202592,5702553.222870305],[706718.246381448,5702550.366002111],[706766.8741351229,5702548.353051806],[706816.961127903,5702547.405987076],[706880.7548684201,5702554.019365175],[706900.9727227852,5702561.356282792],[706881.6210573653,5702630.633251881],[706858.5724895513,5702716.768422136],[706835.6058711059,5702800.907396264],[706763.8791942266,5703061.225442566],[706748.4276497643,5703120.645109832],[706710.721937606,5703259.2335446775],[706688.3738713466,5703340.3980512945]]]}},{"type":"Feature","properties":{"briefwbz":"90023","gid":33,"ogr_style":"","booth_id":"090023","municipality_id":"15002000","voting_mode":"B"},"geometry":{"type":"Polygon","coordinates":[[[705414.9374218897,5702490.954231443],[705199.4639699417,5702717.347227275],[705052.4510246946,5702872.973506223],[705052.1232905311,5702880.971035465],[705105.9489345436,5702984.272142365],[705256.2283278431,5702858.806146463],[705282.1393111774,5702849.354003646],[705330.8907441943,5702971.751387725],[705344.760000594,5703006.572162913],[705348.2313249654,5703031.735211574],[705349.7987495083,5703066.831097818],[705351.862482002,5703163.011842753],[705355.4217847004,5703344.830232571],[705361.2122734532,5703350.072906393],[705378.0154676586,5703355.263982309],[705403.9576891103,5703357.326873307],[705463.03421103,5703356.742274389],[705589.436764252,5703349.912096099],[705598.8262647071,5703352.79946058],[705606.9512487431,5703362.143396136],[705632.5756233896,5703359.691051851],[705634.143038302,5703553.438478856],[705644.6396501167,5703614.927167328],[705998.8501426436,5703540.579543059],[706027.9180993071,5703535.679568888],[706056.6676711466,5703532.090684406],[706083.0048626815,5703529.197636496],[706101.9681559902,5703528.210730763],[706130.0489964396,5703527.682590215],[706151.9620544435,5703528.051150599],[706184.8326356623,5703528.603695869],[706211.8006883977,5703529.708921301],[706232.8978525031,5703531.897621289],[706263.4590987058,5703535.798632666],[706307.8921995778,5703543.710834729],[706355.7193019146,5703552.821559236],[706426.1801457158,5703565.060597676],[706730.3270504217,5703623.384369641],[706725.0438654686,5703593.644576715],[706723.5329447988,5703581.565713374],[706724.0037626654,5703570.077588976],[706722.6832694883,5703553.504232432],[706712.1412434016,5703542.067693601],[706707.635884546,5703529.866355588],[706677.8278909934,5703378.0034978865],[706688.3738713466,5703340.3980512945],[706710.721937606,5703259.2335446775],[706748.4276497643,5703120.645109832],[706763.8791942266,5703061.225442566],[706808.4886275092,5702899.324325731],[706835.6058711059,5702800.907396264],[706858.5724895513,5702716.768422136],[706881.6210573653,5702630.633251881],[706900.9727227852,5702561.356282792],[706880.7548684201,5702554.019365175],[706816.961127903,5702547.405987076],[706766.8741351229,5702548.353051806],[706718.246381448,5702550.366002111],[706678.092202592,5702553.222870305],[706641.2492525701,5702499.665328772],[706588.0032871998,5702443.429710348],[706558.7124953675,5702413.203091787],[706516.0636827891,5702366.909447196],[706462.7559194844,5702312.180441179],[706423.5990570912,5702254.019668576],[706405.4080566472,5702197.220876421],[706383.175876496,5702116.732253802],[706362.0407553945,5702046.299572738],[706333.2373826144,5702053.130605056],[706301.9089128396,5702060.354859039],[706245.6017278996,5702066.555539842],[706190.3744778996,5702070.794829169],[706067.9498782672,5702078.291972995],[706047.4453457771,5702077.954653191],[705997.5945766016,5702085.419909977],[705951.3268466394,5702103.042683446],[705894.3958708446,5702136.741448076],[705888.0416575584,5702132.9785352135],[705858.3152845558,5702076.707220348],[705844.859531083,5702038.621503405],[705834.8563325058,5702014.190502488],[705820.6021373279,5701995.590675673],[705807.182640813,5701981.024468949],[705781.256200816,5701966.448654693],[705761.9544943962,5701961.15549794],[705736.5348681514,5701958.611100742],[705715.8868411732,5701961.770699143],[705690.1125771469,5701870.126526547],[705652.2725599298,5701877.587017772],[705585.1211252032,5701891.851543714],[705530.5959683622,5701915.637951144],[705453.411000209,5701955.014993538],[705349.295917527,5702004.305607255],[705255.2512276924,5702051.996515582],[705295.0941652264,5702105.682755755],[705344.4594287102,5702146.742620479],[705364.3457807363,5702211.11868448],[705384.7129944364,5702251.487231453],[705403.5432133914,5702304.809148565],[705473.6809645232,5702425.2978165485],[705414.9374218897,5702490.954231443]]]}},{"type":"Feature","properties":{"briefwbz":"90024","gid":34,"ogr_style":"","booth_id":"090024","municipality_id":"15002000","voting_mode":"B"},"geometry":{"type":"Polygon","coordinates":[[[704008.9187904538,5707532.78183428],[703965.3743687754,5707525.864249934],[703961.9746022178,5707547.745890451],[703956.644160562,5707580.056031417],[703945.1969588874,5707578.586687871],[703912.8662284733,5707573.758500208],[703855.1716712503,5707564.884725181],[703804.4557918032,5707556.799898124],[703772.1456682781,5707551.469706731],[703766.4873038037,5707591.777346096],[703663.0942177838,5707574.527604811],[703649.7783053768,5707581.986528741],[703606.7113408878,5707558.19950615],[703543.8062678294,5707530.096680923],[703439.2774606084,5707491.779034616],[703347.788636661,5707465.006834923],[703343.5072232303,5707483.846802921],[703158.5072964396,5707455.239830325],[703143.2906900983,5707545.705765259],[703125.4016122979,5707542.469716931],[703121.5099711423,5707576.341531391],[703182.6807744605,5707585.854751428],[703175.3595162067,5707633.956590486],[703317.4842918813,5707655.348045698],[703311.2813452783,5707696.2277275715],[703276.3249993089,5707913.999242894],[703328.0387767672,5707922.12488296],[703440.5200620856,5707938.785658918],[703438.6909115463,5707946.611330954],[703430.7187748533,5707989.2535457825],[703419.6707139626,5708061.705138155],[703519.3454776623,5708065.598436064],[703674.2826724538,5708119.496637279],[703924.9694477152,5708280.421887605],[703982.6516718266,5708320.191014663],[703983.2285151104,5708320.661686017],[703983.8213494092,5708321.046322334],[703984.3559756646,5708321.33528288],[704360.7076259723,5708576.5484517],[704371.9920810707,5708583.047566597],[704380.2753316534,5708587.616231391],[704385.4114174829,5708569.134352059],[704429.4591442232,5708420.139668954],[704489.5575288074,5708216.992035706],[704489.6214563258,5708216.951220023],[704561.91959608,5707965.715633934],[704539.1011962304,5707960.774327461],[704571.1940265917,5707849.487813679],[704596.4820791509,5707720.900126374],[704590.4163551826,5707673.60938759],[704574.9042339018,5707636.935821834],[704546.4284793241,5707611.244361272],[704519.6618806422,5707592.634209127],[704468.1485308465,5707567.494797582],[704444.0647791422,5707544.492231997],[704435.2593720583,5707515.098685834],[704432.6026368806,5707494.471299779],[704027.7753733499,5707444.343702739],[704022.107108644,5707443.449780385],[704008.9187904538,5707532.78183428]]]}},{"type":"Feature","properties":{"briefwbz":"90025","gid":35,"ogr_style":"","booth_id":"090025","municipality_id":"15002000","voting_mode":"B"},"geometry":{"type":"Polygon","coordinates":[[[704336.8669694104,5706899.985592025],[704290.871649977,5706825.534370339],[704232.2159426619,5706742.552879454],[704124.8863090959,5706601.523134823],[704084.3188961955,5706541.304603566],[704057.4755760223,5706561.22533869],[703992.9615432947,5706621.135055105],[703940.2839465172,5706697.552098571],[703931.9758529612,5706717.065424586],[703915.3600531018,5706756.085489689],[703914.8678392703,5706757.88220972],[703882.1555426831,5706752.320247258],[703875.319182473,5706749.872327009],[703871.3493587542,5706746.241266758],[703861.2556717126,5706747.316331028],[703781.7928199018,5706739.556248742],[703769.188878116,5706736.920831613],[703747.2361435695,5706723.308796913],[703695.7826447823,5706692.862111222],[703578.6237791737,5706622.9393050885],[703566.543850154,5706633.6846162705],[703549.8073036148,5706663.527386008],[703599.6627524607,5706692.597909961],[703563.6754836295,5706753.149701736],[703552.4649748736,5706745.219932477],[703542.3977868991,5706739.206908952],[703529.4132988784,5706731.327551159],[703488.1026569187,5706795.842041169],[703474.6532299829,5706813.828913969],[703470.2247240276,5706822.417120431],[703426.4218736065,5706809.486159048],[703416.7922595317,5706846.811799352],[703397.4300537505,5706918.5821006065],[703332.9799432937,5707172.827236341],[703331.8053751707,5707176.945588632],[703296.8968929037,5707168.144567974],[703288.4854488916,5707165.793954261],[703268.3228131686,5707242.543845796],[703277.7327280196,5707244.9293535985],[703395.5836008559,5707275.788157329],[703389.5215841645,5707301.559888702],[703799.0868071162,5707406.9405643465],[703856.2182555778,5707417.288036846],[704027.7753733499,5707444.343702739],[704432.6026368806,5707494.471299779],[704434.9837711479,5707473.050756206],[704438.9820200977,5707448.690864969],[704465.7345929891,5707382.221431166],[704482.6815201419,5707322.864062556],[704490.8275699392,5707270.6478707995],[704484.5056708856,5707217.335241862],[704475.9151761695,5707194.961735537],[704484.6547587961,5707189.3149953205],[704504.8164017017,5707173.628821086],[704336.8669694104,5706899.985592025]]]}},{"type":"Feature","properties":{"briefwbz":"90026","gid":36,"ogr_style":"","booth_id":"090026","municipality_id":"15002000","voting_mode":"B"},"geometry":{"type":"Polygon","coordinates":[[[701709.29991611,5706515.652478922],[701744.0683232024,5706552.565190558],[701740.5780265684,5706637.697481248],[701736.3225672309,5706731.8026329],[701794.633940332,5706733.133680821],[701792.6586179007,5706785.669248725],[701959.4733410787,5706794.005205781],[701979.9570378207,5706794.845027602],[702085.8984628693,5706798.691896929],[702097.8270469877,5706800.683772059],[702111.3015357703,5706813.743273567],[702144.14458192,5706830.608792155],[702156.5214391475,5706830.150595271],[702174.6349826518,5706830.239942855],[702189.6539303393,5706831.4687167],[702200.8938818777,5707021.107043185],[702206.109756823,5707101.400013492],[702206.6677514052,5707124.443631898],[702462.0989531728,5707131.911004863],[702526.5918336543,5707133.555394687],[702770.0127872854,5707141.033373903],[702821.8596105846,5707153.635607485],[702822.0441766658,5707153.674209931],[702827.5889333092,5707155.062859761],[702828.1791529027,5707151.267678879],[702828.3135164741,5707150.416365705],[702830.25014094,5707138.019643464],[702831.8343230726,5707127.8564299755],[702832.7330273372,5707122.142885538],[702838.8766404119,5707082.109776231],[702832.6804069782,5707081.017291082],[702833.3311913955,5707076.808797623],[702828.2343149604,5707076.009911633],[702841.3482860096,5706914.743320772],[702862.6384519057,5706688.401107248],[702861.8462872474,5706561.253953386],[702861.8371016531,5706512.703184719],[702851.2041667153,5706454.718246979],[702844.9378666523,5706424.429128717],[702842.0558921681,5706409.295112336],[702820.1133488241,5706346.337899259],[702784.9874570956,5706275.332326487],[702742.1978952399,5706196.007773989],[702513.5849405577,5705802.777477939],[702363.8862496446,5705888.779696887],[701966.031769725,5706117.3576021865],[701892.3909716527,5706159.665971314],[701777.5458182499,5706226.528736795],[701646.163269088,5706318.230577123],[701549.1047942763,5706390.821412791],[701423.0058973009,5706475.734775731],[701503.6951422659,5706607.16265931],[701546.6102403596,5706601.673059537],[701590.3924700196,5706592.198643943],[701609.3759069042,5706592.976936241],[701611.953242317,5706565.745883628],[701657.3407765131,5706568.606951173],[701709.29991611,5706515.652478922]]]}},{"type":"Feature","properties":{"briefwbz":"90027","gid":37,"ogr_style":"","booth_id":"090027","municipality_id":"15002000","voting_mode":"B"},"geometry":{"type":"Polygon","coordinates":[[[699728.4247871088,5712796.007093472],[699730.4147213597,5712850.819304038],[699731.9434277389,5712893.57650695],[699733.778212939,5712943.514270041],[699733.9186641094,5712947.30649069],[699734.1605390023,5712954.073268986],[699736.9843848695,5713017.467639074],[699738.5992128904,5713053.61221974],[699744.1337013596,5713177.913990621],[699744.2775960718,5713184.285763223],[699745.5192998039,5713214.979092711],[699760.2421977653,5713223.467916945],[699773.0139458214,5713231.992548123],[699776.7012105007,5713234.443668889],[699781.4944149848,5713237.46039555],[699786.7763587119,5713240.784722956],[699790.6024158597,5713243.192750701],[699793.9911069992,5713245.325510926],[699807.0011417432,5713256.003348247],[699824.5112002024,5713262.00691238],[699841.5143626829,5713265.182291233],[699853.7532283989,5713268.534959892],[699883.4936813103,5713276.996179621],[699898.223253516,5713279.88589121],[699909.8589875591,5713284.170020219],[699930.3543386488,5713285.774708349],[699956.6006795072,5713286.466730095],[699971.576246378,5713288.0498890905],[699983.1450915579,5713289.269909734],[699993.6456253252,5713289.504153661],[700020.0005060086,5713290.091427237],[700048.6640552018,5713290.729746764],[700075.4912570544,5713291.328070256],[700139.3982382253,5713297.811044489],[700167.5177869294,5713300.663273687],[700178.2026068037,5713302.555153983],[700194.9300580604,5713305.566912327],[700220.212960005,5713310.119028377],[700228.4430728718,5713310.642626547],[700252.196855181,5713312.295116303],[700272.0451384148,5713313.995890682],[700295.3141008717,5713316.406797562],[700309.0982259942,5713318.141803922],[700323.1399339008,5713319.909232328],[700341.0877160905,5713322.168318108],[700380.4030991347,5713321.145510996],[700416.7176147967,5713320.010154115],[700440.2292854263,5713319.490808356],[700457.5005270145,5713319.240545293],[700494.540010824,5713319.817500605],[700515.3268494406,5713320.141303535],[700537.3497407536,5713320.484529558],[700568.9848209845,5713320.977561285],[700596.6689422778,5713322.004546012],[700625.8765990462,5713323.110619709],[700642.6743193741,5713323.746106067],[700657.222398576,5713324.296693886],[700670.570660999,5713324.802259665],[700679.7364809518,5713325.149415349],[700711.7414490824,5713323.904202502],[700737.7049713741,5713322.894043193],[700757.3533445871,5713319.215061905],[700788.4713451734,5713312.767545495],[700801.2261051713,5713309.969172866],[700822.5106631109,5713302.285212826],[700836.0899577064,5713297.3829372935],[700869.538975655,5713287.905729065],[700899.85157078,5713276.388819567],[700926.3610188916,5713266.317567384],[700949.524965053,5713257.358396113],[700972.6680237723,5713248.357809958],[700986.7325009316,5713242.887979501],[701001.0049807937,5713237.336839639],[701014.6849374175,5713232.01615564],[701026.7068469157,5713227.340352526],[701044.2324749333,5713220.361290405],[701060.8497954302,5713213.654462102],[701086.06385216,5713203.429827342],[701115.0828482292,5713191.609065299],[701135.5153099371,5713181.09472958],[701149.4516977913,5713173.6838825615],[701164.6891959197,5713165.438791746],[701184.9616506132,5713153.881382947],[701206.8532951847,5713141.351178951],[701220.688188213,5713133.4322971245],[701239.7576459193,5713122.517771677],[701255.6779647872,5713110.9186291825],[701276.3996725597,5713095.815169106],[701308.0687844864,5713072.410980625],[701315.2354898843,5713067.71222945],[701318.362481602,5713065.660707769],[701352.417286625,5713050.111272348],[701372.7513392379,5713040.827808547],[701416.1552221625,5713013.105317085],[701444.577549893,5712995.455924811],[701462.1709627791,5712985.458080813],[701480.902655256,5712974.812664633],[701503.2787523554,5712960.134623527],[701525.5992025634,5712943.934889003],[701546.5705923802,5712929.415949213],[701564.2760812866,5712917.736839981],[701582.2043590216,5712906.914110984],[701620.6547762321,5712884.117327369],[701656.7365789295,5712860.16901332],[701669.1518719477,5712850.105780516],[701693.1116648344,5712830.6851344975],[701709.7540362179,5712820.531697885],[701725.4968163305,5712812.451885814],[701746.7633512395,5712801.103690614],[701769.8380337681,5712788.3366240375],[701789.1106334692,5712772.342896662],[701807.3321883336,5712753.224081147],[701827.263644055,5712729.684207176],[701844.721137329,5712708.436237263],[701855.1625727643,5712695.727324937],[701869.6264552502,5712677.815745069],[701876.1960904392,5712669.536402876],[701881.5002960184,5712661.425647219],[701889.1340493539,5712649.474264566],[701900.2742628913,5712629.591812485],[701908.7196896994,5712611.215735634],[701920.9294043515,5712582.231619124],[701934.8389122532,5712547.188883716],[701947.459737869,5712514.883719178],[701950.5143162409,5712507.065578692],[701953.7253948117,5712498.846877661],[701957.7734403763,5712488.485972377],[701962.0624518374,5712477.507278649],[701968.1395165842,5712461.951655499],[701975.8621982103,5712442.18364313],[701983.6292590766,5712422.301916684],[701989.202805829,5712408.03496216],[701995.6149027065,5712392.6645744415],[701996.9777620195,5712389.4524693405],[702003.6616855907,5712369.448236279],[702010.2961038148,5712339.4513342455],[702018.74835681,5712303.079115766],[702023.7191563617,5712286.738694709],[702026.0864712647,5712280.165563701],[702029.9810826047,5712269.661654336],[702051.8230521278,5712248.269736366],[702098.0784064091,5712211.909484672],[702103.2413447482,5712208.525716461],[702128.6128627331,5712192.84902558],[702155.5221282141,5712176.567307013],[702171.8746302648,5712168.987015367],[702200.7420316718,5712164.1240937],[702224.9647103635,5712162.069100552],[702233.7699126089,5712162.1532111885],[702259.62658408,5712162.137305474],[702305.8204812753,5712162.592367938],[702324.2086364622,5712162.897503323],[702346.0776430798,5712163.790209099],[702366.2730057478,5712166.512690761],[702387.1050904026,5712170.211649484],[702399.4251397133,5712173.561385021],[702406.139001271,5712175.292286786],[702413.1209593384,5712177.094153495],[702429.8159228812,5712181.52093424],[702436.6735814186,5712184.038305144],[702442.1768010492,5712186.058476515],[702456.4037004169,5712191.281015029],[702471.196407941,5712197.820089899],[702506.3130604568,5712213.436480105],[702520.6721092338,5712220.720005685],[702541.4967682948,5712231.15027413],[702558.6303371922,5712242.973443988],[702591.8939452241,5712265.947574588],[702634.5583934495,5712297.702864839],[702648.7769758226,5712310.494909613],[702691.3174814873,5712348.767177952],[702709.1422468412,5712375.168350172],[702709.5750666012,5712375.812123082],[702751.46632761,5712363.148130787],[702751.514641215,5712363.181148008],[702786.8293928421,5712380.63965191],[702857.4811284258,5712403.056705334],[702945.7490363517,5712410.683780837],[703002.0148999143,5712405.484173136],[703059.4840141339,5712395.328670304],[703144.7947759412,5712365.300492173],[703210.8455475039,5712328.973667847],[703300.0243197159,5712253.558964851],[703355.0524534083,5712205.266186134],[703256.4364767666,5711937.4764856035],[703239.4928345397,5711874.717297105],[703227.6358422905,5711858.718020276],[703227.0251959856,5711776.117044207],[703226.0027463065,5711740.03774739],[703221.3294844076,5711695.307081782],[703221.7188798675,5711685.815325138],[703230.1676270119,5711650.627678729],[703215.0600826112,5711653.007307014],[703192.0594053254,5711591.508909095],[703159.1160703459,5711516.089311801],[703139.9769498116,5711409.204303868],[703130.1964017672,5711318.216243348],[703134.5415615027,5711212.2946505],[703145.0703047462,5711138.658446297],[703091.4321984744,5711116.4367174385],[702661.1668454295,5710966.666748411],[702746.3089746985,5710769.9705310995],[702818.1575331234,5710653.30485006],[702578.1230251538,5710734.03932669],[702532.2326763653,5710724.583837244],[702193.0112268333,5710654.6881108135],[702122.4312545764,5710642.782158512],[702043.9012582944,5710629.55033489],[701942.470693432,5710613.379487883],[701855.1086377278,5710595.785938416],[701768.7104274955,5710579.225603772],[701763.7544909118,5710578.022542644],[701550.3264756013,5710534.733797432],[701506.026509417,5710528.917336161],[701478.5434783034,5710527.790019221],[701477.2030092503,5710511.719308394],[701138.707383068,5710467.306057714],[701101.5160215402,5710544.350280683],[701091.1327808802,5710553.437985841],[701063.7169059613,5710620.922046971],[701057.735258875,5710635.643000545],[701069.7245533619,5710633.278130306],[701095.5747227948,5710628.184380756],[701120.9429269289,5710621.5182065135],[701199.2897663654,5710600.910310066],[701254.5078895559,5710682.2477841545],[701221.0934448795,5710776.97162485],[701134.8249096178,5711001.1430033725],[701085.4384903341,5711216.816705141],[700831.00716894,5711075.260533685],[700825.9487725567,5711076.555831098],[700713.7813780942,5711102.48309426],[700702.7485250474,5711261.678207524],[700527.1446919702,5711247.966465691],[700499.9835736076,5711580.66006499],[700312.5333724973,5711587.482757566],[700159.7987047115,5711589.731068752],[699982.1991572396,5711575.936993295],[699748.9702801841,5711551.856397174],[699547.9009573291,5711524.752156639],[699520.7751508756,5711521.428512782],[699508.6815315242,5711519.946858773],[699507.5049721091,5711521.806785434],[699496.8542376047,5711538.644333157],[699492.1637720698,5711546.059943768],[699491.7784642412,5711546.669103118],[699470.1597982739,5711580.849173644],[699466.9543211662,5711585.912465934],[699445.2420438753,5711621.955827111],[699437.4980222491,5711634.810255171],[699432.9169042958,5711642.419547598],[699427.7668680048,5711650.966347151],[699410.5129492903,5711679.5855454905],[699384.3499011438,5711722.988221238],[699376.0905947539,5711736.692299941],[699361.6025999759,5711760.715658118],[699358.9714112768,5711765.0767993415],[699337.701979876,5711800.32754462],[699333.9969402947,5711806.466316297],[699324.046363438,5711822.968697662],[699310.0634988798,5711846.14691727],[699285.3089851108,5711887.1751015],[699287.5718408128,5711891.792125251],[699319.3180277739,5711889.671395404],[699326.4340328764,5711889.197613651],[699380.16359705,5711896.271383489],[699428.0342125957,5711902.579341098],[699481.7867603991,5711909.704093979],[699506.8883774222,5711913.036018337],[699506.9997885351,5711919.454526892],[699507.0507531723,5711922.4964097245],[699507.1233023137,5711926.5831711115],[699508.0946575587,5712019.768961981],[699508.2640623117,5712029.512068225],[699508.3048518626,5712031.85635726],[699508.4179851569,5712038.359365239],[699508.8032765397,5712078.737426369],[699509.2245849087,5712107.626321724],[699509.4169251974,5712128.188212277],[699509.934522364,5712168.756871123],[699510.0310550117,5712177.138556985],[699510.053638653,5712184.761506771],[699510.7200726083,5712236.46152869],[699510.848690223,5712247.476965045],[699510.895330322,5712256.342037449],[699511.3045336838,5712286.86695784],[699511.3814628986,5712295.848430573],[699511.5641989881,5712325.548304726],[699511.7123492935,5712350.602520974],[699512.0340204062,5712370.574137994],[699512.743747392,5712414.753983596],[699512.8878809331,5712423.683109419],[699513.0226272673,5712431.986333948],[699513.8428866855,5712483.107109205],[699514.0187273314,5712504.193773612],[699514.3379789273,5712521.052434568],[699514.7275159437,5712541.442198683],[699514.5541507028,5712567.01368297],[699514.719330342,5712582.870108677],[699515.0431964116,5712613.52165616],[699516.6408725078,5712766.082982561],[699516.9729161774,5712779.213692406],[699716.2408487784,5712735.188454039],[699716.7984183148,5712735.065199993],[699716.8446604852,5712735.054878989],[699726.1252668232,5712733.004643843],[699728.4247871088,5712796.007093472]]]}},{"type":"Feature","properties":{"briefwbz":"90030","gid":38,"ogr_style":"","booth_id":"090030","municipality_id":"15002000","voting_mode":"B"},"geometry":{"type":"Polygon","coordinates":[[[703143.2906900983,5707545.705765259],[703158.5072964396,5707455.239830325],[703343.5072232303,5707483.846802921],[703347.788636661,5707465.006834923],[703439.2774606084,5707491.779034616],[703543.8062678294,5707530.096680923],[703606.7113408878,5707558.19950615],[703649.7783053768,5707581.986528741],[703663.0942177838,5707574.527604811],[703766.4873038037,5707591.777346096],[703772.1456682781,5707551.469706731],[703804.4557918032,5707556.799898124],[703855.1716712503,5707564.884725181],[703912.8662284733,5707573.758500208],[703945.1969588874,5707578.586687871],[703956.644160562,5707580.056031417],[703961.9746022178,5707547.745890451],[703965.3743687754,5707525.864249934],[704008.9187904538,5707532.78183428],[704022.107108644,5707443.449780385],[703856.2182555778,5707417.288036846],[703799.0868071162,5707406.9405643465],[703389.5215841645,5707301.559888702],[702898.8350821012,5707172.838573484],[702827.5889333092,5707155.062859761],[702822.0441766658,5707153.674209931],[702821.8596105846,5707153.635607485],[702770.0127872854,5707141.033373903],[702526.5918336543,5707133.555394687],[702462.0989531728,5707131.911004863],[702206.6677514052,5707124.443631898],[702168.2258479788,5707329.557594762],[702148.4114576175,5707397.813533444],[702106.4446000347,5707518.201516969],[702055.4342729714,5707639.23105547],[701991.6517014934,5707791.2590066735],[702098.8823632901,5707800.158156987],[702111.2323772612,5707743.109588935],[702177.624981041,5707747.334786725],[702383.2879782227,5707760.270265086],[702371.090610025,5707862.366982132],[702379.4407344578,5707866.211865348],[702384.8620838363,5707880.450284234],[702385.0408362171,5707900.472756574],[702362.3810605779,5707940.586047265],[702362.0984906971,5707959.589641098],[702365.982362733,5708072.3565446315],[702372.2574489238,5708151.183837522],[702382.8752347559,5708209.677209316],[702383.6789327094,5708226.72591916],[702557.0951854461,5708342.439169019],[702774.212152887,5708085.45724205],[702775.4260480048,5708084.02283819],[702776.9659872705,5708082.204214177],[702845.7108032331,5708074.509517526],[703065.0579405274,5708049.975745795],[703077.823739713,5708050.331459301],[703260.0164993596,5708055.467489484],[703260.8163234013,5708055.5002870485],[703419.6707139626,5708061.705138155],[703430.7187748533,5707989.2535457825],[703438.6909115463,5707946.611330954],[703440.5200620856,5707938.785658918],[703328.0387767672,5707922.12488296],[703276.3249993089,5707913.999242894],[703311.2813452783,5707696.2277275715],[703317.4842918813,5707655.348045698],[703175.3595162067,5707633.956590486],[703182.6807744605,5707585.854751428],[703121.5099711423,5707576.341531391],[703125.4016122979,5707542.469716931],[703143.2906900983,5707545.705765259]]]}},{"type":"Feature","properties":{"briefwbz":"90032","gid":39,"ogr_style":"","booth_id":"090032","municipality_id":"15002000","voting_mode":"B"},"geometry":{"type":"Polygon","coordinates":[[[713875.0149098842,5707233.785083203],[713870.9927780129,5707230.687257676],[713820.5218714826,5707190.910369255],[713776.6640323787,5707132.175499912],[713775.3366627262,5707132.811765449],[713707.7560693421,5707166.09668152],[713688.723208186,5707175.471421804],[713663.1418522561,5707188.066114723],[713647.7766045958,5707195.634266469],[713622.6022931474,5707207.945357233],[713586.9316017457,5707225.6518099485],[713538.5961315832,5707249.270414493],[713475.1706596477,5707251.649835306],[713446.7287573456,5707252.7158613065],[713404.401665522,5707254.303678086],[713345.3294663257,5707256.515417555],[713342.9837527084,5707256.603381575],[713327.2016984117,5707257.1943325335],[713316.7502597488,5707257.95197834],[713306.6158284321,5707230.349500908],[713295.3750112683,5707199.458394018],[713294.1833868168,5707196.661814458],[713289.057822439,5707183.368671987],[713276.8709036526,5707151.7480918],[713270.3520146868,5707134.83930118],[713263.7791685144,5707117.78319701],[713256.9343421792,5707100.035213652],[713156.4547252312,5707109.799200769],[713083.0295099665,5707116.938757761],[713067.1556631317,5707118.4800862335],[713028.7897888398,5707122.212284246],[712908.6828192751,5707134.00431996],[712796.2981859603,5707144.706543198],[712785.9675344201,5707145.69434265],[712728.1999728095,5707150.953398382],[712692.7733545749,5707154.165446145],[712566.700246714,5707165.602719478],[712520.1764220682,5707169.821225528],[712476.4164378806,5707174.503372274],[712406.5079891437,5707182.422700125],[712298.4297799914,5707194.422528236],[712297.5035303773,5707189.059287307],[712286.7609457591,5707189.474711094],[712246.4560021394,5707145.2901285635],[712245.5704021482,5707144.150739647],[712245.145529919,5707143.604232829],[712240.7176903865,5707137.907844869],[712223.7232476955,5707150.669275258],[712211.5615305647,5707160.30562715],[712184.1088336598,5707182.082074718],[712184.1087813189,5707182.082102275],[712157.583319615,5707163.11241174],[712089.177551662,5707113.876894052],[712083.490097454,5707143.463139159],[712081.7968933706,5707149.359558066],[712075.815035545,5707182.096821712],[712075.1392212433,5707206.758491254],[712068.693934337,5707206.854564626],[712066.8226074913,5707206.597666901],[712043.831799564,5707203.377737488],[712025.5087520748,5707200.814679946],[712024.7003889646,5707200.701684122],[712022.4112414378,5707200.381955848],[711999.1934085896,5707197.138178614],[712000.1446946483,5707192.857923937],[712005.052873667,5707170.682073133],[712014.4497004459,5707127.529453748],[712023.8436366167,5707074.07157284],[712024.5186389966,5707069.204409769],[712029.5743206586,5707031.834684117],[712032.428197891,5707012.277274939],[712034.6741135998,5706992.90015788],[712038.0044724531,5706967.946973212],[712039.9539875017,5706936.5108560845],[712045.0828102942,5706884.905052796],[712045.4290225463,5706880.855244336],[712047.566650986,5706823.956726902],[712048.3084843229,5706784.378094769],[712048.9015663879,5706752.701182466],[712049.6033223756,5706715.197966624],[712049.8967272406,5706665.92643618],[712050.2944282843,5706622.044433633],[712050.2989764425,5706608.261076574],[712050.2746613466,5706606.4132277025],[712050.2461520762,5706604.910579014],[712050.199560643,5706601.770978767],[712050.2005276806,5706601.77042253],[712050.0722909233,5706593.6473619165],[712050.0666688485,5706592.686223419],[712048.4478878812,5706562.465135966],[712048.2985923258,5706559.636225702],[712047.9850924314,5706553.7325571375],[712048.3866020376,5706521.842572237],[712049.16373123,5706490.923946301],[712061.0185414156,5706392.452388628],[712063.595098123,5706375.140890864],[712076.8098453425,5706286.224488859],[712081.5553414444,5706266.549417647],[712094.2854596251,5706213.748790891],[712099.4628551591,5706170.9636438675],[712106.5146568641,5706148.870692363],[712122.3595812845,5706099.565996618],[712127.8961267369,5706087.941322341],[712127.4157144484,5706084.032783703],[712127.8779274181,5706068.241101144],[712127.9648146441,5706063.069578223],[712125.2510160805,5706059.4348307615],[712110.6185180224,5706053.039269302],[712105.2550591795,5706041.518272271],[712097.0940023352,5706024.011748464],[712094.5215660994,5706015.708206699],[712093.5668363336,5706012.626089585],[712081.0243195149,5705972.09748798],[712074.6772421967,5705951.6073273085],[712069.3249273023,5705934.321100054],[712065.4414607565,5705923.4463193035],[712092.2058568852,5705917.756808242],[712174.8515755476,5705900.194219613],[712201.3257104829,5705894.382769543],[712228.4424869288,5705888.887866004],[712261.4002000784,5705883.267119495],[712286.9839247162,5705883.059675885],[712290.0962070297,5705860.614943127],[712294.7402359918,5705805.200471484],[712302.9015334542,5705713.799564245],[712311.4974629392,5705617.531582197],[712319.5349341534,5705527.561940623],[712320.1362330031,5705520.829922521],[712319.5428087835,5705520.679495299],[712281.6329465916,5705511.068497331],[712298.6276911327,5705464.478516873],[712313.5439993424,5705423.904319023],[712314.144410163,5705422.322365687],[712315.3017406845,5705420.583071404],[712279.7502515864,5705395.2221419625],[712241.2977217888,5705373.846325019],[712229.0576315491,5705366.838159477],[712148.2812110088,5705315.479590799],[712105.258766761,5705291.549150651],[712034.8504463804,5705249.2792137535],[711986.5510282898,5705230.642923084],[711950.5740233308,5705219.2033416],[711921.9947104516,5705213.982864913],[711858.9015562295,5705221.821889142],[711853.353125734,5705222.260084161],[711792.3916793847,5705227.0583448615],[711758.3736289463,5705229.367550883],[711700.9670759332,5705235.717938835],[711693.0763314341,5705236.450944179],[711693.0763221312,5705236.451127325],[711686.3069567421,5705237.078949773],[711591.8615982104,5705250.204179138],[711519.656858644,5705251.028078575],[711504.0784808691,5705251.225339237],[711441.9042581794,5705253.621578267],[711438.929994279,5705252.678844883],[711381.9924059017,5705213.0382313505],[711354.604854222,5705189.73382725],[711348.4457057342,5705185.0470099235],[711307.951471198,5705167.086066766],[711283.1830637183,5705145.330456207],[711271.3699485257,5705134.501050373],[711270.453245706,5705130.614726311],[711268.2425919092,5705132.228601883],[711291.4782879082,5705205.190326018],[711332.243731293,5705297.44582347],[711347.2952322715,5705394.162161776],[711381.4752749393,5705512.678281275],[711395.3606993868,5705540.275064985],[711403.8599383167,5705577.159172661],[711401.4832614749,5705610.591438564],[711386.9633331067,5705684.067368269],[711355.0955515229,5705789.871158773],[711338.2111134535,5705811.194808664],[711217.6873338558,5705894.341836257],[711098.7602233058,5705975.051334098],[711068.9170159366,5705982.839118178],[711050.474179362,5705993.0940866405],[710999.8895326972,5706055.0801438335],[710994.5690192911,5706074.884212554],[710996.662972249,5706121.5167140905],[710981.8200938434,5706153.934966853],[710976.2190832329,5706180.732810459],[710979.9763097396,5706198.909327583],[710981.2621656787,5706216.475178532],[710998.1214233546,5706244.696934756],[711000.6146971225,5706269.31756742],[710998.4638356137,5706321.781508543],[710978.8185277806,5706361.517244999],[710969.6579930647,5706426.207651697],[710963.5187366921,5706490.51886292],[710972.0941841728,5706549.924714755],[710958.4013353568,5706688.500054544],[710936.3330790626,5706811.7219195105],[710923.538087927,5706855.234866521],[710898.2137496633,5707021.360784083],[710904.186551649,5707119.704417957],[710925.5150886811,5707197.6556048645],[710944.9394403467,5707261.008949801],[710940.3205962274,5707324.885775431],[710944.7483664304,5707351.094847508],[710950.4616315824,5707394.869949622],[710968.9433510734,5707481.212679345],[710968.5238322739,5707503.7143170405],[710959.5219233712,5707527.869860151],[710977.6870026059,5707573.161531225],[710975.3013822895,5707582.571873656],[710976.4987775886,5707602.140105943],[710987.8693117584,5707642.141497534],[711013.1669430432,5707672.212270426],[711028.6389567817,5707709.878970437],[710937.2008198785,5707742.665250873],[710912.6422899022,5707682.603971326],[710908.6900315576,5707656.917265243],[710743.1620141955,5707690.168196092],[710686.9252547307,5707706.878248382],[710634.1540608825,5707712.222794343],[710619.3287592889,5707714.980798066],[710609.9473944015,5707716.738782993],[710606.4024527044,5707778.653354625],[710603.955308219,5707789.563967326],[710594.7339309244,5707794.688241242],[710535.5986952554,5707808.782998964],[710472.4094682347,5707824.208156092],[710467.1050053772,5707831.498965632],[710466.9092030086,5707885.04274844],[710456.5871196989,5707892.624509492],[710436.9368229068,5707895.824432578],[710438.4067733225,5707908.895413561],[710418.064758537,5707910.334319856],[710365.4031013037,5707914.068494122],[710361.0933245241,5707914.370021252],[710307.0117751898,5707918.20108948],[710287.7598452857,5707919.5606089],[710250.4858256765,5707922.197806352],[710102.6018474011,5707932.660899765],[710085.7600447892,5707932.49821597],[710022.055599425,5707931.860943315],[710010.2287467769,5707927.376472552],[709850.9237991854,5707918.838204401],[709747.2308256592,5707922.454691168],[709738.9829997163,5707922.917682189],[709652.870374555,5707926.261467748],[709643.7937146976,5707927.40454574],[709582.9865572437,5707926.544372302],[709547.0410968657,5707925.194928726],[709474.5874729352,5708491.049680423],[709449.2381699306,5708689.021115081],[709447.4640218291,5708729.704006809],[709440.5354055008,5708757.089175428],[709430.1110290996,5708784.741386833],[709414.1161490857,5708814.152577032],[709412.6774345955,5708816.802431555],[709411.6697829395,5708818.878185086],[709408.6212039454,5708825.160787789],[709390.1460833768,5708863.216803143],[709379.4609963922,5708890.096574223],[709370.3605344709,5708912.989999691],[709359.6223557799,5708950.872977073],[709351.1817036136,5708980.650543037],[709350.5144858086,5708983.720520425],[709336.1456645641,5709049.8337421715],[709332.749385041,5709129.473671039],[709331.0799870006,5709168.619386734],[709329.2343412195,5709211.897721561],[709325.2799971623,5709255.36568558],[709322.1426233888,5709289.853061258],[709318.6248165283,5709328.522242557],[709318.9098297679,5709398.164263276],[709316.0614164955,5709440.306149402],[709312.5866651993,5709490.57619248],[709307.8570105803,5709570.010422637],[709307.97049614,5709601.50190543],[709308.004350295,5709606.160913159],[709308.0257338561,5709607.304158426],[709308.6357127494,5709639.916066574],[709309.2947650191,5709670.860692671],[709312.0833993215,5709720.483208779],[709316.3990549622,5709766.589785015],[709318.7784139845,5709792.009865632],[709319.4493814206,5709799.178208654],[709320.0711181129,5709803.784310606],[709323.6819257817,5709830.534796001],[709327.0764975611,5709855.683333952],[709332.1843056357,5709893.524354746],[709333.2284989501,5709900.393648518],[709336.3511715708,5709920.785680826],[709343.1690010494,5709965.308296571],[709346.1082041566,5709984.502257554],[709385.6824693296,5709995.001800964],[709469.5779921191,5710017.259991334],[709541.3179890204,5710027.862342049],[709558.6282107045,5710030.420513144],[709559.5342651893,5710044.9711956745],[709571.6518764545,5710054.479367541],[709628.0015391241,5710071.807256511],[709788.6900575854,5710124.647228997],[709788.7024521764,5710124.550596791],[709789.179363941,5710119.795911994],[709789.5856812339,5710118.552743713],[709790.0685064131,5710117.075299477],[709790.6902617258,5710115.173324713],[709794.3432652018,5710101.519724645],[709864.2555120077,5710118.6261376105],[709909.3748934492,5710125.571774836],[709921.4546646948,5710126.201959535],[709923.3985745247,5710126.303319595],[710008.5096747233,5710130.744004242],[710027.8620598463,5710129.926215],[710114.7875787137,5710126.249547462],[710120.0117661571,5710126.028341896],[710201.4474898335,5710122.581958785],[710209.6363378963,5710121.951866585],[710217.0034622827,5710122.1439477075],[710217.1787980406,5710122.148573391],[710223.2064470692,5710122.3056918755],[710223.9100008546,5710122.323918721],[710223.9680369932,5710122.325504933],[710229.2895097568,5710122.464289],[710230.5097950504,5710122.496134635],[710243.4682051763,5710122.8340343805],[710265.1355220176,5710121.830950826],[710264.2886262122,5710108.06777185],[710264.0281318974,5710103.802930159],[710274.1117041357,5710085.653399004],[710286.664931952,5710063.055671922],[710328.7270390664,5710086.337007589],[710391.7932803137,5710121.245339696],[710408.8869536626,5710090.2054005815],[710417.4314312608,5710074.680353046],[710421.3410423322,5710067.583613499],[710424.1534117172,5710062.468875779],[710481.3244755362,5710093.702065177],[710519.3315471512,5710095.536272592],[710551.1111039959,5710112.535109275],[710553.0979839116,5710097.161476243],[710553.8443404852,5710091.411407324],[710558.196580221,5710057.781869563],[710558.2839990829,5710057.114754802],[710558.4882660965,5710055.5515876915],[710567.1782780276,5709988.4020079095],[710572.0152202128,5709951.00855302],[710577.9515473611,5709951.362189689],[710580.6508205797,5709930.088232399],[710583.5077622613,5709907.609595069],[710584.0347493414,5709896.135949506],[710584.0475221889,5709895.933271569],[710584.1623888982,5709893.460399162],[710584.1659728945,5709893.383444326],[710584.3553104565,5709889.313854967],[710587.1526829144,5709889.688793622],[710586.4720166542,5709879.92637219],[710585.796761547,5709870.154153216],[710587.0569323857,5709849.070161791],[710587.6182985812,5709839.653954596],[710589.257083595,5709800.918174718],[710589.9642989396,5709783.675270589],[710590.2420544658,5709779.35802399],[710590.3864492935,5709777.16617748],[710590.6172607574,5709773.6121586915],[710591.0514184473,5709764.491015541],[710589.8252262364,5709759.365748975],[710590.0078418824,5709753.956987846],[710590.0191043013,5709753.62429898],[710590.1050430452,5709751.079125488],[710605.8947151363,5709531.691346043],[710608.8273275781,5709492.730155787],[710608.832427912,5709492.663893658],[710608.9297367015,5709491.371266328],[710609.0136621225,5709489.792715554],[710609.0102811031,5709489.563073678],[710609.0387029293,5709489.323677956],[710609.259199007,5709489.32655064],[710609.304810333,5709489.327199411],[710638.0561614354,5709489.713008361],[710658.1048393815,5709489.979734515],[710665.7724536195,5709489.733662396],[710728.3808084502,5709487.731960911],[710759.3418440224,5709485.883730691],[710888.8518415743,5709478.242664623],[710903.2670231569,5709476.751819969],[711008.024754919,5709466.013570407],[711011.3008458441,5709465.577366378],[711020.8417415884,5709464.196911465],[711029.5538424918,5709462.944061399],[711029.6765115676,5709462.9264261685],[711033.1378656005,5709462.428599515],[711033.3175074819,5709462.402731469],[711033.9897264505,5709462.306156079],[711034.3580411506,5709462.253201905],[711154.1832474287,5709445.021486971],[711176.6432613654,5709441.533283453],[711215.5525275156,5709435.161287345],[711255.8504310818,5709428.245614081],[711258.6532343042,5709427.634816044],[711265.223047416,5709426.332712921],[711311.9077249846,5709415.745118848],[711421.128092179,5709391.386223572],[711469.4391592352,5709377.752267905],[711450.1015860984,5709341.229047556],[711447.7339987102,5709336.686169942],[711446.8860836893,5709335.058825767],[711444.5153332569,5709330.509647966],[711447.0549886707,5709328.016220226],[711413.2589336354,5709295.990058617],[711391.279055788,5709278.497294982],[711325.4649394059,5709197.69641837],[711311.3213947555,5709184.629062336],[711313.2133244087,5709182.674689303],[711308.6986580887,5709177.48700117],[711308.6302205371,5709177.408314224],[711307.7931948086,5709176.4465005575],[711307.7180869301,5709172.664683869],[711308.3372464498,5709172.466040652],[711308.8279102643,5709172.30941527],[711308.8279177686,5709172.309232294],[711320.9296613978,5709168.426792893],[711334.8787391367,5709159.14421529],[711341.8973242111,5709157.515197503],[711389.3545421045,5709158.355366259],[711497.7283462783,5709157.324597917],[711518.8976117457,5709156.996600021],[711641.4496626596,5709157.721245761],[711641.6490229586,5709157.722579178],[711643.8151819926,5709157.735353239],[711647.7432382337,5709157.756296604],[711649.0141567225,5709157.763391806],[711649.3458223115,5709157.765385844],[711649.9270967646,5709157.768024785],[711650.1282008458,5709157.77004067],[711654.7434074945,5709157.798148406],[711656.2645623378,5709157.805486574],[711661.6034546444,5709157.839263376],[711681.3646037378,5709157.188239676],[711705.0218589206,5709156.8471735865],[711754.6543202109,5709155.801888869],[711756.8159061666,5709155.756373676],[711869.024832925,5709153.393190401],[711893.8651481181,5709152.274815871],[711914.0798137517,5709151.79256172],[711922.5841954227,5709151.645856506],[711945.2971894774,5709151.266062501],[711956.4997483202,5709150.98477687],[711975.3720442689,5709150.527565515],[711983.2684238813,5709150.195732872],[711990.1073097192,5709150.265977157],[712014.6462582442,5709150.516608221],[712041.8568224956,5709150.791761612],[712126.2980151752,5709145.716376642],[712163.3485971842,5709139.027828764],[712205.4981517084,5709134.231207653],[712206.4219551515,5709134.1259475695],[712212.068842654,5709133.48344222],[712214.2959436196,5709133.364549497],[712218.8842157235,5709132.907125702],[712244.4454443794,5709130.441951899],[712314.4083726609,5709124.002055207],[712333.3281611754,5709122.265492107],[712355.2167719153,5709120.259123185],[712355.3654926873,5709120.2453664],[712363.1307162299,5709119.533636958],[712363.3821554541,5709119.510529598],[712363.5225846561,5709119.49783796],[712373.0503813765,5709118.62452048],[712373.1303588918,5709118.616986567],[712393.9507275135,5709116.708731411],[712419.6595524782,5709115.160539684],[712435.9195471628,5709114.210797301],[712463.3726976645,5709112.598998586],[712511.1752505765,5709109.793934056],[712517.40598694,5709109.42824557],[712551.8830030872,5709107.405203585],[712599.8908140071,5709104.58930845],[712611.7430578758,5709103.893429886],[712641.8482415465,5709102.125907905],[712712.9143073594,5709097.958402787],[712799.0487223751,5709092.8523325585],[712825.1623584887,5709091.931324058],[712868.0537240107,5709090.126827705],[712892.274476592,5709089.10814921],[712928.491909126,5709087.605527011],[712975.8575423888,5709085.684237845],[713027.4431357324,5709086.673711777],[713076.5879723947,5709085.166301939],[713077.0407649684,5709085.021501564],[713077.3242110512,5709084.92559757],[713087.9881702594,5709081.303923042],[713089.6031404438,5709085.003762253],[713108.8251821031,5709084.93124333],[713096.0802345504,5709120.7445703745],[713118.1406515556,5709205.35229286],[713143.518966553,5709308.274172436],[713139.4423702104,5709331.034687565],[713108.4581876537,5709209.084291121],[713090.8733048299,5709138.483823262],[713074.6348326716,5709192.482096931],[713048.3319028597,5709284.420556363],[713042.838650838,5709300.8417708585],[713011.5415942201,5709408.746374434],[713005.2650650087,5709430.475772706],[712975.3305531552,5709534.076920051],[713074.0332572149,5709571.788449057],[713159.8986001117,5709604.85442787],[713244.2704240647,5709636.262563033],[713244.5942221272,5709625.1948400885],[713247.8299230505,5709515.793868516],[713249.911792882,5709389.128477104],[713339.7356852713,5709436.605884402],[713439.2218751061,5709489.50963744],[713447.6866431783,5709493.625563968],[713484.8524161122,5709513.422955274],[713524.6316414073,5709534.629310532],[713539.4295074223,5709542.518057531],[713555.6302693981,5709550.825114719],[713569.2499593425,5709557.264553093],[713655.6962942713,5709601.065092193],[713663.9909842908,5709605.544354594],[713783.7664134786,5709670.311419526],[713826.7050886546,5709682.247622617],[713916.5171781828,5709705.245419816],[713916.9405329658,5709695.778363599],[713945.6606886574,5709052.249270095],[714027.722986769,5709045.279426449],[714052.1778880185,5709042.703770053],[714168.0593621512,5709030.9647747455],[714187.7935705743,5709029.212946708],[714247.8892547574,5709023.878369196],[714274.5996531318,5709024.152961795],[714293.0204879795,5709024.3378411345],[714355.3764144363,5709024.978165037],[714402.3960556368,5709024.424027084],[714443.4118882786,5709023.938983802],[714447.1185936102,5709023.255142844],[714439.2655360174,5708981.766985697],[714428.524334856,5708913.678936453],[714418.8317325762,5708843.331673935],[714408.1128139418,5708764.203505849],[714398.8783979929,5708690.00613753],[714392.0235170573,5708628.93437561],[714385.8023600596,5708573.524174632],[714378.7790900329,5708510.944018636],[714375.5280634423,5708488.433389481],[714371.567195941,5708461.018731419],[714366.7210491893,5708422.972237928],[714356.0812063637,5708380.11358907],[714348.0887560376,5708353.8600079585],[714340.7923721897,5708328.1040078085],[714329.5902974538,5708288.562011428],[714323.3680050713,5708277.115696321],[714317.902203082,5708284.814501961],[714294.8138481625,5708292.876699914],[714252.1630537166,5708303.575120636],[714205.5473637438,5708309.171024196],[714201.8404155201,5708309.494461914],[714172.4814496487,5708312.049282199],[714162.0826962887,5708307.493741827],[714151.7039048979,5708301.597717832],[714134.4898526883,5708293.589495687],[714126.7463097592,5708290.67940525],[714110.6776055,5708288.914329208],[714099.0413071568,5708292.691396465],[714087.4281098961,5708296.514499429],[714063.0058856885,5708314.892303693],[714044.4139272863,5708324.129849124],[714000.4898043965,5708340.616870277],[713985.7138185296,5708342.843722001],[713914.4544601474,5708351.958564894],[713860.9282675574,5708359.35315069],[713790.9601342346,5708363.100498387],[713777.7672099188,5708364.926834084],[713740.4896763223,5708369.08742567],[713730.866905701,5708370.204332137],[713692.4884914134,5708374.662952587],[713688.5079139282,5708374.214400729],[713636.2256856002,5708380.934284519],[713568.7902999127,5708387.728405945],[713434.5015587272,5708402.007360666],[713416.3699649677,5708403.935300685],[713382.117980862,5708404.983150553],[713301.4080823553,5708415.9625619445],[713301.1967449028,5708412.455611889],[713300.1343143499,5708372.452223809],[713300.0328831647,5708370.776422602],[713299.0444049408,5708354.824651388],[713298.1681964371,5708340.685125222],[713298.1624802485,5708340.614447376],[713296.0023694811,5708305.760533666],[713295.5530932338,5708298.546004482],[713295.0583833463,5708290.583021784],[713294.9722150433,5708289.193530457],[713293.8258359303,5708270.667796168],[713293.5139013102,5708265.629998843],[713292.2574694499,5708245.373429623],[713287.4609646929,5708168.020958373],[713286.9119542209,5708159.151654551],[713286.5383571548,5708153.123410419],[713283.9470926308,5708111.289958477],[713283.4988825434,5708104.034356737],[713282.2755252837,5708084.314712086],[713281.7820730127,5708076.487720489],[713281.3732808387,5708069.988695817],[713279.0513315528,5708033.123601356],[713278.9878789393,5708032.093429608],[713311.2373384292,5707992.746032994],[713311.7819560693,5707992.081282221],[713338.6388075622,5707959.311608041],[713341.3961754028,5707955.8685335675],[713402.3554319649,5707879.740943109],[713403.9721549029,5707877.721914748],[713472.1635540487,5707792.562166319],[713473.0786389832,5707791.419561964],[713483.5427420377,5707778.351591235],[713512.60797677,5707741.945688572],[713522.3815864,5707729.702847268],[713535.7561059832,5707712.954719618],[713544.6753302363,5707701.77473456],[713564.8003644366,5707676.654977516],[713565.8409836448,5707675.356348621],[713570.6019035545,5707669.413631028],[713594.7495279408,5707640.289260587],[713609.6407662814,5707625.343627811],[713615.3757074908,5707615.1193517875],[713622.9413220487,5707618.57790172],[713633.8182406427,5707608.361931987],[713661.7345600082,5707582.143161183],[713663.0990031703,5707580.862024694],[713663.6386802881,5707580.35500188],[713671.8942446205,5707572.602885959],[713676.8219295247,5707572.197706234],[713733.7979925238,5707563.770658204],[713755.7727460468,5707560.521942292],[713811.7270149405,5707552.249535144],[713813.0513613275,5707552.053588899],[713871.151383348,5707543.461160575],[713924.3868071194,5707535.589183839],[713943.4565117713,5707532.768519722],[713975.515784825,5707528.028443732],[713977.0961457107,5707527.794728723],[714048.7494668846,5707517.200717561],[714051.4062354843,5707516.807138963],[714058.3203587924,5707516.009729662],[714059.3888629461,5707515.842943816],[714055.847320948,5707507.230311023],[714049.9321918671,5707492.852905095],[714044.0189782706,5707478.471973947],[714039.9659047124,5707468.624940501],[714038.1036059579,5707464.094498758],[714037.7084130087,5707463.136988557],[714033.9378521789,5707453.967791518],[714031.1760159397,5707447.251964461],[714027.6356412792,5707438.640604035],[714026.7190676958,5707436.590580801],[714025.4805241756,5707433.820719585],[714019.368675007,5707420.15374116],[714015.140183311,5707420.688097501],[714014.1904726452,5707420.8379434],[714008.0815870017,5707421.580455619],[713992.4012590323,5707423.487238277],[713991.5269898523,5707423.667181877],[713991.0010228847,5707423.775750242],[713990.9409651774,5707423.78171896],[713990.8970174221,5707423.70024781],[713907.0212079466,5707261.874046709],[713908.0090367794,5707260.608256852],[713891.7633033453,5707246.101167653],[713891.4942515541,5707245.860904015],[713876.2684274858,5707232.264908513],[713875.0149098842,5707233.785083203]],[[712183.2809588411,5707182.517954394],[712184.803839362,5707184.222212023],[712183.9468833306,5707183.2633738695],[712183.2809588411,5707182.517954394]]]}},{"type":"Feature","properties":{"briefwbz":"90033","gid":40,"ogr_style":"","booth_id":"090033","municipality_id":"15002000","voting_mode":"B"},"geometry":{"type":"Polygon","coordinates":[[[700702.7485250474,5711261.678207524],[700713.7813780942,5711102.48309426],[700825.9487725567,5711076.555831098],[700831.00716894,5711075.260533685],[701085.4384903341,5711216.816705141],[701134.8249096178,5711001.1430033725],[701221.0934448795,5710776.97162485],[701254.5078895559,5710682.2477841545],[701199.2897663654,5710600.910310066],[701120.9429269289,5710621.5182065135],[701095.5747227948,5710628.184380756],[701069.7245533619,5710633.278130306],[701057.735258875,5710635.643000545],[701063.7169059613,5710620.922046971],[701091.1327808802,5710553.437985841],[701101.5160215402,5710544.350280683],[701138.707383068,5710467.306057714],[701477.2030092503,5710511.719308394],[701478.5434783034,5710527.790019221],[701506.026509417,5710528.917336161],[701550.3264756013,5710534.733797432],[701763.7544909118,5710578.022542644],[701768.7104274955,5710579.225603772],[701855.1086377278,5710595.785938416],[701942.470693432,5710613.379487883],[702043.9012582944,5710629.55033489],[702122.4312545764,5710642.782158512],[702193.0112268333,5710654.6881108135],[702532.2326763653,5710724.583837244],[702578.1230251538,5710734.03932669],[702818.1575331234,5710653.30485006],[702880.3995931075,5710587.795183646],[702966.1176692744,5710450.174185262],[703040.6652481601,5710316.603333396],[703141.6811879628,5710147.583842602],[703296.3696816193,5709914.70236482],[703403.1612786632,5709751.427948549],[703485.0033167286,5709635.17132923],[703435.1132246255,5709582.574941604],[703418.0335809118,5709571.869775774],[703383.3131368193,5709539.916821205],[703117.8313365249,5709289.299575576],[703088.4190701491,5709262.07287062],[703046.5310160196,5709221.815117185],[703025.0593813001,5709208.421173733],[702982.2039099757,5709227.032708963],[702976.4463992247,5709225.840116773],[702968.5643330263,5709224.206605389],[702870.7765653527,5709209.452648614],[702857.5325484801,5709207.431474817],[702852.083038539,5709208.270012724],[702844.0477360305,5709208.859545825],[702838.7336725275,5709209.423895857],[702833.5993072143,5709209.38731734],[702826.93279113,5709209.00840413],[702735.0085026441,5709195.438813658],[702719.3829156234,5709192.282802139],[702680.6409502866,5709184.341162089],[702666.8273697558,5709181.520330571],[702647.9570435351,5709176.771932912],[702629.6325448349,5709171.586445017],[702616.5232542753,5709168.403324106],[702602.3359336747,5709164.244331882],[702581.3623465269,5709155.969380146],[702565.3347584951,5709146.264028025],[702561.5969437752,5709143.825388409],[702525.6304319433,5709113.479652891],[702511.1809206719,5709097.243793446],[702495.238714636,5709073.643670452],[702484.5977442036,5709053.278987098],[702478.6317334187,5709036.726672541],[702477.8218598346,5709029.216602912],[702476.4287433949,5709023.818710177],[702473.3531882113,5709012.042439433],[702468.4948847285,5708993.4675771585],[702461.126556477,5708968.710106183],[702458.6817654247,5708960.486997543],[702458.2941755545,5708960.545573884],[702456.1628526163,5708960.880559894],[702420.3666668631,5708967.423459535],[702390.0531386547,5708962.174698806],[702309.4890801124,5708937.352766562],[702223.0183992428,5708910.282959504],[702199.3763486587,5708913.318725388],[702033.8923001563,5708933.5584693095],[701983.7550932823,5708923.491413159],[701918.8426834329,5708944.352893022],[701868.9602014933,5708976.835225917],[701783.9516999661,5709023.898971254],[701717.4059355098,5709060.206300013],[701653.6273046639,5708943.487018017],[701613.1840174308,5708855.744521602],[701615.5417353162,5708737.228990755],[701648.5769964119,5708602.962236068],[701658.812009328,5708560.842886698],[701658.6948309565,5708514.790484786],[701665.1565664978,5708491.53798528],[701685.9126102098,5708461.357392623],[701732.8554455419,5708402.728112176],[701693.4191501428,5708388.09456164],[701653.7094199489,5708465.53888308],[701621.5062212485,5708469.726664081],[701586.5751203236,5708467.294494232],[701588.0764764631,5708406.298697534],[701591.9373321272,5708360.912353719],[701611.6336013795,5708332.191289716],[701620.3008224154,5708316.034116947],[701630.3766208033,5708314.447630628],[701572.9345922546,5708299.578833189],[701535.5046424189,5708272.520568339],[701473.7830055115,5708239.957711594],[701326.3282592624,5708162.346424891],[701264.9621236923,5708206.374313205],[701211.671435943,5708236.717106606],[701048.5560338532,5708150.452863339],[701003.0117362615,5708126.067740999],[700932.2464965245,5708179.720659741],[700904.6922479459,5708192.600593911],[700830.8768307334,5708223.10798197],[700797.7472936253,5708213.241545017],[700774.7040914816,5708213.79324564],[700736.875105057,5708233.263097027],[700694.6783599368,5708237.041024318],[700673.7951953143,5708233.681981782],[699893.7853955372,5707825.847834369],[699744.5628952007,5707852.257002335],[699352.9328980666,5707947.593623525],[699254.3171588357,5707990.030859322],[699215.3255094144,5708010.186987226],[699177.6806110804,5708039.972143038],[699153.4064891762,5708055.882327902],[699094.5715234777,5708078.237515085],[699038.0587729181,5708099.49180643],[698924.688119813,5708119.055153758],[698883.3606149494,5708121.849634661],[698871.2604513493,5708119.751943404],[698856.496593113,5708116.098749349],[698845.8594031773,5708109.56693201],[698816.3524738894,5708082.468198954],[698803.8983733011,5708157.957281965],[698788.7436521361,5708255.611070124],[698784.921974797,5708280.70758253],[698768.3371632642,5708388.336885387],[698760.9454835032,5708497.804591627],[698786.302669665,5708496.732460571],[698994.0179775113,5708487.959652215],[699034.9012687765,5708486.23305002],[699184.3224288315,5708479.919105524],[699221.4659054083,5708478.349479547],[699342.8025558077,5708473.225946532],[699443.4962038915,5708462.586592189],[699451.7852260262,5708460.234025303],[699504.3189580127,5708445.3376411935],[699506.2244247075,5708444.797779209],[699506.9287237779,5708444.597262612],[699516.8813655734,5708441.779037354],[699522.4157467207,5708440.209290721],[699538.7809157494,5708439.108801207],[699544.7544452678,5708438.707965411],[699548.8623647509,5708438.432226626],[699558.5937068879,5708437.779293694],[699578.1606040195,5708436.464749732],[699598.1238032266,5708435.126380933],[699610.984215854,5708434.307547618],[699623.5856977192,5708433.458057924],[699636.9009682211,5708432.407585163],[699649.0764100617,5708431.450575243],[699659.0390229975,5708430.75806886],[699670.0001193365,5708430.001430688],[699685.940224285,5708428.893526982],[699686.687934512,5708428.8440980185],[699697.8701256511,5708428.06653026],[699717.7950274113,5708426.686573808],[699738.1214962702,5708425.278059937],[699755.6977568049,5708424.05703043],[699770.6992789853,5708423.0156525485],[699790.6291892272,5708421.635900139],[699822.4586546458,5708419.437923849],[699823.755677555,5708419.34437003],[699825.8280879166,5708419.195374423],[699825.9571895157,5708419.186067719],[699812.7880499953,5708443.398867895],[699795.3881165566,5708476.931919618],[699794.296384987,5708479.024132693],[699839.5468590627,5708474.784176429],[699875.9652478672,5708471.373072158],[699851.5187292208,5708504.176816023],[699841.747192598,5708517.784034973],[699831.9808617006,5708531.386456552],[699829.1252965102,5708535.363100898],[699817.9312103331,5708550.953904895],[699814.2637202275,5708556.423686859],[699805.1310132897,5708569.952020717],[699800.6838137844,5708576.495828908],[699799.6025677581,5708578.088009396],[699795.1775253413,5708584.822965001],[699785.2426920006,5708599.849784285],[699762.7181148648,5708636.437089503],[699760.7121642802,5708639.695313892],[699753.704852658,5708651.074910924],[699726.1148194963,5708690.726109739],[699704.2153460633,5708722.803470815],[699701.920366363,5708726.1675638575],[699699.768961594,5708729.327328766],[699674.9633374015,5708765.75960069],[699666.7410735164,5708777.833886046],[699657.2776243828,5708793.935984428],[699652.048143392,5708802.834975092],[699647.54861481,5708809.556785949],[699644.9469517767,5708813.443828284],[699615.8283314366,5708856.93085045],[699612.3238437942,5708862.452391522],[699595.0954062497,5708889.60651152],[699591.2031433473,5708896.408327188],[699578.8652926714,5708923.4127078755],[699574.7302991153,5708932.471673538],[699567.6581200395,5708948.596743133],[699557.671787016,5708970.247582341],[699538.8068527859,5709007.528970177],[699532.7252124958,5709023.174218838],[699531.4618219641,5709026.422079603],[699530.4078789374,5709029.125590894],[699526.3881845112,5709039.468047847],[699524.9653255617,5709043.117093044],[699520.0077491594,5709059.674410584],[699518.9284176228,5709063.275536129],[699518.1436504868,5709065.907368414],[699581.172463346,5709101.709540255],[699561.7779818273,5709118.383016761],[699546.9647516939,5709132.524152975],[699515.6910410308,5709162.353632698],[699496.2001120796,5709181.9851015005],[699494.2659366631,5709183.874389442],[699483.7730792665,5709194.119122515],[699474.9949031302,5709202.682928557],[699470.104370158,5709207.456548639],[699465.4852709124,5709211.669973044],[699463.8427099674,5709213.409694215],[699457.2792822772,5709219.456090486],[699455.0464028774,5709221.506932471],[699445.409758057,5709229.954826655],[699428.0659702816,5709245.687511668],[699423.3162442693,5709250.6594646],[699412.0942362662,5709260.818387622],[699386.9869971758,5709283.839899996],[699384.4061841603,5709286.199522526],[699376.4899152624,5709293.432419802],[699368.3922669753,5709300.695082378],[699337.6129756257,5709328.315375513],[699334.6020834465,5709331.017492221],[699332.7914697233,5709332.768890746],[699317.6839803501,5709346.668283067],[699288.7779926489,5709373.27875801],[699285.6571979647,5709376.088102143],[699278.9194427643,5709382.139800395],[699257.2072314911,5709401.723558225],[699253.9089312053,5709404.61866364],[699241.7009336099,5709415.351954505],[699207.409161607,5709445.485934946],[699207.1984358763,5709445.626477614],[699194.8474114174,5709453.789097437],[699190.45592713,5709456.689033381],[699178.2135352006,5709464.775405429],[699162.1468616022,5709475.412439113],[699158.2592222667,5709477.991537594],[699152.8001693445,5709481.481266606],[699151.3142709085,5709482.432425858],[699149.8345223416,5709483.384081691],[699145.6517207104,5709486.193301565],[699137.7324958766,5709491.532105791],[699124.6912799214,5709500.318440805],[699120.2402331947,5709503.30921829],[699107.0843505706,5709512.171489427],[699104.7280701874,5709513.751563783],[699086.7397729012,5709525.961503802],[699074.4498142229,5709534.3006060505],[699071.5437130639,5709536.26793055],[699056.7751492119,5709546.287409546],[699047.2553929848,5709558.397664367],[699038.7054666681,5709569.268502737],[699035.9013068075,5709572.836079795],[699007.3381584599,5709608.048885802],[698992.3871172516,5709651.290585069],[698987.5180725465,5709665.380025048],[698966.8255247199,5709702.194747634],[698966.202464351,5709703.305675058],[698939.1643573069,5709750.088098217],[698904.9537180099,5709804.289105242],[698889.4528774621,5709828.834867747],[698860.7490660832,5709869.140276692],[698848.6207218684,5709888.980363642],[698845.9844915693,5709892.38724708],[698845.2168149814,5709893.392724033],[698839.4525550797,5709900.844333457],[698803.6220033502,5709953.0536762355],[698777.8731092892,5709989.90335474],[698748.3895652829,5710032.107953088],[698721.9409445307,5710062.55104524],[698677.086720063,5710109.776353229],[698635.8963238321,5710161.846595535],[698610.3490688482,5710193.779800967],[698579.8136781292,5710231.954499268],[698549.1531175165,5710278.6379047055],[698525.9936846087,5710313.668540261],[698521.9583447124,5710319.091948203],[698521.8026810499,5710319.300543164],[698519.4954894293,5710322.400488323],[698468.3813558242,5710378.337105282],[698431.1560280456,5710408.624341258],[698334.7587671316,5710501.323883109],[698288.8334338192,5710553.744847868],[698244.1909649711,5710607.099221705],[698216.9049630801,5710649.094470513],[698185.7754449713,5710693.894722319],[698173.6198375985,5710722.7980247205],[698163.749072378,5710752.12035755],[698151.7679259708,5710787.506770131],[698110.5782098505,5710881.374600406],[698110.5063817237,5710902.891350835],[698113.6898641789,5710903.242172519],[698116.9534886337,5710903.471106076],[698119.3388048712,5710903.639024652],[698124.2792902759,5710903.981829284],[698190.0316490735,5710913.810561727],[698222.93394271,5710916.441377131],[698229.6881278511,5710916.978686461],[698260.5602880155,5710919.446195818],[698266.5764859295,5710919.918166249],[698270.5072660628,5710920.2295715315],[698336.6151877944,5710925.418610282],[698368.9394961466,5710937.139114233],[698412.0090323291,5710952.753578306],[698429.6677728422,5710959.158151118],[698445.7979390967,5710965.004572054],[698448.7811378441,5710965.84763824],[698520.628912189,5710986.175836182],[698527.256384856,5710988.0941709345],[698532.4447041785,5710989.593215398],[698553.4105963861,5710995.653036684],[698567.3036532763,5710999.671116322],[698571.834062635,5711000.982991994],[698620.101383087,5711014.938929549],[698672.1931847462,5711028.871661485],[698676.4542331764,5711029.917249674],[698761.988787936,5711050.8770133965],[698779.721994285,5711055.222768081],[698829.9351994706,5711067.982418655],[698845.6496446913,5711072.740814096],[698853.5743682871,5711074.71059803],[698853.7075345236,5711074.743673976],[698855.5437247691,5711075.200145874],[698855.8096353274,5711075.266158276],[698858.2543833635,5711075.873869858],[698865.4709469082,5711077.667679641],[698897.1695942241,5711087.195601233],[698943.9766868269,5711094.05023076],[698955.6773298709,5711095.761322205],[698959.6023225936,5711096.337752726],[698999.4026005798,5711102.10416968],[699047.8316825186,5711111.752888317],[699061.0133424009,5711115.54661531],[699068.2989497719,5711117.6471289005],[699082.2571989258,5711121.662891117],[699121.7989032443,5711140.565881576],[699121.7102510121,5711167.126675881],[699121.656705636,5711184.170199557],[699193.4634827108,5711225.511203259],[699290.8668223177,5711283.371540953],[699288.3341087908,5711287.771792717],[699273.3580982613,5711313.812000747],[699283.3262828687,5711334.2093100855],[699283.6541430542,5711334.878393213],[699284.0738081578,5711335.506156953],[699297.3347372335,5711355.422989102],[699299.376119445,5711358.48451308],[699316.4792378208,5711375.140838591],[699369.9495265288,5711419.888593579],[699428.2064303377,5711462.996020674],[699452.3125036745,5711480.835436856],[699494.2131223825,5711510.309994879],[699500.3475167726,5711514.395998256],[699504.4698051498,5711517.141644547],[699505.3552689818,5711517.731275441],[699508.6815315242,5711519.946858773],[699520.7751508756,5711521.428512782],[699547.9009573291,5711524.752156639],[699748.9702801841,5711551.856397174],[699982.1991572396,5711575.936993295],[700159.7987047115,5711589.731068752],[700312.5333724973,5711587.482757566],[700499.9835736076,5711580.66006499],[700527.1446919702,5711247.966465691],[700702.7485250474,5711261.678207524]]]}},{"type":"Feature","properties":{"briefwbz":"90034","gid":41,"ogr_style":"","booth_id":"090034","municipality_id":"15002000","voting_mode":"B"},"geometry":{"type":"Polygon","coordinates":[[[706936.054133438,5708762.241681022],[706919.318389128,5708731.025869115],[706873.4299520067,5708666.085332228],[706860.5088247464,5708639.528217044],[706830.4211568143,5708567.727693562],[706818.9079153566,5708531.217563727],[706805.2585318368,5708485.615047022],[706789.0702363814,5708465.432229919],[706656.3938319172,5708552.082927079],[706566.233167785,5708614.946713472],[706471.9914593617,5708679.649029902],[706537.4265705784,5708719.370143752],[706670.4369619137,5708795.391666173],[706834.2744895723,5708888.693674544],[706821.122062542,5708892.153732796],[706874.6606221157,5709051.002318178],[706951.325554633,5709036.627412914],[706906.1642159647,5709299.975653704],[706904.6210551446,5709308.974408137],[706882.0612280502,5709383.124648168],[706862.8154906547,5709425.378648952],[706846.0209809244,5709468.73272977],[706874.8044304838,5709486.929135118],[706939.5222380401,5709519.610057125],[707004.3488289549,5709549.79244739],[707036.2806150839,5709576.626237714],[707072.9325861003,5709622.675445919],[707079.3515992837,5709633.954487511],[707079.3241337361,5709633.837649272],[707094.5588908235,5709629.022690942],[707116.6078051863,5709622.054022168],[707131.5774565584,5709617.533047283],[707143.447445101,5709613.905943134],[707157.7873368806,5709609.720263945],[707157.8429575629,5709609.7017732505],[707161.9139477485,5709608.538421251],[707166.2931153999,5709607.225626694],[707174.6698984283,5709604.816545209],[707182.6471115573,5709602.631296762],[707191.1780150005,5709600.368685317],[707200.0669012709,5709597.920551228],[707210.0986121657,5709595.4291750435],[707219.0475594206,5709593.223725008],[707228.5889792439,5709590.972499617],[707237.3474685762,5709589.01949777],[707244.6372524609,5709587.486762108],[707253.621870567,5709585.63308674],[707262.9425210253,5709583.883306667],[707272.261120694,5709582.183539312],[707281.558897652,5709580.50289547],[707292.4309441269,5709578.756688121],[707301.5453381352,5709577.398796442],[707310.9346403821,5709576.172351395],[707319.7818327628,5709574.98372759],[707329.3140249625,5709573.933289337],[707339.2921138494,5709572.750969954],[707349.2598936729,5709571.81852949],[707358.17434239,5709570.942959755],[707370.0703229834,5709570.0995600745],[707379.0812170424,5709569.558219603],[707388.1004121338,5709569.057297155],[707397.7978816675,5709568.614251425],[707406.4767019902,5709568.359629077],[707415.2250110626,5709568.117815001],[707425.1025122454,5709567.922374338],[707437.3146750083,5709567.912739277],[707446.8592867455,5709568.023900101],[707456.9506815613,5709568.227622403],[707468.2670803252,5709568.581597507],[707480.7331904637,5709569.213050872],[707491.5180569014,5709569.835544517],[707504.4311581221,5709570.795566019],[707516.8130334042,5709571.773816622],[707526.8373729076,5709572.635398228],[707539.8589087335,5709573.880166577],[707551.0429681289,5709575.019515009],[707566.4321509013,5709576.621589073],[707584.6586703516,5709578.600354794],[707606.3815613214,5709580.9927390665],[707618.5775363651,5709582.353756908],[707628.9118232651,5709583.468273128],[707650.9720434381,5709585.934548874],[707672.8360867973,5709588.302665403],[707691.6105105572,5709590.34392114],[707704.1266569588,5709591.669868189],[707708.1702182029,5709595.178104669],[707740.7823244059,5709617.537509037],[707767.1905036573,5709632.630950145],[707802.1533366267,5709646.578573993],[707840.7157214801,5709658.1710546035],[707884.4799142596,5709664.971447324],[707924.4915298156,5709665.606516424],[707963.1663382368,5709662.187291001],[708017.724205059,5709649.911534084],[708076.7865943727,5709625.313014884],[708132.8303229795,5709589.0705703385],[708161.9783139287,5709561.736029616],[708200.7509674218,5709519.289290888],[708235.6094063437,5709462.659045363],[708258.1222279888,5709414.036847024],[708271.4345209042,5709370.036334638],[708278.455853557,5709308.768198383],[708273.0399946129,5709245.486943434],[708272.3908116134,5709241.780552863],[708267.2346511537,5709236.737818151],[708266.368525413,5709235.891515164],[708265.4735614797,5709235.013971109],[708264.7615566317,5709234.314139089],[708263.8664485762,5709233.441598867],[708262.7934412407,5709232.391615244],[708261.7204339053,5709231.3416316295],[708260.6472214563,5709230.296649342],[708259.8357843099,5709229.502258897],[708256.7257260148,5709226.457276993],[708252.6736194676,5709222.507466133],[708238.3242681267,5709208.485942279],[708218.6649752781,5709189.21181553],[708194.3612377173,5709165.543202174],[708182.6815102801,5709154.033518115],[708166.7302728693,5709138.555010521],[708146.6297265948,5709118.812415096],[708127.0242430592,5709099.690621571],[708111.2237411542,5709084.198326858],[708095.23829262,5709068.578277545],[708077.7317383264,5709051.484512383],[708054.4228112128,5709028.697509027],[708043.2622466872,5709017.709615974],[708033.1965608967,5709007.847686995],[707999.4545697613,5708974.883424294],[707978.6746559816,5708954.622476542],[707955.690517991,5708932.459390651],[707926.9962901811,5708905.037329768],[707898.2070036203,5708877.981669897],[707872.2961497112,5708853.7166848695],[707850.4539606983,5708833.24205224],[707834.80467126,5708818.6986838095],[707817.9116151645,5708802.99960798],[707785.3770567273,5708772.567307275],[707735.1102108418,5708725.653440974],[707706.7628782925,5708698.815430171],[707691.9253927745,5708685.224412126],[707674.3789240733,5708668.859764181],[707654.633452572,5708650.2228449555],[707638.6650820404,5708634.673642668],[707624.5912949918,5708620.5234178575],[707618.601573455,5708614.258987409],[707611.6916028053,5708607.031916825],[707605.5910024979,5708600.555770424],[707595.080072602,5708589.104104966],[707590.0767660716,5708583.453678492],[707584.4517663475,5708577.0971092535],[707578.3945295451,5708570.052186114],[707568.1516933374,5708557.92085041],[707562.9713448088,5708551.827748397],[707560.0073638164,5708548.192806608],[707557.4975895123,5708545.076973237],[707555.915846629,5708543.130291245],[707554.6221336797,5708541.5403576195],[707549.0211985282,5708541.807549349],[707538.3911930412,5708542.695902497],[707521.1948577795,5708542.255610802],[707514.0893157404,5708541.744773917],[707504.0308736857,5708541.021996453],[707485.8744698873,5708538.158813796],[707481.9753523563,5708537.665160733],[707473.4911497089,5708536.591562746],[707457.4162624767,5708534.659952982],[707379.4655651716,5708530.686937012],[707347.9688610756,5708529.89218462],[707180.5655477487,5708523.530171171],[707145.5924645172,5708522.09598243],[707109.6211431671,5708520.620857846],[707032.8587591035,5708574.023423546],[706994.6433564582,5708615.002546745],[706969.2940956714,5708659.502695535],[706954.6909250638,5708710.454908719],[706944.6445645969,5708784.6153547885],[706936.054133438,5708762.241681022]]]}},{"type":"Feature","properties":{"briefwbz":"90035","gid":42,"ogr_style":"","booth_id":"090035","municipality_id":"15002000","voting_mode":"B"},"geometry":{"type":"Polygon","coordinates":[[[706139.5125747154,5709318.1359475525],[706150.1226404029,5709242.5021539945],[706074.0378567218,5709218.360269789],[706006.8671514107,5709196.583515362],[705892.2409071585,5709160.353363489],[705893.0123068464,5709251.476173915],[705894.3531651816,5709267.5410177205],[705893.476332806,5709325.564331236],[705895.6292711751,5709407.229902022],[705893.7178421029,5709502.74497232],[705893.6899458597,5709588.823388363],[705893.0719480221,5709725.93178112],[706047.8979311136,5709770.313234782],[706201.7157080328,5709818.58617984],[706233.19145846,5709828.464168018],[706259.8655386157,5709837.06618298],[706343.2882225842,5709840.984647239],[706371.9687296555,5709837.155579716],[706405.1676877011,5709827.810209621],[706409.337743128,5709841.19109696],[706410.6037101566,5709845.253452348],[706419.9957854764,5709841.180421296],[706444.8706302436,5709831.539822016],[706456.9979793914,5709826.983008205],[706467.4297656204,5709823.42047431],[706490.5213400543,5709815.619755691],[706507.9530984592,5709809.936622164],[706525.4456553038,5709804.449892566],[706547.7734881751,5709797.552211311],[706577.5882862739,5709788.341479568],[706614.2894576438,5709777.003468691],[706656.3555347222,5709764.03551431],[706699.7912074337,5709750.676093665],[706743.6197911351,5709737.195809612],[706768.6206480737,5709729.506489752],[706812.6174822072,5709715.9744463125],[706854.8468181406,5709702.986156573],[706898.212358618,5709689.648451537],[706984.1690381678,5709663.57486528],[707079.3702401455,5709633.987081949],[707072.9325861003,5709622.675445919],[707036.2806150839,5709576.626237714],[707004.3488289549,5709549.79244739],[706939.5222380401,5709519.610057125],[706874.8044304838,5709486.929135118],[706846.0209809244,5709468.73272977],[706862.8154906547,5709425.378648952],[706827.4838805015,5709420.420612293],[706752.7646675814,5709409.70885357],[706742.6497883392,5709390.569349507],[706726.8300447345,5709372.706078214],[706709.6837962728,5709341.023970522],[706674.0860444608,5709280.676469491],[706647.5271368133,5709223.792903945],[706633.2172968815,5709208.584700654],[706633.2171981914,5709208.584787712],[706633.2172056958,5709208.58460474],[706637.5042467554,5709204.803017942],[706639.3403451401,5709203.231721966],[706641.7863840004,5709200.579400125],[706643.0376342774,5709187.032660402],[706633.9949228253,5709142.589593462],[706673.3557404326,5709140.194993177],[706680.2738453357,5709139.77406016],[706672.8427075758,5709090.774179256],[706659.1936477115,5709045.171665011],[706629.06576145,5708998.88711612],[706556.8798000598,5709050.483374191],[706487.3769951412,5709097.681287521],[706498.7834205587,5709124.67289623],[706500.9032225283,5709146.278244735],[706497.9990907449,5709168.180415916],[706489.7246519509,5709186.863130413],[706481.2414908931,5709198.525685617],[706467.7405464234,5709210.485618476],[706446.2831550054,5709221.113211132],[706424.6368800096,5709224.231060487],[706400.7113595374,5709221.74698579],[706383.9697028901,5709215.055057028],[706369.8497293261,5709205.464965098],[706357.8900490815,5709191.9639778435],[706358.3946835613,5709206.8202391965],[706354.852393373,5709247.989503018],[706332.0969022884,5709337.895263927],[706305.9688100723,5709332.453878601],[706274.5304164332,5709326.132614242],[706258.3679005669,5709323.0862194775],[706257.5697055156,5709328.019171041],[706252.7331900864,5709327.291140206],[706252.0888776788,5709331.700729409],[706239.9337912018,5709329.462643326],[706229.0853530313,5709327.487258087],[706225.36158055,5709326.809034347],[706210.9757191471,5709323.360556346],[706197.6921543961,5709331.982274791],[706194.0735585259,5709331.375428734],[706192.2197542308,5709328.715929186],[706188.8337031865,5709323.854543075],[706186.966769608,5709321.173485107],[706181.8788994699,5709314.313780899],[706158.010851904,5709330.905052025],[706139.5125747154,5709318.1359475525]]]}},{"type":"Feature","properties":{"briefwbz":"90037","gid":43,"ogr_style":"","booth_id":"090037","municipality_id":"15002000","voting_mode":"B"},"geometry":{"type":"Polygon","coordinates":[[[706747.3219241304,5706505.344410169],[706590.1957528861,5706480.383778073],[706534.9637859697,5706472.617106973],[706414.5203346722,5706456.165422809],[706415.989633046,5706444.718007581],[706493.5448178633,5706396.3466642015],[706533.8432905774,5706328.928891376],[706594.4833356205,5706229.318957542],[706418.6238504524,5706209.59575934],[706236.307634477,5706188.614139729],[706230.8351892359,5706187.886683814],[706216.6066073973,5706266.377958177],[706215.9813221943,5706269.358186924],[706156.5913619662,5706277.431046783],[706154.0721544065,5706277.830811275],[706144.0025435841,5706279.417702018],[706122.3148796207,5706259.009747822],[706117.4818299832,5706254.80595119],[706092.0980993913,5706214.728017954],[706038.7706392647,5706221.552822224],[706008.1235556991,5706187.767358045],[706004.7704883926,5706184.121112729],[705992.7695123445,5706171.618628216],[705990.373319508,5706169.017821258],[705949.7483722202,5706122.309546856],[705877.2424239992,5706120.840170899],[705847.1584651137,5706146.633601814],[705877.2420066912,5706181.898766752],[705919.8017798178,5706230.18901323],[705934.6128926983,5706247.308924391],[705979.8661837806,5706303.217768578],[705980.3583042508,5706315.751475224],[705994.3707793186,5706352.357594135],[706008.2297505984,5706404.973447708],[706036.5253383832,5706508.235563891],[706057.1473806463,5706530.096273871],[706069.6300067003,5706543.121637078],[706086.3554118045,5706562.326195961],[706106.4608825906,5706584.668843718],[706126.043690496,5706607.49298953],[706146.6511686045,5706629.862398589],[706212.6902589089,5706703.633439392],[706226.4985911376,5706708.708088676],[706243.7115225168,5706703.90530216],[706255.4607904837,5706661.350323648],[706294.9348677677,5706662.968714519],[706324.2199996834,5706656.66133606],[706345.585724294,5706660.536817097],[706408.399236179,5706678.631340219],[706428.3464932237,5706680.449075283],[706604.7126490608,5706712.203999628],[706735.4823161993,5706733.078536437],[706737.9256744436,5706649.098490698],[706743.2099024184,5706581.251120704],[706747.3219241304,5706505.344410169]]]}},{"type":"Feature","properties":{"briefwbz":"90038","gid":44,"ogr_style":"","booth_id":"090038","municipality_id":"15002000","voting_mode":"B"},"geometry":{"type":"Polygon","coordinates":[[[705809.0567566736,5706673.074499138],[705845.0137365471,5706675.04556822],[705909.0255621142,5706676.173376395],[705979.8733412016,5706681.58081322],[706024.2153004182,5706686.398293224],[706054.6321376654,5706689.148190741],[706084.0504961379,5706691.857152309],[706114.4670986559,5706694.607041511],[706212.6902589089,5706703.633439392],[706146.6511686045,5706629.862398589],[706126.043690496,5706607.49298953],[706106.4608825906,5706584.668843718],[706086.3554118045,5706562.326195961],[706069.6300067003,5706543.121637078],[706057.1473806463,5706530.096273871],[706036.5253383832,5706508.235563891],[706008.2297505984,5706404.973447708],[705994.3707793186,5706352.357594135],[705980.3583042508,5706315.751475224],[705979.8661837806,5706303.217768578],[705934.6128926983,5706247.308924391],[705919.8017798178,5706230.18901323],[705877.2420066912,5706181.898766752],[705847.1584651137,5706146.633601814],[705474.3763793339,5706181.3987954995],[705465.0486243885,5706177.010808736],[705366.4722629355,5706200.99601915],[705381.8456497707,5706253.177090833],[705382.2343905129,5706304.743662445],[705370.402906274,5706349.301094101],[705346.5548664851,5706393.862683076],[705378.6238460271,5706502.7812145315],[705432.4967406887,5706690.164919747],[705463.2554980139,5706794.688911072],[705465.4469924223,5706802.125599066],[705465.5488788177,5706802.520895771],[705475.0739143223,5706798.918419703],[705543.7054101299,5706772.947907644],[705564.5703714029,5706764.649620222],[705537.6460759038,5706750.032445055],[705531.1749218383,5706724.739941981],[705596.016798817,5706717.890750761],[705583.5356702909,5706668.3309103735],[705671.0734209451,5706669.417230045],[705809.0567566736,5706673.074499138]]]}},{"type":"Feature","properties":{"briefwbz":"90040","gid":45,"ogr_style":"","booth_id":"090040","municipality_id":"15002000","voting_mode":"B"},"geometry":{"type":"Polygon","coordinates":[[[707652.5888502342,5710489.483245374],[707641.5378651331,5710496.700736143],[707617.6865177843,5710512.2783855535],[707603.9762461076,5710521.235193476],[707591.2637992717,5710529.537251839],[707579.0036855359,5710537.547566659],[707569.0786355862,5710544.027033453],[707566.2346477052,5710545.887318155],[707562.6041212899,5710548.255838783],[707553.8099630396,5710554.005981519],[707553.037658118,5710552.844613065],[707552.1129185178,5710551.45399878],[707547.014404232,5710554.593060498],[707540.8705132678,5710558.935498741],[707533.6387770957,5710564.054051534],[707531.6902722572,5710565.435555997],[707523.519583085,5710571.972013586],[707522.7086777083,5710572.74513098],[707517.4159842798,5710577.792684513],[707517.154720519,5710578.042044949],[707514.1198292673,5710580.895401083],[707511.0051626745,5710584.230998878],[707505.9931993728,5710589.650827138],[707504.5477813898,5710591.213094618],[707497.6050315755,5710599.536577081],[707496.1772779522,5710601.386099857],[707493.0328783498,5710605.459959164],[707490.0604912972,5710610.207715118],[707488.5766653212,5710612.584195011],[707484.8849659816,5710618.414539234],[707482.7327992456,5710621.813565672],[707477.4019377467,5710631.71469094],[707474.1466288001,5710638.970479373],[707474.0637893392,5710639.155067583],[707471.9348452474,5710643.998636138],[707470.8401189272,5710646.489987308],[707467.8923858234,5710655.027436198],[707467.2841376716,5710656.679088698],[707464.2544853541,5710667.2151048975],[707462.4992053983,5710674.325191741],[707462.1776808965,5710675.628089733],[707460.8144674696,5710683.850101671],[707460.2727230887,5710687.617356509],[707459.6169506636,5710692.179104435],[707459.3009346392,5710694.393261908],[707459.315430573,5710695.259680538],[707458.3163696455,5710703.877061884],[707457.9311803266,5710711.924018607],[707457.8625206668,5710715.286808979],[707457.8170154933,5710717.514689695],[707458.2347381735,5710729.047919299],[707458.2848589682,5710730.511404562],[707415.463152438,5710724.055340775],[707394.7461356197,5710720.933329501],[707374.1517370734,5710717.829178285],[707368.6557892116,5710717.0009836815],[707364.7513451667,5710716.41243412],[707359.8791669928,5710715.678068314],[707286.8040164931,5710704.664237645],[707289.3512661842,5710812.428093836],[707293.7318438722,5710816.034850019],[707292.8437818405,5710818.934657415],[707292.1586234858,5710821.332286972],[707289.6336441336,5710820.941265013],[707289.5520495931,5710820.928692807],[707147.0988552683,5710798.874654102],[707048.7106192033,5710784.078428373],[706969.3957459353,5710771.60111233],[706917.2915119902,5710763.407939487],[706914.3339133475,5710762.942905451],[706928.9801793434,5710789.394139596],[706986.1963649011,5710895.340236739],[706987.6228788008,5710945.950305144],[706989.4447732817,5710962.544144541],[707000.220096692,5711017.033870235],[707092.8606312466,5711005.55719981],[707094.2926830993,5711005.379694083],[707090.6955501938,5711080.804591646],[707095.1004098632,5711193.09243524],[707089.3779446098,5711295.953978491],[707085.6536265166,5711362.3687844],[707196.0078910292,5711369.2807608945],[707195.7957650028,5711372.7822097875],[707195.5003845366,5711378.030156353],[707188.675665317,5711498.8867105665],[707186.311358571,5711532.852508074],[707185.9711896002,5711537.728204523],[707183.2678103347,5711583.131106924],[707182.7473448226,5711591.91320511],[707198.2042184183,5711620.899591945],[707205.8693628901,5711634.183494003],[707236.3233666043,5711686.960447841],[707239.7607907075,5711692.716854464],[707254.2013587735,5711724.3941741465],[707282.4369674303,5711781.281210286],[707296.9409659053,5711827.149789054],[707313.4753986916,5711881.5948346155],[707324.5189582016,5711921.415813787],[707329.2791173108,5711942.506216331],[707334.7495576566,5711966.7788195945],[707337.5389799884,5711989.670189287],[707337.3116082267,5712024.73460269],[707342.2760772611,5712107.572819957],[707350.6939951772,5712226.637456561],[707351.1383807592,5712230.689601509],[707351.2453456721,5712231.663734664],[707402.1230072685,5712236.682094823],[707558.7533707453,5712261.620885249],[707636.2466349212,5712275.811041077],[707702.2041496439,5712290.534141842],[707806.6011842972,5712319.838465448],[708015.5756439043,5712386.465698348],[708031.4212718838,5712390.6248209365],[708027.7834016124,5712332.918731126],[708029.8580407349,5712294.462824896],[708064.0962188145,5712118.700902003],[708078.2517707879,5712017.681514999],[708080.6154195137,5711911.173018437],[708071.5007425526,5711816.21048304],[708058.9243563367,5711744.624089935],[708029.3418700671,5711611.783673153],[708018.7084154864,5711590.325732854],[707988.9983499818,5711582.604836409],[707944.1334557986,5711578.26151494],[707915.9382977263,5711570.09966007],[707891.2155989725,5711550.566338392],[707874.3573673831,5711522.344756295],[707866.8678422468,5711497.513042577],[707863.5759763747,5711467.854506588],[707858.0871410688,5711345.510676042],[707840.7635451161,5711279.735023937],[708396.2227905735,5711367.08349451],[708468.9038028542,5711376.573337707],[708552.4336143389,5711390.011081356],[708584.2486229524,5711395.315710372],[708585.9762295666,5711395.590209567],[708585.6533428655,5711392.647489685],[708585.1287495892,5711387.866352854],[708583.6214274521,5711374.087675753],[708583.3360606206,5711371.482819521],[708581.5866060918,5711355.5048326915],[708572.9907846552,5711276.996533503],[708566.8238942635,5711220.654180962],[708560.8778705477,5711166.367919931],[708558.0337018956,5711140.416222828],[708554.4090141187,5711107.380694656],[708549.2881422634,5711060.675579186],[708542.1185767476,5710995.343442023],[708537.9119678568,5710956.9739134805],[708528.0878313354,5710867.409554756],[708527.4579834092,5710860.43698794],[708526.834228844,5710844.028163941],[708554.4733429394,5710846.060197259],[708549.030767591,5710795.237944309],[708545.9987187979,5710765.690051732],[708545.7041636981,5710762.890479253],[708565.5816609386,5710764.4417321365],[708742.2320084438,5710777.190248259],[708743.6811660264,5710766.238833696],[708722.460116808,5710588.200991197],[708708.8643611511,5710492.551314368],[708681.2614010329,5710396.823986316],[708675.477189401,5710367.056707336],[708675.4196045147,5710366.825180369],[708645.8362940649,5710247.727492276],[708616.3224652149,5710161.938946312],[708712.7202588966,5710142.36848318],[708791.546144967,5710124.082988936],[708800.1398523041,5710120.5115020815],[708807.8816233603,5710162.346905341],[708859.9688960676,5710152.17637443],[708940.6289987769,5710142.126852803],[709011.4225852342,5710132.733597118],[709037.9826270489,5710129.213543948],[709016.206199979,5709985.42063462],[709014.0961735579,5709971.480247967],[709002.0758533471,5709892.039557123],[708935.441187346,5709873.7356165275],[708679.0462604766,5709804.159719599],[708507.8948622792,5709767.113271482],[708334.7167749754,5709742.9941458],[708167.2061084209,5709727.11267575],[708100.2335797171,5709724.868879132],[707942.6355480799,5709711.393729555],[707849.9148400791,5709690.077974298],[707681.2135742456,5709630.104432421],[707818.1142742296,5709928.502138764],[707819.4338830252,5709931.456460888],[707828.474683594,5709953.7494242005],[707865.5045499208,5710035.101243593],[707901.9668787541,5710117.119080338],[707918.5760248795,5710152.633756392],[707931.9224270971,5710182.443865001],[707934.7269678349,5710188.259958398],[707938.2851797066,5710195.684354636],[707827.5337579348,5710178.820581982],[707731.3784984921,5710164.176277634],[707602.5845025639,5710143.877082145],[707415.1639917926,5710113.168354288],[707404.2537693057,5710110.721127469],[707401.8804905347,5710110.109494913],[707414.6949855088,5710133.051332666],[707475.3693251372,5710222.8043799605],[707496.5794119178,5710254.528105983],[707577.6653606377,5710376.104743794],[707602.8263152645,5710414.179691094],[707652.5888502342,5710489.483245374]]]}},{"type":"Feature","properties":{"briefwbz":"90041","gid":46,"ogr_style":"","booth_id":"090041","municipality_id":"15002000","voting_mode":"B"},"geometry":{"type":"Polygon","coordinates":[[[708239.5452976276,5706071.042539381],[708259.4100607554,5706135.922223579],[708260.9267156274,5706134.071541745],[708390.0390279795,5705977.115015164],[708436.268538308,5705925.757114507],[708554.6894404471,5705794.184373166],[708733.7629750208,5705601.330528103],[708838.1576365014,5705496.501490967],[708933.6485088491,5705401.324450906],[709035.7033140904,5705316.918209809],[709135.6632524316,5705246.945469103],[709226.7466607472,5705186.116867417],[709248.1991015318,5705200.006848904],[709266.6709489669,5705213.277773249],[709279.4549076059,5705218.807276994],[709283.2611194176,5705235.488930682],[709296.3181369721,5705276.322696474],[709314.6641488894,5705323.422362775],[709335.5408815639,5705366.657140041],[709344.3011246278,5705380.95837531],[709344.8080214988,5705391.9217919065],[709335.5293171841,5705409.358733079],[709317.3408750681,5705443.558467316],[709304.5527184717,5705469.6454840675],[709300.9288052119,5705484.569370296],[709299.1495284991,5705497.525689677],[709298.8500362231,5705508.313148047],[709298.4041594289,5705524.342256444],[709296.1427599357,5705538.9057581695],[709293.810920766,5705553.975900163],[709291.2212023265,5705570.643660954],[709288.0051031,5705584.863713771],[709285.2273291729,5705597.176769261],[709282.4966757048,5705609.2494553],[709278.2174200164,5705621.376754075],[709274.6340862673,5705631.526481935],[709272.0095270643,5705643.286802267],[709272.0193977063,5705652.739196687],[709272.0302680976,5705664.141890456],[709269.879665412,5705674.033636492],[709264.6255721695,5705682.3697692705],[709256.3537627042,5705690.998369456],[709253.4482176426,5705700.064388257],[709255.9763522474,5705707.930752905],[709263.4635399622,5705715.565782874],[709274.2030878449,5705723.092145437],[709288.3655254705,5705733.019201134],[709303.8756989823,5705742.187912004],[709317.8301452686,5705748.094734435],[709334.8000902898,5705755.286337842],[709343.989226943,5705758.21550668],[709347.930871043,5705759.470133183],[709359.0044839678,5705759.762553171],[709371.4969434885,5705757.703569646],[709380.1697220417,5705754.295619276],[709395.1413482771,5705748.419663287],[709407.4282216323,5705746.2281677425],[709421.347169098,5705746.643399498],[709432.9424081868,5705749.807751478],[709442.8987111531,5705754.178127321],[709452.3060285443,5705760.420112667],[709458.1639262618,5705768.10645635],[709460.8641640998,5705780.408018475],[709462.3210870237,5705794.254523954],[709463.8052977994,5705808.3444493245],[709462.3632990284,5705824.127947096],[709462.2329827481,5705836.853732119],[709463.6750773627,5705849.997776166],[709464.9465409117,5705861.551499007],[709464.8162752024,5705868.669478322],[709461.1414986948,5705884.833276799],[709459.5183774354,5705895.951439142],[709459.3894754311,5705916.061291953],[709459.2038166345,5705943.615083304],[709460.6158280759,5705959.4659110615],[709460.9514491957,5705993.847494967],[709462.0165150068,5706010.888701538],[709464.6024739755,5706030.22178187],[709466.5483509576,5706044.715776293],[709467.6557432717,5706071.9312072005],[709467.6075631999,5706088.411443959],[709467.5525308293,5706107.021461609],[709467.9862508702,5706113.8644820405],[709471.267622728,5706165.159344958],[709471.811143993,5706171.292610671],[709469.1109983812,5706186.862933025],[709468.3090911155,5706194.909752085],[709471.5718000344,5706245.44627964],[709473.3671156624,5706300.5744518265],[709471.817238377,5706313.689130723],[709468.0879988518,5706324.6712154085],[709460.3965808643,5706336.863656398],[709452.081411699,5706350.030092416],[709447.9500868083,5706360.970947665],[709446.9438134601,5706368.400763012],[709445.9745126057,5706375.533769359],[709443.1147961013,5706378.63346227],[709446.6015687032,5706391.290164092],[709455.657683163,5706426.700148138],[709471.9852357256,5706492.428773369],[709508.1959419886,5706634.552137008],[709529.5202611459,5706700.4917108435],[709544.7314331675,5706720.131228379],[709590.364184251,5706754.531770138],[709603.7117203856,5706758.581624789],[709624.0322617064,5706763.4204827305],[709656.5793179316,5706775.262677619],[709694.1742374968,5706773.804544778],[709731.8105302941,5706771.3419395825],[709751.7474684583,5706761.148374312],[709776.2363479442,5706737.627965908],[709777.1824704725,5706736.0645486545],[709827.2467914212,5706653.134999174],[709838.1422520155,5706631.55999996],[709844.4955634262,5706610.804639695],[709850.7535700444,5706531.482267725],[709850.636059535,5706509.958680784],[709858.0801504502,5706499.252962162],[709899.9019800534,5706494.676407882],[709997.8433288252,5706483.960827416],[710023.1300522959,5706477.489414919],[710031.2633832722,5706474.363680134],[710064.320016589,5706461.658830408],[710084.7387606482,5706457.894052646],[710105.5746228728,5706458.344501482],[710131.4542706155,5706461.796636796],[710168.3065781712,5706469.064339508],[710204.2172483621,5706474.908664986],[710261.0809245426,5706483.195782342],[710284.9608167447,5706486.956882784],[710305.5553865295,5706488.596244474],[710315.5422193904,5706487.217132939],[710324.6591419559,5706482.821417752],[710343.0210809015,5706480.599327985],[710385.403966997,5706473.996573929],[710412.172082868,5706470.3243339695],[710430.5160957611,5706468.69168316],[710440.4703976585,5706468.106202178],[710447.5138965745,5706465.811451647],[710460.7123051205,5706458.806974273],[710471.3512466943,5706456.063464485],[710468.152135601,5706446.995594118],[710466.9956842635,5706442.631951542],[710565.6051315367,5706405.636776635],[710742.5750146741,5706337.318311498],[710979.9763097396,5706198.909327583],[710976.2190832329,5706180.732810459],[710981.8200938434,5706153.934966853],[710996.662972249,5706121.5167140905],[710994.5690192911,5706074.884212554],[710999.8895326972,5706055.0801438335],[711050.474179362,5705993.0940866405],[711068.9170159366,5705982.839118178],[711098.7602233058,5705975.051334098],[711217.6873338558,5705894.341836257],[711338.2111134535,5705811.194808664],[711355.0955515229,5705789.871158773],[711386.9633331067,5705684.067368269],[711401.4832614749,5705610.591438564],[711403.8599383167,5705577.159172661],[711395.3606993868,5705540.275064985],[711381.4752749393,5705512.678281275],[711347.2952322715,5705394.162161776],[711332.243731293,5705297.44582347],[711291.4782879082,5705205.190326018],[711268.2427673867,5705132.228792359],[711267.2889888008,5705132.922409668],[711265.492134638,5705123.582887536],[711265.4002147985,5705123.094818737],[711265.3835694125,5705123.012024604],[711263.8946784405,5705115.281113836],[711258.3588009849,5705074.634527153],[711257.0298294909,5705053.454281114],[711259.7947342643,5705031.911417688],[711258.6777867151,5705004.093387651],[711260.8215546588,5704960.218079703],[711246.0844497767,5704914.740020537],[711242.6176465363,5704902.245770973],[711239.2146481908,5704883.067584411],[711235.4444215043,5704854.655340621],[711235.1763705714,5704849.229067429],[711237.9632125889,5704833.742971674],[711262.4559024626,5704707.522045471],[711289.3599335615,5704577.170862771],[711291.9084341027,5704540.148862171],[711291.9909678865,5704533.615862702],[711291.9385558503,5704533.0000751745],[711291.0147855299,5704522.144589748],[711282.1391052371,5704523.047051774],[711279.2633421333,5704508.621745616],[711279.2351191267,5704508.480070079],[711277.3899004846,5704499.224227318],[711284.1152657561,5704498.644003521],[711282.9887489872,5704487.176650119],[711282.8751245437,5704480.790731403],[711283.0756050025,5704470.403738732],[711297.2256811012,5704383.678072943],[711300.163924189,5704341.542010101],[711308.9149565434,5704276.031055478],[711305.4316191652,5704253.926731927],[711298.5943266099,5704240.508603588],[711288.2315264869,5704223.477548437],[711282.880692313,5704215.31049783],[711272.9953726882,5704195.786540735],[711268.7281679875,5704187.068289249],[711258.9700174213,5704167.129151902],[711251.4598652435,5704156.451181968],[711249.8399154935,5704146.765364763],[711248.6825262195,5704127.62418515],[711246.6812096193,5704119.304036621],[711243.3070270373,5704105.282128753],[711237.015684562,5704083.428138311],[711227.5666565689,5704057.422290944],[711225.9514834383,5704052.977224518],[711224.2155989099,5704048.1994356485],[711209.5596384923,5704024.426064469],[711225.7229176132,5704001.530380396],[711258.6732436782,5703950.7797566075],[711255.7691878653,5703947.877974945],[711222.7418828884,5703998.920777037],[711206.1639198137,5704021.308932653],[711179.3444595479,5703997.817776534],[711167.55027494,5703986.158453375],[711164.3753076149,5703983.395740788],[711147.8768437121,5703974.171190507],[711130.6334717155,5703961.62785387],[711115.0003902519,5703952.658961139],[711103.9820979957,5703943.438772293],[711085.2293818134,5703929.257023496],[711066.8069014205,5703916.665430364],[711053.7719057291,5703907.317503654],[711043.065674367,5703900.862868336],[711042.8736946726,5703901.395507775],[711042.0420085517,5703903.613628287],[711025.2017726398,5703897.478098759],[710988.99603769,5703886.249688143],[710966.3914993794,5703883.621571299],[710955.4289791789,5703880.489656849],[710906.1330966816,5703866.387449012],[710881.00295869,5703859.196441755],[710859.3451898997,5703852.272932857],[710838.9868243812,5703845.763018718],[710800.0994695862,5703836.832046856],[710777.761763221,5703831.967679304],[710764.1993653742,5703829.014468459],[710755.0330148796,5703825.776005675],[710744.7763806245,5703816.41189721],[710741.3187430735,5703811.265292146],[710740.0074442113,5703801.862437369],[710735.0752360967,5703789.0979565],[710728.9808224984,5703773.062781791],[710725.5149720274,5703758.346482709],[710726.6747220688,5703746.41226109],[710725.9712733685,5703738.420624462],[710722.9940566653,5703719.475200683],[710710.7851390517,5703676.903713614],[710704.475241402,5703659.653455493],[710694.0167775624,5703643.124123483],[710677.5684484246,5703620.098139494],[710666.9073443041,5703598.412039811],[710666.584155454,5703597.754548793],[710664.938034879,5703594.4058618285],[710658.6946406369,5703583.104213847],[710652.7569516934,5703582.905896229],[710653.0706681384,5703577.317267704],[710653.423356173,5703571.0415746635],[710659.894762454,5703571.772274219],[710662.43368233,5703553.717945188],[710662.5212085579,5703553.095370647],[710664.2174912224,5703541.034191438],[710674.44268229,5703521.733952476],[710677.4123994303,5703510.454556409],[710679.0217084618,5703499.51970075],[710678.2505928884,5703492.201003836],[710676.2020783343,5703487.597616113],[710660.1012955832,5703464.761111462],[710650.2802695604,5703446.110737871],[710646.8995792562,5703439.696094222],[710638.7682899234,5703426.955704947],[710626.1961825981,5703392.267047411],[710614.4447777367,5703374.313352998],[710607.947977308,5703340.984813034],[710609.2103440324,5703334.2399250185],[710613.4207941996,5703325.413628417],[710613.4680829992,5703322.062312767],[710613.5980344964,5703313.274068927],[710615.2267859206,5703305.282891796],[710626.6815199733,5703288.465466653],[710639.547304564,5703269.5787257375],[710656.550575385,5703244.625464143],[710669.8826543136,5703223.765888822],[710687.0745066246,5703206.177579185],[710695.8339392646,5703187.227627945],[710699.8585617873,5703172.432923467],[710706.0264362697,5703140.634383778],[710705.1190568916,5703132.243997499],[710710.2284264616,5703114.550864345],[710714.9214524092,5703103.597276589],[710720.0201377753,5703073.586664511],[710717.3344679687,5703060.103539752],[710713.4229574321,5703046.124737111],[710716.3954559278,5703030.135823361],[710730.2414108192,5703028.000577788],[710739.8763346206,5703007.46992122],[710746.5336420854,5702993.283587256],[710747.1927943145,5702980.007608523],[710763.6044155343,5702922.593363658],[710778.3620748029,5702857.418747081],[710781.8624597737,5702841.981945369],[710789.7790794284,5702829.428773157],[710787.3899564508,5702827.519098746],[710664.8848068422,5702823.740144998],[710632.8689353374,5702822.753492189],[710544.2243549512,5702820.01674787],[710412.8921069263,5702815.961175792],[710333.744793649,5702813.518559507],[710280.7750536441,5702811.883464523],[710212.3196559063,5702809.773911215],[710211.3833746498,5702809.723324327],[710211.3942909855,5702809.770020391],[710211.742134176,5702814.984354215],[710207.0651785695,5702820.456607505],[710272.1006376316,5703187.475639009],[710132.6148696379,5703208.283649451],[710117.3370973,5703275.7226931555],[710106.293567212,5703325.319275845],[710100.1958161626,5703327.572063645],[710033.7192831454,5703349.875306587],[709951.8830639973,5703380.554051972],[709853.6637418771,5703408.058735619],[709785.0922282701,5703420.264975827],[709711.0340084966,5703432.240300488],[709575.6327524937,5703438.701892072],[709437.6325244457,5703435.549186211],[709295.724737833,5703417.722799028],[709175.0639095372,5703394.258727729],[709074.0342236907,5703356.085931783],[708953.2260249881,5703385.167356637],[708926.207487298,5703397.076662068],[708794.7767587407,5703599.890372521],[708771.6815619527,5703613.960229251],[708747.4895841666,5703617.974159651],[708716.2380954812,5703611.185050749],[708635.2262093589,5703536.297515577],[708626.8704643821,5703556.976998471],[708609.6686412267,5703573.784930979],[708590.8937525435,5703580.026900558],[708527.4694427808,5703588.93529039],[708407.0912919752,5703607.526145125],[708364.5608239179,5703607.285967837],[708337.4863765732,5703596.165541364],[708317.3502836629,5703586.832267077],[708292.9491817942,5703583.826269723],[708239.9942819433,5703593.672868132],[708185.2383428479,5703610.947640361],[708140.9869133022,5703628.149984803],[708101.1955148347,5703646.5411446905],[708066.8830537415,5703665.653476488],[708037.3975814391,5703688.969506319],[707996.2093993906,5703729.318645251],[707973.0780069173,5703756.397411157],[707951.533321229,5703793.552316493],[707939.1646843362,5703814.563945289],[707930.3226323177,5703822.709762116],[707902.4040434593,5703820.068674168],[707869.1709283132,5703812.695231724],[707847.1656849347,5703812.296473345],[707830.1273021122,5703825.111615242],[707806.8623366149,5703843.173994425],[707742.6342681507,5703896.098567048],[707812.8784611668,5703965.042122526],[707855.4046408532,5704014.330690267],[707904.2625511271,5704079.895203106],[707953.7464644664,5704167.003956138],[707982.5814975328,5704232.747436299],[708006.8851611522,5704311.315988847],[708021.8255637782,5704386.501313343],[708028.8031114934,5704460.360223495],[708028.9778173235,5704590.490948958],[708027.9841941366,5704663.520279801],[708023.9699182285,5704883.571585423],[708023.5969012148,5704941.609856033],[708026.8007167359,5705278.567159683],[708035.0149370017,5705737.345588423],[708037.2260877397,5705866.560032607],[708039.9786848831,5706092.391051375],[708035.2377135076,5706159.261406623],[708064.9170945995,5706179.996988264],[708082.2636978407,5706184.210723105],[708102.3070980336,5706183.529575347],[708135.2181940391,5706174.370862871],[708172.623492322,5706140.872344046],[708239.5452976276,5706071.042539381]]]}},{"type":"Feature","properties":{"briefwbz":"90042","gid":47,"ogr_style":"","booth_id":"090042","municipality_id":"15002000","voting_mode":"B"},"geometry":{"type":"Polygon","coordinates":[[[707212.470654234,5705954.65517166],[707208.7511528761,5705954.6257051425],[707203.113966014,5705954.366310333],[707197.584469532,5705954.111870896],[707164.2962066357,5705952.001604188],[707140.9686194364,5705949.433507296],[707141.9517205739,5705925.4525715355],[707030.1966539187,5705916.865737001],[706916.4042574776,5705909.194883286],[706915.2876731295,5705924.165526923],[706845.939857531,5705918.819844702],[706845.5507349042,5705928.311788549],[706818.1343992059,5705925.691241122],[706814.8011079582,5705982.607885784],[706740.8909115953,5705978.578114008],[706742.7095272008,5705922.096088536],[706712.7888574774,5705919.366645984],[706712.4406581183,5705927.860340513],[706650.9881364505,5705925.341090907],[706649.2728992011,5705942.789935741],[706607.3003635108,5705941.069265961],[706600.1842384037,5705943.776993791],[706451.2693435552,5705938.175314322],[706450.7614741325,5705948.2964462815],[706418.8629846129,5705946.734392892],[706416.2616606174,5706010.188557786],[706306.7815786009,5706006.230043003],[706308.2014690094,5705971.594664249],[706268.7398355559,5705969.401128139],[706257.0030353819,5706037.815606065],[706245.1868131664,5706106.394824108],[706243.9159292477,5706112.8508967],[706230.8351892359,5706187.886683814],[706236.307634477,5706188.614139729],[706418.6238504524,5706209.59575934],[706594.4833356205,5706229.318957542],[706606.8382227574,5706208.803746787],[706698.860288119,5706259.121905487],[706743.7691057201,5706260.86997603],[706756.1390866337,5706261.346069699],[706931.7142983364,5706268.171540054],[706962.2218149698,5706271.359717863],[707002.4805611393,5706275.575038196],[707041.4005536842,5706279.959078538],[707219.1864181065,5706299.972373912],[707224.0255470908,5706218.593233859],[707229.6937164644,5706104.718714722],[707235.8386735558,5705954.8255703235],[707212.470654234,5705954.65517166]]]}},{"type":"Feature","properties":{"briefwbz":"90043","gid":48,"ogr_style":"","booth_id":"090043","municipality_id":"15002000","voting_mode":"B"},"geometry":{"type":"Polygon","coordinates":[[[705140.2183534246,5708923.818379094],[705134.3109663203,5708897.052301288],[705135.3765371516,5708871.069241853],[705143.2551481454,5708861.8845257675],[705168.6291774231,5708853.417297013],[705192.6469722774,5708841.385860982],[705205.4567067532,5708821.89575284],[705209.3526797032,5708800.034215594],[705204.1936404954,5708767.287489934],[705169.1546344735,5708730.819013056],[705159.0434368849,5708708.8860958135],[705161.7466568813,5708679.467471618],[705184.8183292628,5708617.355488222],[705200.9769581467,5708564.964689866],[705201.275402684,5708508.923805183],[705202.5311886736,5708453.922154064],[705230.7986382135,5708387.0178296575],[705287.8283154566,5708314.287810002],[705309.9105923194,5708300.6801454285],[705310.8733321112,5708252.671343036],[705244.4462077245,5708188.386005847],[705273.4557778575,5708140.03065686],[705299.741539536,5708097.066028384],[705338.0831582013,5708065.109539707],[705466.3603121222,5708000.2999622],[705507.258294418,5707979.458982893],[705524.3229176864,5707941.618232561],[705536.2427849516,5707895.065007625],[705541.445555602,5707829.214378164],[705564.7020308571,5707677.0247318065],[705561.0834691217,5707618.817262012],[705561.2687585442,5707553.263990702],[705517.0820667165,5707410.319359956],[705516.841877412,5707391.790654018],[705516.5956382595,5707373.261944513],[705531.0611766943,5707240.230424524],[705545.7260461566,5707126.719603782],[705520.9068367023,5707016.533019753],[705519.8982271941,5707012.051402469],[705465.5488788177,5706802.520895771],[705465.4469924223,5706802.125599066],[705463.2554980139,5706794.688911072],[705432.4967406887,5706690.164919747],[705378.6238460271,5706502.7812145315],[705346.5548664851,5706393.862683076],[705370.402906274,5706349.301094101],[705382.2343905129,5706304.743662445],[705381.8456497707,5706253.177090833],[705366.4722629355,5706200.99601915],[705465.0486243885,5706177.010808736],[705474.3763793339,5706181.3987954995],[705847.1584651137,5706146.633601814],[705877.2424239992,5706120.840170899],[705949.7483722202,5706122.309546856],[705990.373319508,5706169.017821258],[705992.7695123445,5706171.618628216],[706004.7704883926,5706184.121112729],[706008.1235556991,5706187.767358045],[706038.7706392647,5706221.552822224],[706092.0980993913,5706214.728017954],[706117.4818299832,5706254.80595119],[706122.3148796207,5706259.009747822],[706144.0025435841,5706279.417702018],[706154.0721544065,5706277.830811275],[706156.5913619662,5706277.431046783],[706215.9813221943,5706269.358186924],[706216.6066073973,5706266.377958177],[706230.8351892359,5706187.886683814],[706243.9159292477,5706112.8508967],[706245.1868131664,5706106.394824108],[706257.0030353819,5706037.815606065],[706280.022900625,5705903.631362543],[706281.2258708596,5705898.675282928],[706283.4842800364,5705880.248941997],[706284.1031479591,5705877.268631419],[706306.6654027894,5705753.032949559],[706311.2546524168,5705727.740482759],[706331.7331352162,5705615.687243864],[706311.9515103619,5705614.951410573],[706308.9636044704,5705614.14223431],[706303.2224110131,5705613.495112344],[706250.0473207384,5705610.903267218],[706205.9317479623,5705608.408188154],[706163.8668795539,5705606.134452309],[706136.5967117207,5705604.741939747],[706111.5706985611,5705603.425355354],[706099.5985546933,5705602.8132447805],[706071.3575859072,5705601.655551579],[706038.1531303604,5705600.981018027],[706008.3422234091,5705601.269626243],[705979.5776080046,5705602.836923754],[705948.9744653846,5705605.701928459],[705891.9957900839,5705612.154957587],[705826.9812763426,5705620.338085363],[705810.1706690365,5705621.95859625],[705809.8946028487,5705615.283088173],[705809.6335275637,5705609.080935446],[705720.8720334518,5705613.453534101],[705645.9701733416,5705609.383072665],[705640.9731918259,5705609.178229238],[705561.970326244,5705607.436234582],[705423.5461416511,5705602.264858549],[705419.0717703525,5705601.5783356605],[705370.0856427519,5705600.073331362],[705366.0867213681,5705599.909402031],[705335.1332685407,5705598.137412311],[705237.2428547413,5705593.124825098],[705223.9585248837,5705428.923483956],[705111.5793940731,5705423.317053728],[705108.0827362436,5705423.17371705],[705008.616335209,5705420.096071945],[704987.4146524605,5705412.221961245],[704971.6613845997,5705418.084327018],[704957.2918693409,5705422.54820621],[704952.5431094479,5705425.332932918],[704948.4916186626,5705428.874537655],[704945.8119204276,5705432.869627491],[704943.940010249,5705438.155795188],[704943.5328217287,5705445.937540878],[704945.6751538859,5705454.523886104],[704950.2294901698,5705470.466889175],[704948.6313011756,5705482.5120268725],[704947.6822621337,5705486.285587719],[704937.943065411,5705494.958523253],[704923.1519361192,5705508.203927778],[704914.8549066826,5705515.489699227],[704905.2415143461,5705523.220874871],[704896.2665677125,5705530.044026618],[704952.5731992064,5705650.693409034],[704943.3222650745,5705661.933972144],[704923.9819724562,5705685.450404629],[704916.8593617694,5705694.110703379],[704846.958844718,5705662.593032267],[704816.458511153,5705675.446113417],[704810.2865780613,5705682.064609715],[704804.8550887653,5705687.888885728],[704796.859131936,5705696.463341841],[704783.2031585003,5705728.524490573],[704774.6526563443,5705776.810665703],[704769.1059767321,5705793.140609219],[704736.964179417,5705881.410717832],[704716.8940433585,5705943.645891783],[704699.4051677976,5705967.452788908],[704676.7137669674,5705971.527903107],[704642.5239024317,5705963.121228664],[704602.5908017273,5705948.467618205],[704535.1840745736,5705920.180706577],[704469.6153981127,5705871.450716176],[704434.3874131865,5705827.466898992],[704401.743371508,5705769.076084323],[704373.4163698517,5705654.306370847],[704364.6825977288,5705635.429783336],[704298.1822740963,5705621.693101478],[704272.1538797291,5705609.615511481],[704260.3578225456,5705592.116043984],[704257.7418000526,5705570.490655275],[704262.9943583922,5705552.18724318],[704273.7053778594,5705535.10755818],[704284.3547115315,5705519.528167646],[704299.0641298804,5705502.618616464],[704307.8341492256,5705483.956533499],[704306.103246957,5705452.859592419],[704296.9651026343,5705419.453207742],[704279.0359989296,5705380.681243536],[704254.9786375384,5705357.177022134],[704220.4871284838,5705331.736033764],[704174.9871265271,5705318.363623082],[704138.6531966627,5705301.354922112],[704114.0940065965,5705277.830339484],[704095.9189012257,5705245.053464451],[704082.1523494283,5705202.452619084],[704074.8718205089,5705123.577399232],[704076.1567984847,5705055.566944743],[704082.4439013014,5705024.295670054],[704097.3887315455,5704989.373905834],[704121.743357031,5704956.837536657],[704195.1407354061,5704912.301351701],[704224.1644886716,5704887.967332988],[704269.120514612,5704816.741352392],[704293.5624365923,5704757.68501904],[704325.6730920988,5704682.430194865],[704319.0743224636,5704648.128147824],[704285.7701976668,5704593.715896833],[704238.6381930064,5704559.249135988],[704199.1795517502,5704520.600775174],[704174.005728653,5704451.002763149],[704139.1717422612,5704311.945782405],[704103.5125818744,5704253.928615077],[704073.2037569132,5704224.163273164],[704024.3505290509,5704207.144768096],[703978.7653276586,5704208.275998022],[703924.7930059164,5704218.577329904],[703878.7920652574,5704229.701935587],[703832.7703561735,5704241.329027734],[703793.409721624,5704249.229751592],[703747.5886834399,5704243.843030714],[703711.1458556957,5704229.339121496],[703680.0341083563,5704207.04250759],[703614.1426597289,5704141.787335395],[703603.0352490435,5704120.8139828835],[703602.4947393745,5704124.236908021],[703600.4866142098,5704136.966658522],[703598.2924594425,5704153.737397265],[703598.2283350325,5704154.227237301],[703597.8338819162,5704157.242123348],[703593.9898763001,5704173.3699308615],[703588.0612654159,5704192.370039554],[703583.453522125,5704202.465896369],[703575.154854357,5704215.918723251],[703562.4928541858,5704236.434577955],[703545.3114094408,5704264.28222074],[703528.3132964534,5704287.5331232445],[703518.0540195642,5704301.566240081],[703508.4988245512,5704313.806491154],[703483.0437548382,5704346.434818735],[703468.1641598976,5704365.498496273],[703461.0068775574,5704374.669064952],[703446.6120256293,5704391.795686625],[703430.5653810085,5704410.881596275],[703419.2957896632,5704424.287716635],[703405.9168562278,5704440.194835568],[703396.408056357,5704453.37786232],[703392.7842537798,5704458.394225403],[703375.8737230805,5704481.828784158],[703364.8743034445,5704497.0676915785],[703357.1009412552,5704507.839529041],[703352.6705277537,5704513.973875068],[703336.1383796978,5704541.242527726],[703330.1338039507,5704552.937636774],[703325.9238453766,5704561.14295393],[703323.2259524267,5704566.402474636],[703307.3377090646,5704605.188298783],[703306.4309469636,5704607.408259805],[703294.8475350976,5704635.67553183],[703288.2368607202,5704658.2510062875],[703285.2702813292,5704675.926175476],[703281.1193886279,5704700.394195026],[703280.7105007067,5704702.799695926],[703280.3066114481,5704705.205462798],[703279.9713124407,5704707.158534631],[703279.7000938519,5704708.7689376315],[703279.0936346833,5704712.332475933],[703267.9310650865,5704706.399755053],[703252.1889061555,5704698.032276239],[703247.5847229721,5704695.586429405],[703238.4792734217,5704690.748989339],[703234.8350961149,5704688.812966296],[703216.9554566984,5704679.31062863],[703212.885187782,5704677.1473491425],[703209.5908082707,5704675.396601383],[703205.1482047187,5704673.037470889],[703204.447898459,5704672.663409924],[703203.4143685149,5704672.11556692],[703179.1152904609,5704659.20341331],[703162.2123628554,5704650.217759098],[703159.2195667772,5704648.628745004],[703155.3059574058,5704646.5514916135],[703145.3631584307,5704641.26436597],[703144.2622610752,5704661.773590062],[703144.120823086,5704664.37021369],[703144.0457280641,5704665.713432449],[703143.9575285596,5704667.376361283],[703142.846304983,5704688.0152280005],[703139.6438537866,5704747.46497315],[703139.4238366558,5704751.489774548],[703137.4933222195,5704787.354392182],[703136.632907386,5704803.339182544],[703135.2973508729,5704828.107751916],[703134.7159591957,5704838.874089239],[703132.1157721665,5704887.1679683495],[703131.8762111572,5704891.547282796],[703126.3493161893,5704920.037722152],[703121.0876177598,5704933.755119993],[703114.7430002787,5704946.5422861455],[703110.1218193122,5704955.8668073965],[703102.6423485246,5704970.94467216],[703099.0745933742,5704978.255447301],[703060.7134081769,5705056.888356825],[703059.2833964394,5705061.494155278],[703074.4886090953,5705067.942845263],[703074.6554998426,5705081.087027332],[703075.0508383033,5705112.58782621],[703075.3654810396,5705137.389024623],[703075.7352246861,5705166.826840377],[703079.2158212485,5705167.259764824],[703160.1049413645,5705177.316827013],[703156.470542518,5705180.270801413],[703163.2872154902,5705185.514852355],[703157.9219517983,5705184.909551428],[703146.6085333638,5705183.635040573],[703073.935805358,5705175.441234466],[703017.2477193337,5705155.536007433],[702997.5543367467,5705151.625803356],[702988.8834018932,5705150.5947500365],[702983.9578810715,5705150.007475949],[702976.3526805937,5705149.105210233],[702953.086110749,5705146.900313743],[702947.5175058218,5705146.371780972],[702918.6673952128,5705143.637679013],[702903.7611174348,5705147.600955397],[702869.9002620918,5705156.612735927],[702856.0565645215,5705158.827907437],[702827.301156393,5705163.42957689],[702773.8472957896,5705165.107059934],[702759.2972771692,5705163.309560141],[702752.0375112003,5705162.35193113],[702749.9070036268,5705162.070997203],[702733.5322832414,5705159.911200146],[702716.2617167637,5705157.57673493],[702687.4581525687,5705148.257616815],[702723.4532901171,5705167.158003797],[703221.1730666711,5705526.539075644],[703302.2377197274,5705584.157252878],[703461.6256988248,5705733.697746406],[703460.8196639965,5705737.303688966],[703468.9180765089,5705743.349063341],[703472.2512120293,5705747.485073477],[703520.2381379846,5705810.013322956],[703978.2234978806,5706406.833778064],[704101.2752311804,5706530.486095559],[704084.3188961955,5706541.304603566],[704124.8863090959,5706601.523134823],[704232.2159426619,5706742.552879454],[704290.871649977,5706825.534370339],[704336.8669694104,5706899.985592025],[704504.8164017017,5707173.628821086],[704484.6547587961,5707189.3149953205],[704475.9151761695,5707194.961735537],[704484.5056708856,5707217.335241862],[704490.8275699392,5707270.6478707995],[704482.6815201419,5707322.864062556],[704465.7345929891,5707382.221431166],[704438.9820200977,5707448.690864969],[704434.9837711479,5707473.050756206],[704432.6026368806,5707494.471299779],[704435.2593720583,5707515.098685834],[704444.0647791422,5707544.492231997],[704468.1485308465,5707567.494797582],[704519.6618806422,5707592.634209127],[704546.4284793241,5707611.244361272],[704574.9042339018,5707636.935821834],[704590.4163551826,5707673.60938759],[704596.4820791509,5707720.900126374],[704571.1940265917,5707849.487813679],[704539.1011962304,5707960.774327461],[704561.91959608,5707965.715633934],[704489.6214563258,5708216.951220023],[704489.5575288074,5708216.992035706],[704429.4591442232,5708420.139668954],[704385.4114174829,5708569.134352059],[704380.2753316534,5708587.616231391],[704373.2896101112,5708604.861186059],[704215.2292557191,5708853.355519054],[704210.9890420325,5708895.721077087],[704225.7792553796,5708913.34329907],[704250.4095346448,5708922.8614464635],[704290.5537516309,5708932.5125460215],[704305.5035813646,5708934.125615436],[704379.1257666302,5708920.632068557],[704406.8694481032,5708915.261670665],[704426.1559858145,5708896.534132531],[704479.2929793887,5708943.258732794],[704512.4171119211,5708977.648836896],[704534.8099797996,5709029.614768156],[704532.4125861384,5709088.071941499],[704538.9595660242,5709135.885501763],[704552.5613622477,5709182.485384574],[704557.9711000002,5709245.765186339],[704551.832879281,5709273.539826556],[704533.6096633563,5709302.824699464],[704496.5018278607,5709341.339780831],[704458.3894791412,5709379.81364975],[704426.8607827686,5709428.568160798],[704410.0870728479,5709471.419628031],[704403.7170653129,5709504.693125958],[704391.8746609549,5709537.239322824],[704385.2428236724,5709613.53844071],[704387.0224100165,5709692.188471795],[704387.23161246,5709699.202282869],[704392.9441676476,5709742.975802742],[704414.6869515181,5709786.40725986],[704451.3693442458,5709819.440677585],[704488.4142281612,5709843.484226215],[704533.8727281349,5709857.862344061],[704591.7564214832,5709874.246566029],[704688.7545811243,5709888.738732655],[704637.5586774283,5709819.07227064],[704618.6994507404,5709729.717138835],[704623.6281114728,5709621.812740643],[704647.0174552681,5709515.168577317],[704695.6168507892,5709404.056160628],[704744.7022072959,5709305.477020214],[704814.5793575291,5709224.760095402],[704853.884645975,5709193.843214721],[704935.0126280487,5709168.1442555],[704958.323047062,5709161.089043892],[705053.7655655398,5709152.496050458],[705077.8856532811,5709137.966047074],[705098.273042196,5709116.780865146],[705105.0467827999,5709098.043152519],[705114.7755188905,5709043.891929291],[705135.6134874639,5708987.190572923],[705142.7214899012,5708960.455403998],[705140.2183534246,5708923.818379094]]]}},{"type":"Feature","properties":{"briefwbz":"90044","gid":49,"ogr_style":"","booth_id":"090044","municipality_id":"15002000","voting_mode":"B"},"geometry":{"type":"Polygon","coordinates":[[[704487.2362914294,5703878.789437487],[704499.50793537,5703835.746778728],[705283.460757062,5703684.204452075],[705644.6396501167,5703614.927167328],[705634.143038302,5703553.438478856],[705632.5756233896,5703359.691051851],[705606.9512487431,5703362.143396136],[705598.8262647071,5703352.79946058],[705589.436764252,5703349.912096099],[705463.03421103,5703356.742274389],[705403.9576891103,5703357.326873307],[705378.0154676586,5703355.263982309],[705361.2122734532,5703350.072906393],[705355.4217847004,5703344.830232571],[705351.862482002,5703163.011842753],[705349.7987495083,5703066.831097818],[705348.2313249654,5703031.735211574],[705344.760000594,5703006.572162913],[705282.1393111774,5702849.354003646],[705256.2283278431,5702858.806146463],[705105.9489345436,5702984.272142365],[705052.1232905311,5702880.971035465],[705052.4510246946,5702872.973506223],[705199.4639699417,5702717.347227275],[705414.9374218897,5702490.954231443],[705473.6809645232,5702425.2978165485],[705403.5432133914,5702304.809148565],[705384.7129944364,5702251.487231453],[705364.3457807363,5702211.11868448],[705344.4594287102,5702146.742620479],[705295.0941652264,5702105.682755755],[705255.2512276924,5702051.996515582],[705225.7051234671,5702040.27825915],[705225.6705864237,5702040.36371849],[705224.94808867,5702039.508134271],[705211.4731444033,5702033.879398258],[705196.2097259212,5702057.822107659],[705172.2306269276,5702103.779146328],[705179.1851698491,5702108.9587130565],[705201.7830549151,5702120.039335216],[705192.0687885539,5702131.277337331],[705189.1689457974,5702137.205272004],[705187.0666349519,5702141.503052054],[705183.9518065611,5702147.870784379],[705179.8538864959,5702157.00674756],[705167.5985335232,5702183.845537424],[705158.0458712312,5702199.078928764],[705149.354474076,5702211.369807191],[705112.8552970225,5702237.495405429],[705094.1894592601,5702248.076341759],[705057.880781841,5702267.233140495],[705005.3603718656,5702289.354075709],[704964.646163044,5702300.237636636],[704874.1930897209,5702312.996811543],[704837.7032513702,5702316.055888982],[704826.6854754376,5702317.090812637],[704807.6123141418,5702319.657464918],[704755.3562122803,5702326.169406978],[704728.3338861759,5702336.593005162],[704702.9113908786,5702347.429958692],[704702.9113833811,5702347.430141663],[704675.9908443711,5702358.906321924],[704650.738415417,5702371.4494178975],[704601.0096277096,5702398.484254404],[704574.545432168,5702412.874439297],[704545.7479959491,5702423.505570668],[704532.8471690565,5702429.578210569],[704519.9513465514,5702435.650993614],[704468.805718413,5702460.620833016],[704412.0410122165,5702490.935622224],[704326.5418883279,5702534.861929447],[704294.8727476534,5702547.422269585],[704283.7535867435,5702553.471008345],[704262.4449248716,5702565.061386292],[704235.335174876,5702576.887698366],[704179.1656502294,5702589.014657037],[704137.4872208338,5702599.9837092655],[704123.0035017033,5702604.2597835045],[704104.4878202733,5702609.101366512],[704085.2955747034,5702613.354636425],[704065.1656855926,5702616.4284519125],[704052.046264557,5702618.433220734],[704017.8250870176,5702625.488895762],[703958.7988807224,5702636.492747794],[703905.6521142197,5702650.089776717],[703858.2439709449,5702664.46244456],[703842.1011889915,5702669.166044748],[703823.1053470612,5702674.733574381],[703795.0504724553,5702683.733511978],[703765.7552251897,5702694.789584345],[703746.9118709732,5702701.399368183],[703734.2087981489,5702705.578250314],[703710.0877971814,5702714.574188846],[703641.2521798235,5702747.201825971],[703608.0914447093,5702757.203613056],[703546.9182724084,5702777.002840168],[703513.8137022767,5702781.726924688],[703475.543694241,5702779.3829670185],[703417.3497124005,5702772.158665757],[703371.6400076578,5702761.086879736],[703295.8464762121,5702734.273666416],[703241.5472979352,5702719.571866169],[703214.6901398326,5702716.444367842],[703201.6723022705,5702714.504564338],[703185.6004437959,5702710.883217784],[703169.7299048281,5702709.922576568],[703142.3461058856,5702712.07346011],[703138.8712845237,5702712.569911471],[703137.8401150393,5702712.717225732],[703115.2068506823,5702715.951063973],[703073.6441084505,5702725.323281659],[703059.6145062533,5702729.022338346],[703016.1493142152,5702740.48867278],[703004.6850629883,5702746.680102296],[702976.2956723309,5702762.012199745],[702962.5433947676,5702769.326033922],[702941.9402710525,5702780.287861593],[702898.374871575,5702804.456935661],[702879.9745905116,5702814.668210917],[702863.4177469733,5702823.858967084],[702843.3701698969,5702837.385849974],[702813.04108089,5702853.644442513],[702801.9297173293,5702859.530012085],[702754.9293514644,5702891.68095167],[702735.0171819971,5702905.688850999],[702721.2307401721,5702916.0340758655],[702704.5643133862,5702932.296963314],[702696.1156189344,5702940.864119263],[702675.4379999617,5702961.827167367],[702666.6230475253,5702973.592282556],[702654.785081147,5702989.392438964],[702640.7077691117,5703008.178720233],[702618.7155514688,5703040.458518103],[702601.8009639877,5703072.180721659],[702595.4446080986,5703085.257738328],[702588.7109206733,5703099.115019006],[702578.7924515354,5703127.305340724],[702564.436722083,5703162.655652567],[702552.587361244,5703200.22570663],[702547.2906176964,5703222.374552031],[702543.9213986235,5703245.3581623705],[702543.1375115954,5703295.3829149],[702545.4189811999,5703344.85761005],[702548.1880529585,5703367.902597321],[702550.8566128509,5703390.102652022],[702554.6556852362,5703408.285235507],[702559.9386219081,5703429.461309689],[702568.5147733412,5703453.319839477],[702580.7685136597,5703477.198900473],[702601.2192080278,5703514.040775398],[702618.7749950578,5703542.266004929],[702629.4643744496,5703557.668116487],[702634.9697393293,5703565.600913851],[702647.3838121113,5703580.928616764],[702661.8794384474,5703598.828884995],[702674.5789459972,5703614.518532939],[702693.2394341234,5703634.105992868],[702706.5737581467,5703648.105088001],[702724.8213052797,5703667.265150639],[702736.7382918295,5703679.579638123],[702760.4138383046,5703704.042001438],[702775.3410643414,5703719.472660483],[702784.2283602667,5703728.655160976],[702797.7121203137,5703740.473345242],[702833.3956058547,5703771.733697716],[702861.9142941985,5703796.719893719],[702878.0749740745,5703809.52862999],[702909.6500876922,5703834.549930245],[702926.6019794447,5703847.225967084],[702943.8498353465,5703860.129303775],[703000.4432908943,5703895.044359047],[703016.8875613362,5703900.813070841],[703046.2239186446,5703911.098953931],[703055.3315900227,5703914.294887391],[703128.8491108177,5703939.608903755],[703177.4124593546,5703949.5567568755],[703229.3041649141,5703954.491167019],[703278.4967049747,5703955.4363683695],[703286.6580349026,5703955.590637032],[703319.6395339582,5703953.504151861],[703354.0864140989,5703951.31760056],[703367.2479071964,5703950.485738612],[703388.2973217382,5703949.151373397],[703418.8594398918,5703949.312906388],[703438.4878752563,5703950.65792425],[703458.675429259,5703952.035815849],[703492.9688422151,5703956.404140494],[703518.2816127618,5703962.901679963],[703541.9479975936,5703975.257366989],[703550.0825013462,5703982.1719691465],[703565.1744531306,5704002.253849629],[703572.4534573606,5704020.273886866],[703574.1283269078,5704022.634668463],[703581.9929657646,5704033.692088579],[703592.4174899373,5704048.352778537],[703600.3682121101,5704068.422213671],[703605.6388520361,5704081.715553565],[703605.7855749095,5704091.919160433],[703606.0317573112,5704091.798939654],[703605.7865582529,5704091.9190174565],[703605.9425030513,5704102.392482228],[703603.035424515,5704120.814173353],[703614.1426597289,5704141.787335395],[703680.0341083563,5704207.04250759],[703711.1458556957,5704229.339121496],[703747.5886834399,5704243.843030714],[703793.409721624,5704249.229751592],[703832.7703561735,5704241.329027734],[703878.7920652574,5704229.701935587],[703924.7930059164,5704218.577329904],[703978.7653276586,5704208.275998022],[704024.3505290509,5704207.144768096],[704073.2037569132,5704224.163273164],[704103.5125818744,5704253.928615077],[704139.1717422612,5704311.945782405],[704174.005728653,5704451.002763149],[704199.1795517502,5704520.600775174],[704238.6381930064,5704559.249135988],[704285.7701976668,5704593.715896833],[704319.0743224636,5704648.128147824],[704325.6730920988,5704682.430194865],[704293.5624365923,5704757.68501904],[704269.120514612,5704816.741352392],[704224.1644886716,5704887.967332988],[704195.1407354061,5704912.301351701],[704121.743357031,5704956.837536657],[704097.3887315455,5704989.373905834],[704082.4439013014,5705024.295670054],[704076.1567984847,5705055.566944743],[704074.8718205089,5705123.577399232],[704082.1523494283,5705202.452619084],[704095.9189012257,5705245.053464451],[704114.0940065965,5705277.830339484],[704138.6531966627,5705301.354922112],[704174.9871265271,5705318.363623082],[704220.4871284838,5705331.736033764],[704254.9786375384,5705357.177022134],[704279.0359989296,5705380.681243536],[704296.9651026343,5705419.453207742],[704306.103246957,5705452.859592419],[704307.8341492256,5705483.956533499],[704299.0641298804,5705502.618616464],[704284.3547115315,5705519.528167646],[704273.7053778594,5705535.10755818],[704262.9943583922,5705552.18724318],[704257.7418000526,5705570.490655275],[704260.3578225456,5705592.116043984],[704272.1538797291,5705609.615511481],[704298.1822740963,5705621.693101478],[704364.6825977288,5705635.429783336],[704373.4163698517,5705654.306370847],[704401.743371508,5705769.076084323],[704434.3874131865,5705827.466898992],[704469.6153981127,5705871.450716176],[704535.1840745736,5705920.180706577],[704602.5908017273,5705948.467618205],[704642.5239024317,5705963.121228664],[704676.7137669674,5705971.527903107],[704699.4051677976,5705967.452788908],[704716.8940433585,5705943.645891783],[704736.964179417,5705881.410717832],[704769.1059767321,5705793.140609219],[704774.6524733726,5705776.810658202],[704783.2031585003,5705728.524490573],[704796.859131936,5705696.463341841],[704804.8550887653,5705687.888885728],[704810.2865780613,5705682.064609715],[704816.458511153,5705675.446113417],[704819.6300285435,5705674.109524942],[704846.958844718,5705662.593032267],[704916.8593617694,5705694.110703379],[704923.9819724562,5705685.450404629],[704943.3222650745,5705661.933972144],[704952.5730162341,5705650.693401532],[704896.2665677125,5705530.044026618],[704905.2415143461,5705523.220874871],[704914.8549066826,5705515.489699227],[704923.1519361192,5705508.203927778],[704937.943065411,5705494.958523253],[704947.6822621337,5705486.285587719],[704948.6313011756,5705482.5120268725],[704950.2294901698,5705470.466889175],[704945.6751538859,5705454.523886104],[704943.5328217287,5705445.937540878],[704943.940010249,5705438.155795188],[704945.8119204276,5705432.869627491],[704948.4916186626,5705428.874537655],[704952.5431094479,5705425.332932918],[704957.2918693409,5705422.54820621],[704971.6613845997,5705418.084327018],[704987.4146524605,5705412.221961245],[705008.616335209,5705420.096071945],[704914.0138275293,5705286.096630757],[704890.5239885489,5705248.599262799],[704749.5211846797,5705025.612882385],[704668.3994838983,5704904.679589966],[704512.3602210212,5704670.066912084],[704452.7150938099,5704574.53184855],[704448.639813716,5704551.840688089],[704415.2633318282,5704486.918137045],[704388.0524013198,5704418.236344566],[704373.082004863,5704356.061466487],[704362.4944248376,5704272.554556996],[704391.6715635946,5704280.39210214],[704405.9001027585,5704273.6908225985],[704404.7740919468,5704270.397835422],[704416.4766212406,5704224.525288766],[704425.6844337182,5704188.431708751],[704379.9837798569,5704149.136198322],[704384.5246740408,5704143.198000811],[704371.0937766086,5704136.111140502],[704367.9237023103,5704130.131435964],[704372.2482429487,5704122.102152251],[704380.3773703174,5704104.409451386],[704403.2052421223,5704054.725534217],[704410.0721315017,5704039.779742363],[704443.7651005596,5703962.583507717],[704466.0100093916,5703920.458947225],[704487.2362914294,5703878.789437487]]]}},{"type":"Feature","properties":{"briefwbz":"90045","gid":50,"ogr_style":"","booth_id":"090045","municipality_id":"15002000","voting_mode":"B"},"geometry":{"type":"Polygon","coordinates":[[[707311.9353748976,5704415.9612503955],[707318.5653090276,5704278.601715446],[707323.5265940547,5704194.221585049],[707329.013971467,5704096.852526054],[707333.2938193692,5703992.428828188],[707334.0469346921,5703961.930113615],[707341.21947561,5703823.59305921],[707342.8372953202,5703784.118804624],[707343.8041797827,5703772.650730166],[707344.9617502615,5703756.68198789],[707345.7086052002,5703726.18307662],[707141.4069338753,5703704.2964452095],[706730.3270504217,5703623.384369641],[706738.0941744406,5703653.735424768],[706739.6059787918,5703660.3501077965],[706755.0662366928,5703727.997073196],[706777.0875713812,5703838.007111744],[706724.1944100366,5703943.940662296],[706689.016710624,5704008.563211409],[706667.2220413263,5704039.702211],[706618.3431903534,5704072.2339671],[706603.0556028866,5704091.126080604],[706597.6026771455,5704126.437396209],[706590.4513282689,5704166.678451633],[706553.0202284498,5704383.855621393],[706550.3481795061,5704400.2590973135],[706507.1521306485,5704648.232210125],[706499.2320374439,5704694.949963661],[706477.4931920259,5704810.171223413],[706453.9102943506,5704945.835463946],[706450.9924512289,5704968.234229339],[706438.6740783064,5705036.799152103],[706547.1167801961,5705040.741167444],[706671.0463430642,5705045.324475357],[706673.8318851695,5704977.368455162],[706783.7543321273,5704981.874198531],[706821.2053581387,5704983.912369906],[706828.7827691485,5704982.223250095],[706834.0668771168,5704975.428548219],[706840.1288733028,5704827.538197648],[706999.9891111735,5704834.58765481],[707168.3084347983,5704842.989822659],[707291.2814473021,5704846.52757881],[707298.1937685823,5704690.163804243],[707300.2362754282,5704664.7234248435],[707308.5456601371,5704486.389268787],[707311.9353748976,5704415.9612503955]]]}},{"type":"Feature","properties":{"briefwbz":"90046","gid":51,"ogr_style":"","booth_id":"090046","municipality_id":"15002000","voting_mode":"B"},"geometry":{"type":"Polygon","coordinates":[[[707647.0859349931,5703479.784653992],[707637.2621983028,5703536.435556377],[707631.4461866342,5703617.278220785],[707632.5216456227,5703700.899923648],[707639.9044121595,5703752.753698567],[707653.8558162528,5703790.860206114],[707674.8476277211,5703828.255523861],[707704.9931043717,5703862.026551972],[707742.6342681507,5703896.098567048],[707806.8623366149,5703843.173994425],[707830.1273021122,5703825.111615242],[707847.1656849347,5703812.296473345],[707869.1709283132,5703812.695231724],[707902.4040434593,5703820.068674168],[707930.3226323177,5703822.709762116],[707939.1646843362,5703814.563945289],[707951.533321229,5703793.552316493],[707973.0780069173,5703756.397411157],[707996.2093993906,5703729.318645251],[708037.3975814391,5703688.969506319],[708066.8830537415,5703665.653476488],[708101.1955148347,5703646.5411446905],[708140.9869133022,5703628.149984803],[708185.2383428479,5703610.947640361],[708239.9942819433,5703593.672868132],[708292.9491817942,5703583.826269723],[708317.3502836629,5703586.832267077],[708337.4863765732,5703596.165541364],[708364.5608239179,5703607.285967837],[708407.0912919752,5703607.526145125],[708527.4694427808,5703588.93529039],[708590.8937525435,5703580.026900558],[708609.6686412267,5703573.784930979],[708626.8704643821,5703556.976998471],[708635.2262093589,5703536.297515577],[708716.2380954812,5703611.185050749],[708747.4895841666,5703617.974159651],[708771.6815619527,5703613.960229251],[708794.7767587407,5703599.890372521],[708926.207487298,5703397.076662068],[708953.2260249881,5703385.167356637],[709074.0342236907,5703356.085931783],[709175.0639095372,5703394.258727729],[709295.724737833,5703417.722799028],[709437.6325244457,5703435.549186211],[709575.6327524937,5703438.701892072],[709711.0340084966,5703432.240300488],[709785.0922282701,5703420.264975827],[709853.6637418771,5703408.058735619],[709951.8830639973,5703380.554051972],[710033.7192831454,5703349.875306587],[710100.1958161626,5703327.572063645],[710106.293567212,5703325.319275845],[710117.3370973,5703275.7226931555],[710132.6148696379,5703208.283649451],[710272.1006376316,5703187.475639009],[710207.0651785695,5702820.456607505],[710211.742134176,5702814.984354215],[710211.3908573994,5702809.7658474315],[710211.3834071421,5702809.722531425],[710209.468052538,5702809.621986759],[710196.9691847845,5702725.513307419],[710182.0041618554,5702624.762364877],[710166.2277869246,5702537.689805208],[710165.7930090949,5702535.290088752],[710162.3873531846,5702516.493729875],[710177.0063278419,5702491.828152502],[710259.8458783197,5702393.903830091],[710265.6579636545,5702387.030072747],[710298.2732101295,5702348.472637483],[710341.9598593842,5702296.830619594],[710351.7888034562,5702286.342740463],[710370.8184114811,5702266.041930623],[710390.4785842295,5702242.688937987],[710409.5652864887,5702220.0181482],[710425.6515941831,5702202.049128102],[710435.5956612008,5702187.041519704],[710438.9398817928,5702179.81137313],[710440.9281651606,5702175.503549032],[710447.4261939172,5702154.454013746],[710451.7506158426,5702129.5316881975],[710453.6593547097,5702120.691156526],[710472.8332784418,5702064.501193446],[710493.4196957499,5701995.701695472],[710503.6073592115,5701956.42539572],[710510.3793592574,5701920.8728963565],[710522.3038836276,5701877.683823526],[710530.9384719725,5701844.309665423],[710533.2444285294,5701826.997131265],[710533.455413383,5701806.090325415],[710530.5046266824,5701789.793645981],[710524.0733092227,5701773.914901752],[710516.2612898276,5701760.34181779],[710507.1185726946,5701748.951442921],[710498.9860659386,5701741.000799598],[710458.4301156126,5701704.389972807],[710423.8363025228,5701672.753042004],[710416.3640681088,5701664.078725824],[710413.5117866059,5701660.768739152],[710406.9164846711,5701650.969186901],[710406.0672466364,5701649.708218429],[710400.5199423647,5701639.861491806],[710397.7920109063,5701632.782958758],[710395.3719326274,5701626.497769917],[710392.3942626142,5701615.009629998],[710390.2202316571,5701606.6274857605],[710386.3610322289,5701591.73494988],[710387.0170916382,5701590.015130506],[710384.831569033,5701583.01386911],[710379.3798445677,5701579.627375362],[710356.8873582003,5701514.53318535],[710347.6689839559,5701490.9428320415],[710334.718525596,5701464.016470785],[710320.2245168609,5701439.459236703],[710304.4980366474,5701419.821385054],[710265.2805414659,5701372.650105507],[710244.1404352132,5701347.230044335],[710229.5013153108,5701328.902947042],[710216.2790987443,5701308.852199375],[710215.0910666429,5701306.210969174],[710207.7371889192,5701288.4176391745],[710171.1566141385,5701193.377683475],[710125.8972293361,5701078.678404736],[710112.5091722046,5701044.962560857],[710110.5244495531,5701040.266764453],[710096.0448736569,5701006.561253071],[710091.3025763725,5700994.655537969],[710108.6066607734,5700983.362796378],[710105.0705737795,5700970.965994416],[710092.2575404015,5700922.604397462],[710089.006577547,5700910.334381516],[710083.2454675554,5700892.876616563],[710070.9662510811,5700855.672750252],[710060.6255642935,5700839.073370148],[710052.9542048497,5700826.096722587],[710034.4102784734,5700791.178725293],[710022.4088535989,5700769.306231641],[710000.7993129857,5700722.235924665],[709989.7284034682,5700713.1990576675],[709958.3488420165,5700688.37555692],[709914.2217188815,5700663.310123289],[709889.9988702898,5700650.220964155],[709839.8634764941,5700627.536958196],[709831.7749074921,5700623.767243567],[709811.6145531161,5700614.377931916],[709803.8413725117,5700614.149596229],[709784.9839684856,5700616.570158265],[709757.556263921,5700617.693685724],[709723.0069447071,5700609.526714503],[709709.2951876842,5700605.588185995],[709694.4598704505,5700601.32534256],[709675.4601714893,5700595.857410972],[709660.3021764236,5700589.706082955],[709653.8728087662,5700587.095373092],[709639.2801443756,5700579.605836982],[709637.3194206345,5700578.599623008],[709633.0253997048,5700576.396773625],[709628.7120349575,5700572.886991744],[709628.6661742682,5700572.849189354],[709624.7673634789,5700569.677259406],[709617.2454286467,5700566.125900574],[709605.9296245108,5700562.088900544],[709610.9197292217,5700557.563699703],[709603.3408126618,5700550.226972816],[709603.0737304839,5700549.9684150005],[709599.4047410331,5700546.416606787],[709591.2210045282,5700541.426792329],[709560.4047239872,5700540.359525295],[709527.2048965045,5700531.627261889],[709489.2654702119,5700509.943446936],[709452.2831122677,5700492.142546785],[709391.642185574,5700491.45999581],[709383.8429218133,5700489.669082976],[709317.3972766188,5700444.861111405],[709317.8498786382,5700443.846668356],[709318.0253551175,5700443.4496562835],[709318.6758254757,5700441.995680331],[709322.2251692333,5700416.19592696],[709331.5957635653,5700398.9326804625],[709366.0755786855,5700361.272247678],[709370.2919635153,5700362.315879714],[709381.4552979574,5700374.960019643],[709399.984263814,5700389.962895778],[709404.4750723694,5700391.027729216],[709409.2386040733,5700392.15377163],[709417.2479150717,5700385.885516629],[709418.8104822002,5700383.782386731],[709425.336043133,5700375.005963449],[709426.0327616808,5700371.92644657],[709428.9471934338,5700359.058255686],[709429.7655734431,5700355.453239441],[709440.8365115963,5700332.113716498],[709446.0462537156,5700321.126262504],[709453.4935891532,5700310.250451652],[709454.4661045643,5700308.013117419],[709461.9939343604,5700290.774435953],[709460.8232199375,5700279.035130843],[709456.410677646,5700278.504050479],[709440.6612120558,5700283.249038728],[709435.986227657,5700284.969413241],[709396.0678499283,5700302.798013355],[709385.7909857954,5700303.332954131],[709362.2784039755,5700298.1956375735],[709360.1201420367,5700299.9340069555],[709345.0770403891,5700323.476202688],[709342.1220072937,5700323.530303627],[709310.2897708289,5700307.191646852],[709308.0830076743,5700303.883155856],[709326.3400446881,5700267.615178759],[709326.7334057214,5700266.8104894115],[709327.7599410384,5700264.720468735],[709329.9628418295,5700253.339559631],[709327.1556075595,5700241.232942068],[709322.0489075788,5700230.158156918],[709307.8856356743,5700206.810861835],[709300.9696182288,5700201.662837075],[709290.8754274093,5700197.861024602],[709280.1923299731,5700197.683646546],[709275.5486038516,5700194.365378746],[709270.7659792801,5700179.655376043],[709261.7412133705,5700168.685423209],[709250.7828525037,5700141.3854521215],[709248.6124886455,5700126.437098076],[709230.5822222425,5700104.147613791],[709219.3097399021,5700075.963943356],[709214.4631645754,5700066.601487285],[709214.894436759,5700063.869112049],[709212.8979532588,5700064.581492245],[709214.8944617442,5700063.868502132],[709216.0192811787,5700056.715582584],[709229.5194303766,5700051.1677281745],[709234.707286346,5700049.006119621],[709234.7903868139,5700048.971523101],[709244.2295310419,5700045.038821996],[709258.2238692562,5700040.376979251],[709279.6168572806,5700041.543660929],[709307.4181541924,5700035.085139769],[709326.0433462914,5700032.589951568],[709334.6724940098,5700032.693200309],[709345.2773433658,5700034.048502686],[709364.0951184724,5700037.236754915],[709377.7365274841,5700043.145736622],[709389.3758813813,5700053.822444127],[709403.4588995689,5700071.430901284],[709412.7537833045,5700083.993474877],[709423.6028201457,5700099.302373876],[709433.0094573781,5700105.593415368],[709441.8279087569,5700107.551246898],[709449.119732524,5700107.069170621],[709460.2098481521,5700102.198301488],[709477.9393114089,5700088.8259403],[709504.5985986176,5700063.247912539],[709506.2184057608,5700061.693675398],[709513.4845148292,5700054.722491666],[709550.4315162033,5700015.721690474],[709558.9348964689,5700007.411593305],[709567.6564899171,5699974.836852047],[709574.4227631828,5699947.477193239],[709578.8752666543,5699927.850363223],[709583.6244565304,5699917.965109632],[709588.7444171825,5699909.656558653],[709599.7229189384,5699900.547007908],[709624.9716889083,5699886.636786665],[709659.0907610286,5699872.564389653],[709693.4877685711,5699864.414148264],[709756.2748619944,5699846.306012169],[709816.8943174275,5699840.796459748],[709856.3690421113,5699831.723102283],[709865.3848139369,5699828.008431671],[709874.13465581,5699823.614352498],[709881.5544952977,5699817.31730759],[709889.2672871589,5699809.207264748],[709895.6950543816,5699799.930234984],[709897.003898679,5699792.283241582],[709895.2737556307,5699783.25527455],[709882.5491103653,5699765.835882467],[709873.5226100117,5699755.181519399],[709866.441450824,5699742.376734489],[709864.6303117576,5699734.729845627],[709864.9300796693,5699724.360976898],[709870.6704695802,5699699.889251992],[709874.9571786391,5699688.714366496],[709903.2659626795,5699662.7178244665],[709939.2036708894,5699640.291676931],[709962.1887940986,5699625.752774532],[709960.5518909842,5699618.357848046],[709957.824844693,5699619.289802786],[709954.2658773265,5699618.26075494],[709950.6588257302,5699617.217803927],[709943.6380846364,5699597.748110671],[709922.2273978494,5699563.233032165],[709916.4663116497,5699543.490006402],[709910.8853213476,5699533.36017557],[709882.9890976792,5699528.744410869],[709806.2181926693,5699549.3579786755],[709805.3612764934,5699527.600243476],[709787.9575922595,5699527.554293058],[709769.6694668238,5699527.506007481],[709755.1829061843,5699527.4677590635],[709745.0365442678,5699527.230843028],[709729.16044278,5699527.37693653],[709665.1501701484,5699533.609499656],[709635.9515519579,5699536.529785021],[709564.986776224,5699543.108234933],[709545.6873538491,5699541.946244156],[709549.6959850971,5699528.807404062],[709565.4658974954,5699496.022806875],[709589.9904780105,5699447.324380331],[709579.8262574772,5699441.267229572],[709564.1755719245,5699431.940537668],[709578.6879981654,5699396.574526489],[709598.8315633052,5699346.432456021],[709621.0653131413,5699288.646502059],[709631.6196513533,5699261.215437897],[709642.6513228271,5699232.542990883],[709629.5973300716,5699216.458196807],[709614.0466812223,5699208.228650217],[709561.2767960504,5699178.154849531],[709524.7475451067,5699162.959645344],[709482.5164868534,5699148.060905011],[709420.7257062015,5699126.726816452],[709397.0572660806,5699118.554974821],[709408.3332951663,5699103.967100386],[709412.3854726974,5699097.843133057],[709419.061710948,5699087.753479208],[709424.2458314286,5699079.034611389],[709433.1212615394,5699063.370010333],[709442.4634433965,5699046.138678601],[709451.3384961209,5699033.988846835],[709468.7058377749,5699010.873431766],[709459.8522050948,5699007.423674855],[709428.7253707689,5698995.3178959945],[709388.5886076598,5698979.708614361],[709327.0734785121,5698955.785792697],[709265.2649926513,5698931.747814522],[709259.7710053455,5698927.477834689],[709254.863372413,5698951.78374618],[709253.7128294648,5698958.075443852],[709248.4256386505,5698968.541785428],[709244.7457485651,5698975.790108309],[709233.0248499308,5698953.863287623],[709205.1379077963,5698918.628810273],[709190.7869697324,5698909.345030217],[709163.5141379458,5698897.7183120875],[709154.7922384394,5698890.473479638],[709136.3580163828,5698862.578030357],[709111.185618421,5698825.263942359],[709105.1348188957,5698838.804996369],[709099.4474441368,5698851.516355079],[709091.4597556939,5698891.892049631],[709088.4387008849,5698912.102368468],[709084.3426503835,5698942.997548454],[709081.1511875254,5698964.707996027],[709079.4320939993,5698972.132705186],[709049.5260408309,5698978.065549154],[709032.8417846761,5698990.079383864],[709025.4134047946,5699015.1401133025],[709024.7178284249,5699056.696161013],[709024.0483265339,5699072.671497148],[709033.8627358293,5699109.07784297],[709051.1552061327,5699133.253884656],[709089.3472305048,5699179.806774093],[709102.2246882789,5699195.814267228],[709115.5305448526,5699218.345614902],[709122.9192673389,5699230.740869647],[709120.5778669644,5699238.759618078],[709116.7469349125,5699251.879661335],[709109.4730597269,5699260.476217999],[709087.899291674,5699285.972955567],[709073.7559896575,5699292.2625651695],[709049.7085022959,5699302.9860016825],[709028.0444448013,5699333.952020847],[709027.0258410104,5699366.6539354045],[709028.6960821834,5699378.345906698],[709030.3519692572,5699389.937401801],[709034.3419014714,5699388.92732679],[709038.8910314864,5699405.36403945],[709053.9211446291,5699422.479515037],[709058.9995797278,5699435.965695685],[709063.2269598541,5699447.7111884495],[709064.277610518,5699454.491920623],[709060.7896966172,5699462.740903718],[709047.3520022176,5699476.895775878],[709038.1181393571,5699485.801600789],[709031.4802923634,5699491.740002839],[709029.1798369364,5699493.680252103],[709024.0258432043,5699500.32529179],[709011.6486665267,5699507.127086137],[709004.5705642472,5699511.236581732],[709002.8367197405,5699511.9696319895],[708996.4346529031,5699508.623811223],[708970.107130412,5699503.965188165],[708951.145704947,5699499.339426075],[708897.1275115795,5699490.675055307],[708882.4361885202,5699484.798237272],[708875.4380384311,5699479.467347802],[708871.9519664694,5699475.020421059],[708866.6088635832,5699463.833577681],[708805.7038097125,5699443.482274975],[708717.8854935355,5699414.137971588],[708675.138168395,5699399.991708252],[708673.051726771,5699460.359234122],[708643.6598310262,5699457.192061422],[708626.2924446359,5699456.595762223],[708600.8760675623,5699454.083414737],[708577.5274690788,5699451.870924845],[708551.2175975392,5699447.600813381],[708533.8170139681,5699444.762608622],[708475.9606447213,5699429.920946553],[708412.725563229,5699418.7362921005],[708387.8752164112,5699414.3453171635],[708372.9906157985,5699405.236502349],[708365.742941259,5699398.942634326],[708329.6730035354,5699369.439269886],[708299.9105025232,5699341.18913177],[708278.9056452826,5699321.531592551],[708246.158892259,5699296.815679227],[708242.1989529241,5699293.300265868],[708231.8825564403,5699285.935281286],[708223.2353575518,5699280.11800121],[708156.2128316717,5699234.283768795],[708087.4303656181,5699187.2536282865],[708067.7707371608,5699177.092539387],[708015.6687945614,5699149.773865738],[707931.1741301289,5699152.176735833],[707928.9858679292,5699152.327325493],[707923.0202197635,5699152.813654757],[707919.6003990092,5699153.339257882],[707912.0359494336,5699154.687017563],[707901.3295941951,5699156.594734963],[707865.2325278345,5699162.638381987],[707819.3615801217,5699168.786101234],[707771.959848958,5699173.726930826],[707736.3995610694,5699170.697222137],[707715.3301877175,5699166.795395841],[707694.7153109717,5699162.957586842],[707682.7282051193,5699163.473583153],[707672.5341038812,5699164.866604602],[707649.9604954704,5699182.308179619],[707637.8317591236,5699188.713036277],[707628.8621604185,5699192.818103013],[707621.2111759207,5699196.533001225],[707612.919909647,5699200.27801538],[707601.8389815139,5699205.2706375215],[707581.1931449246,5699214.572823182],[707557.653505019,5699225.197731418],[707518.7739655877,5699252.643011657],[707504.7805236502,5699258.065055393],[707487.9825473961,5699264.575328481],[707482.6692133303,5699267.551436636],[707475.9386285271,5699271.3213760415],[707467.5758163604,5699276.005559437],[707455.8832208104,5699282.554822667],[707446.923786316,5699287.916133967],[707437.42485417,5699292.867321714],[707424.666814633,5699299.962098794],[707400.8297911724,5699295.473889406],[707394.1062096169,5699297.420463924],[707387.3103462814,5699299.386463271],[707382.4847040889,5699300.782106826],[707379.7609457342,5699301.567244627],[707402.4361770547,5699235.494601179],[707424.3747500266,5699171.570165672],[707429.848351885,5699157.642248548],[707432.7413063003,5699150.300754909],[707439.7330039395,5699137.2226181915],[707446.7029484703,5699124.203673031],[707451.7929691349,5699114.71124969],[707465.2452319957,5699100.716803986],[707478.4724624808,5699087.31256109],[707498.5874965417,5699075.537695054],[707536.7126157244,5699054.010995646],[707564.9662325424,5699040.093007553],[707589.6146377949,5699023.111401341],[707630.8732975343,5699011.939874743],[707652.7056166827,5699007.896667655],[707678.3547753454,5699010.715727052],[707680.3607912393,5699007.524685468],[707666.4512511835,5698996.325076916],[707651.3739296023,5698984.163665927],[707630.1351161781,5698966.9933661735],[707586.2588448671,5698931.493601353],[707533.6948608904,5698888.99554441],[707507.635975381,5698867.936202742],[707456.3905491557,5698827.668902513],[707436.7340823532,5698856.316537229],[707362.1852058582,5698965.884316009],[707315.989324424,5699001.723384052],[707274.7091789745,5699033.749920715],[707273.3236551601,5699034.829270017],[707268.1299684132,5699040.662317409],[707236.1758759182,5699083.145500156],[707198.780572524,5699132.862961477],[707190.6167223179,5699125.311624134],[707183.4196044989,5699130.692316483],[707182.0771614865,5699131.698344963],[707173.8755128565,5699135.701526308],[707156.762014823,5699145.160321278],[707148.0584248236,5699150.053849548],[707130.5484945502,5699161.493313848],[707124.7888086966,5699165.261234123],[707114.5487435253,5699172.354004753],[707109.9144267322,5699174.306188529],[707095.6796462953,5699180.5647069],[707086.0473871945,5699210.809339881],[707086.047525068,5699210.809488204],[707085.6346034172,5699212.098860206],[707059.4290967067,5699204.043798812],[707047.9920824212,5699200.527427891],[707032.4244527108,5699192.162331501],[707024.664648319,5699204.316460315],[707056.1677969652,5699214.630511542],[707036.8228840756,5699266.10318913],[707021.7726290382,5699289.704933954],[707014.216727188,5699299.935566545],[706991.5346475525,5699322.303771126],[706946.7269278966,5699342.214262604],[706929.5794563446,5699346.761904174],[706908.2700674197,5699349.912856139],[706803.4565881656,5699357.686101381],[706779.2247908928,5699358.019815518],[706743.2708681589,5699361.0614234535],[706730.712429533,5699362.073497506],[706704.3743919308,5699364.342828984],[706675.846388139,5699369.735551196],[706668.8439402377,5699372.076234297],[706631.0516548336,5699388.720594363],[706600.2677450889,5699406.66800826],[706586.3315246388,5699416.392035706],[706559.7845994185,5699437.811131268],[706552.4760462326,5699446.034922538],[706542.5531735881,5699460.047215193],[706526.4662620737,5699484.887675144],[706507.2315031226,5699506.791451247],[706495.9775830595,5699516.154858341],[706471.3378067233,5699531.090789047],[706444.8462679507,5699539.184388604],[706435.8794470865,5699540.9741771985],[706401.678109622,5699547.66095431],[706364.7940736476,5699554.718278439],[706344.6181898242,5699556.8346389225],[706328.4294731524,5699558.2584641],[706306.1158228081,5699560.026997356],[706287.4569633802,5699561.885184284],[706260.0884665782,5699561.820166332],[706128.4448722354,5699557.738976726],[706114.6914955715,5699557.135528206],[706107.1177684818,5699556.805312682],[706091.9857337131,5699556.135371783],[706071.0543912619,5699552.870710393],[706045.8313900225,5699545.636597208],[706019.6497037832,5699538.102957965],[706006.4512691491,5699532.137165624],[705984.5955388632,5699522.238329137],[705938.112505866,5699495.450585703],[705897.4009436695,5699464.239797311],[705850.5613802852,5699415.731805346],[705819.8624527017,5699385.301527737],[705786.9877363797,5699356.79406164],[705760.1109354933,5699333.487015632],[705745.8052582833,5699322.906538928],[705703.5841195701,5699295.928047208],[705676.2430607425,5699278.457610913],[705648.8838349276,5699262.7731081145],[705626.9149249452,5699250.872727234],[705589.4050431784,5699231.914755533],[705551.9053972873,5699216.860885189],[705521.6429410857,5699209.620615771],[705511.762168168,5699208.920629696],[705493.8209023459,5699210.367811341],[705488.1357692587,5699210.850590829],[705462.132089521,5699217.422727074],[705434.6302479145,5699227.336753926],[705424.0363851194,5699231.462146633],[705407.7107054666,5699237.820130431],[705358.2265453085,5699263.164190411],[705333.1037301447,5699278.045267097],[705312.2088892704,5699293.68503903],[705290.2787744374,5699314.071983431],[705268.8450285303,5699337.246836245],[705249.9976735872,5699360.692822028],[705241.3671604485,5699372.60094363],[705220.6670274768,5699406.090620463],[705203.9231901277,5699437.685402429],[705193.7332963573,5699465.059395626],[705188.6516846907,5699502.001489118],[705186.2317071526,5699529.313384589],[705185.725153965,5699543.145808592],[705187.114984124,5699558.942652238],[705188.2725915598,5699571.246697552],[705191.2791627645,5699587.405091754],[705193.3991916897,5699599.793586515],[705195.199776669,5699610.572510424],[705196.2089751144,5699624.421937695],[705197.3841276674,5699637.152155457],[705199.8027576503,5699649.948277629],[705202.46923675,5699661.7035063915],[705209.6507844772,5699682.357034673],[705241.4281868839,5699750.722399053],[705251.9218366783,5699769.935101409],[705270.4635332735,5699793.781557225],[705285.1389767022,5699805.71849268],[705304.0896115911,5699814.572397621],[705323.9430201659,5699821.791775801],[705393.9812495436,5699852.78255619],[705397.6886517137,5699854.907247637],[705399.2686939633,5699855.812798146],[705403.0570384194,5699857.983876134],[705410.8895002059,5699863.970142221],[705417.7525581967,5699870.65232148],[705428.1069165517,5699881.781658088],[705437.158287721,5699893.443198655],[705452.5852499336,5699924.418993311],[705460.2825462117,5699946.409878262],[705460.1169980152,5699966.211964012],[705457.2098767264,5699995.150462391],[705453.8140590095,5700018.548740294],[705449.761618673,5700049.302135361],[705445.7935949253,5700065.655282853],[705439.3561430931,5700086.456576051],[705430.8859291861,5700104.346895826],[705417.6053489753,5700129.342139168],[705405.2548296805,5700149.225566296],[705390.638552011,5700170.297419679],[705372.6849576458,5700194.035205206],[705343.7464862433,5700224.578226548],[705343.7443586129,5700224.580949675],[705343.4754982217,5700224.864038217],[705312.4978023208,5700248.278429049],[705292.8706637358,5700260.336636842],[705275.1889932532,5700268.64082164],[705268.8936896563,5700270.945358753],[705260.4946757129,5700274.024578778],[705257.8540429629,5700274.71214091],[705241.518938522,5700278.977633678],[705236.6862990558,5700283.328961416],[705228.830058453,5700286.230213401],[705218.979401501,5700281.742775992],[705213.1072119575,5700274.695766046],[705203.0597861209,5700269.87995733],[705169.2029570208,5700251.5469010705],[705138.0463336324,5700235.471524149],[705115.9302927237,5700224.355822093],[705100.350215013,5700218.132255522],[705086.1412539622,5700213.501350484],[705057.147339215,5700211.0924026845],[705039.2009249857,5700208.390383217],[705018.1219714073,5700203.478046016],[705005.732395625,5700198.170903195],[704989.8620313812,5700188.527250405],[704967.6927292305,5700171.749045249],[704916.6182273678,5700131.215287995],[704896.271593913,5700118.810818482],[704877.9887285565,5700110.394617593],[704863.5223549134,5700104.962391826],[704840.4517881115,5700097.966586224],[704824.5776045655,5700095.379465322],[704804.2203440507,5700093.8648896],[704786.65215429,5700094.146154065],[704760.0401798654,5700098.466081862],[704748.3682094426,5700101.786517296],[704727.2350637984,5700110.414829112],[704676.204310707,5700136.986481598],[704653.2912433537,5700148.86997183],[704613.4353899797,5700173.747329053],[704558.1682019518,5700235.929249376],[704537.6157737712,5700262.267977885],[704525.1017565737,5700286.143384437],[704517.9225186978,5700313.935839178],[704514.9526152468,5700348.927398358],[704515.1826067085,5700365.302334552],[704519.3477612871,5700389.095283473],[704527.3206069578,5700414.6207257025],[704534.8381012159,5700433.546339721],[704545.4646807613,5700451.468189251],[704561.9390402419,5700474.098862059],[704578.1869820143,5700493.337057304],[704595.3979353067,5700513.380446941],[704610.4369381384,5700527.0689219115],[704628.9114826226,5700542.65481168],[704640.6326498208,5700544.851649622],[704647.2574563574,5700548.185947638],[704657.2434480469,5700555.356453249],[704660.1367479162,5700561.6958386265],[704660.7122967778,5700565.23776234],[704666.8362920121,5700576.398938269],[704675.1270608795,5700589.765937922],[704693.067549395,5700605.194821955],[704697.684296267,5700611.24454973],[704713.5075924543,5700640.970314439],[704716.5365860183,5700646.319323979],[704726.2580077159,5700666.421245832],[704730.3814984523,5700678.036013168],[704734.2271400595,5700692.036687658],[704735.8656200564,5700704.815863141],[704735.7800484407,5700731.092248121],[704734.5701595377,5700743.034016557],[704731.4350678335,5700764.586140948],[704726.0027111319,5700784.918021391],[704716.8840585442,5700809.4730756385],[704709.5306407531,5700826.122862261],[704696.7233576735,5700850.436680893],[704678.3105672069,5700888.313869549],[704670.0556921168,5700915.972208528],[704666.0857268177,5700955.702306208],[704669.5370478766,5700981.402874541],[704673.1154256678,5700990.077572614],[704681.3453618237,5701010.058348323],[704692.7160387922,5701031.804361055],[704697.5007456194,5701040.473378582],[704711.4356505467,5701059.121406539],[704734.4929054505,5701085.985630657],[704748.612802151,5701100.9727922175],[704767.931600908,5701121.482979372],[704789.6226380891,5701140.0383697385],[704800.1079900713,5701148.090171371],[704812.7551637711,5701156.270622027],[704835.1211678515,5701167.146420069],[704846.941139916,5701171.329204211],[704862.1676117976,5701175.921770094],[704883.7567391489,5701179.373727731],[704907.7704663775,5701183.015135956],[704928.3369138378,5701180.524581474],[704947.7780744566,5701179.113990242],[704964.9360742742,5701178.460699338],[705016.4063744366,5701176.470555094],[705038.7205023924,5701173.100748591],[705051.764455845,5701169.396161591],[705072.9417716095,5701156.515720206],[705099.3331219539,5701134.129714258],[705128.1410211637,5701109.685693763],[705151.83671502,5701085.908049049],[705164.2272320699,5701065.05037936],[705179.0528500985,5701031.175040529],[705188.891945389,5701002.230340666],[705197.7734001717,5700970.273488667],[705202.7323982432,5700939.507252494],[705202.5647182593,5700923.810499165],[705201.0882131757,5700911.35322865],[705199.0009159343,5700883.141035483],[705179.8962538799,5700834.437844035],[705164.8779255378,5700824.7639729725],[705162.6989201634,5700816.381796055],[705152.7736304497,5700798.934031072],[705132.30969735,5700772.536359154],[705104.1660986792,5700753.035928506],[705086.7440056985,5700733.749557445],[705071.7268695266,5700717.449466207],[705049.7909756602,5700693.874249604],[705034.732053259,5700678.473331509],[705006.2892686889,5700657.60440026],[704998.587370564,5700651.97383085],[704989.2373175849,5700640.275055125],[704981.6464431176,5700620.9410301475],[704978.438074822,5700604.579174103],[704975.1585322777,5700585.556914844],[704974.6608819172,5700566.918899468],[704976.9162366494,5700549.249459839],[704980.1343403101,5700532.390150418],[704988.918376452,5700500.609548445],[704993.8610996893,5700487.829696235],[705001.1061767073,5700471.625874316],[705025.9720759961,5700434.553440294],[705034.9996909635,5700423.337273058],[705044.9876252803,5700412.7460233625],[705057.3149971951,5700402.345672567],[705072.2340800879,5700392.451898486],[705084.7222211806,5700386.922792438],[705108.7102057037,5700380.198175111],[705177.3778388726,5700383.191420037],[705192.4894443114,5700391.3226272175],[705214.9199287235,5700401.725569814],[705220.2820751483,5700406.074159271],[705228.8548460521,5700416.3447485715],[705246.8072676233,5700423.176016798],[705261.4474948875,5700435.727070782],[705272.8625138431,5700448.696632399],[705300.6547267679,5700464.924478016],[705314.6998626268,5700474.0049538035],[705314.9529531735,5700474.1739201],[705315.763224656,5700474.713943651],[705333.2865878263,5700486.405445409],[705350.7731872064,5700499.398499938],[705352.0595097309,5700500.354276667],[705375.4882981831,5700517.762518686],[705415.1448726566,5700533.060110354],[705428.0831899786,5700540.486729158],[705439.8613423118,5700550.57835915],[705446.7582962267,5700552.157186188],[705452.5925053379,5700557.075635154],[705458.6538739011,5700562.558911339],[705462.4710868577,5700577.619476375],[705465.1330569133,5700587.773053015],[705470.2985777217,5700619.519657223],[705460.6770439685,5700732.578369806],[705459.7051806757,5700754.8347136015],[705458.358898236,5700775.724518749],[705457.5330938789,5700794.293332398],[705456.7992365344,5700807.686061879],[705451.1174216672,5700817.127459305],[705432.1629101392,5700850.878729841],[705408.3509252112,5700886.167623067],[705378.101899789,5700918.790539988],[705357.8291131059,5700944.284977822],[705346.6981561168,5700963.963129302],[705318.6109291872,5701004.532032544],[705309.5436082096,5701021.847330531],[705302.5419367899,5701036.13932386],[705288.0863614305,5701071.120846988],[705279.9850288476,5701089.411663726],[705267.5771215388,5701123.275920033],[705262.17216231,5701148.313451226],[705261.0197706178,5701160.731505955],[705260.362820698,5701167.810337889],[705255.5408030114,5701219.774925634],[705253.0579472852,5701280.130581292],[705249.3878916362,5701305.454419729],[705243.6285836981,5701325.948161565],[705232.9600725988,5701363.286920338],[705224.1134894969,5701389.504694186],[705218.5903420027,5701413.1510452265],[705214.0046827705,5701429.674037109],[705208.259686483,5701448.106403006],[705203.608431059,5701501.897079635],[705202.0940234864,5701520.903123866],[705203.6776805718,5701535.997295464],[705209.4219965606,5701592.946480891],[705236.2070015217,5701685.911215283],[705240.318368521,5701704.417094791],[705246.3181097376,5701719.341844394],[705249.9873681377,5701745.09652281],[705252.5481432609,5701765.901100627],[705255.731911981,5701782.006747331],[705259.4449716876,5701802.538228439],[705263.5866283259,5701832.641329979],[705263.8043925628,5701844.67168151],[705262.4352069276,5701886.270137901],[705257.573561833,5701923.69670185],[705241.9367756799,5701981.761775335],[705239.8072895184,5701988.661136364],[705238.3182927205,5701991.778131164],[705211.4752510523,5702033.875696801],[705224.94808867,5702039.508134271],[705225.6705864237,5702040.36371849],[705225.7051234671,5702040.27825915],[705255.2512276924,5702051.996515582],[705349.295917527,5702004.305607255],[705453.411000209,5701955.014993538],[705530.5959683622,5701915.637951144],[705585.1211252032,5701891.851543714],[705652.2725599298,5701877.587017772],[705690.1125771469,5701870.126526547],[705760.8989319679,5701877.032591813],[705784.5822078885,5701872.997619118],[705816.9654415991,5701852.30309107],[705843.4544645236,5701840.874946284],[705877.8387401084,5701832.273050185],[705935.5643294546,5701828.136132235],[705973.2972835648,5701811.163325302],[706023.4396180962,5701772.180912885],[706059.4364645866,5701748.628790745],[706084.3949339516,5701713.619861066],[706085.4595547366,5701687.636636723],[706081.9161499968,5701651.956756567],[706077.9993376723,5701613.261890454],[706081.7672529134,5701582.383859648],[706090.7617980002,5701558.228383296],[706106.0900617747,5701538.337883069],[706128.4431210406,5701530.242704906],[706165.5620413308,5701528.261072167],[706215.3214362462,5701535.3054117635],[706280.4292736343,5701558.49142079],[706330.2101673897,5701589.563816357],[706354.4728039198,5701608.070628757],[706370.4774752667,5701632.753800787],[706381.1372622108,5701665.719634318],[706394.7267340904,5701712.821896242],[706408.2787431797,5701748.408879539],[706428.2209480265,5701774.749953624],[706450.7531820001,5701786.683893064],[706520.1322010125,5701803.543073576],[706563.2508377227,5701813.817707158],[706593.7907754832,5701813.56620816],[706626.6131993523,5701806.403176492],[706655.6887354621,5701793.081175552],[706680.8270389321,5701778.095066016],[706701.0969679289,5701796.438398376],[706700.8969641713,5701813.446247717],[706689.3928219286,5701825.48850316],[706604.6456183577,5701854.0483033955],[706547.9286015716,5701870.243304196],[706498.8807090321,5701870.233073931],[706438.1699480324,5701861.740365888],[706435.8664601847,5701869.154135854],[706443.151121042,5701874.458014579],[706496.045078634,5701890.635529573],[706513.3346511732,5701908.360048199],[706536.6241025031,5701901.812333759],[706560.3752374023,5701896.277099981],[706587.0800798531,5701891.86281003],[706614.3481618804,5701885.9750479935],[706639.1382559758,5701879.482766555],[706691.3335667076,5701863.605592444],[706729.7784269132,5701853.6670099925],[706762.8670358823,5701840.012626732],[706772.4339058046,5701833.658597601],[706804.030609654,5701812.6728706015],[706839.6277200906,5701786.60145208],[706874.1917753895,5701761.493847842],[707016.5763282613,5701926.477300492],[707073.4325257535,5701992.368718169],[707083.2361043803,5701997.278954848],[707328.1790234958,5702279.894675307],[707327.953713675,5702280.165924748],[707325.6126970272,5702282.212070591],[707296.3955952295,5702307.671869666],[707308.8219536103,5702322.014901811],[707340.9372815359,5702359.084034492],[707349.434898871,5702364.993795586],[707358.8122590806,5702368.820932615],[707369.0803160826,5702370.301113411],[707389.4062146838,5702371.928407643],[707412.6977483922,5702372.477402024],[707413.9200603337,5702342.648005188],[707428.2722409207,5702089.988699078],[707530.9135062642,5702209.003286077],[707535.3667901785,5702210.796260214],[707543.1685438975,5702214.294049909],[707545.6716692013,5702218.179858219],[707547.8995936707,5702221.638584848],[707551.5620336406,5702229.204174783],[707556.5575422186,5702236.559546914],[707577.0308199329,5702260.439422719],[707590.3632267702,5702276.01538946],[707647.0397581995,5702342.230073281],[707652.8066160247,5702350.146560527],[707652.9901053056,5702350.554489016],[707674.8116543923,5702375.856919212],[707662.7228296823,5702841.8132445775],[707659.5335227399,5702972.072804022],[707647.0859349931,5703479.784653992]]]}},{"type":"Feature","properties":{"briefwbz":"90047","gid":52,"ogr_style":"","booth_id":"090047","municipality_id":"15002000","voting_mode":"B"},"geometry":{"type":"Polygon","coordinates":[[[701557.7466457933,5707241.972689853],[701660.743256272,5707268.713322192],[701653.6731176584,5707306.956744581],[701649.1784282827,5707306.772452643],[701638.0413551864,5707431.9331965875],[701634.3939636545,5707496.349652465],[701716.3863377986,5707510.71563746],[701711.2196640298,5707539.033028241],[701707.5944540838,5707566.413483468],[701697.7798731889,5707610.549549555],[701709.6061580603,5707615.0400391985],[701705.033821413,5707628.862391829],[701779.6476961805,5707664.456421771],[701771.8187931194,5707696.66374995],[701808.3119725694,5707697.657272061],[701832.7784822203,5707735.697275969],[701899.2984111302,5707748.932315888],[701886.8974822207,5707819.491964008],[701923.0832822127,5707827.980711211],[701971.505065259,5707830.965951337],[701991.6517014934,5707791.2590066735],[702055.4342729714,5707639.23105547],[702106.4446000347,5707518.201516969],[702148.4114576175,5707397.813533444],[702168.2258479788,5707329.557594762],[702206.6677514052,5707124.443631898],[702206.109756823,5707101.400013492],[702200.8938818777,5707021.107043185],[702189.6539303393,5706831.4687167],[702174.6349826518,5706830.239942855],[702156.5214391475,5706830.150595271],[702144.14458192,5706830.608792155],[702111.3015357703,5706813.743273567],[702097.8270469877,5706800.683772059],[702085.8984628693,5706798.691896929],[701979.9570378207,5706794.845027602],[701959.4733410787,5706794.005205781],[701792.6586179007,5706785.669248725],[701794.633940332,5706733.133680821],[701736.3225672309,5706731.8026329],[701740.5780265684,5706637.697481248],[701744.0683232024,5706552.565190558],[701709.29991611,5706515.652478922],[701657.3407765131,5706568.606951173],[701611.953242317,5706565.745883628],[701609.3759069042,5706592.976936241],[701590.3924700196,5706592.198643943],[701546.6102403596,5706601.673059537],[701503.6951422659,5706607.16265931],[701423.0058973009,5706475.734775731],[701549.1047942763,5706390.821412791],[701646.163269088,5706318.230577123],[701777.5458182499,5706226.528736795],[701892.3909716527,5706159.665971314],[701966.031769725,5706117.3576021865],[702363.8862496446,5705888.779696887],[702513.5849405577,5705802.777477939],[702453.7318632603,5705700.229683282],[702394.2677874481,5705588.190220694],[702374.6436192489,5705541.840937022],[702374.467433494,5705541.895967709],[702374.5793276929,5705541.285599172],[702371.5737210484,5705532.660842159],[702346.6807597652,5705539.098371389],[702342.6543738648,5705540.139463136],[702331.7041188623,5705543.313963815],[702305.2877097353,5705550.924203621],[702289.0465593934,5705553.511470895],[702283.4291432597,5705552.914824692],[702289.501954512,5705566.414201072],[702283.4280319565,5705552.91361838],[702276.9279789274,5705552.223974291],[702269.792312688,5705551.465998575],[702262.4674589575,5705550.685299899],[702229.1469748759,5705488.892884592],[702164.1985985185,5705481.265804077],[702149.9536874796,5705479.595828255],[702078.3609993665,5705471.190968141],[702078.2962502905,5705471.183304336],[702016.1318742691,5705463.890594657],[701985.93885318,5705460.345753796],[701977.9097830836,5705459.406004018],[701961.2344799173,5705457.446283609],[701901.3762510214,5705450.423267457],[701902.7979160084,5705438.450294783],[701857.7876905896,5705433.156984546],[701839.5984256725,5705431.015098826],[701836.9373115893,5705430.615703044],[701765.795927811,5705420.8480763445],[701675.9271900159,5705408.516056784],[701632.1385868692,5705403.578111852],[701611.0264541784,5705401.196247008],[701593.7152133515,5705399.245471114],[701541.1988183365,5705393.324235145],[701490.6797434126,5705387.634918632],[701479.7401176798,5705386.40077315],[701478.6233828986,5705386.274903933],[701478.623031962,5705386.274522994],[701461.1089636046,5705384.295763243],[701432.4096668275,5705381.062405326],[701404.4079597318,5705377.90266879],[701383.5498455935,5705375.551259441],[701380.9643922229,5705375.260105957],[701270.7557045433,5705362.835085488],[701235.919032984,5705358.909736306],[701222.7576036463,5705357.424333756],[701218.5830852805,5705356.952944178],[701155.6750620765,5705349.860002294],[701131.4692762394,5705347.131095067],[701074.6786708932,5705340.7293967735],[701072.8903575873,5705340.52596429],[701047.3295664382,5705337.64645546],[700989.7818001109,5705331.15861919],[700925.6084674154,5705323.923773832],[700900.5706745042,5705321.100101988],[700895.3390435395,5705320.50913789],[700895.3389737762,5705320.509497632],[700894.3054395393,5705320.39266398],[700879.2993321773,5705318.702378283],[700873.4359416558,5705318.041592176],[700870.8804407353,5705317.751667741],[700845.2201216153,5705314.858125934],[700839.1075931576,5705314.17215986],[700830.4445046285,5705313.19647202],[700820.210974834,5705311.981197408],[700816.2766271151,5705311.514034024],[700735.9463625062,5705301.975969663],[700733.2669822285,5705301.655919873],[700730.392768198,5705320.861075398],[700726.7580628942,5705320.5269123325],[700707.722368668,5705318.770659918],[700702.1480070404,5705318.2619277295],[700689.7633612688,5705317.118657608],[700589.4426540986,5705307.90655806],[700586.0460413217,5705343.030044696],[700585.4452359609,5705365.256017122],[700577.5772221051,5705385.05210918],[700561.3716890182,5705425.8412573915],[700558.9443728275,5705431.947518095],[700557.6332523599,5705435.241844955],[700550.5558436663,5705524.995177862],[700555.941129804,5705569.792215389],[700561.7449266983,5705618.054614679],[700562.005543352,5705620.242364506],[700566.2516138237,5705668.535969039],[700568.1191999274,5705689.757123312],[700573.5408794861,5705733.544777342],[700572.6518109466,5705753.156544569],[700571.96738328,5705773.637483892],[700571.8003803695,5705778.565203505],[700571.7340717448,5705780.549311869],[700571.6120171607,5705784.137665317],[700569.8682886926,5705836.194509124],[700568.6170815586,5705873.552885763],[700565.9071008471,5705886.553917742],[700565.9004620638,5705886.593660697],[700555.2570155145,5705937.464890037],[700554.9911770895,5705938.945364239],[700546.759959121,5705971.3833520515],[700543.5071561581,5705984.196997233],[700537.5195396574,5706008.419151119],[700534.6057695821,5706019.920513995],[700531.4401473935,5706032.43746571],[700517.2402533625,5706088.512807556],[700509.4463755719,5706113.091358473],[700497.8173957136,5706154.918823646],[700496.8562663205,5706158.342590325],[700488.0405395007,5706188.679661611],[700482.9257545787,5706208.823790127],[700480.9332310146,5706216.662465729],[700486.2498489025,5706216.625554067],[700480.9332235137,5706216.662648698],[700478.6590617078,5706225.614599238],[700477.2990983585,5706230.953857733],[700474.3020482553,5706229.9601869425],[700480.6836737893,5706247.642919066],[700379.4710958807,5706216.973986382],[700363.7203549874,5706212.119346321],[700286.2121359052,5706188.718106496],[700285.0788870838,5706192.555245999],[700275.0938211519,5706225.902104836],[700266.790294945,5706253.6326450175],[700263.6244453267,5706264.202758255],[700252.9720346846,5706299.5441413745],[700252.6227029946,5706300.740962383],[700250.9352746274,5706306.377073747],[700246.2066214718,5706322.107919701],[700239.9336104697,5706343.035382876],[700239.921765461,5706343.0799218295],[700233.052256424,5706365.984719831],[700227.9912569216,5706382.863046093],[700222.2079015415,5706402.224090664],[700215.7168441182,5706423.953296109],[700208.1522297816,5706449.286881216],[700205.2870902619,5706458.86839111],[700098.0878451247,5706426.522629531],[700028.4984528853,5706405.527863226],[700008.1512929719,5706399.3837805865],[700018.7950281724,5706439.817128989],[700012.0974009968,5706440.7790356595],[700013.418562307,5706445.970760086],[700012.0973759929,5706440.77964555],[700005.2075974256,5706441.76733585],[700002.1213516858,5706442.216350772],[699991.3764018652,5706443.802729303],[699909.6707085153,5706455.772121039],[699895.1099731543,5706457.9026571335],[699867.3911555845,5706462.131246105],[699838.0844162457,5706466.885182183],[699818.6560244808,5706469.947262873],[699797.9111462582,5706472.895255631],[699774.1510050528,5706476.270185087],[699750.0885892654,5706479.692712848],[699720.730609632,5706483.864050369],[699696.8747610946,5706487.255029882],[699680.7811562225,5706489.542950969],[699612.5612019792,5706499.237568777],[699590.6383777155,5706502.352486183],[699505.9474844803,5706514.384602543],[699452.667493905,5706529.786431561],[699453.3902818457,5706534.740645017],[699443.7764121928,5706571.360569642],[699452.0267527627,5706628.666277193],[699454.7758451761,5706669.8868635455],[699458.0365214054,5706689.718687368],[699447.8782094425,5706744.37796742],[699448.0976074162,5706753.6754876],[699477.6584758589,5706786.666744255],[699504.9297406576,5706801.652673631],[699573.8223512355,5706839.514547228],[699559.5393727942,5706842.9276294885],[699532.0483871934,5706849.412501078],[699495.9145413276,5706857.97030018],[699474.8463131981,5706864.898658291],[699447.0326180859,5706877.180637831],[699446.3492122387,5706877.4929586025],[699428.6166778795,5706881.915688477],[699423.032879673,5706882.737708642],[699385.7081586357,5706888.238895248],[699364.9737562519,5706891.297351626],[699355.4927868724,5706892.695249716],[699314.7469844292,5706899.977919394],[699300.7152521265,5706902.755740342],[699253.0598686041,5706912.192352083],[699250.1226305286,5706912.9126643855],[699231.0380535974,5706917.600253944],[699226.6641349809,5706918.086512957],[699199.4346441164,5706921.12394489],[699156.7643631278,5706922.247092462],[699154.3507096575,5706948.282154505],[699150.5373069596,5706966.222465083],[699142.6318195846,5707003.407810103],[699128.9791685976,5707053.4545807745],[699123.5450895877,5707071.498577448],[699118.4357696583,5707088.454900584],[699105.875099864,5707130.178752762],[699084.8744433208,5707197.465318709],[699062.5845091591,5707262.386946049],[699040.6465905632,5707325.8015747275],[699012.2781813495,5707399.702393934],[699003.4610188022,5707422.664671776],[699356.2018623834,5707376.408117107],[699816.2711102831,5707311.697789383],[699819.6454953955,5707339.358993364],[699909.4021217659,5707335.034394656],[700052.285784841,5707328.882892089],[700181.1222044386,5707323.651909172],[700408.3724951638,5707310.452065433],[700521.1984099317,5707341.601170541],[700600.2818057741,5707365.864853821],[700629.1522382437,5707271.960613313],[700638.0202989863,5707238.789947553],[700643.4164578211,5707216.990533053],[700662.2721717493,5707208.759142719],[700777.6846278835,5707238.014616902],[700786.7946674062,5707204.9448292395],[700900.1565134183,5707234.221438585],[700941.7208228025,5707098.685661503],[700974.8333194668,5707104.465626176],[701112.0391872121,5707143.209418116],[701145.3130817272,5707152.387181063],[701130.1899606094,5707202.098991853],[701194.1960881669,5707221.844785673],[701170.4627172454,5707337.693927819],[701223.4921191314,5707350.375835476],[701186.6652940797,5707467.47759012],[701275.0091671511,5707497.623234622],[701280.1593056612,5707481.824937885],[701325.0949044167,5707496.67734934],[701340.0768990353,5707501.290987038],[701341.5132691801,5707494.580946196],[701349.8966890491,5707460.961856524],[701336.8124386704,5707457.165126248],[701336.8047532751,5707457.202077266],[701333.634591738,5707456.215092328],[701343.0266602365,5707423.593633666],[701355.8139735537,5707384.951292286],[701356.3601095385,5707382.992653691],[701337.9078598645,5707373.653855648],[701338.9334418166,5707365.759318761],[701358.8431265166,5707271.394267315],[701371.2173262073,5707272.212103688],[701379.6419284754,5707273.482829159],[701390.9459051379,5707274.65412711],[701391.0100318738,5707274.451975887],[701410.8710969518,5707277.147893284],[701410.1175247605,5707289.164592931],[701419.7887466885,5707289.71630682],[701428.8523541265,5707289.336623293],[701440.5470422693,5707288.853440903],[701446.6469025227,5707288.662707401],[701447.770592745,5707275.493711691],[701432.0842607858,5707248.0727905985],[701447.7735814855,5707233.61937699],[701457.2179322112,5707203.813506626],[701557.7466457933,5707241.972689853]]]}},{"type":"Feature","properties":{"briefwbz":"90048","gid":53,"ogr_style":"","booth_id":"090048","municipality_id":"15002000","voting_mode":"B"},"geometry":{"type":"Polygon","coordinates":[[[701145.3130817272,5707152.387181063],[701112.0391872121,5707143.209418116],[700974.8333194668,5707104.465626176],[700941.7208228025,5707098.685661503],[700900.1565134183,5707234.221438585],[700786.7946674062,5707204.9448292395],[700777.6846278835,5707238.014616902],[700662.2721717493,5707208.759142719],[700643.4164578211,5707216.990533053],[700638.0202989863,5707238.789947553],[700629.1522382437,5707271.960613313],[700600.2818057741,5707365.864853821],[700521.1984099317,5707341.601170541],[700408.3724951638,5707310.452065433],[700181.1222044386,5707323.651909172],[700052.285784841,5707328.882892089],[699909.4021217659,5707335.034394656],[699819.6454953955,5707339.358993364],[699816.2711102831,5707311.697789383],[699356.2018623834,5707376.408117107],[699003.4547276426,5707422.681030656],[698962.8229443384,5707445.468515555],[698961.171996376,5707450.945895227],[698939.3403866668,5707521.531449777],[698926.5607853311,5707566.639333365],[698914.6911290488,5707608.716762914],[698911.8775650484,5707620.457258619],[698897.2999021702,5707681.220878616],[698891.8370142347,5707715.954037756],[698889.0259101293,5707733.249722244],[698883.3295088145,5707768.4286780795],[698865.8464973392,5707876.366584968],[698896.1806406833,5707876.579524131],[698962.0079596781,5707876.901595391],[698972.5800324767,5707875.988835245],[699038.9341231079,5707869.200949082],[699069.2831597102,5707865.390777421],[699094.6015213195,5707862.215060484],[699138.126262899,5707857.58391855],[699144.8772125791,5707857.225146753],[699156.1034016651,5707856.714612699],[699168.6883791807,5707856.1446384415],[699189.8722271172,5707855.426800134],[699205.6773209878,5707856.390180344],[699216.3497587102,5707858.889698606],[699258.0521857116,5707878.806468442],[699272.6057630468,5707885.759127046],[699291.6877785368,5707893.828264629],[699313.8069333481,5707903.13301173],[699352.9306291366,5707947.58638279],[699744.5628952007,5707852.257002335],[699893.7853955372,5707825.847834369],[700673.7951953143,5708233.681981782],[700694.6783599368,5708237.041024318],[700736.875105057,5708233.263097027],[700774.7040914816,5708213.79324564],[700797.7472936253,5708213.241545017],[700830.8768307334,5708223.10798197],[700904.6922479459,5708192.600593911],[700932.2464965245,5708179.720659741],[701003.0117362615,5708126.067740999],[701048.5560338532,5708150.452863339],[701211.671435943,5708236.717106606],[701264.9621236923,5708206.374313205],[701326.3282592624,5708162.346424891],[701473.7830055115,5708239.957711594],[701535.5046424189,5708272.520568339],[701572.9345922546,5708299.578833189],[701630.3766208033,5708314.447630628],[701620.3008224154,5708316.034116947],[701611.6336013795,5708332.191289716],[701591.9373321272,5708360.912353719],[701588.0764764631,5708406.298697534],[701586.5751203236,5708467.294494232],[701621.5062212485,5708469.726664081],[701653.7094199489,5708465.53888308],[701693.4191501428,5708388.09456164],[701732.8554455419,5708402.728112176],[701685.9126102098,5708461.357392623],[701665.1565664978,5708491.53798528],[701658.6948309565,5708514.790484786],[701658.812009328,5708560.842886698],[701648.5769964119,5708602.962236068],[701615.5417353162,5708737.228990755],[701613.1840174308,5708855.744521602],[701653.6273046639,5708943.487018017],[701717.4059355098,5709060.206300013],[701783.9516999661,5709023.898971254],[701868.9602014933,5708976.835225917],[701918.8426834329,5708944.352893022],[701983.7550932823,5708923.491413159],[702033.8923001563,5708933.5584693095],[702199.3763486587,5708913.318725388],[702223.0183992428,5708910.282959504],[702309.4890801124,5708937.352766562],[702390.0531386547,5708962.174698806],[702420.3666668631,5708967.423459535],[702456.1628526163,5708960.880559894],[702458.2941755545,5708960.545573884],[702458.6817654247,5708960.486997543],[702458.6323900153,5708960.32344431],[702454.7164695065,5708947.692974065],[702442.7438068211,5708909.0720028],[702442.5025196378,5708908.292221114],[702436.008112044,5708887.358691881],[702435.0872314833,5708884.377189226],[702434.9499279475,5708883.936947067],[702432.6742295318,5708876.584010794],[702431.5384646379,5708872.935669614],[702430.200213928,5708868.620570673],[702350.3931164586,5708611.218509365],[702356.9266398182,5708602.724024222],[702363.4209868296,5708594.277600041],[702432.5750373352,5708504.365802035],[702557.0951854461,5708342.439169019],[702383.6789327094,5708226.72591916],[702382.8752347559,5708209.677209316],[702372.2574489238,5708151.183837522],[702365.982362733,5708072.3565446315],[702362.0984906971,5707959.589641098],[702362.3810605779,5707940.586047265],[702385.0408362171,5707900.472756574],[702384.8620838363,5707880.450284234],[702379.4407344578,5707866.211865348],[702371.090610025,5707862.366982132],[702383.2879782227,5707760.270265086],[702177.624981041,5707747.334786725],[702111.2323772612,5707743.109588935],[702098.8823632901,5707800.158156987],[701991.6517014934,5707791.2590066735],[701971.505065259,5707830.965951337],[701923.0832822127,5707827.980711211],[701886.8974822207,5707819.491964008],[701899.2984111302,5707748.932315888],[701832.7784822203,5707735.697275969],[701808.3119725694,5707697.657272061],[701771.8187931194,5707696.66374995],[701779.6476961805,5707664.456421771],[701705.033821413,5707628.862391829],[701709.6061580603,5707615.0400391985],[701697.7798731889,5707610.549549555],[701707.5944540838,5707566.413483468],[701711.2196640298,5707539.033028241],[701716.3863377986,5707510.71563746],[701634.3939636545,5707496.349652465],[701638.0413551864,5707431.9331965875],[701649.1784282827,5707306.772452643],[701653.6731176584,5707306.956744581],[701660.743256272,5707268.713322192],[701557.7466457933,5707241.972689853],[701457.2179322112,5707203.813506626],[701447.7735814855,5707233.61937699],[701432.0842607858,5707248.0727905985],[701447.770592745,5707275.493711691],[701446.6469025227,5707288.662707401],[701440.5470422693,5707288.853440903],[701428.8523541265,5707289.336623293],[701419.7887466885,5707289.71630682],[701410.1175247605,5707289.164592931],[701410.8710969518,5707277.147893284],[701391.0100318738,5707274.451975887],[701390.9459051379,5707274.65412711],[701379.6419284754,5707273.482829159],[701371.2173262073,5707272.212103688],[701358.8431265166,5707271.394267315],[701338.9334418166,5707365.759318761],[701337.9078598645,5707373.653855648],[701356.3601095385,5707382.992653691],[701355.8139735537,5707384.951292286],[701343.0266602365,5707423.593633666],[701333.634591738,5707456.215092328],[701336.8047532751,5707457.202077266],[701336.8124386704,5707457.165126248],[701349.8966890491,5707460.961856524],[701341.5132691801,5707494.580946196],[701340.0768990353,5707501.290987038],[701325.0949044167,5707496.67734934],[701280.1593056612,5707481.824937885],[701275.0091671511,5707497.623234622],[701186.6652940797,5707467.47759012],[701223.4921191314,5707350.375835476],[701170.4627172454,5707337.693927819],[701194.1960881669,5707221.844785673],[701130.1899606094,5707202.098991853],[701145.3130817272,5707152.387181063]]]}},{"type":"Feature","properties":{"briefwbz":"90049","gid":54,"ogr_style":"","booth_id":"090049","municipality_id":"15002000","voting_mode":"B"},"geometry":{"type":"Polygon","coordinates":[[[705892.2409071585,5709160.353363489],[705892.6109335459,5709090.3050702065],[705892.1103868631,5709053.750030915],[705892.1394755904,5708906.606605616],[705741.5158353373,5708893.927431691],[705635.3570691996,5708883.065432304],[705558.1206832574,5708874.892633856],[705536.6938130676,5708872.51107872],[705457.9981500627,5708863.278588236],[705308.9218365496,5708825.138934152],[705315.777678974,5708804.39868292],[705254.4219326924,5708799.379871141],[705209.3526797032,5708800.034215594],[705205.4567067532,5708821.89575284],[705192.6469722774,5708841.385860982],[705168.6291774231,5708853.417297013],[705143.2551481454,5708861.8845257675],[705135.3765371516,5708871.069241853],[705134.3109663203,5708897.052301288],[705140.2183534246,5708923.818379094],[705142.7214899012,5708960.455403998],[705135.6134874639,5708987.190572923],[705114.7755188905,5709043.891929291],[705105.0467827999,5709098.043152519],[705098.273042196,5709116.780865146],[705077.8856532811,5709137.966047074],[705053.7655655398,5709152.496050458],[705063.1080492513,5709180.905593538],[705100.1653800092,5709180.419688258],[705197.0615611364,5709197.409977913],[705188.5210273308,5709222.583563046],[705180.280459848,5709325.843701118],[705276.5725970801,5709369.830002207],[705336.463214468,5709398.307018691],[705343.5587499494,5709396.10150972],[705523.3444359333,5709429.998658551],[705634.5248442809,5709452.574275469],[705611.7192217407,5709532.719291407],[705584.3208416118,5709627.182853664],[705629.7631034116,5709654.073719966],[705833.1242448562,5709710.959524183],[705893.0719480221,5709725.93178112],[705893.6899458597,5709588.823388363],[705893.7178421029,5709502.74497232],[705895.6292711751,5709407.229902022],[705893.476332806,5709325.564331236],[705894.3531651816,5709267.5410177205],[705893.0123068464,5709251.476173915],[705892.2409071585,5709160.353363489]]]}},{"type":"Feature","properties":{"briefwbz":"90050","gid":55,"ogr_style":"","booth_id":"090050","municipality_id":"15002000","voting_mode":"B"},"geometry":{"type":"Polygon","coordinates":[[[705218.6024376263,5713696.377863253],[705229.8645828626,5713699.02604533],[705233.3089995921,5713699.838069118],[705266.4651083779,5713471.316048614],[705275.913305132,5713302.047775672],[705283.7139652271,5713124.197556167],[705309.5309806691,5712934.070193299],[705371.900964977,5712670.37982777],[705416.1678828532,5712494.025682521],[705529.0696328214,5712108.788178396],[705637.910770102,5711724.880462076],[705669.0602274196,5711614.57789617],[705632.1845342712,5711606.144859366],[705521.0095375886,5711580.204652862],[705509.1304400463,5711631.015038797],[705493.190275349,5711702.430408786],[705402.9122688386,5711719.245296955],[705388.2349015984,5711711.135032886],[705294.120275125,5711650.717780413],[705303.8985476012,5711633.789016227],[705295.6376911898,5711629.713231333],[705276.8395126843,5711619.90453939],[705282.9296297835,5711608.634038501],[705290.09171264,5711596.248858121],[705289.7680034726,5711596.070056067],[705259.1427426195,5711577.599378605],[705214.7657982344,5711561.875001223],[705231.0331259635,5711488.12360323],[705260.9688028157,5711344.625442811],[705208.4112200353,5711324.39637097],[705199.172202863,5711362.422006743],[705154.7414258905,5711352.212053186],[705069.9900349202,5711326.489155581],[705016.799858986,5711310.530675689],[704992.8336912781,5711333.568582973],[704975.4610708164,5711354.374103757],[704969.5374925612,5711364.644939368],[704961.1401329413,5711386.321749967],[704957.866928426,5711417.213358129],[704943.73080736,5711444.660083174],[704908.9374532767,5711485.629655199],[704887.462390892,5711510.918309527],[704866.3260741065,5711543.083025405],[704847.4288282505,5711571.837239987],[704835.4616465427,5711609.079341383],[704822.1855643305,5711650.378823824],[704800.3137912236,5711711.870017063],[704794.4641638817,5711728.315438024],[704740.9710891108,5711775.665734069],[704703.2824501824,5711828.172875983],[704621.5536135365,5711892.883281602],[704567.9026860483,5711919.708590554],[704514.5795700208,5711938.542306051],[704451.5353541106,5711950.469010098],[704402.8055785832,5711954.978008197],[704344.5944392532,5711946.584702066],[704291.493024849,5711923.384673168],[704123.5847399384,5711831.914061209],[704063.5310477791,5711807.429144226],[704003.7785729037,5711799.972444779],[703948.9305917975,5711807.236113649],[703888.5880653838,5711826.278687876],[703822.451127657,5711852.591600898],[703747.6401225572,5711895.067653667],[703479.8698108336,5712102.790457845],[703355.0524534083,5712205.266186134],[703300.0243197159,5712253.558964851],[703210.8455475039,5712328.973667847],[703144.7947759412,5712365.300492173],[703059.4840141339,5712395.328670304],[703002.0148999143,5712405.484173136],[702945.7490363517,5712410.683780837],[702857.4811284258,5712403.056705334],[702786.8293928421,5712380.63965191],[702751.514641215,5712363.181148008],[702751.46632761,5712363.148130787],[702709.5753180676,5712375.811950122],[702713.4543212957,5712381.555322006],[702721.4063959147,5712393.340499864],[702722.1554411246,5712403.414907359],[702723.0146772887,5712416.011974709],[702724.0321980471,5712431.495829964],[702738.9284377067,5712474.256573639],[702741.0141050237,5712513.443875716],[702729.2059796879,5712555.454271008],[702723.4474700727,5712588.098923714],[702731.2973122533,5712632.07198132],[702734.8997905813,5712656.6126959035],[702737.1520302485,5712679.541557014],[702743.710581242,5712708.757826286],[702787.1127102007,5712767.151797196],[702821.3517379991,5712807.968666012],[702858.8667256389,5712829.076360214],[702922.5385467182,5712843.910294965],[702964.2923829298,5712844.042032468],[702971.8185178016,5712844.065531027],[703011.9765947919,5712830.518950581],[703021.0198030688,5712850.178346182],[703022.4592861359,5712853.30768025],[703025.7243789504,5712860.405598042],[703028.2930806018,5712865.986176317],[703026.9577335491,5712866.451834359],[703025.9016531827,5712866.818923044],[703028.3256303552,5712869.095416335],[703031.4774021514,5712872.052408124],[703034.9428229176,5712877.244330597],[703035.5864897874,5712879.242627707],[703036.9908803798,5712883.559262898],[703039.0080681818,5712884.527811682],[703048.6662834876,5712884.1834079055],[703055.6782583059,5712887.223704292],[703060.0980971821,5712888.426033737],[703063.097387605,5712889.244758751],[703069.3839622923,5712889.10730989],[703073.3033663343,5712887.991961568],[703078.5742282884,5712883.944206252],[703085.3951069865,5712885.054809584],[703090.0012916534,5712884.888489733],[703094.8782611119,5712884.708232374],[703098.3582649863,5712882.348664198],[703102.9229764551,5712877.581281865],[703104.9129535644,5712876.652031747],[703110.8524750206,5712873.872869454],[703113.651582907,5712873.592326972],[703120.9454476752,5712871.104001868],[703125.145512206,5712870.710798397],[703127.478261411,5712869.600360093],[703128.4328619802,5712869.144066438],[703133.7944305013,5712860.69091231],[703149.1954701908,5712850.772854699],[703160.0407192636,5712844.55159165],[703166.1927541516,5712841.929480095],[703166.4242467588,5712841.830905406],[703168.160185633,5712841.0911265295],[703175.8169218645,5712839.273334878],[703178.5960074798,5712839.311057319],[703178.8092832996,5712839.314004323],[703180.2740254037,5712839.33375167],[703181.0785193379,5712839.34504199],[703184.0350371782,5712839.3852793295],[703185.4106591574,5712839.401706044],[703191.0582174989,5712837.761670378],[703197.7087274375,5712836.072674462],[703205.0430704405,5712834.671991251],[703208.8443891857,5712834.482665188],[703212.233414372,5712834.706759438],[703218.7359659318,5712837.721205931],[703226.7509176652,5712837.784798656],[703229.2926138587,5712836.33763661],[703232.8080161288,5712834.334833415],[703240.4537862549,5712829.9791666595],[703244.4368826448,5712828.53103044],[703246.719901746,5712828.144270663],[703249.228649135,5712828.5975111695],[703252.7813992822,5712832.271630002],[703260.8978266472,5712829.862076808],[703267.5243734864,5712832.0507505685],[703270.523999904,5712832.128801224],[703271.4590323758,5712830.685789995],[703271.7368438826,5712827.939585995],[703271.9690051918,5712825.696990026],[703274.1137196729,5712824.288583683],[703274.787330859,5712823.850756856],[703281.1722246355,5712825.463980182],[703289.7119717125,5712823.226970779],[703296.7237618684,5712821.392672836],[703305.6041374841,5712817.5630839085],[703307.239707737,5712816.854436583],[703313.2523189053,5712815.099249854],[703320.7787788672,5712811.088990784],[703324.1704966391,5712810.272236203],[703335.8527804844,5712810.971803402],[703337.9096167193,5712811.096211806],[703343.6521476913,5712808.238949105],[703348.0507433265,5712805.691817614],[703359.5168795625,5712801.658031364],[703364.7879177807,5712799.802343327],[703366.9092000001,5712799.088637581],[703370.6782710439,5712797.246406274],[703375.2227954967,5712795.776339601],[703379.7389510979,5712794.875592908],[703382.7511618913,5712795.37954808],[703391.4682737275,5712799.675923805],[703393.1533147165,5712800.200507923],[703394.7097000836,5712800.324421008],[703395.8772406852,5712800.41234127],[703397.0495162893,5712800.505465411],[703398.7855562154,5712800.641759383],[703405.1730668625,5712800.483461488],[703408.5863230384,5712800.48336155],[703411.7225491505,5712799.671152283],[703414.3341216918,5712798.106746975],[703419.0422296779,5712793.870758232],[703422.3054520972,5712793.379059211],[703425.6997053154,5712793.718527192],[703427.5138592024,5712793.90305151],[703432.1505211269,5712792.261550666],[703436.86336866,5712790.59317911],[703442.6325320194,5712790.624678585],[703445.3743928549,5712790.642117409],[703445.3174480328,5712788.127402156],[703445.2128620896,5712783.478716936],[703445.5667281157,5712782.051874562],[703446.7959340338,5712777.097589914],[703447.4371717704,5712774.521470448],[703448.0007335357,5712774.569580408],[703452.5212094482,5712774.2946610935],[703455.2914662941,5712773.3773236],[703460.2529857184,5712771.258698225],[703465.133718561,5712767.204943601],[703469.3579537624,5712763.539683462],[703471.191525022,5712762.764076026],[703476.794515692,5712763.79471016],[703479.6581946604,5712763.161499151],[703484.2756320585,5712761.133896186],[703489.4774789243,5712758.769885189],[703493.8172068906,5712756.680791501],[703497.7577903213,5712756.14681036],[703501.9629109311,5712758.070998858],[703504.4018069549,5712758.276207574],[703505.8629304117,5712757.550382198],[703507.3899894699,5712757.047501628],[703508.8721167532,5712756.662947001],[703513.2498818517,5712752.183142476],[703515.976452735,5712749.03693554],[703520.0176916057,5712746.049748931],[703527.4220781168,5712738.551207616],[703535.8287835213,5712730.773481293],[703538.2827843572,5712728.17160693],[703540.3673529351,5712725.059112191],[703542.1059727151,5712722.447924138],[703543.3719572672,5712719.28186555],[703544.5268903349,5712716.261355492],[703545.6261996469,5712708.984549773],[703547.8036784083,5712709.58438269],[703548.3763289922,5712708.191503091],[703550.5193462942,5712707.7074799165],[703550.8622584771,5712707.63009362],[703554.3723405821,5712706.841041305],[703555.8019815478,5712705.783655972],[703556.862335121,5712704.335703605],[703558.654407733,5712701.886893622],[703560.0226237419,5712700.011215849],[703570.357789159,5712700.610418268],[703577.1233062084,5712700.998095057],[703583.5190403152,5712701.370599757],[703587.5000851154,5712700.583092654],[703590.3608977352,5712700.019775054],[703597.611774512,5712697.724864507],[703600.0152805126,5712696.962682055],[703602.7129183266,5712696.107427005],[703608.1663469876,5712697.247022118],[703611.5660064202,5712698.797875466],[703612.9781780553,5712699.020950395],[703618.5625817716,5712699.895705988],[703622.8491062718,5712700.567043802],[703625.5444199792,5712700.987922306],[703628.9110810204,5712702.73255239],[703632.0719739563,5712704.368669873],[703635.5073595934,5712706.146177498],[703638.344690789,5712707.618853256],[703644.6036836236,5712712.545105222],[703648.23481014,5712715.406611155],[703650.4667503132,5712715.89858968],[703656.3686498684,5712717.206752434],[703661.3382704052,5712718.30652046],[703662.7839860822,5712720.15249778],[703665.5545924603,5712726.05667609],[703667.9817784356,5712728.133105123],[703677.4806392305,5712728.2575773755],[703679.096283203,5712728.278841671],[703679.9866677448,5712728.290325998],[703682.1328030438,5712729.77471959],[703684.4443475888,5712731.375989232],[703688.8037385208,5712732.345579301],[703691.3556589901,5712732.235115421],[703695.8281787259,5712732.033248928],[703696.547534075,5712732.55321735],[703697.363982033,5712733.147242963],[703697.9471145093,5712733.57157133],[703698.768563664,5712734.165802154],[703700.5133102471,5712739.21205694],[703701.4413740898,5712744.7703624265],[703702.6362685185,5712746.751205716],[703704.6145811442,5712747.447947369],[703705.9761273465,5712747.198530671],[703708.1451940371,5712746.051374859],[703710.8708824787,5712743.53572874],[703713.1852299033,5712742.629741179],[703714.4911865056,5712742.758407656],[703722.0118938708,5712746.6954085985],[703729.8509700645,5712749.093958457],[703736.4594944739,5712751.111812057],[703741.534829427,5712750.854586687],[703744.0823649968,5712750.7289142385],[703751.8330187453,5712752.843603577],[703753.9703549981,5712752.225614929],[703756.1608105113,5712749.337701207],[703758.6024254035,5712744.963622871],[703760.0088403211,5712744.59593847],[703763.6091543675,5712745.159029676],[703765.4986901478,5712746.677921214],[703766.4484274901,5712747.43760144],[703766.8535045111,5712748.054764592],[703767.5411266036,5712749.10396166],[703769.6944419127,5712752.975915458],[703772.176192593,5712754.699268577],[703780.5702544285,5712755.158776221],[703781.0550029816,5712755.664109399],[703784.8615153322,5712759.618862067],[703786.9115644764,5712760.884084159],[703790.8916438033,5712761.217591828],[703791.5369275869,5712761.103920821],[703797.9762740539,5712759.926763516],[703806.6772889564,5712758.517082947],[703807.9134956095,5712758.637878107],[703809.3250496768,5712759.4865193525],[703810.1949824339,5712765.362752857],[703809.4474646914,5712771.628008531],[703810.0772970036,5712777.379291769],[703812.0534743586,5712795.327231065],[703814.7718773588,5712804.33218034],[703814.1734199626,5712812.2101114895],[703816.5466029372,5712819.749513081],[703815.5139652914,5712823.936114858],[703812.1432951308,5712829.973693997],[703812.1505326633,5712832.846700277],[703816.5677674672,5712849.483491798],[703816.8496381268,5712853.103446962],[703815.5541162702,5712861.868620526],[703817.0844663777,5712878.7272496205],[703821.1535780027,5712883.113221326],[703824.2734886848,5712886.479278401],[703825.0515304038,5712889.228796721],[703824.2762754993,5712892.510115577],[703821.045910921,5712897.812699555],[703820.0933407996,5712900.536234977],[703820.5173767802,5712904.106978789],[703820.4986357137,5712905.052110916],[703821.4685307052,5712907.759405004],[703826.8586616977,5712912.760107183],[703831.9740883242,5712915.672563448],[703841.4006779112,5712919.63272869],[703845.121401611,5712921.652147603],[703854.3629378098,5712926.950963453],[703859.8299359328,5712931.784616111],[703865.5053911445,5712935.685991631],[703876.1580951617,5712938.305137449],[703884.0206434182,5712943.547373622],[703892.463962003,5712947.076812902],[703893.1686831182,5712947.220888455],[703899.5700661965,5712947.213268732],[703902.8241580364,5712946.455930665],[703910.5952776822,5712947.705660301],[703925.3055074858,5712950.236045583],[703929.4543423014,5712950.481359776],[703933.9868250263,5712949.6713955095],[703936.9415157194,5712949.137041418],[703942.20026723,5712948.191681375],[703949.0788618425,5712948.018469448],[703955.3754813297,5712948.612165276],[703966.362083571,5712948.217186395],[703981.3584664646,5712952.065541409],[703993.5961700394,5712953.258322864],[704002.4098782977,5712955.932143074],[704010.409311861,5712963.572277115],[704020.0747166345,5712976.470675258],[704024.6948414457,5712981.940263391],[704028.1739335393,5712989.239748072],[704032.2703443652,5712994.422582508],[704040.2122658608,5713001.755078026],[704046.5357446922,5713009.86699921],[704052.1425940051,5713017.87938191],[704062.9952724559,5713023.309440141],[704064.6271065696,5713027.20497019],[704064.0614347511,5713032.331651976],[704065.1769920724,5713038.808497531],[704067.3064540501,5713044.481174271],[704077.0591216555,5713064.034473965],[704082.3227024336,5713072.728440246],[704080.5279911474,5713075.607606542],[704084.47060367,5713079.172623345],[704086.309920424,5713080.84118439],[704087.1007483788,5713081.55711098],[704095.284731347,5713088.97120639],[704096.0142104488,5713089.6300903205],[704100.1878748839,5713093.409555075],[704104.6163875407,5713087.200634354],[704105.4429693845,5713086.029002807],[704115.0734208794,5713072.525993615],[704134.1640180794,5713101.215548249],[704143.0512484636,5713114.573280208],[704160.2122905352,5713143.149457559],[704182.6911132826,5713180.581534793],[704197.6599551153,5713175.681118544],[704203.6901935013,5713173.711487288],[704212.4397268577,5713170.847415922],[704284.0535123559,5713147.429924439],[704320.9021890048,5713135.379062755],[704333.529399658,5713131.245557832],[704345.5899488509,5713127.3002441665],[704374.0605191756,5713117.991904093],[704383.2633708786,5713114.97891079],[704388.2550484545,5713113.345377384],[704408.2530317315,5713106.806966588],[704406.8319833309,5713102.84255091],[704405.1431192501,5713098.146675795],[704402.4062670621,5713090.532454813],[704398.1810734612,5713078.783296037],[704392.0725900738,5713061.7775767995],[704386.7660746082,5713047.015661398],[704374.9214429301,5713014.069328692],[704367.8872175466,5712994.498026404],[704362.5478065765,5712979.635427792],[704358.4672021937,5712968.29603177],[704346.0434764877,5712933.717368382],[704339.628640369,5712915.854538498],[704332.8632134043,5712898.207034672],[704307.3673896454,5712831.687334437],[704302.2175856072,5712818.25452634],[704299.494795196,5712812.721413771],[704297.3976101822,5712808.437235869],[704299.9725825954,5712804.711255121],[704306.3039298643,5712795.5503033195],[704317.4409661363,5712779.45098497],[704321.8509584393,5712773.073895652],[704324.3068774459,5712769.523192581],[704326.7828689832,5712765.935924056],[704330.1626453572,5712761.056842019],[704331.5952818398,5712758.9855532795],[704336.2365798738,5712752.270273041],[704340.6800972936,5712745.832487523],[704347.6247961504,5712735.802478868],[704363.238617039,5712713.21089275],[704384.7275592096,5712682.141278959],[704390.5176062274,5712673.765332569],[704413.2950067403,5712640.649600624],[704420.0179919959,5712630.877281274],[704429.818703314,5712616.623538066],[704432.5789039733,5712612.613249455],[704447.4118532088,5712591.045415973],[704449.3581587791,5712588.26238879],[704462.2571089452,5712569.782144453],[704474.5294067756,5712552.201746982],[704476.9901515219,5712548.682271737],[704480.995097247,5712542.9468315225],[704484.9538150546,5712537.277918651],[704486.4053051157,5712535.201229825],[704512.4470592692,5712497.903293567],[704512.5687022514,5712497.728915104],[704516.239320595,5712492.470577735],[704534.6246129386,5712466.174283101],[704545.463969325,5712485.591958005],[704567.2312817243,5712524.586187166],[704622.0286523051,5712498.472587712],[704629.7466979744,5712494.795469238],[704634.8699683284,5712492.273035742],[704635.5201133844,5712492.039453605],[704640.503436924,5712505.126132944],[704645.5903900878,5712518.492350447],[704648.3905103437,5712524.653012757],[704661.4172348657,5712553.334193449],[704662.2671141722,5712555.0656196475],[704670.6565120592,5712572.961521715],[704689.1763563848,5712609.5003326405],[704702.871896727,5712636.517358168],[704701.3847352054,5712637.267108018],[704720.4473742631,5712673.262662426],[704735.408823342,5712671.133930641],[704745.7971616848,5712695.933340454],[704752.8166853689,5712712.696955788],[704762.3299568368,5712735.403459093],[704767.7174727073,5712751.079188004],[704781.7887596791,5712786.25940489],[704794.0657800541,5712817.842641485],[704798.5088993974,5712832.233692004],[704799.2692849096,5712834.695972117],[704808.4939345161,5712864.573493413],[704833.823729663,5712934.813544257],[704843.9945784379,5712964.058241055],[704848.5483174268,5712977.612767686],[704850.1584633102,5712982.4033546215],[704837.5759137031,5712988.638487114],[704825.1206357533,5712993.968002426],[704818.3785035535,5712996.669168748],[704840.3383207032,5713067.316467671],[704845.6588777142,5713084.380802182],[704849.3248363868,5713096.152250113],[704853.7198892743,5713108.449080501],[704859.3585659245,5713124.225246235],[704860.3023407577,5713128.057553964],[704860.967696016,5713130.3820205545],[704875.6892994876,5713182.034589281],[704883.8230947962,5713219.088293209],[704884.8875289328,5713226.07851279],[704887.9056207605,5713257.907533988],[704887.6146691687,5713274.146025343],[704886.246954155,5713294.184014023],[704883.3417755736,5713314.85452331],[704874.8494005847,5713360.089416027],[704872.4427170174,5713374.709606467],[704868.1756950855,5713398.932703268],[704861.8363174973,5713438.775690203],[704854.41898091,5713482.20289025],[704846.2095842113,5713530.297059021],[704843.1204040956,5713548.377601292],[704839.9118731967,5713565.952770032],[704834.145056568,5713596.720630513],[704837.8218602285,5713597.371981302],[704849.7467373516,5713599.602956142],[704902.6416562411,5713609.490762098],[704924.6646708346,5713613.342273227],[704955.402427348,5713618.720531183],[704955.6355886232,5713618.761500759],[704957.0978665946,5713619.017308391],[704960.8549745561,5713620.272501774],[704966.8162497001,5713622.345457165],[704967.0247201619,5713622.4179151775],[704967.7364373243,5713622.665528486],[704968.7114406113,5713623.004588689],[704970.2229575065,5713623.538863817],[704971.7486971775,5713624.064497497],[704972.9362254334,5713624.4739827495],[704973.3523650585,5713624.617582949],[704975.4044389398,5713625.013303233],[704976.8645020834,5713625.294801401],[705059.9990139941,5713641.324573258],[705087.9534499944,5713647.470874197],[705090.1998433551,5713647.966819592],[705116.3857531738,5713659.983585087],[705115.0043647924,5713662.473085563],[705136.8486511726,5713673.442461524],[705163.5948458454,5713683.762142093],[705185.5161406841,5713692.250506504],[705199.0696484242,5713695.967702011],[705210.4983922738,5713697.883429861],[705218.707619009,5713699.2637072895],[705218.6024376263,5713696.377863253]]]}},{"type":"Feature","properties":{"briefwbz":"90052","gid":56,"ogr_style":"","booth_id":"090052","municipality_id":"15002000","voting_mode":"B"},"geometry":{"type":"Polygon","coordinates":[[[702430.200213928,5708868.620570673],[702431.5384646379,5708872.935669614],[702432.6742295318,5708876.584010794],[702434.9499279475,5708883.936947067],[702435.0872314833,5708884.377189226],[702436.008112044,5708887.358691881],[702442.5025196378,5708908.292221114],[702442.7438068211,5708909.0720028],[702454.7164695065,5708947.692974065],[702458.6323900153,5708960.32344431],[702458.6817654247,5708960.486997543],[702461.126556477,5708968.710106183],[702468.4948847285,5708993.4675771585],[702473.3531882113,5709012.042439433],[702476.4287433949,5709023.818710177],[702477.8218598346,5709029.216602912],[702478.6317334187,5709036.726672541],[702484.5977442036,5709053.278987098],[702495.238714636,5709073.643670452],[702511.1809206719,5709097.243793446],[702525.6304319433,5709113.479652891],[702561.5969437752,5709143.825388409],[702565.3347584951,5709146.264028025],[702581.3623465269,5709155.969380146],[702602.3359336747,5709164.244331882],[702616.5232542753,5709168.403324106],[702629.6325448349,5709171.586445017],[702647.9570435351,5709176.771932912],[702650.1390782392,5709169.142144297],[702652.5797730891,5709160.815329547],[702655.9021749974,5709149.60555447],[702658.4897983059,5709144.812122033],[702665.7253835568,5709132.9804817205],[702667.279945304,5709130.659553072],[702668.8280384403,5709128.344407253],[702674.9956987153,5709119.990277753],[702679.5207775782,5709113.077828424],[702683.6071883753,5709107.016551077],[702687.8729954074,5709099.913306355],[702691.7197678544,5709093.183990228],[702695.0675450122,5709085.90032224],[702698.5669647392,5709078.1009599855],[702700.1585195559,5709074.726052849],[702701.9410558096,5709070.029666716],[702706.6617273267,5709057.132369635],[702709.4771150385,5709049.205861548],[702709.9823654217,5709047.785838348],[702713.5128420828,5709039.683507969],[702695.2110419436,5709025.767564208],[702688.6469673475,5709020.772556682],[702687.0628721846,5709019.571088124],[702672.9044824562,5709008.80589677],[702667.4842145864,5709002.572168892],[702661.8565384464,5708996.09411845],[702661.4944962452,5708995.681681026],[702640.8873949009,5708971.958723342],[702634.4339009774,5708959.720855477],[702633.2533092361,5708957.467978387],[702632.1753151058,5708955.436492603],[702623.5392831822,5708939.029242427],[702619.0625051896,5708930.530231323],[702617.197240433,5708923.318442804],[702617.0787988964,5708922.872620136],[702616.151600851,5708919.282435738],[702613.1165349574,5708907.582290759],[702635.0722158353,5708906.756289079],[702720.5047839694,5708902.205353133],[702844.9071596117,5708896.563648691],[702897.9093278175,5708894.166827998],[702899.3775061052,5708894.102715071],[702900.8273885726,5708894.0318647595],[703061.4500523373,5708886.652486258],[703080.6041146681,5708885.544006195],[703125.441751784,5708882.954876813],[703125.4403061164,5708882.687720624],[703126.8226945112,5708884.1107489485],[703130.0765426719,5708882.75377459],[703169.7766308186,5708880.35771268],[703234.9666959993,5708878.330091838],[703307.6104205839,5708874.596118707],[703309.6465926935,5708874.008824968],[703321.9072988478,5708885.925949353],[703359.01784665,5708919.41760275],[703324.6326733456,5708957.267805339],[703320.9579587602,5708961.315025112],[703327.9230573082,5708968.649113457],[703359.9556850593,5708998.76530627],[703397.2325452411,5709033.804016767],[703399.7147629748,5709036.271874138],[703404.2794967149,5709040.806190684],[703421.0311839334,5709059.5087617105],[703422.7610545352,5709066.087850651],[703418.9776306662,5709072.937638858],[703412.3260106588,5709080.371753746],[703374.9220358266,5709122.17814913],[703414.6272087821,5709149.187235865],[703452.9193853799,5709181.274204425],[703453.116883551,5709181.456296232],[703545.8153797333,5709270.491937887],[703559.5298428477,5709282.394129518],[703541.2619951738,5709300.660224689],[703542.920423636,5709321.2466067355],[703648.445428545,5709420.663896603],[703586.4081424049,5709481.18342411],[703607.3269655965,5709508.061762161],[703797.4737738739,5709313.670869569],[703888.8630002809,5709220.826516039],[704059.6206375228,5709047.660895644],[704069.7064554413,5709033.561416408],[704114.756349831,5708972.351102781],[704154.0820530264,5708940.932087552],[704195.8445747115,5708911.115941931],[704210.9890420325,5708895.721077087],[704215.2292557191,5708853.355519054],[704373.2896101112,5708604.861186059],[704380.2753316534,5708587.616231391],[704371.9920810707,5708583.047566597],[704360.7076259723,5708576.5484517],[703984.3559756646,5708321.33528288],[703983.8213494092,5708321.046322334],[703983.2285151104,5708320.661686017],[703982.6516718266,5708320.191014663],[703924.9694477152,5708280.421887605],[703674.2826724538,5708119.496637279],[703519.3454776623,5708065.598436064],[703260.8163234013,5708055.5002870485],[703260.0164993596,5708055.467489484],[703077.823739713,5708050.331459301],[703065.0579405274,5708049.975745795],[702845.7108032331,5708074.509517526],[702776.9659872705,5708082.204214177],[702775.4260480048,5708084.02283819],[702774.212152887,5708085.45724205],[702557.0951854461,5708342.439169019],[702432.5750373352,5708504.365802035],[702363.4209868296,5708594.277600041],[702356.9266398182,5708602.724024222],[702350.3931164586,5708611.218509365],[702430.200213928,5708868.620570673]]]}},{"type":"Feature","properties":{"briefwbz":"90055","gid":57,"ogr_style":"","booth_id":"090055","municipality_id":"15002000","voting_mode":"B"},"geometry":{"type":"Polygon","coordinates":[[[703520.2381379846,5705810.013322956],[703472.2512120293,5705747.485073477],[703468.9180765089,5705743.349063341],[703460.8196639965,5705737.303688966],[703461.6256988248,5705733.697746406],[703302.2377197274,5705584.157252878],[703221.1730666711,5705526.539075644],[702723.4532901171,5705167.158003797],[702687.4578936085,5705148.257972753],[702644.8162499713,5705134.464210427],[702641.0931584664,5705146.29780607],[702633.3480750609,5705158.331928979],[702620.6761480914,5705172.251010309],[702626.7136581826,5705232.274483654],[702628.4428823389,5705244.176461952],[702633.7318686583,5705280.58221061],[702635.2941491039,5705291.30620503],[702640.5823702893,5705327.731902457],[702641.3007534638,5705332.670981179],[702591.158884966,5705361.359397681],[702547.4935526932,5705367.571952411],[702528.3946310612,5705370.282307721],[702527.2593594587,5705365.135961909],[702523.5197838478,5705348.19197837],[702520.3586028774,5705322.7536562],[702511.7382147335,5705319.147242744],[702509.1809744082,5705321.584836629],[702510.1529124139,5705326.809526878],[702510.8235003296,5705332.427212131],[702514.6972699419,5705350.127459306],[702514.816680468,5705366.137334545],[702515.860269031,5705380.968989203],[702516.3680558022,5705397.149898662],[702517.239993748,5705402.615776214],[702518.9961124334,5705413.007426903],[702520.863341941,5705448.156797739],[702523.2915152067,5705472.674225623],[702526.3269511978,5705484.209307935],[702525.3642111028,5705484.620276636],[702524.4014710118,5705485.03124533],[702522.149637033,5705485.99174129],[702517.6573553024,5705487.907701582],[702500.8430352161,5705495.075830577],[702476.3772237481,5705505.52363219],[702436.2295053308,5705515.904134225],[702403.9266919114,5705524.269008304],[702392.9701524354,5705527.107917533],[702379.3671773968,5705530.654168015],[702371.5826825411,5705532.662797918],[702374.5793276929,5705541.285599172],[702374.467433494,5705541.895967709],[702374.6436192489,5705541.840937022],[702394.2677874481,5705588.190220694],[702453.7318632603,5705700.229683282],[702513.5849405577,5705802.777477939],[702742.1978952399,5706196.007773989],[702784.9874570956,5706275.332326487],[702820.1133488241,5706346.337899259],[702842.0558921681,5706409.295112336],[702844.9378666523,5706424.429128717],[702851.2041667153,5706454.718246979],[702861.8371016531,5706512.703184719],[702861.8462872474,5706561.253953386],[702862.6384519057,5706688.401107248],[702841.3482860096,5706914.743320772],[702828.2343149604,5707076.009911633],[702833.3311913955,5707076.808797623],[702832.6804069782,5707081.017291082],[702838.8766404119,5707082.109776231],[702832.7330273372,5707122.142885538],[702831.8343230726,5707127.8564299755],[702830.25014094,5707138.019643464],[702828.3135164741,5707150.416365705],[702828.1791529027,5707151.267678879],[702827.5889333092,5707155.062859761],[702898.8350821012,5707172.838573484],[703389.5215841645,5707301.559888702],[703395.5836008559,5707275.788157329],[703277.7327280196,5707244.9293535985],[703268.3228131686,5707242.543845796],[703288.4854488916,5707165.793954261],[703296.8968929037,5707168.144567974],[703331.8053751707,5707176.945588632],[703332.9799432937,5707172.827236341],[703397.4300537505,5706918.5821006065],[703416.7922595317,5706846.811799352],[703426.4218736065,5706809.486159048],[703470.2247240276,5706822.417120431],[703474.6532299829,5706813.828913969],[703488.1026569187,5706795.842041169],[703529.4132988784,5706731.327551159],[703542.3977868991,5706739.206908952],[703552.4649748736,5706745.219932477],[703563.6754836295,5706753.149701736],[703599.6627524607,5706692.597909961],[703549.8073036148,5706663.527386008],[703566.543850154,5706633.6846162705],[703578.6237791737,5706622.9393050885],[703695.7826447823,5706692.862111222],[703747.2361435695,5706723.308796913],[703769.188878116,5706736.920831613],[703781.7928199018,5706739.556248742],[703861.2556717126,5706747.316331028],[703871.3493587542,5706746.241266758],[703875.319182473,5706749.872327009],[703882.1555426831,5706752.320247258],[703914.8678417902,5706757.88221015],[703915.3600531018,5706756.085489689],[703931.9758529612,5706717.065424586],[703940.2839465172,5706697.552098571],[703992.9615432947,5706621.135055105],[704057.4755760223,5706561.22533869],[704084.3188961955,5706541.304603566],[704101.2752311804,5706530.486095559],[703978.2234978806,5706406.833778064],[703626.2726805322,5705948.191168494],[703520.2381379846,5705810.013322956]]]}},{"type":"Feature","properties":{"briefwbz":"90056","gid":58,"ogr_style":"","booth_id":"090056","municipality_id":"15002000","voting_mode":"B"},"geometry":{"type":"Polygon","coordinates":[[[705062.2939218488,5710518.64324007],[705181.6057632952,5710306.3300659675],[705179.2527058065,5710266.19662355],[705166.1472992467,5710219.610513852],[705126.8493138442,5710164.951353734],[705054.6979289874,5710105.938836682],[704885.39031323,5710011.90935252],[704866.8149183127,5710062.19496307],[704843.6257190874,5710127.307716868],[704736.8407520234,5710180.483419991],[704617.5918276276,5710196.11062709],[704606.0564994947,5710196.637271737],[704587.8864565174,5710200.40066199],[704462.9420398963,5710269.3441792065],[704448.5599776814,5710278.262114978],[704391.3719679818,5710330.466438358],[704335.6306263035,5710383.736088961],[704331.2486166004,5710393.064130847],[704164.2888480972,5710388.215481722],[704060.7012757299,5710387.971971325],[703895.3239227739,5710381.188539053],[703740.456937182,5710374.339540455],[703324.6792777759,5710359.284693385],[703051.7295394123,5710437.1731131775],[703012.2254576298,5710448.562946308],[702966.1176692744,5710450.174185262],[702880.3995931075,5710587.795183646],[702818.1575331234,5710653.30485006],[702746.3089746985,5710769.9705310995],[702661.1668454295,5710966.666748411],[703091.4321984744,5711116.4367174385],[703145.0703047462,5711138.658446297],[703134.5415615027,5711212.2946505],[703130.1964017672,5711318.216243348],[703139.9769498116,5711409.204303868],[703159.1160703459,5711516.089311801],[703192.0594053254,5711591.508909095],[703215.0600826112,5711653.007307014],[703230.1676270119,5711650.627678729],[703221.7188798675,5711685.815325138],[703221.3294844076,5711695.307081782],[703226.0027463065,5711740.03774739],[703227.0251959856,5711776.117044207],[703227.6358422905,5711858.718020276],[703239.4928345397,5711874.717297105],[703256.4364767666,5711937.4764856035],[703355.0524534083,5712205.266186134],[703479.8698108336,5712102.790457845],[703747.6401225572,5711895.067653667],[703822.451127657,5711852.591600898],[703888.5880653838,5711826.278687876],[703948.9305917975,5711807.236113649],[704003.7785729037,5711799.972444779],[704063.5310477791,5711807.429144226],[704123.5847399384,5711831.914061209],[704291.493024849,5711923.384673168],[704344.5944392532,5711946.584702066],[704402.8055785832,5711954.978008197],[704451.5353541106,5711950.469010098],[704514.5795700208,5711938.542306051],[704567.9026860483,5711919.708590554],[704621.5536135365,5711892.883281602],[704703.2824501824,5711828.172875983],[704740.9710891108,5711775.665734069],[704754.1627720972,5711698.132799676],[704747.3007446663,5711609.269389954],[704719.4978652179,5711530.551380361],[704698.5096989912,5711456.621630278],[704689.3068528973,5711363.656599195],[704698.2227168055,5711304.969912593],[704725.6365304973,5711234.522415625],[704786.7539474728,5711135.437528244],[704852.2292615902,5711040.027464882],[704903.1993319478,5710956.535980383],[704938.0202196254,5710912.921991629],[704954.4088802421,5710891.572911527],[704961.9534514588,5710805.300116978],[704998.5634508543,5710669.17209082],[705032.3265194034,5710589.4250990655],[705062.2939218488,5710518.64324007]]]}},{"type":"Feature","properties":{"briefwbz":"90058","gid":59,"ogr_style":"","booth_id":"090058","municipality_id":"15002000","voting_mode":"B"},"geometry":{"type":"Polygon","coordinates":[[[706236.9569950178,5704376.262325478],[706333.698647729,5704400.012543585],[706332.3834282365,5704412.452948088],[706327.5834863121,5704457.884849212],[706322.6960199222,5704504.1089046495],[706318.1514693615,5704547.09384304],[706313.7761080763,5704587.1730183745],[706410.9223265151,5704597.40516552],[706401.582061045,5704671.931854406],[706418.8713829597,5704689.656366783],[706427.2216816925,5704693.501191384],[706436.6933369336,5704694.386296759],[706461.4425183103,5704688.898726048],[706499.2320374439,5704694.949963661],[706507.1521306485,5704648.232210125],[706550.3481795061,5704400.2590973135],[706553.0202284498,5704383.855621393],[706590.4513282689,5704166.678451633],[706597.6026771455,5704126.437396209],[706603.0556028866,5704091.126080604],[706618.3431903534,5704072.2339671],[706667.2220413263,5704039.702211],[706689.016710624,5704008.563211409],[706724.1944100366,5703943.940662296],[706777.0875713812,5703838.007111744],[706755.0662366928,5703727.997073196],[706739.6059787918,5703660.3501077965],[706738.0941744406,5703653.735424768],[706730.3270504217,5703623.384369641],[706426.1801457158,5703565.060597676],[706355.7193019146,5703552.821559236],[706307.8921995778,5703543.710834729],[706263.4590987058,5703535.798632666],[706232.8978525031,5703531.897621289],[706211.8006883977,5703529.708921301],[706184.8326356623,5703528.603695869],[706151.9620544435,5703528.051150599],[706130.0489964396,5703527.682590215],[706101.9681559902,5703528.210730763],[706083.0048626815,5703529.197636496],[706056.6676711466,5703532.090684406],[706027.9180993071,5703535.679568888],[705998.8501426436,5703540.579543059],[705644.6396501167,5703614.927167328],[705650.8452427492,5703646.710722841],[705656.543643377,5703675.202617995],[705658.2832166528,5703682.761816509],[705660.9534192097,5703694.536779157],[705663.8005177168,5703705.845885192],[705667.9282495008,5703720.518063673],[705677.0208748917,5703748.869570412],[705677.0691326412,5703749.041143319],[705686.9741114732,5703778.916135287],[705692.2932721782,5703795.292349],[705698.773994031,5703817.942864667],[705704.6189551499,5703840.725068717],[705713.839702127,5703892.526779812],[705714.9655398763,5703901.577716002],[705716.1380678588,5703909.637004638],[705727.3821948271,5704123.796617177],[705730.410488665,5704177.413292649],[705914.2042888444,5704173.940790315],[705973.9017745298,5704172.709762221],[705973.8400633867,5704363.289417519],[706236.9569950178,5704376.262325478]]]}},{"type":"Feature","properties":{"briefwbz":"90060","gid":60,"ogr_style":"","booth_id":"090060","municipality_id":"15002000","voting_mode":"B"},"geometry":{"type":"Polygon","coordinates":[[[706910.9593682088,5706676.711368435],[706918.7628309869,5706608.464116342],[706743.2099024184,5706581.251120704],[706737.9256744436,5706649.098490698],[706735.4823161993,5706733.078536437],[706604.7126490608,5706712.203999628],[706428.3464932237,5706680.449075283],[706408.399236179,5706678.631340219],[706345.585724294,5706660.536817097],[706324.2199996834,5706656.66133606],[706294.9348677677,5706662.968714519],[706255.4607904837,5706661.350323648],[706243.7115225168,5706703.90530216],[706238.3908873688,5706723.708924805],[706249.2756973298,5706775.70606103],[706259.7503177202,5706813.167133801],[706266.2668507849,5706849.472182142],[706264.5871602126,5706890.440352623],[706260.5573495309,5706964.344297893],[706258.1399594708,5707023.304273339],[706237.0807393874,5707158.568587002],[706240.73583834,5707179.237029678],[706226.4212168407,5707186.661185248],[706210.6310977815,5707205.53242384],[706195.4091697858,5707234.934619096],[706226.3687847686,5707236.707062338],[706263.7174928323,5707241.237936731],[706301.6090803199,5707244.797445573],[706457.2076427358,5707275.204663492],[706479.8548251201,5707279.629631566],[706519.000583071,5707288.9540518755],[706520.1935013095,5707280.761857974],[706523.951953693,5707255.13126367],[706526.3834000422,5707255.510216594],[706559.7185878896,5707260.385997329],[706586.6076690259,5707251.477508187],[706609.0634658434,5707240.8844004115],[706627.1063660672,5707228.110879585],[706650.4881947726,5707207.048048341],[706698.6969324222,5707166.484709437],[706715.1641467157,5707160.483934281],[706707.6537007113,5707150.997154646],[706703.2257666751,5707145.394208968],[706696.529137684,5707137.412667561],[706695.522807286,5707136.210076514],[706691.0392042683,5707124.0840126155],[706690.3959917402,5707122.355997223],[706685.6333056932,5707106.13840953],[706682.0111118287,5707091.029514708],[706681.0108142126,5707079.983998852],[706680.1886034433,5707068.989161386],[706681.6890048827,5707058.896967454],[706699.944536604,5706981.409045131],[706725.9154751219,5706885.687558218],[706730.2078714223,5706873.995970554],[706785.6960899639,5706887.784585034],[706880.9496818387,5706908.203013847],[707001.4343082851,5706923.656832577],[707086.9150033519,5706926.155585093],[707159.8413608837,5706929.648626055],[707187.7491533675,5706920.284952272],[707189.9107229621,5706879.833221327],[707201.5089363917,5706670.104575754],[707205.4009993381,5706575.17302306],[707069.0762479831,5706555.5736532705],[707067.1346709369,5706700.633404712],[706910.9593682088,5706676.711368435]]]}}]}